2025-10-20 20:38:30,234 - INFO - 📝 Log iniciado: logs\20_20_38_sa.log
2025-10-20 20:38:30,236 - INFO - 🔗 Modo 2: Algoritmo Híbrido (GA + SA)
2025-10-20 20:38:30,237 - INFO - ================================================================================
2025-10-20 20:38:30,237 - INFO - FASE 1: ALGORITMO GENÉTICO (Exploración Global)
2025-10-20 20:38:30,237 - INFO - ================================================================================
2025-10-20 20:38:30,242 - INFO - ⏳ Ejecutando GA por 2 hora(s)...
2025-10-20 20:38:30,242 - INFO -    (Esto puede tardar. Si se cuelga, usa Ctrl+C y ejecuta modo 1)
2025-10-20 20:38:30,243 - INFO - 
2025-10-20 22:38:34,201 - INFO - 
2025-10-20 22:38:34,201 - INFO - ✅ GA completado exitosamente
2025-10-20 22:38:34,223 - INFO - ================================================================================
2025-10-20 22:38:34,224 - INFO - FASE 2: ENFRIAMIENTO SIMULADO (Refinamiento Local)
2025-10-20 22:38:34,224 - INFO - ================================================================================
2025-10-20 22:38:34,225 - INFO - ================================================================================
2025-10-20 22:38:34,225 - INFO - 🔗 ENFRIAMIENTO SIMULADO DESDE ALGORITMO GENÉTICO (HÍBRIDO GA+SA)
2025-10-20 22:38:34,226 - INFO - ================================================================================
2025-10-20 22:38:34,226 - INFO - 📍 Estrategia: Partir del MEJOR individuo del GA
2025-10-20 22:38:34,226 - INFO - 
2025-10-20 22:38:34,227 - INFO - 💡 Configuración OPTIMIZADA de refinamiento:
2025-10-20 22:38:34,227 - INFO -   • Temperatura inicial: 10 (baja para refinamiento local)
2025-10-20 22:38:34,227 - INFO -   • Enfriamiento: Adaptativo (lineal por tiempo)
2025-10-20 22:38:34,228 - INFO -   • Tiempo máximo: 120.0 minutos (2.0 horas)
2025-10-20 22:38:34,228 - INFO -   • Vecindad adaptativa: 5 tipos de perturbaciones con probabilidades dinámicas
2025-10-20 22:38:34,228 - INFO -   • Estrategia: Perturbaciones conservadoras que preservan calidad del GA
2025-10-20 22:38:34,229 - INFO - ================================================================================
2025-10-20 22:38:34,229 - INFO - 🔥 INICIANDO ENFRIAMIENTO SIMULADO
2025-10-20 22:38:34,229 - INFO - ================================================================================
2025-10-20 22:38:34,230 - INFO - 🚀 Usando solución inicial proporcionada (warm start)...
2025-10-20 22:38:34,230 - INFO -   • Fitness reportado por el GA: 163.4
2025-10-20 22:38:34,230 - INFO -   • Puntos reportados por el GA: 17690
2025-10-20 22:38:34,231 - INFO - Usando solución inicial proporcionada - Fitness: 163.4, Puntos: 17690
2025-10-20 22:38:34,231 - DEBUG -   • Fitness después de copia (sin cambios): 163.4
2025-10-20 22:38:34,231 - DEBUG - Copia profunda realizada - Fitness: 163.4
2025-10-20 22:38:34,231 - INFO -   ✅ La solución del GA es válida (sin duplicados).
2025-10-20 22:38:34,231 - INFO - 📊 Configuración para Enfriamiento Simulado:
2025-10-20 22:38:34,232 - INFO -   • Temperatura inicial: 10.0
2025-10-20 22:38:34,232 - INFO -   • Temperatura mínima: 0.1
2025-10-20 22:38:34,232 - INFO -   • Tipo de enfriamiento: 🔄 ADAPTATIVO (lineal por tiempo)
2025-10-20 22:38:34,233 - INFO -   • Máx. tiempo: 120.0 minutos (2.0 horas)
2025-10-20 22:38:34,235 - INFO -   • Máx. iter. sin mejora: 999,999
2025-10-20 22:38:34,236 - INFO -   • Usar optimización 2-opt: ✅ SÍ
2025-10-20 22:38:34,236 - INFO -   • Fitness inicial (REAL): 163.4
2025-10-20 22:38:34,236 - INFO -   • Puntos iniciales (REAL): 17690
2025-10-20 22:38:34,237 - INFO - ================================================================================
2025-10-20 22:38:35,303 - INFO - 🔄 Iniciando búsqueda...
2025-10-20 22:38:35,303 - INFO - Iniciando búsqueda por vecindario
2025-10-20 22:38:35,303 - INFO - Configuración: T_inicial=10, alpha=0.98, max_tiempo=7200s, usar_2opt=True
2025-10-20 22:38:35,304 - INFO - --- Cambiando a Fase: Inicial (Exploración) (Progreso: 0.0%) ---
2025-10-20 22:38:35,306 - DEBUG - Iter 0: T=10.00, Fitness_actual=163.4, Mejor=163.4
2025-10-20 22:38:36,207 - WARNING - ================================================================================
2025-10-20 22:38:36,208 - WARNING - ⚠️  SALTO ANORMAL DETECTADO en iteración 14
2025-10-20 22:38:36,208 - WARNING -    Fitness actual: 153.5
2025-10-20 22:38:36,208 - WARNING -    Fitness vecino: 66.1
2025-10-20 22:38:36,209 - WARNING -    Delta: -87.4
2025-10-20 22:38:36,209 - WARNING -    Temperatura: 9.99
2025-10-20 22:38:36,209 - WARNING -    Tipo perturbación aplicada: (ver generar_vecino)
2025-10-20 22:38:36,210 - WARNING -    Vecino - Puntos: 17735, Tiempo: 18581.9min, Distancia: 461.8km
2025-10-20 22:38:36,210 - WARNING -    Actual - Puntos: 17646, Tiempo: 14445.0min, Distancia: 138.7km
2025-10-20 22:38:36,210 - WARNING -    Validez restricciones - Vecino: True, Actual: True
2025-10-20 22:38:36,210 - WARNING - ================================================================================
2025-10-20 22:38:36,211 - WARNING - ⚠️  SALTO ANORMAL DETECTADO en iteración 14
2025-10-20 22:38:36,211 - WARNING -    Fitness: 153.5 → 66.1 (Δ=-87.4)
2025-10-20 22:38:36,211 - WARNING -    Ver detalles en archivo de log
2025-10-20 22:38:36,427 - WARNING - ================================================================================
2025-10-20 22:38:36,428 - WARNING - ⚠️  SALTO ANORMAL DETECTADO en iteración 19
2025-10-20 22:38:36,428 - WARNING -    Fitness actual: 152.6
2025-10-20 22:38:36,428 - WARNING -    Fitness vecino: 132.4
2025-10-20 22:38:36,429 - WARNING -    Delta: -20.2
2025-10-20 22:38:36,429 - WARNING -    Temperatura: 9.99
2025-10-20 22:38:36,429 - WARNING -    Tipo perturbación aplicada: (ver generar_vecino)
2025-10-20 22:38:36,429 - WARNING -    Vecino - Puntos: 17415, Tiempo: 15371.2min, Distancia: 202.2km
2025-10-20 22:38:36,430 - WARNING -    Actual - Puntos: 17655, Tiempo: 14441.1min, Distancia: 134.7km
2025-10-20 22:38:36,430 - WARNING -    Validez restricciones - Vecino: True, Actual: True
2025-10-20 22:38:36,430 - WARNING - ================================================================================
2025-10-20 22:38:36,431 - WARNING - ⚠️  SALTO ANORMAL DETECTADO en iteración 19
2025-10-20 22:38:36,431 - WARNING -    Fitness: 152.6 → 132.4 (Δ=-20.2)
2025-10-20 22:38:36,431 - WARNING -    Ver detalles en archivo de log
2025-10-20 22:38:40,159 - DEBUG - Iter 100: T=9.98, Fitness_actual=104.3, Mejor=163.4
2025-10-20 22:38:42,128 - INFO - Iter 143: Aceptada solución con delta=+12.1 (T=9.97)
2025-10-20 22:38:42,129 - INFO -   📊 Desglose del cambio:
2025-10-20 22:38:42,129 - INFO -      Puntos: -30 → 13334 total
2025-10-20 22:38:42,129 - INFO -      Tiempo: -432.0min → 15511.6min total
2025-10-20 22:38:42,130 - INFO -      Distancia: -4.7km → 177.4km total
2025-10-20 22:38:42,467 - WARNING - ⚠️  DEGRADACIÓN DETECTADA en iter 150:
2025-10-20 22:38:42,468 - WARNING -    Mejor fitness: 163.4
2025-10-20 22:38:42,468 - WARNING -    Fitness promedio reciente: 93.9
2025-10-20 22:38:42,469 - WARNING -    Degradación: 69.6
2025-10-20 22:38:42,469 - WARNING -    🔄 RESTAURANDO mejor solución...
2025-10-20 22:38:42,473 - INFO - Iter 150: Aceptada solución con delta=-11.5 (T=9.97)
2025-10-20 22:38:42,474 - INFO -   📊 Desglose del cambio:
2025-10-20 22:38:42,474 - INFO -      Puntos: -106 → 17584 total
2025-10-20 22:38:42,475 - INFO -      Tiempo: +241.4min → 14782.1min total
2025-10-20 22:38:42,475 - INFO -      Distancia: +0.1km → 139.3km total
2025-10-20 22:38:44,587 - WARNING - ⚠️  DEGRADACIÓN DETECTADA en iter 200:
2025-10-20 22:38:44,587 - WARNING -    Mejor fitness: 163.4
2025-10-20 22:38:44,588 - WARNING -    Fitness promedio reciente: 141.5
2025-10-20 22:38:44,588 - WARNING -    Degradación: 22.0
2025-10-20 22:38:44,588 - WARNING -    🔄 RESTAURANDO mejor solución...
2025-10-20 22:38:44,592 - DEBUG - Iter 200: T=9.96, Fitness_actual=163.4, Mejor=163.4
2025-10-20 22:38:46,493 - WARNING - ⚠️  DEGRADACIÓN DETECTADA en iter 250:
2025-10-20 22:38:46,493 - WARNING -    Mejor fitness: 163.4
2025-10-20 22:38:46,494 - WARNING -    Fitness promedio reciente: 143.3
2025-10-20 22:38:46,494 - WARNING -    Degradación: 20.2
2025-10-20 22:38:46,494 - WARNING -    🔄 RESTAURANDO mejor solución...
2025-10-20 22:38:48,044 - INFO - Iter 287: Aceptada solución con delta=-13.0 (T=9.94)
2025-10-20 22:38:48,044 - INFO -   📊 Desglose del cambio:
2025-10-20 22:38:48,044 - INFO -      Puntos: -850 → 15028 total
2025-10-20 22:38:48,044 - INFO -      Tiempo: -753.7min → 13550.9min total
2025-10-20 22:38:48,045 - INFO -      Distancia: -7.4km → 196.7km total
2025-10-20 22:38:48,635 - WARNING - ⚠️  DEGRADACIÓN DETECTADA en iter 300:
2025-10-20 22:38:48,636 - WARNING -    Mejor fitness: 163.4
2025-10-20 22:38:48,636 - WARNING -    Fitness promedio reciente: 135.8
2025-10-20 22:38:48,636 - WARNING -    Degradación: 27.6
2025-10-20 22:38:48,637 - WARNING -    🔄 RESTAURANDO mejor solución...
2025-10-20 22:38:48,639 - DEBUG - Iter 300: T=9.94, Fitness_actual=163.4, Mejor=163.4
2025-10-20 22:38:53,105 - WARNING - ⚠️  DEGRADACIÓN DETECTADA en iter 400:
2025-10-20 22:38:53,105 - WARNING -    Mejor fitness: 163.4
2025-10-20 22:38:53,106 - WARNING -    Fitness promedio reciente: 126.0
2025-10-20 22:38:53,106 - WARNING -    Degradación: 37.4
2025-10-20 22:38:53,106 - WARNING -    🔄 RESTAURANDO mejor solución...
2025-10-20 22:38:53,107 - DEBUG - Iter 400: T=9.92, Fitness_actual=163.4, Mejor=163.4
2025-10-20 22:38:53,151 - INFO - 🌟 MEJORA #1 en iter 401: Fitness=163.4 (+0.0), Puntos=17692
2025-10-20 22:38:57,254 - INFO -   Iter   500 | Tiempo:    0.4min ( 0.3%) | T =     9.91 | Fitness =    107.4 | Mejor =    163.4 | Aceptación =  95.2%
2025-10-20 22:38:57,254 - INFO - Progreso iter 500: T=9.91, Fitness=107.4, Mejor=163.4, Tasa_acept=95.2%
2025-10-20 22:38:57,259 - DEBUG - Iter 500: T=9.91, Fitness_actual=107.4, Mejor=163.4
2025-10-20 22:38:59,407 - WARNING - ⚠️  DEGRADACIÓN DETECTADA en iter 550:
2025-10-20 22:38:59,408 - WARNING -    Mejor fitness: 163.4
2025-10-20 22:38:59,408 - WARNING -    Fitness promedio reciente: 107.3
2025-10-20 22:38:59,409 - WARNING -    Degradación: 56.2
2025-10-20 22:38:59,409 - WARNING -    🔄 RESTAURANDO mejor solución...
2025-10-20 22:38:59,911 - INFO - Iter 562: Aceptada solución con delta=-11.8 (T=9.89)
2025-10-20 22:38:59,911 - INFO -   📊 Desglose del cambio:
2025-10-20 22:38:59,912 - INFO -      Puntos: -199 → 17455 total
2025-10-20 22:38:59,912 - INFO -      Tiempo: +706.9min → 15168.7min total
2025-10-20 22:38:59,913 - INFO -      Distancia: +13.1km → 151.6km total
2025-10-20 22:39:01,529 - DEBUG - Iter 600: T=9.89, Fitness_actual=122.2, Mejor=163.4
2025-10-20 22:39:03,817 - WARNING - ⚠️  DEGRADACIÓN DETECTADA en iter 650:
2025-10-20 22:39:03,818 - WARNING -    Mejor fitness: 163.4
2025-10-20 22:39:03,818 - WARNING -    Fitness promedio reciente: 108.9
2025-10-20 22:39:03,818 - WARNING -    Degradación: 54.5
2025-10-20 22:39:03,819 - WARNING -    🔄 RESTAURANDO mejor solución...
2025-10-20 22:39:03,824 - INFO - 🌟 MEJORA #2 en iter 650: Fitness=163.4 (+0.0), Puntos=17692
2025-10-20 22:39:05,536 - INFO - Iter 689: Aceptada solución con delta=-12.0 (T=9.87)
2025-10-20 22:39:05,536 - INFO -   📊 Desglose del cambio:
2025-10-20 22:39:05,536 - INFO -      Puntos: -800 → 16265 total
2025-10-20 22:39:05,537 - INFO -      Tiempo: -351.2min → 14137.1min total
2025-10-20 22:39:05,537 - INFO -      Distancia: -5.1km → 136.0km total
2025-10-20 22:39:06,027 - DEBUG - Iter 700: T=9.87, Fitness_actual=124.4, Mejor=163.4
2025-10-20 22:39:10,512 - WARNING - ⚠️  DEGRADACIÓN DETECTADA en iter 800:
2025-10-20 22:39:10,512 - WARNING -    Mejor fitness: 163.4
2025-10-20 22:39:10,513 - WARNING -    Fitness promedio reciente: 111.1
2025-10-20 22:39:10,513 - WARNING -    Degradación: 52.3
2025-10-20 22:39:10,513 - WARNING -    🔄 RESTAURANDO mejor solución...
2025-10-20 22:39:10,515 - DEBUG - Iter 800: T=9.85, Fitness_actual=163.4, Mejor=163.4
2025-10-20 22:39:10,515 - INFO - 🌟 MEJORA #3 en iter 800: Fitness=163.4 (+0.0), Puntos=17692
2025-10-20 22:39:11,766 - INFO - Iter 829: Aceptada solución con delta=-10.5 (T=9.85)
2025-10-20 22:39:11,766 - INFO -   📊 Desglose del cambio:
2025-10-20 22:39:11,766 - INFO -      Puntos: +0 → 17460 total
2025-10-20 22:39:11,767 - INFO -      Tiempo: -234.8min → 13866.9min total
2025-10-20 22:39:11,767 - INFO -      Distancia: +0.4km → 129.3km total
2025-10-20 22:39:14,717 - DEBUG - Iter 900: T=9.83, Fitness_actual=112.9, Mejor=163.4
2025-10-20 22:39:16,837 - WARNING - ⚠️  DEGRADACIÓN DETECTADA en iter 950:
2025-10-20 22:39:16,837 - WARNING -    Mejor fitness: 163.4
2025-10-20 22:39:16,837 - WARNING -    Fitness promedio reciente: 113.0
2025-10-20 22:39:16,838 - WARNING -    Degradación: 50.5
2025-10-20 22:39:16,839 - WARNING -    🔄 RESTAURANDO mejor solución...
2025-10-20 22:39:16,926 - INFO - 🌟 MEJORA #4 en iter 952: Fitness=163.4 (+0.0), Puntos=17692
2025-10-20 22:39:18,982 - INFO -   Iter  1000 | Tiempo:    0.7min ( 0.6%) | T =     9.82 | Fitness =    133.7 | Mejor =    163.4 | Aceptación =  91.9%
2025-10-20 22:39:18,982 - INFO - Progreso iter 1000: T=9.82, Fitness=133.7, Mejor=163.4, Tasa_acept=91.9%
2025-10-20 22:39:18,985 - DEBUG - Iter 1000: T=9.82, Fitness_actual=133.7, Mejor=163.4
2025-10-20 22:39:23,306 - WARNING - ⚠️  DEGRADACIÓN DETECTADA en iter 1100:
2025-10-20 22:39:23,306 - WARNING -    Mejor fitness: 163.4
2025-10-20 22:39:23,307 - WARNING -    Fitness promedio reciente: 108.3
2025-10-20 22:39:23,307 - WARNING -    Degradación: 55.1
2025-10-20 22:39:23,307 - WARNING -    🔄 RESTAURANDO mejor solución...
2025-10-20 22:39:23,308 - DEBUG - Iter 1100: T=9.80, Fitness_actual=163.4, Mejor=163.4
2025-10-20 22:39:23,347 - INFO - 🌟 MEJORA #5 en iter 1101: Fitness=163.4 (+0.0), Puntos=17692
2025-10-20 22:39:23,347 - INFO -   ✨ Mejora #5 en iteración 1102: Fitness = 163.4 | Puntos = 17692 | T = 9.80
2025-10-20 22:39:27,545 - DEBUG - Iter 1200: T=9.78, Fitness_actual=116.8, Mejor=163.4
2025-10-20 22:39:29,867 - WARNING - ⚠️  DEGRADACIÓN DETECTADA en iter 1250:
2025-10-20 22:39:29,867 - WARNING -    Mejor fitness: 163.4
2025-10-20 22:39:29,868 - WARNING -    Fitness promedio reciente: 106.8
2025-10-20 22:39:29,868 - WARNING -    Degradación: 56.7
2025-10-20 22:39:29,868 - WARNING -    🔄 RESTAURANDO mejor solución...
2025-10-20 22:39:32,123 - DEBUG - Iter 1300: T=9.76, Fitness_actual=128.7, Mejor=163.4
2025-10-20 22:39:34,301 - WARNING - ⚠️  DEGRADACIÓN DETECTADA en iter 1350:
2025-10-20 22:39:34,302 - WARNING -    Mejor fitness: 163.4
2025-10-20 22:39:34,302 - WARNING -    Fitness promedio reciente: 114.5
2025-10-20 22:39:34,302 - WARNING -    Degradación: 48.9
2025-10-20 22:39:34,303 - WARNING -    🔄 RESTAURANDO mejor solución...
2025-10-20 22:39:34,304 - INFO - 🌟 MEJORA #6 en iter 1350: Fitness=163.6 (+0.1), Puntos=17704
2025-10-20 22:39:34,433 - INFO - Iter 1353: Aceptada solución con delta=-12.5 (T=9.75)
2025-10-20 22:39:34,433 - INFO -   📊 Desglose del cambio:
2025-10-20 22:39:34,434 - INFO -      Puntos: -106 → 17598 total
2025-10-20 22:39:34,434 - INFO -      Tiempo: +47.7min → 14579.2min total
2025-10-20 22:39:34,434 - INFO -      Distancia: -1.0km → 136.2km total
2025-10-20 22:39:36,547 - DEBUG - Iter 1400: T=9.75, Fitness_actual=128.5, Mejor=163.6
2025-10-20 22:39:36,959 - INFO - Iter 1409: Aceptada solución con delta=-10.2 (T=9.74)
2025-10-20 22:39:36,960 - INFO -   📊 Desglose del cambio:
2025-10-20 22:39:36,960 - INFO -      Puntos: -669 → 15699 total
2025-10-20 22:39:36,961 - INFO -      Tiempo: +1015.7min → 14343.0min total
2025-10-20 22:39:36,961 - INFO -      Distancia: +15.8km → 148.5km total
2025-10-20 22:39:41,337 - INFO -   Iter  1500 | Tiempo:    1.1min ( 0.9%) | T =     9.73 | Fitness =     95.7 | Mejor =    163.6 | Aceptación =  92.1%
2025-10-20 22:39:41,337 - INFO - Progreso iter 1500: T=9.73, Fitness=95.7, Mejor=163.6, Tasa_acept=92.1%
2025-10-20 22:39:41,337 - WARNING - ⚠️  DEGRADACIÓN DETECTADA en iter 1500:
2025-10-20 22:39:41,338 - WARNING -    Mejor fitness: 163.6
2025-10-20 22:39:41,338 - WARNING -    Fitness promedio reciente: 98.6
2025-10-20 22:39:41,338 - WARNING -    Degradación: 65.0
2025-10-20 22:39:41,339 - WARNING -    🔄 RESTAURANDO mejor solución...
2025-10-20 22:39:41,343 - DEBUG - Iter 1500: T=9.73, Fitness_actual=163.6, Mejor=163.6
2025-10-20 22:39:41,343 - WARNING - ================================================================================
2025-10-20 22:39:41,343 - WARNING - ⚠️  SALTO ANORMAL DETECTADO en iteración 1500
2025-10-20 22:39:41,343 - WARNING -    Fitness actual: 163.6
2025-10-20 22:39:41,344 - WARNING -    Fitness vecino: 135.8
2025-10-20 22:39:41,344 - WARNING -    Delta: -27.8
2025-10-20 22:39:41,344 - WARNING -    Temperatura: 9.73
2025-10-20 22:39:41,345 - WARNING -    Tipo perturbación aplicada: (ver generar_vecino)
2025-10-20 22:39:41,345 - WARNING -    Vecino - Puntos: 17325, Tiempo: 16135.1min, Distancia: 244.2km
2025-10-20 22:39:41,345 - WARNING -    Actual - Puntos: 17704, Tiempo: 14531.4min, Distancia: 137.2km
2025-10-20 22:39:41,345 - WARNING -    Validez restricciones - Vecino: True, Actual: True
2025-10-20 22:39:41,346 - WARNING - ================================================================================
2025-10-20 22:39:41,346 - WARNING - ⚠️  SALTO ANORMAL DETECTADO en iteración 1500
2025-10-20 22:39:41,346 - WARNING -    Fitness: 163.6 → 135.8 (Δ=-27.8)
2025-10-20 22:39:41,346 - WARNING -    Ver detalles en archivo de log
2025-10-20 22:39:41,855 - INFO - Iter 1511: Aceptada solución con delta=-16.2 (T=9.73)
2025-10-20 22:39:41,855 - INFO -   📊 Desglose del cambio:
2025-10-20 22:39:41,856 - INFO -      Puntos: -128 → 17538 total
2025-10-20 22:39:41,856 - INFO -      Tiempo: -188.1min → 14279.4min total
2025-10-20 22:39:41,856 - INFO -      Distancia: -1.9km → 131.6km total
2025-10-20 22:39:42,141 - INFO - Iter 1517: Aceptada solución con delta=-11.0 (T=9.72)
2025-10-20 22:39:42,141 - INFO -   📊 Desglose del cambio:
2025-10-20 22:39:42,142 - INFO -      Puntos: -4 → 17540 total
2025-10-20 22:39:42,142 - INFO -      Tiempo: +343.7min → 14712.2min total
2025-10-20 22:39:42,143 - INFO -      Distancia: -0.1km → 131.4km total
2025-10-20 22:39:43,732 - WARNING - ⚠️  DEGRADACIÓN DETECTADA en iter 1550:
2025-10-20 22:39:43,732 - WARNING -    Mejor fitness: 163.6
2025-10-20 22:39:43,733 - WARNING -    Fitness promedio reciente: 137.4
2025-10-20 22:39:43,733 - WARNING -    Degradación: 26.2
2025-10-20 22:39:43,733 - WARNING -    🔄 RESTAURANDO mejor solución...
2025-10-20 22:39:46,152 - DEBUG - Iter 1600: T=9.71, Fitness_actual=141.5, Mejor=163.6
2025-10-20 22:39:48,451 - WARNING - ⚠️  DEGRADACIÓN DETECTADA en iter 1650:
2025-10-20 22:39:48,451 - WARNING -    Mejor fitness: 163.6
2025-10-20 22:39:48,452 - WARNING -    Fitness promedio reciente: 133.3
2025-10-20 22:39:48,452 - WARNING -    Degradación: 30.3
2025-10-20 22:39:48,452 - WARNING -    🔄 RESTAURANDO mejor solución...
2025-10-20 22:39:48,635 - INFO - Iter 1654: Aceptada solución con delta=-16.7 (T=9.70)
2025-10-20 22:39:48,635 - INFO -   📊 Desglose del cambio:
2025-10-20 22:39:48,636 - INFO -      Puntos: -234 → 17456 total
2025-10-20 22:39:48,636 - INFO -      Tiempo: -423.7min → 14213.3min total
2025-10-20 22:39:48,636 - INFO -      Distancia: -4.1km → 146.9km total
2025-10-20 22:39:50,801 - WARNING - ⚠️  DEGRADACIÓN DETECTADA en iter 1700:
2025-10-20 22:39:50,801 - WARNING -    Mejor fitness: 163.6
2025-10-20 22:39:50,802 - WARNING -    Fitness promedio reciente: 136.9
2025-10-20 22:39:50,802 - WARNING -    Degradación: 26.6
2025-10-20 22:39:50,802 - WARNING -    🔄 RESTAURANDO mejor solución...
2025-10-20 22:39:50,803 - DEBUG - Iter 1700: T=9.69, Fitness_actual=163.6, Mejor=163.6
2025-10-20 22:39:55,552 - WARNING - ⚠️  DEGRADACIÓN DETECTADA en iter 1800:
2025-10-20 22:39:55,552 - WARNING -    Mejor fitness: 163.6
2025-10-20 22:39:55,552 - WARNING -    Fitness promedio reciente: 137.8
2025-10-20 22:39:55,553 - WARNING -    Degradación: 25.8
2025-10-20 22:39:55,553 - WARNING -    🔄 RESTAURANDO mejor solución...
2025-10-20 22:39:55,555 - DEBUG - Iter 1800: T=9.67, Fitness_actual=163.6, Mejor=163.6
2025-10-20 22:39:55,555 - INFO - 🌟 MEJORA #7 en iter 1800: Fitness=163.6 (+0.0), Puntos=17705
2025-10-20 22:40:00,367 - DEBUG - Iter 1900: T=9.65, Fitness_actual=107.5, Mejor=163.6
2025-10-20 22:40:03,043 - WARNING - ⚠️  DEGRADACIÓN DETECTADA en iter 1950:
2025-10-20 22:40:03,044 - WARNING -    Mejor fitness: 163.6
2025-10-20 22:40:03,044 - WARNING -    Fitness promedio reciente: 108.0
2025-10-20 22:40:03,044 - WARNING -    Degradación: 55.6
2025-10-20 22:40:03,045 - WARNING -    🔄 RESTAURANDO mejor solución...
2025-10-20 22:40:05,502 - INFO -   Iter  2000 | Tiempo:    1.5min ( 1.3%) | T =     9.63 | Fitness =    141.6 | Mejor =    163.6 | Aceptación =  91.8%
2025-10-20 22:40:05,502 - INFO - Progreso iter 2000: T=9.63, Fitness=141.6, Mejor=163.6, Tasa_acept=91.8%
2025-10-20 22:40:05,506 - DEBUG - Iter 2000: T=9.63, Fitness_actual=141.6, Mejor=163.6
2025-10-20 22:40:07,917 - WARNING - ⚠️  DEGRADACIÓN DETECTADA en iter 2050:
2025-10-20 22:40:07,917 - WARNING -    Mejor fitness: 163.6
2025-10-20 22:40:07,917 - WARNING -    Fitness promedio reciente: 140.3
2025-10-20 22:40:07,918 - WARNING -    Degradación: 23.3
2025-10-20 22:40:07,918 - WARNING -    🔄 RESTAURANDO mejor solución...
2025-10-20 22:40:07,919 - INFO - 🌟 MEJORA #8 en iter 2050: Fitness=163.6 (+0.0), Puntos=17705
2025-10-20 22:40:07,965 - INFO - 🌟 MEJORA #9 en iter 2051: Fitness=163.6 (+0.0), Puntos=17705
2025-10-20 22:40:10,073 - DEBUG - Iter 2100: T=9.61, Fitness_actual=137.7, Mejor=163.6
2025-10-20 22:40:14,566 - WARNING - ⚠️  DEGRADACIÓN DETECTADA en iter 2200:
2025-10-20 22:40:14,567 - WARNING -    Mejor fitness: 163.6
2025-10-20 22:40:14,567 - WARNING -    Fitness promedio reciente: 117.0
2025-10-20 22:40:14,568 - WARNING -    Degradación: 46.6
2025-10-20 22:40:14,568 - WARNING -    🔄 RESTAURANDO mejor solución...
2025-10-20 22:40:14,571 - DEBUG - Iter 2200: T=9.59, Fitness_actual=163.6, Mejor=163.6
2025-10-20 22:40:14,660 - INFO - 🌟 MEJORA #10 en iter 2202: Fitness=163.7 (+0.1), Puntos=17718
2025-10-20 22:40:14,661 - INFO -   ✨ Mejora #10 en iteración 2203: Fitness = 163.7 | Puntos = 17718 | T = 9.59
2025-10-20 22:40:18,951 - DEBUG - Iter 2300: T=9.58, Fitness_actual=126.8, Mejor=163.7
2025-10-20 22:40:21,129 - WARNING - ⚠️  DEGRADACIÓN DETECTADA en iter 2350:
2025-10-20 22:40:21,129 - WARNING -    Mejor fitness: 163.7
2025-10-20 22:40:21,130 - WARNING -    Fitness promedio reciente: 115.2
2025-10-20 22:40:21,130 - WARNING -    Degradación: 48.5
2025-10-20 22:40:21,130 - WARNING -    🔄 RESTAURANDO mejor solución...
2025-10-20 22:40:23,314 - DEBUG - Iter 2400: T=9.56, Fitness_actual=148.8, Mejor=163.7
2025-10-20 22:40:25,707 - WARNING - ⚠️  DEGRADACIÓN DETECTADA en iter 2450:
2025-10-20 22:40:25,707 - WARNING -    Mejor fitness: 163.7
2025-10-20 22:40:25,708 - WARNING -    Fitness promedio reciente: 133.8
2025-10-20 22:40:25,708 - WARNING -    Degradación: 29.9
2025-10-20 22:40:25,708 - WARNING -    🔄 RESTAURANDO mejor solución...
2025-10-20 22:40:25,941 - INFO - Iter 2455: Aceptada solución con delta=-10.0 (T=9.55)
2025-10-20 22:40:25,942 - INFO -   📊 Desglose del cambio:
2025-10-20 22:40:25,942 - INFO -      Puntos: -4 → 17221 total
2025-10-20 22:40:25,942 - INFO -      Tiempo: +196.1min → 14501.0min total
2025-10-20 22:40:25,943 - INFO -      Distancia: +0.1km → 142.2km total
2025-10-20 22:40:26,758 - INFO - Iter 2473: Aceptada solución con delta=-12.3 (T=9.55)
2025-10-20 22:40:26,759 - INFO -   📊 Desglose del cambio:
2025-10-20 22:40:26,759 - INFO -      Puntos: -472 → 16038 total
2025-10-20 22:40:26,760 - INFO -      Tiempo: +1737.5min → 15913.5min total
2025-10-20 22:40:26,760 - INFO -      Distancia: +22.0km → 162.1km total
2025-10-20 22:40:26,816 - INFO - Iter 2474: Aceptada solución con delta=-10.2 (T=9.55)
2025-10-20 22:40:26,816 - INFO -   📊 Desglose del cambio:
2025-10-20 22:40:26,817 - INFO -      Puntos: -826 → 15212 total
2025-10-20 22:40:26,817 - INFO -      Tiempo: -632.6min → 15280.8min total
2025-10-20 22:40:26,817 - INFO -      Distancia: -7.7km → 154.4km total
2025-10-20 22:40:27,998 - INFO -   Iter  2500 | Tiempo:    1.9min ( 1.6%) | T =     9.54 | Fitness =     96.0 | Mejor =    163.7 | Aceptación =  91.6%
2025-10-20 22:40:27,999 - INFO - Progreso iter 2500: T=9.54, Fitness=96.0, Mejor=163.7, Tasa_acept=91.6%
2025-10-20 22:40:27,999 - WARNING - ⚠️  DEGRADACIÓN DETECTADA en iter 2500:
2025-10-20 22:40:27,999 - WARNING -    Mejor fitness: 163.7
2025-10-20 22:40:28,000 - WARNING -    Fitness promedio reciente: 124.4
2025-10-20 22:40:28,000 - WARNING -    Degradación: 39.3
2025-10-20 22:40:28,000 - WARNING -    🔄 RESTAURANDO mejor solución...
2025-10-20 22:40:28,001 - DEBUG - Iter 2500: T=9.54, Fitness_actual=163.7, Mejor=163.7
2025-10-20 22:40:32,636 - WARNING - ⚠️  DEGRADACIÓN DETECTADA en iter 2600:
2025-10-20 22:40:32,636 - WARNING -    Mejor fitness: 163.7
2025-10-20 22:40:32,637 - WARNING -    Fitness promedio reciente: 113.7
2025-10-20 22:40:32,637 - WARNING -    Degradación: 50.0
2025-10-20 22:40:32,638 - WARNING -    🔄 RESTAURANDO mejor solución...
2025-10-20 22:40:32,640 - DEBUG - Iter 2600: T=9.52, Fitness_actual=163.7, Mejor=163.7
2025-10-20 22:40:37,312 - WARNING - ⚠️  DEGRADACIÓN DETECTADA en iter 2700:
2025-10-20 22:40:37,312 - WARNING -    Mejor fitness: 163.7
2025-10-20 22:40:37,313 - WARNING -    Fitness promedio reciente: 130.3
2025-10-20 22:40:37,313 - WARNING -    Degradación: 33.5
2025-10-20 22:40:37,313 - WARNING -    🔄 RESTAURANDO mejor solución...
2025-10-20 22:40:37,316 - DEBUG - Iter 2700: T=9.51, Fitness_actual=163.7, Mejor=163.7
2025-10-20 22:40:41,845 - WARNING - ⚠️  DEGRADACIÓN DETECTADA en iter 2800:
2025-10-20 22:40:41,846 - WARNING -    Mejor fitness: 163.7
2025-10-20 22:40:41,846 - WARNING -    Fitness promedio reciente: 128.1
2025-10-20 22:40:41,846 - WARNING -    Degradación: 35.6
2025-10-20 22:40:41,846 - WARNING -    🔄 RESTAURANDO mejor solución...
2025-10-20 22:40:41,850 - DEBUG - Iter 2800: T=9.49, Fitness_actual=163.7, Mejor=163.7
2025-10-20 22:40:41,947 - WARNING - ================================================================================
2025-10-20 22:40:41,947 - WARNING - ⚠️  SALTO ANORMAL DETECTADO en iteración 2802
2025-10-20 22:40:41,947 - WARNING -    Fitness actual: 163.7
2025-10-20 22:40:41,948 - WARNING -    Fitness vecino: 116.9
2025-10-20 22:40:41,948 - WARNING -    Delta: -46.8
2025-10-20 22:40:41,948 - WARNING -    Temperatura: 9.49
2025-10-20 22:40:41,949 - WARNING -    Tipo perturbación aplicada: (ver generar_vecino)
2025-10-20 22:40:41,949 - WARNING -    Vecino - Puntos: 17769, Tiempo: 17224.9min, Distancia: 332.9km
2025-10-20 22:40:41,949 - WARNING -    Actual - Puntos: 17718, Tiempo: 14521.6min, Distancia: 136.4km
2025-10-20 22:40:41,950 - WARNING -    Validez restricciones - Vecino: True, Actual: True
2025-10-20 22:40:41,950 - WARNING - ================================================================================
2025-10-20 22:40:41,950 - WARNING - ⚠️  SALTO ANORMAL DETECTADO en iteración 2802
2025-10-20 22:40:41,950 - WARNING -    Fitness: 163.7 → 116.9 (Δ=-46.8)
2025-10-20 22:40:41,951 - WARNING -    Ver detalles en archivo de log
2025-10-20 22:40:42,368 - WARNING - ================================================================================
2025-10-20 22:40:42,368 - WARNING - ⚠️  SALTO ANORMAL DETECTADO en iteración 2811
2025-10-20 22:40:42,368 - WARNING -    Fitness actual: 161.7
2025-10-20 22:40:42,369 - WARNING -    Fitness vecino: 137.7
2025-10-20 22:40:42,369 - WARNING -    Delta: -24.0
2025-10-20 22:40:42,369 - WARNING -    Temperatura: 9.49
2025-10-20 22:40:42,370 - WARNING -    Tipo perturbación aplicada: (ver generar_vecino)
2025-10-20 22:40:42,370 - WARNING -    Vecino - Puntos: 17446, Tiempo: 16299.3min, Distancia: 175.5km
2025-10-20 22:40:42,370 - WARNING -    Actual - Puntos: 17718, Tiempo: 14502.9min, Distancia: 134.8km
2025-10-20 22:40:42,371 - WARNING -    Validez restricciones - Vecino: True, Actual: True
2025-10-20 22:40:42,371 - WARNING - ================================================================================
2025-10-20 22:40:42,371 - WARNING - ⚠️  SALTO ANORMAL DETECTADO en iteración 2811
2025-10-20 22:40:42,371 - WARNING -    Fitness: 161.7 → 137.7 (Δ=-24.0)
2025-10-20 22:40:42,372 - WARNING -    Ver detalles en archivo de log
2025-10-20 22:40:42,512 - INFO - Iter 2814: Aceptada solución con delta=-10.1 (T=9.48)
2025-10-20 22:40:42,512 - INFO -   📊 Desglose del cambio:
2025-10-20 22:40:42,512 - INFO -      Puntos: -64 → 17652 total
2025-10-20 22:40:42,513 - INFO -      Tiempo: -106.3min → 14391.1min total
2025-10-20 22:40:42,513 - INFO -      Distancia: -1.4km → 134.3km total
2025-10-20 22:40:46,480 - WARNING - ⚠️  DEGRADACIÓN DETECTADA en iter 2900:
2025-10-20 22:40:46,480 - WARNING -    Mejor fitness: 163.7
2025-10-20 22:40:46,481 - WARNING -    Fitness promedio reciente: 123.9
2025-10-20 22:40:46,481 - WARNING -    Degradación: 39.8
2025-10-20 22:40:46,481 - WARNING -    🔄 RESTAURANDO mejor solución...
2025-10-20 22:40:46,483 - DEBUG - Iter 2900: T=9.47, Fitness_actual=163.7, Mejor=163.7
2025-10-20 22:40:51,138 - INFO -   Iter  3000 | Tiempo:    2.3min ( 1.9%) | T =     9.45 | Fitness =    122.4 | Mejor =    163.7 | Aceptación =  91.3%
2025-10-20 22:40:51,138 - INFO - Progreso iter 3000: T=9.45, Fitness=122.4, Mejor=163.7, Tasa_acept=91.3%
2025-10-20 22:40:51,139 - WARNING - ⚠️  DEGRADACIÓN DETECTADA en iter 3000:
2025-10-20 22:40:51,139 - WARNING -    Mejor fitness: 163.7
2025-10-20 22:40:51,139 - WARNING -    Fitness promedio reciente: 131.2
2025-10-20 22:40:51,140 - WARNING -    Degradación: 32.5
2025-10-20 22:40:51,140 - WARNING -    🔄 RESTAURANDO mejor solución...
2025-10-20 22:40:51,143 - DEBUG - Iter 3000: T=9.45, Fitness_actual=163.7, Mejor=163.7
2025-10-20 22:40:55,903 - WARNING - ⚠️  DEGRADACIÓN DETECTADA en iter 3100:
2025-10-20 22:40:55,903 - WARNING -    Mejor fitness: 163.7
2025-10-20 22:40:55,904 - WARNING -    Fitness promedio reciente: 130.2
2025-10-20 22:40:55,904 - WARNING -    Degradación: 33.5
2025-10-20 22:40:55,905 - WARNING -    🔄 RESTAURANDO mejor solución...
2025-10-20 22:40:55,906 - DEBUG - Iter 3100: T=9.43, Fitness_actual=163.7, Mejor=163.7
2025-10-20 22:40:58,289 - WARNING - ⚠️  DEGRADACIÓN DETECTADA en iter 3150:
2025-10-20 22:40:58,289 - WARNING -    Mejor fitness: 163.7
2025-10-20 22:40:58,290 - WARNING -    Fitness promedio reciente: 140.6
2025-10-20 22:40:58,290 - WARNING -    Degradación: 23.1
2025-10-20 22:40:58,291 - WARNING -    🔄 RESTAURANDO mejor solución...
2025-10-20 22:41:00,570 - DEBUG - Iter 3200: T=9.41, Fitness_actual=135.1, Mejor=163.7
2025-10-20 22:41:02,920 - WARNING - ⚠️  DEGRADACIÓN DETECTADA en iter 3250:
2025-10-20 22:41:02,921 - WARNING -    Mejor fitness: 163.7
2025-10-20 22:41:02,921 - WARNING -    Fitness promedio reciente: 126.9
2025-10-20 22:41:02,921 - WARNING -    Degradación: 36.8
2025-10-20 22:41:02,922 - WARNING -    🔄 RESTAURANDO mejor solución...
2025-10-20 22:41:03,878 - INFO - Iter 3271: Aceptada solución con delta=-16.2 (T=9.40)
2025-10-20 22:41:03,878 - INFO -   📊 Desglose del cambio:
2025-10-20 22:41:03,879 - INFO -      Puntos: -128 → 17579 total
2025-10-20 22:41:03,879 - INFO -      Tiempo: -188.1min → 14170.6min total
2025-10-20 22:41:03,879 - INFO -      Distancia: -1.9km → 133.8km total
2025-10-20 22:41:05,286 - DEBUG - Iter 3300: T=9.40, Fitness_actual=138.3, Mejor=163.7
2025-10-20 22:41:07,669 - WARNING - ⚠️  DEGRADACIÓN DETECTADA en iter 3350:
2025-10-20 22:41:07,669 - WARNING -    Mejor fitness: 163.7
2025-10-20 22:41:07,670 - WARNING -    Fitness promedio reciente: 127.2
2025-10-20 22:41:07,670 - WARNING -    Degradación: 36.5
2025-10-20 22:41:07,671 - WARNING -    🔄 RESTAURANDO mejor solución...
2025-10-20 22:41:07,672 - INFO - 🌟 MEJORA #11 en iter 3350: Fitness=163.7 (+0.0), Puntos=17718
2025-10-20 22:41:10,109 - DEBUG - Iter 3400: T=9.38, Fitness_actual=121.2, Mejor=163.7
2025-10-20 22:41:14,824 - INFO -   Iter  3500 | Tiempo:    2.7min ( 2.2%) | T =     9.36 | Fitness =    127.7 | Mejor =    163.7 | Aceptación =  91.0%
2025-10-20 22:41:14,825 - INFO - Progreso iter 3500: T=9.36, Fitness=127.7, Mejor=163.7, Tasa_acept=91.0%
2025-10-20 22:41:14,825 - WARNING - ⚠️  DEGRADACIÓN DETECTADA en iter 3500:
2025-10-20 22:41:14,825 - WARNING -    Mejor fitness: 163.7
2025-10-20 22:41:14,826 - WARNING -    Fitness promedio reciente: 122.9
2025-10-20 22:41:14,826 - WARNING -    Degradación: 40.8
2025-10-20 22:41:14,826 - WARNING -    🔄 RESTAURANDO mejor solución...
2025-10-20 22:41:14,828 - DEBUG - Iter 3500: T=9.36, Fitness_actual=163.7, Mejor=163.7
2025-10-20 22:41:19,775 - WARNING - ⚠️  DEGRADACIÓN DETECTADA en iter 3600:
2025-10-20 22:41:19,775 - WARNING -    Mejor fitness: 163.7
2025-10-20 22:41:19,776 - WARNING -    Fitness promedio reciente: 133.4
2025-10-20 22:41:19,776 - WARNING -    Degradación: 30.3
2025-10-20 22:41:19,776 - WARNING -    🔄 RESTAURANDO mejor solución...
2025-10-20 22:41:19,779 - DEBUG - Iter 3600: T=9.34, Fitness_actual=163.7, Mejor=163.7
2025-10-20 22:41:22,220 - WARNING - ⚠️  DEGRADACIÓN DETECTADA en iter 3650:
2025-10-20 22:41:22,220 - WARNING -    Mejor fitness: 163.7
2025-10-20 22:41:22,221 - WARNING -    Fitness promedio reciente: 139.2
2025-10-20 22:41:22,221 - WARNING -    Degradación: 24.5
2025-10-20 22:41:22,221 - WARNING -    🔄 RESTAURANDO mejor solución...
2025-10-20 22:41:24,658 - WARNING - ⚠️  DEGRADACIÓN DETECTADA en iter 3700:
2025-10-20 22:41:24,659 - WARNING -    Mejor fitness: 163.7
2025-10-20 22:41:24,659 - WARNING -    Fitness promedio reciente: 142.7
2025-10-20 22:41:24,660 - WARNING -    Degradación: 21.0
2025-10-20 22:41:24,660 - WARNING -    🔄 RESTAURANDO mejor solución...
2025-10-20 22:41:24,661 - DEBUG - Iter 3700: T=9.32, Fitness_actual=163.7, Mejor=163.7
2025-10-20 22:41:29,721 - WARNING - ⚠️  DEGRADACIÓN DETECTADA en iter 3800:
2025-10-20 22:41:29,722 - WARNING -    Mejor fitness: 163.7
2025-10-20 22:41:29,722 - WARNING -    Fitness promedio reciente: 121.2
2025-10-20 22:41:29,723 - WARNING -    Degradación: 42.5
2025-10-20 22:41:29,723 - WARNING -    🔄 RESTAURANDO mejor solución...
2025-10-20 22:41:29,724 - DEBUG - Iter 3800: T=9.30, Fitness_actual=163.7, Mejor=163.7
2025-10-20 22:41:30,851 - INFO - Iter 3823: Aceptada solución con delta=-18.1 (T=9.30)
2025-10-20 22:41:30,852 - INFO -   📊 Desglose del cambio:
2025-10-20 22:41:30,852 - INFO -      Puntos: -375 → 17383 total
2025-10-20 22:41:30,852 - INFO -      Tiempo: +2066.5min → 16348.8min total
2025-10-20 22:41:30,853 - INFO -      Distancia: +37.1km → 167.3km total
2025-10-20 22:41:31,413 - INFO - Iter 3833: Aceptada solución con delta=-11.9 (T=9.30)
2025-10-20 22:41:31,413 - INFO -   📊 Desglose del cambio:
2025-10-20 22:41:31,414 - INFO -      Puntos: -817 → 16551 total
2025-10-20 22:41:31,414 - INFO -      Tiempo: -393.5min → 15649.5min total
2025-10-20 22:41:31,415 - INFO -      Distancia: -6.1km → 134.0km total
2025-10-20 22:41:34,867 - WARNING - ⚠️  DEGRADACIÓN DETECTADA en iter 3900:
2025-10-20 22:41:34,867 - WARNING -    Mejor fitness: 163.7
2025-10-20 22:41:34,868 - WARNING -    Fitness promedio reciente: 120.9
2025-10-20 22:41:34,868 - WARNING -    Degradación: 42.8
2025-10-20 22:41:34,868 - WARNING -    🔄 RESTAURANDO mejor solución...
2025-10-20 22:41:34,871 - DEBUG - Iter 3900: T=9.28, Fitness_actual=163.7, Mejor=163.7
2025-10-20 22:41:34,971 - INFO - 🌟 MEJORA #12 en iter 3902: Fitness=163.9 (+0.2), Puntos=17761
2025-10-20 22:41:39,914 - INFO -   Iter  4000 | Tiempo:    3.1min ( 2.6%) | T =     9.26 | Fitness =    121.4 | Mejor =    163.9 | Aceptación =  90.6%
2025-10-20 22:41:39,915 - INFO - Progreso iter 4000: T=9.26, Fitness=121.4, Mejor=163.9, Tasa_acept=90.6%
2025-10-20 22:41:39,916 - DEBUG - Iter 4000: T=9.26, Fitness_actual=121.4, Mejor=163.9
2025-10-20 22:41:42,370 - WARNING - ⚠️  DEGRADACIÓN DETECTADA en iter 4050:
2025-10-20 22:41:42,371 - WARNING -    Mejor fitness: 163.9
2025-10-20 22:41:42,371 - WARNING -    Fitness promedio reciente: 117.4
2025-10-20 22:41:42,371 - WARNING -    Degradación: 46.4
2025-10-20 22:41:42,372 - WARNING -    🔄 RESTAURANDO mejor solución...
2025-10-20 22:41:44,842 - DEBUG - Iter 4100: T=9.24, Fitness_actual=120.7, Mejor=163.9
2025-10-20 22:41:47,184 - WARNING - ⚠️  DEGRADACIÓN DETECTADA en iter 4150:
2025-10-20 22:41:47,185 - WARNING -    Mejor fitness: 163.9
2025-10-20 22:41:47,185 - WARNING -    Fitness promedio reciente: 113.8
2025-10-20 22:41:47,185 - WARNING -    Degradación: 50.1
2025-10-20 22:41:47,186 - WARNING -    🔄 RESTAURANDO mejor solución...
2025-10-20 22:41:47,232 - INFO - 🌟 MEJORA #13 en iter 4151: Fitness=164.0 (+0.1), Puntos=17768
2025-10-20 22:41:48,750 - WARNING - ================================================================================
2025-10-20 22:41:48,750 - WARNING - ⚠️  SALTO ANORMAL DETECTADO en iteración 4184
2025-10-20 22:41:48,751 - WARNING -    Fitness actual: 155.2
2025-10-20 22:41:48,751 - WARNING -    Fitness vecino: 61.7
2025-10-20 22:41:48,752 - WARNING -    Delta: -93.5
2025-10-20 22:41:48,752 - WARNING -    Temperatura: 9.23
2025-10-20 22:41:48,752 - WARNING -    Tipo perturbación aplicada: (ver generar_vecino)
2025-10-20 22:41:48,752 - WARNING -    Vecino - Puntos: 17754, Tiempo: 19205.4min, Distancia: 505.5km
2025-10-20 22:41:48,753 - WARNING -    Actual - Puntos: 17776, Tiempo: 14475.5min, Distancia: 132.1km
2025-10-20 22:41:48,753 - WARNING -    Validez restricciones - Vecino: True, Actual: True
2025-10-20 22:41:48,753 - WARNING - ================================================================================
2025-10-20 22:41:48,754 - WARNING - ⚠️  SALTO ANORMAL DETECTADO en iteración 4184
2025-10-20 22:41:48,754 - WARNING -    Fitness: 155.2 → 61.7 (Δ=-93.5)
2025-10-20 22:41:48,754 - WARNING -    Ver detalles en archivo de log
2025-10-20 22:41:49,398 - INFO - Iter 4198: Aceptada solución con delta=-13.1 (T=9.23)
2025-10-20 22:41:49,398 - INFO -   📊 Desglose del cambio:
2025-10-20 22:41:49,399 - INFO -      Puntos: -168 → 17300 total
2025-10-20 22:41:49,399 - INFO -      Tiempo: +551.0min → 14921.2min total
2025-10-20 22:41:49,399 - INFO -      Distancia: +2.2km → 138.9km total
2025-10-20 22:41:49,491 - DEBUG - Iter 4200: T=9.23, Fitness_actual=135.6, Mejor=164.0
2025-10-20 22:41:50,056 - INFO - Iter 4212: Aceptada solución con delta=-12.2 (T=9.22)
2025-10-20 22:41:50,056 - INFO -   📊 Desglose del cambio:
2025-10-20 22:41:50,057 - INFO -      Puntos: -624 → 16607 total
2025-10-20 22:41:50,057 - INFO -      Tiempo: +542.4min → 14691.1min total
2025-10-20 22:41:50,057 - INFO -      Distancia: +1.2km → 133.6km total
2025-10-20 22:41:54,843 - WARNING - ⚠️  DEGRADACIÓN DETECTADA en iter 4300:
2025-10-20 22:41:54,843 - WARNING -    Mejor fitness: 164.0
2025-10-20 22:41:54,843 - WARNING -    Fitness promedio reciente: 119.6
2025-10-20 22:41:54,844 - WARNING -    Degradación: 44.3
2025-10-20 22:41:54,844 - WARNING -    🔄 RESTAURANDO mejor solución...
2025-10-20 22:41:54,845 - DEBUG - Iter 4300: T=9.21, Fitness_actual=164.0, Mejor=164.0
2025-10-20 22:41:59,620 - WARNING - ⚠️  DEGRADACIÓN DETECTADA en iter 4400:
2025-10-20 22:41:59,620 - WARNING -    Mejor fitness: 164.0
2025-10-20 22:41:59,621 - WARNING -    Fitness promedio reciente: 131.1
2025-10-20 22:41:59,621 - WARNING -    Degradación: 32.8
2025-10-20 22:41:59,621 - WARNING -    🔄 RESTAURANDO mejor solución...
2025-10-20 22:41:59,622 - DEBUG - Iter 4400: T=9.19, Fitness_actual=164.0, Mejor=164.0
2025-10-20 22:41:59,712 - INFO - 🌟 MEJORA #14 en iter 4402: Fitness=164.0 (+0.0), Puntos=17768
2025-10-20 22:42:04,320 - INFO -   Iter  4500 | Tiempo:    3.5min ( 2.9%) | T =     9.17 | Fitness =    129.3 | Mejor =    164.0 | Aceptación =  90.5%
2025-10-20 22:42:04,320 - INFO - Progreso iter 4500: T=9.17, Fitness=129.3, Mejor=164.0, Tasa_acept=90.5%
2025-10-20 22:42:04,322 - DEBUG - Iter 4500: T=9.17, Fitness_actual=129.3, Mejor=164.0
2025-10-20 22:42:06,625 - WARNING - ⚠️  DEGRADACIÓN DETECTADA en iter 4550:
2025-10-20 22:42:06,626 - WARNING -    Mejor fitness: 164.0
2025-10-20 22:42:06,626 - WARNING -    Fitness promedio reciente: 118.4
2025-10-20 22:42:06,626 - WARNING -    Degradación: 45.5
2025-10-20 22:42:06,627 - WARNING -    🔄 RESTAURANDO mejor solución...
2025-10-20 22:42:08,942 - WARNING - ⚠️  DEGRADACIÓN DETECTADA en iter 4600:
2025-10-20 22:42:08,942 - WARNING -    Mejor fitness: 164.0
2025-10-20 22:42:08,943 - WARNING -    Fitness promedio reciente: 138.4
2025-10-20 22:42:08,943 - WARNING -    Degradación: 25.5
2025-10-20 22:42:08,943 - WARNING -    🔄 RESTAURANDO mejor solución...
2025-10-20 22:42:08,945 - DEBUG - Iter 4600: T=9.15, Fitness_actual=164.0, Mejor=164.0
2025-10-20 22:42:13,630 - WARNING - ⚠️  DEGRADACIÓN DETECTADA en iter 4700:
2025-10-20 22:42:13,631 - WARNING -    Mejor fitness: 164.0
2025-10-20 22:42:13,631 - WARNING -    Fitness promedio reciente: 123.2
2025-10-20 22:42:13,631 - WARNING -    Degradación: 40.8
2025-10-20 22:42:13,632 - WARNING -    🔄 RESTAURANDO mejor solución...
2025-10-20 22:42:13,634 - DEBUG - Iter 4700: T=9.14, Fitness_actual=164.0, Mejor=164.0
2025-10-20 22:42:13,729 - INFO - 🌟 MEJORA #15 en iter 4702: Fitness=164.0 (+0.0), Puntos=17768
2025-10-20 22:42:13,729 - INFO -   ✨ Mejora #15 en iteración 4703: Fitness = 164.0 | Puntos = 17768 | T = 9.13
2025-10-20 22:42:17,484 - WARNING - ================================================================================
2025-10-20 22:42:17,484 - WARNING - ⚠️  SALTO ANORMAL DETECTADO en iteración 4780
2025-10-20 22:42:17,485 - WARNING -    Fitness actual: 113.0
2025-10-20 22:42:17,485 - WARNING -    Fitness vecino: 85.6
2025-10-20 22:42:17,486 - WARNING -    Delta: -27.4
2025-10-20 22:42:17,486 - WARNING -    Temperatura: 9.12
2025-10-20 22:42:17,486 - WARNING -    Tipo perturbación aplicada: (ver generar_vecino)
2025-10-20 22:42:17,486 - WARNING -    Vecino - Puntos: 16305, Tiempo: 15446.2min, Distancia: 261.8km
2025-10-20 22:42:17,487 - WARNING -    Actual - Puntos: 16405, Tiempo: 14169.1min, Distancia: 157.8km
2025-10-20 22:42:17,487 - WARNING -    Validez restricciones - Vecino: False, Actual: False
2025-10-20 22:42:17,487 - WARNING - ================================================================================
2025-10-20 22:42:17,488 - WARNING - ⚠️  SALTO ANORMAL DETECTADO en iteración 4780
2025-10-20 22:42:17,488 - WARNING -    Fitness: 113.0 → 85.6 (Δ=-27.4)
2025-10-20 22:42:17,488 - WARNING -    Ver detalles en archivo de log
2025-10-20 22:42:18,491 - DEBUG - Iter 4800: T=9.12, Fitness_actual=112.4, Mejor=164.0
2025-10-20 22:42:18,709 - INFO - Iter 4804: Aceptada solución con delta=-15.6 (T=9.12)
2025-10-20 22:42:18,710 - INFO -   📊 Desglose del cambio:
2025-10-20 22:42:18,710 - INFO -      Puntos: -370 → 15397 total
2025-10-20 22:42:18,711 - INFO -      Tiempo: +3448.3min → 17680.6min total
2025-10-20 22:42:18,711 - INFO -      Distancia: +23.2km → 179.1km total
2025-10-20 22:42:21,588 - WARNING - ⚠️  DEGRADACIÓN DETECTADA en iter 4850:
2025-10-20 22:42:21,589 - WARNING -    Mejor fitness: 164.0
2025-10-20 22:42:21,589 - WARNING -    Fitness promedio reciente: 92.2
2025-10-20 22:42:21,589 - WARNING -    Degradación: 71.8
2025-10-20 22:42:21,590 - WARNING -    🔄 RESTAURANDO mejor solución...
2025-10-20 22:42:21,637 - INFO - 🌟 MEJORA #16 en iter 4851: Fitness=164.0 (+0.0), Puntos=17771
2025-10-20 22:42:24,176 - DEBUG - Iter 4900: T=9.10, Fitness_actual=130.3, Mejor=164.0
2025-10-20 22:42:29,214 - INFO -   Iter  5000 | Tiempo:    3.9min ( 3.3%) | T =     9.08 | Fitness =     86.7 | Mejor =    164.0 | Aceptación =  90.5%
2025-10-20 22:42:29,215 - INFO - Progreso iter 5000: T=9.08, Fitness=86.7, Mejor=164.0, Tasa_acept=90.5%
2025-10-20 22:42:29,215 - WARNING - ⚠️  DEGRADACIÓN DETECTADA en iter 5000:
2025-10-20 22:42:29,215 - WARNING -    Mejor fitness: 164.0
2025-10-20 22:42:29,216 - WARNING -    Fitness promedio reciente: 92.3
2025-10-20 22:42:29,216 - WARNING -    Degradación: 71.7
2025-10-20 22:42:29,216 - WARNING -    🔄 RESTAURANDO mejor solución...
2025-10-20 22:42:29,220 - DEBUG - Iter 5000: T=9.08, Fitness_actual=164.0, Mejor=164.0
2025-10-20 22:42:31,737 - WARNING - ⚠️  DEGRADACIÓN DETECTADA en iter 5050:
2025-10-20 22:42:31,737 - WARNING -    Mejor fitness: 164.0
2025-10-20 22:42:31,738 - WARNING -    Fitness promedio reciente: 143.5
2025-10-20 22:42:31,738 - WARNING -    Degradación: 20.5
2025-10-20 22:42:31,738 - WARNING -    🔄 RESTAURANDO mejor solución...
2025-10-20 22:42:32,491 - INFO - Iter 5065: Aceptada solución con delta=-11.0 (T=9.06)
2025-10-20 22:42:32,491 - INFO -   📊 Desglose del cambio:
2025-10-20 22:42:32,492 - INFO -      Puntos: -128 → 17594 total
2025-10-20 22:42:32,492 - INFO -      Tiempo: -26.4min → 14700.2min total
2025-10-20 22:42:32,492 - INFO -      Distancia: -1.0km → 135.0km total
2025-10-20 22:42:34,237 - DEBUG - Iter 5100: T=9.06, Fitness_actual=128.1, Mejor=164.0
2025-10-20 22:42:36,653 - WARNING - ⚠️  DEGRADACIÓN DETECTADA en iter 5150:
2025-10-20 22:42:36,662 - WARNING -    Mejor fitness: 164.0
2025-10-20 22:42:36,663 - WARNING -    Fitness promedio reciente: 114.6
2025-10-20 22:42:36,663 - WARNING -    Degradación: 49.4
2025-10-20 22:42:36,664 - WARNING -    🔄 RESTAURANDO mejor solución...
2025-10-20 22:42:36,712 - INFO - 🌟 MEJORA #17 en iter 5151: Fitness=164.0 (+0.0), Puntos=17771
2025-10-20 22:42:36,760 - INFO - 🌟 MEJORA #18 en iter 5152: Fitness=164.0 (+0.0), Puntos=17771
2025-10-20 22:42:39,088 - DEBUG - Iter 5200: T=9.04, Fitness_actual=128.9, Mejor=164.0
2025-10-20 22:42:44,153 - WARNING - ⚠️  DEGRADACIÓN DETECTADA en iter 5300:
2025-10-20 22:42:44,153 - WARNING -    Mejor fitness: 164.0
2025-10-20 22:42:44,154 - WARNING -    Fitness promedio reciente: 116.1
2025-10-20 22:42:44,154 - WARNING -    Degradación: 47.9
2025-10-20 22:42:44,154 - WARNING -    🔄 RESTAURANDO mejor solución...
2025-10-20 22:42:44,158 - DEBUG - Iter 5300: T=9.02, Fitness_actual=164.0, Mejor=164.0
2025-10-20 22:42:44,896 - INFO - Iter 5315: Aceptada solución con delta=-12.4 (T=9.02)
2025-10-20 22:42:44,897 - INFO -   📊 Desglose del cambio:
2025-10-20 22:42:44,897 - INFO -      Puntos: -67 → 17707 total
2025-10-20 22:42:44,897 - INFO -      Tiempo: +382.6min → 14826.9min total
2025-10-20 22:42:44,898 - INFO -      Distancia: +0.2km → 135.2km total
2025-10-20 22:42:49,061 - WARNING - ⚠️  DEGRADACIÓN DETECTADA en iter 5400:
2025-10-20 22:42:49,061 - WARNING -    Mejor fitness: 164.0
2025-10-20 22:42:49,061 - WARNING -    Fitness promedio reciente: 122.3
2025-10-20 22:42:49,062 - WARNING -    Degradación: 41.7
2025-10-20 22:42:49,062 - WARNING -    🔄 RESTAURANDO mejor solución...
2025-10-20 22:42:49,064 - DEBUG - Iter 5400: T=9.00, Fitness_actual=164.0, Mejor=164.0
2025-10-20 22:42:54,061 - INFO -   Iter  5500 | Tiempo:    4.3min ( 3.6%) | T =     8.98 | Fitness =    128.6 | Mejor =    164.0 | Aceptación =  90.6%
2025-10-20 22:42:54,061 - INFO - Progreso iter 5500: T=8.98, Fitness=128.6, Mejor=164.0, Tasa_acept=90.6%
2025-10-20 22:42:54,061 - WARNING - ⚠️  DEGRADACIÓN DETECTADA en iter 5500:
2025-10-20 22:42:54,062 - WARNING -    Mejor fitness: 164.0
2025-10-20 22:42:54,062 - WARNING -    Fitness promedio reciente: 134.3
2025-10-20 22:42:54,063 - WARNING -    Degradación: 29.7
2025-10-20 22:42:54,063 - WARNING -    🔄 RESTAURANDO mejor solución...
2025-10-20 22:42:54,064 - DEBUG - Iter 5500: T=8.98, Fitness_actual=164.0, Mejor=164.0
2025-10-20 22:42:55,025 - INFO - Iter 5519: Aceptada solución con delta=-16.3 (T=8.98)
2025-10-20 22:42:55,025 - INFO -   📊 Desglose del cambio:
2025-10-20 22:42:55,025 - INFO -      Puntos: -1041 → 16682 total
2025-10-20 22:42:55,026 - INFO -      Tiempo: -1036.7min → 13499.0min total
2025-10-20 22:42:55,026 - INFO -      Distancia: -8.9km → 126.6km total
2025-10-20 22:42:56,096 - INFO - Iter 5540: Aceptada solución con delta=-11.5 (T=8.98)
2025-10-20 22:42:56,097 - INFO -   📊 Desglose del cambio:
2025-10-20 22:42:56,097 - INFO -      Puntos: -1 → 16339 total
2025-10-20 22:42:56,098 - INFO -      Tiempo: +564.0min → 14416.6min total
2025-10-20 22:42:56,098 - INFO -      Distancia: +2.0km → 135.1km total
2025-10-20 22:42:59,147 - WARNING - ⚠️  DEGRADACIÓN DETECTADA en iter 5600:
2025-10-20 22:42:59,147 - WARNING -    Mejor fitness: 164.0
2025-10-20 22:42:59,147 - WARNING -    Fitness promedio reciente: 119.0
2025-10-20 22:42:59,148 - WARNING -    Degradación: 45.0
2025-10-20 22:42:59,148 - WARNING -    🔄 RESTAURANDO mejor solución...
2025-10-20 22:42:59,149 - DEBUG - Iter 5600: T=8.97, Fitness_actual=164.0, Mejor=164.0
2025-10-20 22:42:59,548 - WARNING - ================================================================================
2025-10-20 22:42:59,549 - WARNING - ⚠️  SALTO ANORMAL DETECTADO en iteración 5608
2025-10-20 22:42:59,549 - WARNING -    Fitness actual: 163.0
2025-10-20 22:42:59,550 - WARNING -    Fitness vecino: 140.7
2025-10-20 22:42:59,550 - WARNING -    Delta: -22.3
2025-10-20 22:42:59,550 - WARNING -    Temperatura: 8.96
2025-10-20 22:42:59,551 - WARNING -    Tipo perturbación aplicada: (ver generar_vecino)
2025-10-20 22:42:59,551 - WARNING -    Vecino - Puntos: 17661, Tiempo: 15131.9min, Distancia: 132.7km
2025-10-20 22:42:59,551 - WARNING -    Actual - Puntos: 17771, Tiempo: 14563.7min, Distancia: 136.6km
2025-10-20 22:42:59,552 - WARNING -    Validez restricciones - Vecino: False, Actual: True
2025-10-20 22:42:59,552 - WARNING - ================================================================================
2025-10-20 22:42:59,552 - WARNING - ⚠️  SALTO ANORMAL DETECTADO en iteración 5608
2025-10-20 22:42:59,552 - WARNING -    Fitness: 163.0 → 140.7 (Δ=-22.3)
2025-10-20 22:42:59,552 - WARNING -    Ver detalles en archivo de log
2025-10-20 22:43:04,160 - WARNING - ⚠️  DEGRADACIÓN DETECTADA en iter 5700:
2025-10-20 22:43:04,161 - WARNING -    Mejor fitness: 164.0
2025-10-20 22:43:04,161 - WARNING -    Fitness promedio reciente: 140.6
2025-10-20 22:43:04,161 - WARNING -    Degradación: 23.4
2025-10-20 22:43:04,162 - WARNING -    🔄 RESTAURANDO mejor solución...
2025-10-20 22:43:04,163 - DEBUG - Iter 5700: T=8.95, Fitness_actual=164.0, Mejor=164.0
2025-10-20 22:43:05,394 - INFO - Iter 5724: Aceptada solución con delta=-11.6 (T=8.94)
2025-10-20 22:43:05,395 - INFO -   📊 Desglose del cambio:
2025-10-20 22:43:05,395 - INFO -      Puntos: -571 → 17206 total
2025-10-20 22:43:05,395 - INFO -      Tiempo: -368.2min → 14156.6min total
2025-10-20 22:43:05,396 - INFO -      Distancia: -0.3km → 129.7km total
2025-10-20 22:43:09,393 - WARNING - ⚠️  DEGRADACIÓN DETECTADA en iter 5800:
2025-10-20 22:43:09,393 - WARNING -    Mejor fitness: 164.0
2025-10-20 22:43:09,393 - WARNING -    Fitness promedio reciente: 122.7
2025-10-20 22:43:09,393 - WARNING -    Degradación: 41.3
2025-10-20 22:43:09,394 - WARNING -    🔄 RESTAURANDO mejor solución...
2025-10-20 22:43:09,395 - DEBUG - Iter 5800: T=8.93, Fitness_actual=164.0, Mejor=164.0
2025-10-20 22:43:14,664 - WARNING - ⚠️  DEGRADACIÓN DETECTADA en iter 5900:
2025-10-20 22:43:14,664 - WARNING -    Mejor fitness: 164.0
2025-10-20 22:43:14,664 - WARNING -    Fitness promedio reciente: 123.1
2025-10-20 22:43:14,664 - WARNING -    Degradación: 40.9
2025-10-20 22:43:14,665 - WARNING -    🔄 RESTAURANDO mejor solución...
2025-10-20 22:43:14,666 - DEBUG - Iter 5900: T=8.91, Fitness_actual=164.0, Mejor=164.0
2025-10-20 22:43:17,266 - WARNING - ⚠️  DEGRADACIÓN DETECTADA en iter 5950:
2025-10-20 22:43:17,266 - WARNING -    Mejor fitness: 164.0
2025-10-20 22:43:17,267 - WARNING -    Fitness promedio reciente: 136.6
2025-10-20 22:43:17,267 - WARNING -    Degradación: 27.4
2025-10-20 22:43:17,267 - WARNING -    🔄 RESTAURANDO mejor solución...
2025-10-20 22:43:19,835 - INFO -   Iter  6000 | Tiempo:    4.8min ( 4.0%) | T =     8.89 | Fitness =    126.4 | Mejor =    164.0 | Aceptación =  90.5%
2025-10-20 22:43:19,836 - INFO - Progreso iter 6000: T=8.89, Fitness=126.4, Mejor=164.0, Tasa_acept=90.5%
2025-10-20 22:43:19,838 - DEBUG - Iter 6000: T=8.89, Fitness_actual=126.4, Mejor=164.0
2025-10-20 22:43:22,308 - WARNING - ⚠️  DEGRADACIÓN DETECTADA en iter 6050:
2025-10-20 22:43:22,309 - WARNING -    Mejor fitness: 164.0
2025-10-20 22:43:22,309 - WARNING -    Fitness promedio reciente: 121.8
2025-10-20 22:43:22,310 - WARNING -    Degradación: 42.2
2025-10-20 22:43:22,310 - WARNING -    🔄 RESTAURANDO mejor solución...
2025-10-20 22:43:22,363 - WARNING - ================================================================================
2025-10-20 22:43:22,363 - WARNING - ⚠️  SALTO ANORMAL DETECTADO en iteración 6051
2025-10-20 22:43:22,363 - WARNING -    Fitness actual: 164.0
2025-10-20 22:43:22,364 - WARNING -    Fitness vecino: 137.9
2025-10-20 22:43:22,364 - WARNING -    Delta: -26.1
2025-10-20 22:43:22,365 - WARNING -    Temperatura: 8.88
2025-10-20 22:43:22,365 - WARNING -    Tipo perturbación aplicada: (ver generar_vecino)
2025-10-20 22:43:22,365 - WARNING -    Vecino - Puntos: 17773, Tiempo: 15645.9min, Distancia: 227.6km
2025-10-20 22:43:22,365 - WARNING -    Actual - Puntos: 17771, Tiempo: 14566.6min, Distancia: 136.8km
2025-10-20 22:43:22,366 - WARNING -    Validez restricciones - Vecino: True, Actual: True
2025-10-20 22:43:22,366 - WARNING - ================================================================================
2025-10-20 22:43:22,366 - WARNING - ⚠️  SALTO ANORMAL DETECTADO en iteración 6051
2025-10-20 22:43:22,367 - WARNING -    Fitness: 164.0 → 137.9 (Δ=-26.1)
2025-10-20 22:43:22,367 - WARNING -    Ver detalles en archivo de log
2025-10-20 22:43:22,415 - INFO - 🌟 MEJORA #19 en iter 6052: Fitness=164.0 (+0.0), Puntos=17771
2025-10-20 22:43:22,511 - INFO - 🌟 MEJORA #20 en iter 6054: Fitness=164.2 (+0.2), Puntos=17800
2025-10-20 22:43:22,512 - INFO -   ✨ Mejora #20 en iteración 6055: Fitness = 164.2 | Puntos = 17800 | T = 8.88
2025-10-20 22:43:24,816 - DEBUG - Iter 6100: T=8.87, Fitness_actual=136.6, Mejor=164.2
2025-10-20 22:43:28,129 - INFO - Iter 6161: Aceptada solución con delta=+11.7 (T=8.86)
2025-10-20 22:43:28,129 - INFO -   📊 Desglose del cambio:
2025-10-20 22:43:28,130 - INFO -      Puntos: +273 → 16777 total
2025-10-20 22:43:28,130 - INFO -      Tiempo: -1913.0min → 14615.6min total
2025-10-20 22:43:28,131 - INFO -      Distancia: +3.6km → 134.6km total
2025-10-20 22:43:30,170 - WARNING - ⚠️  DEGRADACIÓN DETECTADA en iter 6200:
2025-10-20 22:43:30,170 - WARNING -    Mejor fitness: 164.2
2025-10-20 22:43:30,170 - WARNING -    Fitness promedio reciente: 121.1
2025-10-20 22:43:30,171 - WARNING -    Degradación: 43.1
2025-10-20 22:43:30,171 - WARNING -    🔄 RESTAURANDO mejor solución...
2025-10-20 22:43:30,172 - DEBUG - Iter 6200: T=8.85, Fitness_actual=164.2, Mejor=164.2
2025-10-20 22:43:30,172 - INFO - 🌟 MEJORA #21 en iter 6200: Fitness=164.2 (+0.0), Puntos=17800
2025-10-20 22:43:35,171 - DEBUG - Iter 6300: T=8.83, Fitness_actual=126.9, Mejor=164.2
2025-10-20 22:43:37,658 - WARNING - ⚠️  DEGRADACIÓN DETECTADA en iter 6350:
2025-10-20 22:43:37,658 - WARNING -    Mejor fitness: 164.2
2025-10-20 22:43:37,659 - WARNING -    Fitness promedio reciente: 124.0
2025-10-20 22:43:37,659 - WARNING -    Degradación: 40.1
2025-10-20 22:43:37,659 - WARNING -    🔄 RESTAURANDO mejor solución...
2025-10-20 22:43:37,912 - WARNING - ================================================================================
2025-10-20 22:43:37,912 - WARNING - ⚠️  SALTO ANORMAL DETECTADO en iteración 6355
2025-10-20 22:43:37,913 - WARNING -    Fitness actual: 161.2
2025-10-20 22:43:37,913 - WARNING -    Fitness vecino: 49.6
2025-10-20 22:43:37,914 - WARNING -    Delta: -111.6
2025-10-20 22:43:37,914 - WARNING -    Temperatura: 8.82
2025-10-20 22:43:37,914 - WARNING -    Tipo perturbación aplicada: (ver generar_vecino)
2025-10-20 22:43:37,915 - WARNING -    Vecino - Puntos: 17869, Tiempo: 20154.7min, Distancia: 559.1km
2025-10-20 22:43:37,915 - WARNING -    Actual - Puntos: 17800, Tiempo: 14507.1min, Distancia: 131.8km
2025-10-20 22:43:37,915 - WARNING -    Validez restricciones - Vecino: True, Actual: True
2025-10-20 22:43:37,916 - WARNING - ================================================================================
2025-10-20 22:43:37,916 - WARNING - ⚠️  SALTO ANORMAL DETECTADO en iteración 6355
2025-10-20 22:43:37,916 - WARNING -    Fitness: 161.2 → 49.6 (Δ=-111.6)
2025-10-20 22:43:37,916 - WARNING -    Ver detalles en archivo de log
2025-10-20 22:43:38,405 - INFO - Iter 6365: Aceptada solución con delta=-14.9 (T=8.82)
2025-10-20 22:43:38,406 - INFO -   📊 Desglose del cambio:
2025-10-20 22:43:38,406 - INFO -      Puntos: -128 → 17672 total
2025-10-20 22:43:38,406 - INFO -      Tiempo: +100.9min → 14625.0min total
2025-10-20 22:43:38,406 - INFO -      Distancia: -2.8km → 130.4km total
2025-10-20 22:43:40,184 - WARNING - ⚠️  DEGRADACIÓN DETECTADA en iter 6400:
2025-10-20 22:43:40,184 - WARNING -    Mejor fitness: 164.2
2025-10-20 22:43:40,185 - WARNING -    Fitness promedio reciente: 142.6
2025-10-20 22:43:40,185 - WARNING -    Degradación: 21.5
2025-10-20 22:43:40,185 - WARNING -    🔄 RESTAURANDO mejor solución...
2025-10-20 22:43:40,188 - DEBUG - Iter 6400: T=8.82, Fitness_actual=164.2, Mejor=164.2
2025-10-20 22:43:42,720 - WARNING - ⚠️  DEGRADACIÓN DETECTADA en iter 6450:
2025-10-20 22:43:42,720 - WARNING -    Mejor fitness: 164.2
2025-10-20 22:43:42,721 - WARNING -    Fitness promedio reciente: 134.7
2025-10-20 22:43:42,721 - WARNING -    Degradación: 29.4
2025-10-20 22:43:42,721 - WARNING -    🔄 RESTAURANDO mejor solución...
2025-10-20 22:43:42,722 - INFO - Iter 6450: Aceptada solución con delta=-11.0 (T=8.81)
2025-10-20 22:43:42,723 - INFO -   📊 Desglose del cambio:
2025-10-20 22:43:42,723 - INFO -      Puntos: -209 → 17591 total
2025-10-20 22:43:42,724 - INFO -      Tiempo: +915.3min → 15492.9min total
2025-10-20 22:43:42,724 - INFO -      Distancia: +53.4km → 191.1km total
2025-10-20 22:43:45,232 - INFO -   Iter  6500 | Tiempo:    5.2min ( 4.3%) | T =     8.80 | Fitness =    123.1 | Mejor =    164.2 | Aceptación =  90.5%
2025-10-20 22:43:45,233 - INFO - Progreso iter 6500: T=8.80, Fitness=123.1, Mejor=164.2, Tasa_acept=90.5%
2025-10-20 22:43:45,233 - WARNING - ⚠️  DEGRADACIÓN DETECTADA en iter 6500:
2025-10-20 22:43:45,234 - WARNING -    Mejor fitness: 164.2
2025-10-20 22:43:45,234 - WARNING -    Fitness promedio reciente: 140.3
2025-10-20 22:43:45,234 - WARNING -    Degradación: 23.9
2025-10-20 22:43:45,235 - WARNING -    🔄 RESTAURANDO mejor solución...
2025-10-20 22:43:45,236 - DEBUG - Iter 6500: T=8.80, Fitness_actual=164.2, Mejor=164.2
2025-10-20 22:43:46,049 - WARNING - ================================================================================
2025-10-20 22:43:46,049 - WARNING - ⚠️  SALTO ANORMAL DETECTADO en iteración 6516
2025-10-20 22:43:46,049 - WARNING -    Fitness actual: 153.1
2025-10-20 22:43:46,050 - WARNING -    Fitness vecino: 86.1
2025-10-20 22:43:46,050 - WARNING -    Delta: -66.9
2025-10-20 22:43:46,051 - WARNING -    Temperatura: 8.79
2025-10-20 22:43:46,051 - WARNING -    Tipo perturbación aplicada: (ver generar_vecino)
2025-10-20 22:43:46,051 - WARNING -    Vecino - Puntos: 17860, Tiempo: 18370.4min, Distancia: 406.3km
2025-10-20 22:43:46,052 - WARNING -    Actual - Puntos: 17467, Tiempo: 14942.1min, Distancia: 148.5km
2025-10-20 22:43:46,052 - WARNING -    Validez restricciones - Vecino: True, Actual: True
2025-10-20 22:43:46,052 - WARNING - ================================================================================
2025-10-20 22:43:46,053 - WARNING - ⚠️  SALTO ANORMAL DETECTADO en iteración 6516
2025-10-20 22:43:46,053 - WARNING -    Fitness: 153.1 → 86.1 (Δ=-66.9)
2025-10-20 22:43:46,053 - WARNING -    Ver detalles en archivo de log
2025-10-20 22:43:50,252 - WARNING - ⚠️  DEGRADACIÓN DETECTADA en iter 6600:
2025-10-20 22:43:50,252 - WARNING -    Mejor fitness: 164.2
2025-10-20 22:43:50,252 - WARNING -    Fitness promedio reciente: 135.7
2025-10-20 22:43:50,253 - WARNING -    Degradación: 28.5
2025-10-20 22:43:50,253 - WARNING -    🔄 RESTAURANDO mejor solución...
2025-10-20 22:43:50,254 - DEBUG - Iter 6600: T=8.78, Fitness_actual=164.2, Mejor=164.2
2025-10-20 22:43:50,303 - INFO - 🌟 MEJORA #22 en iter 6601: Fitness=164.3 (+0.1), Puntos=17813
2025-10-20 22:43:55,376 - DEBUG - Iter 6700: T=8.76, Fitness_actual=114.2, Mejor=164.3
2025-10-20 22:43:58,010 - WARNING - ⚠️  DEGRADACIÓN DETECTADA en iter 6750:
2025-10-20 22:43:58,010 - WARNING -    Mejor fitness: 164.3
2025-10-20 22:43:58,011 - WARNING -    Fitness promedio reciente: 111.5
2025-10-20 22:43:58,011 - WARNING -    Degradación: 52.8
2025-10-20 22:43:58,011 - WARNING -    🔄 RESTAURANDO mejor solución...
2025-10-20 22:44:00,591 - WARNING - ⚠️  DEGRADACIÓN DETECTADA en iter 6800:
2025-10-20 22:44:00,592 - WARNING -    Mejor fitness: 164.3
2025-10-20 22:44:00,592 - WARNING -    Fitness promedio reciente: 142.0
2025-10-20 22:44:00,592 - WARNING -    Degradación: 22.3
2025-10-20 22:44:00,593 - WARNING -    🔄 RESTAURANDO mejor solución...
2025-10-20 22:44:00,598 - DEBUG - Iter 6800: T=8.74, Fitness_actual=164.3, Mejor=164.3
2025-10-20 22:44:00,599 - WARNING - ================================================================================
2025-10-20 22:44:00,599 - WARNING - ⚠️  SALTO ANORMAL DETECTADO en iteración 6800
2025-10-20 22:44:00,599 - WARNING -    Fitness actual: 164.3
2025-10-20 22:44:00,600 - WARNING -    Fitness vecino: 142.4
2025-10-20 22:44:00,600 - WARNING -    Delta: -21.9
2025-10-20 22:44:00,600 - WARNING -    Temperatura: 8.74
2025-10-20 22:44:00,601 - WARNING -    Tipo perturbación aplicada: (ver generar_vecino)
2025-10-20 22:44:00,601 - WARNING -    Vecino - Puntos: 17681, Tiempo: 14658.0min, Distancia: 128.2km
2025-10-20 22:44:00,601 - WARNING -    Actual - Puntos: 17813, Tiempo: 14522.7min, Distancia: 134.4km
2025-10-20 22:44:00,602 - WARNING -    Validez restricciones - Vecino: False, Actual: True
2025-10-20 22:44:00,602 - WARNING - ================================================================================
2025-10-20 22:44:00,602 - WARNING - ⚠️  SALTO ANORMAL DETECTADO en iteración 6800
2025-10-20 22:44:00,603 - WARNING -    Fitness: 164.3 → 142.4 (Δ=-21.9)
2025-10-20 22:44:00,603 - WARNING -    Ver detalles en archivo de log
2025-10-20 22:44:05,817 - WARNING - ⚠️  DEGRADACIÓN DETECTADA en iter 6900:
2025-10-20 22:44:05,818 - WARNING -    Mejor fitness: 164.3
2025-10-20 22:44:05,818 - WARNING -    Fitness promedio reciente: 138.8
2025-10-20 22:44:05,818 - WARNING -    Degradación: 25.5
2025-10-20 22:44:05,818 - WARNING -    🔄 RESTAURANDO mejor solución...
2025-10-20 22:44:05,821 - DEBUG - Iter 6900: T=8.72, Fitness_actual=164.3, Mejor=164.3
2025-10-20 22:44:05,873 - INFO - 🌟 MEJORA #23 en iter 6901: Fitness=164.3 (+0.0), Puntos=17813
2025-10-20 22:44:05,924 - INFO - 🌟 MEJORA #24 en iter 6902: Fitness=164.4 (+0.1), Puntos=17820
2025-10-20 22:44:06,081 - INFO - Iter 6905: Aceptada solución con delta=-10.9 (T=8.72)
2025-10-20 22:44:06,082 - INFO -   📊 Desglose del cambio:
2025-10-20 22:44:06,082 - INFO -      Puntos: -128 → 17692 total
2025-10-20 22:44:06,083 - INFO -      Tiempo: -331.3min → 14207.4min total
2025-10-20 22:44:06,083 - INFO -      Distancia: -6.4km → 128.1km total
2025-10-20 22:44:11,025 - INFO -   Iter  7000 | Tiempo:    5.6min ( 4.7%) | T =     8.70 | Fitness =    115.7 | Mejor =    164.4 | Aceptación =  90.3%
2025-10-20 22:44:11,025 - INFO - Progreso iter 7000: T=8.70, Fitness=115.7, Mejor=164.4, Tasa_acept=90.3%
2025-10-20 22:44:11,027 - DEBUG - Iter 7000: T=8.70, Fitness_actual=115.7, Mejor=164.4
2025-10-20 22:44:13,593 - WARNING - ⚠️  DEGRADACIÓN DETECTADA en iter 7050:
2025-10-20 22:44:13,594 - WARNING -    Mejor fitness: 164.4
2025-10-20 22:44:13,594 - WARNING -    Fitness promedio reciente: 112.9
2025-10-20 22:44:13,594 - WARNING -    Degradación: 51.5
2025-10-20 22:44:13,595 - WARNING -    🔄 RESTAURANDO mejor solución...
2025-10-20 22:44:16,173 - WARNING - ⚠️  DEGRADACIÓN DETECTADA en iter 7100:
2025-10-20 22:44:16,173 - WARNING -    Mejor fitness: 164.4
2025-10-20 22:44:16,174 - WARNING -    Fitness promedio reciente: 134.0
2025-10-20 22:44:16,174 - WARNING -    Degradación: 30.4
2025-10-20 22:44:16,175 - WARNING -    🔄 RESTAURANDO mejor solución...
2025-10-20 22:44:16,176 - DEBUG - Iter 7100: T=8.69, Fitness_actual=164.4, Mejor=164.4
2025-10-20 22:44:21,422 - WARNING - ⚠️  DEGRADACIÓN DETECTADA en iter 7200:
2025-10-20 22:44:21,422 - WARNING -    Mejor fitness: 164.4
2025-10-20 22:44:21,422 - WARNING -    Fitness promedio reciente: 124.1
2025-10-20 22:44:21,423 - WARNING -    Degradación: 40.3
2025-10-20 22:44:21,423 - WARNING -    🔄 RESTAURANDO mejor solución...
2025-10-20 22:44:21,426 - DEBUG - Iter 7200: T=8.67, Fitness_actual=164.4, Mejor=164.4
2025-10-20 22:44:21,481 - INFO - Iter 7201: Aceptada solución con delta=-19.1 (T=8.67)
2025-10-20 22:44:21,481 - INFO -   📊 Desglose del cambio:
2025-10-20 22:44:21,482 - INFO -      Puntos: +96 → 17916 total
2025-10-20 22:44:21,482 - INFO -      Tiempo: +766.6min → 15305.4min total
2025-10-20 22:44:21,482 - INFO -      Distancia: +33.9km → 168.4km total
2025-10-20 22:44:21,866 - INFO - Iter 7208: Aceptada solución con delta=-14.2 (T=8.67)
2025-10-20 22:44:21,867 - INFO -   📊 Desglose del cambio:
2025-10-20 22:44:21,867 - INFO -      Puntos: -64 → 17846 total
2025-10-20 22:44:21,867 - INFO -      Tiempo: +334.2min → 15119.2min total
2025-10-20 22:44:21,868 - INFO -      Distancia: +0.4km → 134.5km total
2025-10-20 22:44:23,087 - INFO - Iter 7230: Aceptada solución con delta=-10.9 (T=8.66)
2025-10-20 22:44:23,087 - INFO -   📊 Desglose del cambio:
2025-10-20 22:44:23,088 - INFO -      Puntos: -287 → 16989 total
2025-10-20 22:44:23,088 - INFO -      Tiempo: +2037.2min → 17044.0min total
2025-10-20 22:44:23,088 - INFO -      Distancia: +4.9km → 123.6km total
2025-10-20 22:44:23,930 - WARNING - ================================================================================
2025-10-20 22:44:23,930 - WARNING - ⚠️  SALTO ANORMAL DETECTADO en iteración 7243
2025-10-20 22:44:23,930 - WARNING -    Fitness actual: 108.4
2025-10-20 22:44:23,930 - WARNING -    Fitness vecino: 67.9
2025-10-20 22:44:23,931 - WARNING -    Delta: -40.5
2025-10-20 22:44:23,931 - WARNING -    Temperatura: 8.66
2025-10-20 22:44:23,931 - WARNING -    Tipo perturbación aplicada: (ver generar_vecino)
2025-10-20 22:44:23,931 - WARNING -    Vecino - Puntos: 16869, Tiempo: 19194.7min, Distancia: 272.0km
2025-10-20 22:44:23,931 - WARNING -    Actual - Puntos: 16961, Tiempo: 17113.1min, Distancia: 121.8km
2025-10-20 22:44:23,931 - WARNING -    Validez restricciones - Vecino: False, Actual: False
2025-10-20 22:44:23,932 - WARNING - ================================================================================
2025-10-20 22:44:23,932 - WARNING - ⚠️  SALTO ANORMAL DETECTADO en iteración 7243
2025-10-20 22:44:23,932 - WARNING -    Fitness: 108.4 → 67.9 (Δ=-40.5)
2025-10-20 22:44:23,932 - WARNING -    Ver detalles en archivo de log
2025-10-20 22:44:24,356 - WARNING - ⚠️  DEGRADACIÓN DETECTADA en iter 7250:
2025-10-20 22:44:24,357 - WARNING -    Mejor fitness: 164.4
2025-10-20 22:44:24,357 - WARNING -    Fitness promedio reciente: 126.6
2025-10-20 22:44:24,360 - WARNING -    Degradación: 37.8
2025-10-20 22:44:24,360 - WARNING -    🔄 RESTAURANDO mejor solución...
2025-10-20 22:44:26,987 - DEBUG - Iter 7300: T=8.65, Fitness_actual=144.2, Mejor=164.4
2025-10-20 22:44:29,627 - WARNING - ⚠️  DEGRADACIÓN DETECTADA en iter 7350:
2025-10-20 22:44:29,628 - WARNING -    Mejor fitness: 164.4
2025-10-20 22:44:29,628 - WARNING -    Fitness promedio reciente: 135.4
2025-10-20 22:44:29,628 - WARNING -    Degradación: 29.0
2025-10-20 22:44:29,629 - WARNING -    🔄 RESTAURANDO mejor solución...
2025-10-20 22:44:32,240 - DEBUG - Iter 7400: T=8.63, Fitness_actual=139.4, Mejor=164.4
2025-10-20 22:44:34,938 - WARNING - ⚠️  DEGRADACIÓN DETECTADA en iter 7450:
2025-10-20 22:44:34,938 - WARNING -    Mejor fitness: 164.4
2025-10-20 22:44:34,939 - WARNING -    Fitness promedio reciente: 122.3
2025-10-20 22:44:34,939 - WARNING -    Degradación: 42.1
2025-10-20 22:44:34,939 - WARNING -    🔄 RESTAURANDO mejor solución...
2025-10-20 22:44:37,624 - INFO -   Iter  7500 | Tiempo:    6.1min ( 5.0%) | T =     8.61 | Fitness =     96.6 | Mejor =    164.4 | Aceptación =  90.2%
2025-10-20 22:44:37,625 - INFO - Progreso iter 7500: T=8.61, Fitness=96.6, Mejor=164.4, Tasa_acept=90.2%
2025-10-20 22:44:37,625 - WARNING - ⚠️  DEGRADACIÓN DETECTADA en iter 7500:
2025-10-20 22:44:37,626 - WARNING -    Mejor fitness: 164.4
2025-10-20 22:44:37,626 - WARNING -    Fitness promedio reciente: 122.8
2025-10-20 22:44:37,626 - WARNING -    Degradación: 41.6
2025-10-20 22:44:37,627 - WARNING -    🔄 RESTAURANDO mejor solución...
2025-10-20 22:44:37,630 - DEBUG - Iter 7500: T=8.61, Fitness_actual=164.4, Mejor=164.4
2025-10-20 22:44:38,216 - INFO - Iter 7511: Aceptada solución con delta=-14.3 (T=8.61)
2025-10-20 22:44:38,217 - INFO -   📊 Desglose del cambio:
2025-10-20 22:44:38,217 - INFO -      Puntos: -881 → 16946 total
2025-10-20 22:44:38,217 - INFO -      Tiempo: -1002.1min → 13531.1min total
2025-10-20 22:44:38,218 - INFO -      Distancia: -11.4km → 120.1km total
2025-10-20 22:44:40,280 - WARNING - ⚠️  DEGRADACIÓN DETECTADA en iter 7550:
2025-10-20 22:44:40,281 - WARNING -    Mejor fitness: 164.4
2025-10-20 22:44:40,281 - WARNING -    Fitness promedio reciente: 138.8
2025-10-20 22:44:40,282 - WARNING -    Degradación: 25.6
2025-10-20 22:44:40,282 - WARNING -    🔄 RESTAURANDO mejor solución...
2025-10-20 22:44:42,937 - DEBUG - Iter 7600: T=8.59, Fitness_actual=147.4, Mejor=164.4
2025-10-20 22:44:45,639 - WARNING - ⚠️  DEGRADACIÓN DETECTADA en iter 7650:
2025-10-20 22:44:45,640 - WARNING -    Mejor fitness: 164.4
2025-10-20 22:44:45,640 - WARNING -    Fitness promedio reciente: 141.2
2025-10-20 22:44:45,640 - WARNING -    Degradación: 23.2
2025-10-20 22:44:45,641 - WARNING -    🔄 RESTAURANDO mejor solución...
2025-10-20 22:44:45,698 - INFO - Iter 7651: Aceptada solución con delta=-12.9 (T=8.58)
2025-10-20 22:44:45,698 - INFO -   📊 Desglose del cambio:
2025-10-20 22:44:45,698 - INFO -      Puntos: -128 → 17689 total
2025-10-20 22:44:45,699 - INFO -      Tiempo: -258.6min → 14265.4min total
2025-10-20 22:44:45,699 - INFO -      Distancia: -7.8km → 126.7km total
2025-10-20 22:44:48,372 - WARNING - ⚠️  DEGRADACIÓN DETECTADA en iter 7700:
2025-10-20 22:44:48,373 - WARNING -    Mejor fitness: 164.4
2025-10-20 22:44:48,373 - WARNING -    Fitness promedio reciente: 136.4
2025-10-20 22:44:48,373 - WARNING -    Degradación: 28.0
2025-10-20 22:44:48,374 - WARNING -    🔄 RESTAURANDO mejor solución...
2025-10-20 22:44:48,377 - DEBUG - Iter 7700: T=8.57, Fitness_actual=164.4, Mejor=164.4
2025-10-20 22:44:49,696 - INFO - Iter 7724: Aceptada solución con delta=-15.0 (T=8.57)
2025-10-20 22:44:49,697 - INFO -   📊 Desglose del cambio:
2025-10-20 22:44:49,697 - INFO -      Puntos: -4 → 17307 total
2025-10-20 22:44:49,697 - INFO -      Tiempo: +382.3min → 15065.4min total
2025-10-20 22:44:49,698 - INFO -      Distancia: +0.6km → 140.1km total
2025-10-20 22:44:51,130 - WARNING - ⚠️  DEGRADACIÓN DETECTADA en iter 7750:
2025-10-20 22:44:51,131 - WARNING -    Mejor fitness: 164.4
2025-10-20 22:44:51,131 - WARNING -    Fitness promedio reciente: 141.3
2025-10-20 22:44:51,131 - WARNING -    Degradación: 23.0
2025-10-20 22:44:51,132 - WARNING -    🔄 RESTAURANDO mejor solución...
2025-10-20 22:44:53,809 - DEBUG - Iter 7800: T=8.55, Fitness_actual=139.0, Mejor=164.4
2025-10-20 22:44:56,559 - WARNING - ⚠️  DEGRADACIÓN DETECTADA en iter 7850:
2025-10-20 22:44:56,559 - WARNING -    Mejor fitness: 164.4
2025-10-20 22:44:56,560 - WARNING -    Fitness promedio reciente: 133.2
2025-10-20 22:44:56,560 - WARNING -    Degradación: 31.2
2025-10-20 22:44:56,560 - WARNING -    🔄 RESTAURANDO mejor solución...
2025-10-20 22:44:59,324 - WARNING - ⚠️  DEGRADACIÓN DETECTADA en iter 7900:
2025-10-20 22:44:59,324 - WARNING -    Mejor fitness: 164.4
2025-10-20 22:44:59,324 - WARNING -    Fitness promedio reciente: 142.2
2025-10-20 22:44:59,325 - WARNING -    Degradación: 22.2
2025-10-20 22:44:59,325 - WARNING -    🔄 RESTAURANDO mejor solución...
2025-10-20 22:44:59,326 - DEBUG - Iter 7900: T=8.53, Fitness_actual=164.4, Mejor=164.4
2025-10-20 22:45:00,137 - WARNING - ================================================================================
2025-10-20 22:45:00,137 - WARNING - ⚠️  SALTO ANORMAL DETECTADO en iteración 7915
2025-10-20 22:45:00,138 - WARNING -    Fitness actual: 157.4
2025-10-20 22:45:00,138 - WARNING -    Fitness vecino: 105.7
2025-10-20 22:45:00,138 - WARNING -    Delta: -51.6
2025-10-20 22:45:00,139 - WARNING -    Temperatura: 8.53
2025-10-20 22:45:00,139 - WARNING -    Tipo perturbación aplicada: (ver generar_vecino)
2025-10-20 22:45:00,139 - WARNING -    Vecino - Puntos: 17873, Tiempo: 16849.8min, Distancia: 330.0km
2025-10-20 22:45:00,140 - WARNING -    Actual - Puntos: 17819, Tiempo: 14483.0min, Distancia: 142.8km
2025-10-20 22:45:00,140 - WARNING -    Validez restricciones - Vecino: True, Actual: True
2025-10-20 22:45:00,141 - WARNING - ================================================================================
2025-10-20 22:45:00,141 - WARNING - ⚠️  SALTO ANORMAL DETECTADO en iteración 7915
2025-10-20 22:45:00,141 - WARNING -    Fitness: 157.4 → 105.7 (Δ=-51.6)
2025-10-20 22:45:00,141 - WARNING -    Ver detalles en archivo de log
2025-10-20 22:45:00,462 - INFO - Iter 7921: Aceptada solución con delta=-12.6 (T=8.53)
2025-10-20 22:45:00,463 - INFO -   📊 Desglose del cambio:
2025-10-20 22:45:00,463 - INFO -      Puntos: -200 → 17628 total
2025-10-20 22:45:00,463 - INFO -      Tiempo: -405.8min → 14099.0min total
2025-10-20 22:45:00,464 - INFO -      Distancia: -5.1km → 138.2km total
2025-10-20 22:45:04,795 - INFO -   Iter  8000 | Tiempo:    6.5min ( 5.4%) | T =     8.51 | Fitness =    127.8 | Mejor =    164.4 | Aceptación =  89.9%
2025-10-20 22:45:04,795 - INFO - Progreso iter 8000: T=8.51, Fitness=127.8, Mejor=164.4, Tasa_acept=89.9%
2025-10-20 22:45:04,796 - WARNING - ⚠️  DEGRADACIÓN DETECTADA en iter 8000:
2025-10-20 22:45:04,796 - WARNING -    Mejor fitness: 164.4
2025-10-20 22:45:04,796 - WARNING -    Fitness promedio reciente: 131.9
2025-10-20 22:45:04,797 - WARNING -    Degradación: 32.5
2025-10-20 22:45:04,797 - WARNING -    🔄 RESTAURANDO mejor solución...
2025-10-20 22:45:04,798 - DEBUG - Iter 8000: T=8.51, Fitness_actual=164.4, Mejor=164.4
2025-10-20 22:45:04,852 - INFO - 🌟 MEJORA #25 en iter 8001: Fitness=164.4 (+0.0), Puntos=17820
2025-10-20 22:45:04,852 - INFO -   ✨ Mejora #25 en iteración 8002: Fitness = 164.4 | Puntos = 17820 | T = 8.51
2025-10-20 22:45:04,906 - INFO - 🌟 MEJORA #26 en iter 8002: Fitness=164.4 (+0.0), Puntos=17820
2025-10-20 22:45:05,236 - INFO - Iter 8008: Aceptada solución con delta=-14.3 (T=8.51)
2025-10-20 22:45:05,237 - INFO -   📊 Desglose del cambio:
2025-10-20 22:45:05,237 - INFO -      Puntos: -128 → 17692 total
2025-10-20 22:45:05,238 - INFO -      Tiempo: +208.0min → 14674.9min total
2025-10-20 22:45:05,238 - INFO -      Distancia: +3.6km → 132.1km total
2025-10-20 22:45:10,273 - DEBUG - Iter 8100: T=8.49, Fitness_actual=116.5, Mejor=164.4
2025-10-20 22:45:13,131 - WARNING - ⚠️  DEGRADACIÓN DETECTADA en iter 8150:
2025-10-20 22:45:13,131 - WARNING -    Mejor fitness: 164.4
2025-10-20 22:45:13,132 - WARNING -    Fitness promedio reciente: 114.9
2025-10-20 22:45:13,132 - WARNING -    Degradación: 49.5
2025-10-20 22:45:13,132 - WARNING -    🔄 RESTAURANDO mejor solución...
2025-10-20 22:45:15,913 - WARNING - ⚠️  DEGRADACIÓN DETECTADA en iter 8200:
2025-10-20 22:45:15,913 - WARNING -    Mejor fitness: 164.4
2025-10-20 22:45:15,914 - WARNING -    Fitness promedio reciente: 136.8
2025-10-20 22:45:15,914 - WARNING -    Degradación: 27.6
2025-10-20 22:45:15,914 - WARNING -    🔄 RESTAURANDO mejor solución...
2025-10-20 22:45:15,920 - DEBUG - Iter 8200: T=8.47, Fitness_actual=164.4, Mejor=164.4
2025-10-20 22:45:16,877 - INFO - Iter 8218: Aceptada solución con delta=-10.5 (T=8.47)
2025-10-20 22:45:16,877 - INFO -   📊 Desglose del cambio:
2025-10-20 22:45:16,878 - INFO -      Puntos: -803 → 16852 total
2025-10-20 22:45:16,878 - INFO -      Tiempo: -577.0min → 13416.6min total
2025-10-20 22:45:16,878 - INFO -      Distancia: -5.6km → 120.1km total
2025-10-20 22:45:18,594 - WARNING - ⚠️  DEGRADACIÓN DETECTADA en iter 8250:
2025-10-20 22:45:18,594 - WARNING -    Mejor fitness: 164.4
2025-10-20 22:45:18,595 - WARNING -    Fitness promedio reciente: 141.2
2025-10-20 22:45:18,595 - WARNING -    Degradación: 23.2
2025-10-20 22:45:18,595 - WARNING -    🔄 RESTAURANDO mejor solución...
2025-10-20 22:45:18,904 - INFO - Iter 8256: Aceptada solución con delta=-11.5 (T=8.46)
2025-10-20 22:45:18,904 - INFO -   📊 Desglose del cambio:
2025-10-20 22:45:18,905 - INFO -      Puntos: +0 → 17665 total
2025-10-20 22:45:18,905 - INFO -      Tiempo: +30.0min → 14662.0min total
2025-10-20 22:45:18,906 - INFO -      Distancia: +0.0km → 126.0km total
2025-10-20 22:45:21,258 - WARNING - ⚠️  DEGRADACIÓN DETECTADA en iter 8300:
2025-10-20 22:45:21,259 - WARNING -    Mejor fitness: 164.4
2025-10-20 22:45:21,259 - WARNING -    Fitness promedio reciente: 140.7
2025-10-20 22:45:21,260 - WARNING -    Degradación: 23.7
2025-10-20 22:45:21,260 - WARNING -    🔄 RESTAURANDO mejor solución...
2025-10-20 22:45:21,262 - DEBUG - Iter 8300: T=8.46, Fitness_actual=164.4, Mejor=164.4
2025-10-20 22:45:26,751 - WARNING - ⚠️  DEGRADACIÓN DETECTADA en iter 8400:
2025-10-20 22:45:26,751 - WARNING -    Mejor fitness: 164.4
2025-10-20 22:45:26,751 - WARNING -    Fitness promedio reciente: 135.6
2025-10-20 22:45:26,752 - WARNING -    Degradación: 28.8
2025-10-20 22:45:26,752 - WARNING -    🔄 RESTAURANDO mejor solución...
2025-10-20 22:45:26,769 - DEBUG - Iter 8400: T=8.44, Fitness_actual=164.4, Mejor=164.4
2025-10-20 22:45:27,043 - WARNING - ================================================================================
2025-10-20 22:45:27,043 - WARNING - ⚠️  SALTO ANORMAL DETECTADO en iteración 8405
2025-10-20 22:45:27,044 - WARNING -    Fitness actual: 162.3
2025-10-20 22:45:27,044 - WARNING -    Fitness vecino: 141.5
2025-10-20 22:45:27,044 - WARNING -    Delta: -20.8
2025-10-20 22:45:27,045 - WARNING -    Temperatura: 8.44
2025-10-20 22:45:27,045 - WARNING -    Tipo perturbación aplicada: (ver generar_vecino)
2025-10-20 22:45:27,045 - WARNING -    Vecino - Puntos: 17625, Tiempo: 16817.0min, Distancia: 176.3km
2025-10-20 22:45:27,046 - WARNING -    Actual - Puntos: 17821, Tiempo: 14521.3min, Distancia: 131.8km
2025-10-20 22:45:27,046 - WARNING -    Validez restricciones - Vecino: True, Actual: True
2025-10-20 22:45:27,046 - WARNING - ================================================================================
2025-10-20 22:45:27,047 - WARNING - ⚠️  SALTO ANORMAL DETECTADO en iteración 8405
2025-10-20 22:45:27,047 - WARNING -    Fitness: 162.3 → 141.5 (Δ=-20.8)
2025-10-20 22:45:27,047 - WARNING -    Ver detalles en archivo de log
2025-10-20 22:45:32,150 - INFO -   Iter  8500 | Tiempo:    7.0min ( 5.8%) | T =     8.42 | Fitness =    119.9 | Mejor =    164.4 | Aceptación =  89.9%
2025-10-20 22:45:32,150 - INFO - Progreso iter 8500: T=8.42, Fitness=119.9, Mejor=164.4, Tasa_acept=89.9%
2025-10-20 22:45:32,151 - WARNING - ⚠️  DEGRADACIÓN DETECTADA en iter 8500:
2025-10-20 22:45:32,151 - WARNING -    Mejor fitness: 164.4
2025-10-20 22:45:32,151 - WARNING -    Fitness promedio reciente: 122.4
2025-10-20 22:45:32,152 - WARNING -    Degradación: 42.0
2025-10-20 22:45:32,152 - WARNING -    🔄 RESTAURANDO mejor solución...
2025-10-20 22:45:32,153 - DEBUG - Iter 8500: T=8.42, Fitness_actual=164.4, Mejor=164.4
2025-10-20 22:45:32,469 - WARNING - ================================================================================
2025-10-20 22:45:32,469 - WARNING - ⚠️  SALTO ANORMAL DETECTADO en iteración 8506
2025-10-20 22:45:32,469 - WARNING -    Fitness actual: 162.5
2025-10-20 22:45:32,470 - WARNING -    Fitness vecino: 137.6
2025-10-20 22:45:32,470 - WARNING -    Delta: -24.9
2025-10-20 22:45:32,470 - WARNING -    Temperatura: 8.42
2025-10-20 22:45:32,471 - WARNING -    Tipo perturbación aplicada: (ver generar_vecino)
2025-10-20 22:45:32,471 - WARNING -    Vecino - Puntos: 17810, Tiempo: 15605.3min, Distancia: 205.9km
2025-10-20 22:45:32,471 - WARNING -    Actual - Puntos: 17820, Tiempo: 14511.9min, Distancia: 132.2km
2025-10-20 22:45:32,472 - WARNING -    Validez restricciones - Vecino: True, Actual: True
2025-10-20 22:45:32,472 - WARNING - ================================================================================
2025-10-20 22:45:32,472 - WARNING - ⚠️  SALTO ANORMAL DETECTADO en iteración 8506
2025-10-20 22:45:32,472 - WARNING -    Fitness: 162.5 → 137.6 (Δ=-24.9)
2025-10-20 22:45:32,472 - WARNING -    Ver detalles en archivo de log
2025-10-20 22:45:37,497 - WARNING - ⚠️  DEGRADACIÓN DETECTADA en iter 8600:
2025-10-20 22:45:37,498 - WARNING -    Mejor fitness: 164.4
2025-10-20 22:45:37,498 - WARNING -    Fitness promedio reciente: 119.7
2025-10-20 22:45:37,499 - WARNING -    Degradación: 44.7
2025-10-20 22:45:37,499 - WARNING -    🔄 RESTAURANDO mejor solución...
2025-10-20 22:45:37,500 - DEBUG - Iter 8600: T=8.40, Fitness_actual=164.4, Mejor=164.4
2025-10-20 22:45:37,501 - INFO - 🌟 MEJORA #27 en iter 8600: Fitness=164.4 (+0.0), Puntos=17820
2025-10-20 22:45:37,608 - INFO - 🌟 MEJORA #28 en iter 8602: Fitness=164.4 (+0.0), Puntos=17824
2025-10-20 22:45:38,152 - INFO - Iter 8612: Aceptada solución con delta=-12.1 (T=8.40)
2025-10-20 22:45:38,153 - INFO -   📊 Desglose del cambio:
2025-10-20 22:45:38,153 - INFO -      Puntos: -357 → 17449 total
2025-10-20 22:45:38,153 - INFO -      Tiempo: +1865.5min → 16342.6min total
2025-10-20 22:45:38,154 - INFO -      Distancia: -4.7km → 121.3km total
2025-10-20 22:45:43,190 - DEBUG - Iter 8700: T=8.38, Fitness_actual=118.4, Mejor=164.4
2025-10-20 22:45:45,962 - WARNING - ⚠️  DEGRADACIÓN DETECTADA en iter 8750:
2025-10-20 22:45:45,963 - WARNING -    Mejor fitness: 164.4
2025-10-20 22:45:45,963 - WARNING -    Fitness promedio reciente: 122.9
2025-10-20 22:45:45,963 - WARNING -    Degradación: 41.6
2025-10-20 22:45:45,964 - WARNING -    🔄 RESTAURANDO mejor solución...
2025-10-20 22:45:48,708 - DEBUG - Iter 8800: T=8.36, Fitness_actual=138.9, Mejor=164.4
2025-10-20 22:45:50,520 - INFO - Iter 8832: Aceptada solución con delta=-11.0 (T=8.35)
2025-10-20 22:45:50,521 - INFO -   📊 Desglose del cambio:
2025-10-20 22:45:50,521 - INFO -      Puntos: +0 → 16156 total
2025-10-20 22:45:50,521 - INFO -      Tiempo: +0.0min → 13498.1min total
2025-10-20 22:45:50,522 - INFO -      Distancia: +0.0km → 114.8km total
2025-10-20 22:45:51,494 - WARNING - ⚠️  DEGRADACIÓN DETECTADA en iter 8850:
2025-10-20 22:45:51,495 - WARNING -    Mejor fitness: 164.4
2025-10-20 22:45:51,495 - WARNING -    Fitness promedio reciente: 126.5
2025-10-20 22:45:51,496 - WARNING -    Degradación: 37.9
2025-10-20 22:45:51,496 - WARNING -    🔄 RESTAURANDO mejor solución...
2025-10-20 22:45:51,608 - INFO - Iter 8852: Aceptada solución con delta=-11.2 (T=8.35)
2025-10-20 22:45:51,608 - INFO -   📊 Desglose del cambio:
2025-10-20 22:45:51,609 - INFO -      Puntos: -473 → 17351 total
2025-10-20 22:45:51,609 - INFO -      Tiempo: -106.2min → 14432.2min total
2025-10-20 22:45:51,609 - INFO -      Distancia: -8.9km → 125.6km total
2025-10-20 22:45:54,242 - WARNING - ⚠️  DEGRADACIÓN DETECTADA en iter 8900:
2025-10-20 22:45:54,243 - WARNING -    Mejor fitness: 164.4
2025-10-20 22:45:54,243 - WARNING -    Fitness promedio reciente: 139.1
2025-10-20 22:45:54,243 - WARNING -    Degradación: 25.4
2025-10-20 22:45:54,244 - WARNING -    🔄 RESTAURANDO mejor solución...
2025-10-20 22:45:54,245 - DEBUG - Iter 8900: T=8.34, Fitness_actual=164.4, Mejor=164.4
2025-10-20 22:45:56,164 - INFO - Iter 8933: Aceptada solución con delta=-10.0 (T=8.34)
2025-10-20 22:45:56,165 - INFO -   📊 Desglose del cambio:
2025-10-20 22:45:56,165 - INFO -      Puntos: +0 → 17697 total
2025-10-20 22:45:56,165 - INFO -      Tiempo: +465.3min → 14354.0min total
2025-10-20 22:45:56,166 - INFO -      Distancia: +1.3km → 129.9km total
2025-10-20 22:46:00,177 - INFO -   Iter  9000 | Tiempo:    7.4min ( 6.2%) | T =     8.32 | Fitness =    110.4 | Mejor =    164.4 | Aceptación =  89.9%
2025-10-20 22:46:00,177 - INFO - Progreso iter 9000: T=8.32, Fitness=110.4, Mejor=164.4, Tasa_acept=89.9%
2025-10-20 22:46:00,178 - WARNING - ⚠️  DEGRADACIÓN DETECTADA en iter 9000:
2025-10-20 22:46:00,178 - WARNING -    Mejor fitness: 164.4
2025-10-20 22:46:00,178 - WARNING -    Fitness promedio reciente: 116.4
2025-10-20 22:46:00,179 - WARNING -    Degradación: 48.1
2025-10-20 22:46:00,179 - WARNING -    🔄 RESTAURANDO mejor solución...
2025-10-20 22:46:00,180 - DEBUG - Iter 9000: T=8.32, Fitness_actual=164.4, Mejor=164.4
2025-10-20 22:46:00,619 - INFO - 🌟 MEJORA #29 en iter 9008: Fitness=164.6 (+0.2), Puntos=17842
2025-10-20 22:46:00,729 - INFO - Iter 9010: Aceptada solución con delta=-15.1 (T=8.32)
2025-10-20 22:46:00,729 - INFO -   📊 Desglose del cambio:
2025-10-20 22:46:00,730 - INFO -      Puntos: -304 → 17538 total
2025-10-20 22:46:00,730 - INFO -      Tiempo: -424.1min → 14069.4min total
2025-10-20 22:46:00,730 - INFO -      Distancia: -5.8km → 128.7km total
2025-10-20 22:46:05,680 - DEBUG - Iter 9100: T=8.30, Fitness_actual=128.1, Mejor=164.6
2025-10-20 22:46:08,385 - WARNING - ⚠️  DEGRADACIÓN DETECTADA en iter 9150:
2025-10-20 22:46:08,385 - WARNING -    Mejor fitness: 164.6
2025-10-20 22:46:08,386 - WARNING -    Fitness promedio reciente: 125.4
2025-10-20 22:46:08,386 - WARNING -    Degradación: 39.2
2025-10-20 22:46:08,387 - WARNING -    🔄 RESTAURANDO mejor solución...
2025-10-20 22:46:11,154 - DEBUG - Iter 9200: T=8.28, Fitness_actual=138.7, Mejor=164.6
2025-10-20 22:46:13,904 - WARNING - ⚠️  DEGRADACIÓN DETECTADA en iter 9250:
2025-10-20 22:46:13,905 - WARNING -    Mejor fitness: 164.6
2025-10-20 22:46:13,906 - WARNING -    Fitness promedio reciente: 135.8
2025-10-20 22:46:13,906 - WARNING -    Degradación: 28.9
2025-10-20 22:46:13,906 - WARNING -    🔄 RESTAURANDO mejor solución...
2025-10-20 22:46:14,196 - INFO - 🌟 MEJORA #30 en iter 9255: Fitness=164.7 (+0.1), Puntos=17847
2025-10-20 22:46:14,196 - INFO -   ✨ Mejora #30 en iteración 9256: Fitness = 164.7 | Puntos = 17847 | T = 8.27
2025-10-20 22:46:14,248 - INFO - 🌟 MEJORA #31 en iter 9256: Fitness=164.8 (+0.1), Puntos=17856
2025-10-20 22:46:14,407 - INFO - 🌟 MEJORA #32 en iter 9259: Fitness=164.8 (+0.0), Puntos=17856
2025-10-20 22:46:16,604 - DEBUG - Iter 9300: T=8.27, Fitness_actual=143.9, Mejor=164.8
2025-10-20 22:46:22,174 - WARNING - ⚠️  DEGRADACIÓN DETECTADA en iter 9400:
2025-10-20 22:46:22,174 - WARNING -    Mejor fitness: 164.8
2025-10-20 22:46:22,175 - WARNING -    Fitness promedio reciente: 129.1
2025-10-20 22:46:22,175 - WARNING -    Degradación: 35.7
2025-10-20 22:46:22,175 - WARNING -    🔄 RESTAURANDO mejor solución...
2025-10-20 22:46:22,176 - DEBUG - Iter 9400: T=8.25, Fitness_actual=164.8, Mejor=164.8
2025-10-20 22:46:22,177 - INFO - 🌟 MEJORA #33 en iter 9400: Fitness=164.8 (+0.0), Puntos=17856
2025-10-20 22:46:27,738 - INFO -   Iter  9500 | Tiempo:    7.9min ( 6.6%) | T =     8.23 | Fitness =    122.4 | Mejor =    164.8 | Aceptación =  89.9%
2025-10-20 22:46:27,739 - INFO - Progreso iter 9500: T=8.23, Fitness=122.4, Mejor=164.8, Tasa_acept=89.9%
2025-10-20 22:46:27,741 - DEBUG - Iter 9500: T=8.23, Fitness_actual=122.4, Mejor=164.8
2025-10-20 22:46:30,579 - WARNING - ⚠️  DEGRADACIÓN DETECTADA en iter 9550:
2025-10-20 22:46:30,579 - WARNING -    Mejor fitness: 164.8
2025-10-20 22:46:30,580 - WARNING -    Fitness promedio reciente: 113.6
2025-10-20 22:46:30,580 - WARNING -    Degradación: 51.1
2025-10-20 22:46:30,581 - WARNING -    🔄 RESTAURANDO mejor solución...
2025-10-20 22:46:30,715 - INFO - 🌟 MEJORA #34 en iter 9552: Fitness=164.8 (+0.0), Puntos=17856
2025-10-20 22:46:30,881 - INFO - 🌟 MEJORA #35 en iter 9555: Fitness=164.8 (+0.0), Puntos=17856
2025-10-20 22:46:30,881 - INFO -   ✨ Mejora #35 en iteración 9556: Fitness = 164.8 | Puntos = 17856 | T = 8.22
2025-10-20 22:46:33,641 - DEBUG - Iter 9600: T=8.21, Fitness_actual=123.7, Mejor=164.8
2025-10-20 22:46:40,160 - WARNING - ⚠️  DEGRADACIÓN DETECTADA en iter 9700:
2025-10-20 22:46:40,161 - WARNING -    Mejor fitness: 164.8
2025-10-20 22:46:40,161 - WARNING -    Fitness promedio reciente: 110.9
2025-10-20 22:46:40,161 - WARNING -    Degradación: 53.9
2025-10-20 22:46:40,161 - WARNING -    🔄 RESTAURANDO mejor solución...
2025-10-20 22:46:40,163 - DEBUG - Iter 9700: T=8.19, Fitness_actual=164.8, Mejor=164.8
2025-10-20 22:46:40,163 - INFO - 🌟 MEJORA #36 en iter 9700: Fitness=164.8 (+0.0), Puntos=17856
2025-10-20 22:46:45,693 - DEBUG - Iter 9800: T=8.17, Fitness_actual=118.7, Mejor=164.8
2025-10-20 22:46:48,467 - WARNING - ⚠️  DEGRADACIÓN DETECTADA en iter 9850:
2025-10-20 22:46:48,467 - WARNING -    Mejor fitness: 164.8
2025-10-20 22:46:48,468 - WARNING -    Fitness promedio reciente: 110.8
2025-10-20 22:46:48,468 - WARNING -    Degradación: 54.0
2025-10-20 22:46:48,468 - WARNING -    🔄 RESTAURANDO mejor solución...
2025-10-20 22:46:48,470 - INFO - 🌟 MEJORA #37 en iter 9850: Fitness=164.8 (+0.0), Puntos=17856
2025-10-20 22:46:51,601 - DEBUG - Iter 9900: T=8.15, Fitness_actual=141.2, Mejor=164.8
2025-10-20 22:46:57,427 - INFO -   Iter 10000 | Tiempo:    8.4min ( 7.0%) | T =     8.13 | Fitness =    113.0 | Mejor =    164.8 | Aceptación =  89.8%
2025-10-20 22:46:57,427 - INFO - Progreso iter 10000: T=8.13, Fitness=113.0, Mejor=164.8, Tasa_acept=89.8%
2025-10-20 22:46:57,427 - WARNING - ⚠️  DEGRADACIÓN DETECTADA en iter 10000:
2025-10-20 22:46:57,428 - WARNING -    Mejor fitness: 164.8
2025-10-20 22:46:57,428 - WARNING -    Fitness promedio reciente: 121.5
2025-10-20 22:46:57,428 - WARNING -    Degradación: 43.3
2025-10-20 22:46:57,429 - WARNING -    🔄 RESTAURANDO mejor solución...
2025-10-20 22:46:57,430 - DEBUG - Iter 10000: T=8.13, Fitness_actual=164.8, Mejor=164.8
2025-10-20 22:46:57,430 - INFO - 🌟 MEJORA #38 en iter 10000: Fitness=164.8 (+0.0), Puntos=17856
2025-10-20 22:46:57,667 - INFO - 🌟 MEJORA #39 en iter 10004: Fitness=164.8 (+0.1), Puntos=17864
2025-10-20 22:46:58,317 - INFO - Iter 10015: Aceptada solución con delta=-11.2 (T=8.12)
2025-10-20 22:46:58,318 - INFO -   📊 Desglose del cambio:
2025-10-20 22:46:58,318 - INFO -      Puntos: -178 → 17685 total
2025-10-20 22:46:58,318 - INFO -      Tiempo: -93.6min → 14354.3min total
2025-10-20 22:46:58,319 - INFO -      Distancia: -5.3km → 122.0km total
2025-10-20 22:46:59,351 - INFO - Iter 10032: Aceptada solución con delta=-10.8 (T=8.12)
2025-10-20 22:46:59,352 - INFO -   📊 Desglose del cambio:
2025-10-20 22:46:59,352 - INFO -      Puntos: -329 → 17078 total
2025-10-20 22:46:59,353 - INFO -      Tiempo: +1744.1min → 16114.6min total
2025-10-20 22:46:59,353 - INFO -      Distancia: +3.5km → 136.1km total
2025-10-20 22:47:03,569 - DEBUG - Iter 10100: T=8.11, Fitness_actual=114.3, Mejor=164.8
2025-10-20 22:47:06,400 - WARNING - ⚠️  DEGRADACIÓN DETECTADA en iter 10150:
2025-10-20 22:47:06,400 - WARNING -    Mejor fitness: 164.8
2025-10-20 22:47:06,401 - WARNING -    Fitness promedio reciente: 112.9
2025-10-20 22:47:06,401 - WARNING -    Degradación: 51.9
2025-10-20 22:47:06,401 - WARNING -    🔄 RESTAURANDO mejor solución...
2025-10-20 22:47:09,268 - DEBUG - Iter 10200: T=8.09, Fitness_actual=130.1, Mejor=164.8
2025-10-20 22:47:12,202 - WARNING - ⚠️  DEGRADACIÓN DETECTADA en iter 10250:
2025-10-20 22:47:12,203 - WARNING -    Mejor fitness: 164.8
2025-10-20 22:47:12,203 - WARNING -    Fitness promedio reciente: 128.9
2025-10-20 22:47:12,203 - WARNING -    Degradación: 35.9
2025-10-20 22:47:12,203 - WARNING -    🔄 RESTAURANDO mejor solución...
2025-10-20 22:47:15,090 - DEBUG - Iter 10300: T=8.07, Fitness_actual=140.2, Mejor=164.8
2025-10-20 22:47:17,955 - WARNING - ⚠️  DEGRADACIÓN DETECTADA en iter 10350:
2025-10-20 22:47:17,955 - WARNING -    Mejor fitness: 164.8
2025-10-20 22:47:17,956 - WARNING -    Fitness promedio reciente: 132.0
2025-10-20 22:47:17,956 - WARNING -    Degradación: 32.8
2025-10-20 22:47:17,956 - WARNING -    🔄 RESTAURANDO mejor solución...
2025-10-20 22:47:20,878 - WARNING - ⚠️  DEGRADACIÓN DETECTADA en iter 10400:
2025-10-20 22:47:20,879 - WARNING -    Mejor fitness: 164.8
2025-10-20 22:47:20,880 - WARNING -    Fitness promedio reciente: 139.6
2025-10-20 22:47:20,880 - WARNING -    Degradación: 25.3
2025-10-20 22:47:20,881 - WARNING -    🔄 RESTAURANDO mejor solución...
2025-10-20 22:47:20,882 - DEBUG - Iter 10400: T=8.05, Fitness_actual=164.8, Mejor=164.8
2025-10-20 22:47:23,809 - WARNING - ⚠️  DEGRADACIÓN DETECTADA en iter 10450:
2025-10-20 22:47:23,809 - WARNING -    Mejor fitness: 164.8
2025-10-20 22:47:23,810 - WARNING -    Fitness promedio reciente: 143.8
2025-10-20 22:47:23,810 - WARNING -    Degradación: 21.0
2025-10-20 22:47:23,810 - WARNING -    🔄 RESTAURANDO mejor solución...
2025-10-20 22:47:26,700 - INFO -   Iter 10500 | Tiempo:    8.9min ( 7.4%) | T =     8.03 | Fitness =    134.4 | Mejor =    164.8 | Aceptación =  89.8%
2025-10-20 22:47:26,700 - INFO - Progreso iter 10500: T=8.03, Fitness=134.4, Mejor=164.8, Tasa_acept=89.8%
2025-10-20 22:47:26,701 - DEBUG - Iter 10500: T=8.03, Fitness_actual=134.4, Mejor=164.8
2025-10-20 22:47:29,609 - WARNING - ⚠️  DEGRADACIÓN DETECTADA en iter 10550:
2025-10-20 22:47:29,609 - WARNING -    Mejor fitness: 164.8
2025-10-20 22:47:29,610 - WARNING -    Fitness promedio reciente: 123.5
2025-10-20 22:47:29,610 - WARNING -    Degradación: 41.3
2025-10-20 22:47:29,610 - WARNING -    🔄 RESTAURANDO mejor solución...
2025-10-20 22:47:32,510 - WARNING - ⚠️  DEGRADACIÓN DETECTADA en iter 10600:
2025-10-20 22:47:32,511 - WARNING -    Mejor fitness: 164.8
2025-10-20 22:47:32,511 - WARNING -    Fitness promedio reciente: 137.5
2025-10-20 22:47:32,512 - WARNING -    Degradación: 27.3
2025-10-20 22:47:32,512 - WARNING -    🔄 RESTAURANDO mejor solución...
2025-10-20 22:47:32,513 - DEBUG - Iter 10600: T=8.01, Fitness_actual=164.8, Mejor=164.8
2025-10-20 22:47:34,705 - INFO - Iter 10637: Aceptada solución con delta=-12.4 (T=8.00)
2025-10-20 22:47:34,706 - INFO -   📊 Desglose del cambio:
2025-10-20 22:47:34,707 - INFO -      Puntos: -196 → 17651 total
2025-10-20 22:47:34,707 - INFO -      Tiempo: -439.0min → 14089.8min total
2025-10-20 22:47:34,707 - INFO -      Distancia: -6.6km → 129.2km total
2025-10-20 22:47:38,355 - WARNING - ⚠️  DEGRADACIÓN DETECTADA en iter 10700:
2025-10-20 22:47:38,356 - WARNING -    Mejor fitness: 164.8
2025-10-20 22:47:38,356 - WARNING -    Fitness promedio reciente: 131.0
2025-10-20 22:47:38,356 - WARNING -    Degradación: 33.8
2025-10-20 22:47:38,357 - WARNING -    🔄 RESTAURANDO mejor solución...
2025-10-20 22:47:38,358 - DEBUG - Iter 10700: T=7.99, Fitness_actual=164.8, Mejor=164.8
2025-10-20 22:47:38,752 - INFO - Iter 10707: Aceptada solución con delta=-12.0 (T=7.99)
2025-10-20 22:47:38,753 - INFO -   📊 Desglose del cambio:
2025-10-20 22:47:38,753 - INFO -      Puntos: -217 → 17646 total
2025-10-20 22:47:38,753 - INFO -      Tiempo: -348.6min → 14150.4min total
2025-10-20 22:47:38,754 - INFO -      Distancia: -2.8km → 128.8km total
2025-10-20 22:47:41,283 - WARNING - ⚠️  DEGRADACIÓN DETECTADA en iter 10750:
2025-10-20 22:47:41,283 - WARNING -    Mejor fitness: 164.8
2025-10-20 22:47:41,284 - WARNING -    Fitness promedio reciente: 143.2
2025-10-20 22:47:41,284 - WARNING -    Degradación: 21.6
2025-10-20 22:47:41,284 - WARNING -    🔄 RESTAURANDO mejor solución...
2025-10-20 22:47:44,261 - WARNING - ⚠️  DEGRADACIÓN DETECTADA en iter 10800:
2025-10-20 22:47:44,261 - WARNING -    Mejor fitness: 164.8
2025-10-20 22:47:44,261 - WARNING -    Fitness promedio reciente: 143.9
2025-10-20 22:47:44,262 - WARNING -    Degradación: 21.0
2025-10-20 22:47:44,262 - WARNING -    🔄 RESTAURANDO mejor solución...
2025-10-20 22:47:44,263 - DEBUG - Iter 10800: T=7.97, Fitness_actual=164.8, Mejor=164.8
2025-10-20 22:47:46,408 - WARNING - ================================================================================
2025-10-20 22:47:46,409 - WARNING - ⚠️  SALTO ANORMAL DETECTADO en iteración 10837
2025-10-20 22:47:46,409 - WARNING -    Fitness actual: 152.6
2025-10-20 22:47:46,410 - WARNING -    Fitness vecino: 130.3
2025-10-20 22:47:46,410 - WARNING -    Delta: -22.2
2025-10-20 22:47:46,410 - WARNING -    Temperatura: 7.97
2025-10-20 22:47:46,411 - WARNING -    Tipo perturbación aplicada: (ver generar_vecino)
2025-10-20 22:47:46,411 - WARNING -    Vecino - Puntos: 17855, Tiempo: 16007.9min, Distancia: 239.8km
2025-10-20 22:47:46,411 - WARNING -    Actual - Puntos: 17854, Tiempo: 14592.4min, Distancia: 136.9km
2025-10-20 22:47:46,412 - WARNING -    Validez restricciones - Vecino: True, Actual: True
2025-10-20 22:47:46,412 - WARNING - ================================================================================
2025-10-20 22:47:46,412 - WARNING - ⚠️  SALTO ANORMAL DETECTADO en iteración 10837
2025-10-20 22:47:46,412 - WARNING -    Fitness: 152.6 → 130.3 (Δ=-22.2)
2025-10-20 22:47:46,413 - WARNING -    Ver detalles en archivo de log
2025-10-20 22:47:49,988 - WARNING - ⚠️  DEGRADACIÓN DETECTADA en iter 10900:
2025-10-20 22:47:49,988 - WARNING -    Mejor fitness: 164.8
2025-10-20 22:47:49,988 - WARNING -    Fitness promedio reciente: 141.0
2025-10-20 22:47:49,989 - WARNING -    Degradación: 23.8
2025-10-20 22:47:49,989 - WARNING -    🔄 RESTAURANDO mejor solución...
2025-10-20 22:47:49,992 - DEBUG - Iter 10900: T=7.95, Fitness_actual=164.8, Mejor=164.8
2025-10-20 22:47:50,968 - INFO - Iter 10917: Aceptada solución con delta=-13.1 (T=7.95)
2025-10-20 22:47:50,969 - INFO -   📊 Desglose del cambio:
2025-10-20 22:47:50,969 - INFO -      Puntos: -128 → 17745 total
2025-10-20 22:47:50,970 - INFO -      Tiempo: +64.2min → 14520.7min total
2025-10-20 22:47:50,970 - INFO -      Distancia: +4.1km → 134.6km total
2025-10-20 22:47:55,933 - INFO -   Iter 11000 | Tiempo:    9.4min ( 7.8%) | T =     7.93 | Fitness =    128.0 | Mejor =    164.8 | Aceptación =  89.7%
2025-10-20 22:47:55,933 - INFO - Progreso iter 11000: T=7.93, Fitness=128.0, Mejor=164.8, Tasa_acept=89.7%
2025-10-20 22:47:55,934 - WARNING - ⚠️  DEGRADACIÓN DETECTADA en iter 11000:
2025-10-20 22:47:55,934 - WARNING -    Mejor fitness: 164.8
2025-10-20 22:47:55,934 - WARNING -    Fitness promedio reciente: 131.1
2025-10-20 22:47:55,935 - WARNING -    Degradación: 33.7
2025-10-20 22:47:55,935 - WARNING -    🔄 RESTAURANDO mejor solución...
2025-10-20 22:47:55,936 - DEBUG - Iter 11000: T=7.93, Fitness_actual=164.8, Mejor=164.8
2025-10-20 22:47:58,592 - WARNING - ================================================================================
2025-10-20 22:47:58,592 - WARNING - ⚠️  SALTO ANORMAL DETECTADO en iteración 11045
2025-10-20 22:47:58,592 - WARNING -    Fitness actual: 152.3
2025-10-20 22:47:58,593 - WARNING -    Fitness vecino: 130.4
2025-10-20 22:47:58,593 - WARNING -    Delta: -21.8
2025-10-20 22:47:58,593 - WARNING -    Temperatura: 7.93
2025-10-20 22:47:58,593 - WARNING -    Tipo perturbación aplicada: (ver generar_vecino)
2025-10-20 22:47:58,594 - WARNING -    Vecino - Puntos: 17535, Tiempo: 14914.7min, Distancia: 133.7km
2025-10-20 22:47:58,594 - WARNING -    Actual - Puntos: 17777, Tiempo: 14463.2min, Distancia: 134.9km
2025-10-20 22:47:58,594 - WARNING -    Validez restricciones - Vecino: False, Actual: True
2025-10-20 22:47:58,595 - WARNING - ================================================================================
2025-10-20 22:47:58,595 - WARNING - ⚠️  SALTO ANORMAL DETECTADO en iteración 11045
2025-10-20 22:47:58,595 - WARNING -    Fitness: 152.3 → 130.4 (Δ=-21.8)
2025-10-20 22:47:58,595 - WARNING -    Ver detalles en archivo de log
2025-10-20 22:48:01,963 - WARNING - ⚠️  DEGRADACIÓN DETECTADA en iter 11100:
2025-10-20 22:48:01,964 - WARNING -    Mejor fitness: 164.8
2025-10-20 22:48:01,964 - WARNING -    Fitness promedio reciente: 141.7
2025-10-20 22:48:01,964 - WARNING -    Degradación: 23.1
2025-10-20 22:48:01,964 - WARNING -    🔄 RESTAURANDO mejor solución...
2025-10-20 22:48:01,967 - DEBUG - Iter 11100: T=7.91, Fitness_actual=164.8, Mejor=164.8
2025-10-20 22:48:02,268 - INFO - Iter 11105: Aceptada solución con delta=-11.5 (T=7.91)
2025-10-20 22:48:02,268 - INFO -   📊 Desglose del cambio:
2025-10-20 22:48:02,269 - INFO -      Puntos: -258 → 17597 total
2025-10-20 22:48:02,269 - INFO -      Tiempo: -272.5min → 14113.5min total
2025-10-20 22:48:02,269 - INFO -      Distancia: +1.9km → 130.3km total
2025-10-20 22:48:07,986 - WARNING - ⚠️  DEGRADACIÓN DETECTADA en iter 11200:
2025-10-20 22:48:07,987 - WARNING -    Mejor fitness: 164.8
2025-10-20 22:48:07,987 - WARNING -    Fitness promedio reciente: 135.3
2025-10-20 22:48:07,987 - WARNING -    Degradación: 29.6
2025-10-20 22:48:07,988 - WARNING -    🔄 RESTAURANDO mejor solución...
2025-10-20 22:48:07,989 - DEBUG - Iter 11200: T=7.90, Fitness_actual=164.8, Mejor=164.8
2025-10-20 22:48:10,056 - INFO - Iter 11234: Aceptada solución con delta=-11.5 (T=7.89)
2025-10-20 22:48:10,056 - INFO -   📊 Desglose del cambio:
2025-10-20 22:48:10,057 - INFO -      Puntos: +0 → 17082 total
2025-10-20 22:48:10,057 - INFO -      Tiempo: +401.6min → 14676.0min total
2025-10-20 22:48:10,057 - INFO -      Distancia: +3.5km → 145.1km total
2025-10-20 22:48:14,092 - WARNING - ⚠️  DEGRADACIÓN DETECTADA en iter 11300:
2025-10-20 22:48:14,093 - WARNING -    Mejor fitness: 164.8
2025-10-20 22:48:14,093 - WARNING -    Fitness promedio reciente: 127.7
2025-10-20 22:48:14,093 - WARNING -    Degradación: 37.1
2025-10-20 22:48:14,093 - WARNING -    🔄 RESTAURANDO mejor solución...
2025-10-20 22:48:14,095 - DEBUG - Iter 11300: T=7.88, Fitness_actual=164.8, Mejor=164.8
2025-10-20 22:48:14,166 - WARNING - ================================================================================
2025-10-20 22:48:14,166 - WARNING - ⚠️  SALTO ANORMAL DETECTADO en iteración 11301
2025-10-20 22:48:14,167 - WARNING -    Fitness actual: 164.8
2025-10-20 22:48:14,167 - WARNING -    Fitness vecino: 141.4
2025-10-20 22:48:14,167 - WARNING -    Delta: -23.5
2025-10-20 22:48:14,168 - WARNING -    Temperatura: 7.88
2025-10-20 22:48:14,168 - WARNING -    Tipo perturbación aplicada: (ver generar_vecino)
2025-10-20 22:48:14,169 - WARNING -    Vecino - Puntos: 17513, Tiempo: 16711.2min, Distancia: 173.4km
2025-10-20 22:48:14,169 - WARNING -    Actual - Puntos: 17864, Tiempo: 14526.9min, Distancia: 135.2km
2025-10-20 22:48:14,169 - WARNING -    Validez restricciones - Vecino: True, Actual: True
2025-10-20 22:48:14,169 - WARNING - ================================================================================
2025-10-20 22:48:14,170 - WARNING - ⚠️  SALTO ANORMAL DETECTADO en iteración 11301
2025-10-20 22:48:14,170 - WARNING -    Fitness: 164.8 → 141.4 (Δ=-23.5)
2025-10-20 22:48:14,170 - WARNING -    Ver detalles en archivo de log
2025-10-20 22:48:20,267 - WARNING - ⚠️  DEGRADACIÓN DETECTADA en iter 11400:
2025-10-20 22:48:20,267 - WARNING -    Mejor fitness: 164.8
2025-10-20 22:48:20,268 - WARNING -    Fitness promedio reciente: 128.0
2025-10-20 22:48:20,268 - WARNING -    Degradación: 36.9
2025-10-20 22:48:20,268 - WARNING -    🔄 RESTAURANDO mejor solución...
2025-10-20 22:48:20,269 - DEBUG - Iter 11400: T=7.86, Fitness_actual=164.8, Mejor=164.8
2025-10-20 22:48:21,781 - INFO - Iter 11425: Aceptada solución con delta=-13.0 (T=7.85)
2025-10-20 22:48:21,782 - INFO -   📊 Desglose del cambio:
2025-10-20 22:48:21,782 - INFO -      Puntos: -619 → 17214 total
2025-10-20 22:48:21,782 - INFO -      Tiempo: -342.4min → 14049.8min total
2025-10-20 22:48:21,782 - INFO -      Distancia: +6.0km → 136.2km total
2025-10-20 22:48:22,990 - INFO - Iter 11444: Aceptada solución con delta=-11.7 (T=7.85)
2025-10-20 22:48:22,991 - INFO -   📊 Desglose del cambio:
2025-10-20 22:48:22,991 - INFO -      Puntos: -776 → 15981 total
2025-10-20 22:48:22,991 - INFO -      Tiempo: -535.4min → 13971.0min total
2025-10-20 22:48:22,992 - INFO -      Distancia: -8.4km → 139.7km total
2025-10-20 22:48:26,573 - INFO -   Iter 11500 | Tiempo:    9.9min ( 8.2%) | T =     7.83 | Fitness =    108.5 | Mejor =    164.8 | Aceptación =  89.5%
2025-10-20 22:48:26,573 - INFO - Progreso iter 11500: T=7.83, Fitness=108.5, Mejor=164.8, Tasa_acept=89.5%
2025-10-20 22:48:26,574 - WARNING - ⚠️  DEGRADACIÓN DETECTADA en iter 11500:
2025-10-20 22:48:26,574 - WARNING -    Mejor fitness: 164.8
2025-10-20 22:48:26,574 - WARNING -    Fitness promedio reciente: 116.1
2025-10-20 22:48:26,575 - WARNING -    Degradación: 48.7
2025-10-20 22:48:26,575 - WARNING -    🔄 RESTAURANDO mejor solución...
2025-10-20 22:48:26,576 - DEBUG - Iter 11500: T=7.83, Fitness_actual=164.8, Mejor=164.8
2025-10-20 22:48:26,701 - INFO - 🌟 MEJORA #40 en iter 11502: Fitness=164.8 (+0.0), Puntos=17864
2025-10-20 22:48:26,702 - INFO -   ✨ Mejora #40 en iteración 11503: Fitness = 164.8 | Puntos = 17864 | T = 7.83
2025-10-20 22:48:26,892 - INFO - Iter 11505: Aceptada solución con delta=-12.5 (T=7.83)
2025-10-20 22:48:26,892 - INFO -   📊 Desglose del cambio:
2025-10-20 22:48:26,893 - INFO -      Puntos: -214 → 17648 total
2025-10-20 22:48:26,893 - INFO -      Tiempo: -235.4min → 14206.3min total
2025-10-20 22:48:26,893 - INFO -      Distancia: +5.0km → 133.0km total
2025-10-20 22:48:32,860 - DEBUG - Iter 11600: T=7.81, Fitness_actual=111.7, Mejor=164.8
2025-10-20 22:48:35,854 - WARNING - ⚠️  DEGRADACIÓN DETECTADA en iter 11650:
2025-10-20 22:48:35,854 - WARNING -    Mejor fitness: 164.8
2025-10-20 22:48:35,855 - WARNING -    Fitness promedio reciente: 107.2
2025-10-20 22:48:35,855 - WARNING -    Degradación: 57.7
2025-10-20 22:48:35,855 - WARNING -    🔄 RESTAURANDO mejor solución...
2025-10-20 22:48:37,107 - WARNING - ================================================================================
2025-10-20 22:48:37,108 - WARNING - ⚠️  SALTO ANORMAL DETECTADO en iteración 11671
2025-10-20 22:48:37,108 - WARNING -    Fitness actual: 158.7
2025-10-20 22:48:37,109 - WARNING -    Fitness vecino: 107.2
2025-10-20 22:48:37,109 - WARNING -    Delta: -51.5
2025-10-20 22:48:37,110 - WARNING -    Temperatura: 7.80
2025-10-20 22:48:37,110 - WARNING -    Tipo perturbación aplicada: (ver generar_vecino)
2025-10-20 22:48:37,110 - WARNING -    Vecino - Puntos: 17863, Tiempo: 16763.1min, Distancia: 344.0km
2025-10-20 22:48:37,111 - WARNING -    Actual - Puntos: 17823, Tiempo: 14218.3min, Distancia: 126.1km
2025-10-20 22:48:37,111 - WARNING -    Validez restricciones - Vecino: True, Actual: True
2025-10-20 22:48:37,111 - WARNING - ================================================================================
2025-10-20 22:48:37,112 - WARNING - ⚠️  SALTO ANORMAL DETECTADO en iteración 11671
2025-10-20 22:48:37,112 - WARNING -    Fitness: 158.7 → 107.2 (Δ=-51.5)
2025-10-20 22:48:37,112 - WARNING -    Ver detalles en archivo de log
2025-10-20 22:48:37,179 - WARNING - ================================================================================
2025-10-20 22:48:37,180 - WARNING - ⚠️  SALTO ANORMAL DETECTADO en iteración 11672
2025-10-20 22:48:37,180 - WARNING -    Fitness actual: 158.7
2025-10-20 22:48:37,181 - WARNING -    Fitness vecino: 136.3
2025-10-20 22:48:37,181 - WARNING -    Delta: -22.5
2025-10-20 22:48:37,181 - WARNING -    Temperatura: 7.80
2025-10-20 22:48:37,182 - WARNING -    Tipo perturbación aplicada: (ver generar_vecino)
2025-10-20 22:48:37,182 - WARNING -    Vecino - Puntos: 17488, Tiempo: 16602.2min, Distancia: 182.2km
2025-10-20 22:48:37,182 - WARNING -    Actual - Puntos: 17823, Tiempo: 14218.3min, Distancia: 126.1km
2025-10-20 22:48:37,183 - WARNING -    Validez restricciones - Vecino: True, Actual: True
2025-10-20 22:48:37,183 - WARNING - ================================================================================
2025-10-20 22:48:37,183 - WARNING - ⚠️  SALTO ANORMAL DETECTADO en iteración 11672
2025-10-20 22:48:37,183 - WARNING -    Fitness: 158.7 → 136.3 (Δ=-22.5)
2025-10-20 22:48:37,184 - WARNING -    Ver detalles en archivo de log
2025-10-20 22:48:37,662 - INFO - Iter 11680: Aceptada solución con delta=-12.5 (T=7.80)
2025-10-20 22:48:37,662 - INFO -   📊 Desglose del cambio:
2025-10-20 22:48:37,662 - INFO -      Puntos: -498 → 17343 total
2025-10-20 22:48:37,662 - INFO -      Tiempo: -127.7min → 14154.9min total
2025-10-20 22:48:37,663 - INFO -      Distancia: +2.7km → 129.6km total
2025-10-20 22:48:38,905 - DEBUG - Iter 11700: T=7.80, Fitness_actual=129.2, Mejor=164.8
2025-10-20 22:48:42,119 - WARNING - ⚠️  DEGRADACIÓN DETECTADA en iter 11750:
2025-10-20 22:48:42,120 - WARNING -    Mejor fitness: 164.8
2025-10-20 22:48:42,120 - WARNING -    Fitness promedio reciente: 125.8
2025-10-20 22:48:42,120 - WARNING -    Degradación: 39.1
2025-10-20 22:48:42,120 - WARNING -    🔄 RESTAURANDO mejor solución...
2025-10-20 22:48:42,122 - INFO - 🌟 MEJORA #41 en iter 11750: Fitness=164.8 (+0.0), Puntos=17864
2025-10-20 22:48:43,182 - WARNING - ================================================================================
2025-10-20 22:48:43,183 - WARNING - ⚠️  SALTO ANORMAL DETECTADO en iteración 11767
2025-10-20 22:48:43,183 - WARNING -    Fitness actual: 157.4
2025-10-20 22:48:43,183 - WARNING -    Fitness vecino: 96.1
2025-10-20 22:48:43,184 - WARNING -    Delta: -61.3
2025-10-20 22:48:43,184 - WARNING -    Temperatura: 7.78
2025-10-20 22:48:43,184 - WARNING -    Tipo perturbación aplicada: (ver generar_vecino)
2025-10-20 22:48:43,185 - WARNING -    Vecino - Puntos: 17854, Tiempo: 17225.0min, Distancia: 349.6km
2025-10-20 22:48:43,185 - WARNING -    Actual - Puntos: 17843, Tiempo: 14412.0min, Distancia: 124.8km
2025-10-20 22:48:43,185 - WARNING -    Validez restricciones - Vecino: True, Actual: True
2025-10-20 22:48:43,186 - WARNING - ================================================================================
2025-10-20 22:48:43,186 - WARNING - ⚠️  SALTO ANORMAL DETECTADO en iteración 11767
2025-10-20 22:48:43,186 - WARNING -    Fitness: 157.4 → 96.1 (Δ=-61.3)
2025-10-20 22:48:43,186 - WARNING -    Ver detalles en archivo de log
2025-10-20 22:48:45,242 - DEBUG - Iter 11800: T=7.78, Fitness_actual=148.9, Mejor=164.8
2025-10-20 22:48:51,638 - WARNING - ⚠️  DEGRADACIÓN DETECTADA en iter 11900:
2025-10-20 22:48:51,638 - WARNING -    Mejor fitness: 164.8
2025-10-20 22:48:51,639 - WARNING -    Fitness promedio reciente: 115.6
2025-10-20 22:48:51,639 - WARNING -    Degradación: 49.2
2025-10-20 22:48:51,639 - WARNING -    🔄 RESTAURANDO mejor solución...
2025-10-20 22:48:51,641 - DEBUG - Iter 11900: T=7.75, Fitness_actual=164.8, Mejor=164.8
2025-10-20 22:48:52,209 - INFO - Iter 11909: Aceptada solución con delta=-11.5 (T=7.75)
2025-10-20 22:48:52,209 - INFO -   📊 Desglose del cambio:
2025-10-20 22:48:52,210 - INFO -      Puntos: +0 → 17736 total
2025-10-20 22:48:52,210 - INFO -      Tiempo: +166.9min → 14802.8min total
2025-10-20 22:48:52,210 - INFO -      Distancia: +1.4km → 134.4km total
2025-10-20 22:48:54,814 - WARNING - ⚠️  DEGRADACIÓN DETECTADA en iter 11950:
2025-10-20 22:48:54,815 - WARNING -    Mejor fitness: 164.8
2025-10-20 22:48:54,815 - WARNING -    Fitness promedio reciente: 143.2
2025-10-20 22:48:54,815 - WARNING -    Degradación: 21.6
2025-10-20 22:48:54,816 - WARNING -    🔄 RESTAURANDO mejor solución...
2025-10-20 22:48:56,501 - INFO - Iter 11978: Aceptada solución con delta=-11.9 (T=7.74)
2025-10-20 22:48:56,502 - INFO -   📊 Desglose del cambio:
2025-10-20 22:48:56,502 - INFO -      Puntos: -843 → 16429 total
2025-10-20 22:48:56,502 - INFO -      Tiempo: -519.1min → 13493.9min total
2025-10-20 22:48:56,503 - INFO -      Distancia: -6.6km → 154.1km total
2025-10-20 22:48:57,826 - INFO -   Iter 12000 | Tiempo:   10.4min ( 8.7%) | T =     7.73 | Fitness =    132.4 | Mejor =    164.8 | Aceptación =  89.4%
2025-10-20 22:48:57,827 - INFO - Progreso iter 12000: T=7.73, Fitness=132.4, Mejor=164.8, Tasa_acept=89.4%
2025-10-20 22:48:57,829 - DEBUG - Iter 12000: T=7.73, Fitness_actual=132.4, Mejor=164.8
2025-10-20 22:49:00,827 - WARNING - ⚠️  DEGRADACIÓN DETECTADA en iter 12050:
2025-10-20 22:49:00,827 - WARNING -    Mejor fitness: 164.8
2025-10-20 22:49:00,827 - WARNING -    Fitness promedio reciente: 118.9
2025-10-20 22:49:00,828 - WARNING -    Degradación: 45.9
2025-10-20 22:49:00,828 - WARNING -    🔄 RESTAURANDO mejor solución...
2025-10-20 22:49:01,231 - WARNING - ================================================================================
2025-10-20 22:49:01,232 - WARNING - ⚠️  SALTO ANORMAL DETECTADO en iteración 12056
2025-10-20 22:49:01,232 - WARNING -    Fitness actual: 161.8
2025-10-20 22:49:01,233 - WARNING -    Fitness vecino: 140.9
2025-10-20 22:49:01,233 - WARNING -    Delta: -20.9
2025-10-20 22:49:01,233 - WARNING -    Temperatura: 7.72
2025-10-20 22:49:01,234 - WARNING -    Tipo perturbación aplicada: (ver generar_vecino)
2025-10-20 22:49:01,234 - WARNING -    Vecino - Puntos: 17729, Tiempo: 14822.9min, Distancia: 127.3km
2025-10-20 22:49:01,234 - WARNING -    Actual - Puntos: 17857, Tiempo: 14439.2min, Distancia: 131.6km
2025-10-20 22:49:01,235 - WARNING -    Validez restricciones - Vecino: False, Actual: True
2025-10-20 22:49:01,235 - WARNING - ================================================================================
2025-10-20 22:49:01,235 - WARNING - ⚠️  SALTO ANORMAL DETECTADO en iteración 12056
2025-10-20 22:49:01,236 - WARNING -    Fitness: 161.8 → 140.9 (Δ=-20.9)
2025-10-20 22:49:01,236 - WARNING -    Ver detalles en archivo de log
2025-10-20 22:49:04,011 - WARNING - ⚠️  DEGRADACIÓN DETECTADA en iter 12100:
2025-10-20 22:49:04,012 - WARNING -    Mejor fitness: 164.8
2025-10-20 22:49:04,012 - WARNING -    Fitness promedio reciente: 141.7
2025-10-20 22:49:04,013 - WARNING -    Degradación: 23.2
2025-10-20 22:49:04,013 - WARNING -    🔄 RESTAURANDO mejor solución...
2025-10-20 22:49:04,016 - DEBUG - Iter 12100: T=7.72, Fitness_actual=164.8, Mejor=164.8
2025-10-20 22:49:07,212 - WARNING - ⚠️  DEGRADACIÓN DETECTADA en iter 12150:
2025-10-20 22:49:07,212 - WARNING -    Mejor fitness: 164.8
2025-10-20 22:49:07,212 - WARNING -    Fitness promedio reciente: 143.9
2025-10-20 22:49:07,213 - WARNING -    Degradación: 20.9
2025-10-20 22:49:07,213 - WARNING -    🔄 RESTAURANDO mejor solución...
2025-10-20 22:49:10,319 - DEBUG - Iter 12200: T=7.70, Fitness_actual=132.0, Mejor=164.8
2025-10-20 22:49:13,366 - WARNING - ⚠️  DEGRADACIÓN DETECTADA en iter 12250:
2025-10-20 22:49:13,366 - WARNING -    Mejor fitness: 164.8
2025-10-20 22:49:13,367 - WARNING -    Fitness promedio reciente: 118.5
2025-10-20 22:49:13,367 - WARNING -    Degradación: 46.4
2025-10-20 22:49:13,367 - WARNING -    🔄 RESTAURANDO mejor solución...
2025-10-20 22:49:16,462 - DEBUG - Iter 12300: T=7.68, Fitness_actual=123.0, Mejor=164.8
2025-10-20 22:49:19,862 - WARNING - ⚠️  DEGRADACIÓN DETECTADA en iter 12350:
2025-10-20 22:49:19,862 - WARNING -    Mejor fitness: 164.8
2025-10-20 22:49:19,863 - WARNING -    Fitness promedio reciente: 114.0
2025-10-20 22:49:19,863 - WARNING -    Degradación: 50.8
2025-10-20 22:49:19,863 - WARNING -    🔄 RESTAURANDO mejor solución...
2025-10-20 22:49:22,886 - INFO - Iter 12395: Aceptada solución con delta=-10.0 (T=7.66)
2025-10-20 22:49:22,886 - INFO -   📊 Desglose del cambio:
2025-10-20 22:49:22,886 - INFO -      Puntos: -325 → 17047 total
2025-10-20 22:49:22,887 - INFO -      Tiempo: +978.4min → 15479.9min total
2025-10-20 22:49:22,888 - INFO -      Distancia: +14.6km → 149.7km total
2025-10-20 22:49:23,251 - DEBUG - Iter 12400: T=7.65, Fitness_actual=125.6, Mejor=164.8
2025-10-20 22:49:26,873 - WARNING - ⚠️  DEGRADACIÓN DETECTADA en iter 12450:
2025-10-20 22:49:26,873 - WARNING -    Mejor fitness: 164.8
2025-10-20 22:49:26,874 - WARNING -    Fitness promedio reciente: 120.3
2025-10-20 22:49:26,874 - WARNING -    Degradación: 44.5
2025-10-20 22:49:26,874 - WARNING -    🔄 RESTAURANDO mejor solución...
2025-10-20 22:49:29,635 - INFO - Iter 12493: Aceptada solución con delta=-10.4 (T=7.63)
2025-10-20 22:49:29,636 - INFO -   📊 Desglose del cambio:
2025-10-20 22:49:29,636 - INFO -      Puntos: -693 → 16212 total
2025-10-20 22:49:29,637 - INFO -      Tiempo: +0.9min → 13904.5min total
2025-10-20 22:49:29,637 - INFO -      Distancia: +0.9km → 125.8km total
2025-10-20 22:49:30,097 - INFO -   Iter 12500 | Tiempo:   10.9min ( 9.1%) | T =     7.63 | Fitness =    123.1 | Mejor =    164.8 | Aceptación =  89.4%
2025-10-20 22:49:30,098 - INFO - Progreso iter 12500: T=7.63, Fitness=123.1, Mejor=164.8, Tasa_acept=89.4%
2025-10-20 22:49:30,099 - WARNING - ⚠️  DEGRADACIÓN DETECTADA en iter 12500:
2025-10-20 22:49:30,099 - WARNING -    Mejor fitness: 164.8
2025-10-20 22:49:30,100 - WARNING -    Fitness promedio reciente: 143.4
2025-10-20 22:49:30,100 - WARNING -    Degradación: 21.5
2025-10-20 22:49:30,100 - WARNING -    🔄 RESTAURANDO mejor solución...
2025-10-20 22:49:30,101 - DEBUG - Iter 12500: T=7.63, Fitness_actual=164.8, Mejor=164.8
2025-10-20 22:49:36,764 - WARNING - ⚠️  DEGRADACIÓN DETECTADA en iter 12600:
2025-10-20 22:49:36,765 - WARNING -    Mejor fitness: 164.8
2025-10-20 22:49:36,765 - WARNING -    Fitness promedio reciente: 137.1
2025-10-20 22:49:36,765 - WARNING -    Degradación: 27.7
2025-10-20 22:49:36,765 - WARNING -    🔄 RESTAURANDO mejor solución...
2025-10-20 22:49:36,767 - DEBUG - Iter 12600: T=7.61, Fitness_actual=164.8, Mejor=164.8
2025-10-20 22:49:43,233 - WARNING - ⚠️  DEGRADACIÓN DETECTADA en iter 12700:
2025-10-20 22:49:43,233 - WARNING -    Mejor fitness: 164.8
2025-10-20 22:49:43,234 - WARNING -    Fitness promedio reciente: 120.5
2025-10-20 22:49:43,235 - WARNING -    Degradación: 44.4
2025-10-20 22:49:43,235 - WARNING -    🔄 RESTAURANDO mejor solución...
2025-10-20 22:49:43,239 - DEBUG - Iter 12700: T=7.59, Fitness_actual=164.8, Mejor=164.8
2025-10-20 22:49:49,462 - WARNING - ⚠️  DEGRADACIÓN DETECTADA en iter 12800:
2025-10-20 22:49:49,463 - WARNING -    Mejor fitness: 164.8
2025-10-20 22:49:49,463 - WARNING -    Fitness promedio reciente: 118.6
2025-10-20 22:49:49,463 - WARNING -    Degradación: 46.3
2025-10-20 22:49:49,464 - WARNING -    🔄 RESTAURANDO mejor solución...
2025-10-20 22:49:49,465 - DEBUG - Iter 12800: T=7.57, Fitness_actual=164.8, Mejor=164.8
2025-10-20 22:49:55,836 - WARNING - ⚠️  DEGRADACIÓN DETECTADA en iter 12900:
2025-10-20 22:49:55,837 - WARNING -    Mejor fitness: 164.8
2025-10-20 22:49:55,837 - WARNING -    Fitness promedio reciente: 133.3
2025-10-20 22:49:55,837 - WARNING -    Degradación: 31.5
2025-10-20 22:49:55,838 - WARNING -    🔄 RESTAURANDO mejor solución...
2025-10-20 22:49:55,851 - DEBUG - Iter 12900: T=7.55, Fitness_actual=164.8, Mejor=164.8
2025-10-20 22:49:55,979 - INFO - 🌟 MEJORA #42 en iter 12902: Fitness=164.9 (+0.0), Puntos=17867
2025-10-20 22:49:56,039 - INFO - 🌟 MEJORA #43 en iter 12903: Fitness=164.9 (+0.0), Puntos=17867
2025-10-20 22:49:56,938 - INFO - Iter 12917: Aceptada solución con delta=-11.8 (T=7.55)
2025-10-20 22:49:56,939 - INFO -   📊 Desglose del cambio:
2025-10-20 22:49:56,939 - INFO -      Puntos: -128 → 17749 total
2025-10-20 22:49:56,939 - INFO -      Tiempo: -12.1min → 14430.4min total
2025-10-20 22:49:56,940 - INFO -      Distancia: +0.2km → 125.9km total
2025-10-20 22:50:02,259 - INFO -   Iter 13000 | Tiempo:   11.5min ( 9.6%) | T =     7.53 | Fitness =    126.6 | Mejor =    164.9 | Aceptación =  89.2%
2025-10-20 22:50:02,260 - INFO - Progreso iter 13000: T=7.53, Fitness=126.6, Mejor=164.9, Tasa_acept=89.2%
2025-10-20 22:50:02,262 - DEBUG - Iter 13000: T=7.53, Fitness_actual=126.6, Mejor=164.9
2025-10-20 22:50:05,510 - WARNING - ⚠️  DEGRADACIÓN DETECTADA en iter 13050:
2025-10-20 22:50:05,510 - WARNING -    Mejor fitness: 164.9
2025-10-20 22:50:05,511 - WARNING -    Fitness promedio reciente: 127.7
2025-10-20 22:50:05,511 - WARNING -    Degradación: 37.2
2025-10-20 22:50:05,511 - WARNING -    🔄 RESTAURANDO mejor solución...
2025-10-20 22:50:08,702 - DEBUG - Iter 13100: T=7.51, Fitness_actual=128.7, Mejor=164.9
2025-10-20 22:50:11,866 - WARNING - ⚠️  DEGRADACIÓN DETECTADA en iter 13150:
2025-10-20 22:50:11,866 - WARNING -    Mejor fitness: 164.9
2025-10-20 22:50:11,866 - WARNING -    Fitness promedio reciente: 122.8
2025-10-20 22:50:11,867 - WARNING -    Degradación: 42.1
2025-10-20 22:50:11,867 - WARNING -    🔄 RESTAURANDO mejor solución...
2025-10-20 22:50:14,981 - WARNING - ⚠️  DEGRADACIÓN DETECTADA en iter 13200:
2025-10-20 22:50:14,982 - WARNING -    Mejor fitness: 164.9
2025-10-20 22:50:14,982 - WARNING -    Fitness promedio reciente: 143.2
2025-10-20 22:50:14,982 - WARNING -    Degradación: 21.7
2025-10-20 22:50:14,983 - WARNING -    🔄 RESTAURANDO mejor solución...
2025-10-20 22:50:14,984 - DEBUG - Iter 13200: T=7.49, Fitness_actual=164.9, Mejor=164.9
2025-10-20 22:50:21,310 - WARNING - ⚠️  DEGRADACIÓN DETECTADA en iter 13300:
2025-10-20 22:50:21,310 - WARNING -    Mejor fitness: 164.9
2025-10-20 22:50:21,311 - WARNING -    Fitness promedio reciente: 116.3
2025-10-20 22:50:21,311 - WARNING -    Degradación: 48.6
2025-10-20 22:50:21,312 - WARNING -    🔄 RESTAURANDO mejor solución...
2025-10-20 22:50:21,316 - DEBUG - Iter 13300: T=7.47, Fitness_actual=164.9, Mejor=164.9
2025-10-20 22:50:21,568 - INFO - 🌟 MEJORA #44 en iter 13304: Fitness=164.9 (+0.0), Puntos=17868
2025-10-20 22:50:27,742 - DEBUG - Iter 13400: T=7.45, Fitness_actual=118.7, Mejor=164.9
2025-10-20 22:50:29,050 - INFO - Iter 13420: Aceptada solución con delta=-11.3 (T=7.45)
2025-10-20 22:50:29,050 - INFO -   📊 Desglose del cambio:
2025-10-20 22:50:29,051 - INFO -      Puntos: -729 → 15615 total
2025-10-20 22:50:29,051 - INFO -      Tiempo: -712.7min → 13480.6min total
2025-10-20 22:50:29,052 - INFO -      Distancia: -6.9km → 173.4km total
2025-10-20 22:50:31,028 - WARNING - ⚠️  DEGRADACIÓN DETECTADA en iter 13450:
2025-10-20 22:50:31,028 - WARNING -    Mejor fitness: 164.9
2025-10-20 22:50:31,029 - WARNING -    Fitness promedio reciente: 113.6
2025-10-20 22:50:31,029 - WARNING -    Degradación: 51.3
2025-10-20 22:50:31,029 - WARNING -    🔄 RESTAURANDO mejor solución...
2025-10-20 22:50:31,098 - INFO - Iter 13451: Aceptada solución con delta=-12.7 (T=7.44)
2025-10-20 22:50:31,099 - INFO -   📊 Desglose del cambio:
2025-10-20 22:50:31,099 - INFO -      Puntos: -259 → 17609 total
2025-10-20 22:50:31,100 - INFO -      Tiempo: -106.6min → 14415.2min total
2025-10-20 22:50:31,100 - INFO -      Distancia: +1.9km → 136.7km total
2025-10-20 22:50:34,270 - INFO -   Iter 13500 | Tiempo:   12.0min (10.0%) | T =     7.43 | Fitness =    124.6 | Mejor =    164.9 | Aceptación =  89.2%
2025-10-20 22:50:34,270 - INFO - Progreso iter 13500: T=7.43, Fitness=124.6, Mejor=164.9, Tasa_acept=89.2%
2025-10-20 22:50:34,271 - WARNING - ⚠️  DEGRADACIÓN DETECTADA en iter 13500:
2025-10-20 22:50:34,271 - WARNING -    Mejor fitness: 164.9
2025-10-20 22:50:34,272 - WARNING -    Fitness promedio reciente: 140.0
2025-10-20 22:50:34,272 - WARNING -    Degradación: 24.8
2025-10-20 22:50:34,272 - WARNING -    🔄 RESTAURANDO mejor solución...
2025-10-20 22:50:34,275 - DEBUG - Iter 13500: T=7.43, Fitness_actual=164.9, Mejor=164.9
2025-10-20 22:50:34,539 - WARNING - ================================================================================
2025-10-20 22:50:34,539 - WARNING - ⚠️  SALTO ANORMAL DETECTADO en iteración 13504
2025-10-20 22:50:34,540 - WARNING -    Fitness actual: 162.0
2025-10-20 22:50:34,540 - WARNING -    Fitness vecino: 142.0
2025-10-20 22:50:34,541 - WARNING -    Delta: -20.0
2025-10-20 22:50:34,541 - WARNING -    Temperatura: 7.43
2025-10-20 22:50:34,541 - WARNING -    Tipo perturbación aplicada: (ver generar_vecino)
2025-10-20 22:50:34,542 - WARNING -    Vecino - Puntos: 17736, Tiempo: 14664.4min, Distancia: 129.1km
2025-10-20 22:50:34,542 - WARNING -    Actual - Puntos: 17868, Tiempo: 14451.7min, Distancia: 128.9km
2025-10-20 22:50:34,543 - WARNING -    Validez restricciones - Vecino: False, Actual: True
2025-10-20 22:50:34,543 - WARNING - ================================================================================
2025-10-20 22:50:34,543 - WARNING - ⚠️  SALTO ANORMAL DETECTADO en iteración 13504
2025-10-20 22:50:34,543 - WARNING -    Fitness: 162.0 → 142.0 (Δ=-20.0)
2025-10-20 22:50:34,544 - WARNING -    Ver detalles en archivo de log
2025-10-20 22:50:40,890 - WARNING - ⚠️  DEGRADACIÓN DETECTADA en iter 13600:
2025-10-20 22:50:40,890 - WARNING -    Mejor fitness: 164.9
2025-10-20 22:50:40,891 - WARNING -    Fitness promedio reciente: 140.4
2025-10-20 22:50:40,891 - WARNING -    Degradación: 24.4
2025-10-20 22:50:40,892 - WARNING -    🔄 RESTAURANDO mejor solución...
2025-10-20 22:50:40,893 - DEBUG - Iter 13600: T=7.41, Fitness_actual=164.9, Mejor=164.9
2025-10-20 22:50:46,343 - INFO - Iter 13680: Aceptada solución con delta=-10.9 (T=7.40)
2025-10-20 22:50:46,344 - INFO -   📊 Desglose del cambio:
2025-10-20 22:50:46,344 - INFO -      Puntos: -740 → 16992 total
2025-10-20 22:50:46,344 - INFO -      Tiempo: -616.1min → 13379.9min total
2025-10-20 22:50:46,345 - INFO -      Distancia: -3.4km → 112.1km total
2025-10-20 22:50:47,727 - WARNING - ⚠️  DEGRADACIÓN DETECTADA en iter 13700:
2025-10-20 22:50:47,727 - WARNING -    Mejor fitness: 164.9
2025-10-20 22:50:47,727 - WARNING -    Fitness promedio reciente: 143.3
2025-10-20 22:50:47,728 - WARNING -    Degradación: 21.6
2025-10-20 22:50:47,728 - WARNING -    🔄 RESTAURANDO mejor solución...
2025-10-20 22:50:47,729 - DEBUG - Iter 13700: T=7.39, Fitness_actual=164.9, Mejor=164.9
2025-10-20 22:50:52,696 - INFO - Iter 13772: Aceptada solución con delta=-10.7 (T=7.38)
2025-10-20 22:50:52,697 - INFO -   📊 Desglose del cambio:
2025-10-20 22:50:52,697 - INFO -      Puntos: -719 → 16617 total
2025-10-20 22:50:52,698 - INFO -      Tiempo: -100.1min → 14635.1min total
2025-10-20 22:50:52,698 - INFO -      Distancia: -7.1km → 135.4km total
2025-10-20 22:50:54,568 - WARNING - ⚠️  DEGRADACIÓN DETECTADA en iter 13800:
2025-10-20 22:50:54,569 - WARNING -    Mejor fitness: 164.9
2025-10-20 22:50:54,569 - WARNING -    Fitness promedio reciente: 129.5
2025-10-20 22:50:54,570 - WARNING -    Degradación: 35.4
2025-10-20 22:50:54,570 - WARNING -    🔄 RESTAURANDO mejor solución...
2025-10-20 22:50:54,572 - DEBUG - Iter 13800: T=7.37, Fitness_actual=164.9, Mejor=164.9
2025-10-20 22:50:58,037 - WARNING - ⚠️  DEGRADACIÓN DETECTADA en iter 13850:
2025-10-20 22:50:58,038 - WARNING -    Mejor fitness: 164.9
2025-10-20 22:50:58,038 - WARNING -    Fitness promedio reciente: 144.1
2025-10-20 22:50:58,039 - WARNING -    Degradación: 20.8
2025-10-20 22:50:58,039 - WARNING -    🔄 RESTAURANDO mejor solución...
2025-10-20 22:50:58,040 - INFO - 🌟 MEJORA #45 en iter 13850: Fitness=164.9 (+0.0), Puntos=17868
2025-10-20 22:50:58,040 - INFO -   ✨ Mejora #45 en iteración 13851: Fitness = 164.9 | Puntos = 17868 | T = 7.36
2025-10-20 22:50:58,185 - WARNING - ================================================================================
2025-10-20 22:50:58,185 - WARNING - ⚠️  SALTO ANORMAL DETECTADO en iteración 13852
2025-10-20 22:50:58,186 - WARNING -    Fitness actual: 164.9
2025-10-20 22:50:58,186 - WARNING -    Fitness vecino: 141.5
2025-10-20 22:50:58,186 - WARNING -    Delta: -23.4
2025-10-20 22:50:58,186 - WARNING -    Temperatura: 7.36
2025-10-20 22:50:58,187 - WARNING -    Tipo perturbación aplicada: (ver generar_vecino)
2025-10-20 22:50:58,187 - WARNING -    Vecino - Puntos: 17740, Tiempo: 14891.9min, Distancia: 129.3km
2025-10-20 22:50:58,187 - WARNING -    Actual - Puntos: 17868, Tiempo: 14520.0min, Distancia: 134.6km
2025-10-20 22:50:58,188 - WARNING -    Validez restricciones - Vecino: False, Actual: True
2025-10-20 22:50:58,188 - WARNING - ================================================================================
2025-10-20 22:50:58,188 - WARNING - ⚠️  SALTO ANORMAL DETECTADO en iteración 13852
2025-10-20 22:50:58,188 - WARNING -    Fitness: 164.9 → 141.5 (Δ=-23.4)
2025-10-20 22:50:58,189 - WARNING -    Ver detalles en archivo de log
2025-10-20 22:51:01,466 - DEBUG - Iter 13900: T=7.35, Fitness_actual=120.9, Mejor=164.9
2025-10-20 22:51:08,182 - INFO -   Iter 14000 | Tiempo:   12.6min (10.5%) | T =     7.33 | Fitness =    116.2 | Mejor =    164.9 | Aceptación =  89.0%
2025-10-20 22:51:08,183 - INFO - Progreso iter 14000: T=7.33, Fitness=116.2, Mejor=164.9, Tasa_acept=89.0%
2025-10-20 22:51:08,183 - WARNING - ⚠️  DEGRADACIÓN DETECTADA en iter 14000:
2025-10-20 22:51:08,184 - WARNING -    Mejor fitness: 164.9
2025-10-20 22:51:08,184 - WARNING -    Fitness promedio reciente: 121.7
2025-10-20 22:51:08,184 - WARNING -    Degradación: 43.2
2025-10-20 22:51:08,185 - WARNING -    🔄 RESTAURANDO mejor solución...
2025-10-20 22:51:08,186 - DEBUG - Iter 14000: T=7.33, Fitness_actual=164.9, Mejor=164.9
2025-10-20 22:51:10,300 - INFO - Iter 14031: Aceptada solución con delta=-11.0 (T=7.32)
2025-10-20 22:51:10,301 - INFO -   📊 Desglose del cambio:
2025-10-20 22:51:10,301 - INFO -      Puntos: +0 → 17738 total
2025-10-20 22:51:10,302 - INFO -      Tiempo: +158.6min → 14520.6min total
2025-10-20 22:51:10,302 - INFO -      Distancia: +0.7km → 133.4km total
2025-10-20 22:51:14,842 - WARNING - ⚠️  DEGRADACIÓN DETECTADA en iter 14100:
2025-10-20 22:51:14,842 - WARNING -    Mejor fitness: 164.9
2025-10-20 22:51:14,843 - WARNING -    Fitness promedio reciente: 123.9
2025-10-20 22:51:14,843 - WARNING -    Degradación: 40.9
2025-10-20 22:51:14,844 - WARNING -    🔄 RESTAURANDO mejor solución...
2025-10-20 22:51:14,845 - DEBUG - Iter 14100: T=7.31, Fitness_actual=164.9, Mejor=164.9
2025-10-20 22:51:14,908 - INFO - Iter 14101: Aceptada solución con delta=-12.2 (T=7.31)
2025-10-20 22:51:14,909 - INFO -   📊 Desglose del cambio:
2025-10-20 22:51:14,909 - INFO -      Puntos: -306 → 17554 total
2025-10-20 22:51:14,910 - INFO -      Tiempo: -72.0min → 14357.4min total
2025-10-20 22:51:14,910 - INFO -      Distancia: -3.1km → 127.7km total
2025-10-20 22:51:18,029 - WARNING - ⚠️  DEGRADACIÓN DETECTADA en iter 14150:
2025-10-20 22:51:18,030 - WARNING -    Mejor fitness: 164.9
2025-10-20 22:51:18,030 - WARNING -    Fitness promedio reciente: 141.5
2025-10-20 22:51:18,030 - WARNING -    Degradación: 23.3
2025-10-20 22:51:18,031 - WARNING -    🔄 RESTAURANDO mejor solución...
2025-10-20 22:51:21,293 - WARNING - ⚠️  DEGRADACIÓN DETECTADA en iter 14200:
2025-10-20 22:51:21,294 - WARNING -    Mejor fitness: 164.9
2025-10-20 22:51:21,294 - WARNING -    Fitness promedio reciente: 143.0
2025-10-20 22:51:21,294 - WARNING -    Degradación: 21.9
2025-10-20 22:51:21,295 - WARNING -    🔄 RESTAURANDO mejor solución...
2025-10-20 22:51:21,296 - DEBUG - Iter 14200: T=7.29, Fitness_actual=164.9, Mejor=164.9
2025-10-20 22:51:21,362 - INFO - 🌟 MEJORA #46 en iter 14201: Fitness=164.9 (+0.0), Puntos=17870
2025-10-20 22:51:27,992 - DEBUG - Iter 14300: T=7.27, Fitness_actual=124.1, Mejor=164.9
2025-10-20 22:51:31,506 - WARNING - ⚠️  DEGRADACIÓN DETECTADA en iter 14350:
2025-10-20 22:51:31,507 - WARNING -    Mejor fitness: 164.9
2025-10-20 22:51:31,507 - WARNING -    Fitness promedio reciente: 123.7
2025-10-20 22:51:31,508 - WARNING -    Degradación: 41.2
2025-10-20 22:51:31,508 - WARNING -    🔄 RESTAURANDO mejor solución...
2025-10-20 22:51:35,149 - DEBUG - Iter 14400: T=7.25, Fitness_actual=131.0, Mejor=164.9
2025-10-20 22:51:38,518 - WARNING - ⚠️  DEGRADACIÓN DETECTADA en iter 14450:
2025-10-20 22:51:38,518 - WARNING -    Mejor fitness: 164.9
2025-10-20 22:51:38,518 - WARNING -    Fitness promedio reciente: 124.5
2025-10-20 22:51:38,519 - WARNING -    Degradación: 40.4
2025-10-20 22:51:38,519 - WARNING -    🔄 RESTAURANDO mejor solución...
2025-10-20 22:51:41,720 - INFO -   Iter 14500 | Tiempo:   13.1min (10.9%) | T =     7.23 | Fitness =    139.5 | Mejor =    164.9 | Aceptación =  89.0%
2025-10-20 22:51:41,720 - INFO - Progreso iter 14500: T=7.23, Fitness=139.5, Mejor=164.9, Tasa_acept=89.0%
2025-10-20 22:51:41,723 - DEBUG - Iter 14500: T=7.23, Fitness_actual=139.5, Mejor=164.9
2025-10-20 22:51:44,968 - WARNING - ⚠️  DEGRADACIÓN DETECTADA en iter 14550:
2025-10-20 22:51:44,969 - WARNING -    Mejor fitness: 164.9
2025-10-20 22:51:44,969 - WARNING -    Fitness promedio reciente: 132.0
2025-10-20 22:51:44,970 - WARNING -    Degradación: 32.9
2025-10-20 22:51:44,970 - WARNING -    🔄 RESTAURANDO mejor solución...
2025-10-20 22:51:44,971 - INFO - 🌟 MEJORA #47 en iter 14550: Fitness=164.9 (+0.0), Puntos=17872
2025-10-20 22:51:48,347 - DEBUG - Iter 14600: T=7.21, Fitness_actual=142.0, Mejor=164.9
2025-10-20 22:51:49,721 - WARNING - ================================================================================
2025-10-20 22:51:49,722 - WARNING - ⚠️  SALTO ANORMAL DETECTADO en iteración 14620
2025-10-20 22:51:49,722 - WARNING -    Fitness actual: 130.5
2025-10-20 22:51:49,723 - WARNING -    Fitness vecino: 94.0
2025-10-20 22:51:49,723 - WARNING -    Delta: -36.5
2025-10-20 22:51:49,724 - WARNING -    Temperatura: 7.21
2025-10-20 22:51:49,724 - WARNING -    Tipo perturbación aplicada: (ver generar_vecino)
2025-10-20 22:51:49,724 - WARNING -    Vecino - Puntos: 16728, Tiempo: 16165.9min, Distancia: 285.5km
2025-10-20 22:51:49,724 - WARNING -    Actual - Puntos: 16693, Tiempo: 13941.3min, Distancia: 132.2km
2025-10-20 22:51:49,725 - WARNING -    Validez restricciones - Vecino: False, Actual: False
2025-10-20 22:51:49,725 - WARNING - ================================================================================
2025-10-20 22:51:49,725 - WARNING - ⚠️  SALTO ANORMAL DETECTADO en iteración 14620
2025-10-20 22:51:49,726 - WARNING -    Fitness: 130.5 → 94.0 (Δ=-36.5)
2025-10-20 22:51:49,726 - WARNING -    Ver detalles en archivo de log
2025-10-20 22:51:55,288 - WARNING - ⚠️  DEGRADACIÓN DETECTADA en iter 14700:
2025-10-20 22:51:55,288 - WARNING -    Mejor fitness: 164.9
2025-10-20 22:51:55,289 - WARNING -    Fitness promedio reciente: 113.2
2025-10-20 22:51:55,289 - WARNING -    Degradación: 51.7
2025-10-20 22:51:55,289 - WARNING -    🔄 RESTAURANDO mejor solución...
2025-10-20 22:51:55,291 - DEBUG - Iter 14700: T=7.19, Fitness_actual=164.9, Mejor=164.9
2025-10-20 22:51:55,849 - INFO - Iter 14708: Aceptada solución con delta=-14.8 (T=7.19)
2025-10-20 22:51:55,849 - INFO -   📊 Desglose del cambio:
2025-10-20 22:51:55,849 - INFO -      Puntos: -262 → 17606 total
2025-10-20 22:51:55,850 - INFO -      Tiempo: +44.0min → 14403.8min total
2025-10-20 22:51:55,850 - INFO -      Distancia: +4.1km → 130.3km total
2025-10-20 22:51:58,146 - INFO - Iter 14741: Aceptada solución con delta=-11.0 (T=7.18)
2025-10-20 22:51:58,146 - INFO -   📊 Desglose del cambio:
2025-10-20 22:51:58,146 - INFO -      Puntos: +0 → 17549 total
2025-10-20 22:51:58,147 - INFO -      Tiempo: +0.0min → 13539.5min total
2025-10-20 22:51:58,147 - INFO -      Distancia: +0.0km → 124.1km total
2025-10-20 22:52:02,277 - WARNING - ⚠️  DEGRADACIÓN DETECTADA en iter 14800:
2025-10-20 22:52:02,277 - WARNING -    Mejor fitness: 164.9
2025-10-20 22:52:02,278 - WARNING -    Fitness promedio reciente: 128.0
2025-10-20 22:52:02,278 - WARNING -    Degradación: 36.9
2025-10-20 22:52:02,279 - WARNING -    🔄 RESTAURANDO mejor solución...
2025-10-20 22:52:02,282 - DEBUG - Iter 14800: T=7.17, Fitness_actual=164.9, Mejor=164.9
2025-10-20 22:52:07,618 - INFO - Iter 14876: Aceptada solución con delta=-10.1 (T=7.15)
2025-10-20 22:52:07,619 - INFO -   📊 Desglose del cambio:
2025-10-20 22:52:07,619 - INFO -      Puntos: -161 → 15433 total
2025-10-20 22:52:07,619 - INFO -      Tiempo: -15.8min → 13761.1min total
2025-10-20 22:52:07,620 - INFO -      Distancia: -4.6km → 147.2km total
2025-10-20 22:52:09,291 - WARNING - ⚠️  DEGRADACIÓN DETECTADA en iter 14900:
2025-10-20 22:52:09,291 - WARNING -    Mejor fitness: 164.9
2025-10-20 22:52:09,291 - WARNING -    Fitness promedio reciente: 123.3
2025-10-20 22:52:09,292 - WARNING -    Degradación: 41.6
2025-10-20 22:52:09,292 - WARNING -    🔄 RESTAURANDO mejor solución...
2025-10-20 22:52:09,293 - DEBUG - Iter 14900: T=7.15, Fitness_actual=164.9, Mejor=164.9
2025-10-20 22:52:09,293 - INFO - 🌟 MEJORA #48 en iter 14900: Fitness=164.9 (+0.0), Puntos=17872
2025-10-20 22:52:11,320 - WARNING - ================================================================================
2025-10-20 22:52:11,321 - WARNING - ⚠️  SALTO ANORMAL DETECTADO en iteración 14929
2025-10-20 22:52:11,321 - WARNING -    Fitness actual: 161.1
2025-10-20 22:52:11,321 - WARNING -    Fitness vecino: 136.3
2025-10-20 22:52:11,322 - WARNING -    Delta: -24.8
2025-10-20 22:52:11,322 - WARNING -    Temperatura: 7.14
2025-10-20 22:52:11,323 - WARNING -    Tipo perturbación aplicada: (ver generar_vecino)
2025-10-20 22:52:11,323 - WARNING -    Vecino - Puntos: 17867, Tiempo: 15799.7min, Distancia: 229.1km
2025-10-20 22:52:11,323 - WARNING -    Actual - Puntos: 17865, Tiempo: 14381.3min, Distancia: 127.2km
2025-10-20 22:52:11,324 - WARNING -    Validez restricciones - Vecino: True, Actual: True
2025-10-20 22:52:11,324 - WARNING - ================================================================================
2025-10-20 22:52:11,324 - WARNING - ⚠️  SALTO ANORMAL DETECTADO en iteración 14929
2025-10-20 22:52:11,325 - WARNING -    Fitness: 161.1 → 136.3 (Δ=-24.8)
2025-10-20 22:52:11,325 - WARNING -    Ver detalles en archivo de log
2025-10-20 22:52:12,022 - INFO - Iter 14939: Aceptada solución con delta=-10.6 (T=7.14)
2025-10-20 22:52:12,023 - INFO -   📊 Desglose del cambio:
2025-10-20 22:52:12,023 - INFO -      Puntos: -132 → 17758 total
2025-10-20 22:52:12,023 - INFO -      Tiempo: -224.5min → 14156.9min total
2025-10-20 22:52:12,024 - INFO -      Distancia: +6.3km → 129.7km total
2025-10-20 22:52:16,298 - INFO -   Iter 15000 | Tiempo:   13.7min (11.4%) | T =     7.13 | Fitness =    119.8 | Mejor =    164.9 | Aceptación =  89.0%
2025-10-20 22:52:16,298 - INFO - Progreso iter 15000: T=7.13, Fitness=119.8, Mejor=164.9, Tasa_acept=89.0%
2025-10-20 22:52:16,301 - DEBUG - Iter 15000: T=7.13, Fitness_actual=119.8, Mejor=164.9
2025-10-20 22:52:19,990 - WARNING - ⚠️  DEGRADACIÓN DETECTADA en iter 15050:
2025-10-20 22:52:19,990 - WARNING -    Mejor fitness: 164.9
2025-10-20 22:52:19,991 - WARNING -    Fitness promedio reciente: 120.2
2025-10-20 22:52:19,991 - WARNING -    Degradación: 44.7
2025-10-20 22:52:19,991 - WARNING -    🔄 RESTAURANDO mejor solución...
2025-10-20 22:52:23,451 - DEBUG - Iter 15100: T=7.11, Fitness_actual=144.6, Mejor=164.9
2025-10-20 22:52:26,230 - INFO - Iter 15139: Aceptada solución con delta=-14.0 (T=7.10)
2025-10-20 22:52:26,230 - INFO -   📊 Desglose del cambio:
2025-10-20 22:52:26,231 - INFO -      Puntos: -805 → 16262 total
2025-10-20 22:52:26,231 - INFO -      Tiempo: -567.1min → 14124.1min total
2025-10-20 22:52:26,232 - INFO -      Distancia: -4.8km → 144.4km total
2025-10-20 22:52:26,947 - WARNING - ⚠️  DEGRADACIÓN DETECTADA en iter 15150:
2025-10-20 22:52:26,947 - WARNING -    Mejor fitness: 164.9
2025-10-20 22:52:26,948 - WARNING -    Fitness promedio reciente: 139.0
2025-10-20 22:52:26,948 - WARNING -    Degradación: 26.0
2025-10-20 22:52:26,948 - WARNING -    🔄 RESTAURANDO mejor solución...
2025-10-20 22:52:27,081 - INFO - 🌟 MEJORA #49 en iter 15152: Fitness=165.0 (+0.1), Puntos=17877
2025-10-20 22:52:27,273 - INFO - Iter 15155: Aceptada solución con delta=-10.7 (T=7.10)
2025-10-20 22:52:27,273 - INFO -   📊 Desglose del cambio:
2025-10-20 22:52:27,273 - INFO -      Puntos: -297 → 17580 total
2025-10-20 22:52:27,273 - INFO -      Tiempo: +329.2min → 14803.6min total
2025-10-20 22:52:27,274 - INFO -      Distancia: +9.5km → 141.6km total
2025-10-20 22:52:30,428 - DEBUG - Iter 15200: T=7.09, Fitness_actual=142.2, Mejor=165.0
2025-10-20 22:52:37,561 - WARNING - ⚠️  DEGRADACIÓN DETECTADA en iter 15300:
2025-10-20 22:52:37,561 - WARNING -    Mejor fitness: 165.0
2025-10-20 22:52:37,562 - WARNING -    Fitness promedio reciente: 112.4
2025-10-20 22:52:37,562 - WARNING -    Degradación: 52.6
2025-10-20 22:52:37,562 - WARNING -    🔄 RESTAURANDO mejor solución...
2025-10-20 22:52:37,564 - DEBUG - Iter 15300: T=7.07, Fitness_actual=165.0, Mejor=165.0
2025-10-20 22:52:44,755 - WARNING - ⚠️  DEGRADACIÓN DETECTADA en iter 15400:
2025-10-20 22:52:44,755 - WARNING -    Mejor fitness: 165.0
2025-10-20 22:52:44,755 - WARNING -    Fitness promedio reciente: 133.9
2025-10-20 22:52:44,756 - WARNING -    Degradación: 31.1
2025-10-20 22:52:44,756 - WARNING -    🔄 RESTAURANDO mejor solución...
2025-10-20 22:52:44,757 - DEBUG - Iter 15400: T=7.05, Fitness_actual=165.0, Mejor=165.0
2025-10-20 22:52:44,757 - INFO - 🌟 MEJORA #50 en iter 15400: Fitness=165.0 (+0.0), Puntos=17877
2025-10-20 22:52:44,758 - INFO -   ✨ Mejora #50 en iteración 15401: Fitness = 165.0 | Puntos = 17877 | T = 7.05
2025-10-20 22:52:44,987 - WARNING - ================================================================================
2025-10-20 22:52:44,988 - WARNING - ⚠️  SALTO ANORMAL DETECTADO en iteración 15403
2025-10-20 22:52:44,988 - WARNING -    Fitness actual: 162.8
2025-10-20 22:52:44,988 - WARNING -    Fitness vecino: 141.7
2025-10-20 22:52:44,988 - WARNING -    Delta: -21.2
2025-10-20 22:52:44,989 - WARNING -    Temperatura: 7.05
2025-10-20 22:52:44,989 - WARNING -    Tipo perturbación aplicada: (ver generar_vecino)
2025-10-20 22:52:44,989 - WARNING -    Vecino - Puntos: 17854, Tiempo: 15546.6min, Distancia: 141.8km
2025-10-20 22:52:44,989 - WARNING -    Actual - Puntos: 17865, Tiempo: 14503.8min, Distancia: 132.0km
2025-10-20 22:52:44,990 - WARNING -    Validez restricciones - Vecino: True, Actual: True
2025-10-20 22:52:44,990 - WARNING - ================================================================================
2025-10-20 22:52:44,990 - WARNING - ⚠️  SALTO ANORMAL DETECTADO en iteración 15403
2025-10-20 22:52:44,990 - WARNING -    Fitness: 162.8 → 141.7 (Δ=-21.2)
2025-10-20 22:52:44,991 - WARNING -    Ver detalles en archivo de log
2025-10-20 22:52:45,718 - WARNING - ================================================================================
2025-10-20 22:52:45,718 - WARNING - ⚠️  SALTO ANORMAL DETECTADO en iteración 15413
2025-10-20 22:52:45,719 - WARNING -    Fitness actual: 162.8
2025-10-20 22:52:45,719 - WARNING -    Fitness vecino: 135.0
2025-10-20 22:52:45,719 - WARNING -    Delta: -27.8
2025-10-20 22:52:45,720 - WARNING -    Temperatura: 7.04
2025-10-20 22:52:45,720 - WARNING -    Tipo perturbación aplicada: (ver generar_vecino)
2025-10-20 22:52:45,720 - WARNING -    Vecino - Puntos: 17574, Tiempo: 17101.4min, Distancia: 142.6km
2025-10-20 22:52:45,721 - WARNING -    Actual - Puntos: 17865, Tiempo: 14502.6min, Distancia: 131.9km
2025-10-20 22:52:45,721 - WARNING -    Validez restricciones - Vecino: True, Actual: True
2025-10-20 22:52:45,721 - WARNING - ================================================================================
2025-10-20 22:52:45,721 - WARNING - ⚠️  SALTO ANORMAL DETECTADO en iteración 15413
2025-10-20 22:52:45,722 - WARNING -    Fitness: 162.8 → 135.0 (Δ=-27.8)
2025-10-20 22:52:45,722 - WARNING -    Ver detalles en archivo de log
2025-10-20 22:52:48,467 - INFO - Iter 15451: Aceptada solución con delta=-10.2 (T=7.04)
2025-10-20 22:52:48,468 - INFO -   📊 Desglose del cambio:
2025-10-20 22:52:48,468 - INFO -      Puntos: -128 → 17778 total
2025-10-20 22:52:48,468 - INFO -      Tiempo: -178.8min → 14326.3min total
2025-10-20 22:52:48,469 - INFO -      Distancia: -1.1km → 131.8km total
2025-10-20 22:52:52,114 - INFO -   Iter 15500 | Tiempo:   14.3min (11.9%) | T =     7.02 | Fitness =    130.7 | Mejor =    165.0 | Aceptación =  88.8%
2025-10-20 22:52:52,115 - INFO - Progreso iter 15500: T=7.02, Fitness=130.7, Mejor=165.0, Tasa_acept=88.8%
2025-10-20 22:52:52,116 - DEBUG - Iter 15500: T=7.02, Fitness_actual=130.7, Mejor=165.0
2025-10-20 22:52:55,724 - WARNING - ⚠️  DEGRADACIÓN DETECTADA en iter 15550:
2025-10-20 22:52:55,724 - WARNING -    Mejor fitness: 165.0
2025-10-20 22:52:55,725 - WARNING -    Fitness promedio reciente: 130.2
2025-10-20 22:52:55,725 - WARNING -    Degradación: 34.8
2025-10-20 22:52:55,725 - WARNING -    🔄 RESTAURANDO mejor solución...
2025-10-20 22:52:58,769 - INFO - Iter 15592: Aceptada solución con delta=-10.7 (T=7.01)
2025-10-20 22:52:58,770 - INFO -   📊 Desglose del cambio:
2025-10-20 22:52:58,770 - INFO -      Puntos: -372 → 17426 total
2025-10-20 22:52:58,770 - INFO -      Tiempo: +1564.5min → 16075.5min total
2025-10-20 22:52:58,770 - INFO -      Distancia: +2.8km → 125.4km total
2025-10-20 22:52:59,385 - DEBUG - Iter 15600: T=7.00, Fitness_actual=124.4, Mejor=165.0
2025-10-20 22:53:02,900 - WARNING - ⚠️  DEGRADACIÓN DETECTADA en iter 15650:
2025-10-20 22:53:02,901 - WARNING -    Mejor fitness: 165.0
2025-10-20 22:53:02,901 - WARNING -    Fitness promedio reciente: 123.8
2025-10-20 22:53:02,901 - WARNING -    Degradación: 41.2
2025-10-20 22:53:02,902 - WARNING -    🔄 RESTAURANDO mejor solución...
2025-10-20 22:53:02,975 - INFO - 🌟 MEJORA #51 en iter 15651: Fitness=165.0 (+0.0), Puntos=17877
2025-10-20 22:53:06,371 - DEBUG - Iter 15700: T=6.98, Fitness_actual=140.1, Mejor=165.0
2025-10-20 22:53:13,568 - WARNING - ⚠️  DEGRADACIÓN DETECTADA en iter 15800:
2025-10-20 22:53:13,572 - WARNING -    Mejor fitness: 165.0
2025-10-20 22:53:13,572 - WARNING -    Fitness promedio reciente: 117.7
2025-10-20 22:53:13,573 - WARNING -    Degradación: 47.3
2025-10-20 22:53:13,573 - WARNING -    🔄 RESTAURANDO mejor solución...
2025-10-20 22:53:13,577 - DEBUG - Iter 15800: T=6.96, Fitness_actual=165.0, Mejor=165.0
2025-10-20 22:53:19,527 - INFO - Iter 15882: Aceptada solución con delta=-11.1 (T=6.95)
2025-10-20 22:53:19,528 - INFO -   📊 Desglose del cambio:
2025-10-20 22:53:19,528 - INFO -      Puntos: +143 → 16102 total
2025-10-20 22:53:19,528 - INFO -      Tiempo: +1942.9min → 16924.4min total
2025-10-20 22:53:19,529 - INFO -      Distancia: +10.2km → 153.9km total
2025-10-20 22:53:20,965 - WARNING - ⚠️  DEGRADACIÓN DETECTADA en iter 15900:
2025-10-20 22:53:20,966 - WARNING -    Mejor fitness: 165.0
2025-10-20 22:53:20,966 - WARNING -    Fitness promedio reciente: 120.1
2025-10-20 22:53:20,966 - WARNING -    Degradación: 44.9
2025-10-20 22:53:20,967 - WARNING -    🔄 RESTAURANDO mejor solución...
2025-10-20 22:53:20,968 - DEBUG - Iter 15900: T=6.94, Fitness_actual=165.0, Mejor=165.0
2025-10-20 22:53:20,968 - INFO - 🌟 MEJORA #52 en iter 15900: Fitness=165.5 (+0.5), Puntos=17913
2025-10-20 22:53:28,276 - INFO -   Iter 16000 | Tiempo:   14.9min (12.4%) | T =     6.92 | Fitness =    128.9 | Mejor =    165.5 | Aceptación =  88.8%
2025-10-20 22:53:28,277 - INFO - Progreso iter 16000: T=6.92, Fitness=128.9, Mejor=165.5, Tasa_acept=88.8%
2025-10-20 22:53:28,280 - DEBUG - Iter 16000: T=6.92, Fitness_actual=128.9, Mejor=165.5
2025-10-20 22:53:31,942 - WARNING - ⚠️  DEGRADACIÓN DETECTADA en iter 16050:
2025-10-20 22:53:31,942 - WARNING -    Mejor fitness: 165.5
2025-10-20 22:53:31,943 - WARNING -    Fitness promedio reciente: 123.9
2025-10-20 22:53:31,943 - WARNING -    Degradación: 41.6
2025-10-20 22:53:31,943 - WARNING -    🔄 RESTAURANDO mejor solución...
2025-10-20 22:53:35,558 - DEBUG - Iter 16100: T=6.90, Fitness_actual=143.7, Mejor=165.5
2025-10-20 22:53:39,270 - WARNING - ⚠️  DEGRADACIÓN DETECTADA en iter 16150:
2025-10-20 22:53:39,270 - WARNING -    Mejor fitness: 165.5
2025-10-20 22:53:39,271 - WARNING -    Fitness promedio reciente: 128.4
2025-10-20 22:53:39,271 - WARNING -    Degradación: 37.1
2025-10-20 22:53:39,272 - WARNING -    🔄 RESTAURANDO mejor solución...
2025-10-20 22:53:39,352 - WARNING - ================================================================================
2025-10-20 22:53:39,353 - WARNING - ⚠️  SALTO ANORMAL DETECTADO en iteración 16151
2025-10-20 22:53:39,353 - WARNING -    Fitness actual: 165.5
2025-10-20 22:53:39,353 - WARNING -    Fitness vecino: 143.9
2025-10-20 22:53:39,354 - WARNING -    Delta: -21.6
2025-10-20 22:53:39,354 - WARNING -    Temperatura: 6.89
2025-10-20 22:53:39,354 - WARNING -    Tipo perturbación aplicada: (ver generar_vecino)
2025-10-20 22:53:39,354 - WARNING -    Vecino - Puntos: 17773, Tiempo: 14700.5min, Distancia: 125.9km
2025-10-20 22:53:39,355 - WARNING -    Actual - Puntos: 17913, Tiempo: 14446.0min, Distancia: 130.9km
2025-10-20 22:53:39,355 - WARNING -    Validez restricciones - Vecino: False, Actual: True
2025-10-20 22:53:39,355 - WARNING - ================================================================================
2025-10-20 22:53:39,355 - WARNING - ⚠️  SALTO ANORMAL DETECTADO en iteración 16151
2025-10-20 22:53:39,355 - WARNING -    Fitness: 165.5 → 143.9 (Δ=-21.6)
2025-10-20 22:53:39,356 - WARNING -    Ver detalles en archivo de log
2025-10-20 22:53:39,721 - INFO - 🌟 MEJORA #53 en iter 16156: Fitness=165.5 (+0.1), Puntos=17919
2025-10-20 22:53:40,379 - INFO - Iter 16165: Aceptada solución con delta=-14.3 (T=6.89)
2025-10-20 22:53:40,379 - INFO -   📊 Desglose del cambio:
2025-10-20 22:53:40,379 - INFO -      Puntos: -383 → 17505 total
2025-10-20 22:53:40,380 - INFO -      Tiempo: -513.3min → 14138.4min total
2025-10-20 22:53:40,380 - INFO -      Distancia: -2.8km → 151.5km total
2025-10-20 22:53:41,042 - INFO - Iter 16174: Aceptada solución con delta=-10.5 (T=6.89)
2025-10-20 22:53:41,042 - INFO -   📊 Desglose del cambio:
2025-10-20 22:53:41,043 - INFO -      Puntos: -915 → 16516 total
2025-10-20 22:53:41,043 - INFO -      Tiempo: -726.7min → 13304.5min total
2025-10-20 22:53:41,043 - INFO -      Distancia: -6.8km → 144.5km total
2025-10-20 22:53:42,983 - DEBUG - Iter 16200: T=6.88, Fitness_actual=123.5, Mejor=165.5
2025-10-20 22:53:50,086 - WARNING - ⚠️  DEGRADACIÓN DETECTADA en iter 16300:
2025-10-20 22:53:50,086 - WARNING -    Mejor fitness: 165.5
2025-10-20 22:53:50,086 - WARNING -    Fitness promedio reciente: 106.5
2025-10-20 22:53:50,087 - WARNING -    Degradación: 59.1
2025-10-20 22:53:50,087 - WARNING -    🔄 RESTAURANDO mejor solución...
2025-10-20 22:53:50,088 - DEBUG - Iter 16300: T=6.86, Fitness_actual=165.5, Mejor=165.5
2025-10-20 22:53:51,061 - INFO - Iter 16314: Aceptada solución con delta=-10.6 (T=6.86)
2025-10-20 22:53:51,062 - INFO -   📊 Desglose del cambio:
2025-10-20 22:53:51,062 - INFO -      Puntos: -200 → 17731 total
2025-10-20 22:53:51,062 - INFO -      Tiempo: +172.2min → 14684.6min total
2025-10-20 22:53:51,062 - INFO -      Distancia: -9.4km → 120.8km total
2025-10-20 22:53:53,808 - WARNING - ⚠️  DEGRADACIÓN DETECTADA en iter 16350:
2025-10-20 22:53:53,808 - WARNING -    Mejor fitness: 165.5
2025-10-20 22:53:53,808 - WARNING -    Fitness promedio reciente: 145.5
2025-10-20 22:53:53,809 - WARNING -    Degradación: 20.0
2025-10-20 22:53:53,809 - WARNING -    🔄 RESTAURANDO mejor solución...
2025-10-20 22:53:57,508 - WARNING - ⚠️  DEGRADACIÓN DETECTADA en iter 16400:
2025-10-20 22:53:57,509 - WARNING -    Mejor fitness: 165.5
2025-10-20 22:53:57,509 - WARNING -    Fitness promedio reciente: 137.4
2025-10-20 22:53:57,510 - WARNING -    Degradación: 28.2
2025-10-20 22:53:57,510 - WARNING -    🔄 RESTAURANDO mejor solución...
2025-10-20 22:53:57,511 - DEBUG - Iter 16400: T=6.84, Fitness_actual=165.5, Mejor=165.5
2025-10-20 22:53:57,584 - INFO - 🌟 MEJORA #54 en iter 16401: Fitness=165.5 (+0.0), Puntos=17919
2025-10-20 22:53:57,658 - WARNING - ================================================================================
2025-10-20 22:53:57,658 - WARNING - ⚠️  SALTO ANORMAL DETECTADO en iteración 16402
2025-10-20 22:53:57,659 - WARNING -    Fitness actual: 165.5
2025-10-20 22:53:57,659 - WARNING -    Fitness vecino: 141.0
2025-10-20 22:53:57,660 - WARNING -    Delta: -24.5
2025-10-20 22:53:57,660 - WARNING -    Temperatura: 6.84
2025-10-20 22:53:57,660 - WARNING -    Tipo perturbación aplicada: (ver generar_vecino)
2025-10-20 22:53:57,661 - WARNING -    Vecino - Puntos: 17791, Tiempo: 14733.2min, Distancia: 123.6km
2025-10-20 22:53:57,661 - WARNING -    Actual - Puntos: 17919, Tiempo: 14430.7min, Distancia: 130.9km
2025-10-20 22:53:57,662 - WARNING -    Validez restricciones - Vecino: False, Actual: True
2025-10-20 22:53:57,662 - WARNING - ================================================================================
2025-10-20 22:53:57,662 - WARNING - ⚠️  SALTO ANORMAL DETECTADO en iteración 16402
2025-10-20 22:53:57,663 - WARNING -    Fitness: 165.5 → 141.0 (Δ=-24.5)
2025-10-20 22:53:57,663 - WARNING -    Ver detalles en archivo de log
2025-10-20 22:53:58,178 - WARNING - ================================================================================
2025-10-20 22:53:58,179 - WARNING - ⚠️  SALTO ANORMAL DETECTADO en iteración 16409
2025-10-20 22:53:58,180 - WARNING -    Fitness actual: 157.6
2025-10-20 22:53:58,180 - WARNING -    Fitness vecino: 113.6
2025-10-20 22:53:58,181 - WARNING -    Delta: -44.0
2025-10-20 22:53:58,181 - WARNING -    Temperatura: 6.84
2025-10-20 22:53:58,181 - WARNING -    Tipo perturbación aplicada: (ver generar_vecino)
2025-10-20 22:53:58,182 - WARNING -    Vecino - Puntos: 17645, Tiempo: 16542.5min, Distancia: 309.0km
2025-10-20 22:53:58,182 - WARNING -    Actual - Puntos: 17635, Tiempo: 14203.6min, Distancia: 128.6km
2025-10-20 22:53:58,182 - WARNING -    Validez restricciones - Vecino: True, Actual: True
2025-10-20 22:53:58,183 - WARNING - ================================================================================
2025-10-20 22:53:58,183 - WARNING - ⚠️  SALTO ANORMAL DETECTADO en iteración 16409
2025-10-20 22:53:58,183 - WARNING -    Fitness: 157.6 → 113.6 (Δ=-44.0)
2025-10-20 22:53:58,184 - WARNING -    Ver detalles en archivo de log
2025-10-20 22:54:05,098 - INFO -   Iter 16500 | Tiempo:   15.5min (12.9%) | T =     6.82 | Fitness =     96.1 | Mejor =    165.5 | Aceptación =  88.8%
2025-10-20 22:54:05,099 - INFO - Progreso iter 16500: T=6.82, Fitness=96.1, Mejor=165.5, Tasa_acept=88.8%
2025-10-20 22:54:05,101 - DEBUG - Iter 16500: T=6.82, Fitness_actual=96.1, Mejor=165.5
2025-10-20 22:54:09,212 - WARNING - ⚠️  DEGRADACIÓN DETECTADA en iter 16550:
2025-10-20 22:54:09,212 - WARNING -    Mejor fitness: 165.5
2025-10-20 22:54:09,213 - WARNING -    Fitness promedio reciente: 88.3
2025-10-20 22:54:09,213 - WARNING -    Degradación: 77.2
2025-10-20 22:54:09,213 - WARNING -    🔄 RESTAURANDO mejor solución...
2025-10-20 22:54:13,422 - DEBUG - Iter 16600: T=6.79, Fitness_actual=146.0, Mejor=165.5
2025-10-20 22:54:17,508 - WARNING - ⚠️  DEGRADACIÓN DETECTADA en iter 16650:
2025-10-20 22:54:17,508 - WARNING -    Mejor fitness: 165.5
2025-10-20 22:54:17,509 - WARNING -    Fitness promedio reciente: 133.9
2025-10-20 22:54:17,509 - WARNING -    Degradación: 31.7
2025-10-20 22:54:17,510 - WARNING -    🔄 RESTAURANDO mejor solución...
2025-10-20 22:54:17,511 - INFO - 🌟 MEJORA #55 en iter 16650: Fitness=165.5 (+0.0), Puntos=17919
2025-10-20 22:54:17,511 - INFO -   ✨ Mejora #55 en iteración 16651: Fitness = 165.5 | Puntos = 17919 | T = 6.78
2025-10-20 22:54:21,622 - DEBUG - Iter 16700: T=6.77, Fitness_actual=139.3, Mejor=165.5
2025-10-20 22:54:30,778 - WARNING - ⚠️  DEGRADACIÓN DETECTADA en iter 16800:
2025-10-20 22:54:30,779 - WARNING -    Mejor fitness: 165.5
2025-10-20 22:54:30,780 - WARNING -    Fitness promedio reciente: 117.4
2025-10-20 22:54:30,780 - WARNING -    Degradación: 48.1
2025-10-20 22:54:30,781 - WARNING -    🔄 RESTAURANDO mejor solución...
2025-10-20 22:54:30,782 - DEBUG - Iter 16800: T=6.75, Fitness_actual=165.5, Mejor=165.5
2025-10-20 22:54:30,946 - INFO - 🌟 MEJORA #56 en iter 16802: Fitness=165.6 (+0.0), Puntos=17920
2025-10-20 22:54:37,253 - INFO - Iter 16877: Aceptada solución con delta=-10.7 (T=6.73)
2025-10-20 22:54:37,253 - INFO -   📊 Desglose del cambio:
2025-10-20 22:54:37,254 - INFO -      Puntos: -17 → 16941 total
2025-10-20 22:54:37,254 - INFO -      Tiempo: +325.4min → 14722.2min total
2025-10-20 22:54:37,254 - INFO -      Distancia: -0.4km → 149.3km total
2025-10-20 22:54:39,189 - DEBUG - Iter 16900: T=6.72, Fitness_actual=124.8, Mejor=165.6
2025-10-20 22:54:43,485 - WARNING - ⚠️  DEGRADACIÓN DETECTADA en iter 16950:
2025-10-20 22:54:43,485 - WARNING -    Mejor fitness: 165.6
2025-10-20 22:54:43,486 - WARNING -    Fitness promedio reciente: 118.5
2025-10-20 22:54:43,486 - WARNING -    Degradación: 47.0
2025-10-20 22:54:43,486 - WARNING -    🔄 RESTAURANDO mejor solución...
2025-10-20 22:54:43,649 - INFO - Iter 16952: Aceptada solución con delta=-11.0 (T=6.71)
2025-10-20 22:54:43,649 - INFO -   📊 Desglose del cambio:
2025-10-20 22:54:43,650 - INFO -      Puntos: -128 → 17792 total
2025-10-20 22:54:43,650 - INFO -      Tiempo: -62.4min → 14381.9min total
2025-10-20 22:54:43,650 - INFO -      Distancia: -6.5km → 125.6km total
2025-10-20 22:54:47,638 - INFO -   Iter 17000 | Tiempo:   16.2min (13.5%) | T =     6.70 | Fitness =    135.0 | Mejor =    165.6 | Aceptación =  88.8%
2025-10-20 22:54:47,639 - INFO - Progreso iter 17000: T=6.70, Fitness=135.0, Mejor=165.6, Tasa_acept=88.8%
2025-10-20 22:54:47,640 - DEBUG - Iter 17000: T=6.70, Fitness_actual=135.0, Mejor=165.6
2025-10-20 22:54:51,856 - WARNING - ⚠️  DEGRADACIÓN DETECTADA en iter 17050:
2025-10-20 22:54:51,856 - WARNING -    Mejor fitness: 165.6
2025-10-20 22:54:51,856 - WARNING -    Fitness promedio reciente: 131.7
2025-10-20 22:54:51,857 - WARNING -    Degradación: 33.9
2025-10-20 22:54:51,857 - WARNING -    🔄 RESTAURANDO mejor solución...
2025-10-20 22:54:51,858 - INFO - 🌟 MEJORA #57 en iter 17050: Fitness=165.8 (+0.2), Puntos=17942
2025-10-20 22:54:56,112 - DEBUG - Iter 17100: T=6.68, Fitness_actual=138.4, Mejor=165.8
2025-10-20 22:55:04,823 - WARNING - ⚠️  DEGRADACIÓN DETECTADA en iter 17200:
2025-10-20 22:55:04,823 - WARNING -    Mejor fitness: 165.8
2025-10-20 22:55:04,824 - WARNING -    Fitness promedio reciente: 122.7
2025-10-20 22:55:04,824 - WARNING -    Degradación: 43.1
2025-10-20 22:55:04,824 - WARNING -    🔄 RESTAURANDO mejor solución...
2025-10-20 22:55:04,825 - DEBUG - Iter 17200: T=6.65, Fitness_actual=165.8, Mejor=165.8
2025-10-20 22:55:06,743 - WARNING - ================================================================================
2025-10-20 22:55:06,744 - WARNING - ⚠️  SALTO ANORMAL DETECTADO en iteración 17222
2025-10-20 22:55:06,744 - WARNING -    Fitness actual: 158.0
2025-10-20 22:55:06,744 - WARNING -    Fitness vecino: 136.1
2025-10-20 22:55:06,745 - WARNING -    Delta: -21.8
2025-10-20 22:55:06,745 - WARNING -    Temperatura: 6.65
2025-10-20 22:55:06,745 - WARNING -    Tipo perturbación aplicada: (ver generar_vecino)
2025-10-20 22:55:06,746 - WARNING -    Vecino - Puntos: 17560, Tiempo: 16778.2min, Distancia: 174.8km
2025-10-20 22:55:06,746 - WARNING -    Actual - Puntos: 17919, Tiempo: 14493.5min, Distancia: 134.5km
2025-10-20 22:55:06,746 - WARNING -    Validez restricciones - Vecino: True, Actual: True
2025-10-20 22:55:06,747 - WARNING - ================================================================================
2025-10-20 22:55:06,747 - WARNING - ⚠️  SALTO ANORMAL DETECTADO en iteración 17222
2025-10-20 22:55:06,747 - WARNING -    Fitness: 158.0 → 136.1 (Δ=-21.8)
2025-10-20 22:55:06,747 - WARNING -    Ver detalles en archivo de log
2025-10-20 22:55:13,369 - WARNING - ⚠️  DEGRADACIÓN DETECTADA en iter 17300:
2025-10-20 22:55:13,369 - WARNING -    Mejor fitness: 165.8
2025-10-20 22:55:13,370 - WARNING -    Fitness promedio reciente: 127.1
2025-10-20 22:55:13,370 - WARNING -    Degradación: 38.7
2025-10-20 22:55:13,370 - WARNING -    🔄 RESTAURANDO mejor solución...
2025-10-20 22:55:13,374 - DEBUG - Iter 17300: T=6.63, Fitness_actual=165.8, Mejor=165.8
2025-10-20 22:55:13,542 - INFO - 🌟 MEJORA #58 en iter 17302: Fitness=165.8 (+0.0), Puntos=17944
2025-10-20 22:55:14,294 - INFO - Iter 17311: Aceptada solución con delta=-11.0 (T=6.63)
2025-10-20 22:55:14,294 - INFO -   📊 Desglose del cambio:
2025-10-20 22:55:14,295 - INFO -      Puntos: +0 → 17787 total
2025-10-20 22:55:14,295 - INFO -      Tiempo: +417.3min → 14439.2min total
2025-10-20 22:55:14,296 - INFO -      Distancia: +4.8km → 126.2km total
2025-10-20 22:55:22,077 - DEBUG - Iter 17400: T=6.61, Fitness_actual=110.8, Mejor=165.8
2025-10-20 22:55:26,271 - WARNING - ⚠️  DEGRADACIÓN DETECTADA en iter 17450:
2025-10-20 22:55:26,272 - WARNING -    Mejor fitness: 165.8
2025-10-20 22:55:26,272 - WARNING -    Fitness promedio reciente: 110.3
2025-10-20 22:55:26,272 - WARNING -    Degradación: 55.5
2025-10-20 22:55:26,273 - WARNING -    🔄 RESTAURANDO mejor solución...
2025-10-20 22:55:26,523 - INFO - 🌟 MEJORA #59 en iter 17453: Fitness=165.9 (+0.1), Puntos=17953
2025-10-20 22:55:30,440 - INFO -   Iter 17500 | Tiempo:   16.9min (14.1%) | T =     6.58 | Fitness =    143.2 | Mejor =    165.9 | Aceptación =  88.7%
2025-10-20 22:55:30,441 - INFO - Progreso iter 17500: T=6.58, Fitness=143.2, Mejor=165.9, Tasa_acept=88.7%
2025-10-20 22:55:30,443 - DEBUG - Iter 17500: T=6.58, Fitness_actual=143.2, Mejor=165.9
2025-10-20 22:55:31,848 - INFO - Iter 17517: Aceptada solución con delta=-11.1 (T=6.58)
2025-10-20 22:55:31,848 - INFO -   📊 Desglose del cambio:
2025-10-20 22:55:31,849 - INFO -      Puntos: +0 → 16273 total
2025-10-20 22:55:31,849 - INFO -      Tiempo: +268.7min → 13942.2min total
2025-10-20 22:55:31,849 - INFO -      Distancia: +7.4km → 130.6km total
2025-10-20 22:55:38,932 - WARNING - ⚠️  DEGRADACIÓN DETECTADA en iter 17600:
2025-10-20 22:55:38,933 - WARNING -    Mejor fitness: 165.9
2025-10-20 22:55:38,933 - WARNING -    Fitness promedio reciente: 115.2
2025-10-20 22:55:38,934 - WARNING -    Degradación: 50.7
2025-10-20 22:55:38,934 - WARNING -    🔄 RESTAURANDO mejor solución...
2025-10-20 22:55:38,937 - DEBUG - Iter 17600: T=6.56, Fitness_actual=165.9, Mejor=165.9
2025-10-20 22:55:39,195 - INFO - 🌟 MEJORA #60 en iter 17603: Fitness=166.0 (+0.1), Puntos=17960
2025-10-20 22:55:39,195 - INFO -   ✨ Mejora #60 en iteración 17604: Fitness = 166.0 | Puntos = 17960 | T = 6.56
2025-10-20 22:55:47,377 - DEBUG - Iter 17700: T=6.54, Fitness_actual=122.8, Mejor=166.0
2025-10-20 22:55:51,527 - WARNING - ⚠️  DEGRADACIÓN DETECTADA en iter 17750:
2025-10-20 22:55:51,527 - WARNING -    Mejor fitness: 166.0
2025-10-20 22:55:51,528 - WARNING -    Fitness promedio reciente: 116.0
2025-10-20 22:55:51,528 - WARNING -    Degradación: 50.0
2025-10-20 22:55:51,528 - WARNING -    🔄 RESTAURANDO mejor solución...
2025-10-20 22:55:51,530 - INFO - 🌟 MEJORA #61 en iter 17750: Fitness=166.0 (+0.0), Puntos=17960
2025-10-20 22:55:55,707 - DEBUG - Iter 17800: T=6.51, Fitness_actual=136.1, Mejor=166.0
2025-10-20 22:56:04,163 - WARNING - ⚠️  DEGRADACIÓN DETECTADA en iter 17900:
2025-10-20 22:56:04,163 - WARNING -    Mejor fitness: 166.0
2025-10-20 22:56:04,163 - WARNING -    Fitness promedio reciente: 126.0
2025-10-20 22:56:04,164 - WARNING -    Degradación: 39.9
2025-10-20 22:56:04,164 - WARNING -    🔄 RESTAURANDO mejor solución...
2025-10-20 22:56:04,165 - DEBUG - Iter 17900: T=6.49, Fitness_actual=166.0, Mejor=166.0
2025-10-20 22:56:04,582 - INFO - 🌟 MEJORA #62 en iter 17905: Fitness=166.0 (+0.0), Puntos=17962
2025-10-20 22:56:05,331 - INFO - Iter 17914: Aceptada solución con delta=-13.9 (T=6.49)
2025-10-20 22:56:05,332 - INFO -   📊 Desglose del cambio:
2025-10-20 22:56:05,332 - INFO -      Puntos: -727 → 17228 total
2025-10-20 22:56:05,333 - INFO -      Tiempo: -302.1min → 14250.3min total
2025-10-20 22:56:05,333 - INFO -      Distancia: +19.4km → 150.0km total
2025-10-20 22:56:10,754 - WARNING - ================================================================================
2025-10-20 22:56:10,754 - WARNING - ⚠️  SALTO ANORMAL DETECTADO en iteración 17977
2025-10-20 22:56:10,754 - WARNING -    Fitness actual: 122.8
2025-10-20 22:56:10,755 - WARNING -    Fitness vecino: 95.3
2025-10-20 22:56:10,755 - WARNING -    Delta: -27.6
2025-10-20 22:56:10,756 - WARNING -    Temperatura: 6.47
2025-10-20 22:56:10,756 - WARNING -    Tipo perturbación aplicada: (ver generar_vecino)
2025-10-20 22:56:10,756 - WARNING -    Vecino - Puntos: 16172, Tiempo: 15515.8min, Distancia: 240.1km
2025-10-20 22:56:10,756 - WARNING -    Actual - Puntos: 16274, Tiempo: 14014.3min, Distancia: 137.0km
2025-10-20 22:56:10,757 - WARNING -    Validez restricciones - Vecino: False, Actual: False
2025-10-20 22:56:10,757 - WARNING - ================================================================================
2025-10-20 22:56:10,757 - WARNING - ⚠️  SALTO ANORMAL DETECTADO en iteración 17977
2025-10-20 22:56:10,757 - WARNING -    Fitness: 122.8 → 95.3 (Δ=-27.6)
2025-10-20 22:56:10,758 - WARNING -    Ver detalles en archivo de log
2025-10-20 22:56:12,733 - INFO -   Iter 18000 | Tiempo:   17.6min (14.7%) | T =     6.47 | Fitness =    118.3 | Mejor =    166.0 | Aceptación =  88.6%
2025-10-20 22:56:12,734 - INFO - Progreso iter 18000: T=6.47, Fitness=118.3, Mejor=166.0, Tasa_acept=88.6%
2025-10-20 22:56:12,737 - DEBUG - Iter 18000: T=6.47, Fitness_actual=118.3, Mejor=166.0
2025-10-20 22:56:17,067 - WARNING - ⚠️  DEGRADACIÓN DETECTADA en iter 18050:
2025-10-20 22:56:17,067 - WARNING -    Mejor fitness: 166.0
2025-10-20 22:56:17,067 - WARNING -    Fitness promedio reciente: 102.6
2025-10-20 22:56:17,068 - WARNING -    Degradación: 63.4
2025-10-20 22:56:17,068 - WARNING -    🔄 RESTAURANDO mejor solución...
2025-10-20 22:56:21,360 - DEBUG - Iter 18100: T=6.45, Fitness_actual=131.1, Mejor=166.0
2025-10-20 22:56:25,667 - WARNING - ⚠️  DEGRADACIÓN DETECTADA en iter 18150:
2025-10-20 22:56:25,667 - WARNING -    Mejor fitness: 166.0
2025-10-20 22:56:25,668 - WARNING -    Fitness promedio reciente: 131.4
2025-10-20 22:56:25,668 - WARNING -    Degradación: 34.6
2025-10-20 22:56:25,668 - WARNING -    🔄 RESTAURANDO mejor solución...
2025-10-20 22:56:30,062 - DEBUG - Iter 18200: T=6.42, Fitness_actual=140.1, Mejor=166.0
2025-10-20 22:56:34,411 - WARNING - ⚠️  DEGRADACIÓN DETECTADA en iter 18250:
2025-10-20 22:56:34,412 - WARNING -    Mejor fitness: 166.0
2025-10-20 22:56:34,412 - WARNING -    Fitness promedio reciente: 116.9
2025-10-20 22:56:34,412 - WARNING -    Degradación: 49.1
2025-10-20 22:56:34,413 - WARNING -    🔄 RESTAURANDO mejor solución...
2025-10-20 22:56:35,816 - WARNING - ================================================================================
2025-10-20 22:56:35,817 - WARNING - ⚠️  SALTO ANORMAL DETECTADO en iteración 18266
2025-10-20 22:56:35,817 - WARNING -    Fitness actual: 153.5
2025-10-20 22:56:35,817 - WARNING -    Fitness vecino: 132.9
2025-10-20 22:56:35,817 - WARNING -    Delta: -20.6
2025-10-20 22:56:35,818 - WARNING -    Temperatura: 6.41
2025-10-20 22:56:35,818 - WARNING -    Tipo perturbación aplicada: (ver generar_vecino)
2025-10-20 22:56:35,818 - WARNING -    Vecino - Puntos: 17779, Tiempo: 14804.5min, Distancia: 127.9km
2025-10-20 22:56:35,819 - WARNING -    Actual - Puntos: 17791, Tiempo: 14248.3min, Distancia: 136.5km
2025-10-20 22:56:35,819 - WARNING -    Validez restricciones - Vecino: False, Actual: False
2025-10-20 22:56:35,819 - WARNING - ================================================================================
2025-10-20 22:56:35,820 - WARNING - ⚠️  SALTO ANORMAL DETECTADO en iteración 18266
2025-10-20 22:56:35,820 - WARNING -    Fitness: 153.5 → 132.9 (Δ=-20.6)
2025-10-20 22:56:35,820 - WARNING -    Ver detalles en archivo de log
2025-10-20 22:56:38,748 - DEBUG - Iter 18300: T=6.40, Fitness_actual=134.3, Mejor=166.0
2025-10-20 22:56:43,103 - WARNING - ⚠️  DEGRADACIÓN DETECTADA en iter 18350:
2025-10-20 22:56:43,103 - WARNING -    Mejor fitness: 166.0
2025-10-20 22:56:43,104 - WARNING -    Fitness promedio reciente: 128.8
2025-10-20 22:56:43,104 - WARNING -    Degradación: 37.1
2025-10-20 22:56:43,104 - WARNING -    🔄 RESTAURANDO mejor solución...
2025-10-20 22:56:47,419 - DEBUG - Iter 18400: T=6.38, Fitness_actual=153.6, Mejor=166.0
2025-10-20 22:56:51,771 - WARNING - ⚠️  DEGRADACIÓN DETECTADA en iter 18450:
2025-10-20 22:56:51,772 - WARNING -    Mejor fitness: 166.0
2025-10-20 22:56:51,772 - WARNING -    Fitness promedio reciente: 139.1
2025-10-20 22:56:51,772 - WARNING -    Degradación: 26.9
2025-10-20 22:56:51,773 - WARNING -    🔄 RESTAURANDO mejor solución...
2025-10-20 22:56:56,328 - INFO -   Iter 18500 | Tiempo:   18.4min (15.3%) | T =     6.35 | Fitness =    121.9 | Mejor =    166.0 | Aceptación =  88.5%
2025-10-20 22:56:56,328 - INFO - Progreso iter 18500: T=6.35, Fitness=121.9, Mejor=166.0, Tasa_acept=88.5%
2025-10-20 22:56:56,329 - WARNING - ⚠️  DEGRADACIÓN DETECTADA en iter 18500:
2025-10-20 22:56:56,329 - WARNING -    Mejor fitness: 166.0
2025-10-20 22:56:56,329 - WARNING -    Fitness promedio reciente: 145.3
2025-10-20 22:56:56,330 - WARNING -    Degradación: 20.7
2025-10-20 22:56:56,330 - WARNING -    🔄 RESTAURANDO mejor solución...
2025-10-20 22:56:56,331 - DEBUG - Iter 18500: T=6.35, Fitness_actual=166.0, Mejor=166.0
2025-10-20 22:56:59,330 - INFO - Iter 18534: Aceptada solución con delta=-12.8 (T=6.35)
2025-10-20 22:56:59,331 - INFO -   📊 Desglose del cambio:
2025-10-20 22:56:59,331 - INFO -      Puntos: -298 → 17663 total
2025-10-20 22:56:59,331 - INFO -      Tiempo: +312.0min → 15066.3min total
2025-10-20 22:56:59,332 - INFO -      Distancia: +23.5km → 171.8km total
2025-10-20 22:56:59,599 - WARNING - ================================================================================
2025-10-20 22:56:59,600 - WARNING - ⚠️  SALTO ANORMAL DETECTADO en iteración 18537
2025-10-20 22:56:59,600 - WARNING -    Fitness actual: 144.3
2025-10-20 22:56:59,600 - WARNING -    Fitness vecino: 100.2
2025-10-20 22:56:59,601 - WARNING -    Delta: -44.1
2025-10-20 22:56:59,601 - WARNING -    Temperatura: 6.35
2025-10-20 22:56:59,601 - WARNING -    Tipo perturbación aplicada: (ver generar_vecino)
2025-10-20 22:56:59,602 - WARNING -    Vecino - Puntos: 17673, Tiempo: 17254.9min, Distancia: 339.2km
2025-10-20 22:56:59,602 - WARNING -    Actual - Puntos: 17661, Tiempo: 14960.1min, Distancia: 169.2km
2025-10-20 22:56:59,602 - WARNING -    Validez restricciones - Vecino: True, Actual: True
2025-10-20 22:56:59,603 - WARNING - ================================================================================
2025-10-20 22:56:59,603 - WARNING - ⚠️  SALTO ANORMAL DETECTADO en iteración 18537
2025-10-20 22:56:59,603 - WARNING -    Fitness: 144.3 → 100.2 (Δ=-44.1)
2025-10-20 22:56:59,603 - WARNING -    Ver detalles en archivo de log
2025-10-20 22:57:05,084 - WARNING - ⚠️  DEGRADACIÓN DETECTADA en iter 18600:
2025-10-20 22:57:05,084 - WARNING -    Mejor fitness: 166.0
2025-10-20 22:57:05,084 - WARNING -    Fitness promedio reciente: 124.0
2025-10-20 22:57:05,085 - WARNING -    Degradación: 41.9
2025-10-20 22:57:05,085 - WARNING -    🔄 RESTAURANDO mejor solución...
2025-10-20 22:57:05,088 - DEBUG - Iter 18600: T=6.33, Fitness_actual=166.0, Mejor=166.0
2025-10-20 22:57:06,534 - INFO - Iter 18617: Aceptada solución con delta=-11.3 (T=6.33)
2025-10-20 22:57:06,534 - INFO -   📊 Desglose del cambio:
2025-10-20 22:57:06,534 - INFO -      Puntos: -776 → 16993 total
2025-10-20 22:57:06,535 - INFO -      Tiempo: +14.7min → 14116.2min total
2025-10-20 22:57:06,535 - INFO -      Distancia: +23.3km → 149.7km total
2025-10-20 22:57:09,391 - WARNING - ⚠️  DEGRADACIÓN DETECTADA en iter 18650:
2025-10-20 22:57:09,392 - WARNING -    Mejor fitness: 166.0
2025-10-20 22:57:09,392 - WARNING -    Fitness promedio reciente: 140.3
2025-10-20 22:57:09,393 - WARNING -    Degradación: 25.7
2025-10-20 22:57:09,393 - WARNING -    🔄 RESTAURANDO mejor solución...
2025-10-20 22:57:09,480 - INFO - 🌟 MEJORA #63 en iter 18651: Fitness=166.0 (+0.0), Puntos=17962
2025-10-20 22:57:13,817 - DEBUG - Iter 18700: T=6.31, Fitness_actual=125.3, Mejor=166.0
2025-10-20 22:57:22,743 - WARNING - ⚠️  DEGRADACIÓN DETECTADA en iter 18800:
2025-10-20 22:57:22,743 - WARNING -    Mejor fitness: 166.0
2025-10-20 22:57:22,744 - WARNING -    Fitness promedio reciente: 104.9
2025-10-20 22:57:22,744 - WARNING -    Degradación: 61.1
2025-10-20 22:57:22,744 - WARNING -    🔄 RESTAURANDO mejor solución...
2025-10-20 22:57:22,746 - DEBUG - Iter 18800: T=6.29, Fitness_actual=166.0, Mejor=166.0
2025-10-20 22:57:22,842 - INFO - Iter 18801: Aceptada solución con delta=-12.5 (T=6.29)
2025-10-20 22:57:22,843 - INFO -   📊 Desglose del cambio:
2025-10-20 22:57:22,843 - INFO -      Puntos: -128 → 17830 total
2025-10-20 22:57:22,844 - INFO -      Tiempo: -272.4min → 14242.4min total
2025-10-20 22:57:22,844 - INFO -      Distancia: -1.4km → 134.8km total
2025-10-20 22:57:25,069 - INFO - Iter 18826: Aceptada solución con delta=-11.5 (T=6.28)
2025-10-20 22:57:25,069 - INFO -   📊 Desglose del cambio:
2025-10-20 22:57:25,070 - INFO -      Puntos: -803 → 16336 total
2025-10-20 22:57:25,070 - INFO -      Tiempo: -456.8min → 14237.7min total
2025-10-20 22:57:25,071 - INFO -      Distancia: -8.1km → 139.8km total
2025-10-20 22:57:27,193 - WARNING - ⚠️  DEGRADACIÓN DETECTADA en iter 18850:
2025-10-20 22:57:27,194 - WARNING -    Mejor fitness: 166.0
2025-10-20 22:57:27,194 - WARNING -    Fitness promedio reciente: 132.6
2025-10-20 22:57:27,195 - WARNING -    Degradación: 33.3
2025-10-20 22:57:27,195 - WARNING -    🔄 RESTAURANDO mejor solución...
2025-10-20 22:57:31,604 - DEBUG - Iter 18900: T=6.26, Fitness_actual=142.9, Mejor=166.0
2025-10-20 22:57:36,081 - WARNING - ⚠️  DEGRADACIÓN DETECTADA en iter 18950:
2025-10-20 22:57:36,082 - WARNING -    Mejor fitness: 166.0
2025-10-20 22:57:36,082 - WARNING -    Fitness promedio reciente: 138.8
2025-10-20 22:57:36,082 - WARNING -    Degradación: 27.2
2025-10-20 22:57:36,083 - WARNING -    🔄 RESTAURANDO mejor solución...
2025-10-20 22:57:36,890 - WARNING - ================================================================================
2025-10-20 22:57:36,891 - WARNING - ⚠️  SALTO ANORMAL DETECTADO en iteración 18959
2025-10-20 22:57:36,891 - WARNING -    Fitness actual: 162.9
2025-10-20 22:57:36,891 - WARNING -    Fitness vecino: 134.8
2025-10-20 22:57:36,892 - WARNING -    Delta: -28.1
2025-10-20 22:57:36,892 - WARNING -    Temperatura: 6.25
2025-10-20 22:57:36,892 - WARNING -    Tipo perturbación aplicada: (ver generar_vecino)
2025-10-20 22:57:36,892 - WARNING -    Vecino - Puntos: 17940, Tiempo: 15822.6min, Distancia: 199.1km
2025-10-20 22:57:36,893 - WARNING -    Actual - Puntos: 17960, Tiempo: 14426.9min, Distancia: 127.7km
2025-10-20 22:57:36,893 - WARNING -    Validez restricciones - Vecino: True, Actual: True
2025-10-20 22:57:36,893 - WARNING - ================================================================================
2025-10-20 22:57:36,893 - WARNING - ⚠️  SALTO ANORMAL DETECTADO en iteración 18959
2025-10-20 22:57:36,894 - WARNING -    Fitness: 162.9 → 134.8 (Δ=-28.1)
2025-10-20 22:57:36,894 - WARNING -    Ver detalles en archivo de log
2025-10-20 22:57:40,582 - INFO -   Iter 19000 | Tiempo:   19.1min (15.9%) | T =     6.24 | Fitness =    129.9 | Mejor =    166.0 | Aceptación =  88.4%
2025-10-20 22:57:40,583 - INFO - Progreso iter 19000: T=6.24, Fitness=129.9, Mejor=166.0, Tasa_acept=88.4%
2025-10-20 22:57:40,594 - DEBUG - Iter 19000: T=6.24, Fitness_actual=129.9, Mejor=166.0
2025-10-20 22:57:45,186 - WARNING - ⚠️  DEGRADACIÓN DETECTADA en iter 19050:
2025-10-20 22:57:45,186 - WARNING -    Mejor fitness: 166.0
2025-10-20 22:57:45,187 - WARNING -    Fitness promedio reciente: 123.3
2025-10-20 22:57:45,187 - WARNING -    Degradación: 42.7
2025-10-20 22:57:45,187 - WARNING -    🔄 RESTAURANDO mejor solución...
2025-10-20 22:57:49,601 - WARNING - ⚠️  DEGRADACIÓN DETECTADA en iter 19100:
2025-10-20 22:57:49,602 - WARNING -    Mejor fitness: 166.0
2025-10-20 22:57:49,602 - WARNING -    Fitness promedio reciente: 141.3
2025-10-20 22:57:49,603 - WARNING -    Degradación: 24.6
2025-10-20 22:57:49,603 - WARNING -    🔄 RESTAURANDO mejor solución...
2025-10-20 22:57:49,606 - DEBUG - Iter 19100: T=6.22, Fitness_actual=166.0, Mejor=166.0
2025-10-20 22:57:54,008 - WARNING - ⚠️  DEGRADACIÓN DETECTADA en iter 19150:
2025-10-20 22:57:54,008 - WARNING -    Mejor fitness: 166.0
2025-10-20 22:57:54,009 - WARNING -    Fitness promedio reciente: 141.7
2025-10-20 22:57:54,009 - WARNING -    Degradación: 24.2
2025-10-20 22:57:54,009 - WARNING -    🔄 RESTAURANDO mejor solución...
2025-10-20 22:57:54,011 - INFO - 🌟 MEJORA #64 en iter 19150: Fitness=166.0 (+0.0), Puntos=17962
2025-10-20 22:57:58,409 - DEBUG - Iter 19200: T=6.20, Fitness_actual=139.6, Mejor=166.0
2025-10-20 22:58:07,312 - WARNING - ⚠️  DEGRADACIÓN DETECTADA en iter 19300:
2025-10-20 22:58:07,312 - WARNING -    Mejor fitness: 166.0
2025-10-20 22:58:07,313 - WARNING -    Fitness promedio reciente: 121.8
2025-10-20 22:58:07,313 - WARNING -    Degradación: 44.2
2025-10-20 22:58:07,313 - WARNING -    🔄 RESTAURANDO mejor solución...
2025-10-20 22:58:07,316 - DEBUG - Iter 19300: T=6.17, Fitness_actual=166.0, Mejor=166.0
2025-10-20 22:58:16,468 - WARNING - ⚠️  DEGRADACIÓN DETECTADA en iter 19400:
2025-10-20 22:58:16,468 - WARNING -    Mejor fitness: 166.0
2025-10-20 22:58:16,469 - WARNING -    Fitness promedio reciente: 131.7
2025-10-20 22:58:16,469 - WARNING -    Degradación: 34.2
2025-10-20 22:58:16,469 - WARNING -    🔄 RESTAURANDO mejor solución...
2025-10-20 22:58:16,476 - DEBUG - Iter 19400: T=6.15, Fitness_actual=166.0, Mejor=166.0
2025-10-20 22:58:16,476 - WARNING - ================================================================================
2025-10-20 22:58:16,477 - WARNING - ⚠️  SALTO ANORMAL DETECTADO en iteración 19400
2025-10-20 22:58:16,477 - WARNING -    Fitness actual: 166.0
2025-10-20 22:58:16,477 - WARNING -    Fitness vecino: 141.9
2025-10-20 22:58:16,478 - WARNING -    Delta: -24.1
2025-10-20 22:58:16,478 - WARNING -    Temperatura: 6.15
2025-10-20 22:58:16,478 - WARNING -    Tipo perturbación aplicada: (ver generar_vecino)
2025-10-20 22:58:16,478 - WARNING -    Vecino - Puntos: 17825, Tiempo: 14847.3min, Distancia: 126.4km
2025-10-20 22:58:16,479 - WARNING -    Actual - Puntos: 17962, Tiempo: 14528.3min, Distancia: 136.1km
2025-10-20 22:58:16,479 - WARNING -    Validez restricciones - Vecino: False, Actual: True
2025-10-20 22:58:16,479 - WARNING - ================================================================================
2025-10-20 22:58:16,479 - WARNING - ⚠️  SALTO ANORMAL DETECTADO en iteración 19400
2025-10-20 22:58:16,480 - WARNING -    Fitness: 166.0 → 141.9 (Δ=-24.1)
2025-10-20 22:58:16,480 - WARNING -    Ver detalles en archivo de log
2025-10-20 22:58:25,771 - INFO -   Iter 19500 | Tiempo:   19.9min (16.5%) | T =     6.13 | Fitness =    122.4 | Mejor =    166.0 | Aceptación =  88.4%
2025-10-20 22:58:25,771 - INFO - Progreso iter 19500: T=6.13, Fitness=122.4, Mejor=166.0, Tasa_acept=88.4%
2025-10-20 22:58:25,772 - WARNING - ⚠️  DEGRADACIÓN DETECTADA en iter 19500:
2025-10-20 22:58:25,772 - WARNING -    Mejor fitness: 166.0
2025-10-20 22:58:25,772 - WARNING -    Fitness promedio reciente: 123.3
2025-10-20 22:58:25,773 - WARNING -    Degradación: 42.7
2025-10-20 22:58:25,773 - WARNING -    🔄 RESTAURANDO mejor solución...
2025-10-20 22:58:25,775 - DEBUG - Iter 19500: T=6.13, Fitness_actual=166.0, Mejor=166.0
2025-10-20 22:58:34,939 - WARNING - ⚠️  DEGRADACIÓN DETECTADA en iter 19600:
2025-10-20 22:58:34,940 - WARNING -    Mejor fitness: 166.0
2025-10-20 22:58:34,940 - WARNING -    Fitness promedio reciente: 141.4
2025-10-20 22:58:34,940 - WARNING -    Degradación: 24.6
2025-10-20 22:58:34,941 - WARNING -    🔄 RESTAURANDO mejor solución...
2025-10-20 22:58:34,943 - DEBUG - Iter 19600: T=6.10, Fitness_actual=166.0, Mejor=166.0
2025-10-20 22:58:36,178 - WARNING - ================================================================================
2025-10-20 22:58:36,179 - WARNING - ⚠️  SALTO ANORMAL DETECTADO en iteración 19613
2025-10-20 22:58:36,179 - WARNING -    Fitness actual: 163.1
2025-10-20 22:58:36,179 - WARNING -    Fitness vecino: 133.9
2025-10-20 22:58:36,180 - WARNING -    Delta: -29.2
2025-10-20 22:58:36,180 - WARNING -    Temperatura: 6.10
2025-10-20 22:58:36,180 - WARNING -    Tipo perturbación aplicada: (ver generar_vecino)
2025-10-20 22:58:36,180 - WARNING -    Vecino - Puntos: 18016, Tiempo: 15905.2min, Distancia: 218.4km
2025-10-20 22:58:36,181 - WARNING -    Actual - Puntos: 17976, Tiempo: 14517.4min, Distancia: 134.4km
2025-10-20 22:58:36,181 - WARNING -    Validez restricciones - Vecino: True, Actual: True
2025-10-20 22:58:36,181 - WARNING - ================================================================================
2025-10-20 22:58:36,181 - WARNING - ⚠️  SALTO ANORMAL DETECTADO en iteración 19613
2025-10-20 22:58:36,182 - WARNING -    Fitness: 163.1 → 133.9 (Δ=-29.2)
2025-10-20 22:58:36,182 - WARNING -    Ver detalles en archivo de log
2025-10-20 22:58:38,447 - WARNING - ================================================================================
2025-10-20 22:58:38,447 - WARNING - ⚠️  SALTO ANORMAL DETECTADO en iteración 19638
2025-10-20 22:58:38,448 - WARNING -    Fitness actual: 153.5
2025-10-20 22:58:38,448 - WARNING -    Fitness vecino: 90.2
2025-10-20 22:58:38,448 - WARNING -    Delta: -63.3
2025-10-20 22:58:38,449 - WARNING -    Temperatura: 6.09
2025-10-20 22:58:38,449 - WARNING -    Tipo perturbación aplicada: (ver generar_vecino)
2025-10-20 22:58:38,449 - WARNING -    Vecino - Puntos: 17976, Tiempo: 17610.8min, Distancia: 399.2km
2025-10-20 22:58:38,450 - WARNING -    Actual - Puntos: 17958, Tiempo: 14277.2min, Distancia: 135.2km
2025-10-20 22:58:38,450 - WARNING -    Validez restricciones - Vecino: True, Actual: True
2025-10-20 22:58:38,450 - WARNING - ================================================================================
2025-10-20 22:58:38,450 - WARNING - ⚠️  SALTO ANORMAL DETECTADO en iteración 19638
2025-10-20 22:58:38,451 - WARNING -    Fitness: 153.5 → 90.2 (Δ=-63.3)
2025-10-20 22:58:38,451 - WARNING -    Ver detalles en archivo de log
2025-10-20 22:58:44,053 - WARNING - ⚠️  DEGRADACIÓN DETECTADA en iter 19700:
2025-10-20 22:58:44,053 - WARNING -    Mejor fitness: 166.0
2025-10-20 22:58:44,054 - WARNING -    Fitness promedio reciente: 133.8
2025-10-20 22:58:44,054 - WARNING -    Degradación: 32.2
2025-10-20 22:58:44,054 - WARNING -    🔄 RESTAURANDO mejor solución...
2025-10-20 22:58:44,056 - DEBUG - Iter 19700: T=6.08, Fitness_actual=166.0, Mejor=166.0
2025-10-20 22:58:44,056 - INFO - 🌟 MEJORA #65 en iter 19700: Fitness=166.0 (+0.0), Puntos=17967
2025-10-20 22:58:44,056 - INFO -   ✨ Mejora #65 en iteración 19701: Fitness = 166.0 | Puntos = 17967 | T = 6.08
2025-10-20 22:58:53,409 - DEBUG - Iter 19800: T=6.06, Fitness_actual=117.2, Mejor=166.0
2025-10-20 22:58:58,277 - WARNING - ⚠️  DEGRADACIÓN DETECTADA en iter 19850:
2025-10-20 22:58:58,277 - WARNING -    Mejor fitness: 166.0
2025-10-20 22:58:58,278 - WARNING -    Fitness promedio reciente: 116.7
2025-10-20 22:58:58,278 - WARNING -    Degradación: 49.3
2025-10-20 22:58:58,278 - WARNING -    🔄 RESTAURANDO mejor solución...
2025-10-20 22:58:58,280 - INFO - Iter 19850: Aceptada solución con delta=-14.7 (T=6.05)
2025-10-20 22:58:58,280 - INFO -   📊 Desglose del cambio:
2025-10-20 22:58:58,281 - INFO -      Puntos: -792 → 17175 total
2025-10-20 22:58:58,281 - INFO -      Tiempo: -235.5min → 14332.5min total
2025-10-20 22:58:58,281 - INFO -      Distancia: +9.5km → 146.5km total
2025-10-20 22:59:02,966 - WARNING - ⚠️  DEGRADACIÓN DETECTADA en iter 19900:
2025-10-20 22:59:02,966 - WARNING -    Mejor fitness: 166.0
2025-10-20 22:59:02,966 - WARNING -    Fitness promedio reciente: 138.6
2025-10-20 22:59:02,967 - WARNING -    Degradación: 27.4
2025-10-20 22:59:02,967 - WARNING -    🔄 RESTAURANDO mejor solución...
2025-10-20 22:59:02,970 - DEBUG - Iter 19900: T=6.03, Fitness_actual=166.0, Mejor=166.0
2025-10-20 22:59:03,065 - INFO - 🌟 MEJORA #66 en iter 19901: Fitness=166.0 (+0.0), Puntos=17967
2025-10-20 22:59:06,166 - WARNING - ================================================================================
2025-10-20 22:59:06,166 - WARNING - ⚠️  SALTO ANORMAL DETECTADO en iteración 19934
2025-10-20 22:59:06,167 - WARNING -    Fitness actual: 158.9
2025-10-20 22:59:06,167 - WARNING -    Fitness vecino: 137.9
2025-10-20 22:59:06,168 - WARNING -    Delta: -21.0
2025-10-20 22:59:06,168 - WARNING -    Temperatura: 6.03
2025-10-20 22:59:06,168 - WARNING -    Tipo perturbación aplicada: (ver generar_vecino)
2025-10-20 22:59:06,169 - WARNING -    Vecino - Puntos: 17580, Tiempo: 15370.0min, Distancia: 192.1km
2025-10-20 22:59:06,169 - WARNING -    Actual - Puntos: 18004, Tiempo: 14547.2min, Distancia: 130.2km
2025-10-20 22:59:06,169 - WARNING -    Validez restricciones - Vecino: True, Actual: True
2025-10-20 22:59:06,169 - WARNING - ================================================================================
2025-10-20 22:59:06,170 - WARNING - ⚠️  SALTO ANORMAL DETECTADO en iteración 19934
2025-10-20 22:59:06,170 - WARNING -    Fitness: 158.9 → 137.9 (Δ=-21.0)
2025-10-20 22:59:06,170 - WARNING -    Ver detalles en archivo de log
2025-10-20 22:59:08,946 - WARNING - ================================================================================
2025-10-20 22:59:08,946 - WARNING - ⚠️  SALTO ANORMAL DETECTADO en iteración 19964
2025-10-20 22:59:08,947 - WARNING -    Fitness actual: 154.7
2025-10-20 22:59:08,947 - WARNING -    Fitness vecino: 98.7
2025-10-20 22:59:08,947 - WARNING -    Delta: -56.0
2025-10-20 22:59:08,948 - WARNING -    Temperatura: 6.02
2025-10-20 22:59:08,948 - WARNING -    Tipo perturbación aplicada: (ver generar_vecino)
2025-10-20 22:59:08,948 - WARNING -    Vecino - Puntos: 18030, Tiempo: 17430.8min, Distancia: 342.2km
2025-10-20 22:59:08,949 - WARNING -    Actual - Puntos: 17980, Tiempo: 14583.6min, Distancia: 128.6km
2025-10-20 22:59:08,949 - WARNING -    Validez restricciones - Vecino: True, Actual: True
2025-10-20 22:59:08,949 - WARNING - ================================================================================
2025-10-20 22:59:08,950 - WARNING - ⚠️  SALTO ANORMAL DETECTADO en iteración 19964
2025-10-20 22:59:08,950 - WARNING -    Fitness: 154.7 → 98.7 (Δ=-56.0)
2025-10-20 22:59:08,950 - WARNING -    Ver detalles en archivo de log
2025-10-20 22:59:12,276 - INFO -   Iter 20000 | Tiempo:   20.6min (17.2%) | T =     6.01 | Fitness =    140.8 | Mejor =    166.0 | Aceptación =  88.2%
2025-10-20 22:59:12,276 - INFO - Progreso iter 20000: T=6.01, Fitness=140.8, Mejor=166.0, Tasa_acept=88.2%
2025-10-20 22:59:12,278 - DEBUG - Iter 20000: T=6.01, Fitness_actual=140.8, Mejor=166.0
2025-10-20 22:59:16,736 - WARNING - ⚠️  DEGRADACIÓN DETECTADA en iter 20050:
2025-10-20 22:59:16,737 - WARNING -    Mejor fitness: 166.0
2025-10-20 22:59:16,737 - WARNING -    Fitness promedio reciente: 131.2
2025-10-20 22:59:16,737 - WARNING -    Degradación: 34.8
2025-10-20 22:59:16,738 - WARNING -    🔄 RESTAURANDO mejor solución...
2025-10-20 22:59:21,326 - DEBUG - Iter 20100: T=5.99, Fitness_actual=135.4, Mejor=166.0
2025-10-20 22:59:26,000 - WARNING - ⚠️  DEGRADACIÓN DETECTADA en iter 20150:
2025-10-20 22:59:26,000 - WARNING -    Mejor fitness: 166.0
2025-10-20 22:59:26,001 - WARNING -    Fitness promedio reciente: 125.6
2025-10-20 22:59:26,001 - WARNING -    Degradación: 40.4
2025-10-20 22:59:26,001 - WARNING -    🔄 RESTAURANDO mejor solución...
2025-10-20 22:59:30,762 - WARNING - ⚠️  DEGRADACIÓN DETECTADA en iter 20200:
2025-10-20 22:59:30,763 - WARNING -    Mejor fitness: 166.0
2025-10-20 22:59:30,763 - WARNING -    Fitness promedio reciente: 140.7
2025-10-20 22:59:30,763 - WARNING -    Degradación: 25.3
2025-10-20 22:59:30,764 - WARNING -    🔄 RESTAURANDO mejor solución...
2025-10-20 22:59:30,769 - DEBUG - Iter 20200: T=5.97, Fitness_actual=166.0, Mejor=166.0
2025-10-20 22:59:30,864 - INFO - 🌟 MEJORA #67 en iter 20201: Fitness=166.2 (+0.1), Puntos=17981
2025-10-20 22:59:30,957 - INFO - 🌟 MEJORA #68 en iter 20202: Fitness=166.2 (+0.0), Puntos=17981
2025-10-20 22:59:40,173 - DEBUG - Iter 20300: T=5.94, Fitness_actual=127.9, Mejor=166.2
2025-10-20 22:59:44,948 - WARNING - ⚠️  DEGRADACIÓN DETECTADA en iter 20350:
2025-10-20 22:59:44,949 - WARNING -    Mejor fitness: 166.2
2025-10-20 22:59:44,949 - WARNING -    Fitness promedio reciente: 125.4
2025-10-20 22:59:44,949 - WARNING -    Degradación: 40.7
2025-10-20 22:59:44,950 - WARNING -    🔄 RESTAURANDO mejor solución...
2025-10-20 22:59:49,723 - DEBUG - Iter 20400: T=5.92, Fitness_actual=139.7, Mejor=166.2
2025-10-20 22:59:54,350 - WARNING - ⚠️  DEGRADACIÓN DETECTADA en iter 20450:
2025-10-20 22:59:54,350 - WARNING -    Mejor fitness: 166.2
2025-10-20 22:59:54,351 - WARNING -    Fitness promedio reciente: 134.7
2025-10-20 22:59:54,351 - WARNING -    Degradación: 31.4
2025-10-20 22:59:54,351 - WARNING -    🔄 RESTAURANDO mejor solución...
2025-10-20 22:59:58,691 - INFO -   Iter 20500 | Tiempo:   21.4min (17.8%) | T =     5.90 | Fitness =    140.2 | Mejor =    166.2 | Aceptación =  88.2%
2025-10-20 22:59:58,691 - INFO - Progreso iter 20500: T=5.90, Fitness=140.2, Mejor=166.2, Tasa_acept=88.2%
2025-10-20 22:59:58,692 - DEBUG - Iter 20500: T=5.90, Fitness_actual=140.2, Mejor=166.2
2025-10-20 23:00:03,248 - WARNING - ⚠️  DEGRADACIÓN DETECTADA en iter 20550:
2025-10-20 23:00:03,248 - WARNING -    Mejor fitness: 166.2
2025-10-20 23:00:03,249 - WARNING -    Fitness promedio reciente: 133.5
2025-10-20 23:00:03,249 - WARNING -    Degradación: 32.6
2025-10-20 23:00:03,250 - WARNING -    🔄 RESTAURANDO mejor solución...
2025-10-20 23:00:03,251 - INFO - 🌟 MEJORA #69 en iter 20550: Fitness=166.2 (+0.0), Puntos=17981
2025-10-20 23:00:07,783 - DEBUG - Iter 20600: T=5.88, Fitness_actual=147.7, Mejor=166.2
2025-10-20 23:00:16,775 - WARNING - ⚠️  DEGRADACIÓN DETECTADA en iter 20700:
2025-10-20 23:00:16,776 - WARNING -    Mejor fitness: 166.2
2025-10-20 23:00:16,776 - WARNING -    Fitness promedio reciente: 123.6
2025-10-20 23:00:16,776 - WARNING -    Degradación: 42.6
2025-10-20 23:00:16,776 - WARNING -    🔄 RESTAURANDO mejor solución...
2025-10-20 23:00:16,777 - DEBUG - Iter 20700: T=5.85, Fitness_actual=166.2, Mejor=166.2
2025-10-20 23:00:25,633 - WARNING - ⚠️  DEGRADACIÓN DETECTADA en iter 20800:
2025-10-20 23:00:25,633 - WARNING -    Mejor fitness: 166.2
2025-10-20 23:00:25,634 - WARNING -    Fitness promedio reciente: 125.7
2025-10-20 23:00:25,634 - WARNING -    Degradación: 40.4
2025-10-20 23:00:25,634 - WARNING -    🔄 RESTAURANDO mejor solución...
2025-10-20 23:00:25,635 - DEBUG - Iter 20800: T=5.83, Fitness_actual=166.2, Mejor=166.2
2025-10-20 23:00:34,291 - WARNING - ⚠️  DEGRADACIÓN DETECTADA en iter 20900:
2025-10-20 23:00:34,292 - WARNING -    Mejor fitness: 166.2
2025-10-20 23:00:34,292 - WARNING -    Fitness promedio reciente: 133.3
2025-10-20 23:00:34,292 - WARNING -    Degradación: 32.8
2025-10-20 23:00:34,293 - WARNING -    🔄 RESTAURANDO mejor solución...
2025-10-20 23:00:34,294 - DEBUG - Iter 20900: T=5.81, Fitness_actual=166.2, Mejor=166.2
2025-10-20 23:00:34,487 - WARNING - ================================================================================
2025-10-20 23:00:34,488 - WARNING - ⚠️  SALTO ANORMAL DETECTADO en iteración 20902
2025-10-20 23:00:34,488 - WARNING -    Fitness actual: 166.2
2025-10-20 23:00:34,488 - WARNING -    Fitness vecino: 141.7
2025-10-20 23:00:34,489 - WARNING -    Delta: -24.5
2025-10-20 23:00:34,489 - WARNING -    Temperatura: 5.81
2025-10-20 23:00:34,489 - WARNING -    Tipo perturbación aplicada: (ver generar_vecino)
2025-10-20 23:00:34,490 - WARNING -    Vecino - Puntos: 17812, Tiempo: 16700.0min, Distancia: 156.2km
2025-10-20 23:00:34,490 - WARNING -    Actual - Puntos: 17981, Tiempo: 14585.2min, Distancia: 135.9km
2025-10-20 23:00:34,490 - WARNING -    Validez restricciones - Vecino: True, Actual: True
2025-10-20 23:00:34,491 - WARNING - ================================================================================
2025-10-20 23:00:34,491 - WARNING - ⚠️  SALTO ANORMAL DETECTADO en iteración 20902
2025-10-20 23:00:34,491 - WARNING -    Fitness: 166.2 → 141.7 (Δ=-24.5)
2025-10-20 23:00:34,491 - WARNING -    Ver detalles en archivo de log
2025-10-20 23:00:34,576 - INFO - 🌟 MEJORA #70 en iter 20903: Fitness=166.2 (+0.1), Puntos=17990
2025-10-20 23:00:34,577 - INFO -   ✨ Mejora #70 en iteración 20904: Fitness = 166.2 | Puntos = 17990 | T = 5.81
2025-10-20 23:00:43,263 - INFO -   Iter 21000 | Tiempo:   22.2min (18.5%) | T =     5.79 | Fitness =    128.5 | Mejor =    166.2 | Aceptación =  88.1%
2025-10-20 23:00:43,263 - INFO - Progreso iter 21000: T=5.79, Fitness=128.5, Mejor=166.2, Tasa_acept=88.1%
2025-10-20 23:00:43,267 - DEBUG - Iter 21000: T=5.79, Fitness_actual=128.5, Mejor=166.2
2025-10-20 23:00:47,878 - WARNING - ⚠️  DEGRADACIÓN DETECTADA en iter 21050:
2025-10-20 23:00:47,879 - WARNING -    Mejor fitness: 166.2
2025-10-20 23:00:47,879 - WARNING -    Fitness promedio reciente: 124.3
2025-10-20 23:00:47,880 - WARNING -    Degradación: 41.9
2025-10-20 23:00:47,880 - WARNING -    🔄 RESTAURANDO mejor solución...
2025-10-20 23:00:47,887 - WARNING - ================================================================================
2025-10-20 23:00:47,887 - WARNING - ⚠️  SALTO ANORMAL DETECTADO en iteración 21050
2025-10-20 23:00:47,888 - WARNING -    Fitness actual: 166.2
2025-10-20 23:00:47,888 - WARNING -    Fitness vecino: 144.6
2025-10-20 23:00:47,888 - WARNING -    Delta: -21.6
2025-10-20 23:00:47,889 - WARNING -    Temperatura: 5.78
2025-10-20 23:00:47,889 - WARNING -    Tipo perturbación aplicada: (ver generar_vecino)
2025-10-20 23:00:47,889 - WARNING -    Vecino - Puntos: 17850, Tiempo: 14820.9min, Distancia: 130.5km
2025-10-20 23:00:47,889 - WARNING -    Actual - Puntos: 17990, Tiempo: 14570.8min, Distancia: 135.9km
2025-10-20 23:00:47,890 - WARNING -    Validez restricciones - Vecino: False, Actual: True
2025-10-20 23:00:47,890 - WARNING - ================================================================================
2025-10-20 23:00:47,890 - WARNING - ⚠️  SALTO ANORMAL DETECTADO en iteración 21050
2025-10-20 23:00:47,890 - WARNING -    Fitness: 166.2 → 144.6 (Δ=-21.6)
2025-10-20 23:00:47,891 - WARNING -    Ver detalles en archivo de log
2025-10-20 23:00:52,480 - WARNING - ⚠️  DEGRADACIÓN DETECTADA en iter 21100:
2025-10-20 23:00:52,480 - WARNING -    Mejor fitness: 166.2
2025-10-20 23:00:52,481 - WARNING -    Fitness promedio reciente: 142.8
2025-10-20 23:00:52,481 - WARNING -    Degradación: 23.4
2025-10-20 23:00:52,482 - WARNING -    🔄 RESTAURANDO mejor solución...
2025-10-20 23:00:52,483 - DEBUG - Iter 21100: T=5.77, Fitness_actual=166.2, Mejor=166.2
2025-10-20 23:00:56,981 - WARNING - ⚠️  DEGRADACIÓN DETECTADA en iter 21150:
2025-10-20 23:00:56,981 - WARNING -    Mejor fitness: 166.2
2025-10-20 23:00:56,982 - WARNING -    Fitness promedio reciente: 140.4
2025-10-20 23:00:56,982 - WARNING -    Degradación: 25.9
2025-10-20 23:00:56,982 - WARNING -    🔄 RESTAURANDO mejor solución...
2025-10-20 23:01:01,708 - DEBUG - Iter 21200: T=5.75, Fitness_actual=131.6, Mejor=166.2
2025-10-20 23:01:06,464 - WARNING - ⚠️  DEGRADACIÓN DETECTADA en iter 21250:
2025-10-20 23:01:06,465 - WARNING -    Mejor fitness: 166.2
2025-10-20 23:01:06,465 - WARNING -    Fitness promedio reciente: 125.3
2025-10-20 23:01:06,465 - WARNING -    Degradación: 40.9
2025-10-20 23:01:06,466 - WARNING -    🔄 RESTAURANDO mejor solución...
2025-10-20 23:01:06,552 - INFO - 🌟 MEJORA #71 en iter 21251: Fitness=166.2 (+0.0), Puntos=17990
2025-10-20 23:01:11,018 - DEBUG - Iter 21300: T=5.73, Fitness_actual=154.1, Mejor=166.2
2025-10-20 23:01:19,976 - WARNING - ⚠️  DEGRADACIÓN DETECTADA en iter 21400:
2025-10-20 23:01:19,976 - WARNING -    Mejor fitness: 166.2
2025-10-20 23:01:19,977 - WARNING -    Fitness promedio reciente: 132.8
2025-10-20 23:01:19,977 - WARNING -    Degradación: 33.5
2025-10-20 23:01:19,977 - WARNING -    🔄 RESTAURANDO mejor solución...
2025-10-20 23:01:19,980 - DEBUG - Iter 21400: T=5.70, Fitness_actual=166.2, Mejor=166.2
2025-10-20 23:01:29,036 - INFO -   Iter 21500 | Tiempo:   22.9min (19.1%) | T =     5.68 | Fitness =    132.2 | Mejor =    166.2 | Aceptación =  88.0%
2025-10-20 23:01:29,037 - INFO - Progreso iter 21500: T=5.68, Fitness=132.2, Mejor=166.2, Tasa_acept=88.0%
2025-10-20 23:01:29,037 - WARNING - ⚠️  DEGRADACIÓN DETECTADA en iter 21500:
2025-10-20 23:01:29,037 - WARNING -    Mejor fitness: 166.2
2025-10-20 23:01:29,038 - WARNING -    Fitness promedio reciente: 131.9
2025-10-20 23:01:29,038 - WARNING -    Degradación: 34.3
2025-10-20 23:01:29,038 - WARNING -    🔄 RESTAURANDO mejor solución...
2025-10-20 23:01:29,039 - DEBUG - Iter 21500: T=5.68, Fitness_actual=166.2, Mejor=166.2
2025-10-20 23:01:29,224 - WARNING - ================================================================================
2025-10-20 23:01:29,225 - WARNING - ⚠️  SALTO ANORMAL DETECTADO en iteración 21502
2025-10-20 23:01:29,225 - WARNING -    Fitness actual: 166.2
2025-10-20 23:01:29,226 - WARNING -    Fitness vecino: 146.2
2025-10-20 23:01:29,226 - WARNING -    Delta: -20.0
2025-10-20 23:01:29,226 - WARNING -    Temperatura: 5.68
2025-10-20 23:01:29,227 - WARNING -    Tipo perturbación aplicada: (ver generar_vecino)
2025-10-20 23:01:29,227 - WARNING -    Vecino - Puntos: 17859, Tiempo: 14597.2min, Distancia: 125.6km
2025-10-20 23:01:29,227 - WARNING -    Actual - Puntos: 17990, Tiempo: 14554.0min, Distancia: 134.5km
2025-10-20 23:01:29,228 - WARNING -    Validez restricciones - Vecino: False, Actual: True
2025-10-20 23:01:29,228 - WARNING - ================================================================================
2025-10-20 23:01:29,228 - WARNING - ⚠️  SALTO ANORMAL DETECTADO en iteración 21502
2025-10-20 23:01:29,229 - WARNING -    Fitness: 166.2 → 146.2 (Δ=-20.0)
2025-10-20 23:01:29,229 - WARNING -    Ver detalles en archivo de log
2025-10-20 23:01:33,492 - WARNING - ⚠️  DEGRADACIÓN DETECTADA en iter 21550:
2025-10-20 23:01:33,493 - WARNING -    Mejor fitness: 166.2
2025-10-20 23:01:33,493 - WARNING -    Fitness promedio reciente: 146.1
2025-10-20 23:01:33,493 - WARNING -    Degradación: 20.1
2025-10-20 23:01:33,494 - WARNING -    🔄 RESTAURANDO mejor solución...
2025-10-20 23:01:33,495 - INFO - Iter 21550: Aceptada solución con delta=-10.1 (T=5.67)
2025-10-20 23:01:33,496 - INFO -   📊 Desglose del cambio:
2025-10-20 23:01:33,496 - INFO -      Puntos: -619 → 17371 total
2025-10-20 23:01:33,496 - INFO -      Tiempo: +213.7min → 14767.7min total
2025-10-20 23:01:33,497 - INFO -      Distancia: +39.5km → 174.0km total
2025-10-20 23:01:37,935 - WARNING - ⚠️  DEGRADACIÓN DETECTADA en iter 21600:
2025-10-20 23:01:37,936 - WARNING -    Mejor fitness: 166.2
2025-10-20 23:01:37,936 - WARNING -    Fitness promedio reciente: 142.2
2025-10-20 23:01:37,937 - WARNING -    Degradación: 24.1
2025-10-20 23:01:37,937 - WARNING -    🔄 RESTAURANDO mejor solución...
2025-10-20 23:01:37,938 - DEBUG - Iter 21600: T=5.66, Fitness_actual=166.2, Mejor=166.2
2025-10-20 23:01:46,776 - WARNING - ⚠️  DEGRADACIÓN DETECTADA en iter 21700:
2025-10-20 23:01:46,777 - WARNING -    Mejor fitness: 166.2
2025-10-20 23:01:46,777 - WARNING -    Fitness promedio reciente: 137.3
2025-10-20 23:01:46,777 - WARNING -    Degradación: 28.9
2025-10-20 23:01:46,778 - WARNING -    🔄 RESTAURANDO mejor solución...
2025-10-20 23:01:46,779 - DEBUG - Iter 21700: T=5.64, Fitness_actual=166.2, Mejor=166.2
2025-10-20 23:01:46,866 - INFO - 🌟 MEJORA #72 en iter 21701: Fitness=166.3 (+0.1), Puntos=17995
2025-10-20 23:01:47,742 - INFO - Iter 21711: Aceptada solución con delta=-11.5 (T=5.64)
2025-10-20 23:01:47,743 - INFO -   📊 Desglose del cambio:
2025-10-20 23:01:47,743 - INFO -      Puntos: -128 → 17867 total
2025-10-20 23:01:47,743 - INFO -      Tiempo: -155.1min → 14354.7min total
2025-10-20 23:01:47,744 - INFO -      Distancia: -6.7km → 126.6km total
2025-10-20 23:01:55,794 - DEBUG - Iter 21800: T=5.62, Fitness_actual=120.9, Mejor=166.3
2025-10-20 23:02:00,286 - WARNING - ⚠️  DEGRADACIÓN DETECTADA en iter 21850:
2025-10-20 23:02:00,286 - WARNING -    Mejor fitness: 166.3
2025-10-20 23:02:00,287 - WARNING -    Fitness promedio reciente: 110.5
2025-10-20 23:02:00,287 - WARNING -    Degradación: 55.8
2025-10-20 23:02:00,287 - WARNING -    🔄 RESTAURANDO mejor solución...
2025-10-20 23:02:01,444 - WARNING - ================================================================================
2025-10-20 23:02:01,445 - WARNING - ⚠️  SALTO ANORMAL DETECTADO en iteración 21863
2025-10-20 23:02:01,445 - WARNING -    Fitness actual: 157.6
2025-10-20 23:02:01,445 - WARNING -    Fitness vecino: 134.7
2025-10-20 23:02:01,446 - WARNING -    Delta: -22.9
2025-10-20 23:02:01,446 - WARNING -    Temperatura: 5.61
2025-10-20 23:02:01,446 - WARNING -    Tipo perturbación aplicada: (ver generar_vecino)
2025-10-20 23:02:01,447 - WARNING -    Vecino - Puntos: 17563, Tiempo: 14771.6min, Distancia: 130.1km
2025-10-20 23:02:01,447 - WARNING -    Actual - Puntos: 17916, Tiempo: 14437.0min, Distancia: 134.8km
2025-10-20 23:02:01,447 - WARNING -    Validez restricciones - Vecino: False, Actual: True
2025-10-20 23:02:01,448 - WARNING - ================================================================================
2025-10-20 23:02:01,448 - WARNING - ⚠️  SALTO ANORMAL DETECTADO en iteración 21863
2025-10-20 23:02:01,448 - WARNING -    Fitness: 157.6 → 134.7 (Δ=-22.9)
2025-10-20 23:02:01,448 - WARNING -    Ver detalles en archivo de log
2025-10-20 23:02:04,731 - DEBUG - Iter 21900: T=5.60, Fitness_actual=150.2, Mejor=166.3
2025-10-20 23:02:09,203 - WARNING - ⚠️  DEGRADACIÓN DETECTADA en iter 21950:
2025-10-20 23:02:09,204 - WARNING -    Mejor fitness: 166.3
2025-10-20 23:02:09,204 - WARNING -    Fitness promedio reciente: 144.5
2025-10-20 23:02:09,204 - WARNING -    Degradación: 21.8
2025-10-20 23:02:09,204 - WARNING -    🔄 RESTAURANDO mejor solución...
2025-10-20 23:02:13,782 - INFO -   Iter 22000 | Tiempo:   23.7min (19.7%) | T =     5.58 | Fitness =    132.6 | Mejor =    166.3 | Aceptación =  87.9%
2025-10-20 23:02:13,782 - INFO - Progreso iter 22000: T=5.58, Fitness=132.6, Mejor=166.3, Tasa_acept=87.9%
2025-10-20 23:02:13,784 - DEBUG - Iter 22000: T=5.58, Fitness_actual=132.6, Mejor=166.3
2025-10-20 23:02:18,152 - WARNING - ⚠️  DEGRADACIÓN DETECTADA en iter 22050:
2025-10-20 23:02:18,152 - WARNING -    Mejor fitness: 166.3
2025-10-20 23:02:18,153 - WARNING -    Fitness promedio reciente: 113.6
2025-10-20 23:02:18,153 - WARNING -    Degradación: 52.7
2025-10-20 23:02:18,153 - WARNING -    🔄 RESTAURANDO mejor solución...
2025-10-20 23:02:22,584 - DEBUG - Iter 22100: T=5.56, Fitness_actual=132.6, Mejor=166.3
2025-10-20 23:02:26,957 - WARNING - ⚠️  DEGRADACIÓN DETECTADA en iter 22150:
2025-10-20 23:02:26,957 - WARNING -    Mejor fitness: 166.3
2025-10-20 23:02:26,958 - WARNING -    Fitness promedio reciente: 124.8
2025-10-20 23:02:26,958 - WARNING -    Degradación: 41.5
2025-10-20 23:02:26,958 - WARNING -    🔄 RESTAURANDO mejor solución...
2025-10-20 23:02:28,926 - WARNING - ================================================================================
2025-10-20 23:02:28,926 - WARNING - ⚠️  SALTO ANORMAL DETECTADO en iteración 22173
2025-10-20 23:02:28,926 - WARNING -    Fitness actual: 158.8
2025-10-20 23:02:28,927 - WARNING -    Fitness vecino: 124.6
2025-10-20 23:02:28,927 - WARNING -    Delta: -34.2
2025-10-20 23:02:28,927 - WARNING -    Temperatura: 5.55
2025-10-20 23:02:28,928 - WARNING -    Tipo perturbación aplicada: (ver generar_vecino)
2025-10-20 23:02:28,928 - WARNING -    Vecino - Puntos: 17675, Tiempo: 16354.5min, Distancia: 312.5km
2025-10-20 23:02:28,928 - WARNING -    Actual - Puntos: 17637, Tiempo: 14308.4min, Distancia: 154.0km
2025-10-20 23:02:28,929 - WARNING -    Validez restricciones - Vecino: True, Actual: True
2025-10-20 23:02:28,929 - WARNING - ================================================================================
2025-10-20 23:02:28,929 - WARNING - ⚠️  SALTO ANORMAL DETECTADO en iteración 22173
2025-10-20 23:02:28,929 - WARNING -    Fitness: 158.8 → 124.6 (Δ=-34.2)
2025-10-20 23:02:28,930 - WARNING -    Ver detalles en archivo de log
2025-10-20 23:02:31,353 - DEBUG - Iter 22200: T=5.54, Fitness_actual=146.9, Mejor=166.3
2025-10-20 23:02:36,012 - WARNING - ⚠️  DEGRADACIÓN DETECTADA en iter 22250:
2025-10-20 23:02:36,012 - WARNING -    Mejor fitness: 166.3
2025-10-20 23:02:36,012 - WARNING -    Fitness promedio reciente: 133.8
2025-10-20 23:02:36,013 - WARNING -    Degradación: 32.5
2025-10-20 23:02:36,013 - WARNING -    🔄 RESTAURANDO mejor solución...
2025-10-20 23:02:36,198 - INFO - 🌟 MEJORA #73 en iter 22252: Fitness=166.4 (+0.1), Puntos=18003
2025-10-20 23:02:40,080 - INFO - Iter 22293: Aceptada solución con delta=-10.3 (T=5.52)
2025-10-20 23:02:40,080 - INFO -   📊 Desglose del cambio:
2025-10-20 23:02:40,081 - INFO -      Puntos: -177 → 17509 total
2025-10-20 23:02:40,081 - INFO -      Tiempo: -69.8min → 14628.8min total
2025-10-20 23:02:40,081 - INFO -      Distancia: -12.1km → 132.8km total
2025-10-20 23:02:40,762 - DEBUG - Iter 22300: T=5.52, Fitness_actual=136.4, Mejor=166.4
2025-10-20 23:02:50,105 - WARNING - ⚠️  DEGRADACIÓN DETECTADA en iter 22400:
2025-10-20 23:02:50,105 - WARNING -    Mejor fitness: 166.4
2025-10-20 23:02:50,105 - WARNING -    Fitness promedio reciente: 121.3
2025-10-20 23:02:50,106 - WARNING -    Degradación: 45.0
2025-10-20 23:02:50,106 - WARNING -    🔄 RESTAURANDO mejor solución...
2025-10-20 23:02:50,109 - DEBUG - Iter 22400: T=5.50, Fitness_actual=166.4, Mejor=166.4
2025-10-20 23:02:54,620 - WARNING - ⚠️  DEGRADACIÓN DETECTADA en iter 22450:
2025-10-20 23:02:54,621 - WARNING -    Mejor fitness: 166.4
2025-10-20 23:02:54,621 - WARNING -    Fitness promedio reciente: 139.0
2025-10-20 23:02:54,622 - WARNING -    Degradación: 27.4
2025-10-20 23:02:54,622 - WARNING -    🔄 RESTAURANDO mejor solución...
2025-10-20 23:02:55,929 - INFO - Iter 22464: Aceptada solución con delta=-10.4 (T=5.48)
2025-10-20 23:02:55,930 - INFO -   📊 Desglose del cambio:
2025-10-20 23:02:55,930 - INFO -      Puntos: -106 → 17974 total
2025-10-20 23:02:55,930 - INFO -      Tiempo: +281.0min → 14334.5min total
2025-10-20 23:02:55,931 - INFO -      Distancia: +3.4km → 126.2km total
2025-10-20 23:02:59,345 - INFO -   Iter 22500 | Tiempo:   24.4min (20.3%) | T =     5.48 | Fitness =    135.7 | Mejor =    166.4 | Aceptación =  87.7%
2025-10-20 23:02:59,346 - INFO - Progreso iter 22500: T=5.48, Fitness=135.7, Mejor=166.4, Tasa_acept=87.7%
2025-10-20 23:02:59,349 - DEBUG - Iter 22500: T=5.48, Fitness_actual=135.7, Mejor=166.4
2025-10-20 23:03:04,241 - WARNING - ⚠️  DEGRADACIÓN DETECTADA en iter 22550:
2025-10-20 23:03:04,242 - WARNING -    Mejor fitness: 166.4
2025-10-20 23:03:04,242 - WARNING -    Fitness promedio reciente: 133.5
2025-10-20 23:03:04,242 - WARNING -    Degradación: 32.9
2025-10-20 23:03:04,243 - WARNING -    🔄 RESTAURANDO mejor solución...
2025-10-20 23:03:05,951 - INFO - Iter 22568: Aceptada solución con delta=-10.0 (T=5.46)
2025-10-20 23:03:05,952 - INFO -   📊 Desglose del cambio:
2025-10-20 23:03:05,952 - INFO -      Puntos: -387 → 17613 total
2025-10-20 23:03:05,953 - INFO -      Tiempo: +269.7min → 14898.0min total
2025-10-20 23:03:05,953 - INFO -      Distancia: +20.4km → 156.1km total
2025-10-20 23:03:09,109 - DEBUG - Iter 22600: T=5.46, Fitness_actual=129.4, Mejor=166.4
2025-10-20 23:03:13,955 - WARNING - ⚠️  DEGRADACIÓN DETECTADA en iter 22650:
2025-10-20 23:03:13,956 - WARNING -    Mejor fitness: 166.4
2025-10-20 23:03:13,956 - WARNING -    Fitness promedio reciente: 129.1
2025-10-20 23:03:13,956 - WARNING -    Degradación: 37.2
2025-10-20 23:03:13,956 - WARNING -    🔄 RESTAURANDO mejor solución...
2025-10-20 23:03:14,153 - WARNING - ================================================================================
2025-10-20 23:03:14,154 - WARNING - ⚠️  SALTO ANORMAL DETECTADO en iteración 22652
2025-10-20 23:03:14,155 - WARNING -    Fitness actual: 166.4
2025-10-20 23:03:14,155 - WARNING -    Fitness vecino: 144.7
2025-10-20 23:03:14,155 - WARNING -    Delta: -21.6
2025-10-20 23:03:14,156 - WARNING -    Temperatura: 5.44
2025-10-20 23:03:14,156 - WARNING -    Tipo perturbación aplicada: (ver generar_vecino)
2025-10-20 23:03:14,156 - WARNING -    Vecino - Puntos: 17863, Tiempo: 14805.5min, Distancia: 128.0km
2025-10-20 23:03:14,157 - WARNING -    Actual - Puntos: 18003, Tiempo: 14566.4min, Distancia: 134.3km
2025-10-20 23:03:14,157 - WARNING -    Validez restricciones - Vecino: False, Actual: True
2025-10-20 23:03:14,157 - WARNING - ================================================================================
2025-10-20 23:03:14,158 - WARNING - ⚠️  SALTO ANORMAL DETECTADO en iteración 22652
2025-10-20 23:03:14,158 - WARNING -    Fitness: 166.4 → 144.7 (Δ=-21.6)
2025-10-20 23:03:14,158 - WARNING -    Ver detalles en archivo de log
2025-10-20 23:03:18,750 - DEBUG - Iter 22700: T=5.43, Fitness_actual=149.6, Mejor=166.4
2025-10-20 23:03:23,354 - WARNING - ⚠️  DEGRADACIÓN DETECTADA en iter 22750:
2025-10-20 23:03:23,355 - WARNING -    Mejor fitness: 166.4
2025-10-20 23:03:23,355 - WARNING -    Fitness promedio reciente: 144.7
2025-10-20 23:03:23,355 - WARNING -    Degradación: 21.6
2025-10-20 23:03:23,356 - WARNING -    🔄 RESTAURANDO mejor solución...
2025-10-20 23:03:23,732 - INFO - Iter 22754: Aceptada solución con delta=-10.5 (T=5.42)
2025-10-20 23:03:23,733 - INFO -   📊 Desglose del cambio:
2025-10-20 23:03:23,733 - INFO -      Puntos: -128 → 17864 total
2025-10-20 23:03:23,734 - INFO -      Tiempo: -182.4min → 14220.8min total
2025-10-20 23:03:23,734 - INFO -      Distancia: -1.4km → 125.9km total
2025-10-20 23:03:27,937 - DEBUG - Iter 22800: T=5.41, Fitness_actual=136.1, Mejor=166.4
2025-10-20 23:03:32,607 - WARNING - ⚠️  DEGRADACIÓN DETECTADA en iter 22850:
2025-10-20 23:03:32,608 - WARNING -    Mejor fitness: 166.4
2025-10-20 23:03:32,608 - WARNING -    Fitness promedio reciente: 138.0
2025-10-20 23:03:32,609 - WARNING -    Degradación: 28.4
2025-10-20 23:03:32,609 - WARNING -    🔄 RESTAURANDO mejor solución...
2025-10-20 23:03:34,425 - INFO - Iter 22870: Aceptada solución con delta=-12.0 (T=5.40)
2025-10-20 23:03:34,425 - INFO -   📊 Desglose del cambio:
2025-10-20 23:03:34,426 - INFO -      Puntos: +0 → 17921 total
2025-10-20 23:03:34,426 - INFO -      Tiempo: +330.9min → 14554.7min total
2025-10-20 23:03:34,426 - INFO -      Distancia: +0.1km → 124.6km total
2025-10-20 23:03:37,147 - DEBUG - Iter 22900: T=5.39, Fitness_actual=141.0, Mejor=166.4
2025-10-20 23:03:41,903 - WARNING - ⚠️  DEGRADACIÓN DETECTADA en iter 22950:
2025-10-20 23:03:41,903 - WARNING -    Mejor fitness: 166.4
2025-10-20 23:03:41,904 - WARNING -    Fitness promedio reciente: 131.5
2025-10-20 23:03:41,904 - WARNING -    Degradación: 34.9
2025-10-20 23:03:41,904 - WARNING -    🔄 RESTAURANDO mejor solución...
2025-10-20 23:03:46,842 - INFO -   Iter 23000 | Tiempo:   25.2min (21.0%) | T =     5.37 | Fitness =    119.8 | Mejor =    166.4 | Aceptación =  87.7%
2025-10-20 23:03:46,843 - INFO - Progreso iter 23000: T=5.37, Fitness=119.8, Mejor=166.4, Tasa_acept=87.7%
2025-10-20 23:03:46,843 - WARNING - ⚠️  DEGRADACIÓN DETECTADA en iter 23000:
2025-10-20 23:03:46,843 - WARNING -    Mejor fitness: 166.4
2025-10-20 23:03:46,844 - WARNING -    Fitness promedio reciente: 145.6
2025-10-20 23:03:46,844 - WARNING -    Degradación: 20.8
2025-10-20 23:03:46,844 - WARNING -    🔄 RESTAURANDO mejor solución...
2025-10-20 23:03:46,848 - DEBUG - Iter 23000: T=5.37, Fitness_actual=166.4, Mejor=166.4
2025-10-20 23:03:56,625 - WARNING - ⚠️  DEGRADACIÓN DETECTADA en iter 23100:
2025-10-20 23:03:56,625 - WARNING -    Mejor fitness: 166.4
2025-10-20 23:03:56,625 - WARNING -    Fitness promedio reciente: 127.8
2025-10-20 23:03:56,626 - WARNING -    Degradación: 38.5
2025-10-20 23:03:56,626 - WARNING -    🔄 RESTAURANDO mejor solución...
2025-10-20 23:03:56,627 - DEBUG - Iter 23100: T=5.35, Fitness_actual=166.4, Mejor=166.4
2025-10-20 23:04:06,640 - WARNING - ⚠️  DEGRADACIÓN DETECTADA en iter 23200:
2025-10-20 23:04:06,640 - WARNING -    Mejor fitness: 166.4
2025-10-20 23:04:06,640 - WARNING -    Fitness promedio reciente: 132.1
2025-10-20 23:04:06,641 - WARNING -    Degradación: 34.3
2025-10-20 23:04:06,641 - WARNING -    🔄 RESTAURANDO mejor solución...
2025-10-20 23:04:06,642 - DEBUG - Iter 23200: T=5.33, Fitness_actual=166.4, Mejor=166.4
2025-10-20 23:04:08,379 - WARNING - ================================================================================
2025-10-20 23:04:08,379 - WARNING - ⚠️  SALTO ANORMAL DETECTADO en iteración 23218
2025-10-20 23:04:08,379 - WARNING -    Fitness actual: 158.3
2025-10-20 23:04:08,380 - WARNING -    Fitness vecino: 115.6
2025-10-20 23:04:08,380 - WARNING -    Delta: -42.6
2025-10-20 23:04:08,380 - WARNING -    Temperatura: 5.32
2025-10-20 23:04:08,381 - WARNING -    Tipo perturbación aplicada: (ver generar_vecino)
2025-10-20 23:04:08,381 - WARNING -    Vecino - Puntos: 17868, Tiempo: 16235.1min, Distancia: 277.9km
2025-10-20 23:04:08,381 - WARNING -    Actual - Puntos: 17970, Tiempo: 14395.0min, Distancia: 127.1km
2025-10-20 23:04:08,382 - WARNING -    Validez restricciones - Vecino: False, Actual: True
2025-10-20 23:04:08,382 - WARNING - ================================================================================
2025-10-20 23:04:08,383 - WARNING - ⚠️  SALTO ANORMAL DETECTADO en iteración 23218
2025-10-20 23:04:08,383 - WARNING -    Fitness: 158.3 → 115.6 (Δ=-42.6)
2025-10-20 23:04:08,383 - WARNING -    Ver detalles en archivo de log
2025-10-20 23:04:16,032 - WARNING - ⚠️  DEGRADACIÓN DETECTADA en iter 23300:
2025-10-20 23:04:16,032 - WARNING -    Mejor fitness: 166.4
2025-10-20 23:04:16,032 - WARNING -    Fitness promedio reciente: 134.5
2025-10-20 23:04:16,033 - WARNING -    Degradación: 31.8
2025-10-20 23:04:16,033 - WARNING -    🔄 RESTAURANDO mejor solución...
2025-10-20 23:04:16,034 - DEBUG - Iter 23300: T=5.31, Fitness_actual=166.4, Mejor=166.4
2025-10-20 23:04:20,100 - INFO - Iter 23343: Aceptada solución con delta=-10.5 (T=5.30)
2025-10-20 23:04:20,100 - INFO -   📊 Desglose del cambio:
2025-10-20 23:04:20,101 - INFO -      Puntos: -547 → 17237 total
2025-10-20 23:04:20,101 - INFO -      Tiempo: +1571.0min → 15547.1min total
2025-10-20 23:04:20,101 - INFO -      Distancia: +8.7km → 124.2km total
2025-10-20 23:04:24,347 - INFO - Iter 23388: Aceptada solución con delta=-13.5 (T=5.29)
2025-10-20 23:04:24,348 - INFO -   📊 Desglose del cambio:
2025-10-20 23:04:24,348 - INFO -      Puntos: -642 → 16300 total
2025-10-20 23:04:24,348 - INFO -      Tiempo: +701.4min → 14196.8min total
2025-10-20 23:04:24,349 - INFO -      Distancia: +14.0km → 127.0km total
2025-10-20 23:04:25,582 - WARNING - ⚠️  DEGRADACIÓN DETECTADA en iter 23400:
2025-10-20 23:04:25,583 - WARNING -    Mejor fitness: 166.4
2025-10-20 23:04:25,583 - WARNING -    Fitness promedio reciente: 132.1
2025-10-20 23:04:25,583 - WARNING -    Degradación: 34.3
2025-10-20 23:04:25,584 - WARNING -    🔄 RESTAURANDO mejor solución...
2025-10-20 23:04:25,585 - DEBUG - Iter 23400: T=5.29, Fitness_actual=166.4, Mejor=166.4
2025-10-20 23:04:27,752 - INFO - Iter 23422: Aceptada solución con delta=-10.1 (T=5.28)
2025-10-20 23:04:27,752 - INFO -   📊 Desglose del cambio:
2025-10-20 23:04:27,753 - INFO -      Puntos: -357 → 17495 total
2025-10-20 23:04:27,753 - INFO -      Tiempo: -176.6min → 14115.4min total
2025-10-20 23:04:27,753 - INFO -      Distancia: +1.5km → 135.9km total
2025-10-20 23:04:36,317 - INFO -   Iter 23500 | Tiempo:   26.0min (21.7%) | T =     5.26 | Fitness =    108.3 | Mejor =    166.4 | Aceptación =  87.5%
2025-10-20 23:04:36,317 - INFO - Progreso iter 23500: T=5.26, Fitness=108.3, Mejor=166.4, Tasa_acept=87.5%
2025-10-20 23:04:36,317 - WARNING - ⚠️  DEGRADACIÓN DETECTADA en iter 23500:
2025-10-20 23:04:36,318 - WARNING -    Mejor fitness: 166.4
2025-10-20 23:04:36,318 - WARNING -    Fitness promedio reciente: 124.0
2025-10-20 23:04:36,318 - WARNING -    Degradación: 42.4
2025-10-20 23:04:36,319 - WARNING -    🔄 RESTAURANDO mejor solución...
2025-10-20 23:04:36,320 - DEBUG - Iter 23500: T=5.26, Fitness_actual=166.4, Mejor=166.4
2025-10-20 23:04:46,536 - WARNING - ⚠️  DEGRADACIÓN DETECTADA en iter 23600:
2025-10-20 23:04:46,536 - WARNING -    Mejor fitness: 166.4
2025-10-20 23:04:46,537 - WARNING -    Fitness promedio reciente: 141.6
2025-10-20 23:04:46,537 - WARNING -    Degradación: 24.8
2025-10-20 23:04:46,537 - WARNING -    🔄 RESTAURANDO mejor solución...
2025-10-20 23:04:46,538 - DEBUG - Iter 23600: T=5.24, Fitness_actual=166.4, Mejor=166.4
2025-10-20 23:04:46,538 - INFO - 🌟 MEJORA #74 en iter 23600: Fitness=166.4 (+0.0), Puntos=18003
2025-10-20 23:04:56,814 - DEBUG - Iter 23700: T=5.22, Fitness_actual=127.2, Mejor=166.4
2025-10-20 23:05:02,182 - WARNING - ⚠️  DEGRADACIÓN DETECTADA en iter 23750:
2025-10-20 23:05:02,183 - WARNING -    Mejor fitness: 166.4
2025-10-20 23:05:02,183 - WARNING -    Fitness promedio reciente: 124.6
2025-10-20 23:05:02,183 - WARNING -    Degradación: 41.8
2025-10-20 23:05:02,184 - WARNING -    🔄 RESTAURANDO mejor solución...
2025-10-20 23:05:02,185 - INFO - 🌟 MEJORA #75 en iter 23750: Fitness=166.4 (+0.0), Puntos=18003
2025-10-20 23:05:02,185 - INFO -   ✨ Mejora #75 en iteración 23751: Fitness = 166.4 | Puntos = 18003 | T = 5.21
2025-10-20 23:05:07,298 - DEBUG - Iter 23800: T=5.20, Fitness_actual=146.2, Mejor=166.4
2025-10-20 23:05:17,603 - WARNING - ⚠️  DEGRADACIÓN DETECTADA en iter 23900:
2025-10-20 23:05:17,603 - WARNING -    Mejor fitness: 166.4
2025-10-20 23:05:17,604 - WARNING -    Fitness promedio reciente: 116.8
2025-10-20 23:05:17,604 - WARNING -    Degradación: 49.6
2025-10-20 23:05:17,604 - WARNING -    🔄 RESTAURANDO mejor solución...
2025-10-20 23:05:17,605 - DEBUG - Iter 23900: T=5.18, Fitness_actual=166.4, Mejor=166.4
2025-10-20 23:05:17,606 - INFO - 🌟 MEJORA #76 en iter 23900: Fitness=166.4 (+0.0), Puntos=18003
2025-10-20 23:05:28,375 - INFO -   Iter 24000 | Tiempo:   26.9min (22.4%) | T =     5.15 | Fitness =    128.8 | Mejor =    166.4 | Aceptación =  87.5%
2025-10-20 23:05:28,375 - INFO - Progreso iter 24000: T=5.15, Fitness=128.8, Mejor=166.4, Tasa_acept=87.5%
2025-10-20 23:05:28,376 - DEBUG - Iter 24000: T=5.15, Fitness_actual=128.8, Mejor=166.4
2025-10-20 23:05:33,800 - WARNING - ⚠️  DEGRADACIÓN DETECTADA en iter 24050:
2025-10-20 23:05:33,800 - WARNING -    Mejor fitness: 166.4
2025-10-20 23:05:33,800 - WARNING -    Fitness promedio reciente: 127.6
2025-10-20 23:05:33,800 - WARNING -    Degradación: 38.8
2025-10-20 23:05:33,801 - WARNING -    🔄 RESTAURANDO mejor solución...
2025-10-20 23:05:39,230 - DEBUG - Iter 24100: T=5.13, Fitness_actual=144.4, Mejor=166.4
2025-10-20 23:05:44,464 - WARNING - ⚠️  DEGRADACIÓN DETECTADA en iter 24150:
2025-10-20 23:05:44,464 - WARNING -    Mejor fitness: 166.4
2025-10-20 23:05:44,465 - WARNING -    Fitness promedio reciente: 144.9
2025-10-20 23:05:44,465 - WARNING -    Degradación: 21.5
2025-10-20 23:05:44,465 - WARNING -    🔄 RESTAURANDO mejor solución...
2025-10-20 23:05:44,686 - WARNING - ================================================================================
2025-10-20 23:05:44,686 - WARNING - ⚠️  SALTO ANORMAL DETECTADO en iteración 24152
2025-10-20 23:05:44,687 - WARNING -    Fitness actual: 166.4
2025-10-20 23:05:44,687 - WARNING -    Fitness vecino: 120.2
2025-10-20 23:05:44,687 - WARNING -    Delta: -46.2
2025-10-20 23:05:44,688 - WARNING -    Temperatura: 5.12
2025-10-20 23:05:44,688 - WARNING -    Tipo perturbación aplicada: (ver generar_vecino)
2025-10-20 23:05:44,688 - WARNING -    Vecino - Puntos: 17648, Tiempo: 17605.9min, Distancia: 215.0km
2025-10-20 23:05:44,689 - WARNING -    Actual - Puntos: 18003, Tiempo: 14530.9min, Distancia: 131.3km
2025-10-20 23:05:44,689 - WARNING -    Validez restricciones - Vecino: True, Actual: True
2025-10-20 23:05:44,689 - WARNING - ================================================================================
2025-10-20 23:05:44,690 - WARNING - ⚠️  SALTO ANORMAL DETECTADO en iteración 24152
2025-10-20 23:05:44,690 - WARNING -    Fitness: 166.4 → 120.2 (Δ=-46.2)
2025-10-20 23:05:44,690 - WARNING -    Ver detalles en archivo de log
2025-10-20 23:05:44,896 - INFO - 🌟 MEJORA #77 en iter 24154: Fitness=166.4 (+0.0), Puntos=18003
2025-10-20 23:05:49,805 - DEBUG - Iter 24200: T=5.11, Fitness_actual=149.7, Mejor=166.4
2025-10-20 23:06:00,392 - WARNING - ⚠️  DEGRADACIÓN DETECTADA en iter 24300:
2025-10-20 23:06:00,392 - WARNING -    Mejor fitness: 166.4
2025-10-20 23:06:00,393 - WARNING -    Fitness promedio reciente: 131.8
2025-10-20 23:06:00,393 - WARNING -    Degradación: 34.6
2025-10-20 23:06:00,393 - WARNING -    🔄 RESTAURANDO mejor solución...
2025-10-20 23:06:00,396 - DEBUG - Iter 24300: T=5.09, Fitness_actual=166.4, Mejor=166.4
2025-10-20 23:06:02,693 - INFO - Iter 24322: Aceptada solución con delta=-12.4 (T=5.08)
2025-10-20 23:06:02,694 - INFO -   📊 Desglose del cambio:
2025-10-20 23:06:02,694 - INFO -      Puntos: -630 → 17234 total
2025-10-20 23:06:02,695 - INFO -      Tiempo: +1788.5min → 16033.6min total
2025-10-20 23:06:02,695 - INFO -      Distancia: +19.4km → 149.4km total
2025-10-20 23:06:05,668 - WARNING - ⚠️  DEGRADACIÓN DETECTADA en iter 24350:
2025-10-20 23:06:05,668 - WARNING -    Mejor fitness: 166.4
2025-10-20 23:06:05,669 - WARNING -    Fitness promedio reciente: 145.4
2025-10-20 23:06:05,669 - WARNING -    Degradación: 21.0
2025-10-20 23:06:05,669 - WARNING -    🔄 RESTAURANDO mejor solución...
2025-10-20 23:06:05,671 - INFO - 🌟 MEJORA #78 en iter 24350: Fitness=166.4 (+0.0), Puntos=18003
2025-10-20 23:06:05,881 - INFO - 🌟 MEJORA #79 en iter 24352: Fitness=166.4 (+0.0), Puntos=18003
2025-10-20 23:06:10,925 - DEBUG - Iter 24400: T=5.06, Fitness_actual=143.3, Mejor=166.4
2025-10-20 23:06:21,390 - INFO -   Iter 24500 | Tiempo:   27.8min (23.2%) | T =     5.04 | Fitness =    124.9 | Mejor =    166.4 | Aceptación =  87.3%
2025-10-20 23:06:21,391 - INFO - Progreso iter 24500: T=5.04, Fitness=124.9, Mejor=166.4, Tasa_acept=87.3%
2025-10-20 23:06:21,391 - WARNING - ⚠️  DEGRADACIÓN DETECTADA en iter 24500:
2025-10-20 23:06:21,392 - WARNING -    Mejor fitness: 166.4
2025-10-20 23:06:21,392 - WARNING -    Fitness promedio reciente: 130.7
2025-10-20 23:06:21,392 - WARNING -    Degradación: 35.7
2025-10-20 23:06:21,393 - WARNING -    🔄 RESTAURANDO mejor solución...
2025-10-20 23:06:21,394 - DEBUG - Iter 24500: T=5.04, Fitness_actual=166.4, Mejor=166.4
2025-10-20 23:06:31,947 - WARNING - ⚠️  DEGRADACIÓN DETECTADA en iter 24600:
2025-10-20 23:06:31,947 - WARNING -    Mejor fitness: 166.4
2025-10-20 23:06:31,947 - WARNING -    Fitness promedio reciente: 143.3
2025-10-20 23:06:31,948 - WARNING -    Degradación: 23.1
2025-10-20 23:06:31,948 - WARNING -    🔄 RESTAURANDO mejor solución...
2025-10-20 23:06:31,949 - DEBUG - Iter 24600: T=5.02, Fitness_actual=166.4, Mejor=166.4
2025-10-20 23:06:42,543 - WARNING - ⚠️  DEGRADACIÓN DETECTADA en iter 24700:
2025-10-20 23:06:42,543 - WARNING -    Mejor fitness: 166.4
2025-10-20 23:06:42,544 - WARNING -    Fitness promedio reciente: 135.0
2025-10-20 23:06:42,544 - WARNING -    Degradación: 31.4
2025-10-20 23:06:42,544 - WARNING -    🔄 RESTAURANDO mejor solución...
2025-10-20 23:06:42,548 - DEBUG - Iter 24700: T=5.00, Fitness_actual=166.4, Mejor=166.4
2025-10-20 23:06:42,860 - INFO - 🌟 MEJORA #80 en iter 24703: Fitness=166.4 (+0.0), Puntos=18003
2025-10-20 23:06:42,860 - INFO -   ✨ Mejora #80 en iteración 24704: Fitness = 166.4 | Puntos = 18003 | T = 5.00
2025-10-20 23:06:53,234 - DEBUG - Iter 24800: T=4.98, Fitness_actual=136.2, Mejor=166.4
2025-10-20 23:06:58,575 - WARNING - ⚠️  DEGRADACIÓN DETECTADA en iter 24850:
2025-10-20 23:06:58,575 - WARNING -    Mejor fitness: 166.4
2025-10-20 23:06:58,576 - WARNING -    Fitness promedio reciente: 134.0
2025-10-20 23:06:58,576 - WARNING -    Degradación: 32.4
2025-10-20 23:06:58,576 - WARNING -    🔄 RESTAURANDO mejor solución...
2025-10-20 23:06:58,681 - INFO - 🌟 MEJORA #81 en iter 24851: Fitness=166.5 (+0.0), Puntos=18003
2025-10-20 23:07:03,696 - DEBUG - Iter 24900: T=4.96, Fitness_actual=141.9, Mejor=166.5
2025-10-20 23:07:14,355 - INFO -   Iter 25000 | Tiempo:   28.7min (23.9%) | T =     4.93 | Fitness =    120.2 | Mejor =    166.5 | Aceptación =  87.2%
2025-10-20 23:07:14,356 - INFO - Progreso iter 25000: T=4.93, Fitness=120.2, Mejor=166.5, Tasa_acept=87.2%
2025-10-20 23:07:14,356 - WARNING - ⚠️  DEGRADACIÓN DETECTADA en iter 25000:
2025-10-20 23:07:14,356 - WARNING -    Mejor fitness: 166.5
2025-10-20 23:07:14,357 - WARNING -    Fitness promedio reciente: 128.3
2025-10-20 23:07:14,357 - WARNING -    Degradación: 38.2
2025-10-20 23:07:14,357 - WARNING -    🔄 RESTAURANDO mejor solución...
2025-10-20 23:07:14,358 - DEBUG - Iter 25000: T=4.93, Fitness_actual=166.5, Mejor=166.5
2025-10-20 23:07:24,982 - WARNING - ⚠️  DEGRADACIÓN DETECTADA en iter 25100:
2025-10-20 23:07:24,983 - WARNING -    Mejor fitness: 166.5
2025-10-20 23:07:24,983 - WARNING -    Fitness promedio reciente: 136.7
2025-10-20 23:07:24,984 - WARNING -    Degradación: 29.8
2025-10-20 23:07:24,984 - WARNING -    🔄 RESTAURANDO mejor solución...
2025-10-20 23:07:24,985 - DEBUG - Iter 25100: T=4.91, Fitness_actual=166.5, Mejor=166.5
2025-10-20 23:07:25,912 - WARNING - ================================================================================
2025-10-20 23:07:25,913 - WARNING - ⚠️  SALTO ANORMAL DETECTADO en iteración 25109
2025-10-20 23:07:25,913 - WARNING -    Fitness actual: 166.5
2025-10-20 23:07:25,913 - WARNING -    Fitness vecino: 52.3
2025-10-20 23:07:25,914 - WARNING -    Delta: -114.2
2025-10-20 23:07:25,914 - WARNING -    Temperatura: 4.91
2025-10-20 23:07:25,914 - WARNING -    Tipo perturbación aplicada: (ver generar_vecino)
2025-10-20 23:07:25,914 - WARNING -    Vecino - Puntos: 18035, Tiempo: 20229.9min, Distancia: 560.0km
2025-10-20 23:07:25,915 - WARNING -    Actual - Puntos: 18003, Tiempo: 14503.9min, Distancia: 129.1km
2025-10-20 23:07:25,915 - WARNING -    Validez restricciones - Vecino: True, Actual: True
2025-10-20 23:07:25,915 - WARNING - ================================================================================
2025-10-20 23:07:25,915 - WARNING - ⚠️  SALTO ANORMAL DETECTADO en iteración 25109
2025-10-20 23:07:25,916 - WARNING -    Fitness: 166.5 → 52.3 (Δ=-114.2)
2025-10-20 23:07:25,916 - WARNING -    Ver detalles en archivo de log
2025-10-20 23:07:27,678 - INFO - Iter 25126: Aceptada solución con delta=-12.7 (T=4.91)
2025-10-20 23:07:27,678 - INFO -   📊 Desglose del cambio:
2025-10-20 23:07:27,679 - INFO -      Puntos: -499 → 17460 total
2025-10-20 23:07:27,679 - INFO -      Tiempo: +56.6min → 14560.7min total
2025-10-20 23:07:27,680 - INFO -      Distancia: +10.5km → 145.5km total
2025-10-20 23:07:37,817 - WARNING - ⚠️  DEGRADACIÓN DETECTADA en iter 25200:
2025-10-20 23:07:37,820 - WARNING -    Mejor fitness: 166.5
2025-10-20 23:07:37,820 - WARNING -    Fitness promedio reciente: 129.6
2025-10-20 23:07:37,821 - WARNING -    Degradación: 36.9
2025-10-20 23:07:37,821 - WARNING -    🔄 RESTAURANDO mejor solución...
2025-10-20 23:07:37,826 - DEBUG - Iter 25200: T=4.89, Fitness_actual=166.5, Mejor=166.5
2025-10-20 23:07:51,502 - WARNING - ⚠️  DEGRADACIÓN DETECTADA en iter 25300:
2025-10-20 23:07:51,503 - WARNING -    Mejor fitness: 166.5
2025-10-20 23:07:51,503 - WARNING -    Fitness promedio reciente: 126.2
2025-10-20 23:07:51,504 - WARNING -    Degradación: 40.2
2025-10-20 23:07:51,504 - WARNING -    🔄 RESTAURANDO mejor solución...
2025-10-20 23:07:51,505 - DEBUG - Iter 25300: T=4.86, Fitness_actual=166.5, Mejor=166.5
2025-10-20 23:07:52,529 - WARNING - ================================================================================
2025-10-20 23:07:52,532 - WARNING - ⚠️  SALTO ANORMAL DETECTADO en iteración 25309
2025-10-20 23:07:52,534 - WARNING -    Fitness actual: 164.3
2025-10-20 23:07:52,534 - WARNING -    Fitness vecino: 140.8
2025-10-20 23:07:52,534 - WARNING -    Delta: -23.5
2025-10-20 23:07:52,535 - WARNING -    Temperatura: 4.86
2025-10-20 23:07:52,537 - WARNING -    Tipo perturbación aplicada: (ver generar_vecino)
2025-10-20 23:07:52,541 - WARNING -    Vecino - Puntos: 17449, Tiempo: 15033.3min, Distancia: 197.4km
2025-10-20 23:07:52,542 - WARNING -    Actual - Puntos: 17991, Tiempo: 14447.7min, Distancia: 128.1km
2025-10-20 23:07:52,542 - WARNING -    Validez restricciones - Vecino: False, Actual: True
2025-10-20 23:07:52,542 - WARNING - ================================================================================
2025-10-20 23:07:52,543 - WARNING - ⚠️  SALTO ANORMAL DETECTADO en iteración 25309
2025-10-20 23:07:52,543 - WARNING -    Fitness: 164.3 → 140.8 (Δ=-23.5)
2025-10-20 23:07:52,543 - WARNING -    Ver detalles en archivo de log
2025-10-20 23:08:06,400 - WARNING - ⚠️  DEGRADACIÓN DETECTADA en iter 25400:
2025-10-20 23:08:06,400 - WARNING -    Mejor fitness: 166.5
2025-10-20 23:08:06,400 - WARNING -    Fitness promedio reciente: 133.1
2025-10-20 23:08:06,401 - WARNING -    Degradación: 33.3
2025-10-20 23:08:06,401 - WARNING -    🔄 RESTAURANDO mejor solución...
2025-10-20 23:08:06,403 - DEBUG - Iter 25400: T=4.83, Fitness_actual=166.5, Mejor=166.5
2025-10-20 23:08:18,987 - INFO -   Iter 25500 | Tiempo:   29.7min (24.8%) | T =     4.81 | Fitness =    125.1 | Mejor =    166.5 | Aceptación =  87.1%
2025-10-20 23:08:18,987 - INFO - Progreso iter 25500: T=4.81, Fitness=125.1, Mejor=166.5, Tasa_acept=87.1%
2025-10-20 23:08:18,988 - WARNING - ⚠️  DEGRADACIÓN DETECTADA en iter 25500:
2025-10-20 23:08:18,988 - WARNING -    Mejor fitness: 166.5
2025-10-20 23:08:18,988 - WARNING -    Fitness promedio reciente: 131.1
2025-10-20 23:08:18,988 - WARNING -    Degradación: 35.4
2025-10-20 23:08:18,988 - WARNING -    🔄 RESTAURANDO mejor solución...
2025-10-20 23:08:18,994 - DEBUG - Iter 25500: T=4.81, Fitness_actual=166.5, Mejor=166.5
2025-10-20 23:08:22,726 - INFO - Iter 25531: Aceptada solución con delta=-10.9 (T=4.80)
2025-10-20 23:08:22,726 - INFO -   📊 Desglose del cambio:
2025-10-20 23:08:22,726 - INFO -      Puntos: -462 → 17526 total
2025-10-20 23:08:22,726 - INFO -      Tiempo: +44.9min → 14667.9min total
2025-10-20 23:08:22,727 - INFO -      Distancia: +10.8km → 142.3km total
2025-10-20 23:08:31,184 - WARNING - ⚠️  DEGRADACIÓN DETECTADA en iter 25600:
2025-10-20 23:08:31,185 - WARNING -    Mejor fitness: 166.5
2025-10-20 23:08:31,186 - WARNING -    Fitness promedio reciente: 142.4
2025-10-20 23:08:31,190 - WARNING -    Degradación: 24.1
2025-10-20 23:08:31,191 - WARNING -    🔄 RESTAURANDO mejor solución...
2025-10-20 23:08:31,195 - DEBUG - Iter 25600: T=4.78, Fitness_actual=166.5, Mejor=166.5
2025-10-20 23:08:40,237 - INFO - Iter 25671: Aceptada solución con delta=-10.6 (T=4.76)
2025-10-20 23:08:40,237 - INFO -   📊 Desglose del cambio:
2025-10-20 23:08:40,237 - INFO -      Puntos: -157 → 16710 total
2025-10-20 23:08:40,237 - INFO -      Tiempo: +559.3min → 15009.2min total
2025-10-20 23:08:40,238 - INFO -      Distancia: +10.4km → 174.1km total
2025-10-20 23:08:43,798 - WARNING - ⚠️  DEGRADACIÓN DETECTADA en iter 25700:
2025-10-20 23:08:43,799 - WARNING -    Mejor fitness: 166.5
2025-10-20 23:08:43,799 - WARNING -    Fitness promedio reciente: 129.7
2025-10-20 23:08:43,799 - WARNING -    Degradación: 36.8
2025-10-20 23:08:43,799 - WARNING -    🔄 RESTAURANDO mejor solución...
2025-10-20 23:08:43,800 - DEBUG - Iter 25700: T=4.76, Fitness_actual=166.5, Mejor=166.5
2025-10-20 23:08:43,800 - INFO - 🌟 MEJORA #82 en iter 25700: Fitness=166.5 (+0.0), Puntos=18003
2025-10-20 23:08:44,397 - WARNING - ================================================================================
2025-10-20 23:08:44,398 - WARNING - ⚠️  SALTO ANORMAL DETECTADO en iteración 25705
2025-10-20 23:08:44,398 - WARNING -    Fitness actual: 166.4
2025-10-20 23:08:44,398 - WARNING -    Fitness vecino: 140.2
2025-10-20 23:08:44,398 - WARNING -    Delta: -26.2
2025-10-20 23:08:44,399 - WARNING -    Temperatura: 4.76
2025-10-20 23:08:44,399 - WARNING -    Tipo perturbación aplicada: (ver generar_vecino)
2025-10-20 23:08:44,400 - WARNING -    Vecino - Puntos: 18008, Tiempo: 15564.8min, Distancia: 217.5km
2025-10-20 23:08:44,400 - WARNING -    Actual - Puntos: 17999, Tiempo: 14485.3min, Distancia: 127.5km
2025-10-20 23:08:44,401 - WARNING -    Validez restricciones - Vecino: True, Actual: True
2025-10-20 23:08:44,401 - WARNING - ================================================================================
2025-10-20 23:08:44,401 - WARNING - ⚠️  SALTO ANORMAL DETECTADO en iteración 25705
2025-10-20 23:08:44,401 - WARNING -    Fitness: 166.4 → 140.2 (Δ=-26.2)
2025-10-20 23:08:44,402 - WARNING -    Ver detalles en archivo de log
2025-10-20 23:08:55,248 - DEBUG - Iter 25800: T=4.74, Fitness_actual=131.4, Mejor=166.5
2025-10-20 23:09:01,213 - WARNING - ⚠️  DEGRADACIÓN DETECTADA en iter 25850:
2025-10-20 23:09:01,213 - WARNING -    Mejor fitness: 166.5
2025-10-20 23:09:01,214 - WARNING -    Fitness promedio reciente: 124.0
2025-10-20 23:09:01,214 - WARNING -    Degradación: 42.5
2025-10-20 23:09:01,214 - WARNING -    🔄 RESTAURANDO mejor solución...
2025-10-20 23:09:01,216 - INFO - 🌟 MEJORA #83 en iter 25850: Fitness=166.5 (+0.0), Puntos=18005
2025-10-20 23:09:04,728 - WARNING - ================================================================================
2025-10-20 23:09:04,729 - WARNING - ⚠️  SALTO ANORMAL DETECTADO en iteración 25882
2025-10-20 23:09:04,729 - WARNING -    Fitness actual: 155.0
2025-10-20 23:09:04,729 - WARNING -    Fitness vecino: 60.3
2025-10-20 23:09:04,730 - WARNING -    Delta: -94.7
2025-10-20 23:09:04,730 - WARNING -    Temperatura: 4.72
2025-10-20 23:09:04,730 - WARNING -    Tipo perturbación aplicada: (ver generar_vecino)
2025-10-20 23:09:04,730 - WARNING -    Vecino - Puntos: 18002, Tiempo: 19098.5min, Distancia: 487.8km
2025-10-20 23:09:04,730 - WARNING -    Actual - Puntos: 17967, Tiempo: 14403.1min, Distancia: 120.3km
2025-10-20 23:09:04,731 - WARNING -    Validez restricciones - Vecino: True, Actual: True
2025-10-20 23:09:04,731 - WARNING - ================================================================================
2025-10-20 23:09:04,731 - WARNING - ⚠️  SALTO ANORMAL DETECTADO en iteración 25882
2025-10-20 23:09:04,731 - WARNING -    Fitness: 155.0 → 60.3 (Δ=-94.7)
2025-10-20 23:09:04,731 - WARNING -    Ver detalles en archivo de log
2025-10-20 23:09:06,466 - INFO - Iter 25898: Aceptada solución con delta=-12.0 (T=4.71)
2025-10-20 23:09:06,467 - INFO -   📊 Desglose del cambio:
2025-10-20 23:09:06,467 - INFO -      Puntos: -128 → 17836 total
2025-10-20 23:09:06,467 - INFO -      Tiempo: -30.4min → 14336.6min total
2025-10-20 23:09:06,468 - INFO -      Distancia: -1.3km → 119.7km total
2025-10-20 23:09:06,683 - DEBUG - Iter 25900: T=4.71, Fitness_actual=138.9, Mejor=166.5
2025-10-20 23:09:21,978 - INFO -   Iter 26000 | Tiempo:   30.8min (25.7%) | T =     4.68 | Fitness =    114.9 | Mejor =    166.5 | Aceptación =  87.0%
2025-10-20 23:09:21,979 - INFO - Progreso iter 26000: T=4.68, Fitness=114.9, Mejor=166.5, Tasa_acept=87.0%
2025-10-20 23:09:21,980 - WARNING - ⚠️  DEGRADACIÓN DETECTADA en iter 26000:
2025-10-20 23:09:21,980 - WARNING -    Mejor fitness: 166.5
2025-10-20 23:09:21,981 - WARNING -    Fitness promedio reciente: 119.3
2025-10-20 23:09:21,982 - WARNING -    Degradación: 47.3
2025-10-20 23:09:21,982 - WARNING -    🔄 RESTAURANDO mejor solución...
2025-10-20 23:09:21,983 - DEBUG - Iter 26000: T=4.68, Fitness_actual=166.5, Mejor=166.5
2025-10-20 23:09:34,776 - WARNING - ⚠️  DEGRADACIÓN DETECTADA en iter 26100:
2025-10-20 23:09:34,776 - WARNING -    Mejor fitness: 166.5
2025-10-20 23:09:34,777 - WARNING -    Fitness promedio reciente: 129.2
2025-10-20 23:09:34,777 - WARNING -    Degradación: 37.3
2025-10-20 23:09:34,777 - WARNING -    🔄 RESTAURANDO mejor solución...
2025-10-20 23:09:34,779 - DEBUG - Iter 26100: T=4.66, Fitness_actual=166.5, Mejor=166.5
2025-10-20 23:09:45,884 - WARNING - ⚠️  DEGRADACIÓN DETECTADA en iter 26200:
2025-10-20 23:09:45,884 - WARNING -    Mejor fitness: 166.5
2025-10-20 23:09:45,885 - WARNING -    Fitness promedio reciente: 138.5
2025-10-20 23:09:45,885 - WARNING -    Degradación: 28.0
2025-10-20 23:09:45,885 - WARNING -    🔄 RESTAURANDO mejor solución...
2025-10-20 23:09:45,888 - DEBUG - Iter 26200: T=4.64, Fitness_actual=166.5, Mejor=166.5
2025-10-20 23:09:56,629 - WARNING - ⚠️  DEGRADACIÓN DETECTADA en iter 26300:
2025-10-20 23:09:56,629 - WARNING -    Mejor fitness: 166.5
2025-10-20 23:09:56,629 - WARNING -    Fitness promedio reciente: 127.4
2025-10-20 23:09:56,630 - WARNING -    Degradación: 39.1
2025-10-20 23:09:56,630 - WARNING -    🔄 RESTAURANDO mejor solución...
2025-10-20 23:09:56,631 - DEBUG - Iter 26300: T=4.62, Fitness_actual=166.5, Mejor=166.5
2025-10-20 23:10:03,577 - INFO - Iter 26368: Aceptada solución con delta=-10.7 (T=4.61)
2025-10-20 23:10:03,578 - INFO -   📊 Desglose del cambio:
2025-10-20 23:10:03,578 - INFO -      Puntos: -769 → 16878 total
2025-10-20 23:10:03,578 - INFO -      Tiempo: -558.5min → 13840.2min total
2025-10-20 23:10:03,579 - INFO -      Distancia: -2.8km → 131.3km total
2025-10-20 23:10:06,808 - WARNING - ⚠️  DEGRADACIÓN DETECTADA en iter 26400:
2025-10-20 23:10:06,808 - WARNING -    Mejor fitness: 166.5
2025-10-20 23:10:06,809 - WARNING -    Fitness promedio reciente: 130.2
2025-10-20 23:10:06,809 - WARNING -    Degradación: 36.3
2025-10-20 23:10:06,810 - WARNING -    🔄 RESTAURANDO mejor solución...
2025-10-20 23:10:06,815 - DEBUG - Iter 26400: T=4.60, Fitness_actual=166.5, Mejor=166.5
2025-10-20 23:10:06,815 - WARNING - ================================================================================
2025-10-20 23:10:06,816 - WARNING - ⚠️  SALTO ANORMAL DETECTADO en iteración 26400
2025-10-20 23:10:06,816 - WARNING -    Fitness actual: 166.5
2025-10-20 23:10:06,817 - WARNING -    Fitness vecino: 146.0
2025-10-20 23:10:06,817 - WARNING -    Delta: -20.5
2025-10-20 23:10:06,818 - WARNING -    Temperatura: 4.60
2025-10-20 23:10:06,818 - WARNING -    Tipo perturbación aplicada: (ver generar_vecino)
2025-10-20 23:10:06,818 - WARNING -    Vecino - Puntos: 17937, Tiempo: 14716.1min, Distancia: 125.5km
2025-10-20 23:10:06,819 - WARNING -    Actual - Puntos: 18005, Tiempo: 14467.2min, Distancia: 126.0km
2025-10-20 23:10:06,819 - WARNING -    Validez restricciones - Vecino: False, Actual: True
2025-10-20 23:10:06,819 - WARNING - ================================================================================
2025-10-20 23:10:06,819 - WARNING - ⚠️  SALTO ANORMAL DETECTADO en iteración 26400
2025-10-20 23:10:06,820 - WARNING -    Fitness: 166.5 → 146.0 (Δ=-20.5)
2025-10-20 23:10:06,820 - WARNING -    Ver detalles en archivo de log
2025-10-20 23:10:07,326 - INFO - 🌟 MEJORA #84 en iter 26405: Fitness=166.5 (+0.0), Puntos=18005
2025-10-20 23:10:07,428 - WARNING - ================================================================================
2025-10-20 23:10:07,429 - WARNING - ⚠️  SALTO ANORMAL DETECTADO en iteración 26406
2025-10-20 23:10:07,429 - WARNING -    Fitness actual: 166.5
2025-10-20 23:10:07,429 - WARNING -    Fitness vecino: 113.4
2025-10-20 23:10:07,430 - WARNING -    Delta: -53.1
2025-10-20 23:10:07,430 - WARNING -    Temperatura: 4.60
2025-10-20 23:10:07,430 - WARNING -    Tipo perturbación aplicada: (ver generar_vecino)
2025-10-20 23:10:07,431 - WARNING -    Vecino - Puntos: 17985, Tiempo: 16941.3min, Distancia: 317.6km
2025-10-20 23:10:07,431 - WARNING -    Actual - Puntos: 18005, Tiempo: 14467.2min, Distancia: 126.0km
2025-10-20 23:10:07,431 - WARNING -    Validez restricciones - Vecino: True, Actual: True
2025-10-20 23:10:07,432 - WARNING - ================================================================================
2025-10-20 23:10:07,432 - WARNING - ⚠️  SALTO ANORMAL DETECTADO en iteración 26406
2025-10-20 23:10:07,432 - WARNING -    Fitness: 166.5 → 113.4 (Δ=-53.1)
2025-10-20 23:10:07,432 - WARNING -    Ver detalles en archivo de log
2025-10-20 23:10:09,357 - WARNING - ================================================================================
2025-10-20 23:10:09,357 - WARNING - ⚠️  SALTO ANORMAL DETECTADO en iteración 26425
2025-10-20 23:10:09,358 - WARNING -    Fitness actual: 161.4
2025-10-20 23:10:09,358 - WARNING -    Fitness vecino: 130.8
2025-10-20 23:10:09,358 - WARNING -    Delta: -30.6
2025-10-20 23:10:09,359 - WARNING -    Temperatura: 4.59
2025-10-20 23:10:09,359 - WARNING -    Tipo perturbación aplicada: (ver generar_vecino)
2025-10-20 23:10:09,359 - WARNING -    Vecino - Puntos: 17497, Tiempo: 15738.3min, Distancia: 211.5km
2025-10-20 23:10:09,360 - WARNING -    Actual - Puntos: 17924, Tiempo: 14605.9min, Distancia: 126.3km
2025-10-20 23:10:09,360 - WARNING -    Validez restricciones - Vecino: True, Actual: True
2025-10-20 23:10:09,360 - WARNING - ================================================================================
2025-10-20 23:10:09,360 - WARNING - ⚠️  SALTO ANORMAL DETECTADO en iteración 26425
2025-10-20 23:10:09,361 - WARNING -    Fitness: 161.4 → 130.8 (Δ=-30.6)
2025-10-20 23:10:09,361 - WARNING -    Ver detalles en archivo de log
2025-10-20 23:10:17,420 - INFO -   Iter 26500 | Tiempo:   31.7min (26.4%) | T =     4.58 | Fitness =    124.2 | Mejor =    166.5 | Aceptación =  86.9%
2025-10-20 23:10:17,420 - INFO - Progreso iter 26500: T=4.58, Fitness=124.2, Mejor=166.5, Tasa_acept=86.9%
2025-10-20 23:10:17,426 - DEBUG - Iter 26500: T=4.58, Fitness_actual=124.2, Mejor=166.5
2025-10-20 23:10:23,547 - WARNING - ⚠️  DEGRADACIÓN DETECTADA en iter 26550:
2025-10-20 23:10:23,548 - WARNING -    Mejor fitness: 166.5
2025-10-20 23:10:23,548 - WARNING -    Fitness promedio reciente: 114.8
2025-10-20 23:10:23,548 - WARNING -    Degradación: 51.7
2025-10-20 23:10:23,549 - WARNING -    🔄 RESTAURANDO mejor solución...
2025-10-20 23:10:24,083 - INFO - Iter 26554: Aceptada solución con delta=-12.1 (T=4.57)
2025-10-20 23:10:24,084 - INFO -   📊 Desglose del cambio:
2025-10-20 23:10:24,084 - INFO -      Puntos: -16 → 17925 total
2025-10-20 23:10:24,084 - INFO -      Tiempo: +240.8min → 14578.4min total
2025-10-20 23:10:24,085 - INFO -      Distancia: -3.7km → 121.5km total
2025-10-20 23:10:28,544 - WARNING - ⚠️  DEGRADACIÓN DETECTADA en iter 26600:
2025-10-20 23:10:28,545 - WARNING -    Mejor fitness: 166.5
2025-10-20 23:10:28,545 - WARNING -    Fitness promedio reciente: 145.5
2025-10-20 23:10:28,546 - WARNING -    Degradación: 21.1
2025-10-20 23:10:28,546 - WARNING -    🔄 RESTAURANDO mejor solución...
2025-10-20 23:10:28,547 - DEBUG - Iter 26600: T=4.56, Fitness_actual=166.5, Mejor=166.5
2025-10-20 23:10:40,877 - WARNING - ⚠️  DEGRADACIÓN DETECTADA en iter 26700:
2025-10-20 23:10:40,878 - WARNING -    Mejor fitness: 166.5
2025-10-20 23:10:40,878 - WARNING -    Fitness promedio reciente: 137.0
2025-10-20 23:10:40,878 - WARNING -    Degradación: 29.5
2025-10-20 23:10:40,879 - WARNING -    🔄 RESTAURANDO mejor solución...
2025-10-20 23:10:40,881 - DEBUG - Iter 26700: T=4.54, Fitness_actual=166.5, Mejor=166.5
2025-10-20 23:10:50,524 - WARNING - ⚠️  DEGRADACIÓN DETECTADA en iter 26800:
2025-10-20 23:10:50,524 - WARNING -    Mejor fitness: 166.5
2025-10-20 23:10:50,524 - WARNING -    Fitness promedio reciente: 144.9
2025-10-20 23:10:50,525 - WARNING -    Degradación: 21.6
2025-10-20 23:10:50,525 - WARNING -    🔄 RESTAURANDO mejor solución...
2025-10-20 23:10:50,528 - DEBUG - Iter 26800: T=4.52, Fitness_actual=166.5, Mejor=166.5
2025-10-20 23:11:01,036 - DEBUG - Iter 26900: T=4.50, Fitness_actual=135.8, Mejor=166.5
2025-10-20 23:11:06,421 - WARNING - ⚠️  DEGRADACIÓN DETECTADA en iter 26950:
2025-10-20 23:11:06,421 - WARNING -    Mejor fitness: 166.5
2025-10-20 23:11:06,421 - WARNING -    Fitness promedio reciente: 130.1
2025-10-20 23:11:06,422 - WARNING -    Degradación: 36.5
2025-10-20 23:11:06,422 - WARNING -    🔄 RESTAURANDO mejor solución...
2025-10-20 23:11:06,423 - INFO - 🌟 MEJORA #85 en iter 26950: Fitness=166.5 (+0.0), Puntos=18005
2025-10-20 23:11:06,423 - INFO -   ✨ Mejora #85 en iteración 26951: Fitness = 166.5 | Puntos = 18005 | T = 4.49
2025-10-20 23:11:11,420 - INFO -   Iter 27000 | Tiempo:   32.6min (27.2%) | T =     4.48 | Fitness =    138.6 | Mejor =    166.5 | Aceptación =  86.8%
2025-10-20 23:11:11,420 - INFO - Progreso iter 27000: T=4.48, Fitness=138.6, Mejor=166.5, Tasa_acept=86.8%
2025-10-20 23:11:11,426 - DEBUG - Iter 27000: T=4.48, Fitness_actual=138.6, Mejor=166.5
2025-10-20 23:11:21,147 - WARNING - ⚠️  DEGRADACIÓN DETECTADA en iter 27100:
2025-10-20 23:11:21,147 - WARNING -    Mejor fitness: 166.5
2025-10-20 23:11:21,147 - WARNING -    Fitness promedio reciente: 120.1
2025-10-20 23:11:21,147 - WARNING -    Degradación: 46.4
2025-10-20 23:11:21,148 - WARNING -    🔄 RESTAURANDO mejor solución...
2025-10-20 23:11:21,149 - DEBUG - Iter 27100: T=4.46, Fitness_actual=166.5, Mejor=166.5
2025-10-20 23:11:32,165 - WARNING - ⚠️  DEGRADACIÓN DETECTADA en iter 27200:
2025-10-20 23:11:32,166 - WARNING -    Mejor fitness: 166.5
2025-10-20 23:11:32,166 - WARNING -    Fitness promedio reciente: 144.4
2025-10-20 23:11:32,166 - WARNING -    Degradación: 22.1
2025-10-20 23:11:32,167 - WARNING -    🔄 RESTAURANDO mejor solución...
2025-10-20 23:11:32,171 - DEBUG - Iter 27200: T=4.44, Fitness_actual=166.5, Mejor=166.5
2025-10-20 23:11:32,171 - WARNING - ================================================================================
2025-10-20 23:11:32,171 - WARNING - ⚠️  SALTO ANORMAL DETECTADO en iteración 27200
2025-10-20 23:11:32,172 - WARNING -    Fitness actual: 166.5
2025-10-20 23:11:32,172 - WARNING -    Fitness vecino: 125.9
2025-10-20 23:11:32,173 - WARNING -    Delta: -40.6
2025-10-20 23:11:32,174 - WARNING -    Temperatura: 4.44
2025-10-20 23:11:32,174 - WARNING -    Tipo perturbación aplicada: (ver generar_vecino)
2025-10-20 23:11:32,175 - WARNING -    Vecino - Puntos: 17629, Tiempo: 15968.8min, Distancia: 237.4km
2025-10-20 23:11:32,175 - WARNING -    Actual - Puntos: 18005, Tiempo: 14467.1min, Distancia: 126.0km
2025-10-20 23:11:32,175 - WARNING -    Validez restricciones - Vecino: True, Actual: True
2025-10-20 23:11:32,176 - WARNING - ================================================================================
2025-10-20 23:11:32,176 - WARNING - ⚠️  SALTO ANORMAL DETECTADO en iteración 27200
2025-10-20 23:11:32,176 - WARNING -    Fitness: 166.5 → 125.9 (Δ=-40.6)
2025-10-20 23:11:32,176 - WARNING -    Ver detalles en archivo de log
2025-10-20 23:11:34,006 - WARNING - ================================================================================
2025-10-20 23:11:34,006 - WARNING - ⚠️  SALTO ANORMAL DETECTADO en iteración 27219
2025-10-20 23:11:34,006 - WARNING -    Fitness actual: 163.1
2025-10-20 23:11:34,008 - WARNING -    Fitness vecino: 137.5
2025-10-20 23:11:34,010 - WARNING -    Delta: -25.6
2025-10-20 23:11:34,010 - WARNING -    Temperatura: 4.44
2025-10-20 23:11:34,010 - WARNING -    Tipo perturbación aplicada: (ver generar_vecino)
2025-10-20 23:11:34,011 - WARNING -    Vecino - Puntos: 17817, Tiempo: 15696.9min, Distancia: 169.1km
2025-10-20 23:11:34,011 - WARNING -    Actual - Puntos: 17897, Tiempo: 14512.5min, Distancia: 127.3km
2025-10-20 23:11:34,011 - WARNING -    Validez restricciones - Vecino: True, Actual: True
2025-10-20 23:11:34,012 - WARNING - ================================================================================
2025-10-20 23:11:34,012 - WARNING - ⚠️  SALTO ANORMAL DETECTADO en iteración 27219
2025-10-20 23:11:34,012 - WARNING -    Fitness: 163.1 → 137.5 (Δ=-25.6)
2025-10-20 23:11:34,012 - WARNING -    Ver detalles en archivo de log
2025-10-20 23:11:42,219 - WARNING - ⚠️  DEGRADACIÓN DETECTADA en iter 27300:
2025-10-20 23:11:42,220 - WARNING -    Mejor fitness: 166.5
2025-10-20 23:11:42,220 - WARNING -    Fitness promedio reciente: 143.2
2025-10-20 23:11:42,220 - WARNING -    Degradación: 23.3
2025-10-20 23:11:42,221 - WARNING -    🔄 RESTAURANDO mejor solución...
2025-10-20 23:11:42,225 - DEBUG - Iter 27300: T=4.42, Fitness_actual=166.5, Mejor=166.5
2025-10-20 23:11:42,318 - INFO - 🌟 MEJORA #86 en iter 27301: Fitness=166.5 (+0.0), Puntos=18005
2025-10-20 23:11:42,557 - INFO - 🌟 MEJORA #87 en iter 27304: Fitness=166.6 (+0.0), Puntos=18009
2025-10-20 23:11:42,635 - INFO - 🌟 MEJORA #88 en iter 27305: Fitness=166.6 (+0.0), Puntos=18009
2025-10-20 23:11:50,079 - DEBUG - Iter 27400: T=4.41, Fitness_actual=130.2, Mejor=166.6
2025-10-20 23:11:53,915 - WARNING - ⚠️  DEGRADACIÓN DETECTADA en iter 27450:
2025-10-20 23:11:53,915 - WARNING -    Mejor fitness: 166.6
2025-10-20 23:11:53,916 - WARNING -    Fitness promedio reciente: 124.3
2025-10-20 23:11:53,916 - WARNING -    Degradación: 42.3
2025-10-20 23:11:53,917 - WARNING -    🔄 RESTAURANDO mejor solución...
2025-10-20 23:11:57,662 - INFO -   Iter 27500 | Tiempo:   33.4min (27.8%) | T =     4.40 | Fitness =    152.4 | Mejor =    166.6 | Aceptación =  86.7%
2025-10-20 23:11:57,662 - INFO - Progreso iter 27500: T=4.40, Fitness=152.4, Mejor=166.6, Tasa_acept=86.7%
2025-10-20 23:11:57,663 - DEBUG - Iter 27500: T=4.40, Fitness_actual=152.4, Mejor=166.6
2025-10-20 23:12:01,585 - WARNING - ⚠️  DEGRADACIÓN DETECTADA en iter 27550:
2025-10-20 23:12:01,586 - WARNING -    Mejor fitness: 166.6
2025-10-20 23:12:01,586 - WARNING -    Fitness promedio reciente: 143.2
2025-10-20 23:12:01,586 - WARNING -    Degradación: 23.3
2025-10-20 23:12:01,587 - WARNING -    🔄 RESTAURANDO mejor solución...
2025-10-20 23:12:01,588 - INFO - 🌟 MEJORA #89 en iter 27550: Fitness=166.6 (+0.0), Puntos=18009
2025-10-20 23:12:05,553 - DEBUG - Iter 27600: T=4.38, Fitness_actual=146.5, Mejor=166.6
2025-10-20 23:12:14,259 - WARNING - ⚠️  DEGRADACIÓN DETECTADA en iter 27700:
2025-10-20 23:12:14,263 - WARNING -    Mejor fitness: 166.6
2025-10-20 23:12:14,264 - WARNING -    Fitness promedio reciente: 127.9
2025-10-20 23:12:14,264 - WARNING -    Degradación: 38.6
2025-10-20 23:12:14,264 - WARNING -    🔄 RESTAURANDO mejor solución...
2025-10-20 23:12:14,267 - DEBUG - Iter 27700: T=4.37, Fitness_actual=166.6, Mejor=166.6
2025-10-20 23:12:23,342 - WARNING - ⚠️  DEGRADACIÓN DETECTADA en iter 27800:
2025-10-20 23:12:23,343 - WARNING -    Mejor fitness: 166.6
2025-10-20 23:12:23,343 - WARNING -    Fitness promedio reciente: 139.0
2025-10-20 23:12:23,343 - WARNING -    Degradación: 27.5
2025-10-20 23:12:23,344 - WARNING -    🔄 RESTAURANDO mejor solución...
2025-10-20 23:12:23,345 - DEBUG - Iter 27800: T=4.35, Fitness_actual=166.6, Mejor=166.6
2025-10-20 23:12:23,345 - INFO - 🌟 MEJORA #90 en iter 27800: Fitness=166.6 (+0.0), Puntos=18009
2025-10-20 23:12:23,345 - INFO -   ✨ Mejora #90 en iteración 27801: Fitness = 166.6 | Puntos = 18009 | T = 4.35
2025-10-20 23:12:24,083 - WARNING - ================================================================================
2025-10-20 23:12:24,083 - WARNING - ⚠️  SALTO ANORMAL DETECTADO en iteración 27809
2025-10-20 23:12:24,084 - WARNING -    Fitness actual: 162.2
2025-10-20 23:12:24,084 - WARNING -    Fitness vecino: 133.5
2025-10-20 23:12:24,085 - WARNING -    Delta: -28.6
2025-10-20 23:12:24,085 - WARNING -    Temperatura: 4.35
2025-10-20 23:12:24,085 - WARNING -    Tipo perturbación aplicada: (ver generar_vecino)
2025-10-20 23:12:24,086 - WARNING -    Vecino - Puntos: 18068, Tiempo: 16182.5min, Distancia: 244.4km
2025-10-20 23:12:24,086 - WARNING -    Actual - Puntos: 18021, Tiempo: 14453.7min, Distancia: 124.1km
2025-10-20 23:12:24,087 - WARNING -    Validez restricciones - Vecino: True, Actual: True
2025-10-20 23:12:24,087 - WARNING - ================================================================================
2025-10-20 23:12:24,087 - WARNING - ⚠️  SALTO ANORMAL DETECTADO en iteración 27809
2025-10-20 23:12:24,088 - WARNING -    Fitness: 162.2 → 133.5 (Δ=-28.6)
2025-10-20 23:12:24,088 - WARNING -    Ver detalles en archivo de log
2025-10-20 23:12:34,093 - DEBUG - Iter 27900: T=4.33, Fitness_actual=136.9, Mejor=166.6
2025-10-20 23:12:43,208 - WARNING - ⚠️  DEGRADACIÓN DETECTADA en iter 27950:
2025-10-20 23:12:43,209 - WARNING -    Mejor fitness: 166.6
2025-10-20 23:12:43,210 - WARNING -    Fitness promedio reciente: 134.2
2025-10-20 23:12:43,210 - WARNING -    Degradación: 32.4
2025-10-20 23:12:43,212 - WARNING -    🔄 RESTAURANDO mejor solución...
2025-10-20 23:12:48,118 - INFO -   Iter 28000 | Tiempo:   34.2min (28.5%) | T =     4.31 | Fitness =    148.7 | Mejor =    166.6 | Aceptación =  86.6%
2025-10-20 23:12:48,118 - INFO - Progreso iter 28000: T=4.31, Fitness=148.7, Mejor=166.6, Tasa_acept=86.6%
2025-10-20 23:12:48,119 - DEBUG - Iter 28000: T=4.31, Fitness_actual=148.7, Mejor=166.6
2025-10-20 23:12:52,688 - WARNING - ⚠️  DEGRADACIÓN DETECTADA en iter 28050:
2025-10-20 23:12:52,688 - WARNING -    Mejor fitness: 166.6
2025-10-20 23:12:52,688 - WARNING -    Fitness promedio reciente: 140.9
2025-10-20 23:12:52,689 - WARNING -    Degradación: 25.7
2025-10-20 23:12:52,689 - WARNING -    🔄 RESTAURANDO mejor solución...
2025-10-20 23:12:57,528 - WARNING - ⚠️  DEGRADACIÓN DETECTADA en iter 28100:
2025-10-20 23:12:57,529 - WARNING -    Mejor fitness: 166.6
2025-10-20 23:12:57,529 - WARNING -    Fitness promedio reciente: 138.2
2025-10-20 23:12:57,529 - WARNING -    Degradación: 28.3
2025-10-20 23:12:57,530 - WARNING -    🔄 RESTAURANDO mejor solución...
2025-10-20 23:12:57,533 - DEBUG - Iter 28100: T=4.29, Fitness_actual=166.6, Mejor=166.6
2025-10-20 23:13:06,682 - WARNING - ⚠️  DEGRADACIÓN DETECTADA en iter 28200:
2025-10-20 23:13:06,682 - WARNING -    Mejor fitness: 166.6
2025-10-20 23:13:06,683 - WARNING -    Fitness promedio reciente: 141.9
2025-10-20 23:13:06,683 - WARNING -    Degradación: 24.7
2025-10-20 23:13:06,683 - WARNING -    🔄 RESTAURANDO mejor solución...
2025-10-20 23:13:06,686 - DEBUG - Iter 28200: T=4.27, Fitness_actual=166.6, Mejor=166.6
2025-10-20 23:13:15,288 - WARNING - ⚠️  DEGRADACIÓN DETECTADA en iter 28300:
2025-10-20 23:13:15,288 - WARNING -    Mejor fitness: 166.6
2025-10-20 23:13:15,288 - WARNING -    Fitness promedio reciente: 142.2
2025-10-20 23:13:15,289 - WARNING -    Degradación: 24.4
2025-10-20 23:13:15,289 - WARNING -    🔄 RESTAURANDO mejor solución...
2025-10-20 23:13:15,290 - DEBUG - Iter 28300: T=4.26, Fitness_actual=166.6, Mejor=166.6
2025-10-20 23:13:24,021 - WARNING - ⚠️  DEGRADACIÓN DETECTADA en iter 28400:
2025-10-20 23:13:24,021 - WARNING -    Mejor fitness: 166.6
2025-10-20 23:13:24,022 - WARNING -    Fitness promedio reciente: 129.4
2025-10-20 23:13:24,022 - WARNING -    Degradación: 37.1
2025-10-20 23:13:24,022 - WARNING -    🔄 RESTAURANDO mejor solución...
2025-10-20 23:13:24,024 - DEBUG - Iter 28400: T=4.24, Fitness_actual=166.6, Mejor=166.6
2025-10-20 23:13:24,024 - INFO - 🌟 MEJORA #91 en iter 28400: Fitness=166.6 (+0.0), Puntos=18009
2025-10-20 23:13:24,275 - WARNING - ================================================================================
2025-10-20 23:13:24,276 - WARNING - ⚠️  SALTO ANORMAL DETECTADO en iteración 28403
2025-10-20 23:13:24,276 - WARNING -    Fitness actual: 166.6
2025-10-20 23:13:24,276 - WARNING -    Fitness vecino: 122.0
2025-10-20 23:13:24,277 - WARNING -    Delta: -44.5
2025-10-20 23:13:24,277 - WARNING -    Temperatura: 4.24
2025-10-20 23:13:24,277 - WARNING -    Tipo perturbación aplicada: (ver generar_vecino)
2025-10-20 23:13:24,278 - WARNING -    Vecino - Puntos: 17680, Tiempo: 16549.8min, Distancia: 260.0km
2025-10-20 23:13:24,278 - WARNING -    Actual - Puntos: 18009, Tiempo: 14436.0min, Distancia: 125.9km
2025-10-20 23:13:24,278 - WARNING -    Validez restricciones - Vecino: True, Actual: True
2025-10-20 23:13:24,278 - WARNING - ================================================================================
2025-10-20 23:13:24,279 - WARNING - ⚠️  SALTO ANORMAL DETECTADO en iteración 28403
2025-10-20 23:13:24,279 - WARNING -    Fitness: 166.6 → 122.0 (Δ=-44.5)
2025-10-20 23:13:24,279 - WARNING -    Ver detalles en archivo de log
2025-10-20 23:13:25,328 - WARNING - ================================================================================
2025-10-20 23:13:25,328 - WARNING - ⚠️  SALTO ANORMAL DETECTADO en iteración 28416
2025-10-20 23:13:25,329 - WARNING -    Fitness actual: 153.7
2025-10-20 23:13:25,329 - WARNING -    Fitness vecino: 106.2
2025-10-20 23:13:25,329 - WARNING -    Delta: -47.5
2025-10-20 23:13:25,329 - WARNING -    Temperatura: 4.24
2025-10-20 23:13:25,330 - WARNING -    Tipo perturbación aplicada: (ver generar_vecino)
2025-10-20 23:13:25,330 - WARNING -    Vecino - Puntos: 18110, Tiempo: 17085.6min, Distancia: 316.3km
2025-10-20 23:13:25,330 - WARNING -    Actual - Puntos: 18005, Tiempo: 14325.2min, Distancia: 124.6km
2025-10-20 23:13:25,331 - WARNING -    Validez restricciones - Vecino: False, Actual: False
2025-10-20 23:13:25,331 - WARNING - ================================================================================
2025-10-20 23:13:25,331 - WARNING - ⚠️  SALTO ANORMAL DETECTADO en iteración 28416
2025-10-20 23:13:25,331 - WARNING -    Fitness: 153.7 → 106.2 (Δ=-47.5)
2025-10-20 23:13:25,332 - WARNING -    Ver detalles en archivo de log
2025-10-20 23:13:32,047 - INFO -   Iter 28500 | Tiempo:   35.0min (29.1%) | T =     4.23 | Fitness =    135.4 | Mejor =    166.6 | Aceptación =  86.6%
2025-10-20 23:13:32,048 - INFO - Progreso iter 28500: T=4.23, Fitness=135.4, Mejor=166.6, Tasa_acept=86.6%
2025-10-20 23:13:32,050 - DEBUG - Iter 28500: T=4.23, Fitness_actual=135.4, Mejor=166.6
2025-10-20 23:13:36,084 - WARNING - ⚠️  DEGRADACIÓN DETECTADA en iter 28550:
2025-10-20 23:13:36,085 - WARNING -    Mejor fitness: 166.6
2025-10-20 23:13:36,085 - WARNING -    Fitness promedio reciente: 127.9
2025-10-20 23:13:36,085 - WARNING -    Degradación: 38.7
2025-10-20 23:13:36,086 - WARNING -    🔄 RESTAURANDO mejor solución...
2025-10-20 23:13:40,093 - DEBUG - Iter 28600: T=4.22, Fitness_actual=137.3, Mejor=166.6
2025-10-20 23:13:44,150 - WARNING - ⚠️  DEGRADACIÓN DETECTADA en iter 28650:
2025-10-20 23:13:44,150 - WARNING -    Mejor fitness: 166.6
2025-10-20 23:13:44,151 - WARNING -    Fitness promedio reciente: 135.6
2025-10-20 23:13:44,151 - WARNING -    Degradación: 30.9
2025-10-20 23:13:44,151 - WARNING -    🔄 RESTAURANDO mejor solución...
2025-10-20 23:13:45,872 - WARNING - ================================================================================
2025-10-20 23:13:45,873 - WARNING - ⚠️  SALTO ANORMAL DETECTADO en iteración 28668
2025-10-20 23:13:45,873 - WARNING -    Fitness actual: 163.3
2025-10-20 23:13:45,873 - WARNING -    Fitness vecino: 138.4
2025-10-20 23:13:45,874 - WARNING -    Delta: -24.9
2025-10-20 23:13:45,874 - WARNING -    Temperatura: 4.21
2025-10-20 23:13:45,874 - WARNING -    Tipo perturbación aplicada: (ver generar_vecino)
2025-10-20 23:13:45,874 - WARNING -    Vecino - Puntos: 17640, Tiempo: 16098.0min, Distancia: 162.1km
2025-10-20 23:13:45,875 - WARNING -    Actual - Puntos: 17995, Tiempo: 14357.6min, Distancia: 125.6km
2025-10-20 23:13:45,875 - WARNING -    Validez restricciones - Vecino: True, Actual: True
2025-10-20 23:13:45,875 - WARNING - ================================================================================
2025-10-20 23:13:45,876 - WARNING - ⚠️  SALTO ANORMAL DETECTADO en iteración 28668
2025-10-20 23:13:45,876 - WARNING -    Fitness: 163.3 → 138.4 (Δ=-24.9)
2025-10-20 23:13:45,876 - WARNING -    Ver detalles en archivo de log
2025-10-20 23:13:48,538 - DEBUG - Iter 28700: T=4.20, Fitness_actual=146.9, Mejor=166.6
2025-10-20 23:13:52,748 - WARNING - ⚠️  DEGRADACIÓN DETECTADA en iter 28750:
2025-10-20 23:13:52,748 - WARNING -    Mejor fitness: 166.6
2025-10-20 23:13:52,748 - WARNING -    Fitness promedio reciente: 130.6
2025-10-20 23:13:52,749 - WARNING -    Degradación: 35.9
2025-10-20 23:13:52,749 - WARNING -    🔄 RESTAURANDO mejor solución...
2025-10-20 23:13:53,266 - WARNING - ================================================================================
2025-10-20 23:13:53,266 - WARNING - ⚠️  SALTO ANORMAL DETECTADO en iteración 28756
2025-10-20 23:13:53,267 - WARNING -    Fitness actual: 166.6
2025-10-20 23:13:53,267 - WARNING -    Fitness vecino: 142.9
2025-10-20 23:13:53,267 - WARNING -    Delta: -23.7
2025-10-20 23:13:53,268 - WARNING -    Temperatura: 4.19
2025-10-20 23:13:53,268 - WARNING -    Tipo perturbación aplicada: (ver generar_vecino)
2025-10-20 23:13:53,268 - WARNING -    Vecino - Puntos: 17702, Tiempo: 16530.1min, Distancia: 147.3km
2025-10-20 23:13:53,269 - WARNING -    Actual - Puntos: 18009, Tiempo: 14424.3min, Distancia: 124.9km
2025-10-20 23:13:53,269 - WARNING -    Validez restricciones - Vecino: True, Actual: True
2025-10-20 23:13:53,269 - WARNING - ================================================================================
2025-10-20 23:13:53,270 - WARNING - ⚠️  SALTO ANORMAL DETECTADO en iteración 28756
2025-10-20 23:13:53,270 - WARNING -    Fitness: 166.6 → 142.9 (Δ=-23.7)
2025-10-20 23:13:53,270 - WARNING -    Ver detalles en archivo de log
2025-10-20 23:13:53,552 - INFO - 🌟 MEJORA #92 en iter 28759: Fitness=166.6 (+0.0), Puntos=18009
2025-10-20 23:13:53,826 - INFO - 🌟 MEJORA #93 en iter 28762: Fitness=166.6 (+0.0), Puntos=18009
2025-10-20 23:13:54,199 - INFO - 🌟 MEJORA #94 en iter 28766: Fitness=166.6 (+0.0), Puntos=18009
2025-10-20 23:13:57,319 - DEBUG - Iter 28800: T=4.19, Fitness_actual=146.2, Mejor=166.6
2025-10-20 23:14:06,078 - WARNING - ⚠️  DEGRADACIÓN DETECTADA en iter 28900:
2025-10-20 23:14:06,078 - WARNING -    Mejor fitness: 166.6
2025-10-20 23:14:06,079 - WARNING -    Fitness promedio reciente: 127.6
2025-10-20 23:14:06,079 - WARNING -    Degradación: 38.9
2025-10-20 23:14:06,079 - WARNING -    🔄 RESTAURANDO mejor solución...
2025-10-20 23:14:06,081 - DEBUG - Iter 28900: T=4.17, Fitness_actual=166.6, Mejor=166.6
2025-10-20 23:14:14,314 - INFO -   Iter 29000 | Tiempo:   35.7min (29.7%) | T =     4.16 | Fitness =    125.8 | Mejor =    166.6 | Aceptación =  86.5%
2025-10-20 23:14:14,314 - INFO - Progreso iter 29000: T=4.16, Fitness=125.8, Mejor=166.6, Tasa_acept=86.5%
2025-10-20 23:14:14,315 - WARNING - ⚠️  DEGRADACIÓN DETECTADA en iter 29000:
2025-10-20 23:14:14,315 - WARNING -    Mejor fitness: 166.6
2025-10-20 23:14:14,315 - WARNING -    Fitness promedio reciente: 132.0
2025-10-20 23:14:14,316 - WARNING -    Degradación: 34.5
2025-10-20 23:14:14,316 - WARNING -    🔄 RESTAURANDO mejor solución...
2025-10-20 23:14:14,317 - DEBUG - Iter 29000: T=4.16, Fitness_actual=166.6, Mejor=166.6
2025-10-20 23:14:22,506 - WARNING - ⚠️  DEGRADACIÓN DETECTADA en iter 29100:
2025-10-20 23:14:22,506 - WARNING -    Mejor fitness: 166.6
2025-10-20 23:14:22,506 - WARNING -    Fitness promedio reciente: 134.1
2025-10-20 23:14:22,507 - WARNING -    Degradación: 32.4
2025-10-20 23:14:22,507 - WARNING -    🔄 RESTAURANDO mejor solución...
2025-10-20 23:14:22,510 - DEBUG - Iter 29100: T=4.14, Fitness_actual=166.6, Mejor=166.6
2025-10-20 23:14:31,101 - WARNING - ⚠️  DEGRADACIÓN DETECTADA en iter 29200:
2025-10-20 23:14:31,101 - WARNING -    Mejor fitness: 166.6
2025-10-20 23:14:31,101 - WARNING -    Fitness promedio reciente: 142.1
2025-10-20 23:14:31,102 - WARNING -    Degradación: 24.4
2025-10-20 23:14:31,102 - WARNING -    🔄 RESTAURANDO mejor solución...
2025-10-20 23:14:31,103 - DEBUG - Iter 29200: T=4.13, Fitness_actual=166.6, Mejor=166.6
2025-10-20 23:14:34,238 - INFO - --- Cambiando a Fase: Intermedia (Balance) (Progreso: 30.0%) ---
2025-10-20 23:14:39,698 - WARNING - ⚠️  DEGRADACIÓN DETECTADA en iter 29300:
2025-10-20 23:14:39,699 - WARNING -    Mejor fitness: 166.6
2025-10-20 23:14:39,699 - WARNING -    Fitness promedio reciente: 146.1
2025-10-20 23:14:39,699 - WARNING -    Degradación: 20.4
2025-10-20 23:14:39,699 - WARNING -    🔄 RESTAURANDO mejor solución...
2025-10-20 23:14:39,701 - DEBUG - Iter 29300: T=4.12, Fitness_actual=166.6, Mejor=166.6
2025-10-20 23:14:47,869 - WARNING - ⚠️  DEGRADACIÓN DETECTADA en iter 29400:
2025-10-20 23:14:47,870 - WARNING -    Mejor fitness: 166.6
2025-10-20 23:14:47,870 - WARNING -    Fitness promedio reciente: 139.7
2025-10-20 23:14:47,871 - WARNING -    Degradación: 26.9
2025-10-20 23:14:47,871 - WARNING -    🔄 RESTAURANDO mejor solución...
2025-10-20 23:14:47,872 - DEBUG - Iter 29400: T=4.10, Fitness_actual=166.6, Mejor=166.6
2025-10-20 23:14:55,861 - INFO -   Iter 29500 | Tiempo:   36.4min (30.3%) | T =     4.09 | Fitness =    127.7 | Mejor =    166.6 | Aceptación =  86.4%
2025-10-20 23:14:55,862 - INFO - Progreso iter 29500: T=4.09, Fitness=127.7, Mejor=166.6, Tasa_acept=86.4%
2025-10-20 23:14:55,862 - WARNING - ⚠️  DEGRADACIÓN DETECTADA en iter 29500:
2025-10-20 23:14:55,863 - WARNING -    Mejor fitness: 166.6
2025-10-20 23:14:55,863 - WARNING -    Fitness promedio reciente: 143.4
2025-10-20 23:14:55,863 - WARNING -    Degradación: 23.1
2025-10-20 23:14:55,864 - WARNING -    🔄 RESTAURANDO mejor solución...
2025-10-20 23:14:55,865 - DEBUG - Iter 29500: T=4.09, Fitness_actual=166.6, Mejor=166.6
2025-10-20 23:14:59,984 - INFO - Iter 29549: Aceptada solución con delta=-10.5 (T=4.08)
2025-10-20 23:14:59,984 - INFO -   📊 Desglose del cambio:
2025-10-20 23:14:59,985 - INFO -      Puntos: -234 → 17682 total
2025-10-20 23:14:59,985 - INFO -      Tiempo: +623.8min → 15067.3min total
2025-10-20 23:14:59,986 - INFO -      Distancia: +1.0km → 132.1km total
2025-10-20 23:15:04,793 - WARNING - ⚠️  DEGRADACIÓN DETECTADA en iter 29600:
2025-10-20 23:15:04,828 - WARNING -    Mejor fitness: 166.6
2025-10-20 23:15:04,831 - WARNING -    Fitness promedio reciente: 139.1
2025-10-20 23:15:04,831 - WARNING -    Degradación: 27.5
2025-10-20 23:15:04,832 - WARNING -    🔄 RESTAURANDO mejor solución...
2025-10-20 23:15:04,833 - DEBUG - Iter 29600: T=4.07, Fitness_actual=166.6, Mejor=166.6
2025-10-20 23:15:14,476 - WARNING - ⚠️  DEGRADACIÓN DETECTADA en iter 29700:
2025-10-20 23:15:14,477 - WARNING -    Mejor fitness: 166.6
2025-10-20 23:15:14,477 - WARNING -    Fitness promedio reciente: 143.2
2025-10-20 23:15:14,477 - WARNING -    Degradación: 23.4
2025-10-20 23:15:14,477 - WARNING -    🔄 RESTAURANDO mejor solución...
2025-10-20 23:15:14,479 - DEBUG - Iter 29700: T=4.06, Fitness_actual=166.6, Mejor=166.6
2025-10-20 23:15:29,268 - WARNING - ⚠️  DEGRADACIÓN DETECTADA en iter 29800:
2025-10-20 23:15:29,268 - WARNING -    Mejor fitness: 166.6
2025-10-20 23:15:29,269 - WARNING -    Fitness promedio reciente: 143.2
2025-10-20 23:15:29,269 - WARNING -    Degradación: 23.4
2025-10-20 23:15:29,270 - WARNING -    🔄 RESTAURANDO mejor solución...
2025-10-20 23:15:29,272 - DEBUG - Iter 29800: T=4.03, Fitness_actual=166.6, Mejor=166.6
2025-10-20 23:15:29,272 - INFO - 🌟 MEJORA #95 en iter 29800: Fitness=166.7 (+0.1), Puntos=18022
2025-10-20 23:15:29,272 - INFO -   ✨ Mejora #95 en iteración 29801: Fitness = 166.7 | Puntos = 18022 | T = 4.03
2025-10-20 23:15:32,937 - WARNING - ================================================================================
2025-10-20 23:15:32,937 - WARNING - ⚠️  SALTO ANORMAL DETECTADO en iteración 29829
2025-10-20 23:15:32,938 - WARNING -    Fitness actual: 166.5
2025-10-20 23:15:32,938 - WARNING -    Fitness vecino: 142.0
2025-10-20 23:15:32,938 - WARNING -    Delta: -24.5
2025-10-20 23:15:32,938 - WARNING -    Temperatura: 4.03
2025-10-20 23:15:32,938 - WARNING -    Tipo perturbación aplicada: (ver generar_vecino)
2025-10-20 23:15:32,939 - WARNING -    Vecino - Puntos: 17883, Tiempo: 14851.6min, Distancia: 124.3km
2025-10-20 23:15:32,939 - WARNING -    Actual - Puntos: 18021, Tiempo: 14445.1min, Distancia: 125.4km
2025-10-20 23:15:32,939 - WARNING -    Validez restricciones - Vecino: False, Actual: True
2025-10-20 23:15:32,939 - WARNING - ================================================================================
2025-10-20 23:15:32,940 - WARNING - ⚠️  SALTO ANORMAL DETECTADO en iteración 29829
2025-10-20 23:15:32,940 - WARNING -    Fitness: 166.5 → 142.0 (Δ=-24.5)
2025-10-20 23:15:32,940 - WARNING -    Ver detalles en archivo de log
2025-10-20 23:15:39,483 - DEBUG - Iter 29900: T=4.02, Fitness_actual=157.0, Mejor=166.7
2025-10-20 23:15:48,624 - INFO -   Iter 30000 | Tiempo:   37.2min (31.0%) | T =     4.00 | Fitness =    133.5 | Mejor =    166.7 | Aceptación =  86.3%
2025-10-20 23:15:48,624 - INFO - Progreso iter 30000: T=4.00, Fitness=133.5, Mejor=166.7, Tasa_acept=86.3%
2025-10-20 23:15:48,625 - WARNING - ⚠️  DEGRADACIÓN DETECTADA en iter 30000:
2025-10-20 23:15:48,625 - WARNING -    Mejor fitness: 166.7
2025-10-20 23:15:48,625 - WARNING -    Fitness promedio reciente: 136.8
2025-10-20 23:15:48,625 - WARNING -    Degradación: 29.9
2025-10-20 23:15:48,626 - WARNING -    🔄 RESTAURANDO mejor solución...
2025-10-20 23:15:48,627 - DEBUG - Iter 30000: T=4.00, Fitness_actual=166.7, Mejor=166.7
2025-10-20 23:15:49,150 - WARNING - ================================================================================
2025-10-20 23:15:49,151 - WARNING - ⚠️  SALTO ANORMAL DETECTADO en iteración 30006
2025-10-20 23:15:49,151 - WARNING -    Fitness actual: 161.8
2025-10-20 23:15:49,151 - WARNING -    Fitness vecino: 106.8
2025-10-20 23:15:49,152 - WARNING -    Delta: -55.0
2025-10-20 23:15:49,152 - WARNING -    Temperatura: 4.00
2025-10-20 23:15:49,152 - WARNING -    Tipo perturbación aplicada: (ver generar_vecino)
2025-10-20 23:15:49,153 - WARNING -    Vecino - Puntos: 18062, Tiempo: 17034.7min, Distancia: 327.9km
2025-10-20 23:15:49,153 - WARNING -    Actual - Puntos: 18034, Tiempo: 14422.4min, Distancia: 118.5km
2025-10-20 23:15:49,154 - WARNING -    Validez restricciones - Vecino: True, Actual: True
2025-10-20 23:15:49,154 - WARNING - ================================================================================
2025-10-20 23:15:49,154 - WARNING - ⚠️  SALTO ANORMAL DETECTADO en iteración 30006
2025-10-20 23:15:49,155 - WARNING -    Fitness: 161.8 → 106.8 (Δ=-55.0)
2025-10-20 23:15:49,155 - WARNING -    Ver detalles en archivo de log
2025-10-20 23:15:57,433 - WARNING - ⚠️  DEGRADACIÓN DETECTADA en iter 30100:
2025-10-20 23:15:57,433 - WARNING -    Mejor fitness: 166.7
2025-10-20 23:15:57,434 - WARNING -    Fitness promedio reciente: 132.4
2025-10-20 23:15:57,434 - WARNING -    Degradación: 34.3
2025-10-20 23:15:57,434 - WARNING -    🔄 RESTAURANDO mejor solución...
2025-10-20 23:15:57,438 - DEBUG - Iter 30100: T=3.99, Fitness_actual=166.7, Mejor=166.7
2025-10-20 23:16:05,704 - WARNING - ⚠️  DEGRADACIÓN DETECTADA en iter 30200:
2025-10-20 23:16:05,704 - WARNING -    Mejor fitness: 166.7
2025-10-20 23:16:05,704 - WARNING -    Fitness promedio reciente: 136.3
2025-10-20 23:16:05,705 - WARNING -    Degradación: 30.4
2025-10-20 23:16:05,705 - WARNING -    🔄 RESTAURANDO mejor solución...
2025-10-20 23:16:05,706 - DEBUG - Iter 30200: T=3.97, Fitness_actual=166.7, Mejor=166.7
2025-10-20 23:16:05,798 - INFO - 🌟 MEJORA #96 en iter 30201: Fitness=166.7 (+0.0), Puntos=18027
2025-10-20 23:16:13,996 - DEBUG - Iter 30300: T=3.96, Fitness_actual=139.2, Mejor=166.7
2025-10-20 23:16:18,066 - WARNING - ⚠️  DEGRADACIÓN DETECTADA en iter 30350:
2025-10-20 23:16:18,067 - WARNING -    Mejor fitness: 166.7
2025-10-20 23:16:18,067 - WARNING -    Fitness promedio reciente: 134.9
2025-10-20 23:16:18,067 - WARNING -    Degradación: 31.9
2025-10-20 23:16:18,068 - WARNING -    🔄 RESTAURANDO mejor solución...
2025-10-20 23:16:22,362 - DEBUG - Iter 30400: T=3.95, Fitness_actual=148.5, Mejor=166.7
2025-10-20 23:16:26,852 - WARNING - ⚠️  DEGRADACIÓN DETECTADA en iter 30450:
2025-10-20 23:16:26,853 - WARNING -    Mejor fitness: 166.7
2025-10-20 23:16:26,853 - WARNING -    Fitness promedio reciente: 140.2
2025-10-20 23:16:26,853 - WARNING -    Degradación: 26.6
2025-10-20 23:16:26,854 - WARNING -    🔄 RESTAURANDO mejor solución...
2025-10-20 23:16:31,318 - INFO -   Iter 30500 | Tiempo:   38.0min (31.6%) | T =     3.93 | Fitness =    149.9 | Mejor =    166.7 | Aceptación =  86.2%
2025-10-20 23:16:31,319 - INFO - Progreso iter 30500: T=3.93, Fitness=149.9, Mejor=166.7, Tasa_acept=86.2%
2025-10-20 23:16:31,320 - DEBUG - Iter 30500: T=3.93, Fitness_actual=149.9, Mejor=166.7
2025-10-20 23:16:35,743 - WARNING - ⚠️  DEGRADACIÓN DETECTADA en iter 30550:
2025-10-20 23:16:35,743 - WARNING -    Mejor fitness: 166.7
2025-10-20 23:16:35,743 - WARNING -    Fitness promedio reciente: 142.8
2025-10-20 23:16:35,744 - WARNING -    Degradación: 23.9
2025-10-20 23:16:35,744 - WARNING -    🔄 RESTAURANDO mejor solución...
2025-10-20 23:16:40,297 - DEBUG - Iter 30600: T=3.92, Fitness_actual=149.1, Mejor=166.7
2025-10-20 23:16:44,415 - WARNING - ⚠️  DEGRADACIÓN DETECTADA en iter 30650:
2025-10-20 23:16:44,416 - WARNING -    Mejor fitness: 166.7
2025-10-20 23:16:44,416 - WARNING -    Fitness promedio reciente: 143.2
2025-10-20 23:16:44,417 - WARNING -    Degradación: 23.5
2025-10-20 23:16:44,417 - WARNING -    🔄 RESTAURANDO mejor solución...
2025-10-20 23:16:47,155 - WARNING - ================================================================================
2025-10-20 23:16:47,156 - WARNING - ⚠️  SALTO ANORMAL DETECTADO en iteración 30683
2025-10-20 23:16:47,156 - WARNING -    Fitness actual: 155.0
2025-10-20 23:16:47,156 - WARNING -    Fitness vecino: 130.7
2025-10-20 23:16:47,157 - WARNING -    Delta: -24.3
2025-10-20 23:16:47,157 - WARNING -    Temperatura: 3.91
2025-10-20 23:16:47,157 - WARNING -    Tipo perturbación aplicada: (ver generar_vecino)
2025-10-20 23:16:47,158 - WARNING -    Vecino - Puntos: 17607, Tiempo: 16850.6min, Distancia: 165.8km
2025-10-20 23:16:47,158 - WARNING -    Actual - Puntos: 17977, Tiempo: 14405.0min, Distancia: 124.6km
2025-10-20 23:16:47,158 - WARNING -    Validez restricciones - Vecino: True, Actual: True
2025-10-20 23:16:47,159 - WARNING - ================================================================================
2025-10-20 23:16:47,159 - WARNING - ⚠️  SALTO ANORMAL DETECTADO en iteración 30683
2025-10-20 23:16:47,160 - WARNING -    Fitness: 155.0 → 130.7 (Δ=-24.3)
2025-10-20 23:16:47,160 - WARNING -    Ver detalles en archivo de log
2025-10-20 23:16:48,553 - DEBUG - Iter 30700: T=3.91, Fitness_actual=146.1, Mejor=166.7
2025-10-20 23:16:52,670 - WARNING - ⚠️  DEGRADACIÓN DETECTADA en iter 30750:
2025-10-20 23:16:52,670 - WARNING -    Mejor fitness: 166.7
2025-10-20 23:16:52,671 - WARNING -    Fitness promedio reciente: 134.3
2025-10-20 23:16:52,671 - WARNING -    Degradación: 32.5
2025-10-20 23:16:52,671 - WARNING -    🔄 RESTAURANDO mejor solución...
2025-10-20 23:16:56,821 - DEBUG - Iter 30800: T=3.89, Fitness_actual=158.3, Mejor=166.7
2025-10-20 23:17:05,498 - DEBUG - Iter 30900: T=3.88, Fitness_actual=142.8, Mejor=166.7
2025-10-20 23:17:09,769 - WARNING - ⚠️  DEGRADACIÓN DETECTADA en iter 30950:
2025-10-20 23:17:09,769 - WARNING -    Mejor fitness: 166.7
2025-10-20 23:17:09,770 - WARNING -    Fitness promedio reciente: 139.2
2025-10-20 23:17:09,770 - WARNING -    Degradación: 27.5
2025-10-20 23:17:09,770 - WARNING -    🔄 RESTAURANDO mejor solución...
2025-10-20 23:17:09,771 - INFO - 🌟 MEJORA #97 en iter 30950: Fitness=166.7 (+0.0), Puntos=18027
2025-10-20 23:17:12,849 - WARNING - ================================================================================
2025-10-20 23:17:12,850 - WARNING - ⚠️  SALTO ANORMAL DETECTADO en iteración 30987
2025-10-20 23:17:12,850 - WARNING -    Fitness actual: 152.8
2025-10-20 23:17:12,850 - WARNING -    Fitness vecino: 60.3
2025-10-20 23:17:12,851 - WARNING -    Delta: -92.5
2025-10-20 23:17:12,851 - WARNING -    Temperatura: 3.87
2025-10-20 23:17:12,851 - WARNING -    Tipo perturbación aplicada: (ver generar_vecino)
2025-10-20 23:17:12,852 - WARNING -    Vecino - Puntos: 17666, Tiempo: 18998.8min, Distancia: 501.1km
2025-10-20 23:17:12,852 - WARNING -    Actual - Puntos: 17705, Tiempo: 14558.6min, Distancia: 129.1km
2025-10-20 23:17:12,852 - WARNING -    Validez restricciones - Vecino: True, Actual: True
2025-10-20 23:17:12,853 - WARNING - ================================================================================
2025-10-20 23:17:12,853 - WARNING - ⚠️  SALTO ANORMAL DETECTADO en iteración 30987
2025-10-20 23:17:12,853 - WARNING -    Fitness: 152.8 → 60.3 (Δ=-92.5)
2025-10-20 23:17:12,853 - WARNING -    Ver detalles en archivo de log
2025-10-20 23:17:13,694 - WARNING - ================================================================================
2025-10-20 23:17:13,695 - WARNING - ⚠️  SALTO ANORMAL DETECTADO en iteración 30997
2025-10-20 23:17:13,695 - WARNING -    Fitness actual: 150.4
2025-10-20 23:17:13,695 - WARNING -    Fitness vecino: 121.8
2025-10-20 23:17:13,696 - WARNING -    Delta: -28.6
2025-10-20 23:17:13,696 - WARNING -    Temperatura: 3.87
2025-10-20 23:17:13,696 - WARNING -    Tipo perturbación aplicada: (ver generar_vecino)
2025-10-20 23:17:13,697 - WARNING -    Vecino - Puntos: 17386, Tiempo: 16601.5min, Distancia: 169.9km
2025-10-20 23:17:13,697 - WARNING -    Actual - Puntos: 17684, Tiempo: 14557.1min, Distancia: 125.6km
2025-10-20 23:17:13,697 - WARNING -    Validez restricciones - Vecino: True, Actual: True
2025-10-20 23:17:13,698 - WARNING - ================================================================================
2025-10-20 23:17:13,698 - WARNING - ⚠️  SALTO ANORMAL DETECTADO en iteración 30997
2025-10-20 23:17:13,698 - WARNING -    Fitness: 150.4 → 121.8 (Δ=-28.6)
2025-10-20 23:17:13,699 - WARNING -    Ver detalles en archivo de log
2025-10-20 23:17:13,952 - INFO -   Iter 31000 | Tiempo:   38.7min (32.2%) | T =     3.87 | Fitness =    147.7 | Mejor =    166.7 | Aceptación =  86.3%
2025-10-20 23:17:13,953 - INFO - Progreso iter 31000: T=3.87, Fitness=147.7, Mejor=166.7, Tasa_acept=86.3%
2025-10-20 23:17:13,955 - DEBUG - Iter 31000: T=3.87, Fitness_actual=147.7, Mejor=166.7
2025-10-20 23:17:14,641 - WARNING - ================================================================================
2025-10-20 23:17:14,641 - WARNING - ⚠️  SALTO ANORMAL DETECTADO en iteración 31008
2025-10-20 23:17:14,641 - WARNING -    Fitness actual: 148.3
2025-10-20 23:17:14,642 - WARNING -    Fitness vecino: 127.3
2025-10-20 23:17:14,642 - WARNING -    Delta: -21.0
2025-10-20 23:17:14,643 - WARNING -    Temperatura: 3.86
2025-10-20 23:17:14,643 - WARNING -    Tipo perturbación aplicada: (ver generar_vecino)
2025-10-20 23:17:14,643 - WARNING -    Vecino - Puntos: 17673, Tiempo: 15795.8min, Distancia: 221.7km
2025-10-20 23:17:14,644 - WARNING -    Actual - Puntos: 17670, Tiempo: 14293.6min, Distancia: 127.4km
2025-10-20 23:17:14,644 - WARNING -    Validez restricciones - Vecino: False, Actual: False
2025-10-20 23:17:14,644 - WARNING - ================================================================================
2025-10-20 23:17:14,644 - WARNING - ⚠️  SALTO ANORMAL DETECTADO en iteración 31008
2025-10-20 23:17:14,645 - WARNING -    Fitness: 148.3 → 127.3 (Δ=-21.0)
2025-10-20 23:17:14,645 - WARNING -    Ver detalles en archivo de log
2025-10-20 23:17:22,376 - WARNING - ⚠️  DEGRADACIÓN DETECTADA en iter 31100:
2025-10-20 23:17:22,376 - WARNING -    Mejor fitness: 166.7
2025-10-20 23:17:22,377 - WARNING -    Fitness promedio reciente: 143.6
2025-10-20 23:17:22,377 - WARNING -    Degradación: 23.1
2025-10-20 23:17:22,378 - WARNING -    🔄 RESTAURANDO mejor solución...
2025-10-20 23:17:22,379 - DEBUG - Iter 31100: T=3.85, Fitness_actual=166.7, Mejor=166.7
2025-10-20 23:17:30,757 - DEBUG - Iter 31200: T=3.84, Fitness_actual=141.8, Mejor=166.7
2025-10-20 23:17:34,945 - WARNING - ⚠️  DEGRADACIÓN DETECTADA en iter 31250:
2025-10-20 23:17:34,945 - WARNING -    Mejor fitness: 166.7
2025-10-20 23:17:34,945 - WARNING -    Fitness promedio reciente: 136.1
2025-10-20 23:17:34,946 - WARNING -    Degradación: 30.6
2025-10-20 23:17:34,946 - WARNING -    🔄 RESTAURANDO mejor solución...
2025-10-20 23:17:36,170 - INFO - Iter 31264: Aceptada solución con delta=-17.1 (T=3.83)
2025-10-20 23:17:36,192 - INFO -   📊 Desglose del cambio:
2025-10-20 23:17:36,193 - INFO -      Puntos: -456 → 17544 total
2025-10-20 23:17:36,193 - INFO -      Tiempo: -13.9min → 14450.3min total
2025-10-20 23:17:36,193 - INFO -      Distancia: +2.2km → 132.9km total
2025-10-20 23:17:39,183 - DEBUG - Iter 31300: T=3.83, Fitness_actual=132.7, Mejor=166.7
2025-10-20 23:17:43,340 - WARNING - ⚠️  DEGRADACIÓN DETECTADA en iter 31350:
2025-10-20 23:17:43,340 - WARNING -    Mejor fitness: 166.7
2025-10-20 23:17:43,341 - WARNING -    Fitness promedio reciente: 130.9
2025-10-20 23:17:43,341 - WARNING -    Degradación: 35.9
2025-10-20 23:17:43,341 - WARNING -    🔄 RESTAURANDO mejor solución...
2025-10-20 23:17:43,608 - INFO - 🌟 MEJORA #98 en iter 31353: Fitness=166.8 (+0.0), Puntos=18027
2025-10-20 23:17:43,857 - INFO - 🌟 MEJORA #99 en iter 31356: Fitness=166.8 (+0.0), Puntos=18027
2025-10-20 23:17:43,942 - INFO - 🌟 MEJORA #100 en iter 31357: Fitness=166.8 (+0.0), Puntos=18027
2025-10-20 23:17:43,942 - INFO -   ✨ Mejora #100 en iteración 31358: Fitness = 166.8 | Puntos = 18027 | T = 3.82
2025-10-20 23:17:44,030 - INFO - 🌟 MEJORA #101 en iter 31358: Fitness=166.8 (+0.0), Puntos=18027
2025-10-20 23:17:47,765 - DEBUG - Iter 31400: T=3.81, Fitness_actual=151.8, Mejor=166.8
2025-10-20 23:17:56,887 - INFO -   Iter 31500 | Tiempo:   39.4min (32.8%) | T =     3.80 | Fitness =    127.3 | Mejor =    166.8 | Aceptación =  86.2%
2025-10-20 23:17:56,888 - INFO - Progreso iter 31500: T=3.80, Fitness=127.3, Mejor=166.8, Tasa_acept=86.2%
2025-10-20 23:17:56,888 - WARNING - ⚠️  DEGRADACIÓN DETECTADA en iter 31500:
2025-10-20 23:17:56,888 - WARNING -    Mejor fitness: 166.8
2025-10-20 23:17:56,889 - WARNING -    Fitness promedio reciente: 137.5
2025-10-20 23:17:56,889 - WARNING -    Degradación: 29.3
2025-10-20 23:17:56,889 - WARNING -    🔄 RESTAURANDO mejor solución...
2025-10-20 23:17:56,891 - DEBUG - Iter 31500: T=3.80, Fitness_actual=166.8, Mejor=166.8
2025-10-20 23:17:56,891 - INFO - 🌟 MEJORA #102 en iter 31500: Fitness=166.8 (+0.0), Puntos=18027
2025-10-20 23:18:05,986 - DEBUG - Iter 31600: T=3.79, Fitness_actual=140.4, Mejor=166.8
2025-10-20 23:18:10,456 - WARNING - ⚠️  DEGRADACIÓN DETECTADA en iter 31650:
2025-10-20 23:18:10,457 - WARNING -    Mejor fitness: 166.8
2025-10-20 23:18:10,457 - WARNING -    Fitness promedio reciente: 124.0
2025-10-20 23:18:10,458 - WARNING -    Degradación: 42.8
2025-10-20 23:18:10,458 - WARNING -    🔄 RESTAURANDO mejor solución...
2025-10-20 23:18:10,553 - INFO - 🌟 MEJORA #103 en iter 31651: Fitness=166.8 (+0.0), Puntos=18027
2025-10-20 23:18:14,921 - DEBUG - Iter 31700: T=3.77, Fitness_actual=146.3, Mejor=166.8
2025-10-20 23:18:25,299 - WARNING - ⚠️  DEGRADACIÓN DETECTADA en iter 31800:
2025-10-20 23:18:25,300 - WARNING -    Mejor fitness: 166.8
2025-10-20 23:18:25,300 - WARNING -    Fitness promedio reciente: 139.5
2025-10-20 23:18:25,300 - WARNING -    Degradación: 27.2
2025-10-20 23:18:25,301 - WARNING -    🔄 RESTAURANDO mejor solución...
2025-10-20 23:18:25,302 - DEBUG - Iter 31800: T=3.76, Fitness_actual=166.8, Mejor=166.8
2025-10-20 23:18:34,249 - WARNING - ⚠️  DEGRADACIÓN DETECTADA en iter 31900:
2025-10-20 23:18:34,249 - WARNING -    Mejor fitness: 166.8
2025-10-20 23:18:34,249 - WARNING -    Fitness promedio reciente: 144.4
2025-10-20 23:18:34,250 - WARNING -    Degradación: 22.3
2025-10-20 23:18:34,250 - WARNING -    🔄 RESTAURANDO mejor solución...
2025-10-20 23:18:34,251 - DEBUG - Iter 31900: T=3.74, Fitness_actual=166.8, Mejor=166.8
2025-10-20 23:18:34,687 - INFO - Iter 31905: Aceptada solución con delta=-10.5 (T=3.74)
2025-10-20 23:18:34,688 - INFO -   📊 Desglose del cambio:
2025-10-20 23:18:34,688 - INFO -      Puntos: +0 → 17946 total
2025-10-20 23:18:34,689 - INFO -      Tiempo: -150.0min → 14305.5min total
2025-10-20 23:18:34,689 - INFO -      Distancia: -0.0km → 127.5km total
2025-10-20 23:18:43,185 - INFO -   Iter 32000 | Tiempo:   40.1min (33.5%) | T =     3.73 | Fitness =    142.6 | Mejor =    166.8 | Aceptación =  86.2%
2025-10-20 23:18:43,186 - INFO - Progreso iter 32000: T=3.73, Fitness=142.6, Mejor=166.8, Tasa_acept=86.2%
2025-10-20 23:18:43,186 - WARNING - ⚠️  DEGRADACIÓN DETECTADA en iter 32000:
2025-10-20 23:18:43,187 - WARNING -    Mejor fitness: 166.8
2025-10-20 23:18:43,187 - WARNING -    Fitness promedio reciente: 143.0
2025-10-20 23:18:43,187 - WARNING -    Degradación: 23.8
2025-10-20 23:18:43,188 - WARNING -    🔄 RESTAURANDO mejor solución...
2025-10-20 23:18:43,189 - DEBUG - Iter 32000: T=3.73, Fitness_actual=166.8, Mejor=166.8
2025-10-20 23:18:44,761 - WARNING - ================================================================================
2025-10-20 23:18:44,761 - WARNING - ⚠️  SALTO ANORMAL DETECTADO en iteración 32018
2025-10-20 23:18:44,761 - WARNING -    Fitness actual: 164.0
2025-10-20 23:18:44,762 - WARNING -    Fitness vecino: 142.5
2025-10-20 23:18:44,762 - WARNING -    Delta: -21.5
2025-10-20 23:18:44,763 - WARNING -    Temperatura: 3.73
2025-10-20 23:18:44,763 - WARNING -    Tipo perturbación aplicada: (ver generar_vecino)
2025-10-20 23:18:44,763 - WARNING -    Vecino - Puntos: 17936, Tiempo: 14973.0min, Distancia: 116.1km
2025-10-20 23:18:44,764 - WARNING -    Actual - Puntos: 18005, Tiempo: 14516.8min, Distancia: 122.6km
2025-10-20 23:18:44,764 - WARNING -    Validez restricciones - Vecino: False, Actual: True
2025-10-20 23:18:44,764 - WARNING - ================================================================================
2025-10-20 23:18:44,764 - WARNING - ⚠️  SALTO ANORMAL DETECTADO en iteración 32018
2025-10-20 23:18:44,765 - WARNING -    Fitness: 164.0 → 142.5 (Δ=-21.5)
2025-10-20 23:18:44,765 - WARNING -    Ver detalles en archivo de log
2025-10-20 23:18:45,826 - WARNING - ================================================================================
2025-10-20 23:18:45,826 - WARNING - ⚠️  SALTO ANORMAL DETECTADO en iteración 32030
2025-10-20 23:18:45,826 - WARNING -    Fitness actual: 160.8
2025-10-20 23:18:45,827 - WARNING -    Fitness vecino: 140.5
2025-10-20 23:18:45,827 - WARNING -    Delta: -20.3
2025-10-20 23:18:45,827 - WARNING -    Temperatura: 3.72
2025-10-20 23:18:45,828 - WARNING -    Tipo perturbación aplicada: (ver generar_vecino)
2025-10-20 23:18:45,828 - WARNING -    Vecino - Puntos: 17785, Tiempo: 14771.5min, Distancia: 126.0km
2025-10-20 23:18:45,828 - WARNING -    Actual - Puntos: 17906, Tiempo: 14687.0min, Distancia: 128.5km
2025-10-20 23:18:45,829 - WARNING -    Validez restricciones - Vecino: False, Actual: True
2025-10-20 23:18:45,829 - WARNING - ================================================================================
2025-10-20 23:18:45,829 - WARNING - ⚠️  SALTO ANORMAL DETECTADO en iteración 32030
2025-10-20 23:18:45,829 - WARNING -    Fitness: 160.8 → 140.5 (Δ=-20.3)
2025-10-20 23:18:45,830 - WARNING -    Ver detalles en archivo de log
2025-10-20 23:18:49,767 - WARNING - ================================================================================
2025-10-20 23:18:49,767 - WARNING - ⚠️  SALTO ANORMAL DETECTADO en iteración 32075
2025-10-20 23:18:49,767 - WARNING -    Fitness actual: 153.5
2025-10-20 23:18:49,768 - WARNING -    Fitness vecino: 131.7
2025-10-20 23:18:49,768 - WARNING -    Delta: -21.8
2025-10-20 23:18:49,768 - WARNING -    Temperatura: 3.72
2025-10-20 23:18:49,769 - WARNING -    Tipo perturbación aplicada: (ver generar_vecino)
2025-10-20 23:18:49,769 - WARNING -    Vecino - Puntos: 18025, Tiempo: 15987.2min, Distancia: 148.5km
2025-10-20 23:18:49,769 - WARNING -    Actual - Puntos: 17861, Tiempo: 14631.1min, Distancia: 125.1km
2025-10-20 23:18:49,770 - WARNING -    Validez restricciones - Vecino: True, Actual: True
2025-10-20 23:18:49,770 - WARNING - ================================================================================
2025-10-20 23:18:49,770 - WARNING - ⚠️  SALTO ANORMAL DETECTADO en iteración 32075
2025-10-20 23:18:49,770 - WARNING -    Fitness: 153.5 → 131.7 (Δ=-21.8)
2025-10-20 23:18:49,775 - WARNING -    Ver detalles en archivo de log
2025-10-20 23:18:52,898 - DEBUG - Iter 32100: T=3.71, Fitness_actual=151.5, Mejor=166.8
2025-10-20 23:19:02,274 - WARNING - ⚠️  DEGRADACIÓN DETECTADA en iter 32200:
2025-10-20 23:19:02,274 - WARNING -    Mejor fitness: 166.8
2025-10-20 23:19:02,274 - WARNING -    Fitness promedio reciente: 143.6
2025-10-20 23:19:02,275 - WARNING -    Degradación: 23.1
2025-10-20 23:19:02,275 - WARNING -    🔄 RESTAURANDO mejor solución...
2025-10-20 23:19:02,277 - DEBUG - Iter 32200: T=3.70, Fitness_actual=166.8, Mejor=166.8
2025-10-20 23:19:02,375 - WARNING - ================================================================================
2025-10-20 23:19:02,375 - WARNING - ⚠️  SALTO ANORMAL DETECTADO en iteración 32201
2025-10-20 23:19:02,376 - WARNING -    Fitness actual: 165.8
2025-10-20 23:19:02,376 - WARNING -    Fitness vecino: 145.6
2025-10-20 23:19:02,376 - WARNING -    Delta: -20.1
2025-10-20 23:19:02,376 - WARNING -    Temperatura: 3.70
2025-10-20 23:19:02,377 - WARNING -    Tipo perturbación aplicada: (ver generar_vecino)
2025-10-20 23:19:02,377 - WARNING -    Vecino - Puntos: 17950, Tiempo: 14943.1min, Distancia: 121.9km
2025-10-20 23:19:02,377 - WARNING -    Actual - Puntos: 18029, Tiempo: 14371.0min, Distancia: 119.3km
2025-10-20 23:19:02,377 - WARNING -    Validez restricciones - Vecino: False, Actual: True
2025-10-20 23:19:02,378 - WARNING - ================================================================================
2025-10-20 23:19:02,378 - WARNING - ⚠️  SALTO ANORMAL DETECTADO en iteración 32201
2025-10-20 23:19:02,378 - WARNING -    Fitness: 165.8 → 145.6 (Δ=-20.1)
2025-10-20 23:19:02,378 - WARNING -    Ver detalles en archivo de log
2025-10-20 23:19:11,234 - WARNING - ⚠️  DEGRADACIÓN DETECTADA en iter 32300:
2025-10-20 23:19:11,235 - WARNING -    Mejor fitness: 166.8
2025-10-20 23:19:11,235 - WARNING -    Fitness promedio reciente: 142.3
2025-10-20 23:19:11,236 - WARNING -    Degradación: 24.5
2025-10-20 23:19:11,236 - WARNING -    🔄 RESTAURANDO mejor solución...
2025-10-20 23:19:11,237 - DEBUG - Iter 32300: T=3.69, Fitness_actual=166.8, Mejor=166.8
2025-10-20 23:19:11,329 - INFO - 🌟 MEJORA #104 en iter 32301: Fitness=166.8 (+0.0), Puntos=18027
2025-10-20 23:19:20,028 - DEBUG - Iter 32400: T=3.67, Fitness_actual=140.1, Mejor=166.8
2025-10-20 23:19:25,577 - WARNING - ⚠️  DEGRADACIÓN DETECTADA en iter 32450:
2025-10-20 23:19:25,578 - WARNING -    Mejor fitness: 166.8
2025-10-20 23:19:25,578 - WARNING -    Fitness promedio reciente: 139.1
2025-10-20 23:19:25,579 - WARNING -    Degradación: 27.7
2025-10-20 23:19:25,579 - WARNING -    🔄 RESTAURANDO mejor solución...
2025-10-20 23:19:27,286 - WARNING - ================================================================================
2025-10-20 23:19:27,286 - WARNING - ⚠️  SALTO ANORMAL DETECTADO en iteración 32469
2025-10-20 23:19:27,287 - WARNING -    Fitness actual: 163.3
2025-10-20 23:19:27,287 - WARNING -    Fitness vecino: 142.5
2025-10-20 23:19:27,287 - WARNING -    Delta: -20.8
2025-10-20 23:19:27,288 - WARNING -    Temperatura: 3.66
2025-10-20 23:19:27,288 - WARNING -    Tipo perturbación aplicada: (ver generar_vecino)
2025-10-20 23:19:27,288 - WARNING -    Vecino - Puntos: 18049, Tiempo: 15661.3min, Distancia: 198.4km
2025-10-20 23:19:27,289 - WARNING -    Actual - Puntos: 18042, Tiempo: 14429.7min, Distancia: 121.6km
2025-10-20 23:19:27,289 - WARNING -    Validez restricciones - Vecino: True, Actual: True
2025-10-20 23:19:27,289 - WARNING - ================================================================================
2025-10-20 23:19:27,289 - WARNING - ⚠️  SALTO ANORMAL DETECTADO en iteración 32469
2025-10-20 23:19:27,290 - WARNING -    Fitness: 163.3 → 142.5 (Δ=-20.8)
2025-10-20 23:19:27,290 - WARNING -    Ver detalles en archivo de log
2025-10-20 23:19:30,031 - INFO -   Iter 32500 | Tiempo:   40.9min (34.1%) | T =     3.66 | Fitness =    150.1 | Mejor =    166.8 | Aceptación =  86.2%
2025-10-20 23:19:30,032 - INFO - Progreso iter 32500: T=3.66, Fitness=150.1, Mejor=166.8, Tasa_acept=86.2%
2025-10-20 23:19:30,033 - DEBUG - Iter 32500: T=3.66, Fitness_actual=150.1, Mejor=166.8
2025-10-20 23:19:34,531 - WARNING - ⚠️  DEGRADACIÓN DETECTADA en iter 32550:
2025-10-20 23:19:34,532 - WARNING -    Mejor fitness: 166.8
2025-10-20 23:19:34,532 - WARNING -    Fitness promedio reciente: 141.1
2025-10-20 23:19:34,533 - WARNING -    Degradación: 25.7
2025-10-20 23:19:34,533 - WARNING -    🔄 RESTAURANDO mejor solución...
2025-10-20 23:19:38,960 - DEBUG - Iter 32600: T=3.65, Fitness_actual=147.9, Mejor=166.8
2025-10-20 23:19:43,524 - WARNING - ⚠️  DEGRADACIÓN DETECTADA en iter 32650:
2025-10-20 23:19:43,524 - WARNING -    Mejor fitness: 166.8
2025-10-20 23:19:43,525 - WARNING -    Fitness promedio reciente: 146.1
2025-10-20 23:19:43,525 - WARNING -    Degradación: 20.7
2025-10-20 23:19:43,525 - WARNING -    🔄 RESTAURANDO mejor solución...
2025-10-20 23:19:47,957 - DEBUG - Iter 32700: T=3.63, Fitness_actual=156.5, Mejor=166.8
2025-10-20 23:19:52,961 - INFO - Iter 32747: Aceptada solución con delta=-10.9 (T=3.62)
2025-10-20 23:19:53,009 - INFO -   📊 Desglose del cambio:
2025-10-20 23:19:53,029 - INFO -      Puntos: -927 → 17033 total
2025-10-20 23:19:53,032 - INFO -      Tiempo: -893.2min → 13430.0min total
2025-10-20 23:19:53,033 - INFO -      Distancia: -6.9km → 116.3km total
2025-10-20 23:19:58,092 - WARNING - ⚠️  DEGRADACIÓN DETECTADA en iter 32800:
2025-10-20 23:19:58,092 - WARNING -    Mejor fitness: 166.8
2025-10-20 23:19:58,093 - WARNING -    Fitness promedio reciente: 134.3
2025-10-20 23:19:58,093 - WARNING -    Degradación: 32.4
2025-10-20 23:19:58,093 - WARNING -    🔄 RESTAURANDO mejor solución...
2025-10-20 23:19:58,096 - DEBUG - Iter 32800: T=3.62, Fitness_actual=166.8, Mejor=166.8
2025-10-20 23:20:07,073 - WARNING - ⚠️  DEGRADACIÓN DETECTADA en iter 32900:
2025-10-20 23:20:07,074 - WARNING -    Mejor fitness: 166.8
2025-10-20 23:20:07,074 - WARNING -    Fitness promedio reciente: 144.3
2025-10-20 23:20:07,075 - WARNING -    Degradación: 22.5
2025-10-20 23:20:07,075 - WARNING -    🔄 RESTAURANDO mejor solución...
2025-10-20 23:20:07,076 - DEBUG - Iter 32900: T=3.60, Fitness_actual=166.8, Mejor=166.8
2025-10-20 23:20:16,138 - INFO -   Iter 33000 | Tiempo:   41.7min (34.7%) | T =     3.59 | Fitness =    133.1 | Mejor =    166.8 | Aceptación =  86.2%
2025-10-20 23:20:16,139 - INFO - Progreso iter 33000: T=3.59, Fitness=133.1, Mejor=166.8, Tasa_acept=86.2%
2025-10-20 23:20:16,139 - WARNING - ⚠️  DEGRADACIÓN DETECTADA en iter 33000:
2025-10-20 23:20:16,140 - WARNING -    Mejor fitness: 166.8
2025-10-20 23:20:16,140 - WARNING -    Fitness promedio reciente: 144.0
2025-10-20 23:20:16,140 - WARNING -    Degradación: 22.8
2025-10-20 23:20:16,141 - WARNING -    🔄 RESTAURANDO mejor solución...
2025-10-20 23:20:16,142 - DEBUG - Iter 33000: T=3.59, Fitness_actual=166.8, Mejor=166.8
2025-10-20 23:20:26,056 - WARNING - ⚠️  DEGRADACIÓN DETECTADA en iter 33100:
2025-10-20 23:20:26,057 - WARNING -    Mejor fitness: 166.8
2025-10-20 23:20:26,057 - WARNING -    Fitness promedio reciente: 145.2
2025-10-20 23:20:26,058 - WARNING -    Degradación: 21.5
2025-10-20 23:20:26,058 - WARNING -    🔄 RESTAURANDO mejor solución...
2025-10-20 23:20:26,061 - DEBUG - Iter 33100: T=3.58, Fitness_actual=166.8, Mejor=166.8
2025-10-20 23:20:35,103 - WARNING - ⚠️  DEGRADACIÓN DETECTADA en iter 33200:
2025-10-20 23:20:35,104 - WARNING -    Mejor fitness: 166.8
2025-10-20 23:20:35,104 - WARNING -    Fitness promedio reciente: 136.2
2025-10-20 23:20:35,105 - WARNING -    Degradación: 30.5
2025-10-20 23:20:35,105 - WARNING -    🔄 RESTAURANDO mejor solución...
2025-10-20 23:20:35,106 - DEBUG - Iter 33200: T=3.56, Fitness_actual=166.8, Mejor=166.8
2025-10-20 23:20:44,222 - DEBUG - Iter 33300: T=3.55, Fitness_actual=146.6, Mejor=166.8
2025-10-20 23:20:48,767 - WARNING - ⚠️  DEGRADACIÓN DETECTADA en iter 33350:
2025-10-20 23:20:48,768 - WARNING -    Mejor fitness: 166.8
2025-10-20 23:20:48,768 - WARNING -    Fitness promedio reciente: 144.3
2025-10-20 23:20:48,768 - WARNING -    Degradación: 22.5
2025-10-20 23:20:48,768 - WARNING -    🔄 RESTAURANDO mejor solución...
2025-10-20 23:20:54,270 - DEBUG - Iter 33400: T=3.54, Fitness_actual=145.0, Mejor=166.8
2025-10-20 23:20:59,065 - WARNING - ⚠️  DEGRADACIÓN DETECTADA en iter 33450:
2025-10-20 23:20:59,066 - WARNING -    Mejor fitness: 166.8
2025-10-20 23:20:59,066 - WARNING -    Fitness promedio reciente: 139.9
2025-10-20 23:20:59,067 - WARNING -    Degradación: 26.9
2025-10-20 23:20:59,067 - WARNING -    🔄 RESTAURANDO mejor solución...
2025-10-20 23:21:03,761 - INFO -   Iter 33500 | Tiempo:   42.5min (35.4%) | T =     3.52 | Fitness =    149.7 | Mejor =    166.8 | Aceptación =  86.2%
2025-10-20 23:21:03,762 - INFO - Progreso iter 33500: T=3.52, Fitness=149.7, Mejor=166.8, Tasa_acept=86.2%
2025-10-20 23:21:03,764 - DEBUG - Iter 33500: T=3.52, Fitness_actual=149.7, Mejor=166.8
2025-10-20 23:21:13,115 - WARNING - ⚠️  DEGRADACIÓN DETECTADA en iter 33600:
2025-10-20 23:21:13,116 - WARNING -    Mejor fitness: 166.8
2025-10-20 23:21:13,116 - WARNING -    Fitness promedio reciente: 140.3
2025-10-20 23:21:13,117 - WARNING -    Degradación: 26.4
2025-10-20 23:21:13,117 - WARNING -    🔄 RESTAURANDO mejor solución...
2025-10-20 23:21:13,118 - DEBUG - Iter 33600: T=3.51, Fitness_actual=166.8, Mejor=166.8
2025-10-20 23:21:13,118 - INFO - 🌟 MEJORA #105 en iter 33600: Fitness=166.8 (+0.0), Puntos=18027
2025-10-20 23:21:13,118 - INFO -   ✨ Mejora #105 en iteración 33601: Fitness = 166.8 | Puntos = 18027 | T = 3.51
2025-10-20 23:21:22,297 - DEBUG - Iter 33700: T=3.50, Fitness_actual=136.4, Mejor=166.8
2025-10-20 23:21:27,893 - WARNING - ⚠️  DEGRADACIÓN DETECTADA en iter 33750:
2025-10-20 23:21:27,894 - WARNING -    Mejor fitness: 166.8
2025-10-20 23:21:27,894 - WARNING -    Fitness promedio reciente: 136.3
2025-10-20 23:21:27,894 - WARNING -    Degradación: 30.5
2025-10-20 23:21:27,895 - WARNING -    🔄 RESTAURANDO mejor solución...
2025-10-20 23:21:31,941 - WARNING - ================================================================================
2025-10-20 23:21:31,942 - WARNING - ⚠️  SALTO ANORMAL DETECTADO en iteración 33792
2025-10-20 23:21:31,942 - WARNING -    Fitness actual: 151.0
2025-10-20 23:21:31,942 - WARNING -    Fitness vecino: 114.6
2025-10-20 23:21:31,943 - WARNING -    Delta: -36.4
2025-10-20 23:21:31,943 - WARNING -    Temperatura: 3.48
2025-10-20 23:21:31,943 - WARNING -    Tipo perturbación aplicada: (ver generar_vecino)
2025-10-20 23:21:31,943 - WARNING -    Vecino - Puntos: 17369, Tiempo: 16461.8min, Distancia: 266.0km
2025-10-20 23:21:31,944 - WARNING -    Actual - Puntos: 17690, Tiempo: 14950.3min, Distancia: 146.3km
2025-10-20 23:21:31,944 - WARNING -    Validez restricciones - Vecino: True, Actual: True
2025-10-20 23:21:31,944 - WARNING - ================================================================================
2025-10-20 23:21:31,945 - WARNING - ⚠️  SALTO ANORMAL DETECTADO en iteración 33792
2025-10-20 23:21:31,945 - WARNING -    Fitness: 151.0 → 114.6 (Δ=-36.4)
2025-10-20 23:21:31,945 - WARNING -    Ver detalles en archivo de log
2025-10-20 23:21:32,687 - DEBUG - Iter 33800: T=3.48, Fitness_actual=151.2, Mejor=166.8
2025-10-20 23:21:37,376 - WARNING - ⚠️  DEGRADACIÓN DETECTADA en iter 33850:
2025-10-20 23:21:37,376 - WARNING -    Mejor fitness: 166.8
2025-10-20 23:21:37,377 - WARNING -    Fitness promedio reciente: 144.0
2025-10-20 23:21:37,377 - WARNING -    Degradación: 22.7
2025-10-20 23:21:37,377 - WARNING -    🔄 RESTAURANDO mejor solución...
2025-10-20 23:21:42,071 - DEBUG - Iter 33900: T=3.47, Fitness_actual=150.5, Mejor=166.8
2025-10-20 23:21:46,060 - WARNING - ================================================================================
2025-10-20 23:21:46,060 - WARNING - ⚠️  SALTO ANORMAL DETECTADO en iteración 33938
2025-10-20 23:21:46,061 - WARNING -    Fitness actual: 147.0
2025-10-20 23:21:46,061 - WARNING -    Fitness vecino: 117.8
2025-10-20 23:21:46,062 - WARNING -    Delta: -29.2
2025-10-20 23:21:46,062 - WARNING -    Temperatura: 3.46
2025-10-20 23:21:46,062 - WARNING -    Tipo perturbación aplicada: (ver generar_vecino)
2025-10-20 23:21:46,063 - WARNING -    Vecino - Puntos: 18010, Tiempo: 16009.0min, Distancia: 258.7km
2025-10-20 23:21:46,063 - WARNING -    Actual - Puntos: 17957, Tiempo: 14378.6min, Distancia: 132.4km
2025-10-20 23:21:46,064 - WARNING -    Validez restricciones - Vecino: True, Actual: True
2025-10-20 23:21:46,064 - WARNING - ================================================================================
2025-10-20 23:21:46,064 - WARNING - ⚠️  SALTO ANORMAL DETECTADO en iteración 33938
2025-10-20 23:21:46,065 - WARNING -    Fitness: 147.0 → 117.8 (Δ=-29.2)
2025-10-20 23:21:46,065 - WARNING -    Ver detalles en archivo de log
2025-10-20 23:21:51,688 - INFO -   Iter 34000 | Tiempo:   43.3min (36.1%) | T =     3.45 | Fitness =    127.2 | Mejor =    166.8 | Aceptación =  86.2%
2025-10-20 23:21:51,688 - INFO - Progreso iter 34000: T=3.45, Fitness=127.2, Mejor=166.8, Tasa_acept=86.2%
2025-10-20 23:21:51,689 - WARNING - ⚠️  DEGRADACIÓN DETECTADA en iter 34000:
2025-10-20 23:21:51,689 - WARNING -    Mejor fitness: 166.8
2025-10-20 23:21:51,689 - WARNING -    Fitness promedio reciente: 134.8
2025-10-20 23:21:51,690 - WARNING -    Degradación: 32.0
2025-10-20 23:21:51,690 - WARNING -    🔄 RESTAURANDO mejor solución...
2025-10-20 23:21:51,691 - DEBUG - Iter 34000: T=3.45, Fitness_actual=166.8, Mejor=166.8
2025-10-20 23:21:52,697 - INFO - 🌟 MEJORA #106 en iter 34011: Fitness=166.8 (+0.1), Puntos=18035
2025-10-20 23:21:54,048 - INFO - 🌟 MEJORA #107 en iter 34021: Fitness=166.9 (+0.0), Puntos=18034
2025-10-20 23:22:02,355 - DEBUG - Iter 34100: T=3.44, Fitness_actual=148.5, Mejor=166.9
2025-10-20 23:22:06,749 - WARNING - ⚠️  DEGRADACIÓN DETECTADA en iter 34150:
2025-10-20 23:22:06,749 - WARNING -    Mejor fitness: 166.9
2025-10-20 23:22:06,750 - WARNING -    Fitness promedio reciente: 143.8
2025-10-20 23:22:06,750 - WARNING -    Degradación: 23.0
2025-10-20 23:22:06,751 - WARNING -    🔄 RESTAURANDO mejor solución...
2025-10-20 23:22:11,196 - DEBUG - Iter 34200: T=3.43, Fitness_actual=149.1, Mejor=166.9
2025-10-20 23:22:20,294 - WARNING - ⚠️  DEGRADACIÓN DETECTADA en iter 34300:
2025-10-20 23:22:20,295 - WARNING -    Mejor fitness: 166.9
2025-10-20 23:22:20,295 - WARNING -    Fitness promedio reciente: 144.5
2025-10-20 23:22:20,295 - WARNING -    Degradación: 22.4
2025-10-20 23:22:20,296 - WARNING -    🔄 RESTAURANDO mejor solución...
2025-10-20 23:22:20,297 - DEBUG - Iter 34300: T=3.41, Fitness_actual=166.9, Mejor=166.9
2025-10-20 23:22:20,297 - INFO - 🌟 MEJORA #108 en iter 34300: Fitness=166.9 (+0.0), Puntos=18034
2025-10-20 23:22:20,492 - INFO - 🌟 MEJORA #109 en iter 34302: Fitness=166.9 (+0.0), Puntos=18034
2025-10-20 23:22:30,507 - DEBUG - Iter 34400: T=3.40, Fitness_actual=151.6, Mejor=166.9
2025-10-20 23:22:39,968 - INFO -   Iter 34500 | Tiempo:   44.1min (36.7%) | T =     3.39 | Fitness =    147.6 | Mejor =    166.9 | Aceptación =  86.1%
2025-10-20 23:22:39,968 - INFO - Progreso iter 34500: T=3.39, Fitness=147.6, Mejor=166.9, Tasa_acept=86.1%
2025-10-20 23:22:39,971 - DEBUG - Iter 34500: T=3.39, Fitness_actual=147.6, Mejor=166.9
2025-10-20 23:22:44,457 - WARNING - ⚠️  DEGRADACIÓN DETECTADA en iter 34550:
2025-10-20 23:22:44,457 - WARNING -    Mejor fitness: 166.9
2025-10-20 23:22:44,458 - WARNING -    Fitness promedio reciente: 145.1
2025-10-20 23:22:44,458 - WARNING -    Degradación: 21.8
2025-10-20 23:22:44,458 - WARNING -    🔄 RESTAURANDO mejor solución...
2025-10-20 23:22:44,460 - INFO - 🌟 MEJORA #110 en iter 34550: Fitness=166.9 (+0.0), Puntos=18038
2025-10-20 23:22:44,460 - INFO -   ✨ Mejora #110 en iteración 34551: Fitness = 166.9 | Puntos = 18038 | T = 3.38
2025-10-20 23:22:48,880 - DEBUG - Iter 34600: T=3.38, Fitness_actual=151.2, Mejor=166.9
2025-10-20 23:22:58,510 - WARNING - ⚠️  DEGRADACIÓN DETECTADA en iter 34700:
2025-10-20 23:22:58,510 - WARNING -    Mejor fitness: 166.9
2025-10-20 23:22:58,510 - WARNING -    Fitness promedio reciente: 138.3
2025-10-20 23:22:58,511 - WARNING -    Degradación: 28.5
2025-10-20 23:22:58,511 - WARNING -    🔄 RESTAURANDO mejor solución...
2025-10-20 23:22:58,512 - DEBUG - Iter 34700: T=3.36, Fitness_actual=166.9, Mejor=166.9
2025-10-20 23:23:07,497 - WARNING - ⚠️  DEGRADACIÓN DETECTADA en iter 34800:
2025-10-20 23:23:07,497 - WARNING -    Mejor fitness: 166.9
2025-10-20 23:23:07,497 - WARNING -    Fitness promedio reciente: 140.0
2025-10-20 23:23:07,498 - WARNING -    Degradación: 26.9
2025-10-20 23:23:07,498 - WARNING -    🔄 RESTAURANDO mejor solución...
2025-10-20 23:23:07,499 - DEBUG - Iter 34800: T=3.35, Fitness_actual=166.9, Mejor=166.9
2025-10-20 23:23:16,875 - WARNING - ⚠️  DEGRADACIÓN DETECTADA en iter 34900:
2025-10-20 23:23:16,875 - WARNING -    Mejor fitness: 166.9
2025-10-20 23:23:16,876 - WARNING -    Fitness promedio reciente: 144.8
2025-10-20 23:23:16,876 - WARNING -    Degradación: 22.1
2025-10-20 23:23:16,876 - WARNING -    🔄 RESTAURANDO mejor solución...
2025-10-20 23:23:16,877 - DEBUG - Iter 34900: T=3.34, Fitness_actual=166.9, Mejor=166.9
2025-10-20 23:23:26,094 - INFO -   Iter 35000 | Tiempo:   44.9min (37.4%) | T =     3.33 | Fitness =    142.5 | Mejor =    166.9 | Aceptación =  86.1%
2025-10-20 23:23:26,094 - INFO - Progreso iter 35000: T=3.33, Fitness=142.5, Mejor=166.9, Tasa_acept=86.1%
2025-10-20 23:23:26,097 - DEBUG - Iter 35000: T=3.33, Fitness_actual=142.5, Mejor=166.9
2025-10-20 23:23:30,652 - WARNING - ⚠️  DEGRADACIÓN DETECTADA en iter 35050:
2025-10-20 23:23:30,653 - WARNING -    Mejor fitness: 166.9
2025-10-20 23:23:30,653 - WARNING -    Fitness promedio reciente: 138.2
2025-10-20 23:23:30,654 - WARNING -    Degradación: 28.7
2025-10-20 23:23:30,654 - WARNING -    🔄 RESTAURANDO mejor solución...
2025-10-20 23:23:35,063 - DEBUG - Iter 35100: T=3.31, Fitness_actual=153.4, Mejor=166.9
2025-10-20 23:23:44,167 - WARNING - ⚠️  DEGRADACIÓN DETECTADA en iter 35200:
2025-10-20 23:23:44,167 - WARNING -    Mejor fitness: 166.9
2025-10-20 23:23:44,168 - WARNING -    Fitness promedio reciente: 142.8
2025-10-20 23:23:44,168 - WARNING -    Degradación: 24.1
2025-10-20 23:23:44,168 - WARNING -    🔄 RESTAURANDO mejor solución...
2025-10-20 23:23:44,172 - DEBUG - Iter 35200: T=3.30, Fitness_actual=166.9, Mejor=166.9
2025-10-20 23:23:44,267 - INFO - 🌟 MEJORA #111 en iter 35201: Fitness=166.9 (+0.0), Puntos=18038
2025-10-20 23:23:49,329 - WARNING - ================================================================================
2025-10-20 23:23:49,330 - WARNING - ⚠️  SALTO ANORMAL DETECTADO en iteración 35256
2025-10-20 23:23:49,330 - WARNING -    Fitness actual: 149.5
2025-10-20 23:23:49,331 - WARNING -    Fitness vecino: 110.6
2025-10-20 23:23:49,331 - WARNING -    Delta: -38.9
2025-10-20 23:23:49,331 - WARNING -    Temperatura: 3.29
2025-10-20 23:23:49,332 - WARNING -    Tipo perturbación aplicada: (ver generar_vecino)
2025-10-20 23:23:49,332 - WARNING -    Vecino - Puntos: 18099, Tiempo: 16634.5min, Distancia: 288.7km
2025-10-20 23:23:49,332 - WARNING -    Actual - Puntos: 18065, Tiempo: 14346.0min, Distancia: 128.8km
2025-10-20 23:23:49,333 - WARNING -    Validez restricciones - Vecino: True, Actual: True
2025-10-20 23:23:49,333 - WARNING - ================================================================================
2025-10-20 23:23:49,333 - WARNING - ⚠️  SALTO ANORMAL DETECTADO en iteración 35256
2025-10-20 23:23:49,333 - WARNING -    Fitness: 149.5 → 110.6 (Δ=-38.9)
2025-10-20 23:23:49,334 - WARNING -    Ver detalles en archivo de log
2025-10-20 23:23:53,428 - DEBUG - Iter 35300: T=3.29, Fitness_actual=147.0, Mejor=166.9
2025-10-20 23:23:58,555 - WARNING - ⚠️  DEGRADACIÓN DETECTADA en iter 35350:
2025-10-20 23:23:58,556 - WARNING -    Mejor fitness: 166.9
2025-10-20 23:23:58,556 - WARNING -    Fitness promedio reciente: 144.9
2025-10-20 23:23:58,557 - WARNING -    Degradación: 22.0
2025-10-20 23:23:58,557 - WARNING -    🔄 RESTAURANDO mejor solución...
2025-10-20 23:24:03,464 - DEBUG - Iter 35400: T=3.28, Fitness_actual=152.6, Mejor=166.9
2025-10-20 23:24:12,815 - INFO -   Iter 35500 | Tiempo:   45.6min (38.0%) | T =     3.26 | Fitness =    146.8 | Mejor =    166.9 | Aceptación =  86.1%
2025-10-20 23:24:12,816 - INFO - Progreso iter 35500: T=3.26, Fitness=146.8, Mejor=166.9, Tasa_acept=86.1%
2025-10-20 23:24:12,819 - DEBUG - Iter 35500: T=3.26, Fitness_actual=146.8, Mejor=166.9
2025-10-20 23:24:22,782 - WARNING - ⚠️  DEGRADACIÓN DETECTADA en iter 35600:
2025-10-20 23:24:22,782 - WARNING -    Mejor fitness: 166.9
2025-10-20 23:24:22,783 - WARNING -    Fitness promedio reciente: 139.3
2025-10-20 23:24:22,783 - WARNING -    Degradación: 27.6
2025-10-20 23:24:22,784 - WARNING -    🔄 RESTAURANDO mejor solución...
2025-10-20 23:24:22,785 - DEBUG - Iter 35600: T=3.25, Fitness_actual=166.9, Mejor=166.9
2025-10-20 23:24:32,047 - DEBUG - Iter 35700: T=3.24, Fitness_actual=142.1, Mejor=166.9
2025-10-20 23:24:36,720 - WARNING - ⚠️  DEGRADACIÓN DETECTADA en iter 35750:
2025-10-20 23:24:36,720 - WARNING -    Mejor fitness: 166.9
2025-10-20 23:24:36,721 - WARNING -    Fitness promedio reciente: 129.2
2025-10-20 23:24:36,721 - WARNING -    Degradación: 37.7
2025-10-20 23:24:36,721 - WARNING -    🔄 RESTAURANDO mejor solución...
2025-10-20 23:24:41,332 - DEBUG - Iter 35800: T=3.23, Fitness_actual=150.6, Mejor=166.9
2025-10-20 23:24:50,411 - WARNING - ⚠️  DEGRADACIÓN DETECTADA en iter 35900:
2025-10-20 23:24:50,411 - WARNING -    Mejor fitness: 166.9
2025-10-20 23:24:50,411 - WARNING -    Fitness promedio reciente: 140.1
2025-10-20 23:24:50,412 - WARNING -    Degradación: 26.8
2025-10-20 23:24:50,412 - WARNING -    🔄 RESTAURANDO mejor solución...
2025-10-20 23:24:50,415 - DEBUG - Iter 35900: T=3.21, Fitness_actual=166.9, Mejor=166.9
2025-10-20 23:24:59,688 - INFO -   Iter 36000 | Tiempo:   46.4min (38.7%) | T =     3.20 | Fitness =    142.4 | Mejor =    166.9 | Aceptación =  86.1%
2025-10-20 23:24:59,689 - INFO - Progreso iter 36000: T=3.20, Fitness=142.4, Mejor=166.9, Tasa_acept=86.1%
2025-10-20 23:24:59,690 - DEBUG - Iter 36000: T=3.20, Fitness_actual=142.4, Mejor=166.9
2025-10-20 23:25:04,126 - WARNING - ⚠️  DEGRADACIÓN DETECTADA en iter 36050:
2025-10-20 23:25:04,126 - WARNING -    Mejor fitness: 166.9
2025-10-20 23:25:04,127 - WARNING -    Fitness promedio reciente: 134.6
2025-10-20 23:25:04,127 - WARNING -    Degradación: 32.3
2025-10-20 23:25:04,128 - WARNING -    🔄 RESTAURANDO mejor solución...
2025-10-20 23:25:08,685 - DEBUG - Iter 36100: T=3.19, Fitness_actual=155.6, Mejor=166.9
2025-10-20 23:25:17,899 - DEBUG - Iter 36200: T=3.18, Fitness_actual=148.1, Mejor=166.9
2025-10-20 23:25:22,751 - WARNING - ⚠️  DEGRADACIÓN DETECTADA en iter 36250:
2025-10-20 23:25:22,752 - WARNING -    Mejor fitness: 166.9
2025-10-20 23:25:22,752 - WARNING -    Fitness promedio reciente: 142.1
2025-10-20 23:25:22,752 - WARNING -    Degradación: 24.8
2025-10-20 23:25:22,753 - WARNING -    🔄 RESTAURANDO mejor solución...
2025-10-20 23:25:27,473 - DEBUG - Iter 36300: T=3.17, Fitness_actual=145.0, Mejor=166.9
2025-10-20 23:25:36,924 - WARNING - ⚠️  DEGRADACIÓN DETECTADA en iter 36400:
2025-10-20 23:25:36,925 - WARNING -    Mejor fitness: 166.9
2025-10-20 23:25:36,925 - WARNING -    Fitness promedio reciente: 143.7
2025-10-20 23:25:36,925 - WARNING -    Degradación: 23.2
2025-10-20 23:25:36,926 - WARNING -    🔄 RESTAURANDO mejor solución...
2025-10-20 23:25:36,927 - DEBUG - Iter 36400: T=3.15, Fitness_actual=166.9, Mejor=166.9
2025-10-20 23:25:38,177 - WARNING - ================================================================================
2025-10-20 23:25:38,177 - WARNING - ⚠️  SALTO ANORMAL DETECTADO en iteración 36411
2025-10-20 23:25:38,182 - WARNING -    Fitness actual: 160.7
2025-10-20 23:25:38,182 - WARNING -    Fitness vecino: 140.0
2025-10-20 23:25:38,182 - WARNING -    Delta: -20.7
2025-10-20 23:25:38,183 - WARNING -    Temperatura: 3.15
2025-10-20 23:25:38,183 - WARNING -    Tipo perturbación aplicada: (ver generar_vecino)
2025-10-20 23:25:38,183 - WARNING -    Vecino - Puntos: 17757, Tiempo: 16551.1min, Distancia: 162.5km
2025-10-20 23:25:38,183 - WARNING -    Actual - Puntos: 18010, Tiempo: 14249.3min, Distancia: 125.4km
2025-10-20 23:25:38,184 - WARNING -    Validez restricciones - Vecino: True, Actual: True
2025-10-20 23:25:38,184 - WARNING - ================================================================================
2025-10-20 23:25:38,184 - WARNING - ⚠️  SALTO ANORMAL DETECTADO en iteración 36411
2025-10-20 23:25:38,184 - WARNING -    Fitness: 160.7 → 140.0 (Δ=-20.7)
2025-10-20 23:25:38,185 - WARNING -    Ver detalles en archivo de log
2025-10-20 23:25:42,905 - WARNING - ================================================================================
2025-10-20 23:25:42,906 - WARNING - ⚠️  SALTO ANORMAL DETECTADO en iteración 36461
2025-10-20 23:25:42,906 - WARNING -    Fitness actual: 152.4
2025-10-20 23:25:42,906 - WARNING -    Fitness vecino: 131.9
2025-10-20 23:25:42,907 - WARNING -    Delta: -20.6
2025-10-20 23:25:42,907 - WARNING -    Temperatura: 3.15
2025-10-20 23:25:42,907 - WARNING -    Tipo perturbación aplicada: (ver generar_vecino)
2025-10-20 23:25:42,908 - WARNING -    Vecino - Puntos: 18023, Tiempo: 15549.1min, Distancia: 227.0km
2025-10-20 23:25:42,908 - WARNING -    Actual - Puntos: 17994, Tiempo: 14194.0min, Distancia: 128.3km
2025-10-20 23:25:42,909 - WARNING -    Validez restricciones - Vecino: True, Actual: True
2025-10-20 23:25:42,909 - WARNING - ================================================================================
2025-10-20 23:25:42,909 - WARNING - ⚠️  SALTO ANORMAL DETECTADO en iteración 36461
2025-10-20 23:25:42,910 - WARNING -    Fitness: 152.4 → 131.9 (Δ=-20.6)
2025-10-20 23:25:42,910 - WARNING -    Ver detalles en archivo de log
2025-10-20 23:25:46,594 - INFO -   Iter 36500 | Tiempo:   47.2min (39.3%) | T =     3.14 | Fitness =    152.7 | Mejor =    166.9 | Aceptación =  86.0%
2025-10-20 23:25:46,594 - INFO - Progreso iter 36500: T=3.14, Fitness=152.7, Mejor=166.9, Tasa_acept=86.0%
2025-10-20 23:25:46,597 - DEBUG - Iter 36500: T=3.14, Fitness_actual=152.7, Mejor=166.9
2025-10-20 23:25:51,601 - WARNING - ⚠️  DEGRADACIÓN DETECTADA en iter 36550:
2025-10-20 23:25:51,602 - WARNING -    Mejor fitness: 166.9
2025-10-20 23:25:51,602 - WARNING -    Fitness promedio reciente: 145.2
2025-10-20 23:25:51,602 - WARNING -    Degradación: 21.7
2025-10-20 23:25:51,603 - WARNING -    🔄 RESTAURANDO mejor solución...
2025-10-20 23:25:51,800 - INFO - 🌟 MEJORA #112 en iter 36552: Fitness=166.9 (+0.0), Puntos=18038
2025-10-20 23:25:56,118 - DEBUG - Iter 36600: T=3.13, Fitness_actual=154.2, Mejor=166.9
2025-10-20 23:26:05,793 - WARNING - ⚠️  DEGRADACIÓN DETECTADA en iter 36700:
2025-10-20 23:26:05,793 - WARNING -    Mejor fitness: 166.9
2025-10-20 23:26:05,794 - WARNING -    Fitness promedio reciente: 145.3
2025-10-20 23:26:05,794 - WARNING -    Degradación: 21.6
2025-10-20 23:26:05,794 - WARNING -    🔄 RESTAURANDO mejor solución...
2025-10-20 23:26:05,795 - DEBUG - Iter 36700: T=3.12, Fitness_actual=166.9, Mejor=166.9
2025-10-20 23:26:08,623 - WARNING - ================================================================================
2025-10-20 23:26:08,623 - WARNING - ⚠️  SALTO ANORMAL DETECTADO en iteración 36729
2025-10-20 23:26:08,623 - WARNING -    Fitness actual: 156.1
2025-10-20 23:26:08,623 - WARNING -    Fitness vecino: 128.3
2025-10-20 23:26:08,624 - WARNING -    Delta: -27.7
2025-10-20 23:26:08,624 - WARNING -    Temperatura: 3.11
2025-10-20 23:26:08,624 - WARNING -    Tipo perturbación aplicada: (ver generar_vecino)
2025-10-20 23:26:08,624 - WARNING -    Vecino - Puntos: 17762, Tiempo: 16881.9min, Distancia: 179.2km
2025-10-20 23:26:08,625 - WARNING -    Actual - Puntos: 18060, Tiempo: 14401.6min, Distancia: 122.6km
2025-10-20 23:26:08,625 - WARNING -    Validez restricciones - Vecino: True, Actual: True
2025-10-20 23:26:08,625 - WARNING - ================================================================================
2025-10-20 23:26:08,626 - WARNING - ⚠️  SALTO ANORMAL DETECTADO en iteración 36729
2025-10-20 23:26:08,626 - WARNING -    Fitness: 156.1 → 128.3 (Δ=-27.7)
2025-10-20 23:26:08,626 - WARNING -    Ver detalles en archivo de log
2025-10-20 23:26:15,653 - DEBUG - Iter 36800: T=3.11, Fitness_actual=151.6, Mejor=166.9
2025-10-20 23:26:20,371 - WARNING - ⚠️  DEGRADACIÓN DETECTADA en iter 36850:
2025-10-20 23:26:20,371 - WARNING -    Mejor fitness: 166.9
2025-10-20 23:26:20,371 - WARNING -    Fitness promedio reciente: 146.0
2025-10-20 23:26:20,372 - WARNING -    Degradación: 20.9
2025-10-20 23:26:20,372 - WARNING -    🔄 RESTAURANDO mejor solución...
2025-10-20 23:26:21,328 - WARNING - ================================================================================
2025-10-20 23:26:21,329 - WARNING - ⚠️  SALTO ANORMAL DETECTADO en iteración 36860
2025-10-20 23:26:21,329 - WARNING -    Fitness actual: 164.4
2025-10-20 23:26:21,329 - WARNING -    Fitness vecino: 80.7
2025-10-20 23:26:21,330 - WARNING -    Delta: -83.7
2025-10-20 23:26:21,330 - WARNING -    Temperatura: 3.10
2025-10-20 23:26:21,330 - WARNING -    Tipo perturbación aplicada: (ver generar_vecino)
2025-10-20 23:26:21,331 - WARNING -    Vecino - Puntos: 18019, Tiempo: 18415.3min, Distancia: 441.7km
2025-10-20 23:26:21,331 - WARNING -    Actual - Puntos: 17974, Tiempo: 14369.0min, Distancia: 124.9km
2025-10-20 23:26:21,331 - WARNING -    Validez restricciones - Vecino: True, Actual: True
2025-10-20 23:26:21,332 - WARNING - ================================================================================
2025-10-20 23:26:21,332 - WARNING - ⚠️  SALTO ANORMAL DETECTADO en iteración 36860
2025-10-20 23:26:21,332 - WARNING -    Fitness: 164.4 → 80.7 (Δ=-83.7)
2025-10-20 23:26:21,333 - WARNING -    Ver detalles en archivo de log
2025-10-20 23:26:25,450 - DEBUG - Iter 36900: T=3.09, Fitness_actual=150.7, Mejor=166.9
2025-10-20 23:26:34,901 - INFO -   Iter 37000 | Tiempo:   48.0min (40.0%) | T =     3.08 | Fitness =    142.7 | Mejor =    166.9 | Aceptación =  86.0%
2025-10-20 23:26:34,901 - INFO - Progreso iter 37000: T=3.08, Fitness=142.7, Mejor=166.9, Tasa_acept=86.0%
2025-10-20 23:26:34,904 - DEBUG - Iter 37000: T=3.08, Fitness_actual=142.7, Mejor=166.9
2025-10-20 23:26:39,594 - WARNING - ⚠️  DEGRADACIÓN DETECTADA en iter 37050:
2025-10-20 23:26:39,594 - WARNING -    Mejor fitness: 166.9
2025-10-20 23:26:39,594 - WARNING -    Fitness promedio reciente: 141.9
2025-10-20 23:26:39,595 - WARNING -    Degradación: 25.0
2025-10-20 23:26:39,595 - WARNING -    🔄 RESTAURANDO mejor solución...
2025-10-20 23:26:44,492 - DEBUG - Iter 37100: T=3.07, Fitness_actual=154.7, Mejor=166.9
2025-10-20 23:26:53,688 - WARNING - ⚠️  DEGRADACIÓN DETECTADA en iter 37200:
2025-10-20 23:26:53,689 - WARNING -    Mejor fitness: 166.9
2025-10-20 23:26:53,689 - WARNING -    Fitness promedio reciente: 146.8
2025-10-20 23:26:53,689 - WARNING -    Degradación: 20.1
2025-10-20 23:26:53,690 - WARNING -    🔄 RESTAURANDO mejor solución...
2025-10-20 23:26:53,693 - DEBUG - Iter 37200: T=3.06, Fitness_actual=166.9, Mejor=166.9
2025-10-20 23:26:53,785 - INFO - 🌟 MEJORA #113 en iter 37201: Fitness=166.9 (+0.0), Puntos=18038
2025-10-20 23:26:54,053 - INFO - 🌟 MEJORA #114 en iter 37204: Fitness=166.9 (+0.0), Puntos=18038
2025-10-20 23:26:58,891 - WARNING - ================================================================================
2025-10-20 23:26:58,892 - WARNING - ⚠️  SALTO ANORMAL DETECTADO en iteración 37258
2025-10-20 23:26:58,892 - WARNING -    Fitness actual: 148.1
2025-10-20 23:26:58,892 - WARNING -    Fitness vecino: 116.4
2025-10-20 23:26:58,893 - WARNING -    Delta: -31.7
2025-10-20 23:26:58,893 - WARNING -    Temperatura: 3.05
2025-10-20 23:26:58,893 - WARNING -    Tipo perturbación aplicada: (ver generar_vecino)
2025-10-20 23:26:58,893 - WARNING -    Vecino - Puntos: 17890, Tiempo: 16234.5min, Distancia: 269.1km
2025-10-20 23:26:58,894 - WARNING -    Actual - Puntos: 17897, Tiempo: 14648.9min, Distancia: 128.7km
2025-10-20 23:26:58,894 - WARNING -    Validez restricciones - Vecino: True, Actual: False
2025-10-20 23:26:58,894 - WARNING - ================================================================================
2025-10-20 23:26:58,894 - WARNING - ⚠️  SALTO ANORMAL DETECTADO en iteración 37258
2025-10-20 23:26:58,895 - WARNING -    Fitness: 148.1 → 116.4 (Δ=-31.7)
2025-10-20 23:26:58,895 - WARNING -    Ver detalles en archivo de log
2025-10-20 23:27:02,741 - DEBUG - Iter 37300: T=3.05, Fitness_actual=146.8, Mejor=166.9
2025-10-20 23:27:07,396 - WARNING - ⚠️  DEGRADACIÓN DETECTADA en iter 37350:
2025-10-20 23:27:07,396 - WARNING -    Mejor fitness: 166.9
2025-10-20 23:27:07,397 - WARNING -    Fitness promedio reciente: 145.9
2025-10-20 23:27:07,397 - WARNING -    Degradación: 21.0
2025-10-20 23:27:07,398 - WARNING -    🔄 RESTAURANDO mejor solución...
2025-10-20 23:27:12,051 - DEBUG - Iter 37400: T=3.04, Fitness_actual=155.1, Mejor=166.9
2025-10-20 23:27:21,656 - INFO -   Iter 37500 | Tiempo:   48.8min (40.7%) | T =     3.02 | Fitness =    145.3 | Mejor =    166.9 | Aceptación =  85.9%
2025-10-20 23:27:21,656 - INFO - Progreso iter 37500: T=3.02, Fitness=145.3, Mejor=166.9, Tasa_acept=85.9%
2025-10-20 23:27:21,658 - DEBUG - Iter 37500: T=3.02, Fitness_actual=145.3, Mejor=166.9
2025-10-20 23:27:26,334 - WARNING - ⚠️  DEGRADACIÓN DETECTADA en iter 37550:
2025-10-20 23:27:26,334 - WARNING -    Mejor fitness: 166.9
2025-10-20 23:27:26,335 - WARNING -    Fitness promedio reciente: 141.2
2025-10-20 23:27:26,335 - WARNING -    Degradación: 25.7
2025-10-20 23:27:26,335 - WARNING -    🔄 RESTAURANDO mejor solución...
2025-10-20 23:27:26,336 - INFO - 🌟 MEJORA #115 en iter 37550: Fitness=166.9 (+0.0), Puntos=18038
2025-10-20 23:27:26,337 - INFO -   ✨ Mejora #115 en iteración 37551: Fitness = 166.9 | Puntos = 18038 | T = 3.02
2025-10-20 23:27:26,530 - INFO - 🌟 MEJORA #116 en iter 37552: Fitness=166.9 (+0.0), Puntos=18038
2025-10-20 23:27:31,124 - DEBUG - Iter 37600: T=3.01, Fitness_actual=158.0, Mejor=166.9
2025-10-20 23:27:40,559 - DEBUG - Iter 37700: T=3.00, Fitness_actual=146.9, Mejor=166.9
2025-10-20 23:27:45,075 - WARNING - ⚠️  DEGRADACIÓN DETECTADA en iter 37750:
2025-10-20 23:27:45,075 - WARNING -    Mejor fitness: 166.9
2025-10-20 23:27:45,075 - WARNING -    Fitness promedio reciente: 145.4
2025-10-20 23:27:45,076 - WARNING -    Degradación: 21.5
2025-10-20 23:27:45,076 - WARNING -    🔄 RESTAURANDO mejor solución...
2025-10-20 23:27:49,529 - DEBUG - Iter 37800: T=2.99, Fitness_actual=152.2, Mejor=166.9
2025-10-20 23:27:58,411 - WARNING - ⚠️  DEGRADACIÓN DETECTADA en iter 37900:
2025-10-20 23:27:58,411 - WARNING -    Mejor fitness: 166.9
2025-10-20 23:27:58,411 - WARNING -    Fitness promedio reciente: 138.8
2025-10-20 23:27:58,412 - WARNING -    Degradación: 28.1
2025-10-20 23:27:58,412 - WARNING -    🔄 RESTAURANDO mejor solución...
2025-10-20 23:27:58,413 - DEBUG - Iter 37900: T=2.98, Fitness_actual=166.9, Mejor=166.9
2025-10-20 23:27:58,506 - INFO - 🌟 MEJORA #117 en iter 37901: Fitness=167.0 (+0.1), Puntos=18038
2025-10-20 23:28:07,337 - INFO -   Iter 38000 | Tiempo:   49.6min (41.3%) | T =     2.97 | Fitness =    131.5 | Mejor =    167.0 | Aceptación =  85.9%
2025-10-20 23:28:07,337 - INFO - Progreso iter 38000: T=2.97, Fitness=131.5, Mejor=167.0, Tasa_acept=85.9%
2025-10-20 23:28:07,338 - DEBUG - Iter 38000: T=2.97, Fitness_actual=131.5, Mejor=167.0
2025-10-20 23:28:11,770 - WARNING - ⚠️  DEGRADACIÓN DETECTADA en iter 38050:
2025-10-20 23:28:11,771 - WARNING -    Mejor fitness: 167.0
2025-10-20 23:28:11,771 - WARNING -    Fitness promedio reciente: 127.7
2025-10-20 23:28:11,771 - WARNING -    Degradación: 39.2
2025-10-20 23:28:11,772 - WARNING -    🔄 RESTAURANDO mejor solución...
2025-10-20 23:28:14,724 - WARNING - ================================================================================
2025-10-20 23:28:14,725 - WARNING - ⚠️  SALTO ANORMAL DETECTADO en iteración 38083
2025-10-20 23:28:14,725 - WARNING -    Fitness actual: 157.0
2025-10-20 23:28:14,726 - WARNING -    Fitness vecino: 124.7
2025-10-20 23:28:14,726 - WARNING -    Delta: -32.2
2025-10-20 23:28:14,726 - WARNING -    Temperatura: 2.96
2025-10-20 23:28:14,727 - WARNING -    Tipo perturbación aplicada: (ver generar_vecino)
2025-10-20 23:28:14,727 - WARNING -    Vecino - Puntos: 17971, Tiempo: 15973.4min, Distancia: 256.1km
2025-10-20 23:28:14,728 - WARNING -    Actual - Puntos: 17997, Tiempo: 14363.6min, Distancia: 122.8km
2025-10-20 23:28:14,728 - WARNING -    Validez restricciones - Vecino: True, Actual: True
2025-10-20 23:28:14,728 - WARNING - ================================================================================
2025-10-20 23:28:14,729 - WARNING - ⚠️  SALTO ANORMAL DETECTADO en iteración 38083
2025-10-20 23:28:14,729 - WARNING -    Fitness: 157.0 → 124.7 (Δ=-32.2)
2025-10-20 23:28:14,729 - WARNING -    Ver detalles en archivo de log
2025-10-20 23:28:16,304 - DEBUG - Iter 38100: T=2.96, Fitness_actual=147.5, Mejor=167.0
2025-10-20 23:28:20,936 - WARNING - ⚠️  DEGRADACIÓN DETECTADA en iter 38150:
2025-10-20 23:28:20,936 - WARNING -    Mejor fitness: 167.0
2025-10-20 23:28:20,937 - WARNING -    Fitness promedio reciente: 143.1
2025-10-20 23:28:20,937 - WARNING -    Degradación: 23.8
2025-10-20 23:28:20,937 - WARNING -    🔄 RESTAURANDO mejor solución...
2025-10-20 23:28:25,534 - DEBUG - Iter 38200: T=2.95, Fitness_actual=156.0, Mejor=167.0
2025-10-20 23:28:35,072 - DEBUG - Iter 38300: T=2.94, Fitness_actual=147.7, Mejor=167.0
2025-10-20 23:28:39,836 - WARNING - ⚠️  DEGRADACIÓN DETECTADA en iter 38350:
2025-10-20 23:28:39,837 - WARNING -    Mejor fitness: 167.0
2025-10-20 23:28:39,837 - WARNING -    Fitness promedio reciente: 144.4
2025-10-20 23:28:39,837 - WARNING -    Degradación: 22.6
2025-10-20 23:28:39,837 - WARNING -    🔄 RESTAURANDO mejor solución...
2025-10-20 23:28:44,600 - DEBUG - Iter 38400: T=2.92, Fitness_actual=149.0, Mejor=167.0
2025-10-20 23:28:49,185 - WARNING - ⚠️  DEGRADACIÓN DETECTADA en iter 38450:
2025-10-20 23:28:49,185 - WARNING -    Mejor fitness: 167.0
2025-10-20 23:28:49,185 - WARNING -    Fitness promedio reciente: 142.8
2025-10-20 23:28:49,186 - WARNING -    Degradación: 24.2
2025-10-20 23:28:49,186 - WARNING -    🔄 RESTAURANDO mejor solución...
2025-10-20 23:28:49,374 - INFO - 🌟 MEJORA #118 en iter 38452: Fitness=167.0 (+0.0), Puntos=18038
2025-10-20 23:28:49,648 - INFO - 🌟 MEJORA #119 en iter 38455: Fitness=167.0 (+0.0), Puntos=18038
2025-10-20 23:28:51,301 - WARNING - ================================================================================
2025-10-20 23:28:51,301 - WARNING - ⚠️  SALTO ANORMAL DETECTADO en iteración 38473
2025-10-20 23:28:51,301 - WARNING -    Fitness actual: 162.2
2025-10-20 23:28:51,302 - WARNING -    Fitness vecino: 137.4
2025-10-20 23:28:51,302 - WARNING -    Delta: -24.8
2025-10-20 23:28:51,303 - WARNING -    Temperatura: 2.92
2025-10-20 23:28:51,303 - WARNING -    Tipo perturbación aplicada: (ver generar_vecino)
2025-10-20 23:28:51,303 - WARNING -    Vecino - Puntos: 18089, Tiempo: 15646.9min, Distancia: 150.6km
2025-10-20 23:28:51,304 - WARNING -    Actual - Puntos: 18058, Tiempo: 14447.0min, Distancia: 123.1km
2025-10-20 23:28:51,304 - WARNING -    Validez restricciones - Vecino: True, Actual: True
2025-10-20 23:28:51,304 - WARNING - ================================================================================
2025-10-20 23:28:51,305 - WARNING - ⚠️  SALTO ANORMAL DETECTADO en iteración 38473
2025-10-20 23:28:51,305 - WARNING -    Fitness: 162.2 → 137.4 (Δ=-24.8)
2025-10-20 23:28:51,306 - WARNING -    Ver detalles en archivo de log
2025-10-20 23:28:53,811 - INFO -   Iter 38500 | Tiempo:   50.3min (41.9%) | T =     2.91 | Fitness =    154.2 | Mejor =    167.0 | Aceptación =  85.9%
2025-10-20 23:28:53,811 - INFO - Progreso iter 38500: T=2.91, Fitness=154.2, Mejor=167.0, Tasa_acept=85.9%
2025-10-20 23:28:53,814 - DEBUG - Iter 38500: T=2.91, Fitness_actual=154.2, Mejor=167.0
2025-10-20 23:29:03,072 - DEBUG - Iter 38600: T=2.90, Fitness_actual=148.3, Mejor=167.0
2025-10-20 23:29:12,360 - DEBUG - Iter 38700: T=2.89, Fitness_actual=142.8, Mejor=167.0
2025-10-20 23:29:16,999 - WARNING - ⚠️  DEGRADACIÓN DETECTADA en iter 38750:
2025-10-20 23:29:17,000 - WARNING -    Mejor fitness: 167.0
2025-10-20 23:29:17,000 - WARNING -    Fitness promedio reciente: 139.5
2025-10-20 23:29:17,000 - WARNING -    Degradación: 27.5
2025-10-20 23:29:17,001 - WARNING -    🔄 RESTAURANDO mejor solución...
2025-10-20 23:29:17,002 - INFO - 🌟 MEJORA #120 en iter 38750: Fitness=167.0 (+0.0), Puntos=18038
2025-10-20 23:29:17,002 - INFO -   ✨ Mejora #120 en iteración 38751: Fitness = 167.0 | Puntos = 18038 | T = 2.89
2025-10-20 23:29:21,615 - DEBUG - Iter 38800: T=2.88, Fitness_actual=150.6, Mejor=167.0
2025-10-20 23:29:30,835 - WARNING - ⚠️  DEGRADACIÓN DETECTADA en iter 38900:
2025-10-20 23:29:30,835 - WARNING -    Mejor fitness: 167.0
2025-10-20 23:29:30,836 - WARNING -    Fitness promedio reciente: 138.5
2025-10-20 23:29:30,836 - WARNING -    Degradación: 28.5
2025-10-20 23:29:30,837 - WARNING -    🔄 RESTAURANDO mejor solución...
2025-10-20 23:29:30,842 - DEBUG - Iter 38900: T=2.87, Fitness_actual=167.0, Mejor=167.0
2025-10-20 23:29:40,099 - INFO -   Iter 39000 | Tiempo:   51.1min (42.6%) | T =     2.86 | Fitness =    144.7 | Mejor =    167.0 | Aceptación =  85.9%
2025-10-20 23:29:40,100 - INFO - Progreso iter 39000: T=2.86, Fitness=144.7, Mejor=167.0, Tasa_acept=85.9%
2025-10-20 23:29:40,100 - WARNING - ⚠️  DEGRADACIÓN DETECTADA en iter 39000:
2025-10-20 23:29:40,100 - WARNING -    Mejor fitness: 167.0
2025-10-20 23:29:40,101 - WARNING -    Fitness promedio reciente: 146.6
2025-10-20 23:29:40,101 - WARNING -    Degradación: 20.4
2025-10-20 23:29:40,101 - WARNING -    🔄 RESTAURANDO mejor solución...
2025-10-20 23:29:40,102 - DEBUG - Iter 39000: T=2.86, Fitness_actual=167.0, Mejor=167.0
2025-10-20 23:29:49,265 - DEBUG - Iter 39100: T=2.85, Fitness_actual=148.0, Mejor=167.0
2025-10-20 23:29:53,888 - WARNING - ⚠️  DEGRADACIÓN DETECTADA en iter 39150:
2025-10-20 23:29:53,888 - WARNING -    Mejor fitness: 167.0
2025-10-20 23:29:53,889 - WARNING -    Fitness promedio reciente: 138.4
2025-10-20 23:29:53,889 - WARNING -    Degradación: 28.6
2025-10-20 23:29:53,889 - WARNING -    🔄 RESTAURANDO mejor solución...
2025-10-20 23:29:53,891 - INFO - 🌟 MEJORA #121 en iter 39150: Fitness=167.0 (+0.0), Puntos=18041
2025-10-20 23:29:56,924 - WARNING - ================================================================================
2025-10-20 23:29:56,925 - WARNING - ⚠️  SALTO ANORMAL DETECTADO en iteración 39183
2025-10-20 23:29:56,925 - WARNING -    Fitness actual: 163.0
2025-10-20 23:29:56,926 - WARNING -    Fitness vecino: 109.5
2025-10-20 23:29:56,926 - WARNING -    Delta: -53.4
2025-10-20 23:29:56,926 - WARNING -    Temperatura: 2.84
2025-10-20 23:29:56,927 - WARNING -    Tipo perturbación aplicada: (ver generar_vecino)
2025-10-20 23:29:56,927 - WARNING -    Vecino - Puntos: 18032, Tiempo: 16668.0min, Distancia: 304.8km
2025-10-20 23:29:56,928 - WARNING -    Actual - Puntos: 18044, Tiempo: 14445.3min, Distancia: 127.9km
2025-10-20 23:29:56,928 - WARNING -    Validez restricciones - Vecino: True, Actual: True
2025-10-20 23:29:56,928 - WARNING - ================================================================================
2025-10-20 23:29:56,929 - WARNING - ⚠️  SALTO ANORMAL DETECTADO en iteración 39183
2025-10-20 23:29:56,929 - WARNING -    Fitness: 163.0 → 109.5 (Δ=-53.4)
2025-10-20 23:29:56,929 - WARNING -    Ver detalles en archivo de log
2025-10-20 23:29:58,521 - DEBUG - Iter 39200: T=2.84, Fitness_actual=154.8, Mejor=167.0
2025-10-20 23:30:07,827 - WARNING - ⚠️  DEGRADACIÓN DETECTADA en iter 39300:
2025-10-20 23:30:07,828 - WARNING -    Mejor fitness: 167.0
2025-10-20 23:30:07,828 - WARNING -    Fitness promedio reciente: 146.0
2025-10-20 23:30:07,829 - WARNING -    Degradación: 21.0
2025-10-20 23:30:07,829 - WARNING -    🔄 RESTAURANDO mejor solución...
2025-10-20 23:30:07,832 - DEBUG - Iter 39300: T=2.83, Fitness_actual=167.0, Mejor=167.0
2025-10-20 23:30:17,044 - WARNING - ⚠️  DEGRADACIÓN DETECTADA en iter 39400:
2025-10-20 23:30:17,045 - WARNING -    Mejor fitness: 167.0
2025-10-20 23:30:17,045 - WARNING -    Fitness promedio reciente: 140.1
2025-10-20 23:30:17,045 - WARNING -    Degradación: 26.9
2025-10-20 23:30:17,046 - WARNING -    🔄 RESTAURANDO mejor solución...
2025-10-20 23:30:17,047 - DEBUG - Iter 39400: T=2.82, Fitness_actual=167.0, Mejor=167.0
2025-10-20 23:30:26,320 - INFO -   Iter 39500 | Tiempo:   51.9min (43.2%) | T =     2.81 | Fitness =    145.3 | Mejor =    167.0 | Aceptación =  85.8%
2025-10-20 23:30:26,321 - INFO - Progreso iter 39500: T=2.81, Fitness=145.3, Mejor=167.0, Tasa_acept=85.8%
2025-10-20 23:30:26,324 - DEBUG - Iter 39500: T=2.81, Fitness_actual=145.3, Mejor=167.0
2025-10-20 23:30:31,013 - WARNING - ⚠️  DEGRADACIÓN DETECTADA en iter 39550:
2025-10-20 23:30:31,013 - WARNING -    Mejor fitness: 167.0
2025-10-20 23:30:31,014 - WARNING -    Fitness promedio reciente: 142.4
2025-10-20 23:30:31,014 - WARNING -    Degradación: 24.6
2025-10-20 23:30:31,014 - WARNING -    🔄 RESTAURANDO mejor solución...
2025-10-20 23:30:35,659 - DEBUG - Iter 39600: T=2.80, Fitness_actual=149.9, Mejor=167.0
2025-10-20 23:30:40,271 - WARNING - ⚠️  DEGRADACIÓN DETECTADA en iter 39650:
2025-10-20 23:30:40,271 - WARNING -    Mejor fitness: 167.0
2025-10-20 23:30:40,272 - WARNING -    Fitness promedio reciente: 143.6
2025-10-20 23:30:40,272 - WARNING -    Degradación: 23.4
2025-10-20 23:30:40,273 - WARNING -    🔄 RESTAURANDO mejor solución...
2025-10-20 23:30:44,913 - DEBUG - Iter 39700: T=2.79, Fitness_actual=153.0, Mejor=167.0
2025-10-20 23:30:54,291 - WARNING - ⚠️  DEGRADACIÓN DETECTADA en iter 39800:
2025-10-20 23:30:54,291 - WARNING -    Mejor fitness: 167.0
2025-10-20 23:30:54,292 - WARNING -    Fitness promedio reciente: 146.3
2025-10-20 23:30:54,292 - WARNING -    Degradación: 20.7
2025-10-20 23:30:54,292 - WARNING -    🔄 RESTAURANDO mejor solución...
2025-10-20 23:30:54,294 - DEBUG - Iter 39800: T=2.78, Fitness_actual=167.0, Mejor=167.0
2025-10-20 23:31:03,851 - DEBUG - Iter 39900: T=2.77, Fitness_actual=144.2, Mejor=167.0
2025-10-20 23:31:08,557 - WARNING - ⚠️  DEGRADACIÓN DETECTADA en iter 39950:
2025-10-20 23:31:08,558 - WARNING -    Mejor fitness: 167.0
2025-10-20 23:31:08,558 - WARNING -    Fitness promedio reciente: 142.8
2025-10-20 23:31:08,558 - WARNING -    Degradación: 24.2
2025-10-20 23:31:08,559 - WARNING -    🔄 RESTAURANDO mejor solución...
2025-10-20 23:31:09,406 - WARNING - ================================================================================
2025-10-20 23:31:09,406 - WARNING - ⚠️  SALTO ANORMAL DETECTADO en iteración 39959
2025-10-20 23:31:09,407 - WARNING -    Fitness actual: 160.9
2025-10-20 23:31:09,407 - WARNING -    Fitness vecino: 138.1
2025-10-20 23:31:09,408 - WARNING -    Delta: -22.8
2025-10-20 23:31:09,408 - WARNING -    Temperatura: 2.76
2025-10-20 23:31:09,408 - WARNING -    Tipo perturbación aplicada: (ver generar_vecino)
2025-10-20 23:31:09,408 - WARNING -    Vecino - Puntos: 17725, Tiempo: 16111.1min, Distancia: 166.9km
2025-10-20 23:31:09,409 - WARNING -    Actual - Puntos: 18029, Tiempo: 14387.2min, Distancia: 124.4km
2025-10-20 23:31:09,409 - WARNING -    Validez restricciones - Vecino: True, Actual: True
2025-10-20 23:31:09,409 - WARNING - ================================================================================
2025-10-20 23:31:09,410 - WARNING - ⚠️  SALTO ANORMAL DETECTADO en iteración 39959
2025-10-20 23:31:09,410 - WARNING -    Fitness: 160.9 → 138.1 (Δ=-22.8)
2025-10-20 23:31:09,410 - WARNING -    Ver detalles en archivo de log
2025-10-20 23:31:13,265 - INFO -   Iter 40000 | Tiempo:   52.7min (43.9%) | T =     2.75 | Fitness =    154.1 | Mejor =    167.0 | Aceptación =  85.8%
2025-10-20 23:31:13,266 - INFO - Progreso iter 40000: T=2.75, Fitness=154.1, Mejor=167.0, Tasa_acept=85.8%
2025-10-20 23:31:13,266 - DEBUG - Iter 40000: T=2.75, Fitness_actual=154.1, Mejor=167.0
2025-10-20 23:31:22,637 - DEBUG - Iter 40100: T=2.74, Fitness_actual=142.1, Mejor=167.0
2025-10-20 23:31:27,374 - WARNING - ⚠️  DEGRADACIÓN DETECTADA en iter 40150:
2025-10-20 23:31:27,374 - WARNING -    Mejor fitness: 167.0
2025-10-20 23:31:27,375 - WARNING -    Fitness promedio reciente: 142.9
2025-10-20 23:31:27,375 - WARNING -    Degradación: 24.1
2025-10-20 23:31:27,375 - WARNING -    🔄 RESTAURANDO mejor solución...
2025-10-20 23:31:27,473 - INFO - 🌟 MEJORA #122 en iter 40151: Fitness=167.0 (+0.0), Puntos=18041
2025-10-20 23:31:27,756 - WARNING - ================================================================================
2025-10-20 23:31:27,757 - WARNING - ⚠️  SALTO ANORMAL DETECTADO en iteración 40154
2025-10-20 23:31:27,757 - WARNING -    Fitness actual: 167.0
2025-10-20 23:31:27,758 - WARNING -    Fitness vecino: 141.8
2025-10-20 23:31:27,758 - WARNING -    Delta: -25.2
2025-10-20 23:31:27,758 - WARNING -    Temperatura: 2.74
2025-10-20 23:31:27,758 - WARNING -    Tipo perturbación aplicada: (ver generar_vecino)
2025-10-20 23:31:27,759 - WARNING -    Vecino - Puntos: 17716, Tiempo: 15279.1min, Distancia: 210.3km
2025-10-20 23:31:27,759 - WARNING -    Actual - Puntos: 18039, Tiempo: 14391.5min, Distancia: 121.0km
2025-10-20 23:31:27,759 - WARNING -    Validez restricciones - Vecino: True, Actual: True
2025-10-20 23:31:27,759 - WARNING - ================================================================================
2025-10-20 23:31:27,760 - WARNING - ⚠️  SALTO ANORMAL DETECTADO en iteración 40154
2025-10-20 23:31:27,760 - WARNING -    Fitness: 167.0 → 141.8 (Δ=-25.2)
2025-10-20 23:31:27,760 - WARNING -    Ver detalles en archivo de log
2025-10-20 23:31:32,112 - DEBUG - Iter 40200: T=2.73, Fitness_actual=154.9, Mejor=167.0
2025-10-20 23:31:41,539 - WARNING - ⚠️  DEGRADACIÓN DETECTADA en iter 40300:
2025-10-20 23:31:41,540 - WARNING -    Mejor fitness: 167.0
2025-10-20 23:31:41,540 - WARNING -    Fitness promedio reciente: 128.7
2025-10-20 23:31:41,541 - WARNING -    Degradación: 38.3
2025-10-20 23:31:41,541 - WARNING -    🔄 RESTAURANDO mejor solución...
2025-10-20 23:31:41,543 - DEBUG - Iter 40300: T=2.72, Fitness_actual=167.0, Mejor=167.0
2025-10-20 23:31:41,543 - INFO - 🌟 MEJORA #123 en iter 40300: Fitness=167.0 (+0.0), Puntos=18045
2025-10-20 23:31:50,994 - DEBUG - Iter 40400: T=2.71, Fitness_actual=148.2, Mejor=167.0
2025-10-20 23:31:55,677 - WARNING - ⚠️  DEGRADACIÓN DETECTADA en iter 40450:
2025-10-20 23:31:55,677 - WARNING -    Mejor fitness: 167.0
2025-10-20 23:31:55,678 - WARNING -    Fitness promedio reciente: 142.8
2025-10-20 23:31:55,678 - WARNING -    Degradación: 24.2
2025-10-20 23:31:55,678 - WARNING -    🔄 RESTAURANDO mejor solución...
2025-10-20 23:31:59,563 - WARNING - ================================================================================
2025-10-20 23:31:59,564 - WARNING - ⚠️  SALTO ANORMAL DETECTADO en iteración 40491
2025-10-20 23:31:59,564 - WARNING -    Fitness actual: 152.5
2025-10-20 23:31:59,565 - WARNING -    Fitness vecino: 85.3
2025-10-20 23:31:59,565 - WARNING -    Delta: -67.1
2025-10-20 23:31:59,565 - WARNING -    Temperatura: 2.70
2025-10-20 23:31:59,566 - WARNING -    Tipo perturbación aplicada: (ver generar_vecino)
2025-10-20 23:31:59,566 - WARNING -    Vecino - Puntos: 17911, Tiempo: 18072.7min, Distancia: 405.6km
2025-10-20 23:31:59,566 - WARNING -    Actual - Puntos: 17905, Tiempo: 14397.7min, Distancia: 126.5km
2025-10-20 23:31:59,567 - WARNING -    Validez restricciones - Vecino: True, Actual: True
2025-10-20 23:31:59,567 - WARNING - ================================================================================
2025-10-20 23:31:59,567 - WARNING - ⚠️  SALTO ANORMAL DETECTADO en iteración 40491
2025-10-20 23:31:59,567 - WARNING -    Fitness: 152.5 → 85.3 (Δ=-67.1)
2025-10-20 23:31:59,568 - WARNING -    Ver detalles en archivo de log
2025-10-20 23:32:00,433 - INFO -   Iter 40500 | Tiempo:   53.4min (44.5%) | T =     2.70 | Fitness =    152.8 | Mejor =    167.0 | Aceptación =  85.7%
2025-10-20 23:32:00,434 - INFO - Progreso iter 40500: T=2.70, Fitness=152.8, Mejor=167.0, Tasa_acept=85.7%
2025-10-20 23:32:00,437 - DEBUG - Iter 40500: T=2.70, Fitness_actual=152.8, Mejor=167.0
2025-10-20 23:32:09,986 - WARNING - ⚠️  DEGRADACIÓN DETECTADA en iter 40600:
2025-10-20 23:32:09,986 - WARNING -    Mejor fitness: 167.0
2025-10-20 23:32:09,986 - WARNING -    Fitness promedio reciente: 145.6
2025-10-20 23:32:09,987 - WARNING -    Degradación: 21.4
2025-10-20 23:32:09,987 - WARNING -    🔄 RESTAURANDO mejor solución...
2025-10-20 23:32:09,990 - DEBUG - Iter 40600: T=2.69, Fitness_actual=167.0, Mejor=167.0
2025-10-20 23:32:19,448 - DEBUG - Iter 40700: T=2.68, Fitness_actual=143.2, Mejor=167.0
2025-10-20 23:32:24,209 - WARNING - ⚠️  DEGRADACIÓN DETECTADA en iter 40750:
2025-10-20 23:32:24,209 - WARNING -    Mejor fitness: 167.0
2025-10-20 23:32:24,210 - WARNING -    Fitness promedio reciente: 140.0
2025-10-20 23:32:24,210 - WARNING -    Degradación: 27.0
2025-10-20 23:32:24,210 - WARNING -    🔄 RESTAURANDO mejor solución...
2025-10-20 23:32:29,022 - DEBUG - Iter 40800: T=2.67, Fitness_actual=148.9, Mejor=167.0
2025-10-20 23:32:38,527 - WARNING - ⚠️  DEGRADACIÓN DETECTADA en iter 40900:
2025-10-20 23:32:38,527 - WARNING -    Mejor fitness: 167.0
2025-10-20 23:32:38,528 - WARNING -    Fitness promedio reciente: 144.4
2025-10-20 23:32:38,528 - WARNING -    Degradación: 22.6
2025-10-20 23:32:38,528 - WARNING -    🔄 RESTAURANDO mejor solución...
2025-10-20 23:32:38,529 - DEBUG - Iter 40900: T=2.66, Fitness_actual=167.0, Mejor=167.0
2025-10-20 23:32:45,058 - WARNING - ================================================================================
2025-10-20 23:32:45,058 - WARNING - ⚠️  SALTO ANORMAL DETECTADO en iteración 40972
2025-10-20 23:32:45,059 - WARNING -    Fitness actual: 147.5
2025-10-20 23:32:45,059 - WARNING -    Fitness vecino: 105.0
2025-10-20 23:32:45,059 - WARNING -    Delta: -42.5
2025-10-20 23:32:45,060 - WARNING -    Temperatura: 2.66
2025-10-20 23:32:45,060 - WARNING -    Tipo perturbación aplicada: (ver generar_vecino)
2025-10-20 23:32:45,060 - WARNING -    Vecino - Puntos: 17769, Tiempo: 16669.8min, Distancia: 309.1km
2025-10-20 23:32:45,061 - WARNING -    Actual - Puntos: 17707, Tiempo: 14223.5min, Distancia: 130.3km
2025-10-20 23:32:45,061 - WARNING -    Validez restricciones - Vecino: True, Actual: True
2025-10-20 23:32:45,061 - WARNING - ================================================================================
2025-10-20 23:32:45,061 - WARNING - ⚠️  SALTO ANORMAL DETECTADO en iteración 40972
2025-10-20 23:32:45,062 - WARNING -    Fitness: 147.5 → 105.0 (Δ=-42.5)
2025-10-20 23:32:45,062 - WARNING -    Ver detalles en archivo de log
2025-10-20 23:32:47,588 - INFO -   Iter 41000 | Tiempo:   54.2min (45.2%) | T =     2.65 | Fitness =    140.4 | Mejor =    167.0 | Aceptación =  85.7%
2025-10-20 23:32:47,588 - INFO - Progreso iter 41000: T=2.65, Fitness=140.4, Mejor=167.0, Tasa_acept=85.7%
2025-10-20 23:32:47,589 - WARNING - ⚠️  DEGRADACIÓN DETECTADA en iter 41000:
2025-10-20 23:32:47,589 - WARNING -    Mejor fitness: 167.0
2025-10-20 23:32:47,589 - WARNING -    Fitness promedio reciente: 145.6
2025-10-20 23:32:47,590 - WARNING -    Degradación: 21.4
2025-10-20 23:32:47,590 - WARNING -    🔄 RESTAURANDO mejor solución...
2025-10-20 23:32:47,593 - DEBUG - Iter 41000: T=2.65, Fitness_actual=167.0, Mejor=167.0
2025-10-20 23:32:56,639 - DEBUG - Iter 41100: T=2.64, Fitness_actual=156.3, Mejor=167.0
2025-10-20 23:32:57,818 - WARNING - ================================================================================
2025-10-20 23:32:57,818 - WARNING - ⚠️  SALTO ANORMAL DETECTADO en iteración 41113
2025-10-20 23:32:57,819 - WARNING -    Fitness actual: 156.2
2025-10-20 23:32:57,819 - WARNING -    Fitness vecino: 94.8
2025-10-20 23:32:57,820 - WARNING -    Delta: -61.4
2025-10-20 23:32:57,820 - WARNING -    Temperatura: 2.64
2025-10-20 23:32:57,820 - WARNING -    Tipo perturbación aplicada: (ver generar_vecino)
2025-10-20 23:32:57,821 - WARNING -    Vecino - Puntos: 17975, Tiempo: 17378.5min, Distancia: 367.0km
2025-10-20 23:32:57,821 - WARNING -    Actual - Puntos: 17923, Tiempo: 14582.8min, Distancia: 129.8km
2025-10-20 23:32:57,822 - WARNING -    Validez restricciones - Vecino: True, Actual: True
2025-10-20 23:32:57,822 - WARNING - ================================================================================
2025-10-20 23:32:57,822 - WARNING - ⚠️  SALTO ANORMAL DETECTADO en iteración 41113
2025-10-20 23:32:57,823 - WARNING -    Fitness: 156.2 → 94.8 (Δ=-61.4)
2025-10-20 23:32:57,823 - WARNING -    Ver detalles en archivo de log
2025-10-20 23:32:58,722 - WARNING - ================================================================================
2025-10-20 23:32:58,723 - WARNING - ⚠️  SALTO ANORMAL DETECTADO en iteración 41123
2025-10-20 23:32:58,723 - WARNING -    Fitness actual: 154.6
2025-10-20 23:32:58,723 - WARNING -    Fitness vecino: 107.4
2025-10-20 23:32:58,724 - WARNING -    Delta: -47.1
2025-10-20 23:32:58,724 - WARNING -    Temperatura: 2.64
2025-10-20 23:32:58,724 - WARNING -    Tipo perturbación aplicada: (ver generar_vecino)
2025-10-20 23:32:58,725 - WARNING -    Vecino - Puntos: 17936, Tiempo: 16719.0min, Distancia: 311.6km
2025-10-20 23:32:58,725 - WARNING -    Actual - Puntos: 17947, Tiempo: 14519.3min, Distancia: 132.0km
2025-10-20 23:32:58,725 - WARNING -    Validez restricciones - Vecino: True, Actual: True
2025-10-20 23:32:58,725 - WARNING - ================================================================================
2025-10-20 23:32:58,726 - WARNING - ⚠️  SALTO ANORMAL DETECTADO en iteración 41123
2025-10-20 23:32:58,726 - WARNING -    Fitness: 154.6 → 107.4 (Δ=-47.1)
2025-10-20 23:32:58,726 - WARNING -    Ver detalles en archivo de log
2025-10-20 23:33:05,723 - DEBUG - Iter 41200: T=2.63, Fitness_actual=153.4, Mejor=167.0
2025-10-20 23:33:14,734 - WARNING - ⚠️  DEGRADACIÓN DETECTADA en iter 41300:
2025-10-20 23:33:14,735 - WARNING -    Mejor fitness: 167.0
2025-10-20 23:33:14,735 - WARNING -    Fitness promedio reciente: 145.1
2025-10-20 23:33:14,736 - WARNING -    Degradación: 22.0
2025-10-20 23:33:14,736 - WARNING -    🔄 RESTAURANDO mejor solución...
2025-10-20 23:33:14,737 - DEBUG - Iter 41300: T=2.62, Fitness_actual=167.0, Mejor=167.0
2025-10-20 23:33:16,271 - WARNING - ================================================================================
2025-10-20 23:33:16,272 - WARNING - ⚠️  SALTO ANORMAL DETECTADO en iteración 41317
2025-10-20 23:33:16,272 - WARNING -    Fitness actual: 164.3
2025-10-20 23:33:16,272 - WARNING -    Fitness vecino: 144.0
2025-10-20 23:33:16,273 - WARNING -    Delta: -20.3
2025-10-20 23:33:16,273 - WARNING -    Temperatura: 2.62
2025-10-20 23:33:16,273 - WARNING -    Tipo perturbación aplicada: (ver generar_vecino)
2025-10-20 23:33:16,274 - WARNING -    Vecino - Puntos: 17887, Tiempo: 14892.9min, Distancia: 122.7km
2025-10-20 23:33:16,274 - WARNING -    Actual - Puntos: 18015, Tiempo: 14433.5min, Distancia: 127.0km
2025-10-20 23:33:16,274 - WARNING -    Validez restricciones - Vecino: False, Actual: True
2025-10-20 23:33:16,275 - WARNING - ================================================================================
2025-10-20 23:33:16,275 - WARNING - ⚠️  SALTO ANORMAL DETECTADO en iteración 41317
2025-10-20 23:33:16,275 - WARNING -    Fitness: 164.3 → 144.0 (Δ=-20.3)
2025-10-20 23:33:16,276 - WARNING -    Ver detalles en archivo de log
2025-10-20 23:33:23,780 - DEBUG - Iter 41400: T=2.61, Fitness_actual=151.1, Mejor=167.0
2025-10-20 23:33:32,794 - INFO -   Iter 41500 | Tiempo:   55.0min (45.8%) | T =     2.60 | Fitness =    138.3 | Mejor =    167.0 | Aceptación =  85.6%
2025-10-20 23:33:32,795 - INFO - Progreso iter 41500: T=2.60, Fitness=138.3, Mejor=167.0, Tasa_acept=85.6%
2025-10-20 23:33:32,795 - WARNING - ⚠️  DEGRADACIÓN DETECTADA en iter 41500:
2025-10-20 23:33:32,795 - WARNING -    Mejor fitness: 167.0
2025-10-20 23:33:32,796 - WARNING -    Fitness promedio reciente: 141.6
2025-10-20 23:33:32,796 - WARNING -    Degradación: 25.4
2025-10-20 23:33:32,796 - WARNING -    🔄 RESTAURANDO mejor solución...
2025-10-20 23:33:32,797 - DEBUG - Iter 41500: T=2.60, Fitness_actual=167.0, Mejor=167.0
2025-10-20 23:33:41,903 - DEBUG - Iter 41600: T=2.60, Fitness_actual=146.1, Mejor=167.0
2025-10-20 23:33:46,470 - WARNING - ⚠️  DEGRADACIÓN DETECTADA en iter 41650:
2025-10-20 23:33:46,471 - WARNING -    Mejor fitness: 167.0
2025-10-20 23:33:46,471 - WARNING -    Fitness promedio reciente: 141.6
2025-10-20 23:33:46,472 - WARNING -    Degradación: 25.4
2025-10-20 23:33:46,472 - WARNING -    🔄 RESTAURANDO mejor solución...
2025-10-20 23:33:46,658 - INFO - 🌟 MEJORA #124 en iter 41652: Fitness=167.0 (+0.0), Puntos=18045
2025-10-20 23:33:47,217 - WARNING - ================================================================================
2025-10-20 23:33:47,218 - WARNING - ⚠️  SALTO ANORMAL DETECTADO en iteración 41658
2025-10-20 23:33:47,218 - WARNING -    Fitness actual: 163.0
2025-10-20 23:33:47,218 - WARNING -    Fitness vecino: 126.1
2025-10-20 23:33:47,219 - WARNING -    Delta: -36.9
2025-10-20 23:33:47,219 - WARNING -    Temperatura: 2.59
2025-10-20 23:33:47,219 - WARNING -    Tipo perturbación aplicada: (ver generar_vecino)
2025-10-20 23:33:47,219 - WARNING -    Vecino - Puntos: 17734, Tiempo: 16745.5min, Distancia: 206.0km
2025-10-20 23:33:47,220 - WARNING -    Actual - Puntos: 18038, Tiempo: 14350.1min, Distancia: 122.5km
2025-10-20 23:33:47,220 - WARNING -    Validez restricciones - Vecino: True, Actual: True
2025-10-20 23:33:47,220 - WARNING - ================================================================================
2025-10-20 23:33:47,220 - WARNING - ⚠️  SALTO ANORMAL DETECTADO en iteración 41658
2025-10-20 23:33:47,220 - WARNING -    Fitness: 163.0 → 126.1 (Δ=-36.9)
2025-10-20 23:33:47,221 - WARNING -    Ver detalles en archivo de log
2025-10-20 23:33:51,033 - DEBUG - Iter 41700: T=2.59, Fitness_actual=158.6, Mejor=167.0
2025-10-20 23:33:51,490 - WARNING - ================================================================================
2025-10-20 23:33:51,491 - WARNING - ⚠️  SALTO ANORMAL DETECTADO en iteración 41705
2025-10-20 23:33:51,491 - WARNING -    Fitness actual: 158.4
2025-10-20 23:33:51,492 - WARNING -    Fitness vecino: 114.7
2025-10-20 23:33:51,492 - WARNING -    Delta: -43.8
2025-10-20 23:33:51,493 - WARNING -    Temperatura: 2.59
2025-10-20 23:33:51,493 - WARNING -    Tipo perturbación aplicada: (ver generar_vecino)
2025-10-20 23:33:51,493 - WARNING -    Vecino - Puntos: 18059, Tiempo: 16351.0min, Distancia: 288.8km
2025-10-20 23:33:51,494 - WARNING -    Actual - Puntos: 18009, Tiempo: 14343.9min, Distancia: 127.4km
2025-10-20 23:33:51,494 - WARNING -    Validez restricciones - Vecino: True, Actual: True
2025-10-20 23:33:51,494 - WARNING - ================================================================================
2025-10-20 23:33:51,495 - WARNING - ⚠️  SALTO ANORMAL DETECTADO en iteración 41705
2025-10-20 23:33:51,495 - WARNING -    Fitness: 158.4 → 114.7 (Δ=-43.8)
2025-10-20 23:33:51,495 - WARNING -    Ver detalles en archivo de log
2025-10-20 23:34:00,193 - DEBUG - Iter 41800: T=2.58, Fitness_actual=144.7, Mejor=167.0
2025-10-20 23:34:04,772 - WARNING - ⚠️  DEGRADACIÓN DETECTADA en iter 41850:
2025-10-20 23:34:04,772 - WARNING -    Mejor fitness: 167.0
2025-10-20 23:34:04,773 - WARNING -    Fitness promedio reciente: 141.1
2025-10-20 23:34:04,773 - WARNING -    Degradación: 26.0
2025-10-20 23:34:04,774 - WARNING -    🔄 RESTAURANDO mejor solución...
2025-10-20 23:34:04,955 - INFO - 🌟 MEJORA #125 en iter 41852: Fitness=167.1 (+0.0), Puntos=18047
2025-10-20 23:34:04,956 - INFO -   ✨ Mejora #125 en iteración 41853: Fitness = 167.1 | Puntos = 18047 | T = 2.57
2025-10-20 23:34:07,694 - WARNING - ================================================================================
2025-10-20 23:34:07,694 - WARNING - ⚠️  SALTO ANORMAL DETECTADO en iteración 41882
2025-10-20 23:34:07,695 - WARNING -    Fitness actual: 159.3
2025-10-20 23:34:07,695 - WARNING -    Fitness vecino: 133.1
2025-10-20 23:34:07,695 - WARNING -    Delta: -26.2
2025-10-20 23:34:07,696 - WARNING -    Temperatura: 2.57
2025-10-20 23:34:07,696 - WARNING -    Tipo perturbación aplicada: (ver generar_vecino)
2025-10-20 23:34:07,696 - WARNING -    Vecino - Puntos: 17534, Tiempo: 17063.6min, Distancia: 190.2km
2025-10-20 23:34:07,697 - WARNING -    Actual - Puntos: 17965, Tiempo: 14554.3min, Distancia: 132.0km
2025-10-20 23:34:07,697 - WARNING -    Validez restricciones - Vecino: True, Actual: True
2025-10-20 23:34:07,698 - WARNING - ================================================================================
2025-10-20 23:34:07,698 - WARNING - ⚠️  SALTO ANORMAL DETECTADO en iteración 41882
2025-10-20 23:34:07,699 - WARNING -    Fitness: 159.3 → 133.1 (Δ=-26.2)
2025-10-20 23:34:07,699 - WARNING -    Ver detalles en archivo de log
2025-10-20 23:34:09,334 - DEBUG - Iter 41900: T=2.57, Fitness_actual=156.3, Mejor=167.1
2025-10-20 23:34:18,427 - INFO -   Iter 42000 | Tiempo:   55.7min (46.4%) | T =     2.56 | Fitness =    140.8 | Mejor =    167.1 | Aceptación =  85.6%
2025-10-20 23:34:18,428 - INFO - Progreso iter 42000: T=2.56, Fitness=140.8, Mejor=167.1, Tasa_acept=85.6%
2025-10-20 23:34:18,428 - WARNING - ⚠️  DEGRADACIÓN DETECTADA en iter 42000:
2025-10-20 23:34:18,429 - WARNING -    Mejor fitness: 167.1
2025-10-20 23:34:18,429 - WARNING -    Fitness promedio reciente: 145.3
2025-10-20 23:34:18,429 - WARNING -    Degradación: 21.8
2025-10-20 23:34:18,430 - WARNING -    🔄 RESTAURANDO mejor solución...
2025-10-20 23:34:18,431 - DEBUG - Iter 42000: T=2.56, Fitness_actual=167.1, Mejor=167.1
2025-10-20 23:34:18,795 - INFO - 🌟 MEJORA #126 en iter 42004: Fitness=167.1 (+0.1), Puntos=18057
2025-10-20 23:34:25,473 - WARNING - ================================================================================
2025-10-20 23:34:25,473 - WARNING - ⚠️  SALTO ANORMAL DETECTADO en iteración 42077
2025-10-20 23:34:25,473 - WARNING -    Fitness actual: 144.0
2025-10-20 23:34:25,474 - WARNING -    Fitness vecino: 121.7
2025-10-20 23:34:25,474 - WARNING -    Delta: -22.3
2025-10-20 23:34:25,475 - WARNING -    Temperatura: 2.55
2025-10-20 23:34:25,475 - WARNING -    Tipo perturbación aplicada: (ver generar_vecino)
2025-10-20 23:34:25,475 - WARNING -    Vecino - Puntos: 17638, Tiempo: 15587.9min, Distancia: 237.7km
2025-10-20 23:34:25,476 - WARNING -    Actual - Puntos: 17841, Tiempo: 14371.1min, Distancia: 127.6km
2025-10-20 23:34:25,476 - WARNING -    Validez restricciones - Vecino: False, Actual: False
2025-10-20 23:34:25,476 - WARNING - ================================================================================
2025-10-20 23:34:25,476 - WARNING - ⚠️  SALTO ANORMAL DETECTADO en iteración 42077
2025-10-20 23:34:25,476 - WARNING -    Fitness: 144.0 → 121.7 (Δ=-22.3)
2025-10-20 23:34:25,477 - WARNING -    Ver detalles en archivo de log
2025-10-20 23:34:27,590 - DEBUG - Iter 42100: T=2.55, Fitness_actual=141.8, Mejor=167.1
2025-10-20 23:34:32,176 - WARNING - ⚠️  DEGRADACIÓN DETECTADA en iter 42150:
2025-10-20 23:34:32,176 - WARNING -    Mejor fitness: 167.1
2025-10-20 23:34:32,177 - WARNING -    Fitness promedio reciente: 142.9
2025-10-20 23:34:32,177 - WARNING -    Degradación: 24.3
2025-10-20 23:34:32,177 - WARNING -    🔄 RESTAURANDO mejor solución...
2025-10-20 23:34:36,727 - DEBUG - Iter 42200: T=2.54, Fitness_actual=157.4, Mejor=167.1
2025-10-20 23:34:38,198 - WARNING - ================================================================================
2025-10-20 23:34:38,198 - WARNING - ⚠️  SALTO ANORMAL DETECTADO en iteración 42216
2025-10-20 23:34:38,199 - WARNING -    Fitness actual: 156.6
2025-10-20 23:34:38,199 - WARNING -    Fitness vecino: 104.8
2025-10-20 23:34:38,199 - WARNING -    Delta: -51.9
2025-10-20 23:34:38,199 - WARNING -    Temperatura: 2.54
2025-10-20 23:34:38,200 - WARNING -    Tipo perturbación aplicada: (ver generar_vecino)
2025-10-20 23:34:38,200 - WARNING -    Vecino - Puntos: 17984, Tiempo: 16961.2min, Distancia: 334.3km
2025-10-20 23:34:38,200 - WARNING -    Actual - Puntos: 18018, Tiempo: 14255.8min, Distancia: 121.3km
2025-10-20 23:34:38,200 - WARNING -    Validez restricciones - Vecino: True, Actual: True
2025-10-20 23:34:38,201 - WARNING - ================================================================================
2025-10-20 23:34:38,201 - WARNING - ⚠️  SALTO ANORMAL DETECTADO en iteración 42216
2025-10-20 23:34:38,201 - WARNING -    Fitness: 156.6 → 104.8 (Δ=-51.9)
2025-10-20 23:34:38,201 - WARNING -    Ver detalles en archivo de log
2025-10-20 23:34:45,899 - WARNING - ⚠️  DEGRADACIÓN DETECTADA en iter 42300:
2025-10-20 23:34:45,900 - WARNING -    Mejor fitness: 167.1
2025-10-20 23:34:45,900 - WARNING -    Fitness promedio reciente: 147.1
2025-10-20 23:34:45,900 - WARNING -    Degradación: 20.1
2025-10-20 23:34:45,901 - WARNING -    🔄 RESTAURANDO mejor solución...
2025-10-20 23:34:45,904 - DEBUG - Iter 42300: T=2.53, Fitness_actual=167.1, Mejor=167.1
2025-10-20 23:34:55,014 - DEBUG - Iter 42400: T=2.52, Fitness_actual=149.7, Mejor=167.1
2025-10-20 23:35:04,195 - INFO -   Iter 42500 | Tiempo:   56.5min (47.1%) | T =     2.51 | Fitness =    129.4 | Mejor =    167.1 | Aceptación =  85.5%
2025-10-20 23:35:04,196 - INFO - Progreso iter 42500: T=2.51, Fitness=129.4, Mejor=167.1, Tasa_acept=85.5%
2025-10-20 23:35:04,196 - WARNING - ⚠️  DEGRADACIÓN DETECTADA en iter 42500:
2025-10-20 23:35:04,197 - WARNING -    Mejor fitness: 167.1
2025-10-20 23:35:04,197 - WARNING -    Fitness promedio reciente: 139.3
2025-10-20 23:35:04,197 - WARNING -    Degradación: 27.8
2025-10-20 23:35:04,198 - WARNING -    🔄 RESTAURANDO mejor solución...
2025-10-20 23:35:04,202 - DEBUG - Iter 42500: T=2.51, Fitness_actual=167.1, Mejor=167.1
2025-10-20 23:35:13,378 - DEBUG - Iter 42600: T=2.50, Fitness_actual=140.1, Mejor=167.1
2025-10-20 23:35:17,968 - WARNING - ⚠️  DEGRADACIÓN DETECTADA en iter 42650:
2025-10-20 23:35:17,968 - WARNING -    Mejor fitness: 167.1
2025-10-20 23:35:17,968 - WARNING -    Fitness promedio reciente: 140.8
2025-10-20 23:35:17,969 - WARNING -    Degradación: 26.4
2025-10-20 23:35:17,969 - WARNING -    🔄 RESTAURANDO mejor solución...
2025-10-20 23:35:19,465 - WARNING - ================================================================================
2025-10-20 23:35:19,465 - WARNING - ⚠️  SALTO ANORMAL DETECTADO en iteración 42666
2025-10-20 23:35:19,466 - WARNING -    Fitness actual: 164.1
2025-10-20 23:35:19,466 - WARNING -    Fitness vecino: 118.1
2025-10-20 23:35:19,467 - WARNING -    Delta: -46.0
2025-10-20 23:35:19,467 - WARNING -    Temperatura: 2.50
2025-10-20 23:35:19,467 - WARNING -    Tipo perturbación aplicada: (ver generar_vecino)
2025-10-20 23:35:19,468 - WARNING -    Vecino - Puntos: 18022, Tiempo: 16924.9min, Distancia: 317.9km
2025-10-20 23:35:19,468 - WARNING -    Actual - Puntos: 18052, Tiempo: 14591.5min, Distancia: 128.9km
2025-10-20 23:35:19,468 - WARNING -    Validez restricciones - Vecino: True, Actual: True
2025-10-20 23:35:19,469 - WARNING - ================================================================================
2025-10-20 23:35:19,469 - WARNING - ⚠️  SALTO ANORMAL DETECTADO en iteración 42666
2025-10-20 23:35:19,469 - WARNING -    Fitness: 164.1 → 118.1 (Δ=-46.0)
2025-10-20 23:35:19,469 - WARNING -    Ver detalles en archivo de log
2025-10-20 23:35:22,585 - DEBUG - Iter 42700: T=2.49, Fitness_actual=158.8, Mejor=167.1
2025-10-20 23:35:31,847 - WARNING - ⚠️  DEGRADACIÓN DETECTADA en iter 42800:
2025-10-20 23:35:31,848 - WARNING -    Mejor fitness: 167.1
2025-10-20 23:35:31,848 - WARNING -    Fitness promedio reciente: 135.8
2025-10-20 23:35:31,849 - WARNING -    Degradación: 31.4
2025-10-20 23:35:31,849 - WARNING -    🔄 RESTAURANDO mejor solución...
2025-10-20 23:35:31,850 - DEBUG - Iter 42800: T=2.48, Fitness_actual=167.1, Mejor=167.1
2025-10-20 23:35:41,093 - DEBUG - Iter 42900: T=2.47, Fitness_actual=153.3, Mejor=167.1
2025-10-20 23:35:45,711 - WARNING - ⚠️  DEGRADACIÓN DETECTADA en iter 42950:
2025-10-20 23:35:45,711 - WARNING -    Mejor fitness: 167.1
2025-10-20 23:35:45,712 - WARNING -    Fitness promedio reciente: 144.7
2025-10-20 23:35:45,712 - WARNING -    Degradación: 22.5
2025-10-20 23:35:45,713 - WARNING -    🔄 RESTAURANDO mejor solución...
2025-10-20 23:35:50,318 - INFO -   Iter 43000 | Tiempo:   57.3min (47.7%) | T =     2.47 | Fitness =    155.0 | Mejor =    167.1 | Aceptación =  85.5%
2025-10-20 23:35:50,318 - INFO - Progreso iter 43000: T=2.47, Fitness=155.0, Mejor=167.1, Tasa_acept=85.5%
2025-10-20 23:35:50,319 - DEBUG - Iter 43000: T=2.47, Fitness_actual=155.0, Mejor=167.1
2025-10-20 23:35:59,695 - DEBUG - Iter 43100: T=2.46, Fitness_actual=153.5, Mejor=167.1
2025-10-20 23:36:02,059 - WARNING - ================================================================================
2025-10-20 23:36:02,059 - WARNING - ⚠️  SALTO ANORMAL DETECTADO en iteración 43125
2025-10-20 23:36:02,060 - WARNING -    Fitness actual: 151.0
2025-10-20 23:36:02,060 - WARNING -    Fitness vecino: 125.8
2025-10-20 23:36:02,061 - WARNING -    Delta: -25.2
2025-10-20 23:36:02,061 - WARNING -    Temperatura: 2.45
2025-10-20 23:36:02,061 - WARNING -    Tipo perturbación aplicada: (ver generar_vecino)
2025-10-20 23:36:02,062 - WARNING -    Vecino - Puntos: 17720, Tiempo: 17211.9min, Distancia: 167.7km
2025-10-20 23:36:02,062 - WARNING -    Actual - Puntos: 17963, Tiempo: 14397.0min, Distancia: 135.2km
2025-10-20 23:36:02,062 - WARNING -    Validez restricciones - Vecino: True, Actual: True
2025-10-20 23:36:02,063 - WARNING - ================================================================================
2025-10-20 23:36:02,063 - WARNING - ⚠️  SALTO ANORMAL DETECTADO en iteración 43125
2025-10-20 23:36:02,064 - WARNING -    Fitness: 151.0 → 125.8 (Δ=-25.2)
2025-10-20 23:36:02,064 - WARNING -    Ver detalles en archivo de log
2025-10-20 23:36:09,067 - WARNING - ⚠️  DEGRADACIÓN DETECTADA en iter 43200:
2025-10-20 23:36:09,068 - WARNING -    Mejor fitness: 167.1
2025-10-20 23:36:09,068 - WARNING -    Fitness promedio reciente: 141.8
2025-10-20 23:36:09,068 - WARNING -    Degradación: 25.3
2025-10-20 23:36:09,068 - WARNING -    🔄 RESTAURANDO mejor solución...
2025-10-20 23:36:09,069 - DEBUG - Iter 43200: T=2.45, Fitness_actual=167.1, Mejor=167.1
2025-10-20 23:36:09,162 - INFO - 🌟 MEJORA #127 en iter 43201: Fitness=167.3 (+0.1), Puntos=18068
2025-10-20 23:36:18,291 - DEBUG - Iter 43300: T=2.44, Fitness_actual=153.2, Mejor=167.3
2025-10-20 23:36:27,603 - WARNING - ⚠️  DEGRADACIÓN DETECTADA en iter 43400:
2025-10-20 23:36:27,604 - WARNING -    Mejor fitness: 167.3
2025-10-20 23:36:27,604 - WARNING -    Fitness promedio reciente: 146.9
2025-10-20 23:36:27,604 - WARNING -    Degradación: 20.4
2025-10-20 23:36:27,605 - WARNING -    🔄 RESTAURANDO mejor solución...
2025-10-20 23:36:27,606 - DEBUG - Iter 43400: T=2.43, Fitness_actual=167.3, Mejor=167.3
2025-10-20 23:36:36,935 - INFO -   Iter 43500 | Tiempo:   58.0min (48.4%) | T =     2.42 | Fitness =    150.5 | Mejor =    167.3 | Aceptación =  85.3%
2025-10-20 23:36:36,936 - INFO - Progreso iter 43500: T=2.42, Fitness=150.5, Mejor=167.3, Tasa_acept=85.3%
2025-10-20 23:36:36,939 - DEBUG - Iter 43500: T=2.42, Fitness_actual=150.5, Mejor=167.3
2025-10-20 23:36:46,209 - DEBUG - Iter 43600: T=2.41, Fitness_actual=146.6, Mejor=167.3
2025-10-20 23:36:47,691 - WARNING - ================================================================================
2025-10-20 23:36:47,692 - WARNING - ⚠️  SALTO ANORMAL DETECTADO en iteración 43616
2025-10-20 23:36:47,692 - WARNING -    Fitness actual: 146.2
2025-10-20 23:36:47,693 - WARNING -    Fitness vecino: 125.5
2025-10-20 23:36:47,693 - WARNING -    Delta: -20.6
2025-10-20 23:36:47,693 - WARNING -    Temperatura: 2.41
2025-10-20 23:36:47,694 - WARNING -    Tipo perturbación aplicada: (ver generar_vecino)
2025-10-20 23:36:47,694 - WARNING -    Vecino - Puntos: 16790, Tiempo: 14454.6min, Distancia: 187.9km
2025-10-20 23:36:47,695 - WARNING -    Actual - Puntos: 17553, Tiempo: 14307.5min, Distancia: 123.5km
2025-10-20 23:36:47,695 - WARNING -    Validez restricciones - Vecino: False, Actual: False
2025-10-20 23:36:47,695 - WARNING - ================================================================================
2025-10-20 23:36:47,695 - WARNING - ⚠️  SALTO ANORMAL DETECTADO en iteración 43616
2025-10-20 23:36:47,696 - WARNING -    Fitness: 146.2 → 125.5 (Δ=-20.6)
2025-10-20 23:36:47,696 - WARNING -    Ver detalles en archivo de log
2025-10-20 23:36:50,855 - WARNING - ⚠️  DEGRADACIÓN DETECTADA en iter 43650:
2025-10-20 23:36:50,856 - WARNING -    Mejor fitness: 167.3
2025-10-20 23:36:50,856 - WARNING -    Fitness promedio reciente: 145.7
2025-10-20 23:36:50,856 - WARNING -    Degradación: 21.6
2025-10-20 23:36:50,857 - WARNING -    🔄 RESTAURANDO mejor solución...
2025-10-20 23:36:50,858 - INFO - 🌟 MEJORA #128 en iter 43650: Fitness=167.3 (+0.0), Puntos=18068
2025-10-20 23:36:55,604 - DEBUG - Iter 43700: T=2.40, Fitness_actual=153.3, Mejor=167.3
2025-10-20 23:37:05,142 - WARNING - ⚠️  DEGRADACIÓN DETECTADA en iter 43800:
2025-10-20 23:37:05,142 - WARNING -    Mejor fitness: 167.3
2025-10-20 23:37:05,143 - WARNING -    Fitness promedio reciente: 143.3
2025-10-20 23:37:05,143 - WARNING -    Degradación: 24.0
2025-10-20 23:37:05,143 - WARNING -    🔄 RESTAURANDO mejor solución...
2025-10-20 23:37:05,146 - DEBUG - Iter 43800: T=2.39, Fitness_actual=167.3, Mejor=167.3
2025-10-20 23:37:10,484 - WARNING - ================================================================================
2025-10-20 23:37:10,484 - WARNING - ⚠️  SALTO ANORMAL DETECTADO en iteración 43857
2025-10-20 23:37:10,485 - WARNING -    Fitness actual: 161.5
2025-10-20 23:37:10,485 - WARNING -    Fitness vecino: 124.4
2025-10-20 23:37:10,485 - WARNING -    Delta: -37.2
2025-10-20 23:37:10,486 - WARNING -    Temperatura: 2.39
2025-10-20 23:37:10,486 - WARNING -    Tipo perturbación aplicada: (ver generar_vecino)
2025-10-20 23:37:10,486 - WARNING -    Vecino - Puntos: 18070, Tiempo: 16460.6min, Distancia: 249.6km
2025-10-20 23:37:10,486 - WARNING -    Actual - Puntos: 18031, Tiempo: 14620.3min, Distancia: 132.5km
2025-10-20 23:37:10,487 - WARNING -    Validez restricciones - Vecino: True, Actual: True
2025-10-20 23:37:10,487 - WARNING - ================================================================================
2025-10-20 23:37:10,487 - WARNING - ⚠️  SALTO ANORMAL DETECTADO en iteración 43857
2025-10-20 23:37:10,487 - WARNING -    Fitness: 161.5 → 124.4 (Δ=-37.2)
2025-10-20 23:37:10,487 - WARNING -    Ver detalles en archivo de log
2025-10-20 23:37:14,496 - DEBUG - Iter 43900: T=2.38, Fitness_actual=156.2, Mejor=167.3
2025-10-20 23:37:23,775 - INFO -   Iter 44000 | Tiempo:   58.8min (49.0%) | T =     2.37 | Fitness =    152.3 | Mejor =    167.3 | Aceptación =  85.2%
2025-10-20 23:37:23,776 - INFO - Progreso iter 44000: T=2.37, Fitness=152.3, Mejor=167.3, Tasa_acept=85.2%
2025-10-20 23:37:23,777 - DEBUG - Iter 44000: T=2.37, Fitness_actual=152.3, Mejor=167.3
2025-10-20 23:37:33,081 - WARNING - ⚠️  DEGRADACIÓN DETECTADA en iter 44100:
2025-10-20 23:37:33,081 - WARNING -    Mejor fitness: 167.3
2025-10-20 23:37:33,081 - WARNING -    Fitness promedio reciente: 145.3
2025-10-20 23:37:33,082 - WARNING -    Degradación: 22.0
2025-10-20 23:37:33,082 - WARNING -    🔄 RESTAURANDO mejor solución...
2025-10-20 23:37:33,083 - DEBUG - Iter 44100: T=2.37, Fitness_actual=167.3, Mejor=167.3
2025-10-20 23:37:34,752 - WARNING - ================================================================================
2025-10-20 23:37:34,752 - WARNING - ⚠️  SALTO ANORMAL DETECTADO en iteración 44118
2025-10-20 23:37:34,753 - WARNING -    Fitness actual: 165.2
2025-10-20 23:37:34,753 - WARNING -    Fitness vecino: 143.5
2025-10-20 23:37:34,753 - WARNING -    Delta: -21.7
2025-10-20 23:37:34,754 - WARNING -    Temperatura: 2.36
2025-10-20 23:37:34,754 - WARNING -    Tipo perturbación aplicada: (ver generar_vecino)
2025-10-20 23:37:34,755 - WARNING -    Vecino - Puntos: 17139, Tiempo: 14523.3min, Distancia: 126.5km
2025-10-20 23:37:34,755 - WARNING -    Actual - Puntos: 18067, Tiempo: 14551.1min, Distancia: 130.9km
2025-10-20 23:37:34,756 - WARNING -    Validez restricciones - Vecino: False, Actual: True
2025-10-20 23:37:34,756 - WARNING - ================================================================================
2025-10-20 23:37:34,756 - WARNING - ⚠️  SALTO ANORMAL DETECTADO en iteración 44118
2025-10-20 23:37:34,757 - WARNING -    Fitness: 165.2 → 143.5 (Δ=-21.7)
2025-10-20 23:37:34,757 - WARNING -    Ver detalles en archivo de log
2025-10-20 23:37:42,393 - DEBUG - Iter 44200: T=2.36, Fitness_actual=153.1, Mejor=167.3
2025-10-20 23:37:51,735 - DEBUG - Iter 44300: T=2.35, Fitness_actual=145.6, Mejor=167.3
2025-10-20 23:37:56,454 - WARNING - ⚠️  DEGRADACIÓN DETECTADA en iter 44350:
2025-10-20 23:37:56,454 - WARNING -    Mejor fitness: 167.3
2025-10-20 23:37:56,455 - WARNING -    Fitness promedio reciente: 143.0
2025-10-20 23:37:56,455 - WARNING -    Degradación: 24.3
2025-10-20 23:37:56,455 - WARNING -    🔄 RESTAURANDO mejor solución...
2025-10-20 23:38:01,125 - DEBUG - Iter 44400: T=2.34, Fitness_actual=154.1, Mejor=167.3
2025-10-20 23:38:10,545 - INFO -   Iter 44500 | Tiempo:   59.6min (49.7%) | T =     2.33 | Fitness =    143.8 | Mejor =    167.3 | Aceptación =  85.2%
2025-10-20 23:38:10,545 - INFO - Progreso iter 44500: T=2.33, Fitness=143.8, Mejor=167.3, Tasa_acept=85.2%
2025-10-20 23:38:10,545 - WARNING - ⚠️  DEGRADACIÓN DETECTADA en iter 44500:
2025-10-20 23:38:10,546 - WARNING -    Mejor fitness: 167.3
2025-10-20 23:38:10,546 - WARNING -    Fitness promedio reciente: 144.7
2025-10-20 23:38:10,546 - WARNING -    Degradación: 22.6
2025-10-20 23:38:10,547 - WARNING -    🔄 RESTAURANDO mejor solución...
2025-10-20 23:38:10,548 - DEBUG - Iter 44500: T=2.33, Fitness_actual=167.3, Mejor=167.3
2025-10-20 23:38:11,949 - WARNING - ================================================================================
2025-10-20 23:38:11,950 - WARNING - ⚠️  SALTO ANORMAL DETECTADO en iteración 44515
2025-10-20 23:38:11,950 - WARNING -    Fitness actual: 162.3
2025-10-20 23:38:11,950 - WARNING -    Fitness vecino: 140.0
2025-10-20 23:38:11,951 - WARNING -    Delta: -22.2
2025-10-20 23:38:11,951 - WARNING -    Temperatura: 2.33
2025-10-20 23:38:11,952 - WARNING -    Tipo perturbación aplicada: (ver generar_vecino)
2025-10-20 23:38:11,952 - WARNING -    Vecino - Puntos: 18070, Tiempo: 15689.5min, Distancia: 199.1km
2025-10-20 23:38:11,953 - WARNING -    Actual - Puntos: 18064, Tiempo: 14566.6min, Distancia: 127.2km
2025-10-20 23:38:11,953 - WARNING -    Validez restricciones - Vecino: True, Actual: True
2025-10-20 23:38:11,953 - WARNING - ================================================================================
2025-10-20 23:38:11,954 - WARNING - ⚠️  SALTO ANORMAL DETECTADO en iteración 44515
2025-10-20 23:38:11,954 - WARNING -    Fitness: 162.3 → 140.0 (Δ=-22.2)
2025-10-20 23:38:11,954 - WARNING -    Ver detalles en archivo de log
2025-10-20 23:38:13,441 - INFO - Iter 44531: Aceptada solución con delta=-11.0 (T=2.33)
2025-10-20 23:38:13,441 - INFO -   📊 Desglose del cambio:
2025-10-20 23:38:13,442 - INFO -      Puntos: +0 → 18068 total
2025-10-20 23:38:13,442 - INFO -      Tiempo: +0.0min → 14649.5min total
2025-10-20 23:38:13,443 - INFO -      Distancia: +0.0km → 127.9km total
2025-10-20 23:38:19,962 - WARNING - ⚠️  DEGRADACIÓN DETECTADA en iter 44600:
2025-10-20 23:38:19,963 - WARNING -    Mejor fitness: 167.3
2025-10-20 23:38:19,963 - WARNING -    Fitness promedio reciente: 145.4
2025-10-20 23:38:19,964 - WARNING -    Degradación: 21.9
2025-10-20 23:38:19,964 - WARNING -    🔄 RESTAURANDO mejor solución...
2025-10-20 23:38:19,965 - DEBUG - Iter 44600: T=2.32, Fitness_actual=167.3, Mejor=167.3
2025-10-20 23:38:20,062 - INFO - 🌟 MEJORA #129 en iter 44601: Fitness=167.3 (+0.0), Puntos=18068
2025-10-20 23:38:20,252 - INFO - 🌟 MEJORA #130 en iter 44603: Fitness=167.3 (+0.0), Puntos=18068
2025-10-20 23:38:20,252 - INFO -   ✨ Mejora #130 en iteración 44604: Fitness = 167.3 | Puntos = 18068 | T = 2.32
2025-10-20 23:38:20,441 - INFO - 🌟 MEJORA #131 en iter 44605: Fitness=167.3 (+0.0), Puntos=18068
2025-10-20 23:38:20,726 - INFO - 🌟 MEJORA #132 en iter 44608: Fitness=167.3 (+0.0), Puntos=18068
2025-10-20 23:38:29,360 - DEBUG - Iter 44700: T=2.31, Fitness_actual=148.5, Mejor=167.3
2025-10-20 23:38:34,064 - WARNING - ⚠️  DEGRADACIÓN DETECTADA en iter 44750:
2025-10-20 23:38:34,065 - WARNING -    Mejor fitness: 167.3
2025-10-20 23:38:34,065 - WARNING -    Fitness promedio reciente: 147.1
2025-10-20 23:38:34,065 - WARNING -    Degradación: 20.2
2025-10-20 23:38:34,065 - WARNING -    🔄 RESTAURANDO mejor solución...
2025-10-20 23:38:38,019 - WARNING - ================================================================================
2025-10-20 23:38:38,020 - WARNING - ⚠️  SALTO ANORMAL DETECTADO en iteración 44792
2025-10-20 23:38:38,020 - WARNING -    Fitness actual: 159.7
2025-10-20 23:38:38,021 - WARNING -    Fitness vecino: 126.7
2025-10-20 23:38:38,021 - WARNING -    Delta: -33.0
2025-10-20 23:38:38,022 - WARNING -    Temperatura: 2.31
2025-10-20 23:38:38,022 - WARNING -    Tipo perturbación aplicada: (ver generar_vecino)
2025-10-20 23:38:38,023 - WARNING -    Vecino - Puntos: 18034, Tiempo: 16115.3min, Distancia: 271.3km
2025-10-20 23:38:38,023 - WARNING -    Actual - Puntos: 18064, Tiempo: 14430.1min, Distancia: 121.7km
2025-10-20 23:38:38,023 - WARNING -    Validez restricciones - Vecino: True, Actual: True
2025-10-20 23:38:38,024 - WARNING - ================================================================================
2025-10-20 23:38:38,024 - WARNING - ⚠️  SALTO ANORMAL DETECTADO en iteración 44792
2025-10-20 23:38:38,024 - WARNING -    Fitness: 159.7 → 126.7 (Δ=-33.0)
2025-10-20 23:38:38,024 - WARNING -    Ver detalles en archivo de log
2025-10-20 23:38:38,783 - DEBUG - Iter 44800: T=2.30, Fitness_actual=159.6, Mejor=167.3
2025-10-20 23:38:48,360 - DEBUG - Iter 44900: T=2.30, Fitness_actual=153.8, Mejor=167.3
2025-10-20 23:38:57,801 - INFO -   Iter 45000 | Tiempo:   60.4min (50.3%) | T =     2.29 | Fitness =    145.6 | Mejor =    167.3 | Aceptación =  85.1%
2025-10-20 23:38:57,801 - INFO - Progreso iter 45000: T=2.29, Fitness=145.6, Mejor=167.3, Tasa_acept=85.1%
2025-10-20 23:38:57,804 - DEBUG - Iter 45000: T=2.29, Fitness_actual=145.6, Mejor=167.3
2025-10-20 23:39:02,621 - WARNING - ⚠️  DEGRADACIÓN DETECTADA en iter 45050:
2025-10-20 23:39:02,622 - WARNING -    Mejor fitness: 167.3
2025-10-20 23:39:02,622 - WARNING -    Fitness promedio reciente: 143.9
2025-10-20 23:39:02,622 - WARNING -    Degradación: 23.3
2025-10-20 23:39:02,623 - WARNING -    🔄 RESTAURANDO mejor solución...
2025-10-20 23:39:07,341 - DEBUG - Iter 45100: T=2.28, Fitness_actual=155.2, Mejor=167.3
2025-10-20 23:39:16,744 - DEBUG - Iter 45200: T=2.27, Fitness_actual=150.1, Mejor=167.3
2025-10-20 23:39:21,513 - WARNING - ⚠️  DEGRADACIÓN DETECTADA en iter 45250:
2025-10-20 23:39:21,514 - WARNING -    Mejor fitness: 167.3
2025-10-20 23:39:21,514 - WARNING -    Fitness promedio reciente: 142.6
2025-10-20 23:39:21,514 - WARNING -    Degradación: 24.6
2025-10-20 23:39:21,515 - WARNING -    🔄 RESTAURANDO mejor solución...
2025-10-20 23:39:21,516 - INFO - 🌟 MEJORA #133 en iter 45250: Fitness=167.3 (+0.0), Puntos=18068
2025-10-20 23:39:26,325 - DEBUG - Iter 45300: T=2.26, Fitness_actual=161.9, Mejor=167.3
2025-10-20 23:39:35,903 - WARNING - ⚠️  DEGRADACIÓN DETECTADA en iter 45400:
2025-10-20 23:39:35,903 - WARNING -    Mejor fitness: 167.3
2025-10-20 23:39:35,903 - WARNING -    Fitness promedio reciente: 145.4
2025-10-20 23:39:35,904 - WARNING -    Degradación: 21.9
2025-10-20 23:39:35,904 - WARNING -    🔄 RESTAURANDO mejor solución...
2025-10-20 23:39:35,905 - DEBUG - Iter 45400: T=2.25, Fitness_actual=167.3, Mejor=167.3
2025-10-20 23:39:35,905 - INFO - 🌟 MEJORA #134 en iter 45400: Fitness=167.3 (+0.0), Puntos=18068
2025-10-20 23:39:36,098 - INFO - 🌟 MEJORA #135 en iter 45402: Fitness=167.4 (+0.1), Puntos=18079
2025-10-20 23:39:36,098 - INFO -   ✨ Mejora #135 en iteración 45403: Fitness = 167.4 | Puntos = 18079 | T = 2.25
2025-10-20 23:39:37,341 - WARNING - ================================================================================
2025-10-20 23:39:37,342 - WARNING - ⚠️  SALTO ANORMAL DETECTADO en iteración 45415
2025-10-20 23:39:37,342 - WARNING -    Fitness actual: 165.9
2025-10-20 23:39:37,342 - WARNING -    Fitness vecino: 140.6
2025-10-20 23:39:37,343 - WARNING -    Delta: -25.3
2025-10-20 23:39:37,343 - WARNING -    Temperatura: 2.25
2025-10-20 23:39:37,344 - WARNING -    Tipo perturbación aplicada: (ver generar_vecino)
2025-10-20 23:39:37,344 - WARNING -    Vecino - Puntos: 17951, Tiempo: 15269.8min, Distancia: 129.2km
2025-10-20 23:39:37,344 - WARNING -    Actual - Puntos: 18046, Tiempo: 14670.0min, Distancia: 129.2km
2025-10-20 23:39:37,345 - WARNING -    Validez restricciones - Vecino: False, Actual: True
2025-10-20 23:39:37,345 - WARNING - ================================================================================
2025-10-20 23:39:37,346 - WARNING - ⚠️  SALTO ANORMAL DETECTADO en iteración 45415
2025-10-20 23:39:37,346 - WARNING -    Fitness: 165.9 → 140.6 (Δ=-25.3)
2025-10-20 23:39:37,346 - WARNING -    Ver detalles en archivo de log
2025-10-20 23:39:45,408 - INFO -   Iter 45500 | Tiempo:   61.2min (51.0%) | T =     2.24 | Fitness =    143.9 | Mejor =    167.4 | Aceptación =  85.1%
2025-10-20 23:39:45,408 - INFO - Progreso iter 45500: T=2.24, Fitness=143.9, Mejor=167.4, Tasa_acept=85.1%
2025-10-20 23:39:45,411 - DEBUG - Iter 45500: T=2.24, Fitness_actual=143.9, Mejor=167.4
2025-10-20 23:39:50,212 - WARNING - ⚠️  DEGRADACIÓN DETECTADA en iter 45550:
2025-10-20 23:39:50,212 - WARNING -    Mejor fitness: 167.4
2025-10-20 23:39:50,213 - WARNING -    Fitness promedio reciente: 141.6
2025-10-20 23:39:50,213 - WARNING -    Degradación: 25.7
2025-10-20 23:39:50,213 - WARNING -    🔄 RESTAURANDO mejor solución...
2025-10-20 23:39:50,310 - INFO - 🌟 MEJORA #136 en iter 45551: Fitness=167.4 (+0.0), Puntos=18079
2025-10-20 23:39:54,958 - DEBUG - Iter 45600: T=2.24, Fitness_actual=156.9, Mejor=167.4
2025-10-20 23:40:04,459 - WARNING - ⚠️  DEGRADACIÓN DETECTADA en iter 45700:
2025-10-20 23:40:04,459 - WARNING -    Mejor fitness: 167.4
2025-10-20 23:40:04,460 - WARNING -    Fitness promedio reciente: 144.8
2025-10-20 23:40:04,460 - WARNING -    Degradación: 22.6
2025-10-20 23:40:04,461 - WARNING -    🔄 RESTAURANDO mejor solución...
2025-10-20 23:40:04,462 - DEBUG - Iter 45700: T=2.23, Fitness_actual=167.4, Mejor=167.4
2025-10-20 23:40:14,042 - DEBUG - Iter 45800: T=2.22, Fitness_actual=154.2, Mejor=167.4
2025-10-20 23:40:23,578 - DEBUG - Iter 45900: T=2.21, Fitness_actual=146.5, Mejor=167.4
2025-10-20 23:40:28,366 - WARNING - ⚠️  DEGRADACIÓN DETECTADA en iter 45950:
2025-10-20 23:40:28,366 - WARNING -    Mejor fitness: 167.4
2025-10-20 23:40:28,366 - WARNING -    Fitness promedio reciente: 144.9
2025-10-20 23:40:28,367 - WARNING -    Degradación: 22.4
2025-10-20 23:40:28,367 - WARNING -    🔄 RESTAURANDO mejor solución...
2025-10-20 23:40:33,145 - INFO -   Iter 46000 | Tiempo:   62.0min (51.7%) | T =     2.20 | Fitness =    154.4 | Mejor =    167.4 | Aceptación =  85.1%
2025-10-20 23:40:33,146 - INFO - Progreso iter 46000: T=2.20, Fitness=154.4, Mejor=167.4, Tasa_acept=85.1%
2025-10-20 23:40:33,147 - DEBUG - Iter 46000: T=2.20, Fitness_actual=154.4, Mejor=167.4
2025-10-20 23:40:42,669 - WARNING - ⚠️  DEGRADACIÓN DETECTADA en iter 46100:
2025-10-20 23:40:42,669 - WARNING -    Mejor fitness: 167.4
2025-10-20 23:40:42,670 - WARNING -    Fitness promedio reciente: 142.6
2025-10-20 23:40:42,670 - WARNING -    Degradación: 24.8
2025-10-20 23:40:42,670 - WARNING -    🔄 RESTAURANDO mejor solución...
2025-10-20 23:40:42,674 - DEBUG - Iter 46100: T=2.19, Fitness_actual=167.4, Mejor=167.4
2025-10-20 23:40:52,185 - DEBUG - Iter 46200: T=2.19, Fitness_actual=148.2, Mejor=167.4
2025-10-20 23:40:56,980 - WARNING - ⚠️  DEGRADACIÓN DETECTADA en iter 46250:
2025-10-20 23:40:56,981 - WARNING -    Mejor fitness: 167.4
2025-10-20 23:40:56,981 - WARNING -    Fitness promedio reciente: 144.8
2025-10-20 23:40:56,982 - WARNING -    Degradación: 22.6
2025-10-20 23:40:56,982 - WARNING -    🔄 RESTAURANDO mejor solución...
2025-10-20 23:41:01,864 - DEBUG - Iter 46300: T=2.18, Fitness_actual=151.3, Mejor=167.4
2025-10-20 23:41:11,508 - DEBUG - Iter 46400: T=2.17, Fitness_actual=146.0, Mejor=167.4
2025-10-20 23:41:16,302 - WARNING - ⚠️  DEGRADACIÓN DETECTADA en iter 46450:
2025-10-20 23:41:16,303 - WARNING -    Mejor fitness: 167.4
2025-10-20 23:41:16,303 - WARNING -    Fitness promedio reciente: 142.9
2025-10-20 23:41:16,304 - WARNING -    Degradación: 24.4
2025-10-20 23:41:16,304 - WARNING -    🔄 RESTAURANDO mejor solución...
2025-10-20 23:41:21,064 - INFO -   Iter 46500 | Tiempo:   62.8min (52.3%) | T =     2.16 | Fitness =    150.2 | Mejor =    167.4 | Aceptación =  85.0%
2025-10-20 23:41:21,065 - INFO - Progreso iter 46500: T=2.16, Fitness=150.2, Mejor=167.4, Tasa_acept=85.0%
2025-10-20 23:41:21,066 - DEBUG - Iter 46500: T=2.16, Fitness_actual=150.2, Mejor=167.4
2025-10-20 23:41:30,681 - WARNING - ⚠️  DEGRADACIÓN DETECTADA en iter 46600:
2025-10-20 23:41:30,682 - WARNING -    Mejor fitness: 167.4
2025-10-20 23:41:30,682 - WARNING -    Fitness promedio reciente: 145.1
2025-10-20 23:41:30,682 - WARNING -    Degradación: 22.3
2025-10-20 23:41:30,683 - WARNING -    🔄 RESTAURANDO mejor solución...
2025-10-20 23:41:30,686 - DEBUG - Iter 46600: T=2.15, Fitness_actual=167.4, Mejor=167.4
2025-10-20 23:41:30,782 - INFO - 🌟 MEJORA #137 en iter 46601: Fitness=167.4 (+0.0), Puntos=18079
2025-10-20 23:41:40,270 - DEBUG - Iter 46700: T=2.14, Fitness_actual=152.3, Mejor=167.4
2025-10-20 23:41:49,902 - DEBUG - Iter 46800: T=2.14, Fitness_actual=146.6, Mejor=167.4
2025-10-20 23:41:54,800 - WARNING - ⚠️  DEGRADACIÓN DETECTADA en iter 46850:
2025-10-20 23:41:54,800 - WARNING -    Mejor fitness: 167.4
2025-10-20 23:41:54,801 - WARNING -    Fitness promedio reciente: 144.1
2025-10-20 23:41:54,801 - WARNING -    Degradación: 23.2
2025-10-20 23:41:54,802 - WARNING -    🔄 RESTAURANDO mejor solución...
2025-10-20 23:41:59,604 - DEBUG - Iter 46900: T=2.13, Fitness_actual=157.5, Mejor=167.4
2025-10-20 23:42:09,224 - INFO -   Iter 47000 | Tiempo:   63.6min (53.0%) | T =     2.12 | Fitness =    140.4 | Mejor =    167.4 | Aceptación =  85.0%
2025-10-20 23:42:09,224 - INFO - Progreso iter 47000: T=2.12, Fitness=140.4, Mejor=167.4, Tasa_acept=85.0%
2025-10-20 23:42:09,225 - WARNING - ⚠️  DEGRADACIÓN DETECTADA en iter 47000:
2025-10-20 23:42:09,225 - WARNING -    Mejor fitness: 167.4
2025-10-20 23:42:09,226 - WARNING -    Fitness promedio reciente: 143.3
2025-10-20 23:42:09,226 - WARNING -    Degradación: 24.1
2025-10-20 23:42:09,227 - WARNING -    🔄 RESTAURANDO mejor solución...
2025-10-20 23:42:09,230 - DEBUG - Iter 47000: T=2.12, Fitness_actual=167.4, Mejor=167.4
2025-10-20 23:42:18,825 - DEBUG - Iter 47100: T=2.11, Fitness_actual=152.5, Mejor=167.4
2025-10-20 23:42:23,666 - WARNING - ⚠️  DEGRADACIÓN DETECTADA en iter 47150:
2025-10-20 23:42:23,666 - WARNING -    Mejor fitness: 167.4
2025-10-20 23:42:23,667 - WARNING -    Fitness promedio reciente: 147.2
2025-10-20 23:42:23,667 - WARNING -    Degradación: 20.2
2025-10-20 23:42:23,667 - WARNING -    🔄 RESTAURANDO mejor solución...
2025-10-20 23:42:28,513 - WARNING - ================================================================================
2025-10-20 23:42:28,514 - WARNING - ⚠️  SALTO ANORMAL DETECTADO en iteración 47199
2025-10-20 23:42:28,514 - WARNING -    Fitness actual: 148.3
2025-10-20 23:42:28,514 - WARNING -    Fitness vecino: 57.3
2025-10-20 23:42:28,515 - WARNING -    Delta: -91.1
2025-10-20 23:42:28,515 - WARNING -    Temperatura: 2.10
2025-10-20 23:42:28,515 - WARNING -    Tipo perturbación aplicada: (ver generar_vecino)
2025-10-20 23:42:28,516 - WARNING -    Vecino - Puntos: 17852, Tiempo: 18981.6min, Distancia: 489.3km
2025-10-20 23:42:28,516 - WARNING -    Actual - Puntos: 17773, Tiempo: 14401.5min, Distancia: 129.3km
2025-10-20 23:42:28,516 - WARNING -    Validez restricciones - Vecino: True, Actual: False
2025-10-20 23:42:28,517 - WARNING - ================================================================================
2025-10-20 23:42:28,517 - WARNING - ⚠️  SALTO ANORMAL DETECTADO en iteración 47199
2025-10-20 23:42:28,517 - WARNING -    Fitness: 148.3 → 57.3 (Δ=-91.1)
2025-10-20 23:42:28,517 - WARNING -    Ver detalles en archivo de log
2025-10-20 23:42:28,617 - DEBUG - Iter 47200: T=2.10, Fitness_actual=148.3, Mejor=167.4
2025-10-20 23:42:33,450 - WARNING - ⚠️  DEGRADACIÓN DETECTADA en iter 47250:
2025-10-20 23:42:33,451 - WARNING -    Mejor fitness: 167.4
2025-10-20 23:42:33,451 - WARNING -    Fitness promedio reciente: 146.5
2025-10-20 23:42:33,451 - WARNING -    Degradación: 20.8
2025-10-20 23:42:33,452 - WARNING -    🔄 RESTAURANDO mejor solución...
2025-10-20 23:42:38,268 - DEBUG - Iter 47300: T=2.10, Fitness_actual=151.0, Mejor=167.4
2025-10-20 23:42:43,113 - WARNING - ⚠️  DEGRADACIÓN DETECTADA en iter 47350:
2025-10-20 23:42:43,114 - WARNING -    Mejor fitness: 167.4
2025-10-20 23:42:43,114 - WARNING -    Fitness promedio reciente: 146.2
2025-10-20 23:42:43,114 - WARNING -    Degradación: 21.1
2025-10-20 23:42:43,115 - WARNING -    🔄 RESTAURANDO mejor solución...
2025-10-20 23:42:47,927 - DEBUG - Iter 47400: T=2.09, Fitness_actual=163.8, Mejor=167.4
2025-10-20 23:42:57,659 - INFO -   Iter 47500 | Tiempo:   64.4min (53.7%) | T =     2.08 | Fitness =    149.1 | Mejor =    167.4 | Aceptación =  84.9%
2025-10-20 23:42:57,659 - INFO - Progreso iter 47500: T=2.08, Fitness=149.1, Mejor=167.4, Tasa_acept=84.9%
2025-10-20 23:42:57,662 - DEBUG - Iter 47500: T=2.08, Fitness_actual=149.1, Mejor=167.4
2025-10-20 23:43:07,398 - WARNING - ⚠️  DEGRADACIÓN DETECTADA en iter 47600:
2025-10-20 23:43:07,398 - WARNING -    Mejor fitness: 167.4
2025-10-20 23:43:07,399 - WARNING -    Fitness promedio reciente: 143.5
2025-10-20 23:43:07,399 - WARNING -    Degradación: 23.8
2025-10-20 23:43:07,399 - WARNING -    🔄 RESTAURANDO mejor solución...
2025-10-20 23:43:07,401 - DEBUG - Iter 47600: T=2.07, Fitness_actual=167.4, Mejor=167.4
2025-10-20 23:43:17,110 - WARNING - ⚠️  DEGRADACIÓN DETECTADA en iter 47700:
2025-10-20 23:43:17,111 - WARNING -    Mejor fitness: 167.4
2025-10-20 23:43:17,111 - WARNING -    Fitness promedio reciente: 146.8
2025-10-20 23:43:17,111 - WARNING -    Degradación: 20.6
2025-10-20 23:43:17,111 - WARNING -    🔄 RESTAURANDO mejor solución...
2025-10-20 23:43:17,113 - DEBUG - Iter 47700: T=2.06, Fitness_actual=167.4, Mejor=167.4
2025-10-20 23:43:17,113 - INFO - 🌟 MEJORA #138 en iter 47700: Fitness=167.4 (+0.1), Puntos=18084
2025-10-20 23:43:17,599 - INFO - 🌟 MEJORA #139 en iter 47705: Fitness=167.4 (+0.0), Puntos=18084
2025-10-20 23:43:26,881 - DEBUG - Iter 47800: T=2.06, Fitness_actual=148.5, Mejor=167.4
2025-10-20 23:43:36,740 - WARNING - ⚠️  DEGRADACIÓN DETECTADA en iter 47900:
2025-10-20 23:43:36,740 - WARNING -    Mejor fitness: 167.4
2025-10-20 23:43:36,740 - WARNING -    Fitness promedio reciente: 141.1
2025-10-20 23:43:36,741 - WARNING -    Degradación: 26.3
2025-10-20 23:43:36,741 - WARNING -    🔄 RESTAURANDO mejor solución...
2025-10-20 23:43:36,742 - DEBUG - Iter 47900: T=2.05, Fitness_actual=167.4, Mejor=167.4
2025-10-20 23:43:46,462 - INFO -   Iter 48000 | Tiempo:   65.2min (54.3%) | T =     2.04 | Fitness =    147.9 | Mejor =    167.4 | Aceptación =  84.9%
2025-10-20 23:43:46,463 - INFO - Progreso iter 48000: T=2.04, Fitness=147.9, Mejor=167.4, Tasa_acept=84.9%
2025-10-20 23:43:46,465 - DEBUG - Iter 48000: T=2.04, Fitness_actual=147.9, Mejor=167.4
2025-10-20 23:43:51,371 - WARNING - ⚠️  DEGRADACIÓN DETECTADA en iter 48050:
2025-10-20 23:43:51,371 - WARNING -    Mejor fitness: 167.4
2025-10-20 23:43:51,372 - WARNING -    Fitness promedio reciente: 141.5
2025-10-20 23:43:51,372 - WARNING -    Degradación: 25.9
2025-10-20 23:43:51,372 - WARNING -    🔄 RESTAURANDO mejor solución...
2025-10-20 23:43:56,295 - DEBUG - Iter 48100: T=2.03, Fitness_actual=163.8, Mejor=167.4
2025-10-20 23:44:00,316 - WARNING - ================================================================================
2025-10-20 23:44:00,317 - WARNING - ⚠️  SALTO ANORMAL DETECTADO en iteración 48141
2025-10-20 23:44:00,317 - WARNING -    Fitness actual: 164.2
2025-10-20 23:44:00,317 - WARNING -    Fitness vecino: 142.0
2025-10-20 23:44:00,318 - WARNING -    Delta: -22.2
2025-10-20 23:44:00,318 - WARNING -    Temperatura: 2.03
2025-10-20 23:44:00,318 - WARNING -    Tipo perturbación aplicada: (ver generar_vecino)
2025-10-20 23:44:00,318 - WARNING -    Vecino - Puntos: 17697, Tiempo: 15645.9min, Distancia: 191.3km
2025-10-20 23:44:00,319 - WARNING -    Actual - Puntos: 18076, Tiempo: 14740.3min, Distancia: 145.9km
2025-10-20 23:44:00,319 - WARNING -    Validez restricciones - Vecino: True, Actual: True
2025-10-20 23:44:00,319 - WARNING - ================================================================================
2025-10-20 23:44:00,320 - WARNING - ⚠️  SALTO ANORMAL DETECTADO en iteración 48141
2025-10-20 23:44:00,320 - WARNING -    Fitness: 164.2 → 142.0 (Δ=-22.2)
2025-10-20 23:44:00,320 - WARNING -    Ver detalles en archivo de log
2025-10-20 23:44:01,115 - WARNING - ================================================================================
2025-10-20 23:44:01,116 - WARNING - ⚠️  SALTO ANORMAL DETECTADO en iteración 48149
2025-10-20 23:44:01,116 - WARNING -    Fitness actual: 163.2
2025-10-20 23:44:01,117 - WARNING -    Fitness vecino: 139.2
2025-10-20 23:44:01,117 - WARNING -    Delta: -24.0
2025-10-20 23:44:01,117 - WARNING -    Temperatura: 2.03
2025-10-20 23:44:01,118 - WARNING -    Tipo perturbación aplicada: (ver generar_vecino)
2025-10-20 23:44:01,118 - WARNING -    Vecino - Puntos: 17867, Tiempo: 14923.3min, Distancia: 132.4km
2025-10-20 23:44:01,118 - WARNING -    Actual - Puntos: 18076, Tiempo: 14691.3min, Distancia: 141.8km
2025-10-20 23:44:01,119 - WARNING -    Validez restricciones - Vecino: False, Actual: True
2025-10-20 23:44:01,119 - WARNING - ================================================================================
2025-10-20 23:44:01,119 - WARNING - ⚠️  SALTO ANORMAL DETECTADO en iteración 48149
2025-10-20 23:44:01,119 - WARNING -    Fitness: 163.2 → 139.2 (Δ=-24.0)
2025-10-20 23:44:01,119 - WARNING -    Ver detalles en archivo de log
2025-10-20 23:44:06,149 - DEBUG - Iter 48200: T=2.02, Fitness_actual=161.7, Mejor=167.4
2025-10-20 23:44:16,052 - WARNING - ⚠️  DEGRADACIÓN DETECTADA en iter 48300:
2025-10-20 23:44:16,053 - WARNING -    Mejor fitness: 167.4
2025-10-20 23:44:16,053 - WARNING -    Fitness promedio reciente: 146.9
2025-10-20 23:44:16,054 - WARNING -    Degradación: 20.5
2025-10-20 23:44:16,054 - WARNING -    🔄 RESTAURANDO mejor solución...
2025-10-20 23:44:16,055 - DEBUG - Iter 48300: T=2.02, Fitness_actual=167.4, Mejor=167.4
2025-10-20 23:44:16,450 - WARNING - ================================================================================
2025-10-20 23:44:16,450 - WARNING - ⚠️  SALTO ANORMAL DETECTADO en iteración 48304
2025-10-20 23:44:16,450 - WARNING -    Fitness actual: 167.1
2025-10-20 23:44:16,451 - WARNING -    Fitness vecino: 90.9
2025-10-20 23:44:16,451 - WARNING -    Delta: -76.2
2025-10-20 23:44:16,451 - WARNING -    Temperatura: 2.02
2025-10-20 23:44:16,451 - WARNING -    Tipo perturbación aplicada: (ver generar_vecino)
2025-10-20 23:44:16,452 - WARNING -    Vecino - Puntos: 18108, Tiempo: 17914.8min, Distancia: 406.2km
2025-10-20 23:44:16,452 - WARNING -    Actual - Puntos: 18051, Tiempo: 14602.5min, Distancia: 124.8km
2025-10-20 23:44:16,452 - WARNING -    Validez restricciones - Vecino: True, Actual: True
2025-10-20 23:44:16,452 - WARNING - ================================================================================
2025-10-20 23:44:16,453 - WARNING - ⚠️  SALTO ANORMAL DETECTADO en iteración 48304
2025-10-20 23:44:16,453 - WARNING -    Fitness: 167.1 → 90.9 (Δ=-76.2)
2025-10-20 23:44:16,453 - WARNING -    Ver detalles en archivo de log
2025-10-20 23:44:17,748 - WARNING - ================================================================================
2025-10-20 23:44:17,748 - WARNING - ⚠️  SALTO ANORMAL DETECTADO en iteración 48317
2025-10-20 23:44:17,749 - WARNING -    Fitness actual: 166.8
2025-10-20 23:44:17,749 - WARNING -    Fitness vecino: 137.9
2025-10-20 23:44:17,750 - WARNING -    Delta: -28.9
2025-10-20 23:44:17,750 - WARNING -    Temperatura: 2.01
2025-10-20 23:44:17,750 - WARNING -    Tipo perturbación aplicada: (ver generar_vecino)
2025-10-20 23:44:17,751 - WARNING -    Vecino - Puntos: 17720, Tiempo: 16954.5min, Distancia: 175.7km
2025-10-20 23:44:17,751 - WARNING -    Actual - Puntos: 18022, Tiempo: 14545.0min, Distancia: 126.2km
2025-10-20 23:44:17,752 - WARNING -    Validez restricciones - Vecino: True, Actual: True
2025-10-20 23:44:17,752 - WARNING - ================================================================================
2025-10-20 23:44:17,753 - WARNING - ⚠️  SALTO ANORMAL DETECTADO en iteración 48317
2025-10-20 23:44:17,753 - WARNING -    Fitness: 166.8 → 137.9 (Δ=-28.9)
2025-10-20 23:44:17,754 - WARNING -    Ver detalles en archivo de log
2025-10-20 23:44:19,133 - WARNING - ================================================================================
2025-10-20 23:44:19,133 - WARNING - ⚠️  SALTO ANORMAL DETECTADO en iteración 48331
2025-10-20 23:44:19,134 - WARNING -    Fitness actual: 165.4
2025-10-20 23:44:19,134 - WARNING -    Fitness vecino: 142.2
2025-10-20 23:44:19,135 - WARNING -    Delta: -23.2
2025-10-20 23:44:19,135 - WARNING -    Temperatura: 2.01
2025-10-20 23:44:19,136 - WARNING -    Tipo perturbación aplicada: (ver generar_vecino)
2025-10-20 23:44:19,136 - WARNING -    Vecino - Puntos: 18013, Tiempo: 15721.1min, Distancia: 213.0km
2025-10-20 23:44:19,137 - WARNING -    Actual - Puntos: 18031, Tiempo: 14586.5min, Distancia: 126.0km
2025-10-20 23:44:19,137 - WARNING -    Validez restricciones - Vecino: True, Actual: True
2025-10-20 23:44:19,137 - WARNING - ================================================================================
2025-10-20 23:44:19,137 - WARNING - ⚠️  SALTO ANORMAL DETECTADO en iteración 48331
2025-10-20 23:44:19,138 - WARNING -    Fitness: 165.4 → 142.2 (Δ=-23.2)
2025-10-20 23:44:19,138 - WARNING -    Ver detalles en archivo de log
2025-10-20 23:44:23,110 - WARNING - ================================================================================
2025-10-20 23:44:23,110 - WARNING - ⚠️  SALTO ANORMAL DETECTADO en iteración 48371
2025-10-20 23:44:23,111 - WARNING -    Fitness actual: 155.7
2025-10-20 23:44:23,111 - WARNING -    Fitness vecino: 135.7
2025-10-20 23:44:23,111 - WARNING -    Delta: -20.1
2025-10-20 23:44:23,112 - WARNING -    Temperatura: 2.01
2025-10-20 23:44:23,112 - WARNING -    Tipo perturbación aplicada: (ver generar_vecino)
2025-10-20 23:44:23,112 - WARNING -    Vecino - Puntos: 17773, Tiempo: 16873.1min, Distancia: 167.3km
2025-10-20 23:44:23,113 - WARNING -    Actual - Puntos: 17976, Tiempo: 14743.8min, Distancia: 134.5km
2025-10-20 23:44:23,113 - WARNING -    Validez restricciones - Vecino: True, Actual: True
2025-10-20 23:44:23,113 - WARNING - ================================================================================
2025-10-20 23:44:23,114 - WARNING - ⚠️  SALTO ANORMAL DETECTADO en iteración 48371
2025-10-20 23:44:23,114 - WARNING -    Fitness: 155.7 → 135.7 (Δ=-20.1)
2025-10-20 23:44:23,114 - WARNING -    Ver detalles en archivo de log
2025-10-20 23:44:25,881 - WARNING - ================================================================================
2025-10-20 23:44:25,881 - WARNING - ⚠️  SALTO ANORMAL DETECTADO en iteración 48399
2025-10-20 23:44:25,882 - WARNING -    Fitness actual: 156.3
2025-10-20 23:44:25,882 - WARNING -    Fitness vecino: 124.9
2025-10-20 23:44:25,882 - WARNING -    Delta: -31.4
2025-10-20 23:44:25,883 - WARNING -    Temperatura: 2.01
2025-10-20 23:44:25,883 - WARNING -    Tipo perturbación aplicada: (ver generar_vecino)
2025-10-20 23:44:25,883 - WARNING -    Vecino - Puntos: 17856, Tiempo: 16198.0min, Distancia: 249.4km
2025-10-20 23:44:25,884 - WARNING -    Actual - Puntos: 17859, Tiempo: 14759.4min, Distancia: 134.5km
2025-10-20 23:44:25,884 - WARNING -    Validez restricciones - Vecino: True, Actual: True
2025-10-20 23:44:25,885 - WARNING - ================================================================================
2025-10-20 23:44:25,885 - WARNING - ⚠️  SALTO ANORMAL DETECTADO en iteración 48399
2025-10-20 23:44:25,885 - WARNING -    Fitness: 156.3 → 124.9 (Δ=-31.4)
2025-10-20 23:44:25,886 - WARNING -    Ver detalles en archivo de log
2025-10-20 23:44:25,985 - DEBUG - Iter 48400: T=2.01, Fitness_actual=156.3, Mejor=167.4
2025-10-20 23:44:35,883 - INFO -   Iter 48500 | Tiempo:   66.0min (55.0%) | T =     2.00 | Fitness =    142.2 | Mejor =    167.4 | Aceptación =  84.7%
2025-10-20 23:44:35,883 - INFO - Progreso iter 48500: T=2.00, Fitness=142.2, Mejor=167.4, Tasa_acept=84.7%
2025-10-20 23:44:35,884 - WARNING - ⚠️  DEGRADACIÓN DETECTADA en iter 48500:
2025-10-20 23:44:35,884 - WARNING -    Mejor fitness: 167.4
2025-10-20 23:44:35,885 - WARNING -    Fitness promedio reciente: 140.3
2025-10-20 23:44:35,885 - WARNING -    Degradación: 27.1
2025-10-20 23:44:35,886 - WARNING -    🔄 RESTAURANDO mejor solución...
2025-10-20 23:44:35,887 - DEBUG - Iter 48500: T=2.00, Fitness_actual=167.4, Mejor=167.4
2025-10-20 23:44:45,787 - DEBUG - Iter 48600: T=1.99, Fitness_actual=152.3, Mejor=167.4
2025-10-20 23:44:55,788 - DEBUG - Iter 48700: T=1.98, Fitness_actual=146.1, Mejor=167.4
2025-10-20 23:45:00,758 - WARNING - ⚠️  DEGRADACIÓN DETECTADA en iter 48750:
2025-10-20 23:45:00,758 - WARNING -    Mejor fitness: 167.4
2025-10-20 23:45:00,758 - WARNING -    Fitness promedio reciente: 145.7
2025-10-20 23:45:00,759 - WARNING -    Degradación: 21.7
2025-10-20 23:45:00,759 - WARNING -    🔄 RESTAURANDO mejor solución...
2025-10-20 23:45:05,736 - DEBUG - Iter 48800: T=1.98, Fitness_actual=152.8, Mejor=167.4
2025-10-20 23:45:15,651 - WARNING - ⚠️  DEGRADACIÓN DETECTADA en iter 48900:
2025-10-20 23:45:15,652 - WARNING -    Mejor fitness: 167.4
2025-10-20 23:45:15,652 - WARNING -    Fitness promedio reciente: 146.0
2025-10-20 23:45:15,653 - WARNING -    Degradación: 21.4
2025-10-20 23:45:15,653 - WARNING -    🔄 RESTAURANDO mejor solución...
2025-10-20 23:45:15,654 - DEBUG - Iter 48900: T=1.97, Fitness_actual=167.4, Mejor=167.4
2025-10-20 23:45:15,753 - INFO - 🌟 MEJORA #140 en iter 48901: Fitness=167.5 (+0.0), Puntos=18089
2025-10-20 23:45:15,771 - INFO -   ✨ Mejora #140 en iteración 48902: Fitness = 167.5 | Puntos = 18089 | T = 1.97
2025-10-20 23:45:16,860 - WARNING - ================================================================================
2025-10-20 23:45:16,860 - WARNING - ⚠️  SALTO ANORMAL DETECTADO en iteración 48912
2025-10-20 23:45:16,860 - WARNING -    Fitness actual: 164.9
2025-10-20 23:45:16,861 - WARNING -    Fitness vecino: 142.3
2025-10-20 23:45:16,861 - WARNING -    Delta: -22.6
2025-10-20 23:45:16,861 - WARNING -    Temperatura: 1.97
2025-10-20 23:45:16,862 - WARNING -    Tipo perturbación aplicada: (ver generar_vecino)
2025-10-20 23:45:16,862 - WARNING -    Vecino - Puntos: 17064, Tiempo: 14514.2min, Distancia: 123.3km
2025-10-20 23:45:16,862 - WARNING -    Actual - Puntos: 18062, Tiempo: 14559.3min, Distancia: 126.2km
2025-10-20 23:45:16,863 - WARNING -    Validez restricciones - Vecino: False, Actual: True
2025-10-20 23:45:16,863 - WARNING - ================================================================================
2025-10-20 23:45:16,863 - WARNING - ⚠️  SALTO ANORMAL DETECTADO en iteración 48912
2025-10-20 23:45:16,863 - WARNING -    Fitness: 164.9 → 142.3 (Δ=-22.6)
2025-10-20 23:45:16,864 - WARNING -    Ver detalles en archivo de log
2025-10-20 23:45:19,543 - WARNING - ================================================================================
2025-10-20 23:45:19,543 - WARNING - ⚠️  SALTO ANORMAL DETECTADO en iteración 48939
2025-10-20 23:45:19,544 - WARNING -    Fitness actual: 159.8
2025-10-20 23:45:19,544 - WARNING -    Fitness vecino: 123.4
2025-10-20 23:45:19,545 - WARNING -    Delta: -36.4
2025-10-20 23:45:19,545 - WARNING -    Temperatura: 1.97
2025-10-20 23:45:19,545 - WARNING -    Tipo perturbación aplicada: (ver generar_vecino)
2025-10-20 23:45:19,546 - WARNING -    Vecino - Puntos: 17989, Tiempo: 16419.4min, Distancia: 264.5km
2025-10-20 23:45:19,546 - WARNING -    Actual - Puntos: 18018, Tiempo: 14595.1min, Distancia: 130.8km
2025-10-20 23:45:19,547 - WARNING -    Validez restricciones - Vecino: True, Actual: True
2025-10-20 23:45:19,547 - WARNING - ================================================================================
2025-10-20 23:45:19,547 - WARNING - ⚠️  SALTO ANORMAL DETECTADO en iteración 48939
2025-10-20 23:45:19,548 - WARNING -    Fitness: 159.8 → 123.4 (Δ=-36.4)
2025-10-20 23:45:19,548 - WARNING -    Ver detalles en archivo de log
2025-10-20 23:45:25,615 - INFO -   Iter 49000 | Tiempo:   66.9min (55.7%) | T =     1.96 | Fitness =    151.2 | Mejor =    167.5 | Aceptación =  84.6%
2025-10-20 23:45:25,616 - INFO - Progreso iter 49000: T=1.96, Fitness=151.2, Mejor=167.5, Tasa_acept=84.6%
2025-10-20 23:45:25,618 - DEBUG - Iter 49000: T=1.96, Fitness_actual=151.2, Mejor=167.5
2025-10-20 23:45:26,723 - WARNING - ================================================================================
2025-10-20 23:45:26,724 - WARNING - ⚠️  SALTO ANORMAL DETECTADO en iteración 49011
2025-10-20 23:45:26,724 - WARNING -    Fitness actual: 151.0
2025-10-20 23:45:26,724 - WARNING -    Fitness vecino: 126.8
2025-10-20 23:45:26,725 - WARNING -    Delta: -24.2
2025-10-20 23:45:26,725 - WARNING -    Temperatura: 1.96
2025-10-20 23:45:26,726 - WARNING -    Tipo perturbación aplicada: (ver generar_vecino)
2025-10-20 23:45:26,726 - WARNING -    Vecino - Puntos: 17854, Tiempo: 15801.1min, Distancia: 223.0km
2025-10-20 23:45:26,726 - WARNING -    Actual - Puntos: 18074, Tiempo: 14654.9min, Distancia: 139.6km
2025-10-20 23:45:26,726 - WARNING -    Validez restricciones - Vecino: False, Actual: True
2025-10-20 23:45:26,727 - WARNING - ================================================================================
2025-10-20 23:45:26,727 - WARNING - ⚠️  SALTO ANORMAL DETECTADO en iteración 49011
2025-10-20 23:45:26,727 - WARNING -    Fitness: 151.0 → 126.8 (Δ=-24.2)
2025-10-20 23:45:26,727 - WARNING -    Ver detalles en archivo de log
2025-10-20 23:45:30,616 - WARNING - ⚠️  DEGRADACIÓN DETECTADA en iter 49050:
2025-10-20 23:45:30,616 - WARNING -    Mejor fitness: 167.5
2025-10-20 23:45:30,617 - WARNING -    Fitness promedio reciente: 146.8
2025-10-20 23:45:30,617 - WARNING -    Degradación: 20.7
2025-10-20 23:45:30,618 - WARNING -    🔄 RESTAURANDO mejor solución...
2025-10-20 23:45:35,597 - DEBUG - Iter 49100: T=1.95, Fitness_actual=160.0, Mejor=167.5
2025-10-20 23:45:45,576 - WARNING - ⚠️  DEGRADACIÓN DETECTADA en iter 49200:
2025-10-20 23:45:45,576 - WARNING -    Mejor fitness: 167.5
2025-10-20 23:45:45,577 - WARNING -    Fitness promedio reciente: 147.3
2025-10-20 23:45:45,577 - WARNING -    Degradación: 20.1
2025-10-20 23:45:45,578 - WARNING -    🔄 RESTAURANDO mejor solución...
2025-10-20 23:45:45,579 - DEBUG - Iter 49200: T=1.95, Fitness_actual=167.5, Mejor=167.5
2025-10-20 23:45:45,579 - INFO - 🌟 MEJORA #141 en iter 49200: Fitness=167.5 (+0.0), Puntos=18089
2025-10-20 23:45:45,886 - WARNING - ================================================================================
2025-10-20 23:45:45,886 - WARNING - ⚠️  SALTO ANORMAL DETECTADO en iteración 49203
2025-10-20 23:45:45,887 - WARNING -    Fitness actual: 167.5
2025-10-20 23:45:45,887 - WARNING -    Fitness vecino: 111.2
2025-10-20 23:45:45,887 - WARNING -    Delta: -56.2
2025-10-20 23:45:45,888 - WARNING -    Temperatura: 1.95
2025-10-20 23:45:45,888 - WARNING -    Tipo perturbación aplicada: (ver generar_vecino)
2025-10-20 23:45:45,888 - WARNING -    Vecino - Puntos: 18101, Tiempo: 17585.1min, Distancia: 339.2km
2025-10-20 23:45:45,889 - WARNING -    Actual - Puntos: 18089, Tiempo: 14586.8min, Distancia: 123.5km
2025-10-20 23:45:45,889 - WARNING -    Validez restricciones - Vecino: True, Actual: True
2025-10-20 23:45:45,889 - WARNING - ================================================================================
2025-10-20 23:45:45,889 - WARNING - ⚠️  SALTO ANORMAL DETECTADO en iteración 49203
2025-10-20 23:45:45,890 - WARNING -    Fitness: 167.5 → 111.2 (Δ=-56.2)
2025-10-20 23:45:45,890 - WARNING -    Ver detalles en archivo de log
2025-10-20 23:45:55,561 - DEBUG - Iter 49300: T=1.94, Fitness_actual=155.3, Mejor=167.5
2025-10-20 23:46:05,677 - WARNING - ⚠️  DEGRADACIÓN DETECTADA en iter 49400:
2025-10-20 23:46:05,677 - WARNING -    Mejor fitness: 167.5
2025-10-20 23:46:05,677 - WARNING -    Fitness promedio reciente: 142.1
2025-10-20 23:46:05,678 - WARNING -    Degradación: 25.4
2025-10-20 23:46:05,678 - WARNING -    🔄 RESTAURANDO mejor solución...
2025-10-20 23:46:05,679 - DEBUG - Iter 49400: T=1.93, Fitness_actual=167.5, Mejor=167.5
2025-10-20 23:46:05,679 - INFO - 🌟 MEJORA #142 en iter 49400: Fitness=167.5 (+0.0), Puntos=18089
2025-10-20 23:46:15,685 - INFO -   Iter 49500 | Tiempo:   67.7min (56.4%) | T =     1.92 | Fitness =    157.1 | Mejor =    167.5 | Aceptación =  84.4%
2025-10-20 23:46:15,686 - INFO - Progreso iter 49500: T=1.92, Fitness=157.1, Mejor=167.5, Tasa_acept=84.4%
2025-10-20 23:46:15,688 - DEBUG - Iter 49500: T=1.92, Fitness_actual=157.1, Mejor=167.5
2025-10-20 23:46:23,430 - WARNING - ================================================================================
2025-10-20 23:46:23,430 - WARNING - ⚠️  SALTO ANORMAL DETECTADO en iteración 49577
2025-10-20 23:46:23,431 - WARNING -    Fitness actual: 155.3
2025-10-20 23:46:23,431 - WARNING -    Fitness vecino: 134.3
2025-10-20 23:46:23,431 - WARNING -    Delta: -21.0
2025-10-20 23:46:23,432 - WARNING -    Temperatura: 1.92
2025-10-20 23:46:23,432 - WARNING -    Tipo perturbación aplicada: (ver generar_vecino)
2025-10-20 23:46:23,432 - WARNING -    Vecino - Puntos: 17950, Tiempo: 15781.1min, Distancia: 163.4km
2025-10-20 23:46:23,433 - WARNING -    Actual - Puntos: 17925, Tiempo: 14682.4min, Distancia: 133.5km
2025-10-20 23:46:23,433 - WARNING -    Validez restricciones - Vecino: True, Actual: True
2025-10-20 23:46:23,433 - WARNING - ================================================================================
2025-10-20 23:46:23,434 - WARNING - ⚠️  SALTO ANORMAL DETECTADO en iteración 49577
2025-10-20 23:46:23,434 - WARNING -    Fitness: 155.3 → 134.3 (Δ=-21.0)
2025-10-20 23:46:23,434 - WARNING -    Ver detalles en archivo de log
2025-10-20 23:46:25,728 - DEBUG - Iter 49600: T=1.92, Fitness_actual=152.8, Mejor=167.5
2025-10-20 23:46:35,772 - WARNING - ⚠️  DEGRADACIÓN DETECTADA en iter 49700:
2025-10-20 23:46:35,773 - WARNING -    Mejor fitness: 167.5
2025-10-20 23:46:35,773 - WARNING -    Fitness promedio reciente: 143.9
2025-10-20 23:46:35,774 - WARNING -    Degradación: 23.6
2025-10-20 23:46:35,774 - WARNING -    🔄 RESTAURANDO mejor solución...
2025-10-20 23:46:35,775 - DEBUG - Iter 49700: T=1.91, Fitness_actual=167.5, Mejor=167.5
2025-10-20 23:46:45,853 - DEBUG - Iter 49800: T=1.90, Fitness_actual=151.3, Mejor=167.5
2025-10-20 23:46:55,943 - WARNING - ⚠️  DEGRADACIÓN DETECTADA en iter 49900:
2025-10-20 23:46:55,943 - WARNING -    Mejor fitness: 167.5
2025-10-20 23:46:55,944 - WARNING -    Fitness promedio reciente: 142.2
2025-10-20 23:46:55,944 - WARNING -    Degradación: 25.3
2025-10-20 23:46:55,944 - WARNING -    🔄 RESTAURANDO mejor solución...
2025-10-20 23:46:55,947 - DEBUG - Iter 49900: T=1.89, Fitness_actual=167.5, Mejor=167.5
2025-10-20 23:46:56,049 - INFO - 🌟 MEJORA #143 en iter 49901: Fitness=167.5 (+0.0), Puntos=18089
2025-10-20 23:47:05,944 - WARNING - ================================================================================
2025-10-20 23:47:05,944 - WARNING - ⚠️  SALTO ANORMAL DETECTADO en iteración 49999
2025-10-20 23:47:05,945 - WARNING -    Fitness actual: 151.5
2025-10-20 23:47:05,945 - WARNING -    Fitness vecino: 125.2
2025-10-20 23:47:05,945 - WARNING -    Delta: -26.3
2025-10-20 23:47:05,946 - WARNING -    Temperatura: 1.88
2025-10-20 23:47:05,946 - WARNING -    Tipo perturbación aplicada: (ver generar_vecino)
2025-10-20 23:47:05,946 - WARNING -    Vecino - Puntos: 17678, Tiempo: 17309.7min, Distancia: 197.8km
2025-10-20 23:47:05,947 - WARNING -    Actual - Puntos: 18016, Tiempo: 14652.7min, Distancia: 141.5km
2025-10-20 23:47:05,947 - WARNING -    Validez restricciones - Vecino: True, Actual: True
2025-10-20 23:47:05,947 - WARNING - ================================================================================
2025-10-20 23:47:05,948 - WARNING - ⚠️  SALTO ANORMAL DETECTADO en iteración 49999
2025-10-20 23:47:05,948 - WARNING -    Fitness: 151.5 → 125.2 (Δ=-26.3)
2025-10-20 23:47:05,948 - WARNING -    Ver detalles en archivo de log
2025-10-20 23:47:06,050 - INFO -   Iter 50000 | Tiempo:   68.5min (57.1%) | T =     1.88 | Fitness =    151.5 | Mejor =    167.5 | Aceptación =  84.4%
2025-10-20 23:47:06,050 - INFO - Progreso iter 50000: T=1.88, Fitness=151.5, Mejor=167.5, Tasa_acept=84.4%
2025-10-20 23:47:06,053 - DEBUG - Iter 50000: T=1.88, Fitness_actual=151.5, Mejor=167.5
2025-10-20 23:47:16,233 - WARNING - ⚠️  DEGRADACIÓN DETECTADA en iter 50100:
2025-10-20 23:47:16,233 - WARNING -    Mejor fitness: 167.5
2025-10-20 23:47:16,233 - WARNING -    Fitness promedio reciente: 138.2
2025-10-20 23:47:16,234 - WARNING -    Degradación: 29.2
2025-10-20 23:47:16,234 - WARNING -    🔄 RESTAURANDO mejor solución...
2025-10-20 23:47:16,235 - DEBUG - Iter 50100: T=1.88, Fitness_actual=167.5, Mejor=167.5
2025-10-20 23:47:26,419 - DEBUG - Iter 50200: T=1.87, Fitness_actual=152.9, Mejor=167.5
2025-10-20 23:47:36,574 - WARNING - ⚠️  DEGRADACIÓN DETECTADA en iter 50300:
2025-10-20 23:47:36,574 - WARNING -    Mejor fitness: 167.5
2025-10-20 23:47:36,575 - WARNING -    Fitness promedio reciente: 146.4
2025-10-20 23:47:36,575 - WARNING -    Degradación: 21.1
2025-10-20 23:47:36,575 - WARNING -    🔄 RESTAURANDO mejor solución...
2025-10-20 23:47:36,576 - DEBUG - Iter 50300: T=1.86, Fitness_actual=167.5, Mejor=167.5
2025-10-20 23:47:46,721 - DEBUG - Iter 50400: T=1.85, Fitness_actual=156.7, Mejor=167.5
2025-10-20 23:47:56,850 - INFO -   Iter 50500 | Tiempo:   69.4min (57.8%) | T =     1.85 | Fitness =    142.4 | Mejor =    167.5 | Aceptación =  84.3%
2025-10-20 23:47:56,850 - INFO - Progreso iter 50500: T=1.85, Fitness=142.4, Mejor=167.5, Tasa_acept=84.3%
2025-10-20 23:47:56,851 - WARNING - ⚠️  DEGRADACIÓN DETECTADA en iter 50500:
2025-10-20 23:47:56,851 - WARNING -    Mejor fitness: 167.5
2025-10-20 23:47:56,852 - WARNING -    Fitness promedio reciente: 142.6
2025-10-20 23:47:56,852 - WARNING -    Degradación: 24.9
2025-10-20 23:47:56,852 - WARNING -    🔄 RESTAURANDO mejor solución...
2025-10-20 23:47:56,856 - DEBUG - Iter 50500: T=1.85, Fitness_actual=167.5, Mejor=167.5
2025-10-20 23:48:07,065 - DEBUG - Iter 50600: T=1.84, Fitness_actual=150.9, Mejor=167.5
2025-10-20 23:48:08,074 - WARNING - ================================================================================
2025-10-20 23:48:08,074 - WARNING - ⚠️  SALTO ANORMAL DETECTADO en iteración 50610
2025-10-20 23:48:08,074 - WARNING -    Fitness actual: 150.6
2025-10-20 23:48:08,075 - WARNING -    Fitness vecino: 97.1
2025-10-20 23:48:08,075 - WARNING -    Delta: -53.5
2025-10-20 23:48:08,076 - WARNING -    Temperatura: 1.84
2025-10-20 23:48:08,076 - WARNING -    Tipo perturbación aplicada: (ver generar_vecino)
2025-10-20 23:48:08,076 - WARNING -    Vecino - Puntos: 18014, Tiempo: 17758.9min, Distancia: 343.2km
2025-10-20 23:48:08,077 - WARNING -    Actual - Puntos: 17952, Tiempo: 14836.7min, Distancia: 131.8km
2025-10-20 23:48:08,077 - WARNING -    Validez restricciones - Vecino: True, Actual: True
2025-10-20 23:48:08,077 - WARNING - ================================================================================
2025-10-20 23:48:08,078 - WARNING - ⚠️  SALTO ANORMAL DETECTADO en iteración 50610
2025-10-20 23:48:08,078 - WARNING -    Fitness: 150.6 → 97.1 (Δ=-53.5)
2025-10-20 23:48:08,078 - WARNING -    Ver detalles en archivo de log
2025-10-20 23:48:17,202 - WARNING - ⚠️  DEGRADACIÓN DETECTADA en iter 50700:
2025-10-20 23:48:17,203 - WARNING -    Mejor fitness: 167.5
2025-10-20 23:48:17,203 - WARNING -    Fitness promedio reciente: 145.2
2025-10-20 23:48:17,203 - WARNING -    Degradación: 22.2
2025-10-20 23:48:17,204 - WARNING -    🔄 RESTAURANDO mejor solución...
2025-10-20 23:48:17,205 - DEBUG - Iter 50700: T=1.83, Fitness_actual=167.5, Mejor=167.5
2025-10-20 23:48:17,406 - INFO - 🌟 MEJORA #144 en iter 50702: Fitness=167.5 (+0.0), Puntos=18089
2025-10-20 23:48:17,708 - INFO - 🌟 MEJORA #145 en iter 50705: Fitness=167.5 (+0.0), Puntos=18089
2025-10-20 23:48:17,708 - INFO -   ✨ Mejora #145 en iteración 50706: Fitness = 167.5 | Puntos = 18089 | T = 1.83
2025-10-20 23:48:17,809 - INFO - 🌟 MEJORA #146 en iter 50706: Fitness=167.5 (+0.0), Puntos=18089
2025-10-20 23:48:17,912 - INFO - 🌟 MEJORA #147 en iter 50707: Fitness=167.5 (+0.0), Puntos=18089
2025-10-20 23:48:27,394 - DEBUG - Iter 50800: T=1.83, Fitness_actual=148.9, Mejor=167.5
2025-10-20 23:48:32,501 - WARNING - ⚠️  DEGRADACIÓN DETECTADA en iter 50850:
2025-10-20 23:48:32,501 - WARNING -    Mejor fitness: 167.5
2025-10-20 23:48:32,502 - WARNING -    Fitness promedio reciente: 144.6
2025-10-20 23:48:32,502 - WARNING -    Degradación: 22.8
2025-10-20 23:48:32,502 - WARNING -    🔄 RESTAURANDO mejor solución...
2025-10-20 23:48:34,746 - INFO - 🌟 MEJORA #148 en iter 50872: Fitness=167.5 (+0.1), Puntos=18096
2025-10-20 23:48:35,050 - INFO - 🌟 MEJORA #149 en iter 50875: Fitness=167.6 (+0.1), Puntos=18106
2025-10-20 23:48:37,593 - DEBUG - Iter 50900: T=1.82, Fitness_actual=164.4, Mejor=167.6
2025-10-20 23:48:47,903 - INFO -   Iter 51000 | Tiempo:   70.2min (58.5%) | T =     1.81 | Fitness =    154.4 | Mejor =    167.6 | Aceptación =  84.2%
2025-10-20 23:48:47,903 - INFO - Progreso iter 51000: T=1.81, Fitness=154.4, Mejor=167.6, Tasa_acept=84.2%
2025-10-20 23:48:47,904 - DEBUG - Iter 51000: T=1.81, Fitness_actual=154.4, Mejor=167.6
2025-10-20 23:48:58,085 - WARNING - ⚠️  DEGRADACIÓN DETECTADA en iter 51100:
2025-10-20 23:48:58,085 - WARNING -    Mejor fitness: 167.6
2025-10-20 23:48:58,086 - WARNING -    Fitness promedio reciente: 147.1
2025-10-20 23:48:58,086 - WARNING -    Degradación: 20.5
2025-10-20 23:48:58,087 - WARNING -    🔄 RESTAURANDO mejor solución...
2025-10-20 23:48:58,088 - DEBUG - Iter 51100: T=1.80, Fitness_actual=167.6, Mejor=167.6
2025-10-20 23:48:58,291 - INFO - 🌟 MEJORA #150 en iter 51102: Fitness=167.6 (+0.0), Puntos=18106
2025-10-20 23:48:58,291 - INFO -   ✨ Mejora #150 en iteración 51103: Fitness = 167.6 | Puntos = 18106 | T = 1.80
2025-10-20 23:49:08,295 - DEBUG - Iter 51200: T=1.80, Fitness_actual=156.5, Mejor=167.6
2025-10-20 23:49:18,568 - DEBUG - Iter 51300: T=1.79, Fitness_actual=146.9, Mejor=167.6
2025-10-20 23:49:23,746 - WARNING - ⚠️  DEGRADACIÓN DETECTADA en iter 51350:
2025-10-20 23:49:23,747 - WARNING -    Mejor fitness: 167.6
2025-10-20 23:49:23,747 - WARNING -    Fitness promedio reciente: 145.4
2025-10-20 23:49:23,748 - WARNING -    Degradación: 22.2
2025-10-20 23:49:23,748 - WARNING -    🔄 RESTAURANDO mejor solución...
2025-10-20 23:49:26,011 - WARNING - ================================================================================
2025-10-20 23:49:26,012 - WARNING - ⚠️  SALTO ANORMAL DETECTADO en iteración 51372
2025-10-20 23:49:26,012 - WARNING -    Fitness actual: 166.2
2025-10-20 23:49:26,013 - WARNING -    Fitness vecino: 143.6
2025-10-20 23:49:26,013 - WARNING -    Delta: -22.6
2025-10-20 23:49:26,014 - WARNING -    Temperatura: 1.78
2025-10-20 23:49:26,014 - WARNING -    Tipo perturbación aplicada: (ver generar_vecino)
2025-10-20 23:49:26,014 - WARNING -    Vecino - Puntos: 18002, Tiempo: 15193.3min, Distancia: 132.8km
2025-10-20 23:49:26,014 - WARNING -    Actual - Puntos: 18069, Tiempo: 14693.3min, Distancia: 130.3km
2025-10-20 23:49:26,015 - WARNING -    Validez restricciones - Vecino: False, Actual: True
2025-10-20 23:49:26,015 - WARNING - ================================================================================
2025-10-20 23:49:26,015 - WARNING - ⚠️  SALTO ANORMAL DETECTADO en iteración 51372
2025-10-20 23:49:26,015 - WARNING -    Fitness: 166.2 → 143.6 (Δ=-22.6)
2025-10-20 23:49:26,016 - WARNING -    Ver detalles en archivo de log
2025-10-20 23:49:28,904 - DEBUG - Iter 51400: T=1.78, Fitness_actual=162.7, Mejor=167.6
2025-10-20 23:49:39,153 - INFO -   Iter 51500 | Tiempo:   71.1min (59.2%) | T =     1.77 | Fitness =    155.5 | Mejor =    167.6 | Aceptación =  84.1%
2025-10-20 23:49:39,153 - INFO - Progreso iter 51500: T=1.77, Fitness=155.5, Mejor=167.6, Tasa_acept=84.1%
2025-10-20 23:49:39,154 - DEBUG - Iter 51500: T=1.77, Fitness_actual=155.5, Mejor=167.6
2025-10-20 23:49:41,210 - WARNING - ================================================================================
2025-10-20 23:49:41,210 - WARNING - ⚠️  SALTO ANORMAL DETECTADO en iteración 51520
2025-10-20 23:49:41,211 - WARNING -    Fitness actual: 148.9
2025-10-20 23:49:41,211 - WARNING -    Fitness vecino: 128.2
2025-10-20 23:49:41,212 - WARNING -    Delta: -20.7
2025-10-20 23:49:41,212 - WARNING -    Temperatura: 1.77
2025-10-20 23:49:41,212 - WARNING -    Tipo perturbación aplicada: (ver generar_vecino)
2025-10-20 23:49:41,213 - WARNING -    Vecino - Puntos: 17165, Tiempo: 15609.2min, Distancia: 137.3km
2025-10-20 23:49:41,213 - WARNING -    Actual - Puntos: 17987, Tiempo: 14486.9min, Distancia: 141.4km
2025-10-20 23:49:41,213 - WARNING -    Validez restricciones - Vecino: False, Actual: False
2025-10-20 23:49:41,213 - WARNING - ================================================================================
2025-10-20 23:49:41,214 - WARNING - ⚠️  SALTO ANORMAL DETECTADO en iteración 51520
2025-10-20 23:49:41,214 - WARNING -    Fitness: 148.9 → 128.2 (Δ=-20.7)
2025-10-20 23:49:41,214 - WARNING -    Ver detalles en archivo de log
2025-10-20 23:49:49,436 - WARNING - ⚠️  DEGRADACIÓN DETECTADA en iter 51600:
2025-10-20 23:49:49,437 - WARNING -    Mejor fitness: 167.6
2025-10-20 23:49:49,437 - WARNING -    Fitness promedio reciente: 142.6
2025-10-20 23:49:49,438 - WARNING -    Degradación: 25.1
2025-10-20 23:49:49,438 - WARNING -    🔄 RESTAURANDO mejor solución...
2025-10-20 23:49:49,443 - DEBUG - Iter 51600: T=1.77, Fitness_actual=167.6, Mejor=167.6
2025-10-20 23:49:49,645 - INFO - 🌟 MEJORA #151 en iter 51602: Fitness=167.7 (+0.1), Puntos=18115
2025-10-20 23:49:49,851 - INFO - 🌟 MEJORA #152 en iter 51604: Fitness=167.7 (+0.0), Puntos=18115
2025-10-20 23:49:59,675 - DEBUG - Iter 51700: T=1.76, Fitness_actual=155.3, Mejor=167.7
2025-10-20 23:50:09,956 - DEBUG - Iter 51800: T=1.75, Fitness_actual=150.6, Mejor=167.7
2025-10-20 23:50:15,066 - WARNING - ⚠️  DEGRADACIÓN DETECTADA en iter 51850:
2025-10-20 23:50:15,066 - WARNING -    Mejor fitness: 167.7
2025-10-20 23:50:15,067 - WARNING -    Fitness promedio reciente: 146.9
2025-10-20 23:50:15,067 - WARNING -    Degradación: 20.8
2025-10-20 23:50:15,068 - WARNING -    🔄 RESTAURANDO mejor solución...
2025-10-20 23:50:15,888 - INFO - 🌟 MEJORA #153 en iter 51858: Fitness=167.8 (+0.1), Puntos=18121
2025-10-20 23:50:20,215 - DEBUG - Iter 51900: T=1.75, Fitness_actual=165.9, Mejor=167.8
2025-10-20 23:50:30,555 - INFO -   Iter 52000 | Tiempo:   71.9min (59.9%) | T =     1.74 | Fitness =    153.0 | Mejor =    167.8 | Aceptación =  84.0%
2025-10-20 23:50:30,555 - INFO - Progreso iter 52000: T=1.74, Fitness=153.0, Mejor=167.8, Tasa_acept=84.0%
2025-10-20 23:50:30,560 - DEBUG - Iter 52000: T=1.74, Fitness_actual=153.0, Mejor=167.8
2025-10-20 23:50:40,850 - DEBUG - Iter 52100: T=1.73, Fitness_actual=152.0, Mejor=167.8
2025-10-20 23:50:51,149 - WARNING - ⚠️  DEGRADACIÓN DETECTADA en iter 52200:
2025-10-20 23:50:51,150 - WARNING -    Mejor fitness: 167.8
2025-10-20 23:50:51,150 - WARNING -    Fitness promedio reciente: 145.4
2025-10-20 23:50:51,150 - WARNING -    Degradación: 22.4
2025-10-20 23:50:51,151 - WARNING -    🔄 RESTAURANDO mejor solución...
2025-10-20 23:50:51,152 - DEBUG - Iter 52200: T=1.73, Fitness_actual=167.8, Mejor=167.8
2025-10-20 23:50:51,152 - INFO - 🌟 MEJORA #154 en iter 52200: Fitness=167.8 (+0.0), Puntos=18121
2025-10-20 23:51:01,537 - DEBUG - Iter 52300: T=1.72, Fitness_actual=157.2, Mejor=167.8
2025-10-20 23:51:11,935 - WARNING - ⚠️  DEGRADACIÓN DETECTADA en iter 52400:
2025-10-20 23:51:11,935 - WARNING -    Mejor fitness: 167.8
2025-10-20 23:51:11,936 - WARNING -    Fitness promedio reciente: 147.3
2025-10-20 23:51:11,936 - WARNING -    Degradación: 20.5
2025-10-20 23:51:11,937 - WARNING -    🔄 RESTAURANDO mejor solución...
2025-10-20 23:51:11,941 - DEBUG - Iter 52400: T=1.71, Fitness_actual=167.8, Mejor=167.8
2025-10-20 23:51:12,146 - INFO - 🌟 MEJORA #155 en iter 52402: Fitness=167.8 (+0.0), Puntos=18121
2025-10-20 23:51:12,146 - INFO -   ✨ Mejora #155 en iteración 52403: Fitness = 167.8 | Puntos = 18121 | T = 1.71
2025-10-20 23:51:22,350 - INFO -   Iter 52500 | Tiempo:   72.8min (60.7%) | T =     1.70 | Fitness =    149.0 | Mejor =    167.8 | Aceptación =  83.9%
2025-10-20 23:51:22,351 - INFO - Progreso iter 52500: T=1.70, Fitness=149.0, Mejor=167.8, Tasa_acept=83.9%
2025-10-20 23:51:22,353 - DEBUG - Iter 52500: T=1.70, Fitness_actual=149.0, Mejor=167.8
2025-10-20 23:51:27,591 - WARNING - ⚠️  DEGRADACIÓN DETECTADA en iter 52550:
2025-10-20 23:51:27,591 - WARNING -    Mejor fitness: 167.8
2025-10-20 23:51:27,592 - WARNING -    Fitness promedio reciente: 145.6
2025-10-20 23:51:27,592 - WARNING -    Degradación: 22.2
2025-10-20 23:51:27,593 - WARNING -    🔄 RESTAURANDO mejor solución...
2025-10-20 23:51:32,763 - DEBUG - Iter 52600: T=1.70, Fitness_actual=159.3, Mejor=167.8
2025-10-20 23:51:43,116 - DEBUG - Iter 52700: T=1.69, Fitness_actual=151.6, Mejor=167.8
2025-10-20 23:51:53,499 - DEBUG - Iter 52800: T=1.68, Fitness_actual=145.1, Mejor=167.8
2025-10-20 23:51:58,721 - WARNING - ⚠️  DEGRADACIÓN DETECTADA en iter 52850:
2025-10-20 23:51:58,722 - WARNING -    Mejor fitness: 167.8
2025-10-20 23:51:58,722 - WARNING -    Fitness promedio reciente: 143.8
2025-10-20 23:51:58,723 - WARNING -    Degradación: 24.0
2025-10-20 23:51:58,723 - WARNING -    🔄 RESTAURANDO mejor solución...
2025-10-20 23:52:03,935 - DEBUG - Iter 52900: T=1.68, Fitness_actual=165.0, Mejor=167.8
2025-10-20 23:52:13,950 - WARNING - ================================================================================
2025-10-20 23:52:13,951 - WARNING - ⚠️  SALTO ANORMAL DETECTADO en iteración 52996
2025-10-20 23:52:13,951 - WARNING -    Fitness actual: 160.8
2025-10-20 23:52:13,951 - WARNING -    Fitness vecino: 140.4
2025-10-20 23:52:13,952 - WARNING -    Delta: -20.4
2025-10-20 23:52:13,952 - WARNING -    Temperatura: 1.67
2025-10-20 23:52:13,953 - WARNING -    Tipo perturbación aplicada: (ver generar_vecino)
2025-10-20 23:52:13,953 - WARNING -    Vecino - Puntos: 17121, Tiempo: 14168.8min, Distancia: 119.9km
2025-10-20 23:52:13,954 - WARNING -    Actual - Puntos: 18051, Tiempo: 14730.9min, Distancia: 127.2km
2025-10-20 23:52:13,954 - WARNING -    Validez restricciones - Vecino: False, Actual: True
2025-10-20 23:52:13,954 - WARNING - ================================================================================
2025-10-20 23:52:13,955 - WARNING - ⚠️  SALTO ANORMAL DETECTADO en iteración 52996
2025-10-20 23:52:13,955 - WARNING -    Fitness: 160.8 → 140.4 (Δ=-20.4)
2025-10-20 23:52:13,955 - WARNING -    Ver detalles en archivo de log
2025-10-20 23:52:14,377 - INFO -   Iter 53000 | Tiempo:   73.7min (61.4%) | T =     1.67 | Fitness =    160.8 | Mejor =    167.8 | Aceptación =  83.8%
2025-10-20 23:52:14,378 - INFO - Progreso iter 53000: T=1.67, Fitness=160.8, Mejor=167.8, Tasa_acept=83.8%
2025-10-20 23:52:14,382 - DEBUG - Iter 53000: T=1.67, Fitness_actual=160.8, Mejor=167.8
2025-10-20 23:52:17,296 - WARNING - ================================================================================
2025-10-20 23:52:17,297 - WARNING - ⚠️  SALTO ANORMAL DETECTADO en iteración 53028
2025-10-20 23:52:17,297 - WARNING -    Fitness actual: 160.8
2025-10-20 23:52:17,297 - WARNING -    Fitness vecino: 124.4
2025-10-20 23:52:17,298 - WARNING -    Delta: -36.4
2025-10-20 23:52:17,298 - WARNING -    Temperatura: 1.67
2025-10-20 23:52:17,298 - WARNING -    Tipo perturbación aplicada: (ver generar_vecino)
2025-10-20 23:52:17,298 - WARNING -    Vecino - Puntos: 18102, Tiempo: 16656.3min, Distancia: 300.9km
2025-10-20 23:52:17,298 - WARNING -    Actual - Puntos: 18066, Tiempo: 14708.0min, Distancia: 126.5km
2025-10-20 23:52:17,299 - WARNING -    Validez restricciones - Vecino: True, Actual: True
2025-10-20 23:52:17,299 - WARNING - ================================================================================
2025-10-20 23:52:17,299 - WARNING - ⚠️  SALTO ANORMAL DETECTADO en iteración 53028
2025-10-20 23:52:17,299 - WARNING -    Fitness: 160.8 → 124.4 (Δ=-36.4)
2025-10-20 23:52:17,299 - WARNING -    Ver detalles en archivo de log
2025-10-20 23:52:17,729 - WARNING - ================================================================================
2025-10-20 23:52:17,730 - WARNING - ⚠️  SALTO ANORMAL DETECTADO en iteración 53032
2025-10-20 23:52:17,730 - WARNING -    Fitness actual: 160.9
2025-10-20 23:52:17,731 - WARNING -    Fitness vecino: 140.3
2025-10-20 23:52:17,731 - WARNING -    Delta: -20.5
2025-10-20 23:52:17,732 - WARNING -    Temperatura: 1.67
2025-10-20 23:52:17,732 - WARNING -    Tipo perturbación aplicada: (ver generar_vecino)
2025-10-20 23:52:17,733 - WARNING -    Vecino - Puntos: 17173, Tiempo: 14260.1min, Distancia: 127.9km
2025-10-20 23:52:17,733 - WARNING -    Actual - Puntos: 18073, Tiempo: 14716.5min, Distancia: 126.0km
2025-10-20 23:52:17,733 - WARNING -    Validez restricciones - Vecino: False, Actual: True
2025-10-20 23:52:17,734 - WARNING - ================================================================================
2025-10-20 23:52:17,734 - WARNING - ⚠️  SALTO ANORMAL DETECTADO en iteración 53032
2025-10-20 23:52:17,734 - WARNING -    Fitness: 160.9 → 140.3 (Δ=-20.5)
2025-10-20 23:52:17,734 - WARNING -    Ver detalles en archivo de log
2025-10-20 23:52:20,048 - WARNING - ================================================================================
2025-10-20 23:52:20,049 - WARNING - ⚠️  SALTO ANORMAL DETECTADO en iteración 53054
2025-10-20 23:52:20,049 - WARNING -    Fitness actual: 159.2
2025-10-20 23:52:20,049 - WARNING -    Fitness vecino: 139.1
2025-10-20 23:52:20,050 - WARNING -    Delta: -20.1
2025-10-20 23:52:20,050 - WARNING -    Temperatura: 1.67
2025-10-20 23:52:20,050 - WARNING -    Tipo perturbación aplicada: (ver generar_vecino)
2025-10-20 23:52:20,051 - WARNING -    Vecino - Puntos: 16997, Tiempo: 13833.3min, Distancia: 117.4km
2025-10-20 23:52:20,051 - WARNING -    Actual - Puntos: 17968, Tiempo: 14764.6min, Distancia: 126.2km
2025-10-20 23:52:20,051 - WARNING -    Validez restricciones - Vecino: False, Actual: True
2025-10-20 23:52:20,052 - WARNING - ================================================================================
2025-10-20 23:52:20,052 - WARNING - ⚠️  SALTO ANORMAL DETECTADO en iteración 53054
2025-10-20 23:52:20,052 - WARNING -    Fitness: 159.2 → 139.1 (Δ=-20.1)
2025-10-20 23:52:20,052 - WARNING -    Ver detalles en archivo de log
2025-10-20 23:52:24,906 - DEBUG - Iter 53100: T=1.66, Fitness_actual=151.8, Mejor=167.8
2025-10-20 23:52:35,425 - DEBUG - Iter 53200: T=1.66, Fitness_actual=150.2, Mejor=167.8
2025-10-20 23:52:45,862 - WARNING - ⚠️  DEGRADACIÓN DETECTADA en iter 53300:
2025-10-20 23:52:45,863 - WARNING -    Mejor fitness: 167.8
2025-10-20 23:52:45,863 - WARNING -    Fitness promedio reciente: 146.6
2025-10-20 23:52:45,863 - WARNING -    Degradación: 21.2
2025-10-20 23:52:45,864 - WARNING -    🔄 RESTAURANDO mejor solución...
2025-10-20 23:52:45,865 - DEBUG - Iter 53300: T=1.65, Fitness_actual=167.8, Mejor=167.8
2025-10-20 23:52:51,093 - WARNING - ================================================================================
2025-10-20 23:52:51,093 - WARNING - ⚠️  SALTO ANORMAL DETECTADO en iteración 53350
2025-10-20 23:52:51,094 - WARNING -    Fitness actual: 163.1
2025-10-20 23:52:51,094 - WARNING -    Fitness vecino: 135.1
2025-10-20 23:52:51,094 - WARNING -    Delta: -28.1
2025-10-20 23:52:51,095 - WARNING -    Temperatura: 1.65
2025-10-20 23:52:51,095 - WARNING -    Tipo perturbación aplicada: (ver generar_vecino)
2025-10-20 23:52:51,095 - WARNING -    Vecino - Puntos: 18093, Tiempo: 15952.9min, Distancia: 227.7km
2025-10-20 23:52:51,095 - WARNING -    Actual - Puntos: 18088, Tiempo: 14667.7min, Distancia: 136.9km
2025-10-20 23:52:51,096 - WARNING -    Validez restricciones - Vecino: True, Actual: True
2025-10-20 23:52:51,096 - WARNING - ================================================================================
2025-10-20 23:52:51,096 - WARNING - ⚠️  SALTO ANORMAL DETECTADO en iteración 53350
2025-10-20 23:52:51,097 - WARNING -    Fitness: 163.1 → 135.1 (Δ=-28.1)
2025-10-20 23:52:51,097 - WARNING -    Ver detalles en archivo de log
2025-10-20 23:52:56,320 - DEBUG - Iter 53400: T=1.64, Fitness_actual=149.1, Mejor=167.8
2025-10-20 23:53:01,552 - WARNING - ⚠️  DEGRADACIÓN DETECTADA en iter 53450:
2025-10-20 23:53:01,552 - WARNING -    Mejor fitness: 167.8
2025-10-20 23:53:01,553 - WARNING -    Fitness promedio reciente: 145.9
2025-10-20 23:53:01,553 - WARNING -    Degradación: 21.9
2025-10-20 23:53:01,553 - WARNING -    🔄 RESTAURANDO mejor solución...
2025-10-20 23:53:04,182 - WARNING - ================================================================================
2025-10-20 23:53:04,183 - WARNING - ⚠️  SALTO ANORMAL DETECTADO en iteración 53475
2025-10-20 23:53:04,183 - WARNING -    Fitness actual: 161.6
2025-10-20 23:53:04,183 - WARNING -    Fitness vecino: 139.0
2025-10-20 23:53:04,184 - WARNING -    Delta: -22.7
2025-10-20 23:53:04,184 - WARNING -    Temperatura: 1.64
2025-10-20 23:53:04,184 - WARNING -    Tipo perturbación aplicada: (ver generar_vecino)
2025-10-20 23:53:04,185 - WARNING -    Vecino - Puntos: 18085, Tiempo: 15182.6min, Distancia: 129.0km
2025-10-20 23:53:04,185 - WARNING -    Actual - Puntos: 18107, Tiempo: 14576.1min, Distancia: 129.7km
2025-10-20 23:53:04,185 - WARNING -    Validez restricciones - Vecino: False, Actual: True
2025-10-20 23:53:04,186 - WARNING - ================================================================================
2025-10-20 23:53:04,186 - WARNING - ⚠️  SALTO ANORMAL DETECTADO en iteración 53475
2025-10-20 23:53:04,186 - WARNING -    Fitness: 161.6 → 139.0 (Δ=-22.7)
2025-10-20 23:53:04,186 - WARNING -    Ver detalles en archivo de log
2025-10-20 23:53:06,867 - INFO -   Iter 53500 | Tiempo:   74.5min (62.1%) | T =     1.64 | Fitness =    158.2 | Mejor =    167.8 | Aceptación =  83.7%
2025-10-20 23:53:06,868 - INFO - Progreso iter 53500: T=1.64, Fitness=158.2, Mejor=167.8, Tasa_acept=83.7%
2025-10-20 23:53:06,872 - DEBUG - Iter 53500: T=1.64, Fitness_actual=158.2, Mejor=167.8
2025-10-20 23:53:17,374 - DEBUG - Iter 53600: T=1.63, Fitness_actual=146.1, Mejor=167.8
2025-10-20 23:53:22,610 - WARNING - ⚠️  DEGRADACIÓN DETECTADA en iter 53650:
2025-10-20 23:53:22,610 - WARNING -    Mejor fitness: 167.8
2025-10-20 23:53:22,610 - WARNING -    Fitness promedio reciente: 145.4
2025-10-20 23:53:22,611 - WARNING -    Degradación: 22.4
2025-10-20 23:53:22,611 - WARNING -    🔄 RESTAURANDO mejor solución...
2025-10-20 23:53:23,577 - INFO - 🌟 MEJORA #156 en iter 53659: Fitness=167.8 (+0.0), Puntos=18126
2025-10-20 23:53:27,868 - DEBUG - Iter 53700: T=1.62, Fitness_actual=165.4, Mejor=167.8
2025-10-20 23:53:28,290 - WARNING - ================================================================================
2025-10-20 23:53:28,290 - WARNING - ⚠️  SALTO ANORMAL DETECTADO en iteración 53704
2025-10-20 23:53:28,291 - WARNING -    Fitness actual: 165.3
2025-10-20 23:53:28,291 - WARNING -    Fitness vecino: 144.0
2025-10-20 23:53:28,292 - WARNING -    Delta: -21.3
2025-10-20 23:53:28,292 - WARNING -    Temperatura: 1.62
2025-10-20 23:53:28,292 - WARNING -    Tipo perturbación aplicada: (ver generar_vecino)
2025-10-20 23:53:28,293 - WARNING -    Vecino - Puntos: 17939, Tiempo: 15193.6min, Distancia: 128.2km
2025-10-20 23:53:28,293 - WARNING -    Actual - Puntos: 18087, Tiempo: 14838.6min, Distancia: 134.9km
2025-10-20 23:53:28,294 - WARNING -    Validez restricciones - Vecino: False, Actual: True
2025-10-20 23:53:28,294 - WARNING - ================================================================================
2025-10-20 23:53:28,294 - WARNING - ⚠️  SALTO ANORMAL DETECTADO en iteración 53704
2025-10-20 23:53:28,295 - WARNING -    Fitness: 165.3 → 144.0 (Δ=-21.3)
2025-10-20 23:53:28,295 - WARNING -    Ver detalles en archivo de log
2025-10-20 23:53:34,254 - WARNING - ================================================================================
2025-10-20 23:53:34,254 - WARNING - ⚠️  SALTO ANORMAL DETECTADO en iteración 53761
2025-10-20 23:53:34,255 - WARNING -    Fitness actual: 159.0
2025-10-20 23:53:34,255 - WARNING -    Fitness vecino: 121.0
2025-10-20 23:53:34,255 - WARNING -    Delta: -38.0
2025-10-20 23:53:34,255 - WARNING -    Temperatura: 1.62
2025-10-20 23:53:34,256 - WARNING -    Tipo perturbación aplicada: (ver generar_vecino)
2025-10-20 23:53:34,256 - WARNING -    Vecino - Puntos: 17760, Tiempo: 16600.0min, Distancia: 284.6km
2025-10-20 23:53:34,256 - WARNING -    Actual - Puntos: 18080, Tiempo: 14835.3min, Distancia: 136.7km
2025-10-20 23:53:34,256 - WARNING -    Validez restricciones - Vecino: True, Actual: True
2025-10-20 23:53:34,257 - WARNING - ================================================================================
2025-10-20 23:53:34,257 - WARNING - ⚠️  SALTO ANORMAL DETECTADO en iteración 53761
2025-10-20 23:53:34,257 - WARNING -    Fitness: 159.0 → 121.0 (Δ=-38.0)
2025-10-20 23:53:34,257 - WARNING -    Ver detalles en archivo de log
2025-10-20 23:53:38,344 - DEBUG - Iter 53800: T=1.62, Fitness_actual=154.0, Mejor=167.8
2025-10-20 23:53:38,767 - WARNING - ================================================================================
2025-10-20 23:53:38,767 - WARNING - ⚠️  SALTO ANORMAL DETECTADO en iteración 53804
2025-10-20 23:53:38,768 - WARNING -    Fitness actual: 153.8
2025-10-20 23:53:38,768 - WARNING -    Fitness vecino: 125.8
2025-10-20 23:53:38,768 - WARNING -    Delta: -28.0
2025-10-20 23:53:38,769 - WARNING -    Temperatura: 1.62
2025-10-20 23:53:38,769 - WARNING -    Tipo perturbación aplicada: (ver generar_vecino)
2025-10-20 23:53:38,769 - WARNING -    Vecino - Puntos: 17944, Tiempo: 15911.3min, Distancia: 215.1km
2025-10-20 23:53:38,770 - WARNING -    Actual - Puntos: 18077, Tiempo: 14815.7min, Distancia: 136.3km
2025-10-20 23:53:38,770 - WARNING -    Validez restricciones - Vecino: False, Actual: True
2025-10-20 23:53:38,770 - WARNING - ================================================================================
2025-10-20 23:53:38,770 - WARNING - ⚠️  SALTO ANORMAL DETECTADO en iteración 53804
2025-10-20 23:53:38,771 - WARNING -    Fitness: 153.8 → 125.8 (Δ=-28.0)
2025-10-20 23:53:38,771 - WARNING -    Ver detalles en archivo de log
2025-10-20 23:53:48,800 - WARNING - ⚠️  DEGRADACIÓN DETECTADA en iter 53900:
2025-10-20 23:53:48,801 - WARNING -    Mejor fitness: 167.8
2025-10-20 23:53:48,801 - WARNING -    Fitness promedio reciente: 144.9
2025-10-20 23:53:48,802 - WARNING -    Degradación: 22.9
2025-10-20 23:53:48,802 - WARNING -    🔄 RESTAURANDO mejor solución...
2025-10-20 23:53:48,805 - DEBUG - Iter 53900: T=1.61, Fitness_actual=167.8, Mejor=167.8
2025-10-20 23:53:49,017 - INFO - 🌟 MEJORA #157 en iter 53902: Fitness=167.8 (+0.0), Puntos=18126
2025-10-20 23:53:59,304 - INFO -   Iter 54000 | Tiempo:   75.4min (62.8%) | T =     1.60 | Fitness =    158.1 | Mejor =    167.8 | Aceptación =  83.5%
2025-10-20 23:53:59,304 - INFO - Progreso iter 54000: T=1.60, Fitness=158.1, Mejor=167.8, Tasa_acept=83.5%
2025-10-20 23:53:59,308 - DEBUG - Iter 54000: T=1.60, Fitness_actual=158.1, Mejor=167.8
2025-10-20 23:54:09,884 - WARNING - ⚠️  DEGRADACIÓN DETECTADA en iter 54100:
2025-10-20 23:54:09,884 - WARNING -    Mejor fitness: 167.8
2025-10-20 23:54:09,885 - WARNING -    Fitness promedio reciente: 147.4
2025-10-20 23:54:09,885 - WARNING -    Degradación: 20.4
2025-10-20 23:54:09,885 - WARNING -    🔄 RESTAURANDO mejor solución...
2025-10-20 23:54:09,886 - DEBUG - Iter 54100: T=1.60, Fitness_actual=167.8, Mejor=167.8
2025-10-20 23:54:09,887 - INFO - 🌟 MEJORA #158 en iter 54100: Fitness=167.8 (+0.0), Puntos=18126
2025-10-20 23:54:10,319 - WARNING - ================================================================================
2025-10-20 23:54:10,320 - WARNING - ⚠️  SALTO ANORMAL DETECTADO en iteración 54104
2025-10-20 23:54:10,320 - WARNING -    Fitness actual: 167.8
2025-10-20 23:54:10,321 - WARNING -    Fitness vecino: 113.7
2025-10-20 23:54:10,321 - WARNING -    Delta: -54.1
2025-10-20 23:54:10,322 - WARNING -    Temperatura: 1.60
2025-10-20 23:54:10,322 - WARNING -    Tipo perturbación aplicada: (ver generar_vecino)
2025-10-20 23:54:10,322 - WARNING -    Vecino - Puntos: 17840, Tiempo: 18342.8min, Distancia: 281.8km
2025-10-20 23:54:10,323 - WARNING -    Actual - Puntos: 18119, Tiempo: 14842.6min, Distancia: 129.4km
2025-10-20 23:54:10,323 - WARNING -    Validez restricciones - Vecino: True, Actual: True
2025-10-20 23:54:10,323 - WARNING - ================================================================================
2025-10-20 23:54:10,324 - WARNING - ⚠️  SALTO ANORMAL DETECTADO en iteración 54104
2025-10-20 23:54:10,324 - WARNING -    Fitness: 167.8 → 113.7 (Δ=-54.1)
2025-10-20 23:54:10,324 - WARNING -    Ver detalles en archivo de log
2025-10-20 23:54:20,443 - DEBUG - Iter 54200: T=1.59, Fitness_actual=157.0, Mejor=167.8
2025-10-20 23:54:31,073 - DEBUG - Iter 54300: T=1.58, Fitness_actual=143.8, Mejor=167.8
2025-10-20 23:54:36,414 - WARNING - ⚠️  DEGRADACIÓN DETECTADA en iter 54350:
2025-10-20 23:54:36,414 - WARNING -    Mejor fitness: 167.8
2025-10-20 23:54:36,414 - WARNING -    Fitness promedio reciente: 143.9
2025-10-20 23:54:36,415 - WARNING -    Degradación: 23.9
2025-10-20 23:54:36,415 - WARNING -    🔄 RESTAURANDO mejor solución...
2025-10-20 23:54:39,181 - WARNING - ================================================================================
2025-10-20 23:54:39,182 - WARNING - ⚠️  SALTO ANORMAL DETECTADO en iteración 54376
2025-10-20 23:54:39,182 - WARNING -    Fitness actual: 165.8
2025-10-20 23:54:39,182 - WARNING -    Fitness vecino: 143.5
2025-10-20 23:54:39,183 - WARNING -    Delta: -22.3
2025-10-20 23:54:39,183 - WARNING -    Temperatura: 1.58
2025-10-20 23:54:39,183 - WARNING -    Tipo perturbación aplicada: (ver generar_vecino)
2025-10-20 23:54:39,184 - WARNING -    Vecino - Puntos: 17889, Tiempo: 14966.8min, Distancia: 125.1km
2025-10-20 23:54:39,184 - WARNING -    Actual - Puntos: 18116, Tiempo: 14899.6min, Distancia: 133.7km
2025-10-20 23:54:39,184 - WARNING -    Validez restricciones - Vecino: False, Actual: True
2025-10-20 23:54:39,184 - WARNING - ================================================================================
2025-10-20 23:54:39,185 - WARNING - ⚠️  SALTO ANORMAL DETECTADO en iteración 54376
2025-10-20 23:54:39,185 - WARNING -    Fitness: 165.8 → 143.5 (Δ=-22.3)
2025-10-20 23:54:39,185 - WARNING -    Ver detalles en archivo de log
2025-10-20 23:54:41,716 - DEBUG - Iter 54400: T=1.58, Fitness_actual=155.1, Mejor=167.8
2025-10-20 23:54:52,270 - INFO -   Iter 54500 | Tiempo:   76.3min (63.6%) | T =     1.57 | Fitness =    149.0 | Mejor =    167.8 | Aceptación =  83.4%
2025-10-20 23:54:52,271 - INFO - Progreso iter 54500: T=1.57, Fitness=149.0, Mejor=167.8, Tasa_acept=83.4%
2025-10-20 23:54:52,273 - DEBUG - Iter 54500: T=1.57, Fitness_actual=149.0, Mejor=167.8
2025-10-20 23:54:57,542 - WARNING - ⚠️  DEGRADACIÓN DETECTADA en iter 54550:
2025-10-20 23:54:57,543 - WARNING -    Mejor fitness: 167.8
2025-10-20 23:54:57,543 - WARNING -    Fitness promedio reciente: 147.1
2025-10-20 23:54:57,544 - WARNING -    Degradación: 20.7
2025-10-20 23:54:57,544 - WARNING -    🔄 RESTAURANDO mejor solución...
2025-10-20 23:54:59,878 - WARNING - ================================================================================
2025-10-20 23:54:59,878 - WARNING - ⚠️  SALTO ANORMAL DETECTADO en iteración 54572
2025-10-20 23:54:59,879 - WARNING -    Fitness actual: 163.6
2025-10-20 23:54:59,879 - WARNING -    Fitness vecino: 109.5
2025-10-20 23:54:59,879 - WARNING -    Delta: -54.1
2025-10-20 23:54:59,880 - WARNING -    Temperatura: 1.57
2025-10-20 23:54:59,880 - WARNING -    Tipo perturbación aplicada: (ver generar_vecino)
2025-10-20 23:54:59,880 - WARNING -    Vecino - Puntos: 18174, Tiempo: 17511.8min, Distancia: 311.8km
2025-10-20 23:54:59,881 - WARNING -    Actual - Puntos: 18106, Tiempo: 14759.7min, Distancia: 129.6km
2025-10-20 23:54:59,881 - WARNING -    Validez restricciones - Vecino: True, Actual: True
2025-10-20 23:54:59,881 - WARNING - ================================================================================
2025-10-20 23:54:59,882 - WARNING - ⚠️  SALTO ANORMAL DETECTADO en iteración 54572
2025-10-20 23:54:59,882 - WARNING -    Fitness: 163.6 → 109.5 (Δ=-54.1)
2025-10-20 23:54:59,882 - WARNING -    Ver detalles en archivo de log
2025-10-20 23:55:02,842 - DEBUG - Iter 54600: T=1.56, Fitness_actual=161.4, Mejor=167.8
2025-10-20 23:55:13,490 - DEBUG - Iter 54700: T=1.56, Fitness_actual=141.7, Mejor=167.8
2025-10-20 23:55:18,810 - WARNING - ⚠️  DEGRADACIÓN DETECTADA en iter 54750:
2025-10-20 23:55:18,810 - WARNING -    Mejor fitness: 167.8
2025-10-20 23:55:18,811 - WARNING -    Fitness promedio reciente: 139.9
2025-10-20 23:55:18,811 - WARNING -    Degradación: 27.9
2025-10-20 23:55:18,812 - WARNING -    🔄 RESTAURANDO mejor solución...
2025-10-20 23:55:18,813 - INFO - 🌟 MEJORA #159 en iter 54750: Fitness=167.8 (+0.0), Puntos=18126
2025-10-20 23:55:20,094 - WARNING - ================================================================================
2025-10-20 23:55:20,095 - WARNING - ⚠️  SALTO ANORMAL DETECTADO en iteración 54762
2025-10-20 23:55:20,095 - WARNING -    Fitness actual: 166.1
2025-10-20 23:55:20,096 - WARNING -    Fitness vecino: 141.9
2025-10-20 23:55:20,096 - WARNING -    Delta: -24.2
2025-10-20 23:55:20,096 - WARNING -    Temperatura: 1.55
2025-10-20 23:55:20,096 - WARNING -    Tipo perturbación aplicada: (ver generar_vecino)
2025-10-20 23:55:20,097 - WARNING -    Vecino - Puntos: 18082, Tiempo: 15407.5min, Distancia: 136.0km
2025-10-20 23:55:20,097 - WARNING -    Actual - Puntos: 18106, Tiempo: 14825.9min, Distancia: 134.2km
2025-10-20 23:55:20,097 - WARNING -    Validez restricciones - Vecino: False, Actual: True
2025-10-20 23:55:20,098 - WARNING - ================================================================================
2025-10-20 23:55:20,098 - WARNING - ⚠️  SALTO ANORMAL DETECTADO en iteración 54762
2025-10-20 23:55:20,098 - WARNING -    Fitness: 166.1 → 141.9 (Δ=-24.2)
2025-10-20 23:55:20,098 - WARNING -    Ver detalles en archivo de log
2025-10-20 23:55:24,133 - DEBUG - Iter 54800: T=1.55, Fitness_actual=160.6, Mejor=167.8
2025-10-20 23:55:34,753 - DEBUG - Iter 54900: T=1.54, Fitness_actual=154.2, Mejor=167.8
2025-10-20 23:55:45,533 - INFO -   Iter 55000 | Tiempo:   77.2min (64.3%) | T =     1.54 | Fitness =    147.4 | Mejor =    167.8 | Aceptación =  83.3%
2025-10-20 23:55:45,533 - INFO - Progreso iter 55000: T=1.54, Fitness=147.4, Mejor=167.8, Tasa_acept=83.3%
2025-10-20 23:55:45,534 - WARNING - ⚠️  DEGRADACIÓN DETECTADA en iter 55000:
2025-10-20 23:55:45,534 - WARNING -    Mejor fitness: 167.8
2025-10-20 23:55:45,535 - WARNING -    Fitness promedio reciente: 144.2
2025-10-20 23:55:45,535 - WARNING -    Degradación: 23.6
2025-10-20 23:55:45,535 - WARNING -    🔄 RESTAURANDO mejor solución...
2025-10-20 23:55:45,536 - DEBUG - Iter 55000: T=1.54, Fitness_actual=167.8, Mejor=167.8
2025-10-20 23:55:45,537 - INFO - 🌟 MEJORA #160 en iter 55000: Fitness=167.8 (+0.0), Puntos=18126
2025-10-20 23:55:45,537 - INFO -   ✨ Mejora #160 en iteración 55001: Fitness = 167.8 | Puntos = 18126 | T = 1.54
2025-10-20 23:55:52,868 - WARNING - ================================================================================
2025-10-20 23:55:52,868 - WARNING - ⚠️  SALTO ANORMAL DETECTADO en iteración 55069
2025-10-20 23:55:52,869 - WARNING -    Fitness actual: 160.4
2025-10-20 23:55:52,869 - WARNING -    Fitness vecino: 84.1
2025-10-20 23:55:52,869 - WARNING -    Delta: -76.4
2025-10-20 23:55:52,870 - WARNING -    Temperatura: 1.53
2025-10-20 23:55:52,870 - WARNING -    Tipo perturbación aplicada: (ver generar_vecino)
2025-10-20 23:55:52,871 - WARNING -    Vecino - Puntos: 18047, Tiempo: 18494.6min, Distancia: 425.4km
2025-10-20 23:55:52,871 - WARNING -    Actual - Puntos: 18056, Tiempo: 14717.4min, Distancia: 135.6km
2025-10-20 23:55:52,871 - WARNING -    Validez restricciones - Vecino: True, Actual: True
2025-10-20 23:55:52,872 - WARNING - ================================================================================
2025-10-20 23:55:52,872 - WARNING - ⚠️  SALTO ANORMAL DETECTADO en iteración 55069
2025-10-20 23:55:52,872 - WARNING -    Fitness: 160.4 → 84.1 (Δ=-76.4)
2025-10-20 23:55:52,873 - WARNING -    Ver detalles en archivo de log
2025-10-20 23:55:56,185 - DEBUG - Iter 55100: T=1.53, Fitness_actual=156.3, Mejor=167.8
2025-10-20 23:56:06,888 - DEBUG - Iter 55200: T=1.52, Fitness_actual=152.0, Mejor=167.8
2025-10-20 23:56:17,606 - DEBUG - Iter 55300: T=1.52, Fitness_actual=149.2, Mejor=167.8
2025-10-20 23:56:20,074 - WARNING - ================================================================================
2025-10-20 23:56:20,075 - WARNING - ⚠️  SALTO ANORMAL DETECTADO en iteración 55323
2025-10-20 23:56:20,075 - WARNING -    Fitness actual: 149.3
2025-10-20 23:56:20,076 - WARNING -    Fitness vecino: 128.0
2025-10-20 23:56:20,076 - WARNING -    Delta: -21.4
2025-10-20 23:56:20,076 - WARNING -    Temperatura: 1.52
2025-10-20 23:56:20,076 - WARNING -    Tipo perturbación aplicada: (ver generar_vecino)
2025-10-20 23:56:20,077 - WARNING -    Vecino - Puntos: 17182, Tiempo: 15465.2min, Distancia: 217.9km
2025-10-20 23:56:20,077 - WARNING -    Actual - Puntos: 17928, Tiempo: 15020.6min, Distancia: 154.2km
2025-10-20 23:56:20,077 - WARNING -    Validez restricciones - Vecino: False, Actual: True
2025-10-20 23:56:20,078 - WARNING - ================================================================================
2025-10-20 23:56:20,078 - WARNING - ⚠️  SALTO ANORMAL DETECTADO en iteración 55323
2025-10-20 23:56:20,078 - WARNING -    Fitness: 149.3 → 128.0 (Δ=-21.4)
2025-10-20 23:56:20,079 - WARNING -    Ver detalles en archivo de log
2025-10-20 23:56:21,487 - WARNING - ================================================================================
2025-10-20 23:56:21,488 - WARNING - ⚠️  SALTO ANORMAL DETECTADO en iteración 55336
2025-10-20 23:56:21,488 - WARNING -    Fitness actual: 149.4
2025-10-20 23:56:21,488 - WARNING -    Fitness vecino: 89.6
2025-10-20 23:56:21,489 - WARNING -    Delta: -59.8
2025-10-20 23:56:21,489 - WARNING -    Temperatura: 1.52
2025-10-20 23:56:21,490 - WARNING -    Tipo perturbación aplicada: (ver generar_vecino)
2025-10-20 23:56:21,490 - WARNING -    Vecino - Puntos: 17985, Tiempo: 18176.6min, Distancia: 395.6km
2025-10-20 23:56:21,490 - WARNING -    Actual - Puntos: 17932, Tiempo: 15105.9min, Distancia: 155.5km
2025-10-20 23:56:21,491 - WARNING -    Validez restricciones - Vecino: True, Actual: True
2025-10-20 23:56:21,491 - WARNING - ================================================================================
2025-10-20 23:56:21,491 - WARNING - ⚠️  SALTO ANORMAL DETECTADO en iteración 55336
2025-10-20 23:56:21,492 - WARNING -    Fitness: 149.4 → 89.6 (Δ=-59.8)
2025-10-20 23:56:21,492 - WARNING -    Ver detalles en archivo de log
2025-10-20 23:56:28,331 - DEBUG - Iter 55400: T=1.51, Fitness_actual=149.5, Mejor=167.8
2025-10-20 23:56:39,018 - INFO -   Iter 55500 | Tiempo:   78.1min (65.1%) | T =     1.51 | Fitness =    148.2 | Mejor =    167.8 | Aceptación =  83.2%
2025-10-20 23:56:39,018 - INFO - Progreso iter 55500: T=1.51, Fitness=148.2, Mejor=167.8, Tasa_acept=83.2%
2025-10-20 23:56:39,021 - DEBUG - Iter 55500: T=1.51, Fitness_actual=148.2, Mejor=167.8
2025-10-20 23:56:49,701 - WARNING - ⚠️  DEGRADACIÓN DETECTADA en iter 55600:
2025-10-20 23:56:49,702 - WARNING -    Mejor fitness: 167.8
2025-10-20 23:56:49,702 - WARNING -    Fitness promedio reciente: 145.3
2025-10-20 23:56:49,703 - WARNING -    Degradación: 22.5
2025-10-20 23:56:49,703 - WARNING -    🔄 RESTAURANDO mejor solución...
2025-10-20 23:56:49,704 - DEBUG - Iter 55600: T=1.50, Fitness_actual=167.8, Mejor=167.8
2025-10-20 23:57:00,484 - DEBUG - Iter 55700: T=1.49, Fitness_actual=155.9, Mejor=167.8
2025-10-20 23:57:11,229 - DEBUG - Iter 55800: T=1.49, Fitness_actual=148.1, Mejor=167.8
2025-10-20 23:57:16,596 - WARNING - ⚠️  DEGRADACIÓN DETECTADA en iter 55850:
2025-10-20 23:57:16,597 - WARNING -    Mejor fitness: 167.8
2025-10-20 23:57:16,597 - WARNING -    Fitness promedio reciente: 144.7
2025-10-20 23:57:16,598 - WARNING -    Degradación: 23.2
2025-10-20 23:57:16,598 - WARNING -    🔄 RESTAURANDO mejor solución...
2025-10-20 23:57:16,818 - INFO - 🌟 MEJORA #161 en iter 55852: Fitness=167.8 (+0.0), Puntos=18126
2025-10-20 23:57:17,902 - INFO - 🌟 MEJORA #162 en iter 55862: Fitness=167.8 (+0.0), Puntos=18126
2025-10-20 23:57:21,949 - DEBUG - Iter 55900: T=1.48, Fitness_actual=163.0, Mejor=167.8
2025-10-20 23:57:32,692 - INFO -   Iter 56000 | Tiempo:   79.0min (65.8%) | T =     1.47 | Fitness =    147.9 | Mejor =    167.8 | Aceptación =  83.1%
2025-10-20 23:57:32,692 - INFO - Progreso iter 56000: T=1.47, Fitness=147.9, Mejor=167.8, Tasa_acept=83.1%
2025-10-20 23:57:32,695 - DEBUG - Iter 56000: T=1.47, Fitness_actual=147.9, Mejor=167.8
2025-10-20 23:57:38,087 - WARNING - ⚠️  DEGRADACIÓN DETECTADA en iter 56050:
2025-10-20 23:57:38,087 - WARNING -    Mejor fitness: 167.8
2025-10-20 23:57:38,087 - WARNING -    Fitness promedio reciente: 147.7
2025-10-20 23:57:38,088 - WARNING -    Degradación: 20.1
2025-10-20 23:57:38,088 - WARNING -    🔄 RESTAURANDO mejor solución...
2025-10-20 23:57:38,089 - INFO - 🌟 MEJORA #163 en iter 56050: Fitness=167.8 (+0.0), Puntos=18126
2025-10-20 23:57:43,171 - WARNING - ================================================================================
2025-10-20 23:57:43,172 - WARNING - ⚠️  SALTO ANORMAL DETECTADO en iteración 56097
2025-10-20 23:57:43,172 - WARNING -    Fitness actual: 163.8
2025-10-20 23:57:43,172 - WARNING -    Fitness vecino: 138.7
2025-10-20 23:57:43,173 - WARNING -    Delta: -25.2
2025-10-20 23:57:43,173 - WARNING -    Temperatura: 1.47
2025-10-20 23:57:43,173 - WARNING -    Tipo perturbación aplicada: (ver generar_vecino)
2025-10-20 23:57:43,174 - WARNING -    Vecino - Puntos: 17202, Tiempo: 14202.8min, Distancia: 115.7km
2025-10-20 23:57:43,174 - WARNING -    Actual - Puntos: 18137, Tiempo: 14898.2min, Distancia: 131.1km
2025-10-20 23:57:43,174 - WARNING -    Validez restricciones - Vecino: False, Actual: True
2025-10-20 23:57:43,174 - WARNING - ================================================================================
2025-10-20 23:57:43,175 - WARNING - ⚠️  SALTO ANORMAL DETECTADO en iteración 56097
2025-10-20 23:57:43,175 - WARNING -    Fitness: 163.8 → 138.7 (Δ=-25.2)
2025-10-20 23:57:43,175 - WARNING -    Ver detalles en archivo de log
2025-10-20 23:57:43,500 - DEBUG - Iter 56100: T=1.47, Fitness_actual=156.4, Mejor=167.8
2025-10-20 23:57:54,235 - DEBUG - Iter 56200: T=1.46, Fitness_actual=153.2, Mejor=167.8
2025-10-20 23:58:04,999 - DEBUG - Iter 56300: T=1.46, Fitness_actual=145.8, Mejor=167.8
2025-10-20 23:58:10,368 - WARNING - ⚠️  DEGRADACIÓN DETECTADA en iter 56350:
2025-10-20 23:58:10,369 - WARNING -    Mejor fitness: 167.8
2025-10-20 23:58:10,369 - WARNING -    Fitness promedio reciente: 144.6
2025-10-20 23:58:10,369 - WARNING -    Degradación: 23.2
2025-10-20 23:58:10,370 - WARNING -    🔄 RESTAURANDO mejor solución...
2025-10-20 23:58:15,739 - DEBUG - Iter 56400: T=1.45, Fitness_actual=162.0, Mejor=167.8
2025-10-20 23:58:26,518 - INFO -   Iter 56500 | Tiempo:   79.9min (66.6%) | T =     1.44 | Fitness =    146.9 | Mejor =    167.8 | Aceptación =  83.0%
2025-10-20 23:58:26,519 - INFO - Progreso iter 56500: T=1.44, Fitness=146.9, Mejor=167.8, Tasa_acept=83.0%
2025-10-20 23:58:26,521 - DEBUG - Iter 56500: T=1.44, Fitness_actual=146.9, Mejor=167.8
2025-10-20 23:58:37,514 - WARNING - ⚠️  DEGRADACIÓN DETECTADA en iter 56600:
2025-10-20 23:58:37,514 - WARNING -    Mejor fitness: 167.8
2025-10-20 23:58:37,514 - WARNING -    Fitness promedio reciente: 147.6
2025-10-20 23:58:37,515 - WARNING -    Degradación: 20.3
2025-10-20 23:58:37,515 - WARNING -    🔄 RESTAURANDO mejor solución...
2025-10-20 23:58:37,516 - DEBUG - Iter 56600: T=1.44, Fitness_actual=167.8, Mejor=167.8
2025-10-20 23:58:37,626 - INFO - 🌟 MEJORA #164 en iter 56601: Fitness=167.9 (+0.0), Puntos=18130
2025-10-20 23:58:37,744 - WARNING - ================================================================================
2025-10-20 23:58:37,744 - WARNING - ⚠️  SALTO ANORMAL DETECTADO en iteración 56602
2025-10-20 23:58:37,744 - WARNING -    Fitness actual: 167.9
2025-10-20 23:58:37,745 - WARNING -    Fitness vecino: 141.0
2025-10-20 23:58:37,745 - WARNING -    Delta: -26.9
2025-10-20 23:58:37,746 - WARNING -    Temperatura: 1.44
2025-10-20 23:58:37,746 - WARNING -    Tipo perturbación aplicada: (ver generar_vecino)
2025-10-20 23:58:37,746 - WARNING -    Vecino - Puntos: 17990, Tiempo: 15642.7min, Distancia: 156.1km
2025-10-20 23:58:37,746 - WARNING -    Actual - Puntos: 18130, Tiempo: 14808.2min, Distancia: 123.6km
2025-10-20 23:58:37,747 - WARNING -    Validez restricciones - Vecino: True, Actual: True
2025-10-20 23:58:37,747 - WARNING - ================================================================================
2025-10-20 23:58:37,747 - WARNING - ⚠️  SALTO ANORMAL DETECTADO en iteración 56602
2025-10-20 23:58:37,748 - WARNING -    Fitness: 167.9 → 141.0 (Δ=-26.9)
2025-10-20 23:58:37,748 - WARNING -    Ver detalles en archivo de log
2025-10-20 23:58:48,354 - DEBUG - Iter 56700: T=1.43, Fitness_actual=150.2, Mejor=167.9
2025-10-20 23:58:59,199 - WARNING - ⚠️  DEGRADACIÓN DETECTADA en iter 56800:
2025-10-20 23:58:59,200 - WARNING -    Mejor fitness: 167.9
2025-10-20 23:58:59,200 - WARNING -    Fitness promedio reciente: 146.0
2025-10-20 23:58:59,201 - WARNING -    Degradación: 21.9
2025-10-20 23:58:59,201 - WARNING -    🔄 RESTAURANDO mejor solución...
2025-10-20 23:58:59,202 - DEBUG - Iter 56800: T=1.43, Fitness_actual=167.9, Mejor=167.9
2025-10-20 23:59:10,117 - DEBUG - Iter 56900: T=1.42, Fitness_actual=160.1, Mejor=167.9
2025-10-20 23:59:21,142 - INFO -   Iter 57000 | Tiempo:   80.8min (67.3%) | T =     1.41 | Fitness =    152.9 | Mejor =    167.9 | Aceptación =  82.9%
2025-10-20 23:59:21,142 - INFO - Progreso iter 57000: T=1.41, Fitness=152.9, Mejor=167.9, Tasa_acept=82.9%
2025-10-20 23:59:21,144 - DEBUG - Iter 57000: T=1.41, Fitness_actual=152.9, Mejor=167.9
2025-10-20 23:59:31,863 - WARNING - ⚠️  DEGRADACIÓN DETECTADA en iter 57100:
2025-10-20 23:59:31,864 - WARNING -    Mejor fitness: 167.9
2025-10-20 23:59:31,864 - WARNING -    Fitness promedio reciente: 147.4
2025-10-20 23:59:31,865 - WARNING -    Degradación: 20.5
2025-10-20 23:59:31,865 - WARNING -    🔄 RESTAURANDO mejor solución...
2025-10-20 23:59:31,866 - DEBUG - Iter 57100: T=1.41, Fitness_actual=167.9, Mejor=167.9
2025-10-20 23:59:31,866 - INFO - 🌟 MEJORA #165 en iter 57100: Fitness=167.9 (+0.0), Puntos=18130
2025-10-20 23:59:31,867 - INFO -   ✨ Mejora #165 en iteración 57101: Fitness = 167.9 | Puntos = 18130 | T = 1.41
2025-10-20 23:59:42,615 - DEBUG - Iter 57200: T=1.40, Fitness_actual=163.4, Mejor=167.9
2025-10-20 23:59:53,396 - DEBUG - Iter 57300: T=1.40, Fitness_actual=154.6, Mejor=167.9
2025-10-21 00:00:04,392 - WARNING - ⚠️  DEGRADACIÓN DETECTADA en iter 57400:
2025-10-21 00:00:04,392 - WARNING -    Mejor fitness: 167.9
2025-10-21 00:00:04,393 - WARNING -    Fitness promedio reciente: 142.4
2025-10-21 00:00:04,393 - WARNING -    Degradación: 25.5
2025-10-21 00:00:04,394 - WARNING -    🔄 RESTAURANDO mejor solución...
2025-10-21 00:00:04,395 - DEBUG - Iter 57400: T=1.39, Fitness_actual=167.9, Mejor=167.9
2025-10-21 00:00:04,728 - WARNING - ================================================================================
2025-10-21 00:00:04,729 - WARNING - ⚠️  SALTO ANORMAL DETECTADO en iteración 57403
2025-10-21 00:00:04,729 - WARNING -    Fitness actual: 167.9
2025-10-21 00:00:04,730 - WARNING -    Fitness vecino: 141.7
2025-10-21 00:00:04,730 - WARNING -    Delta: -26.2
2025-10-21 00:00:04,731 - WARNING -    Temperatura: 1.39
2025-10-21 00:00:04,731 - WARNING -    Tipo perturbación aplicada: (ver generar_vecino)
2025-10-21 00:00:04,732 - WARNING -    Vecino - Puntos: 18105, Tiempo: 15410.4min, Distancia: 126.7km
2025-10-21 00:00:04,732 - WARNING -    Actual - Puntos: 18128, Tiempo: 14812.0min, Distancia: 123.5km
2025-10-21 00:00:04,733 - WARNING -    Validez restricciones - Vecino: False, Actual: True
2025-10-21 00:00:04,733 - WARNING - ================================================================================
2025-10-21 00:00:04,733 - WARNING - ⚠️  SALTO ANORMAL DETECTADO en iteración 57403
2025-10-21 00:00:04,734 - WARNING -    Fitness: 167.9 → 141.7 (Δ=-26.2)
2025-10-21 00:00:04,734 - WARNING -    Ver detalles en archivo de log
2025-10-21 00:00:06,279 - WARNING - ================================================================================
2025-10-21 00:00:06,279 - WARNING - ⚠️  SALTO ANORMAL DETECTADO en iteración 57417
2025-10-21 00:00:06,279 - WARNING -    Fitness actual: 164.9
2025-10-21 00:00:06,280 - WARNING -    Fitness vecino: 143.2
2025-10-21 00:00:06,280 - WARNING -    Delta: -21.7
2025-10-21 00:00:06,280 - WARNING -    Temperatura: 1.39
2025-10-21 00:00:06,281 - WARNING -    Tipo perturbación aplicada: (ver generar_vecino)
2025-10-21 00:00:06,281 - WARNING -    Vecino - Puntos: 17524, Tiempo: 16689.0min, Distancia: 181.0km
2025-10-21 00:00:06,281 - WARNING -    Actual - Puntos: 18128, Tiempo: 14822.3min, Distancia: 124.4km
2025-10-21 00:00:06,282 - WARNING -    Validez restricciones - Vecino: False, Actual: False
2025-10-21 00:00:06,282 - WARNING - ================================================================================
2025-10-21 00:00:06,282 - WARNING - ⚠️  SALTO ANORMAL DETECTADO en iteración 57417
2025-10-21 00:00:06,282 - WARNING -    Fitness: 164.9 → 143.2 (Δ=-21.7)
2025-10-21 00:00:06,283 - WARNING -    Ver detalles en archivo de log
2025-10-21 00:00:15,365 - INFO -   Iter 57500 | Tiempo:   81.7min (68.1%) | T =     1.38 | Fitness =    152.5 | Mejor =    167.9 | Aceptación =  82.8%
2025-10-21 00:00:15,365 - INFO - Progreso iter 57500: T=1.38, Fitness=152.5, Mejor=167.9, Tasa_acept=82.8%
2025-10-21 00:00:15,367 - DEBUG - Iter 57500: T=1.38, Fitness_actual=152.5, Mejor=167.9
2025-10-21 00:00:26,242 - WARNING - ⚠️  DEGRADACIÓN DETECTADA en iter 57600:
2025-10-21 00:00:26,242 - WARNING -    Mejor fitness: 167.9
2025-10-21 00:00:26,243 - WARNING -    Fitness promedio reciente: 144.4
2025-10-21 00:00:26,243 - WARNING -    Degradación: 23.5
2025-10-21 00:00:26,243 - WARNING -    🔄 RESTAURANDO mejor solución...
2025-10-21 00:00:26,247 - DEBUG - Iter 57600: T=1.38, Fitness_actual=167.9, Mejor=167.9
2025-10-21 00:00:37,147 - DEBUG - Iter 57700: T=1.37, Fitness_actual=157.7, Mejor=167.9
2025-10-21 00:00:48,090 - DEBUG - Iter 57800: T=1.37, Fitness_actual=149.4, Mejor=167.9
2025-10-21 00:00:53,595 - WARNING - ⚠️  DEGRADACIÓN DETECTADA en iter 57850:
2025-10-21 00:00:53,596 - WARNING -    Mejor fitness: 167.9
2025-10-21 00:00:53,596 - WARNING -    Fitness promedio reciente: 147.7
2025-10-21 00:00:53,596 - WARNING -    Degradación: 20.1
2025-10-21 00:00:53,597 - WARNING -    🔄 RESTAURANDO mejor solución...
2025-10-21 00:00:53,823 - INFO - 🌟 MEJORA #166 en iter 57852: Fitness=167.9 (+0.0), Puntos=18130
2025-10-21 00:00:59,155 - DEBUG - Iter 57900: T=1.36, Fitness_actual=160.2, Mejor=167.9
2025-10-21 00:01:10,127 - INFO -   Iter 58000 | Tiempo:   82.6min (68.8%) | T =     1.36 | Fitness =    151.6 | Mejor =    167.9 | Aceptación =  82.7%
2025-10-21 00:01:10,127 - INFO - Progreso iter 58000: T=1.36, Fitness=151.6, Mejor=167.9, Tasa_acept=82.7%
2025-10-21 00:01:10,128 - DEBUG - Iter 58000: T=1.36, Fitness_actual=151.6, Mejor=167.9
2025-10-21 00:01:15,553 - WARNING - ⚠️  DEGRADACIÓN DETECTADA en iter 58050:
2025-10-21 00:01:15,553 - WARNING -    Mejor fitness: 167.9
2025-10-21 00:01:15,553 - WARNING -    Fitness promedio reciente: 147.8
2025-10-21 00:01:15,554 - WARNING -    Degradación: 20.0
2025-10-21 00:01:15,554 - WARNING -    🔄 RESTAURANDO mejor solución...
2025-10-21 00:01:20,238 - WARNING - ================================================================================
2025-10-21 00:01:20,238 - WARNING - ⚠️  SALTO ANORMAL DETECTADO en iteración 58093
2025-10-21 00:01:20,239 - WARNING -    Fitness actual: 162.1
2025-10-21 00:01:20,239 - WARNING -    Fitness vecino: 130.7
2025-10-21 00:01:20,239 - WARNING -    Delta: -31.4
2025-10-21 00:01:20,240 - WARNING -    Temperatura: 1.35
2025-10-21 00:01:20,240 - WARNING -    Tipo perturbación aplicada: (ver generar_vecino)
2025-10-21 00:01:20,241 - WARNING -    Vecino - Puntos: 18084, Tiempo: 16366.7min, Distancia: 239.3km
2025-10-21 00:01:20,241 - WARNING -    Actual - Puntos: 18048, Tiempo: 14683.2min, Distancia: 122.8km
2025-10-21 00:01:20,241 - WARNING -    Validez restricciones - Vecino: True, Actual: True
2025-10-21 00:01:20,242 - WARNING - ================================================================================
2025-10-21 00:01:20,242 - WARNING - ⚠️  SALTO ANORMAL DETECTADO en iteración 58093
2025-10-21 00:01:20,242 - WARNING -    Fitness: 162.1 → 130.7 (Δ=-31.4)
2025-10-21 00:01:20,243 - WARNING -    Ver detalles en archivo de log
2025-10-21 00:01:21,014 - DEBUG - Iter 58100: T=1.35, Fitness_actual=162.1, Mejor=167.9
2025-10-21 00:01:32,013 - DEBUG - Iter 58200: T=1.34, Fitness_actual=154.6, Mejor=167.9
2025-10-21 00:01:42,979 - DEBUG - Iter 58300: T=1.34, Fitness_actual=150.2, Mejor=167.9
2025-10-21 00:01:48,500 - WARNING - ⚠️  DEGRADACIÓN DETECTADA en iter 58350:
2025-10-21 00:01:48,501 - WARNING -    Mejor fitness: 167.9
2025-10-21 00:01:48,501 - WARNING -    Fitness promedio reciente: 146.7
2025-10-21 00:01:48,502 - WARNING -    Degradación: 21.2
2025-10-21 00:01:48,502 - WARNING -    🔄 RESTAURANDO mejor solución...
2025-10-21 00:01:48,618 - INFO - 🌟 MEJORA #167 en iter 58351: Fitness=167.9 (+0.0), Puntos=18130
2025-10-21 00:01:48,738 - WARNING - ================================================================================
2025-10-21 00:01:48,738 - WARNING - ⚠️  SALTO ANORMAL DETECTADO en iteración 58352
2025-10-21 00:01:48,738 - WARNING -    Fitness actual: 167.9
2025-10-21 00:01:48,739 - WARNING -    Fitness vecino: 121.8
2025-10-21 00:01:48,739 - WARNING -    Delta: -46.1
2025-10-21 00:01:48,739 - WARNING -    Temperatura: 1.34
2025-10-21 00:01:48,739 - WARNING -    Tipo perturbación aplicada: (ver generar_vecino)
2025-10-21 00:01:48,740 - WARNING -    Vecino - Puntos: 17770, Tiempo: 16344.6min, Distancia: 251.2km
2025-10-21 00:01:48,740 - WARNING -    Actual - Puntos: 18130, Tiempo: 14803.5min, Distancia: 123.2km
2025-10-21 00:01:48,740 - WARNING -    Validez restricciones - Vecino: True, Actual: True
2025-10-21 00:01:48,740 - WARNING - ================================================================================
2025-10-21 00:01:48,741 - WARNING - ⚠️  SALTO ANORMAL DETECTADO en iteración 58352
2025-10-21 00:01:48,741 - WARNING -    Fitness: 167.9 → 121.8 (Δ=-46.1)
2025-10-21 00:01:48,741 - WARNING -    Ver detalles en archivo de log
2025-10-21 00:01:48,967 - INFO - 🌟 MEJORA #168 en iter 58354: Fitness=167.9 (+0.0), Puntos=18130
2025-10-21 00:01:49,851 - WARNING - ================================================================================
2025-10-21 00:01:49,851 - WARNING - ⚠️  SALTO ANORMAL DETECTADO en iteración 58362
2025-10-21 00:01:49,852 - WARNING -    Fitness actual: 164.8
2025-10-21 00:01:49,852 - WARNING -    Fitness vecino: 144.1
2025-10-21 00:01:49,853 - WARNING -    Delta: -20.7
2025-10-21 00:01:49,853 - WARNING -    Temperatura: 1.34
2025-10-21 00:01:49,853 - WARNING -    Tipo perturbación aplicada: (ver generar_vecino)
2025-10-21 00:01:49,854 - WARNING -    Vecino - Puntos: 18049, Tiempo: 15198.0min, Distancia: 125.7km
2025-10-21 00:01:49,854 - WARNING -    Actual - Puntos: 18130, Tiempo: 14827.5min, Distancia: 125.2km
2025-10-21 00:01:49,854 - WARNING -    Validez restricciones - Vecino: False, Actual: True
2025-10-21 00:01:49,855 - WARNING - ================================================================================
2025-10-21 00:01:49,855 - WARNING - ⚠️  SALTO ANORMAL DETECTADO en iteración 58362
2025-10-21 00:01:49,855 - WARNING -    Fitness: 164.8 → 144.1 (Δ=-20.7)
2025-10-21 00:01:49,856 - WARNING -    Ver detalles en archivo de log
2025-10-21 00:01:54,061 - DEBUG - Iter 58400: T=1.33, Fitness_actual=159.3, Mejor=167.9
2025-10-21 00:02:05,134 - INFO -   Iter 58500 | Tiempo:   83.5min (69.6%) | T =     1.33 | Fitness =    156.7 | Mejor =    167.9 | Aceptación =  82.6%
2025-10-21 00:02:05,135 - INFO - Progreso iter 58500: T=1.33, Fitness=156.7, Mejor=167.9, Tasa_acept=82.6%
2025-10-21 00:02:05,137 - DEBUG - Iter 58500: T=1.33, Fitness_actual=156.7, Mejor=167.9
2025-10-21 00:02:10,419 - WARNING - ================================================================================
2025-10-21 00:02:10,419 - WARNING - ⚠️  SALTO ANORMAL DETECTADO en iteración 58548
2025-10-21 00:02:10,420 - WARNING -    Fitness actual: 157.0
2025-10-21 00:02:10,420 - WARNING -    Fitness vecino: 127.9
2025-10-21 00:02:10,420 - WARNING -    Delta: -29.1
2025-10-21 00:02:10,421 - WARNING -    Temperatura: 1.32
2025-10-21 00:02:10,421 - WARNING -    Tipo perturbación aplicada: (ver generar_vecino)
2025-10-21 00:02:10,421 - WARNING -    Vecino - Puntos: 17630, Tiempo: 16276.6min, Distancia: 254.3km
2025-10-21 00:02:10,421 - WARNING -    Actual - Puntos: 18047, Tiempo: 15061.7min, Distancia: 141.0km
2025-10-21 00:02:10,422 - WARNING -    Validez restricciones - Vecino: True, Actual: True
2025-10-21 00:02:10,422 - WARNING - ================================================================================
2025-10-21 00:02:10,422 - WARNING - ⚠️  SALTO ANORMAL DETECTADO en iteración 58548
2025-10-21 00:02:10,423 - WARNING -    Fitness: 157.0 → 127.9 (Δ=-29.1)
2025-10-21 00:02:10,423 - WARNING -    Ver detalles en archivo de log
2025-10-21 00:02:16,206 - DEBUG - Iter 58600: T=1.32, Fitness_actual=150.1, Mejor=167.9
2025-10-21 00:02:27,315 - DEBUG - Iter 58700: T=1.32, Fitness_actual=148.4, Mejor=167.9
2025-10-21 00:02:34,299 - INFO - --- Cambiando a Fase: Final (Refinamiento) (Progreso: 70.0%) ---
2025-10-21 00:02:38,441 - DEBUG - Iter 58800: T=1.31, Fitness_actual=147.4, Mejor=167.9
2025-10-21 00:02:43,991 - WARNING - ⚠️  DEGRADACIÓN DETECTADA en iter 58850:
2025-10-21 00:02:43,991 - WARNING -    Mejor fitness: 167.9
2025-10-21 00:02:43,991 - WARNING -    Fitness promedio reciente: 146.8
2025-10-21 00:02:43,992 - WARNING -    Degradación: 21.1
2025-10-21 00:02:43,992 - WARNING -    🔄 RESTAURANDO mejor solución...
2025-10-21 00:02:43,994 - INFO - 🌟 MEJORA #169 en iter 58850: Fitness=167.9 (+0.0), Puntos=18130
2025-10-21 00:02:49,515 - DEBUG - Iter 58900: T=1.30, Fitness_actual=160.6, Mejor=167.9
2025-10-21 00:03:00,530 - INFO -   Iter 59000 | Tiempo:   84.4min (70.4%) | T =     1.30 | Fitness =    158.3 | Mejor =    167.9 | Aceptación =  82.6%
2025-10-21 00:03:00,530 - INFO - Progreso iter 59000: T=1.30, Fitness=158.3, Mejor=167.9, Tasa_acept=82.6%
2025-10-21 00:03:00,531 - DEBUG - Iter 59000: T=1.30, Fitness_actual=158.3, Mejor=167.9
2025-10-21 00:03:11,625 - DEBUG - Iter 59100: T=1.29, Fitness_actual=153.0, Mejor=167.9
2025-10-21 00:03:22,801 - DEBUG - Iter 59200: T=1.29, Fitness_actual=150.9, Mejor=167.9
2025-10-21 00:03:33,839 - DEBUG - Iter 59300: T=1.28, Fitness_actual=150.3, Mejor=167.9
2025-10-21 00:03:44,902 - WARNING - ⚠️  DEGRADACIÓN DETECTADA en iter 59400:
2025-10-21 00:03:44,903 - WARNING -    Mejor fitness: 167.9
2025-10-21 00:03:44,903 - WARNING -    Fitness promedio reciente: 146.6
2025-10-21 00:03:44,903 - WARNING -    Degradación: 21.3
2025-10-21 00:03:44,904 - WARNING -    🔄 RESTAURANDO mejor solución...
2025-10-21 00:03:44,905 - DEBUG - Iter 59400: T=1.28, Fitness_actual=167.9, Mejor=167.9
2025-10-21 00:03:44,905 - INFO - 🌟 MEJORA #170 en iter 59400: Fitness=167.9 (+0.0), Puntos=18130
2025-10-21 00:03:44,905 - INFO -   ✨ Mejora #170 en iteración 59401: Fitness = 167.9 | Puntos = 18130 | T = 1.28
2025-10-21 00:03:55,904 - INFO -   Iter 59500 | Tiempo:   85.4min (71.1%) | T =     1.27 | Fitness =    165.2 | Mejor =    167.9 | Aceptación =  82.6%
2025-10-21 00:03:55,904 - INFO - Progreso iter 59500: T=1.27, Fitness=165.2, Mejor=167.9, Tasa_acept=82.6%
2025-10-21 00:03:55,905 - DEBUG - Iter 59500: T=1.27, Fitness_actual=165.2, Mejor=167.9
2025-10-21 00:04:06,976 - DEBUG - Iter 59600: T=1.27, Fitness_actual=156.8, Mejor=167.9
2025-10-21 00:04:18,014 - DEBUG - Iter 59700: T=1.26, Fitness_actual=151.5, Mejor=167.9
2025-10-21 00:04:29,008 - DEBUG - Iter 59800: T=1.26, Fitness_actual=147.0, Mejor=167.9
2025-10-21 00:04:34,496 - WARNING - ⚠️  DEGRADACIÓN DETECTADA en iter 59850:
2025-10-21 00:04:34,496 - WARNING -    Mejor fitness: 167.9
2025-10-21 00:04:34,497 - WARNING -    Fitness promedio reciente: 146.5
2025-10-21 00:04:34,497 - WARNING -    Degradación: 21.4
2025-10-21 00:04:34,498 - WARNING -    🔄 RESTAURANDO mejor solución...
2025-10-21 00:04:40,063 - DEBUG - Iter 59900: T=1.25, Fitness_actual=164.7, Mejor=167.9
2025-10-21 00:04:51,142 - INFO -   Iter 60000 | Tiempo:   86.3min (71.9%) | T =     1.25 | Fitness =    160.8 | Mejor =    167.9 | Aceptación =  82.5%
2025-10-21 00:04:51,142 - INFO - Progreso iter 60000: T=1.25, Fitness=160.8, Mejor=167.9, Tasa_acept=82.5%
2025-10-21 00:04:51,143 - DEBUG - Iter 60000: T=1.25, Fitness_actual=160.8, Mejor=167.9
2025-10-21 00:05:02,201 - DEBUG - Iter 60100: T=1.24, Fitness_actual=155.2, Mejor=167.9
2025-10-21 00:05:13,312 - DEBUG - Iter 60200: T=1.23, Fitness_actual=148.5, Mejor=167.9
2025-10-21 00:05:24,468 - DEBUG - Iter 60300: T=1.23, Fitness_actual=148.2, Mejor=167.9
2025-10-21 00:05:30,044 - WARNING - ⚠️  DEGRADACIÓN DETECTADA en iter 60350:
2025-10-21 00:05:30,045 - WARNING -    Mejor fitness: 167.9
2025-10-21 00:05:30,045 - WARNING -    Fitness promedio reciente: 145.9
2025-10-21 00:05:30,046 - WARNING -    Degradación: 22.0
2025-10-21 00:05:30,046 - WARNING -    🔄 RESTAURANDO mejor solución...
2025-10-21 00:05:35,603 - DEBUG - Iter 60400: T=1.22, Fitness_actual=163.3, Mejor=167.9
2025-10-21 00:05:46,731 - INFO -   Iter 60500 | Tiempo:   87.2min (72.7%) | T =     1.22 | Fitness =    161.0 | Mejor =    167.9 | Aceptación =  82.5%
2025-10-21 00:05:46,731 - INFO - Progreso iter 60500: T=1.22, Fitness=161.0, Mejor=167.9, Tasa_acept=82.5%
2025-10-21 00:05:46,735 - DEBUG - Iter 60500: T=1.22, Fitness_actual=161.0, Mejor=167.9
2025-10-21 00:05:57,891 - DEBUG - Iter 60600: T=1.21, Fitness_actual=159.7, Mejor=167.9
2025-10-21 00:06:09,123 - DEBUG - Iter 60700: T=1.21, Fitness_actual=151.7, Mejor=167.9
2025-10-21 00:06:20,279 - DEBUG - Iter 60800: T=1.20, Fitness_actual=154.2, Mejor=167.9
2025-10-21 00:06:31,404 - DEBUG - Iter 60900: T=1.20, Fitness_actual=148.8, Mejor=167.9
2025-10-21 00:06:42,593 - INFO -   Iter 61000 | Tiempo:   88.1min (73.4%) | T =     1.19 | Fitness =    152.8 | Mejor =    167.9 | Aceptación =  82.5%
2025-10-21 00:06:42,593 - INFO - Progreso iter 61000: T=1.19, Fitness=152.8, Mejor=167.9, Tasa_acept=82.5%
2025-10-21 00:06:42,594 - DEBUG - Iter 61000: T=1.19, Fitness_actual=152.8, Mejor=167.9
2025-10-21 00:06:53,921 - WARNING - ⚠️  DEGRADACIÓN DETECTADA en iter 61100:
2025-10-21 00:06:53,921 - WARNING -    Mejor fitness: 167.9
2025-10-21 00:06:53,921 - WARNING -    Fitness promedio reciente: 146.8
2025-10-21 00:06:53,922 - WARNING -    Degradación: 21.1
2025-10-21 00:06:53,922 - WARNING -    🔄 RESTAURANDO mejor solución...
2025-10-21 00:06:53,923 - DEBUG - Iter 61100: T=1.19, Fitness_actual=167.9, Mejor=167.9
2025-10-21 00:07:05,247 - DEBUG - Iter 61200: T=1.18, Fitness_actual=162.5, Mejor=167.9
2025-10-21 00:07:16,465 - DEBUG - Iter 61300: T=1.18, Fitness_actual=151.8, Mejor=167.9
2025-10-21 00:07:27,666 - WARNING - ⚠️  DEGRADACIÓN DETECTADA en iter 61400:
2025-10-21 00:07:27,666 - WARNING -    Mejor fitness: 167.9
2025-10-21 00:07:27,667 - WARNING -    Fitness promedio reciente: 147.1
2025-10-21 00:07:27,667 - WARNING -    Degradación: 20.8
2025-10-21 00:07:27,667 - WARNING -    🔄 RESTAURANDO mejor solución...
2025-10-21 00:07:27,669 - DEBUG - Iter 61400: T=1.17, Fitness_actual=167.9, Mejor=167.9
2025-10-21 00:07:27,669 - INFO - 🌟 MEJORA #171 en iter 61400: Fitness=167.9 (+0.0), Puntos=18130
2025-10-21 00:07:38,967 - INFO -   Iter 61500 | Tiempo:   89.1min (74.2%) | T =     1.17 | Fitness =    155.9 | Mejor =    167.9 | Aceptación =  82.5%
2025-10-21 00:07:38,967 - INFO - Progreso iter 61500: T=1.17, Fitness=155.9, Mejor=167.9, Tasa_acept=82.5%
2025-10-21 00:07:38,971 - DEBUG - Iter 61500: T=1.17, Fitness_actual=155.9, Mejor=167.9
2025-10-21 00:07:50,199 - DEBUG - Iter 61600: T=1.16, Fitness_actual=152.5, Mejor=167.9
2025-10-21 00:08:01,394 - DEBUG - Iter 61700: T=1.16, Fitness_actual=150.7, Mejor=167.9
2025-10-21 00:08:12,614 - DEBUG - Iter 61800: T=1.15, Fitness_actual=149.8, Mejor=167.9
2025-10-21 00:08:23,979 - WARNING - ⚠️  DEGRADACIÓN DETECTADA en iter 61900:
2025-10-21 00:08:23,980 - WARNING -    Mejor fitness: 167.9
2025-10-21 00:08:23,980 - WARNING -    Fitness promedio reciente: 146.4
2025-10-21 00:08:23,981 - WARNING -    Degradación: 21.5
2025-10-21 00:08:23,981 - WARNING -    🔄 RESTAURANDO mejor solución...
2025-10-21 00:08:23,982 - DEBUG - Iter 61900: T=1.15, Fitness_actual=167.9, Mejor=167.9
2025-10-21 00:08:35,261 - INFO -   Iter 62000 | Tiempo:   90.0min (75.0%) | T =     1.14 | Fitness =    161.3 | Mejor =    167.9 | Aceptación =  82.5%
2025-10-21 00:08:35,262 - INFO - Progreso iter 62000: T=1.14, Fitness=161.3, Mejor=167.9, Tasa_acept=82.5%
2025-10-21 00:08:35,263 - DEBUG - Iter 62000: T=1.14, Fitness_actual=161.3, Mejor=167.9
2025-10-21 00:08:46,509 - DEBUG - Iter 62100: T=1.14, Fitness_actual=152.2, Mejor=167.9
2025-10-21 00:08:57,911 - DEBUG - Iter 62200: T=1.13, Fitness_actual=152.0, Mejor=167.9
2025-10-21 00:09:09,228 - DEBUG - Iter 62300: T=1.13, Fitness_actual=151.6, Mejor=167.9
2025-10-21 00:09:20,867 - DEBUG - Iter 62400: T=1.12, Fitness_actual=148.3, Mejor=167.9
2025-10-21 00:09:32,628 - INFO -   Iter 62500 | Tiempo:   91.0min (75.8%) | T =     1.12 | Fitness =    148.9 | Mejor =    167.9 | Aceptación =  82.5%
2025-10-21 00:09:32,628 - INFO - Progreso iter 62500: T=1.12, Fitness=148.9, Mejor=167.9, Tasa_acept=82.5%
2025-10-21 00:09:32,630 - DEBUG - Iter 62500: T=1.12, Fitness_actual=148.9, Mejor=167.9
2025-10-21 00:09:44,136 - DEBUG - Iter 62600: T=1.11, Fitness_actual=150.3, Mejor=167.9
2025-10-21 00:09:55,670 - DEBUG - Iter 62700: T=1.11, Fitness_actual=148.9, Mejor=167.9
2025-10-21 00:10:07,234 - DEBUG - Iter 62800: T=1.10, Fitness_actual=145.3, Mejor=167.9
2025-10-21 00:10:12,992 - WARNING - ⚠️  DEGRADACIÓN DETECTADA en iter 62850:
2025-10-21 00:10:12,992 - WARNING -    Mejor fitness: 167.9
2025-10-21 00:10:12,992 - WARNING -    Fitness promedio reciente: 145.9
2025-10-21 00:10:12,993 - WARNING -    Degradación: 22.0
2025-10-21 00:10:12,993 - WARNING -    🔄 RESTAURANDO mejor solución...
2025-10-21 00:10:18,959 - DEBUG - Iter 62900: T=1.10, Fitness_actual=159.6, Mejor=167.9
2025-10-21 00:10:31,474 - INFO -   Iter 63000 | Tiempo:   92.0min (76.6%) | T =     1.09 | Fitness =    157.1 | Mejor =    167.9 | Aceptación =  82.6%
2025-10-21 00:10:31,474 - INFO - Progreso iter 63000: T=1.09, Fitness=157.1, Mejor=167.9, Tasa_acept=82.6%
2025-10-21 00:10:31,477 - DEBUG - Iter 63000: T=1.09, Fitness_actual=157.1, Mejor=167.9
2025-10-21 00:10:43,238 - DEBUG - Iter 63100: T=1.09, Fitness_actual=155.8, Mejor=167.9
2025-10-21 00:10:54,718 - DEBUG - Iter 63200: T=1.08, Fitness_actual=149.9, Mejor=167.9
2025-10-21 00:11:06,246 - DEBUG - Iter 63300: T=1.08, Fitness_actual=151.7, Mejor=167.9
2025-10-21 00:11:17,694 - DEBUG - Iter 63400: T=1.07, Fitness_actual=148.2, Mejor=167.9
2025-10-21 00:11:29,178 - INFO -   Iter 63500 | Tiempo:   92.9min (77.4%) | T =     1.07 | Fitness =    149.4 | Mejor =    167.9 | Aceptación =  82.6%
2025-10-21 00:11:29,179 - INFO - Progreso iter 63500: T=1.07, Fitness=149.4, Mejor=167.9, Tasa_acept=82.6%
2025-10-21 00:11:29,180 - DEBUG - Iter 63500: T=1.07, Fitness_actual=149.4, Mejor=167.9
2025-10-21 00:11:34,916 - WARNING - ⚠️  DEGRADACIÓN DETECTADA en iter 63550:
2025-10-21 00:11:34,916 - WARNING -    Mejor fitness: 167.9
2025-10-21 00:11:34,917 - WARNING -    Fitness promedio reciente: 147.0
2025-10-21 00:11:34,917 - WARNING -    Degradación: 20.9
2025-10-21 00:11:34,917 - WARNING -    🔄 RESTAURANDO mejor solución...
2025-10-21 00:11:40,667 - DEBUG - Iter 63600: T=1.07, Fitness_actual=163.7, Mejor=167.9
2025-10-21 00:11:52,227 - DEBUG - Iter 63700: T=1.06, Fitness_actual=161.3, Mejor=167.9
2025-10-21 00:12:04,049 - DEBUG - Iter 63800: T=1.06, Fitness_actual=155.4, Mejor=167.9
2025-10-21 00:12:15,827 - DEBUG - Iter 63900: T=1.05, Fitness_actual=155.0, Mejor=167.9
2025-10-21 00:12:27,383 - INFO -   Iter 64000 | Tiempo:   93.9min (78.2%) | T =     1.05 | Fitness =    148.3 | Mejor =    167.9 | Aceptación =  82.5%
2025-10-21 00:12:27,384 - INFO - Progreso iter 64000: T=1.05, Fitness=148.3, Mejor=167.9, Tasa_acept=82.5%
2025-10-21 00:12:27,385 - DEBUG - Iter 64000: T=1.05, Fitness_actual=148.3, Mejor=167.9
2025-10-21 00:12:33,175 - WARNING - ⚠️  DEGRADACIÓN DETECTADA en iter 64050:
2025-10-21 00:12:33,176 - WARNING -    Mejor fitness: 167.9
2025-10-21 00:12:33,176 - WARNING -    Fitness promedio reciente: 147.7
2025-10-21 00:12:33,177 - WARNING -    Degradación: 20.2
2025-10-21 00:12:33,177 - WARNING -    🔄 RESTAURANDO mejor solución...
2025-10-21 00:12:33,303 - INFO - 🌟 MEJORA #172 en iter 64051: Fitness=167.9 (+0.0), Puntos=18130
2025-10-21 00:12:33,538 - INFO - 🌟 MEJORA #173 en iter 64053: Fitness=167.9 (+0.0), Puntos=18130
2025-10-21 00:12:33,891 - INFO - 🌟 MEJORA #174 en iter 64056: Fitness=167.9 (+0.0), Puntos=18130
2025-10-21 00:12:38,991 - DEBUG - Iter 64100: T=1.04, Fitness_actual=166.9, Mejor=167.9
2025-10-21 00:12:50,600 - DEBUG - Iter 64200: T=1.04, Fitness_actual=164.2, Mejor=167.9
2025-10-21 00:13:02,227 - DEBUG - Iter 64300: T=1.03, Fitness_actual=156.4, Mejor=167.9
2025-10-21 00:13:13,841 - DEBUG - Iter 64400: T=1.03, Fitness_actual=155.7, Mejor=167.9
2025-10-21 00:13:25,521 - INFO -   Iter 64500 | Tiempo:   94.9min (79.0%) | T =     1.02 | Fitness =    147.8 | Mejor =    167.9 | Aceptación =  82.5%
2025-10-21 00:13:25,521 - INFO - Progreso iter 64500: T=1.02, Fitness=147.8, Mejor=167.9, Tasa_acept=82.5%
2025-10-21 00:13:25,522 - DEBUG - Iter 64500: T=1.02, Fitness_actual=147.8, Mejor=167.9
2025-10-21 00:13:37,044 - DEBUG - Iter 64600: T=1.02, Fitness_actual=146.6, Mejor=167.9
2025-10-21 00:13:42,801 - WARNING - ⚠️  DEGRADACIÓN DETECTADA en iter 64650:
2025-10-21 00:13:42,802 - WARNING -    Mejor fitness: 167.9
2025-10-21 00:13:42,802 - WARNING -    Fitness promedio reciente: 146.5
2025-10-21 00:13:42,802 - WARNING -    Degradación: 21.4
2025-10-21 00:13:42,803 - WARNING -    🔄 RESTAURANDO mejor solución...
2025-10-21 00:13:42,922 - INFO - 🌟 MEJORA #175 en iter 64651: Fitness=167.9 (+0.0), Puntos=18130
2025-10-21 00:13:42,923 - INFO -   ✨ Mejora #175 en iteración 64652: Fitness = 167.9 | Puntos = 18130 | T = 1.02
2025-10-21 00:13:48,594 - DEBUG - Iter 64700: T=1.02, Fitness_actual=167.8, Mejor=167.9
2025-10-21 00:13:55,344 - WARNING - ================================================================================
2025-10-21 00:13:55,344 - WARNING - ⚠️  SALTO ANORMAL DETECTADO en iteración 64758
2025-10-21 00:13:55,345 - WARNING -    Fitness actual: 165.5
2025-10-21 00:13:55,345 - WARNING -    Fitness vecino: 131.4
2025-10-21 00:13:55,346 - WARNING -    Delta: -34.0
2025-10-21 00:13:55,346 - WARNING -    Temperatura: 1.01
2025-10-21 00:13:55,346 - WARNING -    Tipo perturbación aplicada: (ver generar_vecino)
2025-10-21 00:13:55,347 - WARNING -    Vecino - Puntos: 18092, Tiempo: 16200.2min, Distancia: 225.0km
2025-10-21 00:13:55,347 - WARNING -    Actual - Puntos: 18095, Tiempo: 14893.8min, Distancia: 128.6km
2025-10-21 00:13:55,347 - WARNING -    Validez restricciones - Vecino: True, Actual: True
2025-10-21 00:13:55,348 - WARNING - ================================================================================
2025-10-21 00:13:55,348 - WARNING - ⚠️  SALTO ANORMAL DETECTADO en iteración 64758
2025-10-21 00:13:55,348 - WARNING -    Fitness: 165.5 → 131.4 (Δ=-34.0)
2025-10-21 00:13:55,349 - WARNING -    Ver detalles en archivo de log
2025-10-21 00:14:00,261 - DEBUG - Iter 64800: T=1.01, Fitness_actual=163.5, Mejor=167.9
2025-10-21 00:14:12,167 - DEBUG - Iter 64900: T=1.01, Fitness_actual=162.8, Mejor=167.9
2025-10-21 00:14:23,835 - INFO -   Iter 65000 | Tiempo:   95.8min (79.9%) | T =     1.00 | Fitness =    160.7 | Mejor =    167.9 | Aceptación =  82.4%
2025-10-21 00:14:23,836 - INFO - Progreso iter 65000: T=1.00, Fitness=160.7, Mejor=167.9, Tasa_acept=82.4%
2025-10-21 00:14:23,837 - DEBUG - Iter 65000: T=1.00, Fitness_actual=160.7, Mejor=167.9
2025-10-21 00:14:35,613 - DEBUG - Iter 65100: T=1.00, Fitness_actual=156.7, Mejor=167.9
2025-10-21 00:14:47,522 - DEBUG - Iter 65200: T=0.99, Fitness_actual=157.4, Mejor=167.9
2025-10-21 00:14:59,256 - DEBUG - Iter 65300: T=0.99, Fitness_actual=151.5, Mejor=167.9
2025-10-21 00:15:10,911 - DEBUG - Iter 65400: T=0.98, Fitness_actual=148.4, Mejor=167.9
2025-10-21 00:15:22,577 - INFO -   Iter 65500 | Tiempo:   96.8min (80.7%) | T =     0.98 | Fitness =    153.2 | Mejor =    167.9 | Aceptación =  82.3%
2025-10-21 00:15:22,577 - INFO - Progreso iter 65500: T=0.98, Fitness=153.2, Mejor=167.9, Tasa_acept=82.3%
2025-10-21 00:15:22,578 - DEBUG - Iter 65500: T=0.98, Fitness_actual=153.2, Mejor=167.9
2025-10-21 00:15:34,355 - DEBUG - Iter 65600: T=0.98, Fitness_actual=147.6, Mejor=167.9
2025-10-21 00:15:46,060 - WARNING - ⚠️  DEGRADACIÓN DETECTADA en iter 65700:
2025-10-21 00:15:46,060 - WARNING -    Mejor fitness: 167.9
2025-10-21 00:15:46,060 - WARNING -    Fitness promedio reciente: 146.8
2025-10-21 00:15:46,061 - WARNING -    Degradación: 21.0
2025-10-21 00:15:46,061 - WARNING -    🔄 RESTAURANDO mejor solución...
2025-10-21 00:15:46,062 - DEBUG - Iter 65700: T=0.97, Fitness_actual=167.9, Mejor=167.9
2025-10-21 00:15:46,306 - INFO - 🌟 MEJORA #176 en iter 65702: Fitness=167.9 (+0.0), Puntos=18130
2025-10-21 00:15:46,546 - INFO - 🌟 MEJORA #177 en iter 65704: Fitness=167.9 (+0.0), Puntos=18130
2025-10-21 00:15:47,393 - INFO - 🌟 MEJORA #178 en iter 65711: Fitness=167.9 (+0.0), Puntos=18130
2025-10-21 00:15:57,796 - DEBUG - Iter 65800: T=0.97, Fitness_actual=157.6, Mejor=167.9
2025-10-21 00:16:09,554 - DEBUG - Iter 65900: T=0.96, Fitness_actual=151.6, Mejor=167.9
2025-10-21 00:16:21,300 - INFO -   Iter 66000 | Tiempo:   97.8min (81.5%) | T =     0.96 | Fitness =    150.7 | Mejor =    167.9 | Aceptación =  82.4%
2025-10-21 00:16:21,301 - INFO - Progreso iter 66000: T=0.96, Fitness=150.7, Mejor=167.9, Tasa_acept=82.4%
2025-10-21 00:16:21,304 - DEBUG - Iter 66000: T=0.96, Fitness_actual=150.7, Mejor=167.9
2025-10-21 00:16:33,088 - DEBUG - Iter 66100: T=0.95, Fitness_actual=149.3, Mejor=167.9
2025-10-21 00:16:44,873 - DEBUG - Iter 66200: T=0.95, Fitness_actual=148.8, Mejor=167.9
2025-10-21 00:16:50,731 - WARNING - ⚠️  DEGRADACIÓN DETECTADA en iter 66250:
2025-10-21 00:16:50,731 - WARNING -    Mejor fitness: 167.9
2025-10-21 00:16:50,731 - WARNING -    Fitness promedio reciente: 147.6
2025-10-21 00:16:50,732 - WARNING -    Degradación: 20.3
2025-10-21 00:16:50,732 - WARNING -    🔄 RESTAURANDO mejor solución...
2025-10-21 00:16:51,445 - INFO - 🌟 MEJORA #179 en iter 66256: Fitness=167.9 (+0.0), Puntos=18133
2025-10-21 00:16:53,834 - INFO - 🌟 MEJORA #180 en iter 66276: Fitness=168.0 (+0.0), Puntos=18139
2025-10-21 00:16:53,834 - INFO -   ✨ Mejora #180 en iteración 66277: Fitness = 168.0 | Puntos = 18139 | T = 0.95
2025-10-21 00:16:53,959 - INFO - 🌟 MEJORA #181 en iter 66277: Fitness=168.0 (+0.0), Puntos=18139
2025-10-21 00:16:56,775 - DEBUG - Iter 66300: T=0.95, Fitness_actual=166.0, Mejor=168.0
2025-10-21 00:17:08,503 - DEBUG - Iter 66400: T=0.94, Fitness_actual=158.6, Mejor=168.0
2025-10-21 00:17:20,308 - INFO -   Iter 66500 | Tiempo:   98.8min (82.3%) | T =     0.94 | Fitness =    151.6 | Mejor =    168.0 | Aceptación =  82.4%
2025-10-21 00:17:20,308 - INFO - Progreso iter 66500: T=0.94, Fitness=151.6, Mejor=168.0, Tasa_acept=82.4%
2025-10-21 00:17:20,310 - DEBUG - Iter 66500: T=0.94, Fitness_actual=151.6, Mejor=168.0
2025-10-21 00:17:32,202 - DEBUG - Iter 66600: T=0.93, Fitness_actual=156.9, Mejor=168.0
2025-10-21 00:17:43,955 - DEBUG - Iter 66700: T=0.93, Fitness_actual=154.4, Mejor=168.0
2025-10-21 00:17:55,840 - DEBUG - Iter 66800: T=0.93, Fitness_actual=154.1, Mejor=168.0
2025-10-21 00:18:07,830 - DEBUG - Iter 66900: T=0.92, Fitness_actual=150.2, Mejor=168.0
2025-10-21 00:18:19,803 - INFO -   Iter 67000 | Tiempo:   99.8min (83.1%) | T =     0.92 | Fitness =    150.1 | Mejor =    168.0 | Aceptación =  82.3%
2025-10-21 00:18:19,803 - INFO - Progreso iter 67000: T=0.92, Fitness=150.1, Mejor=168.0, Tasa_acept=82.3%
2025-10-21 00:18:19,805 - DEBUG - Iter 67000: T=0.92, Fitness_actual=150.1, Mejor=168.0
2025-10-21 00:18:31,967 - DEBUG - Iter 67100: T=0.91, Fitness_actual=149.8, Mejor=168.0
2025-10-21 00:18:45,028 - DEBUG - Iter 67200: T=0.91, Fitness_actual=150.1, Mejor=168.0
2025-10-21 00:18:57,768 - DEBUG - Iter 67300: T=0.90, Fitness_actual=146.2, Mejor=168.0
2025-10-21 00:19:03,918 - WARNING - ⚠️  DEGRADACIÓN DETECTADA en iter 67350:
2025-10-21 00:19:03,918 - WARNING -    Mejor fitness: 168.0
2025-10-21 00:19:03,919 - WARNING -    Fitness promedio reciente: 147.9
2025-10-21 00:19:03,919 - WARNING -    Degradación: 20.0
2025-10-21 00:19:03,919 - WARNING -    🔄 RESTAURANDO mejor solución...
2025-10-21 00:19:04,709 - INFO - 🌟 MEJORA #182 en iter 67356: Fitness=168.0 (+0.0), Puntos=18139
2025-10-21 00:19:10,281 - DEBUG - Iter 67400: T=0.90, Fitness_actual=166.2, Mejor=168.0
2025-10-21 00:19:22,913 - INFO -   Iter 67500 | Tiempo:  100.8min (84.0%) | T =     0.90 | Fitness =    164.2 | Mejor =    168.0 | Aceptación =  82.3%
2025-10-21 00:19:22,914 - INFO - Progreso iter 67500: T=0.90, Fitness=164.2, Mejor=168.0, Tasa_acept=82.3%
2025-10-21 00:19:22,915 - DEBUG - Iter 67500: T=0.90, Fitness_actual=164.2, Mejor=168.0
2025-10-21 00:19:35,672 - DEBUG - Iter 67600: T=0.89, Fitness_actual=157.7, Mejor=168.0
2025-10-21 00:19:48,367 - DEBUG - Iter 67700: T=0.89, Fitness_actual=159.4, Mejor=168.0
2025-10-21 00:20:01,374 - DEBUG - Iter 67800: T=0.88, Fitness_actual=155.1, Mejor=168.0
2025-10-21 00:20:13,395 - DEBUG - Iter 67900: T=0.88, Fitness_actual=154.8, Mejor=168.0
2025-10-21 00:20:25,426 - INFO -   Iter 68000 | Tiempo:  101.9min (84.9%) | T =     0.88 | Fitness =    155.5 | Mejor =    168.0 | Aceptación =  82.3%
2025-10-21 00:20:25,427 - INFO - Progreso iter 68000: T=0.88, Fitness=155.5, Mejor=168.0, Tasa_acept=82.3%
2025-10-21 00:20:25,428 - DEBUG - Iter 68000: T=0.88, Fitness_actual=155.5, Mejor=168.0
2025-10-21 00:20:37,469 - DEBUG - Iter 68100: T=0.87, Fitness_actual=153.7, Mejor=168.0
2025-10-21 00:20:49,564 - DEBUG - Iter 68200: T=0.87, Fitness_actual=152.5, Mejor=168.0
2025-10-21 00:21:01,960 - DEBUG - Iter 68300: T=0.86, Fitness_actual=151.2, Mejor=168.0
2025-10-21 00:21:14,118 - WARNING - ⚠️  DEGRADACIÓN DETECTADA en iter 68400:
2025-10-21 00:21:14,118 - WARNING -    Mejor fitness: 168.0
2025-10-21 00:21:14,118 - WARNING -    Fitness promedio reciente: 147.7
2025-10-21 00:21:14,119 - WARNING -    Degradación: 20.2
2025-10-21 00:21:14,119 - WARNING -    🔄 RESTAURANDO mejor solución...
2025-10-21 00:21:14,120 - DEBUG - Iter 68400: T=0.86, Fitness_actual=168.0, Mejor=168.0
2025-10-21 00:21:26,213 - INFO -   Iter 68500 | Tiempo:  102.9min (85.7%) | T =     0.86 | Fitness =    164.4 | Mejor =    168.0 | Aceptación =  82.3%
2025-10-21 00:21:26,213 - INFO - Progreso iter 68500: T=0.86, Fitness=164.4, Mejor=168.0, Tasa_acept=82.3%
2025-10-21 00:21:26,217 - DEBUG - Iter 68500: T=0.86, Fitness_actual=164.4, Mejor=168.0
2025-10-21 00:21:38,322 - DEBUG - Iter 68600: T=0.85, Fitness_actual=162.5, Mejor=168.0
2025-10-21 00:21:50,467 - DEBUG - Iter 68700: T=0.85, Fitness_actual=159.0, Mejor=168.0
2025-10-21 00:22:03,164 - DEBUG - Iter 68800: T=0.84, Fitness_actual=158.9, Mejor=168.0
2025-10-21 00:22:13,119 - WARNING - ================================================================================
2025-10-21 00:22:13,120 - WARNING - ⚠️  SALTO ANORMAL DETECTADO en iteración 68882
2025-10-21 00:22:13,120 - WARNING -    Fitness actual: 153.7
2025-10-21 00:22:13,121 - WARNING -    Fitness vecino: 127.3
2025-10-21 00:22:13,121 - WARNING -    Delta: -26.4
2025-10-21 00:22:13,121 - WARNING -    Temperatura: 0.84
2025-10-21 00:22:13,122 - WARNING -    Tipo perturbación aplicada: (ver generar_vecino)
2025-10-21 00:22:13,122 - WARNING -    Vecino - Puntos: 18012, Tiempo: 16440.8min, Distancia: 253.4km
2025-10-21 00:22:13,123 - WARNING -    Actual - Puntos: 18010, Tiempo: 15038.1min, Distancia: 151.5km
2025-10-21 00:22:13,123 - WARNING -    Validez restricciones - Vecino: True, Actual: True
2025-10-21 00:22:13,123 - WARNING - ================================================================================
2025-10-21 00:22:13,124 - WARNING - ⚠️  SALTO ANORMAL DETECTADO en iteración 68882
2025-10-21 00:22:13,124 - WARNING -    Fitness: 153.7 → 127.3 (Δ=-26.4)
2025-10-21 00:22:13,124 - WARNING -    Ver detalles en archivo de log
2025-10-21 00:22:15,323 - DEBUG - Iter 68900: T=0.84, Fitness_actual=153.7, Mejor=168.0
2025-10-21 00:22:27,581 - INFO -   Iter 69000 | Tiempo:  103.9min (86.6%) | T =     0.84 | Fitness =    150.0 | Mejor =    168.0 | Aceptación =  82.2%
2025-10-21 00:22:27,581 - INFO - Progreso iter 69000: T=0.84, Fitness=150.0, Mejor=168.0, Tasa_acept=82.2%
2025-10-21 00:22:27,582 - DEBUG - Iter 69000: T=0.84, Fitness_actual=150.0, Mejor=168.0
2025-10-21 00:22:40,203 - DEBUG - Iter 69100: T=0.83, Fitness_actual=150.1, Mejor=168.0
2025-10-21 00:22:53,702 - DEBUG - Iter 69200: T=0.83, Fitness_actual=153.2, Mejor=168.0
2025-10-21 00:23:07,381 - DEBUG - Iter 69300: T=0.83, Fitness_actual=150.5, Mejor=168.0
2025-10-21 00:23:20,262 - DEBUG - Iter 69400: T=0.82, Fitness_actual=149.6, Mejor=168.0
2025-10-21 00:23:32,613 - INFO -   Iter 69500 | Tiempo:  105.0min (87.5%) | T =     0.82 | Fitness =    152.4 | Mejor =    168.0 | Aceptación =  82.2%
2025-10-21 00:23:32,613 - INFO - Progreso iter 69500: T=0.82, Fitness=152.4, Mejor=168.0, Tasa_acept=82.2%
2025-10-21 00:23:32,614 - DEBUG - Iter 69500: T=0.82, Fitness_actual=152.4, Mejor=168.0
2025-10-21 00:23:44,805 - WARNING - ⚠️  DEGRADACIÓN DETECTADA en iter 69600:
2025-10-21 00:23:44,806 - WARNING -    Mejor fitness: 168.0
2025-10-21 00:23:44,806 - WARNING -    Fitness promedio reciente: 146.7
2025-10-21 00:23:44,807 - WARNING -    Degradación: 21.3
2025-10-21 00:23:44,807 - WARNING -    🔄 RESTAURANDO mejor solución...
2025-10-21 00:23:44,808 - DEBUG - Iter 69600: T=0.81, Fitness_actual=168.0, Mejor=168.0
2025-10-21 00:23:57,044 - DEBUG - Iter 69700: T=0.81, Fitness_actual=160.7, Mejor=168.0
2025-10-21 00:24:09,279 - DEBUG - Iter 69800: T=0.81, Fitness_actual=156.5, Mejor=168.0
2025-10-21 00:24:21,554 - DEBUG - Iter 69900: T=0.80, Fitness_actual=157.2, Mejor=168.0
2025-10-21 00:24:33,837 - INFO -   Iter 70000 | Tiempo:  106.0min (88.3%) | T =     0.80 | Fitness =    157.7 | Mejor =    168.0 | Aceptación =  82.2%
2025-10-21 00:24:33,837 - INFO - Progreso iter 70000: T=0.80, Fitness=157.7, Mejor=168.0, Tasa_acept=82.2%
2025-10-21 00:24:33,838 - DEBUG - Iter 70000: T=0.80, Fitness_actual=157.7, Mejor=168.0
2025-10-21 00:24:46,130 - DEBUG - Iter 70100: T=0.80, Fitness_actual=150.7, Mejor=168.0
2025-10-21 00:24:58,520 - DEBUG - Iter 70200: T=0.79, Fitness_actual=151.3, Mejor=168.0
2025-10-21 00:25:10,866 - DEBUG - Iter 70300: T=0.79, Fitness_actual=151.5, Mejor=168.0
2025-10-21 00:25:23,242 - DEBUG - Iter 70400: T=0.79, Fitness_actual=151.6, Mejor=168.0
2025-10-21 00:25:35,578 - INFO -   Iter 70500 | Tiempo:  107.0min (89.2%) | T =     0.78 | Fitness =    150.1 | Mejor =    168.0 | Aceptación =  82.2%
2025-10-21 00:25:35,579 - INFO - Progreso iter 70500: T=0.78, Fitness=150.1, Mejor=168.0, Tasa_acept=82.2%
2025-10-21 00:25:35,581 - DEBUG - Iter 70500: T=0.78, Fitness_actual=150.1, Mejor=168.0
2025-10-21 00:25:47,945 - DEBUG - Iter 70600: T=0.78, Fitness_actual=149.8, Mejor=168.0
2025-10-21 00:26:00,340 - DEBUG - Iter 70700: T=0.77, Fitness_actual=149.3, Mejor=168.0
2025-10-21 00:26:06,563 - WARNING - ⚠️  DEGRADACIÓN DETECTADA en iter 70750:
2025-10-21 00:26:06,563 - WARNING -    Mejor fitness: 168.0
2025-10-21 00:26:06,563 - WARNING -    Fitness promedio reciente: 147.5
2025-10-21 00:26:06,564 - WARNING -    Degradación: 20.4
2025-10-21 00:26:06,564 - WARNING -    🔄 RESTAURANDO mejor solución...
2025-10-21 00:26:07,309 - INFO - 🌟 MEJORA #183 en iter 70756: Fitness=168.0 (+0.0), Puntos=18139
2025-10-21 00:26:07,936 - INFO - 🌟 MEJORA #184 en iter 70761: Fitness=168.0 (+0.0), Puntos=18139
2025-10-21 00:26:12,756 - DEBUG - Iter 70800: T=0.77, Fitness_actual=165.8, Mejor=168.0
2025-10-21 00:26:25,205 - DEBUG - Iter 70900: T=0.77, Fitness_actual=160.4, Mejor=168.0
2025-10-21 00:26:37,666 - INFO -   Iter 71000 | Tiempo:  108.1min (90.0%) | T =     0.76 | Fitness =    160.5 | Mejor =    168.0 | Aceptación =  82.2%
2025-10-21 00:26:37,667 - INFO - Progreso iter 71000: T=0.76, Fitness=160.5, Mejor=168.0, Tasa_acept=82.2%
2025-10-21 00:26:37,669 - DEBUG - Iter 71000: T=0.76, Fitness_actual=160.5, Mejor=168.0
2025-10-21 00:26:50,269 - DEBUG - Iter 71100: T=0.76, Fitness_actual=159.0, Mejor=168.0
2025-10-21 00:27:02,754 - DEBUG - Iter 71200: T=0.76, Fitness_actual=156.8, Mejor=168.0
2025-10-21 00:27:15,242 - DEBUG - Iter 71300: T=0.75, Fitness_actual=151.9, Mejor=168.0
2025-10-21 00:27:28,011 - DEBUG - Iter 71400: T=0.75, Fitness_actual=157.0, Mejor=168.0
2025-10-21 00:27:40,732 - INFO -   Iter 71500 | Tiempo:  109.1min (90.9%) | T =     0.75 | Fitness =    158.2 | Mejor =    168.0 | Aceptación =  82.2%
2025-10-21 00:27:40,732 - INFO - Progreso iter 71500: T=0.75, Fitness=158.2, Mejor=168.0, Tasa_acept=82.2%
2025-10-21 00:27:40,735 - DEBUG - Iter 71500: T=0.75, Fitness_actual=158.2, Mejor=168.0
2025-10-21 00:27:54,217 - DEBUG - Iter 71600: T=0.74, Fitness_actual=152.1, Mejor=168.0
2025-10-21 00:28:06,937 - DEBUG - Iter 71700: T=0.74, Fitness_actual=149.2, Mejor=168.0
2025-10-21 00:28:19,462 - DEBUG - Iter 71800: T=0.74, Fitness_actual=147.8, Mejor=168.0
2025-10-21 00:28:31,940 - DEBUG - Iter 71900: T=0.73, Fitness_actual=150.2, Mejor=168.0
2025-10-21 00:28:44,449 - INFO -   Iter 72000 | Tiempo:  110.2min (91.8%) | T =     0.73 | Fitness =    145.8 | Mejor =    168.0 | Aceptación =  82.2%
2025-10-21 00:28:44,449 - INFO - Progreso iter 72000: T=0.73, Fitness=145.8, Mejor=168.0, Tasa_acept=82.2%
2025-10-21 00:28:44,452 - DEBUG - Iter 72000: T=0.73, Fitness_actual=145.8, Mejor=168.0
2025-10-21 00:28:50,724 - WARNING - ⚠️  DEGRADACIÓN DETECTADA en iter 72050:
2025-10-21 00:28:50,725 - WARNING -    Mejor fitness: 168.0
2025-10-21 00:28:50,725 - WARNING -    Fitness promedio reciente: 145.9
2025-10-21 00:28:50,725 - WARNING -    Degradación: 22.0
2025-10-21 00:28:50,726 - WARNING -    🔄 RESTAURANDO mejor solución...
2025-10-21 00:28:57,098 - DEBUG - Iter 72100: T=0.73, Fitness_actual=163.5, Mejor=168.0
2025-10-21 00:29:09,514 - DEBUG - Iter 72200: T=0.72, Fitness_actual=161.2, Mejor=168.0
2025-10-21 00:29:22,010 - DEBUG - Iter 72300: T=0.72, Fitness_actual=158.6, Mejor=168.0
2025-10-21 00:29:34,478 - DEBUG - Iter 72400: T=0.72, Fitness_actual=156.8, Mejor=168.0
2025-10-21 00:29:46,911 - INFO -   Iter 72500 | Tiempo:  111.2min (92.7%) | T =     0.71 | Fitness =    155.6 | Mejor =    168.0 | Aceptación =  82.1%
2025-10-21 00:29:46,911 - INFO - Progreso iter 72500: T=0.71, Fitness=155.6, Mejor=168.0, Tasa_acept=82.1%
2025-10-21 00:29:46,912 - DEBUG - Iter 72500: T=0.71, Fitness_actual=155.6, Mejor=168.0
2025-10-21 00:29:59,361 - DEBUG - Iter 72600: T=0.71, Fitness_actual=154.5, Mejor=168.0
2025-10-21 00:30:11,841 - DEBUG - Iter 72700: T=0.71, Fitness_actual=151.6, Mejor=168.0
2025-10-21 00:30:24,339 - DEBUG - Iter 72800: T=0.70, Fitness_actual=152.6, Mejor=168.0
2025-10-21 00:30:36,990 - DEBUG - Iter 72900: T=0.70, Fitness_actual=151.5, Mejor=168.0
2025-10-21 00:30:50,058 - INFO -   Iter 73000 | Tiempo:  112.3min (93.6%) | T =     0.70 | Fitness =    152.3 | Mejor =    168.0 | Aceptación =  82.1%
2025-10-21 00:30:50,059 - INFO - Progreso iter 73000: T=0.70, Fitness=152.3, Mejor=168.0, Tasa_acept=82.1%
2025-10-21 00:30:50,060 - DEBUG - Iter 73000: T=0.70, Fitness_actual=152.3, Mejor=168.0
2025-10-21 00:31:03,149 - DEBUG - Iter 73100: T=0.69, Fitness_actual=151.4, Mejor=168.0
2025-10-21 00:31:15,828 - DEBUG - Iter 73200: T=0.69, Fitness_actual=154.2, Mejor=168.0
2025-10-21 00:31:29,140 - DEBUG - Iter 73300: T=0.69, Fitness_actual=150.2, Mejor=168.0
2025-10-21 00:31:42,119 - DEBUG - Iter 73400: T=0.69, Fitness_actual=150.7, Mejor=168.0
2025-10-21 00:31:55,290 - INFO -   Iter 73500 | Tiempo:  113.4min (94.5%) | T =     0.68 | Fitness =    151.3 | Mejor =    168.0 | Aceptación =  82.1%
2025-10-21 00:31:55,291 - INFO - Progreso iter 73500: T=0.68, Fitness=151.3, Mejor=168.0, Tasa_acept=82.1%
2025-10-21 00:31:55,292 - DEBUG - Iter 73500: T=0.68, Fitness_actual=151.3, Mejor=168.0
2025-10-21 00:32:08,452 - DEBUG - Iter 73600: T=0.68, Fitness_actual=149.9, Mejor=168.0
2025-10-21 00:32:21,410 - DEBUG - Iter 73700: T=0.68, Fitness_actual=151.1, Mejor=168.0
2025-10-21 00:32:34,022 - DEBUG - Iter 73800: T=0.67, Fitness_actual=149.1, Mejor=168.0
2025-10-21 00:32:46,711 - DEBUG - Iter 73900: T=0.67, Fitness_actual=148.5, Mejor=168.0
2025-10-21 00:32:53,101 - WARNING - ⚠️  DEGRADACIÓN DETECTADA en iter 73950:
2025-10-21 00:32:53,101 - WARNING -    Mejor fitness: 168.0
2025-10-21 00:32:53,102 - WARNING -    Fitness promedio reciente: 147.0
2025-10-21 00:32:53,102 - WARNING -    Degradación: 20.9
2025-10-21 00:32:53,102 - WARNING -    🔄 RESTAURANDO mejor solución...
2025-10-21 00:32:59,550 - INFO -   Iter 74000 | Tiempo:  114.4min (95.4%) | T =     0.67 | Fitness =    164.6 | Mejor =    168.0 | Aceptación =  82.1%
2025-10-21 00:32:59,551 - INFO - Progreso iter 74000: T=0.67, Fitness=164.6, Mejor=168.0, Tasa_acept=82.1%
2025-10-21 00:32:59,553 - DEBUG - Iter 74000: T=0.67, Fitness_actual=164.6, Mejor=168.0
2025-10-21 00:33:12,246 - DEBUG - Iter 74100: T=0.66, Fitness_actual=162.4, Mejor=168.0
2025-10-21 00:33:25,055 - DEBUG - Iter 74200: T=0.66, Fitness_actual=159.1, Mejor=168.0
2025-10-21 00:33:37,717 - DEBUG - Iter 74300: T=0.66, Fitness_actual=156.8, Mejor=168.0
2025-10-21 00:33:50,440 - DEBUG - Iter 74400: T=0.65, Fitness_actual=158.0, Mejor=168.0
2025-10-21 00:34:03,913 - INFO -   Iter 74500 | Tiempo:  115.5min (96.2%) | T =     0.65 | Fitness =    156.0 | Mejor =    168.0 | Aceptación =  82.0%
2025-10-21 00:34:03,914 - INFO - Progreso iter 74500: T=0.65, Fitness=156.0, Mejor=168.0, Tasa_acept=82.0%
2025-10-21 00:34:03,915 - DEBUG - Iter 74500: T=0.65, Fitness_actual=156.0, Mejor=168.0
2025-10-21 00:34:16,849 - DEBUG - Iter 74600: T=0.65, Fitness_actual=154.3, Mejor=168.0
2025-10-21 00:34:24,133 - WARNING - ================================================================================
2025-10-21 00:34:24,133 - WARNING - ⚠️  SALTO ANORMAL DETECTADO en iteración 74657
2025-10-21 00:34:24,133 - WARNING -    Fitness actual: 155.1
2025-10-21 00:34:24,134 - WARNING -    Fitness vecino: 121.2
2025-10-21 00:34:24,134 - WARNING -    Delta: -33.9
2025-10-21 00:34:24,134 - WARNING -    Temperatura: 0.65
2025-10-21 00:34:24,135 - WARNING -    Tipo perturbación aplicada: (ver generar_vecino)
2025-10-21 00:34:24,135 - WARNING -    Vecino - Puntos: 18020, Tiempo: 16777.2min, Distancia: 272.3km
2025-10-21 00:34:24,135 - WARNING -    Actual - Puntos: 18022, Tiempo: 14877.2min, Distancia: 122.7km
2025-10-21 00:34:24,136 - WARNING -    Validez restricciones - Vecino: True, Actual: True
2025-10-21 00:34:24,136 - WARNING - ================================================================================
2025-10-21 00:34:24,136 - WARNING - ⚠️  SALTO ANORMAL DETECTADO en iteración 74657
2025-10-21 00:34:24,136 - WARNING -    Fitness: 155.1 → 121.2 (Δ=-33.9)
2025-10-21 00:34:24,137 - WARNING -    Ver detalles en archivo de log
2025-10-21 00:34:29,789 - DEBUG - Iter 74700: T=0.65, Fitness_actual=154.8, Mejor=168.0
2025-10-21 00:34:43,447 - DEBUG - Iter 74800: T=0.64, Fitness_actual=155.9, Mejor=168.0
2025-10-21 00:34:56,457 - DEBUG - Iter 74900: T=0.64, Fitness_actual=154.9, Mejor=168.0
2025-10-21 00:35:09,514 - INFO -   Iter 75000 | Tiempo:  116.6min (97.2%) | T =     0.64 | Fitness =    157.3 | Mejor =    168.0 | Aceptación =  82.0%
2025-10-21 00:35:09,514 - INFO - Progreso iter 75000: T=0.64, Fitness=157.3, Mejor=168.0, Tasa_acept=82.0%
2025-10-21 00:35:09,515 - DEBUG - Iter 75000: T=0.64, Fitness_actual=157.3, Mejor=168.0
2025-10-21 00:35:23,073 - DEBUG - Iter 75100: T=0.63, Fitness_actual=158.0, Mejor=168.0
2025-10-21 00:35:36,146 - DEBUG - Iter 75200: T=0.63, Fitness_actual=155.4, Mejor=168.0
2025-10-21 00:35:48,922 - DEBUG - Iter 75300: T=0.63, Fitness_actual=153.0, Mejor=168.0
2025-10-21 00:36:01,833 - DEBUG - Iter 75400: T=0.63, Fitness_actual=153.4, Mejor=168.0
2025-10-21 00:36:14,726 - INFO -   Iter 75500 | Tiempo:  117.7min (98.1%) | T =     0.62 | Fitness =    154.1 | Mejor =    168.0 | Aceptación =  81.9%
2025-10-21 00:36:14,727 - INFO - Progreso iter 75500: T=0.62, Fitness=154.1, Mejor=168.0, Tasa_acept=81.9%
2025-10-21 00:36:14,729 - DEBUG - Iter 75500: T=0.62, Fitness_actual=154.1, Mejor=168.0
2025-10-21 00:36:27,782 - DEBUG - Iter 75600: T=0.62, Fitness_actual=152.7, Mejor=168.0
2025-10-21 00:36:40,667 - DEBUG - Iter 75700: T=0.62, Fitness_actual=156.7, Mejor=168.0
2025-10-21 00:36:53,963 - DEBUG - Iter 75800: T=0.61, Fitness_actual=152.7, Mejor=168.0
2025-10-21 00:37:07,212 - DEBUG - Iter 75900: T=0.61, Fitness_actual=151.8, Mejor=168.0
2025-10-21 00:37:20,409 - INFO -   Iter 76000 | Tiempo:  118.8min (99.0%) | T =     0.61 | Fitness =    151.8 | Mejor =    168.0 | Aceptación =  81.9%
2025-10-21 00:37:20,409 - INFO - Progreso iter 76000: T=0.61, Fitness=151.8, Mejor=168.0, Tasa_acept=81.9%
2025-10-21 00:37:20,412 - DEBUG - Iter 76000: T=0.61, Fitness_actual=151.8, Mejor=168.0
2025-10-21 00:37:33,532 - DEBUG - Iter 76100: T=0.61, Fitness_actual=152.0, Mejor=168.0
2025-10-21 00:37:46,600 - DEBUG - Iter 76200: T=0.60, Fitness_actual=151.7, Mejor=168.0
2025-10-21 00:37:59,805 - DEBUG - Iter 76300: T=0.60, Fitness_actual=152.1, Mejor=168.0
2025-10-21 00:38:13,182 - DEBUG - Iter 76400: T=0.60, Fitness_actual=151.6, Mejor=168.0
2025-10-21 00:38:26,531 - INFO -   Iter 76500 | Tiempo:  119.9min (99.9%) | T =     0.59 | Fitness =    151.5 | Mejor =    168.0 | Aceptación =  81.9%
2025-10-21 00:38:26,531 - INFO - Progreso iter 76500: T=0.59, Fitness=151.5, Mejor=168.0, Tasa_acept=81.9%
2025-10-21 00:38:26,532 - DEBUG - Iter 76500: T=0.59, Fitness_actual=151.5, Mejor=168.0
2025-10-21 00:38:34,262 - INFO - ⏰ Tiempo máximo alcanzado: 120.0 minutos
2025-10-21 00:38:34,607 - INFO - 💾 Gráfica guardada: graficas\evolucion_fitness_sa_21_00_38.png
2025-10-21 00:49:59,905 - INFO - ================================================================================
2025-10-21 00:49:59,906 - INFO - ✅ ENFRIAMIENTO SIMULADO COMPLETADO
2025-10-21 00:49:59,906 - INFO - ================================================================================
2025-10-21 00:49:59,907 - INFO - Iteraciones: 76,560
2025-10-21 00:49:59,907 - INFO - Tiempo ejecución: 120.00 minutos
2025-10-21 00:49:59,907 - INFO - Fitness inicial: 163.4
2025-10-21 00:49:59,908 - INFO - Fitness final: 168.0
2025-10-21 00:49:59,908 - INFO - Mejora: +4.5 (+2.77%)
2025-10-21 00:49:59,908 - INFO - Mejoras encontradas: 184
2025-10-21 00:49:59,909 - INFO - Tasa aceptación: 81.91%
2025-10-21 00:49:59,909 - INFO - ================================================================================
2025-10-21 00:49:59,910 - INFO - ================================================================================
2025-10-21 00:49:59,910 - INFO - ✅ ENFRIAMIENTO SIMULADO COMPLETADO
2025-10-21 00:49:59,910 - INFO - ================================================================================
2025-10-21 00:49:59,911 - INFO - 
2025-10-21 00:49:59,911 - INFO - 📈 Estadísticas:
2025-10-21 00:49:59,912 - INFO -   • Iteraciones realizadas: 76,560
2025-10-21 00:49:59,912 - INFO -   • Tiempo de ejecución: 120.00 minutos (2.00 horas)
2025-10-21 00:49:59,915 - INFO -   • Temperatura final: 0.5929
2025-10-21 00:49:59,916 - INFO -   • Total aceptaciones: 62,711 (81.9%)
2025-10-21 00:49:59,917 - INFO -   • Total rechazos: 13,848
2025-10-21 00:49:59,917 - INFO -   • Mejoras encontradas: 184
2025-10-21 00:49:59,918 - INFO - 
2025-10-21 00:49:59,918 - INFO - 🏆 Resultados:
2025-10-21 00:49:59,919 - INFO -   • Fitness inicial: 163.4
2025-10-21 00:49:59,919 - INFO -   • Fitness final: 168.0
2025-10-21 00:49:59,920 - INFO -   • Mejora absoluta: +4.5
2025-10-21 00:49:59,920 - INFO -   • Mejora porcentual: +2.77%
2025-10-21 00:49:59,920 - INFO -   • Puntos totales: 18139
2025-10-21 00:49:59,921 - INFO -   • Tiempo total: 247.8h
2025-10-21 00:49:59,921 - INFO -   • Distancia total: 122.5km
2025-10-21 00:49:59,921 - INFO - ================================================================================
2025-10-21 00:49:59,922 - INFO - ================================================================================
2025-10-21 00:49:59,922 - INFO - ⚖️  COMPARACIÓN: ALGORITMO GENÉTICO vs ENFRIAMIENTO SIMULADO
2025-10-21 00:49:59,923 - INFO - ================================================================================
2025-10-21 00:49:59,923 - INFO - Métrica                        GA                   SA                   Diferencia          
2025-10-21 00:49:59,924 - INFO - ------------------------------------------------------------------------------------------
2025-10-21 00:49:59,924 - INFO - Fitness                        163.4                168.0                +4.5 ✅
2025-10-21 00:49:59,924 - INFO - Puntos totales                 17690                18139                +449 ✅
2025-10-21 00:49:59,925 - INFO - Tiempo total (h)               242.3                247.8                +5.5 ⚠️
2025-10-21 00:49:59,925 - INFO - Distancia total (km)           139.2                122.5                -16.7 ✅
2025-10-21 00:49:59,926 - INFO - ------------------------------------------------------------------------------------------
2025-10-21 00:49:59,926 - INFO - 
2025-10-21 00:49:59,927 - INFO - ⏱️  Tiempo de ejecución de algoritmos:
2025-10-21 00:49:59,927 - INFO -   • GA: 0.00 minutos
2025-10-21 00:49:59,927 - INFO -   • SA: 120.00 minutos
2025-10-21 00:49:59,928 - INFO -   • Total híbrido: 120.00 minutos
2025-10-21 00:49:59,929 - INFO - 🏆 El enfriamiento simulado MEJORÓ la solución del GA en 2.77%
2025-10-21 00:50:00,505 - INFO - 💾 Gráfica comparativa guardada: graficas\comparacion_ga_vs_sa_21_00_50.png
2025-10-21 00:50:41,296 - INFO - ================================================================================
2025-10-21 00:50:41,296 - INFO - ================================================================================
2025-10-21 00:50:41,297 - INFO - 📋 ANÁLISIS DE LA SOLUCIÓN FINAL (POST-SA)
2025-10-21 00:50:41,298 - INFO - ================================================================================
2025-10-21 00:50:41,771 - INFO - 💾 Resultados exportados a: resultados_sa_hybrid_20251021_005041.json
2025-10-21 00:50:41,771 - INFO - 
2025-10-21 00:50:41,772 - INFO - ✅ Resultados guardados exitosamente:
2025-10-21 00:50:41,772 - INFO -    • JSON: resultados_sa_hybrid_20251021_005041.json
2025-10-21 00:50:41,772 - INFO -    • Gráfica comparativa: graficas/comparacion_ga_vs_sa_*.png
2025-10-21 00:50:41,773 - INFO -    • Gráfica evolución: graficas/evolucion_fitness_sa_*.png
2025-10-21 00:50:41,773 - INFO -    • Log: logs\20_20_38_sa.log
2025-10-21 00:50:41,774 - INFO - ✅ Ejecución completada exitosamente!
