2025-10-23 05:36:46,270 - INFO - 📝 Log iniciado: logs\23_05_36_sa.log
2025-10-23 05:36:46,271 - INFO - 🎲 Modo 1: Enfriamiento Simulado desde solución aleatoria
2025-10-23 05:36:46,271 - INFO - ================================================================================
2025-10-23 05:36:46,272 - INFO - 🔥 INICIANDO ENFRIAMIENTO SIMULADO
2025-10-23 05:36:46,272 - INFO - ================================================================================
2025-10-23 05:36:46,272 - INFO - 🎲 Generando solución inicial aleatoria...
2025-10-23 05:36:46,640 - INFO - Solución inicial creada - Fitness: 99.8, Puntos: 15233
2025-10-23 05:36:46,640 - INFO -   ✅ La solución del GA es válida (sin duplicados).
2025-10-23 05:36:46,643 - INFO - 📊 Configuración para Enfriamiento Simulado:
2025-10-23 05:36:46,643 - INFO -   • Temperatura inicial: 10.0
2025-10-23 05:36:46,643 - INFO -   • Temperatura mínima: 0.1
2025-10-23 05:36:46,643 - INFO -   • Tipo de enfriamiento: 🔄 ADAPTATIVO (lineal por tiempo)
2025-10-23 05:36:46,643 - INFO -   • Máx. tiempo: 240.0 minutos (4.0 horas)
2025-10-23 05:36:46,643 - INFO -   • Máx. iter. sin mejora: 999,999
2025-10-23 05:36:46,643 - INFO -   • Usar optimización 2-opt: ✅ SÍ
2025-10-23 05:36:46,643 - INFO -   • Fitness inicial (REAL): 99.8
2025-10-23 05:36:46,644 - INFO -   • Puntos iniciales (REAL): 15233
2025-10-23 05:36:46,644 - INFO - ================================================================================
2025-10-23 05:36:47,213 - INFO - 🔄 Iniciando búsqueda...
2025-10-23 05:36:47,213 - INFO - Iniciando búsqueda por vecindario
2025-10-23 05:36:47,214 - INFO - Configuración: T_inicial=10.0, alpha=0.9995, max_tiempo=14400.0s, usar_2opt=True
2025-10-23 05:36:47,214 - INFO - --- Cambiando a Fase: Inicial (Exploración) (Progreso: 0.0%) ---
2025-10-23 05:36:47,219 - DEBUG - Iter 0: T=10.00, Fitness_actual=99.8, Mejor=99.8
2025-10-23 05:36:47,219 - INFO - 🌟 MEJORA #1 en iter 0: Fitness=99.8 (+0.0), Puntos=15233
2025-10-23 05:36:47,562 - INFO - 🌟 MEJORA #2 en iter 3: Fitness=100.8 (+1.0), Puntos=15231
2025-10-23 05:36:47,713 - INFO - 🌟 MEJORA #3 en iter 6: Fitness=100.9 (+0.1), Puntos=15237
2025-10-23 05:36:51,779 - DEBUG - Iter 100: T=9.99, Fitness_actual=79.3, Mejor=100.9
2025-10-23 05:36:53,902 - WARNING - ⚠️  DEGRADACIÓN DETECTADA en iter 150:
2025-10-23 05:36:53,902 - WARNING -    Mejor fitness: 100.9
2025-10-23 05:36:53,903 - WARNING -    Fitness promedio reciente: 70.4
2025-10-23 05:36:53,903 - WARNING -    Degradación: 30.5
2025-10-23 05:36:53,903 - WARNING -    🔄 RESTAURANDO mejor solución...
2025-10-23 05:36:53,958 - INFO - 🌟 MEJORA #4 en iter 151: Fitness=103.4 (+2.5), Puntos=14236
2025-10-23 05:36:55,662 - INFO - 🌟 MEJORA #5 en iter 188: Fitness=104.1 (+0.7), Puntos=14357
2025-10-23 05:36:55,663 - INFO -   ✨ Mejora #5 en iteración 189: Fitness = 104.1 | Puntos = 14357 | T = 9.98
2025-10-23 05:36:55,708 - INFO - 🌟 MEJORA #6 en iter 189: Fitness=104.1 (+0.0), Puntos=14361
2025-10-23 05:36:55,753 - INFO - 🌟 MEJORA #7 en iter 190: Fitness=104.1 (+0.0), Puntos=14361
2025-10-23 05:36:56,219 - DEBUG - Iter 200: T=9.98, Fitness_actual=88.2, Mejor=104.1
2025-10-23 05:36:57,244 - INFO - Iter 224: Aceptada solución con delta=-17.6 (T=9.98)
2025-10-23 05:36:57,244 - INFO -   📊 Desglose del cambio:
2025-10-23 05:36:57,244 - INFO -      Puntos: -14 → 13410 total
2025-10-23 05:36:57,245 - INFO -      Tiempo: +1405.0min → 14938.6min total
2025-10-23 05:36:57,245 - INFO -      Distancia: -3.1km → 172.8km total
2025-10-23 05:37:01,009 - WARNING - ⚠️  DEGRADACIÓN DETECTADA en iter 300:
2025-10-23 05:37:01,009 - WARNING -    Mejor fitness: 104.1
2025-10-23 05:37:01,009 - WARNING -    Fitness promedio reciente: 67.1
2025-10-23 05:37:01,009 - WARNING -    Degradación: 37.0
2025-10-23 05:37:01,010 - WARNING -    🔄 RESTAURANDO mejor solución...
2025-10-23 05:37:01,015 - DEBUG - Iter 300: T=9.97, Fitness_actual=104.1, Mejor=104.1
2025-10-23 05:37:01,060 - INFO - 🌟 MEJORA #8 en iter 301: Fitness=104.1 (+0.0), Puntos=14361
2025-10-23 05:37:01,150 - INFO - 🌟 MEJORA #9 en iter 303: Fitness=104.1 (+0.0), Puntos=14361
2025-10-23 05:37:01,285 - INFO - 🌟 MEJORA #10 en iter 306: Fitness=104.1 (+0.0), Puntos=14366
2025-10-23 05:37:01,285 - INFO -   ✨ Mejora #10 en iteración 307: Fitness = 104.1 | Puntos = 14366 | T = 9.97
2025-10-23 05:37:01,376 - INFO - 🌟 MEJORA #11 en iter 308: Fitness=104.1 (+0.0), Puntos=14366
2025-10-23 05:37:01,421 - INFO - 🌟 MEJORA #12 en iter 309: Fitness=104.1 (+0.0), Puntos=14366
2025-10-23 05:37:01,599 - INFO - 🌟 MEJORA #13 en iter 313: Fitness=104.1 (+0.0), Puntos=14366
2025-10-23 05:37:05,491 - DEBUG - Iter 400: T=9.96, Fitness_actual=87.4, Mejor=104.1
2025-10-23 05:37:07,605 - WARNING - ⚠️  DEGRADACIÓN DETECTADA en iter 450:
2025-10-23 05:37:07,605 - WARNING -    Mejor fitness: 104.1
2025-10-23 05:37:07,606 - WARNING -    Fitness promedio reciente: 81.3
2025-10-23 05:37:07,606 - WARNING -    Degradación: 22.9
2025-10-23 05:37:07,606 - WARNING -    🔄 RESTAURANDO mejor solución...
2025-10-23 05:37:09,686 - INFO -   Iter   500 | Tiempo:    0.4min ( 0.2%) | T =     9.95 | Fitness =     88.4 | Mejor =    104.1 | Aceptación =  94.2%
2025-10-23 05:37:09,686 - INFO - Progreso iter 500: T=9.95, Fitness=88.4, Mejor=104.1, Tasa_acept=94.2%
2025-10-23 05:37:09,689 - DEBUG - Iter 500: T=9.95, Fitness_actual=88.4, Mejor=104.1
2025-10-23 05:37:11,774 - WARNING - ⚠️  DEGRADACIÓN DETECTADA en iter 550:
2025-10-23 05:37:11,774 - WARNING -    Mejor fitness: 104.1
2025-10-23 05:37:11,775 - WARNING -    Fitness promedio reciente: 82.4
2025-10-23 05:37:11,775 - WARNING -    Degradación: 21.8
2025-10-23 05:37:11,776 - WARNING -    🔄 RESTAURANDO mejor solución...
2025-10-23 05:37:13,897 - DEBUG - Iter 600: T=9.94, Fitness_actual=99.0, Mejor=104.1
2025-10-23 05:37:15,197 - INFO - Iter 630: Aceptada solución con delta=-12.0 (T=9.94)
2025-10-23 05:37:15,198 - INFO -   📊 Desglose del cambio:
2025-10-23 05:37:15,198 - INFO -      Puntos: +0 → 13887 total
2025-10-23 05:37:15,198 - INFO -      Tiempo: +1260.0min → 15165.9min total
2025-10-23 05:37:15,199 - INFO -      Distancia: +1.0km → 173.4km total
2025-10-23 05:37:16,869 - INFO - Iter 667: Aceptada solución con delta=-10.5 (T=9.94)
2025-10-23 05:37:16,869 - INFO -   📊 Desglose del cambio:
2025-10-23 05:37:16,869 - INFO -      Puntos: -303 → 13647 total
2025-10-23 05:37:16,870 - INFO -      Tiempo: +511.7min → 14750.7min total
2025-10-23 05:37:16,870 - INFO -      Distancia: -7.1km → 168.3km total
2025-10-23 05:37:18,499 - DEBUG - Iter 700: T=9.93, Fitness_actual=77.1, Mejor=104.1
2025-10-23 05:37:19,516 - INFO - Iter 722: Aceptada solución con delta=-13.1 (T=9.93)
2025-10-23 05:37:19,517 - INFO -   📊 Desglose del cambio:
2025-10-23 05:37:19,517 - INFO -      Puntos: -357 → 12131 total
2025-10-23 05:37:19,518 - INFO -      Tiempo: +1745.6min → 14253.4min total
2025-10-23 05:37:19,518 - INFO -      Distancia: +0.1km → 147.5km total
2025-10-23 05:37:20,838 - WARNING - ⚠️  DEGRADACIÓN DETECTADA en iter 750:
2025-10-23 05:37:20,839 - WARNING -    Mejor fitness: 104.1
2025-10-23 05:37:20,839 - WARNING -    Fitness promedio reciente: 76.3
2025-10-23 05:37:20,839 - WARNING -    Degradación: 27.9
2025-10-23 05:37:20,840 - WARNING -    🔄 RESTAURANDO mejor solución...
2025-10-23 05:37:23,403 - DEBUG - Iter 800: T=9.92, Fitness_actual=80.7, Mejor=104.1
2025-10-23 05:37:25,688 - WARNING - ⚠️  DEGRADACIÓN DETECTADA en iter 850:
2025-10-23 05:37:25,688 - WARNING -    Mejor fitness: 104.1
2025-10-23 05:37:25,689 - WARNING -    Fitness promedio reciente: 83.9
2025-10-23 05:37:25,689 - WARNING -    Degradación: 20.3
2025-10-23 05:37:25,689 - WARNING -    🔄 RESTAURANDO mejor solución...
2025-10-23 05:37:25,884 - INFO - 🌟 MEJORA #14 en iter 854: Fitness=104.2 (+0.1), Puntos=14373
2025-10-23 05:37:25,976 - INFO - 🌟 MEJORA #15 en iter 856: Fitness=104.3 (+0.1), Puntos=14383
2025-10-23 05:37:25,977 - INFO -   ✨ Mejora #15 en iteración 857: Fitness = 104.3 | Puntos = 14383 | T = 9.92
2025-10-23 05:37:28,035 - DEBUG - Iter 900: T=9.91, Fitness_actual=88.5, Mejor=104.3
2025-10-23 05:37:32,580 - INFO -   Iter  1000 | Tiempo:    0.8min ( 0.3%) | T =     9.91 | Fitness =     80.4 | Mejor =    104.3 | Aceptación =  94.6%
2025-10-23 05:37:32,580 - INFO - Progreso iter 1000: T=9.91, Fitness=80.4, Mejor=104.3, Tasa_acept=94.6%
2025-10-23 05:37:32,581 - WARNING - ⚠️  DEGRADACIÓN DETECTADA en iter 1000:
2025-10-23 05:37:32,581 - WARNING -    Mejor fitness: 104.3
2025-10-23 05:37:32,581 - WARNING -    Fitness promedio reciente: 77.6
2025-10-23 05:37:32,582 - WARNING -    Degradación: 26.7
2025-10-23 05:37:32,582 - WARNING -    🔄 RESTAURANDO mejor solución...
2025-10-23 05:37:32,588 - DEBUG - Iter 1000: T=9.91, Fitness_actual=104.3, Mejor=104.3
2025-10-23 05:37:32,588 - INFO - 🌟 MEJORA #16 en iter 1000: Fitness=104.3 (+0.0), Puntos=14383
2025-10-23 05:37:32,682 - INFO - 🌟 MEJORA #17 en iter 1002: Fitness=104.3 (+0.0), Puntos=14384
2025-10-23 05:37:32,730 - INFO - 🌟 MEJORA #18 en iter 1003: Fitness=104.3 (+0.0), Puntos=14384
2025-10-23 05:37:32,785 - INFO - Iter 1004: Aceptada solución con delta=-10.6 (T=9.90)
2025-10-23 05:37:32,785 - INFO -   📊 Desglose del cambio:
2025-10-23 05:37:32,786 - INFO -      Puntos: -112 → 14272 total
2025-10-23 05:37:32,786 - INFO -      Tiempo: +1929.7min → 15674.7min total
2025-10-23 05:37:32,786 - INFO -      Distancia: -0.3km → 166.1km total
2025-10-23 05:37:37,236 - DEBUG - Iter 1100: T=9.90, Fitness_actual=92.4, Mejor=104.3
2025-10-23 05:37:41,793 - WARNING - ⚠️  DEGRADACIÓN DETECTADA en iter 1200:
2025-10-23 05:37:41,793 - WARNING -    Mejor fitness: 104.3
2025-10-23 05:37:41,794 - WARNING -    Fitness promedio reciente: 84.1
2025-10-23 05:37:41,794 - WARNING -    Degradación: 20.3
2025-10-23 05:37:41,794 - WARNING -    🔄 RESTAURANDO mejor solución...
2025-10-23 05:37:41,800 - DEBUG - Iter 1200: T=9.89, Fitness_actual=104.3, Mejor=104.3
2025-10-23 05:37:46,333 - WARNING - ⚠️  DEGRADACIÓN DETECTADA en iter 1300:
2025-10-23 05:37:46,333 - WARNING -    Mejor fitness: 104.3
2025-10-23 05:37:46,334 - WARNING -    Fitness promedio reciente: 82.7
2025-10-23 05:37:46,334 - WARNING -    Degradación: 21.6
2025-10-23 05:37:46,334 - WARNING -    🔄 RESTAURANDO mejor solución...
2025-10-23 05:37:46,343 - DEBUG - Iter 1300: T=9.88, Fitness_actual=104.3, Mejor=104.3
2025-10-23 05:37:50,952 - WARNING - ⚠️  DEGRADACIÓN DETECTADA en iter 1400:
2025-10-23 05:37:50,952 - WARNING -    Mejor fitness: 104.3
2025-10-23 05:37:50,953 - WARNING -    Fitness promedio reciente: 79.6
2025-10-23 05:37:50,953 - WARNING -    Degradación: 24.7
2025-10-23 05:37:50,954 - WARNING -    🔄 RESTAURANDO mejor solución...
2025-10-23 05:37:50,960 - DEBUG - Iter 1400: T=9.87, Fitness_actual=104.3, Mejor=104.3
2025-10-23 05:37:51,738 - INFO - Iter 1417: Aceptada solución con delta=-11.1 (T=9.87)
2025-10-23 05:37:51,738 - INFO -   📊 Desglose del cambio:
2025-10-23 05:37:51,739 - INFO -      Puntos: -565 → 13788 total
2025-10-23 05:37:51,739 - INFO -      Tiempo: +1701.5min → 15099.6min total
2025-10-23 05:37:51,740 - INFO -      Distancia: -4.3km → 160.6km total
2025-10-23 05:37:55,877 - INFO -   Iter  1500 | Tiempo:    1.2min ( 0.5%) | T =     9.86 | Fitness =     84.5 | Mejor =    104.3 | Aceptación =  94.3%
2025-10-23 05:37:55,877 - INFO - Progreso iter 1500: T=9.86, Fitness=84.5, Mejor=104.3, Tasa_acept=94.3%
2025-10-23 05:37:55,882 - DEBUG - Iter 1500: T=9.86, Fitness_actual=84.5, Mejor=104.3
2025-10-23 05:37:58,295 - WARNING - ⚠️  DEGRADACIÓN DETECTADA en iter 1550:
2025-10-23 05:37:58,295 - WARNING -    Mejor fitness: 104.3
2025-10-23 05:37:58,296 - WARNING -    Fitness promedio reciente: 82.5
2025-10-23 05:37:58,296 - WARNING -    Degradación: 21.8
2025-10-23 05:37:58,296 - WARNING -    🔄 RESTAURANDO mejor solución...
2025-10-23 05:37:58,302 - INFO - 🌟 MEJORA #19 en iter 1550: Fitness=104.3 (+0.0), Puntos=14384
2025-10-23 05:37:58,404 - INFO - 🌟 MEJORA #20 en iter 1552: Fitness=104.3 (+0.0), Puntos=14384
2025-10-23 05:37:58,405 - INFO -   ✨ Mejora #20 en iteración 1553: Fitness = 104.3 | Puntos = 14384 | T = 9.85
2025-10-23 05:38:00,827 - DEBUG - Iter 1600: T=9.85, Fitness_actual=96.2, Mejor=104.3
2025-10-23 05:38:01,614 - INFO - 🌟 MEJORA #21 en iter 1616: Fitness=104.4 (+0.1), Puntos=14245
2025-10-23 05:38:05,406 - DEBUG - Iter 1700: T=9.84, Fitness_actual=81.1, Mejor=104.4
2025-10-23 05:38:07,641 - WARNING - ⚠️  DEGRADACIÓN DETECTADA en iter 1750:
2025-10-23 05:38:07,641 - WARNING -    Mejor fitness: 104.4
2025-10-23 05:38:07,642 - WARNING -    Fitness promedio reciente: 81.1
2025-10-23 05:38:07,642 - WARNING -    Degradación: 23.4
2025-10-23 05:38:07,642 - WARNING -    🔄 RESTAURANDO mejor solución...
2025-10-23 05:38:07,645 - INFO - Iter 1750: Aceptada solución con delta=-11.6 (T=9.83)
2025-10-23 05:38:07,646 - INFO -   📊 Desglose del cambio:
2025-10-23 05:38:07,646 - INFO -      Puntos: -757 → 13488 total
2025-10-23 05:38:07,646 - INFO -      Tiempo: -349.4min → 12189.4min total
2025-10-23 05:38:07,646 - INFO -      Distancia: -5.0km → 162.5km total
2025-10-23 05:38:10,052 - DEBUG - Iter 1800: T=9.83, Fitness_actual=75.0, Mejor=104.4
2025-10-23 05:38:12,425 - WARNING - ⚠️  DEGRADACIÓN DETECTADA en iter 1850:
2025-10-23 05:38:12,425 - WARNING -    Mejor fitness: 104.4
2025-10-23 05:38:12,426 - WARNING -    Fitness promedio reciente: 77.7
2025-10-23 05:38:12,426 - WARNING -    Degradación: 26.7
2025-10-23 05:38:12,426 - WARNING -    🔄 RESTAURANDO mejor solución...
2025-10-23 05:38:12,430 - INFO - 🌟 MEJORA #22 en iter 1850: Fitness=104.5 (+0.0), Puntos=14249
2025-10-23 05:38:14,779 - DEBUG - Iter 1900: T=9.82, Fitness_actual=80.2, Mejor=104.5
2025-10-23 05:38:16,146 - INFO - Iter 1926: Aceptada solución con delta=-10.2 (T=9.82)
2025-10-23 05:38:16,146 - INFO -   📊 Desglose del cambio:
2025-10-23 05:38:16,147 - INFO -      Puntos: -370 → 11726 total
2025-10-23 05:38:16,147 - INFO -      Tiempo: +136.2min → 12021.8min total
2025-10-23 05:38:16,147 - INFO -      Distancia: +0.5km → 168.0km total
2025-10-23 05:38:19,747 - INFO -   Iter  2000 | Tiempo:    1.6min ( 0.6%) | T =     9.81 | Fitness =     63.5 | Mejor =    104.5 | Aceptación =  94.4%
2025-10-23 05:38:19,747 - INFO - Progreso iter 2000: T=9.81, Fitness=63.5, Mejor=104.5, Tasa_acept=94.4%
2025-10-23 05:38:19,748 - WARNING - ⚠️  DEGRADACIÓN DETECTADA en iter 2000:
2025-10-23 05:38:19,748 - WARNING -    Mejor fitness: 104.5
2025-10-23 05:38:19,748 - WARNING -    Fitness promedio reciente: 60.2
2025-10-23 05:38:19,749 - WARNING -    Degradación: 44.3
2025-10-23 05:38:19,749 - WARNING -    🔄 RESTAURANDO mejor solución...
2025-10-23 05:38:19,752 - DEBUG - Iter 2000: T=9.81, Fitness_actual=104.5, Mejor=104.5
2025-10-23 05:38:19,752 - INFO - 🌟 MEJORA #23 en iter 2000: Fitness=104.5 (+0.0), Puntos=14249
2025-10-23 05:38:19,899 - INFO - 🌟 MEJORA #24 en iter 2003: Fitness=105.2 (+0.7), Puntos=14222
2025-10-23 05:38:19,947 - INFO - 🌟 MEJORA #25 en iter 2004: Fitness=106.2 (+1.0), Puntos=14222
2025-10-23 05:38:19,947 - INFO -   ✨ Mejora #25 en iteración 2005: Fitness = 106.2 | Puntos = 14222 | T = 9.81
2025-10-23 05:38:20,045 - INFO - 🌟 MEJORA #26 en iter 2006: Fitness=106.2 (+0.0), Puntos=14222
2025-10-23 05:38:20,193 - INFO - 🌟 MEJORA #27 en iter 2009: Fitness=106.2 (+0.0), Puntos=14224
2025-10-23 05:38:20,291 - INFO - 🌟 MEJORA #28 en iter 2011: Fitness=106.4 (+0.2), Puntos=14190
2025-10-23 05:38:20,384 - INFO - 🌟 MEJORA #29 en iter 2013: Fitness=106.4 (+0.0), Puntos=14190
2025-10-23 05:38:24,264 - DEBUG - Iter 2100: T=9.80, Fitness_actual=68.6, Mejor=106.4
2025-10-23 05:38:26,455 - WARNING - ⚠️  DEGRADACIÓN DETECTADA en iter 2150:
2025-10-23 05:38:26,455 - WARNING -    Mejor fitness: 106.4
2025-10-23 05:38:26,455 - WARNING -    Fitness promedio reciente: 68.5
2025-10-23 05:38:26,456 - WARNING -    Degradación: 37.9
2025-10-23 05:38:26,456 - WARNING -    🔄 RESTAURANDO mejor solución...
2025-10-23 05:38:28,594 - DEBUG - Iter 2200: T=9.79, Fitness_actual=94.5, Mejor=106.4
2025-10-23 05:38:32,944 - WARNING - ⚠️  DEGRADACIÓN DETECTADA en iter 2300:
2025-10-23 05:38:32,944 - WARNING -    Mejor fitness: 106.4
2025-10-23 05:38:32,945 - WARNING -    Fitness promedio reciente: 84.5
2025-10-23 05:38:32,945 - WARNING -    Degradación: 21.9
2025-10-23 05:38:32,945 - WARNING -    🔄 RESTAURANDO mejor solución...
2025-10-23 05:38:32,948 - DEBUG - Iter 2300: T=9.78, Fitness_actual=106.4, Mejor=106.4
2025-10-23 05:38:32,948 - INFO - 🌟 MEJORA #30 en iter 2300: Fitness=106.4 (+0.0), Puntos=14192
2025-10-23 05:38:32,948 - INFO -   ✨ Mejora #30 en iteración 2301: Fitness = 106.4 | Puntos = 14192 | T = 9.78
2025-10-23 05:38:32,993 - INFO - 🌟 MEJORA #31 en iter 2301: Fitness=106.5 (+0.0), Puntos=14196
2025-10-23 05:38:37,316 - DEBUG - Iter 2400: T=9.77, Fitness_actual=82.0, Mejor=106.5
2025-10-23 05:38:39,825 - WARNING - ⚠️  DEGRADACIÓN DETECTADA en iter 2450:
2025-10-23 05:38:39,825 - WARNING -    Mejor fitness: 106.5
2025-10-23 05:38:39,825 - WARNING -    Fitness promedio reciente: 76.9
2025-10-23 05:38:39,826 - WARNING -    Degradación: 29.6
2025-10-23 05:38:39,826 - WARNING -    🔄 RESTAURANDO mejor solución...
2025-10-23 05:38:42,068 - INFO -   Iter  2500 | Tiempo:    1.9min ( 0.8%) | T =     9.76 | Fitness =     96.1 | Mejor =    106.5 | Aceptación =  94.2%
2025-10-23 05:38:42,069 - INFO - Progreso iter 2500: T=9.76, Fitness=96.1, Mejor=106.5, Tasa_acept=94.2%
2025-10-23 05:38:42,070 - DEBUG - Iter 2500: T=9.76, Fitness_actual=96.1, Mejor=106.5
2025-10-23 05:38:43,540 - WARNING - ================================================================================
2025-10-23 05:38:43,540 - WARNING - ⚠️  SALTO ANORMAL DETECTADO en iteración 2533
2025-10-23 05:38:43,541 - WARNING -    Fitness actual: 94.8
2025-10-23 05:38:43,541 - WARNING -    Fitness vecino: 53.2
2025-10-23 05:38:43,541 - WARNING -    Delta: -41.6
2025-10-23 05:38:43,542 - WARNING -    Temperatura: 9.76
2025-10-23 05:38:43,542 - WARNING -    Tipo perturbación aplicada: (ver generar_vecino)
2025-10-23 05:38:43,542 - WARNING -    Vecino - Puntos: 13685, Tiempo: 15072.8min, Distancia: 357.7km
2025-10-23 05:38:43,542 - WARNING -    Actual - Puntos: 13429, Tiempo: 12732.0min, Distancia: 168.1km
2025-10-23 05:38:43,542 - WARNING -    Validez restricciones - Vecino: False, Actual: False
2025-10-23 05:38:43,543 - WARNING - ================================================================================
2025-10-23 05:38:43,543 - WARNING - ⚠️  SALTO ANORMAL DETECTADO en iteración 2533
2025-10-23 05:38:43,543 - WARNING -    Fitness: 94.8 → 53.2 (Δ=-41.6)
2025-10-23 05:38:43,543 - WARNING -    Ver detalles en archivo de log
2025-10-23 05:38:44,118 - INFO - Iter 2545: Aceptada solución con delta=-15.0 (T=9.76)
2025-10-23 05:38:44,118 - INFO -   📊 Desglose del cambio:
2025-10-23 05:38:44,119 - INFO -      Puntos: +0 → 12757 total
2025-10-23 05:38:44,119 - INFO -      Tiempo: +2354.5min → 15381.1min total
2025-10-23 05:38:44,119 - INFO -      Distancia: -2.5km → 154.8km total
2025-10-23 05:38:45,158 - INFO - Iter 2563: Aceptada solución con delta=+12.5 (T=9.76)
2025-10-23 05:38:45,158 - INFO -   📊 Desglose del cambio:
2025-10-23 05:38:45,158 - INFO -      Puntos: +0 → 12680 total
2025-10-23 05:38:45,159 - INFO -      Tiempo: -1753.4min → 12924.6min total
2025-10-23 05:38:45,159 - INFO -      Distancia: -0.1km → 147.0km total
2025-10-23 05:38:46,926 - WARNING - ⚠️  DEGRADACIÓN DETECTADA en iter 2600:
2025-10-23 05:38:46,926 - WARNING -    Mejor fitness: 106.5
2025-10-23 05:38:46,927 - WARNING -    Fitness promedio reciente: 80.8
2025-10-23 05:38:46,927 - WARNING -    Degradación: 25.6
2025-10-23 05:38:46,927 - WARNING -    🔄 RESTAURANDO mejor solución...
2025-10-23 05:38:46,929 - DEBUG - Iter 2600: T=9.75, Fitness_actual=106.5, Mejor=106.5
2025-10-23 05:38:51,552 - WARNING - ⚠️  DEGRADACIÓN DETECTADA en iter 2700:
2025-10-23 05:38:51,552 - WARNING -    Mejor fitness: 106.5
2025-10-23 05:38:51,553 - WARNING -    Fitness promedio reciente: 86.2
2025-10-23 05:38:51,553 - WARNING -    Degradación: 20.3
2025-10-23 05:38:51,553 - WARNING -    🔄 RESTAURANDO mejor solución...
2025-10-23 05:38:51,555 - DEBUG - Iter 2700: T=9.75, Fitness_actual=106.5, Mejor=106.5
2025-10-23 05:38:51,555 - INFO - 🌟 MEJORA #32 en iter 2700: Fitness=107.5 (+1.0), Puntos=14196
2025-10-23 05:38:51,601 - INFO - 🌟 MEJORA #33 en iter 2701: Fitness=107.6 (+0.1), Puntos=14207
2025-10-23 05:38:51,646 - INFO - 🌟 MEJORA #34 en iter 2702: Fitness=107.6 (+0.0), Puntos=14207
2025-10-23 05:38:51,693 - INFO - 🌟 MEJORA #35 en iter 2703: Fitness=107.7 (+0.1), Puntos=14221
2025-10-23 05:38:51,693 - INFO -   ✨ Mejora #35 en iteración 2704: Fitness = 107.7 | Puntos = 14221 | T = 9.74
2025-10-23 05:38:51,785 - INFO - 🌟 MEJORA #36 en iter 2705: Fitness=108.8 (+1.0), Puntos=14225
2025-10-23 05:38:51,831 - INFO - 🌟 MEJORA #37 en iter 2706: Fitness=109.1 (+0.3), Puntos=14256
2025-10-23 05:38:56,343 - DEBUG - Iter 2800: T=9.74, Fitness_actual=82.9, Mejor=109.1
2025-10-23 05:38:58,780 - WARNING - ⚠️  DEGRADACIÓN DETECTADA en iter 2850:
2025-10-23 05:38:58,780 - WARNING -    Mejor fitness: 109.1
2025-10-23 05:38:58,781 - WARNING -    Fitness promedio reciente: 81.5
2025-10-23 05:38:58,781 - WARNING -    Degradación: 27.6
2025-10-23 05:38:58,782 - WARNING -    🔄 RESTAURANDO mejor solución...
2025-10-23 05:39:01,114 - DEBUG - Iter 2900: T=9.73, Fitness_actual=100.3, Mejor=109.1
2025-10-23 05:39:05,900 - INFO -   Iter  3000 | Tiempo:    2.3min ( 1.0%) | T =     9.72 | Fitness =     86.6 | Mejor =    109.1 | Aceptación =  94.3%
2025-10-23 05:39:05,900 - INFO - Progreso iter 3000: T=9.72, Fitness=86.6, Mejor=109.1, Tasa_acept=94.3%
2025-10-23 05:39:05,901 - WARNING - ⚠️  DEGRADACIÓN DETECTADA en iter 3000:
2025-10-23 05:39:05,901 - WARNING -    Mejor fitness: 109.1
2025-10-23 05:39:05,901 - WARNING -    Fitness promedio reciente: 88.5
2025-10-23 05:39:05,901 - WARNING -    Degradación: 20.6
2025-10-23 05:39:05,901 - WARNING -    🔄 RESTAURANDO mejor solución...
2025-10-23 05:39:05,904 - DEBUG - Iter 3000: T=9.72, Fitness_actual=109.1, Mejor=109.1
2025-10-23 05:39:05,904 - INFO - 🌟 MEJORA #38 en iter 3000: Fitness=109.1 (+0.0), Puntos=14256
2025-10-23 05:39:10,760 - DEBUG - Iter 3100: T=9.71, Fitness_actual=86.5, Mejor=109.1
2025-10-23 05:39:13,348 - WARNING - ⚠️  DEGRADACIÓN DETECTADA en iter 3150:
2025-10-23 05:39:13,348 - WARNING -    Mejor fitness: 109.1
2025-10-23 05:39:13,349 - WARNING -    Fitness promedio reciente: 84.9
2025-10-23 05:39:13,349 - WARNING -    Degradación: 24.2
2025-10-23 05:39:13,349 - WARNING -    🔄 RESTAURANDO mejor solución...
2025-10-23 05:39:13,351 - INFO - 🌟 MEJORA #39 en iter 3150: Fitness=109.1 (+0.1), Puntos=14264
2025-10-23 05:39:13,971 - INFO - 🌟 MEJORA #40 en iter 3163: Fitness=109.2 (+0.0), Puntos=14369
2025-10-23 05:39:13,971 - INFO -   ✨ Mejora #40 en iteración 3164: Fitness = 109.2 | Puntos = 14369 | T = 9.70
2025-10-23 05:39:15,792 - DEBUG - Iter 3200: T=9.70, Fitness_actual=98.8, Mejor=109.2
2025-10-23 05:39:19,458 - INFO - Iter 3277: Aceptada solución con delta=-10.4 (T=9.69)
2025-10-23 05:39:19,458 - INFO -   📊 Desglose del cambio:
2025-10-23 05:39:19,459 - INFO -      Puntos: -792 → 11918 total
2025-10-23 05:39:19,459 - INFO -      Tiempo: -408.6min → 11166.5min total
2025-10-23 05:39:19,459 - INFO -      Distancia: -6.6km → 156.0km total
2025-10-23 05:39:20,605 - WARNING - ⚠️  DEGRADACIÓN DETECTADA en iter 3300:
2025-10-23 05:39:20,605 - WARNING -    Mejor fitness: 109.2
2025-10-23 05:39:20,606 - WARNING -    Fitness promedio reciente: 76.5
2025-10-23 05:39:20,606 - WARNING -    Degradación: 32.7
2025-10-23 05:39:20,606 - WARNING -    🔄 RESTAURANDO mejor solución...
2025-10-23 05:39:20,609 - DEBUG - Iter 3300: T=9.69, Fitness_actual=109.2, Mejor=109.2
2025-10-23 05:39:25,604 - WARNING - ⚠️  DEGRADACIÓN DETECTADA en iter 3400:
2025-10-23 05:39:25,604 - WARNING -    Mejor fitness: 109.2
2025-10-23 05:39:25,604 - WARNING -    Fitness promedio reciente: 81.9
2025-10-23 05:39:25,605 - WARNING -    Degradación: 27.3
2025-10-23 05:39:25,605 - WARNING -    🔄 RESTAURANDO mejor solución...
2025-10-23 05:39:25,607 - DEBUG - Iter 3400: T=9.68, Fitness_actual=109.2, Mejor=109.2
2025-10-23 05:39:25,608 - INFO - 🌟 MEJORA #41 en iter 3400: Fitness=109.4 (+0.2), Puntos=14387
2025-10-23 05:39:30,611 - INFO -   Iter  3500 | Tiempo:    2.7min ( 1.1%) | T =     9.67 | Fitness =     99.9 | Mejor =    109.4 | Aceptación =  94.1%
2025-10-23 05:39:30,611 - INFO - Progreso iter 3500: T=9.67, Fitness=99.9, Mejor=109.4, Tasa_acept=94.1%
2025-10-23 05:39:30,614 - DEBUG - Iter 3500: T=9.67, Fitness_actual=99.9, Mejor=109.4
2025-10-23 05:39:35,726 - DEBUG - Iter 3600: T=9.66, Fitness_actual=86.8, Mejor=109.4
2025-10-23 05:39:38,266 - WARNING - ⚠️  DEGRADACIÓN DETECTADA en iter 3650:
2025-10-23 05:39:38,266 - WARNING -    Mejor fitness: 109.4
2025-10-23 05:39:38,267 - WARNING -    Fitness promedio reciente: 84.8
2025-10-23 05:39:38,267 - WARNING -    Degradación: 24.6
2025-10-23 05:39:38,267 - WARNING -    🔄 RESTAURANDO mejor solución...
2025-10-23 05:39:38,270 - INFO - 🌟 MEJORA #42 en iter 3650: Fitness=109.4 (+0.0), Puntos=14387
2025-10-23 05:39:38,819 - INFO - Iter 3661: Aceptada solución con delta=-10.3 (T=9.65)
2025-10-23 05:39:38,820 - INFO -   📊 Desglose del cambio:
2025-10-23 05:39:38,820 - INFO -      Puntos: -781 → 13530 total
2025-10-23 05:39:38,820 - INFO -      Tiempo: -705.0min → 12180.8min total
2025-10-23 05:39:38,820 - INFO -      Distancia: -9.2km → 165.6km total
2025-10-23 05:39:40,074 - INFO - Iter 3686: Aceptada solución con delta=-10.5 (T=9.65)
2025-10-23 05:39:40,074 - INFO -   📊 Desglose del cambio:
2025-10-23 05:39:40,075 - INFO -      Puntos: +0 → 13482 total
2025-10-23 05:39:40,075 - INFO -      Tiempo: +1136.9min → 12878.7min total
2025-10-23 05:39:40,075 - INFO -      Distancia: +1.5km → 164.1km total
2025-10-23 05:39:40,800 - DEBUG - Iter 3700: T=9.65, Fitness_actual=95.8, Mejor=109.4
2025-10-23 05:39:45,903 - WARNING - ⚠️  DEGRADACIÓN DETECTADA en iter 3800:
2025-10-23 05:39:45,903 - WARNING -    Mejor fitness: 109.4
2025-10-23 05:39:45,904 - WARNING -    Fitness promedio reciente: 75.8
2025-10-23 05:39:45,904 - WARNING -    Degradación: 33.6
2025-10-23 05:39:45,904 - WARNING -    🔄 RESTAURANDO mejor solución...
2025-10-23 05:39:45,905 - DEBUG - Iter 3800: T=9.64, Fitness_actual=109.4, Mejor=109.4
2025-10-23 05:39:45,905 - INFO - 🌟 MEJORA #43 en iter 3800: Fitness=109.6 (+0.2), Puntos=14409
2025-10-23 05:39:46,004 - INFO - 🌟 MEJORA #44 en iter 3802: Fitness=109.8 (+0.2), Puntos=14428
2025-10-23 05:39:51,017 - DEBUG - Iter 3900: T=9.63, Fitness_actual=76.8, Mejor=109.8
2025-10-23 05:39:53,617 - WARNING - ⚠️  DEGRADACIÓN DETECTADA en iter 3950:
2025-10-23 05:39:53,617 - WARNING -    Mejor fitness: 109.8
2025-10-23 05:39:53,618 - WARNING -    Fitness promedio reciente: 73.9
2025-10-23 05:39:53,618 - WARNING -    Degradación: 35.9
2025-10-23 05:39:53,618 - WARNING -    🔄 RESTAURANDO mejor solución...
2025-10-23 05:39:54,906 - INFO - 🌟 MEJORA #45 en iter 3975: Fitness=109.9 (+0.2), Puntos=14297
2025-10-23 05:39:54,906 - INFO -   ✨ Mejora #45 en iteración 3976: Fitness = 109.9 | Puntos = 14297 | T = 9.62
2025-10-23 05:39:55,112 - INFO - 🌟 MEJORA #46 en iter 3979: Fitness=110.9 (+1.0), Puntos=14297
2025-10-23 05:39:55,266 - INFO - 🌟 MEJORA #47 en iter 3982: Fitness=113.0 (+2.1), Puntos=14500
2025-10-23 05:39:55,319 - INFO - 🌟 MEJORA #48 en iter 3983: Fitness=113.1 (+0.1), Puntos=14507
2025-10-23 05:39:55,370 - INFO - 🌟 MEJORA #49 en iter 3984: Fitness=114.1 (+1.0), Puntos=14507
2025-10-23 05:39:55,473 - INFO - 🌟 MEJORA #50 en iter 3986: Fitness=114.1 (+0.0), Puntos=14507
2025-10-23 05:39:55,473 - INFO -   ✨ Mejora #50 en iteración 3987: Fitness = 114.1 | Puntos = 14507 | T = 9.62
2025-10-23 05:39:56,182 - INFO -   Iter  4000 | Tiempo:    3.2min ( 1.3%) | T =     9.62 | Fitness =     98.9 | Mejor =    114.1 | Aceptación =  94.2%
2025-10-23 05:39:56,182 - INFO - Progreso iter 4000: T=9.62, Fitness=98.9, Mejor=114.1, Tasa_acept=94.2%
2025-10-23 05:39:56,185 - DEBUG - Iter 4000: T=9.62, Fitness_actual=98.9, Mejor=114.1
2025-10-23 05:40:01,215 - WARNING - ⚠️  DEGRADACIÓN DETECTADA en iter 4100:
2025-10-23 05:40:01,215 - WARNING -    Mejor fitness: 114.1
2025-10-23 05:40:01,216 - WARNING -    Fitness promedio reciente: 90.6
2025-10-23 05:40:01,216 - WARNING -    Degradación: 23.5
2025-10-23 05:40:01,216 - WARNING -    🔄 RESTAURANDO mejor solución...
2025-10-23 05:40:01,219 - DEBUG - Iter 4100: T=9.61, Fitness_actual=114.1, Mejor=114.1
2025-10-23 05:40:01,219 - INFO - 🌟 MEJORA #51 en iter 4100: Fitness=115.8 (+1.7), Puntos=14526
2025-10-23 05:40:06,013 - DEBUG - Iter 4200: T=9.60, Fitness_actual=83.4, Mejor=115.8
2025-10-23 05:40:08,496 - WARNING - ⚠️  DEGRADACIÓN DETECTADA en iter 4250:
2025-10-23 05:40:08,496 - WARNING -    Mejor fitness: 115.8
2025-10-23 05:40:08,496 - WARNING -    Fitness promedio reciente: 76.8
2025-10-23 05:40:08,497 - WARNING -    Degradación: 39.0
2025-10-23 05:40:08,497 - WARNING -    🔄 RESTAURANDO mejor solución...
2025-10-23 05:40:10,879 - DEBUG - Iter 4300: T=9.59, Fitness_actual=108.5, Mejor=115.8
2025-10-23 05:40:15,578 - WARNING - ⚠️  DEGRADACIÓN DETECTADA en iter 4400:
2025-10-23 05:40:15,579 - WARNING -    Mejor fitness: 115.8
2025-10-23 05:40:15,579 - WARNING -    Fitness promedio reciente: 91.9
2025-10-23 05:40:15,580 - WARNING -    Degradación: 23.9
2025-10-23 05:40:15,580 - WARNING -    🔄 RESTAURANDO mejor solución...
2025-10-23 05:40:15,581 - DEBUG - Iter 4400: T=9.58, Fitness_actual=115.8, Mejor=115.8
2025-10-23 05:40:15,627 - INFO - 🌟 MEJORA #52 en iter 4401: Fitness=116.1 (+0.3), Puntos=14558
2025-10-23 05:40:15,764 - INFO - 🌟 MEJORA #53 en iter 4404: Fitness=117.0 (+0.9), Puntos=14546
2025-10-23 05:40:16,054 - INFO - Iter 4410: Aceptada solución con delta=-16.0 (T=9.58)
2025-10-23 05:40:16,055 - INFO -   📊 Desglose del cambio:
2025-10-23 05:40:16,055 - INFO -      Puntos: -347 → 14187 total
2025-10-23 05:40:16,055 - INFO -      Tiempo: +3328.8min → 15605.2min total
2025-10-23 05:40:16,056 - INFO -      Distancia: +18.3km → 174.7km total
2025-10-23 05:40:17,819 - INFO - Iter 4440: Aceptada solución con delta=+11.9 (T=9.57)
2025-10-23 05:40:17,819 - INFO -   📊 Desglose del cambio:
2025-10-23 05:40:17,820 - INFO -      Puntos: -13 → 13913 total
2025-10-23 05:40:17,820 - INFO -      Tiempo: -3027.5min → 12990.9min total
2025-10-23 05:40:17,820 - INFO -      Distancia: -4.0km → 166.7km total
2025-10-23 05:40:20,747 - INFO -   Iter  4500 | Tiempo:    3.6min ( 1.5%) | T =     9.57 | Fitness =     89.4 | Mejor =    117.0 | Aceptación =  94.0%
2025-10-23 05:40:20,747 - INFO - Progreso iter 4500: T=9.57, Fitness=89.4, Mejor=117.0, Tasa_acept=94.0%
2025-10-23 05:40:20,751 - DEBUG - Iter 4500: T=9.57, Fitness_actual=89.4, Mejor=117.0
2025-10-23 05:40:23,104 - WARNING - ⚠️  DEGRADACIÓN DETECTADA en iter 4550:
2025-10-23 05:40:23,104 - WARNING -    Mejor fitness: 117.0
2025-10-23 05:40:23,105 - WARNING -    Fitness promedio reciente: 90.1
2025-10-23 05:40:23,105 - WARNING -    Degradación: 26.9
2025-10-23 05:40:23,105 - WARNING -    🔄 RESTAURANDO mejor solución...
2025-10-23 05:40:23,107 - INFO - 🌟 MEJORA #54 en iter 4550: Fitness=117.0 (+0.0), Puntos=14547
2025-10-23 05:40:25,452 - DEBUG - Iter 4600: T=9.56, Fitness_actual=98.3, Mejor=117.0
2025-10-23 05:40:30,188 - WARNING - ⚠️  DEGRADACIÓN DETECTADA en iter 4700:
2025-10-23 05:40:30,188 - WARNING -    Mejor fitness: 117.0
2025-10-23 05:40:30,189 - WARNING -    Fitness promedio reciente: 92.2
2025-10-23 05:40:30,189 - WARNING -    Degradación: 24.8
2025-10-23 05:40:30,189 - WARNING -    🔄 RESTAURANDO mejor solución...
2025-10-23 05:40:30,192 - DEBUG - Iter 4700: T=9.55, Fitness_actual=117.0, Mejor=117.0
2025-10-23 05:40:35,004 - WARNING - ⚠️  DEGRADACIÓN DETECTADA en iter 4800:
2025-10-23 05:40:35,004 - WARNING -    Mejor fitness: 117.0
2025-10-23 05:40:35,005 - WARNING -    Fitness promedio reciente: 89.7
2025-10-23 05:40:35,005 - WARNING -    Degradación: 27.3
2025-10-23 05:40:35,005 - WARNING -    🔄 RESTAURANDO mejor solución...
2025-10-23 05:40:35,006 - DEBUG - Iter 4800: T=9.54, Fitness_actual=117.0, Mejor=117.0
2025-10-23 05:40:39,932 - WARNING - ⚠️  DEGRADACIÓN DETECTADA en iter 4900:
2025-10-23 05:40:39,933 - WARNING -    Mejor fitness: 117.0
2025-10-23 05:40:39,933 - WARNING -    Fitness promedio reciente: 95.0
2025-10-23 05:40:39,933 - WARNING -    Degradación: 22.0
2025-10-23 05:40:39,934 - WARNING -    🔄 RESTAURANDO mejor solución...
2025-10-23 05:40:39,935 - DEBUG - Iter 4900: T=9.53, Fitness_actual=117.0, Mejor=117.0
2025-10-23 05:40:44,797 - INFO -   Iter  5000 | Tiempo:    4.0min ( 1.7%) | T =     9.52 | Fitness =     93.3 | Mejor =    117.0 | Aceptación =  93.9%
2025-10-23 05:40:44,797 - INFO - Progreso iter 5000: T=9.52, Fitness=93.3, Mejor=117.0, Tasa_acept=93.9%
2025-10-23 05:40:44,798 - WARNING - ⚠️  DEGRADACIÓN DETECTADA en iter 5000:
2025-10-23 05:40:44,798 - WARNING -    Mejor fitness: 117.0
2025-10-23 05:40:44,798 - WARNING -    Fitness promedio reciente: 89.5
2025-10-23 05:40:44,798 - WARNING -    Degradación: 27.5
2025-10-23 05:40:44,799 - WARNING -    🔄 RESTAURANDO mejor solución...
2025-10-23 05:40:44,800 - DEBUG - Iter 5000: T=9.52, Fitness_actual=117.0, Mejor=117.0
2025-10-23 05:40:45,183 - INFO - 🌟 MEJORA #55 en iter 5008: Fitness=117.0 (+0.0), Puntos=14548
2025-10-23 05:40:45,183 - INFO -   ✨ Mejora #55 en iteración 5009: Fitness = 117.0 | Puntos = 14548 | T = 9.52
2025-10-23 05:40:49,675 - DEBUG - Iter 5100: T=9.51, Fitness_actual=96.6, Mejor=117.0
2025-10-23 05:40:52,109 - WARNING - ⚠️  DEGRADACIÓN DETECTADA en iter 5150:
2025-10-23 05:40:52,110 - WARNING -    Mejor fitness: 117.0
2025-10-23 05:40:52,110 - WARNING -    Fitness promedio reciente: 84.9
2025-10-23 05:40:52,110 - WARNING -    Degradación: 32.1
2025-10-23 05:40:52,111 - WARNING -    🔄 RESTAURANDO mejor solución...
2025-10-23 05:40:54,630 - DEBUG - Iter 5200: T=9.50, Fitness_actual=93.9, Mejor=117.0
2025-10-23 05:40:57,097 - WARNING - ⚠️  DEGRADACIÓN DETECTADA en iter 5250:
2025-10-23 05:40:57,097 - WARNING -    Mejor fitness: 117.0
2025-10-23 05:40:57,098 - WARNING -    Fitness promedio reciente: 92.4
2025-10-23 05:40:57,098 - WARNING -    Degradación: 24.6
2025-10-23 05:40:57,098 - WARNING -    🔄 RESTAURANDO mejor solución...
2025-10-23 05:40:59,563 - DEBUG - Iter 5300: T=9.49, Fitness_actual=103.0, Mejor=117.0
2025-10-23 05:41:04,523 - WARNING - ⚠️  DEGRADACIÓN DETECTADA en iter 5400:
2025-10-23 05:41:04,523 - WARNING -    Mejor fitness: 117.0
2025-10-23 05:41:04,524 - WARNING -    Fitness promedio reciente: 90.0
2025-10-23 05:41:04,524 - WARNING -    Degradación: 27.0
2025-10-23 05:41:04,524 - WARNING -    🔄 RESTAURANDO mejor solución...
2025-10-23 05:41:04,525 - DEBUG - Iter 5400: T=9.48, Fitness_actual=117.0, Mejor=117.0
2025-10-23 05:41:04,575 - INFO - 🌟 MEJORA #56 en iter 5401: Fitness=117.0 (+0.0), Puntos=14548
2025-10-23 05:41:09,456 - INFO -   Iter  5500 | Tiempo:    4.4min ( 1.8%) | T =     9.47 | Fitness =     90.1 | Mejor =    117.0 | Aceptación =  93.7%
2025-10-23 05:41:09,457 - INFO - Progreso iter 5500: T=9.47, Fitness=90.1, Mejor=117.0, Tasa_acept=93.7%
2025-10-23 05:41:09,459 - DEBUG - Iter 5500: T=9.47, Fitness_actual=90.1, Mejor=117.0
2025-10-23 05:41:10,850 - INFO - Iter 5528: Aceptada solución con delta=-18.2 (T=9.47)
2025-10-23 05:41:10,851 - INFO -   📊 Desglose del cambio:
2025-10-23 05:41:10,851 - INFO -      Puntos: -515 → 12279 total
2025-10-23 05:41:10,852 - INFO -      Tiempo: +993.5min → 11664.2min total
2025-10-23 05:41:10,852 - INFO -      Distancia: +85.3km → 195.3km total
2025-10-23 05:41:11,936 - WARNING - ⚠️  DEGRADACIÓN DETECTADA en iter 5550:
2025-10-23 05:41:11,936 - WARNING -    Mejor fitness: 117.0
2025-10-23 05:41:11,937 - WARNING -    Fitness promedio reciente: 83.4
2025-10-23 05:41:11,937 - WARNING -    Degradación: 33.6
2025-10-23 05:41:11,937 - WARNING -    🔄 RESTAURANDO mejor solución...
2025-10-23 05:41:14,430 - DEBUG - Iter 5600: T=9.46, Fitness_actual=87.5, Mejor=117.0
2025-10-23 05:41:16,915 - WARNING - ⚠️  DEGRADACIÓN DETECTADA en iter 5650:
2025-10-23 05:41:16,915 - WARNING -    Mejor fitness: 117.0
2025-10-23 05:41:16,916 - WARNING -    Fitness promedio reciente: 86.7
2025-10-23 05:41:16,916 - WARNING -    Degradación: 30.4
2025-10-23 05:41:16,916 - WARNING -    🔄 RESTAURANDO mejor solución...
2025-10-23 05:41:19,413 - DEBUG - Iter 5700: T=9.45, Fitness_actual=98.2, Mejor=117.0
2025-10-23 05:41:21,933 - WARNING - ⚠️  DEGRADACIÓN DETECTADA en iter 5750:
2025-10-23 05:41:21,933 - WARNING -    Mejor fitness: 117.0
2025-10-23 05:41:21,933 - WARNING -    Fitness promedio reciente: 93.8
2025-10-23 05:41:21,934 - WARNING -    Degradación: 23.2
2025-10-23 05:41:21,934 - WARNING -    🔄 RESTAURANDO mejor solución...
2025-10-23 05:41:24,473 - DEBUG - Iter 5800: T=9.44, Fitness_actual=101.8, Mejor=117.0
2025-10-23 05:41:29,546 - WARNING - ⚠️  DEGRADACIÓN DETECTADA en iter 5900:
2025-10-23 05:41:29,546 - WARNING -    Mejor fitness: 117.0
2025-10-23 05:41:29,547 - WARNING -    Fitness promedio reciente: 91.8
2025-10-23 05:41:29,547 - WARNING -    Degradación: 25.2
2025-10-23 05:41:29,547 - WARNING -    🔄 RESTAURANDO mejor solución...
2025-10-23 05:41:29,549 - DEBUG - Iter 5900: T=9.43, Fitness_actual=117.0, Mejor=117.0
2025-10-23 05:41:34,701 - INFO -   Iter  6000 | Tiempo:    4.8min ( 2.0%) | T =     9.42 | Fitness =     89.0 | Mejor =    117.0 | Aceptación =  93.6%
2025-10-23 05:41:34,701 - INFO - Progreso iter 6000: T=9.42, Fitness=89.0, Mejor=117.0, Tasa_acept=93.6%
2025-10-23 05:41:34,702 - WARNING - ⚠️  DEGRADACIÓN DETECTADA en iter 6000:
2025-10-23 05:41:34,702 - WARNING -    Mejor fitness: 117.0
2025-10-23 05:41:34,703 - WARNING -    Fitness promedio reciente: 96.6
2025-10-23 05:41:34,703 - WARNING -    Degradación: 20.4
2025-10-23 05:41:34,703 - WARNING -    🔄 RESTAURANDO mejor solución...
2025-10-23 05:41:34,704 - DEBUG - Iter 6000: T=9.42, Fitness_actual=117.0, Mejor=117.0
2025-10-23 05:41:34,704 - INFO - 🌟 MEJORA #57 en iter 6000: Fitness=117.0 (+0.0), Puntos=14548
2025-10-23 05:41:39,838 - DEBUG - Iter 6100: T=9.41, Fitness_actual=83.6, Mejor=117.0
2025-10-23 05:41:42,372 - WARNING - ⚠️  DEGRADACIÓN DETECTADA en iter 6150:
2025-10-23 05:41:42,373 - WARNING -    Mejor fitness: 117.0
2025-10-23 05:41:42,373 - WARNING -    Fitness promedio reciente: 85.1
2025-10-23 05:41:42,373 - WARNING -    Degradación: 31.9
2025-10-23 05:41:42,374 - WARNING -    🔄 RESTAURANDO mejor solución...
2025-10-23 05:41:44,914 - DEBUG - Iter 6200: T=9.40, Fitness_actual=105.6, Mejor=117.0
2025-10-23 05:41:50,030 - WARNING - ⚠️  DEGRADACIÓN DETECTADA en iter 6300:
2025-10-23 05:41:50,030 - WARNING -    Mejor fitness: 117.0
2025-10-23 05:41:50,031 - WARNING -    Fitness promedio reciente: 85.9
2025-10-23 05:41:50,031 - WARNING -    Degradación: 31.1
2025-10-23 05:41:50,031 - WARNING -    🔄 RESTAURANDO mejor solución...
2025-10-23 05:41:50,032 - DEBUG - Iter 6300: T=9.39, Fitness_actual=117.0, Mejor=117.0
2025-10-23 05:41:50,032 - INFO - 🌟 MEJORA #58 en iter 6300: Fitness=117.0 (+0.0), Puntos=14548
2025-10-23 05:41:55,225 - DEBUG - Iter 6400: T=9.38, Fitness_actual=74.3, Mejor=117.0
2025-10-23 05:41:57,821 - WARNING - ⚠️  DEGRADACIÓN DETECTADA en iter 6450:
2025-10-23 05:41:57,821 - WARNING -    Mejor fitness: 117.0
2025-10-23 05:41:57,822 - WARNING -    Fitness promedio reciente: 77.4
2025-10-23 05:41:57,822 - WARNING -    Degradación: 39.6
2025-10-23 05:41:57,822 - WARNING -    🔄 RESTAURANDO mejor solución...
2025-10-23 05:41:57,876 - INFO - 🌟 MEJORA #59 en iter 6451: Fitness=117.0 (+0.0), Puntos=14548
2025-10-23 05:42:00,453 - INFO -   Iter  6500 | Tiempo:    5.2min ( 2.2%) | T =     9.37 | Fitness =    101.3 | Mejor =    117.0 | Aceptación =  93.6%
2025-10-23 05:42:00,454 - INFO - Progreso iter 6500: T=9.37, Fitness=101.3, Mejor=117.0, Tasa_acept=93.6%
2025-10-23 05:42:00,456 - DEBUG - Iter 6500: T=9.37, Fitness_actual=101.3, Mejor=117.0
2025-10-23 05:42:05,956 - WARNING - ⚠️  DEGRADACIÓN DETECTADA en iter 6600:
2025-10-23 05:42:05,956 - WARNING -    Mejor fitness: 117.0
2025-10-23 05:42:05,957 - WARNING -    Fitness promedio reciente: 88.5
2025-10-23 05:42:05,957 - WARNING -    Degradación: 28.5
2025-10-23 05:42:05,957 - WARNING -    🔄 RESTAURANDO mejor solución...
2025-10-23 05:42:05,959 - DEBUG - Iter 6600: T=9.36, Fitness_actual=117.0, Mejor=117.0
2025-10-23 05:42:06,011 - INFO - 🌟 MEJORA #60 en iter 6601: Fitness=117.0 (+0.0), Puntos=14548
2025-10-23 05:42:06,011 - INFO -   ✨ Mejora #60 en iteración 6602: Fitness = 117.0 | Puntos = 14548 | T = 9.36
2025-10-23 05:42:06,065 - INFO - 🌟 MEJORA #61 en iter 6602: Fitness=117.0 (+0.0), Puntos=14548
2025-10-23 05:42:06,274 - INFO - 🌟 MEJORA #62 en iter 6606: Fitness=117.0 (+0.0), Puntos=14548
2025-10-23 05:42:07,536 - INFO - Iter 6630: Aceptada solución con delta=-14.3 (T=9.36)
2025-10-23 05:42:07,536 - INFO -   📊 Desglose del cambio:
2025-10-23 05:42:07,537 - INFO -      Puntos: -127 → 13807 total
2025-10-23 05:42:07,537 - INFO -      Tiempo: +986.5min → 13331.6min total
2025-10-23 05:42:07,538 - INFO -      Distancia: +3.3km → 168.0km total
2025-10-23 05:42:11,393 - DEBUG - Iter 6700: T=9.35, Fitness_actual=84.0, Mejor=117.0
2025-10-23 05:42:11,510 - INFO - Iter 6702: Aceptada solución con delta=+10.0 (T=9.35)
2025-10-23 05:42:11,510 - INFO -   📊 Desglose del cambio:
2025-10-23 05:42:11,513 - INFO -      Puntos: +0 → 13440 total
2025-10-23 05:42:11,513 - INFO -      Tiempo: -560.4min → 12792.0min total
2025-10-23 05:42:11,513 - INFO -      Distancia: -1.0km → 147.7km total
2025-10-23 05:42:14,144 - WARNING - ⚠️  DEGRADACIÓN DETECTADA en iter 6750:
2025-10-23 05:42:14,145 - WARNING -    Mejor fitness: 117.0
2025-10-23 05:42:14,145 - WARNING -    Fitness promedio reciente: 92.2
2025-10-23 05:42:14,146 - WARNING -    Degradación: 24.8
2025-10-23 05:42:14,146 - WARNING -    🔄 RESTAURANDO mejor solución...
2025-10-23 05:42:16,802 - DEBUG - Iter 6800: T=9.34, Fitness_actual=95.9, Mejor=117.0
2025-10-23 05:42:22,357 - WARNING - ⚠️  DEGRADACIÓN DETECTADA en iter 6900:
2025-10-23 05:42:22,358 - WARNING -    Mejor fitness: 117.0
2025-10-23 05:42:22,358 - WARNING -    Fitness promedio reciente: 93.1
2025-10-23 05:42:22,358 - WARNING -    Degradación: 23.9
2025-10-23 05:42:22,359 - WARNING -    🔄 RESTAURANDO mejor solución...
2025-10-23 05:42:22,362 - DEBUG - Iter 6900: T=9.33, Fitness_actual=117.0, Mejor=117.0
2025-10-23 05:42:22,416 - INFO - 🌟 MEJORA #63 en iter 6901: Fitness=117.9 (+0.9), Puntos=14787
2025-10-23 05:42:27,737 - INFO -   Iter  7000 | Tiempo:    5.7min ( 2.4%) | T =     9.32 | Fitness =    103.9 | Mejor =    117.9 | Aceptación =  93.7%
2025-10-23 05:42:27,737 - INFO - Progreso iter 7000: T=9.32, Fitness=103.9, Mejor=117.9, Tasa_acept=93.7%
2025-10-23 05:42:27,740 - DEBUG - Iter 7000: T=9.32, Fitness_actual=103.9, Mejor=117.9
2025-10-23 05:42:30,444 - WARNING - ⚠️  DEGRADACIÓN DETECTADA en iter 7050:
2025-10-23 05:42:30,444 - WARNING -    Mejor fitness: 117.9
2025-10-23 05:42:30,444 - WARNING -    Fitness promedio reciente: 95.7
2025-10-23 05:42:30,445 - WARNING -    Degradación: 22.2
2025-10-23 05:42:30,445 - WARNING -    🔄 RESTAURANDO mejor solución...
2025-10-23 05:42:33,152 - DEBUG - Iter 7100: T=9.31, Fitness_actual=96.0, Mejor=117.9
2025-10-23 05:42:35,857 - WARNING - ⚠️  DEGRADACIÓN DETECTADA en iter 7150:
2025-10-23 05:42:35,858 - WARNING -    Mejor fitness: 117.9
2025-10-23 05:42:35,858 - WARNING -    Fitness promedio reciente: 91.0
2025-10-23 05:42:35,859 - WARNING -    Degradación: 26.9
2025-10-23 05:42:35,859 - WARNING -    🔄 RESTAURANDO mejor solución...
2025-10-23 05:42:38,683 - DEBUG - Iter 7200: T=9.30, Fitness_actual=93.2, Mejor=117.9
2025-10-23 05:42:41,559 - WARNING - ⚠️  DEGRADACIÓN DETECTADA en iter 7250:
2025-10-23 05:42:41,559 - WARNING -    Mejor fitness: 117.9
2025-10-23 05:42:41,560 - WARNING -    Fitness promedio reciente: 92.4
2025-10-23 05:42:41,560 - WARNING -    Degradación: 25.5
2025-10-23 05:42:41,560 - WARNING -    🔄 RESTAURANDO mejor solución...
2025-10-23 05:42:41,619 - INFO - 🌟 MEJORA #64 en iter 7251: Fitness=117.9 (+0.0), Puntos=14787
2025-10-23 05:42:42,360 - INFO - 🌟 MEJORA #65 en iter 7264: Fitness=118.8 (+0.9), Puntos=14977
2025-10-23 05:42:42,360 - INFO -   ✨ Mejora #65 en iteración 7265: Fitness = 118.8 | Puntos = 14977 | T = 9.29
2025-10-23 05:42:42,416 - INFO - 🌟 MEJORA #66 en iter 7265: Fitness=118.8 (+0.0), Puntos=14981
2025-10-23 05:42:42,471 - INFO - 🌟 MEJORA #67 en iter 7266: Fitness=118.8 (+0.0), Puntos=14981
2025-10-23 05:42:44,321 - DEBUG - Iter 7300: T=9.29, Fitness_actual=114.9, Mejor=118.8
2025-10-23 05:42:47,271 - INFO - 🌟 MEJORA #68 en iter 7354: Fitness=120.1 (+1.3), Puntos=15169
2025-10-23 05:42:47,327 - INFO - 🌟 MEJORA #69 en iter 7355: Fitness=120.1 (+0.0), Puntos=15169
2025-10-23 05:42:47,381 - INFO - 🌟 MEJORA #70 en iter 7356: Fitness=120.2 (+0.0), Puntos=15169
2025-10-23 05:42:47,381 - INFO -   ✨ Mejora #70 en iteración 7357: Fitness = 120.2 | Puntos = 15169 | T = 9.28
2025-10-23 05:42:47,436 - INFO - 🌟 MEJORA #71 en iter 7357: Fitness=120.2 (+0.0), Puntos=15169
2025-10-23 05:42:49,770 - DEBUG - Iter 7400: T=9.28, Fitness_actual=107.1, Mejor=120.2
2025-10-23 05:42:55,135 - INFO -   Iter  7500 | Tiempo:    6.1min ( 2.6%) | T =     9.27 | Fitness =     96.8 | Mejor =    120.2 | Aceptación =  93.8%
2025-10-23 05:42:55,135 - INFO - Progreso iter 7500: T=9.27, Fitness=96.8, Mejor=120.2, Tasa_acept=93.8%
2025-10-23 05:42:55,136 - WARNING - ⚠️  DEGRADACIÓN DETECTADA en iter 7500:
2025-10-23 05:42:55,136 - WARNING -    Mejor fitness: 120.2
2025-10-23 05:42:55,136 - WARNING -    Fitness promedio reciente: 97.2
2025-10-23 05:42:55,136 - WARNING -    Degradación: 22.9
2025-10-23 05:42:55,136 - WARNING -    🔄 RESTAURANDO mejor solución...
2025-10-23 05:42:55,139 - DEBUG - Iter 7500: T=9.27, Fitness_actual=120.2, Mejor=120.2
2025-10-23 05:42:55,359 - INFO - 🌟 MEJORA #72 en iter 7504: Fitness=121.7 (+1.5), Puntos=15169
2025-10-23 05:43:00,633 - DEBUG - Iter 7600: T=9.26, Fitness_actual=93.0, Mejor=121.7
2025-10-23 05:43:03,540 - WARNING - ⚠️  DEGRADACIÓN DETECTADA en iter 7650:
2025-10-23 05:43:03,540 - WARNING -    Mejor fitness: 121.7
2025-10-23 05:43:03,541 - WARNING -    Fitness promedio reciente: 91.8
2025-10-23 05:43:03,541 - WARNING -    Degradación: 29.8
2025-10-23 05:43:03,542 - WARNING -    🔄 RESTAURANDO mejor solución...
2025-10-23 05:43:06,365 - DEBUG - Iter 7700: T=9.25, Fitness_actual=109.5, Mejor=121.7
2025-10-23 05:43:09,177 - WARNING - ⚠️  DEGRADACIÓN DETECTADA en iter 7750:
2025-10-23 05:43:09,177 - WARNING -    Mejor fitness: 121.7
2025-10-23 05:43:09,178 - WARNING -    Fitness promedio reciente: 101.2
2025-10-23 05:43:09,178 - WARNING -    Degradación: 20.5
2025-10-23 05:43:09,178 - WARNING -    🔄 RESTAURANDO mejor solución...
2025-10-23 05:43:11,973 - DEBUG - Iter 7800: T=9.24, Fitness_actual=105.6, Mejor=121.7
2025-10-23 05:43:14,872 - WARNING - ⚠️  DEGRADACIÓN DETECTADA en iter 7850:
2025-10-23 05:43:14,873 - WARNING -    Mejor fitness: 121.7
2025-10-23 05:43:14,873 - WARNING -    Fitness promedio reciente: 101.4
2025-10-23 05:43:14,874 - WARNING -    Degradación: 20.2
2025-10-23 05:43:14,874 - WARNING -    🔄 RESTAURANDO mejor solución...
2025-10-23 05:43:17,676 - DEBUG - Iter 7900: T=9.22, Fitness_actual=94.2, Mejor=121.7
2025-10-23 05:43:20,478 - WARNING - ⚠️  DEGRADACIÓN DETECTADA en iter 7950:
2025-10-23 05:43:20,478 - WARNING -    Mejor fitness: 121.7
2025-10-23 05:43:20,479 - WARNING -    Fitness promedio reciente: 97.6
2025-10-23 05:43:20,479 - WARNING -    Degradación: 24.1
2025-10-23 05:43:20,479 - WARNING -    🔄 RESTAURANDO mejor solución...
2025-10-23 05:43:20,984 - INFO - Iter 7959: Aceptada solución con delta=-10.5 (T=9.22)
2025-10-23 05:43:20,984 - INFO -   📊 Desglose del cambio:
2025-10-23 05:43:20,985 - INFO -      Puntos: -800 → 13812 total
2025-10-23 05:43:20,985 - INFO -      Tiempo: -560.3min → 12259.5min total
2025-10-23 05:43:20,985 - INFO -      Distancia: -8.4km → 160.0km total
2025-10-23 05:43:23,283 - INFO -   Iter  8000 | Tiempo:    6.6min ( 2.8%) | T =     9.21 | Fitness =     92.8 | Mejor =    121.7 | Aceptación =  93.8%
2025-10-23 05:43:23,283 - INFO - Progreso iter 8000: T=9.21, Fitness=92.8, Mejor=121.7, Tasa_acept=93.8%
2025-10-23 05:43:23,284 - WARNING - ⚠️  DEGRADACIÓN DETECTADA en iter 8000:
2025-10-23 05:43:23,284 - WARNING -    Mejor fitness: 121.7
2025-10-23 05:43:23,284 - WARNING -    Fitness promedio reciente: 97.9
2025-10-23 05:43:23,284 - WARNING -    Degradación: 23.8
2025-10-23 05:43:23,284 - WARNING -    🔄 RESTAURANDO mejor solución...
2025-10-23 05:43:23,287 - DEBUG - Iter 8000: T=9.21, Fitness_actual=121.7, Mejor=121.7
2025-10-23 05:43:28,985 - DEBUG - Iter 8100: T=9.20, Fitness_actual=95.2, Mejor=121.7
2025-10-23 05:43:31,775 - WARNING - ⚠️  DEGRADACIÓN DETECTADA en iter 8150:
2025-10-23 05:43:31,775 - WARNING -    Mejor fitness: 121.7
2025-10-23 05:43:31,776 - WARNING -    Fitness promedio reciente: 96.2
2025-10-23 05:43:31,776 - WARNING -    Degradación: 25.4
2025-10-23 05:43:31,777 - WARNING -    🔄 RESTAURANDO mejor solución...
2025-10-23 05:43:34,525 - DEBUG - Iter 8200: T=9.19, Fitness_actual=102.5, Mejor=121.7
2025-10-23 05:43:39,703 - WARNING - ⚠️  DEGRADACIÓN DETECTADA en iter 8300:
2025-10-23 05:43:39,704 - WARNING -    Mejor fitness: 121.7
2025-10-23 05:43:39,704 - WARNING -    Fitness promedio reciente: 99.0
2025-10-23 05:43:39,704 - WARNING -    Degradación: 22.6
2025-10-23 05:43:39,705 - WARNING -    🔄 RESTAURANDO mejor solución...
2025-10-23 05:43:39,707 - DEBUG - Iter 8300: T=9.18, Fitness_actual=121.7, Mejor=121.7
2025-10-23 05:43:44,910 - WARNING - ⚠️  DEGRADACIÓN DETECTADA en iter 8400:
2025-10-23 05:43:44,911 - WARNING -    Mejor fitness: 121.7
2025-10-23 05:43:44,911 - WARNING -    Fitness promedio reciente: 101.5
2025-10-23 05:43:44,911 - WARNING -    Degradación: 20.2
2025-10-23 05:43:44,912 - WARNING -    🔄 RESTAURANDO mejor solución...
2025-10-23 05:43:44,913 - DEBUG - Iter 8400: T=9.17, Fitness_actual=121.7, Mejor=121.7
2025-10-23 05:43:50,147 - INFO -   Iter  8500 | Tiempo:    7.1min ( 2.9%) | T =     9.16 | Fitness =     65.9 | Mejor =    121.7 | Aceptación =  93.7%
2025-10-23 05:43:50,148 - INFO - Progreso iter 8500: T=9.16, Fitness=65.9, Mejor=121.7, Tasa_acept=93.7%
2025-10-23 05:43:50,148 - WARNING - ⚠️  DEGRADACIÓN DETECTADA en iter 8500:
2025-10-23 05:43:50,149 - WARNING -    Mejor fitness: 121.7
2025-10-23 05:43:50,149 - WARNING -    Fitness promedio reciente: 81.8
2025-10-23 05:43:50,149 - WARNING -    Degradación: 39.9
2025-10-23 05:43:50,149 - WARNING -    🔄 RESTAURANDO mejor solución...
2025-10-23 05:43:50,150 - DEBUG - Iter 8500: T=9.16, Fitness_actual=121.7, Mejor=121.7
2025-10-23 05:43:50,203 - INFO - 🌟 MEJORA #73 en iter 8501: Fitness=121.7 (+0.0), Puntos=15171
2025-10-23 05:43:55,414 - DEBUG - Iter 8600: T=9.15, Fitness_actual=103.9, Mejor=121.7
2025-10-23 05:43:58,059 - WARNING - ⚠️  DEGRADACIÓN DETECTADA en iter 8650:
2025-10-23 05:43:58,059 - WARNING -    Mejor fitness: 121.7
2025-10-23 05:43:58,060 - WARNING -    Fitness promedio reciente: 93.7
2025-10-23 05:43:58,060 - WARNING -    Degradación: 28.0
2025-10-23 05:43:58,060 - WARNING -    🔄 RESTAURANDO mejor solución...
2025-10-23 05:43:58,113 - INFO - 🌟 MEJORA #74 en iter 8651: Fitness=121.7 (+0.0), Puntos=15170
2025-10-23 05:44:00,656 - DEBUG - Iter 8700: T=9.14, Fitness_actual=102.1, Mejor=121.7
2025-10-23 05:44:05,920 - WARNING - ⚠️  DEGRADACIÓN DETECTADA en iter 8800:
2025-10-23 05:44:05,920 - WARNING -    Mejor fitness: 121.7
2025-10-23 05:44:05,921 - WARNING -    Fitness promedio reciente: 88.7
2025-10-23 05:44:05,921 - WARNING -    Degradación: 33.0
2025-10-23 05:44:05,921 - WARNING -    🔄 RESTAURANDO mejor solución...
2025-10-23 05:44:05,924 - DEBUG - Iter 8800: T=9.13, Fitness_actual=121.7, Mejor=121.7
2025-10-23 05:44:11,223 - DEBUG - Iter 8900: T=9.12, Fitness_actual=101.5, Mejor=121.7
2025-10-23 05:44:13,863 - WARNING - ⚠️  DEGRADACIÓN DETECTADA en iter 8950:
2025-10-23 05:44:13,863 - WARNING -    Mejor fitness: 121.7
2025-10-23 05:44:13,864 - WARNING -    Fitness promedio reciente: 94.8
2025-10-23 05:44:13,864 - WARNING -    Degradación: 26.9
2025-10-23 05:44:13,864 - WARNING -    🔄 RESTAURANDO mejor solución...
2025-10-23 05:44:13,866 - INFO - 🌟 MEJORA #75 en iter 8950: Fitness=121.7 (+0.0), Puntos=15171
2025-10-23 05:44:13,866 - INFO -   ✨ Mejora #75 en iteración 8951: Fitness = 121.7 | Puntos = 15171 | T = 9.12
2025-10-23 05:44:16,579 - INFO -   Iter  9000 | Tiempo:    7.5min ( 3.1%) | T =     9.11 | Fitness =    110.2 | Mejor =    121.7 | Aceptación =  93.7%
2025-10-23 05:44:16,579 - INFO - Progreso iter 9000: T=9.11, Fitness=110.2, Mejor=121.7, Tasa_acept=93.7%
2025-10-23 05:44:16,586 - DEBUG - Iter 9000: T=9.11, Fitness_actual=110.2, Mejor=121.7
2025-10-23 05:44:21,971 - WARNING - ⚠️  DEGRADACIÓN DETECTADA en iter 9100:
2025-10-23 05:44:21,971 - WARNING -    Mejor fitness: 121.7
2025-10-23 05:44:21,972 - WARNING -    Fitness promedio reciente: 76.5
2025-10-23 05:44:21,972 - WARNING -    Degradación: 45.2
2025-10-23 05:44:21,972 - WARNING -    🔄 RESTAURANDO mejor solución...
2025-10-23 05:44:21,973 - DEBUG - Iter 9100: T=9.10, Fitness_actual=121.7, Mejor=121.7
2025-10-23 05:44:21,973 - INFO - 🌟 MEJORA #76 en iter 9100: Fitness=121.7 (+0.0), Puntos=15171
2025-10-23 05:44:27,275 - DEBUG - Iter 9200: T=9.09, Fitness_actual=96.9, Mejor=121.7
2025-10-23 05:44:29,934 - WARNING - ⚠️  DEGRADACIÓN DETECTADA en iter 9250:
2025-10-23 05:44:29,934 - WARNING -    Mejor fitness: 121.7
2025-10-23 05:44:29,935 - WARNING -    Fitness promedio reciente: 99.8
2025-10-23 05:44:29,935 - WARNING -    Degradación: 21.9
2025-10-23 05:44:29,935 - WARNING -    🔄 RESTAURANDO mejor solución...
2025-10-23 05:44:32,592 - DEBUG - Iter 9300: T=9.08, Fitness_actual=99.1, Mejor=121.7
2025-10-23 05:44:35,239 - WARNING - ⚠️  DEGRADACIÓN DETECTADA en iter 9350:
2025-10-23 05:44:35,239 - WARNING -    Mejor fitness: 121.7
2025-10-23 05:44:35,239 - WARNING -    Fitness promedio reciente: 92.0
2025-10-23 05:44:35,240 - WARNING -    Degradación: 29.7
2025-10-23 05:44:35,240 - WARNING -    🔄 RESTAURANDO mejor solución...
2025-10-23 05:44:35,560 - WARNING - ================================================================================
2025-10-23 05:44:35,560 - WARNING - ⚠️  SALTO ANORMAL DETECTADO en iteración 9356
2025-10-23 05:44:35,561 - WARNING -    Fitness actual: 120.7
2025-10-23 05:44:35,561 - WARNING -    Fitness vecino: 76.4
2025-10-23 05:44:35,561 - WARNING -    Delta: -44.2
2025-10-23 05:44:35,561 - WARNING -    Temperatura: 9.08
2025-10-23 05:44:35,562 - WARNING -    Tipo perturbación aplicada: (ver generar_vecino)
2025-10-23 05:44:35,562 - WARNING -    Vecino - Puntos: 15327, Tiempo: 14859.5min, Distancia: 357.5km
2025-10-23 05:44:35,562 - WARNING -    Actual - Puntos: 15166, Tiempo: 12761.6min, Distancia: 164.7km
2025-10-23 05:44:35,562 - WARNING -    Validez restricciones - Vecino: False, Actual: False
2025-10-23 05:44:35,562 - WARNING - ================================================================================
2025-10-23 05:44:35,562 - WARNING - ⚠️  SALTO ANORMAL DETECTADO en iteración 9356
2025-10-23 05:44:35,563 - WARNING -    Fitness: 120.7 → 76.4 (Δ=-44.2)
2025-10-23 05:44:35,563 - WARNING -    Ver detalles en archivo de log
2025-10-23 05:44:37,949 - DEBUG - Iter 9400: T=9.07, Fitness_actual=96.8, Mejor=121.7
2025-10-23 05:44:40,630 - WARNING - ⚠️  DEGRADACIÓN DETECTADA en iter 9450:
2025-10-23 05:44:40,630 - WARNING -    Mejor fitness: 121.7
2025-10-23 05:44:40,631 - WARNING -    Fitness promedio reciente: 94.0
2025-10-23 05:44:40,631 - WARNING -    Degradación: 27.7
2025-10-23 05:44:40,632 - WARNING -    🔄 RESTAURANDO mejor solución...
2025-10-23 05:44:40,688 - INFO - 🌟 MEJORA #77 en iter 9451: Fitness=121.7 (+0.0), Puntos=15171
2025-10-23 05:44:43,298 - INFO -   Iter  9500 | Tiempo:    8.0min ( 3.3%) | T =     9.06 | Fitness =    112.2 | Mejor =    121.7 | Aceptación =  93.6%
2025-10-23 05:44:43,299 - INFO - Progreso iter 9500: T=9.06, Fitness=112.2, Mejor=121.7, Tasa_acept=93.6%
2025-10-23 05:44:43,300 - DEBUG - Iter 9500: T=9.06, Fitness_actual=112.2, Mejor=121.7
2025-10-23 05:44:48,909 - WARNING - ⚠️  DEGRADACIÓN DETECTADA en iter 9600:
2025-10-23 05:44:48,909 - WARNING -    Mejor fitness: 121.7
2025-10-23 05:44:48,909 - WARNING -    Fitness promedio reciente: 88.8
2025-10-23 05:44:48,910 - WARNING -    Degradación: 32.9
2025-10-23 05:44:48,910 - WARNING -    🔄 RESTAURANDO mejor solución...
2025-10-23 05:44:48,911 - DEBUG - Iter 9600: T=9.05, Fitness_actual=121.7, Mejor=121.7
2025-10-23 05:44:54,434 - WARNING - ⚠️  DEGRADACIÓN DETECTADA en iter 9700:
2025-10-23 05:44:54,434 - WARNING -    Mejor fitness: 121.7
2025-10-23 05:44:54,435 - WARNING -    Fitness promedio reciente: 101.6
2025-10-23 05:44:54,435 - WARNING -    Degradación: 20.1
2025-10-23 05:44:54,436 - WARNING -    🔄 RESTAURANDO mejor solución...
2025-10-23 05:44:54,439 - DEBUG - Iter 9700: T=9.04, Fitness_actual=121.7, Mejor=121.7
2025-10-23 05:44:59,937 - DEBUG - Iter 9800: T=9.03, Fitness_actual=96.7, Mejor=121.7
2025-10-23 05:45:02,825 - WARNING - ⚠️  DEGRADACIÓN DETECTADA en iter 9850:
2025-10-23 05:45:02,826 - WARNING -    Mejor fitness: 121.7
2025-10-23 05:45:02,826 - WARNING -    Fitness promedio reciente: 92.3
2025-10-23 05:45:02,826 - WARNING -    Degradación: 29.4
2025-10-23 05:45:02,827 - WARNING -    🔄 RESTAURANDO mejor solución...
2025-10-23 05:45:03,267 - INFO - Iter 9858: Aceptada solución con delta=-10.5 (T=9.03)
2025-10-23 05:45:03,267 - INFO -   📊 Desglose del cambio:
2025-10-23 05:45:03,268 - INFO -      Puntos: +0 → 15002 total
2025-10-23 05:45:03,268 - INFO -      Tiempo: -101.9min → 12702.2min total
2025-10-23 05:45:03,268 - INFO -      Distancia: +1.5km → 172.3km total
2025-10-23 05:45:05,569 - DEBUG - Iter 9900: T=9.02, Fitness_actual=102.8, Mejor=121.7
2025-10-23 05:45:08,440 - WARNING - ⚠️  DEGRADACIÓN DETECTADA en iter 9950:
2025-10-23 05:45:08,440 - WARNING -    Mejor fitness: 121.7
2025-10-23 05:45:08,441 - WARNING -    Fitness promedio reciente: 94.7
2025-10-23 05:45:08,441 - WARNING -    Degradación: 27.0
2025-10-23 05:45:08,441 - WARNING -    🔄 RESTAURANDO mejor solución...
2025-10-23 05:45:11,239 - INFO -   Iter 10000 | Tiempo:    8.4min ( 3.5%) | T =     9.01 | Fitness =    105.4 | Mejor =    121.7 | Aceptación =  93.6%
2025-10-23 05:45:11,239 - INFO - Progreso iter 10000: T=9.01, Fitness=105.4, Mejor=121.7, Tasa_acept=93.6%
2025-10-23 05:45:11,244 - DEBUG - Iter 10000: T=9.01, Fitness_actual=105.4, Mejor=121.7
2025-10-23 05:45:16,895 - WARNING - ⚠️  DEGRADACIÓN DETECTADA en iter 10100:
2025-10-23 05:45:16,895 - WARNING -    Mejor fitness: 121.7
2025-10-23 05:45:16,896 - WARNING -    Fitness promedio reciente: 95.7
2025-10-23 05:45:16,896 - WARNING -    Degradación: 26.0
2025-10-23 05:45:16,896 - WARNING -    🔄 RESTAURANDO mejor solución...
2025-10-23 05:45:16,897 - DEBUG - Iter 10100: T=9.00, Fitness_actual=121.7, Mejor=121.7
2025-10-23 05:45:16,898 - INFO - 🌟 MEJORA #78 en iter 10100: Fitness=121.7 (+0.0), Puntos=15171
2025-10-23 05:45:22,457 - DEBUG - Iter 10200: T=8.99, Fitness_actual=97.7, Mejor=121.7
2025-10-23 05:45:25,240 - WARNING - ⚠️  DEGRADACIÓN DETECTADA en iter 10250:
2025-10-23 05:45:25,240 - WARNING -    Mejor fitness: 121.7
2025-10-23 05:45:25,241 - WARNING -    Fitness promedio reciente: 90.7
2025-10-23 05:45:25,241 - WARNING -    Degradación: 31.0
2025-10-23 05:45:25,241 - WARNING -    🔄 RESTAURANDO mejor solución...
2025-10-23 05:45:25,243 - INFO - 🌟 MEJORA #79 en iter 10250: Fitness=121.7 (+0.0), Puntos=15171
2025-10-23 05:45:28,032 - DEBUG - Iter 10300: T=8.98, Fitness_actual=94.6, Mejor=121.7
2025-10-23 05:45:33,645 - WARNING - ⚠️  DEGRADACIÓN DETECTADA en iter 10400:
2025-10-23 05:45:33,645 - WARNING -    Mejor fitness: 121.7
2025-10-23 05:45:33,646 - WARNING -    Fitness promedio reciente: 88.9
2025-10-23 05:45:33,646 - WARNING -    Degradación: 32.8
2025-10-23 05:45:33,647 - WARNING -    🔄 RESTAURANDO mejor solución...
2025-10-23 05:45:33,648 - DEBUG - Iter 10400: T=8.97, Fitness_actual=121.7, Mejor=121.7
2025-10-23 05:45:33,648 - INFO - 🌟 MEJORA #80 en iter 10400: Fitness=121.7 (+0.0), Puntos=15171
2025-10-23 05:45:33,648 - INFO -   ✨ Mejora #80 en iteración 10401: Fitness = 121.7 | Puntos = 15171 | T = 8.97
2025-10-23 05:45:33,705 - INFO - 🌟 MEJORA #81 en iter 10401: Fitness=121.8 (+0.1), Puntos=15183
2025-10-23 05:45:39,310 - INFO -   Iter 10500 | Tiempo:    8.9min ( 3.7%) | T =     8.96 | Fitness =     91.1 | Mejor =    121.8 | Aceptación =  93.6%
2025-10-23 05:45:39,311 - INFO - Progreso iter 10500: T=8.96, Fitness=91.1, Mejor=121.8, Tasa_acept=93.6%
2025-10-23 05:45:39,317 - DEBUG - Iter 10500: T=8.96, Fitness_actual=91.1, Mejor=121.8
2025-10-23 05:45:42,353 - WARNING - ⚠️  DEGRADACIÓN DETECTADA en iter 10550:
2025-10-23 05:45:42,353 - WARNING -    Mejor fitness: 121.8
2025-10-23 05:45:42,354 - WARNING -    Fitness promedio reciente: 91.6
2025-10-23 05:45:42,354 - WARNING -    Degradación: 30.2
2025-10-23 05:45:42,354 - WARNING -    🔄 RESTAURANDO mejor solución...
2025-10-23 05:45:45,302 - DEBUG - Iter 10600: T=8.95, Fitness_actual=109.8, Mejor=121.8
2025-10-23 05:45:49,568 - INFO - Iter 10672: Aceptada solución con delta=-11.0 (T=8.94)
2025-10-23 05:45:49,568 - INFO -   📊 Desglose del cambio:
2025-10-23 05:45:49,569 - INFO -      Puntos: +0 → 14060 total
2025-10-23 05:45:49,569 - INFO -      Tiempo: -30.0min → 12690.0min total
2025-10-23 05:45:49,569 - INFO -      Distancia: +0.0km → 166.7km total
2025-10-23 05:45:51,242 - WARNING - ⚠️  DEGRADACIÓN DETECTADA en iter 10700:
2025-10-23 05:45:51,242 - WARNING -    Mejor fitness: 121.8
2025-10-23 05:45:51,243 - WARNING -    Fitness promedio reciente: 100.1
2025-10-23 05:45:51,243 - WARNING -    Degradación: 21.7
2025-10-23 05:45:51,243 - WARNING -    🔄 RESTAURANDO mejor solución...
2025-10-23 05:45:51,248 - DEBUG - Iter 10700: T=8.94, Fitness_actual=121.8, Mejor=121.8
2025-10-23 05:45:57,381 - WARNING - ⚠️  DEGRADACIÓN DETECTADA en iter 10800:
2025-10-23 05:45:57,381 - WARNING -    Mejor fitness: 121.8
2025-10-23 05:45:57,382 - WARNING -    Fitness promedio reciente: 101.1
2025-10-23 05:45:57,382 - WARNING -    Degradación: 20.7
2025-10-23 05:45:57,382 - WARNING -    🔄 RESTAURANDO mejor solución...
2025-10-23 05:45:57,384 - DEBUG - Iter 10800: T=8.93, Fitness_actual=121.8, Mejor=121.8
2025-10-23 05:45:57,444 - INFO - 🌟 MEJORA #82 en iter 10801: Fitness=121.8 (+0.0), Puntos=15183
2025-10-23 05:46:03,395 - DEBUG - Iter 10900: T=8.92, Fitness_actual=88.3, Mejor=121.8
2025-10-23 05:46:06,476 - WARNING - ⚠️  DEGRADACIÓN DETECTADA en iter 10950:
2025-10-23 05:46:06,477 - WARNING -    Mejor fitness: 121.8
2025-10-23 05:46:06,477 - WARNING -    Fitness promedio reciente: 84.9
2025-10-23 05:46:06,477 - WARNING -    Degradación: 36.9
2025-10-23 05:46:06,478 - WARNING -    🔄 RESTAURANDO mejor solución...
2025-10-23 05:46:09,523 - INFO -   Iter 11000 | Tiempo:    9.4min ( 3.9%) | T =     8.90 | Fitness =    115.1 | Mejor =    121.8 | Aceptación =  93.5%
2025-10-23 05:46:09,523 - INFO - Progreso iter 11000: T=8.90, Fitness=115.1, Mejor=121.8, Tasa_acept=93.5%
2025-10-23 05:46:09,526 - DEBUG - Iter 11000: T=8.90, Fitness_actual=115.1, Mejor=121.8
2025-10-23 05:46:15,642 - DEBUG - Iter 11100: T=8.89, Fitness_actual=99.2, Mejor=121.8
2025-10-23 05:46:21,714 - WARNING - ⚠️  DEGRADACIÓN DETECTADA en iter 11200:
2025-10-23 05:46:21,715 - WARNING -    Mejor fitness: 121.8
2025-10-23 05:46:21,715 - WARNING -    Fitness promedio reciente: 100.1
2025-10-23 05:46:21,715 - WARNING -    Degradación: 21.7
2025-10-23 05:46:21,716 - WARNING -    🔄 RESTAURANDO mejor solución...
2025-10-23 05:46:21,719 - DEBUG - Iter 11200: T=8.88, Fitness_actual=121.8, Mejor=121.8
2025-10-23 05:46:27,829 - WARNING - ⚠️  DEGRADACIÓN DETECTADA en iter 11300:
2025-10-23 05:46:27,829 - WARNING -    Mejor fitness: 121.8
2025-10-23 05:46:27,830 - WARNING -    Fitness promedio reciente: 92.6
2025-10-23 05:46:27,830 - WARNING -    Degradación: 29.2
2025-10-23 05:46:27,830 - WARNING -    🔄 RESTAURANDO mejor solución...
2025-10-23 05:46:27,833 - DEBUG - Iter 11300: T=8.87, Fitness_actual=121.8, Mejor=121.8
2025-10-23 05:46:33,906 - WARNING - ⚠️  DEGRADACIÓN DETECTADA en iter 11400:
2025-10-23 05:46:33,906 - WARNING -    Mejor fitness: 121.8
2025-10-23 05:46:33,907 - WARNING -    Fitness promedio reciente: 96.0
2025-10-23 05:46:33,907 - WARNING -    Degradación: 25.8
2025-10-23 05:46:33,907 - WARNING -    🔄 RESTAURANDO mejor solución...
2025-10-23 05:46:33,910 - DEBUG - Iter 11400: T=8.86, Fitness_actual=121.8, Mejor=121.8
2025-10-23 05:46:40,118 - INFO -   Iter 11500 | Tiempo:    9.9min ( 4.1%) | T =     8.85 | Fitness =     93.6 | Mejor =    121.8 | Aceptación =  93.5%
2025-10-23 05:46:40,118 - INFO - Progreso iter 11500: T=8.85, Fitness=93.6, Mejor=121.8, Tasa_acept=93.5%
2025-10-23 05:46:40,119 - WARNING - ⚠️  DEGRADACIÓN DETECTADA en iter 11500:
2025-10-23 05:46:40,119 - WARNING -    Mejor fitness: 121.8
2025-10-23 05:46:40,120 - WARNING -    Fitness promedio reciente: 96.8
2025-10-23 05:46:40,120 - WARNING -    Degradación: 25.1
2025-10-23 05:46:40,120 - WARNING -    🔄 RESTAURANDO mejor solución...
2025-10-23 05:46:40,121 - DEBUG - Iter 11500: T=8.85, Fitness_actual=121.8, Mejor=121.8
2025-10-23 05:46:46,337 - WARNING - ⚠️  DEGRADACIÓN DETECTADA en iter 11600:
2025-10-23 05:46:46,337 - WARNING -    Mejor fitness: 121.8
2025-10-23 05:46:46,338 - WARNING -    Fitness promedio reciente: 96.8
2025-10-23 05:46:46,338 - WARNING -    Degradación: 25.0
2025-10-23 05:46:46,338 - WARNING -    🔄 RESTAURANDO mejor solución...
2025-10-23 05:46:46,341 - DEBUG - Iter 11600: T=8.84, Fitness_actual=121.8, Mejor=121.8
2025-10-23 05:46:52,581 - DEBUG - Iter 11700: T=8.83, Fitness_actual=98.8, Mejor=121.8
2025-10-23 05:46:55,722 - WARNING - ⚠️  DEGRADACIÓN DETECTADA en iter 11750:
2025-10-23 05:46:55,722 - WARNING -    Mejor fitness: 121.8
2025-10-23 05:46:55,723 - WARNING -    Fitness promedio reciente: 84.1
2025-10-23 05:46:55,723 - WARNING -    Degradación: 37.7
2025-10-23 05:46:55,723 - WARNING -    🔄 RESTAURANDO mejor solución...
2025-10-23 05:46:55,785 - INFO - 🌟 MEJORA #83 en iter 11751: Fitness=121.8 (+0.0), Puntos=15183
2025-10-23 05:46:55,847 - INFO - 🌟 MEJORA #84 en iter 11752: Fitness=121.8 (+0.0), Puntos=15183
2025-10-23 05:46:58,828 - DEBUG - Iter 11800: T=8.81, Fitness_actual=110.9, Mejor=121.8
2025-10-23 05:47:05,088 - WARNING - ⚠️  DEGRADACIÓN DETECTADA en iter 11900:
2025-10-23 05:47:05,088 - WARNING -    Mejor fitness: 121.8
2025-10-23 05:47:05,089 - WARNING -    Fitness promedio reciente: 96.2
2025-10-23 05:47:05,089 - WARNING -    Degradación: 25.7
2025-10-23 05:47:05,089 - WARNING -    🔄 RESTAURANDO mejor solución...
2025-10-23 05:47:05,091 - DEBUG - Iter 11900: T=8.80, Fitness_actual=121.8, Mejor=121.8
2025-10-23 05:47:05,279 - INFO - 🌟 MEJORA #85 en iter 11903: Fitness=122.6 (+0.7), Puntos=15206
2025-10-23 05:47:05,279 - INFO -   ✨ Mejora #85 en iteración 11904: Fitness = 122.6 | Puntos = 15206 | T = 8.80
2025-10-23 05:47:11,601 - INFO -   Iter 12000 | Tiempo:   10.4min ( 4.3%) | T =     8.79 | Fitness =     98.0 | Mejor =    122.6 | Aceptación =  93.5%
2025-10-23 05:47:11,602 - INFO - Progreso iter 12000: T=8.79, Fitness=98.0, Mejor=122.6, Tasa_acept=93.5%
2025-10-23 05:47:11,612 - DEBUG - Iter 12000: T=8.79, Fitness_actual=98.0, Mejor=122.6
2025-10-23 05:47:15,134 - WARNING - ⚠️  DEGRADACIÓN DETECTADA en iter 12050:
2025-10-23 05:47:15,134 - WARNING -    Mejor fitness: 122.6
2025-10-23 05:47:15,135 - WARNING -    Fitness promedio reciente: 93.9
2025-10-23 05:47:15,135 - WARNING -    Degradación: 28.6
2025-10-23 05:47:15,136 - WARNING -    🔄 RESTAURANDO mejor solución...
2025-10-23 05:47:18,286 - DEBUG - Iter 12100: T=8.78, Fitness_actual=98.0, Mejor=122.6
2025-10-23 05:47:21,452 - WARNING - ⚠️  DEGRADACIÓN DETECTADA en iter 12150:
2025-10-23 05:47:21,452 - WARNING -    Mejor fitness: 122.6
2025-10-23 05:47:21,453 - WARNING -    Fitness promedio reciente: 91.9
2025-10-23 05:47:21,453 - WARNING -    Degradación: 30.7
2025-10-23 05:47:21,453 - WARNING -    🔄 RESTAURANDO mejor solución...
2025-10-23 05:47:24,621 - DEBUG - Iter 12200: T=8.77, Fitness_actual=108.4, Mejor=122.6
2025-10-23 05:47:25,955 - INFO - Iter 12221: Aceptada solución con delta=-10.1 (T=8.76)
2025-10-23 05:47:25,955 - INFO -   📊 Desglose del cambio:
2025-10-23 05:47:25,956 - INFO -      Puntos: -407 → 14976 total
2025-10-23 05:47:25,957 - INFO -      Tiempo: +1340.6min → 13508.9min total
2025-10-23 05:47:25,957 - INFO -      Distancia: +9.6km → 143.7km total
2025-10-23 05:47:30,973 - DEBUG - Iter 12300: T=8.76, Fitness_actual=95.9, Mejor=122.6
2025-10-23 05:47:34,137 - WARNING - ⚠️  DEGRADACIÓN DETECTADA en iter 12350:
2025-10-23 05:47:34,137 - WARNING -    Mejor fitness: 122.6
2025-10-23 05:47:34,138 - WARNING -    Fitness promedio reciente: 79.8
2025-10-23 05:47:34,138 - WARNING -    Degradación: 42.8
2025-10-23 05:47:34,138 - WARNING -    🔄 RESTAURANDO mejor solución...
2025-10-23 05:47:37,275 - DEBUG - Iter 12400: T=8.74, Fitness_actual=117.3, Mejor=122.6
2025-10-23 05:47:40,401 - WARNING - ⚠️  DEGRADACIÓN DETECTADA en iter 12450:
2025-10-23 05:47:40,401 - WARNING -    Mejor fitness: 122.6
2025-10-23 05:47:40,402 - WARNING -    Fitness promedio reciente: 101.2
2025-10-23 05:47:40,402 - WARNING -    Degradación: 21.4
2025-10-23 05:47:40,402 - WARNING -    🔄 RESTAURANDO mejor solución...
2025-10-23 05:47:43,576 - INFO -   Iter 12500 | Tiempo:   11.0min ( 4.6%) | T =     8.73 | Fitness =     99.3 | Mejor =    122.6 | Aceptación =  93.4%
2025-10-23 05:47:43,576 - INFO - Progreso iter 12500: T=8.73, Fitness=99.3, Mejor=122.6, Tasa_acept=93.4%
2025-10-23 05:47:43,578 - DEBUG - Iter 12500: T=8.73, Fitness_actual=99.3, Mejor=122.6
2025-10-23 05:47:45,652 - INFO - Iter 12533: Aceptada solución con delta=-11.1 (T=8.73)
2025-10-23 05:47:45,652 - INFO -   📊 Desglose del cambio:
2025-10-23 05:47:45,653 - INFO -      Puntos: -310 → 13788 total
2025-10-23 05:47:45,653 - INFO -      Tiempo: +1523.5min → 13564.7min total
2025-10-23 05:47:45,653 - INFO -      Distancia: -1.0km → 166.2km total
2025-10-23 05:47:45,784 - INFO - Iter 12535: Aceptada solución con delta=+13.4 (T=8.73)
2025-10-23 05:47:45,785 - INFO -   📊 Desglose del cambio:
2025-10-23 05:47:45,785 - INFO -      Puntos: +141 → 13969 total
2025-10-23 05:47:45,785 - INFO -      Tiempo: -1383.2min → 12226.6min total
2025-10-23 05:47:45,786 - INFO -      Distancia: +6.8km → 173.1km total
2025-10-23 05:47:46,731 - WARNING - ⚠️  DEGRADACIÓN DETECTADA en iter 12550:
2025-10-23 05:47:46,731 - WARNING -    Mejor fitness: 122.6
2025-10-23 05:47:46,732 - WARNING -    Fitness promedio reciente: 99.4
2025-10-23 05:47:46,732 - WARNING -    Degradación: 23.2
2025-10-23 05:47:46,732 - WARNING -    🔄 RESTAURANDO mejor solución...
2025-10-23 05:47:46,924 - INFO - Iter 12553: Aceptada solución con delta=-12.6 (T=8.73)
2025-10-23 05:47:46,924 - INFO -   📊 Desglose del cambio:
2025-10-23 05:47:46,925 - INFO -      Puntos: -705 → 14499 total
2025-10-23 05:47:46,925 - INFO -      Tiempo: -425.6min → 12351.3min total
2025-10-23 05:47:46,925 - INFO -      Distancia: +3.3km → 170.9km total
2025-10-23 05:47:49,906 - DEBUG - Iter 12600: T=8.72, Fitness_actual=98.7, Mejor=122.6
2025-10-23 05:47:53,072 - WARNING - ⚠️  DEGRADACIÓN DETECTADA en iter 12650:
2025-10-23 05:47:53,072 - WARNING -    Mejor fitness: 122.6
2025-10-23 05:47:53,073 - WARNING -    Fitness promedio reciente: 87.6
2025-10-23 05:47:53,073 - WARNING -    Degradación: 34.9
2025-10-23 05:47:53,074 - WARNING -    🔄 RESTAURANDO mejor solución...
2025-10-23 05:47:53,075 - INFO - 🌟 MEJORA #86 en iter 12650: Fitness=122.6 (+0.0), Puntos=15206
2025-10-23 05:47:56,277 - DEBUG - Iter 12700: T=8.71, Fitness_actual=102.3, Mejor=122.6
2025-10-23 05:48:02,665 - WARNING - ⚠️  DEGRADACIÓN DETECTADA en iter 12800:
2025-10-23 05:48:02,665 - WARNING -    Mejor fitness: 122.6
2025-10-23 05:48:02,666 - WARNING -    Fitness promedio reciente: 86.6
2025-10-23 05:48:02,666 - WARNING -    Degradación: 36.0
2025-10-23 05:48:02,666 - WARNING -    🔄 RESTAURANDO mejor solución...
2025-10-23 05:48:02,668 - DEBUG - Iter 12800: T=8.70, Fitness_actual=122.6, Mejor=122.6
2025-10-23 05:48:02,732 - INFO - 🌟 MEJORA #87 en iter 12801: Fitness=122.6 (+0.0), Puntos=15210
2025-10-23 05:48:09,018 - DEBUG - Iter 12900: T=8.69, Fitness_actual=91.9, Mejor=122.6
2025-10-23 05:48:12,227 - WARNING - ⚠️  DEGRADACIÓN DETECTADA en iter 12950:
2025-10-23 05:48:12,228 - WARNING -    Mejor fitness: 122.6
2025-10-23 05:48:12,228 - WARNING -    Fitness promedio reciente: 87.5
2025-10-23 05:48:12,228 - WARNING -    Degradación: 35.1
2025-10-23 05:48:12,228 - WARNING -    🔄 RESTAURANDO mejor solución...
2025-10-23 05:48:15,417 - INFO -   Iter 13000 | Tiempo:   11.5min ( 4.8%) | T =     8.68 | Fitness =    108.1 | Mejor =    122.6 | Aceptación =  93.5%
2025-10-23 05:48:15,417 - INFO - Progreso iter 13000: T=8.68, Fitness=108.1, Mejor=122.6, Tasa_acept=93.5%
2025-10-23 05:48:15,419 - DEBUG - Iter 13000: T=8.68, Fitness_actual=108.1, Mejor=122.6
2025-10-23 05:48:18,589 - WARNING - ⚠️  DEGRADACIÓN DETECTADA en iter 13050:
2025-10-23 05:48:18,589 - WARNING -    Mejor fitness: 122.6
2025-10-23 05:48:18,590 - WARNING -    Fitness promedio reciente: 100.5
2025-10-23 05:48:18,590 - WARNING -    Degradación: 22.1
2025-10-23 05:48:18,590 - WARNING -    🔄 RESTAURANDO mejor solución...
2025-10-23 05:48:21,817 - DEBUG - Iter 13100: T=8.66, Fitness_actual=113.1, Mejor=122.6
2025-10-23 05:48:28,270 - WARNING - ⚠️  DEGRADACIÓN DETECTADA en iter 13200:
2025-10-23 05:48:28,270 - WARNING -    Mejor fitness: 122.6
2025-10-23 05:48:28,271 - WARNING -    Fitness promedio reciente: 93.0
2025-10-23 05:48:28,271 - WARNING -    Degradación: 29.6
2025-10-23 05:48:28,271 - WARNING -    🔄 RESTAURANDO mejor solución...
2025-10-23 05:48:28,273 - DEBUG - Iter 13200: T=8.65, Fitness_actual=122.6, Mejor=122.6
2025-10-23 05:48:28,465 - INFO - 🌟 MEJORA #88 en iter 13203: Fitness=122.6 (+0.0), Puntos=15213
2025-10-23 05:48:34,750 - DEBUG - Iter 13300: T=8.64, Fitness_actual=108.7, Mejor=122.6
2025-10-23 05:48:38,009 - WARNING - ⚠️  DEGRADACIÓN DETECTADA en iter 13350:
2025-10-23 05:48:38,009 - WARNING -    Mejor fitness: 122.6
2025-10-23 05:48:38,010 - WARNING -    Fitness promedio reciente: 99.8
2025-10-23 05:48:38,010 - WARNING -    Degradación: 22.8
2025-10-23 05:48:38,010 - WARNING -    🔄 RESTAURANDO mejor solución...
2025-10-23 05:48:41,343 - DEBUG - Iter 13400: T=8.63, Fitness_actual=103.8, Mejor=122.6
2025-10-23 05:48:44,651 - WARNING - ⚠️  DEGRADACIÓN DETECTADA en iter 13450:
2025-10-23 05:48:44,651 - WARNING -    Mejor fitness: 122.6
2025-10-23 05:48:44,652 - WARNING -    Fitness promedio reciente: 100.2
2025-10-23 05:48:44,652 - WARNING -    Degradación: 22.4
2025-10-23 05:48:44,652 - WARNING -    🔄 RESTAURANDO mejor solución...
2025-10-23 05:48:44,983 - INFO - Iter 13455: Aceptada solución con delta=-19.5 (T=8.62)
2025-10-23 05:48:44,983 - INFO -   📊 Desglose del cambio:
2025-10-23 05:48:44,984 - INFO -      Puntos: +92 → 15291 total
2025-10-23 05:48:44,984 - INFO -      Tiempo: +1011.7min → 14022.0min total
2025-10-23 05:48:44,984 - INFO -      Distancia: +82.6km → 256.2km total
2025-10-23 05:48:45,050 - INFO - Iter 13456: Aceptada solución con delta=+11.4 (T=8.62)
2025-10-23 05:48:45,050 - INFO -   📊 Desglose del cambio:
2025-10-23 05:48:45,051 - INFO -      Puntos: -862 → 14429 total
2025-10-23 05:48:45,051 - INFO -      Tiempo: -1691.8min → 12330.1min total
2025-10-23 05:48:45,051 - INFO -      Distancia: -89.7km → 166.4km total
2025-10-23 05:48:47,961 - INFO -   Iter 13500 | Tiempo:   12.0min ( 5.0%) | T =     8.62 | Fitness =     91.0 | Mejor =    122.6 | Aceptación =  93.4%
2025-10-23 05:48:47,961 - INFO - Progreso iter 13500: T=8.62, Fitness=91.0, Mejor=122.6, Tasa_acept=93.4%
2025-10-23 05:48:47,963 - DEBUG - Iter 13500: T=8.62, Fitness_actual=91.0, Mejor=122.6
2025-10-23 05:48:51,256 - WARNING - ⚠️  DEGRADACIÓN DETECTADA en iter 13550:
2025-10-23 05:48:51,256 - WARNING -    Mejor fitness: 122.6
2025-10-23 05:48:51,257 - WARNING -    Fitness promedio reciente: 82.8
2025-10-23 05:48:51,257 - WARNING -    Degradación: 39.8
2025-10-23 05:48:51,257 - WARNING -    🔄 RESTAURANDO mejor solución...
2025-10-23 05:48:54,568 - DEBUG - Iter 13600: T=8.61, Fitness_actual=102.2, Mejor=122.6
2025-10-23 05:48:57,867 - WARNING - ⚠️  DEGRADACIÓN DETECTADA en iter 13650:
2025-10-23 05:48:57,867 - WARNING -    Mejor fitness: 122.6
2025-10-23 05:48:57,867 - WARNING -    Fitness promedio reciente: 95.0
2025-10-23 05:48:57,868 - WARNING -    Degradación: 27.7
2025-10-23 05:48:57,868 - WARNING -    🔄 RESTAURANDO mejor solución...
2025-10-23 05:48:58,001 - INFO - 🌟 MEJORA #89 en iter 13652: Fitness=122.8 (+0.2), Puntos=15179
2025-10-23 05:48:58,197 - INFO - 🌟 MEJORA #90 en iter 13655: Fitness=123.8 (+1.0), Puntos=15179
2025-10-23 05:48:58,197 - INFO -   ✨ Mejora #90 en iteración 13656: Fitness = 123.8 | Puntos = 15179 | T = 8.60
2025-10-23 05:49:01,192 - DEBUG - Iter 13700: T=8.59, Fitness_actual=114.4, Mejor=123.8
2025-10-23 05:49:07,858 - DEBUG - Iter 13800: T=8.58, Fitness_actual=100.0, Mejor=123.8
2025-10-23 05:49:11,222 - WARNING - ⚠️  DEGRADACIÓN DETECTADA en iter 13850:
2025-10-23 05:49:11,223 - WARNING -    Mejor fitness: 123.8
2025-10-23 05:49:11,223 - WARNING -    Fitness promedio reciente: 92.4
2025-10-23 05:49:11,224 - WARNING -    Degradación: 31.4
2025-10-23 05:49:11,224 - WARNING -    🔄 RESTAURANDO mejor solución...
2025-10-23 05:49:11,225 - INFO - 🌟 MEJORA #91 en iter 13850: Fitness=123.9 (+0.1), Puntos=15190
2025-10-23 05:49:14,544 - DEBUG - Iter 13900: T=8.57, Fitness_actual=105.9, Mejor=123.9
2025-10-23 05:49:16,287 - INFO - Iter 13926: Aceptada solución con delta=-10.1 (T=8.57)
2025-10-23 05:49:16,287 - INFO -   📊 Desglose del cambio:
2025-10-23 05:49:16,288 - INFO -      Puntos: -713 → 13739 total
2025-10-23 05:49:16,288 - INFO -      Tiempo: -476.5min → 13258.3min total
2025-10-23 05:49:16,288 - INFO -      Distancia: -1.8km → 179.0km total
2025-10-23 05:49:17,762 - INFO - Iter 13947: Aceptada solución con delta=-11.2 (T=8.57)
2025-10-23 05:49:17,762 - INFO -   📊 Desglose del cambio:
2025-10-23 05:49:17,763 - INFO -      Puntos: -724 → 12487 total
2025-10-23 05:49:17,763 - INFO -      Tiempo: -638.9min → 12924.9min total
2025-10-23 05:49:17,763 - INFO -      Distancia: -5.7km → 193.3km total
2025-10-23 05:49:21,850 - INFO -   Iter 14000 | Tiempo:   12.6min ( 5.2%) | T =     8.56 | Fitness =     65.5 | Mejor =    123.9 | Aceptación =  93.4%
2025-10-23 05:49:21,850 - INFO - Progreso iter 14000: T=8.56, Fitness=65.5, Mejor=123.9, Tasa_acept=93.4%
2025-10-23 05:49:21,851 - WARNING - ⚠️  DEGRADACIÓN DETECTADA en iter 14000:
2025-10-23 05:49:21,851 - WARNING -    Mejor fitness: 123.9
2025-10-23 05:49:21,851 - WARNING -    Fitness promedio reciente: 67.3
2025-10-23 05:49:21,851 - WARNING -    Degradación: 56.6
2025-10-23 05:49:21,851 - WARNING -    🔄 RESTAURANDO mejor solución...
2025-10-23 05:49:21,853 - DEBUG - Iter 14000: T=8.56, Fitness_actual=123.9, Mejor=123.9
2025-10-23 05:49:21,853 - INFO - 🌟 MEJORA #92 en iter 14000: Fitness=124.1 (+0.2), Puntos=15208
2025-10-23 05:49:29,554 - DEBUG - Iter 14100: T=8.54, Fitness_actual=88.0, Mejor=124.1
2025-10-23 05:49:33,444 - WARNING - ⚠️  DEGRADACIÓN DETECTADA en iter 14150:
2025-10-23 05:49:33,444 - WARNING -    Mejor fitness: 124.1
2025-10-23 05:49:33,445 - WARNING -    Fitness promedio reciente: 87.2
2025-10-23 05:49:33,445 - WARNING -    Degradación: 36.8
2025-10-23 05:49:33,445 - WARNING -    🔄 RESTAURANDO mejor solución...
2025-10-23 05:49:33,447 - INFO - 🌟 MEJORA #93 en iter 14150: Fitness=124.6 (+0.5), Puntos=15208
2025-10-23 05:49:33,603 - INFO - 🌟 MEJORA #94 en iter 14152: Fitness=125.6 (+1.0), Puntos=15208
2025-10-23 05:49:37,305 - DEBUG - Iter 14200: T=8.53, Fitness_actual=81.0, Mejor=125.6
2025-10-23 05:49:45,111 - WARNING - ⚠️  DEGRADACIÓN DETECTADA en iter 14300:
2025-10-23 05:49:45,111 - WARNING -    Mejor fitness: 125.6
2025-10-23 05:49:45,112 - WARNING -    Fitness promedio reciente: 71.6
2025-10-23 05:49:45,113 - WARNING -    Degradación: 53.9
2025-10-23 05:49:45,113 - WARNING -    🔄 RESTAURANDO mejor solución...
2025-10-23 05:49:45,114 - DEBUG - Iter 14300: T=8.52, Fitness_actual=125.6, Mejor=125.6
2025-10-23 05:49:45,114 - INFO - 🌟 MEJORA #95 en iter 14300: Fitness=125.6 (+0.1), Puntos=15215
2025-10-23 05:49:45,115 - INFO -   ✨ Mejora #95 en iteración 14301: Fitness = 125.6 | Puntos = 15215 | T = 8.52
2025-10-23 05:49:52,923 - DEBUG - Iter 14400: T=8.50, Fitness_actual=99.9, Mejor=125.6
2025-10-23 05:49:56,843 - WARNING - ⚠️  DEGRADACIÓN DETECTADA en iter 14450:
2025-10-23 05:49:56,843 - WARNING -    Mejor fitness: 125.6
2025-10-23 05:49:56,844 - WARNING -    Fitness promedio reciente: 96.4
2025-10-23 05:49:56,844 - WARNING -    Degradación: 29.2
2025-10-23 05:49:56,844 - WARNING -    🔄 RESTAURANDO mejor solución...
2025-10-23 05:50:00,732 - INFO -   Iter 14500 | Tiempo:   13.2min ( 5.5%) | T =     8.49 | Fitness =    107.4 | Mejor =    125.6 | Aceptación =  93.5%
2025-10-23 05:50:00,733 - INFO - Progreso iter 14500: T=8.49, Fitness=107.4, Mejor=125.6, Tasa_acept=93.5%
2025-10-23 05:50:00,734 - DEBUG - Iter 14500: T=8.49, Fitness_actual=107.4, Mejor=125.6
2025-10-23 05:50:04,649 - WARNING - ⚠️  DEGRADACIÓN DETECTADA en iter 14550:
2025-10-23 05:50:04,649 - WARNING -    Mejor fitness: 125.6
2025-10-23 05:50:04,650 - WARNING -    Fitness promedio reciente: 96.8
2025-10-23 05:50:04,650 - WARNING -    Degradación: 28.9
2025-10-23 05:50:04,650 - WARNING -    🔄 RESTAURANDO mejor solución...
2025-10-23 05:50:08,587 - DEBUG - Iter 14600: T=8.48, Fitness_actual=102.8, Mejor=125.6
2025-10-23 05:50:16,596 - WARNING - ⚠️  DEGRADACIÓN DETECTADA en iter 14700:
2025-10-23 05:50:16,596 - WARNING -    Mejor fitness: 125.6
2025-10-23 05:50:16,596 - WARNING -    Fitness promedio reciente: 101.3
2025-10-23 05:50:16,597 - WARNING -    Degradación: 24.4
2025-10-23 05:50:16,597 - WARNING -    🔄 RESTAURANDO mejor solución...
2025-10-23 05:50:16,598 - DEBUG - Iter 14700: T=8.46, Fitness_actual=125.6, Mejor=125.6
2025-10-23 05:50:24,522 - DEBUG - Iter 14800: T=8.45, Fitness_actual=105.9, Mejor=125.6
2025-10-23 05:50:28,500 - WARNING - ⚠️  DEGRADACIÓN DETECTADA en iter 14850:
2025-10-23 05:50:28,500 - WARNING -    Mejor fitness: 125.6
2025-10-23 05:50:28,501 - WARNING -    Fitness promedio reciente: 104.9
2025-10-23 05:50:28,501 - WARNING -    Degradación: 20.8
2025-10-23 05:50:28,502 - WARNING -    🔄 RESTAURANDO mejor solución...
2025-10-23 05:50:28,503 - INFO - 🌟 MEJORA #96 en iter 14850: Fitness=126.6 (+1.0), Puntos=15215
2025-10-23 05:50:28,584 - INFO - 🌟 MEJORA #97 en iter 14851: Fitness=126.6 (+0.0), Puntos=15215
2025-10-23 05:50:32,447 - DEBUG - Iter 14900: T=8.43, Fitness_actual=95.2, Mejor=126.6
2025-10-23 05:50:40,390 - INFO -   Iter 15000 | Tiempo:   13.9min ( 5.8%) | T =     8.42 | Fitness =     64.9 | Mejor =    126.6 | Aceptación =  93.5%
2025-10-23 05:50:40,391 - INFO - Progreso iter 15000: T=8.42, Fitness=64.9, Mejor=126.6, Tasa_acept=93.5%
2025-10-23 05:50:40,391 - WARNING - ⚠️  DEGRADACIÓN DETECTADA en iter 15000:
2025-10-23 05:50:40,391 - WARNING -    Mejor fitness: 126.6
2025-10-23 05:50:40,392 - WARNING -    Fitness promedio reciente: 67.3
2025-10-23 05:50:40,392 - WARNING -    Degradación: 59.3
2025-10-23 05:50:40,392 - WARNING -    🔄 RESTAURANDO mejor solución...
2025-10-23 05:50:40,393 - DEBUG - Iter 15000: T=8.42, Fitness_actual=126.6, Mejor=126.6
2025-10-23 05:50:48,333 - WARNING - ⚠️  DEGRADACIÓN DETECTADA en iter 15100:
2025-10-23 05:50:48,334 - WARNING -    Mejor fitness: 126.6
2025-10-23 05:50:48,335 - WARNING -    Fitness promedio reciente: 85.3
2025-10-23 05:50:48,335 - WARNING -    Degradación: 41.4
2025-10-23 05:50:48,335 - WARNING -    🔄 RESTAURANDO mejor solución...
2025-10-23 05:50:48,337 - DEBUG - Iter 15100: T=8.41, Fitness_actual=126.6, Mejor=126.6
2025-10-23 05:50:56,520 - DEBUG - Iter 15200: T=8.39, Fitness_actual=99.9, Mejor=126.6
2025-10-23 05:51:00,580 - WARNING - ⚠️  DEGRADACIÓN DETECTADA en iter 15250:
2025-10-23 05:51:00,580 - WARNING -    Mejor fitness: 126.6
2025-10-23 05:51:00,581 - WARNING -    Fitness promedio reciente: 98.9
2025-10-23 05:51:00,581 - WARNING -    Degradación: 27.7
2025-10-23 05:51:00,581 - WARNING -    🔄 RESTAURANDO mejor solución...
2025-10-23 05:51:00,663 - INFO - 🌟 MEJORA #98 en iter 15251: Fitness=126.6 (+0.0), Puntos=15215
2025-10-23 05:51:00,745 - INFO - 🌟 MEJORA #99 en iter 15252: Fitness=126.8 (+0.2), Puntos=15233
2025-10-23 05:51:04,610 - DEBUG - Iter 15300: T=8.38, Fitness_actual=116.1, Mejor=126.8
2025-10-23 05:51:12,835 - WARNING - ⚠️  DEGRADACIÓN DETECTADA en iter 15400:
2025-10-23 05:51:12,835 - WARNING -    Mejor fitness: 126.8
2025-10-23 05:51:12,836 - WARNING -    Fitness promedio reciente: 96.9
2025-10-23 05:51:12,836 - WARNING -    Degradación: 29.9
2025-10-23 05:51:12,836 - WARNING -    🔄 RESTAURANDO mejor solución...
2025-10-23 05:51:12,837 - DEBUG - Iter 15400: T=8.36, Fitness_actual=126.8, Mejor=126.8
2025-10-23 05:51:12,837 - INFO - 🌟 MEJORA #100 en iter 15400: Fitness=127.0 (+0.2), Puntos=15250
2025-10-23 05:51:12,838 - INFO -   ✨ Mejora #100 en iteración 15401: Fitness = 127.0 | Puntos = 15250 | T = 8.36
2025-10-23 05:51:20,959 - INFO -   Iter 15500 | Tiempo:   14.6min ( 6.1%) | T =     8.35 | Fitness =    120.5 | Mejor =    127.0 | Aceptación =  93.5%
2025-10-23 05:51:20,959 - INFO - Progreso iter 15500: T=8.35, Fitness=120.5, Mejor=127.0, Tasa_acept=93.5%
2025-10-23 05:51:20,962 - DEBUG - Iter 15500: T=8.35, Fitness_actual=120.5, Mejor=127.0
2025-10-23 05:51:29,163 - DEBUG - Iter 15600: T=8.34, Fitness_actual=113.2, Mejor=127.0
2025-10-23 05:51:33,263 - WARNING - ⚠️  DEGRADACIÓN DETECTADA en iter 15650:
2025-10-23 05:51:33,263 - WARNING -    Mejor fitness: 127.0
2025-10-23 05:51:33,264 - WARNING -    Fitness promedio reciente: 106.8
2025-10-23 05:51:33,264 - WARNING -    Degradación: 20.2
2025-10-23 05:51:33,264 - WARNING -    🔄 RESTAURANDO mejor solución...
2025-10-23 05:51:37,356 - DEBUG - Iter 15700: T=8.32, Fitness_actual=105.2, Mejor=127.0
2025-10-23 05:51:41,436 - WARNING - ⚠️  DEGRADACIÓN DETECTADA en iter 15750:
2025-10-23 05:51:41,437 - WARNING -    Mejor fitness: 127.0
2025-10-23 05:51:41,437 - WARNING -    Fitness promedio reciente: 100.1
2025-10-23 05:51:41,438 - WARNING -    Degradación: 26.9
2025-10-23 05:51:41,438 - WARNING -    🔄 RESTAURANDO mejor solución...
2025-10-23 05:51:45,520 - DEBUG - Iter 15800: T=8.31, Fitness_actual=112.3, Mejor=127.0
2025-10-23 05:51:49,591 - WARNING - ⚠️  DEGRADACIÓN DETECTADA en iter 15850:
2025-10-23 05:51:49,591 - WARNING -    Mejor fitness: 127.0
2025-10-23 05:51:49,592 - WARNING -    Fitness promedio reciente: 106.8
2025-10-23 05:51:49,592 - WARNING -    Degradación: 20.2
2025-10-23 05:51:49,593 - WARNING -    🔄 RESTAURANDO mejor solución...
2025-10-23 05:51:49,594 - INFO - 🌟 MEJORA #101 en iter 15850: Fitness=127.0 (+0.0), Puntos=15252
2025-10-23 05:51:53,724 - DEBUG - Iter 15900: T=8.29, Fitness_actual=121.0, Mejor=127.0
2025-10-23 05:52:01,976 - INFO -   Iter 16000 | Tiempo:   15.3min ( 6.4%) | T =     8.28 | Fitness =     88.5 | Mejor =    127.0 | Aceptación =  93.5%
2025-10-23 05:52:01,976 - INFO - Progreso iter 16000: T=8.28, Fitness=88.5, Mejor=127.0, Tasa_acept=93.5%
2025-10-23 05:52:01,977 - WARNING - ⚠️  DEGRADACIÓN DETECTADA en iter 16000:
2025-10-23 05:52:01,977 - WARNING -    Mejor fitness: 127.0
2025-10-23 05:52:01,977 - WARNING -    Fitness promedio reciente: 90.6
2025-10-23 05:52:01,977 - WARNING -    Degradación: 36.4
2025-10-23 05:52:01,977 - WARNING -    🔄 RESTAURANDO mejor solución...
2025-10-23 05:52:01,979 - DEBUG - Iter 16000: T=8.28, Fitness_actual=127.0, Mejor=127.0
2025-10-23 05:52:10,312 - DEBUG - Iter 16100: T=8.27, Fitness_actual=98.6, Mejor=127.0
2025-10-23 05:52:14,469 - WARNING - ⚠️  DEGRADACIÓN DETECTADA en iter 16150:
2025-10-23 05:52:14,469 - WARNING -    Mejor fitness: 127.0
2025-10-23 05:52:14,470 - WARNING -    Fitness promedio reciente: 99.9
2025-10-23 05:52:14,470 - WARNING -    Degradación: 27.1
2025-10-23 05:52:14,470 - WARNING -    🔄 RESTAURANDO mejor solución...
2025-10-23 05:52:18,587 - DEBUG - Iter 16200: T=8.25, Fitness_actual=114.4, Mejor=127.0
2025-10-23 05:52:26,831 - WARNING - ⚠️  DEGRADACIÓN DETECTADA en iter 16300:
2025-10-23 05:52:26,832 - WARNING -    Mejor fitness: 127.0
2025-10-23 05:52:26,832 - WARNING -    Fitness promedio reciente: 105.4
2025-10-23 05:52:26,833 - WARNING -    Degradación: 21.7
2025-10-23 05:52:26,833 - WARNING -    🔄 RESTAURANDO mejor solución...
2025-10-23 05:52:26,834 - DEBUG - Iter 16300: T=8.24, Fitness_actual=127.0, Mejor=127.0
2025-10-23 05:52:35,068 - WARNING - ⚠️  DEGRADACIÓN DETECTADA en iter 16400:
2025-10-23 05:52:35,068 - WARNING -    Mejor fitness: 127.0
2025-10-23 05:52:35,068 - WARNING -    Fitness promedio reciente: 98.0
2025-10-23 05:52:35,069 - WARNING -    Degradación: 29.1
2025-10-23 05:52:35,069 - WARNING -    🔄 RESTAURANDO mejor solución...
2025-10-23 05:52:35,071 - DEBUG - Iter 16400: T=8.22, Fitness_actual=127.0, Mejor=127.0
2025-10-23 05:52:35,233 - INFO - 🌟 MEJORA #102 en iter 16402: Fitness=128.0 (+1.0), Puntos=15247
2025-10-23 05:52:35,480 - INFO - 🌟 MEJORA #103 en iter 16405: Fitness=128.1 (+0.1), Puntos=15255
2025-10-23 05:52:41,622 - INFO -   Iter 16500 | Tiempo:   15.9min ( 6.6%) | T =     8.21 | Fitness =    107.9 | Mejor =    128.1 | Aceptación =  93.4%
2025-10-23 05:52:41,622 - INFO - Progreso iter 16500: T=8.21, Fitness=107.9, Mejor=128.1, Tasa_acept=93.4%
2025-10-23 05:52:41,625 - DEBUG - Iter 16500: T=8.21, Fitness_actual=107.9, Mejor=128.1
2025-10-23 05:52:44,907 - WARNING - ⚠️  DEGRADACIÓN DETECTADA en iter 16550:
2025-10-23 05:52:44,907 - WARNING -    Mejor fitness: 128.1
2025-10-23 05:52:44,908 - WARNING -    Fitness promedio reciente: 99.7
2025-10-23 05:52:44,908 - WARNING -    Degradación: 28.4
2025-10-23 05:52:44,908 - WARNING -    🔄 RESTAURANDO mejor solución...
2025-10-23 05:52:48,123 - DEBUG - Iter 16600: T=8.20, Fitness_actual=105.4, Mejor=128.1
2025-10-23 05:52:51,362 - WARNING - ⚠️  DEGRADACIÓN DETECTADA en iter 16650:
2025-10-23 05:52:51,362 - WARNING -    Mejor fitness: 128.1
2025-10-23 05:52:51,362 - WARNING -    Fitness promedio reciente: 96.5
2025-10-23 05:52:51,363 - WARNING -    Degradación: 31.6
2025-10-23 05:52:51,363 - WARNING -    🔄 RESTAURANDO mejor solución...
2025-10-23 05:52:51,365 - INFO - 🌟 MEJORA #104 en iter 16650: Fitness=128.1 (+0.0), Puntos=15255
2025-10-23 05:52:54,674 - DEBUG - Iter 16700: T=8.19, Fitness_actual=103.2, Mejor=128.1
2025-10-23 05:53:01,318 - WARNING - ⚠️  DEGRADACIÓN DETECTADA en iter 16800:
2025-10-23 05:53:01,318 - WARNING -    Mejor fitness: 128.1
2025-10-23 05:53:01,319 - WARNING -    Fitness promedio reciente: 91.8
2025-10-23 05:53:01,319 - WARNING -    Degradación: 36.3
2025-10-23 05:53:01,319 - WARNING -    🔄 RESTAURANDO mejor solución...
2025-10-23 05:53:01,320 - DEBUG - Iter 16800: T=8.18, Fitness_actual=128.1, Mejor=128.1
2025-10-23 05:53:01,386 - INFO - 🌟 MEJORA #105 en iter 16801: Fitness=128.1 (+0.0), Puntos=15255
2025-10-23 05:53:01,387 - INFO -   ✨ Mejora #105 en iteración 16802: Fitness = 128.1 | Puntos = 15255 | T = 8.18
2025-10-23 05:53:01,520 - INFO - 🌟 MEJORA #106 en iter 16803: Fitness=128.1 (+0.0), Puntos=15258
2025-10-23 05:53:08,014 - DEBUG - Iter 16900: T=8.17, Fitness_actual=114.9, Mejor=128.1
2025-10-23 05:53:11,338 - WARNING - ⚠️  DEGRADACIÓN DETECTADA en iter 16950:
2025-10-23 05:53:11,338 - WARNING -    Mejor fitness: 128.1
2025-10-23 05:53:11,338 - WARNING -    Fitness promedio reciente: 107.3
2025-10-23 05:53:11,339 - WARNING -    Degradación: 20.8
2025-10-23 05:53:11,339 - WARNING -    🔄 RESTAURANDO mejor solución...
2025-10-23 05:53:14,644 - INFO -   Iter 17000 | Tiempo:   16.5min ( 6.9%) | T =     8.16 | Fitness =    117.3 | Mejor =    128.1 | Aceptación =  93.3%
2025-10-23 05:53:14,645 - INFO - Progreso iter 17000: T=8.16, Fitness=117.3, Mejor=128.1, Tasa_acept=93.3%
2025-10-23 05:53:14,647 - DEBUG - Iter 17000: T=8.16, Fitness_actual=117.3, Mejor=128.1
2025-10-23 05:53:21,361 - WARNING - ⚠️  DEGRADACIÓN DETECTADA en iter 17100:
2025-10-23 05:53:21,361 - WARNING -    Mejor fitness: 128.1
2025-10-23 05:53:21,362 - WARNING -    Fitness promedio reciente: 94.0
2025-10-23 05:53:21,362 - WARNING -    Degradación: 34.1
2025-10-23 05:53:21,363 - WARNING -    🔄 RESTAURANDO mejor solución...
2025-10-23 05:53:21,366 - DEBUG - Iter 17100: T=8.15, Fitness_actual=128.1, Mejor=128.1
2025-10-23 05:53:28,064 - WARNING - ⚠️  DEGRADACIÓN DETECTADA en iter 17200:
2025-10-23 05:53:28,065 - WARNING -    Mejor fitness: 128.1
2025-10-23 05:53:28,066 - WARNING -    Fitness promedio reciente: 93.9
2025-10-23 05:53:28,066 - WARNING -    Degradación: 34.2
2025-10-23 05:53:28,066 - WARNING -    🔄 RESTAURANDO mejor solución...
2025-10-23 05:53:28,067 - DEBUG - Iter 17200: T=8.14, Fitness_actual=128.1, Mejor=128.1
2025-10-23 05:53:28,134 - INFO - 🌟 MEJORA #107 en iter 17201: Fitness=128.1 (+0.0), Puntos=15258
2025-10-23 05:53:28,267 - INFO - Iter 17203: Aceptada solución con delta=-11.3 (T=8.13)
2025-10-23 05:53:28,267 - INFO -   📊 Desglose del cambio:
2025-10-23 05:53:28,268 - INFO -      Puntos: -828 → 14430 total
2025-10-23 05:53:28,268 - INFO -      Tiempo: -623.4min → 12641.8min total
2025-10-23 05:53:28,269 - INFO -      Distancia: -7.0km → 144.5km total
2025-10-23 05:53:34,762 - DEBUG - Iter 17300: T=8.12, Fitness_actual=71.9, Mejor=128.1
2025-10-23 05:53:38,113 - WARNING - ⚠️  DEGRADACIÓN DETECTADA en iter 17350:
2025-10-23 05:53:38,114 - WARNING -    Mejor fitness: 128.1
2025-10-23 05:53:38,114 - WARNING -    Fitness promedio reciente: 74.1
2025-10-23 05:53:38,115 - WARNING -    Degradación: 54.0
2025-10-23 05:53:38,115 - WARNING -    🔄 RESTAURANDO mejor solución...
2025-10-23 05:53:38,184 - INFO - 🌟 MEJORA #108 en iter 17351: Fitness=128.1 (+0.0), Puntos=15258
2025-10-23 05:53:41,467 - DEBUG - Iter 17400: T=8.11, Fitness_actual=100.5, Mejor=128.1
2025-10-23 05:53:48,163 - INFO -   Iter 17500 | Tiempo:   17.0min ( 7.1%) | T =     8.10 | Fitness =     80.2 | Mejor =    128.1 | Aceptación =  93.3%
2025-10-23 05:53:48,163 - INFO - Progreso iter 17500: T=8.10, Fitness=80.2, Mejor=128.1, Tasa_acept=93.3%
2025-10-23 05:53:48,164 - WARNING - ⚠️  DEGRADACIÓN DETECTADA en iter 17500:
2025-10-23 05:53:48,164 - WARNING -    Mejor fitness: 128.1
2025-10-23 05:53:48,164 - WARNING -    Fitness promedio reciente: 88.6
2025-10-23 05:53:48,165 - WARNING -    Degradación: 39.5
2025-10-23 05:53:48,165 - WARNING -    🔄 RESTAURANDO mejor solución...
2025-10-23 05:53:48,167 - DEBUG - Iter 17500: T=8.10, Fitness_actual=128.1, Mejor=128.1
2025-10-23 05:53:54,848 - DEBUG - Iter 17600: T=8.09, Fitness_actual=107.3, Mejor=128.1
2025-10-23 05:53:58,185 - WARNING - ⚠️  DEGRADACIÓN DETECTADA en iter 17650:
2025-10-23 05:53:58,186 - WARNING -    Mejor fitness: 128.1
2025-10-23 05:53:58,186 - WARNING -    Fitness promedio reciente: 104.0
2025-10-23 05:53:58,186 - WARNING -    Degradación: 24.2
2025-10-23 05:53:58,187 - WARNING -    🔄 RESTAURANDO mejor solución...
2025-10-23 05:54:01,582 - WARNING - ⚠️  DEGRADACIÓN DETECTADA en iter 17700:
2025-10-23 05:54:01,582 - WARNING -    Mejor fitness: 128.1
2025-10-23 05:54:01,583 - WARNING -    Fitness promedio reciente: 107.3
2025-10-23 05:54:01,583 - WARNING -    Degradación: 20.8
2025-10-23 05:54:01,584 - WARNING -    🔄 RESTAURANDO mejor solución...
2025-10-23 05:54:01,587 - DEBUG - Iter 17700: T=8.08, Fitness_actual=128.1, Mejor=128.1
2025-10-23 05:54:01,655 - INFO - 🌟 MEJORA #109 en iter 17701: Fitness=128.2 (+0.1), Puntos=15266
2025-10-23 05:54:08,353 - DEBUG - Iter 17800: T=8.07, Fitness_actual=110.3, Mejor=128.2
2025-10-23 05:54:11,719 - WARNING - ⚠️  DEGRADACIÓN DETECTADA en iter 17850:
2025-10-23 05:54:11,719 - WARNING -    Mejor fitness: 128.2
2025-10-23 05:54:11,720 - WARNING -    Fitness promedio reciente: 105.8
2025-10-23 05:54:11,720 - WARNING -    Degradación: 22.4
2025-10-23 05:54:11,720 - WARNING -    🔄 RESTAURANDO mejor solución...
2025-10-23 05:54:11,722 - INFO - 🌟 MEJORA #110 en iter 17850: Fitness=128.3 (+0.1), Puntos=15272
2025-10-23 05:54:11,722 - INFO -   ✨ Mejora #110 en iteración 17851: Fitness = 128.3 | Puntos = 15272 | T = 8.06
2025-10-23 05:54:15,136 - DEBUG - Iter 17900: T=8.06, Fitness_actual=111.9, Mejor=128.3
2025-10-23 05:54:21,949 - INFO -   Iter 18000 | Tiempo:   17.6min ( 7.3%) | T =     8.05 | Fitness =     88.6 | Mejor =    128.3 | Aceptación =  93.2%
2025-10-23 05:54:21,949 - INFO - Progreso iter 18000: T=8.05, Fitness=88.6, Mejor=128.3, Tasa_acept=93.2%
2025-10-23 05:54:21,950 - WARNING - ⚠️  DEGRADACIÓN DETECTADA en iter 18000:
2025-10-23 05:54:21,950 - WARNING -    Mejor fitness: 128.3
2025-10-23 05:54:21,950 - WARNING -    Fitness promedio reciente: 103.5
2025-10-23 05:54:21,950 - WARNING -    Degradación: 24.8
2025-10-23 05:54:21,950 - WARNING -    🔄 RESTAURANDO mejor solución...
2025-10-23 05:54:21,952 - DEBUG - Iter 18000: T=8.05, Fitness_actual=128.3, Mejor=128.3
2025-10-23 05:54:28,864 - WARNING - ⚠️  DEGRADACIÓN DETECTADA en iter 18100:
2025-10-23 05:54:28,864 - WARNING -    Mejor fitness: 128.3
2025-10-23 05:54:28,864 - WARNING -    Fitness promedio reciente: 105.1
2025-10-23 05:54:28,865 - WARNING -    Degradación: 23.1
2025-10-23 05:54:28,865 - WARNING -    🔄 RESTAURANDO mejor solución...
2025-10-23 05:54:28,866 - DEBUG - Iter 18100: T=8.03, Fitness_actual=128.3, Mejor=128.3
2025-10-23 05:54:35,621 - WARNING - ⚠️  DEGRADACIÓN DETECTADA en iter 18200:
2025-10-23 05:54:35,621 - WARNING -    Mejor fitness: 128.3
2025-10-23 05:54:35,621 - WARNING -    Fitness promedio reciente: 99.8
2025-10-23 05:54:35,622 - WARNING -    Degradación: 28.5
2025-10-23 05:54:35,622 - WARNING -    🔄 RESTAURANDO mejor solución...
2025-10-23 05:54:35,624 - DEBUG - Iter 18200: T=8.02, Fitness_actual=128.3, Mejor=128.3
2025-10-23 05:54:38,489 - INFO - Iter 18242: Aceptada solución con delta=-11.9 (T=8.02)
2025-10-23 05:54:38,489 - INFO -   📊 Desglose del cambio:
2025-10-23 05:54:38,490 - INFO -      Puntos: -789 → 13810 total
2025-10-23 05:54:38,490 - INFO -      Tiempo: -599.2min → 12329.4min total
2025-10-23 05:54:38,490 - INFO -      Distancia: -8.3km → 157.4km total
2025-10-23 05:54:43,182 - WARNING - ⚠️  DEGRADACIÓN DETECTADA en iter 18300:
2025-10-23 05:54:43,182 - WARNING -    Mejor fitness: 128.3
2025-10-23 05:54:43,183 - WARNING -    Fitness promedio reciente: 98.3
2025-10-23 05:54:43,183 - WARNING -    Degradación: 30.0
2025-10-23 05:54:43,184 - WARNING -    🔄 RESTAURANDO mejor solución...
2025-10-23 05:54:43,185 - DEBUG - Iter 18300: T=8.01, Fitness_actual=128.3, Mejor=128.3
2025-10-23 05:54:43,272 - INFO - 🌟 MEJORA #111 en iter 18301: Fitness=128.3 (+0.0), Puntos=15272
2025-10-23 05:54:43,360 - INFO - 🌟 MEJORA #112 en iter 18302: Fitness=128.3 (+0.0), Puntos=15276
2025-10-23 05:54:51,772 - DEBUG - Iter 18400: T=8.00, Fitness_actual=107.0, Mejor=128.3
2025-10-23 05:54:56,111 - WARNING - ⚠️  DEGRADACIÓN DETECTADA en iter 18450:
2025-10-23 05:54:56,111 - WARNING -    Mejor fitness: 128.3
2025-10-23 05:54:56,112 - WARNING -    Fitness promedio reciente: 104.4
2025-10-23 05:54:56,112 - WARNING -    Degradación: 23.9
2025-10-23 05:54:56,113 - WARNING -    🔄 RESTAURANDO mejor solución...
2025-10-23 05:54:56,288 - INFO - 🌟 MEJORA #113 en iter 18452: Fitness=128.3 (+0.0), Puntos=15280
2025-10-23 05:55:00,439 - INFO -   Iter 18500 | Tiempo:   18.2min ( 7.6%) | T =     7.98 | Fitness =    117.1 | Mejor =    128.3 | Aceptación =  93.2%
2025-10-23 05:55:00,439 - INFO - Progreso iter 18500: T=7.98, Fitness=117.1, Mejor=128.3, Tasa_acept=93.2%
2025-10-23 05:55:00,442 - DEBUG - Iter 18500: T=7.98, Fitness_actual=117.1, Mejor=128.3
2025-10-23 05:55:01,920 - INFO - Iter 18517: Aceptada solución con delta=-11.5 (T=7.98)
2025-10-23 05:55:01,920 - INFO -   📊 Desglose del cambio:
2025-10-23 05:55:01,920 - INFO -      Puntos: -756 → 14550 total
2025-10-23 05:55:01,921 - INFO -      Tiempo: -333.0min → 12935.3min total
2025-10-23 05:55:01,921 - INFO -      Distancia: -12.7km → 135.4km total
2025-10-23 05:55:09,115 - WARNING - ⚠️  DEGRADACIÓN DETECTADA en iter 18600:
2025-10-23 05:55:09,115 - WARNING -    Mejor fitness: 128.3
2025-10-23 05:55:09,116 - WARNING -    Fitness promedio reciente: 90.3
2025-10-23 05:55:09,116 - WARNING -    Degradación: 38.1
2025-10-23 05:55:09,116 - WARNING -    🔄 RESTAURANDO mejor solución...
2025-10-23 05:55:09,118 - DEBUG - Iter 18600: T=7.97, Fitness_actual=128.3, Mejor=128.3
2025-10-23 05:55:09,118 - INFO - 🌟 MEJORA #114 en iter 18600: Fitness=128.6 (+0.3), Puntos=15305
2025-10-23 05:55:17,810 - DEBUG - Iter 18700: T=7.95, Fitness_actual=112.1, Mejor=128.6
2025-10-23 05:55:22,391 - WARNING - ⚠️  DEGRADACIÓN DETECTADA en iter 18750:
2025-10-23 05:55:22,392 - WARNING -    Mejor fitness: 128.6
2025-10-23 05:55:22,392 - WARNING -    Fitness promedio reciente: 101.4
2025-10-23 05:55:22,393 - WARNING -    Degradación: 27.2
2025-10-23 05:55:22,393 - WARNING -    🔄 RESTAURANDO mejor solución...
2025-10-23 05:55:26,740 - DEBUG - Iter 18800: T=7.94, Fitness_actual=108.5, Mejor=128.6
2025-10-23 05:55:31,080 - WARNING - ⚠️  DEGRADACIÓN DETECTADA en iter 18850:
2025-10-23 05:55:31,080 - WARNING -    Mejor fitness: 128.6
2025-10-23 05:55:31,081 - WARNING -    Fitness promedio reciente: 98.9
2025-10-23 05:55:31,081 - WARNING -    Degradación: 29.7
2025-10-23 05:55:31,081 - WARNING -    🔄 RESTAURANDO mejor solución...
2025-10-23 05:55:31,083 - INFO - 🌟 MEJORA #115 en iter 18850: Fitness=128.6 (+0.0), Puntos=15305
2025-10-23 05:55:31,083 - INFO -   ✨ Mejora #115 en iteración 18851: Fitness = 128.6 | Puntos = 15305 | T = 7.93
2025-10-23 05:55:35,434 - DEBUG - Iter 18900: T=7.92, Fitness_actual=94.6, Mejor=128.6
2025-10-23 05:55:44,133 - INFO -   Iter 19000 | Tiempo:   19.0min ( 7.9%) | T =     7.91 | Fitness =     90.1 | Mejor =    128.6 | Aceptación =  93.2%
2025-10-23 05:55:44,133 - INFO - Progreso iter 19000: T=7.91, Fitness=90.1, Mejor=128.6, Tasa_acept=93.2%
2025-10-23 05:55:44,134 - WARNING - ⚠️  DEGRADACIÓN DETECTADA en iter 19000:
2025-10-23 05:55:44,134 - WARNING -    Mejor fitness: 128.6
2025-10-23 05:55:44,134 - WARNING -    Fitness promedio reciente: 93.8
2025-10-23 05:55:44,135 - WARNING -    Degradación: 34.8
2025-10-23 05:55:44,135 - WARNING -    🔄 RESTAURANDO mejor solución...
2025-10-23 05:55:44,136 - DEBUG - Iter 19000: T=7.91, Fitness_actual=128.6, Mejor=128.6
2025-10-23 05:55:44,136 - INFO - 🌟 MEJORA #116 en iter 19000: Fitness=128.6 (+0.0), Puntos=15305
2025-10-23 05:55:44,311 - INFO - 🌟 MEJORA #117 en iter 19002: Fitness=128.6 (+0.0), Puntos=15305
2025-10-23 05:55:44,398 - INFO - 🌟 MEJORA #118 en iter 19003: Fitness=128.6 (+0.0), Puntos=15306
2025-10-23 05:55:44,485 - INFO - 🌟 MEJORA #119 en iter 19004: Fitness=128.7 (+0.0), Puntos=15309
2025-10-23 05:55:44,573 - INFO - 🌟 MEJORA #120 en iter 19005: Fitness=128.7 (+0.0), Puntos=15309
2025-10-23 05:55:44,573 - INFO -   ✨ Mejora #120 en iteración 19006: Fitness = 128.7 | Puntos = 15309 | T = 7.91
2025-10-23 05:55:53,059 - DEBUG - Iter 19100: T=7.90, Fitness_actual=93.6, Mejor=128.7
2025-10-23 05:55:57,822 - WARNING - ⚠️  DEGRADACIÓN DETECTADA en iter 19150:
2025-10-23 05:55:57,822 - WARNING -    Mejor fitness: 128.7
2025-10-23 05:55:57,823 - WARNING -    Fitness promedio reciente: 92.0
2025-10-23 05:55:57,823 - WARNING -    Degradación: 36.6
2025-10-23 05:55:57,823 - WARNING -    🔄 RESTAURANDO mejor solución...
2025-10-23 05:55:57,913 - INFO - 🌟 MEJORA #121 en iter 19151: Fitness=128.7 (+0.0), Puntos=15309
2025-10-23 05:56:02,290 - DEBUG - Iter 19200: T=7.88, Fitness_actual=123.2, Mejor=128.7
2025-10-23 05:56:11,326 - WARNING - ⚠️  DEGRADACIÓN DETECTADA en iter 19300:
2025-10-23 05:56:11,326 - WARNING -    Mejor fitness: 128.7
2025-10-23 05:56:11,327 - WARNING -    Fitness promedio reciente: 105.7
2025-10-23 05:56:11,327 - WARNING -    Degradación: 23.0
2025-10-23 05:56:11,327 - WARNING -    🔄 RESTAURANDO mejor solución...
2025-10-23 05:56:11,328 - DEBUG - Iter 19300: T=7.87, Fitness_actual=128.7, Mejor=128.7
2025-10-23 05:56:20,299 - WARNING - ⚠️  DEGRADACIÓN DETECTADA en iter 19400:
2025-10-23 05:56:20,299 - WARNING -    Mejor fitness: 128.7
2025-10-23 05:56:20,300 - WARNING -    Fitness promedio reciente: 104.6
2025-10-23 05:56:20,300 - WARNING -    Degradación: 24.0
2025-10-23 05:56:20,300 - WARNING -    🔄 RESTAURANDO mejor solución...
2025-10-23 05:56:20,302 - DEBUG - Iter 19400: T=7.85, Fitness_actual=128.7, Mejor=128.7
2025-10-23 05:56:20,302 - INFO - 🌟 MEJORA #122 en iter 19400: Fitness=128.7 (+0.1), Puntos=15317
2025-10-23 05:56:29,424 - INFO -   Iter 19500 | Tiempo:   19.7min ( 8.2%) | T =     7.84 | Fitness =    104.4 | Mejor =    128.7 | Aceptación =  93.1%
2025-10-23 05:56:29,425 - INFO - Progreso iter 19500: T=7.84, Fitness=104.4, Mejor=128.7, Tasa_acept=93.1%
2025-10-23 05:56:29,427 - DEBUG - Iter 19500: T=7.84, Fitness_actual=104.4, Mejor=128.7
2025-10-23 05:56:33,966 - WARNING - ⚠️  DEGRADACIÓN DETECTADA en iter 19550:
2025-10-23 05:56:33,966 - WARNING -    Mejor fitness: 128.7
2025-10-23 05:56:33,967 - WARNING -    Fitness promedio reciente: 100.3
2025-10-23 05:56:33,967 - WARNING -    Degradación: 28.4
2025-10-23 05:56:33,967 - WARNING -    🔄 RESTAURANDO mejor solución...
2025-10-23 05:56:38,463 - DEBUG - Iter 19600: T=7.82, Fitness_actual=121.7, Mejor=128.7
2025-10-23 05:56:42,346 - INFO - Iter 19643: Aceptada solución con delta=-11.6 (T=7.82)
2025-10-23 05:56:42,346 - INFO -   📊 Desglose del cambio:
2025-10-23 05:56:42,347 - INFO -      Puntos: -758 → 13640 total
2025-10-23 05:56:42,347 - INFO -      Tiempo: -546.2min → 12215.7min total
2025-10-23 05:56:42,347 - INFO -      Distancia: -5.5km → 179.6km total
2025-10-23 05:56:47,491 - WARNING - ⚠️  DEGRADACIÓN DETECTADA en iter 19700:
2025-10-23 05:56:47,491 - WARNING -    Mejor fitness: 128.7
2025-10-23 05:56:47,492 - WARNING -    Fitness promedio reciente: 84.5
2025-10-23 05:56:47,492 - WARNING -    Degradación: 44.2
2025-10-23 05:56:47,493 - WARNING -    🔄 RESTAURANDO mejor solución...
2025-10-23 05:56:47,494 - DEBUG - Iter 19700: T=7.81, Fitness_actual=128.7, Mejor=128.7
2025-10-23 05:56:56,977 - WARNING - ⚠️  DEGRADACIÓN DETECTADA en iter 19800:
2025-10-23 05:56:56,977 - WARNING -    Mejor fitness: 128.7
2025-10-23 05:56:56,978 - WARNING -    Fitness promedio reciente: 97.8
2025-10-23 05:56:56,978 - WARNING -    Degradación: 31.0
2025-10-23 05:56:56,978 - WARNING -    🔄 RESTAURANDO mejor solución...
2025-10-23 05:56:56,981 - DEBUG - Iter 19800: T=7.79, Fitness_actual=128.7, Mejor=128.7
2025-10-23 05:57:06,640 - WARNING - ⚠️  DEGRADACIÓN DETECTADA en iter 19900:
2025-10-23 05:57:06,640 - WARNING -    Mejor fitness: 128.7
2025-10-23 05:57:06,640 - WARNING -    Fitness promedio reciente: 101.0
2025-10-23 05:57:06,641 - WARNING -    Degradación: 27.7
2025-10-23 05:57:06,641 - WARNING -    🔄 RESTAURANDO mejor solución...
2025-10-23 05:57:06,642 - DEBUG - Iter 19900: T=7.78, Fitness_actual=128.7, Mejor=128.7
2025-10-23 05:57:16,396 - INFO -   Iter 20000 | Tiempo:   20.5min ( 8.5%) | T =     7.76 | Fitness =     96.0 | Mejor =    128.7 | Aceptación =  93.1%
2025-10-23 05:57:16,396 - INFO - Progreso iter 20000: T=7.76, Fitness=96.0, Mejor=128.7, Tasa_acept=93.1%
2025-10-23 05:57:16,397 - WARNING - ⚠️  DEGRADACIÓN DETECTADA en iter 20000:
2025-10-23 05:57:16,397 - WARNING -    Mejor fitness: 128.7
2025-10-23 05:57:16,397 - WARNING -    Fitness promedio reciente: 101.3
2025-10-23 05:57:16,398 - WARNING -    Degradación: 27.5
2025-10-23 05:57:16,398 - WARNING -    🔄 RESTAURANDO mejor solución...
2025-10-23 05:57:16,399 - DEBUG - Iter 20000: T=7.76, Fitness_actual=128.7, Mejor=128.7
2025-10-23 05:57:26,061 - WARNING - ⚠️  DEGRADACIÓN DETECTADA en iter 20100:
2025-10-23 05:57:26,062 - WARNING -    Mejor fitness: 128.7
2025-10-23 05:57:26,062 - WARNING -    Fitness promedio reciente: 105.6
2025-10-23 05:57:26,062 - WARNING -    Degradación: 23.2
2025-10-23 05:57:26,063 - WARNING -    🔄 RESTAURANDO mejor solución...
2025-10-23 05:57:26,064 - DEBUG - Iter 20100: T=7.75, Fitness_actual=128.7, Mejor=128.7
2025-10-23 05:57:35,928 - WARNING - ⚠️  DEGRADACIÓN DETECTADA en iter 20200:
2025-10-23 05:57:35,929 - WARNING -    Mejor fitness: 128.7
2025-10-23 05:57:35,929 - WARNING -    Fitness promedio reciente: 95.1
2025-10-23 05:57:35,929 - WARNING -    Degradación: 33.6
2025-10-23 05:57:35,929 - WARNING -    🔄 RESTAURANDO mejor solución...
2025-10-23 05:57:35,931 - DEBUG - Iter 20200: T=7.73, Fitness_actual=128.7, Mejor=128.7
2025-10-23 05:57:35,931 - INFO - 🌟 MEJORA #123 en iter 20200: Fitness=128.7 (+0.0), Puntos=15317
2025-10-23 05:57:36,027 - INFO - 🌟 MEJORA #124 en iter 20201: Fitness=128.8 (+0.1), Puntos=15326
2025-10-23 05:57:36,217 - INFO - 🌟 MEJORA #125 en iter 20203: Fitness=128.8 (+0.0), Puntos=15326
2025-10-23 05:57:36,218 - INFO -   ✨ Mejora #125 en iteración 20204: Fitness = 128.8 | Puntos = 15326 | T = 7.73
2025-10-23 05:57:45,631 - DEBUG - Iter 20300: T=7.72, Fitness_actual=106.4, Mejor=128.8
2025-10-23 05:57:50,499 - WARNING - ⚠️  DEGRADACIÓN DETECTADA en iter 20350:
2025-10-23 05:57:50,499 - WARNING -    Mejor fitness: 128.8
2025-10-23 05:57:50,500 - WARNING -    Fitness promedio reciente: 101.5
2025-10-23 05:57:50,500 - WARNING -    Degradación: 27.3
2025-10-23 05:57:50,500 - WARNING -    🔄 RESTAURANDO mejor solución...
2025-10-23 05:57:50,502 - INFO - 🌟 MEJORA #126 en iter 20350: Fitness=129.0 (+0.2), Puntos=15343
2025-10-23 05:57:55,378 - DEBUG - Iter 20400: T=7.70, Fitness_actual=107.0, Mejor=129.0
2025-10-23 05:58:05,001 - INFO -   Iter 20500 | Tiempo:   21.3min ( 8.9%) | T =     7.68 | Fitness =     98.4 | Mejor =    129.0 | Aceptación =  93.1%
2025-10-23 05:58:05,002 - INFO - Progreso iter 20500: T=7.68, Fitness=98.4, Mejor=129.0, Tasa_acept=93.1%
2025-10-23 05:58:05,002 - WARNING - ⚠️  DEGRADACIÓN DETECTADA en iter 20500:
2025-10-23 05:58:05,002 - WARNING -    Mejor fitness: 129.0
2025-10-23 05:58:05,003 - WARNING -    Fitness promedio reciente: 98.6
2025-10-23 05:58:05,003 - WARNING -    Degradación: 30.4
2025-10-23 05:58:05,003 - WARNING -    🔄 RESTAURANDO mejor solución...
2025-10-23 05:58:05,006 - DEBUG - Iter 20500: T=7.68, Fitness_actual=129.0, Mejor=129.0
2025-10-23 05:58:14,342 - WARNING - ⚠️  DEGRADACIÓN DETECTADA en iter 20600:
2025-10-23 05:58:14,342 - WARNING -    Mejor fitness: 129.0
2025-10-23 05:58:14,343 - WARNING -    Fitness promedio reciente: 91.7
2025-10-23 05:58:14,343 - WARNING -    Degradación: 37.3
2025-10-23 05:58:14,343 - WARNING -    🔄 RESTAURANDO mejor solución...
2025-10-23 05:58:14,346 - DEBUG - Iter 20600: T=7.67, Fitness_actual=129.0, Mejor=129.0
2025-10-23 05:58:23,671 - WARNING - ⚠️  DEGRADACIÓN DETECTADA en iter 20700:
2025-10-23 05:58:23,671 - WARNING -    Mejor fitness: 129.0
2025-10-23 05:58:23,672 - WARNING -    Fitness promedio reciente: 97.1
2025-10-23 05:58:23,672 - WARNING -    Degradación: 31.9
2025-10-23 05:58:23,672 - WARNING -    🔄 RESTAURANDO mejor solución...
2025-10-23 05:58:23,675 - DEBUG - Iter 20700: T=7.66, Fitness_actual=129.0, Mejor=129.0
2025-10-23 05:58:24,975 - WARNING - ================================================================================
2025-10-23 05:58:24,975 - WARNING - ⚠️  SALTO ANORMAL DETECTADO en iteración 20714
2025-10-23 05:58:24,976 - WARNING -    Fitness actual: 117.0
2025-10-23 05:58:24,977 - WARNING -    Fitness vecino: 96.6
2025-10-23 05:58:24,977 - WARNING -    Delta: -20.5
2025-10-23 05:58:24,977 - WARNING -    Temperatura: 7.65
2025-10-23 05:58:24,977 - WARNING -    Tipo perturbación aplicada: (ver generar_vecino)
2025-10-23 05:58:24,978 - WARNING -    Vecino - Puntos: 14572, Tiempo: 13418.2min, Distancia: 237.4km
2025-10-23 05:58:24,978 - WARNING -    Actual - Puntos: 15245, Tiempo: 12560.0min, Distancia: 145.0km
2025-10-23 05:58:24,978 - WARNING -    Validez restricciones - Vecino: False, Actual: False
2025-10-23 05:58:24,978 - WARNING - ================================================================================
2025-10-23 05:58:24,979 - WARNING - ⚠️  SALTO ANORMAL DETECTADO en iteración 20714
2025-10-23 05:58:24,979 - WARNING -    Fitness: 117.0 → 96.6 (Δ=-20.5)
2025-10-23 05:58:24,979 - WARNING -    Ver detalles en archivo de log
2025-10-23 05:58:33,078 - WARNING - ⚠️  DEGRADACIÓN DETECTADA en iter 20800:
2025-10-23 05:58:33,078 - WARNING -    Mejor fitness: 129.0
2025-10-23 05:58:33,078 - WARNING -    Fitness promedio reciente: 108.3
2025-10-23 05:58:33,079 - WARNING -    Degradación: 20.7
2025-10-23 05:58:33,079 - WARNING -    🔄 RESTAURANDO mejor solución...
2025-10-23 05:58:33,080 - DEBUG - Iter 20800: T=7.64, Fitness_actual=129.0, Mejor=129.0
2025-10-23 05:58:42,493 - WARNING - ⚠️  DEGRADACIÓN DETECTADA en iter 20900:
2025-10-23 05:58:42,493 - WARNING -    Mejor fitness: 129.0
2025-10-23 05:58:42,494 - WARNING -    Fitness promedio reciente: 100.7
2025-10-23 05:58:42,494 - WARNING -    Degradación: 28.3
2025-10-23 05:58:42,494 - WARNING -    🔄 RESTAURANDO mejor solución...
2025-10-23 05:58:42,496 - DEBUG - Iter 20900: T=7.63, Fitness_actual=129.0, Mejor=129.0
2025-10-23 05:58:51,869 - INFO -   Iter 21000 | Tiempo:   22.1min ( 9.2%) | T =     7.61 | Fitness =     94.2 | Mejor =    129.0 | Aceptación =  93.0%
2025-10-23 05:58:51,869 - INFO - Progreso iter 21000: T=7.61, Fitness=94.2, Mejor=129.0, Tasa_acept=93.0%
2025-10-23 05:58:51,870 - WARNING - ⚠️  DEGRADACIÓN DETECTADA en iter 21000:
2025-10-23 05:58:51,870 - WARNING -    Mejor fitness: 129.0
2025-10-23 05:58:51,870 - WARNING -    Fitness promedio reciente: 100.2
2025-10-23 05:58:51,871 - WARNING -    Degradación: 28.8
2025-10-23 05:58:51,871 - WARNING -    🔄 RESTAURANDO mejor solución...
2025-10-23 05:58:51,872 - DEBUG - Iter 21000: T=7.61, Fitness_actual=129.0, Mejor=129.0
2025-10-23 05:58:51,872 - INFO - 🌟 MEJORA #127 en iter 21000: Fitness=129.0 (+0.0), Puntos=15343
2025-10-23 05:59:01,328 - DEBUG - Iter 21100: T=7.60, Fitness_actual=100.6, Mejor=129.0
2025-10-23 05:59:06,069 - WARNING - ⚠️  DEGRADACIÓN DETECTADA en iter 21150:
2025-10-23 05:59:06,069 - WARNING -    Mejor fitness: 129.0
2025-10-23 05:59:06,070 - WARNING -    Fitness promedio reciente: 95.8
2025-10-23 05:59:06,070 - WARNING -    Degradación: 33.2
2025-10-23 05:59:06,070 - WARNING -    🔄 RESTAURANDO mejor solución...
2025-10-23 05:59:10,791 - DEBUG - Iter 21200: T=7.58, Fitness_actual=118.4, Mejor=129.0
2025-10-23 05:59:20,330 - WARNING - ⚠️  DEGRADACIÓN DETECTADA en iter 21300:
2025-10-23 05:59:20,330 - WARNING -    Mejor fitness: 129.0
2025-10-23 05:59:20,331 - WARNING -    Fitness promedio reciente: 98.8
2025-10-23 05:59:20,331 - WARNING -    Degradación: 30.2
2025-10-23 05:59:20,331 - WARNING -    🔄 RESTAURANDO mejor solución...
2025-10-23 05:59:20,332 - DEBUG - Iter 21300: T=7.57, Fitness_actual=129.0, Mejor=129.0
2025-10-23 05:59:20,333 - INFO - 🌟 MEJORA #128 en iter 21300: Fitness=129.0 (+0.0), Puntos=15343
2025-10-23 05:59:29,980 - DEBUG - Iter 21400: T=7.55, Fitness_actual=100.5, Mejor=129.0
2025-10-23 05:59:34,770 - WARNING - ⚠️  DEGRADACIÓN DETECTADA en iter 21450:
2025-10-23 05:59:34,770 - WARNING -    Mejor fitness: 129.0
2025-10-23 05:59:34,771 - WARNING -    Fitness promedio reciente: 96.5
2025-10-23 05:59:34,771 - WARNING -    Degradación: 32.5
2025-10-23 05:59:34,771 - WARNING -    🔄 RESTAURANDO mejor solución...
2025-10-23 05:59:39,547 - INFO -   Iter 21500 | Tiempo:   22.9min ( 9.5%) | T =     7.54 | Fitness =    116.5 | Mejor =    129.0 | Aceptación =  93.0%
2025-10-23 05:59:39,547 - INFO - Progreso iter 21500: T=7.54, Fitness=116.5, Mejor=129.0, Tasa_acept=93.0%
2025-10-23 05:59:39,550 - DEBUG - Iter 21500: T=7.54, Fitness_actual=116.5, Mejor=129.0
2025-10-23 05:59:49,063 - WARNING - ⚠️  DEGRADACIÓN DETECTADA en iter 21600:
2025-10-23 05:59:49,063 - WARNING -    Mejor fitness: 129.0
2025-10-23 05:59:49,064 - WARNING -    Fitness promedio reciente: 98.5
2025-10-23 05:59:49,064 - WARNING -    Degradación: 30.5
2025-10-23 05:59:49,065 - WARNING -    🔄 RESTAURANDO mejor solución...
2025-10-23 05:59:49,066 - DEBUG - Iter 21600: T=7.52, Fitness_actual=129.0, Mejor=129.0
2025-10-23 05:59:58,705 - WARNING - ⚠️  DEGRADACIÓN DETECTADA en iter 21700:
2025-10-23 05:59:58,705 - WARNING -    Mejor fitness: 129.0
2025-10-23 05:59:58,706 - WARNING -    Fitness promedio reciente: 105.9
2025-10-23 05:59:58,706 - WARNING -    Degradación: 23.1
2025-10-23 05:59:58,706 - WARNING -    🔄 RESTAURANDO mejor solución...
2025-10-23 05:59:58,708 - DEBUG - Iter 21700: T=7.51, Fitness_actual=129.0, Mejor=129.0
2025-10-23 06:00:08,233 - DEBUG - Iter 21800: T=7.49, Fitness_actual=110.5, Mejor=129.0
2025-10-23 06:00:13,018 - WARNING - ⚠️  DEGRADACIÓN DETECTADA en iter 21850:
2025-10-23 06:00:13,018 - WARNING -    Mejor fitness: 129.0
2025-10-23 06:00:13,019 - WARNING -    Fitness promedio reciente: 103.3
2025-10-23 06:00:13,019 - WARNING -    Degradación: 25.7
2025-10-23 06:00:13,019 - WARNING -    🔄 RESTAURANDO mejor solución...
2025-10-23 06:00:17,831 - DEBUG - Iter 21900: T=7.48, Fitness_actual=110.3, Mejor=129.0
2025-10-23 06:00:22,667 - WARNING - ⚠️  DEGRADACIÓN DETECTADA en iter 21950:
2025-10-23 06:00:22,667 - WARNING -    Mejor fitness: 129.0
2025-10-23 06:00:22,668 - WARNING -    Fitness promedio reciente: 105.0
2025-10-23 06:00:22,668 - WARNING -    Degradación: 24.0
2025-10-23 06:00:22,668 - WARNING -    🔄 RESTAURANDO mejor solución...
2025-10-23 06:00:22,670 - INFO - 🌟 MEJORA #129 en iter 21950: Fitness=129.0 (+0.0), Puntos=15343
2025-10-23 06:00:27,480 - INFO -   Iter 22000 | Tiempo:   23.7min ( 9.9%) | T =     7.46 | Fitness =    110.7 | Mejor =    129.0 | Aceptación =  93.0%
2025-10-23 06:00:27,480 - INFO - Progreso iter 22000: T=7.46, Fitness=110.7, Mejor=129.0, Tasa_acept=93.0%
2025-10-23 06:00:27,482 - DEBUG - Iter 22000: T=7.46, Fitness_actual=110.7, Mejor=129.0
2025-10-23 06:00:37,131 - WARNING - ⚠️  DEGRADACIÓN DETECTADA en iter 22100:
2025-10-23 06:00:37,131 - WARNING -    Mejor fitness: 129.0
2025-10-23 06:00:37,131 - WARNING -    Fitness promedio reciente: 90.7
2025-10-23 06:00:37,132 - WARNING -    Degradación: 38.3
2025-10-23 06:00:37,132 - WARNING -    🔄 RESTAURANDO mejor solución...
2025-10-23 06:00:37,133 - DEBUG - Iter 22100: T=7.45, Fitness_actual=129.0, Mejor=129.0
2025-10-23 06:00:46,839 - WARNING - ⚠️  DEGRADACIÓN DETECTADA en iter 22200:
2025-10-23 06:00:46,839 - WARNING -    Mejor fitness: 129.0
2025-10-23 06:00:46,840 - WARNING -    Fitness promedio reciente: 93.0
2025-10-23 06:00:46,840 - WARNING -    Degradación: 36.0
2025-10-23 06:00:46,840 - WARNING -    🔄 RESTAURANDO mejor solución...
2025-10-23 06:00:46,842 - DEBUG - Iter 22200: T=7.43, Fitness_actual=129.0, Mejor=129.0
2025-10-23 06:00:48,196 - INFO - Iter 22214: Aceptada solución con delta=-11.6 (T=7.43)
2025-10-23 06:00:48,196 - INFO -   📊 Desglose del cambio:
2025-10-23 06:00:48,197 - INFO -      Puntos: -758 → 14134 total
2025-10-23 06:00:48,197 - INFO -      Tiempo: -599.4min → 12426.5min total
2025-10-23 06:00:48,197 - INFO -      Distancia: -7.0km → 152.3km total
2025-10-23 06:00:56,561 - WARNING - ⚠️  DEGRADACIÓN DETECTADA en iter 22300:
2025-10-23 06:00:56,561 - WARNING -    Mejor fitness: 129.0
2025-10-23 06:00:56,562 - WARNING -    Fitness promedio reciente: 92.1
2025-10-23 06:00:56,562 - WARNING -    Degradación: 36.9
2025-10-23 06:00:56,562 - WARNING -    🔄 RESTAURANDO mejor solución...
2025-10-23 06:00:56,566 - DEBUG - Iter 22300: T=7.42, Fitness_actual=129.0, Mejor=129.0
2025-10-23 06:01:06,262 - WARNING - ⚠️  DEGRADACIÓN DETECTADA en iter 22400:
2025-10-23 06:01:06,262 - WARNING -    Mejor fitness: 129.0
2025-10-23 06:01:06,262 - WARNING -    Fitness promedio reciente: 92.5
2025-10-23 06:01:06,263 - WARNING -    Degradación: 36.5
2025-10-23 06:01:06,263 - WARNING -    🔄 RESTAURANDO mejor solución...
2025-10-23 06:01:06,264 - DEBUG - Iter 22400: T=7.40, Fitness_actual=129.0, Mejor=129.0
2025-10-23 06:01:15,920 - INFO -   Iter 22500 | Tiempo:   24.5min (10.2%) | T =     7.39 | Fitness =    101.2 | Mejor =    129.0 | Aceptación =  93.0%
2025-10-23 06:01:15,921 - INFO - Progreso iter 22500: T=7.39, Fitness=101.2, Mejor=129.0, Tasa_acept=93.0%
2025-10-23 06:01:15,921 - WARNING - ⚠️  DEGRADACIÓN DETECTADA en iter 22500:
2025-10-23 06:01:15,922 - WARNING -    Mejor fitness: 129.0
2025-10-23 06:01:15,922 - WARNING -    Fitness promedio reciente: 98.1
2025-10-23 06:01:15,924 - WARNING -    Degradación: 30.9
2025-10-23 06:01:15,924 - WARNING -    🔄 RESTAURANDO mejor solución...
2025-10-23 06:01:15,926 - DEBUG - Iter 22500: T=7.39, Fitness_actual=129.0, Mejor=129.0
2025-10-23 06:01:23,463 - DEBUG - Iter 22600: T=7.38, Fitness_actual=110.1, Mejor=129.0
2025-10-23 06:01:27,286 - WARNING - ⚠️  DEGRADACIÓN DETECTADA en iter 22650:
2025-10-23 06:01:27,286 - WARNING -    Mejor fitness: 129.0
2025-10-23 06:01:27,287 - WARNING -    Fitness promedio reciente: 104.2
2025-10-23 06:01:27,287 - WARNING -    Degradación: 24.8
2025-10-23 06:01:27,287 - WARNING -    🔄 RESTAURANDO mejor solución...
2025-10-23 06:01:31,041 - DEBUG - Iter 22700: T=7.37, Fitness_actual=112.8, Mejor=129.0
2025-10-23 06:01:34,795 - WARNING - ⚠️  DEGRADACIÓN DETECTADA en iter 22750:
2025-10-23 06:01:34,796 - WARNING -    Mejor fitness: 129.0
2025-10-23 06:01:34,796 - WARNING -    Fitness promedio reciente: 105.5
2025-10-23 06:01:34,797 - WARNING -    Degradación: 23.5
2025-10-23 06:01:34,797 - WARNING -    🔄 RESTAURANDO mejor solución...
2025-10-23 06:01:38,551 - DEBUG - Iter 22800: T=7.35, Fitness_actual=111.5, Mejor=129.0
2025-10-23 06:01:46,247 - WARNING - ⚠️  DEGRADACIÓN DETECTADA en iter 22900:
2025-10-23 06:01:46,247 - WARNING -    Mejor fitness: 129.0
2025-10-23 06:01:46,248 - WARNING -    Fitness promedio reciente: 102.5
2025-10-23 06:01:46,248 - WARNING -    Degradación: 26.5
2025-10-23 06:01:46,248 - WARNING -    🔄 RESTAURANDO mejor solución...
2025-10-23 06:01:46,250 - DEBUG - Iter 22900: T=7.34, Fitness_actual=129.0, Mejor=129.0
2025-10-23 06:01:46,250 - INFO - 🌟 MEJORA #130 en iter 22900: Fitness=129.0 (+0.0), Puntos=15343
2025-10-23 06:01:46,250 - INFO -   ✨ Mejora #130 en iteración 22901: Fitness = 129.0 | Puntos = 15343 | T = 7.34
2025-10-23 06:01:46,324 - INFO - 🌟 MEJORA #131 en iter 22901: Fitness=129.0 (+0.0), Puntos=15343
2025-10-23 06:01:53,811 - INFO -   Iter 23000 | Tiempo:   25.1min (10.5%) | T =     7.33 | Fitness =    111.7 | Mejor =    129.0 | Aceptación =  92.9%
2025-10-23 06:01:53,811 - INFO - Progreso iter 23000: T=7.33, Fitness=111.7, Mejor=129.0, Tasa_acept=92.9%
2025-10-23 06:01:53,813 - DEBUG - Iter 23000: T=7.33, Fitness_actual=111.7, Mejor=129.0
2025-10-23 06:01:55,321 - INFO - Iter 23020: Aceptada solución con delta=-12.2 (T=7.33)
2025-10-23 06:01:55,321 - INFO -   📊 Desglose del cambio:
2025-10-23 06:01:55,322 - INFO -      Puntos: -517 → 13795 total
2025-10-23 06:01:55,322 - INFO -      Tiempo: -900.8min → 12322.5min total
2025-10-23 06:01:55,322 - INFO -      Distancia: -5.6km → 146.9km total
2025-10-23 06:01:57,608 - WARNING - ⚠️  DEGRADACIÓN DETECTADA en iter 23050:
2025-10-23 06:01:57,608 - WARNING -    Mejor fitness: 129.0
2025-10-23 06:01:57,608 - WARNING -    Fitness promedio reciente: 98.1
2025-10-23 06:01:57,609 - WARNING -    Degradación: 30.9
2025-10-23 06:01:57,609 - WARNING -    🔄 RESTAURANDO mejor solución...
2025-10-23 06:01:57,610 - INFO - 🌟 MEJORA #132 en iter 23050: Fitness=129.0 (+0.0), Puntos=15343
2025-10-23 06:02:01,380 - DEBUG - Iter 23100: T=7.32, Fitness_actual=103.2, Mejor=129.0
2025-10-23 06:02:09,163 - WARNING - ⚠️  DEGRADACIÓN DETECTADA en iter 23200:
2025-10-23 06:02:09,164 - WARNING -    Mejor fitness: 129.0
2025-10-23 06:02:09,165 - WARNING -    Fitness promedio reciente: 92.7
2025-10-23 06:02:09,165 - WARNING -    Degradación: 36.4
2025-10-23 06:02:09,165 - WARNING -    🔄 RESTAURANDO mejor solución...
2025-10-23 06:02:09,166 - DEBUG - Iter 23200: T=7.31, Fitness_actual=129.0, Mejor=129.0
2025-10-23 06:02:16,823 - WARNING - ⚠️  DEGRADACIÓN DETECTADA en iter 23300:
2025-10-23 06:02:16,823 - WARNING -    Mejor fitness: 129.0
2025-10-23 06:02:16,824 - WARNING -    Fitness promedio reciente: 100.9
2025-10-23 06:02:16,824 - WARNING -    Degradación: 28.1
2025-10-23 06:02:16,824 - WARNING -    🔄 RESTAURANDO mejor solución...
2025-10-23 06:02:16,826 - DEBUG - Iter 23300: T=7.30, Fitness_actual=129.0, Mejor=129.0
2025-10-23 06:02:16,826 - INFO - 🌟 MEJORA #133 en iter 23300: Fitness=129.0 (+0.0), Puntos=15343
2025-10-23 06:02:24,039 - WARNING - ================================================================================
2025-10-23 06:02:24,039 - WARNING - ⚠️  SALTO ANORMAL DETECTADO en iteración 23394
2025-10-23 06:02:24,040 - WARNING -    Fitness actual: 101.8
2025-10-23 06:02:24,041 - WARNING -    Fitness vecino: 80.8
2025-10-23 06:02:24,041 - WARNING -    Delta: -21.0
2025-10-23 06:02:24,041 - WARNING -    Temperatura: 7.29
2025-10-23 06:02:24,042 - WARNING -    Tipo perturbación aplicada: (ver generar_vecino)
2025-10-23 06:02:24,042 - WARNING -    Vecino - Puntos: 13957, Tiempo: 14862.2min, Distancia: 270.6km
2025-10-23 06:02:24,042 - WARNING -    Actual - Puntos: 14426, Tiempo: 13873.9min, Distancia: 163.2km
2025-10-23 06:02:24,043 - WARNING -    Validez restricciones - Vecino: False, Actual: False
2025-10-23 06:02:24,043 - WARNING - ================================================================================
2025-10-23 06:02:24,043 - WARNING - ⚠️  SALTO ANORMAL DETECTADO en iteración 23394
2025-10-23 06:02:24,044 - WARNING -    Fitness: 101.8 → 80.8 (Δ=-21.0)
2025-10-23 06:02:24,044 - WARNING -    Ver detalles en archivo de log
2025-10-23 06:02:24,528 - DEBUG - Iter 23400: T=7.29, Fitness_actual=101.6, Mejor=129.0
2025-10-23 06:02:28,479 - WARNING - ⚠️  DEGRADACIÓN DETECTADA en iter 23450:
2025-10-23 06:02:28,479 - WARNING -    Mejor fitness: 129.0
2025-10-23 06:02:28,479 - WARNING -    Fitness promedio reciente: 99.8
2025-10-23 06:02:28,480 - WARNING -    Degradación: 29.2
2025-10-23 06:02:28,480 - WARNING -    🔄 RESTAURANDO mejor solución...
2025-10-23 06:02:32,341 - INFO -   Iter 23500 | Tiempo:   25.8min (10.7%) | T =     7.27 | Fitness =    119.5 | Mejor =    129.0 | Aceptación =  92.9%
2025-10-23 06:02:32,341 - INFO - Progreso iter 23500: T=7.27, Fitness=119.5, Mejor=129.0, Tasa_acept=92.9%
2025-10-23 06:02:32,344 - DEBUG - Iter 23500: T=7.27, Fitness_actual=119.5, Mejor=129.0
2025-10-23 06:02:36,207 - WARNING - ⚠️  DEGRADACIÓN DETECTADA en iter 23550:
2025-10-23 06:02:36,207 - WARNING -    Mejor fitness: 129.0
2025-10-23 06:02:36,208 - WARNING -    Fitness promedio reciente: 104.6
2025-10-23 06:02:36,208 - WARNING -    Degradación: 24.5
2025-10-23 06:02:36,208 - WARNING -    🔄 RESTAURANDO mejor solución...
2025-10-23 06:02:40,093 - DEBUG - Iter 23600: T=7.26, Fitness_actual=106.4, Mejor=129.0
2025-10-23 06:02:44,072 - WARNING - ⚠️  DEGRADACIÓN DETECTADA en iter 23650:
2025-10-23 06:02:44,073 - WARNING -    Mejor fitness: 129.0
2025-10-23 06:02:44,073 - WARNING -    Fitness promedio reciente: 103.0
2025-10-23 06:02:44,074 - WARNING -    Degradación: 26.0
2025-10-23 06:02:44,074 - WARNING -    🔄 RESTAURANDO mejor solución...
2025-10-23 06:02:47,951 - WARNING - ⚠️  DEGRADACIÓN DETECTADA en iter 23700:
2025-10-23 06:02:47,951 - WARNING -    Mejor fitness: 129.0
2025-10-23 06:02:47,952 - WARNING -    Fitness promedio reciente: 108.7
2025-10-23 06:02:47,952 - WARNING -    Degradación: 20.3
2025-10-23 06:02:47,952 - WARNING -    🔄 RESTAURANDO mejor solución...
2025-10-23 06:02:47,953 - DEBUG - Iter 23700: T=7.25, Fitness_actual=129.0, Mejor=129.0
2025-10-23 06:02:47,954 - INFO - 🌟 MEJORA #134 en iter 23700: Fitness=129.2 (+0.2), Puntos=15359
2025-10-23 06:02:56,057 - DEBUG - Iter 23800: T=7.24, Fitness_actual=93.5, Mejor=129.2
2025-10-23 06:03:00,130 - WARNING - ⚠️  DEGRADACIÓN DETECTADA en iter 23850:
2025-10-23 06:03:00,130 - WARNING -    Mejor fitness: 129.2
2025-10-23 06:03:00,131 - WARNING -    Fitness promedio reciente: 92.4
2025-10-23 06:03:00,131 - WARNING -    Degradación: 36.7
2025-10-23 06:03:00,131 - WARNING -    🔄 RESTAURANDO mejor solución...
2025-10-23 06:03:00,211 - INFO - 🌟 MEJORA #135 en iter 23851: Fitness=129.2 (+0.0), Puntos=15360
2025-10-23 06:03:00,211 - INFO -   ✨ Mejora #135 en iteración 23852: Fitness = 129.2 | Puntos = 15360 | T = 7.23
2025-10-23 06:03:04,056 - DEBUG - Iter 23900: T=7.23, Fitness_actual=117.7, Mejor=129.2
2025-10-23 06:03:11,938 - INFO -   Iter 24000 | Tiempo:   26.4min (11.0%) | T =     7.21 | Fitness =    102.4 | Mejor =    129.2 | Aceptación =  92.9%
2025-10-23 06:03:11,938 - INFO - Progreso iter 24000: T=7.21, Fitness=102.4, Mejor=129.2, Tasa_acept=92.9%
2025-10-23 06:03:11,939 - WARNING - ⚠️  DEGRADACIÓN DETECTADA en iter 24000:
2025-10-23 06:03:11,939 - WARNING -    Mejor fitness: 129.2
2025-10-23 06:03:11,939 - WARNING -    Fitness promedio reciente: 106.2
2025-10-23 06:03:11,939 - WARNING -    Degradación: 23.0
2025-10-23 06:03:11,940 - WARNING -    🔄 RESTAURANDO mejor solución...
2025-10-23 06:03:11,941 - DEBUG - Iter 24000: T=7.21, Fitness_actual=129.2, Mejor=129.2
2025-10-23 06:03:13,198 - INFO - Iter 24016: Aceptada solución con delta=-10.8 (T=7.21)
2025-10-23 06:03:13,198 - INFO -   📊 Desglose del cambio:
2025-10-23 06:03:13,199 - INFO -      Puntos: -580 → 14814 total
2025-10-23 06:03:13,199 - INFO -      Tiempo: -866.7min → 12233.1min total
2025-10-23 06:03:13,199 - INFO -      Distancia: -6.1km → 134.0km total
2025-10-23 06:03:19,833 - WARNING - ⚠️  DEGRADACIÓN DETECTADA en iter 24100:
2025-10-23 06:03:19,833 - WARNING -    Mejor fitness: 129.2
2025-10-23 06:03:19,834 - WARNING -    Fitness promedio reciente: 104.3
2025-10-23 06:03:19,834 - WARNING -    Degradación: 24.9
2025-10-23 06:03:19,835 - WARNING -    🔄 RESTAURANDO mejor solución...
2025-10-23 06:03:19,836 - DEBUG - Iter 24100: T=7.20, Fitness_actual=129.2, Mejor=129.2
2025-10-23 06:03:19,836 - INFO - 🌟 MEJORA #136 en iter 24100: Fitness=129.2 (+0.0), Puntos=15360
2025-10-23 06:03:27,775 - DEBUG - Iter 24200: T=7.19, Fitness_actual=91.9, Mejor=129.2
2025-10-23 06:03:31,754 - WARNING - ⚠️  DEGRADACIÓN DETECTADA en iter 24250:
2025-10-23 06:03:31,754 - WARNING -    Mejor fitness: 129.2
2025-10-23 06:03:31,755 - WARNING -    Fitness promedio reciente: 90.9
2025-10-23 06:03:31,755 - WARNING -    Degradación: 38.3
2025-10-23 06:03:31,756 - WARNING -    🔄 RESTAURANDO mejor solución...
2025-10-23 06:03:35,740 - DEBUG - Iter 24300: T=7.18, Fitness_actual=120.3, Mejor=129.2
2025-10-23 06:03:35,741 - INFO - Iter 24300: Aceptada solución con delta=-10.9 (T=7.18)
2025-10-23 06:03:35,741 - INFO -   📊 Desglose del cambio:
2025-10-23 06:03:35,742 - INFO -      Puntos: -539 → 14638 total
2025-10-23 06:03:35,743 - INFO -      Tiempo: +456.8min → 13703.8min total
2025-10-23 06:03:35,743 - INFO -      Distancia: +9.7km → 160.9km total
2025-10-23 06:03:43,796 - WARNING - ⚠️  DEGRADACIÓN DETECTADA en iter 24400:
2025-10-23 06:03:43,796 - WARNING -    Mejor fitness: 129.2
2025-10-23 06:03:43,797 - WARNING -    Fitness promedio reciente: 94.0
2025-10-23 06:03:43,797 - WARNING -    Degradación: 35.2
2025-10-23 06:03:43,797 - WARNING -    🔄 RESTAURANDO mejor solución...
2025-10-23 06:03:43,798 - DEBUG - Iter 24400: T=7.17, Fitness_actual=129.2, Mejor=129.2
2025-10-23 06:03:51,696 - INFO -   Iter 24500 | Tiempo:   27.1min (11.3%) | T =     7.16 | Fitness =    102.0 | Mejor =    129.2 | Aceptación =  92.8%
2025-10-23 06:03:51,696 - INFO - Progreso iter 24500: T=7.16, Fitness=102.0, Mejor=129.2, Tasa_acept=92.8%
2025-10-23 06:03:51,697 - WARNING - ⚠️  DEGRADACIÓN DETECTADA en iter 24500:
2025-10-23 06:03:51,697 - WARNING -    Mejor fitness: 129.2
2025-10-23 06:03:51,697 - WARNING -    Fitness promedio reciente: 106.6
2025-10-23 06:03:51,698 - WARNING -    Degradación: 22.6
2025-10-23 06:03:51,698 - WARNING -    🔄 RESTAURANDO mejor solución...
2025-10-23 06:03:51,701 - DEBUG - Iter 24500: T=7.16, Fitness_actual=129.2, Mejor=129.2
2025-10-23 06:03:59,647 - WARNING - ⚠️  DEGRADACIÓN DETECTADA en iter 24600:
2025-10-23 06:03:59,647 - WARNING -    Mejor fitness: 129.2
2025-10-23 06:03:59,648 - WARNING -    Fitness promedio reciente: 101.4
2025-10-23 06:03:59,648 - WARNING -    Degradación: 27.8
2025-10-23 06:03:59,648 - WARNING -    🔄 RESTAURANDO mejor solución...
2025-10-23 06:03:59,651 - DEBUG - Iter 24600: T=7.14, Fitness_actual=129.2, Mejor=129.2
2025-10-23 06:04:07,588 - WARNING - ⚠️  DEGRADACIÓN DETECTADA en iter 24700:
2025-10-23 06:04:07,588 - WARNING -    Mejor fitness: 129.2
2025-10-23 06:04:07,589 - WARNING -    Fitness promedio reciente: 105.3
2025-10-23 06:04:07,589 - WARNING -    Degradación: 23.9
2025-10-23 06:04:07,589 - WARNING -    🔄 RESTAURANDO mejor solución...
2025-10-23 06:04:07,592 - DEBUG - Iter 24700: T=7.13, Fitness_actual=129.2, Mejor=129.2
2025-10-23 06:04:15,547 - DEBUG - Iter 24800: T=7.12, Fitness_actual=110.9, Mejor=129.2
2025-10-23 06:04:19,536 - WARNING - ⚠️  DEGRADACIÓN DETECTADA en iter 24850:
2025-10-23 06:04:19,536 - WARNING -    Mejor fitness: 129.2
2025-10-23 06:04:19,536 - WARNING -    Fitness promedio reciente: 107.7
2025-10-23 06:04:19,537 - WARNING -    Degradación: 21.5
2025-10-23 06:04:19,537 - WARNING -    🔄 RESTAURANDO mejor solución...
2025-10-23 06:04:23,533 - DEBUG - Iter 24900: T=7.11, Fitness_actual=102.3, Mejor=129.2
2025-10-23 06:04:27,608 - WARNING - ⚠️  DEGRADACIÓN DETECTADA en iter 24950:
2025-10-23 06:04:27,608 - WARNING -    Mejor fitness: 129.2
2025-10-23 06:04:27,609 - WARNING -    Fitness promedio reciente: 96.5
2025-10-23 06:04:27,609 - WARNING -    Degradación: 32.7
2025-10-23 06:04:27,609 - WARNING -    🔄 RESTAURANDO mejor solución...
2025-10-23 06:04:27,611 - INFO - 🌟 MEJORA #137 en iter 24950: Fitness=129.2 (+0.0), Puntos=15364
2025-10-23 06:04:27,690 - INFO - 🌟 MEJORA #138 en iter 24951: Fitness=129.2 (+0.0), Puntos=15364
2025-10-23 06:04:31,600 - INFO -   Iter 25000 | Tiempo:   27.8min (11.6%) | T =     7.10 | Fitness =    114.3 | Mejor =    129.2 | Aceptación =  92.8%
2025-10-23 06:04:31,600 - INFO - Progreso iter 25000: T=7.10, Fitness=114.3, Mejor=129.2, Tasa_acept=92.8%
2025-10-23 06:04:31,603 - DEBUG - Iter 25000: T=7.10, Fitness_actual=114.3, Mejor=129.2
2025-10-23 06:04:34,572 - WARNING - ================================================================================
2025-10-23 06:04:34,572 - WARNING - ⚠️  SALTO ANORMAL DETECTADO en iteración 25037
2025-10-23 06:04:34,573 - WARNING -    Fitness actual: 107.4
2025-10-23 06:04:34,573 - WARNING -    Fitness vecino: 86.8
2025-10-23 06:04:34,574 - WARNING -    Delta: -20.6
2025-10-23 06:04:34,574 - WARNING -    Temperatura: 7.09
2025-10-23 06:04:34,574 - WARNING -    Tipo perturbación aplicada: (ver generar_vecino)
2025-10-23 06:04:34,574 - WARNING -    Vecino - Puntos: 14092, Tiempo: 13124.4min, Distancia: 220.8km
2025-10-23 06:04:34,574 - WARNING -    Actual - Puntos: 14029, Tiempo: 11913.6min, Distancia: 137.0km
2025-10-23 06:04:34,575 - WARNING -    Validez restricciones - Vecino: False, Actual: False
2025-10-23 06:04:34,575 - WARNING - ================================================================================
2025-10-23 06:04:34,575 - WARNING - ⚠️  SALTO ANORMAL DETECTADO en iteración 25037
2025-10-23 06:04:34,575 - WARNING -    Fitness: 107.4 → 86.8 (Δ=-20.6)
2025-10-23 06:04:34,575 - WARNING -    Ver detalles en archivo de log
2025-10-23 06:04:34,576 - INFO - Iter 25037: Aceptada solución con delta=-20.6 (T=7.09)
2025-10-23 06:04:34,576 - INFO -   📊 Desglose del cambio:
2025-10-23 06:04:34,576 - INFO -      Puntos: +63 → 14092 total
2025-10-23 06:04:34,576 - INFO -      Tiempo: +1210.9min → 13124.4min total
2025-10-23 06:04:34,577 - INFO -      Distancia: +83.8km → 220.8km total
2025-10-23 06:04:34,659 - INFO - Iter 25038: Aceptada solución con delta=+13.4 (T=7.09)
2025-10-23 06:04:34,659 - INFO -   📊 Desglose del cambio:
2025-10-23 06:04:34,660 - INFO -      Puntos: -782 → 13310 total
2025-10-23 06:04:34,660 - INFO -      Tiempo: -1701.1min → 11423.3min total
2025-10-23 06:04:34,660 - INFO -      Distancia: -88.8km → 131.9km total
2025-10-23 06:04:39,738 - WARNING - ⚠️  DEGRADACIÓN DETECTADA en iter 25100:
2025-10-23 06:04:39,738 - WARNING -    Mejor fitness: 129.2
2025-10-23 06:04:39,739 - WARNING -    Fitness promedio reciente: 86.3
2025-10-23 06:04:39,740 - WARNING -    Degradación: 42.9
2025-10-23 06:04:39,740 - WARNING -    🔄 RESTAURANDO mejor solución...
2025-10-23 06:04:39,741 - DEBUG - Iter 25100: T=7.09, Fitness_actual=129.2, Mejor=129.2
2025-10-23 06:04:39,741 - INFO - 🌟 MEJORA #139 en iter 25100: Fitness=130.2 (+1.0), Puntos=15364
2025-10-23 06:04:39,821 - INFO - 🌟 MEJORA #140 en iter 25101: Fitness=130.2 (+0.0), Puntos=15364
2025-10-23 06:04:39,821 - INFO -   ✨ Mejora #140 en iteración 25102: Fitness = 130.2 | Puntos = 15364 | T = 7.09
2025-10-23 06:04:39,902 - INFO - 🌟 MEJORA #141 en iter 25102: Fitness=130.2 (+0.0), Puntos=15364
2025-10-23 06:04:47,734 - DEBUG - Iter 25200: T=7.07, Fitness_actual=92.7, Mejor=130.2
2025-10-23 06:04:51,749 - WARNING - ⚠️  DEGRADACIÓN DETECTADA en iter 25250:
2025-10-23 06:04:51,749 - WARNING -    Mejor fitness: 130.2
2025-10-23 06:04:51,750 - WARNING -    Fitness promedio reciente: 97.0
2025-10-23 06:04:51,750 - WARNING -    Degradación: 33.2
2025-10-23 06:04:51,750 - WARNING -    🔄 RESTAURANDO mejor solución...
2025-10-23 06:04:51,752 - INFO - 🌟 MEJORA #142 en iter 25250: Fitness=130.2 (+0.0), Puntos=15364
2025-10-23 06:04:51,911 - INFO - 🌟 MEJORA #143 en iter 25252: Fitness=130.3 (+0.0), Puntos=15367
2025-10-23 06:04:55,767 - DEBUG - Iter 25300: T=7.06, Fitness_actual=108.5, Mejor=130.3
2025-10-23 06:05:03,780 - WARNING - ⚠️  DEGRADACIÓN DETECTADA en iter 25400:
2025-10-23 06:05:03,781 - WARNING -    Mejor fitness: 130.3
2025-10-23 06:05:03,781 - WARNING -    Fitness promedio reciente: 85.9
2025-10-23 06:05:03,782 - WARNING -    Degradación: 44.4
2025-10-23 06:05:03,782 - WARNING -    🔄 RESTAURANDO mejor solución...
2025-10-23 06:05:03,783 - DEBUG - Iter 25400: T=7.05, Fitness_actual=130.3, Mejor=130.3
2025-10-23 06:05:03,944 - INFO - 🌟 MEJORA #144 en iter 25402: Fitness=130.3 (+0.0), Puntos=15368
2025-10-23 06:05:11,852 - INFO -   Iter 25500 | Tiempo:   28.4min (11.8%) | T =     7.04 | Fitness =     91.5 | Mejor =    130.3 | Aceptación =  92.7%
2025-10-23 06:05:11,852 - INFO - Progreso iter 25500: T=7.04, Fitness=91.5, Mejor=130.3, Tasa_acept=92.7%
2025-10-23 06:05:11,855 - DEBUG - Iter 25500: T=7.04, Fitness_actual=91.5, Mejor=130.3
2025-10-23 06:05:15,918 - WARNING - ⚠️  DEGRADACIÓN DETECTADA en iter 25550:
2025-10-23 06:05:15,918 - WARNING -    Mejor fitness: 130.3
2025-10-23 06:05:15,919 - WARNING -    Fitness promedio reciente: 89.1
2025-10-23 06:05:15,919 - WARNING -    Degradación: 41.2
2025-10-23 06:05:15,919 - WARNING -    🔄 RESTAURANDO mejor solución...
2025-10-23 06:05:19,941 - DEBUG - Iter 25600: T=7.03, Fitness_actual=99.1, Mejor=130.3
2025-10-23 06:05:23,996 - WARNING - ⚠️  DEGRADACIÓN DETECTADA en iter 25650:
2025-10-23 06:05:23,997 - WARNING -    Mejor fitness: 130.3
2025-10-23 06:05:23,997 - WARNING -    Fitness promedio reciente: 96.1
2025-10-23 06:05:23,997 - WARNING -    Degradación: 34.2
2025-10-23 06:05:23,998 - WARNING -    🔄 RESTAURANDO mejor solución...
2025-10-23 06:05:28,052 - DEBUG - Iter 25700: T=7.02, Fitness_actual=113.6, Mejor=130.3
2025-10-23 06:05:36,195 - DEBUG - Iter 25800: T=7.00, Fitness_actual=111.3, Mejor=130.3
2025-10-23 06:05:40,273 - WARNING - ⚠️  DEGRADACIÓN DETECTADA en iter 25850:
2025-10-23 06:05:40,273 - WARNING -    Mejor fitness: 130.3
2025-10-23 06:05:40,273 - WARNING -    Fitness promedio reciente: 101.9
2025-10-23 06:05:40,274 - WARNING -    Degradación: 28.4
2025-10-23 06:05:40,274 - WARNING -    🔄 RESTAURANDO mejor solución...
2025-10-23 06:05:40,356 - INFO - 🌟 MEJORA #145 en iter 25851: Fitness=130.3 (+0.0), Puntos=15368
2025-10-23 06:05:40,356 - INFO -   ✨ Mejora #145 en iteración 25852: Fitness = 130.3 | Puntos = 15368 | T = 7.00
2025-10-23 06:05:40,438 - INFO - 🌟 MEJORA #146 en iter 25852: Fitness=130.3 (+0.0), Puntos=15368
2025-10-23 06:05:44,317 - DEBUG - Iter 25900: T=6.99, Fitness_actual=109.8, Mejor=130.3
2025-10-23 06:05:52,559 - INFO -   Iter 26000 | Tiempo:   29.1min (12.1%) | T =     6.98 | Fitness =     89.2 | Mejor =    130.3 | Aceptación =  92.7%
2025-10-23 06:05:52,559 - INFO - Progreso iter 26000: T=6.98, Fitness=89.2, Mejor=130.3, Tasa_acept=92.7%
2025-10-23 06:05:52,560 - WARNING - ⚠️  DEGRADACIÓN DETECTADA en iter 26000:
2025-10-23 06:05:52,560 - WARNING -    Mejor fitness: 130.3
2025-10-23 06:05:52,560 - WARNING -    Fitness promedio reciente: 91.0
2025-10-23 06:05:52,560 - WARNING -    Degradación: 39.3
2025-10-23 06:05:52,560 - WARNING -    🔄 RESTAURANDO mejor solución...
2025-10-23 06:05:52,562 - DEBUG - Iter 26000: T=6.98, Fitness_actual=130.3, Mejor=130.3
2025-10-23 06:06:00,715 - WARNING - ⚠️  DEGRADACIÓN DETECTADA en iter 26100:
2025-10-23 06:06:00,715 - WARNING -    Mejor fitness: 130.3
2025-10-23 06:06:00,715 - WARNING -    Fitness promedio reciente: 107.3
2025-10-23 06:06:00,716 - WARNING -    Degradación: 23.0
2025-10-23 06:06:00,716 - WARNING -    🔄 RESTAURANDO mejor solución...
2025-10-23 06:06:00,719 - DEBUG - Iter 26100: T=6.97, Fitness_actual=130.3, Mejor=130.3
2025-10-23 06:06:08,968 - WARNING - ⚠️  DEGRADACIÓN DETECTADA en iter 26200:
2025-10-23 06:06:08,968 - WARNING -    Mejor fitness: 130.3
2025-10-23 06:06:08,969 - WARNING -    Fitness promedio reciente: 104.8
2025-10-23 06:06:08,969 - WARNING -    Degradación: 25.5
2025-10-23 06:06:08,969 - WARNING -    🔄 RESTAURANDO mejor solución...
2025-10-23 06:06:08,971 - DEBUG - Iter 26200: T=6.96, Fitness_actual=130.3, Mejor=130.3
2025-10-23 06:06:08,971 - INFO - 🌟 MEJORA #147 en iter 26200: Fitness=130.3 (+0.0), Puntos=15368
2025-10-23 06:06:17,464 - DEBUG - Iter 26300: T=6.95, Fitness_actual=96.3, Mejor=130.3
2025-10-23 06:06:21,743 - WARNING - ⚠️  DEGRADACIÓN DETECTADA en iter 26350:
2025-10-23 06:06:21,744 - WARNING -    Mejor fitness: 130.3
2025-10-23 06:06:21,744 - WARNING -    Fitness promedio reciente: 94.4
2025-10-23 06:06:21,744 - WARNING -    Degradación: 35.8
2025-10-23 06:06:21,745 - WARNING -    🔄 RESTAURANDO mejor solución...
2025-10-23 06:06:25,837 - DEBUG - Iter 26400: T=6.93, Fitness_actual=108.5, Mejor=130.3
2025-10-23 06:06:33,986 - INFO -   Iter 26500 | Tiempo:   29.8min (12.4%) | T =     6.92 | Fitness =    112.5 | Mejor =    130.3 | Aceptación =  92.7%
2025-10-23 06:06:33,987 - INFO - Progreso iter 26500: T=6.92, Fitness=112.5, Mejor=130.3, Tasa_acept=92.7%
2025-10-23 06:06:33,990 - DEBUG - Iter 26500: T=6.92, Fitness_actual=112.5, Mejor=130.3
2025-10-23 06:06:38,115 - WARNING - ⚠️  DEGRADACIÓN DETECTADA en iter 26550:
2025-10-23 06:06:38,116 - WARNING -    Mejor fitness: 130.3
2025-10-23 06:06:38,116 - WARNING -    Fitness promedio reciente: 109.8
2025-10-23 06:06:38,116 - WARNING -    Degradación: 20.5
2025-10-23 06:06:38,117 - WARNING -    🔄 RESTAURANDO mejor solución...
2025-10-23 06:06:42,206 - DEBUG - Iter 26600: T=6.91, Fitness_actual=122.9, Mejor=130.3
2025-10-23 06:06:46,312 - WARNING - ⚠️  DEGRADACIÓN DETECTADA en iter 26650:
2025-10-23 06:06:46,312 - WARNING -    Mejor fitness: 130.3
2025-10-23 06:06:46,312 - WARNING -    Fitness promedio reciente: 105.7
2025-10-23 06:06:46,313 - WARNING -    Degradación: 24.6
2025-10-23 06:06:46,313 - WARNING -    🔄 RESTAURANDO mejor solución...
2025-10-23 06:06:46,399 - INFO - 🌟 MEJORA #148 en iter 26651: Fitness=130.3 (+0.0), Puntos=15373
2025-10-23 06:06:50,450 - DEBUG - Iter 26700: T=6.90, Fitness_actual=117.2, Mejor=130.3
2025-10-23 06:06:58,719 - WARNING - ⚠️  DEGRADACIÓN DETECTADA en iter 26800:
2025-10-23 06:06:58,719 - WARNING -    Mejor fitness: 130.3
2025-10-23 06:06:58,720 - WARNING -    Fitness promedio reciente: 109.4
2025-10-23 06:06:58,720 - WARNING -    Degradación: 21.0
2025-10-23 06:06:58,721 - WARNING -    🔄 RESTAURANDO mejor solución...
2025-10-23 06:06:58,722 - DEBUG - Iter 26800: T=6.89, Fitness_actual=130.3, Mejor=130.3
2025-10-23 06:06:58,968 - INFO - 🌟 MEJORA #149 en iter 26803: Fitness=130.3 (+0.0), Puntos=15374
2025-10-23 06:06:59,050 - INFO - 🌟 MEJORA #150 en iter 26804: Fitness=130.5 (+0.1), Puntos=15387
2025-10-23 06:06:59,050 - INFO -   ✨ Mejora #150 en iteración 26805: Fitness = 130.5 | Puntos = 15387 | T = 6.89
2025-10-23 06:07:07,045 - DEBUG - Iter 26900: T=6.87, Fitness_actual=110.7, Mejor=130.5
2025-10-23 06:07:11,252 - WARNING - ⚠️  DEGRADACIÓN DETECTADA en iter 26950:
2025-10-23 06:07:11,252 - WARNING -    Mejor fitness: 130.5
2025-10-23 06:07:11,253 - WARNING -    Fitness promedio reciente: 103.8
2025-10-23 06:07:11,253 - WARNING -    Degradación: 26.7
2025-10-23 06:07:11,254 - WARNING -    🔄 RESTAURANDO mejor solución...
2025-10-23 06:07:11,255 - INFO - 🌟 MEJORA #151 en iter 26950: Fitness=130.5 (+0.0), Puntos=15387
2025-10-23 06:07:11,339 - INFO - 🌟 MEJORA #152 en iter 26951: Fitness=130.5 (+0.0), Puntos=15387
2025-10-23 06:07:15,365 - INFO -   Iter 27000 | Tiempo:   30.5min (12.7%) | T =     6.86 | Fitness =     99.7 | Mejor =    130.5 | Aceptación =  92.6%
2025-10-23 06:07:15,365 - INFO - Progreso iter 27000: T=6.86, Fitness=99.7, Mejor=130.5, Tasa_acept=92.6%
2025-10-23 06:07:15,368 - DEBUG - Iter 27000: T=6.86, Fitness_actual=99.7, Mejor=130.5
2025-10-23 06:07:23,794 - WARNING - ⚠️  DEGRADACIÓN DETECTADA en iter 27100:
2025-10-23 06:07:23,794 - WARNING -    Mejor fitness: 130.5
2025-10-23 06:07:23,795 - WARNING -    Fitness promedio reciente: 79.5
2025-10-23 06:07:23,795 - WARNING -    Degradación: 50.9
2025-10-23 06:07:23,796 - WARNING -    🔄 RESTAURANDO mejor solución...
2025-10-23 06:07:23,797 - DEBUG - Iter 27100: T=6.85, Fitness_actual=130.5, Mejor=130.5
2025-10-23 06:07:32,117 - DEBUG - Iter 27200: T=6.84, Fitness_actual=105.2, Mejor=130.5
2025-10-23 06:07:36,288 - WARNING - ⚠️  DEGRADACIÓN DETECTADA en iter 27250:
2025-10-23 06:07:36,288 - WARNING -    Mejor fitness: 130.5
2025-10-23 06:07:36,289 - WARNING -    Fitness promedio reciente: 102.4
2025-10-23 06:07:36,289 - WARNING -    Degradación: 28.1
2025-10-23 06:07:36,289 - WARNING -    🔄 RESTAURANDO mejor solución...
2025-10-23 06:07:40,462 - DEBUG - Iter 27300: T=6.83, Fitness_actual=116.4, Mejor=130.5
2025-10-23 06:07:44,720 - WARNING - ⚠️  DEGRADACIÓN DETECTADA en iter 27350:
2025-10-23 06:07:44,720 - WARNING -    Mejor fitness: 130.5
2025-10-23 06:07:44,721 - WARNING -    Fitness promedio reciente: 100.5
2025-10-23 06:07:44,722 - WARNING -    Degradación: 30.0
2025-10-23 06:07:44,722 - WARNING -    🔄 RESTAURANDO mejor solución...
2025-10-23 06:07:44,892 - INFO - 🌟 MEJORA #153 en iter 27352: Fitness=130.6 (+0.1), Puntos=15396
2025-10-23 06:07:48,896 - DEBUG - Iter 27400: T=6.82, Fitness_actual=114.1, Mejor=130.6
2025-10-23 06:07:53,429 - INFO - Iter 27454: Aceptada solución con delta=-13.3 (T=6.81)
2025-10-23 06:07:53,429 - INFO -   📊 Desglose del cambio:
2025-10-23 06:07:53,430 - INFO -      Puntos: -530 → 13964 total
2025-10-23 06:07:53,430 - INFO -      Tiempo: -724.1min → 12182.8min total
2025-10-23 06:07:53,430 - INFO -      Distancia: -5.8km → 143.2km total
2025-10-23 06:07:57,285 - INFO -   Iter 27500 | Tiempo:   31.2min (13.0%) | T =     6.80 | Fitness =     88.2 | Mejor =    130.6 | Aceptación =  92.6%
2025-10-23 06:07:57,285 - INFO - Progreso iter 27500: T=6.80, Fitness=88.2, Mejor=130.6, Tasa_acept=92.6%
2025-10-23 06:07:57,285 - WARNING - ⚠️  DEGRADACIÓN DETECTADA en iter 27500:
2025-10-23 06:07:57,286 - WARNING -    Mejor fitness: 130.6
2025-10-23 06:07:57,286 - WARNING -    Fitness promedio reciente: 91.7
2025-10-23 06:07:57,286 - WARNING -    Degradación: 38.9
2025-10-23 06:07:57,286 - WARNING -    🔄 RESTAURANDO mejor solución...
2025-10-23 06:07:57,290 - DEBUG - Iter 27500: T=6.80, Fitness_actual=130.6, Mejor=130.6
2025-10-23 06:07:57,541 - INFO - 🌟 MEJORA #154 en iter 27503: Fitness=130.6 (+0.0), Puntos=15396
2025-10-23 06:08:05,567 - DEBUG - Iter 27600: T=6.79, Fitness_actual=95.2, Mejor=130.6
2025-10-23 06:08:09,745 - WARNING - ⚠️  DEGRADACIÓN DETECTADA en iter 27650:
2025-10-23 06:08:09,745 - WARNING -    Mejor fitness: 130.6
2025-10-23 06:08:09,746 - WARNING -    Fitness promedio reciente: 87.0
2025-10-23 06:08:09,746 - WARNING -    Degradación: 43.5
2025-10-23 06:08:09,746 - WARNING -    🔄 RESTAURANDO mejor solución...
2025-10-23 06:08:13,904 - DEBUG - Iter 27700: T=6.78, Fitness_actual=112.1, Mejor=130.6
2025-10-23 06:08:18,113 - WARNING - ⚠️  DEGRADACIÓN DETECTADA en iter 27750:
2025-10-23 06:08:18,113 - WARNING -    Mejor fitness: 130.6
2025-10-23 06:08:18,114 - WARNING -    Fitness promedio reciente: 109.3
2025-10-23 06:08:18,114 - WARNING -    Degradación: 21.3
2025-10-23 06:08:18,114 - WARNING -    🔄 RESTAURANDO mejor solución...
2025-10-23 06:08:18,283 - INFO - 🌟 MEJORA #155 en iter 27752: Fitness=130.6 (+0.0), Puntos=15396
2025-10-23 06:08:18,284 - INFO -   ✨ Mejora #155 en iteración 27753: Fitness = 130.6 | Puntos = 15396 | T = 6.78
2025-10-23 06:08:22,348 - DEBUG - Iter 27800: T=6.77, Fitness_actual=112.2, Mejor=130.6
2025-10-23 06:08:30,806 - WARNING - ⚠️  DEGRADACIÓN DETECTADA en iter 27900:
2025-10-23 06:08:30,806 - WARNING -    Mejor fitness: 130.6
2025-10-23 06:08:30,806 - WARNING -    Fitness promedio reciente: 102.8
2025-10-23 06:08:30,807 - WARNING -    Degradación: 27.8
2025-10-23 06:08:30,807 - WARNING -    🔄 RESTAURANDO mejor solución...
2025-10-23 06:08:30,808 - DEBUG - Iter 27900: T=6.76, Fitness_actual=130.6, Mejor=130.6
2025-10-23 06:08:39,211 - INFO -   Iter 28000 | Tiempo:   31.9min (13.3%) | T =     6.75 | Fitness =    106.7 | Mejor =    130.6 | Aceptación =  92.5%
2025-10-23 06:08:39,211 - INFO - Progreso iter 28000: T=6.75, Fitness=106.7, Mejor=130.6, Tasa_acept=92.5%
2025-10-23 06:08:39,212 - WARNING - ⚠️  DEGRADACIÓN DETECTADA en iter 28000:
2025-10-23 06:08:39,212 - WARNING -    Mejor fitness: 130.6
2025-10-23 06:08:39,212 - WARNING -    Fitness promedio reciente: 106.7
2025-10-23 06:08:39,212 - WARNING -    Degradación: 23.9
2025-10-23 06:08:39,212 - WARNING -    🔄 RESTAURANDO mejor solución...
2025-10-23 06:08:39,217 - DEBUG - Iter 28000: T=6.75, Fitness_actual=130.6, Mejor=130.6
2025-10-23 06:08:39,301 - INFO - 🌟 MEJORA #156 en iter 28001: Fitness=130.7 (+0.1), Puntos=15408
2025-10-23 06:08:47,643 - DEBUG - Iter 28100: T=6.73, Fitness_actual=108.5, Mejor=130.7
2025-10-23 06:08:51,855 - WARNING - ⚠️  DEGRADACIÓN DETECTADA en iter 28150:
2025-10-23 06:08:51,855 - WARNING -    Mejor fitness: 130.7
2025-10-23 06:08:51,856 - WARNING -    Fitness promedio reciente: 103.3
2025-10-23 06:08:51,856 - WARNING -    Degradación: 27.4
2025-10-23 06:08:51,856 - WARNING -    🔄 RESTAURANDO mejor solución...
2025-10-23 06:08:51,858 - INFO - 🌟 MEJORA #157 en iter 28150: Fitness=130.7 (+0.0), Puntos=15408
2025-10-23 06:08:52,114 - INFO - Iter 28153: Aceptada solución con delta=-10.0 (T=6.73)
2025-10-23 06:08:52,115 - INFO -   📊 Desglose del cambio:
2025-10-23 06:08:52,115 - INFO -      Puntos: +0 → 15408 total
2025-10-23 06:08:52,115 - INFO -      Tiempo: -23.2min → 12999.8min total
2025-10-23 06:08:52,116 - INFO -      Distancia: +0.6km → 136.0km total
2025-10-23 06:08:56,078 - DEBUG - Iter 28200: T=6.72, Fitness_actual=97.3, Mejor=130.7
2025-10-23 06:09:04,557 - WARNING - ⚠️  DEGRADACIÓN DETECTADA en iter 28300:
2025-10-23 06:09:04,557 - WARNING -    Mejor fitness: 130.7
2025-10-23 06:09:04,558 - WARNING -    Fitness promedio reciente: 91.2
2025-10-23 06:09:04,558 - WARNING -    Degradación: 39.4
2025-10-23 06:09:04,559 - WARNING -    🔄 RESTAURANDO mejor solución...
2025-10-23 06:09:04,560 - DEBUG - Iter 28300: T=6.71, Fitness_actual=130.7, Mejor=130.7
2025-10-23 06:09:13,056 - WARNING - ⚠️  DEGRADACIÓN DETECTADA en iter 28400:
2025-10-23 06:09:13,056 - WARNING -    Mejor fitness: 130.7
2025-10-23 06:09:13,057 - WARNING -    Fitness promedio reciente: 108.3
2025-10-23 06:09:13,057 - WARNING -    Degradación: 22.4
2025-10-23 06:09:13,058 - WARNING -    🔄 RESTAURANDO mejor solución...
2025-10-23 06:09:13,060 - DEBUG - Iter 28400: T=6.70, Fitness_actual=130.7, Mejor=130.7
2025-10-23 06:09:21,521 - INFO -   Iter 28500 | Tiempo:   32.6min (13.6%) | T =     6.69 | Fitness =    100.5 | Mejor =    130.7 | Aceptación =  92.5%
2025-10-23 06:09:21,522 - INFO - Progreso iter 28500: T=6.69, Fitness=100.5, Mejor=130.7, Tasa_acept=92.5%
2025-10-23 06:09:21,522 - WARNING - ⚠️  DEGRADACIÓN DETECTADA en iter 28500:
2025-10-23 06:09:21,523 - WARNING -    Mejor fitness: 130.7
2025-10-23 06:09:21,523 - WARNING -    Fitness promedio reciente: 109.0
2025-10-23 06:09:21,523 - WARNING -    Degradación: 21.7
2025-10-23 06:09:21,523 - WARNING -    🔄 RESTAURANDO mejor solución...
2025-10-23 06:09:21,525 - DEBUG - Iter 28500: T=6.69, Fitness_actual=130.7, Mejor=130.7
2025-10-23 06:09:30,035 - DEBUG - Iter 28600: T=6.68, Fitness_actual=108.5, Mejor=130.7
2025-10-23 06:09:34,337 - WARNING - ⚠️  DEGRADACIÓN DETECTADA en iter 28650:
2025-10-23 06:09:34,337 - WARNING -    Mejor fitness: 130.7
2025-10-23 06:09:34,338 - WARNING -    Fitness promedio reciente: 103.4
2025-10-23 06:09:34,338 - WARNING -    Degradación: 27.2
2025-10-23 06:09:34,338 - WARNING -    🔄 RESTAURANDO mejor solución...
2025-10-23 06:09:38,626 - DEBUG - Iter 28700: T=6.66, Fitness_actual=115.7, Mejor=130.7
2025-10-23 06:09:42,915 - WARNING - ⚠️  DEGRADACIÓN DETECTADA en iter 28750:
2025-10-23 06:09:42,915 - WARNING -    Mejor fitness: 130.7
2025-10-23 06:09:42,915 - WARNING -    Fitness promedio reciente: 106.4
2025-10-23 06:09:42,916 - WARNING -    Degradación: 24.3
2025-10-23 06:09:42,916 - WARNING -    🔄 RESTAURANDO mejor solución...
2025-10-23 06:09:43,005 - INFO - 🌟 MEJORA #158 en iter 28751: Fitness=130.7 (+0.0), Puntos=15408
2025-10-23 06:09:43,352 - INFO - 🌟 MEJORA #159 en iter 28755: Fitness=130.7 (+0.0), Puntos=15412
2025-10-23 06:09:43,611 - INFO - 🌟 MEJORA #160 en iter 28758: Fitness=130.7 (+0.0), Puntos=15412
2025-10-23 06:09:43,611 - INFO -   ✨ Mejora #160 en iteración 28759: Fitness = 130.7 | Puntos = 15412 | T = 6.66
2025-10-23 06:09:43,782 - INFO - 🌟 MEJORA #161 en iter 28760: Fitness=130.7 (+0.0), Puntos=15412
2025-10-23 06:09:43,868 - INFO - 🌟 MEJORA #162 en iter 28761: Fitness=130.7 (+0.0), Puntos=15412
2025-10-23 06:09:45,865 - INFO - Iter 28784: Aceptada solución con delta=-10.8 (T=6.65)
2025-10-23 06:09:45,865 - INFO -   📊 Desglose del cambio:
2025-10-23 06:09:45,866 - INFO -      Puntos: -678 → 14240 total
2025-10-23 06:09:45,866 - INFO -      Tiempo: -176.3min → 12449.0min total
2025-10-23 06:09:45,866 - INFO -      Distancia: +18.6km → 158.3km total
2025-10-23 06:09:47,291 - DEBUG - Iter 28800: T=6.65, Fitness_actual=97.7, Mejor=130.7
2025-10-23 06:09:56,143 - WARNING - ⚠️  DEGRADACIÓN DETECTADA en iter 28900:
2025-10-23 06:09:56,143 - WARNING -    Mejor fitness: 130.7
2025-10-23 06:09:56,144 - WARNING -    Fitness promedio reciente: 78.0
2025-10-23 06:09:56,144 - WARNING -    Degradación: 52.7
2025-10-23 06:09:56,144 - WARNING -    🔄 RESTAURANDO mejor solución...
2025-10-23 06:09:56,145 - DEBUG - Iter 28900: T=6.64, Fitness_actual=130.7, Mejor=130.7
2025-10-23 06:10:04,784 - INFO -   Iter 29000 | Tiempo:   33.3min (13.9%) | T =     6.63 | Fitness =    115.3 | Mejor =    130.7 | Aceptación =  92.5%
2025-10-23 06:10:04,785 - INFO - Progreso iter 29000: T=6.63, Fitness=115.3, Mejor=130.7, Tasa_acept=92.5%
2025-10-23 06:10:04,786 - DEBUG - Iter 29000: T=6.63, Fitness_actual=115.3, Mejor=130.7
2025-10-23 06:10:09,087 - WARNING - ⚠️  DEGRADACIÓN DETECTADA en iter 29050:
2025-10-23 06:10:09,087 - WARNING -    Mejor fitness: 130.7
2025-10-23 06:10:09,088 - WARNING -    Fitness promedio reciente: 106.4
2025-10-23 06:10:09,088 - WARNING -    Degradación: 24.3
2025-10-23 06:10:09,088 - WARNING -    🔄 RESTAURANDO mejor solución...
2025-10-23 06:10:09,090 - INFO - 🌟 MEJORA #163 en iter 29050: Fitness=130.7 (+0.0), Puntos=15412
2025-10-23 06:10:09,177 - INFO - 🌟 MEJORA #164 en iter 29051: Fitness=130.8 (+0.0), Puntos=15416
2025-10-23 06:10:09,355 - INFO - 🌟 MEJORA #165 en iter 29053: Fitness=130.8 (+0.0), Puntos=15416
2025-10-23 06:10:09,355 - INFO -   ✨ Mejora #165 en iteración 29054: Fitness = 130.8 | Puntos = 15416 | T = 6.62
2025-10-23 06:10:13,401 - DEBUG - Iter 29100: T=6.62, Fitness_actual=112.9, Mejor=130.8
2025-10-23 06:10:22,070 - WARNING - ⚠️  DEGRADACIÓN DETECTADA en iter 29200:
2025-10-23 06:10:22,070 - WARNING -    Mejor fitness: 130.8
2025-10-23 06:10:22,071 - WARNING -    Fitness promedio reciente: 102.7
2025-10-23 06:10:22,071 - WARNING -    Degradación: 28.1
2025-10-23 06:10:22,071 - WARNING -    🔄 RESTAURANDO mejor solución...
2025-10-23 06:10:22,072 - DEBUG - Iter 29200: T=6.61, Fitness_actual=130.8, Mejor=130.8
2025-10-23 06:10:22,418 - INFO - 🌟 MEJORA #166 en iter 29204: Fitness=130.8 (+0.0), Puntos=15420
2025-10-23 06:10:30,702 - DEBUG - Iter 29300: T=6.59, Fitness_actual=107.9, Mejor=130.8
2025-10-23 06:10:35,049 - WARNING - ⚠️  DEGRADACIÓN DETECTADA en iter 29350:
2025-10-23 06:10:35,049 - WARNING -    Mejor fitness: 130.8
2025-10-23 06:10:35,050 - WARNING -    Fitness promedio reciente: 103.8
2025-10-23 06:10:35,050 - WARNING -    Degradación: 27.0
2025-10-23 06:10:35,050 - WARNING -    🔄 RESTAURANDO mejor solución...
2025-10-23 06:10:39,415 - DEBUG - Iter 29400: T=6.58, Fitness_actual=120.1, Mejor=130.8
2025-10-23 06:10:43,754 - WARNING - ⚠️  DEGRADACIÓN DETECTADA en iter 29450:
2025-10-23 06:10:43,755 - WARNING -    Mejor fitness: 130.8
2025-10-23 06:10:43,755 - WARNING -    Fitness promedio reciente: 107.4
2025-10-23 06:10:43,755 - WARNING -    Degradación: 23.4
2025-10-23 06:10:43,756 - WARNING -    🔄 RESTAURANDO mejor solución...
2025-10-23 06:10:43,757 - INFO - 🌟 MEJORA #167 en iter 29450: Fitness=130.8 (+0.0), Puntos=15420
2025-10-23 06:10:44,015 - INFO - 🌟 MEJORA #168 en iter 29453: Fitness=130.8 (+0.0), Puntos=15424
2025-10-23 06:10:48,080 - INFO -   Iter 29500 | Tiempo:   34.0min (14.2%) | T =     6.57 | Fitness =    111.8 | Mejor =    130.8 | Aceptación =  92.5%
2025-10-23 06:10:48,081 - INFO - Progreso iter 29500: T=6.57, Fitness=111.8, Mejor=130.8, Tasa_acept=92.5%
2025-10-23 06:10:48,082 - DEBUG - Iter 29500: T=6.57, Fitness_actual=111.8, Mejor=130.8
2025-10-23 06:10:56,731 - WARNING - ⚠️  DEGRADACIÓN DETECTADA en iter 29600:
2025-10-23 06:10:56,731 - WARNING -    Mejor fitness: 130.8
2025-10-23 06:10:56,732 - WARNING -    Fitness promedio reciente: 95.8
2025-10-23 06:10:56,733 - WARNING -    Degradación: 35.0
2025-10-23 06:10:56,733 - WARNING -    🔄 RESTAURANDO mejor solución...
2025-10-23 06:10:56,737 - DEBUG - Iter 29600: T=6.56, Fitness_actual=130.8, Mejor=130.8
2025-10-23 06:11:05,523 - WARNING - ⚠️  DEGRADACIÓN DETECTADA en iter 29700:
2025-10-23 06:11:05,524 - WARNING -    Mejor fitness: 130.8
2025-10-23 06:11:05,524 - WARNING -    Fitness promedio reciente: 102.4
2025-10-23 06:11:05,525 - WARNING -    Degradación: 28.4
2025-10-23 06:11:05,525 - WARNING -    🔄 RESTAURANDO mejor solución...
2025-10-23 06:11:05,526 - DEBUG - Iter 29700: T=6.55, Fitness_actual=130.8, Mejor=130.8
2025-10-23 06:11:14,344 - WARNING - ⚠️  DEGRADACIÓN DETECTADA en iter 29800:
2025-10-23 06:11:14,345 - WARNING -    Mejor fitness: 130.8
2025-10-23 06:11:14,345 - WARNING -    Fitness promedio reciente: 110.7
2025-10-23 06:11:14,345 - WARNING -    Degradación: 20.2
2025-10-23 06:11:14,345 - WARNING -    🔄 RESTAURANDO mejor solución...
2025-10-23 06:11:14,349 - DEBUG - Iter 29800: T=6.53, Fitness_actual=130.8, Mejor=130.8
2025-10-23 06:11:23,051 - DEBUG - Iter 29900: T=6.52, Fitness_actual=112.8, Mejor=130.8
2025-10-23 06:11:27,427 - WARNING - ⚠️  DEGRADACIÓN DETECTADA en iter 29950:
2025-10-23 06:11:27,428 - WARNING -    Mejor fitness: 130.8
2025-10-23 06:11:27,428 - WARNING -    Fitness promedio reciente: 108.7
2025-10-23 06:11:27,428 - WARNING -    Degradación: 22.2
2025-10-23 06:11:27,429 - WARNING -    🔄 RESTAURANDO mejor solución...
2025-10-23 06:11:28,042 - INFO - 🌟 MEJORA #169 en iter 29957: Fitness=131.7 (+0.8), Puntos=15405
2025-10-23 06:11:28,129 - INFO - 🌟 MEJORA #170 en iter 29958: Fitness=131.7 (+0.0), Puntos=15405
2025-10-23 06:11:28,129 - INFO -   ✨ Mejora #170 en iteración 29959: Fitness = 131.7 | Puntos = 15405 | T = 6.52
2025-10-23 06:11:28,216 - INFO - 🌟 MEJORA #171 en iter 29959: Fitness=131.7 (+0.0), Puntos=15405
2025-10-23 06:11:30,501 - INFO - Iter 29985: Aceptada solución con delta=-12.0 (T=6.51)
2025-10-23 06:11:30,501 - INFO -   📊 Desglose del cambio:
2025-10-23 06:11:30,502 - INFO -      Puntos: -800 → 14608 total
2025-10-23 06:11:30,502 - INFO -      Tiempo: -482.3min → 12267.2min total
2025-10-23 06:11:30,502 - INFO -      Distancia: -3.9km → 123.9km total
2025-10-23 06:11:31,820 - INFO -   Iter 30000 | Tiempo:   34.8min (14.5%) | T =     6.51 | Fitness =    108.2 | Mejor =    131.7 | Aceptación =  92.4%
2025-10-23 06:11:31,820 - INFO - Progreso iter 30000: T=6.51, Fitness=108.2, Mejor=131.7, Tasa_acept=92.4%
2025-10-23 06:11:31,823 - DEBUG - Iter 30000: T=6.51, Fitness_actual=108.2, Mejor=131.7
2025-10-23 06:11:40,610 - WARNING - ⚠️  DEGRADACIÓN DETECTADA en iter 30100:
2025-10-23 06:11:40,610 - WARNING -    Mejor fitness: 131.7
2025-10-23 06:11:40,611 - WARNING -    Fitness promedio reciente: 87.9
2025-10-23 06:11:40,611 - WARNING -    Degradación: 43.7
2025-10-23 06:11:40,611 - WARNING -    🔄 RESTAURANDO mejor solución...
2025-10-23 06:11:40,612 - DEBUG - Iter 30100: T=6.50, Fitness_actual=131.7, Mejor=131.7
2025-10-23 06:11:40,613 - INFO - 🌟 MEJORA #172 en iter 30100: Fitness=131.7 (+0.0), Puntos=15405
2025-10-23 06:11:49,482 - DEBUG - Iter 30200: T=6.49, Fitness_actual=88.8, Mejor=131.7
2025-10-23 06:11:53,900 - WARNING - ⚠️  DEGRADACIÓN DETECTADA en iter 30250:
2025-10-23 06:11:53,900 - WARNING -    Mejor fitness: 131.7
2025-10-23 06:11:53,901 - WARNING -    Fitness promedio reciente: 84.6
2025-10-23 06:11:53,901 - WARNING -    Degradación: 47.0
2025-10-23 06:11:53,901 - WARNING -    🔄 RESTAURANDO mejor solución...
2025-10-23 06:11:53,903 - INFO - 🌟 MEJORA #173 en iter 30250: Fitness=131.8 (+0.1), Puntos=15415
2025-10-23 06:11:55,914 - INFO - Iter 30273: Aceptada solución con delta=-12.0 (T=6.48)
2025-10-23 06:11:55,914 - INFO -   📊 Desglose del cambio:
2025-10-23 06:11:55,915 - INFO -      Puntos: -802 → 14326 total
2025-10-23 06:11:55,915 - INFO -      Tiempo: -589.8min → 12590.2min total
2025-10-23 06:11:55,915 - INFO -      Distancia: -5.8km → 139.8km total
2025-10-23 06:11:58,281 - DEBUG - Iter 30300: T=6.48, Fitness_actual=101.7, Mejor=131.8
2025-10-23 06:12:07,167 - WARNING - ⚠️  DEGRADACIÓN DETECTADA en iter 30400:
2025-10-23 06:12:07,168 - WARNING -    Mejor fitness: 131.8
2025-10-23 06:12:07,168 - WARNING -    Fitness promedio reciente: 86.1
2025-10-23 06:12:07,169 - WARNING -    Degradación: 45.6
2025-10-23 06:12:07,169 - WARNING -    🔄 RESTAURANDO mejor solución...
2025-10-23 06:12:07,172 - DEBUG - Iter 30400: T=6.46, Fitness_actual=131.8, Mejor=131.8
2025-10-23 06:12:16,218 - INFO -   Iter 30500 | Tiempo:   35.5min (14.8%) | T =     6.45 | Fitness =    107.7 | Mejor =    131.8 | Aceptación =  92.4%
2025-10-23 06:12:16,218 - INFO - Progreso iter 30500: T=6.45, Fitness=107.7, Mejor=131.8, Tasa_acept=92.4%
2025-10-23 06:12:16,219 - WARNING - ⚠️  DEGRADACIÓN DETECTADA en iter 30500:
2025-10-23 06:12:16,219 - WARNING -    Mejor fitness: 131.8
2025-10-23 06:12:16,219 - WARNING -    Fitness promedio reciente: 109.8
2025-10-23 06:12:16,219 - WARNING -    Degradación: 21.9
2025-10-23 06:12:16,219 - WARNING -    🔄 RESTAURANDO mejor solución...
2025-10-23 06:12:16,221 - DEBUG - Iter 30500: T=6.45, Fitness_actual=131.8, Mejor=131.8
2025-10-23 06:12:25,130 - WARNING - ⚠️  DEGRADACIÓN DETECTADA en iter 30600:
2025-10-23 06:12:25,130 - WARNING -    Mejor fitness: 131.8
2025-10-23 06:12:25,131 - WARNING -    Fitness promedio reciente: 106.5
2025-10-23 06:12:25,131 - WARNING -    Degradación: 25.3
2025-10-23 06:12:25,131 - WARNING -    🔄 RESTAURANDO mejor solución...
2025-10-23 06:12:25,132 - DEBUG - Iter 30600: T=6.44, Fitness_actual=131.8, Mejor=131.8
2025-10-23 06:12:34,039 - DEBUG - Iter 30700: T=6.43, Fitness_actual=116.7, Mejor=131.8
2025-10-23 06:12:38,536 - WARNING - ⚠️  DEGRADACIÓN DETECTADA en iter 30750:
2025-10-23 06:12:38,536 - WARNING -    Mejor fitness: 131.8
2025-10-23 06:12:38,536 - WARNING -    Fitness promedio reciente: 107.8
2025-10-23 06:12:38,537 - WARNING -    Degradación: 23.9
2025-10-23 06:12:38,537 - WARNING -    🔄 RESTAURANDO mejor solución...
2025-10-23 06:12:42,996 - DEBUG - Iter 30800: T=6.42, Fitness_actual=106.4, Mejor=131.8
2025-10-23 06:12:47,441 - WARNING - ⚠️  DEGRADACIÓN DETECTADA en iter 30850:
2025-10-23 06:12:47,441 - WARNING -    Mejor fitness: 131.8
2025-10-23 06:12:47,442 - WARNING -    Fitness promedio reciente: 98.9
2025-10-23 06:12:47,442 - WARNING -    Degradación: 32.9
2025-10-23 06:12:47,442 - WARNING -    🔄 RESTAURANDO mejor solución...
2025-10-23 06:12:51,911 - DEBUG - Iter 30900: T=6.41, Fitness_actual=108.6, Mejor=131.8
2025-10-23 06:12:56,409 - WARNING - ⚠️  DEGRADACIÓN DETECTADA en iter 30950:
2025-10-23 06:12:56,409 - WARNING -    Mejor fitness: 131.8
2025-10-23 06:12:56,410 - WARNING -    Fitness promedio reciente: 102.8
2025-10-23 06:12:56,410 - WARNING -    Degradación: 28.9
2025-10-23 06:12:56,410 - WARNING -    🔄 RESTAURANDO mejor solución...
2025-10-23 06:13:00,885 - INFO -   Iter 31000 | Tiempo:   36.2min (15.1%) | T =     6.39 | Fitness =    115.3 | Mejor =    131.8 | Aceptación =  92.4%
2025-10-23 06:13:00,886 - INFO - Progreso iter 31000: T=6.39, Fitness=115.3, Mejor=131.8, Tasa_acept=92.4%
2025-10-23 06:13:00,888 - DEBUG - Iter 31000: T=6.39, Fitness_actual=115.3, Mejor=131.8
2025-10-23 06:13:09,851 - WARNING - ⚠️  DEGRADACIÓN DETECTADA en iter 31100:
2025-10-23 06:13:09,851 - WARNING -    Mejor fitness: 131.8
2025-10-23 06:13:09,852 - WARNING -    Fitness promedio reciente: 110.2
2025-10-23 06:13:09,852 - WARNING -    Degradación: 21.6
2025-10-23 06:13:09,852 - WARNING -    🔄 RESTAURANDO mejor solución...
2025-10-23 06:13:09,856 - DEBUG - Iter 31100: T=6.38, Fitness_actual=131.8, Mejor=131.8
2025-10-23 06:13:14,573 - INFO - Iter 31152: Aceptada solución con delta=-11.9 (T=6.38)
2025-10-23 06:13:14,573 - INFO -   📊 Desglose del cambio:
2025-10-23 06:13:14,574 - INFO -      Puntos: -792 → 13073 total
2025-10-23 06:13:14,575 - INFO -      Tiempo: -542.8min → 13451.4min total
2025-10-23 06:13:14,575 - INFO -      Distancia: -5.2km → 141.3km total
2025-10-23 06:13:18,943 - WARNING - ⚠️  DEGRADACIÓN DETECTADA en iter 31200:
2025-10-23 06:13:18,943 - WARNING -    Mejor fitness: 131.8
2025-10-23 06:13:18,943 - WARNING -    Fitness promedio reciente: 90.3
2025-10-23 06:13:18,944 - WARNING -    Degradación: 41.5
2025-10-23 06:13:18,944 - WARNING -    🔄 RESTAURANDO mejor solución...
2025-10-23 06:13:18,945 - DEBUG - Iter 31200: T=6.37, Fitness_actual=131.8, Mejor=131.8
2025-10-23 06:13:27,889 - WARNING - ⚠️  DEGRADACIÓN DETECTADA en iter 31300:
2025-10-23 06:13:27,889 - WARNING -    Mejor fitness: 131.8
2025-10-23 06:13:27,890 - WARNING -    Fitness promedio reciente: 111.5
2025-10-23 06:13:27,890 - WARNING -    Degradación: 20.3
2025-10-23 06:13:27,890 - WARNING -    🔄 RESTAURANDO mejor solución...
2025-10-23 06:13:27,892 - DEBUG - Iter 31300: T=6.36, Fitness_actual=131.8, Mejor=131.8
2025-10-23 06:13:28,877 - INFO - 🌟 MEJORA #174 en iter 31311: Fitness=131.8 (+0.0), Puntos=15416
2025-10-23 06:13:28,967 - INFO - 🌟 MEJORA #175 en iter 31312: Fitness=131.8 (+0.0), Puntos=15418
2025-10-23 06:13:28,968 - INFO -   ✨ Mejora #175 en iteración 31313: Fitness = 131.8 | Puntos = 15418 | T = 6.36
2025-10-23 06:13:29,058 - INFO - 🌟 MEJORA #176 en iter 31313: Fitness=131.8 (+0.0), Puntos=15418
2025-10-23 06:13:36,835 - DEBUG - Iter 31400: T=6.35, Fitness_actual=105.4, Mejor=131.8
2025-10-23 06:13:41,336 - WARNING - ⚠️  DEGRADACIÓN DETECTADA en iter 31450:
2025-10-23 06:13:41,336 - WARNING -    Mejor fitness: 131.8
2025-10-23 06:13:41,337 - WARNING -    Fitness promedio reciente: 106.0
2025-10-23 06:13:41,337 - WARNING -    Degradación: 25.8
2025-10-23 06:13:41,337 - WARNING -    🔄 RESTAURANDO mejor solución...
2025-10-23 06:13:45,835 - INFO -   Iter 31500 | Tiempo:   37.0min (15.4%) | T =     6.33 | Fitness =    111.7 | Mejor =    131.8 | Aceptación =  92.3%
2025-10-23 06:13:45,836 - INFO - Progreso iter 31500: T=6.33, Fitness=111.7, Mejor=131.8, Tasa_acept=92.3%
2025-10-23 06:13:45,839 - DEBUG - Iter 31500: T=6.33, Fitness_actual=111.7, Mejor=131.8
2025-10-23 06:13:50,338 - WARNING - ⚠️  DEGRADACIÓN DETECTADA en iter 31550:
2025-10-23 06:13:50,338 - WARNING -    Mejor fitness: 131.8
2025-10-23 06:13:50,339 - WARNING -    Fitness promedio reciente: 106.4
2025-10-23 06:13:50,339 - WARNING -    Degradación: 25.4
2025-10-23 06:13:50,339 - WARNING -    🔄 RESTAURANDO mejor solución...
2025-10-23 06:13:50,341 - INFO - 🌟 MEJORA #177 en iter 31550: Fitness=131.8 (+0.0), Puntos=15418
2025-10-23 06:13:54,837 - DEBUG - Iter 31600: T=6.32, Fitness_actual=123.3, Mejor=131.8
2025-10-23 06:14:03,869 - DEBUG - Iter 31700: T=6.31, Fitness_actual=112.9, Mejor=131.8
2025-10-23 06:14:08,357 - WARNING - ⚠️  DEGRADACIÓN DETECTADA en iter 31750:
2025-10-23 06:14:08,357 - WARNING -    Mejor fitness: 131.8
2025-10-23 06:14:08,358 - WARNING -    Fitness promedio reciente: 109.1
2025-10-23 06:14:08,358 - WARNING -    Degradación: 22.6
2025-10-23 06:14:08,358 - WARNING -    🔄 RESTAURANDO mejor solución...
2025-10-23 06:14:12,842 - DEBUG - Iter 31800: T=6.30, Fitness_actual=109.0, Mejor=131.8
2025-10-23 06:14:17,361 - WARNING - ⚠️  DEGRADACIÓN DETECTADA en iter 31850:
2025-10-23 06:14:17,361 - WARNING -    Mejor fitness: 131.8
2025-10-23 06:14:17,362 - WARNING -    Fitness promedio reciente: 97.4
2025-10-23 06:14:17,362 - WARNING -    Degradación: 34.4
2025-10-23 06:14:17,362 - WARNING -    🔄 RESTAURANDO mejor solución...
2025-10-23 06:14:21,858 - DEBUG - Iter 31900: T=6.29, Fitness_actual=111.5, Mejor=131.8
2025-10-23 06:14:30,939 - INFO -   Iter 32000 | Tiempo:   37.7min (15.7%) | T =     6.28 | Fitness =     92.9 | Mejor =    131.8 | Aceptación =  92.3%
2025-10-23 06:14:30,939 - INFO - Progreso iter 32000: T=6.28, Fitness=92.9, Mejor=131.8, Tasa_acept=92.3%
2025-10-23 06:14:30,940 - WARNING - ⚠️  DEGRADACIÓN DETECTADA en iter 32000:
2025-10-23 06:14:30,940 - WARNING -    Mejor fitness: 131.8
2025-10-23 06:14:30,940 - WARNING -    Fitness promedio reciente: 98.2
2025-10-23 06:14:30,941 - WARNING -    Degradación: 33.5
2025-10-23 06:14:30,941 - WARNING -    🔄 RESTAURANDO mejor solución...
2025-10-23 06:14:30,942 - DEBUG - Iter 32000: T=6.28, Fitness_actual=131.8, Mejor=131.8
2025-10-23 06:14:40,038 - DEBUG - Iter 32100: T=6.26, Fitness_actual=116.6, Mejor=131.8
2025-10-23 06:14:44,840 - WARNING - ⚠️  DEGRADACIÓN DETECTADA en iter 32150:
2025-10-23 06:14:44,840 - WARNING -    Mejor fitness: 131.8
2025-10-23 06:14:44,840 - WARNING -    Fitness promedio reciente: 101.6
2025-10-23 06:14:44,841 - WARNING -    Degradación: 30.2
2025-10-23 06:14:44,841 - WARNING -    🔄 RESTAURANDO mejor solución...
2025-10-23 06:14:49,351 - DEBUG - Iter 32200: T=6.25, Fitness_actual=111.8, Mejor=131.8
2025-10-23 06:14:54,015 - WARNING - ⚠️  DEGRADACIÓN DETECTADA en iter 32250:
2025-10-23 06:14:54,015 - WARNING -    Mejor fitness: 131.8
2025-10-23 06:14:54,017 - WARNING -    Fitness promedio reciente: 101.9
2025-10-23 06:14:54,017 - WARNING -    Degradación: 29.9
2025-10-23 06:14:54,017 - WARNING -    🔄 RESTAURANDO mejor solución...
2025-10-23 06:14:54,205 - INFO - 🌟 MEJORA #178 en iter 32252: Fitness=131.8 (+0.0), Puntos=15419
2025-10-23 06:14:58,549 - DEBUG - Iter 32300: T=6.24, Fitness_actual=116.6, Mejor=131.8
2025-10-23 06:15:07,618 - WARNING - ⚠️  DEGRADACIÓN DETECTADA en iter 32400:
2025-10-23 06:15:07,618 - WARNING -    Mejor fitness: 131.8
2025-10-23 06:15:07,618 - WARNING -    Fitness promedio reciente: 103.2
2025-10-23 06:15:07,619 - WARNING -    Degradación: 28.5
2025-10-23 06:15:07,619 - WARNING -    🔄 RESTAURANDO mejor solución...
2025-10-23 06:15:07,622 - DEBUG - Iter 32400: T=6.23, Fitness_actual=131.8, Mejor=131.8
2025-10-23 06:15:16,767 - INFO -   Iter 32500 | Tiempo:   38.5min (16.0%) | T =     6.22 | Fitness =    107.0 | Mejor =    131.8 | Aceptación =  92.3%
2025-10-23 06:15:16,767 - INFO - Progreso iter 32500: T=6.22, Fitness=107.0, Mejor=131.8, Tasa_acept=92.3%
2025-10-23 06:15:16,768 - WARNING - ⚠️  DEGRADACIÓN DETECTADA en iter 32500:
2025-10-23 06:15:16,768 - WARNING -    Mejor fitness: 131.8
2025-10-23 06:15:16,768 - WARNING -    Fitness promedio reciente: 106.2
2025-10-23 06:15:16,768 - WARNING -    Degradación: 25.5
2025-10-23 06:15:16,769 - WARNING -    🔄 RESTAURANDO mejor solución...
2025-10-23 06:15:16,770 - DEBUG - Iter 32500: T=6.22, Fitness_actual=131.8, Mejor=131.8
2025-10-23 06:15:16,770 - INFO - 🌟 MEJORA #179 en iter 32500: Fitness=131.8 (+0.0), Puntos=15419
2025-10-23 06:15:25,871 - DEBUG - Iter 32600: T=6.21, Fitness_actual=108.3, Mejor=131.8
2025-10-23 06:15:30,436 - WARNING - ⚠️  DEGRADACIÓN DETECTADA en iter 32650:
2025-10-23 06:15:30,437 - WARNING -    Mejor fitness: 131.8
2025-10-23 06:15:30,437 - WARNING -    Fitness promedio reciente: 102.9
2025-10-23 06:15:30,438 - WARNING -    Degradación: 28.9
2025-10-23 06:15:30,438 - WARNING -    🔄 RESTAURANDO mejor solución...
2025-10-23 06:15:34,987 - DEBUG - Iter 32700: T=6.19, Fitness_actual=115.6, Mejor=131.8
2025-10-23 06:15:39,528 - WARNING - ⚠️  DEGRADACIÓN DETECTADA en iter 32750:
2025-10-23 06:15:39,528 - WARNING -    Mejor fitness: 131.8
2025-10-23 06:15:39,529 - WARNING -    Fitness promedio reciente: 109.9
2025-10-23 06:15:39,529 - WARNING -    Degradación: 21.9
2025-10-23 06:15:39,529 - WARNING -    🔄 RESTAURANDO mejor solución...
2025-10-23 06:15:44,116 - DEBUG - Iter 32800: T=6.18, Fitness_actual=121.6, Mejor=131.8
2025-10-23 06:15:48,717 - WARNING - ⚠️  DEGRADACIÓN DETECTADA en iter 32850:
2025-10-23 06:15:48,718 - WARNING -    Mejor fitness: 131.8
2025-10-23 06:15:48,718 - WARNING -    Fitness promedio reciente: 110.9
2025-10-23 06:15:48,719 - WARNING -    Degradación: 20.9
2025-10-23 06:15:48,719 - WARNING -    🔄 RESTAURANDO mejor solución...
2025-10-23 06:15:53,337 - DEBUG - Iter 32900: T=6.17, Fitness_actual=108.0, Mejor=131.8
2025-10-23 06:16:02,570 - INFO -   Iter 33000 | Tiempo:   39.3min (16.4%) | T =     6.16 | Fitness =    108.4 | Mejor =    131.8 | Aceptación =  92.2%
2025-10-23 06:16:02,570 - INFO - Progreso iter 33000: T=6.16, Fitness=108.4, Mejor=131.8, Tasa_acept=92.2%
2025-10-23 06:16:02,578 - DEBUG - Iter 33000: T=6.16, Fitness_actual=108.4, Mejor=131.8
2025-10-23 06:16:07,251 - WARNING - ⚠️  DEGRADACIÓN DETECTADA en iter 33050:
2025-10-23 06:16:07,251 - WARNING -    Mejor fitness: 131.8
2025-10-23 06:16:07,252 - WARNING -    Fitness promedio reciente: 100.8
2025-10-23 06:16:07,252 - WARNING -    Degradación: 31.0
2025-10-23 06:16:07,253 - WARNING -    🔄 RESTAURANDO mejor solución...
2025-10-23 06:16:11,873 - DEBUG - Iter 33100: T=6.15, Fitness_actual=108.0, Mejor=131.8
2025-10-23 06:16:16,491 - WARNING - ⚠️  DEGRADACIÓN DETECTADA en iter 33150:
2025-10-23 06:16:16,491 - WARNING -    Mejor fitness: 131.8
2025-10-23 06:16:16,492 - WARNING -    Fitness promedio reciente: 102.2
2025-10-23 06:16:16,492 - WARNING -    Degradación: 29.6
2025-10-23 06:16:16,492 - WARNING -    🔄 RESTAURANDO mejor solución...
2025-10-23 06:16:21,126 - DEBUG - Iter 33200: T=6.14, Fitness_actual=109.4, Mejor=131.8
2025-10-23 06:16:25,776 - WARNING - ⚠️  DEGRADACIÓN DETECTADA en iter 33250:
2025-10-23 06:16:25,777 - WARNING -    Mejor fitness: 131.8
2025-10-23 06:16:25,777 - WARNING -    Fitness promedio reciente: 105.9
2025-10-23 06:16:25,777 - WARNING -    Degradación: 25.9
2025-10-23 06:16:25,778 - WARNING -    🔄 RESTAURANDO mejor solución...
2025-10-23 06:16:25,779 - INFO - 🌟 MEJORA #180 en iter 33250: Fitness=131.9 (+0.1), Puntos=15431
2025-10-23 06:16:25,779 - INFO -   ✨ Mejora #180 en iteración 33251: Fitness = 131.9 | Puntos = 15431 | T = 6.13
2025-10-23 06:16:25,872 - INFO - 🌟 MEJORA #181 en iter 33251: Fitness=131.9 (+0.0), Puntos=15431
2025-10-23 06:16:27,806 - INFO - Iter 33272: Aceptada solución con delta=-10.6 (T=6.13)
2025-10-23 06:16:27,806 - INFO -   📊 Desglose del cambio:
2025-10-23 06:16:27,807 - INFO -      Puntos: -14 → 15311 total
2025-10-23 06:16:27,807 - INFO -      Tiempo: +1698.5min → 14690.3min total
2025-10-23 06:16:27,807 - INFO -      Distancia: -1.0km → 138.0km total
2025-10-23 06:16:30,472 - DEBUG - Iter 33300: T=6.12, Fitness_actual=112.2, Mejor=131.9
2025-10-23 06:16:39,831 - WARNING - ⚠️  DEGRADACIÓN DETECTADA en iter 33400:
2025-10-23 06:16:39,832 - WARNING -    Mejor fitness: 131.9
2025-10-23 06:16:39,832 - WARNING -    Fitness promedio reciente: 98.7
2025-10-23 06:16:39,832 - WARNING -    Degradación: 33.2
2025-10-23 06:16:39,833 - WARNING -    🔄 RESTAURANDO mejor solución...
2025-10-23 06:16:39,834 - DEBUG - Iter 33400: T=6.11, Fitness_actual=131.9, Mejor=131.9
2025-10-23 06:16:40,023 - INFO - 🌟 MEJORA #182 en iter 33402: Fitness=132.0 (+0.1), Puntos=15440
2025-10-23 06:16:40,303 - INFO - 🌟 MEJORA #183 en iter 33405: Fitness=132.0 (+0.0), Puntos=15440
2025-10-23 06:16:49,221 - INFO -   Iter 33500 | Tiempo:   40.0min (16.7%) | T =     6.10 | Fitness =    109.9 | Mejor =    132.0 | Aceptación =  92.2%
2025-10-23 06:16:49,221 - INFO - Progreso iter 33500: T=6.10, Fitness=109.9, Mejor=132.0, Tasa_acept=92.2%
2025-10-23 06:16:49,222 - DEBUG - Iter 33500: T=6.10, Fitness_actual=109.9, Mejor=132.0
2025-10-23 06:16:53,878 - WARNING - ⚠️  DEGRADACIÓN DETECTADA en iter 33550:
2025-10-23 06:16:53,878 - WARNING -    Mejor fitness: 132.0
2025-10-23 06:16:53,878 - WARNING -    Fitness promedio reciente: 105.8
2025-10-23 06:16:53,879 - WARNING -    Degradación: 26.2
2025-10-23 06:16:53,879 - WARNING -    🔄 RESTAURANDO mejor solución...
2025-10-23 06:16:58,543 - DEBUG - Iter 33600: T=6.09, Fitness_actual=115.5, Mejor=132.0
2025-10-23 06:17:07,969 - WARNING - ⚠️  DEGRADACIÓN DETECTADA en iter 33700:
2025-10-23 06:17:07,970 - WARNING -    Mejor fitness: 132.0
2025-10-23 06:17:07,970 - WARNING -    Fitness promedio reciente: 100.4
2025-10-23 06:17:07,970 - WARNING -    Degradación: 31.6
2025-10-23 06:17:07,971 - WARNING -    🔄 RESTAURANDO mejor solución...
2025-10-23 06:17:07,974 - DEBUG - Iter 33700: T=6.08, Fitness_actual=132.0, Mejor=132.0
2025-10-23 06:17:17,473 - WARNING - ⚠️  DEGRADACIÓN DETECTADA en iter 33800:
2025-10-23 06:17:17,473 - WARNING -    Mejor fitness: 132.0
2025-10-23 06:17:17,474 - WARNING -    Fitness promedio reciente: 102.0
2025-10-23 06:17:17,474 - WARNING -    Degradación: 30.0
2025-10-23 06:17:17,474 - WARNING -    🔄 RESTAURANDO mejor solución...
2025-10-23 06:17:17,475 - DEBUG - Iter 33800: T=6.07, Fitness_actual=132.0, Mejor=132.0
2025-10-23 06:17:17,475 - INFO - 🌟 MEJORA #184 en iter 33800: Fitness=132.1 (+0.1), Puntos=15446
2025-10-23 06:17:26,913 - DEBUG - Iter 33900: T=6.05, Fitness_actual=90.5, Mejor=132.1
2025-10-23 06:17:31,624 - WARNING - ⚠️  DEGRADACIÓN DETECTADA en iter 33950:
2025-10-23 06:17:31,624 - WARNING -    Mejor fitness: 132.1
2025-10-23 06:17:31,625 - WARNING -    Fitness promedio reciente: 88.0
2025-10-23 06:17:31,625 - WARNING -    Degradación: 44.1
2025-10-23 06:17:31,625 - WARNING -    🔄 RESTAURANDO mejor solución...
2025-10-23 06:17:36,336 - INFO -   Iter 34000 | Tiempo:   40.8min (17.0%) | T =     6.04 | Fitness =    117.9 | Mejor =    132.1 | Aceptación =  92.2%
2025-10-23 06:17:36,336 - INFO - Progreso iter 34000: T=6.04, Fitness=117.9, Mejor=132.1, Tasa_acept=92.2%
2025-10-23 06:17:36,337 - DEBUG - Iter 34000: T=6.04, Fitness_actual=117.9, Mejor=132.1
2025-10-23 06:17:45,977 - WARNING - ⚠️  DEGRADACIÓN DETECTADA en iter 34100:
2025-10-23 06:17:45,977 - WARNING -    Mejor fitness: 132.1
2025-10-23 06:17:45,978 - WARNING -    Fitness promedio reciente: 97.1
2025-10-23 06:17:45,978 - WARNING -    Degradación: 35.0
2025-10-23 06:17:45,978 - WARNING -    🔄 RESTAURANDO mejor solución...
2025-10-23 06:17:45,982 - DEBUG - Iter 34100: T=6.03, Fitness_actual=132.1, Mejor=132.1
2025-10-23 06:17:55,457 - WARNING - ⚠️  DEGRADACIÓN DETECTADA en iter 34200:
2025-10-23 06:17:55,458 - WARNING -    Mejor fitness: 132.1
2025-10-23 06:17:55,458 - WARNING -    Fitness promedio reciente: 107.7
2025-10-23 06:17:55,458 - WARNING -    Degradación: 24.3
2025-10-23 06:17:55,459 - WARNING -    🔄 RESTAURANDO mejor solución...
2025-10-23 06:17:55,460 - DEBUG - Iter 34200: T=6.02, Fitness_actual=132.1, Mejor=132.1
2025-10-23 06:17:55,460 - INFO - 🌟 MEJORA #185 en iter 34200: Fitness=132.2 (+0.1), Puntos=15456
2025-10-23 06:17:55,461 - INFO -   ✨ Mejora #185 en iteración 34201: Fitness = 132.2 | Puntos = 15456 | T = 6.02
2025-10-23 06:18:04,987 - DEBUG - Iter 34300: T=6.01, Fitness_actual=104.8, Mejor=132.2
2025-10-23 06:18:09,710 - WARNING - ⚠️  DEGRADACIÓN DETECTADA en iter 34350:
2025-10-23 06:18:09,710 - WARNING -    Mejor fitness: 132.2
2025-10-23 06:18:09,711 - WARNING -    Fitness promedio reciente: 98.3
2025-10-23 06:18:09,711 - WARNING -    Degradación: 33.9
2025-10-23 06:18:09,711 - WARNING -    🔄 RESTAURANDO mejor solución...
2025-10-23 06:18:14,475 - DEBUG - Iter 34400: T=6.00, Fitness_actual=108.2, Mejor=132.2
2025-10-23 06:18:19,234 - WARNING - ⚠️  DEGRADACIÓN DETECTADA en iter 34450:
2025-10-23 06:18:19,235 - WARNING -    Mejor fitness: 132.2
2025-10-23 06:18:19,235 - WARNING -    Fitness promedio reciente: 103.5
2025-10-23 06:18:19,235 - WARNING -    Degradación: 28.6
2025-10-23 06:18:19,236 - WARNING -    🔄 RESTAURANDO mejor solución...
2025-10-23 06:18:23,989 - INFO -   Iter 34500 | Tiempo:   41.6min (17.3%) | T =     5.98 | Fitness =    114.0 | Mejor =    132.2 | Aceptación =  92.1%
2025-10-23 06:18:23,989 - INFO - Progreso iter 34500: T=5.98, Fitness=114.0, Mejor=132.2, Tasa_acept=92.1%
2025-10-23 06:18:23,992 - DEBUG - Iter 34500: T=5.98, Fitness_actual=114.0, Mejor=132.2
2025-10-23 06:18:28,760 - WARNING - ⚠️  DEGRADACIÓN DETECTADA en iter 34550:
2025-10-23 06:18:28,760 - WARNING -    Mejor fitness: 132.2
2025-10-23 06:18:28,761 - WARNING -    Fitness promedio reciente: 109.2
2025-10-23 06:18:28,761 - WARNING -    Degradación: 23.0
2025-10-23 06:18:28,761 - WARNING -    🔄 RESTAURANDO mejor solución...
2025-10-23 06:18:33,544 - DEBUG - Iter 34600: T=5.97, Fitness_actual=124.6, Mejor=132.2
2025-10-23 06:18:43,084 - WARNING - ⚠️  DEGRADACIÓN DETECTADA en iter 34700:
2025-10-23 06:18:43,084 - WARNING -    Mejor fitness: 132.2
2025-10-23 06:18:43,085 - WARNING -    Fitness promedio reciente: 98.0
2025-10-23 06:18:43,085 - WARNING -    Degradación: 34.2
2025-10-23 06:18:43,085 - WARNING -    🔄 RESTAURANDO mejor solución...
2025-10-23 06:18:43,087 - DEBUG - Iter 34700: T=5.96, Fitness_actual=132.2, Mejor=132.2
2025-10-23 06:18:52,661 - DEBUG - Iter 34800: T=5.95, Fitness_actual=113.1, Mejor=132.2
2025-10-23 06:19:02,490 - WARNING - ⚠️  DEGRADACIÓN DETECTADA en iter 34900:
2025-10-23 06:19:02,491 - WARNING -    Mejor fitness: 132.2
2025-10-23 06:19:02,491 - WARNING -    Fitness promedio reciente: 106.0
2025-10-23 06:19:02,492 - WARNING -    Degradación: 26.1
2025-10-23 06:19:02,492 - WARNING -    🔄 RESTAURANDO mejor solución...
2025-10-23 06:19:02,493 - DEBUG - Iter 34900: T=5.94, Fitness_actual=132.2, Mejor=132.2
2025-10-23 06:19:02,493 - INFO - 🌟 MEJORA #186 en iter 34900: Fitness=132.2 (+0.0), Puntos=15456
2025-10-23 06:19:12,099 - INFO -   Iter 35000 | Tiempo:   42.4min (17.7%) | T =     5.93 | Fitness =     88.3 | Mejor =    132.2 | Aceptación =  92.1%
2025-10-23 06:19:12,099 - INFO - Progreso iter 35000: T=5.93, Fitness=88.3, Mejor=132.2, Tasa_acept=92.1%
2025-10-23 06:19:12,102 - DEBUG - Iter 35000: T=5.93, Fitness_actual=88.3, Mejor=132.2
2025-10-23 06:19:16,876 - WARNING - ⚠️  DEGRADACIÓN DETECTADA en iter 35050:
2025-10-23 06:19:16,876 - WARNING -    Mejor fitness: 132.2
2025-10-23 06:19:16,877 - WARNING -    Fitness promedio reciente: 84.3
2025-10-23 06:19:16,877 - WARNING -    Degradación: 47.9
2025-10-23 06:19:16,877 - WARNING -    🔄 RESTAURANDO mejor solución...
2025-10-23 06:19:21,696 - DEBUG - Iter 35100: T=5.91, Fitness_actual=114.9, Mejor=132.2
2025-10-23 06:19:31,292 - WARNING - ⚠️  DEGRADACIÓN DETECTADA en iter 35200:
2025-10-23 06:19:31,292 - WARNING -    Mejor fitness: 132.2
2025-10-23 06:19:31,293 - WARNING -    Fitness promedio reciente: 107.9
2025-10-23 06:19:31,293 - WARNING -    Degradación: 24.3
2025-10-23 06:19:31,293 - WARNING -    🔄 RESTAURANDO mejor solución...
2025-10-23 06:19:31,295 - DEBUG - Iter 35200: T=5.90, Fitness_actual=132.2, Mejor=132.2
2025-10-23 06:19:37,369 - INFO - Iter 35263: Aceptada solución con delta=-12.1 (T=5.89)
2025-10-23 06:19:37,369 - INFO -   📊 Desglose del cambio:
2025-10-23 06:19:37,370 - INFO -      Puntos: -813 → 13535 total
2025-10-23 06:19:37,370 - INFO -      Tiempo: -633.0min → 12003.2min total
2025-10-23 06:19:37,371 - INFO -      Distancia: -6.5km → 142.4km total
2025-10-23 06:19:40,923 - WARNING - ⚠️  DEGRADACIÓN DETECTADA en iter 35300:
2025-10-23 06:19:40,923 - WARNING -    Mejor fitness: 132.2
2025-10-23 06:19:40,923 - WARNING -    Fitness promedio reciente: 92.0
2025-10-23 06:19:40,924 - WARNING -    Degradación: 40.2
2025-10-23 06:19:40,924 - WARNING -    🔄 RESTAURANDO mejor solución...
2025-10-23 06:19:40,925 - DEBUG - Iter 35300: T=5.89, Fitness_actual=132.2, Mejor=132.2
2025-10-23 06:19:50,548 - WARNING - ⚠️  DEGRADACIÓN DETECTADA en iter 35400:
2025-10-23 06:19:50,548 - WARNING -    Mejor fitness: 132.2
2025-10-23 06:19:50,549 - WARNING -    Fitness promedio reciente: 108.7
2025-10-23 06:19:50,549 - WARNING -    Degradación: 23.5
2025-10-23 06:19:50,549 - WARNING -    🔄 RESTAURANDO mejor solución...
2025-10-23 06:19:50,550 - DEBUG - Iter 35400: T=5.88, Fitness_actual=132.2, Mejor=132.2
2025-10-23 06:19:50,646 - INFO - 🌟 MEJORA #187 en iter 35401: Fitness=132.3 (+0.1), Puntos=15471
2025-10-23 06:19:50,839 - INFO - 🌟 MEJORA #188 en iter 35403: Fitness=132.3 (+0.0), Puntos=15471
2025-10-23 06:19:50,935 - INFO - 🌟 MEJORA #189 en iter 35404: Fitness=132.3 (+0.0), Puntos=15471
2025-10-23 06:20:00,113 - INFO -   Iter 35500 | Tiempo:   43.2min (18.0%) | T =     5.87 | Fitness =    106.4 | Mejor =    132.3 | Aceptación =  92.0%
2025-10-23 06:20:00,113 - INFO - Progreso iter 35500: T=5.87, Fitness=106.4, Mejor=132.3, Tasa_acept=92.0%
2025-10-23 06:20:00,123 - DEBUG - Iter 35500: T=5.87, Fitness_actual=106.4, Mejor=132.3
2025-10-23 06:20:04,917 - WARNING - ⚠️  DEGRADACIÓN DETECTADA en iter 35550:
2025-10-23 06:20:04,917 - WARNING -    Mejor fitness: 132.3
2025-10-23 06:20:04,918 - WARNING -    Fitness promedio reciente: 105.2
2025-10-23 06:20:04,918 - WARNING -    Degradación: 27.1
2025-10-23 06:20:04,918 - WARNING -    🔄 RESTAURANDO mejor solución...
2025-10-23 06:20:05,204 - INFO - Iter 35553: Aceptada solución con delta=-10.0 (T=5.86)
2025-10-23 06:20:05,205 - INFO -   📊 Desglose del cambio:
2025-10-23 06:20:05,205 - INFO -      Puntos: -802 → 14669 total
2025-10-23 06:20:05,205 - INFO -      Tiempo: -806.3min → 12470.8min total
2025-10-23 06:20:05,206 - INFO -      Distancia: -6.4km → 124.0km total
2025-10-23 06:20:09,712 - DEBUG - Iter 35600: T=5.86, Fitness_actual=106.4, Mejor=132.3
2025-10-23 06:20:14,502 - WARNING - ⚠️  DEGRADACIÓN DETECTADA en iter 35650:
2025-10-23 06:20:14,502 - WARNING -    Mejor fitness: 132.3
2025-10-23 06:20:14,503 - WARNING -    Fitness promedio reciente: 100.5
2025-10-23 06:20:14,503 - WARNING -    Degradación: 31.8
2025-10-23 06:20:14,504 - WARNING -    🔄 RESTAURANDO mejor solución...
2025-10-23 06:20:19,296 - DEBUG - Iter 35700: T=5.84, Fitness_actual=103.2, Mejor=132.3
2025-10-23 06:20:24,071 - WARNING - ⚠️  DEGRADACIÓN DETECTADA en iter 35750:
2025-10-23 06:20:24,071 - WARNING -    Mejor fitness: 132.3
2025-10-23 06:20:24,071 - WARNING -    Fitness promedio reciente: 105.7
2025-10-23 06:20:24,072 - WARNING -    Degradación: 26.6
2025-10-23 06:20:24,072 - WARNING -    🔄 RESTAURANDO mejor solución...
2025-10-23 06:20:28,897 - WARNING - ⚠️  DEGRADACIÓN DETECTADA en iter 35800:
2025-10-23 06:20:28,897 - WARNING -    Mejor fitness: 132.3
2025-10-23 06:20:28,897 - WARNING -    Fitness promedio reciente: 112.0
2025-10-23 06:20:28,898 - WARNING -    Degradación: 20.3
2025-10-23 06:20:28,898 - WARNING -    🔄 RESTAURANDO mejor solución...
2025-10-23 06:20:28,899 - DEBUG - Iter 35800: T=5.83, Fitness_actual=132.3, Mejor=132.3
2025-10-23 06:20:29,187 - INFO - 🌟 MEJORA #190 en iter 35803: Fitness=132.3 (+0.0), Puntos=15471
2025-10-23 06:20:29,187 - INFO -   ✨ Mejora #190 en iteración 35804: Fitness = 132.3 | Puntos = 15471 | T = 5.83
2025-10-23 06:20:38,479 - DEBUG - Iter 35900: T=5.82, Fitness_actual=92.2, Mejor=132.3
2025-10-23 06:20:43,304 - WARNING - ⚠️  DEGRADACIÓN DETECTADA en iter 35950:
2025-10-23 06:20:43,304 - WARNING -    Mejor fitness: 132.3
2025-10-23 06:20:43,305 - WARNING -    Fitness promedio reciente: 94.7
2025-10-23 06:20:43,305 - WARNING -    Degradación: 37.6
2025-10-23 06:20:43,305 - WARNING -    🔄 RESTAURANDO mejor solución...
2025-10-23 06:20:43,307 - INFO - 🌟 MEJORA #191 en iter 35950: Fitness=132.3 (+0.0), Puntos=15471
2025-10-23 06:20:48,156 - INFO -   Iter 36000 | Tiempo:   44.0min (18.3%) | T =     5.81 | Fitness =    113.1 | Mejor =    132.3 | Aceptación =  92.0%
2025-10-23 06:20:48,156 - INFO - Progreso iter 36000: T=5.81, Fitness=113.1, Mejor=132.3, Tasa_acept=92.0%
2025-10-23 06:20:48,159 - DEBUG - Iter 36000: T=5.81, Fitness_actual=113.1, Mejor=132.3
2025-10-23 06:20:57,979 - WARNING - ⚠️  DEGRADACIÓN DETECTADA en iter 36100:
2025-10-23 06:20:57,979 - WARNING -    Mejor fitness: 132.3
2025-10-23 06:20:57,980 - WARNING -    Fitness promedio reciente: 106.5
2025-10-23 06:20:57,980 - WARNING -    Degradación: 25.9
2025-10-23 06:20:57,980 - WARNING -    🔄 RESTAURANDO mejor solución...
2025-10-23 06:20:57,983 - DEBUG - Iter 36100: T=5.80, Fitness_actual=132.3, Mejor=132.3
2025-10-23 06:21:02,864 - WARNING - ⚠️  DEGRADACIÓN DETECTADA en iter 36150:
2025-10-23 06:21:02,864 - WARNING -    Mejor fitness: 132.3
2025-10-23 06:21:02,865 - WARNING -    Fitness promedio reciente: 107.6
2025-10-23 06:21:02,865 - WARNING -    Degradación: 24.7
2025-10-23 06:21:02,865 - WARNING -    🔄 RESTAURANDO mejor solución...
2025-10-23 06:21:07,709 - DEBUG - Iter 36200: T=5.79, Fitness_actual=119.4, Mejor=132.3
2025-10-23 06:21:09,063 - INFO - Iter 36214: Aceptada solución con delta=+11.0 (T=5.78)
2025-10-23 06:21:09,063 - INFO -   📊 Desglose del cambio:
2025-10-23 06:21:09,063 - INFO -      Puntos: +0 → 15577 total
2025-10-23 06:21:09,064 - INFO -      Tiempo: +150.0min → 12465.0min total
2025-10-23 06:21:09,064 - INFO -      Distancia: +0.0km → 125.8km total
2025-10-23 06:21:17,408 - WARNING - ⚠️  DEGRADACIÓN DETECTADA en iter 36300:
2025-10-23 06:21:17,408 - WARNING -    Mejor fitness: 132.3
2025-10-23 06:21:17,409 - WARNING -    Fitness promedio reciente: 106.6
2025-10-23 06:21:17,409 - WARNING -    Degradación: 25.8
2025-10-23 06:21:17,409 - WARNING -    🔄 RESTAURANDO mejor solución...
2025-10-23 06:21:17,411 - DEBUG - Iter 36300: T=5.77, Fitness_actual=132.3, Mejor=132.3
2025-10-23 06:21:17,411 - INFO - 🌟 MEJORA #192 en iter 36300: Fitness=132.6 (+0.3), Puntos=15498
2025-10-23 06:21:17,607 - INFO - 🌟 MEJORA #193 en iter 36302: Fitness=132.6 (+0.0), Puntos=15498
2025-10-23 06:21:27,189 - DEBUG - Iter 36400: T=5.76, Fitness_actual=104.0, Mejor=132.6
2025-10-23 06:21:32,125 - WARNING - ⚠️  DEGRADACIÓN DETECTADA en iter 36450:
2025-10-23 06:21:32,125 - WARNING -    Mejor fitness: 132.6
2025-10-23 06:21:32,126 - WARNING -    Fitness promedio reciente: 99.9
2025-10-23 06:21:32,126 - WARNING -    Degradación: 32.6
2025-10-23 06:21:32,127 - WARNING -    🔄 RESTAURANDO mejor solución...
2025-10-23 06:21:37,051 - INFO -   Iter 36500 | Tiempo:   44.8min (18.7%) | T =     5.75 | Fitness =    114.0 | Mejor =    132.6 | Aceptación =  92.0%
2025-10-23 06:21:37,051 - INFO - Progreso iter 36500: T=5.75, Fitness=114.0, Mejor=132.6, Tasa_acept=92.0%
2025-10-23 06:21:37,054 - DEBUG - Iter 36500: T=5.75, Fitness_actual=114.0, Mejor=132.6
2025-10-23 06:21:41,991 - WARNING - ⚠️  DEGRADACIÓN DETECTADA en iter 36550:
2025-10-23 06:21:41,991 - WARNING -    Mejor fitness: 132.6
2025-10-23 06:21:41,992 - WARNING -    Fitness promedio reciente: 104.5
2025-10-23 06:21:41,992 - WARNING -    Degradación: 28.1
2025-10-23 06:21:41,992 - WARNING -    🔄 RESTAURANDO mejor solución...
2025-10-23 06:21:46,948 - DEBUG - Iter 36600: T=5.74, Fitness_actual=112.4, Mejor=132.6
2025-10-23 06:21:51,912 - WARNING - ⚠️  DEGRADACIÓN DETECTADA en iter 36650:
2025-10-23 06:21:51,913 - WARNING -    Mejor fitness: 132.6
2025-10-23 06:21:51,913 - WARNING -    Fitness promedio reciente: 106.4
2025-10-23 06:21:51,913 - WARNING -    Degradación: 26.2
2025-10-23 06:21:51,913 - WARNING -    🔄 RESTAURANDO mejor solución...
2025-10-23 06:21:52,014 - INFO - 🌟 MEJORA #194 en iter 36651: Fitness=132.6 (+0.0), Puntos=15498
2025-10-23 06:21:56,881 - DEBUG - Iter 36700: T=5.73, Fitness_actual=112.7, Mejor=132.6
2025-10-23 06:22:06,896 - WARNING - ⚠️  DEGRADACIÓN DETECTADA en iter 36800:
2025-10-23 06:22:06,896 - WARNING -    Mejor fitness: 132.6
2025-10-23 06:22:06,897 - WARNING -    Fitness promedio reciente: 96.8
2025-10-23 06:22:06,897 - WARNING -    Degradación: 35.8
2025-10-23 06:22:06,897 - WARNING -    🔄 RESTAURANDO mejor solución...
2025-10-23 06:22:06,898 - DEBUG - Iter 36800: T=5.72, Fitness_actual=132.6, Mejor=132.6
2025-10-23 06:22:16,776 - WARNING - ⚠️  DEGRADACIÓN DETECTADA en iter 36900:
2025-10-23 06:22:16,776 - WARNING -    Mejor fitness: 132.6
2025-10-23 06:22:16,777 - WARNING -    Fitness promedio reciente: 104.7
2025-10-23 06:22:16,777 - WARNING -    Degradación: 27.9
2025-10-23 06:22:16,777 - WARNING -    🔄 RESTAURANDO mejor solución...
2025-10-23 06:22:16,781 - DEBUG - Iter 36900: T=5.71, Fitness_actual=132.6, Mejor=132.6
2025-10-23 06:22:26,698 - INFO -   Iter 37000 | Tiempo:   45.7min (19.0%) | T =     5.69 | Fitness =     97.1 | Mejor =    132.6 | Aceptación =  92.0%
2025-10-23 06:22:26,698 - INFO - Progreso iter 37000: T=5.69, Fitness=97.1, Mejor=132.6, Tasa_acept=92.0%
2025-10-23 06:22:26,699 - WARNING - ⚠️  DEGRADACIÓN DETECTADA en iter 37000:
2025-10-23 06:22:26,699 - WARNING -    Mejor fitness: 132.6
2025-10-23 06:22:26,699 - WARNING -    Fitness promedio reciente: 107.8
2025-10-23 06:22:26,699 - WARNING -    Degradación: 24.8
2025-10-23 06:22:26,700 - WARNING -    🔄 RESTAURANDO mejor solución...
2025-10-23 06:22:26,701 - DEBUG - Iter 37000: T=5.69, Fitness_actual=132.6, Mejor=132.6
2025-10-23 06:22:36,620 - DEBUG - Iter 37100: T=5.68, Fitness_actual=110.5, Mejor=132.6
2025-10-23 06:22:41,562 - WARNING - ⚠️  DEGRADACIÓN DETECTADA en iter 37150:
2025-10-23 06:22:41,562 - WARNING -    Mejor fitness: 132.6
2025-10-23 06:22:41,563 - WARNING -    Fitness promedio reciente: 107.9
2025-10-23 06:22:41,563 - WARNING -    Degradación: 24.7
2025-10-23 06:22:41,563 - WARNING -    🔄 RESTAURANDO mejor solución...
2025-10-23 06:22:46,537 - DEBUG - Iter 37200: T=5.67, Fitness_actual=117.1, Mejor=132.6
2025-10-23 06:22:51,518 - WARNING - ⚠️  DEGRADACIÓN DETECTADA en iter 37250:
2025-10-23 06:22:51,518 - WARNING -    Mejor fitness: 132.6
2025-10-23 06:22:51,519 - WARNING -    Fitness promedio reciente: 111.4
2025-10-23 06:22:51,519 - WARNING -    Degradación: 21.1
2025-10-23 06:22:51,519 - WARNING -    🔄 RESTAURANDO mejor solución...
2025-10-23 06:22:56,471 - DEBUG - Iter 37300: T=5.66, Fitness_actual=119.4, Mejor=132.6
2025-10-23 06:23:01,440 - WARNING - ⚠️  DEGRADACIÓN DETECTADA en iter 37350:
2025-10-23 06:23:01,440 - WARNING -    Mejor fitness: 132.6
2025-10-23 06:23:01,441 - WARNING -    Fitness promedio reciente: 112.2
2025-10-23 06:23:01,441 - WARNING -    Degradación: 20.4
2025-10-23 06:23:01,441 - WARNING -    🔄 RESTAURANDO mejor solución...
2025-10-23 06:23:01,443 - INFO - 🌟 MEJORA #195 en iter 37350: Fitness=132.6 (+0.1), Puntos=15503
2025-10-23 06:23:01,443 - INFO -   ✨ Mejora #195 en iteración 37351: Fitness = 132.6 | Puntos = 15503 | T = 5.65
2025-10-23 06:23:06,385 - DEBUG - Iter 37400: T=5.65, Fitness_actual=117.7, Mejor=132.6
2025-10-23 06:23:16,375 - INFO -   Iter 37500 | Tiempo:   46.5min (19.4%) | T =     5.64 | Fitness =    109.4 | Mejor =    132.6 | Aceptación =  91.9%
2025-10-23 06:23:16,375 - INFO - Progreso iter 37500: T=5.64, Fitness=109.4, Mejor=132.6, Tasa_acept=91.9%
2025-10-23 06:23:16,377 - DEBUG - Iter 37500: T=5.64, Fitness_actual=109.4, Mejor=132.6
2025-10-23 06:23:21,351 - WARNING - ⚠️  DEGRADACIÓN DETECTADA en iter 37550:
2025-10-23 06:23:21,351 - WARNING -    Mejor fitness: 132.6
2025-10-23 06:23:21,352 - WARNING -    Fitness promedio reciente: 110.0
2025-10-23 06:23:21,352 - WARNING -    Degradación: 22.6
2025-10-23 06:23:21,352 - WARNING -    🔄 RESTAURANDO mejor solución...
2025-10-23 06:23:26,338 - DEBUG - Iter 37600: T=5.62, Fitness_actual=113.2, Mejor=132.6
2025-10-23 06:23:31,297 - WARNING - ⚠️  DEGRADACIÓN DETECTADA en iter 37650:
2025-10-23 06:23:31,297 - WARNING -    Mejor fitness: 132.6
2025-10-23 06:23:31,298 - WARNING -    Fitness promedio reciente: 108.1
2025-10-23 06:23:31,298 - WARNING -    Degradación: 24.5
2025-10-23 06:23:31,298 - WARNING -    🔄 RESTAURANDO mejor solución...
2025-10-23 06:23:31,399 - INFO - 🌟 MEJORA #196 en iter 37651: Fitness=132.7 (+0.0), Puntos=15506
2025-10-23 06:23:36,222 - DEBUG - Iter 37700: T=5.61, Fitness_actual=108.6, Mejor=132.7
2025-10-23 06:23:46,182 - WARNING - ⚠️  DEGRADACIÓN DETECTADA en iter 37800:
2025-10-23 06:23:46,182 - WARNING -    Mejor fitness: 132.7
2025-10-23 06:23:46,183 - WARNING -    Fitness promedio reciente: 95.3
2025-10-23 06:23:46,183 - WARNING -    Degradación: 37.3
2025-10-23 06:23:46,183 - WARNING -    🔄 RESTAURANDO mejor solución...
2025-10-23 06:23:46,187 - DEBUG - Iter 37800: T=5.60, Fitness_actual=132.7, Mejor=132.7
2025-10-23 06:23:56,178 - WARNING - ⚠️  DEGRADACIÓN DETECTADA en iter 37900:
2025-10-23 06:23:56,178 - WARNING -    Mejor fitness: 132.7
2025-10-23 06:23:56,178 - WARNING -    Fitness promedio reciente: 108.5
2025-10-23 06:23:56,179 - WARNING -    Degradación: 24.2
2025-10-23 06:23:56,179 - WARNING -    🔄 RESTAURANDO mejor solución...
2025-10-23 06:23:56,182 - DEBUG - Iter 37900: T=5.59, Fitness_actual=132.7, Mejor=132.7
2025-10-23 06:24:06,224 - INFO -   Iter 38000 | Tiempo:   47.3min (19.7%) | T =     5.58 | Fitness =     99.9 | Mejor =    132.7 | Aceptación =  91.9%
2025-10-23 06:24:06,224 - INFO - Progreso iter 38000: T=5.58, Fitness=99.9, Mejor=132.7, Tasa_acept=91.9%
2025-10-23 06:24:06,224 - WARNING - ⚠️  DEGRADACIÓN DETECTADA en iter 38000:
2025-10-23 06:24:06,225 - WARNING -    Mejor fitness: 132.7
2025-10-23 06:24:06,225 - WARNING -    Fitness promedio reciente: 99.9
2025-10-23 06:24:06,225 - WARNING -    Degradación: 32.8
2025-10-23 06:24:06,225 - WARNING -    🔄 RESTAURANDO mejor solución...
2025-10-23 06:24:06,226 - DEBUG - Iter 38000: T=5.58, Fitness_actual=132.7, Mejor=132.7
2025-10-23 06:24:16,174 - WARNING - ⚠️  DEGRADACIÓN DETECTADA en iter 38100:
2025-10-23 06:24:16,174 - WARNING -    Mejor fitness: 132.7
2025-10-23 06:24:16,175 - WARNING -    Fitness promedio reciente: 111.5
2025-10-23 06:24:16,175 - WARNING -    Degradación: 21.1
2025-10-23 06:24:16,175 - WARNING -    🔄 RESTAURANDO mejor solución...
2025-10-23 06:24:16,179 - DEBUG - Iter 38100: T=5.57, Fitness_actual=132.7, Mejor=132.7
2025-10-23 06:24:26,275 - WARNING - ⚠️  DEGRADACIÓN DETECTADA en iter 38200:
2025-10-23 06:24:26,275 - WARNING -    Mejor fitness: 132.7
2025-10-23 06:24:26,276 - WARNING -    Fitness promedio reciente: 109.7
2025-10-23 06:24:26,276 - WARNING -    Degradación: 23.0
2025-10-23 06:24:26,276 - WARNING -    🔄 RESTAURANDO mejor solución...
2025-10-23 06:24:26,280 - DEBUG - Iter 38200: T=5.56, Fitness_actual=132.7, Mejor=132.7
2025-10-23 06:24:36,447 - WARNING - ⚠️  DEGRADACIÓN DETECTADA en iter 38300:
2025-10-23 06:24:36,448 - WARNING -    Mejor fitness: 132.7
2025-10-23 06:24:36,448 - WARNING -    Fitness promedio reciente: 97.0
2025-10-23 06:24:36,449 - WARNING -    Degradación: 35.7
2025-10-23 06:24:36,449 - WARNING -    🔄 RESTAURANDO mejor solución...
2025-10-23 06:24:36,454 - DEBUG - Iter 38300: T=5.54, Fitness_actual=132.7, Mejor=132.7
2025-10-23 06:24:46,670 - WARNING - ⚠️  DEGRADACIÓN DETECTADA en iter 38400:
2025-10-23 06:24:46,670 - WARNING -    Mejor fitness: 132.7
2025-10-23 06:24:46,671 - WARNING -    Fitness promedio reciente: 105.5
2025-10-23 06:24:46,671 - WARNING -    Degradación: 27.1
2025-10-23 06:24:46,671 - WARNING -    🔄 RESTAURANDO mejor solución...
2025-10-23 06:24:46,674 - DEBUG - Iter 38400: T=5.53, Fitness_actual=132.7, Mejor=132.7
2025-10-23 06:24:46,776 - INFO - 🌟 MEJORA #197 en iter 38401: Fitness=132.7 (+0.0), Puntos=15507
2025-10-23 06:24:46,880 - INFO - 🌟 MEJORA #198 en iter 38402: Fitness=132.7 (+0.1), Puntos=15513
2025-10-23 06:24:46,981 - INFO - 🌟 MEJORA #199 en iter 38403: Fitness=132.7 (+0.0), Puntos=15513
2025-10-23 06:24:56,896 - INFO -   Iter 38500 | Tiempo:   48.2min (20.1%) | T =     5.52 | Fitness =     91.6 | Mejor =    132.7 | Aceptación =  91.8%
2025-10-23 06:24:56,896 - INFO - Progreso iter 38500: T=5.52, Fitness=91.6, Mejor=132.7, Tasa_acept=91.8%
2025-10-23 06:24:56,899 - DEBUG - Iter 38500: T=5.52, Fitness_actual=91.6, Mejor=132.7
2025-10-23 06:25:02,000 - WARNING - ⚠️  DEGRADACIÓN DETECTADA en iter 38550:
2025-10-23 06:25:02,001 - WARNING -    Mejor fitness: 132.7
2025-10-23 06:25:02,001 - WARNING -    Fitness promedio reciente: 87.4
2025-10-23 06:25:02,002 - WARNING -    Degradación: 45.3
2025-10-23 06:25:02,002 - WARNING -    🔄 RESTAURANDO mejor solución...
2025-10-23 06:25:02,108 - INFO - 🌟 MEJORA #200 en iter 38551: Fitness=132.7 (+0.0), Puntos=15513
2025-10-23 06:25:02,108 - INFO -   ✨ Mejora #200 en iteración 38552: Fitness = 132.7 | Puntos = 15513 | T = 5.52
2025-10-23 06:25:07,082 - DEBUG - Iter 38600: T=5.51, Fitness_actual=104.0, Mejor=132.7
2025-10-23 06:25:17,116 - INFO - Iter 38699: Aceptada solución con delta=-13.4 (T=5.50)
2025-10-23 06:25:17,116 - INFO -   📊 Desglose del cambio:
2025-10-23 06:25:17,117 - INFO -      Puntos: +0 → 12371 total
2025-10-23 06:25:17,117 - INFO -      Tiempo: +1056.8min → 11572.5min total
2025-10-23 06:25:17,117 - INFO -      Distancia: +100.6km → 208.5km total
2025-10-23 06:25:17,218 - WARNING - ⚠️  DEGRADACIÓN DETECTADA en iter 38700:
2025-10-23 06:25:17,219 - WARNING -    Mejor fitness: 132.7
2025-10-23 06:25:17,219 - WARNING -    Fitness promedio reciente: 83.5
2025-10-23 06:25:17,219 - WARNING -    Degradación: 49.2
2025-10-23 06:25:17,220 - WARNING -    🔄 RESTAURANDO mejor solución...
2025-10-23 06:25:17,221 - DEBUG - Iter 38700: T=5.50, Fitness_actual=132.7, Mejor=132.7
2025-10-23 06:25:27,472 - WARNING - ⚠️  DEGRADACIÓN DETECTADA en iter 38800:
2025-10-23 06:25:27,473 - WARNING -    Mejor fitness: 132.7
2025-10-23 06:25:27,473 - WARNING -    Fitness promedio reciente: 98.8
2025-10-23 06:25:27,473 - WARNING -    Degradación: 34.0
2025-10-23 06:25:27,474 - WARNING -    🔄 RESTAURANDO mejor solución...
2025-10-23 06:25:27,475 - DEBUG - Iter 38800: T=5.49, Fitness_actual=132.7, Mejor=132.7
2025-10-23 06:25:37,779 - WARNING - ⚠️  DEGRADACIÓN DETECTADA en iter 38900:
2025-10-23 06:25:37,779 - WARNING -    Mejor fitness: 132.7
2025-10-23 06:25:37,779 - WARNING -    Fitness promedio reciente: 106.8
2025-10-23 06:25:37,780 - WARNING -    Degradación: 25.9
2025-10-23 06:25:37,780 - WARNING -    🔄 RESTAURANDO mejor solución...
2025-10-23 06:25:37,781 - DEBUG - Iter 38900: T=5.48, Fitness_actual=132.7, Mejor=132.7
2025-10-23 06:25:37,781 - INFO - 🌟 MEJORA #201 en iter 38900: Fitness=132.7 (+0.0), Puntos=15513
2025-10-23 06:25:48,073 - INFO -   Iter 39000 | Tiempo:   49.0min (20.4%) | T =     5.46 | Fitness =    106.5 | Mejor =    132.7 | Aceptación =  91.8%
2025-10-23 06:25:48,073 - INFO - Progreso iter 39000: T=5.46, Fitness=106.5, Mejor=132.7, Tasa_acept=91.8%
2025-10-23 06:25:48,076 - DEBUG - Iter 39000: T=5.46, Fitness_actual=106.5, Mejor=132.7
2025-10-23 06:25:53,253 - WARNING - ⚠️  DEGRADACIÓN DETECTADA en iter 39050:
2025-10-23 06:25:53,253 - WARNING -    Mejor fitness: 132.7
2025-10-23 06:25:53,253 - WARNING -    Fitness promedio reciente: 100.1
2025-10-23 06:25:53,254 - WARNING -    Degradación: 32.7
2025-10-23 06:25:53,254 - WARNING -    🔄 RESTAURANDO mejor solución...
2025-10-23 06:25:58,382 - DEBUG - Iter 39100: T=5.45, Fitness_actual=108.2, Mejor=132.7
2025-10-23 06:26:03,541 - WARNING - ⚠️  DEGRADACIÓN DETECTADA en iter 39150:
2025-10-23 06:26:03,541 - WARNING -    Mejor fitness: 132.7
2025-10-23 06:26:03,542 - WARNING -    Fitness promedio reciente: 102.8
2025-10-23 06:26:03,542 - WARNING -    Degradación: 29.9
2025-10-23 06:26:03,542 - WARNING -    🔄 RESTAURANDO mejor solución...
2025-10-23 06:26:08,672 - DEBUG - Iter 39200: T=5.44, Fitness_actual=116.2, Mejor=132.7
2025-10-23 06:26:13,813 - WARNING - ⚠️  DEGRADACIÓN DETECTADA en iter 39250:
2025-10-23 06:26:13,814 - WARNING -    Mejor fitness: 132.7
2025-10-23 06:26:13,814 - WARNING -    Fitness promedio reciente: 110.1
2025-10-23 06:26:13,814 - WARNING -    Degradación: 22.7
2025-10-23 06:26:13,814 - WARNING -    🔄 RESTAURANDO mejor solución...
2025-10-23 06:26:13,816 - INFO - 🌟 MEJORA #202 en iter 39250: Fitness=132.7 (+0.0), Puntos=15513
2025-10-23 06:26:14,023 - INFO - 🌟 MEJORA #203 en iter 39252: Fitness=132.8 (+0.1), Puntos=15520
2025-10-23 06:26:18,992 - DEBUG - Iter 39300: T=5.43, Fitness_actual=117.7, Mejor=132.8
2025-10-23 06:26:29,345 - WARNING - ⚠️  DEGRADACIÓN DETECTADA en iter 39400:
2025-10-23 06:26:29,346 - WARNING -    Mejor fitness: 132.8
2025-10-23 06:26:29,346 - WARNING -    Fitness promedio reciente: 107.4
2025-10-23 06:26:29,346 - WARNING -    Degradación: 25.4
2025-10-23 06:26:29,347 - WARNING -    🔄 RESTAURANDO mejor solución...
2025-10-23 06:26:29,348 - DEBUG - Iter 39400: T=5.42, Fitness_actual=132.8, Mejor=132.8
2025-10-23 06:26:29,348 - INFO - 🌟 MEJORA #204 en iter 39400: Fitness=132.8 (+0.0), Puntos=15520
2025-10-23 06:26:39,705 - INFO -   Iter 39500 | Tiempo:   49.9min (20.8%) | T =     5.41 | Fitness =    112.6 | Mejor =    132.8 | Aceptación =  91.7%
2025-10-23 06:26:39,705 - INFO - Progreso iter 39500: T=5.41, Fitness=112.6, Mejor=132.8, Tasa_acept=91.7%
2025-10-23 06:26:39,708 - DEBUG - Iter 39500: T=5.41, Fitness_actual=112.6, Mejor=132.8
2025-10-23 06:26:44,891 - WARNING - ⚠️  DEGRADACIÓN DETECTADA en iter 39550:
2025-10-23 06:26:44,891 - WARNING -    Mejor fitness: 132.8
2025-10-23 06:26:44,892 - WARNING -    Fitness promedio reciente: 107.4
2025-10-23 06:26:44,892 - WARNING -    Degradación: 25.4
2025-10-23 06:26:44,893 - WARNING -    🔄 RESTAURANDO mejor solución...
2025-10-23 06:26:44,894 - INFO - 🌟 MEJORA #205 en iter 39550: Fitness=132.8 (+0.0), Puntos=15523
2025-10-23 06:26:44,894 - INFO -   ✨ Mejora #205 en iteración 39551: Fitness = 132.8 | Puntos = 15523 | T = 5.40
2025-10-23 06:26:50,066 - DEBUG - Iter 39600: T=5.40, Fitness_actual=122.9, Mejor=132.8
2025-10-23 06:27:00,412 - DEBUG - Iter 39700: T=5.38, Fitness_actual=112.8, Mejor=132.8
2025-10-23 06:27:05,608 - WARNING - ⚠️  DEGRADACIÓN DETECTADA en iter 39750:
2025-10-23 06:27:05,608 - WARNING -    Mejor fitness: 132.8
2025-10-23 06:27:05,610 - WARNING -    Fitness promedio reciente: 111.8
2025-10-23 06:27:05,610 - WARNING -    Degradación: 21.0
2025-10-23 06:27:05,610 - WARNING -    🔄 RESTAURANDO mejor solución...
2025-10-23 06:27:10,779 - DEBUG - Iter 39800: T=5.37, Fitness_actual=119.8, Mejor=132.8
2025-10-23 06:27:21,153 - DEBUG - Iter 39900: T=5.36, Fitness_actual=117.1, Mejor=132.8
2025-10-23 06:27:26,345 - WARNING - ⚠️  DEGRADACIÓN DETECTADA en iter 39950:
2025-10-23 06:27:26,345 - WARNING -    Mejor fitness: 132.8
2025-10-23 06:27:26,346 - WARNING -    Fitness promedio reciente: 111.5
2025-10-23 06:27:26,346 - WARNING -    Degradación: 21.4
2025-10-23 06:27:26,346 - WARNING -    🔄 RESTAURANDO mejor solución...
2025-10-23 06:27:30,390 - INFO - Iter 39989: Aceptada solución con delta=-11.6 (T=5.35)
2025-10-23 06:27:30,390 - INFO -   📊 Desglose del cambio:
2025-10-23 06:27:30,391 - INFO -      Puntos: -763 → 13757 total
2025-10-23 06:27:30,391 - INFO -      Tiempo: -437.1min → 12915.5min total
2025-10-23 06:27:30,391 - INFO -      Distancia: -6.0km → 137.8km total
2025-10-23 06:27:31,531 - INFO -   Iter 40000 | Tiempo:   50.8min (21.1%) | T =     5.35 | Fitness =    103.3 | Mejor =    132.8 | Aceptación =  91.7%
2025-10-23 06:27:31,532 - INFO - Progreso iter 40000: T=5.35, Fitness=103.3, Mejor=132.8, Tasa_acept=91.7%
2025-10-23 06:27:31,534 - DEBUG - Iter 40000: T=5.35, Fitness_actual=103.3, Mejor=132.8
2025-10-23 06:27:36,733 - WARNING - ⚠️  DEGRADACIÓN DETECTADA en iter 40050:
2025-10-23 06:27:36,734 - WARNING -    Mejor fitness: 132.8
2025-10-23 06:27:36,734 - WARNING -    Fitness promedio reciente: 100.7
2025-10-23 06:27:36,734 - WARNING -    Degradación: 32.1
2025-10-23 06:27:36,734 - WARNING -    🔄 RESTAURANDO mejor solución...
2025-10-23 06:27:36,947 - INFO - 🌟 MEJORA #206 en iter 40052: Fitness=132.8 (+0.0), Puntos=15523
2025-10-23 06:27:41,966 - DEBUG - Iter 40100: T=5.34, Fitness_actual=119.5, Mejor=132.8
2025-10-23 06:27:52,424 - WARNING - ⚠️  DEGRADACIÓN DETECTADA en iter 40200:
2025-10-23 06:27:52,424 - WARNING -    Mejor fitness: 132.8
2025-10-23 06:27:52,425 - WARNING -    Fitness promedio reciente: 94.6
2025-10-23 06:27:52,425 - WARNING -    Degradación: 38.3
2025-10-23 06:27:52,425 - WARNING -    🔄 RESTAURANDO mejor solución...
2025-10-23 06:27:52,427 - DEBUG - Iter 40200: T=5.33, Fitness_actual=132.8, Mejor=132.8
2025-10-23 06:28:02,829 - WARNING - ⚠️  DEGRADACIÓN DETECTADA en iter 40300:
2025-10-23 06:28:02,829 - WARNING -    Mejor fitness: 132.8
2025-10-23 06:28:02,830 - WARNING -    Fitness promedio reciente: 102.6
2025-10-23 06:28:02,830 - WARNING -    Degradación: 30.2
2025-10-23 06:28:02,830 - WARNING -    🔄 RESTAURANDO mejor solución...
2025-10-23 06:28:02,832 - DEBUG - Iter 40300: T=5.32, Fitness_actual=132.8, Mejor=132.8
2025-10-23 06:28:02,832 - INFO - 🌟 MEJORA #207 en iter 40300: Fitness=132.8 (+0.0), Puntos=15523
2025-10-23 06:28:13,309 - DEBUG - Iter 40400: T=5.30, Fitness_actual=107.6, Mejor=132.8
2025-10-23 06:28:18,554 - WARNING - ⚠️  DEGRADACIÓN DETECTADA en iter 40450:
2025-10-23 06:28:18,554 - WARNING -    Mejor fitness: 132.8
2025-10-23 06:28:18,555 - WARNING -    Fitness promedio reciente: 91.7
2025-10-23 06:28:18,555 - WARNING -    Degradación: 41.1
2025-10-23 06:28:18,555 - WARNING -    🔄 RESTAURANDO mejor solución...
2025-10-23 06:28:18,557 - INFO - 🌟 MEJORA #208 en iter 40450: Fitness=132.8 (+0.0), Puntos=15523
2025-10-23 06:28:18,661 - INFO - 🌟 MEJORA #209 en iter 40451: Fitness=133.0 (+0.1), Puntos=15537
2025-10-23 06:28:18,765 - INFO - 🌟 MEJORA #210 en iter 40452: Fitness=133.0 (+0.0), Puntos=15537
2025-10-23 06:28:18,765 - INFO -   ✨ Mejora #210 en iteración 40453: Fitness = 133.0 | Puntos = 15537 | T = 5.30
2025-10-23 06:28:19,296 - INFO - 🌟 MEJORA #211 en iter 40457: Fitness=133.2 (+0.2), Puntos=15555
2025-10-23 06:28:19,400 - INFO - 🌟 MEJORA #212 en iter 40458: Fitness=133.2 (+0.0), Puntos=15555
2025-10-23 06:28:19,715 - INFO - 🌟 MEJORA #213 en iter 40461: Fitness=133.2 (+0.0), Puntos=15557
2025-10-23 06:28:23,837 - INFO -   Iter 40500 | Tiempo:   51.6min (21.5%) | T =     5.29 | Fitness =    107.2 | Mejor =    133.2 | Aceptación =  91.6%
2025-10-23 06:28:23,837 - INFO - Progreso iter 40500: T=5.29, Fitness=107.2, Mejor=133.2, Tasa_acept=91.6%
2025-10-23 06:28:23,848 - DEBUG - Iter 40500: T=5.29, Fitness_actual=107.2, Mejor=133.2
2025-10-23 06:28:34,307 - WARNING - ⚠️  DEGRADACIÓN DETECTADA en iter 40600:
2025-10-23 06:28:34,307 - WARNING -    Mejor fitness: 133.2
2025-10-23 06:28:34,308 - WARNING -    Fitness promedio reciente: 100.0
2025-10-23 06:28:34,308 - WARNING -    Degradación: 33.1
2025-10-23 06:28:34,308 - WARNING -    🔄 RESTAURANDO mejor solución...
2025-10-23 06:28:34,310 - DEBUG - Iter 40600: T=5.28, Fitness_actual=133.2, Mejor=133.2
2025-10-23 06:28:44,835 - WARNING - ⚠️  DEGRADACIÓN DETECTADA en iter 40700:
2025-10-23 06:28:44,835 - WARNING -    Mejor fitness: 133.2
2025-10-23 06:28:44,836 - WARNING -    Fitness promedio reciente: 112.7
2025-10-23 06:28:44,836 - WARNING -    Degradación: 20.5
2025-10-23 06:28:44,836 - WARNING -    🔄 RESTAURANDO mejor solución...
2025-10-23 06:28:44,841 - DEBUG - Iter 40700: T=5.27, Fitness_actual=133.2, Mejor=133.2
2025-10-23 06:28:55,345 - WARNING - ⚠️  DEGRADACIÓN DETECTADA en iter 40800:
2025-10-23 06:28:55,345 - WARNING -    Mejor fitness: 133.2
2025-10-23 06:28:55,345 - WARNING -    Fitness promedio reciente: 112.8
2025-10-23 06:28:55,346 - WARNING -    Degradación: 20.4
2025-10-23 06:28:55,346 - WARNING -    🔄 RESTAURANDO mejor solución...
2025-10-23 06:28:55,350 - DEBUG - Iter 40800: T=5.26, Fitness_actual=133.2, Mejor=133.2
2025-10-23 06:29:05,876 - DEBUG - Iter 40900: T=5.25, Fitness_actual=108.0, Mejor=133.2
2025-10-23 06:29:10,966 - WARNING - ⚠️  DEGRADACIÓN DETECTADA en iter 40950:
2025-10-23 06:29:10,967 - WARNING -    Mejor fitness: 133.2
2025-10-23 06:29:10,967 - WARNING -    Fitness promedio reciente: 104.5
2025-10-23 06:29:10,967 - WARNING -    Degradación: 28.7
2025-10-23 06:29:10,968 - WARNING -    🔄 RESTAURANDO mejor solución...
2025-10-23 06:29:10,969 - INFO - 🌟 MEJORA #214 en iter 40950: Fitness=133.2 (+0.0), Puntos=15557
2025-10-23 06:29:16,024 - INFO -   Iter 41000 | Tiempo:   52.5min (21.9%) | T =     5.24 | Fitness =    110.3 | Mejor =    133.2 | Aceptación =  91.6%
2025-10-23 06:29:16,024 - INFO - Progreso iter 41000: T=5.24, Fitness=110.3, Mejor=133.2, Tasa_acept=91.6%
2025-10-23 06:29:16,028 - DEBUG - Iter 41000: T=5.24, Fitness_actual=110.3, Mejor=133.2
2025-10-23 06:29:26,132 - WARNING - ⚠️  DEGRADACIÓN DETECTADA en iter 41100:
2025-10-23 06:29:26,132 - WARNING -    Mejor fitness: 133.2
2025-10-23 06:29:26,132 - WARNING -    Fitness promedio reciente: 102.2
2025-10-23 06:29:26,133 - WARNING -    Degradación: 30.9
2025-10-23 06:29:26,133 - WARNING -    🔄 RESTAURANDO mejor solución...
2025-10-23 06:29:26,137 - DEBUG - Iter 41100: T=5.23, Fitness_actual=133.2, Mejor=133.2
2025-10-23 06:29:36,246 - WARNING - ⚠️  DEGRADACIÓN DETECTADA en iter 41200:
2025-10-23 06:29:36,247 - WARNING -    Mejor fitness: 133.2
2025-10-23 06:29:36,247 - WARNING -    Fitness promedio reciente: 103.9
2025-10-23 06:29:36,248 - WARNING -    Degradación: 29.3
2025-10-23 06:29:36,248 - WARNING -    🔄 RESTAURANDO mejor solución...
2025-10-23 06:29:36,249 - DEBUG - Iter 41200: T=5.21, Fitness_actual=133.2, Mejor=133.2
2025-10-23 06:29:46,378 - WARNING - ⚠️  DEGRADACIÓN DETECTADA en iter 41300:
2025-10-23 06:29:46,379 - WARNING -    Mejor fitness: 133.2
2025-10-23 06:29:46,379 - WARNING -    Fitness promedio reciente: 109.1
2025-10-23 06:29:46,380 - WARNING -    Degradación: 24.1
2025-10-23 06:29:46,380 - WARNING -    🔄 RESTAURANDO mejor solución...
2025-10-23 06:29:46,385 - DEBUG - Iter 41300: T=5.20, Fitness_actual=133.2, Mejor=133.2
2025-10-23 06:29:56,442 - WARNING - ⚠️  DEGRADACIÓN DETECTADA en iter 41400:
2025-10-23 06:29:56,442 - WARNING -    Mejor fitness: 133.2
2025-10-23 06:29:56,443 - WARNING -    Fitness promedio reciente: 108.5
2025-10-23 06:29:56,443 - WARNING -    Degradación: 24.6
2025-10-23 06:29:56,443 - WARNING -    🔄 RESTAURANDO mejor solución...
2025-10-23 06:29:56,445 - DEBUG - Iter 41400: T=5.19, Fitness_actual=133.2, Mejor=133.2
2025-10-23 06:30:06,510 - INFO -   Iter 41500 | Tiempo:   53.3min (22.2%) | T =     5.18 | Fitness =    112.3 | Mejor =    133.2 | Aceptación =  91.5%
2025-10-23 06:30:06,510 - INFO - Progreso iter 41500: T=5.18, Fitness=112.3, Mejor=133.2, Tasa_acept=91.5%
2025-10-23 06:30:06,513 - DEBUG - Iter 41500: T=5.18, Fitness_actual=112.3, Mejor=133.2
2025-10-23 06:30:16,578 - INFO - Iter 41597: Aceptada solución con delta=-12.3 (T=5.17)
2025-10-23 06:30:16,578 - INFO -   📊 Desglose del cambio:
2025-10-23 06:30:16,578 - INFO -      Puntos: -471 → 13468 total
2025-10-23 06:30:16,579 - INFO -      Tiempo: +1288.0min → 13509.2min total
2025-10-23 06:30:16,579 - INFO -      Distancia: +22.7km → 163.8km total
2025-10-23 06:30:16,904 - WARNING - ⚠️  DEGRADACIÓN DETECTADA en iter 41600:
2025-10-23 06:30:16,915 - WARNING -    Mejor fitness: 133.2
2025-10-23 06:30:16,916 - WARNING -    Fitness promedio reciente: 102.5
2025-10-23 06:30:16,916 - WARNING -    Degradación: 30.7
2025-10-23 06:30:16,917 - WARNING -    🔄 RESTAURANDO mejor solución...
2025-10-23 06:30:16,918 - DEBUG - Iter 41600: T=5.17, Fitness_actual=133.2, Mejor=133.2
2025-10-23 06:30:27,283 - DEBUG - Iter 41700: T=5.16, Fitness_actual=109.0, Mejor=133.2
2025-10-23 06:30:32,493 - WARNING - ⚠️  DEGRADACIÓN DETECTADA en iter 41750:
2025-10-23 06:30:32,493 - WARNING -    Mejor fitness: 133.2
2025-10-23 06:30:32,494 - WARNING -    Fitness promedio reciente: 99.9
2025-10-23 06:30:32,494 - WARNING -    Degradación: 33.3
2025-10-23 06:30:32,494 - WARNING -    🔄 RESTAURANDO mejor solución...
2025-10-23 06:30:37,652 - DEBUG - Iter 41800: T=5.15, Fitness_actual=112.0, Mejor=133.2
2025-10-23 06:30:42,766 - WARNING - ⚠️  DEGRADACIÓN DETECTADA en iter 41850:
2025-10-23 06:30:42,766 - WARNING -    Mejor fitness: 133.2
2025-10-23 06:30:42,767 - WARNING -    Fitness promedio reciente: 109.0
2025-10-23 06:30:42,767 - WARNING -    Degradación: 24.1
2025-10-23 06:30:42,767 - WARNING -    🔄 RESTAURANDO mejor solución...
2025-10-23 06:30:43,478 - INFO - 🌟 MEJORA #215 en iter 41857: Fitness=133.2 (+0.0), Puntos=15557
2025-10-23 06:30:43,479 - INFO -   ✨ Mejora #215 en iteración 41858: Fitness = 133.2 | Puntos = 15557 | T = 5.14
2025-10-23 06:30:47,834 - DEBUG - Iter 41900: T=5.14, Fitness_actual=129.0, Mejor=133.2
2025-10-23 06:30:52,855 - INFO - Iter 41949: Aceptada solución con delta=-11.5 (T=5.13)
2025-10-23 06:30:52,855 - INFO -   📊 Desglose del cambio:
2025-10-23 06:30:52,856 - INFO -      Puntos: -751 → 14156 total
2025-10-23 06:30:52,856 - INFO -      Tiempo: -715.1min → 12578.9min total
2025-10-23 06:30:52,857 - INFO -      Distancia: -11.7km → 121.9km total
2025-10-23 06:30:58,023 - INFO -   Iter 42000 | Tiempo:   54.2min (22.6%) | T =     5.13 | Fitness =     94.2 | Mejor =    133.2 | Aceptación =  91.5%
2025-10-23 06:30:58,023 - INFO - Progreso iter 42000: T=5.13, Fitness=94.2, Mejor=133.2, Tasa_acept=91.5%
2025-10-23 06:30:58,024 - WARNING - ⚠️  DEGRADACIÓN DETECTADA en iter 42000:
2025-10-23 06:30:58,024 - WARNING -    Mejor fitness: 133.2
2025-10-23 06:30:58,024 - WARNING -    Fitness promedio reciente: 99.8
2025-10-23 06:30:58,024 - WARNING -    Degradación: 33.4
2025-10-23 06:30:58,025 - WARNING -    🔄 RESTAURANDO mejor solución...
2025-10-23 06:30:58,026 - DEBUG - Iter 42000: T=5.13, Fitness_actual=133.2, Mejor=133.2
2025-10-23 06:31:08,231 - DEBUG - Iter 42100: T=5.12, Fitness_actual=107.3, Mejor=133.2
2025-10-23 06:31:13,320 - WARNING - ⚠️  DEGRADACIÓN DETECTADA en iter 42150:
2025-10-23 06:31:13,320 - WARNING -    Mejor fitness: 133.2
2025-10-23 06:31:13,321 - WARNING -    Fitness promedio reciente: 104.5
2025-10-23 06:31:13,321 - WARNING -    Degradación: 28.7
2025-10-23 06:31:13,321 - WARNING -    🔄 RESTAURANDO mejor solución...
2025-10-23 06:31:13,322 - INFO - 🌟 MEJORA #216 en iter 42150: Fitness=133.2 (+0.0), Puntos=15557
2025-10-23 06:31:13,936 - INFO - Iter 42156: Aceptada solución con delta=-12.6 (T=5.11)
2025-10-23 06:31:13,937 - INFO -   📊 Desglose del cambio:
2025-10-23 06:31:13,937 - INFO -      Puntos: -765 → 14767 total
2025-10-23 06:31:13,938 - INFO -      Tiempo: -647.6min → 12768.1min total
2025-10-23 06:31:13,938 - INFO -      Distancia: -10.6km → 120.8km total
2025-10-23 06:31:18,409 - DEBUG - Iter 42200: T=5.11, Fitness_actual=111.3, Mejor=133.2
2025-10-23 06:31:28,656 - WARNING - ⚠️  DEGRADACIÓN DETECTADA en iter 42300:
2025-10-23 06:31:28,656 - WARNING -    Mejor fitness: 133.2
2025-10-23 06:31:28,657 - WARNING -    Fitness promedio reciente: 94.8
2025-10-23 06:31:28,657 - WARNING -    Degradación: 38.4
2025-10-23 06:31:28,657 - WARNING -    🔄 RESTAURANDO mejor solución...
2025-10-23 06:31:28,658 - DEBUG - Iter 42300: T=5.10, Fitness_actual=133.2, Mejor=133.2
2025-10-23 06:31:28,659 - INFO - 🌟 MEJORA #217 en iter 42300: Fitness=133.3 (+0.1), Puntos=15567
2025-10-23 06:31:38,929 - DEBUG - Iter 42400: T=5.09, Fitness_actual=107.5, Mejor=133.3
2025-10-23 06:31:43,564 - WARNING - ================================================================================
2025-10-23 06:31:43,564 - WARNING - ⚠️  SALTO ANORMAL DETECTADO en iteración 42445
2025-10-23 06:31:43,565 - WARNING -    Fitness actual: 105.1
2025-10-23 06:31:43,565 - WARNING -    Fitness vecino: 82.2
2025-10-23 06:31:43,565 - WARNING -    Delta: -23.0
2025-10-23 06:31:43,566 - WARNING -    Temperatura: 5.08
2025-10-23 06:31:43,566 - WARNING -    Tipo perturbación aplicada: (ver generar_vecino)
2025-10-23 06:31:43,566 - WARNING -    Vecino - Puntos: 15265, Tiempo: 12748.7min, Distancia: 207.6km
2025-10-23 06:31:43,566 - WARNING -    Actual - Puntos: 15198, Tiempo: 11295.8min, Distancia: 125.2km
2025-10-23 06:31:43,566 - WARNING -    Validez restricciones - Vecino: False, Actual: False
2025-10-23 06:31:43,567 - WARNING - ================================================================================
2025-10-23 06:31:43,567 - WARNING - ⚠️  SALTO ANORMAL DETECTADO en iteración 42445
2025-10-23 06:31:43,567 - WARNING -    Fitness: 105.1 → 82.2 (Δ=-23.0)
2025-10-23 06:31:43,567 - WARNING -    Ver detalles en archivo de log
2025-10-23 06:31:44,083 - WARNING - ⚠️  DEGRADACIÓN DETECTADA en iter 42450:
2025-10-23 06:31:44,083 - WARNING -    Mejor fitness: 133.3
2025-10-23 06:31:44,084 - WARNING -    Fitness promedio reciente: 105.8
2025-10-23 06:31:44,084 - WARNING -    Degradación: 27.5
2025-10-23 06:31:44,084 - WARNING -    🔄 RESTAURANDO mejor solución...
2025-10-23 06:31:49,303 - INFO -   Iter 42500 | Tiempo:   55.1min (22.9%) | T =     5.07 | Fitness =    101.4 | Mejor =    133.3 | Aceptación =  91.5%
2025-10-23 06:31:49,304 - INFO - Progreso iter 42500: T=5.07, Fitness=101.4, Mejor=133.3, Tasa_acept=91.5%
2025-10-23 06:31:49,306 - DEBUG - Iter 42500: T=5.07, Fitness_actual=101.4, Mejor=133.3
2025-10-23 06:31:54,483 - WARNING - ⚠️  DEGRADACIÓN DETECTADA en iter 42550:
2025-10-23 06:31:54,483 - WARNING -    Mejor fitness: 133.3
2025-10-23 06:31:54,484 - WARNING -    Fitness promedio reciente: 99.9
2025-10-23 06:31:54,484 - WARNING -    Degradación: 33.4
2025-10-23 06:31:54,484 - WARNING -    🔄 RESTAURANDO mejor solución...
2025-10-23 06:31:59,614 - DEBUG - Iter 42600: T=5.06, Fitness_actual=114.3, Mejor=133.3
2025-10-23 06:32:04,765 - WARNING - ⚠️  DEGRADACIÓN DETECTADA en iter 42650:
2025-10-23 06:32:04,766 - WARNING -    Mejor fitness: 133.3
2025-10-23 06:32:04,766 - WARNING -    Fitness promedio reciente: 107.1
2025-10-23 06:32:04,766 - WARNING -    Degradación: 26.2
2025-10-23 06:32:04,766 - WARNING -    🔄 RESTAURANDO mejor solución...
2025-10-23 06:32:04,768 - INFO - 🌟 MEJORA #218 en iter 42650: Fitness=133.3 (+0.1), Puntos=15574
2025-10-23 06:32:09,921 - DEBUG - Iter 42700: T=5.05, Fitness_actual=111.9, Mejor=133.3
2025-10-23 06:32:20,269 - WARNING - ⚠️  DEGRADACIÓN DETECTADA en iter 42800:
2025-10-23 06:32:20,270 - WARNING -    Mejor fitness: 133.3
2025-10-23 06:32:20,270 - WARNING -    Fitness promedio reciente: 99.4
2025-10-23 06:32:20,271 - WARNING -    Degradación: 33.9
2025-10-23 06:32:20,271 - WARNING -    🔄 RESTAURANDO mejor solución...
2025-10-23 06:32:20,275 - DEBUG - Iter 42800: T=5.04, Fitness_actual=133.3, Mejor=133.3
2025-10-23 06:32:30,590 - WARNING - ⚠️  DEGRADACIÓN DETECTADA en iter 42900:
2025-10-23 06:32:30,591 - WARNING -    Mejor fitness: 133.3
2025-10-23 06:32:30,591 - WARNING -    Fitness promedio reciente: 108.6
2025-10-23 06:32:30,591 - WARNING -    Degradación: 24.8
2025-10-23 06:32:30,592 - WARNING -    🔄 RESTAURANDO mejor solución...
2025-10-23 06:32:30,596 - DEBUG - Iter 42900: T=5.03, Fitness_actual=133.3, Mejor=133.3
2025-10-23 06:32:40,905 - INFO -   Iter 43000 | Tiempo:   55.9min (23.3%) | T =     5.02 | Fitness =    111.2 | Mejor =    133.3 | Aceptación =  91.4%
2025-10-23 06:32:40,905 - INFO - Progreso iter 43000: T=5.02, Fitness=111.2, Mejor=133.3, Tasa_acept=91.4%
2025-10-23 06:32:40,906 - WARNING - ⚠️  DEGRADACIÓN DETECTADA en iter 43000:
2025-10-23 06:32:40,906 - WARNING -    Mejor fitness: 133.3
2025-10-23 06:32:40,907 - WARNING -    Fitness promedio reciente: 112.4
2025-10-23 06:32:40,907 - WARNING -    Degradación: 20.9
2025-10-23 06:32:40,907 - WARNING -    🔄 RESTAURANDO mejor solución...
2025-10-23 06:32:40,911 - DEBUG - Iter 43000: T=5.02, Fitness_actual=133.3, Mejor=133.3
2025-10-23 06:32:51,285 - WARNING - ⚠️  DEGRADACIÓN DETECTADA en iter 43100:
2025-10-23 06:32:51,285 - WARNING -    Mejor fitness: 133.3
2025-10-23 06:32:51,285 - WARNING -    Fitness promedio reciente: 111.3
2025-10-23 06:32:51,286 - WARNING -    Degradación: 22.0
2025-10-23 06:32:51,286 - WARNING -    🔄 RESTAURANDO mejor solución...
2025-10-23 06:32:51,287 - DEBUG - Iter 43100: T=5.01, Fitness_actual=133.3, Mejor=133.3
2025-10-23 06:32:51,287 - INFO - 🌟 MEJORA #219 en iter 43100: Fitness=133.3 (+0.0), Puntos=15574
2025-10-23 06:33:01,649 - DEBUG - Iter 43200: T=5.00, Fitness_actual=120.1, Mejor=133.3
2025-10-23 06:33:06,870 - WARNING - ⚠️  DEGRADACIÓN DETECTADA en iter 43250:
2025-10-23 06:33:06,871 - WARNING -    Mejor fitness: 133.3
2025-10-23 06:33:06,871 - WARNING -    Fitness promedio reciente: 110.9
2025-10-23 06:33:06,872 - WARNING -    Degradación: 22.4
2025-10-23 06:33:06,872 - WARNING -    🔄 RESTAURANDO mejor solución...
2025-10-23 06:33:06,873 - INFO - 🌟 MEJORA #220 en iter 43250: Fitness=133.3 (+0.0), Puntos=15574
2025-10-23 06:33:06,873 - INFO -   ✨ Mejora #220 en iteración 43251: Fitness = 133.3 | Puntos = 15574 | T = 5.00
2025-10-23 06:33:07,186 - INFO - 🌟 MEJORA #221 en iter 43253: Fitness=133.4 (+0.0), Puntos=15577
2025-10-23 06:33:12,075 - DEBUG - Iter 43300: T=4.99, Fitness_actual=121.5, Mejor=133.4
2025-10-23 06:33:22,514 - WARNING - ⚠️  DEGRADACIÓN DETECTADA en iter 43400:
2025-10-23 06:33:22,515 - WARNING -    Mejor fitness: 133.4
2025-10-23 06:33:22,515 - WARNING -    Fitness promedio reciente: 101.5
2025-10-23 06:33:22,516 - WARNING -    Degradación: 31.9
2025-10-23 06:33:22,516 - WARNING -    🔄 RESTAURANDO mejor solución...
2025-10-23 06:33:22,517 - DEBUG - Iter 43400: T=4.98, Fitness_actual=133.4, Mejor=133.4
2025-10-23 06:33:32,932 - INFO -   Iter 43500 | Tiempo:   56.8min (23.7%) | T =     4.97 | Fitness =    106.6 | Mejor =    133.4 | Aceptación =  91.4%
2025-10-23 06:33:32,932 - INFO - Progreso iter 43500: T=4.97, Fitness=106.6, Mejor=133.4, Tasa_acept=91.4%
2025-10-23 06:33:32,933 - WARNING - ⚠️  DEGRADACIÓN DETECTADA en iter 43500:
2025-10-23 06:33:32,933 - WARNING -    Mejor fitness: 133.4
2025-10-23 06:33:32,933 - WARNING -    Fitness promedio reciente: 107.6
2025-10-23 06:33:32,933 - WARNING -    Degradación: 25.8
2025-10-23 06:33:32,933 - WARNING -    🔄 RESTAURANDO mejor solución...
2025-10-23 06:33:32,935 - DEBUG - Iter 43500: T=4.97, Fitness_actual=133.4, Mejor=133.4
2025-10-23 06:33:32,935 - INFO - 🌟 MEJORA #222 en iter 43500: Fitness=133.4 (+0.0), Puntos=15577
2025-10-23 06:33:33,039 - INFO - 🌟 MEJORA #223 en iter 43501: Fitness=133.4 (+0.1), Puntos=15582
2025-10-23 06:33:43,475 - DEBUG - Iter 43600: T=4.96, Fitness_actual=112.1, Mejor=133.4
2025-10-23 06:33:48,781 - WARNING - ⚠️  DEGRADACIÓN DETECTADA en iter 43650:
2025-10-23 06:33:48,781 - WARNING -    Mejor fitness: 133.4
2025-10-23 06:33:48,782 - WARNING -    Fitness promedio reciente: 109.5
2025-10-23 06:33:48,782 - WARNING -    Degradación: 23.9
2025-10-23 06:33:48,782 - WARNING -    🔄 RESTAURANDO mejor solución...
2025-10-23 06:33:54,056 - WARNING - ⚠️  DEGRADACIÓN DETECTADA en iter 43700:
2025-10-23 06:33:54,056 - WARNING -    Mejor fitness: 133.4
2025-10-23 06:33:54,057 - WARNING -    Fitness promedio reciente: 108.5
2025-10-23 06:33:54,057 - WARNING -    Degradación: 25.0
2025-10-23 06:33:54,057 - WARNING -    🔄 RESTAURANDO mejor solución...
2025-10-23 06:33:54,062 - DEBUG - Iter 43700: T=4.95, Fitness_actual=133.4, Mejor=133.4
2025-10-23 06:34:04,566 - WARNING - ⚠️  DEGRADACIÓN DETECTADA en iter 43800:
2025-10-23 06:34:04,568 - WARNING -    Mejor fitness: 133.4
2025-10-23 06:34:04,569 - WARNING -    Fitness promedio reciente: 111.6
2025-10-23 06:34:04,569 - WARNING -    Degradación: 21.9
2025-10-23 06:34:04,569 - WARNING -    🔄 RESTAURANDO mejor solución...
2025-10-23 06:34:04,574 - DEBUG - Iter 43800: T=4.94, Fitness_actual=133.4, Mejor=133.4
2025-10-23 06:34:09,374 - WARNING - ================================================================================
2025-10-23 06:34:09,374 - WARNING - ⚠️  SALTO ANORMAL DETECTADO en iteración 43846
2025-10-23 06:34:09,375 - WARNING -    Fitness actual: 114.0
2025-10-23 06:34:09,375 - WARNING -    Fitness vecino: 92.4
2025-10-23 06:34:09,375 - WARNING -    Delta: -21.6
2025-10-23 06:34:09,375 - WARNING -    Temperatura: 4.93
2025-10-23 06:34:09,376 - WARNING -    Tipo perturbación aplicada: (ver generar_vecino)
2025-10-23 06:34:09,376 - WARNING -    Vecino - Puntos: 14804, Tiempo: 13794.3min, Distancia: 233.7km
2025-10-23 06:34:09,376 - WARNING -    Actual - Puntos: 14842, Tiempo: 12909.1min, Distancia: 149.1km
2025-10-23 06:34:09,376 - WARNING -    Validez restricciones - Vecino: False, Actual: False
2025-10-23 06:34:09,376 - WARNING - ================================================================================
2025-10-23 06:34:09,377 - WARNING - ⚠️  SALTO ANORMAL DETECTADO en iteración 43846
2025-10-23 06:34:09,377 - WARNING -    Fitness: 114.0 → 92.4 (Δ=-21.6)
2025-10-23 06:34:09,377 - WARNING -    Ver detalles en archivo de log
2025-10-23 06:34:14,977 - WARNING - ⚠️  DEGRADACIÓN DETECTADA en iter 43900:
2025-10-23 06:34:14,977 - WARNING -    Mejor fitness: 133.4
2025-10-23 06:34:14,978 - WARNING -    Fitness promedio reciente: 109.8
2025-10-23 06:34:14,979 - WARNING -    Degradación: 23.6
2025-10-23 06:34:14,979 - WARNING -    🔄 RESTAURANDO mejor solución...
2025-10-23 06:34:14,980 - DEBUG - Iter 43900: T=4.93, Fitness_actual=133.4, Mejor=133.4
2025-10-23 06:34:22,679 - INFO - Iter 43974: Aceptada solución con delta=-10.2 (T=4.92)
2025-10-23 06:34:22,679 - INFO -   📊 Desglose del cambio:
2025-10-23 06:34:22,680 - INFO -      Puntos: -612 → 13785 total
2025-10-23 06:34:22,680 - INFO -      Tiempo: -70.0min → 11920.6min total
2025-10-23 06:34:22,680 - INFO -      Distancia: +35.8km → 163.4km total
2025-10-23 06:34:25,378 - INFO -   Iter 44000 | Tiempo:   57.7min (24.0%) | T =     4.92 | Fitness =     95.3 | Mejor =    133.4 | Aceptación =  91.4%
2025-10-23 06:34:25,378 - INFO - Progreso iter 44000: T=4.92, Fitness=95.3, Mejor=133.4, Tasa_acept=91.4%
2025-10-23 06:34:25,378 - WARNING - ⚠️  DEGRADACIÓN DETECTADA en iter 44000:
2025-10-23 06:34:25,379 - WARNING -    Mejor fitness: 133.4
2025-10-23 06:34:25,379 - WARNING -    Fitness promedio reciente: 103.0
2025-10-23 06:34:25,379 - WARNING -    Degradación: 30.4
2025-10-23 06:34:25,379 - WARNING -    🔄 RESTAURANDO mejor solución...
2025-10-23 06:34:25,384 - DEBUG - Iter 44000: T=4.92, Fitness_actual=133.4, Mejor=133.4
2025-10-23 06:34:35,859 - WARNING - ⚠️  DEGRADACIÓN DETECTADA en iter 44100:
2025-10-23 06:34:35,860 - WARNING -    Mejor fitness: 133.4
2025-10-23 06:34:35,860 - WARNING -    Fitness promedio reciente: 108.0
2025-10-23 06:34:35,861 - WARNING -    Degradación: 25.4
2025-10-23 06:34:35,861 - WARNING -    🔄 RESTAURANDO mejor solución...
2025-10-23 06:34:35,866 - DEBUG - Iter 44100: T=4.91, Fitness_actual=133.4, Mejor=133.4
2025-10-23 06:34:46,411 - WARNING - ⚠️  DEGRADACIÓN DETECTADA en iter 44200:
2025-10-23 06:34:46,411 - WARNING -    Mejor fitness: 133.4
2025-10-23 06:34:46,412 - WARNING -    Fitness promedio reciente: 110.9
2025-10-23 06:34:46,412 - WARNING -    Degradación: 22.5
2025-10-23 06:34:46,412 - WARNING -    🔄 RESTAURANDO mejor solución...
2025-10-23 06:34:46,417 - DEBUG - Iter 44200: T=4.89, Fitness_actual=133.4, Mejor=133.4
2025-10-23 06:34:57,006 - WARNING - ⚠️  DEGRADACIÓN DETECTADA en iter 44300:
2025-10-23 06:34:57,006 - WARNING -    Mejor fitness: 133.4
2025-10-23 06:34:57,007 - WARNING -    Fitness promedio reciente: 109.3
2025-10-23 06:34:57,008 - WARNING -    Degradación: 24.2
2025-10-23 06:34:57,008 - WARNING -    🔄 RESTAURANDO mejor solución...
2025-10-23 06:34:57,009 - DEBUG - Iter 44300: T=4.88, Fitness_actual=133.4, Mejor=133.4
2025-10-23 06:35:07,556 - DEBUG - Iter 44400: T=4.87, Fitness_actual=115.2, Mejor=133.4
2025-10-23 06:35:18,152 - INFO -   Iter 44500 | Tiempo:   58.5min (24.4%) | T =     4.86 | Fitness =    107.4 | Mejor =    133.4 | Aceptación =  91.4%
2025-10-23 06:35:18,152 - INFO - Progreso iter 44500: T=4.86, Fitness=107.4, Mejor=133.4, Tasa_acept=91.4%
2025-10-23 06:35:18,153 - WARNING - ⚠️  DEGRADACIÓN DETECTADA en iter 44500:
2025-10-23 06:35:18,153 - WARNING -    Mejor fitness: 133.4
2025-10-23 06:35:18,153 - WARNING -    Fitness promedio reciente: 108.5
2025-10-23 06:35:18,154 - WARNING -    Degradación: 24.9
2025-10-23 06:35:18,154 - WARNING -    🔄 RESTAURANDO mejor solución...
2025-10-23 06:35:18,155 - DEBUG - Iter 44500: T=4.86, Fitness_actual=133.4, Mejor=133.4
2025-10-23 06:35:18,155 - INFO - 🌟 MEJORA #224 en iter 44500: Fitness=133.4 (+0.0), Puntos=15582
2025-10-23 06:35:28,756 - DEBUG - Iter 44600: T=4.85, Fitness_actual=98.4, Mejor=133.4
2025-10-23 06:35:34,063 - WARNING - ⚠️  DEGRADACIÓN DETECTADA en iter 44650:
2025-10-23 06:35:34,063 - WARNING -    Mejor fitness: 133.4
2025-10-23 06:35:34,064 - WARNING -    Fitness promedio reciente: 93.3
2025-10-23 06:35:34,064 - WARNING -    Degradación: 40.1
2025-10-23 06:35:34,064 - WARNING -    🔄 RESTAURANDO mejor solución...
2025-10-23 06:35:34,066 - INFO - 🌟 MEJORA #225 en iter 44650: Fitness=133.5 (+0.1), Puntos=15588
2025-10-23 06:35:34,066 - INFO -   ✨ Mejora #225 en iteración 44651: Fitness = 133.5 | Puntos = 15588 | T = 4.85
2025-10-23 06:35:34,287 - INFO - Iter 44652: Aceptada solución con delta=-14.1 (T=4.85)
2025-10-23 06:35:34,287 - INFO -   📊 Desglose del cambio:
2025-10-23 06:35:34,288 - INFO -      Puntos: -6 → 15582 total
2025-10-23 06:35:34,288 - INFO -      Tiempo: +360.5min → 13917.9min total
2025-10-23 06:35:34,288 - INFO -      Distancia: -2.8km → 128.8km total
2025-10-23 06:35:39,654 - DEBUG - Iter 44700: T=4.84, Fitness_actual=114.7, Mejor=133.5
2025-10-23 06:35:50,238 - WARNING - ⚠️  DEGRADACIÓN DETECTADA en iter 44800:
2025-10-23 06:35:50,238 - WARNING -    Mejor fitness: 133.5
2025-10-23 06:35:50,239 - WARNING -    Fitness promedio reciente: 101.3
2025-10-23 06:35:50,239 - WARNING -    Degradación: 32.2
2025-10-23 06:35:50,239 - WARNING -    🔄 RESTAURANDO mejor solución...
2025-10-23 06:35:50,243 - DEBUG - Iter 44800: T=4.83, Fitness_actual=133.5, Mejor=133.5
2025-10-23 06:36:00,952 - DEBUG - Iter 44900: T=4.82, Fitness_actual=111.4, Mejor=133.5
2025-10-23 06:36:06,266 - WARNING - ⚠️  DEGRADACIÓN DETECTADA en iter 44950:
2025-10-23 06:36:06,266 - WARNING -    Mejor fitness: 133.5
2025-10-23 06:36:06,266 - WARNING -    Fitness promedio reciente: 110.9
2025-10-23 06:36:06,267 - WARNING -    Degradación: 22.5
2025-10-23 06:36:06,267 - WARNING -    🔄 RESTAURANDO mejor solución...
2025-10-23 06:36:11,546 - INFO -   Iter 45000 | Tiempo:   59.4min (24.8%) | T =     4.81 | Fitness =    118.5 | Mejor =    133.5 | Aceptación =  91.4%
2025-10-23 06:36:11,546 - INFO - Progreso iter 45000: T=4.81, Fitness=118.5, Mejor=133.5, Tasa_acept=91.4%
2025-10-23 06:36:11,548 - DEBUG - Iter 45000: T=4.81, Fitness_actual=118.5, Mejor=133.5
2025-10-23 06:36:13,768 - INFO - Iter 45021: Aceptada solución con delta=-10.0 (T=4.81)
2025-10-23 06:36:13,768 - INFO -   📊 Desglose del cambio:
2025-10-23 06:36:13,769 - INFO -      Puntos: +0 → 15382 total
2025-10-23 06:36:13,769 - INFO -      Tiempo: -146.6min → 12728.3min total
2025-10-23 06:36:13,769 - INFO -      Distancia: +0.3km → 149.9km total
2025-10-23 06:36:22,185 - WARNING - ⚠️  DEGRADACIÓN DETECTADA en iter 45100:
2025-10-23 06:36:22,185 - WARNING -    Mejor fitness: 133.5
2025-10-23 06:36:22,186 - WARNING -    Fitness promedio reciente: 112.3
2025-10-23 06:36:22,186 - WARNING -    Degradación: 21.2
2025-10-23 06:36:22,186 - WARNING -    🔄 RESTAURANDO mejor solución...
2025-10-23 06:36:22,187 - DEBUG - Iter 45100: T=4.80, Fitness_actual=133.5, Mejor=133.5
2025-10-23 06:36:22,188 - INFO - 🌟 MEJORA #226 en iter 45100: Fitness=133.5 (+0.0), Puntos=15588
2025-10-23 06:36:32,813 - DEBUG - Iter 45200: T=4.79, Fitness_actual=107.0, Mejor=133.5
2025-10-23 06:36:38,120 - WARNING - ⚠️  DEGRADACIÓN DETECTADA en iter 45250:
2025-10-23 06:36:38,120 - WARNING -    Mejor fitness: 133.5
2025-10-23 06:36:38,121 - WARNING -    Fitness promedio reciente: 105.5
2025-10-23 06:36:38,121 - WARNING -    Degradación: 28.0
2025-10-23 06:36:38,121 - WARNING -    🔄 RESTAURANDO mejor solución...
2025-10-23 06:36:38,448 - INFO - 🌟 MEJORA #227 en iter 45253: Fitness=133.5 (+0.0), Puntos=15588
2025-10-23 06:36:43,472 - DEBUG - Iter 45300: T=4.78, Fitness_actual=113.5, Mejor=133.5
2025-10-23 06:36:50,755 - WARNING - ================================================================================
2025-10-23 06:36:50,755 - WARNING - ⚠️  SALTO ANORMAL DETECTADO en iteración 45368
2025-10-23 06:36:50,756 - WARNING -    Fitness actual: 100.0
2025-10-23 06:36:50,756 - WARNING -    Fitness vecino: 78.9
2025-10-23 06:36:50,757 - WARNING -    Delta: -21.1
2025-10-23 06:36:50,757 - WARNING -    Temperatura: 4.77
2025-10-23 06:36:50,757 - WARNING -    Tipo perturbación aplicada: (ver generar_vecino)
2025-10-23 06:36:50,757 - WARNING -    Vecino - Puntos: 13939, Tiempo: 13882.3min, Distancia: 184.8km
2025-10-23 06:36:50,757 - WARNING -    Actual - Puntos: 13855, Tiempo: 12804.5min, Distancia: 100.0km
2025-10-23 06:36:50,758 - WARNING -    Validez restricciones - Vecino: False, Actual: False
2025-10-23 06:36:50,758 - WARNING - ================================================================================
2025-10-23 06:36:50,758 - WARNING - ⚠️  SALTO ANORMAL DETECTADO en iteración 45368
2025-10-23 06:36:50,758 - WARNING -    Fitness: 100.0 → 78.9 (Δ=-21.1)
2025-10-23 06:36:50,758 - WARNING -    Ver detalles en archivo de log
2025-10-23 06:36:54,158 - WARNING - ⚠️  DEGRADACIÓN DETECTADA en iter 45400:
2025-10-23 06:36:54,158 - WARNING -    Mejor fitness: 133.5
2025-10-23 06:36:54,159 - WARNING -    Fitness promedio reciente: 98.0
2025-10-23 06:36:54,159 - WARNING -    Degradación: 35.5
2025-10-23 06:36:54,159 - WARNING -    🔄 RESTAURANDO mejor solución...
2025-10-23 06:36:54,161 - DEBUG - Iter 45400: T=4.77, Fitness_actual=133.5, Mejor=133.5
2025-10-23 06:36:54,161 - INFO - 🌟 MEJORA #228 en iter 45400: Fitness=133.6 (+0.1), Puntos=15595
2025-10-23 06:37:04,831 - INFO -   Iter 45500 | Tiempo:   60.3min (25.1%) | T =     4.76 | Fitness =    113.6 | Mejor =    133.6 | Aceptación =  91.3%
2025-10-23 06:37:04,831 - INFO - Progreso iter 45500: T=4.76, Fitness=113.6, Mejor=133.6, Tasa_acept=91.3%
2025-10-23 06:37:04,834 - DEBUG - Iter 45500: T=4.76, Fitness_actual=113.6, Mejor=133.6
2025-10-23 06:37:10,197 - WARNING - ⚠️  DEGRADACIÓN DETECTADA en iter 45550:
2025-10-23 06:37:10,197 - WARNING -    Mejor fitness: 133.6
2025-10-23 06:37:10,198 - WARNING -    Fitness promedio reciente: 102.0
2025-10-23 06:37:10,198 - WARNING -    Degradación: 31.6
2025-10-23 06:37:10,198 - WARNING -    🔄 RESTAURANDO mejor solución...
2025-10-23 06:37:15,525 - DEBUG - Iter 45600: T=4.75, Fitness_actual=111.7, Mejor=133.6
2025-10-23 06:37:20,873 - WARNING - ⚠️  DEGRADACIÓN DETECTADA en iter 45650:
2025-10-23 06:37:20,873 - WARNING -    Mejor fitness: 133.6
2025-10-23 06:37:20,874 - WARNING -    Fitness promedio reciente: 106.0
2025-10-23 06:37:20,874 - WARNING -    Degradación: 27.5
2025-10-23 06:37:20,874 - WARNING -    🔄 RESTAURANDO mejor solución...
2025-10-23 06:37:20,876 - INFO - 🌟 MEJORA #229 en iter 45650: Fitness=133.6 (+0.0), Puntos=15595
2025-10-23 06:37:26,233 - DEBUG - Iter 45700: T=4.74, Fitness_actual=115.2, Mejor=133.6
2025-10-23 06:37:37,010 - WARNING - ⚠️  DEGRADACIÓN DETECTADA en iter 45800:
2025-10-23 06:37:37,010 - WARNING -    Mejor fitness: 133.6
2025-10-23 06:37:37,010 - WARNING -    Fitness promedio reciente: 107.7
2025-10-23 06:37:37,011 - WARNING -    Degradación: 25.9
2025-10-23 06:37:37,011 - WARNING -    🔄 RESTAURANDO mejor solución...
2025-10-23 06:37:37,012 - DEBUG - Iter 45800: T=4.73, Fitness_actual=133.6, Mejor=133.6
2025-10-23 06:37:37,012 - INFO - 🌟 MEJORA #230 en iter 45800: Fitness=133.6 (+0.0), Puntos=15595
2025-10-23 06:37:37,012 - INFO -   ✨ Mejora #230 en iteración 45801: Fitness = 133.6 | Puntos = 15595 | T = 4.73
2025-10-23 06:37:47,836 - DEBUG - Iter 45900: T=4.72, Fitness_actual=109.1, Mejor=133.6
2025-10-23 06:37:53,232 - WARNING - ⚠️  DEGRADACIÓN DETECTADA en iter 45950:
2025-10-23 06:37:53,232 - WARNING -    Mejor fitness: 133.6
2025-10-23 06:37:53,233 - WARNING -    Fitness promedio reciente: 107.6
2025-10-23 06:37:53,233 - WARNING -    Degradación: 25.9
2025-10-23 06:37:53,233 - WARNING -    🔄 RESTAURANDO mejor solución...
2025-10-23 06:37:58,622 - INFO -   Iter 46000 | Tiempo:   61.2min (25.5%) | T =     4.71 | Fitness =    124.2 | Mejor =    133.6 | Aceptación =  91.3%
2025-10-23 06:37:58,622 - INFO - Progreso iter 46000: T=4.71, Fitness=124.2, Mejor=133.6, Tasa_acept=91.3%
2025-10-23 06:37:58,624 - DEBUG - Iter 46000: T=4.71, Fitness_actual=124.2, Mejor=133.6
2025-10-23 06:38:09,421 - WARNING - ⚠️  DEGRADACIÓN DETECTADA en iter 46100:
2025-10-23 06:38:09,422 - WARNING -    Mejor fitness: 133.6
2025-10-23 06:38:09,422 - WARNING -    Fitness promedio reciente: 113.0
2025-10-23 06:38:09,423 - WARNING -    Degradación: 20.6
2025-10-23 06:38:09,423 - WARNING -    🔄 RESTAURANDO mejor solución...
2025-10-23 06:38:09,424 - DEBUG - Iter 46100: T=4.70, Fitness_actual=133.6, Mejor=133.6
2025-10-23 06:38:20,161 - DEBUG - Iter 46200: T=4.69, Fitness_actual=117.4, Mejor=133.6
2025-10-23 06:38:24,134 - INFO - Iter 46237: Aceptada solución con delta=-10.8 (T=4.68)
2025-10-23 06:38:24,135 - INFO -   📊 Desglose del cambio:
2025-10-23 06:38:24,137 - INFO -      Puntos: -781 → 14174 total
2025-10-23 06:38:24,137 - INFO -      Tiempo: -318.1min → 12830.3min total
2025-10-23 06:38:24,137 - INFO -      Distancia: -7.3km → 134.3km total
2025-10-23 06:38:25,527 - WARNING - ⚠️  DEGRADACIÓN DETECTADA en iter 46250:
2025-10-23 06:38:25,528 - WARNING -    Mejor fitness: 133.6
2025-10-23 06:38:25,533 - WARNING -    Fitness promedio reciente: 112.8
2025-10-23 06:38:25,533 - WARNING -    Degradación: 20.8
2025-10-23 06:38:25,533 - WARNING -    🔄 RESTAURANDO mejor solución...
2025-10-23 06:38:30,918 - WARNING - ⚠️  DEGRADACIÓN DETECTADA en iter 46300:
2025-10-23 06:38:30,918 - WARNING -    Mejor fitness: 133.6
2025-10-23 06:38:30,919 - WARNING -    Fitness promedio reciente: 113.0
2025-10-23 06:38:30,919 - WARNING -    Degradación: 20.5
2025-10-23 06:38:30,920 - WARNING -    🔄 RESTAURANDO mejor solución...
2025-10-23 06:38:30,921 - DEBUG - Iter 46300: T=4.68, Fitness_actual=133.6, Mejor=133.6
2025-10-23 06:38:41,679 - DEBUG - Iter 46400: T=4.67, Fitness_actual=105.4, Mejor=133.6
2025-10-23 06:38:47,002 - WARNING - ⚠️  DEGRADACIÓN DETECTADA en iter 46450:
2025-10-23 06:38:47,003 - WARNING -    Mejor fitness: 133.6
2025-10-23 06:38:47,003 - WARNING -    Fitness promedio reciente: 104.8
2025-10-23 06:38:47,004 - WARNING -    Degradación: 28.8
2025-10-23 06:38:47,004 - WARNING -    🔄 RESTAURANDO mejor solución...
2025-10-23 06:38:52,358 - INFO -   Iter 46500 | Tiempo:   62.1min (25.9%) | T =     4.66 | Fitness =    115.8 | Mejor =    133.6 | Aceptación =  91.2%
2025-10-23 06:38:52,358 - INFO - Progreso iter 46500: T=4.66, Fitness=115.8, Mejor=133.6, Tasa_acept=91.2%
2025-10-23 06:38:52,359 - DEBUG - Iter 46500: T=4.66, Fitness_actual=115.8, Mejor=133.6
2025-10-23 06:38:57,714 - WARNING - ⚠️  DEGRADACIÓN DETECTADA en iter 46550:
2025-10-23 06:38:57,714 - WARNING -    Mejor fitness: 133.6
2025-10-23 06:38:57,715 - WARNING -    Fitness promedio reciente: 112.3
2025-10-23 06:38:57,715 - WARNING -    Degradación: 21.2
2025-10-23 06:38:57,715 - WARNING -    🔄 RESTAURANDO mejor solución...
2025-10-23 06:39:03,099 - DEBUG - Iter 46600: T=4.65, Fitness_actual=126.3, Mejor=133.6
2025-10-23 06:39:13,838 - DEBUG - Iter 46700: T=4.63, Fitness_actual=117.5, Mejor=133.6
2025-10-23 06:39:24,716 - WARNING - ⚠️  DEGRADACIÓN DETECTADA en iter 46800:
2025-10-23 06:39:24,716 - WARNING -    Mejor fitness: 133.6
2025-10-23 06:39:24,717 - WARNING -    Fitness promedio reciente: 99.3
2025-10-23 06:39:24,717 - WARNING -    Degradación: 34.2
2025-10-23 06:39:24,717 - WARNING -    🔄 RESTAURANDO mejor solución...
2025-10-23 06:39:24,718 - DEBUG - Iter 46800: T=4.62, Fitness_actual=133.6, Mejor=133.6
2025-10-23 06:39:35,553 - DEBUG - Iter 46900: T=4.61, Fitness_actual=111.4, Mejor=133.6
2025-10-23 06:39:40,970 - WARNING - ⚠️  DEGRADACIÓN DETECTADA en iter 46950:
2025-10-23 06:39:40,970 - WARNING -    Mejor fitness: 133.6
2025-10-23 06:39:40,970 - WARNING -    Fitness promedio reciente: 108.1
2025-10-23 06:39:40,971 - WARNING -    Degradación: 25.4
2025-10-23 06:39:40,971 - WARNING -    🔄 RESTAURANDO mejor solución...
2025-10-23 06:39:40,973 - INFO - 🌟 MEJORA #231 en iter 46950: Fitness=133.6 (+0.1), Puntos=15601
2025-10-23 06:39:41,081 - INFO - 🌟 MEJORA #232 en iter 46951: Fitness=133.6 (+0.0), Puntos=15601
2025-10-23 06:39:46,384 - INFO -   Iter 47000 | Tiempo:   63.0min (26.3%) | T =     4.60 | Fitness =    119.5 | Mejor =    133.6 | Aceptación =  91.2%
2025-10-23 06:39:46,384 - INFO - Progreso iter 47000: T=4.60, Fitness=119.5, Mejor=133.6, Tasa_acept=91.2%
2025-10-23 06:39:46,386 - DEBUG - Iter 47000: T=4.60, Fitness_actual=119.5, Mejor=133.6
2025-10-23 06:39:57,247 - WARNING - ⚠️  DEGRADACIÓN DETECTADA en iter 47100:
2025-10-23 06:39:57,248 - WARNING -    Mejor fitness: 133.6
2025-10-23 06:39:57,248 - WARNING -    Fitness promedio reciente: 108.1
2025-10-23 06:39:57,249 - WARNING -    Degradación: 25.6
2025-10-23 06:39:57,249 - WARNING -    🔄 RESTAURANDO mejor solución...
2025-10-23 06:39:57,252 - DEBUG - Iter 47100: T=4.59, Fitness_actual=133.6, Mejor=133.6
2025-10-23 06:40:08,133 - DEBUG - Iter 47200: T=4.58, Fitness_actual=113.1, Mejor=133.6
2025-10-23 06:40:13,621 - WARNING - ⚠️  DEGRADACIÓN DETECTADA en iter 47250:
2025-10-23 06:40:13,621 - WARNING -    Mejor fitness: 133.6
2025-10-23 06:40:13,622 - WARNING -    Fitness promedio reciente: 107.5
2025-10-23 06:40:13,622 - WARNING -    Degradación: 26.1
2025-10-23 06:40:13,622 - WARNING -    🔄 RESTAURANDO mejor solución...
2025-10-23 06:40:19,094 - DEBUG - Iter 47300: T=4.57, Fitness_actual=114.8, Mejor=133.6
2025-10-23 06:40:24,623 - WARNING - ⚠️  DEGRADACIÓN DETECTADA en iter 47350:
2025-10-23 06:40:24,623 - WARNING -    Mejor fitness: 133.6
2025-10-23 06:40:24,624 - WARNING -    Fitness promedio reciente: 110.5
2025-10-23 06:40:24,624 - WARNING -    Degradación: 23.2
2025-10-23 06:40:24,624 - WARNING -    🔄 RESTAURANDO mejor solución...
2025-10-23 06:40:30,087 - DEBUG - Iter 47400: T=4.56, Fitness_actual=110.3, Mejor=133.6
2025-10-23 06:40:35,554 - WARNING - ⚠️  DEGRADACIÓN DETECTADA en iter 47450:
2025-10-23 06:40:35,554 - WARNING -    Mejor fitness: 133.6
2025-10-23 06:40:35,555 - WARNING -    Fitness promedio reciente: 105.0
2025-10-23 06:40:35,555 - WARNING -    Degradación: 28.7
2025-10-23 06:40:35,555 - WARNING -    🔄 RESTAURANDO mejor solución...
2025-10-23 06:40:41,056 - INFO -   Iter 47500 | Tiempo:   63.9min (26.6%) | T =     4.55 | Fitness =    103.9 | Mejor =    133.6 | Aceptación =  91.1%
2025-10-23 06:40:41,056 - INFO - Progreso iter 47500: T=4.55, Fitness=103.9, Mejor=133.6, Tasa_acept=91.1%
2025-10-23 06:40:41,059 - DEBUG - Iter 47500: T=4.55, Fitness_actual=103.9, Mejor=133.6
2025-10-23 06:40:46,598 - WARNING - ⚠️  DEGRADACIÓN DETECTADA en iter 47550:
2025-10-23 06:40:46,598 - WARNING -    Mejor fitness: 133.6
2025-10-23 06:40:46,599 - WARNING -    Fitness promedio reciente: 95.3
2025-10-23 06:40:46,600 - WARNING -    Degradación: 38.3
2025-10-23 06:40:46,600 - WARNING -    🔄 RESTAURANDO mejor solución...
2025-10-23 06:40:46,601 - INFO - 🌟 MEJORA #233 en iter 47550: Fitness=133.6 (+0.0), Puntos=15601
2025-10-23 06:40:52,136 - DEBUG - Iter 47600: T=4.54, Fitness_actual=103.7, Mejor=133.6
2025-10-23 06:41:03,272 - WARNING - ⚠️  DEGRADACIÓN DETECTADA en iter 47700:
2025-10-23 06:41:03,272 - WARNING -    Mejor fitness: 133.6
2025-10-23 06:41:03,273 - WARNING -    Fitness promedio reciente: 92.2
2025-10-23 06:41:03,273 - WARNING -    Degradación: 41.4
2025-10-23 06:41:03,273 - WARNING -    🔄 RESTAURANDO mejor solución...
2025-10-23 06:41:03,278 - DEBUG - Iter 47700: T=4.53, Fitness_actual=133.6, Mejor=133.6
2025-10-23 06:41:14,422 - DEBUG - Iter 47800: T=4.52, Fitness_actual=114.0, Mejor=133.6
2025-10-23 06:41:25,581 - WARNING - ⚠️  DEGRADACIÓN DETECTADA en iter 47900:
2025-10-23 06:41:25,581 - WARNING -    Mejor fitness: 133.6
2025-10-23 06:41:25,581 - WARNING -    Fitness promedio reciente: 107.6
2025-10-23 06:41:25,582 - WARNING -    Degradación: 26.1
2025-10-23 06:41:25,582 - WARNING -    🔄 RESTAURANDO mejor solución...
2025-10-23 06:41:25,586 - DEBUG - Iter 47900: T=4.51, Fitness_actual=133.6, Mejor=133.6
2025-10-23 06:41:36,718 - INFO -   Iter 48000 | Tiempo:   64.8min (27.0%) | T =     4.50 | Fitness =     99.8 | Mejor =    133.6 | Aceptación =  91.1%
2025-10-23 06:41:36,718 - INFO - Progreso iter 48000: T=4.50, Fitness=99.8, Mejor=133.6, Tasa_acept=91.1%
2025-10-23 06:41:36,719 - WARNING - ⚠️  DEGRADACIÓN DETECTADA en iter 48000:
2025-10-23 06:41:36,719 - WARNING -    Mejor fitness: 133.6
2025-10-23 06:41:36,719 - WARNING -    Fitness promedio reciente: 108.9
2025-10-23 06:41:36,719 - WARNING -    Degradación: 24.7
2025-10-23 06:41:36,720 - WARNING -    🔄 RESTAURANDO mejor solución...
2025-10-23 06:41:36,721 - DEBUG - Iter 48000: T=4.50, Fitness_actual=133.6, Mejor=133.6
2025-10-23 06:41:47,900 - DEBUG - Iter 48100: T=4.49, Fitness_actual=111.2, Mejor=133.6
2025-10-23 06:41:53,539 - WARNING - ⚠️  DEGRADACIÓN DETECTADA en iter 48150:
2025-10-23 06:41:53,539 - WARNING -    Mejor fitness: 133.6
2025-10-23 06:41:53,540 - WARNING -    Fitness promedio reciente: 104.4
2025-10-23 06:41:53,540 - WARNING -    Degradación: 29.2
2025-10-23 06:41:53,540 - WARNING -    🔄 RESTAURANDO mejor solución...
2025-10-23 06:41:53,542 - INFO - 🌟 MEJORA #234 en iter 48150: Fitness=133.6 (+0.0), Puntos=15601
2025-10-23 06:41:59,163 - DEBUG - Iter 48200: T=4.48, Fitness_actual=119.0, Mejor=133.6
2025-10-23 06:42:10,339 - WARNING - ⚠️  DEGRADACIÓN DETECTADA en iter 48300:
2025-10-23 06:42:10,339 - WARNING -    Mejor fitness: 133.6
2025-10-23 06:42:10,340 - WARNING -    Fitness promedio reciente: 108.9
2025-10-23 06:42:10,340 - WARNING -    Degradación: 24.8
2025-10-23 06:42:10,340 - WARNING -    🔄 RESTAURANDO mejor solución...
2025-10-23 06:42:10,342 - DEBUG - Iter 48300: T=4.47, Fitness_actual=133.6, Mejor=133.6
2025-10-23 06:42:21,740 - WARNING - ⚠️  DEGRADACIÓN DETECTADA en iter 48400:
2025-10-23 06:42:21,740 - WARNING -    Mejor fitness: 133.6
2025-10-23 06:42:21,740 - WARNING -    Fitness promedio reciente: 111.0
2025-10-23 06:42:21,741 - WARNING -    Degradación: 22.7
2025-10-23 06:42:21,741 - WARNING -    🔄 RESTAURANDO mejor solución...
2025-10-23 06:42:21,745 - DEBUG - Iter 48400: T=4.46, Fitness_actual=133.6, Mejor=133.6
2025-10-23 06:42:33,000 - INFO -   Iter 48500 | Tiempo:   65.8min (27.4%) | T =     4.45 | Fitness =    101.0 | Mejor =    133.6 | Aceptación =  91.1%
2025-10-23 06:42:33,000 - INFO - Progreso iter 48500: T=4.45, Fitness=101.0, Mejor=133.6, Tasa_acept=91.1%
2025-10-23 06:42:33,001 - WARNING - ⚠️  DEGRADACIÓN DETECTADA en iter 48500:
2025-10-23 06:42:33,001 - WARNING -    Mejor fitness: 133.6
2025-10-23 06:42:33,001 - WARNING -    Fitness promedio reciente: 111.3
2025-10-23 06:42:33,002 - WARNING -    Degradación: 22.3
2025-10-23 06:42:33,002 - WARNING -    🔄 RESTAURANDO mejor solución...
2025-10-23 06:42:33,006 - DEBUG - Iter 48500: T=4.45, Fitness_actual=133.6, Mejor=133.6
2025-10-23 06:42:40,401 - INFO - Iter 48566: Aceptada solución con delta=+11.5 (T=4.44)
2025-10-23 06:42:40,401 - INFO -   📊 Desglose del cambio:
2025-10-23 06:42:40,402 - INFO -      Puntos: +0 → 15706 total
2025-10-23 06:42:40,402 - INFO -      Tiempo: +0.0min → 12123.5min total
2025-10-23 06:42:40,402 - INFO -      Distancia: +0.0km → 137.0km total
2025-10-23 06:42:44,229 - WARNING - ⚠️  DEGRADACIÓN DETECTADA en iter 48600:
2025-10-23 06:42:44,229 - WARNING -    Mejor fitness: 133.6
2025-10-23 06:42:44,230 - WARNING -    Fitness promedio reciente: 113.5
2025-10-23 06:42:44,230 - WARNING -    Degradación: 20.1
2025-10-23 06:42:44,231 - WARNING -    🔄 RESTAURANDO mejor solución...
2025-10-23 06:42:44,234 - DEBUG - Iter 48600: T=4.44, Fitness_actual=133.6, Mejor=133.6
2025-10-23 06:42:55,460 - WARNING - ⚠️  DEGRADACIÓN DETECTADA en iter 48700:
2025-10-23 06:42:55,460 - WARNING -    Mejor fitness: 133.6
2025-10-23 06:42:55,461 - WARNING -    Fitness promedio reciente: 111.9
2025-10-23 06:42:55,461 - WARNING -    Degradación: 21.7
2025-10-23 06:42:55,461 - WARNING -    🔄 RESTAURANDO mejor solución...
2025-10-23 06:42:55,462 - DEBUG - Iter 48700: T=4.43, Fitness_actual=133.6, Mejor=133.6
2025-10-23 06:43:06,702 - DEBUG - Iter 48800: T=4.42, Fitness_actual=112.9, Mejor=133.6
2025-10-23 06:43:12,318 - WARNING - ⚠️  DEGRADACIÓN DETECTADA en iter 48850:
2025-10-23 06:43:12,318 - WARNING -    Mejor fitness: 133.6
2025-10-23 06:43:12,319 - WARNING -    Fitness promedio reciente: 103.0
2025-10-23 06:43:12,319 - WARNING -    Degradación: 30.6
2025-10-23 06:43:12,319 - WARNING -    🔄 RESTAURANDO mejor solución...
2025-10-23 06:43:12,321 - INFO - 🌟 MEJORA #235 en iter 48850: Fitness=133.7 (+0.1), Puntos=15612
2025-10-23 06:43:12,321 - INFO -   ✨ Mejora #235 en iteración 48851: Fitness = 133.7 | Puntos = 15612 | T = 4.42
2025-10-23 06:43:12,433 - INFO - 🌟 MEJORA #236 en iter 48851: Fitness=133.8 (+0.0), Puntos=15612
2025-10-23 06:43:17,980 - DEBUG - Iter 48900: T=4.41, Fitness_actual=111.9, Mejor=133.8
2025-10-23 06:43:29,468 - INFO -   Iter 49000 | Tiempo:   66.7min (27.8%) | T =     4.40 | Fitness =    104.1 | Mejor =    133.8 | Aceptación =  91.0%
2025-10-23 06:43:29,468 - INFO - Progreso iter 49000: T=4.40, Fitness=104.1, Mejor=133.8, Tasa_acept=91.0%
2025-10-23 06:43:29,469 - WARNING - ⚠️  DEGRADACIÓN DETECTADA en iter 49000:
2025-10-23 06:43:29,469 - WARNING -    Mejor fitness: 133.8
2025-10-23 06:43:29,469 - WARNING -    Fitness promedio reciente: 104.0
2025-10-23 06:43:29,469 - WARNING -    Degradación: 29.7
2025-10-23 06:43:29,469 - WARNING -    🔄 RESTAURANDO mejor solución...
2025-10-23 06:43:29,471 - DEBUG - Iter 49000: T=4.40, Fitness_actual=133.8, Mejor=133.8
2025-10-23 06:43:40,841 - DEBUG - Iter 49100: T=4.39, Fitness_actual=105.3, Mejor=133.8
2025-10-23 06:43:46,524 - WARNING - ⚠️  DEGRADACIÓN DETECTADA en iter 49150:
2025-10-23 06:43:46,525 - WARNING -    Mejor fitness: 133.8
2025-10-23 06:43:46,525 - WARNING -    Fitness promedio reciente: 102.8
2025-10-23 06:43:46,526 - WARNING -    Degradación: 30.9
2025-10-23 06:43:46,526 - WARNING -    🔄 RESTAURANDO mejor solución...
2025-10-23 06:43:46,640 - INFO - 🌟 MEJORA #237 en iter 49151: Fitness=133.8 (+0.0), Puntos=15612
2025-10-23 06:43:52,199 - DEBUG - Iter 49200: T=4.38, Fitness_actual=117.8, Mejor=133.8
2025-10-23 06:44:03,709 - WARNING - ⚠️  DEGRADACIÓN DETECTADA en iter 49300:
2025-10-23 06:44:03,709 - WARNING -    Mejor fitness: 133.8
2025-10-23 06:44:03,710 - WARNING -    Fitness promedio reciente: 97.9
2025-10-23 06:44:03,710 - WARNING -    Degradación: 35.9
2025-10-23 06:44:03,710 - WARNING -    🔄 RESTAURANDO mejor solución...
2025-10-23 06:44:03,711 - DEBUG - Iter 49300: T=4.37, Fitness_actual=133.8, Mejor=133.8
2025-10-23 06:44:15,053 - DEBUG - Iter 49400: T=4.36, Fitness_actual=117.6, Mejor=133.8
2025-10-23 06:44:26,452 - INFO -   Iter 49500 | Tiempo:   67.7min (28.2%) | T =     4.35 | Fitness =     89.4 | Mejor =    133.8 | Aceptación =  91.0%
2025-10-23 06:44:26,452 - INFO - Progreso iter 49500: T=4.35, Fitness=89.4, Mejor=133.8, Tasa_acept=91.0%
2025-10-23 06:44:26,453 - WARNING - ⚠️  DEGRADACIÓN DETECTADA en iter 49500:
2025-10-23 06:44:26,453 - WARNING -    Mejor fitness: 133.8
2025-10-23 06:44:26,453 - WARNING -    Fitness promedio reciente: 101.2
2025-10-23 06:44:26,453 - WARNING -    Degradación: 32.6
2025-10-23 06:44:26,454 - WARNING -    🔄 RESTAURANDO mejor solución...
2025-10-23 06:44:26,455 - DEBUG - Iter 49500: T=4.35, Fitness_actual=133.8, Mejor=133.8
2025-10-23 06:44:37,836 - WARNING - ⚠️  DEGRADACIÓN DETECTADA en iter 49600:
2025-10-23 06:44:37,836 - WARNING -    Mejor fitness: 133.8
2025-10-23 06:44:37,837 - WARNING -    Fitness promedio reciente: 112.3
2025-10-23 06:44:37,837 - WARNING -    Degradación: 21.4
2025-10-23 06:44:37,837 - WARNING -    🔄 RESTAURANDO mejor solución...
2025-10-23 06:44:37,842 - DEBUG - Iter 49600: T=4.34, Fitness_actual=133.8, Mejor=133.8
2025-10-23 06:44:38,069 - INFO - 🌟 MEJORA #238 en iter 49602: Fitness=133.8 (+0.0), Puntos=15612
2025-10-23 06:44:38,182 - INFO - 🌟 MEJORA #239 en iter 49603: Fitness=133.8 (+0.0), Puntos=15612
2025-10-23 06:44:49,266 - DEBUG - Iter 49700: T=4.33, Fitness_actual=107.2, Mejor=133.8
2025-10-23 06:44:54,997 - WARNING - ⚠️  DEGRADACIÓN DETECTADA en iter 49750:
2025-10-23 06:44:54,997 - WARNING -    Mejor fitness: 133.8
2025-10-23 06:44:54,998 - WARNING -    Fitness promedio reciente: 110.6
2025-10-23 06:44:54,998 - WARNING -    Degradación: 23.1
2025-10-23 06:44:54,998 - WARNING -    🔄 RESTAURANDO mejor solución...
2025-10-23 06:45:00,689 - DEBUG - Iter 49800: T=4.32, Fitness_actual=110.2, Mejor=133.8
2025-10-23 06:45:06,412 - WARNING - ⚠️  DEGRADACIÓN DETECTADA en iter 49850:
2025-10-23 06:45:06,412 - WARNING -    Mejor fitness: 133.8
2025-10-23 06:45:06,413 - WARNING -    Fitness promedio reciente: 104.3
2025-10-23 06:45:06,413 - WARNING -    Degradación: 29.5
2025-10-23 06:45:06,413 - WARNING -    🔄 RESTAURANDO mejor solución...
2025-10-23 06:45:12,120 - DEBUG - Iter 49900: T=4.31, Fitness_actual=126.1, Mejor=133.8
2025-10-23 06:45:23,609 - INFO -   Iter 50000 | Tiempo:   68.6min (28.6%) | T =     4.30 | Fitness =    106.7 | Mejor =    133.8 | Aceptación =  90.9%
2025-10-23 06:45:23,609 - INFO - Progreso iter 50000: T=4.30, Fitness=106.7, Mejor=133.8, Tasa_acept=90.9%
2025-10-23 06:45:23,610 - WARNING - ⚠️  DEGRADACIÓN DETECTADA en iter 50000:
2025-10-23 06:45:23,610 - WARNING -    Mejor fitness: 133.8
2025-10-23 06:45:23,610 - WARNING -    Fitness promedio reciente: 112.4
2025-10-23 06:45:23,610 - WARNING -    Degradación: 21.3
2025-10-23 06:45:23,610 - WARNING -    🔄 RESTAURANDO mejor solución...
2025-10-23 06:45:23,615 - DEBUG - Iter 50000: T=4.30, Fitness_actual=133.8, Mejor=133.8
2025-10-23 06:45:35,088 - WARNING - ⚠️  DEGRADACIÓN DETECTADA en iter 50100:
2025-10-23 06:45:35,088 - WARNING -    Mejor fitness: 133.8
2025-10-23 06:45:35,089 - WARNING -    Fitness promedio reciente: 111.6
2025-10-23 06:45:35,089 - WARNING -    Degradación: 22.1
2025-10-23 06:45:35,089 - WARNING -    🔄 RESTAURANDO mejor solución...
2025-10-23 06:45:35,093 - DEBUG - Iter 50100: T=4.29, Fitness_actual=133.8, Mejor=133.8
2025-10-23 06:45:46,497 - DEBUG - Iter 50200: T=4.28, Fitness_actual=110.4, Mejor=133.8
2025-10-23 06:45:52,319 - WARNING - ⚠️  DEGRADACIÓN DETECTADA en iter 50250:
2025-10-23 06:45:52,319 - WARNING -    Mejor fitness: 133.8
2025-10-23 06:45:52,320 - WARNING -    Fitness promedio reciente: 108.4
2025-10-23 06:45:52,321 - WARNING -    Degradación: 25.4
2025-10-23 06:45:52,321 - WARNING -    🔄 RESTAURANDO mejor solución...
2025-10-23 06:45:58,036 - DEBUG - Iter 50300: T=4.27, Fitness_actual=121.1, Mejor=133.8
2025-10-23 06:46:09,507 - WARNING - ⚠️  DEGRADACIÓN DETECTADA en iter 50400:
2025-10-23 06:46:09,507 - WARNING -    Mejor fitness: 133.8
2025-10-23 06:46:09,508 - WARNING -    Fitness promedio reciente: 112.4
2025-10-23 06:46:09,509 - WARNING -    Degradación: 21.3
2025-10-23 06:46:09,509 - WARNING -    🔄 RESTAURANDO mejor solución...
2025-10-23 06:46:09,513 - DEBUG - Iter 50400: T=4.26, Fitness_actual=133.8, Mejor=133.8
2025-10-23 06:46:20,999 - INFO -   Iter 50500 | Tiempo:   69.6min (29.0%) | T =     4.25 | Fitness =    101.8 | Mejor =    133.8 | Aceptación =  90.9%
2025-10-23 06:46:20,999 - INFO - Progreso iter 50500: T=4.25, Fitness=101.8, Mejor=133.8, Tasa_acept=90.9%
2025-10-23 06:46:21,000 - WARNING - ⚠️  DEGRADACIÓN DETECTADA en iter 50500:
2025-10-23 06:46:21,000 - WARNING -    Mejor fitness: 133.8
2025-10-23 06:46:21,000 - WARNING -    Fitness promedio reciente: 102.6
2025-10-23 06:46:21,000 - WARNING -    Degradación: 31.2
2025-10-23 06:46:21,000 - WARNING -    🔄 RESTAURANDO mejor solución...
2025-10-23 06:46:21,002 - DEBUG - Iter 50500: T=4.25, Fitness_actual=133.8, Mejor=133.8
2025-10-23 06:46:32,520 - DEBUG - Iter 50600: T=4.24, Fitness_actual=114.2, Mejor=133.8
2025-10-23 06:46:38,304 - WARNING - ⚠️  DEGRADACIÓN DETECTADA en iter 50650:
2025-10-23 06:46:38,305 - WARNING -    Mejor fitness: 133.8
2025-10-23 06:46:38,305 - WARNING -    Fitness promedio reciente: 108.2
2025-10-23 06:46:38,305 - WARNING -    Degradación: 25.6
2025-10-23 06:46:38,306 - WARNING -    🔄 RESTAURANDO mejor solución...
2025-10-23 06:46:38,423 - INFO - 🌟 MEJORA #240 en iter 50651: Fitness=133.8 (+0.1), Puntos=15621
2025-10-23 06:46:38,423 - INFO -   ✨ Mejora #240 en iteración 50652: Fitness = 133.8 | Puntos = 15621 | T = 4.23
2025-10-23 06:46:44,074 - DEBUG - Iter 50700: T=4.23, Fitness_actual=119.6, Mejor=133.8
2025-10-23 06:46:55,691 - WARNING - ⚠️  DEGRADACIÓN DETECTADA en iter 50800:
2025-10-23 06:46:55,691 - WARNING -    Mejor fitness: 133.8
2025-10-23 06:46:55,691 - WARNING -    Fitness promedio reciente: 112.1
2025-10-23 06:46:55,692 - WARNING -    Degradación: 21.7
2025-10-23 06:46:55,692 - WARNING -    🔄 RESTAURANDO mejor solución...
2025-10-23 06:46:55,696 - DEBUG - Iter 50800: T=4.22, Fitness_actual=133.8, Mejor=133.8
2025-10-23 06:46:55,927 - INFO - 🌟 MEJORA #241 en iter 50802: Fitness=133.8 (+0.0), Puntos=15621
2025-10-23 06:47:07,251 - DEBUG - Iter 50900: T=4.21, Fitness_actual=116.4, Mejor=133.8
2025-10-23 06:47:13,004 - WARNING - ⚠️  DEGRADACIÓN DETECTADA en iter 50950:
2025-10-23 06:47:13,004 - WARNING -    Mejor fitness: 133.8
2025-10-23 06:47:13,004 - WARNING -    Fitness promedio reciente: 109.4
2025-10-23 06:47:13,005 - WARNING -    Degradación: 24.5
2025-10-23 06:47:13,005 - WARNING -    🔄 RESTAURANDO mejor solución...
2025-10-23 06:47:18,759 - INFO -   Iter 51000 | Tiempo:   70.5min (29.4%) | T =     4.20 | Fitness =    120.0 | Mejor =    133.8 | Aceptación =  90.8%
2025-10-23 06:47:18,760 - INFO - Progreso iter 51000: T=4.20, Fitness=120.0, Mejor=133.8, Tasa_acept=90.8%
2025-10-23 06:47:18,761 - DEBUG - Iter 51000: T=4.20, Fitness_actual=120.0, Mejor=133.8
2025-10-23 06:47:30,293 - WARNING - ⚠️  DEGRADACIÓN DETECTADA en iter 51100:
2025-10-23 06:47:30,293 - WARNING -    Mejor fitness: 133.8
2025-10-23 06:47:30,294 - WARNING -    Fitness promedio reciente: 108.7
2025-10-23 06:47:30,294 - WARNING -    Degradación: 25.2
2025-10-23 06:47:30,294 - WARNING -    🔄 RESTAURANDO mejor solución...
2025-10-23 06:47:30,299 - DEBUG - Iter 51100: T=4.19, Fitness_actual=133.8, Mejor=133.8
2025-10-23 06:47:30,414 - INFO - 🌟 MEJORA #242 en iter 51101: Fitness=133.9 (+0.0), Puntos=15623
2025-10-23 06:47:41,980 - DEBUG - Iter 51200: T=4.18, Fitness_actual=95.3, Mejor=133.9
2025-10-23 06:47:47,909 - WARNING - ⚠️  DEGRADACIÓN DETECTADA en iter 51250:
2025-10-23 06:47:47,909 - WARNING -    Mejor fitness: 133.9
2025-10-23 06:47:47,909 - WARNING -    Fitness promedio reciente: 95.2
2025-10-23 06:47:47,910 - WARNING -    Degradación: 38.6
2025-10-23 06:47:47,910 - WARNING -    🔄 RESTAURANDO mejor solución...
2025-10-23 06:47:48,383 - INFO - 🌟 MEJORA #243 en iter 51254: Fitness=134.1 (+0.2), Puntos=15643
2025-10-23 06:47:53,740 - DEBUG - Iter 51300: T=4.17, Fitness_actual=117.3, Mejor=134.1
2025-10-23 06:48:05,473 - WARNING - ⚠️  DEGRADACIÓN DETECTADA en iter 51400:
2025-10-23 06:48:05,473 - WARNING -    Mejor fitness: 134.1
2025-10-23 06:48:05,474 - WARNING -    Fitness promedio reciente: 106.5
2025-10-23 06:48:05,474 - WARNING -    Degradación: 27.6
2025-10-23 06:48:05,474 - WARNING -    🔄 RESTAURANDO mejor solución...
2025-10-23 06:48:05,475 - DEBUG - Iter 51400: T=4.16, Fitness_actual=134.1, Mejor=134.1
2025-10-23 06:48:05,476 - INFO - 🌟 MEJORA #244 en iter 51400: Fitness=134.1 (+0.0), Puntos=15643
2025-10-23 06:48:17,153 - INFO -   Iter 51500 | Tiempo:   71.5min (29.8%) | T =     4.15 | Fitness =     97.4 | Mejor =    134.1 | Aceptación =  90.8%
2025-10-23 06:48:17,154 - INFO - Progreso iter 51500: T=4.15, Fitness=97.4, Mejor=134.1, Tasa_acept=90.8%
2025-10-23 06:48:17,156 - DEBUG - Iter 51500: T=4.15, Fitness_actual=97.4, Mejor=134.1
2025-10-23 06:48:23,029 - WARNING - ⚠️  DEGRADACIÓN DETECTADA en iter 51550:
2025-10-23 06:48:23,030 - WARNING -    Mejor fitness: 134.1
2025-10-23 06:48:23,030 - WARNING -    Fitness promedio reciente: 94.8
2025-10-23 06:48:23,030 - WARNING -    Degradación: 39.3
2025-10-23 06:48:23,031 - WARNING -    🔄 RESTAURANDO mejor solución...
2025-10-23 06:48:23,032 - INFO - 🌟 MEJORA #245 en iter 51550: Fitness=134.1 (+0.0), Puntos=15643
2025-10-23 06:48:23,032 - INFO -   ✨ Mejora #245 en iteración 51551: Fitness = 134.1 | Puntos = 15643 | T = 4.14
2025-10-23 06:48:28,866 - DEBUG - Iter 51600: T=4.14, Fitness_actual=119.2, Mejor=134.1
2025-10-23 06:48:40,750 - WARNING - ⚠️  DEGRADACIÓN DETECTADA en iter 51700:
2025-10-23 06:48:40,751 - WARNING -    Mejor fitness: 134.1
2025-10-23 06:48:40,752 - WARNING -    Fitness promedio reciente: 108.4
2025-10-23 06:48:40,752 - WARNING -    Degradación: 25.7
2025-10-23 06:48:40,752 - WARNING -    🔄 RESTAURANDO mejor solución...
2025-10-23 06:48:40,753 - DEBUG - Iter 51700: T=4.13, Fitness_actual=134.1, Mejor=134.1
2025-10-23 06:48:40,753 - INFO - 🌟 MEJORA #246 en iter 51700: Fitness=134.1 (+0.0), Puntos=15643
2025-10-23 06:48:46,351 - INFO - --- Cambiando a Fase: Intermedia (Balance) (Progreso: 30.0%) ---
2025-10-23 06:48:52,413 - DEBUG - Iter 51800: T=4.12, Fitness_actual=116.2, Mejor=134.1
2025-10-23 06:49:04,144 - DEBUG - Iter 51900: T=4.11, Fitness_actual=117.4, Mejor=134.1
2025-10-23 06:49:10,020 - WARNING - ⚠️  DEGRADACIÓN DETECTADA en iter 51950:
2025-10-23 06:49:10,020 - WARNING -    Mejor fitness: 134.1
2025-10-23 06:49:10,020 - WARNING -    Fitness promedio reciente: 112.9
2025-10-23 06:49:10,021 - WARNING -    Degradación: 21.2
2025-10-23 06:49:10,021 - WARNING -    🔄 RESTAURANDO mejor solución...
2025-10-23 06:49:15,864 - INFO -   Iter 52000 | Tiempo:   72.5min (30.2%) | T =     4.10 | Fitness =    121.5 | Mejor =    134.1 | Aceptación =  90.8%
2025-10-23 06:49:15,864 - INFO - Progreso iter 52000: T=4.10, Fitness=121.5, Mejor=134.1, Tasa_acept=90.8%
2025-10-23 06:49:15,866 - DEBUG - Iter 52000: T=4.10, Fitness_actual=121.5, Mejor=134.1
2025-10-23 06:49:27,637 - WARNING - ⚠️  DEGRADACIÓN DETECTADA en iter 52100:
2025-10-23 06:49:27,637 - WARNING -    Mejor fitness: 134.1
2025-10-23 06:49:27,638 - WARNING -    Fitness promedio reciente: 110.3
2025-10-23 06:49:27,638 - WARNING -    Degradación: 23.8
2025-10-23 06:49:27,638 - WARNING -    🔄 RESTAURANDO mejor solución...
2025-10-23 06:49:27,643 - DEBUG - Iter 52100: T=4.09, Fitness_actual=134.1, Mejor=134.1
2025-10-23 06:49:39,383 - WARNING - ⚠️  DEGRADACIÓN DETECTADA en iter 52200:
2025-10-23 06:49:39,383 - WARNING -    Mejor fitness: 134.1
2025-10-23 06:49:39,384 - WARNING -    Fitness promedio reciente: 110.0
2025-10-23 06:49:39,384 - WARNING -    Degradación: 24.1
2025-10-23 06:49:39,384 - WARNING -    🔄 RESTAURANDO mejor solución...
2025-10-23 06:49:39,388 - DEBUG - Iter 52200: T=4.08, Fitness_actual=134.1, Mejor=134.1
2025-10-23 06:49:51,160 - WARNING - ⚠️  DEGRADACIÓN DETECTADA en iter 52300:
2025-10-23 06:49:51,160 - WARNING -    Mejor fitness: 134.1
2025-10-23 06:49:51,161 - WARNING -    Fitness promedio reciente: 113.4
2025-10-23 06:49:51,161 - WARNING -    Degradación: 20.7
2025-10-23 06:49:51,161 - WARNING -    🔄 RESTAURANDO mejor solución...
2025-10-23 06:49:51,163 - DEBUG - Iter 52300: T=4.07, Fitness_actual=134.1, Mejor=134.1
2025-10-23 06:49:51,163 - INFO - 🌟 MEJORA #247 en iter 52300: Fitness=134.1 (+0.1), Puntos=15649
2025-10-23 06:50:02,966 - DEBUG - Iter 52400: T=4.06, Fitness_actual=126.2, Mejor=134.1
2025-10-23 06:50:14,749 - INFO -   Iter 52500 | Tiempo:   73.5min (30.6%) | T =     4.05 | Fitness =     95.9 | Mejor =    134.1 | Aceptación =  90.8%
2025-10-23 06:50:14,749 - INFO - Progreso iter 52500: T=4.05, Fitness=95.9, Mejor=134.1, Tasa_acept=90.8%
2025-10-23 06:50:14,750 - WARNING - ⚠️  DEGRADACIÓN DETECTADA en iter 52500:
2025-10-23 06:50:14,750 - WARNING -    Mejor fitness: 134.1
2025-10-23 06:50:14,750 - WARNING -    Fitness promedio reciente: 99.1
2025-10-23 06:50:14,751 - WARNING -    Degradación: 35.0
2025-10-23 06:50:14,751 - WARNING -    🔄 RESTAURANDO mejor solución...
2025-10-23 06:50:14,752 - DEBUG - Iter 52500: T=4.05, Fitness_actual=134.1, Mejor=134.1
2025-10-23 06:50:14,753 - INFO - 🌟 MEJORA #248 en iter 52500: Fitness=134.1 (+0.0), Puntos=15649
2025-10-23 06:50:14,869 - INFO - 🌟 MEJORA #249 en iter 52501: Fitness=134.2 (+0.1), Puntos=15654
2025-10-23 06:50:15,575 - INFO - 🌟 MEJORA #250 en iter 52507: Fitness=134.2 (+0.1), Puntos=15660
2025-10-23 06:50:15,581 - INFO -   ✨ Mejora #250 en iteración 52508: Fitness = 134.2 | Puntos = 15660 | T = 4.05
2025-10-23 06:50:26,562 - DEBUG - Iter 52600: T=4.04, Fitness_actual=115.7, Mejor=134.2
2025-10-23 06:50:32,479 - WARNING - ⚠️  DEGRADACIÓN DETECTADA en iter 52650:
2025-10-23 06:50:32,479 - WARNING -    Mejor fitness: 134.2
2025-10-23 06:50:32,480 - WARNING -    Fitness promedio reciente: 103.4
2025-10-23 06:50:32,480 - WARNING -    Degradación: 30.9
2025-10-23 06:50:32,480 - WARNING -    🔄 RESTAURANDO mejor solución...
2025-10-23 06:50:38,353 - DEBUG - Iter 52700: T=4.03, Fitness_actual=120.2, Mejor=134.2
2025-10-23 06:50:50,195 - WARNING - ⚠️  DEGRADACIÓN DETECTADA en iter 52800:
2025-10-23 06:50:50,195 - WARNING -    Mejor fitness: 134.2
2025-10-23 06:50:50,196 - WARNING -    Fitness promedio reciente: 109.7
2025-10-23 06:50:50,196 - WARNING -    Degradación: 24.5
2025-10-23 06:50:50,196 - WARNING -    🔄 RESTAURANDO mejor solución...
2025-10-23 06:50:50,197 - DEBUG - Iter 52800: T=4.02, Fitness_actual=134.2, Mejor=134.2
2025-10-23 06:51:02,066 - DEBUG - Iter 52900: T=4.01, Fitness_actual=118.5, Mejor=134.2
2025-10-23 06:51:07,949 - WARNING - ⚠️  DEGRADACIÓN DETECTADA en iter 52950:
2025-10-23 06:51:07,949 - WARNING -    Mejor fitness: 134.2
2025-10-23 06:51:07,950 - WARNING -    Fitness promedio reciente: 109.1
2025-10-23 06:51:07,950 - WARNING -    Degradación: 25.2
2025-10-23 06:51:07,950 - WARNING -    🔄 RESTAURANDO mejor solución...
2025-10-23 06:51:07,952 - INFO - 🌟 MEJORA #251 en iter 52950: Fitness=134.2 (+0.0), Puntos=15660
2025-10-23 06:51:13,826 - INFO -   Iter 53000 | Tiempo:   74.5min (31.0%) | T =     4.00 | Fitness =    124.8 | Mejor =    134.2 | Aceptación =  90.8%
2025-10-23 06:51:13,826 - INFO - Progreso iter 53000: T=4.00, Fitness=124.8, Mejor=134.2, Tasa_acept=90.8%
2025-10-23 06:51:13,828 - DEBUG - Iter 53000: T=4.00, Fitness_actual=124.8, Mejor=134.2
2025-10-23 06:51:26,061 - WARNING - ⚠️  DEGRADACIÓN DETECTADA en iter 53100:
2025-10-23 06:51:26,061 - WARNING -    Mejor fitness: 134.2
2025-10-23 06:51:26,061 - WARNING -    Fitness promedio reciente: 109.1
2025-10-23 06:51:26,062 - WARNING -    Degradación: 25.1
2025-10-23 06:51:26,062 - WARNING -    🔄 RESTAURANDO mejor solución...
2025-10-23 06:51:26,063 - DEBUG - Iter 53100: T=3.99, Fitness_actual=134.2, Mejor=134.2
2025-10-23 06:51:37,928 - DEBUG - Iter 53200: T=3.98, Fitness_actual=116.0, Mejor=134.2
2025-10-23 06:51:49,774 - WARNING - ⚠️  DEGRADACIÓN DETECTADA en iter 53300:
2025-10-23 06:51:49,774 - WARNING -    Mejor fitness: 134.2
2025-10-23 06:51:49,775 - WARNING -    Fitness promedio reciente: 108.9
2025-10-23 06:51:49,775 - WARNING -    Degradación: 25.4
2025-10-23 06:51:49,775 - WARNING -    🔄 RESTAURANDO mejor solución...
2025-10-23 06:51:49,777 - DEBUG - Iter 53300: T=3.97, Fitness_actual=134.2, Mejor=134.2
2025-10-23 06:52:01,725 - DEBUG - Iter 53400: T=3.96, Fitness_actual=122.8, Mejor=134.2
2025-10-23 06:52:13,598 - INFO -   Iter 53500 | Tiempo:   75.5min (31.4%) | T =     3.95 | Fitness =    117.7 | Mejor =    134.2 | Aceptación =  90.8%
2025-10-23 06:52:13,598 - INFO - Progreso iter 53500: T=3.95, Fitness=117.7, Mejor=134.2, Tasa_acept=90.8%
2025-10-23 06:52:13,601 - DEBUG - Iter 53500: T=3.95, Fitness_actual=117.7, Mejor=134.2
2025-10-23 06:52:25,574 - WARNING - ⚠️  DEGRADACIÓN DETECTADA en iter 53600:
2025-10-23 06:52:25,574 - WARNING -    Mejor fitness: 134.2
2025-10-23 06:52:25,575 - WARNING -    Fitness promedio reciente: 110.1
2025-10-23 06:52:25,575 - WARNING -    Degradación: 24.1
2025-10-23 06:52:25,575 - WARNING -    🔄 RESTAURANDO mejor solución...
2025-10-23 06:52:25,576 - DEBUG - Iter 53600: T=3.95, Fitness_actual=134.2, Mejor=134.2
2025-10-23 06:52:37,478 - DEBUG - Iter 53700: T=3.94, Fitness_actual=119.5, Mejor=134.2
2025-10-23 06:52:49,465 - DEBUG - Iter 53800: T=3.93, Fitness_actual=114.8, Mejor=134.2
2025-10-23 06:52:55,454 - WARNING - ⚠️  DEGRADACIÓN DETECTADA en iter 53850:
2025-10-23 06:52:55,454 - WARNING -    Mejor fitness: 134.2
2025-10-23 06:52:55,455 - WARNING -    Fitness promedio reciente: 111.5
2025-10-23 06:52:55,455 - WARNING -    Degradación: 22.8
2025-10-23 06:52:55,455 - WARNING -    🔄 RESTAURANDO mejor solución...
2025-10-23 06:52:55,457 - INFO - 🌟 MEJORA #252 en iter 53850: Fitness=134.2 (+0.0), Puntos=15660
2025-10-23 06:53:01,442 - DEBUG - Iter 53900: T=3.92, Fitness_actual=129.0, Mejor=134.2
2025-10-23 06:53:13,429 - INFO -   Iter 54000 | Tiempo:   76.5min (31.9%) | T =     3.91 | Fitness =    111.3 | Mejor =    134.2 | Aceptación =  90.8%
2025-10-23 06:53:13,430 - INFO - Progreso iter 54000: T=3.91, Fitness=111.3, Mejor=134.2, Tasa_acept=90.8%
2025-10-23 06:53:13,432 - DEBUG - Iter 54000: T=3.91, Fitness_actual=111.3, Mejor=134.2
2025-10-23 06:53:19,418 - WARNING - ⚠️  DEGRADACIÓN DETECTADA en iter 54050:
2025-10-23 06:53:19,418 - WARNING -    Mejor fitness: 134.2
2025-10-23 06:53:19,419 - WARNING -    Fitness promedio reciente: 112.0
2025-10-23 06:53:19,422 - WARNING -    Degradación: 22.3
2025-10-23 06:53:19,422 - WARNING -    🔄 RESTAURANDO mejor solución...
2025-10-23 06:53:25,425 - DEBUG - Iter 54100: T=3.90, Fitness_actual=120.5, Mejor=134.2
2025-10-23 06:53:31,456 - WARNING - ⚠️  DEGRADACIÓN DETECTADA en iter 54150:
2025-10-23 06:53:31,457 - WARNING -    Mejor fitness: 134.2
2025-10-23 06:53:31,457 - WARNING -    Fitness promedio reciente: 113.6
2025-10-23 06:53:31,458 - WARNING -    Degradación: 20.7
2025-10-23 06:53:31,458 - WARNING -    🔄 RESTAURANDO mejor solución...
2025-10-23 06:53:37,478 - DEBUG - Iter 54200: T=3.89, Fitness_actual=120.3, Mejor=134.2
2025-10-23 06:53:49,526 - DEBUG - Iter 54300: T=3.88, Fitness_actual=117.4, Mejor=134.2
2025-10-23 06:54:01,485 - WARNING - ⚠️  DEGRADACIÓN DETECTADA en iter 54400:
2025-10-23 06:54:01,485 - WARNING -    Mejor fitness: 134.2
2025-10-23 06:54:01,485 - WARNING -    Fitness promedio reciente: 108.4
2025-10-23 06:54:01,486 - WARNING -    Degradación: 25.9
2025-10-23 06:54:01,486 - WARNING -    🔄 RESTAURANDO mejor solución...
2025-10-23 06:54:01,487 - DEBUG - Iter 54400: T=3.87, Fitness_actual=134.2, Mejor=134.2
2025-10-23 06:54:13,383 - INFO -   Iter 54500 | Tiempo:   77.5min (32.3%) | T =     3.86 | Fitness =    115.6 | Mejor =    134.2 | Aceptación =  90.8%
2025-10-23 06:54:13,383 - INFO - Progreso iter 54500: T=3.86, Fitness=115.6, Mejor=134.2, Tasa_acept=90.8%
2025-10-23 06:54:13,386 - DEBUG - Iter 54500: T=3.86, Fitness_actual=115.6, Mejor=134.2
2025-10-23 06:54:19,391 - WARNING - ⚠️  DEGRADACIÓN DETECTADA en iter 54550:
2025-10-23 06:54:19,391 - WARNING -    Mejor fitness: 134.2
2025-10-23 06:54:19,392 - WARNING -    Fitness promedio reciente: 113.8
2025-10-23 06:54:19,392 - WARNING -    Degradación: 20.4
2025-10-23 06:54:19,392 - WARNING -    🔄 RESTAURANDO mejor solución...
2025-10-23 06:54:25,367 - DEBUG - Iter 54600: T=3.85, Fitness_actual=127.1, Mejor=134.2
2025-10-23 06:54:37,336 - DEBUG - Iter 54700: T=3.84, Fitness_actual=121.1, Mejor=134.2
2025-10-23 06:54:49,311 - WARNING - ⚠️  DEGRADACIÓN DETECTADA en iter 54800:
2025-10-23 06:54:49,312 - WARNING -    Mejor fitness: 134.2
2025-10-23 06:54:49,312 - WARNING -    Fitness promedio reciente: 113.2
2025-10-23 06:54:49,312 - WARNING -    Degradación: 21.0
2025-10-23 06:54:49,313 - WARNING -    🔄 RESTAURANDO mejor solución...
2025-10-23 06:54:49,314 - DEBUG - Iter 54800: T=3.83, Fitness_actual=134.2, Mejor=134.2
2025-10-23 06:55:01,355 - DEBUG - Iter 54900: T=3.82, Fitness_actual=124.7, Mejor=134.2
2025-10-23 06:55:13,402 - INFO -   Iter 55000 | Tiempo:   78.5min (32.7%) | T =     3.81 | Fitness =    112.3 | Mejor =    134.2 | Aceptación =  90.8%
2025-10-23 06:55:13,402 - INFO - Progreso iter 55000: T=3.81, Fitness=112.3, Mejor=134.2, Tasa_acept=90.8%
2025-10-23 06:55:13,405 - DEBUG - Iter 55000: T=3.81, Fitness_actual=112.3, Mejor=134.2
2025-10-23 06:55:19,427 - WARNING - ⚠️  DEGRADACIÓN DETECTADA en iter 55050:
2025-10-23 06:55:19,427 - WARNING -    Mejor fitness: 134.2
2025-10-23 06:55:19,428 - WARNING -    Fitness promedio reciente: 110.4
2025-10-23 06:55:19,428 - WARNING -    Degradación: 23.9
2025-10-23 06:55:19,428 - WARNING -    🔄 RESTAURANDO mejor solución...
2025-10-23 06:55:19,549 - INFO - 🌟 MEJORA #253 en iter 55051: Fitness=134.3 (+0.0), Puntos=15662
2025-10-23 06:55:19,668 - INFO - 🌟 MEJORA #254 en iter 55052: Fitness=134.3 (+0.0), Puntos=15665
2025-10-23 06:55:25,413 - DEBUG - Iter 55100: T=3.80, Fitness_actual=115.4, Mejor=134.3
2025-10-23 06:55:37,469 - WARNING - ⚠️  DEGRADACIÓN DETECTADA en iter 55200:
2025-10-23 06:55:37,470 - WARNING -    Mejor fitness: 134.3
2025-10-23 06:55:37,470 - WARNING -    Fitness promedio reciente: 94.7
2025-10-23 06:55:37,470 - WARNING -    Degradación: 39.6
2025-10-23 06:55:37,471 - WARNING -    🔄 RESTAURANDO mejor solución...
2025-10-23 06:55:37,472 - DEBUG - Iter 55200: T=3.79, Fitness_actual=134.3, Mejor=134.3
2025-10-23 06:55:37,709 - INFO - 🌟 MEJORA #255 en iter 55202: Fitness=134.4 (+0.1), Puntos=15673
2025-10-23 06:55:37,710 - INFO -   ✨ Mejora #255 en iteración 55203: Fitness = 134.4 | Puntos = 15673 | T = 3.79
2025-10-23 06:55:49,457 - DEBUG - Iter 55300: T=3.79, Fitness_actual=126.1, Mejor=134.4
2025-10-23 06:56:01,516 - DEBUG - Iter 55400: T=3.78, Fitness_actual=115.7, Mejor=134.4
2025-10-23 06:56:13,589 - INFO -   Iter 55500 | Tiempo:   79.5min (33.1%) | T =     3.77 | Fitness =    106.3 | Mejor =    134.4 | Aceptación =  90.7%
2025-10-23 06:56:13,590 - INFO - Progreso iter 55500: T=3.77, Fitness=106.3, Mejor=134.4, Tasa_acept=90.7%
2025-10-23 06:56:13,590 - WARNING - ⚠️  DEGRADACIÓN DETECTADA en iter 55500:
2025-10-23 06:56:13,590 - WARNING -    Mejor fitness: 134.4
2025-10-23 06:56:13,591 - WARNING -    Fitness promedio reciente: 109.6
2025-10-23 06:56:13,591 - WARNING -    Degradación: 24.7
2025-10-23 06:56:13,591 - WARNING -    🔄 RESTAURANDO mejor solución...
2025-10-23 06:56:13,592 - DEBUG - Iter 55500: T=3.77, Fitness_actual=134.4, Mejor=134.4
2025-10-23 06:56:13,958 - INFO - 🌟 MEJORA #256 en iter 55503: Fitness=134.4 (+0.0), Puntos=15673
2025-10-23 06:56:25,624 - DEBUG - Iter 55600: T=3.76, Fitness_actual=126.6, Mejor=134.4
2025-10-23 06:56:37,724 - WARNING - ⚠️  DEGRADACIÓN DETECTADA en iter 55700:
2025-10-23 06:56:37,725 - WARNING -    Mejor fitness: 134.4
2025-10-23 06:56:37,725 - WARNING -    Fitness promedio reciente: 113.3
2025-10-23 06:56:37,726 - WARNING -    Degradación: 21.1
2025-10-23 06:56:37,726 - WARNING -    🔄 RESTAURANDO mejor solución...
2025-10-23 06:56:37,729 - DEBUG - Iter 55700: T=3.75, Fitness_actual=134.4, Mejor=134.4
2025-10-23 06:56:49,798 - DEBUG - Iter 55800: T=3.74, Fitness_actual=118.9, Mejor=134.4
2025-10-23 06:56:54,035 - WARNING - ================================================================================
2025-10-23 06:56:54,035 - WARNING - ⚠️  SALTO ANORMAL DETECTADO en iteración 55835
2025-10-23 06:56:54,036 - WARNING -    Fitness actual: 115.3
2025-10-23 06:56:54,036 - WARNING -    Fitness vecino: 91.2
2025-10-23 06:56:54,036 - WARNING -    Delta: -24.0
2025-10-23 06:56:54,037 - WARNING -    Temperatura: 3.74
2025-10-23 06:56:54,037 - WARNING -    Tipo perturbación aplicada: (ver generar_vecino)
2025-10-23 06:56:54,037 - WARNING -    Vecino - Puntos: 15069, Tiempo: 14645.9min, Distancia: 285.8km
2025-10-23 06:56:54,037 - WARNING -    Actual - Puntos: 15070, Tiempo: 12905.0min, Distancia: 140.7km
2025-10-23 06:56:54,037 - WARNING -    Validez restricciones - Vecino: False, Actual: False
2025-10-23 06:56:54,038 - WARNING - ================================================================================
2025-10-23 06:56:54,038 - WARNING - ⚠️  SALTO ANORMAL DETECTADO en iteración 55835
2025-10-23 06:56:54,038 - WARNING -    Fitness: 115.3 → 91.2 (Δ=-24.0)
2025-10-23 06:56:54,038 - WARNING -    Ver detalles en archivo de log
2025-10-23 06:57:01,953 - WARNING - ⚠️  DEGRADACIÓN DETECTADA en iter 55900:
2025-10-23 06:57:01,953 - WARNING -    Mejor fitness: 134.4
2025-10-23 06:57:01,954 - WARNING -    Fitness promedio reciente: 109.9
2025-10-23 06:57:01,954 - WARNING -    Degradación: 24.4
2025-10-23 06:57:01,954 - WARNING -    🔄 RESTAURANDO mejor solución...
2025-10-23 06:57:01,955 - DEBUG - Iter 55900: T=3.73, Fitness_actual=134.4, Mejor=134.4
2025-10-23 06:57:02,078 - INFO - 🌟 MEJORA #257 en iter 55901: Fitness=134.4 (+0.0), Puntos=15673
2025-10-23 06:57:03,657 - INFO - Iter 55914: Aceptada solución con delta=-11.0 (T=3.73)
2025-10-23 06:57:03,657 - INFO -   📊 Desglose del cambio:
2025-10-23 06:57:03,658 - INFO -      Puntos: +0 → 14917 total
2025-10-23 06:57:03,658 - INFO -      Tiempo: -325.8min → 12675.5min total
2025-10-23 06:57:03,658 - INFO -      Distancia: +0.3km → 105.2km total
2025-10-23 06:57:14,128 - INFO -   Iter 56000 | Tiempo:   80.5min (33.5%) | T =     3.72 | Fitness =    107.9 | Mejor =    134.4 | Aceptación =  90.8%
2025-10-23 06:57:14,128 - INFO - Progreso iter 56000: T=3.72, Fitness=107.9, Mejor=134.4, Tasa_acept=90.8%
2025-10-23 06:57:14,131 - DEBUG - Iter 56000: T=3.72, Fitness_actual=107.9, Mejor=134.4
2025-10-23 06:57:20,240 - WARNING - ⚠️  DEGRADACIÓN DETECTADA en iter 56050:
2025-10-23 06:57:20,240 - WARNING -    Mejor fitness: 134.4
2025-10-23 06:57:20,241 - WARNING -    Fitness promedio reciente: 104.1
2025-10-23 06:57:20,241 - WARNING -    Degradación: 30.2
2025-10-23 06:57:20,241 - WARNING -    🔄 RESTAURANDO mejor solución...
2025-10-23 06:57:26,343 - DEBUG - Iter 56100: T=3.71, Fitness_actual=126.3, Mejor=134.4
2025-10-23 06:57:38,533 - DEBUG - Iter 56200: T=3.70, Fitness_actual=117.8, Mejor=134.4
2025-10-23 06:57:50,708 - WARNING - ⚠️  DEGRADACIÓN DETECTADA en iter 56300:
2025-10-23 06:57:50,708 - WARNING -    Mejor fitness: 134.4
2025-10-23 06:57:50,709 - WARNING -    Fitness promedio reciente: 108.1
2025-10-23 06:57:50,709 - WARNING -    Degradación: 26.2
2025-10-23 06:57:50,709 - WARNING -    🔄 RESTAURANDO mejor solución...
2025-10-23 06:57:50,713 - DEBUG - Iter 56300: T=3.69, Fitness_actual=134.4, Mejor=134.4
2025-10-23 06:58:02,929 - DEBUG - Iter 56400: T=3.68, Fitness_actual=112.5, Mejor=134.4
2025-10-23 06:58:09,053 - WARNING - ⚠️  DEGRADACIÓN DETECTADA en iter 56450:
2025-10-23 06:58:09,054 - WARNING -    Mejor fitness: 134.4
2025-10-23 06:58:09,054 - WARNING -    Fitness promedio reciente: 110.2
2025-10-23 06:58:09,055 - WARNING -    Degradación: 24.1
2025-10-23 06:58:09,055 - WARNING -    🔄 RESTAURANDO mejor solución...
2025-10-23 06:58:09,056 - INFO - 🌟 MEJORA #258 en iter 56450: Fitness=134.4 (+0.0), Puntos=15673
2025-10-23 06:58:09,300 - INFO - 🌟 MEJORA #259 en iter 56452: Fitness=134.5 (+0.1), Puntos=15687
2025-10-23 06:58:15,122 - INFO -   Iter 56500 | Tiempo:   81.5min (34.0%) | T =     3.68 | Fitness =    120.5 | Mejor =    134.5 | Aceptación =  90.8%
2025-10-23 06:58:15,123 - INFO - Progreso iter 56500: T=3.68, Fitness=120.5, Mejor=134.5, Tasa_acept=90.8%
2025-10-23 06:58:15,125 - DEBUG - Iter 56500: T=3.68, Fitness_actual=120.5, Mejor=134.5
2025-10-23 06:58:27,338 - WARNING - ⚠️  DEGRADACIÓN DETECTADA en iter 56600:
2025-10-23 06:58:27,338 - WARNING -    Mejor fitness: 134.5
2025-10-23 06:58:27,339 - WARNING -    Fitness promedio reciente: 101.3
2025-10-23 06:58:27,339 - WARNING -    Degradación: 33.2
2025-10-23 06:58:27,339 - WARNING -    🔄 RESTAURANDO mejor solución...
2025-10-23 06:58:27,343 - DEBUG - Iter 56600: T=3.67, Fitness_actual=134.5, Mejor=134.5
2025-10-23 06:58:39,601 - WARNING - ⚠️  DEGRADACIÓN DETECTADA en iter 56700:
2025-10-23 06:58:39,601 - WARNING -    Mejor fitness: 134.5
2025-10-23 06:58:39,602 - WARNING -    Fitness promedio reciente: 108.6
2025-10-23 06:58:39,602 - WARNING -    Degradación: 25.9
2025-10-23 06:58:39,602 - WARNING -    🔄 RESTAURANDO mejor solución...
2025-10-23 06:58:39,603 - DEBUG - Iter 56700: T=3.66, Fitness_actual=134.5, Mejor=134.5
2025-10-23 06:58:39,604 - INFO - 🌟 MEJORA #260 en iter 56700: Fitness=134.5 (+0.0), Puntos=15687
2025-10-23 06:58:39,604 - INFO -   ✨ Mejora #260 en iteración 56701: Fitness = 134.5 | Puntos = 15687 | T = 3.66
2025-10-23 06:58:51,788 - DEBUG - Iter 56800: T=3.65, Fitness_actual=106.1, Mejor=134.5
2025-10-23 06:58:57,910 - WARNING - ⚠️  DEGRADACIÓN DETECTADA en iter 56850:
2025-10-23 06:58:57,910 - WARNING -    Mejor fitness: 134.5
2025-10-23 06:58:57,911 - WARNING -    Fitness promedio reciente: 103.6
2025-10-23 06:58:57,911 - WARNING -    Degradación: 30.9
2025-10-23 06:58:57,911 - WARNING -    🔄 RESTAURANDO mejor solución...
2025-10-23 06:58:57,912 - INFO - 🌟 MEJORA #261 en iter 56850: Fitness=134.5 (+0.0), Puntos=15687
2025-10-23 06:59:04,045 - DEBUG - Iter 56900: T=3.64, Fitness_actual=126.6, Mejor=134.5
2025-10-23 06:59:16,358 - INFO -   Iter 57000 | Tiempo:   82.5min (34.4%) | T =     3.63 | Fitness =    111.5 | Mejor =    134.5 | Aceptación =  90.8%
2025-10-23 06:59:16,358 - INFO - Progreso iter 57000: T=3.63, Fitness=111.5, Mejor=134.5, Tasa_acept=90.8%
2025-10-23 06:59:16,360 - DEBUG - Iter 57000: T=3.63, Fitness_actual=111.5, Mejor=134.5
2025-10-23 06:59:22,492 - WARNING - ⚠️  DEGRADACIÓN DETECTADA en iter 57050:
2025-10-23 06:59:22,492 - WARNING -    Mejor fitness: 134.5
2025-10-23 06:59:22,493 - WARNING -    Fitness promedio reciente: 112.7
2025-10-23 06:59:22,493 - WARNING -    Degradación: 21.8
2025-10-23 06:59:22,494 - WARNING -    🔄 RESTAURANDO mejor solución...
2025-10-23 06:59:28,604 - DEBUG - Iter 57100: T=3.62, Fitness_actual=119.8, Mejor=134.5
2025-10-23 06:59:40,920 - WARNING - ⚠️  DEGRADACIÓN DETECTADA en iter 57200:
2025-10-23 06:59:40,920 - WARNING -    Mejor fitness: 134.5
2025-10-23 06:59:40,921 - WARNING -    Fitness promedio reciente: 113.4
2025-10-23 06:59:40,921 - WARNING -    Degradación: 21.2
2025-10-23 06:59:40,921 - WARNING -    🔄 RESTAURANDO mejor solución...
2025-10-23 06:59:40,922 - DEBUG - Iter 57200: T=3.61, Fitness_actual=134.5, Mejor=134.5
2025-10-23 06:59:53,290 - DEBUG - Iter 57300: T=3.60, Fitness_actual=124.9, Mejor=134.5
2025-10-23 07:00:05,719 - DEBUG - Iter 57400: T=3.59, Fitness_actual=118.1, Mejor=134.5
2025-10-23 07:00:11,926 - WARNING - ⚠️  DEGRADACIÓN DETECTADA en iter 57450:
2025-10-23 07:00:11,926 - WARNING -    Mejor fitness: 134.5
2025-10-23 07:00:11,927 - WARNING -    Fitness promedio reciente: 112.2
2025-10-23 07:00:11,928 - WARNING -    Degradación: 22.3
2025-10-23 07:00:11,928 - WARNING -    🔄 RESTAURANDO mejor solución...
2025-10-23 07:00:11,929 - INFO - 🌟 MEJORA #262 en iter 57450: Fitness=134.5 (+0.0), Puntos=15687
2025-10-23 07:00:12,054 - INFO - 🌟 MEJORA #263 en iter 57451: Fitness=134.5 (+0.0), Puntos=15687
2025-10-23 07:00:12,177 - INFO - 🌟 MEJORA #264 en iter 57452: Fitness=134.5 (+0.0), Puntos=15687
2025-10-23 07:00:18,109 - INFO -   Iter 57500 | Tiempo:   83.5min (34.8%) | T =     3.58 | Fitness =    127.4 | Mejor =    134.5 | Aceptación =  90.8%
2025-10-23 07:00:18,110 - INFO - Progreso iter 57500: T=3.58, Fitness=127.4, Mejor=134.5, Tasa_acept=90.8%
2025-10-23 07:00:18,111 - DEBUG - Iter 57500: T=3.58, Fitness_actual=127.4, Mejor=134.5
2025-10-23 07:00:30,548 - DEBUG - Iter 57600: T=3.58, Fitness_actual=111.4, Mejor=134.5
2025-10-23 07:00:36,813 - WARNING - ⚠️  DEGRADACIÓN DETECTADA en iter 57650:
2025-10-23 07:00:36,813 - WARNING -    Mejor fitness: 134.5
2025-10-23 07:00:36,814 - WARNING -    Fitness promedio reciente: 107.7
2025-10-23 07:00:36,814 - WARNING -    Degradación: 26.8
2025-10-23 07:00:36,814 - WARNING -    🔄 RESTAURANDO mejor solución...
2025-10-23 07:00:37,191 - INFO - 🌟 MEJORA #265 en iter 57653: Fitness=134.5 (+0.0), Puntos=15689
2025-10-23 07:00:37,191 - INFO -   ✨ Mejora #265 en iteración 57654: Fitness = 134.5 | Puntos = 15689 | T = 3.57
2025-10-23 07:00:43,058 - DEBUG - Iter 57700: T=3.57, Fitness_actual=122.3, Mejor=134.5
2025-10-23 07:00:55,533 - WARNING - ⚠️  DEGRADACIÓN DETECTADA en iter 57800:
2025-10-23 07:00:55,533 - WARNING -    Mejor fitness: 134.5
2025-10-23 07:00:55,534 - WARNING -    Fitness promedio reciente: 110.9
2025-10-23 07:00:55,534 - WARNING -    Degradación: 23.7
2025-10-23 07:00:55,534 - WARNING -    🔄 RESTAURANDO mejor solución...
2025-10-23 07:00:55,536 - DEBUG - Iter 57800: T=3.56, Fitness_actual=134.5, Mejor=134.5
2025-10-23 07:01:08,173 - DEBUG - Iter 57900: T=3.55, Fitness_actual=124.6, Mejor=134.5
2025-10-23 07:01:20,700 - INFO -   Iter 58000 | Tiempo:   84.6min (35.2%) | T =     3.54 | Fitness =    110.7 | Mejor =    134.5 | Aceptación =  90.7%
2025-10-23 07:01:20,700 - INFO - Progreso iter 58000: T=3.54, Fitness=110.7, Mejor=134.5, Tasa_acept=90.7%
2025-10-23 07:01:20,703 - DEBUG - Iter 58000: T=3.54, Fitness_actual=110.7, Mejor=134.5
2025-10-23 07:01:26,976 - WARNING - ⚠️  DEGRADACIÓN DETECTADA en iter 58050:
2025-10-23 07:01:26,976 - WARNING -    Mejor fitness: 134.5
2025-10-23 07:01:26,977 - WARNING -    Fitness promedio reciente: 110.5
2025-10-23 07:01:26,977 - WARNING -    Degradación: 24.0
2025-10-23 07:01:26,977 - WARNING -    🔄 RESTAURANDO mejor solución...
2025-10-23 07:01:33,217 - DEBUG - Iter 58100: T=3.53, Fitness_actual=125.6, Mejor=134.5
2025-10-23 07:01:45,747 - WARNING - ⚠️  DEGRADACIÓN DETECTADA en iter 58200:
2025-10-23 07:01:45,748 - WARNING -    Mejor fitness: 134.5
2025-10-23 07:01:45,748 - WARNING -    Fitness promedio reciente: 113.8
2025-10-23 07:01:45,748 - WARNING -    Degradación: 20.8
2025-10-23 07:01:45,749 - WARNING -    🔄 RESTAURANDO mejor solución...
2025-10-23 07:01:45,754 - DEBUG - Iter 58200: T=3.52, Fitness_actual=134.5, Mejor=134.5
2025-10-23 07:01:58,335 - DEBUG - Iter 58300: T=3.51, Fitness_actual=120.8, Mejor=134.5
2025-10-23 07:02:11,002 - WARNING - ⚠️  DEGRADACIÓN DETECTADA en iter 58400:
2025-10-23 07:02:11,002 - WARNING -    Mejor fitness: 134.5
2025-10-23 07:02:11,003 - WARNING -    Fitness promedio reciente: 112.7
2025-10-23 07:02:11,003 - WARNING -    Degradación: 21.8
2025-10-23 07:02:11,003 - WARNING -    🔄 RESTAURANDO mejor solución...
2025-10-23 07:02:11,007 - DEBUG - Iter 58400: T=3.50, Fitness_actual=134.5, Mejor=134.5
2025-10-23 07:02:23,543 - INFO -   Iter 58500 | Tiempo:   85.6min (35.7%) | T =     3.49 | Fitness =    121.4 | Mejor =    134.5 | Aceptación =  90.7%
2025-10-23 07:02:23,543 - INFO - Progreso iter 58500: T=3.49, Fitness=121.4, Mejor=134.5, Tasa_acept=90.7%
2025-10-23 07:02:23,545 - DEBUG - Iter 58500: T=3.49, Fitness_actual=121.4, Mejor=134.5
2025-10-23 07:02:36,079 - WARNING - ⚠️  DEGRADACIÓN DETECTADA en iter 58600:
2025-10-23 07:02:36,079 - WARNING -    Mejor fitness: 134.5
2025-10-23 07:02:36,080 - WARNING -    Fitness promedio reciente: 109.0
2025-10-23 07:02:36,080 - WARNING -    Degradación: 25.5
2025-10-23 07:02:36,080 - WARNING -    🔄 RESTAURANDO mejor solución...
2025-10-23 07:02:36,084 - DEBUG - Iter 58600: T=3.49, Fitness_actual=134.5, Mejor=134.5
2025-10-23 07:02:48,707 - DEBUG - Iter 58700: T=3.48, Fitness_actual=118.2, Mejor=134.5
2025-10-23 07:03:01,355 - DEBUG - Iter 58800: T=3.47, Fitness_actual=114.7, Mejor=134.5
2025-10-23 07:03:07,659 - WARNING - ⚠️  DEGRADACIÓN DETECTADA en iter 58850:
2025-10-23 07:03:07,659 - WARNING -    Mejor fitness: 134.5
2025-10-23 07:03:07,660 - WARNING -    Fitness promedio reciente: 111.4
2025-10-23 07:03:07,660 - WARNING -    Degradación: 23.1
2025-10-23 07:03:07,660 - WARNING -    🔄 RESTAURANDO mejor solución...
2025-10-23 07:03:13,954 - DEBUG - Iter 58900: T=3.46, Fitness_actual=122.4, Mejor=134.5
2025-10-23 07:03:26,575 - INFO -   Iter 59000 | Tiempo:   86.7min (36.1%) | T =     3.45 | Fitness =    114.0 | Mejor =    134.5 | Aceptación =  90.7%
2025-10-23 07:03:26,576 - INFO - Progreso iter 59000: T=3.45, Fitness=114.0, Mejor=134.5, Tasa_acept=90.7%
2025-10-23 07:03:26,579 - DEBUG - Iter 59000: T=3.45, Fitness_actual=114.0, Mejor=134.5
2025-10-23 07:03:39,243 - WARNING - ⚠️  DEGRADACIÓN DETECTADA en iter 59100:
2025-10-23 07:03:39,243 - WARNING -    Mejor fitness: 134.5
2025-10-23 07:03:39,243 - WARNING -    Fitness promedio reciente: 112.6
2025-10-23 07:03:39,244 - WARNING -    Degradación: 21.9
2025-10-23 07:03:39,244 - WARNING -    🔄 RESTAURANDO mejor solución...
2025-10-23 07:03:39,248 - DEBUG - Iter 59100: T=3.44, Fitness_actual=134.5, Mejor=134.5
2025-10-23 07:03:51,925 - DEBUG - Iter 59200: T=3.43, Fitness_actual=124.0, Mejor=134.5
2025-10-23 07:04:04,615 - DEBUG - Iter 59300: T=3.42, Fitness_actual=115.0, Mejor=134.5
2025-10-23 07:04:10,940 - WARNING - ⚠️  DEGRADACIÓN DETECTADA en iter 59350:
2025-10-23 07:04:10,940 - WARNING -    Mejor fitness: 134.5
2025-10-23 07:04:10,941 - WARNING -    Fitness promedio reciente: 111.3
2025-10-23 07:04:10,941 - WARNING -    Degradación: 23.2
2025-10-23 07:04:10,942 - WARNING -    🔄 RESTAURANDO mejor solución...
2025-10-23 07:04:17,242 - DEBUG - Iter 59400: T=3.42, Fitness_actual=127.3, Mejor=134.5
2025-10-23 07:04:29,872 - INFO -   Iter 59500 | Tiempo:   87.7min (36.6%) | T =     3.41 | Fitness =    112.6 | Mejor =    134.5 | Aceptación =  90.7%
2025-10-23 07:04:29,872 - INFO - Progreso iter 59500: T=3.41, Fitness=112.6, Mejor=134.5, Tasa_acept=90.7%
2025-10-23 07:04:29,874 - DEBUG - Iter 59500: T=3.41, Fitness_actual=112.6, Mejor=134.5
2025-10-23 07:04:36,198 - WARNING - ⚠️  DEGRADACIÓN DETECTADA en iter 59550:
2025-10-23 07:04:36,198 - WARNING -    Mejor fitness: 134.5
2025-10-23 07:04:36,199 - WARNING -    Fitness promedio reciente: 112.2
2025-10-23 07:04:36,199 - WARNING -    Degradación: 22.4
2025-10-23 07:04:36,199 - WARNING -    🔄 RESTAURANDO mejor solución...
2025-10-23 07:04:42,529 - DEBUG - Iter 59600: T=3.40, Fitness_actual=124.8, Mejor=134.5
2025-10-23 07:04:55,263 - DEBUG - Iter 59700: T=3.39, Fitness_actual=119.5, Mejor=134.5
2025-10-23 07:05:08,100 - WARNING - ⚠️  DEGRADACIÓN DETECTADA en iter 59800:
2025-10-23 07:05:08,101 - WARNING -    Mejor fitness: 134.5
2025-10-23 07:05:08,101 - WARNING -    Fitness promedio reciente: 114.4
2025-10-23 07:05:08,102 - WARNING -    Degradación: 20.1
2025-10-23 07:05:08,102 - WARNING -    🔄 RESTAURANDO mejor solución...
2025-10-23 07:05:08,106 - DEBUG - Iter 59800: T=3.38, Fitness_actual=134.5, Mejor=134.5
2025-10-23 07:05:20,824 - DEBUG - Iter 59900: T=3.37, Fitness_actual=124.2, Mejor=134.5
2025-10-23 07:05:33,590 - INFO -   Iter 60000 | Tiempo:   88.8min (37.0%) | T =     3.36 | Fitness =    115.7 | Mejor =    134.5 | Aceptación =  90.7%
2025-10-23 07:05:33,590 - INFO - Progreso iter 60000: T=3.36, Fitness=115.7, Mejor=134.5, Tasa_acept=90.7%
2025-10-23 07:05:33,591 - DEBUG - Iter 60000: T=3.36, Fitness_actual=115.7, Mejor=134.5
2025-10-23 07:05:40,025 - WARNING - ⚠️  DEGRADACIÓN DETECTADA en iter 60050:
2025-10-23 07:05:40,025 - WARNING -    Mejor fitness: 134.5
2025-10-23 07:05:40,025 - WARNING -    Fitness promedio reciente: 112.7
2025-10-23 07:05:40,026 - WARNING -    Degradación: 21.8
2025-10-23 07:05:40,026 - WARNING -    🔄 RESTAURANDO mejor solución...
2025-10-23 07:05:40,027 - INFO - 🌟 MEJORA #266 en iter 60050: Fitness=134.5 (+0.0), Puntos=15689
2025-10-23 07:05:46,399 - DEBUG - Iter 60100: T=3.35, Fitness_actual=124.1, Mejor=134.5
2025-10-23 07:05:59,226 - DEBUG - Iter 60200: T=3.35, Fitness_actual=113.8, Mejor=134.5
2025-10-23 07:06:12,183 - DEBUG - Iter 60300: T=3.34, Fitness_actual=118.1, Mejor=134.5
2025-10-23 07:06:18,586 - WARNING - ⚠️  DEGRADACIÓN DETECTADA en iter 60350:
2025-10-23 07:06:18,586 - WARNING -    Mejor fitness: 134.5
2025-10-23 07:06:18,587 - WARNING -    Fitness promedio reciente: 114.3
2025-10-23 07:06:18,587 - WARNING -    Degradación: 20.2
2025-10-23 07:06:18,587 - WARNING -    🔄 RESTAURANDO mejor solución...
2025-10-23 07:06:18,971 - INFO - 🌟 MEJORA #267 en iter 60353: Fitness=134.6 (+0.0), Puntos=15693
2025-10-23 07:06:24,989 - DEBUG - Iter 60400: T=3.33, Fitness_actual=125.0, Mejor=134.6
2025-10-23 07:06:37,843 - INFO -   Iter 60500 | Tiempo:   89.9min (37.4%) | T =     3.32 | Fitness =    115.9 | Mejor =    134.6 | Aceptación =  90.7%
2025-10-23 07:06:37,843 - INFO - Progreso iter 60500: T=3.32, Fitness=115.9, Mejor=134.6, Tasa_acept=90.7%
2025-10-23 07:06:37,847 - DEBUG - Iter 60500: T=3.32, Fitness_actual=115.9, Mejor=134.6
2025-10-23 07:06:44,336 - WARNING - ⚠️  DEGRADACIÓN DETECTADA en iter 60550:
2025-10-23 07:06:44,336 - WARNING -    Mejor fitness: 134.6
2025-10-23 07:06:44,337 - WARNING -    Fitness promedio reciente: 113.9
2025-10-23 07:06:44,337 - WARNING -    Degradación: 20.7
2025-10-23 07:06:44,337 - WARNING -    🔄 RESTAURANDO mejor solución...
2025-10-23 07:06:44,339 - INFO - 🌟 MEJORA #268 en iter 60550: Fitness=134.6 (+0.0), Puntos=15693
2025-10-23 07:06:50,751 - DEBUG - Iter 60600: T=3.31, Fitness_actual=131.1, Mejor=134.6
2025-10-23 07:07:03,644 - DEBUG - Iter 60700: T=3.30, Fitness_actual=115.1, Mejor=134.6
2025-10-23 07:07:16,527 - WARNING - ⚠️  DEGRADACIÓN DETECTADA en iter 60800:
2025-10-23 07:07:16,527 - WARNING -    Mejor fitness: 134.6
2025-10-23 07:07:16,528 - WARNING -    Fitness promedio reciente: 105.8
2025-10-23 07:07:16,528 - WARNING -    Degradación: 28.7
2025-10-23 07:07:16,528 - WARNING -    🔄 RESTAURANDO mejor solución...
2025-10-23 07:07:16,530 - DEBUG - Iter 60800: T=3.29, Fitness_actual=134.6, Mejor=134.6
2025-10-23 07:07:17,307 - WARNING - ================================================================================
2025-10-23 07:07:17,307 - WARNING - ⚠️  SALTO ANORMAL DETECTADO en iteración 60806
2025-10-23 07:07:17,308 - WARNING -    Fitness actual: 128.5
2025-10-23 07:07:17,308 - WARNING -    Fitness vecino: 106.3
2025-10-23 07:07:17,308 - WARNING -    Delta: -22.2
2025-10-23 07:07:17,308 - WARNING -    Temperatura: 3.29
2025-10-23 07:07:17,308 - WARNING -    Tipo perturbación aplicada: (ver generar_vecino)
2025-10-23 07:07:17,309 - WARNING -    Vecino - Puntos: 15414, Tiempo: 14289.4min, Distancia: 193.9km
2025-10-23 07:07:17,309 - WARNING -    Actual - Puntos: 15435, Tiempo: 13311.2min, Distancia: 121.5km
2025-10-23 07:07:17,309 - WARNING -    Validez restricciones - Vecino: False, Actual: False
2025-10-23 07:07:17,309 - WARNING - ================================================================================
2025-10-23 07:07:17,309 - WARNING - ⚠️  SALTO ANORMAL DETECTADO en iteración 60806
2025-10-23 07:07:17,310 - WARNING -    Fitness: 128.5 → 106.3 (Δ=-22.2)
2025-10-23 07:07:17,310 - WARNING -    Ver detalles en archivo de log
2025-10-23 07:07:29,413 - DEBUG - Iter 60900: T=3.29, Fitness_actual=119.0, Mejor=134.6
2025-10-23 07:07:42,342 - INFO -   Iter 61000 | Tiempo:   90.9min (37.9%) | T =     3.28 | Fitness =    111.7 | Mejor =    134.6 | Aceptación =  90.7%
2025-10-23 07:07:42,342 - INFO - Progreso iter 61000: T=3.28, Fitness=111.7, Mejor=134.6, Tasa_acept=90.7%
2025-10-23 07:07:42,343 - WARNING - ⚠️  DEGRADACIÓN DETECTADA en iter 61000:
2025-10-23 07:07:42,343 - WARNING -    Mejor fitness: 134.6
2025-10-23 07:07:42,343 - WARNING -    Fitness promedio reciente: 112.2
2025-10-23 07:07:42,344 - WARNING -    Degradación: 22.4
2025-10-23 07:07:42,344 - WARNING -    🔄 RESTAURANDO mejor solución...
2025-10-23 07:07:42,345 - DEBUG - Iter 61000: T=3.28, Fitness_actual=134.6, Mejor=134.6
2025-10-23 07:07:42,994 - INFO - 🌟 MEJORA #269 en iter 61005: Fitness=134.6 (+0.1), Puntos=15699
2025-10-23 07:07:55,317 - DEBUG - Iter 61100: T=3.27, Fitness_actual=123.4, Mejor=134.6
2025-10-23 07:08:08,302 - DEBUG - Iter 61200: T=3.26, Fitness_actual=117.3, Mejor=134.6
2025-10-23 07:08:14,738 - WARNING - ⚠️  DEGRADACIÓN DETECTADA en iter 61250:
2025-10-23 07:08:14,738 - WARNING -    Mejor fitness: 134.6
2025-10-23 07:08:14,739 - WARNING -    Fitness promedio reciente: 111.1
2025-10-23 07:08:14,739 - WARNING -    Degradación: 23.5
2025-10-23 07:08:14,739 - WARNING -    🔄 RESTAURANDO mejor solución...
2025-10-23 07:08:21,202 - DEBUG - Iter 61300: T=3.25, Fitness_actual=127.2, Mejor=134.6
2025-10-23 07:08:34,154 - WARNING - ⚠️  DEGRADACIÓN DETECTADA en iter 61400:
2025-10-23 07:08:34,154 - WARNING -    Mejor fitness: 134.6
2025-10-23 07:08:34,155 - WARNING -    Fitness promedio reciente: 111.6
2025-10-23 07:08:34,155 - WARNING -    Degradación: 23.0
2025-10-23 07:08:34,155 - WARNING -    🔄 RESTAURANDO mejor solución...
2025-10-23 07:08:34,156 - DEBUG - Iter 61400: T=3.24, Fitness_actual=134.6, Mejor=134.6
2025-10-23 07:08:34,157 - INFO - 🌟 MEJORA #270 en iter 61400: Fitness=134.6 (+0.0), Puntos=15699
2025-10-23 07:08:34,157 - INFO -   ✨ Mejora #270 en iteración 61401: Fitness = 134.6 | Puntos = 15699 | T = 3.24
2025-10-23 07:08:34,286 - INFO - 🌟 MEJORA #271 en iter 61401: Fitness=134.6 (+0.0), Puntos=15699
2025-10-23 07:08:47,140 - INFO -   Iter 61500 | Tiempo:   92.0min (38.3%) | T =     3.23 | Fitness =    128.4 | Mejor =    134.6 | Aceptación =  90.7%
2025-10-23 07:08:47,140 - INFO - Progreso iter 61500: T=3.23, Fitness=128.4, Mejor=134.6, Tasa_acept=90.7%
2025-10-23 07:08:47,143 - DEBUG - Iter 61500: T=3.23, Fitness_actual=128.4, Mejor=134.6
2025-10-23 07:09:00,369 - WARNING - ⚠️  DEGRADACIÓN DETECTADA en iter 61600:
2025-10-23 07:09:00,369 - WARNING -    Mejor fitness: 134.6
2025-10-23 07:09:00,370 - WARNING -    Fitness promedio reciente: 112.7
2025-10-23 07:09:00,370 - WARNING -    Degradación: 21.9
2025-10-23 07:09:00,371 - WARNING -    🔄 RESTAURANDO mejor solución...
2025-10-23 07:09:00,372 - DEBUG - Iter 61600: T=3.23, Fitness_actual=134.6, Mejor=134.6
2025-10-23 07:09:00,373 - INFO - 🌟 MEJORA #272 en iter 61600: Fitness=134.7 (+0.1), Puntos=15708
2025-10-23 07:09:13,381 - DEBUG - Iter 61700: T=3.22, Fitness_actual=121.6, Mejor=134.7
2025-10-23 07:09:26,354 - DEBUG - Iter 61800: T=3.21, Fitness_actual=107.8, Mejor=134.7
2025-10-23 07:09:32,842 - WARNING - ⚠️  DEGRADACIÓN DETECTADA en iter 61850:
2025-10-23 07:09:32,842 - WARNING -    Mejor fitness: 134.7
2025-10-23 07:09:32,842 - WARNING -    Fitness promedio reciente: 107.5
2025-10-23 07:09:32,843 - WARNING -    Degradación: 27.2
2025-10-23 07:09:32,843 - WARNING -    🔄 RESTAURANDO mejor solución...
2025-10-23 07:09:39,363 - DEBUG - Iter 61900: T=3.20, Fitness_actual=128.5, Mejor=134.7
2025-10-23 07:09:52,358 - INFO -   Iter 62000 | Tiempo:   93.1min (38.8%) | T =     3.19 | Fitness =    116.8 | Mejor =    134.7 | Aceptación =  90.7%
2025-10-23 07:09:52,358 - INFO - Progreso iter 62000: T=3.19, Fitness=116.8, Mejor=134.7, Tasa_acept=90.7%
2025-10-23 07:09:52,361 - DEBUG - Iter 62000: T=3.19, Fitness_actual=116.8, Mejor=134.7
2025-10-23 07:10:05,381 - WARNING - ⚠️  DEGRADACIÓN DETECTADA en iter 62100:
2025-10-23 07:10:05,381 - WARNING -    Mejor fitness: 134.7
2025-10-23 07:10:05,382 - WARNING -    Fitness promedio reciente: 112.7
2025-10-23 07:10:05,382 - WARNING -    Degradación: 22.0
2025-10-23 07:10:05,382 - WARNING -    🔄 RESTAURANDO mejor solución...
2025-10-23 07:10:05,384 - DEBUG - Iter 62100: T=3.18, Fitness_actual=134.7, Mejor=134.7
2025-10-23 07:10:18,320 - DEBUG - Iter 62200: T=3.18, Fitness_actual=124.8, Mejor=134.7
2025-10-23 07:10:31,360 - WARNING - ⚠️  DEGRADACIÓN DETECTADA en iter 62300:
2025-10-23 07:10:31,360 - WARNING -    Mejor fitness: 134.7
2025-10-23 07:10:31,361 - WARNING -    Fitness promedio reciente: 111.4
2025-10-23 07:10:31,361 - WARNING -    Degradación: 23.3
2025-10-23 07:10:31,361 - WARNING -    🔄 RESTAURANDO mejor solución...
2025-10-23 07:10:31,362 - DEBUG - Iter 62300: T=3.17, Fitness_actual=134.7, Mejor=134.7
2025-10-23 07:10:31,363 - INFO - 🌟 MEJORA #273 en iter 62300: Fitness=134.7 (+0.0), Puntos=15708
2025-10-23 07:10:44,421 - DEBUG - Iter 62400: T=3.16, Fitness_actual=119.7, Mejor=134.7
2025-10-23 07:10:57,447 - INFO -   Iter 62500 | Tiempo:   94.2min (39.2%) | T =     3.15 | Fitness =    117.0 | Mejor =    134.7 | Aceptación =  90.7%
2025-10-23 07:10:57,447 - INFO - Progreso iter 62500: T=3.15, Fitness=117.0, Mejor=134.7, Tasa_acept=90.7%
2025-10-23 07:10:57,448 - WARNING - ⚠️  DEGRADACIÓN DETECTADA en iter 62500:
2025-10-23 07:10:57,448 - WARNING -    Mejor fitness: 134.7
2025-10-23 07:10:57,448 - WARNING -    Fitness promedio reciente: 114.3
2025-10-23 07:10:57,449 - WARNING -    Degradación: 20.4
2025-10-23 07:10:57,449 - WARNING -    🔄 RESTAURANDO mejor solución...
2025-10-23 07:10:57,450 - DEBUG - Iter 62500: T=3.15, Fitness_actual=134.7, Mejor=134.7
2025-10-23 07:11:10,585 - DEBUG - Iter 62600: T=3.14, Fitness_actual=117.2, Mejor=134.7
2025-10-23 07:11:17,160 - WARNING - ⚠️  DEGRADACIÓN DETECTADA en iter 62650:
2025-10-23 07:11:17,160 - WARNING -    Mejor fitness: 134.7
2025-10-23 07:11:17,161 - WARNING -    Fitness promedio reciente: 112.9
2025-10-23 07:11:17,161 - WARNING -    Degradación: 21.8
2025-10-23 07:11:17,161 - WARNING -    🔄 RESTAURANDO mejor solución...
2025-10-23 07:11:17,433 - INFO - 🌟 MEJORA #274 en iter 62652: Fitness=134.7 (+0.0), Puntos=15708
2025-10-23 07:11:17,825 - INFO - 🌟 MEJORA #275 en iter 62655: Fitness=134.8 (+0.1), Puntos=15716
2025-10-23 07:11:17,825 - INFO -   ✨ Mejora #275 en iteración 62656: Fitness = 134.8 | Puntos = 15716 | T = 3.14
2025-10-23 07:11:23,695 - DEBUG - Iter 62700: T=3.13, Fitness_actual=128.7, Mejor=134.8
2025-10-23 07:11:36,804 - DEBUG - Iter 62800: T=3.13, Fitness_actual=116.9, Mejor=134.8
2025-10-23 07:11:49,980 - WARNING - ⚠️  DEGRADACIÓN DETECTADA en iter 62900:
2025-10-23 07:11:49,980 - WARNING -    Mejor fitness: 134.8
2025-10-23 07:11:49,981 - WARNING -    Fitness promedio reciente: 109.9
2025-10-23 07:11:49,981 - WARNING -    Degradación: 24.9
2025-10-23 07:11:49,981 - WARNING -    🔄 RESTAURANDO mejor solución...
2025-10-23 07:11:49,983 - DEBUG - Iter 62900: T=3.12, Fitness_actual=134.8, Mejor=134.8
2025-10-23 07:12:03,080 - INFO -   Iter 63000 | Tiempo:   95.3min (39.7%) | T =     3.11 | Fitness =    122.7 | Mejor =    134.8 | Aceptación =  90.7%
2025-10-23 07:12:03,080 - INFO - Progreso iter 63000: T=3.11, Fitness=122.7, Mejor=134.8, Tasa_acept=90.7%
2025-10-23 07:12:03,082 - DEBUG - Iter 63000: T=3.11, Fitness_actual=122.7, Mejor=134.8
2025-10-23 07:12:16,274 - DEBUG - Iter 63100: T=3.10, Fitness_actual=114.8, Mejor=134.8
2025-10-23 07:12:22,912 - WARNING - ⚠️  DEGRADACIÓN DETECTADA en iter 63150:
2025-10-23 07:12:22,912 - WARNING -    Mejor fitness: 134.8
2025-10-23 07:12:22,913 - WARNING -    Fitness promedio reciente: 110.0
2025-10-23 07:12:22,913 - WARNING -    Degradación: 24.8
2025-10-23 07:12:22,914 - WARNING -    🔄 RESTAURANDO mejor solución...
2025-10-23 07:12:29,516 - DEBUG - Iter 63200: T=3.09, Fitness_actual=127.3, Mejor=134.8
2025-10-23 07:12:42,769 - DEBUG - Iter 63300: T=3.08, Fitness_actual=109.2, Mejor=134.8
2025-10-23 07:12:49,384 - WARNING - ⚠️  DEGRADACIÓN DETECTADA en iter 63350:
2025-10-23 07:12:49,385 - WARNING -    Mejor fitness: 134.8
2025-10-23 07:12:49,385 - WARNING -    Fitness promedio reciente: 107.3
2025-10-23 07:12:49,385 - WARNING -    Degradación: 27.5
2025-10-23 07:12:49,385 - WARNING -    🔄 RESTAURANDO mejor solución...
2025-10-23 07:12:56,009 - DEBUG - Iter 63400: T=3.08, Fitness_actual=127.0, Mejor=134.8
2025-10-23 07:13:09,286 - INFO -   Iter 63500 | Tiempo:   96.4min (40.2%) | T =     3.07 | Fitness =    114.6 | Mejor =    134.8 | Aceptación =  90.7%
2025-10-23 07:13:09,287 - INFO - Progreso iter 63500: T=3.07, Fitness=114.6, Mejor=134.8, Tasa_acept=90.7%
2025-10-23 07:13:09,288 - DEBUG - Iter 63500: T=3.07, Fitness_actual=114.6, Mejor=134.8
2025-10-23 07:13:15,874 - WARNING - ⚠️  DEGRADACIÓN DETECTADA en iter 63550:
2025-10-23 07:13:15,874 - WARNING -    Mejor fitness: 134.8
2025-10-23 07:13:15,875 - WARNING -    Fitness promedio reciente: 112.1
2025-10-23 07:13:15,875 - WARNING -    Degradación: 22.7
2025-10-23 07:13:15,876 - WARNING -    🔄 RESTAURANDO mejor solución...
2025-10-23 07:13:16,012 - INFO - 🌟 MEJORA #276 en iter 63551: Fitness=134.8 (+0.0), Puntos=15716
2025-10-23 07:13:16,287 - INFO - 🌟 MEJORA #277 en iter 63553: Fitness=134.8 (+0.0), Puntos=15716
2025-10-23 07:13:22,518 - DEBUG - Iter 63600: T=3.06, Fitness_actual=123.6, Mejor=134.8
2025-10-23 07:13:35,835 - DEBUG - Iter 63700: T=3.05, Fitness_actual=117.8, Mejor=134.8
2025-10-23 07:13:42,498 - WARNING - ⚠️  DEGRADACIÓN DETECTADA en iter 63750:
2025-10-23 07:13:42,498 - WARNING -    Mejor fitness: 134.8
2025-10-23 07:13:42,499 - WARNING -    Fitness promedio reciente: 113.2
2025-10-23 07:13:42,499 - WARNING -    Degradación: 21.6
2025-10-23 07:13:42,499 - WARNING -    🔄 RESTAURANDO mejor solución...
2025-10-23 07:13:43,301 - INFO - 🌟 MEJORA #278 en iter 63756: Fitness=134.9 (+0.1), Puntos=15725
2025-10-23 07:13:44,097 - INFO - 🌟 MEJORA #279 en iter 63762: Fitness=135.9 (+1.0), Puntos=15725
2025-10-23 07:13:49,134 - DEBUG - Iter 63800: T=3.04, Fitness_actual=130.4, Mejor=135.9
2025-10-23 07:14:02,534 - DEBUG - Iter 63900: T=3.03, Fitness_actual=114.9, Mejor=135.9
2025-10-23 07:14:09,220 - WARNING - ⚠️  DEGRADACIÓN DETECTADA en iter 63950:
2025-10-23 07:14:09,220 - WARNING -    Mejor fitness: 135.9
2025-10-23 07:14:09,220 - WARNING -    Fitness promedio reciente: 112.0
2025-10-23 07:14:09,221 - WARNING -    Degradación: 23.9
2025-10-23 07:14:09,221 - WARNING -    🔄 RESTAURANDO mejor solución...
2025-10-23 07:14:15,907 - INFO -   Iter 64000 | Tiempo:   97.5min (40.6%) | T =     3.03 | Fitness =    128.3 | Mejor =    135.9 | Aceptación =  90.7%
2025-10-23 07:14:15,907 - INFO - Progreso iter 64000: T=3.03, Fitness=128.3, Mejor=135.9, Tasa_acept=90.7%
2025-10-23 07:14:15,910 - DEBUG - Iter 64000: T=3.03, Fitness_actual=128.3, Mejor=135.9
2025-10-23 07:14:29,315 - DEBUG - Iter 64100: T=3.02, Fitness_actual=120.7, Mejor=135.9
2025-10-23 07:14:42,677 - WARNING - ⚠️  DEGRADACIÓN DETECTADA en iter 64200:
2025-10-23 07:14:42,678 - WARNING -    Mejor fitness: 135.9
2025-10-23 07:14:42,678 - WARNING -    Fitness promedio reciente: 113.8
2025-10-23 07:14:42,679 - WARNING -    Degradación: 22.1
2025-10-23 07:14:42,679 - WARNING -    🔄 RESTAURANDO mejor solución...
2025-10-23 07:14:42,683 - DEBUG - Iter 64200: T=3.01, Fitness_actual=135.9, Mejor=135.9
2025-10-23 07:14:55,986 - DEBUG - Iter 64300: T=3.00, Fitness_actual=118.2, Mejor=135.9
2025-10-23 07:15:09,466 - DEBUG - Iter 64400: T=2.99, Fitness_actual=121.7, Mejor=135.9
2025-10-23 07:15:22,885 - INFO -   Iter 64500 | Tiempo:   98.6min (41.1%) | T =     2.99 | Fitness =    120.6 | Mejor =    135.9 | Aceptación =  90.7%
2025-10-23 07:15:22,886 - INFO - Progreso iter 64500: T=2.99, Fitness=120.6, Mejor=135.9, Tasa_acept=90.7%
2025-10-23 07:15:22,889 - DEBUG - Iter 64500: T=2.99, Fitness_actual=120.6, Mejor=135.9
2025-10-23 07:15:36,338 - DEBUG - Iter 64600: T=2.98, Fitness_actual=115.9, Mejor=135.9
2025-10-23 07:15:43,052 - WARNING - ⚠️  DEGRADACIÓN DETECTADA en iter 64650:
2025-10-23 07:15:43,052 - WARNING -    Mejor fitness: 135.9
2025-10-23 07:15:43,053 - WARNING -    Fitness promedio reciente: 115.3
2025-10-23 07:15:43,053 - WARNING -    Degradación: 20.6
2025-10-23 07:15:43,053 - WARNING -    🔄 RESTAURANDO mejor solución...
2025-10-23 07:15:43,187 - INFO - 🌟 MEJORA #280 en iter 64651: Fitness=135.9 (+0.0), Puntos=15725
2025-10-23 07:15:43,187 - INFO -   ✨ Mejora #280 en iteración 64652: Fitness = 135.9 | Puntos = 15725 | T = 2.97
2025-10-23 07:15:49,764 - DEBUG - Iter 64700: T=2.97, Fitness_actual=122.1, Mejor=135.9
2025-10-23 07:16:03,098 - DEBUG - Iter 64800: T=2.96, Fitness_actual=113.5, Mejor=135.9
2025-10-23 07:16:09,932 - WARNING - ⚠️  DEGRADACIÓN DETECTADA en iter 64850:
2025-10-23 07:16:09,932 - WARNING -    Mejor fitness: 135.9
2025-10-23 07:16:09,933 - WARNING -    Fitness promedio reciente: 110.3
2025-10-23 07:16:09,933 - WARNING -    Degradación: 25.6
2025-10-23 07:16:09,933 - WARNING -    🔄 RESTAURANDO mejor solución...
2025-10-23 07:16:10,893 - INFO - 🌟 MEJORA #281 en iter 64857: Fitness=135.9 (+0.0), Puntos=15725
2025-10-23 07:16:16,692 - DEBUG - Iter 64900: T=2.95, Fitness_actual=124.7, Mejor=135.9
2025-10-23 07:16:30,204 - INFO -   Iter 65000 | Tiempo:   99.7min (41.6%) | T =     2.95 | Fitness =    123.3 | Mejor =    135.9 | Aceptación =  90.6%
2025-10-23 07:16:30,205 - INFO - Progreso iter 65000: T=2.95, Fitness=123.3, Mejor=135.9, Tasa_acept=90.6%
2025-10-23 07:16:30,207 - DEBUG - Iter 65000: T=2.95, Fitness_actual=123.3, Mejor=135.9
2025-10-23 07:16:43,725 - DEBUG - Iter 65100: T=2.94, Fitness_actual=123.2, Mejor=135.9
2025-10-23 07:16:57,280 - WARNING - ⚠️  DEGRADACIÓN DETECTADA en iter 65200:
2025-10-23 07:16:57,280 - WARNING -    Mejor fitness: 135.9
2025-10-23 07:16:57,280 - WARNING -    Fitness promedio reciente: 113.4
2025-10-23 07:16:57,281 - WARNING -    Degradación: 22.5
2025-10-23 07:16:57,281 - WARNING -    🔄 RESTAURANDO mejor solución...
2025-10-23 07:16:57,282 - DEBUG - Iter 65200: T=2.93, Fitness_actual=135.9, Mejor=135.9
2025-10-23 07:16:57,282 - INFO - 🌟 MEJORA #282 en iter 65200: Fitness=135.9 (+0.0), Puntos=15725
2025-10-23 07:17:10,895 - DEBUG - Iter 65300: T=2.92, Fitness_actual=116.6, Mejor=135.9
2025-10-23 07:17:24,350 - DEBUG - Iter 65400: T=2.91, Fitness_actual=124.1, Mejor=135.9
2025-10-23 07:17:37,766 - INFO -   Iter 65500 | Tiempo:  100.9min (42.0%) | T =     2.91 | Fitness =    124.4 | Mejor =    135.9 | Aceptación =  90.6%
2025-10-23 07:17:37,766 - INFO - Progreso iter 65500: T=2.91, Fitness=124.4, Mejor=135.9, Tasa_acept=90.6%
2025-10-23 07:17:37,767 - DEBUG - Iter 65500: T=2.91, Fitness_actual=124.4, Mejor=135.9
2025-10-23 07:17:44,501 - WARNING - ⚠️  DEGRADACIÓN DETECTADA en iter 65550:
2025-10-23 07:17:44,502 - WARNING -    Mejor fitness: 135.9
2025-10-23 07:17:44,502 - WARNING -    Fitness promedio reciente: 114.9
2025-10-23 07:17:44,503 - WARNING -    Degradación: 21.0
2025-10-23 07:17:44,503 - WARNING -    🔄 RESTAURANDO mejor solución...
2025-10-23 07:17:51,256 - DEBUG - Iter 65600: T=2.90, Fitness_actual=114.6, Mejor=135.9
2025-10-23 07:17:58,039 - WARNING - ⚠️  DEGRADACIÓN DETECTADA en iter 65650:
2025-10-23 07:17:58,039 - WARNING -    Mejor fitness: 135.9
2025-10-23 07:17:58,040 - WARNING -    Fitness promedio reciente: 113.0
2025-10-23 07:17:58,040 - WARNING -    Degradación: 22.9
2025-10-23 07:17:58,040 - WARNING -    🔄 RESTAURANDO mejor solución...
2025-10-23 07:17:58,042 - INFO - 🌟 MEJORA #283 en iter 65650: Fitness=135.9 (+0.0), Puntos=15725
2025-10-23 07:18:04,828 - DEBUG - Iter 65700: T=2.89, Fitness_actual=125.2, Mejor=135.9
2025-10-23 07:18:18,376 - DEBUG - Iter 65800: T=2.88, Fitness_actual=122.2, Mejor=135.9
2025-10-23 07:18:31,937 - WARNING - ⚠️  DEGRADACIÓN DETECTADA en iter 65900:
2025-10-23 07:18:31,937 - WARNING -    Mejor fitness: 135.9
2025-10-23 07:18:31,938 - WARNING -    Fitness promedio reciente: 114.1
2025-10-23 07:18:31,938 - WARNING -    Degradación: 21.8
2025-10-23 07:18:31,938 - WARNING -    🔄 RESTAURANDO mejor solución...
2025-10-23 07:18:31,940 - DEBUG - Iter 65900: T=2.87, Fitness_actual=135.9, Mejor=135.9
2025-10-23 07:18:45,467 - INFO -   Iter 66000 | Tiempo:  102.0min (42.5%) | T =     2.87 | Fitness =    114.9 | Mejor =    135.9 | Aceptación =  90.6%
2025-10-23 07:18:45,467 - INFO - Progreso iter 66000: T=2.87, Fitness=114.9, Mejor=135.9, Tasa_acept=90.6%
2025-10-23 07:18:45,470 - DEBUG - Iter 66000: T=2.87, Fitness_actual=114.9, Mejor=135.9
2025-10-23 07:18:52,262 - WARNING - ⚠️  DEGRADACIÓN DETECTADA en iter 66050:
2025-10-23 07:18:52,262 - WARNING -    Mejor fitness: 135.9
2025-10-23 07:18:52,263 - WARNING -    Fitness promedio reciente: 114.4
2025-10-23 07:18:52,263 - WARNING -    Degradación: 21.5
2025-10-23 07:18:52,264 - WARNING -    🔄 RESTAURANDO mejor solución...
2025-10-23 07:18:59,068 - DEBUG - Iter 66100: T=2.86, Fitness_actual=131.7, Mejor=135.9
2025-10-23 07:19:12,585 - DEBUG - Iter 66200: T=2.85, Fitness_actual=121.3, Mejor=135.9
2025-10-23 07:19:26,167 - DEBUG - Iter 66300: T=2.84, Fitness_actual=116.1, Mejor=135.9
2025-10-23 07:19:32,975 - WARNING - ⚠️  DEGRADACIÓN DETECTADA en iter 66350:
2025-10-23 07:19:32,976 - WARNING -    Mejor fitness: 135.9
2025-10-23 07:19:32,977 - WARNING -    Fitness promedio reciente: 113.1
2025-10-23 07:19:32,977 - WARNING -    Degradación: 22.8
2025-10-23 07:19:32,977 - WARNING -    🔄 RESTAURANDO mejor solución...
2025-10-23 07:19:39,795 - DEBUG - Iter 66400: T=2.84, Fitness_actual=129.5, Mejor=135.9
2025-10-23 07:19:53,421 - INFO -   Iter 66500 | Tiempo:  103.1min (43.0%) | T =     2.83 | Fitness =    115.9 | Mejor =    135.9 | Aceptación =  90.6%
2025-10-23 07:19:53,421 - INFO - Progreso iter 66500: T=2.83, Fitness=115.9, Mejor=135.9, Tasa_acept=90.6%
2025-10-23 07:19:53,424 - DEBUG - Iter 66500: T=2.83, Fitness_actual=115.9, Mejor=135.9
2025-10-23 07:20:00,245 - WARNING - ⚠️  DEGRADACIÓN DETECTADA en iter 66550:
2025-10-23 07:20:00,245 - WARNING -    Mejor fitness: 135.9
2025-10-23 07:20:00,246 - WARNING -    Fitness promedio reciente: 113.8
2025-10-23 07:20:00,246 - WARNING -    Degradación: 22.1
2025-10-23 07:20:00,246 - WARNING -    🔄 RESTAURANDO mejor solución...
2025-10-23 07:20:07,021 - DEBUG - Iter 66600: T=2.82, Fitness_actual=124.7, Mejor=135.9
2025-10-23 07:20:20,709 - DEBUG - Iter 66700: T=2.81, Fitness_actual=114.0, Mejor=135.9
2025-10-23 07:20:34,501 - WARNING - ⚠️  DEGRADACIÓN DETECTADA en iter 66800:
2025-10-23 07:20:34,501 - WARNING -    Mejor fitness: 135.9
2025-10-23 07:20:34,502 - WARNING -    Fitness promedio reciente: 113.9
2025-10-23 07:20:34,502 - WARNING -    Degradación: 22.0
2025-10-23 07:20:34,502 - WARNING -    🔄 RESTAURANDO mejor solución...
2025-10-23 07:20:34,504 - DEBUG - Iter 66800: T=2.80, Fitness_actual=135.9, Mejor=135.9
2025-10-23 07:20:34,504 - INFO - 🌟 MEJORA #284 en iter 66800: Fitness=135.9 (+0.0), Puntos=15725
2025-10-23 07:20:35,331 - INFO - 🌟 MEJORA #285 en iter 66806: Fitness=135.9 (+0.0), Puntos=15725
2025-10-23 07:20:35,331 - INFO -   ✨ Mejora #285 en iteración 66807: Fitness = 135.9 | Puntos = 15725 | T = 2.80
2025-10-23 07:20:48,220 - DEBUG - Iter 66900: T=2.80, Fitness_actual=123.3, Mejor=135.9
2025-10-23 07:21:02,050 - INFO -   Iter 67000 | Tiempo:  104.3min (43.4%) | T =     2.79 | Fitness =    116.7 | Mejor =    135.9 | Aceptación =  90.6%
2025-10-23 07:21:02,050 - INFO - Progreso iter 67000: T=2.79, Fitness=116.7, Mejor=135.9, Tasa_acept=90.6%
2025-10-23 07:21:02,051 - WARNING - ⚠️  DEGRADACIÓN DETECTADA en iter 67000:
2025-10-23 07:21:02,051 - WARNING -    Mejor fitness: 135.9
2025-10-23 07:21:02,051 - WARNING -    Fitness promedio reciente: 114.7
2025-10-23 07:21:02,051 - WARNING -    Degradación: 21.2
2025-10-23 07:21:02,052 - WARNING -    🔄 RESTAURANDO mejor solución...
2025-10-23 07:21:02,053 - DEBUG - Iter 67000: T=2.79, Fitness_actual=135.9, Mejor=135.9
2025-10-23 07:21:15,926 - DEBUG - Iter 67100: T=2.78, Fitness_actual=111.3, Mejor=135.9
2025-10-23 07:21:22,809 - WARNING - ⚠️  DEGRADACIÓN DETECTADA en iter 67150:
2025-10-23 07:21:22,809 - WARNING -    Mejor fitness: 135.9
2025-10-23 07:21:22,810 - WARNING -    Fitness promedio reciente: 112.2
2025-10-23 07:21:22,810 - WARNING -    Degradación: 23.7
2025-10-23 07:21:22,810 - WARNING -    🔄 RESTAURANDO mejor solución...
2025-10-23 07:21:23,221 - INFO - 🌟 MEJORA #286 en iter 67153: Fitness=135.9 (+0.0), Puntos=15728
2025-10-23 07:21:23,360 - INFO - 🌟 MEJORA #287 en iter 67154: Fitness=135.9 (+0.0), Puntos=15728
2025-10-23 07:21:29,701 - DEBUG - Iter 67200: T=2.77, Fitness_actual=118.6, Mejor=135.9
2025-10-23 07:21:43,585 - WARNING - ⚠️  DEGRADACIÓN DETECTADA en iter 67300:
2025-10-23 07:21:43,585 - WARNING -    Mejor fitness: 135.9
2025-10-23 07:21:43,586 - WARNING -    Fitness promedio reciente: 111.6
2025-10-23 07:21:43,586 - WARNING -    Degradación: 24.3
2025-10-23 07:21:43,586 - WARNING -    🔄 RESTAURANDO mejor solución...
2025-10-23 07:21:43,587 - DEBUG - Iter 67300: T=2.77, Fitness_actual=135.9, Mejor=135.9
2025-10-23 07:21:57,420 - DEBUG - Iter 67400: T=2.76, Fitness_actual=124.6, Mejor=135.9
2025-10-23 07:22:11,290 - INFO -   Iter 67500 | Tiempo:  105.4min (43.9%) | T =     2.75 | Fitness =    119.0 | Mejor =    135.9 | Aceptación =  90.5%
2025-10-23 07:22:11,290 - INFO - Progreso iter 67500: T=2.75, Fitness=119.0, Mejor=135.9, Tasa_acept=90.5%
2025-10-23 07:22:11,292 - DEBUG - Iter 67500: T=2.75, Fitness_actual=119.0, Mejor=135.9
2025-10-23 07:22:18,236 - WARNING - ⚠️  DEGRADACIÓN DETECTADA en iter 67550:
2025-10-23 07:22:18,236 - WARNING -    Mejor fitness: 135.9
2025-10-23 07:22:18,237 - WARNING -    Fitness promedio reciente: 114.9
2025-10-23 07:22:18,237 - WARNING -    Degradación: 21.0
2025-10-23 07:22:18,237 - WARNING -    🔄 RESTAURANDO mejor solución...
2025-10-23 07:22:25,208 - DEBUG - Iter 67600: T=2.74, Fitness_actual=127.7, Mejor=135.9
2025-10-23 07:22:39,125 - WARNING - ⚠️  DEGRADACIÓN DETECTADA en iter 67700:
2025-10-23 07:22:39,125 - WARNING -    Mejor fitness: 135.9
2025-10-23 07:22:39,126 - WARNING -    Fitness promedio reciente: 115.7
2025-10-23 07:22:39,126 - WARNING -    Degradación: 20.2
2025-10-23 07:22:39,126 - WARNING -    🔄 RESTAURANDO mejor solución...
2025-10-23 07:22:39,134 - DEBUG - Iter 67700: T=2.74, Fitness_actual=135.9, Mejor=135.9
2025-10-23 07:22:39,684 - INFO - 🌟 MEJORA #288 en iter 67704: Fitness=136.0 (+0.1), Puntos=15739
2025-10-23 07:22:39,961 - INFO - 🌟 MEJORA #289 en iter 67706: Fitness=136.0 (+0.0), Puntos=15739
2025-10-23 07:22:52,990 - DEBUG - Iter 67800: T=2.73, Fitness_actual=118.4, Mejor=136.0
2025-10-23 07:23:06,908 - DEBUG - Iter 67900: T=2.72, Fitness_actual=114.7, Mejor=136.0
2025-10-23 07:23:13,856 - WARNING - ⚠️  DEGRADACIÓN DETECTADA en iter 67950:
2025-10-23 07:23:13,856 - WARNING -    Mejor fitness: 136.0
2025-10-23 07:23:13,857 - WARNING -    Fitness promedio reciente: 115.0
2025-10-23 07:23:13,857 - WARNING -    Degradación: 21.0
2025-10-23 07:23:13,858 - WARNING -    🔄 RESTAURANDO mejor solución...
2025-10-23 07:23:20,799 - INFO -   Iter 68000 | Tiempo:  106.6min (44.4%) | T =     2.71 | Fitness =    124.5 | Mejor =    136.0 | Aceptación =  90.5%
2025-10-23 07:23:20,800 - INFO - Progreso iter 68000: T=2.71, Fitness=124.5, Mejor=136.0, Tasa_acept=90.5%
2025-10-23 07:23:20,801 - DEBUG - Iter 68000: T=2.71, Fitness_actual=124.5, Mejor=136.0
2025-10-23 07:23:34,702 - DEBUG - Iter 68100: T=2.71, Fitness_actual=126.0, Mejor=136.0
2025-10-23 07:23:48,542 - DEBUG - Iter 68200: T=2.70, Fitness_actual=115.9, Mejor=136.0
2025-10-23 07:24:02,415 - DEBUG - Iter 68300: T=2.69, Fitness_actual=121.9, Mejor=136.0
2025-10-23 07:24:16,333 - DEBUG - Iter 68400: T=2.68, Fitness_actual=116.0, Mejor=136.0
2025-10-23 07:24:30,368 - INFO -   Iter 68500 | Tiempo:  107.7min (44.9%) | T =     2.68 | Fitness =    109.3 | Mejor =    136.0 | Aceptación =  90.5%
2025-10-23 07:24:30,368 - INFO - Progreso iter 68500: T=2.68, Fitness=109.3, Mejor=136.0, Tasa_acept=90.5%
2025-10-23 07:24:30,369 - WARNING - ⚠️  DEGRADACIÓN DETECTADA en iter 68500:
2025-10-23 07:24:30,369 - WARNING -    Mejor fitness: 136.0
2025-10-23 07:24:30,369 - WARNING -    Fitness promedio reciente: 112.3
2025-10-23 07:24:30,369 - WARNING -    Degradación: 23.8
2025-10-23 07:24:30,369 - WARNING -    🔄 RESTAURANDO mejor solución...
2025-10-23 07:24:30,376 - DEBUG - Iter 68500: T=2.68, Fitness_actual=136.0, Mejor=136.0
2025-10-23 07:24:30,516 - INFO - 🌟 MEJORA #290 en iter 68501: Fitness=136.0 (+0.0), Puntos=15739
2025-10-23 07:24:30,516 - INFO -   ✨ Mejora #290 en iteración 68502: Fitness = 136.0 | Puntos = 15739 | T = 2.67
2025-10-23 07:24:44,387 - DEBUG - Iter 68600: T=2.67, Fitness_actual=130.0, Mejor=136.0
2025-10-23 07:24:58,268 - DEBUG - Iter 68700: T=2.66, Fitness_actual=127.0, Mejor=136.0
2025-10-23 07:25:11,987 - WARNING - ⚠️  DEGRADACIÓN DETECTADA en iter 68800:
2025-10-23 07:25:11,987 - WARNING -    Mejor fitness: 136.0
2025-10-23 07:25:11,988 - WARNING -    Fitness promedio reciente: 113.0
2025-10-23 07:25:11,988 - WARNING -    Degradación: 23.1
2025-10-23 07:25:11,989 - WARNING -    🔄 RESTAURANDO mejor solución...
2025-10-23 07:25:11,990 - DEBUG - Iter 68800: T=2.65, Fitness_actual=136.0, Mejor=136.0
2025-10-23 07:25:11,990 - INFO - 🌟 MEJORA #291 en iter 68800: Fitness=136.0 (+0.0), Puntos=15739
2025-10-23 07:25:25,706 - DEBUG - Iter 68900: T=2.65, Fitness_actual=127.2, Mejor=136.0
2025-10-23 07:25:39,461 - INFO -   Iter 69000 | Tiempo:  108.9min (45.4%) | T =     2.64 | Fitness =    118.5 | Mejor =    136.0 | Aceptación =  90.5%
2025-10-23 07:25:39,462 - INFO - Progreso iter 69000: T=2.64, Fitness=118.5, Mejor=136.0, Tasa_acept=90.5%
2025-10-23 07:25:39,464 - DEBUG - Iter 69000: T=2.64, Fitness_actual=118.5, Mejor=136.0
2025-10-23 07:25:53,124 - WARNING - ⚠️  DEGRADACIÓN DETECTADA en iter 69100:
2025-10-23 07:25:53,124 - WARNING -    Mejor fitness: 136.0
2025-10-23 07:25:53,125 - WARNING -    Fitness promedio reciente: 113.4
2025-10-23 07:25:53,125 - WARNING -    Degradación: 22.7
2025-10-23 07:25:53,125 - WARNING -    🔄 RESTAURANDO mejor solución...
2025-10-23 07:25:53,129 - DEBUG - Iter 69100: T=2.63, Fitness_actual=136.0, Mejor=136.0
2025-10-23 07:26:06,552 - DEBUG - Iter 69200: T=2.62, Fitness_actual=119.5, Mejor=136.0
2025-10-23 07:26:19,976 - DEBUG - Iter 69300: T=2.62, Fitness_actual=119.1, Mejor=136.0
2025-10-23 07:26:26,627 - WARNING - ⚠️  DEGRADACIÓN DETECTADA en iter 69350:
2025-10-23 07:26:26,627 - WARNING -    Mejor fitness: 136.0
2025-10-23 07:26:26,627 - WARNING -    Fitness promedio reciente: 116.0
2025-10-23 07:26:26,628 - WARNING -    Degradación: 20.0
2025-10-23 07:26:26,628 - WARNING -    🔄 RESTAURANDO mejor solución...
2025-10-23 07:26:33,312 - DEBUG - Iter 69400: T=2.61, Fitness_actual=130.8, Mejor=136.0
2025-10-23 07:26:46,727 - INFO -   Iter 69500 | Tiempo:  110.0min (45.8%) | T =     2.60 | Fitness =    122.0 | Mejor =    136.0 | Aceptación =  90.4%
2025-10-23 07:26:46,728 - INFO - Progreso iter 69500: T=2.60, Fitness=122.0, Mejor=136.0, Tasa_acept=90.4%
2025-10-23 07:26:46,731 - DEBUG - Iter 69500: T=2.60, Fitness_actual=122.0, Mejor=136.0
2025-10-23 07:27:00,153 - WARNING - ⚠️  DEGRADACIÓN DETECTADA en iter 69600:
2025-10-23 07:27:00,154 - WARNING -    Mejor fitness: 136.0
2025-10-23 07:27:00,154 - WARNING -    Fitness promedio reciente: 107.8
2025-10-23 07:27:00,154 - WARNING -    Degradación: 28.2
2025-10-23 07:27:00,155 - WARNING -    🔄 RESTAURANDO mejor solución...
2025-10-23 07:27:00,156 - DEBUG - Iter 69600: T=2.60, Fitness_actual=136.0, Mejor=136.0
2025-10-23 07:27:13,670 - DEBUG - Iter 69700: T=2.59, Fitness_actual=123.2, Mejor=136.0
2025-10-23 07:27:27,111 - DEBUG - Iter 69800: T=2.58, Fitness_actual=116.1, Mejor=136.0
2025-10-23 07:27:40,546 - WARNING - ⚠️  DEGRADACIÓN DETECTADA en iter 69900:
2025-10-23 07:27:40,546 - WARNING -    Mejor fitness: 136.0
2025-10-23 07:27:40,547 - WARNING -    Fitness promedio reciente: 114.7
2025-10-23 07:27:40,547 - WARNING -    Degradación: 21.3
2025-10-23 07:27:40,547 - WARNING -    🔄 RESTAURANDO mejor solución...
2025-10-23 07:27:40,551 - DEBUG - Iter 69900: T=2.58, Fitness_actual=136.0, Mejor=136.0
2025-10-23 07:27:54,027 - INFO -   Iter 70000 | Tiempo:  111.1min (46.3%) | T =     2.57 | Fitness =    123.0 | Mejor =    136.0 | Aceptación =  90.4%
2025-10-23 07:27:54,027 - INFO - Progreso iter 70000: T=2.57, Fitness=123.0, Mejor=136.0, Tasa_acept=90.4%
2025-10-23 07:27:54,030 - DEBUG - Iter 70000: T=2.57, Fitness_actual=123.0, Mejor=136.0
2025-10-23 07:28:07,566 - WARNING - ⚠️  DEGRADACIÓN DETECTADA en iter 70100:
2025-10-23 07:28:07,566 - WARNING -    Mejor fitness: 136.0
2025-10-23 07:28:07,567 - WARNING -    Fitness promedio reciente: 113.3
2025-10-23 07:28:07,567 - WARNING -    Degradación: 22.8
2025-10-23 07:28:07,567 - WARNING -    🔄 RESTAURANDO mejor solución...
2025-10-23 07:28:07,569 - DEBUG - Iter 70100: T=2.56, Fitness_actual=136.0, Mejor=136.0
2025-10-23 07:28:21,088 - DEBUG - Iter 70200: T=2.55, Fitness_actual=123.6, Mejor=136.0
2025-10-23 07:28:34,622 - DEBUG - Iter 70300: T=2.55, Fitness_actual=121.1, Mejor=136.0
2025-10-23 07:28:48,182 - WARNING - ⚠️  DEGRADACIÓN DETECTADA en iter 70400:
2025-10-23 07:28:48,182 - WARNING -    Mejor fitness: 136.0
2025-10-23 07:28:48,185 - WARNING -    Fitness promedio reciente: 110.6
2025-10-23 07:28:48,185 - WARNING -    Degradación: 25.4
2025-10-23 07:28:48,185 - WARNING -    🔄 RESTAURANDO mejor solución...
2025-10-23 07:28:48,189 - DEBUG - Iter 70400: T=2.54, Fitness_actual=136.0, Mejor=136.0
2025-10-23 07:29:01,787 - INFO -   Iter 70500 | Tiempo:  112.3min (46.8%) | T =     2.53 | Fitness =    123.3 | Mejor =    136.0 | Aceptación =  90.4%
2025-10-23 07:29:01,787 - INFO - Progreso iter 70500: T=2.53, Fitness=123.3, Mejor=136.0, Tasa_acept=90.4%
2025-10-23 07:29:01,790 - DEBUG - Iter 70500: T=2.53, Fitness_actual=123.3, Mejor=136.0
2025-10-23 07:29:15,304 - DEBUG - Iter 70600: T=2.53, Fitness_actual=112.9, Mejor=136.0
2025-10-23 07:29:22,086 - WARNING - ⚠️  DEGRADACIÓN DETECTADA en iter 70650:
2025-10-23 07:29:22,086 - WARNING -    Mejor fitness: 136.0
2025-10-23 07:29:22,087 - WARNING -    Fitness promedio reciente: 110.5
2025-10-23 07:29:22,087 - WARNING -    Degradación: 25.6
2025-10-23 07:29:22,087 - WARNING -    🔄 RESTAURANDO mejor solución...
2025-10-23 07:29:28,876 - DEBUG - Iter 70700: T=2.52, Fitness_actual=122.4, Mejor=136.0
2025-10-23 07:29:42,527 - DEBUG - Iter 70800: T=2.51, Fitness_actual=115.3, Mejor=136.0
2025-10-23 07:29:49,354 - WARNING - ⚠️  DEGRADACIÓN DETECTADA en iter 70850:
2025-10-23 07:29:49,354 - WARNING -    Mejor fitness: 136.0
2025-10-23 07:29:49,354 - WARNING -    Fitness promedio reciente: 115.9
2025-10-23 07:29:49,355 - WARNING -    Degradación: 20.1
2025-10-23 07:29:49,355 - WARNING -    🔄 RESTAURANDO mejor solución...
2025-10-23 07:29:56,155 - DEBUG - Iter 70900: T=2.51, Fitness_actual=115.4, Mejor=136.0
2025-10-23 07:30:09,744 - INFO -   Iter 71000 | Tiempo:  113.4min (47.2%) | T =     2.50 | Fitness =    119.3 | Mejor =    136.0 | Aceptación =  90.4%
2025-10-23 07:30:09,744 - INFO - Progreso iter 71000: T=2.50, Fitness=119.3, Mejor=136.0, Tasa_acept=90.4%
2025-10-23 07:30:09,748 - DEBUG - Iter 71000: T=2.50, Fitness_actual=119.3, Mejor=136.0
2025-10-23 07:30:23,436 - WARNING - ⚠️  DEGRADACIÓN DETECTADA en iter 71100:
2025-10-23 07:30:23,436 - WARNING -    Mejor fitness: 136.0
2025-10-23 07:30:23,437 - WARNING -    Fitness promedio reciente: 113.6
2025-10-23 07:30:23,437 - WARNING -    Degradación: 22.4
2025-10-23 07:30:23,437 - WARNING -    🔄 RESTAURANDO mejor solución...
2025-10-23 07:30:23,439 - DEBUG - Iter 71100: T=2.49, Fitness_actual=136.0, Mejor=136.0
2025-10-23 07:30:23,439 - INFO - 🌟 MEJORA #292 en iter 71100: Fitness=136.1 (+0.1), Puntos=15746
2025-10-23 07:30:23,982 - INFO - 🌟 MEJORA #293 en iter 71104: Fitness=136.1 (+0.0), Puntos=15747
2025-10-23 07:30:37,068 - DEBUG - Iter 71200: T=2.49, Fitness_actual=122.0, Mejor=136.1
2025-10-23 07:30:50,712 - DEBUG - Iter 71300: T=2.48, Fitness_actual=121.3, Mejor=136.1
2025-10-23 07:31:04,394 - DEBUG - Iter 71400: T=2.47, Fitness_actual=118.5, Mejor=136.1
2025-10-23 07:31:18,200 - INFO -   Iter 71500 | Tiempo:  114.5min (47.7%) | T =     2.47 | Fitness =    118.8 | Mejor =    136.1 | Aceptación =  90.4%
2025-10-23 07:31:18,200 - INFO - Progreso iter 71500: T=2.47, Fitness=118.8, Mejor=136.1, Tasa_acept=90.4%
2025-10-23 07:31:18,203 - DEBUG - Iter 71500: T=2.47, Fitness_actual=118.8, Mejor=136.1
2025-10-23 07:31:31,897 - DEBUG - Iter 71600: T=2.46, Fitness_actual=114.9, Mejor=136.1
2025-10-23 07:31:38,752 - WARNING - ⚠️  DEGRADACIÓN DETECTADA en iter 71650:
2025-10-23 07:31:38,753 - WARNING -    Mejor fitness: 136.1
2025-10-23 07:31:38,753 - WARNING -    Fitness promedio reciente: 114.1
2025-10-23 07:31:38,754 - WARNING -    Degradación: 22.0
2025-10-23 07:31:38,754 - WARNING -    🔄 RESTAURANDO mejor solución...
2025-10-23 07:31:39,170 - INFO - 🌟 MEJORA #294 en iter 71653: Fitness=136.2 (+0.1), Puntos=15755
2025-10-23 07:31:39,444 - INFO - 🌟 MEJORA #295 en iter 71655: Fitness=136.2 (+0.0), Puntos=15755
2025-10-23 07:31:39,445 - INFO -   ✨ Mejora #295 en iteración 71656: Fitness = 136.2 | Puntos = 15755 | T = 2.45
2025-10-23 07:31:45,604 - DEBUG - Iter 71700: T=2.45, Fitness_actual=130.1, Mejor=136.2
2025-10-23 07:31:59,333 - DEBUG - Iter 71800: T=2.45, Fitness_actual=117.3, Mejor=136.2
2025-10-23 07:32:06,288 - WARNING - ⚠️  DEGRADACIÓN DETECTADA en iter 71850:
2025-10-23 07:32:06,288 - WARNING -    Mejor fitness: 136.2
2025-10-23 07:32:06,289 - WARNING -    Fitness promedio reciente: 114.8
2025-10-23 07:32:06,289 - WARNING -    Degradación: 21.4
2025-10-23 07:32:06,289 - WARNING -    🔄 RESTAURANDO mejor solución...
2025-10-23 07:32:06,291 - INFO - 🌟 MEJORA #296 en iter 71850: Fitness=136.2 (+0.0), Puntos=15755
2025-10-23 07:32:13,117 - DEBUG - Iter 71900: T=2.44, Fitness_actual=128.1, Mejor=136.2
2025-10-23 07:32:26,843 - INFO -   Iter 72000 | Tiempo:  115.7min (48.2%) | T =     2.43 | Fitness =    127.0 | Mejor =    136.2 | Aceptación =  90.3%
2025-10-23 07:32:26,844 - INFO - Progreso iter 72000: T=2.43, Fitness=127.0, Mejor=136.2, Tasa_acept=90.3%
2025-10-23 07:32:26,847 - DEBUG - Iter 72000: T=2.43, Fitness_actual=127.0, Mejor=136.2
2025-10-23 07:32:40,560 - DEBUG - Iter 72100: T=2.43, Fitness_actual=122.0, Mejor=136.2
2025-10-23 07:32:54,340 - DEBUG - Iter 72200: T=2.42, Fitness_actual=116.8, Mejor=136.2
2025-10-23 07:33:01,216 - WARNING - ⚠️  DEGRADACIÓN DETECTADA en iter 72250:
2025-10-23 07:33:01,216 - WARNING -    Mejor fitness: 136.2
2025-10-23 07:33:01,216 - WARNING -    Fitness promedio reciente: 116.1
2025-10-23 07:33:01,217 - WARNING -    Degradación: 20.0
2025-10-23 07:33:01,217 - WARNING -    🔄 RESTAURANDO mejor solución...
2025-10-23 07:33:08,079 - DEBUG - Iter 72300: T=2.41, Fitness_actual=127.4, Mejor=136.2
2025-10-23 07:33:21,819 - DEBUG - Iter 72400: T=2.41, Fitness_actual=121.2, Mejor=136.2
2025-10-23 07:33:35,493 - INFO -   Iter 72500 | Tiempo:  116.8min (48.7%) | T =     2.40 | Fitness =    116.8 | Mejor =    136.2 | Aceptación =  90.3%
2025-10-23 07:33:35,493 - INFO - Progreso iter 72500: T=2.40, Fitness=116.8, Mejor=136.2, Tasa_acept=90.3%
2025-10-23 07:33:35,494 - DEBUG - Iter 72500: T=2.40, Fitness_actual=116.8, Mejor=136.2
2025-10-23 07:33:42,360 - WARNING - ⚠️  DEGRADACIÓN DETECTADA en iter 72550:
2025-10-23 07:33:42,360 - WARNING -    Mejor fitness: 136.2
2025-10-23 07:33:42,361 - WARNING -    Fitness promedio reciente: 114.3
2025-10-23 07:33:42,361 - WARNING -    Degradación: 21.8
2025-10-23 07:33:42,361 - WARNING -    🔄 RESTAURANDO mejor solución...
2025-10-23 07:33:49,232 - DEBUG - Iter 72600: T=2.39, Fitness_actual=124.5, Mejor=136.2
2025-10-23 07:34:02,987 - DEBUG - Iter 72700: T=2.39, Fitness_actual=115.3, Mejor=136.2
2025-10-23 07:34:16,803 - WARNING - ⚠️  DEGRADACIÓN DETECTADA en iter 72800:
2025-10-23 07:34:16,803 - WARNING -    Mejor fitness: 136.2
2025-10-23 07:34:16,803 - WARNING -    Fitness promedio reciente: 112.4
2025-10-23 07:34:16,804 - WARNING -    Degradación: 23.8
2025-10-23 07:34:16,804 - WARNING -    🔄 RESTAURANDO mejor solución...
2025-10-23 07:34:16,809 - DEBUG - Iter 72800: T=2.38, Fitness_actual=136.2, Mejor=136.2
2025-10-23 07:34:16,947 - INFO - 🌟 MEJORA #297 en iter 72801: Fitness=136.2 (+0.0), Puntos=15755
2025-10-23 07:34:30,549 - DEBUG - Iter 72900: T=2.37, Fitness_actual=126.1, Mejor=136.2
2025-10-23 07:34:44,352 - INFO -   Iter 73000 | Tiempo:  118.0min (49.2%) | T =     2.37 | Fitness =    112.9 | Mejor =    136.2 | Aceptación =  90.3%
2025-10-23 07:34:44,352 - INFO - Progreso iter 73000: T=2.37, Fitness=112.9, Mejor=136.2, Tasa_acept=90.3%
2025-10-23 07:34:44,355 - DEBUG - Iter 73000: T=2.37, Fitness_actual=112.9, Mejor=136.2
2025-10-23 07:34:51,289 - WARNING - ⚠️  DEGRADACIÓN DETECTADA en iter 73050:
2025-10-23 07:34:51,289 - WARNING -    Mejor fitness: 136.2
2025-10-23 07:34:51,290 - WARNING -    Fitness promedio reciente: 112.8
2025-10-23 07:34:51,290 - WARNING -    Degradación: 23.4
2025-10-23 07:34:51,290 - WARNING -    🔄 RESTAURANDO mejor solución...
2025-10-23 07:34:51,431 - INFO - 🌟 MEJORA #298 en iter 73051: Fitness=136.2 (+0.0), Puntos=15755
2025-10-23 07:34:58,177 - DEBUG - Iter 73100: T=2.36, Fitness_actual=122.7, Mejor=136.2
2025-10-23 07:35:06,180 - INFO - Iter 73158: Aceptada solución con delta=-10.3 (T=2.36)
2025-10-23 07:35:06,181 - INFO -   📊 Desglose del cambio:
2025-10-23 07:35:06,181 - INFO -      Puntos: -622 → 15071 total
2025-10-23 07:35:06,182 - INFO -      Tiempo: +63.3min → 12779.1min total
2025-10-23 07:35:06,182 - INFO -      Distancia: +15.7km → 146.2km total
2025-10-23 07:35:11,986 - WARNING - ⚠️  DEGRADACIÓN DETECTADA en iter 73200:
2025-10-23 07:35:11,986 - WARNING -    Mejor fitness: 136.2
2025-10-23 07:35:11,987 - WARNING -    Fitness promedio reciente: 111.7
2025-10-23 07:35:11,987 - WARNING -    Degradación: 24.5
2025-10-23 07:35:11,987 - WARNING -    🔄 RESTAURANDO mejor solución...
2025-10-23 07:35:11,988 - DEBUG - Iter 73200: T=2.35, Fitness_actual=136.2, Mejor=136.2
2025-10-23 07:35:11,988 - INFO - 🌟 MEJORA #299 en iter 73200: Fitness=136.2 (+0.0), Puntos=15755
2025-10-23 07:35:25,806 - DEBUG - Iter 73300: T=2.35, Fitness_actual=122.1, Mejor=136.2
2025-10-23 07:35:39,670 - WARNING - ⚠️  DEGRADACIÓN DETECTADA en iter 73400:
2025-10-23 07:35:39,670 - WARNING -    Mejor fitness: 136.2
2025-10-23 07:35:39,671 - WARNING -    Fitness promedio reciente: 112.0
2025-10-23 07:35:39,671 - WARNING -    Degradación: 24.2
2025-10-23 07:35:39,672 - WARNING -    🔄 RESTAURANDO mejor solución...
2025-10-23 07:35:39,673 - DEBUG - Iter 73400: T=2.34, Fitness_actual=136.2, Mejor=136.2
2025-10-23 07:35:53,475 - INFO -   Iter 73500 | Tiempo:  119.1min (49.6%) | T =     2.33 | Fitness =    117.6 | Mejor =    136.2 | Aceptación =  90.3%
2025-10-23 07:35:53,475 - INFO - Progreso iter 73500: T=2.33, Fitness=117.6, Mejor=136.2, Tasa_acept=90.3%
2025-10-23 07:35:53,477 - DEBUG - Iter 73500: T=2.33, Fitness_actual=117.6, Mejor=136.2
2025-10-23 07:36:00,404 - WARNING - ⚠️  DEGRADACIÓN DETECTADA en iter 73550:
2025-10-23 07:36:00,404 - WARNING -    Mejor fitness: 136.2
2025-10-23 07:36:00,405 - WARNING -    Fitness promedio reciente: 115.3
2025-10-23 07:36:00,405 - WARNING -    Degradación: 20.9
2025-10-23 07:36:00,405 - WARNING -    🔄 RESTAURANDO mejor solución...
2025-10-23 07:36:07,387 - DEBUG - Iter 73600: T=2.33, Fitness_actual=128.8, Mejor=136.2
2025-10-23 07:36:21,354 - DEBUG - Iter 73700: T=2.32, Fitness_actual=114.4, Mejor=136.2
2025-10-23 07:36:28,296 - WARNING - ⚠️  DEGRADACIÓN DETECTADA en iter 73750:
2025-10-23 07:36:28,296 - WARNING -    Mejor fitness: 136.2
2025-10-23 07:36:28,297 - WARNING -    Fitness promedio reciente: 115.4
2025-10-23 07:36:28,297 - WARNING -    Degradación: 20.7
2025-10-23 07:36:28,297 - WARNING -    🔄 RESTAURANDO mejor solución...
2025-10-23 07:36:28,578 - INFO - 🌟 MEJORA #300 en iter 73752: Fitness=136.2 (+0.0), Puntos=15755
2025-10-23 07:36:28,578 - INFO -   ✨ Mejora #300 en iteración 73753: Fitness = 136.2 | Puntos = 15755 | T = 2.32
2025-10-23 07:36:35,246 - DEBUG - Iter 73800: T=2.31, Fitness_actual=125.7, Mejor=136.2
2025-10-23 07:36:49,150 - DEBUG - Iter 73900: T=2.31, Fitness_actual=118.7, Mejor=136.2
2025-10-23 07:36:56,126 - WARNING - ⚠️  DEGRADACIÓN DETECTADA en iter 73950:
2025-10-23 07:36:56,126 - WARNING -    Mejor fitness: 136.2
2025-10-23 07:36:56,127 - WARNING -    Fitness promedio reciente: 114.7
2025-10-23 07:36:56,127 - WARNING -    Degradación: 21.4
2025-10-23 07:36:56,127 - WARNING -    🔄 RESTAURANDO mejor solución...
2025-10-23 07:36:57,100 - INFO - 🌟 MEJORA #301 en iter 73957: Fitness=136.2 (+0.0), Puntos=15759
2025-10-23 07:36:57,238 - INFO - 🌟 MEJORA #302 en iter 73958: Fitness=136.2 (+0.0), Puntos=15759
2025-10-23 07:36:58,500 - INFO - 🌟 MEJORA #303 en iter 73967: Fitness=136.2 (+0.0), Puntos=15760
2025-10-23 07:36:59,191 - INFO - 🌟 MEJORA #304 en iter 73972: Fitness=136.2 (+0.0), Puntos=15760
2025-10-23 07:37:03,140 - INFO -   Iter 74000 | Tiempo:  120.3min (50.1%) | T =     2.30 | Fitness =    123.1 | Mejor =    136.2 | Aceptación =  90.2%
2025-10-23 07:37:03,140 - INFO - Progreso iter 74000: T=2.30, Fitness=123.1, Mejor=136.2, Tasa_acept=90.2%
2025-10-23 07:37:03,143 - DEBUG - Iter 74000: T=2.30, Fitness_actual=123.1, Mejor=136.2
2025-10-23 07:37:17,124 - WARNING - ⚠️  DEGRADACIÓN DETECTADA en iter 74100:
2025-10-23 07:37:17,124 - WARNING -    Mejor fitness: 136.2
2025-10-23 07:37:17,125 - WARNING -    Fitness promedio reciente: 115.8
2025-10-23 07:37:17,125 - WARNING -    Degradación: 20.4
2025-10-23 07:37:17,125 - WARNING -    🔄 RESTAURANDO mejor solución...
2025-10-23 07:37:17,126 - DEBUG - Iter 74100: T=2.29, Fitness_actual=136.2, Mejor=136.2
2025-10-23 07:37:31,059 - DEBUG - Iter 74200: T=2.29, Fitness_actual=118.4, Mejor=136.2
2025-10-23 07:37:44,940 - DEBUG - Iter 74300: T=2.28, Fitness_actual=122.3, Mejor=136.2
2025-10-23 07:37:58,869 - DEBUG - Iter 74400: T=2.28, Fitness_actual=127.0, Mejor=136.2
2025-10-23 07:38:12,860 - INFO -   Iter 74500 | Tiempo:  121.4min (50.6%) | T =     2.27 | Fitness =    116.4 | Mejor =    136.2 | Aceptación =  90.2%
2025-10-23 07:38:12,861 - INFO - Progreso iter 74500: T=2.27, Fitness=116.4, Mejor=136.2, Tasa_acept=90.2%
2025-10-23 07:38:12,861 - WARNING - ⚠️  DEGRADACIÓN DETECTADA en iter 74500:
2025-10-23 07:38:12,862 - WARNING -    Mejor fitness: 136.2
2025-10-23 07:38:12,862 - WARNING -    Fitness promedio reciente: 116.0
2025-10-23 07:38:12,862 - WARNING -    Degradación: 20.2
2025-10-23 07:38:12,862 - WARNING -    🔄 RESTAURANDO mejor solución...
2025-10-23 07:38:12,868 - DEBUG - Iter 74500: T=2.27, Fitness_actual=136.2, Mejor=136.2
2025-10-23 07:38:26,803 - DEBUG - Iter 74600: T=2.26, Fitness_actual=119.8, Mejor=136.2
2025-10-23 07:38:33,786 - WARNING - ⚠️  DEGRADACIÓN DETECTADA en iter 74650:
2025-10-23 07:38:33,786 - WARNING -    Mejor fitness: 136.2
2025-10-23 07:38:33,787 - WARNING -    Fitness promedio reciente: 115.5
2025-10-23 07:38:33,787 - WARNING -    Degradación: 20.7
2025-10-23 07:38:33,787 - WARNING -    🔄 RESTAURANDO mejor solución...
2025-10-23 07:38:40,766 - DEBUG - Iter 74700: T=2.26, Fitness_actual=126.5, Mejor=136.2
2025-10-23 07:38:54,731 - DEBUG - Iter 74800: T=2.25, Fitness_actual=121.5, Mejor=136.2
2025-10-23 07:39:08,745 - DEBUG - Iter 74900: T=2.24, Fitness_actual=113.1, Mejor=136.2
2025-10-23 07:39:15,757 - WARNING - ⚠️  DEGRADACIÓN DETECTADA en iter 74950:
2025-10-23 07:39:15,757 - WARNING -    Mejor fitness: 136.2
2025-10-23 07:39:15,758 - WARNING -    Fitness promedio reciente: 111.1
2025-10-23 07:39:15,758 - WARNING -    Degradación: 25.2
2025-10-23 07:39:15,758 - WARNING -    🔄 RESTAURANDO mejor solución...
2025-10-23 07:39:22,758 - INFO -   Iter 75000 | Tiempo:  122.6min (51.1%) | T =     2.24 | Fitness =    127.2 | Mejor =    136.2 | Aceptación =  90.2%
2025-10-23 07:39:22,758 - INFO - Progreso iter 75000: T=2.24, Fitness=127.2, Mejor=136.2, Tasa_acept=90.2%
2025-10-23 07:39:22,761 - DEBUG - Iter 75000: T=2.24, Fitness_actual=127.2, Mejor=136.2
2025-10-23 07:39:36,818 - DEBUG - Iter 75100: T=2.23, Fitness_actual=123.1, Mejor=136.2
2025-10-23 07:39:50,839 - WARNING - ⚠️  DEGRADACIÓN DETECTADA en iter 75200:
2025-10-23 07:39:50,840 - WARNING -    Mejor fitness: 136.2
2025-10-23 07:39:50,840 - WARNING -    Fitness promedio reciente: 115.1
2025-10-23 07:39:50,841 - WARNING -    Degradación: 21.1
2025-10-23 07:39:50,841 - WARNING -    🔄 RESTAURANDO mejor solución...
2025-10-23 07:39:50,842 - DEBUG - Iter 75200: T=2.23, Fitness_actual=136.2, Mejor=136.2
2025-10-23 07:39:51,964 - INFO - 🌟 MEJORA #305 en iter 75208: Fitness=136.3 (+0.0), Puntos=15763
2025-10-23 07:39:51,964 - INFO -   ✨ Mejora #305 en iteración 75209: Fitness = 136.3 | Puntos = 15763 | T = 2.23
2025-10-23 07:39:52,243 - INFO - 🌟 MEJORA #306 en iter 75210: Fitness=136.3 (+0.0), Puntos=15767
2025-10-23 07:39:52,383 - INFO - 🌟 MEJORA #307 en iter 75211: Fitness=136.3 (+0.0), Puntos=15767
2025-10-23 07:39:52,523 - INFO - 🌟 MEJORA #308 en iter 75212: Fitness=136.3 (+0.0), Puntos=15767
2025-10-23 07:40:04,882 - DEBUG - Iter 75300: T=2.22, Fitness_actual=125.5, Mejor=136.3
2025-10-23 07:40:18,948 - WARNING - ⚠️  DEGRADACIÓN DETECTADA en iter 75400:
2025-10-23 07:40:18,948 - WARNING -    Mejor fitness: 136.3
2025-10-23 07:40:18,949 - WARNING -    Fitness promedio reciente: 112.0
2025-10-23 07:40:18,949 - WARNING -    Degradación: 24.3
2025-10-23 07:40:18,949 - WARNING -    🔄 RESTAURANDO mejor solución...
2025-10-23 07:40:18,956 - DEBUG - Iter 75400: T=2.21, Fitness_actual=136.3, Mejor=136.3
2025-10-23 07:40:32,997 - INFO -   Iter 75500 | Tiempo:  123.8min (51.6%) | T =     2.21 | Fitness =    112.3 | Mejor =    136.3 | Aceptación =  90.1%
2025-10-23 07:40:32,997 - INFO - Progreso iter 75500: T=2.21, Fitness=112.3, Mejor=136.3, Tasa_acept=90.1%
2025-10-23 07:40:33,000 - DEBUG - Iter 75500: T=2.21, Fitness_actual=112.3, Mejor=136.3
2025-10-23 07:40:40,033 - WARNING - ⚠️  DEGRADACIÓN DETECTADA en iter 75550:
2025-10-23 07:40:40,033 - WARNING -    Mejor fitness: 136.3
2025-10-23 07:40:40,034 - WARNING -    Fitness promedio reciente: 114.4
2025-10-23 07:40:40,034 - WARNING -    Degradación: 21.9
2025-10-23 07:40:40,034 - WARNING -    🔄 RESTAURANDO mejor solución...
2025-10-23 07:40:40,176 - INFO - 🌟 MEJORA #309 en iter 75551: Fitness=136.3 (+0.0), Puntos=15767
2025-10-23 07:40:47,058 - DEBUG - Iter 75600: T=2.20, Fitness_actual=133.0, Mejor=136.3
2025-10-23 07:41:01,169 - DEBUG - Iter 75700: T=2.19, Fitness_actual=118.7, Mejor=136.3
2025-10-23 07:41:08,288 - WARNING - ⚠️  DEGRADACIÓN DETECTADA en iter 75750:
2025-10-23 07:41:08,288 - WARNING -    Mejor fitness: 136.3
2025-10-23 07:41:08,289 - WARNING -    Fitness promedio reciente: 115.2
2025-10-23 07:41:08,289 - WARNING -    Degradación: 21.1
2025-10-23 07:41:08,289 - WARNING -    🔄 RESTAURANDO mejor solución...
2025-10-23 07:41:08,291 - INFO - 🌟 MEJORA #310 en iter 75750: Fitness=136.3 (+0.0), Puntos=15767
2025-10-23 07:41:08,291 - INFO -   ✨ Mejora #310 en iteración 75751: Fitness = 136.3 | Puntos = 15767 | T = 2.19
2025-10-23 07:41:15,330 - DEBUG - Iter 75800: T=2.19, Fitness_actual=124.6, Mejor=136.3
2025-10-23 07:41:29,464 - WARNING - ⚠️  DEGRADACIÓN DETECTADA en iter 75900:
2025-10-23 07:41:29,465 - WARNING -    Mejor fitness: 136.3
2025-10-23 07:41:29,465 - WARNING -    Fitness promedio reciente: 114.6
2025-10-23 07:41:29,465 - WARNING -    Degradación: 21.8
2025-10-23 07:41:29,466 - WARNING -    🔄 RESTAURANDO mejor solución...
2025-10-23 07:41:29,467 - DEBUG - Iter 75900: T=2.18, Fitness_actual=136.3, Mejor=136.3
2025-10-23 07:41:43,582 - INFO -   Iter 76000 | Tiempo:  125.0min (52.1%) | T =     2.18 | Fitness =    127.6 | Mejor =    136.3 | Aceptación =  90.1%
2025-10-23 07:41:43,582 - INFO - Progreso iter 76000: T=2.18, Fitness=127.6, Mejor=136.3, Tasa_acept=90.1%
2025-10-23 07:41:43,585 - DEBUG - Iter 76000: T=2.18, Fitness_actual=127.6, Mejor=136.3
2025-10-23 07:41:57,726 - DEBUG - Iter 76100: T=2.17, Fitness_actual=123.9, Mejor=136.3
2025-10-23 07:42:11,937 - DEBUG - Iter 76200: T=2.16, Fitness_actual=119.2, Mejor=136.3
2025-10-23 07:42:26,160 - DEBUG - Iter 76300: T=2.16, Fitness_actual=122.0, Mejor=136.3
2025-10-23 07:42:40,457 - WARNING - ⚠️  DEGRADACIÓN DETECTADA en iter 76400:
2025-10-23 07:42:40,458 - WARNING -    Mejor fitness: 136.3
2025-10-23 07:42:40,458 - WARNING -    Fitness promedio reciente: 116.2
2025-10-23 07:42:40,458 - WARNING -    Degradación: 20.1
2025-10-23 07:42:40,459 - WARNING -    🔄 RESTAURANDO mejor solución...
2025-10-23 07:42:40,460 - DEBUG - Iter 76400: T=2.15, Fitness_actual=136.3, Mejor=136.3
2025-10-23 07:42:40,749 - INFO - 🌟 MEJORA #311 en iter 76402: Fitness=136.3 (+0.0), Puntos=15767
2025-10-23 07:42:41,316 - INFO - 🌟 MEJORA #312 en iter 76406: Fitness=136.3 (+0.0), Puntos=15768
2025-10-23 07:42:54,764 - INFO -   Iter 76500 | Tiempo:  126.1min (52.6%) | T =     2.15 | Fitness =    118.1 | Mejor =    136.3 | Aceptación =  90.0%
2025-10-23 07:42:54,765 - INFO - Progreso iter 76500: T=2.15, Fitness=118.1, Mejor=136.3, Tasa_acept=90.0%
2025-10-23 07:42:54,768 - DEBUG - Iter 76500: T=2.15, Fitness_actual=118.1, Mejor=136.3
2025-10-23 07:43:09,096 - DEBUG - Iter 76600: T=2.14, Fitness_actual=117.2, Mejor=136.3
2025-10-23 07:43:23,463 - DEBUG - Iter 76700: T=2.13, Fitness_actual=117.4, Mejor=136.3
2025-10-23 07:43:30,725 - WARNING - ⚠️  DEGRADACIÓN DETECTADA en iter 76750:
2025-10-23 07:43:30,725 - WARNING -    Mejor fitness: 136.3
2025-10-23 07:43:30,726 - WARNING -    Fitness promedio reciente: 115.8
2025-10-23 07:43:30,728 - WARNING -    Degradación: 20.5
2025-10-23 07:43:30,729 - WARNING -    🔄 RESTAURANDO mejor solución...
2025-10-23 07:43:30,879 - INFO - 🌟 MEJORA #313 en iter 76751: Fitness=136.3 (+0.0), Puntos=15768
2025-10-23 07:43:37,923 - DEBUG - Iter 76800: T=2.13, Fitness_actual=128.6, Mejor=136.3
2025-10-23 07:43:52,320 - DEBUG - Iter 76900: T=2.12, Fitness_actual=123.8, Mejor=136.3
2025-10-23 07:44:06,726 - INFO -   Iter 77000 | Tiempo:  127.3min (53.1%) | T =     2.12 | Fitness =    120.3 | Mejor =    136.3 | Aceptación =  90.0%
2025-10-23 07:44:06,726 - INFO - Progreso iter 77000: T=2.12, Fitness=120.3, Mejor=136.3, Tasa_acept=90.0%
2025-10-23 07:44:06,729 - DEBUG - Iter 77000: T=2.12, Fitness_actual=120.3, Mejor=136.3
2025-10-23 07:44:21,123 - WARNING - ⚠️  DEGRADACIÓN DETECTADA en iter 77100:
2025-10-23 07:44:21,123 - WARNING -    Mejor fitness: 136.3
2025-10-23 07:44:21,127 - WARNING -    Fitness promedio reciente: 111.8
2025-10-23 07:44:21,128 - WARNING -    Degradación: 24.5
2025-10-23 07:44:21,128 - WARNING -    🔄 RESTAURANDO mejor solución...
2025-10-23 07:44:21,129 - DEBUG - Iter 77100: T=2.11, Fitness_actual=136.3, Mejor=136.3
2025-10-23 07:44:35,545 - DEBUG - Iter 77200: T=2.10, Fitness_actual=121.9, Mejor=136.3
2025-10-23 07:44:49,931 - DEBUG - Iter 77300: T=2.10, Fitness_actual=119.6, Mejor=136.3
2025-10-23 07:45:04,375 - DEBUG - Iter 77400: T=2.09, Fitness_actual=117.5, Mejor=136.3
2025-10-23 07:45:11,562 - WARNING - ⚠️  DEGRADACIÓN DETECTADA en iter 77450:
2025-10-23 07:45:11,562 - WARNING -    Mejor fitness: 136.3
2025-10-23 07:45:11,563 - WARNING -    Fitness promedio reciente: 115.5
2025-10-23 07:45:11,563 - WARNING -    Degradación: 20.8
2025-10-23 07:45:11,564 - WARNING -    🔄 RESTAURANDO mejor solución...
2025-10-23 07:45:12,144 - INFO - 🌟 MEJORA #314 en iter 77454: Fitness=136.5 (+0.1), Puntos=15782
2025-10-23 07:45:12,289 - INFO - 🌟 MEJORA #315 en iter 77455: Fitness=136.5 (+0.0), Puntos=15782
2025-10-23 07:45:12,289 - INFO -   ✨ Mejora #315 en iteración 77456: Fitness = 136.5 | Puntos = 15782 | T = 2.09
2025-10-23 07:45:18,788 - INFO -   Iter 77500 | Tiempo:  128.5min (53.6%) | T =     2.09 | Fitness =    128.2 | Mejor =    136.5 | Aceptación =  90.0%
2025-10-23 07:45:18,788 - INFO - Progreso iter 77500: T=2.09, Fitness=128.2, Mejor=136.5, Tasa_acept=90.0%
2025-10-23 07:45:18,789 - DEBUG - Iter 77500: T=2.09, Fitness_actual=128.2, Mejor=136.5
2025-10-23 07:45:33,188 - DEBUG - Iter 77600: T=2.08, Fitness_actual=118.2, Mejor=136.5
2025-10-23 07:45:47,632 - DEBUG - Iter 77700: T=2.07, Fitness_actual=120.1, Mejor=136.5
2025-10-23 07:46:02,189 - DEBUG - Iter 77800: T=2.07, Fitness_actual=120.4, Mejor=136.5
2025-10-23 07:46:16,736 - DEBUG - Iter 77900: T=2.06, Fitness_actual=122.7, Mejor=136.5
2025-10-23 07:46:31,224 - INFO -   Iter 78000 | Tiempo:  129.7min (54.1%) | T =     2.06 | Fitness =    110.4 | Mejor =    136.5 | Aceptación =  90.0%
2025-10-23 07:46:31,224 - INFO - Progreso iter 78000: T=2.06, Fitness=110.4, Mejor=136.5, Tasa_acept=90.0%
2025-10-23 07:46:31,225 - WARNING - ⚠️  DEGRADACIÓN DETECTADA en iter 78000:
2025-10-23 07:46:31,225 - WARNING -    Mejor fitness: 136.5
2025-10-23 07:46:31,225 - WARNING -    Fitness promedio reciente: 112.1
2025-10-23 07:46:31,226 - WARNING -    Degradación: 24.4
2025-10-23 07:46:31,226 - WARNING -    🔄 RESTAURANDO mejor solución...
2025-10-23 07:46:31,227 - DEBUG - Iter 78000: T=2.06, Fitness_actual=136.5, Mejor=136.5
2025-10-23 07:46:45,703 - DEBUG - Iter 78100: T=2.05, Fitness_actual=119.0, Mejor=136.5
2025-10-23 07:47:00,703 - WARNING - ⚠️  DEGRADACIÓN DETECTADA en iter 78200:
2025-10-23 07:47:00,703 - WARNING -    Mejor fitness: 136.5
2025-10-23 07:47:00,704 - WARNING -    Fitness promedio reciente: 114.1
2025-10-23 07:47:00,704 - WARNING -    Degradación: 22.4
2025-10-23 07:47:00,705 - WARNING -    🔄 RESTAURANDO mejor solución...
2025-10-23 07:47:00,706 - DEBUG - Iter 78200: T=2.04, Fitness_actual=136.5, Mejor=136.5
2025-10-23 07:47:01,157 - INFO - 🌟 MEJORA #316 en iter 78203: Fitness=136.5 (+0.1), Puntos=15787
2025-10-23 07:47:01,456 - INFO - 🌟 MEJORA #317 en iter 78205: Fitness=136.5 (+0.0), Puntos=15787
2025-10-23 07:47:15,743 - DEBUG - Iter 78300: T=2.04, Fitness_actual=127.8, Mejor=136.5
2025-10-23 07:47:30,644 - DEBUG - Iter 78400: T=2.03, Fitness_actual=115.6, Mejor=136.5
2025-10-23 07:47:38,140 - WARNING - ⚠️  DEGRADACIÓN DETECTADA en iter 78450:
2025-10-23 07:47:38,140 - WARNING -    Mejor fitness: 136.5
2025-10-23 07:47:38,141 - WARNING -    Fitness promedio reciente: 115.0
2025-10-23 07:47:38,141 - WARNING -    Degradación: 21.5
2025-10-23 07:47:38,141 - WARNING -    🔄 RESTAURANDO mejor solución...
2025-10-23 07:47:45,609 - INFO -   Iter 78500 | Tiempo:  131.0min (54.6%) | T =     2.03 | Fitness =    129.0 | Mejor =    136.5 | Aceptación =  89.9%
2025-10-23 07:47:45,610 - INFO - Progreso iter 78500: T=2.03, Fitness=129.0, Mejor=136.5, Tasa_acept=89.9%
2025-10-23 07:47:45,613 - DEBUG - Iter 78500: T=2.03, Fitness_actual=129.0, Mejor=136.5
2025-10-23 07:48:00,924 - DEBUG - Iter 78600: T=2.02, Fitness_actual=128.9, Mejor=136.5
2025-10-23 07:48:16,186 - DEBUG - Iter 78700: T=2.01, Fitness_actual=121.3, Mejor=136.5
2025-10-23 07:48:31,496 - DEBUG - Iter 78800: T=2.01, Fitness_actual=121.0, Mejor=136.5
2025-10-23 07:48:46,853 - DEBUG - Iter 78900: T=2.00, Fitness_actual=123.8, Mejor=136.5
2025-10-23 07:49:02,240 - INFO -   Iter 79000 | Tiempo:  132.3min (55.1%) | T =     2.00 | Fitness =    115.7 | Mejor =    136.5 | Aceptación =  89.9%
2025-10-23 07:49:02,240 - INFO - Progreso iter 79000: T=2.00, Fitness=115.7, Mejor=136.5, Tasa_acept=89.9%
2025-10-23 07:49:02,247 - DEBUG - Iter 79000: T=2.00, Fitness_actual=115.7, Mejor=136.5
2025-10-23 07:49:09,951 - WARNING - ⚠️  DEGRADACIÓN DETECTADA en iter 79050:
2025-10-23 07:49:09,951 - WARNING -    Mejor fitness: 136.5
2025-10-23 07:49:09,952 - WARNING -    Fitness promedio reciente: 116.2
2025-10-23 07:49:09,952 - WARNING -    Degradación: 20.3
2025-10-23 07:49:09,952 - WARNING -    🔄 RESTAURANDO mejor solución...
2025-10-23 07:49:17,632 - DEBUG - Iter 79100: T=1.99, Fitness_actual=123.4, Mejor=136.5
2025-10-23 07:49:33,115 - DEBUG - Iter 79200: T=1.98, Fitness_actual=124.4, Mejor=136.5
2025-10-23 07:49:48,586 - DEBUG - Iter 79300: T=1.98, Fitness_actual=125.1, Mejor=136.5
2025-10-23 07:50:04,014 - DEBUG - Iter 79400: T=1.97, Fitness_actual=117.5, Mejor=136.5
2025-10-23 07:50:11,737 - WARNING - ⚠️  DEGRADACIÓN DETECTADA en iter 79450:
2025-10-23 07:50:11,737 - WARNING -    Mejor fitness: 136.5
2025-10-23 07:50:11,737 - WARNING -    Fitness promedio reciente: 114.1
2025-10-23 07:50:11,738 - WARNING -    Degradación: 22.4
2025-10-23 07:50:11,738 - WARNING -    🔄 RESTAURANDO mejor solución...
2025-10-23 07:50:11,894 - INFO - 🌟 MEJORA #318 en iter 79451: Fitness=136.5 (+0.0), Puntos=15787
2025-10-23 07:50:12,050 - INFO - 🌟 MEJORA #319 en iter 79452: Fitness=136.5 (+0.0), Puntos=15787
2025-10-23 07:50:12,358 - INFO - 🌟 MEJORA #320 en iter 79454: Fitness=136.5 (+0.0), Puntos=15787
2025-10-23 07:50:12,359 - INFO -   ✨ Mejora #320 en iteración 79455: Fitness = 136.5 | Puntos = 15787 | T = 1.97
2025-10-23 07:50:19,450 - INFO -   Iter 79500 | Tiempo:  133.6min (55.6%) | T =     1.96 | Fitness =    128.4 | Mejor =    136.5 | Aceptación =  89.8%
2025-10-23 07:50:19,451 - INFO - Progreso iter 79500: T=1.96, Fitness=128.4, Mejor=136.5, Tasa_acept=89.8%
2025-10-23 07:50:19,453 - DEBUG - Iter 79500: T=1.96, Fitness_actual=128.4, Mejor=136.5
2025-10-23 07:50:34,921 - DEBUG - Iter 79600: T=1.96, Fitness_actual=123.5, Mejor=136.5
2025-10-23 07:50:50,393 - DEBUG - Iter 79700: T=1.95, Fitness_actual=125.3, Mejor=136.5
2025-10-23 07:51:05,880 - WARNING - ⚠️  DEGRADACIÓN DETECTADA en iter 79800:
2025-10-23 07:51:05,880 - WARNING -    Mejor fitness: 136.5
2025-10-23 07:51:05,881 - WARNING -    Fitness promedio reciente: 114.7
2025-10-23 07:51:05,881 - WARNING -    Degradación: 21.9
2025-10-23 07:51:05,881 - WARNING -    🔄 RESTAURANDO mejor solución...
2025-10-23 07:51:05,886 - DEBUG - Iter 79800: T=1.95, Fitness_actual=136.5, Mejor=136.5
2025-10-23 07:51:21,424 - DEBUG - Iter 79900: T=1.94, Fitness_actual=124.3, Mejor=136.5
2025-10-23 07:51:36,935 - INFO -   Iter 80000 | Tiempo:  134.8min (56.2%) | T =     1.93 | Fitness =    126.0 | Mejor =    136.5 | Aceptación =  89.8%
2025-10-23 07:51:36,935 - INFO - Progreso iter 80000: T=1.93, Fitness=126.0, Mejor=136.5, Tasa_acept=89.8%
2025-10-23 07:51:36,938 - DEBUG - Iter 80000: T=1.93, Fitness_actual=126.0, Mejor=136.5
2025-10-23 07:51:52,398 - DEBUG - Iter 80100: T=1.93, Fitness_actual=124.6, Mejor=136.5
2025-10-23 07:52:07,870 - DEBUG - Iter 80200: T=1.92, Fitness_actual=124.7, Mejor=136.5
2025-10-23 07:52:23,349 - DEBUG - Iter 80300: T=1.92, Fitness_actual=119.5, Mejor=136.5
2025-10-23 07:52:38,842 - WARNING - ⚠️  DEGRADACIÓN DETECTADA en iter 80400:
2025-10-23 07:52:38,843 - WARNING -    Mejor fitness: 136.5
2025-10-23 07:52:38,843 - WARNING -    Fitness promedio reciente: 116.4
2025-10-23 07:52:38,844 - WARNING -    Degradación: 20.1
2025-10-23 07:52:38,844 - WARNING -    🔄 RESTAURANDO mejor solución...
2025-10-23 07:52:38,845 - DEBUG - Iter 80400: T=1.91, Fitness_actual=136.5, Mejor=136.5
2025-10-23 07:52:54,363 - INFO -   Iter 80500 | Tiempo:  136.1min (56.7%) | T =     1.91 | Fitness =    122.2 | Mejor =    136.5 | Aceptación =  89.8%
2025-10-23 07:52:54,363 - INFO - Progreso iter 80500: T=1.91, Fitness=122.2, Mejor=136.5, Tasa_acept=89.8%
2025-10-23 07:52:54,366 - DEBUG - Iter 80500: T=1.91, Fitness_actual=122.2, Mejor=136.5
2025-10-23 07:53:09,897 - DEBUG - Iter 80600: T=1.90, Fitness_actual=119.6, Mejor=136.5
2025-10-23 07:53:25,347 - WARNING - ⚠️  DEGRADACIÓN DETECTADA en iter 80700:
2025-10-23 07:53:25,347 - WARNING -    Mejor fitness: 136.5
2025-10-23 07:53:25,348 - WARNING -    Fitness promedio reciente: 113.2
2025-10-23 07:53:25,348 - WARNING -    Degradación: 23.4
2025-10-23 07:53:25,348 - WARNING -    🔄 RESTAURANDO mejor solución...
2025-10-23 07:53:25,354 - DEBUG - Iter 80700: T=1.89, Fitness_actual=136.5, Mejor=136.5
2025-10-23 07:53:40,852 - DEBUG - Iter 80800: T=1.89, Fitness_actual=124.9, Mejor=136.5
2025-10-23 07:53:56,376 - DEBUG - Iter 80900: T=1.88, Fitness_actual=126.3, Mejor=136.5
2025-10-23 07:54:11,971 - INFO -   Iter 81000 | Tiempo:  137.4min (57.3%) | T =     1.88 | Fitness =    122.7 | Mejor =    136.5 | Aceptación =  89.7%
2025-10-23 07:54:11,972 - INFO - Progreso iter 81000: T=1.88, Fitness=122.7, Mejor=136.5, Tasa_acept=89.7%
2025-10-23 07:54:11,975 - DEBUG - Iter 81000: T=1.88, Fitness_actual=122.7, Mejor=136.5
2025-10-23 07:54:27,574 - WARNING - ⚠️  DEGRADACIÓN DETECTADA en iter 81100:
2025-10-23 07:54:27,574 - WARNING -    Mejor fitness: 136.5
2025-10-23 07:54:27,575 - WARNING -    Fitness promedio reciente: 116.2
2025-10-23 07:54:27,575 - WARNING -    Degradación: 20.4
2025-10-23 07:54:27,575 - WARNING -    🔄 RESTAURANDO mejor solución...
2025-10-23 07:54:27,582 - DEBUG - Iter 81100: T=1.87, Fitness_actual=136.5, Mejor=136.5
2025-10-23 07:54:27,737 - INFO - 🌟 MEJORA #321 en iter 81101: Fitness=136.5 (+0.0), Puntos=15787
2025-10-23 07:54:43,188 - DEBUG - Iter 81200: T=1.87, Fitness_actual=130.0, Mejor=136.5
2025-10-23 07:54:58,812 - DEBUG - Iter 81300: T=1.86, Fitness_actual=123.4, Mejor=136.5
2025-10-23 07:55:14,366 - DEBUG - Iter 81400: T=1.85, Fitness_actual=118.8, Mejor=136.5
2025-10-23 07:55:29,967 - INFO -   Iter 81500 | Tiempo:  138.7min (57.8%) | T =     1.85 | Fitness =    115.2 | Mejor =    136.5 | Aceptación =  89.7%
2025-10-23 07:55:29,967 - INFO - Progreso iter 81500: T=1.85, Fitness=115.2, Mejor=136.5, Tasa_acept=89.7%
2025-10-23 07:55:29,968 - DEBUG - Iter 81500: T=1.85, Fitness_actual=115.2, Mejor=136.5
2025-10-23 07:55:45,629 - WARNING - ⚠️  DEGRADACIÓN DETECTADA en iter 81600:
2025-10-23 07:55:45,629 - WARNING -    Mejor fitness: 136.5
2025-10-23 07:55:45,629 - WARNING -    Fitness promedio reciente: 112.0
2025-10-23 07:55:45,630 - WARNING -    Degradación: 24.5
2025-10-23 07:55:45,630 - WARNING -    🔄 RESTAURANDO mejor solución...
2025-10-23 07:55:45,631 - DEBUG - Iter 81600: T=1.84, Fitness_actual=136.5, Mejor=136.5
2025-10-23 07:56:01,331 - DEBUG - Iter 81700: T=1.84, Fitness_actual=128.5, Mejor=136.5
2025-10-23 07:56:17,032 - DEBUG - Iter 81800: T=1.83, Fitness_actual=127.0, Mejor=136.5
2025-10-23 07:56:32,382 - DEBUG - Iter 81900: T=1.83, Fitness_actual=121.4, Mejor=136.5
2025-10-23 07:56:47,642 - INFO -   Iter 82000 | Tiempo:  140.0min (58.3%) | T =     1.82 | Fitness =    116.7 | Mejor =    136.5 | Aceptación =  89.7%
2025-10-23 07:56:47,642 - INFO - Progreso iter 82000: T=1.82, Fitness=116.7, Mejor=136.5, Tasa_acept=89.7%
2025-10-23 07:56:47,645 - DEBUG - Iter 82000: T=1.82, Fitness_actual=116.7, Mejor=136.5
2025-10-23 07:57:02,887 - DEBUG - Iter 82100: T=1.81, Fitness_actual=114.2, Mejor=136.5
2025-10-23 07:57:10,527 - WARNING - ⚠️  DEGRADACIÓN DETECTADA en iter 82150:
2025-10-23 07:57:10,527 - WARNING -    Mejor fitness: 136.5
2025-10-23 07:57:10,528 - WARNING -    Fitness promedio reciente: 113.4
2025-10-23 07:57:10,528 - WARNING -    Degradación: 23.1
2025-10-23 07:57:10,528 - WARNING -    🔄 RESTAURANDO mejor solución...
2025-10-23 07:57:18,179 - DEBUG - Iter 82200: T=1.81, Fitness_actual=131.2, Mejor=136.5
2025-10-23 07:57:33,392 - DEBUG - Iter 82300: T=1.80, Fitness_actual=124.0, Mejor=136.5
2025-10-23 07:57:48,681 - DEBUG - Iter 82400: T=1.80, Fitness_actual=119.8, Mejor=136.5
2025-10-23 07:58:03,897 - INFO -   Iter 82500 | Tiempo:  141.3min (58.9%) | T =     1.79 | Fitness =    119.4 | Mejor =    136.5 | Aceptación =  89.6%
2025-10-23 07:58:03,897 - INFO - Progreso iter 82500: T=1.79, Fitness=119.4, Mejor=136.5, Tasa_acept=89.6%
2025-10-23 07:58:03,899 - DEBUG - Iter 82500: T=1.79, Fitness_actual=119.4, Mejor=136.5
2025-10-23 07:58:19,120 - DEBUG - Iter 82600: T=1.79, Fitness_actual=116.7, Mejor=136.5
2025-10-23 07:58:26,779 - WARNING - ⚠️  DEGRADACIÓN DETECTADA en iter 82650:
2025-10-23 07:58:26,780 - WARNING -    Mejor fitness: 136.5
2025-10-23 07:58:26,780 - WARNING -    Fitness promedio reciente: 115.5
2025-10-23 07:58:26,780 - WARNING -    Degradación: 21.0
2025-10-23 07:58:26,781 - WARNING -    🔄 RESTAURANDO mejor solución...
2025-10-23 07:58:34,412 - DEBUG - Iter 82700: T=1.78, Fitness_actual=130.3, Mejor=136.5
2025-10-23 07:58:49,704 - DEBUG - Iter 82800: T=1.78, Fitness_actual=132.3, Mejor=136.5
2025-10-23 07:59:05,043 - DEBUG - Iter 82900: T=1.77, Fitness_actual=124.0, Mejor=136.5
2025-10-23 07:59:20,404 - INFO -   Iter 83000 | Tiempo:  142.6min (59.4%) | T =     1.77 | Fitness =    121.2 | Mejor =    136.5 | Aceptación =  89.6%
2025-10-23 07:59:20,404 - INFO - Progreso iter 83000: T=1.77, Fitness=121.2, Mejor=136.5, Tasa_acept=89.6%
2025-10-23 07:59:20,407 - DEBUG - Iter 83000: T=1.77, Fitness_actual=121.2, Mejor=136.5
2025-10-23 07:59:35,784 - DEBUG - Iter 83100: T=1.76, Fitness_actual=109.7, Mejor=136.5
2025-10-23 07:59:43,439 - WARNING - ⚠️  DEGRADACIÓN DETECTADA en iter 83150:
2025-10-23 07:59:43,439 - WARNING -    Mejor fitness: 136.5
2025-10-23 07:59:43,440 - WARNING -    Fitness promedio reciente: 108.3
2025-10-23 07:59:43,440 - WARNING -    Degradación: 28.3
2025-10-23 07:59:43,441 - WARNING -    🔄 RESTAURANDO mejor solución...
2025-10-23 07:59:44,990 - INFO - Iter 83160: Aceptada solución con delta=-12.1 (T=1.76)
2025-10-23 07:59:44,990 - INFO -   📊 Desglose del cambio:
2025-10-23 07:59:44,991 - INFO -      Puntos: +2 → 15780 total
2025-10-23 07:59:44,991 - INFO -      Tiempo: +909.1min → 14526.3min total
2025-10-23 07:59:44,992 - INFO -      Distancia: +77.0km → 196.1km total
2025-10-23 07:59:51,156 - DEBUG - Iter 83200: T=1.76, Fitness_actual=126.7, Mejor=136.5
2025-10-23 08:00:06,564 - DEBUG - Iter 83300: T=1.75, Fitness_actual=120.2, Mejor=136.5
2025-10-23 08:00:21,941 - WARNING - ⚠️  DEGRADACIÓN DETECTADA en iter 83400:
2025-10-23 08:00:21,941 - WARNING -    Mejor fitness: 136.5
2025-10-23 08:00:21,942 - WARNING -    Fitness promedio reciente: 112.4
2025-10-23 08:00:21,942 - WARNING -    Degradación: 24.1
2025-10-23 08:00:21,942 - WARNING -    🔄 RESTAURANDO mejor solución...
2025-10-23 08:00:21,944 - DEBUG - Iter 83400: T=1.74, Fitness_actual=136.5, Mejor=136.5
2025-10-23 08:00:37,323 - INFO -   Iter 83500 | Tiempo:  143.9min (59.9%) | T =     1.74 | Fitness =    126.5 | Mejor =    136.5 | Aceptación =  89.5%
2025-10-23 08:00:37,324 - INFO - Progreso iter 83500: T=1.74, Fitness=126.5, Mejor=136.5, Tasa_acept=89.5%
2025-10-23 08:00:37,326 - DEBUG - Iter 83500: T=1.74, Fitness_actual=126.5, Mejor=136.5
2025-10-23 08:00:52,628 - DEBUG - Iter 83600: T=1.73, Fitness_actual=113.7, Mejor=136.5
2025-10-23 08:01:07,898 - DEBUG - Iter 83700: T=1.73, Fitness_actual=119.2, Mejor=136.5
2025-10-23 08:01:23,241 - DEBUG - Iter 83800: T=1.72, Fitness_actual=121.0, Mejor=136.5
2025-10-23 08:01:38,520 - WARNING - ⚠️  DEGRADACIÓN DETECTADA en iter 83900:
2025-10-23 08:01:38,520 - WARNING -    Mejor fitness: 136.5
2025-10-23 08:01:38,521 - WARNING -    Fitness promedio reciente: 116.4
2025-10-23 08:01:38,521 - WARNING -    Degradación: 20.1
2025-10-23 08:01:38,521 - WARNING -    🔄 RESTAURANDO mejor solución...
2025-10-23 08:01:38,523 - DEBUG - Iter 83900: T=1.72, Fitness_actual=136.5, Mejor=136.5
2025-10-23 08:01:53,699 - INFO -   Iter 84000 | Tiempo:  145.1min (60.5%) | T =     1.71 | Fitness =    130.1 | Mejor =    136.5 | Aceptación =  89.5%
2025-10-23 08:01:53,699 - INFO - Progreso iter 84000: T=1.71, Fitness=130.1, Mejor=136.5, Tasa_acept=89.5%
2025-10-23 08:01:53,703 - DEBUG - Iter 84000: T=1.71, Fitness_actual=130.1, Mejor=136.5
2025-10-23 08:02:08,992 - DEBUG - Iter 84100: T=1.71, Fitness_actual=123.1, Mejor=136.5
2025-10-23 08:02:24,230 - DEBUG - Iter 84200: T=1.70, Fitness_actual=118.3, Mejor=136.5
2025-10-23 08:02:39,512 - WARNING - ⚠️  DEGRADACIÓN DETECTADA en iter 84300:
2025-10-23 08:02:39,512 - WARNING -    Mejor fitness: 136.5
2025-10-23 08:02:39,515 - WARNING -    Fitness promedio reciente: 116.5
2025-10-23 08:02:39,515 - WARNING -    Degradación: 20.1
2025-10-23 08:02:39,515 - WARNING -    🔄 RESTAURANDO mejor solución...
2025-10-23 08:02:39,517 - DEBUG - Iter 84300: T=1.70, Fitness_actual=136.5, Mejor=136.5
2025-10-23 08:02:39,517 - INFO - 🌟 MEJORA #322 en iter 84300: Fitness=136.5 (+0.0), Puntos=15787
2025-10-23 08:02:39,668 - INFO - 🌟 MEJORA #323 en iter 84301: Fitness=136.5 (+0.0), Puntos=15787
2025-10-23 08:02:54,780 - DEBUG - Iter 84400: T=1.69, Fitness_actual=131.9, Mejor=136.5
2025-10-23 08:03:10,024 - INFO -   Iter 84500 | Tiempo:  146.4min (61.0%) | T =     1.69 | Fitness =    123.7 | Mejor =    136.5 | Aceptación =  89.5%
2025-10-23 08:03:10,025 - INFO - Progreso iter 84500: T=1.69, Fitness=123.7, Mejor=136.5, Tasa_acept=89.5%
2025-10-23 08:03:10,026 - DEBUG - Iter 84500: T=1.69, Fitness_actual=123.7, Mejor=136.5
2025-10-23 08:03:25,253 - DEBUG - Iter 84600: T=1.68, Fitness_actual=121.0, Mejor=136.5
2025-10-23 08:03:40,511 - DEBUG - Iter 84700: T=1.68, Fitness_actual=122.4, Mejor=136.5
2025-10-23 08:03:55,759 - DEBUG - Iter 84800: T=1.67, Fitness_actual=118.9, Mejor=136.5
2025-10-23 08:04:11,075 - DEBUG - Iter 84900: T=1.67, Fitness_actual=118.0, Mejor=136.5
2025-10-23 08:04:26,390 - INFO -   Iter 85000 | Tiempo:  147.7min (61.5%) | T =     1.66 | Fitness =    111.8 | Mejor =    136.5 | Aceptación =  89.5%
2025-10-23 08:04:26,390 - INFO - Progreso iter 85000: T=1.66, Fitness=111.8, Mejor=136.5, Tasa_acept=89.5%
2025-10-23 08:04:26,391 - WARNING - ⚠️  DEGRADACIÓN DETECTADA en iter 85000:
2025-10-23 08:04:26,391 - WARNING -    Mejor fitness: 136.5
2025-10-23 08:04:26,391 - WARNING -    Fitness promedio reciente: 113.8
2025-10-23 08:04:26,392 - WARNING -    Degradación: 22.7
2025-10-23 08:04:26,392 - WARNING -    🔄 RESTAURANDO mejor solución...
2025-10-23 08:04:26,393 - DEBUG - Iter 85000: T=1.66, Fitness_actual=136.5, Mejor=136.5
2025-10-23 08:04:27,163 - INFO - 🌟 MEJORA #324 en iter 85005: Fitness=136.5 (+0.0), Puntos=15787
2025-10-23 08:04:41,688 - DEBUG - Iter 85100: T=1.66, Fitness_actual=126.4, Mejor=136.5
2025-10-23 08:04:56,965 - DEBUG - Iter 85200: T=1.65, Fitness_actual=125.2, Mejor=136.5
2025-10-23 08:05:12,325 - DEBUG - Iter 85300: T=1.65, Fitness_actual=120.9, Mejor=136.5
2025-10-23 08:05:27,712 - WARNING - ⚠️  DEGRADACIÓN DETECTADA en iter 85400:
2025-10-23 08:05:27,713 - WARNING -    Mejor fitness: 136.5
2025-10-23 08:05:27,713 - WARNING -    Fitness promedio reciente: 114.2
2025-10-23 08:05:27,713 - WARNING -    Degradación: 22.3
2025-10-23 08:05:27,714 - WARNING -    🔄 RESTAURANDO mejor solución...
2025-10-23 08:05:27,719 - DEBUG - Iter 85400: T=1.64, Fitness_actual=136.5, Mejor=136.5
2025-10-23 08:05:29,295 - INFO - 🌟 MEJORA #325 en iter 85410: Fitness=136.7 (+0.2), Puntos=15809
2025-10-23 08:05:29,295 - INFO -   ✨ Mejora #325 en iteración 85411: Fitness = 136.7 | Puntos = 15809 | T = 1.64
2025-10-23 08:05:32,529 - INFO - 🌟 MEJORA #326 en iter 85431: Fitness=136.9 (+0.2), Puntos=15829
2025-10-23 08:05:43,132 - INFO -   Iter 85500 | Tiempo:  148.9min (62.1%) | T =     1.64 | Fitness =    126.6 | Mejor =    136.9 | Aceptación =  89.4%
2025-10-23 08:05:43,132 - INFO - Progreso iter 85500: T=1.64, Fitness=126.6, Mejor=136.9, Tasa_acept=89.4%
2025-10-23 08:05:43,135 - DEBUG - Iter 85500: T=1.64, Fitness_actual=126.6, Mejor=136.9
2025-10-23 08:05:58,535 - DEBUG - Iter 85600: T=1.63, Fitness_actual=127.3, Mejor=136.9
2025-10-23 08:06:14,000 - DEBUG - Iter 85700: T=1.63, Fitness_actual=122.0, Mejor=136.9
2025-10-23 08:06:29,453 - WARNING - ⚠️  DEGRADACIÓN DETECTADA en iter 85800:
2025-10-23 08:06:29,453 - WARNING -    Mejor fitness: 136.9
2025-10-23 08:06:29,454 - WARNING -    Fitness promedio reciente: 114.5
2025-10-23 08:06:29,454 - WARNING -    Degradación: 22.4
2025-10-23 08:06:29,454 - WARNING -    🔄 RESTAURANDO mejor solución...
2025-10-23 08:06:29,456 - DEBUG - Iter 85800: T=1.62, Fitness_actual=136.9, Mejor=136.9
2025-10-23 08:06:29,762 - INFO - 🌟 MEJORA #327 en iter 85802: Fitness=136.9 (+0.0), Puntos=15829
2025-10-23 08:06:44,917 - DEBUG - Iter 85900: T=1.62, Fitness_actual=125.9, Mejor=136.9
2025-10-23 08:07:00,385 - INFO -   Iter 86000 | Tiempo:  150.2min (62.6%) | T =     1.61 | Fitness =    125.3 | Mejor =    136.9 | Aceptación =  89.4%
2025-10-23 08:07:00,385 - INFO - Progreso iter 86000: T=1.61, Fitness=125.3, Mejor=136.9, Tasa_acept=89.4%
2025-10-23 08:07:00,388 - DEBUG - Iter 86000: T=1.61, Fitness_actual=125.3, Mejor=136.9
2025-10-23 08:07:15,944 - DEBUG - Iter 86100: T=1.61, Fitness_actual=117.4, Mejor=136.9
2025-10-23 08:07:23,679 - WARNING - ⚠️  DEGRADACIÓN DETECTADA en iter 86150:
2025-10-23 08:07:23,679 - WARNING -    Mejor fitness: 136.9
2025-10-23 08:07:23,680 - WARNING -    Fitness promedio reciente: 113.7
2025-10-23 08:07:23,680 - WARNING -    Degradación: 23.2
2025-10-23 08:07:23,680 - WARNING -    🔄 RESTAURANDO mejor solución...
2025-10-23 08:07:23,990 - INFO - 🌟 MEJORA #328 en iter 86152: Fitness=136.9 (+0.0), Puntos=15829
2025-10-23 08:07:31,402 - DEBUG - Iter 86200: T=1.60, Fitness_actual=132.3, Mejor=136.9
2025-10-23 08:07:46,874 - DEBUG - Iter 86300: T=1.60, Fitness_actual=127.0, Mejor=136.9
2025-10-23 08:08:02,377 - DEBUG - Iter 86400: T=1.59, Fitness_actual=123.6, Mejor=136.9
2025-10-23 08:08:17,853 - INFO -   Iter 86500 | Tiempo:  151.5min (63.1%) | T =     1.59 | Fitness =    122.3 | Mejor =    136.9 | Aceptación =  89.3%
2025-10-23 08:08:17,853 - INFO - Progreso iter 86500: T=1.59, Fitness=122.3, Mejor=136.9, Tasa_acept=89.3%
2025-10-23 08:08:17,856 - DEBUG - Iter 86500: T=1.59, Fitness_actual=122.3, Mejor=136.9
2025-10-23 08:08:33,395 - DEBUG - Iter 86600: T=1.58, Fitness_actual=115.2, Mejor=136.9
2025-10-23 08:08:48,937 - WARNING - ⚠️  DEGRADACIÓN DETECTADA en iter 86700:
2025-10-23 08:08:48,937 - WARNING -    Mejor fitness: 136.9
2025-10-23 08:08:48,937 - WARNING -    Fitness promedio reciente: 113.6
2025-10-23 08:08:48,938 - WARNING -    Degradación: 23.3
2025-10-23 08:08:48,938 - WARNING -    🔄 RESTAURANDO mejor solución...
2025-10-23 08:08:48,939 - DEBUG - Iter 86700: T=1.58, Fitness_actual=136.9, Mejor=136.9
2025-10-23 08:08:48,940 - INFO - 🌟 MEJORA #329 en iter 86700: Fitness=137.1 (+0.2), Puntos=15750
2025-10-23 08:08:49,880 - INFO - 🌟 MEJORA #330 en iter 86706: Fitness=137.2 (+0.1), Puntos=15758
2025-10-23 08:08:49,880 - INFO -   ✨ Mejora #330 en iteración 86707: Fitness = 137.2 | Puntos = 15758 | T = 1.58
2025-10-23 08:08:50,034 - INFO - 🌟 MEJORA #331 en iter 86707: Fitness=137.2 (+0.0), Puntos=15758
2025-10-23 08:08:50,660 - INFO - 🌟 MEJORA #332 en iter 86711: Fitness=137.2 (+0.0), Puntos=15758
2025-10-23 08:09:04,494 - DEBUG - Iter 86800: T=1.58, Fitness_actual=123.5, Mejor=137.2
2025-10-23 08:09:19,983 - DEBUG - Iter 86900: T=1.57, Fitness_actual=114.5, Mejor=137.2
2025-10-23 08:09:27,740 - WARNING - ⚠️  DEGRADACIÓN DETECTADA en iter 86950:
2025-10-23 08:09:27,741 - WARNING -    Mejor fitness: 137.2
2025-10-23 08:09:27,741 - WARNING -    Fitness promedio reciente: 114.7
2025-10-23 08:09:27,742 - WARNING -    Degradación: 22.5
2025-10-23 08:09:27,742 - WARNING -    🔄 RESTAURANDO mejor solución...
2025-10-23 08:09:35,531 - INFO -   Iter 87000 | Tiempo:  152.8min (63.7%) | T =     1.57 | Fitness =    134.4 | Mejor =    137.2 | Aceptación =  89.2%
2025-10-23 08:09:35,532 - INFO - Progreso iter 87000: T=1.57, Fitness=134.4, Mejor=137.2, Tasa_acept=89.2%
2025-10-23 08:09:35,534 - DEBUG - Iter 87000: T=1.57, Fitness_actual=134.4, Mejor=137.2
2025-10-23 08:09:51,120 - DEBUG - Iter 87100: T=1.56, Fitness_actual=122.5, Mejor=137.2
2025-10-23 08:10:06,731 - DEBUG - Iter 87200: T=1.56, Fitness_actual=119.4, Mejor=137.2
2025-10-23 08:10:22,332 - DEBUG - Iter 87300: T=1.55, Fitness_actual=122.1, Mejor=137.2
2025-10-23 08:10:37,950 - DEBUG - Iter 87400: T=1.55, Fitness_actual=121.3, Mejor=137.2
2025-10-23 08:10:53,566 - INFO -   Iter 87500 | Tiempo:  154.1min (64.2%) | T =     1.54 | Fitness =    122.2 | Mejor =    137.2 | Aceptación =  89.2%
2025-10-23 08:10:53,566 - INFO - Progreso iter 87500: T=1.54, Fitness=122.2, Mejor=137.2, Tasa_acept=89.2%
2025-10-23 08:10:53,569 - DEBUG - Iter 87500: T=1.54, Fitness_actual=122.2, Mejor=137.2
2025-10-23 08:11:09,270 - DEBUG - Iter 87600: T=1.54, Fitness_actual=116.2, Mejor=137.2
2025-10-23 08:11:17,098 - WARNING - ⚠️  DEGRADACIÓN DETECTADA en iter 87650:
2025-10-23 08:11:17,098 - WARNING -    Mejor fitness: 137.2
2025-10-23 08:11:17,098 - WARNING -    Fitness promedio reciente: 115.7
2025-10-23 08:11:17,099 - WARNING -    Degradación: 21.5
2025-10-23 08:11:17,099 - WARNING -    🔄 RESTAURANDO mejor solución...
2025-10-23 08:11:17,890 - INFO - 🌟 MEJORA #333 en iter 87655: Fitness=137.2 (+0.0), Puntos=15760
2025-10-23 08:11:18,208 - INFO - 🌟 MEJORA #334 en iter 87657: Fitness=137.2 (+0.0), Puntos=15760
2025-10-23 08:11:24,935 - DEBUG - Iter 87700: T=1.53, Fitness_actual=132.6, Mejor=137.2
2025-10-23 08:11:40,592 - DEBUG - Iter 87800: T=1.53, Fitness_actual=131.9, Mejor=137.2
2025-10-23 08:11:56,288 - DEBUG - Iter 87900: T=1.52, Fitness_actual=128.0, Mejor=137.2
2025-10-23 08:12:12,013 - INFO -   Iter 88000 | Tiempo:  155.4min (64.8%) | T =     1.52 | Fitness =    124.9 | Mejor =    137.2 | Aceptación =  89.1%
2025-10-23 08:12:12,013 - INFO - Progreso iter 88000: T=1.52, Fitness=124.9, Mejor=137.2, Tasa_acept=89.1%
2025-10-23 08:12:12,015 - DEBUG - Iter 88000: T=1.52, Fitness_actual=124.9, Mejor=137.2
2025-10-23 08:12:27,738 - DEBUG - Iter 88100: T=1.51, Fitness_actual=120.6, Mejor=137.2
2025-10-23 08:12:43,374 - DEBUG - Iter 88200: T=1.51, Fitness_actual=121.0, Mejor=137.2
2025-10-23 08:12:46,835 - WARNING - ================================================================================
2025-10-23 08:12:46,836 - WARNING - ⚠️  SALTO ANORMAL DETECTADO en iteración 88222
2025-10-23 08:12:46,837 - WARNING -    Fitness actual: 119.8
2025-10-23 08:12:46,837 - WARNING -    Fitness vecino: 95.5
2025-10-23 08:12:46,837 - WARNING -    Delta: -24.3
2025-10-23 08:12:46,838 - WARNING -    Temperatura: 1.51
2025-10-23 08:12:46,838 - WARNING -    Tipo perturbación aplicada: (ver generar_vecino)
2025-10-23 08:12:46,838 - WARNING -    Vecino - Puntos: 14963, Tiempo: 14601.5min, Distancia: 263.0km
2025-10-23 08:12:46,838 - WARNING -    Actual - Puntos: 15404, Tiempo: 13399.9min, Distancia: 142.9km
2025-10-23 08:12:46,839 - WARNING -    Validez restricciones - Vecino: False, Actual: False
2025-10-23 08:12:46,839 - WARNING - ================================================================================
2025-10-23 08:12:46,839 - WARNING - ⚠️  SALTO ANORMAL DETECTADO en iteración 88222
2025-10-23 08:12:46,839 - WARNING -    Fitness: 119.8 → 95.5 (Δ=-24.3)
2025-10-23 08:12:46,839 - WARNING -    Ver detalles en archivo de log
2025-10-23 08:12:59,051 - DEBUG - Iter 88300: T=1.50, Fitness_actual=119.8, Mejor=137.2
2025-10-23 08:13:06,884 - WARNING - ⚠️  DEGRADACIÓN DETECTADA en iter 88350:
2025-10-23 08:13:06,884 - WARNING -    Mejor fitness: 137.2
2025-10-23 08:13:06,885 - WARNING -    Fitness promedio reciente: 116.6
2025-10-23 08:13:06,885 - WARNING -    Degradación: 20.6
2025-10-23 08:13:06,885 - WARNING -    🔄 RESTAURANDO mejor solución...
2025-10-23 08:13:14,782 - DEBUG - Iter 88400: T=1.50, Fitness_actual=131.7, Mejor=137.2
2025-10-23 08:13:30,570 - INFO -   Iter 88500 | Tiempo:  156.7min (65.3%) | T =     1.50 | Fitness =    125.3 | Mejor =    137.2 | Aceptación =  89.0%
2025-10-23 08:13:30,570 - INFO - Progreso iter 88500: T=1.50, Fitness=125.3, Mejor=137.2, Tasa_acept=89.0%
2025-10-23 08:13:30,573 - DEBUG - Iter 88500: T=1.50, Fitness_actual=125.3, Mejor=137.2
2025-10-23 08:13:46,303 - DEBUG - Iter 88600: T=1.49, Fitness_actual=120.3, Mejor=137.2
2025-10-23 08:14:02,105 - DEBUG - Iter 88700: T=1.49, Fitness_actual=117.9, Mejor=137.2
2025-10-23 08:14:17,894 - DEBUG - Iter 88800: T=1.48, Fitness_actual=121.3, Mejor=137.2
2025-10-23 08:14:33,692 - DEBUG - Iter 88900: T=1.48, Fitness_actual=124.8, Mejor=137.2
2025-10-23 08:14:49,484 - INFO -   Iter 89000 | Tiempo:  158.1min (65.9%) | T =     1.47 | Fitness =    120.1 | Mejor =    137.2 | Aceptación =  89.0%
2025-10-23 08:14:49,484 - INFO - Progreso iter 89000: T=1.47, Fitness=120.1, Mejor=137.2, Tasa_acept=89.0%
2025-10-23 08:14:49,487 - DEBUG - Iter 89000: T=1.47, Fitness_actual=120.1, Mejor=137.2
2025-10-23 08:15:05,310 - DEBUG - Iter 89100: T=1.47, Fitness_actual=121.0, Mejor=137.2
2025-10-23 08:15:21,047 - DEBUG - Iter 89200: T=1.46, Fitness_actual=120.2, Mejor=137.2
2025-10-23 08:15:36,888 - WARNING - ⚠️  DEGRADACIÓN DETECTADA en iter 89300:
2025-10-23 08:15:36,889 - WARNING -    Mejor fitness: 137.2
2025-10-23 08:15:36,889 - WARNING -    Fitness promedio reciente: 116.2
2025-10-23 08:15:36,889 - WARNING -    Degradación: 21.1
2025-10-23 08:15:36,890 - WARNING -    🔄 RESTAURANDO mejor solución...
2025-10-23 08:15:36,891 - DEBUG - Iter 89300: T=1.46, Fitness_actual=137.2, Mejor=137.2
2025-10-23 08:15:37,050 - INFO - 🌟 MEJORA #335 en iter 89301: Fitness=137.2 (+0.0), Puntos=15760
2025-10-23 08:15:37,051 - INFO -   ✨ Mejora #335 en iteración 89302: Fitness = 137.2 | Puntos = 15760 | T = 1.46
2025-10-23 08:15:37,210 - INFO - 🌟 MEJORA #336 en iter 89302: Fitness=137.3 (+0.0), Puntos=15764
2025-10-23 08:15:38,166 - INFO - 🌟 MEJORA #337 en iter 89308: Fitness=137.3 (+0.0), Puntos=15766
2025-10-23 08:15:52,745 - DEBUG - Iter 89400: T=1.45, Fitness_actual=123.8, Mejor=137.3
2025-10-23 08:16:08,619 - INFO -   Iter 89500 | Tiempo:  159.4min (66.4%) | T =     1.45 | Fitness =    117.6 | Mejor =    137.3 | Aceptación =  89.0%
2025-10-23 08:16:08,619 - INFO - Progreso iter 89500: T=1.45, Fitness=117.6, Mejor=137.3, Tasa_acept=89.0%
2025-10-23 08:16:08,622 - DEBUG - Iter 89500: T=1.45, Fitness_actual=117.6, Mejor=137.3
2025-10-23 08:16:16,555 - WARNING - ⚠️  DEGRADACIÓN DETECTADA en iter 89550:
2025-10-23 08:16:16,556 - WARNING -    Mejor fitness: 137.3
2025-10-23 08:16:16,556 - WARNING -    Fitness promedio reciente: 115.2
2025-10-23 08:16:16,556 - WARNING -    Degradación: 22.1
2025-10-23 08:16:16,557 - WARNING -    🔄 RESTAURANDO mejor solución...
2025-10-23 08:16:16,880 - INFO - 🌟 MEJORA #338 en iter 89552: Fitness=137.3 (+0.0), Puntos=15767
2025-10-23 08:16:24,588 - DEBUG - Iter 89600: T=1.45, Fitness_actual=133.1, Mejor=137.3
2025-10-23 08:16:29,819 - WARNING - ================================================================================
2025-10-23 08:16:29,819 - WARNING - ⚠️  SALTO ANORMAL DETECTADO en iteración 89633
2025-10-23 08:16:29,820 - WARNING -    Fitness actual: 132.9
2025-10-23 08:16:29,820 - WARNING -    Fitness vecino: 99.2
2025-10-23 08:16:29,821 - WARNING -    Delta: -33.7
2025-10-23 08:16:29,821 - WARNING -    Temperatura: 1.44
2025-10-23 08:16:29,821 - WARNING -    Tipo perturbación aplicada: (ver generar_vecino)
2025-10-23 08:16:29,822 - WARNING -    Vecino - Puntos: 15730, Tiempo: 15408.5min, Distancia: 289.2km
2025-10-23 08:16:29,822 - WARNING -    Actual - Puntos: 15730, Tiempo: 13734.0min, Distancia: 135.9km
2025-10-23 08:16:29,822 - WARNING -    Validez restricciones - Vecino: False, Actual: False
2025-10-23 08:16:29,823 - WARNING - ================================================================================
2025-10-23 08:16:29,823 - WARNING - ⚠️  SALTO ANORMAL DETECTADO en iteración 89633
2025-10-23 08:16:29,823 - WARNING -    Fitness: 132.9 → 99.2 (Δ=-33.7)
2025-10-23 08:16:29,823 - WARNING -    Ver detalles en archivo de log
2025-10-23 08:16:30,948 - WARNING - ================================================================================
2025-10-23 08:16:30,948 - WARNING - ⚠️  SALTO ANORMAL DETECTADO en iteración 89640
2025-10-23 08:16:30,949 - WARNING -    Fitness actual: 132.9
2025-10-23 08:16:30,949 - WARNING -    Fitness vecino: 103.2
2025-10-23 08:16:30,950 - WARNING -    Delta: -29.7
2025-10-23 08:16:30,950 - WARNING -    Temperatura: 1.44
2025-10-23 08:16:30,950 - WARNING -    Tipo perturbación aplicada: (ver generar_vecino)
2025-10-23 08:16:30,950 - WARNING -    Vecino - Puntos: 15730, Tiempo: 15443.5min, Distancia: 289.6km
2025-10-23 08:16:30,950 - WARNING -    Actual - Puntos: 15730, Tiempo: 13732.4min, Distancia: 135.8km
2025-10-23 08:16:30,951 - WARNING -    Validez restricciones - Vecino: False, Actual: False
2025-10-23 08:16:30,951 - WARNING - ================================================================================
2025-10-23 08:16:30,951 - WARNING - ⚠️  SALTO ANORMAL DETECTADO en iteración 89640
2025-10-23 08:16:30,951 - WARNING -    Fitness: 132.9 → 103.2 (Δ=-29.7)
2025-10-23 08:16:30,952 - WARNING -    Ver detalles en archivo de log
2025-10-23 08:16:31,591 - WARNING - ================================================================================
2025-10-23 08:16:31,591 - WARNING - ⚠️  SALTO ANORMAL DETECTADO en iteración 89644
2025-10-23 08:16:31,592 - WARNING -    Fitness actual: 132.9
2025-10-23 08:16:31,593 - WARNING -    Fitness vecino: 100.2
2025-10-23 08:16:31,593 - WARNING -    Delta: -32.7
2025-10-23 08:16:31,593 - WARNING -    Temperatura: 1.44
2025-10-23 08:16:31,594 - WARNING -    Tipo perturbación aplicada: (ver generar_vecino)
2025-10-23 08:16:31,594 - WARNING -    Vecino - Puntos: 15730, Tiempo: 15418.2min, Distancia: 287.5km
2025-10-23 08:16:31,594 - WARNING -    Actual - Puntos: 15730, Tiempo: 13707.2min, Distancia: 133.7km
2025-10-23 08:16:31,594 - WARNING -    Validez restricciones - Vecino: False, Actual: False
2025-10-23 08:16:31,595 - WARNING - ================================================================================
2025-10-23 08:16:31,595 - WARNING - ⚠️  SALTO ANORMAL DETECTADO en iteración 89644
2025-10-23 08:16:31,595 - WARNING -    Fitness: 132.9 → 100.2 (Δ=-32.7)
2025-10-23 08:16:31,595 - WARNING -    Ver detalles en archivo de log
2025-10-23 08:16:40,515 - DEBUG - Iter 89700: T=1.44, Fitness_actual=127.9, Mejor=137.3
2025-10-23 08:16:44,172 - WARNING - ================================================================================
2025-10-23 08:16:44,173 - WARNING - ⚠️  SALTO ANORMAL DETECTADO en iteración 89723
2025-10-23 08:16:44,173 - WARNING -    Fitness actual: 125.8
2025-10-23 08:16:44,174 - WARNING -    Fitness vecino: 101.5
2025-10-23 08:16:44,174 - WARNING -    Delta: -24.3
2025-10-23 08:16:44,174 - WARNING -    Temperatura: 1.44
2025-10-23 08:16:44,174 - WARNING -    Tipo perturbación aplicada: (ver generar_vecino)
2025-10-23 08:16:44,174 - WARNING -    Vecino - Puntos: 15701, Tiempo: 15149.8min, Distancia: 275.2km
2025-10-23 08:16:44,175 - WARNING -    Actual - Puntos: 15671, Tiempo: 13496.7min, Distancia: 129.1km
2025-10-23 08:16:44,175 - WARNING -    Validez restricciones - Vecino: False, Actual: False
2025-10-23 08:16:44,175 - WARNING - ================================================================================
2025-10-23 08:16:44,176 - WARNING - ⚠️  SALTO ANORMAL DETECTADO en iteración 89723
2025-10-23 08:16:44,176 - WARNING -    Fitness: 125.8 → 101.5 (Δ=-24.3)
2025-10-23 08:16:44,176 - WARNING -    Ver detalles en archivo de log
2025-10-23 08:16:56,373 - DEBUG - Iter 89800: T=1.44, Fitness_actual=124.9, Mejor=137.3
2025-10-23 08:17:12,223 - DEBUG - Iter 89900: T=1.43, Fitness_actual=118.8, Mejor=137.3
2025-10-23 08:17:28,023 - INFO -   Iter 90000 | Tiempo:  160.7min (67.0%) | T =     1.43 | Fitness =    120.6 | Mejor =    137.3 | Aceptación =  88.9%
2025-10-23 08:17:28,023 - INFO - Progreso iter 90000: T=1.43, Fitness=120.6, Mejor=137.3, Tasa_acept=88.9%
2025-10-23 08:17:28,025 - DEBUG - Iter 90000: T=1.43, Fitness_actual=120.6, Mejor=137.3
2025-10-23 08:17:43,853 - DEBUG - Iter 90100: T=1.42, Fitness_actual=123.4, Mejor=137.3
2025-10-23 08:17:59,697 - DEBUG - Iter 90200: T=1.42, Fitness_actual=114.0, Mejor=137.3
2025-10-23 08:18:07,661 - WARNING - ⚠️  DEGRADACIÓN DETECTADA en iter 90250:
2025-10-23 08:18:07,661 - WARNING -    Mejor fitness: 137.3
2025-10-23 08:18:07,662 - WARNING -    Fitness promedio reciente: 116.4
2025-10-23 08:18:07,662 - WARNING -    Degradación: 20.9
2025-10-23 08:18:07,662 - WARNING -    🔄 RESTAURANDO mejor solución...
2025-10-23 08:18:15,622 - DEBUG - Iter 90300: T=1.42, Fitness_actual=131.1, Mejor=137.3
2025-10-23 08:18:31,572 - DEBUG - Iter 90400: T=1.41, Fitness_actual=127.1, Mejor=137.3
2025-10-23 08:18:47,500 - INFO -   Iter 90500 | Tiempo:  162.0min (67.5%) | T =     1.41 | Fitness =    115.3 | Mejor =    137.3 | Aceptación =  88.9%
2025-10-23 08:18:47,500 - INFO - Progreso iter 90500: T=1.41, Fitness=115.3, Mejor=137.3, Tasa_acept=88.9%
2025-10-23 08:18:47,503 - DEBUG - Iter 90500: T=1.41, Fitness_actual=115.3, Mejor=137.3
2025-10-23 08:18:55,484 - WARNING - ⚠️  DEGRADACIÓN DETECTADA en iter 90550:
2025-10-23 08:18:55,484 - WARNING -    Mejor fitness: 137.3
2025-10-23 08:18:55,485 - WARNING -    Fitness promedio reciente: 113.0
2025-10-23 08:18:55,485 - WARNING -    Degradación: 24.3
2025-10-23 08:18:55,485 - WARNING -    🔄 RESTAURANDO mejor solución...
2025-10-23 08:18:55,650 - INFO - 🌟 MEJORA #339 en iter 90551: Fitness=137.3 (+0.0), Puntos=15767
2025-10-23 08:19:03,463 - DEBUG - Iter 90600: T=1.40, Fitness_actual=133.4, Mejor=137.3
2025-10-23 08:19:19,328 - DEBUG - Iter 90700: T=1.40, Fitness_actual=126.5, Mejor=137.3
2025-10-23 08:19:35,251 - DEBUG - Iter 90800: T=1.39, Fitness_actual=126.0, Mejor=137.3
2025-10-23 08:19:51,113 - DEBUG - Iter 90900: T=1.39, Fitness_actual=126.9, Mejor=137.3
2025-10-23 08:20:07,039 - INFO -   Iter 91000 | Tiempo:  163.3min (68.1%) | T =     1.38 | Fitness =    122.7 | Mejor =    137.3 | Aceptación =  88.8%
2025-10-23 08:20:07,039 - INFO - Progreso iter 91000: T=1.38, Fitness=122.7, Mejor=137.3, Tasa_acept=88.8%
2025-10-23 08:20:07,042 - DEBUG - Iter 91000: T=1.38, Fitness_actual=122.7, Mejor=137.3
2025-10-23 08:20:23,060 - DEBUG - Iter 91100: T=1.38, Fitness_actual=116.4, Mejor=137.3
2025-10-23 08:20:39,064 - DEBUG - Iter 91200: T=1.38, Fitness_actual=121.1, Mejor=137.3
2025-10-23 08:20:55,018 - DEBUG - Iter 91300: T=1.37, Fitness_actual=122.3, Mejor=137.3
2025-10-23 08:21:11,054 - DEBUG - Iter 91400: T=1.37, Fitness_actual=119.3, Mejor=137.3
2025-10-23 08:21:19,033 - WARNING - ⚠️  DEGRADACIÓN DETECTADA en iter 91450:
2025-10-23 08:21:19,034 - WARNING -    Mejor fitness: 137.3
2025-10-23 08:21:19,034 - WARNING -    Fitness promedio reciente: 115.0
2025-10-23 08:21:19,035 - WARNING -    Degradación: 22.3
2025-10-23 08:21:19,035 - WARNING -    🔄 RESTAURANDO mejor solución...
2025-10-23 08:21:27,056 - INFO -   Iter 91500 | Tiempo:  164.7min (68.6%) | T =     1.36 | Fitness =    133.4 | Mejor =    137.3 | Aceptación =  88.7%
2025-10-23 08:21:27,056 - INFO - Progreso iter 91500: T=1.36, Fitness=133.4, Mejor=137.3, Tasa_acept=88.7%
2025-10-23 08:21:27,061 - DEBUG - Iter 91500: T=1.36, Fitness_actual=133.4, Mejor=137.3
2025-10-23 08:21:43,090 - DEBUG - Iter 91600: T=1.36, Fitness_actual=130.0, Mejor=137.3
2025-10-23 08:21:59,095 - DEBUG - Iter 91700: T=1.36, Fitness_actual=119.6, Mejor=137.3
2025-10-23 08:22:15,249 - DEBUG - Iter 91800: T=1.35, Fitness_actual=114.8, Mejor=137.3
2025-10-23 08:22:23,289 - WARNING - ⚠️  DEGRADACIÓN DETECTADA en iter 91850:
2025-10-23 08:22:23,289 - WARNING -    Mejor fitness: 137.3
2025-10-23 08:22:23,290 - WARNING -    Fitness promedio reciente: 113.8
2025-10-23 08:22:23,290 - WARNING -    Degradación: 23.5
2025-10-23 08:22:23,290 - WARNING -    🔄 RESTAURANDO mejor solución...
2025-10-23 08:22:23,452 - INFO - 🌟 MEJORA #340 en iter 91851: Fitness=137.3 (+0.0), Puntos=15767
2025-10-23 08:22:23,452 - INFO -   ✨ Mejora #340 en iteración 91852: Fitness = 137.3 | Puntos = 15767 | T = 1.35
2025-10-23 08:22:31,329 - DEBUG - Iter 91900: T=1.35, Fitness_actual=131.1, Mejor=137.3
2025-10-23 08:22:47,351 - INFO -   Iter 92000 | Tiempo:  166.0min (69.2%) | T =     1.34 | Fitness =    134.0 | Mejor =    137.3 | Aceptación =  88.7%
2025-10-23 08:22:47,351 - INFO - Progreso iter 92000: T=1.34, Fitness=134.0, Mejor=137.3, Tasa_acept=88.7%
2025-10-23 08:22:47,353 - DEBUG - Iter 92000: T=1.34, Fitness_actual=134.0, Mejor=137.3
2025-10-23 08:23:03,435 - DEBUG - Iter 92100: T=1.34, Fitness_actual=129.3, Mejor=137.3
2025-10-23 08:23:19,550 - DEBUG - Iter 92200: T=1.33, Fitness_actual=127.9, Mejor=137.3
2025-10-23 08:23:35,659 - DEBUG - Iter 92300: T=1.33, Fitness_actual=123.0, Mejor=137.3
2025-10-23 08:23:51,720 - DEBUG - Iter 92400: T=1.33, Fitness_actual=123.6, Mejor=137.3
2025-10-23 08:24:07,874 - INFO -   Iter 92500 | Tiempo:  167.4min (69.7%) | T =     1.32 | Fitness =    127.1 | Mejor =    137.3 | Aceptación =  88.6%
2025-10-23 08:24:07,874 - INFO - Progreso iter 92500: T=1.32, Fitness=127.1, Mejor=137.3, Tasa_acept=88.6%
2025-10-23 08:24:07,877 - DEBUG - Iter 92500: T=1.32, Fitness_actual=127.1, Mejor=137.3
2025-10-23 08:24:24,030 - DEBUG - Iter 92600: T=1.32, Fitness_actual=121.3, Mejor=137.3
2025-10-23 08:24:40,183 - DEBUG - Iter 92700: T=1.31, Fitness_actual=123.7, Mejor=137.3
2025-10-23 08:24:46,292 - INFO - --- Cambiando a Fase: Final (Refinamiento) (Progreso: 70.0%) ---
2025-10-23 08:24:56,257 - DEBUG - Iter 92800: T=1.31, Fitness_actual=125.2, Mejor=137.3
2025-10-23 08:25:12,372 - DEBUG - Iter 92900: T=1.31, Fitness_actual=123.4, Mejor=137.3
2025-10-23 08:25:28,512 - INFO -   Iter 93000 | Tiempo:  168.7min (70.3%) | T =     1.30 | Fitness =    120.8 | Mejor =    137.3 | Aceptación =  88.6%
2025-10-23 08:25:28,512 - INFO - Progreso iter 93000: T=1.30, Fitness=120.8, Mejor=137.3, Tasa_acept=88.6%
2025-10-23 08:25:28,513 - DEBUG - Iter 93000: T=1.30, Fitness_actual=120.8, Mejor=137.3
2025-10-23 08:25:44,717 - DEBUG - Iter 93100: T=1.30, Fitness_actual=120.0, Mejor=137.3
2025-10-23 08:26:00,958 - DEBUG - Iter 93200: T=1.29, Fitness_actual=120.5, Mejor=137.3
2025-10-23 08:26:17,299 - DEBUG - Iter 93300: T=1.29, Fitness_actual=118.2, Mejor=137.3
2025-10-23 08:26:33,476 - DEBUG - Iter 93400: T=1.29, Fitness_actual=122.4, Mejor=137.3
2025-10-23 08:26:49,705 - INFO -   Iter 93500 | Tiempo:  170.1min (70.9%) | T =     1.28 | Fitness =    115.8 | Mejor =    137.3 | Aceptación =  88.6%
2025-10-23 08:26:49,705 - INFO - Progreso iter 93500: T=1.28, Fitness=115.8, Mejor=137.3, Tasa_acept=88.6%
2025-10-23 08:26:49,706 - WARNING - ⚠️  DEGRADACIÓN DETECTADA en iter 93500:
2025-10-23 08:26:49,706 - WARNING -    Mejor fitness: 137.3
2025-10-23 08:26:49,707 - WARNING -    Fitness promedio reciente: 116.9
2025-10-23 08:26:49,707 - WARNING -    Degradación: 20.4
2025-10-23 08:26:49,707 - WARNING -    🔄 RESTAURANDO mejor solución...
2025-10-23 08:26:49,709 - DEBUG - Iter 93500: T=1.28, Fitness_actual=137.3, Mejor=137.3
2025-10-23 08:26:49,709 - INFO - 🌟 MEJORA #341 en iter 93500: Fitness=137.3 (+0.0), Puntos=15767
2025-10-23 08:26:50,036 - INFO - 🌟 MEJORA #342 en iter 93502: Fitness=137.3 (+0.0), Puntos=15767
2025-10-23 08:26:50,198 - INFO - 🌟 MEJORA #343 en iter 93503: Fitness=137.3 (+0.0), Puntos=15771
2025-10-23 08:26:50,359 - INFO - 🌟 MEJORA #344 en iter 93504: Fitness=137.3 (+0.0), Puntos=15771
2025-10-23 08:27:06,027 - DEBUG - Iter 93600: T=1.28, Fitness_actual=133.1, Mejor=137.3
2025-10-23 08:27:22,317 - DEBUG - Iter 93700: T=1.27, Fitness_actual=128.0, Mejor=137.3
2025-10-23 08:27:38,613 - DEBUG - Iter 93800: T=1.27, Fitness_actual=127.2, Mejor=137.3
2025-10-23 08:27:54,960 - DEBUG - Iter 93900: T=1.27, Fitness_actual=127.6, Mejor=137.3
2025-10-23 08:28:11,305 - INFO -   Iter 94000 | Tiempo:  171.4min (71.4%) | T =     1.26 | Fitness =    125.9 | Mejor =    137.3 | Aceptación =  88.6%
2025-10-23 08:28:11,305 - INFO - Progreso iter 94000: T=1.26, Fitness=125.9, Mejor=137.3, Tasa_acept=88.6%
2025-10-23 08:28:11,308 - DEBUG - Iter 94000: T=1.26, Fitness_actual=125.9, Mejor=137.3
2025-10-23 08:28:27,731 - DEBUG - Iter 94100: T=1.26, Fitness_actual=123.9, Mejor=137.3
2025-10-23 08:28:44,114 - DEBUG - Iter 94200: T=1.25, Fitness_actual=127.0, Mejor=137.3
2025-10-23 08:29:00,476 - DEBUG - Iter 94300: T=1.25, Fitness_actual=127.5, Mejor=137.3
2025-10-23 08:29:16,870 - DEBUG - Iter 94400: T=1.25, Fitness_actual=127.1, Mejor=137.3
2025-10-23 08:29:33,247 - INFO -   Iter 94500 | Tiempo:  172.8min (72.0%) | T =     1.24 | Fitness =    123.7 | Mejor =    137.3 | Aceptación =  88.6%
2025-10-23 08:29:33,248 - INFO - Progreso iter 94500: T=1.24, Fitness=123.7, Mejor=137.3, Tasa_acept=88.6%
2025-10-23 08:29:33,249 - DEBUG - Iter 94500: T=1.24, Fitness_actual=123.7, Mejor=137.3
2025-10-23 08:29:49,623 - DEBUG - Iter 94600: T=1.24, Fitness_actual=121.2, Mejor=137.3
2025-10-23 08:30:06,034 - DEBUG - Iter 94700: T=1.23, Fitness_actual=117.6, Mejor=137.3
2025-10-23 08:30:14,279 - WARNING - ⚠️  DEGRADACIÓN DETECTADA en iter 94750:
2025-10-23 08:30:14,279 - WARNING -    Mejor fitness: 137.3
2025-10-23 08:30:14,280 - WARNING -    Fitness promedio reciente: 117.2
2025-10-23 08:30:14,280 - WARNING -    Degradación: 20.1
2025-10-23 08:30:14,280 - WARNING -    🔄 RESTAURANDO mejor solución...
2025-10-23 08:30:14,282 - INFO - 🌟 MEJORA #345 en iter 94750: Fitness=137.3 (+0.0), Puntos=15771
2025-10-23 08:30:14,282 - INFO -   ✨ Mejora #345 en iteración 94751: Fitness = 137.3 | Puntos = 15771 | T = 1.23
2025-10-23 08:30:22,479 - DEBUG - Iter 94800: T=1.23, Fitness_actual=136.3, Mejor=137.3
2025-10-23 08:30:27,712 - INFO - 🌟 MEJORA #346 en iter 94832: Fitness=137.6 (+0.3), Puntos=15798
2025-10-23 08:30:38,883 - DEBUG - Iter 94900: T=1.23, Fitness_actual=135.3, Mejor=137.6
2025-10-23 08:30:55,303 - INFO -   Iter 95000 | Tiempo:  174.2min (72.6%) | T =     1.22 | Fitness =    135.1 | Mejor =    137.6 | Aceptación =  88.6%
2025-10-23 08:30:55,303 - INFO - Progreso iter 95000: T=1.22, Fitness=135.1, Mejor=137.6, Tasa_acept=88.6%
2025-10-23 08:30:55,309 - DEBUG - Iter 95000: T=1.22, Fitness_actual=135.1, Mejor=137.6
2025-10-23 08:31:11,806 - DEBUG - Iter 95100: T=1.22, Fitness_actual=129.8, Mejor=137.6
2025-10-23 08:31:28,319 - DEBUG - Iter 95200: T=1.21, Fitness_actual=126.5, Mejor=137.6
2025-10-23 08:31:44,816 - DEBUG - Iter 95300: T=1.21, Fitness_actual=125.9, Mejor=137.6
2025-10-23 08:32:01,364 - DEBUG - Iter 95400: T=1.21, Fitness_actual=127.5, Mejor=137.6
2025-10-23 08:32:18,028 - INFO -   Iter 95500 | Tiempo:  175.5min (73.1%) | T =     1.20 | Fitness =    125.5 | Mejor =    137.6 | Aceptación =  88.6%
2025-10-23 08:32:18,028 - INFO - Progreso iter 95500: T=1.20, Fitness=125.5, Mejor=137.6, Tasa_acept=88.6%
2025-10-23 08:32:18,031 - DEBUG - Iter 95500: T=1.20, Fitness_actual=125.5, Mejor=137.6
2025-10-23 08:32:34,565 - DEBUG - Iter 95600: T=1.20, Fitness_actual=126.0, Mejor=137.6
2025-10-23 08:32:51,175 - DEBUG - Iter 95700: T=1.20, Fitness_actual=124.0, Mejor=137.6
2025-10-23 08:33:07,810 - DEBUG - Iter 95800: T=1.19, Fitness_actual=123.4, Mejor=137.6
2025-10-23 08:33:24,457 - DEBUG - Iter 95900: T=1.19, Fitness_actual=124.6, Mejor=137.6
2025-10-23 08:33:41,126 - INFO -   Iter 96000 | Tiempo:  176.9min (73.7%) | T =     1.18 | Fitness =    121.7 | Mejor =    137.6 | Aceptación =  88.6%
2025-10-23 08:33:41,126 - INFO - Progreso iter 96000: T=1.18, Fitness=121.7, Mejor=137.6, Tasa_acept=88.6%
2025-10-23 08:33:41,129 - DEBUG - Iter 96000: T=1.18, Fitness_actual=121.7, Mejor=137.6
2025-10-23 08:33:57,803 - DEBUG - Iter 96100: T=1.18, Fitness_actual=119.7, Mejor=137.6
2025-10-23 08:34:14,504 - DEBUG - Iter 96200: T=1.18, Fitness_actual=121.1, Mejor=137.6
2025-10-23 08:34:31,175 - DEBUG - Iter 96300: T=1.17, Fitness_actual=122.0, Mejor=137.6
2025-10-23 08:34:47,788 - DEBUG - Iter 96400: T=1.17, Fitness_actual=122.4, Mejor=137.6
2025-10-23 08:35:04,479 - INFO -   Iter 96500 | Tiempo:  178.3min (74.3%) | T =     1.17 | Fitness =    123.7 | Mejor =    137.6 | Aceptación =  88.7%
2025-10-23 08:35:04,479 - INFO - Progreso iter 96500: T=1.17, Fitness=123.7, Mejor=137.6, Tasa_acept=88.7%
2025-10-23 08:35:04,482 - DEBUG - Iter 96500: T=1.17, Fitness_actual=123.7, Mejor=137.6
2025-10-23 08:35:21,217 - DEBUG - Iter 96600: T=1.16, Fitness_actual=123.7, Mejor=137.6
2025-10-23 08:35:37,993 - DEBUG - Iter 96700: T=1.16, Fitness_actual=120.0, Mejor=137.6
2025-10-23 08:35:54,663 - DEBUG - Iter 96800: T=1.15, Fitness_actual=121.9, Mejor=137.6
2025-10-23 08:36:11,507 - DEBUG - Iter 96900: T=1.15, Fitness_actual=120.6, Mejor=137.6
2025-10-23 08:36:28,212 - INFO -   Iter 97000 | Tiempo:  179.7min (74.9%) | T =     1.15 | Fitness =    119.1 | Mejor =    137.6 | Aceptación =  88.7%
2025-10-23 08:36:28,212 - INFO - Progreso iter 97000: T=1.15, Fitness=119.1, Mejor=137.6, Tasa_acept=88.7%
2025-10-23 08:36:28,213 - DEBUG - Iter 97000: T=1.15, Fitness_actual=119.1, Mejor=137.6
2025-10-23 08:36:44,965 - DEBUG - Iter 97100: T=1.14, Fitness_actual=119.6, Mejor=137.6
2025-10-23 08:37:01,703 - DEBUG - Iter 97200: T=1.14, Fitness_actual=123.5, Mejor=137.6
2025-10-23 08:37:18,489 - DEBUG - Iter 97300: T=1.14, Fitness_actual=124.6, Mejor=137.6
2025-10-23 08:37:35,260 - DEBUG - Iter 97400: T=1.13, Fitness_actual=124.5, Mejor=137.6
2025-10-23 08:37:52,062 - INFO -   Iter 97500 | Tiempo:  181.1min (75.5%) | T =     1.13 | Fitness =    121.2 | Mejor =    137.6 | Aceptación =  88.7%
2025-10-23 08:37:52,062 - INFO - Progreso iter 97500: T=1.13, Fitness=121.2, Mejor=137.6, Tasa_acept=88.7%
2025-10-23 08:37:52,064 - DEBUG - Iter 97500: T=1.13, Fitness_actual=121.2, Mejor=137.6
2025-10-23 08:38:08,819 - DEBUG - Iter 97600: T=1.13, Fitness_actual=123.3, Mejor=137.6
2025-10-23 08:38:25,657 - DEBUG - Iter 97700: T=1.12, Fitness_actual=119.0, Mejor=137.6
2025-10-23 08:38:42,388 - DEBUG - Iter 97800: T=1.12, Fitness_actual=119.0, Mejor=137.6
2025-10-23 08:38:59,155 - DEBUG - Iter 97900: T=1.11, Fitness_actual=117.5, Mejor=137.6
2025-10-23 08:39:15,962 - INFO -   Iter 98000 | Tiempo:  182.5min (76.0%) | T =     1.11 | Fitness =    117.6 | Mejor =    137.6 | Aceptación =  88.7%
2025-10-23 08:39:15,962 - INFO - Progreso iter 98000: T=1.11, Fitness=117.6, Mejor=137.6, Tasa_acept=88.7%
2025-10-23 08:39:15,964 - DEBUG - Iter 98000: T=1.11, Fitness_actual=117.6, Mejor=137.6
2025-10-23 08:39:32,778 - DEBUG - Iter 98100: T=1.11, Fitness_actual=117.8, Mejor=137.6
2025-10-23 08:39:49,601 - DEBUG - Iter 98200: T=1.10, Fitness_actual=119.1, Mejor=137.6
2025-10-23 08:40:06,416 - DEBUG - Iter 98300: T=1.10, Fitness_actual=119.2, Mejor=137.6
2025-10-23 08:40:23,300 - WARNING - ⚠️  DEGRADACIÓN DETECTADA en iter 98400:
2025-10-23 08:40:23,300 - WARNING -    Mejor fitness: 137.6
2025-10-23 08:40:23,301 - WARNING -    Fitness promedio reciente: 116.8
2025-10-23 08:40:23,301 - WARNING -    Degradación: 20.8
2025-10-23 08:40:23,301 - WARNING -    🔄 RESTAURANDO mejor solución...
2025-10-23 08:40:23,306 - DEBUG - Iter 98400: T=1.10, Fitness_actual=137.6, Mejor=137.6
2025-10-23 08:40:29,231 - INFO - 🌟 MEJORA #347 en iter 98435: Fitness=137.6 (+0.0), Puntos=15799
2025-10-23 08:40:29,399 - INFO - 🌟 MEJORA #348 en iter 98436: Fitness=137.6 (+0.0), Puntos=15799
2025-10-23 08:40:31,589 - INFO - 🌟 MEJORA #349 en iter 98449: Fitness=137.6 (+0.0), Puntos=15802
2025-10-23 08:40:31,757 - INFO - 🌟 MEJORA #350 en iter 98450: Fitness=137.6 (+0.0), Puntos=15802
2025-10-23 08:40:31,758 - INFO -   ✨ Mejora #350 en iteración 98451: Fitness = 137.6 | Puntos = 15802 | T = 1.10
2025-10-23 08:40:32,606 - INFO - 🌟 MEJORA #351 en iter 98455: Fitness=137.6 (+0.0), Puntos=15802
2025-10-23 08:40:32,774 - INFO - 🌟 MEJORA #352 en iter 98456: Fitness=137.6 (+0.0), Puntos=15802
2025-10-23 08:40:33,459 - INFO - 🌟 MEJORA #353 en iter 98460: Fitness=137.6 (+0.0), Puntos=15802
2025-10-23 08:40:35,319 - INFO - 🌟 MEJORA #354 en iter 98471: Fitness=137.7 (+0.0), Puntos=15802
2025-10-23 08:40:35,488 - INFO - 🌟 MEJORA #355 en iter 98472: Fitness=137.7 (+0.0), Puntos=15802
2025-10-23 08:40:35,488 - INFO -   ✨ Mejora #355 en iteración 98473: Fitness = 137.7 | Puntos = 15802 | T = 1.09
2025-10-23 08:40:35,656 - INFO - 🌟 MEJORA #356 en iter 98473: Fitness=137.7 (+0.0), Puntos=15802
2025-10-23 08:40:40,220 - INFO -   Iter 98500 | Tiempo:  183.9min (76.6%) | T =     1.09 | Fitness =    134.6 | Mejor =    137.7 | Aceptación =  88.7%
2025-10-23 08:40:40,221 - INFO - Progreso iter 98500: T=1.09, Fitness=134.6, Mejor=137.7, Tasa_acept=88.7%
2025-10-23 08:40:40,222 - DEBUG - Iter 98500: T=1.09, Fitness_actual=134.6, Mejor=137.7
2025-10-23 08:40:57,124 - DEBUG - Iter 98600: T=1.09, Fitness_actual=136.4, Mejor=137.7
2025-10-23 08:41:14,129 - DEBUG - Iter 98700: T=1.09, Fitness_actual=135.3, Mejor=137.7
2025-10-23 08:41:31,074 - DEBUG - Iter 98800: T=1.08, Fitness_actual=131.9, Mejor=137.7
2025-10-23 08:41:48,081 - DEBUG - Iter 98900: T=1.08, Fitness_actual=131.4, Mejor=137.7
2025-10-23 08:42:05,116 - INFO -   Iter 99000 | Tiempo:  185.3min (77.2%) | T =     1.08 | Fitness =    130.8 | Mejor =    137.7 | Aceptación =  88.7%
2025-10-23 08:42:05,116 - INFO - Progreso iter 99000: T=1.08, Fitness=130.8, Mejor=137.7, Tasa_acept=88.7%
2025-10-23 08:42:05,118 - DEBUG - Iter 99000: T=1.08, Fitness_actual=130.8, Mejor=137.7
2025-10-23 08:42:22,135 - DEBUG - Iter 99100: T=1.07, Fitness_actual=126.9, Mejor=137.7
2025-10-23 08:42:39,053 - DEBUG - Iter 99200: T=1.07, Fitness_actual=128.6, Mejor=137.7
2025-10-23 08:42:56,051 - DEBUG - Iter 99300: T=1.07, Fitness_actual=125.6, Mejor=137.7
2025-10-23 08:43:13,225 - DEBUG - Iter 99400: T=1.06, Fitness_actual=124.4, Mejor=137.7
2025-10-23 08:43:30,208 - INFO -   Iter 99500 | Tiempo:  186.7min (77.8%) | T =     1.06 | Fitness =    126.8 | Mejor =    137.7 | Aceptación =  88.7%
2025-10-23 08:43:30,208 - INFO - Progreso iter 99500: T=1.06, Fitness=126.8, Mejor=137.7, Tasa_acept=88.7%
2025-10-23 08:43:30,209 - DEBUG - Iter 99500: T=1.06, Fitness_actual=126.8, Mejor=137.7
2025-10-23 08:43:47,195 - DEBUG - Iter 99600: T=1.06, Fitness_actual=126.6, Mejor=137.7
2025-10-23 08:44:04,227 - DEBUG - Iter 99700: T=1.05, Fitness_actual=124.6, Mejor=137.7
2025-10-23 08:44:21,405 - DEBUG - Iter 99800: T=1.05, Fitness_actual=125.2, Mejor=137.7
2025-10-23 08:44:38,471 - DEBUG - Iter 99900: T=1.05, Fitness_actual=122.9, Mejor=137.7
2025-10-23 08:44:55,590 - INFO -   Iter 100000 | Tiempo:  188.2min (78.4%) | T =     1.04 | Fitness =    121.8 | Mejor =    137.7 | Aceptación =  88.7%
2025-10-23 08:44:55,590 - INFO - Progreso iter 100000: T=1.04, Fitness=121.8, Mejor=137.7, Tasa_acept=88.7%
2025-10-23 08:44:55,593 - DEBUG - Iter 100000: T=1.04, Fitness_actual=121.8, Mejor=137.7
2025-10-23 08:45:12,719 - DEBUG - Iter 100100: T=1.04, Fitness_actual=119.9, Mejor=137.7
2025-10-23 08:45:29,873 - DEBUG - Iter 100200: T=1.04, Fitness_actual=121.3, Mejor=137.7
2025-10-23 08:45:47,013 - DEBUG - Iter 100300: T=1.03, Fitness_actual=122.5, Mejor=137.7
2025-10-23 08:46:04,118 - DEBUG - Iter 100400: T=1.03, Fitness_actual=123.4, Mejor=137.7
2025-10-23 08:46:21,286 - INFO -   Iter 100500 | Tiempo:  189.6min (79.0%) | T =     1.03 | Fitness =    120.4 | Mejor =    137.7 | Aceptación =  88.7%
2025-10-23 08:46:21,286 - INFO - Progreso iter 100500: T=1.03, Fitness=120.4, Mejor=137.7, Tasa_acept=88.7%
2025-10-23 08:46:21,289 - DEBUG - Iter 100500: T=1.03, Fitness_actual=120.4, Mejor=137.7
2025-10-23 08:46:38,343 - DEBUG - Iter 100600: T=1.02, Fitness_actual=123.3, Mejor=137.7
2025-10-23 08:46:55,398 - DEBUG - Iter 100700: T=1.02, Fitness_actual=119.0, Mejor=137.7
2025-10-23 08:47:12,515 - WARNING - ⚠️  DEGRADACIÓN DETECTADA en iter 100800:
2025-10-23 08:47:12,516 - WARNING -    Mejor fitness: 137.7
2025-10-23 08:47:12,516 - WARNING -    Fitness promedio reciente: 117.1
2025-10-23 08:47:12,516 - WARNING -    Degradación: 20.6
2025-10-23 08:47:12,517 - WARNING -    🔄 RESTAURANDO mejor solución...
2025-10-23 08:47:12,518 - DEBUG - Iter 100800: T=1.02, Fitness_actual=137.7, Mejor=137.7
2025-10-23 08:47:29,667 - DEBUG - Iter 100900: T=1.01, Fitness_actual=132.7, Mejor=137.7
2025-10-23 08:47:46,822 - INFO -   Iter 101000 | Tiempo:  191.0min (79.6%) | T =     1.01 | Fitness =    135.8 | Mejor =    137.7 | Aceptación =  88.7%
2025-10-23 08:47:46,823 - INFO - Progreso iter 101000: T=1.01, Fitness=135.8, Mejor=137.7, Tasa_acept=88.7%
2025-10-23 08:47:46,826 - DEBUG - Iter 101000: T=1.01, Fitness_actual=135.8, Mejor=137.7
2025-10-23 08:48:04,010 - DEBUG - Iter 101100: T=1.01, Fitness_actual=132.1, Mejor=137.7
2025-10-23 08:48:21,162 - DEBUG - Iter 101200: T=1.00, Fitness_actual=126.2, Mejor=137.7
2025-10-23 08:48:38,457 - DEBUG - Iter 101300: T=1.00, Fitness_actual=123.8, Mejor=137.7
2025-10-23 08:48:55,763 - DEBUG - Iter 101400: T=1.00, Fitness_actual=129.5, Mejor=137.7
2025-10-23 08:49:13,141 - INFO -   Iter 101500 | Tiempo:  192.4min (80.2%) | T =     0.99 | Fitness =    125.7 | Mejor =    137.7 | Aceptación =  88.7%
2025-10-23 08:49:13,142 - INFO - Progreso iter 101500: T=0.99, Fitness=125.7, Mejor=137.7, Tasa_acept=88.7%
2025-10-23 08:49:13,146 - DEBUG - Iter 101500: T=0.99, Fitness_actual=125.7, Mejor=137.7
2025-10-23 08:49:30,484 - DEBUG - Iter 101600: T=0.99, Fitness_actual=122.6, Mejor=137.7
2025-10-23 08:49:47,828 - DEBUG - Iter 101700: T=0.99, Fitness_actual=122.6, Mejor=137.7
2025-10-23 08:50:05,186 - DEBUG - Iter 101800: T=0.98, Fitness_actual=128.2, Mejor=137.7
2025-10-23 08:50:22,540 - DEBUG - Iter 101900: T=0.98, Fitness_actual=125.6, Mejor=137.7
2025-10-23 08:50:39,899 - INFO -   Iter 102000 | Tiempo:  193.9min (80.8%) | T =     0.98 | Fitness =    125.5 | Mejor =    137.7 | Aceptación =  88.7%
2025-10-23 08:50:39,899 - INFO - Progreso iter 102000: T=0.98, Fitness=125.5, Mejor=137.7, Tasa_acept=88.7%
2025-10-23 08:50:39,903 - DEBUG - Iter 102000: T=0.98, Fitness_actual=125.5, Mejor=137.7
2025-10-23 08:50:57,283 - DEBUG - Iter 102100: T=0.97, Fitness_actual=123.4, Mejor=137.7
2025-10-23 08:51:14,833 - DEBUG - Iter 102200: T=0.97, Fitness_actual=125.3, Mejor=137.7
2025-10-23 08:51:32,290 - DEBUG - Iter 102300: T=0.97, Fitness_actual=125.8, Mejor=137.7
2025-10-23 08:51:49,642 - DEBUG - Iter 102400: T=0.96, Fitness_actual=124.4, Mejor=137.7
2025-10-23 08:52:07,113 - INFO -   Iter 102500 | Tiempo:  195.3min (81.4%) | T =     0.96 | Fitness =    126.1 | Mejor =    137.7 | Aceptación =  88.7%
2025-10-23 08:52:07,113 - INFO - Progreso iter 102500: T=0.96, Fitness=126.1, Mejor=137.7, Tasa_acept=88.7%
2025-10-23 08:52:07,116 - DEBUG - Iter 102500: T=0.96, Fitness_actual=126.1, Mejor=137.7
2025-10-23 08:52:24,504 - DEBUG - Iter 102600: T=0.96, Fitness_actual=123.8, Mejor=137.7
2025-10-23 08:52:41,912 - DEBUG - Iter 102700: T=0.96, Fitness_actual=122.5, Mejor=137.7
2025-10-23 08:52:59,205 - DEBUG - Iter 102800: T=0.95, Fitness_actual=124.5, Mejor=137.7
2025-10-23 08:53:16,585 - DEBUG - Iter 102900: T=0.95, Fitness_actual=121.5, Mejor=137.7
2025-10-23 08:53:33,971 - INFO -   Iter 103000 | Tiempo:  196.8min (82.0%) | T =     0.95 | Fitness =    120.5 | Mejor =    137.7 | Aceptación =  88.7%
2025-10-23 08:53:33,972 - INFO - Progreso iter 103000: T=0.95, Fitness=120.5, Mejor=137.7, Tasa_acept=88.7%
2025-10-23 08:53:33,973 - DEBUG - Iter 103000: T=0.95, Fitness_actual=120.5, Mejor=137.7
2025-10-23 08:53:51,316 - DEBUG - Iter 103100: T=0.94, Fitness_actual=117.2, Mejor=137.7
2025-10-23 08:53:59,988 - WARNING - ⚠️  DEGRADACIÓN DETECTADA en iter 103150:
2025-10-23 08:53:59,988 - WARNING -    Mejor fitness: 137.7
2025-10-23 08:53:59,989 - WARNING -    Fitness promedio reciente: 117.6
2025-10-23 08:53:59,989 - WARNING -    Degradación: 20.1
2025-10-23 08:53:59,990 - WARNING -    🔄 RESTAURANDO mejor solución...
2025-10-23 08:53:59,991 - INFO - 🌟 MEJORA #357 en iter 103150: Fitness=137.7 (+0.0), Puntos=15802
2025-10-23 08:54:01,216 - INFO - 🌟 MEJORA #358 en iter 103157: Fitness=137.7 (+0.1), Puntos=15808
2025-10-23 08:54:01,390 - INFO - 🌟 MEJORA #359 en iter 103158: Fitness=137.7 (+0.0), Puntos=15808
2025-10-23 08:54:01,736 - INFO - 🌟 MEJORA #360 en iter 103160: Fitness=137.7 (+0.0), Puntos=15808
2025-10-23 08:54:01,736 - INFO -   ✨ Mejora #360 en iteración 103161: Fitness = 137.7 | Puntos = 15808 | T = 0.94
2025-10-23 08:54:02,256 - INFO - 🌟 MEJORA #361 en iter 103163: Fitness=137.7 (+0.0), Puntos=15808
2025-10-23 08:54:03,134 - INFO - 🌟 MEJORA #362 en iter 103168: Fitness=137.7 (+0.0), Puntos=15808
2025-10-23 08:54:03,650 - INFO - 🌟 MEJORA #363 en iter 103171: Fitness=137.7 (+0.0), Puntos=15808
2025-10-23 08:54:08,689 - DEBUG - Iter 103200: T=0.94, Fitness_actual=136.5, Mejor=137.7
2025-10-23 08:54:26,057 - DEBUG - Iter 103300: T=0.94, Fitness_actual=131.9, Mejor=137.7
2025-10-23 08:54:43,405 - DEBUG - Iter 103400: T=0.93, Fitness_actual=132.3, Mejor=137.7
2025-10-23 08:55:00,768 - INFO -   Iter 103500 | Tiempo:  198.2min (82.6%) | T =     0.93 | Fitness =    126.9 | Mejor =    137.7 | Aceptación =  88.7%
2025-10-23 08:55:00,768 - INFO - Progreso iter 103500: T=0.93, Fitness=126.9, Mejor=137.7, Tasa_acept=88.7%
2025-10-23 08:55:00,771 - DEBUG - Iter 103500: T=0.93, Fitness_actual=126.9, Mejor=137.7
2025-10-23 08:55:18,175 - DEBUG - Iter 103600: T=0.93, Fitness_actual=129.6, Mejor=137.7
2025-10-23 08:55:35,579 - DEBUG - Iter 103700: T=0.92, Fitness_actual=129.6, Mejor=137.7
2025-10-23 08:55:52,988 - DEBUG - Iter 103800: T=0.92, Fitness_actual=126.8, Mejor=137.7
2025-10-23 08:56:10,469 - DEBUG - Iter 103900: T=0.92, Fitness_actual=127.9, Mejor=137.7
2025-10-23 08:56:27,942 - INFO -   Iter 104000 | Tiempo:  199.7min (83.2%) | T =     0.92 | Fitness =    132.3 | Mejor =    137.7 | Aceptación =  88.7%
2025-10-23 08:56:27,943 - INFO - Progreso iter 104000: T=0.92, Fitness=132.3, Mejor=137.7, Tasa_acept=88.7%
2025-10-23 08:56:27,946 - DEBUG - Iter 104000: T=0.92, Fitness_actual=132.3, Mejor=137.7
2025-10-23 08:56:45,485 - DEBUG - Iter 104100: T=0.91, Fitness_actual=132.3, Mejor=137.7
2025-10-23 08:57:03,126 - DEBUG - Iter 104200: T=0.91, Fitness_actual=130.9, Mejor=137.7
2025-10-23 08:57:20,745 - DEBUG - Iter 104300: T=0.91, Fitness_actual=128.4, Mejor=137.7
2025-10-23 08:57:38,259 - DEBUG - Iter 104400: T=0.90, Fitness_actual=130.9, Mejor=137.7
2025-10-23 08:57:55,784 - INFO -   Iter 104500 | Tiempo:  201.2min (83.8%) | T =     0.90 | Fitness =    127.3 | Mejor =    137.7 | Aceptación =  88.7%
2025-10-23 08:57:55,785 - INFO - Progreso iter 104500: T=0.90, Fitness=127.3, Mejor=137.7, Tasa_acept=88.7%
2025-10-23 08:57:55,787 - DEBUG - Iter 104500: T=0.90, Fitness_actual=127.3, Mejor=137.7
2025-10-23 08:58:13,418 - DEBUG - Iter 104600: T=0.90, Fitness_actual=123.5, Mejor=137.7
2025-10-23 08:58:30,994 - DEBUG - Iter 104700: T=0.90, Fitness_actual=123.1, Mejor=137.7
2025-10-23 08:58:48,611 - DEBUG - Iter 104800: T=0.89, Fitness_actual=126.0, Mejor=137.7
2025-10-23 08:59:06,230 - DEBUG - Iter 104900: T=0.89, Fitness_actual=121.9, Mejor=137.7
2025-10-23 08:59:23,857 - INFO -   Iter 105000 | Tiempo:  202.6min (84.4%) | T =     0.89 | Fitness =    117.1 | Mejor =    137.7 | Aceptación =  88.7%
2025-10-23 08:59:23,858 - INFO - Progreso iter 105000: T=0.89, Fitness=117.1, Mejor=137.7, Tasa_acept=88.7%
2025-10-23 08:59:23,860 - DEBUG - Iter 105000: T=0.89, Fitness_actual=117.1, Mejor=137.7
2025-10-23 08:59:41,535 - DEBUG - Iter 105100: T=0.88, Fitness_actual=118.8, Mejor=137.7
2025-10-23 08:59:59,197 - DEBUG - Iter 105200: T=0.88, Fitness_actual=119.4, Mejor=137.7
2025-10-23 09:00:16,883 - DEBUG - Iter 105300: T=0.88, Fitness_actual=119.0, Mejor=137.7
2025-10-23 09:00:34,584 - DEBUG - Iter 105400: T=0.87, Fitness_actual=116.8, Mejor=137.7
2025-10-23 09:00:43,390 - WARNING - ⚠️  DEGRADACIÓN DETECTADA en iter 105450:
2025-10-23 09:00:43,390 - WARNING -    Mejor fitness: 137.7
2025-10-23 09:00:43,391 - WARNING -    Fitness promedio reciente: 116.9
2025-10-23 09:00:43,391 - WARNING -    Degradación: 20.9
2025-10-23 09:00:43,391 - WARNING -    🔄 RESTAURANDO mejor solución...
2025-10-23 09:00:52,263 - INFO -   Iter 105500 | Tiempo:  204.1min (85.0%) | T =     0.87 | Fitness =    135.2 | Mejor =    137.7 | Aceptación =  88.7%
2025-10-23 09:00:52,263 - INFO - Progreso iter 105500: T=0.87, Fitness=135.2, Mejor=137.7, Tasa_acept=88.7%
2025-10-23 09:00:52,266 - DEBUG - Iter 105500: T=0.87, Fitness_actual=135.2, Mejor=137.7
2025-10-23 09:01:10,170 - DEBUG - Iter 105600: T=0.87, Fitness_actual=135.2, Mejor=137.7
2025-10-23 09:01:27,917 - DEBUG - Iter 105700: T=0.87, Fitness_actual=132.3, Mejor=137.7
2025-10-23 09:01:45,546 - DEBUG - Iter 105800: T=0.86, Fitness_actual=129.3, Mejor=137.7
2025-10-23 09:02:03,287 - DEBUG - Iter 105900: T=0.86, Fitness_actual=127.7, Mejor=137.7
2025-10-23 09:02:20,957 - INFO -   Iter 106000 | Tiempo:  205.6min (85.7%) | T =     0.86 | Fitness =    127.9 | Mejor =    137.7 | Aceptación =  88.7%
2025-10-23 09:02:20,958 - INFO - Progreso iter 106000: T=0.86, Fitness=127.9, Mejor=137.7, Tasa_acept=88.7%
2025-10-23 09:02:20,959 - DEBUG - Iter 106000: T=0.86, Fitness_actual=127.9, Mejor=137.7
2025-10-23 09:02:38,632 - DEBUG - Iter 106100: T=0.86, Fitness_actual=126.0, Mejor=137.7
2025-10-23 09:02:56,315 - DEBUG - Iter 106200: T=0.85, Fitness_actual=123.1, Mejor=137.7
2025-10-23 09:03:14,108 - DEBUG - Iter 106300: T=0.85, Fitness_actual=124.9, Mejor=137.7
2025-10-23 09:03:31,892 - DEBUG - Iter 106400: T=0.85, Fitness_actual=124.8, Mejor=137.7
2025-10-23 09:03:49,690 - INFO -   Iter 106500 | Tiempo:  207.1min (86.3%) | T =     0.84 | Fitness =    125.1 | Mejor =    137.7 | Aceptación =  88.7%
2025-10-23 09:03:49,690 - INFO - Progreso iter 106500: T=0.84, Fitness=125.1, Mejor=137.7, Tasa_acept=88.7%
2025-10-23 09:03:49,693 - DEBUG - Iter 106500: T=0.84, Fitness_actual=125.1, Mejor=137.7
2025-10-23 09:04:07,515 - DEBUG - Iter 106600: T=0.84, Fitness_actual=122.1, Mejor=137.7
2025-10-23 09:04:25,313 - DEBUG - Iter 106700: T=0.84, Fitness_actual=120.4, Mejor=137.7
2025-10-23 09:04:43,170 - DEBUG - Iter 106800: T=0.84, Fitness_actual=120.5, Mejor=137.7
2025-10-23 09:05:00,957 - DEBUG - Iter 106900: T=0.83, Fitness_actual=123.5, Mejor=137.7
2025-10-23 09:05:18,711 - INFO -   Iter 107000 | Tiempo:  208.5min (86.9%) | T =     0.83 | Fitness =    123.0 | Mejor =    137.7 | Aceptación =  88.7%
2025-10-23 09:05:18,711 - INFO - Progreso iter 107000: T=0.83, Fitness=123.0, Mejor=137.7, Tasa_acept=88.7%
2025-10-23 09:05:18,714 - DEBUG - Iter 107000: T=0.83, Fitness_actual=123.0, Mejor=137.7
2025-10-23 09:05:36,600 - DEBUG - Iter 107100: T=0.83, Fitness_actual=121.9, Mejor=137.7
2025-10-23 09:05:54,455 - DEBUG - Iter 107200: T=0.82, Fitness_actual=121.9, Mejor=137.7
2025-10-23 09:06:12,424 - DEBUG - Iter 107300: T=0.82, Fitness_actual=120.4, Mejor=137.7
2025-10-23 09:06:30,346 - DEBUG - Iter 107400: T=0.82, Fitness_actual=120.9, Mejor=137.7
2025-10-23 09:06:48,237 - INFO -   Iter 107500 | Tiempo:  210.0min (87.5%) | T =     0.82 | Fitness =    122.4 | Mejor =    137.7 | Aceptación =  88.7%
2025-10-23 09:06:48,237 - INFO - Progreso iter 107500: T=0.82, Fitness=122.4, Mejor=137.7, Tasa_acept=88.7%
2025-10-23 09:06:48,240 - DEBUG - Iter 107500: T=0.82, Fitness_actual=122.4, Mejor=137.7
2025-10-23 09:07:06,227 - DEBUG - Iter 107600: T=0.81, Fitness_actual=122.9, Mejor=137.7
2025-10-23 09:07:24,151 - DEBUG - Iter 107700: T=0.81, Fitness_actual=120.2, Mejor=137.7
2025-10-23 09:07:41,952 - DEBUG - Iter 107800: T=0.81, Fitness_actual=122.0, Mejor=137.7
2025-10-23 09:07:59,773 - DEBUG - Iter 107900: T=0.81, Fitness_actual=122.5, Mejor=137.7
2025-10-23 09:08:17,689 - INFO -   Iter 108000 | Tiempo:  211.5min (88.1%) | T =     0.80 | Fitness =    121.4 | Mejor =    137.7 | Aceptación =  88.7%
2025-10-23 09:08:17,689 - INFO - Progreso iter 108000: T=0.80, Fitness=121.4, Mejor=137.7, Tasa_acept=88.7%
2025-10-23 09:08:17,693 - DEBUG - Iter 108000: T=0.80, Fitness_actual=121.4, Mejor=137.7
2025-10-23 09:08:35,636 - DEBUG - Iter 108100: T=0.80, Fitness_actual=120.2, Mejor=137.7
2025-10-23 09:08:53,608 - DEBUG - Iter 108200: T=0.80, Fitness_actual=120.1, Mejor=137.7
2025-10-23 09:09:02,599 - WARNING - ⚠️  DEGRADACIÓN DETECTADA en iter 108250:
2025-10-23 09:09:02,599 - WARNING -    Mejor fitness: 137.7
2025-10-23 09:09:02,599 - WARNING -    Fitness promedio reciente: 117.6
2025-10-23 09:09:02,600 - WARNING -    Degradación: 20.1
2025-10-23 09:09:02,600 - WARNING -    🔄 RESTAURANDO mejor solución...
2025-10-23 09:09:04,412 - INFO - 🌟 MEJORA #364 en iter 108260: Fitness=137.7 (+0.0), Puntos=15808
2025-10-23 09:09:11,594 - DEBUG - Iter 108300: T=0.80, Fitness_actual=136.3, Mejor=137.7
2025-10-23 09:09:29,509 - DEBUG - Iter 108400: T=0.79, Fitness_actual=134.4, Mejor=137.7
2025-10-23 09:09:47,482 - INFO -   Iter 108500 | Tiempo:  213.0min (88.8%) | T =     0.79 | Fitness =    131.1 | Mejor =    137.7 | Aceptación =  88.7%
2025-10-23 09:09:47,482 - INFO - Progreso iter 108500: T=0.79, Fitness=131.1, Mejor=137.7, Tasa_acept=88.7%
2025-10-23 09:09:47,485 - DEBUG - Iter 108500: T=0.79, Fitness_actual=131.1, Mejor=137.7
2025-10-23 09:10:05,522 - DEBUG - Iter 108600: T=0.79, Fitness_actual=129.1, Mejor=137.7
2025-10-23 09:10:23,527 - DEBUG - Iter 108700: T=0.79, Fitness_actual=129.5, Mejor=137.7
2025-10-23 09:10:41,552 - DEBUG - Iter 108800: T=0.78, Fitness_actual=128.8, Mejor=137.7
2025-10-23 09:10:59,592 - DEBUG - Iter 108900: T=0.78, Fitness_actual=129.4, Mejor=137.7
2025-10-23 09:11:17,773 - INFO -   Iter 109000 | Tiempo:  214.5min (89.4%) | T =     0.78 | Fitness =    127.1 | Mejor =    137.7 | Aceptación =  88.7%
2025-10-23 09:11:17,774 - INFO - Progreso iter 109000: T=0.78, Fitness=127.1, Mejor=137.7, Tasa_acept=88.7%
2025-10-23 09:11:17,776 - DEBUG - Iter 109000: T=0.78, Fitness_actual=127.1, Mejor=137.7
2025-10-23 09:11:35,824 - DEBUG - Iter 109100: T=0.78, Fitness_actual=129.3, Mejor=137.7
2025-10-23 09:11:53,827 - DEBUG - Iter 109200: T=0.77, Fitness_actual=127.3, Mejor=137.7
2025-10-23 09:12:12,007 - DEBUG - Iter 109300: T=0.77, Fitness_actual=128.4, Mejor=137.7
2025-10-23 09:12:30,202 - DEBUG - Iter 109400: T=0.77, Fitness_actual=130.0, Mejor=137.7
2025-10-23 09:12:48,335 - INFO -   Iter 109500 | Tiempo:  216.0min (90.0%) | T =     0.77 | Fitness =    130.7 | Mejor =    137.7 | Aceptación =  88.7%
2025-10-23 09:12:48,335 - INFO - Progreso iter 109500: T=0.77, Fitness=130.7, Mejor=137.7, Tasa_acept=88.7%
2025-10-23 09:12:48,338 - DEBUG - Iter 109500: T=0.77, Fitness_actual=130.7, Mejor=137.7
2025-10-23 09:13:06,523 - DEBUG - Iter 109600: T=0.76, Fitness_actual=130.2, Mejor=137.7
2025-10-23 09:13:24,671 - DEBUG - Iter 109700: T=0.76, Fitness_actual=129.1, Mejor=137.7
2025-10-23 09:13:42,734 - DEBUG - Iter 109800: T=0.76, Fitness_actual=124.7, Mejor=137.7
2025-10-23 09:14:00,889 - DEBUG - Iter 109900: T=0.76, Fitness_actual=124.3, Mejor=137.7
2025-10-23 09:14:19,046 - INFO -   Iter 110000 | Tiempo:  217.5min (90.6%) | T =     0.75 | Fitness =    127.0 | Mejor =    137.7 | Aceptación =  88.7%
2025-10-23 09:14:19,047 - INFO - Progreso iter 110000: T=0.75, Fitness=127.0, Mejor=137.7, Tasa_acept=88.7%
2025-10-23 09:14:19,049 - DEBUG - Iter 110000: T=0.75, Fitness_actual=127.0, Mejor=137.7
2025-10-23 09:14:37,217 - DEBUG - Iter 110100: T=0.75, Fitness_actual=123.8, Mejor=137.7
2025-10-23 09:14:55,358 - DEBUG - Iter 110200: T=0.75, Fitness_actual=130.4, Mejor=137.7
2025-10-23 09:15:13,546 - DEBUG - Iter 110300: T=0.75, Fitness_actual=130.1, Mejor=137.7
2025-10-23 09:15:31,649 - DEBUG - Iter 110400: T=0.74, Fitness_actual=128.6, Mejor=137.7
2025-10-23 09:15:49,821 - INFO -   Iter 110500 | Tiempo:  219.1min (91.3%) | T =     0.74 | Fitness =    124.9 | Mejor =    137.7 | Aceptación =  88.7%
2025-10-23 09:15:49,821 - INFO - Progreso iter 110500: T=0.74, Fitness=124.9, Mejor=137.7, Tasa_acept=88.7%
2025-10-23 09:15:49,824 - DEBUG - Iter 110500: T=0.74, Fitness_actual=124.9, Mejor=137.7
2025-10-23 09:16:08,122 - DEBUG - Iter 110600: T=0.74, Fitness_actual=124.2, Mejor=137.7
2025-10-23 09:16:26,350 - DEBUG - Iter 110700: T=0.74, Fitness_actual=130.5, Mejor=137.7
2025-10-23 09:16:44,529 - DEBUG - Iter 110800: T=0.73, Fitness_actual=128.2, Mejor=137.7
2025-10-23 09:17:02,824 - DEBUG - Iter 110900: T=0.73, Fitness_actual=126.1, Mejor=137.7
2025-10-23 09:17:21,136 - INFO -   Iter 111000 | Tiempo:  220.6min (91.9%) | T =     0.73 | Fitness =    126.7 | Mejor =    137.7 | Aceptación =  88.7%
2025-10-23 09:17:21,136 - INFO - Progreso iter 111000: T=0.73, Fitness=126.7, Mejor=137.7, Tasa_acept=88.7%
2025-10-23 09:17:21,139 - DEBUG - Iter 111000: T=0.73, Fitness_actual=126.7, Mejor=137.7
2025-10-23 09:17:39,441 - DEBUG - Iter 111100: T=0.73, Fitness_actual=122.1, Mejor=137.7
2025-10-23 09:17:57,764 - DEBUG - Iter 111200: T=0.72, Fitness_actual=125.1, Mejor=137.7
2025-10-23 09:18:16,082 - DEBUG - Iter 111300: T=0.72, Fitness_actual=124.8, Mejor=137.7
2025-10-23 09:18:34,375 - DEBUG - Iter 111400: T=0.72, Fitness_actual=129.2, Mejor=137.7
2025-10-23 09:18:52,620 - INFO -   Iter 111500 | Tiempo:  222.1min (92.5%) | T =     0.72 | Fitness =    128.3 | Mejor =    137.7 | Aceptación =  88.7%
2025-10-23 09:18:52,620 - INFO - Progreso iter 111500: T=0.72, Fitness=128.3, Mejor=137.7, Tasa_acept=88.7%
2025-10-23 09:18:52,622 - DEBUG - Iter 111500: T=0.72, Fitness_actual=128.3, Mejor=137.7
2025-10-23 09:19:10,914 - DEBUG - Iter 111600: T=0.71, Fitness_actual=127.9, Mejor=137.7
2025-10-23 09:19:29,280 - DEBUG - Iter 111700: T=0.71, Fitness_actual=123.8, Mejor=137.7
2025-10-23 09:19:47,642 - DEBUG - Iter 111800: T=0.71, Fitness_actual=122.4, Mejor=137.7
2025-10-23 09:20:06,030 - DEBUG - Iter 111900: T=0.71, Fitness_actual=119.8, Mejor=137.7
2025-10-23 09:20:24,386 - INFO -   Iter 112000 | Tiempo:  223.6min (93.2%) | T =     0.70 | Fitness =    123.3 | Mejor =    137.7 | Aceptación =  88.7%
2025-10-23 09:20:24,386 - INFO - Progreso iter 112000: T=0.70, Fitness=123.3, Mejor=137.7, Tasa_acept=88.7%
2025-10-23 09:20:24,389 - DEBUG - Iter 112000: T=0.70, Fitness_actual=123.3, Mejor=137.7
2025-10-23 09:20:42,764 - DEBUG - Iter 112100: T=0.70, Fitness_actual=122.7, Mejor=137.7
2025-10-23 09:21:01,152 - DEBUG - Iter 112200: T=0.70, Fitness_actual=122.2, Mejor=137.7
2025-10-23 09:21:19,689 - DEBUG - Iter 112300: T=0.70, Fitness_actual=125.6, Mejor=137.7
2025-10-23 09:21:38,093 - DEBUG - Iter 112400: T=0.70, Fitness_actual=123.3, Mejor=137.7
2025-10-23 09:21:56,569 - INFO -   Iter 112500 | Tiempo:  225.2min (93.8%) | T =     0.69 | Fitness =    121.8 | Mejor =    137.7 | Aceptación =  88.7%
2025-10-23 09:21:56,569 - INFO - Progreso iter 112500: T=0.69, Fitness=121.8, Mejor=137.7, Tasa_acept=88.7%
2025-10-23 09:21:56,572 - DEBUG - Iter 112500: T=0.69, Fitness_actual=121.8, Mejor=137.7
2025-10-23 09:22:15,117 - DEBUG - Iter 112600: T=0.69, Fitness_actual=123.9, Mejor=137.7
2025-10-23 09:22:33,619 - DEBUG - Iter 112700: T=0.69, Fitness_actual=122.3, Mejor=137.7
2025-10-23 09:22:52,069 - DEBUG - Iter 112800: T=0.69, Fitness_actual=119.2, Mejor=137.7
2025-10-23 09:23:10,619 - DEBUG - Iter 112900: T=0.68, Fitness_actual=120.1, Mejor=137.7
2025-10-23 09:23:29,117 - INFO -   Iter 113000 | Tiempo:  226.7min (94.5%) | T =     0.68 | Fitness =    121.1 | Mejor =    137.7 | Aceptación =  88.7%
2025-10-23 09:23:29,117 - INFO - Progreso iter 113000: T=0.68, Fitness=121.1, Mejor=137.7, Tasa_acept=88.7%
2025-10-23 09:23:29,120 - DEBUG - Iter 113000: T=0.68, Fitness_actual=121.1, Mejor=137.7
2025-10-23 09:23:47,602 - DEBUG - Iter 113100: T=0.68, Fitness_actual=121.2, Mejor=137.7
2025-10-23 09:24:06,101 - DEBUG - Iter 113200: T=0.68, Fitness_actual=124.4, Mejor=137.7
2025-10-23 09:24:24,533 - DEBUG - Iter 113300: T=0.68, Fitness_actual=123.0, Mejor=137.7
2025-10-23 09:24:42,950 - DEBUG - Iter 113400: T=0.67, Fitness_actual=125.5, Mejor=137.7
2025-10-23 09:25:01,389 - INFO -   Iter 113500 | Tiempo:  228.3min (95.1%) | T =     0.67 | Fitness =    125.7 | Mejor =    137.7 | Aceptación =  88.6%
2025-10-23 09:25:01,390 - INFO - Progreso iter 113500: T=0.67, Fitness=125.7, Mejor=137.7, Tasa_acept=88.6%
2025-10-23 09:25:01,391 - DEBUG - Iter 113500: T=0.67, Fitness_actual=125.7, Mejor=137.7
2025-10-23 09:25:19,848 - DEBUG - Iter 113600: T=0.67, Fitness_actual=124.5, Mejor=137.7
2025-10-23 09:25:38,327 - DEBUG - Iter 113700: T=0.67, Fitness_actual=122.6, Mejor=137.7
2025-10-23 09:25:56,827 - DEBUG - Iter 113800: T=0.66, Fitness_actual=120.1, Mejor=137.7
2025-10-23 09:26:15,427 - DEBUG - Iter 113900: T=0.66, Fitness_actual=123.2, Mejor=137.7
2025-10-23 09:26:33,934 - INFO -   Iter 114000 | Tiempo:  229.8min (95.7%) | T =     0.66 | Fitness =    124.2 | Mejor =    137.7 | Aceptación =  88.6%
2025-10-23 09:26:33,935 - INFO - Progreso iter 114000: T=0.66, Fitness=124.2, Mejor=137.7, Tasa_acept=88.6%
2025-10-23 09:26:33,936 - DEBUG - Iter 114000: T=0.66, Fitness_actual=124.2, Mejor=137.7
2025-10-23 09:26:52,438 - DEBUG - Iter 114100: T=0.66, Fitness_actual=121.1, Mejor=137.7
2025-10-23 09:27:11,041 - DEBUG - Iter 114200: T=0.66, Fitness_actual=123.0, Mejor=137.7
2025-10-23 09:27:29,605 - DEBUG - Iter 114300: T=0.65, Fitness_actual=121.9, Mejor=137.7
2025-10-23 09:27:48,257 - DEBUG - Iter 114400: T=0.65, Fitness_actual=123.3, Mejor=137.7
2025-10-23 09:28:06,902 - INFO -   Iter 114500 | Tiempo:  231.3min (96.4%) | T =     0.65 | Fitness =    121.5 | Mejor =    137.7 | Aceptación =  88.6%
2025-10-23 09:28:06,902 - INFO - Progreso iter 114500: T=0.65, Fitness=121.5, Mejor=137.7, Tasa_acept=88.6%
2025-10-23 09:28:06,904 - DEBUG - Iter 114500: T=0.65, Fitness_actual=121.5, Mejor=137.7
2025-10-23 09:28:25,583 - DEBUG - Iter 114600: T=0.65, Fitness_actual=119.3, Mejor=137.7
2025-10-23 09:28:44,247 - DEBUG - Iter 114700: T=0.64, Fitness_actual=121.7, Mejor=137.7
2025-10-23 09:29:02,974 - DEBUG - Iter 114800: T=0.64, Fitness_actual=120.6, Mejor=137.7
2025-10-23 09:29:21,795 - DEBUG - Iter 114900: T=0.64, Fitness_actual=121.4, Mejor=137.7
2025-10-23 09:29:40,595 - INFO -   Iter 115000 | Tiempo:  232.9min (97.0%) | T =     0.64 | Fitness =    122.8 | Mejor =    137.7 | Aceptación =  88.6%
2025-10-23 09:29:40,595 - INFO - Progreso iter 115000: T=0.64, Fitness=122.8, Mejor=137.7, Tasa_acept=88.6%
2025-10-23 09:29:40,598 - DEBUG - Iter 115000: T=0.64, Fitness_actual=122.8, Mejor=137.7
2025-10-23 09:29:59,375 - DEBUG - Iter 115100: T=0.64, Fitness_actual=122.6, Mejor=137.7
2025-10-23 09:30:18,172 - DEBUG - Iter 115200: T=0.63, Fitness_actual=121.6, Mejor=137.7
2025-10-23 09:30:36,951 - DEBUG - Iter 115300: T=0.63, Fitness_actual=122.2, Mejor=137.7
2025-10-23 09:30:55,815 - DEBUG - Iter 115400: T=0.63, Fitness_actual=123.5, Mejor=137.7
2025-10-23 09:31:14,728 - INFO -   Iter 115500 | Tiempo:  234.5min (97.7%) | T =     0.63 | Fitness =    123.7 | Mejor =    137.7 | Aceptación =  88.6%
2025-10-23 09:31:14,729 - INFO - Progreso iter 115500: T=0.63, Fitness=123.7, Mejor=137.7, Tasa_acept=88.6%
2025-10-23 09:31:14,730 - DEBUG - Iter 115500: T=0.63, Fitness_actual=123.7, Mejor=137.7
2025-10-23 09:31:33,630 - DEBUG - Iter 115600: T=0.63, Fitness_actual=122.5, Mejor=137.7
2025-10-23 09:31:52,480 - DEBUG - Iter 115700: T=0.62, Fitness_actual=123.7, Mejor=137.7
2025-10-23 09:32:11,451 - DEBUG - Iter 115800: T=0.62, Fitness_actual=122.1, Mejor=137.7
2025-10-23 09:32:30,425 - DEBUG - Iter 115900: T=0.62, Fitness_actual=122.3, Mejor=137.7
2025-10-23 09:32:49,304 - INFO -   Iter 116000 | Tiempo:  236.1min (98.4%) | T =     0.62 | Fitness =    121.4 | Mejor =    137.7 | Aceptación =  88.6%
2025-10-23 09:32:49,304 - INFO - Progreso iter 116000: T=0.62, Fitness=121.4, Mejor=137.7, Tasa_acept=88.6%
2025-10-23 09:32:49,306 - DEBUG - Iter 116000: T=0.62, Fitness_actual=121.4, Mejor=137.7
2025-10-23 09:33:08,175 - DEBUG - Iter 116100: T=0.62, Fitness_actual=122.9, Mejor=137.7
2025-10-23 09:33:27,093 - DEBUG - Iter 116200: T=0.61, Fitness_actual=122.5, Mejor=137.7
2025-10-23 09:33:46,084 - DEBUG - Iter 116300: T=0.61, Fitness_actual=121.1, Mejor=137.7
2025-10-23 09:34:05,038 - DEBUG - Iter 116400: T=0.61, Fitness_actual=121.2, Mejor=137.7
2025-10-23 09:34:24,007 - INFO -   Iter 116500 | Tiempo:  237.6min (99.0%) | T =     0.61 | Fitness =    123.2 | Mejor =    137.7 | Aceptación =  88.5%
2025-10-23 09:34:24,007 - INFO - Progreso iter 116500: T=0.61, Fitness=123.2, Mejor=137.7, Tasa_acept=88.5%
2025-10-23 09:34:24,010 - DEBUG - Iter 116500: T=0.61, Fitness_actual=123.2, Mejor=137.7
2025-10-23 09:34:42,983 - DEBUG - Iter 116600: T=0.61, Fitness_actual=120.2, Mejor=137.7
2025-10-23 09:35:01,993 - DEBUG - Iter 116700: T=0.60, Fitness_actual=119.8, Mejor=137.7
2025-10-23 09:35:20,982 - DEBUG - Iter 116800: T=0.60, Fitness_actual=120.6, Mejor=137.7
2025-10-23 09:35:40,019 - DEBUG - Iter 116900: T=0.60, Fitness_actual=120.4, Mejor=137.7
2025-10-23 09:35:58,826 - INFO -   Iter 117000 | Tiempo:  239.2min (99.7%) | T =     0.60 | Fitness =    122.4 | Mejor =    137.7 | Aceptación =  88.5%
2025-10-23 09:35:58,826 - INFO - Progreso iter 117000: T=0.60, Fitness=122.4, Mejor=137.7, Tasa_acept=88.5%
2025-10-23 09:35:58,828 - DEBUG - Iter 117000: T=0.60, Fitness_actual=122.4, Mejor=137.7
2025-10-23 09:36:17,434 - DEBUG - Iter 117100: T=0.60, Fitness_actual=120.8, Mejor=137.7
2025-10-23 09:36:35,998 - DEBUG - Iter 117200: T=0.59, Fitness_actual=120.1, Mejor=137.7
2025-10-23 09:36:46,374 - INFO - ⏰ Tiempo máximo alcanzado: 240.0 minutos
2025-10-23 09:36:46,758 - INFO - 💾 Gráfica guardada: graficas\evolucion_fitness_sa_23_09_36.png
2025-10-23 09:36:46,758 - INFO - ================================================================================
2025-10-23 09:36:46,759 - INFO - ✅ ENFRIAMIENTO SIMULADO COMPLETADO
2025-10-23 09:36:46,759 - INFO - ================================================================================
2025-10-23 09:36:46,759 - INFO - Iteraciones: 117,257
2025-10-23 09:36:46,760 - INFO - Tiempo ejecución: 240.00 minutos
2025-10-23 09:36:46,760 - INFO - Fitness inicial: 99.8
2025-10-23 09:36:46,760 - INFO - Fitness final: 137.7
2025-10-23 09:36:46,760 - INFO - Mejora: +37.9 (+37.96%)
2025-10-23 09:36:46,760 - INFO - Mejoras encontradas: 364
2025-10-23 09:36:46,761 - INFO - Tasa aceptación: 88.49%
2025-10-23 09:36:46,761 - INFO - ================================================================================
2025-10-23 09:36:46,761 - INFO - ================================================================================
2025-10-23 09:36:46,761 - INFO - ✅ ENFRIAMIENTO SIMULADO COMPLETADO
2025-10-23 09:36:46,761 - INFO - ================================================================================
2025-10-23 09:36:46,762 - INFO - 
2025-10-23 09:36:46,762 - INFO - 📈 Estadísticas:
2025-10-23 09:36:46,762 - INFO -   • Iteraciones realizadas: 117,257
2025-10-23 09:36:46,762 - INFO -   • Tiempo de ejecución: 240.00 minutos (4.00 horas)
2025-10-23 09:36:46,762 - INFO -   • Temperatura final: 0.5929
2025-10-23 09:36:46,763 - INFO -   • Total aceptaciones: 103,758 (88.5%)
2025-10-23 09:36:46,763 - INFO -   • Total rechazos: 13,498
2025-10-23 09:36:46,763 - INFO -   • Mejoras encontradas: 364
2025-10-23 09:36:46,763 - INFO - 
2025-10-23 09:36:46,764 - INFO - 🏆 Resultados:
2025-10-23 09:36:46,764 - INFO -   • Fitness inicial: 99.8
2025-10-23 09:36:46,764 - INFO -   • Fitness final: 137.7
2025-10-23 09:36:46,764 - INFO -   • Mejora absoluta: +37.9
2025-10-23 09:36:46,764 - INFO -   • Mejora porcentual: +37.96%
2025-10-23 09:36:46,765 - INFO -   • Puntos totales: 15808
2025-10-23 09:36:46,765 - INFO -   • Tiempo total: 230.0h
2025-10-23 09:36:46,765 - INFO -   • Distancia total: 117.8km
2025-10-23 09:36:46,765 - INFO - ================================================================================
2025-10-23 09:36:46,765 - INFO - ================================================================================
2025-10-23 09:36:46,765 - INFO - 📋 ANÁLISIS DE LA SOLUCIÓN FINAL
2025-10-23 09:36:46,766 - INFO - ================================================================================
2025-10-23 09:36:47,231 - INFO - 💾 Resultados exportados a: resultados_sa_standalone_20251023_093646.json
2025-10-23 09:36:47,231 - INFO - 
2025-10-23 09:36:47,232 - INFO - ✅ Resultados guardados exitosamente:
2025-10-23 09:36:47,232 - INFO -    • JSON: resultados_sa_standalone_20251023_093646.json
2025-10-23 09:36:47,233 - INFO -    • Log: logs\23_05_36_sa.log
2025-10-23 09:36:47,233 - INFO -    • Gráfica: graficas/evolucion_fitness_sa_*.png
2025-10-23 09:36:47,234 - INFO - ✅ Ejecución completada exitosamente!
