wav,txt
fechas2/train/fechas2_000000.es.wav,por favor el siguiente jueves | next_day('thursday')
fechas2/train/fechas2_000001.es.wav,el viernes que viene | next_day('friday')
fechas2/train/fechas2_000002.es.wav,el viernes gracias | next_day('friday')
fechas2/train/fechas2_000003.es.wav,el martes por favor | next_day('tuesday')
fechas2/train/fechas2_000004.es.wav,mañana | relative_day(+1)
fechas2/train/fechas2_000005.es.wav,este viernes que viene gracias | next_day('friday')
fechas2/train/fechas2_000006.es.wav,pasado mañana | relative_day(+2)
fechas2/train/fechas2_000007.es.wav,por favor este martes que viene | next_day('tuesday')
fechas2/train/fechas2_000008.es.wav,mañana | relative_day(+1)
fechas2/train/fechas2_000009.es.wav,el siguiente lunes | next_day('monday')
fechas2/train/fechas2_000010.es.wav,el próximo jueves | next_day('thursday')
fechas2/train/fechas2_000011.es.wav,este viernes que viene gracias | next_day('friday')
fechas2/train/fechas2_000012.es.wav,el viernes siguiente por favor | next_day('friday')
fechas2/train/fechas2_000013.es.wav,este martes | next_day('tuesday')
fechas2/train/fechas2_000014.es.wav,por favor mañana | relative_day(+1)
fechas2/train/fechas2_000015.es.wav,en tres días | relative_day(+3)
fechas2/train/fechas2_000016.es.wav,por favor el próximo martes | next_day('tuesday')
fechas2/train/fechas2_000017.es.wav,el próximo lunes | next_day('monday')
fechas2/train/fechas2_000018.es.wav,por favor el siguiente viernes | next_day('friday')
fechas2/train/fechas2_000019.es.wav,en tres días | relative_day(+3)
fechas2/train/fechas2_000020.es.wav,el martes gracias | next_day('tuesday')
fechas2/train/fechas2_000021.es.wav,en un par de días | relative_day(+2)
fechas2/train/fechas2_000022.es.wav,este lunes | next_day('monday')
fechas2/train/fechas2_000023.es.wav,el viernes que viene | next_day('friday')
fechas2/train/fechas2_000024.es.wav,el próximo viernes | next_day('friday')
fechas2/train/fechas2_000025.es.wav,por favor en un par de días | relative_day(+2)
fechas2/train/fechas2_000026.es.wav,el martes | next_day('tuesday')
fechas2/train/fechas2_000027.es.wav,en tres días | relative_day(+3)
fechas2/train/fechas2_000028.es.wav,por favor mañana | relative_day(+1)
fechas2/train/fechas2_000029.es.wav,este miércoles que viene por favor | next_day('wednesday')
fechas2/train/fechas2_000030.es.wav,por favor en un par de días | relative_day(+2)
fechas2/train/fechas2_000031.es.wav,por favor el próximo martes | next_day('tuesday')
fechas2/train/fechas2_000032.es.wav,el siguiente viernes gracias | next_day('friday')
fechas2/train/fechas2_000033.es.wav,el martes siguiente | next_day('tuesday')
fechas2/train/fechas2_000034.es.wav,el martes | next_day('tuesday')
fechas2/train/fechas2_000035.es.wav,este lunes | next_day('monday')
fechas2/train/fechas2_000036.es.wav,este miércoles próximo | next_day('wednesday')
fechas2/train/fechas2_000037.es.wav,pasado mañana | relative_day(+2)
fechas2/train/fechas2_000038.es.wav,este martes siguiente | next_day('tuesday')
fechas2/train/fechas2_000039.es.wav,el jueves por favor | next_day('thursday')
fechas2/train/fechas2_000040.es.wav,el miércoles | next_day('wednesday')
fechas2/train/fechas2_000041.es.wav,este lunes que viene por favor | next_day('monday')
fechas2/train/fechas2_000042.es.wav,en tres días gracias | relative_day(+3)
fechas2/train/fechas2_000043.es.wav,el miércoles | next_day('wednesday')
fechas2/train/fechas2_000044.es.wav,el miércoles | next_day('wednesday')
fechas2/train/fechas2_000045.es.wav,este viernes | next_day('friday')
fechas2/train/fechas2_000046.es.wav,el próximo viernes gracias | next_day('friday')
fechas2/train/fechas2_000047.es.wav,en un par de días por favor | relative_day(+2)
fechas2/train/fechas2_000048.es.wav,este martes siguiente | next_day('tuesday')
fechas2/train/fechas2_000049.es.wav,en un par de días | relative_day(+2)
fechas2/train/fechas2_000050.es.wav,el viernes próximo | next_day('friday')
fechas2/train/fechas2_000051.es.wav,en tres días gracias | relative_day(+3)
fechas2/train/fechas2_000052.es.wav,por favor este martes siguiente | next_day('tuesday')
fechas2/train/fechas2_000053.es.wav,el miércoles por favor | next_day('wednesday')
fechas2/train/fechas2_000054.es.wav,el próximo viernes | next_day('friday')
fechas2/train/fechas2_000055.es.wav,por favor este lunes siguiente | next_day('monday')
fechas2/train/fechas2_000056.es.wav,el martes gracias | next_day('tuesday')
fechas2/train/fechas2_000057.es.wav,el siguiente jueves | next_day('thursday')
fechas2/train/fechas2_000058.es.wav,mañana gracias | relative_day(+1)
fechas2/train/fechas2_000059.es.wav,el martes | next_day('tuesday')
fechas2/train/fechas2_000060.es.wav,este viernes gracias | next_day('friday')
fechas2/train/fechas2_000061.es.wav,el lunes gracias | next_day('monday')
fechas2/train/fechas2_000062.es.wav,pasado mañana | relative_day(+2)
fechas2/train/fechas2_000063.es.wav,por favor el siguiente miércoles | next_day('wednesday')
fechas2/train/fechas2_000064.es.wav,el siguiente martes | next_day('tuesday')
fechas2/train/fechas2_000065.es.wav,el jueves que viene | next_day('thursday')
fechas2/train/fechas2_000066.es.wav,este lunes gracias | next_day('monday')
fechas2/train/fechas2_000067.es.wav,este martes siguiente | next_day('tuesday')
fechas2/train/fechas2_000068.es.wav,el próximo viernes | next_day('friday')
fechas2/train/fechas2_000069.es.wav,el próximo martes gracias | next_day('tuesday')
fechas2/train/fechas2_000070.es.wav,el próximo miércoles | next_day('wednesday')
fechas2/train/fechas2_000071.es.wav,el próximo viernes por favor | next_day('friday')
fechas2/train/fechas2_000072.es.wav,por favor este miércoles | next_day('wednesday')
fechas2/train/fechas2_000073.es.wav,el siguiente miércoles gracias | next_day('wednesday')
fechas2/train/fechas2_000074.es.wav,el miércoles | next_day('wednesday')
fechas2/train/fechas2_000075.es.wav,este martes siguiente | next_day('tuesday')
fechas2/train/fechas2_000076.es.wav,por favor en tres días | relative_day(+3)
fechas2/train/fechas2_000077.es.wav,el viernes que viene | next_day('friday')
fechas2/train/fechas2_000078.es.wav,el miércoles gracias | next_day('wednesday')
fechas2/train/fechas2_000079.es.wav,el viernes | next_day('friday')
fechas2/train/fechas2_000080.es.wav,el martes | next_day('tuesday')
fechas2/train/fechas2_000081.es.wav,este viernes que viene por favor | next_day('friday')
fechas2/train/fechas2_000082.es.wav,el próximo viernes | next_day('friday')
fechas2/train/fechas2_000083.es.wav,pasado mañana por favor | relative_day(+2)
fechas2/train/fechas2_000084.es.wav,este martes siguiente gracias | next_day('tuesday')
fechas2/train/fechas2_000085.es.wav,este lunes siguiente | next_day('monday')
fechas2/train/fechas2_000086.es.wav,el martes gracias | next_day('tuesday')
fechas2/train/fechas2_000087.es.wav,en un par de días gracias | relative_day(+2)
fechas2/train/fechas2_000088.es.wav,este martes | next_day('tuesday')
fechas2/train/fechas2_000089.es.wav,por favor en un par de días | relative_day(+2)
fechas2/train/fechas2_000090.es.wav,el jueves siguiente | next_day('thursday')
fechas2/train/fechas2_000091.es.wav,el lunes siguiente por favor | next_day('monday')
fechas2/train/fechas2_000092.es.wav,por favor este viernes | next_day('friday')
fechas2/train/fechas2_000093.es.wav,por favor el próximo martes | next_day('tuesday')
fechas2/train/fechas2_000094.es.wav,por favor pasado mañana | relative_day(+2)
fechas2/train/fechas2_000095.es.wav,este lunes | next_day('monday')
fechas2/train/fechas2_000096.es.wav,este lunes | next_day('monday')
fechas2/train/fechas2_000097.es.wav,el siguiente martes gracias | next_day('tuesday')
fechas2/train/fechas2_000098.es.wav,este martes que viene | next_day('tuesday')
fechas2/train/fechas2_000099.es.wav,el martes que viene | next_day('tuesday')
fechas2/train/fechas2_000100.es.wav,este viernes | next_day('friday')
fechas2/train/fechas2_000101.es.wav,el viernes que viene | next_day('friday')
fechas2/train/fechas2_000102.es.wav,el viernes | next_day('friday')
fechas2/train/fechas2_000103.es.wav,en un par de días por favor | relative_day(+2)
fechas2/train/fechas2_000104.es.wav,este viernes que viene | next_day('friday')
fechas2/train/fechas2_000105.es.wav,el miércoles siguiente por favor | next_day('wednesday')
fechas2/train/fechas2_000106.es.wav,por favor pasado mañana | relative_day(+2)
fechas2/train/fechas2_000107.es.wav,mañana | relative_day(+1)
fechas2/train/fechas2_000108.es.wav,el jueves gracias | next_day('thursday')
fechas2/train/fechas2_000109.es.wav,este lunes gracias | next_day('monday')
fechas2/train/fechas2_000110.es.wav,el próximo viernes gracias | next_day('friday')
fechas2/train/fechas2_000111.es.wav,el miércoles | next_day('wednesday')
fechas2/train/fechas2_000112.es.wav,pasado mañana | relative_day(+2)
fechas2/train/fechas2_000113.es.wav,el viernes por favor | next_day('friday')
fechas2/train/fechas2_000114.es.wav,el lunes próximo | next_day('monday')
fechas2/train/fechas2_000115.es.wav,por favor este viernes | next_day('friday')
fechas2/train/fechas2_000116.es.wav,este martes | next_day('tuesday')
fechas2/train/fechas2_000117.es.wav,en un par de días | relative_day(+2)
fechas2/train/fechas2_000118.es.wav,el martes por favor | next_day('tuesday')
fechas2/train/fechas2_000119.es.wav,el siguiente miércoles | next_day('wednesday')
fechas2/train/fechas2_000120.es.wav,el jueves que viene | next_day('thursday')
fechas2/train/fechas2_000121.es.wav,el próximo miércoles | next_day('wednesday')
fechas2/train/fechas2_000122.es.wav,el miércoles gracias | next_day('wednesday')
fechas2/train/fechas2_000123.es.wav,en un par de días | relative_day(+2)
fechas2/train/fechas2_000124.es.wav,este viernes siguiente gracias | next_day('friday')
fechas2/train/fechas2_000125.es.wav,por favor este miércoles | next_day('wednesday')
fechas2/train/fechas2_000126.es.wav,por favor el próximo miércoles | next_day('wednesday')
fechas2/train/fechas2_000127.es.wav,en tres días por favor | relative_day(+3)
fechas2/train/fechas2_000128.es.wav,el miércoles | next_day('wednesday')
fechas2/train/fechas2_000129.es.wav,el próximo miércoles | next_day('wednesday')
fechas2/train/fechas2_000130.es.wav,este viernes que viene | next_day('friday')
fechas2/train/fechas2_000131.es.wav,el siguiente jueves por favor | next_day('thursday')
fechas2/train/fechas2_000132.es.wav,el miércoles | next_day('wednesday')
fechas2/train/fechas2_000133.es.wav,el martes siguiente | next_day('tuesday')
fechas2/train/fechas2_000134.es.wav,el viernes gracias | next_day('friday')
fechas2/train/fechas2_000135.es.wav,este jueves | next_day('thursday')
fechas2/train/fechas2_000136.es.wav,el siguiente jueves | next_day('thursday')
fechas2/train/fechas2_000137.es.wav,el siguiente miércoles gracias | next_day('wednesday')
fechas2/train/fechas2_000138.es.wav,en tres días por favor | relative_day(+3)
fechas2/train/fechas2_000139.es.wav,este lunes | next_day('monday')
fechas2/train/fechas2_000140.es.wav,el próximo lunes por favor | next_day('monday')
fechas2/train/fechas2_000141.es.wav,en tres días por favor | relative_day(+3)
fechas2/train/fechas2_000142.es.wav,este lunes siguiente | next_day('monday')
fechas2/train/fechas2_000143.es.wav,por favor el miércoles | next_day('wednesday')
fechas2/train/fechas2_000144.es.wav,en un par de días por favor | relative_day(+2)
fechas2/train/fechas2_000145.es.wav,el viernes siguiente gracias | next_day('friday')
fechas2/train/fechas2_000146.es.wav,el jueves | next_day('thursday')
fechas2/train/fechas2_000147.es.wav,el viernes | next_day('friday')
fechas2/train/fechas2_000148.es.wav,este jueves | next_day('thursday')
fechas2/train/fechas2_000149.es.wav,este jueves que viene gracias | next_day('thursday')
fechas2/train/fechas2_000150.es.wav,este martes | next_day('tuesday')
fechas2/train/fechas2_000151.es.wav,este jueves | next_day('thursday')
fechas2/train/fechas2_000152.es.wav,en tres días | relative_day(+3)
fechas2/train/fechas2_000153.es.wav,este miércoles gracias | next_day('wednesday')
fechas2/train/fechas2_000154.es.wav,por favor en un par de días | relative_day(+2)
fechas2/train/fechas2_000155.es.wav,el siguiente miércoles | next_day('wednesday')
fechas2/train/fechas2_000156.es.wav,este miércoles gracias | next_day('wednesday')
fechas2/train/fechas2_000157.es.wav,el lunes | next_day('monday')
fechas2/train/fechas2_000158.es.wav,en un par de días | relative_day(+2)
fechas2/train/fechas2_000159.es.wav,el siguiente martes | next_day('tuesday')
fechas2/train/fechas2_000160.es.wav,este lunes por favor | next_day('monday')
fechas2/train/fechas2_000161.es.wav,en tres días | relative_day(+3)
fechas2/train/fechas2_000162.es.wav,el próximo lunes | next_day('monday')
fechas2/train/fechas2_000163.es.wav,en tres días | relative_day(+3)
fechas2/train/fechas2_000164.es.wav,en tres días | relative_day(+3)
fechas2/train/fechas2_000165.es.wav,el lunes | next_day('monday')
fechas2/train/fechas2_000166.es.wav,este viernes | next_day('friday')
fechas2/train/fechas2_000167.es.wav,por favor este viernes próximo | next_day('friday')
fechas2/train/fechas2_000168.es.wav,por favor este martes próximo | next_day('tuesday')
fechas2/train/fechas2_000169.es.wav,en un par de días | relative_day(+2)
fechas2/train/fechas2_000170.es.wav,el miércoles | next_day('wednesday')
fechas2/train/fechas2_000171.es.wav,por favor mañana | relative_day(+1)
fechas2/train/fechas2_000172.es.wav,el jueves siguiente | next_day('thursday')
fechas2/train/fechas2_000173.es.wav,este martes | next_day('tuesday')
fechas2/train/fechas2_000174.es.wav,este martes siguiente por favor | next_day('tuesday')
fechas2/train/fechas2_000175.es.wav,este viernes gracias | next_day('friday')
fechas2/train/fechas2_000176.es.wav,el martes siguiente gracias | next_day('tuesday')
fechas2/train/fechas2_000177.es.wav,el miércoles | next_day('wednesday')
fechas2/train/fechas2_000178.es.wav,este martes que viene | next_day('tuesday')
fechas2/train/fechas2_000179.es.wav,por favor en un par de días | relative_day(+2)
fechas2/train/fechas2_000180.es.wav,el jueves próximo por favor | next_day('thursday')
fechas2/train/fechas2_000181.es.wav,el siguiente jueves por favor | next_day('thursday')
fechas2/train/fechas2_000182.es.wav,el lunes próximo | next_day('monday')
fechas2/train/fechas2_000183.es.wav,en un par de días | relative_day(+2)
fechas2/train/fechas2_000184.es.wav,pasado mañana | relative_day(+2)
fechas2/train/fechas2_000185.es.wav,pasado mañana | relative_day(+2)
fechas2/train/fechas2_000186.es.wav,el lunes | next_day('monday')
fechas2/train/fechas2_000187.es.wav,mañana | relative_day(+1)
fechas2/train/fechas2_000188.es.wav,el siguiente miércoles | next_day('wednesday')
fechas2/train/fechas2_000189.es.wav,por favor mañana | relative_day(+1)
fechas2/train/fechas2_000190.es.wav,el siguiente lunes | next_day('monday')
fechas2/train/fechas2_000191.es.wav,el próximo viernes | next_day('friday')
fechas2/train/fechas2_000192.es.wav,el viernes próximo | next_day('friday')
fechas2/train/fechas2_000193.es.wav,el viernes | next_day('friday')
fechas2/train/fechas2_000194.es.wav,el próximo miércoles gracias | next_day('wednesday')
fechas2/train/fechas2_000195.es.wav,este viernes | next_day('friday')
fechas2/train/fechas2_000196.es.wav,el viernes | next_day('friday')
fechas2/train/fechas2_000197.es.wav,el próximo miércoles | next_day('wednesday')
fechas2/train/fechas2_000198.es.wav,este jueves gracias | next_day('thursday')
fechas2/train/fechas2_000199.es.wav,en un par de días por favor | relative_day(+2)
fechas2/train/fechas2_000200.es.wav,en un par de días | relative_day(+2)
fechas2/train/fechas2_000201.es.wav,este miércoles por favor | next_day('wednesday')
fechas2/train/fechas2_000202.es.wav,por favor el miércoles | next_day('wednesday')
fechas2/train/fechas2_000203.es.wav,mañana | relative_day(+1)
fechas2/train/fechas2_000204.es.wav,el siguiente martes por favor | next_day('tuesday')
fechas2/train/fechas2_000205.es.wav,este lunes que viene | next_day('monday')
fechas2/train/fechas2_000206.es.wav,el siguiente martes | next_day('tuesday')
fechas2/train/fechas2_000207.es.wav,pasado mañana | relative_day(+2)
fechas2/train/fechas2_000208.es.wav,este martes | next_day('tuesday')
fechas2/train/fechas2_000209.es.wav,pasado mañana | relative_day(+2)
fechas2/train/fechas2_000210.es.wav,este jueves | next_day('thursday')
fechas2/train/fechas2_000211.es.wav,el jueves | next_day('thursday')
fechas2/train/fechas2_000212.es.wav,por favor el siguiente martes | next_day('tuesday')
fechas2/train/fechas2_000213.es.wav,el siguiente lunes | next_day('monday')
fechas2/train/fechas2_000214.es.wav,mañana por favor | relative_day(+1)
fechas2/train/fechas2_000215.es.wav,este lunes | next_day('monday')
fechas2/train/fechas2_000216.es.wav,el martes próximo | next_day('tuesday')
fechas2/train/fechas2_000217.es.wav,el siguiente jueves | next_day('thursday')
fechas2/train/fechas2_000218.es.wav,el miércoles | next_day('wednesday')
fechas2/train/fechas2_000219.es.wav,el próximo viernes por favor | next_day('friday')
fechas2/train/fechas2_000220.es.wav,pasado mañana | relative_day(+2)
fechas2/train/fechas2_000221.es.wav,el próximo lunes | next_day('monday')
fechas2/train/fechas2_000222.es.wav,el siguiente jueves | next_day('thursday')
fechas2/train/fechas2_000223.es.wav,el lunes | next_day('monday')
fechas2/train/fechas2_000224.es.wav,el siguiente jueves gracias | next_day('thursday')
fechas2/train/fechas2_000225.es.wav,el siguiente miércoles | next_day('wednesday')
fechas2/train/fechas2_000226.es.wav,el jueves que viene | next_day('thursday')
fechas2/train/fechas2_000227.es.wav,el siguiente martes | next_day('tuesday')
fechas2/train/fechas2_000228.es.wav,el martes que viene | next_day('tuesday')
fechas2/train/fechas2_000229.es.wav,este jueves que viene por favor | next_day('thursday')
fechas2/train/fechas2_000230.es.wav,el lunes | next_day('monday')
fechas2/train/fechas2_000231.es.wav,el siguiente martes | next_day('tuesday')
fechas2/train/fechas2_000232.es.wav,el siguiente viernes | next_day('friday')
fechas2/train/fechas2_000233.es.wav,por favor el siguiente martes | next_day('tuesday')
fechas2/train/fechas2_000234.es.wav,este viernes siguiente gracias | next_day('friday')
fechas2/train/fechas2_000235.es.wav,en un par de días | relative_day(+2)
fechas2/train/fechas2_000236.es.wav,el próximo viernes | next_day('friday')
fechas2/train/fechas2_000237.es.wav,este miércoles siguiente | next_day('wednesday')
fechas2/train/fechas2_000238.es.wav,el miércoles que viene | next_day('wednesday')
fechas2/train/fechas2_000239.es.wav,este lunes que viene | next_day('monday')
fechas2/train/fechas2_000240.es.wav,en un par de días | relative_day(+2)
fechas2/train/fechas2_000241.es.wav,por favor el lunes que viene | next_day('monday')
fechas2/train/fechas2_000242.es.wav,el jueves próximo | next_day('thursday')
fechas2/train/fechas2_000243.es.wav,en tres días gracias | relative_day(+3)
fechas2/train/fechas2_000244.es.wav,el próximo viernes | next_day('friday')
fechas2/train/fechas2_000245.es.wav,en un par de días | relative_day(+2)
fechas2/train/fechas2_000246.es.wav,el jueves que viene | next_day('thursday')
fechas2/train/fechas2_000247.es.wav,por favor en tres días | relative_day(+3)
fechas2/train/fechas2_000248.es.wav,este miércoles siguiente gracias | next_day('wednesday')
fechas2/train/fechas2_000249.es.wav,por favor el viernes | next_day('friday')
fechas2/train/fechas2_000250.es.wav,este lunes | next_day('monday')
fechas2/train/fechas2_000251.es.wav,por favor el siguiente martes | next_day('tuesday')
fechas2/train/fechas2_000252.es.wav,este viernes próximo | next_day('friday')
fechas2/train/fechas2_000253.es.wav,por favor el martes | next_day('tuesday')
fechas2/train/fechas2_000254.es.wav,el viernes | next_day('friday')
fechas2/train/fechas2_000255.es.wav,en un par de días gracias | relative_day(+2)
fechas2/train/fechas2_000256.es.wav,el próximo martes | next_day('tuesday')
fechas2/train/fechas2_000257.es.wav,por favor el martes siguiente | next_day('tuesday')
fechas2/train/fechas2_000258.es.wav,este jueves próximo | next_day('thursday')
fechas2/train/fechas2_000259.es.wav,por favor el viernes próximo | next_day('friday')
fechas2/train/fechas2_000260.es.wav,este lunes | next_day('monday')
fechas2/train/fechas2_000261.es.wav,el próximo martes por favor | next_day('tuesday')
fechas2/train/fechas2_000262.es.wav,en un par de días | relative_day(+2)
fechas2/train/fechas2_000263.es.wav,el siguiente miércoles por favor | next_day('wednesday')
fechas2/train/fechas2_000264.es.wav,en un par de días gracias | relative_day(+2)
fechas2/train/fechas2_000265.es.wav,este martes | next_day('tuesday')
fechas2/train/fechas2_000266.es.wav,este martes gracias | next_day('tuesday')
fechas2/train/fechas2_000267.es.wav,el siguiente miércoles gracias | next_day('wednesday')
fechas2/train/fechas2_000268.es.wav,el próximo viernes por favor | next_day('friday')
fechas2/train/fechas2_000269.es.wav,este miércoles gracias | next_day('wednesday')
fechas2/train/fechas2_000270.es.wav,el jueves por favor | next_day('thursday')
fechas2/train/fechas2_000271.es.wav,por favor el próximo viernes | next_day('friday')
fechas2/train/fechas2_000272.es.wav,el siguiente jueves | next_day('thursday')
fechas2/train/fechas2_000273.es.wav,este martes siguiente | next_day('tuesday')
fechas2/train/fechas2_000274.es.wav,por favor en tres días | relative_day(+3)
fechas2/train/fechas2_000275.es.wav,en un par de días | relative_day(+2)
fechas2/train/fechas2_000276.es.wav,este viernes | next_day('friday')
fechas2/train/fechas2_000277.es.wav,en tres días | relative_day(+3)
fechas2/train/fechas2_000278.es.wav,el próximo viernes por favor | next_day('friday')
fechas2/train/fechas2_000279.es.wav,este viernes próximo | next_day('friday')
fechas2/train/fechas2_000280.es.wav,este jueves que viene | next_day('thursday')
fechas2/train/fechas2_000281.es.wav,por favor el lunes próximo | next_day('monday')
fechas2/train/fechas2_000282.es.wav,en un par de días por favor | relative_day(+2)
fechas2/train/fechas2_000283.es.wav,por favor este jueves | next_day('thursday')
fechas2/train/fechas2_000284.es.wav,este viernes próximo gracias | next_day('friday')
fechas2/train/fechas2_000285.es.wav,por favor el próximo miércoles | next_day('wednesday')
fechas2/train/fechas2_000286.es.wav,el jueves | next_day('thursday')
fechas2/train/fechas2_000287.es.wav,por favor este jueves | next_day('thursday')
fechas2/train/fechas2_000288.es.wav,este lunes próximo | next_day('monday')
fechas2/train/fechas2_000289.es.wav,este lunes que viene | next_day('monday')
fechas2/train/fechas2_000290.es.wav,este lunes gracias | next_day('monday')
fechas2/train/fechas2_000291.es.wav,este martes próximo | next_day('tuesday')
fechas2/train/fechas2_000292.es.wav,el viernes gracias | next_day('friday')
fechas2/train/fechas2_000293.es.wav,el siguiente lunes | next_day('monday')
fechas2/train/fechas2_000294.es.wav,el próximo lunes por favor | next_day('monday')
fechas2/train/fechas2_000295.es.wav,este miércoles por favor | next_day('wednesday')
fechas2/train/fechas2_000296.es.wav,el viernes próximo | next_day('friday')
fechas2/train/fechas2_000297.es.wav,en tres días | relative_day(+3)
fechas2/train/fechas2_000298.es.wav,en un par de días por favor | relative_day(+2)
fechas2/train/fechas2_000299.es.wav,por favor este viernes siguiente | next_day('friday')
fechas2/train/fechas2_000300.es.wav,por favor el siguiente martes | next_day('tuesday')
fechas2/train/fechas2_000301.es.wav,en tres días por favor | relative_day(+3)
fechas2/train/fechas2_000302.es.wav,el siguiente miércoles gracias | next_day('wednesday')
fechas2/train/fechas2_000303.es.wav,pasado mañana gracias | relative_day(+2)
fechas2/train/fechas2_000304.es.wav,el viernes | next_day('friday')
fechas2/train/fechas2_000305.es.wav,el lunes que viene | next_day('monday')
fechas2/train/fechas2_000306.es.wav,mañana gracias | relative_day(+1)
fechas2/train/fechas2_000307.es.wav,el jueves que viene por favor | next_day('thursday')
fechas2/train/fechas2_000308.es.wav,el jueves siguiente gracias | next_day('thursday')
fechas2/train/fechas2_000309.es.wav,el siguiente viernes | next_day('friday')
fechas2/train/fechas2_000310.es.wav,en tres días por favor | relative_day(+3)
fechas2/train/fechas2_000311.es.wav,el próximo jueves | next_day('thursday')
fechas2/train/fechas2_000312.es.wav,en un par de días por favor | relative_day(+2)
fechas2/train/fechas2_000313.es.wav,por favor el jueves | next_day('thursday')
fechas2/train/fechas2_000314.es.wav,este jueves | next_day('thursday')
fechas2/train/fechas2_000315.es.wav,en tres días | relative_day(+3)
fechas2/train/fechas2_000316.es.wav,por favor el jueves | next_day('thursday')
fechas2/train/fechas2_000317.es.wav,este viernes que viene | next_day('friday')
fechas2/train/fechas2_000318.es.wav,en tres días | relative_day(+3)
fechas2/train/fechas2_000319.es.wav,el viernes próximo | next_day('friday')
fechas2/train/fechas2_000320.es.wav,por favor el martes siguiente | next_day('tuesday')
fechas2/train/fechas2_000321.es.wav,el jueves próximo gracias | next_day('thursday')
fechas2/train/fechas2_000322.es.wav,el siguiente jueves por favor | next_day('thursday')
fechas2/train/fechas2_000323.es.wav,pasado mañana | relative_day(+2)
fechas2/train/fechas2_000324.es.wav,el próximo jueves | next_day('thursday')
fechas2/train/fechas2_000325.es.wav,pasado mañana | relative_day(+2)
fechas2/train/fechas2_000326.es.wav,en un par de días | relative_day(+2)
fechas2/train/fechas2_000327.es.wav,el lunes que viene | next_day('monday')
fechas2/train/fechas2_000328.es.wav,este jueves | next_day('thursday')
fechas2/train/fechas2_000329.es.wav,este viernes próximo | next_day('friday')
fechas2/train/fechas2_000330.es.wav,el martes siguiente | next_day('tuesday')
fechas2/train/fechas2_000331.es.wav,por favor este viernes | next_day('friday')
fechas2/train/fechas2_000332.es.wav,por favor el siguiente miércoles | next_day('wednesday')
fechas2/train/fechas2_000333.es.wav,el jueves | next_day('thursday')
fechas2/train/fechas2_000334.es.wav,por favor el próximo miércoles | next_day('wednesday')
fechas2/train/fechas2_000335.es.wav,el siguiente viernes gracias | next_day('friday')
fechas2/train/fechas2_000336.es.wav,el siguiente lunes | next_day('monday')
fechas2/train/fechas2_000337.es.wav,el próximo lunes | next_day('monday')
fechas2/train/fechas2_000338.es.wav,este miércoles por favor | next_day('wednesday')
fechas2/train/fechas2_000339.es.wav,en un par de días | relative_day(+2)
fechas2/train/fechas2_000340.es.wav,el jueves | next_day('thursday')
fechas2/train/fechas2_000341.es.wav,en tres días | relative_day(+3)
fechas2/train/fechas2_000342.es.wav,en tres días | relative_day(+3)
fechas2/train/fechas2_000343.es.wav,por favor el viernes que viene | next_day('friday')
fechas2/train/fechas2_000344.es.wav,el siguiente jueves por favor | next_day('thursday')
fechas2/train/fechas2_000345.es.wav,el siguiente miércoles por favor | next_day('wednesday')
fechas2/train/fechas2_000346.es.wav,en un par de días | relative_day(+2)
fechas2/train/fechas2_000347.es.wav,el viernes | next_day('friday')
fechas2/train/fechas2_000348.es.wav,mañana gracias | relative_day(+1)
fechas2/train/fechas2_000349.es.wav,en un par de días | relative_day(+2)
fechas2/train/fechas2_000350.es.wav,este jueves por favor | next_day('thursday')
fechas2/train/fechas2_000351.es.wav,este jueves que viene | next_day('thursday')
fechas2/train/fechas2_000352.es.wav,el viernes por favor | next_day('friday')
fechas2/train/fechas2_000353.es.wav,pasado mañana | relative_day(+2)
fechas2/train/fechas2_000354.es.wav,el siguiente lunes | next_day('monday')
fechas2/train/fechas2_000355.es.wav,este jueves siguiente por favor | next_day('thursday')
fechas2/train/fechas2_000356.es.wav,en un par de días por favor | relative_day(+2)
fechas2/train/fechas2_000357.es.wav,por favor este lunes | next_day('monday')
fechas2/train/fechas2_000358.es.wav,el miércoles por favor | next_day('wednesday')
fechas2/train/fechas2_000359.es.wav,el miércoles que viene | next_day('wednesday')
fechas2/train/fechas2_000360.es.wav,el próximo viernes | next_day('friday')
fechas2/train/fechas2_000361.es.wav,este jueves que viene | next_day('thursday')
fechas2/train/fechas2_000362.es.wav,el jueves que viene por favor | next_day('thursday')
fechas2/train/fechas2_000363.es.wav,el siguiente viernes | next_day('friday')
fechas2/train/fechas2_000364.es.wav,por favor en un par de días | relative_day(+2)
fechas2/train/fechas2_000365.es.wav,este jueves que viene | next_day('thursday')
fechas2/train/fechas2_000366.es.wav,el martes | next_day('tuesday')
fechas2/train/fechas2_000367.es.wav,el próximo jueves gracias | next_day('thursday')
fechas2/train/fechas2_000368.es.wav,el próximo martes | next_day('tuesday')
fechas2/train/fechas2_000369.es.wav,el próximo martes | next_day('tuesday')
fechas2/train/fechas2_000370.es.wav,el miércoles próximo por favor | next_day('wednesday')
fechas2/train/fechas2_000371.es.wav,el lunes | next_day('monday')
fechas2/train/fechas2_000372.es.wav,el viernes que viene | next_day('friday')
fechas2/train/fechas2_000373.es.wav,el miércoles gracias | next_day('wednesday')
fechas2/train/fechas2_000374.es.wav,en tres días | relative_day(+3)
fechas2/train/fechas2_000375.es.wav,el miércoles gracias | next_day('wednesday')
fechas2/train/fechas2_000376.es.wav,el siguiente jueves | next_day('thursday')
fechas2/train/fechas2_000377.es.wav,el próximo lunes | next_day('monday')
fechas2/train/fechas2_000378.es.wav,el viernes | next_day('friday')
fechas2/train/fechas2_000379.es.wav,este viernes gracias | next_day('friday')
fechas2/train/fechas2_000380.es.wav,el próximo miércoles | next_day('wednesday')
fechas2/train/fechas2_000381.es.wav,el próximo martes | next_day('tuesday')
fechas2/train/fechas2_000382.es.wav,en un par de días gracias | relative_day(+2)
fechas2/train/fechas2_000383.es.wav,el jueves | next_day('thursday')
fechas2/train/fechas2_000384.es.wav,por favor este viernes próximo | next_day('friday')
fechas2/train/fechas2_000385.es.wav,el viernes siguiente | next_day('friday')
fechas2/train/fechas2_000386.es.wav,el lunes que viene | next_day('monday')
fechas2/train/fechas2_000387.es.wav,el martes próximo gracias | next_day('tuesday')
fechas2/train/fechas2_000388.es.wav,el jueves que viene gracias | next_day('thursday')
fechas2/train/fechas2_000389.es.wav,en un par de días | relative_day(+2)
fechas2/train/fechas2_000390.es.wav,el miércoles | next_day('wednesday')
fechas2/train/fechas2_000391.es.wav,mañana gracias | relative_day(+1)
fechas2/train/fechas2_000392.es.wav,en tres días gracias | relative_day(+3)
fechas2/train/fechas2_000393.es.wav,en tres días gracias | relative_day(+3)
fechas2/train/fechas2_000394.es.wav,por favor este jueves que viene | next_day('thursday')
fechas2/train/fechas2_000395.es.wav,el siguiente lunes por favor | next_day('monday')
fechas2/train/fechas2_000396.es.wav,este jueves | next_day('thursday')
fechas2/train/fechas2_000397.es.wav,el viernes siguiente | next_day('friday')
fechas2/train/fechas2_000398.es.wav,el jueves | next_day('thursday')
fechas2/train/fechas2_000399.es.wav,el lunes que viene | next_day('monday')
fechas2/train/fechas2_000400.es.wav,el próximo lunes gracias | next_day('monday')
fechas2/train/fechas2_000401.es.wav,en un par de días gracias | relative_day(+2)
fechas2/train/fechas2_000402.es.wav,en un par de días | relative_day(+2)
fechas2/train/fechas2_000403.es.wav,el siguiente martes | next_day('tuesday')
fechas2/train/fechas2_000404.es.wav,el viernes próximo por favor | next_day('friday')
fechas2/train/fechas2_000405.es.wav,por favor pasado mañana | relative_day(+2)
fechas2/train/fechas2_000406.es.wav,por favor el próximo jueves | next_day('thursday')
fechas2/train/fechas2_000407.es.wav,por favor este miércoles siguiente | next_day('wednesday')
fechas2/train/fechas2_000408.es.wav,por favor el siguiente miércoles | next_day('wednesday')
fechas2/train/fechas2_000409.es.wav,el próximo lunes | next_day('monday')
fechas2/train/fechas2_000410.es.wav,este lunes | next_day('monday')
fechas2/train/fechas2_000411.es.wav,el próximo miércoles | next_day('wednesday')
fechas2/train/fechas2_000412.es.wav,el martes gracias | next_day('tuesday')
fechas2/train/fechas2_000413.es.wav,este martes que viene | next_day('tuesday')
fechas2/train/fechas2_000414.es.wav,pasado mañana | relative_day(+2)
fechas2/train/fechas2_000415.es.wav,este miércoles próximo | next_day('wednesday')
fechas2/train/fechas2_000416.es.wav,este lunes que viene | next_day('monday')
fechas2/train/fechas2_000417.es.wav,el siguiente viernes | next_day('friday')
fechas2/train/fechas2_000418.es.wav,por favor en tres días | relative_day(+3)
fechas2/train/fechas2_000419.es.wav,el próximo martes | next_day('tuesday')
fechas2/train/fechas2_000420.es.wav,por favor el siguiente viernes | next_day('friday')
fechas2/train/fechas2_000421.es.wav,el siguiente viernes por favor | next_day('friday')
fechas2/train/fechas2_000422.es.wav,en tres días | relative_day(+3)
fechas2/train/fechas2_000423.es.wav,este martes | next_day('tuesday')
fechas2/train/fechas2_000424.es.wav,el lunes | next_day('monday')
fechas2/train/fechas2_000425.es.wav,por favor el siguiente martes | next_day('tuesday')
fechas2/train/fechas2_000426.es.wav,el jueves siguiente por favor | next_day('thursday')
fechas2/train/fechas2_000427.es.wav,por favor en un par de días | relative_day(+2)
fechas2/train/fechas2_000428.es.wav,el siguiente viernes gracias | next_day('friday')
fechas2/train/fechas2_000429.es.wav,el jueves | next_day('thursday')
fechas2/train/fechas2_000430.es.wav,el siguiente viernes | next_day('friday')
fechas2/train/fechas2_000431.es.wav,por favor el lunes próximo | next_day('monday')
fechas2/train/fechas2_000432.es.wav,el viernes siguiente | next_day('friday')
fechas2/train/fechas2_000433.es.wav,el martes que viene por favor | next_day('tuesday')
fechas2/train/fechas2_000434.es.wav,el siguiente martes | next_day('tuesday')
fechas2/train/fechas2_000435.es.wav,el próximo viernes | next_day('friday')
fechas2/train/fechas2_000436.es.wav,el siguiente viernes | next_day('friday')
fechas2/train/fechas2_000437.es.wav,este jueves próximo | next_day('thursday')
fechas2/train/fechas2_000438.es.wav,el martes que viene gracias | next_day('tuesday')
fechas2/train/fechas2_000439.es.wav,este lunes | next_day('monday')
fechas2/train/fechas2_000440.es.wav,el martes siguiente | next_day('tuesday')
fechas2/train/fechas2_000441.es.wav,el lunes siguiente | next_day('monday')
fechas2/train/fechas2_000442.es.wav,este miércoles que viene | next_day('wednesday')
fechas2/train/fechas2_000443.es.wav,el martes que viene por favor | next_day('tuesday')
fechas2/train/fechas2_000444.es.wav,en tres días por favor | relative_day(+3)
fechas2/train/fechas2_000445.es.wav,el miércoles siguiente gracias | next_day('wednesday')
fechas2/train/fechas2_000446.es.wav,por favor el lunes próximo | next_day('monday')
fechas2/train/fechas2_000447.es.wav,el siguiente miércoles | next_day('wednesday')
fechas2/train/fechas2_000448.es.wav,este jueves siguiente | next_day('thursday')
fechas2/train/fechas2_000449.es.wav,el jueves próximo | next_day('thursday')
fechas2/train/fechas2_000450.es.wav,el miércoles gracias | next_day('wednesday')
fechas2/train/fechas2_000451.es.wav,por favor el próximo miércoles | next_day('wednesday')
fechas2/train/fechas2_000452.es.wav,el martes que viene por favor | next_day('tuesday')
fechas2/train/fechas2_000453.es.wav,por favor el próximo lunes | next_day('monday')
fechas2/train/fechas2_000454.es.wav,este martes próximo | next_day('tuesday')
fechas2/train/fechas2_000455.es.wav,el próximo viernes gracias | next_day('friday')
fechas2/train/fechas2_000456.es.wav,el próximo miércoles | next_day('wednesday')
fechas2/train/fechas2_000457.es.wav,este martes | next_day('tuesday')
fechas2/train/fechas2_000458.es.wav,este lunes que viene | next_day('monday')
fechas2/train/fechas2_000459.es.wav,el jueves | next_day('thursday')
fechas2/train/fechas2_000460.es.wav,el próximo viernes | next_day('friday')
fechas2/train/fechas2_000461.es.wav,por favor el siguiente martes | next_day('tuesday')
fechas2/train/fechas2_000462.es.wav,en un par de días | relative_day(+2)
fechas2/train/fechas2_000463.es.wav,este miércoles siguiente | next_day('wednesday')
fechas2/train/fechas2_000464.es.wav,el próximo jueves | next_day('thursday')
fechas2/train/fechas2_000465.es.wav,el siguiente jueves | next_day('thursday')
fechas2/train/fechas2_000466.es.wav,el viernes | next_day('friday')
fechas2/train/fechas2_000467.es.wav,el próximo miércoles gracias | next_day('wednesday')
fechas2/train/fechas2_000468.es.wav,este viernes | next_day('friday')
fechas2/train/fechas2_000469.es.wav,por favor el siguiente lunes | next_day('monday')
fechas2/train/fechas2_000470.es.wav,en tres días por favor | relative_day(+3)
fechas2/train/fechas2_000471.es.wav,por favor en tres días | relative_day(+3)
fechas2/train/fechas2_000472.es.wav,mañana gracias | relative_day(+1)
fechas2/train/fechas2_000473.es.wav,por favor el siguiente martes | next_day('tuesday')
fechas2/train/fechas2_000474.es.wav,por favor el lunes próximo | next_day('monday')
fechas2/train/fechas2_000475.es.wav,el siguiente jueves | next_day('thursday')
fechas2/train/fechas2_000476.es.wav,el jueves que viene | next_day('thursday')
fechas2/train/fechas2_000477.es.wav,por favor el miércoles | next_day('wednesday')
fechas2/train/fechas2_000478.es.wav,pasado mañana | relative_day(+2)
fechas2/train/fechas2_000479.es.wav,este miércoles por favor | next_day('wednesday')
fechas2/train/fechas2_000480.es.wav,por favor el próximo viernes | next_day('friday')
fechas2/train/fechas2_000481.es.wav,el próximo miércoles | next_day('wednesday')
fechas2/train/fechas2_000482.es.wav,por favor el siguiente martes | next_day('tuesday')
fechas2/train/fechas2_000483.es.wav,en tres días | relative_day(+3)
fechas2/train/fechas2_000484.es.wav,el siguiente jueves | next_day('thursday')
fechas2/train/fechas2_000485.es.wav,pasado mañana gracias | relative_day(+2)
fechas2/train/fechas2_000486.es.wav,pasado mañana | relative_day(+2)
fechas2/train/fechas2_000487.es.wav,por favor el viernes | next_day('friday')
fechas2/train/fechas2_000488.es.wav,este jueves | next_day('thursday')
fechas2/train/fechas2_000489.es.wav,el próximo martes | next_day('tuesday')
fechas2/train/fechas2_000490.es.wav,por favor este martes siguiente | next_day('tuesday')
fechas2/train/fechas2_000491.es.wav,el siguiente viernes por favor | next_day('friday')
fechas2/train/fechas2_000492.es.wav,este lunes siguiente | next_day('monday')
fechas2/train/fechas2_000493.es.wav,el siguiente viernes | next_day('friday')
fechas2/train/fechas2_000494.es.wav,en tres días | relative_day(+3)
fechas2/train/fechas2_000495.es.wav,el lunes gracias | next_day('monday')
fechas2/train/fechas2_000496.es.wav,el próximo lunes | next_day('monday')
fechas2/train/fechas2_000497.es.wav,en tres días | relative_day(+3)
fechas2/train/fechas2_000498.es.wav,el próximo miércoles gracias | next_day('wednesday')
fechas2/train/fechas2_000499.es.wav,el miércoles próximo por favor | next_day('wednesday')
fechas2/train/fechas2_000500.es.wav,por favor el viernes | next_day('friday')
fechas2/train/fechas2_000501.es.wav,en un par de días | relative_day(+2)
fechas2/train/fechas2_000502.es.wav,en un par de días gracias | relative_day(+2)
fechas2/train/fechas2_000503.es.wav,este martes | next_day('tuesday')
fechas2/train/fechas2_000504.es.wav,en un par de días | relative_day(+2)
fechas2/train/fechas2_000505.es.wav,pasado mañana por favor | relative_day(+2)
fechas2/train/fechas2_000506.es.wav,el martes | next_day('tuesday')
fechas2/train/fechas2_000507.es.wav,el jueves siguiente gracias | next_day('thursday')
fechas2/train/fechas2_000508.es.wav,el jueves que viene | next_day('thursday')
fechas2/train/fechas2_000509.es.wav,el siguiente martes gracias | next_day('tuesday')
fechas2/train/fechas2_000510.es.wav,este viernes próximo | next_day('friday')
fechas2/train/fechas2_000511.es.wav,el próximo jueves | next_day('thursday')
fechas2/train/fechas2_000512.es.wav,este martes | next_day('tuesday')
fechas2/train/fechas2_000513.es.wav,el próximo martes por favor | next_day('tuesday')
fechas2/train/fechas2_000514.es.wav,por favor el siguiente viernes | next_day('friday')
fechas2/train/fechas2_000515.es.wav,pasado mañana | relative_day(+2)
fechas2/train/fechas2_000516.es.wav,el próximo jueves gracias | next_day('thursday')
fechas2/train/fechas2_000517.es.wav,en tres días | relative_day(+3)
fechas2/train/fechas2_000518.es.wav,este lunes | next_day('monday')
fechas2/train/fechas2_000519.es.wav,este viernes gracias | next_day('friday')
fechas2/train/fechas2_000520.es.wav,por favor este jueves próximo | next_day('thursday')
fechas2/train/fechas2_000521.es.wav,el lunes | next_day('monday')
fechas2/train/fechas2_000522.es.wav,por favor en tres días | relative_day(+3)
fechas2/train/fechas2_000523.es.wav,por favor este martes | next_day('tuesday')
fechas2/train/fechas2_000524.es.wav,el próximo martes | next_day('tuesday')
fechas2/train/fechas2_000525.es.wav,el siguiente jueves gracias | next_day('thursday')
fechas2/train/fechas2_000526.es.wav,el jueves | next_day('thursday')
fechas2/train/fechas2_000527.es.wav,en tres días | relative_day(+3)
fechas2/train/fechas2_000528.es.wav,el jueves siguiente | next_day('thursday')
fechas2/train/fechas2_000529.es.wav,el jueves que viene gracias | next_day('thursday')
fechas2/train/fechas2_000530.es.wav,por favor este lunes | next_day('monday')
fechas2/train/fechas2_000531.es.wav,en un par de días gracias | relative_day(+2)
fechas2/train/fechas2_000532.es.wav,el próximo lunes | next_day('monday')
fechas2/train/fechas2_000533.es.wav,mañana gracias | relative_day(+1)
fechas2/train/fechas2_000534.es.wav,el miércoles que viene | next_day('wednesday')
fechas2/train/fechas2_000535.es.wav,este martes próximo por favor | next_day('tuesday')
fechas2/train/fechas2_000536.es.wav,en un par de días por favor | relative_day(+2)
fechas2/train/fechas2_000537.es.wav,el siguiente jueves | next_day('thursday')
fechas2/train/fechas2_000538.es.wav,por favor el próximo martes | next_day('tuesday')
fechas2/train/fechas2_000539.es.wav,el martes que viene por favor | next_day('tuesday')
fechas2/train/fechas2_000540.es.wav,el próximo miércoles | next_day('wednesday')
fechas2/train/fechas2_000541.es.wav,este viernes | next_day('friday')
fechas2/train/fechas2_000542.es.wav,este lunes próximo | next_day('monday')
fechas2/train/fechas2_000543.es.wav,el siguiente martes gracias | next_day('tuesday')
fechas2/train/fechas2_000544.es.wav,por favor pasado mañana | relative_day(+2)
fechas2/train/fechas2_000545.es.wav,en tres días gracias | relative_day(+3)
fechas2/train/fechas2_000546.es.wav,este jueves próximo | next_day('thursday')
fechas2/train/fechas2_000547.es.wav,el viernes | next_day('friday')
fechas2/train/fechas2_000548.es.wav,el siguiente lunes gracias | next_day('monday')
fechas2/train/fechas2_000549.es.wav,este jueves próximo | next_day('thursday')
fechas2/train/fechas2_000550.es.wav,el jueves gracias | next_day('thursday')
fechas2/train/fechas2_000551.es.wav,por favor en un par de días | relative_day(+2)
fechas2/train/fechas2_000552.es.wav,mañana | relative_day(+1)
fechas2/train/fechas2_000553.es.wav,este viernes por favor | next_day('friday')
fechas2/train/fechas2_000554.es.wav,mañana | relative_day(+1)
fechas2/train/fechas2_000555.es.wav,en un par de días | relative_day(+2)
fechas2/train/fechas2_000556.es.wav,este jueves próximo | next_day('thursday')
fechas2/train/fechas2_000557.es.wav,el lunes | next_day('monday')
fechas2/train/fechas2_000558.es.wav,en un par de días | relative_day(+2)
fechas2/train/fechas2_000559.es.wav,el viernes | next_day('friday')
fechas2/train/fechas2_000560.es.wav,este lunes que viene por favor | next_day('monday')
fechas2/train/fechas2_000561.es.wav,por favor en un par de días | relative_day(+2)
fechas2/train/fechas2_000562.es.wav,mañana gracias | relative_day(+1)
fechas2/train/fechas2_000563.es.wav,en un par de días | relative_day(+2)
fechas2/train/fechas2_000564.es.wav,el miércoles próximo por favor | next_day('wednesday')
fechas2/train/fechas2_000565.es.wav,en un par de días | relative_day(+2)
fechas2/train/fechas2_000566.es.wav,el lunes por favor | next_day('monday')
fechas2/train/fechas2_000567.es.wav,este viernes siguiente | next_day('friday')
fechas2/train/fechas2_000568.es.wav,el lunes que viene | next_day('monday')
fechas2/train/fechas2_000569.es.wav,el viernes | next_day('friday')
fechas2/train/fechas2_000570.es.wav,en tres días | relative_day(+3)
fechas2/train/fechas2_000571.es.wav,el martes | next_day('tuesday')
fechas2/train/fechas2_000572.es.wav,por favor en un par de días | relative_day(+2)
fechas2/train/fechas2_000573.es.wav,por favor este viernes próximo | next_day('friday')
fechas2/train/fechas2_000574.es.wav,en tres días por favor | relative_day(+3)
fechas2/train/fechas2_000575.es.wav,en un par de días | relative_day(+2)
fechas2/train/fechas2_000576.es.wav,el martes próximo | next_day('tuesday')
fechas2/train/fechas2_000577.es.wav,por favor el miércoles próximo | next_day('wednesday')
fechas2/train/fechas2_000578.es.wav,el próximo viernes | next_day('friday')
fechas2/train/fechas2_000579.es.wav,en un par de días por favor | relative_day(+2)
fechas2/train/fechas2_000580.es.wav,por favor en tres días | relative_day(+3)
fechas2/train/fechas2_000581.es.wav,este jueves gracias | next_day('thursday')
fechas2/train/fechas2_000582.es.wav,este miércoles que viene | next_day('wednesday')
fechas2/train/fechas2_000583.es.wav,el martes | next_day('tuesday')
fechas2/train/fechas2_000584.es.wav,este martes gracias | next_day('tuesday')
fechas2/train/fechas2_000585.es.wav,este martes por favor | next_day('tuesday')
fechas2/train/fechas2_000586.es.wav,el siguiente lunes gracias | next_day('monday')
fechas2/train/fechas2_000587.es.wav,el siguiente miércoles por favor | next_day('wednesday')
fechas2/train/fechas2_000588.es.wav,en tres días gracias | relative_day(+3)
fechas2/train/fechas2_000589.es.wav,en tres días por favor | relative_day(+3)
fechas2/train/fechas2_000590.es.wav,pasado mañana | relative_day(+2)
fechas2/train/fechas2_000591.es.wav,el lunes | next_day('monday')
fechas2/train/fechas2_000592.es.wav,el lunes próximo | next_day('monday')
fechas2/train/fechas2_000593.es.wav,el próximo viernes por favor | next_day('friday')
fechas2/train/fechas2_000594.es.wav,este miércoles | next_day('wednesday')
fechas2/train/fechas2_000595.es.wav,este miércoles | next_day('wednesday')
fechas2/train/fechas2_000596.es.wav,en tres días | relative_day(+3)
fechas2/train/fechas2_000597.es.wav,este martes siguiente | next_day('tuesday')
fechas2/train/fechas2_000598.es.wav,el lunes | next_day('monday')
fechas2/train/fechas2_000599.es.wav,por favor el próximo lunes | next_day('monday')
fechas2/train/fechas2_000600.es.wav,por favor el siguiente lunes | next_day('monday')
fechas2/train/fechas2_000601.es.wav,en tres días | relative_day(+3)
fechas2/train/fechas2_000602.es.wav,mañana | relative_day(+1)
fechas2/train/fechas2_000603.es.wav,el siguiente viernes | next_day('friday')
fechas2/train/fechas2_000604.es.wav,este martes próximo | next_day('tuesday')
fechas2/train/fechas2_000605.es.wav,en tres días | relative_day(+3)
fechas2/train/fechas2_000606.es.wav,en un par de días | relative_day(+2)
fechas2/train/fechas2_000607.es.wav,mañana | relative_day(+1)
fechas2/train/fechas2_000608.es.wav,el viernes próximo | next_day('friday')
fechas2/train/fechas2_000609.es.wav,el próximo lunes | next_day('monday')
fechas2/train/fechas2_000610.es.wav,en tres días | relative_day(+3)
fechas2/train/fechas2_000611.es.wav,el jueves próximo | next_day('thursday')
fechas2/train/fechas2_000612.es.wav,el lunes | next_day('monday')
fechas2/train/fechas2_000613.es.wav,este jueves | next_day('thursday')
fechas2/train/fechas2_000614.es.wav,el lunes que viene | next_day('monday')
fechas2/train/fechas2_000615.es.wav,el viernes que viene | next_day('friday')
fechas2/train/fechas2_000616.es.wav,el viernes | next_day('friday')
fechas2/train/fechas2_000617.es.wav,este jueves siguiente | next_day('thursday')
fechas2/train/fechas2_000618.es.wav,este lunes | next_day('monday')
fechas2/train/fechas2_000619.es.wav,este viernes próximo gracias | next_day('friday')
fechas2/train/fechas2_000620.es.wav,el próximo lunes | next_day('monday')
fechas2/train/fechas2_000621.es.wav,mañana por favor | relative_day(+1)
fechas2/train/fechas2_000622.es.wav,por favor el jueves | next_day('thursday')
fechas2/train/fechas2_000623.es.wav,por favor el próximo martes | next_day('tuesday')
fechas2/train/fechas2_000624.es.wav,por favor el viernes próximo | next_day('friday')
fechas2/train/fechas2_000625.es.wav,el siguiente miércoles | next_day('wednesday')
fechas2/train/fechas2_000626.es.wav,el siguiente viernes gracias | next_day('friday')
fechas2/train/fechas2_000627.es.wav,este jueves | next_day('thursday')
fechas2/train/fechas2_000628.es.wav,el lunes que viene | next_day('monday')
fechas2/train/fechas2_000629.es.wav,este miércoles | next_day('wednesday')
fechas2/train/fechas2_000630.es.wav,este jueves | next_day('thursday')
fechas2/train/fechas2_000631.es.wav,el miércoles que viene gracias | next_day('wednesday')
fechas2/train/fechas2_000632.es.wav,el próximo jueves | next_day('thursday')
fechas2/train/fechas2_000633.es.wav,este martes siguiente | next_day('tuesday')
fechas2/train/fechas2_000634.es.wav,el siguiente miércoles | next_day('wednesday')
fechas2/train/fechas2_000635.es.wav,este lunes | next_day('monday')
fechas2/train/fechas2_000636.es.wav,el jueves siguiente por favor | next_day('thursday')
fechas2/train/fechas2_000637.es.wav,el viernes siguiente | next_day('friday')
fechas2/train/fechas2_000638.es.wav,en tres días | relative_day(+3)
fechas2/train/fechas2_000639.es.wav,este miércoles gracias | next_day('wednesday')
fechas2/train/fechas2_000640.es.wav,el próximo miércoles por favor | next_day('wednesday')
fechas2/train/fechas2_000641.es.wav,el lunes gracias | next_day('monday')
fechas2/train/fechas2_000642.es.wav,este martes que viene | next_day('tuesday')
fechas2/train/fechas2_000643.es.wav,en un par de días por favor | relative_day(+2)
fechas2/train/fechas2_000644.es.wav,el siguiente miércoles | next_day('wednesday')
fechas2/train/fechas2_000645.es.wav,en tres días | relative_day(+3)
fechas2/train/fechas2_000646.es.wav,en tres días | relative_day(+3)
fechas2/train/fechas2_000647.es.wav,el próximo jueves | next_day('thursday')
fechas2/train/fechas2_000648.es.wav,el lunes que viene por favor | next_day('monday')
fechas2/train/fechas2_000649.es.wav,este miércoles que viene | next_day('wednesday')
fechas2/train/fechas2_000650.es.wav,en un par de días | relative_day(+2)
fechas2/train/fechas2_000651.es.wav,este jueves | next_day('thursday')
fechas2/train/fechas2_000652.es.wav,el viernes próximo | next_day('friday')
fechas2/train/fechas2_000653.es.wav,el siguiente jueves gracias | next_day('thursday')
fechas2/train/fechas2_000654.es.wav,este jueves | next_day('thursday')
fechas2/train/fechas2_000655.es.wav,este martes próximo | next_day('tuesday')
fechas2/train/fechas2_000656.es.wav,el miércoles | next_day('wednesday')
fechas2/train/fechas2_000657.es.wav,el martes | next_day('tuesday')
fechas2/train/fechas2_000658.es.wav,este lunes | next_day('monday')
fechas2/train/fechas2_000659.es.wav,el jueves | next_day('thursday')
fechas2/train/fechas2_000660.es.wav,este viernes por favor | next_day('friday')
fechas2/train/fechas2_000661.es.wav,el próximo jueves por favor | next_day('thursday')
fechas2/train/fechas2_000662.es.wav,por favor el siguiente martes | next_day('tuesday')
fechas2/train/fechas2_000663.es.wav,el jueves próximo por favor | next_day('thursday')
fechas2/train/fechas2_000664.es.wav,el próximo miércoles por favor | next_day('wednesday')
fechas2/train/fechas2_000665.es.wav,este martes próximo | next_day('tuesday')
fechas2/train/fechas2_000666.es.wav,por favor este lunes | next_day('monday')
fechas2/train/fechas2_000667.es.wav,el siguiente viernes | next_day('friday')
fechas2/train/fechas2_000668.es.wav,el próximo martes | next_day('tuesday')
fechas2/train/fechas2_000669.es.wav,en un par de días | relative_day(+2)
fechas2/train/fechas2_000670.es.wav,este miércoles próximo por favor | next_day('wednesday')
fechas2/train/fechas2_000671.es.wav,en un par de días gracias | relative_day(+2)
fechas2/train/fechas2_000672.es.wav,el viernes | next_day('friday')
fechas2/train/fechas2_000673.es.wav,pasado mañana | relative_day(+2)
fechas2/train/fechas2_000674.es.wav,este viernes por favor | next_day('friday')
fechas2/train/fechas2_000675.es.wav,pasado mañana | relative_day(+2)
fechas2/train/fechas2_000676.es.wav,el próximo martes | next_day('tuesday')
fechas2/train/fechas2_000677.es.wav,por favor el miércoles próximo | next_day('wednesday')
fechas2/train/fechas2_000678.es.wav,el próximo jueves por favor | next_day('thursday')
fechas2/train/fechas2_000679.es.wav,este miércoles que viene | next_day('wednesday')
fechas2/train/fechas2_000680.es.wav,el miércoles próximo gracias | next_day('wednesday')
fechas2/train/fechas2_000681.es.wav,el siguiente martes | next_day('tuesday')
fechas2/train/fechas2_000682.es.wav,por favor el siguiente jueves | next_day('thursday')
fechas2/train/fechas2_000683.es.wav,este lunes siguiente | next_day('monday')
fechas2/train/fechas2_000684.es.wav,en tres días | relative_day(+3)
fechas2/train/fechas2_000685.es.wav,pasado mañana | relative_day(+2)
fechas2/train/fechas2_000686.es.wav,mañana | relative_day(+1)
fechas2/train/fechas2_000687.es.wav,por favor el siguiente miércoles | next_day('wednesday')
fechas2/train/fechas2_000688.es.wav,el siguiente martes | next_day('tuesday')
fechas2/train/fechas2_000689.es.wav,mañana gracias | relative_day(+1)
fechas2/train/fechas2_000690.es.wav,en tres días | relative_day(+3)
fechas2/train/fechas2_000691.es.wav,el próximo jueves por favor | next_day('thursday')
fechas2/train/fechas2_000692.es.wav,el martes siguiente gracias | next_day('tuesday')
fechas2/train/fechas2_000693.es.wav,en un par de días gracias | relative_day(+2)
fechas2/train/fechas2_000694.es.wav,en tres días | relative_day(+3)
fechas2/train/fechas2_000695.es.wav,por favor el jueves | next_day('thursday')
fechas2/train/fechas2_000696.es.wav,el martes gracias | next_day('tuesday')
fechas2/train/fechas2_000697.es.wav,pasado mañana por favor | relative_day(+2)
fechas2/train/fechas2_000698.es.wav,el viernes | next_day('friday')
fechas2/train/fechas2_000699.es.wav,el siguiente viernes | next_day('friday')
fechas2/train/fechas2_000700.es.wav,este miércoles por favor | next_day('wednesday')
fechas2/train/fechas2_000701.es.wav,este miércoles | next_day('wednesday')
fechas2/train/fechas2_000702.es.wav,por favor pasado mañana | relative_day(+2)
fechas2/train/fechas2_000703.es.wav,el siguiente jueves | next_day('thursday')
fechas2/train/fechas2_000704.es.wav,el martes gracias | next_day('tuesday')
fechas2/train/fechas2_000705.es.wav,mañana gracias | relative_day(+1)
fechas2/train/fechas2_000706.es.wav,el próximo miércoles | next_day('wednesday')
fechas2/train/fechas2_000707.es.wav,el siguiente viernes | next_day('friday')
fechas2/train/fechas2_000708.es.wav,el jueves próximo gracias | next_day('thursday')
fechas2/train/fechas2_000709.es.wav,este miércoles siguiente | next_day('wednesday')
fechas2/train/fechas2_000710.es.wav,el próximo viernes | next_day('friday')
fechas2/train/fechas2_000711.es.wav,mañana | relative_day(+1)
fechas2/train/fechas2_000712.es.wav,por favor en tres días | relative_day(+3)
fechas2/train/fechas2_000713.es.wav,el lunes siguiente | next_day('monday')
fechas2/train/fechas2_000714.es.wav,el lunes por favor | next_day('monday')
fechas2/train/fechas2_000715.es.wav,este lunes gracias | next_day('monday')
fechas2/train/fechas2_000716.es.wav,el lunes | next_day('monday')
fechas2/train/fechas2_000717.es.wav,el jueves próximo gracias | next_day('thursday')
fechas2/train/fechas2_000718.es.wav,en tres días | relative_day(+3)
fechas2/train/fechas2_000719.es.wav,el viernes próximo gracias | next_day('friday')
fechas2/train/fechas2_000720.es.wav,este viernes siguiente gracias | next_day('friday')
fechas2/train/fechas2_000721.es.wav,este viernes | next_day('friday')
fechas2/train/fechas2_000722.es.wav,este viernes que viene por favor | next_day('friday')
fechas2/train/fechas2_000723.es.wav,este viernes siguiente gracias | next_day('friday')
fechas2/train/fechas2_000724.es.wav,este viernes que viene por favor | next_day('friday')
fechas2/train/fechas2_000725.es.wav,en un par de días gracias | relative_day(+2)
fechas2/train/fechas2_000726.es.wav,mañana | relative_day(+1)
fechas2/train/fechas2_000727.es.wav,por favor en un par de días | relative_day(+2)
fechas2/train/fechas2_000728.es.wav,el lunes | next_day('monday')
fechas2/train/fechas2_000729.es.wav,este jueves | next_day('thursday')
fechas2/train/fechas2_000730.es.wav,el próximo viernes | next_day('friday')
fechas2/train/fechas2_000731.es.wav,pasado mañana | relative_day(+2)
fechas2/train/fechas2_000732.es.wav,el lunes por favor | next_day('monday')
fechas2/train/fechas2_000733.es.wav,en un par de días por favor | relative_day(+2)
fechas2/train/fechas2_000734.es.wav,el próximo martes | next_day('tuesday')
fechas2/train/fechas2_000735.es.wav,mañana | relative_day(+1)
fechas2/train/fechas2_000736.es.wav,en un par de días | relative_day(+2)
fechas2/train/fechas2_000737.es.wav,este viernes | next_day('friday')
fechas2/train/fechas2_000738.es.wav,el jueves | next_day('thursday')
fechas2/train/fechas2_000739.es.wav,por favor en tres días | relative_day(+3)
fechas2/train/fechas2_000740.es.wav,en tres días por favor | relative_day(+3)
fechas2/train/fechas2_000741.es.wav,el martes | next_day('tuesday')
fechas2/train/fechas2_000742.es.wav,el próximo martes | next_day('tuesday')
fechas2/train/fechas2_000743.es.wav,por favor en tres días | relative_day(+3)
fechas2/train/fechas2_000744.es.wav,en un par de días gracias | relative_day(+2)
fechas2/train/fechas2_000745.es.wav,por favor el lunes próximo | next_day('monday')
fechas2/train/fechas2_000746.es.wav,pasado mañana | relative_day(+2)
fechas2/train/fechas2_000747.es.wav,en tres días gracias | relative_day(+3)
fechas2/train/fechas2_000748.es.wav,el viernes que viene gracias | next_day('friday')
fechas2/train/fechas2_000749.es.wav,este martes próximo | next_day('tuesday')
fechas2/train/fechas2_000750.es.wav,este jueves próximo | next_day('thursday')
fechas2/train/fechas2_000751.es.wav,el miércoles próximo | next_day('wednesday')
fechas2/train/fechas2_000752.es.wav,el siguiente martes por favor | next_day('tuesday')
fechas2/train/fechas2_000753.es.wav,en tres días por favor | relative_day(+3)
fechas2/train/fechas2_000754.es.wav,el siguiente jueves | next_day('thursday')
fechas2/train/fechas2_000755.es.wav,por favor este viernes | next_day('friday')
fechas2/train/fechas2_000756.es.wav,el martes gracias | next_day('tuesday')
fechas2/train/fechas2_000757.es.wav,el viernes próximo | next_day('friday')
fechas2/train/fechas2_000758.es.wav,el miércoles siguiente | next_day('wednesday')
fechas2/train/fechas2_000759.es.wav,este viernes próximo | next_day('friday')
fechas2/train/fechas2_000760.es.wav,en tres días | relative_day(+3)
fechas2/train/fechas2_000761.es.wav,el miércoles gracias | next_day('wednesday')
fechas2/train/fechas2_000762.es.wav,el jueves | next_day('thursday')
fechas2/train/fechas2_000763.es.wav,pasado mañana | relative_day(+2)
fechas2/train/fechas2_000764.es.wav,en un par de días por favor | relative_day(+2)
fechas2/train/fechas2_000765.es.wav,el siguiente martes gracias | next_day('tuesday')
fechas2/train/fechas2_000766.es.wav,en un par de días | relative_day(+2)
fechas2/train/fechas2_000767.es.wav,el miércoles próximo | next_day('wednesday')
fechas2/train/fechas2_000768.es.wav,este miércoles | next_day('wednesday')
fechas2/train/fechas2_000769.es.wav,en un par de días | relative_day(+2)
fechas2/train/fechas2_000770.es.wav,el jueves próximo | next_day('thursday')
fechas2/train/fechas2_000771.es.wav,en un par de días | relative_day(+2)
fechas2/train/fechas2_000772.es.wav,pasado mañana | relative_day(+2)
fechas2/train/fechas2_000773.es.wav,el próximo jueves | next_day('thursday')
fechas2/train/fechas2_000774.es.wav,en un par de días | relative_day(+2)
fechas2/train/fechas2_000775.es.wav,este martes | next_day('tuesday')
fechas2/train/fechas2_000776.es.wav,el jueves siguiente | next_day('thursday')
fechas2/train/fechas2_000777.es.wav,el miércoles siguiente | next_day('wednesday')
fechas2/train/fechas2_000778.es.wav,el siguiente viernes | next_day('friday')
fechas2/train/fechas2_000779.es.wav,el próximo jueves | next_day('thursday')
fechas2/train/fechas2_000780.es.wav,en tres días | relative_day(+3)
fechas2/train/fechas2_000781.es.wav,este viernes por favor | next_day('friday')
fechas2/train/fechas2_000782.es.wav,el próximo jueves | next_day('thursday')
fechas2/train/fechas2_000783.es.wav,el lunes siguiente por favor | next_day('monday')
fechas2/train/fechas2_000784.es.wav,el lunes | next_day('monday')
fechas2/train/fechas2_000785.es.wav,este viernes | next_day('friday')
fechas2/train/fechas2_000786.es.wav,este lunes que viene por favor | next_day('monday')
fechas2/train/fechas2_000787.es.wav,mañana | relative_day(+1)
fechas2/train/fechas2_000788.es.wav,este miércoles siguiente | next_day('wednesday')
fechas2/train/fechas2_000789.es.wav,este viernes próximo | next_day('friday')
fechas2/train/fechas2_000790.es.wav,este martes siguiente por favor | next_day('tuesday')
fechas2/train/fechas2_000791.es.wav,por favor el martes que viene | next_day('tuesday')
fechas2/train/fechas2_000792.es.wav,el próximo viernes | next_day('friday')
fechas2/train/fechas2_000793.es.wav,el miércoles gracias | next_day('wednesday')
fechas2/train/fechas2_000794.es.wav,este jueves que viene | next_day('thursday')
fechas2/train/fechas2_000795.es.wav,en un par de días gracias | relative_day(+2)
fechas2/train/fechas2_000796.es.wav,el jueves | next_day('thursday')
fechas2/train/fechas2_000797.es.wav,por favor en tres días | relative_day(+3)
fechas2/train/fechas2_000798.es.wav,por favor el siguiente viernes | next_day('friday')
fechas2/train/fechas2_000799.es.wav,mañana gracias | relative_day(+1)
fechas2/train/fechas2_000800.es.wav,el lunes siguiente | next_day('monday')
fechas2/train/fechas2_000801.es.wav,el próximo jueves por favor | next_day('thursday')
fechas2/train/fechas2_000802.es.wav,el próximo martes gracias | next_day('tuesday')
fechas2/train/fechas2_000803.es.wav,el lunes que viene | next_day('monday')
fechas2/train/fechas2_000804.es.wav,el próximo jueves | next_day('thursday')
fechas2/train/fechas2_000805.es.wav,el siguiente lunes gracias | next_day('monday')
fechas2/train/fechas2_000806.es.wav,el siguiente jueves | next_day('thursday')
fechas2/train/fechas2_000807.es.wav,el próximo lunes | next_day('monday')
fechas2/train/fechas2_000808.es.wav,este miércoles que viene por favor | next_day('wednesday')
fechas2/train/fechas2_000809.es.wav,en un par de días gracias | relative_day(+2)
fechas2/train/fechas2_000810.es.wav,el siguiente viernes por favor | next_day('friday')
fechas2/train/fechas2_000811.es.wav,el jueves que viene | next_day('thursday')
fechas2/train/fechas2_000812.es.wav,el viernes siguiente | next_day('friday')
fechas2/train/fechas2_000813.es.wav,el martes siguiente por favor | next_day('tuesday')
fechas2/train/fechas2_000814.es.wav,por favor en un par de días | relative_day(+2)
fechas2/train/fechas2_000815.es.wav,en tres días | relative_day(+3)
fechas2/train/fechas2_000816.es.wav,este jueves próximo | next_day('thursday')
fechas2/train/fechas2_000817.es.wav,el martes | next_day('tuesday')
fechas2/train/fechas2_000818.es.wav,por favor el siguiente viernes | next_day('friday')
fechas2/train/fechas2_000819.es.wav,el próximo lunes | next_day('monday')
fechas2/train/fechas2_000820.es.wav,este lunes | next_day('monday')
fechas2/train/fechas2_000821.es.wav,este viernes que viene por favor | next_day('friday')
fechas2/train/fechas2_000822.es.wav,este jueves siguiente | next_day('thursday')
fechas2/train/fechas2_000823.es.wav,este martes por favor | next_day('tuesday')
fechas2/train/fechas2_000824.es.wav,el viernes siguiente por favor | next_day('friday')
fechas2/train/fechas2_000825.es.wav,por favor el lunes siguiente | next_day('monday')
fechas2/train/fechas2_000826.es.wav,este viernes gracias | next_day('friday')
fechas2/train/fechas2_000827.es.wav,en tres días | relative_day(+3)
fechas2/train/fechas2_000828.es.wav,este miércoles por favor | next_day('wednesday')
fechas2/train/fechas2_000829.es.wav,el viernes | next_day('friday')
fechas2/train/fechas2_000830.es.wav,en tres días | relative_day(+3)
fechas2/train/fechas2_000831.es.wav,el jueves que viene | next_day('thursday')
fechas2/train/fechas2_000832.es.wav,este jueves | next_day('thursday')
fechas2/train/fechas2_000833.es.wav,este jueves por favor | next_day('thursday')
fechas2/train/fechas2_000834.es.wav,en un par de días gracias | relative_day(+2)
fechas2/train/fechas2_000835.es.wav,este martes que viene | next_day('tuesday')
fechas2/train/fechas2_000836.es.wav,pasado mañana | relative_day(+2)
fechas2/train/fechas2_000837.es.wav,este miércoles gracias | next_day('wednesday')
fechas2/train/fechas2_000838.es.wav,el siguiente viernes | next_day('friday')
fechas2/train/fechas2_000839.es.wav,el viernes gracias | next_day('friday')
fechas2/train/fechas2_000840.es.wav,este lunes por favor | next_day('monday')
fechas2/train/fechas2_000841.es.wav,este viernes | next_day('friday')
fechas2/train/fechas2_000842.es.wav,el próximo jueves gracias | next_day('thursday')
fechas2/train/fechas2_000843.es.wav,en tres días gracias | relative_day(+3)
fechas2/train/fechas2_000844.es.wav,en tres días | relative_day(+3)
fechas2/train/fechas2_000845.es.wav,el viernes | next_day('friday')
fechas2/train/fechas2_000846.es.wav,el lunes siguiente por favor | next_day('monday')
fechas2/train/fechas2_000847.es.wav,el siguiente lunes | next_day('monday')
fechas2/train/fechas2_000848.es.wav,el jueves siguiente gracias | next_day('thursday')
fechas2/train/fechas2_000849.es.wav,mañana | relative_day(+1)
fechas2/train/fechas2_000850.es.wav,este viernes | next_day('friday')
fechas2/train/fechas2_000851.es.wav,el próximo jueves por favor | next_day('thursday')
fechas2/train/fechas2_000852.es.wav,este miércoles que viene | next_day('wednesday')
fechas2/train/fechas2_000853.es.wav,el próximo jueves gracias | next_day('thursday')
fechas2/train/fechas2_000854.es.wav,por favor el miércoles próximo | next_day('wednesday')
fechas2/train/fechas2_000855.es.wav,el lunes | next_day('monday')
fechas2/train/fechas2_000856.es.wav,en tres días gracias | relative_day(+3)
fechas2/train/fechas2_000857.es.wav,el próximo viernes | next_day('friday')
fechas2/train/fechas2_000858.es.wav,pasado mañana | relative_day(+2)
fechas2/train/fechas2_000859.es.wav,en tres días por favor | relative_day(+3)
fechas2/train/fechas2_000860.es.wav,este martes que viene | next_day('tuesday')
fechas2/train/fechas2_000861.es.wav,este martes que viene por favor | next_day('tuesday')
fechas2/train/fechas2_000862.es.wav,el siguiente miércoles | next_day('wednesday')
fechas2/train/fechas2_000863.es.wav,este lunes | next_day('monday')
fechas2/train/fechas2_000864.es.wav,el jueves que viene | next_day('thursday')
fechas2/train/fechas2_000865.es.wav,este lunes próximo | next_day('monday')
fechas2/train/fechas2_000866.es.wav,mañana | relative_day(+1)
fechas2/train/fechas2_000867.es.wav,este martes gracias | next_day('tuesday')
fechas2/train/fechas2_000868.es.wav,por favor el siguiente viernes | next_day('friday')
fechas2/train/fechas2_000869.es.wav,el siguiente viernes | next_day('friday')
fechas2/train/fechas2_000870.es.wav,este jueves por favor | next_day('thursday')
fechas2/train/fechas2_000871.es.wav,el siguiente miércoles | next_day('wednesday')
fechas2/train/fechas2_000872.es.wav,el martes siguiente | next_day('tuesday')
fechas2/train/fechas2_000873.es.wav,este jueves | next_day('thursday')
fechas2/train/fechas2_000874.es.wav,el próximo jueves por favor | next_day('thursday')
fechas2/train/fechas2_000875.es.wav,en tres días | relative_day(+3)
fechas2/train/fechas2_000876.es.wav,por favor este miércoles | next_day('wednesday')
fechas2/train/fechas2_000877.es.wav,por favor mañana | relative_day(+1)
fechas2/train/fechas2_000878.es.wav,el lunes siguiente gracias | next_day('monday')
fechas2/train/fechas2_000879.es.wav,el miércoles | next_day('wednesday')
fechas2/train/fechas2_000880.es.wav,este lunes siguiente | next_day('monday')
fechas2/train/fechas2_000881.es.wav,en tres días | relative_day(+3)
fechas2/train/fechas2_000882.es.wav,el próximo miércoles por favor | next_day('wednesday')
fechas2/train/fechas2_000883.es.wav,el viernes que viene | next_day('friday')
fechas2/train/fechas2_000884.es.wav,este miércoles próximo | next_day('wednesday')
fechas2/train/fechas2_000885.es.wav,el próximo lunes | next_day('monday')
fechas2/train/fechas2_000886.es.wav,el siguiente jueves | next_day('thursday')
fechas2/train/fechas2_000887.es.wav,el próximo jueves | next_day('thursday')
fechas2/train/fechas2_000888.es.wav,en un par de días | relative_day(+2)
fechas2/train/fechas2_000889.es.wav,el martes siguiente | next_day('tuesday')
fechas2/train/fechas2_000890.es.wav,el miércoles | next_day('wednesday')
fechas2/train/fechas2_000891.es.wav,el siguiente martes por favor | next_day('tuesday')
fechas2/train/fechas2_000892.es.wav,el viernes próximo gracias | next_day('friday')
fechas2/train/fechas2_000893.es.wav,en tres días por favor | relative_day(+3)
fechas2/train/fechas2_000894.es.wav,el jueves | next_day('thursday')
fechas2/train/fechas2_000895.es.wav,en tres días gracias | relative_day(+3)
fechas2/train/fechas2_000896.es.wav,el martes | next_day('tuesday')
fechas2/train/fechas2_000897.es.wav,el próximo lunes por favor | next_day('monday')
fechas2/train/fechas2_000898.es.wav,por favor el próximo jueves | next_day('thursday')
fechas2/train/fechas2_000899.es.wav,este martes siguiente | next_day('tuesday')
fechas2/train/fechas2_000900.es.wav,mañana | relative_day(+1)
fechas2/train/fechas2_000901.es.wav,este lunes próximo | next_day('monday')
fechas2/train/fechas2_000902.es.wav,por favor este jueves | next_day('thursday')
fechas2/train/fechas2_000903.es.wav,por favor este martes | next_day('tuesday')
fechas2/train/fechas2_000904.es.wav,el miércoles | next_day('wednesday')
fechas2/train/fechas2_000905.es.wav,el viernes gracias | next_day('friday')
fechas2/train/fechas2_000906.es.wav,el siguiente viernes por favor | next_day('friday')
fechas2/train/fechas2_000907.es.wav,este lunes que viene | next_day('monday')
fechas2/train/fechas2_000908.es.wav,este lunes | next_day('monday')
fechas2/train/fechas2_000909.es.wav,el siguiente viernes | next_day('friday')
fechas2/train/fechas2_000910.es.wav,pasado mañana | relative_day(+2)
fechas2/train/fechas2_000911.es.wav,este martes siguiente por favor | next_day('tuesday')
fechas2/train/fechas2_000912.es.wav,este jueves siguiente gracias | next_day('thursday')
fechas2/train/fechas2_000913.es.wav,el siguiente lunes | next_day('monday')
fechas2/train/fechas2_000914.es.wav,en un par de días | relative_day(+2)
fechas2/train/fechas2_000915.es.wav,el siguiente viernes | next_day('friday')
fechas2/train/fechas2_000916.es.wav,el martes | next_day('tuesday')
fechas2/train/fechas2_000917.es.wav,este martes que viene | next_day('tuesday')
fechas2/train/fechas2_000918.es.wav,el siguiente viernes | next_day('friday')
fechas2/train/fechas2_000919.es.wav,este viernes | next_day('friday')
fechas2/train/fechas2_000920.es.wav,por favor este miércoles próximo | next_day('wednesday')
fechas2/train/fechas2_000921.es.wav,este lunes próximo | next_day('monday')
fechas2/train/fechas2_000922.es.wav,por favor este miércoles | next_day('wednesday')
fechas2/train/fechas2_000923.es.wav,el viernes | next_day('friday')
fechas2/train/fechas2_000924.es.wav,el viernes próximo | next_day('friday')
fechas2/train/fechas2_000925.es.wav,el miércoles | next_day('wednesday')
fechas2/train/fechas2_000926.es.wav,en un par de días | relative_day(+2)
fechas2/train/fechas2_000927.es.wav,en tres días | relative_day(+3)
fechas2/train/fechas2_000928.es.wav,en tres días | relative_day(+3)
fechas2/train/fechas2_000929.es.wav,este martes próximo | next_day('tuesday')
fechas2/train/fechas2_000930.es.wav,en tres días gracias | relative_day(+3)
fechas2/train/fechas2_000931.es.wav,pasado mañana | relative_day(+2)
fechas2/train/fechas2_000932.es.wav,en tres días gracias | relative_day(+3)
fechas2/train/fechas2_000933.es.wav,el siguiente miércoles | next_day('wednesday')
fechas2/train/fechas2_000934.es.wav,el lunes próximo | next_day('monday')
fechas2/train/fechas2_000935.es.wav,el lunes por favor | next_day('monday')
fechas2/train/fechas2_000936.es.wav,mañana | relative_day(+1)
fechas2/train/fechas2_000937.es.wav,el viernes siguiente | next_day('friday')
fechas2/train/fechas2_000938.es.wav,el próximo jueves | next_day('thursday')
fechas2/train/fechas2_000939.es.wav,el próximo viernes por favor | next_day('friday')
fechas2/train/fechas2_000940.es.wav,el viernes por favor | next_day('friday')
fechas2/train/fechas2_000941.es.wav,el lunes gracias | next_day('monday')
fechas2/train/fechas2_000942.es.wav,por favor pasado mañana | relative_day(+2)
fechas2/train/fechas2_000943.es.wav,por favor el jueves | next_day('thursday')
fechas2/train/fechas2_000944.es.wav,en tres días | relative_day(+3)
fechas2/train/fechas2_000945.es.wav,este lunes que viene | next_day('monday')
fechas2/train/fechas2_000946.es.wav,el siguiente lunes | next_day('monday')
fechas2/train/fechas2_000947.es.wav,el jueves que viene | next_day('thursday')
fechas2/train/fechas2_000948.es.wav,el siguiente lunes | next_day('monday')
fechas2/train/fechas2_000949.es.wav,en un par de días por favor | relative_day(+2)
fechas2/train/fechas2_000950.es.wav,el viernes | next_day('friday')
fechas2/train/fechas2_000951.es.wav,por favor este jueves siguiente | next_day('thursday')
fechas2/train/fechas2_000952.es.wav,el próximo jueves gracias | next_day('thursday')
fechas2/train/fechas2_000953.es.wav,en tres días gracias | relative_day(+3)
fechas2/train/fechas2_000954.es.wav,este miércoles que viene | next_day('wednesday')
fechas2/train/fechas2_000955.es.wav,el próximo viernes gracias | next_day('friday')
fechas2/train/fechas2_000956.es.wav,el siguiente martes | next_day('tuesday')
fechas2/train/fechas2_000957.es.wav,por favor el próximo lunes | next_day('monday')
fechas2/train/fechas2_000958.es.wav,el martes por favor | next_day('tuesday')
fechas2/train/fechas2_000959.es.wav,en tres días gracias | relative_day(+3)
fechas2/train/fechas2_000960.es.wav,este martes próximo gracias | next_day('tuesday')
fechas2/train/fechas2_000961.es.wav,el jueves gracias | next_day('thursday')
fechas2/train/fechas2_000962.es.wav,el siguiente lunes | next_day('monday')
fechas2/train/fechas2_000963.es.wav,por favor el siguiente lunes | next_day('monday')
fechas2/train/fechas2_000964.es.wav,el próximo jueves | next_day('thursday')
fechas2/train/fechas2_000965.es.wav,por favor este lunes próximo | next_day('monday')
fechas2/train/fechas2_000966.es.wav,el siguiente viernes | next_day('friday')
fechas2/train/fechas2_000967.es.wav,este jueves | next_day('thursday')
fechas2/train/fechas2_000968.es.wav,el jueves por favor | next_day('thursday')
fechas2/train/fechas2_000969.es.wav,el lunes | next_day('monday')
fechas2/train/fechas2_000970.es.wav,el miércoles próximo | next_day('wednesday')
fechas2/train/fechas2_000971.es.wav,en un par de días gracias | relative_day(+2)
fechas2/train/fechas2_000972.es.wav,el martes | next_day('tuesday')
fechas2/train/fechas2_000973.es.wav,el miércoles gracias | next_day('wednesday')
fechas2/train/fechas2_000974.es.wav,por favor el siguiente jueves | next_day('thursday')
fechas2/train/fechas2_000975.es.wav,pasado mañana | relative_day(+2)
fechas2/train/fechas2_000976.es.wav,en tres días | relative_day(+3)
fechas2/train/fechas2_000977.es.wav,el próximo jueves | next_day('thursday')
fechas2/train/fechas2_000978.es.wav,pasado mañana | relative_day(+2)
fechas2/train/fechas2_000979.es.wav,este martes gracias | next_day('tuesday')
fechas2/train/fechas2_000980.es.wav,este viernes | next_day('friday')
fechas2/train/fechas2_000981.es.wav,por favor el próximo viernes | next_day('friday')
fechas2/train/fechas2_000982.es.wav,el próximo jueves gracias | next_day('thursday')
fechas2/train/fechas2_000983.es.wav,el siguiente martes por favor | next_day('tuesday')
fechas2/train/fechas2_000984.es.wav,el lunes gracias | next_day('monday')
fechas2/train/fechas2_000985.es.wav,el próximo miércoles | next_day('wednesday')
fechas2/train/fechas2_000986.es.wav,este jueves | next_day('thursday')
fechas2/train/fechas2_000987.es.wav,el lunes siguiente gracias | next_day('monday')
fechas2/train/fechas2_000988.es.wav,el jueves siguiente por favor | next_day('thursday')
fechas2/train/fechas2_000989.es.wav,este jueves | next_day('thursday')
fechas2/train/fechas2_000990.es.wav,por favor este lunes siguiente | next_day('monday')
fechas2/train/fechas2_000991.es.wav,este miércoles próximo gracias | next_day('wednesday')
fechas2/train/fechas2_000992.es.wav,el siguiente lunes gracias | next_day('monday')
fechas2/train/fechas2_000993.es.wav,pasado mañana | relative_day(+2)
fechas2/train/fechas2_000994.es.wav,este viernes | next_day('friday')
fechas2/train/fechas2_000995.es.wav,este jueves | next_day('thursday')
fechas2/train/fechas2_000996.es.wav,pasado mañana por favor | relative_day(+2)
fechas2/train/fechas2_000997.es.wav,el siguiente jueves | next_day('thursday')
fechas2/train/fechas2_000998.es.wav,en tres días gracias | relative_day(+3)
fechas2/train/fechas2_000999.es.wav,el lunes próximo | next_day('monday')
fechas2/train/fechas2_001000.es.wav,el próximo jueves | next_day('thursday')
fechas2/train/fechas2_001001.es.wav,el siguiente martes | next_day('tuesday')
fechas2/train/fechas2_001002.es.wav,por favor el próximo jueves | next_day('thursday')
fechas2/train/fechas2_001003.es.wav,mañana por favor | relative_day(+1)
fechas2/train/fechas2_001004.es.wav,el próximo lunes por favor | next_day('monday')
fechas2/train/fechas2_001005.es.wav,el martes próximo | next_day('tuesday')
fechas2/train/fechas2_001006.es.wav,el viernes siguiente por favor | next_day('friday')
fechas2/train/fechas2_001007.es.wav,el martes | next_day('tuesday')
fechas2/train/fechas2_001008.es.wav,el siguiente lunes | next_day('monday')
fechas2/train/fechas2_001009.es.wav,en un par de días gracias | relative_day(+2)
fechas2/train/fechas2_001010.es.wav,este martes siguiente por favor | next_day('tuesday')
fechas2/train/fechas2_001011.es.wav,este jueves | next_day('thursday')
fechas2/train/fechas2_001012.es.wav,el miércoles | next_day('wednesday')
fechas2/train/fechas2_001013.es.wav,en tres días gracias | relative_day(+3)
fechas2/train/fechas2_001014.es.wav,el lunes | next_day('monday')
fechas2/train/fechas2_001015.es.wav,en un par de días | relative_day(+2)
fechas2/train/fechas2_001016.es.wav,el siguiente jueves gracias | next_day('thursday')
fechas2/train/fechas2_001017.es.wav,el próximo jueves | next_day('thursday')
fechas2/train/fechas2_001018.es.wav,en tres días | relative_day(+3)
fechas2/train/fechas2_001019.es.wav,este lunes | next_day('monday')
fechas2/train/fechas2_001020.es.wav,por favor este jueves que viene | next_day('thursday')
fechas2/train/fechas2_001021.es.wav,pasado mañana por favor | relative_day(+2)
fechas2/train/fechas2_001022.es.wav,mañana | relative_day(+1)
fechas2/train/fechas2_001023.es.wav,mañana | relative_day(+1)
fechas2/train/fechas2_001024.es.wav,el siguiente viernes por favor | next_day('friday')
fechas2/train/fechas2_001025.es.wav,el próximo viernes | next_day('friday')
fechas2/train/fechas2_001026.es.wav,por favor el martes | next_day('tuesday')
fechas2/train/fechas2_001027.es.wav,el martes siguiente gracias | next_day('tuesday')
fechas2/train/fechas2_001028.es.wav,en un par de días gracias | relative_day(+2)
fechas2/train/fechas2_001029.es.wav,en tres días por favor | relative_day(+3)
fechas2/train/fechas2_001030.es.wav,por favor el próximo lunes | next_day('monday')
fechas2/train/fechas2_001031.es.wav,el jueves | next_day('thursday')
fechas2/train/fechas2_001032.es.wav,este miércoles siguiente | next_day('wednesday')
fechas2/train/fechas2_001033.es.wav,en tres días gracias | relative_day(+3)
fechas2/train/fechas2_001034.es.wav,el viernes | next_day('friday')
fechas2/train/fechas2_001035.es.wav,en un par de días | relative_day(+2)
fechas2/train/fechas2_001036.es.wav,el lunes | next_day('monday')
fechas2/train/fechas2_001037.es.wav,por favor en tres días | relative_day(+3)
fechas2/train/fechas2_001038.es.wav,el miércoles que viene | next_day('wednesday')
fechas2/train/fechas2_001039.es.wav,el siguiente miércoles por favor | next_day('wednesday')
fechas2/train/fechas2_001040.es.wav,el viernes siguiente | next_day('friday')
fechas2/train/fechas2_001041.es.wav,este jueves que viene | next_day('thursday')
fechas2/train/fechas2_001042.es.wav,el viernes próximo por favor | next_day('friday')
fechas2/train/fechas2_001043.es.wav,el siguiente lunes gracias | next_day('monday')
fechas2/train/fechas2_001044.es.wav,mañana | relative_day(+1)
fechas2/train/fechas2_001045.es.wav,pasado mañana por favor | relative_day(+2)
fechas2/train/fechas2_001046.es.wav,el martes siguiente por favor | next_day('tuesday')
fechas2/train/fechas2_001047.es.wav,este miércoles por favor | next_day('wednesday')
fechas2/train/fechas2_001048.es.wav,el miércoles próximo | next_day('wednesday')
fechas2/train/fechas2_001049.es.wav,en tres días gracias | relative_day(+3)
fechas2/train/fechas2_001050.es.wav,el lunes próximo gracias | next_day('monday')
fechas2/train/fechas2_001051.es.wav,por favor el próximo jueves | next_day('thursday')
fechas2/train/fechas2_001052.es.wav,el próximo jueves | next_day('thursday')
fechas2/train/fechas2_001053.es.wav,por favor en un par de días | relative_day(+2)
fechas2/train/fechas2_001054.es.wav,pasado mañana por favor | relative_day(+2)
fechas2/train/fechas2_001055.es.wav,en un par de días | relative_day(+2)
fechas2/train/fechas2_001056.es.wav,el jueves próximo | next_day('thursday')
fechas2/train/fechas2_001057.es.wav,por favor en un par de días | relative_day(+2)
fechas2/train/fechas2_001058.es.wav,por favor mañana | relative_day(+1)
fechas2/train/fechas2_001059.es.wav,el próximo lunes por favor | next_day('monday')
fechas2/train/fechas2_001060.es.wav,el martes siguiente por favor | next_day('tuesday')
fechas2/train/fechas2_001061.es.wav,el siguiente lunes | next_day('monday')
fechas2/train/fechas2_001062.es.wav,el miércoles | next_day('wednesday')
fechas2/train/fechas2_001063.es.wav,por favor el siguiente lunes | next_day('monday')
fechas2/train/fechas2_001064.es.wav,en tres días | relative_day(+3)
fechas2/train/fechas2_001065.es.wav,en tres días | relative_day(+3)
fechas2/train/fechas2_001066.es.wav,el siguiente lunes | next_day('monday')
fechas2/train/fechas2_001067.es.wav,el próximo viernes | next_day('friday')
fechas2/train/fechas2_001068.es.wav,en un par de días | relative_day(+2)
fechas2/train/fechas2_001069.es.wav,este jueves próximo | next_day('thursday')
fechas2/train/fechas2_001070.es.wav,por favor el siguiente jueves | next_day('thursday')
fechas2/train/fechas2_001071.es.wav,este jueves | next_day('thursday')
fechas2/train/fechas2_001072.es.wav,este miércoles siguiente gracias | next_day('wednesday')
fechas2/train/fechas2_001073.es.wav,el siguiente martes gracias | next_day('tuesday')
fechas2/train/fechas2_001074.es.wav,el martes siguiente | next_day('tuesday')
fechas2/train/fechas2_001075.es.wav,el siguiente martes por favor | next_day('tuesday')
fechas2/train/fechas2_001076.es.wav,por favor el jueves próximo | next_day('thursday')
fechas2/train/fechas2_001077.es.wav,en un par de días | relative_day(+2)
fechas2/train/fechas2_001078.es.wav,en tres días | relative_day(+3)
fechas2/train/fechas2_001079.es.wav,el miércoles gracias | next_day('wednesday')
fechas2/train/fechas2_001080.es.wav,el siguiente miércoles | next_day('wednesday')
fechas2/train/fechas2_001081.es.wav,este jueves | next_day('thursday')
fechas2/train/fechas2_001082.es.wav,este martes por favor | next_day('tuesday')
fechas2/train/fechas2_001083.es.wav,por favor en un par de días | relative_day(+2)
fechas2/train/fechas2_001084.es.wav,el próximo lunes | next_day('monday')
fechas2/train/fechas2_001085.es.wav,este martes próximo | next_day('tuesday')
fechas2/train/fechas2_001086.es.wav,el lunes gracias | next_day('monday')
fechas2/train/fechas2_001087.es.wav,el martes | next_day('tuesday')
fechas2/train/fechas2_001088.es.wav,este miércoles gracias | next_day('wednesday')
fechas2/train/fechas2_001089.es.wav,este lunes que viene | next_day('monday')
fechas2/train/fechas2_001090.es.wav,el martes siguiente | next_day('tuesday')
fechas2/train/fechas2_001091.es.wav,por favor este lunes | next_day('monday')
fechas2/train/fechas2_001092.es.wav,este lunes próximo | next_day('monday')
fechas2/train/fechas2_001093.es.wav,este miércoles que viene gracias | next_day('wednesday')
fechas2/train/fechas2_001094.es.wav,en tres días | relative_day(+3)
fechas2/train/fechas2_001095.es.wav,el martes | next_day('tuesday')
fechas2/train/fechas2_001096.es.wav,el viernes | next_day('friday')
fechas2/train/fechas2_001097.es.wav,el jueves | next_day('thursday')
fechas2/train/fechas2_001098.es.wav,en tres días por favor | relative_day(+3)
fechas2/train/fechas2_001099.es.wav,pasado mañana gracias | relative_day(+2)
fechas2/train/fechas2_001100.es.wav,este viernes por favor | next_day('friday')
fechas2/train/fechas2_001101.es.wav,pasado mañana | relative_day(+2)
fechas2/train/fechas2_001102.es.wav,pasado mañana | relative_day(+2)
fechas2/train/fechas2_001103.es.wav,por favor este lunes próximo | next_day('monday')
fechas2/train/fechas2_001104.es.wav,este miércoles | next_day('wednesday')
fechas2/train/fechas2_001105.es.wav,el viernes que viene por favor | next_day('friday')
fechas2/train/fechas2_001106.es.wav,por favor este lunes que viene | next_day('monday')
fechas2/train/fechas2_001107.es.wav,el siguiente jueves | next_day('thursday')
fechas2/train/fechas2_001108.es.wav,mañana | relative_day(+1)
fechas2/train/fechas2_001109.es.wav,pasado mañana gracias | relative_day(+2)
fechas2/train/fechas2_001110.es.wav,este miércoles que viene | next_day('wednesday')
fechas2/train/fechas2_001111.es.wav,pasado mañana | relative_day(+2)
fechas2/train/fechas2_001112.es.wav,en tres días por favor | relative_day(+3)
fechas2/train/fechas2_001113.es.wav,por favor este martes siguiente | next_day('tuesday')
fechas2/train/fechas2_001114.es.wav,el lunes siguiente | next_day('monday')
fechas2/train/fechas2_001115.es.wav,el próximo viernes | next_day('friday')
fechas2/train/fechas2_001116.es.wav,el próximo viernes | next_day('friday')
fechas2/train/fechas2_001117.es.wav,en tres días | relative_day(+3)
fechas2/train/fechas2_001118.es.wav,el siguiente miércoles | next_day('wednesday')
fechas2/train/fechas2_001119.es.wav,en un par de días | relative_day(+2)
fechas2/train/fechas2_001120.es.wav,el viernes | next_day('friday')
fechas2/train/fechas2_001121.es.wav,por favor este viernes que viene | next_day('friday')
fechas2/train/fechas2_001122.es.wav,este miércoles que viene gracias | next_day('wednesday')
fechas2/train/fechas2_001123.es.wav,por favor el martes | next_day('tuesday')
fechas2/train/fechas2_001124.es.wav,en tres días gracias | relative_day(+3)
fechas2/train/fechas2_001125.es.wav,el viernes próximo | next_day('friday')
fechas2/train/fechas2_001126.es.wav,en tres días | relative_day(+3)
fechas2/train/fechas2_001127.es.wav,el siguiente jueves por favor | next_day('thursday')
fechas2/train/fechas2_001128.es.wav,este miércoles próximo gracias | next_day('wednesday')
fechas2/train/fechas2_001129.es.wav,por favor el miércoles | next_day('wednesday')
fechas2/train/fechas2_001130.es.wav,el próximo jueves | next_day('thursday')
fechas2/train/fechas2_001131.es.wav,en tres días | relative_day(+3)
fechas2/train/fechas2_001132.es.wav,el siguiente lunes gracias | next_day('monday')
fechas2/train/fechas2_001133.es.wav,el próximo viernes | next_day('friday')
fechas2/train/fechas2_001134.es.wav,este martes | next_day('tuesday')
fechas2/train/fechas2_001135.es.wav,el viernes siguiente por favor | next_day('friday')
fechas2/train/fechas2_001136.es.wav,este miércoles siguiente | next_day('wednesday')
fechas2/train/fechas2_001137.es.wav,en tres días | relative_day(+3)
fechas2/train/fechas2_001138.es.wav,en un par de días | relative_day(+2)
fechas2/train/fechas2_001139.es.wav,el jueves que viene gracias | next_day('thursday')
fechas2/train/fechas2_001140.es.wav,en un par de días | relative_day(+2)
fechas2/train/fechas2_001141.es.wav,el martes siguiente | next_day('tuesday')
fechas2/train/fechas2_001142.es.wav,este miércoles gracias | next_day('wednesday')
fechas2/train/fechas2_001143.es.wav,este miércoles próximo | next_day('wednesday')
fechas2/train/fechas2_001144.es.wav,el viernes siguiente | next_day('friday')
fechas2/train/fechas2_001145.es.wav,el miércoles que viene | next_day('wednesday')
fechas2/train/fechas2_001146.es.wav,el siguiente jueves | next_day('thursday')
fechas2/train/fechas2_001147.es.wav,pasado mañana gracias | relative_day(+2)
fechas2/train/fechas2_001148.es.wav,por favor el siguiente miércoles | next_day('wednesday')
fechas2/train/fechas2_001149.es.wav,este martes por favor | next_day('tuesday')
fechas2/train/fechas2_001150.es.wav,por favor el próximo jueves | next_day('thursday')
fechas2/train/fechas2_001151.es.wav,este lunes | next_day('monday')
fechas2/train/fechas2_001152.es.wav,en un par de días | relative_day(+2)
fechas2/train/fechas2_001153.es.wav,en tres días gracias | relative_day(+3)
fechas2/train/fechas2_001154.es.wav,el siguiente lunes | next_day('monday')
fechas2/train/fechas2_001155.es.wav,este miércoles que viene por favor | next_day('wednesday')
fechas2/train/fechas2_001156.es.wav,el miércoles siguiente gracias | next_day('wednesday')
fechas2/train/fechas2_001157.es.wav,el próximo miércoles | next_day('wednesday')
fechas2/train/fechas2_001158.es.wav,en un par de días | relative_day(+2)
fechas2/train/fechas2_001159.es.wav,el siguiente miércoles | next_day('wednesday')
fechas2/train/fechas2_001160.es.wav,en un par de días | relative_day(+2)
fechas2/train/fechas2_001161.es.wav,por favor el próximo miércoles | next_day('wednesday')
fechas2/train/fechas2_001162.es.wav,este viernes | next_day('friday')
fechas2/train/fechas2_001163.es.wav,el próximo martes por favor | next_day('tuesday')
fechas2/train/fechas2_001164.es.wav,por favor este viernes próximo | next_day('friday')
fechas2/train/fechas2_001165.es.wav,en un par de días por favor | relative_day(+2)
fechas2/train/fechas2_001166.es.wav,este lunes por favor | next_day('monday')
fechas2/train/fechas2_001167.es.wav,el próximo viernes gracias | next_day('friday')
fechas2/train/fechas2_001168.es.wav,el siguiente lunes | next_day('monday')
fechas2/train/fechas2_001169.es.wav,por favor pasado mañana | relative_day(+2)
fechas2/train/fechas2_001170.es.wav,este lunes próximo por favor | next_day('monday')
fechas2/train/fechas2_001171.es.wav,el lunes próximo | next_day('monday')
fechas2/train/fechas2_001172.es.wav,el lunes próximo gracias | next_day('monday')
fechas2/train/fechas2_001173.es.wav,el próximo martes | next_day('tuesday')
fechas2/train/fechas2_001174.es.wav,el martes | next_day('tuesday')
fechas2/train/fechas2_001175.es.wav,el próximo miércoles | next_day('wednesday')
fechas2/train/fechas2_001176.es.wav,el martes por favor | next_day('tuesday')
fechas2/train/fechas2_001177.es.wav,este miércoles | next_day('wednesday')
fechas2/train/fechas2_001178.es.wav,el jueves gracias | next_day('thursday')
fechas2/train/fechas2_001179.es.wav,mañana | relative_day(+1)
fechas2/train/fechas2_001180.es.wav,el lunes por favor | next_day('monday')
fechas2/train/fechas2_001181.es.wav,el próximo jueves | next_day('thursday')
fechas2/train/fechas2_001182.es.wav,el miércoles que viene por favor | next_day('wednesday')
fechas2/train/fechas2_001183.es.wav,este viernes que viene | next_day('friday')
fechas2/train/fechas2_001184.es.wav,el jueves que viene | next_day('thursday')
fechas2/train/fechas2_001185.es.wav,este miércoles | next_day('wednesday')
fechas2/train/fechas2_001186.es.wav,el lunes | next_day('monday')
fechas2/train/fechas2_001187.es.wav,el lunes próximo por favor | next_day('monday')
fechas2/train/fechas2_001188.es.wav,este martes siguiente | next_day('tuesday')
fechas2/train/fechas2_001189.es.wav,el siguiente jueves | next_day('thursday')
fechas2/train/fechas2_001190.es.wav,el lunes por favor | next_day('monday')
fechas2/train/fechas2_001191.es.wav,por favor el próximo lunes | next_day('monday')
fechas2/train/fechas2_001192.es.wav,pasado mañana | relative_day(+2)
fechas2/train/fechas2_001193.es.wav,el siguiente martes | next_day('tuesday')
fechas2/train/fechas2_001194.es.wav,el martes gracias | next_day('tuesday')
fechas2/train/fechas2_001195.es.wav,el siguiente martes gracias | next_day('tuesday')
fechas2/train/fechas2_001196.es.wav,este jueves | next_day('thursday')
fechas2/train/fechas2_001197.es.wav,el lunes | next_day('monday')
fechas2/train/fechas2_001198.es.wav,el próximo miércoles | next_day('wednesday')
fechas2/train/fechas2_001199.es.wav,el lunes siguiente | next_day('monday')
fechas2/train/fechas2_001200.es.wav,el siguiente lunes por favor | next_day('monday')
fechas2/train/fechas2_001201.es.wav,en un par de días | relative_day(+2)
fechas2/train/fechas2_001202.es.wav,el lunes por favor | next_day('monday')
fechas2/train/fechas2_001203.es.wav,en tres días | relative_day(+3)
fechas2/train/fechas2_001204.es.wav,el miércoles siguiente | next_day('wednesday')
fechas2/train/fechas2_001205.es.wav,este jueves por favor | next_day('thursday')
fechas2/train/fechas2_001206.es.wav,en un par de días gracias | relative_day(+2)
fechas2/train/fechas2_001207.es.wav,el martes | next_day('tuesday')
fechas2/train/fechas2_001208.es.wav,este viernes siguiente | next_day('friday')
fechas2/train/fechas2_001209.es.wav,por favor el martes | next_day('tuesday')
fechas2/train/fechas2_001210.es.wav,por favor el siguiente viernes | next_day('friday')
fechas2/train/fechas2_001211.es.wav,este jueves siguiente | next_day('thursday')
fechas2/train/fechas2_001212.es.wav,en un par de días gracias | relative_day(+2)
fechas2/train/fechas2_001213.es.wav,el próximo lunes | next_day('monday')
fechas2/train/fechas2_001214.es.wav,el próximo viernes gracias | next_day('friday')
fechas2/train/fechas2_001215.es.wav,este miércoles | next_day('wednesday')
fechas2/train/fechas2_001216.es.wav,el jueves próximo | next_day('thursday')
fechas2/train/fechas2_001217.es.wav,por favor en un par de días | relative_day(+2)
fechas2/train/fechas2_001218.es.wav,el miércoles por favor | next_day('wednesday')
fechas2/train/fechas2_001219.es.wav,en un par de días | relative_day(+2)
fechas2/train/fechas2_001220.es.wav,el próximo lunes | next_day('monday')
fechas2/train/fechas2_001221.es.wav,este lunes gracias | next_day('monday')
fechas2/train/fechas2_001222.es.wav,este viernes que viene | next_day('friday')
fechas2/train/fechas2_001223.es.wav,en un par de días por favor | relative_day(+2)
fechas2/train/fechas2_001224.es.wav,el jueves | next_day('thursday')
fechas2/train/fechas2_001225.es.wav,el jueves | next_day('thursday')
fechas2/train/fechas2_001226.es.wav,en tres días | relative_day(+3)
fechas2/train/fechas2_001227.es.wav,en tres días por favor | relative_day(+3)
fechas2/train/fechas2_001228.es.wav,este viernes | next_day('friday')
fechas2/train/fechas2_001229.es.wav,en un par de días gracias | relative_day(+2)
fechas2/train/fechas2_001230.es.wav,este martes que viene | next_day('tuesday')
fechas2/train/fechas2_001231.es.wav,el siguiente martes | next_day('tuesday')
fechas2/train/fechas2_001232.es.wav,este lunes | next_day('monday')
fechas2/train/fechas2_001233.es.wav,el próximo jueves | next_day('thursday')
fechas2/train/fechas2_001234.es.wav,el siguiente jueves | next_day('thursday')
fechas2/train/fechas2_001235.es.wav,este viernes que viene gracias | next_day('friday')
fechas2/train/fechas2_001236.es.wav,por favor este viernes | next_day('friday')
fechas2/train/fechas2_001237.es.wav,el jueves | next_day('thursday')
fechas2/train/fechas2_001238.es.wav,el jueves próximo por favor | next_day('thursday')
fechas2/train/fechas2_001239.es.wav,en tres días | relative_day(+3)
fechas2/train/fechas2_001240.es.wav,este jueves siguiente gracias | next_day('thursday')
fechas2/train/fechas2_001241.es.wav,el lunes gracias | next_day('monday')
fechas2/train/fechas2_001242.es.wav,el próximo jueves | next_day('thursday')
fechas2/train/fechas2_001243.es.wav,por favor este jueves próximo | next_day('thursday')
fechas2/train/fechas2_001244.es.wav,el próximo jueves gracias | next_day('thursday')
fechas2/train/fechas2_001245.es.wav,el jueves | next_day('thursday')
fechas2/train/fechas2_001246.es.wav,el próximo miércoles gracias | next_day('wednesday')
fechas2/train/fechas2_001247.es.wav,este lunes gracias | next_day('monday')
fechas2/train/fechas2_001248.es.wav,el martes siguiente por favor | next_day('tuesday')
fechas2/train/fechas2_001249.es.wav,el jueves que viene | next_day('thursday')
fechas2/train/fechas2_001250.es.wav,en tres días gracias | relative_day(+3)
fechas2/train/fechas2_001251.es.wav,el lunes gracias | next_day('monday')
fechas2/train/fechas2_001252.es.wav,por favor el próximo miércoles | next_day('wednesday')
fechas2/train/fechas2_001253.es.wav,este jueves por favor | next_day('thursday')
fechas2/train/fechas2_001254.es.wav,en tres días | relative_day(+3)
fechas2/train/fechas2_001255.es.wav,este miércoles | next_day('wednesday')
fechas2/train/fechas2_001256.es.wav,en tres días | relative_day(+3)
fechas2/train/fechas2_001257.es.wav,el viernes por favor | next_day('friday')
fechas2/train/fechas2_001258.es.wav,este martes | next_day('tuesday')
fechas2/train/fechas2_001259.es.wav,el próximo miércoles | next_day('wednesday')
fechas2/train/fechas2_001260.es.wav,el jueves gracias | next_day('thursday')
fechas2/train/fechas2_001261.es.wav,el miércoles siguiente | next_day('wednesday')
fechas2/train/fechas2_001262.es.wav,el siguiente lunes por favor | next_day('monday')
fechas2/train/fechas2_001263.es.wav,pasado mañana | relative_day(+2)
fechas2/train/fechas2_001264.es.wav,el jueves que viene por favor | next_day('thursday')
fechas2/train/fechas2_001265.es.wav,el martes que viene gracias | next_day('tuesday')
fechas2/train/fechas2_001266.es.wav,en tres días gracias | relative_day(+3)
fechas2/train/fechas2_001267.es.wav,este jueves | next_day('thursday')
fechas2/train/fechas2_001268.es.wav,este miércoles siguiente por favor | next_day('wednesday')
fechas2/train/fechas2_001269.es.wav,el siguiente miércoles | next_day('wednesday')
fechas2/train/fechas2_001270.es.wav,el martes | next_day('tuesday')
fechas2/train/fechas2_001271.es.wav,el próximo miércoles gracias | next_day('wednesday')
fechas2/train/fechas2_001272.es.wav,este jueves por favor | next_day('thursday')
fechas2/train/fechas2_001273.es.wav,este jueves siguiente | next_day('thursday')
fechas2/train/fechas2_001274.es.wav,el próximo martes gracias | next_day('tuesday')
fechas2/train/fechas2_001275.es.wav,el siguiente miércoles por favor | next_day('wednesday')
fechas2/train/fechas2_001276.es.wav,en un par de días por favor | relative_day(+2)
fechas2/train/fechas2_001277.es.wav,en tres días por favor | relative_day(+3)
fechas2/train/fechas2_001278.es.wav,el miércoles | next_day('wednesday')
fechas2/train/fechas2_001279.es.wav,este jueves que viene | next_day('thursday')
fechas2/train/fechas2_001280.es.wav,el siguiente jueves gracias | next_day('thursday')
fechas2/train/fechas2_001281.es.wav,este miércoles próximo por favor | next_day('wednesday')
fechas2/train/fechas2_001282.es.wav,pasado mañana gracias | relative_day(+2)
fechas2/train/fechas2_001283.es.wav,el lunes siguiente | next_day('monday')
fechas2/train/fechas2_001284.es.wav,en tres días | relative_day(+3)
fechas2/train/fechas2_001285.es.wav,el lunes próximo | next_day('monday')
fechas2/train/fechas2_001286.es.wav,el siguiente martes gracias | next_day('tuesday')
fechas2/train/fechas2_001287.es.wav,en un par de días | relative_day(+2)
fechas2/train/fechas2_001288.es.wav,este jueves siguiente | next_day('thursday')
fechas2/train/fechas2_001289.es.wav,por favor este lunes | next_day('monday')
fechas2/train/fechas2_001290.es.wav,el siguiente lunes | next_day('monday')
fechas2/train/fechas2_001291.es.wav,el próximo martes | next_day('tuesday')
fechas2/train/fechas2_001292.es.wav,este martes próximo | next_day('tuesday')
fechas2/train/fechas2_001293.es.wav,por favor el miércoles que viene | next_day('wednesday')
fechas2/train/fechas2_001294.es.wav,el martes que viene gracias | next_day('tuesday')
fechas2/train/fechas2_001295.es.wav,por favor en tres días | relative_day(+3)
fechas2/train/fechas2_001296.es.wav,en tres días | relative_day(+3)
fechas2/train/fechas2_001297.es.wav,el próximo miércoles | next_day('wednesday')
fechas2/train/fechas2_001298.es.wav,el siguiente miércoles | next_day('wednesday')
fechas2/train/fechas2_001299.es.wav,en un par de días por favor | relative_day(+2)
fechas2/train/fechas2_001300.es.wav,este miércoles que viene | next_day('wednesday')
fechas2/train/fechas2_001301.es.wav,el próximo lunes gracias | next_day('monday')
fechas2/train/fechas2_001302.es.wav,por favor pasado mañana | relative_day(+2)
fechas2/train/fechas2_001303.es.wav,este jueves | next_day('thursday')
fechas2/train/fechas2_001304.es.wav,el martes | next_day('tuesday')
fechas2/train/fechas2_001305.es.wav,en un par de días | relative_day(+2)
fechas2/train/fechas2_001306.es.wav,el miércoles próximo gracias | next_day('wednesday')
fechas2/train/fechas2_001307.es.wav,en un par de días | relative_day(+2)
fechas2/train/fechas2_001308.es.wav,en tres días | relative_day(+3)
fechas2/train/fechas2_001309.es.wav,en tres días | relative_day(+3)
fechas2/train/fechas2_001310.es.wav,el lunes | next_day('monday')
fechas2/train/fechas2_001311.es.wav,el martes gracias | next_day('tuesday')
fechas2/train/fechas2_001312.es.wav,mañana gracias | relative_day(+1)
fechas2/train/fechas2_001313.es.wav,mañana | relative_day(+1)
fechas2/train/fechas2_001314.es.wav,el viernes que viene | next_day('friday')
fechas2/train/fechas2_001315.es.wav,por favor en tres días | relative_day(+3)
fechas2/train/fechas2_001316.es.wav,el siguiente viernes gracias | next_day('friday')
fechas2/train/fechas2_001317.es.wav,por favor en tres días | relative_day(+3)
fechas2/train/fechas2_001318.es.wav,por favor el siguiente miércoles | next_day('wednesday')
fechas2/train/fechas2_001319.es.wav,este jueves que viene | next_day('thursday')
fechas2/train/fechas2_001320.es.wav,este jueves gracias | next_day('thursday')
fechas2/train/fechas2_001321.es.wav,pasado mañana | relative_day(+2)
fechas2/train/fechas2_001322.es.wav,en un par de días por favor | relative_day(+2)
fechas2/train/fechas2_001323.es.wav,este jueves | next_day('thursday')
fechas2/train/fechas2_001324.es.wav,en tres días | relative_day(+3)
fechas2/train/fechas2_001325.es.wav,este miércoles siguiente | next_day('wednesday')
fechas2/train/fechas2_001326.es.wav,este viernes que viene gracias | next_day('friday')
fechas2/train/fechas2_001327.es.wav,este viernes que viene gracias | next_day('friday')
fechas2/train/fechas2_001328.es.wav,este lunes próximo gracias | next_day('monday')
fechas2/train/fechas2_001329.es.wav,el miércoles que viene por favor | next_day('wednesday')
fechas2/train/fechas2_001330.es.wav,por favor este lunes próximo | next_day('monday')
fechas2/train/fechas2_001331.es.wav,el lunes por favor | next_day('monday')
fechas2/train/fechas2_001332.es.wav,por favor este miércoles siguiente | next_day('wednesday')
fechas2/train/fechas2_001333.es.wav,mañana | relative_day(+1)
fechas2/train/fechas2_001334.es.wav,el lunes | next_day('monday')
fechas2/train/fechas2_001335.es.wav,el próximo lunes | next_day('monday')
fechas2/train/fechas2_001336.es.wav,pasado mañana | relative_day(+2)
fechas2/train/fechas2_001337.es.wav,en tres días por favor | relative_day(+3)
fechas2/train/fechas2_001338.es.wav,este lunes próximo | next_day('monday')
fechas2/train/fechas2_001339.es.wav,el siguiente jueves por favor | next_day('thursday')
fechas2/train/fechas2_001340.es.wav,el siguiente lunes gracias | next_day('monday')
fechas2/train/fechas2_001341.es.wav,el miércoles próximo por favor | next_day('wednesday')
fechas2/train/fechas2_001342.es.wav,el viernes que viene por favor | next_day('friday')
fechas2/train/fechas2_001343.es.wav,el miércoles | next_day('wednesday')
fechas2/train/fechas2_001344.es.wav,este jueves por favor | next_day('thursday')
fechas2/train/fechas2_001345.es.wav,el siguiente lunes gracias | next_day('monday')
fechas2/train/fechas2_001346.es.wav,mañana | relative_day(+1)
fechas2/train/fechas2_001347.es.wav,por favor este viernes próximo | next_day('friday')
fechas2/train/fechas2_001348.es.wav,el próximo viernes | next_day('friday')
fechas2/train/fechas2_001349.es.wav,el lunes siguiente | next_day('monday')
fechas2/train/fechas2_001350.es.wav,el siguiente miércoles | next_day('wednesday')
fechas2/train/fechas2_001351.es.wav,por favor el próximo miércoles | next_day('wednesday')
fechas2/train/fechas2_001352.es.wav,en tres días | relative_day(+3)
fechas2/train/fechas2_001353.es.wav,el próximo lunes | next_day('monday')
fechas2/train/fechas2_001354.es.wav,por favor en un par de días | relative_day(+2)
fechas2/train/fechas2_001355.es.wav,el miércoles siguiente por favor | next_day('wednesday')
fechas2/train/fechas2_001356.es.wav,por favor pasado mañana | relative_day(+2)
fechas2/train/fechas2_001357.es.wav,por favor pasado mañana | relative_day(+2)
fechas2/train/fechas2_001358.es.wav,el siguiente miércoles | next_day('wednesday')
fechas2/train/fechas2_001359.es.wav,por favor el martes próximo | next_day('tuesday')
fechas2/train/fechas2_001360.es.wav,en un par de días | relative_day(+2)
fechas2/train/fechas2_001361.es.wav,el miércoles gracias | next_day('wednesday')
fechas2/train/fechas2_001362.es.wav,mañana | relative_day(+1)
fechas2/train/fechas2_001363.es.wav,el miércoles que viene gracias | next_day('wednesday')
fechas2/train/fechas2_001364.es.wav,en tres días | relative_day(+3)
fechas2/train/fechas2_001365.es.wav,el jueves gracias | next_day('thursday')
fechas2/train/fechas2_001366.es.wav,el jueves próximo gracias | next_day('thursday')
fechas2/train/fechas2_001367.es.wav,en un par de días | relative_day(+2)
fechas2/train/fechas2_001368.es.wav,este miércoles próximo gracias | next_day('wednesday')
fechas2/train/fechas2_001369.es.wav,el próximo jueves gracias | next_day('thursday')
fechas2/train/fechas2_001370.es.wav,el lunes por favor | next_day('monday')
fechas2/train/fechas2_001371.es.wav,el siguiente jueves | next_day('thursday')
fechas2/train/fechas2_001372.es.wav,el martes por favor | next_day('tuesday')
fechas2/train/fechas2_001373.es.wav,el lunes próximo | next_day('monday')
fechas2/train/fechas2_001374.es.wav,el próximo jueves gracias | next_day('thursday')
fechas2/train/fechas2_001375.es.wav,este lunes próximo | next_day('monday')
fechas2/train/fechas2_001376.es.wav,el viernes próximo | next_day('friday')
fechas2/train/fechas2_001377.es.wav,por favor en un par de días | relative_day(+2)
fechas2/train/fechas2_001378.es.wav,el siguiente martes por favor | next_day('tuesday')
fechas2/train/fechas2_001379.es.wav,en tres días por favor | relative_day(+3)
fechas2/train/fechas2_001380.es.wav,en un par de días | relative_day(+2)
fechas2/train/fechas2_001381.es.wav,por favor el próximo jueves | next_day('thursday')
fechas2/train/fechas2_001382.es.wav,el viernes por favor | next_day('friday')
fechas2/train/fechas2_001383.es.wav,el jueves | next_day('thursday')
fechas2/train/fechas2_001384.es.wav,este jueves siguiente por favor | next_day('thursday')
fechas2/train/fechas2_001385.es.wav,el siguiente lunes | next_day('monday')
fechas2/train/fechas2_001386.es.wav,por favor el próximo jueves | next_day('thursday')
fechas2/train/fechas2_001387.es.wav,el siguiente jueves | next_day('thursday')
fechas2/train/fechas2_001388.es.wav,este viernes por favor | next_day('friday')
fechas2/train/fechas2_001389.es.wav,el próximo miércoles | next_day('wednesday')
fechas2/train/fechas2_001390.es.wav,mañana por favor | relative_day(+1)
fechas2/train/fechas2_001391.es.wav,el próximo miércoles gracias | next_day('wednesday')
fechas2/train/fechas2_001392.es.wav,por favor en un par de días | relative_day(+2)
fechas2/train/fechas2_001393.es.wav,en tres días gracias | relative_day(+3)
fechas2/train/fechas2_001394.es.wav,en un par de días gracias | relative_day(+2)
fechas2/train/fechas2_001395.es.wav,el siguiente martes | next_day('tuesday')
fechas2/train/fechas2_001396.es.wav,este jueves por favor | next_day('thursday')
fechas2/train/fechas2_001397.es.wav,este martes | next_day('tuesday')
fechas2/train/fechas2_001398.es.wav,por favor el martes | next_day('tuesday')
fechas2/train/fechas2_001399.es.wav,este lunes siguiente | next_day('monday')
fechas2/train/fechas2_001400.es.wav,en un par de días | relative_day(+2)
fechas2/train/fechas2_001401.es.wav,este miércoles por favor | next_day('wednesday')
fechas2/train/fechas2_001402.es.wav,el miércoles siguiente | next_day('wednesday')
fechas2/train/fechas2_001403.es.wav,en un par de días | relative_day(+2)
fechas2/train/fechas2_001404.es.wav,el miércoles gracias | next_day('wednesday')
fechas2/train/fechas2_001405.es.wav,pasado mañana | relative_day(+2)
fechas2/train/fechas2_001406.es.wav,pasado mañana | relative_day(+2)
fechas2/train/fechas2_001407.es.wav,este martes próximo | next_day('tuesday')
fechas2/train/fechas2_001408.es.wav,pasado mañana | relative_day(+2)
fechas2/train/fechas2_001409.es.wav,el próximo martes | next_day('tuesday')
fechas2/train/fechas2_001410.es.wav,mañana | relative_day(+1)
fechas2/train/fechas2_001411.es.wav,el siguiente jueves por favor | next_day('thursday')
fechas2/train/fechas2_001412.es.wav,el miércoles | next_day('wednesday')
fechas2/train/fechas2_001413.es.wav,por favor el próximo lunes | next_day('monday')
fechas2/train/fechas2_001414.es.wav,el próximo miércoles | next_day('wednesday')
fechas2/train/fechas2_001415.es.wav,este miércoles siguiente | next_day('wednesday')
fechas2/train/fechas2_001416.es.wav,por favor el lunes | next_day('monday')
fechas2/train/fechas2_001417.es.wav,el próximo lunes | next_day('monday')
fechas2/train/fechas2_001418.es.wav,el martes gracias | next_day('tuesday')
fechas2/train/fechas2_001419.es.wav,por favor el jueves | next_day('thursday')
fechas2/train/fechas2_001420.es.wav,por favor este martes que viene | next_day('tuesday')
fechas2/train/fechas2_001421.es.wav,este miércoles por favor | next_day('wednesday')
fechas2/train/fechas2_001422.es.wav,por favor este viernes | next_day('friday')
fechas2/train/fechas2_001423.es.wav,mañana | relative_day(+1)
fechas2/train/fechas2_001424.es.wav,en tres días | relative_day(+3)
fechas2/train/fechas2_001425.es.wav,el viernes | next_day('friday')
fechas2/train/fechas2_001426.es.wav,en un par de días por favor | relative_day(+2)
fechas2/train/fechas2_001427.es.wav,este lunes próximo gracias | next_day('monday')
fechas2/train/fechas2_001428.es.wav,pasado mañana por favor | relative_day(+2)
fechas2/train/fechas2_001429.es.wav,este viernes gracias | next_day('friday')
fechas2/train/fechas2_001430.es.wav,el siguiente jueves | next_day('thursday')
fechas2/train/fechas2_001431.es.wav,el próximo miércoles | next_day('wednesday')
fechas2/train/fechas2_001432.es.wav,el siguiente jueves | next_day('thursday')
fechas2/train/fechas2_001433.es.wav,por favor mañana | relative_day(+1)
fechas2/train/fechas2_001434.es.wav,por favor este lunes siguiente | next_day('monday')
fechas2/train/fechas2_001435.es.wav,este jueves próximo | next_day('thursday')
fechas2/train/fechas2_001436.es.wav,en tres días | relative_day(+3)
fechas2/train/fechas2_001437.es.wav,en tres días por favor | relative_day(+3)
fechas2/train/fechas2_001438.es.wav,este viernes | next_day('friday')
fechas2/train/fechas2_001439.es.wav,el miércoles | next_day('wednesday')
fechas2/train/fechas2_001440.es.wav,en tres días | relative_day(+3)
fechas2/train/fechas2_001441.es.wav,el próximo viernes gracias | next_day('friday')
fechas2/train/fechas2_001442.es.wav,el siguiente viernes | next_day('friday')
fechas2/train/fechas2_001443.es.wav,este jueves | next_day('thursday')
fechas2/train/fechas2_001444.es.wav,el jueves próximo | next_day('thursday')
fechas2/train/fechas2_001445.es.wav,este lunes próximo | next_day('monday')
fechas2/train/fechas2_001446.es.wav,el próximo viernes gracias | next_day('friday')
fechas2/train/fechas2_001447.es.wav,por favor este martes que viene | next_day('tuesday')
fechas2/train/fechas2_001448.es.wav,este martes | next_day('tuesday')
fechas2/train/fechas2_001449.es.wav,el martes | next_day('tuesday')
fechas2/train/fechas2_001450.es.wav,este viernes | next_day('friday')
fechas2/train/fechas2_001451.es.wav,el siguiente miércoles | next_day('wednesday')
fechas2/train/fechas2_001452.es.wav,en tres días | relative_day(+3)
fechas2/train/fechas2_001453.es.wav,este miércoles que viene | next_day('wednesday')
fechas2/train/fechas2_001454.es.wav,en un par de días | relative_day(+2)
fechas2/train/fechas2_001455.es.wav,este martes | next_day('tuesday')
fechas2/train/fechas2_001456.es.wav,mañana | relative_day(+1)
fechas2/train/fechas2_001457.es.wav,el viernes siguiente | next_day('friday')
fechas2/train/fechas2_001458.es.wav,este viernes que viene gracias | next_day('friday')
fechas2/train/fechas2_001459.es.wav,por favor el martes | next_day('tuesday')
fechas2/train/fechas2_001460.es.wav,el jueves gracias | next_day('thursday')
fechas2/train/fechas2_001461.es.wav,el martes siguiente | next_day('tuesday')
fechas2/train/fechas2_001462.es.wav,el próximo martes por favor | next_day('tuesday')
fechas2/train/fechas2_001463.es.wav,el lunes siguiente por favor | next_day('monday')
fechas2/train/fechas2_001464.es.wav,este martes que viene | next_day('tuesday')
fechas2/train/fechas2_001465.es.wav,el siguiente martes gracias | next_day('tuesday')
fechas2/train/fechas2_001466.es.wav,el siguiente lunes por favor | next_day('monday')
fechas2/train/fechas2_001467.es.wav,el siguiente viernes | next_day('friday')
fechas2/train/fechas2_001468.es.wav,el siguiente martes | next_day('tuesday')
fechas2/train/fechas2_001469.es.wav,por favor el siguiente viernes | next_day('friday')
fechas2/train/fechas2_001470.es.wav,el martes próximo | next_day('tuesday')
fechas2/train/fechas2_001471.es.wav,este jueves | next_day('thursday')
fechas2/train/fechas2_001472.es.wav,el viernes gracias | next_day('friday')
fechas2/train/fechas2_001473.es.wav,por favor este martes | next_day('tuesday')
fechas2/train/fechas2_001474.es.wav,el lunes | next_day('monday')
fechas2/train/fechas2_001475.es.wav,el lunes | next_day('monday')
fechas2/train/fechas2_001476.es.wav,este lunes que viene | next_day('monday')
fechas2/train/fechas2_001477.es.wav,en un par de días gracias | relative_day(+2)
fechas2/train/fechas2_001478.es.wav,por favor en tres días | relative_day(+3)
fechas2/train/fechas2_001479.es.wav,este miércoles | next_day('wednesday')
fechas2/train/fechas2_001480.es.wav,el martes que viene | next_day('tuesday')
fechas2/train/fechas2_001481.es.wav,el siguiente martes | next_day('tuesday')
fechas2/train/fechas2_001482.es.wav,el siguiente martes | next_day('tuesday')
fechas2/train/fechas2_001483.es.wav,el próximo jueves por favor | next_day('thursday')
fechas2/train/fechas2_001484.es.wav,el miércoles por favor | next_day('wednesday')
fechas2/train/fechas2_001485.es.wav,este martes | next_day('tuesday')
fechas2/train/fechas2_001486.es.wav,el martes próximo gracias | next_day('tuesday')
fechas2/train/fechas2_001487.es.wav,por favor pasado mañana | relative_day(+2)
fechas2/train/fechas2_001488.es.wav,el martes | next_day('tuesday')
fechas2/train/fechas2_001489.es.wav,mañana gracias | relative_day(+1)
fechas2/train/fechas2_001490.es.wav,el martes siguiente | next_day('tuesday')
fechas2/train/fechas2_001491.es.wav,el próximo martes | next_day('tuesday')
fechas2/train/fechas2_001492.es.wav,pasado mañana | relative_day(+2)
fechas2/train/fechas2_001493.es.wav,el siguiente miércoles gracias | next_day('wednesday')
fechas2/train/fechas2_001494.es.wav,en un par de días | relative_day(+2)
fechas2/train/fechas2_001495.es.wav,el lunes próximo gracias | next_day('monday')
fechas2/train/fechas2_001496.es.wav,el siguiente viernes gracias | next_day('friday')
fechas2/train/fechas2_001497.es.wav,el martes gracias | next_day('tuesday')
fechas2/train/fechas2_001498.es.wav,el siguiente viernes | next_day('friday')
fechas2/train/fechas2_001499.es.wav,el próximo martes | next_day('tuesday')
fechas2/train/fechas2_001500.es.wav,este viernes que viene | next_day('friday')
fechas2/train/fechas2_001501.es.wav,este miércoles siguiente | next_day('wednesday')
fechas2/train/fechas2_001502.es.wav,pasado mañana | relative_day(+2)
fechas2/train/fechas2_001503.es.wav,el próximo lunes gracias | next_day('monday')
fechas2/train/fechas2_001504.es.wav,el próximo martes gracias | next_day('tuesday')
fechas2/train/fechas2_001505.es.wav,el siguiente lunes | next_day('monday')
fechas2/train/fechas2_001506.es.wav,este martes | next_day('tuesday')
fechas2/train/fechas2_001507.es.wav,el siguiente lunes | next_day('monday')
fechas2/train/fechas2_001508.es.wav,en un par de días | relative_day(+2)
fechas2/train/fechas2_001509.es.wav,el siguiente jueves | next_day('thursday')
fechas2/train/fechas2_001510.es.wav,en tres días | relative_day(+3)
fechas2/train/fechas2_001511.es.wav,en tres días gracias | relative_day(+3)
fechas2/train/fechas2_001512.es.wav,este viernes siguiente por favor | next_day('friday')
fechas2/train/fechas2_001513.es.wav,el miércoles siguiente | next_day('wednesday')
fechas2/train/fechas2_001514.es.wav,este martes próximo | next_day('tuesday')
fechas2/train/fechas2_001515.es.wav,el miércoles próximo | next_day('wednesday')
fechas2/train/fechas2_001516.es.wav,el próximo viernes gracias | next_day('friday')
fechas2/train/fechas2_001517.es.wav,este viernes que viene gracias | next_day('friday')
fechas2/train/fechas2_001518.es.wav,por favor pasado mañana | relative_day(+2)
fechas2/train/fechas2_001519.es.wav,el siguiente lunes gracias | next_day('monday')
fechas2/train/fechas2_001520.es.wav,el próximo lunes | next_day('monday')
fechas2/train/fechas2_001521.es.wav,el próximo lunes gracias | next_day('monday')
fechas2/train/fechas2_001522.es.wav,por favor el martes que viene | next_day('tuesday')
fechas2/train/fechas2_001523.es.wav,este jueves | next_day('thursday')
fechas2/train/fechas2_001524.es.wav,este jueves siguiente | next_day('thursday')
fechas2/train/fechas2_001525.es.wav,el siguiente martes gracias | next_day('tuesday')
fechas2/train/fechas2_001526.es.wav,por favor el viernes | next_day('friday')
fechas2/train/fechas2_001527.es.wav,este martes | next_day('tuesday')
fechas2/train/fechas2_001528.es.wav,por favor el lunes siguiente | next_day('monday')
fechas2/train/fechas2_001529.es.wav,el próximo lunes gracias | next_day('monday')
fechas2/train/fechas2_001530.es.wav,este jueves gracias | next_day('thursday')
fechas2/train/fechas2_001531.es.wav,el siguiente martes | next_day('tuesday')
fechas2/train/fechas2_001532.es.wav,este viernes siguiente | next_day('friday')
fechas2/train/fechas2_001533.es.wav,por favor el jueves que viene | next_day('thursday')
fechas2/train/fechas2_001534.es.wav,este lunes que viene por favor | next_day('monday')
fechas2/train/fechas2_001535.es.wav,este viernes que viene | next_day('friday')
fechas2/train/fechas2_001536.es.wav,en tres días | relative_day(+3)
fechas2/train/fechas2_001537.es.wav,en un par de días | relative_day(+2)
fechas2/train/fechas2_001538.es.wav,el viernes próximo por favor | next_day('friday')
fechas2/train/fechas2_001539.es.wav,el viernes | next_day('friday')
fechas2/train/fechas2_001540.es.wav,mañana | relative_day(+1)
fechas2/train/fechas2_001541.es.wav,el próximo martes gracias | next_day('tuesday')
fechas2/train/fechas2_001542.es.wav,el próximo viernes | next_day('friday')
fechas2/train/fechas2_001543.es.wav,el próximo martes | next_day('tuesday')
fechas2/train/fechas2_001544.es.wav,este viernes gracias | next_day('friday')
fechas2/train/fechas2_001545.es.wav,el lunes siguiente gracias | next_day('monday')
fechas2/train/fechas2_001546.es.wav,por favor el próximo miércoles | next_day('wednesday')
fechas2/train/fechas2_001547.es.wav,el miércoles por favor | next_day('wednesday')
fechas2/train/fechas2_001548.es.wav,el siguiente viernes | next_day('friday')
fechas2/train/fechas2_001549.es.wav,por favor el lunes próximo | next_day('monday')
fechas2/train/fechas2_001550.es.wav,este miércoles que viene por favor | next_day('wednesday')
fechas2/train/fechas2_001551.es.wav,el próximo viernes | next_day('friday')
fechas2/train/fechas2_001552.es.wav,el próximo lunes | next_day('monday')
fechas2/train/fechas2_001553.es.wav,por favor el próximo miércoles | next_day('wednesday')
fechas2/train/fechas2_001554.es.wav,por favor pasado mañana | relative_day(+2)
fechas2/train/fechas2_001555.es.wav,el martes que viene | next_day('tuesday')
fechas2/train/fechas2_001556.es.wav,el próximo martes | next_day('tuesday')
fechas2/train/fechas2_001557.es.wav,el lunes siguiente por favor | next_day('monday')
fechas2/train/fechas2_001558.es.wav,este miércoles gracias | next_day('wednesday')
fechas2/train/fechas2_001559.es.wav,el miércoles | next_day('wednesday')
fechas2/train/fechas2_001560.es.wav,el jueves que viene | next_day('thursday')
fechas2/train/fechas2_001561.es.wav,este viernes | next_day('friday')
fechas2/train/fechas2_001562.es.wav,el siguiente jueves | next_day('thursday')
fechas2/train/fechas2_001563.es.wav,por favor el martes | next_day('tuesday')
fechas2/train/fechas2_001564.es.wav,el jueves | next_day('thursday')
fechas2/train/fechas2_001565.es.wav,en un par de días | relative_day(+2)
fechas2/train/fechas2_001566.es.wav,en un par de días | relative_day(+2)
fechas2/train/fechas2_001567.es.wav,el martes gracias | next_day('tuesday')
fechas2/train/fechas2_001568.es.wav,por favor en un par de días | relative_day(+2)
fechas2/train/fechas2_001569.es.wav,el martes por favor | next_day('tuesday')
fechas2/train/fechas2_001570.es.wav,este viernes siguiente por favor | next_day('friday')
fechas2/train/fechas2_001571.es.wav,este martes que viene gracias | next_day('tuesday')
fechas2/train/fechas2_001572.es.wav,por favor el viernes | next_day('friday')
fechas2/train/fechas2_001573.es.wav,este martes | next_day('tuesday')
fechas2/train/fechas2_001574.es.wav,en tres días por favor | relative_day(+3)
fechas2/train/fechas2_001575.es.wav,en un par de días | relative_day(+2)
fechas2/train/fechas2_001576.es.wav,el siguiente lunes gracias | next_day('monday')
fechas2/train/fechas2_001577.es.wav,este viernes gracias | next_day('friday')
fechas2/train/fechas2_001578.es.wav,en tres días | relative_day(+3)
fechas2/train/fechas2_001579.es.wav,el jueves que viene | next_day('thursday')
fechas2/train/fechas2_001580.es.wav,este viernes próximo | next_day('friday')
fechas2/train/fechas2_001581.es.wav,este jueves próximo | next_day('thursday')
fechas2/train/fechas2_001582.es.wav,el jueves | next_day('thursday')
fechas2/train/fechas2_001583.es.wav,en un par de días | relative_day(+2)
fechas2/train/fechas2_001584.es.wav,este viernes gracias | next_day('friday')
fechas2/train/fechas2_001585.es.wav,este miércoles | next_day('wednesday')
fechas2/train/fechas2_001586.es.wav,en tres días | relative_day(+3)
fechas2/train/fechas2_001587.es.wav,este martes próximo | next_day('tuesday')
fechas2/train/fechas2_001588.es.wav,en un par de días | relative_day(+2)
fechas2/train/fechas2_001589.es.wav,este martes próximo gracias | next_day('tuesday')
fechas2/train/fechas2_001590.es.wav,el martes por favor | next_day('tuesday')
fechas2/train/fechas2_001591.es.wav,mañana | relative_day(+1)
fechas2/train/fechas2_001592.es.wav,por favor el próximo miércoles | next_day('wednesday')
fechas2/train/fechas2_001593.es.wav,mañana | relative_day(+1)
fechas2/train/fechas2_001594.es.wav,este viernes próximo | next_day('friday')
fechas2/train/fechas2_001595.es.wav,este viernes que viene | next_day('friday')
fechas2/train/fechas2_001596.es.wav,este martes que viene | next_day('tuesday')
fechas2/train/fechas2_001597.es.wav,el próximo miércoles por favor | next_day('wednesday')
fechas2/train/fechas2_001598.es.wav,mañana | relative_day(+1)
fechas2/train/fechas2_001599.es.wav,por favor en tres días | relative_day(+3)
fechas2/train/fechas2_001600.es.wav,el viernes | next_day('friday')
fechas2/train/fechas2_001601.es.wav,este lunes próximo por favor | next_day('monday')
fechas2/train/fechas2_001602.es.wav,el próximo lunes | next_day('monday')
fechas2/train/fechas2_001603.es.wav,el lunes próximo | next_day('monday')
fechas2/train/fechas2_001604.es.wav,este viernes próximo | next_day('friday')
fechas2/train/fechas2_001605.es.wav,el próximo jueves | next_day('thursday')
fechas2/train/fechas2_001606.es.wav,el lunes que viene | next_day('monday')
fechas2/train/fechas2_001607.es.wav,por favor este viernes | next_day('friday')
fechas2/train/fechas2_001608.es.wav,pasado mañana por favor | relative_day(+2)
fechas2/train/fechas2_001609.es.wav,este lunes que viene gracias | next_day('monday')
fechas2/train/fechas2_001610.es.wav,en tres días | relative_day(+3)
fechas2/train/fechas2_001611.es.wav,en un par de días | relative_day(+2)
fechas2/train/fechas2_001612.es.wav,este jueves próximo | next_day('thursday')
fechas2/train/fechas2_001613.es.wav,por favor el siguiente martes | next_day('tuesday')
fechas2/train/fechas2_001614.es.wav,este martes que viene por favor | next_day('tuesday')
fechas2/train/fechas2_001615.es.wav,el próximo martes | next_day('tuesday')
fechas2/train/fechas2_001616.es.wav,en un par de días gracias | relative_day(+2)
fechas2/train/fechas2_001617.es.wav,este jueves que viene gracias | next_day('thursday')
fechas2/train/fechas2_001618.es.wav,mañana gracias | relative_day(+1)
fechas2/train/fechas2_001619.es.wav,por favor en tres días | relative_day(+3)
fechas2/train/fechas2_001620.es.wav,el próximo lunes por favor | next_day('monday')
fechas2/train/fechas2_001621.es.wav,el viernes | next_day('friday')
fechas2/train/fechas2_001622.es.wav,por favor el siguiente lunes | next_day('monday')
fechas2/train/fechas2_001623.es.wav,por favor el próximo miércoles | next_day('wednesday')
fechas2/train/fechas2_001624.es.wav,el viernes | next_day('friday')
fechas2/train/fechas2_001625.es.wav,por favor el martes | next_day('tuesday')
fechas2/train/fechas2_001626.es.wav,en un par de días | relative_day(+2)
fechas2/train/fechas2_001627.es.wav,mañana por favor | relative_day(+1)
fechas2/train/fechas2_001628.es.wav,por favor el siguiente miércoles | next_day('wednesday')
fechas2/train/fechas2_001629.es.wav,el miércoles siguiente | next_day('wednesday')
fechas2/train/fechas2_001630.es.wav,el siguiente lunes | next_day('monday')
fechas2/train/fechas2_001631.es.wav,en tres días | relative_day(+3)
fechas2/train/fechas2_001632.es.wav,el próximo martes gracias | next_day('tuesday')
fechas2/train/fechas2_001633.es.wav,por favor en tres días | relative_day(+3)
fechas2/train/fechas2_001634.es.wav,por favor el miércoles | next_day('wednesday')
fechas2/train/fechas2_001635.es.wav,pasado mañana | relative_day(+2)
fechas2/train/fechas2_001636.es.wav,el próximo lunes | next_day('monday')
fechas2/train/fechas2_001637.es.wav,el próximo martes | next_day('tuesday')
fechas2/train/fechas2_001638.es.wav,el martes | next_day('tuesday')
fechas2/train/fechas2_001639.es.wav,pasado mañana | relative_day(+2)
fechas2/train/fechas2_001640.es.wav,el siguiente viernes | next_day('friday')
fechas2/train/fechas2_001641.es.wav,este viernes siguiente gracias | next_day('friday')
fechas2/train/fechas2_001642.es.wav,el miércoles próximo | next_day('wednesday')
fechas2/train/fechas2_001643.es.wav,el martes siguiente | next_day('tuesday')
fechas2/train/fechas2_001644.es.wav,el próximo viernes | next_day('friday')
fechas2/train/fechas2_001645.es.wav,por favor el martes | next_day('tuesday')
fechas2/train/fechas2_001646.es.wav,este viernes siguiente por favor | next_day('friday')
fechas2/train/fechas2_001647.es.wav,este miércoles próximo | next_day('wednesday')
fechas2/train/fechas2_001648.es.wav,el jueves siguiente gracias | next_day('thursday')
fechas2/train/fechas2_001649.es.wav,el lunes próximo gracias | next_day('monday')
fechas2/train/fechas2_001650.es.wav,el martes gracias | next_day('tuesday')
fechas2/train/fechas2_001651.es.wav,este jueves que viene | next_day('thursday')
fechas2/train/fechas2_001652.es.wav,el próximo miércoles gracias | next_day('wednesday')
fechas2/train/fechas2_001653.es.wav,este martes gracias | next_day('tuesday')
fechas2/train/fechas2_001654.es.wav,el lunes que viene | next_day('monday')
fechas2/train/fechas2_001655.es.wav,el jueves siguiente | next_day('thursday')
fechas2/train/fechas2_001656.es.wav,el próximo miércoles | next_day('wednesday')
fechas2/train/fechas2_001657.es.wav,el siguiente viernes gracias | next_day('friday')
fechas2/train/fechas2_001658.es.wav,el siguiente lunes | next_day('monday')
fechas2/train/fechas2_001659.es.wav,este viernes siguiente | next_day('friday')
fechas2/train/fechas2_001660.es.wav,por favor el jueves | next_day('thursday')
fechas2/train/fechas2_001661.es.wav,el jueves siguiente por favor | next_day('thursday')
fechas2/train/fechas2_001662.es.wav,en un par de días por favor | relative_day(+2)
fechas2/train/fechas2_001663.es.wav,en un par de días | relative_day(+2)
fechas2/train/fechas2_001664.es.wav,el lunes que viene gracias | next_day('monday')
fechas2/train/fechas2_001665.es.wav,en un par de días | relative_day(+2)
fechas2/train/fechas2_001666.es.wav,este jueves próximo por favor | next_day('thursday')
fechas2/train/fechas2_001667.es.wav,este jueves que viene | next_day('thursday')
fechas2/train/fechas2_001668.es.wav,el siguiente lunes | next_day('monday')
fechas2/train/fechas2_001669.es.wav,este miércoles que viene por favor | next_day('wednesday')
fechas2/train/fechas2_001670.es.wav,el viernes | next_day('friday')
fechas2/train/fechas2_001671.es.wav,en un par de días | relative_day(+2)
fechas2/train/fechas2_001672.es.wav,este lunes siguiente | next_day('monday')
fechas2/train/fechas2_001673.es.wav,por favor el siguiente martes | next_day('tuesday')
fechas2/train/fechas2_001674.es.wav,el martes gracias | next_day('tuesday')
fechas2/train/fechas2_001675.es.wav,este jueves | next_day('thursday')
fechas2/train/fechas2_001676.es.wav,en un par de días por favor | relative_day(+2)
fechas2/train/fechas2_001677.es.wav,en tres días | relative_day(+3)
fechas2/train/fechas2_001678.es.wav,en tres días | relative_day(+3)
fechas2/train/fechas2_001679.es.wav,el siguiente martes por favor | next_day('tuesday')
fechas2/train/fechas2_001680.es.wav,el próximo miércoles | next_day('wednesday')
fechas2/train/fechas2_001681.es.wav,este miércoles siguiente | next_day('wednesday')
fechas2/train/fechas2_001682.es.wav,en tres días por favor | relative_day(+3)
fechas2/train/fechas2_001683.es.wav,el siguiente lunes | next_day('monday')
fechas2/train/fechas2_001684.es.wav,el siguiente miércoles gracias | next_day('wednesday')
fechas2/train/fechas2_001685.es.wav,en un par de días | relative_day(+2)
fechas2/train/fechas2_001686.es.wav,por favor el siguiente lunes | next_day('monday')
fechas2/train/fechas2_001687.es.wav,este miércoles | next_day('wednesday')
fechas2/train/fechas2_001688.es.wav,este martes próximo | next_day('tuesday')
fechas2/train/fechas2_001689.es.wav,en tres días gracias | relative_day(+3)
fechas2/train/fechas2_001690.es.wav,en un par de días | relative_day(+2)
fechas2/train/fechas2_001691.es.wav,el viernes próximo | next_day('friday')
fechas2/train/fechas2_001692.es.wav,por favor el siguiente lunes | next_day('monday')
fechas2/train/fechas2_001693.es.wav,el lunes que viene gracias | next_day('monday')
fechas2/train/fechas2_001694.es.wav,el siguiente jueves | next_day('thursday')
fechas2/train/fechas2_001695.es.wav,por favor el miércoles | next_day('wednesday')
fechas2/train/fechas2_001696.es.wav,mañana gracias | relative_day(+1)
fechas2/train/fechas2_001697.es.wav,este martes | next_day('tuesday')
fechas2/train/fechas2_001698.es.wav,el próximo miércoles | next_day('wednesday')
fechas2/train/fechas2_001699.es.wav,el jueves que viene | next_day('thursday')
fechas2/train/fechas2_001700.es.wav,este martes gracias | next_day('tuesday')
fechas2/train/fechas2_001701.es.wav,en un par de días por favor | relative_day(+2)
fechas2/train/fechas2_001702.es.wav,este martes | next_day('tuesday')
fechas2/train/fechas2_001703.es.wav,el viernes próximo | next_day('friday')
fechas2/train/fechas2_001704.es.wav,en un par de días | relative_day(+2)
fechas2/train/fechas2_001705.es.wav,el próximo miércoles | next_day('wednesday')
fechas2/train/fechas2_001706.es.wav,este miércoles siguiente gracias | next_day('wednesday')
fechas2/train/fechas2_001707.es.wav,pasado mañana gracias | relative_day(+2)
fechas2/train/fechas2_001708.es.wav,el próximo martes | next_day('tuesday')
fechas2/train/fechas2_001709.es.wav,el miércoles | next_day('wednesday')
fechas2/train/fechas2_001710.es.wav,en tres días | relative_day(+3)
fechas2/train/fechas2_001711.es.wav,el miércoles | next_day('wednesday')
fechas2/train/fechas2_001712.es.wav,en un par de días | relative_day(+2)
fechas2/train/fechas2_001713.es.wav,en tres días | relative_day(+3)
fechas2/train/fechas2_001714.es.wav,por favor el miércoles siguiente | next_day('wednesday')
fechas2/train/fechas2_001715.es.wav,el próximo jueves | next_day('thursday')
fechas2/train/fechas2_001716.es.wav,por favor este lunes siguiente | next_day('monday')
fechas2/train/fechas2_001717.es.wav,el jueves siguiente | next_day('thursday')
fechas2/train/fechas2_001718.es.wav,mañana por favor | relative_day(+1)
fechas2/train/fechas2_001719.es.wav,pasado mañana por favor | relative_day(+2)
fechas2/train/fechas2_001720.es.wav,el jueves que viene por favor | next_day('thursday')
fechas2/train/fechas2_001721.es.wav,este miércoles | next_day('wednesday')
fechas2/train/fechas2_001722.es.wav,en tres días | relative_day(+3)
fechas2/train/fechas2_001723.es.wav,el siguiente miércoles | next_day('wednesday')
fechas2/train/fechas2_001724.es.wav,en un par de días | relative_day(+2)
fechas2/train/fechas2_001725.es.wav,el martes | next_day('tuesday')
fechas2/train/fechas2_001726.es.wav,en un par de días por favor | relative_day(+2)
fechas2/train/fechas2_001727.es.wav,por favor en un par de días | relative_day(+2)
fechas2/train/fechas2_001728.es.wav,el siguiente lunes | next_day('monday')
fechas2/train/fechas2_001729.es.wav,en tres días | relative_day(+3)
fechas2/train/fechas2_001730.es.wav,este lunes | next_day('monday')
fechas2/train/fechas2_001731.es.wav,mañana | relative_day(+1)
fechas2/train/fechas2_001732.es.wav,el próximo lunes por favor | next_day('monday')
fechas2/train/fechas2_001733.es.wav,por favor el siguiente martes | next_day('tuesday')
fechas2/train/fechas2_001734.es.wav,en un par de días | relative_day(+2)
fechas2/train/fechas2_001735.es.wav,el siguiente martes | next_day('tuesday')
fechas2/train/fechas2_001736.es.wav,por favor este martes | next_day('tuesday')
fechas2/train/fechas2_001737.es.wav,este viernes | next_day('friday')
fechas2/train/fechas2_001738.es.wav,el jueves | next_day('thursday')
fechas2/train/fechas2_001739.es.wav,el siguiente lunes | next_day('monday')
fechas2/train/fechas2_001740.es.wav,el próximo viernes | next_day('friday')
fechas2/train/fechas2_001741.es.wav,el martes por favor | next_day('tuesday')
fechas2/train/fechas2_001742.es.wav,el miércoles por favor | next_day('wednesday')
fechas2/train/fechas2_001743.es.wav,el próximo jueves | next_day('thursday')
fechas2/train/fechas2_001744.es.wav,el jueves gracias | next_day('thursday')
fechas2/train/fechas2_001745.es.wav,el miércoles gracias | next_day('wednesday')
fechas2/train/fechas2_001746.es.wav,el jueves próximo por favor | next_day('thursday')
fechas2/train/fechas2_001747.es.wav,el siguiente viernes | next_day('friday')
fechas2/train/fechas2_001748.es.wav,el próximo viernes | next_day('friday')
fechas2/train/fechas2_001749.es.wav,pasado mañana | relative_day(+2)
fechas2/train/fechas2_001750.es.wav,este viernes | next_day('friday')
fechas2/train/fechas2_001751.es.wav,este martes | next_day('tuesday')
fechas2/train/fechas2_001752.es.wav,el siguiente miércoles | next_day('wednesday')
fechas2/train/fechas2_001753.es.wav,por favor en tres días | relative_day(+3)
fechas2/train/fechas2_001754.es.wav,el martes por favor | next_day('tuesday')
fechas2/train/fechas2_001755.es.wav,el siguiente viernes | next_day('friday')
fechas2/train/fechas2_001756.es.wav,el lunes | next_day('monday')
fechas2/train/fechas2_001757.es.wav,este martes próximo | next_day('tuesday')
fechas2/train/fechas2_001758.es.wav,por favor este miércoles | next_day('wednesday')
fechas2/train/fechas2_001759.es.wav,el miércoles | next_day('wednesday')
fechas2/train/fechas2_001760.es.wav,el próximo miércoles por favor | next_day('wednesday')
fechas2/train/fechas2_001761.es.wav,este martes gracias | next_day('tuesday')
fechas2/train/fechas2_001762.es.wav,en tres días | relative_day(+3)
fechas2/train/fechas2_001763.es.wav,el próximo martes | next_day('tuesday')
fechas2/train/fechas2_001764.es.wav,el jueves gracias | next_day('thursday')
fechas2/train/fechas2_001765.es.wav,este lunes gracias | next_day('monday')
fechas2/train/fechas2_001766.es.wav,el próximo martes | next_day('tuesday')
fechas2/train/fechas2_001767.es.wav,por favor en tres días | relative_day(+3)
fechas2/train/fechas2_001768.es.wav,el siguiente viernes | next_day('friday')
fechas2/train/fechas2_001769.es.wav,el miércoles próximo gracias | next_day('wednesday')
fechas2/train/fechas2_001770.es.wav,el próximo miércoles | next_day('wednesday')
fechas2/train/fechas2_001771.es.wav,por favor el próximo martes | next_day('tuesday')
fechas2/train/fechas2_001772.es.wav,el próximo lunes | next_day('monday')
fechas2/train/fechas2_001773.es.wav,este viernes gracias | next_day('friday')
fechas2/train/fechas2_001774.es.wav,el martes | next_day('tuesday')
fechas2/train/fechas2_001775.es.wav,en tres días | relative_day(+3)
fechas2/train/fechas2_001776.es.wav,este viernes siguiente | next_day('friday')
fechas2/train/fechas2_001777.es.wav,el siguiente martes | next_day('tuesday')
fechas2/train/fechas2_001778.es.wav,por favor este jueves | next_day('thursday')
fechas2/train/fechas2_001779.es.wav,el próximo miércoles | next_day('wednesday')
fechas2/train/fechas2_001780.es.wav,este lunes gracias | next_day('monday')
fechas2/train/fechas2_001781.es.wav,en tres días | relative_day(+3)
fechas2/train/fechas2_001782.es.wav,este miércoles siguiente | next_day('wednesday')
fechas2/train/fechas2_001783.es.wav,este miércoles | next_day('wednesday')
fechas2/train/fechas2_001784.es.wav,este miércoles que viene | next_day('wednesday')
fechas2/train/fechas2_001785.es.wav,por favor en un par de días | relative_day(+2)
fechas2/train/fechas2_001786.es.wav,por favor el próximo viernes | next_day('friday')
fechas2/train/fechas2_001787.es.wav,en un par de días | relative_day(+2)
fechas2/train/fechas2_001788.es.wav,el próximo lunes | next_day('monday')
fechas2/train/fechas2_001789.es.wav,el siguiente lunes | next_day('monday')
fechas2/train/fechas2_001790.es.wav,en un par de días | relative_day(+2)
fechas2/train/fechas2_001791.es.wav,pasado mañana gracias | relative_day(+2)
fechas2/train/fechas2_001792.es.wav,este lunes siguiente | next_day('monday')
fechas2/train/fechas2_001793.es.wav,en tres días gracias | relative_day(+3)
fechas2/train/fechas2_001794.es.wav,este martes que viene | next_day('tuesday')
fechas2/train/fechas2_001795.es.wav,el viernes | next_day('friday')
fechas2/train/fechas2_001796.es.wav,el siguiente lunes | next_day('monday')
fechas2/train/fechas2_001797.es.wav,por favor el jueves | next_day('thursday')
fechas2/train/fechas2_001798.es.wav,este viernes siguiente por favor | next_day('friday')
fechas2/train/fechas2_001799.es.wav,el miércoles que viene gracias | next_day('wednesday')
fechas2/train/fechas2_001800.es.wav,por favor este jueves | next_day('thursday')
fechas2/train/fechas2_001801.es.wav,en un par de días | relative_day(+2)
fechas2/train/fechas2_001802.es.wav,este lunes próximo gracias | next_day('monday')
fechas2/train/fechas2_001803.es.wav,en un par de días | relative_day(+2)
fechas2/train/fechas2_001804.es.wav,el martes | next_day('tuesday')
fechas2/train/fechas2_001805.es.wav,este lunes gracias | next_day('monday')
fechas2/train/fechas2_001806.es.wav,el próximo jueves | next_day('thursday')
fechas2/train/fechas2_001807.es.wav,en un par de días | relative_day(+2)
fechas2/train/fechas2_001808.es.wav,en tres días por favor | relative_day(+3)
fechas2/train/fechas2_001809.es.wav,este martes | next_day('tuesday')
fechas2/train/fechas2_001810.es.wav,por favor el jueves | next_day('thursday')
fechas2/train/fechas2_001811.es.wav,en un par de días gracias | relative_day(+2)
fechas2/train/fechas2_001812.es.wav,en un par de días gracias | relative_day(+2)
fechas2/train/fechas2_001813.es.wav,el próximo viernes gracias | next_day('friday')
fechas2/train/fechas2_001814.es.wav,el siguiente lunes | next_day('monday')
fechas2/train/fechas2_001815.es.wav,por favor en un par de días | relative_day(+2)
fechas2/train/fechas2_001816.es.wav,el jueves que viene por favor | next_day('thursday')
fechas2/train/fechas2_001817.es.wav,el siguiente miércoles gracias | next_day('wednesday')
fechas2/train/fechas2_001818.es.wav,el martes siguiente | next_day('tuesday')
fechas2/train/fechas2_001819.es.wav,el viernes | next_day('friday')
fechas2/train/fechas2_001820.es.wav,el próximo jueves | next_day('thursday')
fechas2/train/fechas2_001821.es.wav,el martes | next_day('tuesday')
fechas2/train/fechas2_001822.es.wav,mañana por favor | relative_day(+1)
fechas2/train/fechas2_001823.es.wav,este lunes que viene | next_day('monday')
fechas2/train/fechas2_001824.es.wav,el próximo lunes | next_day('monday')
fechas2/train/fechas2_001825.es.wav,en un par de días | relative_day(+2)
fechas2/train/fechas2_001826.es.wav,el viernes gracias | next_day('friday')
fechas2/train/fechas2_001827.es.wav,en un par de días por favor | relative_day(+2)
fechas2/train/fechas2_001828.es.wav,en tres días por favor | relative_day(+3)
fechas2/train/fechas2_001829.es.wav,este martes | next_day('tuesday')
fechas2/train/fechas2_001830.es.wav,este lunes siguiente por favor | next_day('monday')
fechas2/train/fechas2_001831.es.wav,el martes | next_day('tuesday')
fechas2/train/fechas2_001832.es.wav,este jueves | next_day('thursday')
fechas2/train/fechas2_001833.es.wav,el lunes | next_day('monday')
fechas2/train/fechas2_001834.es.wav,en un par de días | relative_day(+2)
fechas2/train/fechas2_001835.es.wav,por favor el siguiente miércoles | next_day('wednesday')
fechas2/train/fechas2_001836.es.wav,el jueves | next_day('thursday')
fechas2/train/fechas2_001837.es.wav,el jueves por favor | next_day('thursday')
fechas2/train/fechas2_001838.es.wav,en un par de días | relative_day(+2)
fechas2/train/fechas2_001839.es.wav,el miércoles | next_day('wednesday')
fechas2/train/fechas2_001840.es.wav,el siguiente viernes | next_day('friday')
fechas2/train/fechas2_001841.es.wav,por favor este lunes | next_day('monday')
fechas2/train/fechas2_001842.es.wav,mañana | relative_day(+1)
fechas2/train/fechas2_001843.es.wav,el próximo miércoles por favor | next_day('wednesday')
fechas2/train/fechas2_001844.es.wav,el martes | next_day('tuesday')
fechas2/train/fechas2_001845.es.wav,el próximo martes gracias | next_day('tuesday')
fechas2/train/fechas2_001846.es.wav,el próximo viernes | next_day('friday')
fechas2/train/fechas2_001847.es.wav,el jueves gracias | next_day('thursday')
fechas2/train/fechas2_001848.es.wav,el próximo viernes | next_day('friday')
fechas2/train/fechas2_001849.es.wav,en un par de días | relative_day(+2)
fechas2/train/fechas2_001850.es.wav,en tres días gracias | relative_day(+3)
fechas2/train/fechas2_001851.es.wav,por favor en un par de días | relative_day(+2)
fechas2/train/fechas2_001852.es.wav,el próximo viernes | next_day('friday')
fechas2/train/fechas2_001853.es.wav,pasado mañana por favor | relative_day(+2)
fechas2/train/fechas2_001854.es.wav,en tres días | relative_day(+3)
fechas2/train/fechas2_001855.es.wav,el lunes | next_day('monday')
fechas2/train/fechas2_001856.es.wav,el lunes siguiente por favor | next_day('monday')
fechas2/train/fechas2_001857.es.wav,por favor en un par de días | relative_day(+2)
fechas2/train/fechas2_001858.es.wav,el miércoles que viene por favor | next_day('wednesday')
fechas2/train/fechas2_001859.es.wav,en tres días | relative_day(+3)
fechas2/train/fechas2_001860.es.wav,en un par de días | relative_day(+2)
fechas2/train/fechas2_001861.es.wav,por favor el lunes | next_day('monday')
fechas2/train/fechas2_001862.es.wav,el próximo martes por favor | next_day('tuesday')
fechas2/train/fechas2_001863.es.wav,el martes siguiente | next_day('tuesday')
fechas2/train/fechas2_001864.es.wav,este viernes por favor | next_day('friday')
fechas2/train/fechas2_001865.es.wav,el próximo martes | next_day('tuesday')
fechas2/train/fechas2_001866.es.wav,el próximo miércoles gracias | next_day('wednesday')
fechas2/train/fechas2_001867.es.wav,el jueves | next_day('thursday')
fechas2/train/fechas2_001868.es.wav,el martes | next_day('tuesday')
fechas2/train/fechas2_001869.es.wav,por favor el lunes | next_day('monday')
fechas2/train/fechas2_001870.es.wav,por favor el jueves que viene | next_day('thursday')
fechas2/train/fechas2_001871.es.wav,en un par de días | relative_day(+2)
fechas2/train/fechas2_001872.es.wav,el lunes que viene | next_day('monday')
fechas2/train/fechas2_001873.es.wav,por favor este lunes | next_day('monday')
fechas2/train/fechas2_001874.es.wav,el siguiente jueves | next_day('thursday')
fechas2/train/fechas2_001875.es.wav,este jueves | next_day('thursday')
fechas2/train/fechas2_001876.es.wav,el próximo martes | next_day('tuesday')
fechas2/train/fechas2_001877.es.wav,el próximo martes | next_day('tuesday')
fechas2/train/fechas2_001878.es.wav,en tres días gracias | relative_day(+3)
fechas2/train/fechas2_001879.es.wav,este miércoles que viene | next_day('wednesday')
fechas2/train/fechas2_001880.es.wav,el próximo martes gracias | next_day('tuesday')
fechas2/train/fechas2_001881.es.wav,en tres días | relative_day(+3)
fechas2/train/fechas2_001882.es.wav,mañana | relative_day(+1)
fechas2/train/fechas2_001883.es.wav,por favor el próximo miércoles | next_day('wednesday')
fechas2/train/fechas2_001884.es.wav,el miércoles que viene | next_day('wednesday')
fechas2/train/fechas2_001885.es.wav,por favor este miércoles siguiente | next_day('wednesday')
fechas2/train/fechas2_001886.es.wav,este viernes que viene | next_day('friday')
fechas2/train/fechas2_001887.es.wav,el jueves siguiente gracias | next_day('thursday')
fechas2/train/fechas2_001888.es.wav,este jueves que viene | next_day('thursday')
fechas2/train/fechas2_001889.es.wav,por favor este jueves | next_day('thursday')
fechas2/train/fechas2_001890.es.wav,el próximo lunes gracias | next_day('monday')
fechas2/train/fechas2_001891.es.wav,este martes que viene | next_day('tuesday')
fechas2/train/fechas2_001892.es.wav,este viernes que viene gracias | next_day('friday')
fechas2/train/fechas2_001893.es.wav,el miércoles gracias | next_day('wednesday')
fechas2/train/fechas2_001894.es.wav,pasado mañana | relative_day(+2)
fechas2/train/fechas2_001895.es.wav,el lunes | next_day('monday')
fechas2/train/fechas2_001896.es.wav,por favor en un par de días | relative_day(+2)
fechas2/train/fechas2_001897.es.wav,el próximo miércoles | next_day('wednesday')
fechas2/train/fechas2_001898.es.wav,en un par de días gracias | relative_day(+2)
fechas2/train/fechas2_001899.es.wav,por favor este miércoles | next_day('wednesday')
fechas2/train/fechas2_001900.es.wav,el martes que viene gracias | next_day('tuesday')
fechas2/train/fechas2_001901.es.wav,el viernes siguiente gracias | next_day('friday')
fechas2/train/fechas2_001902.es.wav,el jueves | next_day('thursday')
fechas2/train/fechas2_001903.es.wav,el viernes siguiente | next_day('friday')
fechas2/train/fechas2_001904.es.wav,el miércoles siguiente gracias | next_day('wednesday')
fechas2/train/fechas2_001905.es.wav,en tres días | relative_day(+3)
fechas2/train/fechas2_001906.es.wav,este miércoles siguiente | next_day('wednesday')
fechas2/train/fechas2_001907.es.wav,el jueves que viene | next_day('thursday')
fechas2/train/fechas2_001908.es.wav,por favor en un par de días | relative_day(+2)
fechas2/train/fechas2_001909.es.wav,el próximo jueves gracias | next_day('thursday')
fechas2/train/fechas2_001910.es.wav,por favor este jueves | next_day('thursday')
fechas2/train/fechas2_001911.es.wav,el martes próximo | next_day('tuesday')
fechas2/train/fechas2_001912.es.wav,el jueves por favor | next_day('thursday')
fechas2/train/fechas2_001913.es.wav,este miércoles próximo | next_day('wednesday')
fechas2/train/fechas2_001914.es.wav,en tres días | relative_day(+3)
fechas2/train/fechas2_001915.es.wav,el próximo martes | next_day('tuesday')
fechas2/train/fechas2_001916.es.wav,el próximo viernes | next_day('friday')
fechas2/train/fechas2_001917.es.wav,en tres días | relative_day(+3)
fechas2/train/fechas2_001918.es.wav,el siguiente viernes | next_day('friday')
fechas2/train/fechas2_001919.es.wav,el viernes por favor | next_day('friday')
fechas2/train/fechas2_001920.es.wav,en tres días gracias | relative_day(+3)
fechas2/train/fechas2_001921.es.wav,este martes | next_day('tuesday')
fechas2/train/fechas2_001922.es.wav,el jueves próximo por favor | next_day('thursday')
fechas2/train/fechas2_001923.es.wav,el miércoles siguiente | next_day('wednesday')
fechas2/train/fechas2_001924.es.wav,el próximo martes | next_day('tuesday')
fechas2/train/fechas2_001925.es.wav,el siguiente lunes gracias | next_day('monday')
fechas2/train/fechas2_001926.es.wav,este viernes gracias | next_day('friday')
fechas2/train/fechas2_001927.es.wav,el siguiente jueves por favor | next_day('thursday')
fechas2/train/fechas2_001928.es.wav,el miércoles que viene gracias | next_day('wednesday')
fechas2/train/fechas2_001929.es.wav,el martes gracias | next_day('tuesday')
fechas2/train/fechas2_001930.es.wav,este jueves | next_day('thursday')
fechas2/train/fechas2_001931.es.wav,el lunes próximo | next_day('monday')
fechas2/train/fechas2_001932.es.wav,el siguiente viernes | next_day('friday')
fechas2/train/fechas2_001933.es.wav,pasado mañana gracias | relative_day(+2)
fechas2/train/fechas2_001934.es.wav,el lunes próximo | next_day('monday')
fechas2/train/fechas2_001935.es.wav,el siguiente jueves gracias | next_day('thursday')
fechas2/train/fechas2_001936.es.wav,el siguiente viernes | next_day('friday')
fechas2/train/fechas2_001937.es.wav,en tres días | relative_day(+3)
fechas2/train/fechas2_001938.es.wav,este miércoles | next_day('wednesday')
fechas2/train/fechas2_001939.es.wav,el jueves siguiente por favor | next_day('thursday')
fechas2/train/fechas2_001940.es.wav,este viernes próximo por favor | next_day('friday')
fechas2/train/fechas2_001941.es.wav,el siguiente viernes | next_day('friday')
fechas2/train/fechas2_001942.es.wav,en tres días por favor | relative_day(+3)
fechas2/train/fechas2_001943.es.wav,pasado mañana | relative_day(+2)
fechas2/train/fechas2_001944.es.wav,el miércoles que viene gracias | next_day('wednesday')
fechas2/train/fechas2_001945.es.wav,el miércoles que viene | next_day('wednesday')
fechas2/train/fechas2_001946.es.wav,por favor en tres días | relative_day(+3)
fechas2/train/fechas2_001947.es.wav,este martes por favor | next_day('tuesday')
fechas2/train/fechas2_001948.es.wav,en tres días | relative_day(+3)
fechas2/train/fechas2_001949.es.wav,el siguiente miércoles | next_day('wednesday')
fechas2/train/fechas2_001950.es.wav,este miércoles próximo por favor | next_day('wednesday')
fechas2/train/fechas2_001951.es.wav,en tres días gracias | relative_day(+3)
fechas2/train/fechas2_001952.es.wav,el próximo viernes | next_day('friday')
fechas2/train/fechas2_001953.es.wav,por favor este miércoles próximo | next_day('wednesday')
fechas2/train/fechas2_001954.es.wav,el siguiente jueves | next_day('thursday')
fechas2/train/fechas2_001955.es.wav,el próximo martes gracias | next_day('tuesday')
fechas2/train/fechas2_001956.es.wav,en tres días | relative_day(+3)
fechas2/train/fechas2_001957.es.wav,el siguiente martes | next_day('tuesday')
fechas2/train/fechas2_001958.es.wav,por favor este jueves | next_day('thursday')
fechas2/train/fechas2_001959.es.wav,el martes | next_day('tuesday')
fechas2/train/fechas2_001960.es.wav,en tres días gracias | relative_day(+3)
fechas2/train/fechas2_001961.es.wav,mañana por favor | relative_day(+1)
fechas2/train/fechas2_001962.es.wav,el jueves próximo | next_day('thursday')
fechas2/train/fechas2_001963.es.wav,en tres días por favor | relative_day(+3)
fechas2/train/fechas2_001964.es.wav,el lunes próximo | next_day('monday')
fechas2/train/fechas2_001965.es.wav,el martes gracias | next_day('tuesday')
fechas2/train/fechas2_001966.es.wav,pasado mañana gracias | relative_day(+2)
fechas2/train/fechas2_001967.es.wav,este lunes que viene | next_day('monday')
fechas2/train/fechas2_001968.es.wav,el siguiente martes gracias | next_day('tuesday')
fechas2/train/fechas2_001969.es.wav,en tres días | relative_day(+3)
fechas2/train/fechas2_001970.es.wav,este miércoles | next_day('wednesday')
fechas2/train/fechas2_001971.es.wav,el martes siguiente gracias | next_day('tuesday')
fechas2/train/fechas2_001972.es.wav,mañana | relative_day(+1)
fechas2/train/fechas2_001973.es.wav,por favor el próximo lunes | next_day('monday')
fechas2/train/fechas2_001974.es.wav,este martes | next_day('tuesday')
fechas2/train/fechas2_001975.es.wav,mañana | relative_day(+1)
fechas2/train/fechas2_001976.es.wav,el jueves próximo por favor | next_day('thursday')
fechas2/train/fechas2_001977.es.wav,por favor este martes | next_day('tuesday')
fechas2/train/fechas2_001978.es.wav,el próximo viernes | next_day('friday')
fechas2/train/fechas2_001979.es.wav,en un par de días | relative_day(+2)
fechas2/train/fechas2_001980.es.wav,el siguiente martes | next_day('tuesday')
fechas2/train/fechas2_001981.es.wav,este miércoles próximo | next_day('wednesday')
fechas2/train/fechas2_001982.es.wav,mañana | relative_day(+1)
fechas2/train/fechas2_001983.es.wav,el próximo jueves | next_day('thursday')
fechas2/train/fechas2_001984.es.wav,el siguiente miércoles por favor | next_day('wednesday')
fechas2/train/fechas2_001985.es.wav,por favor el próximo miércoles | next_day('wednesday')
fechas2/train/fechas2_001986.es.wav,por favor mañana | relative_day(+1)
fechas2/train/fechas2_001987.es.wav,el siguiente martes por favor | next_day('tuesday')
fechas2/train/fechas2_001988.es.wav,el próximo lunes | next_day('monday')
fechas2/train/fechas2_001989.es.wav,en tres días gracias | relative_day(+3)
fechas2/train/fechas2_001990.es.wav,el próximo lunes | next_day('monday')
fechas2/train/fechas2_001991.es.wav,el jueves por favor | next_day('thursday')
fechas2/train/fechas2_001992.es.wav,el martes siguiente | next_day('tuesday')
fechas2/train/fechas2_001993.es.wav,el próximo miércoles | next_day('wednesday')
fechas2/train/fechas2_001994.es.wav,el siguiente lunes | next_day('monday')
fechas2/train/fechas2_001995.es.wav,mañana | relative_day(+1)
fechas2/train/fechas2_001996.es.wav,el próximo miércoles | next_day('wednesday')
fechas2/train/fechas2_001997.es.wav,en un par de días | relative_day(+2)
fechas2/train/fechas2_001998.es.wav,por favor el próximo martes | next_day('tuesday')
fechas2/train/fechas2_001999.es.wav,este viernes próximo | next_day('friday')
fechas2/train/fechas2_002000.es.wav,el martes gracias | next_day('tuesday')
fechas2/train/fechas2_002001.es.wav,el siguiente lunes por favor | next_day('monday')
fechas2/train/fechas2_002002.es.wav,el martes siguiente | next_day('tuesday')
fechas2/train/fechas2_002003.es.wav,el siguiente martes | next_day('tuesday')
fechas2/train/fechas2_002004.es.wav,en tres días | relative_day(+3)
fechas2/train/fechas2_002005.es.wav,este viernes que viene por favor | next_day('friday')
fechas2/train/fechas2_002006.es.wav,por favor el siguiente miércoles | next_day('wednesday')
fechas2/train/fechas2_002007.es.wav,el próximo viernes | next_day('friday')
fechas2/train/fechas2_002008.es.wav,el próximo miércoles | next_day('wednesday')
fechas2/train/fechas2_002009.es.wav,mañana gracias | relative_day(+1)
fechas2/train/fechas2_002010.es.wav,este martes que viene | next_day('tuesday')
fechas2/train/fechas2_002011.es.wav,el siguiente viernes | next_day('friday')
fechas2/train/fechas2_002012.es.wav,en tres días | relative_day(+3)
fechas2/train/fechas2_002013.es.wav,el próximo viernes | next_day('friday')
fechas2/train/fechas2_002014.es.wav,este lunes por favor | next_day('monday')
fechas2/train/fechas2_002015.es.wav,por favor el jueves siguiente | next_day('thursday')
fechas2/train/fechas2_002016.es.wav,en tres días | relative_day(+3)
fechas2/train/fechas2_002017.es.wav,en un par de días por favor | relative_day(+2)
fechas2/train/fechas2_002018.es.wav,este viernes siguiente | next_day('friday')
fechas2/train/fechas2_002019.es.wav,este martes próximo | next_day('tuesday')
fechas2/train/fechas2_002020.es.wav,este viernes | next_day('friday')
fechas2/train/fechas2_002021.es.wav,en tres días | relative_day(+3)
fechas2/train/fechas2_002022.es.wav,este viernes que viene | next_day('friday')
fechas2/train/fechas2_002023.es.wav,pasado mañana por favor | relative_day(+2)
fechas2/train/fechas2_002024.es.wav,el viernes que viene por favor | next_day('friday')
fechas2/train/fechas2_002025.es.wav,el miércoles siguiente | next_day('wednesday')
fechas2/train/fechas2_002026.es.wav,el siguiente jueves gracias | next_day('thursday')
fechas2/train/fechas2_002027.es.wav,por favor este martes que viene | next_day('tuesday')
fechas2/train/fechas2_002028.es.wav,el próximo martes | next_day('tuesday')
fechas2/train/fechas2_002029.es.wav,este miércoles | next_day('wednesday')
fechas2/train/fechas2_002030.es.wav,el miércoles | next_day('wednesday')
fechas2/train/fechas2_002031.es.wav,el miércoles siguiente | next_day('wednesday')
fechas2/train/fechas2_002032.es.wav,en tres días por favor | relative_day(+3)
fechas2/train/fechas2_002033.es.wav,el jueves | next_day('thursday')
fechas2/train/fechas2_002034.es.wav,en tres días por favor | relative_day(+3)
fechas2/train/fechas2_002035.es.wav,el siguiente martes gracias | next_day('tuesday')
fechas2/train/fechas2_002036.es.wav,en tres días | relative_day(+3)
fechas2/train/fechas2_002037.es.wav,este viernes gracias | next_day('friday')
fechas2/train/fechas2_002038.es.wav,pasado mañana | relative_day(+2)
fechas2/train/fechas2_002039.es.wav,en un par de días | relative_day(+2)
fechas2/train/fechas2_002040.es.wav,por favor el lunes | next_day('monday')
fechas2/train/fechas2_002041.es.wav,por favor pasado mañana | relative_day(+2)
fechas2/train/fechas2_002042.es.wav,el jueves | next_day('thursday')
fechas2/train/fechas2_002043.es.wav,en tres días gracias | relative_day(+3)
fechas2/train/fechas2_002044.es.wav,el siguiente viernes | next_day('friday')
fechas2/train/fechas2_002045.es.wav,por favor este martes siguiente | next_day('tuesday')
fechas2/train/fechas2_002046.es.wav,en tres días por favor | relative_day(+3)
fechas2/train/fechas2_002047.es.wav,en un par de días gracias | relative_day(+2)
fechas2/train/fechas2_002048.es.wav,este viernes | next_day('friday')
fechas2/train/fechas2_002049.es.wav,el siguiente viernes gracias | next_day('friday')
fechas2/train/fechas2_002050.es.wav,en un par de días | relative_day(+2)
fechas2/train/fechas2_002051.es.wav,en tres días gracias | relative_day(+3)
fechas2/train/fechas2_002052.es.wav,pasado mañana | relative_day(+2)
fechas2/train/fechas2_002053.es.wav,el miércoles | next_day('wednesday')
fechas2/train/fechas2_002054.es.wav,por favor el siguiente lunes | next_day('monday')
fechas2/train/fechas2_002055.es.wav,mañana | relative_day(+1)
fechas2/train/fechas2_002056.es.wav,en un par de días | relative_day(+2)
fechas2/train/fechas2_002057.es.wav,este miércoles que viene | next_day('wednesday')
fechas2/train/fechas2_002058.es.wav,este martes siguiente | next_day('tuesday')
fechas2/train/fechas2_002059.es.wav,en un par de días | relative_day(+2)
fechas2/train/fechas2_002060.es.wav,por favor este viernes | next_day('friday')
fechas2/train/fechas2_002061.es.wav,el jueves | next_day('thursday')
fechas2/train/fechas2_002062.es.wav,pasado mañana gracias | relative_day(+2)
fechas2/train/fechas2_002063.es.wav,el siguiente miércoles | next_day('wednesday')
fechas2/train/fechas2_002064.es.wav,este jueves | next_day('thursday')
fechas2/train/fechas2_002065.es.wav,el próximo jueves | next_day('thursday')
fechas2/train/fechas2_002066.es.wav,el siguiente viernes gracias | next_day('friday')
fechas2/train/fechas2_002067.es.wav,en tres días | relative_day(+3)
fechas2/train/fechas2_002068.es.wav,el jueves gracias | next_day('thursday')
fechas2/train/fechas2_002069.es.wav,el lunes | next_day('monday')
fechas2/train/fechas2_002070.es.wav,el viernes próximo gracias | next_day('friday')
fechas2/train/fechas2_002071.es.wav,el miércoles gracias | next_day('wednesday')
fechas2/train/fechas2_002072.es.wav,este lunes | next_day('monday')
fechas2/train/fechas2_002073.es.wav,el siguiente jueves | next_day('thursday')
fechas2/train/fechas2_002074.es.wav,pasado mañana | relative_day(+2)
fechas2/train/fechas2_002075.es.wav,el martes que viene por favor | next_day('tuesday')
fechas2/train/fechas2_002076.es.wav,por favor el martes | next_day('tuesday')
fechas2/train/fechas2_002077.es.wav,el siguiente miércoles | next_day('wednesday')
fechas2/train/fechas2_002078.es.wav,el lunes | next_day('monday')
fechas2/train/fechas2_002079.es.wav,por favor este lunes | next_day('monday')
fechas2/train/fechas2_002080.es.wav,este lunes | next_day('monday')
fechas2/train/fechas2_002081.es.wav,este miércoles siguiente | next_day('wednesday')
fechas2/train/fechas2_002082.es.wav,por favor el próximo martes | next_day('tuesday')
fechas2/train/fechas2_002083.es.wav,el próximo viernes | next_day('friday')
fechas2/train/fechas2_002084.es.wav,en un par de días | relative_day(+2)
fechas2/train/fechas2_002085.es.wav,mañana | relative_day(+1)
fechas2/train/fechas2_002086.es.wav,el miércoles gracias | next_day('wednesday')
fechas2/train/fechas2_002087.es.wav,este viernes por favor | next_day('friday')
fechas2/train/fechas2_002088.es.wav,este miércoles por favor | next_day('wednesday')
fechas2/train/fechas2_002089.es.wav,el siguiente viernes | next_day('friday')
fechas2/train/fechas2_002090.es.wav,este lunes gracias | next_day('monday')
fechas2/train/fechas2_002091.es.wav,el martes siguiente gracias | next_day('tuesday')
fechas2/train/fechas2_002092.es.wav,en tres días | relative_day(+3)
fechas2/train/fechas2_002093.es.wav,el siguiente lunes gracias | next_day('monday')
fechas2/train/fechas2_002094.es.wav,el próximo viernes gracias | next_day('friday')
fechas2/train/fechas2_002095.es.wav,en un par de días por favor | relative_day(+2)
fechas2/train/fechas2_002096.es.wav,por favor este viernes | next_day('friday')
fechas2/train/fechas2_002097.es.wav,el lunes próximo gracias | next_day('monday')
fechas2/train/fechas2_002098.es.wav,el jueves siguiente | next_day('thursday')
fechas2/train/fechas2_002099.es.wav,pasado mañana | relative_day(+2)
fechas2/train/fechas2_002100.es.wav,este martes que viene | next_day('tuesday')
fechas2/train/fechas2_002101.es.wav,en tres días | relative_day(+3)
fechas2/train/fechas2_002102.es.wav,el lunes siguiente | next_day('monday')
fechas2/train/fechas2_002103.es.wav,este viernes | next_day('friday')
fechas2/train/fechas2_002104.es.wav,el siguiente martes | next_day('tuesday')
fechas2/train/fechas2_002105.es.wav,el viernes que viene | next_day('friday')
fechas2/train/fechas2_002106.es.wav,en un par de días | relative_day(+2)
fechas2/train/fechas2_002107.es.wav,mañana | relative_day(+1)
fechas2/train/fechas2_002108.es.wav,pasado mañana por favor | relative_day(+2)
fechas2/train/fechas2_002109.es.wav,en un par de días por favor | relative_day(+2)
fechas2/train/fechas2_002110.es.wav,el jueves | next_day('thursday')
fechas2/train/fechas2_002111.es.wav,pasado mañana | relative_day(+2)
fechas2/train/fechas2_002112.es.wav,este miércoles siguiente | next_day('wednesday')
fechas2/train/fechas2_002113.es.wav,este viernes próximo | next_day('friday')
fechas2/train/fechas2_002114.es.wav,el próximo lunes | next_day('monday')
fechas2/train/fechas2_002115.es.wav,mañana | relative_day(+1)
fechas2/train/fechas2_002116.es.wav,el próximo viernes | next_day('friday')
fechas2/train/fechas2_002117.es.wav,el viernes siguiente por favor | next_day('friday')
fechas2/train/fechas2_002118.es.wav,el miércoles próximo | next_day('wednesday')
fechas2/train/fechas2_002119.es.wav,el martes por favor | next_day('tuesday')
fechas2/train/fechas2_002120.es.wav,por favor este martes | next_day('tuesday')
fechas2/train/fechas2_002121.es.wav,el próximo miércoles por favor | next_day('wednesday')
fechas2/train/fechas2_002122.es.wav,este jueves que viene gracias | next_day('thursday')
fechas2/train/fechas2_002123.es.wav,por favor este miércoles | next_day('wednesday')
fechas2/train/fechas2_002124.es.wav,este jueves que viene | next_day('thursday')
fechas2/train/fechas2_002125.es.wav,por favor el próximo jueves | next_day('thursday')
fechas2/train/fechas2_002126.es.wav,el próximo miércoles | next_day('wednesday')
fechas2/train/fechas2_002127.es.wav,en un par de días | relative_day(+2)
fechas2/train/fechas2_002128.es.wav,este lunes | next_day('monday')
fechas2/train/fechas2_002129.es.wav,en tres días | relative_day(+3)
fechas2/train/fechas2_002130.es.wav,en un par de días | relative_day(+2)
fechas2/train/fechas2_002131.es.wav,el miércoles por favor | next_day('wednesday')
fechas2/train/fechas2_002132.es.wav,pasado mañana | relative_day(+2)
fechas2/train/fechas2_002133.es.wav,en un par de días gracias | relative_day(+2)
fechas2/train/fechas2_002134.es.wav,por favor el martes | next_day('tuesday')
fechas2/train/fechas2_002135.es.wav,el jueves que viene por favor | next_day('thursday')
fechas2/train/fechas2_002136.es.wav,el próximo viernes | next_day('friday')
fechas2/train/fechas2_002137.es.wav,por favor el miércoles | next_day('wednesday')
fechas2/train/fechas2_002138.es.wav,el martes | next_day('tuesday')
fechas2/train/fechas2_002139.es.wav,en un par de días | relative_day(+2)
fechas2/train/fechas2_002140.es.wav,por favor este jueves próximo | next_day('thursday')
fechas2/train/fechas2_002141.es.wav,en tres días por favor | relative_day(+3)
fechas2/train/fechas2_002142.es.wav,el siguiente viernes | next_day('friday')
fechas2/train/fechas2_002143.es.wav,el siguiente jueves gracias | next_day('thursday')
fechas2/train/fechas2_002144.es.wav,mañana gracias | relative_day(+1)
fechas2/train/fechas2_002145.es.wav,el martes | next_day('tuesday')
fechas2/train/fechas2_002146.es.wav,el próximo miércoles | next_day('wednesday')
fechas2/train/fechas2_002147.es.wav,el miércoles | next_day('wednesday')
fechas2/train/fechas2_002148.es.wav,este miércoles que viene | next_day('wednesday')
fechas2/train/fechas2_002149.es.wav,pasado mañana gracias | relative_day(+2)
fechas2/train/fechas2_002150.es.wav,el lunes gracias | next_day('monday')
fechas2/train/fechas2_002151.es.wav,este lunes siguiente | next_day('monday')
fechas2/train/fechas2_002152.es.wav,el próximo jueves | next_day('thursday')
fechas2/train/fechas2_002153.es.wav,el siguiente miércoles | next_day('wednesday')
fechas2/train/fechas2_002154.es.wav,el viernes | next_day('friday')
fechas2/train/fechas2_002155.es.wav,el siguiente lunes | next_day('monday')
fechas2/train/fechas2_002156.es.wav,este miércoles próximo | next_day('wednesday')
fechas2/train/fechas2_002157.es.wav,en un par de días | relative_day(+2)
fechas2/train/fechas2_002158.es.wav,el viernes que viene | next_day('friday')
fechas2/train/fechas2_002159.es.wav,pasado mañana gracias | relative_day(+2)
fechas2/train/fechas2_002160.es.wav,el martes próximo por favor | next_day('tuesday')
fechas2/train/fechas2_002161.es.wav,este jueves gracias | next_day('thursday')
fechas2/train/fechas2_002162.es.wav,por favor este lunes | next_day('monday')
fechas2/train/fechas2_002163.es.wav,el miércoles próximo | next_day('wednesday')
fechas2/train/fechas2_002164.es.wav,el siguiente martes por favor | next_day('tuesday')
fechas2/train/fechas2_002165.es.wav,este viernes que viene | next_day('friday')
fechas2/train/fechas2_002166.es.wav,en tres días | relative_day(+3)
fechas2/train/fechas2_002167.es.wav,mañana | relative_day(+1)
fechas2/train/fechas2_002168.es.wav,por favor el próximo martes | next_day('tuesday')
fechas2/train/fechas2_002169.es.wav,el próximo martes gracias | next_day('tuesday')
fechas2/train/fechas2_002170.es.wav,el miércoles por favor | next_day('wednesday')
fechas2/train/fechas2_002171.es.wav,pasado mañana | relative_day(+2)
fechas2/train/fechas2_002172.es.wav,este jueves que viene | next_day('thursday')
fechas2/train/fechas2_002173.es.wav,por favor el siguiente martes | next_day('tuesday')
fechas2/train/fechas2_002174.es.wav,este lunes gracias | next_day('monday')
fechas2/train/fechas2_002175.es.wav,este martes | next_day('tuesday')
fechas2/train/fechas2_002176.es.wav,este miércoles próximo | next_day('wednesday')
fechas2/train/fechas2_002177.es.wav,en un par de días | relative_day(+2)
fechas2/train/fechas2_002178.es.wav,este viernes siguiente por favor | next_day('friday')
fechas2/train/fechas2_002179.es.wav,este viernes | next_day('friday')
fechas2/train/fechas2_002180.es.wav,este viernes gracias | next_day('friday')
fechas2/train/fechas2_002181.es.wav,el jueves | next_day('thursday')
fechas2/train/fechas2_002182.es.wav,en un par de días | relative_day(+2)
fechas2/train/fechas2_002183.es.wav,este miércoles | next_day('wednesday')
fechas2/train/fechas2_002184.es.wav,este viernes siguiente gracias | next_day('friday')
fechas2/train/fechas2_002185.es.wav,el viernes que viene | next_day('friday')
fechas2/train/fechas2_002186.es.wav,este jueves que viene gracias | next_day('thursday')
fechas2/train/fechas2_002187.es.wav,por favor el jueves próximo | next_day('thursday')
fechas2/train/fechas2_002188.es.wav,en un par de días | relative_day(+2)
fechas2/train/fechas2_002189.es.wav,mañana por favor | relative_day(+1)
fechas2/train/fechas2_002190.es.wav,por favor el lunes | next_day('monday')
fechas2/train/fechas2_002191.es.wav,mañana | relative_day(+1)
fechas2/train/fechas2_002192.es.wav,el próximo jueves | next_day('thursday')
fechas2/train/fechas2_002193.es.wav,en tres días | relative_day(+3)
fechas2/train/fechas2_002194.es.wav,el siguiente viernes | next_day('friday')
fechas2/train/fechas2_002195.es.wav,este viernes próximo | next_day('friday')
fechas2/train/fechas2_002196.es.wav,el siguiente lunes gracias | next_day('monday')
fechas2/train/fechas2_002197.es.wav,pasado mañana | relative_day(+2)
fechas2/train/fechas2_002198.es.wav,en tres días por favor | relative_day(+3)
fechas2/train/fechas2_002199.es.wav,el miércoles que viene gracias | next_day('wednesday')
fechas2/train/fechas2_002200.es.wav,el miércoles que viene | next_day('wednesday')
fechas2/train/fechas2_002201.es.wav,este miércoles | next_day('wednesday')
fechas2/train/fechas2_002202.es.wav,en un par de días | relative_day(+2)
fechas2/train/fechas2_002203.es.wav,el próximo viernes por favor | next_day('friday')
fechas2/train/fechas2_002204.es.wav,este lunes | next_day('monday')
fechas2/train/fechas2_002205.es.wav,el viernes siguiente gracias | next_day('friday')
fechas2/train/fechas2_002206.es.wav,el siguiente miércoles | next_day('wednesday')
fechas2/train/fechas2_002207.es.wav,este lunes que viene por favor | next_day('monday')
fechas2/train/fechas2_002208.es.wav,este martes siguiente gracias | next_day('tuesday')
fechas2/train/fechas2_002209.es.wav,este miércoles próximo | next_day('wednesday')
fechas2/train/fechas2_002210.es.wav,el martes por favor | next_day('tuesday')
fechas2/train/fechas2_002211.es.wav,en un par de días | relative_day(+2)
fechas2/train/fechas2_002212.es.wav,por favor el próximo viernes | next_day('friday')
fechas2/train/fechas2_002213.es.wav,el próximo lunes | next_day('monday')
fechas2/train/fechas2_002214.es.wav,en un par de días | relative_day(+2)
fechas2/train/fechas2_002215.es.wav,este martes próximo | next_day('tuesday')
fechas2/train/fechas2_002216.es.wav,en tres días por favor | relative_day(+3)
fechas2/train/fechas2_002217.es.wav,este jueves que viene | next_day('thursday')
fechas2/train/fechas2_002218.es.wav,el próximo viernes gracias | next_day('friday')
fechas2/train/fechas2_002219.es.wav,mañana | relative_day(+1)
fechas2/train/fechas2_002220.es.wav,por favor en tres días | relative_day(+3)
fechas2/train/fechas2_002221.es.wav,en tres días | relative_day(+3)
fechas2/train/fechas2_002222.es.wav,mañana | relative_day(+1)
fechas2/train/fechas2_002223.es.wav,mañana | relative_day(+1)
fechas2/train/fechas2_002224.es.wav,este viernes siguiente por favor | next_day('friday')
fechas2/train/fechas2_002225.es.wav,por favor pasado mañana | relative_day(+2)
fechas2/train/fechas2_002226.es.wav,el jueves | next_day('thursday')
fechas2/train/fechas2_002227.es.wav,el jueves gracias | next_day('thursday')
fechas2/train/fechas2_002228.es.wav,el próximo martes por favor | next_day('tuesday')
fechas2/train/fechas2_002229.es.wav,mañana | relative_day(+1)
fechas2/train/fechas2_002230.es.wav,por favor este lunes | next_day('monday')
fechas2/train/fechas2_002231.es.wav,el viernes | next_day('friday')
fechas2/train/fechas2_002232.es.wav,este miércoles próximo | next_day('wednesday')
fechas2/train/fechas2_002233.es.wav,este lunes | next_day('monday')
fechas2/train/fechas2_002234.es.wav,este jueves | next_day('thursday')
fechas2/train/fechas2_002235.es.wav,en tres días | relative_day(+3)
fechas2/train/fechas2_002236.es.wav,mañana | relative_day(+1)
fechas2/train/fechas2_002237.es.wav,el martes siguiente | next_day('tuesday')
fechas2/train/fechas2_002238.es.wav,en tres días por favor | relative_day(+3)
fechas2/train/fechas2_002239.es.wav,el siguiente martes | next_day('tuesday')
fechas2/train/fechas2_002240.es.wav,el próximo martes | next_day('tuesday')
fechas2/train/fechas2_002241.es.wav,el miércoles gracias | next_day('wednesday')
fechas2/train/fechas2_002242.es.wav,pasado mañana por favor | relative_day(+2)
fechas2/train/fechas2_002243.es.wav,por favor el próximo lunes | next_day('monday')
fechas2/train/fechas2_002244.es.wav,por favor el miércoles | next_day('wednesday')
fechas2/train/fechas2_002245.es.wav,el próximo jueves | next_day('thursday')
fechas2/train/fechas2_002246.es.wav,por favor el siguiente viernes | next_day('friday')
fechas2/train/fechas2_002247.es.wav,el miércoles | next_day('wednesday')
fechas2/train/fechas2_002248.es.wav,este lunes próximo | next_day('monday')
fechas2/train/fechas2_002249.es.wav,en un par de días por favor | relative_day(+2)
fechas2/train/fechas2_002250.es.wav,por favor el siguiente miércoles | next_day('wednesday')
fechas2/train/fechas2_002251.es.wav,este jueves próximo | next_day('thursday')
fechas2/train/fechas2_002252.es.wav,el martes gracias | next_day('tuesday')
fechas2/train/fechas2_002253.es.wav,el jueves | next_day('thursday')
fechas2/train/fechas2_002254.es.wav,este lunes por favor | next_day('monday')
fechas2/train/fechas2_002255.es.wav,por favor mañana | relative_day(+1)
fechas2/train/fechas2_002256.es.wav,este martes siguiente por favor | next_day('tuesday')
fechas2/train/fechas2_002257.es.wav,por favor el lunes | next_day('monday')
fechas2/train/fechas2_002258.es.wav,en tres días | relative_day(+3)
fechas2/train/fechas2_002259.es.wav,el jueves que viene | next_day('thursday')
fechas2/train/fechas2_002260.es.wav,por favor este martes próximo | next_day('tuesday')
fechas2/train/fechas2_002261.es.wav,el siguiente martes | next_day('tuesday')
fechas2/train/fechas2_002262.es.wav,el martes próximo | next_day('tuesday')
fechas2/train/fechas2_002263.es.wav,este martes que viene por favor | next_day('tuesday')
fechas2/train/fechas2_002264.es.wav,el siguiente martes | next_day('tuesday')
fechas2/train/fechas2_002265.es.wav,el siguiente miércoles gracias | next_day('wednesday')
fechas2/train/fechas2_002266.es.wav,por favor el miércoles siguiente | next_day('wednesday')
fechas2/train/fechas2_002267.es.wav,en tres días por favor | relative_day(+3)
fechas2/train/fechas2_002268.es.wav,pasado mañana | relative_day(+2)
fechas2/train/fechas2_002269.es.wav,en tres días | relative_day(+3)
fechas2/train/fechas2_002270.es.wav,el jueves que viene gracias | next_day('thursday')
fechas2/train/fechas2_002271.es.wav,en un par de días | relative_day(+2)
fechas2/train/fechas2_002272.es.wav,este jueves | next_day('thursday')
fechas2/train/fechas2_002273.es.wav,en tres días | relative_day(+3)
fechas2/train/fechas2_002274.es.wav,este lunes próximo por favor | next_day('monday')
fechas2/train/fechas2_002275.es.wav,el próximo viernes | next_day('friday')
fechas2/train/fechas2_002276.es.wav,el próximo martes | next_day('tuesday')
fechas2/train/fechas2_002277.es.wav,este viernes | next_day('friday')
fechas2/train/fechas2_002278.es.wav,por favor el próximo viernes | next_day('friday')
fechas2/train/fechas2_002279.es.wav,por favor pasado mañana | relative_day(+2)
fechas2/train/fechas2_002280.es.wav,pasado mañana | relative_day(+2)
fechas2/train/fechas2_002281.es.wav,en tres días | relative_day(+3)
fechas2/train/fechas2_002282.es.wav,en un par de días | relative_day(+2)
fechas2/train/fechas2_002283.es.wav,en un par de días | relative_day(+2)
fechas2/train/fechas2_002284.es.wav,en un par de días por favor | relative_day(+2)
fechas2/train/fechas2_002285.es.wav,este jueves que viene | next_day('thursday')
fechas2/train/fechas2_002286.es.wav,por favor este martes | next_day('tuesday')
fechas2/train/fechas2_002287.es.wav,este miércoles próximo por favor | next_day('wednesday')
fechas2/train/fechas2_002288.es.wav,en un par de días | relative_day(+2)
fechas2/train/fechas2_002289.es.wav,por favor este jueves | next_day('thursday')
fechas2/train/fechas2_002290.es.wav,en un par de días por favor | relative_day(+2)
fechas2/train/fechas2_002291.es.wav,este miércoles que viene por favor | next_day('wednesday')
fechas2/train/fechas2_002292.es.wav,en un par de días gracias | relative_day(+2)
fechas2/train/fechas2_002293.es.wav,en un par de días gracias | relative_day(+2)
fechas2/train/fechas2_002294.es.wav,el próximo lunes | next_day('monday')
fechas2/train/fechas2_002295.es.wav,el siguiente lunes | next_day('monday')
fechas2/train/fechas2_002296.es.wav,el miércoles siguiente | next_day('wednesday')
fechas2/train/fechas2_002297.es.wav,este jueves próximo por favor | next_day('thursday')
fechas2/train/fechas2_002298.es.wav,mañana por favor | relative_day(+1)
fechas2/train/fechas2_002299.es.wav,el próximo viernes por favor | next_day('friday')
fechas2/train/fechas2_002300.es.wav,por favor en tres días | relative_day(+3)
fechas2/train/fechas2_002301.es.wav,por favor el viernes | next_day('friday')
fechas2/train/fechas2_002302.es.wav,este lunes que viene | next_day('monday')
fechas2/train/fechas2_002303.es.wav,en tres días gracias | relative_day(+3)
fechas2/train/fechas2_002304.es.wav,por favor el viernes siguiente | next_day('friday')
fechas2/train/fechas2_002305.es.wav,en un par de días | relative_day(+2)
fechas2/train/fechas2_002306.es.wav,por favor este lunes siguiente | next_day('monday')
fechas2/train/fechas2_002307.es.wav,el próximo martes | next_day('tuesday')
fechas2/train/fechas2_002308.es.wav,este lunes próximo | next_day('monday')
fechas2/train/fechas2_002309.es.wav,el siguiente viernes | next_day('friday')
fechas2/train/fechas2_002310.es.wav,el próximo jueves | next_day('thursday')
fechas2/train/fechas2_002311.es.wav,el siguiente miércoles gracias | next_day('wednesday')
fechas2/train/fechas2_002312.es.wav,el siguiente lunes | next_day('monday')
fechas2/train/fechas2_002313.es.wav,por favor el lunes siguiente | next_day('monday')
fechas2/train/fechas2_002314.es.wav,el jueves próximo por favor | next_day('thursday')
fechas2/train/fechas2_002315.es.wav,este viernes que viene | next_day('friday')
fechas2/train/fechas2_002316.es.wav,este martes próximo gracias | next_day('tuesday')
fechas2/train/fechas2_002317.es.wav,en tres días gracias | relative_day(+3)
fechas2/train/fechas2_002318.es.wav,en tres días gracias | relative_day(+3)
fechas2/train/fechas2_002319.es.wav,por favor este lunes próximo | next_day('monday')
fechas2/train/fechas2_002320.es.wav,el lunes siguiente | next_day('monday')
fechas2/train/fechas2_002321.es.wav,el siguiente martes | next_day('tuesday')
fechas2/train/fechas2_002322.es.wav,en un par de días gracias | relative_day(+2)
fechas2/train/fechas2_002323.es.wav,por favor el próximo martes | next_day('tuesday')
fechas2/train/fechas2_002324.es.wav,este martes siguiente | next_day('tuesday')
fechas2/train/fechas2_002325.es.wav,este lunes por favor | next_day('monday')
fechas2/train/fechas2_002326.es.wav,el lunes que viene gracias | next_day('monday')
fechas2/train/fechas2_002327.es.wav,este lunes que viene por favor | next_day('monday')
fechas2/train/fechas2_002328.es.wav,este miércoles | next_day('wednesday')
fechas2/train/fechas2_002329.es.wav,pasado mañana por favor | relative_day(+2)
fechas2/train/fechas2_002330.es.wav,el próximo martes | next_day('tuesday')
fechas2/train/fechas2_002331.es.wav,el lunes gracias | next_day('monday')
fechas2/train/fechas2_002332.es.wav,el viernes gracias | next_day('friday')
fechas2/train/fechas2_002333.es.wav,por favor el miércoles | next_day('wednesday')
fechas2/train/fechas2_002334.es.wav,este lunes siguiente | next_day('monday')
fechas2/train/fechas2_002335.es.wav,en tres días por favor | relative_day(+3)
fechas2/train/fechas2_002336.es.wav,en tres días | relative_day(+3)
fechas2/train/fechas2_002337.es.wav,el lunes próximo | next_day('monday')
fechas2/train/fechas2_002338.es.wav,pasado mañana gracias | relative_day(+2)
fechas2/train/fechas2_002339.es.wav,el miércoles gracias | next_day('wednesday')
fechas2/train/fechas2_002340.es.wav,el siguiente jueves | next_day('thursday')
fechas2/train/fechas2_002341.es.wav,este lunes por favor | next_day('monday')
fechas2/train/fechas2_002342.es.wav,pasado mañana | relative_day(+2)
fechas2/train/fechas2_002343.es.wav,este lunes | next_day('monday')
fechas2/train/fechas2_002344.es.wav,mañana | relative_day(+1)
fechas2/train/fechas2_002345.es.wav,este miércoles | next_day('wednesday')
fechas2/train/fechas2_002346.es.wav,este martes por favor | next_day('tuesday')
fechas2/train/fechas2_002347.es.wav,este miércoles siguiente | next_day('wednesday')
fechas2/train/fechas2_002348.es.wav,por favor el siguiente jueves | next_day('thursday')
fechas2/train/fechas2_002349.es.wav,el lunes siguiente | next_day('monday')
fechas2/train/fechas2_002350.es.wav,por favor el viernes | next_day('friday')
fechas2/train/fechas2_002351.es.wav,en tres días por favor | relative_day(+3)
fechas2/train/fechas2_002352.es.wav,este jueves | next_day('thursday')
fechas2/train/fechas2_002353.es.wav,por favor en un par de días | relative_day(+2)
fechas2/train/fechas2_002354.es.wav,el viernes gracias | next_day('friday')
fechas2/train/fechas2_002355.es.wav,el martes que viene por favor | next_day('tuesday')
fechas2/train/fechas2_002356.es.wav,este lunes que viene | next_day('monday')
fechas2/train/fechas2_002357.es.wav,el martes que viene gracias | next_day('tuesday')
fechas2/train/fechas2_002358.es.wav,por favor el viernes siguiente | next_day('friday')
fechas2/train/fechas2_002359.es.wav,el jueves | next_day('thursday')
fechas2/train/fechas2_002360.es.wav,este jueves próximo | next_day('thursday')
fechas2/train/fechas2_002361.es.wav,en un par de días gracias | relative_day(+2)
fechas2/train/fechas2_002362.es.wav,en un par de días | relative_day(+2)
fechas2/train/fechas2_002363.es.wav,el martes siguiente | next_day('tuesday')
fechas2/train/fechas2_002364.es.wav,en tres días por favor | relative_day(+3)
fechas2/train/fechas2_002365.es.wav,el miércoles | next_day('wednesday')
fechas2/train/fechas2_002366.es.wav,en tres días | relative_day(+3)
fechas2/train/fechas2_002367.es.wav,en un par de días gracias | relative_day(+2)
fechas2/train/fechas2_002368.es.wav,el miércoles próximo por favor | next_day('wednesday')
fechas2/train/fechas2_002369.es.wav,por favor mañana | relative_day(+1)
fechas2/train/fechas2_002370.es.wav,por favor en un par de días | relative_day(+2)
fechas2/train/fechas2_002371.es.wav,en tres días | relative_day(+3)
fechas2/train/fechas2_002372.es.wav,por favor el próximo jueves | next_day('thursday')
fechas2/train/fechas2_002373.es.wav,el siguiente miércoles | next_day('wednesday')
fechas2/train/fechas2_002374.es.wav,este jueves | next_day('thursday')
fechas2/train/fechas2_002375.es.wav,en un par de días | relative_day(+2)
fechas2/train/fechas2_002376.es.wav,este jueves que viene por favor | next_day('thursday')
fechas2/train/fechas2_002377.es.wav,el próximo jueves | next_day('thursday')
fechas2/train/fechas2_002378.es.wav,por favor este viernes que viene | next_day('friday')
fechas2/train/fechas2_002379.es.wav,en un par de días | relative_day(+2)
fechas2/train/fechas2_002380.es.wav,en un par de días | relative_day(+2)
fechas2/train/fechas2_002381.es.wav,el próximo miércoles | next_day('wednesday')
fechas2/train/fechas2_002382.es.wav,el martes siguiente | next_day('tuesday')
fechas2/train/fechas2_002383.es.wav,el siguiente miércoles | next_day('wednesday')
fechas2/train/fechas2_002384.es.wav,este jueves gracias | next_day('thursday')
fechas2/train/fechas2_002385.es.wav,el siguiente martes | next_day('tuesday')
fechas2/train/fechas2_002386.es.wav,en un par de días | relative_day(+2)
fechas2/train/fechas2_002387.es.wav,el próximo martes | next_day('tuesday')
fechas2/train/fechas2_002388.es.wav,este miércoles | next_day('wednesday')
fechas2/train/fechas2_002389.es.wav,el siguiente lunes por favor | next_day('monday')
fechas2/train/fechas2_002390.es.wav,el martes que viene | next_day('tuesday')
fechas2/train/fechas2_002391.es.wav,mañana | relative_day(+1)
fechas2/train/fechas2_002392.es.wav,el viernes | next_day('friday')
fechas2/train/fechas2_002393.es.wav,por favor en tres días | relative_day(+3)
fechas2/train/fechas2_002394.es.wav,este lunes que viene por favor | next_day('monday')
fechas2/train/fechas2_002395.es.wav,en tres días | relative_day(+3)
fechas2/train/fechas2_002396.es.wav,el lunes por favor | next_day('monday')
fechas2/train/fechas2_002397.es.wav,el próximo viernes | next_day('friday')
fechas2/train/fechas2_002398.es.wav,pasado mañana | relative_day(+2)
fechas2/train/fechas2_002399.es.wav,el miércoles por favor | next_day('wednesday')
fechas2/train/fechas2_002400.es.wav,el próximo lunes | next_day('monday')
fechas2/train/fechas2_002401.es.wav,este viernes que viene | next_day('friday')
fechas2/train/fechas2_002402.es.wav,el próximo viernes | next_day('friday')
fechas2/train/fechas2_002403.es.wav,el siguiente miércoles | next_day('wednesday')
fechas2/train/fechas2_002404.es.wav,este martes que viene | next_day('tuesday')
fechas2/train/fechas2_002405.es.wav,este martes que viene | next_day('tuesday')
fechas2/train/fechas2_002406.es.wav,el próximo martes | next_day('tuesday')
fechas2/train/fechas2_002407.es.wav,en un par de días | relative_day(+2)
fechas2/train/fechas2_002408.es.wav,por favor el próximo jueves | next_day('thursday')
fechas2/train/fechas2_002409.es.wav,el siguiente miércoles gracias | next_day('wednesday')
fechas2/train/fechas2_002410.es.wav,por favor este viernes | next_day('friday')
fechas2/train/fechas2_002411.es.wav,el próximo martes | next_day('tuesday')
fechas2/train/fechas2_002412.es.wav,este miércoles gracias | next_day('wednesday')
fechas2/train/fechas2_002413.es.wav,este jueves | next_day('thursday')
fechas2/train/fechas2_002414.es.wav,pasado mañana | relative_day(+2)
fechas2/train/fechas2_002415.es.wav,por favor el próximo lunes | next_day('monday')
fechas2/train/fechas2_002416.es.wav,este martes próximo | next_day('tuesday')
fechas2/train/fechas2_002417.es.wav,en un par de días | relative_day(+2)
fechas2/train/fechas2_002418.es.wav,este jueves que viene por favor | next_day('thursday')
fechas2/train/fechas2_002419.es.wav,mañana | relative_day(+1)
fechas2/train/fechas2_002420.es.wav,el siguiente lunes | next_day('monday')
fechas2/train/fechas2_002421.es.wav,el jueves gracias | next_day('thursday')
fechas2/train/fechas2_002422.es.wav,el próximo viernes | next_day('friday')
fechas2/train/fechas2_002423.es.wav,el miércoles | next_day('wednesday')
fechas2/train/fechas2_002424.es.wav,por favor el próximo lunes | next_day('monday')
fechas2/train/fechas2_002425.es.wav,mañana | relative_day(+1)
fechas2/train/fechas2_002426.es.wav,mañana | relative_day(+1)
fechas2/train/fechas2_002427.es.wav,este viernes gracias | next_day('friday')
fechas2/train/fechas2_002428.es.wav,este miércoles próximo gracias | next_day('wednesday')
fechas2/train/fechas2_002429.es.wav,este lunes | next_day('monday')
fechas2/train/fechas2_002430.es.wav,este viernes por favor | next_day('friday')
fechas2/train/fechas2_002431.es.wav,por favor en tres días | relative_day(+3)
fechas2/train/fechas2_002432.es.wav,el próximo martes | next_day('tuesday')
fechas2/train/fechas2_002433.es.wav,el martes gracias | next_day('tuesday')
fechas2/train/fechas2_002434.es.wav,este jueves | next_day('thursday')
fechas2/train/fechas2_002435.es.wav,el jueves próximo gracias | next_day('thursday')
fechas2/train/fechas2_002436.es.wav,este martes siguiente | next_day('tuesday')
fechas2/train/fechas2_002437.es.wav,este lunes que viene por favor | next_day('monday')
fechas2/train/fechas2_002438.es.wav,el martes | next_day('tuesday')
fechas2/train/fechas2_002439.es.wav,el próximo miércoles por favor | next_day('wednesday')
fechas2/train/fechas2_002440.es.wav,el siguiente miércoles | next_day('wednesday')
fechas2/train/fechas2_002441.es.wav,mañana | relative_day(+1)
fechas2/train/fechas2_002442.es.wav,pasado mañana por favor | relative_day(+2)
fechas2/train/fechas2_002443.es.wav,el lunes siguiente | next_day('monday')
fechas2/train/fechas2_002444.es.wav,este viernes siguiente | next_day('friday')
fechas2/train/fechas2_002445.es.wav,en un par de días por favor | relative_day(+2)
fechas2/train/fechas2_002446.es.wav,en un par de días | relative_day(+2)
fechas2/train/fechas2_002447.es.wav,el lunes que viene | next_day('monday')
fechas2/train/fechas2_002448.es.wav,el siguiente martes | next_day('tuesday')
fechas2/train/fechas2_002449.es.wav,el miércoles que viene | next_day('wednesday')
fechas2/train/fechas2_002450.es.wav,el martes | next_day('tuesday')
fechas2/train/fechas2_002451.es.wav,el jueves siguiente gracias | next_day('thursday')
fechas2/train/fechas2_002452.es.wav,en un par de días por favor | relative_day(+2)
fechas2/train/fechas2_002453.es.wav,este miércoles próximo | next_day('wednesday')
fechas2/train/fechas2_002454.es.wav,este martes que viene | next_day('tuesday')
fechas2/train/fechas2_002455.es.wav,este lunes próximo | next_day('monday')
fechas2/train/fechas2_002456.es.wav,el siguiente lunes | next_day('monday')
fechas2/train/fechas2_002457.es.wav,en tres días | relative_day(+3)
fechas2/train/fechas2_002458.es.wav,este viernes próximo | next_day('friday')
fechas2/train/fechas2_002459.es.wav,el jueves | next_day('thursday')
fechas2/train/fechas2_002460.es.wav,este jueves próximo gracias | next_day('thursday')
fechas2/train/fechas2_002461.es.wav,en un par de días gracias | relative_day(+2)
fechas2/train/fechas2_002462.es.wav,este lunes próximo por favor | next_day('monday')
fechas2/train/fechas2_002463.es.wav,el próximo lunes | next_day('monday')
fechas2/train/fechas2_002464.es.wav,el siguiente martes | next_day('tuesday')
fechas2/train/fechas2_002465.es.wav,el miércoles por favor | next_day('wednesday')
fechas2/train/fechas2_002466.es.wav,por favor el próximo martes | next_day('tuesday')
fechas2/train/fechas2_002467.es.wav,este lunes siguiente gracias | next_day('monday')
fechas2/train/fechas2_002468.es.wav,por favor este jueves | next_day('thursday')
fechas2/train/fechas2_002469.es.wav,por favor este jueves | next_day('thursday')
fechas2/train/fechas2_002470.es.wav,este lunes por favor | next_day('monday')
fechas2/train/fechas2_002471.es.wav,el siguiente viernes | next_day('friday')
fechas2/train/fechas2_002472.es.wav,el próximo jueves | next_day('thursday')
fechas2/train/fechas2_002473.es.wav,por favor en tres días | relative_day(+3)
fechas2/train/fechas2_002474.es.wav,el miércoles próximo | next_day('wednesday')
fechas2/train/fechas2_002475.es.wav,este viernes gracias | next_day('friday')
fechas2/train/fechas2_002476.es.wav,el próximo martes | next_day('tuesday')
fechas2/train/fechas2_002477.es.wav,el siguiente lunes | next_day('monday')
fechas2/train/fechas2_002478.es.wav,este martes gracias | next_day('tuesday')
fechas2/train/fechas2_002479.es.wav,pasado mañana | relative_day(+2)
fechas2/train/fechas2_002480.es.wav,el viernes siguiente | next_day('friday')
fechas2/train/fechas2_002481.es.wav,el lunes próximo | next_day('monday')
fechas2/train/fechas2_002482.es.wav,en un par de días | relative_day(+2)
fechas2/train/fechas2_002483.es.wav,este martes que viene | next_day('tuesday')
fechas2/train/fechas2_002484.es.wav,este miércoles que viene por favor | next_day('wednesday')
fechas2/train/fechas2_002485.es.wav,el miércoles | next_day('wednesday')
fechas2/train/fechas2_002486.es.wav,el próximo martes | next_day('tuesday')
fechas2/train/fechas2_002487.es.wav,el miércoles que viene por favor | next_day('wednesday')
fechas2/train/fechas2_002488.es.wav,el jueves | next_day('thursday')
fechas2/train/fechas2_002489.es.wav,el siguiente jueves | next_day('thursday')
fechas2/train/fechas2_002490.es.wav,este lunes que viene | next_day('monday')
fechas2/train/fechas2_002491.es.wav,por favor este miércoles | next_day('wednesday')
fechas2/train/fechas2_002492.es.wav,el siguiente lunes por favor | next_day('monday')
fechas2/train/fechas2_002493.es.wav,este jueves próximo por favor | next_day('thursday')
fechas2/train/fechas2_002494.es.wav,el jueves que viene | next_day('thursday')
fechas2/train/fechas2_002495.es.wav,por favor el siguiente viernes | next_day('friday')
fechas2/train/fechas2_002496.es.wav,este miércoles siguiente por favor | next_day('wednesday')
fechas2/train/fechas2_002497.es.wav,por favor el viernes | next_day('friday')
fechas2/train/fechas2_002498.es.wav,el próximo miércoles | next_day('wednesday')
fechas2/train/fechas2_002499.es.wav,este miércoles siguiente | next_day('wednesday')
fechas2/train/fechas2_002500.es.wav,por favor pasado mañana | relative_day(+2)
fechas2/train/fechas2_002501.es.wav,el siguiente jueves | next_day('thursday')
fechas2/train/fechas2_002502.es.wav,por favor el viernes próximo | next_day('friday')
fechas2/train/fechas2_002503.es.wav,el martes | next_day('tuesday')
fechas2/train/fechas2_002504.es.wav,el martes siguiente por favor | next_day('tuesday')
fechas2/train/fechas2_002505.es.wav,este martes siguiente | next_day('tuesday')
fechas2/train/fechas2_002506.es.wav,este miércoles gracias | next_day('wednesday')
fechas2/train/fechas2_002507.es.wav,el jueves que viene | next_day('thursday')
fechas2/train/fechas2_002508.es.wav,el jueves | next_day('thursday')
fechas2/train/fechas2_002509.es.wav,por favor este jueves próximo | next_day('thursday')
fechas2/train/fechas2_002510.es.wav,por favor el siguiente martes | next_day('tuesday')
fechas2/train/fechas2_002511.es.wav,el lunes por favor | next_day('monday')
fechas2/train/fechas2_002512.es.wav,el viernes | next_day('friday')
fechas2/train/fechas2_002513.es.wav,este viernes siguiente por favor | next_day('friday')
fechas2/train/fechas2_002514.es.wav,en tres días | relative_day(+3)
fechas2/train/fechas2_002515.es.wav,el lunes siguiente por favor | next_day('monday')
fechas2/train/fechas2_002516.es.wav,este lunes próximo | next_day('monday')
fechas2/train/fechas2_002517.es.wav,el martes próximo gracias | next_day('tuesday')
fechas2/train/fechas2_002518.es.wav,en un par de días | relative_day(+2)
fechas2/train/fechas2_002519.es.wav,este jueves | next_day('thursday')
fechas2/train/fechas2_002520.es.wav,por favor el siguiente lunes | next_day('monday')
fechas2/train/fechas2_002521.es.wav,en tres días | relative_day(+3)
fechas2/train/fechas2_002522.es.wav,este viernes siguiente | next_day('friday')
fechas2/train/fechas2_002523.es.wav,este martes | next_day('tuesday')
fechas2/train/fechas2_002524.es.wav,por favor en un par de días | relative_day(+2)
fechas2/train/fechas2_002525.es.wav,por favor este lunes | next_day('monday')
fechas2/train/fechas2_002526.es.wav,el siguiente miércoles | next_day('wednesday')
fechas2/train/fechas2_002527.es.wav,este miércoles próximo por favor | next_day('wednesday')
fechas2/train/fechas2_002528.es.wav,este viernes | next_day('friday')
fechas2/train/fechas2_002529.es.wav,en un par de días | relative_day(+2)
fechas2/train/fechas2_002530.es.wav,el próximo martes | next_day('tuesday')
fechas2/train/fechas2_002531.es.wav,el siguiente jueves | next_day('thursday')
fechas2/train/fechas2_002532.es.wav,este viernes por favor | next_day('friday')
fechas2/train/fechas2_002533.es.wav,por favor en un par de días | relative_day(+2)
fechas2/train/fechas2_002534.es.wav,este miércoles | next_day('wednesday')
fechas2/train/fechas2_002535.es.wav,en tres días por favor | relative_day(+3)
fechas2/train/fechas2_002536.es.wav,el martes | next_day('tuesday')
fechas2/train/fechas2_002537.es.wav,por favor el próximo lunes | next_day('monday')
fechas2/train/fechas2_002538.es.wav,mañana | relative_day(+1)
fechas2/train/fechas2_002539.es.wav,pasado mañana | relative_day(+2)
fechas2/train/fechas2_002540.es.wav,por favor el miércoles | next_day('wednesday')
fechas2/train/fechas2_002541.es.wav,por favor este martes próximo | next_day('tuesday')
fechas2/train/fechas2_002542.es.wav,el siguiente miércoles | next_day('wednesday')
fechas2/train/fechas2_002543.es.wav,este jueves | next_day('thursday')
fechas2/train/fechas2_002544.es.wav,por favor pasado mañana | relative_day(+2)
fechas2/train/fechas2_002545.es.wav,el martes | next_day('tuesday')
fechas2/train/fechas2_002546.es.wav,el próximo miércoles | next_day('wednesday')
fechas2/train/fechas2_002547.es.wav,en un par de días gracias | relative_day(+2)
fechas2/train/fechas2_002548.es.wav,el siguiente viernes gracias | next_day('friday')
fechas2/train/fechas2_002549.es.wav,este jueves siguiente por favor | next_day('thursday')
fechas2/train/fechas2_002550.es.wav,este jueves por favor | next_day('thursday')
fechas2/train/fechas2_002551.es.wav,el martes | next_day('tuesday')
fechas2/train/fechas2_002552.es.wav,el siguiente lunes | next_day('monday')
fechas2/train/fechas2_002553.es.wav,el siguiente lunes | next_day('monday')
fechas2/train/fechas2_002554.es.wav,el martes | next_day('tuesday')
fechas2/train/fechas2_002555.es.wav,en tres días | relative_day(+3)
fechas2/train/fechas2_002556.es.wav,pasado mañana por favor | relative_day(+2)
fechas2/train/fechas2_002557.es.wav,por favor este viernes siguiente | next_day('friday')
fechas2/train/fechas2_002558.es.wav,el siguiente miércoles por favor | next_day('wednesday')
fechas2/train/fechas2_002559.es.wav,pasado mañana gracias | relative_day(+2)
fechas2/train/fechas2_002560.es.wav,por favor este viernes siguiente | next_day('friday')
fechas2/train/fechas2_002561.es.wav,por favor en tres días | relative_day(+3)
fechas2/train/fechas2_002562.es.wav,el próximo martes | next_day('tuesday')
fechas2/train/fechas2_002563.es.wav,este martes próximo por favor | next_day('tuesday')
fechas2/train/fechas2_002564.es.wav,el siguiente viernes | next_day('friday')
fechas2/train/fechas2_002565.es.wav,en tres días gracias | relative_day(+3)
fechas2/train/fechas2_002566.es.wav,el siguiente viernes | next_day('friday')
fechas2/train/fechas2_002567.es.wav,en un par de días | relative_day(+2)
fechas2/train/fechas2_002568.es.wav,el lunes próximo | next_day('monday')
fechas2/train/fechas2_002569.es.wav,el jueves siguiente | next_day('thursday')
fechas2/train/fechas2_002570.es.wav,este miércoles | next_day('wednesday')
fechas2/train/fechas2_002571.es.wav,por favor el próximo lunes | next_day('monday')
fechas2/train/fechas2_002572.es.wav,en tres días por favor | relative_day(+3)
fechas2/train/fechas2_002573.es.wav,por favor el próximo lunes | next_day('monday')
fechas2/train/fechas2_002574.es.wav,el jueves que viene | next_day('thursday')
fechas2/train/fechas2_002575.es.wav,en un par de días | relative_day(+2)
fechas2/train/fechas2_002576.es.wav,este lunes gracias | next_day('monday')
fechas2/train/fechas2_002577.es.wav,el miércoles próximo | next_day('wednesday')
fechas2/train/fechas2_002578.es.wav,en tres días | relative_day(+3)
fechas2/train/fechas2_002579.es.wav,en un par de días gracias | relative_day(+2)
fechas2/train/fechas2_002580.es.wav,este miércoles | next_day('wednesday')
fechas2/train/fechas2_002581.es.wav,este martes por favor | next_day('tuesday')
fechas2/train/fechas2_002582.es.wav,el martes | next_day('tuesday')
fechas2/train/fechas2_002583.es.wav,el martes siguiente | next_day('tuesday')
fechas2/train/fechas2_002584.es.wav,en tres días | relative_day(+3)
fechas2/train/fechas2_002585.es.wav,este miércoles gracias | next_day('wednesday')
fechas2/train/fechas2_002586.es.wav,este jueves que viene por favor | next_day('thursday')
fechas2/train/fechas2_002587.es.wav,este lunes | next_day('monday')
fechas2/train/fechas2_002588.es.wav,el martes | next_day('tuesday')
fechas2/train/fechas2_002589.es.wav,el próximo viernes por favor | next_day('friday')
fechas2/train/fechas2_002590.es.wav,el próximo martes | next_day('tuesday')
fechas2/train/fechas2_002591.es.wav,el siguiente miércoles por favor | next_day('wednesday')
fechas2/train/fechas2_002592.es.wav,el viernes | next_day('friday')
fechas2/train/fechas2_002593.es.wav,el siguiente miércoles | next_day('wednesday')
fechas2/train/fechas2_002594.es.wav,el martes por favor | next_day('tuesday')
fechas2/train/fechas2_002595.es.wav,el próximo martes | next_day('tuesday')
fechas2/train/fechas2_002596.es.wav,mañana por favor | relative_day(+1)
fechas2/train/fechas2_002597.es.wav,en un par de días | relative_day(+2)
fechas2/train/fechas2_002598.es.wav,este viernes próximo por favor | next_day('friday')
fechas2/train/fechas2_002599.es.wav,en un par de días | relative_day(+2)
fechas2/train/fechas2_002600.es.wav,en un par de días por favor | relative_day(+2)
fechas2/train/fechas2_002601.es.wav,por favor el lunes | next_day('monday')
fechas2/train/fechas2_002602.es.wav,este jueves que viene gracias | next_day('thursday')
fechas2/train/fechas2_002603.es.wav,el siguiente viernes | next_day('friday')
fechas2/train/fechas2_002604.es.wav,en un par de días | relative_day(+2)
fechas2/train/fechas2_002605.es.wav,este jueves siguiente | next_day('thursday')
fechas2/train/fechas2_002606.es.wav,este jueves | next_day('thursday')
fechas2/train/fechas2_002607.es.wav,por favor este martes | next_day('tuesday')
fechas2/train/fechas2_002608.es.wav,este viernes | next_day('friday')
fechas2/train/fechas2_002609.es.wav,por favor el martes siguiente | next_day('tuesday')
fechas2/train/fechas2_002610.es.wav,el siguiente jueves | next_day('thursday')
fechas2/train/fechas2_002611.es.wav,por favor el próximo martes | next_day('tuesday')
fechas2/train/fechas2_002612.es.wav,mañana | relative_day(+1)
fechas2/train/fechas2_002613.es.wav,por favor en tres días | relative_day(+3)
fechas2/train/fechas2_002614.es.wav,el lunes por favor | next_day('monday')
fechas2/train/fechas2_002615.es.wav,este martes próximo | next_day('tuesday')
fechas2/train/fechas2_002616.es.wav,el siguiente lunes por favor | next_day('monday')
fechas2/train/fechas2_002617.es.wav,el próximo miércoles | next_day('wednesday')
fechas2/train/fechas2_002618.es.wav,el siguiente martes | next_day('tuesday')
fechas2/train/fechas2_002619.es.wav,pasado mañana por favor | relative_day(+2)
fechas2/train/fechas2_002620.es.wav,este viernes gracias | next_day('friday')
fechas2/train/fechas2_002621.es.wav,por favor mañana | relative_day(+1)
fechas2/train/fechas2_002622.es.wav,el siguiente jueves | next_day('thursday')
fechas2/train/fechas2_002623.es.wav,este viernes que viene por favor | next_day('friday')
fechas2/train/fechas2_002624.es.wav,en tres días gracias | relative_day(+3)
fechas2/train/fechas2_002625.es.wav,este miércoles siguiente gracias | next_day('wednesday')
fechas2/train/fechas2_002626.es.wav,este martes que viene por favor | next_day('tuesday')
fechas2/train/fechas2_002627.es.wav,por favor el próximo viernes | next_day('friday')
fechas2/train/fechas2_002628.es.wav,en tres días | relative_day(+3)
fechas2/train/fechas2_002629.es.wav,el miércoles gracias | next_day('wednesday')
fechas2/train/fechas2_002630.es.wav,por favor este viernes | next_day('friday')
fechas2/train/fechas2_002631.es.wav,por favor el martes | next_day('tuesday')
fechas2/train/fechas2_002632.es.wav,pasado mañana | relative_day(+2)
fechas2/train/fechas2_002633.es.wav,el lunes próximo | next_day('monday')
fechas2/train/fechas2_002634.es.wav,este martes próximo por favor | next_day('tuesday')
fechas2/train/fechas2_002635.es.wav,el próximo lunes | next_day('monday')
fechas2/train/fechas2_002636.es.wav,este lunes siguiente | next_day('monday')
fechas2/train/fechas2_002637.es.wav,en un par de días por favor | relative_day(+2)
fechas2/train/fechas2_002638.es.wav,este miércoles | next_day('wednesday')
fechas2/train/fechas2_002639.es.wav,por favor este martes | next_day('tuesday')
fechas2/train/fechas2_002640.es.wav,el jueves | next_day('thursday')
fechas2/train/fechas2_002641.es.wav,este viernes siguiente | next_day('friday')
fechas2/train/fechas2_002642.es.wav,el siguiente lunes por favor | next_day('monday')
fechas2/train/fechas2_002643.es.wav,el viernes | next_day('friday')
fechas2/train/fechas2_002644.es.wav,por favor el lunes siguiente | next_day('monday')
fechas2/train/fechas2_002645.es.wav,el viernes | next_day('friday')
fechas2/train/fechas2_002646.es.wav,este miércoles que viene | next_day('wednesday')
fechas2/train/fechas2_002647.es.wav,en un par de días gracias | relative_day(+2)
fechas2/train/fechas2_002648.es.wav,por favor en un par de días | relative_day(+2)
fechas2/train/fechas2_002649.es.wav,este miércoles | next_day('wednesday')
fechas2/train/fechas2_002650.es.wav,el jueves gracias | next_day('thursday')
fechas2/train/fechas2_002651.es.wav,en un par de días | relative_day(+2)
fechas2/train/fechas2_002652.es.wav,el martes siguiente | next_day('tuesday')
fechas2/train/fechas2_002653.es.wav,este viernes | next_day('friday')
fechas2/train/fechas2_002654.es.wav,mañana por favor | relative_day(+1)
fechas2/train/fechas2_002655.es.wav,en tres días | relative_day(+3)
fechas2/train/fechas2_002656.es.wav,este miércoles próximo | next_day('wednesday')
fechas2/train/fechas2_002657.es.wav,el próximo viernes gracias | next_day('friday')
fechas2/train/fechas2_002658.es.wav,el próximo lunes por favor | next_day('monday')
fechas2/train/fechas2_002659.es.wav,el viernes próximo por favor | next_day('friday')
fechas2/train/fechas2_002660.es.wav,en tres días gracias | relative_day(+3)
fechas2/train/fechas2_002661.es.wav,el próximo viernes | next_day('friday')
fechas2/train/fechas2_002662.es.wav,el siguiente viernes por favor | next_day('friday')
fechas2/train/fechas2_002663.es.wav,en tres días gracias | relative_day(+3)
fechas2/train/fechas2_002664.es.wav,en tres días | relative_day(+3)
fechas2/train/fechas2_002665.es.wav,este jueves gracias | next_day('thursday')
fechas2/train/fechas2_002666.es.wav,por favor el próximo lunes | next_day('monday')
fechas2/train/fechas2_002667.es.wav,en un par de días | relative_day(+2)
fechas2/train/fechas2_002668.es.wav,el viernes próximo | next_day('friday')
fechas2/train/fechas2_002669.es.wav,por favor el próximo jueves | next_day('thursday')
fechas2/train/fechas2_002670.es.wav,el próximo miércoles gracias | next_day('wednesday')
fechas2/train/fechas2_002671.es.wav,en un par de días | relative_day(+2)
fechas2/train/fechas2_002672.es.wav,este viernes que viene por favor | next_day('friday')
fechas2/train/fechas2_002673.es.wav,este jueves siguiente | next_day('thursday')
fechas2/train/fechas2_002674.es.wav,por favor este lunes | next_day('monday')
fechas2/train/fechas2_002675.es.wav,el próximo miércoles | next_day('wednesday')
fechas2/train/fechas2_002676.es.wav,el lunes | next_day('monday')
fechas2/train/fechas2_002677.es.wav,este miércoles por favor | next_day('wednesday')
fechas2/train/fechas2_002678.es.wav,el siguiente jueves por favor | next_day('thursday')
fechas2/train/fechas2_002679.es.wav,el jueves siguiente | next_day('thursday')
fechas2/train/fechas2_002680.es.wav,por favor en un par de días | relative_day(+2)
fechas2/train/fechas2_002681.es.wav,en tres días | relative_day(+3)
fechas2/train/fechas2_002682.es.wav,por favor el siguiente miércoles | next_day('wednesday')
fechas2/train/fechas2_002683.es.wav,en tres días | relative_day(+3)
fechas2/train/fechas2_002684.es.wav,el próximo jueves por favor | next_day('thursday')
fechas2/train/fechas2_002685.es.wav,el miércoles | next_day('wednesday')
fechas2/train/fechas2_002686.es.wav,el próximo lunes | next_day('monday')
fechas2/train/fechas2_002687.es.wav,el martes | next_day('tuesday')
fechas2/train/fechas2_002688.es.wav,este martes próximo gracias | next_day('tuesday')
fechas2/train/fechas2_002689.es.wav,pasado mañana | relative_day(+2)
fechas2/train/fechas2_002690.es.wav,el siguiente jueves | next_day('thursday')
fechas2/train/fechas2_002691.es.wav,en tres días | relative_day(+3)
fechas2/train/fechas2_002692.es.wav,el siguiente jueves gracias | next_day('thursday')
fechas2/train/fechas2_002693.es.wav,el martes siguiente | next_day('tuesday')
fechas2/train/fechas2_002694.es.wav,el lunes que viene | next_day('monday')
fechas2/train/fechas2_002695.es.wav,en un par de días | relative_day(+2)
fechas2/train/fechas2_002696.es.wav,el siguiente jueves | next_day('thursday')
fechas2/train/fechas2_002697.es.wav,el siguiente jueves por favor | next_day('thursday')
fechas2/train/fechas2_002698.es.wav,por favor el próximo jueves | next_day('thursday')
fechas2/train/fechas2_002699.es.wav,este jueves | next_day('thursday')
fechas2/train/fechas2_002700.es.wav,en un par de días | relative_day(+2)
fechas2/train/fechas2_002701.es.wav,el jueves | next_day('thursday')
fechas2/train/fechas2_002702.es.wav,este martes | next_day('tuesday')
fechas2/train/fechas2_002703.es.wav,este viernes por favor | next_day('friday')
fechas2/train/fechas2_002704.es.wav,el próximo miércoles | next_day('wednesday')
fechas2/train/fechas2_002705.es.wav,en un par de días | relative_day(+2)
fechas2/train/fechas2_002706.es.wav,este martes | next_day('tuesday')
fechas2/train/fechas2_002707.es.wav,por favor el viernes siguiente | next_day('friday')
fechas2/train/fechas2_002708.es.wav,por favor el jueves | next_day('thursday')
fechas2/train/fechas2_002709.es.wav,en un par de días | relative_day(+2)
fechas2/train/fechas2_002710.es.wav,el siguiente martes gracias | next_day('tuesday')
fechas2/train/fechas2_002711.es.wav,el viernes próximo gracias | next_day('friday')
fechas2/train/fechas2_002712.es.wav,el lunes por favor | next_day('monday')
fechas2/train/fechas2_002713.es.wav,en un par de días | relative_day(+2)
fechas2/train/fechas2_002714.es.wav,por favor este jueves siguiente | next_day('thursday')
fechas2/train/fechas2_002715.es.wav,en tres días gracias | relative_day(+3)
fechas2/train/fechas2_002716.es.wav,este martes próximo por favor | next_day('tuesday')
fechas2/train/fechas2_002717.es.wav,por favor el siguiente martes | next_day('tuesday')
fechas2/train/fechas2_002718.es.wav,el próximo jueves | next_day('thursday')
fechas2/train/fechas2_002719.es.wav,el martes | next_day('tuesday')
fechas2/train/fechas2_002720.es.wav,por favor el miércoles que viene | next_day('wednesday')
fechas2/train/fechas2_002721.es.wav,el siguiente martes | next_day('tuesday')
fechas2/train/fechas2_002722.es.wav,este viernes por favor | next_day('friday')
fechas2/train/fechas2_002723.es.wav,este jueves por favor | next_day('thursday')
fechas2/train/fechas2_002724.es.wav,en tres días | relative_day(+3)
fechas2/train/fechas2_002725.es.wav,por favor el martes | next_day('tuesday')
fechas2/train/fechas2_002726.es.wav,el miércoles | next_day('wednesday')
fechas2/train/fechas2_002727.es.wav,el jueves | next_day('thursday')
fechas2/train/fechas2_002728.es.wav,el martes por favor | next_day('tuesday')
fechas2/train/fechas2_002729.es.wav,en tres días gracias | relative_day(+3)
fechas2/train/fechas2_002730.es.wav,el viernes próximo | next_day('friday')
fechas2/train/fechas2_002731.es.wav,en un par de días | relative_day(+2)
fechas2/train/fechas2_002732.es.wav,el martes próximo | next_day('tuesday')
fechas2/train/fechas2_002733.es.wav,el próximo lunes | next_day('monday')
fechas2/train/fechas2_002734.es.wav,el lunes | next_day('monday')
fechas2/train/fechas2_002735.es.wav,el miércoles | next_day('wednesday')
fechas2/train/fechas2_002736.es.wav,en un par de días gracias | relative_day(+2)
fechas2/train/fechas2_002737.es.wav,el martes por favor | next_day('tuesday')
fechas2/train/fechas2_002738.es.wav,el siguiente viernes | next_day('friday')
fechas2/train/fechas2_002739.es.wav,por favor el próximo martes | next_day('tuesday')
fechas2/train/fechas2_002740.es.wav,este jueves | next_day('thursday')
fechas2/train/fechas2_002741.es.wav,el jueves | next_day('thursday')
fechas2/train/fechas2_002742.es.wav,este lunes próximo por favor | next_day('monday')
fechas2/train/fechas2_002743.es.wav,el jueves siguiente | next_day('thursday')
fechas2/train/fechas2_002744.es.wav,este miércoles | next_day('wednesday')
fechas2/train/fechas2_002745.es.wav,el siguiente viernes | next_day('friday')
fechas2/train/fechas2_002746.es.wav,en un par de días | relative_day(+2)
fechas2/train/fechas2_002747.es.wav,el lunes siguiente | next_day('monday')
fechas2/train/fechas2_002748.es.wav,el viernes que viene por favor | next_day('friday')
fechas2/train/fechas2_002749.es.wav,en un par de días | relative_day(+2)
fechas2/train/fechas2_002750.es.wav,el próximo lunes | next_day('monday')
fechas2/train/fechas2_002751.es.wav,el viernes gracias | next_day('friday')
fechas2/train/fechas2_002752.es.wav,en un par de días | relative_day(+2)
fechas2/train/fechas2_002753.es.wav,por favor el jueves siguiente | next_day('thursday')
fechas2/train/fechas2_002754.es.wav,mañana | relative_day(+1)
fechas2/train/fechas2_002755.es.wav,en un par de días por favor | relative_day(+2)
fechas2/train/fechas2_002756.es.wav,este miércoles | next_day('wednesday')
fechas2/train/fechas2_002757.es.wav,el viernes siguiente | next_day('friday')
fechas2/train/fechas2_002758.es.wav,el próximo viernes | next_day('friday')
fechas2/train/fechas2_002759.es.wav,por favor este miércoles | next_day('wednesday')
fechas2/train/fechas2_002760.es.wav,este lunes | next_day('monday')
fechas2/train/fechas2_002761.es.wav,en tres días por favor | relative_day(+3)
fechas2/train/fechas2_002762.es.wav,en tres días por favor | relative_day(+3)
fechas2/train/fechas2_002763.es.wav,en tres días | relative_day(+3)
fechas2/train/fechas2_002764.es.wav,el siguiente jueves por favor | next_day('thursday')
fechas2/train/fechas2_002765.es.wav,el próximo miércoles | next_day('wednesday')
fechas2/train/fechas2_002766.es.wav,este viernes que viene gracias | next_day('friday')
fechas2/train/fechas2_002767.es.wav,el siguiente miércoles por favor | next_day('wednesday')
fechas2/train/fechas2_002768.es.wav,el lunes | next_day('monday')
fechas2/train/fechas2_002769.es.wav,este martes próximo | next_day('tuesday')
fechas2/train/fechas2_002770.es.wav,este martes | next_day('tuesday')
fechas2/train/fechas2_002771.es.wav,el martes | next_day('tuesday')
fechas2/train/fechas2_002772.es.wav,el siguiente martes | next_day('tuesday')
fechas2/train/fechas2_002773.es.wav,en un par de días | relative_day(+2)
fechas2/train/fechas2_002774.es.wav,este jueves próximo | next_day('thursday')
fechas2/train/fechas2_002775.es.wav,pasado mañana | relative_day(+2)
fechas2/train/fechas2_002776.es.wav,el siguiente jueves | next_day('thursday')
fechas2/train/fechas2_002777.es.wav,en tres días gracias | relative_day(+3)
fechas2/train/fechas2_002778.es.wav,este martes próximo | next_day('tuesday')
fechas2/train/fechas2_002779.es.wav,en un par de días | relative_day(+2)
fechas2/train/fechas2_002780.es.wav,en un par de días por favor | relative_day(+2)
fechas2/train/fechas2_002781.es.wav,el siguiente jueves | next_day('thursday')
fechas2/train/fechas2_002782.es.wav,por favor este viernes próximo | next_day('friday')
fechas2/train/fechas2_002783.es.wav,el siguiente lunes por favor | next_day('monday')
fechas2/train/fechas2_002784.es.wav,pasado mañana | relative_day(+2)
fechas2/train/fechas2_002785.es.wav,en tres días gracias | relative_day(+3)
fechas2/train/fechas2_002786.es.wav,el miércoles | next_day('wednesday')
fechas2/train/fechas2_002787.es.wav,el siguiente viernes gracias | next_day('friday')
fechas2/train/fechas2_002788.es.wav,en un par de días | relative_day(+2)
fechas2/train/fechas2_002789.es.wav,pasado mañana | relative_day(+2)
fechas2/train/fechas2_002790.es.wav,por favor este martes que viene | next_day('tuesday')
fechas2/train/fechas2_002791.es.wav,el miércoles que viene | next_day('wednesday')
fechas2/train/fechas2_002792.es.wav,por favor el viernes que viene | next_day('friday')
fechas2/train/fechas2_002793.es.wav,el siguiente viernes gracias | next_day('friday')
fechas2/train/fechas2_002794.es.wav,este miércoles | next_day('wednesday')
fechas2/train/fechas2_002795.es.wav,en un par de días | relative_day(+2)
fechas2/train/fechas2_002796.es.wav,el miércoles | next_day('wednesday')
fechas2/train/fechas2_002797.es.wav,por favor el próximo miércoles | next_day('wednesday')
fechas2/train/fechas2_002798.es.wav,este lunes próximo | next_day('monday')
fechas2/train/fechas2_002799.es.wav,este jueves | next_day('thursday')
fechas2/train/fechas2_002800.es.wav,el lunes | next_day('monday')
fechas2/train/fechas2_002801.es.wav,en tres días gracias | relative_day(+3)
fechas2/train/fechas2_002802.es.wav,el viernes por favor | next_day('friday')
fechas2/train/fechas2_002803.es.wav,en un par de días | relative_day(+2)
fechas2/train/fechas2_002804.es.wav,el viernes siguiente gracias | next_day('friday')
fechas2/train/fechas2_002805.es.wav,el siguiente miércoles | next_day('wednesday')
fechas2/train/fechas2_002806.es.wav,este jueves | next_day('thursday')
fechas2/train/fechas2_002807.es.wav,el siguiente lunes gracias | next_day('monday')
fechas2/train/fechas2_002808.es.wav,pasado mañana | relative_day(+2)
fechas2/train/fechas2_002809.es.wav,por favor en un par de días | relative_day(+2)
fechas2/train/fechas2_002810.es.wav,el próximo jueves | next_day('thursday')
fechas2/train/fechas2_002811.es.wav,este miércoles por favor | next_day('wednesday')
fechas2/train/fechas2_002812.es.wav,el lunes que viene | next_day('monday')
fechas2/train/fechas2_002813.es.wav,el siguiente miércoles | next_day('wednesday')
fechas2/train/fechas2_002814.es.wav,mañana | relative_day(+1)
fechas2/train/fechas2_002815.es.wav,el siguiente martes | next_day('tuesday')
fechas2/train/fechas2_002816.es.wav,el siguiente lunes gracias | next_day('monday')
fechas2/train/fechas2_002817.es.wav,este jueves | next_day('thursday')
fechas2/train/fechas2_002818.es.wav,el lunes por favor | next_day('monday')
fechas2/train/fechas2_002819.es.wav,el martes siguiente por favor | next_day('tuesday')
fechas2/train/fechas2_002820.es.wav,el siguiente martes | next_day('tuesday')
fechas2/train/fechas2_002821.es.wav,el jueves | next_day('thursday')
fechas2/train/fechas2_002822.es.wav,el siguiente martes | next_day('tuesday')
fechas2/train/fechas2_002823.es.wav,en un par de días | relative_day(+2)
fechas2/train/fechas2_002824.es.wav,este jueves que viene | next_day('thursday')
fechas2/train/fechas2_002825.es.wav,el martes | next_day('tuesday')
fechas2/train/fechas2_002826.es.wav,el siguiente jueves | next_day('thursday')
fechas2/train/fechas2_002827.es.wav,por favor el siguiente jueves | next_day('thursday')
fechas2/train/fechas2_002828.es.wav,el próximo miércoles | next_day('wednesday')
fechas2/train/fechas2_002829.es.wav,este martes | next_day('tuesday')
fechas2/train/fechas2_002830.es.wav,el siguiente martes por favor | next_day('tuesday')
fechas2/train/fechas2_002831.es.wav,en tres días | relative_day(+3)
fechas2/train/fechas2_002832.es.wav,este martes que viene | next_day('tuesday')
fechas2/train/fechas2_002833.es.wav,en un par de días | relative_day(+2)
fechas2/train/fechas2_002834.es.wav,en un par de días | relative_day(+2)
fechas2/train/fechas2_002835.es.wav,el jueves próximo | next_day('thursday')
fechas2/train/fechas2_002836.es.wav,mañana gracias | relative_day(+1)
fechas2/train/fechas2_002837.es.wav,en tres días | relative_day(+3)
fechas2/train/fechas2_002838.es.wav,por favor el martes | next_day('tuesday')
fechas2/train/fechas2_002839.es.wav,este miércoles | next_day('wednesday')
fechas2/train/fechas2_002840.es.wav,por favor el próximo martes | next_day('tuesday')
fechas2/train/fechas2_002841.es.wav,el siguiente lunes | next_day('monday')
fechas2/train/fechas2_002842.es.wav,el siguiente lunes | next_day('monday')
fechas2/train/fechas2_002843.es.wav,el siguiente miércoles | next_day('wednesday')
fechas2/train/fechas2_002844.es.wav,el martes próximo | next_day('tuesday')
fechas2/train/fechas2_002845.es.wav,por favor en un par de días | relative_day(+2)
fechas2/train/fechas2_002846.es.wav,el viernes | next_day('friday')
fechas2/train/fechas2_002847.es.wav,en un par de días | relative_day(+2)
fechas2/train/fechas2_002848.es.wav,este viernes | next_day('friday')
fechas2/train/fechas2_002849.es.wav,en tres días por favor | relative_day(+3)
fechas2/train/fechas2_002850.es.wav,pasado mañana gracias | relative_day(+2)
fechas2/train/fechas2_002851.es.wav,el siguiente martes | next_day('tuesday')
fechas2/train/fechas2_002852.es.wav,por favor este lunes | next_day('monday')
fechas2/train/fechas2_002853.es.wav,el martes próximo | next_day('tuesday')
fechas2/train/fechas2_002854.es.wav,el lunes | next_day('monday')
fechas2/train/fechas2_002855.es.wav,por favor este viernes próximo | next_day('friday')
fechas2/train/fechas2_002856.es.wav,por favor el lunes que viene | next_day('monday')
fechas2/train/fechas2_002857.es.wav,el jueves por favor | next_day('thursday')
fechas2/train/fechas2_002858.es.wav,por favor este lunes siguiente | next_day('monday')
fechas2/train/fechas2_002859.es.wav,el lunes que viene gracias | next_day('monday')
fechas2/train/fechas2_002860.es.wav,el próximo jueves gracias | next_day('thursday')
fechas2/train/fechas2_002861.es.wav,mañana | relative_day(+1)
fechas2/train/fechas2_002862.es.wav,el lunes siguiente | next_day('monday')
fechas2/train/fechas2_002863.es.wav,el próximo jueves | next_day('thursday')
fechas2/train/fechas2_002864.es.wav,por favor este martes | next_day('tuesday')
fechas2/train/fechas2_002865.es.wav,este miércoles | next_day('wednesday')
fechas2/train/fechas2_002866.es.wav,este viernes | next_day('friday')
fechas2/train/fechas2_002867.es.wav,el siguiente martes | next_day('tuesday')
fechas2/train/fechas2_002868.es.wav,este jueves | next_day('thursday')
fechas2/train/fechas2_002869.es.wav,este lunes | next_day('monday')
fechas2/train/fechas2_002870.es.wav,este miércoles gracias | next_day('wednesday')
fechas2/train/fechas2_002871.es.wav,este martes siguiente gracias | next_day('tuesday')
fechas2/train/fechas2_002872.es.wav,este viernes que viene | next_day('friday')
fechas2/train/fechas2_002873.es.wav,este martes que viene | next_day('tuesday')
fechas2/train/fechas2_002874.es.wav,el siguiente viernes | next_day('friday')
fechas2/train/fechas2_002875.es.wav,el martes siguiente | next_day('tuesday')
fechas2/train/fechas2_002876.es.wav,en un par de días | relative_day(+2)
fechas2/train/fechas2_002877.es.wav,el miércoles próximo | next_day('wednesday')
fechas2/train/fechas2_002878.es.wav,este jueves próximo gracias | next_day('thursday')
fechas2/train/fechas2_002879.es.wav,el lunes gracias | next_day('monday')
fechas2/train/fechas2_002880.es.wav,este martes | next_day('tuesday')
fechas2/train/fechas2_002881.es.wav,este jueves que viene | next_day('thursday')
fechas2/train/fechas2_002882.es.wav,este miércoles siguiente por favor | next_day('wednesday')
fechas2/train/fechas2_002883.es.wav,en un par de días por favor | relative_day(+2)
fechas2/train/fechas2_002884.es.wav,el lunes próximo gracias | next_day('monday')
fechas2/train/fechas2_002885.es.wav,el siguiente martes por favor | next_day('tuesday')
fechas2/train/fechas2_002886.es.wav,este jueves que viene | next_day('thursday')
fechas2/train/fechas2_002887.es.wav,por favor este viernes | next_day('friday')
fechas2/train/fechas2_002888.es.wav,este miércoles | next_day('wednesday')
fechas2/train/fechas2_002889.es.wav,el jueves próximo | next_day('thursday')
fechas2/train/fechas2_002890.es.wav,este miércoles | next_day('wednesday')
fechas2/train/fechas2_002891.es.wav,este viernes siguiente | next_day('friday')
fechas2/train/fechas2_002892.es.wav,el siguiente martes | next_day('tuesday')
fechas2/train/fechas2_002893.es.wav,el jueves | next_day('thursday')
fechas2/train/fechas2_002894.es.wav,el próximo lunes | next_day('monday')
fechas2/train/fechas2_002895.es.wav,el viernes | next_day('friday')
fechas2/train/fechas2_002896.es.wav,pasado mañana | relative_day(+2)
fechas2/train/fechas2_002897.es.wav,el próximo viernes por favor | next_day('friday')
fechas2/train/fechas2_002898.es.wav,el siguiente lunes | next_day('monday')
fechas2/train/fechas2_002899.es.wav,en tres días | relative_day(+3)
fechas2/train/fechas2_002900.es.wav,en tres días gracias | relative_day(+3)
fechas2/train/fechas2_002901.es.wav,este martes por favor | next_day('tuesday')
fechas2/train/fechas2_002902.es.wav,el viernes | next_day('friday')
fechas2/train/fechas2_002903.es.wav,el próximo martes por favor | next_day('tuesday')
fechas2/train/fechas2_002904.es.wav,en tres días | relative_day(+3)
fechas2/train/fechas2_002905.es.wav,en tres días | relative_day(+3)
fechas2/train/fechas2_002906.es.wav,el siguiente jueves por favor | next_day('thursday')
fechas2/train/fechas2_002907.es.wav,el jueves próximo | next_day('thursday')
fechas2/train/fechas2_002908.es.wav,en tres días | relative_day(+3)
fechas2/train/fechas2_002909.es.wav,en un par de días | relative_day(+2)
fechas2/train/fechas2_002910.es.wav,por favor este viernes | next_day('friday')
fechas2/train/fechas2_002911.es.wav,el siguiente miércoles | next_day('wednesday')
fechas2/train/fechas2_002912.es.wav,este jueves que viene | next_day('thursday')
fechas2/train/fechas2_002913.es.wav,el próximo miércoles | next_day('wednesday')
fechas2/train/fechas2_002914.es.wav,en un par de días por favor | relative_day(+2)
fechas2/train/fechas2_002915.es.wav,el siguiente jueves | next_day('thursday')
fechas2/train/fechas2_002916.es.wav,el siguiente martes | next_day('tuesday')
fechas2/train/fechas2_002917.es.wav,el siguiente lunes | next_day('monday')
fechas2/train/fechas2_002918.es.wav,el lunes | next_day('monday')
fechas2/train/fechas2_002919.es.wav,en tres días por favor | relative_day(+3)
fechas2/train/fechas2_002920.es.wav,este viernes que viene gracias | next_day('friday')
fechas2/train/fechas2_002921.es.wav,el viernes | next_day('friday')
fechas2/train/fechas2_002922.es.wav,mañana gracias | relative_day(+1)
fechas2/train/fechas2_002923.es.wav,el próximo miércoles gracias | next_day('wednesday')
fechas2/train/fechas2_002924.es.wav,por favor en un par de días | relative_day(+2)
fechas2/train/fechas2_002925.es.wav,en un par de días | relative_day(+2)
fechas2/train/fechas2_002926.es.wav,en un par de días | relative_day(+2)
fechas2/train/fechas2_002927.es.wav,pasado mañana | relative_day(+2)
fechas2/train/fechas2_002928.es.wav,el lunes gracias | next_day('monday')
fechas2/train/fechas2_002929.es.wav,este martes | next_day('tuesday')
fechas2/train/fechas2_002930.es.wav,este jueves siguiente | next_day('thursday')
fechas2/train/fechas2_002931.es.wav,por favor en un par de días | relative_day(+2)
fechas2/train/fechas2_002932.es.wav,por favor el lunes siguiente | next_day('monday')
fechas2/train/fechas2_002933.es.wav,este miércoles por favor | next_day('wednesday')
fechas2/train/fechas2_002934.es.wav,el martes | next_day('tuesday')
fechas2/train/fechas2_002935.es.wav,este viernes que viene | next_day('friday')
fechas2/train/fechas2_002936.es.wav,el miércoles próximo | next_day('wednesday')
fechas2/train/fechas2_002937.es.wav,el próximo miércoles | next_day('wednesday')
fechas2/train/fechas2_002938.es.wav,este viernes próximo | next_day('friday')
fechas2/train/fechas2_002939.es.wav,el próximo miércoles | next_day('wednesday')
fechas2/train/fechas2_002940.es.wav,el jueves próximo | next_day('thursday')
fechas2/train/fechas2_002941.es.wav,en tres días | relative_day(+3)
fechas2/train/fechas2_002942.es.wav,mañana | relative_day(+1)
fechas2/train/fechas2_002943.es.wav,el siguiente lunes | next_day('monday')
fechas2/train/fechas2_002944.es.wav,por favor mañana | relative_day(+1)
fechas2/train/fechas2_002945.es.wav,en un par de días | relative_day(+2)
fechas2/train/fechas2_002946.es.wav,este miércoles por favor | next_day('wednesday')
fechas2/train/fechas2_002947.es.wav,en tres días por favor | relative_day(+3)
fechas2/train/fechas2_002948.es.wav,pasado mañana gracias | relative_day(+2)
fechas2/train/fechas2_002949.es.wav,el jueves por favor | next_day('thursday')
fechas2/train/fechas2_002950.es.wav,el siguiente jueves gracias | next_day('thursday')
fechas2/train/fechas2_002951.es.wav,el siguiente jueves | next_day('thursday')
fechas2/train/fechas2_002952.es.wav,el viernes que viene | next_day('friday')
fechas2/train/fechas2_002953.es.wav,mañana | relative_day(+1)
fechas2/train/fechas2_002954.es.wav,por favor el siguiente jueves | next_day('thursday')
fechas2/train/fechas2_002955.es.wav,por favor el miércoles | next_day('wednesday')
fechas2/train/fechas2_002956.es.wav,el próximo martes gracias | next_day('tuesday')
fechas2/train/fechas2_002957.es.wav,el siguiente viernes | next_day('friday')
fechas2/train/fechas2_002958.es.wav,pasado mañana por favor | relative_day(+2)
fechas2/train/fechas2_002959.es.wav,el siguiente viernes | next_day('friday')
fechas2/train/fechas2_002960.es.wav,por favor el próximo miércoles | next_day('wednesday')
fechas2/train/fechas2_002961.es.wav,este martes próximo gracias | next_day('tuesday')
fechas2/train/fechas2_002962.es.wav,pasado mañana por favor | relative_day(+2)
fechas2/train/fechas2_002963.es.wav,en tres días | relative_day(+3)
fechas2/train/fechas2_002964.es.wav,por favor el siguiente miércoles | next_day('wednesday')
fechas2/train/fechas2_002965.es.wav,el lunes | next_day('monday')
fechas2/train/fechas2_002966.es.wav,el viernes siguiente | next_day('friday')
fechas2/train/fechas2_002967.es.wav,el miércoles | next_day('wednesday')
fechas2/train/fechas2_002968.es.wav,el lunes | next_day('monday')
fechas2/train/fechas2_002969.es.wav,el jueves siguiente | next_day('thursday')
fechas2/train/fechas2_002970.es.wav,este miércoles próximo | next_day('wednesday')
fechas2/train/fechas2_002971.es.wav,el próximo martes por favor | next_day('tuesday')
fechas2/train/fechas2_002972.es.wav,el lunes siguiente gracias | next_day('monday')
fechas2/train/fechas2_002973.es.wav,el próximo jueves gracias | next_day('thursday')
fechas2/train/fechas2_002974.es.wav,por favor el martes | next_day('tuesday')
fechas2/train/fechas2_002975.es.wav,el siguiente jueves por favor | next_day('thursday')
fechas2/train/fechas2_002976.es.wav,mañana | relative_day(+1)
fechas2/train/fechas2_002977.es.wav,este lunes | next_day('monday')
fechas2/train/fechas2_002978.es.wav,por favor el jueves que viene | next_day('thursday')
fechas2/train/fechas2_002979.es.wav,pasado mañana | relative_day(+2)
fechas2/train/fechas2_002980.es.wav,por favor en un par de días | relative_day(+2)
fechas2/train/fechas2_002981.es.wav,este martes siguiente | next_day('tuesday')
fechas2/train/fechas2_002982.es.wav,por favor el siguiente viernes | next_day('friday')
fechas2/train/fechas2_002983.es.wav,el jueves próximo por favor | next_day('thursday')
fechas2/train/fechas2_002984.es.wav,el viernes | next_day('friday')
fechas2/train/fechas2_002985.es.wav,este miércoles gracias | next_day('wednesday')
fechas2/train/fechas2_002986.es.wav,el próximo miércoles | next_day('wednesday')
fechas2/train/fechas2_002987.es.wav,el lunes que viene | next_day('monday')
fechas2/train/fechas2_002988.es.wav,el próximo miércoles gracias | next_day('wednesday')
fechas2/train/fechas2_002989.es.wav,en tres días por favor | relative_day(+3)
fechas2/train/fechas2_002990.es.wav,por favor el martes siguiente | next_day('tuesday')
fechas2/train/fechas2_002991.es.wav,el próximo martes gracias | next_day('tuesday')
fechas2/train/fechas2_002992.es.wav,el siguiente lunes | next_day('monday')
fechas2/train/fechas2_002993.es.wav,el próximo miércoles | next_day('wednesday')
fechas2/train/fechas2_002994.es.wav,el siguiente miércoles gracias | next_day('wednesday')
fechas2/train/fechas2_002995.es.wav,el jueves siguiente | next_day('thursday')
fechas2/train/fechas2_002996.es.wav,este martes siguiente gracias | next_day('tuesday')
fechas2/train/fechas2_002997.es.wav,el siguiente jueves | next_day('thursday')
fechas2/train/fechas2_002998.es.wav,en tres días | relative_day(+3)
fechas2/train/fechas2_002999.es.wav,el próximo martes por favor | next_day('tuesday')
fechas2/train/fechas2_003000.es.wav,el miércoles gracias | next_day('wednesday')
fechas2/train/fechas2_003001.es.wav,el viernes que viene | next_day('friday')
fechas2/train/fechas2_003002.es.wav,por favor el próximo jueves | next_day('thursday')
fechas2/train/fechas2_003003.es.wav,este lunes por favor | next_day('monday')
fechas2/train/fechas2_003004.es.wav,en tres días | relative_day(+3)
fechas2/train/fechas2_003005.es.wav,el próximo martes | next_day('tuesday')
fechas2/train/fechas2_003006.es.wav,el jueves | next_day('thursday')
fechas2/train/fechas2_003007.es.wav,este jueves | next_day('thursday')
fechas2/train/fechas2_003008.es.wav,el lunes que viene | next_day('monday')
fechas2/train/fechas2_003009.es.wav,en tres días | relative_day(+3)
fechas2/train/fechas2_003010.es.wav,por favor en un par de días | relative_day(+2)
fechas2/train/fechas2_003011.es.wav,el martes siguiente por favor | next_day('tuesday')
fechas2/train/fechas2_003012.es.wav,el siguiente miércoles | next_day('wednesday')
fechas2/train/fechas2_003013.es.wav,en tres días | relative_day(+3)
fechas2/train/fechas2_003014.es.wav,el lunes próximo | next_day('monday')
fechas2/train/fechas2_003015.es.wav,el miércoles | next_day('wednesday')
fechas2/train/fechas2_003016.es.wav,este viernes siguiente | next_day('friday')
fechas2/train/fechas2_003017.es.wav,por favor este miércoles próximo | next_day('wednesday')
fechas2/train/fechas2_003018.es.wav,este lunes | next_day('monday')
fechas2/train/fechas2_003019.es.wav,en tres días por favor | relative_day(+3)
fechas2/train/fechas2_003020.es.wav,el próximo viernes | next_day('friday')
fechas2/train/fechas2_003021.es.wav,este martes siguiente por favor | next_day('tuesday')
fechas2/train/fechas2_003022.es.wav,en un par de días | relative_day(+2)
fechas2/train/fechas2_003023.es.wav,en un par de días por favor | relative_day(+2)
fechas2/train/fechas2_003024.es.wav,este miércoles siguiente por favor | next_day('wednesday')
fechas2/train/fechas2_003025.es.wav,este martes gracias | next_day('tuesday')
fechas2/train/fechas2_003026.es.wav,este jueves próximo | next_day('thursday')
fechas2/train/fechas2_003027.es.wav,en un par de días | relative_day(+2)
fechas2/train/fechas2_003028.es.wav,el lunes | next_day('monday')
fechas2/train/fechas2_003029.es.wav,el miércoles | next_day('wednesday')
fechas2/train/fechas2_003030.es.wav,este viernes próximo | next_day('friday')
fechas2/train/fechas2_003031.es.wav,en un par de días gracias | relative_day(+2)
fechas2/train/fechas2_003032.es.wav,el jueves siguiente | next_day('thursday')
fechas2/train/fechas2_003033.es.wav,el próximo viernes | next_day('friday')
fechas2/train/fechas2_003034.es.wav,el martes | next_day('tuesday')
fechas2/train/fechas2_003035.es.wav,el próximo martes | next_day('tuesday')
fechas2/train/fechas2_003036.es.wav,este viernes siguiente | next_day('friday')
fechas2/train/fechas2_003037.es.wav,el siguiente jueves gracias | next_day('thursday')
fechas2/train/fechas2_003038.es.wav,el miércoles siguiente por favor | next_day('wednesday')
fechas2/train/fechas2_003039.es.wav,el siguiente miércoles | next_day('wednesday')
fechas2/train/fechas2_003040.es.wav,por favor el miércoles que viene | next_day('wednesday')
fechas2/train/fechas2_003041.es.wav,en tres días | relative_day(+3)
fechas2/train/fechas2_003042.es.wav,este lunes | next_day('monday')
fechas2/train/fechas2_003043.es.wav,el próximo miércoles | next_day('wednesday')
fechas2/train/fechas2_003044.es.wav,el próximo miércoles | next_day('wednesday')
fechas2/train/fechas2_003045.es.wav,este viernes próximo gracias | next_day('friday')
fechas2/train/fechas2_003046.es.wav,este jueves siguiente | next_day('thursday')
fechas2/train/fechas2_003047.es.wav,pasado mañana por favor | relative_day(+2)
fechas2/train/fechas2_003048.es.wav,el viernes siguiente | next_day('friday')
fechas2/train/fechas2_003049.es.wav,pasado mañana | relative_day(+2)
fechas2/train/fechas2_003050.es.wav,este jueves que viene por favor | next_day('thursday')
fechas2/train/fechas2_003051.es.wav,este viernes por favor | next_day('friday')
fechas2/train/fechas2_003052.es.wav,este viernes siguiente por favor | next_day('friday')
fechas2/train/fechas2_003053.es.wav,el miércoles próximo | next_day('wednesday')
fechas2/train/fechas2_003054.es.wav,este lunes gracias | next_day('monday')
fechas2/train/fechas2_003055.es.wav,el siguiente martes | next_day('tuesday')
fechas2/train/fechas2_003056.es.wav,este lunes que viene | next_day('monday')
fechas2/train/fechas2_003057.es.wav,el miércoles que viene por favor | next_day('wednesday')
fechas2/train/fechas2_003058.es.wav,este martes gracias | next_day('tuesday')
fechas2/train/fechas2_003059.es.wav,el miércoles | next_day('wednesday')
fechas2/train/fechas2_003060.es.wav,el viernes que viene | next_day('friday')
fechas2/train/fechas2_003061.es.wav,el lunes | next_day('monday')
fechas2/train/fechas2_003062.es.wav,mañana | relative_day(+1)
fechas2/train/fechas2_003063.es.wav,pasado mañana gracias | relative_day(+2)
fechas2/train/fechas2_003064.es.wav,este martes por favor | next_day('tuesday')
fechas2/train/fechas2_003065.es.wav,en un par de días | relative_day(+2)
fechas2/train/fechas2_003066.es.wav,este viernes siguiente gracias | next_day('friday')
fechas2/train/fechas2_003067.es.wav,en un par de días | relative_day(+2)
fechas2/train/fechas2_003068.es.wav,por favor el siguiente lunes | next_day('monday')
fechas2/train/fechas2_003069.es.wav,en un par de días por favor | relative_day(+2)
fechas2/train/fechas2_003070.es.wav,en un par de días | relative_day(+2)
fechas2/train/fechas2_003071.es.wav,este miércoles siguiente | next_day('wednesday')
fechas2/train/fechas2_003072.es.wav,mañana gracias | relative_day(+1)
fechas2/train/fechas2_003073.es.wav,el próximo jueves | next_day('thursday')
fechas2/train/fechas2_003074.es.wav,el jueves que viene | next_day('thursday')
fechas2/train/fechas2_003075.es.wav,el martes | next_day('tuesday')
fechas2/train/fechas2_003076.es.wav,este viernes que viene | next_day('friday')
fechas2/train/fechas2_003077.es.wav,el lunes próximo por favor | next_day('monday')
fechas2/train/fechas2_003078.es.wav,el jueves | next_day('thursday')
fechas2/train/fechas2_003079.es.wav,por favor el siguiente miércoles | next_day('wednesday')
fechas2/train/fechas2_003080.es.wav,en tres días | relative_day(+3)
fechas2/train/fechas2_003081.es.wav,este lunes gracias | next_day('monday')
fechas2/train/fechas2_003082.es.wav,el siguiente jueves | next_day('thursday')
fechas2/train/fechas2_003083.es.wav,por favor el viernes que viene | next_day('friday')
fechas2/train/fechas2_003084.es.wav,el lunes siguiente | next_day('monday')
fechas2/train/fechas2_003085.es.wav,el martes próximo | next_day('tuesday')
fechas2/train/fechas2_003086.es.wav,en tres días | relative_day(+3)
fechas2/train/fechas2_003087.es.wav,el miércoles que viene | next_day('wednesday')
fechas2/train/fechas2_003088.es.wav,el miércoles próximo gracias | next_day('wednesday')
fechas2/train/fechas2_003089.es.wav,por favor el jueves | next_day('thursday')
fechas2/train/fechas2_003090.es.wav,el miércoles próximo | next_day('wednesday')
fechas2/train/fechas2_003091.es.wav,el martes | next_day('tuesday')
fechas2/train/fechas2_003092.es.wav,por favor en un par de días | relative_day(+2)
fechas2/train/fechas2_003093.es.wav,el próximo martes | next_day('tuesday')
fechas2/train/fechas2_003094.es.wav,el siguiente martes gracias | next_day('tuesday')
fechas2/train/fechas2_003095.es.wav,el siguiente viernes | next_day('friday')
fechas2/train/fechas2_003096.es.wav,este martes | next_day('tuesday')
fechas2/train/fechas2_003097.es.wav,por favor el viernes siguiente | next_day('friday')
fechas2/train/fechas2_003098.es.wav,este lunes | next_day('monday')
fechas2/train/fechas2_003099.es.wav,este martes | next_day('tuesday')
fechas2/train/fechas2_003100.es.wav,pasado mañana | relative_day(+2)
fechas2/train/fechas2_003101.es.wav,el miércoles gracias | next_day('wednesday')
fechas2/train/fechas2_003102.es.wav,por favor el miércoles | next_day('wednesday')
fechas2/train/fechas2_003103.es.wav,el próximo miércoles gracias | next_day('wednesday')
fechas2/train/fechas2_003104.es.wav,en tres días por favor | relative_day(+3)
fechas2/train/fechas2_003105.es.wav,el siguiente viernes por favor | next_day('friday')
fechas2/train/fechas2_003106.es.wav,el siguiente martes | next_day('tuesday')
fechas2/train/fechas2_003107.es.wav,el martes | next_day('tuesday')
fechas2/train/fechas2_003108.es.wav,en tres días | relative_day(+3)
fechas2/train/fechas2_003109.es.wav,en un par de días | relative_day(+2)
fechas2/train/fechas2_003110.es.wav,este miércoles | next_day('wednesday')
fechas2/train/fechas2_003111.es.wav,en tres días | relative_day(+3)
fechas2/train/fechas2_003112.es.wav,el jueves siguiente por favor | next_day('thursday')
fechas2/train/fechas2_003113.es.wav,en un par de días por favor | relative_day(+2)
fechas2/train/fechas2_003114.es.wav,este martes | next_day('tuesday')
fechas2/train/fechas2_003115.es.wav,este jueves próximo por favor | next_day('thursday')
fechas2/train/fechas2_003116.es.wav,el lunes próximo gracias | next_day('monday')
fechas2/train/fechas2_003117.es.wav,el martes | next_day('tuesday')
fechas2/train/fechas2_003118.es.wav,pasado mañana | relative_day(+2)
fechas2/train/fechas2_003119.es.wav,este viernes siguiente gracias | next_day('friday')
fechas2/train/fechas2_003120.es.wav,por favor el jueves que viene | next_day('thursday')
fechas2/train/fechas2_003121.es.wav,por favor en tres días | relative_day(+3)
fechas2/train/fechas2_003122.es.wav,por favor este martes que viene | next_day('tuesday')
fechas2/train/fechas2_003123.es.wav,en un par de días por favor | relative_day(+2)
fechas2/train/fechas2_003124.es.wav,el jueves por favor | next_day('thursday')
fechas2/train/fechas2_003125.es.wav,este jueves siguiente | next_day('thursday')
fechas2/train/fechas2_003126.es.wav,en un par de días | relative_day(+2)
fechas2/train/fechas2_003127.es.wav,por favor en un par de días | relative_day(+2)
fechas2/train/fechas2_003128.es.wav,pasado mañana | relative_day(+2)
fechas2/train/fechas2_003129.es.wav,por favor este jueves próximo | next_day('thursday')
fechas2/train/fechas2_003130.es.wav,en tres días por favor | relative_day(+3)
fechas2/train/fechas2_003131.es.wav,el siguiente miércoles | next_day('wednesday')
fechas2/train/fechas2_003132.es.wav,el jueves que viene | next_day('thursday')
fechas2/train/fechas2_003133.es.wav,el jueves próximo | next_day('thursday')
fechas2/train/fechas2_003134.es.wav,en un par de días | relative_day(+2)
fechas2/train/fechas2_003135.es.wav,este martes que viene | next_day('tuesday')
fechas2/train/fechas2_003136.es.wav,el próximo martes gracias | next_day('tuesday')
fechas2/train/fechas2_003137.es.wav,por favor en tres días | relative_day(+3)
fechas2/train/fechas2_003138.es.wav,este jueves | next_day('thursday')
fechas2/train/fechas2_003139.es.wav,en un par de días | relative_day(+2)
fechas2/train/fechas2_003140.es.wav,este miércoles que viene por favor | next_day('wednesday')
fechas2/train/fechas2_003141.es.wav,este jueves gracias | next_day('thursday')
fechas2/train/fechas2_003142.es.wav,este martes | next_day('tuesday')
fechas2/train/fechas2_003143.es.wav,el próximo miércoles | next_day('wednesday')
fechas2/train/fechas2_003144.es.wav,el siguiente jueves | next_day('thursday')
fechas2/train/fechas2_003145.es.wav,este miércoles gracias | next_day('wednesday')
fechas2/train/fechas2_003146.es.wav,el martes | next_day('tuesday')
fechas2/train/fechas2_003147.es.wav,este martes | next_day('tuesday')
fechas2/train/fechas2_003148.es.wav,este viernes que viene | next_day('friday')
fechas2/train/fechas2_003149.es.wav,el miércoles por favor | next_day('wednesday')
fechas2/train/fechas2_003150.es.wav,mañana | relative_day(+1)
fechas2/train/fechas2_003151.es.wav,este lunes | next_day('monday')
fechas2/train/fechas2_003152.es.wav,el próximo viernes por favor | next_day('friday')
fechas2/train/fechas2_003153.es.wav,por favor el viernes siguiente | next_day('friday')
fechas2/train/fechas2_003154.es.wav,el martes | next_day('tuesday')
fechas2/train/fechas2_003155.es.wav,en un par de días por favor | relative_day(+2)
fechas2/train/fechas2_003156.es.wav,el próximo martes | next_day('tuesday')
fechas2/train/fechas2_003157.es.wav,en un par de días por favor | relative_day(+2)
fechas2/train/fechas2_003158.es.wav,en un par de días | relative_day(+2)
fechas2/train/fechas2_003159.es.wav,el miércoles | next_day('wednesday')
fechas2/train/fechas2_003160.es.wav,el viernes siguiente por favor | next_day('friday')
fechas2/train/fechas2_003161.es.wav,por favor en un par de días | relative_day(+2)
fechas2/train/fechas2_003162.es.wav,este martes | next_day('tuesday')
fechas2/train/fechas2_003163.es.wav,en tres días | relative_day(+3)
fechas2/train/fechas2_003164.es.wav,en un par de días gracias | relative_day(+2)
fechas2/train/fechas2_003165.es.wav,el siguiente miércoles gracias | next_day('wednesday')
fechas2/train/fechas2_003166.es.wav,el martes por favor | next_day('tuesday')
fechas2/train/fechas2_003167.es.wav,por favor en tres días | relative_day(+3)
fechas2/train/fechas2_003168.es.wav,por favor en tres días | relative_day(+3)
fechas2/train/fechas2_003169.es.wav,el siguiente martes | next_day('tuesday')
fechas2/train/fechas2_003170.es.wav,por favor el próximo viernes | next_day('friday')
fechas2/train/fechas2_003171.es.wav,el miércoles | next_day('wednesday')
fechas2/train/fechas2_003172.es.wav,pasado mañana | relative_day(+2)
fechas2/train/fechas2_003173.es.wav,este viernes | next_day('friday')
fechas2/train/fechas2_003174.es.wav,el viernes que viene | next_day('friday')
fechas2/train/fechas2_003175.es.wav,pasado mañana gracias | relative_day(+2)
fechas2/train/fechas2_003176.es.wav,el próximo martes | next_day('tuesday')
fechas2/train/fechas2_003177.es.wav,el siguiente viernes | next_day('friday')
fechas2/train/fechas2_003178.es.wav,por favor mañana | relative_day(+1)
fechas2/train/fechas2_003179.es.wav,el próximo jueves | next_day('thursday')
fechas2/train/fechas2_003180.es.wav,el próximo jueves | next_day('thursday')
fechas2/train/fechas2_003181.es.wav,en tres días por favor | relative_day(+3)
fechas2/train/fechas2_003182.es.wav,por favor en un par de días | relative_day(+2)
fechas2/train/fechas2_003183.es.wav,el miércoles que viene por favor | next_day('wednesday')
fechas2/train/fechas2_003184.es.wav,este martes siguiente gracias | next_day('tuesday')
fechas2/train/fechas2_003185.es.wav,el siguiente lunes | next_day('monday')
fechas2/train/fechas2_003186.es.wav,el lunes gracias | next_day('monday')
fechas2/train/fechas2_003187.es.wav,el próximo martes | next_day('tuesday')
fechas2/train/fechas2_003188.es.wav,el jueves próximo por favor | next_day('thursday')
fechas2/train/fechas2_003189.es.wav,en un par de días | relative_day(+2)
fechas2/train/fechas2_003190.es.wav,mañana por favor | relative_day(+1)
fechas2/train/fechas2_003191.es.wav,el lunes por favor | next_day('monday')
fechas2/train/fechas2_003192.es.wav,el próximo lunes | next_day('monday')
fechas2/train/fechas2_003193.es.wav,el siguiente jueves gracias | next_day('thursday')
fechas2/train/fechas2_003194.es.wav,el martes por favor | next_day('tuesday')
fechas2/train/fechas2_003195.es.wav,este jueves | next_day('thursday')
fechas2/train/fechas2_003196.es.wav,mañana | relative_day(+1)
fechas2/train/fechas2_003197.es.wav,este lunes que viene | next_day('monday')
fechas2/train/fechas2_003198.es.wav,en un par de días gracias | relative_day(+2)
fechas2/train/fechas2_003199.es.wav,en un par de días | relative_day(+2)
fechas2/train/fechas2_003200.es.wav,mañana por favor | relative_day(+1)
fechas2/train/fechas2_003201.es.wav,el viernes | next_day('friday')
fechas2/train/fechas2_003202.es.wav,el próximo lunes | next_day('monday')
fechas2/train/fechas2_003203.es.wav,este lunes | next_day('monday')
fechas2/train/fechas2_003204.es.wav,el próximo viernes gracias | next_day('friday')
fechas2/train/fechas2_003205.es.wav,el martes por favor | next_day('tuesday')
fechas2/train/fechas2_003206.es.wav,por favor este martes siguiente | next_day('tuesday')
fechas2/train/fechas2_003207.es.wav,el martes por favor | next_day('tuesday')
fechas2/train/fechas2_003208.es.wav,por favor el siguiente miércoles | next_day('wednesday')
fechas2/train/fechas2_003209.es.wav,este jueves | next_day('thursday')
fechas2/train/fechas2_003210.es.wav,por favor el martes próximo | next_day('tuesday')
fechas2/train/fechas2_003211.es.wav,por favor el martes | next_day('tuesday')
fechas2/train/fechas2_003212.es.wav,el miércoles próximo gracias | next_day('wednesday')
fechas2/train/fechas2_003213.es.wav,mañana | relative_day(+1)
fechas2/train/fechas2_003214.es.wav,el siguiente miércoles por favor | next_day('wednesday')
fechas2/train/fechas2_003215.es.wav,por favor este jueves próximo | next_day('thursday')
fechas2/train/fechas2_003216.es.wav,el próximo viernes gracias | next_day('friday')
fechas2/train/fechas2_003217.es.wav,el próximo miércoles | next_day('wednesday')
fechas2/train/fechas2_003218.es.wav,el próximo viernes | next_day('friday')
fechas2/train/fechas2_003219.es.wav,el próximo lunes | next_day('monday')
fechas2/train/fechas2_003220.es.wav,el viernes | next_day('friday')
fechas2/train/fechas2_003221.es.wav,el viernes por favor | next_day('friday')
fechas2/train/fechas2_003222.es.wav,el lunes gracias | next_day('monday')
fechas2/train/fechas2_003223.es.wav,el siguiente martes | next_day('tuesday')
fechas2/train/fechas2_003224.es.wav,el próximo jueves por favor | next_day('thursday')
fechas2/train/fechas2_003225.es.wav,el próximo jueves | next_day('thursday')
fechas2/train/fechas2_003226.es.wav,por favor el siguiente jueves | next_day('thursday')
fechas2/train/fechas2_003227.es.wav,el viernes siguiente | next_day('friday')
fechas2/train/fechas2_003228.es.wav,el jueves siguiente gracias | next_day('thursday')
fechas2/train/fechas2_003229.es.wav,pasado mañana por favor | relative_day(+2)
fechas2/train/fechas2_003230.es.wav,el jueves | next_day('thursday')
fechas2/train/fechas2_003231.es.wav,el próximo lunes | next_day('monday')
fechas2/train/fechas2_003232.es.wav,mañana | relative_day(+1)
fechas2/train/fechas2_003233.es.wav,por favor este miércoles | next_day('wednesday')
fechas2/train/fechas2_003234.es.wav,este lunes siguiente gracias | next_day('monday')
fechas2/train/fechas2_003235.es.wav,este martes próximo por favor | next_day('tuesday')
fechas2/train/fechas2_003236.es.wav,el siguiente viernes | next_day('friday')
fechas2/train/fechas2_003237.es.wav,por favor este viernes siguiente | next_day('friday')
fechas2/train/fechas2_003238.es.wav,en tres días | relative_day(+3)
fechas2/train/fechas2_003239.es.wav,el siguiente jueves por favor | next_day('thursday')
fechas2/train/fechas2_003240.es.wav,el miércoles siguiente | next_day('wednesday')
fechas2/train/fechas2_003241.es.wav,en un par de días | relative_day(+2)
fechas2/train/fechas2_003242.es.wav,el próximo lunes | next_day('monday')
fechas2/train/fechas2_003243.es.wav,en tres días | relative_day(+3)
fechas2/train/fechas2_003244.es.wav,por favor el martes | next_day('tuesday')
fechas2/train/fechas2_003245.es.wav,el siguiente jueves por favor | next_day('thursday')
fechas2/train/fechas2_003246.es.wav,por favor este jueves próximo | next_day('thursday')
fechas2/train/fechas2_003247.es.wav,el próximo miércoles | next_day('wednesday')
fechas2/train/fechas2_003248.es.wav,este viernes próximo gracias | next_day('friday')
fechas2/train/fechas2_003249.es.wav,en tres días por favor | relative_day(+3)
fechas2/train/fechas2_003250.es.wav,en tres días | relative_day(+3)
fechas2/train/fechas2_003251.es.wav,este viernes | next_day('friday')
fechas2/train/fechas2_003252.es.wav,este martes | next_day('tuesday')
fechas2/train/fechas2_003253.es.wav,en un par de días | relative_day(+2)
fechas2/train/fechas2_003254.es.wav,en tres días | relative_day(+3)
fechas2/train/fechas2_003255.es.wav,el lunes | next_day('monday')
fechas2/train/fechas2_003256.es.wav,el lunes | next_day('monday')
fechas2/train/fechas2_003257.es.wav,este jueves | next_day('thursday')
fechas2/train/fechas2_003258.es.wav,en tres días | relative_day(+3)
fechas2/train/fechas2_003259.es.wav,este viernes | next_day('friday')
fechas2/train/fechas2_003260.es.wav,en tres días | relative_day(+3)
fechas2/train/fechas2_003261.es.wav,en tres días gracias | relative_day(+3)
fechas2/train/fechas2_003262.es.wav,el lunes | next_day('monday')
fechas2/train/fechas2_003263.es.wav,mañana por favor | relative_day(+1)
fechas2/train/fechas2_003264.es.wav,el próximo viernes | next_day('friday')
fechas2/train/fechas2_003265.es.wav,este jueves | next_day('thursday')
fechas2/train/fechas2_003266.es.wav,el siguiente miércoles gracias | next_day('wednesday')
fechas2/train/fechas2_003267.es.wav,este lunes siguiente | next_day('monday')
fechas2/train/fechas2_003268.es.wav,en tres días por favor | relative_day(+3)
fechas2/train/fechas2_003269.es.wav,el próximo miércoles | next_day('wednesday')
fechas2/train/fechas2_003270.es.wav,pasado mañana | relative_day(+2)
fechas2/train/fechas2_003271.es.wav,en tres días gracias | relative_day(+3)
fechas2/train/fechas2_003272.es.wav,este viernes | next_day('friday')
fechas2/train/fechas2_003273.es.wav,mañana | relative_day(+1)
fechas2/train/fechas2_003274.es.wav,en un par de días | relative_day(+2)
fechas2/train/fechas2_003275.es.wav,el viernes | next_day('friday')
fechas2/train/fechas2_003276.es.wav,este viernes que viene | next_day('friday')
fechas2/train/fechas2_003277.es.wav,este jueves próximo gracias | next_day('thursday')
fechas2/train/fechas2_003278.es.wav,este martes | next_day('tuesday')
fechas2/train/fechas2_003279.es.wav,por favor en un par de días | relative_day(+2)
fechas2/train/fechas2_003280.es.wav,el próximo miércoles | next_day('wednesday')
fechas2/train/fechas2_003281.es.wav,el viernes que viene | next_day('friday')
fechas2/train/fechas2_003282.es.wav,por favor el viernes que viene | next_day('friday')
fechas2/train/fechas2_003283.es.wav,el lunes gracias | next_day('monday')
fechas2/train/fechas2_003284.es.wav,por favor en tres días | relative_day(+3)
fechas2/train/fechas2_003285.es.wav,este miércoles | next_day('wednesday')
fechas2/train/fechas2_003286.es.wav,en un par de días gracias | relative_day(+2)
fechas2/train/fechas2_003287.es.wav,este lunes gracias | next_day('monday')
fechas2/train/fechas2_003288.es.wav,el siguiente lunes por favor | next_day('monday')
fechas2/train/fechas2_003289.es.wav,en un par de días gracias | relative_day(+2)
fechas2/train/fechas2_003290.es.wav,el siguiente viernes gracias | next_day('friday')
fechas2/train/fechas2_003291.es.wav,el jueves | next_day('thursday')
fechas2/train/fechas2_003292.es.wav,el jueves gracias | next_day('thursday')
fechas2/train/fechas2_003293.es.wav,mañana | relative_day(+1)
fechas2/train/fechas2_003294.es.wav,este jueves | next_day('thursday')
fechas2/train/fechas2_003295.es.wav,el jueves próximo gracias | next_day('thursday')
fechas2/train/fechas2_003296.es.wav,por favor el próximo martes | next_day('tuesday')
fechas2/train/fechas2_003297.es.wav,este miércoles siguiente por favor | next_day('wednesday')
fechas2/train/fechas2_003298.es.wav,el martes siguiente | next_day('tuesday')
fechas2/train/fechas2_003299.es.wav,el próximo jueves | next_day('thursday')
fechas2/train/fechas2_003300.es.wav,este martes que viene | next_day('tuesday')
fechas2/train/fechas2_003301.es.wav,el martes que viene | next_day('tuesday')
fechas2/train/fechas2_003302.es.wav,por favor el siguiente lunes | next_day('monday')
fechas2/train/fechas2_003303.es.wav,este jueves | next_day('thursday')
fechas2/train/fechas2_003304.es.wav,el viernes que viene | next_day('friday')
fechas2/train/fechas2_003305.es.wav,pasado mañana gracias | relative_day(+2)
fechas2/train/fechas2_003306.es.wav,el próximo jueves por favor | next_day('thursday')
fechas2/train/fechas2_003307.es.wav,el jueves gracias | next_day('thursday')
fechas2/train/fechas2_003308.es.wav,este viernes que viene | next_day('friday')
fechas2/train/fechas2_003309.es.wav,el siguiente miércoles | next_day('wednesday')
fechas2/train/fechas2_003310.es.wav,el lunes | next_day('monday')
fechas2/train/fechas2_003311.es.wav,por favor el siguiente viernes | next_day('friday')
fechas2/train/fechas2_003312.es.wav,el siguiente miércoles | next_day('wednesday')
fechas2/train/fechas2_003313.es.wav,mañana | relative_day(+1)
fechas2/train/fechas2_003314.es.wav,el siguiente jueves | next_day('thursday')
fechas2/train/fechas2_003315.es.wav,este lunes | next_day('monday')
fechas2/train/fechas2_003316.es.wav,el lunes próximo gracias | next_day('monday')
fechas2/train/fechas2_003317.es.wav,el próximo miércoles | next_day('wednesday')
fechas2/train/fechas2_003318.es.wav,el siguiente martes | next_day('tuesday')
fechas2/train/fechas2_003319.es.wav,este martes próximo | next_day('tuesday')
fechas2/train/fechas2_003320.es.wav,el siguiente viernes | next_day('friday')
fechas2/train/fechas2_003321.es.wav,mañana gracias | relative_day(+1)
fechas2/train/fechas2_003322.es.wav,en tres días | relative_day(+3)
fechas2/train/fechas2_003323.es.wav,el próximo lunes | next_day('monday')
fechas2/train/fechas2_003324.es.wav,el próximo jueves | next_day('thursday')
fechas2/train/fechas2_003325.es.wav,este miércoles siguiente por favor | next_day('wednesday')
fechas2/train/fechas2_003326.es.wav,por favor este lunes | next_day('monday')
fechas2/train/fechas2_003327.es.wav,el martes | next_day('tuesday')
fechas2/train/fechas2_003328.es.wav,en un par de días | relative_day(+2)
fechas2/train/fechas2_003329.es.wav,el martes gracias | next_day('tuesday')
fechas2/train/fechas2_003330.es.wav,el martes próximo | next_day('tuesday')
fechas2/train/fechas2_003331.es.wav,el jueves próximo por favor | next_day('thursday')
fechas2/train/fechas2_003332.es.wav,mañana por favor | relative_day(+1)
fechas2/train/fechas2_003333.es.wav,por favor en un par de días | relative_day(+2)
fechas2/train/fechas2_003334.es.wav,el jueves siguiente por favor | next_day('thursday')
fechas2/train/fechas2_003335.es.wav,el siguiente miércoles | next_day('wednesday')
fechas2/train/fechas2_003336.es.wav,por favor el siguiente miércoles | next_day('wednesday')
fechas2/train/fechas2_003337.es.wav,en un par de días por favor | relative_day(+2)
fechas2/train/fechas2_003338.es.wav,el próximo martes | next_day('tuesday')
fechas2/train/fechas2_003339.es.wav,en tres días | relative_day(+3)
fechas2/train/fechas2_003340.es.wav,el jueves por favor | next_day('thursday')
fechas2/train/fechas2_003341.es.wav,este viernes siguiente | next_day('friday')
fechas2/train/fechas2_003342.es.wav,este miércoles gracias | next_day('wednesday')
fechas2/train/fechas2_003343.es.wav,el jueves que viene | next_day('thursday')
fechas2/train/fechas2_003344.es.wav,el martes | next_day('tuesday')
fechas2/train/fechas2_003345.es.wav,el próximo lunes | next_day('monday')
fechas2/train/fechas2_003346.es.wav,por favor el lunes | next_day('monday')
fechas2/train/fechas2_003347.es.wav,en un par de días | relative_day(+2)
fechas2/train/fechas2_003348.es.wav,el siguiente martes | next_day('tuesday')
fechas2/train/fechas2_003349.es.wav,el jueves siguiente | next_day('thursday')
fechas2/train/fechas2_003350.es.wav,el jueves | next_day('thursday')
fechas2/train/fechas2_003351.es.wav,mañana | relative_day(+1)
fechas2/train/fechas2_003352.es.wav,el lunes próximo | next_day('monday')
fechas2/train/fechas2_003353.es.wav,este viernes | next_day('friday')
fechas2/train/fechas2_003354.es.wav,por favor el próximo martes | next_day('tuesday')
fechas2/train/fechas2_003355.es.wav,el próximo viernes | next_day('friday')
fechas2/train/fechas2_003356.es.wav,el lunes siguiente gracias | next_day('monday')
fechas2/train/fechas2_003357.es.wav,el viernes siguiente por favor | next_day('friday')
fechas2/train/fechas2_003358.es.wav,el lunes que viene | next_day('monday')
fechas2/train/fechas2_003359.es.wav,este martes | next_day('tuesday')
fechas2/train/fechas2_003360.es.wav,este lunes siguiente | next_day('monday')
fechas2/train/fechas2_003361.es.wav,mañana | relative_day(+1)
fechas2/train/fechas2_003362.es.wav,el próximo lunes | next_day('monday')
fechas2/train/fechas2_003363.es.wav,el lunes | next_day('monday')
fechas2/train/fechas2_003364.es.wav,el siguiente jueves | next_day('thursday')
fechas2/train/fechas2_003365.es.wav,el viernes que viene por favor | next_day('friday')
fechas2/train/fechas2_003366.es.wav,el martes próximo gracias | next_day('tuesday')
fechas2/train/fechas2_003367.es.wav,en un par de días gracias | relative_day(+2)
fechas2/train/fechas2_003368.es.wav,en un par de días | relative_day(+2)
fechas2/train/fechas2_003369.es.wav,este miércoles | next_day('wednesday')
fechas2/train/fechas2_003370.es.wav,en tres días gracias | relative_day(+3)
fechas2/train/fechas2_003371.es.wav,en tres días | relative_day(+3)
fechas2/train/fechas2_003372.es.wav,el viernes gracias | next_day('friday')
fechas2/train/fechas2_003373.es.wav,el próximo miércoles gracias | next_day('wednesday')
fechas2/train/fechas2_003374.es.wav,pasado mañana | relative_day(+2)
fechas2/train/fechas2_003375.es.wav,el martes siguiente | next_day('tuesday')
fechas2/train/fechas2_003376.es.wav,por favor este jueves siguiente | next_day('thursday')
fechas2/train/fechas2_003377.es.wav,el lunes por favor | next_day('monday')
fechas2/train/fechas2_003378.es.wav,el siguiente jueves | next_day('thursday')
fechas2/train/fechas2_003379.es.wav,mañana | relative_day(+1)
fechas2/train/fechas2_003380.es.wav,por favor este jueves próximo | next_day('thursday')
fechas2/train/fechas2_003381.es.wav,el martes | next_day('tuesday')
fechas2/train/fechas2_003382.es.wav,por favor este viernes | next_day('friday')
fechas2/train/fechas2_003383.es.wav,el martes que viene por favor | next_day('tuesday')
fechas2/train/fechas2_003384.es.wav,el próximo jueves | next_day('thursday')
fechas2/train/fechas2_003385.es.wav,en un par de días | relative_day(+2)
fechas2/train/fechas2_003386.es.wav,el lunes próximo | next_day('monday')
fechas2/train/fechas2_003387.es.wav,por favor el próximo martes | next_day('tuesday')
fechas2/train/fechas2_003388.es.wav,este viernes | next_day('friday')
fechas2/train/fechas2_003389.es.wav,el próximo jueves | next_day('thursday')
fechas2/train/fechas2_003390.es.wav,en tres días | relative_day(+3)
fechas2/train/fechas2_003391.es.wav,el siguiente martes | next_day('tuesday')
fechas2/train/fechas2_003392.es.wav,este jueves próximo | next_day('thursday')
fechas2/train/fechas2_003393.es.wav,este miércoles | next_day('wednesday')
fechas2/train/fechas2_003394.es.wav,el lunes que viene por favor | next_day('monday')
fechas2/train/fechas2_003395.es.wav,por favor este jueves próximo | next_day('thursday')
fechas2/train/fechas2_003396.es.wav,este lunes | next_day('monday')
fechas2/train/fechas2_003397.es.wav,el próximo miércoles | next_day('wednesday')
fechas2/train/fechas2_003398.es.wav,el próximo lunes por favor | next_day('monday')
fechas2/train/fechas2_003399.es.wav,el siguiente viernes gracias | next_day('friday')
fechas2/train/fechas2_003400.es.wav,el siguiente martes | next_day('tuesday')
fechas2/train/fechas2_003401.es.wav,el viernes próximo | next_day('friday')
fechas2/train/fechas2_003402.es.wav,mañana | relative_day(+1)
fechas2/train/fechas2_003403.es.wav,mañana por favor | relative_day(+1)
fechas2/train/fechas2_003404.es.wav,en un par de días | relative_day(+2)
fechas2/train/fechas2_003405.es.wav,este viernes que viene por favor | next_day('friday')
fechas2/train/fechas2_003406.es.wav,por favor este lunes que viene | next_day('monday')
fechas2/train/fechas2_003407.es.wav,el martes próximo | next_day('tuesday')
fechas2/train/fechas2_003408.es.wav,este miércoles siguiente | next_day('wednesday')
fechas2/train/fechas2_003409.es.wav,por favor mañana | relative_day(+1)
fechas2/train/fechas2_003410.es.wav,el viernes por favor | next_day('friday')
fechas2/train/fechas2_003411.es.wav,mañana por favor | relative_day(+1)
fechas2/train/fechas2_003412.es.wav,el próximo jueves | next_day('thursday')
fechas2/train/fechas2_003413.es.wav,el próximo miércoles | next_day('wednesday')
fechas2/train/fechas2_003414.es.wav,pasado mañana | relative_day(+2)
fechas2/train/fechas2_003415.es.wav,el lunes próximo | next_day('monday')
fechas2/train/fechas2_003416.es.wav,el miércoles | next_day('wednesday')
fechas2/train/fechas2_003417.es.wav,el próximo lunes | next_day('monday')
fechas2/train/fechas2_003418.es.wav,este martes gracias | next_day('tuesday')
fechas2/train/fechas2_003419.es.wav,este martes por favor | next_day('tuesday')
fechas2/train/fechas2_003420.es.wav,este martes | next_day('tuesday')
fechas2/train/fechas2_003421.es.wav,por favor el miércoles | next_day('wednesday')
fechas2/train/fechas2_003422.es.wav,el miércoles siguiente gracias | next_day('wednesday')
fechas2/train/fechas2_003423.es.wav,por favor el próximo miércoles | next_day('wednesday')
fechas2/train/fechas2_003424.es.wav,el jueves siguiente | next_day('thursday')
fechas2/train/fechas2_003425.es.wav,el siguiente lunes | next_day('monday')
fechas2/train/fechas2_003426.es.wav,este lunes próximo | next_day('monday')
fechas2/train/fechas2_003427.es.wav,el lunes siguiente gracias | next_day('monday')
fechas2/train/fechas2_003428.es.wav,en tres días gracias | relative_day(+3)
fechas2/train/fechas2_003429.es.wav,este martes próximo | next_day('tuesday')
fechas2/train/fechas2_003430.es.wav,en tres días | relative_day(+3)
fechas2/train/fechas2_003431.es.wav,este lunes | next_day('monday')
fechas2/train/fechas2_003432.es.wav,el próximo viernes | next_day('friday')
fechas2/train/fechas2_003433.es.wav,este martes siguiente | next_day('tuesday')
fechas2/train/fechas2_003434.es.wav,mañana | relative_day(+1)
fechas2/train/fechas2_003435.es.wav,mañana gracias | relative_day(+1)
fechas2/train/fechas2_003436.es.wav,por favor este miércoles | next_day('wednesday')
fechas2/train/fechas2_003437.es.wav,este martes próximo | next_day('tuesday')
fechas2/train/fechas2_003438.es.wav,el miércoles que viene | next_day('wednesday')
fechas2/train/fechas2_003439.es.wav,en un par de días por favor | relative_day(+2)
fechas2/train/fechas2_003440.es.wav,el martes por favor | next_day('tuesday')
fechas2/train/fechas2_003441.es.wav,el viernes por favor | next_day('friday')
fechas2/train/fechas2_003442.es.wav,el próximo viernes gracias | next_day('friday')
fechas2/train/fechas2_003443.es.wav,este viernes | next_day('friday')
fechas2/train/fechas2_003444.es.wav,el siguiente lunes | next_day('monday')
fechas2/train/fechas2_003445.es.wav,en tres días | relative_day(+3)
fechas2/train/fechas2_003446.es.wav,por favor el viernes | next_day('friday')
fechas2/train/fechas2_003447.es.wav,pasado mañana | relative_day(+2)
fechas2/train/fechas2_003448.es.wav,este jueves siguiente gracias | next_day('thursday')
fechas2/train/fechas2_003449.es.wav,el miércoles | next_day('wednesday')
fechas2/train/fechas2_003450.es.wav,el siguiente viernes | next_day('friday')
fechas2/train/fechas2_003451.es.wav,este lunes próximo gracias | next_day('monday')
fechas2/train/fechas2_003452.es.wav,en tres días | relative_day(+3)
fechas2/train/fechas2_003453.es.wav,el próximo lunes | next_day('monday')
fechas2/train/fechas2_003454.es.wav,este miércoles próximo | next_day('wednesday')
fechas2/train/fechas2_003455.es.wav,el viernes siguiente | next_day('friday')
fechas2/train/fechas2_003456.es.wav,en un par de días | relative_day(+2)
fechas2/train/fechas2_003457.es.wav,el próximo martes | next_day('tuesday')
fechas2/train/fechas2_003458.es.wav,este miércoles siguiente por favor | next_day('wednesday')
fechas2/train/fechas2_003459.es.wav,el próximo lunes gracias | next_day('monday')
fechas2/train/fechas2_003460.es.wav,el lunes por favor | next_day('monday')
fechas2/train/fechas2_003461.es.wav,este viernes siguiente gracias | next_day('friday')
fechas2/train/fechas2_003462.es.wav,el siguiente martes | next_day('tuesday')
fechas2/train/fechas2_003463.es.wav,en un par de días | relative_day(+2)
fechas2/train/fechas2_003464.es.wav,el jueves siguiente | next_day('thursday')
fechas2/train/fechas2_003465.es.wav,el siguiente miércoles gracias | next_day('wednesday')
fechas2/train/fechas2_003466.es.wav,en un par de días gracias | relative_day(+2)
fechas2/train/fechas2_003467.es.wav,este martes gracias | next_day('tuesday')
fechas2/train/fechas2_003468.es.wav,en un par de días | relative_day(+2)
fechas2/train/fechas2_003469.es.wav,este viernes | next_day('friday')
fechas2/train/fechas2_003470.es.wav,en tres días | relative_day(+3)
fechas2/train/fechas2_003471.es.wav,este viernes gracias | next_day('friday')
fechas2/train/fechas2_003472.es.wav,este martes | next_day('tuesday')
fechas2/train/fechas2_003473.es.wav,el lunes | next_day('monday')
fechas2/train/fechas2_003474.es.wav,el siguiente miércoles | next_day('wednesday')
fechas2/train/fechas2_003475.es.wav,por favor el próximo miércoles | next_day('wednesday')
fechas2/train/fechas2_003476.es.wav,mañana por favor | relative_day(+1)
fechas2/train/fechas2_003477.es.wav,el viernes que viene | next_day('friday')
fechas2/train/fechas2_003478.es.wav,en un par de días | relative_day(+2)
fechas2/train/fechas2_003479.es.wav,por favor en un par de días | relative_day(+2)
fechas2/train/fechas2_003480.es.wav,por favor este jueves | next_day('thursday')
fechas2/train/fechas2_003481.es.wav,el viernes siguiente | next_day('friday')
fechas2/train/fechas2_003482.es.wav,por favor el martes próximo | next_day('tuesday')
fechas2/train/fechas2_003483.es.wav,el siguiente miércoles | next_day('wednesday')
fechas2/train/fechas2_003484.es.wav,este lunes | next_day('monday')
fechas2/train/fechas2_003485.es.wav,el jueves que viene | next_day('thursday')
fechas2/train/fechas2_003486.es.wav,el siguiente jueves | next_day('thursday')
fechas2/train/fechas2_003487.es.wav,el próximo miércoles | next_day('wednesday')
fechas2/train/fechas2_003488.es.wav,en un par de días | relative_day(+2)
fechas2/train/fechas2_003489.es.wav,en un par de días gracias | relative_day(+2)
fechas2/train/fechas2_003490.es.wav,el lunes que viene | next_day('monday')
fechas2/train/fechas2_003491.es.wav,este martes por favor | next_day('tuesday')
fechas2/train/fechas2_003492.es.wav,el próximo lunes | next_day('monday')
fechas2/train/fechas2_003493.es.wav,el lunes siguiente gracias | next_day('monday')
fechas2/train/fechas2_003494.es.wav,por favor el jueves | next_day('thursday')
fechas2/train/fechas2_003495.es.wav,el siguiente jueves | next_day('thursday')
fechas2/train/fechas2_003496.es.wav,en tres días | relative_day(+3)
fechas2/train/fechas2_003497.es.wav,el viernes próximo gracias | next_day('friday')
fechas2/train/fechas2_003498.es.wav,este miércoles que viene | next_day('wednesday')
fechas2/train/fechas2_003499.es.wav,el jueves siguiente | next_day('thursday')
fechas2/train/fechas2_003500.es.wav,por favor el siguiente martes | next_day('tuesday')
fechas2/train/fechas2_003501.es.wav,este viernes | next_day('friday')
fechas2/train/fechas2_003502.es.wav,el lunes que viene | next_day('monday')
fechas2/train/fechas2_003503.es.wav,este lunes | next_day('monday')
fechas2/train/fechas2_003504.es.wav,este jueves que viene por favor | next_day('thursday')
fechas2/train/fechas2_003505.es.wav,el viernes por favor | next_day('friday')
fechas2/train/fechas2_003506.es.wav,este jueves gracias | next_day('thursday')
fechas2/train/fechas2_003507.es.wav,en tres días | relative_day(+3)
fechas2/train/fechas2_003508.es.wav,en tres días | relative_day(+3)
fechas2/train/fechas2_003509.es.wav,por favor este lunes | next_day('monday')
fechas2/train/fechas2_003510.es.wav,este viernes siguiente | next_day('friday')
fechas2/train/fechas2_003511.es.wav,pasado mañana | relative_day(+2)
fechas2/train/fechas2_003512.es.wav,en un par de días por favor | relative_day(+2)
fechas2/train/fechas2_003513.es.wav,el martes por favor | next_day('tuesday')
fechas2/train/fechas2_003514.es.wav,este jueves | next_day('thursday')
fechas2/train/fechas2_003515.es.wav,por favor el próximo jueves | next_day('thursday')
fechas2/train/fechas2_003516.es.wav,el lunes que viene | next_day('monday')
fechas2/train/fechas2_003517.es.wav,en un par de días | relative_day(+2)
fechas2/train/fechas2_003518.es.wav,el martes que viene | next_day('tuesday')
fechas2/train/fechas2_003519.es.wav,en un par de días | relative_day(+2)
fechas2/train/fechas2_003520.es.wav,el próximo jueves | next_day('thursday')
fechas2/train/fechas2_003521.es.wav,el próximo lunes | next_day('monday')
fechas2/train/fechas2_003522.es.wav,el siguiente miércoles | next_day('wednesday')
fechas2/train/fechas2_003523.es.wav,en un par de días | relative_day(+2)
fechas2/train/fechas2_003524.es.wav,este lunes que viene por favor | next_day('monday')
fechas2/train/fechas2_003525.es.wav,el miércoles por favor | next_day('wednesday')
fechas2/train/fechas2_003526.es.wav,el próximo martes | next_day('tuesday')
fechas2/train/fechas2_003527.es.wav,el próximo lunes gracias | next_day('monday')
fechas2/train/fechas2_003528.es.wav,en un par de días | relative_day(+2)
fechas2/train/fechas2_003529.es.wav,el siguiente miércoles | next_day('wednesday')
fechas2/train/fechas2_003530.es.wav,este viernes por favor | next_day('friday')
fechas2/train/fechas2_003531.es.wav,el próximo miércoles gracias | next_day('wednesday')
fechas2/train/fechas2_003532.es.wav,pasado mañana gracias | relative_day(+2)
fechas2/train/fechas2_003533.es.wav,el próximo viernes | next_day('friday')
fechas2/train/fechas2_003534.es.wav,el miércoles | next_day('wednesday')
fechas2/train/fechas2_003535.es.wav,este jueves | next_day('thursday')
fechas2/train/fechas2_003536.es.wav,en un par de días por favor | relative_day(+2)
fechas2/train/fechas2_003537.es.wav,en tres días gracias | relative_day(+3)
fechas2/train/fechas2_003538.es.wav,en tres días | relative_day(+3)
fechas2/train/fechas2_003539.es.wav,este jueves próximo | next_day('thursday')
fechas2/train/fechas2_003540.es.wav,en tres días | relative_day(+3)
fechas2/train/fechas2_003541.es.wav,por favor el lunes | next_day('monday')
fechas2/train/fechas2_003542.es.wav,este miércoles próximo | next_day('wednesday')
fechas2/train/fechas2_003543.es.wav,este lunes que viene | next_day('monday')
fechas2/train/fechas2_003544.es.wav,por favor el próximo miércoles | next_day('wednesday')
fechas2/train/fechas2_003545.es.wav,este viernes próximo | next_day('friday')
fechas2/train/fechas2_003546.es.wav,este miércoles próximo | next_day('wednesday')
fechas2/train/fechas2_003547.es.wav,el miércoles | next_day('wednesday')
fechas2/train/fechas2_003548.es.wav,por favor este viernes | next_day('friday')
fechas2/train/fechas2_003549.es.wav,el martes | next_day('tuesday')
fechas2/train/fechas2_003550.es.wav,este viernes gracias | next_day('friday')
fechas2/train/fechas2_003551.es.wav,pasado mañana | relative_day(+2)
fechas2/train/fechas2_003552.es.wav,en un par de días por favor | relative_day(+2)
fechas2/train/fechas2_003553.es.wav,mañana | relative_day(+1)
fechas2/train/fechas2_003554.es.wav,este lunes que viene | next_day('monday')
fechas2/train/fechas2_003555.es.wav,en tres días | relative_day(+3)
fechas2/train/fechas2_003556.es.wav,el viernes siguiente por favor | next_day('friday')
fechas2/train/fechas2_003557.es.wav,este viernes | next_day('friday')
fechas2/train/fechas2_003558.es.wav,pasado mañana | relative_day(+2)
fechas2/train/fechas2_003559.es.wav,este miércoles siguiente por favor | next_day('wednesday')
fechas2/train/fechas2_003560.es.wav,el jueves próximo por favor | next_day('thursday')
fechas2/train/fechas2_003561.es.wav,por favor este lunes siguiente | next_day('monday')
fechas2/train/fechas2_003562.es.wav,el martes por favor | next_day('tuesday')
fechas2/train/fechas2_003563.es.wav,el próximo viernes | next_day('friday')
fechas2/train/fechas2_003564.es.wav,en un par de días | relative_day(+2)
fechas2/train/fechas2_003565.es.wav,por favor el siguiente viernes | next_day('friday')
fechas2/train/fechas2_003566.es.wav,el siguiente viernes | next_day('friday')
fechas2/train/fechas2_003567.es.wav,el martes siguiente | next_day('tuesday')
fechas2/train/fechas2_003568.es.wav,en un par de días | relative_day(+2)
fechas2/train/fechas2_003569.es.wav,el lunes próximo por favor | next_day('monday')
fechas2/train/fechas2_003570.es.wav,en tres días | relative_day(+3)
fechas2/train/fechas2_003571.es.wav,este jueves | next_day('thursday')
fechas2/train/fechas2_003572.es.wav,este lunes | next_day('monday')
fechas2/train/fechas2_003573.es.wav,el lunes | next_day('monday')
fechas2/train/fechas2_003574.es.wav,en tres días | relative_day(+3)
fechas2/train/fechas2_003575.es.wav,este viernes siguiente gracias | next_day('friday')
fechas2/train/fechas2_003576.es.wav,el jueves | next_day('thursday')
fechas2/train/fechas2_003577.es.wav,el siguiente lunes por favor | next_day('monday')
fechas2/train/fechas2_003578.es.wav,este martes próximo | next_day('tuesday')
fechas2/train/fechas2_003579.es.wav,este miércoles | next_day('wednesday')
fechas2/train/fechas2_003580.es.wav,el lunes que viene | next_day('monday')
fechas2/train/fechas2_003581.es.wav,por favor el próximo viernes | next_day('friday')
fechas2/train/fechas2_003582.es.wav,por favor en un par de días | relative_day(+2)
fechas2/train/fechas2_003583.es.wav,el viernes gracias | next_day('friday')
fechas2/train/fechas2_003584.es.wav,el siguiente viernes | next_day('friday')
fechas2/train/fechas2_003585.es.wav,el próximo miércoles | next_day('wednesday')
fechas2/train/fechas2_003586.es.wav,el próximo martes gracias | next_day('tuesday')
fechas2/train/fechas2_003587.es.wav,por favor este miércoles próximo | next_day('wednesday')
fechas2/train/fechas2_003588.es.wav,en tres días por favor | relative_day(+3)
fechas2/train/fechas2_003589.es.wav,en un par de días | relative_day(+2)
fechas2/train/fechas2_003590.es.wav,este miércoles por favor | next_day('wednesday')
fechas2/train/fechas2_003591.es.wav,el miércoles próximo | next_day('wednesday')
fechas2/train/fechas2_003592.es.wav,mañana | relative_day(+1)
fechas2/train/fechas2_003593.es.wav,en tres días | relative_day(+3)
fechas2/train/fechas2_003594.es.wav,el jueves que viene | next_day('thursday')
fechas2/train/fechas2_003595.es.wav,el jueves siguiente gracias | next_day('thursday')
fechas2/train/fechas2_003596.es.wav,el miércoles próximo | next_day('wednesday')
fechas2/train/fechas2_003597.es.wav,el siguiente viernes gracias | next_day('friday')
fechas2/train/fechas2_003598.es.wav,este lunes | next_day('monday')
fechas2/train/fechas2_003599.es.wav,en un par de días | relative_day(+2)
fechas2/train/fechas2_003600.es.wav,pasado mañana gracias | relative_day(+2)
fechas2/train/fechas2_003601.es.wav,pasado mañana | relative_day(+2)
fechas2/train/fechas2_003602.es.wav,por favor el próximo lunes | next_day('monday')
fechas2/train/fechas2_003603.es.wav,el viernes que viene gracias | next_day('friday')
fechas2/train/fechas2_003604.es.wav,este jueves que viene | next_day('thursday')
fechas2/train/fechas2_003605.es.wav,el jueves próximo gracias | next_day('thursday')
fechas2/train/fechas2_003606.es.wav,en un par de días gracias | relative_day(+2)
fechas2/train/fechas2_003607.es.wav,este jueves | next_day('thursday')
fechas2/train/fechas2_003608.es.wav,el jueves | next_day('thursday')
fechas2/train/fechas2_003609.es.wav,el próximo martes | next_day('tuesday')
fechas2/train/fechas2_003610.es.wav,pasado mañana por favor | relative_day(+2)
fechas2/train/fechas2_003611.es.wav,el lunes siguiente | next_day('monday')
fechas2/train/fechas2_003612.es.wav,por favor el siguiente lunes | next_day('monday')
fechas2/train/fechas2_003613.es.wav,por favor el siguiente jueves | next_day('thursday')
fechas2/train/fechas2_003614.es.wav,por favor este lunes siguiente | next_day('monday')
fechas2/train/fechas2_003615.es.wav,el próximo jueves | next_day('thursday')
fechas2/train/fechas2_003616.es.wav,el siguiente jueves | next_day('thursday')
fechas2/train/fechas2_003617.es.wav,en tres días por favor | relative_day(+3)
fechas2/train/fechas2_003618.es.wav,pasado mañana gracias | relative_day(+2)
fechas2/train/fechas2_003619.es.wav,el martes | next_day('tuesday')
fechas2/train/fechas2_003620.es.wav,en tres días | relative_day(+3)
fechas2/train/fechas2_003621.es.wav,el próximo jueves gracias | next_day('thursday')
fechas2/train/fechas2_003622.es.wav,por favor el miércoles que viene | next_day('wednesday')
fechas2/train/fechas2_003623.es.wav,este lunes | next_day('monday')
fechas2/train/fechas2_003624.es.wav,el lunes | next_day('monday')
fechas2/train/fechas2_003625.es.wav,por favor este martes que viene | next_day('tuesday')
fechas2/train/fechas2_003626.es.wav,el próximo miércoles gracias | next_day('wednesday')
fechas2/train/fechas2_003627.es.wav,en tres días gracias | relative_day(+3)
fechas2/train/fechas2_003628.es.wav,este martes próximo | next_day('tuesday')
fechas2/train/fechas2_003629.es.wav,el jueves siguiente | next_day('thursday')
fechas2/train/fechas2_003630.es.wav,este lunes siguiente gracias | next_day('monday')
fechas2/train/fechas2_003631.es.wav,este viernes próximo | next_day('friday')
fechas2/train/fechas2_003632.es.wav,por favor este viernes próximo | next_day('friday')
fechas2/train/fechas2_003633.es.wav,el miércoles | next_day('wednesday')
fechas2/train/fechas2_003634.es.wav,el lunes | next_day('monday')
fechas2/train/fechas2_003635.es.wav,este martes que viene | next_day('tuesday')
fechas2/train/fechas2_003636.es.wav,el próximo miércoles gracias | next_day('wednesday')
fechas2/train/fechas2_003637.es.wav,el viernes | next_day('friday')
fechas2/train/fechas2_003638.es.wav,el próximo viernes gracias | next_day('friday')
fechas2/train/fechas2_003639.es.wav,el próximo jueves | next_day('thursday')
fechas2/train/fechas2_003640.es.wav,el siguiente miércoles por favor | next_day('wednesday')
fechas2/train/fechas2_003641.es.wav,en tres días gracias | relative_day(+3)
fechas2/train/fechas2_003642.es.wav,en un par de días por favor | relative_day(+2)
fechas2/train/fechas2_003643.es.wav,este lunes | next_day('monday')
fechas2/train/fechas2_003644.es.wav,el próximo miércoles | next_day('wednesday')
fechas2/train/fechas2_003645.es.wav,el viernes gracias | next_day('friday')
fechas2/train/fechas2_003646.es.wav,este viernes próximo | next_day('friday')
fechas2/train/fechas2_003647.es.wav,el próximo lunes gracias | next_day('monday')
fechas2/train/fechas2_003648.es.wav,el siguiente lunes gracias | next_day('monday')
fechas2/train/fechas2_003649.es.wav,este martes | next_day('tuesday')
fechas2/train/fechas2_003650.es.wav,este martes | next_day('tuesday')
fechas2/train/fechas2_003651.es.wav,el siguiente lunes | next_day('monday')
fechas2/train/fechas2_003652.es.wav,pasado mañana | relative_day(+2)
fechas2/train/fechas2_003653.es.wav,en un par de días | relative_day(+2)
fechas2/train/fechas2_003654.es.wav,este martes | next_day('tuesday')
fechas2/train/fechas2_003655.es.wav,pasado mañana por favor | relative_day(+2)
fechas2/train/fechas2_003656.es.wav,el lunes siguiente | next_day('monday')
fechas2/train/fechas2_003657.es.wav,este viernes | next_day('friday')
fechas2/train/fechas2_003658.es.wav,pasado mañana | relative_day(+2)
fechas2/train/fechas2_003659.es.wav,el siguiente lunes gracias | next_day('monday')
fechas2/train/fechas2_003660.es.wav,en tres días gracias | relative_day(+3)
fechas2/train/fechas2_003661.es.wav,este martes próximo | next_day('tuesday')
fechas2/train/fechas2_003662.es.wav,este martes | next_day('tuesday')
fechas2/train/fechas2_003663.es.wav,por favor este jueves | next_day('thursday')
fechas2/train/fechas2_003664.es.wav,el miércoles siguiente | next_day('wednesday')
fechas2/train/fechas2_003665.es.wav,el siguiente jueves | next_day('thursday')
fechas2/train/fechas2_003666.es.wav,el siguiente lunes | next_day('monday')
fechas2/train/fechas2_003667.es.wav,por favor este viernes siguiente | next_day('friday')
fechas2/train/fechas2_003668.es.wav,el siguiente jueves | next_day('thursday')
fechas2/train/fechas2_003669.es.wav,en tres días gracias | relative_day(+3)
fechas2/train/fechas2_003670.es.wav,este martes siguiente | next_day('tuesday')
fechas2/train/fechas2_003671.es.wav,el viernes | next_day('friday')
fechas2/train/fechas2_003672.es.wav,el martes próximo | next_day('tuesday')
fechas2/train/fechas2_003673.es.wav,pasado mañana | relative_day(+2)
fechas2/train/fechas2_003674.es.wav,pasado mañana | relative_day(+2)
fechas2/train/fechas2_003675.es.wav,pasado mañana por favor | relative_day(+2)
fechas2/train/fechas2_003676.es.wav,el miércoles gracias | next_day('wednesday')
fechas2/train/fechas2_003677.es.wav,este lunes | next_day('monday')
fechas2/train/fechas2_003678.es.wav,este lunes gracias | next_day('monday')
fechas2/train/fechas2_003679.es.wav,por favor este viernes | next_day('friday')
fechas2/train/fechas2_003680.es.wav,este martes que viene | next_day('tuesday')
fechas2/train/fechas2_003681.es.wav,en un par de días | relative_day(+2)
fechas2/train/fechas2_003682.es.wav,el siguiente jueves gracias | next_day('thursday')
fechas2/train/fechas2_003683.es.wav,el siguiente martes | next_day('tuesday')
fechas2/train/fechas2_003684.es.wav,por favor el próximo miércoles | next_day('wednesday')
fechas2/train/fechas2_003685.es.wav,el próximo viernes | next_day('friday')
fechas2/train/fechas2_003686.es.wav,por favor este martes que viene | next_day('tuesday')
fechas2/train/fechas2_003687.es.wav,el siguiente viernes gracias | next_day('friday')
fechas2/train/fechas2_003688.es.wav,este lunes siguiente | next_day('monday')
fechas2/train/fechas2_003689.es.wav,por favor el siguiente martes | next_day('tuesday')
fechas2/train/fechas2_003690.es.wav,este martes próximo | next_day('tuesday')
fechas2/train/fechas2_003691.es.wav,el próximo miércoles gracias | next_day('wednesday')
fechas2/train/fechas2_003692.es.wav,pasado mañana | relative_day(+2)
fechas2/train/fechas2_003693.es.wav,el próximo martes | next_day('tuesday')
fechas2/train/fechas2_003694.es.wav,por favor pasado mañana | relative_day(+2)
fechas2/train/fechas2_003695.es.wav,el miércoles | next_day('wednesday')
fechas2/train/fechas2_003696.es.wav,por favor en un par de días | relative_day(+2)
fechas2/train/fechas2_003697.es.wav,el próximo lunes | next_day('monday')
fechas2/train/fechas2_003698.es.wav,el miércoles gracias | next_day('wednesday')
fechas2/train/fechas2_003699.es.wav,en un par de días gracias | relative_day(+2)
fechas2/train/fechas2_003700.es.wav,por favor el miércoles | next_day('wednesday')
fechas2/train/fechas2_003701.es.wav,el miércoles | next_day('wednesday')
fechas2/train/fechas2_003702.es.wav,el próximo miércoles por favor | next_day('wednesday')
fechas2/train/fechas2_003703.es.wav,mañana | relative_day(+1)
fechas2/train/fechas2_003704.es.wav,en tres días | relative_day(+3)
fechas2/train/fechas2_003705.es.wav,el miércoles por favor | next_day('wednesday')
fechas2/train/fechas2_003706.es.wav,este miércoles gracias | next_day('wednesday')
fechas2/train/fechas2_003707.es.wav,este lunes | next_day('monday')
fechas2/train/fechas2_003708.es.wav,el próximo viernes | next_day('friday')
fechas2/train/fechas2_003709.es.wav,este viernes que viene | next_day('friday')
fechas2/train/fechas2_003710.es.wav,este jueves | next_day('thursday')
fechas2/train/fechas2_003711.es.wav,el próximo miércoles por favor | next_day('wednesday')
fechas2/train/fechas2_003712.es.wav,por favor el lunes próximo | next_day('monday')
fechas2/train/fechas2_003713.es.wav,mañana gracias | relative_day(+1)
fechas2/train/fechas2_003714.es.wav,mañana | relative_day(+1)
fechas2/train/fechas2_003715.es.wav,en un par de días | relative_day(+2)
fechas2/train/fechas2_003716.es.wav,el lunes próximo | next_day('monday')
fechas2/train/fechas2_003717.es.wav,el lunes que viene | next_day('monday')
fechas2/train/fechas2_003718.es.wav,en tres días | relative_day(+3)
fechas2/train/fechas2_003719.es.wav,este martes que viene | next_day('tuesday')
fechas2/train/fechas2_003720.es.wav,este viernes | next_day('friday')
fechas2/train/fechas2_003721.es.wav,en un par de días | relative_day(+2)
fechas2/train/fechas2_003722.es.wav,el martes | next_day('tuesday')
fechas2/train/fechas2_003723.es.wav,en tres días | relative_day(+3)
fechas2/train/fechas2_003724.es.wav,el viernes próximo gracias | next_day('friday')
fechas2/train/fechas2_003725.es.wav,el próximo lunes | next_day('monday')
fechas2/train/fechas2_003726.es.wav,este lunes por favor | next_day('monday')
fechas2/train/fechas2_003727.es.wav,en tres días | relative_day(+3)
fechas2/train/fechas2_003728.es.wav,en tres días | relative_day(+3)
fechas2/train/fechas2_003729.es.wav,por favor el próximo viernes | next_day('friday')
fechas2/train/fechas2_003730.es.wav,el viernes | next_day('friday')
fechas2/train/fechas2_003731.es.wav,este miércoles | next_day('wednesday')
fechas2/train/fechas2_003732.es.wav,este lunes gracias | next_day('monday')
fechas2/train/fechas2_003733.es.wav,el siguiente lunes | next_day('monday')
fechas2/train/fechas2_003734.es.wav,el jueves | next_day('thursday')
fechas2/train/fechas2_003735.es.wav,en un par de días gracias | relative_day(+2)
fechas2/train/fechas2_003736.es.wav,en un par de días | relative_day(+2)
fechas2/train/fechas2_003737.es.wav,en tres días | relative_day(+3)
fechas2/train/fechas2_003738.es.wav,por favor este jueves | next_day('thursday')
fechas2/train/fechas2_003739.es.wav,por favor el próximo jueves | next_day('thursday')
fechas2/train/fechas2_003740.es.wav,el miércoles gracias | next_day('wednesday')
fechas2/train/fechas2_003741.es.wav,por favor en un par de días | relative_day(+2)
fechas2/train/fechas2_003742.es.wav,el próximo lunes | next_day('monday')
fechas2/train/fechas2_003743.es.wav,el viernes siguiente | next_day('friday')
fechas2/train/fechas2_003744.es.wav,el viernes siguiente | next_day('friday')
fechas2/train/fechas2_003745.es.wav,en tres días | relative_day(+3)
fechas2/train/fechas2_003746.es.wav,este martes | next_day('tuesday')
fechas2/train/fechas2_003747.es.wav,este lunes | next_day('monday')
fechas2/train/fechas2_003748.es.wav,pasado mañana | relative_day(+2)
fechas2/train/fechas2_003749.es.wav,este lunes próximo | next_day('monday')
fechas2/train/fechas2_003750.es.wav,este miércoles | next_day('wednesday')
fechas2/train/fechas2_003751.es.wav,el viernes siguiente | next_day('friday')
fechas2/train/fechas2_003752.es.wav,por favor este lunes | next_day('monday')
fechas2/train/fechas2_003753.es.wav,el próximo viernes | next_day('friday')
fechas2/train/fechas2_003754.es.wav,el lunes por favor | next_day('monday')
fechas2/train/fechas2_003755.es.wav,en tres días gracias | relative_day(+3)
fechas2/train/fechas2_003756.es.wav,por favor el próximo lunes | next_day('monday')
fechas2/train/fechas2_003757.es.wav,por favor este miércoles próximo | next_day('wednesday')
fechas2/train/fechas2_003758.es.wav,el próximo jueves | next_day('thursday')
fechas2/train/fechas2_003759.es.wav,en tres días por favor | relative_day(+3)
fechas2/train/fechas2_003760.es.wav,por favor en tres días | relative_day(+3)
fechas2/train/fechas2_003761.es.wav,mañana gracias | relative_day(+1)
fechas2/train/fechas2_003762.es.wav,este viernes que viene gracias | next_day('friday')
fechas2/train/fechas2_003763.es.wav,en un par de días gracias | relative_day(+2)
fechas2/train/fechas2_003764.es.wav,este jueves siguiente | next_day('thursday')
fechas2/train/fechas2_003765.es.wav,el próximo martes | next_day('tuesday')
fechas2/train/fechas2_003766.es.wav,este jueves siguiente | next_day('thursday')
fechas2/train/fechas2_003767.es.wav,el siguiente martes por favor | next_day('tuesday')
fechas2/train/fechas2_003768.es.wav,este martes que viene por favor | next_day('tuesday')
fechas2/train/fechas2_003769.es.wav,este jueves gracias | next_day('thursday')
fechas2/train/fechas2_003770.es.wav,el próximo miércoles por favor | next_day('wednesday')
fechas2/train/fechas2_003771.es.wav,el próximo martes | next_day('tuesday')
fechas2/train/fechas2_003772.es.wav,el siguiente martes | next_day('tuesday')
fechas2/train/fechas2_003773.es.wav,mañana | relative_day(+1)
fechas2/train/fechas2_003774.es.wav,este miércoles | next_day('wednesday')
fechas2/train/fechas2_003775.es.wav,el siguiente miércoles | next_day('wednesday')
fechas2/train/fechas2_003776.es.wav,este jueves que viene | next_day('thursday')
fechas2/train/fechas2_003777.es.wav,este lunes | next_day('monday')
fechas2/train/fechas2_003778.es.wav,por favor el miércoles | next_day('wednesday')
fechas2/train/fechas2_003779.es.wav,este jueves por favor | next_day('thursday')
fechas2/train/fechas2_003780.es.wav,por favor este miércoles siguiente | next_day('wednesday')
fechas2/train/fechas2_003781.es.wav,el próximo viernes | next_day('friday')
fechas2/train/fechas2_003782.es.wav,este martes | next_day('tuesday')
fechas2/train/fechas2_003783.es.wav,el lunes | next_day('monday')
fechas2/train/fechas2_003784.es.wav,en tres días gracias | relative_day(+3)
fechas2/train/fechas2_003785.es.wav,este jueves gracias | next_day('thursday')
fechas2/train/fechas2_003786.es.wav,por favor el siguiente miércoles | next_day('wednesday')
fechas2/train/fechas2_003787.es.wav,el próximo miércoles | next_day('wednesday')
fechas2/train/fechas2_003788.es.wav,pasado mañana | relative_day(+2)
fechas2/train/fechas2_003789.es.wav,este miércoles siguiente gracias | next_day('wednesday')
fechas2/train/fechas2_003790.es.wav,mañana | relative_day(+1)
fechas2/train/fechas2_003791.es.wav,este martes próximo | next_day('tuesday')
fechas2/train/fechas2_003792.es.wav,el lunes | next_day('monday')
fechas2/train/fechas2_003793.es.wav,el martes próximo | next_day('tuesday')
fechas2/train/fechas2_003794.es.wav,en un par de días | relative_day(+2)
fechas2/train/fechas2_003795.es.wav,el lunes | next_day('monday')
fechas2/train/fechas2_003796.es.wav,este jueves | next_day('thursday')
fechas2/train/fechas2_003797.es.wav,este martes | next_day('tuesday')
fechas2/train/fechas2_003798.es.wav,en tres días por favor | relative_day(+3)
fechas2/train/fechas2_003799.es.wav,este martes próximo por favor | next_day('tuesday')
fechas2/train/fechas2_003800.es.wav,pasado mañana | relative_day(+2)
fechas2/train/fechas2_003801.es.wav,pasado mañana gracias | relative_day(+2)
fechas2/train/fechas2_003802.es.wav,por favor el martes próximo | next_day('tuesday')
fechas2/train/fechas2_003803.es.wav,este viernes gracias | next_day('friday')
fechas2/train/fechas2_003804.es.wav,este viernes | next_day('friday')
fechas2/train/fechas2_003805.es.wav,este martes por favor | next_day('tuesday')
fechas2/train/fechas2_003806.es.wav,en un par de días | relative_day(+2)
fechas2/train/fechas2_003807.es.wav,el lunes siguiente | next_day('monday')
fechas2/train/fechas2_003808.es.wav,el próximo viernes por favor | next_day('friday')
fechas2/train/fechas2_003809.es.wav,este miércoles que viene | next_day('wednesday')
fechas2/train/fechas2_003810.es.wav,el jueves | next_day('thursday')
fechas2/train/fechas2_003811.es.wav,mañana | relative_day(+1)
fechas2/train/fechas2_003812.es.wav,por favor en tres días | relative_day(+3)
fechas2/train/fechas2_003813.es.wav,el martes próximo | next_day('tuesday')
fechas2/train/fechas2_003814.es.wav,el próximo viernes | next_day('friday')
fechas2/train/fechas2_003815.es.wav,el siguiente lunes gracias | next_day('monday')
fechas2/train/fechas2_003816.es.wav,en un par de días | relative_day(+2)
fechas2/train/fechas2_003817.es.wav,el martes | next_day('tuesday')
fechas2/train/fechas2_003818.es.wav,el lunes siguiente | next_day('monday')
fechas2/train/fechas2_003819.es.wav,en tres días gracias | relative_day(+3)
fechas2/train/fechas2_003820.es.wav,el próximo jueves | next_day('thursday')
fechas2/train/fechas2_003821.es.wav,en un par de días gracias | relative_day(+2)
fechas2/train/fechas2_003822.es.wav,el jueves siguiente | next_day('thursday')
fechas2/train/fechas2_003823.es.wav,en un par de días gracias | relative_day(+2)
fechas2/train/fechas2_003824.es.wav,el jueves próximo por favor | next_day('thursday')
fechas2/train/fechas2_003825.es.wav,el martes siguiente | next_day('tuesday')
fechas2/train/fechas2_003826.es.wav,este viernes | next_day('friday')
fechas2/train/fechas2_003827.es.wav,mañana por favor | relative_day(+1)
fechas2/train/fechas2_003828.es.wav,el siguiente jueves | next_day('thursday')
fechas2/train/fechas2_003829.es.wav,pasado mañana por favor | relative_day(+2)
fechas2/train/fechas2_003830.es.wav,el martes próximo | next_day('tuesday')
fechas2/train/fechas2_003831.es.wav,el próximo miércoles gracias | next_day('wednesday')
fechas2/train/fechas2_003832.es.wav,en tres días | relative_day(+3)
fechas2/train/fechas2_003833.es.wav,el siguiente jueves gracias | next_day('thursday')
fechas2/train/fechas2_003834.es.wav,por favor el siguiente miércoles | next_day('wednesday')
fechas2/train/fechas2_003835.es.wav,este miércoles próximo gracias | next_day('wednesday')
fechas2/train/fechas2_003836.es.wav,este viernes gracias | next_day('friday')
fechas2/train/fechas2_003837.es.wav,este jueves | next_day('thursday')
fechas2/train/fechas2_003838.es.wav,en un par de días por favor | relative_day(+2)
fechas2/train/fechas2_003839.es.wav,por favor el viernes que viene | next_day('friday')
fechas2/train/fechas2_003840.es.wav,este martes gracias | next_day('tuesday')
fechas2/train/fechas2_003841.es.wav,en un par de días | relative_day(+2)
fechas2/train/fechas2_003842.es.wav,este jueves próximo | next_day('thursday')
fechas2/train/fechas2_003843.es.wav,el próximo martes por favor | next_day('tuesday')
fechas2/train/fechas2_003844.es.wav,el martes | next_day('tuesday')
fechas2/train/fechas2_003845.es.wav,por favor el siguiente miércoles | next_day('wednesday')
fechas2/train/fechas2_003846.es.wav,el siguiente lunes gracias | next_day('monday')
fechas2/train/fechas2_003847.es.wav,este jueves que viene | next_day('thursday')
fechas2/train/fechas2_003848.es.wav,por favor el lunes que viene | next_day('monday')
fechas2/train/fechas2_003849.es.wav,el próximo martes | next_day('tuesday')
fechas2/train/fechas2_003850.es.wav,el viernes | next_day('friday')
fechas2/train/fechas2_003851.es.wav,el martes por favor | next_day('tuesday')
fechas2/train/fechas2_003852.es.wav,este miércoles que viene | next_day('wednesday')
fechas2/train/fechas2_003853.es.wav,por favor el miércoles | next_day('wednesday')
fechas2/train/fechas2_003854.es.wav,el siguiente jueves por favor | next_day('thursday')
fechas2/train/fechas2_003855.es.wav,el lunes por favor | next_day('monday')
fechas2/train/fechas2_003856.es.wav,el próximo viernes | next_day('friday')
fechas2/train/fechas2_003857.es.wav,el próximo martes | next_day('tuesday')
fechas2/train/fechas2_003858.es.wav,el jueves | next_day('thursday')
fechas2/train/fechas2_003859.es.wav,este viernes que viene gracias | next_day('friday')
fechas2/train/fechas2_003860.es.wav,el jueves | next_day('thursday')
fechas2/train/fechas2_003861.es.wav,por favor el siguiente miércoles | next_day('wednesday')
fechas2/train/fechas2_003862.es.wav,este miércoles | next_day('wednesday')
fechas2/train/fechas2_003863.es.wav,el próximo jueves por favor | next_day('thursday')
fechas2/train/fechas2_003864.es.wav,por favor el siguiente lunes | next_day('monday')
fechas2/train/fechas2_003865.es.wav,por favor el próximo miércoles | next_day('wednesday')
fechas2/train/fechas2_003866.es.wav,por favor este martes | next_day('tuesday')
fechas2/train/fechas2_003867.es.wav,el miércoles que viene gracias | next_day('wednesday')
fechas2/train/fechas2_003868.es.wav,el viernes | next_day('friday')
fechas2/train/fechas2_003869.es.wav,por favor este lunes siguiente | next_day('monday')
fechas2/train/fechas2_003870.es.wav,en un par de días | relative_day(+2)
fechas2/train/fechas2_003871.es.wav,el martes | next_day('tuesday')
fechas2/train/fechas2_003872.es.wav,este miércoles | next_day('wednesday')
fechas2/train/fechas2_003873.es.wav,este lunes | next_day('monday')
fechas2/train/fechas2_003874.es.wav,en un par de días | relative_day(+2)
fechas2/train/fechas2_003875.es.wav,el miércoles que viene | next_day('wednesday')
fechas2/train/fechas2_003876.es.wav,este miércoles gracias | next_day('wednesday')
fechas2/train/fechas2_003877.es.wav,este miércoles siguiente | next_day('wednesday')
fechas2/train/fechas2_003878.es.wav,el miércoles | next_day('wednesday')
fechas2/train/fechas2_003879.es.wav,por favor en tres días | relative_day(+3)
fechas2/train/fechas2_003880.es.wav,el lunes siguiente | next_day('monday')
fechas2/train/fechas2_003881.es.wav,el jueves | next_day('thursday')
fechas2/train/fechas2_003882.es.wav,el jueves gracias | next_day('thursday')
fechas2/train/fechas2_003883.es.wav,el jueves | next_day('thursday')
fechas2/train/fechas2_003884.es.wav,este martes | next_day('tuesday')
fechas2/train/fechas2_003885.es.wav,el martes | next_day('tuesday')
fechas2/train/fechas2_003886.es.wav,el siguiente jueves | next_day('thursday')
fechas2/train/fechas2_003887.es.wav,en un par de días gracias | relative_day(+2)
fechas2/train/fechas2_003888.es.wav,el miércoles que viene por favor | next_day('wednesday')
fechas2/train/fechas2_003889.es.wav,este viernes gracias | next_day('friday')
fechas2/train/fechas2_003890.es.wav,el siguiente lunes gracias | next_day('monday')
fechas2/train/fechas2_003891.es.wav,este miércoles próximo | next_day('wednesday')
fechas2/train/fechas2_003892.es.wav,por favor el próximo jueves | next_day('thursday')
fechas2/train/fechas2_003893.es.wav,en un par de días por favor | relative_day(+2)
fechas2/train/fechas2_003894.es.wav,este jueves | next_day('thursday')
fechas2/train/fechas2_003895.es.wav,este jueves que viene por favor | next_day('thursday')
fechas2/train/fechas2_003896.es.wav,este jueves que viene | next_day('thursday')
fechas2/train/fechas2_003897.es.wav,el jueves siguiente | next_day('thursday')
fechas2/train/fechas2_003898.es.wav,el próximo viernes | next_day('friday')
fechas2/train/fechas2_003899.es.wav,el próximo viernes | next_day('friday')
fechas2/train/fechas2_003900.es.wav,por favor el viernes próximo | next_day('friday')
fechas2/train/fechas2_003901.es.wav,el viernes | next_day('friday')
fechas2/train/fechas2_003902.es.wav,este viernes próximo gracias | next_day('friday')
fechas2/train/fechas2_003903.es.wav,el lunes próximo | next_day('monday')
fechas2/train/fechas2_003904.es.wav,por favor pasado mañana | relative_day(+2)
fechas2/train/fechas2_003905.es.wav,por favor el siguiente martes | next_day('tuesday')
fechas2/train/fechas2_003906.es.wav,pasado mañana | relative_day(+2)
fechas2/train/fechas2_003907.es.wav,este jueves | next_day('thursday')
fechas2/train/fechas2_003908.es.wav,el siguiente miércoles gracias | next_day('wednesday')
fechas2/train/fechas2_003909.es.wav,el jueves por favor | next_day('thursday')
fechas2/train/fechas2_003910.es.wav,el próximo miércoles | next_day('wednesday')
fechas2/train/fechas2_003911.es.wav,el próximo miércoles por favor | next_day('wednesday')
fechas2/train/fechas2_003912.es.wav,por favor este viernes siguiente | next_day('friday')
fechas2/train/fechas2_003913.es.wav,el lunes por favor | next_day('monday')
fechas2/train/fechas2_003914.es.wav,en tres días | relative_day(+3)
fechas2/train/fechas2_003915.es.wav,este miércoles próximo | next_day('wednesday')
fechas2/train/fechas2_003916.es.wav,el viernes siguiente gracias | next_day('friday')
fechas2/train/fechas2_003917.es.wav,por favor el próximo viernes | next_day('friday')
fechas2/train/fechas2_003918.es.wav,en un par de días | relative_day(+2)
fechas2/train/fechas2_003919.es.wav,este martes | next_day('tuesday')
fechas2/train/fechas2_003920.es.wav,este miércoles | next_day('wednesday')
fechas2/train/fechas2_003921.es.wav,el próximo miércoles por favor | next_day('wednesday')
fechas2/train/fechas2_003922.es.wav,este martes por favor | next_day('tuesday')
fechas2/train/fechas2_003923.es.wav,este miércoles | next_day('wednesday')
fechas2/train/fechas2_003924.es.wav,por favor el próximo miércoles | next_day('wednesday')
fechas2/train/fechas2_003925.es.wav,este jueves gracias | next_day('thursday')
fechas2/train/fechas2_003926.es.wav,este lunes próximo | next_day('monday')
fechas2/train/fechas2_003927.es.wav,el lunes | next_day('monday')
fechas2/train/fechas2_003928.es.wav,en tres días por favor | relative_day(+3)
fechas2/train/fechas2_003929.es.wav,mañana por favor | relative_day(+1)
fechas2/train/fechas2_003930.es.wav,el siguiente martes | next_day('tuesday')
fechas2/train/fechas2_003931.es.wav,el miércoles siguiente | next_day('wednesday')
fechas2/train/fechas2_003932.es.wav,este viernes que viene | next_day('friday')
fechas2/train/fechas2_003933.es.wav,el próximo lunes | next_day('monday')
fechas2/train/fechas2_003934.es.wav,por favor este jueves | next_day('thursday')
fechas2/train/fechas2_003935.es.wav,este miércoles por favor | next_day('wednesday')
fechas2/train/fechas2_003936.es.wav,el siguiente martes por favor | next_day('tuesday')
fechas2/train/fechas2_003937.es.wav,este jueves | next_day('thursday')
fechas2/train/fechas2_003938.es.wav,en un par de días por favor | relative_day(+2)
fechas2/train/fechas2_003939.es.wav,por favor este viernes siguiente | next_day('friday')
fechas2/train/fechas2_003940.es.wav,el siguiente miércoles | next_day('wednesday')
fechas2/train/fechas2_003941.es.wav,el siguiente miércoles | next_day('wednesday')
fechas2/train/fechas2_003942.es.wav,mañana | relative_day(+1)
fechas2/train/fechas2_003943.es.wav,el lunes siguiente gracias | next_day('monday')
fechas2/train/fechas2_003944.es.wav,pasado mañana | relative_day(+2)
fechas2/train/fechas2_003945.es.wav,por favor mañana | relative_day(+1)
fechas2/train/fechas2_003946.es.wav,en tres días | relative_day(+3)
fechas2/train/fechas2_003947.es.wav,el lunes | next_day('monday')
fechas2/train/fechas2_003948.es.wav,el martes que viene gracias | next_day('tuesday')
fechas2/train/fechas2_003949.es.wav,el martes | next_day('tuesday')
fechas2/train/fechas2_003950.es.wav,el lunes siguiente | next_day('monday')
fechas2/train/fechas2_003951.es.wav,el martes | next_day('tuesday')
fechas2/train/fechas2_003952.es.wav,el jueves siguiente | next_day('thursday')
fechas2/train/fechas2_003953.es.wav,el martes próximo | next_day('tuesday')
fechas2/train/fechas2_003954.es.wav,el próximo martes gracias | next_day('tuesday')
fechas2/train/fechas2_003955.es.wav,en tres días | relative_day(+3)
fechas2/train/fechas2_003956.es.wav,este jueves | next_day('thursday')
fechas2/train/fechas2_003957.es.wav,este martes | next_day('tuesday')
fechas2/train/fechas2_003958.es.wav,el jueves próximo | next_day('thursday')
fechas2/train/fechas2_003959.es.wav,el siguiente martes por favor | next_day('tuesday')
fechas2/train/fechas2_003960.es.wav,el viernes | next_day('friday')
fechas2/train/fechas2_003961.es.wav,en tres días gracias | relative_day(+3)
fechas2/train/fechas2_003962.es.wav,el próximo jueves | next_day('thursday')
fechas2/train/fechas2_003963.es.wav,el próximo viernes | next_day('friday')
fechas2/train/fechas2_003964.es.wav,el siguiente lunes | next_day('monday')
fechas2/train/fechas2_003965.es.wav,el próximo jueves | next_day('thursday')
fechas2/train/fechas2_003966.es.wav,el martes por favor | next_day('tuesday')
fechas2/train/fechas2_003967.es.wav,en tres días por favor | relative_day(+3)
fechas2/train/fechas2_003968.es.wav,el lunes que viene gracias | next_day('monday')
fechas2/train/fechas2_003969.es.wav,el miércoles próximo | next_day('wednesday')
fechas2/train/fechas2_003970.es.wav,el siguiente lunes | next_day('monday')
fechas2/train/fechas2_003971.es.wav,en tres días | relative_day(+3)
fechas2/train/fechas2_003972.es.wav,este lunes | next_day('monday')
fechas2/train/fechas2_003973.es.wav,el viernes | next_day('friday')
fechas2/train/fechas2_003974.es.wav,en un par de días por favor | relative_day(+2)
fechas2/train/fechas2_003975.es.wav,este jueves | next_day('thursday')
fechas2/train/fechas2_003976.es.wav,el lunes | next_day('monday')
fechas2/train/fechas2_003977.es.wav,pasado mañana | relative_day(+2)
fechas2/train/fechas2_003978.es.wav,este jueves por favor | next_day('thursday')
fechas2/train/fechas2_003979.es.wav,por favor este viernes que viene | next_day('friday')
fechas2/train/fechas2_003980.es.wav,el siguiente martes | next_day('tuesday')
fechas2/train/fechas2_003981.es.wav,pasado mañana | relative_day(+2)
fechas2/train/fechas2_003982.es.wav,en un par de días | relative_day(+2)
fechas2/train/fechas2_003983.es.wav,este lunes por favor | next_day('monday')
fechas2/train/fechas2_003984.es.wav,por favor el viernes | next_day('friday')
fechas2/train/fechas2_003985.es.wav,este miércoles | next_day('wednesday')
fechas2/train/fechas2_003986.es.wav,este miércoles por favor | next_day('wednesday')
fechas2/train/fechas2_003987.es.wav,este martes próximo por favor | next_day('tuesday')
fechas2/train/fechas2_003988.es.wav,este lunes gracias | next_day('monday')
fechas2/train/fechas2_003989.es.wav,el siguiente miércoles por favor | next_day('wednesday')
fechas2/train/fechas2_003990.es.wav,pasado mañana | relative_day(+2)
fechas2/train/fechas2_003991.es.wav,este miércoles | next_day('wednesday')
fechas2/train/fechas2_003992.es.wav,el martes por favor | next_day('tuesday')
fechas2/train/fechas2_003993.es.wav,mañana | relative_day(+1)
fechas2/train/fechas2_003994.es.wav,por favor pasado mañana | relative_day(+2)
fechas2/train/fechas2_003995.es.wav,el siguiente jueves | next_day('thursday')
fechas2/train/fechas2_003996.es.wav,en tres días | relative_day(+3)
fechas2/train/fechas2_003997.es.wav,en un par de días gracias | relative_day(+2)
fechas2/train/fechas2_003998.es.wav,pasado mañana gracias | relative_day(+2)
fechas2/train/fechas2_003999.es.wav,por favor pasado mañana | relative_day(+2)
fechas2/train/fechas2_004000.es.wav,el siguiente lunes | next_day('monday')
fechas2/train/fechas2_004001.es.wav,este viernes gracias | next_day('friday')
fechas2/train/fechas2_004002.es.wav,el próximo jueves | next_day('thursday')
fechas2/train/fechas2_004003.es.wav,el siguiente miércoles | next_day('wednesday')
fechas2/train/fechas2_004004.es.wav,este martes | next_day('tuesday')
fechas2/train/fechas2_004005.es.wav,este martes que viene por favor | next_day('tuesday')
fechas2/train/fechas2_004006.es.wav,el siguiente lunes gracias | next_day('monday')
fechas2/train/fechas2_004007.es.wav,este lunes gracias | next_day('monday')
fechas2/train/fechas2_004008.es.wav,este lunes | next_day('monday')
fechas2/train/fechas2_004009.es.wav,en tres días | relative_day(+3)
fechas2/train/fechas2_004010.es.wav,por favor el próximo lunes | next_day('monday')
fechas2/train/fechas2_004011.es.wav,el siguiente lunes | next_day('monday')
fechas2/train/fechas2_004012.es.wav,en tres días gracias | relative_day(+3)
fechas2/train/fechas2_004013.es.wav,en tres días | relative_day(+3)
fechas2/train/fechas2_004014.es.wav,por favor el próximo lunes | next_day('monday')
fechas2/train/fechas2_004015.es.wav,pasado mañana por favor | relative_day(+2)
fechas2/train/fechas2_004016.es.wav,en un par de días | relative_day(+2)
fechas2/train/fechas2_004017.es.wav,por favor este viernes | next_day('friday')
fechas2/train/fechas2_004018.es.wav,por favor el martes | next_day('tuesday')
fechas2/train/fechas2_004019.es.wav,este miércoles siguiente | next_day('wednesday')
fechas2/train/fechas2_004020.es.wav,el siguiente miércoles gracias | next_day('wednesday')
fechas2/train/fechas2_004021.es.wav,este jueves próximo | next_day('thursday')
fechas2/train/fechas2_004022.es.wav,por favor el jueves siguiente | next_day('thursday')
fechas2/train/fechas2_004023.es.wav,en un par de días | relative_day(+2)
fechas2/train/fechas2_004024.es.wav,por favor este martes | next_day('tuesday')
fechas2/train/fechas2_004025.es.wav,este lunes siguiente | next_day('monday')
fechas2/train/fechas2_004026.es.wav,mañana | relative_day(+1)
fechas2/train/fechas2_004027.es.wav,en un par de días | relative_day(+2)
fechas2/train/fechas2_004028.es.wav,mañana por favor | relative_day(+1)
fechas2/train/fechas2_004029.es.wav,el miércoles | next_day('wednesday')
fechas2/train/fechas2_004030.es.wav,el próximo miércoles | next_day('wednesday')
fechas2/train/fechas2_004031.es.wav,el siguiente miércoles | next_day('wednesday')
fechas2/train/fechas2_004032.es.wav,el próximo viernes gracias | next_day('friday')
fechas2/train/fechas2_004033.es.wav,este miércoles siguiente por favor | next_day('wednesday')
fechas2/train/fechas2_004034.es.wav,en tres días gracias | relative_day(+3)
fechas2/train/fechas2_004035.es.wav,en tres días | relative_day(+3)
fechas2/train/fechas2_004036.es.wav,pasado mañana | relative_day(+2)
fechas2/train/fechas2_004037.es.wav,el martes que viene | next_day('tuesday')
fechas2/train/fechas2_004038.es.wav,por favor el siguiente miércoles | next_day('wednesday')
fechas2/train/fechas2_004039.es.wav,en tres días | relative_day(+3)
fechas2/train/fechas2_004040.es.wav,en tres días | relative_day(+3)
fechas2/train/fechas2_004041.es.wav,el jueves gracias | next_day('thursday')
fechas2/train/fechas2_004042.es.wav,el viernes | next_day('friday')
fechas2/train/fechas2_004043.es.wav,en un par de días | relative_day(+2)
fechas2/train/fechas2_004044.es.wav,este martes que viene | next_day('tuesday')
fechas2/train/fechas2_004045.es.wav,por favor el siguiente martes | next_day('tuesday')
fechas2/train/fechas2_004046.es.wav,por favor en un par de días | relative_day(+2)
fechas2/train/fechas2_004047.es.wav,este miércoles | next_day('wednesday')
fechas2/train/fechas2_004048.es.wav,el siguiente miércoles | next_day('wednesday')
fechas2/train/fechas2_004049.es.wav,este viernes | next_day('friday')
fechas2/train/fechas2_004050.es.wav,el jueves siguiente gracias | next_day('thursday')
fechas2/train/fechas2_004051.es.wav,el próximo martes | next_day('tuesday')
fechas2/train/fechas2_004052.es.wav,el lunes | next_day('monday')
fechas2/train/fechas2_004053.es.wav,en tres días gracias | relative_day(+3)
fechas2/train/fechas2_004054.es.wav,por favor el viernes | next_day('friday')
fechas2/train/fechas2_004055.es.wav,mañana | relative_day(+1)
fechas2/train/fechas2_004056.es.wav,este lunes que viene por favor | next_day('monday')
fechas2/train/fechas2_004057.es.wav,en un par de días | relative_day(+2)
fechas2/train/fechas2_004058.es.wav,por favor pasado mañana | relative_day(+2)
fechas2/train/fechas2_004059.es.wav,por favor el siguiente lunes | next_day('monday')
fechas2/train/fechas2_004060.es.wav,pasado mañana | relative_day(+2)
fechas2/train/fechas2_004061.es.wav,en tres días gracias | relative_day(+3)
fechas2/train/fechas2_004062.es.wav,el próximo martes | next_day('tuesday')
fechas2/train/fechas2_004063.es.wav,este viernes siguiente por favor | next_day('friday')
fechas2/train/fechas2_004064.es.wav,pasado mañana | relative_day(+2)
fechas2/train/fechas2_004065.es.wav,el próximo lunes | next_day('monday')
fechas2/train/fechas2_004066.es.wav,por favor en un par de días | relative_day(+2)
fechas2/train/fechas2_004067.es.wav,en tres días | relative_day(+3)
fechas2/train/fechas2_004068.es.wav,el siguiente miércoles por favor | next_day('wednesday')
fechas2/train/fechas2_004069.es.wav,este viernes que viene | next_day('friday')
fechas2/train/fechas2_004070.es.wav,este jueves | next_day('thursday')
fechas2/train/fechas2_004071.es.wav,en un par de días gracias | relative_day(+2)
fechas2/train/fechas2_004072.es.wav,este lunes | next_day('monday')
fechas2/train/fechas2_004073.es.wav,este martes siguiente | next_day('tuesday')
fechas2/train/fechas2_004074.es.wav,mañana | relative_day(+1)
fechas2/train/fechas2_004075.es.wav,el jueves siguiente por favor | next_day('thursday')
fechas2/train/fechas2_004076.es.wav,este lunes siguiente | next_day('monday')
fechas2/train/fechas2_004077.es.wav,este viernes | next_day('friday')
fechas2/train/fechas2_004078.es.wav,el próximo lunes | next_day('monday')
fechas2/train/fechas2_004079.es.wav,por favor el lunes siguiente | next_day('monday')
fechas2/train/fechas2_004080.es.wav,por favor este viernes | next_day('friday')
fechas2/train/fechas2_004081.es.wav,el próximo lunes | next_day('monday')
fechas2/train/fechas2_004082.es.wav,el lunes gracias | next_day('monday')
fechas2/train/fechas2_004083.es.wav,por favor el miércoles | next_day('wednesday')
fechas2/train/fechas2_004084.es.wav,el viernes siguiente por favor | next_day('friday')
fechas2/train/fechas2_004085.es.wav,el siguiente jueves | next_day('thursday')
fechas2/train/fechas2_004086.es.wav,en un par de días por favor | relative_day(+2)
fechas2/train/fechas2_004087.es.wav,el lunes siguiente | next_day('monday')
fechas2/train/fechas2_004088.es.wav,este jueves por favor | next_day('thursday')
fechas2/train/fechas2_004089.es.wav,el próximo jueves | next_day('thursday')
fechas2/train/fechas2_004090.es.wav,por favor este viernes que viene | next_day('friday')
fechas2/train/fechas2_004091.es.wav,en un par de días por favor | relative_day(+2)
fechas2/train/fechas2_004092.es.wav,el lunes | next_day('monday')
fechas2/train/fechas2_004093.es.wav,en un par de días | relative_day(+2)
fechas2/train/fechas2_004094.es.wav,en un par de días | relative_day(+2)
fechas2/train/fechas2_004095.es.wav,este lunes que viene por favor | next_day('monday')
fechas2/train/fechas2_004096.es.wav,por favor el miércoles próximo | next_day('wednesday')
fechas2/train/fechas2_004097.es.wav,este jueves siguiente gracias | next_day('thursday')
fechas2/train/fechas2_004098.es.wav,el viernes que viene | next_day('friday')
fechas2/train/fechas2_004099.es.wav,por favor en un par de días | relative_day(+2)
fechas2/train/fechas2_004100.es.wav,el siguiente martes | next_day('tuesday')
fechas2/train/fechas2_004101.es.wav,el próximo viernes por favor | next_day('friday')
fechas2/train/fechas2_004102.es.wav,el siguiente martes | next_day('tuesday')
fechas2/train/fechas2_004103.es.wav,el lunes | next_day('monday')
fechas2/train/fechas2_004104.es.wav,el lunes siguiente por favor | next_day('monday')
fechas2/train/fechas2_004105.es.wav,el próximo viernes | next_day('friday')
fechas2/train/fechas2_004106.es.wav,el próximo martes | next_day('tuesday')
fechas2/train/fechas2_004107.es.wav,por favor el próximo viernes | next_day('friday')
fechas2/train/fechas2_004108.es.wav,este martes que viene por favor | next_day('tuesday')
fechas2/train/fechas2_004109.es.wav,en un par de días gracias | relative_day(+2)
fechas2/train/fechas2_004110.es.wav,mañana gracias | relative_day(+1)
fechas2/train/fechas2_004111.es.wav,por favor este martes siguiente | next_day('tuesday')
fechas2/train/fechas2_004112.es.wav,el siguiente viernes | next_day('friday')
fechas2/train/fechas2_004113.es.wav,el siguiente viernes | next_day('friday')
fechas2/train/fechas2_004114.es.wav,el próximo jueves | next_day('thursday')
fechas2/train/fechas2_004115.es.wav,el próximo miércoles | next_day('wednesday')
fechas2/train/fechas2_004116.es.wav,el martes siguiente | next_day('tuesday')
fechas2/train/fechas2_004117.es.wav,este viernes próximo por favor | next_day('friday')
fechas2/train/fechas2_004118.es.wav,este lunes por favor | next_day('monday')
fechas2/train/fechas2_004119.es.wav,el próximo lunes | next_day('monday')
fechas2/train/fechas2_004120.es.wav,pasado mañana | relative_day(+2)
fechas2/train/fechas2_004121.es.wav,este viernes | next_day('friday')
fechas2/train/fechas2_004122.es.wav,en un par de días | relative_day(+2)
fechas2/train/fechas2_004123.es.wav,el jueves que viene gracias | next_day('thursday')
fechas2/train/fechas2_004124.es.wav,el siguiente martes | next_day('tuesday')
fechas2/train/fechas2_004125.es.wav,por favor en tres días | relative_day(+3)
fechas2/train/fechas2_004126.es.wav,este lunes próximo gracias | next_day('monday')
fechas2/train/fechas2_004127.es.wav,el martes siguiente | next_day('tuesday')
fechas2/train/fechas2_004128.es.wav,el próximo lunes gracias | next_day('monday')
fechas2/train/fechas2_004129.es.wav,este miércoles próximo | next_day('wednesday')
fechas2/train/fechas2_004130.es.wav,el jueves siguiente | next_day('thursday')
fechas2/train/fechas2_004131.es.wav,mañana | relative_day(+1)
fechas2/train/fechas2_004132.es.wav,este jueves gracias | next_day('thursday')
fechas2/train/fechas2_004133.es.wav,por favor este lunes siguiente | next_day('monday')
fechas2/train/fechas2_004134.es.wav,este martes siguiente | next_day('tuesday')
fechas2/train/fechas2_004135.es.wav,el lunes próximo por favor | next_day('monday')
fechas2/train/fechas2_004136.es.wav,por favor este viernes próximo | next_day('friday')
fechas2/train/fechas2_004137.es.wav,este jueves próximo | next_day('thursday')
fechas2/train/fechas2_004138.es.wav,este martes siguiente | next_day('tuesday')
fechas2/train/fechas2_004139.es.wav,pasado mañana | relative_day(+2)
fechas2/train/fechas2_004140.es.wav,el martes | next_day('tuesday')
fechas2/train/fechas2_004141.es.wav,por favor el miércoles | next_day('wednesday')
fechas2/train/fechas2_004142.es.wav,el siguiente martes gracias | next_day('tuesday')
fechas2/train/fechas2_004143.es.wav,el siguiente martes | next_day('tuesday')
fechas2/train/fechas2_004144.es.wav,este viernes siguiente | next_day('friday')
fechas2/train/fechas2_004145.es.wav,el próximo lunes | next_day('monday')
fechas2/train/fechas2_004146.es.wav,por favor este jueves próximo | next_day('thursday')
fechas2/train/fechas2_004147.es.wav,este lunes siguiente gracias | next_day('monday')
fechas2/train/fechas2_004148.es.wav,en tres días gracias | relative_day(+3)
fechas2/train/fechas2_004149.es.wav,el próximo martes gracias | next_day('tuesday')
fechas2/train/fechas2_004150.es.wav,el próximo miércoles | next_day('wednesday')
fechas2/train/fechas2_004151.es.wav,el viernes | next_day('friday')
fechas2/train/fechas2_004152.es.wav,el próximo jueves | next_day('thursday')
fechas2/train/fechas2_004153.es.wav,en un par de días | relative_day(+2)
fechas2/train/fechas2_004154.es.wav,por favor el próximo viernes | next_day('friday')
fechas2/train/fechas2_004155.es.wav,por favor el martes próximo | next_day('tuesday')
fechas2/train/fechas2_004156.es.wav,el lunes que viene | next_day('monday')
fechas2/train/fechas2_004157.es.wav,el martes por favor | next_day('tuesday')
fechas2/train/fechas2_004158.es.wav,en tres días por favor | relative_day(+3)
fechas2/train/fechas2_004159.es.wav,este viernes que viene por favor | next_day('friday')
fechas2/train/fechas2_004160.es.wav,el jueves siguiente | next_day('thursday')
fechas2/train/fechas2_004161.es.wav,por favor el lunes próximo | next_day('monday')
fechas2/train/fechas2_004162.es.wav,este lunes gracias | next_day('monday')
fechas2/train/fechas2_004163.es.wav,este martes que viene por favor | next_day('tuesday')
fechas2/train/fechas2_004164.es.wav,este lunes gracias | next_day('monday')
fechas2/train/fechas2_004165.es.wav,este viernes | next_day('friday')
fechas2/train/fechas2_004166.es.wav,en tres días | relative_day(+3)
fechas2/train/fechas2_004167.es.wav,el viernes por favor | next_day('friday')
fechas2/train/fechas2_004168.es.wav,por favor en tres días | relative_day(+3)
fechas2/train/fechas2_004169.es.wav,el próximo jueves | next_day('thursday')
fechas2/train/fechas2_004170.es.wav,en un par de días gracias | relative_day(+2)
fechas2/train/fechas2_004171.es.wav,el próximo jueves | next_day('thursday')
fechas2/train/fechas2_004172.es.wav,este viernes | next_day('friday')
fechas2/train/fechas2_004173.es.wav,en tres días | relative_day(+3)
fechas2/train/fechas2_004174.es.wav,por favor este lunes siguiente | next_day('monday')
fechas2/train/fechas2_004175.es.wav,este lunes próximo | next_day('monday')
fechas2/train/fechas2_004176.es.wav,en un par de días | relative_day(+2)
fechas2/train/fechas2_004177.es.wav,pasado mañana por favor | relative_day(+2)
fechas2/train/fechas2_004178.es.wav,este lunes | next_day('monday')
fechas2/train/fechas2_004179.es.wav,el viernes | next_day('friday')
fechas2/train/fechas2_004180.es.wav,mañana | relative_day(+1)
fechas2/train/fechas2_004181.es.wav,el lunes | next_day('monday')
fechas2/train/fechas2_004182.es.wav,por favor el martes que viene | next_day('tuesday')
fechas2/train/fechas2_004183.es.wav,en un par de días | relative_day(+2)
fechas2/train/fechas2_004184.es.wav,por favor el miércoles siguiente | next_day('wednesday')
fechas2/train/fechas2_004185.es.wav,por favor el jueves siguiente | next_day('thursday')
fechas2/train/fechas2_004186.es.wav,en tres días por favor | relative_day(+3)
fechas2/train/fechas2_004187.es.wav,el siguiente jueves | next_day('thursday')
fechas2/train/fechas2_004188.es.wav,en un par de días | relative_day(+2)
fechas2/train/fechas2_004189.es.wav,este martes | next_day('tuesday')
fechas2/train/fechas2_004190.es.wav,por favor el próximo lunes | next_day('monday')
fechas2/train/fechas2_004191.es.wav,el viernes | next_day('friday')
fechas2/train/fechas2_004192.es.wav,por favor en un par de días | relative_day(+2)
fechas2/train/fechas2_004193.es.wav,el jueves siguiente gracias | next_day('thursday')
fechas2/train/fechas2_004194.es.wav,en un par de días | relative_day(+2)
fechas2/train/fechas2_004195.es.wav,el viernes siguiente | next_day('friday')
fechas2/train/fechas2_004196.es.wav,el próximo miércoles | next_day('wednesday')
fechas2/train/fechas2_004197.es.wav,por favor este martes | next_day('tuesday')
fechas2/train/fechas2_004198.es.wav,en tres días | relative_day(+3)
fechas2/train/fechas2_004199.es.wav,el próximo miércoles | next_day('wednesday')
fechas2/train/fechas2_004200.es.wav,el miércoles gracias | next_day('wednesday')
fechas2/train/fechas2_004201.es.wav,el siguiente jueves | next_day('thursday')
fechas2/train/fechas2_004202.es.wav,pasado mañana por favor | relative_day(+2)
fechas2/train/fechas2_004203.es.wav,el martes | next_day('tuesday')
fechas2/train/fechas2_004204.es.wav,en un par de días | relative_day(+2)
fechas2/train/fechas2_004205.es.wav,el siguiente jueves | next_day('thursday')
fechas2/train/fechas2_004206.es.wav,por favor en un par de días | relative_day(+2)
fechas2/train/fechas2_004207.es.wav,pasado mañana | relative_day(+2)
fechas2/train/fechas2_004208.es.wav,el miércoles | next_day('wednesday')
fechas2/train/fechas2_004209.es.wav,este miércoles siguiente gracias | next_day('wednesday')
fechas2/train/fechas2_004210.es.wav,el jueves por favor | next_day('thursday')
fechas2/train/fechas2_004211.es.wav,este martes siguiente gracias | next_day('tuesday')
fechas2/train/fechas2_004212.es.wav,este jueves que viene | next_day('thursday')
fechas2/train/fechas2_004213.es.wav,el martes que viene | next_day('tuesday')
fechas2/train/fechas2_004214.es.wav,el siguiente martes | next_day('tuesday')
fechas2/train/fechas2_004215.es.wav,este martes | next_day('tuesday')
fechas2/train/fechas2_004216.es.wav,el siguiente miércoles | next_day('wednesday')
fechas2/train/fechas2_004217.es.wav,el próximo viernes | next_day('friday')
fechas2/train/fechas2_004218.es.wav,este martes próximo | next_day('tuesday')
fechas2/train/fechas2_004219.es.wav,el viernes | next_day('friday')
fechas2/train/fechas2_004220.es.wav,el viernes por favor | next_day('friday')
fechas2/train/fechas2_004221.es.wav,el martes | next_day('tuesday')
fechas2/train/fechas2_004222.es.wav,el miércoles siguiente por favor | next_day('wednesday')
fechas2/train/fechas2_004223.es.wav,por favor en un par de días | relative_day(+2)
fechas2/train/fechas2_004224.es.wav,el siguiente martes por favor | next_day('tuesday')
fechas2/train/fechas2_004225.es.wav,por favor en un par de días | relative_day(+2)
fechas2/train/fechas2_004226.es.wav,este lunes gracias | next_day('monday')
fechas2/train/fechas2_004227.es.wav,este miércoles próximo gracias | next_day('wednesday')
fechas2/train/fechas2_004228.es.wav,en un par de días | relative_day(+2)
fechas2/train/fechas2_004229.es.wav,el martes | next_day('tuesday')
fechas2/train/fechas2_004230.es.wav,este viernes | next_day('friday')
fechas2/train/fechas2_004231.es.wav,por favor el siguiente lunes | next_day('monday')
fechas2/train/fechas2_004232.es.wav,en un par de días gracias | relative_day(+2)
fechas2/train/fechas2_004233.es.wav,el próximo viernes | next_day('friday')
fechas2/train/fechas2_004234.es.wav,el próximo lunes | next_day('monday')
fechas2/train/fechas2_004235.es.wav,en un par de días | relative_day(+2)
fechas2/train/fechas2_004236.es.wav,este jueves que viene | next_day('thursday')
fechas2/train/fechas2_004237.es.wav,el martes | next_day('tuesday')
fechas2/train/fechas2_004238.es.wav,el próximo miércoles por favor | next_day('wednesday')
fechas2/train/fechas2_004239.es.wav,el miércoles | next_day('wednesday')
fechas2/train/fechas2_004240.es.wav,el siguiente martes | next_day('tuesday')
fechas2/train/fechas2_004241.es.wav,pasado mañana gracias | relative_day(+2)
fechas2/train/fechas2_004242.es.wav,este martes | next_day('tuesday')
fechas2/train/fechas2_004243.es.wav,el jueves | next_day('thursday')
fechas2/train/fechas2_004244.es.wav,el miércoles | next_day('wednesday')
fechas2/train/fechas2_004245.es.wav,mañana | relative_day(+1)
fechas2/train/fechas2_004246.es.wav,el viernes | next_day('friday')
fechas2/train/fechas2_004247.es.wav,el próximo miércoles por favor | next_day('wednesday')
fechas2/train/fechas2_004248.es.wav,por favor este martes | next_day('tuesday')
fechas2/train/fechas2_004249.es.wav,el próximo jueves | next_day('thursday')
fechas2/train/fechas2_004250.es.wav,el miércoles | next_day('wednesday')
fechas2/train/fechas2_004251.es.wav,este lunes próximo | next_day('monday')
fechas2/train/fechas2_004252.es.wav,en un par de días por favor | relative_day(+2)
fechas2/train/fechas2_004253.es.wav,por favor el siguiente viernes | next_day('friday')
fechas2/train/fechas2_004254.es.wav,el viernes | next_day('friday')
fechas2/train/fechas2_004255.es.wav,por favor el martes | next_day('tuesday')
fechas2/train/fechas2_004256.es.wav,el próximo miércoles gracias | next_day('wednesday')
fechas2/train/fechas2_004257.es.wav,por favor este miércoles | next_day('wednesday')
fechas2/train/fechas2_004258.es.wav,en tres días | relative_day(+3)
fechas2/train/fechas2_004259.es.wav,el próximo jueves | next_day('thursday')
fechas2/train/fechas2_004260.es.wav,por favor el viernes | next_day('friday')
fechas2/train/fechas2_004261.es.wav,el martes próximo por favor | next_day('tuesday')
fechas2/train/fechas2_004262.es.wav,el miércoles que viene por favor | next_day('wednesday')
fechas2/train/fechas2_004263.es.wav,el siguiente martes gracias | next_day('tuesday')
fechas2/train/fechas2_004264.es.wav,el viernes próximo | next_day('friday')
fechas2/train/fechas2_004265.es.wav,en un par de días | relative_day(+2)
fechas2/train/fechas2_004266.es.wav,el martes siguiente | next_day('tuesday')
fechas2/train/fechas2_004267.es.wav,por favor el próximo miércoles | next_day('wednesday')
fechas2/train/fechas2_004268.es.wav,por favor en un par de días | relative_day(+2)
fechas2/train/fechas2_004269.es.wav,este miércoles gracias | next_day('wednesday')
fechas2/train/fechas2_004270.es.wav,el lunes gracias | next_day('monday')
fechas2/train/fechas2_004271.es.wav,este miércoles siguiente | next_day('wednesday')
fechas2/train/fechas2_004272.es.wav,el siguiente miércoles | next_day('wednesday')
fechas2/train/fechas2_004273.es.wav,por favor este martes | next_day('tuesday')
fechas2/train/fechas2_004274.es.wav,este viernes gracias | next_day('friday')
fechas2/train/fechas2_004275.es.wav,este jueves | next_day('thursday')
fechas2/train/fechas2_004276.es.wav,por favor el jueves próximo | next_day('thursday')
fechas2/train/fechas2_004277.es.wav,el viernes | next_day('friday')
fechas2/train/fechas2_004278.es.wav,el martes próximo | next_day('tuesday')
fechas2/train/fechas2_004279.es.wav,este viernes | next_day('friday')
fechas2/train/fechas2_004280.es.wav,el siguiente jueves | next_day('thursday')
fechas2/train/fechas2_004281.es.wav,el viernes | next_day('friday')
fechas2/train/fechas2_004282.es.wav,el siguiente viernes por favor | next_day('friday')
fechas2/train/fechas2_004283.es.wav,por favor el lunes que viene | next_day('monday')
fechas2/train/fechas2_004284.es.wav,en tres días por favor | relative_day(+3)
fechas2/train/fechas2_004285.es.wav,el jueves gracias | next_day('thursday')
fechas2/train/fechas2_004286.es.wav,en un par de días | relative_day(+2)
fechas2/train/fechas2_004287.es.wav,el siguiente miércoles | next_day('wednesday')
fechas2/train/fechas2_004288.es.wav,este viernes gracias | next_day('friday')
fechas2/train/fechas2_004289.es.wav,este miércoles | next_day('wednesday')
fechas2/train/fechas2_004290.es.wav,en tres días | relative_day(+3)
fechas2/train/fechas2_004291.es.wav,el jueves gracias | next_day('thursday')
fechas2/train/fechas2_004292.es.wav,el próximo jueves | next_day('thursday')
fechas2/train/fechas2_004293.es.wav,en tres días gracias | relative_day(+3)
fechas2/train/fechas2_004294.es.wav,este jueves próximo | next_day('thursday')
fechas2/train/fechas2_004295.es.wav,este martes que viene | next_day('tuesday')
fechas2/train/fechas2_004296.es.wav,el siguiente martes gracias | next_day('tuesday')
fechas2/train/fechas2_004297.es.wav,por favor el jueves que viene | next_day('thursday')
fechas2/train/fechas2_004298.es.wav,este jueves que viene | next_day('thursday')
fechas2/train/fechas2_004299.es.wav,el lunes | next_day('monday')
fechas2/train/fechas2_004300.es.wav,este jueves | next_day('thursday')
fechas2/train/fechas2_004301.es.wav,por favor el siguiente lunes | next_day('monday')
fechas2/train/fechas2_004302.es.wav,en un par de días | relative_day(+2)
fechas2/train/fechas2_004303.es.wav,este martes próximo | next_day('tuesday')
fechas2/train/fechas2_004304.es.wav,el viernes siguiente | next_day('friday')
fechas2/train/fechas2_004305.es.wav,el lunes siguiente | next_day('monday')
fechas2/train/fechas2_004306.es.wav,el siguiente miércoles gracias | next_day('wednesday')
fechas2/train/fechas2_004307.es.wav,el martes siguiente | next_day('tuesday')
fechas2/train/fechas2_004308.es.wav,en tres días | relative_day(+3)
fechas2/train/fechas2_004309.es.wav,pasado mañana | relative_day(+2)
fechas2/train/fechas2_004310.es.wav,el martes | next_day('tuesday')
fechas2/train/fechas2_004311.es.wav,el jueves que viene | next_day('thursday')
fechas2/train/fechas2_004312.es.wav,el próximo jueves por favor | next_day('thursday')
fechas2/train/fechas2_004313.es.wav,en un par de días | relative_day(+2)
fechas2/train/fechas2_004314.es.wav,este martes que viene | next_day('tuesday')
fechas2/train/fechas2_004315.es.wav,en tres días | relative_day(+3)
fechas2/train/fechas2_004316.es.wav,en un par de días | relative_day(+2)
fechas2/train/fechas2_004317.es.wav,el próximo lunes por favor | next_day('monday')
fechas2/train/fechas2_004318.es.wav,el jueves | next_day('thursday')
fechas2/train/fechas2_004319.es.wav,este jueves próximo | next_day('thursday')
fechas2/train/fechas2_004320.es.wav,el próximo martes gracias | next_day('tuesday')
fechas2/train/fechas2_004321.es.wav,en un par de días | relative_day(+2)
fechas2/train/fechas2_004322.es.wav,el viernes que viene gracias | next_day('friday')
fechas2/train/fechas2_004323.es.wav,en tres días | relative_day(+3)
fechas2/train/fechas2_004324.es.wav,por favor el jueves | next_day('thursday')
fechas2/train/fechas2_004325.es.wav,el lunes próximo | next_day('monday')
fechas2/train/fechas2_004326.es.wav,el lunes | next_day('monday')
fechas2/train/fechas2_004327.es.wav,en tres días gracias | relative_day(+3)
fechas2/train/fechas2_004328.es.wav,el siguiente viernes por favor | next_day('friday')
fechas2/train/fechas2_004329.es.wav,en un par de días | relative_day(+2)
fechas2/train/fechas2_004330.es.wav,por favor mañana | relative_day(+1)
fechas2/train/fechas2_004331.es.wav,por favor este viernes | next_day('friday')
fechas2/train/fechas2_004332.es.wav,el siguiente martes | next_day('tuesday')
fechas2/train/fechas2_004333.es.wav,en tres días | relative_day(+3)
fechas2/train/fechas2_004334.es.wav,este martes | next_day('tuesday')
fechas2/train/fechas2_004335.es.wav,por favor en un par de días | relative_day(+2)
fechas2/train/fechas2_004336.es.wav,en un par de días | relative_day(+2)
fechas2/train/fechas2_004337.es.wav,el próximo jueves | next_day('thursday')
fechas2/train/fechas2_004338.es.wav,mañana gracias | relative_day(+1)
fechas2/train/fechas2_004339.es.wav,mañana | relative_day(+1)
fechas2/train/fechas2_004340.es.wav,el siguiente jueves por favor | next_day('thursday')
fechas2/train/fechas2_004341.es.wav,por favor en un par de días | relative_day(+2)
fechas2/train/fechas2_004342.es.wav,el miércoles gracias | next_day('wednesday')
fechas2/train/fechas2_004343.es.wav,por favor este miércoles | next_day('wednesday')
fechas2/train/fechas2_004344.es.wav,en un par de días | relative_day(+2)
fechas2/train/fechas2_004345.es.wav,en un par de días gracias | relative_day(+2)
fechas2/train/fechas2_004346.es.wav,el siguiente lunes | next_day('monday')
fechas2/train/fechas2_004347.es.wav,en tres días | relative_day(+3)
fechas2/train/fechas2_004348.es.wav,el próximo viernes por favor | next_day('friday')
fechas2/train/fechas2_004349.es.wav,el lunes por favor | next_day('monday')
fechas2/train/fechas2_004350.es.wav,el siguiente martes | next_day('tuesday')
fechas2/train/fechas2_004351.es.wav,en un par de días | relative_day(+2)
fechas2/train/fechas2_004352.es.wav,el viernes | next_day('friday')
fechas2/train/fechas2_004353.es.wav,este jueves siguiente | next_day('thursday')
fechas2/train/fechas2_004354.es.wav,el miércoles siguiente | next_day('wednesday')
fechas2/train/fechas2_004355.es.wav,por favor pasado mañana | relative_day(+2)
fechas2/train/fechas2_004356.es.wav,este miércoles gracias | next_day('wednesday')
fechas2/train/fechas2_004357.es.wav,este miércoles | next_day('wednesday')
fechas2/train/fechas2_004358.es.wav,en un par de días | relative_day(+2)
fechas2/train/fechas2_004359.es.wav,por favor este miércoles | next_day('wednesday')
fechas2/train/fechas2_004360.es.wav,pasado mañana | relative_day(+2)
fechas2/train/fechas2_004361.es.wav,este martes que viene por favor | next_day('tuesday')
fechas2/train/fechas2_004362.es.wav,en tres días gracias | relative_day(+3)
fechas2/train/fechas2_004363.es.wav,este martes próximo | next_day('tuesday')
fechas2/train/fechas2_004364.es.wav,el próximo viernes por favor | next_day('friday')
fechas2/train/fechas2_004365.es.wav,pasado mañana por favor | relative_day(+2)
fechas2/train/fechas2_004366.es.wav,este martes siguiente | next_day('tuesday')
fechas2/train/fechas2_004367.es.wav,en un par de días | relative_day(+2)
fechas2/train/fechas2_004368.es.wav,este viernes por favor | next_day('friday')
fechas2/train/fechas2_004369.es.wav,el lunes | next_day('monday')
fechas2/train/fechas2_004370.es.wav,este miércoles por favor | next_day('wednesday')
fechas2/train/fechas2_004371.es.wav,este jueves por favor | next_day('thursday')
fechas2/train/fechas2_004372.es.wav,el miércoles próximo | next_day('wednesday')
fechas2/train/fechas2_004373.es.wav,en tres días | relative_day(+3)
fechas2/train/fechas2_004374.es.wav,este lunes que viene | next_day('monday')
fechas2/train/fechas2_004375.es.wav,el miércoles próximo por favor | next_day('wednesday')
fechas2/train/fechas2_004376.es.wav,este viernes que viene por favor | next_day('friday')
fechas2/train/fechas2_004377.es.wav,en un par de días | relative_day(+2)
fechas2/train/fechas2_004378.es.wav,el martes gracias | next_day('tuesday')
fechas2/train/fechas2_004379.es.wav,el siguiente viernes | next_day('friday')
fechas2/train/fechas2_004380.es.wav,el próximo miércoles | next_day('wednesday')
fechas2/train/fechas2_004381.es.wav,el jueves gracias | next_day('thursday')
fechas2/train/fechas2_004382.es.wav,el próximo jueves gracias | next_day('thursday')
fechas2/train/fechas2_004383.es.wav,este lunes siguiente | next_day('monday')
fechas2/train/fechas2_004384.es.wav,en un par de días | relative_day(+2)
fechas2/train/fechas2_004385.es.wav,este miércoles | next_day('wednesday')
fechas2/train/fechas2_004386.es.wav,por favor el siguiente jueves | next_day('thursday')
fechas2/train/fechas2_004387.es.wav,el miércoles próximo | next_day('wednesday')
fechas2/train/fechas2_004388.es.wav,el siguiente lunes por favor | next_day('monday')
fechas2/train/fechas2_004389.es.wav,el lunes | next_day('monday')
fechas2/train/fechas2_004390.es.wav,en un par de días | relative_day(+2)
fechas2/train/fechas2_004391.es.wav,en tres días | relative_day(+3)
fechas2/train/fechas2_004392.es.wav,por favor el martes próximo | next_day('tuesday')
fechas2/train/fechas2_004393.es.wav,este miércoles siguiente | next_day('wednesday')
fechas2/train/fechas2_004394.es.wav,por favor en un par de días | relative_day(+2)
fechas2/train/fechas2_004395.es.wav,el lunes próximo por favor | next_day('monday')
fechas2/train/fechas2_004396.es.wav,el próximo jueves | next_day('thursday')
fechas2/train/fechas2_004397.es.wav,el viernes | next_day('friday')
fechas2/train/fechas2_004398.es.wav,por favor en un par de días | relative_day(+2)
fechas2/train/fechas2_004399.es.wav,el jueves | next_day('thursday')
fechas2/train/fechas2_004400.es.wav,el siguiente viernes | next_day('friday')
fechas2/train/fechas2_004401.es.wav,el lunes | next_day('monday')
fechas2/train/fechas2_004402.es.wav,el siguiente jueves | next_day('thursday')
fechas2/train/fechas2_004403.es.wav,el siguiente jueves | next_day('thursday')
fechas2/train/fechas2_004404.es.wav,en tres días gracias | relative_day(+3)
fechas2/train/fechas2_004405.es.wav,este miércoles por favor | next_day('wednesday')
fechas2/train/fechas2_004406.es.wav,por favor el jueves próximo | next_day('thursday')
fechas2/train/fechas2_004407.es.wav,en un par de días | relative_day(+2)
fechas2/train/fechas2_004408.es.wav,en tres días | relative_day(+3)
fechas2/train/fechas2_004409.es.wav,este viernes próximo | next_day('friday')
fechas2/train/fechas2_004410.es.wav,en tres días | relative_day(+3)
fechas2/train/fechas2_004411.es.wav,este martes siguiente por favor | next_day('tuesday')
fechas2/train/fechas2_004412.es.wav,el próximo jueves gracias | next_day('thursday')
fechas2/train/fechas2_004413.es.wav,pasado mañana | relative_day(+2)
fechas2/train/fechas2_004414.es.wav,el siguiente lunes | next_day('monday')
fechas2/train/fechas2_004415.es.wav,el miércoles | next_day('wednesday')
fechas2/train/fechas2_004416.es.wav,pasado mañana por favor | relative_day(+2)
fechas2/train/fechas2_004417.es.wav,pasado mañana | relative_day(+2)
fechas2/train/fechas2_004418.es.wav,en un par de días | relative_day(+2)
fechas2/train/fechas2_004419.es.wav,mañana | relative_day(+1)
fechas2/train/fechas2_004420.es.wav,este martes que viene | next_day('tuesday')
fechas2/train/fechas2_004421.es.wav,en tres días | relative_day(+3)
fechas2/train/fechas2_004422.es.wav,por favor el martes | next_day('tuesday')
fechas2/train/fechas2_004423.es.wav,el viernes | next_day('friday')
fechas2/train/fechas2_004424.es.wav,pasado mañana | relative_day(+2)
fechas2/train/fechas2_004425.es.wav,este jueves gracias | next_day('thursday')
fechas2/train/fechas2_004426.es.wav,este martes próximo por favor | next_day('tuesday')
fechas2/train/fechas2_004427.es.wav,el jueves que viene | next_day('thursday')
fechas2/train/fechas2_004428.es.wav,este viernes | next_day('friday')
fechas2/train/fechas2_004429.es.wav,el jueves | next_day('thursday')
fechas2/train/fechas2_004430.es.wav,en tres días | relative_day(+3)
fechas2/train/fechas2_004431.es.wav,este miércoles | next_day('wednesday')
fechas2/train/fechas2_004432.es.wav,este lunes próximo gracias | next_day('monday')
fechas2/train/fechas2_004433.es.wav,este viernes próximo | next_day('friday')
fechas2/train/fechas2_004434.es.wav,este miércoles siguiente por favor | next_day('wednesday')
fechas2/train/fechas2_004435.es.wav,en un par de días | relative_day(+2)
fechas2/train/fechas2_004436.es.wav,este viernes que viene | next_day('friday')
fechas2/train/fechas2_004437.es.wav,en tres días | relative_day(+3)
fechas2/train/fechas2_004438.es.wav,por favor el próximo viernes | next_day('friday')
fechas2/train/fechas2_004439.es.wav,en tres días | relative_day(+3)
fechas2/train/fechas2_004440.es.wav,este martes próximo | next_day('tuesday')
fechas2/train/fechas2_004441.es.wav,por favor el próximo lunes | next_day('monday')
fechas2/train/fechas2_004442.es.wav,este miércoles próximo gracias | next_day('wednesday')
fechas2/train/fechas2_004443.es.wav,este jueves próximo | next_day('thursday')
fechas2/train/fechas2_004444.es.wav,el viernes | next_day('friday')
fechas2/train/fechas2_004445.es.wav,el siguiente lunes | next_day('monday')
fechas2/train/fechas2_004446.es.wav,este miércoles | next_day('wednesday')
fechas2/train/fechas2_004447.es.wav,este martes | next_day('tuesday')
fechas2/train/fechas2_004448.es.wav,el jueves próximo | next_day('thursday')
fechas2/train/fechas2_004449.es.wav,el próximo martes | next_day('tuesday')
fechas2/train/fechas2_004450.es.wav,en un par de días gracias | relative_day(+2)
fechas2/train/fechas2_004451.es.wav,por favor el siguiente jueves | next_day('thursday')
fechas2/train/fechas2_004452.es.wav,en tres días por favor | relative_day(+3)
fechas2/train/fechas2_004453.es.wav,el lunes | next_day('monday')
fechas2/train/fechas2_004454.es.wav,el jueves siguiente por favor | next_day('thursday')
fechas2/train/fechas2_004455.es.wav,el próximo lunes | next_day('monday')
fechas2/train/fechas2_004456.es.wav,el siguiente jueves por favor | next_day('thursday')
fechas2/train/fechas2_004457.es.wav,el próximo jueves por favor | next_day('thursday')
fechas2/train/fechas2_004458.es.wav,mañana | relative_day(+1)
fechas2/train/fechas2_004459.es.wav,en un par de días | relative_day(+2)
fechas2/train/fechas2_004460.es.wav,este jueves | next_day('thursday')
fechas2/train/fechas2_004461.es.wav,el viernes | next_day('friday')
fechas2/train/fechas2_004462.es.wav,el próximo jueves | next_day('thursday')
fechas2/train/fechas2_004463.es.wav,este miércoles | next_day('wednesday')
fechas2/train/fechas2_004464.es.wav,por favor este viernes que viene | next_day('friday')
fechas2/train/fechas2_004465.es.wav,en un par de días | relative_day(+2)
fechas2/train/fechas2_004466.es.wav,este lunes | next_day('monday')
fechas2/train/fechas2_004467.es.wav,el jueves próximo | next_day('thursday')
fechas2/train/fechas2_004468.es.wav,el miércoles gracias | next_day('wednesday')
fechas2/train/fechas2_004469.es.wav,este miércoles que viene por favor | next_day('wednesday')
fechas2/train/fechas2_004470.es.wav,el lunes siguiente por favor | next_day('monday')
fechas2/train/fechas2_004471.es.wav,en tres días gracias | relative_day(+3)
fechas2/train/fechas2_004472.es.wav,el jueves | next_day('thursday')
fechas2/train/fechas2_004473.es.wav,en un par de días | relative_day(+2)
fechas2/train/fechas2_004474.es.wav,en un par de días | relative_day(+2)
fechas2/train/fechas2_004475.es.wav,este viernes | next_day('friday')
fechas2/train/fechas2_004476.es.wav,este viernes | next_day('friday')
fechas2/train/fechas2_004477.es.wav,este miércoles | next_day('wednesday')
fechas2/train/fechas2_004478.es.wav,el miércoles siguiente | next_day('wednesday')
fechas2/train/fechas2_004479.es.wav,el lunes siguiente | next_day('monday')
fechas2/train/fechas2_004480.es.wav,este jueves por favor | next_day('thursday')
fechas2/train/fechas2_004481.es.wav,el martes siguiente | next_day('tuesday')
fechas2/train/fechas2_004482.es.wav,en tres días | relative_day(+3)
fechas2/train/fechas2_004483.es.wav,el próximo viernes por favor | next_day('friday')
fechas2/train/fechas2_004484.es.wav,el siguiente lunes | next_day('monday')
fechas2/train/fechas2_004485.es.wav,por favor el próximo miércoles | next_day('wednesday')
fechas2/train/fechas2_004486.es.wav,este martes | next_day('tuesday')
fechas2/train/fechas2_004487.es.wav,por favor este lunes que viene | next_day('monday')
fechas2/train/fechas2_004488.es.wav,el próximo jueves gracias | next_day('thursday')
fechas2/train/fechas2_004489.es.wav,en un par de días por favor | relative_day(+2)
fechas2/train/fechas2_004490.es.wav,mañana | relative_day(+1)
fechas2/train/fechas2_004491.es.wav,el martes | next_day('tuesday')
fechas2/train/fechas2_004492.es.wav,el martes siguiente | next_day('tuesday')
fechas2/train/fechas2_004493.es.wav,en un par de días por favor | relative_day(+2)
fechas2/train/fechas2_004494.es.wav,este martes que viene | next_day('tuesday')
fechas2/train/fechas2_004495.es.wav,el viernes siguiente | next_day('friday')
fechas2/train/fechas2_004496.es.wav,este miércoles | next_day('wednesday')
fechas2/train/fechas2_004497.es.wav,el martes próximo gracias | next_day('tuesday')
fechas2/train/fechas2_004498.es.wav,este viernes que viene gracias | next_day('friday')
fechas2/train/fechas2_004499.es.wav,en tres días | relative_day(+3)
fechas2/train/fechas2_004500.es.wav,el lunes gracias | next_day('monday')
fechas2/train/fechas2_004501.es.wav,este viernes que viene | next_day('friday')
fechas2/train/fechas2_004502.es.wav,este jueves | next_day('thursday')
fechas2/train/fechas2_004503.es.wav,en un par de días | relative_day(+2)
fechas2/train/fechas2_004504.es.wav,este jueves próximo | next_day('thursday')
fechas2/train/fechas2_004505.es.wav,en tres días por favor | relative_day(+3)
fechas2/train/fechas2_004506.es.wav,por favor pasado mañana | relative_day(+2)
fechas2/train/fechas2_004507.es.wav,este martes próximo | next_day('tuesday')
fechas2/train/fechas2_004508.es.wav,este lunes que viene | next_day('monday')
fechas2/train/fechas2_004509.es.wav,el lunes siguiente por favor | next_day('monday')
fechas2/train/fechas2_004510.es.wav,el siguiente viernes gracias | next_day('friday')
fechas2/train/fechas2_004511.es.wav,el martes próximo | next_day('tuesday')
fechas2/train/fechas2_004512.es.wav,por favor este miércoles | next_day('wednesday')
fechas2/train/fechas2_004513.es.wav,el siguiente miércoles | next_day('wednesday')
fechas2/train/fechas2_004514.es.wav,el jueves | next_day('thursday')
fechas2/train/fechas2_004515.es.wav,el viernes | next_day('friday')
fechas2/train/fechas2_004516.es.wav,en un par de días | relative_day(+2)
fechas2/train/fechas2_004517.es.wav,este lunes gracias | next_day('monday')
fechas2/train/fechas2_004518.es.wav,este jueves próximo | next_day('thursday')
fechas2/train/fechas2_004519.es.wav,este miércoles | next_day('wednesday')
fechas2/train/fechas2_004520.es.wav,el próximo lunes gracias | next_day('monday')
fechas2/train/fechas2_004521.es.wav,en tres días gracias | relative_day(+3)
fechas2/train/fechas2_004522.es.wav,por favor el martes siguiente | next_day('tuesday')
fechas2/train/fechas2_004523.es.wav,por favor el siguiente viernes | next_day('friday')
fechas2/train/fechas2_004524.es.wav,este viernes | next_day('friday')
fechas2/train/fechas2_004525.es.wav,el siguiente viernes | next_day('friday')
fechas2/train/fechas2_004526.es.wav,el lunes que viene gracias | next_day('monday')
fechas2/train/fechas2_004527.es.wav,el siguiente martes | next_day('tuesday')
fechas2/train/fechas2_004528.es.wav,por favor este martes | next_day('tuesday')
fechas2/train/fechas2_004529.es.wav,el viernes | next_day('friday')
fechas2/train/fechas2_004530.es.wav,el próximo jueves | next_day('thursday')
fechas2/train/fechas2_004531.es.wav,en tres días | relative_day(+3)
fechas2/train/fechas2_004532.es.wav,en tres días por favor | relative_day(+3)
fechas2/train/fechas2_004533.es.wav,este viernes próximo | next_day('friday')
fechas2/train/fechas2_004534.es.wav,en un par de días | relative_day(+2)
fechas2/train/fechas2_004535.es.wav,por favor en un par de días | relative_day(+2)
fechas2/train/fechas2_004536.es.wav,este miércoles | next_day('wednesday')
fechas2/train/fechas2_004537.es.wav,este viernes | next_day('friday')
fechas2/train/fechas2_004538.es.wav,el próximo lunes | next_day('monday')
fechas2/train/fechas2_004539.es.wav,pasado mañana | relative_day(+2)
fechas2/train/fechas2_004540.es.wav,este miércoles | next_day('wednesday')
fechas2/train/fechas2_004541.es.wav,por favor pasado mañana | relative_day(+2)
fechas2/train/fechas2_004542.es.wav,por favor el siguiente viernes | next_day('friday')
fechas2/train/fechas2_004543.es.wav,en un par de días | relative_day(+2)
fechas2/train/fechas2_004544.es.wav,el miércoles por favor | next_day('wednesday')
fechas2/train/fechas2_004545.es.wav,el miércoles que viene | next_day('wednesday')
fechas2/train/fechas2_004546.es.wav,el próximo martes gracias | next_day('tuesday')
fechas2/train/fechas2_004547.es.wav,el miércoles por favor | next_day('wednesday')
fechas2/train/fechas2_004548.es.wav,en un par de días | relative_day(+2)
fechas2/train/fechas2_004549.es.wav,el próximo jueves por favor | next_day('thursday')
fechas2/train/fechas2_004550.es.wav,en tres días gracias | relative_day(+3)
fechas2/train/fechas2_004551.es.wav,este miércoles próximo por favor | next_day('wednesday')
fechas2/train/fechas2_004552.es.wav,este miércoles siguiente | next_day('wednesday')
fechas2/train/fechas2_004553.es.wav,por favor pasado mañana | relative_day(+2)
fechas2/train/fechas2_004554.es.wav,mañana por favor | relative_day(+1)
fechas2/train/fechas2_004555.es.wav,este viernes próximo | next_day('friday')
fechas2/train/fechas2_004556.es.wav,en un par de días | relative_day(+2)
fechas2/train/fechas2_004557.es.wav,en un par de días por favor | relative_day(+2)
fechas2/train/fechas2_004558.es.wav,este miércoles | next_day('wednesday')
fechas2/train/fechas2_004559.es.wav,este miércoles próximo | next_day('wednesday')
fechas2/train/fechas2_004560.es.wav,este martes | next_day('tuesday')
fechas2/train/fechas2_004561.es.wav,en un par de días | relative_day(+2)
fechas2/train/fechas2_004562.es.wav,el siguiente lunes | next_day('monday')
fechas2/train/fechas2_004563.es.wav,el martes por favor | next_day('tuesday')
fechas2/train/fechas2_004564.es.wav,el próximo viernes por favor | next_day('friday')
fechas2/train/fechas2_004565.es.wav,por favor el próximo miércoles | next_day('wednesday')
fechas2/train/fechas2_004566.es.wav,este jueves por favor | next_day('thursday')
fechas2/train/fechas2_004567.es.wav,el siguiente martes gracias | next_day('tuesday')
fechas2/train/fechas2_004568.es.wav,el viernes | next_day('friday')
fechas2/train/fechas2_004569.es.wav,el martes que viene | next_day('tuesday')
fechas2/train/fechas2_004570.es.wav,este miércoles por favor | next_day('wednesday')
fechas2/train/fechas2_004571.es.wav,por favor mañana | relative_day(+1)
fechas2/train/fechas2_004572.es.wav,el martes que viene | next_day('tuesday')
fechas2/train/fechas2_004573.es.wav,este miércoles gracias | next_day('wednesday')
fechas2/train/fechas2_004574.es.wav,este lunes | next_day('monday')
fechas2/train/fechas2_004575.es.wav,el próximo lunes | next_day('monday')
fechas2/train/fechas2_004576.es.wav,este martes | next_day('tuesday')
fechas2/train/fechas2_004577.es.wav,por favor este jueves | next_day('thursday')
fechas2/train/fechas2_004578.es.wav,por favor el miércoles que viene | next_day('wednesday')
fechas2/train/fechas2_004579.es.wav,en tres días | relative_day(+3)
fechas2/train/fechas2_004580.es.wav,el próximo viernes | next_day('friday')
fechas2/train/fechas2_004581.es.wav,el jueves | next_day('thursday')
fechas2/train/fechas2_004582.es.wav,el miércoles que viene gracias | next_day('wednesday')
fechas2/train/fechas2_004583.es.wav,en tres días | relative_day(+3)
fechas2/train/fechas2_004584.es.wav,este miércoles que viene gracias | next_day('wednesday')
fechas2/train/fechas2_004585.es.wav,el martes próximo | next_day('tuesday')
fechas2/train/fechas2_004586.es.wav,el siguiente martes | next_day('tuesday')
fechas2/train/fechas2_004587.es.wav,pasado mañana | relative_day(+2)
fechas2/train/fechas2_004588.es.wav,el jueves próximo | next_day('thursday')
fechas2/train/fechas2_004589.es.wav,mañana | relative_day(+1)
fechas2/train/fechas2_004590.es.wav,este lunes | next_day('monday')
fechas2/train/fechas2_004591.es.wav,en tres días | relative_day(+3)
fechas2/train/fechas2_004592.es.wav,este jueves próximo gracias | next_day('thursday')
fechas2/train/fechas2_004593.es.wav,mañana por favor | relative_day(+1)
fechas2/train/fechas2_004594.es.wav,el siguiente viernes | next_day('friday')
fechas2/train/fechas2_004595.es.wav,el lunes | next_day('monday')
fechas2/train/fechas2_004596.es.wav,el próximo jueves | next_day('thursday')
fechas2/train/fechas2_004597.es.wav,el martes | next_day('tuesday')
fechas2/train/fechas2_004598.es.wav,este viernes siguiente gracias | next_day('friday')
fechas2/train/fechas2_004599.es.wav,el jueves | next_day('thursday')
fechas2/train/fechas2_004600.es.wav,el martes siguiente | next_day('tuesday')
fechas2/train/fechas2_004601.es.wav,el miércoles gracias | next_day('wednesday')
fechas2/train/fechas2_004602.es.wav,el jueves por favor | next_day('thursday')
fechas2/train/fechas2_004603.es.wav,por favor el jueves que viene | next_day('thursday')
fechas2/train/fechas2_004604.es.wav,el próximo lunes | next_day('monday')
fechas2/train/fechas2_004605.es.wav,por favor este jueves próximo | next_day('thursday')
fechas2/train/fechas2_004606.es.wav,este viernes siguiente | next_day('friday')
fechas2/train/fechas2_004607.es.wav,por favor el próximo lunes | next_day('monday')
fechas2/train/fechas2_004608.es.wav,pasado mañana | relative_day(+2)
fechas2/train/fechas2_004609.es.wav,este lunes | next_day('monday')
fechas2/train/fechas2_004610.es.wav,por favor el jueves | next_day('thursday')
fechas2/train/fechas2_004611.es.wav,el próximo lunes | next_day('monday')
fechas2/train/fechas2_004612.es.wav,el próximo lunes por favor | next_day('monday')
fechas2/train/fechas2_004613.es.wav,el martes gracias | next_day('tuesday')
fechas2/train/fechas2_004614.es.wav,mañana por favor | relative_day(+1)
fechas2/train/fechas2_004615.es.wav,en un par de días | relative_day(+2)
fechas2/train/fechas2_004616.es.wav,el lunes | next_day('monday')
fechas2/train/fechas2_004617.es.wav,este miércoles que viene | next_day('wednesday')
fechas2/train/fechas2_004618.es.wav,el siguiente viernes | next_day('friday')
fechas2/train/fechas2_004619.es.wav,este miércoles que viene por favor | next_day('wednesday')
fechas2/train/fechas2_004620.es.wav,el próximo jueves | next_day('thursday')
fechas2/train/fechas2_004621.es.wav,este viernes que viene gracias | next_day('friday')
fechas2/train/fechas2_004622.es.wav,el martes gracias | next_day('tuesday')
fechas2/train/fechas2_004623.es.wav,este miércoles | next_day('wednesday')
fechas2/train/fechas2_004624.es.wav,el siguiente martes por favor | next_day('tuesday')
fechas2/train/fechas2_004625.es.wav,este miércoles siguiente | next_day('wednesday')
fechas2/train/fechas2_004626.es.wav,el lunes siguiente | next_day('monday')
fechas2/train/fechas2_004627.es.wav,este miércoles siguiente | next_day('wednesday')
fechas2/train/fechas2_004628.es.wav,este martes | next_day('tuesday')
fechas2/train/fechas2_004629.es.wav,el siguiente martes gracias | next_day('tuesday')
fechas2/train/fechas2_004630.es.wav,el próximo martes | next_day('tuesday')
fechas2/train/fechas2_004631.es.wav,el siguiente lunes | next_day('monday')
fechas2/train/fechas2_004632.es.wav,en tres días | relative_day(+3)
fechas2/train/fechas2_004633.es.wav,en tres días | relative_day(+3)
fechas2/train/fechas2_004634.es.wav,en un par de días gracias | relative_day(+2)
fechas2/train/fechas2_004635.es.wav,pasado mañana | relative_day(+2)
fechas2/train/fechas2_004636.es.wav,pasado mañana gracias | relative_day(+2)
fechas2/train/fechas2_004637.es.wav,este lunes que viene | next_day('monday')
fechas2/train/fechas2_004638.es.wav,el lunes | next_day('monday')
fechas2/train/fechas2_004639.es.wav,el martes | next_day('tuesday')
fechas2/train/fechas2_004640.es.wav,el siguiente martes | next_day('tuesday')
fechas2/train/fechas2_004641.es.wav,por favor este jueves próximo | next_day('thursday')
fechas2/train/fechas2_004642.es.wav,este martes | next_day('tuesday')
fechas2/train/fechas2_004643.es.wav,el lunes siguiente por favor | next_day('monday')
fechas2/train/fechas2_004644.es.wav,este martes | next_day('tuesday')
fechas2/train/fechas2_004645.es.wav,este miércoles | next_day('wednesday')
fechas2/train/fechas2_004646.es.wav,el miércoles que viene gracias | next_day('wednesday')
fechas2/train/fechas2_004647.es.wav,el lunes siguiente | next_day('monday')
fechas2/train/fechas2_004648.es.wav,en tres días | relative_day(+3)
fechas2/train/fechas2_004649.es.wav,en tres días | relative_day(+3)
fechas2/train/fechas2_004650.es.wav,mañana | relative_day(+1)
fechas2/train/fechas2_004651.es.wav,por favor el siguiente viernes | next_day('friday')
fechas2/train/fechas2_004652.es.wav,este martes que viene | next_day('tuesday')
fechas2/train/fechas2_004653.es.wav,este martes | next_day('tuesday')
fechas2/train/fechas2_004654.es.wav,el próximo martes | next_day('tuesday')
fechas2/train/fechas2_004655.es.wav,en un par de días por favor | relative_day(+2)
fechas2/train/fechas2_004656.es.wav,en un par de días por favor | relative_day(+2)
fechas2/train/fechas2_004657.es.wav,por favor el viernes | next_day('friday')
fechas2/train/fechas2_004658.es.wav,el siguiente viernes | next_day('friday')
fechas2/train/fechas2_004659.es.wav,el próximo miércoles | next_day('wednesday')
fechas2/train/fechas2_004660.es.wav,el siguiente viernes por favor | next_day('friday')
fechas2/train/fechas2_004661.es.wav,el martes | next_day('tuesday')
fechas2/train/fechas2_004662.es.wav,el martes por favor | next_day('tuesday')
fechas2/train/fechas2_004663.es.wav,por favor el siguiente viernes | next_day('friday')
fechas2/train/fechas2_004664.es.wav,por favor el miércoles | next_day('wednesday')
fechas2/train/fechas2_004665.es.wav,en un par de días | relative_day(+2)
fechas2/train/fechas2_004666.es.wav,este viernes | next_day('friday')
fechas2/train/fechas2_004667.es.wav,este martes que viene por favor | next_day('tuesday')
fechas2/train/fechas2_004668.es.wav,este lunes próximo | next_day('monday')
fechas2/train/fechas2_004669.es.wav,el lunes que viene | next_day('monday')
fechas2/train/fechas2_004670.es.wav,el próximo jueves | next_day('thursday')
fechas2/train/fechas2_004671.es.wav,este jueves | next_day('thursday')
fechas2/train/fechas2_004672.es.wav,este viernes que viene | next_day('friday')
fechas2/train/fechas2_004673.es.wav,el viernes próximo | next_day('friday')
fechas2/train/fechas2_004674.es.wav,en tres días | relative_day(+3)
fechas2/train/fechas2_004675.es.wav,por favor pasado mañana | relative_day(+2)
fechas2/train/fechas2_004676.es.wav,por favor el siguiente lunes | next_day('monday')
fechas2/train/fechas2_004677.es.wav,el martes siguiente gracias | next_day('tuesday')
fechas2/train/fechas2_004678.es.wav,este lunes siguiente gracias | next_day('monday')
fechas2/train/fechas2_004679.es.wav,por favor el miércoles | next_day('wednesday')
fechas2/train/fechas2_004680.es.wav,este miércoles siguiente | next_day('wednesday')
fechas2/train/fechas2_004681.es.wav,en un par de días | relative_day(+2)
fechas2/train/fechas2_004682.es.wav,por favor el siguiente lunes | next_day('monday')
fechas2/train/fechas2_004683.es.wav,este lunes gracias | next_day('monday')
fechas2/train/fechas2_004684.es.wav,el siguiente jueves | next_day('thursday')
fechas2/train/fechas2_004685.es.wav,por favor el próximo jueves | next_day('thursday')
fechas2/train/fechas2_004686.es.wav,el martes por favor | next_day('tuesday')
fechas2/train/fechas2_004687.es.wav,este jueves que viene por favor | next_day('thursday')
fechas2/train/fechas2_004688.es.wav,en un par de días | relative_day(+2)
fechas2/train/fechas2_004689.es.wav,el martes | next_day('tuesday')
fechas2/train/fechas2_004690.es.wav,el siguiente miércoles | next_day('wednesday')
fechas2/train/fechas2_004691.es.wav,el próximo lunes | next_day('monday')
fechas2/train/fechas2_004692.es.wav,por favor el próximo jueves | next_day('thursday')
fechas2/train/fechas2_004693.es.wav,mañana gracias | relative_day(+1)
fechas2/train/fechas2_004694.es.wav,por favor este miércoles | next_day('wednesday')
fechas2/train/fechas2_004695.es.wav,este martes | next_day('tuesday')
fechas2/train/fechas2_004696.es.wav,el siguiente martes por favor | next_day('tuesday')
fechas2/train/fechas2_004697.es.wav,el siguiente lunes | next_day('monday')
fechas2/train/fechas2_004698.es.wav,este viernes | next_day('friday')
fechas2/train/fechas2_004699.es.wav,por favor el lunes | next_day('monday')
fechas2/train/fechas2_004700.es.wav,el próximo jueves | next_day('thursday')
fechas2/train/fechas2_004701.es.wav,el siguiente jueves | next_day('thursday')
fechas2/train/fechas2_004702.es.wav,el lunes siguiente | next_day('monday')
fechas2/train/fechas2_004703.es.wav,el siguiente viernes gracias | next_day('friday')
fechas2/train/fechas2_004704.es.wav,este martes por favor | next_day('tuesday')
fechas2/train/fechas2_004705.es.wav,el jueves que viene | next_day('thursday')
fechas2/train/fechas2_004706.es.wav,por favor el martes | next_day('tuesday')
fechas2/train/fechas2_004707.es.wav,este miércoles | next_day('wednesday')
fechas2/train/fechas2_004708.es.wav,el martes próximo | next_day('tuesday')
fechas2/train/fechas2_004709.es.wav,el próximo lunes | next_day('monday')
fechas2/train/fechas2_004710.es.wav,en tres días | relative_day(+3)
fechas2/train/fechas2_004711.es.wav,este martes próximo por favor | next_day('tuesday')
fechas2/train/fechas2_004712.es.wav,mañana | relative_day(+1)
fechas2/train/fechas2_004713.es.wav,este lunes que viene gracias | next_day('monday')
fechas2/train/fechas2_004714.es.wav,este martes siguiente gracias | next_day('tuesday')
fechas2/train/fechas2_004715.es.wav,este martes | next_day('tuesday')
fechas2/train/fechas2_004716.es.wav,el martes que viene | next_day('tuesday')
fechas2/train/fechas2_004717.es.wav,el miércoles que viene | next_day('wednesday')
fechas2/train/fechas2_004718.es.wav,el próximo martes gracias | next_day('tuesday')
fechas2/train/fechas2_004719.es.wav,el próximo jueves | next_day('thursday')
fechas2/train/fechas2_004720.es.wav,este martes que viene por favor | next_day('tuesday')
fechas2/train/fechas2_004721.es.wav,este martes siguiente | next_day('tuesday')
fechas2/train/fechas2_004722.es.wav,el jueves que viene por favor | next_day('thursday')
fechas2/train/fechas2_004723.es.wav,este miércoles gracias | next_day('wednesday')
fechas2/train/fechas2_004724.es.wav,el próximo miércoles | next_day('wednesday')
fechas2/train/fechas2_004725.es.wav,en tres días gracias | relative_day(+3)
fechas2/train/fechas2_004726.es.wav,en tres días gracias | relative_day(+3)
fechas2/train/fechas2_004727.es.wav,en un par de días | relative_day(+2)
fechas2/train/fechas2_004728.es.wav,este lunes | next_day('monday')
fechas2/train/fechas2_004729.es.wav,por favor pasado mañana | relative_day(+2)
fechas2/train/fechas2_004730.es.wav,en tres días | relative_day(+3)
fechas2/train/fechas2_004731.es.wav,en un par de días | relative_day(+2)
fechas2/train/fechas2_004732.es.wav,el próximo lunes por favor | next_day('monday')
fechas2/train/fechas2_004733.es.wav,mañana | relative_day(+1)
fechas2/train/fechas2_004734.es.wav,mañana | relative_day(+1)
fechas2/train/fechas2_004735.es.wav,este jueves por favor | next_day('thursday')
fechas2/train/fechas2_004736.es.wav,el viernes próximo | next_day('friday')
fechas2/train/fechas2_004737.es.wav,este viernes que viene | next_day('friday')
fechas2/train/fechas2_004738.es.wav,este miércoles | next_day('wednesday')
fechas2/train/fechas2_004739.es.wav,el martes que viene gracias | next_day('tuesday')
fechas2/train/fechas2_004740.es.wav,pasado mañana | relative_day(+2)
fechas2/train/fechas2_004741.es.wav,en un par de días | relative_day(+2)
fechas2/train/fechas2_004742.es.wav,en tres días | relative_day(+3)
fechas2/train/fechas2_004743.es.wav,en un par de días | relative_day(+2)
fechas2/train/fechas2_004744.es.wav,el siguiente lunes | next_day('monday')
fechas2/train/fechas2_004745.es.wav,por favor este jueves | next_day('thursday')
fechas2/train/fechas2_004746.es.wav,el próximo jueves gracias | next_day('thursday')
fechas2/train/fechas2_004747.es.wav,por favor en tres días | relative_day(+3)
fechas2/train/fechas2_004748.es.wav,este lunes | next_day('monday')
fechas2/train/fechas2_004749.es.wav,en tres días | relative_day(+3)
fechas2/train/fechas2_004750.es.wav,el próximo miércoles gracias | next_day('wednesday')
fechas2/train/fechas2_004751.es.wav,el jueves siguiente | next_day('thursday')
fechas2/train/fechas2_004752.es.wav,por favor el siguiente jueves | next_day('thursday')
fechas2/train/fechas2_004753.es.wav,este lunes siguiente | next_day('monday')
fechas2/train/fechas2_004754.es.wav,por favor el viernes | next_day('friday')
fechas2/train/fechas2_004755.es.wav,por favor en tres días | relative_day(+3)
fechas2/train/fechas2_004756.es.wav,en un par de días | relative_day(+2)
fechas2/train/fechas2_004757.es.wav,este martes | next_day('tuesday')
fechas2/train/fechas2_004758.es.wav,el jueves | next_day('thursday')
fechas2/train/fechas2_004759.es.wav,el lunes | next_day('monday')
fechas2/train/fechas2_004760.es.wav,este lunes gracias | next_day('monday')
fechas2/train/fechas2_004761.es.wav,el siguiente viernes | next_day('friday')
fechas2/train/fechas2_004762.es.wav,este miércoles que viene | next_day('wednesday')
fechas2/train/fechas2_004763.es.wav,el miércoles próximo | next_day('wednesday')
fechas2/train/fechas2_004764.es.wav,este miércoles próximo | next_day('wednesday')
fechas2/train/fechas2_004765.es.wav,este viernes gracias | next_day('friday')
fechas2/train/fechas2_004766.es.wav,en tres días | relative_day(+3)
fechas2/train/fechas2_004767.es.wav,este miércoles que viene | next_day('wednesday')
fechas2/train/fechas2_004768.es.wav,en un par de días gracias | relative_day(+2)
fechas2/train/fechas2_004769.es.wav,el siguiente lunes gracias | next_day('monday')
fechas2/train/fechas2_004770.es.wav,por favor este jueves que viene | next_day('thursday')
fechas2/train/fechas2_004771.es.wav,este jueves próximo gracias | next_day('thursday')
fechas2/train/fechas2_004772.es.wav,este martes por favor | next_day('tuesday')
fechas2/train/fechas2_004773.es.wav,en un par de días | relative_day(+2)
fechas2/train/fechas2_004774.es.wav,el siguiente lunes | next_day('monday')
fechas2/train/fechas2_004775.es.wav,en un par de días | relative_day(+2)
fechas2/train/fechas2_004776.es.wav,en un par de días | relative_day(+2)
fechas2/train/fechas2_004777.es.wav,mañana por favor | relative_day(+1)
fechas2/train/fechas2_004778.es.wav,este lunes por favor | next_day('monday')
fechas2/train/fechas2_004779.es.wav,el próximo miércoles por favor | next_day('wednesday')
fechas2/train/fechas2_004780.es.wav,el lunes próximo | next_day('monday')
fechas2/train/fechas2_004781.es.wav,el próximo miércoles | next_day('wednesday')
fechas2/train/fechas2_004782.es.wav,en tres días | relative_day(+3)
fechas2/train/fechas2_004783.es.wav,el viernes próximo | next_day('friday')
fechas2/train/fechas2_004784.es.wav,este martes próximo gracias | next_day('tuesday')
fechas2/train/fechas2_004785.es.wav,el próximo lunes | next_day('monday')
fechas2/train/fechas2_004786.es.wav,este viernes próximo | next_day('friday')
fechas2/train/fechas2_004787.es.wav,el próximo viernes | next_day('friday')
fechas2/train/fechas2_004788.es.wav,el próximo jueves | next_day('thursday')
fechas2/train/fechas2_004789.es.wav,este jueves gracias | next_day('thursday')
fechas2/train/fechas2_004790.es.wav,mañana gracias | relative_day(+1)
fechas2/train/fechas2_004791.es.wav,este viernes que viene por favor | next_day('friday')
fechas2/train/fechas2_004792.es.wav,el martes | next_day('tuesday')
fechas2/train/fechas2_004793.es.wav,en un par de días | relative_day(+2)
fechas2/train/fechas2_004794.es.wav,por favor el miércoles próximo | next_day('wednesday')
fechas2/train/fechas2_004795.es.wav,este martes gracias | next_day('tuesday')
fechas2/train/fechas2_004796.es.wav,este lunes que viene | next_day('monday')
fechas2/train/fechas2_004797.es.wav,por favor el próximo martes | next_day('tuesday')
fechas2/train/fechas2_004798.es.wav,por favor el jueves | next_day('thursday')
fechas2/train/fechas2_004799.es.wav,el martes | next_day('tuesday')
fechas2/train/fechas2_004800.es.wav,este jueves que viene | next_day('thursday')
fechas2/train/fechas2_004801.es.wav,el próximo miércoles | next_day('wednesday')
fechas2/train/fechas2_004802.es.wav,este jueves por favor | next_day('thursday')
fechas2/train/fechas2_004803.es.wav,el martes | next_day('tuesday')
fechas2/train/fechas2_004804.es.wav,el próximo miércoles por favor | next_day('wednesday')
fechas2/train/fechas2_004805.es.wav,por favor el siguiente viernes | next_day('friday')
fechas2/train/fechas2_004806.es.wav,el martes que viene gracias | next_day('tuesday')
fechas2/train/fechas2_004807.es.wav,en tres días | relative_day(+3)
fechas2/train/fechas2_004808.es.wav,en un par de días gracias | relative_day(+2)
fechas2/train/fechas2_004809.es.wav,el próximo miércoles | next_day('wednesday')
fechas2/train/fechas2_004810.es.wav,el siguiente lunes | next_day('monday')
fechas2/train/fechas2_004811.es.wav,por favor el próximo jueves | next_day('thursday')
fechas2/train/fechas2_004812.es.wav,pasado mañana | relative_day(+2)
fechas2/train/fechas2_004813.es.wav,el martes | next_day('tuesday')
fechas2/train/fechas2_004814.es.wav,este martes por favor | next_day('tuesday')
fechas2/train/fechas2_004815.es.wav,por favor el viernes | next_day('friday')
fechas2/train/fechas2_004816.es.wav,por favor el siguiente miércoles | next_day('wednesday')
fechas2/train/fechas2_004817.es.wav,el siguiente martes | next_day('tuesday')
fechas2/train/fechas2_004818.es.wav,este lunes siguiente | next_day('monday')
fechas2/train/fechas2_004819.es.wav,este martes | next_day('tuesday')
fechas2/train/fechas2_004820.es.wav,el siguiente martes | next_day('tuesday')
fechas2/train/fechas2_004821.es.wav,el siguiente lunes | next_day('monday')
fechas2/train/fechas2_004822.es.wav,el siguiente viernes por favor | next_day('friday')
fechas2/train/fechas2_004823.es.wav,pasado mañana gracias | relative_day(+2)
fechas2/train/fechas2_004824.es.wav,este lunes que viene | next_day('monday')
fechas2/train/fechas2_004825.es.wav,el lunes | next_day('monday')
fechas2/train/fechas2_004826.es.wav,por favor este martes | next_day('tuesday')
fechas2/train/fechas2_004827.es.wav,el miércoles que viene | next_day('wednesday')
fechas2/train/fechas2_004828.es.wav,en un par de días | relative_day(+2)
fechas2/train/fechas2_004829.es.wav,mañana | relative_day(+1)
fechas2/train/fechas2_004830.es.wav,el viernes | next_day('friday')
fechas2/train/fechas2_004831.es.wav,en un par de días | relative_day(+2)
fechas2/train/fechas2_004832.es.wav,el siguiente lunes gracias | next_day('monday')
fechas2/train/fechas2_004833.es.wav,por favor el siguiente jueves | next_day('thursday')
fechas2/train/fechas2_004834.es.wav,el próximo jueves | next_day('thursday')
fechas2/train/fechas2_004835.es.wav,el próximo viernes | next_day('friday')
fechas2/train/fechas2_004836.es.wav,el siguiente martes | next_day('tuesday')
fechas2/train/fechas2_004837.es.wav,este lunes próximo | next_day('monday')
fechas2/train/fechas2_004838.es.wav,este lunes | next_day('monday')
fechas2/train/fechas2_004839.es.wav,este miércoles siguiente gracias | next_day('wednesday')
fechas2/train/fechas2_004840.es.wav,en tres días | relative_day(+3)
fechas2/train/fechas2_004841.es.wav,el próximo jueves | next_day('thursday')
fechas2/train/fechas2_004842.es.wav,mañana | relative_day(+1)
fechas2/train/fechas2_004843.es.wav,por favor en tres días | relative_day(+3)
fechas2/train/fechas2_004844.es.wav,el próximo jueves | next_day('thursday')
fechas2/train/fechas2_004845.es.wav,el jueves siguiente por favor | next_day('thursday')
fechas2/train/fechas2_004846.es.wav,este miércoles | next_day('wednesday')
fechas2/train/fechas2_004847.es.wav,este miércoles que viene | next_day('wednesday')
fechas2/train/fechas2_004848.es.wav,en tres días gracias | relative_day(+3)
fechas2/train/fechas2_004849.es.wav,este jueves siguiente gracias | next_day('thursday')
fechas2/train/fechas2_004850.es.wav,el próximo martes | next_day('tuesday')
fechas2/train/fechas2_004851.es.wav,en tres días | relative_day(+3)
fechas2/train/fechas2_004852.es.wav,este jueves | next_day('thursday')
fechas2/train/fechas2_004853.es.wav,el siguiente jueves por favor | next_day('thursday')
fechas2/train/fechas2_004854.es.wav,en tres días por favor | relative_day(+3)
fechas2/train/fechas2_004855.es.wav,el viernes siguiente | next_day('friday')
fechas2/train/fechas2_004856.es.wav,en tres días por favor | relative_day(+3)
fechas2/train/fechas2_004857.es.wav,este miércoles siguiente | next_day('wednesday')
fechas2/train/fechas2_004858.es.wav,el próximo jueves gracias | next_day('thursday')
fechas2/train/fechas2_004859.es.wav,este viernes que viene | next_day('friday')
fechas2/train/fechas2_004860.es.wav,este jueves por favor | next_day('thursday')
fechas2/train/fechas2_004861.es.wav,el siguiente viernes por favor | next_day('friday')
fechas2/train/fechas2_004862.es.wav,este viernes | next_day('friday')
fechas2/train/fechas2_004863.es.wav,el viernes siguiente | next_day('friday')
fechas2/train/fechas2_004864.es.wav,en tres días | relative_day(+3)
fechas2/train/fechas2_004865.es.wav,el jueves que viene | next_day('thursday')
fechas2/train/fechas2_004866.es.wav,el lunes | next_day('monday')
fechas2/train/fechas2_004867.es.wav,pasado mañana gracias | relative_day(+2)
fechas2/train/fechas2_004868.es.wav,por favor el siguiente jueves | next_day('thursday')
fechas2/train/fechas2_004869.es.wav,el jueves que viene por favor | next_day('thursday')
fechas2/train/fechas2_004870.es.wav,en tres días | relative_day(+3)
fechas2/train/fechas2_004871.es.wav,por favor el siguiente viernes | next_day('friday')
fechas2/train/fechas2_004872.es.wav,por favor el miércoles siguiente | next_day('wednesday')
fechas2/train/fechas2_004873.es.wav,en tres días | relative_day(+3)
fechas2/train/fechas2_004874.es.wav,en tres días | relative_day(+3)
fechas2/train/fechas2_004875.es.wav,este miércoles próximo gracias | next_day('wednesday')
fechas2/train/fechas2_004876.es.wav,este martes | next_day('tuesday')
fechas2/train/fechas2_004877.es.wav,el miércoles | next_day('wednesday')
fechas2/train/fechas2_004878.es.wav,por favor el viernes siguiente | next_day('friday')
fechas2/train/fechas2_004879.es.wav,este jueves que viene | next_day('thursday')
fechas2/train/fechas2_004880.es.wav,este miércoles por favor | next_day('wednesday')
fechas2/train/fechas2_004881.es.wav,pasado mañana | relative_day(+2)
fechas2/train/fechas2_004882.es.wav,el siguiente viernes | next_day('friday')
fechas2/train/fechas2_004883.es.wav,el siguiente martes | next_day('tuesday')
fechas2/train/fechas2_004884.es.wav,mañana por favor | relative_day(+1)
fechas2/train/fechas2_004885.es.wav,este martes que viene | next_day('tuesday')
fechas2/train/fechas2_004886.es.wav,el miércoles | next_day('wednesday')
fechas2/train/fechas2_004887.es.wav,este miércoles | next_day('wednesday')
fechas2/train/fechas2_004888.es.wav,pasado mañana por favor | relative_day(+2)
fechas2/train/fechas2_004889.es.wav,pasado mañana | relative_day(+2)
fechas2/train/fechas2_004890.es.wav,el próximo jueves gracias | next_day('thursday')
fechas2/train/fechas2_004891.es.wav,el martes | next_day('tuesday')
fechas2/train/fechas2_004892.es.wav,por favor el miércoles próximo | next_day('wednesday')
fechas2/train/fechas2_004893.es.wav,el siguiente lunes | next_day('monday')
fechas2/train/fechas2_004894.es.wav,en un par de días gracias | relative_day(+2)
fechas2/train/fechas2_004895.es.wav,este martes próximo por favor | next_day('tuesday')
fechas2/train/fechas2_004896.es.wav,el siguiente lunes | next_day('monday')
fechas2/train/fechas2_004897.es.wav,pasado mañana | relative_day(+2)
fechas2/train/fechas2_004898.es.wav,pasado mañana | relative_day(+2)
fechas2/train/fechas2_004899.es.wav,el miércoles | next_day('wednesday')
fechas2/train/fechas2_004900.es.wav,el siguiente martes | next_day('tuesday')
fechas2/train/fechas2_004901.es.wav,el próximo lunes | next_day('monday')
fechas2/train/fechas2_004902.es.wav,el miércoles gracias | next_day('wednesday')
fechas2/train/fechas2_004903.es.wav,el próximo viernes gracias | next_day('friday')
fechas2/train/fechas2_004904.es.wav,el miércoles por favor | next_day('wednesday')
fechas2/train/fechas2_004905.es.wav,en tres días | relative_day(+3)
fechas2/train/fechas2_004906.es.wav,el próximo miércoles por favor | next_day('wednesday')
fechas2/train/fechas2_004907.es.wav,el próximo martes | next_day('tuesday')
fechas2/train/fechas2_004908.es.wav,este jueves gracias | next_day('thursday')
fechas2/train/fechas2_004909.es.wav,por favor en un par de días | relative_day(+2)
fechas2/train/fechas2_004910.es.wav,en un par de días | relative_day(+2)
fechas2/train/fechas2_004911.es.wav,por favor en tres días | relative_day(+3)
fechas2/train/fechas2_004912.es.wav,el jueves por favor | next_day('thursday')
fechas2/train/fechas2_004913.es.wav,este jueves próximo gracias | next_day('thursday')
fechas2/train/fechas2_004914.es.wav,el jueves siguiente | next_day('thursday')
fechas2/train/fechas2_004915.es.wav,por favor este miércoles | next_day('wednesday')
fechas2/train/fechas2_004916.es.wav,en un par de días por favor | relative_day(+2)
fechas2/train/fechas2_004917.es.wav,por favor este martes | next_day('tuesday')
fechas2/train/fechas2_004918.es.wav,el miércoles por favor | next_day('wednesday')
fechas2/train/fechas2_004919.es.wav,el siguiente viernes | next_day('friday')
fechas2/train/fechas2_004920.es.wav,el siguiente miércoles | next_day('wednesday')
fechas2/train/fechas2_004921.es.wav,el próximo miércoles | next_day('wednesday')
fechas2/train/fechas2_004922.es.wav,en un par de días por favor | relative_day(+2)
fechas2/train/fechas2_004923.es.wav,en tres días gracias | relative_day(+3)
fechas2/train/fechas2_004924.es.wav,por favor este lunes | next_day('monday')
fechas2/train/fechas2_004925.es.wav,el jueves que viene | next_day('thursday')
fechas2/train/fechas2_004926.es.wav,el martes | next_day('tuesday')
fechas2/train/fechas2_004927.es.wav,por favor en tres días | relative_day(+3)
fechas2/train/fechas2_004928.es.wav,el próximo miércoles | next_day('wednesday')
fechas2/train/fechas2_004929.es.wav,el lunes | next_day('monday')
fechas2/train/fechas2_004930.es.wav,este miércoles siguiente | next_day('wednesday')
fechas2/train/fechas2_004931.es.wav,por favor el jueves | next_day('thursday')
fechas2/train/fechas2_004932.es.wav,pasado mañana por favor | relative_day(+2)
fechas2/train/fechas2_004933.es.wav,este miércoles | next_day('wednesday')
fechas2/train/fechas2_004934.es.wav,mañana gracias | relative_day(+1)
fechas2/train/fechas2_004935.es.wav,el lunes siguiente | next_day('monday')
fechas2/train/fechas2_004936.es.wav,en un par de días | relative_day(+2)
fechas2/train/fechas2_004937.es.wav,el siguiente viernes gracias | next_day('friday')
fechas2/train/fechas2_004938.es.wav,el lunes próximo | next_day('monday')
fechas2/train/fechas2_004939.es.wav,pasado mañana | relative_day(+2)
fechas2/train/fechas2_004940.es.wav,este miércoles | next_day('wednesday')
fechas2/train/fechas2_004941.es.wav,por favor pasado mañana | relative_day(+2)
fechas2/train/fechas2_004942.es.wav,en tres días | relative_day(+3)
fechas2/train/fechas2_004943.es.wav,en tres días gracias | relative_day(+3)
fechas2/train/fechas2_004944.es.wav,mañana | relative_day(+1)
fechas2/train/fechas2_004945.es.wav,el martes gracias | next_day('tuesday')
fechas2/train/fechas2_004946.es.wav,el siguiente viernes gracias | next_day('friday')
fechas2/train/fechas2_004947.es.wav,el próximo viernes | next_day('friday')
fechas2/train/fechas2_004948.es.wav,el lunes | next_day('monday')
fechas2/train/fechas2_004949.es.wav,el próximo viernes gracias | next_day('friday')
fechas2/train/fechas2_004950.es.wav,mañana | relative_day(+1)
fechas2/train/fechas2_004951.es.wav,mañana por favor | relative_day(+1)
fechas2/train/fechas2_004952.es.wav,este miércoles que viene | next_day('wednesday')
fechas2/train/fechas2_004953.es.wav,este miércoles que viene | next_day('wednesday')
fechas2/train/fechas2_004954.es.wav,el miércoles gracias | next_day('wednesday')
fechas2/train/fechas2_004955.es.wav,en un par de días por favor | relative_day(+2)
fechas2/train/fechas2_004956.es.wav,el próximo viernes gracias | next_day('friday')
fechas2/train/fechas2_004957.es.wav,mañana | relative_day(+1)
fechas2/train/fechas2_004958.es.wav,en un par de días | relative_day(+2)
fechas2/train/fechas2_004959.es.wav,en tres días gracias | relative_day(+3)
fechas2/train/fechas2_004960.es.wav,el jueves que viene | next_day('thursday')
fechas2/train/fechas2_004961.es.wav,el próximo miércoles | next_day('wednesday')
fechas2/train/fechas2_004962.es.wav,el siguiente lunes | next_day('monday')
fechas2/train/fechas2_004963.es.wav,este lunes siguiente | next_day('monday')
fechas2/train/fechas2_004964.es.wav,el miércoles que viene | next_day('wednesday')
fechas2/train/fechas2_004965.es.wav,por favor en un par de días | relative_day(+2)
fechas2/train/fechas2_004966.es.wav,el jueves siguiente | next_day('thursday')
fechas2/train/fechas2_004967.es.wav,el viernes que viene | next_day('friday')
fechas2/train/fechas2_004968.es.wav,este martes que viene | next_day('tuesday')
fechas2/train/fechas2_004969.es.wav,el próximo lunes | next_day('monday')
fechas2/train/fechas2_004970.es.wav,por favor este lunes que viene | next_day('monday')
fechas2/train/fechas2_004971.es.wav,este martes que viene gracias | next_day('tuesday')
fechas2/train/fechas2_004972.es.wav,el martes que viene gracias | next_day('tuesday')
fechas2/train/fechas2_004973.es.wav,en un par de días | relative_day(+2)
fechas2/train/fechas2_004974.es.wav,este jueves siguiente | next_day('thursday')
fechas2/train/fechas2_004975.es.wav,por favor en un par de días | relative_day(+2)
fechas2/train/fechas2_004976.es.wav,por favor el viernes siguiente | next_day('friday')
fechas2/train/fechas2_004977.es.wav,pasado mañana | relative_day(+2)
fechas2/train/fechas2_004978.es.wav,por favor este jueves que viene | next_day('thursday')
fechas2/train/fechas2_004979.es.wav,el próximo martes gracias | next_day('tuesday')
fechas2/train/fechas2_004980.es.wav,el próximo viernes gracias | next_day('friday')
fechas2/train/fechas2_004981.es.wav,el jueves gracias | next_day('thursday')
fechas2/train/fechas2_004982.es.wav,en un par de días | relative_day(+2)
fechas2/train/fechas2_004983.es.wav,este viernes | next_day('friday')
fechas2/train/fechas2_004984.es.wav,el próximo miércoles | next_day('wednesday')
fechas2/train/fechas2_004985.es.wav,este martes que viene | next_day('tuesday')
fechas2/train/fechas2_004986.es.wav,por favor el siguiente miércoles | next_day('wednesday')
fechas2/train/fechas2_004987.es.wav,el próximo martes gracias | next_day('tuesday')
fechas2/train/fechas2_004988.es.wav,este martes siguiente | next_day('tuesday')
fechas2/train/fechas2_004989.es.wav,el próximo lunes | next_day('monday')
fechas2/train/fechas2_004990.es.wav,mañana | relative_day(+1)
fechas2/train/fechas2_004991.es.wav,este miércoles próximo gracias | next_day('wednesday')
fechas2/train/fechas2_004992.es.wav,en tres días por favor | relative_day(+3)
fechas2/train/fechas2_004993.es.wav,pasado mañana gracias | relative_day(+2)
fechas2/train/fechas2_004994.es.wav,en un par de días | relative_day(+2)
fechas2/train/fechas2_004995.es.wav,por favor pasado mañana | relative_day(+2)
fechas2/train/fechas2_004996.es.wav,este martes próximo | next_day('tuesday')
fechas2/train/fechas2_004997.es.wav,el próximo lunes | next_day('monday')
fechas2/train/fechas2_004998.es.wav,este lunes | next_day('monday')
fechas2/train/fechas2_004999.es.wav,el lunes siguiente gracias | next_day('monday')
fechas2/train/fechas2_005000.es.wav,este martes próximo | next_day('tuesday')
fechas2/train/fechas2_005001.es.wav,el martes | next_day('tuesday')
fechas2/train/fechas2_005002.es.wav,el próximo jueves | next_day('thursday')
fechas2/train/fechas2_005003.es.wav,en tres días | relative_day(+3)
fechas2/train/fechas2_005004.es.wav,el miércoles | next_day('wednesday')
fechas2/train/fechas2_005005.es.wav,el martes | next_day('tuesday')
fechas2/train/fechas2_005006.es.wav,en un par de días gracias | relative_day(+2)
fechas2/train/fechas2_005007.es.wav,este lunes siguiente | next_day('monday')
fechas2/train/fechas2_005008.es.wav,este miércoles gracias | next_day('wednesday')
fechas2/train/fechas2_005009.es.wav,el jueves | next_day('thursday')
fechas2/train/fechas2_005010.es.wav,pasado mañana | relative_day(+2)
fechas2/train/fechas2_005011.es.wav,el siguiente miércoles | next_day('wednesday')
fechas2/train/fechas2_005012.es.wav,por favor en tres días | relative_day(+3)
fechas2/train/fechas2_005013.es.wav,por favor el siguiente viernes | next_day('friday')
fechas2/train/fechas2_005014.es.wav,el siguiente martes | next_day('tuesday')
fechas2/train/fechas2_005015.es.wav,por favor este jueves próximo | next_day('thursday')
fechas2/train/fechas2_005016.es.wav,el siguiente lunes | next_day('monday')
fechas2/train/fechas2_005017.es.wav,por favor este viernes siguiente | next_day('friday')
fechas2/train/fechas2_005018.es.wav,en tres días | relative_day(+3)
fechas2/train/fechas2_005019.es.wav,el próximo jueves gracias | next_day('thursday')
fechas2/train/fechas2_005020.es.wav,este viernes | next_day('friday')
fechas2/train/fechas2_005021.es.wav,el viernes que viene | next_day('friday')
fechas2/train/fechas2_005022.es.wav,el martes próximo por favor | next_day('tuesday')
fechas2/train/fechas2_005023.es.wav,este jueves próximo | next_day('thursday')
fechas2/train/fechas2_005024.es.wav,por favor el siguiente jueves | next_day('thursday')
fechas2/train/fechas2_005025.es.wav,este jueves por favor | next_day('thursday')
fechas2/train/fechas2_005026.es.wav,este jueves siguiente | next_day('thursday')
fechas2/train/fechas2_005027.es.wav,el lunes siguiente | next_day('monday')
fechas2/train/fechas2_005028.es.wav,el siguiente miércoles | next_day('wednesday')
fechas2/train/fechas2_005029.es.wav,por favor el próximo miércoles | next_day('wednesday')
fechas2/train/fechas2_005030.es.wav,este miércoles siguiente gracias | next_day('wednesday')
fechas2/train/fechas2_005031.es.wav,este jueves próximo | next_day('thursday')
fechas2/train/fechas2_005032.es.wav,por favor este martes | next_day('tuesday')
fechas2/train/fechas2_005033.es.wav,este viernes | next_day('friday')
fechas2/train/fechas2_005034.es.wav,por favor en un par de días | relative_day(+2)
fechas2/train/fechas2_005035.es.wav,por favor el lunes | next_day('monday')
fechas2/train/fechas2_005036.es.wav,por favor este viernes que viene | next_day('friday')
fechas2/train/fechas2_005037.es.wav,este martes próximo | next_day('tuesday')
fechas2/train/fechas2_005038.es.wav,el viernes gracias | next_day('friday')
fechas2/train/fechas2_005039.es.wav,el siguiente martes | next_day('tuesday')
fechas2/train/fechas2_005040.es.wav,el viernes próximo gracias | next_day('friday')
fechas2/train/fechas2_005041.es.wav,en tres días | relative_day(+3)
fechas2/train/fechas2_005042.es.wav,el lunes próximo | next_day('monday')
fechas2/train/fechas2_005043.es.wav,mañana | relative_day(+1)
fechas2/train/fechas2_005044.es.wav,el miércoles | next_day('wednesday')
fechas2/train/fechas2_005045.es.wav,el próximo viernes | next_day('friday')
fechas2/train/fechas2_005046.es.wav,este jueves que viene | next_day('thursday')
fechas2/train/fechas2_005047.es.wav,el viernes próximo | next_day('friday')
fechas2/train/fechas2_005048.es.wav,el jueves siguiente | next_day('thursday')
fechas2/train/fechas2_005049.es.wav,por favor mañana | relative_day(+1)
fechas2/train/fechas2_005050.es.wav,el miércoles gracias | next_day('wednesday')
fechas2/train/fechas2_005051.es.wav,el martes | next_day('tuesday')
fechas2/train/fechas2_005052.es.wav,por favor el jueves siguiente | next_day('thursday')
fechas2/train/fechas2_005053.es.wav,este martes | next_day('tuesday')
fechas2/train/fechas2_005054.es.wav,por favor el próximo miércoles | next_day('wednesday')
fechas2/train/fechas2_005055.es.wav,el lunes siguiente | next_day('monday')
fechas2/train/fechas2_005056.es.wav,el siguiente viernes | next_day('friday')
fechas2/train/fechas2_005057.es.wav,este martes por favor | next_day('tuesday')
fechas2/train/fechas2_005058.es.wav,el martes | next_day('tuesday')
fechas2/train/fechas2_005059.es.wav,por favor el próximo miércoles | next_day('wednesday')
fechas2/train/fechas2_005060.es.wav,este jueves por favor | next_day('thursday')
fechas2/train/fechas2_005061.es.wav,el siguiente miércoles por favor | next_day('wednesday')
fechas2/train/fechas2_005062.es.wav,en tres días | relative_day(+3)
fechas2/train/fechas2_005063.es.wav,este lunes | next_day('monday')
fechas2/train/fechas2_005064.es.wav,el lunes | next_day('monday')
fechas2/train/fechas2_005065.es.wav,este martes que viene | next_day('tuesday')
fechas2/train/fechas2_005066.es.wav,este jueves | next_day('thursday')
fechas2/train/fechas2_005067.es.wav,en tres días | relative_day(+3)
fechas2/train/fechas2_005068.es.wav,por favor el viernes | next_day('friday')
fechas2/train/fechas2_005069.es.wav,el próximo martes | next_day('tuesday')
fechas2/train/fechas2_005070.es.wav,el próximo lunes gracias | next_day('monday')
fechas2/train/fechas2_005071.es.wav,en tres días por favor | relative_day(+3)
fechas2/train/fechas2_005072.es.wav,en tres días | relative_day(+3)
fechas2/train/fechas2_005073.es.wav,el miércoles | next_day('wednesday')
fechas2/train/fechas2_005074.es.wav,el miércoles gracias | next_day('wednesday')
fechas2/train/fechas2_005075.es.wav,en tres días | relative_day(+3)
fechas2/train/fechas2_005076.es.wav,el viernes | next_day('friday')
fechas2/train/fechas2_005077.es.wav,este miércoles | next_day('wednesday')
fechas2/train/fechas2_005078.es.wav,este miércoles que viene por favor | next_day('wednesday')
fechas2/train/fechas2_005079.es.wav,este lunes gracias | next_day('monday')
fechas2/train/fechas2_005080.es.wav,en un par de días | relative_day(+2)
fechas2/train/fechas2_005081.es.wav,por favor el jueves que viene | next_day('thursday')
fechas2/train/fechas2_005082.es.wav,el siguiente viernes | next_day('friday')
fechas2/train/fechas2_005083.es.wav,en tres días | relative_day(+3)
fechas2/train/fechas2_005084.es.wav,el martes próximo por favor | next_day('tuesday')
fechas2/train/fechas2_005085.es.wav,este viernes | next_day('friday')
fechas2/train/fechas2_005086.es.wav,el próximo miércoles | next_day('wednesday')
fechas2/train/fechas2_005087.es.wav,este lunes próximo | next_day('monday')
fechas2/train/fechas2_005088.es.wav,por favor en tres días | relative_day(+3)
fechas2/train/fechas2_005089.es.wav,en tres días | relative_day(+3)
fechas2/train/fechas2_005090.es.wav,el martes | next_day('tuesday')
fechas2/train/fechas2_005091.es.wav,el martes siguiente por favor | next_day('tuesday')
fechas2/train/fechas2_005092.es.wav,el siguiente jueves | next_day('thursday')
fechas2/train/fechas2_005093.es.wav,por favor en un par de días | relative_day(+2)
fechas2/train/fechas2_005094.es.wav,el viernes que viene | next_day('friday')
fechas2/train/fechas2_005095.es.wav,mañana por favor | relative_day(+1)
fechas2/train/fechas2_005096.es.wav,el viernes gracias | next_day('friday')
fechas2/train/fechas2_005097.es.wav,este lunes por favor | next_day('monday')
fechas2/train/fechas2_005098.es.wav,en un par de días | relative_day(+2)
fechas2/train/fechas2_005099.es.wav,el siguiente viernes | next_day('friday')
fechas2/train/fechas2_005100.es.wav,este miércoles que viene por favor | next_day('wednesday')
fechas2/train/fechas2_005101.es.wav,este martes que viene | next_day('tuesday')
fechas2/train/fechas2_005102.es.wav,el próximo lunes | next_day('monday')
fechas2/train/fechas2_005103.es.wav,mañana | relative_day(+1)
fechas2/train/fechas2_005104.es.wav,por favor el siguiente martes | next_day('tuesday')
fechas2/train/fechas2_005105.es.wav,el próximo miércoles | next_day('wednesday')
fechas2/train/fechas2_005106.es.wav,por favor el siguiente jueves | next_day('thursday')
fechas2/train/fechas2_005107.es.wav,por favor este martes | next_day('tuesday')
fechas2/train/fechas2_005108.es.wav,este miércoles siguiente | next_day('wednesday')
fechas2/train/fechas2_005109.es.wav,el siguiente lunes | next_day('monday')
fechas2/train/fechas2_005110.es.wav,el lunes que viene | next_day('monday')
fechas2/train/fechas2_005111.es.wav,por favor el miércoles | next_day('wednesday')
fechas2/train/fechas2_005112.es.wav,este lunes que viene | next_day('monday')
fechas2/train/fechas2_005113.es.wav,el próximo martes por favor | next_day('tuesday')
fechas2/train/fechas2_005114.es.wav,pasado mañana | relative_day(+2)
fechas2/train/fechas2_005115.es.wav,mañana | relative_day(+1)
fechas2/train/fechas2_005116.es.wav,el próximo martes | next_day('tuesday')
fechas2/train/fechas2_005117.es.wav,el jueves que viene gracias | next_day('thursday')
fechas2/train/fechas2_005118.es.wav,en un par de días | relative_day(+2)
fechas2/train/fechas2_005119.es.wav,por favor el miércoles | next_day('wednesday')
fechas2/train/fechas2_005120.es.wav,el siguiente jueves | next_day('thursday')
fechas2/train/fechas2_005121.es.wav,en un par de días | relative_day(+2)
fechas2/train/fechas2_005122.es.wav,el siguiente miércoles | next_day('wednesday')
fechas2/train/fechas2_005123.es.wav,el próximo lunes | next_day('monday')
fechas2/train/fechas2_005124.es.wav,el miércoles que viene gracias | next_day('wednesday')
fechas2/train/fechas2_005125.es.wav,el martes que viene | next_day('tuesday')
fechas2/train/fechas2_005126.es.wav,este miércoles que viene | next_day('wednesday')
fechas2/train/fechas2_005127.es.wav,en tres días por favor | relative_day(+3)
fechas2/train/fechas2_005128.es.wav,el jueves siguiente | next_day('thursday')
fechas2/train/fechas2_005129.es.wav,en tres días | relative_day(+3)
fechas2/train/fechas2_005130.es.wav,este martes que viene | next_day('tuesday')
fechas2/train/fechas2_005131.es.wav,el siguiente lunes gracias | next_day('monday')
fechas2/train/fechas2_005132.es.wav,el lunes por favor | next_day('monday')
fechas2/train/fechas2_005133.es.wav,este jueves | next_day('thursday')
fechas2/train/fechas2_005134.es.wav,el lunes | next_day('monday')
fechas2/train/fechas2_005135.es.wav,este martes por favor | next_day('tuesday')
fechas2/train/fechas2_005136.es.wav,el viernes que viene | next_day('friday')
fechas2/train/fechas2_005137.es.wav,el lunes | next_day('monday')
fechas2/train/fechas2_005138.es.wav,en tres días | relative_day(+3)
fechas2/train/fechas2_005139.es.wav,este miércoles que viene | next_day('wednesday')
fechas2/train/fechas2_005140.es.wav,el lunes siguiente por favor | next_day('monday')
fechas2/train/fechas2_005141.es.wav,el siguiente jueves | next_day('thursday')
fechas2/train/fechas2_005142.es.wav,el siguiente miércoles | next_day('wednesday')
fechas2/train/fechas2_005143.es.wav,el jueves siguiente por favor | next_day('thursday')
fechas2/train/fechas2_005144.es.wav,el miércoles siguiente | next_day('wednesday')
fechas2/train/fechas2_005145.es.wav,el próximo viernes | next_day('friday')
fechas2/train/fechas2_005146.es.wav,el viernes | next_day('friday')
fechas2/train/fechas2_005147.es.wav,por favor el jueves próximo | next_day('thursday')
fechas2/train/fechas2_005148.es.wav,el siguiente martes por favor | next_day('tuesday')
fechas2/train/fechas2_005149.es.wav,el siguiente lunes | next_day('monday')
fechas2/train/fechas2_005150.es.wav,el miércoles | next_day('wednesday')
fechas2/train/fechas2_005151.es.wav,este lunes gracias | next_day('monday')
fechas2/train/fechas2_005152.es.wav,por favor este lunes siguiente | next_day('monday')
fechas2/train/fechas2_005153.es.wav,por favor el martes | next_day('tuesday')
fechas2/train/fechas2_005154.es.wav,este jueves | next_day('thursday')
fechas2/train/fechas2_005155.es.wav,este jueves siguiente por favor | next_day('thursday')
fechas2/train/fechas2_005156.es.wav,el siguiente lunes | next_day('monday')
fechas2/train/fechas2_005157.es.wav,este lunes próximo por favor | next_day('monday')
fechas2/train/fechas2_005158.es.wav,por favor mañana | relative_day(+1)
fechas2/train/fechas2_005159.es.wav,el próximo viernes por favor | next_day('friday')
fechas2/train/fechas2_005160.es.wav,este miércoles siguiente por favor | next_day('wednesday')
fechas2/train/fechas2_005161.es.wav,el siguiente martes gracias | next_day('tuesday')
fechas2/train/fechas2_005162.es.wav,en tres días por favor | relative_day(+3)
fechas2/train/fechas2_005163.es.wav,mañana | relative_day(+1)
fechas2/train/fechas2_005164.es.wav,el siguiente martes | next_day('tuesday')
fechas2/train/fechas2_005165.es.wav,este jueves por favor | next_day('thursday')
fechas2/train/fechas2_005166.es.wav,este martes por favor | next_day('tuesday')
fechas2/train/fechas2_005167.es.wav,en tres días | relative_day(+3)
fechas2/train/fechas2_005168.es.wav,mañana | relative_day(+1)
fechas2/train/fechas2_005169.es.wav,en tres días por favor | relative_day(+3)
fechas2/train/fechas2_005170.es.wav,el martes | next_day('tuesday')
fechas2/train/fechas2_005171.es.wav,el viernes | next_day('friday')
fechas2/train/fechas2_005172.es.wav,por favor en un par de días | relative_day(+2)
fechas2/train/fechas2_005173.es.wav,este miércoles | next_day('wednesday')
fechas2/train/fechas2_005174.es.wav,este jueves próximo | next_day('thursday')
fechas2/train/fechas2_005175.es.wav,el lunes que viene | next_day('monday')
fechas2/train/fechas2_005176.es.wav,este lunes | next_day('monday')
fechas2/train/fechas2_005177.es.wav,el próximo lunes | next_day('monday')
fechas2/train/fechas2_005178.es.wav,por favor el miércoles siguiente | next_day('wednesday')
fechas2/train/fechas2_005179.es.wav,el próximo jueves | next_day('thursday')
fechas2/train/fechas2_005180.es.wav,el próximo miércoles | next_day('wednesday')
fechas2/train/fechas2_005181.es.wav,el miércoles que viene por favor | next_day('wednesday')
fechas2/train/fechas2_005182.es.wav,el próximo miércoles gracias | next_day('wednesday')
fechas2/train/fechas2_005183.es.wav,por favor en un par de días | relative_day(+2)
fechas2/train/fechas2_005184.es.wav,en un par de días | relative_day(+2)
fechas2/train/fechas2_005185.es.wav,por favor el viernes | next_day('friday')
fechas2/train/fechas2_005186.es.wav,el próximo jueves | next_day('thursday')
fechas2/train/fechas2_005187.es.wav,el martes | next_day('tuesday')
fechas2/train/fechas2_005188.es.wav,el siguiente viernes gracias | next_day('friday')
fechas2/train/fechas2_005189.es.wav,este jueves | next_day('thursday')
fechas2/train/fechas2_005190.es.wav,en tres días | relative_day(+3)
fechas2/train/fechas2_005191.es.wav,este viernes gracias | next_day('friday')
fechas2/train/fechas2_005192.es.wav,por favor el próximo lunes | next_day('monday')
fechas2/train/fechas2_005193.es.wav,este martes siguiente | next_day('tuesday')
fechas2/train/fechas2_005194.es.wav,mañana por favor | relative_day(+1)
fechas2/train/fechas2_005195.es.wav,por favor en tres días | relative_day(+3)
fechas2/train/fechas2_005196.es.wav,este martes siguiente | next_day('tuesday')
fechas2/train/fechas2_005197.es.wav,por favor en tres días | relative_day(+3)
fechas2/train/fechas2_005198.es.wav,el jueves | next_day('thursday')
fechas2/train/fechas2_005199.es.wav,el lunes próximo | next_day('monday')
fechas2/train/fechas2_005200.es.wav,en tres días por favor | relative_day(+3)
fechas2/train/fechas2_005201.es.wav,este miércoles próximo por favor | next_day('wednesday')
fechas2/train/fechas2_005202.es.wav,el miércoles siguiente gracias | next_day('wednesday')
fechas2/train/fechas2_005203.es.wav,mañana | relative_day(+1)
fechas2/train/fechas2_005204.es.wav,el martes por favor | next_day('tuesday')
fechas2/train/fechas2_005205.es.wav,el lunes | next_day('monday')
fechas2/train/fechas2_005206.es.wav,el próximo martes por favor | next_day('tuesday')
fechas2/train/fechas2_005207.es.wav,por favor el siguiente miércoles | next_day('wednesday')
fechas2/train/fechas2_005208.es.wav,el siguiente miércoles | next_day('wednesday')
fechas2/train/fechas2_005209.es.wav,este miércoles | next_day('wednesday')
fechas2/train/fechas2_005210.es.wav,el siguiente miércoles | next_day('wednesday')
fechas2/train/fechas2_005211.es.wav,en un par de días | relative_day(+2)
fechas2/train/fechas2_005212.es.wav,el martes próximo | next_day('tuesday')
fechas2/train/fechas2_005213.es.wav,el próximo viernes gracias | next_day('friday')
fechas2/train/fechas2_005214.es.wav,en un par de días | relative_day(+2)
fechas2/train/fechas2_005215.es.wav,por favor el próximo miércoles | next_day('wednesday')
fechas2/train/fechas2_005216.es.wav,en un par de días por favor | relative_day(+2)
fechas2/train/fechas2_005217.es.wav,el próximo lunes | next_day('monday')
fechas2/train/fechas2_005218.es.wav,por favor el siguiente lunes | next_day('monday')
fechas2/train/fechas2_005219.es.wav,el jueves | next_day('thursday')
fechas2/train/fechas2_005220.es.wav,el próximo viernes | next_day('friday')
fechas2/train/fechas2_005221.es.wav,por favor el martes | next_day('tuesday')
fechas2/train/fechas2_005222.es.wav,en tres días | relative_day(+3)
fechas2/train/fechas2_005223.es.wav,el lunes | next_day('monday')
fechas2/train/fechas2_005224.es.wav,por favor mañana | relative_day(+1)
fechas2/train/fechas2_005225.es.wav,este jueves que viene | next_day('thursday')
fechas2/train/fechas2_005226.es.wav,este miércoles por favor | next_day('wednesday')
fechas2/train/fechas2_005227.es.wav,el próximo jueves gracias | next_day('thursday')
fechas2/train/fechas2_005228.es.wav,el próximo miércoles | next_day('wednesday')
fechas2/train/fechas2_005229.es.wav,el próximo lunes | next_day('monday')
fechas2/train/fechas2_005230.es.wav,este martes próximo | next_day('tuesday')
fechas2/train/fechas2_005231.es.wav,el jueves | next_day('thursday')
fechas2/train/fechas2_005232.es.wav,en un par de días | relative_day(+2)
fechas2/train/fechas2_005233.es.wav,el miércoles próximo | next_day('wednesday')
fechas2/train/fechas2_005234.es.wav,por favor este jueves | next_day('thursday')
fechas2/train/fechas2_005235.es.wav,en un par de días | relative_day(+2)
fechas2/train/fechas2_005236.es.wav,el próximo lunes por favor | next_day('monday')
fechas2/train/fechas2_005237.es.wav,el próximo viernes | next_day('friday')
fechas2/train/fechas2_005238.es.wav,en un par de días | relative_day(+2)
fechas2/train/fechas2_005239.es.wav,el próximo martes | next_day('tuesday')
fechas2/train/fechas2_005240.es.wav,el miércoles | next_day('wednesday')
fechas2/train/fechas2_005241.es.wav,el próximo lunes | next_day('monday')
fechas2/train/fechas2_005242.es.wav,el siguiente jueves | next_day('thursday')
fechas2/train/fechas2_005243.es.wav,pasado mañana | relative_day(+2)
fechas2/train/fechas2_005244.es.wav,este miércoles | next_day('wednesday')
fechas2/train/fechas2_005245.es.wav,en un par de días gracias | relative_day(+2)
fechas2/train/fechas2_005246.es.wav,este jueves gracias | next_day('thursday')
fechas2/train/fechas2_005247.es.wav,el miércoles próximo por favor | next_day('wednesday')
fechas2/train/fechas2_005248.es.wav,este lunes siguiente | next_day('monday')
fechas2/train/fechas2_005249.es.wav,por favor el jueves | next_day('thursday')
fechas2/train/fechas2_005250.es.wav,este jueves | next_day('thursday')
fechas2/train/fechas2_005251.es.wav,por favor este martes | next_day('tuesday')
fechas2/train/fechas2_005252.es.wav,este miércoles que viene | next_day('wednesday')
fechas2/train/fechas2_005253.es.wav,por favor mañana | relative_day(+1)
fechas2/train/fechas2_005254.es.wav,este lunes siguiente | next_day('monday')
fechas2/train/fechas2_005255.es.wav,por favor el lunes | next_day('monday')
fechas2/train/fechas2_005256.es.wav,el siguiente lunes por favor | next_day('monday')
fechas2/train/fechas2_005257.es.wav,este lunes próximo por favor | next_day('monday')
fechas2/train/fechas2_005258.es.wav,en tres días por favor | relative_day(+3)
fechas2/train/fechas2_005259.es.wav,este lunes | next_day('monday')
fechas2/train/fechas2_005260.es.wav,en tres días | relative_day(+3)
fechas2/train/fechas2_005261.es.wav,el siguiente miércoles | next_day('wednesday')
fechas2/train/fechas2_005262.es.wav,el viernes próximo | next_day('friday')
fechas2/train/fechas2_005263.es.wav,en tres días gracias | relative_day(+3)
fechas2/train/fechas2_005264.es.wav,el jueves | next_day('thursday')
fechas2/train/fechas2_005265.es.wav,por favor en tres días | relative_day(+3)
fechas2/train/fechas2_005266.es.wav,el siguiente viernes | next_day('friday')
fechas2/train/fechas2_005267.es.wav,en un par de días | relative_day(+2)
fechas2/train/fechas2_005268.es.wav,este viernes que viene por favor | next_day('friday')
fechas2/train/fechas2_005269.es.wav,en un par de días | relative_day(+2)
fechas2/train/fechas2_005270.es.wav,el próximo lunes | next_day('monday')
fechas2/train/fechas2_005271.es.wav,este martes próximo por favor | next_day('tuesday')
fechas2/train/fechas2_005272.es.wav,el siguiente viernes por favor | next_day('friday')
fechas2/train/fechas2_005273.es.wav,el siguiente jueves | next_day('thursday')
fechas2/train/fechas2_005274.es.wav,por favor el siguiente jueves | next_day('thursday')
fechas2/train/fechas2_005275.es.wav,pasado mañana gracias | relative_day(+2)
fechas2/train/fechas2_005276.es.wav,en un par de días | relative_day(+2)
fechas2/train/fechas2_005277.es.wav,el viernes que viene por favor | next_day('friday')
fechas2/train/fechas2_005278.es.wav,en un par de días gracias | relative_day(+2)
fechas2/train/fechas2_005279.es.wav,por favor pasado mañana | relative_day(+2)
fechas2/train/fechas2_005280.es.wav,en tres días gracias | relative_day(+3)
fechas2/train/fechas2_005281.es.wav,el próximo viernes gracias | next_day('friday')
fechas2/train/fechas2_005282.es.wav,el lunes siguiente gracias | next_day('monday')
fechas2/train/fechas2_005283.es.wav,este viernes por favor | next_day('friday')
fechas2/train/fechas2_005284.es.wav,el siguiente lunes | next_day('monday')
fechas2/train/fechas2_005285.es.wav,por favor el siguiente miércoles | next_day('wednesday')
fechas2/train/fechas2_005286.es.wav,por favor el martes que viene | next_day('tuesday')
fechas2/train/fechas2_005287.es.wav,mañana por favor | relative_day(+1)
fechas2/train/fechas2_005288.es.wav,mañana | relative_day(+1)
fechas2/train/fechas2_005289.es.wav,este miércoles que viene gracias | next_day('wednesday')
fechas2/train/fechas2_005290.es.wav,el siguiente jueves | next_day('thursday')
fechas2/train/fechas2_005291.es.wav,el próximo viernes gracias | next_day('friday')
fechas2/train/fechas2_005292.es.wav,este viernes | next_day('friday')
fechas2/train/fechas2_005293.es.wav,el jueves próximo gracias | next_day('thursday')
fechas2/train/fechas2_005294.es.wav,el próximo jueves gracias | next_day('thursday')
fechas2/train/fechas2_005295.es.wav,en tres días | relative_day(+3)
fechas2/train/fechas2_005296.es.wav,el viernes siguiente | next_day('friday')
fechas2/train/fechas2_005297.es.wav,por favor el próximo lunes | next_day('monday')
fechas2/train/fechas2_005298.es.wav,el martes siguiente gracias | next_day('tuesday')
fechas2/train/fechas2_005299.es.wav,el miércoles | next_day('wednesday')
fechas2/train/fechas2_005300.es.wav,el lunes | next_day('monday')
fechas2/train/fechas2_005301.es.wav,pasado mañana | relative_day(+2)
fechas2/train/fechas2_005302.es.wav,el siguiente jueves gracias | next_day('thursday')
fechas2/train/fechas2_005303.es.wav,este martes | next_day('tuesday')
fechas2/train/fechas2_005304.es.wav,este lunes | next_day('monday')
fechas2/train/fechas2_005305.es.wav,este lunes | next_day('monday')
fechas2/train/fechas2_005306.es.wav,pasado mañana | relative_day(+2)
fechas2/train/fechas2_005307.es.wav,el viernes siguiente gracias | next_day('friday')
fechas2/train/fechas2_005308.es.wav,pasado mañana | relative_day(+2)
fechas2/train/fechas2_005309.es.wav,este viernes que viene por favor | next_day('friday')
fechas2/train/fechas2_005310.es.wav,este lunes próximo por favor | next_day('monday')
fechas2/train/fechas2_005311.es.wav,en tres días | relative_day(+3)
fechas2/train/fechas2_005312.es.wav,el jueves próximo | next_day('thursday')
fechas2/train/fechas2_005313.es.wav,por favor mañana | relative_day(+1)
fechas2/train/fechas2_005314.es.wav,el siguiente viernes gracias | next_day('friday')
fechas2/train/fechas2_005315.es.wav,el siguiente martes | next_day('tuesday')
fechas2/train/fechas2_005316.es.wav,el martes | next_day('tuesday')
fechas2/train/fechas2_005317.es.wav,por favor este martes | next_day('tuesday')
fechas2/train/fechas2_005318.es.wav,en tres días | relative_day(+3)
fechas2/train/fechas2_005319.es.wav,este martes siguiente | next_day('tuesday')
fechas2/train/fechas2_005320.es.wav,el miércoles que viene | next_day('wednesday')
fechas2/train/fechas2_005321.es.wav,este jueves | next_day('thursday')
fechas2/train/fechas2_005322.es.wav,mañana | relative_day(+1)
fechas2/train/fechas2_005323.es.wav,en un par de días | relative_day(+2)
fechas2/train/fechas2_005324.es.wav,en tres días por favor | relative_day(+3)
fechas2/train/fechas2_005325.es.wav,el viernes | next_day('friday')
fechas2/train/fechas2_005326.es.wav,el jueves siguiente gracias | next_day('thursday')
fechas2/train/fechas2_005327.es.wav,en un par de días gracias | relative_day(+2)
fechas2/train/fechas2_005328.es.wav,este jueves | next_day('thursday')
fechas2/train/fechas2_005329.es.wav,en un par de días | relative_day(+2)
fechas2/train/fechas2_005330.es.wav,el viernes gracias | next_day('friday')
fechas2/train/fechas2_005331.es.wav,este viernes próximo | next_day('friday')
fechas2/train/fechas2_005332.es.wav,el siguiente viernes por favor | next_day('friday')
fechas2/train/fechas2_005333.es.wav,el siguiente viernes | next_day('friday')
fechas2/train/fechas2_005334.es.wav,por favor el siguiente martes | next_day('tuesday')
fechas2/train/fechas2_005335.es.wav,pasado mañana por favor | relative_day(+2)
fechas2/train/fechas2_005336.es.wav,el lunes próximo gracias | next_day('monday')
fechas2/train/fechas2_005337.es.wav,por favor este lunes | next_day('monday')
fechas2/train/fechas2_005338.es.wav,pasado mañana gracias | relative_day(+2)
fechas2/train/fechas2_005339.es.wav,el siguiente lunes | next_day('monday')
fechas2/train/fechas2_005340.es.wav,por favor este viernes | next_day('friday')
fechas2/train/fechas2_005341.es.wav,por favor este viernes que viene | next_day('friday')
fechas2/train/fechas2_005342.es.wav,este martes | next_day('tuesday')
fechas2/train/fechas2_005343.es.wav,este miércoles que viene por favor | next_day('wednesday')
fechas2/train/fechas2_005344.es.wav,este lunes gracias | next_day('monday')
fechas2/train/fechas2_005345.es.wav,el próximo viernes | next_day('friday')
fechas2/train/fechas2_005346.es.wav,el siguiente miércoles | next_day('wednesday')
fechas2/train/fechas2_005347.es.wav,por favor el siguiente martes | next_day('tuesday')
fechas2/train/fechas2_005348.es.wav,por favor el siguiente miércoles | next_day('wednesday')
fechas2/train/fechas2_005349.es.wav,el siguiente miércoles | next_day('wednesday')
fechas2/train/fechas2_005350.es.wav,el miércoles por favor | next_day('wednesday')
fechas2/train/fechas2_005351.es.wav,en un par de días | relative_day(+2)
fechas2/train/fechas2_005352.es.wav,por favor el siguiente miércoles | next_day('wednesday')
fechas2/train/fechas2_005353.es.wav,el siguiente miércoles gracias | next_day('wednesday')
fechas2/train/fechas2_005354.es.wav,el miércoles que viene | next_day('wednesday')
fechas2/train/fechas2_005355.es.wav,el martes próximo | next_day('tuesday')
fechas2/train/fechas2_005356.es.wav,en un par de días | relative_day(+2)
fechas2/train/fechas2_005357.es.wav,el próximo jueves | next_day('thursday')
fechas2/train/fechas2_005358.es.wav,este jueves siguiente | next_day('thursday')
fechas2/train/fechas2_005359.es.wav,mañana | relative_day(+1)
fechas2/train/fechas2_005360.es.wav,este martes | next_day('tuesday')
fechas2/train/fechas2_005361.es.wav,en un par de días | relative_day(+2)
fechas2/train/fechas2_005362.es.wav,el lunes por favor | next_day('monday')
fechas2/train/fechas2_005363.es.wav,este martes | next_day('tuesday')
fechas2/train/fechas2_005364.es.wav,el próximo lunes | next_day('monday')
fechas2/train/fechas2_005365.es.wav,el próximo lunes | next_day('monday')
fechas2/train/fechas2_005366.es.wav,en tres días | relative_day(+3)
fechas2/train/fechas2_005367.es.wav,este jueves | next_day('thursday')
fechas2/train/fechas2_005368.es.wav,el próximo lunes | next_day('monday')
fechas2/train/fechas2_005369.es.wav,en tres días | relative_day(+3)
fechas2/train/fechas2_005370.es.wav,este lunes | next_day('monday')
fechas2/train/fechas2_005371.es.wav,el lunes siguiente | next_day('monday')
fechas2/train/fechas2_005372.es.wav,este miércoles próximo | next_day('wednesday')
fechas2/train/fechas2_005373.es.wav,el siguiente martes | next_day('tuesday')
fechas2/train/fechas2_005374.es.wav,este martes próximo | next_day('tuesday')
fechas2/train/fechas2_005375.es.wav,el próximo miércoles | next_day('wednesday')
fechas2/train/fechas2_005376.es.wav,el martes que viene | next_day('tuesday')
fechas2/train/fechas2_005377.es.wav,el siguiente miércoles | next_day('wednesday')
fechas2/train/fechas2_005378.es.wav,en tres días | relative_day(+3)
fechas2/train/fechas2_005379.es.wav,el siguiente lunes gracias | next_day('monday')
fechas2/train/fechas2_005380.es.wav,el próximo viernes | next_day('friday')
fechas2/train/fechas2_005381.es.wav,pasado mañana | relative_day(+2)
fechas2/train/fechas2_005382.es.wav,en un par de días | relative_day(+2)
fechas2/train/fechas2_005383.es.wav,este jueves próximo | next_day('thursday')
fechas2/train/fechas2_005384.es.wav,este lunes | next_day('monday')
fechas2/train/fechas2_005385.es.wav,en un par de días | relative_day(+2)
fechas2/train/fechas2_005386.es.wav,el miércoles próximo | next_day('wednesday')
fechas2/train/fechas2_005387.es.wav,este viernes | next_day('friday')
fechas2/train/fechas2_005388.es.wav,por favor el siguiente lunes | next_day('monday')
fechas2/train/fechas2_005389.es.wav,el próximo martes | next_day('tuesday')
fechas2/train/fechas2_005390.es.wav,este viernes | next_day('friday')
fechas2/train/fechas2_005391.es.wav,por favor este martes próximo | next_day('tuesday')
fechas2/train/fechas2_005392.es.wav,este miércoles que viene | next_day('wednesday')
fechas2/train/fechas2_005393.es.wav,por favor en un par de días | relative_day(+2)
fechas2/train/fechas2_005394.es.wav,el siguiente miércoles | next_day('wednesday')
fechas2/train/fechas2_005395.es.wav,este lunes | next_day('monday')
fechas2/train/fechas2_005396.es.wav,el próximo miércoles por favor | next_day('wednesday')
fechas2/train/fechas2_005397.es.wav,el siguiente viernes | next_day('friday')
fechas2/train/fechas2_005398.es.wav,en un par de días | relative_day(+2)
fechas2/train/fechas2_005399.es.wav,el lunes que viene | next_day('monday')
fechas2/train/fechas2_005400.es.wav,el jueves | next_day('thursday')
fechas2/train/fechas2_005401.es.wav,en un par de días por favor | relative_day(+2)
fechas2/train/fechas2_005402.es.wav,en tres días por favor | relative_day(+3)
fechas2/train/fechas2_005403.es.wav,este viernes | next_day('friday')
fechas2/train/fechas2_005404.es.wav,el miércoles por favor | next_day('wednesday')
fechas2/train/fechas2_005405.es.wav,el siguiente miércoles | next_day('wednesday')
fechas2/train/fechas2_005406.es.wav,el siguiente miércoles | next_day('wednesday')
fechas2/train/fechas2_005407.es.wav,este lunes que viene por favor | next_day('monday')
fechas2/train/fechas2_005408.es.wav,en un par de días | relative_day(+2)
fechas2/train/fechas2_005409.es.wav,el próximo viernes | next_day('friday')
fechas2/train/fechas2_005410.es.wav,el siguiente miércoles | next_day('wednesday')
fechas2/train/fechas2_005411.es.wav,pasado mañana por favor | relative_day(+2)
fechas2/train/fechas2_005412.es.wav,por favor este jueves próximo | next_day('thursday')
fechas2/train/fechas2_005413.es.wav,el viernes próximo | next_day('friday')
fechas2/train/fechas2_005414.es.wav,el próximo jueves | next_day('thursday')
fechas2/train/fechas2_005415.es.wav,el viernes | next_day('friday')
fechas2/train/fechas2_005416.es.wav,en un par de días gracias | relative_day(+2)
fechas2/train/fechas2_005417.es.wav,este miércoles | next_day('wednesday')
fechas2/train/fechas2_005418.es.wav,este lunes próximo | next_day('monday')
fechas2/train/fechas2_005419.es.wav,el lunes | next_day('monday')
fechas2/train/fechas2_005420.es.wav,por favor el siguiente miércoles | next_day('wednesday')
fechas2/train/fechas2_005421.es.wav,por favor el siguiente lunes | next_day('monday')
fechas2/train/fechas2_005422.es.wav,por favor el siguiente viernes | next_day('friday')
fechas2/train/fechas2_005423.es.wav,este viernes siguiente gracias | next_day('friday')
fechas2/train/fechas2_005424.es.wav,por favor el próximo jueves | next_day('thursday')
fechas2/train/fechas2_005425.es.wav,el lunes | next_day('monday')
fechas2/train/fechas2_005426.es.wav,el miércoles siguiente | next_day('wednesday')
fechas2/train/fechas2_005427.es.wav,por favor el próximo lunes | next_day('monday')
fechas2/train/fechas2_005428.es.wav,por favor el lunes que viene | next_day('monday')
fechas2/train/fechas2_005429.es.wav,el miércoles próximo | next_day('wednesday')
fechas2/train/fechas2_005430.es.wav,por favor en tres días | relative_day(+3)
fechas2/train/fechas2_005431.es.wav,este miércoles | next_day('wednesday')
fechas2/train/fechas2_005432.es.wav,este martes que viene gracias | next_day('tuesday')
fechas2/train/fechas2_005433.es.wav,en tres días | relative_day(+3)
fechas2/train/fechas2_005434.es.wav,el lunes próximo gracias | next_day('monday')
fechas2/train/fechas2_005435.es.wav,en un par de días gracias | relative_day(+2)
fechas2/train/fechas2_005436.es.wav,este viernes que viene gracias | next_day('friday')
fechas2/train/fechas2_005437.es.wav,mañana | relative_day(+1)
fechas2/train/fechas2_005438.es.wav,el próximo viernes gracias | next_day('friday')
fechas2/train/fechas2_005439.es.wav,el miércoles | next_day('wednesday')
fechas2/train/fechas2_005440.es.wav,en un par de días gracias | relative_day(+2)
fechas2/train/fechas2_005441.es.wav,el lunes que viene gracias | next_day('monday')
fechas2/train/fechas2_005442.es.wav,este martes que viene por favor | next_day('tuesday')
fechas2/train/fechas2_005443.es.wav,por favor pasado mañana | relative_day(+2)
fechas2/train/fechas2_005444.es.wav,el lunes que viene por favor | next_day('monday')
fechas2/train/fechas2_005445.es.wav,mañana | relative_day(+1)
fechas2/train/fechas2_005446.es.wav,el próximo viernes | next_day('friday')
fechas2/train/fechas2_005447.es.wav,este viernes | next_day('friday')
fechas2/train/fechas2_005448.es.wav,el viernes | next_day('friday')
fechas2/train/fechas2_005449.es.wav,mañana gracias | relative_day(+1)
fechas2/train/fechas2_005450.es.wav,este lunes siguiente | next_day('monday')
fechas2/train/fechas2_005451.es.wav,por favor el siguiente viernes | next_day('friday')
fechas2/train/fechas2_005452.es.wav,el martes que viene por favor | next_day('tuesday')
fechas2/train/fechas2_005453.es.wav,este miércoles siguiente gracias | next_day('wednesday')
fechas2/train/fechas2_005454.es.wav,pasado mañana | relative_day(+2)
fechas2/train/fechas2_005455.es.wav,este martes siguiente | next_day('tuesday')
fechas2/train/fechas2_005456.es.wav,el siguiente miércoles gracias | next_day('wednesday')
fechas2/train/fechas2_005457.es.wav,en tres días | relative_day(+3)
fechas2/train/fechas2_005458.es.wav,el siguiente lunes | next_day('monday')
fechas2/train/fechas2_005459.es.wav,este jueves | next_day('thursday')
fechas2/train/fechas2_005460.es.wav,este miércoles | next_day('wednesday')
fechas2/train/fechas2_005461.es.wav,el siguiente lunes | next_day('monday')
fechas2/train/fechas2_005462.es.wav,en tres días | relative_day(+3)
fechas2/train/fechas2_005463.es.wav,el siguiente lunes | next_day('monday')
fechas2/train/fechas2_005464.es.wav,en tres días | relative_day(+3)
fechas2/train/fechas2_005465.es.wav,por favor el siguiente jueves | next_day('thursday')
fechas2/train/fechas2_005466.es.wav,por favor pasado mañana | relative_day(+2)
fechas2/train/fechas2_005467.es.wav,el siguiente martes | next_day('tuesday')
fechas2/train/fechas2_005468.es.wav,el próximo martes por favor | next_day('tuesday')
fechas2/train/fechas2_005469.es.wav,el siguiente lunes | next_day('monday')
fechas2/train/fechas2_005470.es.wav,en tres días | relative_day(+3)
fechas2/train/fechas2_005471.es.wav,el siguiente miércoles | next_day('wednesday')
fechas2/train/fechas2_005472.es.wav,este viernes que viene | next_day('friday')
fechas2/train/fechas2_005473.es.wav,en tres días | relative_day(+3)
fechas2/train/fechas2_005474.es.wav,en un par de días | relative_day(+2)
fechas2/train/fechas2_005475.es.wav,en tres días por favor | relative_day(+3)
fechas2/train/fechas2_005476.es.wav,por favor este jueves | next_day('thursday')
fechas2/train/fechas2_005477.es.wav,por favor el viernes que viene | next_day('friday')
fechas2/train/fechas2_005478.es.wav,el siguiente lunes | next_day('monday')
fechas2/train/fechas2_005479.es.wav,mañana por favor | relative_day(+1)
fechas2/train/fechas2_005480.es.wav,el martes por favor | next_day('tuesday')
fechas2/train/fechas2_005481.es.wav,por favor este martes que viene | next_day('tuesday')
fechas2/train/fechas2_005482.es.wav,el siguiente viernes | next_day('friday')
fechas2/train/fechas2_005483.es.wav,este lunes próximo | next_day('monday')
fechas2/train/fechas2_005484.es.wav,el próximo viernes | next_day('friday')
fechas2/train/fechas2_005485.es.wav,en un par de días por favor | relative_day(+2)
fechas2/train/fechas2_005486.es.wav,en un par de días | relative_day(+2)
fechas2/train/fechas2_005487.es.wav,pasado mañana | relative_day(+2)
fechas2/train/fechas2_005488.es.wav,por favor este lunes siguiente | next_day('monday')
fechas2/train/fechas2_005489.es.wav,el próximo miércoles | next_day('wednesday')
fechas2/train/fechas2_005490.es.wav,este miércoles por favor | next_day('wednesday')
fechas2/train/fechas2_005491.es.wav,por favor este martes | next_day('tuesday')
fechas2/train/fechas2_005492.es.wav,por favor pasado mañana | relative_day(+2)
fechas2/train/fechas2_005493.es.wav,el siguiente miércoles por favor | next_day('wednesday')
fechas2/train/fechas2_005494.es.wav,el próximo viernes | next_day('friday')
fechas2/train/fechas2_005495.es.wav,el miércoles que viene | next_day('wednesday')
fechas2/train/fechas2_005496.es.wav,en tres días gracias | relative_day(+3)
fechas2/train/fechas2_005497.es.wav,por favor el próximo viernes | next_day('friday')
fechas2/train/fechas2_005498.es.wav,el martes | next_day('tuesday')
fechas2/train/fechas2_005499.es.wav,en tres días | relative_day(+3)
fechas2/train/fechas2_005500.es.wav,por favor en un par de días | relative_day(+2)
fechas2/train/fechas2_005501.es.wav,el viernes que viene | next_day('friday')
fechas2/train/fechas2_005502.es.wav,este viernes que viene | next_day('friday')
fechas2/train/fechas2_005503.es.wav,por favor en tres días | relative_day(+3)
fechas2/train/fechas2_005504.es.wav,el próximo jueves | next_day('thursday')
fechas2/train/fechas2_005505.es.wav,en tres días | relative_day(+3)
fechas2/train/fechas2_005506.es.wav,por favor el próximo lunes | next_day('monday')
fechas2/train/fechas2_005507.es.wav,este lunes que viene | next_day('monday')
fechas2/train/fechas2_005508.es.wav,el lunes | next_day('monday')
fechas2/train/fechas2_005509.es.wav,en tres días gracias | relative_day(+3)
fechas2/train/fechas2_005510.es.wav,por favor en un par de días | relative_day(+2)
fechas2/train/fechas2_005511.es.wav,este jueves | next_day('thursday')
fechas2/train/fechas2_005512.es.wav,por favor el lunes que viene | next_day('monday')
fechas2/train/fechas2_005513.es.wav,el miércoles por favor | next_day('wednesday')
fechas2/train/fechas2_005514.es.wav,el siguiente jueves | next_day('thursday')
fechas2/train/fechas2_005515.es.wav,el siguiente lunes | next_day('monday')
fechas2/train/fechas2_005516.es.wav,el miércoles gracias | next_day('wednesday')
fechas2/train/fechas2_005517.es.wav,el miércoles | next_day('wednesday')
fechas2/train/fechas2_005518.es.wav,pasado mañana | relative_day(+2)
fechas2/train/fechas2_005519.es.wav,por favor en un par de días | relative_day(+2)
fechas2/train/fechas2_005520.es.wav,pasado mañana | relative_day(+2)
fechas2/train/fechas2_005521.es.wav,por favor en tres días | relative_day(+3)
fechas2/train/fechas2_005522.es.wav,en un par de días | relative_day(+2)
fechas2/train/fechas2_005523.es.wav,mañana | relative_day(+1)
fechas2/train/fechas2_005524.es.wav,el próximo viernes | next_day('friday')
fechas2/train/fechas2_005525.es.wav,el lunes por favor | next_day('monday')
fechas2/train/fechas2_005526.es.wav,el martes gracias | next_day('tuesday')
fechas2/train/fechas2_005527.es.wav,en tres días | relative_day(+3)
fechas2/train/fechas2_005528.es.wav,en un par de días por favor | relative_day(+2)
fechas2/train/fechas2_005529.es.wav,mañana | relative_day(+1)
fechas2/train/fechas2_005530.es.wav,el viernes próximo | next_day('friday')
fechas2/train/fechas2_005531.es.wav,el próximo lunes | next_day('monday')
fechas2/train/fechas2_005532.es.wav,el viernes próximo | next_day('friday')
fechas2/train/fechas2_005533.es.wav,por favor este martes | next_day('tuesday')
fechas2/train/fechas2_005534.es.wav,el próximo jueves | next_day('thursday')
fechas2/train/fechas2_005535.es.wav,mañana | relative_day(+1)
fechas2/train/fechas2_005536.es.wav,en tres días | relative_day(+3)
fechas2/train/fechas2_005537.es.wav,el miércoles que viene | next_day('wednesday')
fechas2/train/fechas2_005538.es.wav,este martes | next_day('tuesday')
fechas2/train/fechas2_005539.es.wav,por favor este viernes | next_day('friday')
fechas2/train/fechas2_005540.es.wav,por favor el viernes que viene | next_day('friday')
fechas2/train/fechas2_005541.es.wav,el siguiente jueves | next_day('thursday')
fechas2/train/fechas2_005542.es.wav,por favor el siguiente martes | next_day('tuesday')
fechas2/train/fechas2_005543.es.wav,el miércoles siguiente | next_day('wednesday')
fechas2/train/fechas2_005544.es.wav,por favor en un par de días | relative_day(+2)
fechas2/train/fechas2_005545.es.wav,el siguiente miércoles | next_day('wednesday')
fechas2/train/fechas2_005546.es.wav,el miércoles próximo | next_day('wednesday')
fechas2/train/fechas2_005547.es.wav,en tres días | relative_day(+3)
fechas2/train/fechas2_005548.es.wav,el próximo viernes por favor | next_day('friday')
fechas2/train/fechas2_005549.es.wav,el próximo jueves | next_day('thursday')
fechas2/train/fechas2_005550.es.wav,este miércoles | next_day('wednesday')
fechas2/train/fechas2_005551.es.wav,el próximo martes por favor | next_day('tuesday')
fechas2/train/fechas2_005552.es.wav,en tres días | relative_day(+3)
fechas2/train/fechas2_005553.es.wav,el siguiente miércoles gracias | next_day('wednesday')
fechas2/train/fechas2_005554.es.wav,por favor en tres días | relative_day(+3)
fechas2/train/fechas2_005555.es.wav,el próximo miércoles por favor | next_day('wednesday')
fechas2/train/fechas2_005556.es.wav,por favor en un par de días | relative_day(+2)
fechas2/train/fechas2_005557.es.wav,en tres días | relative_day(+3)
fechas2/train/fechas2_005558.es.wav,el martes que viene | next_day('tuesday')
fechas2/train/fechas2_005559.es.wav,el próximo lunes gracias | next_day('monday')
fechas2/train/fechas2_005560.es.wav,el jueves que viene | next_day('thursday')
fechas2/train/fechas2_005561.es.wav,en un par de días | relative_day(+2)
fechas2/train/fechas2_005562.es.wav,por favor el miércoles | next_day('wednesday')
fechas2/train/fechas2_005563.es.wav,por favor el próximo viernes | next_day('friday')
fechas2/train/fechas2_005564.es.wav,el martes | next_day('tuesday')
fechas2/train/fechas2_005565.es.wav,el siguiente lunes | next_day('monday')
fechas2/train/fechas2_005566.es.wav,el jueves que viene | next_day('thursday')
fechas2/train/fechas2_005567.es.wav,este jueves próximo | next_day('thursday')
fechas2/train/fechas2_005568.es.wav,el viernes próximo | next_day('friday')
fechas2/train/fechas2_005569.es.wav,este viernes que viene | next_day('friday')
fechas2/train/fechas2_005570.es.wav,por favor el jueves siguiente | next_day('thursday')
fechas2/train/fechas2_005571.es.wav,pasado mañana | relative_day(+2)
fechas2/train/fechas2_005572.es.wav,el próximo lunes | next_day('monday')
fechas2/train/fechas2_005573.es.wav,el jueves próximo | next_day('thursday')
fechas2/train/fechas2_005574.es.wav,por favor en tres días | relative_day(+3)
fechas2/train/fechas2_005575.es.wav,el próximo miércoles por favor | next_day('wednesday')
fechas2/train/fechas2_005576.es.wav,este jueves | next_day('thursday')
fechas2/train/fechas2_005577.es.wav,el siguiente martes gracias | next_day('tuesday')
fechas2/train/fechas2_005578.es.wav,el jueves próximo | next_day('thursday')
fechas2/train/fechas2_005579.es.wav,el siguiente miércoles | next_day('wednesday')
fechas2/train/fechas2_005580.es.wav,el jueves siguiente | next_day('thursday')
fechas2/train/fechas2_005581.es.wav,el viernes gracias | next_day('friday')
fechas2/train/fechas2_005582.es.wav,el martes | next_day('tuesday')
fechas2/train/fechas2_005583.es.wav,este viernes próximo | next_day('friday')
fechas2/train/fechas2_005584.es.wav,el viernes próximo | next_day('friday')
fechas2/train/fechas2_005585.es.wav,en tres días por favor | relative_day(+3)
fechas2/train/fechas2_005586.es.wav,por favor el próximo lunes | next_day('monday')
fechas2/train/fechas2_005587.es.wav,el siguiente miércoles | next_day('wednesday')
fechas2/train/fechas2_005588.es.wav,el siguiente lunes | next_day('monday')
fechas2/train/fechas2_005589.es.wav,el próximo viernes | next_day('friday')
fechas2/train/fechas2_005590.es.wav,el martes que viene por favor | next_day('tuesday')
fechas2/train/fechas2_005591.es.wav,el próximo miércoles | next_day('wednesday')
fechas2/train/fechas2_005592.es.wav,este viernes | next_day('friday')
fechas2/train/fechas2_005593.es.wav,el jueves | next_day('thursday')
fechas2/train/fechas2_005594.es.wav,el lunes por favor | next_day('monday')
fechas2/train/fechas2_005595.es.wav,en un par de días | relative_day(+2)
fechas2/train/fechas2_005596.es.wav,por favor en un par de días | relative_day(+2)
fechas2/train/fechas2_005597.es.wav,el jueves siguiente por favor | next_day('thursday')
fechas2/train/fechas2_005598.es.wav,mañana | relative_day(+1)
fechas2/train/fechas2_005599.es.wav,el siguiente martes por favor | next_day('tuesday')
fechas2/train/fechas2_005600.es.wav,por favor en tres días | relative_day(+3)
fechas2/train/fechas2_005601.es.wav,en tres días | relative_day(+3)
fechas2/train/fechas2_005602.es.wav,el lunes que viene | next_day('monday')
fechas2/train/fechas2_005603.es.wav,el miércoles | next_day('wednesday')
fechas2/train/fechas2_005604.es.wav,el viernes próximo | next_day('friday')
fechas2/train/fechas2_005605.es.wav,el siguiente jueves | next_day('thursday')
fechas2/train/fechas2_005606.es.wav,este jueves | next_day('thursday')
fechas2/train/fechas2_005607.es.wav,este martes siguiente | next_day('tuesday')
fechas2/train/fechas2_005608.es.wav,este martes siguiente | next_day('tuesday')
fechas2/train/fechas2_005609.es.wav,el siguiente miércoles | next_day('wednesday')
fechas2/train/fechas2_005610.es.wav,el siguiente miércoles | next_day('wednesday')
fechas2/train/fechas2_005611.es.wav,mañana | relative_day(+1)
fechas2/train/fechas2_005612.es.wav,en un par de días | relative_day(+2)
fechas2/train/fechas2_005613.es.wav,este martes próximo | next_day('tuesday')
fechas2/train/fechas2_005614.es.wav,por favor pasado mañana | relative_day(+2)
fechas2/train/fechas2_005615.es.wav,el próximo lunes | next_day('monday')
fechas2/train/fechas2_005616.es.wav,el jueves próximo | next_day('thursday')
fechas2/train/fechas2_005617.es.wav,este viernes próximo | next_day('friday')
fechas2/train/fechas2_005618.es.wav,este viernes siguiente por favor | next_day('friday')
fechas2/train/fechas2_005619.es.wav,el siguiente lunes | next_day('monday')
fechas2/train/fechas2_005620.es.wav,el próximo martes | next_day('tuesday')
fechas2/train/fechas2_005621.es.wav,por favor el lunes | next_day('monday')
fechas2/train/fechas2_005622.es.wav,el próximo jueves | next_day('thursday')
fechas2/train/fechas2_005623.es.wav,este viernes | next_day('friday')
fechas2/train/fechas2_005624.es.wav,este jueves gracias | next_day('thursday')
fechas2/train/fechas2_005625.es.wav,en un par de días | relative_day(+2)
fechas2/train/fechas2_005626.es.wav,el martes por favor | next_day('tuesday')
fechas2/train/fechas2_005627.es.wav,por favor este jueves | next_day('thursday')
fechas2/train/fechas2_005628.es.wav,este miércoles que viene | next_day('wednesday')
fechas2/train/fechas2_005629.es.wav,por favor este jueves próximo | next_day('thursday')
fechas2/train/fechas2_005630.es.wav,el siguiente viernes | next_day('friday')
fechas2/train/fechas2_005631.es.wav,el miércoles | next_day('wednesday')
fechas2/train/fechas2_005632.es.wav,el viernes que viene gracias | next_day('friday')
fechas2/train/fechas2_005633.es.wav,pasado mañana | relative_day(+2)
fechas2/train/fechas2_005634.es.wav,el siguiente lunes gracias | next_day('monday')
fechas2/train/fechas2_005635.es.wav,el martes siguiente por favor | next_day('tuesday')
fechas2/train/fechas2_005636.es.wav,el siguiente miércoles gracias | next_day('wednesday')
fechas2/train/fechas2_005637.es.wav,el próximo viernes | next_day('friday')
fechas2/train/fechas2_005638.es.wav,mañana gracias | relative_day(+1)
fechas2/train/fechas2_005639.es.wav,por favor el siguiente martes | next_day('tuesday')
fechas2/train/fechas2_005640.es.wav,este lunes que viene | next_day('monday')
fechas2/train/fechas2_005641.es.wav,el próximo miércoles por favor | next_day('wednesday')
fechas2/train/fechas2_005642.es.wav,el miércoles siguiente | next_day('wednesday')
fechas2/train/fechas2_005643.es.wav,el jueves próximo | next_day('thursday')
fechas2/train/fechas2_005644.es.wav,el jueves | next_day('thursday')
fechas2/train/fechas2_005645.es.wav,el siguiente martes | next_day('tuesday')
fechas2/train/fechas2_005646.es.wav,el martes | next_day('tuesday')
fechas2/train/fechas2_005647.es.wav,por favor este miércoles próximo | next_day('wednesday')
fechas2/train/fechas2_005648.es.wav,el lunes siguiente | next_day('monday')
fechas2/train/fechas2_005649.es.wav,este jueves | next_day('thursday')
fechas2/train/fechas2_005650.es.wav,el jueves siguiente gracias | next_day('thursday')
fechas2/train/fechas2_005651.es.wav,el miércoles | next_day('wednesday')
fechas2/train/fechas2_005652.es.wav,por favor pasado mañana | relative_day(+2)
fechas2/train/fechas2_005653.es.wav,en un par de días | relative_day(+2)
fechas2/train/fechas2_005654.es.wav,el miércoles próximo gracias | next_day('wednesday')
fechas2/train/fechas2_005655.es.wav,el próximo miércoles | next_day('wednesday')
fechas2/train/fechas2_005656.es.wav,en tres días | relative_day(+3)
fechas2/train/fechas2_005657.es.wav,el próximo martes | next_day('tuesday')
fechas2/train/fechas2_005658.es.wav,por favor en un par de días | relative_day(+2)
fechas2/train/fechas2_005659.es.wav,por favor en tres días | relative_day(+3)
fechas2/train/fechas2_005660.es.wav,el próximo miércoles por favor | next_day('wednesday')
fechas2/train/fechas2_005661.es.wav,el siguiente jueves por favor | next_day('thursday')
fechas2/train/fechas2_005662.es.wav,por favor el lunes | next_day('monday')
fechas2/train/fechas2_005663.es.wav,en un par de días | relative_day(+2)
fechas2/train/fechas2_005664.es.wav,el martes próximo | next_day('tuesday')
fechas2/train/fechas2_005665.es.wav,por favor el viernes siguiente | next_day('friday')
fechas2/train/fechas2_005666.es.wav,este viernes | next_day('friday')
fechas2/train/fechas2_005667.es.wav,en tres días por favor | relative_day(+3)
fechas2/train/fechas2_005668.es.wav,el miércoles | next_day('wednesday')
fechas2/train/fechas2_005669.es.wav,por favor este miércoles siguiente | next_day('wednesday')
fechas2/train/fechas2_005670.es.wav,este martes gracias | next_day('tuesday')
fechas2/train/fechas2_005671.es.wav,en tres días | relative_day(+3)
fechas2/train/fechas2_005672.es.wav,el próximo viernes gracias | next_day('friday')
fechas2/train/fechas2_005673.es.wav,el martes gracias | next_day('tuesday')
fechas2/train/fechas2_005674.es.wav,por favor en un par de días | relative_day(+2)
fechas2/train/fechas2_005675.es.wav,el jueves próximo | next_day('thursday')
fechas2/train/fechas2_005676.es.wav,mañana por favor | relative_day(+1)
fechas2/train/fechas2_005677.es.wav,este viernes | next_day('friday')
fechas2/train/fechas2_005678.es.wav,en tres días | relative_day(+3)
fechas2/train/fechas2_005679.es.wav,este viernes que viene | next_day('friday')
fechas2/train/fechas2_005680.es.wav,por favor en un par de días | relative_day(+2)
fechas2/train/fechas2_005681.es.wav,el próximo martes por favor | next_day('tuesday')
fechas2/train/fechas2_005682.es.wav,mañana | relative_day(+1)
fechas2/train/fechas2_005683.es.wav,por favor el miércoles | next_day('wednesday')
fechas2/train/fechas2_005684.es.wav,en tres días | relative_day(+3)
fechas2/train/fechas2_005685.es.wav,el siguiente lunes gracias | next_day('monday')
fechas2/train/fechas2_005686.es.wav,en tres días | relative_day(+3)
fechas2/train/fechas2_005687.es.wav,el martes próximo gracias | next_day('tuesday')
fechas2/train/fechas2_005688.es.wav,este viernes próximo gracias | next_day('friday')
fechas2/train/fechas2_005689.es.wav,este martes siguiente | next_day('tuesday')
fechas2/train/fechas2_005690.es.wav,este jueves que viene | next_day('thursday')
fechas2/train/fechas2_005691.es.wav,este miércoles próximo | next_day('wednesday')
fechas2/train/fechas2_005692.es.wav,mañana | relative_day(+1)
fechas2/train/fechas2_005693.es.wav,el siguiente jueves | next_day('thursday')
fechas2/train/fechas2_005694.es.wav,en tres días | relative_day(+3)
fechas2/train/fechas2_005695.es.wav,este jueves siguiente por favor | next_day('thursday')
fechas2/train/fechas2_005696.es.wav,pasado mañana por favor | relative_day(+2)
fechas2/train/fechas2_005697.es.wav,por favor en tres días | relative_day(+3)
fechas2/train/fechas2_005698.es.wav,en tres días gracias | relative_day(+3)
fechas2/train/fechas2_005699.es.wav,en un par de días | relative_day(+2)
fechas2/train/fechas2_005700.es.wav,pasado mañana | relative_day(+2)
fechas2/train/fechas2_005701.es.wav,el viernes siguiente | next_day('friday')
fechas2/train/fechas2_005702.es.wav,en un par de días por favor | relative_day(+2)
fechas2/train/fechas2_005703.es.wav,el martes próximo | next_day('tuesday')
fechas2/train/fechas2_005704.es.wav,este martes siguiente | next_day('tuesday')
fechas2/train/fechas2_005705.es.wav,el siguiente viernes | next_day('friday')
fechas2/train/fechas2_005706.es.wav,este martes gracias | next_day('tuesday')
fechas2/train/fechas2_005707.es.wav,el viernes | next_day('friday')
fechas2/train/fechas2_005708.es.wav,el lunes próximo | next_day('monday')
fechas2/train/fechas2_005709.es.wav,este miércoles | next_day('wednesday')
fechas2/train/fechas2_005710.es.wav,por favor este jueves | next_day('thursday')
fechas2/train/fechas2_005711.es.wav,mañana | relative_day(+1)
fechas2/train/fechas2_005712.es.wav,el lunes | next_day('monday')
fechas2/train/fechas2_005713.es.wav,mañana | relative_day(+1)
fechas2/train/fechas2_005714.es.wav,por favor pasado mañana | relative_day(+2)
fechas2/train/fechas2_005715.es.wav,el miércoles que viene | next_day('wednesday')
fechas2/train/fechas2_005716.es.wav,en un par de días por favor | relative_day(+2)
fechas2/train/fechas2_005717.es.wav,por favor el siguiente lunes | next_day('monday')
fechas2/train/fechas2_005718.es.wav,el siguiente jueves | next_day('thursday')
fechas2/train/fechas2_005719.es.wav,el próximo viernes gracias | next_day('friday')
fechas2/train/fechas2_005720.es.wav,por favor el jueves próximo | next_day('thursday')
fechas2/train/fechas2_005721.es.wav,este martes siguiente | next_day('tuesday')
fechas2/train/fechas2_005722.es.wav,por favor mañana | relative_day(+1)
fechas2/train/fechas2_005723.es.wav,por favor en un par de días | relative_day(+2)
fechas2/train/fechas2_005724.es.wav,este viernes que viene | next_day('friday')
fechas2/train/fechas2_005725.es.wav,el siguiente miércoles | next_day('wednesday')
fechas2/train/fechas2_005726.es.wav,el martes siguiente | next_day('tuesday')
fechas2/train/fechas2_005727.es.wav,el próximo martes | next_day('tuesday')
fechas2/train/fechas2_005728.es.wav,este lunes que viene | next_day('monday')
fechas2/train/fechas2_005729.es.wav,por favor el martes próximo | next_day('tuesday')
fechas2/train/fechas2_005730.es.wav,el próximo miércoles | next_day('wednesday')
fechas2/train/fechas2_005731.es.wav,por favor este martes que viene | next_day('tuesday')
fechas2/train/fechas2_005732.es.wav,este miércoles próximo gracias | next_day('wednesday')
fechas2/train/fechas2_005733.es.wav,este miércoles | next_day('wednesday')
fechas2/train/fechas2_005734.es.wav,por favor el viernes que viene | next_day('friday')
fechas2/train/fechas2_005735.es.wav,el jueves siguiente | next_day('thursday')
fechas2/train/fechas2_005736.es.wav,en tres días gracias | relative_day(+3)
fechas2/train/fechas2_005737.es.wav,este lunes que viene por favor | next_day('monday')
fechas2/train/fechas2_005738.es.wav,el siguiente viernes gracias | next_day('friday')
fechas2/train/fechas2_005739.es.wav,en un par de días | relative_day(+2)
fechas2/train/fechas2_005740.es.wav,el siguiente viernes gracias | next_day('friday')
fechas2/train/fechas2_005741.es.wav,este martes gracias | next_day('tuesday')
fechas2/train/fechas2_005742.es.wav,el siguiente jueves | next_day('thursday')
fechas2/train/fechas2_005743.es.wav,el siguiente viernes | next_day('friday')
fechas2/train/fechas2_005744.es.wav,por favor el miércoles | next_day('wednesday')
fechas2/train/fechas2_005745.es.wav,el miércoles que viene | next_day('wednesday')
fechas2/train/fechas2_005746.es.wav,este miércoles siguiente | next_day('wednesday')
fechas2/train/fechas2_005747.es.wav,por favor el siguiente viernes | next_day('friday')
fechas2/train/fechas2_005748.es.wav,el viernes | next_day('friday')
fechas2/train/fechas2_005749.es.wav,el próximo jueves | next_day('thursday')
fechas2/train/fechas2_005750.es.wav,el viernes próximo por favor | next_day('friday')
fechas2/train/fechas2_005751.es.wav,por favor este jueves siguiente | next_day('thursday')
fechas2/train/fechas2_005752.es.wav,este miércoles gracias | next_day('wednesday')
fechas2/train/fechas2_005753.es.wav,el miércoles | next_day('wednesday')
fechas2/train/fechas2_005754.es.wav,pasado mañana por favor | relative_day(+2)
fechas2/train/fechas2_005755.es.wav,el próximo martes por favor | next_day('tuesday')
fechas2/train/fechas2_005756.es.wav,por favor este jueves | next_day('thursday')
fechas2/train/fechas2_005757.es.wav,por favor el lunes que viene | next_day('monday')
fechas2/train/fechas2_005758.es.wav,por favor el miércoles | next_day('wednesday')
fechas2/train/fechas2_005759.es.wav,en tres días | relative_day(+3)
fechas2/train/fechas2_005760.es.wav,el martes próximo | next_day('tuesday')
fechas2/train/fechas2_005761.es.wav,el lunes que viene | next_day('monday')
fechas2/train/fechas2_005762.es.wav,este miércoles por favor | next_day('wednesday')
fechas2/train/fechas2_005763.es.wav,en un par de días | relative_day(+2)
fechas2/train/fechas2_005764.es.wav,por favor el miércoles | next_day('wednesday')
fechas2/train/fechas2_005765.es.wav,en un par de días | relative_day(+2)
fechas2/train/fechas2_005766.es.wav,por favor el siguiente miércoles | next_day('wednesday')
fechas2/train/fechas2_005767.es.wav,el siguiente martes | next_day('tuesday')
fechas2/train/fechas2_005768.es.wav,el próximo martes | next_day('tuesday')
fechas2/train/fechas2_005769.es.wav,el siguiente martes | next_day('tuesday')
fechas2/train/fechas2_005770.es.wav,el viernes gracias | next_day('friday')
fechas2/train/fechas2_005771.es.wav,el próximo viernes | next_day('friday')
fechas2/train/fechas2_005772.es.wav,por favor el próximo martes | next_day('tuesday')
fechas2/train/fechas2_005773.es.wav,este lunes siguiente | next_day('monday')
fechas2/train/fechas2_005774.es.wav,por favor en un par de días | relative_day(+2)
fechas2/train/fechas2_005775.es.wav,en tres días | relative_day(+3)
fechas2/train/fechas2_005776.es.wav,en un par de días | relative_day(+2)
fechas2/train/fechas2_005777.es.wav,el miércoles | next_day('wednesday')
fechas2/train/fechas2_005778.es.wav,pasado mañana | relative_day(+2)
fechas2/train/fechas2_005779.es.wav,el siguiente viernes | next_day('friday')
fechas2/train/fechas2_005780.es.wav,el próximo miércoles | next_day('wednesday')
fechas2/train/fechas2_005781.es.wav,el siguiente viernes | next_day('friday')
fechas2/train/fechas2_005782.es.wav,el siguiente viernes | next_day('friday')
fechas2/train/fechas2_005783.es.wav,el siguiente martes gracias | next_day('tuesday')
fechas2/train/fechas2_005784.es.wav,este miércoles | next_day('wednesday')
fechas2/train/fechas2_005785.es.wav,el martes siguiente | next_day('tuesday')
fechas2/train/fechas2_005786.es.wav,en tres días | relative_day(+3)
fechas2/train/fechas2_005787.es.wav,por favor el miércoles que viene | next_day('wednesday')
fechas2/train/fechas2_005788.es.wav,en un par de días | relative_day(+2)
fechas2/train/fechas2_005789.es.wav,el siguiente miércoles | next_day('wednesday')
fechas2/train/fechas2_005790.es.wav,el jueves | next_day('thursday')
fechas2/train/fechas2_005791.es.wav,en tres días | relative_day(+3)
fechas2/train/fechas2_005792.es.wav,el próximo jueves | next_day('thursday')
fechas2/train/fechas2_005793.es.wav,por favor el martes siguiente | next_day('tuesday')
fechas2/train/fechas2_005794.es.wav,en tres días | relative_day(+3)
fechas2/train/fechas2_005795.es.wav,por favor en tres días | relative_day(+3)
fechas2/train/fechas2_005796.es.wav,el próximo martes | next_day('tuesday')
fechas2/train/fechas2_005797.es.wav,este jueves | next_day('thursday')
fechas2/train/fechas2_005798.es.wav,este martes siguiente | next_day('tuesday')
fechas2/train/fechas2_005799.es.wav,mañana | relative_day(+1)
fechas2/train/fechas2_005800.es.wav,el próximo martes | next_day('tuesday')
fechas2/train/fechas2_005801.es.wav,por favor el próximo viernes | next_day('friday')
fechas2/train/fechas2_005802.es.wav,el viernes que viene | next_day('friday')
fechas2/train/fechas2_005803.es.wav,en tres días | relative_day(+3)
fechas2/train/fechas2_005804.es.wav,el jueves que viene por favor | next_day('thursday')
fechas2/train/fechas2_005805.es.wav,el viernes siguiente | next_day('friday')
fechas2/train/fechas2_005806.es.wav,el próximo miércoles por favor | next_day('wednesday')
fechas2/train/fechas2_005807.es.wav,este viernes | next_day('friday')
fechas2/train/fechas2_005808.es.wav,este viernes que viene | next_day('friday')
fechas2/train/fechas2_005809.es.wav,el próximo lunes | next_day('monday')
fechas2/train/fechas2_005810.es.wav,en tres días gracias | relative_day(+3)
fechas2/train/fechas2_005811.es.wav,mañana | relative_day(+1)
fechas2/train/fechas2_005812.es.wav,en tres días | relative_day(+3)
fechas2/train/fechas2_005813.es.wav,por favor el próximo miércoles | next_day('wednesday')
fechas2/train/fechas2_005814.es.wav,este martes siguiente | next_day('tuesday')
fechas2/train/fechas2_005815.es.wav,el jueves | next_day('thursday')
fechas2/train/fechas2_005816.es.wav,por favor el jueves próximo | next_day('thursday')
fechas2/train/fechas2_005817.es.wav,este viernes | next_day('friday')
fechas2/train/fechas2_005818.es.wav,en tres días | relative_day(+3)
fechas2/train/fechas2_005819.es.wav,este lunes próximo por favor | next_day('monday')
fechas2/train/fechas2_005820.es.wav,este martes | next_day('tuesday')
fechas2/train/fechas2_005821.es.wav,por favor el siguiente miércoles | next_day('wednesday')
fechas2/train/fechas2_005822.es.wav,el próximo jueves | next_day('thursday')
fechas2/train/fechas2_005823.es.wav,en un par de días | relative_day(+2)
fechas2/train/fechas2_005824.es.wav,mañana por favor | relative_day(+1)
fechas2/train/fechas2_005825.es.wav,en tres días | relative_day(+3)
fechas2/train/fechas2_005826.es.wav,este martes gracias | next_day('tuesday')
fechas2/train/fechas2_005827.es.wav,el próximo jueves | next_day('thursday')
fechas2/train/fechas2_005828.es.wav,el viernes siguiente por favor | next_day('friday')
fechas2/train/fechas2_005829.es.wav,el miércoles siguiente | next_day('wednesday')
fechas2/train/fechas2_005830.es.wav,el siguiente lunes | next_day('monday')
fechas2/train/fechas2_005831.es.wav,en tres días | relative_day(+3)
fechas2/train/fechas2_005832.es.wav,el próximo martes | next_day('tuesday')
fechas2/train/fechas2_005833.es.wav,por favor en un par de días | relative_day(+2)
fechas2/train/fechas2_005834.es.wav,el próximo viernes | next_day('friday')
fechas2/train/fechas2_005835.es.wav,el siguiente miércoles gracias | next_day('wednesday')
fechas2/train/fechas2_005836.es.wav,el siguiente lunes | next_day('monday')
fechas2/train/fechas2_005837.es.wav,por favor el próximo viernes | next_day('friday')
fechas2/train/fechas2_005838.es.wav,mañana | relative_day(+1)
fechas2/train/fechas2_005839.es.wav,mañana | relative_day(+1)
fechas2/train/fechas2_005840.es.wav,pasado mañana | relative_day(+2)
fechas2/train/fechas2_005841.es.wav,mañana | relative_day(+1)
fechas2/train/fechas2_005842.es.wav,el próximo viernes por favor | next_day('friday')
fechas2/train/fechas2_005843.es.wav,el miércoles | next_day('wednesday')
fechas2/train/fechas2_005844.es.wav,el jueves | next_day('thursday')
fechas2/train/fechas2_005845.es.wav,el próximo viernes | next_day('friday')
fechas2/train/fechas2_005846.es.wav,en un par de días gracias | relative_day(+2)
fechas2/train/fechas2_005847.es.wav,mañana | relative_day(+1)
fechas2/train/fechas2_005848.es.wav,el martes | next_day('tuesday')
fechas2/train/fechas2_005849.es.wav,este martes próximo | next_day('tuesday')
fechas2/train/fechas2_005850.es.wav,el jueves próximo | next_day('thursday')
fechas2/train/fechas2_005851.es.wav,en tres días | relative_day(+3)
fechas2/train/fechas2_005852.es.wav,el lunes siguiente | next_day('monday')
fechas2/train/fechas2_005853.es.wav,este jueves por favor | next_day('thursday')
fechas2/train/fechas2_005854.es.wav,pasado mañana | relative_day(+2)
fechas2/train/fechas2_005855.es.wav,el lunes | next_day('monday')
fechas2/train/fechas2_005856.es.wav,el próximo lunes gracias | next_day('monday')
fechas2/train/fechas2_005857.es.wav,el miércoles | next_day('wednesday')
fechas2/train/fechas2_005858.es.wav,el lunes que viene | next_day('monday')
fechas2/train/fechas2_005859.es.wav,por favor en tres días | relative_day(+3)
fechas2/train/fechas2_005860.es.wav,este lunes | next_day('monday')
fechas2/train/fechas2_005861.es.wav,el siguiente jueves | next_day('thursday')
fechas2/train/fechas2_005862.es.wav,en tres días por favor | relative_day(+3)
fechas2/train/fechas2_005863.es.wav,el próximo viernes por favor | next_day('friday')
fechas2/train/fechas2_005864.es.wav,por favor en un par de días | relative_day(+2)
fechas2/train/fechas2_005865.es.wav,pasado mañana | relative_day(+2)
fechas2/train/fechas2_005866.es.wav,el miércoles gracias | next_day('wednesday')
fechas2/train/fechas2_005867.es.wav,este lunes siguiente por favor | next_day('monday')
fechas2/train/fechas2_005868.es.wav,en tres días gracias | relative_day(+3)
fechas2/train/fechas2_005869.es.wav,en tres días | relative_day(+3)
fechas2/train/fechas2_005870.es.wav,por favor este jueves siguiente | next_day('thursday')
fechas2/train/fechas2_005871.es.wav,este miércoles que viene | next_day('wednesday')
fechas2/train/fechas2_005872.es.wav,el próximo jueves | next_day('thursday')
fechas2/train/fechas2_005873.es.wav,el miércoles que viene | next_day('wednesday')
fechas2/train/fechas2_005874.es.wav,este lunes por favor | next_day('monday')
fechas2/train/fechas2_005875.es.wav,en un par de días por favor | relative_day(+2)
fechas2/train/fechas2_005876.es.wav,este lunes | next_day('monday')
fechas2/train/fechas2_005877.es.wav,el próximo martes | next_day('tuesday')
fechas2/train/fechas2_005878.es.wav,este lunes que viene | next_day('monday')
fechas2/train/fechas2_005879.es.wav,el viernes | next_day('friday')
fechas2/train/fechas2_005880.es.wav,en tres días | relative_day(+3)
fechas2/train/fechas2_005881.es.wav,en tres días por favor | relative_day(+3)
fechas2/train/fechas2_005882.es.wav,pasado mañana | relative_day(+2)
fechas2/train/fechas2_005883.es.wav,este viernes próximo gracias | next_day('friday')
fechas2/train/fechas2_005884.es.wav,mañana | relative_day(+1)
fechas2/train/fechas2_005885.es.wav,el siguiente jueves | next_day('thursday')
fechas2/train/fechas2_005886.es.wav,por favor el siguiente lunes | next_day('monday')
fechas2/train/fechas2_005887.es.wav,en tres días | relative_day(+3)
fechas2/train/fechas2_005888.es.wav,en tres días por favor | relative_day(+3)
fechas2/train/fechas2_005889.es.wav,mañana | relative_day(+1)
fechas2/train/fechas2_005890.es.wav,por favor mañana | relative_day(+1)
fechas2/train/fechas2_005891.es.wav,el siguiente lunes | next_day('monday')
fechas2/train/fechas2_005892.es.wav,el próximo miércoles | next_day('wednesday')
fechas2/train/fechas2_005893.es.wav,este martes que viene | next_day('tuesday')
fechas2/train/fechas2_005894.es.wav,en tres días | relative_day(+3)
fechas2/train/fechas2_005895.es.wav,el siguiente lunes | next_day('monday')
fechas2/train/fechas2_005896.es.wav,en un par de días | relative_day(+2)
fechas2/train/fechas2_005897.es.wav,en un par de días | relative_day(+2)
fechas2/train/fechas2_005898.es.wav,por favor pasado mañana | relative_day(+2)
fechas2/train/fechas2_005899.es.wav,por favor el próximo miércoles | next_day('wednesday')
fechas2/train/fechas2_005900.es.wav,el próximo viernes | next_day('friday')
fechas2/train/fechas2_005901.es.wav,este viernes siguiente | next_day('friday')
fechas2/train/fechas2_005902.es.wav,el lunes próximo | next_day('monday')
fechas2/train/fechas2_005903.es.wav,el jueves | next_day('thursday')
fechas2/train/fechas2_005904.es.wav,pasado mañana | relative_day(+2)
fechas2/train/fechas2_005905.es.wav,por favor el jueves que viene | next_day('thursday')
fechas2/train/fechas2_005906.es.wav,este martes | next_day('tuesday')
fechas2/train/fechas2_005907.es.wav,el próximo miércoles | next_day('wednesday')
fechas2/train/fechas2_005908.es.wav,el martes | next_day('tuesday')
fechas2/train/fechas2_005909.es.wav,por favor el siguiente miércoles | next_day('wednesday')
fechas2/train/fechas2_005910.es.wav,en un par de días | relative_day(+2)
fechas2/train/fechas2_005911.es.wav,este miércoles | next_day('wednesday')
fechas2/train/fechas2_005912.es.wav,este viernes próximo | next_day('friday')
fechas2/train/fechas2_005913.es.wav,este viernes por favor | next_day('friday')
fechas2/train/fechas2_005914.es.wav,el martes que viene gracias | next_day('tuesday')
fechas2/train/fechas2_005915.es.wav,el martes que viene | next_day('tuesday')
fechas2/train/fechas2_005916.es.wav,este viernes gracias | next_day('friday')
fechas2/train/fechas2_005917.es.wav,el siguiente jueves | next_day('thursday')
fechas2/train/fechas2_005918.es.wav,el jueves próximo | next_day('thursday')
fechas2/train/fechas2_005919.es.wav,el próximo jueves | next_day('thursday')
fechas2/train/fechas2_005920.es.wav,este lunes siguiente | next_day('monday')
fechas2/train/fechas2_005921.es.wav,el siguiente viernes | next_day('friday')
fechas2/train/fechas2_005922.es.wav,por favor en tres días | relative_day(+3)
fechas2/train/fechas2_005923.es.wav,el próximo jueves por favor | next_day('thursday')
fechas2/train/fechas2_005924.es.wav,en tres días | relative_day(+3)
fechas2/train/fechas2_005925.es.wav,el martes siguiente | next_day('tuesday')
fechas2/train/fechas2_005926.es.wav,el próximo miércoles | next_day('wednesday')
fechas2/train/fechas2_005927.es.wav,el lunes próximo gracias | next_day('monday')
fechas2/train/fechas2_005928.es.wav,el miércoles siguiente | next_day('wednesday')
fechas2/train/fechas2_005929.es.wav,el viernes siguiente | next_day('friday')
fechas2/train/fechas2_005930.es.wav,el jueves siguiente | next_day('thursday')
fechas2/train/fechas2_005931.es.wav,el próximo miércoles gracias | next_day('wednesday')
fechas2/train/fechas2_005932.es.wav,el miércoles | next_day('wednesday')
fechas2/train/fechas2_005933.es.wav,en tres días | relative_day(+3)
fechas2/train/fechas2_005934.es.wav,por favor en un par de días | relative_day(+2)
fechas2/train/fechas2_005935.es.wav,por favor el lunes que viene | next_day('monday')
fechas2/train/fechas2_005936.es.wav,este miércoles que viene gracias | next_day('wednesday')
fechas2/train/fechas2_005937.es.wav,por favor este jueves siguiente | next_day('thursday')
fechas2/train/fechas2_005938.es.wav,en un par de días | relative_day(+2)
fechas2/train/fechas2_005939.es.wav,el martes gracias | next_day('tuesday')
fechas2/train/fechas2_005940.es.wav,el siguiente martes | next_day('tuesday')
fechas2/train/fechas2_005941.es.wav,el próximo lunes | next_day('monday')
fechas2/train/fechas2_005942.es.wav,este miércoles siguiente gracias | next_day('wednesday')
fechas2/train/fechas2_005943.es.wav,el viernes que viene | next_day('friday')
fechas2/train/fechas2_005944.es.wav,el próximo viernes gracias | next_day('friday')
fechas2/train/fechas2_005945.es.wav,el miércoles | next_day('wednesday')
fechas2/train/fechas2_005946.es.wav,mañana | relative_day(+1)
fechas2/train/fechas2_005947.es.wav,en un par de días por favor | relative_day(+2)
fechas2/train/fechas2_005948.es.wav,mañana | relative_day(+1)
fechas2/train/fechas2_005949.es.wav,el miércoles que viene | next_day('wednesday')
fechas2/train/fechas2_005950.es.wav,este lunes gracias | next_day('monday')
fechas2/train/fechas2_005951.es.wav,el siguiente miércoles gracias | next_day('wednesday')
fechas2/train/fechas2_005952.es.wav,por favor este jueves que viene | next_day('thursday')
fechas2/train/fechas2_005953.es.wav,este miércoles por favor | next_day('wednesday')
fechas2/train/fechas2_005954.es.wav,el próximo viernes gracias | next_day('friday')
fechas2/train/fechas2_005955.es.wav,el lunes próximo | next_day('monday')
fechas2/train/fechas2_005956.es.wav,el viernes | next_day('friday')
fechas2/train/fechas2_005957.es.wav,este martes siguiente | next_day('tuesday')
fechas2/train/fechas2_005958.es.wav,el siguiente miércoles | next_day('wednesday')
fechas2/train/fechas2_005959.es.wav,este martes siguiente | next_day('tuesday')
fechas2/train/fechas2_005960.es.wav,el lunes | next_day('monday')
fechas2/train/fechas2_005961.es.wav,el jueves que viene gracias | next_day('thursday')
fechas2/train/fechas2_005962.es.wav,el viernes siguiente por favor | next_day('friday')
fechas2/train/fechas2_005963.es.wav,el siguiente viernes | next_day('friday')
fechas2/train/fechas2_005964.es.wav,en tres días por favor | relative_day(+3)
fechas2/train/fechas2_005965.es.wav,el siguiente miércoles | next_day('wednesday')
fechas2/train/fechas2_005966.es.wav,el próximo martes | next_day('tuesday')
fechas2/train/fechas2_005967.es.wav,en un par de días gracias | relative_day(+2)
fechas2/train/fechas2_005968.es.wav,este miércoles siguiente | next_day('wednesday')
fechas2/train/fechas2_005969.es.wav,este jueves próximo por favor | next_day('thursday')
fechas2/train/fechas2_005970.es.wav,este viernes gracias | next_day('friday')
fechas2/train/fechas2_005971.es.wav,el próximo miércoles gracias | next_day('wednesday')
fechas2/train/fechas2_005972.es.wav,por favor el siguiente viernes | next_day('friday')
fechas2/train/fechas2_005973.es.wav,este miércoles que viene por favor | next_day('wednesday')
fechas2/train/fechas2_005974.es.wav,en tres días por favor | relative_day(+3)
fechas2/train/fechas2_005975.es.wav,en tres días | relative_day(+3)
fechas2/train/fechas2_005976.es.wav,por favor en tres días | relative_day(+3)
fechas2/train/fechas2_005977.es.wav,mañana gracias | relative_day(+1)
fechas2/train/fechas2_005978.es.wav,el martes | next_day('tuesday')
fechas2/train/fechas2_005979.es.wav,por favor el siguiente martes | next_day('tuesday')
fechas2/train/fechas2_005980.es.wav,el próximo miércoles gracias | next_day('wednesday')
fechas2/train/fechas2_005981.es.wav,este viernes gracias | next_day('friday')
fechas2/train/fechas2_005982.es.wav,este miércoles que viene gracias | next_day('wednesday')
fechas2/train/fechas2_005983.es.wav,el próximo lunes | next_day('monday')
fechas2/train/fechas2_005984.es.wav,el lunes siguiente | next_day('monday')
fechas2/train/fechas2_005985.es.wav,el miércoles siguiente | next_day('wednesday')
fechas2/train/fechas2_005986.es.wav,este martes siguiente | next_day('tuesday')
fechas2/train/fechas2_005987.es.wav,el viernes siguiente | next_day('friday')
fechas2/train/fechas2_005988.es.wav,el siguiente miércoles | next_day('wednesday')
fechas2/train/fechas2_005989.es.wav,por favor este viernes | next_day('friday')
fechas2/train/fechas2_005990.es.wav,pasado mañana | relative_day(+2)
fechas2/train/fechas2_005991.es.wav,en un par de días | relative_day(+2)
fechas2/train/fechas2_005992.es.wav,por favor el jueves próximo | next_day('thursday')
fechas2/train/fechas2_005993.es.wav,en un par de días | relative_day(+2)
fechas2/train/fechas2_005994.es.wav,este viernes por favor | next_day('friday')
fechas2/train/fechas2_005995.es.wav,el próximo martes gracias | next_day('tuesday')
fechas2/train/fechas2_005996.es.wav,el siguiente viernes | next_day('friday')
fechas2/train/fechas2_005997.es.wav,el siguiente miércoles por favor | next_day('wednesday')
fechas2/train/fechas2_005998.es.wav,este viernes próximo gracias | next_day('friday')
fechas2/train/fechas2_005999.es.wav,pasado mañana por favor | relative_day(+2)
fechas2/train/fechas2_006000.es.wav,este miércoles próximo | next_day('wednesday')
fechas2/train/fechas2_006001.es.wav,el próximo jueves | next_day('thursday')
fechas2/train/fechas2_006002.es.wav,en un par de días | relative_day(+2)
fechas2/train/fechas2_006003.es.wav,este miércoles gracias | next_day('wednesday')
fechas2/train/fechas2_006004.es.wav,el jueves siguiente gracias | next_day('thursday')
fechas2/train/fechas2_006005.es.wav,por favor el lunes siguiente | next_day('monday')
fechas2/train/fechas2_006006.es.wav,el próximo lunes gracias | next_day('monday')
fechas2/train/fechas2_006007.es.wav,el viernes | next_day('friday')
fechas2/train/fechas2_006008.es.wav,en tres días | relative_day(+3)
fechas2/train/fechas2_006009.es.wav,por favor mañana | relative_day(+1)
fechas2/train/fechas2_006010.es.wav,en tres días | relative_day(+3)
fechas2/train/fechas2_006011.es.wav,este miércoles próximo | next_day('wednesday')
fechas2/train/fechas2_006012.es.wav,el siguiente viernes | next_day('friday')
fechas2/train/fechas2_006013.es.wav,el martes | next_day('tuesday')
fechas2/train/fechas2_006014.es.wav,por favor en tres días | relative_day(+3)
fechas2/train/fechas2_006015.es.wav,este miércoles que viene | next_day('wednesday')
fechas2/train/fechas2_006016.es.wav,en tres días | relative_day(+3)
fechas2/train/fechas2_006017.es.wav,este miércoles próximo | next_day('wednesday')
fechas2/train/fechas2_006018.es.wav,el siguiente martes gracias | next_day('tuesday')
fechas2/train/fechas2_006019.es.wav,este martes siguiente gracias | next_day('tuesday')
fechas2/train/fechas2_006020.es.wav,este viernes próximo | next_day('friday')
fechas2/train/fechas2_006021.es.wav,en tres días | relative_day(+3)
fechas2/train/fechas2_006022.es.wav,por favor pasado mañana | relative_day(+2)
fechas2/train/fechas2_006023.es.wav,pasado mañana | relative_day(+2)
fechas2/train/fechas2_006024.es.wav,mañana | relative_day(+1)
fechas2/train/fechas2_006025.es.wav,este martes que viene | next_day('tuesday')
fechas2/train/fechas2_006026.es.wav,el miércoles por favor | next_day('wednesday')
fechas2/train/fechas2_006027.es.wav,pasado mañana | relative_day(+2)
fechas2/train/fechas2_006028.es.wav,el lunes próximo | next_day('monday')
fechas2/train/fechas2_006029.es.wav,el siguiente lunes | next_day('monday')
fechas2/train/fechas2_006030.es.wav,en un par de días | relative_day(+2)
fechas2/train/fechas2_006031.es.wav,el siguiente martes gracias | next_day('tuesday')
fechas2/train/fechas2_006032.es.wav,por favor el siguiente jueves | next_day('thursday')
fechas2/train/fechas2_006033.es.wav,este martes | next_day('tuesday')
fechas2/train/fechas2_006034.es.wav,este jueves | next_day('thursday')
fechas2/train/fechas2_006035.es.wav,el jueves | next_day('thursday')
fechas2/train/fechas2_006036.es.wav,por favor el viernes que viene | next_day('friday')
fechas2/train/fechas2_006037.es.wav,por favor el miércoles | next_day('wednesday')
fechas2/train/fechas2_006038.es.wav,por favor pasado mañana | relative_day(+2)
fechas2/train/fechas2_006039.es.wav,el jueves que viene | next_day('thursday')
fechas2/train/fechas2_006040.es.wav,este viernes | next_day('friday')
fechas2/train/fechas2_006041.es.wav,el miércoles | next_day('wednesday')
fechas2/train/fechas2_006042.es.wav,por favor este jueves que viene | next_day('thursday')
fechas2/train/fechas2_006043.es.wav,el viernes que viene | next_day('friday')
fechas2/train/fechas2_006044.es.wav,el lunes próximo gracias | next_day('monday')
fechas2/train/fechas2_006045.es.wav,este martes que viene gracias | next_day('tuesday')
fechas2/train/fechas2_006046.es.wav,el siguiente miércoles | next_day('wednesday')
fechas2/train/fechas2_006047.es.wav,el viernes gracias | next_day('friday')
fechas2/train/fechas2_006048.es.wav,por favor en un par de días | relative_day(+2)
fechas2/train/fechas2_006049.es.wav,el próximo viernes | next_day('friday')
fechas2/train/fechas2_006050.es.wav,por favor el siguiente viernes | next_day('friday')
fechas2/train/fechas2_006051.es.wav,el viernes que viene por favor | next_day('friday')
fechas2/train/fechas2_006052.es.wav,en un par de días | relative_day(+2)
fechas2/train/fechas2_006053.es.wav,en un par de días | relative_day(+2)
fechas2/train/fechas2_006054.es.wav,este martes siguiente por favor | next_day('tuesday')
fechas2/train/fechas2_006055.es.wav,el martes | next_day('tuesday')
fechas2/train/fechas2_006056.es.wav,el próximo miércoles | next_day('wednesday')
fechas2/train/fechas2_006057.es.wav,este martes | next_day('tuesday')
fechas2/train/fechas2_006058.es.wav,el próximo viernes por favor | next_day('friday')
fechas2/train/fechas2_006059.es.wav,por favor el martes que viene | next_day('tuesday')
fechas2/train/fechas2_006060.es.wav,el jueves | next_day('thursday')
fechas2/train/fechas2_006061.es.wav,este jueves | next_day('thursday')
fechas2/train/fechas2_006062.es.wav,mañana | relative_day(+1)
fechas2/train/fechas2_006063.es.wav,el miércoles | next_day('wednesday')
fechas2/train/fechas2_006064.es.wav,el miércoles por favor | next_day('wednesday')
fechas2/train/fechas2_006065.es.wav,el jueves | next_day('thursday')
fechas2/train/fechas2_006066.es.wav,el próximo jueves | next_day('thursday')
fechas2/train/fechas2_006067.es.wav,en un par de días | relative_day(+2)
fechas2/train/fechas2_006068.es.wav,en un par de días por favor | relative_day(+2)
fechas2/train/fechas2_006069.es.wav,pasado mañana | relative_day(+2)
fechas2/train/fechas2_006070.es.wav,el miércoles | next_day('wednesday')
fechas2/train/fechas2_006071.es.wav,pasado mañana | relative_day(+2)
fechas2/train/fechas2_006072.es.wav,el jueves por favor | next_day('thursday')
fechas2/train/fechas2_006073.es.wav,en un par de días gracias | relative_day(+2)
fechas2/train/fechas2_006074.es.wav,el próximo viernes por favor | next_day('friday')
fechas2/train/fechas2_006075.es.wav,en tres días | relative_day(+3)
fechas2/train/fechas2_006076.es.wav,en un par de días por favor | relative_day(+2)
fechas2/train/fechas2_006077.es.wav,en tres días | relative_day(+3)
fechas2/train/fechas2_006078.es.wav,el lunes próximo | next_day('monday')
fechas2/train/fechas2_006079.es.wav,este martes que viene | next_day('tuesday')
fechas2/train/fechas2_006080.es.wav,el próximo miércoles | next_day('wednesday')
fechas2/train/fechas2_006081.es.wav,el siguiente jueves | next_day('thursday')
fechas2/train/fechas2_006082.es.wav,en tres días | relative_day(+3)
fechas2/train/fechas2_006083.es.wav,en un par de días | relative_day(+2)
fechas2/train/fechas2_006084.es.wav,el próximo lunes gracias | next_day('monday')
fechas2/train/fechas2_006085.es.wav,este miércoles siguiente | next_day('wednesday')
fechas2/train/fechas2_006086.es.wav,este jueves | next_day('thursday')
fechas2/train/fechas2_006087.es.wav,en tres días por favor | relative_day(+3)
fechas2/train/fechas2_006088.es.wav,el lunes gracias | next_day('monday')
fechas2/train/fechas2_006089.es.wav,el lunes que viene gracias | next_day('monday')
fechas2/train/fechas2_006090.es.wav,el viernes | next_day('friday')
fechas2/train/fechas2_006091.es.wav,en un par de días | relative_day(+2)
fechas2/train/fechas2_006092.es.wav,el siguiente jueves | next_day('thursday')
fechas2/train/fechas2_006093.es.wav,el siguiente martes | next_day('tuesday')
fechas2/train/fechas2_006094.es.wav,el miércoles próximo | next_day('wednesday')
fechas2/train/fechas2_006095.es.wav,el próximo miércoles | next_day('wednesday')
fechas2/train/fechas2_006096.es.wav,el viernes | next_day('friday')
fechas2/train/fechas2_006097.es.wav,en un par de días por favor | relative_day(+2)
fechas2/train/fechas2_006098.es.wav,el viernes | next_day('friday')
fechas2/train/fechas2_006099.es.wav,el viernes próximo | next_day('friday')
fechas2/train/fechas2_006100.es.wav,este lunes que viene por favor | next_day('monday')
fechas2/train/fechas2_006101.es.wav,en un par de días | relative_day(+2)
fechas2/train/fechas2_006102.es.wav,en un par de días gracias | relative_day(+2)
fechas2/train/fechas2_006103.es.wav,el viernes | next_day('friday')
fechas2/train/fechas2_006104.es.wav,el próximo jueves | next_day('thursday')
fechas2/train/fechas2_006105.es.wav,por favor mañana | relative_day(+1)
fechas2/train/fechas2_006106.es.wav,por favor el próximo martes | next_day('tuesday')
fechas2/train/fechas2_006107.es.wav,en tres días gracias | relative_day(+3)
fechas2/train/fechas2_006108.es.wav,el próximo viernes por favor | next_day('friday')
fechas2/train/fechas2_006109.es.wav,en un par de días gracias | relative_day(+2)
fechas2/train/fechas2_006110.es.wav,por favor el jueves | next_day('thursday')
fechas2/train/fechas2_006111.es.wav,el jueves por favor | next_day('thursday')
fechas2/train/fechas2_006112.es.wav,el siguiente viernes gracias | next_day('friday')
fechas2/train/fechas2_006113.es.wav,este martes | next_day('tuesday')
fechas2/train/fechas2_006114.es.wav,el próximo jueves | next_day('thursday')
fechas2/train/fechas2_006115.es.wav,mañana gracias | relative_day(+1)
fechas2/train/fechas2_006116.es.wav,por favor este lunes | next_day('monday')
fechas2/train/fechas2_006117.es.wav,mañana gracias | relative_day(+1)
fechas2/train/fechas2_006118.es.wav,este lunes | next_day('monday')
fechas2/train/fechas2_006119.es.wav,en un par de días | relative_day(+2)
fechas2/train/fechas2_006120.es.wav,el próximo miércoles | next_day('wednesday')
fechas2/train/fechas2_006121.es.wav,el lunes | next_day('monday')
fechas2/train/fechas2_006122.es.wav,el miércoles siguiente | next_day('wednesday')
fechas2/train/fechas2_006123.es.wav,por favor pasado mañana | relative_day(+2)
fechas2/train/fechas2_006124.es.wav,por favor el siguiente lunes | next_day('monday')
fechas2/train/fechas2_006125.es.wav,el miércoles gracias | next_day('wednesday')
fechas2/train/fechas2_006126.es.wav,el martes que viene | next_day('tuesday')
fechas2/train/fechas2_006127.es.wav,el próximo viernes | next_day('friday')
fechas2/train/fechas2_006128.es.wav,el miércoles próximo gracias | next_day('wednesday')
fechas2/train/fechas2_006129.es.wav,el siguiente jueves | next_day('thursday')
fechas2/train/fechas2_006130.es.wav,por favor este jueves próximo | next_day('thursday')
fechas2/train/fechas2_006131.es.wav,el jueves | next_day('thursday')
fechas2/train/fechas2_006132.es.wav,por favor el próximo viernes | next_day('friday')
fechas2/train/fechas2_006133.es.wav,pasado mañana | relative_day(+2)
fechas2/train/fechas2_006134.es.wav,en tres días | relative_day(+3)
fechas2/train/fechas2_006135.es.wav,el siguiente viernes | next_day('friday')
fechas2/train/fechas2_006136.es.wav,el próximo jueves | next_day('thursday')
fechas2/train/fechas2_006137.es.wav,el próximo jueves por favor | next_day('thursday')
fechas2/train/fechas2_006138.es.wav,el próximo lunes por favor | next_day('monday')
fechas2/train/fechas2_006139.es.wav,el siguiente lunes | next_day('monday')
fechas2/train/fechas2_006140.es.wav,por favor el lunes próximo | next_day('monday')
fechas2/train/fechas2_006141.es.wav,este jueves que viene | next_day('thursday')
fechas2/train/fechas2_006142.es.wav,en tres días | relative_day(+3)
fechas2/train/fechas2_006143.es.wav,el miércoles por favor | next_day('wednesday')
fechas2/train/fechas2_006144.es.wav,este jueves | next_day('thursday')
fechas2/train/fechas2_006145.es.wav,este lunes que viene | next_day('monday')
fechas2/train/fechas2_006146.es.wav,el martes próximo | next_day('tuesday')
fechas2/train/fechas2_006147.es.wav,el jueves que viene por favor | next_day('thursday')
fechas2/train/fechas2_006148.es.wav,el viernes siguiente | next_day('friday')
fechas2/train/fechas2_006149.es.wav,este jueves | next_day('thursday')
fechas2/train/fechas2_006150.es.wav,este viernes gracias | next_day('friday')
fechas2/train/fechas2_006151.es.wav,por favor en tres días | relative_day(+3)
fechas2/train/fechas2_006152.es.wav,este martes | next_day('tuesday')
fechas2/train/fechas2_006153.es.wav,el próximo viernes | next_day('friday')
fechas2/train/fechas2_006154.es.wav,este jueves | next_day('thursday')
fechas2/train/fechas2_006155.es.wav,por favor el siguiente lunes | next_day('monday')
fechas2/train/fechas2_006156.es.wav,el siguiente martes | next_day('tuesday')
fechas2/train/fechas2_006157.es.wav,este viernes siguiente | next_day('friday')
fechas2/train/fechas2_006158.es.wav,el siguiente miércoles | next_day('wednesday')
fechas2/train/fechas2_006159.es.wav,el viernes siguiente | next_day('friday')
fechas2/train/fechas2_006160.es.wav,este miércoles que viene gracias | next_day('wednesday')
fechas2/train/fechas2_006161.es.wav,el martes próximo | next_day('tuesday')
fechas2/train/fechas2_006162.es.wav,el próximo jueves gracias | next_day('thursday')
fechas2/train/fechas2_006163.es.wav,el siguiente jueves | next_day('thursday')
fechas2/train/fechas2_006164.es.wav,en tres días gracias | relative_day(+3)
fechas2/train/fechas2_006165.es.wav,en un par de días | relative_day(+2)
fechas2/train/fechas2_006166.es.wav,el viernes | next_day('friday')
fechas2/train/fechas2_006167.es.wav,el miércoles próximo | next_day('wednesday')
fechas2/train/fechas2_006168.es.wav,mañana por favor | relative_day(+1)
fechas2/train/fechas2_006169.es.wav,el siguiente lunes | next_day('monday')
fechas2/train/fechas2_006170.es.wav,por favor el miércoles que viene | next_day('wednesday')
fechas2/train/fechas2_006171.es.wav,este martes | next_day('tuesday')
fechas2/train/fechas2_006172.es.wav,en un par de días | relative_day(+2)
fechas2/train/fechas2_006173.es.wav,el jueves | next_day('thursday')
fechas2/train/fechas2_006174.es.wav,el martes por favor | next_day('tuesday')
fechas2/train/fechas2_006175.es.wav,el martes | next_day('tuesday')
fechas2/train/fechas2_006176.es.wav,el lunes que viene por favor | next_day('monday')
fechas2/train/fechas2_006177.es.wav,pasado mañana | relative_day(+2)
fechas2/train/fechas2_006178.es.wav,este viernes próximo | next_day('friday')
fechas2/train/fechas2_006179.es.wav,pasado mañana | relative_day(+2)
fechas2/train/fechas2_006180.es.wav,este viernes próximo | next_day('friday')
fechas2/train/fechas2_006181.es.wav,en un par de días | relative_day(+2)
fechas2/train/fechas2_006182.es.wav,el siguiente jueves | next_day('thursday')
fechas2/train/fechas2_006183.es.wav,este lunes que viene por favor | next_day('monday')
fechas2/train/fechas2_006184.es.wav,el lunes que viene | next_day('monday')
fechas2/train/fechas2_006185.es.wav,por favor el siguiente lunes | next_day('monday')
fechas2/train/fechas2_006186.es.wav,este jueves | next_day('thursday')
fechas2/train/fechas2_006187.es.wav,en tres días | relative_day(+3)
fechas2/train/fechas2_006188.es.wav,en tres días gracias | relative_day(+3)
fechas2/train/fechas2_006189.es.wav,el próximo martes | next_day('tuesday')
fechas2/train/fechas2_006190.es.wav,el lunes que viene | next_day('monday')
fechas2/train/fechas2_006191.es.wav,por favor el próximo miércoles | next_day('wednesday')
fechas2/train/fechas2_006192.es.wav,el próximo jueves | next_day('thursday')
fechas2/train/fechas2_006193.es.wav,en tres días | relative_day(+3)
fechas2/train/fechas2_006194.es.wav,este miércoles | next_day('wednesday')
fechas2/train/fechas2_006195.es.wav,el siguiente jueves | next_day('thursday')
fechas2/train/fechas2_006196.es.wav,el martes siguiente por favor | next_day('tuesday')
fechas2/train/fechas2_006197.es.wav,este lunes siguiente | next_day('monday')
fechas2/train/fechas2_006198.es.wav,este martes | next_day('tuesday')
fechas2/train/fechas2_006199.es.wav,por favor el siguiente miércoles | next_day('wednesday')
fechas2/train/fechas2_006200.es.wav,en tres días gracias | relative_day(+3)
fechas2/train/fechas2_006201.es.wav,en tres días | relative_day(+3)
fechas2/train/fechas2_006202.es.wav,en un par de días por favor | relative_day(+2)
fechas2/train/fechas2_006203.es.wav,este miércoles próximo | next_day('wednesday')
fechas2/train/fechas2_006204.es.wav,este lunes | next_day('monday')
fechas2/train/fechas2_006205.es.wav,el próximo martes gracias | next_day('tuesday')
fechas2/train/fechas2_006206.es.wav,el próximo martes | next_day('tuesday')
fechas2/train/fechas2_006207.es.wav,este viernes siguiente por favor | next_day('friday')
fechas2/train/fechas2_006208.es.wav,el siguiente miércoles | next_day('wednesday')
fechas2/train/fechas2_006209.es.wav,este lunes próximo | next_day('monday')
fechas2/train/fechas2_006210.es.wav,en tres días | relative_day(+3)
fechas2/train/fechas2_006211.es.wav,el lunes | next_day('monday')
fechas2/train/fechas2_006212.es.wav,este jueves | next_day('thursday')
fechas2/train/fechas2_006213.es.wav,este jueves siguiente | next_day('thursday')
fechas2/train/fechas2_006214.es.wav,mañana por favor | relative_day(+1)
fechas2/train/fechas2_006215.es.wav,este martes que viene gracias | next_day('tuesday')
fechas2/train/fechas2_006216.es.wav,por favor este jueves que viene | next_day('thursday')
fechas2/train/fechas2_006217.es.wav,el miércoles siguiente gracias | next_day('wednesday')
fechas2/train/fechas2_006218.es.wav,el jueves por favor | next_day('thursday')
fechas2/train/fechas2_006219.es.wav,este viernes que viene | next_day('friday')
fechas2/train/fechas2_006220.es.wav,este martes que viene | next_day('tuesday')
fechas2/train/fechas2_006221.es.wav,el siguiente miércoles | next_day('wednesday')
fechas2/train/fechas2_006222.es.wav,en tres días | relative_day(+3)
fechas2/train/fechas2_006223.es.wav,este miércoles próximo | next_day('wednesday')
fechas2/train/fechas2_006224.es.wav,en tres días | relative_day(+3)
fechas2/train/fechas2_006225.es.wav,el jueves | next_day('thursday')
fechas2/train/fechas2_006226.es.wav,el siguiente martes | next_day('tuesday')
fechas2/train/fechas2_006227.es.wav,por favor en un par de días | relative_day(+2)
fechas2/train/fechas2_006228.es.wav,por favor pasado mañana | relative_day(+2)
fechas2/train/fechas2_006229.es.wav,mañana | relative_day(+1)
fechas2/train/fechas2_006230.es.wav,en tres días | relative_day(+3)
fechas2/train/fechas2_006231.es.wav,mañana | relative_day(+1)
fechas2/train/fechas2_006232.es.wav,este viernes | next_day('friday')
fechas2/train/fechas2_006233.es.wav,este martes siguiente gracias | next_day('tuesday')
fechas2/train/fechas2_006234.es.wav,este lunes | next_day('monday')
fechas2/train/fechas2_006235.es.wav,el próximo viernes por favor | next_day('friday')
fechas2/train/fechas2_006236.es.wav,en tres días | relative_day(+3)
fechas2/train/fechas2_006237.es.wav,este miércoles próximo por favor | next_day('wednesday')
fechas2/train/fechas2_006238.es.wav,el miércoles | next_day('wednesday')
fechas2/train/fechas2_006239.es.wav,este jueves próximo | next_day('thursday')
fechas2/train/fechas2_006240.es.wav,mañana gracias | relative_day(+1)
fechas2/train/fechas2_006241.es.wav,pasado mañana por favor | relative_day(+2)
fechas2/train/fechas2_006242.es.wav,por favor mañana | relative_day(+1)
fechas2/train/fechas2_006243.es.wav,el siguiente viernes | next_day('friday')
fechas2/train/fechas2_006244.es.wav,mañana | relative_day(+1)
fechas2/train/fechas2_006245.es.wav,el siguiente viernes | next_day('friday')
fechas2/train/fechas2_006246.es.wav,el jueves próximo | next_day('thursday')
fechas2/train/fechas2_006247.es.wav,el lunes que viene | next_day('monday')
fechas2/train/fechas2_006248.es.wav,el lunes que viene | next_day('monday')
fechas2/train/fechas2_006249.es.wav,mañana gracias | relative_day(+1)
fechas2/train/fechas2_006250.es.wav,este lunes | next_day('monday')
fechas2/train/fechas2_006251.es.wav,el próximo viernes por favor | next_day('friday')
fechas2/train/fechas2_006252.es.wav,este viernes que viene por favor | next_day('friday')
fechas2/train/fechas2_006253.es.wav,en tres días | relative_day(+3)
fechas2/train/fechas2_006254.es.wav,en un par de días gracias | relative_day(+2)
fechas2/train/fechas2_006255.es.wav,en un par de días | relative_day(+2)
fechas2/train/fechas2_006256.es.wav,este viernes que viene por favor | next_day('friday')
fechas2/train/fechas2_006257.es.wav,en tres días por favor | relative_day(+3)
fechas2/train/fechas2_006258.es.wav,en un par de días por favor | relative_day(+2)
fechas2/train/fechas2_006259.es.wav,el jueves siguiente | next_day('thursday')
fechas2/train/fechas2_006260.es.wav,este lunes | next_day('monday')
fechas2/train/fechas2_006261.es.wav,por favor en tres días | relative_day(+3)
fechas2/train/fechas2_006262.es.wav,el lunes gracias | next_day('monday')
fechas2/train/fechas2_006263.es.wav,el siguiente martes | next_day('tuesday')
fechas2/train/fechas2_006264.es.wav,en tres días | relative_day(+3)
fechas2/train/fechas2_006265.es.wav,este viernes | next_day('friday')
fechas2/train/fechas2_006266.es.wav,el jueves próximo gracias | next_day('thursday')
fechas2/train/fechas2_006267.es.wav,este miércoles | next_day('wednesday')
fechas2/train/fechas2_006268.es.wav,por favor en un par de días | relative_day(+2)
fechas2/train/fechas2_006269.es.wav,este martes siguiente | next_day('tuesday')
fechas2/train/fechas2_006270.es.wav,el siguiente lunes | next_day('monday')
fechas2/train/fechas2_006271.es.wav,mañana | relative_day(+1)
fechas2/train/fechas2_006272.es.wav,este miércoles que viene | next_day('wednesday')
fechas2/train/fechas2_006273.es.wav,por favor el lunes próximo | next_day('monday')
fechas2/train/fechas2_006274.es.wav,este martes | next_day('tuesday')
fechas2/train/fechas2_006275.es.wav,mañana | relative_day(+1)
fechas2/train/fechas2_006276.es.wav,este lunes que viene | next_day('monday')
fechas2/train/fechas2_006277.es.wav,el jueves por favor | next_day('thursday')
fechas2/train/fechas2_006278.es.wav,este martes próximo gracias | next_day('tuesday')
fechas2/train/fechas2_006279.es.wav,el jueves | next_day('thursday')
fechas2/train/fechas2_006280.es.wav,el martes | next_day('tuesday')
fechas2/train/fechas2_006281.es.wav,el siguiente jueves | next_day('thursday')
fechas2/train/fechas2_006282.es.wav,el próximo lunes | next_day('monday')
fechas2/train/fechas2_006283.es.wav,el jueves | next_day('thursday')
fechas2/train/fechas2_006284.es.wav,el siguiente viernes | next_day('friday')
fechas2/train/fechas2_006285.es.wav,en un par de días por favor | relative_day(+2)
fechas2/train/fechas2_006286.es.wav,el martes siguiente gracias | next_day('tuesday')
fechas2/train/fechas2_006287.es.wav,el próximo viernes | next_day('friday')
fechas2/train/fechas2_006288.es.wav,por favor este jueves | next_day('thursday')
fechas2/train/fechas2_006289.es.wav,el martes | next_day('tuesday')
fechas2/train/fechas2_006290.es.wav,el próximo martes gracias | next_day('tuesday')
fechas2/train/fechas2_006291.es.wav,por favor en un par de días | relative_day(+2)
fechas2/train/fechas2_006292.es.wav,en tres días | relative_day(+3)
fechas2/train/fechas2_006293.es.wav,el lunes | next_day('monday')
fechas2/train/fechas2_006294.es.wav,el miércoles que viene | next_day('wednesday')
fechas2/train/fechas2_006295.es.wav,el viernes gracias | next_day('friday')
fechas2/train/fechas2_006296.es.wav,el viernes | next_day('friday')
fechas2/train/fechas2_006297.es.wav,este lunes | next_day('monday')
fechas2/train/fechas2_006298.es.wav,en tres días por favor | relative_day(+3)
fechas2/train/fechas2_006299.es.wav,el lunes | next_day('monday')
fechas2/train/fechas2_006300.es.wav,el lunes | next_day('monday')
fechas2/train/fechas2_006301.es.wav,el próximo miércoles | next_day('wednesday')
fechas2/train/fechas2_006302.es.wav,el próximo martes por favor | next_day('tuesday')
fechas2/train/fechas2_006303.es.wav,en tres días | relative_day(+3)
fechas2/train/fechas2_006304.es.wav,por favor este jueves siguiente | next_day('thursday')
fechas2/train/fechas2_006305.es.wav,este miércoles próximo | next_day('wednesday')
fechas2/train/fechas2_006306.es.wav,este miércoles que viene | next_day('wednesday')
fechas2/train/fechas2_006307.es.wav,el siguiente lunes | next_day('monday')
fechas2/train/fechas2_006308.es.wav,el próximo martes | next_day('tuesday')
fechas2/train/fechas2_006309.es.wav,pasado mañana | relative_day(+2)
fechas2/train/fechas2_006310.es.wav,este martes que viene | next_day('tuesday')
fechas2/train/fechas2_006311.es.wav,este miércoles | next_day('wednesday')
fechas2/train/fechas2_006312.es.wav,este martes que viene | next_day('tuesday')
fechas2/train/fechas2_006313.es.wav,este jueves gracias | next_day('thursday')
fechas2/train/fechas2_006314.es.wav,en un par de días | relative_day(+2)
fechas2/train/fechas2_006315.es.wav,este miércoles próximo por favor | next_day('wednesday')
fechas2/train/fechas2_006316.es.wav,el siguiente miércoles gracias | next_day('wednesday')
fechas2/train/fechas2_006317.es.wav,el próximo miércoles | next_day('wednesday')
fechas2/train/fechas2_006318.es.wav,el viernes que viene gracias | next_day('friday')
fechas2/train/fechas2_006319.es.wav,por favor el martes | next_day('tuesday')
fechas2/train/fechas2_006320.es.wav,el miércoles que viene | next_day('wednesday')
fechas2/train/fechas2_006321.es.wav,el viernes | next_day('friday')
fechas2/train/fechas2_006322.es.wav,el jueves | next_day('thursday')
fechas2/train/fechas2_006323.es.wav,el martes gracias | next_day('tuesday')
fechas2/train/fechas2_006324.es.wav,en un par de días | relative_day(+2)
fechas2/train/fechas2_006325.es.wav,en tres días | relative_day(+3)
fechas2/train/fechas2_006326.es.wav,el lunes por favor | next_day('monday')
fechas2/train/fechas2_006327.es.wav,el siguiente viernes gracias | next_day('friday')
fechas2/train/fechas2_006328.es.wav,en un par de días gracias | relative_day(+2)
fechas2/train/fechas2_006329.es.wav,este jueves siguiente | next_day('thursday')
fechas2/train/fechas2_006330.es.wav,este viernes | next_day('friday')
fechas2/train/fechas2_006331.es.wav,el próximo miércoles gracias | next_day('wednesday')
fechas2/train/fechas2_006332.es.wav,en tres días | relative_day(+3)
fechas2/train/fechas2_006333.es.wav,por favor el siguiente jueves | next_day('thursday')
fechas2/train/fechas2_006334.es.wav,en tres días por favor | relative_day(+3)
fechas2/train/fechas2_006335.es.wav,este lunes que viene por favor | next_day('monday')
fechas2/train/fechas2_006336.es.wav,en un par de días por favor | relative_day(+2)
fechas2/train/fechas2_006337.es.wav,el jueves | next_day('thursday')
fechas2/train/fechas2_006338.es.wav,este viernes próximo | next_day('friday')
fechas2/train/fechas2_006339.es.wav,el próximo viernes | next_day('friday')
fechas2/train/fechas2_006340.es.wav,este lunes | next_day('monday')
fechas2/train/fechas2_006341.es.wav,el próximo miércoles gracias | next_day('wednesday')
fechas2/train/fechas2_006342.es.wav,el próximo jueves | next_day('thursday')
fechas2/train/fechas2_006343.es.wav,por favor este jueves siguiente | next_day('thursday')
fechas2/train/fechas2_006344.es.wav,este martes siguiente | next_day('tuesday')
fechas2/train/fechas2_006345.es.wav,por favor este miércoles próximo | next_day('wednesday')
fechas2/train/fechas2_006346.es.wav,el miércoles por favor | next_day('wednesday')
fechas2/train/fechas2_006347.es.wav,el martes próximo gracias | next_day('tuesday')
fechas2/train/fechas2_006348.es.wav,el jueves por favor | next_day('thursday')
fechas2/train/fechas2_006349.es.wav,el viernes | next_day('friday')
fechas2/train/fechas2_006350.es.wav,el siguiente lunes | next_day('monday')
fechas2/train/fechas2_006351.es.wav,el lunes | next_day('monday')
fechas2/train/fechas2_006352.es.wav,en un par de días gracias | relative_day(+2)
fechas2/train/fechas2_006353.es.wav,por favor este miércoles que viene | next_day('wednesday')
fechas2/train/fechas2_006354.es.wav,pasado mañana | relative_day(+2)
fechas2/train/fechas2_006355.es.wav,pasado mañana | relative_day(+2)
fechas2/train/fechas2_006356.es.wav,este lunes | next_day('monday')
fechas2/train/fechas2_006357.es.wav,pasado mañana | relative_day(+2)
fechas2/train/fechas2_006358.es.wav,por favor el próximo martes | next_day('tuesday')
fechas2/train/fechas2_006359.es.wav,este jueves próximo gracias | next_day('thursday')
fechas2/train/fechas2_006360.es.wav,este viernes que viene | next_day('friday')
fechas2/train/fechas2_006361.es.wav,mañana | relative_day(+1)
fechas2/train/fechas2_006362.es.wav,el próximo martes por favor | next_day('tuesday')
fechas2/train/fechas2_006363.es.wav,el lunes | next_day('monday')
fechas2/train/fechas2_006364.es.wav,por favor el viernes | next_day('friday')
fechas2/train/fechas2_006365.es.wav,el siguiente jueves | next_day('thursday')
fechas2/train/fechas2_006366.es.wav,este jueves gracias | next_day('thursday')
fechas2/train/fechas2_006367.es.wav,el siguiente martes | next_day('tuesday')
fechas2/train/fechas2_006368.es.wav,el próximo martes gracias | next_day('tuesday')
fechas2/train/fechas2_006369.es.wav,el miércoles | next_day('wednesday')
fechas2/train/fechas2_006370.es.wav,el próximo martes | next_day('tuesday')
fechas2/train/fechas2_006371.es.wav,este lunes próximo | next_day('monday')
fechas2/train/fechas2_006372.es.wav,el siguiente miércoles gracias | next_day('wednesday')
fechas2/train/fechas2_006373.es.wav,el martes siguiente | next_day('tuesday')
fechas2/train/fechas2_006374.es.wav,mañana por favor | relative_day(+1)
fechas2/train/fechas2_006375.es.wav,el miércoles siguiente por favor | next_day('wednesday')
fechas2/train/fechas2_006376.es.wav,el próximo martes | next_day('tuesday')
fechas2/train/fechas2_006377.es.wav,en un par de días por favor | relative_day(+2)
fechas2/train/fechas2_006378.es.wav,el siguiente viernes | next_day('friday')
fechas2/train/fechas2_006379.es.wav,este viernes próximo | next_day('friday')
fechas2/train/fechas2_006380.es.wav,el martes | next_day('tuesday')
fechas2/train/fechas2_006381.es.wav,este miércoles que viene por favor | next_day('wednesday')
fechas2/train/fechas2_006382.es.wav,el miércoles | next_day('wednesday')
fechas2/train/fechas2_006383.es.wav,el martes | next_day('tuesday')
fechas2/train/fechas2_006384.es.wav,el próximo lunes por favor | next_day('monday')
fechas2/train/fechas2_006385.es.wav,el siguiente lunes | next_day('monday')
fechas2/train/fechas2_006386.es.wav,el siguiente lunes | next_day('monday')
fechas2/train/fechas2_006387.es.wav,este lunes siguiente | next_day('monday')
fechas2/train/fechas2_006388.es.wav,el siguiente martes | next_day('tuesday')
fechas2/train/fechas2_006389.es.wav,por favor en un par de días | relative_day(+2)
fechas2/train/fechas2_006390.es.wav,en un par de días | relative_day(+2)
fechas2/train/fechas2_006391.es.wav,el próximo miércoles por favor | next_day('wednesday')
fechas2/train/fechas2_006392.es.wav,el viernes | next_day('friday')
fechas2/train/fechas2_006393.es.wav,el siguiente miércoles | next_day('wednesday')
fechas2/train/fechas2_006394.es.wav,el próximo lunes | next_day('monday')
fechas2/train/fechas2_006395.es.wav,en tres días por favor | relative_day(+3)
fechas2/train/fechas2_006396.es.wav,en tres días | relative_day(+3)
fechas2/train/fechas2_006397.es.wav,mañana por favor | relative_day(+1)
fechas2/train/fechas2_006398.es.wav,por favor este viernes | next_day('friday')
fechas2/train/fechas2_006399.es.wav,el próximo lunes | next_day('monday')
fechas2/train/fechas2_006400.es.wav,el martes que viene | next_day('tuesday')
fechas2/train/fechas2_006401.es.wav,por favor el viernes | next_day('friday')
fechas2/train/fechas2_006402.es.wav,el miércoles | next_day('wednesday')
fechas2/train/fechas2_006403.es.wav,el martes siguiente por favor | next_day('tuesday')
fechas2/train/fechas2_006404.es.wav,el miércoles siguiente | next_day('wednesday')
fechas2/train/fechas2_006405.es.wav,el siguiente martes gracias | next_day('tuesday')
fechas2/train/fechas2_006406.es.wav,por favor el martes próximo | next_day('tuesday')
fechas2/train/fechas2_006407.es.wav,pasado mañana | relative_day(+2)
fechas2/train/fechas2_006408.es.wav,este lunes gracias | next_day('monday')
fechas2/train/fechas2_006409.es.wav,en tres días | relative_day(+3)
fechas2/train/fechas2_006410.es.wav,este viernes | next_day('friday')
fechas2/train/fechas2_006411.es.wav,el miércoles próximo | next_day('wednesday')
fechas2/train/fechas2_006412.es.wav,en tres días gracias | relative_day(+3)
fechas2/train/fechas2_006413.es.wav,el próximo martes | next_day('tuesday')
fechas2/train/fechas2_006414.es.wav,por favor este jueves | next_day('thursday')
fechas2/train/fechas2_006415.es.wav,en un par de días por favor | relative_day(+2)
fechas2/train/fechas2_006416.es.wav,el siguiente martes por favor | next_day('tuesday')
fechas2/train/fechas2_006417.es.wav,el jueves | next_day('thursday')
fechas2/train/fechas2_006418.es.wav,en tres días por favor | relative_day(+3)
fechas2/train/fechas2_006419.es.wav,el siguiente viernes | next_day('friday')
fechas2/train/fechas2_006420.es.wav,en tres días | relative_day(+3)
fechas2/train/fechas2_006421.es.wav,en un par de días | relative_day(+2)
fechas2/train/fechas2_006422.es.wav,en un par de días | relative_day(+2)
fechas2/train/fechas2_006423.es.wav,este jueves por favor | next_day('thursday')
fechas2/train/fechas2_006424.es.wav,el miércoles que viene | next_day('wednesday')
fechas2/train/fechas2_006425.es.wav,este viernes siguiente gracias | next_day('friday')
fechas2/train/fechas2_006426.es.wav,este jueves que viene | next_day('thursday')
fechas2/train/fechas2_006427.es.wav,este miércoles | next_day('wednesday')
fechas2/train/fechas2_006428.es.wav,en tres días por favor | relative_day(+3)
fechas2/train/fechas2_006429.es.wav,mañana | relative_day(+1)
fechas2/train/fechas2_006430.es.wav,el próximo miércoles | next_day('wednesday')
fechas2/train/fechas2_006431.es.wav,el martes siguiente | next_day('tuesday')
fechas2/train/fechas2_006432.es.wav,el lunes siguiente | next_day('monday')
fechas2/train/fechas2_006433.es.wav,el lunes próximo | next_day('monday')
fechas2/train/fechas2_006434.es.wav,el lunes | next_day('monday')
fechas2/train/fechas2_006435.es.wav,en tres días | relative_day(+3)
fechas2/train/fechas2_006436.es.wav,el siguiente martes por favor | next_day('tuesday')
fechas2/train/fechas2_006437.es.wav,en un par de días | relative_day(+2)
fechas2/train/fechas2_006438.es.wav,el siguiente jueves gracias | next_day('thursday')
fechas2/train/fechas2_006439.es.wav,en un par de días gracias | relative_day(+2)
fechas2/train/fechas2_006440.es.wav,el próximo lunes | next_day('monday')
fechas2/train/fechas2_006441.es.wav,el próximo lunes | next_day('monday')
fechas2/train/fechas2_006442.es.wav,por favor en un par de días | relative_day(+2)
fechas2/train/fechas2_006443.es.wav,el siguiente jueves por favor | next_day('thursday')
fechas2/train/fechas2_006444.es.wav,este jueves próximo | next_day('thursday')
fechas2/train/fechas2_006445.es.wav,el miércoles próximo por favor | next_day('wednesday')
fechas2/train/fechas2_006446.es.wav,en tres días | relative_day(+3)
fechas2/train/fechas2_006447.es.wav,el próximo miércoles gracias | next_day('wednesday')
fechas2/train/fechas2_006448.es.wav,por favor en tres días | relative_day(+3)
fechas2/train/fechas2_006449.es.wav,por favor el miércoles que viene | next_day('wednesday')
fechas2/train/fechas2_006450.es.wav,este lunes | next_day('monday')
fechas2/train/fechas2_006451.es.wav,este lunes por favor | next_day('monday')
fechas2/train/fechas2_006452.es.wav,mañana | relative_day(+1)
fechas2/train/fechas2_006453.es.wav,el próximo martes | next_day('tuesday')
fechas2/train/fechas2_006454.es.wav,por favor el siguiente martes | next_day('tuesday')
fechas2/train/fechas2_006455.es.wav,mañana | relative_day(+1)
fechas2/train/fechas2_006456.es.wav,por favor el siguiente lunes | next_day('monday')
fechas2/train/fechas2_006457.es.wav,por favor el jueves | next_day('thursday')
fechas2/train/fechas2_006458.es.wav,este martes gracias | next_day('tuesday')
fechas2/train/fechas2_006459.es.wav,el martes siguiente | next_day('tuesday')
fechas2/train/fechas2_006460.es.wav,el lunes | next_day('monday')
fechas2/train/fechas2_006461.es.wav,el martes que viene | next_day('tuesday')
fechas2/train/fechas2_006462.es.wav,en tres días por favor | relative_day(+3)
fechas2/train/fechas2_006463.es.wav,el siguiente martes gracias | next_day('tuesday')
fechas2/train/fechas2_006464.es.wav,el viernes próximo | next_day('friday')
fechas2/train/fechas2_006465.es.wav,por favor el jueves siguiente | next_day('thursday')
fechas2/train/fechas2_006466.es.wav,mañana gracias | relative_day(+1)
fechas2/train/fechas2_006467.es.wav,por favor este martes | next_day('tuesday')
fechas2/train/fechas2_006468.es.wav,el próximo martes | next_day('tuesday')
fechas2/train/fechas2_006469.es.wav,el martes | next_day('tuesday')
fechas2/train/fechas2_006470.es.wav,mañana por favor | relative_day(+1)
fechas2/train/fechas2_006471.es.wav,en tres días | relative_day(+3)
fechas2/train/fechas2_006472.es.wav,el siguiente martes | next_day('tuesday')
fechas2/train/fechas2_006473.es.wav,este miércoles gracias | next_day('wednesday')
fechas2/train/fechas2_006474.es.wav,el martes | next_day('tuesday')
fechas2/train/fechas2_006475.es.wav,este lunes gracias | next_day('monday')
fechas2/train/fechas2_006476.es.wav,el próximo jueves | next_day('thursday')
fechas2/train/fechas2_006477.es.wav,por favor el jueves | next_day('thursday')
fechas2/train/fechas2_006478.es.wav,el próximo martes | next_day('tuesday')
fechas2/train/fechas2_006479.es.wav,este martes que viene por favor | next_day('tuesday')
fechas2/train/fechas2_006480.es.wav,por favor el lunes | next_day('monday')
fechas2/train/fechas2_006481.es.wav,este viernes que viene por favor | next_day('friday')
fechas2/train/fechas2_006482.es.wav,este viernes próximo | next_day('friday')
fechas2/train/fechas2_006483.es.wav,por favor el próximo lunes | next_day('monday')
fechas2/train/fechas2_006484.es.wav,este lunes | next_day('monday')
fechas2/train/fechas2_006485.es.wav,por favor el siguiente jueves | next_day('thursday')
fechas2/train/fechas2_006486.es.wav,el jueves | next_day('thursday')
fechas2/train/fechas2_006487.es.wav,en tres días | relative_day(+3)
fechas2/train/fechas2_006488.es.wav,el lunes que viene | next_day('monday')
fechas2/train/fechas2_006489.es.wav,este martes | next_day('tuesday')
fechas2/train/fechas2_006490.es.wav,este jueves siguiente | next_day('thursday')
fechas2/train/fechas2_006491.es.wav,este martes | next_day('tuesday')
fechas2/train/fechas2_006492.es.wav,el lunes | next_day('monday')
fechas2/train/fechas2_006493.es.wav,en tres días gracias | relative_day(+3)
fechas2/train/fechas2_006494.es.wav,este lunes por favor | next_day('monday')
fechas2/train/fechas2_006495.es.wav,en tres días | relative_day(+3)
fechas2/train/fechas2_006496.es.wav,este lunes siguiente gracias | next_day('monday')
fechas2/train/fechas2_006497.es.wav,el viernes que viene | next_day('friday')
fechas2/train/fechas2_006498.es.wav,el miércoles | next_day('wednesday')
fechas2/train/fechas2_006499.es.wav,el miércoles siguiente | next_day('wednesday')
fechas2/train/fechas2_006500.es.wav,el martes siguiente | next_day('tuesday')
fechas2/train/fechas2_006501.es.wav,por favor este jueves próximo | next_day('thursday')
fechas2/train/fechas2_006502.es.wav,este viernes que viene | next_day('friday')
fechas2/train/fechas2_006503.es.wav,por favor este viernes que viene | next_day('friday')
fechas2/train/fechas2_006504.es.wav,el viernes | next_day('friday')
fechas2/train/fechas2_006505.es.wav,el viernes que viene por favor | next_day('friday')
fechas2/train/fechas2_006506.es.wav,el lunes que viene | next_day('monday')
fechas2/train/fechas2_006507.es.wav,en tres días | relative_day(+3)
fechas2/train/fechas2_006508.es.wav,el lunes que viene | next_day('monday')
fechas2/train/fechas2_006509.es.wav,el jueves siguiente | next_day('thursday')
fechas2/train/fechas2_006510.es.wav,el siguiente martes gracias | next_day('tuesday')
fechas2/train/fechas2_006511.es.wav,el jueves | next_day('thursday')
fechas2/train/fechas2_006512.es.wav,el siguiente miércoles gracias | next_day('wednesday')
fechas2/train/fechas2_006513.es.wav,en un par de días | relative_day(+2)
fechas2/train/fechas2_006514.es.wav,este miércoles | next_day('wednesday')
fechas2/train/fechas2_006515.es.wav,el siguiente martes | next_day('tuesday')
fechas2/train/fechas2_006516.es.wav,este lunes por favor | next_day('monday')
fechas2/train/fechas2_006517.es.wav,el próximo martes | next_day('tuesday')
fechas2/train/fechas2_006518.es.wav,el próximo martes | next_day('tuesday')
fechas2/train/fechas2_006519.es.wav,por favor este viernes | next_day('friday')
fechas2/train/fechas2_006520.es.wav,el siguiente miércoles gracias | next_day('wednesday')
fechas2/train/fechas2_006521.es.wav,el siguiente miércoles | next_day('wednesday')
fechas2/train/fechas2_006522.es.wav,este miércoles | next_day('wednesday')
fechas2/train/fechas2_006523.es.wav,este viernes que viene | next_day('friday')
fechas2/train/fechas2_006524.es.wav,el próximo lunes por favor | next_day('monday')
fechas2/train/fechas2_006525.es.wav,este jueves | next_day('thursday')
fechas2/train/fechas2_006526.es.wav,el siguiente lunes | next_day('monday')
fechas2/train/fechas2_006527.es.wav,este lunes | next_day('monday')
fechas2/train/fechas2_006528.es.wav,el viernes por favor | next_day('friday')
fechas2/train/fechas2_006529.es.wav,en tres días | relative_day(+3)
fechas2/train/fechas2_006530.es.wav,este jueves | next_day('thursday')
fechas2/train/fechas2_006531.es.wav,pasado mañana | relative_day(+2)
fechas2/train/fechas2_006532.es.wav,este lunes por favor | next_day('monday')
fechas2/train/fechas2_006533.es.wav,pasado mañana | relative_day(+2)
fechas2/train/fechas2_006534.es.wav,este lunes siguiente por favor | next_day('monday')
fechas2/train/fechas2_006535.es.wav,el siguiente jueves | next_day('thursday')
fechas2/train/fechas2_006536.es.wav,en tres días | relative_day(+3)
fechas2/train/fechas2_006537.es.wav,el jueves próximo gracias | next_day('thursday')
fechas2/train/fechas2_006538.es.wav,en tres días | relative_day(+3)
fechas2/train/fechas2_006539.es.wav,el jueves | next_day('thursday')
fechas2/train/fechas2_006540.es.wav,este martes | next_day('tuesday')
fechas2/train/fechas2_006541.es.wav,en un par de días | relative_day(+2)
fechas2/train/fechas2_006542.es.wav,este jueves que viene gracias | next_day('thursday')
fechas2/train/fechas2_006543.es.wav,el lunes próximo gracias | next_day('monday')
fechas2/train/fechas2_006544.es.wav,en tres días gracias | relative_day(+3)
fechas2/train/fechas2_006545.es.wav,el viernes | next_day('friday')
fechas2/train/fechas2_006546.es.wav,este miércoles que viene | next_day('wednesday')
fechas2/train/fechas2_006547.es.wav,este lunes | next_day('monday')
fechas2/train/fechas2_006548.es.wav,el siguiente martes | next_day('tuesday')
fechas2/train/fechas2_006549.es.wav,por favor este martes | next_day('tuesday')
fechas2/train/fechas2_006550.es.wav,el martes gracias | next_day('tuesday')
fechas2/train/fechas2_006551.es.wav,este martes por favor | next_day('tuesday')
fechas2/train/fechas2_006552.es.wav,el martes siguiente | next_day('tuesday')
fechas2/train/fechas2_006553.es.wav,mañana | relative_day(+1)
fechas2/train/fechas2_006554.es.wav,el próximo lunes | next_day('monday')
fechas2/train/fechas2_006555.es.wav,este miércoles | next_day('wednesday')
fechas2/train/fechas2_006556.es.wav,el siguiente viernes | next_day('friday')
fechas2/train/fechas2_006557.es.wav,este viernes | next_day('friday')
fechas2/train/fechas2_006558.es.wav,el próximo martes | next_day('tuesday')
fechas2/train/fechas2_006559.es.wav,este lunes | next_day('monday')
fechas2/train/fechas2_006560.es.wav,en tres días | relative_day(+3)
fechas2/train/fechas2_006561.es.wav,el próximo jueves por favor | next_day('thursday')
fechas2/train/fechas2_006562.es.wav,el siguiente viernes | next_day('friday')
fechas2/train/fechas2_006563.es.wav,pasado mañana | relative_day(+2)
fechas2/train/fechas2_006564.es.wav,este jueves por favor | next_day('thursday')
fechas2/train/fechas2_006565.es.wav,el siguiente lunes | next_day('monday')
fechas2/train/fechas2_006566.es.wav,por favor en un par de días | relative_day(+2)
fechas2/train/fechas2_006567.es.wav,por favor el lunes | next_day('monday')
fechas2/train/fechas2_006568.es.wav,el próximo viernes | next_day('friday')
fechas2/train/fechas2_006569.es.wav,el próximo lunes por favor | next_day('monday')
fechas2/train/fechas2_006570.es.wav,el próximo martes | next_day('tuesday')
fechas2/train/fechas2_006571.es.wav,por favor el próximo lunes | next_day('monday')
fechas2/train/fechas2_006572.es.wav,por favor este viernes | next_day('friday')
fechas2/train/fechas2_006573.es.wav,el lunes que viene | next_day('monday')
fechas2/train/fechas2_006574.es.wav,el siguiente viernes | next_day('friday')
fechas2/train/fechas2_006575.es.wav,este lunes siguiente gracias | next_day('monday')
fechas2/train/fechas2_006576.es.wav,el próximo martes | next_day('tuesday')
fechas2/train/fechas2_006577.es.wav,por favor este miércoles que viene | next_day('wednesday')
fechas2/train/fechas2_006578.es.wav,en tres días | relative_day(+3)
fechas2/train/fechas2_006579.es.wav,el viernes que viene | next_day('friday')
fechas2/train/fechas2_006580.es.wav,el miércoles próximo gracias | next_day('wednesday')
fechas2/train/fechas2_006581.es.wav,este miércoles | next_day('wednesday')
fechas2/train/fechas2_006582.es.wav,este martes siguiente por favor | next_day('tuesday')
fechas2/train/fechas2_006583.es.wav,pasado mañana gracias | relative_day(+2)
fechas2/train/fechas2_006584.es.wav,el lunes próximo por favor | next_day('monday')
fechas2/train/fechas2_006585.es.wav,por favor el siguiente martes | next_day('tuesday')
fechas2/train/fechas2_006586.es.wav,en un par de días | relative_day(+2)
fechas2/train/fechas2_006587.es.wav,el viernes | next_day('friday')
fechas2/train/fechas2_006588.es.wav,el martes | next_day('tuesday')
fechas2/train/fechas2_006589.es.wav,el jueves gracias | next_day('thursday')
fechas2/train/fechas2_006590.es.wav,este viernes que viene por favor | next_day('friday')
fechas2/train/fechas2_006591.es.wav,en tres días | relative_day(+3)
fechas2/train/fechas2_006592.es.wav,en un par de días gracias | relative_day(+2)
fechas2/train/fechas2_006593.es.wav,el siguiente jueves | next_day('thursday')
fechas2/train/fechas2_006594.es.wav,el siguiente jueves por favor | next_day('thursday')
fechas2/train/fechas2_006595.es.wav,en un par de días gracias | relative_day(+2)
fechas2/train/fechas2_006596.es.wav,mañana gracias | relative_day(+1)
fechas2/train/fechas2_006597.es.wav,por favor este jueves próximo | next_day('thursday')
fechas2/train/fechas2_006598.es.wav,en tres días | relative_day(+3)
fechas2/train/fechas2_006599.es.wav,el viernes | next_day('friday')
fechas2/train/fechas2_006600.es.wav,en tres días | relative_day(+3)
fechas2/train/fechas2_006601.es.wav,este jueves que viene gracias | next_day('thursday')
fechas2/train/fechas2_006602.es.wav,el miércoles que viene | next_day('wednesday')
fechas2/train/fechas2_006603.es.wav,el viernes que viene | next_day('friday')
fechas2/train/fechas2_006604.es.wav,el siguiente viernes por favor | next_day('friday')
fechas2/train/fechas2_006605.es.wav,el próximo lunes por favor | next_day('monday')
fechas2/train/fechas2_006606.es.wav,este miércoles que viene | next_day('wednesday')
fechas2/train/fechas2_006607.es.wav,el siguiente miércoles | next_day('wednesday')
fechas2/train/fechas2_006608.es.wav,por favor este viernes | next_day('friday')
fechas2/train/fechas2_006609.es.wav,el martes por favor | next_day('tuesday')
fechas2/train/fechas2_006610.es.wav,el lunes | next_day('monday')
fechas2/train/fechas2_006611.es.wav,por favor este jueves siguiente | next_day('thursday')
fechas2/train/fechas2_006612.es.wav,este viernes próximo | next_day('friday')
fechas2/train/fechas2_006613.es.wav,este miércoles próximo | next_day('wednesday')
fechas2/train/fechas2_006614.es.wav,por favor el lunes | next_day('monday')
fechas2/train/fechas2_006615.es.wav,este lunes gracias | next_day('monday')
fechas2/train/fechas2_006616.es.wav,el próximo miércoles | next_day('wednesday')
fechas2/train/fechas2_006617.es.wav,el viernes siguiente por favor | next_day('friday')
fechas2/train/fechas2_006618.es.wav,este martes siguiente | next_day('tuesday')
fechas2/train/fechas2_006619.es.wav,el siguiente jueves | next_day('thursday')
fechas2/train/fechas2_006620.es.wav,este viernes próximo | next_day('friday')
fechas2/train/fechas2_006621.es.wav,el siguiente miércoles por favor | next_day('wednesday')
fechas2/train/fechas2_006622.es.wav,el miércoles siguiente | next_day('wednesday')
fechas2/train/fechas2_006623.es.wav,este lunes que viene | next_day('monday')
fechas2/train/fechas2_006624.es.wav,en un par de días | relative_day(+2)
fechas2/train/fechas2_006625.es.wav,este viernes por favor | next_day('friday')
fechas2/train/fechas2_006626.es.wav,este lunes próximo | next_day('monday')
fechas2/train/fechas2_006627.es.wav,el lunes | next_day('monday')
fechas2/train/fechas2_006628.es.wav,por favor el próximo lunes | next_day('monday')
fechas2/train/fechas2_006629.es.wav,por favor el jueves | next_day('thursday')
fechas2/train/fechas2_006630.es.wav,el próximo lunes por favor | next_day('monday')
fechas2/train/fechas2_006631.es.wav,el siguiente martes por favor | next_day('tuesday')
fechas2/train/fechas2_006632.es.wav,el viernes próximo por favor | next_day('friday')
fechas2/train/fechas2_006633.es.wav,el siguiente miércoles | next_day('wednesday')
fechas2/train/fechas2_006634.es.wav,este miércoles | next_day('wednesday')
fechas2/train/fechas2_006635.es.wav,el siguiente viernes | next_day('friday')
fechas2/train/fechas2_006636.es.wav,el martes gracias | next_day('tuesday')
fechas2/train/fechas2_006637.es.wav,el próximo jueves | next_day('thursday')
fechas2/train/fechas2_006638.es.wav,el viernes | next_day('friday')
fechas2/train/fechas2_006639.es.wav,este martes gracias | next_day('tuesday')
fechas2/train/fechas2_006640.es.wav,el próximo jueves por favor | next_day('thursday')
fechas2/train/fechas2_006641.es.wav,pasado mañana | relative_day(+2)
fechas2/train/fechas2_006642.es.wav,el jueves gracias | next_day('thursday')
fechas2/train/fechas2_006643.es.wav,el lunes | next_day('monday')
fechas2/train/fechas2_006644.es.wav,este martes | next_day('tuesday')
fechas2/train/fechas2_006645.es.wav,en tres días por favor | relative_day(+3)
fechas2/train/fechas2_006646.es.wav,en tres días por favor | relative_day(+3)
fechas2/train/fechas2_006647.es.wav,en tres días gracias | relative_day(+3)
fechas2/train/fechas2_006648.es.wav,por favor el jueves | next_day('thursday')
fechas2/train/fechas2_006649.es.wav,este lunes que viene | next_day('monday')
fechas2/train/fechas2_006650.es.wav,este martes | next_day('tuesday')
fechas2/train/fechas2_006651.es.wav,este lunes gracias | next_day('monday')
fechas2/train/fechas2_006652.es.wav,en un par de días por favor | relative_day(+2)
fechas2/train/fechas2_006653.es.wav,el lunes siguiente | next_day('monday')
fechas2/train/fechas2_006654.es.wav,el próximo lunes | next_day('monday')
fechas2/train/fechas2_006655.es.wav,por favor el martes siguiente | next_day('tuesday')
fechas2/train/fechas2_006656.es.wav,el próximo martes | next_day('tuesday')
fechas2/train/fechas2_006657.es.wav,el próximo viernes por favor | next_day('friday')
fechas2/train/fechas2_006658.es.wav,el siguiente martes | next_day('tuesday')
fechas2/train/fechas2_006659.es.wav,este martes siguiente | next_day('tuesday')
fechas2/train/fechas2_006660.es.wav,el próximo miércoles gracias | next_day('wednesday')
fechas2/train/fechas2_006661.es.wav,este jueves próximo | next_day('thursday')
fechas2/train/fechas2_006662.es.wav,por favor este jueves | next_day('thursday')
fechas2/train/fechas2_006663.es.wav,el lunes | next_day('monday')
fechas2/train/fechas2_006664.es.wav,el siguiente viernes por favor | next_day('friday')
fechas2/train/fechas2_006665.es.wav,por favor este miércoles próximo | next_day('wednesday')
fechas2/train/fechas2_006666.es.wav,por favor el miércoles que viene | next_day('wednesday')
fechas2/train/fechas2_006667.es.wav,el siguiente viernes | next_day('friday')
fechas2/train/fechas2_006668.es.wav,este martes gracias | next_day('tuesday')
fechas2/train/fechas2_006669.es.wav,en tres días gracias | relative_day(+3)
fechas2/train/fechas2_006670.es.wav,el próximo lunes por favor | next_day('monday')
fechas2/train/fechas2_006671.es.wav,este martes siguiente por favor | next_day('tuesday')
fechas2/train/fechas2_006672.es.wav,el lunes gracias | next_day('monday')
fechas2/train/fechas2_006673.es.wav,este viernes | next_day('friday')
fechas2/train/fechas2_006674.es.wav,por favor el miércoles siguiente | next_day('wednesday')
fechas2/train/fechas2_006675.es.wav,en tres días | relative_day(+3)
fechas2/train/fechas2_006676.es.wav,pasado mañana | relative_day(+2)
fechas2/train/fechas2_006677.es.wav,el miércoles que viene gracias | next_day('wednesday')
fechas2/train/fechas2_006678.es.wav,el viernes | next_day('friday')
fechas2/train/fechas2_006679.es.wav,por favor el siguiente martes | next_day('tuesday')
fechas2/train/fechas2_006680.es.wav,el próximo miércoles | next_day('wednesday')
fechas2/train/fechas2_006681.es.wav,este jueves | next_day('thursday')
fechas2/train/fechas2_006682.es.wav,el miércoles por favor | next_day('wednesday')
fechas2/train/fechas2_006683.es.wav,este miércoles gracias | next_day('wednesday')
fechas2/train/fechas2_006684.es.wav,por favor el próximo miércoles | next_day('wednesday')
fechas2/train/fechas2_006685.es.wav,este jueves próximo gracias | next_day('thursday')
fechas2/train/fechas2_006686.es.wav,pasado mañana por favor | relative_day(+2)
fechas2/train/fechas2_006687.es.wav,por favor mañana | relative_day(+1)
fechas2/train/fechas2_006688.es.wav,este lunes gracias | next_day('monday')
fechas2/train/fechas2_006689.es.wav,el jueves por favor | next_day('thursday')
fechas2/train/fechas2_006690.es.wav,por favor el próximo jueves | next_day('thursday')
fechas2/train/fechas2_006691.es.wav,el próximo martes | next_day('tuesday')
fechas2/train/fechas2_006692.es.wav,este jueves | next_day('thursday')
fechas2/train/fechas2_006693.es.wav,en un par de días | relative_day(+2)
fechas2/train/fechas2_006694.es.wav,pasado mañana | relative_day(+2)
fechas2/train/fechas2_006695.es.wav,en un par de días | relative_day(+2)
fechas2/train/fechas2_006696.es.wav,el siguiente lunes gracias | next_day('monday')
fechas2/train/fechas2_006697.es.wav,el miércoles próximo por favor | next_day('wednesday')
fechas2/train/fechas2_006698.es.wav,el viernes siguiente | next_day('friday')
fechas2/train/fechas2_006699.es.wav,este martes que viene gracias | next_day('tuesday')
fechas2/train/fechas2_006700.es.wav,por favor el viernes | next_day('friday')
fechas2/train/fechas2_006701.es.wav,pasado mañana | relative_day(+2)
fechas2/train/fechas2_006702.es.wav,el siguiente viernes gracias | next_day('friday')
fechas2/train/fechas2_006703.es.wav,por favor pasado mañana | relative_day(+2)
fechas2/train/fechas2_006704.es.wav,el jueves | next_day('thursday')
fechas2/train/fechas2_006705.es.wav,mañana | relative_day(+1)
fechas2/train/fechas2_006706.es.wav,en un par de días | relative_day(+2)
fechas2/train/fechas2_006707.es.wav,el próximo martes | next_day('tuesday')
fechas2/train/fechas2_006708.es.wav,el siguiente jueves | next_day('thursday')
fechas2/train/fechas2_006709.es.wav,por favor en tres días | relative_day(+3)
fechas2/train/fechas2_006710.es.wav,este jueves | next_day('thursday')
fechas2/train/fechas2_006711.es.wav,el siguiente lunes gracias | next_day('monday')
fechas2/train/fechas2_006712.es.wav,el próximo martes gracias | next_day('tuesday')
fechas2/train/fechas2_006713.es.wav,por favor este miércoles | next_day('wednesday')
fechas2/train/fechas2_006714.es.wav,este jueves que viene | next_day('thursday')
fechas2/train/fechas2_006715.es.wav,el siguiente miércoles | next_day('wednesday')
fechas2/train/fechas2_006716.es.wav,pasado mañana por favor | relative_day(+2)
fechas2/train/fechas2_006717.es.wav,en un par de días por favor | relative_day(+2)
fechas2/train/fechas2_006718.es.wav,este lunes que viene | next_day('monday')
fechas2/train/fechas2_006719.es.wav,este martes que viene | next_day('tuesday')
fechas2/train/fechas2_006720.es.wav,el próximo lunes gracias | next_day('monday')
fechas2/train/fechas2_006721.es.wav,el siguiente miércoles por favor | next_day('wednesday')
fechas2/train/fechas2_006722.es.wav,mañana gracias | relative_day(+1)
fechas2/train/fechas2_006723.es.wav,el próximo viernes | next_day('friday')
fechas2/train/fechas2_006724.es.wav,este jueves siguiente | next_day('thursday')
fechas2/train/fechas2_006725.es.wav,en tres días | relative_day(+3)
fechas2/train/fechas2_006726.es.wav,este jueves por favor | next_day('thursday')
fechas2/train/fechas2_006727.es.wav,este martes | next_day('tuesday')
fechas2/train/fechas2_006728.es.wav,este lunes próximo por favor | next_day('monday')
fechas2/train/fechas2_006729.es.wav,en tres días gracias | relative_day(+3)
fechas2/train/fechas2_006730.es.wav,el miércoles | next_day('wednesday')
fechas2/train/fechas2_006731.es.wav,el próximo jueves | next_day('thursday')
fechas2/train/fechas2_006732.es.wav,en tres días | relative_day(+3)
fechas2/train/fechas2_006733.es.wav,el próximo jueves gracias | next_day('thursday')
fechas2/train/fechas2_006734.es.wav,el lunes que viene | next_day('monday')
fechas2/train/fechas2_006735.es.wav,el martes siguiente por favor | next_day('tuesday')
fechas2/train/fechas2_006736.es.wav,el miércoles próximo por favor | next_day('wednesday')
fechas2/train/fechas2_006737.es.wav,el siguiente viernes | next_day('friday')
fechas2/train/fechas2_006738.es.wav,este viernes por favor | next_day('friday')
fechas2/train/fechas2_006739.es.wav,en tres días gracias | relative_day(+3)
fechas2/train/fechas2_006740.es.wav,el martes gracias | next_day('tuesday')
fechas2/train/fechas2_006741.es.wav,el jueves próximo | next_day('thursday')
fechas2/train/fechas2_006742.es.wav,por favor el siguiente lunes | next_day('monday')
fechas2/train/fechas2_006743.es.wav,este lunes | next_day('monday')
fechas2/train/fechas2_006744.es.wav,en tres días | relative_day(+3)
fechas2/train/fechas2_006745.es.wav,el jueves que viene | next_day('thursday')
fechas2/train/fechas2_006746.es.wav,el viernes | next_day('friday')
fechas2/train/fechas2_006747.es.wav,pasado mañana | relative_day(+2)
fechas2/train/fechas2_006748.es.wav,en un par de días | relative_day(+2)
fechas2/train/fechas2_006749.es.wav,en un par de días | relative_day(+2)
fechas2/train/fechas2_006750.es.wav,este jueves próximo | next_day('thursday')
fechas2/train/fechas2_006751.es.wav,el próximo miércoles gracias | next_day('wednesday')
fechas2/train/fechas2_006752.es.wav,este viernes por favor | next_day('friday')
fechas2/train/fechas2_006753.es.wav,el próximo viernes gracias | next_day('friday')
fechas2/train/fechas2_006754.es.wav,el próximo miércoles por favor | next_day('wednesday')
fechas2/train/fechas2_006755.es.wav,este jueves | next_day('thursday')
fechas2/train/fechas2_006756.es.wav,el próximo jueves por favor | next_day('thursday')
fechas2/train/fechas2_006757.es.wav,por favor este martes que viene | next_day('tuesday')
fechas2/train/fechas2_006758.es.wav,en un par de días | relative_day(+2)
fechas2/train/fechas2_006759.es.wav,el miércoles siguiente | next_day('wednesday')
fechas2/train/fechas2_006760.es.wav,el jueves | next_day('thursday')
fechas2/train/fechas2_006761.es.wav,el siguiente lunes | next_day('monday')
fechas2/train/fechas2_006762.es.wav,mañana | relative_day(+1)
fechas2/train/fechas2_006763.es.wav,este martes por favor | next_day('tuesday')
fechas2/train/fechas2_006764.es.wav,en tres días | relative_day(+3)
fechas2/train/fechas2_006765.es.wav,el jueves siguiente | next_day('thursday')
fechas2/train/fechas2_006766.es.wav,este viernes | next_day('friday')
fechas2/train/fechas2_006767.es.wav,el próximo martes | next_day('tuesday')
fechas2/train/fechas2_006768.es.wav,el siguiente lunes | next_day('monday')
fechas2/train/fechas2_006769.es.wav,el jueves | next_day('thursday')
fechas2/train/fechas2_006770.es.wav,en un par de días gracias | relative_day(+2)
fechas2/train/fechas2_006771.es.wav,el siguiente martes | next_day('tuesday')
fechas2/train/fechas2_006772.es.wav,por favor este martes próximo | next_day('tuesday')
fechas2/train/fechas2_006773.es.wav,el lunes por favor | next_day('monday')
fechas2/train/fechas2_006774.es.wav,este martes | next_day('tuesday')
fechas2/train/fechas2_006775.es.wav,este lunes siguiente gracias | next_day('monday')
fechas2/train/fechas2_006776.es.wav,por favor el martes | next_day('tuesday')
fechas2/train/fechas2_006777.es.wav,este miércoles que viene | next_day('wednesday')
fechas2/train/fechas2_006778.es.wav,en tres días por favor | relative_day(+3)
fechas2/train/fechas2_006779.es.wav,el próximo jueves por favor | next_day('thursday')
fechas2/train/fechas2_006780.es.wav,este viernes siguiente | next_day('friday')
fechas2/train/fechas2_006781.es.wav,el jueves próximo | next_day('thursday')
fechas2/train/fechas2_006782.es.wav,el siguiente lunes | next_day('monday')
fechas2/train/fechas2_006783.es.wav,este miércoles por favor | next_day('wednesday')
fechas2/train/fechas2_006784.es.wav,por favor en un par de días | relative_day(+2)
fechas2/train/fechas2_006785.es.wav,este miércoles | next_day('wednesday')
fechas2/train/fechas2_006786.es.wav,este miércoles siguiente | next_day('wednesday')
fechas2/train/fechas2_006787.es.wav,este martes gracias | next_day('tuesday')
fechas2/train/fechas2_006788.es.wav,el miércoles que viene gracias | next_day('wednesday')
fechas2/train/fechas2_006789.es.wav,por favor mañana | relative_day(+1)
fechas2/train/fechas2_006790.es.wav,en tres días | relative_day(+3)
fechas2/train/fechas2_006791.es.wav,por favor en tres días | relative_day(+3)
fechas2/train/fechas2_006792.es.wav,en tres días gracias | relative_day(+3)
fechas2/train/fechas2_006793.es.wav,el lunes | next_day('monday')
fechas2/train/fechas2_006794.es.wav,este miércoles próximo | next_day('wednesday')
fechas2/train/fechas2_006795.es.wav,el próximo viernes | next_day('friday')
fechas2/train/fechas2_006796.es.wav,por favor el siguiente jueves | next_day('thursday')
fechas2/train/fechas2_006797.es.wav,este lunes | next_day('monday')
fechas2/train/fechas2_006798.es.wav,el próximo lunes | next_day('monday')
fechas2/train/fechas2_006799.es.wav,este lunes por favor | next_day('monday')
fechas2/train/fechas2_006800.es.wav,el viernes | next_day('friday')
fechas2/train/fechas2_006801.es.wav,este martes próximo gracias | next_day('tuesday')
fechas2/train/fechas2_006802.es.wav,mañana por favor | relative_day(+1)
fechas2/train/fechas2_006803.es.wav,en tres días | relative_day(+3)
fechas2/train/fechas2_006804.es.wav,este martes siguiente por favor | next_day('tuesday')
fechas2/train/fechas2_006805.es.wav,el martes que viene gracias | next_day('tuesday')
fechas2/train/fechas2_006806.es.wav,por favor el martes | next_day('tuesday')
fechas2/train/fechas2_006807.es.wav,por favor el siguiente lunes | next_day('monday')
fechas2/train/fechas2_006808.es.wav,en un par de días | relative_day(+2)
fechas2/train/fechas2_006809.es.wav,el próximo viernes por favor | next_day('friday')
fechas2/train/fechas2_006810.es.wav,el viernes próximo | next_day('friday')
fechas2/train/fechas2_006811.es.wav,el siguiente martes | next_day('tuesday')
fechas2/train/fechas2_006812.es.wav,en un par de días gracias | relative_day(+2)
fechas2/train/fechas2_006813.es.wav,este jueves siguiente | next_day('thursday')
fechas2/train/fechas2_006814.es.wav,por favor el siguiente jueves | next_day('thursday')
fechas2/train/fechas2_006815.es.wav,este martes | next_day('tuesday')
fechas2/train/fechas2_006816.es.wav,el próximo lunes | next_day('monday')
fechas2/train/fechas2_006817.es.wav,el próximo lunes gracias | next_day('monday')
fechas2/train/fechas2_006818.es.wav,por favor el miércoles | next_day('wednesday')
fechas2/train/fechas2_006819.es.wav,por favor el lunes | next_day('monday')
fechas2/train/fechas2_006820.es.wav,el siguiente viernes | next_day('friday')
fechas2/train/fechas2_006821.es.wav,el jueves gracias | next_day('thursday')
fechas2/train/fechas2_006822.es.wav,por favor en tres días | relative_day(+3)
fechas2/train/fechas2_006823.es.wav,en un par de días por favor | relative_day(+2)
fechas2/train/fechas2_006824.es.wav,este miércoles por favor | next_day('wednesday')
fechas2/train/fechas2_006825.es.wav,por favor este martes que viene | next_day('tuesday')
fechas2/train/fechas2_006826.es.wav,el viernes | next_day('friday')
fechas2/train/fechas2_006827.es.wav,el jueves | next_day('thursday')
fechas2/train/fechas2_006828.es.wav,este miércoles siguiente | next_day('wednesday')
fechas2/train/fechas2_006829.es.wav,por favor el próximo martes | next_day('tuesday')
fechas2/train/fechas2_006830.es.wav,el siguiente viernes gracias | next_day('friday')
fechas2/train/fechas2_006831.es.wav,el martes que viene | next_day('tuesday')
fechas2/train/fechas2_006832.es.wav,el próximo miércoles | next_day('wednesday')
fechas2/train/fechas2_006833.es.wav,el martes próximo | next_day('tuesday')
fechas2/train/fechas2_006834.es.wav,en un par de días | relative_day(+2)
fechas2/train/fechas2_006835.es.wav,este viernes siguiente | next_day('friday')
fechas2/train/fechas2_006836.es.wav,pasado mañana | relative_day(+2)
fechas2/train/fechas2_006837.es.wav,este viernes gracias | next_day('friday')
fechas2/train/fechas2_006838.es.wav,este martes siguiente | next_day('tuesday')
fechas2/train/fechas2_006839.es.wav,este jueves siguiente por favor | next_day('thursday')
fechas2/train/fechas2_006840.es.wav,este viernes próximo | next_day('friday')
fechas2/train/fechas2_006841.es.wav,por favor mañana | relative_day(+1)
fechas2/train/fechas2_006842.es.wav,por favor el lunes | next_day('monday')
fechas2/train/fechas2_006843.es.wav,este lunes que viene | next_day('monday')
fechas2/train/fechas2_006844.es.wav,este lunes que viene gracias | next_day('monday')
fechas2/train/fechas2_006845.es.wav,por favor el lunes que viene | next_day('monday')
fechas2/train/fechas2_006846.es.wav,el siguiente viernes | next_day('friday')
fechas2/train/fechas2_006847.es.wav,en tres días | relative_day(+3)
fechas2/train/fechas2_006848.es.wav,el viernes próximo por favor | next_day('friday')
fechas2/train/fechas2_006849.es.wav,en tres días gracias | relative_day(+3)
fechas2/train/fechas2_006850.es.wav,este martes que viene por favor | next_day('tuesday')
fechas2/train/fechas2_006851.es.wav,este martes por favor | next_day('tuesday')
fechas2/train/fechas2_006852.es.wav,este miércoles siguiente | next_day('wednesday')
fechas2/train/fechas2_006853.es.wav,por favor el próximo jueves | next_day('thursday')
fechas2/train/fechas2_006854.es.wav,el próximo lunes por favor | next_day('monday')
fechas2/train/fechas2_006855.es.wav,pasado mañana | relative_day(+2)
fechas2/train/fechas2_006856.es.wav,por favor mañana | relative_day(+1)
fechas2/train/fechas2_006857.es.wav,este jueves próximo | next_day('thursday')
fechas2/train/fechas2_006858.es.wav,el siguiente lunes | next_day('monday')
fechas2/train/fechas2_006859.es.wav,este miércoles | next_day('wednesday')
fechas2/train/fechas2_006860.es.wav,pasado mañana por favor | relative_day(+2)
fechas2/train/fechas2_006861.es.wav,el martes | next_day('tuesday')
fechas2/train/fechas2_006862.es.wav,este jueves gracias | next_day('thursday')
fechas2/train/fechas2_006863.es.wav,este lunes | next_day('monday')
fechas2/train/fechas2_006864.es.wav,pasado mañana | relative_day(+2)
fechas2/train/fechas2_006865.es.wav,el lunes | next_day('monday')
fechas2/train/fechas2_006866.es.wav,el jueves siguiente | next_day('thursday')
fechas2/train/fechas2_006867.es.wav,el martes siguiente | next_day('tuesday')
fechas2/train/fechas2_006868.es.wav,este martes gracias | next_day('tuesday')
fechas2/train/fechas2_006869.es.wav,mañana por favor | relative_day(+1)
fechas2/train/fechas2_006870.es.wav,el siguiente miércoles gracias | next_day('wednesday')
fechas2/train/fechas2_006871.es.wav,en un par de días | relative_day(+2)
fechas2/train/fechas2_006872.es.wav,el próximo jueves por favor | next_day('thursday')
fechas2/train/fechas2_006873.es.wav,el martes | next_day('tuesday')
fechas2/train/fechas2_006874.es.wav,el miércoles próximo | next_day('wednesday')
fechas2/train/fechas2_006875.es.wav,por favor el siguiente viernes | next_day('friday')
fechas2/train/fechas2_006876.es.wav,en un par de días | relative_day(+2)
fechas2/train/fechas2_006877.es.wav,este lunes gracias | next_day('monday')
fechas2/train/fechas2_006878.es.wav,este viernes próximo por favor | next_day('friday')
fechas2/train/fechas2_006879.es.wav,este martes | next_day('tuesday')
fechas2/train/fechas2_006880.es.wav,este lunes | next_day('monday')
fechas2/train/fechas2_006881.es.wav,por favor el siguiente martes | next_day('tuesday')
fechas2/train/fechas2_006882.es.wav,este jueves gracias | next_day('thursday')
fechas2/train/fechas2_006883.es.wav,mañana | relative_day(+1)
fechas2/train/fechas2_006884.es.wav,por favor en tres días | relative_day(+3)
fechas2/train/fechas2_006885.es.wav,este martes siguiente | next_day('tuesday')
fechas2/train/fechas2_006886.es.wav,en un par de días por favor | relative_day(+2)
fechas2/train/fechas2_006887.es.wav,por favor el próximo lunes | next_day('monday')
fechas2/train/fechas2_006888.es.wav,en un par de días | relative_day(+2)
fechas2/train/fechas2_006889.es.wav,en tres días | relative_day(+3)
fechas2/train/fechas2_006890.es.wav,este martes | next_day('tuesday')
fechas2/train/fechas2_006891.es.wav,en tres días | relative_day(+3)
fechas2/train/fechas2_006892.es.wav,este martes gracias | next_day('tuesday')
fechas2/train/fechas2_006893.es.wav,pasado mañana | relative_day(+2)
fechas2/train/fechas2_006894.es.wav,en un par de días gracias | relative_day(+2)
fechas2/train/fechas2_006895.es.wav,este lunes siguiente | next_day('monday')
fechas2/train/fechas2_006896.es.wav,pasado mañana por favor | relative_day(+2)
fechas2/train/fechas2_006897.es.wav,el martes próximo | next_day('tuesday')
fechas2/train/fechas2_006898.es.wav,el viernes que viene | next_day('friday')
fechas2/train/fechas2_006899.es.wav,el jueves próximo | next_day('thursday')
fechas2/train/fechas2_006900.es.wav,el próximo jueves | next_day('thursday')
fechas2/train/fechas2_006901.es.wav,el lunes por favor | next_day('monday')
fechas2/train/fechas2_006902.es.wav,el próximo lunes gracias | next_day('monday')
fechas2/train/fechas2_006903.es.wav,el próximo lunes | next_day('monday')
fechas2/train/fechas2_006904.es.wav,este viernes que viene | next_day('friday')
fechas2/train/fechas2_006905.es.wav,el lunes que viene | next_day('monday')
fechas2/train/fechas2_006906.es.wav,este miércoles siguiente | next_day('wednesday')
fechas2/train/fechas2_006907.es.wav,el próximo lunes gracias | next_day('monday')
fechas2/train/fechas2_006908.es.wav,este martes por favor | next_day('tuesday')
fechas2/train/fechas2_006909.es.wav,por favor el viernes siguiente | next_day('friday')
fechas2/train/fechas2_006910.es.wav,en un par de días por favor | relative_day(+2)
fechas2/train/fechas2_006911.es.wav,en tres días | relative_day(+3)
fechas2/train/fechas2_006912.es.wav,en un par de días por favor | relative_day(+2)
fechas2/train/fechas2_006913.es.wav,el siguiente jueves gracias | next_day('thursday')
fechas2/train/fechas2_006914.es.wav,por favor pasado mañana | relative_day(+2)
fechas2/train/fechas2_006915.es.wav,el siguiente lunes | next_day('monday')
fechas2/train/fechas2_006916.es.wav,pasado mañana gracias | relative_day(+2)
fechas2/train/fechas2_006917.es.wav,mañana | relative_day(+1)
fechas2/train/fechas2_006918.es.wav,el viernes por favor | next_day('friday')
fechas2/train/fechas2_006919.es.wav,el siguiente martes | next_day('tuesday')
fechas2/train/fechas2_006920.es.wav,el siguiente martes por favor | next_day('tuesday')
fechas2/train/fechas2_006921.es.wav,pasado mañana | relative_day(+2)
fechas2/train/fechas2_006922.es.wav,este martes gracias | next_day('tuesday')
fechas2/train/fechas2_006923.es.wav,el próximo martes | next_day('tuesday')
fechas2/train/fechas2_006924.es.wav,el siguiente martes | next_day('tuesday')
fechas2/train/fechas2_006925.es.wav,en tres días | relative_day(+3)
fechas2/train/fechas2_006926.es.wav,pasado mañana | relative_day(+2)
fechas2/train/fechas2_006927.es.wav,en un par de días | relative_day(+2)
fechas2/train/fechas2_006928.es.wav,en tres días | relative_day(+3)
fechas2/train/fechas2_006929.es.wav,el siguiente martes por favor | next_day('tuesday')
fechas2/train/fechas2_006930.es.wav,este miércoles siguiente | next_day('wednesday')
fechas2/train/fechas2_006931.es.wav,por favor el próximo viernes | next_day('friday')
fechas2/train/fechas2_006932.es.wav,el miércoles siguiente | next_day('wednesday')
fechas2/train/fechas2_006933.es.wav,el siguiente jueves gracias | next_day('thursday')
fechas2/train/fechas2_006934.es.wav,el viernes que viene | next_day('friday')
fechas2/train/fechas2_006935.es.wav,el siguiente viernes | next_day('friday')
fechas2/train/fechas2_006936.es.wav,el siguiente lunes | next_day('monday')
fechas2/train/fechas2_006937.es.wav,por favor el siguiente miércoles | next_day('wednesday')
fechas2/train/fechas2_006938.es.wav,por favor el viernes | next_day('friday')
fechas2/train/fechas2_006939.es.wav,por favor mañana | relative_day(+1)
fechas2/train/fechas2_006940.es.wav,en un par de días gracias | relative_day(+2)
fechas2/train/fechas2_006941.es.wav,el siguiente viernes gracias | next_day('friday')
fechas2/train/fechas2_006942.es.wav,el siguiente jueves | next_day('thursday')
fechas2/train/fechas2_006943.es.wav,este lunes | next_day('monday')
fechas2/train/fechas2_006944.es.wav,mañana | relative_day(+1)
fechas2/train/fechas2_006945.es.wav,en tres días | relative_day(+3)
fechas2/train/fechas2_006946.es.wav,el jueves | next_day('thursday')
fechas2/train/fechas2_006947.es.wav,el siguiente viernes | next_day('friday')
fechas2/train/fechas2_006948.es.wav,el lunes | next_day('monday')
fechas2/train/fechas2_006949.es.wav,el siguiente lunes | next_day('monday')
fechas2/train/fechas2_006950.es.wav,mañana por favor | relative_day(+1)
fechas2/train/fechas2_006951.es.wav,por favor mañana | relative_day(+1)
fechas2/train/fechas2_006952.es.wav,el miércoles por favor | next_day('wednesday')
fechas2/train/fechas2_006953.es.wav,este viernes | next_day('friday')
fechas2/train/fechas2_006954.es.wav,el miércoles siguiente | next_day('wednesday')
fechas2/train/fechas2_006955.es.wav,este martes por favor | next_day('tuesday')
fechas2/train/fechas2_006956.es.wav,el viernes | next_day('friday')
fechas2/train/fechas2_006957.es.wav,este lunes | next_day('monday')
fechas2/train/fechas2_006958.es.wav,este lunes por favor | next_day('monday')
fechas2/train/fechas2_006959.es.wav,el martes que viene por favor | next_day('tuesday')
fechas2/train/fechas2_006960.es.wav,este miércoles que viene | next_day('wednesday')
fechas2/train/fechas2_006961.es.wav,el lunes por favor | next_day('monday')
fechas2/train/fechas2_006962.es.wav,el próximo miércoles por favor | next_day('wednesday')
fechas2/train/fechas2_006963.es.wav,el siguiente lunes gracias | next_day('monday')
fechas2/train/fechas2_006964.es.wav,por favor el viernes siguiente | next_day('friday')
fechas2/train/fechas2_006965.es.wav,este lunes | next_day('monday')
fechas2/train/fechas2_006966.es.wav,por favor en un par de días | relative_day(+2)
fechas2/train/fechas2_006967.es.wav,en tres días gracias | relative_day(+3)
fechas2/train/fechas2_006968.es.wav,este lunes que viene | next_day('monday')
fechas2/train/fechas2_006969.es.wav,el siguiente martes gracias | next_day('tuesday')
fechas2/train/fechas2_006970.es.wav,el próximo lunes | next_day('monday')
fechas2/train/fechas2_006971.es.wav,por favor el miércoles siguiente | next_day('wednesday')
fechas2/train/fechas2_006972.es.wav,mañana | relative_day(+1)
fechas2/train/fechas2_006973.es.wav,por favor este martes siguiente | next_day('tuesday')
fechas2/train/fechas2_006974.es.wav,el viernes que viene | next_day('friday')
fechas2/train/fechas2_006975.es.wav,el viernes | next_day('friday')
fechas2/train/fechas2_006976.es.wav,por favor este viernes | next_day('friday')
fechas2/train/fechas2_006977.es.wav,el próximo jueves | next_day('thursday')
fechas2/train/fechas2_006978.es.wav,pasado mañana por favor | relative_day(+2)
fechas2/train/fechas2_006979.es.wav,en un par de días | relative_day(+2)
fechas2/train/fechas2_006980.es.wav,el próximo lunes | next_day('monday')
fechas2/train/fechas2_006981.es.wav,este viernes | next_day('friday')
fechas2/train/fechas2_006982.es.wav,pasado mañana | relative_day(+2)
fechas2/train/fechas2_006983.es.wav,este lunes gracias | next_day('monday')
fechas2/train/fechas2_006984.es.wav,este viernes | next_day('friday')
fechas2/train/fechas2_006985.es.wav,por favor el viernes próximo | next_day('friday')
fechas2/train/fechas2_006986.es.wav,el lunes gracias | next_day('monday')
fechas2/train/fechas2_006987.es.wav,en un par de días por favor | relative_day(+2)
fechas2/train/fechas2_006988.es.wav,este miércoles próximo por favor | next_day('wednesday')
fechas2/train/fechas2_006989.es.wav,este lunes siguiente por favor | next_day('monday')
fechas2/train/fechas2_006990.es.wav,este miércoles próximo gracias | next_day('wednesday')
fechas2/train/fechas2_006991.es.wav,pasado mañana por favor | relative_day(+2)
fechas2/train/fechas2_006992.es.wav,el lunes siguiente | next_day('monday')
fechas2/train/fechas2_006993.es.wav,este martes | next_day('tuesday')
fechas2/train/fechas2_006994.es.wav,el próximo martes | next_day('tuesday')
fechas2/train/fechas2_006995.es.wav,el jueves próximo por favor | next_day('thursday')
fechas2/train/fechas2_006996.es.wav,el viernes próximo | next_day('friday')
fechas2/train/fechas2_006997.es.wav,el miércoles siguiente | next_day('wednesday')
fechas2/train/fechas2_006998.es.wav,pasado mañana | relative_day(+2)
fechas2/train/fechas2_006999.es.wav,el lunes | next_day('monday')
fechas2/train/fechas2_007000.es.wav,en un par de días gracias | relative_day(+2)
fechas2/train/fechas2_007001.es.wav,el próximo viernes | next_day('friday')
fechas2/train/fechas2_007002.es.wav,el siguiente viernes gracias | next_day('friday')
fechas2/train/fechas2_007003.es.wav,el viernes | next_day('friday')
fechas2/train/fechas2_007004.es.wav,en un par de días por favor | relative_day(+2)
fechas2/train/fechas2_007005.es.wav,el siguiente miércoles gracias | next_day('wednesday')
fechas2/train/fechas2_007006.es.wav,este viernes gracias | next_day('friday')
fechas2/train/fechas2_007007.es.wav,pasado mañana gracias | relative_day(+2)
fechas2/train/fechas2_007008.es.wav,el próximo lunes | next_day('monday')
fechas2/train/fechas2_007009.es.wav,el miércoles por favor | next_day('wednesday')
fechas2/train/fechas2_007010.es.wav,este martes | next_day('tuesday')
fechas2/train/fechas2_007011.es.wav,el siguiente viernes por favor | next_day('friday')
fechas2/train/fechas2_007012.es.wav,el jueves próximo | next_day('thursday')
fechas2/train/fechas2_007013.es.wav,este jueves próximo por favor | next_day('thursday')
fechas2/train/fechas2_007014.es.wav,este jueves gracias | next_day('thursday')
fechas2/train/fechas2_007015.es.wav,el martes siguiente gracias | next_day('tuesday')
fechas2/train/fechas2_007016.es.wav,este miércoles por favor | next_day('wednesday')
fechas2/train/fechas2_007017.es.wav,por favor el siguiente viernes | next_day('friday')
fechas2/train/fechas2_007018.es.wav,este viernes siguiente por favor | next_day('friday')
fechas2/train/fechas2_007019.es.wav,por favor este martes siguiente | next_day('tuesday')
fechas2/train/fechas2_007020.es.wav,este miércoles próximo gracias | next_day('wednesday')
fechas2/train/fechas2_007021.es.wav,pasado mañana | relative_day(+2)
fechas2/train/fechas2_007022.es.wav,este martes que viene | next_day('tuesday')
fechas2/train/fechas2_007023.es.wav,en tres días por favor | relative_day(+3)
fechas2/train/fechas2_007024.es.wav,en tres días por favor | relative_day(+3)
fechas2/train/fechas2_007025.es.wav,el jueves próximo | next_day('thursday')
fechas2/train/fechas2_007026.es.wav,en tres días | relative_day(+3)
fechas2/train/fechas2_007027.es.wav,en tres días | relative_day(+3)
fechas2/train/fechas2_007028.es.wav,el siguiente martes | next_day('tuesday')
fechas2/train/fechas2_007029.es.wav,en tres días | relative_day(+3)
fechas2/train/fechas2_007030.es.wav,por favor en un par de días | relative_day(+2)
fechas2/train/fechas2_007031.es.wav,este martes siguiente | next_day('tuesday')
fechas2/train/fechas2_007032.es.wav,este lunes siguiente | next_day('monday')
fechas2/train/fechas2_007033.es.wav,por favor el martes | next_day('tuesday')
fechas2/train/fechas2_007034.es.wav,el próximo martes | next_day('tuesday')
fechas2/train/fechas2_007035.es.wav,el próximo martes | next_day('tuesday')
fechas2/train/fechas2_007036.es.wav,el siguiente jueves | next_day('thursday')
fechas2/train/fechas2_007037.es.wav,el lunes próximo | next_day('monday')
fechas2/train/fechas2_007038.es.wav,el lunes siguiente por favor | next_day('monday')
fechas2/train/fechas2_007039.es.wav,el martes por favor | next_day('tuesday')
fechas2/train/fechas2_007040.es.wav,este viernes próximo | next_day('friday')
fechas2/train/fechas2_007041.es.wav,el próximo viernes | next_day('friday')
fechas2/train/fechas2_007042.es.wav,el lunes gracias | next_day('monday')
fechas2/train/fechas2_007043.es.wav,el lunes | next_day('monday')
fechas2/train/fechas2_007044.es.wav,el jueves por favor | next_day('thursday')
fechas2/train/fechas2_007045.es.wav,este miércoles siguiente | next_day('wednesday')
fechas2/train/fechas2_007046.es.wav,el jueves próximo | next_day('thursday')
fechas2/train/fechas2_007047.es.wav,en tres días | relative_day(+3)
fechas2/train/fechas2_007048.es.wav,el próximo miércoles | next_day('wednesday')
fechas2/train/fechas2_007049.es.wav,este viernes | next_day('friday')
fechas2/train/fechas2_007050.es.wav,por favor en tres días | relative_day(+3)
fechas2/train/fechas2_007051.es.wav,por favor el viernes que viene | next_day('friday')
fechas2/train/fechas2_007052.es.wav,el próximo jueves | next_day('thursday')
fechas2/train/fechas2_007053.es.wav,este viernes próximo | next_day('friday')
fechas2/train/fechas2_007054.es.wav,por favor el próximo lunes | next_day('monday')
fechas2/train/fechas2_007055.es.wav,pasado mañana | relative_day(+2)
fechas2/train/fechas2_007056.es.wav,el viernes | next_day('friday')
fechas2/train/fechas2_007057.es.wav,el siguiente martes | next_day('tuesday')
fechas2/train/fechas2_007058.es.wav,por favor el siguiente lunes | next_day('monday')
fechas2/train/fechas2_007059.es.wav,el miércoles | next_day('wednesday')
fechas2/train/fechas2_007060.es.wav,en tres días por favor | relative_day(+3)
fechas2/train/fechas2_007061.es.wav,por favor este jueves | next_day('thursday')
fechas2/train/fechas2_007062.es.wav,el siguiente viernes por favor | next_day('friday')
fechas2/train/fechas2_007063.es.wav,mañana por favor | relative_day(+1)
fechas2/train/fechas2_007064.es.wav,en un par de días | relative_day(+2)
fechas2/train/fechas2_007065.es.wav,este lunes por favor | next_day('monday')
fechas2/train/fechas2_007066.es.wav,este martes | next_day('tuesday')
fechas2/train/fechas2_007067.es.wav,el miércoles | next_day('wednesday')
fechas2/train/fechas2_007068.es.wav,el próximo lunes | next_day('monday')
fechas2/train/fechas2_007069.es.wav,el siguiente jueves | next_day('thursday')
fechas2/train/fechas2_007070.es.wav,el próximo viernes | next_day('friday')
fechas2/train/fechas2_007071.es.wav,mañana por favor | relative_day(+1)
fechas2/train/fechas2_007072.es.wav,el viernes próximo | next_day('friday')
fechas2/train/fechas2_007073.es.wav,por favor en un par de días | relative_day(+2)
fechas2/train/fechas2_007074.es.wav,por favor el siguiente miércoles | next_day('wednesday')
fechas2/train/fechas2_007075.es.wav,en un par de días por favor | relative_day(+2)
fechas2/train/fechas2_007076.es.wav,este miércoles | next_day('wednesday')
fechas2/train/fechas2_007077.es.wav,por favor el viernes | next_day('friday')
fechas2/train/fechas2_007078.es.wav,por favor el próximo viernes | next_day('friday')
fechas2/train/fechas2_007079.es.wav,el lunes gracias | next_day('monday')
fechas2/train/fechas2_007080.es.wav,por favor este lunes | next_day('monday')
fechas2/train/fechas2_007081.es.wav,el siguiente viernes | next_day('friday')
fechas2/train/fechas2_007082.es.wav,por favor en tres días | relative_day(+3)
fechas2/train/fechas2_007083.es.wav,por favor el próximo lunes | next_day('monday')
fechas2/train/fechas2_007084.es.wav,pasado mañana por favor | relative_day(+2)
fechas2/train/fechas2_007085.es.wav,el próximo viernes | next_day('friday')
fechas2/train/fechas2_007086.es.wav,por favor el siguiente viernes | next_day('friday')
fechas2/train/fechas2_007087.es.wav,el siguiente viernes | next_day('friday')
fechas2/train/fechas2_007088.es.wav,el lunes | next_day('monday')
fechas2/train/fechas2_007089.es.wav,el jueves | next_day('thursday')
fechas2/train/fechas2_007090.es.wav,este martes por favor | next_day('tuesday')
fechas2/train/fechas2_007091.es.wav,este viernes | next_day('friday')
fechas2/train/fechas2_007092.es.wav,este viernes | next_day('friday')
fechas2/train/fechas2_007093.es.wav,en tres días gracias | relative_day(+3)
fechas2/train/fechas2_007094.es.wav,el siguiente martes por favor | next_day('tuesday')
fechas2/train/fechas2_007095.es.wav,el miércoles que viene | next_day('wednesday')
fechas2/train/fechas2_007096.es.wav,en un par de días | relative_day(+2)
fechas2/train/fechas2_007097.es.wav,el próximo miércoles | next_day('wednesday')
fechas2/train/fechas2_007098.es.wav,por favor el miércoles siguiente | next_day('wednesday')
fechas2/train/fechas2_007099.es.wav,el jueves que viene | next_day('thursday')
fechas2/train/fechas2_007100.es.wav,el lunes próximo | next_day('monday')
fechas2/train/fechas2_007101.es.wav,el próximo viernes por favor | next_day('friday')
fechas2/train/fechas2_007102.es.wav,el próximo jueves gracias | next_day('thursday')
fechas2/train/fechas2_007103.es.wav,el jueves | next_day('thursday')
fechas2/train/fechas2_007104.es.wav,el próximo miércoles | next_day('wednesday')
fechas2/train/fechas2_007105.es.wav,este lunes | next_day('monday')
fechas2/train/fechas2_007106.es.wav,el martes | next_day('tuesday')
fechas2/train/fechas2_007107.es.wav,el lunes que viene por favor | next_day('monday')
fechas2/train/fechas2_007108.es.wav,en tres días gracias | relative_day(+3)
fechas2/train/fechas2_007109.es.wav,el lunes próximo por favor | next_day('monday')
fechas2/train/fechas2_007110.es.wav,mañana | relative_day(+1)
fechas2/train/fechas2_007111.es.wav,el próximo martes | next_day('tuesday')
fechas2/train/fechas2_007112.es.wav,por favor este viernes que viene | next_day('friday')
fechas2/train/fechas2_007113.es.wav,el lunes | next_day('monday')
fechas2/train/fechas2_007114.es.wav,mañana gracias | relative_day(+1)
fechas2/train/fechas2_007115.es.wav,el próximo martes | next_day('tuesday')
fechas2/train/fechas2_007116.es.wav,por favor el siguiente lunes | next_day('monday')
fechas2/train/fechas2_007117.es.wav,este jueves siguiente gracias | next_day('thursday')
fechas2/train/fechas2_007118.es.wav,el próximo martes gracias | next_day('tuesday')
fechas2/train/fechas2_007119.es.wav,el siguiente martes gracias | next_day('tuesday')
fechas2/train/fechas2_007120.es.wav,el martes gracias | next_day('tuesday')
fechas2/train/fechas2_007121.es.wav,el próximo martes gracias | next_day('tuesday')
fechas2/train/fechas2_007122.es.wav,el siguiente miércoles | next_day('wednesday')
fechas2/train/fechas2_007123.es.wav,el próximo lunes | next_day('monday')
fechas2/train/fechas2_007124.es.wav,el lunes por favor | next_day('monday')
fechas2/train/fechas2_007125.es.wav,el próximo lunes | next_day('monday')
fechas2/train/fechas2_007126.es.wav,en tres días | relative_day(+3)
fechas2/train/fechas2_007127.es.wav,este martes por favor | next_day('tuesday')
fechas2/train/fechas2_007128.es.wav,mañana | relative_day(+1)
fechas2/train/fechas2_007129.es.wav,el martes por favor | next_day('tuesday')
fechas2/train/fechas2_007130.es.wav,mañana | relative_day(+1)
fechas2/train/fechas2_007131.es.wav,el lunes gracias | next_day('monday')
fechas2/train/fechas2_007132.es.wav,el viernes que viene | next_day('friday')
fechas2/train/fechas2_007133.es.wav,el siguiente viernes por favor | next_day('friday')
fechas2/train/fechas2_007134.es.wav,el siguiente jueves | next_day('thursday')
fechas2/train/fechas2_007135.es.wav,en un par de días | relative_day(+2)
fechas2/train/fechas2_007136.es.wav,por favor el próximo jueves | next_day('thursday')
fechas2/train/fechas2_007137.es.wav,el próximo lunes | next_day('monday')
fechas2/train/fechas2_007138.es.wav,por favor en un par de días | relative_day(+2)
fechas2/train/fechas2_007139.es.wav,este lunes por favor | next_day('monday')
fechas2/train/fechas2_007140.es.wav,el próximo lunes | next_day('monday')
fechas2/train/fechas2_007141.es.wav,el lunes | next_day('monday')
fechas2/train/fechas2_007142.es.wav,este martes siguiente | next_day('tuesday')
fechas2/train/fechas2_007143.es.wav,este viernes siguiente | next_day('friday')
fechas2/train/fechas2_007144.es.wav,el lunes próximo | next_day('monday')
fechas2/train/fechas2_007145.es.wav,este jueves siguiente | next_day('thursday')
fechas2/train/fechas2_007146.es.wav,el siguiente jueves por favor | next_day('thursday')
fechas2/train/fechas2_007147.es.wav,en tres días | relative_day(+3)
fechas2/train/fechas2_007148.es.wav,por favor el lunes siguiente | next_day('monday')
fechas2/train/fechas2_007149.es.wav,el jueves siguiente | next_day('thursday')
fechas2/train/fechas2_007150.es.wav,este miércoles | next_day('wednesday')
fechas2/train/fechas2_007151.es.wav,el viernes que viene | next_day('friday')
fechas2/train/fechas2_007152.es.wav,este lunes próximo | next_day('monday')
fechas2/train/fechas2_007153.es.wav,el miércoles gracias | next_day('wednesday')
fechas2/train/fechas2_007154.es.wav,por favor este viernes | next_day('friday')
fechas2/train/fechas2_007155.es.wav,el siguiente martes | next_day('tuesday')
fechas2/train/fechas2_007156.es.wav,este lunes | next_day('monday')
fechas2/train/fechas2_007157.es.wav,en tres días gracias | relative_day(+3)
fechas2/train/fechas2_007158.es.wav,este miércoles siguiente | next_day('wednesday')
fechas2/train/fechas2_007159.es.wav,este miércoles | next_day('wednesday')
fechas2/train/fechas2_007160.es.wav,el miércoles siguiente | next_day('wednesday')
fechas2/train/fechas2_007161.es.wav,el siguiente lunes | next_day('monday')
fechas2/train/fechas2_007162.es.wav,este miércoles | next_day('wednesday')
fechas2/train/fechas2_007163.es.wav,por favor el siguiente martes | next_day('tuesday')
fechas2/train/fechas2_007164.es.wav,este jueves siguiente gracias | next_day('thursday')
fechas2/train/fechas2_007165.es.wav,el lunes siguiente | next_day('monday')
fechas2/train/fechas2_007166.es.wav,en un par de días | relative_day(+2)
fechas2/train/fechas2_007167.es.wav,por favor el próximo viernes | next_day('friday')
fechas2/train/fechas2_007168.es.wav,el lunes siguiente | next_day('monday')
fechas2/train/fechas2_007169.es.wav,en un par de días | relative_day(+2)
fechas2/train/fechas2_007170.es.wav,el miércoles | next_day('wednesday')
fechas2/train/fechas2_007171.es.wav,el viernes siguiente por favor | next_day('friday')
fechas2/train/fechas2_007172.es.wav,pasado mañana gracias | relative_day(+2)
fechas2/train/fechas2_007173.es.wav,por favor el siguiente miércoles | next_day('wednesday')
fechas2/train/fechas2_007174.es.wav,este viernes por favor | next_day('friday')
fechas2/train/fechas2_007175.es.wav,el jueves siguiente gracias | next_day('thursday')
fechas2/train/fechas2_007176.es.wav,en tres días | relative_day(+3)
fechas2/train/fechas2_007177.es.wav,el lunes próximo gracias | next_day('monday')
fechas2/train/fechas2_007178.es.wav,por favor el siguiente viernes | next_day('friday')
fechas2/train/fechas2_007179.es.wav,en un par de días gracias | relative_day(+2)
fechas2/train/fechas2_007180.es.wav,por favor el miércoles que viene | next_day('wednesday')
fechas2/train/fechas2_007181.es.wav,por favor mañana | relative_day(+1)
fechas2/train/fechas2_007182.es.wav,este lunes por favor | next_day('monday')
fechas2/train/fechas2_007183.es.wav,el jueves | next_day('thursday')
fechas2/train/fechas2_007184.es.wav,por favor en tres días | relative_day(+3)
fechas2/train/fechas2_007185.es.wav,este miércoles próximo | next_day('wednesday')
fechas2/train/fechas2_007186.es.wav,el jueves que viene | next_day('thursday')
fechas2/train/fechas2_007187.es.wav,el miércoles gracias | next_day('wednesday')
fechas2/train/fechas2_007188.es.wav,el martes próximo por favor | next_day('tuesday')
fechas2/train/fechas2_007189.es.wav,el lunes por favor | next_day('monday')
fechas2/train/fechas2_007190.es.wav,por favor el próximo jueves | next_day('thursday')
fechas2/train/fechas2_007191.es.wav,pasado mañana por favor | relative_day(+2)
fechas2/train/fechas2_007192.es.wav,este lunes siguiente | next_day('monday')
fechas2/train/fechas2_007193.es.wav,este miércoles | next_day('wednesday')
fechas2/train/fechas2_007194.es.wav,el miércoles que viene | next_day('wednesday')
fechas2/train/fechas2_007195.es.wav,el jueves | next_day('thursday')
fechas2/train/fechas2_007196.es.wav,este viernes próximo | next_day('friday')
fechas2/train/fechas2_007197.es.wav,en tres días | relative_day(+3)
fechas2/train/fechas2_007198.es.wav,el viernes próximo | next_day('friday')
fechas2/train/fechas2_007199.es.wav,por favor este miércoles | next_day('wednesday')
fechas2/train/fechas2_007200.es.wav,el próximo martes | next_day('tuesday')
fechas2/train/fechas2_007201.es.wav,el próximo viernes gracias | next_day('friday')
fechas2/train/fechas2_007202.es.wav,por favor este jueves que viene | next_day('thursday')
fechas2/train/fechas2_007203.es.wav,el siguiente viernes | next_day('friday')
fechas2/train/fechas2_007204.es.wav,el viernes | next_day('friday')
fechas2/train/fechas2_007205.es.wav,en un par de días por favor | relative_day(+2)
fechas2/train/fechas2_007206.es.wav,este lunes | next_day('monday')
fechas2/train/fechas2_007207.es.wav,el jueves próximo | next_day('thursday')
fechas2/train/fechas2_007208.es.wav,este lunes gracias | next_day('monday')
fechas2/train/fechas2_007209.es.wav,este lunes próximo | next_day('monday')
fechas2/train/fechas2_007210.es.wav,pasado mañana por favor | relative_day(+2)
fechas2/train/fechas2_007211.es.wav,en tres días | relative_day(+3)
fechas2/train/fechas2_007212.es.wav,pasado mañana | relative_day(+2)
fechas2/train/fechas2_007213.es.wav,por favor el miércoles que viene | next_day('wednesday')
fechas2/train/fechas2_007214.es.wav,el lunes siguiente | next_day('monday')
fechas2/train/fechas2_007215.es.wav,por favor el lunes siguiente | next_day('monday')
fechas2/train/fechas2_007216.es.wav,en un par de días por favor | relative_day(+2)
fechas2/train/fechas2_007217.es.wav,el miércoles | next_day('wednesday')
fechas2/train/fechas2_007218.es.wav,el viernes próximo | next_day('friday')
fechas2/train/fechas2_007219.es.wav,en tres días | relative_day(+3)
fechas2/train/fechas2_007220.es.wav,en un par de días | relative_day(+2)
fechas2/train/fechas2_007221.es.wav,este viernes que viene | next_day('friday')
fechas2/train/fechas2_007222.es.wav,el martes | next_day('tuesday')
fechas2/train/fechas2_007223.es.wav,mañana | relative_day(+1)
fechas2/train/fechas2_007224.es.wav,el próximo viernes por favor | next_day('friday')
fechas2/train/fechas2_007225.es.wav,el jueves gracias | next_day('thursday')
fechas2/train/fechas2_007226.es.wav,por favor el siguiente martes | next_day('tuesday')
fechas2/train/fechas2_007227.es.wav,el próximo viernes | next_day('friday')
fechas2/train/fechas2_007228.es.wav,este viernes | next_day('friday')
fechas2/train/fechas2_007229.es.wav,el miércoles siguiente | next_day('wednesday')
fechas2/train/fechas2_007230.es.wav,mañana por favor | relative_day(+1)
fechas2/train/fechas2_007231.es.wav,por favor este viernes | next_day('friday')
fechas2/train/fechas2_007232.es.wav,este miércoles | next_day('wednesday')
fechas2/train/fechas2_007233.es.wav,el miércoles | next_day('wednesday')
fechas2/train/fechas2_007234.es.wav,por favor mañana | relative_day(+1)
fechas2/train/fechas2_007235.es.wav,en un par de días | relative_day(+2)
fechas2/train/fechas2_007236.es.wav,en un par de días | relative_day(+2)
fechas2/train/fechas2_007237.es.wav,por favor el miércoles | next_day('wednesday')
fechas2/train/fechas2_007238.es.wav,mañana | relative_day(+1)
fechas2/train/fechas2_007239.es.wav,en un par de días | relative_day(+2)
fechas2/train/fechas2_007240.es.wav,en tres días | relative_day(+3)
fechas2/train/fechas2_007241.es.wav,el jueves que viene gracias | next_day('thursday')
fechas2/train/fechas2_007242.es.wav,el miércoles | next_day('wednesday')
fechas2/train/fechas2_007243.es.wav,este jueves siguiente | next_day('thursday')
fechas2/train/fechas2_007244.es.wav,en tres días | relative_day(+3)
fechas2/train/fechas2_007245.es.wav,este miércoles | next_day('wednesday')
fechas2/train/fechas2_007246.es.wav,el martes por favor | next_day('tuesday')
fechas2/train/fechas2_007247.es.wav,el lunes | next_day('monday')
fechas2/train/fechas2_007248.es.wav,este viernes siguiente | next_day('friday')
fechas2/train/fechas2_007249.es.wav,por favor el próximo martes | next_day('tuesday')
fechas2/train/fechas2_007250.es.wav,el próximo miércoles | next_day('wednesday')
fechas2/train/fechas2_007251.es.wav,el jueves | next_day('thursday')
fechas2/train/fechas2_007252.es.wav,el lunes siguiente | next_day('monday')
fechas2/train/fechas2_007253.es.wav,el próximo jueves | next_day('thursday')
fechas2/train/fechas2_007254.es.wav,pasado mañana | relative_day(+2)
fechas2/train/fechas2_007255.es.wav,en tres días | relative_day(+3)
fechas2/train/fechas2_007256.es.wav,el próximo miércoles por favor | next_day('wednesday')
fechas2/train/fechas2_007257.es.wav,este jueves gracias | next_day('thursday')
fechas2/train/fechas2_007258.es.wav,este jueves gracias | next_day('thursday')
fechas2/train/fechas2_007259.es.wav,este viernes | next_day('friday')
fechas2/train/fechas2_007260.es.wav,este jueves por favor | next_day('thursday')
fechas2/train/fechas2_007261.es.wav,por favor el lunes siguiente | next_day('monday')
fechas2/train/fechas2_007262.es.wav,este jueves siguiente | next_day('thursday')
fechas2/train/fechas2_007263.es.wav,el próximo martes por favor | next_day('tuesday')
fechas2/train/fechas2_007264.es.wav,por favor el jueves | next_day('thursday')
fechas2/train/fechas2_007265.es.wav,el próximo jueves | next_day('thursday')
fechas2/train/fechas2_007266.es.wav,en un par de días | relative_day(+2)
fechas2/train/fechas2_007267.es.wav,en un par de días por favor | relative_day(+2)
fechas2/train/fechas2_007268.es.wav,este jueves por favor | next_day('thursday')
fechas2/train/fechas2_007269.es.wav,por favor este miércoles próximo | next_day('wednesday')
fechas2/train/fechas2_007270.es.wav,por favor este viernes | next_day('friday')
fechas2/train/fechas2_007271.es.wav,por favor el siguiente jueves | next_day('thursday')
fechas2/train/fechas2_007272.es.wav,por favor el miércoles que viene | next_day('wednesday')
fechas2/train/fechas2_007273.es.wav,en un par de días | relative_day(+2)
fechas2/train/fechas2_007274.es.wav,el próximo viernes | next_day('friday')
fechas2/train/fechas2_007275.es.wav,mañana por favor | relative_day(+1)
fechas2/train/fechas2_007276.es.wav,por favor en tres días | relative_day(+3)
fechas2/train/fechas2_007277.es.wav,el próximo martes | next_day('tuesday')
fechas2/train/fechas2_007278.es.wav,este miércoles que viene gracias | next_day('wednesday')
fechas2/train/fechas2_007279.es.wav,en tres días gracias | relative_day(+3)
fechas2/train/fechas2_007280.es.wav,el martes | next_day('tuesday')
fechas2/train/fechas2_007281.es.wav,por favor este martes siguiente | next_day('tuesday')
fechas2/train/fechas2_007282.es.wav,en tres días | relative_day(+3)
fechas2/train/fechas2_007283.es.wav,en tres días gracias | relative_day(+3)
fechas2/train/fechas2_007284.es.wav,en un par de días gracias | relative_day(+2)
fechas2/train/fechas2_007285.es.wav,el próximo jueves gracias | next_day('thursday')
fechas2/train/fechas2_007286.es.wav,el siguiente jueves | next_day('thursday')
fechas2/train/fechas2_007287.es.wav,este martes | next_day('tuesday')
fechas2/train/fechas2_007288.es.wav,este miércoles que viene | next_day('wednesday')
fechas2/train/fechas2_007289.es.wav,en tres días gracias | relative_day(+3)
fechas2/train/fechas2_007290.es.wav,el próximo miércoles gracias | next_day('wednesday')
fechas2/train/fechas2_007291.es.wav,el miércoles | next_day('wednesday')
fechas2/train/fechas2_007292.es.wav,este viernes siguiente | next_day('friday')
fechas2/train/fechas2_007293.es.wav,por favor el siguiente viernes | next_day('friday')
fechas2/train/fechas2_007294.es.wav,este jueves | next_day('thursday')
fechas2/train/fechas2_007295.es.wav,el miércoles próximo | next_day('wednesday')
fechas2/train/fechas2_007296.es.wav,este lunes | next_day('monday')
fechas2/train/fechas2_007297.es.wav,por favor el martes próximo | next_day('tuesday')
fechas2/train/fechas2_007298.es.wav,el martes | next_day('tuesday')
fechas2/train/fechas2_007299.es.wav,mañana | relative_day(+1)
fechas2/train/fechas2_007300.es.wav,el próximo martes por favor | next_day('tuesday')
fechas2/train/fechas2_007301.es.wav,este lunes siguiente | next_day('monday')
fechas2/train/fechas2_007302.es.wav,el lunes por favor | next_day('monday')
fechas2/train/fechas2_007303.es.wav,el martes | next_day('tuesday')
fechas2/train/fechas2_007304.es.wav,este miércoles | next_day('wednesday')
fechas2/train/fechas2_007305.es.wav,el miércoles siguiente por favor | next_day('wednesday')
fechas2/train/fechas2_007306.es.wav,por favor en tres días | relative_day(+3)
fechas2/train/fechas2_007307.es.wav,en un par de días por favor | relative_day(+2)
fechas2/train/fechas2_007308.es.wav,por favor pasado mañana | relative_day(+2)
fechas2/train/fechas2_007309.es.wav,este martes que viene | next_day('tuesday')
fechas2/train/fechas2_007310.es.wav,en tres días | relative_day(+3)
fechas2/train/fechas2_007311.es.wav,pasado mañana | relative_day(+2)
fechas2/train/fechas2_007312.es.wav,este jueves próximo | next_day('thursday')
fechas2/train/fechas2_007313.es.wav,por favor este viernes próximo | next_day('friday')
fechas2/train/fechas2_007314.es.wav,el próximo jueves | next_day('thursday')
fechas2/train/fechas2_007315.es.wav,este lunes | next_day('monday')
fechas2/train/fechas2_007316.es.wav,este miércoles | next_day('wednesday')
fechas2/train/fechas2_007317.es.wav,el siguiente miércoles gracias | next_day('wednesday')
fechas2/train/fechas2_007318.es.wav,en tres días gracias | relative_day(+3)
fechas2/train/fechas2_007319.es.wav,el próximo martes | next_day('tuesday')
fechas2/train/fechas2_007320.es.wav,el martes gracias | next_day('tuesday')
fechas2/train/fechas2_007321.es.wav,este martes próximo | next_day('tuesday')
fechas2/train/fechas2_007322.es.wav,el jueves siguiente por favor | next_day('thursday')
fechas2/train/fechas2_007323.es.wav,por favor el próximo lunes | next_day('monday')
fechas2/train/fechas2_007324.es.wav,el próximo lunes | next_day('monday')
fechas2/train/fechas2_007325.es.wav,este miércoles | next_day('wednesday')
fechas2/train/fechas2_007326.es.wav,el próximo jueves por favor | next_day('thursday')
fechas2/train/fechas2_007327.es.wav,por favor el martes | next_day('tuesday')
fechas2/train/fechas2_007328.es.wav,este viernes siguiente | next_day('friday')
fechas2/train/fechas2_007329.es.wav,el jueves gracias | next_day('thursday')
fechas2/train/fechas2_007330.es.wav,este viernes siguiente | next_day('friday')
fechas2/train/fechas2_007331.es.wav,este lunes | next_day('monday')
fechas2/train/fechas2_007332.es.wav,este miércoles próximo | next_day('wednesday')
fechas2/train/fechas2_007333.es.wav,este lunes siguiente | next_day('monday')
fechas2/train/fechas2_007334.es.wav,por favor el próximo miércoles | next_day('wednesday')
fechas2/train/fechas2_007335.es.wav,el siguiente martes | next_day('tuesday')
fechas2/train/fechas2_007336.es.wav,el viernes gracias | next_day('friday')
fechas2/train/fechas2_007337.es.wav,el próximo viernes | next_day('friday')
fechas2/train/fechas2_007338.es.wav,por favor el miércoles | next_day('wednesday')
fechas2/train/fechas2_007339.es.wav,por favor el próximo martes | next_day('tuesday')
fechas2/train/fechas2_007340.es.wav,el martes que viene | next_day('tuesday')
fechas2/train/fechas2_007341.es.wav,el miércoles | next_day('wednesday')
fechas2/train/fechas2_007342.es.wav,este viernes próximo | next_day('friday')
fechas2/train/fechas2_007343.es.wav,por favor este viernes que viene | next_day('friday')
fechas2/train/fechas2_007344.es.wav,el miércoles siguiente gracias | next_day('wednesday')
fechas2/train/fechas2_007345.es.wav,por favor el jueves | next_day('thursday')
fechas2/train/fechas2_007346.es.wav,el jueves | next_day('thursday')
fechas2/train/fechas2_007347.es.wav,el miércoles que viene | next_day('wednesday')
fechas2/train/fechas2_007348.es.wav,en un par de días por favor | relative_day(+2)
fechas2/train/fechas2_007349.es.wav,el siguiente lunes | next_day('monday')
fechas2/train/fechas2_007350.es.wav,este lunes gracias | next_day('monday')
fechas2/train/fechas2_007351.es.wav,en un par de días | relative_day(+2)
fechas2/train/fechas2_007352.es.wav,por favor el martes siguiente | next_day('tuesday')
fechas2/train/fechas2_007353.es.wav,el próximo jueves | next_day('thursday')
fechas2/train/fechas2_007354.es.wav,en tres días por favor | relative_day(+3)
fechas2/train/fechas2_007355.es.wav,el siguiente miércoles por favor | next_day('wednesday')
fechas2/train/fechas2_007356.es.wav,el viernes siguiente | next_day('friday')
fechas2/train/fechas2_007357.es.wav,el siguiente viernes por favor | next_day('friday')
fechas2/train/fechas2_007358.es.wav,por favor el martes | next_day('tuesday')
fechas2/train/fechas2_007359.es.wav,el siguiente martes | next_day('tuesday')
fechas2/train/fechas2_007360.es.wav,el siguiente miércoles | next_day('wednesday')
fechas2/train/fechas2_007361.es.wav,pasado mañana | relative_day(+2)
fechas2/train/fechas2_007362.es.wav,este viernes por favor | next_day('friday')
fechas2/train/fechas2_007363.es.wav,en tres días por favor | relative_day(+3)
fechas2/train/fechas2_007364.es.wav,el jueves próximo | next_day('thursday')
fechas2/train/fechas2_007365.es.wav,este miércoles por favor | next_day('wednesday')
fechas2/train/fechas2_007366.es.wav,por favor el martes | next_day('tuesday')
fechas2/train/fechas2_007367.es.wav,el próximo viernes | next_day('friday')
fechas2/train/fechas2_007368.es.wav,en un par de días | relative_day(+2)
fechas2/train/fechas2_007369.es.wav,este viernes próximo gracias | next_day('friday')
fechas2/train/fechas2_007370.es.wav,en un par de días | relative_day(+2)
fechas2/train/fechas2_007371.es.wav,este martes | next_day('tuesday')
fechas2/train/fechas2_007372.es.wav,el siguiente lunes por favor | next_day('monday')
fechas2/train/fechas2_007373.es.wav,pasado mañana | relative_day(+2)
fechas2/train/fechas2_007374.es.wav,en tres días | relative_day(+3)
fechas2/train/fechas2_007375.es.wav,mañana | relative_day(+1)
fechas2/train/fechas2_007376.es.wav,este viernes que viene | next_day('friday')
fechas2/train/fechas2_007377.es.wav,el próximo miércoles | next_day('wednesday')
fechas2/train/fechas2_007378.es.wav,el siguiente miércoles | next_day('wednesday')
fechas2/train/fechas2_007379.es.wav,por favor este martes | next_day('tuesday')
fechas2/train/fechas2_007380.es.wav,el viernes | next_day('friday')
fechas2/train/fechas2_007381.es.wav,por favor mañana | relative_day(+1)
fechas2/train/fechas2_007382.es.wav,pasado mañana gracias | relative_day(+2)
fechas2/train/fechas2_007383.es.wav,en un par de días gracias | relative_day(+2)
fechas2/train/fechas2_007384.es.wav,este lunes | next_day('monday')
fechas2/train/fechas2_007385.es.wav,por favor el siguiente lunes | next_day('monday')
fechas2/train/fechas2_007386.es.wav,el jueves | next_day('thursday')
fechas2/train/fechas2_007387.es.wav,el viernes | next_day('friday')
fechas2/train/fechas2_007388.es.wav,el próximo miércoles | next_day('wednesday')
fechas2/train/fechas2_007389.es.wav,este jueves | next_day('thursday')
fechas2/train/fechas2_007390.es.wav,este lunes siguiente | next_day('monday')
fechas2/train/fechas2_007391.es.wav,este viernes | next_day('friday')
fechas2/train/fechas2_007392.es.wav,este jueves | next_day('thursday')
fechas2/train/fechas2_007393.es.wav,el lunes que viene | next_day('monday')
fechas2/train/fechas2_007394.es.wav,este miércoles por favor | next_day('wednesday')
fechas2/train/fechas2_007395.es.wav,este viernes siguiente | next_day('friday')
fechas2/train/fechas2_007396.es.wav,pasado mañana | relative_day(+2)
fechas2/train/fechas2_007397.es.wav,el miércoles | next_day('wednesday')
fechas2/train/fechas2_007398.es.wav,el miércoles que viene | next_day('wednesday')
fechas2/train/fechas2_007399.es.wav,en tres días | relative_day(+3)
fechas2/train/fechas2_007400.es.wav,por favor el viernes próximo | next_day('friday')
fechas2/train/fechas2_007401.es.wav,el miércoles que viene | next_day('wednesday')
fechas2/train/fechas2_007402.es.wav,por favor este miércoles | next_day('wednesday')
fechas2/train/fechas2_007403.es.wav,el lunes por favor | next_day('monday')
fechas2/train/fechas2_007404.es.wav,mañana | relative_day(+1)
fechas2/train/fechas2_007405.es.wav,este miércoles por favor | next_day('wednesday')
fechas2/train/fechas2_007406.es.wav,este jueves próximo gracias | next_day('thursday')
fechas2/train/fechas2_007407.es.wav,el martes que viene | next_day('tuesday')
fechas2/train/fechas2_007408.es.wav,por favor el siguiente viernes | next_day('friday')
fechas2/train/fechas2_007409.es.wav,el próximo viernes | next_day('friday')
fechas2/train/fechas2_007410.es.wav,el siguiente jueves gracias | next_day('thursday')
fechas2/train/fechas2_007411.es.wav,este lunes por favor | next_day('monday')
fechas2/train/fechas2_007412.es.wav,este miércoles | next_day('wednesday')
fechas2/train/fechas2_007413.es.wav,este viernes | next_day('friday')
fechas2/train/fechas2_007414.es.wav,por favor este lunes que viene | next_day('monday')
fechas2/train/fechas2_007415.es.wav,el martes siguiente gracias | next_day('tuesday')
fechas2/train/fechas2_007416.es.wav,en tres días gracias | relative_day(+3)
fechas2/train/fechas2_007417.es.wav,en tres días gracias | relative_day(+3)
fechas2/train/fechas2_007418.es.wav,este viernes siguiente | next_day('friday')
fechas2/train/fechas2_007419.es.wav,el lunes | next_day('monday')
fechas2/train/fechas2_007420.es.wav,en un par de días | relative_day(+2)
fechas2/train/fechas2_007421.es.wav,este lunes | next_day('monday')
fechas2/train/fechas2_007422.es.wav,este miércoles que viene por favor | next_day('wednesday')
fechas2/train/fechas2_007423.es.wav,el jueves siguiente por favor | next_day('thursday')
fechas2/train/fechas2_007424.es.wav,por favor en un par de días | relative_day(+2)
fechas2/train/fechas2_007425.es.wav,este miércoles | next_day('wednesday')
fechas2/train/fechas2_007426.es.wav,en tres días | relative_day(+3)
fechas2/train/fechas2_007427.es.wav,este miércoles siguiente | next_day('wednesday')
fechas2/train/fechas2_007428.es.wav,este miércoles que viene por favor | next_day('wednesday')
fechas2/train/fechas2_007429.es.wav,el lunes siguiente | next_day('monday')
fechas2/train/fechas2_007430.es.wav,en tres días | relative_day(+3)
fechas2/train/fechas2_007431.es.wav,el siguiente miércoles | next_day('wednesday')
fechas2/train/fechas2_007432.es.wav,mañana | relative_day(+1)
fechas2/train/fechas2_007433.es.wav,el viernes que viene por favor | next_day('friday')
fechas2/train/fechas2_007434.es.wav,por favor el jueves | next_day('thursday')
fechas2/train/fechas2_007435.es.wav,en un par de días | relative_day(+2)
fechas2/train/fechas2_007436.es.wav,este jueves | next_day('thursday')
fechas2/train/fechas2_007437.es.wav,mañana | relative_day(+1)
fechas2/train/fechas2_007438.es.wav,por favor este lunes | next_day('monday')
fechas2/train/fechas2_007439.es.wav,en tres días | relative_day(+3)
fechas2/train/fechas2_007440.es.wav,el viernes próximo | next_day('friday')
fechas2/train/fechas2_007441.es.wav,en tres días | relative_day(+3)
fechas2/train/fechas2_007442.es.wav,este jueves gracias | next_day('thursday')
fechas2/train/fechas2_007443.es.wav,este viernes que viene | next_day('friday')
fechas2/train/fechas2_007444.es.wav,el jueves próximo | next_day('thursday')
fechas2/train/fechas2_007445.es.wav,por favor este miércoles | next_day('wednesday')
fechas2/train/fechas2_007446.es.wav,este martes próximo | next_day('tuesday')
fechas2/train/fechas2_007447.es.wav,el siguiente martes | next_day('tuesday')
fechas2/train/fechas2_007448.es.wav,el próximo miércoles | next_day('wednesday')
fechas2/train/fechas2_007449.es.wav,el martes siguiente por favor | next_day('tuesday')
fechas2/train/fechas2_007450.es.wav,por favor en un par de días | relative_day(+2)
fechas2/train/fechas2_007451.es.wav,el siguiente viernes por favor | next_day('friday')
fechas2/train/fechas2_007452.es.wav,el próximo lunes | next_day('monday')
fechas2/train/fechas2_007453.es.wav,este martes | next_day('tuesday')
fechas2/train/fechas2_007454.es.wav,mañana gracias | relative_day(+1)
fechas2/train/fechas2_007455.es.wav,el próximo martes | next_day('tuesday')
fechas2/train/fechas2_007456.es.wav,en un par de días | relative_day(+2)
fechas2/train/fechas2_007457.es.wav,por favor este lunes próximo | next_day('monday')
fechas2/train/fechas2_007458.es.wav,el próximo martes | next_day('tuesday')
fechas2/train/fechas2_007459.es.wav,el lunes que viene | next_day('monday')
fechas2/train/fechas2_007460.es.wav,el siguiente lunes por favor | next_day('monday')
fechas2/train/fechas2_007461.es.wav,el siguiente jueves | next_day('thursday')
fechas2/train/fechas2_007462.es.wav,por favor el miércoles | next_day('wednesday')
fechas2/train/fechas2_007463.es.wav,el siguiente jueves | next_day('thursday')
fechas2/train/fechas2_007464.es.wav,el siguiente lunes | next_day('monday')
fechas2/train/fechas2_007465.es.wav,el viernes próximo | next_day('friday')
fechas2/train/fechas2_007466.es.wav,este martes siguiente gracias | next_day('tuesday')
fechas2/train/fechas2_007467.es.wav,este viernes próximo gracias | next_day('friday')
fechas2/train/fechas2_007468.es.wav,por favor el miércoles que viene | next_day('wednesday')
fechas2/train/fechas2_007469.es.wav,este viernes que viene | next_day('friday')
fechas2/train/fechas2_007470.es.wav,el siguiente jueves | next_day('thursday')
fechas2/train/fechas2_007471.es.wav,el jueves | next_day('thursday')
fechas2/train/fechas2_007472.es.wav,por favor el martes siguiente | next_day('tuesday')
fechas2/train/fechas2_007473.es.wav,por favor el miércoles que viene | next_day('wednesday')
fechas2/train/fechas2_007474.es.wav,en un par de días | relative_day(+2)
fechas2/train/fechas2_007475.es.wav,el siguiente martes | next_day('tuesday')
fechas2/train/fechas2_007476.es.wav,el siguiente jueves | next_day('thursday')
fechas2/train/fechas2_007477.es.wav,este lunes por favor | next_day('monday')
fechas2/train/fechas2_007478.es.wav,el próximo jueves | next_day('thursday')
fechas2/train/fechas2_007479.es.wav,por favor el siguiente viernes | next_day('friday')
fechas2/train/fechas2_007480.es.wav,este lunes próximo por favor | next_day('monday')
fechas2/train/fechas2_007481.es.wav,por favor este lunes | next_day('monday')
fechas2/train/fechas2_007482.es.wav,este viernes | next_day('friday')
fechas2/train/fechas2_007483.es.wav,pasado mañana | relative_day(+2)
fechas2/train/fechas2_007484.es.wav,por favor en tres días | relative_day(+3)
fechas2/train/fechas2_007485.es.wav,por favor el próximo miércoles | next_day('wednesday')
fechas2/train/fechas2_007486.es.wav,en un par de días | relative_day(+2)
fechas2/train/fechas2_007487.es.wav,por favor el jueves próximo | next_day('thursday')
fechas2/train/fechas2_007488.es.wav,el próximo jueves | next_day('thursday')
fechas2/train/fechas2_007489.es.wav,este viernes | next_day('friday')
fechas2/train/fechas2_007490.es.wav,en tres días | relative_day(+3)
fechas2/train/fechas2_007491.es.wav,en tres días | relative_day(+3)
fechas2/train/fechas2_007492.es.wav,el próximo martes | next_day('tuesday')
fechas2/train/fechas2_007493.es.wav,en tres días | relative_day(+3)
fechas2/train/fechas2_007494.es.wav,el lunes próximo | next_day('monday')
fechas2/train/fechas2_007495.es.wav,pasado mañana | relative_day(+2)
fechas2/train/fechas2_007496.es.wav,en tres días | relative_day(+3)
fechas2/train/fechas2_007497.es.wav,este viernes próximo | next_day('friday')
fechas2/train/fechas2_007498.es.wav,en tres días | relative_day(+3)
fechas2/train/fechas2_007499.es.wav,el próximo viernes | next_day('friday')
fechas2/train/fechas2_007500.es.wav,el próximo viernes por favor | next_day('friday')
fechas2/train/fechas2_007501.es.wav,pasado mañana | relative_day(+2)
fechas2/train/fechas2_007502.es.wav,pasado mañana | relative_day(+2)
fechas2/train/fechas2_007503.es.wav,por favor el próximo martes | next_day('tuesday')
fechas2/train/fechas2_007504.es.wav,por favor el martes | next_day('tuesday')
fechas2/train/fechas2_007505.es.wav,el viernes siguiente | next_day('friday')
fechas2/train/fechas2_007506.es.wav,por favor el miércoles que viene | next_day('wednesday')
fechas2/train/fechas2_007507.es.wav,pasado mañana gracias | relative_day(+2)
fechas2/train/fechas2_007508.es.wav,este martes siguiente | next_day('tuesday')
fechas2/train/fechas2_007509.es.wav,en un par de días | relative_day(+2)
fechas2/train/fechas2_007510.es.wav,por favor el viernes | next_day('friday')
fechas2/train/fechas2_007511.es.wav,este martes que viene | next_day('tuesday')
fechas2/train/fechas2_007512.es.wav,el siguiente viernes | next_day('friday')
fechas2/train/fechas2_007513.es.wav,el jueves que viene | next_day('thursday')
fechas2/train/fechas2_007514.es.wav,este martes próximo | next_day('tuesday')
fechas2/train/fechas2_007515.es.wav,el viernes que viene | next_day('friday')
fechas2/train/fechas2_007516.es.wav,mañana gracias | relative_day(+1)
fechas2/train/fechas2_007517.es.wav,el martes | next_day('tuesday')
fechas2/train/fechas2_007518.es.wav,en tres días | relative_day(+3)
fechas2/train/fechas2_007519.es.wav,el próximo viernes por favor | next_day('friday')
fechas2/train/fechas2_007520.es.wav,este jueves | next_day('thursday')
fechas2/train/fechas2_007521.es.wav,mañana gracias | relative_day(+1)
fechas2/train/fechas2_007522.es.wav,el siguiente lunes gracias | next_day('monday')
fechas2/train/fechas2_007523.es.wav,este martes próximo | next_day('tuesday')
fechas2/train/fechas2_007524.es.wav,por favor este miércoles | next_day('wednesday')
fechas2/train/fechas2_007525.es.wav,el lunes próximo por favor | next_day('monday')
fechas2/train/fechas2_007526.es.wav,por favor este jueves | next_day('thursday')
fechas2/train/fechas2_007527.es.wav,en tres días | relative_day(+3)
fechas2/train/fechas2_007528.es.wav,en un par de días gracias | relative_day(+2)
fechas2/train/fechas2_007529.es.wav,el siguiente martes | next_day('tuesday')
fechas2/train/fechas2_007530.es.wav,el siguiente jueves gracias | next_day('thursday')
fechas2/train/fechas2_007531.es.wav,este jueves próximo gracias | next_day('thursday')
fechas2/train/fechas2_007532.es.wav,el próximo jueves | next_day('thursday')
fechas2/train/fechas2_007533.es.wav,este martes | next_day('tuesday')
fechas2/train/fechas2_007534.es.wav,en un par de días | relative_day(+2)
fechas2/train/fechas2_007535.es.wav,el lunes próximo | next_day('monday')
fechas2/train/fechas2_007536.es.wav,el próximo martes | next_day('tuesday')
fechas2/train/fechas2_007537.es.wav,en un par de días | relative_day(+2)
fechas2/train/fechas2_007538.es.wav,el próximo martes por favor | next_day('tuesday')
fechas2/train/fechas2_007539.es.wav,en tres días | relative_day(+3)
fechas2/train/fechas2_007540.es.wav,mañana por favor | relative_day(+1)
fechas2/train/fechas2_007541.es.wav,el próximo martes | next_day('tuesday')
fechas2/train/fechas2_007542.es.wav,el próximo viernes | next_day('friday')
fechas2/train/fechas2_007543.es.wav,este jueves que viene | next_day('thursday')
fechas2/train/fechas2_007544.es.wav,este viernes | next_day('friday')
fechas2/train/fechas2_007545.es.wav,en un par de días | relative_day(+2)
fechas2/train/fechas2_007546.es.wav,el miércoles gracias | next_day('wednesday')
fechas2/train/fechas2_007547.es.wav,en un par de días | relative_day(+2)
fechas2/train/fechas2_007548.es.wav,el siguiente jueves | next_day('thursday')
fechas2/train/fechas2_007549.es.wav,este jueves que viene gracias | next_day('thursday')
fechas2/train/fechas2_007550.es.wav,el miércoles por favor | next_day('wednesday')
fechas2/train/fechas2_007551.es.wav,este viernes próximo | next_day('friday')
fechas2/train/fechas2_007552.es.wav,el martes | next_day('tuesday')
fechas2/train/fechas2_007553.es.wav,este viernes próximo | next_day('friday')
fechas2/train/fechas2_007554.es.wav,el siguiente lunes | next_day('monday')
fechas2/train/fechas2_007555.es.wav,mañana | relative_day(+1)
fechas2/train/fechas2_007556.es.wav,por favor este martes que viene | next_day('tuesday')
fechas2/train/fechas2_007557.es.wav,el miércoles siguiente por favor | next_day('wednesday')
fechas2/train/fechas2_007558.es.wav,este viernes gracias | next_day('friday')
fechas2/train/fechas2_007559.es.wav,este martes gracias | next_day('tuesday')
fechas2/train/fechas2_007560.es.wav,el jueves gracias | next_day('thursday')
fechas2/train/fechas2_007561.es.wav,por favor el siguiente viernes | next_day('friday')
fechas2/train/fechas2_007562.es.wav,este martes | next_day('tuesday')
fechas2/train/fechas2_007563.es.wav,en un par de días | relative_day(+2)
fechas2/train/fechas2_007564.es.wav,en un par de días gracias | relative_day(+2)
fechas2/train/fechas2_007565.es.wav,por favor el próximo miércoles | next_day('wednesday')
fechas2/train/fechas2_007566.es.wav,en tres días | relative_day(+3)
fechas2/train/fechas2_007567.es.wav,el siguiente jueves por favor | next_day('thursday')
fechas2/train/fechas2_007568.es.wav,el siguiente lunes | next_day('monday')
fechas2/train/fechas2_007569.es.wav,el siguiente miércoles | next_day('wednesday')
fechas2/train/fechas2_007570.es.wav,el miércoles por favor | next_day('wednesday')
fechas2/train/fechas2_007571.es.wav,el siguiente miércoles por favor | next_day('wednesday')
fechas2/train/fechas2_007572.es.wav,por favor este viernes que viene | next_day('friday')
fechas2/train/fechas2_007573.es.wav,este lunes gracias | next_day('monday')
fechas2/train/fechas2_007574.es.wav,este miércoles | next_day('wednesday')
fechas2/train/fechas2_007575.es.wav,en tres días gracias | relative_day(+3)
fechas2/train/fechas2_007576.es.wav,el siguiente miércoles por favor | next_day('wednesday')
fechas2/train/fechas2_007577.es.wav,el lunes | next_day('monday')
fechas2/train/fechas2_007578.es.wav,en tres días gracias | relative_day(+3)
fechas2/train/fechas2_007579.es.wav,por favor el próximo lunes | next_day('monday')
fechas2/train/fechas2_007580.es.wav,el siguiente lunes | next_day('monday')
fechas2/train/fechas2_007581.es.wav,el viernes | next_day('friday')
fechas2/train/fechas2_007582.es.wav,por favor el jueves | next_day('thursday')
fechas2/train/fechas2_007583.es.wav,el siguiente lunes gracias | next_day('monday')
fechas2/train/fechas2_007584.es.wav,este lunes | next_day('monday')
fechas2/train/fechas2_007585.es.wav,en tres días | relative_day(+3)
fechas2/train/fechas2_007586.es.wav,el próximo viernes | next_day('friday')
fechas2/train/fechas2_007587.es.wav,este miércoles gracias | next_day('wednesday')
fechas2/train/fechas2_007588.es.wav,este lunes por favor | next_day('monday')
fechas2/train/fechas2_007589.es.wav,este lunes | next_day('monday')
fechas2/train/fechas2_007590.es.wav,el siguiente viernes | next_day('friday')
fechas2/train/fechas2_007591.es.wav,este jueves próximo | next_day('thursday')
fechas2/train/fechas2_007592.es.wav,el próximo lunes gracias | next_day('monday')
fechas2/train/fechas2_007593.es.wav,por favor en un par de días | relative_day(+2)
fechas2/train/fechas2_007594.es.wav,por favor este viernes siguiente | next_day('friday')
fechas2/train/fechas2_007595.es.wav,el siguiente jueves | next_day('thursday')
fechas2/train/fechas2_007596.es.wav,por favor el siguiente lunes | next_day('monday')
fechas2/train/fechas2_007597.es.wav,mañana | relative_day(+1)
fechas2/train/fechas2_007598.es.wav,por favor este viernes siguiente | next_day('friday')
fechas2/train/fechas2_007599.es.wav,el siguiente miércoles | next_day('wednesday')
fechas2/train/fechas2_007600.es.wav,pasado mañana por favor | relative_day(+2)
fechas2/train/fechas2_007601.es.wav,el miércoles | next_day('wednesday')
fechas2/train/fechas2_007602.es.wav,en un par de días | relative_day(+2)
fechas2/train/fechas2_007603.es.wav,por favor el próximo jueves | next_day('thursday')
fechas2/train/fechas2_007604.es.wav,en un par de días | relative_day(+2)
fechas2/train/fechas2_007605.es.wav,este lunes que viene por favor | next_day('monday')
fechas2/train/fechas2_007606.es.wav,pasado mañana gracias | relative_day(+2)
fechas2/train/fechas2_007607.es.wav,en un par de días por favor | relative_day(+2)
fechas2/train/fechas2_007608.es.wav,el lunes siguiente por favor | next_day('monday')
fechas2/train/fechas2_007609.es.wav,por favor el miércoles próximo | next_day('wednesday')
fechas2/train/fechas2_007610.es.wav,el jueves | next_day('thursday')
fechas2/train/fechas2_007611.es.wav,este miércoles | next_day('wednesday')
fechas2/train/fechas2_007612.es.wav,en tres días | relative_day(+3)
fechas2/train/fechas2_007613.es.wav,el lunes que viene | next_day('monday')
fechas2/train/fechas2_007614.es.wav,en tres días | relative_day(+3)
fechas2/train/fechas2_007615.es.wav,el siguiente lunes gracias | next_day('monday')
fechas2/train/fechas2_007616.es.wav,el miércoles siguiente | next_day('wednesday')
fechas2/train/fechas2_007617.es.wav,el viernes | next_day('friday')
fechas2/train/fechas2_007618.es.wav,el próximo lunes | next_day('monday')
fechas2/train/fechas2_007619.es.wav,por favor el jueves siguiente | next_day('thursday')
fechas2/train/fechas2_007620.es.wav,este miércoles que viene gracias | next_day('wednesday')
fechas2/train/fechas2_007621.es.wav,pasado mañana | relative_day(+2)
fechas2/train/fechas2_007622.es.wav,por favor en tres días | relative_day(+3)
fechas2/train/fechas2_007623.es.wav,este martes | next_day('tuesday')
fechas2/train/fechas2_007624.es.wav,este viernes próximo | next_day('friday')
fechas2/train/fechas2_007625.es.wav,el próximo martes por favor | next_day('tuesday')
fechas2/train/fechas2_007626.es.wav,pasado mañana gracias | relative_day(+2)
fechas2/train/fechas2_007627.es.wav,por favor en un par de días | relative_day(+2)
fechas2/train/fechas2_007628.es.wav,pasado mañana | relative_day(+2)
fechas2/train/fechas2_007629.es.wav,por favor en tres días | relative_day(+3)
fechas2/train/fechas2_007630.es.wav,el próximo viernes | next_day('friday')
fechas2/train/fechas2_007631.es.wav,este miércoles siguiente | next_day('wednesday')
fechas2/train/fechas2_007632.es.wav,el siguiente martes | next_day('tuesday')
fechas2/train/fechas2_007633.es.wav,el próximo martes gracias | next_day('tuesday')
fechas2/train/fechas2_007634.es.wav,en tres días por favor | relative_day(+3)
fechas2/train/fechas2_007635.es.wav,el jueves | next_day('thursday')
fechas2/train/fechas2_007636.es.wav,este lunes que viene por favor | next_day('monday')
fechas2/train/fechas2_007637.es.wav,el próximo miércoles | next_day('wednesday')
fechas2/train/fechas2_007638.es.wav,por favor el lunes que viene | next_day('monday')
fechas2/train/fechas2_007639.es.wav,el miércoles siguiente por favor | next_day('wednesday')
fechas2/train/fechas2_007640.es.wav,en tres días | relative_day(+3)
fechas2/train/fechas2_007641.es.wav,el siguiente jueves gracias | next_day('thursday')
fechas2/train/fechas2_007642.es.wav,el próximo viernes | next_day('friday')
fechas2/train/fechas2_007643.es.wav,en tres días | relative_day(+3)
fechas2/train/fechas2_007644.es.wav,en un par de días gracias | relative_day(+2)
fechas2/train/fechas2_007645.es.wav,por favor el lunes | next_day('monday')
fechas2/train/fechas2_007646.es.wav,en tres días | relative_day(+3)
fechas2/train/fechas2_007647.es.wav,el jueves siguiente | next_day('thursday')
fechas2/train/fechas2_007648.es.wav,el lunes gracias | next_day('monday')
fechas2/train/fechas2_007649.es.wav,el miércoles próximo | next_day('wednesday')
fechas2/train/fechas2_007650.es.wav,el viernes que viene gracias | next_day('friday')
fechas2/train/fechas2_007651.es.wav,el lunes | next_day('monday')
fechas2/train/fechas2_007652.es.wav,el lunes que viene gracias | next_day('monday')
fechas2/train/fechas2_007653.es.wav,el jueves siguiente gracias | next_day('thursday')
fechas2/train/fechas2_007654.es.wav,este lunes que viene por favor | next_day('monday')
fechas2/train/fechas2_007655.es.wav,por favor el siguiente martes | next_day('tuesday')
fechas2/train/fechas2_007656.es.wav,este viernes gracias | next_day('friday')
fechas2/train/fechas2_007657.es.wav,pasado mañana | relative_day(+2)
fechas2/train/fechas2_007658.es.wav,pasado mañana gracias | relative_day(+2)
fechas2/train/fechas2_007659.es.wav,el jueves que viene por favor | next_day('thursday')
fechas2/train/fechas2_007660.es.wav,el próximo jueves | next_day('thursday')
fechas2/train/fechas2_007661.es.wav,este viernes próximo | next_day('friday')
fechas2/train/fechas2_007662.es.wav,en un par de días | relative_day(+2)
fechas2/train/fechas2_007663.es.wav,el próximo lunes gracias | next_day('monday')
fechas2/train/fechas2_007664.es.wav,el jueves próximo gracias | next_day('thursday')
fechas2/train/fechas2_007665.es.wav,este martes próximo por favor | next_day('tuesday')
fechas2/train/fechas2_007666.es.wav,el siguiente viernes | next_day('friday')
fechas2/train/fechas2_007667.es.wav,este martes que viene | next_day('tuesday')
fechas2/train/fechas2_007668.es.wav,este viernes que viene | next_day('friday')
fechas2/train/fechas2_007669.es.wav,el próximo martes gracias | next_day('tuesday')
fechas2/train/fechas2_007670.es.wav,este viernes que viene | next_day('friday')
fechas2/train/fechas2_007671.es.wav,el martes que viene | next_day('tuesday')
fechas2/train/fechas2_007672.es.wav,este jueves próximo | next_day('thursday')
fechas2/train/fechas2_007673.es.wav,este miércoles siguiente | next_day('wednesday')
fechas2/train/fechas2_007674.es.wav,este jueves gracias | next_day('thursday')
fechas2/train/fechas2_007675.es.wav,este viernes que viene | next_day('friday')
fechas2/train/fechas2_007676.es.wav,por favor este miércoles | next_day('wednesday')
fechas2/train/fechas2_007677.es.wav,en tres días | relative_day(+3)
fechas2/train/fechas2_007678.es.wav,el jueves por favor | next_day('thursday')
fechas2/train/fechas2_007679.es.wav,el próximo jueves | next_day('thursday')
fechas2/train/fechas2_007680.es.wav,el siguiente viernes | next_day('friday')
fechas2/train/fechas2_007681.es.wav,el miércoles | next_day('wednesday')
fechas2/train/fechas2_007682.es.wav,en un par de días por favor | relative_day(+2)
fechas2/train/fechas2_007683.es.wav,por favor el próximo martes | next_day('tuesday')
fechas2/train/fechas2_007684.es.wav,pasado mañana por favor | relative_day(+2)
fechas2/train/fechas2_007685.es.wav,el siguiente lunes | next_day('monday')
fechas2/train/fechas2_007686.es.wav,pasado mañana | relative_day(+2)
fechas2/train/fechas2_007687.es.wav,el próximo jueves | next_day('thursday')
fechas2/train/fechas2_007688.es.wav,pasado mañana | relative_day(+2)
fechas2/train/fechas2_007689.es.wav,este lunes que viene | next_day('monday')
fechas2/train/fechas2_007690.es.wav,este jueves | next_day('thursday')
fechas2/train/fechas2_007691.es.wav,el siguiente viernes | next_day('friday')
fechas2/train/fechas2_007692.es.wav,mañana gracias | relative_day(+1)
fechas2/train/fechas2_007693.es.wav,en un par de días | relative_day(+2)
fechas2/train/fechas2_007694.es.wav,este martes | next_day('tuesday')
fechas2/train/fechas2_007695.es.wav,el viernes próximo por favor | next_day('friday')
fechas2/train/fechas2_007696.es.wav,el miércoles por favor | next_day('wednesday')
fechas2/train/fechas2_007697.es.wav,pasado mañana | relative_day(+2)
fechas2/train/fechas2_007698.es.wav,el próximo lunes | next_day('monday')
fechas2/train/fechas2_007699.es.wav,por favor el siguiente martes | next_day('tuesday')
fechas2/train/fechas2_007700.es.wav,el próximo viernes por favor | next_day('friday')
fechas2/train/fechas2_007701.es.wav,pasado mañana | relative_day(+2)
fechas2/train/fechas2_007702.es.wav,el viernes | next_day('friday')
fechas2/train/fechas2_007703.es.wav,este jueves que viene gracias | next_day('thursday')
fechas2/train/fechas2_007704.es.wav,el siguiente viernes | next_day('friday')
fechas2/train/fechas2_007705.es.wav,el miércoles | next_day('wednesday')
fechas2/train/fechas2_007706.es.wav,este lunes que viene | next_day('monday')
fechas2/train/fechas2_007707.es.wav,el lunes que viene | next_day('monday')
fechas2/train/fechas2_007708.es.wav,el siguiente martes gracias | next_day('tuesday')
fechas2/train/fechas2_007709.es.wav,el próximo miércoles por favor | next_day('wednesday')
fechas2/train/fechas2_007710.es.wav,el jueves | next_day('thursday')
fechas2/train/fechas2_007711.es.wav,por favor el próximo martes | next_day('tuesday')
fechas2/train/fechas2_007712.es.wav,el próximo martes | next_day('tuesday')
fechas2/train/fechas2_007713.es.wav,en tres días | relative_day(+3)
fechas2/train/fechas2_007714.es.wav,el próximo lunes | next_day('monday')
fechas2/train/fechas2_007715.es.wav,por favor el jueves que viene | next_day('thursday')
fechas2/train/fechas2_007716.es.wav,en tres días por favor | relative_day(+3)
fechas2/train/fechas2_007717.es.wav,en un par de días | relative_day(+2)
fechas2/train/fechas2_007718.es.wav,el próximo miércoles | next_day('wednesday')
fechas2/train/fechas2_007719.es.wav,este lunes siguiente | next_day('monday')
fechas2/train/fechas2_007720.es.wav,en tres días | relative_day(+3)
fechas2/train/fechas2_007721.es.wav,el siguiente lunes por favor | next_day('monday')
fechas2/train/fechas2_007722.es.wav,este miércoles gracias | next_day('wednesday')
fechas2/train/fechas2_007723.es.wav,este lunes por favor | next_day('monday')
fechas2/train/fechas2_007724.es.wav,el siguiente martes por favor | next_day('tuesday')
fechas2/train/fechas2_007725.es.wav,por favor este miércoles que viene | next_day('wednesday')
fechas2/train/fechas2_007726.es.wav,el jueves | next_day('thursday')
fechas2/train/fechas2_007727.es.wav,este jueves | next_day('thursday')
fechas2/train/fechas2_007728.es.wav,en tres días | relative_day(+3)
fechas2/train/fechas2_007729.es.wav,este viernes próximo | next_day('friday')
fechas2/train/fechas2_007730.es.wav,en tres días gracias | relative_day(+3)
fechas2/train/fechas2_007731.es.wav,el miércoles que viene gracias | next_day('wednesday')
fechas2/train/fechas2_007732.es.wav,pasado mañana | relative_day(+2)
fechas2/train/fechas2_007733.es.wav,este martes próximo | next_day('tuesday')
fechas2/train/fechas2_007734.es.wav,en un par de días | relative_day(+2)
fechas2/train/fechas2_007735.es.wav,el miércoles próximo gracias | next_day('wednesday')
fechas2/train/fechas2_007736.es.wav,por favor en un par de días | relative_day(+2)
fechas2/train/fechas2_007737.es.wav,este miércoles siguiente | next_day('wednesday')
fechas2/train/fechas2_007738.es.wav,este jueves que viene gracias | next_day('thursday')
fechas2/train/fechas2_007739.es.wav,mañana | relative_day(+1)
fechas2/train/fechas2_007740.es.wav,el siguiente viernes | next_day('friday')
fechas2/train/fechas2_007741.es.wav,por favor en tres días | relative_day(+3)
fechas2/train/fechas2_007742.es.wav,el martes | next_day('tuesday')
fechas2/train/fechas2_007743.es.wav,el próximo jueves | next_day('thursday')
fechas2/train/fechas2_007744.es.wav,el lunes por favor | next_day('monday')
fechas2/train/fechas2_007745.es.wav,el martes que viene | next_day('tuesday')
fechas2/train/fechas2_007746.es.wav,el siguiente lunes | next_day('monday')
fechas2/train/fechas2_007747.es.wav,en tres días | relative_day(+3)
fechas2/train/fechas2_007748.es.wav,este viernes siguiente | next_day('friday')
fechas2/train/fechas2_007749.es.wav,en tres días por favor | relative_day(+3)
fechas2/train/fechas2_007750.es.wav,este jueves | next_day('thursday')
fechas2/train/fechas2_007751.es.wav,por favor el próximo martes | next_day('tuesday')
fechas2/train/fechas2_007752.es.wav,el siguiente viernes | next_day('friday')
fechas2/train/fechas2_007753.es.wav,este martes gracias | next_day('tuesday')
fechas2/train/fechas2_007754.es.wav,el siguiente jueves | next_day('thursday')
fechas2/train/fechas2_007755.es.wav,este lunes próximo | next_day('monday')
fechas2/train/fechas2_007756.es.wav,pasado mañana | relative_day(+2)
fechas2/train/fechas2_007757.es.wav,el próximo martes | next_day('tuesday')
fechas2/train/fechas2_007758.es.wav,este lunes | next_day('monday')
fechas2/train/fechas2_007759.es.wav,por favor el siguiente martes | next_day('tuesday')
fechas2/train/fechas2_007760.es.wav,el próximo martes | next_day('tuesday')
fechas2/train/fechas2_007761.es.wav,en un par de días por favor | relative_day(+2)
fechas2/train/fechas2_007762.es.wav,este martes que viene gracias | next_day('tuesday')
fechas2/train/fechas2_007763.es.wav,este martes por favor | next_day('tuesday')
fechas2/train/fechas2_007764.es.wav,el próximo jueves | next_day('thursday')
fechas2/train/fechas2_007765.es.wav,el próximo jueves gracias | next_day('thursday')
fechas2/train/fechas2_007766.es.wav,en tres días | relative_day(+3)
fechas2/train/fechas2_007767.es.wav,el lunes | next_day('monday')
fechas2/train/fechas2_007768.es.wav,el próximo jueves | next_day('thursday')
fechas2/train/fechas2_007769.es.wav,el siguiente jueves | next_day('thursday')
fechas2/train/fechas2_007770.es.wav,el próximo martes gracias | next_day('tuesday')
fechas2/train/fechas2_007771.es.wav,el jueves próximo | next_day('thursday')
fechas2/train/fechas2_007772.es.wav,en tres días gracias | relative_day(+3)
fechas2/train/fechas2_007773.es.wav,este martes próximo por favor | next_day('tuesday')
fechas2/train/fechas2_007774.es.wav,el jueves próximo | next_day('thursday')
fechas2/train/fechas2_007775.es.wav,el jueves | next_day('thursday')
fechas2/train/fechas2_007776.es.wav,por favor en un par de días | relative_day(+2)
fechas2/train/fechas2_007777.es.wav,el viernes | next_day('friday')
fechas2/train/fechas2_007778.es.wav,el viernes que viene | next_day('friday')
fechas2/train/fechas2_007779.es.wav,por favor el siguiente martes | next_day('tuesday')
fechas2/train/fechas2_007780.es.wav,este martes próximo | next_day('tuesday')
fechas2/train/fechas2_007781.es.wav,este viernes siguiente | next_day('friday')
fechas2/train/fechas2_007782.es.wav,el próximo martes | next_day('tuesday')
fechas2/train/fechas2_007783.es.wav,el próximo miércoles gracias | next_day('wednesday')
fechas2/train/fechas2_007784.es.wav,este viernes | next_day('friday')
fechas2/train/fechas2_007785.es.wav,por favor el miércoles siguiente | next_day('wednesday')
fechas2/train/fechas2_007786.es.wav,el siguiente jueves | next_day('thursday')
fechas2/train/fechas2_007787.es.wav,el próximo lunes | next_day('monday')
fechas2/train/fechas2_007788.es.wav,el próximo miércoles | next_day('wednesday')
fechas2/train/fechas2_007789.es.wav,el próximo lunes | next_day('monday')
fechas2/train/fechas2_007790.es.wav,el próximo miércoles | next_day('wednesday')
fechas2/train/fechas2_007791.es.wav,el jueves | next_day('thursday')
fechas2/train/fechas2_007792.es.wav,el siguiente jueves gracias | next_day('thursday')
fechas2/train/fechas2_007793.es.wav,este martes que viene gracias | next_day('tuesday')
fechas2/train/fechas2_007794.es.wav,por favor el próximo martes | next_day('tuesday')
fechas2/train/fechas2_007795.es.wav,por favor este miércoles siguiente | next_day('wednesday')
fechas2/train/fechas2_007796.es.wav,este viernes próximo | next_day('friday')
fechas2/train/fechas2_007797.es.wav,el lunes gracias | next_day('monday')
fechas2/train/fechas2_007798.es.wav,por favor el viernes próximo | next_day('friday')
fechas2/train/fechas2_007799.es.wav,el próximo miércoles gracias | next_day('wednesday')
fechas2/train/fechas2_007800.es.wav,este miércoles por favor | next_day('wednesday')
fechas2/train/fechas2_007801.es.wav,el siguiente jueves | next_day('thursday')
fechas2/train/fechas2_007802.es.wav,el próximo martes | next_day('tuesday')
fechas2/train/fechas2_007803.es.wav,el siguiente jueves | next_day('thursday')
fechas2/train/fechas2_007804.es.wav,este viernes | next_day('friday')
fechas2/train/fechas2_007805.es.wav,este lunes siguiente gracias | next_day('monday')
fechas2/train/fechas2_007806.es.wav,este jueves próximo | next_day('thursday')
fechas2/train/fechas2_007807.es.wav,este miércoles | next_day('wednesday')
fechas2/train/fechas2_007808.es.wav,el viernes gracias | next_day('friday')
fechas2/train/fechas2_007809.es.wav,el siguiente viernes gracias | next_day('friday')
fechas2/train/fechas2_007810.es.wav,en un par de días | relative_day(+2)
fechas2/train/fechas2_007811.es.wav,en un par de días por favor | relative_day(+2)
fechas2/train/fechas2_007812.es.wav,por favor el martes | next_day('tuesday')
fechas2/train/fechas2_007813.es.wav,el jueves | next_day('thursday')
fechas2/train/fechas2_007814.es.wav,este miércoles próximo gracias | next_day('wednesday')
fechas2/train/fechas2_007815.es.wav,por favor el siguiente viernes | next_day('friday')
fechas2/train/fechas2_007816.es.wav,el miércoles | next_day('wednesday')
fechas2/train/fechas2_007817.es.wav,este miércoles que viene por favor | next_day('wednesday')
fechas2/train/fechas2_007818.es.wav,en tres días | relative_day(+3)
fechas2/train/fechas2_007819.es.wav,el viernes próximo | next_day('friday')
fechas2/train/fechas2_007820.es.wav,este jueves | next_day('thursday')
fechas2/train/fechas2_007821.es.wav,el próximo lunes | next_day('monday')
fechas2/train/fechas2_007822.es.wav,el miércoles que viene | next_day('wednesday')
fechas2/train/fechas2_007823.es.wav,este lunes siguiente gracias | next_day('monday')
fechas2/train/fechas2_007824.es.wav,este miércoles siguiente por favor | next_day('wednesday')
fechas2/train/fechas2_007825.es.wav,el viernes que viene | next_day('friday')
fechas2/train/fechas2_007826.es.wav,en un par de días | relative_day(+2)
fechas2/train/fechas2_007827.es.wav,en tres días por favor | relative_day(+3)
fechas2/train/fechas2_007828.es.wav,el viernes próximo | next_day('friday')
fechas2/train/fechas2_007829.es.wav,el siguiente viernes | next_day('friday')
fechas2/train/fechas2_007830.es.wav,en tres días | relative_day(+3)
fechas2/train/fechas2_007831.es.wav,por favor el siguiente martes | next_day('tuesday')
fechas2/train/fechas2_007832.es.wav,el próximo miércoles | next_day('wednesday')
fechas2/train/fechas2_007833.es.wav,por favor este miércoles | next_day('wednesday')
fechas2/train/fechas2_007834.es.wav,en tres días | relative_day(+3)
fechas2/train/fechas2_007835.es.wav,este lunes | next_day('monday')
fechas2/train/fechas2_007836.es.wav,el siguiente lunes gracias | next_day('monday')
fechas2/train/fechas2_007837.es.wav,en tres días | relative_day(+3)
fechas2/train/fechas2_007838.es.wav,este martes próximo | next_day('tuesday')
fechas2/train/fechas2_007839.es.wav,el próximo martes por favor | next_day('tuesday')
fechas2/train/fechas2_007840.es.wav,este jueves | next_day('thursday')
fechas2/train/fechas2_007841.es.wav,por favor este miércoles | next_day('wednesday')
fechas2/train/fechas2_007842.es.wav,este viernes próximo gracias | next_day('friday')
fechas2/train/fechas2_007843.es.wav,pasado mañana | relative_day(+2)
fechas2/train/fechas2_007844.es.wav,mañana | relative_day(+1)
fechas2/train/fechas2_007845.es.wav,este miércoles | next_day('wednesday')
fechas2/train/fechas2_007846.es.wav,el siguiente lunes | next_day('monday')
fechas2/train/fechas2_007847.es.wav,el próximo viernes por favor | next_day('friday')
fechas2/train/fechas2_007848.es.wav,el siguiente lunes | next_day('monday')
fechas2/train/fechas2_007849.es.wav,el lunes siguiente | next_day('monday')
fechas2/train/fechas2_007850.es.wav,en un par de días | relative_day(+2)
fechas2/train/fechas2_007851.es.wav,por favor este lunes | next_day('monday')
fechas2/train/fechas2_007852.es.wav,el miércoles próximo | next_day('wednesday')
fechas2/train/fechas2_007853.es.wav,en tres días | relative_day(+3)
fechas2/train/fechas2_007854.es.wav,mañana | relative_day(+1)
fechas2/train/fechas2_007855.es.wav,por favor en tres días | relative_day(+3)
fechas2/train/fechas2_007856.es.wav,por favor en un par de días | relative_day(+2)
fechas2/train/fechas2_007857.es.wav,por favor el viernes siguiente | next_day('friday')
fechas2/train/fechas2_007858.es.wav,el martes siguiente | next_day('tuesday')
fechas2/train/fechas2_007859.es.wav,este miércoles por favor | next_day('wednesday')
fechas2/train/fechas2_007860.es.wav,el lunes que viene por favor | next_day('monday')
fechas2/train/fechas2_007861.es.wav,el próximo lunes por favor | next_day('monday')
fechas2/train/fechas2_007862.es.wav,este lunes | next_day('monday')
fechas2/train/fechas2_007863.es.wav,por favor en tres días | relative_day(+3)
fechas2/train/fechas2_007864.es.wav,el siguiente viernes | next_day('friday')
fechas2/train/fechas2_007865.es.wav,mañana por favor | relative_day(+1)
fechas2/train/fechas2_007866.es.wav,en un par de días | relative_day(+2)
fechas2/train/fechas2_007867.es.wav,el miércoles que viene | next_day('wednesday')
fechas2/train/fechas2_007868.es.wav,el martes gracias | next_day('tuesday')
fechas2/train/fechas2_007869.es.wav,el viernes | next_day('friday')
fechas2/train/fechas2_007870.es.wav,por favor el siguiente miércoles | next_day('wednesday')
fechas2/train/fechas2_007871.es.wav,el martes que viene gracias | next_day('tuesday')
fechas2/train/fechas2_007872.es.wav,el siguiente jueves | next_day('thursday')
fechas2/train/fechas2_007873.es.wav,en un par de días por favor | relative_day(+2)
fechas2/train/fechas2_007874.es.wav,el lunes | next_day('monday')
fechas2/train/fechas2_007875.es.wav,este martes que viene gracias | next_day('tuesday')
fechas2/train/fechas2_007876.es.wav,este martes | next_day('tuesday')
fechas2/train/fechas2_007877.es.wav,en un par de días | relative_day(+2)
fechas2/train/fechas2_007878.es.wav,el martes | next_day('tuesday')
fechas2/train/fechas2_007879.es.wav,este jueves | next_day('thursday')
fechas2/train/fechas2_007880.es.wav,el miércoles próximo | next_day('wednesday')
fechas2/train/fechas2_007881.es.wav,mañana por favor | relative_day(+1)
fechas2/train/fechas2_007882.es.wav,este martes que viene gracias | next_day('tuesday')
fechas2/train/fechas2_007883.es.wav,el siguiente jueves gracias | next_day('thursday')
fechas2/train/fechas2_007884.es.wav,este viernes siguiente | next_day('friday')
fechas2/train/fechas2_007885.es.wav,este jueves que viene | next_day('thursday')
fechas2/train/fechas2_007886.es.wav,por favor el siguiente viernes | next_day('friday')
fechas2/train/fechas2_007887.es.wav,en un par de días | relative_day(+2)
fechas2/train/fechas2_007888.es.wav,este jueves por favor | next_day('thursday')
fechas2/train/fechas2_007889.es.wav,pasado mañana | relative_day(+2)
fechas2/train/fechas2_007890.es.wav,el próximo miércoles gracias | next_day('wednesday')
fechas2/train/fechas2_007891.es.wav,en un par de días por favor | relative_day(+2)
fechas2/train/fechas2_007892.es.wav,el siguiente viernes por favor | next_day('friday')
fechas2/train/fechas2_007893.es.wav,por favor el jueves | next_day('thursday')
fechas2/train/fechas2_007894.es.wav,este martes siguiente por favor | next_day('tuesday')
fechas2/train/fechas2_007895.es.wav,el jueves próximo | next_day('thursday')
fechas2/train/fechas2_007896.es.wav,el miércoles siguiente | next_day('wednesday')
fechas2/train/fechas2_007897.es.wav,por favor pasado mañana | relative_day(+2)
fechas2/train/fechas2_007898.es.wav,el jueves | next_day('thursday')
fechas2/train/fechas2_007899.es.wav,en un par de días | relative_day(+2)
fechas2/train/fechas2_007900.es.wav,el siguiente jueves | next_day('thursday')
fechas2/train/fechas2_007901.es.wav,en un par de días | relative_day(+2)
fechas2/train/fechas2_007902.es.wav,el siguiente miércoles | next_day('wednesday')
fechas2/train/fechas2_007903.es.wav,el miércoles siguiente | next_day('wednesday')
fechas2/train/fechas2_007904.es.wav,el siguiente viernes por favor | next_day('friday')
fechas2/train/fechas2_007905.es.wav,por favor el jueves siguiente | next_day('thursday')
fechas2/train/fechas2_007906.es.wav,este viernes que viene | next_day('friday')
fechas2/train/fechas2_007907.es.wav,por favor este miércoles | next_day('wednesday')
fechas2/train/fechas2_007908.es.wav,el lunes gracias | next_day('monday')
fechas2/train/fechas2_007909.es.wav,el siguiente lunes gracias | next_day('monday')
fechas2/train/fechas2_007910.es.wav,el siguiente viernes gracias | next_day('friday')
fechas2/train/fechas2_007911.es.wav,el siguiente martes | next_day('tuesday')
fechas2/train/fechas2_007912.es.wav,en tres días | relative_day(+3)
fechas2/train/fechas2_007913.es.wav,este viernes por favor | next_day('friday')
fechas2/train/fechas2_007914.es.wav,el próximo jueves por favor | next_day('thursday')
fechas2/train/fechas2_007915.es.wav,este jueves que viene | next_day('thursday')
fechas2/train/fechas2_007916.es.wav,en tres días gracias | relative_day(+3)
fechas2/train/fechas2_007917.es.wav,por favor en tres días | relative_day(+3)
fechas2/train/fechas2_007918.es.wav,por favor en un par de días | relative_day(+2)
fechas2/train/fechas2_007919.es.wav,el próximo martes | next_day('tuesday')
fechas2/train/fechas2_007920.es.wav,por favor este lunes que viene | next_day('monday')
fechas2/train/fechas2_007921.es.wav,mañana | relative_day(+1)
fechas2/train/fechas2_007922.es.wav,por favor el próximo viernes | next_day('friday')
fechas2/train/fechas2_007923.es.wav,el martes | next_day('tuesday')
fechas2/train/fechas2_007924.es.wav,en tres días gracias | relative_day(+3)
fechas2/train/fechas2_007925.es.wav,por favor este lunes | next_day('monday')
fechas2/train/fechas2_007926.es.wav,el próximo jueves por favor | next_day('thursday')
fechas2/train/fechas2_007927.es.wav,el jueves | next_day('thursday')
fechas2/train/fechas2_007928.es.wav,el siguiente jueves gracias | next_day('thursday')
fechas2/train/fechas2_007929.es.wav,el viernes próximo | next_day('friday')
fechas2/train/fechas2_007930.es.wav,por favor el miércoles | next_day('wednesday')
fechas2/train/fechas2_007931.es.wav,por favor este miércoles | next_day('wednesday')
fechas2/train/fechas2_007932.es.wav,el próximo viernes | next_day('friday')
fechas2/train/fechas2_007933.es.wav,por favor el siguiente martes | next_day('tuesday')
fechas2/train/fechas2_007934.es.wav,este jueves | next_day('thursday')
fechas2/train/fechas2_007935.es.wav,este miércoles | next_day('wednesday')
fechas2/train/fechas2_007936.es.wav,en tres días | relative_day(+3)
fechas2/train/fechas2_007937.es.wav,pasado mañana gracias | relative_day(+2)
fechas2/train/fechas2_007938.es.wav,este viernes siguiente | next_day('friday')
fechas2/train/fechas2_007939.es.wav,en tres días | relative_day(+3)
fechas2/train/fechas2_007940.es.wav,el siguiente martes | next_day('tuesday')
fechas2/train/fechas2_007941.es.wav,este miércoles próximo gracias | next_day('wednesday')
fechas2/train/fechas2_007942.es.wav,el martes próximo | next_day('tuesday')
fechas2/train/fechas2_007943.es.wav,por favor el viernes | next_day('friday')
fechas2/train/fechas2_007944.es.wav,por favor este viernes que viene | next_day('friday')
fechas2/train/fechas2_007945.es.wav,el lunes siguiente | next_day('monday')
fechas2/train/fechas2_007946.es.wav,por favor el próximo martes | next_day('tuesday')
fechas2/train/fechas2_007947.es.wav,el siguiente martes por favor | next_day('tuesday')
fechas2/train/fechas2_007948.es.wav,el jueves siguiente por favor | next_day('thursday')
fechas2/train/fechas2_007949.es.wav,por favor el lunes | next_day('monday')
fechas2/train/fechas2_007950.es.wav,el martes que viene por favor | next_day('tuesday')
fechas2/train/fechas2_007951.es.wav,este viernes siguiente por favor | next_day('friday')
fechas2/train/fechas2_007952.es.wav,este martes por favor | next_day('tuesday')
fechas2/train/fechas2_007953.es.wav,el próximo lunes gracias | next_day('monday')
fechas2/train/fechas2_007954.es.wav,este lunes por favor | next_day('monday')
fechas2/train/fechas2_007955.es.wav,el siguiente lunes | next_day('monday')
fechas2/train/fechas2_007956.es.wav,el lunes siguiente gracias | next_day('monday')
fechas2/train/fechas2_007957.es.wav,pasado mañana gracias | relative_day(+2)
fechas2/train/fechas2_007958.es.wav,el jueves por favor | next_day('thursday')
fechas2/train/fechas2_007959.es.wav,el próximo martes gracias | next_day('tuesday')
fechas2/train/fechas2_007960.es.wav,el próximo jueves gracias | next_day('thursday')
fechas2/train/fechas2_007961.es.wav,el jueves | next_day('thursday')
fechas2/train/fechas2_007962.es.wav,el martes por favor | next_day('tuesday')
fechas2/train/fechas2_007963.es.wav,en un par de días | relative_day(+2)
fechas2/train/fechas2_007964.es.wav,en tres días gracias | relative_day(+3)
fechas2/train/fechas2_007965.es.wav,el próximo martes gracias | next_day('tuesday')
fechas2/train/fechas2_007966.es.wav,por favor en tres días | relative_day(+3)
fechas2/train/fechas2_007967.es.wav,por favor este viernes próximo | next_day('friday')
fechas2/train/fechas2_007968.es.wav,mañana | relative_day(+1)
fechas2/train/fechas2_007969.es.wav,este jueves | next_day('thursday')
fechas2/train/fechas2_007970.es.wav,el próximo jueves | next_day('thursday')
fechas2/train/fechas2_007971.es.wav,por favor el viernes siguiente | next_day('friday')
fechas2/train/fechas2_007972.es.wav,este miércoles que viene | next_day('wednesday')
fechas2/train/fechas2_007973.es.wav,este martes que viene | next_day('tuesday')
fechas2/train/fechas2_007974.es.wav,en un par de días | relative_day(+2)
fechas2/train/fechas2_007975.es.wav,pasado mañana | relative_day(+2)
fechas2/train/fechas2_007976.es.wav,en un par de días | relative_day(+2)
fechas2/train/fechas2_007977.es.wav,el lunes próximo | next_day('monday')
fechas2/train/fechas2_007978.es.wav,por favor el martes siguiente | next_day('tuesday')
fechas2/train/fechas2_007979.es.wav,en tres días | relative_day(+3)
fechas2/train/fechas2_007980.es.wav,por favor en tres días | relative_day(+3)
fechas2/train/fechas2_007981.es.wav,el siguiente lunes | next_day('monday')
fechas2/train/fechas2_007982.es.wav,en tres días | relative_day(+3)
fechas2/train/fechas2_007983.es.wav,el siguiente miércoles por favor | next_day('wednesday')
fechas2/train/fechas2_007984.es.wav,el viernes que viene | next_day('friday')
fechas2/train/fechas2_007985.es.wav,por favor este jueves | next_day('thursday')
fechas2/train/fechas2_007986.es.wav,en tres días por favor | relative_day(+3)
fechas2/train/fechas2_007987.es.wav,el jueves que viene | next_day('thursday')
fechas2/train/fechas2_007988.es.wav,el viernes | next_day('friday')
fechas2/train/fechas2_007989.es.wav,el siguiente viernes | next_day('friday')
fechas2/train/fechas2_007990.es.wav,este viernes que viene gracias | next_day('friday')
fechas2/train/fechas2_007991.es.wav,el viernes próximo | next_day('friday')
fechas2/train/fechas2_007992.es.wav,por favor este lunes | next_day('monday')
fechas2/train/fechas2_007993.es.wav,en tres días | relative_day(+3)
fechas2/train/fechas2_007994.es.wav,el próximo lunes | next_day('monday')
fechas2/train/fechas2_007995.es.wav,este jueves próximo por favor | next_day('thursday')
fechas2/train/fechas2_007996.es.wav,este martes | next_day('tuesday')
fechas2/train/fechas2_007997.es.wav,el siguiente miércoles por favor | next_day('wednesday')
fechas2/train/fechas2_007998.es.wav,por favor pasado mañana | relative_day(+2)
fechas2/train/fechas2_007999.es.wav,el martes | next_day('tuesday')
fechas2/train/fechas2_008000.es.wav,el próximo jueves | next_day('thursday')
fechas2/train/fechas2_008001.es.wav,el miércoles siguiente | next_day('wednesday')
fechas2/train/fechas2_008002.es.wav,el próximo lunes por favor | next_day('monday')
fechas2/train/fechas2_008003.es.wav,el siguiente miércoles por favor | next_day('wednesday')
fechas2/train/fechas2_008004.es.wav,el próximo lunes | next_day('monday')
fechas2/train/fechas2_008005.es.wav,en un par de días | relative_day(+2)
fechas2/train/fechas2_008006.es.wav,el martes | next_day('tuesday')
fechas2/train/fechas2_008007.es.wav,el siguiente martes por favor | next_day('tuesday')
fechas2/train/fechas2_008008.es.wav,este jueves | next_day('thursday')
fechas2/train/fechas2_008009.es.wav,este martes | next_day('tuesday')
fechas2/train/fechas2_008010.es.wav,pasado mañana por favor | relative_day(+2)
fechas2/train/fechas2_008011.es.wav,el viernes próximo por favor | next_day('friday')
fechas2/train/fechas2_008012.es.wav,el próximo lunes por favor | next_day('monday')
fechas2/train/fechas2_008013.es.wav,el jueves que viene | next_day('thursday')
fechas2/train/fechas2_008014.es.wav,en tres días | relative_day(+3)
fechas2/train/fechas2_008015.es.wav,este jueves gracias | next_day('thursday')
fechas2/train/fechas2_008016.es.wav,este lunes que viene | next_day('monday')
fechas2/train/fechas2_008017.es.wav,el miércoles | next_day('wednesday')
fechas2/train/fechas2_008018.es.wav,el siguiente miércoles | next_day('wednesday')
fechas2/train/fechas2_008019.es.wav,el próximo martes | next_day('tuesday')
fechas2/train/fechas2_008020.es.wav,en un par de días | relative_day(+2)
fechas2/train/fechas2_008021.es.wav,este martes | next_day('tuesday')
fechas2/train/fechas2_008022.es.wav,por favor el próximo viernes | next_day('friday')
fechas2/train/fechas2_008023.es.wav,por favor el jueves que viene | next_day('thursday')
fechas2/train/fechas2_008024.es.wav,por favor este viernes | next_day('friday')
fechas2/train/fechas2_008025.es.wav,este jueves siguiente | next_day('thursday')
fechas2/train/fechas2_008026.es.wav,este jueves por favor | next_day('thursday')
fechas2/train/fechas2_008027.es.wav,en un par de días | relative_day(+2)
fechas2/train/fechas2_008028.es.wav,el siguiente jueves | next_day('thursday')
fechas2/train/fechas2_008029.es.wav,este martes próximo | next_day('tuesday')
fechas2/train/fechas2_008030.es.wav,el jueves siguiente | next_day('thursday')
fechas2/train/fechas2_008031.es.wav,este miércoles gracias | next_day('wednesday')
fechas2/train/fechas2_008032.es.wav,pasado mañana | relative_day(+2)
fechas2/train/fechas2_008033.es.wav,en un par de días | relative_day(+2)
fechas2/train/fechas2_008034.es.wav,el siguiente lunes | next_day('monday')
fechas2/train/fechas2_008035.es.wav,el martes próximo gracias | next_day('tuesday')
fechas2/train/fechas2_008036.es.wav,el próximo miércoles | next_day('wednesday')
fechas2/train/fechas2_008037.es.wav,por favor mañana | relative_day(+1)
fechas2/train/fechas2_008038.es.wav,el jueves gracias | next_day('thursday')
fechas2/train/fechas2_008039.es.wav,este martes | next_day('tuesday')
fechas2/train/fechas2_008040.es.wav,por favor el próximo miércoles | next_day('wednesday')
fechas2/train/fechas2_008041.es.wav,este martes gracias | next_day('tuesday')
fechas2/train/fechas2_008042.es.wav,el lunes que viene | next_day('monday')
fechas2/train/fechas2_008043.es.wav,el siguiente viernes | next_day('friday')
fechas2/train/fechas2_008044.es.wav,el miércoles | next_day('wednesday')
fechas2/train/fechas2_008045.es.wav,el siguiente martes | next_day('tuesday')
fechas2/train/fechas2_008046.es.wav,el martes próximo por favor | next_day('tuesday')
fechas2/train/fechas2_008047.es.wav,el lunes | next_day('monday')
fechas2/train/fechas2_008048.es.wav,el próximo viernes | next_day('friday')
fechas2/train/fechas2_008049.es.wav,mañana | relative_day(+1)
fechas2/train/fechas2_008050.es.wav,por favor este miércoles | next_day('wednesday')
fechas2/train/fechas2_008051.es.wav,en tres días | relative_day(+3)
fechas2/train/fechas2_008052.es.wav,este jueves | next_day('thursday')
fechas2/train/fechas2_008053.es.wav,este martes | next_day('tuesday')
fechas2/train/fechas2_008054.es.wav,en tres días por favor | relative_day(+3)
fechas2/train/fechas2_008055.es.wav,este miércoles | next_day('wednesday')
fechas2/train/fechas2_008056.es.wav,este viernes próximo | next_day('friday')
fechas2/train/fechas2_008057.es.wav,este jueves | next_day('thursday')
fechas2/train/fechas2_008058.es.wav,el siguiente lunes gracias | next_day('monday')
fechas2/train/fechas2_008059.es.wav,por favor el lunes próximo | next_day('monday')
fechas2/train/fechas2_008060.es.wav,mañana | relative_day(+1)
fechas2/train/fechas2_008061.es.wav,por favor el jueves | next_day('thursday')
fechas2/train/fechas2_008062.es.wav,este jueves siguiente | next_day('thursday')
fechas2/train/fechas2_008063.es.wav,en un par de días | relative_day(+2)
fechas2/train/fechas2_008064.es.wav,pasado mañana por favor | relative_day(+2)
fechas2/train/fechas2_008065.es.wav,este martes próximo | next_day('tuesday')
fechas2/train/fechas2_008066.es.wav,el siguiente martes | next_day('tuesday')
fechas2/train/fechas2_008067.es.wav,en un par de días por favor | relative_day(+2)
fechas2/train/fechas2_008068.es.wav,este martes | next_day('tuesday')
fechas2/train/fechas2_008069.es.wav,por favor en un par de días | relative_day(+2)
fechas2/train/fechas2_008070.es.wav,el miércoles | next_day('wednesday')
fechas2/train/fechas2_008071.es.wav,mañana | relative_day(+1)
fechas2/train/fechas2_008072.es.wav,este jueves que viene | next_day('thursday')
fechas2/train/fechas2_008073.es.wav,pasado mañana | relative_day(+2)
fechas2/train/fechas2_008074.es.wav,el martes que viene | next_day('tuesday')
fechas2/train/fechas2_008075.es.wav,en tres días gracias | relative_day(+3)
fechas2/train/fechas2_008076.es.wav,en un par de días gracias | relative_day(+2)
fechas2/train/fechas2_008077.es.wav,este viernes que viene | next_day('friday')
fechas2/train/fechas2_008078.es.wav,en tres días | relative_day(+3)
fechas2/train/fechas2_008079.es.wav,este lunes próximo gracias | next_day('monday')
fechas2/train/fechas2_008080.es.wav,este viernes siguiente | next_day('friday')
fechas2/train/fechas2_008081.es.wav,el siguiente lunes | next_day('monday')
fechas2/train/fechas2_008082.es.wav,el martes que viene | next_day('tuesday')
fechas2/train/fechas2_008083.es.wav,por favor el siguiente martes | next_day('tuesday')
fechas2/train/fechas2_008084.es.wav,en tres días por favor | relative_day(+3)
fechas2/train/fechas2_008085.es.wav,el próximo viernes | next_day('friday')
fechas2/train/fechas2_008086.es.wav,este lunes por favor | next_day('monday')
fechas2/train/fechas2_008087.es.wav,en un par de días por favor | relative_day(+2)
fechas2/train/fechas2_008088.es.wav,el miércoles próximo | next_day('wednesday')
fechas2/train/fechas2_008089.es.wav,el miércoles próximo | next_day('wednesday')
fechas2/train/fechas2_008090.es.wav,el miércoles que viene | next_day('wednesday')
fechas2/train/fechas2_008091.es.wav,en un par de días | relative_day(+2)
fechas2/train/fechas2_008092.es.wav,este lunes | next_day('monday')
fechas2/train/fechas2_008093.es.wav,mañana por favor | relative_day(+1)
fechas2/train/fechas2_008094.es.wav,el jueves por favor | next_day('thursday')
fechas2/train/fechas2_008095.es.wav,este lunes | next_day('monday')
fechas2/train/fechas2_008096.es.wav,mañana | relative_day(+1)
fechas2/train/fechas2_008097.es.wav,el lunes siguiente por favor | next_day('monday')
fechas2/train/fechas2_008098.es.wav,en un par de días | relative_day(+2)
fechas2/train/fechas2_008099.es.wav,este viernes siguiente | next_day('friday')
fechas2/train/fechas2_008100.es.wav,mañana | relative_day(+1)
fechas2/train/fechas2_008101.es.wav,por favor este lunes | next_day('monday')
fechas2/train/fechas2_008102.es.wav,este lunes que viene gracias | next_day('monday')
fechas2/train/fechas2_008103.es.wav,este martes que viene por favor | next_day('tuesday')
fechas2/train/fechas2_008104.es.wav,el martes siguiente por favor | next_day('tuesday')
fechas2/train/fechas2_008105.es.wav,este martes siguiente | next_day('tuesday')
fechas2/train/fechas2_008106.es.wav,por favor el siguiente jueves | next_day('thursday')
fechas2/train/fechas2_008107.es.wav,en tres días | relative_day(+3)
fechas2/train/fechas2_008108.es.wav,este miércoles | next_day('wednesday')
fechas2/train/fechas2_008109.es.wav,pasado mañana por favor | relative_day(+2)
fechas2/train/fechas2_008110.es.wav,el viernes que viene | next_day('friday')
fechas2/train/fechas2_008111.es.wav,por favor este miércoles que viene | next_day('wednesday')
fechas2/train/fechas2_008112.es.wav,en tres días por favor | relative_day(+3)
fechas2/train/fechas2_008113.es.wav,el jueves | next_day('thursday')
fechas2/train/fechas2_008114.es.wav,en tres días | relative_day(+3)
fechas2/train/fechas2_008115.es.wav,el martes | next_day('tuesday')
fechas2/train/fechas2_008116.es.wav,el lunes | next_day('monday')
fechas2/train/fechas2_008117.es.wav,el miércoles | next_day('wednesday')
fechas2/train/fechas2_008118.es.wav,por favor en tres días | relative_day(+3)
fechas2/train/fechas2_008119.es.wav,el siguiente viernes | next_day('friday')
fechas2/train/fechas2_008120.es.wav,el viernes por favor | next_day('friday')
fechas2/train/fechas2_008121.es.wav,por favor el próximo lunes | next_day('monday')
fechas2/train/fechas2_008122.es.wav,en tres días | relative_day(+3)
fechas2/train/fechas2_008123.es.wav,el miércoles siguiente | next_day('wednesday')
fechas2/train/fechas2_008124.es.wav,el jueves | next_day('thursday')
fechas2/train/fechas2_008125.es.wav,este viernes | next_day('friday')
fechas2/train/fechas2_008126.es.wav,el próximo lunes por favor | next_day('monday')
fechas2/train/fechas2_008127.es.wav,el siguiente miércoles gracias | next_day('wednesday')
fechas2/train/fechas2_008128.es.wav,el jueves siguiente | next_day('thursday')
fechas2/train/fechas2_008129.es.wav,por favor el miércoles que viene | next_day('wednesday')
fechas2/train/fechas2_008130.es.wav,por favor mañana | relative_day(+1)
fechas2/train/fechas2_008131.es.wav,el siguiente martes | next_day('tuesday')
fechas2/train/fechas2_008132.es.wav,este miércoles siguiente por favor | next_day('wednesday')
fechas2/train/fechas2_008133.es.wav,el próximo viernes | next_day('friday')
fechas2/train/fechas2_008134.es.wav,el próximo miércoles | next_day('wednesday')
fechas2/train/fechas2_008135.es.wav,el siguiente miércoles gracias | next_day('wednesday')
fechas2/train/fechas2_008136.es.wav,el martes gracias | next_day('tuesday')
fechas2/train/fechas2_008137.es.wav,en tres días por favor | relative_day(+3)
fechas2/train/fechas2_008138.es.wav,pasado mañana | relative_day(+2)
fechas2/train/fechas2_008139.es.wav,el lunes | next_day('monday')
fechas2/train/fechas2_008140.es.wav,el próximo miércoles por favor | next_day('wednesday')
fechas2/train/fechas2_008141.es.wav,por favor este martes | next_day('tuesday')
fechas2/train/fechas2_008142.es.wav,el martes siguiente | next_day('tuesday')
fechas2/train/fechas2_008143.es.wav,por favor este miércoles | next_day('wednesday')
fechas2/train/fechas2_008144.es.wav,el jueves gracias | next_day('thursday')
fechas2/train/fechas2_008145.es.wav,este lunes gracias | next_day('monday')
fechas2/train/fechas2_008146.es.wav,este lunes siguiente por favor | next_day('monday')
fechas2/train/fechas2_008147.es.wav,el miércoles siguiente | next_day('wednesday')
fechas2/train/fechas2_008148.es.wav,por favor en tres días | relative_day(+3)
fechas2/train/fechas2_008149.es.wav,en tres días por favor | relative_day(+3)
fechas2/train/fechas2_008150.es.wav,el martes | next_day('tuesday')
fechas2/train/fechas2_008151.es.wav,en un par de días | relative_day(+2)
fechas2/train/fechas2_008152.es.wav,el viernes próximo | next_day('friday')
fechas2/train/fechas2_008153.es.wav,este jueves | next_day('thursday')
fechas2/train/fechas2_008154.es.wav,por favor el siguiente lunes | next_day('monday')
fechas2/train/fechas2_008155.es.wav,el siguiente martes | next_day('tuesday')
fechas2/train/fechas2_008156.es.wav,el próximo jueves | next_day('thursday')
fechas2/train/fechas2_008157.es.wav,el lunes gracias | next_day('monday')
fechas2/train/fechas2_008158.es.wav,por favor el próximo viernes | next_day('friday')
fechas2/train/fechas2_008159.es.wav,mañana gracias | relative_day(+1)
fechas2/train/fechas2_008160.es.wav,mañana | relative_day(+1)
fechas2/train/fechas2_008161.es.wav,el lunes que viene | next_day('monday')
fechas2/train/fechas2_008162.es.wav,este miércoles gracias | next_day('wednesday')
fechas2/train/fechas2_008163.es.wav,por favor el próximo jueves | next_day('thursday')
fechas2/train/fechas2_008164.es.wav,el lunes siguiente | next_day('monday')
fechas2/train/fechas2_008165.es.wav,pasado mañana | relative_day(+2)
fechas2/train/fechas2_008166.es.wav,el viernes | next_day('friday')
fechas2/train/fechas2_008167.es.wav,el martes que viene | next_day('tuesday')
fechas2/train/fechas2_008168.es.wav,este jueves | next_day('thursday')
fechas2/train/fechas2_008169.es.wav,el martes próximo | next_day('tuesday')
fechas2/train/fechas2_008170.es.wav,en tres días por favor | relative_day(+3)
fechas2/train/fechas2_008171.es.wav,en tres días por favor | relative_day(+3)
fechas2/train/fechas2_008172.es.wav,este miércoles que viene | next_day('wednesday')
fechas2/train/fechas2_008173.es.wav,este lunes próximo | next_day('monday')
fechas2/train/fechas2_008174.es.wav,el martes | next_day('tuesday')
fechas2/train/fechas2_008175.es.wav,el viernes que viene | next_day('friday')
fechas2/train/fechas2_008176.es.wav,este viernes siguiente por favor | next_day('friday')
fechas2/train/fechas2_008177.es.wav,en tres días por favor | relative_day(+3)
fechas2/train/fechas2_008178.es.wav,en un par de días gracias | relative_day(+2)
fechas2/train/fechas2_008179.es.wav,por favor este jueves que viene | next_day('thursday')
fechas2/train/fechas2_008180.es.wav,por favor el siguiente viernes | next_day('friday')
fechas2/train/fechas2_008181.es.wav,el siguiente miércoles | next_day('wednesday')
fechas2/train/fechas2_008182.es.wav,este viernes | next_day('friday')
fechas2/train/fechas2_008183.es.wav,este lunes por favor | next_day('monday')
fechas2/train/fechas2_008184.es.wav,en un par de días por favor | relative_day(+2)
fechas2/train/fechas2_008185.es.wav,en tres días por favor | relative_day(+3)
fechas2/train/fechas2_008186.es.wav,este miércoles que viene | next_day('wednesday')
fechas2/train/fechas2_008187.es.wav,el viernes que viene | next_day('friday')
fechas2/train/fechas2_008188.es.wav,el siguiente miércoles | next_day('wednesday')
fechas2/train/fechas2_008189.es.wav,en un par de días | relative_day(+2)
fechas2/train/fechas2_008190.es.wav,mañana gracias | relative_day(+1)
fechas2/train/fechas2_008191.es.wav,en un par de días | relative_day(+2)
fechas2/train/fechas2_008192.es.wav,en tres días | relative_day(+3)
fechas2/train/fechas2_008193.es.wav,por favor el jueves | next_day('thursday')
fechas2/train/fechas2_008194.es.wav,el próximo viernes gracias | next_day('friday')
fechas2/train/fechas2_008195.es.wav,este miércoles por favor | next_day('wednesday')
fechas2/train/fechas2_008196.es.wav,el lunes que viene | next_day('monday')
fechas2/train/fechas2_008197.es.wav,el siguiente jueves gracias | next_day('thursday')
fechas2/train/fechas2_008198.es.wav,el siguiente lunes | next_day('monday')
fechas2/train/fechas2_008199.es.wav,el martes que viene | next_day('tuesday')
fechas2/train/fechas2_008200.es.wav,en tres días gracias | relative_day(+3)
fechas2/train/fechas2_008201.es.wav,en tres días | relative_day(+3)
fechas2/train/fechas2_008202.es.wav,por favor este viernes que viene | next_day('friday')
fechas2/train/fechas2_008203.es.wav,el siguiente viernes por favor | next_day('friday')
fechas2/train/fechas2_008204.es.wav,este jueves que viene | next_day('thursday')
fechas2/train/fechas2_008205.es.wav,en un par de días | relative_day(+2)
fechas2/train/fechas2_008206.es.wav,mañana | relative_day(+1)
fechas2/train/fechas2_008207.es.wav,por favor el miércoles siguiente | next_day('wednesday')
fechas2/train/fechas2_008208.es.wav,el miércoles gracias | next_day('wednesday')
fechas2/train/fechas2_008209.es.wav,en un par de días gracias | relative_day(+2)
fechas2/train/fechas2_008210.es.wav,el siguiente martes gracias | next_day('tuesday')
fechas2/train/fechas2_008211.es.wav,en tres días | relative_day(+3)
fechas2/train/fechas2_008212.es.wav,el viernes | next_day('friday')
fechas2/train/fechas2_008213.es.wav,en un par de días por favor | relative_day(+2)
fechas2/train/fechas2_008214.es.wav,el siguiente martes | next_day('tuesday')
fechas2/train/fechas2_008215.es.wav,el martes que viene por favor | next_day('tuesday')
fechas2/train/fechas2_008216.es.wav,el jueves que viene | next_day('thursday')
fechas2/train/fechas2_008217.es.wav,este jueves | next_day('thursday')
fechas2/train/fechas2_008218.es.wav,este viernes próximo por favor | next_day('friday')
fechas2/train/fechas2_008219.es.wav,por favor el lunes | next_day('monday')
fechas2/train/fechas2_008220.es.wav,este miércoles | next_day('wednesday')
fechas2/train/fechas2_008221.es.wav,por favor el miércoles siguiente | next_day('wednesday')
fechas2/train/fechas2_008222.es.wav,este lunes gracias | next_day('monday')
fechas2/train/fechas2_008223.es.wav,pasado mañana | relative_day(+2)
fechas2/train/fechas2_008224.es.wav,el miércoles gracias | next_day('wednesday')
fechas2/train/fechas2_008225.es.wav,este lunes que viene por favor | next_day('monday')
fechas2/train/fechas2_008226.es.wav,por favor este lunes que viene | next_day('monday')
fechas2/train/fechas2_008227.es.wav,en tres días | relative_day(+3)
fechas2/train/fechas2_008228.es.wav,en tres días | relative_day(+3)
fechas2/train/fechas2_008229.es.wav,por favor el viernes próximo | next_day('friday')
fechas2/train/fechas2_008230.es.wav,el miércoles siguiente gracias | next_day('wednesday')
fechas2/train/fechas2_008231.es.wav,este lunes | next_day('monday')
fechas2/train/fechas2_008232.es.wav,el jueves gracias | next_day('thursday')
fechas2/train/fechas2_008233.es.wav,en tres días por favor | relative_day(+3)
fechas2/train/fechas2_008234.es.wav,este jueves próximo | next_day('thursday')
fechas2/train/fechas2_008235.es.wav,el miércoles | next_day('wednesday')
fechas2/train/fechas2_008236.es.wav,este martes | next_day('tuesday')
fechas2/train/fechas2_008237.es.wav,el próximo jueves | next_day('thursday')
fechas2/train/fechas2_008238.es.wav,el próximo lunes gracias | next_day('monday')
fechas2/train/fechas2_008239.es.wav,mañana | relative_day(+1)
fechas2/train/fechas2_008240.es.wav,el próximo jueves por favor | next_day('thursday')
fechas2/train/fechas2_008241.es.wav,el próximo viernes por favor | next_day('friday')
fechas2/train/fechas2_008242.es.wav,el próximo miércoles | next_day('wednesday')
fechas2/train/fechas2_008243.es.wav,pasado mañana por favor | relative_day(+2)
fechas2/train/fechas2_008244.es.wav,pasado mañana | relative_day(+2)
fechas2/train/fechas2_008245.es.wav,este martes gracias | next_day('tuesday')
fechas2/train/fechas2_008246.es.wav,por favor el viernes | next_day('friday')
fechas2/train/fechas2_008247.es.wav,el próximo lunes | next_day('monday')
fechas2/train/fechas2_008248.es.wav,este jueves | next_day('thursday')
fechas2/train/fechas2_008249.es.wav,pasado mañana | relative_day(+2)
fechas2/train/fechas2_008250.es.wav,el martes siguiente | next_day('tuesday')
fechas2/train/fechas2_008251.es.wav,este lunes que viene por favor | next_day('monday')
fechas2/train/fechas2_008252.es.wav,mañana gracias | relative_day(+1)
fechas2/train/fechas2_008253.es.wav,el jueves próximo | next_day('thursday')
fechas2/train/fechas2_008254.es.wav,por favor pasado mañana | relative_day(+2)
fechas2/train/fechas2_008255.es.wav,el siguiente viernes | next_day('friday')
fechas2/train/fechas2_008256.es.wav,por favor en un par de días | relative_day(+2)
fechas2/train/fechas2_008257.es.wav,este martes | next_day('tuesday')
fechas2/train/fechas2_008258.es.wav,el próximo jueves | next_day('thursday')
fechas2/train/fechas2_008259.es.wav,pasado mañana | relative_day(+2)
fechas2/train/fechas2_008260.es.wav,este miércoles siguiente | next_day('wednesday')
fechas2/train/fechas2_008261.es.wav,en un par de días gracias | relative_day(+2)
fechas2/train/fechas2_008262.es.wav,el siguiente martes | next_day('tuesday')
fechas2/train/fechas2_008263.es.wav,el próximo miércoles | next_day('wednesday')
fechas2/train/fechas2_008264.es.wav,el próximo jueves | next_day('thursday')
fechas2/train/fechas2_008265.es.wav,este viernes | next_day('friday')
fechas2/train/fechas2_008266.es.wav,este viernes que viene gracias | next_day('friday')
fechas2/train/fechas2_008267.es.wav,el lunes | next_day('monday')
fechas2/train/fechas2_008268.es.wav,el lunes | next_day('monday')
fechas2/train/fechas2_008269.es.wav,en tres días | relative_day(+3)
fechas2/train/fechas2_008270.es.wav,este miércoles gracias | next_day('wednesday')
fechas2/train/fechas2_008271.es.wav,el lunes siguiente | next_day('monday')
fechas2/train/fechas2_008272.es.wav,por favor este martes | next_day('tuesday')
fechas2/train/fechas2_008273.es.wav,mañana por favor | relative_day(+1)
fechas2/train/fechas2_008274.es.wav,por favor el lunes que viene | next_day('monday')
fechas2/train/fechas2_008275.es.wav,este viernes próximo | next_day('friday')
fechas2/train/fechas2_008276.es.wav,el próximo lunes | next_day('monday')
fechas2/train/fechas2_008277.es.wav,el lunes | next_day('monday')
fechas2/train/fechas2_008278.es.wav,este viernes siguiente por favor | next_day('friday')
fechas2/train/fechas2_008279.es.wav,por favor el siguiente martes | next_day('tuesday')
fechas2/train/fechas2_008280.es.wav,por favor mañana | relative_day(+1)
fechas2/train/fechas2_008281.es.wav,este lunes próximo | next_day('monday')
fechas2/train/fechas2_008282.es.wav,el siguiente jueves | next_day('thursday')
fechas2/train/fechas2_008283.es.wav,este martes gracias | next_day('tuesday')
fechas2/train/fechas2_008284.es.wav,este miércoles próximo | next_day('wednesday')
fechas2/train/fechas2_008285.es.wav,este lunes | next_day('monday')
fechas2/train/fechas2_008286.es.wav,este miércoles que viene | next_day('wednesday')
fechas2/train/fechas2_008287.es.wav,el próximo jueves | next_day('thursday')
fechas2/train/fechas2_008288.es.wav,este viernes por favor | next_day('friday')
fechas2/train/fechas2_008289.es.wav,el martes siguiente | next_day('tuesday')
fechas2/train/fechas2_008290.es.wav,el lunes | next_day('monday')
fechas2/train/fechas2_008291.es.wav,por favor el lunes siguiente | next_day('monday')
fechas2/train/fechas2_008292.es.wav,en un par de días | relative_day(+2)
fechas2/train/fechas2_008293.es.wav,el siguiente jueves | next_day('thursday')
fechas2/train/fechas2_008294.es.wav,el próximo miércoles | next_day('wednesday')
fechas2/train/fechas2_008295.es.wav,el jueves | next_day('thursday')
fechas2/train/fechas2_008296.es.wav,por favor el viernes | next_day('friday')
fechas2/train/fechas2_008297.es.wav,el viernes siguiente | next_day('friday')
fechas2/train/fechas2_008298.es.wav,el próximo miércoles gracias | next_day('wednesday')
fechas2/train/fechas2_008299.es.wav,el viernes | next_day('friday')
fechas2/train/fechas2_008300.es.wav,mañana gracias | relative_day(+1)
fechas2/train/fechas2_008301.es.wav,el lunes próximo | next_day('monday')
fechas2/train/fechas2_008302.es.wav,este martes próximo gracias | next_day('tuesday')
fechas2/train/fechas2_008303.es.wav,este jueves que viene | next_day('thursday')
fechas2/train/fechas2_008304.es.wav,en tres días | relative_day(+3)
fechas2/train/fechas2_008305.es.wav,en tres días | relative_day(+3)
fechas2/train/fechas2_008306.es.wav,en un par de días por favor | relative_day(+2)
fechas2/train/fechas2_008307.es.wav,el próximo viernes por favor | next_day('friday')
fechas2/train/fechas2_008308.es.wav,por favor el jueves que viene | next_day('thursday')
fechas2/train/fechas2_008309.es.wav,este lunes próximo | next_day('monday')
fechas2/train/fechas2_008310.es.wav,en un par de días | relative_day(+2)
fechas2/train/fechas2_008311.es.wav,por favor este lunes siguiente | next_day('monday')
fechas2/train/fechas2_008312.es.wav,en un par de días por favor | relative_day(+2)
fechas2/train/fechas2_008313.es.wav,pasado mañana | relative_day(+2)
fechas2/train/fechas2_008314.es.wav,este viernes | next_day('friday')
fechas2/train/fechas2_008315.es.wav,este miércoles | next_day('wednesday')
fechas2/train/fechas2_008316.es.wav,el siguiente martes | next_day('tuesday')
fechas2/train/fechas2_008317.es.wav,en tres días gracias | relative_day(+3)
fechas2/train/fechas2_008318.es.wav,el viernes que viene | next_day('friday')
fechas2/train/fechas2_008319.es.wav,en un par de días | relative_day(+2)
fechas2/train/fechas2_008320.es.wav,en tres días | relative_day(+3)
fechas2/train/fechas2_008321.es.wav,pasado mañana | relative_day(+2)
fechas2/train/fechas2_008322.es.wav,en tres días gracias | relative_day(+3)
fechas2/train/fechas2_008323.es.wav,el lunes por favor | next_day('monday')
fechas2/train/fechas2_008324.es.wav,en un par de días | relative_day(+2)
fechas2/train/fechas2_008325.es.wav,este viernes | next_day('friday')
fechas2/train/fechas2_008326.es.wav,el lunes siguiente | next_day('monday')
fechas2/train/fechas2_008327.es.wav,en tres días | relative_day(+3)
fechas2/train/fechas2_008328.es.wav,el lunes por favor | next_day('monday')
fechas2/train/fechas2_008329.es.wav,este lunes | next_day('monday')
fechas2/train/fechas2_008330.es.wav,por favor este martes | next_day('tuesday')
fechas2/train/fechas2_008331.es.wav,mañana gracias | relative_day(+1)
fechas2/train/fechas2_008332.es.wav,el próximo lunes | next_day('monday')
fechas2/train/fechas2_008333.es.wav,el próximo viernes por favor | next_day('friday')
fechas2/train/fechas2_008334.es.wav,este jueves que viene | next_day('thursday')
fechas2/train/fechas2_008335.es.wav,por favor este miércoles | next_day('wednesday')
fechas2/train/fechas2_008336.es.wav,el próximo lunes | next_day('monday')
fechas2/train/fechas2_008337.es.wav,el próximo martes | next_day('tuesday')
fechas2/train/fechas2_008338.es.wav,en tres días por favor | relative_day(+3)
fechas2/train/fechas2_008339.es.wav,pasado mañana gracias | relative_day(+2)
fechas2/train/fechas2_008340.es.wav,por favor el viernes siguiente | next_day('friday')
fechas2/train/fechas2_008341.es.wav,el próximo miércoles | next_day('wednesday')
fechas2/train/fechas2_008342.es.wav,este viernes próximo por favor | next_day('friday')
fechas2/train/fechas2_008343.es.wav,en un par de días | relative_day(+2)
fechas2/train/fechas2_008344.es.wav,en tres días gracias | relative_day(+3)
fechas2/train/fechas2_008345.es.wav,este viernes que viene por favor | next_day('friday')
fechas2/train/fechas2_008346.es.wav,el miércoles | next_day('wednesday')
fechas2/train/fechas2_008347.es.wav,el martes | next_day('tuesday')
fechas2/train/fechas2_008348.es.wav,en un par de días | relative_day(+2)
fechas2/train/fechas2_008349.es.wav,pasado mañana | relative_day(+2)
fechas2/train/fechas2_008350.es.wav,en un par de días | relative_day(+2)
fechas2/train/fechas2_008351.es.wav,por favor en tres días | relative_day(+3)
fechas2/train/fechas2_008352.es.wav,el próximo martes por favor | next_day('tuesday')
fechas2/train/fechas2_008353.es.wav,el lunes siguiente gracias | next_day('monday')
fechas2/train/fechas2_008354.es.wav,este martes | next_day('tuesday')
fechas2/train/fechas2_008355.es.wav,el siguiente viernes | next_day('friday')
fechas2/train/fechas2_008356.es.wav,el próximo viernes gracias | next_day('friday')
fechas2/train/fechas2_008357.es.wav,el siguiente jueves | next_day('thursday')
fechas2/train/fechas2_008358.es.wav,este martes | next_day('tuesday')
fechas2/train/fechas2_008359.es.wav,el jueves siguiente | next_day('thursday')
fechas2/train/fechas2_008360.es.wav,en tres días | relative_day(+3)
fechas2/train/fechas2_008361.es.wav,en un par de días gracias | relative_day(+2)
fechas2/train/fechas2_008362.es.wav,por favor mañana | relative_day(+1)
fechas2/train/fechas2_008363.es.wav,por favor el próximo viernes | next_day('friday')
fechas2/train/fechas2_008364.es.wav,mañana gracias | relative_day(+1)
fechas2/train/fechas2_008365.es.wav,por favor el jueves | next_day('thursday')
fechas2/train/fechas2_008366.es.wav,el siguiente viernes gracias | next_day('friday')
fechas2/train/fechas2_008367.es.wav,pasado mañana | relative_day(+2)
fechas2/train/fechas2_008368.es.wav,este viernes | next_day('friday')
fechas2/train/fechas2_008369.es.wav,el martes por favor | next_day('tuesday')
fechas2/train/fechas2_008370.es.wav,por favor este lunes siguiente | next_day('monday')
fechas2/train/fechas2_008371.es.wav,en tres días gracias | relative_day(+3)
fechas2/train/fechas2_008372.es.wav,este lunes gracias | next_day('monday')
fechas2/train/fechas2_008373.es.wav,en un par de días | relative_day(+2)
fechas2/train/fechas2_008374.es.wav,este miércoles siguiente por favor | next_day('wednesday')
fechas2/train/fechas2_008375.es.wav,pasado mañana | relative_day(+2)
fechas2/train/fechas2_008376.es.wav,este viernes siguiente | next_day('friday')
fechas2/train/fechas2_008377.es.wav,el viernes | next_day('friday')
fechas2/train/fechas2_008378.es.wav,en un par de días | relative_day(+2)
fechas2/train/fechas2_008379.es.wav,el siguiente lunes | next_day('monday')
fechas2/train/fechas2_008380.es.wav,este martes | next_day('tuesday')
fechas2/train/fechas2_008381.es.wav,pasado mañana | relative_day(+2)
fechas2/train/fechas2_008382.es.wav,el siguiente miércoles | next_day('wednesday')
fechas2/train/fechas2_008383.es.wav,por favor el siguiente martes | next_day('tuesday')
fechas2/train/fechas2_008384.es.wav,en un par de días | relative_day(+2)
fechas2/train/fechas2_008385.es.wav,el martes próximo | next_day('tuesday')
fechas2/train/fechas2_008386.es.wav,este miércoles | next_day('wednesday')
fechas2/train/fechas2_008387.es.wav,el siguiente miércoles | next_day('wednesday')
fechas2/train/fechas2_008388.es.wav,pasado mañana | relative_day(+2)
fechas2/train/fechas2_008389.es.wav,en tres días por favor | relative_day(+3)
fechas2/train/fechas2_008390.es.wav,este miércoles próximo por favor | next_day('wednesday')
fechas2/train/fechas2_008391.es.wav,por favor en tres días | relative_day(+3)
fechas2/train/fechas2_008392.es.wav,este jueves próximo | next_day('thursday')
fechas2/train/fechas2_008393.es.wav,este viernes que viene | next_day('friday')
fechas2/train/fechas2_008394.es.wav,pasado mañana | relative_day(+2)
fechas2/train/fechas2_008395.es.wav,el martes siguiente | next_day('tuesday')
fechas2/train/fechas2_008396.es.wav,el lunes que viene | next_day('monday')
fechas2/train/fechas2_008397.es.wav,este miércoles que viene | next_day('wednesday')
fechas2/train/fechas2_008398.es.wav,el viernes por favor | next_day('friday')
fechas2/train/fechas2_008399.es.wav,el próximo jueves por favor | next_day('thursday')
fechas2/train/fechas2_008400.es.wav,por favor pasado mañana | relative_day(+2)
fechas2/train/fechas2_008401.es.wav,en tres días gracias | relative_day(+3)
fechas2/train/fechas2_008402.es.wav,el siguiente jueves | next_day('thursday')
fechas2/train/fechas2_008403.es.wav,el próximo martes | next_day('tuesday')
fechas2/train/fechas2_008404.es.wav,el siguiente jueves por favor | next_day('thursday')
fechas2/train/fechas2_008405.es.wav,este martes que viene | next_day('tuesday')
fechas2/train/fechas2_008406.es.wav,este martes siguiente | next_day('tuesday')
fechas2/train/fechas2_008407.es.wav,el siguiente viernes por favor | next_day('friday')
fechas2/train/fechas2_008408.es.wav,en un par de días gracias | relative_day(+2)
fechas2/train/fechas2_008409.es.wav,este lunes siguiente | next_day('monday')
fechas2/train/fechas2_008410.es.wav,en tres días | relative_day(+3)
fechas2/train/fechas2_008411.es.wav,el miércoles | next_day('wednesday')
fechas2/train/fechas2_008412.es.wav,por favor el lunes próximo | next_day('monday')
fechas2/train/fechas2_008413.es.wav,este jueves | next_day('thursday')
fechas2/train/fechas2_008414.es.wav,el jueves gracias | next_day('thursday')
fechas2/train/fechas2_008415.es.wav,el siguiente lunes gracias | next_day('monday')
fechas2/train/fechas2_008416.es.wav,por favor el próximo lunes | next_day('monday')
fechas2/train/fechas2_008417.es.wav,por favor el próximo miércoles | next_day('wednesday')
fechas2/train/fechas2_008418.es.wav,el siguiente martes gracias | next_day('tuesday')
fechas2/train/fechas2_008419.es.wav,en tres días gracias | relative_day(+3)
fechas2/train/fechas2_008420.es.wav,el próximo lunes por favor | next_day('monday')
fechas2/train/fechas2_008421.es.wav,este viernes que viene | next_day('friday')
fechas2/train/fechas2_008422.es.wav,el viernes | next_day('friday')
fechas2/train/fechas2_008423.es.wav,el siguiente viernes | next_day('friday')
fechas2/train/fechas2_008424.es.wav,el próximo martes | next_day('tuesday')
fechas2/train/fechas2_008425.es.wav,el próximo miércoles | next_day('wednesday')
fechas2/train/fechas2_008426.es.wav,el siguiente martes por favor | next_day('tuesday')
fechas2/train/fechas2_008427.es.wav,en tres días | relative_day(+3)
fechas2/train/fechas2_008428.es.wav,en un par de días | relative_day(+2)
fechas2/train/fechas2_008429.es.wav,el viernes siguiente | next_day('friday')
fechas2/train/fechas2_008430.es.wav,en un par de días por favor | relative_day(+2)
fechas2/train/fechas2_008431.es.wav,en un par de días | relative_day(+2)
fechas2/train/fechas2_008432.es.wav,este viernes | next_day('friday')
fechas2/train/fechas2_008433.es.wav,este lunes | next_day('monday')
fechas2/train/fechas2_008434.es.wav,por favor en tres días | relative_day(+3)
fechas2/train/fechas2_008435.es.wav,este lunes | next_day('monday')
fechas2/train/fechas2_008436.es.wav,el miércoles siguiente | next_day('wednesday')
fechas2/train/fechas2_008437.es.wav,el jueves próximo | next_day('thursday')
fechas2/train/fechas2_008438.es.wav,el martes que viene | next_day('tuesday')
fechas2/train/fechas2_008439.es.wav,pasado mañana | relative_day(+2)
fechas2/train/fechas2_008440.es.wav,el siguiente miércoles gracias | next_day('wednesday')
fechas2/train/fechas2_008441.es.wav,el siguiente viernes | next_day('friday')
fechas2/train/fechas2_008442.es.wav,por favor el siguiente lunes | next_day('monday')
fechas2/train/fechas2_008443.es.wav,este lunes | next_day('monday')
fechas2/train/fechas2_008444.es.wav,por favor el siguiente jueves | next_day('thursday')
fechas2/train/fechas2_008445.es.wav,este miércoles siguiente gracias | next_day('wednesday')
fechas2/train/fechas2_008446.es.wav,el martes por favor | next_day('tuesday')
fechas2/train/fechas2_008447.es.wav,este jueves siguiente gracias | next_day('thursday')
fechas2/train/fechas2_008448.es.wav,el miércoles que viene | next_day('wednesday')
fechas2/train/fechas2_008449.es.wav,pasado mañana | relative_day(+2)
fechas2/train/fechas2_008450.es.wav,el próximo martes gracias | next_day('tuesday')
fechas2/train/fechas2_008451.es.wav,por favor el miércoles próximo | next_day('wednesday')
fechas2/train/fechas2_008452.es.wav,por favor este miércoles siguiente | next_day('wednesday')
fechas2/train/fechas2_008453.es.wav,pasado mañana | relative_day(+2)
fechas2/train/fechas2_008454.es.wav,el lunes gracias | next_day('monday')
fechas2/train/fechas2_008455.es.wav,en un par de días | relative_day(+2)
fechas2/train/fechas2_008456.es.wav,el viernes por favor | next_day('friday')
fechas2/train/fechas2_008457.es.wav,en tres días | relative_day(+3)
fechas2/train/fechas2_008458.es.wav,por favor el siguiente martes | next_day('tuesday')
fechas2/train/fechas2_008459.es.wav,este lunes | next_day('monday')
fechas2/train/fechas2_008460.es.wav,este viernes por favor | next_day('friday')
fechas2/train/fechas2_008461.es.wav,este jueves siguiente | next_day('thursday')
fechas2/train/fechas2_008462.es.wav,por favor en tres días | relative_day(+3)
fechas2/train/fechas2_008463.es.wav,por favor en tres días | relative_day(+3)
fechas2/train/fechas2_008464.es.wav,en tres días | relative_day(+3)
fechas2/train/fechas2_008465.es.wav,este martes próximo | next_day('tuesday')
fechas2/train/fechas2_008466.es.wav,el siguiente viernes | next_day('friday')
fechas2/train/fechas2_008467.es.wav,en tres días por favor | relative_day(+3)
fechas2/train/fechas2_008468.es.wav,el próximo miércoles | next_day('wednesday')
fechas2/train/fechas2_008469.es.wav,este martes próximo por favor | next_day('tuesday')
fechas2/train/fechas2_008470.es.wav,este miércoles que viene | next_day('wednesday')
fechas2/train/fechas2_008471.es.wav,este martes próximo por favor | next_day('tuesday')
fechas2/train/fechas2_008472.es.wav,el siguiente viernes | next_day('friday')
fechas2/train/fechas2_008473.es.wav,este miércoles | next_day('wednesday')
fechas2/train/fechas2_008474.es.wav,este martes | next_day('tuesday')
fechas2/train/fechas2_008475.es.wav,por favor el miércoles próximo | next_day('wednesday')
fechas2/train/fechas2_008476.es.wav,el siguiente miércoles | next_day('wednesday')
fechas2/train/fechas2_008477.es.wav,este lunes | next_day('monday')
fechas2/train/fechas2_008478.es.wav,en un par de días gracias | relative_day(+2)
fechas2/train/fechas2_008479.es.wav,el martes que viene por favor | next_day('tuesday')
fechas2/train/fechas2_008480.es.wav,pasado mañana | relative_day(+2)
fechas2/train/fechas2_008481.es.wav,el martes | next_day('tuesday')
fechas2/train/fechas2_008482.es.wav,el martes | next_day('tuesday')
fechas2/train/fechas2_008483.es.wav,el siguiente miércoles por favor | next_day('wednesday')
fechas2/train/fechas2_008484.es.wav,este martes | next_day('tuesday')
fechas2/train/fechas2_008485.es.wav,pasado mañana | relative_day(+2)
fechas2/train/fechas2_008486.es.wav,este miércoles | next_day('wednesday')
fechas2/train/fechas2_008487.es.wav,en tres días gracias | relative_day(+3)
fechas2/train/fechas2_008488.es.wav,este martes | next_day('tuesday')
fechas2/train/fechas2_008489.es.wav,mañana | relative_day(+1)
fechas2/train/fechas2_008490.es.wav,el siguiente miércoles por favor | next_day('wednesday')
fechas2/train/fechas2_008491.es.wav,este miércoles siguiente | next_day('wednesday')
fechas2/train/fechas2_008492.es.wav,este miércoles | next_day('wednesday')
fechas2/train/fechas2_008493.es.wav,el lunes | next_day('monday')
fechas2/train/fechas2_008494.es.wav,el jueves por favor | next_day('thursday')
fechas2/train/fechas2_008495.es.wav,el jueves próximo | next_day('thursday')
fechas2/train/fechas2_008496.es.wav,el siguiente lunes | next_day('monday')
fechas2/train/fechas2_008497.es.wav,el miércoles siguiente gracias | next_day('wednesday')
fechas2/train/fechas2_008498.es.wav,el lunes por favor | next_day('monday')
fechas2/train/fechas2_008499.es.wav,el miércoles próximo | next_day('wednesday')
fechas2/train/fechas2_008500.es.wav,en tres días | relative_day(+3)
fechas2/train/fechas2_008501.es.wav,el siguiente miércoles | next_day('wednesday')
fechas2/train/fechas2_008502.es.wav,el jueves próximo | next_day('thursday')
fechas2/train/fechas2_008503.es.wav,por favor el jueves que viene | next_day('thursday')
fechas2/train/fechas2_008504.es.wav,en un par de días | relative_day(+2)
fechas2/train/fechas2_008505.es.wav,el siguiente viernes | next_day('friday')
fechas2/train/fechas2_008506.es.wav,el miércoles | next_day('wednesday')
fechas2/train/fechas2_008507.es.wav,el siguiente miércoles | next_day('wednesday')
fechas2/train/fechas2_008508.es.wav,el siguiente martes | next_day('tuesday')
fechas2/train/fechas2_008509.es.wav,este miércoles que viene por favor | next_day('wednesday')
fechas2/train/fechas2_008510.es.wav,el jueves que viene | next_day('thursday')
fechas2/train/fechas2_008511.es.wav,este miércoles | next_day('wednesday')
fechas2/train/fechas2_008512.es.wav,en tres días | relative_day(+3)
fechas2/train/fechas2_008513.es.wav,el siguiente lunes | next_day('monday')
fechas2/train/fechas2_008514.es.wav,el viernes próximo | next_day('friday')
fechas2/train/fechas2_008515.es.wav,este miércoles que viene por favor | next_day('wednesday')
fechas2/train/fechas2_008516.es.wav,el próximo viernes | next_day('friday')
fechas2/train/fechas2_008517.es.wav,por favor este jueves | next_day('thursday')
fechas2/train/fechas2_008518.es.wav,el siguiente jueves gracias | next_day('thursday')
fechas2/train/fechas2_008519.es.wav,el siguiente lunes | next_day('monday')
fechas2/train/fechas2_008520.es.wav,en un par de días | relative_day(+2)
fechas2/train/fechas2_008521.es.wav,por favor en un par de días | relative_day(+2)
fechas2/train/fechas2_008522.es.wav,este lunes gracias | next_day('monday')
fechas2/train/fechas2_008523.es.wav,mañana por favor | relative_day(+1)
fechas2/train/fechas2_008524.es.wav,el próximo miércoles gracias | next_day('wednesday')
fechas2/train/fechas2_008525.es.wav,el próximo martes gracias | next_day('tuesday')
fechas2/train/fechas2_008526.es.wav,por favor el martes que viene | next_day('tuesday')
fechas2/train/fechas2_008527.es.wav,en tres días por favor | relative_day(+3)
fechas2/train/fechas2_008528.es.wav,este miércoles | next_day('wednesday')
fechas2/train/fechas2_008529.es.wav,el próximo miércoles por favor | next_day('wednesday')
fechas2/train/fechas2_008530.es.wav,por favor el viernes que viene | next_day('friday')
fechas2/train/fechas2_008531.es.wav,este miércoles que viene gracias | next_day('wednesday')
fechas2/train/fechas2_008532.es.wav,este viernes | next_day('friday')
fechas2/train/fechas2_008533.es.wav,por favor en tres días | relative_day(+3)
fechas2/train/fechas2_008534.es.wav,el martes | next_day('tuesday')
fechas2/train/fechas2_008535.es.wav,este lunes gracias | next_day('monday')
fechas2/train/fechas2_008536.es.wav,este jueves que viene | next_day('thursday')
fechas2/train/fechas2_008537.es.wav,este lunes próximo | next_day('monday')
fechas2/train/fechas2_008538.es.wav,este lunes | next_day('monday')
fechas2/train/fechas2_008539.es.wav,en tres días por favor | relative_day(+3)
fechas2/train/fechas2_008540.es.wav,el siguiente viernes | next_day('friday')
fechas2/train/fechas2_008541.es.wav,en un par de días | relative_day(+2)
fechas2/train/fechas2_008542.es.wav,el próximo lunes gracias | next_day('monday')
fechas2/train/fechas2_008543.es.wav,mañana gracias | relative_day(+1)
fechas2/train/fechas2_008544.es.wav,este martes próximo | next_day('tuesday')
fechas2/train/fechas2_008545.es.wav,pasado mañana | relative_day(+2)
fechas2/train/fechas2_008546.es.wav,en un par de días por favor | relative_day(+2)
fechas2/train/fechas2_008547.es.wav,el siguiente lunes gracias | next_day('monday')
fechas2/train/fechas2_008548.es.wav,mañana | relative_day(+1)
fechas2/train/fechas2_008549.es.wav,el siguiente martes gracias | next_day('tuesday')
fechas2/train/fechas2_008550.es.wav,en tres días por favor | relative_day(+3)
fechas2/train/fechas2_008551.es.wav,por favor el viernes próximo | next_day('friday')
fechas2/train/fechas2_008552.es.wav,el lunes que viene | next_day('monday')
fechas2/train/fechas2_008553.es.wav,en tres días | relative_day(+3)
fechas2/train/fechas2_008554.es.wav,el lunes | next_day('monday')
fechas2/train/fechas2_008555.es.wav,este lunes siguiente por favor | next_day('monday')
fechas2/train/fechas2_008556.es.wav,este viernes próximo | next_day('friday')
fechas2/train/fechas2_008557.es.wav,este viernes | next_day('friday')
fechas2/train/fechas2_008558.es.wav,por favor el siguiente martes | next_day('tuesday')
fechas2/train/fechas2_008559.es.wav,por favor el siguiente miércoles | next_day('wednesday')
fechas2/train/fechas2_008560.es.wav,el próximo lunes gracias | next_day('monday')
fechas2/train/fechas2_008561.es.wav,en tres días | relative_day(+3)
fechas2/train/fechas2_008562.es.wav,este miércoles siguiente | next_day('wednesday')
fechas2/train/fechas2_008563.es.wav,este lunes | next_day('monday')
fechas2/train/fechas2_008564.es.wav,este jueves gracias | next_day('thursday')
fechas2/train/fechas2_008565.es.wav,este jueves que viene por favor | next_day('thursday')
fechas2/train/fechas2_008566.es.wav,en tres días | relative_day(+3)
fechas2/train/fechas2_008567.es.wav,el martes próximo | next_day('tuesday')
fechas2/train/fechas2_008568.es.wav,este viernes siguiente | next_day('friday')
fechas2/train/fechas2_008569.es.wav,el viernes que viene | next_day('friday')
fechas2/train/fechas2_008570.es.wav,este jueves próximo | next_day('thursday')
fechas2/train/fechas2_008571.es.wav,el miércoles | next_day('wednesday')
fechas2/train/fechas2_008572.es.wav,el próximo miércoles | next_day('wednesday')
fechas2/train/fechas2_008573.es.wav,en un par de días | relative_day(+2)
fechas2/train/fechas2_008574.es.wav,el próximo miércoles por favor | next_day('wednesday')
fechas2/train/fechas2_008575.es.wav,por favor en un par de días | relative_day(+2)
fechas2/train/fechas2_008576.es.wav,mañana gracias | relative_day(+1)
fechas2/train/fechas2_008577.es.wav,en tres días gracias | relative_day(+3)
fechas2/train/fechas2_008578.es.wav,en tres días gracias | relative_day(+3)
fechas2/train/fechas2_008579.es.wav,por favor el siguiente miércoles | next_day('wednesday')
fechas2/train/fechas2_008580.es.wav,por favor el miércoles próximo | next_day('wednesday')
fechas2/train/fechas2_008581.es.wav,el lunes por favor | next_day('monday')
fechas2/train/fechas2_008582.es.wav,el próximo lunes | next_day('monday')
fechas2/train/fechas2_008583.es.wav,el jueves que viene por favor | next_day('thursday')
fechas2/train/fechas2_008584.es.wav,el próximo miércoles | next_day('wednesday')
fechas2/train/fechas2_008585.es.wav,por favor el jueves | next_day('thursday')
fechas2/train/fechas2_008586.es.wav,este miércoles siguiente | next_day('wednesday')
fechas2/train/fechas2_008587.es.wav,este lunes siguiente | next_day('monday')
fechas2/train/fechas2_008588.es.wav,el próximo martes | next_day('tuesday')
fechas2/train/fechas2_008589.es.wav,el jueves por favor | next_day('thursday')
fechas2/train/fechas2_008590.es.wav,pasado mañana | relative_day(+2)
fechas2/train/fechas2_008591.es.wav,este viernes | next_day('friday')
fechas2/train/fechas2_008592.es.wav,el próximo miércoles | next_day('wednesday')
fechas2/train/fechas2_008593.es.wav,el miércoles que viene | next_day('wednesday')
fechas2/train/fechas2_008594.es.wav,pasado mañana | relative_day(+2)
fechas2/train/fechas2_008595.es.wav,el miércoles | next_day('wednesday')
fechas2/train/fechas2_008596.es.wav,en tres días | relative_day(+3)
fechas2/train/fechas2_008597.es.wav,el miércoles próximo | next_day('wednesday')
fechas2/train/fechas2_008598.es.wav,este viernes próximo | next_day('friday')
fechas2/train/fechas2_008599.es.wav,el próximo viernes gracias | next_day('friday')
fechas2/train/fechas2_008600.es.wav,mañana | relative_day(+1)
fechas2/train/fechas2_008601.es.wav,en tres días gracias | relative_day(+3)
fechas2/train/fechas2_008602.es.wav,en tres días | relative_day(+3)
fechas2/train/fechas2_008603.es.wav,el jueves | next_day('thursday')
fechas2/train/fechas2_008604.es.wav,el siguiente martes | next_day('tuesday')
fechas2/train/fechas2_008605.es.wav,el martes que viene gracias | next_day('tuesday')
fechas2/train/fechas2_008606.es.wav,el jueves | next_day('thursday')
fechas2/train/fechas2_008607.es.wav,el próximo lunes por favor | next_day('monday')
fechas2/train/fechas2_008608.es.wav,el siguiente lunes | next_day('monday')
fechas2/train/fechas2_008609.es.wav,este miércoles próximo | next_day('wednesday')
fechas2/train/fechas2_008610.es.wav,el próximo miércoles gracias | next_day('wednesday')
fechas2/train/fechas2_008611.es.wav,el lunes próximo | next_day('monday')
fechas2/train/fechas2_008612.es.wav,este martes por favor | next_day('tuesday')
fechas2/train/fechas2_008613.es.wav,este martes gracias | next_day('tuesday')
fechas2/train/fechas2_008614.es.wav,el siguiente jueves | next_day('thursday')
fechas2/train/fechas2_008615.es.wav,este lunes | next_day('monday')
fechas2/train/fechas2_008616.es.wav,el miércoles siguiente | next_day('wednesday')
fechas2/train/fechas2_008617.es.wav,en tres días | relative_day(+3)
fechas2/train/fechas2_008618.es.wav,en tres días | relative_day(+3)
fechas2/train/fechas2_008619.es.wav,el siguiente viernes por favor | next_day('friday')
fechas2/train/fechas2_008620.es.wav,este jueves siguiente | next_day('thursday')
fechas2/train/fechas2_008621.es.wav,el próximo miércoles | next_day('wednesday')
fechas2/train/fechas2_008622.es.wav,el siguiente viernes | next_day('friday')
fechas2/train/fechas2_008623.es.wav,este lunes gracias | next_day('monday')
fechas2/train/fechas2_008624.es.wav,en un par de días por favor | relative_day(+2)
fechas2/train/fechas2_008625.es.wav,el siguiente lunes gracias | next_day('monday')
fechas2/train/fechas2_008626.es.wav,este lunes que viene gracias | next_day('monday')
fechas2/train/fechas2_008627.es.wav,este jueves | next_day('thursday')
fechas2/train/fechas2_008628.es.wav,pasado mañana | relative_day(+2)
fechas2/train/fechas2_008629.es.wav,el martes próximo gracias | next_day('tuesday')
fechas2/train/fechas2_008630.es.wav,el lunes próximo por favor | next_day('monday')
fechas2/train/fechas2_008631.es.wav,por favor el miércoles siguiente | next_day('wednesday')
fechas2/train/fechas2_008632.es.wav,este jueves que viene gracias | next_day('thursday')
fechas2/train/fechas2_008633.es.wav,en tres días | relative_day(+3)
fechas2/train/fechas2_008634.es.wav,este martes siguiente | next_day('tuesday')
fechas2/train/fechas2_008635.es.wav,pasado mañana | relative_day(+2)
fechas2/train/fechas2_008636.es.wav,el próximo miércoles por favor | next_day('wednesday')
fechas2/train/fechas2_008637.es.wav,por favor mañana | relative_day(+1)
fechas2/train/fechas2_008638.es.wav,por favor este viernes próximo | next_day('friday')
fechas2/train/fechas2_008639.es.wav,el próximo martes por favor | next_day('tuesday')
fechas2/train/fechas2_008640.es.wav,este miércoles | next_day('wednesday')
fechas2/train/fechas2_008641.es.wav,en un par de días | relative_day(+2)
fechas2/train/fechas2_008642.es.wav,este martes | next_day('tuesday')
fechas2/train/fechas2_008643.es.wav,por favor en tres días | relative_day(+3)
fechas2/train/fechas2_008644.es.wav,por favor este viernes que viene | next_day('friday')
fechas2/train/fechas2_008645.es.wav,en tres días por favor | relative_day(+3)
fechas2/train/fechas2_008646.es.wav,mañana gracias | relative_day(+1)
fechas2/train/fechas2_008647.es.wav,por favor en tres días | relative_day(+3)
fechas2/train/fechas2_008648.es.wav,en un par de días | relative_day(+2)
fechas2/train/fechas2_008649.es.wav,por favor el miércoles siguiente | next_day('wednesday')
fechas2/train/fechas2_008650.es.wav,el miércoles | next_day('wednesday')
fechas2/train/fechas2_008651.es.wav,por favor mañana | relative_day(+1)
fechas2/train/fechas2_008652.es.wav,por favor en un par de días | relative_day(+2)
fechas2/train/fechas2_008653.es.wav,este viernes siguiente gracias | next_day('friday')
fechas2/train/fechas2_008654.es.wav,el siguiente jueves gracias | next_day('thursday')
fechas2/train/fechas2_008655.es.wav,en un par de días | relative_day(+2)
fechas2/train/fechas2_008656.es.wav,en un par de días | relative_day(+2)
fechas2/train/fechas2_008657.es.wav,este miércoles | next_day('wednesday')
fechas2/train/fechas2_008658.es.wav,este martes | next_day('tuesday')
fechas2/train/fechas2_008659.es.wav,por favor en un par de días | relative_day(+2)
fechas2/train/fechas2_008660.es.wav,este martes | next_day('tuesday')
fechas2/train/fechas2_008661.es.wav,el viernes que viene | next_day('friday')
fechas2/train/fechas2_008662.es.wav,este jueves | next_day('thursday')
fechas2/train/fechas2_008663.es.wav,el viernes siguiente | next_day('friday')
fechas2/train/fechas2_008664.es.wav,este martes que viene | next_day('tuesday')
fechas2/train/fechas2_008665.es.wav,este martes por favor | next_day('tuesday')
fechas2/train/fechas2_008666.es.wav,en tres días | relative_day(+3)
fechas2/train/fechas2_008667.es.wav,el martes | next_day('tuesday')
fechas2/train/fechas2_008668.es.wav,este viernes | next_day('friday')
fechas2/train/fechas2_008669.es.wav,en tres días | relative_day(+3)
fechas2/train/fechas2_008670.es.wav,por favor este jueves | next_day('thursday')
fechas2/train/fechas2_008671.es.wav,por favor en tres días | relative_day(+3)
fechas2/train/fechas2_008672.es.wav,el miércoles que viene | next_day('wednesday')
fechas2/train/fechas2_008673.es.wav,en un par de días | relative_day(+2)
fechas2/train/fechas2_008674.es.wav,el siguiente viernes | next_day('friday')
fechas2/train/fechas2_008675.es.wav,este viernes | next_day('friday')
fechas2/train/fechas2_008676.es.wav,el martes por favor | next_day('tuesday')
fechas2/train/fechas2_008677.es.wav,el miércoles que viene por favor | next_day('wednesday')
fechas2/train/fechas2_008678.es.wav,este martes | next_day('tuesday')
fechas2/train/fechas2_008679.es.wav,este lunes | next_day('monday')
fechas2/train/fechas2_008680.es.wav,este lunes que viene | next_day('monday')
fechas2/train/fechas2_008681.es.wav,por favor el lunes próximo | next_day('monday')
fechas2/train/fechas2_008682.es.wav,este martes | next_day('tuesday')
fechas2/train/fechas2_008683.es.wav,el próximo martes | next_day('tuesday')
fechas2/train/fechas2_008684.es.wav,el martes | next_day('tuesday')
fechas2/train/fechas2_008685.es.wav,este martes siguiente | next_day('tuesday')
fechas2/train/fechas2_008686.es.wav,este lunes | next_day('monday')
fechas2/train/fechas2_008687.es.wav,este viernes que viene | next_day('friday')
fechas2/train/fechas2_008688.es.wav,este jueves | next_day('thursday')
fechas2/train/fechas2_008689.es.wav,pasado mañana gracias | relative_day(+2)
fechas2/train/fechas2_008690.es.wav,este viernes siguiente por favor | next_day('friday')
fechas2/train/fechas2_008691.es.wav,por favor en un par de días | relative_day(+2)
fechas2/train/fechas2_008692.es.wav,este lunes que viene | next_day('monday')
fechas2/train/fechas2_008693.es.wav,mañana | relative_day(+1)
fechas2/train/fechas2_008694.es.wav,el próximo jueves | next_day('thursday')
fechas2/train/fechas2_008695.es.wav,este viernes gracias | next_day('friday')
fechas2/train/fechas2_008696.es.wav,el siguiente lunes por favor | next_day('monday')
fechas2/train/fechas2_008697.es.wav,este martes siguiente gracias | next_day('tuesday')
fechas2/train/fechas2_008698.es.wav,el miércoles siguiente gracias | next_day('wednesday')
fechas2/train/fechas2_008699.es.wav,este jueves | next_day('thursday')
fechas2/train/fechas2_008700.es.wav,en un par de días | relative_day(+2)
fechas2/train/fechas2_008701.es.wav,este jueves por favor | next_day('thursday')
fechas2/train/fechas2_008702.es.wav,este miércoles siguiente | next_day('wednesday')
fechas2/train/fechas2_008703.es.wav,por favor en un par de días | relative_day(+2)
fechas2/train/fechas2_008704.es.wav,por favor el siguiente lunes | next_day('monday')
fechas2/train/fechas2_008705.es.wav,este martes que viene por favor | next_day('tuesday')
fechas2/train/fechas2_008706.es.wav,en tres días | relative_day(+3)
fechas2/train/fechas2_008707.es.wav,en tres días | relative_day(+3)
fechas2/train/fechas2_008708.es.wav,en un par de días | relative_day(+2)
fechas2/train/fechas2_008709.es.wav,este lunes próximo | next_day('monday')
fechas2/train/fechas2_008710.es.wav,en tres días | relative_day(+3)
fechas2/train/fechas2_008711.es.wav,por favor mañana | relative_day(+1)
fechas2/train/fechas2_008712.es.wav,en tres días gracias | relative_day(+3)
fechas2/train/fechas2_008713.es.wav,el siguiente viernes | next_day('friday')
fechas2/train/fechas2_008714.es.wav,pasado mañana | relative_day(+2)
fechas2/train/fechas2_008715.es.wav,en un par de días | relative_day(+2)
fechas2/train/fechas2_008716.es.wav,el próximo miércoles gracias | next_day('wednesday')
fechas2/train/fechas2_008717.es.wav,el próximo jueves por favor | next_day('thursday')
fechas2/train/fechas2_008718.es.wav,en un par de días | relative_day(+2)
fechas2/train/fechas2_008719.es.wav,por favor este jueves próximo | next_day('thursday')
fechas2/train/fechas2_008720.es.wav,el viernes | next_day('friday')
fechas2/train/fechas2_008721.es.wav,este lunes que viene | next_day('monday')
fechas2/train/fechas2_008722.es.wav,el próximo martes por favor | next_day('tuesday')
fechas2/train/fechas2_008723.es.wav,el siguiente martes gracias | next_day('tuesday')
fechas2/train/fechas2_008724.es.wav,este jueves próximo | next_day('thursday')
fechas2/train/fechas2_008725.es.wav,el siguiente miércoles gracias | next_day('wednesday')
fechas2/train/fechas2_008726.es.wav,este martes que viene | next_day('tuesday')
fechas2/train/fechas2_008727.es.wav,el jueves siguiente | next_day('thursday')
fechas2/train/fechas2_008728.es.wav,el siguiente jueves por favor | next_day('thursday')
fechas2/train/fechas2_008729.es.wav,por favor este lunes siguiente | next_day('monday')
fechas2/train/fechas2_008730.es.wav,el martes | next_day('tuesday')
fechas2/train/fechas2_008731.es.wav,este martes siguiente gracias | next_day('tuesday')
fechas2/train/fechas2_008732.es.wav,el próximo miércoles | next_day('wednesday')
fechas2/train/fechas2_008733.es.wav,por favor este jueves que viene | next_day('thursday')
fechas2/train/fechas2_008734.es.wav,en tres días gracias | relative_day(+3)
fechas2/train/fechas2_008735.es.wav,el siguiente jueves | next_day('thursday')
fechas2/train/fechas2_008736.es.wav,por favor el siguiente jueves | next_day('thursday')
fechas2/train/fechas2_008737.es.wav,el miércoles siguiente gracias | next_day('wednesday')
fechas2/train/fechas2_008738.es.wav,el siguiente viernes | next_day('friday')
fechas2/train/fechas2_008739.es.wav,en tres días | relative_day(+3)
fechas2/train/fechas2_008740.es.wav,este viernes próximo | next_day('friday')
fechas2/train/fechas2_008741.es.wav,en tres días | relative_day(+3)
fechas2/train/fechas2_008742.es.wav,el jueves gracias | next_day('thursday')
fechas2/train/fechas2_008743.es.wav,el próximo jueves gracias | next_day('thursday')
fechas2/train/fechas2_008744.es.wav,el siguiente jueves gracias | next_day('thursday')
fechas2/train/fechas2_008745.es.wav,este lunes siguiente | next_day('monday')
fechas2/train/fechas2_008746.es.wav,el siguiente lunes | next_day('monday')
fechas2/train/fechas2_008747.es.wav,por favor este martes | next_day('tuesday')
fechas2/train/fechas2_008748.es.wav,el miércoles próximo | next_day('wednesday')
fechas2/train/fechas2_008749.es.wav,pasado mañana gracias | relative_day(+2)
fechas2/train/fechas2_008750.es.wav,por favor el próximo jueves | next_day('thursday')
fechas2/train/fechas2_008751.es.wav,el siguiente lunes | next_day('monday')
fechas2/train/fechas2_008752.es.wav,el viernes | next_day('friday')
fechas2/train/fechas2_008753.es.wav,pasado mañana | relative_day(+2)
fechas2/train/fechas2_008754.es.wav,el lunes | next_day('monday')
fechas2/train/fechas2_008755.es.wav,el viernes | next_day('friday')
fechas2/train/fechas2_008756.es.wav,por favor el martes siguiente | next_day('tuesday')
fechas2/train/fechas2_008757.es.wav,el próximo miércoles | next_day('wednesday')
fechas2/train/fechas2_008758.es.wav,el siguiente martes | next_day('tuesday')
fechas2/train/fechas2_008759.es.wav,por favor el viernes | next_day('friday')
fechas2/train/fechas2_008760.es.wav,este miércoles | next_day('wednesday')
fechas2/train/fechas2_008761.es.wav,por favor el viernes | next_day('friday')
fechas2/train/fechas2_008762.es.wav,por favor este miércoles | next_day('wednesday')
fechas2/train/fechas2_008763.es.wav,por favor el jueves | next_day('thursday')
fechas2/train/fechas2_008764.es.wav,este jueves | next_day('thursday')
fechas2/train/fechas2_008765.es.wav,el lunes | next_day('monday')
fechas2/train/fechas2_008766.es.wav,por favor este jueves | next_day('thursday')
fechas2/train/fechas2_008767.es.wav,este martes que viene | next_day('tuesday')
fechas2/train/fechas2_008768.es.wav,el miércoles próximo gracias | next_day('wednesday')
fechas2/train/fechas2_008769.es.wav,el próximo miércoles | next_day('wednesday')
fechas2/train/fechas2_008770.es.wav,el viernes por favor | next_day('friday')
fechas2/train/fechas2_008771.es.wav,el próximo miércoles | next_day('wednesday')
fechas2/train/fechas2_008772.es.wav,el jueves por favor | next_day('thursday')
fechas2/train/fechas2_008773.es.wav,por favor el lunes que viene | next_day('monday')
fechas2/train/fechas2_008774.es.wav,este lunes | next_day('monday')
fechas2/train/fechas2_008775.es.wav,este miércoles siguiente | next_day('wednesday')
fechas2/train/fechas2_008776.es.wav,este lunes que viene | next_day('monday')
fechas2/train/fechas2_008777.es.wav,el miércoles siguiente gracias | next_day('wednesday')
fechas2/train/fechas2_008778.es.wav,el siguiente viernes | next_day('friday')
fechas2/train/fechas2_008779.es.wav,en tres días gracias | relative_day(+3)
fechas2/train/fechas2_008780.es.wav,en tres días gracias | relative_day(+3)
fechas2/train/fechas2_008781.es.wav,en tres días por favor | relative_day(+3)
fechas2/train/fechas2_008782.es.wav,el próximo lunes | next_day('monday')
fechas2/train/fechas2_008783.es.wav,este lunes | next_day('monday')
fechas2/train/fechas2_008784.es.wav,el siguiente jueves | next_day('thursday')
fechas2/train/fechas2_008785.es.wav,pasado mañana | relative_day(+2)
fechas2/train/fechas2_008786.es.wav,en un par de días | relative_day(+2)
fechas2/train/fechas2_008787.es.wav,el próximo martes | next_day('tuesday')
fechas2/train/fechas2_008788.es.wav,el martes por favor | next_day('tuesday')
fechas2/train/fechas2_008789.es.wav,el viernes | next_day('friday')
fechas2/train/fechas2_008790.es.wav,el miércoles próximo por favor | next_day('wednesday')
fechas2/train/fechas2_008791.es.wav,el viernes que viene por favor | next_day('friday')
fechas2/train/fechas2_008792.es.wav,el martes que viene | next_day('tuesday')
fechas2/train/fechas2_008793.es.wav,en un par de días | relative_day(+2)
fechas2/train/fechas2_008794.es.wav,por favor este lunes que viene | next_day('monday')
fechas2/train/fechas2_008795.es.wav,el miércoles que viene | next_day('wednesday')
fechas2/train/fechas2_008796.es.wav,por favor el martes siguiente | next_day('tuesday')
fechas2/train/fechas2_008797.es.wav,en un par de días | relative_day(+2)
fechas2/train/fechas2_008798.es.wav,en un par de días | relative_day(+2)
fechas2/train/fechas2_008799.es.wav,el viernes | next_day('friday')
fechas2/train/fechas2_008800.es.wav,el miércoles por favor | next_day('wednesday')
fechas2/train/fechas2_008801.es.wav,por favor este lunes próximo | next_day('monday')
fechas2/train/fechas2_008802.es.wav,pasado mañana | relative_day(+2)
fechas2/train/fechas2_008803.es.wav,el siguiente lunes | next_day('monday')
fechas2/train/fechas2_008804.es.wav,por favor este martes que viene | next_day('tuesday')
fechas2/train/fechas2_008805.es.wav,el miércoles siguiente por favor | next_day('wednesday')
fechas2/train/fechas2_008806.es.wav,el miércoles que viene | next_day('wednesday')
fechas2/train/fechas2_008807.es.wav,el próximo miércoles gracias | next_day('wednesday')
fechas2/train/fechas2_008808.es.wav,el viernes gracias | next_day('friday')
fechas2/train/fechas2_008809.es.wav,este miércoles siguiente | next_day('wednesday')
fechas2/train/fechas2_008810.es.wav,el miércoles | next_day('wednesday')
fechas2/train/fechas2_008811.es.wav,este viernes | next_day('friday')
fechas2/train/fechas2_008812.es.wav,en un par de días por favor | relative_day(+2)
fechas2/train/fechas2_008813.es.wav,el siguiente viernes | next_day('friday')
fechas2/train/fechas2_008814.es.wav,por favor el lunes | next_day('monday')
fechas2/train/fechas2_008815.es.wav,este jueves | next_day('thursday')
fechas2/train/fechas2_008816.es.wav,por favor este viernes | next_day('friday')
fechas2/train/fechas2_008817.es.wav,por favor en tres días | relative_day(+3)
fechas2/train/fechas2_008818.es.wav,por favor el siguiente miércoles | next_day('wednesday')
fechas2/train/fechas2_008819.es.wav,el próximo martes | next_day('tuesday')
fechas2/train/fechas2_008820.es.wav,este viernes | next_day('friday')
fechas2/train/fechas2_008821.es.wav,este jueves próximo por favor | next_day('thursday')
fechas2/train/fechas2_008822.es.wav,este viernes que viene | next_day('friday')
fechas2/train/fechas2_008823.es.wav,este miércoles siguiente gracias | next_day('wednesday')
fechas2/train/fechas2_008824.es.wav,en tres días por favor | relative_day(+3)
fechas2/train/fechas2_008825.es.wav,el siguiente martes gracias | next_day('tuesday')
fechas2/train/fechas2_008826.es.wav,por favor el próximo jueves | next_day('thursday')
fechas2/train/fechas2_008827.es.wav,este lunes | next_day('monday')
fechas2/train/fechas2_008828.es.wav,el martes próximo | next_day('tuesday')
fechas2/train/fechas2_008829.es.wav,el siguiente martes gracias | next_day('tuesday')
fechas2/train/fechas2_008830.es.wav,en un par de días | relative_day(+2)
fechas2/train/fechas2_008831.es.wav,el siguiente martes gracias | next_day('tuesday')
fechas2/train/fechas2_008832.es.wav,este miércoles que viene | next_day('wednesday')
fechas2/train/fechas2_008833.es.wav,mañana por favor | relative_day(+1)
fechas2/train/fechas2_008834.es.wav,por favor el próximo jueves | next_day('thursday')
fechas2/train/fechas2_008835.es.wav,el próximo martes | next_day('tuesday')
fechas2/train/fechas2_008836.es.wav,en un par de días por favor | relative_day(+2)
fechas2/train/fechas2_008837.es.wav,en tres días | relative_day(+3)
fechas2/train/fechas2_008838.es.wav,en un par de días | relative_day(+2)
fechas2/train/fechas2_008839.es.wav,el viernes próximo | next_day('friday')
fechas2/train/fechas2_008840.es.wav,por favor mañana | relative_day(+1)
fechas2/train/fechas2_008841.es.wav,el martes por favor | next_day('tuesday')
fechas2/train/fechas2_008842.es.wav,el siguiente lunes | next_day('monday')
fechas2/train/fechas2_008843.es.wav,por favor mañana | relative_day(+1)
fechas2/train/fechas2_008844.es.wav,por favor este lunes | next_day('monday')
fechas2/train/fechas2_008845.es.wav,este jueves que viene | next_day('thursday')
fechas2/train/fechas2_008846.es.wav,el siguiente viernes | next_day('friday')
fechas2/train/fechas2_008847.es.wav,el lunes que viene | next_day('monday')
fechas2/train/fechas2_008848.es.wav,el siguiente viernes | next_day('friday')
fechas2/train/fechas2_008849.es.wav,por favor este jueves | next_day('thursday')
fechas2/train/fechas2_008850.es.wav,por favor este miércoles próximo | next_day('wednesday')
fechas2/train/fechas2_008851.es.wav,en un par de días por favor | relative_day(+2)
fechas2/train/fechas2_008852.es.wav,pasado mañana por favor | relative_day(+2)
fechas2/train/fechas2_008853.es.wav,el martes siguiente | next_day('tuesday')
fechas2/train/fechas2_008854.es.wav,el viernes | next_day('friday')
fechas2/train/fechas2_008855.es.wav,el siguiente jueves | next_day('thursday')
fechas2/train/fechas2_008856.es.wav,el próximo martes gracias | next_day('tuesday')
fechas2/train/fechas2_008857.es.wav,el miércoles | next_day('wednesday')
fechas2/train/fechas2_008858.es.wav,pasado mañana | relative_day(+2)
fechas2/train/fechas2_008859.es.wav,este jueves que viene | next_day('thursday')
fechas2/train/fechas2_008860.es.wav,este martes por favor | next_day('tuesday')
fechas2/train/fechas2_008861.es.wav,el jueves siguiente por favor | next_day('thursday')
fechas2/train/fechas2_008862.es.wav,este lunes próximo por favor | next_day('monday')
fechas2/train/fechas2_008863.es.wav,en tres días | relative_day(+3)
fechas2/train/fechas2_008864.es.wav,este jueves que viene gracias | next_day('thursday')
fechas2/train/fechas2_008865.es.wav,el siguiente jueves | next_day('thursday')
fechas2/train/fechas2_008866.es.wav,el próximo lunes | next_day('monday')
fechas2/train/fechas2_008867.es.wav,el próximo lunes | next_day('monday')
fechas2/train/fechas2_008868.es.wav,el jueves que viene | next_day('thursday')
fechas2/train/fechas2_008869.es.wav,el lunes siguiente | next_day('monday')
fechas2/train/fechas2_008870.es.wav,en tres días | relative_day(+3)
fechas2/train/fechas2_008871.es.wav,el lunes | next_day('monday')
fechas2/train/fechas2_008872.es.wav,el viernes que viene | next_day('friday')
fechas2/train/fechas2_008873.es.wav,este martes siguiente por favor | next_day('tuesday')
fechas2/train/fechas2_008874.es.wav,en tres días gracias | relative_day(+3)
fechas2/train/fechas2_008875.es.wav,el siguiente lunes | next_day('monday')
fechas2/train/fechas2_008876.es.wav,este martes | next_day('tuesday')
fechas2/train/fechas2_008877.es.wav,en un par de días | relative_day(+2)
fechas2/train/fechas2_008878.es.wav,este martes | next_day('tuesday')
fechas2/train/fechas2_008879.es.wav,por favor en tres días | relative_day(+3)
fechas2/train/fechas2_008880.es.wav,este miércoles por favor | next_day('wednesday')
fechas2/train/fechas2_008881.es.wav,el siguiente viernes | next_day('friday')
fechas2/train/fechas2_008882.es.wav,el próximo jueves | next_day('thursday')
fechas2/train/fechas2_008883.es.wav,este miércoles que viene | next_day('wednesday')
fechas2/train/fechas2_008884.es.wav,pasado mañana gracias | relative_day(+2)
fechas2/train/fechas2_008885.es.wav,el próximo martes gracias | next_day('tuesday')
fechas2/train/fechas2_008886.es.wav,el martes que viene | next_day('tuesday')
fechas2/train/fechas2_008887.es.wav,este martes por favor | next_day('tuesday')
fechas2/train/fechas2_008888.es.wav,en un par de días por favor | relative_day(+2)
fechas2/train/fechas2_008889.es.wav,por favor mañana | relative_day(+1)
fechas2/train/fechas2_008890.es.wav,en tres días | relative_day(+3)
fechas2/train/fechas2_008891.es.wav,por favor este viernes que viene | next_day('friday')
fechas2/train/fechas2_008892.es.wav,en un par de días | relative_day(+2)
fechas2/train/fechas2_008893.es.wav,este miércoles próximo | next_day('wednesday')
fechas2/train/fechas2_008894.es.wav,este martes que viene gracias | next_day('tuesday')
fechas2/train/fechas2_008895.es.wav,este martes | next_day('tuesday')
fechas2/train/fechas2_008896.es.wav,por favor mañana | relative_day(+1)
fechas2/train/fechas2_008897.es.wav,este miércoles próximo | next_day('wednesday')
fechas2/train/fechas2_008898.es.wav,el miércoles | next_day('wednesday')
fechas2/train/fechas2_008899.es.wav,el siguiente viernes | next_day('friday')
fechas2/train/fechas2_008900.es.wav,el próximo miércoles | next_day('wednesday')
fechas2/train/fechas2_008901.es.wav,por favor este martes | next_day('tuesday')
fechas2/train/fechas2_008902.es.wav,este jueves siguiente | next_day('thursday')
fechas2/train/fechas2_008903.es.wav,por favor el siguiente martes | next_day('tuesday')
fechas2/train/fechas2_008904.es.wav,el martes | next_day('tuesday')
fechas2/train/fechas2_008905.es.wav,mañana | relative_day(+1)
fechas2/train/fechas2_008906.es.wav,este jueves siguiente | next_day('thursday')
fechas2/train/fechas2_008907.es.wav,el martes próximo gracias | next_day('tuesday')
fechas2/train/fechas2_008908.es.wav,este jueves gracias | next_day('thursday')
fechas2/train/fechas2_008909.es.wav,por favor en tres días | relative_day(+3)
fechas2/train/fechas2_008910.es.wav,pasado mañana gracias | relative_day(+2)
fechas2/train/fechas2_008911.es.wav,en un par de días | relative_day(+2)
fechas2/train/fechas2_008912.es.wav,este jueves | next_day('thursday')
fechas2/train/fechas2_008913.es.wav,el siguiente viernes | next_day('friday')
fechas2/train/fechas2_008914.es.wav,en un par de días por favor | relative_day(+2)
fechas2/train/fechas2_008915.es.wav,este lunes | next_day('monday')
fechas2/train/fechas2_008916.es.wav,este jueves | next_day('thursday')
fechas2/train/fechas2_008917.es.wav,el lunes por favor | next_day('monday')
fechas2/train/fechas2_008918.es.wav,el próximo martes | next_day('tuesday')
fechas2/train/fechas2_008919.es.wav,en tres días | relative_day(+3)
fechas2/train/fechas2_008920.es.wav,este viernes | next_day('friday')
fechas2/train/fechas2_008921.es.wav,el lunes | next_day('monday')
fechas2/train/fechas2_008922.es.wav,el próximo viernes | next_day('friday')
fechas2/train/fechas2_008923.es.wav,en un par de días gracias | relative_day(+2)
fechas2/train/fechas2_008924.es.wav,el próximo jueves | next_day('thursday')
fechas2/train/fechas2_008925.es.wav,el próximo viernes | next_day('friday')
fechas2/train/fechas2_008926.es.wav,por favor el siguiente jueves | next_day('thursday')
fechas2/train/fechas2_008927.es.wav,este jueves que viene | next_day('thursday')
fechas2/train/fechas2_008928.es.wav,por favor el lunes siguiente | next_day('monday')
fechas2/train/fechas2_008929.es.wav,el próximo lunes | next_day('monday')
fechas2/train/fechas2_008930.es.wav,el martes por favor | next_day('tuesday')
fechas2/train/fechas2_008931.es.wav,en un par de días gracias | relative_day(+2)
fechas2/train/fechas2_008932.es.wav,pasado mañana | relative_day(+2)
fechas2/train/fechas2_008933.es.wav,el martes próximo por favor | next_day('tuesday')
fechas2/train/fechas2_008934.es.wav,en un par de días gracias | relative_day(+2)
fechas2/train/fechas2_008935.es.wav,por favor el miércoles que viene | next_day('wednesday')
fechas2/train/fechas2_008936.es.wav,por favor este jueves | next_day('thursday')
fechas2/train/fechas2_008937.es.wav,el viernes próximo | next_day('friday')
fechas2/train/fechas2_008938.es.wav,en tres días | relative_day(+3)
fechas2/train/fechas2_008939.es.wav,el viernes que viene | next_day('friday')
fechas2/train/fechas2_008940.es.wav,el jueves siguiente | next_day('thursday')
fechas2/train/fechas2_008941.es.wav,este viernes próximo | next_day('friday')
fechas2/train/fechas2_008942.es.wav,este lunes siguiente | next_day('monday')
fechas2/train/fechas2_008943.es.wav,este jueves | next_day('thursday')
fechas2/train/fechas2_008944.es.wav,en un par de días | relative_day(+2)
fechas2/train/fechas2_008945.es.wav,el jueves siguiente | next_day('thursday')
fechas2/train/fechas2_008946.es.wav,el miércoles siguiente por favor | next_day('wednesday')
fechas2/train/fechas2_008947.es.wav,mañana | relative_day(+1)
fechas2/train/fechas2_008948.es.wav,por favor mañana | relative_day(+1)
fechas2/train/fechas2_008949.es.wav,por favor el próximo martes | next_day('tuesday')
fechas2/train/fechas2_008950.es.wav,el viernes | next_day('friday')
fechas2/train/fechas2_008951.es.wav,por favor el próximo viernes | next_day('friday')
fechas2/train/fechas2_008952.es.wav,el martes siguiente por favor | next_day('tuesday')
fechas2/train/fechas2_008953.es.wav,el siguiente miércoles | next_day('wednesday')
fechas2/train/fechas2_008954.es.wav,este viernes por favor | next_day('friday')
fechas2/train/fechas2_008955.es.wav,mañana | relative_day(+1)
fechas2/train/fechas2_008956.es.wav,el miércoles gracias | next_day('wednesday')
fechas2/train/fechas2_008957.es.wav,este viernes | next_day('friday')
fechas2/train/fechas2_008958.es.wav,el miércoles | next_day('wednesday')
fechas2/train/fechas2_008959.es.wav,mañana | relative_day(+1)
fechas2/train/fechas2_008960.es.wav,el próximo lunes | next_day('monday')
fechas2/train/fechas2_008961.es.wav,el miércoles | next_day('wednesday')
fechas2/train/fechas2_008962.es.wav,el viernes gracias | next_day('friday')
fechas2/train/fechas2_008963.es.wav,este jueves | next_day('thursday')
fechas2/train/fechas2_008964.es.wav,el siguiente jueves gracias | next_day('thursday')
fechas2/train/fechas2_008965.es.wav,el lunes siguiente | next_day('monday')
fechas2/train/fechas2_008966.es.wav,este lunes | next_day('monday')
fechas2/train/fechas2_008967.es.wav,en tres días gracias | relative_day(+3)
fechas2/train/fechas2_008968.es.wav,el próximo jueves por favor | next_day('thursday')
fechas2/train/fechas2_008969.es.wav,en tres días | relative_day(+3)
fechas2/train/fechas2_008970.es.wav,el jueves | next_day('thursday')
fechas2/train/fechas2_008971.es.wav,este jueves | next_day('thursday')
fechas2/train/fechas2_008972.es.wav,el próximo jueves | next_day('thursday')
fechas2/train/fechas2_008973.es.wav,el martes que viene | next_day('tuesday')
fechas2/train/fechas2_008974.es.wav,este miércoles siguiente | next_day('wednesday')
fechas2/train/fechas2_008975.es.wav,en tres días | relative_day(+3)
fechas2/train/fechas2_008976.es.wav,por favor el siguiente jueves | next_day('thursday')
fechas2/train/fechas2_008977.es.wav,por favor en un par de días | relative_day(+2)
fechas2/train/fechas2_008978.es.wav,pasado mañana | relative_day(+2)
fechas2/train/fechas2_008979.es.wav,el próximo viernes | next_day('friday')
fechas2/train/fechas2_008980.es.wav,el jueves próximo | next_day('thursday')
fechas2/train/fechas2_008981.es.wav,el jueves | next_day('thursday')
fechas2/train/fechas2_008982.es.wav,este viernes | next_day('friday')
fechas2/train/fechas2_008983.es.wav,en un par de días | relative_day(+2)
fechas2/train/fechas2_008984.es.wav,el próximo lunes | next_day('monday')
fechas2/train/fechas2_008985.es.wav,el miércoles | next_day('wednesday')
fechas2/train/fechas2_008986.es.wav,el siguiente miércoles por favor | next_day('wednesday')
fechas2/train/fechas2_008987.es.wav,en un par de días | relative_day(+2)
fechas2/train/fechas2_008988.es.wav,pasado mañana | relative_day(+2)
fechas2/train/fechas2_008989.es.wav,el siguiente viernes | next_day('friday')
fechas2/train/fechas2_008990.es.wav,por favor el lunes | next_day('monday')
fechas2/train/fechas2_008991.es.wav,el martes próximo | next_day('tuesday')
fechas2/train/fechas2_008992.es.wav,en un par de días | relative_day(+2)
fechas2/train/fechas2_008993.es.wav,por favor este martes siguiente | next_day('tuesday')
fechas2/train/fechas2_008994.es.wav,el próximo viernes | next_day('friday')
fechas2/train/fechas2_008995.es.wav,el lunes que viene por favor | next_day('monday')
fechas2/train/fechas2_008996.es.wav,mañana | relative_day(+1)
fechas2/train/fechas2_008997.es.wav,en tres días | relative_day(+3)
fechas2/train/fechas2_008998.es.wav,mañana | relative_day(+1)
fechas2/train/fechas2_008999.es.wav,por favor este miércoles | next_day('wednesday')
fechas2/train/fechas2_009000.es.wav,el lunes siguiente gracias | next_day('monday')
fechas2/train/fechas2_009001.es.wav,este jueves gracias | next_day('thursday')
fechas2/train/fechas2_009002.es.wav,el viernes siguiente | next_day('friday')
fechas2/train/fechas2_009003.es.wav,el siguiente martes | next_day('tuesday')
fechas2/train/fechas2_009004.es.wav,el siguiente miércoles | next_day('wednesday')
fechas2/train/fechas2_009005.es.wav,en un par de días por favor | relative_day(+2)
fechas2/train/fechas2_009006.es.wav,este viernes próximo | next_day('friday')
fechas2/train/fechas2_009007.es.wav,por favor este martes | next_day('tuesday')
fechas2/train/fechas2_009008.es.wav,por favor el miércoles próximo | next_day('wednesday')
fechas2/train/fechas2_009009.es.wav,este jueves | next_day('thursday')
fechas2/train/fechas2_009010.es.wav,en tres días por favor | relative_day(+3)
fechas2/train/fechas2_009011.es.wav,el jueves | next_day('thursday')
fechas2/train/fechas2_009012.es.wav,el siguiente jueves | next_day('thursday')
fechas2/train/fechas2_009013.es.wav,mañana | relative_day(+1)
fechas2/train/fechas2_009014.es.wav,este miércoles | next_day('wednesday')
fechas2/train/fechas2_009015.es.wav,en tres días | relative_day(+3)
fechas2/train/fechas2_009016.es.wav,en un par de días gracias | relative_day(+2)
fechas2/train/fechas2_009017.es.wav,en un par de días | relative_day(+2)
fechas2/train/fechas2_009018.es.wav,en un par de días | relative_day(+2)
fechas2/train/fechas2_009019.es.wav,pasado mañana gracias | relative_day(+2)
fechas2/train/fechas2_009020.es.wav,el jueves siguiente por favor | next_day('thursday')
fechas2/train/fechas2_009021.es.wav,el próximo miércoles | next_day('wednesday')
fechas2/train/fechas2_009022.es.wav,el próximo viernes | next_day('friday')
fechas2/train/fechas2_009023.es.wav,por favor el viernes que viene | next_day('friday')
fechas2/train/fechas2_009024.es.wav,el próximo viernes | next_day('friday')
fechas2/train/fechas2_009025.es.wav,el próximo miércoles por favor | next_day('wednesday')
fechas2/train/fechas2_009026.es.wav,el jueves que viene | next_day('thursday')
fechas2/train/fechas2_009027.es.wav,por favor en un par de días | relative_day(+2)
fechas2/train/fechas2_009028.es.wav,el próximo miércoles | next_day('wednesday')
fechas2/train/fechas2_009029.es.wav,el siguiente jueves | next_day('thursday')
fechas2/train/fechas2_009030.es.wav,el viernes | next_day('friday')
fechas2/train/fechas2_009031.es.wav,el viernes próximo | next_day('friday')
fechas2/train/fechas2_009032.es.wav,por favor el jueves siguiente | next_day('thursday')
fechas2/train/fechas2_009033.es.wav,en tres días | relative_day(+3)
fechas2/train/fechas2_009034.es.wav,el próximo lunes | next_day('monday')
fechas2/train/fechas2_009035.es.wav,el siguiente martes | next_day('tuesday')
fechas2/train/fechas2_009036.es.wav,el martes | next_day('tuesday')
fechas2/train/fechas2_009037.es.wav,por favor el miércoles próximo | next_day('wednesday')
fechas2/train/fechas2_009038.es.wav,este martes próximo | next_day('tuesday')
fechas2/train/fechas2_009039.es.wav,en tres días gracias | relative_day(+3)
fechas2/train/fechas2_009040.es.wav,el siguiente martes por favor | next_day('tuesday')
fechas2/train/fechas2_009041.es.wav,pasado mañana por favor | relative_day(+2)
fechas2/train/fechas2_009042.es.wav,este lunes | next_day('monday')
fechas2/train/fechas2_009043.es.wav,en un par de días gracias | relative_day(+2)
fechas2/train/fechas2_009044.es.wav,por favor mañana | relative_day(+1)
fechas2/train/fechas2_009045.es.wav,por favor el próximo lunes | next_day('monday')
fechas2/train/fechas2_009046.es.wav,el próximo martes | next_day('tuesday')
fechas2/train/fechas2_009047.es.wav,en tres días | relative_day(+3)
fechas2/train/fechas2_009048.es.wav,el lunes | next_day('monday')
fechas2/train/fechas2_009049.es.wav,el siguiente martes gracias | next_day('tuesday')
fechas2/train/fechas2_009050.es.wav,el próximo jueves | next_day('thursday')
fechas2/train/fechas2_009051.es.wav,en tres días | relative_day(+3)
fechas2/train/fechas2_009052.es.wav,por favor el miércoles que viene | next_day('wednesday')
fechas2/train/fechas2_009053.es.wav,el jueves | next_day('thursday')
fechas2/train/fechas2_009054.es.wav,este martes | next_day('tuesday')
fechas2/train/fechas2_009055.es.wav,el próximo miércoles gracias | next_day('wednesday')
fechas2/train/fechas2_009056.es.wav,el próximo jueves | next_day('thursday')
fechas2/train/fechas2_009057.es.wav,este lunes | next_day('monday')
fechas2/train/fechas2_009058.es.wav,este lunes que viene | next_day('monday')
fechas2/train/fechas2_009059.es.wav,el siguiente miércoles gracias | next_day('wednesday')
fechas2/train/fechas2_009060.es.wav,el siguiente jueves | next_day('thursday')
fechas2/train/fechas2_009061.es.wav,este jueves que viene gracias | next_day('thursday')
fechas2/train/fechas2_009062.es.wav,el jueves | next_day('thursday')
fechas2/train/fechas2_009063.es.wav,el siguiente martes por favor | next_day('tuesday')
fechas2/train/fechas2_009064.es.wav,el jueves siguiente | next_day('thursday')
fechas2/train/fechas2_009065.es.wav,el miércoles por favor | next_day('wednesday')
fechas2/train/fechas2_009066.es.wav,este jueves próximo | next_day('thursday')
fechas2/train/fechas2_009067.es.wav,el siguiente viernes | next_day('friday')
fechas2/train/fechas2_009068.es.wav,el próximo martes por favor | next_day('tuesday')
fechas2/train/fechas2_009069.es.wav,este viernes siguiente | next_day('friday')
fechas2/train/fechas2_009070.es.wav,en tres días | relative_day(+3)
fechas2/train/fechas2_009071.es.wav,el jueves que viene por favor | next_day('thursday')
fechas2/train/fechas2_009072.es.wav,el viernes próximo | next_day('friday')
fechas2/train/fechas2_009073.es.wav,el viernes que viene | next_day('friday')
fechas2/train/fechas2_009074.es.wav,por favor el lunes siguiente | next_day('monday')
fechas2/train/fechas2_009075.es.wav,por favor este miércoles que viene | next_day('wednesday')
fechas2/train/fechas2_009076.es.wav,por favor este viernes que viene | next_day('friday')
fechas2/train/fechas2_009077.es.wav,en tres días por favor | relative_day(+3)
fechas2/train/fechas2_009078.es.wav,el jueves próximo gracias | next_day('thursday')
fechas2/train/fechas2_009079.es.wav,el viernes próximo | next_day('friday')
fechas2/train/fechas2_009080.es.wav,en un par de días | relative_day(+2)
fechas2/train/fechas2_009081.es.wav,en tres días gracias | relative_day(+3)
fechas2/train/fechas2_009082.es.wav,el viernes siguiente | next_day('friday')
fechas2/train/fechas2_009083.es.wav,el martes | next_day('tuesday')
fechas2/train/fechas2_009084.es.wav,este viernes | next_day('friday')
fechas2/train/fechas2_009085.es.wav,mañana por favor | relative_day(+1)
fechas2/train/fechas2_009086.es.wav,este jueves que viene | next_day('thursday')
fechas2/train/fechas2_009087.es.wav,el próximo martes | next_day('tuesday')
fechas2/train/fechas2_009088.es.wav,el lunes próximo por favor | next_day('monday')
fechas2/train/fechas2_009089.es.wav,el próximo miércoles | next_day('wednesday')
fechas2/train/fechas2_009090.es.wav,el siguiente jueves | next_day('thursday')
fechas2/train/fechas2_009091.es.wav,en tres días | relative_day(+3)
fechas2/train/fechas2_009092.es.wav,el miércoles | next_day('wednesday')
fechas2/train/fechas2_009093.es.wav,el próximo jueves | next_day('thursday')
fechas2/train/fechas2_009094.es.wav,mañana | relative_day(+1)
fechas2/train/fechas2_009095.es.wav,el siguiente lunes | next_day('monday')
fechas2/train/fechas2_009096.es.wav,el siguiente miércoles gracias | next_day('wednesday')
fechas2/train/fechas2_009097.es.wav,este lunes que viene | next_day('monday')
fechas2/train/fechas2_009098.es.wav,el martes | next_day('tuesday')
fechas2/train/fechas2_009099.es.wav,este miércoles gracias | next_day('wednesday')
fechas2/train/fechas2_009100.es.wav,el lunes | next_day('monday')
fechas2/train/fechas2_009101.es.wav,el miércoles siguiente | next_day('wednesday')
fechas2/train/fechas2_009102.es.wav,este miércoles próximo | next_day('wednesday')
fechas2/train/fechas2_009103.es.wav,mañana | relative_day(+1)
fechas2/train/fechas2_009104.es.wav,por favor el próximo miércoles | next_day('wednesday')
fechas2/train/fechas2_009105.es.wav,el siguiente miércoles por favor | next_day('wednesday')
fechas2/train/fechas2_009106.es.wav,el próximo viernes por favor | next_day('friday')
fechas2/train/fechas2_009107.es.wav,en tres días | relative_day(+3)
fechas2/train/fechas2_009108.es.wav,este lunes por favor | next_day('monday')
fechas2/train/fechas2_009109.es.wav,por favor este lunes | next_day('monday')
fechas2/train/fechas2_009110.es.wav,el lunes próximo | next_day('monday')
fechas2/train/fechas2_009111.es.wav,por favor este lunes | next_day('monday')
fechas2/train/fechas2_009112.es.wav,por favor el jueves | next_day('thursday')
fechas2/train/fechas2_009113.es.wav,por favor el siguiente miércoles | next_day('wednesday')
fechas2/train/fechas2_009114.es.wav,el próximo viernes | next_day('friday')
fechas2/train/fechas2_009115.es.wav,el miércoles | next_day('wednesday')
fechas2/train/fechas2_009116.es.wav,en tres días | relative_day(+3)
fechas2/train/fechas2_009117.es.wav,por favor el siguiente jueves | next_day('thursday')
fechas2/train/fechas2_009118.es.wav,este viernes siguiente | next_day('friday')
fechas2/train/fechas2_009119.es.wav,el miércoles | next_day('wednesday')
fechas2/train/fechas2_009120.es.wav,el miércoles | next_day('wednesday')
fechas2/train/fechas2_009121.es.wav,el miércoles | next_day('wednesday')
fechas2/train/fechas2_009122.es.wav,este lunes por favor | next_day('monday')
fechas2/train/fechas2_009123.es.wav,el próximo jueves por favor | next_day('thursday')
fechas2/train/fechas2_009124.es.wav,este viernes gracias | next_day('friday')
fechas2/train/fechas2_009125.es.wav,pasado mañana | relative_day(+2)
fechas2/train/fechas2_009126.es.wav,este miércoles | next_day('wednesday')
fechas2/train/fechas2_009127.es.wav,en un par de días | relative_day(+2)
fechas2/train/fechas2_009128.es.wav,este martes | next_day('tuesday')
fechas2/train/fechas2_009129.es.wav,en un par de días gracias | relative_day(+2)
fechas2/train/fechas2_009130.es.wav,este miércoles siguiente | next_day('wednesday')
fechas2/train/fechas2_009131.es.wav,este miércoles por favor | next_day('wednesday')
fechas2/train/fechas2_009132.es.wav,este viernes por favor | next_day('friday')
fechas2/train/fechas2_009133.es.wav,el miércoles siguiente por favor | next_day('wednesday')
fechas2/train/fechas2_009134.es.wav,este miércoles | next_day('wednesday')
fechas2/train/fechas2_009135.es.wav,el próximo lunes gracias | next_day('monday')
fechas2/train/fechas2_009136.es.wav,este martes próximo | next_day('tuesday')
fechas2/train/fechas2_009137.es.wav,el viernes siguiente gracias | next_day('friday')
fechas2/train/fechas2_009138.es.wav,el miércoles que viene | next_day('wednesday')
fechas2/train/fechas2_009139.es.wav,este viernes próximo | next_day('friday')
fechas2/train/fechas2_009140.es.wav,este miércoles siguiente | next_day('wednesday')
fechas2/train/fechas2_009141.es.wav,este viernes | next_day('friday')
fechas2/train/fechas2_009142.es.wav,en un par de días gracias | relative_day(+2)
fechas2/train/fechas2_009143.es.wav,el próximo viernes por favor | next_day('friday')
fechas2/train/fechas2_009144.es.wav,por favor el siguiente miércoles | next_day('wednesday')
fechas2/train/fechas2_009145.es.wav,este lunes | next_day('monday')
fechas2/train/fechas2_009146.es.wav,este martes siguiente | next_day('tuesday')
fechas2/train/fechas2_009147.es.wav,mañana | relative_day(+1)
fechas2/train/fechas2_009148.es.wav,por favor el siguiente jueves | next_day('thursday')
fechas2/train/fechas2_009149.es.wav,el siguiente jueves gracias | next_day('thursday')
fechas2/train/fechas2_009150.es.wav,el próximo jueves gracias | next_day('thursday')
fechas2/train/fechas2_009151.es.wav,el lunes siguiente gracias | next_day('monday')
fechas2/train/fechas2_009152.es.wav,el lunes | next_day('monday')
fechas2/train/fechas2_009153.es.wav,por favor este lunes | next_day('monday')
fechas2/train/fechas2_009154.es.wav,por favor este miércoles próximo | next_day('wednesday')
fechas2/train/fechas2_009155.es.wav,este viernes próximo | next_day('friday')
fechas2/train/fechas2_009156.es.wav,el próximo martes | next_day('tuesday')
fechas2/train/fechas2_009157.es.wav,este miércoles próximo | next_day('wednesday')
fechas2/train/fechas2_009158.es.wav,mañana gracias | relative_day(+1)
fechas2/train/fechas2_009159.es.wav,este miércoles | next_day('wednesday')
fechas2/train/fechas2_009160.es.wav,por favor en un par de días | relative_day(+2)
fechas2/train/fechas2_009161.es.wav,pasado mañana gracias | relative_day(+2)
fechas2/train/fechas2_009162.es.wav,por favor el próximo martes | next_day('tuesday')
fechas2/train/fechas2_009163.es.wav,el martes próximo | next_day('tuesday')
fechas2/train/fechas2_009164.es.wav,este miércoles que viene | next_day('wednesday')
fechas2/train/fechas2_009165.es.wav,mañana | relative_day(+1)
fechas2/train/fechas2_009166.es.wav,por favor mañana | relative_day(+1)
fechas2/train/fechas2_009167.es.wav,este lunes que viene | next_day('monday')
fechas2/train/fechas2_009168.es.wav,en un par de días gracias | relative_day(+2)
fechas2/train/fechas2_009169.es.wav,el lunes | next_day('monday')
fechas2/train/fechas2_009170.es.wav,mañana | relative_day(+1)
fechas2/train/fechas2_009171.es.wav,mañana | relative_day(+1)
fechas2/train/fechas2_009172.es.wav,este viernes | next_day('friday')
fechas2/train/fechas2_009173.es.wav,por favor pasado mañana | relative_day(+2)
fechas2/train/fechas2_009174.es.wav,el lunes | next_day('monday')
fechas2/train/fechas2_009175.es.wav,este miércoles que viene por favor | next_day('wednesday')
fechas2/train/fechas2_009176.es.wav,pasado mañana | relative_day(+2)
fechas2/train/fechas2_009177.es.wav,el jueves por favor | next_day('thursday')
fechas2/train/fechas2_009178.es.wav,este lunes siguiente | next_day('monday')
fechas2/train/fechas2_009179.es.wav,pasado mañana | relative_day(+2)
fechas2/train/fechas2_009180.es.wav,el próximo viernes | next_day('friday')
fechas2/train/fechas2_009181.es.wav,pasado mañana | relative_day(+2)
fechas2/train/fechas2_009182.es.wav,por favor el miércoles próximo | next_day('wednesday')
fechas2/train/fechas2_009183.es.wav,pasado mañana | relative_day(+2)
fechas2/train/fechas2_009184.es.wav,mañana | relative_day(+1)
fechas2/train/fechas2_009185.es.wav,este lunes | next_day('monday')
fechas2/train/fechas2_009186.es.wav,por favor el siguiente lunes | next_day('monday')
fechas2/train/fechas2_009187.es.wav,el martes que viene | next_day('tuesday')
fechas2/train/fechas2_009188.es.wav,el siguiente martes gracias | next_day('tuesday')
fechas2/train/fechas2_009189.es.wav,el siguiente lunes | next_day('monday')
fechas2/train/fechas2_009190.es.wav,pasado mañana | relative_day(+2)
fechas2/train/fechas2_009191.es.wav,este viernes que viene | next_day('friday')
fechas2/train/fechas2_009192.es.wav,el próximo lunes | next_day('monday')
fechas2/train/fechas2_009193.es.wav,este jueves próximo | next_day('thursday')
fechas2/train/fechas2_009194.es.wav,mañana | relative_day(+1)
fechas2/train/fechas2_009195.es.wav,el próximo miércoles | next_day('wednesday')
fechas2/train/fechas2_009196.es.wav,este jueves por favor | next_day('thursday')
fechas2/train/fechas2_009197.es.wav,el próximo viernes | next_day('friday')
fechas2/train/fechas2_009198.es.wav,el siguiente miércoles | next_day('wednesday')
fechas2/train/fechas2_009199.es.wav,en tres días | relative_day(+3)
fechas2/train/fechas2_009200.es.wav,en un par de días | relative_day(+2)
fechas2/train/fechas2_009201.es.wav,en un par de días | relative_day(+2)
fechas2/train/fechas2_009202.es.wav,el miércoles | next_day('wednesday')
fechas2/train/fechas2_009203.es.wav,el siguiente martes gracias | next_day('tuesday')
fechas2/train/fechas2_009204.es.wav,en tres días | relative_day(+3)
fechas2/train/fechas2_009205.es.wav,pasado mañana | relative_day(+2)
fechas2/train/fechas2_009206.es.wav,el siguiente martes | next_day('tuesday')
fechas2/train/fechas2_009207.es.wav,por favor este miércoles que viene | next_day('wednesday')
fechas2/train/fechas2_009208.es.wav,el martes por favor | next_day('tuesday')
fechas2/train/fechas2_009209.es.wav,en tres días | relative_day(+3)
fechas2/train/fechas2_009210.es.wav,en tres días | relative_day(+3)
fechas2/train/fechas2_009211.es.wav,este viernes | next_day('friday')
fechas2/train/fechas2_009212.es.wav,este miércoles | next_day('wednesday')
fechas2/train/fechas2_009213.es.wav,el jueves por favor | next_day('thursday')
fechas2/train/fechas2_009214.es.wav,el próximo viernes | next_day('friday')
fechas2/train/fechas2_009215.es.wav,en tres días | relative_day(+3)
fechas2/train/fechas2_009216.es.wav,el martes | next_day('tuesday')
fechas2/train/fechas2_009217.es.wav,este miércoles que viene | next_day('wednesday')
fechas2/train/fechas2_009218.es.wav,el miércoles | next_day('wednesday')
fechas2/train/fechas2_009219.es.wav,el siguiente viernes gracias | next_day('friday')
fechas2/train/fechas2_009220.es.wav,este martes | next_day('tuesday')
fechas2/train/fechas2_009221.es.wav,el jueves próximo por favor | next_day('thursday')
fechas2/train/fechas2_009222.es.wav,el siguiente viernes gracias | next_day('friday')
fechas2/train/fechas2_009223.es.wav,el jueves que viene | next_day('thursday')
fechas2/train/fechas2_009224.es.wav,el miércoles gracias | next_day('wednesday')
fechas2/train/fechas2_009225.es.wav,pasado mañana | relative_day(+2)
fechas2/train/fechas2_009226.es.wav,el jueves | next_day('thursday')
fechas2/train/fechas2_009227.es.wav,el siguiente martes por favor | next_day('tuesday')
fechas2/train/fechas2_009228.es.wav,este viernes que viene | next_day('friday')
fechas2/train/fechas2_009229.es.wav,por favor el jueves que viene | next_day('thursday')
fechas2/train/fechas2_009230.es.wav,este martes por favor | next_day('tuesday')
fechas2/train/fechas2_009231.es.wav,este viernes gracias | next_day('friday')
fechas2/train/fechas2_009232.es.wav,el jueves próximo | next_day('thursday')
fechas2/train/fechas2_009233.es.wav,el próximo viernes por favor | next_day('friday')
fechas2/train/fechas2_009234.es.wav,el lunes que viene | next_day('monday')
fechas2/train/fechas2_009235.es.wav,este lunes próximo | next_day('monday')
fechas2/train/fechas2_009236.es.wav,el próximo jueves | next_day('thursday')
fechas2/train/fechas2_009237.es.wav,el siguiente viernes | next_day('friday')
fechas2/train/fechas2_009238.es.wav,mañana por favor | relative_day(+1)
fechas2/train/fechas2_009239.es.wav,el próximo miércoles | next_day('wednesday')
fechas2/train/fechas2_009240.es.wav,mañana | relative_day(+1)
fechas2/train/fechas2_009241.es.wav,el siguiente viernes | next_day('friday')
fechas2/train/fechas2_009242.es.wav,este jueves por favor | next_day('thursday')
fechas2/train/fechas2_009243.es.wav,el próximo miércoles | next_day('wednesday')
fechas2/train/fechas2_009244.es.wav,en tres días | relative_day(+3)
fechas2/train/fechas2_009245.es.wav,este viernes por favor | next_day('friday')
fechas2/train/fechas2_009246.es.wav,en tres días gracias | relative_day(+3)
fechas2/train/fechas2_009247.es.wav,el siguiente martes | next_day('tuesday')
fechas2/train/fechas2_009248.es.wav,el próximo martes gracias | next_day('tuesday')
fechas2/train/fechas2_009249.es.wav,este miércoles próximo gracias | next_day('wednesday')
fechas2/train/fechas2_009250.es.wav,por favor este viernes | next_day('friday')
fechas2/train/fechas2_009251.es.wav,por favor en tres días | relative_day(+3)
fechas2/train/fechas2_009252.es.wav,este martes | next_day('tuesday')
fechas2/train/fechas2_009253.es.wav,el próximo martes | next_day('tuesday')
fechas2/train/fechas2_009254.es.wav,por favor en tres días | relative_day(+3)
fechas2/train/fechas2_009255.es.wav,por favor el próximo miércoles | next_day('wednesday')
fechas2/train/fechas2_009256.es.wav,el próximo martes gracias | next_day('tuesday')
fechas2/train/fechas2_009257.es.wav,en tres días | relative_day(+3)
fechas2/train/fechas2_009258.es.wav,en tres días | relative_day(+3)
fechas2/train/fechas2_009259.es.wav,el lunes próximo | next_day('monday')
fechas2/train/fechas2_009260.es.wav,este viernes | next_day('friday')
fechas2/train/fechas2_009261.es.wav,en tres días | relative_day(+3)
fechas2/train/fechas2_009262.es.wav,el siguiente jueves gracias | next_day('thursday')
fechas2/train/fechas2_009263.es.wav,el miércoles por favor | next_day('wednesday')
fechas2/train/fechas2_009264.es.wav,el siguiente martes | next_day('tuesday')
fechas2/train/fechas2_009265.es.wav,en un par de días gracias | relative_day(+2)
fechas2/train/fechas2_009266.es.wav,el siguiente viernes | next_day('friday')
fechas2/train/fechas2_009267.es.wav,el siguiente miércoles | next_day('wednesday')
fechas2/train/fechas2_009268.es.wav,el martes | next_day('tuesday')
fechas2/train/fechas2_009269.es.wav,este lunes que viene | next_day('monday')
fechas2/train/fechas2_009270.es.wav,el siguiente martes gracias | next_day('tuesday')
fechas2/train/fechas2_009271.es.wav,en un par de días | relative_day(+2)
fechas2/train/fechas2_009272.es.wav,este viernes que viene | next_day('friday')
fechas2/train/fechas2_009273.es.wav,el martes siguiente | next_day('tuesday')
fechas2/train/fechas2_009274.es.wav,en un par de días | relative_day(+2)
fechas2/train/fechas2_009275.es.wav,este viernes gracias | next_day('friday')
fechas2/train/fechas2_009276.es.wav,el próximo lunes gracias | next_day('monday')
fechas2/train/fechas2_009277.es.wav,en un par de días por favor | relative_day(+2)
fechas2/train/fechas2_009278.es.wav,en un par de días | relative_day(+2)
fechas2/train/fechas2_009279.es.wav,pasado mañana por favor | relative_day(+2)
fechas2/train/fechas2_009280.es.wav,por favor en tres días | relative_day(+3)
fechas2/train/fechas2_009281.es.wav,por favor este martes | next_day('tuesday')
fechas2/train/fechas2_009282.es.wav,el siguiente viernes | next_day('friday')
fechas2/train/fechas2_009283.es.wav,este viernes gracias | next_day('friday')
fechas2/train/fechas2_009284.es.wav,por favor en tres días | relative_day(+3)
fechas2/train/fechas2_009285.es.wav,el próximo lunes | next_day('monday')
fechas2/train/fechas2_009286.es.wav,el próximo martes | next_day('tuesday')
fechas2/train/fechas2_009287.es.wav,el jueves gracias | next_day('thursday')
fechas2/train/fechas2_009288.es.wav,pasado mañana | relative_day(+2)
fechas2/train/fechas2_009289.es.wav,este jueves | next_day('thursday')
fechas2/train/fechas2_009290.es.wav,este jueves gracias | next_day('thursday')
fechas2/train/fechas2_009291.es.wav,este lunes | next_day('monday')
fechas2/train/fechas2_009292.es.wav,por favor el próximo martes | next_day('tuesday')
fechas2/train/fechas2_009293.es.wav,por favor este viernes próximo | next_day('friday')
fechas2/train/fechas2_009294.es.wav,pasado mañana | relative_day(+2)
fechas2/train/fechas2_009295.es.wav,en un par de días | relative_day(+2)
fechas2/train/fechas2_009296.es.wav,el miércoles | next_day('wednesday')
fechas2/train/fechas2_009297.es.wav,en un par de días | relative_day(+2)
fechas2/train/fechas2_009298.es.wav,pasado mañana | relative_day(+2)
fechas2/train/fechas2_009299.es.wav,el martes próximo | next_day('tuesday')
fechas2/train/fechas2_009300.es.wav,el lunes | next_day('monday')
fechas2/train/fechas2_009301.es.wav,por favor este martes | next_day('tuesday')
fechas2/train/fechas2_009302.es.wav,el siguiente lunes | next_day('monday')
fechas2/train/fechas2_009303.es.wav,en tres días | relative_day(+3)
fechas2/train/fechas2_009304.es.wav,este viernes siguiente | next_day('friday')
fechas2/train/fechas2_009305.es.wav,este jueves siguiente gracias | next_day('thursday')
fechas2/train/fechas2_009306.es.wav,el martes | next_day('tuesday')
fechas2/train/fechas2_009307.es.wav,en tres días | relative_day(+3)
fechas2/train/fechas2_009308.es.wav,este lunes | next_day('monday')
fechas2/train/fechas2_009309.es.wav,el próximo martes | next_day('tuesday')
fechas2/train/fechas2_009310.es.wav,este martes gracias | next_day('tuesday')
fechas2/train/fechas2_009311.es.wav,en un par de días gracias | relative_day(+2)
fechas2/train/fechas2_009312.es.wav,el martes que viene | next_day('tuesday')
fechas2/train/fechas2_009313.es.wav,este martes siguiente gracias | next_day('tuesday')
fechas2/train/fechas2_009314.es.wav,el lunes | next_day('monday')
fechas2/train/fechas2_009315.es.wav,en un par de días por favor | relative_day(+2)
fechas2/train/fechas2_009316.es.wav,el jueves que viene | next_day('thursday')
fechas2/train/fechas2_009317.es.wav,en tres días | relative_day(+3)
fechas2/train/fechas2_009318.es.wav,el lunes próximo | next_day('monday')
fechas2/train/fechas2_009319.es.wav,el viernes que viene | next_day('friday')
fechas2/train/fechas2_009320.es.wav,por favor el próximo lunes | next_day('monday')
fechas2/train/fechas2_009321.es.wav,por favor este jueves que viene | next_day('thursday')
fechas2/train/fechas2_009322.es.wav,el siguiente miércoles por favor | next_day('wednesday')
fechas2/train/fechas2_009323.es.wav,este viernes siguiente por favor | next_day('friday')
fechas2/train/fechas2_009324.es.wav,en tres días | relative_day(+3)
fechas2/train/fechas2_009325.es.wav,por favor el próximo martes | next_day('tuesday')
fechas2/train/fechas2_009326.es.wav,el jueves próximo | next_day('thursday')
fechas2/train/fechas2_009327.es.wav,en un par de días por favor | relative_day(+2)
fechas2/train/fechas2_009328.es.wav,el miércoles | next_day('wednesday')
fechas2/train/fechas2_009329.es.wav,en un par de días gracias | relative_day(+2)
fechas2/train/fechas2_009330.es.wav,este lunes siguiente por favor | next_day('monday')
fechas2/train/fechas2_009331.es.wav,este martes gracias | next_day('tuesday')
fechas2/train/fechas2_009332.es.wav,este viernes próximo | next_day('friday')
fechas2/train/fechas2_009333.es.wav,el viernes | next_day('friday')
fechas2/train/fechas2_009334.es.wav,el próximo viernes | next_day('friday')
fechas2/train/fechas2_009335.es.wav,este viernes siguiente | next_day('friday')
fechas2/train/fechas2_009336.es.wav,en tres días | relative_day(+3)
fechas2/train/fechas2_009337.es.wav,el viernes próximo | next_day('friday')
fechas2/train/fechas2_009338.es.wav,el siguiente lunes | next_day('monday')
fechas2/train/fechas2_009339.es.wav,por favor el jueves próximo | next_day('thursday')
fechas2/train/fechas2_009340.es.wav,este martes siguiente | next_day('tuesday')
fechas2/train/fechas2_009341.es.wav,el siguiente viernes | next_day('friday')
fechas2/train/fechas2_009342.es.wav,mañana gracias | relative_day(+1)
fechas2/train/fechas2_009343.es.wav,pasado mañana | relative_day(+2)
fechas2/train/fechas2_009344.es.wav,el lunes siguiente | next_day('monday')
fechas2/train/fechas2_009345.es.wav,el jueves | next_day('thursday')
fechas2/train/fechas2_009346.es.wav,el viernes | next_day('friday')
fechas2/train/fechas2_009347.es.wav,por favor en un par de días | relative_day(+2)
fechas2/train/fechas2_009348.es.wav,en un par de días | relative_day(+2)
fechas2/train/fechas2_009349.es.wav,el próximo martes gracias | next_day('tuesday')
fechas2/train/fechas2_009350.es.wav,en tres días gracias | relative_day(+3)
fechas2/train/fechas2_009351.es.wav,el próximo viernes | next_day('friday')
fechas2/train/fechas2_009352.es.wav,este lunes gracias | next_day('monday')
fechas2/train/fechas2_009353.es.wav,este viernes | next_day('friday')
fechas2/train/fechas2_009354.es.wav,por favor el martes próximo | next_day('tuesday')
fechas2/train/fechas2_009355.es.wav,pasado mañana | relative_day(+2)
fechas2/train/fechas2_009356.es.wav,el jueves siguiente | next_day('thursday')
fechas2/train/fechas2_009357.es.wav,por favor en un par de días | relative_day(+2)
fechas2/train/fechas2_009358.es.wav,este martes | next_day('tuesday')
fechas2/train/fechas2_009359.es.wav,el siguiente viernes | next_day('friday')
fechas2/train/fechas2_009360.es.wav,este jueves | next_day('thursday')
fechas2/train/fechas2_009361.es.wav,este martes | next_day('tuesday')
fechas2/train/fechas2_009362.es.wav,el siguiente jueves | next_day('thursday')
fechas2/train/fechas2_009363.es.wav,por favor en tres días | relative_day(+3)
fechas2/train/fechas2_009364.es.wav,el próximo viernes | next_day('friday')
fechas2/train/fechas2_009365.es.wav,en un par de días gracias | relative_day(+2)
fechas2/train/fechas2_009366.es.wav,el siguiente lunes gracias | next_day('monday')
fechas2/train/fechas2_009367.es.wav,por favor este jueves que viene | next_day('thursday')
fechas2/train/fechas2_009368.es.wav,el martes | next_day('tuesday')
fechas2/train/fechas2_009369.es.wav,el miércoles siguiente | next_day('wednesday')
fechas2/train/fechas2_009370.es.wav,en tres días | relative_day(+3)
fechas2/train/fechas2_009371.es.wav,por favor este miércoles siguiente | next_day('wednesday')
fechas2/train/fechas2_009372.es.wav,el martes | next_day('tuesday')
fechas2/train/fechas2_009373.es.wav,en tres días | relative_day(+3)
fechas2/train/fechas2_009374.es.wav,en un par de días por favor | relative_day(+2)
fechas2/train/fechas2_009375.es.wav,este lunes | next_day('monday')
fechas2/train/fechas2_009376.es.wav,en tres días | relative_day(+3)
fechas2/train/fechas2_009377.es.wav,el próximo viernes | next_day('friday')
fechas2/train/fechas2_009378.es.wav,pasado mañana | relative_day(+2)
fechas2/train/fechas2_009379.es.wav,el siguiente jueves | next_day('thursday')
fechas2/train/fechas2_009380.es.wav,el lunes por favor | next_day('monday')
fechas2/train/fechas2_009381.es.wav,el siguiente viernes por favor | next_day('friday')
fechas2/train/fechas2_009382.es.wav,el siguiente viernes | next_day('friday')
fechas2/train/fechas2_009383.es.wav,el miércoles | next_day('wednesday')
fechas2/train/fechas2_009384.es.wav,por favor el lunes siguiente | next_day('monday')
fechas2/train/fechas2_009385.es.wav,en un par de días por favor | relative_day(+2)
fechas2/train/fechas2_009386.es.wav,el siguiente martes gracias | next_day('tuesday')
fechas2/train/fechas2_009387.es.wav,mañana | relative_day(+1)
fechas2/train/fechas2_009388.es.wav,el siguiente martes por favor | next_day('tuesday')
fechas2/train/fechas2_009389.es.wav,el siguiente jueves | next_day('thursday')
fechas2/train/fechas2_009390.es.wav,el próximo lunes | next_day('monday')
fechas2/train/fechas2_009391.es.wav,el viernes siguiente gracias | next_day('friday')
fechas2/train/fechas2_009392.es.wav,este jueves que viene por favor | next_day('thursday')
fechas2/train/fechas2_009393.es.wav,el próximo miércoles | next_day('wednesday')
fechas2/train/fechas2_009394.es.wav,el próximo lunes | next_day('monday')
fechas2/train/fechas2_009395.es.wav,este jueves próximo por favor | next_day('thursday')
fechas2/train/fechas2_009396.es.wav,el próximo lunes | next_day('monday')
fechas2/train/fechas2_009397.es.wav,el siguiente lunes | next_day('monday')
fechas2/train/fechas2_009398.es.wav,el jueves que viene | next_day('thursday')
fechas2/train/fechas2_009399.es.wav,el miércoles | next_day('wednesday')
fechas2/train/fechas2_009400.es.wav,este martes | next_day('tuesday')
fechas2/train/fechas2_009401.es.wav,mañana | relative_day(+1)
fechas2/train/fechas2_009402.es.wav,el viernes | next_day('friday')
fechas2/train/fechas2_009403.es.wav,el lunes que viene gracias | next_day('monday')
fechas2/train/fechas2_009404.es.wav,por favor mañana | relative_day(+1)
fechas2/train/fechas2_009405.es.wav,por favor este viernes | next_day('friday')
fechas2/train/fechas2_009406.es.wav,por favor el siguiente miércoles | next_day('wednesday')
fechas2/train/fechas2_009407.es.wav,por favor el jueves | next_day('thursday')
fechas2/train/fechas2_009408.es.wav,el próximo lunes por favor | next_day('monday')
fechas2/train/fechas2_009409.es.wav,el siguiente viernes por favor | next_day('friday')
fechas2/train/fechas2_009410.es.wav,el próximo viernes | next_day('friday')
fechas2/train/fechas2_009411.es.wav,en tres días | relative_day(+3)
fechas2/train/fechas2_009412.es.wav,el siguiente martes gracias | next_day('tuesday')
fechas2/train/fechas2_009413.es.wav,el miércoles | next_day('wednesday')
fechas2/train/fechas2_009414.es.wav,el siguiente viernes | next_day('friday')
fechas2/train/fechas2_009415.es.wav,en tres días gracias | relative_day(+3)
fechas2/train/fechas2_009416.es.wav,el martes siguiente | next_day('tuesday')
fechas2/train/fechas2_009417.es.wav,por favor el próximo jueves | next_day('thursday')
fechas2/train/fechas2_009418.es.wav,el miércoles gracias | next_day('wednesday')
fechas2/train/fechas2_009419.es.wav,el martes que viene | next_day('tuesday')
fechas2/train/fechas2_009420.es.wav,este viernes | next_day('friday')
fechas2/train/fechas2_009421.es.wav,este jueves | next_day('thursday')
fechas2/train/fechas2_009422.es.wav,en tres días por favor | relative_day(+3)
fechas2/train/fechas2_009423.es.wav,el viernes | next_day('friday')
fechas2/train/fechas2_009424.es.wav,el miércoles | next_day('wednesday')
fechas2/train/fechas2_009425.es.wav,el próximo martes gracias | next_day('tuesday')
fechas2/train/fechas2_009426.es.wav,en tres días gracias | relative_day(+3)
fechas2/train/fechas2_009427.es.wav,este viernes siguiente gracias | next_day('friday')
fechas2/train/fechas2_009428.es.wav,por favor el próximo jueves | next_day('thursday')
fechas2/train/fechas2_009429.es.wav,el lunes | next_day('monday')
fechas2/train/fechas2_009430.es.wav,el próximo lunes | next_day('monday')
fechas2/train/fechas2_009431.es.wav,este lunes próximo | next_day('monday')
fechas2/train/fechas2_009432.es.wav,el martes | next_day('tuesday')
fechas2/train/fechas2_009433.es.wav,este jueves siguiente gracias | next_day('thursday')
fechas2/train/fechas2_009434.es.wav,este martes | next_day('tuesday')
fechas2/train/fechas2_009435.es.wav,pasado mañana | relative_day(+2)
fechas2/train/fechas2_009436.es.wav,el viernes próximo gracias | next_day('friday')
fechas2/train/fechas2_009437.es.wav,por favor pasado mañana | relative_day(+2)
fechas2/train/fechas2_009438.es.wav,el martes próximo | next_day('tuesday')
fechas2/train/fechas2_009439.es.wav,en tres días | relative_day(+3)
fechas2/train/fechas2_009440.es.wav,el próximo viernes | next_day('friday')
fechas2/train/fechas2_009441.es.wav,el lunes por favor | next_day('monday')
fechas2/train/fechas2_009442.es.wav,por favor el siguiente viernes | next_day('friday')
fechas2/train/fechas2_009443.es.wav,el jueves próximo | next_day('thursday')
fechas2/train/fechas2_009444.es.wav,el martes por favor | next_day('tuesday')
fechas2/train/fechas2_009445.es.wav,el siguiente martes | next_day('tuesday')
fechas2/train/fechas2_009446.es.wav,mañana gracias | relative_day(+1)
fechas2/train/fechas2_009447.es.wav,el jueves próximo | next_day('thursday')
fechas2/train/fechas2_009448.es.wav,el viernes | next_day('friday')
fechas2/train/fechas2_009449.es.wav,este jueves que viene por favor | next_day('thursday')
fechas2/train/fechas2_009450.es.wav,por favor el próximo lunes | next_day('monday')
fechas2/train/fechas2_009451.es.wav,por favor este viernes que viene | next_day('friday')
fechas2/train/fechas2_009452.es.wav,este jueves | next_day('thursday')
fechas2/train/fechas2_009453.es.wav,el martes | next_day('tuesday')
fechas2/train/fechas2_009454.es.wav,este viernes | next_day('friday')
fechas2/train/fechas2_009455.es.wav,el lunes | next_day('monday')
fechas2/train/fechas2_009456.es.wav,el siguiente martes | next_day('tuesday')
fechas2/train/fechas2_009457.es.wav,el lunes próximo por favor | next_day('monday')
fechas2/train/fechas2_009458.es.wav,en un par de días | relative_day(+2)
fechas2/train/fechas2_009459.es.wav,pasado mañana | relative_day(+2)
fechas2/train/fechas2_009460.es.wav,el miércoles | next_day('wednesday')
fechas2/train/fechas2_009461.es.wav,este miércoles siguiente | next_day('wednesday')
fechas2/train/fechas2_009462.es.wav,en tres días | relative_day(+3)
fechas2/train/fechas2_009463.es.wav,pasado mañana | relative_day(+2)
fechas2/train/fechas2_009464.es.wav,el jueves que viene por favor | next_day('thursday')
fechas2/train/fechas2_009465.es.wav,en un par de días | relative_day(+2)
fechas2/train/fechas2_009466.es.wav,el viernes que viene | next_day('friday')
fechas2/train/fechas2_009467.es.wav,por favor en tres días | relative_day(+3)
fechas2/train/fechas2_009468.es.wav,por favor en un par de días | relative_day(+2)
fechas2/train/fechas2_009469.es.wav,el siguiente miércoles | next_day('wednesday')
fechas2/train/fechas2_009470.es.wav,el viernes siguiente | next_day('friday')
fechas2/train/fechas2_009471.es.wav,por favor el próximo viernes | next_day('friday')
fechas2/train/fechas2_009472.es.wav,el jueves que viene gracias | next_day('thursday')
fechas2/train/fechas2_009473.es.wav,el próximo martes gracias | next_day('tuesday')
fechas2/train/fechas2_009474.es.wav,el lunes que viene | next_day('monday')
fechas2/train/fechas2_009475.es.wav,el martes siguiente | next_day('tuesday')
fechas2/train/fechas2_009476.es.wav,por favor el viernes | next_day('friday')
fechas2/train/fechas2_009477.es.wav,por favor el jueves próximo | next_day('thursday')
fechas2/train/fechas2_009478.es.wav,este viernes próximo | next_day('friday')
fechas2/train/fechas2_009479.es.wav,en tres días gracias | relative_day(+3)
fechas2/train/fechas2_009480.es.wav,este martes próximo | next_day('tuesday')
fechas2/train/fechas2_009481.es.wav,el miércoles | next_day('wednesday')
fechas2/train/fechas2_009482.es.wav,por favor el martes siguiente | next_day('tuesday')
fechas2/train/fechas2_009483.es.wav,el miércoles que viene | next_day('wednesday')
fechas2/train/fechas2_009484.es.wav,pasado mañana | relative_day(+2)
fechas2/train/fechas2_009485.es.wav,el siguiente lunes | next_day('monday')
fechas2/train/fechas2_009486.es.wav,el miércoles | next_day('wednesday')
fechas2/train/fechas2_009487.es.wav,el próximo jueves gracias | next_day('thursday')
fechas2/train/fechas2_009488.es.wav,por favor mañana | relative_day(+1)
fechas2/train/fechas2_009489.es.wav,el siguiente miércoles gracias | next_day('wednesday')
fechas2/train/fechas2_009490.es.wav,por favor el lunes | next_day('monday')
fechas2/train/fechas2_009491.es.wav,este martes que viene | next_day('tuesday')
fechas2/train/fechas2_009492.es.wav,el lunes que viene | next_day('monday')
fechas2/train/fechas2_009493.es.wav,pasado mañana | relative_day(+2)
fechas2/train/fechas2_009494.es.wav,este jueves siguiente | next_day('thursday')
fechas2/train/fechas2_009495.es.wav,el viernes por favor | next_day('friday')
fechas2/train/fechas2_009496.es.wav,en un par de días por favor | relative_day(+2)
fechas2/train/fechas2_009497.es.wav,este lunes que viene gracias | next_day('monday')
fechas2/train/fechas2_009498.es.wav,el miércoles | next_day('wednesday')
fechas2/train/fechas2_009499.es.wav,por favor el próximo lunes | next_day('monday')
fechas2/train/fechas2_009500.es.wav,el viernes próximo | next_day('friday')
fechas2/train/fechas2_009501.es.wav,el próximo lunes | next_day('monday')
fechas2/train/fechas2_009502.es.wav,por favor el siguiente viernes | next_day('friday')
fechas2/train/fechas2_009503.es.wav,en tres días gracias | relative_day(+3)
fechas2/train/fechas2_009504.es.wav,este miércoles | next_day('wednesday')
fechas2/train/fechas2_009505.es.wav,el siguiente jueves por favor | next_day('thursday')
fechas2/train/fechas2_009506.es.wav,en tres días gracias | relative_day(+3)
fechas2/train/fechas2_009507.es.wav,el próximo martes por favor | next_day('tuesday')
fechas2/train/fechas2_009508.es.wav,el próximo miércoles gracias | next_day('wednesday')
fechas2/train/fechas2_009509.es.wav,el próximo jueves | next_day('thursday')
fechas2/train/fechas2_009510.es.wav,el jueves siguiente | next_day('thursday')
fechas2/train/fechas2_009511.es.wav,el viernes | next_day('friday')
fechas2/train/fechas2_009512.es.wav,el próximo lunes gracias | next_day('monday')
fechas2/train/fechas2_009513.es.wav,el lunes gracias | next_day('monday')
fechas2/train/fechas2_009514.es.wav,este miércoles próximo | next_day('wednesday')
fechas2/train/fechas2_009515.es.wav,el viernes que viene gracias | next_day('friday')
fechas2/train/fechas2_009516.es.wav,el próximo lunes | next_day('monday')
fechas2/train/fechas2_009517.es.wav,este lunes que viene | next_day('monday')
fechas2/train/fechas2_009518.es.wav,el viernes | next_day('friday')
fechas2/train/fechas2_009519.es.wav,este viernes | next_day('friday')
fechas2/train/fechas2_009520.es.wav,en tres días | relative_day(+3)
fechas2/train/fechas2_009521.es.wav,el lunes siguiente | next_day('monday')
fechas2/train/fechas2_009522.es.wav,en un par de días gracias | relative_day(+2)
fechas2/train/fechas2_009523.es.wav,este miércoles próximo gracias | next_day('wednesday')
fechas2/train/fechas2_009524.es.wav,el miércoles | next_day('wednesday')
fechas2/train/fechas2_009525.es.wav,este miércoles | next_day('wednesday')
fechas2/train/fechas2_009526.es.wav,este martes que viene | next_day('tuesday')
fechas2/train/fechas2_009527.es.wav,por favor el siguiente martes | next_day('tuesday')
fechas2/train/fechas2_009528.es.wav,el miércoles | next_day('wednesday')
fechas2/train/fechas2_009529.es.wav,el próximo martes | next_day('tuesday')
fechas2/train/fechas2_009530.es.wav,por favor el próximo jueves | next_day('thursday')
fechas2/train/fechas2_009531.es.wav,por favor en un par de días | relative_day(+2)
fechas2/train/fechas2_009532.es.wav,el próximo martes | next_day('tuesday')
fechas2/train/fechas2_009533.es.wav,este miércoles que viene | next_day('wednesday')
fechas2/train/fechas2_009534.es.wav,el jueves por favor | next_day('thursday')
fechas2/train/fechas2_009535.es.wav,el lunes que viene | next_day('monday')
fechas2/train/fechas2_009536.es.wav,en tres días | relative_day(+3)
fechas2/train/fechas2_009537.es.wav,este viernes | next_day('friday')
fechas2/train/fechas2_009538.es.wav,el próximo viernes | next_day('friday')
fechas2/train/fechas2_009539.es.wav,por favor el lunes siguiente | next_day('monday')
fechas2/train/fechas2_009540.es.wav,el martes | next_day('tuesday')
fechas2/train/fechas2_009541.es.wav,el miércoles siguiente por favor | next_day('wednesday')
fechas2/train/fechas2_009542.es.wav,este miércoles que viene | next_day('wednesday')
fechas2/train/fechas2_009543.es.wav,el jueves por favor | next_day('thursday')
fechas2/train/fechas2_009544.es.wav,este lunes que viene | next_day('monday')
fechas2/train/fechas2_009545.es.wav,el siguiente viernes | next_day('friday')
fechas2/train/fechas2_009546.es.wav,mañana | relative_day(+1)
fechas2/train/fechas2_009547.es.wav,mañana | relative_day(+1)
fechas2/train/fechas2_009548.es.wav,el viernes | next_day('friday')
fechas2/train/fechas2_009549.es.wav,en un par de días | relative_day(+2)
fechas2/train/fechas2_009550.es.wav,mañana | relative_day(+1)
fechas2/train/fechas2_009551.es.wav,el siguiente jueves | next_day('thursday')
fechas2/train/fechas2_009552.es.wav,este lunes gracias | next_day('monday')
fechas2/train/fechas2_009553.es.wav,este lunes por favor | next_day('monday')
fechas2/train/fechas2_009554.es.wav,el jueves próximo | next_day('thursday')
fechas2/train/fechas2_009555.es.wav,en tres días | relative_day(+3)
fechas2/train/fechas2_009556.es.wav,este lunes que viene gracias | next_day('monday')
fechas2/train/fechas2_009557.es.wav,este viernes | next_day('friday')
fechas2/train/fechas2_009558.es.wav,este martes próximo | next_day('tuesday')
fechas2/train/fechas2_009559.es.wav,pasado mañana | relative_day(+2)
fechas2/train/fechas2_009560.es.wav,el siguiente lunes por favor | next_day('monday')
fechas2/train/fechas2_009561.es.wav,el jueves que viene | next_day('thursday')
fechas2/train/fechas2_009562.es.wav,este miércoles siguiente por favor | next_day('wednesday')
fechas2/train/fechas2_009563.es.wav,por favor este viernes | next_day('friday')
fechas2/train/fechas2_009564.es.wav,por favor este miércoles siguiente | next_day('wednesday')
fechas2/train/fechas2_009565.es.wav,el próximo lunes por favor | next_day('monday')
fechas2/train/fechas2_009566.es.wav,este lunes que viene gracias | next_day('monday')
fechas2/train/fechas2_009567.es.wav,el lunes siguiente | next_day('monday')
fechas2/train/fechas2_009568.es.wav,este viernes | next_day('friday')
fechas2/train/fechas2_009569.es.wav,el jueves | next_day('thursday')
fechas2/train/fechas2_009570.es.wav,en un par de días | relative_day(+2)
fechas2/train/fechas2_009571.es.wav,en un par de días gracias | relative_day(+2)
fechas2/train/fechas2_009572.es.wav,en tres días | relative_day(+3)
fechas2/train/fechas2_009573.es.wav,en tres días | relative_day(+3)
fechas2/train/fechas2_009574.es.wav,el viernes por favor | next_day('friday')
fechas2/train/fechas2_009575.es.wav,el viernes | next_day('friday')
fechas2/train/fechas2_009576.es.wav,por favor este miércoles | next_day('wednesday')
fechas2/train/fechas2_009577.es.wav,por favor el martes | next_day('tuesday')
fechas2/train/fechas2_009578.es.wav,por favor en tres días | relative_day(+3)
fechas2/train/fechas2_009579.es.wav,este jueves que viene | next_day('thursday')
fechas2/train/fechas2_009580.es.wav,el siguiente viernes | next_day('friday')
fechas2/train/fechas2_009581.es.wav,el jueves gracias | next_day('thursday')
fechas2/train/fechas2_009582.es.wav,por favor el siguiente jueves | next_day('thursday')
fechas2/train/fechas2_009583.es.wav,el siguiente viernes gracias | next_day('friday')
fechas2/train/fechas2_009584.es.wav,el lunes que viene | next_day('monday')
fechas2/train/fechas2_009585.es.wav,en tres días gracias | relative_day(+3)
fechas2/train/fechas2_009586.es.wav,en un par de días gracias | relative_day(+2)
fechas2/train/fechas2_009587.es.wav,este martes que viene por favor | next_day('tuesday')
fechas2/train/fechas2_009588.es.wav,el miércoles siguiente | next_day('wednesday')
fechas2/train/fechas2_009589.es.wav,por favor mañana | relative_day(+1)
fechas2/train/fechas2_009590.es.wav,en un par de días | relative_day(+2)
fechas2/train/fechas2_009591.es.wav,por favor en tres días | relative_day(+3)
fechas2/train/fechas2_009592.es.wav,el siguiente martes | next_day('tuesday')
fechas2/train/fechas2_009593.es.wav,por favor en un par de días | relative_day(+2)
fechas2/train/fechas2_009594.es.wav,el próximo jueves por favor | next_day('thursday')
fechas2/train/fechas2_009595.es.wav,el siguiente lunes | next_day('monday')
fechas2/train/fechas2_009596.es.wav,este viernes próximo gracias | next_day('friday')
fechas2/train/fechas2_009597.es.wav,en tres días | relative_day(+3)
fechas2/train/fechas2_009598.es.wav,por favor en tres días | relative_day(+3)
fechas2/train/fechas2_009599.es.wav,el próximo martes | next_day('tuesday')
fechas2/train/fechas2_009600.es.wav,el próximo jueves | next_day('thursday')
fechas2/train/fechas2_009601.es.wav,en tres días | relative_day(+3)
fechas2/train/fechas2_009602.es.wav,en un par de días | relative_day(+2)
fechas2/train/fechas2_009603.es.wav,el viernes próximo | next_day('friday')
fechas2/train/fechas2_009604.es.wav,el próximo jueves | next_day('thursday')
fechas2/train/fechas2_009605.es.wav,este miércoles siguiente | next_day('wednesday')
fechas2/train/fechas2_009606.es.wav,este viernes siguiente | next_day('friday')
fechas2/train/fechas2_009607.es.wav,en tres días | relative_day(+3)
fechas2/train/fechas2_009608.es.wav,el miércoles próximo | next_day('wednesday')
fechas2/train/fechas2_009609.es.wav,este martes por favor | next_day('tuesday')
fechas2/train/fechas2_009610.es.wav,este lunes | next_day('monday')
fechas2/train/fechas2_009611.es.wav,el martes que viene | next_day('tuesday')
fechas2/train/fechas2_009612.es.wav,por favor este lunes | next_day('monday')
fechas2/train/fechas2_009613.es.wav,el próximo martes por favor | next_day('tuesday')
fechas2/train/fechas2_009614.es.wav,en tres días | relative_day(+3)
fechas2/train/fechas2_009615.es.wav,este martes siguiente | next_day('tuesday')
fechas2/train/fechas2_009616.es.wav,el próximo viernes | next_day('friday')
fechas2/train/fechas2_009617.es.wav,por favor en un par de días | relative_day(+2)
fechas2/train/fechas2_009618.es.wav,por favor el miércoles siguiente | next_day('wednesday')
fechas2/train/fechas2_009619.es.wav,este jueves siguiente | next_day('thursday')
fechas2/train/fechas2_009620.es.wav,este miércoles próximo | next_day('wednesday')
fechas2/train/fechas2_009621.es.wav,en tres días | relative_day(+3)
fechas2/train/fechas2_009622.es.wav,el próximo miércoles | next_day('wednesday')
fechas2/train/fechas2_009623.es.wav,este viernes | next_day('friday')
fechas2/train/fechas2_009624.es.wav,por favor mañana | relative_day(+1)
fechas2/train/fechas2_009625.es.wav,mañana | relative_day(+1)
fechas2/train/fechas2_009626.es.wav,en un par de días por favor | relative_day(+2)
fechas2/train/fechas2_009627.es.wav,por favor el miércoles próximo | next_day('wednesday')
fechas2/train/fechas2_009628.es.wav,este martes que viene por favor | next_day('tuesday')
fechas2/train/fechas2_009629.es.wav,el siguiente martes gracias | next_day('tuesday')
fechas2/train/fechas2_009630.es.wav,en un par de días | relative_day(+2)
fechas2/train/fechas2_009631.es.wav,el viernes | next_day('friday')
fechas2/train/fechas2_009632.es.wav,por favor el jueves que viene | next_day('thursday')
fechas2/train/fechas2_009633.es.wav,el miércoles próximo por favor | next_day('wednesday')
fechas2/train/fechas2_009634.es.wav,este lunes siguiente | next_day('monday')
fechas2/train/fechas2_009635.es.wav,por favor este viernes | next_day('friday')
fechas2/train/fechas2_009636.es.wav,este lunes que viene por favor | next_day('monday')
fechas2/train/fechas2_009637.es.wav,mañana | relative_day(+1)
fechas2/train/fechas2_009638.es.wav,pasado mañana | relative_day(+2)
fechas2/train/fechas2_009639.es.wav,este lunes por favor | next_day('monday')
fechas2/train/fechas2_009640.es.wav,el miércoles por favor | next_day('wednesday')
fechas2/train/fechas2_009641.es.wav,pasado mañana gracias | relative_day(+2)
fechas2/train/fechas2_009642.es.wav,el miércoles próximo por favor | next_day('wednesday')
fechas2/train/fechas2_009643.es.wav,este martes gracias | next_day('tuesday')
fechas2/train/fechas2_009644.es.wav,en un par de días por favor | relative_day(+2)
fechas2/train/fechas2_009645.es.wav,por favor este martes | next_day('tuesday')
fechas2/train/fechas2_009646.es.wav,este martes | next_day('tuesday')
fechas2/train/fechas2_009647.es.wav,por favor este jueves | next_day('thursday')
fechas2/train/fechas2_009648.es.wav,en tres días | relative_day(+3)
fechas2/train/fechas2_009649.es.wav,el martes gracias | next_day('tuesday')
fechas2/train/fechas2_009650.es.wav,pasado mañana | relative_day(+2)
fechas2/train/fechas2_009651.es.wav,por favor mañana | relative_day(+1)
fechas2/train/fechas2_009652.es.wav,en tres días | relative_day(+3)
fechas2/train/fechas2_009653.es.wav,el siguiente miércoles | next_day('wednesday')
fechas2/train/fechas2_009654.es.wav,el próximo miércoles por favor | next_day('wednesday')
fechas2/train/fechas2_009655.es.wav,el lunes próximo | next_day('monday')
fechas2/train/fechas2_009656.es.wav,el siguiente miércoles gracias | next_day('wednesday')
fechas2/train/fechas2_009657.es.wav,pasado mañana por favor | relative_day(+2)
fechas2/train/fechas2_009658.es.wav,el siguiente jueves | next_day('thursday')
fechas2/train/fechas2_009659.es.wav,el siguiente jueves | next_day('thursday')
fechas2/train/fechas2_009660.es.wav,por favor el jueves | next_day('thursday')
fechas2/train/fechas2_009661.es.wav,el siguiente martes | next_day('tuesday')
fechas2/train/fechas2_009662.es.wav,este viernes próximo | next_day('friday')
fechas2/train/fechas2_009663.es.wav,el jueves que viene | next_day('thursday')
fechas2/train/fechas2_009664.es.wav,el siguiente miércoles gracias | next_day('wednesday')
fechas2/train/fechas2_009665.es.wav,este jueves siguiente | next_day('thursday')
fechas2/train/fechas2_009666.es.wav,el próximo viernes gracias | next_day('friday')
fechas2/train/fechas2_009667.es.wav,el siguiente miércoles | next_day('wednesday')
fechas2/train/fechas2_009668.es.wav,en un par de días | relative_day(+2)
fechas2/train/fechas2_009669.es.wav,este miércoles que viene | next_day('wednesday')
fechas2/train/fechas2_009670.es.wav,el jueves que viene | next_day('thursday')
fechas2/train/fechas2_009671.es.wav,este miércoles que viene | next_day('wednesday')
fechas2/train/fechas2_009672.es.wav,este miércoles próximo por favor | next_day('wednesday')
fechas2/train/fechas2_009673.es.wav,este viernes que viene gracias | next_day('friday')
fechas2/train/fechas2_009674.es.wav,el miércoles | next_day('wednesday')
fechas2/train/fechas2_009675.es.wav,por favor este miércoles | next_day('wednesday')
fechas2/train/fechas2_009676.es.wav,por favor mañana | relative_day(+1)
fechas2/train/fechas2_009677.es.wav,en un par de días | relative_day(+2)
fechas2/train/fechas2_009678.es.wav,el lunes siguiente por favor | next_day('monday')
fechas2/train/fechas2_009679.es.wav,este miércoles por favor | next_day('wednesday')
fechas2/train/fechas2_009680.es.wav,el lunes que viene | next_day('monday')
fechas2/train/fechas2_009681.es.wav,en un par de días | relative_day(+2)
fechas2/train/fechas2_009682.es.wav,en un par de días | relative_day(+2)
fechas2/train/fechas2_009683.es.wav,el martes que viene | next_day('tuesday')
fechas2/train/fechas2_009684.es.wav,el martes próximo | next_day('tuesday')
fechas2/train/fechas2_009685.es.wav,este viernes | next_day('friday')
fechas2/train/fechas2_009686.es.wav,el siguiente miércoles gracias | next_day('wednesday')
fechas2/train/fechas2_009687.es.wav,el miércoles que viene | next_day('wednesday')
fechas2/train/fechas2_009688.es.wav,pasado mañana | relative_day(+2)
fechas2/train/fechas2_009689.es.wav,este lunes gracias | next_day('monday')
fechas2/train/fechas2_009690.es.wav,el viernes que viene | next_day('friday')
fechas2/train/fechas2_009691.es.wav,el siguiente viernes | next_day('friday')
fechas2/train/fechas2_009692.es.wav,este miércoles siguiente por favor | next_day('wednesday')
fechas2/train/fechas2_009693.es.wav,este jueves siguiente por favor | next_day('thursday')
fechas2/train/fechas2_009694.es.wav,el próximo martes gracias | next_day('tuesday')
fechas2/train/fechas2_009695.es.wav,en un par de días | relative_day(+2)
fechas2/train/fechas2_009696.es.wav,el viernes gracias | next_day('friday')
fechas2/train/fechas2_009697.es.wav,por favor el martes que viene | next_day('tuesday')
fechas2/train/fechas2_009698.es.wav,el lunes | next_day('monday')
fechas2/train/fechas2_009699.es.wav,el próximo miércoles | next_day('wednesday')
fechas2/train/fechas2_009700.es.wav,en un par de días | relative_day(+2)
fechas2/train/fechas2_009701.es.wav,el martes siguiente | next_day('tuesday')
fechas2/train/fechas2_009702.es.wav,el jueves que viene gracias | next_day('thursday')
fechas2/train/fechas2_009703.es.wav,este miércoles | next_day('wednesday')
fechas2/train/fechas2_009704.es.wav,pasado mañana | relative_day(+2)
fechas2/train/fechas2_009705.es.wav,el lunes por favor | next_day('monday')
fechas2/train/fechas2_009706.es.wav,el martes | next_day('tuesday')
fechas2/train/fechas2_009707.es.wav,el viernes | next_day('friday')
fechas2/train/fechas2_009708.es.wav,este jueves que viene | next_day('thursday')
fechas2/train/fechas2_009709.es.wav,el próximo viernes | next_day('friday')
fechas2/train/fechas2_009710.es.wav,en un par de días | relative_day(+2)
fechas2/train/fechas2_009711.es.wav,el miércoles siguiente | next_day('wednesday')
fechas2/train/fechas2_009712.es.wav,el jueves que viene | next_day('thursday')
fechas2/train/fechas2_009713.es.wav,este viernes próximo | next_day('friday')
fechas2/train/fechas2_009714.es.wav,pasado mañana gracias | relative_day(+2)
fechas2/train/fechas2_009715.es.wav,el próximo viernes | next_day('friday')
fechas2/train/fechas2_009716.es.wav,el siguiente miércoles | next_day('wednesday')
fechas2/train/fechas2_009717.es.wav,en un par de días gracias | relative_day(+2)
fechas2/train/fechas2_009718.es.wav,el siguiente lunes por favor | next_day('monday')
fechas2/train/fechas2_009719.es.wav,el siguiente martes | next_day('tuesday')
fechas2/train/fechas2_009720.es.wav,este lunes próximo gracias | next_day('monday')
fechas2/train/fechas2_009721.es.wav,este miércoles próximo | next_day('wednesday')
fechas2/train/fechas2_009722.es.wav,el lunes | next_day('monday')
fechas2/train/fechas2_009723.es.wav,por favor el lunes próximo | next_day('monday')
fechas2/train/fechas2_009724.es.wav,el siguiente jueves | next_day('thursday')
fechas2/train/fechas2_009725.es.wav,por favor el lunes que viene | next_day('monday')
fechas2/train/fechas2_009726.es.wav,el próximo lunes por favor | next_day('monday')
fechas2/train/fechas2_009727.es.wav,el próximo jueves | next_day('thursday')
fechas2/train/fechas2_009728.es.wav,por favor en tres días | relative_day(+3)
fechas2/train/fechas2_009729.es.wav,el siguiente miércoles | next_day('wednesday')
fechas2/train/fechas2_009730.es.wav,este miércoles | next_day('wednesday')
fechas2/train/fechas2_009731.es.wav,en un par de días gracias | relative_day(+2)
fechas2/train/fechas2_009732.es.wav,en un par de días | relative_day(+2)
fechas2/train/fechas2_009733.es.wav,el viernes siguiente por favor | next_day('friday')
fechas2/train/fechas2_009734.es.wav,este lunes por favor | next_day('monday')
fechas2/train/fechas2_009735.es.wav,este jueves | next_day('thursday')
fechas2/train/fechas2_009736.es.wav,este miércoles que viene | next_day('wednesday')
fechas2/train/fechas2_009737.es.wav,por favor el lunes que viene | next_day('monday')
fechas2/train/fechas2_009738.es.wav,el próximo jueves gracias | next_day('thursday')
fechas2/train/fechas2_009739.es.wav,este miércoles por favor | next_day('wednesday')
fechas2/train/fechas2_009740.es.wav,el jueves | next_day('thursday')
fechas2/train/fechas2_009741.es.wav,este lunes próximo por favor | next_day('monday')
fechas2/train/fechas2_009742.es.wav,en un par de días | relative_day(+2)
fechas2/train/fechas2_009743.es.wav,este viernes siguiente | next_day('friday')
fechas2/train/fechas2_009744.es.wav,el siguiente martes por favor | next_day('tuesday')
fechas2/train/fechas2_009745.es.wav,este lunes por favor | next_day('monday')
fechas2/train/fechas2_009746.es.wav,el siguiente lunes | next_day('monday')
fechas2/train/fechas2_009747.es.wav,en un par de días | relative_day(+2)
fechas2/train/fechas2_009748.es.wav,el miércoles próximo | next_day('wednesday')
fechas2/train/fechas2_009749.es.wav,el siguiente jueves gracias | next_day('thursday')
fechas2/train/fechas2_009750.es.wav,en un par de días | relative_day(+2)
fechas2/train/fechas2_009751.es.wav,por favor en tres días | relative_day(+3)
fechas2/train/fechas2_009752.es.wav,el viernes que viene | next_day('friday')
fechas2/train/fechas2_009753.es.wav,en tres días | relative_day(+3)
fechas2/train/fechas2_009754.es.wav,mañana por favor | relative_day(+1)
fechas2/train/fechas2_009755.es.wav,en tres días | relative_day(+3)
fechas2/train/fechas2_009756.es.wav,el próximo lunes | next_day('monday')
fechas2/train/fechas2_009757.es.wav,el lunes que viene gracias | next_day('monday')
fechas2/train/fechas2_009758.es.wav,mañana | relative_day(+1)
fechas2/train/fechas2_009759.es.wav,por favor este jueves | next_day('thursday')
fechas2/train/fechas2_009760.es.wav,este lunes próximo | next_day('monday')
fechas2/train/fechas2_009761.es.wav,pasado mañana | relative_day(+2)
fechas2/train/fechas2_009762.es.wav,este lunes | next_day('monday')
fechas2/train/fechas2_009763.es.wav,en un par de días por favor | relative_day(+2)
fechas2/train/fechas2_009764.es.wav,el próximo jueves | next_day('thursday')
fechas2/train/fechas2_009765.es.wav,el viernes gracias | next_day('friday')
fechas2/train/fechas2_009766.es.wav,el siguiente miércoles | next_day('wednesday')
fechas2/train/fechas2_009767.es.wav,por favor este miércoles siguiente | next_day('wednesday')
fechas2/train/fechas2_009768.es.wav,el viernes próximo gracias | next_day('friday')
fechas2/train/fechas2_009769.es.wav,el miércoles siguiente por favor | next_day('wednesday')
fechas2/train/fechas2_009770.es.wav,el viernes | next_day('friday')
fechas2/train/fechas2_009771.es.wav,el lunes | next_day('monday')
fechas2/train/fechas2_009772.es.wav,el próximo jueves por favor | next_day('thursday')
fechas2/train/fechas2_009773.es.wav,por favor el viernes siguiente | next_day('friday')
fechas2/train/fechas2_009774.es.wav,este jueves siguiente | next_day('thursday')
fechas2/train/fechas2_009775.es.wav,en tres días | relative_day(+3)
fechas2/train/fechas2_009776.es.wav,pasado mañana | relative_day(+2)
fechas2/train/fechas2_009777.es.wav,este lunes siguiente | next_day('monday')
fechas2/train/fechas2_009778.es.wav,este lunes | next_day('monday')
fechas2/train/fechas2_009779.es.wav,el jueves que viene por favor | next_day('thursday')
fechas2/train/fechas2_009780.es.wav,este jueves próximo | next_day('thursday')
fechas2/train/fechas2_009781.es.wav,el jueves | next_day('thursday')
fechas2/train/fechas2_009782.es.wav,el siguiente miércoles por favor | next_day('wednesday')
fechas2/train/fechas2_009783.es.wav,por favor el miércoles | next_day('wednesday')
fechas2/train/fechas2_009784.es.wav,en un par de días | relative_day(+2)
fechas2/train/fechas2_009785.es.wav,el próximo jueves gracias | next_day('thursday')
fechas2/train/fechas2_009786.es.wav,el siguiente martes gracias | next_day('tuesday')
fechas2/train/fechas2_009787.es.wav,el próximo viernes | next_day('friday')
fechas2/train/fechas2_009788.es.wav,pasado mañana | relative_day(+2)
fechas2/train/fechas2_009789.es.wav,el próximo jueves | next_day('thursday')
fechas2/train/fechas2_009790.es.wav,en un par de días | relative_day(+2)
fechas2/train/fechas2_009791.es.wav,este jueves | next_day('thursday')
fechas2/train/fechas2_009792.es.wav,el próximo viernes | next_day('friday')
fechas2/train/fechas2_009793.es.wav,este jueves que viene gracias | next_day('thursday')
fechas2/train/fechas2_009794.es.wav,este martes próximo | next_day('tuesday')
fechas2/train/fechas2_009795.es.wav,por favor el próximo martes | next_day('tuesday')
fechas2/train/fechas2_009796.es.wav,el jueves gracias | next_day('thursday')
fechas2/train/fechas2_009797.es.wav,pasado mañana | relative_day(+2)
fechas2/train/fechas2_009798.es.wav,el viernes que viene por favor | next_day('friday')
fechas2/train/fechas2_009799.es.wav,por favor este lunes que viene | next_day('monday')
fechas2/train/fechas2_009800.es.wav,por favor este miércoles | next_day('wednesday')
fechas2/train/fechas2_009801.es.wav,pasado mañana | relative_day(+2)
fechas2/train/fechas2_009802.es.wav,por favor el jueves | next_day('thursday')
fechas2/train/fechas2_009803.es.wav,por favor el viernes | next_day('friday')
fechas2/train/fechas2_009804.es.wav,este miércoles | next_day('wednesday')
fechas2/train/fechas2_009805.es.wav,este martes por favor | next_day('tuesday')
fechas2/train/fechas2_009806.es.wav,este martes que viene | next_day('tuesday')
fechas2/train/fechas2_009807.es.wav,este jueves | next_day('thursday')
fechas2/train/fechas2_009808.es.wav,este jueves | next_day('thursday')
fechas2/train/fechas2_009809.es.wav,este lunes | next_day('monday')
fechas2/train/fechas2_009810.es.wav,en un par de días | relative_day(+2)
fechas2/train/fechas2_009811.es.wav,pasado mañana | relative_day(+2)
fechas2/train/fechas2_009812.es.wav,en tres días | relative_day(+3)
fechas2/train/fechas2_009813.es.wav,por favor en tres días | relative_day(+3)
fechas2/train/fechas2_009814.es.wav,este lunes que viene | next_day('monday')
fechas2/train/fechas2_009815.es.wav,el viernes siguiente | next_day('friday')
fechas2/train/fechas2_009816.es.wav,por favor este martes | next_day('tuesday')
fechas2/train/fechas2_009817.es.wav,por favor el miércoles | next_day('wednesday')
fechas2/train/fechas2_009818.es.wav,este miércoles gracias | next_day('wednesday')
fechas2/train/fechas2_009819.es.wav,el jueves que viene | next_day('thursday')
fechas2/train/fechas2_009820.es.wav,el martes | next_day('tuesday')
fechas2/train/fechas2_009821.es.wav,el lunes próximo gracias | next_day('monday')
fechas2/train/fechas2_009822.es.wav,este martes que viene | next_day('tuesday')
fechas2/train/fechas2_009823.es.wav,el próximo viernes | next_day('friday')
fechas2/train/fechas2_009824.es.wav,pasado mañana gracias | relative_day(+2)
fechas2/train/fechas2_009825.es.wav,el jueves | next_day('thursday')
fechas2/train/fechas2_009826.es.wav,por favor este martes | next_day('tuesday')
fechas2/train/fechas2_009827.es.wav,en tres días | relative_day(+3)
fechas2/train/fechas2_009828.es.wav,por favor el martes | next_day('tuesday')
fechas2/train/fechas2_009829.es.wav,este martes | next_day('tuesday')
fechas2/train/fechas2_009830.es.wav,el miércoles | next_day('wednesday')
fechas2/train/fechas2_009831.es.wav,por favor este martes | next_day('tuesday')
fechas2/train/fechas2_009832.es.wav,el siguiente viernes | next_day('friday')
fechas2/train/fechas2_009833.es.wav,por favor el lunes que viene | next_day('monday')
fechas2/train/fechas2_009834.es.wav,este lunes | next_day('monday')
fechas2/train/fechas2_009835.es.wav,el próximo miércoles por favor | next_day('wednesday')
fechas2/train/fechas2_009836.es.wav,mañana | relative_day(+1)
fechas2/train/fechas2_009837.es.wav,en un par de días | relative_day(+2)
fechas2/train/fechas2_009838.es.wav,en tres días | relative_day(+3)
fechas2/train/fechas2_009839.es.wav,el próximo viernes por favor | next_day('friday')
fechas2/train/fechas2_009840.es.wav,este jueves | next_day('thursday')
fechas2/train/fechas2_009841.es.wav,el siguiente viernes | next_day('friday')
fechas2/train/fechas2_009842.es.wav,este martes gracias | next_day('tuesday')
fechas2/train/fechas2_009843.es.wav,el jueves | next_day('thursday')
fechas2/train/fechas2_009844.es.wav,por favor en tres días | relative_day(+3)
fechas2/train/fechas2_009845.es.wav,el siguiente lunes | next_day('monday')
fechas2/train/fechas2_009846.es.wav,en tres días | relative_day(+3)
fechas2/train/fechas2_009847.es.wav,el siguiente viernes | next_day('friday')
fechas2/train/fechas2_009848.es.wav,por favor este viernes siguiente | next_day('friday')
fechas2/train/fechas2_009849.es.wav,el miércoles | next_day('wednesday')
fechas2/train/fechas2_009850.es.wav,en tres días | relative_day(+3)
fechas2/train/fechas2_009851.es.wav,el próximo lunes por favor | next_day('monday')
fechas2/train/fechas2_009852.es.wav,pasado mañana | relative_day(+2)
fechas2/train/fechas2_009853.es.wav,pasado mañana | relative_day(+2)
fechas2/train/fechas2_009854.es.wav,este lunes | next_day('monday')
fechas2/train/fechas2_009855.es.wav,en un par de días | relative_day(+2)
fechas2/train/fechas2_009856.es.wav,en un par de días gracias | relative_day(+2)
fechas2/train/fechas2_009857.es.wav,por favor el viernes | next_day('friday')
fechas2/train/fechas2_009858.es.wav,por favor este viernes siguiente | next_day('friday')
fechas2/train/fechas2_009859.es.wav,pasado mañana | relative_day(+2)
fechas2/train/fechas2_009860.es.wav,pasado mañana | relative_day(+2)
fechas2/train/fechas2_009861.es.wav,por favor este martes | next_day('tuesday')
fechas2/train/fechas2_009862.es.wav,el próximo viernes | next_day('friday')
fechas2/train/fechas2_009863.es.wav,el lunes siguiente por favor | next_day('monday')
fechas2/train/fechas2_009864.es.wav,en un par de días por favor | relative_day(+2)
fechas2/train/fechas2_009865.es.wav,el próximo miércoles | next_day('wednesday')
fechas2/train/fechas2_009866.es.wav,este jueves gracias | next_day('thursday')
fechas2/train/fechas2_009867.es.wav,el siguiente miércoles por favor | next_day('wednesday')
fechas2/train/fechas2_009868.es.wav,el viernes gracias | next_day('friday')
fechas2/train/fechas2_009869.es.wav,por favor el lunes próximo | next_day('monday')
fechas2/train/fechas2_009870.es.wav,este lunes siguiente | next_day('monday')
fechas2/train/fechas2_009871.es.wav,el lunes siguiente | next_day('monday')
fechas2/train/fechas2_009872.es.wav,pasado mañana gracias | relative_day(+2)
fechas2/train/fechas2_009873.es.wav,el siguiente lunes | next_day('monday')
fechas2/train/fechas2_009874.es.wav,el siguiente viernes | next_day('friday')
fechas2/train/fechas2_009875.es.wav,el siguiente jueves | next_day('thursday')
fechas2/train/fechas2_009876.es.wav,el jueves | next_day('thursday')
fechas2/train/fechas2_009877.es.wav,por favor este viernes siguiente | next_day('friday')
fechas2/train/fechas2_009878.es.wav,el lunes por favor | next_day('monday')
fechas2/train/fechas2_009879.es.wav,el próximo viernes | next_day('friday')
fechas2/train/fechas2_009880.es.wav,el martes que viene | next_day('tuesday')
fechas2/train/fechas2_009881.es.wav,el siguiente martes por favor | next_day('tuesday')
fechas2/train/fechas2_009882.es.wav,el siguiente lunes | next_day('monday')
fechas2/train/fechas2_009883.es.wav,este jueves | next_day('thursday')
fechas2/train/fechas2_009884.es.wav,el jueves | next_day('thursday')
fechas2/train/fechas2_009885.es.wav,el jueves próximo gracias | next_day('thursday')
fechas2/train/fechas2_009886.es.wav,este viernes que viene | next_day('friday')
fechas2/train/fechas2_009887.es.wav,el siguiente viernes por favor | next_day('friday')
fechas2/train/fechas2_009888.es.wav,por favor el siguiente lunes | next_day('monday')
fechas2/train/fechas2_009889.es.wav,este jueves que viene | next_day('thursday')
fechas2/train/fechas2_009890.es.wav,por favor el siguiente lunes | next_day('monday')
fechas2/train/fechas2_009891.es.wav,pasado mañana | relative_day(+2)
fechas2/train/fechas2_009892.es.wav,el jueves que viene | next_day('thursday')
fechas2/train/fechas2_009893.es.wav,el siguiente martes | next_day('tuesday')
fechas2/train/fechas2_009894.es.wav,el próximo miércoles | next_day('wednesday')
fechas2/train/fechas2_009895.es.wav,por favor este viernes próximo | next_day('friday')
fechas2/train/fechas2_009896.es.wav,el próximo viernes | next_day('friday')
fechas2/train/fechas2_009897.es.wav,el viernes que viene por favor | next_day('friday')
fechas2/train/fechas2_009898.es.wav,por favor el próximo miércoles | next_day('wednesday')
fechas2/train/fechas2_009899.es.wav,por favor este miércoles próximo | next_day('wednesday')
fechas2/train/fechas2_009900.es.wav,este miércoles por favor | next_day('wednesday')
fechas2/train/fechas2_009901.es.wav,por favor en tres días | relative_day(+3)
fechas2/train/fechas2_009902.es.wav,en tres días por favor | relative_day(+3)
fechas2/train/fechas2_009903.es.wav,el próximo martes | next_day('tuesday')
fechas2/train/fechas2_009904.es.wav,este jueves siguiente | next_day('thursday')
fechas2/train/fechas2_009905.es.wav,este martes | next_day('tuesday')
fechas2/train/fechas2_009906.es.wav,el jueves | next_day('thursday')
fechas2/train/fechas2_009907.es.wav,este martes próximo | next_day('tuesday')
fechas2/train/fechas2_009908.es.wav,en tres días | relative_day(+3)
fechas2/train/fechas2_009909.es.wav,el jueves siguiente por favor | next_day('thursday')
fechas2/train/fechas2_009910.es.wav,el miércoles | next_day('wednesday')
fechas2/train/fechas2_009911.es.wav,en tres días | relative_day(+3)
fechas2/train/fechas2_009912.es.wav,el próximo viernes | next_day('friday')
fechas2/train/fechas2_009913.es.wav,el próximo viernes | next_day('friday')
fechas2/train/fechas2_009914.es.wav,el lunes | next_day('monday')
fechas2/train/fechas2_009915.es.wav,por favor el jueves | next_day('thursday')
fechas2/train/fechas2_009916.es.wav,el próximo miércoles | next_day('wednesday')
fechas2/train/fechas2_009917.es.wav,el martes por favor | next_day('tuesday')
fechas2/train/fechas2_009918.es.wav,este miércoles gracias | next_day('wednesday')
fechas2/train/fechas2_009919.es.wav,en un par de días por favor | relative_day(+2)
fechas2/train/fechas2_009920.es.wav,el miércoles | next_day('wednesday')
fechas2/train/fechas2_009921.es.wav,en tres días | relative_day(+3)
fechas2/train/fechas2_009922.es.wav,mañana | relative_day(+1)
fechas2/train/fechas2_009923.es.wav,este martes que viene | next_day('tuesday')
fechas2/train/fechas2_009924.es.wav,el próximo jueves | next_day('thursday')
fechas2/train/fechas2_009925.es.wav,en un par de días | relative_day(+2)
fechas2/train/fechas2_009926.es.wav,el martes próximo | next_day('tuesday')
fechas2/train/fechas2_009927.es.wav,en un par de días | relative_day(+2)
fechas2/train/fechas2_009928.es.wav,este jueves siguiente | next_day('thursday')
fechas2/train/fechas2_009929.es.wav,este viernes próximo | next_day('friday')
fechas2/train/fechas2_009930.es.wav,el próximo miércoles gracias | next_day('wednesday')
fechas2/train/fechas2_009931.es.wav,en un par de días | relative_day(+2)
fechas2/train/fechas2_009932.es.wav,el próximo viernes | next_day('friday')
fechas2/train/fechas2_009933.es.wav,en tres días gracias | relative_day(+3)
fechas2/train/fechas2_009934.es.wav,mañana | relative_day(+1)
fechas2/train/fechas2_009935.es.wav,pasado mañana | relative_day(+2)
fechas2/train/fechas2_009936.es.wav,este miércoles próximo | next_day('wednesday')
fechas2/train/fechas2_009937.es.wav,el lunes que viene gracias | next_day('monday')
fechas2/train/fechas2_009938.es.wav,el siguiente jueves | next_day('thursday')
fechas2/train/fechas2_009939.es.wav,pasado mañana | relative_day(+2)
fechas2/train/fechas2_009940.es.wav,este martes que viene | next_day('tuesday')
fechas2/train/fechas2_009941.es.wav,el siguiente viernes | next_day('friday')
fechas2/train/fechas2_009942.es.wav,en un par de días | relative_day(+2)
fechas2/train/fechas2_009943.es.wav,por favor mañana | relative_day(+1)
fechas2/train/fechas2_009944.es.wav,este jueves | next_day('thursday')
fechas2/train/fechas2_009945.es.wav,pasado mañana | relative_day(+2)
fechas2/train/fechas2_009946.es.wav,pasado mañana por favor | relative_day(+2)
fechas2/train/fechas2_009947.es.wav,el miércoles | next_day('wednesday')
fechas2/train/fechas2_009948.es.wav,el siguiente martes gracias | next_day('tuesday')
fechas2/train/fechas2_009949.es.wav,este miércoles | next_day('wednesday')
fechas2/train/fechas2_009950.es.wav,el siguiente lunes | next_day('monday')
fechas2/train/fechas2_009951.es.wav,el jueves | next_day('thursday')
fechas2/train/fechas2_009952.es.wav,el próximo viernes gracias | next_day('friday')
fechas2/train/fechas2_009953.es.wav,el jueves que viene | next_day('thursday')
fechas2/train/fechas2_009954.es.wav,mañana gracias | relative_day(+1)
fechas2/train/fechas2_009955.es.wav,el siguiente lunes | next_day('monday')
fechas2/train/fechas2_009956.es.wav,este martes por favor | next_day('tuesday')
fechas2/train/fechas2_009957.es.wav,el lunes | next_day('monday')
fechas2/train/fechas2_009958.es.wav,por favor pasado mañana | relative_day(+2)
fechas2/train/fechas2_009959.es.wav,el lunes que viene | next_day('monday')
fechas2/train/fechas2_009960.es.wav,este martes | next_day('tuesday')
fechas2/train/fechas2_009961.es.wav,por favor el siguiente lunes | next_day('monday')
fechas2/train/fechas2_009962.es.wav,el lunes | next_day('monday')
fechas2/train/fechas2_009963.es.wav,por favor el siguiente lunes | next_day('monday')
fechas2/train/fechas2_009964.es.wav,el siguiente lunes | next_day('monday')
fechas2/train/fechas2_009965.es.wav,este martes | next_day('tuesday')
fechas2/train/fechas2_009966.es.wav,en tres días gracias | relative_day(+3)
fechas2/train/fechas2_009967.es.wav,por favor este viernes | next_day('friday')
fechas2/train/fechas2_009968.es.wav,por favor este miércoles | next_day('wednesday')
fechas2/train/fechas2_009969.es.wav,el próximo jueves gracias | next_day('thursday')
fechas2/train/fechas2_009970.es.wav,mañana | relative_day(+1)
fechas2/train/fechas2_009971.es.wav,el siguiente jueves | next_day('thursday')
fechas2/train/fechas2_009972.es.wav,en un par de días | relative_day(+2)
fechas2/train/fechas2_009973.es.wav,este martes por favor | next_day('tuesday')
fechas2/train/fechas2_009974.es.wav,el próximo lunes | next_day('monday')
fechas2/train/fechas2_009975.es.wav,pasado mañana | relative_day(+2)
fechas2/train/fechas2_009976.es.wav,el próximo martes por favor | next_day('tuesday')
fechas2/train/fechas2_009977.es.wav,el próximo miércoles | next_day('wednesday')
fechas2/train/fechas2_009978.es.wav,el siguiente viernes | next_day('friday')
fechas2/train/fechas2_009979.es.wav,este lunes próximo | next_day('monday')
fechas2/train/fechas2_009980.es.wav,el próximo martes | next_day('tuesday')
fechas2/train/fechas2_009981.es.wav,el lunes gracias | next_day('monday')
fechas2/train/fechas2_009982.es.wav,el lunes que viene | next_day('monday')
fechas2/train/fechas2_009983.es.wav,en un par de días | relative_day(+2)
fechas2/train/fechas2_009984.es.wav,por favor el jueves siguiente | next_day('thursday')
fechas2/train/fechas2_009985.es.wav,el jueves gracias | next_day('thursday')
fechas2/train/fechas2_009986.es.wav,en tres días gracias | relative_day(+3)
fechas2/train/fechas2_009987.es.wav,el próximo miércoles gracias | next_day('wednesday')
fechas2/train/fechas2_009988.es.wav,el viernes próximo | next_day('friday')
fechas2/train/fechas2_009989.es.wav,en tres días | relative_day(+3)
fechas2/train/fechas2_009990.es.wav,este jueves que viene por favor | next_day('thursday')
fechas2/train/fechas2_009991.es.wav,el siguiente lunes | next_day('monday')
fechas2/train/fechas2_009992.es.wav,en tres días | relative_day(+3)
fechas2/train/fechas2_009993.es.wav,el siguiente jueves por favor | next_day('thursday')
fechas2/train/fechas2_009994.es.wav,mañana gracias | relative_day(+1)
fechas2/train/fechas2_009995.es.wav,el lunes próximo por favor | next_day('monday')
fechas2/train/fechas2_009996.es.wav,este jueves próximo | next_day('thursday')
fechas2/train/fechas2_009997.es.wav,por favor este miércoles próximo | next_day('wednesday')
fechas2/train/fechas2_009998.es.wav,por favor en un par de días | relative_day(+2)
fechas2/train/fechas2_009999.es.wav,en tres días | relative_day(+3)
