wav,txt
fechas2/train/fechas2_000000.en.wav,please next thursday | next_day('thursday')
fechas2/train/fechas2_000001.en.wav,next friday | next_day('friday')
fechas2/train/fechas2_000002.en.wav,friday thank you | next_day('friday')
fechas2/train/fechas2_000003.en.wav,tuesday please | next_day('tuesday')
fechas2/train/fechas2_000004.en.wav,tomorrow | relative_day(+1)
fechas2/train/fechas2_000005.en.wav,this coming friday thanks | next_day('friday')
fechas2/train/fechas2_000006.en.wav,the day after tomorrow | relative_day(+2)
fechas2/train/fechas2_000007.en.wav,please this coming tuesday | next_day('tuesday')
fechas2/train/fechas2_000008.en.wav,tomorrow | relative_day(+1)
fechas2/train/fechas2_000009.en.wav,next monday | next_day('monday')
fechas2/train/fechas2_000010.en.wav,next thursday | next_day('thursday')
fechas2/train/fechas2_000011.en.wav,this coming friday thanks | next_day('friday')
fechas2/train/fechas2_000012.en.wav,next friday please | next_day('friday')
fechas2/train/fechas2_000013.en.wav,this tuesday | next_day('tuesday')
fechas2/train/fechas2_000014.en.wav,please tomorrow | relative_day(+1)
fechas2/train/fechas2_000015.en.wav,in three days | relative_day(+3)
fechas2/train/fechas2_000016.en.wav,please next tuesday | next_day('tuesday')
fechas2/train/fechas2_000017.en.wav,next monday | next_day('monday')
fechas2/train/fechas2_000018.en.wav,please next friday | next_day('friday')
fechas2/train/fechas2_000019.en.wav,in three days | relative_day(+3)
fechas2/train/fechas2_000020.en.wav,tuesday thank you. | next_day('tuesday')
fechas2/train/fechas2_000021.en.wav,in a couple of days | relative_day(+2)
fechas2/train/fechas2_000022.en.wav,this monday | next_day('monday')
fechas2/train/fechas2_000023.en.wav,next friday | next_day('friday')
fechas2/train/fechas2_000024.en.wav,next friday | next_day('friday')
fechas2/train/fechas2_000025.en.wav,please in a couple of days | relative_day(+2)
fechas2/train/fechas2_000026.en.wav,tuesday | next_day('tuesday')
fechas2/train/fechas2_000027.en.wav,in three days | relative_day(+3)
fechas2/train/fechas2_000028.en.wav,please tomorrow | relative_day(+1)
fechas2/train/fechas2_000029.en.wav,this coming wednesday please | next_day('wednesday')
fechas2/train/fechas2_000030.en.wav,please in a couple of days | relative_day(+2)
fechas2/train/fechas2_000031.en.wav,please next tuesday | next_day('tuesday')
fechas2/train/fechas2_000032.en.wav,next friday thank you | next_day('friday')
fechas2/train/fechas2_000033.en.wav,the following tuesday | next_day('tuesday')
fechas2/train/fechas2_000034.en.wav,tuesday | next_day('tuesday')
fechas2/train/fechas2_000035.en.wav,this monday | next_day('monday')
fechas2/train/fechas2_000036.en.wav,this coming wednesday | next_day('wednesday')
fechas2/train/fechas2_000037.en.wav,the day after tomorrow | relative_day(+2)
fechas2/train/fechas2_000038.en.wav,this coming tuesday | next_day('tuesday')
fechas2/train/fechas2_000039.en.wav,thursday please | next_day('thursday')
fechas2/train/fechas2_000040.en.wav,wednesday | next_day('wednesday')
fechas2/train/fechas2_000041.en.wav,this coming monday please | next_day('monday')
fechas2/train/fechas2_000042.en.wav,in three days thanks | relative_day(+3)
fechas2/train/fechas2_000043.en.wav,wednesday | next_day('wednesday')
fechas2/train/fechas2_000044.en.wav,wednesday | next_day('wednesday')
fechas2/train/fechas2_000045.en.wav,this friday | next_day('friday')
fechas2/train/fechas2_000046.en.wav,next friday thank you | next_day('friday')
fechas2/train/fechas2_000047.en.wav,in a couple of days please | relative_day(+2)
fechas2/train/fechas2_000048.en.wav,this coming tuesday | next_day('tuesday')
fechas2/train/fechas2_000049.en.wav,in a couple of days | relative_day(+2)
fechas2/train/fechas2_000050.en.wav,next friday | next_day('friday')
fechas2/train/fechas2_000051.en.wav,in three days thanks | relative_day(+3)
fechas2/train/fechas2_000052.en.wav,please this coming tuesday | next_day('tuesday')
fechas2/train/fechas2_000053.en.wav,wednesday please | next_day('wednesday')
fechas2/train/fechas2_000054.en.wav,next friday | next_day('friday')
fechas2/train/fechas2_000055.en.wav,please this coming monday | next_day('monday')
fechas2/train/fechas2_000056.en.wav,tuesday thank you. | next_day('tuesday')
fechas2/train/fechas2_000057.en.wav,next thursday | next_day('thursday')
fechas2/train/fechas2_000058.en.wav,tomorrow thank you | relative_day(+1)
fechas2/train/fechas2_000059.en.wav,tuesday | next_day('tuesday')
fechas2/train/fechas2_000060.en.wav,this friday thank you | next_day('friday')
fechas2/train/fechas2_000061.en.wav,monday thank you | next_day('monday')
fechas2/train/fechas2_000062.en.wav,the day after tomorrow | relative_day(+2)
fechas2/train/fechas2_000063.en.wav,please next wednesday | next_day('wednesday')
fechas2/train/fechas2_000064.en.wav,next tuesday | next_day('tuesday')
fechas2/train/fechas2_000065.en.wav,next thursday | next_day('thursday')
fechas2/train/fechas2_000066.en.wav,this monday thank you | next_day('monday')
fechas2/train/fechas2_000067.en.wav,this coming tuesday | next_day('tuesday')
fechas2/train/fechas2_000068.en.wav,next friday | next_day('friday')
fechas2/train/fechas2_000069.en.wav,next tuesday thank you | next_day('tuesday')
fechas2/train/fechas2_000070.en.wav,next wednesday | next_day('wednesday')
fechas2/train/fechas2_000071.en.wav,next friday please | next_day('friday')
fechas2/train/fechas2_000072.en.wav,please this wednesday | next_day('wednesday')
fechas2/train/fechas2_000073.en.wav,next wednesday | next_day('wednesday')
fechas2/train/fechas2_000074.en.wav,wednesday | next_day('wednesday')
fechas2/train/fechas2_000075.en.wav,this coming tuesday | next_day('tuesday')
fechas2/train/fechas2_000076.en.wav,please in three days | relative_day(+3)
fechas2/train/fechas2_000077.en.wav,next friday | next_day('friday')
fechas2/train/fechas2_000078.en.wav,wednesday thank you | next_day('wednesday')
fechas2/train/fechas2_000079.en.wav,friday | next_day('friday')
fechas2/train/fechas2_000080.en.wav,tuesday | next_day('tuesday')
fechas2/train/fechas2_000081.en.wav,this coming friday please | next_day('friday')
fechas2/train/fechas2_000082.en.wav,next friday | next_day('friday')
fechas2/train/fechas2_000083.en.wav,the day after tomorrow please | relative_day(+2)
fechas2/train/fechas2_000084.en.wav,next tuesday thanks | next_day('tuesday')
fechas2/train/fechas2_000085.en.wav,this coming monday | next_day('monday')
fechas2/train/fechas2_000086.en.wav,tuesday thank you. | next_day('tuesday')
fechas2/train/fechas2_000087.en.wav,in a couple of days thanks | relative_day(+2)
fechas2/train/fechas2_000088.en.wav,this tuesday | next_day('tuesday')
fechas2/train/fechas2_000089.en.wav,please in a couple of days | relative_day(+2)
fechas2/train/fechas2_000090.en.wav,the following thursday | next_day('thursday')
fechas2/train/fechas2_000091.en.wav,next monday please | next_day('monday')
fechas2/train/fechas2_000092.en.wav,please this friday | next_day('friday')
fechas2/train/fechas2_000093.en.wav,please next tuesday | next_day('tuesday')
fechas2/train/fechas2_000094.en.wav,day after tomorrow | relative_day(+2)
fechas2/train/fechas2_000095.en.wav,this monday | next_day('monday')
fechas2/train/fechas2_000096.en.wav,this monday | next_day('monday')
fechas2/train/fechas2_000097.en.wav,next tuesday | next_day('tuesday')
fechas2/train/fechas2_000098.en.wav,this coming tuesday | next_day('tuesday')
fechas2/train/fechas2_000099.en.wav,next tuesday | next_day('tuesday')
fechas2/train/fechas2_000100.en.wav,this friday | next_day('friday')
fechas2/train/fechas2_000101.en.wav,next friday | next_day('friday')
fechas2/train/fechas2_000102.en.wav,friday | next_day('friday')
fechas2/train/fechas2_000103.en.wav,in a couple of days please | relative_day(+2)
fechas2/train/fechas2_000104.en.wav,this coming friday | next_day('friday')
fechas2/train/fechas2_000105.en.wav,next wednesday please | next_day('wednesday')
fechas2/train/fechas2_000106.en.wav,day after tomorrow | relative_day(+2)
fechas2/train/fechas2_000107.en.wav,tomorrow | relative_day(+1)
fechas2/train/fechas2_000108.en.wav,thursday thank you | next_day('thursday')
fechas2/train/fechas2_000109.en.wav,this monday thank you | next_day('monday')
fechas2/train/fechas2_000110.en.wav,next friday thank you | next_day('friday')
fechas2/train/fechas2_000111.en.wav,wednesday | next_day('wednesday')
fechas2/train/fechas2_000112.en.wav,the day after tomorrow | relative_day(+2)
fechas2/train/fechas2_000113.en.wav,friday please | next_day('friday')
fechas2/train/fechas2_000114.en.wav,next monday | next_day('monday')
fechas2/train/fechas2_000115.en.wav,please this friday | next_day('friday')
fechas2/train/fechas2_000116.en.wav,this tuesday | next_day('tuesday')
fechas2/train/fechas2_000117.en.wav,in a couple of days | relative_day(+2)
fechas2/train/fechas2_000118.en.wav,tuesday please | next_day('tuesday')
fechas2/train/fechas2_000119.en.wav,next wednesday | next_day('wednesday')
fechas2/train/fechas2_000120.en.wav,next thursday | next_day('thursday')
fechas2/train/fechas2_000121.en.wav,next wednesday | next_day('wednesday')
fechas2/train/fechas2_000122.en.wav,wednesday thank you | next_day('wednesday')
fechas2/train/fechas2_000123.en.wav,in a couple of days | relative_day(+2)
fechas2/train/fechas2_000124.en.wav,this coming friday thanks | next_day('friday')
fechas2/train/fechas2_000125.en.wav,please this wednesday | next_day('wednesday')
fechas2/train/fechas2_000126.en.wav,please next wednesday | next_day('wednesday')
fechas2/train/fechas2_000127.en.wav,in three days please | relative_day(+3)
fechas2/train/fechas2_000128.en.wav,wednesday | next_day('wednesday')
fechas2/train/fechas2_000129.en.wav,next wednesday | next_day('wednesday')
fechas2/train/fechas2_000130.en.wav,this coming friday | next_day('friday')
fechas2/train/fechas2_000131.en.wav,next thursday please | next_day('thursday')
fechas2/train/fechas2_000132.en.wav,wednesday | next_day('wednesday')
fechas2/train/fechas2_000133.en.wav,the following tuesday | next_day('tuesday')
fechas2/train/fechas2_000134.en.wav,friday thank you | next_day('friday')
fechas2/train/fechas2_000135.en.wav,this thursday | next_day('thursday')
fechas2/train/fechas2_000136.en.wav,next thursday | next_day('thursday')
fechas2/train/fechas2_000137.en.wav,next wednesday | next_day('wednesday')
fechas2/train/fechas2_000138.en.wav,in three days please | relative_day(+3)
fechas2/train/fechas2_000139.en.wav,this monday | next_day('monday')
fechas2/train/fechas2_000140.en.wav,next monday please | next_day('monday')
fechas2/train/fechas2_000141.en.wav,in three days please | relative_day(+3)
fechas2/train/fechas2_000142.en.wav,this coming monday | next_day('monday')
fechas2/train/fechas2_000143.en.wav,please on wednesday | next_day('wednesday')
fechas2/train/fechas2_000144.en.wav,in a couple of days please | relative_day(+2)
fechas2/train/fechas2_000145.en.wav,next friday thanks | next_day('friday')
fechas2/train/fechas2_000146.en.wav,thursday | next_day('thursday')
fechas2/train/fechas2_000147.en.wav,friday | next_day('friday')
fechas2/train/fechas2_000148.en.wav,this thursday | next_day('thursday')
fechas2/train/fechas2_000149.en.wav,this coming thursday thanks | next_day('thursday')
fechas2/train/fechas2_000150.en.wav,this tuesday | next_day('tuesday')
fechas2/train/fechas2_000151.en.wav,this thursday | next_day('thursday')
fechas2/train/fechas2_000152.en.wav,in three days | relative_day(+3)
fechas2/train/fechas2_000153.en.wav,this wednesday thank you | next_day('wednesday')
fechas2/train/fechas2_000154.en.wav,please in a couple of days | relative_day(+2)
fechas2/train/fechas2_000155.en.wav,next wednesday | next_day('wednesday')
fechas2/train/fechas2_000156.en.wav,this wednesday thank you | next_day('wednesday')
fechas2/train/fechas2_000157.en.wav,monday | next_day('monday')
fechas2/train/fechas2_000158.en.wav,in a couple of days | relative_day(+2)
fechas2/train/fechas2_000159.en.wav,next tuesday | next_day('tuesday')
fechas2/train/fechas2_000160.en.wav,this monday please | next_day('monday')
fechas2/train/fechas2_000161.en.wav,in three days | relative_day(+3)
fechas2/train/fechas2_000162.en.wav,next monday | next_day('monday')
fechas2/train/fechas2_000163.en.wav,in three days | relative_day(+3)
fechas2/train/fechas2_000164.en.wav,in three days | relative_day(+3)
fechas2/train/fechas2_000165.en.wav,monday | next_day('monday')
fechas2/train/fechas2_000166.en.wav,this friday | next_day('friday')
fechas2/train/fechas2_000167.en.wav,please this coming friday | next_day('friday')
fechas2/train/fechas2_000168.en.wav,please this coming tuesday | next_day('tuesday')
fechas2/train/fechas2_000169.en.wav,in a couple of days | relative_day(+2)
fechas2/train/fechas2_000170.en.wav,wednesday | next_day('wednesday')
fechas2/train/fechas2_000171.en.wav,please tomorrow | relative_day(+1)
fechas2/train/fechas2_000172.en.wav,the following thursday | next_day('thursday')
fechas2/train/fechas2_000173.en.wav,this tuesday | next_day('tuesday')
fechas2/train/fechas2_000174.en.wav,this coming tuesday please | next_day('tuesday')
fechas2/train/fechas2_000175.en.wav,this friday thank you | next_day('friday')
fechas2/train/fechas2_000176.en.wav,next tuesday thanks | next_day('tuesday')
fechas2/train/fechas2_000177.en.wav,wednesday | next_day('wednesday')
fechas2/train/fechas2_000178.en.wav,this coming tuesday | next_day('tuesday')
fechas2/train/fechas2_000179.en.wav,please in a couple of days | relative_day(+2)
fechas2/train/fechas2_000180.en.wav,next thursday please | next_day('thursday')
fechas2/train/fechas2_000181.en.wav,next thursday please | next_day('thursday')
fechas2/train/fechas2_000182.en.wav,next monday | next_day('monday')
fechas2/train/fechas2_000183.en.wav,in a couple of days | relative_day(+2)
fechas2/train/fechas2_000184.en.wav,the day after tomorrow | relative_day(+2)
fechas2/train/fechas2_000185.en.wav,the day after tomorrow | relative_day(+2)
fechas2/train/fechas2_000186.en.wav,monday | next_day('monday')
fechas2/train/fechas2_000187.en.wav,tomorrow | relative_day(+1)
fechas2/train/fechas2_000188.en.wav,next wednesday | next_day('wednesday')
fechas2/train/fechas2_000189.en.wav,please tomorrow | relative_day(+1)
fechas2/train/fechas2_000190.en.wav,next monday | next_day('monday')
fechas2/train/fechas2_000191.en.wav,next friday | next_day('friday')
fechas2/train/fechas2_000192.en.wav,next friday | next_day('friday')
fechas2/train/fechas2_000193.en.wav,friday | next_day('friday')
fechas2/train/fechas2_000194.en.wav,next wednesday thank you | next_day('wednesday')
fechas2/train/fechas2_000195.en.wav,this friday | next_day('friday')
fechas2/train/fechas2_000196.en.wav,friday | next_day('friday')
fechas2/train/fechas2_000197.en.wav,next wednesday | next_day('wednesday')
fechas2/train/fechas2_000198.en.wav,this thursday thank you | next_day('thursday')
fechas2/train/fechas2_000199.en.wav,in a couple of days please | relative_day(+2)
fechas2/train/fechas2_000200.en.wav,in a couple of days | relative_day(+2)
fechas2/train/fechas2_000201.en.wav,this wednesday please | next_day('wednesday')
fechas2/train/fechas2_000202.en.wav,please on wednesday | next_day('wednesday')
fechas2/train/fechas2_000203.en.wav,tomorrow | relative_day(+1)
fechas2/train/fechas2_000204.en.wav,next tuesday please | next_day('tuesday')
fechas2/train/fechas2_000205.en.wav,this coming monday | next_day('monday')
fechas2/train/fechas2_000206.en.wav,next tuesday | next_day('tuesday')
fechas2/train/fechas2_000207.en.wav,the day after tomorrow | relative_day(+2)
fechas2/train/fechas2_000208.en.wav,this tuesday | next_day('tuesday')
fechas2/train/fechas2_000209.en.wav,the day after tomorrow | relative_day(+2)
fechas2/train/fechas2_000210.en.wav,this thursday | next_day('thursday')
fechas2/train/fechas2_000211.en.wav,thursday | next_day('thursday')
fechas2/train/fechas2_000212.en.wav,please next tuesday | next_day('tuesday')
fechas2/train/fechas2_000213.en.wav,next monday | next_day('monday')
fechas2/train/fechas2_000214.en.wav,tomorrow please | relative_day(+1)
fechas2/train/fechas2_000215.en.wav,this monday | next_day('monday')
fechas2/train/fechas2_000216.en.wav,next tuesday | next_day('tuesday')
fechas2/train/fechas2_000217.en.wav,next thursday | next_day('thursday')
fechas2/train/fechas2_000218.en.wav,wednesday | next_day('wednesday')
fechas2/train/fechas2_000219.en.wav,next friday please | next_day('friday')
fechas2/train/fechas2_000220.en.wav,the day after tomorrow | relative_day(+2)
fechas2/train/fechas2_000221.en.wav,next monday | next_day('monday')
fechas2/train/fechas2_000222.en.wav,next thursday | next_day('thursday')
fechas2/train/fechas2_000223.en.wav,monday | next_day('monday')
fechas2/train/fechas2_000224.en.wav,next thursday thank you | next_day('thursday')
fechas2/train/fechas2_000225.en.wav,next wednesday | next_day('wednesday')
fechas2/train/fechas2_000226.en.wav,next thursday | next_day('thursday')
fechas2/train/fechas2_000227.en.wav,next tuesday | next_day('tuesday')
fechas2/train/fechas2_000228.en.wav,next tuesday | next_day('tuesday')
fechas2/train/fechas2_000229.en.wav,this coming thursday please | next_day('thursday')
fechas2/train/fechas2_000230.en.wav,monday | next_day('monday')
fechas2/train/fechas2_000231.en.wav,next tuesday | next_day('tuesday')
fechas2/train/fechas2_000232.en.wav,next friday | next_day('friday')
fechas2/train/fechas2_000233.en.wav,please next tuesday | next_day('tuesday')
fechas2/train/fechas2_000234.en.wav,this coming friday thanks | next_day('friday')
fechas2/train/fechas2_000235.en.wav,in a couple of days | relative_day(+2)
fechas2/train/fechas2_000236.en.wav,next friday | next_day('friday')
fechas2/train/fechas2_000237.en.wav,this coming wednesday | next_day('wednesday')
fechas2/train/fechas2_000238.en.wav,next wednesday | next_day('wednesday')
fechas2/train/fechas2_000239.en.wav,this coming monday | next_day('monday')
fechas2/train/fechas2_000240.en.wav,in a couple of days | relative_day(+2)
fechas2/train/fechas2_000241.en.wav,please next monday | next_day('monday')
fechas2/train/fechas2_000242.en.wav,next thursday | next_day('thursday')
fechas2/train/fechas2_000243.en.wav,in three days thanks | relative_day(+3)
fechas2/train/fechas2_000244.en.wav,next friday | next_day('friday')
fechas2/train/fechas2_000245.en.wav,in a couple of days | relative_day(+2)
fechas2/train/fechas2_000246.en.wav,next thursday | next_day('thursday')
fechas2/train/fechas2_000247.en.wav,please in three days | relative_day(+3)
fechas2/train/fechas2_000248.en.wav,next wednesday thanks | next_day('wednesday')
fechas2/train/fechas2_000249.en.wav,please on friday | next_day('friday')
fechas2/train/fechas2_000250.en.wav,this monday | next_day('monday')
fechas2/train/fechas2_000251.en.wav,please next tuesday | next_day('tuesday')
fechas2/train/fechas2_000252.en.wav,this coming friday | next_day('friday')
fechas2/train/fechas2_000253.en.wav,please on tuesday | next_day('tuesday')
fechas2/train/fechas2_000254.en.wav,friday | next_day('friday')
fechas2/train/fechas2_000255.en.wav,in a couple of days thanks | relative_day(+2)
fechas2/train/fechas2_000256.en.wav,next tuesday | next_day('tuesday')
fechas2/train/fechas2_000257.en.wav,please next tuesday | next_day('tuesday')
fechas2/train/fechas2_000258.en.wav,this coming thursday | next_day('thursday')
fechas2/train/fechas2_000259.en.wav,please next friday | next_day('friday')
fechas2/train/fechas2_000260.en.wav,this monday | next_day('monday')
fechas2/train/fechas2_000261.en.wav,next tuesday please | next_day('tuesday')
fechas2/train/fechas2_000262.en.wav,in a couple of days | relative_day(+2)
fechas2/train/fechas2_000263.en.wav,next wednesday please | next_day('wednesday')
fechas2/train/fechas2_000264.en.wav,in a couple of days thanks | relative_day(+2)
fechas2/train/fechas2_000265.en.wav,this tuesday | next_day('tuesday')
fechas2/train/fechas2_000266.en.wav,this tuesday thank you | next_day('tuesday')
fechas2/train/fechas2_000267.en.wav,next wednesday | next_day('wednesday')
fechas2/train/fechas2_000268.en.wav,next friday please | next_day('friday')
fechas2/train/fechas2_000269.en.wav,this wednesday thank you | next_day('wednesday')
fechas2/train/fechas2_000270.en.wav,thursday please | next_day('thursday')
fechas2/train/fechas2_000271.en.wav,please next friday | next_day('friday')
fechas2/train/fechas2_000272.en.wav,next thursday | next_day('thursday')
fechas2/train/fechas2_000273.en.wav,this coming tuesday | next_day('tuesday')
fechas2/train/fechas2_000274.en.wav,please in three days | relative_day(+3)
fechas2/train/fechas2_000275.en.wav,in a couple of days | relative_day(+2)
fechas2/train/fechas2_000276.en.wav,this friday | next_day('friday')
fechas2/train/fechas2_000277.en.wav,in three days | relative_day(+3)
fechas2/train/fechas2_000278.en.wav,next friday please | next_day('friday')
fechas2/train/fechas2_000279.en.wav,this coming friday | next_day('friday')
fechas2/train/fechas2_000280.en.wav,this coming thursday | next_day('thursday')
fechas2/train/fechas2_000281.en.wav,please next monday | next_day('monday')
fechas2/train/fechas2_000282.en.wav,in a couple of days please | relative_day(+2)
fechas2/train/fechas2_000283.en.wav,please this thursday | next_day('thursday')
fechas2/train/fechas2_000284.en.wav,this coming friday thank you | next_day('friday')
fechas2/train/fechas2_000285.en.wav,please next wednesday | next_day('wednesday')
fechas2/train/fechas2_000286.en.wav,thursday | next_day('thursday')
fechas2/train/fechas2_000287.en.wav,please this thursday | next_day('thursday')
fechas2/train/fechas2_000288.en.wav,this coming monday | next_day('monday')
fechas2/train/fechas2_000289.en.wav,this coming monday | next_day('monday')
fechas2/train/fechas2_000290.en.wav,this monday thank you | next_day('monday')
fechas2/train/fechas2_000291.en.wav,this coming tuesday | next_day('tuesday')
fechas2/train/fechas2_000292.en.wav,friday thank you | next_day('friday')
fechas2/train/fechas2_000293.en.wav,next monday | next_day('monday')
fechas2/train/fechas2_000294.en.wav,next monday please | next_day('monday')
fechas2/train/fechas2_000295.en.wav,this wednesday please | next_day('wednesday')
fechas2/train/fechas2_000296.en.wav,next friday | next_day('friday')
fechas2/train/fechas2_000297.en.wav,in three days | relative_day(+3)
fechas2/train/fechas2_000298.en.wav,in a couple of days please | relative_day(+2)
fechas2/train/fechas2_000299.en.wav,please this coming friday | next_day('friday')
fechas2/train/fechas2_000300.en.wav,please next tuesday | next_day('tuesday')
fechas2/train/fechas2_000301.en.wav,in three days please | relative_day(+3)
fechas2/train/fechas2_000302.en.wav,next wednesday | next_day('wednesday')
fechas2/train/fechas2_000303.en.wav,the day after tomorrow thanks | relative_day(+2)
fechas2/train/fechas2_000304.en.wav,friday | next_day('friday')
fechas2/train/fechas2_000305.en.wav,next monday | next_day('monday')
fechas2/train/fechas2_000306.en.wav,tomorrow thank you | relative_day(+1)
fechas2/train/fechas2_000307.en.wav,next thursday please | next_day('thursday')
fechas2/train/fechas2_000308.en.wav,next thursday thank you | next_day('thursday')
fechas2/train/fechas2_000309.en.wav,next friday | next_day('friday')
fechas2/train/fechas2_000310.en.wav,in three days please | relative_day(+3)
fechas2/train/fechas2_000311.en.wav,next thursday | next_day('thursday')
fechas2/train/fechas2_000312.en.wav,in a couple of days please | relative_day(+2)
fechas2/train/fechas2_000313.en.wav,please on thursday | next_day('thursday')
fechas2/train/fechas2_000314.en.wav,this thursday | next_day('thursday')
fechas2/train/fechas2_000315.en.wav,in three days | relative_day(+3)
fechas2/train/fechas2_000316.en.wav,please on thursday | next_day('thursday')
fechas2/train/fechas2_000317.en.wav,this coming friday | next_day('friday')
fechas2/train/fechas2_000318.en.wav,in three days | relative_day(+3)
fechas2/train/fechas2_000319.en.wav,next friday | next_day('friday')
fechas2/train/fechas2_000320.en.wav,please next tuesday | next_day('tuesday')
fechas2/train/fechas2_000321.en.wav,next thursday | next_day('thursday')
fechas2/train/fechas2_000322.en.wav,next thursday please | next_day('thursday')
fechas2/train/fechas2_000323.en.wav,the day after tomorrow | relative_day(+2)
fechas2/train/fechas2_000324.en.wav,next thursday | next_day('thursday')
fechas2/train/fechas2_000325.en.wav,the day after tomorrow | relative_day(+2)
fechas2/train/fechas2_000326.en.wav,in a couple of days | relative_day(+2)
fechas2/train/fechas2_000327.en.wav,next monday | next_day('monday')
fechas2/train/fechas2_000328.en.wav,this thursday | next_day('thursday')
fechas2/train/fechas2_000329.en.wav,this coming friday | next_day('friday')
fechas2/train/fechas2_000330.en.wav,the following tuesday | next_day('tuesday')
fechas2/train/fechas2_000331.en.wav,please this friday | next_day('friday')
fechas2/train/fechas2_000332.en.wav,please next wednesday | next_day('wednesday')
fechas2/train/fechas2_000333.en.wav,thursday | next_day('thursday')
fechas2/train/fechas2_000334.en.wav,please next wednesday | next_day('wednesday')
fechas2/train/fechas2_000335.en.wav,next friday thank you | next_day('friday')
fechas2/train/fechas2_000336.en.wav,next monday | next_day('monday')
fechas2/train/fechas2_000337.en.wav,next monday | next_day('monday')
fechas2/train/fechas2_000338.en.wav,this wednesday please | next_day('wednesday')
fechas2/train/fechas2_000339.en.wav,in a couple of days | relative_day(+2)
fechas2/train/fechas2_000340.en.wav,thursday | next_day('thursday')
fechas2/train/fechas2_000341.en.wav,in three days | relative_day(+3)
fechas2/train/fechas2_000342.en.wav,in three days | relative_day(+3)
fechas2/train/fechas2_000343.en.wav,please next friday | next_day('friday')
fechas2/train/fechas2_000344.en.wav,next thursday please | next_day('thursday')
fechas2/train/fechas2_000345.en.wav,next wednesday please | next_day('wednesday')
fechas2/train/fechas2_000346.en.wav,in a couple of days | relative_day(+2)
fechas2/train/fechas2_000347.en.wav,friday | next_day('friday')
fechas2/train/fechas2_000348.en.wav,tomorrow thank you | relative_day(+1)
fechas2/train/fechas2_000349.en.wav,in a couple of days | relative_day(+2)
fechas2/train/fechas2_000350.en.wav,this thursday please | next_day('thursday')
fechas2/train/fechas2_000351.en.wav,this coming thursday | next_day('thursday')
fechas2/train/fechas2_000352.en.wav,friday please | next_day('friday')
fechas2/train/fechas2_000353.en.wav,the day after tomorrow | relative_day(+2)
fechas2/train/fechas2_000354.en.wav,next monday | next_day('monday')
fechas2/train/fechas2_000355.en.wav,this coming thursday please | next_day('thursday')
fechas2/train/fechas2_000356.en.wav,in a couple of days please | relative_day(+2)
fechas2/train/fechas2_000357.en.wav,please this monday | next_day('monday')
fechas2/train/fechas2_000358.en.wav,wednesday please | next_day('wednesday')
fechas2/train/fechas2_000359.en.wav,next wednesday | next_day('wednesday')
fechas2/train/fechas2_000360.en.wav,next friday | next_day('friday')
fechas2/train/fechas2_000361.en.wav,this coming thursday | next_day('thursday')
fechas2/train/fechas2_000362.en.wav,next thursday please | next_day('thursday')
fechas2/train/fechas2_000363.en.wav,next friday | next_day('friday')
fechas2/train/fechas2_000364.en.wav,please in a couple of days | relative_day(+2)
fechas2/train/fechas2_000365.en.wav,this coming thursday | next_day('thursday')
fechas2/train/fechas2_000366.en.wav,tuesday | next_day('tuesday')
fechas2/train/fechas2_000367.en.wav,next thursday thank you | next_day('thursday')
fechas2/train/fechas2_000368.en.wav,next tuesday | next_day('tuesday')
fechas2/train/fechas2_000369.en.wav,next tuesday | next_day('tuesday')
fechas2/train/fechas2_000370.en.wav,next wednesday please | next_day('wednesday')
fechas2/train/fechas2_000371.en.wav,monday | next_day('monday')
fechas2/train/fechas2_000372.en.wav,next friday | next_day('friday')
fechas2/train/fechas2_000373.en.wav,wednesday thank you | next_day('wednesday')
fechas2/train/fechas2_000374.en.wav,in three days | relative_day(+3)
fechas2/train/fechas2_000375.en.wav,wednesday thank you | next_day('wednesday')
fechas2/train/fechas2_000376.en.wav,next thursday | next_day('thursday')
fechas2/train/fechas2_000377.en.wav,next monday | next_day('monday')
fechas2/train/fechas2_000378.en.wav,friday | next_day('friday')
fechas2/train/fechas2_000379.en.wav,this friday thank you | next_day('friday')
fechas2/train/fechas2_000380.en.wav,next wednesday | next_day('wednesday')
fechas2/train/fechas2_000381.en.wav,next tuesday | next_day('tuesday')
fechas2/train/fechas2_000382.en.wav,in a couple of days thanks | relative_day(+2)
fechas2/train/fechas2_000383.en.wav,thursday | next_day('thursday')
fechas2/train/fechas2_000384.en.wav,please this coming friday | next_day('friday')
fechas2/train/fechas2_000385.en.wav,the following friday | next_day('friday')
fechas2/train/fechas2_000386.en.wav,next monday | next_day('monday')
fechas2/train/fechas2_000387.en.wav,next tuesday | next_day('tuesday')
fechas2/train/fechas2_000388.en.wav,next thursday thank you | next_day('thursday')
fechas2/train/fechas2_000389.en.wav,in a couple of days | relative_day(+2)
fechas2/train/fechas2_000390.en.wav,wednesday | next_day('wednesday')
fechas2/train/fechas2_000391.en.wav,tomorrow thank you | relative_day(+1)
fechas2/train/fechas2_000392.en.wav,in three days thanks | relative_day(+3)
fechas2/train/fechas2_000393.en.wav,in three days thanks | relative_day(+3)
fechas2/train/fechas2_000394.en.wav,please this coming thursday | next_day('thursday')
fechas2/train/fechas2_000395.en.wav,next monday please | next_day('monday')
fechas2/train/fechas2_000396.en.wav,this thursday | next_day('thursday')
fechas2/train/fechas2_000397.en.wav,the following friday | next_day('friday')
fechas2/train/fechas2_000398.en.wav,thursday | next_day('thursday')
fechas2/train/fechas2_000399.en.wav,next monday | next_day('monday')
fechas2/train/fechas2_000400.en.wav,next monday thank you | next_day('monday')
fechas2/train/fechas2_000401.en.wav,in a couple of days thanks | relative_day(+2)
fechas2/train/fechas2_000402.en.wav,in a couple of days | relative_day(+2)
fechas2/train/fechas2_000403.en.wav,next tuesday | next_day('tuesday')
fechas2/train/fechas2_000404.en.wav,next friday please | next_day('friday')
fechas2/train/fechas2_000405.en.wav,day after tomorrow | relative_day(+2)
fechas2/train/fechas2_000406.en.wav,please next thursday | next_day('thursday')
fechas2/train/fechas2_000407.en.wav,please this coming wednesday | next_day('wednesday')
fechas2/train/fechas2_000408.en.wav,please next wednesday | next_day('wednesday')
fechas2/train/fechas2_000409.en.wav,next monday | next_day('monday')
fechas2/train/fechas2_000410.en.wav,this monday | next_day('monday')
fechas2/train/fechas2_000411.en.wav,next wednesday | next_day('wednesday')
fechas2/train/fechas2_000412.en.wav,tuesday thank you. | next_day('tuesday')
fechas2/train/fechas2_000413.en.wav,this coming tuesday | next_day('tuesday')
fechas2/train/fechas2_000414.en.wav,the day after tomorrow | relative_day(+2)
fechas2/train/fechas2_000415.en.wav,this coming wednesday | next_day('wednesday')
fechas2/train/fechas2_000416.en.wav,this coming monday | next_day('monday')
fechas2/train/fechas2_000417.en.wav,next friday | next_day('friday')
fechas2/train/fechas2_000418.en.wav,please in three days | relative_day(+3)
fechas2/train/fechas2_000419.en.wav,next tuesday | next_day('tuesday')
fechas2/train/fechas2_000420.en.wav,please next friday | next_day('friday')
fechas2/train/fechas2_000421.en.wav,next friday please | next_day('friday')
fechas2/train/fechas2_000422.en.wav,in three days | relative_day(+3)
fechas2/train/fechas2_000423.en.wav,this tuesday | next_day('tuesday')
fechas2/train/fechas2_000424.en.wav,monday | next_day('monday')
fechas2/train/fechas2_000425.en.wav,please next tuesday | next_day('tuesday')
fechas2/train/fechas2_000426.en.wav,next thursday please | next_day('thursday')
fechas2/train/fechas2_000427.en.wav,please in a couple of days | relative_day(+2)
fechas2/train/fechas2_000428.en.wav,next friday thank you | next_day('friday')
fechas2/train/fechas2_000429.en.wav,thursday | next_day('thursday')
fechas2/train/fechas2_000430.en.wav,next friday | next_day('friday')
fechas2/train/fechas2_000431.en.wav,please next monday | next_day('monday')
fechas2/train/fechas2_000432.en.wav,the following friday | next_day('friday')
fechas2/train/fechas2_000433.en.wav,next tuesday please | next_day('tuesday')
fechas2/train/fechas2_000434.en.wav,next tuesday | next_day('tuesday')
fechas2/train/fechas2_000435.en.wav,next friday | next_day('friday')
fechas2/train/fechas2_000436.en.wav,next friday | next_day('friday')
fechas2/train/fechas2_000437.en.wav,this coming thursday | next_day('thursday')
fechas2/train/fechas2_000438.en.wav,next tuesday thank you | next_day('tuesday')
fechas2/train/fechas2_000439.en.wav,this monday | next_day('monday')
fechas2/train/fechas2_000440.en.wav,the following tuesday | next_day('tuesday')
fechas2/train/fechas2_000441.en.wav,the following monday | next_day('monday')
fechas2/train/fechas2_000442.en.wav,this coming wednesday | next_day('wednesday')
fechas2/train/fechas2_000443.en.wav,next tuesday please | next_day('tuesday')
fechas2/train/fechas2_000444.en.wav,in three days please | relative_day(+3)
fechas2/train/fechas2_000445.en.wav,next wednesday thank you | next_day('wednesday')
fechas2/train/fechas2_000446.en.wav,please next monday | next_day('monday')
fechas2/train/fechas2_000447.en.wav,next wednesday | next_day('wednesday')
fechas2/train/fechas2_000448.en.wav,this coming thursday | next_day('thursday')
fechas2/train/fechas2_000449.en.wav,next thursday | next_day('thursday')
fechas2/train/fechas2_000450.en.wav,wednesday thank you | next_day('wednesday')
fechas2/train/fechas2_000451.en.wav,please next wednesday | next_day('wednesday')
fechas2/train/fechas2_000452.en.wav,next tuesday please | next_day('tuesday')
fechas2/train/fechas2_000453.en.wav,please next monday | next_day('monday')
fechas2/train/fechas2_000454.en.wav,this coming tuesday | next_day('tuesday')
fechas2/train/fechas2_000455.en.wav,next friday thank you | next_day('friday')
fechas2/train/fechas2_000456.en.wav,next wednesday | next_day('wednesday')
fechas2/train/fechas2_000457.en.wav,this tuesday | next_day('tuesday')
fechas2/train/fechas2_000458.en.wav,this coming monday | next_day('monday')
fechas2/train/fechas2_000459.en.wav,thursday | next_day('thursday')
fechas2/train/fechas2_000460.en.wav,next friday | next_day('friday')
fechas2/train/fechas2_000461.en.wav,please next tuesday | next_day('tuesday')
fechas2/train/fechas2_000462.en.wav,in a couple of days | relative_day(+2)
fechas2/train/fechas2_000463.en.wav,this coming wednesday | next_day('wednesday')
fechas2/train/fechas2_000464.en.wav,next thursday | next_day('thursday')
fechas2/train/fechas2_000465.en.wav,next thursday | next_day('thursday')
fechas2/train/fechas2_000466.en.wav,friday | next_day('friday')
fechas2/train/fechas2_000467.en.wav,next wednesday thank you | next_day('wednesday')
fechas2/train/fechas2_000468.en.wav,this friday | next_day('friday')
fechas2/train/fechas2_000469.en.wav,please next monday | next_day('monday')
fechas2/train/fechas2_000470.en.wav,in three days please | relative_day(+3)
fechas2/train/fechas2_000471.en.wav,please in three days | relative_day(+3)
fechas2/train/fechas2_000472.en.wav,tomorrow thank you | relative_day(+1)
fechas2/train/fechas2_000473.en.wav,please next tuesday | next_day('tuesday')
fechas2/train/fechas2_000474.en.wav,please next monday | next_day('monday')
fechas2/train/fechas2_000475.en.wav,next thursday | next_day('thursday')
fechas2/train/fechas2_000476.en.wav,next thursday | next_day('thursday')
fechas2/train/fechas2_000477.en.wav,please on wednesday | next_day('wednesday')
fechas2/train/fechas2_000478.en.wav,the day after tomorrow | relative_day(+2)
fechas2/train/fechas2_000479.en.wav,this wednesday please | next_day('wednesday')
fechas2/train/fechas2_000480.en.wav,please next friday | next_day('friday')
fechas2/train/fechas2_000481.en.wav,next wednesday | next_day('wednesday')
fechas2/train/fechas2_000482.en.wav,please next tuesday | next_day('tuesday')
fechas2/train/fechas2_000483.en.wav,in three days | relative_day(+3)
fechas2/train/fechas2_000484.en.wav,next thursday | next_day('thursday')
fechas2/train/fechas2_000485.en.wav,the day after tomorrow thanks | relative_day(+2)
fechas2/train/fechas2_000486.en.wav,the day after tomorrow | relative_day(+2)
fechas2/train/fechas2_000487.en.wav,please on friday | next_day('friday')
fechas2/train/fechas2_000488.en.wav,this thursday | next_day('thursday')
fechas2/train/fechas2_000489.en.wav,next tuesday | next_day('tuesday')
fechas2/train/fechas2_000490.en.wav,please this coming tuesday | next_day('tuesday')
fechas2/train/fechas2_000491.en.wav,next friday please | next_day('friday')
fechas2/train/fechas2_000492.en.wav,this coming monday | next_day('monday')
fechas2/train/fechas2_000493.en.wav,next friday | next_day('friday')
fechas2/train/fechas2_000494.en.wav,in three days | relative_day(+3)
fechas2/train/fechas2_000495.en.wav,monday thank you | next_day('monday')
fechas2/train/fechas2_000496.en.wav,next monday | next_day('monday')
fechas2/train/fechas2_000497.en.wav,in three days | relative_day(+3)
fechas2/train/fechas2_000498.en.wav,next wednesday thank you | next_day('wednesday')
fechas2/train/fechas2_000499.en.wav,next wednesday please | next_day('wednesday')
fechas2/train/fechas2_000500.en.wav,please on friday | next_day('friday')
fechas2/train/fechas2_000501.en.wav,in a couple of days | relative_day(+2)
fechas2/train/fechas2_000502.en.wav,in a couple of days thanks | relative_day(+2)
fechas2/train/fechas2_000503.en.wav,this tuesday | next_day('tuesday')
fechas2/train/fechas2_000504.en.wav,in a couple of days | relative_day(+2)
fechas2/train/fechas2_000505.en.wav,the day after tomorrow please | relative_day(+2)
fechas2/train/fechas2_000506.en.wav,tuesday | next_day('tuesday')
fechas2/train/fechas2_000507.en.wav,next thursday thank you | next_day('thursday')
fechas2/train/fechas2_000508.en.wav,next thursday | next_day('thursday')
fechas2/train/fechas2_000509.en.wav,next tuesday | next_day('tuesday')
fechas2/train/fechas2_000510.en.wav,this coming friday | next_day('friday')
fechas2/train/fechas2_000511.en.wav,next thursday | next_day('thursday')
fechas2/train/fechas2_000512.en.wav,this tuesday | next_day('tuesday')
fechas2/train/fechas2_000513.en.wav,next tuesday please | next_day('tuesday')
fechas2/train/fechas2_000514.en.wav,please next friday | next_day('friday')
fechas2/train/fechas2_000515.en.wav,the day after tomorrow | relative_day(+2)
fechas2/train/fechas2_000516.en.wav,next thursday thank you | next_day('thursday')
fechas2/train/fechas2_000517.en.wav,in three days | relative_day(+3)
fechas2/train/fechas2_000518.en.wav,this monday | next_day('monday')
fechas2/train/fechas2_000519.en.wav,this friday thank you | next_day('friday')
fechas2/train/fechas2_000520.en.wav,please this coming thursday | next_day('thursday')
fechas2/train/fechas2_000521.en.wav,monday | next_day('monday')
fechas2/train/fechas2_000522.en.wav,please in three days | relative_day(+3)
fechas2/train/fechas2_000523.en.wav,please this tuesday | next_day('tuesday')
fechas2/train/fechas2_000524.en.wav,next tuesday | next_day('tuesday')
fechas2/train/fechas2_000525.en.wav,next thursday thank you | next_day('thursday')
fechas2/train/fechas2_000526.en.wav,thursday | next_day('thursday')
fechas2/train/fechas2_000527.en.wav,in three days | relative_day(+3)
fechas2/train/fechas2_000528.en.wav,the following thursday | next_day('thursday')
fechas2/train/fechas2_000529.en.wav,next thursday thank you | next_day('thursday')
fechas2/train/fechas2_000530.en.wav,please this monday | next_day('monday')
fechas2/train/fechas2_000531.en.wav,in a couple of days thanks | relative_day(+2)
fechas2/train/fechas2_000532.en.wav,next monday | next_day('monday')
fechas2/train/fechas2_000533.en.wav,tomorrow thank you | relative_day(+1)
fechas2/train/fechas2_000534.en.wav,next wednesday | next_day('wednesday')
fechas2/train/fechas2_000535.en.wav,this coming tuesday please | next_day('tuesday')
fechas2/train/fechas2_000536.en.wav,in a couple of days please | relative_day(+2)
fechas2/train/fechas2_000537.en.wav,next thursday | next_day('thursday')
fechas2/train/fechas2_000538.en.wav,please next tuesday | next_day('tuesday')
fechas2/train/fechas2_000539.en.wav,next tuesday please | next_day('tuesday')
fechas2/train/fechas2_000540.en.wav,next wednesday | next_day('wednesday')
fechas2/train/fechas2_000541.en.wav,this friday | next_day('friday')
fechas2/train/fechas2_000542.en.wav,this coming monday | next_day('monday')
fechas2/train/fechas2_000543.en.wav,next tuesday | next_day('tuesday')
fechas2/train/fechas2_000544.en.wav,day after tomorrow | relative_day(+2)
fechas2/train/fechas2_000545.en.wav,in three days thanks | relative_day(+3)
fechas2/train/fechas2_000546.en.wav,this coming thursday | next_day('thursday')
fechas2/train/fechas2_000547.en.wav,friday | next_day('friday')
fechas2/train/fechas2_000548.en.wav,next monday | next_day('monday')
fechas2/train/fechas2_000549.en.wav,this coming thursday | next_day('thursday')
fechas2/train/fechas2_000550.en.wav,thursday thank you | next_day('thursday')
fechas2/train/fechas2_000551.en.wav,please in a couple of days | relative_day(+2)
fechas2/train/fechas2_000552.en.wav,tomorrow | relative_day(+1)
fechas2/train/fechas2_000553.en.wav,this friday please | next_day('friday')
fechas2/train/fechas2_000554.en.wav,tomorrow | relative_day(+1)
fechas2/train/fechas2_000555.en.wav,in a couple of days | relative_day(+2)
fechas2/train/fechas2_000556.en.wav,this coming thursday | next_day('thursday')
fechas2/train/fechas2_000557.en.wav,monday | next_day('monday')
fechas2/train/fechas2_000558.en.wav,in a couple of days | relative_day(+2)
fechas2/train/fechas2_000559.en.wav,friday | next_day('friday')
fechas2/train/fechas2_000560.en.wav,this coming monday please | next_day('monday')
fechas2/train/fechas2_000561.en.wav,please in a couple of days | relative_day(+2)
fechas2/train/fechas2_000562.en.wav,tomorrow thank you | relative_day(+1)
fechas2/train/fechas2_000563.en.wav,in a couple of days | relative_day(+2)
fechas2/train/fechas2_000564.en.wav,next wednesday please | next_day('wednesday')
fechas2/train/fechas2_000565.en.wav,in a couple of days | relative_day(+2)
fechas2/train/fechas2_000566.en.wav,on monday please | next_day('monday')
fechas2/train/fechas2_000567.en.wav,this coming friday | next_day('friday')
fechas2/train/fechas2_000568.en.wav,next monday | next_day('monday')
fechas2/train/fechas2_000569.en.wav,friday | next_day('friday')
fechas2/train/fechas2_000570.en.wav,in three days | relative_day(+3)
fechas2/train/fechas2_000571.en.wav,tuesday | next_day('tuesday')
fechas2/train/fechas2_000572.en.wav,please in a couple of days | relative_day(+2)
fechas2/train/fechas2_000573.en.wav,please this coming friday | next_day('friday')
fechas2/train/fechas2_000574.en.wav,in three days please | relative_day(+3)
fechas2/train/fechas2_000575.en.wav,in a couple of days | relative_day(+2)
fechas2/train/fechas2_000576.en.wav,next tuesday | next_day('tuesday')
fechas2/train/fechas2_000577.en.wav,please next wednesday | next_day('wednesday')
fechas2/train/fechas2_000578.en.wav,next friday | next_day('friday')
fechas2/train/fechas2_000579.en.wav,in a couple of days please | relative_day(+2)
fechas2/train/fechas2_000580.en.wav,please in three days | relative_day(+3)
fechas2/train/fechas2_000581.en.wav,this thursday thank you | next_day('thursday')
fechas2/train/fechas2_000582.en.wav,this coming wednesday | next_day('wednesday')
fechas2/train/fechas2_000583.en.wav,tuesday | next_day('tuesday')
fechas2/train/fechas2_000584.en.wav,this tuesday thank you | next_day('tuesday')
fechas2/train/fechas2_000585.en.wav,this tuesday please | next_day('tuesday')
fechas2/train/fechas2_000586.en.wav,next monday | next_day('monday')
fechas2/train/fechas2_000587.en.wav,next wednesday please | next_day('wednesday')
fechas2/train/fechas2_000588.en.wav,in three days thanks | relative_day(+3)
fechas2/train/fechas2_000589.en.wav,in three days please | relative_day(+3)
fechas2/train/fechas2_000590.en.wav,the day after tomorrow | relative_day(+2)
fechas2/train/fechas2_000591.en.wav,monday | next_day('monday')
fechas2/train/fechas2_000592.en.wav,next monday | next_day('monday')
fechas2/train/fechas2_000593.en.wav,next friday please | next_day('friday')
fechas2/train/fechas2_000594.en.wav,this wednesday | next_day('wednesday')
fechas2/train/fechas2_000595.en.wav,this wednesday | next_day('wednesday')
fechas2/train/fechas2_000596.en.wav,in three days | relative_day(+3)
fechas2/train/fechas2_000597.en.wav,this coming tuesday | next_day('tuesday')
fechas2/train/fechas2_000598.en.wav,monday | next_day('monday')
fechas2/train/fechas2_000599.en.wav,please next monday | next_day('monday')
fechas2/train/fechas2_000600.en.wav,please next monday | next_day('monday')
fechas2/train/fechas2_000601.en.wav,in three days | relative_day(+3)
fechas2/train/fechas2_000602.en.wav,tomorrow | relative_day(+1)
fechas2/train/fechas2_000603.en.wav,next friday | next_day('friday')
fechas2/train/fechas2_000604.en.wav,this coming tuesday | next_day('tuesday')
fechas2/train/fechas2_000605.en.wav,in three days | relative_day(+3)
fechas2/train/fechas2_000606.en.wav,in a couple of days | relative_day(+2)
fechas2/train/fechas2_000607.en.wav,tomorrow | relative_day(+1)
fechas2/train/fechas2_000608.en.wav,next friday | next_day('friday')
fechas2/train/fechas2_000609.en.wav,next monday | next_day('monday')
fechas2/train/fechas2_000610.en.wav,in three days | relative_day(+3)
fechas2/train/fechas2_000611.en.wav,next thursday | next_day('thursday')
fechas2/train/fechas2_000612.en.wav,monday | next_day('monday')
fechas2/train/fechas2_000613.en.wav,this thursday | next_day('thursday')
fechas2/train/fechas2_000614.en.wav,next monday | next_day('monday')
fechas2/train/fechas2_000615.en.wav,next friday | next_day('friday')
fechas2/train/fechas2_000616.en.wav,friday | next_day('friday')
fechas2/train/fechas2_000617.en.wav,this coming thursday | next_day('thursday')
fechas2/train/fechas2_000618.en.wav,this monday | next_day('monday')
fechas2/train/fechas2_000619.en.wav,this coming friday thank you | next_day('friday')
fechas2/train/fechas2_000620.en.wav,next monday | next_day('monday')
fechas2/train/fechas2_000621.en.wav,tomorrow please | relative_day(+1)
fechas2/train/fechas2_000622.en.wav,please on thursday | next_day('thursday')
fechas2/train/fechas2_000623.en.wav,please next tuesday | next_day('tuesday')
fechas2/train/fechas2_000624.en.wav,please next friday | next_day('friday')
fechas2/train/fechas2_000625.en.wav,next wednesday | next_day('wednesday')
fechas2/train/fechas2_000626.en.wav,next friday thank you | next_day('friday')
fechas2/train/fechas2_000627.en.wav,this thursday | next_day('thursday')
fechas2/train/fechas2_000628.en.wav,next monday | next_day('monday')
fechas2/train/fechas2_000629.en.wav,this wednesday | next_day('wednesday')
fechas2/train/fechas2_000630.en.wav,this thursday | next_day('thursday')
fechas2/train/fechas2_000631.en.wav,next wednesday | next_day('wednesday')
fechas2/train/fechas2_000632.en.wav,next thursday | next_day('thursday')
fechas2/train/fechas2_000633.en.wav,this coming tuesday | next_day('tuesday')
fechas2/train/fechas2_000634.en.wav,next wednesday | next_day('wednesday')
fechas2/train/fechas2_000635.en.wav,this monday | next_day('monday')
fechas2/train/fechas2_000636.en.wav,next thursday please | next_day('thursday')
fechas2/train/fechas2_000637.en.wav,the following friday | next_day('friday')
fechas2/train/fechas2_000638.en.wav,in three days | relative_day(+3)
fechas2/train/fechas2_000639.en.wav,this wednesday thank you | next_day('wednesday')
fechas2/train/fechas2_000640.en.wav,next wednesday please | next_day('wednesday')
fechas2/train/fechas2_000641.en.wav,monday thank you | next_day('monday')
fechas2/train/fechas2_000642.en.wav,this coming tuesday | next_day('tuesday')
fechas2/train/fechas2_000643.en.wav,in a couple of days please | relative_day(+2)
fechas2/train/fechas2_000644.en.wav,next wednesday | next_day('wednesday')
fechas2/train/fechas2_000645.en.wav,in three days | relative_day(+3)
fechas2/train/fechas2_000646.en.wav,in three days | relative_day(+3)
fechas2/train/fechas2_000647.en.wav,next thursday | next_day('thursday')
fechas2/train/fechas2_000648.en.wav,next monday please | next_day('monday')
fechas2/train/fechas2_000649.en.wav,this coming wednesday | next_day('wednesday')
fechas2/train/fechas2_000650.en.wav,in a couple of days | relative_day(+2)
fechas2/train/fechas2_000651.en.wav,this thursday | next_day('thursday')
fechas2/train/fechas2_000652.en.wav,next friday | next_day('friday')
fechas2/train/fechas2_000653.en.wav,next thursday thank you | next_day('thursday')
fechas2/train/fechas2_000654.en.wav,this thursday | next_day('thursday')
fechas2/train/fechas2_000655.en.wav,this coming tuesday | next_day('tuesday')
fechas2/train/fechas2_000656.en.wav,wednesday | next_day('wednesday')
fechas2/train/fechas2_000657.en.wav,tuesday | next_day('tuesday')
fechas2/train/fechas2_000658.en.wav,this monday | next_day('monday')
fechas2/train/fechas2_000659.en.wav,thursday | next_day('thursday')
fechas2/train/fechas2_000660.en.wav,this friday please | next_day('friday')
fechas2/train/fechas2_000661.en.wav,next thursday please | next_day('thursday')
fechas2/train/fechas2_000662.en.wav,please next tuesday | next_day('tuesday')
fechas2/train/fechas2_000663.en.wav,next thursday please | next_day('thursday')
fechas2/train/fechas2_000664.en.wav,next wednesday please | next_day('wednesday')
fechas2/train/fechas2_000665.en.wav,this coming tuesday | next_day('tuesday')
fechas2/train/fechas2_000666.en.wav,please this monday | next_day('monday')
fechas2/train/fechas2_000667.en.wav,next friday | next_day('friday')
fechas2/train/fechas2_000668.en.wav,next tuesday | next_day('tuesday')
fechas2/train/fechas2_000669.en.wav,in a couple of days | relative_day(+2)
fechas2/train/fechas2_000670.en.wav,this coming wednesday please | next_day('wednesday')
fechas2/train/fechas2_000671.en.wav,in a couple of days thanks | relative_day(+2)
fechas2/train/fechas2_000672.en.wav,friday | next_day('friday')
fechas2/train/fechas2_000673.en.wav,the day after tomorrow | relative_day(+2)
fechas2/train/fechas2_000674.en.wav,this friday please | next_day('friday')
fechas2/train/fechas2_000675.en.wav,the day after tomorrow | relative_day(+2)
fechas2/train/fechas2_000676.en.wav,next tuesday | next_day('tuesday')
fechas2/train/fechas2_000677.en.wav,please next wednesday | next_day('wednesday')
fechas2/train/fechas2_000678.en.wav,next thursday please | next_day('thursday')
fechas2/train/fechas2_000679.en.wav,this coming wednesday | next_day('wednesday')
fechas2/train/fechas2_000680.en.wav,next wednesday thank you | next_day('wednesday')
fechas2/train/fechas2_000681.en.wav,next tuesday | next_day('tuesday')
fechas2/train/fechas2_000682.en.wav,please next thursday | next_day('thursday')
fechas2/train/fechas2_000683.en.wav,this coming monday | next_day('monday')
fechas2/train/fechas2_000684.en.wav,in three days | relative_day(+3)
fechas2/train/fechas2_000685.en.wav,the day after tomorrow | relative_day(+2)
fechas2/train/fechas2_000686.en.wav,tomorrow | relative_day(+1)
fechas2/train/fechas2_000687.en.wav,please next wednesday | next_day('wednesday')
fechas2/train/fechas2_000688.en.wav,next tuesday | next_day('tuesday')
fechas2/train/fechas2_000689.en.wav,tomorrow thank you | relative_day(+1)
fechas2/train/fechas2_000690.en.wav,in three days | relative_day(+3)
fechas2/train/fechas2_000691.en.wav,next thursday please | next_day('thursday')
fechas2/train/fechas2_000692.en.wav,next tuesday thanks | next_day('tuesday')
fechas2/train/fechas2_000693.en.wav,in a couple of days thanks | relative_day(+2)
fechas2/train/fechas2_000694.en.wav,in three days | relative_day(+3)
fechas2/train/fechas2_000695.en.wav,please on thursday | next_day('thursday')
fechas2/train/fechas2_000696.en.wav,tuesday thank you. | next_day('tuesday')
fechas2/train/fechas2_000697.en.wav,the day after tomorrow please | relative_day(+2)
fechas2/train/fechas2_000698.en.wav,friday | next_day('friday')
fechas2/train/fechas2_000699.en.wav,next friday | next_day('friday')
fechas2/train/fechas2_000700.en.wav,this wednesday please | next_day('wednesday')
fechas2/train/fechas2_000701.en.wav,this wednesday | next_day('wednesday')
fechas2/train/fechas2_000702.en.wav,day after tomorrow | relative_day(+2)
fechas2/train/fechas2_000703.en.wav,next thursday | next_day('thursday')
fechas2/train/fechas2_000704.en.wav,tuesday thank you. | next_day('tuesday')
fechas2/train/fechas2_000705.en.wav,tomorrow thank you | relative_day(+1)
fechas2/train/fechas2_000706.en.wav,next wednesday | next_day('wednesday')
fechas2/train/fechas2_000707.en.wav,next friday | next_day('friday')
fechas2/train/fechas2_000708.en.wav,next thursday | next_day('thursday')
fechas2/train/fechas2_000709.en.wav,this coming wednesday | next_day('wednesday')
fechas2/train/fechas2_000710.en.wav,next friday | next_day('friday')
fechas2/train/fechas2_000711.en.wav,tomorrow | relative_day(+1)
fechas2/train/fechas2_000712.en.wav,please in three days | relative_day(+3)
fechas2/train/fechas2_000713.en.wav,the following monday | next_day('monday')
fechas2/train/fechas2_000714.en.wav,on monday please | next_day('monday')
fechas2/train/fechas2_000715.en.wav,this monday thank you | next_day('monday')
fechas2/train/fechas2_000716.en.wav,monday | next_day('monday')
fechas2/train/fechas2_000717.en.wav,next thursday | next_day('thursday')
fechas2/train/fechas2_000718.en.wav,in three days | relative_day(+3)
fechas2/train/fechas2_000719.en.wav,next friday thank you | next_day('friday')
fechas2/train/fechas2_000720.en.wav,this coming friday thanks | next_day('friday')
fechas2/train/fechas2_000721.en.wav,this friday | next_day('friday')
fechas2/train/fechas2_000722.en.wav,this coming friday please | next_day('friday')
fechas2/train/fechas2_000723.en.wav,this coming friday thanks | next_day('friday')
fechas2/train/fechas2_000724.en.wav,this coming friday please | next_day('friday')
fechas2/train/fechas2_000725.en.wav,in a couple of days thanks | relative_day(+2)
fechas2/train/fechas2_000726.en.wav,tomorrow | relative_day(+1)
fechas2/train/fechas2_000727.en.wav,please in a couple of days | relative_day(+2)
fechas2/train/fechas2_000728.en.wav,monday | next_day('monday')
fechas2/train/fechas2_000729.en.wav,this thursday | next_day('thursday')
fechas2/train/fechas2_000730.en.wav,next friday | next_day('friday')
fechas2/train/fechas2_000731.en.wav,the day after tomorrow | relative_day(+2)
fechas2/train/fechas2_000732.en.wav,on monday please | next_day('monday')
fechas2/train/fechas2_000733.en.wav,in a couple of days please | relative_day(+2)
fechas2/train/fechas2_000734.en.wav,next tuesday | next_day('tuesday')
fechas2/train/fechas2_000735.en.wav,tomorrow | relative_day(+1)
fechas2/train/fechas2_000736.en.wav,in a couple of days | relative_day(+2)
fechas2/train/fechas2_000737.en.wav,this friday | next_day('friday')
fechas2/train/fechas2_000738.en.wav,thursday | next_day('thursday')
fechas2/train/fechas2_000739.en.wav,please in three days | relative_day(+3)
fechas2/train/fechas2_000740.en.wav,in three days please | relative_day(+3)
fechas2/train/fechas2_000741.en.wav,tuesday | next_day('tuesday')
fechas2/train/fechas2_000742.en.wav,next tuesday | next_day('tuesday')
fechas2/train/fechas2_000743.en.wav,please in three days | relative_day(+3)
fechas2/train/fechas2_000744.en.wav,in a couple of days thanks | relative_day(+2)
fechas2/train/fechas2_000745.en.wav,please next monday | next_day('monday')
fechas2/train/fechas2_000746.en.wav,the day after tomorrow | relative_day(+2)
fechas2/train/fechas2_000747.en.wav,in three days thanks | relative_day(+3)
fechas2/train/fechas2_000748.en.wav,next friday thanks | next_day('friday')
fechas2/train/fechas2_000749.en.wav,this coming tuesday | next_day('tuesday')
fechas2/train/fechas2_000750.en.wav,this coming thursday | next_day('thursday')
fechas2/train/fechas2_000751.en.wav,next wednesday | next_day('wednesday')
fechas2/train/fechas2_000752.en.wav,next tuesday please | next_day('tuesday')
fechas2/train/fechas2_000753.en.wav,in three days please | relative_day(+3)
fechas2/train/fechas2_000754.en.wav,next thursday | next_day('thursday')
fechas2/train/fechas2_000755.en.wav,please this friday | next_day('friday')
fechas2/train/fechas2_000756.en.wav,tuesday thank you. | next_day('tuesday')
fechas2/train/fechas2_000757.en.wav,next friday | next_day('friday')
fechas2/train/fechas2_000758.en.wav,the following wednesday | next_day('wednesday')
fechas2/train/fechas2_000759.en.wav,this coming friday | next_day('friday')
fechas2/train/fechas2_000760.en.wav,in three days | relative_day(+3)
fechas2/train/fechas2_000761.en.wav,wednesday thank you | next_day('wednesday')
fechas2/train/fechas2_000762.en.wav,thursday | next_day('thursday')
fechas2/train/fechas2_000763.en.wav,the day after tomorrow | relative_day(+2)
fechas2/train/fechas2_000764.en.wav,in a couple of days please | relative_day(+2)
fechas2/train/fechas2_000765.en.wav,next tuesday | next_day('tuesday')
fechas2/train/fechas2_000766.en.wav,in a couple of days | relative_day(+2)
fechas2/train/fechas2_000767.en.wav,next wednesday | next_day('wednesday')
fechas2/train/fechas2_000768.en.wav,this wednesday | next_day('wednesday')
fechas2/train/fechas2_000769.en.wav,in a couple of days | relative_day(+2)
fechas2/train/fechas2_000770.en.wav,next thursday | next_day('thursday')
fechas2/train/fechas2_000771.en.wav,in a couple of days | relative_day(+2)
fechas2/train/fechas2_000772.en.wav,the day after tomorrow | relative_day(+2)
fechas2/train/fechas2_000773.en.wav,next thursday | next_day('thursday')
fechas2/train/fechas2_000774.en.wav,in a couple of days | relative_day(+2)
fechas2/train/fechas2_000775.en.wav,this tuesday | next_day('tuesday')
fechas2/train/fechas2_000776.en.wav,the following thursday | next_day('thursday')
fechas2/train/fechas2_000777.en.wav,the following wednesday | next_day('wednesday')
fechas2/train/fechas2_000778.en.wav,next friday | next_day('friday')
fechas2/train/fechas2_000779.en.wav,next thursday | next_day('thursday')
fechas2/train/fechas2_000780.en.wav,in three days | relative_day(+3)
fechas2/train/fechas2_000781.en.wav,this friday please | next_day('friday')
fechas2/train/fechas2_000782.en.wav,next thursday | next_day('thursday')
fechas2/train/fechas2_000783.en.wav,next monday please | next_day('monday')
fechas2/train/fechas2_000784.en.wav,monday | next_day('monday')
fechas2/train/fechas2_000785.en.wav,this friday | next_day('friday')
fechas2/train/fechas2_000786.en.wav,this coming monday please | next_day('monday')
fechas2/train/fechas2_000787.en.wav,tomorrow | relative_day(+1)
fechas2/train/fechas2_000788.en.wav,this coming wednesday | next_day('wednesday')
fechas2/train/fechas2_000789.en.wav,this coming friday | next_day('friday')
fechas2/train/fechas2_000790.en.wav,this coming tuesday please | next_day('tuesday')
fechas2/train/fechas2_000791.en.wav,please next tuesday | next_day('tuesday')
fechas2/train/fechas2_000792.en.wav,next friday | next_day('friday')
fechas2/train/fechas2_000793.en.wav,wednesday thank you | next_day('wednesday')
fechas2/train/fechas2_000794.en.wav,this coming thursday | next_day('thursday')
fechas2/train/fechas2_000795.en.wav,in a couple of days thanks | relative_day(+2)
fechas2/train/fechas2_000796.en.wav,thursday | next_day('thursday')
fechas2/train/fechas2_000797.en.wav,please in three days | relative_day(+3)
fechas2/train/fechas2_000798.en.wav,please next friday | next_day('friday')
fechas2/train/fechas2_000799.en.wav,tomorrow thank you | relative_day(+1)
fechas2/train/fechas2_000800.en.wav,the following monday | next_day('monday')
fechas2/train/fechas2_000801.en.wav,next thursday please | next_day('thursday')
fechas2/train/fechas2_000802.en.wav,next tuesday thank you | next_day('tuesday')
fechas2/train/fechas2_000803.en.wav,next monday | next_day('monday')
fechas2/train/fechas2_000804.en.wav,next thursday | next_day('thursday')
fechas2/train/fechas2_000805.en.wav,next monday | next_day('monday')
fechas2/train/fechas2_000806.en.wav,next thursday | next_day('thursday')
fechas2/train/fechas2_000807.en.wav,next monday | next_day('monday')
fechas2/train/fechas2_000808.en.wav,this coming wednesday please | next_day('wednesday')
fechas2/train/fechas2_000809.en.wav,in a couple of days thanks | relative_day(+2)
fechas2/train/fechas2_000810.en.wav,next friday please | next_day('friday')
fechas2/train/fechas2_000811.en.wav,next thursday | next_day('thursday')
fechas2/train/fechas2_000812.en.wav,the following friday | next_day('friday')
fechas2/train/fechas2_000813.en.wav,next tuesday please | next_day('tuesday')
fechas2/train/fechas2_000814.en.wav,please in a couple of days | relative_day(+2)
fechas2/train/fechas2_000815.en.wav,in three days | relative_day(+3)
fechas2/train/fechas2_000816.en.wav,this coming thursday | next_day('thursday')
fechas2/train/fechas2_000817.en.wav,tuesday | next_day('tuesday')
fechas2/train/fechas2_000818.en.wav,please next friday | next_day('friday')
fechas2/train/fechas2_000819.en.wav,next monday | next_day('monday')
fechas2/train/fechas2_000820.en.wav,this monday | next_day('monday')
fechas2/train/fechas2_000821.en.wav,this coming friday please | next_day('friday')
fechas2/train/fechas2_000822.en.wav,this coming thursday | next_day('thursday')
fechas2/train/fechas2_000823.en.wav,this tuesday please | next_day('tuesday')
fechas2/train/fechas2_000824.en.wav,next friday please | next_day('friday')
fechas2/train/fechas2_000825.en.wav,please next monday | next_day('monday')
fechas2/train/fechas2_000826.en.wav,this friday thank you | next_day('friday')
fechas2/train/fechas2_000827.en.wav,in three days | relative_day(+3)
fechas2/train/fechas2_000828.en.wav,this wednesday please | next_day('wednesday')
fechas2/train/fechas2_000829.en.wav,friday | next_day('friday')
fechas2/train/fechas2_000830.en.wav,in three days | relative_day(+3)
fechas2/train/fechas2_000831.en.wav,next thursday | next_day('thursday')
fechas2/train/fechas2_000832.en.wav,this thursday | next_day('thursday')
fechas2/train/fechas2_000833.en.wav,this thursday please | next_day('thursday')
fechas2/train/fechas2_000834.en.wav,in a couple of days thanks | relative_day(+2)
fechas2/train/fechas2_000835.en.wav,this coming tuesday | next_day('tuesday')
fechas2/train/fechas2_000836.en.wav,the day after tomorrow | relative_day(+2)
fechas2/train/fechas2_000837.en.wav,this wednesday thank you | next_day('wednesday')
fechas2/train/fechas2_000838.en.wav,next friday | next_day('friday')
fechas2/train/fechas2_000839.en.wav,friday thank you | next_day('friday')
fechas2/train/fechas2_000840.en.wav,this monday please | next_day('monday')
fechas2/train/fechas2_000841.en.wav,this friday | next_day('friday')
fechas2/train/fechas2_000842.en.wav,next thursday thank you | next_day('thursday')
fechas2/train/fechas2_000843.en.wav,in three days thanks | relative_day(+3)
fechas2/train/fechas2_000844.en.wav,in three days | relative_day(+3)
fechas2/train/fechas2_000845.en.wav,friday | next_day('friday')
fechas2/train/fechas2_000846.en.wav,next monday please | next_day('monday')
fechas2/train/fechas2_000847.en.wav,next monday | next_day('monday')
fechas2/train/fechas2_000848.en.wav,next thursday thank you | next_day('thursday')
fechas2/train/fechas2_000849.en.wav,tomorrow | relative_day(+1)
fechas2/train/fechas2_000850.en.wav,this friday | next_day('friday')
fechas2/train/fechas2_000851.en.wav,next thursday please | next_day('thursday')
fechas2/train/fechas2_000852.en.wav,this coming wednesday | next_day('wednesday')
fechas2/train/fechas2_000853.en.wav,next thursday thank you | next_day('thursday')
fechas2/train/fechas2_000854.en.wav,please next wednesday | next_day('wednesday')
fechas2/train/fechas2_000855.en.wav,monday | next_day('monday')
fechas2/train/fechas2_000856.en.wav,in three days thanks | relative_day(+3)
fechas2/train/fechas2_000857.en.wav,next friday | next_day('friday')
fechas2/train/fechas2_000858.en.wav,the day after tomorrow | relative_day(+2)
fechas2/train/fechas2_000859.en.wav,in three days please | relative_day(+3)
fechas2/train/fechas2_000860.en.wav,this coming tuesday | next_day('tuesday')
fechas2/train/fechas2_000861.en.wav,this coming tuesday please | next_day('tuesday')
fechas2/train/fechas2_000862.en.wav,next wednesday | next_day('wednesday')
fechas2/train/fechas2_000863.en.wav,this monday | next_day('monday')
fechas2/train/fechas2_000864.en.wav,next thursday | next_day('thursday')
fechas2/train/fechas2_000865.en.wav,this coming monday | next_day('monday')
fechas2/train/fechas2_000866.en.wav,tomorrow | relative_day(+1)
fechas2/train/fechas2_000867.en.wav,this tuesday thank you | next_day('tuesday')
fechas2/train/fechas2_000868.en.wav,please next friday | next_day('friday')
fechas2/train/fechas2_000869.en.wav,next friday | next_day('friday')
fechas2/train/fechas2_000870.en.wav,this thursday please | next_day('thursday')
fechas2/train/fechas2_000871.en.wav,next wednesday | next_day('wednesday')
fechas2/train/fechas2_000872.en.wav,the following tuesday | next_day('tuesday')
fechas2/train/fechas2_000873.en.wav,this thursday | next_day('thursday')
fechas2/train/fechas2_000874.en.wav,next thursday please | next_day('thursday')
fechas2/train/fechas2_000875.en.wav,in three days | relative_day(+3)
fechas2/train/fechas2_000876.en.wav,please this wednesday | next_day('wednesday')
fechas2/train/fechas2_000877.en.wav,please tomorrow | relative_day(+1)
fechas2/train/fechas2_000878.en.wav,the following monday thanks | next_day('monday')
fechas2/train/fechas2_000879.en.wav,wednesday | next_day('wednesday')
fechas2/train/fechas2_000880.en.wav,this coming monday | next_day('monday')
fechas2/train/fechas2_000881.en.wav,in three days | relative_day(+3)
fechas2/train/fechas2_000882.en.wav,next wednesday please | next_day('wednesday')
fechas2/train/fechas2_000883.en.wav,next friday | next_day('friday')
fechas2/train/fechas2_000884.en.wav,this coming wednesday | next_day('wednesday')
fechas2/train/fechas2_000885.en.wav,next monday | next_day('monday')
fechas2/train/fechas2_000886.en.wav,next thursday | next_day('thursday')
fechas2/train/fechas2_000887.en.wav,next thursday | next_day('thursday')
fechas2/train/fechas2_000888.en.wav,in a couple of days | relative_day(+2)
fechas2/train/fechas2_000889.en.wav,the following tuesday | next_day('tuesday')
fechas2/train/fechas2_000890.en.wav,wednesday | next_day('wednesday')
fechas2/train/fechas2_000891.en.wav,next tuesday please | next_day('tuesday')
fechas2/train/fechas2_000892.en.wav,next friday thank you | next_day('friday')
fechas2/train/fechas2_000893.en.wav,in three days please | relative_day(+3)
fechas2/train/fechas2_000894.en.wav,thursday | next_day('thursday')
fechas2/train/fechas2_000895.en.wav,in three days thanks | relative_day(+3)
fechas2/train/fechas2_000896.en.wav,tuesday | next_day('tuesday')
fechas2/train/fechas2_000897.en.wav,next monday please | next_day('monday')
fechas2/train/fechas2_000898.en.wav,please next thursday | next_day('thursday')
fechas2/train/fechas2_000899.en.wav,this coming tuesday | next_day('tuesday')
fechas2/train/fechas2_000900.en.wav,tomorrow | relative_day(+1)
fechas2/train/fechas2_000901.en.wav,this coming monday | next_day('monday')
fechas2/train/fechas2_000902.en.wav,please this thursday | next_day('thursday')
fechas2/train/fechas2_000903.en.wav,please this tuesday | next_day('tuesday')
fechas2/train/fechas2_000904.en.wav,wednesday | next_day('wednesday')
fechas2/train/fechas2_000905.en.wav,friday thank you | next_day('friday')
fechas2/train/fechas2_000906.en.wav,next friday please | next_day('friday')
fechas2/train/fechas2_000907.en.wav,this coming monday | next_day('monday')
fechas2/train/fechas2_000908.en.wav,this monday | next_day('monday')
fechas2/train/fechas2_000909.en.wav,next friday | next_day('friday')
fechas2/train/fechas2_000910.en.wav,the day after tomorrow | relative_day(+2)
fechas2/train/fechas2_000911.en.wav,this coming tuesday please | next_day('tuesday')
fechas2/train/fechas2_000912.en.wav,this coming thursday thanks | next_day('thursday')
fechas2/train/fechas2_000913.en.wav,next monday | next_day('monday')
fechas2/train/fechas2_000914.en.wav,in a couple of days | relative_day(+2)
fechas2/train/fechas2_000915.en.wav,next friday | next_day('friday')
fechas2/train/fechas2_000916.en.wav,tuesday | next_day('tuesday')
fechas2/train/fechas2_000917.en.wav,this coming tuesday | next_day('tuesday')
fechas2/train/fechas2_000918.en.wav,next friday | next_day('friday')
fechas2/train/fechas2_000919.en.wav,this friday | next_day('friday')
fechas2/train/fechas2_000920.en.wav,please this coming wednesday | next_day('wednesday')
fechas2/train/fechas2_000921.en.wav,this coming monday | next_day('monday')
fechas2/train/fechas2_000922.en.wav,please this wednesday | next_day('wednesday')
fechas2/train/fechas2_000923.en.wav,friday | next_day('friday')
fechas2/train/fechas2_000924.en.wav,next friday | next_day('friday')
fechas2/train/fechas2_000925.en.wav,wednesday | next_day('wednesday')
fechas2/train/fechas2_000926.en.wav,in a couple of days | relative_day(+2)
fechas2/train/fechas2_000927.en.wav,in three days | relative_day(+3)
fechas2/train/fechas2_000928.en.wav,in three days | relative_day(+3)
fechas2/train/fechas2_000929.en.wav,this coming tuesday | next_day('tuesday')
fechas2/train/fechas2_000930.en.wav,in three days thanks | relative_day(+3)
fechas2/train/fechas2_000931.en.wav,the day after tomorrow | relative_day(+2)
fechas2/train/fechas2_000932.en.wav,in three days thanks | relative_day(+3)
fechas2/train/fechas2_000933.en.wav,next wednesday | next_day('wednesday')
fechas2/train/fechas2_000934.en.wav,next monday | next_day('monday')
fechas2/train/fechas2_000935.en.wav,on monday please | next_day('monday')
fechas2/train/fechas2_000936.en.wav,tomorrow | relative_day(+1)
fechas2/train/fechas2_000937.en.wav,the following friday | next_day('friday')
fechas2/train/fechas2_000938.en.wav,next thursday | next_day('thursday')
fechas2/train/fechas2_000939.en.wav,next friday please | next_day('friday')
fechas2/train/fechas2_000940.en.wav,friday please | next_day('friday')
fechas2/train/fechas2_000941.en.wav,monday thank you | next_day('monday')
fechas2/train/fechas2_000942.en.wav,day after tomorrow | relative_day(+2)
fechas2/train/fechas2_000943.en.wav,please on thursday | next_day('thursday')
fechas2/train/fechas2_000944.en.wav,in three days | relative_day(+3)
fechas2/train/fechas2_000945.en.wav,this coming monday | next_day('monday')
fechas2/train/fechas2_000946.en.wav,next monday | next_day('monday')
fechas2/train/fechas2_000947.en.wav,next thursday | next_day('thursday')
fechas2/train/fechas2_000948.en.wav,next monday | next_day('monday')
fechas2/train/fechas2_000949.en.wav,in a couple of days please | relative_day(+2)
fechas2/train/fechas2_000950.en.wav,friday | next_day('friday')
fechas2/train/fechas2_000951.en.wav,please this coming thursday | next_day('thursday')
fechas2/train/fechas2_000952.en.wav,next thursday thank you | next_day('thursday')
fechas2/train/fechas2_000953.en.wav,in three days thanks | relative_day(+3)
fechas2/train/fechas2_000954.en.wav,this coming wednesday | next_day('wednesday')
fechas2/train/fechas2_000955.en.wav,next friday thank you | next_day('friday')
fechas2/train/fechas2_000956.en.wav,next tuesday | next_day('tuesday')
fechas2/train/fechas2_000957.en.wav,please next monday | next_day('monday')
fechas2/train/fechas2_000958.en.wav,tuesday please | next_day('tuesday')
fechas2/train/fechas2_000959.en.wav,in three days thanks | relative_day(+3)
fechas2/train/fechas2_000960.en.wav,this coming tuesday thank you | next_day('tuesday')
fechas2/train/fechas2_000961.en.wav,thursday thank you | next_day('thursday')
fechas2/train/fechas2_000962.en.wav,next monday | next_day('monday')
fechas2/train/fechas2_000963.en.wav,please next monday | next_day('monday')
fechas2/train/fechas2_000964.en.wav,next thursday | next_day('thursday')
fechas2/train/fechas2_000965.en.wav,please this coming monday | next_day('monday')
fechas2/train/fechas2_000966.en.wav,next friday | next_day('friday')
fechas2/train/fechas2_000967.en.wav,this thursday | next_day('thursday')
fechas2/train/fechas2_000968.en.wav,thursday please | next_day('thursday')
fechas2/train/fechas2_000969.en.wav,monday | next_day('monday')
fechas2/train/fechas2_000970.en.wav,next wednesday | next_day('wednesday')
fechas2/train/fechas2_000971.en.wav,in a couple of days thanks | relative_day(+2)
fechas2/train/fechas2_000972.en.wav,tuesday | next_day('tuesday')
fechas2/train/fechas2_000973.en.wav,wednesday thank you | next_day('wednesday')
fechas2/train/fechas2_000974.en.wav,please next thursday | next_day('thursday')
fechas2/train/fechas2_000975.en.wav,the day after tomorrow | relative_day(+2)
fechas2/train/fechas2_000976.en.wav,in three days | relative_day(+3)
fechas2/train/fechas2_000977.en.wav,next thursday | next_day('thursday')
fechas2/train/fechas2_000978.en.wav,the day after tomorrow | relative_day(+2)
fechas2/train/fechas2_000979.en.wav,this tuesday thank you | next_day('tuesday')
fechas2/train/fechas2_000980.en.wav,this friday | next_day('friday')
fechas2/train/fechas2_000981.en.wav,please next friday | next_day('friday')
fechas2/train/fechas2_000982.en.wav,next thursday thank you | next_day('thursday')
fechas2/train/fechas2_000983.en.wav,next tuesday please | next_day('tuesday')
fechas2/train/fechas2_000984.en.wav,monday thank you | next_day('monday')
fechas2/train/fechas2_000985.en.wav,next wednesday | next_day('wednesday')
fechas2/train/fechas2_000986.en.wav,this thursday | next_day('thursday')
fechas2/train/fechas2_000987.en.wav,the following monday thanks | next_day('monday')
fechas2/train/fechas2_000988.en.wav,next thursday please | next_day('thursday')
fechas2/train/fechas2_000989.en.wav,this thursday | next_day('thursday')
fechas2/train/fechas2_000990.en.wav,please this coming monday | next_day('monday')
fechas2/train/fechas2_000991.en.wav,this coming wednesday thank you | next_day('wednesday')
fechas2/train/fechas2_000992.en.wav,next monday | next_day('monday')
fechas2/train/fechas2_000993.en.wav,the day after tomorrow | relative_day(+2)
fechas2/train/fechas2_000994.en.wav,this friday | next_day('friday')
fechas2/train/fechas2_000995.en.wav,this thursday | next_day('thursday')
fechas2/train/fechas2_000996.en.wav,the day after tomorrow please | relative_day(+2)
fechas2/train/fechas2_000997.en.wav,next thursday | next_day('thursday')
fechas2/train/fechas2_000998.en.wav,in three days thanks | relative_day(+3)
fechas2/train/fechas2_000999.en.wav,next monday | next_day('monday')
fechas2/train/fechas2_001000.en.wav,next thursday | next_day('thursday')
fechas2/train/fechas2_001001.en.wav,next tuesday | next_day('tuesday')
fechas2/train/fechas2_001002.en.wav,please next thursday | next_day('thursday')
fechas2/train/fechas2_001003.en.wav,tomorrow please | relative_day(+1)
fechas2/train/fechas2_001004.en.wav,next monday please | next_day('monday')
fechas2/train/fechas2_001005.en.wav,next tuesday | next_day('tuesday')
fechas2/train/fechas2_001006.en.wav,next friday please | next_day('friday')
fechas2/train/fechas2_001007.en.wav,tuesday | next_day('tuesday')
fechas2/train/fechas2_001008.en.wav,next monday | next_day('monday')
fechas2/train/fechas2_001009.en.wav,in a couple of days thanks | relative_day(+2)
fechas2/train/fechas2_001010.en.wav,this coming tuesday please | next_day('tuesday')
fechas2/train/fechas2_001011.en.wav,this thursday | next_day('thursday')
fechas2/train/fechas2_001012.en.wav,wednesday | next_day('wednesday')
fechas2/train/fechas2_001013.en.wav,in three days thanks | relative_day(+3)
fechas2/train/fechas2_001014.en.wav,monday | next_day('monday')
fechas2/train/fechas2_001015.en.wav,in a couple of days | relative_day(+2)
fechas2/train/fechas2_001016.en.wav,next thursday thank you | next_day('thursday')
fechas2/train/fechas2_001017.en.wav,next thursday | next_day('thursday')
fechas2/train/fechas2_001018.en.wav,in three days | relative_day(+3)
fechas2/train/fechas2_001019.en.wav,this monday | next_day('monday')
fechas2/train/fechas2_001020.en.wav,please this coming thursday | next_day('thursday')
fechas2/train/fechas2_001021.en.wav,the day after tomorrow please | relative_day(+2)
fechas2/train/fechas2_001022.en.wav,tomorrow | relative_day(+1)
fechas2/train/fechas2_001023.en.wav,tomorrow | relative_day(+1)
fechas2/train/fechas2_001024.en.wav,next friday please | next_day('friday')
fechas2/train/fechas2_001025.en.wav,next friday | next_day('friday')
fechas2/train/fechas2_001026.en.wav,please on tuesday | next_day('tuesday')
fechas2/train/fechas2_001027.en.wav,next tuesday thanks | next_day('tuesday')
fechas2/train/fechas2_001028.en.wav,in a couple of days thanks | relative_day(+2)
fechas2/train/fechas2_001029.en.wav,in three days please | relative_day(+3)
fechas2/train/fechas2_001030.en.wav,please next monday | next_day('monday')
fechas2/train/fechas2_001031.en.wav,thursday | next_day('thursday')
fechas2/train/fechas2_001032.en.wav,this coming wednesday | next_day('wednesday')
fechas2/train/fechas2_001033.en.wav,in three days thanks | relative_day(+3)
fechas2/train/fechas2_001034.en.wav,friday | next_day('friday')
fechas2/train/fechas2_001035.en.wav,in a couple of days | relative_day(+2)
fechas2/train/fechas2_001036.en.wav,monday | next_day('monday')
fechas2/train/fechas2_001037.en.wav,please in three days | relative_day(+3)
fechas2/train/fechas2_001038.en.wav,next wednesday | next_day('wednesday')
fechas2/train/fechas2_001039.en.wav,next wednesday please | next_day('wednesday')
fechas2/train/fechas2_001040.en.wav,the following friday | next_day('friday')
fechas2/train/fechas2_001041.en.wav,this coming thursday | next_day('thursday')
fechas2/train/fechas2_001042.en.wav,next friday please | next_day('friday')
fechas2/train/fechas2_001043.en.wav,next monday | next_day('monday')
fechas2/train/fechas2_001044.en.wav,tomorrow | relative_day(+1)
fechas2/train/fechas2_001045.en.wav,the day after tomorrow please | relative_day(+2)
fechas2/train/fechas2_001046.en.wav,next tuesday please | next_day('tuesday')
fechas2/train/fechas2_001047.en.wav,this wednesday please | next_day('wednesday')
fechas2/train/fechas2_001048.en.wav,next wednesday | next_day('wednesday')
fechas2/train/fechas2_001049.en.wav,in three days thanks | relative_day(+3)
fechas2/train/fechas2_001050.en.wav,next monday thank you | next_day('monday')
fechas2/train/fechas2_001051.en.wav,please next thursday | next_day('thursday')
fechas2/train/fechas2_001052.en.wav,next thursday | next_day('thursday')
fechas2/train/fechas2_001053.en.wav,please in a couple of days | relative_day(+2)
fechas2/train/fechas2_001054.en.wav,the day after tomorrow please | relative_day(+2)
fechas2/train/fechas2_001055.en.wav,in a couple of days | relative_day(+2)
fechas2/train/fechas2_001056.en.wav,next thursday | next_day('thursday')
fechas2/train/fechas2_001057.en.wav,please in a couple of days | relative_day(+2)
fechas2/train/fechas2_001058.en.wav,please tomorrow | relative_day(+1)
fechas2/train/fechas2_001059.en.wav,next monday please | next_day('monday')
fechas2/train/fechas2_001060.en.wav,next tuesday please | next_day('tuesday')
fechas2/train/fechas2_001061.en.wav,next monday | next_day('monday')
fechas2/train/fechas2_001062.en.wav,wednesday | next_day('wednesday')
fechas2/train/fechas2_001063.en.wav,please next monday | next_day('monday')
fechas2/train/fechas2_001064.en.wav,in three days | relative_day(+3)
fechas2/train/fechas2_001065.en.wav,in three days | relative_day(+3)
fechas2/train/fechas2_001066.en.wav,next monday | next_day('monday')
fechas2/train/fechas2_001067.en.wav,next friday | next_day('friday')
fechas2/train/fechas2_001068.en.wav,in a couple of days | relative_day(+2)
fechas2/train/fechas2_001069.en.wav,this coming thursday | next_day('thursday')
fechas2/train/fechas2_001070.en.wav,please next thursday | next_day('thursday')
fechas2/train/fechas2_001071.en.wav,this thursday | next_day('thursday')
fechas2/train/fechas2_001072.en.wav,next wednesday thanks | next_day('wednesday')
fechas2/train/fechas2_001073.en.wav,next tuesday | next_day('tuesday')
fechas2/train/fechas2_001074.en.wav,the following tuesday | next_day('tuesday')
fechas2/train/fechas2_001075.en.wav,next tuesday please | next_day('tuesday')
fechas2/train/fechas2_001076.en.wav,please next thursday | next_day('thursday')
fechas2/train/fechas2_001077.en.wav,in a couple of days | relative_day(+2)
fechas2/train/fechas2_001078.en.wav,in three days | relative_day(+3)
fechas2/train/fechas2_001079.en.wav,wednesday thank you | next_day('wednesday')
fechas2/train/fechas2_001080.en.wav,next wednesday | next_day('wednesday')
fechas2/train/fechas2_001081.en.wav,this thursday | next_day('thursday')
fechas2/train/fechas2_001082.en.wav,this tuesday please | next_day('tuesday')
fechas2/train/fechas2_001083.en.wav,please in a couple of days | relative_day(+2)
fechas2/train/fechas2_001084.en.wav,next monday | next_day('monday')
fechas2/train/fechas2_001085.en.wav,this coming tuesday | next_day('tuesday')
fechas2/train/fechas2_001086.en.wav,monday thank you | next_day('monday')
fechas2/train/fechas2_001087.en.wav,tuesday | next_day('tuesday')
fechas2/train/fechas2_001088.en.wav,this wednesday thank you | next_day('wednesday')
fechas2/train/fechas2_001089.en.wav,this coming monday | next_day('monday')
fechas2/train/fechas2_001090.en.wav,the following tuesday | next_day('tuesday')
fechas2/train/fechas2_001091.en.wav,please this monday | next_day('monday')
fechas2/train/fechas2_001092.en.wav,this coming monday | next_day('monday')
fechas2/train/fechas2_001093.en.wav,this coming wednesday thanks | next_day('wednesday')
fechas2/train/fechas2_001094.en.wav,in three days | relative_day(+3)
fechas2/train/fechas2_001095.en.wav,tuesday | next_day('tuesday')
fechas2/train/fechas2_001096.en.wav,friday | next_day('friday')
fechas2/train/fechas2_001097.en.wav,thursday | next_day('thursday')
fechas2/train/fechas2_001098.en.wav,in three days please | relative_day(+3)
fechas2/train/fechas2_001099.en.wav,the day after tomorrow thanks | relative_day(+2)
fechas2/train/fechas2_001100.en.wav,this friday please | next_day('friday')
fechas2/train/fechas2_001101.en.wav,the day after tomorrow | relative_day(+2)
fechas2/train/fechas2_001102.en.wav,the day after tomorrow | relative_day(+2)
fechas2/train/fechas2_001103.en.wav,please this coming monday | next_day('monday')
fechas2/train/fechas2_001104.en.wav,this wednesday | next_day('wednesday')
fechas2/train/fechas2_001105.en.wav,next friday please | next_day('friday')
fechas2/train/fechas2_001106.en.wav,please this coming monday | next_day('monday')
fechas2/train/fechas2_001107.en.wav,next thursday | next_day('thursday')
fechas2/train/fechas2_001108.en.wav,tomorrow | relative_day(+1)
fechas2/train/fechas2_001109.en.wav,the day after tomorrow thanks | relative_day(+2)
fechas2/train/fechas2_001110.en.wav,this coming wednesday | next_day('wednesday')
fechas2/train/fechas2_001111.en.wav,the day after tomorrow | relative_day(+2)
fechas2/train/fechas2_001112.en.wav,in three days please | relative_day(+3)
fechas2/train/fechas2_001113.en.wav,please this coming tuesday | next_day('tuesday')
fechas2/train/fechas2_001114.en.wav,the following monday | next_day('monday')
fechas2/train/fechas2_001115.en.wav,next friday | next_day('friday')
fechas2/train/fechas2_001116.en.wav,next friday | next_day('friday')
fechas2/train/fechas2_001117.en.wav,in three days | relative_day(+3)
fechas2/train/fechas2_001118.en.wav,next wednesday | next_day('wednesday')
fechas2/train/fechas2_001119.en.wav,in a couple of days | relative_day(+2)
fechas2/train/fechas2_001120.en.wav,friday | next_day('friday')
fechas2/train/fechas2_001121.en.wav,please this coming friday | next_day('friday')
fechas2/train/fechas2_001122.en.wav,this coming wednesday thanks | next_day('wednesday')
fechas2/train/fechas2_001123.en.wav,please on tuesday | next_day('tuesday')
fechas2/train/fechas2_001124.en.wav,in three days thanks | relative_day(+3)
fechas2/train/fechas2_001125.en.wav,next friday | next_day('friday')
fechas2/train/fechas2_001126.en.wav,in three days | relative_day(+3)
fechas2/train/fechas2_001127.en.wav,next thursday please | next_day('thursday')
fechas2/train/fechas2_001128.en.wav,this coming wednesday thank you | next_day('wednesday')
fechas2/train/fechas2_001129.en.wav,please on wednesday | next_day('wednesday')
fechas2/train/fechas2_001130.en.wav,next thursday | next_day('thursday')
fechas2/train/fechas2_001131.en.wav,in three days | relative_day(+3)
fechas2/train/fechas2_001132.en.wav,next monday | next_day('monday')
fechas2/train/fechas2_001133.en.wav,next friday | next_day('friday')
fechas2/train/fechas2_001134.en.wav,this tuesday | next_day('tuesday')
fechas2/train/fechas2_001135.en.wav,next friday please | next_day('friday')
fechas2/train/fechas2_001136.en.wav,this coming wednesday | next_day('wednesday')
fechas2/train/fechas2_001137.en.wav,in three days | relative_day(+3)
fechas2/train/fechas2_001138.en.wav,in a couple of days | relative_day(+2)
fechas2/train/fechas2_001139.en.wav,next thursday thank you | next_day('thursday')
fechas2/train/fechas2_001140.en.wav,in a couple of days | relative_day(+2)
fechas2/train/fechas2_001141.en.wav,the following tuesday | next_day('tuesday')
fechas2/train/fechas2_001142.en.wav,this wednesday thank you | next_day('wednesday')
fechas2/train/fechas2_001143.en.wav,this coming wednesday | next_day('wednesday')
fechas2/train/fechas2_001144.en.wav,the following friday | next_day('friday')
fechas2/train/fechas2_001145.en.wav,next wednesday | next_day('wednesday')
fechas2/train/fechas2_001146.en.wav,next thursday | next_day('thursday')
fechas2/train/fechas2_001147.en.wav,the day after tomorrow thanks | relative_day(+2)
fechas2/train/fechas2_001148.en.wav,please next wednesday | next_day('wednesday')
fechas2/train/fechas2_001149.en.wav,this tuesday please | next_day('tuesday')
fechas2/train/fechas2_001150.en.wav,please next thursday | next_day('thursday')
fechas2/train/fechas2_001151.en.wav,this monday | next_day('monday')
fechas2/train/fechas2_001152.en.wav,in a couple of days | relative_day(+2)
fechas2/train/fechas2_001153.en.wav,in three days thanks | relative_day(+3)
fechas2/train/fechas2_001154.en.wav,next monday | next_day('monday')
fechas2/train/fechas2_001155.en.wav,this coming wednesday please | next_day('wednesday')
fechas2/train/fechas2_001156.en.wav,next wednesday thank you | next_day('wednesday')
fechas2/train/fechas2_001157.en.wav,next wednesday | next_day('wednesday')
fechas2/train/fechas2_001158.en.wav,in a couple of days | relative_day(+2)
fechas2/train/fechas2_001159.en.wav,next wednesday | next_day('wednesday')
fechas2/train/fechas2_001160.en.wav,in a couple of days | relative_day(+2)
fechas2/train/fechas2_001161.en.wav,please next wednesday | next_day('wednesday')
fechas2/train/fechas2_001162.en.wav,this friday | next_day('friday')
fechas2/train/fechas2_001163.en.wav,next tuesday please | next_day('tuesday')
fechas2/train/fechas2_001164.en.wav,please this coming friday | next_day('friday')
fechas2/train/fechas2_001165.en.wav,in a couple of days please | relative_day(+2)
fechas2/train/fechas2_001166.en.wav,this monday please | next_day('monday')
fechas2/train/fechas2_001167.en.wav,next friday thank you | next_day('friday')
fechas2/train/fechas2_001168.en.wav,next monday | next_day('monday')
fechas2/train/fechas2_001169.en.wav,day after tomorrow | relative_day(+2)
fechas2/train/fechas2_001170.en.wav,this coming monday please | next_day('monday')
fechas2/train/fechas2_001171.en.wav,next monday | next_day('monday')
fechas2/train/fechas2_001172.en.wav,next monday thank you | next_day('monday')
fechas2/train/fechas2_001173.en.wav,next tuesday | next_day('tuesday')
fechas2/train/fechas2_001174.en.wav,tuesday | next_day('tuesday')
fechas2/train/fechas2_001175.en.wav,next wednesday | next_day('wednesday')
fechas2/train/fechas2_001176.en.wav,tuesday please | next_day('tuesday')
fechas2/train/fechas2_001177.en.wav,this wednesday | next_day('wednesday')
fechas2/train/fechas2_001178.en.wav,thursday thank you | next_day('thursday')
fechas2/train/fechas2_001179.en.wav,tomorrow | relative_day(+1)
fechas2/train/fechas2_001180.en.wav,on monday please | next_day('monday')
fechas2/train/fechas2_001181.en.wav,next thursday | next_day('thursday')
fechas2/train/fechas2_001182.en.wav,next wednesday please | next_day('wednesday')
fechas2/train/fechas2_001183.en.wav,this coming friday | next_day('friday')
fechas2/train/fechas2_001184.en.wav,next thursday | next_day('thursday')
fechas2/train/fechas2_001185.en.wav,this wednesday | next_day('wednesday')
fechas2/train/fechas2_001186.en.wav,monday | next_day('monday')
fechas2/train/fechas2_001187.en.wav,next monday please | next_day('monday')
fechas2/train/fechas2_001188.en.wav,this coming tuesday | next_day('tuesday')
fechas2/train/fechas2_001189.en.wav,next thursday | next_day('thursday')
fechas2/train/fechas2_001190.en.wav,on monday please | next_day('monday')
fechas2/train/fechas2_001191.en.wav,please next monday | next_day('monday')
fechas2/train/fechas2_001192.en.wav,the day after tomorrow | relative_day(+2)
fechas2/train/fechas2_001193.en.wav,next tuesday | next_day('tuesday')
fechas2/train/fechas2_001194.en.wav,tuesday thank you. | next_day('tuesday')
fechas2/train/fechas2_001195.en.wav,next tuesday | next_day('tuesday')
fechas2/train/fechas2_001196.en.wav,this thursday | next_day('thursday')
fechas2/train/fechas2_001197.en.wav,monday | next_day('monday')
fechas2/train/fechas2_001198.en.wav,next wednesday | next_day('wednesday')
fechas2/train/fechas2_001199.en.wav,the following monday | next_day('monday')
fechas2/train/fechas2_001200.en.wav,next monday please | next_day('monday')
fechas2/train/fechas2_001201.en.wav,in a couple of days | relative_day(+2)
fechas2/train/fechas2_001202.en.wav,on monday please | next_day('monday')
fechas2/train/fechas2_001203.en.wav,in three days | relative_day(+3)
fechas2/train/fechas2_001204.en.wav,the following wednesday | next_day('wednesday')
fechas2/train/fechas2_001205.en.wav,this thursday please | next_day('thursday')
fechas2/train/fechas2_001206.en.wav,in a couple of days thanks | relative_day(+2)
fechas2/train/fechas2_001207.en.wav,tuesday | next_day('tuesday')
fechas2/train/fechas2_001208.en.wav,this coming friday | next_day('friday')
fechas2/train/fechas2_001209.en.wav,please on tuesday | next_day('tuesday')
fechas2/train/fechas2_001210.en.wav,please next friday | next_day('friday')
fechas2/train/fechas2_001211.en.wav,this coming thursday | next_day('thursday')
fechas2/train/fechas2_001212.en.wav,in a couple of days thanks | relative_day(+2)
fechas2/train/fechas2_001213.en.wav,next monday | next_day('monday')
fechas2/train/fechas2_001214.en.wav,next friday thank you | next_day('friday')
fechas2/train/fechas2_001215.en.wav,this wednesday | next_day('wednesday')
fechas2/train/fechas2_001216.en.wav,next thursday | next_day('thursday')
fechas2/train/fechas2_001217.en.wav,please in a couple of days | relative_day(+2)
fechas2/train/fechas2_001218.en.wav,wednesday please | next_day('wednesday')
fechas2/train/fechas2_001219.en.wav,in a couple of days | relative_day(+2)
fechas2/train/fechas2_001220.en.wav,next monday | next_day('monday')
fechas2/train/fechas2_001221.en.wav,this monday thank you | next_day('monday')
fechas2/train/fechas2_001222.en.wav,this coming friday | next_day('friday')
fechas2/train/fechas2_001223.en.wav,in a couple of days please | relative_day(+2)
fechas2/train/fechas2_001224.en.wav,thursday | next_day('thursday')
fechas2/train/fechas2_001225.en.wav,thursday | next_day('thursday')
fechas2/train/fechas2_001226.en.wav,in three days | relative_day(+3)
fechas2/train/fechas2_001227.en.wav,in three days please | relative_day(+3)
fechas2/train/fechas2_001228.en.wav,this friday | next_day('friday')
fechas2/train/fechas2_001229.en.wav,in a couple of days thanks | relative_day(+2)
fechas2/train/fechas2_001230.en.wav,this coming tuesday | next_day('tuesday')
fechas2/train/fechas2_001231.en.wav,next tuesday | next_day('tuesday')
fechas2/train/fechas2_001232.en.wav,this monday | next_day('monday')
fechas2/train/fechas2_001233.en.wav,next thursday | next_day('thursday')
fechas2/train/fechas2_001234.en.wav,next thursday | next_day('thursday')
fechas2/train/fechas2_001235.en.wav,this coming friday thanks | next_day('friday')
fechas2/train/fechas2_001236.en.wav,please this friday | next_day('friday')
fechas2/train/fechas2_001237.en.wav,thursday | next_day('thursday')
fechas2/train/fechas2_001238.en.wav,next thursday please | next_day('thursday')
fechas2/train/fechas2_001239.en.wav,in three days | relative_day(+3)
fechas2/train/fechas2_001240.en.wav,this coming thursday thanks | next_day('thursday')
fechas2/train/fechas2_001241.en.wav,monday thank you | next_day('monday')
fechas2/train/fechas2_001242.en.wav,next thursday | next_day('thursday')
fechas2/train/fechas2_001243.en.wav,please this coming thursday | next_day('thursday')
fechas2/train/fechas2_001244.en.wav,next thursday thank you | next_day('thursday')
fechas2/train/fechas2_001245.en.wav,thursday | next_day('thursday')
fechas2/train/fechas2_001246.en.wav,next wednesday thank you | next_day('wednesday')
fechas2/train/fechas2_001247.en.wav,this monday thank you | next_day('monday')
fechas2/train/fechas2_001248.en.wav,next tuesday please | next_day('tuesday')
fechas2/train/fechas2_001249.en.wav,next thursday | next_day('thursday')
fechas2/train/fechas2_001250.en.wav,in three days thanks | relative_day(+3)
fechas2/train/fechas2_001251.en.wav,monday thank you | next_day('monday')
fechas2/train/fechas2_001252.en.wav,please next wednesday | next_day('wednesday')
fechas2/train/fechas2_001253.en.wav,this thursday please | next_day('thursday')
fechas2/train/fechas2_001254.en.wav,in three days | relative_day(+3)
fechas2/train/fechas2_001255.en.wav,this wednesday | next_day('wednesday')
fechas2/train/fechas2_001256.en.wav,in three days | relative_day(+3)
fechas2/train/fechas2_001257.en.wav,friday please | next_day('friday')
fechas2/train/fechas2_001258.en.wav,this tuesday | next_day('tuesday')
fechas2/train/fechas2_001259.en.wav,next wednesday | next_day('wednesday')
fechas2/train/fechas2_001260.en.wav,thursday thank you | next_day('thursday')
fechas2/train/fechas2_001261.en.wav,the following wednesday | next_day('wednesday')
fechas2/train/fechas2_001262.en.wav,next monday please | next_day('monday')
fechas2/train/fechas2_001263.en.wav,the day after tomorrow | relative_day(+2)
fechas2/train/fechas2_001264.en.wav,next thursday please | next_day('thursday')
fechas2/train/fechas2_001265.en.wav,next tuesday thank you | next_day('tuesday')
fechas2/train/fechas2_001266.en.wav,in three days thanks | relative_day(+3)
fechas2/train/fechas2_001267.en.wav,this thursday | next_day('thursday')
fechas2/train/fechas2_001268.en.wav,this coming wednesday please | next_day('wednesday')
fechas2/train/fechas2_001269.en.wav,next wednesday | next_day('wednesday')
fechas2/train/fechas2_001270.en.wav,tuesday | next_day('tuesday')
fechas2/train/fechas2_001271.en.wav,next wednesday thank you | next_day('wednesday')
fechas2/train/fechas2_001272.en.wav,this thursday please | next_day('thursday')
fechas2/train/fechas2_001273.en.wav,this coming thursday | next_day('thursday')
fechas2/train/fechas2_001274.en.wav,next tuesday thank you | next_day('tuesday')
fechas2/train/fechas2_001275.en.wav,next wednesday please | next_day('wednesday')
fechas2/train/fechas2_001276.en.wav,in a couple of days please | relative_day(+2)
fechas2/train/fechas2_001277.en.wav,in three days please | relative_day(+3)
fechas2/train/fechas2_001278.en.wav,wednesday | next_day('wednesday')
fechas2/train/fechas2_001279.en.wav,this coming thursday | next_day('thursday')
fechas2/train/fechas2_001280.en.wav,next thursday thank you | next_day('thursday')
fechas2/train/fechas2_001281.en.wav,this coming wednesday please | next_day('wednesday')
fechas2/train/fechas2_001282.en.wav,the day after tomorrow thanks | relative_day(+2)
fechas2/train/fechas2_001283.en.wav,the following monday | next_day('monday')
fechas2/train/fechas2_001284.en.wav,in three days | relative_day(+3)
fechas2/train/fechas2_001285.en.wav,next monday | next_day('monday')
fechas2/train/fechas2_001286.en.wav,next tuesday | next_day('tuesday')
fechas2/train/fechas2_001287.en.wav,in a couple of days | relative_day(+2)
fechas2/train/fechas2_001288.en.wav,this coming thursday | next_day('thursday')
fechas2/train/fechas2_001289.en.wav,please this monday | next_day('monday')
fechas2/train/fechas2_001290.en.wav,next monday | next_day('monday')
fechas2/train/fechas2_001291.en.wav,next tuesday | next_day('tuesday')
fechas2/train/fechas2_001292.en.wav,this coming tuesday | next_day('tuesday')
fechas2/train/fechas2_001293.en.wav,please next wednesday | next_day('wednesday')
fechas2/train/fechas2_001294.en.wav,next tuesday thank you | next_day('tuesday')
fechas2/train/fechas2_001295.en.wav,please in three days | relative_day(+3)
fechas2/train/fechas2_001296.en.wav,in three days | relative_day(+3)
fechas2/train/fechas2_001297.en.wav,next wednesday | next_day('wednesday')
fechas2/train/fechas2_001298.en.wav,next wednesday | next_day('wednesday')
fechas2/train/fechas2_001299.en.wav,in a couple of days please | relative_day(+2)
fechas2/train/fechas2_001300.en.wav,this coming wednesday | next_day('wednesday')
fechas2/train/fechas2_001301.en.wav,next monday thank you | next_day('monday')
fechas2/train/fechas2_001302.en.wav,day after tomorrow | relative_day(+2)
fechas2/train/fechas2_001303.en.wav,this thursday | next_day('thursday')
fechas2/train/fechas2_001304.en.wav,tuesday | next_day('tuesday')
fechas2/train/fechas2_001305.en.wav,in a couple of days | relative_day(+2)
fechas2/train/fechas2_001306.en.wav,next wednesday thank you | next_day('wednesday')
fechas2/train/fechas2_001307.en.wav,in a couple of days | relative_day(+2)
fechas2/train/fechas2_001308.en.wav,in three days | relative_day(+3)
fechas2/train/fechas2_001309.en.wav,in three days | relative_day(+3)
fechas2/train/fechas2_001310.en.wav,monday | next_day('monday')
fechas2/train/fechas2_001311.en.wav,tuesday thank you. | next_day('tuesday')
fechas2/train/fechas2_001312.en.wav,tomorrow thank you | relative_day(+1)
fechas2/train/fechas2_001313.en.wav,tomorrow | relative_day(+1)
fechas2/train/fechas2_001314.en.wav,next friday | next_day('friday')
fechas2/train/fechas2_001315.en.wav,please in three days | relative_day(+3)
fechas2/train/fechas2_001316.en.wav,next friday thank you | next_day('friday')
fechas2/train/fechas2_001317.en.wav,please in three days | relative_day(+3)
fechas2/train/fechas2_001318.en.wav,please next wednesday | next_day('wednesday')
fechas2/train/fechas2_001319.en.wav,this coming thursday | next_day('thursday')
fechas2/train/fechas2_001320.en.wav,this thursday thank you | next_day('thursday')
fechas2/train/fechas2_001321.en.wav,the day after tomorrow | relative_day(+2)
fechas2/train/fechas2_001322.en.wav,in a couple of days please | relative_day(+2)
fechas2/train/fechas2_001323.en.wav,this thursday | next_day('thursday')
fechas2/train/fechas2_001324.en.wav,in three days | relative_day(+3)
fechas2/train/fechas2_001325.en.wav,this coming wednesday | next_day('wednesday')
fechas2/train/fechas2_001326.en.wav,this coming friday thanks | next_day('friday')
fechas2/train/fechas2_001327.en.wav,this coming friday thanks | next_day('friday')
fechas2/train/fechas2_001328.en.wav,this coming monday thank you | next_day('monday')
fechas2/train/fechas2_001329.en.wav,next wednesday please | next_day('wednesday')
fechas2/train/fechas2_001330.en.wav,please this coming monday | next_day('monday')
fechas2/train/fechas2_001331.en.wav,on monday please | next_day('monday')
fechas2/train/fechas2_001332.en.wav,please this coming wednesday | next_day('wednesday')
fechas2/train/fechas2_001333.en.wav,tomorrow | relative_day(+1)
fechas2/train/fechas2_001334.en.wav,monday | next_day('monday')
fechas2/train/fechas2_001335.en.wav,next monday | next_day('monday')
fechas2/train/fechas2_001336.en.wav,the day after tomorrow | relative_day(+2)
fechas2/train/fechas2_001337.en.wav,in three days please | relative_day(+3)
fechas2/train/fechas2_001338.en.wav,this coming monday | next_day('monday')
fechas2/train/fechas2_001339.en.wav,next thursday please | next_day('thursday')
fechas2/train/fechas2_001340.en.wav,next monday | next_day('monday')
fechas2/train/fechas2_001341.en.wav,next wednesday please | next_day('wednesday')
fechas2/train/fechas2_001342.en.wav,next friday please | next_day('friday')
fechas2/train/fechas2_001343.en.wav,wednesday | next_day('wednesday')
fechas2/train/fechas2_001344.en.wav,this thursday please | next_day('thursday')
fechas2/train/fechas2_001345.en.wav,next monday | next_day('monday')
fechas2/train/fechas2_001346.en.wav,tomorrow | relative_day(+1)
fechas2/train/fechas2_001347.en.wav,please this coming friday | next_day('friday')
fechas2/train/fechas2_001348.en.wav,next friday | next_day('friday')
fechas2/train/fechas2_001349.en.wav,the following monday | next_day('monday')
fechas2/train/fechas2_001350.en.wav,next wednesday | next_day('wednesday')
fechas2/train/fechas2_001351.en.wav,please next wednesday | next_day('wednesday')
fechas2/train/fechas2_001352.en.wav,in three days | relative_day(+3)
fechas2/train/fechas2_001353.en.wav,next monday | next_day('monday')
fechas2/train/fechas2_001354.en.wav,please in a couple of days | relative_day(+2)
fechas2/train/fechas2_001355.en.wav,next wednesday please | next_day('wednesday')
fechas2/train/fechas2_001356.en.wav,day after tomorrow | relative_day(+2)
fechas2/train/fechas2_001357.en.wav,day after tomorrow | relative_day(+2)
fechas2/train/fechas2_001358.en.wav,next wednesday | next_day('wednesday')
fechas2/train/fechas2_001359.en.wav,please next tuesday | next_day('tuesday')
fechas2/train/fechas2_001360.en.wav,in a couple of days | relative_day(+2)
fechas2/train/fechas2_001361.en.wav,wednesday thank you | next_day('wednesday')
fechas2/train/fechas2_001362.en.wav,tomorrow | relative_day(+1)
fechas2/train/fechas2_001363.en.wav,next wednesday | next_day('wednesday')
fechas2/train/fechas2_001364.en.wav,in three days | relative_day(+3)
fechas2/train/fechas2_001365.en.wav,thursday thank you | next_day('thursday')
fechas2/train/fechas2_001366.en.wav,next thursday | next_day('thursday')
fechas2/train/fechas2_001367.en.wav,in a couple of days | relative_day(+2)
fechas2/train/fechas2_001368.en.wav,this coming wednesday thank you | next_day('wednesday')
fechas2/train/fechas2_001369.en.wav,next thursday thank you | next_day('thursday')
fechas2/train/fechas2_001370.en.wav,on monday please | next_day('monday')
fechas2/train/fechas2_001371.en.wav,next thursday | next_day('thursday')
fechas2/train/fechas2_001372.en.wav,tuesday please | next_day('tuesday')
fechas2/train/fechas2_001373.en.wav,next monday | next_day('monday')
fechas2/train/fechas2_001374.en.wav,next thursday thank you | next_day('thursday')
fechas2/train/fechas2_001375.en.wav,this coming monday | next_day('monday')
fechas2/train/fechas2_001376.en.wav,next friday | next_day('friday')
fechas2/train/fechas2_001377.en.wav,please in a couple of days | relative_day(+2)
fechas2/train/fechas2_001378.en.wav,next tuesday please | next_day('tuesday')
fechas2/train/fechas2_001379.en.wav,in three days please | relative_day(+3)
fechas2/train/fechas2_001380.en.wav,in a couple of days | relative_day(+2)
fechas2/train/fechas2_001381.en.wav,please next thursday | next_day('thursday')
fechas2/train/fechas2_001382.en.wav,friday please | next_day('friday')
fechas2/train/fechas2_001383.en.wav,thursday | next_day('thursday')
fechas2/train/fechas2_001384.en.wav,this coming thursday please | next_day('thursday')
fechas2/train/fechas2_001385.en.wav,next monday | next_day('monday')
fechas2/train/fechas2_001386.en.wav,please next thursday | next_day('thursday')
fechas2/train/fechas2_001387.en.wav,next thursday | next_day('thursday')
fechas2/train/fechas2_001388.en.wav,this friday please | next_day('friday')
fechas2/train/fechas2_001389.en.wav,next wednesday | next_day('wednesday')
fechas2/train/fechas2_001390.en.wav,tomorrow please | relative_day(+1)
fechas2/train/fechas2_001391.en.wav,next wednesday thank you | next_day('wednesday')
fechas2/train/fechas2_001392.en.wav,please in a couple of days | relative_day(+2)
fechas2/train/fechas2_001393.en.wav,in three days thanks | relative_day(+3)
fechas2/train/fechas2_001394.en.wav,in a couple of days thanks | relative_day(+2)
fechas2/train/fechas2_001395.en.wav,next tuesday | next_day('tuesday')
fechas2/train/fechas2_001396.en.wav,this thursday please | next_day('thursday')
fechas2/train/fechas2_001397.en.wav,this tuesday | next_day('tuesday')
fechas2/train/fechas2_001398.en.wav,please on tuesday | next_day('tuesday')
fechas2/train/fechas2_001399.en.wav,this coming monday | next_day('monday')
fechas2/train/fechas2_001400.en.wav,in a couple of days | relative_day(+2)
fechas2/train/fechas2_001401.en.wav,this wednesday please | next_day('wednesday')
fechas2/train/fechas2_001402.en.wav,the following wednesday | next_day('wednesday')
fechas2/train/fechas2_001403.en.wav,in a couple of days | relative_day(+2)
fechas2/train/fechas2_001404.en.wav,wednesday thank you | next_day('wednesday')
fechas2/train/fechas2_001405.en.wav,the day after tomorrow | relative_day(+2)
fechas2/train/fechas2_001406.en.wav,the day after tomorrow | relative_day(+2)
fechas2/train/fechas2_001407.en.wav,this coming tuesday | next_day('tuesday')
fechas2/train/fechas2_001408.en.wav,the day after tomorrow | relative_day(+2)
fechas2/train/fechas2_001409.en.wav,next tuesday | next_day('tuesday')
fechas2/train/fechas2_001410.en.wav,tomorrow | relative_day(+1)
fechas2/train/fechas2_001411.en.wav,next thursday please | next_day('thursday')
fechas2/train/fechas2_001412.en.wav,wednesday | next_day('wednesday')
fechas2/train/fechas2_001413.en.wav,please next monday | next_day('monday')
fechas2/train/fechas2_001414.en.wav,next wednesday | next_day('wednesday')
fechas2/train/fechas2_001415.en.wav,this coming wednesday | next_day('wednesday')
fechas2/train/fechas2_001416.en.wav,please on monday | next_day('monday')
fechas2/train/fechas2_001417.en.wav,next monday | next_day('monday')
fechas2/train/fechas2_001418.en.wav,tuesday thank you. | next_day('tuesday')
fechas2/train/fechas2_001419.en.wav,please on thursday | next_day('thursday')
fechas2/train/fechas2_001420.en.wav,please this coming tuesday | next_day('tuesday')
fechas2/train/fechas2_001421.en.wav,this wednesday please | next_day('wednesday')
fechas2/train/fechas2_001422.en.wav,please this friday | next_day('friday')
fechas2/train/fechas2_001423.en.wav,tomorrow | relative_day(+1)
fechas2/train/fechas2_001424.en.wav,in three days | relative_day(+3)
fechas2/train/fechas2_001425.en.wav,friday | next_day('friday')
fechas2/train/fechas2_001426.en.wav,in a couple of days please | relative_day(+2)
fechas2/train/fechas2_001427.en.wav,this coming monday thank you | next_day('monday')
fechas2/train/fechas2_001428.en.wav,the day after tomorrow please | relative_day(+2)
fechas2/train/fechas2_001429.en.wav,this friday thank you | next_day('friday')
fechas2/train/fechas2_001430.en.wav,next thursday | next_day('thursday')
fechas2/train/fechas2_001431.en.wav,next wednesday | next_day('wednesday')
fechas2/train/fechas2_001432.en.wav,next thursday | next_day('thursday')
fechas2/train/fechas2_001433.en.wav,please tomorrow | relative_day(+1)
fechas2/train/fechas2_001434.en.wav,please this coming monday | next_day('monday')
fechas2/train/fechas2_001435.en.wav,this coming thursday | next_day('thursday')
fechas2/train/fechas2_001436.en.wav,in three days | relative_day(+3)
fechas2/train/fechas2_001437.en.wav,in three days please | relative_day(+3)
fechas2/train/fechas2_001438.en.wav,this friday | next_day('friday')
fechas2/train/fechas2_001439.en.wav,wednesday | next_day('wednesday')
fechas2/train/fechas2_001440.en.wav,in three days | relative_day(+3)
fechas2/train/fechas2_001441.en.wav,next friday thank you | next_day('friday')
fechas2/train/fechas2_001442.en.wav,next friday | next_day('friday')
fechas2/train/fechas2_001443.en.wav,this thursday | next_day('thursday')
fechas2/train/fechas2_001444.en.wav,next thursday | next_day('thursday')
fechas2/train/fechas2_001445.en.wav,this coming monday | next_day('monday')
fechas2/train/fechas2_001446.en.wav,next friday thank you | next_day('friday')
fechas2/train/fechas2_001447.en.wav,please this coming tuesday | next_day('tuesday')
fechas2/train/fechas2_001448.en.wav,this tuesday | next_day('tuesday')
fechas2/train/fechas2_001449.en.wav,tuesday | next_day('tuesday')
fechas2/train/fechas2_001450.en.wav,this friday | next_day('friday')
fechas2/train/fechas2_001451.en.wav,next wednesday | next_day('wednesday')
fechas2/train/fechas2_001452.en.wav,in three days | relative_day(+3)
fechas2/train/fechas2_001453.en.wav,this coming wednesday | next_day('wednesday')
fechas2/train/fechas2_001454.en.wav,in a couple of days | relative_day(+2)
fechas2/train/fechas2_001455.en.wav,this tuesday | next_day('tuesday')
fechas2/train/fechas2_001456.en.wav,tomorrow | relative_day(+1)
fechas2/train/fechas2_001457.en.wav,the following friday | next_day('friday')
fechas2/train/fechas2_001458.en.wav,this coming friday thanks | next_day('friday')
fechas2/train/fechas2_001459.en.wav,please on tuesday | next_day('tuesday')
fechas2/train/fechas2_001460.en.wav,thursday thank you | next_day('thursday')
fechas2/train/fechas2_001461.en.wav,the following tuesday | next_day('tuesday')
fechas2/train/fechas2_001462.en.wav,next tuesday please | next_day('tuesday')
fechas2/train/fechas2_001463.en.wav,next monday please | next_day('monday')
fechas2/train/fechas2_001464.en.wav,this coming tuesday | next_day('tuesday')
fechas2/train/fechas2_001465.en.wav,next tuesday | next_day('tuesday')
fechas2/train/fechas2_001466.en.wav,next monday please | next_day('monday')
fechas2/train/fechas2_001467.en.wav,next friday | next_day('friday')
fechas2/train/fechas2_001468.en.wav,next tuesday | next_day('tuesday')
fechas2/train/fechas2_001469.en.wav,please next friday | next_day('friday')
fechas2/train/fechas2_001470.en.wav,next tuesday | next_day('tuesday')
fechas2/train/fechas2_001471.en.wav,this thursday | next_day('thursday')
fechas2/train/fechas2_001472.en.wav,friday thank you | next_day('friday')
fechas2/train/fechas2_001473.en.wav,please this tuesday | next_day('tuesday')
fechas2/train/fechas2_001474.en.wav,monday | next_day('monday')
fechas2/train/fechas2_001475.en.wav,monday | next_day('monday')
fechas2/train/fechas2_001476.en.wav,this coming monday | next_day('monday')
fechas2/train/fechas2_001477.en.wav,in a couple of days thanks | relative_day(+2)
fechas2/train/fechas2_001478.en.wav,please in three days | relative_day(+3)
fechas2/train/fechas2_001479.en.wav,this wednesday | next_day('wednesday')
fechas2/train/fechas2_001480.en.wav,next tuesday | next_day('tuesday')
fechas2/train/fechas2_001481.en.wav,next tuesday | next_day('tuesday')
fechas2/train/fechas2_001482.en.wav,next tuesday | next_day('tuesday')
fechas2/train/fechas2_001483.en.wav,next thursday please | next_day('thursday')
fechas2/train/fechas2_001484.en.wav,wednesday please | next_day('wednesday')
fechas2/train/fechas2_001485.en.wav,this tuesday | next_day('tuesday')
fechas2/train/fechas2_001486.en.wav,next tuesday | next_day('tuesday')
fechas2/train/fechas2_001487.en.wav,day after tomorrow | relative_day(+2)
fechas2/train/fechas2_001488.en.wav,tuesday | next_day('tuesday')
fechas2/train/fechas2_001489.en.wav,tomorrow thank you | relative_day(+1)
fechas2/train/fechas2_001490.en.wav,the following tuesday | next_day('tuesday')
fechas2/train/fechas2_001491.en.wav,next tuesday | next_day('tuesday')
fechas2/train/fechas2_001492.en.wav,the day after tomorrow | relative_day(+2)
fechas2/train/fechas2_001493.en.wav,next wednesday | next_day('wednesday')
fechas2/train/fechas2_001494.en.wav,in a couple of days | relative_day(+2)
fechas2/train/fechas2_001495.en.wav,next monday thank you | next_day('monday')
fechas2/train/fechas2_001496.en.wav,next friday thank you | next_day('friday')
fechas2/train/fechas2_001497.en.wav,tuesday thank you. | next_day('tuesday')
fechas2/train/fechas2_001498.en.wav,next friday | next_day('friday')
fechas2/train/fechas2_001499.en.wav,next tuesday | next_day('tuesday')
fechas2/train/fechas2_001500.en.wav,this coming friday | next_day('friday')
fechas2/train/fechas2_001501.en.wav,this coming wednesday | next_day('wednesday')
fechas2/train/fechas2_001502.en.wav,the day after tomorrow | relative_day(+2)
fechas2/train/fechas2_001503.en.wav,next monday thank you | next_day('monday')
fechas2/train/fechas2_001504.en.wav,next tuesday thank you | next_day('tuesday')
fechas2/train/fechas2_001505.en.wav,next monday | next_day('monday')
fechas2/train/fechas2_001506.en.wav,this tuesday | next_day('tuesday')
fechas2/train/fechas2_001507.en.wav,next monday | next_day('monday')
fechas2/train/fechas2_001508.en.wav,in a couple of days | relative_day(+2)
fechas2/train/fechas2_001509.en.wav,next thursday | next_day('thursday')
fechas2/train/fechas2_001510.en.wav,in three days | relative_day(+3)
fechas2/train/fechas2_001511.en.wav,in three days thanks | relative_day(+3)
fechas2/train/fechas2_001512.en.wav,this coming friday please | next_day('friday')
fechas2/train/fechas2_001513.en.wav,the following wednesday | next_day('wednesday')
fechas2/train/fechas2_001514.en.wav,this coming tuesday | next_day('tuesday')
fechas2/train/fechas2_001515.en.wav,next wednesday | next_day('wednesday')
fechas2/train/fechas2_001516.en.wav,next friday thank you | next_day('friday')
fechas2/train/fechas2_001517.en.wav,this coming friday thanks | next_day('friday')
fechas2/train/fechas2_001518.en.wav,day after tomorrow | relative_day(+2)
fechas2/train/fechas2_001519.en.wav,next monday | next_day('monday')
fechas2/train/fechas2_001520.en.wav,next monday | next_day('monday')
fechas2/train/fechas2_001521.en.wav,next monday thank you | next_day('monday')
fechas2/train/fechas2_001522.en.wav,please next tuesday | next_day('tuesday')
fechas2/train/fechas2_001523.en.wav,this thursday | next_day('thursday')
fechas2/train/fechas2_001524.en.wav,this coming thursday | next_day('thursday')
fechas2/train/fechas2_001525.en.wav,next tuesday | next_day('tuesday')
fechas2/train/fechas2_001526.en.wav,please on friday | next_day('friday')
fechas2/train/fechas2_001527.en.wav,this tuesday | next_day('tuesday')
fechas2/train/fechas2_001528.en.wav,please next monday | next_day('monday')
fechas2/train/fechas2_001529.en.wav,next monday thank you | next_day('monday')
fechas2/train/fechas2_001530.en.wav,this thursday thank you | next_day('thursday')
fechas2/train/fechas2_001531.en.wav,next tuesday | next_day('tuesday')
fechas2/train/fechas2_001532.en.wav,this coming friday | next_day('friday')
fechas2/train/fechas2_001533.en.wav,please next thursday | next_day('thursday')
fechas2/train/fechas2_001534.en.wav,this coming monday please | next_day('monday')
fechas2/train/fechas2_001535.en.wav,this coming friday | next_day('friday')
fechas2/train/fechas2_001536.en.wav,in three days | relative_day(+3)
fechas2/train/fechas2_001537.en.wav,in a couple of days | relative_day(+2)
fechas2/train/fechas2_001538.en.wav,next friday please | next_day('friday')
fechas2/train/fechas2_001539.en.wav,friday | next_day('friday')
fechas2/train/fechas2_001540.en.wav,tomorrow | relative_day(+1)
fechas2/train/fechas2_001541.en.wav,next tuesday thank you | next_day('tuesday')
fechas2/train/fechas2_001542.en.wav,next friday | next_day('friday')
fechas2/train/fechas2_001543.en.wav,next tuesday | next_day('tuesday')
fechas2/train/fechas2_001544.en.wav,this friday thank you | next_day('friday')
fechas2/train/fechas2_001545.en.wav,the following monday thanks | next_day('monday')
fechas2/train/fechas2_001546.en.wav,please next wednesday | next_day('wednesday')
fechas2/train/fechas2_001547.en.wav,wednesday please | next_day('wednesday')
fechas2/train/fechas2_001548.en.wav,next friday | next_day('friday')
fechas2/train/fechas2_001549.en.wav,please next monday | next_day('monday')
fechas2/train/fechas2_001550.en.wav,this coming wednesday please | next_day('wednesday')
fechas2/train/fechas2_001551.en.wav,next friday | next_day('friday')
fechas2/train/fechas2_001552.en.wav,next monday | next_day('monday')
fechas2/train/fechas2_001553.en.wav,please next wednesday | next_day('wednesday')
fechas2/train/fechas2_001554.en.wav,day after tomorrow | relative_day(+2)
fechas2/train/fechas2_001555.en.wav,next tuesday | next_day('tuesday')
fechas2/train/fechas2_001556.en.wav,next tuesday | next_day('tuesday')
fechas2/train/fechas2_001557.en.wav,next monday please | next_day('monday')
fechas2/train/fechas2_001558.en.wav,this wednesday thank you | next_day('wednesday')
fechas2/train/fechas2_001559.en.wav,wednesday | next_day('wednesday')
fechas2/train/fechas2_001560.en.wav,next thursday | next_day('thursday')
fechas2/train/fechas2_001561.en.wav,this friday | next_day('friday')
fechas2/train/fechas2_001562.en.wav,next thursday | next_day('thursday')
fechas2/train/fechas2_001563.en.wav,please on tuesday | next_day('tuesday')
fechas2/train/fechas2_001564.en.wav,thursday | next_day('thursday')
fechas2/train/fechas2_001565.en.wav,in a couple of days | relative_day(+2)
fechas2/train/fechas2_001566.en.wav,in a couple of days | relative_day(+2)
fechas2/train/fechas2_001567.en.wav,tuesday thank you. | next_day('tuesday')
fechas2/train/fechas2_001568.en.wav,please in a couple of days | relative_day(+2)
fechas2/train/fechas2_001569.en.wav,tuesday please | next_day('tuesday')
fechas2/train/fechas2_001570.en.wav,this coming friday please | next_day('friday')
fechas2/train/fechas2_001571.en.wav,this coming tuesday thank you | next_day('tuesday')
fechas2/train/fechas2_001572.en.wav,please on friday | next_day('friday')
fechas2/train/fechas2_001573.en.wav,this tuesday | next_day('tuesday')
fechas2/train/fechas2_001574.en.wav,in three days please | relative_day(+3)
fechas2/train/fechas2_001575.en.wav,in a couple of days | relative_day(+2)
fechas2/train/fechas2_001576.en.wav,next monday | next_day('monday')
fechas2/train/fechas2_001577.en.wav,this friday thank you | next_day('friday')
fechas2/train/fechas2_001578.en.wav,in three days | relative_day(+3)
fechas2/train/fechas2_001579.en.wav,next thursday | next_day('thursday')
fechas2/train/fechas2_001580.en.wav,this coming friday | next_day('friday')
fechas2/train/fechas2_001581.en.wav,this coming thursday | next_day('thursday')
fechas2/train/fechas2_001582.en.wav,thursday | next_day('thursday')
fechas2/train/fechas2_001583.en.wav,in a couple of days | relative_day(+2)
fechas2/train/fechas2_001584.en.wav,this friday thank you | next_day('friday')
fechas2/train/fechas2_001585.en.wav,this wednesday | next_day('wednesday')
fechas2/train/fechas2_001586.en.wav,in three days | relative_day(+3)
fechas2/train/fechas2_001587.en.wav,this coming tuesday | next_day('tuesday')
fechas2/train/fechas2_001588.en.wav,in a couple of days | relative_day(+2)
fechas2/train/fechas2_001589.en.wav,this coming tuesday thank you | next_day('tuesday')
fechas2/train/fechas2_001590.en.wav,tuesday please | next_day('tuesday')
fechas2/train/fechas2_001591.en.wav,tomorrow | relative_day(+1)
fechas2/train/fechas2_001592.en.wav,please next wednesday | next_day('wednesday')
fechas2/train/fechas2_001593.en.wav,tomorrow | relative_day(+1)
fechas2/train/fechas2_001594.en.wav,this coming friday | next_day('friday')
fechas2/train/fechas2_001595.en.wav,this coming friday | next_day('friday')
fechas2/train/fechas2_001596.en.wav,this coming tuesday | next_day('tuesday')
fechas2/train/fechas2_001597.en.wav,next wednesday please | next_day('wednesday')
fechas2/train/fechas2_001598.en.wav,tomorrow | relative_day(+1)
fechas2/train/fechas2_001599.en.wav,please in three days | relative_day(+3)
fechas2/train/fechas2_001600.en.wav,friday | next_day('friday')
fechas2/train/fechas2_001601.en.wav,this coming monday please | next_day('monday')
fechas2/train/fechas2_001602.en.wav,next monday | next_day('monday')
fechas2/train/fechas2_001603.en.wav,next monday | next_day('monday')
fechas2/train/fechas2_001604.en.wav,this coming friday | next_day('friday')
fechas2/train/fechas2_001605.en.wav,next thursday | next_day('thursday')
fechas2/train/fechas2_001606.en.wav,next monday | next_day('monday')
fechas2/train/fechas2_001607.en.wav,please this friday | next_day('friday')
fechas2/train/fechas2_001608.en.wav,the day after tomorrow please | relative_day(+2)
fechas2/train/fechas2_001609.en.wav,this coming monday thank you | next_day('monday')
fechas2/train/fechas2_001610.en.wav,in three days | relative_day(+3)
fechas2/train/fechas2_001611.en.wav,in a couple of days | relative_day(+2)
fechas2/train/fechas2_001612.en.wav,this coming thursday | next_day('thursday')
fechas2/train/fechas2_001613.en.wav,please next tuesday | next_day('tuesday')
fechas2/train/fechas2_001614.en.wav,this coming tuesday please | next_day('tuesday')
fechas2/train/fechas2_001615.en.wav,next tuesday | next_day('tuesday')
fechas2/train/fechas2_001616.en.wav,in a couple of days thanks | relative_day(+2)
fechas2/train/fechas2_001617.en.wav,this coming thursday thanks | next_day('thursday')
fechas2/train/fechas2_001618.en.wav,tomorrow thank you | relative_day(+1)
fechas2/train/fechas2_001619.en.wav,please in three days | relative_day(+3)
fechas2/train/fechas2_001620.en.wav,next monday please | next_day('monday')
fechas2/train/fechas2_001621.en.wav,friday | next_day('friday')
fechas2/train/fechas2_001622.en.wav,please next monday | next_day('monday')
fechas2/train/fechas2_001623.en.wav,please next wednesday | next_day('wednesday')
fechas2/train/fechas2_001624.en.wav,friday | next_day('friday')
fechas2/train/fechas2_001625.en.wav,please on tuesday | next_day('tuesday')
fechas2/train/fechas2_001626.en.wav,in a couple of days | relative_day(+2)
fechas2/train/fechas2_001627.en.wav,tomorrow please | relative_day(+1)
fechas2/train/fechas2_001628.en.wav,please next wednesday | next_day('wednesday')
fechas2/train/fechas2_001629.en.wav,the following wednesday | next_day('wednesday')
fechas2/train/fechas2_001630.en.wav,next monday | next_day('monday')
fechas2/train/fechas2_001631.en.wav,in three days | relative_day(+3)
fechas2/train/fechas2_001632.en.wav,next tuesday thank you | next_day('tuesday')
fechas2/train/fechas2_001633.en.wav,please in three days | relative_day(+3)
fechas2/train/fechas2_001634.en.wav,please on wednesday | next_day('wednesday')
fechas2/train/fechas2_001635.en.wav,the day after tomorrow | relative_day(+2)
fechas2/train/fechas2_001636.en.wav,next monday | next_day('monday')
fechas2/train/fechas2_001637.en.wav,next tuesday | next_day('tuesday')
fechas2/train/fechas2_001638.en.wav,tuesday | next_day('tuesday')
fechas2/train/fechas2_001639.en.wav,the day after tomorrow | relative_day(+2)
fechas2/train/fechas2_001640.en.wav,next friday | next_day('friday')
fechas2/train/fechas2_001641.en.wav,this coming friday thanks | next_day('friday')
fechas2/train/fechas2_001642.en.wav,next wednesday | next_day('wednesday')
fechas2/train/fechas2_001643.en.wav,the following tuesday | next_day('tuesday')
fechas2/train/fechas2_001644.en.wav,next friday | next_day('friday')
fechas2/train/fechas2_001645.en.wav,please on tuesday | next_day('tuesday')
fechas2/train/fechas2_001646.en.wav,this coming friday please | next_day('friday')
fechas2/train/fechas2_001647.en.wav,this coming wednesday | next_day('wednesday')
fechas2/train/fechas2_001648.en.wav,next thursday thank you | next_day('thursday')
fechas2/train/fechas2_001649.en.wav,next monday thank you | next_day('monday')
fechas2/train/fechas2_001650.en.wav,tuesday thank you. | next_day('tuesday')
fechas2/train/fechas2_001651.en.wav,this coming thursday | next_day('thursday')
fechas2/train/fechas2_001652.en.wav,next wednesday thank you | next_day('wednesday')
fechas2/train/fechas2_001653.en.wav,this tuesday thank you | next_day('tuesday')
fechas2/train/fechas2_001654.en.wav,next monday | next_day('monday')
fechas2/train/fechas2_001655.en.wav,the following thursday | next_day('thursday')
fechas2/train/fechas2_001656.en.wav,next wednesday | next_day('wednesday')
fechas2/train/fechas2_001657.en.wav,next friday thank you | next_day('friday')
fechas2/train/fechas2_001658.en.wav,next monday | next_day('monday')
fechas2/train/fechas2_001659.en.wav,this coming friday | next_day('friday')
fechas2/train/fechas2_001660.en.wav,please on thursday | next_day('thursday')
fechas2/train/fechas2_001661.en.wav,next thursday please | next_day('thursday')
fechas2/train/fechas2_001662.en.wav,in a couple of days please | relative_day(+2)
fechas2/train/fechas2_001663.en.wav,in a couple of days | relative_day(+2)
fechas2/train/fechas2_001664.en.wav,next monday thank you | next_day('monday')
fechas2/train/fechas2_001665.en.wav,in a couple of days | relative_day(+2)
fechas2/train/fechas2_001666.en.wav,this coming thursday please | next_day('thursday')
fechas2/train/fechas2_001667.en.wav,this coming thursday | next_day('thursday')
fechas2/train/fechas2_001668.en.wav,next monday | next_day('monday')
fechas2/train/fechas2_001669.en.wav,this coming wednesday please | next_day('wednesday')
fechas2/train/fechas2_001670.en.wav,friday | next_day('friday')
fechas2/train/fechas2_001671.en.wav,in a couple of days | relative_day(+2)
fechas2/train/fechas2_001672.en.wav,this coming monday | next_day('monday')
fechas2/train/fechas2_001673.en.wav,please next tuesday | next_day('tuesday')
fechas2/train/fechas2_001674.en.wav,tuesday thank you. | next_day('tuesday')
fechas2/train/fechas2_001675.en.wav,this thursday | next_day('thursday')
fechas2/train/fechas2_001676.en.wav,in a couple of days please | relative_day(+2)
fechas2/train/fechas2_001677.en.wav,in three days | relative_day(+3)
fechas2/train/fechas2_001678.en.wav,in three days | relative_day(+3)
fechas2/train/fechas2_001679.en.wav,next tuesday please | next_day('tuesday')
fechas2/train/fechas2_001680.en.wav,next wednesday | next_day('wednesday')
fechas2/train/fechas2_001681.en.wav,this coming wednesday | next_day('wednesday')
fechas2/train/fechas2_001682.en.wav,in three days please | relative_day(+3)
fechas2/train/fechas2_001683.en.wav,next monday | next_day('monday')
fechas2/train/fechas2_001684.en.wav,next wednesday | next_day('wednesday')
fechas2/train/fechas2_001685.en.wav,in a couple of days | relative_day(+2)
fechas2/train/fechas2_001686.en.wav,please next monday | next_day('monday')
fechas2/train/fechas2_001687.en.wav,this wednesday | next_day('wednesday')
fechas2/train/fechas2_001688.en.wav,this coming tuesday | next_day('tuesday')
fechas2/train/fechas2_001689.en.wav,in three days thanks | relative_day(+3)
fechas2/train/fechas2_001690.en.wav,in a couple of days | relative_day(+2)
fechas2/train/fechas2_001691.en.wav,next friday | next_day('friday')
fechas2/train/fechas2_001692.en.wav,please next monday | next_day('monday')
fechas2/train/fechas2_001693.en.wav,next monday thank you | next_day('monday')
fechas2/train/fechas2_001694.en.wav,next thursday | next_day('thursday')
fechas2/train/fechas2_001695.en.wav,please on wednesday | next_day('wednesday')
fechas2/train/fechas2_001696.en.wav,tomorrow thank you | relative_day(+1)
fechas2/train/fechas2_001697.en.wav,this tuesday | next_day('tuesday')
fechas2/train/fechas2_001698.en.wav,next wednesday | next_day('wednesday')
fechas2/train/fechas2_001699.en.wav,next thursday | next_day('thursday')
fechas2/train/fechas2_001700.en.wav,this tuesday thank you | next_day('tuesday')
fechas2/train/fechas2_001701.en.wav,in a couple of days please | relative_day(+2)
fechas2/train/fechas2_001702.en.wav,this tuesday | next_day('tuesday')
fechas2/train/fechas2_001703.en.wav,next friday | next_day('friday')
fechas2/train/fechas2_001704.en.wav,in a couple of days | relative_day(+2)
fechas2/train/fechas2_001705.en.wav,next wednesday | next_day('wednesday')
fechas2/train/fechas2_001706.en.wav,next wednesday thanks | next_day('wednesday')
fechas2/train/fechas2_001707.en.wav,the day after tomorrow thanks | relative_day(+2)
fechas2/train/fechas2_001708.en.wav,next tuesday | next_day('tuesday')
fechas2/train/fechas2_001709.en.wav,wednesday | next_day('wednesday')
fechas2/train/fechas2_001710.en.wav,in three days | relative_day(+3)
fechas2/train/fechas2_001711.en.wav,wednesday | next_day('wednesday')
fechas2/train/fechas2_001712.en.wav,in a couple of days | relative_day(+2)
fechas2/train/fechas2_001713.en.wav,in three days | relative_day(+3)
fechas2/train/fechas2_001714.en.wav,please next wednesday | next_day('wednesday')
fechas2/train/fechas2_001715.en.wav,next thursday | next_day('thursday')
fechas2/train/fechas2_001716.en.wav,please this coming monday | next_day('monday')
fechas2/train/fechas2_001717.en.wav,the following thursday | next_day('thursday')
fechas2/train/fechas2_001718.en.wav,tomorrow please | relative_day(+1)
fechas2/train/fechas2_001719.en.wav,the day after tomorrow please | relative_day(+2)
fechas2/train/fechas2_001720.en.wav,next thursday please | next_day('thursday')
fechas2/train/fechas2_001721.en.wav,this wednesday | next_day('wednesday')
fechas2/train/fechas2_001722.en.wav,in three days | relative_day(+3)
fechas2/train/fechas2_001723.en.wav,next wednesday | next_day('wednesday')
fechas2/train/fechas2_001724.en.wav,in a couple of days | relative_day(+2)
fechas2/train/fechas2_001725.en.wav,tuesday | next_day('tuesday')
fechas2/train/fechas2_001726.en.wav,in a couple of days please | relative_day(+2)
fechas2/train/fechas2_001727.en.wav,please in a couple of days | relative_day(+2)
fechas2/train/fechas2_001728.en.wav,next monday | next_day('monday')
fechas2/train/fechas2_001729.en.wav,in three days | relative_day(+3)
fechas2/train/fechas2_001730.en.wav,this monday | next_day('monday')
fechas2/train/fechas2_001731.en.wav,tomorrow | relative_day(+1)
fechas2/train/fechas2_001732.en.wav,next monday please | next_day('monday')
fechas2/train/fechas2_001733.en.wav,please next tuesday | next_day('tuesday')
fechas2/train/fechas2_001734.en.wav,in a couple of days | relative_day(+2)
fechas2/train/fechas2_001735.en.wav,next tuesday | next_day('tuesday')
fechas2/train/fechas2_001736.en.wav,please this tuesday | next_day('tuesday')
fechas2/train/fechas2_001737.en.wav,this friday | next_day('friday')
fechas2/train/fechas2_001738.en.wav,thursday | next_day('thursday')
fechas2/train/fechas2_001739.en.wav,next monday | next_day('monday')
fechas2/train/fechas2_001740.en.wav,next friday | next_day('friday')
fechas2/train/fechas2_001741.en.wav,tuesday please | next_day('tuesday')
fechas2/train/fechas2_001742.en.wav,wednesday please | next_day('wednesday')
fechas2/train/fechas2_001743.en.wav,next thursday | next_day('thursday')
fechas2/train/fechas2_001744.en.wav,thursday thank you | next_day('thursday')
fechas2/train/fechas2_001745.en.wav,wednesday thank you | next_day('wednesday')
fechas2/train/fechas2_001746.en.wav,next thursday please | next_day('thursday')
fechas2/train/fechas2_001747.en.wav,next friday | next_day('friday')
fechas2/train/fechas2_001748.en.wav,next friday | next_day('friday')
fechas2/train/fechas2_001749.en.wav,the day after tomorrow | relative_day(+2)
fechas2/train/fechas2_001750.en.wav,this friday | next_day('friday')
fechas2/train/fechas2_001751.en.wav,this tuesday | next_day('tuesday')
fechas2/train/fechas2_001752.en.wav,next wednesday | next_day('wednesday')
fechas2/train/fechas2_001753.en.wav,please in three days | relative_day(+3)
fechas2/train/fechas2_001754.en.wav,tuesday please | next_day('tuesday')
fechas2/train/fechas2_001755.en.wav,next friday | next_day('friday')
fechas2/train/fechas2_001756.en.wav,monday | next_day('monday')
fechas2/train/fechas2_001757.en.wav,this coming tuesday | next_day('tuesday')
fechas2/train/fechas2_001758.en.wav,please this wednesday | next_day('wednesday')
fechas2/train/fechas2_001759.en.wav,wednesday | next_day('wednesday')
fechas2/train/fechas2_001760.en.wav,next wednesday please | next_day('wednesday')
fechas2/train/fechas2_001761.en.wav,this tuesday thank you | next_day('tuesday')
fechas2/train/fechas2_001762.en.wav,in three days | relative_day(+3)
fechas2/train/fechas2_001763.en.wav,next tuesday | next_day('tuesday')
fechas2/train/fechas2_001764.en.wav,thursday thank you | next_day('thursday')
fechas2/train/fechas2_001765.en.wav,this monday thank you | next_day('monday')
fechas2/train/fechas2_001766.en.wav,next tuesday | next_day('tuesday')
fechas2/train/fechas2_001767.en.wav,please in three days | relative_day(+3)
fechas2/train/fechas2_001768.en.wav,next friday | next_day('friday')
fechas2/train/fechas2_001769.en.wav,next wednesday thank you | next_day('wednesday')
fechas2/train/fechas2_001770.en.wav,next wednesday | next_day('wednesday')
fechas2/train/fechas2_001771.en.wav,please next tuesday | next_day('tuesday')
fechas2/train/fechas2_001772.en.wav,next monday | next_day('monday')
fechas2/train/fechas2_001773.en.wav,this friday thank you | next_day('friday')
fechas2/train/fechas2_001774.en.wav,tuesday | next_day('tuesday')
fechas2/train/fechas2_001775.en.wav,in three days | relative_day(+3)
fechas2/train/fechas2_001776.en.wav,this coming friday | next_day('friday')
fechas2/train/fechas2_001777.en.wav,next tuesday | next_day('tuesday')
fechas2/train/fechas2_001778.en.wav,please this thursday | next_day('thursday')
fechas2/train/fechas2_001779.en.wav,next wednesday | next_day('wednesday')
fechas2/train/fechas2_001780.en.wav,this monday thank you | next_day('monday')
fechas2/train/fechas2_001781.en.wav,in three days | relative_day(+3)
fechas2/train/fechas2_001782.en.wav,this coming wednesday | next_day('wednesday')
fechas2/train/fechas2_001783.en.wav,this wednesday | next_day('wednesday')
fechas2/train/fechas2_001784.en.wav,this coming wednesday | next_day('wednesday')
fechas2/train/fechas2_001785.en.wav,please in a couple of days | relative_day(+2)
fechas2/train/fechas2_001786.en.wav,please next friday | next_day('friday')
fechas2/train/fechas2_001787.en.wav,in a couple of days | relative_day(+2)
fechas2/train/fechas2_001788.en.wav,next monday | next_day('monday')
fechas2/train/fechas2_001789.en.wav,next monday | next_day('monday')
fechas2/train/fechas2_001790.en.wav,in a couple of days | relative_day(+2)
fechas2/train/fechas2_001791.en.wav,the day after tomorrow thanks | relative_day(+2)
fechas2/train/fechas2_001792.en.wav,this coming monday | next_day('monday')
fechas2/train/fechas2_001793.en.wav,in three days thanks | relative_day(+3)
fechas2/train/fechas2_001794.en.wav,this coming tuesday | next_day('tuesday')
fechas2/train/fechas2_001795.en.wav,friday | next_day('friday')
fechas2/train/fechas2_001796.en.wav,next monday | next_day('monday')
fechas2/train/fechas2_001797.en.wav,please on thursday | next_day('thursday')
fechas2/train/fechas2_001798.en.wav,this coming friday please | next_day('friday')
fechas2/train/fechas2_001799.en.wav,next wednesday | next_day('wednesday')
fechas2/train/fechas2_001800.en.wav,please this thursday | next_day('thursday')
fechas2/train/fechas2_001801.en.wav,in a couple of days | relative_day(+2)
fechas2/train/fechas2_001802.en.wav,this coming monday thank you | next_day('monday')
fechas2/train/fechas2_001803.en.wav,in a couple of days | relative_day(+2)
fechas2/train/fechas2_001804.en.wav,tuesday | next_day('tuesday')
fechas2/train/fechas2_001805.en.wav,this monday thank you | next_day('monday')
fechas2/train/fechas2_001806.en.wav,next thursday | next_day('thursday')
fechas2/train/fechas2_001807.en.wav,in a couple of days | relative_day(+2)
fechas2/train/fechas2_001808.en.wav,in three days please | relative_day(+3)
fechas2/train/fechas2_001809.en.wav,this tuesday | next_day('tuesday')
fechas2/train/fechas2_001810.en.wav,please on thursday | next_day('thursday')
fechas2/train/fechas2_001811.en.wav,in a couple of days thanks | relative_day(+2)
fechas2/train/fechas2_001812.en.wav,in a couple of days thanks | relative_day(+2)
fechas2/train/fechas2_001813.en.wav,next friday thank you | next_day('friday')
fechas2/train/fechas2_001814.en.wav,next monday | next_day('monday')
fechas2/train/fechas2_001815.en.wav,please in a couple of days | relative_day(+2)
fechas2/train/fechas2_001816.en.wav,next thursday please | next_day('thursday')
fechas2/train/fechas2_001817.en.wav,next wednesday | next_day('wednesday')
fechas2/train/fechas2_001818.en.wav,the following tuesday | next_day('tuesday')
fechas2/train/fechas2_001819.en.wav,friday | next_day('friday')
fechas2/train/fechas2_001820.en.wav,next thursday | next_day('thursday')
fechas2/train/fechas2_001821.en.wav,tuesday | next_day('tuesday')
fechas2/train/fechas2_001822.en.wav,tomorrow please | relative_day(+1)
fechas2/train/fechas2_001823.en.wav,this coming monday | next_day('monday')
fechas2/train/fechas2_001824.en.wav,next monday | next_day('monday')
fechas2/train/fechas2_001825.en.wav,in a couple of days | relative_day(+2)
fechas2/train/fechas2_001826.en.wav,friday thank you | next_day('friday')
fechas2/train/fechas2_001827.en.wav,in a couple of days please | relative_day(+2)
fechas2/train/fechas2_001828.en.wav,in three days please | relative_day(+3)
fechas2/train/fechas2_001829.en.wav,this tuesday | next_day('tuesday')
fechas2/train/fechas2_001830.en.wav,this coming monday please | next_day('monday')
fechas2/train/fechas2_001831.en.wav,tuesday | next_day('tuesday')
fechas2/train/fechas2_001832.en.wav,this thursday | next_day('thursday')
fechas2/train/fechas2_001833.en.wav,monday | next_day('monday')
fechas2/train/fechas2_001834.en.wav,in a couple of days | relative_day(+2)
fechas2/train/fechas2_001835.en.wav,please next wednesday | next_day('wednesday')
fechas2/train/fechas2_001836.en.wav,thursday | next_day('thursday')
fechas2/train/fechas2_001837.en.wav,thursday please | next_day('thursday')
fechas2/train/fechas2_001838.en.wav,in a couple of days | relative_day(+2)
fechas2/train/fechas2_001839.en.wav,wednesday | next_day('wednesday')
fechas2/train/fechas2_001840.en.wav,next friday | next_day('friday')
fechas2/train/fechas2_001841.en.wav,please this monday | next_day('monday')
fechas2/train/fechas2_001842.en.wav,tomorrow | relative_day(+1)
fechas2/train/fechas2_001843.en.wav,next wednesday please | next_day('wednesday')
fechas2/train/fechas2_001844.en.wav,tuesday | next_day('tuesday')
fechas2/train/fechas2_001845.en.wav,next tuesday thank you | next_day('tuesday')
fechas2/train/fechas2_001846.en.wav,next friday | next_day('friday')
fechas2/train/fechas2_001847.en.wav,thursday thank you | next_day('thursday')
fechas2/train/fechas2_001848.en.wav,next friday | next_day('friday')
fechas2/train/fechas2_001849.en.wav,in a couple of days | relative_day(+2)
fechas2/train/fechas2_001850.en.wav,in three days thanks | relative_day(+3)
fechas2/train/fechas2_001851.en.wav,please in a couple of days | relative_day(+2)
fechas2/train/fechas2_001852.en.wav,next friday | next_day('friday')
fechas2/train/fechas2_001853.en.wav,the day after tomorrow please | relative_day(+2)
fechas2/train/fechas2_001854.en.wav,in three days | relative_day(+3)
fechas2/train/fechas2_001855.en.wav,monday | next_day('monday')
fechas2/train/fechas2_001856.en.wav,next monday please | next_day('monday')
fechas2/train/fechas2_001857.en.wav,please in a couple of days | relative_day(+2)
fechas2/train/fechas2_001858.en.wav,next wednesday please | next_day('wednesday')
fechas2/train/fechas2_001859.en.wav,in three days | relative_day(+3)
fechas2/train/fechas2_001860.en.wav,in a couple of days | relative_day(+2)
fechas2/train/fechas2_001861.en.wav,please on monday | next_day('monday')
fechas2/train/fechas2_001862.en.wav,next tuesday please | next_day('tuesday')
fechas2/train/fechas2_001863.en.wav,the following tuesday | next_day('tuesday')
fechas2/train/fechas2_001864.en.wav,this friday please | next_day('friday')
fechas2/train/fechas2_001865.en.wav,next tuesday | next_day('tuesday')
fechas2/train/fechas2_001866.en.wav,next wednesday thank you | next_day('wednesday')
fechas2/train/fechas2_001867.en.wav,thursday | next_day('thursday')
fechas2/train/fechas2_001868.en.wav,tuesday | next_day('tuesday')
fechas2/train/fechas2_001869.en.wav,please on monday | next_day('monday')
fechas2/train/fechas2_001870.en.wav,please next thursday | next_day('thursday')
fechas2/train/fechas2_001871.en.wav,in a couple of days | relative_day(+2)
fechas2/train/fechas2_001872.en.wav,next monday | next_day('monday')
fechas2/train/fechas2_001873.en.wav,please this monday | next_day('monday')
fechas2/train/fechas2_001874.en.wav,next thursday | next_day('thursday')
fechas2/train/fechas2_001875.en.wav,this thursday | next_day('thursday')
fechas2/train/fechas2_001876.en.wav,next tuesday | next_day('tuesday')
fechas2/train/fechas2_001877.en.wav,next tuesday | next_day('tuesday')
fechas2/train/fechas2_001878.en.wav,in three days thanks | relative_day(+3)
fechas2/train/fechas2_001879.en.wav,this coming wednesday | next_day('wednesday')
fechas2/train/fechas2_001880.en.wav,next tuesday thank you | next_day('tuesday')
fechas2/train/fechas2_001881.en.wav,in three days | relative_day(+3)
fechas2/train/fechas2_001882.en.wav,tomorrow | relative_day(+1)
fechas2/train/fechas2_001883.en.wav,please next wednesday | next_day('wednesday')
fechas2/train/fechas2_001884.en.wav,next wednesday | next_day('wednesday')
fechas2/train/fechas2_001885.en.wav,please this coming wednesday | next_day('wednesday')
fechas2/train/fechas2_001886.en.wav,this coming friday | next_day('friday')
fechas2/train/fechas2_001887.en.wav,next thursday thank you | next_day('thursday')
fechas2/train/fechas2_001888.en.wav,this coming thursday | next_day('thursday')
fechas2/train/fechas2_001889.en.wav,please this thursday | next_day('thursday')
fechas2/train/fechas2_001890.en.wav,next monday thank you | next_day('monday')
fechas2/train/fechas2_001891.en.wav,this coming tuesday | next_day('tuesday')
fechas2/train/fechas2_001892.en.wav,this coming friday thanks | next_day('friday')
fechas2/train/fechas2_001893.en.wav,wednesday thank you | next_day('wednesday')
fechas2/train/fechas2_001894.en.wav,the day after tomorrow | relative_day(+2)
fechas2/train/fechas2_001895.en.wav,monday | next_day('monday')
fechas2/train/fechas2_001896.en.wav,please in a couple of days | relative_day(+2)
fechas2/train/fechas2_001897.en.wav,next wednesday | next_day('wednesday')
fechas2/train/fechas2_001898.en.wav,in a couple of days thanks | relative_day(+2)
fechas2/train/fechas2_001899.en.wav,please this wednesday | next_day('wednesday')
fechas2/train/fechas2_001900.en.wav,next tuesday thank you | next_day('tuesday')
fechas2/train/fechas2_001901.en.wav,next friday thanks | next_day('friday')
fechas2/train/fechas2_001902.en.wav,thursday | next_day('thursday')
fechas2/train/fechas2_001903.en.wav,the following friday | next_day('friday')
fechas2/train/fechas2_001904.en.wav,next wednesday thank you | next_day('wednesday')
fechas2/train/fechas2_001905.en.wav,in three days | relative_day(+3)
fechas2/train/fechas2_001906.en.wav,this coming wednesday | next_day('wednesday')
fechas2/train/fechas2_001907.en.wav,next thursday | next_day('thursday')
fechas2/train/fechas2_001908.en.wav,please in a couple of days | relative_day(+2)
fechas2/train/fechas2_001909.en.wav,next thursday thank you | next_day('thursday')
fechas2/train/fechas2_001910.en.wav,please this thursday | next_day('thursday')
fechas2/train/fechas2_001911.en.wav,next tuesday | next_day('tuesday')
fechas2/train/fechas2_001912.en.wav,thursday please | next_day('thursday')
fechas2/train/fechas2_001913.en.wav,this coming wednesday | next_day('wednesday')
fechas2/train/fechas2_001914.en.wav,in three days | relative_day(+3)
fechas2/train/fechas2_001915.en.wav,next tuesday | next_day('tuesday')
fechas2/train/fechas2_001916.en.wav,next friday | next_day('friday')
fechas2/train/fechas2_001917.en.wav,in three days | relative_day(+3)
fechas2/train/fechas2_001918.en.wav,next friday | next_day('friday')
fechas2/train/fechas2_001919.en.wav,friday please | next_day('friday')
fechas2/train/fechas2_001920.en.wav,in three days thanks | relative_day(+3)
fechas2/train/fechas2_001921.en.wav,this tuesday | next_day('tuesday')
fechas2/train/fechas2_001922.en.wav,next thursday please | next_day('thursday')
fechas2/train/fechas2_001923.en.wav,the following wednesday | next_day('wednesday')
fechas2/train/fechas2_001924.en.wav,next tuesday | next_day('tuesday')
fechas2/train/fechas2_001925.en.wav,next monday | next_day('monday')
fechas2/train/fechas2_001926.en.wav,this friday thank you | next_day('friday')
fechas2/train/fechas2_001927.en.wav,next thursday please | next_day('thursday')
fechas2/train/fechas2_001928.en.wav,next wednesday | next_day('wednesday')
fechas2/train/fechas2_001929.en.wav,tuesday thank you. | next_day('tuesday')
fechas2/train/fechas2_001930.en.wav,this thursday | next_day('thursday')
fechas2/train/fechas2_001931.en.wav,next monday | next_day('monday')
fechas2/train/fechas2_001932.en.wav,next friday | next_day('friday')
fechas2/train/fechas2_001933.en.wav,the day after tomorrow thanks | relative_day(+2)
fechas2/train/fechas2_001934.en.wav,next monday | next_day('monday')
fechas2/train/fechas2_001935.en.wav,next thursday thank you | next_day('thursday')
fechas2/train/fechas2_001936.en.wav,next friday | next_day('friday')
fechas2/train/fechas2_001937.en.wav,in three days | relative_day(+3)
fechas2/train/fechas2_001938.en.wav,this wednesday | next_day('wednesday')
fechas2/train/fechas2_001939.en.wav,next thursday please | next_day('thursday')
fechas2/train/fechas2_001940.en.wav,this coming friday please | next_day('friday')
fechas2/train/fechas2_001941.en.wav,next friday | next_day('friday')
fechas2/train/fechas2_001942.en.wav,in three days please | relative_day(+3)
fechas2/train/fechas2_001943.en.wav,the day after tomorrow | relative_day(+2)
fechas2/train/fechas2_001944.en.wav,next wednesday | next_day('wednesday')
fechas2/train/fechas2_001945.en.wav,next wednesday | next_day('wednesday')
fechas2/train/fechas2_001946.en.wav,please in three days | relative_day(+3)
fechas2/train/fechas2_001947.en.wav,this tuesday please | next_day('tuesday')
fechas2/train/fechas2_001948.en.wav,in three days | relative_day(+3)
fechas2/train/fechas2_001949.en.wav,next wednesday | next_day('wednesday')
fechas2/train/fechas2_001950.en.wav,this coming wednesday please | next_day('wednesday')
fechas2/train/fechas2_001951.en.wav,in three days thanks | relative_day(+3)
fechas2/train/fechas2_001952.en.wav,next friday | next_day('friday')
fechas2/train/fechas2_001953.en.wav,please this coming wednesday | next_day('wednesday')
fechas2/train/fechas2_001954.en.wav,next thursday | next_day('thursday')
fechas2/train/fechas2_001955.en.wav,next tuesday thank you | next_day('tuesday')
fechas2/train/fechas2_001956.en.wav,in three days | relative_day(+3)
fechas2/train/fechas2_001957.en.wav,next tuesday | next_day('tuesday')
fechas2/train/fechas2_001958.en.wav,please this thursday | next_day('thursday')
fechas2/train/fechas2_001959.en.wav,tuesday | next_day('tuesday')
fechas2/train/fechas2_001960.en.wav,in three days thanks | relative_day(+3)
fechas2/train/fechas2_001961.en.wav,tomorrow please | relative_day(+1)
fechas2/train/fechas2_001962.en.wav,next thursday | next_day('thursday')
fechas2/train/fechas2_001963.en.wav,in three days please | relative_day(+3)
fechas2/train/fechas2_001964.en.wav,next monday | next_day('monday')
fechas2/train/fechas2_001965.en.wav,tuesday thank you. | next_day('tuesday')
fechas2/train/fechas2_001966.en.wav,the day after tomorrow thanks | relative_day(+2)
fechas2/train/fechas2_001967.en.wav,this coming monday | next_day('monday')
fechas2/train/fechas2_001968.en.wav,next tuesday | next_day('tuesday')
fechas2/train/fechas2_001969.en.wav,in three days | relative_day(+3)
fechas2/train/fechas2_001970.en.wav,this wednesday | next_day('wednesday')
fechas2/train/fechas2_001971.en.wav,next tuesday thanks | next_day('tuesday')
fechas2/train/fechas2_001972.en.wav,tomorrow | relative_day(+1)
fechas2/train/fechas2_001973.en.wav,please next monday | next_day('monday')
fechas2/train/fechas2_001974.en.wav,this tuesday | next_day('tuesday')
fechas2/train/fechas2_001975.en.wav,tomorrow | relative_day(+1)
fechas2/train/fechas2_001976.en.wav,next thursday please | next_day('thursday')
fechas2/train/fechas2_001977.en.wav,please this tuesday | next_day('tuesday')
fechas2/train/fechas2_001978.en.wav,next friday | next_day('friday')
fechas2/train/fechas2_001979.en.wav,in a couple of days | relative_day(+2)
fechas2/train/fechas2_001980.en.wav,next tuesday | next_day('tuesday')
fechas2/train/fechas2_001981.en.wav,this coming wednesday | next_day('wednesday')
fechas2/train/fechas2_001982.en.wav,tomorrow | relative_day(+1)
fechas2/train/fechas2_001983.en.wav,next thursday | next_day('thursday')
fechas2/train/fechas2_001984.en.wav,next wednesday please | next_day('wednesday')
fechas2/train/fechas2_001985.en.wav,please next wednesday | next_day('wednesday')
fechas2/train/fechas2_001986.en.wav,please tomorrow | relative_day(+1)
fechas2/train/fechas2_001987.en.wav,next tuesday please | next_day('tuesday')
fechas2/train/fechas2_001988.en.wav,next monday | next_day('monday')
fechas2/train/fechas2_001989.en.wav,in three days thanks | relative_day(+3)
fechas2/train/fechas2_001990.en.wav,next monday | next_day('monday')
fechas2/train/fechas2_001991.en.wav,thursday please | next_day('thursday')
fechas2/train/fechas2_001992.en.wav,the following tuesday | next_day('tuesday')
fechas2/train/fechas2_001993.en.wav,next wednesday | next_day('wednesday')
fechas2/train/fechas2_001994.en.wav,next monday | next_day('monday')
fechas2/train/fechas2_001995.en.wav,tomorrow | relative_day(+1)
fechas2/train/fechas2_001996.en.wav,next wednesday | next_day('wednesday')
fechas2/train/fechas2_001997.en.wav,in a couple of days | relative_day(+2)
fechas2/train/fechas2_001998.en.wav,please next tuesday | next_day('tuesday')
fechas2/train/fechas2_001999.en.wav,this coming friday | next_day('friday')
fechas2/train/fechas2_002000.en.wav,tuesday thank you. | next_day('tuesday')
fechas2/train/fechas2_002001.en.wav,next monday please | next_day('monday')
fechas2/train/fechas2_002002.en.wav,the following tuesday | next_day('tuesday')
fechas2/train/fechas2_002003.en.wav,next tuesday | next_day('tuesday')
fechas2/train/fechas2_002004.en.wav,in three days | relative_day(+3)
fechas2/train/fechas2_002005.en.wav,this coming friday please | next_day('friday')
fechas2/train/fechas2_002006.en.wav,please next wednesday | next_day('wednesday')
fechas2/train/fechas2_002007.en.wav,next friday | next_day('friday')
fechas2/train/fechas2_002008.en.wav,next wednesday | next_day('wednesday')
fechas2/train/fechas2_002009.en.wav,tomorrow thank you | relative_day(+1)
fechas2/train/fechas2_002010.en.wav,this coming tuesday | next_day('tuesday')
fechas2/train/fechas2_002011.en.wav,next friday | next_day('friday')
fechas2/train/fechas2_002012.en.wav,in three days | relative_day(+3)
fechas2/train/fechas2_002013.en.wav,next friday | next_day('friday')
fechas2/train/fechas2_002014.en.wav,this monday please | next_day('monday')
fechas2/train/fechas2_002015.en.wav,please next thursday | next_day('thursday')
fechas2/train/fechas2_002016.en.wav,in three days | relative_day(+3)
fechas2/train/fechas2_002017.en.wav,in a couple of days please | relative_day(+2)
fechas2/train/fechas2_002018.en.wav,this coming friday | next_day('friday')
fechas2/train/fechas2_002019.en.wav,this coming tuesday | next_day('tuesday')
fechas2/train/fechas2_002020.en.wav,this friday | next_day('friday')
fechas2/train/fechas2_002021.en.wav,in three days | relative_day(+3)
fechas2/train/fechas2_002022.en.wav,this coming friday | next_day('friday')
fechas2/train/fechas2_002023.en.wav,the day after tomorrow please | relative_day(+2)
fechas2/train/fechas2_002024.en.wav,next friday please | next_day('friday')
fechas2/train/fechas2_002025.en.wav,the following wednesday | next_day('wednesday')
fechas2/train/fechas2_002026.en.wav,next thursday thank you | next_day('thursday')
fechas2/train/fechas2_002027.en.wav,please this coming tuesday | next_day('tuesday')
fechas2/train/fechas2_002028.en.wav,next tuesday | next_day('tuesday')
fechas2/train/fechas2_002029.en.wav,this wednesday | next_day('wednesday')
fechas2/train/fechas2_002030.en.wav,wednesday | next_day('wednesday')
fechas2/train/fechas2_002031.en.wav,the following wednesday | next_day('wednesday')
fechas2/train/fechas2_002032.en.wav,in three days please | relative_day(+3)
fechas2/train/fechas2_002033.en.wav,thursday | next_day('thursday')
fechas2/train/fechas2_002034.en.wav,in three days please | relative_day(+3)
fechas2/train/fechas2_002035.en.wav,next tuesday | next_day('tuesday')
fechas2/train/fechas2_002036.en.wav,in three days | relative_day(+3)
fechas2/train/fechas2_002037.en.wav,this friday thank you | next_day('friday')
fechas2/train/fechas2_002038.en.wav,the day after tomorrow | relative_day(+2)
fechas2/train/fechas2_002039.en.wav,in a couple of days | relative_day(+2)
fechas2/train/fechas2_002040.en.wav,please on monday | next_day('monday')
fechas2/train/fechas2_002041.en.wav,day after tomorrow | relative_day(+2)
fechas2/train/fechas2_002042.en.wav,thursday | next_day('thursday')
fechas2/train/fechas2_002043.en.wav,in three days thanks | relative_day(+3)
fechas2/train/fechas2_002044.en.wav,next friday | next_day('friday')
fechas2/train/fechas2_002045.en.wav,please this coming tuesday | next_day('tuesday')
fechas2/train/fechas2_002046.en.wav,in three days please | relative_day(+3)
fechas2/train/fechas2_002047.en.wav,in a couple of days thanks | relative_day(+2)
fechas2/train/fechas2_002048.en.wav,this friday | next_day('friday')
fechas2/train/fechas2_002049.en.wav,next friday thank you | next_day('friday')
fechas2/train/fechas2_002050.en.wav,in a couple of days | relative_day(+2)
fechas2/train/fechas2_002051.en.wav,in three days thanks | relative_day(+3)
fechas2/train/fechas2_002052.en.wav,the day after tomorrow | relative_day(+2)
fechas2/train/fechas2_002053.en.wav,wednesday | next_day('wednesday')
fechas2/train/fechas2_002054.en.wav,please next monday | next_day('monday')
fechas2/train/fechas2_002055.en.wav,tomorrow | relative_day(+1)
fechas2/train/fechas2_002056.en.wav,in a couple of days | relative_day(+2)
fechas2/train/fechas2_002057.en.wav,this coming wednesday | next_day('wednesday')
fechas2/train/fechas2_002058.en.wav,this coming tuesday | next_day('tuesday')
fechas2/train/fechas2_002059.en.wav,in a couple of days | relative_day(+2)
fechas2/train/fechas2_002060.en.wav,please this friday | next_day('friday')
fechas2/train/fechas2_002061.en.wav,thursday | next_day('thursday')
fechas2/train/fechas2_002062.en.wav,the day after tomorrow thanks | relative_day(+2)
fechas2/train/fechas2_002063.en.wav,next wednesday | next_day('wednesday')
fechas2/train/fechas2_002064.en.wav,this thursday | next_day('thursday')
fechas2/train/fechas2_002065.en.wav,next thursday | next_day('thursday')
fechas2/train/fechas2_002066.en.wav,next friday thank you | next_day('friday')
fechas2/train/fechas2_002067.en.wav,in three days | relative_day(+3)
fechas2/train/fechas2_002068.en.wav,thursday thank you | next_day('thursday')
fechas2/train/fechas2_002069.en.wav,monday | next_day('monday')
fechas2/train/fechas2_002070.en.wav,next friday thank you | next_day('friday')
fechas2/train/fechas2_002071.en.wav,wednesday thank you | next_day('wednesday')
fechas2/train/fechas2_002072.en.wav,this monday | next_day('monday')
fechas2/train/fechas2_002073.en.wav,next thursday | next_day('thursday')
fechas2/train/fechas2_002074.en.wav,the day after tomorrow | relative_day(+2)
fechas2/train/fechas2_002075.en.wav,next tuesday please | next_day('tuesday')
fechas2/train/fechas2_002076.en.wav,please on tuesday | next_day('tuesday')
fechas2/train/fechas2_002077.en.wav,next wednesday | next_day('wednesday')
fechas2/train/fechas2_002078.en.wav,monday | next_day('monday')
fechas2/train/fechas2_002079.en.wav,please this monday | next_day('monday')
fechas2/train/fechas2_002080.en.wav,this monday | next_day('monday')
fechas2/train/fechas2_002081.en.wav,this coming wednesday | next_day('wednesday')
fechas2/train/fechas2_002082.en.wav,please next tuesday | next_day('tuesday')
fechas2/train/fechas2_002083.en.wav,next friday | next_day('friday')
fechas2/train/fechas2_002084.en.wav,in a couple of days | relative_day(+2)
fechas2/train/fechas2_002085.en.wav,tomorrow | relative_day(+1)
fechas2/train/fechas2_002086.en.wav,wednesday thank you | next_day('wednesday')
fechas2/train/fechas2_002087.en.wav,this friday please | next_day('friday')
fechas2/train/fechas2_002088.en.wav,this wednesday please | next_day('wednesday')
fechas2/train/fechas2_002089.en.wav,next friday | next_day('friday')
fechas2/train/fechas2_002090.en.wav,this monday thank you | next_day('monday')
fechas2/train/fechas2_002091.en.wav,next tuesday thanks | next_day('tuesday')
fechas2/train/fechas2_002092.en.wav,in three days | relative_day(+3)
fechas2/train/fechas2_002093.en.wav,next monday | next_day('monday')
fechas2/train/fechas2_002094.en.wav,next friday thank you | next_day('friday')
fechas2/train/fechas2_002095.en.wav,in a couple of days please | relative_day(+2)
fechas2/train/fechas2_002096.en.wav,please this friday | next_day('friday')
fechas2/train/fechas2_002097.en.wav,next monday thank you | next_day('monday')
fechas2/train/fechas2_002098.en.wav,the following thursday | next_day('thursday')
fechas2/train/fechas2_002099.en.wav,the day after tomorrow | relative_day(+2)
fechas2/train/fechas2_002100.en.wav,this coming tuesday | next_day('tuesday')
fechas2/train/fechas2_002101.en.wav,in three days | relative_day(+3)
fechas2/train/fechas2_002102.en.wav,the following monday | next_day('monday')
fechas2/train/fechas2_002103.en.wav,this friday | next_day('friday')
fechas2/train/fechas2_002104.en.wav,next tuesday | next_day('tuesday')
fechas2/train/fechas2_002105.en.wav,next friday | next_day('friday')
fechas2/train/fechas2_002106.en.wav,in a couple of days | relative_day(+2)
fechas2/train/fechas2_002107.en.wav,tomorrow | relative_day(+1)
fechas2/train/fechas2_002108.en.wav,the day after tomorrow please | relative_day(+2)
fechas2/train/fechas2_002109.en.wav,in a couple of days please | relative_day(+2)
fechas2/train/fechas2_002110.en.wav,thursday | next_day('thursday')
fechas2/train/fechas2_002111.en.wav,the day after tomorrow | relative_day(+2)
fechas2/train/fechas2_002112.en.wav,this coming wednesday | next_day('wednesday')
fechas2/train/fechas2_002113.en.wav,this coming friday | next_day('friday')
fechas2/train/fechas2_002114.en.wav,next monday | next_day('monday')
fechas2/train/fechas2_002115.en.wav,tomorrow | relative_day(+1)
fechas2/train/fechas2_002116.en.wav,next friday | next_day('friday')
fechas2/train/fechas2_002117.en.wav,next friday please | next_day('friday')
fechas2/train/fechas2_002118.en.wav,next wednesday | next_day('wednesday')
fechas2/train/fechas2_002119.en.wav,tuesday please | next_day('tuesday')
fechas2/train/fechas2_002120.en.wav,please this tuesday | next_day('tuesday')
fechas2/train/fechas2_002121.en.wav,next wednesday please | next_day('wednesday')
fechas2/train/fechas2_002122.en.wav,this coming thursday thanks | next_day('thursday')
fechas2/train/fechas2_002123.en.wav,please this wednesday | next_day('wednesday')
fechas2/train/fechas2_002124.en.wav,this coming thursday | next_day('thursday')
fechas2/train/fechas2_002125.en.wav,please next thursday | next_day('thursday')
fechas2/train/fechas2_002126.en.wav,next wednesday | next_day('wednesday')
fechas2/train/fechas2_002127.en.wav,in a couple of days | relative_day(+2)
fechas2/train/fechas2_002128.en.wav,this monday | next_day('monday')
fechas2/train/fechas2_002129.en.wav,in three days | relative_day(+3)
fechas2/train/fechas2_002130.en.wav,in a couple of days | relative_day(+2)
fechas2/train/fechas2_002131.en.wav,wednesday please | next_day('wednesday')
fechas2/train/fechas2_002132.en.wav,the day after tomorrow | relative_day(+2)
fechas2/train/fechas2_002133.en.wav,in a couple of days thanks | relative_day(+2)
fechas2/train/fechas2_002134.en.wav,please on tuesday | next_day('tuesday')
fechas2/train/fechas2_002135.en.wav,next thursday please | next_day('thursday')
fechas2/train/fechas2_002136.en.wav,next friday | next_day('friday')
fechas2/train/fechas2_002137.en.wav,please on wednesday | next_day('wednesday')
fechas2/train/fechas2_002138.en.wav,tuesday | next_day('tuesday')
fechas2/train/fechas2_002139.en.wav,in a couple of days | relative_day(+2)
fechas2/train/fechas2_002140.en.wav,please this coming thursday | next_day('thursday')
fechas2/train/fechas2_002141.en.wav,in three days please | relative_day(+3)
fechas2/train/fechas2_002142.en.wav,next friday | next_day('friday')
fechas2/train/fechas2_002143.en.wav,next thursday thank you | next_day('thursday')
fechas2/train/fechas2_002144.en.wav,tomorrow thank you | relative_day(+1)
fechas2/train/fechas2_002145.en.wav,tuesday | next_day('tuesday')
fechas2/train/fechas2_002146.en.wav,next wednesday | next_day('wednesday')
fechas2/train/fechas2_002147.en.wav,wednesday | next_day('wednesday')
fechas2/train/fechas2_002148.en.wav,this coming wednesday | next_day('wednesday')
fechas2/train/fechas2_002149.en.wav,the day after tomorrow thanks | relative_day(+2)
fechas2/train/fechas2_002150.en.wav,monday thank you | next_day('monday')
fechas2/train/fechas2_002151.en.wav,this coming monday | next_day('monday')
fechas2/train/fechas2_002152.en.wav,next thursday | next_day('thursday')
fechas2/train/fechas2_002153.en.wav,next wednesday | next_day('wednesday')
fechas2/train/fechas2_002154.en.wav,friday | next_day('friday')
fechas2/train/fechas2_002155.en.wav,next monday | next_day('monday')
fechas2/train/fechas2_002156.en.wav,this coming wednesday | next_day('wednesday')
fechas2/train/fechas2_002157.en.wav,in a couple of days | relative_day(+2)
fechas2/train/fechas2_002158.en.wav,next friday | next_day('friday')
fechas2/train/fechas2_002159.en.wav,the day after tomorrow thanks | relative_day(+2)
fechas2/train/fechas2_002160.en.wav,next tuesday please | next_day('tuesday')
fechas2/train/fechas2_002161.en.wav,this thursday thank you | next_day('thursday')
fechas2/train/fechas2_002162.en.wav,please this monday | next_day('monday')
fechas2/train/fechas2_002163.en.wav,next wednesday | next_day('wednesday')
fechas2/train/fechas2_002164.en.wav,next tuesday please | next_day('tuesday')
fechas2/train/fechas2_002165.en.wav,this coming friday | next_day('friday')
fechas2/train/fechas2_002166.en.wav,in three days | relative_day(+3)
fechas2/train/fechas2_002167.en.wav,tomorrow | relative_day(+1)
fechas2/train/fechas2_002168.en.wav,please next tuesday | next_day('tuesday')
fechas2/train/fechas2_002169.en.wav,next tuesday thank you | next_day('tuesday')
fechas2/train/fechas2_002170.en.wav,wednesday please | next_day('wednesday')
fechas2/train/fechas2_002171.en.wav,the day after tomorrow | relative_day(+2)
fechas2/train/fechas2_002172.en.wav,this coming thursday | next_day('thursday')
fechas2/train/fechas2_002173.en.wav,please next tuesday | next_day('tuesday')
fechas2/train/fechas2_002174.en.wav,this monday thank you | next_day('monday')
fechas2/train/fechas2_002175.en.wav,this tuesday | next_day('tuesday')
fechas2/train/fechas2_002176.en.wav,this coming wednesday | next_day('wednesday')
fechas2/train/fechas2_002177.en.wav,in a couple of days | relative_day(+2)
fechas2/train/fechas2_002178.en.wav,this coming friday please | next_day('friday')
fechas2/train/fechas2_002179.en.wav,this friday | next_day('friday')
fechas2/train/fechas2_002180.en.wav,this friday thank you | next_day('friday')
fechas2/train/fechas2_002181.en.wav,thursday | next_day('thursday')
fechas2/train/fechas2_002182.en.wav,in a couple of days | relative_day(+2)
fechas2/train/fechas2_002183.en.wav,this wednesday | next_day('wednesday')
fechas2/train/fechas2_002184.en.wav,this coming friday thanks | next_day('friday')
fechas2/train/fechas2_002185.en.wav,next friday | next_day('friday')
fechas2/train/fechas2_002186.en.wav,this coming thursday thanks | next_day('thursday')
fechas2/train/fechas2_002187.en.wav,please next thursday | next_day('thursday')
fechas2/train/fechas2_002188.en.wav,in a couple of days | relative_day(+2)
fechas2/train/fechas2_002189.en.wav,tomorrow please | relative_day(+1)
fechas2/train/fechas2_002190.en.wav,please on monday | next_day('monday')
fechas2/train/fechas2_002191.en.wav,tomorrow | relative_day(+1)
fechas2/train/fechas2_002192.en.wav,next thursday | next_day('thursday')
fechas2/train/fechas2_002193.en.wav,in three days | relative_day(+3)
fechas2/train/fechas2_002194.en.wav,next friday | next_day('friday')
fechas2/train/fechas2_002195.en.wav,this coming friday | next_day('friday')
fechas2/train/fechas2_002196.en.wav,next monday | next_day('monday')
fechas2/train/fechas2_002197.en.wav,the day after tomorrow | relative_day(+2)
fechas2/train/fechas2_002198.en.wav,in three days please | relative_day(+3)
fechas2/train/fechas2_002199.en.wav,next wednesday | next_day('wednesday')
fechas2/train/fechas2_002200.en.wav,next wednesday | next_day('wednesday')
fechas2/train/fechas2_002201.en.wav,this wednesday | next_day('wednesday')
fechas2/train/fechas2_002202.en.wav,in a couple of days | relative_day(+2)
fechas2/train/fechas2_002203.en.wav,next friday please | next_day('friday')
fechas2/train/fechas2_002204.en.wav,this monday | next_day('monday')
fechas2/train/fechas2_002205.en.wav,next friday thanks | next_day('friday')
fechas2/train/fechas2_002206.en.wav,next wednesday | next_day('wednesday')
fechas2/train/fechas2_002207.en.wav,this coming monday please | next_day('monday')
fechas2/train/fechas2_002208.en.wav,next tuesday thanks | next_day('tuesday')
fechas2/train/fechas2_002209.en.wav,this coming wednesday | next_day('wednesday')
fechas2/train/fechas2_002210.en.wav,tuesday please | next_day('tuesday')
fechas2/train/fechas2_002211.en.wav,in a couple of days | relative_day(+2)
fechas2/train/fechas2_002212.en.wav,please next friday | next_day('friday')
fechas2/train/fechas2_002213.en.wav,next monday | next_day('monday')
fechas2/train/fechas2_002214.en.wav,in a couple of days | relative_day(+2)
fechas2/train/fechas2_002215.en.wav,this coming tuesday | next_day('tuesday')
fechas2/train/fechas2_002216.en.wav,in three days please | relative_day(+3)
fechas2/train/fechas2_002217.en.wav,this coming thursday | next_day('thursday')
fechas2/train/fechas2_002218.en.wav,next friday thank you | next_day('friday')
fechas2/train/fechas2_002219.en.wav,tomorrow | relative_day(+1)
fechas2/train/fechas2_002220.en.wav,please in three days | relative_day(+3)
fechas2/train/fechas2_002221.en.wav,in three days | relative_day(+3)
fechas2/train/fechas2_002222.en.wav,tomorrow | relative_day(+1)
fechas2/train/fechas2_002223.en.wav,tomorrow | relative_day(+1)
fechas2/train/fechas2_002224.en.wav,this coming friday please | next_day('friday')
fechas2/train/fechas2_002225.en.wav,day after tomorrow | relative_day(+2)
fechas2/train/fechas2_002226.en.wav,thursday | next_day('thursday')
fechas2/train/fechas2_002227.en.wav,thursday thank you | next_day('thursday')
fechas2/train/fechas2_002228.en.wav,next tuesday please | next_day('tuesday')
fechas2/train/fechas2_002229.en.wav,tomorrow | relative_day(+1)
fechas2/train/fechas2_002230.en.wav,please this monday | next_day('monday')
fechas2/train/fechas2_002231.en.wav,friday | next_day('friday')
fechas2/train/fechas2_002232.en.wav,this coming wednesday | next_day('wednesday')
fechas2/train/fechas2_002233.en.wav,this monday | next_day('monday')
fechas2/train/fechas2_002234.en.wav,this thursday | next_day('thursday')
fechas2/train/fechas2_002235.en.wav,in three days | relative_day(+3)
fechas2/train/fechas2_002236.en.wav,tomorrow | relative_day(+1)
fechas2/train/fechas2_002237.en.wav,the following tuesday | next_day('tuesday')
fechas2/train/fechas2_002238.en.wav,in three days please | relative_day(+3)
fechas2/train/fechas2_002239.en.wav,next tuesday | next_day('tuesday')
fechas2/train/fechas2_002240.en.wav,next tuesday | next_day('tuesday')
fechas2/train/fechas2_002241.en.wav,wednesday thank you | next_day('wednesday')
fechas2/train/fechas2_002242.en.wav,the day after tomorrow please | relative_day(+2)
fechas2/train/fechas2_002243.en.wav,please next monday | next_day('monday')
fechas2/train/fechas2_002244.en.wav,please on wednesday | next_day('wednesday')
fechas2/train/fechas2_002245.en.wav,next thursday | next_day('thursday')
fechas2/train/fechas2_002246.en.wav,please next friday | next_day('friday')
fechas2/train/fechas2_002247.en.wav,wednesday | next_day('wednesday')
fechas2/train/fechas2_002248.en.wav,this coming monday | next_day('monday')
fechas2/train/fechas2_002249.en.wav,in a couple of days please | relative_day(+2)
fechas2/train/fechas2_002250.en.wav,please next wednesday | next_day('wednesday')
fechas2/train/fechas2_002251.en.wav,this coming thursday | next_day('thursday')
fechas2/train/fechas2_002252.en.wav,tuesday thank you. | next_day('tuesday')
fechas2/train/fechas2_002253.en.wav,thursday | next_day('thursday')
fechas2/train/fechas2_002254.en.wav,this monday please | next_day('monday')
fechas2/train/fechas2_002255.en.wav,please tomorrow | relative_day(+1)
fechas2/train/fechas2_002256.en.wav,this coming tuesday please | next_day('tuesday')
fechas2/train/fechas2_002257.en.wav,please on monday | next_day('monday')
fechas2/train/fechas2_002258.en.wav,in three days | relative_day(+3)
fechas2/train/fechas2_002259.en.wav,next thursday | next_day('thursday')
fechas2/train/fechas2_002260.en.wav,please this coming tuesday | next_day('tuesday')
fechas2/train/fechas2_002261.en.wav,next tuesday | next_day('tuesday')
fechas2/train/fechas2_002262.en.wav,next tuesday | next_day('tuesday')
fechas2/train/fechas2_002263.en.wav,this coming tuesday please | next_day('tuesday')
fechas2/train/fechas2_002264.en.wav,next tuesday | next_day('tuesday')
fechas2/train/fechas2_002265.en.wav,next wednesday | next_day('wednesday')
fechas2/train/fechas2_002266.en.wav,please next wednesday | next_day('wednesday')
fechas2/train/fechas2_002267.en.wav,in three days please | relative_day(+3)
fechas2/train/fechas2_002268.en.wav,the day after tomorrow | relative_day(+2)
fechas2/train/fechas2_002269.en.wav,in three days | relative_day(+3)
fechas2/train/fechas2_002270.en.wav,next thursday thank you | next_day('thursday')
fechas2/train/fechas2_002271.en.wav,in a couple of days | relative_day(+2)
fechas2/train/fechas2_002272.en.wav,this thursday | next_day('thursday')
fechas2/train/fechas2_002273.en.wav,in three days | relative_day(+3)
fechas2/train/fechas2_002274.en.wav,this coming monday please | next_day('monday')
fechas2/train/fechas2_002275.en.wav,next friday | next_day('friday')
fechas2/train/fechas2_002276.en.wav,next tuesday | next_day('tuesday')
fechas2/train/fechas2_002277.en.wav,this friday | next_day('friday')
fechas2/train/fechas2_002278.en.wav,please next friday | next_day('friday')
fechas2/train/fechas2_002279.en.wav,day after tomorrow | relative_day(+2)
fechas2/train/fechas2_002280.en.wav,the day after tomorrow | relative_day(+2)
fechas2/train/fechas2_002281.en.wav,in three days | relative_day(+3)
fechas2/train/fechas2_002282.en.wav,in a couple of days | relative_day(+2)
fechas2/train/fechas2_002283.en.wav,in a couple of days | relative_day(+2)
fechas2/train/fechas2_002284.en.wav,in a couple of days please | relative_day(+2)
fechas2/train/fechas2_002285.en.wav,this coming thursday | next_day('thursday')
fechas2/train/fechas2_002286.en.wav,please this tuesday | next_day('tuesday')
fechas2/train/fechas2_002287.en.wav,this coming wednesday please | next_day('wednesday')
fechas2/train/fechas2_002288.en.wav,in a couple of days | relative_day(+2)
fechas2/train/fechas2_002289.en.wav,please this thursday | next_day('thursday')
fechas2/train/fechas2_002290.en.wav,in a couple of days please | relative_day(+2)
fechas2/train/fechas2_002291.en.wav,this coming wednesday please | next_day('wednesday')
fechas2/train/fechas2_002292.en.wav,in a couple of days thanks | relative_day(+2)
fechas2/train/fechas2_002293.en.wav,in a couple of days thanks | relative_day(+2)
fechas2/train/fechas2_002294.en.wav,next monday | next_day('monday')
fechas2/train/fechas2_002295.en.wav,next monday | next_day('monday')
fechas2/train/fechas2_002296.en.wav,the following wednesday | next_day('wednesday')
fechas2/train/fechas2_002297.en.wav,this coming thursday please | next_day('thursday')
fechas2/train/fechas2_002298.en.wav,tomorrow please | relative_day(+1)
fechas2/train/fechas2_002299.en.wav,next friday please | next_day('friday')
fechas2/train/fechas2_002300.en.wav,please in three days | relative_day(+3)
fechas2/train/fechas2_002301.en.wav,please on friday | next_day('friday')
fechas2/train/fechas2_002302.en.wav,this coming monday | next_day('monday')
fechas2/train/fechas2_002303.en.wav,in three days thanks | relative_day(+3)
fechas2/train/fechas2_002304.en.wav,please next friday | next_day('friday')
fechas2/train/fechas2_002305.en.wav,in a couple of days | relative_day(+2)
fechas2/train/fechas2_002306.en.wav,please this coming monday | next_day('monday')
fechas2/train/fechas2_002307.en.wav,next tuesday | next_day('tuesday')
fechas2/train/fechas2_002308.en.wav,this coming monday | next_day('monday')
fechas2/train/fechas2_002309.en.wav,next friday | next_day('friday')
fechas2/train/fechas2_002310.en.wav,next thursday | next_day('thursday')
fechas2/train/fechas2_002311.en.wav,next wednesday | next_day('wednesday')
fechas2/train/fechas2_002312.en.wav,next monday | next_day('monday')
fechas2/train/fechas2_002313.en.wav,please next monday | next_day('monday')
fechas2/train/fechas2_002314.en.wav,next thursday please | next_day('thursday')
fechas2/train/fechas2_002315.en.wav,this coming friday | next_day('friday')
fechas2/train/fechas2_002316.en.wav,this coming tuesday thank you | next_day('tuesday')
fechas2/train/fechas2_002317.en.wav,in three days thanks | relative_day(+3)
fechas2/train/fechas2_002318.en.wav,in three days thanks | relative_day(+3)
fechas2/train/fechas2_002319.en.wav,please this coming monday | next_day('monday')
fechas2/train/fechas2_002320.en.wav,the following monday | next_day('monday')
fechas2/train/fechas2_002321.en.wav,next tuesday | next_day('tuesday')
fechas2/train/fechas2_002322.en.wav,in a couple of days thanks | relative_day(+2)
fechas2/train/fechas2_002323.en.wav,please next tuesday | next_day('tuesday')
fechas2/train/fechas2_002324.en.wav,this coming tuesday | next_day('tuesday')
fechas2/train/fechas2_002325.en.wav,this monday please | next_day('monday')
fechas2/train/fechas2_002326.en.wav,next monday thank you | next_day('monday')
fechas2/train/fechas2_002327.en.wav,this coming monday please | next_day('monday')
fechas2/train/fechas2_002328.en.wav,this wednesday | next_day('wednesday')
fechas2/train/fechas2_002329.en.wav,the day after tomorrow please | relative_day(+2)
fechas2/train/fechas2_002330.en.wav,next tuesday | next_day('tuesday')
fechas2/train/fechas2_002331.en.wav,monday thank you | next_day('monday')
fechas2/train/fechas2_002332.en.wav,friday thank you | next_day('friday')
fechas2/train/fechas2_002333.en.wav,please on wednesday | next_day('wednesday')
fechas2/train/fechas2_002334.en.wav,this coming monday | next_day('monday')
fechas2/train/fechas2_002335.en.wav,in three days please | relative_day(+3)
fechas2/train/fechas2_002336.en.wav,in three days | relative_day(+3)
fechas2/train/fechas2_002337.en.wav,next monday | next_day('monday')
fechas2/train/fechas2_002338.en.wav,the day after tomorrow thanks | relative_day(+2)
fechas2/train/fechas2_002339.en.wav,wednesday thank you | next_day('wednesday')
fechas2/train/fechas2_002340.en.wav,next thursday | next_day('thursday')
fechas2/train/fechas2_002341.en.wav,this monday please | next_day('monday')
fechas2/train/fechas2_002342.en.wav,the day after tomorrow | relative_day(+2)
fechas2/train/fechas2_002343.en.wav,this monday | next_day('monday')
fechas2/train/fechas2_002344.en.wav,tomorrow | relative_day(+1)
fechas2/train/fechas2_002345.en.wav,this wednesday | next_day('wednesday')
fechas2/train/fechas2_002346.en.wav,this tuesday please | next_day('tuesday')
fechas2/train/fechas2_002347.en.wav,this coming wednesday | next_day('wednesday')
fechas2/train/fechas2_002348.en.wav,please next thursday | next_day('thursday')
fechas2/train/fechas2_002349.en.wav,the following monday | next_day('monday')
fechas2/train/fechas2_002350.en.wav,please on friday | next_day('friday')
fechas2/train/fechas2_002351.en.wav,in three days please | relative_day(+3)
fechas2/train/fechas2_002352.en.wav,this thursday | next_day('thursday')
fechas2/train/fechas2_002353.en.wav,please in a couple of days | relative_day(+2)
fechas2/train/fechas2_002354.en.wav,friday thank you | next_day('friday')
fechas2/train/fechas2_002355.en.wav,next tuesday please | next_day('tuesday')
fechas2/train/fechas2_002356.en.wav,this coming monday | next_day('monday')
fechas2/train/fechas2_002357.en.wav,next tuesday thank you | next_day('tuesday')
fechas2/train/fechas2_002358.en.wav,please next friday | next_day('friday')
fechas2/train/fechas2_002359.en.wav,thursday | next_day('thursday')
fechas2/train/fechas2_002360.en.wav,this coming thursday | next_day('thursday')
fechas2/train/fechas2_002361.en.wav,in a couple of days thanks | relative_day(+2)
fechas2/train/fechas2_002362.en.wav,in a couple of days | relative_day(+2)
fechas2/train/fechas2_002363.en.wav,the following tuesday | next_day('tuesday')
fechas2/train/fechas2_002364.en.wav,in three days please | relative_day(+3)
fechas2/train/fechas2_002365.en.wav,wednesday | next_day('wednesday')
fechas2/train/fechas2_002366.en.wav,in three days | relative_day(+3)
fechas2/train/fechas2_002367.en.wav,in a couple of days thanks | relative_day(+2)
fechas2/train/fechas2_002368.en.wav,next wednesday please | next_day('wednesday')
fechas2/train/fechas2_002369.en.wav,please tomorrow | relative_day(+1)
fechas2/train/fechas2_002370.en.wav,please in a couple of days | relative_day(+2)
fechas2/train/fechas2_002371.en.wav,in three days | relative_day(+3)
fechas2/train/fechas2_002372.en.wav,please next thursday | next_day('thursday')
fechas2/train/fechas2_002373.en.wav,next wednesday | next_day('wednesday')
fechas2/train/fechas2_002374.en.wav,this thursday | next_day('thursday')
fechas2/train/fechas2_002375.en.wav,in a couple of days | relative_day(+2)
fechas2/train/fechas2_002376.en.wav,this coming thursday please | next_day('thursday')
fechas2/train/fechas2_002377.en.wav,next thursday | next_day('thursday')
fechas2/train/fechas2_002378.en.wav,please this coming friday | next_day('friday')
fechas2/train/fechas2_002379.en.wav,in a couple of days | relative_day(+2)
fechas2/train/fechas2_002380.en.wav,in a couple of days | relative_day(+2)
fechas2/train/fechas2_002381.en.wav,next wednesday | next_day('wednesday')
fechas2/train/fechas2_002382.en.wav,the following tuesday | next_day('tuesday')
fechas2/train/fechas2_002383.en.wav,next wednesday | next_day('wednesday')
fechas2/train/fechas2_002384.en.wav,this thursday thank you | next_day('thursday')
fechas2/train/fechas2_002385.en.wav,next tuesday | next_day('tuesday')
fechas2/train/fechas2_002386.en.wav,in a couple of days | relative_day(+2)
fechas2/train/fechas2_002387.en.wav,next tuesday | next_day('tuesday')
fechas2/train/fechas2_002388.en.wav,this wednesday | next_day('wednesday')
fechas2/train/fechas2_002389.en.wav,next monday please | next_day('monday')
fechas2/train/fechas2_002390.en.wav,next tuesday | next_day('tuesday')
fechas2/train/fechas2_002391.en.wav,tomorrow | relative_day(+1)
fechas2/train/fechas2_002392.en.wav,friday | next_day('friday')
fechas2/train/fechas2_002393.en.wav,please in three days | relative_day(+3)
fechas2/train/fechas2_002394.en.wav,this coming monday please | next_day('monday')
fechas2/train/fechas2_002395.en.wav,in three days | relative_day(+3)
fechas2/train/fechas2_002396.en.wav,on monday please | next_day('monday')
fechas2/train/fechas2_002397.en.wav,next friday | next_day('friday')
fechas2/train/fechas2_002398.en.wav,the day after tomorrow | relative_day(+2)
fechas2/train/fechas2_002399.en.wav,wednesday please | next_day('wednesday')
fechas2/train/fechas2_002400.en.wav,next monday | next_day('monday')
fechas2/train/fechas2_002401.en.wav,this coming friday | next_day('friday')
fechas2/train/fechas2_002402.en.wav,next friday | next_day('friday')
fechas2/train/fechas2_002403.en.wav,next wednesday | next_day('wednesday')
fechas2/train/fechas2_002404.en.wav,this coming tuesday | next_day('tuesday')
fechas2/train/fechas2_002405.en.wav,this coming tuesday | next_day('tuesday')
fechas2/train/fechas2_002406.en.wav,next tuesday | next_day('tuesday')
fechas2/train/fechas2_002407.en.wav,in a couple of days | relative_day(+2)
fechas2/train/fechas2_002408.en.wav,please next thursday | next_day('thursday')
fechas2/train/fechas2_002409.en.wav,next wednesday | next_day('wednesday')
fechas2/train/fechas2_002410.en.wav,please this friday | next_day('friday')
fechas2/train/fechas2_002411.en.wav,next tuesday | next_day('tuesday')
fechas2/train/fechas2_002412.en.wav,this wednesday thank you | next_day('wednesday')
fechas2/train/fechas2_002413.en.wav,this thursday | next_day('thursday')
fechas2/train/fechas2_002414.en.wav,the day after tomorrow | relative_day(+2)
fechas2/train/fechas2_002415.en.wav,please next monday | next_day('monday')
fechas2/train/fechas2_002416.en.wav,this coming tuesday | next_day('tuesday')
fechas2/train/fechas2_002417.en.wav,in a couple of days | relative_day(+2)
fechas2/train/fechas2_002418.en.wav,this coming thursday please | next_day('thursday')
fechas2/train/fechas2_002419.en.wav,tomorrow | relative_day(+1)
fechas2/train/fechas2_002420.en.wav,next monday | next_day('monday')
fechas2/train/fechas2_002421.en.wav,thursday thank you | next_day('thursday')
fechas2/train/fechas2_002422.en.wav,next friday | next_day('friday')
fechas2/train/fechas2_002423.en.wav,wednesday | next_day('wednesday')
fechas2/train/fechas2_002424.en.wav,please next monday | next_day('monday')
fechas2/train/fechas2_002425.en.wav,tomorrow | relative_day(+1)
fechas2/train/fechas2_002426.en.wav,tomorrow | relative_day(+1)
fechas2/train/fechas2_002427.en.wav,this friday thank you | next_day('friday')
fechas2/train/fechas2_002428.en.wav,this coming wednesday thank you | next_day('wednesday')
fechas2/train/fechas2_002429.en.wav,this monday | next_day('monday')
fechas2/train/fechas2_002430.en.wav,this friday please | next_day('friday')
fechas2/train/fechas2_002431.en.wav,please in three days | relative_day(+3)
fechas2/train/fechas2_002432.en.wav,next tuesday | next_day('tuesday')
fechas2/train/fechas2_002433.en.wav,tuesday thank you. | next_day('tuesday')
fechas2/train/fechas2_002434.en.wav,this thursday | next_day('thursday')
fechas2/train/fechas2_002435.en.wav,next thursday | next_day('thursday')
fechas2/train/fechas2_002436.en.wav,this coming tuesday | next_day('tuesday')
fechas2/train/fechas2_002437.en.wav,this coming monday please | next_day('monday')
fechas2/train/fechas2_002438.en.wav,tuesday | next_day('tuesday')
fechas2/train/fechas2_002439.en.wav,next wednesday please | next_day('wednesday')
fechas2/train/fechas2_002440.en.wav,next wednesday | next_day('wednesday')
fechas2/train/fechas2_002441.en.wav,tomorrow | relative_day(+1)
fechas2/train/fechas2_002442.en.wav,the day after tomorrow please | relative_day(+2)
fechas2/train/fechas2_002443.en.wav,the following monday | next_day('monday')
fechas2/train/fechas2_002444.en.wav,this coming friday | next_day('friday')
fechas2/train/fechas2_002445.en.wav,in a couple of days please | relative_day(+2)
fechas2/train/fechas2_002446.en.wav,in a couple of days | relative_day(+2)
fechas2/train/fechas2_002447.en.wav,next monday | next_day('monday')
fechas2/train/fechas2_002448.en.wav,next tuesday | next_day('tuesday')
fechas2/train/fechas2_002449.en.wav,next wednesday | next_day('wednesday')
fechas2/train/fechas2_002450.en.wav,tuesday | next_day('tuesday')
fechas2/train/fechas2_002451.en.wav,next thursday thank you | next_day('thursday')
fechas2/train/fechas2_002452.en.wav,in a couple of days please | relative_day(+2)
fechas2/train/fechas2_002453.en.wav,this coming wednesday | next_day('wednesday')
fechas2/train/fechas2_002454.en.wav,this coming tuesday | next_day('tuesday')
fechas2/train/fechas2_002455.en.wav,this coming monday | next_day('monday')
fechas2/train/fechas2_002456.en.wav,next monday | next_day('monday')
fechas2/train/fechas2_002457.en.wav,in three days | relative_day(+3)
fechas2/train/fechas2_002458.en.wav,this coming friday | next_day('friday')
fechas2/train/fechas2_002459.en.wav,thursday | next_day('thursday')
fechas2/train/fechas2_002460.en.wav,this coming thursday thank you | next_day('thursday')
fechas2/train/fechas2_002461.en.wav,in a couple of days thanks | relative_day(+2)
fechas2/train/fechas2_002462.en.wav,this coming monday please | next_day('monday')
fechas2/train/fechas2_002463.en.wav,next monday | next_day('monday')
fechas2/train/fechas2_002464.en.wav,next tuesday | next_day('tuesday')
fechas2/train/fechas2_002465.en.wav,wednesday please | next_day('wednesday')
fechas2/train/fechas2_002466.en.wav,please next tuesday | next_day('tuesday')
fechas2/train/fechas2_002467.en.wav,this coming monday thanks | next_day('monday')
fechas2/train/fechas2_002468.en.wav,please this thursday | next_day('thursday')
fechas2/train/fechas2_002469.en.wav,please this thursday | next_day('thursday')
fechas2/train/fechas2_002470.en.wav,this monday please | next_day('monday')
fechas2/train/fechas2_002471.en.wav,next friday | next_day('friday')
fechas2/train/fechas2_002472.en.wav,next thursday | next_day('thursday')
fechas2/train/fechas2_002473.en.wav,please in three days | relative_day(+3)
fechas2/train/fechas2_002474.en.wav,next wednesday | next_day('wednesday')
fechas2/train/fechas2_002475.en.wav,this friday thank you | next_day('friday')
fechas2/train/fechas2_002476.en.wav,next tuesday | next_day('tuesday')
fechas2/train/fechas2_002477.en.wav,next monday | next_day('monday')
fechas2/train/fechas2_002478.en.wav,this tuesday thank you | next_day('tuesday')
fechas2/train/fechas2_002479.en.wav,the day after tomorrow | relative_day(+2)
fechas2/train/fechas2_002480.en.wav,the following friday | next_day('friday')
fechas2/train/fechas2_002481.en.wav,next monday | next_day('monday')
fechas2/train/fechas2_002482.en.wav,in a couple of days | relative_day(+2)
fechas2/train/fechas2_002483.en.wav,this coming tuesday | next_day('tuesday')
fechas2/train/fechas2_002484.en.wav,this coming wednesday please | next_day('wednesday')
fechas2/train/fechas2_002485.en.wav,wednesday | next_day('wednesday')
fechas2/train/fechas2_002486.en.wav,next tuesday | next_day('tuesday')
fechas2/train/fechas2_002487.en.wav,next wednesday please | next_day('wednesday')
fechas2/train/fechas2_002488.en.wav,thursday | next_day('thursday')
fechas2/train/fechas2_002489.en.wav,next thursday | next_day('thursday')
fechas2/train/fechas2_002490.en.wav,this coming monday | next_day('monday')
fechas2/train/fechas2_002491.en.wav,please this wednesday | next_day('wednesday')
fechas2/train/fechas2_002492.en.wav,next monday please | next_day('monday')
fechas2/train/fechas2_002493.en.wav,this coming thursday please | next_day('thursday')
fechas2/train/fechas2_002494.en.wav,next thursday | next_day('thursday')
fechas2/train/fechas2_002495.en.wav,please next friday | next_day('friday')
fechas2/train/fechas2_002496.en.wav,this coming wednesday please | next_day('wednesday')
fechas2/train/fechas2_002497.en.wav,please on friday | next_day('friday')
fechas2/train/fechas2_002498.en.wav,next wednesday | next_day('wednesday')
fechas2/train/fechas2_002499.en.wav,this coming wednesday | next_day('wednesday')
fechas2/train/fechas2_002500.en.wav,day after tomorrow | relative_day(+2)
fechas2/train/fechas2_002501.en.wav,next thursday | next_day('thursday')
fechas2/train/fechas2_002502.en.wav,please next friday | next_day('friday')
fechas2/train/fechas2_002503.en.wav,tuesday | next_day('tuesday')
fechas2/train/fechas2_002504.en.wav,next tuesday please | next_day('tuesday')
fechas2/train/fechas2_002505.en.wav,this coming tuesday | next_day('tuesday')
fechas2/train/fechas2_002506.en.wav,this wednesday thank you | next_day('wednesday')
fechas2/train/fechas2_002507.en.wav,next thursday | next_day('thursday')
fechas2/train/fechas2_002508.en.wav,thursday | next_day('thursday')
fechas2/train/fechas2_002509.en.wav,please this coming thursday | next_day('thursday')
fechas2/train/fechas2_002510.en.wav,please next tuesday | next_day('tuesday')
fechas2/train/fechas2_002511.en.wav,on monday please | next_day('monday')
fechas2/train/fechas2_002512.en.wav,friday | next_day('friday')
fechas2/train/fechas2_002513.en.wav,this coming friday please | next_day('friday')
fechas2/train/fechas2_002514.en.wav,in three days | relative_day(+3)
fechas2/train/fechas2_002515.en.wav,next monday please | next_day('monday')
fechas2/train/fechas2_002516.en.wav,this coming monday | next_day('monday')
fechas2/train/fechas2_002517.en.wav,next tuesday | next_day('tuesday')
fechas2/train/fechas2_002518.en.wav,in a couple of days | relative_day(+2)
fechas2/train/fechas2_002519.en.wav,this thursday | next_day('thursday')
fechas2/train/fechas2_002520.en.wav,please next monday | next_day('monday')
fechas2/train/fechas2_002521.en.wav,in three days | relative_day(+3)
fechas2/train/fechas2_002522.en.wav,this coming friday | next_day('friday')
fechas2/train/fechas2_002523.en.wav,this tuesday | next_day('tuesday')
fechas2/train/fechas2_002524.en.wav,please in a couple of days | relative_day(+2)
fechas2/train/fechas2_002525.en.wav,please this monday | next_day('monday')
fechas2/train/fechas2_002526.en.wav,next wednesday | next_day('wednesday')
fechas2/train/fechas2_002527.en.wav,this coming wednesday please | next_day('wednesday')
fechas2/train/fechas2_002528.en.wav,this friday | next_day('friday')
fechas2/train/fechas2_002529.en.wav,in a couple of days | relative_day(+2)
fechas2/train/fechas2_002530.en.wav,next tuesday | next_day('tuesday')
fechas2/train/fechas2_002531.en.wav,next thursday | next_day('thursday')
fechas2/train/fechas2_002532.en.wav,this friday please | next_day('friday')
fechas2/train/fechas2_002533.en.wav,please in a couple of days | relative_day(+2)
fechas2/train/fechas2_002534.en.wav,this wednesday | next_day('wednesday')
fechas2/train/fechas2_002535.en.wav,in three days please | relative_day(+3)
fechas2/train/fechas2_002536.en.wav,tuesday | next_day('tuesday')
fechas2/train/fechas2_002537.en.wav,please next monday | next_day('monday')
fechas2/train/fechas2_002538.en.wav,tomorrow | relative_day(+1)
fechas2/train/fechas2_002539.en.wav,the day after tomorrow | relative_day(+2)
fechas2/train/fechas2_002540.en.wav,please on wednesday | next_day('wednesday')
fechas2/train/fechas2_002541.en.wav,please this coming tuesday | next_day('tuesday')
fechas2/train/fechas2_002542.en.wav,next wednesday | next_day('wednesday')
fechas2/train/fechas2_002543.en.wav,this thursday | next_day('thursday')
fechas2/train/fechas2_002544.en.wav,day after tomorrow | relative_day(+2)
fechas2/train/fechas2_002545.en.wav,tuesday | next_day('tuesday')
fechas2/train/fechas2_002546.en.wav,next wednesday | next_day('wednesday')
fechas2/train/fechas2_002547.en.wav,in a couple of days thanks | relative_day(+2)
fechas2/train/fechas2_002548.en.wav,next friday thank you | next_day('friday')
fechas2/train/fechas2_002549.en.wav,this coming thursday please | next_day('thursday')
fechas2/train/fechas2_002550.en.wav,this thursday please | next_day('thursday')
fechas2/train/fechas2_002551.en.wav,tuesday | next_day('tuesday')
fechas2/train/fechas2_002552.en.wav,next monday | next_day('monday')
fechas2/train/fechas2_002553.en.wav,next monday | next_day('monday')
fechas2/train/fechas2_002554.en.wav,tuesday | next_day('tuesday')
fechas2/train/fechas2_002555.en.wav,in three days | relative_day(+3)
fechas2/train/fechas2_002556.en.wav,the day after tomorrow please | relative_day(+2)
fechas2/train/fechas2_002557.en.wav,please this coming friday | next_day('friday')
fechas2/train/fechas2_002558.en.wav,next wednesday please | next_day('wednesday')
fechas2/train/fechas2_002559.en.wav,the day after tomorrow thanks | relative_day(+2)
fechas2/train/fechas2_002560.en.wav,please this coming friday | next_day('friday')
fechas2/train/fechas2_002561.en.wav,please in three days | relative_day(+3)
fechas2/train/fechas2_002562.en.wav,next tuesday | next_day('tuesday')
fechas2/train/fechas2_002563.en.wav,this coming tuesday please | next_day('tuesday')
fechas2/train/fechas2_002564.en.wav,next friday | next_day('friday')
fechas2/train/fechas2_002565.en.wav,in three days thanks | relative_day(+3)
fechas2/train/fechas2_002566.en.wav,next friday | next_day('friday')
fechas2/train/fechas2_002567.en.wav,in a couple of days | relative_day(+2)
fechas2/train/fechas2_002568.en.wav,next monday | next_day('monday')
fechas2/train/fechas2_002569.en.wav,the following thursday | next_day('thursday')
fechas2/train/fechas2_002570.en.wav,this wednesday | next_day('wednesday')
fechas2/train/fechas2_002571.en.wav,please next monday | next_day('monday')
fechas2/train/fechas2_002572.en.wav,in three days please | relative_day(+3)
fechas2/train/fechas2_002573.en.wav,please next monday | next_day('monday')
fechas2/train/fechas2_002574.en.wav,next thursday | next_day('thursday')
fechas2/train/fechas2_002575.en.wav,in a couple of days | relative_day(+2)
fechas2/train/fechas2_002576.en.wav,this monday thank you | next_day('monday')
fechas2/train/fechas2_002577.en.wav,next wednesday | next_day('wednesday')
fechas2/train/fechas2_002578.en.wav,in three days | relative_day(+3)
fechas2/train/fechas2_002579.en.wav,in a couple of days thanks | relative_day(+2)
fechas2/train/fechas2_002580.en.wav,this wednesday | next_day('wednesday')
fechas2/train/fechas2_002581.en.wav,this tuesday please | next_day('tuesday')
fechas2/train/fechas2_002582.en.wav,tuesday | next_day('tuesday')
fechas2/train/fechas2_002583.en.wav,the following tuesday | next_day('tuesday')
fechas2/train/fechas2_002584.en.wav,in three days | relative_day(+3)
fechas2/train/fechas2_002585.en.wav,this wednesday thank you | next_day('wednesday')
fechas2/train/fechas2_002586.en.wav,this coming thursday please | next_day('thursday')
fechas2/train/fechas2_002587.en.wav,this monday | next_day('monday')
fechas2/train/fechas2_002588.en.wav,tuesday | next_day('tuesday')
fechas2/train/fechas2_002589.en.wav,next friday please | next_day('friday')
fechas2/train/fechas2_002590.en.wav,next tuesday | next_day('tuesday')
fechas2/train/fechas2_002591.en.wav,next wednesday please | next_day('wednesday')
fechas2/train/fechas2_002592.en.wav,friday | next_day('friday')
fechas2/train/fechas2_002593.en.wav,next wednesday | next_day('wednesday')
fechas2/train/fechas2_002594.en.wav,tuesday please | next_day('tuesday')
fechas2/train/fechas2_002595.en.wav,next tuesday | next_day('tuesday')
fechas2/train/fechas2_002596.en.wav,tomorrow please | relative_day(+1)
fechas2/train/fechas2_002597.en.wav,in a couple of days | relative_day(+2)
fechas2/train/fechas2_002598.en.wav,this coming friday please | next_day('friday')
fechas2/train/fechas2_002599.en.wav,in a couple of days | relative_day(+2)
fechas2/train/fechas2_002600.en.wav,in a couple of days please | relative_day(+2)
fechas2/train/fechas2_002601.en.wav,please on monday | next_day('monday')
fechas2/train/fechas2_002602.en.wav,this coming thursday thanks | next_day('thursday')
fechas2/train/fechas2_002603.en.wav,next friday | next_day('friday')
fechas2/train/fechas2_002604.en.wav,in a couple of days | relative_day(+2)
fechas2/train/fechas2_002605.en.wav,this coming thursday | next_day('thursday')
fechas2/train/fechas2_002606.en.wav,this thursday | next_day('thursday')
fechas2/train/fechas2_002607.en.wav,please this tuesday | next_day('tuesday')
fechas2/train/fechas2_002608.en.wav,this friday | next_day('friday')
fechas2/train/fechas2_002609.en.wav,please next tuesday | next_day('tuesday')
fechas2/train/fechas2_002610.en.wav,next thursday | next_day('thursday')
fechas2/train/fechas2_002611.en.wav,please next tuesday | next_day('tuesday')
fechas2/train/fechas2_002612.en.wav,tomorrow | relative_day(+1)
fechas2/train/fechas2_002613.en.wav,please in three days | relative_day(+3)
fechas2/train/fechas2_002614.en.wav,on monday please | next_day('monday')
fechas2/train/fechas2_002615.en.wav,this coming tuesday | next_day('tuesday')
fechas2/train/fechas2_002616.en.wav,next monday please | next_day('monday')
fechas2/train/fechas2_002617.en.wav,next wednesday | next_day('wednesday')
fechas2/train/fechas2_002618.en.wav,next tuesday | next_day('tuesday')
fechas2/train/fechas2_002619.en.wav,the day after tomorrow please | relative_day(+2)
fechas2/train/fechas2_002620.en.wav,this friday thank you | next_day('friday')
fechas2/train/fechas2_002621.en.wav,please tomorrow | relative_day(+1)
fechas2/train/fechas2_002622.en.wav,next thursday | next_day('thursday')
fechas2/train/fechas2_002623.en.wav,this coming friday please | next_day('friday')
fechas2/train/fechas2_002624.en.wav,in three days thanks | relative_day(+3)
fechas2/train/fechas2_002625.en.wav,next wednesday thanks | next_day('wednesday')
fechas2/train/fechas2_002626.en.wav,this coming tuesday please | next_day('tuesday')
fechas2/train/fechas2_002627.en.wav,please next friday | next_day('friday')
fechas2/train/fechas2_002628.en.wav,in three days | relative_day(+3)
fechas2/train/fechas2_002629.en.wav,wednesday thank you | next_day('wednesday')
fechas2/train/fechas2_002630.en.wav,please this friday | next_day('friday')
fechas2/train/fechas2_002631.en.wav,please on tuesday | next_day('tuesday')
fechas2/train/fechas2_002632.en.wav,the day after tomorrow | relative_day(+2)
fechas2/train/fechas2_002633.en.wav,next monday | next_day('monday')
fechas2/train/fechas2_002634.en.wav,this coming tuesday please | next_day('tuesday')
fechas2/train/fechas2_002635.en.wav,next monday | next_day('monday')
fechas2/train/fechas2_002636.en.wav,this coming monday | next_day('monday')
fechas2/train/fechas2_002637.en.wav,in a couple of days please | relative_day(+2)
fechas2/train/fechas2_002638.en.wav,this wednesday | next_day('wednesday')
fechas2/train/fechas2_002639.en.wav,please this tuesday | next_day('tuesday')
fechas2/train/fechas2_002640.en.wav,thursday | next_day('thursday')
fechas2/train/fechas2_002641.en.wav,this coming friday | next_day('friday')
fechas2/train/fechas2_002642.en.wav,next monday please | next_day('monday')
fechas2/train/fechas2_002643.en.wav,friday | next_day('friday')
fechas2/train/fechas2_002644.en.wav,please next monday | next_day('monday')
fechas2/train/fechas2_002645.en.wav,friday | next_day('friday')
fechas2/train/fechas2_002646.en.wav,this coming wednesday | next_day('wednesday')
fechas2/train/fechas2_002647.en.wav,in a couple of days thanks | relative_day(+2)
fechas2/train/fechas2_002648.en.wav,please in a couple of days | relative_day(+2)
fechas2/train/fechas2_002649.en.wav,this wednesday | next_day('wednesday')
fechas2/train/fechas2_002650.en.wav,thursday thank you | next_day('thursday')
fechas2/train/fechas2_002651.en.wav,in a couple of days | relative_day(+2)
fechas2/train/fechas2_002652.en.wav,the following tuesday | next_day('tuesday')
fechas2/train/fechas2_002653.en.wav,this friday | next_day('friday')
fechas2/train/fechas2_002654.en.wav,tomorrow please | relative_day(+1)
fechas2/train/fechas2_002655.en.wav,in three days | relative_day(+3)
fechas2/train/fechas2_002656.en.wav,this coming wednesday | next_day('wednesday')
fechas2/train/fechas2_002657.en.wav,next friday thank you | next_day('friday')
fechas2/train/fechas2_002658.en.wav,next monday please | next_day('monday')
fechas2/train/fechas2_002659.en.wav,next friday please | next_day('friday')
fechas2/train/fechas2_002660.en.wav,in three days thanks | relative_day(+3)
fechas2/train/fechas2_002661.en.wav,next friday | next_day('friday')
fechas2/train/fechas2_002662.en.wav,next friday please | next_day('friday')
fechas2/train/fechas2_002663.en.wav,in three days thanks | relative_day(+3)
fechas2/train/fechas2_002664.en.wav,in three days | relative_day(+3)
fechas2/train/fechas2_002665.en.wav,this thursday thank you | next_day('thursday')
fechas2/train/fechas2_002666.en.wav,please next monday | next_day('monday')
fechas2/train/fechas2_002667.en.wav,in a couple of days | relative_day(+2)
fechas2/train/fechas2_002668.en.wav,next friday | next_day('friday')
fechas2/train/fechas2_002669.en.wav,please next thursday | next_day('thursday')
fechas2/train/fechas2_002670.en.wav,next wednesday thank you | next_day('wednesday')
fechas2/train/fechas2_002671.en.wav,in a couple of days | relative_day(+2)
fechas2/train/fechas2_002672.en.wav,this coming friday please | next_day('friday')
fechas2/train/fechas2_002673.en.wav,this coming thursday | next_day('thursday')
fechas2/train/fechas2_002674.en.wav,please this monday | next_day('monday')
fechas2/train/fechas2_002675.en.wav,next wednesday | next_day('wednesday')
fechas2/train/fechas2_002676.en.wav,monday | next_day('monday')
fechas2/train/fechas2_002677.en.wav,this wednesday please | next_day('wednesday')
fechas2/train/fechas2_002678.en.wav,next thursday please | next_day('thursday')
fechas2/train/fechas2_002679.en.wav,the following thursday | next_day('thursday')
fechas2/train/fechas2_002680.en.wav,please in a couple of days | relative_day(+2)
fechas2/train/fechas2_002681.en.wav,in three days | relative_day(+3)
fechas2/train/fechas2_002682.en.wav,please next wednesday | next_day('wednesday')
fechas2/train/fechas2_002683.en.wav,in three days | relative_day(+3)
fechas2/train/fechas2_002684.en.wav,next thursday please | next_day('thursday')
fechas2/train/fechas2_002685.en.wav,wednesday | next_day('wednesday')
fechas2/train/fechas2_002686.en.wav,next monday | next_day('monday')
fechas2/train/fechas2_002687.en.wav,tuesday | next_day('tuesday')
fechas2/train/fechas2_002688.en.wav,this coming tuesday thank you | next_day('tuesday')
fechas2/train/fechas2_002689.en.wav,the day after tomorrow | relative_day(+2)
fechas2/train/fechas2_002690.en.wav,next thursday | next_day('thursday')
fechas2/train/fechas2_002691.en.wav,in three days | relative_day(+3)
fechas2/train/fechas2_002692.en.wav,next thursday thank you | next_day('thursday')
fechas2/train/fechas2_002693.en.wav,the following tuesday | next_day('tuesday')
fechas2/train/fechas2_002694.en.wav,next monday | next_day('monday')
fechas2/train/fechas2_002695.en.wav,in a couple of days | relative_day(+2)
fechas2/train/fechas2_002696.en.wav,next thursday | next_day('thursday')
fechas2/train/fechas2_002697.en.wav,next thursday please | next_day('thursday')
fechas2/train/fechas2_002698.en.wav,please next thursday | next_day('thursday')
fechas2/train/fechas2_002699.en.wav,this thursday | next_day('thursday')
fechas2/train/fechas2_002700.en.wav,in a couple of days | relative_day(+2)
fechas2/train/fechas2_002701.en.wav,thursday | next_day('thursday')
fechas2/train/fechas2_002702.en.wav,this tuesday | next_day('tuesday')
fechas2/train/fechas2_002703.en.wav,this friday please | next_day('friday')
fechas2/train/fechas2_002704.en.wav,next wednesday | next_day('wednesday')
fechas2/train/fechas2_002705.en.wav,in a couple of days | relative_day(+2)
fechas2/train/fechas2_002706.en.wav,this tuesday | next_day('tuesday')
fechas2/train/fechas2_002707.en.wav,please next friday | next_day('friday')
fechas2/train/fechas2_002708.en.wav,please on thursday | next_day('thursday')
fechas2/train/fechas2_002709.en.wav,in a couple of days | relative_day(+2)
fechas2/train/fechas2_002710.en.wav,next tuesday | next_day('tuesday')
fechas2/train/fechas2_002711.en.wav,next friday thank you | next_day('friday')
fechas2/train/fechas2_002712.en.wav,on monday please | next_day('monday')
fechas2/train/fechas2_002713.en.wav,in a couple of days | relative_day(+2)
fechas2/train/fechas2_002714.en.wav,please this coming thursday | next_day('thursday')
fechas2/train/fechas2_002715.en.wav,in three days thanks | relative_day(+3)
fechas2/train/fechas2_002716.en.wav,this coming tuesday please | next_day('tuesday')
fechas2/train/fechas2_002717.en.wav,please next tuesday | next_day('tuesday')
fechas2/train/fechas2_002718.en.wav,next thursday | next_day('thursday')
fechas2/train/fechas2_002719.en.wav,tuesday | next_day('tuesday')
fechas2/train/fechas2_002720.en.wav,please next wednesday | next_day('wednesday')
fechas2/train/fechas2_002721.en.wav,next tuesday | next_day('tuesday')
fechas2/train/fechas2_002722.en.wav,this friday please | next_day('friday')
fechas2/train/fechas2_002723.en.wav,this thursday please | next_day('thursday')
fechas2/train/fechas2_002724.en.wav,in three days | relative_day(+3)
fechas2/train/fechas2_002725.en.wav,please on tuesday | next_day('tuesday')
fechas2/train/fechas2_002726.en.wav,wednesday | next_day('wednesday')
fechas2/train/fechas2_002727.en.wav,thursday | next_day('thursday')
fechas2/train/fechas2_002728.en.wav,tuesday please | next_day('tuesday')
fechas2/train/fechas2_002729.en.wav,in three days thanks | relative_day(+3)
fechas2/train/fechas2_002730.en.wav,next friday | next_day('friday')
fechas2/train/fechas2_002731.en.wav,in a couple of days | relative_day(+2)
fechas2/train/fechas2_002732.en.wav,next tuesday | next_day('tuesday')
fechas2/train/fechas2_002733.en.wav,next monday | next_day('monday')
fechas2/train/fechas2_002734.en.wav,monday | next_day('monday')
fechas2/train/fechas2_002735.en.wav,wednesday | next_day('wednesday')
fechas2/train/fechas2_002736.en.wav,in a couple of days thanks | relative_day(+2)
fechas2/train/fechas2_002737.en.wav,tuesday please | next_day('tuesday')
fechas2/train/fechas2_002738.en.wav,next friday | next_day('friday')
fechas2/train/fechas2_002739.en.wav,please next tuesday | next_day('tuesday')
fechas2/train/fechas2_002740.en.wav,this thursday | next_day('thursday')
fechas2/train/fechas2_002741.en.wav,thursday | next_day('thursday')
fechas2/train/fechas2_002742.en.wav,this coming monday please | next_day('monday')
fechas2/train/fechas2_002743.en.wav,the following thursday | next_day('thursday')
fechas2/train/fechas2_002744.en.wav,this wednesday | next_day('wednesday')
fechas2/train/fechas2_002745.en.wav,next friday | next_day('friday')
fechas2/train/fechas2_002746.en.wav,in a couple of days | relative_day(+2)
fechas2/train/fechas2_002747.en.wav,the following monday | next_day('monday')
fechas2/train/fechas2_002748.en.wav,next friday please | next_day('friday')
fechas2/train/fechas2_002749.en.wav,in a couple of days | relative_day(+2)
fechas2/train/fechas2_002750.en.wav,next monday | next_day('monday')
fechas2/train/fechas2_002751.en.wav,friday thank you | next_day('friday')
fechas2/train/fechas2_002752.en.wav,in a couple of days | relative_day(+2)
fechas2/train/fechas2_002753.en.wav,please next thursday | next_day('thursday')
fechas2/train/fechas2_002754.en.wav,tomorrow | relative_day(+1)
fechas2/train/fechas2_002755.en.wav,in a couple of days please | relative_day(+2)
fechas2/train/fechas2_002756.en.wav,this wednesday | next_day('wednesday')
fechas2/train/fechas2_002757.en.wav,the following friday | next_day('friday')
fechas2/train/fechas2_002758.en.wav,next friday | next_day('friday')
fechas2/train/fechas2_002759.en.wav,please this wednesday | next_day('wednesday')
fechas2/train/fechas2_002760.en.wav,this monday | next_day('monday')
fechas2/train/fechas2_002761.en.wav,in three days please | relative_day(+3)
fechas2/train/fechas2_002762.en.wav,in three days please | relative_day(+3)
fechas2/train/fechas2_002763.en.wav,in three days | relative_day(+3)
fechas2/train/fechas2_002764.en.wav,next thursday please | next_day('thursday')
fechas2/train/fechas2_002765.en.wav,next wednesday | next_day('wednesday')
fechas2/train/fechas2_002766.en.wav,this coming friday thanks | next_day('friday')
fechas2/train/fechas2_002767.en.wav,next wednesday please | next_day('wednesday')
fechas2/train/fechas2_002768.en.wav,monday | next_day('monday')
fechas2/train/fechas2_002769.en.wav,this coming tuesday | next_day('tuesday')
fechas2/train/fechas2_002770.en.wav,this tuesday | next_day('tuesday')
fechas2/train/fechas2_002771.en.wav,tuesday | next_day('tuesday')
fechas2/train/fechas2_002772.en.wav,next tuesday | next_day('tuesday')
fechas2/train/fechas2_002773.en.wav,in a couple of days | relative_day(+2)
fechas2/train/fechas2_002774.en.wav,this coming thursday | next_day('thursday')
fechas2/train/fechas2_002775.en.wav,the day after tomorrow | relative_day(+2)
fechas2/train/fechas2_002776.en.wav,next thursday | next_day('thursday')
fechas2/train/fechas2_002777.en.wav,in three days thanks | relative_day(+3)
fechas2/train/fechas2_002778.en.wav,this coming tuesday | next_day('tuesday')
fechas2/train/fechas2_002779.en.wav,in a couple of days | relative_day(+2)
fechas2/train/fechas2_002780.en.wav,in a couple of days please | relative_day(+2)
fechas2/train/fechas2_002781.en.wav,next thursday | next_day('thursday')
fechas2/train/fechas2_002782.en.wav,please this coming friday | next_day('friday')
fechas2/train/fechas2_002783.en.wav,next monday please | next_day('monday')
fechas2/train/fechas2_002784.en.wav,the day after tomorrow | relative_day(+2)
fechas2/train/fechas2_002785.en.wav,in three days thanks | relative_day(+3)
fechas2/train/fechas2_002786.en.wav,wednesday | next_day('wednesday')
fechas2/train/fechas2_002787.en.wav,next friday thank you | next_day('friday')
fechas2/train/fechas2_002788.en.wav,in a couple of days | relative_day(+2)
fechas2/train/fechas2_002789.en.wav,the day after tomorrow | relative_day(+2)
fechas2/train/fechas2_002790.en.wav,please this coming tuesday | next_day('tuesday')
fechas2/train/fechas2_002791.en.wav,next wednesday | next_day('wednesday')
fechas2/train/fechas2_002792.en.wav,please next friday | next_day('friday')
fechas2/train/fechas2_002793.en.wav,next friday thank you | next_day('friday')
fechas2/train/fechas2_002794.en.wav,this wednesday | next_day('wednesday')
fechas2/train/fechas2_002795.en.wav,in a couple of days | relative_day(+2)
fechas2/train/fechas2_002796.en.wav,wednesday | next_day('wednesday')
fechas2/train/fechas2_002797.en.wav,please next wednesday | next_day('wednesday')
fechas2/train/fechas2_002798.en.wav,this coming monday | next_day('monday')
fechas2/train/fechas2_002799.en.wav,this thursday | next_day('thursday')
fechas2/train/fechas2_002800.en.wav,monday | next_day('monday')
fechas2/train/fechas2_002801.en.wav,in three days thanks | relative_day(+3)
fechas2/train/fechas2_002802.en.wav,friday please | next_day('friday')
fechas2/train/fechas2_002803.en.wav,in a couple of days | relative_day(+2)
fechas2/train/fechas2_002804.en.wav,next friday thanks | next_day('friday')
fechas2/train/fechas2_002805.en.wav,next wednesday | next_day('wednesday')
fechas2/train/fechas2_002806.en.wav,this thursday | next_day('thursday')
fechas2/train/fechas2_002807.en.wav,next monday | next_day('monday')
fechas2/train/fechas2_002808.en.wav,the day after tomorrow | relative_day(+2)
fechas2/train/fechas2_002809.en.wav,please in a couple of days | relative_day(+2)
fechas2/train/fechas2_002810.en.wav,next thursday | next_day('thursday')
fechas2/train/fechas2_002811.en.wav,this wednesday please | next_day('wednesday')
fechas2/train/fechas2_002812.en.wav,next monday | next_day('monday')
fechas2/train/fechas2_002813.en.wav,next wednesday | next_day('wednesday')
fechas2/train/fechas2_002814.en.wav,tomorrow | relative_day(+1)
fechas2/train/fechas2_002815.en.wav,next tuesday | next_day('tuesday')
fechas2/train/fechas2_002816.en.wav,next monday | next_day('monday')
fechas2/train/fechas2_002817.en.wav,this thursday | next_day('thursday')
fechas2/train/fechas2_002818.en.wav,on monday please | next_day('monday')
fechas2/train/fechas2_002819.en.wav,next tuesday please | next_day('tuesday')
fechas2/train/fechas2_002820.en.wav,next tuesday | next_day('tuesday')
fechas2/train/fechas2_002821.en.wav,thursday | next_day('thursday')
fechas2/train/fechas2_002822.en.wav,next tuesday | next_day('tuesday')
fechas2/train/fechas2_002823.en.wav,in a couple of days | relative_day(+2)
fechas2/train/fechas2_002824.en.wav,this coming thursday | next_day('thursday')
fechas2/train/fechas2_002825.en.wav,tuesday | next_day('tuesday')
fechas2/train/fechas2_002826.en.wav,next thursday | next_day('thursday')
fechas2/train/fechas2_002827.en.wav,please next thursday | next_day('thursday')
fechas2/train/fechas2_002828.en.wav,next wednesday | next_day('wednesday')
fechas2/train/fechas2_002829.en.wav,this tuesday | next_day('tuesday')
fechas2/train/fechas2_002830.en.wav,next tuesday please | next_day('tuesday')
fechas2/train/fechas2_002831.en.wav,in three days | relative_day(+3)
fechas2/train/fechas2_002832.en.wav,this coming tuesday | next_day('tuesday')
fechas2/train/fechas2_002833.en.wav,in a couple of days | relative_day(+2)
fechas2/train/fechas2_002834.en.wav,in a couple of days | relative_day(+2)
fechas2/train/fechas2_002835.en.wav,next thursday | next_day('thursday')
fechas2/train/fechas2_002836.en.wav,tomorrow thank you | relative_day(+1)
fechas2/train/fechas2_002837.en.wav,in three days | relative_day(+3)
fechas2/train/fechas2_002838.en.wav,please on tuesday | next_day('tuesday')
fechas2/train/fechas2_002839.en.wav,this wednesday | next_day('wednesday')
fechas2/train/fechas2_002840.en.wav,please next tuesday | next_day('tuesday')
fechas2/train/fechas2_002841.en.wav,next monday | next_day('monday')
fechas2/train/fechas2_002842.en.wav,next monday | next_day('monday')
fechas2/train/fechas2_002843.en.wav,next wednesday | next_day('wednesday')
fechas2/train/fechas2_002844.en.wav,next tuesday | next_day('tuesday')
fechas2/train/fechas2_002845.en.wav,please in a couple of days | relative_day(+2)
fechas2/train/fechas2_002846.en.wav,friday | next_day('friday')
fechas2/train/fechas2_002847.en.wav,in a couple of days | relative_day(+2)
fechas2/train/fechas2_002848.en.wav,this friday | next_day('friday')
fechas2/train/fechas2_002849.en.wav,in three days please | relative_day(+3)
fechas2/train/fechas2_002850.en.wav,the day after tomorrow thanks | relative_day(+2)
fechas2/train/fechas2_002851.en.wav,next tuesday | next_day('tuesday')
fechas2/train/fechas2_002852.en.wav,please this monday | next_day('monday')
fechas2/train/fechas2_002853.en.wav,next tuesday | next_day('tuesday')
fechas2/train/fechas2_002854.en.wav,monday | next_day('monday')
fechas2/train/fechas2_002855.en.wav,please this coming friday | next_day('friday')
fechas2/train/fechas2_002856.en.wav,please next monday | next_day('monday')
fechas2/train/fechas2_002857.en.wav,thursday please | next_day('thursday')
fechas2/train/fechas2_002858.en.wav,please this coming monday | next_day('monday')
fechas2/train/fechas2_002859.en.wav,next monday thank you | next_day('monday')
fechas2/train/fechas2_002860.en.wav,next thursday thank you | next_day('thursday')
fechas2/train/fechas2_002861.en.wav,tomorrow | relative_day(+1)
fechas2/train/fechas2_002862.en.wav,the following monday | next_day('monday')
fechas2/train/fechas2_002863.en.wav,next thursday | next_day('thursday')
fechas2/train/fechas2_002864.en.wav,please this tuesday | next_day('tuesday')
fechas2/train/fechas2_002865.en.wav,this wednesday | next_day('wednesday')
fechas2/train/fechas2_002866.en.wav,this friday | next_day('friday')
fechas2/train/fechas2_002867.en.wav,next tuesday | next_day('tuesday')
fechas2/train/fechas2_002868.en.wav,this thursday | next_day('thursday')
fechas2/train/fechas2_002869.en.wav,this monday | next_day('monday')
fechas2/train/fechas2_002870.en.wav,this wednesday thank you | next_day('wednesday')
fechas2/train/fechas2_002871.en.wav,next tuesday thanks | next_day('tuesday')
fechas2/train/fechas2_002872.en.wav,this coming friday | next_day('friday')
fechas2/train/fechas2_002873.en.wav,this coming tuesday | next_day('tuesday')
fechas2/train/fechas2_002874.en.wav,next friday | next_day('friday')
fechas2/train/fechas2_002875.en.wav,the following tuesday | next_day('tuesday')
fechas2/train/fechas2_002876.en.wav,in a couple of days | relative_day(+2)
fechas2/train/fechas2_002877.en.wav,next wednesday | next_day('wednesday')
fechas2/train/fechas2_002878.en.wav,this coming thursday thank you | next_day('thursday')
fechas2/train/fechas2_002879.en.wav,monday thank you | next_day('monday')
fechas2/train/fechas2_002880.en.wav,this tuesday | next_day('tuesday')
fechas2/train/fechas2_002881.en.wav,this coming thursday | next_day('thursday')
fechas2/train/fechas2_002882.en.wav,this coming wednesday please | next_day('wednesday')
fechas2/train/fechas2_002883.en.wav,in a couple of days please | relative_day(+2)
fechas2/train/fechas2_002884.en.wav,next monday thank you | next_day('monday')
fechas2/train/fechas2_002885.en.wav,next tuesday please | next_day('tuesday')
fechas2/train/fechas2_002886.en.wav,this coming thursday | next_day('thursday')
fechas2/train/fechas2_002887.en.wav,please this friday | next_day('friday')
fechas2/train/fechas2_002888.en.wav,this wednesday | next_day('wednesday')
fechas2/train/fechas2_002889.en.wav,next thursday | next_day('thursday')
fechas2/train/fechas2_002890.en.wav,this wednesday | next_day('wednesday')
fechas2/train/fechas2_002891.en.wav,this coming friday | next_day('friday')
fechas2/train/fechas2_002892.en.wav,next tuesday | next_day('tuesday')
fechas2/train/fechas2_002893.en.wav,thursday | next_day('thursday')
fechas2/train/fechas2_002894.en.wav,next monday | next_day('monday')
fechas2/train/fechas2_002895.en.wav,friday | next_day('friday')
fechas2/train/fechas2_002896.en.wav,the day after tomorrow | relative_day(+2)
fechas2/train/fechas2_002897.en.wav,next friday please | next_day('friday')
fechas2/train/fechas2_002898.en.wav,next monday | next_day('monday')
fechas2/train/fechas2_002899.en.wav,in three days | relative_day(+3)
fechas2/train/fechas2_002900.en.wav,in three days thanks | relative_day(+3)
fechas2/train/fechas2_002901.en.wav,this tuesday please | next_day('tuesday')
fechas2/train/fechas2_002902.en.wav,friday | next_day('friday')
fechas2/train/fechas2_002903.en.wav,next tuesday please | next_day('tuesday')
fechas2/train/fechas2_002904.en.wav,in three days | relative_day(+3)
fechas2/train/fechas2_002905.en.wav,in three days | relative_day(+3)
fechas2/train/fechas2_002906.en.wav,next thursday please | next_day('thursday')
fechas2/train/fechas2_002907.en.wav,next thursday | next_day('thursday')
fechas2/train/fechas2_002908.en.wav,in three days | relative_day(+3)
fechas2/train/fechas2_002909.en.wav,in a couple of days | relative_day(+2)
fechas2/train/fechas2_002910.en.wav,please this friday | next_day('friday')
fechas2/train/fechas2_002911.en.wav,next wednesday | next_day('wednesday')
fechas2/train/fechas2_002912.en.wav,this coming thursday | next_day('thursday')
fechas2/train/fechas2_002913.en.wav,next wednesday | next_day('wednesday')
fechas2/train/fechas2_002914.en.wav,in a couple of days please | relative_day(+2)
fechas2/train/fechas2_002915.en.wav,next thursday | next_day('thursday')
fechas2/train/fechas2_002916.en.wav,next tuesday | next_day('tuesday')
fechas2/train/fechas2_002917.en.wav,next monday | next_day('monday')
fechas2/train/fechas2_002918.en.wav,monday | next_day('monday')
fechas2/train/fechas2_002919.en.wav,in three days please | relative_day(+3)
fechas2/train/fechas2_002920.en.wav,this coming friday thanks | next_day('friday')
fechas2/train/fechas2_002921.en.wav,friday | next_day('friday')
fechas2/train/fechas2_002922.en.wav,tomorrow thank you | relative_day(+1)
fechas2/train/fechas2_002923.en.wav,next wednesday thank you | next_day('wednesday')
fechas2/train/fechas2_002924.en.wav,please in a couple of days | relative_day(+2)
fechas2/train/fechas2_002925.en.wav,in a couple of days | relative_day(+2)
fechas2/train/fechas2_002926.en.wav,in a couple of days | relative_day(+2)
fechas2/train/fechas2_002927.en.wav,the day after tomorrow | relative_day(+2)
fechas2/train/fechas2_002928.en.wav,monday thank you | next_day('monday')
fechas2/train/fechas2_002929.en.wav,this tuesday | next_day('tuesday')
fechas2/train/fechas2_002930.en.wav,this coming thursday | next_day('thursday')
fechas2/train/fechas2_002931.en.wav,please in a couple of days | relative_day(+2)
fechas2/train/fechas2_002932.en.wav,please next monday | next_day('monday')
fechas2/train/fechas2_002933.en.wav,this wednesday please | next_day('wednesday')
fechas2/train/fechas2_002934.en.wav,tuesday | next_day('tuesday')
fechas2/train/fechas2_002935.en.wav,this coming friday | next_day('friday')
fechas2/train/fechas2_002936.en.wav,next wednesday | next_day('wednesday')
fechas2/train/fechas2_002937.en.wav,next wednesday | next_day('wednesday')
fechas2/train/fechas2_002938.en.wav,this coming friday | next_day('friday')
fechas2/train/fechas2_002939.en.wav,next wednesday | next_day('wednesday')
fechas2/train/fechas2_002940.en.wav,next thursday | next_day('thursday')
fechas2/train/fechas2_002941.en.wav,in three days | relative_day(+3)
fechas2/train/fechas2_002942.en.wav,tomorrow | relative_day(+1)
fechas2/train/fechas2_002943.en.wav,next monday | next_day('monday')
fechas2/train/fechas2_002944.en.wav,please tomorrow | relative_day(+1)
fechas2/train/fechas2_002945.en.wav,in a couple of days | relative_day(+2)
fechas2/train/fechas2_002946.en.wav,this wednesday please | next_day('wednesday')
fechas2/train/fechas2_002947.en.wav,in three days please | relative_day(+3)
fechas2/train/fechas2_002948.en.wav,the day after tomorrow thanks | relative_day(+2)
fechas2/train/fechas2_002949.en.wav,thursday please | next_day('thursday')
fechas2/train/fechas2_002950.en.wav,next thursday thank you | next_day('thursday')
fechas2/train/fechas2_002951.en.wav,next thursday | next_day('thursday')
fechas2/train/fechas2_002952.en.wav,next friday | next_day('friday')
fechas2/train/fechas2_002953.en.wav,tomorrow | relative_day(+1)
fechas2/train/fechas2_002954.en.wav,please next thursday | next_day('thursday')
fechas2/train/fechas2_002955.en.wav,please on wednesday | next_day('wednesday')
fechas2/train/fechas2_002956.en.wav,next tuesday thank you | next_day('tuesday')
fechas2/train/fechas2_002957.en.wav,next friday | next_day('friday')
fechas2/train/fechas2_002958.en.wav,the day after tomorrow please | relative_day(+2)
fechas2/train/fechas2_002959.en.wav,next friday | next_day('friday')
fechas2/train/fechas2_002960.en.wav,please next wednesday | next_day('wednesday')
fechas2/train/fechas2_002961.en.wav,this coming tuesday thank you | next_day('tuesday')
fechas2/train/fechas2_002962.en.wav,the day after tomorrow please | relative_day(+2)
fechas2/train/fechas2_002963.en.wav,in three days | relative_day(+3)
fechas2/train/fechas2_002964.en.wav,please next wednesday | next_day('wednesday')
fechas2/train/fechas2_002965.en.wav,monday | next_day('monday')
fechas2/train/fechas2_002966.en.wav,the following friday | next_day('friday')
fechas2/train/fechas2_002967.en.wav,wednesday | next_day('wednesday')
fechas2/train/fechas2_002968.en.wav,monday | next_day('monday')
fechas2/train/fechas2_002969.en.wav,the following thursday | next_day('thursday')
fechas2/train/fechas2_002970.en.wav,this coming wednesday | next_day('wednesday')
fechas2/train/fechas2_002971.en.wav,next tuesday please | next_day('tuesday')
fechas2/train/fechas2_002972.en.wav,the following monday thanks | next_day('monday')
fechas2/train/fechas2_002973.en.wav,next thursday thank you | next_day('thursday')
fechas2/train/fechas2_002974.en.wav,please on tuesday | next_day('tuesday')
fechas2/train/fechas2_002975.en.wav,next thursday please | next_day('thursday')
fechas2/train/fechas2_002976.en.wav,tomorrow | relative_day(+1)
fechas2/train/fechas2_002977.en.wav,this monday | next_day('monday')
fechas2/train/fechas2_002978.en.wav,please next thursday | next_day('thursday')
fechas2/train/fechas2_002979.en.wav,the day after tomorrow | relative_day(+2)
fechas2/train/fechas2_002980.en.wav,please in a couple of days | relative_day(+2)
fechas2/train/fechas2_002981.en.wav,this coming tuesday | next_day('tuesday')
fechas2/train/fechas2_002982.en.wav,please next friday | next_day('friday')
fechas2/train/fechas2_002983.en.wav,next thursday please | next_day('thursday')
fechas2/train/fechas2_002984.en.wav,friday | next_day('friday')
fechas2/train/fechas2_002985.en.wav,this wednesday thank you | next_day('wednesday')
fechas2/train/fechas2_002986.en.wav,next wednesday | next_day('wednesday')
fechas2/train/fechas2_002987.en.wav,next monday | next_day('monday')
fechas2/train/fechas2_002988.en.wav,next wednesday thank you | next_day('wednesday')
fechas2/train/fechas2_002989.en.wav,in three days please | relative_day(+3)
fechas2/train/fechas2_002990.en.wav,please next tuesday | next_day('tuesday')
fechas2/train/fechas2_002991.en.wav,next tuesday thank you | next_day('tuesday')
fechas2/train/fechas2_002992.en.wav,next monday | next_day('monday')
fechas2/train/fechas2_002993.en.wav,next wednesday | next_day('wednesday')
fechas2/train/fechas2_002994.en.wav,next wednesday | next_day('wednesday')
fechas2/train/fechas2_002995.en.wav,the following thursday | next_day('thursday')
fechas2/train/fechas2_002996.en.wav,next tuesday thanks | next_day('tuesday')
fechas2/train/fechas2_002997.en.wav,next thursday | next_day('thursday')
fechas2/train/fechas2_002998.en.wav,in three days | relative_day(+3)
fechas2/train/fechas2_002999.en.wav,next tuesday please | next_day('tuesday')
fechas2/train/fechas2_003000.en.wav,wednesday thank you | next_day('wednesday')
fechas2/train/fechas2_003001.en.wav,next friday | next_day('friday')
fechas2/train/fechas2_003002.en.wav,please next thursday | next_day('thursday')
fechas2/train/fechas2_003003.en.wav,this monday please | next_day('monday')
fechas2/train/fechas2_003004.en.wav,in three days | relative_day(+3)
fechas2/train/fechas2_003005.en.wav,next tuesday | next_day('tuesday')
fechas2/train/fechas2_003006.en.wav,thursday | next_day('thursday')
fechas2/train/fechas2_003007.en.wav,this thursday | next_day('thursday')
fechas2/train/fechas2_003008.en.wav,next monday | next_day('monday')
fechas2/train/fechas2_003009.en.wav,in three days | relative_day(+3)
fechas2/train/fechas2_003010.en.wav,please in a couple of days | relative_day(+2)
fechas2/train/fechas2_003011.en.wav,next tuesday please | next_day('tuesday')
fechas2/train/fechas2_003012.en.wav,next wednesday | next_day('wednesday')
fechas2/train/fechas2_003013.en.wav,in three days | relative_day(+3)
fechas2/train/fechas2_003014.en.wav,next monday | next_day('monday')
fechas2/train/fechas2_003015.en.wav,wednesday | next_day('wednesday')
fechas2/train/fechas2_003016.en.wav,this coming friday | next_day('friday')
fechas2/train/fechas2_003017.en.wav,please this coming wednesday | next_day('wednesday')
fechas2/train/fechas2_003018.en.wav,this monday | next_day('monday')
fechas2/train/fechas2_003019.en.wav,in three days please | relative_day(+3)
fechas2/train/fechas2_003020.en.wav,next friday | next_day('friday')
fechas2/train/fechas2_003021.en.wav,this coming tuesday please | next_day('tuesday')
fechas2/train/fechas2_003022.en.wav,in a couple of days | relative_day(+2)
fechas2/train/fechas2_003023.en.wav,in a couple of days please | relative_day(+2)
fechas2/train/fechas2_003024.en.wav,this coming wednesday please | next_day('wednesday')
fechas2/train/fechas2_003025.en.wav,this tuesday thank you | next_day('tuesday')
fechas2/train/fechas2_003026.en.wav,this coming thursday | next_day('thursday')
fechas2/train/fechas2_003027.en.wav,in a couple of days | relative_day(+2)
fechas2/train/fechas2_003028.en.wav,monday | next_day('monday')
fechas2/train/fechas2_003029.en.wav,wednesday | next_day('wednesday')
fechas2/train/fechas2_003030.en.wav,this coming friday | next_day('friday')
fechas2/train/fechas2_003031.en.wav,in a couple of days thanks | relative_day(+2)
fechas2/train/fechas2_003032.en.wav,the following thursday | next_day('thursday')
fechas2/train/fechas2_003033.en.wav,next friday | next_day('friday')
fechas2/train/fechas2_003034.en.wav,tuesday | next_day('tuesday')
fechas2/train/fechas2_003035.en.wav,next tuesday | next_day('tuesday')
fechas2/train/fechas2_003036.en.wav,this coming friday | next_day('friday')
fechas2/train/fechas2_003037.en.wav,next thursday thank you | next_day('thursday')
fechas2/train/fechas2_003038.en.wav,next wednesday please | next_day('wednesday')
fechas2/train/fechas2_003039.en.wav,next wednesday | next_day('wednesday')
fechas2/train/fechas2_003040.en.wav,please next wednesday | next_day('wednesday')
fechas2/train/fechas2_003041.en.wav,in three days | relative_day(+3)
fechas2/train/fechas2_003042.en.wav,this monday | next_day('monday')
fechas2/train/fechas2_003043.en.wav,next wednesday | next_day('wednesday')
fechas2/train/fechas2_003044.en.wav,next wednesday | next_day('wednesday')
fechas2/train/fechas2_003045.en.wav,this coming friday thank you | next_day('friday')
fechas2/train/fechas2_003046.en.wav,this coming thursday | next_day('thursday')
fechas2/train/fechas2_003047.en.wav,the day after tomorrow please | relative_day(+2)
fechas2/train/fechas2_003048.en.wav,the following friday | next_day('friday')
fechas2/train/fechas2_003049.en.wav,the day after tomorrow | relative_day(+2)
fechas2/train/fechas2_003050.en.wav,this coming thursday please | next_day('thursday')
fechas2/train/fechas2_003051.en.wav,this friday please | next_day('friday')
fechas2/train/fechas2_003052.en.wav,this coming friday please | next_day('friday')
fechas2/train/fechas2_003053.en.wav,next wednesday | next_day('wednesday')
fechas2/train/fechas2_003054.en.wav,this monday thank you | next_day('monday')
fechas2/train/fechas2_003055.en.wav,next tuesday | next_day('tuesday')
fechas2/train/fechas2_003056.en.wav,this coming monday | next_day('monday')
fechas2/train/fechas2_003057.en.wav,next wednesday please | next_day('wednesday')
fechas2/train/fechas2_003058.en.wav,this tuesday thank you | next_day('tuesday')
fechas2/train/fechas2_003059.en.wav,wednesday | next_day('wednesday')
fechas2/train/fechas2_003060.en.wav,next friday | next_day('friday')
fechas2/train/fechas2_003061.en.wav,monday | next_day('monday')
fechas2/train/fechas2_003062.en.wav,tomorrow | relative_day(+1)
fechas2/train/fechas2_003063.en.wav,the day after tomorrow thanks | relative_day(+2)
fechas2/train/fechas2_003064.en.wav,this tuesday please | next_day('tuesday')
fechas2/train/fechas2_003065.en.wav,in a couple of days | relative_day(+2)
fechas2/train/fechas2_003066.en.wav,this coming friday thanks | next_day('friday')
fechas2/train/fechas2_003067.en.wav,in a couple of days | relative_day(+2)
fechas2/train/fechas2_003068.en.wav,please next monday | next_day('monday')
fechas2/train/fechas2_003069.en.wav,in a couple of days please | relative_day(+2)
fechas2/train/fechas2_003070.en.wav,in a couple of days | relative_day(+2)
fechas2/train/fechas2_003071.en.wav,this coming wednesday | next_day('wednesday')
fechas2/train/fechas2_003072.en.wav,tomorrow thank you | relative_day(+1)
fechas2/train/fechas2_003073.en.wav,next thursday | next_day('thursday')
fechas2/train/fechas2_003074.en.wav,next thursday | next_day('thursday')
fechas2/train/fechas2_003075.en.wav,tuesday | next_day('tuesday')
fechas2/train/fechas2_003076.en.wav,this coming friday | next_day('friday')
fechas2/train/fechas2_003077.en.wav,next monday please | next_day('monday')
fechas2/train/fechas2_003078.en.wav,thursday | next_day('thursday')
fechas2/train/fechas2_003079.en.wav,please next wednesday | next_day('wednesday')
fechas2/train/fechas2_003080.en.wav,in three days | relative_day(+3)
fechas2/train/fechas2_003081.en.wav,this monday thank you | next_day('monday')
fechas2/train/fechas2_003082.en.wav,next thursday | next_day('thursday')
fechas2/train/fechas2_003083.en.wav,please next friday | next_day('friday')
fechas2/train/fechas2_003084.en.wav,the following monday | next_day('monday')
fechas2/train/fechas2_003085.en.wav,next tuesday | next_day('tuesday')
fechas2/train/fechas2_003086.en.wav,in three days | relative_day(+3)
fechas2/train/fechas2_003087.en.wav,next wednesday | next_day('wednesday')
fechas2/train/fechas2_003088.en.wav,next wednesday thank you | next_day('wednesday')
fechas2/train/fechas2_003089.en.wav,please on thursday | next_day('thursday')
fechas2/train/fechas2_003090.en.wav,next wednesday | next_day('wednesday')
fechas2/train/fechas2_003091.en.wav,tuesday | next_day('tuesday')
fechas2/train/fechas2_003092.en.wav,please in a couple of days | relative_day(+2)
fechas2/train/fechas2_003093.en.wav,next tuesday | next_day('tuesday')
fechas2/train/fechas2_003094.en.wav,next tuesday | next_day('tuesday')
fechas2/train/fechas2_003095.en.wav,next friday | next_day('friday')
fechas2/train/fechas2_003096.en.wav,this tuesday | next_day('tuesday')
fechas2/train/fechas2_003097.en.wav,please next friday | next_day('friday')
fechas2/train/fechas2_003098.en.wav,this monday | next_day('monday')
fechas2/train/fechas2_003099.en.wav,this tuesday | next_day('tuesday')
fechas2/train/fechas2_003100.en.wav,the day after tomorrow | relative_day(+2)
fechas2/train/fechas2_003101.en.wav,wednesday thank you | next_day('wednesday')
fechas2/train/fechas2_003102.en.wav,please on wednesday | next_day('wednesday')
fechas2/train/fechas2_003103.en.wav,next wednesday thank you | next_day('wednesday')
fechas2/train/fechas2_003104.en.wav,in three days please | relative_day(+3)
fechas2/train/fechas2_003105.en.wav,next friday please | next_day('friday')
fechas2/train/fechas2_003106.en.wav,next tuesday | next_day('tuesday')
fechas2/train/fechas2_003107.en.wav,tuesday | next_day('tuesday')
fechas2/train/fechas2_003108.en.wav,in three days | relative_day(+3)
fechas2/train/fechas2_003109.en.wav,in a couple of days | relative_day(+2)
fechas2/train/fechas2_003110.en.wav,this wednesday | next_day('wednesday')
fechas2/train/fechas2_003111.en.wav,in three days | relative_day(+3)
fechas2/train/fechas2_003112.en.wav,next thursday please | next_day('thursday')
fechas2/train/fechas2_003113.en.wav,in a couple of days please | relative_day(+2)
fechas2/train/fechas2_003114.en.wav,this tuesday | next_day('tuesday')
fechas2/train/fechas2_003115.en.wav,this coming thursday please | next_day('thursday')
fechas2/train/fechas2_003116.en.wav,next monday thank you | next_day('monday')
fechas2/train/fechas2_003117.en.wav,tuesday | next_day('tuesday')
fechas2/train/fechas2_003118.en.wav,the day after tomorrow | relative_day(+2)
fechas2/train/fechas2_003119.en.wav,this coming friday thanks | next_day('friday')
fechas2/train/fechas2_003120.en.wav,please next thursday | next_day('thursday')
fechas2/train/fechas2_003121.en.wav,please in three days | relative_day(+3)
fechas2/train/fechas2_003122.en.wav,please this coming tuesday | next_day('tuesday')
fechas2/train/fechas2_003123.en.wav,in a couple of days please | relative_day(+2)
fechas2/train/fechas2_003124.en.wav,thursday please | next_day('thursday')
fechas2/train/fechas2_003125.en.wav,this coming thursday | next_day('thursday')
fechas2/train/fechas2_003126.en.wav,in a couple of days | relative_day(+2)
fechas2/train/fechas2_003127.en.wav,please in a couple of days | relative_day(+2)
fechas2/train/fechas2_003128.en.wav,the day after tomorrow | relative_day(+2)
fechas2/train/fechas2_003129.en.wav,please this coming thursday | next_day('thursday')
fechas2/train/fechas2_003130.en.wav,in three days please | relative_day(+3)
fechas2/train/fechas2_003131.en.wav,next wednesday | next_day('wednesday')
fechas2/train/fechas2_003132.en.wav,next thursday | next_day('thursday')
fechas2/train/fechas2_003133.en.wav,next thursday | next_day('thursday')
fechas2/train/fechas2_003134.en.wav,in a couple of days | relative_day(+2)
fechas2/train/fechas2_003135.en.wav,this coming tuesday | next_day('tuesday')
fechas2/train/fechas2_003136.en.wav,next tuesday thank you | next_day('tuesday')
fechas2/train/fechas2_003137.en.wav,please in three days | relative_day(+3)
fechas2/train/fechas2_003138.en.wav,this thursday | next_day('thursday')
fechas2/train/fechas2_003139.en.wav,in a couple of days | relative_day(+2)
fechas2/train/fechas2_003140.en.wav,this coming wednesday please | next_day('wednesday')
fechas2/train/fechas2_003141.en.wav,this thursday thank you | next_day('thursday')
fechas2/train/fechas2_003142.en.wav,this tuesday | next_day('tuesday')
fechas2/train/fechas2_003143.en.wav,next wednesday | next_day('wednesday')
fechas2/train/fechas2_003144.en.wav,next thursday | next_day('thursday')
fechas2/train/fechas2_003145.en.wav,this wednesday thank you | next_day('wednesday')
fechas2/train/fechas2_003146.en.wav,tuesday | next_day('tuesday')
fechas2/train/fechas2_003147.en.wav,this tuesday | next_day('tuesday')
fechas2/train/fechas2_003148.en.wav,this coming friday | next_day('friday')
fechas2/train/fechas2_003149.en.wav,wednesday please | next_day('wednesday')
fechas2/train/fechas2_003150.en.wav,tomorrow | relative_day(+1)
fechas2/train/fechas2_003151.en.wav,this monday | next_day('monday')
fechas2/train/fechas2_003152.en.wav,next friday please | next_day('friday')
fechas2/train/fechas2_003153.en.wav,please next friday | next_day('friday')
fechas2/train/fechas2_003154.en.wav,tuesday | next_day('tuesday')
fechas2/train/fechas2_003155.en.wav,in a couple of days please | relative_day(+2)
fechas2/train/fechas2_003156.en.wav,next tuesday | next_day('tuesday')
fechas2/train/fechas2_003157.en.wav,in a couple of days please | relative_day(+2)
fechas2/train/fechas2_003158.en.wav,in a couple of days | relative_day(+2)
fechas2/train/fechas2_003159.en.wav,wednesday | next_day('wednesday')
fechas2/train/fechas2_003160.en.wav,next friday please | next_day('friday')
fechas2/train/fechas2_003161.en.wav,please in a couple of days | relative_day(+2)
fechas2/train/fechas2_003162.en.wav,this tuesday | next_day('tuesday')
fechas2/train/fechas2_003163.en.wav,in three days | relative_day(+3)
fechas2/train/fechas2_003164.en.wav,in a couple of days thanks | relative_day(+2)
fechas2/train/fechas2_003165.en.wav,next wednesday | next_day('wednesday')
fechas2/train/fechas2_003166.en.wav,tuesday please | next_day('tuesday')
fechas2/train/fechas2_003167.en.wav,please in three days | relative_day(+3)
fechas2/train/fechas2_003168.en.wav,please in three days | relative_day(+3)
fechas2/train/fechas2_003169.en.wav,next tuesday | next_day('tuesday')
fechas2/train/fechas2_003170.en.wav,please next friday | next_day('friday')
fechas2/train/fechas2_003171.en.wav,wednesday | next_day('wednesday')
fechas2/train/fechas2_003172.en.wav,the day after tomorrow | relative_day(+2)
fechas2/train/fechas2_003173.en.wav,this friday | next_day('friday')
fechas2/train/fechas2_003174.en.wav,next friday | next_day('friday')
fechas2/train/fechas2_003175.en.wav,the day after tomorrow thanks | relative_day(+2)
fechas2/train/fechas2_003176.en.wav,next tuesday | next_day('tuesday')
fechas2/train/fechas2_003177.en.wav,next friday | next_day('friday')
fechas2/train/fechas2_003178.en.wav,please tomorrow | relative_day(+1)
fechas2/train/fechas2_003179.en.wav,next thursday | next_day('thursday')
fechas2/train/fechas2_003180.en.wav,next thursday | next_day('thursday')
fechas2/train/fechas2_003181.en.wav,in three days please | relative_day(+3)
fechas2/train/fechas2_003182.en.wav,please in a couple of days | relative_day(+2)
fechas2/train/fechas2_003183.en.wav,next wednesday please | next_day('wednesday')
fechas2/train/fechas2_003184.en.wav,next tuesday thanks | next_day('tuesday')
fechas2/train/fechas2_003185.en.wav,next monday | next_day('monday')
fechas2/train/fechas2_003186.en.wav,monday thank you | next_day('monday')
fechas2/train/fechas2_003187.en.wav,next tuesday | next_day('tuesday')
fechas2/train/fechas2_003188.en.wav,next thursday please | next_day('thursday')
fechas2/train/fechas2_003189.en.wav,in a couple of days | relative_day(+2)
fechas2/train/fechas2_003190.en.wav,tomorrow please | relative_day(+1)
fechas2/train/fechas2_003191.en.wav,on monday please | next_day('monday')
fechas2/train/fechas2_003192.en.wav,next monday | next_day('monday')
fechas2/train/fechas2_003193.en.wav,next thursday thank you | next_day('thursday')
fechas2/train/fechas2_003194.en.wav,tuesday please | next_day('tuesday')
fechas2/train/fechas2_003195.en.wav,this thursday | next_day('thursday')
fechas2/train/fechas2_003196.en.wav,tomorrow | relative_day(+1)
fechas2/train/fechas2_003197.en.wav,this coming monday | next_day('monday')
fechas2/train/fechas2_003198.en.wav,in a couple of days thanks | relative_day(+2)
fechas2/train/fechas2_003199.en.wav,in a couple of days | relative_day(+2)
fechas2/train/fechas2_003200.en.wav,tomorrow please | relative_day(+1)
fechas2/train/fechas2_003201.en.wav,friday | next_day('friday')
fechas2/train/fechas2_003202.en.wav,next monday | next_day('monday')
fechas2/train/fechas2_003203.en.wav,this monday | next_day('monday')
fechas2/train/fechas2_003204.en.wav,next friday thank you | next_day('friday')
fechas2/train/fechas2_003205.en.wav,tuesday please | next_day('tuesday')
fechas2/train/fechas2_003206.en.wav,please this coming tuesday | next_day('tuesday')
fechas2/train/fechas2_003207.en.wav,tuesday please | next_day('tuesday')
fechas2/train/fechas2_003208.en.wav,please next wednesday | next_day('wednesday')
fechas2/train/fechas2_003209.en.wav,this thursday | next_day('thursday')
fechas2/train/fechas2_003210.en.wav,please next tuesday | next_day('tuesday')
fechas2/train/fechas2_003211.en.wav,please on tuesday | next_day('tuesday')
fechas2/train/fechas2_003212.en.wav,next wednesday thank you | next_day('wednesday')
fechas2/train/fechas2_003213.en.wav,tomorrow | relative_day(+1)
fechas2/train/fechas2_003214.en.wav,next wednesday please | next_day('wednesday')
fechas2/train/fechas2_003215.en.wav,please this coming thursday | next_day('thursday')
fechas2/train/fechas2_003216.en.wav,next friday thank you | next_day('friday')
fechas2/train/fechas2_003217.en.wav,next wednesday | next_day('wednesday')
fechas2/train/fechas2_003218.en.wav,next friday | next_day('friday')
fechas2/train/fechas2_003219.en.wav,next monday | next_day('monday')
fechas2/train/fechas2_003220.en.wav,friday | next_day('friday')
fechas2/train/fechas2_003221.en.wav,friday please | next_day('friday')
fechas2/train/fechas2_003222.en.wav,monday thank you | next_day('monday')
fechas2/train/fechas2_003223.en.wav,next tuesday | next_day('tuesday')
fechas2/train/fechas2_003224.en.wav,next thursday please | next_day('thursday')
fechas2/train/fechas2_003225.en.wav,next thursday | next_day('thursday')
fechas2/train/fechas2_003226.en.wav,please next thursday | next_day('thursday')
fechas2/train/fechas2_003227.en.wav,the following friday | next_day('friday')
fechas2/train/fechas2_003228.en.wav,next thursday thank you | next_day('thursday')
fechas2/train/fechas2_003229.en.wav,the day after tomorrow please | relative_day(+2)
fechas2/train/fechas2_003230.en.wav,thursday | next_day('thursday')
fechas2/train/fechas2_003231.en.wav,next monday | next_day('monday')
fechas2/train/fechas2_003232.en.wav,tomorrow | relative_day(+1)
fechas2/train/fechas2_003233.en.wav,please this wednesday | next_day('wednesday')
fechas2/train/fechas2_003234.en.wav,this coming monday thanks | next_day('monday')
fechas2/train/fechas2_003235.en.wav,this coming tuesday please | next_day('tuesday')
fechas2/train/fechas2_003236.en.wav,next friday | next_day('friday')
fechas2/train/fechas2_003237.en.wav,please this coming friday | next_day('friday')
fechas2/train/fechas2_003238.en.wav,in three days | relative_day(+3)
fechas2/train/fechas2_003239.en.wav,next thursday please | next_day('thursday')
fechas2/train/fechas2_003240.en.wav,the following wednesday | next_day('wednesday')
fechas2/train/fechas2_003241.en.wav,in a couple of days | relative_day(+2)
fechas2/train/fechas2_003242.en.wav,next monday | next_day('monday')
fechas2/train/fechas2_003243.en.wav,in three days | relative_day(+3)
fechas2/train/fechas2_003244.en.wav,please on tuesday | next_day('tuesday')
fechas2/train/fechas2_003245.en.wav,next thursday please | next_day('thursday')
fechas2/train/fechas2_003246.en.wav,please this coming thursday | next_day('thursday')
fechas2/train/fechas2_003247.en.wav,next wednesday | next_day('wednesday')
fechas2/train/fechas2_003248.en.wav,this coming friday thank you | next_day('friday')
fechas2/train/fechas2_003249.en.wav,in three days please | relative_day(+3)
fechas2/train/fechas2_003250.en.wav,in three days | relative_day(+3)
fechas2/train/fechas2_003251.en.wav,this friday | next_day('friday')
fechas2/train/fechas2_003252.en.wav,this tuesday | next_day('tuesday')
fechas2/train/fechas2_003253.en.wav,in a couple of days | relative_day(+2)
fechas2/train/fechas2_003254.en.wav,in three days | relative_day(+3)
fechas2/train/fechas2_003255.en.wav,monday | next_day('monday')
fechas2/train/fechas2_003256.en.wav,monday | next_day('monday')
fechas2/train/fechas2_003257.en.wav,this thursday | next_day('thursday')
fechas2/train/fechas2_003258.en.wav,in three days | relative_day(+3)
fechas2/train/fechas2_003259.en.wav,this friday | next_day('friday')
fechas2/train/fechas2_003260.en.wav,in three days | relative_day(+3)
fechas2/train/fechas2_003261.en.wav,in three days thanks | relative_day(+3)
fechas2/train/fechas2_003262.en.wav,monday | next_day('monday')
fechas2/train/fechas2_003263.en.wav,tomorrow please | relative_day(+1)
fechas2/train/fechas2_003264.en.wav,next friday | next_day('friday')
fechas2/train/fechas2_003265.en.wav,this thursday | next_day('thursday')
fechas2/train/fechas2_003266.en.wav,next wednesday | next_day('wednesday')
fechas2/train/fechas2_003267.en.wav,this coming monday | next_day('monday')
fechas2/train/fechas2_003268.en.wav,in three days please | relative_day(+3)
fechas2/train/fechas2_003269.en.wav,next wednesday | next_day('wednesday')
fechas2/train/fechas2_003270.en.wav,the day after tomorrow | relative_day(+2)
fechas2/train/fechas2_003271.en.wav,in three days thanks | relative_day(+3)
fechas2/train/fechas2_003272.en.wav,this friday | next_day('friday')
fechas2/train/fechas2_003273.en.wav,tomorrow | relative_day(+1)
fechas2/train/fechas2_003274.en.wav,in a couple of days | relative_day(+2)
fechas2/train/fechas2_003275.en.wav,friday | next_day('friday')
fechas2/train/fechas2_003276.en.wav,this coming friday | next_day('friday')
fechas2/train/fechas2_003277.en.wav,this coming thursday thank you | next_day('thursday')
fechas2/train/fechas2_003278.en.wav,this tuesday | next_day('tuesday')
fechas2/train/fechas2_003279.en.wav,please in a couple of days | relative_day(+2)
fechas2/train/fechas2_003280.en.wav,next wednesday | next_day('wednesday')
fechas2/train/fechas2_003281.en.wav,next friday | next_day('friday')
fechas2/train/fechas2_003282.en.wav,please next friday | next_day('friday')
fechas2/train/fechas2_003283.en.wav,monday thank you | next_day('monday')
fechas2/train/fechas2_003284.en.wav,please in three days | relative_day(+3)
fechas2/train/fechas2_003285.en.wav,this wednesday | next_day('wednesday')
fechas2/train/fechas2_003286.en.wav,in a couple of days thanks | relative_day(+2)
fechas2/train/fechas2_003287.en.wav,this monday thank you | next_day('monday')
fechas2/train/fechas2_003288.en.wav,next monday please | next_day('monday')
fechas2/train/fechas2_003289.en.wav,in a couple of days thanks | relative_day(+2)
fechas2/train/fechas2_003290.en.wav,next friday thank you | next_day('friday')
fechas2/train/fechas2_003291.en.wav,thursday | next_day('thursday')
fechas2/train/fechas2_003292.en.wav,thursday thank you | next_day('thursday')
fechas2/train/fechas2_003293.en.wav,tomorrow | relative_day(+1)
fechas2/train/fechas2_003294.en.wav,this thursday | next_day('thursday')
fechas2/train/fechas2_003295.en.wav,next thursday | next_day('thursday')
fechas2/train/fechas2_003296.en.wav,please next tuesday | next_day('tuesday')
fechas2/train/fechas2_003297.en.wav,this coming wednesday please | next_day('wednesday')
fechas2/train/fechas2_003298.en.wav,the following tuesday | next_day('tuesday')
fechas2/train/fechas2_003299.en.wav,next thursday | next_day('thursday')
fechas2/train/fechas2_003300.en.wav,this coming tuesday | next_day('tuesday')
fechas2/train/fechas2_003301.en.wav,next tuesday | next_day('tuesday')
fechas2/train/fechas2_003302.en.wav,please next monday | next_day('monday')
fechas2/train/fechas2_003303.en.wav,this thursday | next_day('thursday')
fechas2/train/fechas2_003304.en.wav,next friday | next_day('friday')
fechas2/train/fechas2_003305.en.wav,the day after tomorrow thanks | relative_day(+2)
fechas2/train/fechas2_003306.en.wav,next thursday please | next_day('thursday')
fechas2/train/fechas2_003307.en.wav,thursday thank you | next_day('thursday')
fechas2/train/fechas2_003308.en.wav,this coming friday | next_day('friday')
fechas2/train/fechas2_003309.en.wav,next wednesday | next_day('wednesday')
fechas2/train/fechas2_003310.en.wav,monday | next_day('monday')
fechas2/train/fechas2_003311.en.wav,please next friday | next_day('friday')
fechas2/train/fechas2_003312.en.wav,next wednesday | next_day('wednesday')
fechas2/train/fechas2_003313.en.wav,tomorrow | relative_day(+1)
fechas2/train/fechas2_003314.en.wav,next thursday | next_day('thursday')
fechas2/train/fechas2_003315.en.wav,this monday | next_day('monday')
fechas2/train/fechas2_003316.en.wav,next monday thank you | next_day('monday')
fechas2/train/fechas2_003317.en.wav,next wednesday | next_day('wednesday')
fechas2/train/fechas2_003318.en.wav,next tuesday | next_day('tuesday')
fechas2/train/fechas2_003319.en.wav,this coming tuesday | next_day('tuesday')
fechas2/train/fechas2_003320.en.wav,next friday | next_day('friday')
fechas2/train/fechas2_003321.en.wav,tomorrow thank you | relative_day(+1)
fechas2/train/fechas2_003322.en.wav,in three days | relative_day(+3)
fechas2/train/fechas2_003323.en.wav,next monday | next_day('monday')
fechas2/train/fechas2_003324.en.wav,next thursday | next_day('thursday')
fechas2/train/fechas2_003325.en.wav,this coming wednesday please | next_day('wednesday')
fechas2/train/fechas2_003326.en.wav,please this monday | next_day('monday')
fechas2/train/fechas2_003327.en.wav,tuesday | next_day('tuesday')
fechas2/train/fechas2_003328.en.wav,in a couple of days | relative_day(+2)
fechas2/train/fechas2_003329.en.wav,tuesday thank you. | next_day('tuesday')
fechas2/train/fechas2_003330.en.wav,next tuesday | next_day('tuesday')
fechas2/train/fechas2_003331.en.wav,next thursday please | next_day('thursday')
fechas2/train/fechas2_003332.en.wav,tomorrow please | relative_day(+1)
fechas2/train/fechas2_003333.en.wav,please in a couple of days | relative_day(+2)
fechas2/train/fechas2_003334.en.wav,next thursday please | next_day('thursday')
fechas2/train/fechas2_003335.en.wav,next wednesday | next_day('wednesday')
fechas2/train/fechas2_003336.en.wav,please next wednesday | next_day('wednesday')
fechas2/train/fechas2_003337.en.wav,in a couple of days please | relative_day(+2)
fechas2/train/fechas2_003338.en.wav,next tuesday | next_day('tuesday')
fechas2/train/fechas2_003339.en.wav,in three days | relative_day(+3)
fechas2/train/fechas2_003340.en.wav,thursday please | next_day('thursday')
fechas2/train/fechas2_003341.en.wav,this coming friday | next_day('friday')
fechas2/train/fechas2_003342.en.wav,this wednesday thank you | next_day('wednesday')
fechas2/train/fechas2_003343.en.wav,next thursday | next_day('thursday')
fechas2/train/fechas2_003344.en.wav,tuesday | next_day('tuesday')
fechas2/train/fechas2_003345.en.wav,next monday | next_day('monday')
fechas2/train/fechas2_003346.en.wav,please on monday | next_day('monday')
fechas2/train/fechas2_003347.en.wav,in a couple of days | relative_day(+2)
fechas2/train/fechas2_003348.en.wav,next tuesday | next_day('tuesday')
fechas2/train/fechas2_003349.en.wav,the following thursday | next_day('thursday')
fechas2/train/fechas2_003350.en.wav,thursday | next_day('thursday')
fechas2/train/fechas2_003351.en.wav,tomorrow | relative_day(+1)
fechas2/train/fechas2_003352.en.wav,next monday | next_day('monday')
fechas2/train/fechas2_003353.en.wav,this friday | next_day('friday')
fechas2/train/fechas2_003354.en.wav,please next tuesday | next_day('tuesday')
fechas2/train/fechas2_003355.en.wav,next friday | next_day('friday')
fechas2/train/fechas2_003356.en.wav,the following monday thanks | next_day('monday')
fechas2/train/fechas2_003357.en.wav,next friday please | next_day('friday')
fechas2/train/fechas2_003358.en.wav,next monday | next_day('monday')
fechas2/train/fechas2_003359.en.wav,this tuesday | next_day('tuesday')
fechas2/train/fechas2_003360.en.wav,this coming monday | next_day('monday')
fechas2/train/fechas2_003361.en.wav,tomorrow | relative_day(+1)
fechas2/train/fechas2_003362.en.wav,next monday | next_day('monday')
fechas2/train/fechas2_003363.en.wav,monday | next_day('monday')
fechas2/train/fechas2_003364.en.wav,next thursday | next_day('thursday')
fechas2/train/fechas2_003365.en.wav,next friday please | next_day('friday')
fechas2/train/fechas2_003366.en.wav,next tuesday | next_day('tuesday')
fechas2/train/fechas2_003367.en.wav,in a couple of days thanks | relative_day(+2)
fechas2/train/fechas2_003368.en.wav,in a couple of days | relative_day(+2)
fechas2/train/fechas2_003369.en.wav,this wednesday | next_day('wednesday')
fechas2/train/fechas2_003370.en.wav,in three days thanks | relative_day(+3)
fechas2/train/fechas2_003371.en.wav,in three days | relative_day(+3)
fechas2/train/fechas2_003372.en.wav,friday thank you | next_day('friday')
fechas2/train/fechas2_003373.en.wav,next wednesday thank you | next_day('wednesday')
fechas2/train/fechas2_003374.en.wav,the day after tomorrow | relative_day(+2)
fechas2/train/fechas2_003375.en.wav,the following tuesday | next_day('tuesday')
fechas2/train/fechas2_003376.en.wav,please this coming thursday | next_day('thursday')
fechas2/train/fechas2_003377.en.wav,on monday please | next_day('monday')
fechas2/train/fechas2_003378.en.wav,next thursday | next_day('thursday')
fechas2/train/fechas2_003379.en.wav,tomorrow | relative_day(+1)
fechas2/train/fechas2_003380.en.wav,please this coming thursday | next_day('thursday')
fechas2/train/fechas2_003381.en.wav,tuesday | next_day('tuesday')
fechas2/train/fechas2_003382.en.wav,please this friday | next_day('friday')
fechas2/train/fechas2_003383.en.wav,next tuesday please | next_day('tuesday')
fechas2/train/fechas2_003384.en.wav,next thursday | next_day('thursday')
fechas2/train/fechas2_003385.en.wav,in a couple of days | relative_day(+2)
fechas2/train/fechas2_003386.en.wav,next monday | next_day('monday')
fechas2/train/fechas2_003387.en.wav,please next tuesday | next_day('tuesday')
fechas2/train/fechas2_003388.en.wav,this friday | next_day('friday')
fechas2/train/fechas2_003389.en.wav,next thursday | next_day('thursday')
fechas2/train/fechas2_003390.en.wav,in three days | relative_day(+3)
fechas2/train/fechas2_003391.en.wav,next tuesday | next_day('tuesday')
fechas2/train/fechas2_003392.en.wav,this coming thursday | next_day('thursday')
fechas2/train/fechas2_003393.en.wav,this wednesday | next_day('wednesday')
fechas2/train/fechas2_003394.en.wav,next monday please | next_day('monday')
fechas2/train/fechas2_003395.en.wav,please this coming thursday | next_day('thursday')
fechas2/train/fechas2_003396.en.wav,this monday | next_day('monday')
fechas2/train/fechas2_003397.en.wav,next wednesday | next_day('wednesday')
fechas2/train/fechas2_003398.en.wav,next monday please | next_day('monday')
fechas2/train/fechas2_003399.en.wav,next friday thank you | next_day('friday')
fechas2/train/fechas2_003400.en.wav,next tuesday | next_day('tuesday')
fechas2/train/fechas2_003401.en.wav,next friday | next_day('friday')
fechas2/train/fechas2_003402.en.wav,tomorrow | relative_day(+1)
fechas2/train/fechas2_003403.en.wav,tomorrow please | relative_day(+1)
fechas2/train/fechas2_003404.en.wav,in a couple of days | relative_day(+2)
fechas2/train/fechas2_003405.en.wav,this coming friday please | next_day('friday')
fechas2/train/fechas2_003406.en.wav,please this coming monday | next_day('monday')
fechas2/train/fechas2_003407.en.wav,next tuesday | next_day('tuesday')
fechas2/train/fechas2_003408.en.wav,this coming wednesday | next_day('wednesday')
fechas2/train/fechas2_003409.en.wav,please tomorrow | relative_day(+1)
fechas2/train/fechas2_003410.en.wav,friday please | next_day('friday')
fechas2/train/fechas2_003411.en.wav,tomorrow please | relative_day(+1)
fechas2/train/fechas2_003412.en.wav,next thursday | next_day('thursday')
fechas2/train/fechas2_003413.en.wav,next wednesday | next_day('wednesday')
fechas2/train/fechas2_003414.en.wav,the day after tomorrow | relative_day(+2)
fechas2/train/fechas2_003415.en.wav,next monday | next_day('monday')
fechas2/train/fechas2_003416.en.wav,wednesday | next_day('wednesday')
fechas2/train/fechas2_003417.en.wav,next monday | next_day('monday')
fechas2/train/fechas2_003418.en.wav,this tuesday thank you | next_day('tuesday')
fechas2/train/fechas2_003419.en.wav,this tuesday please | next_day('tuesday')
fechas2/train/fechas2_003420.en.wav,this tuesday | next_day('tuesday')
fechas2/train/fechas2_003421.en.wav,please on wednesday | next_day('wednesday')
fechas2/train/fechas2_003422.en.wav,next wednesday thank you | next_day('wednesday')
fechas2/train/fechas2_003423.en.wav,please next wednesday | next_day('wednesday')
fechas2/train/fechas2_003424.en.wav,the following thursday | next_day('thursday')
fechas2/train/fechas2_003425.en.wav,next monday | next_day('monday')
fechas2/train/fechas2_003426.en.wav,this coming monday | next_day('monday')
fechas2/train/fechas2_003427.en.wav,the following monday thanks | next_day('monday')
fechas2/train/fechas2_003428.en.wav,in three days thanks | relative_day(+3)
fechas2/train/fechas2_003429.en.wav,this coming tuesday | next_day('tuesday')
fechas2/train/fechas2_003430.en.wav,in three days | relative_day(+3)
fechas2/train/fechas2_003431.en.wav,this monday | next_day('monday')
fechas2/train/fechas2_003432.en.wav,next friday | next_day('friday')
fechas2/train/fechas2_003433.en.wav,this coming tuesday | next_day('tuesday')
fechas2/train/fechas2_003434.en.wav,tomorrow | relative_day(+1)
fechas2/train/fechas2_003435.en.wav,tomorrow thank you | relative_day(+1)
fechas2/train/fechas2_003436.en.wav,please this wednesday | next_day('wednesday')
fechas2/train/fechas2_003437.en.wav,this coming tuesday | next_day('tuesday')
fechas2/train/fechas2_003438.en.wav,next wednesday | next_day('wednesday')
fechas2/train/fechas2_003439.en.wav,in a couple of days please | relative_day(+2)
fechas2/train/fechas2_003440.en.wav,tuesday please | next_day('tuesday')
fechas2/train/fechas2_003441.en.wav,friday please | next_day('friday')
fechas2/train/fechas2_003442.en.wav,next friday thank you | next_day('friday')
fechas2/train/fechas2_003443.en.wav,this friday | next_day('friday')
fechas2/train/fechas2_003444.en.wav,next monday | next_day('monday')
fechas2/train/fechas2_003445.en.wav,in three days | relative_day(+3)
fechas2/train/fechas2_003446.en.wav,please on friday | next_day('friday')
fechas2/train/fechas2_003447.en.wav,the day after tomorrow | relative_day(+2)
fechas2/train/fechas2_003448.en.wav,this coming thursday thanks | next_day('thursday')
fechas2/train/fechas2_003449.en.wav,wednesday | next_day('wednesday')
fechas2/train/fechas2_003450.en.wav,next friday | next_day('friday')
fechas2/train/fechas2_003451.en.wav,this coming monday thank you | next_day('monday')
fechas2/train/fechas2_003452.en.wav,in three days | relative_day(+3)
fechas2/train/fechas2_003453.en.wav,next monday | next_day('monday')
fechas2/train/fechas2_003454.en.wav,this coming wednesday | next_day('wednesday')
fechas2/train/fechas2_003455.en.wav,the following friday | next_day('friday')
fechas2/train/fechas2_003456.en.wav,in a couple of days | relative_day(+2)
fechas2/train/fechas2_003457.en.wav,next tuesday | next_day('tuesday')
fechas2/train/fechas2_003458.en.wav,this coming wednesday please | next_day('wednesday')
fechas2/train/fechas2_003459.en.wav,next monday thank you | next_day('monday')
fechas2/train/fechas2_003460.en.wav,on monday please | next_day('monday')
fechas2/train/fechas2_003461.en.wav,this coming friday thanks | next_day('friday')
fechas2/train/fechas2_003462.en.wav,next tuesday | next_day('tuesday')
fechas2/train/fechas2_003463.en.wav,in a couple of days | relative_day(+2)
fechas2/train/fechas2_003464.en.wav,the following thursday | next_day('thursday')
fechas2/train/fechas2_003465.en.wav,next wednesday | next_day('wednesday')
fechas2/train/fechas2_003466.en.wav,in a couple of days thanks | relative_day(+2)
fechas2/train/fechas2_003467.en.wav,this tuesday thank you | next_day('tuesday')
fechas2/train/fechas2_003468.en.wav,in a couple of days | relative_day(+2)
fechas2/train/fechas2_003469.en.wav,this friday | next_day('friday')
fechas2/train/fechas2_003470.en.wav,in three days | relative_day(+3)
fechas2/train/fechas2_003471.en.wav,this friday thank you | next_day('friday')
fechas2/train/fechas2_003472.en.wav,this tuesday | next_day('tuesday')
fechas2/train/fechas2_003473.en.wav,monday | next_day('monday')
fechas2/train/fechas2_003474.en.wav,next wednesday | next_day('wednesday')
fechas2/train/fechas2_003475.en.wav,please next wednesday | next_day('wednesday')
fechas2/train/fechas2_003476.en.wav,tomorrow please | relative_day(+1)
fechas2/train/fechas2_003477.en.wav,next friday | next_day('friday')
fechas2/train/fechas2_003478.en.wav,in a couple of days | relative_day(+2)
fechas2/train/fechas2_003479.en.wav,please in a couple of days | relative_day(+2)
fechas2/train/fechas2_003480.en.wav,please this thursday | next_day('thursday')
fechas2/train/fechas2_003481.en.wav,the following friday | next_day('friday')
fechas2/train/fechas2_003482.en.wav,please next tuesday | next_day('tuesday')
fechas2/train/fechas2_003483.en.wav,next wednesday | next_day('wednesday')
fechas2/train/fechas2_003484.en.wav,this monday | next_day('monday')
fechas2/train/fechas2_003485.en.wav,next thursday | next_day('thursday')
fechas2/train/fechas2_003486.en.wav,next thursday | next_day('thursday')
fechas2/train/fechas2_003487.en.wav,next wednesday | next_day('wednesday')
fechas2/train/fechas2_003488.en.wav,in a couple of days | relative_day(+2)
fechas2/train/fechas2_003489.en.wav,in a couple of days thanks | relative_day(+2)
fechas2/train/fechas2_003490.en.wav,next monday | next_day('monday')
fechas2/train/fechas2_003491.en.wav,this tuesday please | next_day('tuesday')
fechas2/train/fechas2_003492.en.wav,next monday | next_day('monday')
fechas2/train/fechas2_003493.en.wav,the following monday thanks | next_day('monday')
fechas2/train/fechas2_003494.en.wav,please on thursday | next_day('thursday')
fechas2/train/fechas2_003495.en.wav,next thursday | next_day('thursday')
fechas2/train/fechas2_003496.en.wav,in three days | relative_day(+3)
fechas2/train/fechas2_003497.en.wav,next friday thank you | next_day('friday')
fechas2/train/fechas2_003498.en.wav,this coming wednesday | next_day('wednesday')
fechas2/train/fechas2_003499.en.wav,the following thursday | next_day('thursday')
fechas2/train/fechas2_003500.en.wav,please next tuesday | next_day('tuesday')
fechas2/train/fechas2_003501.en.wav,this friday | next_day('friday')
fechas2/train/fechas2_003502.en.wav,next monday | next_day('monday')
fechas2/train/fechas2_003503.en.wav,this monday | next_day('monday')
fechas2/train/fechas2_003504.en.wav,this coming thursday please | next_day('thursday')
fechas2/train/fechas2_003505.en.wav,friday please | next_day('friday')
fechas2/train/fechas2_003506.en.wav,this thursday thank you | next_day('thursday')
fechas2/train/fechas2_003507.en.wav,in three days | relative_day(+3)
fechas2/train/fechas2_003508.en.wav,in three days | relative_day(+3)
fechas2/train/fechas2_003509.en.wav,please this monday | next_day('monday')
fechas2/train/fechas2_003510.en.wav,this coming friday | next_day('friday')
fechas2/train/fechas2_003511.en.wav,the day after tomorrow | relative_day(+2)
fechas2/train/fechas2_003512.en.wav,in a couple of days please | relative_day(+2)
fechas2/train/fechas2_003513.en.wav,tuesday please | next_day('tuesday')
fechas2/train/fechas2_003514.en.wav,this thursday | next_day('thursday')
fechas2/train/fechas2_003515.en.wav,please next thursday | next_day('thursday')
fechas2/train/fechas2_003516.en.wav,next monday | next_day('monday')
fechas2/train/fechas2_003517.en.wav,in a couple of days | relative_day(+2)
fechas2/train/fechas2_003518.en.wav,next tuesday | next_day('tuesday')
fechas2/train/fechas2_003519.en.wav,in a couple of days | relative_day(+2)
fechas2/train/fechas2_003520.en.wav,next thursday | next_day('thursday')
fechas2/train/fechas2_003521.en.wav,next monday | next_day('monday')
fechas2/train/fechas2_003522.en.wav,next wednesday | next_day('wednesday')
fechas2/train/fechas2_003523.en.wav,in a couple of days | relative_day(+2)
fechas2/train/fechas2_003524.en.wav,this coming monday please | next_day('monday')
fechas2/train/fechas2_003525.en.wav,wednesday please | next_day('wednesday')
fechas2/train/fechas2_003526.en.wav,next tuesday | next_day('tuesday')
fechas2/train/fechas2_003527.en.wav,next monday thank you | next_day('monday')
fechas2/train/fechas2_003528.en.wav,in a couple of days | relative_day(+2)
fechas2/train/fechas2_003529.en.wav,next wednesday | next_day('wednesday')
fechas2/train/fechas2_003530.en.wav,this friday please | next_day('friday')
fechas2/train/fechas2_003531.en.wav,next wednesday thank you | next_day('wednesday')
fechas2/train/fechas2_003532.en.wav,the day after tomorrow thanks | relative_day(+2)
fechas2/train/fechas2_003533.en.wav,next friday | next_day('friday')
fechas2/train/fechas2_003534.en.wav,wednesday | next_day('wednesday')
fechas2/train/fechas2_003535.en.wav,this thursday | next_day('thursday')
fechas2/train/fechas2_003536.en.wav,in a couple of days please | relative_day(+2)
fechas2/train/fechas2_003537.en.wav,in three days thanks | relative_day(+3)
fechas2/train/fechas2_003538.en.wav,in three days | relative_day(+3)
fechas2/train/fechas2_003539.en.wav,this coming thursday | next_day('thursday')
fechas2/train/fechas2_003540.en.wav,in three days | relative_day(+3)
fechas2/train/fechas2_003541.en.wav,please on monday | next_day('monday')
fechas2/train/fechas2_003542.en.wav,this coming wednesday | next_day('wednesday')
fechas2/train/fechas2_003543.en.wav,this coming monday | next_day('monday')
fechas2/train/fechas2_003544.en.wav,please next wednesday | next_day('wednesday')
fechas2/train/fechas2_003545.en.wav,this coming friday | next_day('friday')
fechas2/train/fechas2_003546.en.wav,this coming wednesday | next_day('wednesday')
fechas2/train/fechas2_003547.en.wav,wednesday | next_day('wednesday')
fechas2/train/fechas2_003548.en.wav,please this friday | next_day('friday')
fechas2/train/fechas2_003549.en.wav,tuesday | next_day('tuesday')
fechas2/train/fechas2_003550.en.wav,this friday thank you | next_day('friday')
fechas2/train/fechas2_003551.en.wav,the day after tomorrow | relative_day(+2)
fechas2/train/fechas2_003552.en.wav,in a couple of days please | relative_day(+2)
fechas2/train/fechas2_003553.en.wav,tomorrow | relative_day(+1)
fechas2/train/fechas2_003554.en.wav,this coming monday | next_day('monday')
fechas2/train/fechas2_003555.en.wav,in three days | relative_day(+3)
fechas2/train/fechas2_003556.en.wav,next friday please | next_day('friday')
fechas2/train/fechas2_003557.en.wav,this friday | next_day('friday')
fechas2/train/fechas2_003558.en.wav,the day after tomorrow | relative_day(+2)
fechas2/train/fechas2_003559.en.wav,this coming wednesday please | next_day('wednesday')
fechas2/train/fechas2_003560.en.wav,next thursday please | next_day('thursday')
fechas2/train/fechas2_003561.en.wav,please this coming monday | next_day('monday')
fechas2/train/fechas2_003562.en.wav,tuesday please | next_day('tuesday')
fechas2/train/fechas2_003563.en.wav,next friday | next_day('friday')
fechas2/train/fechas2_003564.en.wav,in a couple of days | relative_day(+2)
fechas2/train/fechas2_003565.en.wav,please next friday | next_day('friday')
fechas2/train/fechas2_003566.en.wav,next friday | next_day('friday')
fechas2/train/fechas2_003567.en.wav,the following tuesday | next_day('tuesday')
fechas2/train/fechas2_003568.en.wav,in a couple of days | relative_day(+2)
fechas2/train/fechas2_003569.en.wav,next monday please | next_day('monday')
fechas2/train/fechas2_003570.en.wav,in three days | relative_day(+3)
fechas2/train/fechas2_003571.en.wav,this thursday | next_day('thursday')
fechas2/train/fechas2_003572.en.wav,this monday | next_day('monday')
fechas2/train/fechas2_003573.en.wav,monday | next_day('monday')
fechas2/train/fechas2_003574.en.wav,in three days | relative_day(+3)
fechas2/train/fechas2_003575.en.wav,this coming friday thanks | next_day('friday')
fechas2/train/fechas2_003576.en.wav,thursday | next_day('thursday')
fechas2/train/fechas2_003577.en.wav,next monday please | next_day('monday')
fechas2/train/fechas2_003578.en.wav,this coming tuesday | next_day('tuesday')
fechas2/train/fechas2_003579.en.wav,this wednesday | next_day('wednesday')
fechas2/train/fechas2_003580.en.wav,next monday | next_day('monday')
fechas2/train/fechas2_003581.en.wav,please next friday | next_day('friday')
fechas2/train/fechas2_003582.en.wav,please in a couple of days | relative_day(+2)
fechas2/train/fechas2_003583.en.wav,friday thank you | next_day('friday')
fechas2/train/fechas2_003584.en.wav,next friday | next_day('friday')
fechas2/train/fechas2_003585.en.wav,next wednesday | next_day('wednesday')
fechas2/train/fechas2_003586.en.wav,next tuesday thank you | next_day('tuesday')
fechas2/train/fechas2_003587.en.wav,please this coming wednesday | next_day('wednesday')
fechas2/train/fechas2_003588.en.wav,in three days please | relative_day(+3)
fechas2/train/fechas2_003589.en.wav,in a couple of days | relative_day(+2)
fechas2/train/fechas2_003590.en.wav,this wednesday please | next_day('wednesday')
fechas2/train/fechas2_003591.en.wav,next wednesday | next_day('wednesday')
fechas2/train/fechas2_003592.en.wav,tomorrow | relative_day(+1)
fechas2/train/fechas2_003593.en.wav,in three days | relative_day(+3)
fechas2/train/fechas2_003594.en.wav,next thursday | next_day('thursday')
fechas2/train/fechas2_003595.en.wav,next thursday thank you | next_day('thursday')
fechas2/train/fechas2_003596.en.wav,next wednesday | next_day('wednesday')
fechas2/train/fechas2_003597.en.wav,next friday thank you | next_day('friday')
fechas2/train/fechas2_003598.en.wav,this monday | next_day('monday')
fechas2/train/fechas2_003599.en.wav,in a couple of days | relative_day(+2)
fechas2/train/fechas2_003600.en.wav,the day after tomorrow thanks | relative_day(+2)
fechas2/train/fechas2_003601.en.wav,the day after tomorrow | relative_day(+2)
fechas2/train/fechas2_003602.en.wav,please next monday | next_day('monday')
fechas2/train/fechas2_003603.en.wav,next friday thanks | next_day('friday')
fechas2/train/fechas2_003604.en.wav,this coming thursday | next_day('thursday')
fechas2/train/fechas2_003605.en.wav,next thursday | next_day('thursday')
fechas2/train/fechas2_003606.en.wav,in a couple of days thanks | relative_day(+2)
fechas2/train/fechas2_003607.en.wav,this thursday | next_day('thursday')
fechas2/train/fechas2_003608.en.wav,thursday | next_day('thursday')
fechas2/train/fechas2_003609.en.wav,next tuesday | next_day('tuesday')
fechas2/train/fechas2_003610.en.wav,the day after tomorrow please | relative_day(+2)
fechas2/train/fechas2_003611.en.wav,the following monday | next_day('monday')
fechas2/train/fechas2_003612.en.wav,please next monday | next_day('monday')
fechas2/train/fechas2_003613.en.wav,please next thursday | next_day('thursday')
fechas2/train/fechas2_003614.en.wav,please this coming monday | next_day('monday')
fechas2/train/fechas2_003615.en.wav,next thursday | next_day('thursday')
fechas2/train/fechas2_003616.en.wav,next thursday | next_day('thursday')
fechas2/train/fechas2_003617.en.wav,in three days please | relative_day(+3)
fechas2/train/fechas2_003618.en.wav,the day after tomorrow thanks | relative_day(+2)
fechas2/train/fechas2_003619.en.wav,tuesday | next_day('tuesday')
fechas2/train/fechas2_003620.en.wav,in three days | relative_day(+3)
fechas2/train/fechas2_003621.en.wav,next thursday thank you | next_day('thursday')
fechas2/train/fechas2_003622.en.wav,please next wednesday | next_day('wednesday')
fechas2/train/fechas2_003623.en.wav,this monday | next_day('monday')
fechas2/train/fechas2_003624.en.wav,monday | next_day('monday')
fechas2/train/fechas2_003625.en.wav,please this coming tuesday | next_day('tuesday')
fechas2/train/fechas2_003626.en.wav,next wednesday thank you | next_day('wednesday')
fechas2/train/fechas2_003627.en.wav,in three days thanks | relative_day(+3)
fechas2/train/fechas2_003628.en.wav,this coming tuesday | next_day('tuesday')
fechas2/train/fechas2_003629.en.wav,the following thursday | next_day('thursday')
fechas2/train/fechas2_003630.en.wav,this coming monday thanks | next_day('monday')
fechas2/train/fechas2_003631.en.wav,this coming friday | next_day('friday')
fechas2/train/fechas2_003632.en.wav,please this coming friday | next_day('friday')
fechas2/train/fechas2_003633.en.wav,wednesday | next_day('wednesday')
fechas2/train/fechas2_003634.en.wav,monday | next_day('monday')
fechas2/train/fechas2_003635.en.wav,this coming tuesday | next_day('tuesday')
fechas2/train/fechas2_003636.en.wav,next wednesday thank you | next_day('wednesday')
fechas2/train/fechas2_003637.en.wav,friday | next_day('friday')
fechas2/train/fechas2_003638.en.wav,next friday thank you | next_day('friday')
fechas2/train/fechas2_003639.en.wav,next thursday | next_day('thursday')
fechas2/train/fechas2_003640.en.wav,next wednesday please | next_day('wednesday')
fechas2/train/fechas2_003641.en.wav,in three days thanks | relative_day(+3)
fechas2/train/fechas2_003642.en.wav,in a couple of days please | relative_day(+2)
fechas2/train/fechas2_003643.en.wav,this monday | next_day('monday')
fechas2/train/fechas2_003644.en.wav,next wednesday | next_day('wednesday')
fechas2/train/fechas2_003645.en.wav,friday thank you | next_day('friday')
fechas2/train/fechas2_003646.en.wav,this coming friday | next_day('friday')
fechas2/train/fechas2_003647.en.wav,next monday thank you | next_day('monday')
fechas2/train/fechas2_003648.en.wav,next monday | next_day('monday')
fechas2/train/fechas2_003649.en.wav,this tuesday | next_day('tuesday')
fechas2/train/fechas2_003650.en.wav,this tuesday | next_day('tuesday')
fechas2/train/fechas2_003651.en.wav,next monday | next_day('monday')
fechas2/train/fechas2_003652.en.wav,the day after tomorrow | relative_day(+2)
fechas2/train/fechas2_003653.en.wav,in a couple of days | relative_day(+2)
fechas2/train/fechas2_003654.en.wav,this tuesday | next_day('tuesday')
fechas2/train/fechas2_003655.en.wav,the day after tomorrow please | relative_day(+2)
fechas2/train/fechas2_003656.en.wav,the following monday | next_day('monday')
fechas2/train/fechas2_003657.en.wav,this friday | next_day('friday')
fechas2/train/fechas2_003658.en.wav,the day after tomorrow | relative_day(+2)
fechas2/train/fechas2_003659.en.wav,next monday | next_day('monday')
fechas2/train/fechas2_003660.en.wav,in three days thanks | relative_day(+3)
fechas2/train/fechas2_003661.en.wav,this coming tuesday | next_day('tuesday')
fechas2/train/fechas2_003662.en.wav,this tuesday | next_day('tuesday')
fechas2/train/fechas2_003663.en.wav,please this thursday | next_day('thursday')
fechas2/train/fechas2_003664.en.wav,the following wednesday | next_day('wednesday')
fechas2/train/fechas2_003665.en.wav,next thursday | next_day('thursday')
fechas2/train/fechas2_003666.en.wav,next monday | next_day('monday')
fechas2/train/fechas2_003667.en.wav,please this coming friday | next_day('friday')
fechas2/train/fechas2_003668.en.wav,next thursday | next_day('thursday')
fechas2/train/fechas2_003669.en.wav,in three days thanks | relative_day(+3)
fechas2/train/fechas2_003670.en.wav,this coming tuesday | next_day('tuesday')
fechas2/train/fechas2_003671.en.wav,friday | next_day('friday')
fechas2/train/fechas2_003672.en.wav,next tuesday | next_day('tuesday')
fechas2/train/fechas2_003673.en.wav,the day after tomorrow | relative_day(+2)
fechas2/train/fechas2_003674.en.wav,the day after tomorrow | relative_day(+2)
fechas2/train/fechas2_003675.en.wav,the day after tomorrow please | relative_day(+2)
fechas2/train/fechas2_003676.en.wav,wednesday thank you | next_day('wednesday')
fechas2/train/fechas2_003677.en.wav,this monday | next_day('monday')
fechas2/train/fechas2_003678.en.wav,this monday thank you | next_day('monday')
fechas2/train/fechas2_003679.en.wav,please this friday | next_day('friday')
fechas2/train/fechas2_003680.en.wav,this coming tuesday | next_day('tuesday')
fechas2/train/fechas2_003681.en.wav,in a couple of days | relative_day(+2)
fechas2/train/fechas2_003682.en.wav,next thursday thank you | next_day('thursday')
fechas2/train/fechas2_003683.en.wav,next tuesday | next_day('tuesday')
fechas2/train/fechas2_003684.en.wav,please next wednesday | next_day('wednesday')
fechas2/train/fechas2_003685.en.wav,next friday | next_day('friday')
fechas2/train/fechas2_003686.en.wav,please this coming tuesday | next_day('tuesday')
fechas2/train/fechas2_003687.en.wav,next friday thank you | next_day('friday')
fechas2/train/fechas2_003688.en.wav,this coming monday | next_day('monday')
fechas2/train/fechas2_003689.en.wav,please next tuesday | next_day('tuesday')
fechas2/train/fechas2_003690.en.wav,this coming tuesday | next_day('tuesday')
fechas2/train/fechas2_003691.en.wav,next wednesday thank you | next_day('wednesday')
fechas2/train/fechas2_003692.en.wav,the day after tomorrow | relative_day(+2)
fechas2/train/fechas2_003693.en.wav,next tuesday | next_day('tuesday')
fechas2/train/fechas2_003694.en.wav,day after tomorrow | relative_day(+2)
fechas2/train/fechas2_003695.en.wav,wednesday | next_day('wednesday')
fechas2/train/fechas2_003696.en.wav,please in a couple of days | relative_day(+2)
fechas2/train/fechas2_003697.en.wav,next monday | next_day('monday')
fechas2/train/fechas2_003698.en.wav,wednesday thank you | next_day('wednesday')
fechas2/train/fechas2_003699.en.wav,in a couple of days thanks | relative_day(+2)
fechas2/train/fechas2_003700.en.wav,please on wednesday | next_day('wednesday')
fechas2/train/fechas2_003701.en.wav,wednesday | next_day('wednesday')
fechas2/train/fechas2_003702.en.wav,next wednesday please | next_day('wednesday')
fechas2/train/fechas2_003703.en.wav,tomorrow | relative_day(+1)
fechas2/train/fechas2_003704.en.wav,in three days | relative_day(+3)
fechas2/train/fechas2_003705.en.wav,wednesday please | next_day('wednesday')
fechas2/train/fechas2_003706.en.wav,this wednesday thank you | next_day('wednesday')
fechas2/train/fechas2_003707.en.wav,this monday | next_day('monday')
fechas2/train/fechas2_003708.en.wav,next friday | next_day('friday')
fechas2/train/fechas2_003709.en.wav,this coming friday | next_day('friday')
fechas2/train/fechas2_003710.en.wav,this thursday | next_day('thursday')
fechas2/train/fechas2_003711.en.wav,next wednesday please | next_day('wednesday')
fechas2/train/fechas2_003712.en.wav,please next monday | next_day('monday')
fechas2/train/fechas2_003713.en.wav,tomorrow thank you | relative_day(+1)
fechas2/train/fechas2_003714.en.wav,tomorrow | relative_day(+1)
fechas2/train/fechas2_003715.en.wav,in a couple of days | relative_day(+2)
fechas2/train/fechas2_003716.en.wav,next monday | next_day('monday')
fechas2/train/fechas2_003717.en.wav,next monday | next_day('monday')
fechas2/train/fechas2_003718.en.wav,in three days | relative_day(+3)
fechas2/train/fechas2_003719.en.wav,this coming tuesday | next_day('tuesday')
fechas2/train/fechas2_003720.en.wav,this friday | next_day('friday')
fechas2/train/fechas2_003721.en.wav,in a couple of days | relative_day(+2)
fechas2/train/fechas2_003722.en.wav,tuesday | next_day('tuesday')
fechas2/train/fechas2_003723.en.wav,in three days | relative_day(+3)
fechas2/train/fechas2_003724.en.wav,next friday thank you | next_day('friday')
fechas2/train/fechas2_003725.en.wav,next monday | next_day('monday')
fechas2/train/fechas2_003726.en.wav,this monday please | next_day('monday')
fechas2/train/fechas2_003727.en.wav,in three days | relative_day(+3)
fechas2/train/fechas2_003728.en.wav,in three days | relative_day(+3)
fechas2/train/fechas2_003729.en.wav,please next friday | next_day('friday')
fechas2/train/fechas2_003730.en.wav,friday | next_day('friday')
fechas2/train/fechas2_003731.en.wav,this wednesday | next_day('wednesday')
fechas2/train/fechas2_003732.en.wav,this monday thank you | next_day('monday')
fechas2/train/fechas2_003733.en.wav,next monday | next_day('monday')
fechas2/train/fechas2_003734.en.wav,thursday | next_day('thursday')
fechas2/train/fechas2_003735.en.wav,in a couple of days thanks | relative_day(+2)
fechas2/train/fechas2_003736.en.wav,in a couple of days | relative_day(+2)
fechas2/train/fechas2_003737.en.wav,in three days | relative_day(+3)
fechas2/train/fechas2_003738.en.wav,please this thursday | next_day('thursday')
fechas2/train/fechas2_003739.en.wav,please next thursday | next_day('thursday')
fechas2/train/fechas2_003740.en.wav,wednesday thank you | next_day('wednesday')
fechas2/train/fechas2_003741.en.wav,please in a couple of days | relative_day(+2)
fechas2/train/fechas2_003742.en.wav,next monday | next_day('monday')
fechas2/train/fechas2_003743.en.wav,the following friday | next_day('friday')
fechas2/train/fechas2_003744.en.wav,the following friday | next_day('friday')
fechas2/train/fechas2_003745.en.wav,in three days | relative_day(+3)
fechas2/train/fechas2_003746.en.wav,this tuesday | next_day('tuesday')
fechas2/train/fechas2_003747.en.wav,this monday | next_day('monday')
fechas2/train/fechas2_003748.en.wav,the day after tomorrow | relative_day(+2)
fechas2/train/fechas2_003749.en.wav,this coming monday | next_day('monday')
fechas2/train/fechas2_003750.en.wav,this wednesday | next_day('wednesday')
fechas2/train/fechas2_003751.en.wav,the following friday | next_day('friday')
fechas2/train/fechas2_003752.en.wav,please this monday | next_day('monday')
fechas2/train/fechas2_003753.en.wav,next friday | next_day('friday')
fechas2/train/fechas2_003754.en.wav,on monday please | next_day('monday')
fechas2/train/fechas2_003755.en.wav,in three days thanks | relative_day(+3)
fechas2/train/fechas2_003756.en.wav,please next monday | next_day('monday')
fechas2/train/fechas2_003757.en.wav,please this coming wednesday | next_day('wednesday')
fechas2/train/fechas2_003758.en.wav,next thursday | next_day('thursday')
fechas2/train/fechas2_003759.en.wav,in three days please | relative_day(+3)
fechas2/train/fechas2_003760.en.wav,please in three days | relative_day(+3)
fechas2/train/fechas2_003761.en.wav,tomorrow thank you | relative_day(+1)
fechas2/train/fechas2_003762.en.wav,this coming friday thanks | next_day('friday')
fechas2/train/fechas2_003763.en.wav,in a couple of days thanks | relative_day(+2)
fechas2/train/fechas2_003764.en.wav,this coming thursday | next_day('thursday')
fechas2/train/fechas2_003765.en.wav,next tuesday | next_day('tuesday')
fechas2/train/fechas2_003766.en.wav,this coming thursday | next_day('thursday')
fechas2/train/fechas2_003767.en.wav,next tuesday please | next_day('tuesday')
fechas2/train/fechas2_003768.en.wav,this coming tuesday please | next_day('tuesday')
fechas2/train/fechas2_003769.en.wav,this thursday thank you | next_day('thursday')
fechas2/train/fechas2_003770.en.wav,next wednesday please | next_day('wednesday')
fechas2/train/fechas2_003771.en.wav,next tuesday | next_day('tuesday')
fechas2/train/fechas2_003772.en.wav,next tuesday | next_day('tuesday')
fechas2/train/fechas2_003773.en.wav,tomorrow | relative_day(+1)
fechas2/train/fechas2_003774.en.wav,this wednesday | next_day('wednesday')
fechas2/train/fechas2_003775.en.wav,next wednesday | next_day('wednesday')
fechas2/train/fechas2_003776.en.wav,this coming thursday | next_day('thursday')
fechas2/train/fechas2_003777.en.wav,this monday | next_day('monday')
fechas2/train/fechas2_003778.en.wav,please on wednesday | next_day('wednesday')
fechas2/train/fechas2_003779.en.wav,this thursday please | next_day('thursday')
fechas2/train/fechas2_003780.en.wav,please this coming wednesday | next_day('wednesday')
fechas2/train/fechas2_003781.en.wav,next friday | next_day('friday')
fechas2/train/fechas2_003782.en.wav,this tuesday | next_day('tuesday')
fechas2/train/fechas2_003783.en.wav,monday | next_day('monday')
fechas2/train/fechas2_003784.en.wav,in three days thanks | relative_day(+3)
fechas2/train/fechas2_003785.en.wav,this thursday thank you | next_day('thursday')
fechas2/train/fechas2_003786.en.wav,please next wednesday | next_day('wednesday')
fechas2/train/fechas2_003787.en.wav,next wednesday | next_day('wednesday')
fechas2/train/fechas2_003788.en.wav,the day after tomorrow | relative_day(+2)
fechas2/train/fechas2_003789.en.wav,next wednesday thanks | next_day('wednesday')
fechas2/train/fechas2_003790.en.wav,tomorrow | relative_day(+1)
fechas2/train/fechas2_003791.en.wav,this coming tuesday | next_day('tuesday')
fechas2/train/fechas2_003792.en.wav,monday | next_day('monday')
fechas2/train/fechas2_003793.en.wav,next tuesday | next_day('tuesday')
fechas2/train/fechas2_003794.en.wav,in a couple of days | relative_day(+2)
fechas2/train/fechas2_003795.en.wav,monday | next_day('monday')
fechas2/train/fechas2_003796.en.wav,this thursday | next_day('thursday')
fechas2/train/fechas2_003797.en.wav,this tuesday | next_day('tuesday')
fechas2/train/fechas2_003798.en.wav,in three days please | relative_day(+3)
fechas2/train/fechas2_003799.en.wav,this coming tuesday please | next_day('tuesday')
fechas2/train/fechas2_003800.en.wav,the day after tomorrow | relative_day(+2)
fechas2/train/fechas2_003801.en.wav,the day after tomorrow thanks | relative_day(+2)
fechas2/train/fechas2_003802.en.wav,please next tuesday | next_day('tuesday')
fechas2/train/fechas2_003803.en.wav,this friday thank you | next_day('friday')
fechas2/train/fechas2_003804.en.wav,this friday | next_day('friday')
fechas2/train/fechas2_003805.en.wav,this tuesday please | next_day('tuesday')
fechas2/train/fechas2_003806.en.wav,in a couple of days | relative_day(+2)
fechas2/train/fechas2_003807.en.wav,the following monday | next_day('monday')
fechas2/train/fechas2_003808.en.wav,next friday please | next_day('friday')
fechas2/train/fechas2_003809.en.wav,this coming wednesday | next_day('wednesday')
fechas2/train/fechas2_003810.en.wav,thursday | next_day('thursday')
fechas2/train/fechas2_003811.en.wav,tomorrow | relative_day(+1)
fechas2/train/fechas2_003812.en.wav,please in three days | relative_day(+3)
fechas2/train/fechas2_003813.en.wav,next tuesday | next_day('tuesday')
fechas2/train/fechas2_003814.en.wav,next friday | next_day('friday')
fechas2/train/fechas2_003815.en.wav,next monday | next_day('monday')
fechas2/train/fechas2_003816.en.wav,in a couple of days | relative_day(+2)
fechas2/train/fechas2_003817.en.wav,tuesday | next_day('tuesday')
fechas2/train/fechas2_003818.en.wav,the following monday | next_day('monday')
fechas2/train/fechas2_003819.en.wav,in three days thanks | relative_day(+3)
fechas2/train/fechas2_003820.en.wav,next thursday | next_day('thursday')
fechas2/train/fechas2_003821.en.wav,in a couple of days thanks | relative_day(+2)
fechas2/train/fechas2_003822.en.wav,the following thursday | next_day('thursday')
fechas2/train/fechas2_003823.en.wav,in a couple of days thanks | relative_day(+2)
fechas2/train/fechas2_003824.en.wav,next thursday please | next_day('thursday')
fechas2/train/fechas2_003825.en.wav,the following tuesday | next_day('tuesday')
fechas2/train/fechas2_003826.en.wav,this friday | next_day('friday')
fechas2/train/fechas2_003827.en.wav,tomorrow please | relative_day(+1)
fechas2/train/fechas2_003828.en.wav,next thursday | next_day('thursday')
fechas2/train/fechas2_003829.en.wav,the day after tomorrow please | relative_day(+2)
fechas2/train/fechas2_003830.en.wav,next tuesday | next_day('tuesday')
fechas2/train/fechas2_003831.en.wav,next wednesday thank you | next_day('wednesday')
fechas2/train/fechas2_003832.en.wav,in three days | relative_day(+3)
fechas2/train/fechas2_003833.en.wav,next thursday thank you | next_day('thursday')
fechas2/train/fechas2_003834.en.wav,please next wednesday | next_day('wednesday')
fechas2/train/fechas2_003835.en.wav,this coming wednesday thank you | next_day('wednesday')
fechas2/train/fechas2_003836.en.wav,this friday thank you | next_day('friday')
fechas2/train/fechas2_003837.en.wav,this thursday | next_day('thursday')
fechas2/train/fechas2_003838.en.wav,in a couple of days please | relative_day(+2)
fechas2/train/fechas2_003839.en.wav,please next friday | next_day('friday')
fechas2/train/fechas2_003840.en.wav,this tuesday thank you | next_day('tuesday')
fechas2/train/fechas2_003841.en.wav,in a couple of days | relative_day(+2)
fechas2/train/fechas2_003842.en.wav,this coming thursday | next_day('thursday')
fechas2/train/fechas2_003843.en.wav,next tuesday please | next_day('tuesday')
fechas2/train/fechas2_003844.en.wav,tuesday | next_day('tuesday')
fechas2/train/fechas2_003845.en.wav,please next wednesday | next_day('wednesday')
fechas2/train/fechas2_003846.en.wav,next monday | next_day('monday')
fechas2/train/fechas2_003847.en.wav,this coming thursday | next_day('thursday')
fechas2/train/fechas2_003848.en.wav,please next monday | next_day('monday')
fechas2/train/fechas2_003849.en.wav,next tuesday | next_day('tuesday')
fechas2/train/fechas2_003850.en.wav,friday | next_day('friday')
fechas2/train/fechas2_003851.en.wav,tuesday please | next_day('tuesday')
fechas2/train/fechas2_003852.en.wav,this coming wednesday | next_day('wednesday')
fechas2/train/fechas2_003853.en.wav,please on wednesday | next_day('wednesday')
fechas2/train/fechas2_003854.en.wav,next thursday please | next_day('thursday')
fechas2/train/fechas2_003855.en.wav,on monday please | next_day('monday')
fechas2/train/fechas2_003856.en.wav,next friday | next_day('friday')
fechas2/train/fechas2_003857.en.wav,next tuesday | next_day('tuesday')
fechas2/train/fechas2_003858.en.wav,thursday | next_day('thursday')
fechas2/train/fechas2_003859.en.wav,this coming friday thanks | next_day('friday')
fechas2/train/fechas2_003860.en.wav,thursday | next_day('thursday')
fechas2/train/fechas2_003861.en.wav,please next wednesday | next_day('wednesday')
fechas2/train/fechas2_003862.en.wav,this wednesday | next_day('wednesday')
fechas2/train/fechas2_003863.en.wav,next thursday please | next_day('thursday')
fechas2/train/fechas2_003864.en.wav,please next monday | next_day('monday')
fechas2/train/fechas2_003865.en.wav,please next wednesday | next_day('wednesday')
fechas2/train/fechas2_003866.en.wav,please this tuesday | next_day('tuesday')
fechas2/train/fechas2_003867.en.wav,next wednesday | next_day('wednesday')
fechas2/train/fechas2_003868.en.wav,friday | next_day('friday')
fechas2/train/fechas2_003869.en.wav,please this coming monday | next_day('monday')
fechas2/train/fechas2_003870.en.wav,in a couple of days | relative_day(+2)
fechas2/train/fechas2_003871.en.wav,tuesday | next_day('tuesday')
fechas2/train/fechas2_003872.en.wav,this wednesday | next_day('wednesday')
fechas2/train/fechas2_003873.en.wav,this monday | next_day('monday')
fechas2/train/fechas2_003874.en.wav,in a couple of days | relative_day(+2)
fechas2/train/fechas2_003875.en.wav,next wednesday | next_day('wednesday')
fechas2/train/fechas2_003876.en.wav,this wednesday thank you | next_day('wednesday')
fechas2/train/fechas2_003877.en.wav,this coming wednesday | next_day('wednesday')
fechas2/train/fechas2_003878.en.wav,wednesday | next_day('wednesday')
fechas2/train/fechas2_003879.en.wav,please in three days | relative_day(+3)
fechas2/train/fechas2_003880.en.wav,the following monday | next_day('monday')
fechas2/train/fechas2_003881.en.wav,thursday | next_day('thursday')
fechas2/train/fechas2_003882.en.wav,thursday thank you | next_day('thursday')
fechas2/train/fechas2_003883.en.wav,thursday | next_day('thursday')
fechas2/train/fechas2_003884.en.wav,this tuesday | next_day('tuesday')
fechas2/train/fechas2_003885.en.wav,tuesday | next_day('tuesday')
fechas2/train/fechas2_003886.en.wav,next thursday | next_day('thursday')
fechas2/train/fechas2_003887.en.wav,in a couple of days thanks | relative_day(+2)
fechas2/train/fechas2_003888.en.wav,next wednesday please | next_day('wednesday')
fechas2/train/fechas2_003889.en.wav,this friday thank you | next_day('friday')
fechas2/train/fechas2_003890.en.wav,next monday | next_day('monday')
fechas2/train/fechas2_003891.en.wav,this coming wednesday | next_day('wednesday')
fechas2/train/fechas2_003892.en.wav,please next thursday | next_day('thursday')
fechas2/train/fechas2_003893.en.wav,in a couple of days please | relative_day(+2)
fechas2/train/fechas2_003894.en.wav,this thursday | next_day('thursday')
fechas2/train/fechas2_003895.en.wav,this coming thursday please | next_day('thursday')
fechas2/train/fechas2_003896.en.wav,this coming thursday | next_day('thursday')
fechas2/train/fechas2_003897.en.wav,the following thursday | next_day('thursday')
fechas2/train/fechas2_003898.en.wav,next friday | next_day('friday')
fechas2/train/fechas2_003899.en.wav,next friday | next_day('friday')
fechas2/train/fechas2_003900.en.wav,please next friday | next_day('friday')
fechas2/train/fechas2_003901.en.wav,friday | next_day('friday')
fechas2/train/fechas2_003902.en.wav,this coming friday thank you | next_day('friday')
fechas2/train/fechas2_003903.en.wav,next monday | next_day('monday')
fechas2/train/fechas2_003904.en.wav,day after tomorrow | relative_day(+2)
fechas2/train/fechas2_003905.en.wav,please next tuesday | next_day('tuesday')
fechas2/train/fechas2_003906.en.wav,the day after tomorrow | relative_day(+2)
fechas2/train/fechas2_003907.en.wav,this thursday | next_day('thursday')
fechas2/train/fechas2_003908.en.wav,next wednesday | next_day('wednesday')
fechas2/train/fechas2_003909.en.wav,thursday please | next_day('thursday')
fechas2/train/fechas2_003910.en.wav,next wednesday | next_day('wednesday')
fechas2/train/fechas2_003911.en.wav,next wednesday please | next_day('wednesday')
fechas2/train/fechas2_003912.en.wav,please this coming friday | next_day('friday')
fechas2/train/fechas2_003913.en.wav,on monday please | next_day('monday')
fechas2/train/fechas2_003914.en.wav,in three days | relative_day(+3)
fechas2/train/fechas2_003915.en.wav,this coming wednesday | next_day('wednesday')
fechas2/train/fechas2_003916.en.wav,next friday thanks | next_day('friday')
fechas2/train/fechas2_003917.en.wav,please next friday | next_day('friday')
fechas2/train/fechas2_003918.en.wav,in a couple of days | relative_day(+2)
fechas2/train/fechas2_003919.en.wav,this tuesday | next_day('tuesday')
fechas2/train/fechas2_003920.en.wav,this wednesday | next_day('wednesday')
fechas2/train/fechas2_003921.en.wav,next wednesday please | next_day('wednesday')
fechas2/train/fechas2_003922.en.wav,this tuesday please | next_day('tuesday')
fechas2/train/fechas2_003923.en.wav,this wednesday | next_day('wednesday')
fechas2/train/fechas2_003924.en.wav,please next wednesday | next_day('wednesday')
fechas2/train/fechas2_003925.en.wav,this thursday thank you | next_day('thursday')
fechas2/train/fechas2_003926.en.wav,this coming monday | next_day('monday')
fechas2/train/fechas2_003927.en.wav,monday | next_day('monday')
fechas2/train/fechas2_003928.en.wav,in three days please | relative_day(+3)
fechas2/train/fechas2_003929.en.wav,tomorrow please | relative_day(+1)
fechas2/train/fechas2_003930.en.wav,next tuesday | next_day('tuesday')
fechas2/train/fechas2_003931.en.wav,the following wednesday | next_day('wednesday')
fechas2/train/fechas2_003932.en.wav,this coming friday | next_day('friday')
fechas2/train/fechas2_003933.en.wav,next monday | next_day('monday')
fechas2/train/fechas2_003934.en.wav,please this thursday | next_day('thursday')
fechas2/train/fechas2_003935.en.wav,this wednesday please | next_day('wednesday')
fechas2/train/fechas2_003936.en.wav,next tuesday please | next_day('tuesday')
fechas2/train/fechas2_003937.en.wav,this thursday | next_day('thursday')
fechas2/train/fechas2_003938.en.wav,in a couple of days please | relative_day(+2)
fechas2/train/fechas2_003939.en.wav,please this coming friday | next_day('friday')
fechas2/train/fechas2_003940.en.wav,next wednesday | next_day('wednesday')
fechas2/train/fechas2_003941.en.wav,next wednesday | next_day('wednesday')
fechas2/train/fechas2_003942.en.wav,tomorrow | relative_day(+1)
fechas2/train/fechas2_003943.en.wav,the following monday thanks | next_day('monday')
fechas2/train/fechas2_003944.en.wav,the day after tomorrow | relative_day(+2)
fechas2/train/fechas2_003945.en.wav,please tomorrow | relative_day(+1)
fechas2/train/fechas2_003946.en.wav,in three days | relative_day(+3)
fechas2/train/fechas2_003947.en.wav,monday | next_day('monday')
fechas2/train/fechas2_003948.en.wav,next tuesday thank you | next_day('tuesday')
fechas2/train/fechas2_003949.en.wav,tuesday | next_day('tuesday')
fechas2/train/fechas2_003950.en.wav,the following monday | next_day('monday')
fechas2/train/fechas2_003951.en.wav,tuesday | next_day('tuesday')
fechas2/train/fechas2_003952.en.wav,the following thursday | next_day('thursday')
fechas2/train/fechas2_003953.en.wav,next tuesday | next_day('tuesday')
fechas2/train/fechas2_003954.en.wav,next tuesday thank you | next_day('tuesday')
fechas2/train/fechas2_003955.en.wav,in three days | relative_day(+3)
fechas2/train/fechas2_003956.en.wav,this thursday | next_day('thursday')
fechas2/train/fechas2_003957.en.wav,this tuesday | next_day('tuesday')
fechas2/train/fechas2_003958.en.wav,next thursday | next_day('thursday')
fechas2/train/fechas2_003959.en.wav,next tuesday please | next_day('tuesday')
fechas2/train/fechas2_003960.en.wav,friday | next_day('friday')
fechas2/train/fechas2_003961.en.wav,in three days thanks | relative_day(+3)
fechas2/train/fechas2_003962.en.wav,next thursday | next_day('thursday')
fechas2/train/fechas2_003963.en.wav,next friday | next_day('friday')
fechas2/train/fechas2_003964.en.wav,next monday | next_day('monday')
fechas2/train/fechas2_003965.en.wav,next thursday | next_day('thursday')
fechas2/train/fechas2_003966.en.wav,tuesday please | next_day('tuesday')
fechas2/train/fechas2_003967.en.wav,in three days please | relative_day(+3)
fechas2/train/fechas2_003968.en.wav,next monday thank you | next_day('monday')
fechas2/train/fechas2_003969.en.wav,next wednesday | next_day('wednesday')
fechas2/train/fechas2_003970.en.wav,next monday | next_day('monday')
fechas2/train/fechas2_003971.en.wav,in three days | relative_day(+3)
fechas2/train/fechas2_003972.en.wav,this monday | next_day('monday')
fechas2/train/fechas2_003973.en.wav,friday | next_day('friday')
fechas2/train/fechas2_003974.en.wav,in a couple of days please | relative_day(+2)
fechas2/train/fechas2_003975.en.wav,this thursday | next_day('thursday')
fechas2/train/fechas2_003976.en.wav,monday | next_day('monday')
fechas2/train/fechas2_003977.en.wav,the day after tomorrow | relative_day(+2)
fechas2/train/fechas2_003978.en.wav,this thursday please | next_day('thursday')
fechas2/train/fechas2_003979.en.wav,please this coming friday | next_day('friday')
fechas2/train/fechas2_003980.en.wav,next tuesday | next_day('tuesday')
fechas2/train/fechas2_003981.en.wav,the day after tomorrow | relative_day(+2)
fechas2/train/fechas2_003982.en.wav,in a couple of days | relative_day(+2)
fechas2/train/fechas2_003983.en.wav,this monday please | next_day('monday')
fechas2/train/fechas2_003984.en.wav,please on friday | next_day('friday')
fechas2/train/fechas2_003985.en.wav,this wednesday | next_day('wednesday')
fechas2/train/fechas2_003986.en.wav,this wednesday please | next_day('wednesday')
fechas2/train/fechas2_003987.en.wav,this coming tuesday please | next_day('tuesday')
fechas2/train/fechas2_003988.en.wav,this monday thank you | next_day('monday')
fechas2/train/fechas2_003989.en.wav,next wednesday please | next_day('wednesday')
fechas2/train/fechas2_003990.en.wav,the day after tomorrow | relative_day(+2)
fechas2/train/fechas2_003991.en.wav,this wednesday | next_day('wednesday')
fechas2/train/fechas2_003992.en.wav,tuesday please | next_day('tuesday')
fechas2/train/fechas2_003993.en.wav,tomorrow | relative_day(+1)
fechas2/train/fechas2_003994.en.wav,day after tomorrow | relative_day(+2)
fechas2/train/fechas2_003995.en.wav,next thursday | next_day('thursday')
fechas2/train/fechas2_003996.en.wav,in three days | relative_day(+3)
fechas2/train/fechas2_003997.en.wav,in a couple of days thanks | relative_day(+2)
fechas2/train/fechas2_003998.en.wav,the day after tomorrow thanks | relative_day(+2)
fechas2/train/fechas2_003999.en.wav,day after tomorrow | relative_day(+2)
fechas2/train/fechas2_004000.en.wav,next monday | next_day('monday')
fechas2/train/fechas2_004001.en.wav,this friday thank you | next_day('friday')
fechas2/train/fechas2_004002.en.wav,next thursday | next_day('thursday')
fechas2/train/fechas2_004003.en.wav,next wednesday | next_day('wednesday')
fechas2/train/fechas2_004004.en.wav,this tuesday | next_day('tuesday')
fechas2/train/fechas2_004005.en.wav,this coming tuesday please | next_day('tuesday')
fechas2/train/fechas2_004006.en.wav,next monday | next_day('monday')
fechas2/train/fechas2_004007.en.wav,this monday thank you | next_day('monday')
fechas2/train/fechas2_004008.en.wav,this monday | next_day('monday')
fechas2/train/fechas2_004009.en.wav,in three days | relative_day(+3)
fechas2/train/fechas2_004010.en.wav,please next monday | next_day('monday')
fechas2/train/fechas2_004011.en.wav,next monday | next_day('monday')
fechas2/train/fechas2_004012.en.wav,in three days thanks | relative_day(+3)
fechas2/train/fechas2_004013.en.wav,in three days | relative_day(+3)
fechas2/train/fechas2_004014.en.wav,please next monday | next_day('monday')
fechas2/train/fechas2_004015.en.wav,the day after tomorrow please | relative_day(+2)
fechas2/train/fechas2_004016.en.wav,in a couple of days | relative_day(+2)
fechas2/train/fechas2_004017.en.wav,please this friday | next_day('friday')
fechas2/train/fechas2_004018.en.wav,please on tuesday | next_day('tuesday')
fechas2/train/fechas2_004019.en.wav,this coming wednesday | next_day('wednesday')
fechas2/train/fechas2_004020.en.wav,next wednesday | next_day('wednesday')
fechas2/train/fechas2_004021.en.wav,this coming thursday | next_day('thursday')
fechas2/train/fechas2_004022.en.wav,please next thursday | next_day('thursday')
fechas2/train/fechas2_004023.en.wav,in a couple of days | relative_day(+2)
fechas2/train/fechas2_004024.en.wav,please this tuesday | next_day('tuesday')
fechas2/train/fechas2_004025.en.wav,this coming monday | next_day('monday')
fechas2/train/fechas2_004026.en.wav,tomorrow | relative_day(+1)
fechas2/train/fechas2_004027.en.wav,in a couple of days | relative_day(+2)
fechas2/train/fechas2_004028.en.wav,tomorrow please | relative_day(+1)
fechas2/train/fechas2_004029.en.wav,wednesday | next_day('wednesday')
fechas2/train/fechas2_004030.en.wav,next wednesday | next_day('wednesday')
fechas2/train/fechas2_004031.en.wav,next wednesday | next_day('wednesday')
fechas2/train/fechas2_004032.en.wav,next friday thank you | next_day('friday')
fechas2/train/fechas2_004033.en.wav,this coming wednesday please | next_day('wednesday')
fechas2/train/fechas2_004034.en.wav,in three days thanks | relative_day(+3)
fechas2/train/fechas2_004035.en.wav,in three days | relative_day(+3)
fechas2/train/fechas2_004036.en.wav,the day after tomorrow | relative_day(+2)
fechas2/train/fechas2_004037.en.wav,next tuesday | next_day('tuesday')
fechas2/train/fechas2_004038.en.wav,please next wednesday | next_day('wednesday')
fechas2/train/fechas2_004039.en.wav,in three days | relative_day(+3)
fechas2/train/fechas2_004040.en.wav,in three days | relative_day(+3)
fechas2/train/fechas2_004041.en.wav,thursday thank you | next_day('thursday')
fechas2/train/fechas2_004042.en.wav,friday | next_day('friday')
fechas2/train/fechas2_004043.en.wav,in a couple of days | relative_day(+2)
fechas2/train/fechas2_004044.en.wav,this coming tuesday | next_day('tuesday')
fechas2/train/fechas2_004045.en.wav,please next tuesday | next_day('tuesday')
fechas2/train/fechas2_004046.en.wav,please in a couple of days | relative_day(+2)
fechas2/train/fechas2_004047.en.wav,this wednesday | next_day('wednesday')
fechas2/train/fechas2_004048.en.wav,next wednesday | next_day('wednesday')
fechas2/train/fechas2_004049.en.wav,this friday | next_day('friday')
fechas2/train/fechas2_004050.en.wav,next thursday thank you | next_day('thursday')
fechas2/train/fechas2_004051.en.wav,next tuesday | next_day('tuesday')
fechas2/train/fechas2_004052.en.wav,monday | next_day('monday')
fechas2/train/fechas2_004053.en.wav,in three days thanks | relative_day(+3)
fechas2/train/fechas2_004054.en.wav,please on friday | next_day('friday')
fechas2/train/fechas2_004055.en.wav,tomorrow | relative_day(+1)
fechas2/train/fechas2_004056.en.wav,this coming monday please | next_day('monday')
fechas2/train/fechas2_004057.en.wav,in a couple of days | relative_day(+2)
fechas2/train/fechas2_004058.en.wav,day after tomorrow | relative_day(+2)
fechas2/train/fechas2_004059.en.wav,please next monday | next_day('monday')
fechas2/train/fechas2_004060.en.wav,the day after tomorrow | relative_day(+2)
fechas2/train/fechas2_004061.en.wav,in three days thanks | relative_day(+3)
fechas2/train/fechas2_004062.en.wav,next tuesday | next_day('tuesday')
fechas2/train/fechas2_004063.en.wav,this coming friday please | next_day('friday')
fechas2/train/fechas2_004064.en.wav,the day after tomorrow | relative_day(+2)
fechas2/train/fechas2_004065.en.wav,next monday | next_day('monday')
fechas2/train/fechas2_004066.en.wav,please in a couple of days | relative_day(+2)
fechas2/train/fechas2_004067.en.wav,in three days | relative_day(+3)
fechas2/train/fechas2_004068.en.wav,next wednesday please | next_day('wednesday')
fechas2/train/fechas2_004069.en.wav,this coming friday | next_day('friday')
fechas2/train/fechas2_004070.en.wav,this thursday | next_day('thursday')
fechas2/train/fechas2_004071.en.wav,in a couple of days thanks | relative_day(+2)
fechas2/train/fechas2_004072.en.wav,this monday | next_day('monday')
fechas2/train/fechas2_004073.en.wav,this coming tuesday | next_day('tuesday')
fechas2/train/fechas2_004074.en.wav,tomorrow | relative_day(+1)
fechas2/train/fechas2_004075.en.wav,next thursday please | next_day('thursday')
fechas2/train/fechas2_004076.en.wav,this coming monday | next_day('monday')
fechas2/train/fechas2_004077.en.wav,this friday | next_day('friday')
fechas2/train/fechas2_004078.en.wav,next monday | next_day('monday')
fechas2/train/fechas2_004079.en.wav,please next monday | next_day('monday')
fechas2/train/fechas2_004080.en.wav,please this friday | next_day('friday')
fechas2/train/fechas2_004081.en.wav,next monday | next_day('monday')
fechas2/train/fechas2_004082.en.wav,monday thank you | next_day('monday')
fechas2/train/fechas2_004083.en.wav,please on wednesday | next_day('wednesday')
fechas2/train/fechas2_004084.en.wav,next friday please | next_day('friday')
fechas2/train/fechas2_004085.en.wav,next thursday | next_day('thursday')
fechas2/train/fechas2_004086.en.wav,in a couple of days please | relative_day(+2)
fechas2/train/fechas2_004087.en.wav,the following monday | next_day('monday')
fechas2/train/fechas2_004088.en.wav,this thursday please | next_day('thursday')
fechas2/train/fechas2_004089.en.wav,next thursday | next_day('thursday')
fechas2/train/fechas2_004090.en.wav,please this coming friday | next_day('friday')
fechas2/train/fechas2_004091.en.wav,in a couple of days please | relative_day(+2)
fechas2/train/fechas2_004092.en.wav,monday | next_day('monday')
fechas2/train/fechas2_004093.en.wav,in a couple of days | relative_day(+2)
fechas2/train/fechas2_004094.en.wav,in a couple of days | relative_day(+2)
fechas2/train/fechas2_004095.en.wav,this coming monday please | next_day('monday')
fechas2/train/fechas2_004096.en.wav,please next wednesday | next_day('wednesday')
fechas2/train/fechas2_004097.en.wav,this coming thursday thanks | next_day('thursday')
fechas2/train/fechas2_004098.en.wav,next friday | next_day('friday')
fechas2/train/fechas2_004099.en.wav,please in a couple of days | relative_day(+2)
fechas2/train/fechas2_004100.en.wav,next tuesday | next_day('tuesday')
fechas2/train/fechas2_004101.en.wav,next friday please | next_day('friday')
fechas2/train/fechas2_004102.en.wav,next tuesday | next_day('tuesday')
fechas2/train/fechas2_004103.en.wav,monday | next_day('monday')
fechas2/train/fechas2_004104.en.wav,next monday please | next_day('monday')
fechas2/train/fechas2_004105.en.wav,next friday | next_day('friday')
fechas2/train/fechas2_004106.en.wav,next tuesday | next_day('tuesday')
fechas2/train/fechas2_004107.en.wav,please next friday | next_day('friday')
fechas2/train/fechas2_004108.en.wav,this coming tuesday please | next_day('tuesday')
fechas2/train/fechas2_004109.en.wav,in a couple of days thanks | relative_day(+2)
fechas2/train/fechas2_004110.en.wav,tomorrow thank you | relative_day(+1)
fechas2/train/fechas2_004111.en.wav,please this coming tuesday | next_day('tuesday')
fechas2/train/fechas2_004112.en.wav,next friday | next_day('friday')
fechas2/train/fechas2_004113.en.wav,next friday | next_day('friday')
fechas2/train/fechas2_004114.en.wav,next thursday | next_day('thursday')
fechas2/train/fechas2_004115.en.wav,next wednesday | next_day('wednesday')
fechas2/train/fechas2_004116.en.wav,the following tuesday | next_day('tuesday')
fechas2/train/fechas2_004117.en.wav,this coming friday please | next_day('friday')
fechas2/train/fechas2_004118.en.wav,this monday please | next_day('monday')
fechas2/train/fechas2_004119.en.wav,next monday | next_day('monday')
fechas2/train/fechas2_004120.en.wav,the day after tomorrow | relative_day(+2)
fechas2/train/fechas2_004121.en.wav,this friday | next_day('friday')
fechas2/train/fechas2_004122.en.wav,in a couple of days | relative_day(+2)
fechas2/train/fechas2_004123.en.wav,next thursday thank you | next_day('thursday')
fechas2/train/fechas2_004124.en.wav,next tuesday | next_day('tuesday')
fechas2/train/fechas2_004125.en.wav,please in three days | relative_day(+3)
fechas2/train/fechas2_004126.en.wav,this coming monday thank you | next_day('monday')
fechas2/train/fechas2_004127.en.wav,the following tuesday | next_day('tuesday')
fechas2/train/fechas2_004128.en.wav,next monday thank you | next_day('monday')
fechas2/train/fechas2_004129.en.wav,this coming wednesday | next_day('wednesday')
fechas2/train/fechas2_004130.en.wav,the following thursday | next_day('thursday')
fechas2/train/fechas2_004131.en.wav,tomorrow | relative_day(+1)
fechas2/train/fechas2_004132.en.wav,this thursday thank you | next_day('thursday')
fechas2/train/fechas2_004133.en.wav,please this coming monday | next_day('monday')
fechas2/train/fechas2_004134.en.wav,this coming tuesday | next_day('tuesday')
fechas2/train/fechas2_004135.en.wav,next monday please | next_day('monday')
fechas2/train/fechas2_004136.en.wav,please this coming friday | next_day('friday')
fechas2/train/fechas2_004137.en.wav,this coming thursday | next_day('thursday')
fechas2/train/fechas2_004138.en.wav,this coming tuesday | next_day('tuesday')
fechas2/train/fechas2_004139.en.wav,the day after tomorrow | relative_day(+2)
fechas2/train/fechas2_004140.en.wav,tuesday | next_day('tuesday')
fechas2/train/fechas2_004141.en.wav,please on wednesday | next_day('wednesday')
fechas2/train/fechas2_004142.en.wav,next tuesday | next_day('tuesday')
fechas2/train/fechas2_004143.en.wav,next tuesday | next_day('tuesday')
fechas2/train/fechas2_004144.en.wav,this coming friday | next_day('friday')
fechas2/train/fechas2_004145.en.wav,next monday | next_day('monday')
fechas2/train/fechas2_004146.en.wav,please this coming thursday | next_day('thursday')
fechas2/train/fechas2_004147.en.wav,this coming monday thanks | next_day('monday')
fechas2/train/fechas2_004148.en.wav,in three days thanks | relative_day(+3)
fechas2/train/fechas2_004149.en.wav,next tuesday thank you | next_day('tuesday')
fechas2/train/fechas2_004150.en.wav,next wednesday | next_day('wednesday')
fechas2/train/fechas2_004151.en.wav,friday | next_day('friday')
fechas2/train/fechas2_004152.en.wav,next thursday | next_day('thursday')
fechas2/train/fechas2_004153.en.wav,in a couple of days | relative_day(+2)
fechas2/train/fechas2_004154.en.wav,please next friday | next_day('friday')
fechas2/train/fechas2_004155.en.wav,please next tuesday | next_day('tuesday')
fechas2/train/fechas2_004156.en.wav,next monday | next_day('monday')
fechas2/train/fechas2_004157.en.wav,tuesday please | next_day('tuesday')
fechas2/train/fechas2_004158.en.wav,in three days please | relative_day(+3)
fechas2/train/fechas2_004159.en.wav,this coming friday please | next_day('friday')
fechas2/train/fechas2_004160.en.wav,the following thursday | next_day('thursday')
fechas2/train/fechas2_004161.en.wav,please next monday | next_day('monday')
fechas2/train/fechas2_004162.en.wav,this monday thank you | next_day('monday')
fechas2/train/fechas2_004163.en.wav,this coming tuesday please | next_day('tuesday')
fechas2/train/fechas2_004164.en.wav,this monday thank you | next_day('monday')
fechas2/train/fechas2_004165.en.wav,this friday | next_day('friday')
fechas2/train/fechas2_004166.en.wav,in three days | relative_day(+3)
fechas2/train/fechas2_004167.en.wav,friday please | next_day('friday')
fechas2/train/fechas2_004168.en.wav,please in three days | relative_day(+3)
fechas2/train/fechas2_004169.en.wav,next thursday | next_day('thursday')
fechas2/train/fechas2_004170.en.wav,in a couple of days thanks | relative_day(+2)
fechas2/train/fechas2_004171.en.wav,next thursday | next_day('thursday')
fechas2/train/fechas2_004172.en.wav,this friday | next_day('friday')
fechas2/train/fechas2_004173.en.wav,in three days | relative_day(+3)
fechas2/train/fechas2_004174.en.wav,please this coming monday | next_day('monday')
fechas2/train/fechas2_004175.en.wav,this coming monday | next_day('monday')
fechas2/train/fechas2_004176.en.wav,in a couple of days | relative_day(+2)
fechas2/train/fechas2_004177.en.wav,the day after tomorrow please | relative_day(+2)
fechas2/train/fechas2_004178.en.wav,this monday | next_day('monday')
fechas2/train/fechas2_004179.en.wav,friday | next_day('friday')
fechas2/train/fechas2_004180.en.wav,tomorrow | relative_day(+1)
fechas2/train/fechas2_004181.en.wav,monday | next_day('monday')
fechas2/train/fechas2_004182.en.wav,please next tuesday | next_day('tuesday')
fechas2/train/fechas2_004183.en.wav,in a couple of days | relative_day(+2)
fechas2/train/fechas2_004184.en.wav,please next wednesday | next_day('wednesday')
fechas2/train/fechas2_004185.en.wav,please next thursday | next_day('thursday')
fechas2/train/fechas2_004186.en.wav,in three days please | relative_day(+3)
fechas2/train/fechas2_004187.en.wav,next thursday | next_day('thursday')
fechas2/train/fechas2_004188.en.wav,in a couple of days | relative_day(+2)
fechas2/train/fechas2_004189.en.wav,this tuesday | next_day('tuesday')
fechas2/train/fechas2_004190.en.wav,please next monday | next_day('monday')
fechas2/train/fechas2_004191.en.wav,friday | next_day('friday')
fechas2/train/fechas2_004192.en.wav,please in a couple of days | relative_day(+2)
fechas2/train/fechas2_004193.en.wav,next thursday thank you | next_day('thursday')
fechas2/train/fechas2_004194.en.wav,in a couple of days | relative_day(+2)
fechas2/train/fechas2_004195.en.wav,the following friday | next_day('friday')
fechas2/train/fechas2_004196.en.wav,next wednesday | next_day('wednesday')
fechas2/train/fechas2_004197.en.wav,please this tuesday | next_day('tuesday')
fechas2/train/fechas2_004198.en.wav,in three days | relative_day(+3)
fechas2/train/fechas2_004199.en.wav,next wednesday | next_day('wednesday')
fechas2/train/fechas2_004200.en.wav,wednesday thank you | next_day('wednesday')
fechas2/train/fechas2_004201.en.wav,next thursday | next_day('thursday')
fechas2/train/fechas2_004202.en.wav,the day after tomorrow please | relative_day(+2)
fechas2/train/fechas2_004203.en.wav,tuesday | next_day('tuesday')
fechas2/train/fechas2_004204.en.wav,in a couple of days | relative_day(+2)
fechas2/train/fechas2_004205.en.wav,next thursday | next_day('thursday')
fechas2/train/fechas2_004206.en.wav,please in a couple of days | relative_day(+2)
fechas2/train/fechas2_004207.en.wav,the day after tomorrow | relative_day(+2)
fechas2/train/fechas2_004208.en.wav,wednesday | next_day('wednesday')
fechas2/train/fechas2_004209.en.wav,next wednesday thanks | next_day('wednesday')
fechas2/train/fechas2_004210.en.wav,thursday please | next_day('thursday')
fechas2/train/fechas2_004211.en.wav,next tuesday thanks | next_day('tuesday')
fechas2/train/fechas2_004212.en.wav,this coming thursday | next_day('thursday')
fechas2/train/fechas2_004213.en.wav,next tuesday | next_day('tuesday')
fechas2/train/fechas2_004214.en.wav,next tuesday | next_day('tuesday')
fechas2/train/fechas2_004215.en.wav,this tuesday | next_day('tuesday')
fechas2/train/fechas2_004216.en.wav,next wednesday | next_day('wednesday')
fechas2/train/fechas2_004217.en.wav,next friday | next_day('friday')
fechas2/train/fechas2_004218.en.wav,this coming tuesday | next_day('tuesday')
fechas2/train/fechas2_004219.en.wav,friday | next_day('friday')
fechas2/train/fechas2_004220.en.wav,friday please | next_day('friday')
fechas2/train/fechas2_004221.en.wav,tuesday | next_day('tuesday')
fechas2/train/fechas2_004222.en.wav,next wednesday please | next_day('wednesday')
fechas2/train/fechas2_004223.en.wav,please in a couple of days | relative_day(+2)
fechas2/train/fechas2_004224.en.wav,next tuesday please | next_day('tuesday')
fechas2/train/fechas2_004225.en.wav,please in a couple of days | relative_day(+2)
fechas2/train/fechas2_004226.en.wav,this monday thank you | next_day('monday')
fechas2/train/fechas2_004227.en.wav,this coming wednesday thank you | next_day('wednesday')
fechas2/train/fechas2_004228.en.wav,in a couple of days | relative_day(+2)
fechas2/train/fechas2_004229.en.wav,tuesday | next_day('tuesday')
fechas2/train/fechas2_004230.en.wav,this friday | next_day('friday')
fechas2/train/fechas2_004231.en.wav,please next monday | next_day('monday')
fechas2/train/fechas2_004232.en.wav,in a couple of days thanks | relative_day(+2)
fechas2/train/fechas2_004233.en.wav,next friday | next_day('friday')
fechas2/train/fechas2_004234.en.wav,next monday | next_day('monday')
fechas2/train/fechas2_004235.en.wav,in a couple of days | relative_day(+2)
fechas2/train/fechas2_004236.en.wav,this coming thursday | next_day('thursday')
fechas2/train/fechas2_004237.en.wav,tuesday | next_day('tuesday')
fechas2/train/fechas2_004238.en.wav,next wednesday please | next_day('wednesday')
fechas2/train/fechas2_004239.en.wav,wednesday | next_day('wednesday')
fechas2/train/fechas2_004240.en.wav,next tuesday | next_day('tuesday')
fechas2/train/fechas2_004241.en.wav,the day after tomorrow thanks | relative_day(+2)
fechas2/train/fechas2_004242.en.wav,this tuesday | next_day('tuesday')
fechas2/train/fechas2_004243.en.wav,thursday | next_day('thursday')
fechas2/train/fechas2_004244.en.wav,wednesday | next_day('wednesday')
fechas2/train/fechas2_004245.en.wav,tomorrow | relative_day(+1)
fechas2/train/fechas2_004246.en.wav,friday | next_day('friday')
fechas2/train/fechas2_004247.en.wav,next wednesday please | next_day('wednesday')
fechas2/train/fechas2_004248.en.wav,please this tuesday | next_day('tuesday')
fechas2/train/fechas2_004249.en.wav,next thursday | next_day('thursday')
fechas2/train/fechas2_004250.en.wav,wednesday | next_day('wednesday')
fechas2/train/fechas2_004251.en.wav,this coming monday | next_day('monday')
fechas2/train/fechas2_004252.en.wav,in a couple of days please | relative_day(+2)
fechas2/train/fechas2_004253.en.wav,please next friday | next_day('friday')
fechas2/train/fechas2_004254.en.wav,friday | next_day('friday')
fechas2/train/fechas2_004255.en.wav,please on tuesday | next_day('tuesday')
fechas2/train/fechas2_004256.en.wav,next wednesday thank you | next_day('wednesday')
fechas2/train/fechas2_004257.en.wav,please this wednesday | next_day('wednesday')
fechas2/train/fechas2_004258.en.wav,in three days | relative_day(+3)
fechas2/train/fechas2_004259.en.wav,next thursday | next_day('thursday')
fechas2/train/fechas2_004260.en.wav,please on friday | next_day('friday')
fechas2/train/fechas2_004261.en.wav,next tuesday please | next_day('tuesday')
fechas2/train/fechas2_004262.en.wav,next wednesday please | next_day('wednesday')
fechas2/train/fechas2_004263.en.wav,next tuesday | next_day('tuesday')
fechas2/train/fechas2_004264.en.wav,next friday | next_day('friday')
fechas2/train/fechas2_004265.en.wav,in a couple of days | relative_day(+2)
fechas2/train/fechas2_004266.en.wav,the following tuesday | next_day('tuesday')
fechas2/train/fechas2_004267.en.wav,please next wednesday | next_day('wednesday')
fechas2/train/fechas2_004268.en.wav,please in a couple of days | relative_day(+2)
fechas2/train/fechas2_004269.en.wav,this wednesday thank you | next_day('wednesday')
fechas2/train/fechas2_004270.en.wav,monday thank you | next_day('monday')
fechas2/train/fechas2_004271.en.wav,this coming wednesday | next_day('wednesday')
fechas2/train/fechas2_004272.en.wav,next wednesday | next_day('wednesday')
fechas2/train/fechas2_004273.en.wav,please this tuesday | next_day('tuesday')
fechas2/train/fechas2_004274.en.wav,this friday thank you | next_day('friday')
fechas2/train/fechas2_004275.en.wav,this thursday | next_day('thursday')
fechas2/train/fechas2_004276.en.wav,please next thursday | next_day('thursday')
fechas2/train/fechas2_004277.en.wav,friday | next_day('friday')
fechas2/train/fechas2_004278.en.wav,next tuesday | next_day('tuesday')
fechas2/train/fechas2_004279.en.wav,this friday | next_day('friday')
fechas2/train/fechas2_004280.en.wav,next thursday | next_day('thursday')
fechas2/train/fechas2_004281.en.wav,friday | next_day('friday')
fechas2/train/fechas2_004282.en.wav,next friday please | next_day('friday')
fechas2/train/fechas2_004283.en.wav,please next monday | next_day('monday')
fechas2/train/fechas2_004284.en.wav,in three days please | relative_day(+3)
fechas2/train/fechas2_004285.en.wav,thursday thank you | next_day('thursday')
fechas2/train/fechas2_004286.en.wav,in a couple of days | relative_day(+2)
fechas2/train/fechas2_004287.en.wav,next wednesday | next_day('wednesday')
fechas2/train/fechas2_004288.en.wav,this friday thank you | next_day('friday')
fechas2/train/fechas2_004289.en.wav,this wednesday | next_day('wednesday')
fechas2/train/fechas2_004290.en.wav,in three days | relative_day(+3)
fechas2/train/fechas2_004291.en.wav,thursday thank you | next_day('thursday')
fechas2/train/fechas2_004292.en.wav,next thursday | next_day('thursday')
fechas2/train/fechas2_004293.en.wav,in three days thanks | relative_day(+3)
fechas2/train/fechas2_004294.en.wav,this coming thursday | next_day('thursday')
fechas2/train/fechas2_004295.en.wav,this coming tuesday | next_day('tuesday')
fechas2/train/fechas2_004296.en.wav,next tuesday | next_day('tuesday')
fechas2/train/fechas2_004297.en.wav,please next thursday | next_day('thursday')
fechas2/train/fechas2_004298.en.wav,this coming thursday | next_day('thursday')
fechas2/train/fechas2_004299.en.wav,monday | next_day('monday')
fechas2/train/fechas2_004300.en.wav,this thursday | next_day('thursday')
fechas2/train/fechas2_004301.en.wav,please next monday | next_day('monday')
fechas2/train/fechas2_004302.en.wav,in a couple of days | relative_day(+2)
fechas2/train/fechas2_004303.en.wav,this coming tuesday | next_day('tuesday')
fechas2/train/fechas2_004304.en.wav,the following friday | next_day('friday')
fechas2/train/fechas2_004305.en.wav,the following monday | next_day('monday')
fechas2/train/fechas2_004306.en.wav,next wednesday | next_day('wednesday')
fechas2/train/fechas2_004307.en.wav,the following tuesday | next_day('tuesday')
fechas2/train/fechas2_004308.en.wav,in three days | relative_day(+3)
fechas2/train/fechas2_004309.en.wav,the day after tomorrow | relative_day(+2)
fechas2/train/fechas2_004310.en.wav,tuesday | next_day('tuesday')
fechas2/train/fechas2_004311.en.wav,next thursday | next_day('thursday')
fechas2/train/fechas2_004312.en.wav,next thursday please | next_day('thursday')
fechas2/train/fechas2_004313.en.wav,in a couple of days | relative_day(+2)
fechas2/train/fechas2_004314.en.wav,this coming tuesday | next_day('tuesday')
fechas2/train/fechas2_004315.en.wav,in three days | relative_day(+3)
fechas2/train/fechas2_004316.en.wav,in a couple of days | relative_day(+2)
fechas2/train/fechas2_004317.en.wav,next monday please | next_day('monday')
fechas2/train/fechas2_004318.en.wav,thursday | next_day('thursday')
fechas2/train/fechas2_004319.en.wav,this coming thursday | next_day('thursday')
fechas2/train/fechas2_004320.en.wav,next tuesday thank you | next_day('tuesday')
fechas2/train/fechas2_004321.en.wav,in a couple of days | relative_day(+2)
fechas2/train/fechas2_004322.en.wav,next friday thanks | next_day('friday')
fechas2/train/fechas2_004323.en.wav,in three days | relative_day(+3)
fechas2/train/fechas2_004324.en.wav,please on thursday | next_day('thursday')
fechas2/train/fechas2_004325.en.wav,next monday | next_day('monday')
fechas2/train/fechas2_004326.en.wav,monday | next_day('monday')
fechas2/train/fechas2_004327.en.wav,in three days thanks | relative_day(+3)
fechas2/train/fechas2_004328.en.wav,next friday please | next_day('friday')
fechas2/train/fechas2_004329.en.wav,in a couple of days | relative_day(+2)
fechas2/train/fechas2_004330.en.wav,please tomorrow | relative_day(+1)
fechas2/train/fechas2_004331.en.wav,please this friday | next_day('friday')
fechas2/train/fechas2_004332.en.wav,next tuesday | next_day('tuesday')
fechas2/train/fechas2_004333.en.wav,in three days | relative_day(+3)
fechas2/train/fechas2_004334.en.wav,this tuesday | next_day('tuesday')
fechas2/train/fechas2_004335.en.wav,please in a couple of days | relative_day(+2)
fechas2/train/fechas2_004336.en.wav,in a couple of days | relative_day(+2)
fechas2/train/fechas2_004337.en.wav,next thursday | next_day('thursday')
fechas2/train/fechas2_004338.en.wav,tomorrow thank you | relative_day(+1)
fechas2/train/fechas2_004339.en.wav,tomorrow | relative_day(+1)
fechas2/train/fechas2_004340.en.wav,next thursday please | next_day('thursday')
fechas2/train/fechas2_004341.en.wav,please in a couple of days | relative_day(+2)
fechas2/train/fechas2_004342.en.wav,wednesday thank you | next_day('wednesday')
fechas2/train/fechas2_004343.en.wav,please this wednesday | next_day('wednesday')
fechas2/train/fechas2_004344.en.wav,in a couple of days | relative_day(+2)
fechas2/train/fechas2_004345.en.wav,in a couple of days thanks | relative_day(+2)
fechas2/train/fechas2_004346.en.wav,next monday | next_day('monday')
fechas2/train/fechas2_004347.en.wav,in three days | relative_day(+3)
fechas2/train/fechas2_004348.en.wav,next friday please | next_day('friday')
fechas2/train/fechas2_004349.en.wav,on monday please | next_day('monday')
fechas2/train/fechas2_004350.en.wav,next tuesday | next_day('tuesday')
fechas2/train/fechas2_004351.en.wav,in a couple of days | relative_day(+2)
fechas2/train/fechas2_004352.en.wav,friday | next_day('friday')
fechas2/train/fechas2_004353.en.wav,this coming thursday | next_day('thursday')
fechas2/train/fechas2_004354.en.wav,the following wednesday | next_day('wednesday')
fechas2/train/fechas2_004355.en.wav,day after tomorrow | relative_day(+2)
fechas2/train/fechas2_004356.en.wav,this wednesday thank you | next_day('wednesday')
fechas2/train/fechas2_004357.en.wav,this wednesday | next_day('wednesday')
fechas2/train/fechas2_004358.en.wav,in a couple of days | relative_day(+2)
fechas2/train/fechas2_004359.en.wav,please this wednesday | next_day('wednesday')
fechas2/train/fechas2_004360.en.wav,the day after tomorrow | relative_day(+2)
fechas2/train/fechas2_004361.en.wav,this coming tuesday please | next_day('tuesday')
fechas2/train/fechas2_004362.en.wav,in three days thanks | relative_day(+3)
fechas2/train/fechas2_004363.en.wav,this coming tuesday | next_day('tuesday')
fechas2/train/fechas2_004364.en.wav,next friday please | next_day('friday')
fechas2/train/fechas2_004365.en.wav,the day after tomorrow please | relative_day(+2)
fechas2/train/fechas2_004366.en.wav,this coming tuesday | next_day('tuesday')
fechas2/train/fechas2_004367.en.wav,in a couple of days | relative_day(+2)
fechas2/train/fechas2_004368.en.wav,this friday please | next_day('friday')
fechas2/train/fechas2_004369.en.wav,monday | next_day('monday')
fechas2/train/fechas2_004370.en.wav,this wednesday please | next_day('wednesday')
fechas2/train/fechas2_004371.en.wav,this thursday please | next_day('thursday')
fechas2/train/fechas2_004372.en.wav,next wednesday | next_day('wednesday')
fechas2/train/fechas2_004373.en.wav,in three days | relative_day(+3)
fechas2/train/fechas2_004374.en.wav,this coming monday | next_day('monday')
fechas2/train/fechas2_004375.en.wav,next wednesday please | next_day('wednesday')
fechas2/train/fechas2_004376.en.wav,this coming friday please | next_day('friday')
fechas2/train/fechas2_004377.en.wav,in a couple of days | relative_day(+2)
fechas2/train/fechas2_004378.en.wav,tuesday thank you. | next_day('tuesday')
fechas2/train/fechas2_004379.en.wav,next friday | next_day('friday')
fechas2/train/fechas2_004380.en.wav,next wednesday | next_day('wednesday')
fechas2/train/fechas2_004381.en.wav,thursday thank you | next_day('thursday')
fechas2/train/fechas2_004382.en.wav,next thursday thank you | next_day('thursday')
fechas2/train/fechas2_004383.en.wav,this coming monday | next_day('monday')
fechas2/train/fechas2_004384.en.wav,in a couple of days | relative_day(+2)
fechas2/train/fechas2_004385.en.wav,this wednesday | next_day('wednesday')
fechas2/train/fechas2_004386.en.wav,please next thursday | next_day('thursday')
fechas2/train/fechas2_004387.en.wav,next wednesday | next_day('wednesday')
fechas2/train/fechas2_004388.en.wav,next monday please | next_day('monday')
fechas2/train/fechas2_004389.en.wav,monday | next_day('monday')
fechas2/train/fechas2_004390.en.wav,in a couple of days | relative_day(+2)
fechas2/train/fechas2_004391.en.wav,in three days | relative_day(+3)
fechas2/train/fechas2_004392.en.wav,please next tuesday | next_day('tuesday')
fechas2/train/fechas2_004393.en.wav,this coming wednesday | next_day('wednesday')
fechas2/train/fechas2_004394.en.wav,please in a couple of days | relative_day(+2)
fechas2/train/fechas2_004395.en.wav,next monday please | next_day('monday')
fechas2/train/fechas2_004396.en.wav,next thursday | next_day('thursday')
fechas2/train/fechas2_004397.en.wav,friday | next_day('friday')
fechas2/train/fechas2_004398.en.wav,please in a couple of days | relative_day(+2)
fechas2/train/fechas2_004399.en.wav,thursday | next_day('thursday')
fechas2/train/fechas2_004400.en.wav,next friday | next_day('friday')
fechas2/train/fechas2_004401.en.wav,monday | next_day('monday')
fechas2/train/fechas2_004402.en.wav,next thursday | next_day('thursday')
fechas2/train/fechas2_004403.en.wav,next thursday | next_day('thursday')
fechas2/train/fechas2_004404.en.wav,in three days thanks | relative_day(+3)
fechas2/train/fechas2_004405.en.wav,this wednesday please | next_day('wednesday')
fechas2/train/fechas2_004406.en.wav,please next thursday | next_day('thursday')
fechas2/train/fechas2_004407.en.wav,in a couple of days | relative_day(+2)
fechas2/train/fechas2_004408.en.wav,in three days | relative_day(+3)
fechas2/train/fechas2_004409.en.wav,this coming friday | next_day('friday')
fechas2/train/fechas2_004410.en.wav,in three days | relative_day(+3)
fechas2/train/fechas2_004411.en.wav,this coming tuesday please | next_day('tuesday')
fechas2/train/fechas2_004412.en.wav,next thursday thank you | next_day('thursday')
fechas2/train/fechas2_004413.en.wav,the day after tomorrow | relative_day(+2)
fechas2/train/fechas2_004414.en.wav,next monday | next_day('monday')
fechas2/train/fechas2_004415.en.wav,wednesday | next_day('wednesday')
fechas2/train/fechas2_004416.en.wav,the day after tomorrow please | relative_day(+2)
fechas2/train/fechas2_004417.en.wav,the day after tomorrow | relative_day(+2)
fechas2/train/fechas2_004418.en.wav,in a couple of days | relative_day(+2)
fechas2/train/fechas2_004419.en.wav,tomorrow | relative_day(+1)
fechas2/train/fechas2_004420.en.wav,this coming tuesday | next_day('tuesday')
fechas2/train/fechas2_004421.en.wav,in three days | relative_day(+3)
fechas2/train/fechas2_004422.en.wav,please on tuesday | next_day('tuesday')
fechas2/train/fechas2_004423.en.wav,friday | next_day('friday')
fechas2/train/fechas2_004424.en.wav,the day after tomorrow | relative_day(+2)
fechas2/train/fechas2_004425.en.wav,this thursday thank you | next_day('thursday')
fechas2/train/fechas2_004426.en.wav,this coming tuesday please | next_day('tuesday')
fechas2/train/fechas2_004427.en.wav,next thursday | next_day('thursday')
fechas2/train/fechas2_004428.en.wav,this friday | next_day('friday')
fechas2/train/fechas2_004429.en.wav,thursday | next_day('thursday')
fechas2/train/fechas2_004430.en.wav,in three days | relative_day(+3)
fechas2/train/fechas2_004431.en.wav,this wednesday | next_day('wednesday')
fechas2/train/fechas2_004432.en.wav,this coming monday thank you | next_day('monday')
fechas2/train/fechas2_004433.en.wav,this coming friday | next_day('friday')
fechas2/train/fechas2_004434.en.wav,this coming wednesday please | next_day('wednesday')
fechas2/train/fechas2_004435.en.wav,in a couple of days | relative_day(+2)
fechas2/train/fechas2_004436.en.wav,this coming friday | next_day('friday')
fechas2/train/fechas2_004437.en.wav,in three days | relative_day(+3)
fechas2/train/fechas2_004438.en.wav,please next friday | next_day('friday')
fechas2/train/fechas2_004439.en.wav,in three days | relative_day(+3)
fechas2/train/fechas2_004440.en.wav,this coming tuesday | next_day('tuesday')
fechas2/train/fechas2_004441.en.wav,please next monday | next_day('monday')
fechas2/train/fechas2_004442.en.wav,this coming wednesday thank you | next_day('wednesday')
fechas2/train/fechas2_004443.en.wav,this coming thursday | next_day('thursday')
fechas2/train/fechas2_004444.en.wav,friday | next_day('friday')
fechas2/train/fechas2_004445.en.wav,next monday | next_day('monday')
fechas2/train/fechas2_004446.en.wav,this wednesday | next_day('wednesday')
fechas2/train/fechas2_004447.en.wav,this tuesday | next_day('tuesday')
fechas2/train/fechas2_004448.en.wav,next thursday | next_day('thursday')
fechas2/train/fechas2_004449.en.wav,next tuesday | next_day('tuesday')
fechas2/train/fechas2_004450.en.wav,in a couple of days thanks | relative_day(+2)
fechas2/train/fechas2_004451.en.wav,please next thursday | next_day('thursday')
fechas2/train/fechas2_004452.en.wav,in three days please | relative_day(+3)
fechas2/train/fechas2_004453.en.wav,monday | next_day('monday')
fechas2/train/fechas2_004454.en.wav,next thursday please | next_day('thursday')
fechas2/train/fechas2_004455.en.wav,next monday | next_day('monday')
fechas2/train/fechas2_004456.en.wav,next thursday please | next_day('thursday')
fechas2/train/fechas2_004457.en.wav,next thursday please | next_day('thursday')
fechas2/train/fechas2_004458.en.wav,tomorrow | relative_day(+1)
fechas2/train/fechas2_004459.en.wav,in a couple of days | relative_day(+2)
fechas2/train/fechas2_004460.en.wav,this thursday | next_day('thursday')
fechas2/train/fechas2_004461.en.wav,friday | next_day('friday')
fechas2/train/fechas2_004462.en.wav,next thursday | next_day('thursday')
fechas2/train/fechas2_004463.en.wav,this wednesday | next_day('wednesday')
fechas2/train/fechas2_004464.en.wav,please this coming friday | next_day('friday')
fechas2/train/fechas2_004465.en.wav,in a couple of days | relative_day(+2)
fechas2/train/fechas2_004466.en.wav,this monday | next_day('monday')
fechas2/train/fechas2_004467.en.wav,next thursday | next_day('thursday')
fechas2/train/fechas2_004468.en.wav,wednesday thank you | next_day('wednesday')
fechas2/train/fechas2_004469.en.wav,this coming wednesday please | next_day('wednesday')
fechas2/train/fechas2_004470.en.wav,next monday please | next_day('monday')
fechas2/train/fechas2_004471.en.wav,in three days thanks | relative_day(+3)
fechas2/train/fechas2_004472.en.wav,thursday | next_day('thursday')
fechas2/train/fechas2_004473.en.wav,in a couple of days | relative_day(+2)
fechas2/train/fechas2_004474.en.wav,in a couple of days | relative_day(+2)
fechas2/train/fechas2_004475.en.wav,this friday | next_day('friday')
fechas2/train/fechas2_004476.en.wav,this friday | next_day('friday')
fechas2/train/fechas2_004477.en.wav,this wednesday | next_day('wednesday')
fechas2/train/fechas2_004478.en.wav,the following wednesday | next_day('wednesday')
fechas2/train/fechas2_004479.en.wav,the following monday | next_day('monday')
fechas2/train/fechas2_004480.en.wav,this thursday please | next_day('thursday')
fechas2/train/fechas2_004481.en.wav,the following tuesday | next_day('tuesday')
fechas2/train/fechas2_004482.en.wav,in three days | relative_day(+3)
fechas2/train/fechas2_004483.en.wav,next friday please | next_day('friday')
fechas2/train/fechas2_004484.en.wav,next monday | next_day('monday')
fechas2/train/fechas2_004485.en.wav,please next wednesday | next_day('wednesday')
fechas2/train/fechas2_004486.en.wav,this tuesday | next_day('tuesday')
fechas2/train/fechas2_004487.en.wav,please this coming monday | next_day('monday')
fechas2/train/fechas2_004488.en.wav,next thursday thank you | next_day('thursday')
fechas2/train/fechas2_004489.en.wav,in a couple of days please | relative_day(+2)
fechas2/train/fechas2_004490.en.wav,tomorrow | relative_day(+1)
fechas2/train/fechas2_004491.en.wav,tuesday | next_day('tuesday')
fechas2/train/fechas2_004492.en.wav,the following tuesday | next_day('tuesday')
fechas2/train/fechas2_004493.en.wav,in a couple of days please | relative_day(+2)
fechas2/train/fechas2_004494.en.wav,this coming tuesday | next_day('tuesday')
fechas2/train/fechas2_004495.en.wav,the following friday | next_day('friday')
fechas2/train/fechas2_004496.en.wav,this wednesday | next_day('wednesday')
fechas2/train/fechas2_004497.en.wav,next tuesday | next_day('tuesday')
fechas2/train/fechas2_004498.en.wav,this coming friday thanks | next_day('friday')
fechas2/train/fechas2_004499.en.wav,in three days | relative_day(+3)
fechas2/train/fechas2_004500.en.wav,monday thank you | next_day('monday')
fechas2/train/fechas2_004501.en.wav,this coming friday | next_day('friday')
fechas2/train/fechas2_004502.en.wav,this thursday | next_day('thursday')
fechas2/train/fechas2_004503.en.wav,in a couple of days | relative_day(+2)
fechas2/train/fechas2_004504.en.wav,this coming thursday | next_day('thursday')
fechas2/train/fechas2_004505.en.wav,in three days please | relative_day(+3)
fechas2/train/fechas2_004506.en.wav,day after tomorrow | relative_day(+2)
fechas2/train/fechas2_004507.en.wav,this coming tuesday | next_day('tuesday')
fechas2/train/fechas2_004508.en.wav,this coming monday | next_day('monday')
fechas2/train/fechas2_004509.en.wav,next monday please | next_day('monday')
fechas2/train/fechas2_004510.en.wav,next friday thank you | next_day('friday')
fechas2/train/fechas2_004511.en.wav,next tuesday | next_day('tuesday')
fechas2/train/fechas2_004512.en.wav,please this wednesday | next_day('wednesday')
fechas2/train/fechas2_004513.en.wav,next wednesday | next_day('wednesday')
fechas2/train/fechas2_004514.en.wav,thursday | next_day('thursday')
fechas2/train/fechas2_004515.en.wav,friday | next_day('friday')
fechas2/train/fechas2_004516.en.wav,in a couple of days | relative_day(+2)
fechas2/train/fechas2_004517.en.wav,this monday thank you | next_day('monday')
fechas2/train/fechas2_004518.en.wav,this coming thursday | next_day('thursday')
fechas2/train/fechas2_004519.en.wav,this wednesday | next_day('wednesday')
fechas2/train/fechas2_004520.en.wav,next monday thank you | next_day('monday')
fechas2/train/fechas2_004521.en.wav,in three days thanks | relative_day(+3)
fechas2/train/fechas2_004522.en.wav,please next tuesday | next_day('tuesday')
fechas2/train/fechas2_004523.en.wav,please next friday | next_day('friday')
fechas2/train/fechas2_004524.en.wav,this friday | next_day('friday')
fechas2/train/fechas2_004525.en.wav,next friday | next_day('friday')
fechas2/train/fechas2_004526.en.wav,next monday thank you | next_day('monday')
fechas2/train/fechas2_004527.en.wav,next tuesday | next_day('tuesday')
fechas2/train/fechas2_004528.en.wav,please this tuesday | next_day('tuesday')
fechas2/train/fechas2_004529.en.wav,friday | next_day('friday')
fechas2/train/fechas2_004530.en.wav,next thursday | next_day('thursday')
fechas2/train/fechas2_004531.en.wav,in three days | relative_day(+3)
fechas2/train/fechas2_004532.en.wav,in three days please | relative_day(+3)
fechas2/train/fechas2_004533.en.wav,this coming friday | next_day('friday')
fechas2/train/fechas2_004534.en.wav,in a couple of days | relative_day(+2)
fechas2/train/fechas2_004535.en.wav,please in a couple of days | relative_day(+2)
fechas2/train/fechas2_004536.en.wav,this wednesday | next_day('wednesday')
fechas2/train/fechas2_004537.en.wav,this friday | next_day('friday')
fechas2/train/fechas2_004538.en.wav,next monday | next_day('monday')
fechas2/train/fechas2_004539.en.wav,the day after tomorrow | relative_day(+2)
fechas2/train/fechas2_004540.en.wav,this wednesday | next_day('wednesday')
fechas2/train/fechas2_004541.en.wav,day after tomorrow | relative_day(+2)
fechas2/train/fechas2_004542.en.wav,please next friday | next_day('friday')
fechas2/train/fechas2_004543.en.wav,in a couple of days | relative_day(+2)
fechas2/train/fechas2_004544.en.wav,wednesday please | next_day('wednesday')
fechas2/train/fechas2_004545.en.wav,next wednesday | next_day('wednesday')
fechas2/train/fechas2_004546.en.wav,next tuesday thank you | next_day('tuesday')
fechas2/train/fechas2_004547.en.wav,wednesday please | next_day('wednesday')
fechas2/train/fechas2_004548.en.wav,in a couple of days | relative_day(+2)
fechas2/train/fechas2_004549.en.wav,next thursday please | next_day('thursday')
fechas2/train/fechas2_004550.en.wav,in three days thanks | relative_day(+3)
fechas2/train/fechas2_004551.en.wav,this coming wednesday please | next_day('wednesday')
fechas2/train/fechas2_004552.en.wav,this coming wednesday | next_day('wednesday')
fechas2/train/fechas2_004553.en.wav,day after tomorrow | relative_day(+2)
fechas2/train/fechas2_004554.en.wav,tomorrow please | relative_day(+1)
fechas2/train/fechas2_004555.en.wav,this coming friday | next_day('friday')
fechas2/train/fechas2_004556.en.wav,in a couple of days | relative_day(+2)
fechas2/train/fechas2_004557.en.wav,in a couple of days please | relative_day(+2)
fechas2/train/fechas2_004558.en.wav,this wednesday | next_day('wednesday')
fechas2/train/fechas2_004559.en.wav,this coming wednesday | next_day('wednesday')
fechas2/train/fechas2_004560.en.wav,this tuesday | next_day('tuesday')
fechas2/train/fechas2_004561.en.wav,in a couple of days | relative_day(+2)
fechas2/train/fechas2_004562.en.wav,next monday | next_day('monday')
fechas2/train/fechas2_004563.en.wav,tuesday please | next_day('tuesday')
fechas2/train/fechas2_004564.en.wav,next friday please | next_day('friday')
fechas2/train/fechas2_004565.en.wav,please next wednesday | next_day('wednesday')
fechas2/train/fechas2_004566.en.wav,this thursday please | next_day('thursday')
fechas2/train/fechas2_004567.en.wav,next tuesday | next_day('tuesday')
fechas2/train/fechas2_004568.en.wav,friday | next_day('friday')
fechas2/train/fechas2_004569.en.wav,next tuesday | next_day('tuesday')
fechas2/train/fechas2_004570.en.wav,this wednesday please | next_day('wednesday')
fechas2/train/fechas2_004571.en.wav,please tomorrow | relative_day(+1)
fechas2/train/fechas2_004572.en.wav,next tuesday | next_day('tuesday')
fechas2/train/fechas2_004573.en.wav,this wednesday thank you | next_day('wednesday')
fechas2/train/fechas2_004574.en.wav,this monday | next_day('monday')
fechas2/train/fechas2_004575.en.wav,next monday | next_day('monday')
fechas2/train/fechas2_004576.en.wav,this tuesday | next_day('tuesday')
fechas2/train/fechas2_004577.en.wav,please this thursday | next_day('thursday')
fechas2/train/fechas2_004578.en.wav,please next wednesday | next_day('wednesday')
fechas2/train/fechas2_004579.en.wav,in three days | relative_day(+3)
fechas2/train/fechas2_004580.en.wav,next friday | next_day('friday')
fechas2/train/fechas2_004581.en.wav,thursday | next_day('thursday')
fechas2/train/fechas2_004582.en.wav,next wednesday | next_day('wednesday')
fechas2/train/fechas2_004583.en.wav,in three days | relative_day(+3)
fechas2/train/fechas2_004584.en.wav,this coming wednesday thanks | next_day('wednesday')
fechas2/train/fechas2_004585.en.wav,next tuesday | next_day('tuesday')
fechas2/train/fechas2_004586.en.wav,next tuesday | next_day('tuesday')
fechas2/train/fechas2_004587.en.wav,the day after tomorrow | relative_day(+2)
fechas2/train/fechas2_004588.en.wav,next thursday | next_day('thursday')
fechas2/train/fechas2_004589.en.wav,tomorrow | relative_day(+1)
fechas2/train/fechas2_004590.en.wav,this monday | next_day('monday')
fechas2/train/fechas2_004591.en.wav,in three days | relative_day(+3)
fechas2/train/fechas2_004592.en.wav,this coming thursday thank you | next_day('thursday')
fechas2/train/fechas2_004593.en.wav,tomorrow please | relative_day(+1)
fechas2/train/fechas2_004594.en.wav,next friday | next_day('friday')
fechas2/train/fechas2_004595.en.wav,monday | next_day('monday')
fechas2/train/fechas2_004596.en.wav,next thursday | next_day('thursday')
fechas2/train/fechas2_004597.en.wav,tuesday | next_day('tuesday')
fechas2/train/fechas2_004598.en.wav,this coming friday thanks | next_day('friday')
fechas2/train/fechas2_004599.en.wav,thursday | next_day('thursday')
fechas2/train/fechas2_004600.en.wav,the following tuesday | next_day('tuesday')
fechas2/train/fechas2_004601.en.wav,wednesday thank you | next_day('wednesday')
fechas2/train/fechas2_004602.en.wav,thursday please | next_day('thursday')
fechas2/train/fechas2_004603.en.wav,please next thursday | next_day('thursday')
fechas2/train/fechas2_004604.en.wav,next monday | next_day('monday')
fechas2/train/fechas2_004605.en.wav,please this coming thursday | next_day('thursday')
fechas2/train/fechas2_004606.en.wav,this coming friday | next_day('friday')
fechas2/train/fechas2_004607.en.wav,please next monday | next_day('monday')
fechas2/train/fechas2_004608.en.wav,the day after tomorrow | relative_day(+2)
fechas2/train/fechas2_004609.en.wav,this monday | next_day('monday')
fechas2/train/fechas2_004610.en.wav,please on thursday | next_day('thursday')
fechas2/train/fechas2_004611.en.wav,next monday | next_day('monday')
fechas2/train/fechas2_004612.en.wav,next monday please | next_day('monday')
fechas2/train/fechas2_004613.en.wav,tuesday thank you. | next_day('tuesday')
fechas2/train/fechas2_004614.en.wav,tomorrow please | relative_day(+1)
fechas2/train/fechas2_004615.en.wav,in a couple of days | relative_day(+2)
fechas2/train/fechas2_004616.en.wav,monday | next_day('monday')
fechas2/train/fechas2_004617.en.wav,this coming wednesday | next_day('wednesday')
fechas2/train/fechas2_004618.en.wav,next friday | next_day('friday')
fechas2/train/fechas2_004619.en.wav,this coming wednesday please | next_day('wednesday')
fechas2/train/fechas2_004620.en.wav,next thursday | next_day('thursday')
fechas2/train/fechas2_004621.en.wav,this coming friday thanks | next_day('friday')
fechas2/train/fechas2_004622.en.wav,tuesday thank you. | next_day('tuesday')
fechas2/train/fechas2_004623.en.wav,this wednesday | next_day('wednesday')
fechas2/train/fechas2_004624.en.wav,next tuesday please | next_day('tuesday')
fechas2/train/fechas2_004625.en.wav,this coming wednesday | next_day('wednesday')
fechas2/train/fechas2_004626.en.wav,the following monday | next_day('monday')
fechas2/train/fechas2_004627.en.wav,this coming wednesday | next_day('wednesday')
fechas2/train/fechas2_004628.en.wav,this tuesday | next_day('tuesday')
fechas2/train/fechas2_004629.en.wav,next tuesday | next_day('tuesday')
fechas2/train/fechas2_004630.en.wav,next tuesday | next_day('tuesday')
fechas2/train/fechas2_004631.en.wav,next monday | next_day('monday')
fechas2/train/fechas2_004632.en.wav,in three days | relative_day(+3)
fechas2/train/fechas2_004633.en.wav,in three days | relative_day(+3)
fechas2/train/fechas2_004634.en.wav,in a couple of days thanks | relative_day(+2)
fechas2/train/fechas2_004635.en.wav,the day after tomorrow | relative_day(+2)
fechas2/train/fechas2_004636.en.wav,the day after tomorrow thanks | relative_day(+2)
fechas2/train/fechas2_004637.en.wav,this coming monday | next_day('monday')
fechas2/train/fechas2_004638.en.wav,monday | next_day('monday')
fechas2/train/fechas2_004639.en.wav,tuesday | next_day('tuesday')
fechas2/train/fechas2_004640.en.wav,next tuesday | next_day('tuesday')
fechas2/train/fechas2_004641.en.wav,please this coming thursday | next_day('thursday')
fechas2/train/fechas2_004642.en.wav,this tuesday | next_day('tuesday')
fechas2/train/fechas2_004643.en.wav,next monday please | next_day('monday')
fechas2/train/fechas2_004644.en.wav,this tuesday | next_day('tuesday')
fechas2/train/fechas2_004645.en.wav,this wednesday | next_day('wednesday')
fechas2/train/fechas2_004646.en.wav,next wednesday | next_day('wednesday')
fechas2/train/fechas2_004647.en.wav,the following monday | next_day('monday')
fechas2/train/fechas2_004648.en.wav,in three days | relative_day(+3)
fechas2/train/fechas2_004649.en.wav,in three days | relative_day(+3)
fechas2/train/fechas2_004650.en.wav,tomorrow | relative_day(+1)
fechas2/train/fechas2_004651.en.wav,please next friday | next_day('friday')
fechas2/train/fechas2_004652.en.wav,this coming tuesday | next_day('tuesday')
fechas2/train/fechas2_004653.en.wav,this tuesday | next_day('tuesday')
fechas2/train/fechas2_004654.en.wav,next tuesday | next_day('tuesday')
fechas2/train/fechas2_004655.en.wav,in a couple of days please | relative_day(+2)
fechas2/train/fechas2_004656.en.wav,in a couple of days please | relative_day(+2)
fechas2/train/fechas2_004657.en.wav,please on friday | next_day('friday')
fechas2/train/fechas2_004658.en.wav,next friday | next_day('friday')
fechas2/train/fechas2_004659.en.wav,next wednesday | next_day('wednesday')
fechas2/train/fechas2_004660.en.wav,next friday please | next_day('friday')
fechas2/train/fechas2_004661.en.wav,tuesday | next_day('tuesday')
fechas2/train/fechas2_004662.en.wav,tuesday please | next_day('tuesday')
fechas2/train/fechas2_004663.en.wav,please next friday | next_day('friday')
fechas2/train/fechas2_004664.en.wav,please on wednesday | next_day('wednesday')
fechas2/train/fechas2_004665.en.wav,in a couple of days | relative_day(+2)
fechas2/train/fechas2_004666.en.wav,this friday | next_day('friday')
fechas2/train/fechas2_004667.en.wav,this coming tuesday please | next_day('tuesday')
fechas2/train/fechas2_004668.en.wav,this coming monday | next_day('monday')
fechas2/train/fechas2_004669.en.wav,next monday | next_day('monday')
fechas2/train/fechas2_004670.en.wav,next thursday | next_day('thursday')
fechas2/train/fechas2_004671.en.wav,this thursday | next_day('thursday')
fechas2/train/fechas2_004672.en.wav,this coming friday | next_day('friday')
fechas2/train/fechas2_004673.en.wav,next friday | next_day('friday')
fechas2/train/fechas2_004674.en.wav,in three days | relative_day(+3)
fechas2/train/fechas2_004675.en.wav,day after tomorrow | relative_day(+2)
fechas2/train/fechas2_004676.en.wav,please next monday | next_day('monday')
fechas2/train/fechas2_004677.en.wav,next tuesday thanks | next_day('tuesday')
fechas2/train/fechas2_004678.en.wav,this coming monday thanks | next_day('monday')
fechas2/train/fechas2_004679.en.wav,please on wednesday | next_day('wednesday')
fechas2/train/fechas2_004680.en.wav,this coming wednesday | next_day('wednesday')
fechas2/train/fechas2_004681.en.wav,in a couple of days | relative_day(+2)
fechas2/train/fechas2_004682.en.wav,please next monday | next_day('monday')
fechas2/train/fechas2_004683.en.wav,this monday thank you | next_day('monday')
fechas2/train/fechas2_004684.en.wav,next thursday | next_day('thursday')
fechas2/train/fechas2_004685.en.wav,please next thursday | next_day('thursday')
fechas2/train/fechas2_004686.en.wav,tuesday please | next_day('tuesday')
fechas2/train/fechas2_004687.en.wav,this coming thursday please | next_day('thursday')
fechas2/train/fechas2_004688.en.wav,in a couple of days | relative_day(+2)
fechas2/train/fechas2_004689.en.wav,tuesday | next_day('tuesday')
fechas2/train/fechas2_004690.en.wav,next wednesday | next_day('wednesday')
fechas2/train/fechas2_004691.en.wav,next monday | next_day('monday')
fechas2/train/fechas2_004692.en.wav,please next thursday | next_day('thursday')
fechas2/train/fechas2_004693.en.wav,tomorrow thank you | relative_day(+1)
fechas2/train/fechas2_004694.en.wav,please this wednesday | next_day('wednesday')
fechas2/train/fechas2_004695.en.wav,this tuesday | next_day('tuesday')
fechas2/train/fechas2_004696.en.wav,next tuesday please | next_day('tuesday')
fechas2/train/fechas2_004697.en.wav,next monday | next_day('monday')
fechas2/train/fechas2_004698.en.wav,this friday | next_day('friday')
fechas2/train/fechas2_004699.en.wav,please on monday | next_day('monday')
fechas2/train/fechas2_004700.en.wav,next thursday | next_day('thursday')
fechas2/train/fechas2_004701.en.wav,next thursday | next_day('thursday')
fechas2/train/fechas2_004702.en.wav,the following monday | next_day('monday')
fechas2/train/fechas2_004703.en.wav,next friday thank you | next_day('friday')
fechas2/train/fechas2_004704.en.wav,this tuesday please | next_day('tuesday')
fechas2/train/fechas2_004705.en.wav,next thursday | next_day('thursday')
fechas2/train/fechas2_004706.en.wav,please on tuesday | next_day('tuesday')
fechas2/train/fechas2_004707.en.wav,this wednesday | next_day('wednesday')
fechas2/train/fechas2_004708.en.wav,next tuesday | next_day('tuesday')
fechas2/train/fechas2_004709.en.wav,next monday | next_day('monday')
fechas2/train/fechas2_004710.en.wav,in three days | relative_day(+3)
fechas2/train/fechas2_004711.en.wav,this coming tuesday please | next_day('tuesday')
fechas2/train/fechas2_004712.en.wav,tomorrow | relative_day(+1)
fechas2/train/fechas2_004713.en.wav,this coming monday thank you | next_day('monday')
fechas2/train/fechas2_004714.en.wav,next tuesday thanks | next_day('tuesday')
fechas2/train/fechas2_004715.en.wav,this tuesday | next_day('tuesday')
fechas2/train/fechas2_004716.en.wav,next tuesday | next_day('tuesday')
fechas2/train/fechas2_004717.en.wav,next wednesday | next_day('wednesday')
fechas2/train/fechas2_004718.en.wav,next tuesday thank you | next_day('tuesday')
fechas2/train/fechas2_004719.en.wav,next thursday | next_day('thursday')
fechas2/train/fechas2_004720.en.wav,this coming tuesday please | next_day('tuesday')
fechas2/train/fechas2_004721.en.wav,this coming tuesday | next_day('tuesday')
fechas2/train/fechas2_004722.en.wav,next thursday please | next_day('thursday')
fechas2/train/fechas2_004723.en.wav,this wednesday thank you | next_day('wednesday')
fechas2/train/fechas2_004724.en.wav,next wednesday | next_day('wednesday')
fechas2/train/fechas2_004725.en.wav,in three days thanks | relative_day(+3)
fechas2/train/fechas2_004726.en.wav,in three days thanks | relative_day(+3)
fechas2/train/fechas2_004727.en.wav,in a couple of days | relative_day(+2)
fechas2/train/fechas2_004728.en.wav,this monday | next_day('monday')
fechas2/train/fechas2_004729.en.wav,day after tomorrow | relative_day(+2)
fechas2/train/fechas2_004730.en.wav,in three days | relative_day(+3)
fechas2/train/fechas2_004731.en.wav,in a couple of days | relative_day(+2)
fechas2/train/fechas2_004732.en.wav,next monday please | next_day('monday')
fechas2/train/fechas2_004733.en.wav,tomorrow | relative_day(+1)
fechas2/train/fechas2_004734.en.wav,tomorrow | relative_day(+1)
fechas2/train/fechas2_004735.en.wav,this thursday please | next_day('thursday')
fechas2/train/fechas2_004736.en.wav,next friday | next_day('friday')
fechas2/train/fechas2_004737.en.wav,this coming friday | next_day('friday')
fechas2/train/fechas2_004738.en.wav,this wednesday | next_day('wednesday')
fechas2/train/fechas2_004739.en.wav,next tuesday thank you | next_day('tuesday')
fechas2/train/fechas2_004740.en.wav,the day after tomorrow | relative_day(+2)
fechas2/train/fechas2_004741.en.wav,in a couple of days | relative_day(+2)
fechas2/train/fechas2_004742.en.wav,in three days | relative_day(+3)
fechas2/train/fechas2_004743.en.wav,in a couple of days | relative_day(+2)
fechas2/train/fechas2_004744.en.wav,next monday | next_day('monday')
fechas2/train/fechas2_004745.en.wav,please this thursday | next_day('thursday')
fechas2/train/fechas2_004746.en.wav,next thursday thank you | next_day('thursday')
fechas2/train/fechas2_004747.en.wav,please in three days | relative_day(+3)
fechas2/train/fechas2_004748.en.wav,this monday | next_day('monday')
fechas2/train/fechas2_004749.en.wav,in three days | relative_day(+3)
fechas2/train/fechas2_004750.en.wav,next wednesday thank you | next_day('wednesday')
fechas2/train/fechas2_004751.en.wav,the following thursday | next_day('thursday')
fechas2/train/fechas2_004752.en.wav,please next thursday | next_day('thursday')
fechas2/train/fechas2_004753.en.wav,this coming monday | next_day('monday')
fechas2/train/fechas2_004754.en.wav,please on friday | next_day('friday')
fechas2/train/fechas2_004755.en.wav,please in three days | relative_day(+3)
fechas2/train/fechas2_004756.en.wav,in a couple of days | relative_day(+2)
fechas2/train/fechas2_004757.en.wav,this tuesday | next_day('tuesday')
fechas2/train/fechas2_004758.en.wav,thursday | next_day('thursday')
fechas2/train/fechas2_004759.en.wav,monday | next_day('monday')
fechas2/train/fechas2_004760.en.wav,this monday thank you | next_day('monday')
fechas2/train/fechas2_004761.en.wav,next friday | next_day('friday')
fechas2/train/fechas2_004762.en.wav,this coming wednesday | next_day('wednesday')
fechas2/train/fechas2_004763.en.wav,next wednesday | next_day('wednesday')
fechas2/train/fechas2_004764.en.wav,this coming wednesday | next_day('wednesday')
fechas2/train/fechas2_004765.en.wav,this friday thank you | next_day('friday')
fechas2/train/fechas2_004766.en.wav,in three days | relative_day(+3)
fechas2/train/fechas2_004767.en.wav,this coming wednesday | next_day('wednesday')
fechas2/train/fechas2_004768.en.wav,in a couple of days thanks | relative_day(+2)
fechas2/train/fechas2_004769.en.wav,next monday | next_day('monday')
fechas2/train/fechas2_004770.en.wav,please this coming thursday | next_day('thursday')
fechas2/train/fechas2_004771.en.wav,this coming thursday thank you | next_day('thursday')
fechas2/train/fechas2_004772.en.wav,this tuesday please | next_day('tuesday')
fechas2/train/fechas2_004773.en.wav,in a couple of days | relative_day(+2)
fechas2/train/fechas2_004774.en.wav,next monday | next_day('monday')
fechas2/train/fechas2_004775.en.wav,in a couple of days | relative_day(+2)
fechas2/train/fechas2_004776.en.wav,in a couple of days | relative_day(+2)
fechas2/train/fechas2_004777.en.wav,tomorrow please | relative_day(+1)
fechas2/train/fechas2_004778.en.wav,this monday please | next_day('monday')
fechas2/train/fechas2_004779.en.wav,next wednesday please | next_day('wednesday')
fechas2/train/fechas2_004780.en.wav,next monday | next_day('monday')
fechas2/train/fechas2_004781.en.wav,next wednesday | next_day('wednesday')
fechas2/train/fechas2_004782.en.wav,in three days | relative_day(+3)
fechas2/train/fechas2_004783.en.wav,next friday | next_day('friday')
fechas2/train/fechas2_004784.en.wav,this coming tuesday thank you | next_day('tuesday')
fechas2/train/fechas2_004785.en.wav,next monday | next_day('monday')
fechas2/train/fechas2_004786.en.wav,this coming friday | next_day('friday')
fechas2/train/fechas2_004787.en.wav,next friday | next_day('friday')
fechas2/train/fechas2_004788.en.wav,next thursday | next_day('thursday')
fechas2/train/fechas2_004789.en.wav,this thursday thank you | next_day('thursday')
fechas2/train/fechas2_004790.en.wav,tomorrow thank you | relative_day(+1)
fechas2/train/fechas2_004791.en.wav,this coming friday please | next_day('friday')
fechas2/train/fechas2_004792.en.wav,tuesday | next_day('tuesday')
fechas2/train/fechas2_004793.en.wav,in a couple of days | relative_day(+2)
fechas2/train/fechas2_004794.en.wav,please next wednesday | next_day('wednesday')
fechas2/train/fechas2_004795.en.wav,this tuesday thank you | next_day('tuesday')
fechas2/train/fechas2_004796.en.wav,this coming monday | next_day('monday')
fechas2/train/fechas2_004797.en.wav,please next tuesday | next_day('tuesday')
fechas2/train/fechas2_004798.en.wav,please on thursday | next_day('thursday')
fechas2/train/fechas2_004799.en.wav,tuesday | next_day('tuesday')
fechas2/train/fechas2_004800.en.wav,this coming thursday | next_day('thursday')
fechas2/train/fechas2_004801.en.wav,next wednesday | next_day('wednesday')
fechas2/train/fechas2_004802.en.wav,this thursday please | next_day('thursday')
fechas2/train/fechas2_004803.en.wav,tuesday | next_day('tuesday')
fechas2/train/fechas2_004804.en.wav,next wednesday please | next_day('wednesday')
fechas2/train/fechas2_004805.en.wav,please next friday | next_day('friday')
fechas2/train/fechas2_004806.en.wav,next tuesday thank you | next_day('tuesday')
fechas2/train/fechas2_004807.en.wav,in three days | relative_day(+3)
fechas2/train/fechas2_004808.en.wav,in a couple of days thanks | relative_day(+2)
fechas2/train/fechas2_004809.en.wav,next wednesday | next_day('wednesday')
fechas2/train/fechas2_004810.en.wav,next monday | next_day('monday')
fechas2/train/fechas2_004811.en.wav,please next thursday | next_day('thursday')
fechas2/train/fechas2_004812.en.wav,the day after tomorrow | relative_day(+2)
fechas2/train/fechas2_004813.en.wav,tuesday | next_day('tuesday')
fechas2/train/fechas2_004814.en.wav,this tuesday please | next_day('tuesday')
fechas2/train/fechas2_004815.en.wav,please on friday | next_day('friday')
fechas2/train/fechas2_004816.en.wav,please next wednesday | next_day('wednesday')
fechas2/train/fechas2_004817.en.wav,next tuesday | next_day('tuesday')
fechas2/train/fechas2_004818.en.wav,this coming monday | next_day('monday')
fechas2/train/fechas2_004819.en.wav,this tuesday | next_day('tuesday')
fechas2/train/fechas2_004820.en.wav,next tuesday | next_day('tuesday')
fechas2/train/fechas2_004821.en.wav,next monday | next_day('monday')
fechas2/train/fechas2_004822.en.wav,next friday please | next_day('friday')
fechas2/train/fechas2_004823.en.wav,the day after tomorrow thanks | relative_day(+2)
fechas2/train/fechas2_004824.en.wav,this coming monday | next_day('monday')
fechas2/train/fechas2_004825.en.wav,monday | next_day('monday')
fechas2/train/fechas2_004826.en.wav,please this tuesday | next_day('tuesday')
fechas2/train/fechas2_004827.en.wav,next wednesday | next_day('wednesday')
fechas2/train/fechas2_004828.en.wav,in a couple of days | relative_day(+2)
fechas2/train/fechas2_004829.en.wav,tomorrow | relative_day(+1)
fechas2/train/fechas2_004830.en.wav,friday | next_day('friday')
fechas2/train/fechas2_004831.en.wav,in a couple of days | relative_day(+2)
fechas2/train/fechas2_004832.en.wav,next monday | next_day('monday')
fechas2/train/fechas2_004833.en.wav,please next thursday | next_day('thursday')
fechas2/train/fechas2_004834.en.wav,next thursday | next_day('thursday')
fechas2/train/fechas2_004835.en.wav,next friday | next_day('friday')
fechas2/train/fechas2_004836.en.wav,next tuesday | next_day('tuesday')
fechas2/train/fechas2_004837.en.wav,this coming monday | next_day('monday')
fechas2/train/fechas2_004838.en.wav,this monday | next_day('monday')
fechas2/train/fechas2_004839.en.wav,next wednesday thanks | next_day('wednesday')
fechas2/train/fechas2_004840.en.wav,in three days | relative_day(+3)
fechas2/train/fechas2_004841.en.wav,next thursday | next_day('thursday')
fechas2/train/fechas2_004842.en.wav,tomorrow | relative_day(+1)
fechas2/train/fechas2_004843.en.wav,please in three days | relative_day(+3)
fechas2/train/fechas2_004844.en.wav,next thursday | next_day('thursday')
fechas2/train/fechas2_004845.en.wav,next thursday please | next_day('thursday')
fechas2/train/fechas2_004846.en.wav,this wednesday | next_day('wednesday')
fechas2/train/fechas2_004847.en.wav,this coming wednesday | next_day('wednesday')
fechas2/train/fechas2_004848.en.wav,in three days thanks | relative_day(+3)
fechas2/train/fechas2_004849.en.wav,this coming thursday thanks | next_day('thursday')
fechas2/train/fechas2_004850.en.wav,next tuesday | next_day('tuesday')
fechas2/train/fechas2_004851.en.wav,in three days | relative_day(+3)
fechas2/train/fechas2_004852.en.wav,this thursday | next_day('thursday')
fechas2/train/fechas2_004853.en.wav,next thursday please | next_day('thursday')
fechas2/train/fechas2_004854.en.wav,in three days please | relative_day(+3)
fechas2/train/fechas2_004855.en.wav,the following friday | next_day('friday')
fechas2/train/fechas2_004856.en.wav,in three days please | relative_day(+3)
fechas2/train/fechas2_004857.en.wav,this coming wednesday | next_day('wednesday')
fechas2/train/fechas2_004858.en.wav,next thursday thank you | next_day('thursday')
fechas2/train/fechas2_004859.en.wav,this coming friday | next_day('friday')
fechas2/train/fechas2_004860.en.wav,this thursday please | next_day('thursday')
fechas2/train/fechas2_004861.en.wav,next friday please | next_day('friday')
fechas2/train/fechas2_004862.en.wav,this friday | next_day('friday')
fechas2/train/fechas2_004863.en.wav,the following friday | next_day('friday')
fechas2/train/fechas2_004864.en.wav,in three days | relative_day(+3)
fechas2/train/fechas2_004865.en.wav,next thursday | next_day('thursday')
fechas2/train/fechas2_004866.en.wav,monday | next_day('monday')
fechas2/train/fechas2_004867.en.wav,the day after tomorrow thanks | relative_day(+2)
fechas2/train/fechas2_004868.en.wav,please next thursday | next_day('thursday')
fechas2/train/fechas2_004869.en.wav,next thursday please | next_day('thursday')
fechas2/train/fechas2_004870.en.wav,in three days | relative_day(+3)
fechas2/train/fechas2_004871.en.wav,please next friday | next_day('friday')
fechas2/train/fechas2_004872.en.wav,please next wednesday | next_day('wednesday')
fechas2/train/fechas2_004873.en.wav,in three days | relative_day(+3)
fechas2/train/fechas2_004874.en.wav,in three days | relative_day(+3)
fechas2/train/fechas2_004875.en.wav,this coming wednesday thank you | next_day('wednesday')
fechas2/train/fechas2_004876.en.wav,this tuesday | next_day('tuesday')
fechas2/train/fechas2_004877.en.wav,wednesday | next_day('wednesday')
fechas2/train/fechas2_004878.en.wav,please next friday | next_day('friday')
fechas2/train/fechas2_004879.en.wav,this coming thursday | next_day('thursday')
fechas2/train/fechas2_004880.en.wav,this wednesday please | next_day('wednesday')
fechas2/train/fechas2_004881.en.wav,the day after tomorrow | relative_day(+2)
fechas2/train/fechas2_004882.en.wav,next friday | next_day('friday')
fechas2/train/fechas2_004883.en.wav,next tuesday | next_day('tuesday')
fechas2/train/fechas2_004884.en.wav,tomorrow please | relative_day(+1)
fechas2/train/fechas2_004885.en.wav,this coming tuesday | next_day('tuesday')
fechas2/train/fechas2_004886.en.wav,wednesday | next_day('wednesday')
fechas2/train/fechas2_004887.en.wav,this wednesday | next_day('wednesday')
fechas2/train/fechas2_004888.en.wav,the day after tomorrow please | relative_day(+2)
fechas2/train/fechas2_004889.en.wav,the day after tomorrow | relative_day(+2)
fechas2/train/fechas2_004890.en.wav,next thursday thank you | next_day('thursday')
fechas2/train/fechas2_004891.en.wav,tuesday | next_day('tuesday')
fechas2/train/fechas2_004892.en.wav,please next wednesday | next_day('wednesday')
fechas2/train/fechas2_004893.en.wav,next monday | next_day('monday')
fechas2/train/fechas2_004894.en.wav,in a couple of days thanks | relative_day(+2)
fechas2/train/fechas2_004895.en.wav,this coming tuesday please | next_day('tuesday')
fechas2/train/fechas2_004896.en.wav,next monday | next_day('monday')
fechas2/train/fechas2_004897.en.wav,the day after tomorrow | relative_day(+2)
fechas2/train/fechas2_004898.en.wav,the day after tomorrow | relative_day(+2)
fechas2/train/fechas2_004899.en.wav,wednesday | next_day('wednesday')
fechas2/train/fechas2_004900.en.wav,next tuesday | next_day('tuesday')
fechas2/train/fechas2_004901.en.wav,next monday | next_day('monday')
fechas2/train/fechas2_004902.en.wav,wednesday thank you | next_day('wednesday')
fechas2/train/fechas2_004903.en.wav,next friday thank you | next_day('friday')
fechas2/train/fechas2_004904.en.wav,wednesday please | next_day('wednesday')
fechas2/train/fechas2_004905.en.wav,in three days | relative_day(+3)
fechas2/train/fechas2_004906.en.wav,next wednesday please | next_day('wednesday')
fechas2/train/fechas2_004907.en.wav,next tuesday | next_day('tuesday')
fechas2/train/fechas2_004908.en.wav,this thursday thank you | next_day('thursday')
fechas2/train/fechas2_004909.en.wav,please in a couple of days | relative_day(+2)
fechas2/train/fechas2_004910.en.wav,in a couple of days | relative_day(+2)
fechas2/train/fechas2_004911.en.wav,please in three days | relative_day(+3)
fechas2/train/fechas2_004912.en.wav,thursday please | next_day('thursday')
fechas2/train/fechas2_004913.en.wav,this coming thursday thank you | next_day('thursday')
fechas2/train/fechas2_004914.en.wav,the following thursday | next_day('thursday')
fechas2/train/fechas2_004915.en.wav,please this wednesday | next_day('wednesday')
fechas2/train/fechas2_004916.en.wav,in a couple of days please | relative_day(+2)
fechas2/train/fechas2_004917.en.wav,please this tuesday | next_day('tuesday')
fechas2/train/fechas2_004918.en.wav,wednesday please | next_day('wednesday')
fechas2/train/fechas2_004919.en.wav,next friday | next_day('friday')
fechas2/train/fechas2_004920.en.wav,next wednesday | next_day('wednesday')
fechas2/train/fechas2_004921.en.wav,next wednesday | next_day('wednesday')
fechas2/train/fechas2_004922.en.wav,in a couple of days please | relative_day(+2)
fechas2/train/fechas2_004923.en.wav,in three days thanks | relative_day(+3)
fechas2/train/fechas2_004924.en.wav,please this monday | next_day('monday')
fechas2/train/fechas2_004925.en.wav,next thursday | next_day('thursday')
fechas2/train/fechas2_004926.en.wav,tuesday | next_day('tuesday')
fechas2/train/fechas2_004927.en.wav,please in three days | relative_day(+3)
fechas2/train/fechas2_004928.en.wav,next wednesday | next_day('wednesday')
fechas2/train/fechas2_004929.en.wav,monday | next_day('monday')
fechas2/train/fechas2_004930.en.wav,this coming wednesday | next_day('wednesday')
fechas2/train/fechas2_004931.en.wav,please on thursday | next_day('thursday')
fechas2/train/fechas2_004932.en.wav,the day after tomorrow please | relative_day(+2)
fechas2/train/fechas2_004933.en.wav,this wednesday | next_day('wednesday')
fechas2/train/fechas2_004934.en.wav,tomorrow thank you | relative_day(+1)
fechas2/train/fechas2_004935.en.wav,the following monday | next_day('monday')
fechas2/train/fechas2_004936.en.wav,in a couple of days | relative_day(+2)
fechas2/train/fechas2_004937.en.wav,next friday thank you | next_day('friday')
fechas2/train/fechas2_004938.en.wav,next monday | next_day('monday')
fechas2/train/fechas2_004939.en.wav,the day after tomorrow | relative_day(+2)
fechas2/train/fechas2_004940.en.wav,this wednesday | next_day('wednesday')
fechas2/train/fechas2_004941.en.wav,day after tomorrow | relative_day(+2)
fechas2/train/fechas2_004942.en.wav,in three days | relative_day(+3)
fechas2/train/fechas2_004943.en.wav,in three days thanks | relative_day(+3)
fechas2/train/fechas2_004944.en.wav,tomorrow | relative_day(+1)
fechas2/train/fechas2_004945.en.wav,tuesday thank you. | next_day('tuesday')
fechas2/train/fechas2_004946.en.wav,next friday thank you | next_day('friday')
fechas2/train/fechas2_004947.en.wav,next friday | next_day('friday')
fechas2/train/fechas2_004948.en.wav,monday | next_day('monday')
fechas2/train/fechas2_004949.en.wav,next friday thank you | next_day('friday')
fechas2/train/fechas2_004950.en.wav,tomorrow | relative_day(+1)
fechas2/train/fechas2_004951.en.wav,tomorrow please | relative_day(+1)
fechas2/train/fechas2_004952.en.wav,this coming wednesday | next_day('wednesday')
fechas2/train/fechas2_004953.en.wav,this coming wednesday | next_day('wednesday')
fechas2/train/fechas2_004954.en.wav,wednesday thank you | next_day('wednesday')
fechas2/train/fechas2_004955.en.wav,in a couple of days please | relative_day(+2)
fechas2/train/fechas2_004956.en.wav,next friday thank you | next_day('friday')
fechas2/train/fechas2_004957.en.wav,tomorrow | relative_day(+1)
fechas2/train/fechas2_004958.en.wav,in a couple of days | relative_day(+2)
fechas2/train/fechas2_004959.en.wav,in three days thanks | relative_day(+3)
fechas2/train/fechas2_004960.en.wav,next thursday | next_day('thursday')
fechas2/train/fechas2_004961.en.wav,next wednesday | next_day('wednesday')
fechas2/train/fechas2_004962.en.wav,next monday | next_day('monday')
fechas2/train/fechas2_004963.en.wav,this coming monday | next_day('monday')
fechas2/train/fechas2_004964.en.wav,next wednesday | next_day('wednesday')
fechas2/train/fechas2_004965.en.wav,please in a couple of days | relative_day(+2)
fechas2/train/fechas2_004966.en.wav,the following thursday | next_day('thursday')
fechas2/train/fechas2_004967.en.wav,next friday | next_day('friday')
fechas2/train/fechas2_004968.en.wav,this coming tuesday | next_day('tuesday')
fechas2/train/fechas2_004969.en.wav,next monday | next_day('monday')
fechas2/train/fechas2_004970.en.wav,please this coming monday | next_day('monday')
fechas2/train/fechas2_004971.en.wav,this coming tuesday thank you | next_day('tuesday')
fechas2/train/fechas2_004972.en.wav,next tuesday thank you | next_day('tuesday')
fechas2/train/fechas2_004973.en.wav,in a couple of days | relative_day(+2)
fechas2/train/fechas2_004974.en.wav,this coming thursday | next_day('thursday')
fechas2/train/fechas2_004975.en.wav,please in a couple of days | relative_day(+2)
fechas2/train/fechas2_004976.en.wav,please next friday | next_day('friday')
fechas2/train/fechas2_004977.en.wav,the day after tomorrow | relative_day(+2)
fechas2/train/fechas2_004978.en.wav,please this coming thursday | next_day('thursday')
fechas2/train/fechas2_004979.en.wav,next tuesday thank you | next_day('tuesday')
fechas2/train/fechas2_004980.en.wav,next friday thank you | next_day('friday')
fechas2/train/fechas2_004981.en.wav,thursday thank you | next_day('thursday')
fechas2/train/fechas2_004982.en.wav,in a couple of days | relative_day(+2)
fechas2/train/fechas2_004983.en.wav,this friday | next_day('friday')
fechas2/train/fechas2_004984.en.wav,next wednesday | next_day('wednesday')
fechas2/train/fechas2_004985.en.wav,this coming tuesday | next_day('tuesday')
fechas2/train/fechas2_004986.en.wav,please next wednesday | next_day('wednesday')
fechas2/train/fechas2_004987.en.wav,next tuesday thank you | next_day('tuesday')
fechas2/train/fechas2_004988.en.wav,this coming tuesday | next_day('tuesday')
fechas2/train/fechas2_004989.en.wav,next monday | next_day('monday')
fechas2/train/fechas2_004990.en.wav,tomorrow | relative_day(+1)
fechas2/train/fechas2_004991.en.wav,this coming wednesday thank you | next_day('wednesday')
fechas2/train/fechas2_004992.en.wav,in three days please | relative_day(+3)
fechas2/train/fechas2_004993.en.wav,the day after tomorrow thanks | relative_day(+2)
fechas2/train/fechas2_004994.en.wav,in a couple of days | relative_day(+2)
fechas2/train/fechas2_004995.en.wav,day after tomorrow | relative_day(+2)
fechas2/train/fechas2_004996.en.wav,this coming tuesday | next_day('tuesday')
fechas2/train/fechas2_004997.en.wav,next monday | next_day('monday')
fechas2/train/fechas2_004998.en.wav,this monday | next_day('monday')
fechas2/train/fechas2_004999.en.wav,the following monday thanks | next_day('monday')
fechas2/train/fechas2_005000.en.wav,this coming tuesday | next_day('tuesday')
fechas2/train/fechas2_005001.en.wav,tuesday | next_day('tuesday')
fechas2/train/fechas2_005002.en.wav,next thursday | next_day('thursday')
fechas2/train/fechas2_005003.en.wav,in three days | relative_day(+3)
fechas2/train/fechas2_005004.en.wav,wednesday | next_day('wednesday')
fechas2/train/fechas2_005005.en.wav,tuesday | next_day('tuesday')
fechas2/train/fechas2_005006.en.wav,in a couple of days thanks | relative_day(+2)
fechas2/train/fechas2_005007.en.wav,this coming monday | next_day('monday')
fechas2/train/fechas2_005008.en.wav,this wednesday thank you | next_day('wednesday')
fechas2/train/fechas2_005009.en.wav,thursday | next_day('thursday')
fechas2/train/fechas2_005010.en.wav,the day after tomorrow | relative_day(+2)
fechas2/train/fechas2_005011.en.wav,next wednesday | next_day('wednesday')
fechas2/train/fechas2_005012.en.wav,please in three days | relative_day(+3)
fechas2/train/fechas2_005013.en.wav,please next friday | next_day('friday')
fechas2/train/fechas2_005014.en.wav,next tuesday | next_day('tuesday')
fechas2/train/fechas2_005015.en.wav,please this coming thursday | next_day('thursday')
fechas2/train/fechas2_005016.en.wav,next monday | next_day('monday')
fechas2/train/fechas2_005017.en.wav,please this coming friday | next_day('friday')
fechas2/train/fechas2_005018.en.wav,in three days | relative_day(+3)
fechas2/train/fechas2_005019.en.wav,next thursday thank you | next_day('thursday')
fechas2/train/fechas2_005020.en.wav,this friday | next_day('friday')
fechas2/train/fechas2_005021.en.wav,next friday | next_day('friday')
fechas2/train/fechas2_005022.en.wav,next tuesday please | next_day('tuesday')
fechas2/train/fechas2_005023.en.wav,this coming thursday | next_day('thursday')
fechas2/train/fechas2_005024.en.wav,please next thursday | next_day('thursday')
fechas2/train/fechas2_005025.en.wav,this thursday please | next_day('thursday')
fechas2/train/fechas2_005026.en.wav,this coming thursday | next_day('thursday')
fechas2/train/fechas2_005027.en.wav,the following monday | next_day('monday')
fechas2/train/fechas2_005028.en.wav,next wednesday | next_day('wednesday')
fechas2/train/fechas2_005029.en.wav,please next wednesday | next_day('wednesday')
fechas2/train/fechas2_005030.en.wav,next wednesday thanks | next_day('wednesday')
fechas2/train/fechas2_005031.en.wav,this coming thursday | next_day('thursday')
fechas2/train/fechas2_005032.en.wav,please this tuesday | next_day('tuesday')
fechas2/train/fechas2_005033.en.wav,this friday | next_day('friday')
fechas2/train/fechas2_005034.en.wav,please in a couple of days | relative_day(+2)
fechas2/train/fechas2_005035.en.wav,please on monday | next_day('monday')
fechas2/train/fechas2_005036.en.wav,please this coming friday | next_day('friday')
fechas2/train/fechas2_005037.en.wav,this coming tuesday | next_day('tuesday')
fechas2/train/fechas2_005038.en.wav,friday thank you | next_day('friday')
fechas2/train/fechas2_005039.en.wav,next tuesday | next_day('tuesday')
fechas2/train/fechas2_005040.en.wav,next friday thank you | next_day('friday')
fechas2/train/fechas2_005041.en.wav,in three days | relative_day(+3)
fechas2/train/fechas2_005042.en.wav,next monday | next_day('monday')
fechas2/train/fechas2_005043.en.wav,tomorrow | relative_day(+1)
fechas2/train/fechas2_005044.en.wav,wednesday | next_day('wednesday')
fechas2/train/fechas2_005045.en.wav,next friday | next_day('friday')
fechas2/train/fechas2_005046.en.wav,this coming thursday | next_day('thursday')
fechas2/train/fechas2_005047.en.wav,next friday | next_day('friday')
fechas2/train/fechas2_005048.en.wav,the following thursday | next_day('thursday')
fechas2/train/fechas2_005049.en.wav,please tomorrow | relative_day(+1)
fechas2/train/fechas2_005050.en.wav,wednesday thank you | next_day('wednesday')
fechas2/train/fechas2_005051.en.wav,tuesday | next_day('tuesday')
fechas2/train/fechas2_005052.en.wav,please next thursday | next_day('thursday')
fechas2/train/fechas2_005053.en.wav,this tuesday | next_day('tuesday')
fechas2/train/fechas2_005054.en.wav,please next wednesday | next_day('wednesday')
fechas2/train/fechas2_005055.en.wav,the following monday | next_day('monday')
fechas2/train/fechas2_005056.en.wav,next friday | next_day('friday')
fechas2/train/fechas2_005057.en.wav,this tuesday please | next_day('tuesday')
fechas2/train/fechas2_005058.en.wav,tuesday | next_day('tuesday')
fechas2/train/fechas2_005059.en.wav,please next wednesday | next_day('wednesday')
fechas2/train/fechas2_005060.en.wav,this thursday please | next_day('thursday')
fechas2/train/fechas2_005061.en.wav,next wednesday please | next_day('wednesday')
fechas2/train/fechas2_005062.en.wav,in three days | relative_day(+3)
fechas2/train/fechas2_005063.en.wav,this monday | next_day('monday')
fechas2/train/fechas2_005064.en.wav,monday | next_day('monday')
fechas2/train/fechas2_005065.en.wav,this coming tuesday | next_day('tuesday')
fechas2/train/fechas2_005066.en.wav,this thursday | next_day('thursday')
fechas2/train/fechas2_005067.en.wav,in three days | relative_day(+3)
fechas2/train/fechas2_005068.en.wav,please on friday | next_day('friday')
fechas2/train/fechas2_005069.en.wav,next tuesday | next_day('tuesday')
fechas2/train/fechas2_005070.en.wav,next monday thank you | next_day('monday')
fechas2/train/fechas2_005071.en.wav,in three days please | relative_day(+3)
fechas2/train/fechas2_005072.en.wav,in three days | relative_day(+3)
fechas2/train/fechas2_005073.en.wav,wednesday | next_day('wednesday')
fechas2/train/fechas2_005074.en.wav,wednesday thank you | next_day('wednesday')
fechas2/train/fechas2_005075.en.wav,in three days | relative_day(+3)
fechas2/train/fechas2_005076.en.wav,friday | next_day('friday')
fechas2/train/fechas2_005077.en.wav,this wednesday | next_day('wednesday')
fechas2/train/fechas2_005078.en.wav,this coming wednesday please | next_day('wednesday')
fechas2/train/fechas2_005079.en.wav,this monday thank you | next_day('monday')
fechas2/train/fechas2_005080.en.wav,in a couple of days | relative_day(+2)
fechas2/train/fechas2_005081.en.wav,please next thursday | next_day('thursday')
fechas2/train/fechas2_005082.en.wav,next friday | next_day('friday')
fechas2/train/fechas2_005083.en.wav,in three days | relative_day(+3)
fechas2/train/fechas2_005084.en.wav,next tuesday please | next_day('tuesday')
fechas2/train/fechas2_005085.en.wav,this friday | next_day('friday')
fechas2/train/fechas2_005086.en.wav,next wednesday | next_day('wednesday')
fechas2/train/fechas2_005087.en.wav,this coming monday | next_day('monday')
fechas2/train/fechas2_005088.en.wav,please in three days | relative_day(+3)
fechas2/train/fechas2_005089.en.wav,in three days | relative_day(+3)
fechas2/train/fechas2_005090.en.wav,tuesday | next_day('tuesday')
fechas2/train/fechas2_005091.en.wav,next tuesday please | next_day('tuesday')
fechas2/train/fechas2_005092.en.wav,next thursday | next_day('thursday')
fechas2/train/fechas2_005093.en.wav,please in a couple of days | relative_day(+2)
fechas2/train/fechas2_005094.en.wav,next friday | next_day('friday')
fechas2/train/fechas2_005095.en.wav,tomorrow please | relative_day(+1)
fechas2/train/fechas2_005096.en.wav,friday thank you | next_day('friday')
fechas2/train/fechas2_005097.en.wav,this monday please | next_day('monday')
fechas2/train/fechas2_005098.en.wav,in a couple of days | relative_day(+2)
fechas2/train/fechas2_005099.en.wav,next friday | next_day('friday')
fechas2/train/fechas2_005100.en.wav,this coming wednesday please | next_day('wednesday')
fechas2/train/fechas2_005101.en.wav,this coming tuesday | next_day('tuesday')
fechas2/train/fechas2_005102.en.wav,next monday | next_day('monday')
fechas2/train/fechas2_005103.en.wav,tomorrow | relative_day(+1)
fechas2/train/fechas2_005104.en.wav,please next tuesday | next_day('tuesday')
fechas2/train/fechas2_005105.en.wav,next wednesday | next_day('wednesday')
fechas2/train/fechas2_005106.en.wav,please next thursday | next_day('thursday')
fechas2/train/fechas2_005107.en.wav,please this tuesday | next_day('tuesday')
fechas2/train/fechas2_005108.en.wav,this coming wednesday | next_day('wednesday')
fechas2/train/fechas2_005109.en.wav,next monday | next_day('monday')
fechas2/train/fechas2_005110.en.wav,next monday | next_day('monday')
fechas2/train/fechas2_005111.en.wav,please on wednesday | next_day('wednesday')
fechas2/train/fechas2_005112.en.wav,this coming monday | next_day('monday')
fechas2/train/fechas2_005113.en.wav,next tuesday please | next_day('tuesday')
fechas2/train/fechas2_005114.en.wav,the day after tomorrow | relative_day(+2)
fechas2/train/fechas2_005115.en.wav,tomorrow | relative_day(+1)
fechas2/train/fechas2_005116.en.wav,next tuesday | next_day('tuesday')
fechas2/train/fechas2_005117.en.wav,next thursday thank you | next_day('thursday')
fechas2/train/fechas2_005118.en.wav,in a couple of days | relative_day(+2)
fechas2/train/fechas2_005119.en.wav,please on wednesday | next_day('wednesday')
fechas2/train/fechas2_005120.en.wav,next thursday | next_day('thursday')
fechas2/train/fechas2_005121.en.wav,in a couple of days | relative_day(+2)
fechas2/train/fechas2_005122.en.wav,next wednesday | next_day('wednesday')
fechas2/train/fechas2_005123.en.wav,next monday | next_day('monday')
fechas2/train/fechas2_005124.en.wav,next wednesday | next_day('wednesday')
fechas2/train/fechas2_005125.en.wav,next tuesday | next_day('tuesday')
fechas2/train/fechas2_005126.en.wav,this coming wednesday | next_day('wednesday')
fechas2/train/fechas2_005127.en.wav,in three days please | relative_day(+3)
fechas2/train/fechas2_005128.en.wav,the following thursday | next_day('thursday')
fechas2/train/fechas2_005129.en.wav,in three days | relative_day(+3)
fechas2/train/fechas2_005130.en.wav,this coming tuesday | next_day('tuesday')
fechas2/train/fechas2_005131.en.wav,next monday | next_day('monday')
fechas2/train/fechas2_005132.en.wav,on monday please | next_day('monday')
fechas2/train/fechas2_005133.en.wav,this thursday | next_day('thursday')
fechas2/train/fechas2_005134.en.wav,monday | next_day('monday')
fechas2/train/fechas2_005135.en.wav,this tuesday please | next_day('tuesday')
fechas2/train/fechas2_005136.en.wav,next friday | next_day('friday')
fechas2/train/fechas2_005137.en.wav,monday | next_day('monday')
fechas2/train/fechas2_005138.en.wav,in three days | relative_day(+3)
fechas2/train/fechas2_005139.en.wav,this coming wednesday | next_day('wednesday')
fechas2/train/fechas2_005140.en.wav,next monday please | next_day('monday')
fechas2/train/fechas2_005141.en.wav,next thursday | next_day('thursday')
fechas2/train/fechas2_005142.en.wav,next wednesday | next_day('wednesday')
fechas2/train/fechas2_005143.en.wav,next thursday please | next_day('thursday')
fechas2/train/fechas2_005144.en.wav,the following wednesday | next_day('wednesday')
fechas2/train/fechas2_005145.en.wav,next friday | next_day('friday')
fechas2/train/fechas2_005146.en.wav,friday | next_day('friday')
fechas2/train/fechas2_005147.en.wav,please next thursday | next_day('thursday')
fechas2/train/fechas2_005148.en.wav,next tuesday please | next_day('tuesday')
fechas2/train/fechas2_005149.en.wav,next monday | next_day('monday')
fechas2/train/fechas2_005150.en.wav,wednesday | next_day('wednesday')
fechas2/train/fechas2_005151.en.wav,this monday thank you | next_day('monday')
fechas2/train/fechas2_005152.en.wav,please this coming monday | next_day('monday')
fechas2/train/fechas2_005153.en.wav,please on tuesday | next_day('tuesday')
fechas2/train/fechas2_005154.en.wav,this thursday | next_day('thursday')
fechas2/train/fechas2_005155.en.wav,this coming thursday please | next_day('thursday')
fechas2/train/fechas2_005156.en.wav,next monday | next_day('monday')
fechas2/train/fechas2_005157.en.wav,this coming monday please | next_day('monday')
fechas2/train/fechas2_005158.en.wav,please tomorrow | relative_day(+1)
fechas2/train/fechas2_005159.en.wav,next friday please | next_day('friday')
fechas2/train/fechas2_005160.en.wav,this coming wednesday please | next_day('wednesday')
fechas2/train/fechas2_005161.en.wav,next tuesday | next_day('tuesday')
fechas2/train/fechas2_005162.en.wav,in three days please | relative_day(+3)
fechas2/train/fechas2_005163.en.wav,tomorrow | relative_day(+1)
fechas2/train/fechas2_005164.en.wav,next tuesday | next_day('tuesday')
fechas2/train/fechas2_005165.en.wav,this thursday please | next_day('thursday')
fechas2/train/fechas2_005166.en.wav,this tuesday please | next_day('tuesday')
fechas2/train/fechas2_005167.en.wav,in three days | relative_day(+3)
fechas2/train/fechas2_005168.en.wav,tomorrow | relative_day(+1)
fechas2/train/fechas2_005169.en.wav,in three days please | relative_day(+3)
fechas2/train/fechas2_005170.en.wav,tuesday | next_day('tuesday')
fechas2/train/fechas2_005171.en.wav,friday | next_day('friday')
fechas2/train/fechas2_005172.en.wav,please in a couple of days | relative_day(+2)
fechas2/train/fechas2_005173.en.wav,this wednesday | next_day('wednesday')
fechas2/train/fechas2_005174.en.wav,this coming thursday | next_day('thursday')
fechas2/train/fechas2_005175.en.wav,next monday | next_day('monday')
fechas2/train/fechas2_005176.en.wav,this monday | next_day('monday')
fechas2/train/fechas2_005177.en.wav,next monday | next_day('monday')
fechas2/train/fechas2_005178.en.wav,please next wednesday | next_day('wednesday')
fechas2/train/fechas2_005179.en.wav,next thursday | next_day('thursday')
fechas2/train/fechas2_005180.en.wav,next wednesday | next_day('wednesday')
fechas2/train/fechas2_005181.en.wav,next wednesday please | next_day('wednesday')
fechas2/train/fechas2_005182.en.wav,next wednesday thank you | next_day('wednesday')
fechas2/train/fechas2_005183.en.wav,please in a couple of days | relative_day(+2)
fechas2/train/fechas2_005184.en.wav,in a couple of days | relative_day(+2)
fechas2/train/fechas2_005185.en.wav,please on friday | next_day('friday')
fechas2/train/fechas2_005186.en.wav,next thursday | next_day('thursday')
fechas2/train/fechas2_005187.en.wav,tuesday | next_day('tuesday')
fechas2/train/fechas2_005188.en.wav,next friday thank you | next_day('friday')
fechas2/train/fechas2_005189.en.wav,this thursday | next_day('thursday')
fechas2/train/fechas2_005190.en.wav,in three days | relative_day(+3)
fechas2/train/fechas2_005191.en.wav,this friday thank you | next_day('friday')
fechas2/train/fechas2_005192.en.wav,please next monday | next_day('monday')
fechas2/train/fechas2_005193.en.wav,this coming tuesday | next_day('tuesday')
fechas2/train/fechas2_005194.en.wav,tomorrow please | relative_day(+1)
fechas2/train/fechas2_005195.en.wav,please in three days | relative_day(+3)
fechas2/train/fechas2_005196.en.wav,this coming tuesday | next_day('tuesday')
fechas2/train/fechas2_005197.en.wav,please in three days | relative_day(+3)
fechas2/train/fechas2_005198.en.wav,thursday | next_day('thursday')
fechas2/train/fechas2_005199.en.wav,next monday | next_day('monday')
fechas2/train/fechas2_005200.en.wav,in three days please | relative_day(+3)
fechas2/train/fechas2_005201.en.wav,this coming wednesday please | next_day('wednesday')
fechas2/train/fechas2_005202.en.wav,next wednesday thank you | next_day('wednesday')
fechas2/train/fechas2_005203.en.wav,tomorrow | relative_day(+1)
fechas2/train/fechas2_005204.en.wav,tuesday please | next_day('tuesday')
fechas2/train/fechas2_005205.en.wav,monday | next_day('monday')
fechas2/train/fechas2_005206.en.wav,next tuesday please | next_day('tuesday')
fechas2/train/fechas2_005207.en.wav,please next wednesday | next_day('wednesday')
fechas2/train/fechas2_005208.en.wav,next wednesday | next_day('wednesday')
fechas2/train/fechas2_005209.en.wav,this wednesday | next_day('wednesday')
fechas2/train/fechas2_005210.en.wav,next wednesday | next_day('wednesday')
fechas2/train/fechas2_005211.en.wav,in a couple of days | relative_day(+2)
fechas2/train/fechas2_005212.en.wav,next tuesday | next_day('tuesday')
fechas2/train/fechas2_005213.en.wav,next friday thank you | next_day('friday')
fechas2/train/fechas2_005214.en.wav,in a couple of days | relative_day(+2)
fechas2/train/fechas2_005215.en.wav,please next wednesday | next_day('wednesday')
fechas2/train/fechas2_005216.en.wav,in a couple of days please | relative_day(+2)
fechas2/train/fechas2_005217.en.wav,next monday | next_day('monday')
fechas2/train/fechas2_005218.en.wav,please next monday | next_day('monday')
fechas2/train/fechas2_005219.en.wav,thursday | next_day('thursday')
fechas2/train/fechas2_005220.en.wav,next friday | next_day('friday')
fechas2/train/fechas2_005221.en.wav,please on tuesday | next_day('tuesday')
fechas2/train/fechas2_005222.en.wav,in three days | relative_day(+3)
fechas2/train/fechas2_005223.en.wav,monday | next_day('monday')
fechas2/train/fechas2_005224.en.wav,please tomorrow | relative_day(+1)
fechas2/train/fechas2_005225.en.wav,this coming thursday | next_day('thursday')
fechas2/train/fechas2_005226.en.wav,this wednesday please | next_day('wednesday')
fechas2/train/fechas2_005227.en.wav,next thursday thank you | next_day('thursday')
fechas2/train/fechas2_005228.en.wav,next wednesday | next_day('wednesday')
fechas2/train/fechas2_005229.en.wav,next monday | next_day('monday')
fechas2/train/fechas2_005230.en.wav,this coming tuesday | next_day('tuesday')
fechas2/train/fechas2_005231.en.wav,thursday | next_day('thursday')
fechas2/train/fechas2_005232.en.wav,in a couple of days | relative_day(+2)
fechas2/train/fechas2_005233.en.wav,next wednesday | next_day('wednesday')
fechas2/train/fechas2_005234.en.wav,please this thursday | next_day('thursday')
fechas2/train/fechas2_005235.en.wav,in a couple of days | relative_day(+2)
fechas2/train/fechas2_005236.en.wav,next monday please | next_day('monday')
fechas2/train/fechas2_005237.en.wav,next friday | next_day('friday')
fechas2/train/fechas2_005238.en.wav,in a couple of days | relative_day(+2)
fechas2/train/fechas2_005239.en.wav,next tuesday | next_day('tuesday')
fechas2/train/fechas2_005240.en.wav,wednesday | next_day('wednesday')
fechas2/train/fechas2_005241.en.wav,next monday | next_day('monday')
fechas2/train/fechas2_005242.en.wav,next thursday | next_day('thursday')
fechas2/train/fechas2_005243.en.wav,the day after tomorrow | relative_day(+2)
fechas2/train/fechas2_005244.en.wav,this wednesday | next_day('wednesday')
fechas2/train/fechas2_005245.en.wav,in a couple of days thanks | relative_day(+2)
fechas2/train/fechas2_005246.en.wav,this thursday thank you | next_day('thursday')
fechas2/train/fechas2_005247.en.wav,next wednesday please | next_day('wednesday')
fechas2/train/fechas2_005248.en.wav,this coming monday | next_day('monday')
fechas2/train/fechas2_005249.en.wav,please on thursday | next_day('thursday')
fechas2/train/fechas2_005250.en.wav,this thursday | next_day('thursday')
fechas2/train/fechas2_005251.en.wav,please this tuesday | next_day('tuesday')
fechas2/train/fechas2_005252.en.wav,this coming wednesday | next_day('wednesday')
fechas2/train/fechas2_005253.en.wav,please tomorrow | relative_day(+1)
fechas2/train/fechas2_005254.en.wav,this coming monday | next_day('monday')
fechas2/train/fechas2_005255.en.wav,please on monday | next_day('monday')
fechas2/train/fechas2_005256.en.wav,next monday please | next_day('monday')
fechas2/train/fechas2_005257.en.wav,this coming monday please | next_day('monday')
fechas2/train/fechas2_005258.en.wav,in three days please | relative_day(+3)
fechas2/train/fechas2_005259.en.wav,this monday | next_day('monday')
fechas2/train/fechas2_005260.en.wav,in three days | relative_day(+3)
fechas2/train/fechas2_005261.en.wav,next wednesday | next_day('wednesday')
fechas2/train/fechas2_005262.en.wav,next friday | next_day('friday')
fechas2/train/fechas2_005263.en.wav,in three days thanks | relative_day(+3)
fechas2/train/fechas2_005264.en.wav,thursday | next_day('thursday')
fechas2/train/fechas2_005265.en.wav,please in three days | relative_day(+3)
fechas2/train/fechas2_005266.en.wav,next friday | next_day('friday')
fechas2/train/fechas2_005267.en.wav,in a couple of days | relative_day(+2)
fechas2/train/fechas2_005268.en.wav,this coming friday please | next_day('friday')
fechas2/train/fechas2_005269.en.wav,in a couple of days | relative_day(+2)
fechas2/train/fechas2_005270.en.wav,next monday | next_day('monday')
fechas2/train/fechas2_005271.en.wav,this coming tuesday please | next_day('tuesday')
fechas2/train/fechas2_005272.en.wav,next friday please | next_day('friday')
fechas2/train/fechas2_005273.en.wav,next thursday | next_day('thursday')
fechas2/train/fechas2_005274.en.wav,please next thursday | next_day('thursday')
fechas2/train/fechas2_005275.en.wav,the day after tomorrow thanks | relative_day(+2)
fechas2/train/fechas2_005276.en.wav,in a couple of days | relative_day(+2)
fechas2/train/fechas2_005277.en.wav,next friday please | next_day('friday')
fechas2/train/fechas2_005278.en.wav,in a couple of days thanks | relative_day(+2)
fechas2/train/fechas2_005279.en.wav,day after tomorrow | relative_day(+2)
fechas2/train/fechas2_005280.en.wav,in three days thanks | relative_day(+3)
fechas2/train/fechas2_005281.en.wav,next friday thank you | next_day('friday')
fechas2/train/fechas2_005282.en.wav,the following monday thanks | next_day('monday')
fechas2/train/fechas2_005283.en.wav,this friday please | next_day('friday')
fechas2/train/fechas2_005284.en.wav,next monday | next_day('monday')
fechas2/train/fechas2_005285.en.wav,please next wednesday | next_day('wednesday')
fechas2/train/fechas2_005286.en.wav,please next tuesday | next_day('tuesday')
fechas2/train/fechas2_005287.en.wav,tomorrow please | relative_day(+1)
fechas2/train/fechas2_005288.en.wav,tomorrow | relative_day(+1)
fechas2/train/fechas2_005289.en.wav,this coming wednesday thanks | next_day('wednesday')
fechas2/train/fechas2_005290.en.wav,next thursday | next_day('thursday')
fechas2/train/fechas2_005291.en.wav,next friday thank you | next_day('friday')
fechas2/train/fechas2_005292.en.wav,this friday | next_day('friday')
fechas2/train/fechas2_005293.en.wav,next thursday | next_day('thursday')
fechas2/train/fechas2_005294.en.wav,next thursday thank you | next_day('thursday')
fechas2/train/fechas2_005295.en.wav,in three days | relative_day(+3)
fechas2/train/fechas2_005296.en.wav,the following friday | next_day('friday')
fechas2/train/fechas2_005297.en.wav,please next monday | next_day('monday')
fechas2/train/fechas2_005298.en.wav,next tuesday thanks | next_day('tuesday')
fechas2/train/fechas2_005299.en.wav,wednesday | next_day('wednesday')
fechas2/train/fechas2_005300.en.wav,monday | next_day('monday')
fechas2/train/fechas2_005301.en.wav,the day after tomorrow | relative_day(+2)
fechas2/train/fechas2_005302.en.wav,next thursday thank you | next_day('thursday')
fechas2/train/fechas2_005303.en.wav,this tuesday | next_day('tuesday')
fechas2/train/fechas2_005304.en.wav,this monday | next_day('monday')
fechas2/train/fechas2_005305.en.wav,this monday | next_day('monday')
fechas2/train/fechas2_005306.en.wav,the day after tomorrow | relative_day(+2)
fechas2/train/fechas2_005307.en.wav,next friday thanks | next_day('friday')
fechas2/train/fechas2_005308.en.wav,the day after tomorrow | relative_day(+2)
fechas2/train/fechas2_005309.en.wav,this coming friday please | next_day('friday')
fechas2/train/fechas2_005310.en.wav,this coming monday please | next_day('monday')
fechas2/train/fechas2_005311.en.wav,in three days | relative_day(+3)
fechas2/train/fechas2_005312.en.wav,next thursday | next_day('thursday')
fechas2/train/fechas2_005313.en.wav,please tomorrow | relative_day(+1)
fechas2/train/fechas2_005314.en.wav,next friday thank you | next_day('friday')
fechas2/train/fechas2_005315.en.wav,next tuesday | next_day('tuesday')
fechas2/train/fechas2_005316.en.wav,tuesday | next_day('tuesday')
fechas2/train/fechas2_005317.en.wav,please this tuesday | next_day('tuesday')
fechas2/train/fechas2_005318.en.wav,in three days | relative_day(+3)
fechas2/train/fechas2_005319.en.wav,this coming tuesday | next_day('tuesday')
fechas2/train/fechas2_005320.en.wav,next wednesday | next_day('wednesday')
fechas2/train/fechas2_005321.en.wav,this thursday | next_day('thursday')
fechas2/train/fechas2_005322.en.wav,tomorrow | relative_day(+1)
fechas2/train/fechas2_005323.en.wav,in a couple of days | relative_day(+2)
fechas2/train/fechas2_005324.en.wav,in three days please | relative_day(+3)
fechas2/train/fechas2_005325.en.wav,friday | next_day('friday')
fechas2/train/fechas2_005326.en.wav,next thursday thank you | next_day('thursday')
fechas2/train/fechas2_005327.en.wav,in a couple of days thanks | relative_day(+2)
fechas2/train/fechas2_005328.en.wav,this thursday | next_day('thursday')
fechas2/train/fechas2_005329.en.wav,in a couple of days | relative_day(+2)
fechas2/train/fechas2_005330.en.wav,friday thank you | next_day('friday')
fechas2/train/fechas2_005331.en.wav,this coming friday | next_day('friday')
fechas2/train/fechas2_005332.en.wav,next friday please | next_day('friday')
fechas2/train/fechas2_005333.en.wav,next friday | next_day('friday')
fechas2/train/fechas2_005334.en.wav,please next tuesday | next_day('tuesday')
fechas2/train/fechas2_005335.en.wav,the day after tomorrow please | relative_day(+2)
fechas2/train/fechas2_005336.en.wav,next monday thank you | next_day('monday')
fechas2/train/fechas2_005337.en.wav,please this monday | next_day('monday')
fechas2/train/fechas2_005338.en.wav,the day after tomorrow thanks | relative_day(+2)
fechas2/train/fechas2_005339.en.wav,next monday | next_day('monday')
fechas2/train/fechas2_005340.en.wav,please this friday | next_day('friday')
fechas2/train/fechas2_005341.en.wav,please this coming friday | next_day('friday')
fechas2/train/fechas2_005342.en.wav,this tuesday | next_day('tuesday')
fechas2/train/fechas2_005343.en.wav,this coming wednesday please | next_day('wednesday')
fechas2/train/fechas2_005344.en.wav,this monday thank you | next_day('monday')
fechas2/train/fechas2_005345.en.wav,next friday | next_day('friday')
fechas2/train/fechas2_005346.en.wav,next wednesday | next_day('wednesday')
fechas2/train/fechas2_005347.en.wav,please next tuesday | next_day('tuesday')
fechas2/train/fechas2_005348.en.wav,please next wednesday | next_day('wednesday')
fechas2/train/fechas2_005349.en.wav,next wednesday | next_day('wednesday')
fechas2/train/fechas2_005350.en.wav,wednesday please | next_day('wednesday')
fechas2/train/fechas2_005351.en.wav,in a couple of days | relative_day(+2)
fechas2/train/fechas2_005352.en.wav,please next wednesday | next_day('wednesday')
fechas2/train/fechas2_005353.en.wav,next wednesday | next_day('wednesday')
fechas2/train/fechas2_005354.en.wav,next wednesday | next_day('wednesday')
fechas2/train/fechas2_005355.en.wav,next tuesday | next_day('tuesday')
fechas2/train/fechas2_005356.en.wav,in a couple of days | relative_day(+2)
fechas2/train/fechas2_005357.en.wav,next thursday | next_day('thursday')
fechas2/train/fechas2_005358.en.wav,this coming thursday | next_day('thursday')
fechas2/train/fechas2_005359.en.wav,tomorrow | relative_day(+1)
fechas2/train/fechas2_005360.en.wav,this tuesday | next_day('tuesday')
fechas2/train/fechas2_005361.en.wav,in a couple of days | relative_day(+2)
fechas2/train/fechas2_005362.en.wav,on monday please | next_day('monday')
fechas2/train/fechas2_005363.en.wav,this tuesday | next_day('tuesday')
fechas2/train/fechas2_005364.en.wav,next monday | next_day('monday')
fechas2/train/fechas2_005365.en.wav,next monday | next_day('monday')
fechas2/train/fechas2_005366.en.wav,in three days | relative_day(+3)
fechas2/train/fechas2_005367.en.wav,this thursday | next_day('thursday')
fechas2/train/fechas2_005368.en.wav,next monday | next_day('monday')
fechas2/train/fechas2_005369.en.wav,in three days | relative_day(+3)
fechas2/train/fechas2_005370.en.wav,this monday | next_day('monday')
fechas2/train/fechas2_005371.en.wav,the following monday | next_day('monday')
fechas2/train/fechas2_005372.en.wav,this coming wednesday | next_day('wednesday')
fechas2/train/fechas2_005373.en.wav,next tuesday | next_day('tuesday')
fechas2/train/fechas2_005374.en.wav,this coming tuesday | next_day('tuesday')
fechas2/train/fechas2_005375.en.wav,next wednesday | next_day('wednesday')
fechas2/train/fechas2_005376.en.wav,next tuesday | next_day('tuesday')
fechas2/train/fechas2_005377.en.wav,next wednesday | next_day('wednesday')
fechas2/train/fechas2_005378.en.wav,in three days | relative_day(+3)
fechas2/train/fechas2_005379.en.wav,next monday | next_day('monday')
fechas2/train/fechas2_005380.en.wav,next friday | next_day('friday')
fechas2/train/fechas2_005381.en.wav,the day after tomorrow | relative_day(+2)
fechas2/train/fechas2_005382.en.wav,in a couple of days | relative_day(+2)
fechas2/train/fechas2_005383.en.wav,this coming thursday | next_day('thursday')
fechas2/train/fechas2_005384.en.wav,this monday | next_day('monday')
fechas2/train/fechas2_005385.en.wav,in a couple of days | relative_day(+2)
fechas2/train/fechas2_005386.en.wav,next wednesday | next_day('wednesday')
fechas2/train/fechas2_005387.en.wav,this friday | next_day('friday')
fechas2/train/fechas2_005388.en.wav,please next monday | next_day('monday')
fechas2/train/fechas2_005389.en.wav,next tuesday | next_day('tuesday')
fechas2/train/fechas2_005390.en.wav,this friday | next_day('friday')
fechas2/train/fechas2_005391.en.wav,please this coming tuesday | next_day('tuesday')
fechas2/train/fechas2_005392.en.wav,this coming wednesday | next_day('wednesday')
fechas2/train/fechas2_005393.en.wav,please in a couple of days | relative_day(+2)
fechas2/train/fechas2_005394.en.wav,next wednesday | next_day('wednesday')
fechas2/train/fechas2_005395.en.wav,this monday | next_day('monday')
fechas2/train/fechas2_005396.en.wav,next wednesday please | next_day('wednesday')
fechas2/train/fechas2_005397.en.wav,next friday | next_day('friday')
fechas2/train/fechas2_005398.en.wav,in a couple of days | relative_day(+2)
fechas2/train/fechas2_005399.en.wav,next monday | next_day('monday')
fechas2/train/fechas2_005400.en.wav,thursday | next_day('thursday')
fechas2/train/fechas2_005401.en.wav,in a couple of days please | relative_day(+2)
fechas2/train/fechas2_005402.en.wav,in three days please | relative_day(+3)
fechas2/train/fechas2_005403.en.wav,this friday | next_day('friday')
fechas2/train/fechas2_005404.en.wav,wednesday please | next_day('wednesday')
fechas2/train/fechas2_005405.en.wav,next wednesday | next_day('wednesday')
fechas2/train/fechas2_005406.en.wav,next wednesday | next_day('wednesday')
fechas2/train/fechas2_005407.en.wav,this coming monday please | next_day('monday')
fechas2/train/fechas2_005408.en.wav,in a couple of days | relative_day(+2)
fechas2/train/fechas2_005409.en.wav,next friday | next_day('friday')
fechas2/train/fechas2_005410.en.wav,next wednesday | next_day('wednesday')
fechas2/train/fechas2_005411.en.wav,the day after tomorrow please | relative_day(+2)
fechas2/train/fechas2_005412.en.wav,please this coming thursday | next_day('thursday')
fechas2/train/fechas2_005413.en.wav,next friday | next_day('friday')
fechas2/train/fechas2_005414.en.wav,next thursday | next_day('thursday')
fechas2/train/fechas2_005415.en.wav,friday | next_day('friday')
fechas2/train/fechas2_005416.en.wav,in a couple of days thanks | relative_day(+2)
fechas2/train/fechas2_005417.en.wav,this wednesday | next_day('wednesday')
fechas2/train/fechas2_005418.en.wav,this coming monday | next_day('monday')
fechas2/train/fechas2_005419.en.wav,monday | next_day('monday')
fechas2/train/fechas2_005420.en.wav,please next wednesday | next_day('wednesday')
fechas2/train/fechas2_005421.en.wav,please next monday | next_day('monday')
fechas2/train/fechas2_005422.en.wav,please next friday | next_day('friday')
fechas2/train/fechas2_005423.en.wav,this coming friday thanks | next_day('friday')
fechas2/train/fechas2_005424.en.wav,please next thursday | next_day('thursday')
fechas2/train/fechas2_005425.en.wav,monday | next_day('monday')
fechas2/train/fechas2_005426.en.wav,the following wednesday | next_day('wednesday')
fechas2/train/fechas2_005427.en.wav,please next monday | next_day('monday')
fechas2/train/fechas2_005428.en.wav,please next monday | next_day('monday')
fechas2/train/fechas2_005429.en.wav,next wednesday | next_day('wednesday')
fechas2/train/fechas2_005430.en.wav,please in three days | relative_day(+3)
fechas2/train/fechas2_005431.en.wav,this wednesday | next_day('wednesday')
fechas2/train/fechas2_005432.en.wav,this coming tuesday thank you | next_day('tuesday')
fechas2/train/fechas2_005433.en.wav,in three days | relative_day(+3)
fechas2/train/fechas2_005434.en.wav,next monday thank you | next_day('monday')
fechas2/train/fechas2_005435.en.wav,in a couple of days thanks | relative_day(+2)
fechas2/train/fechas2_005436.en.wav,this coming friday thanks | next_day('friday')
fechas2/train/fechas2_005437.en.wav,tomorrow | relative_day(+1)
fechas2/train/fechas2_005438.en.wav,next friday thank you | next_day('friday')
fechas2/train/fechas2_005439.en.wav,wednesday | next_day('wednesday')
fechas2/train/fechas2_005440.en.wav,in a couple of days thanks | relative_day(+2)
fechas2/train/fechas2_005441.en.wav,next monday thank you | next_day('monday')
fechas2/train/fechas2_005442.en.wav,this coming tuesday please | next_day('tuesday')
fechas2/train/fechas2_005443.en.wav,day after tomorrow | relative_day(+2)
fechas2/train/fechas2_005444.en.wav,next monday please | next_day('monday')
fechas2/train/fechas2_005445.en.wav,tomorrow | relative_day(+1)
fechas2/train/fechas2_005446.en.wav,next friday | next_day('friday')
fechas2/train/fechas2_005447.en.wav,this friday | next_day('friday')
fechas2/train/fechas2_005448.en.wav,friday | next_day('friday')
fechas2/train/fechas2_005449.en.wav,tomorrow thank you | relative_day(+1)
fechas2/train/fechas2_005450.en.wav,this coming monday | next_day('monday')
fechas2/train/fechas2_005451.en.wav,please next friday | next_day('friday')
fechas2/train/fechas2_005452.en.wav,next tuesday please | next_day('tuesday')
fechas2/train/fechas2_005453.en.wav,next wednesday thanks | next_day('wednesday')
fechas2/train/fechas2_005454.en.wav,the day after tomorrow | relative_day(+2)
fechas2/train/fechas2_005455.en.wav,this coming tuesday | next_day('tuesday')
fechas2/train/fechas2_005456.en.wav,next wednesday | next_day('wednesday')
fechas2/train/fechas2_005457.en.wav,in three days | relative_day(+3)
fechas2/train/fechas2_005458.en.wav,next monday | next_day('monday')
fechas2/train/fechas2_005459.en.wav,this thursday | next_day('thursday')
fechas2/train/fechas2_005460.en.wav,this wednesday | next_day('wednesday')
fechas2/train/fechas2_005461.en.wav,next monday | next_day('monday')
fechas2/train/fechas2_005462.en.wav,in three days | relative_day(+3)
fechas2/train/fechas2_005463.en.wav,next monday | next_day('monday')
fechas2/train/fechas2_005464.en.wav,in three days | relative_day(+3)
fechas2/train/fechas2_005465.en.wav,please next thursday | next_day('thursday')
fechas2/train/fechas2_005466.en.wav,day after tomorrow | relative_day(+2)
fechas2/train/fechas2_005467.en.wav,next tuesday | next_day('tuesday')
fechas2/train/fechas2_005468.en.wav,next tuesday please | next_day('tuesday')
fechas2/train/fechas2_005469.en.wav,next monday | next_day('monday')
fechas2/train/fechas2_005470.en.wav,in three days | relative_day(+3)
fechas2/train/fechas2_005471.en.wav,next wednesday | next_day('wednesday')
fechas2/train/fechas2_005472.en.wav,this coming friday | next_day('friday')
fechas2/train/fechas2_005473.en.wav,in three days | relative_day(+3)
fechas2/train/fechas2_005474.en.wav,in a couple of days | relative_day(+2)
fechas2/train/fechas2_005475.en.wav,in three days please | relative_day(+3)
fechas2/train/fechas2_005476.en.wav,please this thursday | next_day('thursday')
fechas2/train/fechas2_005477.en.wav,please next friday | next_day('friday')
fechas2/train/fechas2_005478.en.wav,next monday | next_day('monday')
fechas2/train/fechas2_005479.en.wav,tomorrow please | relative_day(+1)
fechas2/train/fechas2_005480.en.wav,tuesday please | next_day('tuesday')
fechas2/train/fechas2_005481.en.wav,please this coming tuesday | next_day('tuesday')
fechas2/train/fechas2_005482.en.wav,next friday | next_day('friday')
fechas2/train/fechas2_005483.en.wav,this coming monday | next_day('monday')
fechas2/train/fechas2_005484.en.wav,next friday | next_day('friday')
fechas2/train/fechas2_005485.en.wav,in a couple of days please | relative_day(+2)
fechas2/train/fechas2_005486.en.wav,in a couple of days | relative_day(+2)
fechas2/train/fechas2_005487.en.wav,the day after tomorrow | relative_day(+2)
fechas2/train/fechas2_005488.en.wav,please this coming monday | next_day('monday')
fechas2/train/fechas2_005489.en.wav,next wednesday | next_day('wednesday')
fechas2/train/fechas2_005490.en.wav,this wednesday please | next_day('wednesday')
fechas2/train/fechas2_005491.en.wav,please this tuesday | next_day('tuesday')
fechas2/train/fechas2_005492.en.wav,day after tomorrow | relative_day(+2)
fechas2/train/fechas2_005493.en.wav,next wednesday please | next_day('wednesday')
fechas2/train/fechas2_005494.en.wav,next friday | next_day('friday')
fechas2/train/fechas2_005495.en.wav,next wednesday | next_day('wednesday')
fechas2/train/fechas2_005496.en.wav,in three days thanks | relative_day(+3)
fechas2/train/fechas2_005497.en.wav,please next friday | next_day('friday')
fechas2/train/fechas2_005498.en.wav,tuesday | next_day('tuesday')
fechas2/train/fechas2_005499.en.wav,in three days | relative_day(+3)
fechas2/train/fechas2_005500.en.wav,please in a couple of days | relative_day(+2)
fechas2/train/fechas2_005501.en.wav,next friday | next_day('friday')
fechas2/train/fechas2_005502.en.wav,this coming friday | next_day('friday')
fechas2/train/fechas2_005503.en.wav,please in three days | relative_day(+3)
fechas2/train/fechas2_005504.en.wav,next thursday | next_day('thursday')
fechas2/train/fechas2_005505.en.wav,in three days | relative_day(+3)
fechas2/train/fechas2_005506.en.wav,please next monday | next_day('monday')
fechas2/train/fechas2_005507.en.wav,this coming monday | next_day('monday')
fechas2/train/fechas2_005508.en.wav,monday | next_day('monday')
fechas2/train/fechas2_005509.en.wav,in three days thanks | relative_day(+3)
fechas2/train/fechas2_005510.en.wav,please in a couple of days | relative_day(+2)
fechas2/train/fechas2_005511.en.wav,this thursday | next_day('thursday')
fechas2/train/fechas2_005512.en.wav,please next monday | next_day('monday')
fechas2/train/fechas2_005513.en.wav,wednesday please | next_day('wednesday')
fechas2/train/fechas2_005514.en.wav,next thursday | next_day('thursday')
fechas2/train/fechas2_005515.en.wav,next monday | next_day('monday')
fechas2/train/fechas2_005516.en.wav,wednesday thank you | next_day('wednesday')
fechas2/train/fechas2_005517.en.wav,wednesday | next_day('wednesday')
fechas2/train/fechas2_005518.en.wav,the day after tomorrow | relative_day(+2)
fechas2/train/fechas2_005519.en.wav,please in a couple of days | relative_day(+2)
fechas2/train/fechas2_005520.en.wav,the day after tomorrow | relative_day(+2)
fechas2/train/fechas2_005521.en.wav,please in three days | relative_day(+3)
fechas2/train/fechas2_005522.en.wav,in a couple of days | relative_day(+2)
fechas2/train/fechas2_005523.en.wav,tomorrow | relative_day(+1)
fechas2/train/fechas2_005524.en.wav,next friday | next_day('friday')
fechas2/train/fechas2_005525.en.wav,on monday please | next_day('monday')
fechas2/train/fechas2_005526.en.wav,tuesday thank you. | next_day('tuesday')
fechas2/train/fechas2_005527.en.wav,in three days | relative_day(+3)
fechas2/train/fechas2_005528.en.wav,in a couple of days please | relative_day(+2)
fechas2/train/fechas2_005529.en.wav,tomorrow | relative_day(+1)
fechas2/train/fechas2_005530.en.wav,next friday | next_day('friday')
fechas2/train/fechas2_005531.en.wav,next monday | next_day('monday')
fechas2/train/fechas2_005532.en.wav,next friday | next_day('friday')
fechas2/train/fechas2_005533.en.wav,please this tuesday | next_day('tuesday')
fechas2/train/fechas2_005534.en.wav,next thursday | next_day('thursday')
fechas2/train/fechas2_005535.en.wav,tomorrow | relative_day(+1)
fechas2/train/fechas2_005536.en.wav,in three days | relative_day(+3)
fechas2/train/fechas2_005537.en.wav,next wednesday | next_day('wednesday')
fechas2/train/fechas2_005538.en.wav,this tuesday | next_day('tuesday')
fechas2/train/fechas2_005539.en.wav,please this friday | next_day('friday')
fechas2/train/fechas2_005540.en.wav,please next friday | next_day('friday')
fechas2/train/fechas2_005541.en.wav,next thursday | next_day('thursday')
fechas2/train/fechas2_005542.en.wav,please next tuesday | next_day('tuesday')
fechas2/train/fechas2_005543.en.wav,the following wednesday | next_day('wednesday')
fechas2/train/fechas2_005544.en.wav,please in a couple of days | relative_day(+2)
fechas2/train/fechas2_005545.en.wav,next wednesday | next_day('wednesday')
fechas2/train/fechas2_005546.en.wav,next wednesday | next_day('wednesday')
fechas2/train/fechas2_005547.en.wav,in three days | relative_day(+3)
fechas2/train/fechas2_005548.en.wav,next friday please | next_day('friday')
fechas2/train/fechas2_005549.en.wav,next thursday | next_day('thursday')
fechas2/train/fechas2_005550.en.wav,this wednesday | next_day('wednesday')
fechas2/train/fechas2_005551.en.wav,next tuesday please | next_day('tuesday')
fechas2/train/fechas2_005552.en.wav,in three days | relative_day(+3)
fechas2/train/fechas2_005553.en.wav,next wednesday | next_day('wednesday')
fechas2/train/fechas2_005554.en.wav,please in three days | relative_day(+3)
fechas2/train/fechas2_005555.en.wav,next wednesday please | next_day('wednesday')
fechas2/train/fechas2_005556.en.wav,please in a couple of days | relative_day(+2)
fechas2/train/fechas2_005557.en.wav,in three days | relative_day(+3)
fechas2/train/fechas2_005558.en.wav,next tuesday | next_day('tuesday')
fechas2/train/fechas2_005559.en.wav,next monday thank you | next_day('monday')
fechas2/train/fechas2_005560.en.wav,next thursday | next_day('thursday')
fechas2/train/fechas2_005561.en.wav,in a couple of days | relative_day(+2)
fechas2/train/fechas2_005562.en.wav,please on wednesday | next_day('wednesday')
fechas2/train/fechas2_005563.en.wav,please next friday | next_day('friday')
fechas2/train/fechas2_005564.en.wav,tuesday | next_day('tuesday')
fechas2/train/fechas2_005565.en.wav,next monday | next_day('monday')
fechas2/train/fechas2_005566.en.wav,next thursday | next_day('thursday')
fechas2/train/fechas2_005567.en.wav,this coming thursday | next_day('thursday')
fechas2/train/fechas2_005568.en.wav,next friday | next_day('friday')
fechas2/train/fechas2_005569.en.wav,this coming friday | next_day('friday')
fechas2/train/fechas2_005570.en.wav,please next thursday | next_day('thursday')
fechas2/train/fechas2_005571.en.wav,the day after tomorrow | relative_day(+2)
fechas2/train/fechas2_005572.en.wav,next monday | next_day('monday')
fechas2/train/fechas2_005573.en.wav,next thursday | next_day('thursday')
fechas2/train/fechas2_005574.en.wav,please in three days | relative_day(+3)
fechas2/train/fechas2_005575.en.wav,next wednesday please | next_day('wednesday')
fechas2/train/fechas2_005576.en.wav,this thursday | next_day('thursday')
fechas2/train/fechas2_005577.en.wav,next tuesday | next_day('tuesday')
fechas2/train/fechas2_005578.en.wav,next thursday | next_day('thursday')
fechas2/train/fechas2_005579.en.wav,next wednesday | next_day('wednesday')
fechas2/train/fechas2_005580.en.wav,the following thursday | next_day('thursday')
fechas2/train/fechas2_005581.en.wav,friday thank you | next_day('friday')
fechas2/train/fechas2_005582.en.wav,tuesday | next_day('tuesday')
fechas2/train/fechas2_005583.en.wav,this coming friday | next_day('friday')
fechas2/train/fechas2_005584.en.wav,next friday | next_day('friday')
fechas2/train/fechas2_005585.en.wav,in three days please | relative_day(+3)
fechas2/train/fechas2_005586.en.wav,please next monday | next_day('monday')
fechas2/train/fechas2_005587.en.wav,next wednesday | next_day('wednesday')
fechas2/train/fechas2_005588.en.wav,next monday | next_day('monday')
fechas2/train/fechas2_005589.en.wav,next friday | next_day('friday')
fechas2/train/fechas2_005590.en.wav,next tuesday please | next_day('tuesday')
fechas2/train/fechas2_005591.en.wav,next wednesday | next_day('wednesday')
fechas2/train/fechas2_005592.en.wav,this friday | next_day('friday')
fechas2/train/fechas2_005593.en.wav,thursday | next_day('thursday')
fechas2/train/fechas2_005594.en.wav,on monday please | next_day('monday')
fechas2/train/fechas2_005595.en.wav,in a couple of days | relative_day(+2)
fechas2/train/fechas2_005596.en.wav,please in a couple of days | relative_day(+2)
fechas2/train/fechas2_005597.en.wav,next thursday please | next_day('thursday')
fechas2/train/fechas2_005598.en.wav,tomorrow | relative_day(+1)
fechas2/train/fechas2_005599.en.wav,next tuesday please | next_day('tuesday')
fechas2/train/fechas2_005600.en.wav,please in three days | relative_day(+3)
fechas2/train/fechas2_005601.en.wav,in three days | relative_day(+3)
fechas2/train/fechas2_005602.en.wav,next monday | next_day('monday')
fechas2/train/fechas2_005603.en.wav,wednesday | next_day('wednesday')
fechas2/train/fechas2_005604.en.wav,next friday | next_day('friday')
fechas2/train/fechas2_005605.en.wav,next thursday | next_day('thursday')
fechas2/train/fechas2_005606.en.wav,this thursday | next_day('thursday')
fechas2/train/fechas2_005607.en.wav,this coming tuesday | next_day('tuesday')
fechas2/train/fechas2_005608.en.wav,this coming tuesday | next_day('tuesday')
fechas2/train/fechas2_005609.en.wav,next wednesday | next_day('wednesday')
fechas2/train/fechas2_005610.en.wav,next wednesday | next_day('wednesday')
fechas2/train/fechas2_005611.en.wav,tomorrow | relative_day(+1)
fechas2/train/fechas2_005612.en.wav,in a couple of days | relative_day(+2)
fechas2/train/fechas2_005613.en.wav,this coming tuesday | next_day('tuesday')
fechas2/train/fechas2_005614.en.wav,day after tomorrow | relative_day(+2)
fechas2/train/fechas2_005615.en.wav,next monday | next_day('monday')
fechas2/train/fechas2_005616.en.wav,next thursday | next_day('thursday')
fechas2/train/fechas2_005617.en.wav,this coming friday | next_day('friday')
fechas2/train/fechas2_005618.en.wav,this coming friday please | next_day('friday')
fechas2/train/fechas2_005619.en.wav,next monday | next_day('monday')
fechas2/train/fechas2_005620.en.wav,next tuesday | next_day('tuesday')
fechas2/train/fechas2_005621.en.wav,please on monday | next_day('monday')
fechas2/train/fechas2_005622.en.wav,next thursday | next_day('thursday')
fechas2/train/fechas2_005623.en.wav,this friday | next_day('friday')
fechas2/train/fechas2_005624.en.wav,this thursday thank you | next_day('thursday')
fechas2/train/fechas2_005625.en.wav,in a couple of days | relative_day(+2)
fechas2/train/fechas2_005626.en.wav,tuesday please | next_day('tuesday')
fechas2/train/fechas2_005627.en.wav,please this thursday | next_day('thursday')
fechas2/train/fechas2_005628.en.wav,this coming wednesday | next_day('wednesday')
fechas2/train/fechas2_005629.en.wav,please this coming thursday | next_day('thursday')
fechas2/train/fechas2_005630.en.wav,next friday | next_day('friday')
fechas2/train/fechas2_005631.en.wav,wednesday | next_day('wednesday')
fechas2/train/fechas2_005632.en.wav,next friday thanks | next_day('friday')
fechas2/train/fechas2_005633.en.wav,the day after tomorrow | relative_day(+2)
fechas2/train/fechas2_005634.en.wav,next monday | next_day('monday')
fechas2/train/fechas2_005635.en.wav,next tuesday please | next_day('tuesday')
fechas2/train/fechas2_005636.en.wav,next wednesday | next_day('wednesday')
fechas2/train/fechas2_005637.en.wav,next friday | next_day('friday')
fechas2/train/fechas2_005638.en.wav,tomorrow thank you | relative_day(+1)
fechas2/train/fechas2_005639.en.wav,please next tuesday | next_day('tuesday')
fechas2/train/fechas2_005640.en.wav,this coming monday | next_day('monday')
fechas2/train/fechas2_005641.en.wav,next wednesday please | next_day('wednesday')
fechas2/train/fechas2_005642.en.wav,the following wednesday | next_day('wednesday')
fechas2/train/fechas2_005643.en.wav,next thursday | next_day('thursday')
fechas2/train/fechas2_005644.en.wav,thursday | next_day('thursday')
fechas2/train/fechas2_005645.en.wav,next tuesday | next_day('tuesday')
fechas2/train/fechas2_005646.en.wav,tuesday | next_day('tuesday')
fechas2/train/fechas2_005647.en.wav,please this coming wednesday | next_day('wednesday')
fechas2/train/fechas2_005648.en.wav,the following monday | next_day('monday')
fechas2/train/fechas2_005649.en.wav,this thursday | next_day('thursday')
fechas2/train/fechas2_005650.en.wav,next thursday thank you | next_day('thursday')
fechas2/train/fechas2_005651.en.wav,wednesday | next_day('wednesday')
fechas2/train/fechas2_005652.en.wav,day after tomorrow | relative_day(+2)
fechas2/train/fechas2_005653.en.wav,in a couple of days | relative_day(+2)
fechas2/train/fechas2_005654.en.wav,next wednesday thank you | next_day('wednesday')
fechas2/train/fechas2_005655.en.wav,next wednesday | next_day('wednesday')
fechas2/train/fechas2_005656.en.wav,in three days | relative_day(+3)
fechas2/train/fechas2_005657.en.wav,next tuesday | next_day('tuesday')
fechas2/train/fechas2_005658.en.wav,please in a couple of days | relative_day(+2)
fechas2/train/fechas2_005659.en.wav,please in three days | relative_day(+3)
fechas2/train/fechas2_005660.en.wav,next wednesday please | next_day('wednesday')
fechas2/train/fechas2_005661.en.wav,next thursday please | next_day('thursday')
fechas2/train/fechas2_005662.en.wav,please on monday | next_day('monday')
fechas2/train/fechas2_005663.en.wav,in a couple of days | relative_day(+2)
fechas2/train/fechas2_005664.en.wav,next tuesday | next_day('tuesday')
fechas2/train/fechas2_005665.en.wav,please next friday | next_day('friday')
fechas2/train/fechas2_005666.en.wav,this friday | next_day('friday')
fechas2/train/fechas2_005667.en.wav,in three days please | relative_day(+3)
fechas2/train/fechas2_005668.en.wav,wednesday | next_day('wednesday')
fechas2/train/fechas2_005669.en.wav,please this coming wednesday | next_day('wednesday')
fechas2/train/fechas2_005670.en.wav,this tuesday thank you | next_day('tuesday')
fechas2/train/fechas2_005671.en.wav,in three days | relative_day(+3)
fechas2/train/fechas2_005672.en.wav,next friday thank you | next_day('friday')
fechas2/train/fechas2_005673.en.wav,tuesday thank you. | next_day('tuesday')
fechas2/train/fechas2_005674.en.wav,please in a couple of days | relative_day(+2)
fechas2/train/fechas2_005675.en.wav,next thursday | next_day('thursday')
fechas2/train/fechas2_005676.en.wav,tomorrow please | relative_day(+1)
fechas2/train/fechas2_005677.en.wav,this friday | next_day('friday')
fechas2/train/fechas2_005678.en.wav,in three days | relative_day(+3)
fechas2/train/fechas2_005679.en.wav,this coming friday | next_day('friday')
fechas2/train/fechas2_005680.en.wav,please in a couple of days | relative_day(+2)
fechas2/train/fechas2_005681.en.wav,next tuesday please | next_day('tuesday')
fechas2/train/fechas2_005682.en.wav,tomorrow | relative_day(+1)
fechas2/train/fechas2_005683.en.wav,please on wednesday | next_day('wednesday')
fechas2/train/fechas2_005684.en.wav,in three days | relative_day(+3)
fechas2/train/fechas2_005685.en.wav,next monday | next_day('monday')
fechas2/train/fechas2_005686.en.wav,in three days | relative_day(+3)
fechas2/train/fechas2_005687.en.wav,next tuesday | next_day('tuesday')
fechas2/train/fechas2_005688.en.wav,this coming friday thank you | next_day('friday')
fechas2/train/fechas2_005689.en.wav,this coming tuesday | next_day('tuesday')
fechas2/train/fechas2_005690.en.wav,this coming thursday | next_day('thursday')
fechas2/train/fechas2_005691.en.wav,this coming wednesday | next_day('wednesday')
fechas2/train/fechas2_005692.en.wav,tomorrow | relative_day(+1)
fechas2/train/fechas2_005693.en.wav,next thursday | next_day('thursday')
fechas2/train/fechas2_005694.en.wav,in three days | relative_day(+3)
fechas2/train/fechas2_005695.en.wav,this coming thursday please | next_day('thursday')
fechas2/train/fechas2_005696.en.wav,the day after tomorrow please | relative_day(+2)
fechas2/train/fechas2_005697.en.wav,please in three days | relative_day(+3)
fechas2/train/fechas2_005698.en.wav,in three days thanks | relative_day(+3)
fechas2/train/fechas2_005699.en.wav,in a couple of days | relative_day(+2)
fechas2/train/fechas2_005700.en.wav,the day after tomorrow | relative_day(+2)
fechas2/train/fechas2_005701.en.wav,the following friday | next_day('friday')
fechas2/train/fechas2_005702.en.wav,in a couple of days please | relative_day(+2)
fechas2/train/fechas2_005703.en.wav,next tuesday | next_day('tuesday')
fechas2/train/fechas2_005704.en.wav,this coming tuesday | next_day('tuesday')
fechas2/train/fechas2_005705.en.wav,next friday | next_day('friday')
fechas2/train/fechas2_005706.en.wav,this tuesday thank you | next_day('tuesday')
fechas2/train/fechas2_005707.en.wav,friday | next_day('friday')
fechas2/train/fechas2_005708.en.wav,next monday | next_day('monday')
fechas2/train/fechas2_005709.en.wav,this wednesday | next_day('wednesday')
fechas2/train/fechas2_005710.en.wav,please this thursday | next_day('thursday')
fechas2/train/fechas2_005711.en.wav,tomorrow | relative_day(+1)
fechas2/train/fechas2_005712.en.wav,monday | next_day('monday')
fechas2/train/fechas2_005713.en.wav,tomorrow | relative_day(+1)
fechas2/train/fechas2_005714.en.wav,day after tomorrow | relative_day(+2)
fechas2/train/fechas2_005715.en.wav,next wednesday | next_day('wednesday')
fechas2/train/fechas2_005716.en.wav,in a couple of days please | relative_day(+2)
fechas2/train/fechas2_005717.en.wav,please next monday | next_day('monday')
fechas2/train/fechas2_005718.en.wav,next thursday | next_day('thursday')
fechas2/train/fechas2_005719.en.wav,next friday thank you | next_day('friday')
fechas2/train/fechas2_005720.en.wav,please next thursday | next_day('thursday')
fechas2/train/fechas2_005721.en.wav,this coming tuesday | next_day('tuesday')
fechas2/train/fechas2_005722.en.wav,please tomorrow | relative_day(+1)
fechas2/train/fechas2_005723.en.wav,please in a couple of days | relative_day(+2)
fechas2/train/fechas2_005724.en.wav,this coming friday | next_day('friday')
fechas2/train/fechas2_005725.en.wav,next wednesday | next_day('wednesday')
fechas2/train/fechas2_005726.en.wav,the following tuesday | next_day('tuesday')
fechas2/train/fechas2_005727.en.wav,next tuesday | next_day('tuesday')
fechas2/train/fechas2_005728.en.wav,this coming monday | next_day('monday')
fechas2/train/fechas2_005729.en.wav,please next tuesday | next_day('tuesday')
fechas2/train/fechas2_005730.en.wav,next wednesday | next_day('wednesday')
fechas2/train/fechas2_005731.en.wav,please this coming tuesday | next_day('tuesday')
fechas2/train/fechas2_005732.en.wav,this coming wednesday thank you | next_day('wednesday')
fechas2/train/fechas2_005733.en.wav,this wednesday | next_day('wednesday')
fechas2/train/fechas2_005734.en.wav,please next friday | next_day('friday')
fechas2/train/fechas2_005735.en.wav,the following thursday | next_day('thursday')
fechas2/train/fechas2_005736.en.wav,in three days thanks | relative_day(+3)
fechas2/train/fechas2_005737.en.wav,this coming monday please | next_day('monday')
fechas2/train/fechas2_005738.en.wav,next friday thank you | next_day('friday')
fechas2/train/fechas2_005739.en.wav,in a couple of days | relative_day(+2)
fechas2/train/fechas2_005740.en.wav,next friday thank you | next_day('friday')
fechas2/train/fechas2_005741.en.wav,this tuesday thank you | next_day('tuesday')
fechas2/train/fechas2_005742.en.wav,next thursday | next_day('thursday')
fechas2/train/fechas2_005743.en.wav,next friday | next_day('friday')
fechas2/train/fechas2_005744.en.wav,please on wednesday | next_day('wednesday')
fechas2/train/fechas2_005745.en.wav,next wednesday | next_day('wednesday')
fechas2/train/fechas2_005746.en.wav,this coming wednesday | next_day('wednesday')
fechas2/train/fechas2_005747.en.wav,please next friday | next_day('friday')
fechas2/train/fechas2_005748.en.wav,friday | next_day('friday')
fechas2/train/fechas2_005749.en.wav,next thursday | next_day('thursday')
fechas2/train/fechas2_005750.en.wav,next friday please | next_day('friday')
fechas2/train/fechas2_005751.en.wav,please this coming thursday | next_day('thursday')
fechas2/train/fechas2_005752.en.wav,this wednesday thank you | next_day('wednesday')
fechas2/train/fechas2_005753.en.wav,wednesday | next_day('wednesday')
fechas2/train/fechas2_005754.en.wav,the day after tomorrow please | relative_day(+2)
fechas2/train/fechas2_005755.en.wav,next tuesday please | next_day('tuesday')
fechas2/train/fechas2_005756.en.wav,please this thursday | next_day('thursday')
fechas2/train/fechas2_005757.en.wav,please next monday | next_day('monday')
fechas2/train/fechas2_005758.en.wav,please on wednesday | next_day('wednesday')
fechas2/train/fechas2_005759.en.wav,in three days | relative_day(+3)
fechas2/train/fechas2_005760.en.wav,next tuesday | next_day('tuesday')
fechas2/train/fechas2_005761.en.wav,next monday | next_day('monday')
fechas2/train/fechas2_005762.en.wav,this wednesday please | next_day('wednesday')
fechas2/train/fechas2_005763.en.wav,in a couple of days | relative_day(+2)
fechas2/train/fechas2_005764.en.wav,please on wednesday | next_day('wednesday')
fechas2/train/fechas2_005765.en.wav,in a couple of days | relative_day(+2)
fechas2/train/fechas2_005766.en.wav,please next wednesday | next_day('wednesday')
fechas2/train/fechas2_005767.en.wav,next tuesday | next_day('tuesday')
fechas2/train/fechas2_005768.en.wav,next tuesday | next_day('tuesday')
fechas2/train/fechas2_005769.en.wav,next tuesday | next_day('tuesday')
fechas2/train/fechas2_005770.en.wav,friday thank you | next_day('friday')
fechas2/train/fechas2_005771.en.wav,next friday | next_day('friday')
fechas2/train/fechas2_005772.en.wav,please next tuesday | next_day('tuesday')
fechas2/train/fechas2_005773.en.wav,this coming monday | next_day('monday')
fechas2/train/fechas2_005774.en.wav,please in a couple of days | relative_day(+2)
fechas2/train/fechas2_005775.en.wav,in three days | relative_day(+3)
fechas2/train/fechas2_005776.en.wav,in a couple of days | relative_day(+2)
fechas2/train/fechas2_005777.en.wav,wednesday | next_day('wednesday')
fechas2/train/fechas2_005778.en.wav,the day after tomorrow | relative_day(+2)
fechas2/train/fechas2_005779.en.wav,next friday | next_day('friday')
fechas2/train/fechas2_005780.en.wav,next wednesday | next_day('wednesday')
fechas2/train/fechas2_005781.en.wav,next friday | next_day('friday')
fechas2/train/fechas2_005782.en.wav,next friday | next_day('friday')
fechas2/train/fechas2_005783.en.wav,next tuesday | next_day('tuesday')
fechas2/train/fechas2_005784.en.wav,this wednesday | next_day('wednesday')
fechas2/train/fechas2_005785.en.wav,the following tuesday | next_day('tuesday')
fechas2/train/fechas2_005786.en.wav,in three days | relative_day(+3)
fechas2/train/fechas2_005787.en.wav,please next wednesday | next_day('wednesday')
fechas2/train/fechas2_005788.en.wav,in a couple of days | relative_day(+2)
fechas2/train/fechas2_005789.en.wav,next wednesday | next_day('wednesday')
fechas2/train/fechas2_005790.en.wav,thursday | next_day('thursday')
fechas2/train/fechas2_005791.en.wav,in three days | relative_day(+3)
fechas2/train/fechas2_005792.en.wav,next thursday | next_day('thursday')
fechas2/train/fechas2_005793.en.wav,please next tuesday | next_day('tuesday')
fechas2/train/fechas2_005794.en.wav,in three days | relative_day(+3)
fechas2/train/fechas2_005795.en.wav,please in three days | relative_day(+3)
fechas2/train/fechas2_005796.en.wav,next tuesday | next_day('tuesday')
fechas2/train/fechas2_005797.en.wav,this thursday | next_day('thursday')
fechas2/train/fechas2_005798.en.wav,this coming tuesday | next_day('tuesday')
fechas2/train/fechas2_005799.en.wav,tomorrow | relative_day(+1)
fechas2/train/fechas2_005800.en.wav,next tuesday | next_day('tuesday')
fechas2/train/fechas2_005801.en.wav,please next friday | next_day('friday')
fechas2/train/fechas2_005802.en.wav,next friday | next_day('friday')
fechas2/train/fechas2_005803.en.wav,in three days | relative_day(+3)
fechas2/train/fechas2_005804.en.wav,next thursday please | next_day('thursday')
fechas2/train/fechas2_005805.en.wav,the following friday | next_day('friday')
fechas2/train/fechas2_005806.en.wav,next wednesday please | next_day('wednesday')
fechas2/train/fechas2_005807.en.wav,this friday | next_day('friday')
fechas2/train/fechas2_005808.en.wav,this coming friday | next_day('friday')
fechas2/train/fechas2_005809.en.wav,next monday | next_day('monday')
fechas2/train/fechas2_005810.en.wav,in three days thanks | relative_day(+3)
fechas2/train/fechas2_005811.en.wav,tomorrow | relative_day(+1)
fechas2/train/fechas2_005812.en.wav,in three days | relative_day(+3)
fechas2/train/fechas2_005813.en.wav,please next wednesday | next_day('wednesday')
fechas2/train/fechas2_005814.en.wav,this coming tuesday | next_day('tuesday')
fechas2/train/fechas2_005815.en.wav,thursday | next_day('thursday')
fechas2/train/fechas2_005816.en.wav,please next thursday | next_day('thursday')
fechas2/train/fechas2_005817.en.wav,this friday | next_day('friday')
fechas2/train/fechas2_005818.en.wav,in three days | relative_day(+3)
fechas2/train/fechas2_005819.en.wav,this coming monday please | next_day('monday')
fechas2/train/fechas2_005820.en.wav,this tuesday | next_day('tuesday')
fechas2/train/fechas2_005821.en.wav,please next wednesday | next_day('wednesday')
fechas2/train/fechas2_005822.en.wav,next thursday | next_day('thursday')
fechas2/train/fechas2_005823.en.wav,in a couple of days | relative_day(+2)
fechas2/train/fechas2_005824.en.wav,tomorrow please | relative_day(+1)
fechas2/train/fechas2_005825.en.wav,in three days | relative_day(+3)
fechas2/train/fechas2_005826.en.wav,this tuesday thank you | next_day('tuesday')
fechas2/train/fechas2_005827.en.wav,next thursday | next_day('thursday')
fechas2/train/fechas2_005828.en.wav,next friday please | next_day('friday')
fechas2/train/fechas2_005829.en.wav,the following wednesday | next_day('wednesday')
fechas2/train/fechas2_005830.en.wav,next monday | next_day('monday')
fechas2/train/fechas2_005831.en.wav,in three days | relative_day(+3)
fechas2/train/fechas2_005832.en.wav,next tuesday | next_day('tuesday')
fechas2/train/fechas2_005833.en.wav,please in a couple of days | relative_day(+2)
fechas2/train/fechas2_005834.en.wav,next friday | next_day('friday')
fechas2/train/fechas2_005835.en.wav,next wednesday | next_day('wednesday')
fechas2/train/fechas2_005836.en.wav,next monday | next_day('monday')
fechas2/train/fechas2_005837.en.wav,please next friday | next_day('friday')
fechas2/train/fechas2_005838.en.wav,tomorrow | relative_day(+1)
fechas2/train/fechas2_005839.en.wav,tomorrow | relative_day(+1)
fechas2/train/fechas2_005840.en.wav,the day after tomorrow | relative_day(+2)
fechas2/train/fechas2_005841.en.wav,tomorrow | relative_day(+1)
fechas2/train/fechas2_005842.en.wav,next friday please | next_day('friday')
fechas2/train/fechas2_005843.en.wav,wednesday | next_day('wednesday')
fechas2/train/fechas2_005844.en.wav,thursday | next_day('thursday')
fechas2/train/fechas2_005845.en.wav,next friday | next_day('friday')
fechas2/train/fechas2_005846.en.wav,in a couple of days thanks | relative_day(+2)
fechas2/train/fechas2_005847.en.wav,tomorrow | relative_day(+1)
fechas2/train/fechas2_005848.en.wav,tuesday | next_day('tuesday')
fechas2/train/fechas2_005849.en.wav,this coming tuesday | next_day('tuesday')
fechas2/train/fechas2_005850.en.wav,next thursday | next_day('thursday')
fechas2/train/fechas2_005851.en.wav,in three days | relative_day(+3)
fechas2/train/fechas2_005852.en.wav,the following monday | next_day('monday')
fechas2/train/fechas2_005853.en.wav,this thursday please | next_day('thursday')
fechas2/train/fechas2_005854.en.wav,the day after tomorrow | relative_day(+2)
fechas2/train/fechas2_005855.en.wav,monday | next_day('monday')
fechas2/train/fechas2_005856.en.wav,next monday thank you | next_day('monday')
fechas2/train/fechas2_005857.en.wav,wednesday | next_day('wednesday')
fechas2/train/fechas2_005858.en.wav,next monday | next_day('monday')
fechas2/train/fechas2_005859.en.wav,please in three days | relative_day(+3)
fechas2/train/fechas2_005860.en.wav,this monday | next_day('monday')
fechas2/train/fechas2_005861.en.wav,next thursday | next_day('thursday')
fechas2/train/fechas2_005862.en.wav,in three days please | relative_day(+3)
fechas2/train/fechas2_005863.en.wav,next friday please | next_day('friday')
fechas2/train/fechas2_005864.en.wav,please in a couple of days | relative_day(+2)
fechas2/train/fechas2_005865.en.wav,the day after tomorrow | relative_day(+2)
fechas2/train/fechas2_005866.en.wav,wednesday thank you | next_day('wednesday')
fechas2/train/fechas2_005867.en.wav,this coming monday please | next_day('monday')
fechas2/train/fechas2_005868.en.wav,in three days thanks | relative_day(+3)
fechas2/train/fechas2_005869.en.wav,in three days | relative_day(+3)
fechas2/train/fechas2_005870.en.wav,please this coming thursday | next_day('thursday')
fechas2/train/fechas2_005871.en.wav,this coming wednesday | next_day('wednesday')
fechas2/train/fechas2_005872.en.wav,next thursday | next_day('thursday')
fechas2/train/fechas2_005873.en.wav,next wednesday | next_day('wednesday')
fechas2/train/fechas2_005874.en.wav,this monday please | next_day('monday')
fechas2/train/fechas2_005875.en.wav,in a couple of days please | relative_day(+2)
fechas2/train/fechas2_005876.en.wav,this monday | next_day('monday')
fechas2/train/fechas2_005877.en.wav,next tuesday | next_day('tuesday')
fechas2/train/fechas2_005878.en.wav,this coming monday | next_day('monday')
fechas2/train/fechas2_005879.en.wav,friday | next_day('friday')
fechas2/train/fechas2_005880.en.wav,in three days | relative_day(+3)
fechas2/train/fechas2_005881.en.wav,in three days please | relative_day(+3)
fechas2/train/fechas2_005882.en.wav,the day after tomorrow | relative_day(+2)
fechas2/train/fechas2_005883.en.wav,this coming friday thank you | next_day('friday')
fechas2/train/fechas2_005884.en.wav,tomorrow | relative_day(+1)
fechas2/train/fechas2_005885.en.wav,next thursday | next_day('thursday')
fechas2/train/fechas2_005886.en.wav,please next monday | next_day('monday')
fechas2/train/fechas2_005887.en.wav,in three days | relative_day(+3)
fechas2/train/fechas2_005888.en.wav,in three days please | relative_day(+3)
fechas2/train/fechas2_005889.en.wav,tomorrow | relative_day(+1)
fechas2/train/fechas2_005890.en.wav,please tomorrow | relative_day(+1)
fechas2/train/fechas2_005891.en.wav,next monday | next_day('monday')
fechas2/train/fechas2_005892.en.wav,next wednesday | next_day('wednesday')
fechas2/train/fechas2_005893.en.wav,this coming tuesday | next_day('tuesday')
fechas2/train/fechas2_005894.en.wav,in three days | relative_day(+3)
fechas2/train/fechas2_005895.en.wav,next monday | next_day('monday')
fechas2/train/fechas2_005896.en.wav,in a couple of days | relative_day(+2)
fechas2/train/fechas2_005897.en.wav,in a couple of days | relative_day(+2)
fechas2/train/fechas2_005898.en.wav,day after tomorrow | relative_day(+2)
fechas2/train/fechas2_005899.en.wav,please next wednesday | next_day('wednesday')
fechas2/train/fechas2_005900.en.wav,next friday | next_day('friday')
fechas2/train/fechas2_005901.en.wav,this coming friday | next_day('friday')
fechas2/train/fechas2_005902.en.wav,next monday | next_day('monday')
fechas2/train/fechas2_005903.en.wav,thursday | next_day('thursday')
fechas2/train/fechas2_005904.en.wav,the day after tomorrow | relative_day(+2)
fechas2/train/fechas2_005905.en.wav,please next thursday | next_day('thursday')
fechas2/train/fechas2_005906.en.wav,this tuesday | next_day('tuesday')
fechas2/train/fechas2_005907.en.wav,next wednesday | next_day('wednesday')
fechas2/train/fechas2_005908.en.wav,tuesday | next_day('tuesday')
fechas2/train/fechas2_005909.en.wav,please next wednesday | next_day('wednesday')
fechas2/train/fechas2_005910.en.wav,in a couple of days | relative_day(+2)
fechas2/train/fechas2_005911.en.wav,this wednesday | next_day('wednesday')
fechas2/train/fechas2_005912.en.wav,this coming friday | next_day('friday')
fechas2/train/fechas2_005913.en.wav,this friday please | next_day('friday')
fechas2/train/fechas2_005914.en.wav,next tuesday thank you | next_day('tuesday')
fechas2/train/fechas2_005915.en.wav,next tuesday | next_day('tuesday')
fechas2/train/fechas2_005916.en.wav,this friday thank you | next_day('friday')
fechas2/train/fechas2_005917.en.wav,next thursday | next_day('thursday')
fechas2/train/fechas2_005918.en.wav,next thursday | next_day('thursday')
fechas2/train/fechas2_005919.en.wav,next thursday | next_day('thursday')
fechas2/train/fechas2_005920.en.wav,this coming monday | next_day('monday')
fechas2/train/fechas2_005921.en.wav,next friday | next_day('friday')
fechas2/train/fechas2_005922.en.wav,please in three days | relative_day(+3)
fechas2/train/fechas2_005923.en.wav,next thursday please | next_day('thursday')
fechas2/train/fechas2_005924.en.wav,in three days | relative_day(+3)
fechas2/train/fechas2_005925.en.wav,the following tuesday | next_day('tuesday')
fechas2/train/fechas2_005926.en.wav,next wednesday | next_day('wednesday')
fechas2/train/fechas2_005927.en.wav,next monday thank you | next_day('monday')
fechas2/train/fechas2_005928.en.wav,the following wednesday | next_day('wednesday')
fechas2/train/fechas2_005929.en.wav,the following friday | next_day('friday')
fechas2/train/fechas2_005930.en.wav,the following thursday | next_day('thursday')
fechas2/train/fechas2_005931.en.wav,next wednesday thank you | next_day('wednesday')
fechas2/train/fechas2_005932.en.wav,wednesday | next_day('wednesday')
fechas2/train/fechas2_005933.en.wav,in three days | relative_day(+3)
fechas2/train/fechas2_005934.en.wav,please in a couple of days | relative_day(+2)
fechas2/train/fechas2_005935.en.wav,please next monday | next_day('monday')
fechas2/train/fechas2_005936.en.wav,this coming wednesday thanks | next_day('wednesday')
fechas2/train/fechas2_005937.en.wav,please this coming thursday | next_day('thursday')
fechas2/train/fechas2_005938.en.wav,in a couple of days | relative_day(+2)
fechas2/train/fechas2_005939.en.wav,tuesday thank you. | next_day('tuesday')
fechas2/train/fechas2_005940.en.wav,next tuesday | next_day('tuesday')
fechas2/train/fechas2_005941.en.wav,next monday | next_day('monday')
fechas2/train/fechas2_005942.en.wav,next wednesday thanks | next_day('wednesday')
fechas2/train/fechas2_005943.en.wav,next friday | next_day('friday')
fechas2/train/fechas2_005944.en.wav,next friday thank you | next_day('friday')
fechas2/train/fechas2_005945.en.wav,wednesday | next_day('wednesday')
fechas2/train/fechas2_005946.en.wav,tomorrow | relative_day(+1)
fechas2/train/fechas2_005947.en.wav,in a couple of days please | relative_day(+2)
fechas2/train/fechas2_005948.en.wav,tomorrow | relative_day(+1)
fechas2/train/fechas2_005949.en.wav,next wednesday | next_day('wednesday')
fechas2/train/fechas2_005950.en.wav,this monday thank you | next_day('monday')
fechas2/train/fechas2_005951.en.wav,next wednesday | next_day('wednesday')
fechas2/train/fechas2_005952.en.wav,please this coming thursday | next_day('thursday')
fechas2/train/fechas2_005953.en.wav,this wednesday please | next_day('wednesday')
fechas2/train/fechas2_005954.en.wav,next friday thank you | next_day('friday')
fechas2/train/fechas2_005955.en.wav,next monday | next_day('monday')
fechas2/train/fechas2_005956.en.wav,friday | next_day('friday')
fechas2/train/fechas2_005957.en.wav,this coming tuesday | next_day('tuesday')
fechas2/train/fechas2_005958.en.wav,next wednesday | next_day('wednesday')
fechas2/train/fechas2_005959.en.wav,this coming tuesday | next_day('tuesday')
fechas2/train/fechas2_005960.en.wav,monday | next_day('monday')
fechas2/train/fechas2_005961.en.wav,next thursday thank you | next_day('thursday')
fechas2/train/fechas2_005962.en.wav,next friday please | next_day('friday')
fechas2/train/fechas2_005963.en.wav,next friday | next_day('friday')
fechas2/train/fechas2_005964.en.wav,in three days please | relative_day(+3)
fechas2/train/fechas2_005965.en.wav,next wednesday | next_day('wednesday')
fechas2/train/fechas2_005966.en.wav,next tuesday | next_day('tuesday')
fechas2/train/fechas2_005967.en.wav,in a couple of days thanks | relative_day(+2)
fechas2/train/fechas2_005968.en.wav,this coming wednesday | next_day('wednesday')
fechas2/train/fechas2_005969.en.wav,this coming thursday please | next_day('thursday')
fechas2/train/fechas2_005970.en.wav,this friday thank you | next_day('friday')
fechas2/train/fechas2_005971.en.wav,next wednesday thank you | next_day('wednesday')
fechas2/train/fechas2_005972.en.wav,please next friday | next_day('friday')
fechas2/train/fechas2_005973.en.wav,this coming wednesday please | next_day('wednesday')
fechas2/train/fechas2_005974.en.wav,in three days please | relative_day(+3)
fechas2/train/fechas2_005975.en.wav,in three days | relative_day(+3)
fechas2/train/fechas2_005976.en.wav,please in three days | relative_day(+3)
fechas2/train/fechas2_005977.en.wav,tomorrow thank you | relative_day(+1)
fechas2/train/fechas2_005978.en.wav,tuesday | next_day('tuesday')
fechas2/train/fechas2_005979.en.wav,please next tuesday | next_day('tuesday')
fechas2/train/fechas2_005980.en.wav,next wednesday thank you | next_day('wednesday')
fechas2/train/fechas2_005981.en.wav,this friday thank you | next_day('friday')
fechas2/train/fechas2_005982.en.wav,this coming wednesday thanks | next_day('wednesday')
fechas2/train/fechas2_005983.en.wav,next monday | next_day('monday')
fechas2/train/fechas2_005984.en.wav,the following monday | next_day('monday')
fechas2/train/fechas2_005985.en.wav,the following wednesday | next_day('wednesday')
fechas2/train/fechas2_005986.en.wav,this coming tuesday | next_day('tuesday')
fechas2/train/fechas2_005987.en.wav,the following friday | next_day('friday')
fechas2/train/fechas2_005988.en.wav,next wednesday | next_day('wednesday')
fechas2/train/fechas2_005989.en.wav,please this friday | next_day('friday')
fechas2/train/fechas2_005990.en.wav,the day after tomorrow | relative_day(+2)
fechas2/train/fechas2_005991.en.wav,in a couple of days | relative_day(+2)
fechas2/train/fechas2_005992.en.wav,please next thursday | next_day('thursday')
fechas2/train/fechas2_005993.en.wav,in a couple of days | relative_day(+2)
fechas2/train/fechas2_005994.en.wav,this friday please | next_day('friday')
fechas2/train/fechas2_005995.en.wav,next tuesday thank you | next_day('tuesday')
fechas2/train/fechas2_005996.en.wav,next friday | next_day('friday')
fechas2/train/fechas2_005997.en.wav,next wednesday please | next_day('wednesday')
fechas2/train/fechas2_005998.en.wav,this coming friday thank you | next_day('friday')
fechas2/train/fechas2_005999.en.wav,the day after tomorrow please | relative_day(+2)
fechas2/train/fechas2_006000.en.wav,this coming wednesday | next_day('wednesday')
fechas2/train/fechas2_006001.en.wav,next thursday | next_day('thursday')
fechas2/train/fechas2_006002.en.wav,in a couple of days | relative_day(+2)
fechas2/train/fechas2_006003.en.wav,this wednesday thank you | next_day('wednesday')
fechas2/train/fechas2_006004.en.wav,next thursday thank you | next_day('thursday')
fechas2/train/fechas2_006005.en.wav,please next monday | next_day('monday')
fechas2/train/fechas2_006006.en.wav,next monday thank you | next_day('monday')
fechas2/train/fechas2_006007.en.wav,friday | next_day('friday')
fechas2/train/fechas2_006008.en.wav,in three days | relative_day(+3)
fechas2/train/fechas2_006009.en.wav,please tomorrow | relative_day(+1)
fechas2/train/fechas2_006010.en.wav,in three days | relative_day(+3)
fechas2/train/fechas2_006011.en.wav,this coming wednesday | next_day('wednesday')
fechas2/train/fechas2_006012.en.wav,next friday | next_day('friday')
fechas2/train/fechas2_006013.en.wav,tuesday | next_day('tuesday')
fechas2/train/fechas2_006014.en.wav,please in three days | relative_day(+3)
fechas2/train/fechas2_006015.en.wav,this coming wednesday | next_day('wednesday')
fechas2/train/fechas2_006016.en.wav,in three days | relative_day(+3)
fechas2/train/fechas2_006017.en.wav,this coming wednesday | next_day('wednesday')
fechas2/train/fechas2_006018.en.wav,next tuesday | next_day('tuesday')
fechas2/train/fechas2_006019.en.wav,next tuesday thanks | next_day('tuesday')
fechas2/train/fechas2_006020.en.wav,this coming friday | next_day('friday')
fechas2/train/fechas2_006021.en.wav,in three days | relative_day(+3)
fechas2/train/fechas2_006022.en.wav,day after tomorrow | relative_day(+2)
fechas2/train/fechas2_006023.en.wav,the day after tomorrow | relative_day(+2)
fechas2/train/fechas2_006024.en.wav,tomorrow | relative_day(+1)
fechas2/train/fechas2_006025.en.wav,this coming tuesday | next_day('tuesday')
fechas2/train/fechas2_006026.en.wav,wednesday please | next_day('wednesday')
fechas2/train/fechas2_006027.en.wav,the day after tomorrow | relative_day(+2)
fechas2/train/fechas2_006028.en.wav,next monday | next_day('monday')
fechas2/train/fechas2_006029.en.wav,next monday | next_day('monday')
fechas2/train/fechas2_006030.en.wav,in a couple of days | relative_day(+2)
fechas2/train/fechas2_006031.en.wav,next tuesday | next_day('tuesday')
fechas2/train/fechas2_006032.en.wav,please next thursday | next_day('thursday')
fechas2/train/fechas2_006033.en.wav,this tuesday | next_day('tuesday')
fechas2/train/fechas2_006034.en.wav,this thursday | next_day('thursday')
fechas2/train/fechas2_006035.en.wav,thursday | next_day('thursday')
fechas2/train/fechas2_006036.en.wav,please next friday | next_day('friday')
fechas2/train/fechas2_006037.en.wav,please on wednesday | next_day('wednesday')
fechas2/train/fechas2_006038.en.wav,day after tomorrow | relative_day(+2)
fechas2/train/fechas2_006039.en.wav,next thursday | next_day('thursday')
fechas2/train/fechas2_006040.en.wav,this friday | next_day('friday')
fechas2/train/fechas2_006041.en.wav,wednesday | next_day('wednesday')
fechas2/train/fechas2_006042.en.wav,please this coming thursday | next_day('thursday')
fechas2/train/fechas2_006043.en.wav,next friday | next_day('friday')
fechas2/train/fechas2_006044.en.wav,next monday thank you | next_day('monday')
fechas2/train/fechas2_006045.en.wav,this coming tuesday thank you | next_day('tuesday')
fechas2/train/fechas2_006046.en.wav,next wednesday | next_day('wednesday')
fechas2/train/fechas2_006047.en.wav,friday thank you | next_day('friday')
fechas2/train/fechas2_006048.en.wav,please in a couple of days | relative_day(+2)
fechas2/train/fechas2_006049.en.wav,next friday | next_day('friday')
fechas2/train/fechas2_006050.en.wav,please next friday | next_day('friday')
fechas2/train/fechas2_006051.en.wav,next friday please | next_day('friday')
fechas2/train/fechas2_006052.en.wav,in a couple of days | relative_day(+2)
fechas2/train/fechas2_006053.en.wav,in a couple of days | relative_day(+2)
fechas2/train/fechas2_006054.en.wav,this coming tuesday please | next_day('tuesday')
fechas2/train/fechas2_006055.en.wav,tuesday | next_day('tuesday')
fechas2/train/fechas2_006056.en.wav,next wednesday | next_day('wednesday')
fechas2/train/fechas2_006057.en.wav,this tuesday | next_day('tuesday')
fechas2/train/fechas2_006058.en.wav,next friday please | next_day('friday')
fechas2/train/fechas2_006059.en.wav,please next tuesday | next_day('tuesday')
fechas2/train/fechas2_006060.en.wav,thursday | next_day('thursday')
fechas2/train/fechas2_006061.en.wav,this thursday | next_day('thursday')
fechas2/train/fechas2_006062.en.wav,tomorrow | relative_day(+1)
fechas2/train/fechas2_006063.en.wav,wednesday | next_day('wednesday')
fechas2/train/fechas2_006064.en.wav,wednesday please | next_day('wednesday')
fechas2/train/fechas2_006065.en.wav,thursday | next_day('thursday')
fechas2/train/fechas2_006066.en.wav,next thursday | next_day('thursday')
fechas2/train/fechas2_006067.en.wav,in a couple of days | relative_day(+2)
fechas2/train/fechas2_006068.en.wav,in a couple of days please | relative_day(+2)
fechas2/train/fechas2_006069.en.wav,the day after tomorrow | relative_day(+2)
fechas2/train/fechas2_006070.en.wav,wednesday | next_day('wednesday')
fechas2/train/fechas2_006071.en.wav,the day after tomorrow | relative_day(+2)
fechas2/train/fechas2_006072.en.wav,thursday please | next_day('thursday')
fechas2/train/fechas2_006073.en.wav,in a couple of days thanks | relative_day(+2)
fechas2/train/fechas2_006074.en.wav,next friday please | next_day('friday')
fechas2/train/fechas2_006075.en.wav,in three days | relative_day(+3)
fechas2/train/fechas2_006076.en.wav,in a couple of days please | relative_day(+2)
fechas2/train/fechas2_006077.en.wav,in three days | relative_day(+3)
fechas2/train/fechas2_006078.en.wav,next monday | next_day('monday')
fechas2/train/fechas2_006079.en.wav,this coming tuesday | next_day('tuesday')
fechas2/train/fechas2_006080.en.wav,next wednesday | next_day('wednesday')
fechas2/train/fechas2_006081.en.wav,next thursday | next_day('thursday')
fechas2/train/fechas2_006082.en.wav,in three days | relative_day(+3)
fechas2/train/fechas2_006083.en.wav,in a couple of days | relative_day(+2)
fechas2/train/fechas2_006084.en.wav,next monday thank you | next_day('monday')
fechas2/train/fechas2_006085.en.wav,this coming wednesday | next_day('wednesday')
fechas2/train/fechas2_006086.en.wav,this thursday | next_day('thursday')
fechas2/train/fechas2_006087.en.wav,in three days please | relative_day(+3)
fechas2/train/fechas2_006088.en.wav,monday thank you | next_day('monday')
fechas2/train/fechas2_006089.en.wav,next monday thank you | next_day('monday')
fechas2/train/fechas2_006090.en.wav,friday | next_day('friday')
fechas2/train/fechas2_006091.en.wav,in a couple of days | relative_day(+2)
fechas2/train/fechas2_006092.en.wav,next thursday | next_day('thursday')
fechas2/train/fechas2_006093.en.wav,next tuesday | next_day('tuesday')
fechas2/train/fechas2_006094.en.wav,next wednesday | next_day('wednesday')
fechas2/train/fechas2_006095.en.wav,next wednesday | next_day('wednesday')
fechas2/train/fechas2_006096.en.wav,friday | next_day('friday')
fechas2/train/fechas2_006097.en.wav,in a couple of days please | relative_day(+2)
fechas2/train/fechas2_006098.en.wav,friday | next_day('friday')
fechas2/train/fechas2_006099.en.wav,next friday | next_day('friday')
fechas2/train/fechas2_006100.en.wav,this coming monday please | next_day('monday')
fechas2/train/fechas2_006101.en.wav,in a couple of days | relative_day(+2)
fechas2/train/fechas2_006102.en.wav,in a couple of days thanks | relative_day(+2)
fechas2/train/fechas2_006103.en.wav,friday | next_day('friday')
fechas2/train/fechas2_006104.en.wav,next thursday | next_day('thursday')
fechas2/train/fechas2_006105.en.wav,please tomorrow | relative_day(+1)
fechas2/train/fechas2_006106.en.wav,please next tuesday | next_day('tuesday')
fechas2/train/fechas2_006107.en.wav,in three days thanks | relative_day(+3)
fechas2/train/fechas2_006108.en.wav,next friday please | next_day('friday')
fechas2/train/fechas2_006109.en.wav,in a couple of days thanks | relative_day(+2)
fechas2/train/fechas2_006110.en.wav,please on thursday | next_day('thursday')
fechas2/train/fechas2_006111.en.wav,thursday please | next_day('thursday')
fechas2/train/fechas2_006112.en.wav,next friday thank you | next_day('friday')
fechas2/train/fechas2_006113.en.wav,this tuesday | next_day('tuesday')
fechas2/train/fechas2_006114.en.wav,next thursday | next_day('thursday')
fechas2/train/fechas2_006115.en.wav,tomorrow thank you | relative_day(+1)
fechas2/train/fechas2_006116.en.wav,please this monday | next_day('monday')
fechas2/train/fechas2_006117.en.wav,tomorrow thank you | relative_day(+1)
fechas2/train/fechas2_006118.en.wav,this monday | next_day('monday')
fechas2/train/fechas2_006119.en.wav,in a couple of days | relative_day(+2)
fechas2/train/fechas2_006120.en.wav,next wednesday | next_day('wednesday')
fechas2/train/fechas2_006121.en.wav,monday | next_day('monday')
fechas2/train/fechas2_006122.en.wav,the following wednesday | next_day('wednesday')
fechas2/train/fechas2_006123.en.wav,day after tomorrow | relative_day(+2)
fechas2/train/fechas2_006124.en.wav,please next monday | next_day('monday')
fechas2/train/fechas2_006125.en.wav,wednesday thank you | next_day('wednesday')
fechas2/train/fechas2_006126.en.wav,next tuesday | next_day('tuesday')
fechas2/train/fechas2_006127.en.wav,next friday | next_day('friday')
fechas2/train/fechas2_006128.en.wav,next wednesday thank you | next_day('wednesday')
fechas2/train/fechas2_006129.en.wav,next thursday | next_day('thursday')
fechas2/train/fechas2_006130.en.wav,please this coming thursday | next_day('thursday')
fechas2/train/fechas2_006131.en.wav,thursday | next_day('thursday')
fechas2/train/fechas2_006132.en.wav,please next friday | next_day('friday')
fechas2/train/fechas2_006133.en.wav,the day after tomorrow | relative_day(+2)
fechas2/train/fechas2_006134.en.wav,in three days | relative_day(+3)
fechas2/train/fechas2_006135.en.wav,next friday | next_day('friday')
fechas2/train/fechas2_006136.en.wav,next thursday | next_day('thursday')
fechas2/train/fechas2_006137.en.wav,next thursday please | next_day('thursday')
fechas2/train/fechas2_006138.en.wav,next monday please | next_day('monday')
fechas2/train/fechas2_006139.en.wav,next monday | next_day('monday')
fechas2/train/fechas2_006140.en.wav,please next monday | next_day('monday')
fechas2/train/fechas2_006141.en.wav,this coming thursday | next_day('thursday')
fechas2/train/fechas2_006142.en.wav,in three days | relative_day(+3)
fechas2/train/fechas2_006143.en.wav,wednesday please | next_day('wednesday')
fechas2/train/fechas2_006144.en.wav,this thursday | next_day('thursday')
fechas2/train/fechas2_006145.en.wav,this coming monday | next_day('monday')
fechas2/train/fechas2_006146.en.wav,next tuesday | next_day('tuesday')
fechas2/train/fechas2_006147.en.wav,next thursday please | next_day('thursday')
fechas2/train/fechas2_006148.en.wav,the following friday | next_day('friday')
fechas2/train/fechas2_006149.en.wav,this thursday | next_day('thursday')
fechas2/train/fechas2_006150.en.wav,this friday thank you | next_day('friday')
fechas2/train/fechas2_006151.en.wav,please in three days | relative_day(+3)
fechas2/train/fechas2_006152.en.wav,this tuesday | next_day('tuesday')
fechas2/train/fechas2_006153.en.wav,next friday | next_day('friday')
fechas2/train/fechas2_006154.en.wav,this thursday | next_day('thursday')
fechas2/train/fechas2_006155.en.wav,please next monday | next_day('monday')
fechas2/train/fechas2_006156.en.wav,next tuesday | next_day('tuesday')
fechas2/train/fechas2_006157.en.wav,this coming friday | next_day('friday')
fechas2/train/fechas2_006158.en.wav,next wednesday | next_day('wednesday')
fechas2/train/fechas2_006159.en.wav,the following friday | next_day('friday')
fechas2/train/fechas2_006160.en.wav,this coming wednesday thanks | next_day('wednesday')
fechas2/train/fechas2_006161.en.wav,next tuesday | next_day('tuesday')
fechas2/train/fechas2_006162.en.wav,next thursday thank you | next_day('thursday')
fechas2/train/fechas2_006163.en.wav,next thursday | next_day('thursday')
fechas2/train/fechas2_006164.en.wav,in three days thanks | relative_day(+3)
fechas2/train/fechas2_006165.en.wav,in a couple of days | relative_day(+2)
fechas2/train/fechas2_006166.en.wav,friday | next_day('friday')
fechas2/train/fechas2_006167.en.wav,next wednesday | next_day('wednesday')
fechas2/train/fechas2_006168.en.wav,tomorrow please | relative_day(+1)
fechas2/train/fechas2_006169.en.wav,next monday | next_day('monday')
fechas2/train/fechas2_006170.en.wav,please next wednesday | next_day('wednesday')
fechas2/train/fechas2_006171.en.wav,this tuesday | next_day('tuesday')
fechas2/train/fechas2_006172.en.wav,in a couple of days | relative_day(+2)
fechas2/train/fechas2_006173.en.wav,thursday | next_day('thursday')
fechas2/train/fechas2_006174.en.wav,tuesday please | next_day('tuesday')
fechas2/train/fechas2_006175.en.wav,tuesday | next_day('tuesday')
fechas2/train/fechas2_006176.en.wav,next monday please | next_day('monday')
fechas2/train/fechas2_006177.en.wav,the day after tomorrow | relative_day(+2)
fechas2/train/fechas2_006178.en.wav,this coming friday | next_day('friday')
fechas2/train/fechas2_006179.en.wav,the day after tomorrow | relative_day(+2)
fechas2/train/fechas2_006180.en.wav,this coming friday | next_day('friday')
fechas2/train/fechas2_006181.en.wav,in a couple of days | relative_day(+2)
fechas2/train/fechas2_006182.en.wav,next thursday | next_day('thursday')
fechas2/train/fechas2_006183.en.wav,this coming monday please | next_day('monday')
fechas2/train/fechas2_006184.en.wav,next monday | next_day('monday')
fechas2/train/fechas2_006185.en.wav,please next monday | next_day('monday')
fechas2/train/fechas2_006186.en.wav,this thursday | next_day('thursday')
fechas2/train/fechas2_006187.en.wav,in three days | relative_day(+3)
fechas2/train/fechas2_006188.en.wav,in three days thanks | relative_day(+3)
fechas2/train/fechas2_006189.en.wav,next tuesday | next_day('tuesday')
fechas2/train/fechas2_006190.en.wav,next monday | next_day('monday')
fechas2/train/fechas2_006191.en.wav,please next wednesday | next_day('wednesday')
fechas2/train/fechas2_006192.en.wav,next thursday | next_day('thursday')
fechas2/train/fechas2_006193.en.wav,in three days | relative_day(+3)
fechas2/train/fechas2_006194.en.wav,this wednesday | next_day('wednesday')
fechas2/train/fechas2_006195.en.wav,next thursday | next_day('thursday')
fechas2/train/fechas2_006196.en.wav,next tuesday please | next_day('tuesday')
fechas2/train/fechas2_006197.en.wav,this coming monday | next_day('monday')
fechas2/train/fechas2_006198.en.wav,this tuesday | next_day('tuesday')
fechas2/train/fechas2_006199.en.wav,please next wednesday | next_day('wednesday')
fechas2/train/fechas2_006200.en.wav,in three days thanks | relative_day(+3)
fechas2/train/fechas2_006201.en.wav,in three days | relative_day(+3)
fechas2/train/fechas2_006202.en.wav,in a couple of days please | relative_day(+2)
fechas2/train/fechas2_006203.en.wav,this coming wednesday | next_day('wednesday')
fechas2/train/fechas2_006204.en.wav,this monday | next_day('monday')
fechas2/train/fechas2_006205.en.wav,next tuesday thank you | next_day('tuesday')
fechas2/train/fechas2_006206.en.wav,next tuesday | next_day('tuesday')
fechas2/train/fechas2_006207.en.wav,this coming friday please | next_day('friday')
fechas2/train/fechas2_006208.en.wav,next wednesday | next_day('wednesday')
fechas2/train/fechas2_006209.en.wav,this coming monday | next_day('monday')
fechas2/train/fechas2_006210.en.wav,in three days | relative_day(+3)
fechas2/train/fechas2_006211.en.wav,monday | next_day('monday')
fechas2/train/fechas2_006212.en.wav,this thursday | next_day('thursday')
fechas2/train/fechas2_006213.en.wav,this coming thursday | next_day('thursday')
fechas2/train/fechas2_006214.en.wav,tomorrow please | relative_day(+1)
fechas2/train/fechas2_006215.en.wav,this coming tuesday thank you | next_day('tuesday')
fechas2/train/fechas2_006216.en.wav,please this coming thursday | next_day('thursday')
fechas2/train/fechas2_006217.en.wav,next wednesday thank you | next_day('wednesday')
fechas2/train/fechas2_006218.en.wav,thursday please | next_day('thursday')
fechas2/train/fechas2_006219.en.wav,this coming friday | next_day('friday')
fechas2/train/fechas2_006220.en.wav,this coming tuesday | next_day('tuesday')
fechas2/train/fechas2_006221.en.wav,next wednesday | next_day('wednesday')
fechas2/train/fechas2_006222.en.wav,in three days | relative_day(+3)
fechas2/train/fechas2_006223.en.wav,this coming wednesday | next_day('wednesday')
fechas2/train/fechas2_006224.en.wav,in three days | relative_day(+3)
fechas2/train/fechas2_006225.en.wav,thursday | next_day('thursday')
fechas2/train/fechas2_006226.en.wav,next tuesday | next_day('tuesday')
fechas2/train/fechas2_006227.en.wav,please in a couple of days | relative_day(+2)
fechas2/train/fechas2_006228.en.wav,day after tomorrow | relative_day(+2)
fechas2/train/fechas2_006229.en.wav,tomorrow | relative_day(+1)
fechas2/train/fechas2_006230.en.wav,in three days | relative_day(+3)
fechas2/train/fechas2_006231.en.wav,tomorrow | relative_day(+1)
fechas2/train/fechas2_006232.en.wav,this friday | next_day('friday')
fechas2/train/fechas2_006233.en.wav,next tuesday thanks | next_day('tuesday')
fechas2/train/fechas2_006234.en.wav,this monday | next_day('monday')
fechas2/train/fechas2_006235.en.wav,next friday please | next_day('friday')
fechas2/train/fechas2_006236.en.wav,in three days | relative_day(+3)
fechas2/train/fechas2_006237.en.wav,this coming wednesday please | next_day('wednesday')
fechas2/train/fechas2_006238.en.wav,wednesday | next_day('wednesday')
fechas2/train/fechas2_006239.en.wav,this coming thursday | next_day('thursday')
fechas2/train/fechas2_006240.en.wav,tomorrow thank you | relative_day(+1)
fechas2/train/fechas2_006241.en.wav,the day after tomorrow please | relative_day(+2)
fechas2/train/fechas2_006242.en.wav,please tomorrow | relative_day(+1)
fechas2/train/fechas2_006243.en.wav,next friday | next_day('friday')
fechas2/train/fechas2_006244.en.wav,tomorrow | relative_day(+1)
fechas2/train/fechas2_006245.en.wav,next friday | next_day('friday')
fechas2/train/fechas2_006246.en.wav,next thursday | next_day('thursday')
fechas2/train/fechas2_006247.en.wav,next monday | next_day('monday')
fechas2/train/fechas2_006248.en.wav,next monday | next_day('monday')
fechas2/train/fechas2_006249.en.wav,tomorrow thank you | relative_day(+1)
fechas2/train/fechas2_006250.en.wav,this monday | next_day('monday')
fechas2/train/fechas2_006251.en.wav,next friday please | next_day('friday')
fechas2/train/fechas2_006252.en.wav,this coming friday please | next_day('friday')
fechas2/train/fechas2_006253.en.wav,in three days | relative_day(+3)
fechas2/train/fechas2_006254.en.wav,in a couple of days thanks | relative_day(+2)
fechas2/train/fechas2_006255.en.wav,in a couple of days | relative_day(+2)
fechas2/train/fechas2_006256.en.wav,this coming friday please | next_day('friday')
fechas2/train/fechas2_006257.en.wav,in three days please | relative_day(+3)
fechas2/train/fechas2_006258.en.wav,in a couple of days please | relative_day(+2)
fechas2/train/fechas2_006259.en.wav,the following thursday | next_day('thursday')
fechas2/train/fechas2_006260.en.wav,this monday | next_day('monday')
fechas2/train/fechas2_006261.en.wav,please in three days | relative_day(+3)
fechas2/train/fechas2_006262.en.wav,monday thank you | next_day('monday')
fechas2/train/fechas2_006263.en.wav,next tuesday | next_day('tuesday')
fechas2/train/fechas2_006264.en.wav,in three days | relative_day(+3)
fechas2/train/fechas2_006265.en.wav,this friday | next_day('friday')
fechas2/train/fechas2_006266.en.wav,next thursday | next_day('thursday')
fechas2/train/fechas2_006267.en.wav,this wednesday | next_day('wednesday')
fechas2/train/fechas2_006268.en.wav,please in a couple of days | relative_day(+2)
fechas2/train/fechas2_006269.en.wav,this coming tuesday | next_day('tuesday')
fechas2/train/fechas2_006270.en.wav,next monday | next_day('monday')
fechas2/train/fechas2_006271.en.wav,tomorrow | relative_day(+1)
fechas2/train/fechas2_006272.en.wav,this coming wednesday | next_day('wednesday')
fechas2/train/fechas2_006273.en.wav,please next monday | next_day('monday')
fechas2/train/fechas2_006274.en.wav,this tuesday | next_day('tuesday')
fechas2/train/fechas2_006275.en.wav,tomorrow | relative_day(+1)
fechas2/train/fechas2_006276.en.wav,this coming monday | next_day('monday')
fechas2/train/fechas2_006277.en.wav,thursday please | next_day('thursday')
fechas2/train/fechas2_006278.en.wav,this coming tuesday thank you | next_day('tuesday')
fechas2/train/fechas2_006279.en.wav,thursday | next_day('thursday')
fechas2/train/fechas2_006280.en.wav,tuesday | next_day('tuesday')
fechas2/train/fechas2_006281.en.wav,next thursday | next_day('thursday')
fechas2/train/fechas2_006282.en.wav,next monday | next_day('monday')
fechas2/train/fechas2_006283.en.wav,thursday | next_day('thursday')
fechas2/train/fechas2_006284.en.wav,next friday | next_day('friday')
fechas2/train/fechas2_006285.en.wav,in a couple of days please | relative_day(+2)
fechas2/train/fechas2_006286.en.wav,next tuesday thanks | next_day('tuesday')
fechas2/train/fechas2_006287.en.wav,next friday | next_day('friday')
fechas2/train/fechas2_006288.en.wav,please this thursday | next_day('thursday')
fechas2/train/fechas2_006289.en.wav,tuesday | next_day('tuesday')
fechas2/train/fechas2_006290.en.wav,next tuesday thank you | next_day('tuesday')
fechas2/train/fechas2_006291.en.wav,please in a couple of days | relative_day(+2)
fechas2/train/fechas2_006292.en.wav,in three days | relative_day(+3)
fechas2/train/fechas2_006293.en.wav,monday | next_day('monday')
fechas2/train/fechas2_006294.en.wav,next wednesday | next_day('wednesday')
fechas2/train/fechas2_006295.en.wav,friday thank you | next_day('friday')
fechas2/train/fechas2_006296.en.wav,friday | next_day('friday')
fechas2/train/fechas2_006297.en.wav,this monday | next_day('monday')
fechas2/train/fechas2_006298.en.wav,in three days please | relative_day(+3)
fechas2/train/fechas2_006299.en.wav,monday | next_day('monday')
fechas2/train/fechas2_006300.en.wav,monday | next_day('monday')
fechas2/train/fechas2_006301.en.wav,next wednesday | next_day('wednesday')
fechas2/train/fechas2_006302.en.wav,next tuesday please | next_day('tuesday')
fechas2/train/fechas2_006303.en.wav,in three days | relative_day(+3)
fechas2/train/fechas2_006304.en.wav,please this coming thursday | next_day('thursday')
fechas2/train/fechas2_006305.en.wav,this coming wednesday | next_day('wednesday')
fechas2/train/fechas2_006306.en.wav,this coming wednesday | next_day('wednesday')
fechas2/train/fechas2_006307.en.wav,next monday | next_day('monday')
fechas2/train/fechas2_006308.en.wav,next tuesday | next_day('tuesday')
fechas2/train/fechas2_006309.en.wav,the day after tomorrow | relative_day(+2)
fechas2/train/fechas2_006310.en.wav,this coming tuesday | next_day('tuesday')
fechas2/train/fechas2_006311.en.wav,this wednesday | next_day('wednesday')
fechas2/train/fechas2_006312.en.wav,this coming tuesday | next_day('tuesday')
fechas2/train/fechas2_006313.en.wav,this thursday thank you | next_day('thursday')
fechas2/train/fechas2_006314.en.wav,in a couple of days | relative_day(+2)
fechas2/train/fechas2_006315.en.wav,this coming wednesday please | next_day('wednesday')
fechas2/train/fechas2_006316.en.wav,next wednesday | next_day('wednesday')
fechas2/train/fechas2_006317.en.wav,next wednesday | next_day('wednesday')
fechas2/train/fechas2_006318.en.wav,next friday thanks | next_day('friday')
fechas2/train/fechas2_006319.en.wav,please on tuesday | next_day('tuesday')
fechas2/train/fechas2_006320.en.wav,next wednesday | next_day('wednesday')
fechas2/train/fechas2_006321.en.wav,friday | next_day('friday')
fechas2/train/fechas2_006322.en.wav,thursday | next_day('thursday')
fechas2/train/fechas2_006323.en.wav,tuesday thank you. | next_day('tuesday')
fechas2/train/fechas2_006324.en.wav,in a couple of days | relative_day(+2)
fechas2/train/fechas2_006325.en.wav,in three days | relative_day(+3)
fechas2/train/fechas2_006326.en.wav,on monday please | next_day('monday')
fechas2/train/fechas2_006327.en.wav,next friday thank you | next_day('friday')
fechas2/train/fechas2_006328.en.wav,in a couple of days thanks | relative_day(+2)
fechas2/train/fechas2_006329.en.wav,this coming thursday | next_day('thursday')
fechas2/train/fechas2_006330.en.wav,this friday | next_day('friday')
fechas2/train/fechas2_006331.en.wav,next wednesday thank you | next_day('wednesday')
fechas2/train/fechas2_006332.en.wav,in three days | relative_day(+3)
fechas2/train/fechas2_006333.en.wav,please next thursday | next_day('thursday')
fechas2/train/fechas2_006334.en.wav,in three days please | relative_day(+3)
fechas2/train/fechas2_006335.en.wav,this coming monday please | next_day('monday')
fechas2/train/fechas2_006336.en.wav,in a couple of days please | relative_day(+2)
fechas2/train/fechas2_006337.en.wav,thursday | next_day('thursday')
fechas2/train/fechas2_006338.en.wav,this coming friday | next_day('friday')
fechas2/train/fechas2_006339.en.wav,next friday | next_day('friday')
fechas2/train/fechas2_006340.en.wav,this monday | next_day('monday')
fechas2/train/fechas2_006341.en.wav,next wednesday thank you | next_day('wednesday')
fechas2/train/fechas2_006342.en.wav,next thursday | next_day('thursday')
fechas2/train/fechas2_006343.en.wav,please this coming thursday | next_day('thursday')
fechas2/train/fechas2_006344.en.wav,this coming tuesday | next_day('tuesday')
fechas2/train/fechas2_006345.en.wav,please this coming wednesday | next_day('wednesday')
fechas2/train/fechas2_006346.en.wav,wednesday please | next_day('wednesday')
fechas2/train/fechas2_006347.en.wav,next tuesday | next_day('tuesday')
fechas2/train/fechas2_006348.en.wav,thursday please | next_day('thursday')
fechas2/train/fechas2_006349.en.wav,friday | next_day('friday')
fechas2/train/fechas2_006350.en.wav,next monday | next_day('monday')
fechas2/train/fechas2_006351.en.wav,monday | next_day('monday')
fechas2/train/fechas2_006352.en.wav,in a couple of days thanks | relative_day(+2)
fechas2/train/fechas2_006353.en.wav,please this coming wednesday | next_day('wednesday')
fechas2/train/fechas2_006354.en.wav,the day after tomorrow | relative_day(+2)
fechas2/train/fechas2_006355.en.wav,the day after tomorrow | relative_day(+2)
fechas2/train/fechas2_006356.en.wav,this monday | next_day('monday')
fechas2/train/fechas2_006357.en.wav,the day after tomorrow | relative_day(+2)
fechas2/train/fechas2_006358.en.wav,please next tuesday | next_day('tuesday')
fechas2/train/fechas2_006359.en.wav,this coming thursday thank you | next_day('thursday')
fechas2/train/fechas2_006360.en.wav,this coming friday | next_day('friday')
fechas2/train/fechas2_006361.en.wav,tomorrow | relative_day(+1)
fechas2/train/fechas2_006362.en.wav,next tuesday please | next_day('tuesday')
fechas2/train/fechas2_006363.en.wav,monday | next_day('monday')
fechas2/train/fechas2_006364.en.wav,please on friday | next_day('friday')
fechas2/train/fechas2_006365.en.wav,next thursday | next_day('thursday')
fechas2/train/fechas2_006366.en.wav,this thursday thank you | next_day('thursday')
fechas2/train/fechas2_006367.en.wav,next tuesday | next_day('tuesday')
fechas2/train/fechas2_006368.en.wav,next tuesday thank you | next_day('tuesday')
fechas2/train/fechas2_006369.en.wav,wednesday | next_day('wednesday')
fechas2/train/fechas2_006370.en.wav,next tuesday | next_day('tuesday')
fechas2/train/fechas2_006371.en.wav,this coming monday | next_day('monday')
fechas2/train/fechas2_006372.en.wav,next wednesday | next_day('wednesday')
fechas2/train/fechas2_006373.en.wav,the following tuesday | next_day('tuesday')
fechas2/train/fechas2_006374.en.wav,tomorrow please | relative_day(+1)
fechas2/train/fechas2_006375.en.wav,next wednesday please | next_day('wednesday')
fechas2/train/fechas2_006376.en.wav,next tuesday | next_day('tuesday')
fechas2/train/fechas2_006377.en.wav,in a couple of days please | relative_day(+2)
fechas2/train/fechas2_006378.en.wav,next friday | next_day('friday')
fechas2/train/fechas2_006379.en.wav,this coming friday | next_day('friday')
fechas2/train/fechas2_006380.en.wav,tuesday | next_day('tuesday')
fechas2/train/fechas2_006381.en.wav,this coming wednesday please | next_day('wednesday')
fechas2/train/fechas2_006382.en.wav,wednesday | next_day('wednesday')
fechas2/train/fechas2_006383.en.wav,tuesday | next_day('tuesday')
fechas2/train/fechas2_006384.en.wav,next monday please | next_day('monday')
fechas2/train/fechas2_006385.en.wav,next monday | next_day('monday')
fechas2/train/fechas2_006386.en.wav,next monday | next_day('monday')
fechas2/train/fechas2_006387.en.wav,this coming monday | next_day('monday')
fechas2/train/fechas2_006388.en.wav,next tuesday | next_day('tuesday')
fechas2/train/fechas2_006389.en.wav,please in a couple of days | relative_day(+2)
fechas2/train/fechas2_006390.en.wav,in a couple of days | relative_day(+2)
fechas2/train/fechas2_006391.en.wav,next wednesday please | next_day('wednesday')
fechas2/train/fechas2_006392.en.wav,friday | next_day('friday')
fechas2/train/fechas2_006393.en.wav,next wednesday | next_day('wednesday')
fechas2/train/fechas2_006394.en.wav,next monday | next_day('monday')
fechas2/train/fechas2_006395.en.wav,in three days please | relative_day(+3)
fechas2/train/fechas2_006396.en.wav,in three days | relative_day(+3)
fechas2/train/fechas2_006397.en.wav,tomorrow please | relative_day(+1)
fechas2/train/fechas2_006398.en.wav,please this friday | next_day('friday')
fechas2/train/fechas2_006399.en.wav,next monday | next_day('monday')
fechas2/train/fechas2_006400.en.wav,next tuesday | next_day('tuesday')
fechas2/train/fechas2_006401.en.wav,please on friday | next_day('friday')
fechas2/train/fechas2_006402.en.wav,wednesday | next_day('wednesday')
fechas2/train/fechas2_006403.en.wav,next tuesday please | next_day('tuesday')
fechas2/train/fechas2_006404.en.wav,the following wednesday | next_day('wednesday')
fechas2/train/fechas2_006405.en.wav,next tuesday | next_day('tuesday')
fechas2/train/fechas2_006406.en.wav,please next tuesday | next_day('tuesday')
fechas2/train/fechas2_006407.en.wav,the day after tomorrow | relative_day(+2)
fechas2/train/fechas2_006408.en.wav,this monday thank you | next_day('monday')
fechas2/train/fechas2_006409.en.wav,in three days | relative_day(+3)
fechas2/train/fechas2_006410.en.wav,this friday | next_day('friday')
fechas2/train/fechas2_006411.en.wav,next wednesday | next_day('wednesday')
fechas2/train/fechas2_006412.en.wav,in three days thanks | relative_day(+3)
fechas2/train/fechas2_006413.en.wav,next tuesday | next_day('tuesday')
fechas2/train/fechas2_006414.en.wav,please this thursday | next_day('thursday')
fechas2/train/fechas2_006415.en.wav,in a couple of days please | relative_day(+2)
fechas2/train/fechas2_006416.en.wav,next tuesday please | next_day('tuesday')
fechas2/train/fechas2_006417.en.wav,thursday | next_day('thursday')
fechas2/train/fechas2_006418.en.wav,in three days please | relative_day(+3)
fechas2/train/fechas2_006419.en.wav,next friday | next_day('friday')
fechas2/train/fechas2_006420.en.wav,in three days | relative_day(+3)
fechas2/train/fechas2_006421.en.wav,in a couple of days | relative_day(+2)
fechas2/train/fechas2_006422.en.wav,in a couple of days | relative_day(+2)
fechas2/train/fechas2_006423.en.wav,this thursday please | next_day('thursday')
fechas2/train/fechas2_006424.en.wav,next wednesday | next_day('wednesday')
fechas2/train/fechas2_006425.en.wav,this coming friday thanks | next_day('friday')
fechas2/train/fechas2_006426.en.wav,this coming thursday | next_day('thursday')
fechas2/train/fechas2_006427.en.wav,this wednesday | next_day('wednesday')
fechas2/train/fechas2_006428.en.wav,in three days please | relative_day(+3)
fechas2/train/fechas2_006429.en.wav,tomorrow | relative_day(+1)
fechas2/train/fechas2_006430.en.wav,next wednesday | next_day('wednesday')
fechas2/train/fechas2_006431.en.wav,the following tuesday | next_day('tuesday')
fechas2/train/fechas2_006432.en.wav,the following monday | next_day('monday')
fechas2/train/fechas2_006433.en.wav,next monday | next_day('monday')
fechas2/train/fechas2_006434.en.wav,monday | next_day('monday')
fechas2/train/fechas2_006435.en.wav,in three days | relative_day(+3)
fechas2/train/fechas2_006436.en.wav,next tuesday please | next_day('tuesday')
fechas2/train/fechas2_006437.en.wav,in a couple of days | relative_day(+2)
fechas2/train/fechas2_006438.en.wav,next thursday thank you | next_day('thursday')
fechas2/train/fechas2_006439.en.wav,in a couple of days thanks | relative_day(+2)
fechas2/train/fechas2_006440.en.wav,next monday | next_day('monday')
fechas2/train/fechas2_006441.en.wav,next monday | next_day('monday')
fechas2/train/fechas2_006442.en.wav,please in a couple of days | relative_day(+2)
fechas2/train/fechas2_006443.en.wav,next thursday please | next_day('thursday')
fechas2/train/fechas2_006444.en.wav,this coming thursday | next_day('thursday')
fechas2/train/fechas2_006445.en.wav,next wednesday please | next_day('wednesday')
fechas2/train/fechas2_006446.en.wav,in three days | relative_day(+3)
fechas2/train/fechas2_006447.en.wav,next wednesday thank you | next_day('wednesday')
fechas2/train/fechas2_006448.en.wav,please in three days | relative_day(+3)
fechas2/train/fechas2_006449.en.wav,please next wednesday | next_day('wednesday')
fechas2/train/fechas2_006450.en.wav,this monday | next_day('monday')
fechas2/train/fechas2_006451.en.wav,this monday please | next_day('monday')
fechas2/train/fechas2_006452.en.wav,tomorrow | relative_day(+1)
fechas2/train/fechas2_006453.en.wav,next tuesday | next_day('tuesday')
fechas2/train/fechas2_006454.en.wav,please next tuesday | next_day('tuesday')
fechas2/train/fechas2_006455.en.wav,tomorrow | relative_day(+1)
fechas2/train/fechas2_006456.en.wav,please next monday | next_day('monday')
fechas2/train/fechas2_006457.en.wav,please on thursday | next_day('thursday')
fechas2/train/fechas2_006458.en.wav,this tuesday thank you | next_day('tuesday')
fechas2/train/fechas2_006459.en.wav,the following tuesday | next_day('tuesday')
fechas2/train/fechas2_006460.en.wav,monday | next_day('monday')
fechas2/train/fechas2_006461.en.wav,next tuesday | next_day('tuesday')
fechas2/train/fechas2_006462.en.wav,in three days please | relative_day(+3)
fechas2/train/fechas2_006463.en.wav,next tuesday | next_day('tuesday')
fechas2/train/fechas2_006464.en.wav,next friday | next_day('friday')
fechas2/train/fechas2_006465.en.wav,please next thursday | next_day('thursday')
fechas2/train/fechas2_006466.en.wav,tomorrow thank you | relative_day(+1)
fechas2/train/fechas2_006467.en.wav,please this tuesday | next_day('tuesday')
fechas2/train/fechas2_006468.en.wav,next tuesday | next_day('tuesday')
fechas2/train/fechas2_006469.en.wav,tuesday | next_day('tuesday')
fechas2/train/fechas2_006470.en.wav,tomorrow please | relative_day(+1)
fechas2/train/fechas2_006471.en.wav,in three days | relative_day(+3)
fechas2/train/fechas2_006472.en.wav,next tuesday | next_day('tuesday')
fechas2/train/fechas2_006473.en.wav,this wednesday thank you | next_day('wednesday')
fechas2/train/fechas2_006474.en.wav,tuesday | next_day('tuesday')
fechas2/train/fechas2_006475.en.wav,this monday thank you | next_day('monday')
fechas2/train/fechas2_006476.en.wav,next thursday | next_day('thursday')
fechas2/train/fechas2_006477.en.wav,please on thursday | next_day('thursday')
fechas2/train/fechas2_006478.en.wav,next tuesday | next_day('tuesday')
fechas2/train/fechas2_006479.en.wav,this coming tuesday please | next_day('tuesday')
fechas2/train/fechas2_006480.en.wav,please on monday | next_day('monday')
fechas2/train/fechas2_006481.en.wav,this coming friday please | next_day('friday')
fechas2/train/fechas2_006482.en.wav,this coming friday | next_day('friday')
fechas2/train/fechas2_006483.en.wav,please next monday | next_day('monday')
fechas2/train/fechas2_006484.en.wav,this monday | next_day('monday')
fechas2/train/fechas2_006485.en.wav,please next thursday | next_day('thursday')
fechas2/train/fechas2_006486.en.wav,thursday | next_day('thursday')
fechas2/train/fechas2_006487.en.wav,in three days | relative_day(+3)
fechas2/train/fechas2_006488.en.wav,next monday | next_day('monday')
fechas2/train/fechas2_006489.en.wav,this tuesday | next_day('tuesday')
fechas2/train/fechas2_006490.en.wav,this coming thursday | next_day('thursday')
fechas2/train/fechas2_006491.en.wav,this tuesday | next_day('tuesday')
fechas2/train/fechas2_006492.en.wav,monday | next_day('monday')
fechas2/train/fechas2_006493.en.wav,in three days thanks | relative_day(+3)
fechas2/train/fechas2_006494.en.wav,this monday please | next_day('monday')
fechas2/train/fechas2_006495.en.wav,in three days | relative_day(+3)
fechas2/train/fechas2_006496.en.wav,this coming monday thanks | next_day('monday')
fechas2/train/fechas2_006497.en.wav,next friday | next_day('friday')
fechas2/train/fechas2_006498.en.wav,wednesday | next_day('wednesday')
fechas2/train/fechas2_006499.en.wav,the following wednesday | next_day('wednesday')
fechas2/train/fechas2_006500.en.wav,the following tuesday | next_day('tuesday')
fechas2/train/fechas2_006501.en.wav,please this coming thursday | next_day('thursday')
fechas2/train/fechas2_006502.en.wav,this coming friday | next_day('friday')
fechas2/train/fechas2_006503.en.wav,please this coming friday | next_day('friday')
fechas2/train/fechas2_006504.en.wav,friday | next_day('friday')
fechas2/train/fechas2_006505.en.wav,next friday please | next_day('friday')
fechas2/train/fechas2_006506.en.wav,next monday | next_day('monday')
fechas2/train/fechas2_006507.en.wav,in three days | relative_day(+3)
fechas2/train/fechas2_006508.en.wav,next monday | next_day('monday')
fechas2/train/fechas2_006509.en.wav,the following thursday | next_day('thursday')
fechas2/train/fechas2_006510.en.wav,next tuesday | next_day('tuesday')
fechas2/train/fechas2_006511.en.wav,thursday | next_day('thursday')
fechas2/train/fechas2_006512.en.wav,next wednesday | next_day('wednesday')
fechas2/train/fechas2_006513.en.wav,in a couple of days | relative_day(+2)
fechas2/train/fechas2_006514.en.wav,this wednesday | next_day('wednesday')
fechas2/train/fechas2_006515.en.wav,next tuesday | next_day('tuesday')
fechas2/train/fechas2_006516.en.wav,this monday please | next_day('monday')
fechas2/train/fechas2_006517.en.wav,next tuesday | next_day('tuesday')
fechas2/train/fechas2_006518.en.wav,next tuesday | next_day('tuesday')
fechas2/train/fechas2_006519.en.wav,please this friday | next_day('friday')
fechas2/train/fechas2_006520.en.wav,next wednesday | next_day('wednesday')
fechas2/train/fechas2_006521.en.wav,next wednesday | next_day('wednesday')
fechas2/train/fechas2_006522.en.wav,this wednesday | next_day('wednesday')
fechas2/train/fechas2_006523.en.wav,this coming friday | next_day('friday')
fechas2/train/fechas2_006524.en.wav,next monday please | next_day('monday')
fechas2/train/fechas2_006525.en.wav,this thursday | next_day('thursday')
fechas2/train/fechas2_006526.en.wav,next monday | next_day('monday')
fechas2/train/fechas2_006527.en.wav,this monday | next_day('monday')
fechas2/train/fechas2_006528.en.wav,friday please | next_day('friday')
fechas2/train/fechas2_006529.en.wav,in three days | relative_day(+3)
fechas2/train/fechas2_006530.en.wav,this thursday | next_day('thursday')
fechas2/train/fechas2_006531.en.wav,the day after tomorrow | relative_day(+2)
fechas2/train/fechas2_006532.en.wav,this monday please | next_day('monday')
fechas2/train/fechas2_006533.en.wav,the day after tomorrow | relative_day(+2)
fechas2/train/fechas2_006534.en.wav,this coming monday please | next_day('monday')
fechas2/train/fechas2_006535.en.wav,next thursday | next_day('thursday')
fechas2/train/fechas2_006536.en.wav,in three days | relative_day(+3)
fechas2/train/fechas2_006537.en.wav,next thursday | next_day('thursday')
fechas2/train/fechas2_006538.en.wav,in three days | relative_day(+3)
fechas2/train/fechas2_006539.en.wav,thursday | next_day('thursday')
fechas2/train/fechas2_006540.en.wav,this tuesday | next_day('tuesday')
fechas2/train/fechas2_006541.en.wav,in a couple of days | relative_day(+2)
fechas2/train/fechas2_006542.en.wav,this coming thursday thanks | next_day('thursday')
fechas2/train/fechas2_006543.en.wav,next monday thank you | next_day('monday')
fechas2/train/fechas2_006544.en.wav,in three days thanks | relative_day(+3)
fechas2/train/fechas2_006545.en.wav,friday | next_day('friday')
fechas2/train/fechas2_006546.en.wav,this coming wednesday | next_day('wednesday')
fechas2/train/fechas2_006547.en.wav,this monday | next_day('monday')
fechas2/train/fechas2_006548.en.wav,next tuesday | next_day('tuesday')
fechas2/train/fechas2_006549.en.wav,please this tuesday | next_day('tuesday')
fechas2/train/fechas2_006550.en.wav,tuesday thank you. | next_day('tuesday')
fechas2/train/fechas2_006551.en.wav,this tuesday please | next_day('tuesday')
fechas2/train/fechas2_006552.en.wav,the following tuesday | next_day('tuesday')
fechas2/train/fechas2_006553.en.wav,tomorrow | relative_day(+1)
fechas2/train/fechas2_006554.en.wav,next monday | next_day('monday')
fechas2/train/fechas2_006555.en.wav,this wednesday | next_day('wednesday')
fechas2/train/fechas2_006556.en.wav,next friday | next_day('friday')
fechas2/train/fechas2_006557.en.wav,this friday | next_day('friday')
fechas2/train/fechas2_006558.en.wav,next tuesday | next_day('tuesday')
fechas2/train/fechas2_006559.en.wav,this monday | next_day('monday')
fechas2/train/fechas2_006560.en.wav,in three days | relative_day(+3)
fechas2/train/fechas2_006561.en.wav,next thursday please | next_day('thursday')
fechas2/train/fechas2_006562.en.wav,next friday | next_day('friday')
fechas2/train/fechas2_006563.en.wav,the day after tomorrow | relative_day(+2)
fechas2/train/fechas2_006564.en.wav,this thursday please | next_day('thursday')
fechas2/train/fechas2_006565.en.wav,next monday | next_day('monday')
fechas2/train/fechas2_006566.en.wav,please in a couple of days | relative_day(+2)
fechas2/train/fechas2_006567.en.wav,please on monday | next_day('monday')
fechas2/train/fechas2_006568.en.wav,next friday | next_day('friday')
fechas2/train/fechas2_006569.en.wav,next monday please | next_day('monday')
fechas2/train/fechas2_006570.en.wav,next tuesday | next_day('tuesday')
fechas2/train/fechas2_006571.en.wav,please next monday | next_day('monday')
fechas2/train/fechas2_006572.en.wav,please this friday | next_day('friday')
fechas2/train/fechas2_006573.en.wav,next monday | next_day('monday')
fechas2/train/fechas2_006574.en.wav,next friday | next_day('friday')
fechas2/train/fechas2_006575.en.wav,this coming monday thanks | next_day('monday')
fechas2/train/fechas2_006576.en.wav,next tuesday | next_day('tuesday')
fechas2/train/fechas2_006577.en.wav,please this coming wednesday | next_day('wednesday')
fechas2/train/fechas2_006578.en.wav,in three days | relative_day(+3)
fechas2/train/fechas2_006579.en.wav,next friday | next_day('friday')
fechas2/train/fechas2_006580.en.wav,next wednesday thank you | next_day('wednesday')
fechas2/train/fechas2_006581.en.wav,this wednesday | next_day('wednesday')
fechas2/train/fechas2_006582.en.wav,this coming tuesday please | next_day('tuesday')
fechas2/train/fechas2_006583.en.wav,the day after tomorrow thanks | relative_day(+2)
fechas2/train/fechas2_006584.en.wav,next monday please | next_day('monday')
fechas2/train/fechas2_006585.en.wav,please next tuesday | next_day('tuesday')
fechas2/train/fechas2_006586.en.wav,in a couple of days | relative_day(+2)
fechas2/train/fechas2_006587.en.wav,friday | next_day('friday')
fechas2/train/fechas2_006588.en.wav,tuesday | next_day('tuesday')
fechas2/train/fechas2_006589.en.wav,thursday thank you | next_day('thursday')
fechas2/train/fechas2_006590.en.wav,this coming friday please | next_day('friday')
fechas2/train/fechas2_006591.en.wav,in three days | relative_day(+3)
fechas2/train/fechas2_006592.en.wav,in a couple of days thanks | relative_day(+2)
fechas2/train/fechas2_006593.en.wav,next thursday | next_day('thursday')
fechas2/train/fechas2_006594.en.wav,next thursday please | next_day('thursday')
fechas2/train/fechas2_006595.en.wav,in a couple of days thanks | relative_day(+2)
fechas2/train/fechas2_006596.en.wav,tomorrow thank you | relative_day(+1)
fechas2/train/fechas2_006597.en.wav,please this coming thursday | next_day('thursday')
fechas2/train/fechas2_006598.en.wav,in three days | relative_day(+3)
fechas2/train/fechas2_006599.en.wav,friday | next_day('friday')
fechas2/train/fechas2_006600.en.wav,in three days | relative_day(+3)
fechas2/train/fechas2_006601.en.wav,this coming thursday thanks | next_day('thursday')
fechas2/train/fechas2_006602.en.wav,next wednesday | next_day('wednesday')
fechas2/train/fechas2_006603.en.wav,next friday | next_day('friday')
fechas2/train/fechas2_006604.en.wav,next friday please | next_day('friday')
fechas2/train/fechas2_006605.en.wav,next monday please | next_day('monday')
fechas2/train/fechas2_006606.en.wav,this coming wednesday | next_day('wednesday')
fechas2/train/fechas2_006607.en.wav,next wednesday | next_day('wednesday')
fechas2/train/fechas2_006608.en.wav,please this friday | next_day('friday')
fechas2/train/fechas2_006609.en.wav,tuesday please | next_day('tuesday')
fechas2/train/fechas2_006610.en.wav,monday | next_day('monday')
fechas2/train/fechas2_006611.en.wav,please this coming thursday | next_day('thursday')
fechas2/train/fechas2_006612.en.wav,this coming friday | next_day('friday')
fechas2/train/fechas2_006613.en.wav,this coming wednesday | next_day('wednesday')
fechas2/train/fechas2_006614.en.wav,please on monday | next_day('monday')
fechas2/train/fechas2_006615.en.wav,this monday thank you | next_day('monday')
fechas2/train/fechas2_006616.en.wav,next wednesday | next_day('wednesday')
fechas2/train/fechas2_006617.en.wav,next friday please | next_day('friday')
fechas2/train/fechas2_006618.en.wav,this coming tuesday | next_day('tuesday')
fechas2/train/fechas2_006619.en.wav,next thursday | next_day('thursday')
fechas2/train/fechas2_006620.en.wav,this coming friday | next_day('friday')
fechas2/train/fechas2_006621.en.wav,next wednesday please | next_day('wednesday')
fechas2/train/fechas2_006622.en.wav,the following wednesday | next_day('wednesday')
fechas2/train/fechas2_006623.en.wav,this coming monday | next_day('monday')
fechas2/train/fechas2_006624.en.wav,in a couple of days | relative_day(+2)
fechas2/train/fechas2_006625.en.wav,this friday please | next_day('friday')
fechas2/train/fechas2_006626.en.wav,this coming monday | next_day('monday')
fechas2/train/fechas2_006627.en.wav,monday | next_day('monday')
fechas2/train/fechas2_006628.en.wav,please next monday | next_day('monday')
fechas2/train/fechas2_006629.en.wav,please on thursday | next_day('thursday')
fechas2/train/fechas2_006630.en.wav,next monday please | next_day('monday')
fechas2/train/fechas2_006631.en.wav,next tuesday please | next_day('tuesday')
fechas2/train/fechas2_006632.en.wav,next friday please | next_day('friday')
fechas2/train/fechas2_006633.en.wav,next wednesday | next_day('wednesday')
fechas2/train/fechas2_006634.en.wav,this wednesday | next_day('wednesday')
fechas2/train/fechas2_006635.en.wav,next friday | next_day('friday')
fechas2/train/fechas2_006636.en.wav,tuesday thank you. | next_day('tuesday')
fechas2/train/fechas2_006637.en.wav,next thursday | next_day('thursday')
fechas2/train/fechas2_006638.en.wav,friday | next_day('friday')
fechas2/train/fechas2_006639.en.wav,this tuesday thank you | next_day('tuesday')
fechas2/train/fechas2_006640.en.wav,next thursday please | next_day('thursday')
fechas2/train/fechas2_006641.en.wav,the day after tomorrow | relative_day(+2)
fechas2/train/fechas2_006642.en.wav,thursday thank you | next_day('thursday')
fechas2/train/fechas2_006643.en.wav,monday | next_day('monday')
fechas2/train/fechas2_006644.en.wav,this tuesday | next_day('tuesday')
fechas2/train/fechas2_006645.en.wav,in three days please | relative_day(+3)
fechas2/train/fechas2_006646.en.wav,in three days please | relative_day(+3)
fechas2/train/fechas2_006647.en.wav,in three days thanks | relative_day(+3)
fechas2/train/fechas2_006648.en.wav,please on thursday | next_day('thursday')
fechas2/train/fechas2_006649.en.wav,this coming monday | next_day('monday')
fechas2/train/fechas2_006650.en.wav,this tuesday | next_day('tuesday')
fechas2/train/fechas2_006651.en.wav,this monday thank you | next_day('monday')
fechas2/train/fechas2_006652.en.wav,in a couple of days please | relative_day(+2)
fechas2/train/fechas2_006653.en.wav,the following monday | next_day('monday')
fechas2/train/fechas2_006654.en.wav,next monday | next_day('monday')
fechas2/train/fechas2_006655.en.wav,please next tuesday | next_day('tuesday')
fechas2/train/fechas2_006656.en.wav,next tuesday | next_day('tuesday')
fechas2/train/fechas2_006657.en.wav,next friday please | next_day('friday')
fechas2/train/fechas2_006658.en.wav,next tuesday | next_day('tuesday')
fechas2/train/fechas2_006659.en.wav,this coming tuesday | next_day('tuesday')
fechas2/train/fechas2_006660.en.wav,next wednesday thank you | next_day('wednesday')
fechas2/train/fechas2_006661.en.wav,this coming thursday | next_day('thursday')
fechas2/train/fechas2_006662.en.wav,please this thursday | next_day('thursday')
fechas2/train/fechas2_006663.en.wav,monday | next_day('monday')
fechas2/train/fechas2_006664.en.wav,next friday please | next_day('friday')
fechas2/train/fechas2_006665.en.wav,please this coming wednesday | next_day('wednesday')
fechas2/train/fechas2_006666.en.wav,please next wednesday | next_day('wednesday')
fechas2/train/fechas2_006667.en.wav,next friday | next_day('friday')
fechas2/train/fechas2_006668.en.wav,this tuesday thank you | next_day('tuesday')
fechas2/train/fechas2_006669.en.wav,in three days thanks | relative_day(+3)
fechas2/train/fechas2_006670.en.wav,next monday please | next_day('monday')
fechas2/train/fechas2_006671.en.wav,this coming tuesday please | next_day('tuesday')
fechas2/train/fechas2_006672.en.wav,monday thank you | next_day('monday')
fechas2/train/fechas2_006673.en.wav,this friday | next_day('friday')
fechas2/train/fechas2_006674.en.wav,please next wednesday | next_day('wednesday')
fechas2/train/fechas2_006675.en.wav,in three days | relative_day(+3)
fechas2/train/fechas2_006676.en.wav,the day after tomorrow | relative_day(+2)
fechas2/train/fechas2_006677.en.wav,next wednesday | next_day('wednesday')
fechas2/train/fechas2_006678.en.wav,friday | next_day('friday')
fechas2/train/fechas2_006679.en.wav,please next tuesday | next_day('tuesday')
fechas2/train/fechas2_006680.en.wav,next wednesday | next_day('wednesday')
fechas2/train/fechas2_006681.en.wav,this thursday | next_day('thursday')
fechas2/train/fechas2_006682.en.wav,wednesday please | next_day('wednesday')
fechas2/train/fechas2_006683.en.wav,this wednesday thank you | next_day('wednesday')
fechas2/train/fechas2_006684.en.wav,please next wednesday | next_day('wednesday')
fechas2/train/fechas2_006685.en.wav,this coming thursday thank you | next_day('thursday')
fechas2/train/fechas2_006686.en.wav,the day after tomorrow please | relative_day(+2)
fechas2/train/fechas2_006687.en.wav,please tomorrow | relative_day(+1)
fechas2/train/fechas2_006688.en.wav,this monday thank you | next_day('monday')
fechas2/train/fechas2_006689.en.wav,thursday please | next_day('thursday')
fechas2/train/fechas2_006690.en.wav,please next thursday | next_day('thursday')
fechas2/train/fechas2_006691.en.wav,next tuesday | next_day('tuesday')
fechas2/train/fechas2_006692.en.wav,this thursday | next_day('thursday')
fechas2/train/fechas2_006693.en.wav,in a couple of days | relative_day(+2)
fechas2/train/fechas2_006694.en.wav,the day after tomorrow | relative_day(+2)
fechas2/train/fechas2_006695.en.wav,in a couple of days | relative_day(+2)
fechas2/train/fechas2_006696.en.wav,next monday | next_day('monday')
fechas2/train/fechas2_006697.en.wav,next wednesday please | next_day('wednesday')
fechas2/train/fechas2_006698.en.wav,the following friday | next_day('friday')
fechas2/train/fechas2_006699.en.wav,this coming tuesday thank you | next_day('tuesday')
fechas2/train/fechas2_006700.en.wav,please on friday | next_day('friday')
fechas2/train/fechas2_006701.en.wav,the day after tomorrow | relative_day(+2)
fechas2/train/fechas2_006702.en.wav,next friday thank you | next_day('friday')
fechas2/train/fechas2_006703.en.wav,day after tomorrow | relative_day(+2)
fechas2/train/fechas2_006704.en.wav,thursday | next_day('thursday')
fechas2/train/fechas2_006705.en.wav,tomorrow | relative_day(+1)
fechas2/train/fechas2_006706.en.wav,in a couple of days | relative_day(+2)
fechas2/train/fechas2_006707.en.wav,next tuesday | next_day('tuesday')
fechas2/train/fechas2_006708.en.wav,next thursday | next_day('thursday')
fechas2/train/fechas2_006709.en.wav,please in three days | relative_day(+3)
fechas2/train/fechas2_006710.en.wav,this thursday | next_day('thursday')
fechas2/train/fechas2_006711.en.wav,next monday | next_day('monday')
fechas2/train/fechas2_006712.en.wav,next tuesday thank you | next_day('tuesday')
fechas2/train/fechas2_006713.en.wav,please this wednesday | next_day('wednesday')
fechas2/train/fechas2_006714.en.wav,this coming thursday | next_day('thursday')
fechas2/train/fechas2_006715.en.wav,next wednesday | next_day('wednesday')
fechas2/train/fechas2_006716.en.wav,the day after tomorrow please | relative_day(+2)
fechas2/train/fechas2_006717.en.wav,in a couple of days please | relative_day(+2)
fechas2/train/fechas2_006718.en.wav,this coming monday | next_day('monday')
fechas2/train/fechas2_006719.en.wav,this coming tuesday | next_day('tuesday')
fechas2/train/fechas2_006720.en.wav,next monday thank you | next_day('monday')
fechas2/train/fechas2_006721.en.wav,next wednesday please | next_day('wednesday')
fechas2/train/fechas2_006722.en.wav,tomorrow thank you | relative_day(+1)
fechas2/train/fechas2_006723.en.wav,next friday | next_day('friday')
fechas2/train/fechas2_006724.en.wav,this coming thursday | next_day('thursday')
fechas2/train/fechas2_006725.en.wav,in three days | relative_day(+3)
fechas2/train/fechas2_006726.en.wav,this thursday please | next_day('thursday')
fechas2/train/fechas2_006727.en.wav,this tuesday | next_day('tuesday')
fechas2/train/fechas2_006728.en.wav,this coming monday please | next_day('monday')
fechas2/train/fechas2_006729.en.wav,in three days thanks | relative_day(+3)
fechas2/train/fechas2_006730.en.wav,wednesday | next_day('wednesday')
fechas2/train/fechas2_006731.en.wav,next thursday | next_day('thursday')
fechas2/train/fechas2_006732.en.wav,in three days | relative_day(+3)
fechas2/train/fechas2_006733.en.wav,next thursday thank you | next_day('thursday')
fechas2/train/fechas2_006734.en.wav,next monday | next_day('monday')
fechas2/train/fechas2_006735.en.wav,next tuesday please | next_day('tuesday')
fechas2/train/fechas2_006736.en.wav,next wednesday please | next_day('wednesday')
fechas2/train/fechas2_006737.en.wav,next friday | next_day('friday')
fechas2/train/fechas2_006738.en.wav,this friday please | next_day('friday')
fechas2/train/fechas2_006739.en.wav,in three days thanks | relative_day(+3)
fechas2/train/fechas2_006740.en.wav,tuesday thank you. | next_day('tuesday')
fechas2/train/fechas2_006741.en.wav,next thursday | next_day('thursday')
fechas2/train/fechas2_006742.en.wav,please next monday | next_day('monday')
fechas2/train/fechas2_006743.en.wav,this monday | next_day('monday')
fechas2/train/fechas2_006744.en.wav,in three days | relative_day(+3)
fechas2/train/fechas2_006745.en.wav,next thursday | next_day('thursday')
fechas2/train/fechas2_006746.en.wav,friday | next_day('friday')
fechas2/train/fechas2_006747.en.wav,the day after tomorrow | relative_day(+2)
fechas2/train/fechas2_006748.en.wav,in a couple of days | relative_day(+2)
fechas2/train/fechas2_006749.en.wav,in a couple of days | relative_day(+2)
fechas2/train/fechas2_006750.en.wav,this coming thursday | next_day('thursday')
fechas2/train/fechas2_006751.en.wav,next wednesday thank you | next_day('wednesday')
fechas2/train/fechas2_006752.en.wav,this friday please | next_day('friday')
fechas2/train/fechas2_006753.en.wav,next friday thank you | next_day('friday')
fechas2/train/fechas2_006754.en.wav,next wednesday please | next_day('wednesday')
fechas2/train/fechas2_006755.en.wav,this thursday | next_day('thursday')
fechas2/train/fechas2_006756.en.wav,next thursday please | next_day('thursday')
fechas2/train/fechas2_006757.en.wav,please this coming tuesday | next_day('tuesday')
fechas2/train/fechas2_006758.en.wav,in a couple of days | relative_day(+2)
fechas2/train/fechas2_006759.en.wav,the following wednesday | next_day('wednesday')
fechas2/train/fechas2_006760.en.wav,thursday | next_day('thursday')
fechas2/train/fechas2_006761.en.wav,next monday | next_day('monday')
fechas2/train/fechas2_006762.en.wav,tomorrow | relative_day(+1)
fechas2/train/fechas2_006763.en.wav,this tuesday please | next_day('tuesday')
fechas2/train/fechas2_006764.en.wav,in three days | relative_day(+3)
fechas2/train/fechas2_006765.en.wav,the following thursday | next_day('thursday')
fechas2/train/fechas2_006766.en.wav,this friday | next_day('friday')
fechas2/train/fechas2_006767.en.wav,next tuesday | next_day('tuesday')
fechas2/train/fechas2_006768.en.wav,next monday | next_day('monday')
fechas2/train/fechas2_006769.en.wav,thursday | next_day('thursday')
fechas2/train/fechas2_006770.en.wav,in a couple of days thanks | relative_day(+2)
fechas2/train/fechas2_006771.en.wav,next tuesday | next_day('tuesday')
fechas2/train/fechas2_006772.en.wav,please this coming tuesday | next_day('tuesday')
fechas2/train/fechas2_006773.en.wav,on monday please | next_day('monday')
fechas2/train/fechas2_006774.en.wav,this tuesday | next_day('tuesday')
fechas2/train/fechas2_006775.en.wav,this coming monday thanks | next_day('monday')
fechas2/train/fechas2_006776.en.wav,please on tuesday | next_day('tuesday')
fechas2/train/fechas2_006777.en.wav,this coming wednesday | next_day('wednesday')
fechas2/train/fechas2_006778.en.wav,in three days please | relative_day(+3)
fechas2/train/fechas2_006779.en.wav,next thursday please | next_day('thursday')
fechas2/train/fechas2_006780.en.wav,this coming friday | next_day('friday')
fechas2/train/fechas2_006781.en.wav,next thursday | next_day('thursday')
fechas2/train/fechas2_006782.en.wav,next monday | next_day('monday')
fechas2/train/fechas2_006783.en.wav,this wednesday please | next_day('wednesday')
fechas2/train/fechas2_006784.en.wav,please in a couple of days | relative_day(+2)
fechas2/train/fechas2_006785.en.wav,this wednesday | next_day('wednesday')
fechas2/train/fechas2_006786.en.wav,this coming wednesday | next_day('wednesday')
fechas2/train/fechas2_006787.en.wav,this tuesday thank you | next_day('tuesday')
fechas2/train/fechas2_006788.en.wav,next wednesday | next_day('wednesday')
fechas2/train/fechas2_006789.en.wav,please tomorrow | relative_day(+1)
fechas2/train/fechas2_006790.en.wav,in three days | relative_day(+3)
fechas2/train/fechas2_006791.en.wav,please in three days | relative_day(+3)
fechas2/train/fechas2_006792.en.wav,in three days thanks | relative_day(+3)
fechas2/train/fechas2_006793.en.wav,monday | next_day('monday')
fechas2/train/fechas2_006794.en.wav,this coming wednesday | next_day('wednesday')
fechas2/train/fechas2_006795.en.wav,next friday | next_day('friday')
fechas2/train/fechas2_006796.en.wav,please next thursday | next_day('thursday')
fechas2/train/fechas2_006797.en.wav,this monday | next_day('monday')
fechas2/train/fechas2_006798.en.wav,next monday | next_day('monday')
fechas2/train/fechas2_006799.en.wav,this monday please | next_day('monday')
fechas2/train/fechas2_006800.en.wav,friday | next_day('friday')
fechas2/train/fechas2_006801.en.wav,this coming tuesday thank you | next_day('tuesday')
fechas2/train/fechas2_006802.en.wav,tomorrow please | relative_day(+1)
fechas2/train/fechas2_006803.en.wav,in three days | relative_day(+3)
fechas2/train/fechas2_006804.en.wav,this coming tuesday please | next_day('tuesday')
fechas2/train/fechas2_006805.en.wav,next tuesday thank you | next_day('tuesday')
fechas2/train/fechas2_006806.en.wav,please on tuesday | next_day('tuesday')
fechas2/train/fechas2_006807.en.wav,please next monday | next_day('monday')
fechas2/train/fechas2_006808.en.wav,in a couple of days | relative_day(+2)
fechas2/train/fechas2_006809.en.wav,next friday please | next_day('friday')
fechas2/train/fechas2_006810.en.wav,next friday | next_day('friday')
fechas2/train/fechas2_006811.en.wav,next tuesday | next_day('tuesday')
fechas2/train/fechas2_006812.en.wav,in a couple of days thanks | relative_day(+2)
fechas2/train/fechas2_006813.en.wav,this coming thursday | next_day('thursday')
fechas2/train/fechas2_006814.en.wav,please next thursday | next_day('thursday')
fechas2/train/fechas2_006815.en.wav,this tuesday | next_day('tuesday')
fechas2/train/fechas2_006816.en.wav,next monday | next_day('monday')
fechas2/train/fechas2_006817.en.wav,next monday thank you | next_day('monday')
fechas2/train/fechas2_006818.en.wav,please on wednesday | next_day('wednesday')
fechas2/train/fechas2_006819.en.wav,please on monday | next_day('monday')
fechas2/train/fechas2_006820.en.wav,next friday | next_day('friday')
fechas2/train/fechas2_006821.en.wav,thursday thank you | next_day('thursday')
fechas2/train/fechas2_006822.en.wav,please in three days | relative_day(+3)
fechas2/train/fechas2_006823.en.wav,in a couple of days please | relative_day(+2)
fechas2/train/fechas2_006824.en.wav,this wednesday please | next_day('wednesday')
fechas2/train/fechas2_006825.en.wav,please this coming tuesday | next_day('tuesday')
fechas2/train/fechas2_006826.en.wav,friday | next_day('friday')
fechas2/train/fechas2_006827.en.wav,thursday | next_day('thursday')
fechas2/train/fechas2_006828.en.wav,this coming wednesday | next_day('wednesday')
fechas2/train/fechas2_006829.en.wav,please next tuesday | next_day('tuesday')
fechas2/train/fechas2_006830.en.wav,next friday thank you | next_day('friday')
fechas2/train/fechas2_006831.en.wav,next tuesday | next_day('tuesday')
fechas2/train/fechas2_006832.en.wav,next wednesday | next_day('wednesday')
fechas2/train/fechas2_006833.en.wav,next tuesday | next_day('tuesday')
fechas2/train/fechas2_006834.en.wav,in a couple of days | relative_day(+2)
fechas2/train/fechas2_006835.en.wav,this coming friday | next_day('friday')
fechas2/train/fechas2_006836.en.wav,the day after tomorrow | relative_day(+2)
fechas2/train/fechas2_006837.en.wav,this friday thank you | next_day('friday')
fechas2/train/fechas2_006838.en.wav,this coming tuesday | next_day('tuesday')
fechas2/train/fechas2_006839.en.wav,this coming thursday please | next_day('thursday')
fechas2/train/fechas2_006840.en.wav,this coming friday | next_day('friday')
fechas2/train/fechas2_006841.en.wav,please tomorrow | relative_day(+1)
fechas2/train/fechas2_006842.en.wav,please on monday | next_day('monday')
fechas2/train/fechas2_006843.en.wav,this coming monday | next_day('monday')
fechas2/train/fechas2_006844.en.wav,this coming monday thank you | next_day('monday')
fechas2/train/fechas2_006845.en.wav,please next monday | next_day('monday')
fechas2/train/fechas2_006846.en.wav,next friday | next_day('friday')
fechas2/train/fechas2_006847.en.wav,in three days | relative_day(+3)
fechas2/train/fechas2_006848.en.wav,next friday please | next_day('friday')
fechas2/train/fechas2_006849.en.wav,in three days thanks | relative_day(+3)
fechas2/train/fechas2_006850.en.wav,this coming tuesday please | next_day('tuesday')
fechas2/train/fechas2_006851.en.wav,this tuesday please | next_day('tuesday')
fechas2/train/fechas2_006852.en.wav,this coming wednesday | next_day('wednesday')
fechas2/train/fechas2_006853.en.wav,please next thursday | next_day('thursday')
fechas2/train/fechas2_006854.en.wav,next monday please | next_day('monday')
fechas2/train/fechas2_006855.en.wav,the day after tomorrow | relative_day(+2)
fechas2/train/fechas2_006856.en.wav,please tomorrow | relative_day(+1)
fechas2/train/fechas2_006857.en.wav,this coming thursday | next_day('thursday')
fechas2/train/fechas2_006858.en.wav,next monday | next_day('monday')
fechas2/train/fechas2_006859.en.wav,this wednesday | next_day('wednesday')
fechas2/train/fechas2_006860.en.wav,the day after tomorrow please | relative_day(+2)
fechas2/train/fechas2_006861.en.wav,tuesday | next_day('tuesday')
fechas2/train/fechas2_006862.en.wav,this thursday thank you | next_day('thursday')
fechas2/train/fechas2_006863.en.wav,this monday | next_day('monday')
fechas2/train/fechas2_006864.en.wav,the day after tomorrow | relative_day(+2)
fechas2/train/fechas2_006865.en.wav,monday | next_day('monday')
fechas2/train/fechas2_006866.en.wav,the following thursday | next_day('thursday')
fechas2/train/fechas2_006867.en.wav,the following tuesday | next_day('tuesday')
fechas2/train/fechas2_006868.en.wav,this tuesday thank you | next_day('tuesday')
fechas2/train/fechas2_006869.en.wav,tomorrow please | relative_day(+1)
fechas2/train/fechas2_006870.en.wav,next wednesday | next_day('wednesday')
fechas2/train/fechas2_006871.en.wav,in a couple of days | relative_day(+2)
fechas2/train/fechas2_006872.en.wav,next thursday please | next_day('thursday')
fechas2/train/fechas2_006873.en.wav,tuesday | next_day('tuesday')
fechas2/train/fechas2_006874.en.wav,next wednesday | next_day('wednesday')
fechas2/train/fechas2_006875.en.wav,please next friday | next_day('friday')
fechas2/train/fechas2_006876.en.wav,in a couple of days | relative_day(+2)
fechas2/train/fechas2_006877.en.wav,this monday thank you | next_day('monday')
fechas2/train/fechas2_006878.en.wav,this coming friday please | next_day('friday')
fechas2/train/fechas2_006879.en.wav,this tuesday | next_day('tuesday')
fechas2/train/fechas2_006880.en.wav,this monday | next_day('monday')
fechas2/train/fechas2_006881.en.wav,please next tuesday | next_day('tuesday')
fechas2/train/fechas2_006882.en.wav,this thursday thank you | next_day('thursday')
fechas2/train/fechas2_006883.en.wav,tomorrow | relative_day(+1)
fechas2/train/fechas2_006884.en.wav,please in three days | relative_day(+3)
fechas2/train/fechas2_006885.en.wav,this coming tuesday | next_day('tuesday')
fechas2/train/fechas2_006886.en.wav,in a couple of days please | relative_day(+2)
fechas2/train/fechas2_006887.en.wav,please next monday | next_day('monday')
fechas2/train/fechas2_006888.en.wav,in a couple of days | relative_day(+2)
fechas2/train/fechas2_006889.en.wav,in three days | relative_day(+3)
fechas2/train/fechas2_006890.en.wav,this tuesday | next_day('tuesday')
fechas2/train/fechas2_006891.en.wav,in three days | relative_day(+3)
fechas2/train/fechas2_006892.en.wav,this tuesday thank you | next_day('tuesday')
fechas2/train/fechas2_006893.en.wav,the day after tomorrow | relative_day(+2)
fechas2/train/fechas2_006894.en.wav,in a couple of days thanks | relative_day(+2)
fechas2/train/fechas2_006895.en.wav,this coming monday | next_day('monday')
fechas2/train/fechas2_006896.en.wav,the day after tomorrow please | relative_day(+2)
fechas2/train/fechas2_006897.en.wav,next tuesday | next_day('tuesday')
fechas2/train/fechas2_006898.en.wav,next friday | next_day('friday')
fechas2/train/fechas2_006899.en.wav,next thursday | next_day('thursday')
fechas2/train/fechas2_006900.en.wav,next thursday | next_day('thursday')
fechas2/train/fechas2_006901.en.wav,on monday please | next_day('monday')
fechas2/train/fechas2_006902.en.wav,next monday thank you | next_day('monday')
fechas2/train/fechas2_006903.en.wav,next monday | next_day('monday')
fechas2/train/fechas2_006904.en.wav,this coming friday | next_day('friday')
fechas2/train/fechas2_006905.en.wav,next monday | next_day('monday')
fechas2/train/fechas2_006906.en.wav,this coming wednesday | next_day('wednesday')
fechas2/train/fechas2_006907.en.wav,next monday thank you | next_day('monday')
fechas2/train/fechas2_006908.en.wav,this tuesday please | next_day('tuesday')
fechas2/train/fechas2_006909.en.wav,please next friday | next_day('friday')
fechas2/train/fechas2_006910.en.wav,in a couple of days please | relative_day(+2)
fechas2/train/fechas2_006911.en.wav,in three days | relative_day(+3)
fechas2/train/fechas2_006912.en.wav,in a couple of days please | relative_day(+2)
fechas2/train/fechas2_006913.en.wav,next thursday thank you | next_day('thursday')
fechas2/train/fechas2_006914.en.wav,day after tomorrow | relative_day(+2)
fechas2/train/fechas2_006915.en.wav,next monday | next_day('monday')
fechas2/train/fechas2_006916.en.wav,the day after tomorrow thanks | relative_day(+2)
fechas2/train/fechas2_006917.en.wav,tomorrow | relative_day(+1)
fechas2/train/fechas2_006918.en.wav,friday please | next_day('friday')
fechas2/train/fechas2_006919.en.wav,next tuesday | next_day('tuesday')
fechas2/train/fechas2_006920.en.wav,next tuesday please | next_day('tuesday')
fechas2/train/fechas2_006921.en.wav,the day after tomorrow | relative_day(+2)
fechas2/train/fechas2_006922.en.wav,this tuesday thank you | next_day('tuesday')
fechas2/train/fechas2_006923.en.wav,next tuesday | next_day('tuesday')
fechas2/train/fechas2_006924.en.wav,next tuesday | next_day('tuesday')
fechas2/train/fechas2_006925.en.wav,in three days | relative_day(+3)
fechas2/train/fechas2_006926.en.wav,the day after tomorrow | relative_day(+2)
fechas2/train/fechas2_006927.en.wav,in a couple of days | relative_day(+2)
fechas2/train/fechas2_006928.en.wav,in three days | relative_day(+3)
fechas2/train/fechas2_006929.en.wav,next tuesday please | next_day('tuesday')
fechas2/train/fechas2_006930.en.wav,this coming wednesday | next_day('wednesday')
fechas2/train/fechas2_006931.en.wav,please next friday | next_day('friday')
fechas2/train/fechas2_006932.en.wav,the following wednesday | next_day('wednesday')
fechas2/train/fechas2_006933.en.wav,next thursday thank you | next_day('thursday')
fechas2/train/fechas2_006934.en.wav,next friday | next_day('friday')
fechas2/train/fechas2_006935.en.wav,next friday | next_day('friday')
fechas2/train/fechas2_006936.en.wav,next monday | next_day('monday')
fechas2/train/fechas2_006937.en.wav,please next wednesday | next_day('wednesday')
fechas2/train/fechas2_006938.en.wav,please on friday | next_day('friday')
fechas2/train/fechas2_006939.en.wav,please tomorrow | relative_day(+1)
fechas2/train/fechas2_006940.en.wav,in a couple of days thanks | relative_day(+2)
fechas2/train/fechas2_006941.en.wav,next friday thank you | next_day('friday')
fechas2/train/fechas2_006942.en.wav,next thursday | next_day('thursday')
fechas2/train/fechas2_006943.en.wav,this monday | next_day('monday')
fechas2/train/fechas2_006944.en.wav,tomorrow | relative_day(+1)
fechas2/train/fechas2_006945.en.wav,in three days | relative_day(+3)
fechas2/train/fechas2_006946.en.wav,thursday | next_day('thursday')
fechas2/train/fechas2_006947.en.wav,next friday | next_day('friday')
fechas2/train/fechas2_006948.en.wav,monday | next_day('monday')
fechas2/train/fechas2_006949.en.wav,next monday | next_day('monday')
fechas2/train/fechas2_006950.en.wav,tomorrow please | relative_day(+1)
fechas2/train/fechas2_006951.en.wav,please tomorrow | relative_day(+1)
fechas2/train/fechas2_006952.en.wav,wednesday please | next_day('wednesday')
fechas2/train/fechas2_006953.en.wav,this friday | next_day('friday')
fechas2/train/fechas2_006954.en.wav,the following wednesday | next_day('wednesday')
fechas2/train/fechas2_006955.en.wav,this tuesday please | next_day('tuesday')
fechas2/train/fechas2_006956.en.wav,friday | next_day('friday')
fechas2/train/fechas2_006957.en.wav,this monday | next_day('monday')
fechas2/train/fechas2_006958.en.wav,this monday please | next_day('monday')
fechas2/train/fechas2_006959.en.wav,next tuesday please | next_day('tuesday')
fechas2/train/fechas2_006960.en.wav,this coming wednesday | next_day('wednesday')
fechas2/train/fechas2_006961.en.wav,on monday please | next_day('monday')
fechas2/train/fechas2_006962.en.wav,next wednesday please | next_day('wednesday')
fechas2/train/fechas2_006963.en.wav,next monday | next_day('monday')
fechas2/train/fechas2_006964.en.wav,please next friday | next_day('friday')
fechas2/train/fechas2_006965.en.wav,this monday | next_day('monday')
fechas2/train/fechas2_006966.en.wav,please in a couple of days | relative_day(+2)
fechas2/train/fechas2_006967.en.wav,in three days thanks | relative_day(+3)
fechas2/train/fechas2_006968.en.wav,this coming monday | next_day('monday')
fechas2/train/fechas2_006969.en.wav,next tuesday | next_day('tuesday')
fechas2/train/fechas2_006970.en.wav,next monday | next_day('monday')
fechas2/train/fechas2_006971.en.wav,please next wednesday | next_day('wednesday')
fechas2/train/fechas2_006972.en.wav,tomorrow | relative_day(+1)
fechas2/train/fechas2_006973.en.wav,please this coming tuesday | next_day('tuesday')
fechas2/train/fechas2_006974.en.wav,next friday | next_day('friday')
fechas2/train/fechas2_006975.en.wav,friday | next_day('friday')
fechas2/train/fechas2_006976.en.wav,please this friday | next_day('friday')
fechas2/train/fechas2_006977.en.wav,next thursday | next_day('thursday')
fechas2/train/fechas2_006978.en.wav,the day after tomorrow please | relative_day(+2)
fechas2/train/fechas2_006979.en.wav,in a couple of days | relative_day(+2)
fechas2/train/fechas2_006980.en.wav,next monday | next_day('monday')
fechas2/train/fechas2_006981.en.wav,this friday | next_day('friday')
fechas2/train/fechas2_006982.en.wav,the day after tomorrow | relative_day(+2)
fechas2/train/fechas2_006983.en.wav,this monday thank you | next_day('monday')
fechas2/train/fechas2_006984.en.wav,this friday | next_day('friday')
fechas2/train/fechas2_006985.en.wav,please next friday | next_day('friday')
fechas2/train/fechas2_006986.en.wav,monday thank you | next_day('monday')
fechas2/train/fechas2_006987.en.wav,in a couple of days please | relative_day(+2)
fechas2/train/fechas2_006988.en.wav,this coming wednesday please | next_day('wednesday')
fechas2/train/fechas2_006989.en.wav,this coming monday please | next_day('monday')
fechas2/train/fechas2_006990.en.wav,this coming wednesday thank you | next_day('wednesday')
fechas2/train/fechas2_006991.en.wav,the day after tomorrow please | relative_day(+2)
fechas2/train/fechas2_006992.en.wav,the following monday | next_day('monday')
fechas2/train/fechas2_006993.en.wav,this tuesday | next_day('tuesday')
fechas2/train/fechas2_006994.en.wav,next tuesday | next_day('tuesday')
fechas2/train/fechas2_006995.en.wav,next thursday please | next_day('thursday')
fechas2/train/fechas2_006996.en.wav,next friday | next_day('friday')
fechas2/train/fechas2_006997.en.wav,the following wednesday | next_day('wednesday')
fechas2/train/fechas2_006998.en.wav,the day after tomorrow | relative_day(+2)
fechas2/train/fechas2_006999.en.wav,monday | next_day('monday')
fechas2/train/fechas2_007000.en.wav,in a couple of days thanks | relative_day(+2)
fechas2/train/fechas2_007001.en.wav,next friday | next_day('friday')
fechas2/train/fechas2_007002.en.wav,next friday thank you | next_day('friday')
fechas2/train/fechas2_007003.en.wav,friday | next_day('friday')
fechas2/train/fechas2_007004.en.wav,in a couple of days please | relative_day(+2)
fechas2/train/fechas2_007005.en.wav,next wednesday | next_day('wednesday')
fechas2/train/fechas2_007006.en.wav,this friday thank you | next_day('friday')
fechas2/train/fechas2_007007.en.wav,the day after tomorrow thanks | relative_day(+2)
fechas2/train/fechas2_007008.en.wav,next monday | next_day('monday')
fechas2/train/fechas2_007009.en.wav,wednesday please | next_day('wednesday')
fechas2/train/fechas2_007010.en.wav,this tuesday | next_day('tuesday')
fechas2/train/fechas2_007011.en.wav,next friday please | next_day('friday')
fechas2/train/fechas2_007012.en.wav,next thursday | next_day('thursday')
fechas2/train/fechas2_007013.en.wav,this coming thursday please | next_day('thursday')
fechas2/train/fechas2_007014.en.wav,this thursday thank you | next_day('thursday')
fechas2/train/fechas2_007015.en.wav,next tuesday thanks | next_day('tuesday')
fechas2/train/fechas2_007016.en.wav,this wednesday please | next_day('wednesday')
fechas2/train/fechas2_007017.en.wav,please next friday | next_day('friday')
fechas2/train/fechas2_007018.en.wav,this coming friday please | next_day('friday')
fechas2/train/fechas2_007019.en.wav,please this coming tuesday | next_day('tuesday')
fechas2/train/fechas2_007020.en.wav,this coming wednesday thank you | next_day('wednesday')
fechas2/train/fechas2_007021.en.wav,the day after tomorrow | relative_day(+2)
fechas2/train/fechas2_007022.en.wav,this coming tuesday | next_day('tuesday')
fechas2/train/fechas2_007023.en.wav,in three days please | relative_day(+3)
fechas2/train/fechas2_007024.en.wav,in three days please | relative_day(+3)
fechas2/train/fechas2_007025.en.wav,next thursday | next_day('thursday')
fechas2/train/fechas2_007026.en.wav,in three days | relative_day(+3)
fechas2/train/fechas2_007027.en.wav,in three days | relative_day(+3)
fechas2/train/fechas2_007028.en.wav,next tuesday | next_day('tuesday')
fechas2/train/fechas2_007029.en.wav,in three days | relative_day(+3)
fechas2/train/fechas2_007030.en.wav,please in a couple of days | relative_day(+2)
fechas2/train/fechas2_007031.en.wav,this coming tuesday | next_day('tuesday')
fechas2/train/fechas2_007032.en.wav,this coming monday | next_day('monday')
fechas2/train/fechas2_007033.en.wav,please on tuesday | next_day('tuesday')
fechas2/train/fechas2_007034.en.wav,next tuesday | next_day('tuesday')
fechas2/train/fechas2_007035.en.wav,next tuesday | next_day('tuesday')
fechas2/train/fechas2_007036.en.wav,next thursday | next_day('thursday')
fechas2/train/fechas2_007037.en.wav,next monday | next_day('monday')
fechas2/train/fechas2_007038.en.wav,next monday please | next_day('monday')
fechas2/train/fechas2_007039.en.wav,tuesday please | next_day('tuesday')
fechas2/train/fechas2_007040.en.wav,this coming friday | next_day('friday')
fechas2/train/fechas2_007041.en.wav,next friday | next_day('friday')
fechas2/train/fechas2_007042.en.wav,monday thank you | next_day('monday')
fechas2/train/fechas2_007043.en.wav,monday | next_day('monday')
fechas2/train/fechas2_007044.en.wav,thursday please | next_day('thursday')
fechas2/train/fechas2_007045.en.wav,this coming wednesday | next_day('wednesday')
fechas2/train/fechas2_007046.en.wav,next thursday | next_day('thursday')
fechas2/train/fechas2_007047.en.wav,in three days | relative_day(+3)
fechas2/train/fechas2_007048.en.wav,next wednesday | next_day('wednesday')
fechas2/train/fechas2_007049.en.wav,this friday | next_day('friday')
fechas2/train/fechas2_007050.en.wav,please in three days | relative_day(+3)
fechas2/train/fechas2_007051.en.wav,please next friday | next_day('friday')
fechas2/train/fechas2_007052.en.wav,next thursday | next_day('thursday')
fechas2/train/fechas2_007053.en.wav,this coming friday | next_day('friday')
fechas2/train/fechas2_007054.en.wav,please next monday | next_day('monday')
fechas2/train/fechas2_007055.en.wav,the day after tomorrow | relative_day(+2)
fechas2/train/fechas2_007056.en.wav,friday | next_day('friday')
fechas2/train/fechas2_007057.en.wav,next tuesday | next_day('tuesday')
fechas2/train/fechas2_007058.en.wav,please next monday | next_day('monday')
fechas2/train/fechas2_007059.en.wav,wednesday | next_day('wednesday')
fechas2/train/fechas2_007060.en.wav,in three days please | relative_day(+3)
fechas2/train/fechas2_007061.en.wav,please this thursday | next_day('thursday')
fechas2/train/fechas2_007062.en.wav,next friday please | next_day('friday')
fechas2/train/fechas2_007063.en.wav,tomorrow please | relative_day(+1)
fechas2/train/fechas2_007064.en.wav,in a couple of days | relative_day(+2)
fechas2/train/fechas2_007065.en.wav,this monday please | next_day('monday')
fechas2/train/fechas2_007066.en.wav,this tuesday | next_day('tuesday')
fechas2/train/fechas2_007067.en.wav,wednesday | next_day('wednesday')
fechas2/train/fechas2_007068.en.wav,next monday | next_day('monday')
fechas2/train/fechas2_007069.en.wav,next thursday | next_day('thursday')
fechas2/train/fechas2_007070.en.wav,next friday | next_day('friday')
fechas2/train/fechas2_007071.en.wav,tomorrow please | relative_day(+1)
fechas2/train/fechas2_007072.en.wav,next friday | next_day('friday')
fechas2/train/fechas2_007073.en.wav,please in a couple of days | relative_day(+2)
fechas2/train/fechas2_007074.en.wav,please next wednesday | next_day('wednesday')
fechas2/train/fechas2_007075.en.wav,in a couple of days please | relative_day(+2)
fechas2/train/fechas2_007076.en.wav,this wednesday | next_day('wednesday')
fechas2/train/fechas2_007077.en.wav,please on friday | next_day('friday')
fechas2/train/fechas2_007078.en.wav,please next friday | next_day('friday')
fechas2/train/fechas2_007079.en.wav,monday thank you | next_day('monday')
fechas2/train/fechas2_007080.en.wav,please this monday | next_day('monday')
fechas2/train/fechas2_007081.en.wav,next friday | next_day('friday')
fechas2/train/fechas2_007082.en.wav,please in three days | relative_day(+3)
fechas2/train/fechas2_007083.en.wav,please next monday | next_day('monday')
fechas2/train/fechas2_007084.en.wav,the day after tomorrow please | relative_day(+2)
fechas2/train/fechas2_007085.en.wav,next friday | next_day('friday')
fechas2/train/fechas2_007086.en.wav,please next friday | next_day('friday')
fechas2/train/fechas2_007087.en.wav,next friday | next_day('friday')
fechas2/train/fechas2_007088.en.wav,monday | next_day('monday')
fechas2/train/fechas2_007089.en.wav,thursday | next_day('thursday')
fechas2/train/fechas2_007090.en.wav,this tuesday please | next_day('tuesday')
fechas2/train/fechas2_007091.en.wav,this friday | next_day('friday')
fechas2/train/fechas2_007092.en.wav,this friday | next_day('friday')
fechas2/train/fechas2_007093.en.wav,in three days thanks | relative_day(+3)
fechas2/train/fechas2_007094.en.wav,next tuesday please | next_day('tuesday')
fechas2/train/fechas2_007095.en.wav,next wednesday | next_day('wednesday')
fechas2/train/fechas2_007096.en.wav,in a couple of days | relative_day(+2)
fechas2/train/fechas2_007097.en.wav,next wednesday | next_day('wednesday')
fechas2/train/fechas2_007098.en.wav,please next wednesday | next_day('wednesday')
fechas2/train/fechas2_007099.en.wav,next thursday | next_day('thursday')
fechas2/train/fechas2_007100.en.wav,next monday | next_day('monday')
fechas2/train/fechas2_007101.en.wav,next friday please | next_day('friday')
fechas2/train/fechas2_007102.en.wav,next thursday thank you | next_day('thursday')
fechas2/train/fechas2_007103.en.wav,thursday | next_day('thursday')
fechas2/train/fechas2_007104.en.wav,next wednesday | next_day('wednesday')
fechas2/train/fechas2_007105.en.wav,this monday | next_day('monday')
fechas2/train/fechas2_007106.en.wav,tuesday | next_day('tuesday')
fechas2/train/fechas2_007107.en.wav,next monday please | next_day('monday')
fechas2/train/fechas2_007108.en.wav,in three days thanks | relative_day(+3)
fechas2/train/fechas2_007109.en.wav,next monday please | next_day('monday')
fechas2/train/fechas2_007110.en.wav,tomorrow | relative_day(+1)
fechas2/train/fechas2_007111.en.wav,next tuesday | next_day('tuesday')
fechas2/train/fechas2_007112.en.wav,please this coming friday | next_day('friday')
fechas2/train/fechas2_007113.en.wav,monday | next_day('monday')
fechas2/train/fechas2_007114.en.wav,tomorrow thank you | relative_day(+1)
fechas2/train/fechas2_007115.en.wav,next tuesday | next_day('tuesday')
fechas2/train/fechas2_007116.en.wav,please next monday | next_day('monday')
fechas2/train/fechas2_007117.en.wav,this coming thursday thanks | next_day('thursday')
fechas2/train/fechas2_007118.en.wav,next tuesday thank you | next_day('tuesday')
fechas2/train/fechas2_007119.en.wav,next tuesday | next_day('tuesday')
fechas2/train/fechas2_007120.en.wav,tuesday thank you. | next_day('tuesday')
fechas2/train/fechas2_007121.en.wav,next tuesday thank you | next_day('tuesday')
fechas2/train/fechas2_007122.en.wav,next wednesday | next_day('wednesday')
fechas2/train/fechas2_007123.en.wav,next monday | next_day('monday')
fechas2/train/fechas2_007124.en.wav,on monday please | next_day('monday')
fechas2/train/fechas2_007125.en.wav,next monday | next_day('monday')
fechas2/train/fechas2_007126.en.wav,in three days | relative_day(+3)
fechas2/train/fechas2_007127.en.wav,this tuesday please | next_day('tuesday')
fechas2/train/fechas2_007128.en.wav,tomorrow | relative_day(+1)
fechas2/train/fechas2_007129.en.wav,tuesday please | next_day('tuesday')
fechas2/train/fechas2_007130.en.wav,tomorrow | relative_day(+1)
fechas2/train/fechas2_007131.en.wav,monday thank you | next_day('monday')
fechas2/train/fechas2_007132.en.wav,next friday | next_day('friday')
fechas2/train/fechas2_007133.en.wav,next friday please | next_day('friday')
fechas2/train/fechas2_007134.en.wav,next thursday | next_day('thursday')
fechas2/train/fechas2_007135.en.wav,in a couple of days | relative_day(+2)
fechas2/train/fechas2_007136.en.wav,please next thursday | next_day('thursday')
fechas2/train/fechas2_007137.en.wav,next monday | next_day('monday')
fechas2/train/fechas2_007138.en.wav,please in a couple of days | relative_day(+2)
fechas2/train/fechas2_007139.en.wav,this monday please | next_day('monday')
fechas2/train/fechas2_007140.en.wav,next monday | next_day('monday')
fechas2/train/fechas2_007141.en.wav,monday | next_day('monday')
fechas2/train/fechas2_007142.en.wav,this coming tuesday | next_day('tuesday')
fechas2/train/fechas2_007143.en.wav,this coming friday | next_day('friday')
fechas2/train/fechas2_007144.en.wav,next monday | next_day('monday')
fechas2/train/fechas2_007145.en.wav,this coming thursday | next_day('thursday')
fechas2/train/fechas2_007146.en.wav,next thursday please | next_day('thursday')
fechas2/train/fechas2_007147.en.wav,in three days | relative_day(+3)
fechas2/train/fechas2_007148.en.wav,please next monday | next_day('monday')
fechas2/train/fechas2_007149.en.wav,the following thursday | next_day('thursday')
fechas2/train/fechas2_007150.en.wav,this wednesday | next_day('wednesday')
fechas2/train/fechas2_007151.en.wav,next friday | next_day('friday')
fechas2/train/fechas2_007152.en.wav,this coming monday | next_day('monday')
fechas2/train/fechas2_007153.en.wav,wednesday thank you | next_day('wednesday')
fechas2/train/fechas2_007154.en.wav,please this friday | next_day('friday')
fechas2/train/fechas2_007155.en.wav,next tuesday | next_day('tuesday')
fechas2/train/fechas2_007156.en.wav,this monday | next_day('monday')
fechas2/train/fechas2_007157.en.wav,in three days thanks | relative_day(+3)
fechas2/train/fechas2_007158.en.wav,this coming wednesday | next_day('wednesday')
fechas2/train/fechas2_007159.en.wav,this wednesday | next_day('wednesday')
fechas2/train/fechas2_007160.en.wav,the following wednesday | next_day('wednesday')
fechas2/train/fechas2_007161.en.wav,next monday | next_day('monday')
fechas2/train/fechas2_007162.en.wav,this wednesday | next_day('wednesday')
fechas2/train/fechas2_007163.en.wav,please next tuesday | next_day('tuesday')
fechas2/train/fechas2_007164.en.wav,this coming thursday thanks | next_day('thursday')
fechas2/train/fechas2_007165.en.wav,the following monday | next_day('monday')
fechas2/train/fechas2_007166.en.wav,in a couple of days | relative_day(+2)
fechas2/train/fechas2_007167.en.wav,please next friday | next_day('friday')
fechas2/train/fechas2_007168.en.wav,the following monday | next_day('monday')
fechas2/train/fechas2_007169.en.wav,in a couple of days | relative_day(+2)
fechas2/train/fechas2_007170.en.wav,wednesday | next_day('wednesday')
fechas2/train/fechas2_007171.en.wav,next friday please | next_day('friday')
fechas2/train/fechas2_007172.en.wav,the day after tomorrow thanks | relative_day(+2)
fechas2/train/fechas2_007173.en.wav,please next wednesday | next_day('wednesday')
fechas2/train/fechas2_007174.en.wav,this friday please | next_day('friday')
fechas2/train/fechas2_007175.en.wav,next thursday thank you | next_day('thursday')
fechas2/train/fechas2_007176.en.wav,in three days | relative_day(+3)
fechas2/train/fechas2_007177.en.wav,next monday thank you | next_day('monday')
fechas2/train/fechas2_007178.en.wav,please next friday | next_day('friday')
fechas2/train/fechas2_007179.en.wav,in a couple of days thanks | relative_day(+2)
fechas2/train/fechas2_007180.en.wav,please next wednesday | next_day('wednesday')
fechas2/train/fechas2_007181.en.wav,please tomorrow | relative_day(+1)
fechas2/train/fechas2_007182.en.wav,this monday please | next_day('monday')
fechas2/train/fechas2_007183.en.wav,thursday | next_day('thursday')
fechas2/train/fechas2_007184.en.wav,please in three days | relative_day(+3)
fechas2/train/fechas2_007185.en.wav,this coming wednesday | next_day('wednesday')
fechas2/train/fechas2_007186.en.wav,next thursday | next_day('thursday')
fechas2/train/fechas2_007187.en.wav,wednesday thank you | next_day('wednesday')
fechas2/train/fechas2_007188.en.wav,next tuesday please | next_day('tuesday')
fechas2/train/fechas2_007189.en.wav,on monday please | next_day('monday')
fechas2/train/fechas2_007190.en.wav,please next thursday | next_day('thursday')
fechas2/train/fechas2_007191.en.wav,the day after tomorrow please | relative_day(+2)
fechas2/train/fechas2_007192.en.wav,this coming monday | next_day('monday')
fechas2/train/fechas2_007193.en.wav,this wednesday | next_day('wednesday')
fechas2/train/fechas2_007194.en.wav,next wednesday | next_day('wednesday')
fechas2/train/fechas2_007195.en.wav,thursday | next_day('thursday')
fechas2/train/fechas2_007196.en.wav,this coming friday | next_day('friday')
fechas2/train/fechas2_007197.en.wav,in three days | relative_day(+3)
fechas2/train/fechas2_007198.en.wav,next friday | next_day('friday')
fechas2/train/fechas2_007199.en.wav,please this wednesday | next_day('wednesday')
fechas2/train/fechas2_007200.en.wav,next tuesday | next_day('tuesday')
fechas2/train/fechas2_007201.en.wav,next friday thank you | next_day('friday')
fechas2/train/fechas2_007202.en.wav,please this coming thursday | next_day('thursday')
fechas2/train/fechas2_007203.en.wav,next friday | next_day('friday')
fechas2/train/fechas2_007204.en.wav,friday | next_day('friday')
fechas2/train/fechas2_007205.en.wav,in a couple of days please | relative_day(+2)
fechas2/train/fechas2_007206.en.wav,this monday | next_day('monday')
fechas2/train/fechas2_007207.en.wav,next thursday | next_day('thursday')
fechas2/train/fechas2_007208.en.wav,this monday thank you | next_day('monday')
fechas2/train/fechas2_007209.en.wav,this coming monday | next_day('monday')
fechas2/train/fechas2_007210.en.wav,the day after tomorrow please | relative_day(+2)
fechas2/train/fechas2_007211.en.wav,in three days | relative_day(+3)
fechas2/train/fechas2_007212.en.wav,the day after tomorrow | relative_day(+2)
fechas2/train/fechas2_007213.en.wav,please next wednesday | next_day('wednesday')
fechas2/train/fechas2_007214.en.wav,the following monday | next_day('monday')
fechas2/train/fechas2_007215.en.wav,please next monday | next_day('monday')
fechas2/train/fechas2_007216.en.wav,in a couple of days please | relative_day(+2)
fechas2/train/fechas2_007217.en.wav,wednesday | next_day('wednesday')
fechas2/train/fechas2_007218.en.wav,next friday | next_day('friday')
fechas2/train/fechas2_007219.en.wav,in three days | relative_day(+3)
fechas2/train/fechas2_007220.en.wav,in a couple of days | relative_day(+2)
fechas2/train/fechas2_007221.en.wav,this coming friday | next_day('friday')
fechas2/train/fechas2_007222.en.wav,tuesday | next_day('tuesday')
fechas2/train/fechas2_007223.en.wav,tomorrow | relative_day(+1)
fechas2/train/fechas2_007224.en.wav,next friday please | next_day('friday')
fechas2/train/fechas2_007225.en.wav,thursday thank you | next_day('thursday')
fechas2/train/fechas2_007226.en.wav,please next tuesday | next_day('tuesday')
fechas2/train/fechas2_007227.en.wav,next friday | next_day('friday')
fechas2/train/fechas2_007228.en.wav,this friday | next_day('friday')
fechas2/train/fechas2_007229.en.wav,the following wednesday | next_day('wednesday')
fechas2/train/fechas2_007230.en.wav,tomorrow please | relative_day(+1)
fechas2/train/fechas2_007231.en.wav,please this friday | next_day('friday')
fechas2/train/fechas2_007232.en.wav,this wednesday | next_day('wednesday')
fechas2/train/fechas2_007233.en.wav,wednesday | next_day('wednesday')
fechas2/train/fechas2_007234.en.wav,please tomorrow | relative_day(+1)
fechas2/train/fechas2_007235.en.wav,in a couple of days | relative_day(+2)
fechas2/train/fechas2_007236.en.wav,in a couple of days | relative_day(+2)
fechas2/train/fechas2_007237.en.wav,please on wednesday | next_day('wednesday')
fechas2/train/fechas2_007238.en.wav,tomorrow | relative_day(+1)
fechas2/train/fechas2_007239.en.wav,in a couple of days | relative_day(+2)
fechas2/train/fechas2_007240.en.wav,in three days | relative_day(+3)
fechas2/train/fechas2_007241.en.wav,next thursday thank you | next_day('thursday')
fechas2/train/fechas2_007242.en.wav,wednesday | next_day('wednesday')
fechas2/train/fechas2_007243.en.wav,this coming thursday | next_day('thursday')
fechas2/train/fechas2_007244.en.wav,in three days | relative_day(+3)
fechas2/train/fechas2_007245.en.wav,this wednesday | next_day('wednesday')
fechas2/train/fechas2_007246.en.wav,tuesday please | next_day('tuesday')
fechas2/train/fechas2_007247.en.wav,monday | next_day('monday')
fechas2/train/fechas2_007248.en.wav,this coming friday | next_day('friday')
fechas2/train/fechas2_007249.en.wav,please next tuesday | next_day('tuesday')
fechas2/train/fechas2_007250.en.wav,next wednesday | next_day('wednesday')
fechas2/train/fechas2_007251.en.wav,thursday | next_day('thursday')
fechas2/train/fechas2_007252.en.wav,the following monday | next_day('monday')
fechas2/train/fechas2_007253.en.wav,next thursday | next_day('thursday')
fechas2/train/fechas2_007254.en.wav,the day after tomorrow | relative_day(+2)
fechas2/train/fechas2_007255.en.wav,in three days | relative_day(+3)
fechas2/train/fechas2_007256.en.wav,next wednesday please | next_day('wednesday')
fechas2/train/fechas2_007257.en.wav,this thursday thank you | next_day('thursday')
fechas2/train/fechas2_007258.en.wav,this thursday thank you | next_day('thursday')
fechas2/train/fechas2_007259.en.wav,this friday | next_day('friday')
fechas2/train/fechas2_007260.en.wav,this thursday please | next_day('thursday')
fechas2/train/fechas2_007261.en.wav,please next monday | next_day('monday')
fechas2/train/fechas2_007262.en.wav,this coming thursday | next_day('thursday')
fechas2/train/fechas2_007263.en.wav,next tuesday please | next_day('tuesday')
fechas2/train/fechas2_007264.en.wav,please on thursday | next_day('thursday')
fechas2/train/fechas2_007265.en.wav,next thursday | next_day('thursday')
fechas2/train/fechas2_007266.en.wav,in a couple of days | relative_day(+2)
fechas2/train/fechas2_007267.en.wav,in a couple of days please | relative_day(+2)
fechas2/train/fechas2_007268.en.wav,this thursday please | next_day('thursday')
fechas2/train/fechas2_007269.en.wav,please this coming wednesday | next_day('wednesday')
fechas2/train/fechas2_007270.en.wav,please this friday | next_day('friday')
fechas2/train/fechas2_007271.en.wav,please next thursday | next_day('thursday')
fechas2/train/fechas2_007272.en.wav,please next wednesday | next_day('wednesday')
fechas2/train/fechas2_007273.en.wav,in a couple of days | relative_day(+2)
fechas2/train/fechas2_007274.en.wav,next friday | next_day('friday')
fechas2/train/fechas2_007275.en.wav,tomorrow please | relative_day(+1)
fechas2/train/fechas2_007276.en.wav,please in three days | relative_day(+3)
fechas2/train/fechas2_007277.en.wav,next tuesday | next_day('tuesday')
fechas2/train/fechas2_007278.en.wav,this coming wednesday thanks | next_day('wednesday')
fechas2/train/fechas2_007279.en.wav,in three days thanks | relative_day(+3)
fechas2/train/fechas2_007280.en.wav,tuesday | next_day('tuesday')
fechas2/train/fechas2_007281.en.wav,please this coming tuesday | next_day('tuesday')
fechas2/train/fechas2_007282.en.wav,in three days | relative_day(+3)
fechas2/train/fechas2_007283.en.wav,in three days thanks | relative_day(+3)
fechas2/train/fechas2_007284.en.wav,in a couple of days thanks | relative_day(+2)
fechas2/train/fechas2_007285.en.wav,next thursday thank you | next_day('thursday')
fechas2/train/fechas2_007286.en.wav,next thursday | next_day('thursday')
fechas2/train/fechas2_007287.en.wav,this tuesday | next_day('tuesday')
fechas2/train/fechas2_007288.en.wav,this coming wednesday | next_day('wednesday')
fechas2/train/fechas2_007289.en.wav,in three days thanks | relative_day(+3)
fechas2/train/fechas2_007290.en.wav,next wednesday thank you | next_day('wednesday')
fechas2/train/fechas2_007291.en.wav,wednesday | next_day('wednesday')
fechas2/train/fechas2_007292.en.wav,this coming friday | next_day('friday')
fechas2/train/fechas2_007293.en.wav,please next friday | next_day('friday')
fechas2/train/fechas2_007294.en.wav,this thursday | next_day('thursday')
fechas2/train/fechas2_007295.en.wav,next wednesday | next_day('wednesday')
fechas2/train/fechas2_007296.en.wav,this monday | next_day('monday')
fechas2/train/fechas2_007297.en.wav,please next tuesday | next_day('tuesday')
fechas2/train/fechas2_007298.en.wav,tuesday | next_day('tuesday')
fechas2/train/fechas2_007299.en.wav,tomorrow | relative_day(+1)
fechas2/train/fechas2_007300.en.wav,next tuesday please | next_day('tuesday')
fechas2/train/fechas2_007301.en.wav,this coming monday | next_day('monday')
fechas2/train/fechas2_007302.en.wav,on monday please | next_day('monday')
fechas2/train/fechas2_007303.en.wav,tuesday | next_day('tuesday')
fechas2/train/fechas2_007304.en.wav,this wednesday | next_day('wednesday')
fechas2/train/fechas2_007305.en.wav,next wednesday please | next_day('wednesday')
fechas2/train/fechas2_007306.en.wav,please in three days | relative_day(+3)
fechas2/train/fechas2_007307.en.wav,in a couple of days please | relative_day(+2)
fechas2/train/fechas2_007308.en.wav,day after tomorrow | relative_day(+2)
fechas2/train/fechas2_007309.en.wav,this coming tuesday | next_day('tuesday')
fechas2/train/fechas2_007310.en.wav,in three days | relative_day(+3)
fechas2/train/fechas2_007311.en.wav,the day after tomorrow | relative_day(+2)
fechas2/train/fechas2_007312.en.wav,this coming thursday | next_day('thursday')
fechas2/train/fechas2_007313.en.wav,please this coming friday | next_day('friday')
fechas2/train/fechas2_007314.en.wav,next thursday | next_day('thursday')
fechas2/train/fechas2_007315.en.wav,this monday | next_day('monday')
fechas2/train/fechas2_007316.en.wav,this wednesday | next_day('wednesday')
fechas2/train/fechas2_007317.en.wav,next wednesday | next_day('wednesday')
fechas2/train/fechas2_007318.en.wav,in three days thanks | relative_day(+3)
fechas2/train/fechas2_007319.en.wav,next tuesday | next_day('tuesday')
fechas2/train/fechas2_007320.en.wav,tuesday thank you. | next_day('tuesday')
fechas2/train/fechas2_007321.en.wav,this coming tuesday | next_day('tuesday')
fechas2/train/fechas2_007322.en.wav,next thursday please | next_day('thursday')
fechas2/train/fechas2_007323.en.wav,please next monday | next_day('monday')
fechas2/train/fechas2_007324.en.wav,next monday | next_day('monday')
fechas2/train/fechas2_007325.en.wav,this wednesday | next_day('wednesday')
fechas2/train/fechas2_007326.en.wav,next thursday please | next_day('thursday')
fechas2/train/fechas2_007327.en.wav,please on tuesday | next_day('tuesday')
fechas2/train/fechas2_007328.en.wav,this coming friday | next_day('friday')
fechas2/train/fechas2_007329.en.wav,thursday thank you | next_day('thursday')
fechas2/train/fechas2_007330.en.wav,this coming friday | next_day('friday')
fechas2/train/fechas2_007331.en.wav,this monday | next_day('monday')
fechas2/train/fechas2_007332.en.wav,this coming wednesday | next_day('wednesday')
fechas2/train/fechas2_007333.en.wav,this coming monday | next_day('monday')
fechas2/train/fechas2_007334.en.wav,please next wednesday | next_day('wednesday')
fechas2/train/fechas2_007335.en.wav,next tuesday | next_day('tuesday')
fechas2/train/fechas2_007336.en.wav,friday thank you | next_day('friday')
fechas2/train/fechas2_007337.en.wav,next friday | next_day('friday')
fechas2/train/fechas2_007338.en.wav,please on wednesday | next_day('wednesday')
fechas2/train/fechas2_007339.en.wav,please next tuesday | next_day('tuesday')
fechas2/train/fechas2_007340.en.wav,next tuesday | next_day('tuesday')
fechas2/train/fechas2_007341.en.wav,wednesday | next_day('wednesday')
fechas2/train/fechas2_007342.en.wav,this coming friday | next_day('friday')
fechas2/train/fechas2_007343.en.wav,please this coming friday | next_day('friday')
fechas2/train/fechas2_007344.en.wav,next wednesday thank you | next_day('wednesday')
fechas2/train/fechas2_007345.en.wav,please on thursday | next_day('thursday')
fechas2/train/fechas2_007346.en.wav,thursday | next_day('thursday')
fechas2/train/fechas2_007347.en.wav,next wednesday | next_day('wednesday')
fechas2/train/fechas2_007348.en.wav,in a couple of days please | relative_day(+2)
fechas2/train/fechas2_007349.en.wav,next monday | next_day('monday')
fechas2/train/fechas2_007350.en.wav,this monday thank you | next_day('monday')
fechas2/train/fechas2_007351.en.wav,in a couple of days | relative_day(+2)
fechas2/train/fechas2_007352.en.wav,please next tuesday | next_day('tuesday')
fechas2/train/fechas2_007353.en.wav,next thursday | next_day('thursday')
fechas2/train/fechas2_007354.en.wav,in three days please | relative_day(+3)
fechas2/train/fechas2_007355.en.wav,next wednesday please | next_day('wednesday')
fechas2/train/fechas2_007356.en.wav,the following friday | next_day('friday')
fechas2/train/fechas2_007357.en.wav,next friday please | next_day('friday')
fechas2/train/fechas2_007358.en.wav,please on tuesday | next_day('tuesday')
fechas2/train/fechas2_007359.en.wav,next tuesday | next_day('tuesday')
fechas2/train/fechas2_007360.en.wav,next wednesday | next_day('wednesday')
fechas2/train/fechas2_007361.en.wav,the day after tomorrow | relative_day(+2)
fechas2/train/fechas2_007362.en.wav,this friday please | next_day('friday')
fechas2/train/fechas2_007363.en.wav,in three days please | relative_day(+3)
fechas2/train/fechas2_007364.en.wav,next thursday | next_day('thursday')
fechas2/train/fechas2_007365.en.wav,this wednesday please | next_day('wednesday')
fechas2/train/fechas2_007366.en.wav,please on tuesday | next_day('tuesday')
fechas2/train/fechas2_007367.en.wav,next friday | next_day('friday')
fechas2/train/fechas2_007368.en.wav,in a couple of days | relative_day(+2)
fechas2/train/fechas2_007369.en.wav,this coming friday thank you | next_day('friday')
fechas2/train/fechas2_007370.en.wav,in a couple of days | relative_day(+2)
fechas2/train/fechas2_007371.en.wav,this tuesday | next_day('tuesday')
fechas2/train/fechas2_007372.en.wav,next monday please | next_day('monday')
fechas2/train/fechas2_007373.en.wav,the day after tomorrow | relative_day(+2)
fechas2/train/fechas2_007374.en.wav,in three days | relative_day(+3)
fechas2/train/fechas2_007375.en.wav,tomorrow | relative_day(+1)
fechas2/train/fechas2_007376.en.wav,this coming friday | next_day('friday')
fechas2/train/fechas2_007377.en.wav,next wednesday | next_day('wednesday')
fechas2/train/fechas2_007378.en.wav,next wednesday | next_day('wednesday')
fechas2/train/fechas2_007379.en.wav,please this tuesday | next_day('tuesday')
fechas2/train/fechas2_007380.en.wav,friday | next_day('friday')
fechas2/train/fechas2_007381.en.wav,please tomorrow | relative_day(+1)
fechas2/train/fechas2_007382.en.wav,the day after tomorrow thanks | relative_day(+2)
fechas2/train/fechas2_007383.en.wav,in a couple of days thanks | relative_day(+2)
fechas2/train/fechas2_007384.en.wav,this monday | next_day('monday')
fechas2/train/fechas2_007385.en.wav,please next monday | next_day('monday')
fechas2/train/fechas2_007386.en.wav,thursday | next_day('thursday')
fechas2/train/fechas2_007387.en.wav,friday | next_day('friday')
fechas2/train/fechas2_007388.en.wav,next wednesday | next_day('wednesday')
fechas2/train/fechas2_007389.en.wav,this thursday | next_day('thursday')
fechas2/train/fechas2_007390.en.wav,this coming monday | next_day('monday')
fechas2/train/fechas2_007391.en.wav,this friday | next_day('friday')
fechas2/train/fechas2_007392.en.wav,this thursday | next_day('thursday')
fechas2/train/fechas2_007393.en.wav,next monday | next_day('monday')
fechas2/train/fechas2_007394.en.wav,this wednesday please | next_day('wednesday')
fechas2/train/fechas2_007395.en.wav,this coming friday | next_day('friday')
fechas2/train/fechas2_007396.en.wav,the day after tomorrow | relative_day(+2)
fechas2/train/fechas2_007397.en.wav,wednesday | next_day('wednesday')
fechas2/train/fechas2_007398.en.wav,next wednesday | next_day('wednesday')
fechas2/train/fechas2_007399.en.wav,in three days | relative_day(+3)
fechas2/train/fechas2_007400.en.wav,please next friday | next_day('friday')
fechas2/train/fechas2_007401.en.wav,next wednesday | next_day('wednesday')
fechas2/train/fechas2_007402.en.wav,please this wednesday | next_day('wednesday')
fechas2/train/fechas2_007403.en.wav,on monday please | next_day('monday')
fechas2/train/fechas2_007404.en.wav,tomorrow | relative_day(+1)
fechas2/train/fechas2_007405.en.wav,this wednesday please | next_day('wednesday')
fechas2/train/fechas2_007406.en.wav,this coming thursday thank you | next_day('thursday')
fechas2/train/fechas2_007407.en.wav,next tuesday | next_day('tuesday')
fechas2/train/fechas2_007408.en.wav,please next friday | next_day('friday')
fechas2/train/fechas2_007409.en.wav,next friday | next_day('friday')
fechas2/train/fechas2_007410.en.wav,next thursday thank you | next_day('thursday')
fechas2/train/fechas2_007411.en.wav,this monday please | next_day('monday')
fechas2/train/fechas2_007412.en.wav,this wednesday | next_day('wednesday')
fechas2/train/fechas2_007413.en.wav,this friday | next_day('friday')
fechas2/train/fechas2_007414.en.wav,please this coming monday | next_day('monday')
fechas2/train/fechas2_007415.en.wav,next tuesday thanks | next_day('tuesday')
fechas2/train/fechas2_007416.en.wav,in three days thanks | relative_day(+3)
fechas2/train/fechas2_007417.en.wav,in three days thanks | relative_day(+3)
fechas2/train/fechas2_007418.en.wav,this coming friday | next_day('friday')
fechas2/train/fechas2_007419.en.wav,monday | next_day('monday')
fechas2/train/fechas2_007420.en.wav,in a couple of days | relative_day(+2)
fechas2/train/fechas2_007421.en.wav,this monday | next_day('monday')
fechas2/train/fechas2_007422.en.wav,this coming wednesday please | next_day('wednesday')
fechas2/train/fechas2_007423.en.wav,next thursday please | next_day('thursday')
fechas2/train/fechas2_007424.en.wav,please in a couple of days | relative_day(+2)
fechas2/train/fechas2_007425.en.wav,this wednesday | next_day('wednesday')
fechas2/train/fechas2_007426.en.wav,in three days | relative_day(+3)
fechas2/train/fechas2_007427.en.wav,this coming wednesday | next_day('wednesday')
fechas2/train/fechas2_007428.en.wav,this coming wednesday please | next_day('wednesday')
fechas2/train/fechas2_007429.en.wav,the following monday | next_day('monday')
fechas2/train/fechas2_007430.en.wav,in three days | relative_day(+3)
fechas2/train/fechas2_007431.en.wav,next wednesday | next_day('wednesday')
fechas2/train/fechas2_007432.en.wav,tomorrow | relative_day(+1)
fechas2/train/fechas2_007433.en.wav,next friday please | next_day('friday')
fechas2/train/fechas2_007434.en.wav,please on thursday | next_day('thursday')
fechas2/train/fechas2_007435.en.wav,in a couple of days | relative_day(+2)
fechas2/train/fechas2_007436.en.wav,this thursday | next_day('thursday')
fechas2/train/fechas2_007437.en.wav,tomorrow | relative_day(+1)
fechas2/train/fechas2_007438.en.wav,please this monday | next_day('monday')
fechas2/train/fechas2_007439.en.wav,in three days | relative_day(+3)
fechas2/train/fechas2_007440.en.wav,next friday | next_day('friday')
fechas2/train/fechas2_007441.en.wav,in three days | relative_day(+3)
fechas2/train/fechas2_007442.en.wav,this thursday thank you | next_day('thursday')
fechas2/train/fechas2_007443.en.wav,this coming friday | next_day('friday')
fechas2/train/fechas2_007444.en.wav,next thursday | next_day('thursday')
fechas2/train/fechas2_007445.en.wav,please this wednesday | next_day('wednesday')
fechas2/train/fechas2_007446.en.wav,this coming tuesday | next_day('tuesday')
fechas2/train/fechas2_007447.en.wav,next tuesday | next_day('tuesday')
fechas2/train/fechas2_007448.en.wav,next wednesday | next_day('wednesday')
fechas2/train/fechas2_007449.en.wav,next tuesday please | next_day('tuesday')
fechas2/train/fechas2_007450.en.wav,please in a couple of days | relative_day(+2)
fechas2/train/fechas2_007451.en.wav,next friday please | next_day('friday')
fechas2/train/fechas2_007452.en.wav,next monday | next_day('monday')
fechas2/train/fechas2_007453.en.wav,this tuesday | next_day('tuesday')
fechas2/train/fechas2_007454.en.wav,tomorrow thank you | relative_day(+1)
fechas2/train/fechas2_007455.en.wav,next tuesday | next_day('tuesday')
fechas2/train/fechas2_007456.en.wav,in a couple of days | relative_day(+2)
fechas2/train/fechas2_007457.en.wav,please this coming monday | next_day('monday')
fechas2/train/fechas2_007458.en.wav,next tuesday | next_day('tuesday')
fechas2/train/fechas2_007459.en.wav,next monday | next_day('monday')
fechas2/train/fechas2_007460.en.wav,next monday please | next_day('monday')
fechas2/train/fechas2_007461.en.wav,next thursday | next_day('thursday')
fechas2/train/fechas2_007462.en.wav,please on wednesday | next_day('wednesday')
fechas2/train/fechas2_007463.en.wav,next thursday | next_day('thursday')
fechas2/train/fechas2_007464.en.wav,next monday | next_day('monday')
fechas2/train/fechas2_007465.en.wav,next friday | next_day('friday')
fechas2/train/fechas2_007466.en.wav,next tuesday thanks | next_day('tuesday')
fechas2/train/fechas2_007467.en.wav,this coming friday thank you | next_day('friday')
fechas2/train/fechas2_007468.en.wav,please next wednesday | next_day('wednesday')
fechas2/train/fechas2_007469.en.wav,this coming friday | next_day('friday')
fechas2/train/fechas2_007470.en.wav,next thursday | next_day('thursday')
fechas2/train/fechas2_007471.en.wav,thursday | next_day('thursday')
fechas2/train/fechas2_007472.en.wav,please next tuesday | next_day('tuesday')
fechas2/train/fechas2_007473.en.wav,please next wednesday | next_day('wednesday')
fechas2/train/fechas2_007474.en.wav,in a couple of days | relative_day(+2)
fechas2/train/fechas2_007475.en.wav,next tuesday | next_day('tuesday')
fechas2/train/fechas2_007476.en.wav,next thursday | next_day('thursday')
fechas2/train/fechas2_007477.en.wav,this monday please | next_day('monday')
fechas2/train/fechas2_007478.en.wav,next thursday | next_day('thursday')
fechas2/train/fechas2_007479.en.wav,please next friday | next_day('friday')
fechas2/train/fechas2_007480.en.wav,this coming monday please | next_day('monday')
fechas2/train/fechas2_007481.en.wav,please this monday | next_day('monday')
fechas2/train/fechas2_007482.en.wav,this friday | next_day('friday')
fechas2/train/fechas2_007483.en.wav,the day after tomorrow | relative_day(+2)
fechas2/train/fechas2_007484.en.wav,please in three days | relative_day(+3)
fechas2/train/fechas2_007485.en.wav,please next wednesday | next_day('wednesday')
fechas2/train/fechas2_007486.en.wav,in a couple of days | relative_day(+2)
fechas2/train/fechas2_007487.en.wav,please next thursday | next_day('thursday')
fechas2/train/fechas2_007488.en.wav,next thursday | next_day('thursday')
fechas2/train/fechas2_007489.en.wav,this friday | next_day('friday')
fechas2/train/fechas2_007490.en.wav,in three days | relative_day(+3)
fechas2/train/fechas2_007491.en.wav,in three days | relative_day(+3)
fechas2/train/fechas2_007492.en.wav,next tuesday | next_day('tuesday')
fechas2/train/fechas2_007493.en.wav,in three days | relative_day(+3)
fechas2/train/fechas2_007494.en.wav,next monday | next_day('monday')
fechas2/train/fechas2_007495.en.wav,the day after tomorrow | relative_day(+2)
fechas2/train/fechas2_007496.en.wav,in three days | relative_day(+3)
fechas2/train/fechas2_007497.en.wav,this coming friday | next_day('friday')
fechas2/train/fechas2_007498.en.wav,in three days | relative_day(+3)
fechas2/train/fechas2_007499.en.wav,next friday | next_day('friday')
fechas2/train/fechas2_007500.en.wav,next friday please | next_day('friday')
fechas2/train/fechas2_007501.en.wav,the day after tomorrow | relative_day(+2)
fechas2/train/fechas2_007502.en.wav,the day after tomorrow | relative_day(+2)
fechas2/train/fechas2_007503.en.wav,please next tuesday | next_day('tuesday')
fechas2/train/fechas2_007504.en.wav,please on tuesday | next_day('tuesday')
fechas2/train/fechas2_007505.en.wav,the following friday | next_day('friday')
fechas2/train/fechas2_007506.en.wav,please next wednesday | next_day('wednesday')
fechas2/train/fechas2_007507.en.wav,the day after tomorrow thanks | relative_day(+2)
fechas2/train/fechas2_007508.en.wav,this coming tuesday | next_day('tuesday')
fechas2/train/fechas2_007509.en.wav,in a couple of days | relative_day(+2)
fechas2/train/fechas2_007510.en.wav,please on friday | next_day('friday')
fechas2/train/fechas2_007511.en.wav,this coming tuesday | next_day('tuesday')
fechas2/train/fechas2_007512.en.wav,next friday | next_day('friday')
fechas2/train/fechas2_007513.en.wav,next thursday | next_day('thursday')
fechas2/train/fechas2_007514.en.wav,this coming tuesday | next_day('tuesday')
fechas2/train/fechas2_007515.en.wav,next friday | next_day('friday')
fechas2/train/fechas2_007516.en.wav,tomorrow thank you | relative_day(+1)
fechas2/train/fechas2_007517.en.wav,tuesday | next_day('tuesday')
fechas2/train/fechas2_007518.en.wav,in three days | relative_day(+3)
fechas2/train/fechas2_007519.en.wav,next friday please | next_day('friday')
fechas2/train/fechas2_007520.en.wav,this thursday | next_day('thursday')
fechas2/train/fechas2_007521.en.wav,tomorrow thank you | relative_day(+1)
fechas2/train/fechas2_007522.en.wav,next monday | next_day('monday')
fechas2/train/fechas2_007523.en.wav,this coming tuesday | next_day('tuesday')
fechas2/train/fechas2_007524.en.wav,please this wednesday | next_day('wednesday')
fechas2/train/fechas2_007525.en.wav,next monday please | next_day('monday')
fechas2/train/fechas2_007526.en.wav,please this thursday | next_day('thursday')
fechas2/train/fechas2_007527.en.wav,in three days | relative_day(+3)
fechas2/train/fechas2_007528.en.wav,in a couple of days thanks | relative_day(+2)
fechas2/train/fechas2_007529.en.wav,next tuesday | next_day('tuesday')
fechas2/train/fechas2_007530.en.wav,next thursday thank you | next_day('thursday')
fechas2/train/fechas2_007531.en.wav,this coming thursday thank you | next_day('thursday')
fechas2/train/fechas2_007532.en.wav,next thursday | next_day('thursday')
fechas2/train/fechas2_007533.en.wav,this tuesday | next_day('tuesday')
fechas2/train/fechas2_007534.en.wav,in a couple of days | relative_day(+2)
fechas2/train/fechas2_007535.en.wav,next monday | next_day('monday')
fechas2/train/fechas2_007536.en.wav,next tuesday | next_day('tuesday')
fechas2/train/fechas2_007537.en.wav,in a couple of days | relative_day(+2)
fechas2/train/fechas2_007538.en.wav,next tuesday please | next_day('tuesday')
fechas2/train/fechas2_007539.en.wav,in three days | relative_day(+3)
fechas2/train/fechas2_007540.en.wav,tomorrow please | relative_day(+1)
fechas2/train/fechas2_007541.en.wav,next tuesday | next_day('tuesday')
fechas2/train/fechas2_007542.en.wav,next friday | next_day('friday')
fechas2/train/fechas2_007543.en.wav,this coming thursday | next_day('thursday')
fechas2/train/fechas2_007544.en.wav,this friday | next_day('friday')
fechas2/train/fechas2_007545.en.wav,in a couple of days | relative_day(+2)
fechas2/train/fechas2_007546.en.wav,wednesday thank you | next_day('wednesday')
fechas2/train/fechas2_007547.en.wav,in a couple of days | relative_day(+2)
fechas2/train/fechas2_007548.en.wav,next thursday | next_day('thursday')
fechas2/train/fechas2_007549.en.wav,this coming thursday thanks | next_day('thursday')
fechas2/train/fechas2_007550.en.wav,wednesday please | next_day('wednesday')
fechas2/train/fechas2_007551.en.wav,this coming friday | next_day('friday')
fechas2/train/fechas2_007552.en.wav,tuesday | next_day('tuesday')
fechas2/train/fechas2_007553.en.wav,this coming friday | next_day('friday')
fechas2/train/fechas2_007554.en.wav,next monday | next_day('monday')
fechas2/train/fechas2_007555.en.wav,tomorrow | relative_day(+1)
fechas2/train/fechas2_007556.en.wav,please this coming tuesday | next_day('tuesday')
fechas2/train/fechas2_007557.en.wav,next wednesday please | next_day('wednesday')
fechas2/train/fechas2_007558.en.wav,this friday thank you | next_day('friday')
fechas2/train/fechas2_007559.en.wav,this tuesday thank you | next_day('tuesday')
fechas2/train/fechas2_007560.en.wav,thursday thank you | next_day('thursday')
fechas2/train/fechas2_007561.en.wav,please next friday | next_day('friday')
fechas2/train/fechas2_007562.en.wav,this tuesday | next_day('tuesday')
fechas2/train/fechas2_007563.en.wav,in a couple of days | relative_day(+2)
fechas2/train/fechas2_007564.en.wav,in a couple of days thanks | relative_day(+2)
fechas2/train/fechas2_007565.en.wav,please next wednesday | next_day('wednesday')
fechas2/train/fechas2_007566.en.wav,in three days | relative_day(+3)
fechas2/train/fechas2_007567.en.wav,next thursday please | next_day('thursday')
fechas2/train/fechas2_007568.en.wav,next monday | next_day('monday')
fechas2/train/fechas2_007569.en.wav,next wednesday | next_day('wednesday')
fechas2/train/fechas2_007570.en.wav,wednesday please | next_day('wednesday')
fechas2/train/fechas2_007571.en.wav,next wednesday please | next_day('wednesday')
fechas2/train/fechas2_007572.en.wav,please this coming friday | next_day('friday')
fechas2/train/fechas2_007573.en.wav,this monday thank you | next_day('monday')
fechas2/train/fechas2_007574.en.wav,this wednesday | next_day('wednesday')
fechas2/train/fechas2_007575.en.wav,in three days thanks | relative_day(+3)
fechas2/train/fechas2_007576.en.wav,next wednesday please | next_day('wednesday')
fechas2/train/fechas2_007577.en.wav,monday | next_day('monday')
fechas2/train/fechas2_007578.en.wav,in three days thanks | relative_day(+3)
fechas2/train/fechas2_007579.en.wav,please next monday | next_day('monday')
fechas2/train/fechas2_007580.en.wav,next monday | next_day('monday')
fechas2/train/fechas2_007581.en.wav,friday | next_day('friday')
fechas2/train/fechas2_007582.en.wav,please on thursday | next_day('thursday')
fechas2/train/fechas2_007583.en.wav,next monday | next_day('monday')
fechas2/train/fechas2_007584.en.wav,this monday | next_day('monday')
fechas2/train/fechas2_007585.en.wav,in three days | relative_day(+3)
fechas2/train/fechas2_007586.en.wav,next friday | next_day('friday')
fechas2/train/fechas2_007587.en.wav,this wednesday thank you | next_day('wednesday')
fechas2/train/fechas2_007588.en.wav,this monday please | next_day('monday')
fechas2/train/fechas2_007589.en.wav,this monday | next_day('monday')
fechas2/train/fechas2_007590.en.wav,next friday | next_day('friday')
fechas2/train/fechas2_007591.en.wav,this coming thursday | next_day('thursday')
fechas2/train/fechas2_007592.en.wav,next monday thank you | next_day('monday')
fechas2/train/fechas2_007593.en.wav,please in a couple of days | relative_day(+2)
fechas2/train/fechas2_007594.en.wav,please this coming friday | next_day('friday')
fechas2/train/fechas2_007595.en.wav,next thursday | next_day('thursday')
fechas2/train/fechas2_007596.en.wav,please next monday | next_day('monday')
fechas2/train/fechas2_007597.en.wav,tomorrow | relative_day(+1)
fechas2/train/fechas2_007598.en.wav,please this coming friday | next_day('friday')
fechas2/train/fechas2_007599.en.wav,next wednesday | next_day('wednesday')
fechas2/train/fechas2_007600.en.wav,the day after tomorrow please | relative_day(+2)
fechas2/train/fechas2_007601.en.wav,wednesday | next_day('wednesday')
fechas2/train/fechas2_007602.en.wav,in a couple of days | relative_day(+2)
fechas2/train/fechas2_007603.en.wav,please next thursday | next_day('thursday')
fechas2/train/fechas2_007604.en.wav,in a couple of days | relative_day(+2)
fechas2/train/fechas2_007605.en.wav,this coming monday please | next_day('monday')
fechas2/train/fechas2_007606.en.wav,the day after tomorrow thanks | relative_day(+2)
fechas2/train/fechas2_007607.en.wav,in a couple of days please | relative_day(+2)
fechas2/train/fechas2_007608.en.wav,next monday please | next_day('monday')
fechas2/train/fechas2_007609.en.wav,please next wednesday | next_day('wednesday')
fechas2/train/fechas2_007610.en.wav,thursday | next_day('thursday')
fechas2/train/fechas2_007611.en.wav,this wednesday | next_day('wednesday')
fechas2/train/fechas2_007612.en.wav,in three days | relative_day(+3)
fechas2/train/fechas2_007613.en.wav,next monday | next_day('monday')
fechas2/train/fechas2_007614.en.wav,in three days | relative_day(+3)
fechas2/train/fechas2_007615.en.wav,next monday | next_day('monday')
fechas2/train/fechas2_007616.en.wav,the following wednesday | next_day('wednesday')
fechas2/train/fechas2_007617.en.wav,friday | next_day('friday')
fechas2/train/fechas2_007618.en.wav,next monday | next_day('monday')
fechas2/train/fechas2_007619.en.wav,please next thursday | next_day('thursday')
fechas2/train/fechas2_007620.en.wav,this coming wednesday thanks | next_day('wednesday')
fechas2/train/fechas2_007621.en.wav,the day after tomorrow | relative_day(+2)
fechas2/train/fechas2_007622.en.wav,please in three days | relative_day(+3)
fechas2/train/fechas2_007623.en.wav,this tuesday | next_day('tuesday')
fechas2/train/fechas2_007624.en.wav,this coming friday | next_day('friday')
fechas2/train/fechas2_007625.en.wav,next tuesday please | next_day('tuesday')
fechas2/train/fechas2_007626.en.wav,the day after tomorrow thanks | relative_day(+2)
fechas2/train/fechas2_007627.en.wav,please in a couple of days | relative_day(+2)
fechas2/train/fechas2_007628.en.wav,the day after tomorrow | relative_day(+2)
fechas2/train/fechas2_007629.en.wav,please in three days | relative_day(+3)
fechas2/train/fechas2_007630.en.wav,next friday | next_day('friday')
fechas2/train/fechas2_007631.en.wav,this coming wednesday | next_day('wednesday')
fechas2/train/fechas2_007632.en.wav,next tuesday | next_day('tuesday')
fechas2/train/fechas2_007633.en.wav,next tuesday thank you | next_day('tuesday')
fechas2/train/fechas2_007634.en.wav,in three days please | relative_day(+3)
fechas2/train/fechas2_007635.en.wav,thursday | next_day('thursday')
fechas2/train/fechas2_007636.en.wav,this coming monday please | next_day('monday')
fechas2/train/fechas2_007637.en.wav,next wednesday | next_day('wednesday')
fechas2/train/fechas2_007638.en.wav,please next monday | next_day('monday')
fechas2/train/fechas2_007639.en.wav,next wednesday please | next_day('wednesday')
fechas2/train/fechas2_007640.en.wav,in three days | relative_day(+3)
fechas2/train/fechas2_007641.en.wav,next thursday thank you | next_day('thursday')
fechas2/train/fechas2_007642.en.wav,next friday | next_day('friday')
fechas2/train/fechas2_007643.en.wav,in three days | relative_day(+3)
fechas2/train/fechas2_007644.en.wav,in a couple of days thanks | relative_day(+2)
fechas2/train/fechas2_007645.en.wav,please on monday | next_day('monday')
fechas2/train/fechas2_007646.en.wav,in three days | relative_day(+3)
fechas2/train/fechas2_007647.en.wav,the following thursday | next_day('thursday')
fechas2/train/fechas2_007648.en.wav,monday thank you | next_day('monday')
fechas2/train/fechas2_007649.en.wav,next wednesday | next_day('wednesday')
fechas2/train/fechas2_007650.en.wav,next friday thanks | next_day('friday')
fechas2/train/fechas2_007651.en.wav,monday | next_day('monday')
fechas2/train/fechas2_007652.en.wav,next monday thank you | next_day('monday')
fechas2/train/fechas2_007653.en.wav,next thursday thank you | next_day('thursday')
fechas2/train/fechas2_007654.en.wav,this coming monday please | next_day('monday')
fechas2/train/fechas2_007655.en.wav,please next tuesday | next_day('tuesday')
fechas2/train/fechas2_007656.en.wav,this friday thank you | next_day('friday')
fechas2/train/fechas2_007657.en.wav,the day after tomorrow | relative_day(+2)
fechas2/train/fechas2_007658.en.wav,the day after tomorrow thanks | relative_day(+2)
fechas2/train/fechas2_007659.en.wav,next thursday please | next_day('thursday')
fechas2/train/fechas2_007660.en.wav,next thursday | next_day('thursday')
fechas2/train/fechas2_007661.en.wav,this coming friday | next_day('friday')
fechas2/train/fechas2_007662.en.wav,in a couple of days | relative_day(+2)
fechas2/train/fechas2_007663.en.wav,next monday thank you | next_day('monday')
fechas2/train/fechas2_007664.en.wav,next thursday | next_day('thursday')
fechas2/train/fechas2_007665.en.wav,this coming tuesday please | next_day('tuesday')
fechas2/train/fechas2_007666.en.wav,next friday | next_day('friday')
fechas2/train/fechas2_007667.en.wav,this coming tuesday | next_day('tuesday')
fechas2/train/fechas2_007668.en.wav,this coming friday | next_day('friday')
fechas2/train/fechas2_007669.en.wav,next tuesday thank you | next_day('tuesday')
fechas2/train/fechas2_007670.en.wav,this coming friday | next_day('friday')
fechas2/train/fechas2_007671.en.wav,next tuesday | next_day('tuesday')
fechas2/train/fechas2_007672.en.wav,this coming thursday | next_day('thursday')
fechas2/train/fechas2_007673.en.wav,this coming wednesday | next_day('wednesday')
fechas2/train/fechas2_007674.en.wav,this thursday thank you | next_day('thursday')
fechas2/train/fechas2_007675.en.wav,this coming friday | next_day('friday')
fechas2/train/fechas2_007676.en.wav,please this wednesday | next_day('wednesday')
fechas2/train/fechas2_007677.en.wav,in three days | relative_day(+3)
fechas2/train/fechas2_007678.en.wav,thursday please | next_day('thursday')
fechas2/train/fechas2_007679.en.wav,next thursday | next_day('thursday')
fechas2/train/fechas2_007680.en.wav,next friday | next_day('friday')
fechas2/train/fechas2_007681.en.wav,wednesday | next_day('wednesday')
fechas2/train/fechas2_007682.en.wav,in a couple of days please | relative_day(+2)
fechas2/train/fechas2_007683.en.wav,please next tuesday | next_day('tuesday')
fechas2/train/fechas2_007684.en.wav,the day after tomorrow please | relative_day(+2)
fechas2/train/fechas2_007685.en.wav,next monday | next_day('monday')
fechas2/train/fechas2_007686.en.wav,the day after tomorrow | relative_day(+2)
fechas2/train/fechas2_007687.en.wav,next thursday | next_day('thursday')
fechas2/train/fechas2_007688.en.wav,the day after tomorrow | relative_day(+2)
fechas2/train/fechas2_007689.en.wav,this coming monday | next_day('monday')
fechas2/train/fechas2_007690.en.wav,this thursday | next_day('thursday')
fechas2/train/fechas2_007691.en.wav,next friday | next_day('friday')
fechas2/train/fechas2_007692.en.wav,tomorrow thank you | relative_day(+1)
fechas2/train/fechas2_007693.en.wav,in a couple of days | relative_day(+2)
fechas2/train/fechas2_007694.en.wav,this tuesday | next_day('tuesday')
fechas2/train/fechas2_007695.en.wav,next friday please | next_day('friday')
fechas2/train/fechas2_007696.en.wav,wednesday please | next_day('wednesday')
fechas2/train/fechas2_007697.en.wav,the day after tomorrow | relative_day(+2)
fechas2/train/fechas2_007698.en.wav,next monday | next_day('monday')
fechas2/train/fechas2_007699.en.wav,please next tuesday | next_day('tuesday')
fechas2/train/fechas2_007700.en.wav,next friday please | next_day('friday')
fechas2/train/fechas2_007701.en.wav,the day after tomorrow | relative_day(+2)
fechas2/train/fechas2_007702.en.wav,friday | next_day('friday')
fechas2/train/fechas2_007703.en.wav,this coming thursday thanks | next_day('thursday')
fechas2/train/fechas2_007704.en.wav,next friday | next_day('friday')
fechas2/train/fechas2_007705.en.wav,wednesday | next_day('wednesday')
fechas2/train/fechas2_007706.en.wav,this coming monday | next_day('monday')
fechas2/train/fechas2_007707.en.wav,next monday | next_day('monday')
fechas2/train/fechas2_007708.en.wav,next tuesday | next_day('tuesday')
fechas2/train/fechas2_007709.en.wav,next wednesday please | next_day('wednesday')
fechas2/train/fechas2_007710.en.wav,thursday | next_day('thursday')
fechas2/train/fechas2_007711.en.wav,please next tuesday | next_day('tuesday')
fechas2/train/fechas2_007712.en.wav,next tuesday | next_day('tuesday')
fechas2/train/fechas2_007713.en.wav,in three days | relative_day(+3)
fechas2/train/fechas2_007714.en.wav,next monday | next_day('monday')
fechas2/train/fechas2_007715.en.wav,please next thursday | next_day('thursday')
fechas2/train/fechas2_007716.en.wav,in three days please | relative_day(+3)
fechas2/train/fechas2_007717.en.wav,in a couple of days | relative_day(+2)
fechas2/train/fechas2_007718.en.wav,next wednesday | next_day('wednesday')
fechas2/train/fechas2_007719.en.wav,this coming monday | next_day('monday')
fechas2/train/fechas2_007720.en.wav,in three days | relative_day(+3)
fechas2/train/fechas2_007721.en.wav,next monday please | next_day('monday')
fechas2/train/fechas2_007722.en.wav,this wednesday thank you | next_day('wednesday')
fechas2/train/fechas2_007723.en.wav,this monday please | next_day('monday')
fechas2/train/fechas2_007724.en.wav,next tuesday please | next_day('tuesday')
fechas2/train/fechas2_007725.en.wav,please this coming wednesday | next_day('wednesday')
fechas2/train/fechas2_007726.en.wav,thursday | next_day('thursday')
fechas2/train/fechas2_007727.en.wav,this thursday | next_day('thursday')
fechas2/train/fechas2_007728.en.wav,in three days | relative_day(+3)
fechas2/train/fechas2_007729.en.wav,this coming friday | next_day('friday')
fechas2/train/fechas2_007730.en.wav,in three days thanks | relative_day(+3)
fechas2/train/fechas2_007731.en.wav,next wednesday | next_day('wednesday')
fechas2/train/fechas2_007732.en.wav,the day after tomorrow | relative_day(+2)
fechas2/train/fechas2_007733.en.wav,this coming tuesday | next_day('tuesday')
fechas2/train/fechas2_007734.en.wav,in a couple of days | relative_day(+2)
fechas2/train/fechas2_007735.en.wav,next wednesday thank you | next_day('wednesday')
fechas2/train/fechas2_007736.en.wav,please in a couple of days | relative_day(+2)
fechas2/train/fechas2_007737.en.wav,this coming wednesday | next_day('wednesday')
fechas2/train/fechas2_007738.en.wav,this coming thursday thanks | next_day('thursday')
fechas2/train/fechas2_007739.en.wav,tomorrow | relative_day(+1)
fechas2/train/fechas2_007740.en.wav,next friday | next_day('friday')
fechas2/train/fechas2_007741.en.wav,please in three days | relative_day(+3)
fechas2/train/fechas2_007742.en.wav,tuesday | next_day('tuesday')
fechas2/train/fechas2_007743.en.wav,next thursday | next_day('thursday')
fechas2/train/fechas2_007744.en.wav,on monday please | next_day('monday')
fechas2/train/fechas2_007745.en.wav,next tuesday | next_day('tuesday')
fechas2/train/fechas2_007746.en.wav,next monday | next_day('monday')
fechas2/train/fechas2_007747.en.wav,in three days | relative_day(+3)
fechas2/train/fechas2_007748.en.wav,this coming friday | next_day('friday')
fechas2/train/fechas2_007749.en.wav,in three days please | relative_day(+3)
fechas2/train/fechas2_007750.en.wav,this thursday | next_day('thursday')
fechas2/train/fechas2_007751.en.wav,please next tuesday | next_day('tuesday')
fechas2/train/fechas2_007752.en.wav,next friday | next_day('friday')
fechas2/train/fechas2_007753.en.wav,this tuesday thank you | next_day('tuesday')
fechas2/train/fechas2_007754.en.wav,next thursday | next_day('thursday')
fechas2/train/fechas2_007755.en.wav,this coming monday | next_day('monday')
fechas2/train/fechas2_007756.en.wav,the day after tomorrow | relative_day(+2)
fechas2/train/fechas2_007757.en.wav,next tuesday | next_day('tuesday')
fechas2/train/fechas2_007758.en.wav,this monday | next_day('monday')
fechas2/train/fechas2_007759.en.wav,please next tuesday | next_day('tuesday')
fechas2/train/fechas2_007760.en.wav,next tuesday | next_day('tuesday')
fechas2/train/fechas2_007761.en.wav,in a couple of days please | relative_day(+2)
fechas2/train/fechas2_007762.en.wav,this coming tuesday thank you | next_day('tuesday')
fechas2/train/fechas2_007763.en.wav,this tuesday please | next_day('tuesday')
fechas2/train/fechas2_007764.en.wav,next thursday | next_day('thursday')
fechas2/train/fechas2_007765.en.wav,next thursday thank you | next_day('thursday')
fechas2/train/fechas2_007766.en.wav,in three days | relative_day(+3)
fechas2/train/fechas2_007767.en.wav,monday | next_day('monday')
fechas2/train/fechas2_007768.en.wav,next thursday | next_day('thursday')
fechas2/train/fechas2_007769.en.wav,next thursday | next_day('thursday')
fechas2/train/fechas2_007770.en.wav,next tuesday thank you | next_day('tuesday')
fechas2/train/fechas2_007771.en.wav,next thursday | next_day('thursday')
fechas2/train/fechas2_007772.en.wav,in three days thanks | relative_day(+3)
fechas2/train/fechas2_007773.en.wav,this coming tuesday please | next_day('tuesday')
fechas2/train/fechas2_007774.en.wav,next thursday | next_day('thursday')
fechas2/train/fechas2_007775.en.wav,thursday | next_day('thursday')
fechas2/train/fechas2_007776.en.wav,please in a couple of days | relative_day(+2)
fechas2/train/fechas2_007777.en.wav,friday | next_day('friday')
fechas2/train/fechas2_007778.en.wav,next friday | next_day('friday')
fechas2/train/fechas2_007779.en.wav,please next tuesday | next_day('tuesday')
fechas2/train/fechas2_007780.en.wav,this coming tuesday | next_day('tuesday')
fechas2/train/fechas2_007781.en.wav,this coming friday | next_day('friday')
fechas2/train/fechas2_007782.en.wav,next tuesday | next_day('tuesday')
fechas2/train/fechas2_007783.en.wav,next wednesday thank you | next_day('wednesday')
fechas2/train/fechas2_007784.en.wav,this friday | next_day('friday')
fechas2/train/fechas2_007785.en.wav,please next wednesday | next_day('wednesday')
fechas2/train/fechas2_007786.en.wav,next thursday | next_day('thursday')
fechas2/train/fechas2_007787.en.wav,next monday | next_day('monday')
fechas2/train/fechas2_007788.en.wav,next wednesday | next_day('wednesday')
fechas2/train/fechas2_007789.en.wav,next monday | next_day('monday')
fechas2/train/fechas2_007790.en.wav,next wednesday | next_day('wednesday')
fechas2/train/fechas2_007791.en.wav,thursday | next_day('thursday')
fechas2/train/fechas2_007792.en.wav,next thursday thank you | next_day('thursday')
fechas2/train/fechas2_007793.en.wav,this coming tuesday thank you | next_day('tuesday')
fechas2/train/fechas2_007794.en.wav,please next tuesday | next_day('tuesday')
fechas2/train/fechas2_007795.en.wav,please this coming wednesday | next_day('wednesday')
fechas2/train/fechas2_007796.en.wav,this coming friday | next_day('friday')
fechas2/train/fechas2_007797.en.wav,monday thank you | next_day('monday')
fechas2/train/fechas2_007798.en.wav,please next friday | next_day('friday')
fechas2/train/fechas2_007799.en.wav,next wednesday thank you | next_day('wednesday')
fechas2/train/fechas2_007800.en.wav,this wednesday please | next_day('wednesday')
fechas2/train/fechas2_007801.en.wav,next thursday | next_day('thursday')
fechas2/train/fechas2_007802.en.wav,next tuesday | next_day('tuesday')
fechas2/train/fechas2_007803.en.wav,next thursday | next_day('thursday')
fechas2/train/fechas2_007804.en.wav,this friday | next_day('friday')
fechas2/train/fechas2_007805.en.wav,this coming monday thanks | next_day('monday')
fechas2/train/fechas2_007806.en.wav,this coming thursday | next_day('thursday')
fechas2/train/fechas2_007807.en.wav,this wednesday | next_day('wednesday')
fechas2/train/fechas2_007808.en.wav,friday thank you | next_day('friday')
fechas2/train/fechas2_007809.en.wav,next friday thank you | next_day('friday')
fechas2/train/fechas2_007810.en.wav,in a couple of days | relative_day(+2)
fechas2/train/fechas2_007811.en.wav,in a couple of days please | relative_day(+2)
fechas2/train/fechas2_007812.en.wav,please on tuesday | next_day('tuesday')
fechas2/train/fechas2_007813.en.wav,thursday | next_day('thursday')
fechas2/train/fechas2_007814.en.wav,this coming wednesday thank you | next_day('wednesday')
fechas2/train/fechas2_007815.en.wav,please next friday | next_day('friday')
fechas2/train/fechas2_007816.en.wav,wednesday | next_day('wednesday')
fechas2/train/fechas2_007817.en.wav,this coming wednesday please | next_day('wednesday')
fechas2/train/fechas2_007818.en.wav,in three days | relative_day(+3)
fechas2/train/fechas2_007819.en.wav,next friday | next_day('friday')
fechas2/train/fechas2_007820.en.wav,this thursday | next_day('thursday')
fechas2/train/fechas2_007821.en.wav,next monday | next_day('monday')
fechas2/train/fechas2_007822.en.wav,next wednesday | next_day('wednesday')
fechas2/train/fechas2_007823.en.wav,this coming monday thanks | next_day('monday')
fechas2/train/fechas2_007824.en.wav,this coming wednesday please | next_day('wednesday')
fechas2/train/fechas2_007825.en.wav,next friday | next_day('friday')
fechas2/train/fechas2_007826.en.wav,in a couple of days | relative_day(+2)
fechas2/train/fechas2_007827.en.wav,in three days please | relative_day(+3)
fechas2/train/fechas2_007828.en.wav,next friday | next_day('friday')
fechas2/train/fechas2_007829.en.wav,next friday | next_day('friday')
fechas2/train/fechas2_007830.en.wav,in three days | relative_day(+3)
fechas2/train/fechas2_007831.en.wav,please next tuesday | next_day('tuesday')
fechas2/train/fechas2_007832.en.wav,next wednesday | next_day('wednesday')
fechas2/train/fechas2_007833.en.wav,please this wednesday | next_day('wednesday')
fechas2/train/fechas2_007834.en.wav,in three days | relative_day(+3)
fechas2/train/fechas2_007835.en.wav,this monday | next_day('monday')
fechas2/train/fechas2_007836.en.wav,next monday | next_day('monday')
fechas2/train/fechas2_007837.en.wav,in three days | relative_day(+3)
fechas2/train/fechas2_007838.en.wav,this coming tuesday | next_day('tuesday')
fechas2/train/fechas2_007839.en.wav,next tuesday please | next_day('tuesday')
fechas2/train/fechas2_007840.en.wav,this thursday | next_day('thursday')
fechas2/train/fechas2_007841.en.wav,please this wednesday | next_day('wednesday')
fechas2/train/fechas2_007842.en.wav,this coming friday thank you | next_day('friday')
fechas2/train/fechas2_007843.en.wav,the day after tomorrow | relative_day(+2)
fechas2/train/fechas2_007844.en.wav,tomorrow | relative_day(+1)
fechas2/train/fechas2_007845.en.wav,this wednesday | next_day('wednesday')
fechas2/train/fechas2_007846.en.wav,next monday | next_day('monday')
fechas2/train/fechas2_007847.en.wav,next friday please | next_day('friday')
fechas2/train/fechas2_007848.en.wav,next monday | next_day('monday')
fechas2/train/fechas2_007849.en.wav,the following monday | next_day('monday')
fechas2/train/fechas2_007850.en.wav,in a couple of days | relative_day(+2)
fechas2/train/fechas2_007851.en.wav,please this monday | next_day('monday')
fechas2/train/fechas2_007852.en.wav,next wednesday | next_day('wednesday')
fechas2/train/fechas2_007853.en.wav,in three days | relative_day(+3)
fechas2/train/fechas2_007854.en.wav,tomorrow | relative_day(+1)
fechas2/train/fechas2_007855.en.wav,please in three days | relative_day(+3)
fechas2/train/fechas2_007856.en.wav,please in a couple of days | relative_day(+2)
fechas2/train/fechas2_007857.en.wav,please next friday | next_day('friday')
fechas2/train/fechas2_007858.en.wav,the following tuesday | next_day('tuesday')
fechas2/train/fechas2_007859.en.wav,this wednesday please | next_day('wednesday')
fechas2/train/fechas2_007860.en.wav,next monday please | next_day('monday')
fechas2/train/fechas2_007861.en.wav,next monday please | next_day('monday')
fechas2/train/fechas2_007862.en.wav,this monday | next_day('monday')
fechas2/train/fechas2_007863.en.wav,please in three days | relative_day(+3)
fechas2/train/fechas2_007864.en.wav,next friday | next_day('friday')
fechas2/train/fechas2_007865.en.wav,tomorrow please | relative_day(+1)
fechas2/train/fechas2_007866.en.wav,in a couple of days | relative_day(+2)
fechas2/train/fechas2_007867.en.wav,next wednesday | next_day('wednesday')
fechas2/train/fechas2_007868.en.wav,tuesday thank you. | next_day('tuesday')
fechas2/train/fechas2_007869.en.wav,friday | next_day('friday')
fechas2/train/fechas2_007870.en.wav,please next wednesday | next_day('wednesday')
fechas2/train/fechas2_007871.en.wav,next tuesday thank you | next_day('tuesday')
fechas2/train/fechas2_007872.en.wav,next thursday | next_day('thursday')
fechas2/train/fechas2_007873.en.wav,in a couple of days please | relative_day(+2)
fechas2/train/fechas2_007874.en.wav,monday | next_day('monday')
fechas2/train/fechas2_007875.en.wav,this coming tuesday thank you | next_day('tuesday')
fechas2/train/fechas2_007876.en.wav,this tuesday | next_day('tuesday')
fechas2/train/fechas2_007877.en.wav,in a couple of days | relative_day(+2)
fechas2/train/fechas2_007878.en.wav,tuesday | next_day('tuesday')
fechas2/train/fechas2_007879.en.wav,this thursday | next_day('thursday')
fechas2/train/fechas2_007880.en.wav,next wednesday | next_day('wednesday')
fechas2/train/fechas2_007881.en.wav,tomorrow please | relative_day(+1)
fechas2/train/fechas2_007882.en.wav,this coming tuesday thank you | next_day('tuesday')
fechas2/train/fechas2_007883.en.wav,next thursday thank you | next_day('thursday')
fechas2/train/fechas2_007884.en.wav,this coming friday | next_day('friday')
fechas2/train/fechas2_007885.en.wav,this coming thursday | next_day('thursday')
fechas2/train/fechas2_007886.en.wav,please next friday | next_day('friday')
fechas2/train/fechas2_007887.en.wav,in a couple of days | relative_day(+2)
fechas2/train/fechas2_007888.en.wav,this thursday please | next_day('thursday')
fechas2/train/fechas2_007889.en.wav,the day after tomorrow | relative_day(+2)
fechas2/train/fechas2_007890.en.wav,next wednesday thank you | next_day('wednesday')
fechas2/train/fechas2_007891.en.wav,in a couple of days please | relative_day(+2)
fechas2/train/fechas2_007892.en.wav,next friday please | next_day('friday')
fechas2/train/fechas2_007893.en.wav,please on thursday | next_day('thursday')
fechas2/train/fechas2_007894.en.wav,this coming tuesday please | next_day('tuesday')
fechas2/train/fechas2_007895.en.wav,next thursday | next_day('thursday')
fechas2/train/fechas2_007896.en.wav,the following wednesday | next_day('wednesday')
fechas2/train/fechas2_007897.en.wav,day after tomorrow | relative_day(+2)
fechas2/train/fechas2_007898.en.wav,thursday | next_day('thursday')
fechas2/train/fechas2_007899.en.wav,in a couple of days | relative_day(+2)
fechas2/train/fechas2_007900.en.wav,next thursday | next_day('thursday')
fechas2/train/fechas2_007901.en.wav,in a couple of days | relative_day(+2)
fechas2/train/fechas2_007902.en.wav,next wednesday | next_day('wednesday')
fechas2/train/fechas2_007903.en.wav,the following wednesday | next_day('wednesday')
fechas2/train/fechas2_007904.en.wav,next friday please | next_day('friday')
fechas2/train/fechas2_007905.en.wav,please next thursday | next_day('thursday')
fechas2/train/fechas2_007906.en.wav,this coming friday | next_day('friday')
fechas2/train/fechas2_007907.en.wav,please this wednesday | next_day('wednesday')
fechas2/train/fechas2_007908.en.wav,monday thank you | next_day('monday')
fechas2/train/fechas2_007909.en.wav,next monday | next_day('monday')
fechas2/train/fechas2_007910.en.wav,next friday thank you | next_day('friday')
fechas2/train/fechas2_007911.en.wav,next tuesday | next_day('tuesday')
fechas2/train/fechas2_007912.en.wav,in three days | relative_day(+3)
fechas2/train/fechas2_007913.en.wav,this friday please | next_day('friday')
fechas2/train/fechas2_007914.en.wav,next thursday please | next_day('thursday')
fechas2/train/fechas2_007915.en.wav,this coming thursday | next_day('thursday')
fechas2/train/fechas2_007916.en.wav,in three days thanks | relative_day(+3)
fechas2/train/fechas2_007917.en.wav,please in three days | relative_day(+3)
fechas2/train/fechas2_007918.en.wav,please in a couple of days | relative_day(+2)
fechas2/train/fechas2_007919.en.wav,next tuesday | next_day('tuesday')
fechas2/train/fechas2_007920.en.wav,please this coming monday | next_day('monday')
fechas2/train/fechas2_007921.en.wav,tomorrow | relative_day(+1)
fechas2/train/fechas2_007922.en.wav,please next friday | next_day('friday')
fechas2/train/fechas2_007923.en.wav,tuesday | next_day('tuesday')
fechas2/train/fechas2_007924.en.wav,in three days thanks | relative_day(+3)
fechas2/train/fechas2_007925.en.wav,please this monday | next_day('monday')
fechas2/train/fechas2_007926.en.wav,next thursday please | next_day('thursday')
fechas2/train/fechas2_007927.en.wav,thursday | next_day('thursday')
fechas2/train/fechas2_007928.en.wav,next thursday thank you | next_day('thursday')
fechas2/train/fechas2_007929.en.wav,next friday | next_day('friday')
fechas2/train/fechas2_007930.en.wav,please on wednesday | next_day('wednesday')
fechas2/train/fechas2_007931.en.wav,please this wednesday | next_day('wednesday')
fechas2/train/fechas2_007932.en.wav,next friday | next_day('friday')
fechas2/train/fechas2_007933.en.wav,please next tuesday | next_day('tuesday')
fechas2/train/fechas2_007934.en.wav,this thursday | next_day('thursday')
fechas2/train/fechas2_007935.en.wav,this wednesday | next_day('wednesday')
fechas2/train/fechas2_007936.en.wav,in three days | relative_day(+3)
fechas2/train/fechas2_007937.en.wav,the day after tomorrow thanks | relative_day(+2)
fechas2/train/fechas2_007938.en.wav,this coming friday | next_day('friday')
fechas2/train/fechas2_007939.en.wav,in three days | relative_day(+3)
fechas2/train/fechas2_007940.en.wav,next tuesday | next_day('tuesday')
fechas2/train/fechas2_007941.en.wav,this coming wednesday thank you | next_day('wednesday')
fechas2/train/fechas2_007942.en.wav,next tuesday | next_day('tuesday')
fechas2/train/fechas2_007943.en.wav,please on friday | next_day('friday')
fechas2/train/fechas2_007944.en.wav,please this coming friday | next_day('friday')
fechas2/train/fechas2_007945.en.wav,the following monday | next_day('monday')
fechas2/train/fechas2_007946.en.wav,please next tuesday | next_day('tuesday')
fechas2/train/fechas2_007947.en.wav,next tuesday please | next_day('tuesday')
fechas2/train/fechas2_007948.en.wav,next thursday please | next_day('thursday')
fechas2/train/fechas2_007949.en.wav,please on monday | next_day('monday')
fechas2/train/fechas2_007950.en.wav,next tuesday please | next_day('tuesday')
fechas2/train/fechas2_007951.en.wav,this coming friday please | next_day('friday')
fechas2/train/fechas2_007952.en.wav,this tuesday please | next_day('tuesday')
fechas2/train/fechas2_007953.en.wav,next monday thank you | next_day('monday')
fechas2/train/fechas2_007954.en.wav,this monday please | next_day('monday')
fechas2/train/fechas2_007955.en.wav,next monday | next_day('monday')
fechas2/train/fechas2_007956.en.wav,the following monday thanks | next_day('monday')
fechas2/train/fechas2_007957.en.wav,the day after tomorrow thanks | relative_day(+2)
fechas2/train/fechas2_007958.en.wav,thursday please | next_day('thursday')
fechas2/train/fechas2_007959.en.wav,next tuesday thank you | next_day('tuesday')
fechas2/train/fechas2_007960.en.wav,next thursday thank you | next_day('thursday')
fechas2/train/fechas2_007961.en.wav,thursday | next_day('thursday')
fechas2/train/fechas2_007962.en.wav,tuesday please | next_day('tuesday')
fechas2/train/fechas2_007963.en.wav,in a couple of days | relative_day(+2)
fechas2/train/fechas2_007964.en.wav,in three days thanks | relative_day(+3)
fechas2/train/fechas2_007965.en.wav,next tuesday thank you | next_day('tuesday')
fechas2/train/fechas2_007966.en.wav,please in three days | relative_day(+3)
fechas2/train/fechas2_007967.en.wav,please this coming friday | next_day('friday')
fechas2/train/fechas2_007968.en.wav,tomorrow | relative_day(+1)
fechas2/train/fechas2_007969.en.wav,this thursday | next_day('thursday')
fechas2/train/fechas2_007970.en.wav,next thursday | next_day('thursday')
fechas2/train/fechas2_007971.en.wav,please next friday | next_day('friday')
fechas2/train/fechas2_007972.en.wav,this coming wednesday | next_day('wednesday')
fechas2/train/fechas2_007973.en.wav,this coming tuesday | next_day('tuesday')
fechas2/train/fechas2_007974.en.wav,in a couple of days | relative_day(+2)
fechas2/train/fechas2_007975.en.wav,the day after tomorrow | relative_day(+2)
fechas2/train/fechas2_007976.en.wav,in a couple of days | relative_day(+2)
fechas2/train/fechas2_007977.en.wav,next monday | next_day('monday')
fechas2/train/fechas2_007978.en.wav,please next tuesday | next_day('tuesday')
fechas2/train/fechas2_007979.en.wav,in three days | relative_day(+3)
fechas2/train/fechas2_007980.en.wav,please in three days | relative_day(+3)
fechas2/train/fechas2_007981.en.wav,next monday | next_day('monday')
fechas2/train/fechas2_007982.en.wav,in three days | relative_day(+3)
fechas2/train/fechas2_007983.en.wav,next wednesday please | next_day('wednesday')
fechas2/train/fechas2_007984.en.wav,next friday | next_day('friday')
fechas2/train/fechas2_007985.en.wav,please this thursday | next_day('thursday')
fechas2/train/fechas2_007986.en.wav,in three days please | relative_day(+3)
fechas2/train/fechas2_007987.en.wav,next thursday | next_day('thursday')
fechas2/train/fechas2_007988.en.wav,friday | next_day('friday')
fechas2/train/fechas2_007989.en.wav,next friday | next_day('friday')
fechas2/train/fechas2_007990.en.wav,this coming friday thanks | next_day('friday')
fechas2/train/fechas2_007991.en.wav,next friday | next_day('friday')
fechas2/train/fechas2_007992.en.wav,please this monday | next_day('monday')
fechas2/train/fechas2_007993.en.wav,in three days | relative_day(+3)
fechas2/train/fechas2_007994.en.wav,next monday | next_day('monday')
fechas2/train/fechas2_007995.en.wav,this coming thursday please | next_day('thursday')
fechas2/train/fechas2_007996.en.wav,this tuesday | next_day('tuesday')
fechas2/train/fechas2_007997.en.wav,next wednesday please | next_day('wednesday')
fechas2/train/fechas2_007998.en.wav,day after tomorrow | relative_day(+2)
fechas2/train/fechas2_007999.en.wav,tuesday | next_day('tuesday')
fechas2/train/fechas2_008000.en.wav,next thursday | next_day('thursday')
fechas2/train/fechas2_008001.en.wav,the following wednesday | next_day('wednesday')
fechas2/train/fechas2_008002.en.wav,next monday please | next_day('monday')
fechas2/train/fechas2_008003.en.wav,next wednesday please | next_day('wednesday')
fechas2/train/fechas2_008004.en.wav,next monday | next_day('monday')
fechas2/train/fechas2_008005.en.wav,in a couple of days | relative_day(+2)
fechas2/train/fechas2_008006.en.wav,tuesday | next_day('tuesday')
fechas2/train/fechas2_008007.en.wav,next tuesday please | next_day('tuesday')
fechas2/train/fechas2_008008.en.wav,this thursday | next_day('thursday')
fechas2/train/fechas2_008009.en.wav,this tuesday | next_day('tuesday')
fechas2/train/fechas2_008010.en.wav,the day after tomorrow please | relative_day(+2)
fechas2/train/fechas2_008011.en.wav,next friday please | next_day('friday')
fechas2/train/fechas2_008012.en.wav,next monday please | next_day('monday')
fechas2/train/fechas2_008013.en.wav,next thursday | next_day('thursday')
fechas2/train/fechas2_008014.en.wav,in three days | relative_day(+3)
fechas2/train/fechas2_008015.en.wav,this thursday thank you | next_day('thursday')
fechas2/train/fechas2_008016.en.wav,this coming monday | next_day('monday')
fechas2/train/fechas2_008017.en.wav,wednesday | next_day('wednesday')
fechas2/train/fechas2_008018.en.wav,next wednesday | next_day('wednesday')
fechas2/train/fechas2_008019.en.wav,next tuesday | next_day('tuesday')
fechas2/train/fechas2_008020.en.wav,in a couple of days | relative_day(+2)
fechas2/train/fechas2_008021.en.wav,this tuesday | next_day('tuesday')
fechas2/train/fechas2_008022.en.wav,please next friday | next_day('friday')
fechas2/train/fechas2_008023.en.wav,please next thursday | next_day('thursday')
fechas2/train/fechas2_008024.en.wav,please this friday | next_day('friday')
fechas2/train/fechas2_008025.en.wav,this coming thursday | next_day('thursday')
fechas2/train/fechas2_008026.en.wav,this thursday please | next_day('thursday')
fechas2/train/fechas2_008027.en.wav,in a couple of days | relative_day(+2)
fechas2/train/fechas2_008028.en.wav,next thursday | next_day('thursday')
fechas2/train/fechas2_008029.en.wav,this coming tuesday | next_day('tuesday')
fechas2/train/fechas2_008030.en.wav,the following thursday | next_day('thursday')
fechas2/train/fechas2_008031.en.wav,this wednesday thank you | next_day('wednesday')
fechas2/train/fechas2_008032.en.wav,the day after tomorrow | relative_day(+2)
fechas2/train/fechas2_008033.en.wav,in a couple of days | relative_day(+2)
fechas2/train/fechas2_008034.en.wav,next monday | next_day('monday')
fechas2/train/fechas2_008035.en.wav,next tuesday | next_day('tuesday')
fechas2/train/fechas2_008036.en.wav,next wednesday | next_day('wednesday')
fechas2/train/fechas2_008037.en.wav,please tomorrow | relative_day(+1)
fechas2/train/fechas2_008038.en.wav,thursday thank you | next_day('thursday')
fechas2/train/fechas2_008039.en.wav,this tuesday | next_day('tuesday')
fechas2/train/fechas2_008040.en.wav,please next wednesday | next_day('wednesday')
fechas2/train/fechas2_008041.en.wav,this tuesday thank you | next_day('tuesday')
fechas2/train/fechas2_008042.en.wav,next monday | next_day('monday')
fechas2/train/fechas2_008043.en.wav,next friday | next_day('friday')
fechas2/train/fechas2_008044.en.wav,wednesday | next_day('wednesday')
fechas2/train/fechas2_008045.en.wav,next tuesday | next_day('tuesday')
fechas2/train/fechas2_008046.en.wav,next tuesday please | next_day('tuesday')
fechas2/train/fechas2_008047.en.wav,monday | next_day('monday')
fechas2/train/fechas2_008048.en.wav,next friday | next_day('friday')
fechas2/train/fechas2_008049.en.wav,tomorrow | relative_day(+1)
fechas2/train/fechas2_008050.en.wav,please this wednesday | next_day('wednesday')
fechas2/train/fechas2_008051.en.wav,in three days | relative_day(+3)
fechas2/train/fechas2_008052.en.wav,this thursday | next_day('thursday')
fechas2/train/fechas2_008053.en.wav,this tuesday | next_day('tuesday')
fechas2/train/fechas2_008054.en.wav,in three days please | relative_day(+3)
fechas2/train/fechas2_008055.en.wav,this wednesday | next_day('wednesday')
fechas2/train/fechas2_008056.en.wav,this coming friday | next_day('friday')
fechas2/train/fechas2_008057.en.wav,this thursday | next_day('thursday')
fechas2/train/fechas2_008058.en.wav,next monday | next_day('monday')
fechas2/train/fechas2_008059.en.wav,please next monday | next_day('monday')
fechas2/train/fechas2_008060.en.wav,tomorrow | relative_day(+1)
fechas2/train/fechas2_008061.en.wav,please on thursday | next_day('thursday')
fechas2/train/fechas2_008062.en.wav,this coming thursday | next_day('thursday')
fechas2/train/fechas2_008063.en.wav,in a couple of days | relative_day(+2)
fechas2/train/fechas2_008064.en.wav,the day after tomorrow please | relative_day(+2)
fechas2/train/fechas2_008065.en.wav,this coming tuesday | next_day('tuesday')
fechas2/train/fechas2_008066.en.wav,next tuesday | next_day('tuesday')
fechas2/train/fechas2_008067.en.wav,in a couple of days please | relative_day(+2)
fechas2/train/fechas2_008068.en.wav,this tuesday | next_day('tuesday')
fechas2/train/fechas2_008069.en.wav,please in a couple of days | relative_day(+2)
fechas2/train/fechas2_008070.en.wav,wednesday | next_day('wednesday')
fechas2/train/fechas2_008071.en.wav,tomorrow | relative_day(+1)
fechas2/train/fechas2_008072.en.wav,this coming thursday | next_day('thursday')
fechas2/train/fechas2_008073.en.wav,the day after tomorrow | relative_day(+2)
fechas2/train/fechas2_008074.en.wav,next tuesday | next_day('tuesday')
fechas2/train/fechas2_008075.en.wav,in three days thanks | relative_day(+3)
fechas2/train/fechas2_008076.en.wav,in a couple of days thanks | relative_day(+2)
fechas2/train/fechas2_008077.en.wav,this coming friday | next_day('friday')
fechas2/train/fechas2_008078.en.wav,in three days | relative_day(+3)
fechas2/train/fechas2_008079.en.wav,this coming monday thank you | next_day('monday')
fechas2/train/fechas2_008080.en.wav,this coming friday | next_day('friday')
fechas2/train/fechas2_008081.en.wav,next monday | next_day('monday')
fechas2/train/fechas2_008082.en.wav,next tuesday | next_day('tuesday')
fechas2/train/fechas2_008083.en.wav,please next tuesday | next_day('tuesday')
fechas2/train/fechas2_008084.en.wav,in three days please | relative_day(+3)
fechas2/train/fechas2_008085.en.wav,next friday | next_day('friday')
fechas2/train/fechas2_008086.en.wav,this monday please | next_day('monday')
fechas2/train/fechas2_008087.en.wav,in a couple of days please | relative_day(+2)
fechas2/train/fechas2_008088.en.wav,next wednesday | next_day('wednesday')
fechas2/train/fechas2_008089.en.wav,next wednesday | next_day('wednesday')
fechas2/train/fechas2_008090.en.wav,next wednesday | next_day('wednesday')
fechas2/train/fechas2_008091.en.wav,in a couple of days | relative_day(+2)
fechas2/train/fechas2_008092.en.wav,this monday | next_day('monday')
fechas2/train/fechas2_008093.en.wav,tomorrow please | relative_day(+1)
fechas2/train/fechas2_008094.en.wav,thursday please | next_day('thursday')
fechas2/train/fechas2_008095.en.wav,this monday | next_day('monday')
fechas2/train/fechas2_008096.en.wav,tomorrow | relative_day(+1)
fechas2/train/fechas2_008097.en.wav,next monday please | next_day('monday')
fechas2/train/fechas2_008098.en.wav,in a couple of days | relative_day(+2)
fechas2/train/fechas2_008099.en.wav,this coming friday | next_day('friday')
fechas2/train/fechas2_008100.en.wav,tomorrow | relative_day(+1)
fechas2/train/fechas2_008101.en.wav,please this monday | next_day('monday')
fechas2/train/fechas2_008102.en.wav,this coming monday thank you | next_day('monday')
fechas2/train/fechas2_008103.en.wav,this coming tuesday please | next_day('tuesday')
fechas2/train/fechas2_008104.en.wav,next tuesday please | next_day('tuesday')
fechas2/train/fechas2_008105.en.wav,this coming tuesday | next_day('tuesday')
fechas2/train/fechas2_008106.en.wav,please next thursday | next_day('thursday')
fechas2/train/fechas2_008107.en.wav,in three days | relative_day(+3)
fechas2/train/fechas2_008108.en.wav,this wednesday | next_day('wednesday')
fechas2/train/fechas2_008109.en.wav,the day after tomorrow please | relative_day(+2)
fechas2/train/fechas2_008110.en.wav,next friday | next_day('friday')
fechas2/train/fechas2_008111.en.wav,please this coming wednesday | next_day('wednesday')
fechas2/train/fechas2_008112.en.wav,in three days please | relative_day(+3)
fechas2/train/fechas2_008113.en.wav,thursday | next_day('thursday')
fechas2/train/fechas2_008114.en.wav,in three days | relative_day(+3)
fechas2/train/fechas2_008115.en.wav,tuesday | next_day('tuesday')
fechas2/train/fechas2_008116.en.wav,monday | next_day('monday')
fechas2/train/fechas2_008117.en.wav,wednesday | next_day('wednesday')
fechas2/train/fechas2_008118.en.wav,please in three days | relative_day(+3)
fechas2/train/fechas2_008119.en.wav,next friday | next_day('friday')
fechas2/train/fechas2_008120.en.wav,friday please | next_day('friday')
fechas2/train/fechas2_008121.en.wav,please next monday | next_day('monday')
fechas2/train/fechas2_008122.en.wav,in three days | relative_day(+3)
fechas2/train/fechas2_008123.en.wav,the following wednesday | next_day('wednesday')
fechas2/train/fechas2_008124.en.wav,thursday | next_day('thursday')
fechas2/train/fechas2_008125.en.wav,this friday | next_day('friday')
fechas2/train/fechas2_008126.en.wav,next monday please | next_day('monday')
fechas2/train/fechas2_008127.en.wav,next wednesday | next_day('wednesday')
fechas2/train/fechas2_008128.en.wav,the following thursday | next_day('thursday')
fechas2/train/fechas2_008129.en.wav,please next wednesday | next_day('wednesday')
fechas2/train/fechas2_008130.en.wav,please tomorrow | relative_day(+1)
fechas2/train/fechas2_008131.en.wav,next tuesday | next_day('tuesday')
fechas2/train/fechas2_008132.en.wav,this coming wednesday please | next_day('wednesday')
fechas2/train/fechas2_008133.en.wav,next friday | next_day('friday')
fechas2/train/fechas2_008134.en.wav,next wednesday | next_day('wednesday')
fechas2/train/fechas2_008135.en.wav,next wednesday | next_day('wednesday')
fechas2/train/fechas2_008136.en.wav,tuesday thank you. | next_day('tuesday')
fechas2/train/fechas2_008137.en.wav,in three days please | relative_day(+3)
fechas2/train/fechas2_008138.en.wav,the day after tomorrow | relative_day(+2)
fechas2/train/fechas2_008139.en.wav,monday | next_day('monday')
fechas2/train/fechas2_008140.en.wav,next wednesday please | next_day('wednesday')
fechas2/train/fechas2_008141.en.wav,please this tuesday | next_day('tuesday')
fechas2/train/fechas2_008142.en.wav,the following tuesday | next_day('tuesday')
fechas2/train/fechas2_008143.en.wav,please this wednesday | next_day('wednesday')
fechas2/train/fechas2_008144.en.wav,thursday thank you | next_day('thursday')
fechas2/train/fechas2_008145.en.wav,this monday thank you | next_day('monday')
fechas2/train/fechas2_008146.en.wav,this coming monday please | next_day('monday')
fechas2/train/fechas2_008147.en.wav,the following wednesday | next_day('wednesday')
fechas2/train/fechas2_008148.en.wav,please in three days | relative_day(+3)
fechas2/train/fechas2_008149.en.wav,in three days please | relative_day(+3)
fechas2/train/fechas2_008150.en.wav,tuesday | next_day('tuesday')
fechas2/train/fechas2_008151.en.wav,in a couple of days | relative_day(+2)
fechas2/train/fechas2_008152.en.wav,next friday | next_day('friday')
fechas2/train/fechas2_008153.en.wav,this thursday | next_day('thursday')
fechas2/train/fechas2_008154.en.wav,please next monday | next_day('monday')
fechas2/train/fechas2_008155.en.wav,next tuesday | next_day('tuesday')
fechas2/train/fechas2_008156.en.wav,next thursday | next_day('thursday')
fechas2/train/fechas2_008157.en.wav,monday thank you | next_day('monday')
fechas2/train/fechas2_008158.en.wav,please next friday | next_day('friday')
fechas2/train/fechas2_008159.en.wav,tomorrow thank you | relative_day(+1)
fechas2/train/fechas2_008160.en.wav,tomorrow | relative_day(+1)
fechas2/train/fechas2_008161.en.wav,next monday | next_day('monday')
fechas2/train/fechas2_008162.en.wav,this wednesday thank you | next_day('wednesday')
fechas2/train/fechas2_008163.en.wav,please next thursday | next_day('thursday')
fechas2/train/fechas2_008164.en.wav,the following monday | next_day('monday')
fechas2/train/fechas2_008165.en.wav,the day after tomorrow | relative_day(+2)
fechas2/train/fechas2_008166.en.wav,friday | next_day('friday')
fechas2/train/fechas2_008167.en.wav,next tuesday | next_day('tuesday')
fechas2/train/fechas2_008168.en.wav,this thursday | next_day('thursday')
fechas2/train/fechas2_008169.en.wav,next tuesday | next_day('tuesday')
fechas2/train/fechas2_008170.en.wav,in three days please | relative_day(+3)
fechas2/train/fechas2_008171.en.wav,in three days please | relative_day(+3)
fechas2/train/fechas2_008172.en.wav,this coming wednesday | next_day('wednesday')
fechas2/train/fechas2_008173.en.wav,this coming monday | next_day('monday')
fechas2/train/fechas2_008174.en.wav,tuesday | next_day('tuesday')
fechas2/train/fechas2_008175.en.wav,next friday | next_day('friday')
fechas2/train/fechas2_008176.en.wav,this coming friday please | next_day('friday')
fechas2/train/fechas2_008177.en.wav,in three days please | relative_day(+3)
fechas2/train/fechas2_008178.en.wav,in a couple of days thanks | relative_day(+2)
fechas2/train/fechas2_008179.en.wav,please this coming thursday | next_day('thursday')
fechas2/train/fechas2_008180.en.wav,please next friday | next_day('friday')
fechas2/train/fechas2_008181.en.wav,next wednesday | next_day('wednesday')
fechas2/train/fechas2_008182.en.wav,this friday | next_day('friday')
fechas2/train/fechas2_008183.en.wav,this monday please | next_day('monday')
fechas2/train/fechas2_008184.en.wav,in a couple of days please | relative_day(+2)
fechas2/train/fechas2_008185.en.wav,in three days please | relative_day(+3)
fechas2/train/fechas2_008186.en.wav,this coming wednesday | next_day('wednesday')
fechas2/train/fechas2_008187.en.wav,next friday | next_day('friday')
fechas2/train/fechas2_008188.en.wav,next wednesday | next_day('wednesday')
fechas2/train/fechas2_008189.en.wav,in a couple of days | relative_day(+2)
fechas2/train/fechas2_008190.en.wav,tomorrow thank you | relative_day(+1)
fechas2/train/fechas2_008191.en.wav,in a couple of days | relative_day(+2)
fechas2/train/fechas2_008192.en.wav,in three days | relative_day(+3)
fechas2/train/fechas2_008193.en.wav,please on thursday | next_day('thursday')
fechas2/train/fechas2_008194.en.wav,next friday thank you | next_day('friday')
fechas2/train/fechas2_008195.en.wav,this wednesday please | next_day('wednesday')
fechas2/train/fechas2_008196.en.wav,next monday | next_day('monday')
fechas2/train/fechas2_008197.en.wav,next thursday thank you | next_day('thursday')
fechas2/train/fechas2_008198.en.wav,next monday | next_day('monday')
fechas2/train/fechas2_008199.en.wav,next tuesday | next_day('tuesday')
fechas2/train/fechas2_008200.en.wav,in three days thanks | relative_day(+3)
fechas2/train/fechas2_008201.en.wav,in three days | relative_day(+3)
fechas2/train/fechas2_008202.en.wav,please this coming friday | next_day('friday')
fechas2/train/fechas2_008203.en.wav,next friday please | next_day('friday')
fechas2/train/fechas2_008204.en.wav,this coming thursday | next_day('thursday')
fechas2/train/fechas2_008205.en.wav,in a couple of days | relative_day(+2)
fechas2/train/fechas2_008206.en.wav,tomorrow | relative_day(+1)
fechas2/train/fechas2_008207.en.wav,please next wednesday | next_day('wednesday')
fechas2/train/fechas2_008208.en.wav,wednesday thank you | next_day('wednesday')
fechas2/train/fechas2_008209.en.wav,in a couple of days thanks | relative_day(+2)
fechas2/train/fechas2_008210.en.wav,next tuesday | next_day('tuesday')
fechas2/train/fechas2_008211.en.wav,in three days | relative_day(+3)
fechas2/train/fechas2_008212.en.wav,friday | next_day('friday')
fechas2/train/fechas2_008213.en.wav,in a couple of days please | relative_day(+2)
fechas2/train/fechas2_008214.en.wav,next tuesday | next_day('tuesday')
fechas2/train/fechas2_008215.en.wav,next tuesday please | next_day('tuesday')
fechas2/train/fechas2_008216.en.wav,next thursday | next_day('thursday')
fechas2/train/fechas2_008217.en.wav,this thursday | next_day('thursday')
fechas2/train/fechas2_008218.en.wav,this coming friday please | next_day('friday')
fechas2/train/fechas2_008219.en.wav,please on monday | next_day('monday')
fechas2/train/fechas2_008220.en.wav,this wednesday | next_day('wednesday')
fechas2/train/fechas2_008221.en.wav,please next wednesday | next_day('wednesday')
fechas2/train/fechas2_008222.en.wav,this monday thank you | next_day('monday')
fechas2/train/fechas2_008223.en.wav,the day after tomorrow | relative_day(+2)
fechas2/train/fechas2_008224.en.wav,wednesday thank you | next_day('wednesday')
fechas2/train/fechas2_008225.en.wav,this coming monday please | next_day('monday')
fechas2/train/fechas2_008226.en.wav,please this coming monday | next_day('monday')
fechas2/train/fechas2_008227.en.wav,in three days | relative_day(+3)
fechas2/train/fechas2_008228.en.wav,in three days | relative_day(+3)
fechas2/train/fechas2_008229.en.wav,please next friday | next_day('friday')
fechas2/train/fechas2_008230.en.wav,next wednesday thank you | next_day('wednesday')
fechas2/train/fechas2_008231.en.wav,this monday | next_day('monday')
fechas2/train/fechas2_008232.en.wav,thursday thank you | next_day('thursday')
fechas2/train/fechas2_008233.en.wav,in three days please | relative_day(+3)
fechas2/train/fechas2_008234.en.wav,this coming thursday | next_day('thursday')
fechas2/train/fechas2_008235.en.wav,wednesday | next_day('wednesday')
fechas2/train/fechas2_008236.en.wav,this tuesday | next_day('tuesday')
fechas2/train/fechas2_008237.en.wav,next thursday | next_day('thursday')
fechas2/train/fechas2_008238.en.wav,next monday thank you | next_day('monday')
fechas2/train/fechas2_008239.en.wav,tomorrow | relative_day(+1)
fechas2/train/fechas2_008240.en.wav,next thursday please | next_day('thursday')
fechas2/train/fechas2_008241.en.wav,next friday please | next_day('friday')
fechas2/train/fechas2_008242.en.wav,next wednesday | next_day('wednesday')
fechas2/train/fechas2_008243.en.wav,the day after tomorrow please | relative_day(+2)
fechas2/train/fechas2_008244.en.wav,the day after tomorrow | relative_day(+2)
fechas2/train/fechas2_008245.en.wav,this tuesday thank you | next_day('tuesday')
fechas2/train/fechas2_008246.en.wav,please on friday | next_day('friday')
fechas2/train/fechas2_008247.en.wav,next monday | next_day('monday')
fechas2/train/fechas2_008248.en.wav,this thursday | next_day('thursday')
fechas2/train/fechas2_008249.en.wav,the day after tomorrow | relative_day(+2)
fechas2/train/fechas2_008250.en.wav,the following tuesday | next_day('tuesday')
fechas2/train/fechas2_008251.en.wav,this coming monday please | next_day('monday')
fechas2/train/fechas2_008252.en.wav,tomorrow thank you | relative_day(+1)
fechas2/train/fechas2_008253.en.wav,next thursday | next_day('thursday')
fechas2/train/fechas2_008254.en.wav,day after tomorrow | relative_day(+2)
fechas2/train/fechas2_008255.en.wav,next friday | next_day('friday')
fechas2/train/fechas2_008256.en.wav,please in a couple of days | relative_day(+2)
fechas2/train/fechas2_008257.en.wav,this tuesday | next_day('tuesday')
fechas2/train/fechas2_008258.en.wav,next thursday | next_day('thursday')
fechas2/train/fechas2_008259.en.wav,the day after tomorrow | relative_day(+2)
fechas2/train/fechas2_008260.en.wav,this coming wednesday | next_day('wednesday')
fechas2/train/fechas2_008261.en.wav,in a couple of days thanks | relative_day(+2)
fechas2/train/fechas2_008262.en.wav,next tuesday | next_day('tuesday')
fechas2/train/fechas2_008263.en.wav,next wednesday | next_day('wednesday')
fechas2/train/fechas2_008264.en.wav,next thursday | next_day('thursday')
fechas2/train/fechas2_008265.en.wav,this friday | next_day('friday')
fechas2/train/fechas2_008266.en.wav,this coming friday thanks | next_day('friday')
fechas2/train/fechas2_008267.en.wav,monday | next_day('monday')
fechas2/train/fechas2_008268.en.wav,monday | next_day('monday')
fechas2/train/fechas2_008269.en.wav,in three days | relative_day(+3)
fechas2/train/fechas2_008270.en.wav,this wednesday thank you | next_day('wednesday')
fechas2/train/fechas2_008271.en.wav,the following monday | next_day('monday')
fechas2/train/fechas2_008272.en.wav,please this tuesday | next_day('tuesday')
fechas2/train/fechas2_008273.en.wav,tomorrow please | relative_day(+1)
fechas2/train/fechas2_008274.en.wav,please next monday | next_day('monday')
fechas2/train/fechas2_008275.en.wav,this coming friday | next_day('friday')
fechas2/train/fechas2_008276.en.wav,next monday | next_day('monday')
fechas2/train/fechas2_008277.en.wav,monday | next_day('monday')
fechas2/train/fechas2_008278.en.wav,this coming friday please | next_day('friday')
fechas2/train/fechas2_008279.en.wav,please next tuesday | next_day('tuesday')
fechas2/train/fechas2_008280.en.wav,please tomorrow | relative_day(+1)
fechas2/train/fechas2_008281.en.wav,this coming monday | next_day('monday')
fechas2/train/fechas2_008282.en.wav,next thursday | next_day('thursday')
fechas2/train/fechas2_008283.en.wav,this tuesday thank you | next_day('tuesday')
fechas2/train/fechas2_008284.en.wav,this coming wednesday | next_day('wednesday')
fechas2/train/fechas2_008285.en.wav,this monday | next_day('monday')
fechas2/train/fechas2_008286.en.wav,this coming wednesday | next_day('wednesday')
fechas2/train/fechas2_008287.en.wav,next thursday | next_day('thursday')
fechas2/train/fechas2_008288.en.wav,this friday please | next_day('friday')
fechas2/train/fechas2_008289.en.wav,the following tuesday | next_day('tuesday')
fechas2/train/fechas2_008290.en.wav,monday | next_day('monday')
fechas2/train/fechas2_008291.en.wav,please next monday | next_day('monday')
fechas2/train/fechas2_008292.en.wav,in a couple of days | relative_day(+2)
fechas2/train/fechas2_008293.en.wav,next thursday | next_day('thursday')
fechas2/train/fechas2_008294.en.wav,next wednesday | next_day('wednesday')
fechas2/train/fechas2_008295.en.wav,thursday | next_day('thursday')
fechas2/train/fechas2_008296.en.wav,please on friday | next_day('friday')
fechas2/train/fechas2_008297.en.wav,the following friday | next_day('friday')
fechas2/train/fechas2_008298.en.wav,next wednesday thank you | next_day('wednesday')
fechas2/train/fechas2_008299.en.wav,friday | next_day('friday')
fechas2/train/fechas2_008300.en.wav,tomorrow thank you | relative_day(+1)
fechas2/train/fechas2_008301.en.wav,next monday | next_day('monday')
fechas2/train/fechas2_008302.en.wav,this coming tuesday thank you | next_day('tuesday')
fechas2/train/fechas2_008303.en.wav,this coming thursday | next_day('thursday')
fechas2/train/fechas2_008304.en.wav,in three days | relative_day(+3)
fechas2/train/fechas2_008305.en.wav,in three days | relative_day(+3)
fechas2/train/fechas2_008306.en.wav,in a couple of days please | relative_day(+2)
fechas2/train/fechas2_008307.en.wav,next friday please | next_day('friday')
fechas2/train/fechas2_008308.en.wav,please next thursday | next_day('thursday')
fechas2/train/fechas2_008309.en.wav,this coming monday | next_day('monday')
fechas2/train/fechas2_008310.en.wav,in a couple of days | relative_day(+2)
fechas2/train/fechas2_008311.en.wav,please this coming monday | next_day('monday')
fechas2/train/fechas2_008312.en.wav,in a couple of days please | relative_day(+2)
fechas2/train/fechas2_008313.en.wav,the day after tomorrow | relative_day(+2)
fechas2/train/fechas2_008314.en.wav,this friday | next_day('friday')
fechas2/train/fechas2_008315.en.wav,this wednesday | next_day('wednesday')
fechas2/train/fechas2_008316.en.wav,next tuesday | next_day('tuesday')
fechas2/train/fechas2_008317.en.wav,in three days thanks | relative_day(+3)
fechas2/train/fechas2_008318.en.wav,next friday | next_day('friday')
fechas2/train/fechas2_008319.en.wav,in a couple of days | relative_day(+2)
fechas2/train/fechas2_008320.en.wav,in three days | relative_day(+3)
fechas2/train/fechas2_008321.en.wav,the day after tomorrow | relative_day(+2)
fechas2/train/fechas2_008322.en.wav,in three days thanks | relative_day(+3)
fechas2/train/fechas2_008323.en.wav,on monday please | next_day('monday')
fechas2/train/fechas2_008324.en.wav,in a couple of days | relative_day(+2)
fechas2/train/fechas2_008325.en.wav,this friday | next_day('friday')
fechas2/train/fechas2_008326.en.wav,the following monday | next_day('monday')
fechas2/train/fechas2_008327.en.wav,in three days | relative_day(+3)
fechas2/train/fechas2_008328.en.wav,on monday please | next_day('monday')
fechas2/train/fechas2_008329.en.wav,this monday | next_day('monday')
fechas2/train/fechas2_008330.en.wav,please this tuesday | next_day('tuesday')
fechas2/train/fechas2_008331.en.wav,tomorrow thank you | relative_day(+1)
fechas2/train/fechas2_008332.en.wav,next monday | next_day('monday')
fechas2/train/fechas2_008333.en.wav,next friday please | next_day('friday')
fechas2/train/fechas2_008334.en.wav,this coming thursday | next_day('thursday')
fechas2/train/fechas2_008335.en.wav,please this wednesday | next_day('wednesday')
fechas2/train/fechas2_008336.en.wav,next monday | next_day('monday')
fechas2/train/fechas2_008337.en.wav,next tuesday | next_day('tuesday')
fechas2/train/fechas2_008338.en.wav,in three days please | relative_day(+3)
fechas2/train/fechas2_008339.en.wav,the day after tomorrow thanks | relative_day(+2)
fechas2/train/fechas2_008340.en.wav,please next friday | next_day('friday')
fechas2/train/fechas2_008341.en.wav,next wednesday | next_day('wednesday')
fechas2/train/fechas2_008342.en.wav,this coming friday please | next_day('friday')
fechas2/train/fechas2_008343.en.wav,in a couple of days | relative_day(+2)
fechas2/train/fechas2_008344.en.wav,in three days thanks | relative_day(+3)
fechas2/train/fechas2_008345.en.wav,this coming friday please | next_day('friday')
fechas2/train/fechas2_008346.en.wav,wednesday | next_day('wednesday')
fechas2/train/fechas2_008347.en.wav,tuesday | next_day('tuesday')
fechas2/train/fechas2_008348.en.wav,in a couple of days | relative_day(+2)
fechas2/train/fechas2_008349.en.wav,the day after tomorrow | relative_day(+2)
fechas2/train/fechas2_008350.en.wav,in a couple of days | relative_day(+2)
fechas2/train/fechas2_008351.en.wav,please in three days | relative_day(+3)
fechas2/train/fechas2_008352.en.wav,next tuesday please | next_day('tuesday')
fechas2/train/fechas2_008353.en.wav,the following monday thanks | next_day('monday')
fechas2/train/fechas2_008354.en.wav,this tuesday | next_day('tuesday')
fechas2/train/fechas2_008355.en.wav,next friday | next_day('friday')
fechas2/train/fechas2_008356.en.wav,next friday thank you | next_day('friday')
fechas2/train/fechas2_008357.en.wav,next thursday | next_day('thursday')
fechas2/train/fechas2_008358.en.wav,this tuesday | next_day('tuesday')
fechas2/train/fechas2_008359.en.wav,the following thursday | next_day('thursday')
fechas2/train/fechas2_008360.en.wav,in three days | relative_day(+3)
fechas2/train/fechas2_008361.en.wav,in a couple of days thanks | relative_day(+2)
fechas2/train/fechas2_008362.en.wav,please tomorrow | relative_day(+1)
fechas2/train/fechas2_008363.en.wav,please next friday | next_day('friday')
fechas2/train/fechas2_008364.en.wav,tomorrow thank you | relative_day(+1)
fechas2/train/fechas2_008365.en.wav,please on thursday | next_day('thursday')
fechas2/train/fechas2_008366.en.wav,next friday thank you | next_day('friday')
fechas2/train/fechas2_008367.en.wav,the day after tomorrow | relative_day(+2)
fechas2/train/fechas2_008368.en.wav,this friday | next_day('friday')
fechas2/train/fechas2_008369.en.wav,tuesday please | next_day('tuesday')
fechas2/train/fechas2_008370.en.wav,please this coming monday | next_day('monday')
fechas2/train/fechas2_008371.en.wav,in three days thanks | relative_day(+3)
fechas2/train/fechas2_008372.en.wav,this monday thank you | next_day('monday')
fechas2/train/fechas2_008373.en.wav,in a couple of days | relative_day(+2)
fechas2/train/fechas2_008374.en.wav,this coming wednesday please | next_day('wednesday')
fechas2/train/fechas2_008375.en.wav,the day after tomorrow | relative_day(+2)
fechas2/train/fechas2_008376.en.wav,this coming friday | next_day('friday')
fechas2/train/fechas2_008377.en.wav,friday | next_day('friday')
fechas2/train/fechas2_008378.en.wav,in a couple of days | relative_day(+2)
fechas2/train/fechas2_008379.en.wav,next monday | next_day('monday')
fechas2/train/fechas2_008380.en.wav,this tuesday | next_day('tuesday')
fechas2/train/fechas2_008381.en.wav,the day after tomorrow | relative_day(+2)
fechas2/train/fechas2_008382.en.wav,next wednesday | next_day('wednesday')
fechas2/train/fechas2_008383.en.wav,please next tuesday | next_day('tuesday')
fechas2/train/fechas2_008384.en.wav,in a couple of days | relative_day(+2)
fechas2/train/fechas2_008385.en.wav,next tuesday | next_day('tuesday')
fechas2/train/fechas2_008386.en.wav,this wednesday | next_day('wednesday')
fechas2/train/fechas2_008387.en.wav,next wednesday | next_day('wednesday')
fechas2/train/fechas2_008388.en.wav,the day after tomorrow | relative_day(+2)
fechas2/train/fechas2_008389.en.wav,in three days please | relative_day(+3)
fechas2/train/fechas2_008390.en.wav,this coming wednesday please | next_day('wednesday')
fechas2/train/fechas2_008391.en.wav,please in three days | relative_day(+3)
fechas2/train/fechas2_008392.en.wav,this coming thursday | next_day('thursday')
fechas2/train/fechas2_008393.en.wav,this coming friday | next_day('friday')
fechas2/train/fechas2_008394.en.wav,the day after tomorrow | relative_day(+2)
fechas2/train/fechas2_008395.en.wav,the following tuesday | next_day('tuesday')
fechas2/train/fechas2_008396.en.wav,next monday | next_day('monday')
fechas2/train/fechas2_008397.en.wav,this coming wednesday | next_day('wednesday')
fechas2/train/fechas2_008398.en.wav,friday please | next_day('friday')
fechas2/train/fechas2_008399.en.wav,next thursday please | next_day('thursday')
fechas2/train/fechas2_008400.en.wav,day after tomorrow | relative_day(+2)
fechas2/train/fechas2_008401.en.wav,in three days thanks | relative_day(+3)
fechas2/train/fechas2_008402.en.wav,next thursday | next_day('thursday')
fechas2/train/fechas2_008403.en.wav,next tuesday | next_day('tuesday')
fechas2/train/fechas2_008404.en.wav,next thursday please | next_day('thursday')
fechas2/train/fechas2_008405.en.wav,this coming tuesday | next_day('tuesday')
fechas2/train/fechas2_008406.en.wav,this coming tuesday | next_day('tuesday')
fechas2/train/fechas2_008407.en.wav,next friday please | next_day('friday')
fechas2/train/fechas2_008408.en.wav,in a couple of days thanks | relative_day(+2)
fechas2/train/fechas2_008409.en.wav,this coming monday | next_day('monday')
fechas2/train/fechas2_008410.en.wav,in three days | relative_day(+3)
fechas2/train/fechas2_008411.en.wav,wednesday | next_day('wednesday')
fechas2/train/fechas2_008412.en.wav,please next monday | next_day('monday')
fechas2/train/fechas2_008413.en.wav,this thursday | next_day('thursday')
fechas2/train/fechas2_008414.en.wav,thursday thank you | next_day('thursday')
fechas2/train/fechas2_008415.en.wav,next monday | next_day('monday')
fechas2/train/fechas2_008416.en.wav,please next monday | next_day('monday')
fechas2/train/fechas2_008417.en.wav,please next wednesday | next_day('wednesday')
fechas2/train/fechas2_008418.en.wav,next tuesday | next_day('tuesday')
fechas2/train/fechas2_008419.en.wav,in three days thanks | relative_day(+3)
fechas2/train/fechas2_008420.en.wav,next monday please | next_day('monday')
fechas2/train/fechas2_008421.en.wav,this coming friday | next_day('friday')
fechas2/train/fechas2_008422.en.wav,friday | next_day('friday')
fechas2/train/fechas2_008423.en.wav,next friday | next_day('friday')
fechas2/train/fechas2_008424.en.wav,next tuesday | next_day('tuesday')
fechas2/train/fechas2_008425.en.wav,next wednesday | next_day('wednesday')
fechas2/train/fechas2_008426.en.wav,next tuesday please | next_day('tuesday')
fechas2/train/fechas2_008427.en.wav,in three days | relative_day(+3)
fechas2/train/fechas2_008428.en.wav,in a couple of days | relative_day(+2)
fechas2/train/fechas2_008429.en.wav,the following friday | next_day('friday')
fechas2/train/fechas2_008430.en.wav,in a couple of days please | relative_day(+2)
fechas2/train/fechas2_008431.en.wav,in a couple of days | relative_day(+2)
fechas2/train/fechas2_008432.en.wav,this friday | next_day('friday')
fechas2/train/fechas2_008433.en.wav,this monday | next_day('monday')
fechas2/train/fechas2_008434.en.wav,please in three days | relative_day(+3)
fechas2/train/fechas2_008435.en.wav,this monday | next_day('monday')
fechas2/train/fechas2_008436.en.wav,the following wednesday | next_day('wednesday')
fechas2/train/fechas2_008437.en.wav,next thursday | next_day('thursday')
fechas2/train/fechas2_008438.en.wav,next tuesday | next_day('tuesday')
fechas2/train/fechas2_008439.en.wav,the day after tomorrow | relative_day(+2)
fechas2/train/fechas2_008440.en.wav,next wednesday | next_day('wednesday')
fechas2/train/fechas2_008441.en.wav,next friday | next_day('friday')
fechas2/train/fechas2_008442.en.wav,please next monday | next_day('monday')
fechas2/train/fechas2_008443.en.wav,this monday | next_day('monday')
fechas2/train/fechas2_008444.en.wav,please next thursday | next_day('thursday')
fechas2/train/fechas2_008445.en.wav,next wednesday thanks | next_day('wednesday')
fechas2/train/fechas2_008446.en.wav,tuesday please | next_day('tuesday')
fechas2/train/fechas2_008447.en.wav,this coming thursday thanks | next_day('thursday')
fechas2/train/fechas2_008448.en.wav,next wednesday | next_day('wednesday')
fechas2/train/fechas2_008449.en.wav,the day after tomorrow | relative_day(+2)
fechas2/train/fechas2_008450.en.wav,next tuesday thank you | next_day('tuesday')
fechas2/train/fechas2_008451.en.wav,please next wednesday | next_day('wednesday')
fechas2/train/fechas2_008452.en.wav,please this coming wednesday | next_day('wednesday')
fechas2/train/fechas2_008453.en.wav,the day after tomorrow | relative_day(+2)
fechas2/train/fechas2_008454.en.wav,monday thank you | next_day('monday')
fechas2/train/fechas2_008455.en.wav,in a couple of days | relative_day(+2)
fechas2/train/fechas2_008456.en.wav,friday please | next_day('friday')
fechas2/train/fechas2_008457.en.wav,in three days | relative_day(+3)
fechas2/train/fechas2_008458.en.wav,please next tuesday | next_day('tuesday')
fechas2/train/fechas2_008459.en.wav,this monday | next_day('monday')
fechas2/train/fechas2_008460.en.wav,this friday please | next_day('friday')
fechas2/train/fechas2_008461.en.wav,this coming thursday | next_day('thursday')
fechas2/train/fechas2_008462.en.wav,please in three days | relative_day(+3)
fechas2/train/fechas2_008463.en.wav,please in three days | relative_day(+3)
fechas2/train/fechas2_008464.en.wav,in three days | relative_day(+3)
fechas2/train/fechas2_008465.en.wav,this coming tuesday | next_day('tuesday')
fechas2/train/fechas2_008466.en.wav,next friday | next_day('friday')
fechas2/train/fechas2_008467.en.wav,in three days please | relative_day(+3)
fechas2/train/fechas2_008468.en.wav,next wednesday | next_day('wednesday')
fechas2/train/fechas2_008469.en.wav,this coming tuesday please | next_day('tuesday')
fechas2/train/fechas2_008470.en.wav,this coming wednesday | next_day('wednesday')
fechas2/train/fechas2_008471.en.wav,this coming tuesday please | next_day('tuesday')
fechas2/train/fechas2_008472.en.wav,next friday | next_day('friday')
fechas2/train/fechas2_008473.en.wav,this wednesday | next_day('wednesday')
fechas2/train/fechas2_008474.en.wav,this tuesday | next_day('tuesday')
fechas2/train/fechas2_008475.en.wav,please next wednesday | next_day('wednesday')
fechas2/train/fechas2_008476.en.wav,next wednesday | next_day('wednesday')
fechas2/train/fechas2_008477.en.wav,this monday | next_day('monday')
fechas2/train/fechas2_008478.en.wav,in a couple of days thanks | relative_day(+2)
fechas2/train/fechas2_008479.en.wav,next tuesday please | next_day('tuesday')
fechas2/train/fechas2_008480.en.wav,the day after tomorrow | relative_day(+2)
fechas2/train/fechas2_008481.en.wav,tuesday | next_day('tuesday')
fechas2/train/fechas2_008482.en.wav,tuesday | next_day('tuesday')
fechas2/train/fechas2_008483.en.wav,next wednesday please | next_day('wednesday')
fechas2/train/fechas2_008484.en.wav,this tuesday | next_day('tuesday')
fechas2/train/fechas2_008485.en.wav,the day after tomorrow | relative_day(+2)
fechas2/train/fechas2_008486.en.wav,this wednesday | next_day('wednesday')
fechas2/train/fechas2_008487.en.wav,in three days thanks | relative_day(+3)
fechas2/train/fechas2_008488.en.wav,this tuesday | next_day('tuesday')
fechas2/train/fechas2_008489.en.wav,tomorrow | relative_day(+1)
fechas2/train/fechas2_008490.en.wav,next wednesday please | next_day('wednesday')
fechas2/train/fechas2_008491.en.wav,this coming wednesday | next_day('wednesday')
fechas2/train/fechas2_008492.en.wav,this wednesday | next_day('wednesday')
fechas2/train/fechas2_008493.en.wav,monday | next_day('monday')
fechas2/train/fechas2_008494.en.wav,thursday please | next_day('thursday')
fechas2/train/fechas2_008495.en.wav,next thursday | next_day('thursday')
fechas2/train/fechas2_008496.en.wav,next monday | next_day('monday')
fechas2/train/fechas2_008497.en.wav,next wednesday thank you | next_day('wednesday')
fechas2/train/fechas2_008498.en.wav,on monday please | next_day('monday')
fechas2/train/fechas2_008499.en.wav,next wednesday | next_day('wednesday')
fechas2/train/fechas2_008500.en.wav,in three days | relative_day(+3)
fechas2/train/fechas2_008501.en.wav,next wednesday | next_day('wednesday')
fechas2/train/fechas2_008502.en.wav,next thursday | next_day('thursday')
fechas2/train/fechas2_008503.en.wav,please next thursday | next_day('thursday')
fechas2/train/fechas2_008504.en.wav,in a couple of days | relative_day(+2)
fechas2/train/fechas2_008505.en.wav,next friday | next_day('friday')
fechas2/train/fechas2_008506.en.wav,wednesday | next_day('wednesday')
fechas2/train/fechas2_008507.en.wav,next wednesday | next_day('wednesday')
fechas2/train/fechas2_008508.en.wav,next tuesday | next_day('tuesday')
fechas2/train/fechas2_008509.en.wav,this coming wednesday please | next_day('wednesday')
fechas2/train/fechas2_008510.en.wav,next thursday | next_day('thursday')
fechas2/train/fechas2_008511.en.wav,this wednesday | next_day('wednesday')
fechas2/train/fechas2_008512.en.wav,in three days | relative_day(+3)
fechas2/train/fechas2_008513.en.wav,next monday | next_day('monday')
fechas2/train/fechas2_008514.en.wav,next friday | next_day('friday')
fechas2/train/fechas2_008515.en.wav,this coming wednesday please | next_day('wednesday')
fechas2/train/fechas2_008516.en.wav,next friday | next_day('friday')
fechas2/train/fechas2_008517.en.wav,please this thursday | next_day('thursday')
fechas2/train/fechas2_008518.en.wav,next thursday thank you | next_day('thursday')
fechas2/train/fechas2_008519.en.wav,next monday | next_day('monday')
fechas2/train/fechas2_008520.en.wav,in a couple of days | relative_day(+2)
fechas2/train/fechas2_008521.en.wav,please in a couple of days | relative_day(+2)
fechas2/train/fechas2_008522.en.wav,this monday thank you | next_day('monday')
fechas2/train/fechas2_008523.en.wav,tomorrow please | relative_day(+1)
fechas2/train/fechas2_008524.en.wav,next wednesday thank you | next_day('wednesday')
fechas2/train/fechas2_008525.en.wav,next tuesday thank you | next_day('tuesday')
fechas2/train/fechas2_008526.en.wav,please next tuesday | next_day('tuesday')
fechas2/train/fechas2_008527.en.wav,in three days please | relative_day(+3)
fechas2/train/fechas2_008528.en.wav,this wednesday | next_day('wednesday')
fechas2/train/fechas2_008529.en.wav,next wednesday please | next_day('wednesday')
fechas2/train/fechas2_008530.en.wav,please next friday | next_day('friday')
fechas2/train/fechas2_008531.en.wav,this coming wednesday thanks | next_day('wednesday')
fechas2/train/fechas2_008532.en.wav,this friday | next_day('friday')
fechas2/train/fechas2_008533.en.wav,please in three days | relative_day(+3)
fechas2/train/fechas2_008534.en.wav,tuesday | next_day('tuesday')
fechas2/train/fechas2_008535.en.wav,this monday thank you | next_day('monday')
fechas2/train/fechas2_008536.en.wav,this coming thursday | next_day('thursday')
fechas2/train/fechas2_008537.en.wav,this coming monday | next_day('monday')
fechas2/train/fechas2_008538.en.wav,this monday | next_day('monday')
fechas2/train/fechas2_008539.en.wav,in three days please | relative_day(+3)
fechas2/train/fechas2_008540.en.wav,next friday | next_day('friday')
fechas2/train/fechas2_008541.en.wav,in a couple of days | relative_day(+2)
fechas2/train/fechas2_008542.en.wav,next monday thank you | next_day('monday')
fechas2/train/fechas2_008543.en.wav,tomorrow thank you | relative_day(+1)
fechas2/train/fechas2_008544.en.wav,this coming tuesday | next_day('tuesday')
fechas2/train/fechas2_008545.en.wav,the day after tomorrow | relative_day(+2)
fechas2/train/fechas2_008546.en.wav,in a couple of days please | relative_day(+2)
fechas2/train/fechas2_008547.en.wav,next monday | next_day('monday')
fechas2/train/fechas2_008548.en.wav,tomorrow | relative_day(+1)
fechas2/train/fechas2_008549.en.wav,next tuesday | next_day('tuesday')
fechas2/train/fechas2_008550.en.wav,in three days please | relative_day(+3)
fechas2/train/fechas2_008551.en.wav,please next friday | next_day('friday')
fechas2/train/fechas2_008552.en.wav,next monday | next_day('monday')
fechas2/train/fechas2_008553.en.wav,in three days | relative_day(+3)
fechas2/train/fechas2_008554.en.wav,monday | next_day('monday')
fechas2/train/fechas2_008555.en.wav,this coming monday please | next_day('monday')
fechas2/train/fechas2_008556.en.wav,this coming friday | next_day('friday')
fechas2/train/fechas2_008557.en.wav,this friday | next_day('friday')
fechas2/train/fechas2_008558.en.wav,please next tuesday | next_day('tuesday')
fechas2/train/fechas2_008559.en.wav,please next wednesday | next_day('wednesday')
fechas2/train/fechas2_008560.en.wav,next monday thank you | next_day('monday')
fechas2/train/fechas2_008561.en.wav,in three days | relative_day(+3)
fechas2/train/fechas2_008562.en.wav,this coming wednesday | next_day('wednesday')
fechas2/train/fechas2_008563.en.wav,this monday | next_day('monday')
fechas2/train/fechas2_008564.en.wav,this thursday thank you | next_day('thursday')
fechas2/train/fechas2_008565.en.wav,this coming thursday please | next_day('thursday')
fechas2/train/fechas2_008566.en.wav,in three days | relative_day(+3)
fechas2/train/fechas2_008567.en.wav,next tuesday | next_day('tuesday')
fechas2/train/fechas2_008568.en.wav,this coming friday | next_day('friday')
fechas2/train/fechas2_008569.en.wav,next friday | next_day('friday')
fechas2/train/fechas2_008570.en.wav,this coming thursday | next_day('thursday')
fechas2/train/fechas2_008571.en.wav,wednesday | next_day('wednesday')
fechas2/train/fechas2_008572.en.wav,next wednesday | next_day('wednesday')
fechas2/train/fechas2_008573.en.wav,in a couple of days | relative_day(+2)
fechas2/train/fechas2_008574.en.wav,next wednesday please | next_day('wednesday')
fechas2/train/fechas2_008575.en.wav,please in a couple of days | relative_day(+2)
fechas2/train/fechas2_008576.en.wav,tomorrow thank you | relative_day(+1)
fechas2/train/fechas2_008577.en.wav,in three days thanks | relative_day(+3)
fechas2/train/fechas2_008578.en.wav,in three days thanks | relative_day(+3)
fechas2/train/fechas2_008579.en.wav,please next wednesday | next_day('wednesday')
fechas2/train/fechas2_008580.en.wav,please next wednesday | next_day('wednesday')
fechas2/train/fechas2_008581.en.wav,on monday please | next_day('monday')
fechas2/train/fechas2_008582.en.wav,next monday | next_day('monday')
fechas2/train/fechas2_008583.en.wav,next thursday please | next_day('thursday')
fechas2/train/fechas2_008584.en.wav,next wednesday | next_day('wednesday')
fechas2/train/fechas2_008585.en.wav,please on thursday | next_day('thursday')
fechas2/train/fechas2_008586.en.wav,this coming wednesday | next_day('wednesday')
fechas2/train/fechas2_008587.en.wav,this coming monday | next_day('monday')
fechas2/train/fechas2_008588.en.wav,next tuesday | next_day('tuesday')
fechas2/train/fechas2_008589.en.wav,thursday please | next_day('thursday')
fechas2/train/fechas2_008590.en.wav,the day after tomorrow | relative_day(+2)
fechas2/train/fechas2_008591.en.wav,this friday | next_day('friday')
fechas2/train/fechas2_008592.en.wav,next wednesday | next_day('wednesday')
fechas2/train/fechas2_008593.en.wav,next wednesday | next_day('wednesday')
fechas2/train/fechas2_008594.en.wav,the day after tomorrow | relative_day(+2)
fechas2/train/fechas2_008595.en.wav,wednesday | next_day('wednesday')
fechas2/train/fechas2_008596.en.wav,in three days | relative_day(+3)
fechas2/train/fechas2_008597.en.wav,next wednesday | next_day('wednesday')
fechas2/train/fechas2_008598.en.wav,this coming friday | next_day('friday')
fechas2/train/fechas2_008599.en.wav,next friday thank you | next_day('friday')
fechas2/train/fechas2_008600.en.wav,tomorrow | relative_day(+1)
fechas2/train/fechas2_008601.en.wav,in three days thanks | relative_day(+3)
fechas2/train/fechas2_008602.en.wav,in three days | relative_day(+3)
fechas2/train/fechas2_008603.en.wav,thursday | next_day('thursday')
fechas2/train/fechas2_008604.en.wav,next tuesday | next_day('tuesday')
fechas2/train/fechas2_008605.en.wav,next tuesday thank you | next_day('tuesday')
fechas2/train/fechas2_008606.en.wav,thursday | next_day('thursday')
fechas2/train/fechas2_008607.en.wav,next monday please | next_day('monday')
fechas2/train/fechas2_008608.en.wav,next monday | next_day('monday')
fechas2/train/fechas2_008609.en.wav,this coming wednesday | next_day('wednesday')
fechas2/train/fechas2_008610.en.wav,next wednesday thank you | next_day('wednesday')
fechas2/train/fechas2_008611.en.wav,next monday | next_day('monday')
fechas2/train/fechas2_008612.en.wav,this tuesday please | next_day('tuesday')
fechas2/train/fechas2_008613.en.wav,this tuesday thank you | next_day('tuesday')
fechas2/train/fechas2_008614.en.wav,next thursday | next_day('thursday')
fechas2/train/fechas2_008615.en.wav,this monday | next_day('monday')
fechas2/train/fechas2_008616.en.wav,the following wednesday | next_day('wednesday')
fechas2/train/fechas2_008617.en.wav,in three days | relative_day(+3)
fechas2/train/fechas2_008618.en.wav,in three days | relative_day(+3)
fechas2/train/fechas2_008619.en.wav,next friday please | next_day('friday')
fechas2/train/fechas2_008620.en.wav,this coming thursday | next_day('thursday')
fechas2/train/fechas2_008621.en.wav,next wednesday | next_day('wednesday')
fechas2/train/fechas2_008622.en.wav,next friday | next_day('friday')
fechas2/train/fechas2_008623.en.wav,this monday thank you | next_day('monday')
fechas2/train/fechas2_008624.en.wav,in a couple of days please | relative_day(+2)
fechas2/train/fechas2_008625.en.wav,next monday | next_day('monday')
fechas2/train/fechas2_008626.en.wav,this coming monday thank you | next_day('monday')
fechas2/train/fechas2_008627.en.wav,this thursday | next_day('thursday')
fechas2/train/fechas2_008628.en.wav,the day after tomorrow | relative_day(+2)
fechas2/train/fechas2_008629.en.wav,next tuesday | next_day('tuesday')
fechas2/train/fechas2_008630.en.wav,next monday please | next_day('monday')
fechas2/train/fechas2_008631.en.wav,please next wednesday | next_day('wednesday')
fechas2/train/fechas2_008632.en.wav,this coming thursday thanks | next_day('thursday')
fechas2/train/fechas2_008633.en.wav,in three days | relative_day(+3)
fechas2/train/fechas2_008634.en.wav,this coming tuesday | next_day('tuesday')
fechas2/train/fechas2_008635.en.wav,the day after tomorrow | relative_day(+2)
fechas2/train/fechas2_008636.en.wav,next wednesday please | next_day('wednesday')
fechas2/train/fechas2_008637.en.wav,please tomorrow | relative_day(+1)
fechas2/train/fechas2_008638.en.wav,please this coming friday | next_day('friday')
fechas2/train/fechas2_008639.en.wav,next tuesday please | next_day('tuesday')
fechas2/train/fechas2_008640.en.wav,this wednesday | next_day('wednesday')
fechas2/train/fechas2_008641.en.wav,in a couple of days | relative_day(+2)
fechas2/train/fechas2_008642.en.wav,this tuesday | next_day('tuesday')
fechas2/train/fechas2_008643.en.wav,please in three days | relative_day(+3)
fechas2/train/fechas2_008644.en.wav,please this coming friday | next_day('friday')
fechas2/train/fechas2_008645.en.wav,in three days please | relative_day(+3)
fechas2/train/fechas2_008646.en.wav,tomorrow thank you | relative_day(+1)
fechas2/train/fechas2_008647.en.wav,please in three days | relative_day(+3)
fechas2/train/fechas2_008648.en.wav,in a couple of days | relative_day(+2)
fechas2/train/fechas2_008649.en.wav,please next wednesday | next_day('wednesday')
fechas2/train/fechas2_008650.en.wav,wednesday | next_day('wednesday')
fechas2/train/fechas2_008651.en.wav,please tomorrow | relative_day(+1)
fechas2/train/fechas2_008652.en.wav,please in a couple of days | relative_day(+2)
fechas2/train/fechas2_008653.en.wav,this coming friday thanks | next_day('friday')
fechas2/train/fechas2_008654.en.wav,next thursday thank you | next_day('thursday')
fechas2/train/fechas2_008655.en.wav,in a couple of days | relative_day(+2)
fechas2/train/fechas2_008656.en.wav,in a couple of days | relative_day(+2)
fechas2/train/fechas2_008657.en.wav,this wednesday | next_day('wednesday')
fechas2/train/fechas2_008658.en.wav,this tuesday | next_day('tuesday')
fechas2/train/fechas2_008659.en.wav,please in a couple of days | relative_day(+2)
fechas2/train/fechas2_008660.en.wav,this tuesday | next_day('tuesday')
fechas2/train/fechas2_008661.en.wav,next friday | next_day('friday')
fechas2/train/fechas2_008662.en.wav,this thursday | next_day('thursday')
fechas2/train/fechas2_008663.en.wav,the following friday | next_day('friday')
fechas2/train/fechas2_008664.en.wav,this coming tuesday | next_day('tuesday')
fechas2/train/fechas2_008665.en.wav,this tuesday please | next_day('tuesday')
fechas2/train/fechas2_008666.en.wav,in three days | relative_day(+3)
fechas2/train/fechas2_008667.en.wav,tuesday | next_day('tuesday')
fechas2/train/fechas2_008668.en.wav,this friday | next_day('friday')
fechas2/train/fechas2_008669.en.wav,in three days | relative_day(+3)
fechas2/train/fechas2_008670.en.wav,please this thursday | next_day('thursday')
fechas2/train/fechas2_008671.en.wav,please in three days | relative_day(+3)
fechas2/train/fechas2_008672.en.wav,next wednesday | next_day('wednesday')
fechas2/train/fechas2_008673.en.wav,in a couple of days | relative_day(+2)
fechas2/train/fechas2_008674.en.wav,next friday | next_day('friday')
fechas2/train/fechas2_008675.en.wav,this friday | next_day('friday')
fechas2/train/fechas2_008676.en.wav,tuesday please | next_day('tuesday')
fechas2/train/fechas2_008677.en.wav,next wednesday please | next_day('wednesday')
fechas2/train/fechas2_008678.en.wav,this tuesday | next_day('tuesday')
fechas2/train/fechas2_008679.en.wav,this monday | next_day('monday')
fechas2/train/fechas2_008680.en.wav,this coming monday | next_day('monday')
fechas2/train/fechas2_008681.en.wav,please next monday | next_day('monday')
fechas2/train/fechas2_008682.en.wav,this tuesday | next_day('tuesday')
fechas2/train/fechas2_008683.en.wav,next tuesday | next_day('tuesday')
fechas2/train/fechas2_008684.en.wav,tuesday | next_day('tuesday')
fechas2/train/fechas2_008685.en.wav,this coming tuesday | next_day('tuesday')
fechas2/train/fechas2_008686.en.wav,this monday | next_day('monday')
fechas2/train/fechas2_008687.en.wav,this coming friday | next_day('friday')
fechas2/train/fechas2_008688.en.wav,this thursday | next_day('thursday')
fechas2/train/fechas2_008689.en.wav,the day after tomorrow thanks | relative_day(+2)
fechas2/train/fechas2_008690.en.wav,this coming friday please | next_day('friday')
fechas2/train/fechas2_008691.en.wav,please in a couple of days | relative_day(+2)
fechas2/train/fechas2_008692.en.wav,this coming monday | next_day('monday')
fechas2/train/fechas2_008693.en.wav,tomorrow | relative_day(+1)
fechas2/train/fechas2_008694.en.wav,next thursday | next_day('thursday')
fechas2/train/fechas2_008695.en.wav,this friday thank you | next_day('friday')
fechas2/train/fechas2_008696.en.wav,next monday please | next_day('monday')
fechas2/train/fechas2_008697.en.wav,next tuesday thanks | next_day('tuesday')
fechas2/train/fechas2_008698.en.wav,next wednesday thank you | next_day('wednesday')
fechas2/train/fechas2_008699.en.wav,this thursday | next_day('thursday')
fechas2/train/fechas2_008700.en.wav,in a couple of days | relative_day(+2)
fechas2/train/fechas2_008701.en.wav,this thursday please | next_day('thursday')
fechas2/train/fechas2_008702.en.wav,this coming wednesday | next_day('wednesday')
fechas2/train/fechas2_008703.en.wav,please in a couple of days | relative_day(+2)
fechas2/train/fechas2_008704.en.wav,please next monday | next_day('monday')
fechas2/train/fechas2_008705.en.wav,this coming tuesday please | next_day('tuesday')
fechas2/train/fechas2_008706.en.wav,in three days | relative_day(+3)
fechas2/train/fechas2_008707.en.wav,in three days | relative_day(+3)
fechas2/train/fechas2_008708.en.wav,in a couple of days | relative_day(+2)
fechas2/train/fechas2_008709.en.wav,this coming monday | next_day('monday')
fechas2/train/fechas2_008710.en.wav,in three days | relative_day(+3)
fechas2/train/fechas2_008711.en.wav,please tomorrow | relative_day(+1)
fechas2/train/fechas2_008712.en.wav,in three days thanks | relative_day(+3)
fechas2/train/fechas2_008713.en.wav,next friday | next_day('friday')
fechas2/train/fechas2_008714.en.wav,the day after tomorrow | relative_day(+2)
fechas2/train/fechas2_008715.en.wav,in a couple of days | relative_day(+2)
fechas2/train/fechas2_008716.en.wav,next wednesday thank you | next_day('wednesday')
fechas2/train/fechas2_008717.en.wav,next thursday please | next_day('thursday')
fechas2/train/fechas2_008718.en.wav,in a couple of days | relative_day(+2)
fechas2/train/fechas2_008719.en.wav,please this coming thursday | next_day('thursday')
fechas2/train/fechas2_008720.en.wav,friday | next_day('friday')
fechas2/train/fechas2_008721.en.wav,this coming monday | next_day('monday')
fechas2/train/fechas2_008722.en.wav,next tuesday please | next_day('tuesday')
fechas2/train/fechas2_008723.en.wav,next tuesday | next_day('tuesday')
fechas2/train/fechas2_008724.en.wav,this coming thursday | next_day('thursday')
fechas2/train/fechas2_008725.en.wav,next wednesday | next_day('wednesday')
fechas2/train/fechas2_008726.en.wav,this coming tuesday | next_day('tuesday')
fechas2/train/fechas2_008727.en.wav,the following thursday | next_day('thursday')
fechas2/train/fechas2_008728.en.wav,next thursday please | next_day('thursday')
fechas2/train/fechas2_008729.en.wav,please this coming monday | next_day('monday')
fechas2/train/fechas2_008730.en.wav,tuesday | next_day('tuesday')
fechas2/train/fechas2_008731.en.wav,next tuesday thanks | next_day('tuesday')
fechas2/train/fechas2_008732.en.wav,next wednesday | next_day('wednesday')
fechas2/train/fechas2_008733.en.wav,please this coming thursday | next_day('thursday')
fechas2/train/fechas2_008734.en.wav,in three days thanks | relative_day(+3)
fechas2/train/fechas2_008735.en.wav,next thursday | next_day('thursday')
fechas2/train/fechas2_008736.en.wav,please next thursday | next_day('thursday')
fechas2/train/fechas2_008737.en.wav,next wednesday thank you | next_day('wednesday')
fechas2/train/fechas2_008738.en.wav,next friday | next_day('friday')
fechas2/train/fechas2_008739.en.wav,in three days | relative_day(+3)
fechas2/train/fechas2_008740.en.wav,this coming friday | next_day('friday')
fechas2/train/fechas2_008741.en.wav,in three days | relative_day(+3)
fechas2/train/fechas2_008742.en.wav,thursday thank you | next_day('thursday')
fechas2/train/fechas2_008743.en.wav,next thursday thank you | next_day('thursday')
fechas2/train/fechas2_008744.en.wav,next thursday thank you | next_day('thursday')
fechas2/train/fechas2_008745.en.wav,this coming monday | next_day('monday')
fechas2/train/fechas2_008746.en.wav,next monday | next_day('monday')
fechas2/train/fechas2_008747.en.wav,please this tuesday | next_day('tuesday')
fechas2/train/fechas2_008748.en.wav,next wednesday | next_day('wednesday')
fechas2/train/fechas2_008749.en.wav,the day after tomorrow thanks | relative_day(+2)
fechas2/train/fechas2_008750.en.wav,please next thursday | next_day('thursday')
fechas2/train/fechas2_008751.en.wav,next monday | next_day('monday')
fechas2/train/fechas2_008752.en.wav,friday | next_day('friday')
fechas2/train/fechas2_008753.en.wav,the day after tomorrow | relative_day(+2)
fechas2/train/fechas2_008754.en.wav,monday | next_day('monday')
fechas2/train/fechas2_008755.en.wav,friday | next_day('friday')
fechas2/train/fechas2_008756.en.wav,please next tuesday | next_day('tuesday')
fechas2/train/fechas2_008757.en.wav,next wednesday | next_day('wednesday')
fechas2/train/fechas2_008758.en.wav,next tuesday | next_day('tuesday')
fechas2/train/fechas2_008759.en.wav,please on friday | next_day('friday')
fechas2/train/fechas2_008760.en.wav,this wednesday | next_day('wednesday')
fechas2/train/fechas2_008761.en.wav,please on friday | next_day('friday')
fechas2/train/fechas2_008762.en.wav,please this wednesday | next_day('wednesday')
fechas2/train/fechas2_008763.en.wav,please on thursday | next_day('thursday')
fechas2/train/fechas2_008764.en.wav,this thursday | next_day('thursday')
fechas2/train/fechas2_008765.en.wav,monday | next_day('monday')
fechas2/train/fechas2_008766.en.wav,please this thursday | next_day('thursday')
fechas2/train/fechas2_008767.en.wav,this coming tuesday | next_day('tuesday')
fechas2/train/fechas2_008768.en.wav,next wednesday thank you | next_day('wednesday')
fechas2/train/fechas2_008769.en.wav,next wednesday | next_day('wednesday')
fechas2/train/fechas2_008770.en.wav,friday please | next_day('friday')
fechas2/train/fechas2_008771.en.wav,next wednesday | next_day('wednesday')
fechas2/train/fechas2_008772.en.wav,thursday please | next_day('thursday')
fechas2/train/fechas2_008773.en.wav,please next monday | next_day('monday')
fechas2/train/fechas2_008774.en.wav,this monday | next_day('monday')
fechas2/train/fechas2_008775.en.wav,this coming wednesday | next_day('wednesday')
fechas2/train/fechas2_008776.en.wav,this coming monday | next_day('monday')
fechas2/train/fechas2_008777.en.wav,next wednesday thank you | next_day('wednesday')
fechas2/train/fechas2_008778.en.wav,next friday | next_day('friday')
fechas2/train/fechas2_008779.en.wav,in three days thanks | relative_day(+3)
fechas2/train/fechas2_008780.en.wav,in three days thanks | relative_day(+3)
fechas2/train/fechas2_008781.en.wav,in three days please | relative_day(+3)
fechas2/train/fechas2_008782.en.wav,next monday | next_day('monday')
fechas2/train/fechas2_008783.en.wav,this monday | next_day('monday')
fechas2/train/fechas2_008784.en.wav,next thursday | next_day('thursday')
fechas2/train/fechas2_008785.en.wav,the day after tomorrow | relative_day(+2)
fechas2/train/fechas2_008786.en.wav,in a couple of days | relative_day(+2)
fechas2/train/fechas2_008787.en.wav,next tuesday | next_day('tuesday')
fechas2/train/fechas2_008788.en.wav,tuesday please | next_day('tuesday')
fechas2/train/fechas2_008789.en.wav,friday | next_day('friday')
fechas2/train/fechas2_008790.en.wav,next wednesday please | next_day('wednesday')
fechas2/train/fechas2_008791.en.wav,next friday please | next_day('friday')
fechas2/train/fechas2_008792.en.wav,next tuesday | next_day('tuesday')
fechas2/train/fechas2_008793.en.wav,in a couple of days | relative_day(+2)
fechas2/train/fechas2_008794.en.wav,please this coming monday | next_day('monday')
fechas2/train/fechas2_008795.en.wav,next wednesday | next_day('wednesday')
fechas2/train/fechas2_008796.en.wav,please next tuesday | next_day('tuesday')
fechas2/train/fechas2_008797.en.wav,in a couple of days | relative_day(+2)
fechas2/train/fechas2_008798.en.wav,in a couple of days | relative_day(+2)
fechas2/train/fechas2_008799.en.wav,friday | next_day('friday')
fechas2/train/fechas2_008800.en.wav,wednesday please | next_day('wednesday')
fechas2/train/fechas2_008801.en.wav,please this coming monday | next_day('monday')
fechas2/train/fechas2_008802.en.wav,the day after tomorrow | relative_day(+2)
fechas2/train/fechas2_008803.en.wav,next monday | next_day('monday')
fechas2/train/fechas2_008804.en.wav,please this coming tuesday | next_day('tuesday')
fechas2/train/fechas2_008805.en.wav,next wednesday please | next_day('wednesday')
fechas2/train/fechas2_008806.en.wav,next wednesday | next_day('wednesday')
fechas2/train/fechas2_008807.en.wav,next wednesday thank you | next_day('wednesday')
fechas2/train/fechas2_008808.en.wav,friday thank you | next_day('friday')
fechas2/train/fechas2_008809.en.wav,this coming wednesday | next_day('wednesday')
fechas2/train/fechas2_008810.en.wav,wednesday | next_day('wednesday')
fechas2/train/fechas2_008811.en.wav,this friday | next_day('friday')
fechas2/train/fechas2_008812.en.wav,in a couple of days please | relative_day(+2)
fechas2/train/fechas2_008813.en.wav,next friday | next_day('friday')
fechas2/train/fechas2_008814.en.wav,please on monday | next_day('monday')
fechas2/train/fechas2_008815.en.wav,this thursday | next_day('thursday')
fechas2/train/fechas2_008816.en.wav,please this friday | next_day('friday')
fechas2/train/fechas2_008817.en.wav,please in three days | relative_day(+3)
fechas2/train/fechas2_008818.en.wav,please next wednesday | next_day('wednesday')
fechas2/train/fechas2_008819.en.wav,next tuesday | next_day('tuesday')
fechas2/train/fechas2_008820.en.wav,this friday | next_day('friday')
fechas2/train/fechas2_008821.en.wav,this coming thursday please | next_day('thursday')
fechas2/train/fechas2_008822.en.wav,this coming friday | next_day('friday')
fechas2/train/fechas2_008823.en.wav,next wednesday thanks | next_day('wednesday')
fechas2/train/fechas2_008824.en.wav,in three days please | relative_day(+3)
fechas2/train/fechas2_008825.en.wav,next tuesday | next_day('tuesday')
fechas2/train/fechas2_008826.en.wav,please next thursday | next_day('thursday')
fechas2/train/fechas2_008827.en.wav,this monday | next_day('monday')
fechas2/train/fechas2_008828.en.wav,next tuesday | next_day('tuesday')
fechas2/train/fechas2_008829.en.wav,next tuesday | next_day('tuesday')
fechas2/train/fechas2_008830.en.wav,in a couple of days | relative_day(+2)
fechas2/train/fechas2_008831.en.wav,next tuesday | next_day('tuesday')
fechas2/train/fechas2_008832.en.wav,this coming wednesday | next_day('wednesday')
fechas2/train/fechas2_008833.en.wav,tomorrow please | relative_day(+1)
fechas2/train/fechas2_008834.en.wav,please next thursday | next_day('thursday')
fechas2/train/fechas2_008835.en.wav,next tuesday | next_day('tuesday')
fechas2/train/fechas2_008836.en.wav,in a couple of days please | relative_day(+2)
fechas2/train/fechas2_008837.en.wav,in three days | relative_day(+3)
fechas2/train/fechas2_008838.en.wav,in a couple of days | relative_day(+2)
fechas2/train/fechas2_008839.en.wav,next friday | next_day('friday')
fechas2/train/fechas2_008840.en.wav,please tomorrow | relative_day(+1)
fechas2/train/fechas2_008841.en.wav,tuesday please | next_day('tuesday')
fechas2/train/fechas2_008842.en.wav,next monday | next_day('monday')
fechas2/train/fechas2_008843.en.wav,please tomorrow | relative_day(+1)
fechas2/train/fechas2_008844.en.wav,please this monday | next_day('monday')
fechas2/train/fechas2_008845.en.wav,this coming thursday | next_day('thursday')
fechas2/train/fechas2_008846.en.wav,next friday | next_day('friday')
fechas2/train/fechas2_008847.en.wav,next monday | next_day('monday')
fechas2/train/fechas2_008848.en.wav,next friday | next_day('friday')
fechas2/train/fechas2_008849.en.wav,please this thursday | next_day('thursday')
fechas2/train/fechas2_008850.en.wav,please this coming wednesday | next_day('wednesday')
fechas2/train/fechas2_008851.en.wav,in a couple of days please | relative_day(+2)
fechas2/train/fechas2_008852.en.wav,the day after tomorrow please | relative_day(+2)
fechas2/train/fechas2_008853.en.wav,the following tuesday | next_day('tuesday')
fechas2/train/fechas2_008854.en.wav,friday | next_day('friday')
fechas2/train/fechas2_008855.en.wav,next thursday | next_day('thursday')
fechas2/train/fechas2_008856.en.wav,next tuesday thank you | next_day('tuesday')
fechas2/train/fechas2_008857.en.wav,wednesday | next_day('wednesday')
fechas2/train/fechas2_008858.en.wav,the day after tomorrow | relative_day(+2)
fechas2/train/fechas2_008859.en.wav,this coming thursday | next_day('thursday')
fechas2/train/fechas2_008860.en.wav,this tuesday please | next_day('tuesday')
fechas2/train/fechas2_008861.en.wav,next thursday please | next_day('thursday')
fechas2/train/fechas2_008862.en.wav,this coming monday please | next_day('monday')
fechas2/train/fechas2_008863.en.wav,in three days | relative_day(+3)
fechas2/train/fechas2_008864.en.wav,this coming thursday thanks | next_day('thursday')
fechas2/train/fechas2_008865.en.wav,next thursday | next_day('thursday')
fechas2/train/fechas2_008866.en.wav,next monday | next_day('monday')
fechas2/train/fechas2_008867.en.wav,next monday | next_day('monday')
fechas2/train/fechas2_008868.en.wav,next thursday | next_day('thursday')
fechas2/train/fechas2_008869.en.wav,the following monday | next_day('monday')
fechas2/train/fechas2_008870.en.wav,in three days | relative_day(+3)
fechas2/train/fechas2_008871.en.wav,monday | next_day('monday')
fechas2/train/fechas2_008872.en.wav,next friday | next_day('friday')
fechas2/train/fechas2_008873.en.wav,this coming tuesday please | next_day('tuesday')
fechas2/train/fechas2_008874.en.wav,in three days thanks | relative_day(+3)
fechas2/train/fechas2_008875.en.wav,next monday | next_day('monday')
fechas2/train/fechas2_008876.en.wav,this tuesday | next_day('tuesday')
fechas2/train/fechas2_008877.en.wav,in a couple of days | relative_day(+2)
fechas2/train/fechas2_008878.en.wav,this tuesday | next_day('tuesday')
fechas2/train/fechas2_008879.en.wav,please in three days | relative_day(+3)
fechas2/train/fechas2_008880.en.wav,this wednesday please | next_day('wednesday')
fechas2/train/fechas2_008881.en.wav,next friday | next_day('friday')
fechas2/train/fechas2_008882.en.wav,next thursday | next_day('thursday')
fechas2/train/fechas2_008883.en.wav,this coming wednesday | next_day('wednesday')
fechas2/train/fechas2_008884.en.wav,the day after tomorrow thanks | relative_day(+2)
fechas2/train/fechas2_008885.en.wav,next tuesday thank you | next_day('tuesday')
fechas2/train/fechas2_008886.en.wav,next tuesday | next_day('tuesday')
fechas2/train/fechas2_008887.en.wav,this tuesday please | next_day('tuesday')
fechas2/train/fechas2_008888.en.wav,in a couple of days please | relative_day(+2)
fechas2/train/fechas2_008889.en.wav,please tomorrow | relative_day(+1)
fechas2/train/fechas2_008890.en.wav,in three days | relative_day(+3)
fechas2/train/fechas2_008891.en.wav,please this coming friday | next_day('friday')
fechas2/train/fechas2_008892.en.wav,in a couple of days | relative_day(+2)
fechas2/train/fechas2_008893.en.wav,this coming wednesday | next_day('wednesday')
fechas2/train/fechas2_008894.en.wav,this coming tuesday thank you | next_day('tuesday')
fechas2/train/fechas2_008895.en.wav,this tuesday | next_day('tuesday')
fechas2/train/fechas2_008896.en.wav,please tomorrow | relative_day(+1)
fechas2/train/fechas2_008897.en.wav,this coming wednesday | next_day('wednesday')
fechas2/train/fechas2_008898.en.wav,wednesday | next_day('wednesday')
fechas2/train/fechas2_008899.en.wav,next friday | next_day('friday')
fechas2/train/fechas2_008900.en.wav,next wednesday | next_day('wednesday')
fechas2/train/fechas2_008901.en.wav,please this tuesday | next_day('tuesday')
fechas2/train/fechas2_008902.en.wav,this coming thursday | next_day('thursday')
fechas2/train/fechas2_008903.en.wav,please next tuesday | next_day('tuesday')
fechas2/train/fechas2_008904.en.wav,tuesday | next_day('tuesday')
fechas2/train/fechas2_008905.en.wav,tomorrow | relative_day(+1)
fechas2/train/fechas2_008906.en.wav,this coming thursday | next_day('thursday')
fechas2/train/fechas2_008907.en.wav,next tuesday | next_day('tuesday')
fechas2/train/fechas2_008908.en.wav,this thursday thank you | next_day('thursday')
fechas2/train/fechas2_008909.en.wav,please in three days | relative_day(+3)
fechas2/train/fechas2_008910.en.wav,the day after tomorrow thanks | relative_day(+2)
fechas2/train/fechas2_008911.en.wav,in a couple of days | relative_day(+2)
fechas2/train/fechas2_008912.en.wav,this thursday | next_day('thursday')
fechas2/train/fechas2_008913.en.wav,next friday | next_day('friday')
fechas2/train/fechas2_008914.en.wav,in a couple of days please | relative_day(+2)
fechas2/train/fechas2_008915.en.wav,this monday | next_day('monday')
fechas2/train/fechas2_008916.en.wav,this thursday | next_day('thursday')
fechas2/train/fechas2_008917.en.wav,on monday please | next_day('monday')
fechas2/train/fechas2_008918.en.wav,next tuesday | next_day('tuesday')
fechas2/train/fechas2_008919.en.wav,in three days | relative_day(+3)
fechas2/train/fechas2_008920.en.wav,this friday | next_day('friday')
fechas2/train/fechas2_008921.en.wav,monday | next_day('monday')
fechas2/train/fechas2_008922.en.wav,next friday | next_day('friday')
fechas2/train/fechas2_008923.en.wav,in a couple of days thanks | relative_day(+2)
fechas2/train/fechas2_008924.en.wav,next thursday | next_day('thursday')
fechas2/train/fechas2_008925.en.wav,next friday | next_day('friday')
fechas2/train/fechas2_008926.en.wav,please next thursday | next_day('thursday')
fechas2/train/fechas2_008927.en.wav,this coming thursday | next_day('thursday')
fechas2/train/fechas2_008928.en.wav,please next monday | next_day('monday')
fechas2/train/fechas2_008929.en.wav,next monday | next_day('monday')
fechas2/train/fechas2_008930.en.wav,tuesday please | next_day('tuesday')
fechas2/train/fechas2_008931.en.wav,in a couple of days thanks | relative_day(+2)
fechas2/train/fechas2_008932.en.wav,the day after tomorrow | relative_day(+2)
fechas2/train/fechas2_008933.en.wav,next tuesday please | next_day('tuesday')
fechas2/train/fechas2_008934.en.wav,in a couple of days thanks | relative_day(+2)
fechas2/train/fechas2_008935.en.wav,please next wednesday | next_day('wednesday')
fechas2/train/fechas2_008936.en.wav,please this thursday | next_day('thursday')
fechas2/train/fechas2_008937.en.wav,next friday | next_day('friday')
fechas2/train/fechas2_008938.en.wav,in three days | relative_day(+3)
fechas2/train/fechas2_008939.en.wav,next friday | next_day('friday')
fechas2/train/fechas2_008940.en.wav,the following thursday | next_day('thursday')
fechas2/train/fechas2_008941.en.wav,this coming friday | next_day('friday')
fechas2/train/fechas2_008942.en.wav,this coming monday | next_day('monday')
fechas2/train/fechas2_008943.en.wav,this thursday | next_day('thursday')
fechas2/train/fechas2_008944.en.wav,in a couple of days | relative_day(+2)
fechas2/train/fechas2_008945.en.wav,the following thursday | next_day('thursday')
fechas2/train/fechas2_008946.en.wav,next wednesday please | next_day('wednesday')
fechas2/train/fechas2_008947.en.wav,tomorrow | relative_day(+1)
fechas2/train/fechas2_008948.en.wav,please tomorrow | relative_day(+1)
fechas2/train/fechas2_008949.en.wav,please next tuesday | next_day('tuesday')
fechas2/train/fechas2_008950.en.wav,friday | next_day('friday')
fechas2/train/fechas2_008951.en.wav,please next friday | next_day('friday')
fechas2/train/fechas2_008952.en.wav,next tuesday please | next_day('tuesday')
fechas2/train/fechas2_008953.en.wav,next wednesday | next_day('wednesday')
fechas2/train/fechas2_008954.en.wav,this friday please | next_day('friday')
fechas2/train/fechas2_008955.en.wav,tomorrow | relative_day(+1)
fechas2/train/fechas2_008956.en.wav,wednesday thank you | next_day('wednesday')
fechas2/train/fechas2_008957.en.wav,this friday | next_day('friday')
fechas2/train/fechas2_008958.en.wav,wednesday | next_day('wednesday')
fechas2/train/fechas2_008959.en.wav,tomorrow | relative_day(+1)
fechas2/train/fechas2_008960.en.wav,next monday | next_day('monday')
fechas2/train/fechas2_008961.en.wav,wednesday | next_day('wednesday')
fechas2/train/fechas2_008962.en.wav,friday thank you | next_day('friday')
fechas2/train/fechas2_008963.en.wav,this thursday | next_day('thursday')
fechas2/train/fechas2_008964.en.wav,next thursday thank you | next_day('thursday')
fechas2/train/fechas2_008965.en.wav,the following monday | next_day('monday')
fechas2/train/fechas2_008966.en.wav,this monday | next_day('monday')
fechas2/train/fechas2_008967.en.wav,in three days thanks | relative_day(+3)
fechas2/train/fechas2_008968.en.wav,next thursday please | next_day('thursday')
fechas2/train/fechas2_008969.en.wav,in three days | relative_day(+3)
fechas2/train/fechas2_008970.en.wav,thursday | next_day('thursday')
fechas2/train/fechas2_008971.en.wav,this thursday | next_day('thursday')
fechas2/train/fechas2_008972.en.wav,next thursday | next_day('thursday')
fechas2/train/fechas2_008973.en.wav,next tuesday | next_day('tuesday')
fechas2/train/fechas2_008974.en.wav,this coming wednesday | next_day('wednesday')
fechas2/train/fechas2_008975.en.wav,in three days | relative_day(+3)
fechas2/train/fechas2_008976.en.wav,please next thursday | next_day('thursday')
fechas2/train/fechas2_008977.en.wav,please in a couple of days | relative_day(+2)
fechas2/train/fechas2_008978.en.wav,the day after tomorrow | relative_day(+2)
fechas2/train/fechas2_008979.en.wav,next friday | next_day('friday')
fechas2/train/fechas2_008980.en.wav,next thursday | next_day('thursday')
fechas2/train/fechas2_008981.en.wav,thursday | next_day('thursday')
fechas2/train/fechas2_008982.en.wav,this friday | next_day('friday')
fechas2/train/fechas2_008983.en.wav,in a couple of days | relative_day(+2)
fechas2/train/fechas2_008984.en.wav,next monday | next_day('monday')
fechas2/train/fechas2_008985.en.wav,wednesday | next_day('wednesday')
fechas2/train/fechas2_008986.en.wav,next wednesday please | next_day('wednesday')
fechas2/train/fechas2_008987.en.wav,in a couple of days | relative_day(+2)
fechas2/train/fechas2_008988.en.wav,the day after tomorrow | relative_day(+2)
fechas2/train/fechas2_008989.en.wav,next friday | next_day('friday')
fechas2/train/fechas2_008990.en.wav,please on monday | next_day('monday')
fechas2/train/fechas2_008991.en.wav,next tuesday | next_day('tuesday')
fechas2/train/fechas2_008992.en.wav,in a couple of days | relative_day(+2)
fechas2/train/fechas2_008993.en.wav,please this coming tuesday | next_day('tuesday')
fechas2/train/fechas2_008994.en.wav,next friday | next_day('friday')
fechas2/train/fechas2_008995.en.wav,next monday please | next_day('monday')
fechas2/train/fechas2_008996.en.wav,tomorrow | relative_day(+1)
fechas2/train/fechas2_008997.en.wav,in three days | relative_day(+3)
fechas2/train/fechas2_008998.en.wav,tomorrow | relative_day(+1)
fechas2/train/fechas2_008999.en.wav,please this wednesday | next_day('wednesday')
fechas2/train/fechas2_009000.en.wav,the following monday thanks | next_day('monday')
fechas2/train/fechas2_009001.en.wav,this thursday thank you | next_day('thursday')
fechas2/train/fechas2_009002.en.wav,the following friday | next_day('friday')
fechas2/train/fechas2_009003.en.wav,next tuesday | next_day('tuesday')
fechas2/train/fechas2_009004.en.wav,next wednesday | next_day('wednesday')
fechas2/train/fechas2_009005.en.wav,in a couple of days please | relative_day(+2)
fechas2/train/fechas2_009006.en.wav,this coming friday | next_day('friday')
fechas2/train/fechas2_009007.en.wav,please this tuesday | next_day('tuesday')
fechas2/train/fechas2_009008.en.wav,please next wednesday | next_day('wednesday')
fechas2/train/fechas2_009009.en.wav,this thursday | next_day('thursday')
fechas2/train/fechas2_009010.en.wav,in three days please | relative_day(+3)
fechas2/train/fechas2_009011.en.wav,thursday | next_day('thursday')
fechas2/train/fechas2_009012.en.wav,next thursday | next_day('thursday')
fechas2/train/fechas2_009013.en.wav,tomorrow | relative_day(+1)
fechas2/train/fechas2_009014.en.wav,this wednesday | next_day('wednesday')
fechas2/train/fechas2_009015.en.wav,in three days | relative_day(+3)
fechas2/train/fechas2_009016.en.wav,in a couple of days thanks | relative_day(+2)
fechas2/train/fechas2_009017.en.wav,in a couple of days | relative_day(+2)
fechas2/train/fechas2_009018.en.wav,in a couple of days | relative_day(+2)
fechas2/train/fechas2_009019.en.wav,the day after tomorrow thanks | relative_day(+2)
fechas2/train/fechas2_009020.en.wav,next thursday please | next_day('thursday')
fechas2/train/fechas2_009021.en.wav,next wednesday | next_day('wednesday')
fechas2/train/fechas2_009022.en.wav,next friday | next_day('friday')
fechas2/train/fechas2_009023.en.wav,please next friday | next_day('friday')
fechas2/train/fechas2_009024.en.wav,next friday | next_day('friday')
fechas2/train/fechas2_009025.en.wav,next wednesday please | next_day('wednesday')
fechas2/train/fechas2_009026.en.wav,next thursday | next_day('thursday')
fechas2/train/fechas2_009027.en.wav,please in a couple of days | relative_day(+2)
fechas2/train/fechas2_009028.en.wav,next wednesday | next_day('wednesday')
fechas2/train/fechas2_009029.en.wav,next thursday | next_day('thursday')
fechas2/train/fechas2_009030.en.wav,friday | next_day('friday')
fechas2/train/fechas2_009031.en.wav,next friday | next_day('friday')
fechas2/train/fechas2_009032.en.wav,please next thursday | next_day('thursday')
fechas2/train/fechas2_009033.en.wav,in three days | relative_day(+3)
fechas2/train/fechas2_009034.en.wav,next monday | next_day('monday')
fechas2/train/fechas2_009035.en.wav,next tuesday | next_day('tuesday')
fechas2/train/fechas2_009036.en.wav,tuesday | next_day('tuesday')
fechas2/train/fechas2_009037.en.wav,please next wednesday | next_day('wednesday')
fechas2/train/fechas2_009038.en.wav,this coming tuesday | next_day('tuesday')
fechas2/train/fechas2_009039.en.wav,in three days thanks | relative_day(+3)
fechas2/train/fechas2_009040.en.wav,next tuesday please | next_day('tuesday')
fechas2/train/fechas2_009041.en.wav,the day after tomorrow please | relative_day(+2)
fechas2/train/fechas2_009042.en.wav,this monday | next_day('monday')
fechas2/train/fechas2_009043.en.wav,in a couple of days thanks | relative_day(+2)
fechas2/train/fechas2_009044.en.wav,please tomorrow | relative_day(+1)
fechas2/train/fechas2_009045.en.wav,please next monday | next_day('monday')
fechas2/train/fechas2_009046.en.wav,next tuesday | next_day('tuesday')
fechas2/train/fechas2_009047.en.wav,in three days | relative_day(+3)
fechas2/train/fechas2_009048.en.wav,monday | next_day('monday')
fechas2/train/fechas2_009049.en.wav,next tuesday | next_day('tuesday')
fechas2/train/fechas2_009050.en.wav,next thursday | next_day('thursday')
fechas2/train/fechas2_009051.en.wav,in three days | relative_day(+3)
fechas2/train/fechas2_009052.en.wav,please next wednesday | next_day('wednesday')
fechas2/train/fechas2_009053.en.wav,thursday | next_day('thursday')
fechas2/train/fechas2_009054.en.wav,this tuesday | next_day('tuesday')
fechas2/train/fechas2_009055.en.wav,next wednesday thank you | next_day('wednesday')
fechas2/train/fechas2_009056.en.wav,next thursday | next_day('thursday')
fechas2/train/fechas2_009057.en.wav,this monday | next_day('monday')
fechas2/train/fechas2_009058.en.wav,this coming monday | next_day('monday')
fechas2/train/fechas2_009059.en.wav,next wednesday | next_day('wednesday')
fechas2/train/fechas2_009060.en.wav,next thursday | next_day('thursday')
fechas2/train/fechas2_009061.en.wav,this coming thursday thanks | next_day('thursday')
fechas2/train/fechas2_009062.en.wav,thursday | next_day('thursday')
fechas2/train/fechas2_009063.en.wav,next tuesday please | next_day('tuesday')
fechas2/train/fechas2_009064.en.wav,the following thursday | next_day('thursday')
fechas2/train/fechas2_009065.en.wav,wednesday please | next_day('wednesday')
fechas2/train/fechas2_009066.en.wav,this coming thursday | next_day('thursday')
fechas2/train/fechas2_009067.en.wav,next friday | next_day('friday')
fechas2/train/fechas2_009068.en.wav,next tuesday please | next_day('tuesday')
fechas2/train/fechas2_009069.en.wav,this coming friday | next_day('friday')
fechas2/train/fechas2_009070.en.wav,in three days | relative_day(+3)
fechas2/train/fechas2_009071.en.wav,next thursday please | next_day('thursday')
fechas2/train/fechas2_009072.en.wav,next friday | next_day('friday')
fechas2/train/fechas2_009073.en.wav,next friday | next_day('friday')
fechas2/train/fechas2_009074.en.wav,please next monday | next_day('monday')
fechas2/train/fechas2_009075.en.wav,please this coming wednesday | next_day('wednesday')
fechas2/train/fechas2_009076.en.wav,please this coming friday | next_day('friday')
fechas2/train/fechas2_009077.en.wav,in three days please | relative_day(+3)
fechas2/train/fechas2_009078.en.wav,next thursday | next_day('thursday')
fechas2/train/fechas2_009079.en.wav,next friday | next_day('friday')
fechas2/train/fechas2_009080.en.wav,in a couple of days | relative_day(+2)
fechas2/train/fechas2_009081.en.wav,in three days thanks | relative_day(+3)
fechas2/train/fechas2_009082.en.wav,the following friday | next_day('friday')
fechas2/train/fechas2_009083.en.wav,tuesday | next_day('tuesday')
fechas2/train/fechas2_009084.en.wav,this friday | next_day('friday')
fechas2/train/fechas2_009085.en.wav,tomorrow please | relative_day(+1)
fechas2/train/fechas2_009086.en.wav,this coming thursday | next_day('thursday')
fechas2/train/fechas2_009087.en.wav,next tuesday | next_day('tuesday')
fechas2/train/fechas2_009088.en.wav,next monday please | next_day('monday')
fechas2/train/fechas2_009089.en.wav,next wednesday | next_day('wednesday')
fechas2/train/fechas2_009090.en.wav,next thursday | next_day('thursday')
fechas2/train/fechas2_009091.en.wav,in three days | relative_day(+3)
fechas2/train/fechas2_009092.en.wav,wednesday | next_day('wednesday')
fechas2/train/fechas2_009093.en.wav,next thursday | next_day('thursday')
fechas2/train/fechas2_009094.en.wav,tomorrow | relative_day(+1)
fechas2/train/fechas2_009095.en.wav,next monday | next_day('monday')
fechas2/train/fechas2_009096.en.wav,next wednesday | next_day('wednesday')
fechas2/train/fechas2_009097.en.wav,this coming monday | next_day('monday')
fechas2/train/fechas2_009098.en.wav,tuesday | next_day('tuesday')
fechas2/train/fechas2_009099.en.wav,this wednesday thank you | next_day('wednesday')
fechas2/train/fechas2_009100.en.wav,monday | next_day('monday')
fechas2/train/fechas2_009101.en.wav,the following wednesday | next_day('wednesday')
fechas2/train/fechas2_009102.en.wav,this coming wednesday | next_day('wednesday')
fechas2/train/fechas2_009103.en.wav,tomorrow | relative_day(+1)
fechas2/train/fechas2_009104.en.wav,please next wednesday | next_day('wednesday')
fechas2/train/fechas2_009105.en.wav,next wednesday please | next_day('wednesday')
fechas2/train/fechas2_009106.en.wav,next friday please | next_day('friday')
fechas2/train/fechas2_009107.en.wav,in three days | relative_day(+3)
fechas2/train/fechas2_009108.en.wav,this monday please | next_day('monday')
fechas2/train/fechas2_009109.en.wav,please this monday | next_day('monday')
fechas2/train/fechas2_009110.en.wav,next monday | next_day('monday')
fechas2/train/fechas2_009111.en.wav,please this monday | next_day('monday')
fechas2/train/fechas2_009112.en.wav,please on thursday | next_day('thursday')
fechas2/train/fechas2_009113.en.wav,please next wednesday | next_day('wednesday')
fechas2/train/fechas2_009114.en.wav,next friday | next_day('friday')
fechas2/train/fechas2_009115.en.wav,wednesday | next_day('wednesday')
fechas2/train/fechas2_009116.en.wav,in three days | relative_day(+3)
fechas2/train/fechas2_009117.en.wav,please next thursday | next_day('thursday')
fechas2/train/fechas2_009118.en.wav,this coming friday | next_day('friday')
fechas2/train/fechas2_009119.en.wav,wednesday | next_day('wednesday')
fechas2/train/fechas2_009120.en.wav,wednesday | next_day('wednesday')
fechas2/train/fechas2_009121.en.wav,wednesday | next_day('wednesday')
fechas2/train/fechas2_009122.en.wav,this monday please | next_day('monday')
fechas2/train/fechas2_009123.en.wav,next thursday please | next_day('thursday')
fechas2/train/fechas2_009124.en.wav,this friday thank you | next_day('friday')
fechas2/train/fechas2_009125.en.wav,the day after tomorrow | relative_day(+2)
fechas2/train/fechas2_009126.en.wav,this wednesday | next_day('wednesday')
fechas2/train/fechas2_009127.en.wav,in a couple of days | relative_day(+2)
fechas2/train/fechas2_009128.en.wav,this tuesday | next_day('tuesday')
fechas2/train/fechas2_009129.en.wav,in a couple of days thanks | relative_day(+2)
fechas2/train/fechas2_009130.en.wav,this coming wednesday | next_day('wednesday')
fechas2/train/fechas2_009131.en.wav,this wednesday please | next_day('wednesday')
fechas2/train/fechas2_009132.en.wav,this friday please | next_day('friday')
fechas2/train/fechas2_009133.en.wav,next wednesday please | next_day('wednesday')
fechas2/train/fechas2_009134.en.wav,this wednesday | next_day('wednesday')
fechas2/train/fechas2_009135.en.wav,next monday thank you | next_day('monday')
fechas2/train/fechas2_009136.en.wav,this coming tuesday | next_day('tuesday')
fechas2/train/fechas2_009137.en.wav,next friday thanks | next_day('friday')
fechas2/train/fechas2_009138.en.wav,next wednesday | next_day('wednesday')
fechas2/train/fechas2_009139.en.wav,this coming friday | next_day('friday')
fechas2/train/fechas2_009140.en.wav,this coming wednesday | next_day('wednesday')
fechas2/train/fechas2_009141.en.wav,this friday | next_day('friday')
fechas2/train/fechas2_009142.en.wav,in a couple of days thanks | relative_day(+2)
fechas2/train/fechas2_009143.en.wav,next friday please | next_day('friday')
fechas2/train/fechas2_009144.en.wav,please next wednesday | next_day('wednesday')
fechas2/train/fechas2_009145.en.wav,this monday | next_day('monday')
fechas2/train/fechas2_009146.en.wav,this coming tuesday | next_day('tuesday')
fechas2/train/fechas2_009147.en.wav,tomorrow | relative_day(+1)
fechas2/train/fechas2_009148.en.wav,please next thursday | next_day('thursday')
fechas2/train/fechas2_009149.en.wav,next thursday thank you | next_day('thursday')
fechas2/train/fechas2_009150.en.wav,next thursday thank you | next_day('thursday')
fechas2/train/fechas2_009151.en.wav,the following monday thanks | next_day('monday')
fechas2/train/fechas2_009152.en.wav,monday | next_day('monday')
fechas2/train/fechas2_009153.en.wav,please this monday | next_day('monday')
fechas2/train/fechas2_009154.en.wav,please this coming wednesday | next_day('wednesday')
fechas2/train/fechas2_009155.en.wav,this coming friday | next_day('friday')
fechas2/train/fechas2_009156.en.wav,next tuesday | next_day('tuesday')
fechas2/train/fechas2_009157.en.wav,this coming wednesday | next_day('wednesday')
fechas2/train/fechas2_009158.en.wav,tomorrow thank you | relative_day(+1)
fechas2/train/fechas2_009159.en.wav,this wednesday | next_day('wednesday')
fechas2/train/fechas2_009160.en.wav,please in a couple of days | relative_day(+2)
fechas2/train/fechas2_009161.en.wav,the day after tomorrow thanks | relative_day(+2)
fechas2/train/fechas2_009162.en.wav,please next tuesday | next_day('tuesday')
fechas2/train/fechas2_009163.en.wav,next tuesday | next_day('tuesday')
fechas2/train/fechas2_009164.en.wav,this coming wednesday | next_day('wednesday')
fechas2/train/fechas2_009165.en.wav,tomorrow | relative_day(+1)
fechas2/train/fechas2_009166.en.wav,please tomorrow | relative_day(+1)
fechas2/train/fechas2_009167.en.wav,this coming monday | next_day('monday')
fechas2/train/fechas2_009168.en.wav,in a couple of days thanks | relative_day(+2)
fechas2/train/fechas2_009169.en.wav,monday | next_day('monday')
fechas2/train/fechas2_009170.en.wav,tomorrow | relative_day(+1)
fechas2/train/fechas2_009171.en.wav,tomorrow | relative_day(+1)
fechas2/train/fechas2_009172.en.wav,this friday | next_day('friday')
fechas2/train/fechas2_009173.en.wav,day after tomorrow | relative_day(+2)
fechas2/train/fechas2_009174.en.wav,monday | next_day('monday')
fechas2/train/fechas2_009175.en.wav,this coming wednesday please | next_day('wednesday')
fechas2/train/fechas2_009176.en.wav,the day after tomorrow | relative_day(+2)
fechas2/train/fechas2_009177.en.wav,thursday please | next_day('thursday')
fechas2/train/fechas2_009178.en.wav,this coming monday | next_day('monday')
fechas2/train/fechas2_009179.en.wav,the day after tomorrow | relative_day(+2)
fechas2/train/fechas2_009180.en.wav,next friday | next_day('friday')
fechas2/train/fechas2_009181.en.wav,the day after tomorrow | relative_day(+2)
fechas2/train/fechas2_009182.en.wav,please next wednesday | next_day('wednesday')
fechas2/train/fechas2_009183.en.wav,the day after tomorrow | relative_day(+2)
fechas2/train/fechas2_009184.en.wav,tomorrow | relative_day(+1)
fechas2/train/fechas2_009185.en.wav,this monday | next_day('monday')
fechas2/train/fechas2_009186.en.wav,please next monday | next_day('monday')
fechas2/train/fechas2_009187.en.wav,next tuesday | next_day('tuesday')
fechas2/train/fechas2_009188.en.wav,next tuesday | next_day('tuesday')
fechas2/train/fechas2_009189.en.wav,next monday | next_day('monday')
fechas2/train/fechas2_009190.en.wav,the day after tomorrow | relative_day(+2)
fechas2/train/fechas2_009191.en.wav,this coming friday | next_day('friday')
fechas2/train/fechas2_009192.en.wav,next monday | next_day('monday')
fechas2/train/fechas2_009193.en.wav,this coming thursday | next_day('thursday')
fechas2/train/fechas2_009194.en.wav,tomorrow | relative_day(+1)
fechas2/train/fechas2_009195.en.wav,next wednesday | next_day('wednesday')
fechas2/train/fechas2_009196.en.wav,this thursday please | next_day('thursday')
fechas2/train/fechas2_009197.en.wav,next friday | next_day('friday')
fechas2/train/fechas2_009198.en.wav,next wednesday | next_day('wednesday')
fechas2/train/fechas2_009199.en.wav,in three days | relative_day(+3)
fechas2/train/fechas2_009200.en.wav,in a couple of days | relative_day(+2)
fechas2/train/fechas2_009201.en.wav,in a couple of days | relative_day(+2)
fechas2/train/fechas2_009202.en.wav,wednesday | next_day('wednesday')
fechas2/train/fechas2_009203.en.wav,next tuesday | next_day('tuesday')
fechas2/train/fechas2_009204.en.wav,in three days | relative_day(+3)
fechas2/train/fechas2_009205.en.wav,the day after tomorrow | relative_day(+2)
fechas2/train/fechas2_009206.en.wav,next tuesday | next_day('tuesday')
fechas2/train/fechas2_009207.en.wav,please this coming wednesday | next_day('wednesday')
fechas2/train/fechas2_009208.en.wav,tuesday please | next_day('tuesday')
fechas2/train/fechas2_009209.en.wav,in three days | relative_day(+3)
fechas2/train/fechas2_009210.en.wav,in three days | relative_day(+3)
fechas2/train/fechas2_009211.en.wav,this friday | next_day('friday')
fechas2/train/fechas2_009212.en.wav,this wednesday | next_day('wednesday')
fechas2/train/fechas2_009213.en.wav,thursday please | next_day('thursday')
fechas2/train/fechas2_009214.en.wav,next friday | next_day('friday')
fechas2/train/fechas2_009215.en.wav,in three days | relative_day(+3)
fechas2/train/fechas2_009216.en.wav,tuesday | next_day('tuesday')
fechas2/train/fechas2_009217.en.wav,this coming wednesday | next_day('wednesday')
fechas2/train/fechas2_009218.en.wav,wednesday | next_day('wednesday')
fechas2/train/fechas2_009219.en.wav,next friday thank you | next_day('friday')
fechas2/train/fechas2_009220.en.wav,this tuesday | next_day('tuesday')
fechas2/train/fechas2_009221.en.wav,next thursday please | next_day('thursday')
fechas2/train/fechas2_009222.en.wav,next friday thank you | next_day('friday')
fechas2/train/fechas2_009223.en.wav,next thursday | next_day('thursday')
fechas2/train/fechas2_009224.en.wav,wednesday thank you | next_day('wednesday')
fechas2/train/fechas2_009225.en.wav,the day after tomorrow | relative_day(+2)
fechas2/train/fechas2_009226.en.wav,thursday | next_day('thursday')
fechas2/train/fechas2_009227.en.wav,next tuesday please | next_day('tuesday')
fechas2/train/fechas2_009228.en.wav,this coming friday | next_day('friday')
fechas2/train/fechas2_009229.en.wav,please next thursday | next_day('thursday')
fechas2/train/fechas2_009230.en.wav,this tuesday please | next_day('tuesday')
fechas2/train/fechas2_009231.en.wav,this friday thank you | next_day('friday')
fechas2/train/fechas2_009232.en.wav,next thursday | next_day('thursday')
fechas2/train/fechas2_009233.en.wav,next friday please | next_day('friday')
fechas2/train/fechas2_009234.en.wav,next monday | next_day('monday')
fechas2/train/fechas2_009235.en.wav,this coming monday | next_day('monday')
fechas2/train/fechas2_009236.en.wav,next thursday | next_day('thursday')
fechas2/train/fechas2_009237.en.wav,next friday | next_day('friday')
fechas2/train/fechas2_009238.en.wav,tomorrow please | relative_day(+1)
fechas2/train/fechas2_009239.en.wav,next wednesday | next_day('wednesday')
fechas2/train/fechas2_009240.en.wav,tomorrow | relative_day(+1)
fechas2/train/fechas2_009241.en.wav,next friday | next_day('friday')
fechas2/train/fechas2_009242.en.wav,this thursday please | next_day('thursday')
fechas2/train/fechas2_009243.en.wav,next wednesday | next_day('wednesday')
fechas2/train/fechas2_009244.en.wav,in three days | relative_day(+3)
fechas2/train/fechas2_009245.en.wav,this friday please | next_day('friday')
fechas2/train/fechas2_009246.en.wav,in three days thanks | relative_day(+3)
fechas2/train/fechas2_009247.en.wav,next tuesday | next_day('tuesday')
fechas2/train/fechas2_009248.en.wav,next tuesday thank you | next_day('tuesday')
fechas2/train/fechas2_009249.en.wav,this coming wednesday thank you | next_day('wednesday')
fechas2/train/fechas2_009250.en.wav,please this friday | next_day('friday')
fechas2/train/fechas2_009251.en.wav,please in three days | relative_day(+3)
fechas2/train/fechas2_009252.en.wav,this tuesday | next_day('tuesday')
fechas2/train/fechas2_009253.en.wav,next tuesday | next_day('tuesday')
fechas2/train/fechas2_009254.en.wav,please in three days | relative_day(+3)
fechas2/train/fechas2_009255.en.wav,please next wednesday | next_day('wednesday')
fechas2/train/fechas2_009256.en.wav,next tuesday thank you | next_day('tuesday')
fechas2/train/fechas2_009257.en.wav,in three days | relative_day(+3)
fechas2/train/fechas2_009258.en.wav,in three days | relative_day(+3)
fechas2/train/fechas2_009259.en.wav,next monday | next_day('monday')
fechas2/train/fechas2_009260.en.wav,this friday | next_day('friday')
fechas2/train/fechas2_009261.en.wav,in three days | relative_day(+3)
fechas2/train/fechas2_009262.en.wav,next thursday thank you | next_day('thursday')
fechas2/train/fechas2_009263.en.wav,wednesday please | next_day('wednesday')
fechas2/train/fechas2_009264.en.wav,next tuesday | next_day('tuesday')
fechas2/train/fechas2_009265.en.wav,in a couple of days thanks | relative_day(+2)
fechas2/train/fechas2_009266.en.wav,next friday | next_day('friday')
fechas2/train/fechas2_009267.en.wav,next wednesday | next_day('wednesday')
fechas2/train/fechas2_009268.en.wav,tuesday | next_day('tuesday')
fechas2/train/fechas2_009269.en.wav,this coming monday | next_day('monday')
fechas2/train/fechas2_009270.en.wav,next tuesday | next_day('tuesday')
fechas2/train/fechas2_009271.en.wav,in a couple of days | relative_day(+2)
fechas2/train/fechas2_009272.en.wav,this coming friday | next_day('friday')
fechas2/train/fechas2_009273.en.wav,the following tuesday | next_day('tuesday')
fechas2/train/fechas2_009274.en.wav,in a couple of days | relative_day(+2)
fechas2/train/fechas2_009275.en.wav,this friday thank you | next_day('friday')
fechas2/train/fechas2_009276.en.wav,next monday thank you | next_day('monday')
fechas2/train/fechas2_009277.en.wav,in a couple of days please | relative_day(+2)
fechas2/train/fechas2_009278.en.wav,in a couple of days | relative_day(+2)
fechas2/train/fechas2_009279.en.wav,the day after tomorrow please | relative_day(+2)
fechas2/train/fechas2_009280.en.wav,please in three days | relative_day(+3)
fechas2/train/fechas2_009281.en.wav,please this tuesday | next_day('tuesday')
fechas2/train/fechas2_009282.en.wav,next friday | next_day('friday')
fechas2/train/fechas2_009283.en.wav,this friday thank you | next_day('friday')
fechas2/train/fechas2_009284.en.wav,please in three days | relative_day(+3)
fechas2/train/fechas2_009285.en.wav,next monday | next_day('monday')
fechas2/train/fechas2_009286.en.wav,next tuesday | next_day('tuesday')
fechas2/train/fechas2_009287.en.wav,thursday thank you | next_day('thursday')
fechas2/train/fechas2_009288.en.wav,the day after tomorrow | relative_day(+2)
fechas2/train/fechas2_009289.en.wav,this thursday | next_day('thursday')
fechas2/train/fechas2_009290.en.wav,this thursday thank you | next_day('thursday')
fechas2/train/fechas2_009291.en.wav,this monday | next_day('monday')
fechas2/train/fechas2_009292.en.wav,please next tuesday | next_day('tuesday')
fechas2/train/fechas2_009293.en.wav,please this coming friday | next_day('friday')
fechas2/train/fechas2_009294.en.wav,the day after tomorrow | relative_day(+2)
fechas2/train/fechas2_009295.en.wav,in a couple of days | relative_day(+2)
fechas2/train/fechas2_009296.en.wav,wednesday | next_day('wednesday')
fechas2/train/fechas2_009297.en.wav,in a couple of days | relative_day(+2)
fechas2/train/fechas2_009298.en.wav,the day after tomorrow | relative_day(+2)
fechas2/train/fechas2_009299.en.wav,next tuesday | next_day('tuesday')
fechas2/train/fechas2_009300.en.wav,monday | next_day('monday')
fechas2/train/fechas2_009301.en.wav,please this tuesday | next_day('tuesday')
fechas2/train/fechas2_009302.en.wav,next monday | next_day('monday')
fechas2/train/fechas2_009303.en.wav,in three days | relative_day(+3)
fechas2/train/fechas2_009304.en.wav,this coming friday | next_day('friday')
fechas2/train/fechas2_009305.en.wav,this coming thursday thanks | next_day('thursday')
fechas2/train/fechas2_009306.en.wav,tuesday | next_day('tuesday')
fechas2/train/fechas2_009307.en.wav,in three days | relative_day(+3)
fechas2/train/fechas2_009308.en.wav,this monday | next_day('monday')
fechas2/train/fechas2_009309.en.wav,next tuesday | next_day('tuesday')
fechas2/train/fechas2_009310.en.wav,this tuesday thank you | next_day('tuesday')
fechas2/train/fechas2_009311.en.wav,in a couple of days thanks | relative_day(+2)
fechas2/train/fechas2_009312.en.wav,next tuesday | next_day('tuesday')
fechas2/train/fechas2_009313.en.wav,next tuesday thanks | next_day('tuesday')
fechas2/train/fechas2_009314.en.wav,monday | next_day('monday')
fechas2/train/fechas2_009315.en.wav,in a couple of days please | relative_day(+2)
fechas2/train/fechas2_009316.en.wav,next thursday | next_day('thursday')
fechas2/train/fechas2_009317.en.wav,in three days | relative_day(+3)
fechas2/train/fechas2_009318.en.wav,next monday | next_day('monday')
fechas2/train/fechas2_009319.en.wav,next friday | next_day('friday')
fechas2/train/fechas2_009320.en.wav,please next monday | next_day('monday')
fechas2/train/fechas2_009321.en.wav,please this coming thursday | next_day('thursday')
fechas2/train/fechas2_009322.en.wav,next wednesday please | next_day('wednesday')
fechas2/train/fechas2_009323.en.wav,this coming friday please | next_day('friday')
fechas2/train/fechas2_009324.en.wav,in three days | relative_day(+3)
fechas2/train/fechas2_009325.en.wav,please next tuesday | next_day('tuesday')
fechas2/train/fechas2_009326.en.wav,next thursday | next_day('thursday')
fechas2/train/fechas2_009327.en.wav,in a couple of days please | relative_day(+2)
fechas2/train/fechas2_009328.en.wav,wednesday | next_day('wednesday')
fechas2/train/fechas2_009329.en.wav,in a couple of days thanks | relative_day(+2)
fechas2/train/fechas2_009330.en.wav,this coming monday please | next_day('monday')
fechas2/train/fechas2_009331.en.wav,this tuesday thank you | next_day('tuesday')
fechas2/train/fechas2_009332.en.wav,this coming friday | next_day('friday')
fechas2/train/fechas2_009333.en.wav,friday | next_day('friday')
fechas2/train/fechas2_009334.en.wav,next friday | next_day('friday')
fechas2/train/fechas2_009335.en.wav,this coming friday | next_day('friday')
fechas2/train/fechas2_009336.en.wav,in three days | relative_day(+3)
fechas2/train/fechas2_009337.en.wav,next friday | next_day('friday')
fechas2/train/fechas2_009338.en.wav,next monday | next_day('monday')
fechas2/train/fechas2_009339.en.wav,please next thursday | next_day('thursday')
fechas2/train/fechas2_009340.en.wav,this coming tuesday | next_day('tuesday')
fechas2/train/fechas2_009341.en.wav,next friday | next_day('friday')
fechas2/train/fechas2_009342.en.wav,tomorrow thank you | relative_day(+1)
fechas2/train/fechas2_009343.en.wav,the day after tomorrow | relative_day(+2)
fechas2/train/fechas2_009344.en.wav,the following monday | next_day('monday')
fechas2/train/fechas2_009345.en.wav,thursday | next_day('thursday')
fechas2/train/fechas2_009346.en.wav,friday | next_day('friday')
fechas2/train/fechas2_009347.en.wav,please in a couple of days | relative_day(+2)
fechas2/train/fechas2_009348.en.wav,in a couple of days | relative_day(+2)
fechas2/train/fechas2_009349.en.wav,next tuesday thank you | next_day('tuesday')
fechas2/train/fechas2_009350.en.wav,in three days thanks | relative_day(+3)
fechas2/train/fechas2_009351.en.wav,next friday | next_day('friday')
fechas2/train/fechas2_009352.en.wav,this monday thank you | next_day('monday')
fechas2/train/fechas2_009353.en.wav,this friday | next_day('friday')
fechas2/train/fechas2_009354.en.wav,please next tuesday | next_day('tuesday')
fechas2/train/fechas2_009355.en.wav,the day after tomorrow | relative_day(+2)
fechas2/train/fechas2_009356.en.wav,the following thursday | next_day('thursday')
fechas2/train/fechas2_009357.en.wav,please in a couple of days | relative_day(+2)
fechas2/train/fechas2_009358.en.wav,this tuesday | next_day('tuesday')
fechas2/train/fechas2_009359.en.wav,next friday | next_day('friday')
fechas2/train/fechas2_009360.en.wav,this thursday | next_day('thursday')
fechas2/train/fechas2_009361.en.wav,this tuesday | next_day('tuesday')
fechas2/train/fechas2_009362.en.wav,next thursday | next_day('thursday')
fechas2/train/fechas2_009363.en.wav,please in three days | relative_day(+3)
fechas2/train/fechas2_009364.en.wav,next friday | next_day('friday')
fechas2/train/fechas2_009365.en.wav,in a couple of days thanks | relative_day(+2)
fechas2/train/fechas2_009366.en.wav,next monday | next_day('monday')
fechas2/train/fechas2_009367.en.wav,please this coming thursday | next_day('thursday')
fechas2/train/fechas2_009368.en.wav,tuesday | next_day('tuesday')
fechas2/train/fechas2_009369.en.wav,the following wednesday | next_day('wednesday')
fechas2/train/fechas2_009370.en.wav,in three days | relative_day(+3)
fechas2/train/fechas2_009371.en.wav,please this coming wednesday | next_day('wednesday')
fechas2/train/fechas2_009372.en.wav,tuesday | next_day('tuesday')
fechas2/train/fechas2_009373.en.wav,in three days | relative_day(+3)
fechas2/train/fechas2_009374.en.wav,in a couple of days please | relative_day(+2)
fechas2/train/fechas2_009375.en.wav,this monday | next_day('monday')
fechas2/train/fechas2_009376.en.wav,in three days | relative_day(+3)
fechas2/train/fechas2_009377.en.wav,next friday | next_day('friday')
fechas2/train/fechas2_009378.en.wav,the day after tomorrow | relative_day(+2)
fechas2/train/fechas2_009379.en.wav,next thursday | next_day('thursday')
fechas2/train/fechas2_009380.en.wav,on monday please | next_day('monday')
fechas2/train/fechas2_009381.en.wav,next friday please | next_day('friday')
fechas2/train/fechas2_009382.en.wav,next friday | next_day('friday')
fechas2/train/fechas2_009383.en.wav,wednesday | next_day('wednesday')
fechas2/train/fechas2_009384.en.wav,please next monday | next_day('monday')
fechas2/train/fechas2_009385.en.wav,in a couple of days please | relative_day(+2)
fechas2/train/fechas2_009386.en.wav,next tuesday | next_day('tuesday')
fechas2/train/fechas2_009387.en.wav,tomorrow | relative_day(+1)
fechas2/train/fechas2_009388.en.wav,next tuesday please | next_day('tuesday')
fechas2/train/fechas2_009389.en.wav,next thursday | next_day('thursday')
fechas2/train/fechas2_009390.en.wav,next monday | next_day('monday')
fechas2/train/fechas2_009391.en.wav,next friday thanks | next_day('friday')
fechas2/train/fechas2_009392.en.wav,this coming thursday please | next_day('thursday')
fechas2/train/fechas2_009393.en.wav,next wednesday | next_day('wednesday')
fechas2/train/fechas2_009394.en.wav,next monday | next_day('monday')
fechas2/train/fechas2_009395.en.wav,this coming thursday please | next_day('thursday')
fechas2/train/fechas2_009396.en.wav,next monday | next_day('monday')
fechas2/train/fechas2_009397.en.wav,next monday | next_day('monday')
fechas2/train/fechas2_009398.en.wav,next thursday | next_day('thursday')
fechas2/train/fechas2_009399.en.wav,wednesday | next_day('wednesday')
fechas2/train/fechas2_009400.en.wav,this tuesday | next_day('tuesday')
fechas2/train/fechas2_009401.en.wav,tomorrow | relative_day(+1)
fechas2/train/fechas2_009402.en.wav,friday | next_day('friday')
fechas2/train/fechas2_009403.en.wav,next monday thank you | next_day('monday')
fechas2/train/fechas2_009404.en.wav,please tomorrow | relative_day(+1)
fechas2/train/fechas2_009405.en.wav,please this friday | next_day('friday')
fechas2/train/fechas2_009406.en.wav,please next wednesday | next_day('wednesday')
fechas2/train/fechas2_009407.en.wav,please on thursday | next_day('thursday')
fechas2/train/fechas2_009408.en.wav,next monday please | next_day('monday')
fechas2/train/fechas2_009409.en.wav,next friday please | next_day('friday')
fechas2/train/fechas2_009410.en.wav,next friday | next_day('friday')
fechas2/train/fechas2_009411.en.wav,in three days | relative_day(+3)
fechas2/train/fechas2_009412.en.wav,next tuesday | next_day('tuesday')
fechas2/train/fechas2_009413.en.wav,wednesday | next_day('wednesday')
fechas2/train/fechas2_009414.en.wav,next friday | next_day('friday')
fechas2/train/fechas2_009415.en.wav,in three days thanks | relative_day(+3)
fechas2/train/fechas2_009416.en.wav,the following tuesday | next_day('tuesday')
fechas2/train/fechas2_009417.en.wav,please next thursday | next_day('thursday')
fechas2/train/fechas2_009418.en.wav,wednesday thank you | next_day('wednesday')
fechas2/train/fechas2_009419.en.wav,next tuesday | next_day('tuesday')
fechas2/train/fechas2_009420.en.wav,this friday | next_day('friday')
fechas2/train/fechas2_009421.en.wav,this thursday | next_day('thursday')
fechas2/train/fechas2_009422.en.wav,in three days please | relative_day(+3)
fechas2/train/fechas2_009423.en.wav,friday | next_day('friday')
fechas2/train/fechas2_009424.en.wav,wednesday | next_day('wednesday')
fechas2/train/fechas2_009425.en.wav,next tuesday thank you | next_day('tuesday')
fechas2/train/fechas2_009426.en.wav,in three days thanks | relative_day(+3)
fechas2/train/fechas2_009427.en.wav,this coming friday thanks | next_day('friday')
fechas2/train/fechas2_009428.en.wav,please next thursday | next_day('thursday')
fechas2/train/fechas2_009429.en.wav,monday | next_day('monday')
fechas2/train/fechas2_009430.en.wav,next monday | next_day('monday')
fechas2/train/fechas2_009431.en.wav,this coming monday | next_day('monday')
fechas2/train/fechas2_009432.en.wav,tuesday | next_day('tuesday')
fechas2/train/fechas2_009433.en.wav,this coming thursday thanks | next_day('thursday')
fechas2/train/fechas2_009434.en.wav,this tuesday | next_day('tuesday')
fechas2/train/fechas2_009435.en.wav,the day after tomorrow | relative_day(+2)
fechas2/train/fechas2_009436.en.wav,next friday thank you | next_day('friday')
fechas2/train/fechas2_009437.en.wav,day after tomorrow | relative_day(+2)
fechas2/train/fechas2_009438.en.wav,next tuesday | next_day('tuesday')
fechas2/train/fechas2_009439.en.wav,in three days | relative_day(+3)
fechas2/train/fechas2_009440.en.wav,next friday | next_day('friday')
fechas2/train/fechas2_009441.en.wav,on monday please | next_day('monday')
fechas2/train/fechas2_009442.en.wav,please next friday | next_day('friday')
fechas2/train/fechas2_009443.en.wav,next thursday | next_day('thursday')
fechas2/train/fechas2_009444.en.wav,tuesday please | next_day('tuesday')
fechas2/train/fechas2_009445.en.wav,next tuesday | next_day('tuesday')
fechas2/train/fechas2_009446.en.wav,tomorrow thank you | relative_day(+1)
fechas2/train/fechas2_009447.en.wav,next thursday | next_day('thursday')
fechas2/train/fechas2_009448.en.wav,friday | next_day('friday')
fechas2/train/fechas2_009449.en.wav,this coming thursday please | next_day('thursday')
fechas2/train/fechas2_009450.en.wav,please next monday | next_day('monday')
fechas2/train/fechas2_009451.en.wav,please this coming friday | next_day('friday')
fechas2/train/fechas2_009452.en.wav,this thursday | next_day('thursday')
fechas2/train/fechas2_009453.en.wav,tuesday | next_day('tuesday')
fechas2/train/fechas2_009454.en.wav,this friday | next_day('friday')
fechas2/train/fechas2_009455.en.wav,monday | next_day('monday')
fechas2/train/fechas2_009456.en.wav,next tuesday | next_day('tuesday')
fechas2/train/fechas2_009457.en.wav,next monday please | next_day('monday')
fechas2/train/fechas2_009458.en.wav,in a couple of days | relative_day(+2)
fechas2/train/fechas2_009459.en.wav,the day after tomorrow | relative_day(+2)
fechas2/train/fechas2_009460.en.wav,wednesday | next_day('wednesday')
fechas2/train/fechas2_009461.en.wav,this coming wednesday | next_day('wednesday')
fechas2/train/fechas2_009462.en.wav,in three days | relative_day(+3)
fechas2/train/fechas2_009463.en.wav,the day after tomorrow | relative_day(+2)
fechas2/train/fechas2_009464.en.wav,next thursday please | next_day('thursday')
fechas2/train/fechas2_009465.en.wav,in a couple of days | relative_day(+2)
fechas2/train/fechas2_009466.en.wav,next friday | next_day('friday')
fechas2/train/fechas2_009467.en.wav,please in three days | relative_day(+3)
fechas2/train/fechas2_009468.en.wav,please in a couple of days | relative_day(+2)
fechas2/train/fechas2_009469.en.wav,next wednesday | next_day('wednesday')
fechas2/train/fechas2_009470.en.wav,the following friday | next_day('friday')
fechas2/train/fechas2_009471.en.wav,please next friday | next_day('friday')
fechas2/train/fechas2_009472.en.wav,next thursday thank you | next_day('thursday')
fechas2/train/fechas2_009473.en.wav,next tuesday thank you | next_day('tuesday')
fechas2/train/fechas2_009474.en.wav,next monday | next_day('monday')
fechas2/train/fechas2_009475.en.wav,the following tuesday | next_day('tuesday')
fechas2/train/fechas2_009476.en.wav,please on friday | next_day('friday')
fechas2/train/fechas2_009477.en.wav,please next thursday | next_day('thursday')
fechas2/train/fechas2_009478.en.wav,this coming friday | next_day('friday')
fechas2/train/fechas2_009479.en.wav,in three days thanks | relative_day(+3)
fechas2/train/fechas2_009480.en.wav,this coming tuesday | next_day('tuesday')
fechas2/train/fechas2_009481.en.wav,wednesday | next_day('wednesday')
fechas2/train/fechas2_009482.en.wav,please next tuesday | next_day('tuesday')
fechas2/train/fechas2_009483.en.wav,next wednesday | next_day('wednesday')
fechas2/train/fechas2_009484.en.wav,the day after tomorrow | relative_day(+2)
fechas2/train/fechas2_009485.en.wav,next monday | next_day('monday')
fechas2/train/fechas2_009486.en.wav,wednesday | next_day('wednesday')
fechas2/train/fechas2_009487.en.wav,next thursday thank you | next_day('thursday')
fechas2/train/fechas2_009488.en.wav,please tomorrow | relative_day(+1)
fechas2/train/fechas2_009489.en.wav,next wednesday | next_day('wednesday')
fechas2/train/fechas2_009490.en.wav,please on monday | next_day('monday')
fechas2/train/fechas2_009491.en.wav,this coming tuesday | next_day('tuesday')
fechas2/train/fechas2_009492.en.wav,next monday | next_day('monday')
fechas2/train/fechas2_009493.en.wav,the day after tomorrow | relative_day(+2)
fechas2/train/fechas2_009494.en.wav,this coming thursday | next_day('thursday')
fechas2/train/fechas2_009495.en.wav,friday please | next_day('friday')
fechas2/train/fechas2_009496.en.wav,in a couple of days please | relative_day(+2)
fechas2/train/fechas2_009497.en.wav,this coming monday thank you | next_day('monday')
fechas2/train/fechas2_009498.en.wav,wednesday | next_day('wednesday')
fechas2/train/fechas2_009499.en.wav,please next monday | next_day('monday')
fechas2/train/fechas2_009500.en.wav,next friday | next_day('friday')
fechas2/train/fechas2_009501.en.wav,next monday | next_day('monday')
fechas2/train/fechas2_009502.en.wav,please next friday | next_day('friday')
fechas2/train/fechas2_009503.en.wav,in three days thanks | relative_day(+3)
fechas2/train/fechas2_009504.en.wav,this wednesday | next_day('wednesday')
fechas2/train/fechas2_009505.en.wav,next thursday please | next_day('thursday')
fechas2/train/fechas2_009506.en.wav,in three days thanks | relative_day(+3)
fechas2/train/fechas2_009507.en.wav,next tuesday please | next_day('tuesday')
fechas2/train/fechas2_009508.en.wav,next wednesday thank you | next_day('wednesday')
fechas2/train/fechas2_009509.en.wav,next thursday | next_day('thursday')
fechas2/train/fechas2_009510.en.wav,the following thursday | next_day('thursday')
fechas2/train/fechas2_009511.en.wav,friday | next_day('friday')
fechas2/train/fechas2_009512.en.wav,next monday thank you | next_day('monday')
fechas2/train/fechas2_009513.en.wav,monday thank you | next_day('monday')
fechas2/train/fechas2_009514.en.wav,this coming wednesday | next_day('wednesday')
fechas2/train/fechas2_009515.en.wav,next friday thanks | next_day('friday')
fechas2/train/fechas2_009516.en.wav,next monday | next_day('monday')
fechas2/train/fechas2_009517.en.wav,this coming monday | next_day('monday')
fechas2/train/fechas2_009518.en.wav,friday | next_day('friday')
fechas2/train/fechas2_009519.en.wav,this friday | next_day('friday')
fechas2/train/fechas2_009520.en.wav,in three days | relative_day(+3)
fechas2/train/fechas2_009521.en.wav,the following monday | next_day('monday')
fechas2/train/fechas2_009522.en.wav,in a couple of days thanks | relative_day(+2)
fechas2/train/fechas2_009523.en.wav,this coming wednesday thank you | next_day('wednesday')
fechas2/train/fechas2_009524.en.wav,wednesday | next_day('wednesday')
fechas2/train/fechas2_009525.en.wav,this wednesday | next_day('wednesday')
fechas2/train/fechas2_009526.en.wav,this coming tuesday | next_day('tuesday')
fechas2/train/fechas2_009527.en.wav,please next tuesday | next_day('tuesday')
fechas2/train/fechas2_009528.en.wav,wednesday | next_day('wednesday')
fechas2/train/fechas2_009529.en.wav,next tuesday | next_day('tuesday')
fechas2/train/fechas2_009530.en.wav,please next thursday | next_day('thursday')
fechas2/train/fechas2_009531.en.wav,please in a couple of days | relative_day(+2)
fechas2/train/fechas2_009532.en.wav,next tuesday | next_day('tuesday')
fechas2/train/fechas2_009533.en.wav,this coming wednesday | next_day('wednesday')
fechas2/train/fechas2_009534.en.wav,thursday please | next_day('thursday')
fechas2/train/fechas2_009535.en.wav,next monday | next_day('monday')
fechas2/train/fechas2_009536.en.wav,in three days | relative_day(+3)
fechas2/train/fechas2_009537.en.wav,this friday | next_day('friday')
fechas2/train/fechas2_009538.en.wav,next friday | next_day('friday')
fechas2/train/fechas2_009539.en.wav,please next monday | next_day('monday')
fechas2/train/fechas2_009540.en.wav,tuesday | next_day('tuesday')
fechas2/train/fechas2_009541.en.wav,next wednesday please | next_day('wednesday')
fechas2/train/fechas2_009542.en.wav,this coming wednesday | next_day('wednesday')
fechas2/train/fechas2_009543.en.wav,thursday please | next_day('thursday')
fechas2/train/fechas2_009544.en.wav,this coming monday | next_day('monday')
fechas2/train/fechas2_009545.en.wav,next friday | next_day('friday')
fechas2/train/fechas2_009546.en.wav,tomorrow | relative_day(+1)
fechas2/train/fechas2_009547.en.wav,tomorrow | relative_day(+1)
fechas2/train/fechas2_009548.en.wav,friday | next_day('friday')
fechas2/train/fechas2_009549.en.wav,in a couple of days | relative_day(+2)
fechas2/train/fechas2_009550.en.wav,tomorrow | relative_day(+1)
fechas2/train/fechas2_009551.en.wav,next thursday | next_day('thursday')
fechas2/train/fechas2_009552.en.wav,this monday thank you | next_day('monday')
fechas2/train/fechas2_009553.en.wav,this monday please | next_day('monday')
fechas2/train/fechas2_009554.en.wav,next thursday | next_day('thursday')
fechas2/train/fechas2_009555.en.wav,in three days | relative_day(+3)
fechas2/train/fechas2_009556.en.wav,this coming monday thank you | next_day('monday')
fechas2/train/fechas2_009557.en.wav,this friday | next_day('friday')
fechas2/train/fechas2_009558.en.wav,this coming tuesday | next_day('tuesday')
fechas2/train/fechas2_009559.en.wav,the day after tomorrow | relative_day(+2)
fechas2/train/fechas2_009560.en.wav,next monday please | next_day('monday')
fechas2/train/fechas2_009561.en.wav,next thursday | next_day('thursday')
fechas2/train/fechas2_009562.en.wav,this coming wednesday please | next_day('wednesday')
fechas2/train/fechas2_009563.en.wav,please this friday | next_day('friday')
fechas2/train/fechas2_009564.en.wav,please this coming wednesday | next_day('wednesday')
fechas2/train/fechas2_009565.en.wav,next monday please | next_day('monday')
fechas2/train/fechas2_009566.en.wav,this coming monday thank you | next_day('monday')
fechas2/train/fechas2_009567.en.wav,the following monday | next_day('monday')
fechas2/train/fechas2_009568.en.wav,this friday | next_day('friday')
fechas2/train/fechas2_009569.en.wav,thursday | next_day('thursday')
fechas2/train/fechas2_009570.en.wav,in a couple of days | relative_day(+2)
fechas2/train/fechas2_009571.en.wav,in a couple of days thanks | relative_day(+2)
fechas2/train/fechas2_009572.en.wav,in three days | relative_day(+3)
fechas2/train/fechas2_009573.en.wav,in three days | relative_day(+3)
fechas2/train/fechas2_009574.en.wav,friday please | next_day('friday')
fechas2/train/fechas2_009575.en.wav,friday | next_day('friday')
fechas2/train/fechas2_009576.en.wav,please this wednesday | next_day('wednesday')
fechas2/train/fechas2_009577.en.wav,please on tuesday | next_day('tuesday')
fechas2/train/fechas2_009578.en.wav,please in three days | relative_day(+3)
fechas2/train/fechas2_009579.en.wav,this coming thursday | next_day('thursday')
fechas2/train/fechas2_009580.en.wav,next friday | next_day('friday')
fechas2/train/fechas2_009581.en.wav,thursday thank you | next_day('thursday')
fechas2/train/fechas2_009582.en.wav,please next thursday | next_day('thursday')
fechas2/train/fechas2_009583.en.wav,next friday thank you | next_day('friday')
fechas2/train/fechas2_009584.en.wav,next monday | next_day('monday')
fechas2/train/fechas2_009585.en.wav,in three days thanks | relative_day(+3)
fechas2/train/fechas2_009586.en.wav,in a couple of days thanks | relative_day(+2)
fechas2/train/fechas2_009587.en.wav,this coming tuesday please | next_day('tuesday')
fechas2/train/fechas2_009588.en.wav,the following wednesday | next_day('wednesday')
fechas2/train/fechas2_009589.en.wav,please tomorrow | relative_day(+1)
fechas2/train/fechas2_009590.en.wav,in a couple of days | relative_day(+2)
fechas2/train/fechas2_009591.en.wav,please in three days | relative_day(+3)
fechas2/train/fechas2_009592.en.wav,next tuesday | next_day('tuesday')
fechas2/train/fechas2_009593.en.wav,please in a couple of days | relative_day(+2)
fechas2/train/fechas2_009594.en.wav,next thursday please | next_day('thursday')
fechas2/train/fechas2_009595.en.wav,next monday | next_day('monday')
fechas2/train/fechas2_009596.en.wav,this coming friday thank you | next_day('friday')
fechas2/train/fechas2_009597.en.wav,in three days | relative_day(+3)
fechas2/train/fechas2_009598.en.wav,please in three days | relative_day(+3)
fechas2/train/fechas2_009599.en.wav,next tuesday | next_day('tuesday')
fechas2/train/fechas2_009600.en.wav,next thursday | next_day('thursday')
fechas2/train/fechas2_009601.en.wav,in three days | relative_day(+3)
fechas2/train/fechas2_009602.en.wav,in a couple of days | relative_day(+2)
fechas2/train/fechas2_009603.en.wav,next friday | next_day('friday')
fechas2/train/fechas2_009604.en.wav,next thursday | next_day('thursday')
fechas2/train/fechas2_009605.en.wav,this coming wednesday | next_day('wednesday')
fechas2/train/fechas2_009606.en.wav,this coming friday | next_day('friday')
fechas2/train/fechas2_009607.en.wav,in three days | relative_day(+3)
fechas2/train/fechas2_009608.en.wav,next wednesday | next_day('wednesday')
fechas2/train/fechas2_009609.en.wav,this tuesday please | next_day('tuesday')
fechas2/train/fechas2_009610.en.wav,this monday | next_day('monday')
fechas2/train/fechas2_009611.en.wav,next tuesday | next_day('tuesday')
fechas2/train/fechas2_009612.en.wav,please this monday | next_day('monday')
fechas2/train/fechas2_009613.en.wav,next tuesday please | next_day('tuesday')
fechas2/train/fechas2_009614.en.wav,in three days | relative_day(+3)
fechas2/train/fechas2_009615.en.wav,this coming tuesday | next_day('tuesday')
fechas2/train/fechas2_009616.en.wav,next friday | next_day('friday')
fechas2/train/fechas2_009617.en.wav,please in a couple of days | relative_day(+2)
fechas2/train/fechas2_009618.en.wav,please next wednesday | next_day('wednesday')
fechas2/train/fechas2_009619.en.wav,this coming thursday | next_day('thursday')
fechas2/train/fechas2_009620.en.wav,this coming wednesday | next_day('wednesday')
fechas2/train/fechas2_009621.en.wav,in three days | relative_day(+3)
fechas2/train/fechas2_009622.en.wav,next wednesday | next_day('wednesday')
fechas2/train/fechas2_009623.en.wav,this friday | next_day('friday')
fechas2/train/fechas2_009624.en.wav,please tomorrow | relative_day(+1)
fechas2/train/fechas2_009625.en.wav,tomorrow | relative_day(+1)
fechas2/train/fechas2_009626.en.wav,in a couple of days please | relative_day(+2)
fechas2/train/fechas2_009627.en.wav,please next wednesday | next_day('wednesday')
fechas2/train/fechas2_009628.en.wav,this coming tuesday please | next_day('tuesday')
fechas2/train/fechas2_009629.en.wav,next tuesday | next_day('tuesday')
fechas2/train/fechas2_009630.en.wav,in a couple of days | relative_day(+2)
fechas2/train/fechas2_009631.en.wav,friday | next_day('friday')
fechas2/train/fechas2_009632.en.wav,please next thursday | next_day('thursday')
fechas2/train/fechas2_009633.en.wav,next wednesday please | next_day('wednesday')
fechas2/train/fechas2_009634.en.wav,this coming monday | next_day('monday')
fechas2/train/fechas2_009635.en.wav,please this friday | next_day('friday')
fechas2/train/fechas2_009636.en.wav,this coming monday please | next_day('monday')
fechas2/train/fechas2_009637.en.wav,tomorrow | relative_day(+1)
fechas2/train/fechas2_009638.en.wav,the day after tomorrow | relative_day(+2)
fechas2/train/fechas2_009639.en.wav,this monday please | next_day('monday')
fechas2/train/fechas2_009640.en.wav,wednesday please | next_day('wednesday')
fechas2/train/fechas2_009641.en.wav,the day after tomorrow thanks | relative_day(+2)
fechas2/train/fechas2_009642.en.wav,next wednesday please | next_day('wednesday')
fechas2/train/fechas2_009643.en.wav,this tuesday thank you | next_day('tuesday')
fechas2/train/fechas2_009644.en.wav,in a couple of days please | relative_day(+2)
fechas2/train/fechas2_009645.en.wav,please this tuesday | next_day('tuesday')
fechas2/train/fechas2_009646.en.wav,this tuesday | next_day('tuesday')
fechas2/train/fechas2_009647.en.wav,please this thursday | next_day('thursday')
fechas2/train/fechas2_009648.en.wav,in three days | relative_day(+3)
fechas2/train/fechas2_009649.en.wav,tuesday thank you. | next_day('tuesday')
fechas2/train/fechas2_009650.en.wav,the day after tomorrow | relative_day(+2)
fechas2/train/fechas2_009651.en.wav,please tomorrow | relative_day(+1)
fechas2/train/fechas2_009652.en.wav,in three days | relative_day(+3)
fechas2/train/fechas2_009653.en.wav,next wednesday | next_day('wednesday')
fechas2/train/fechas2_009654.en.wav,next wednesday please | next_day('wednesday')
fechas2/train/fechas2_009655.en.wav,next monday | next_day('monday')
fechas2/train/fechas2_009656.en.wav,next wednesday | next_day('wednesday')
fechas2/train/fechas2_009657.en.wav,the day after tomorrow please | relative_day(+2)
fechas2/train/fechas2_009658.en.wav,next thursday | next_day('thursday')
fechas2/train/fechas2_009659.en.wav,next thursday | next_day('thursday')
fechas2/train/fechas2_009660.en.wav,please on thursday | next_day('thursday')
fechas2/train/fechas2_009661.en.wav,next tuesday | next_day('tuesday')
fechas2/train/fechas2_009662.en.wav,this coming friday | next_day('friday')
fechas2/train/fechas2_009663.en.wav,next thursday | next_day('thursday')
fechas2/train/fechas2_009664.en.wav,next wednesday | next_day('wednesday')
fechas2/train/fechas2_009665.en.wav,this coming thursday | next_day('thursday')
fechas2/train/fechas2_009666.en.wav,next friday thank you | next_day('friday')
fechas2/train/fechas2_009667.en.wav,next wednesday | next_day('wednesday')
fechas2/train/fechas2_009668.en.wav,in a couple of days | relative_day(+2)
fechas2/train/fechas2_009669.en.wav,this coming wednesday | next_day('wednesday')
fechas2/train/fechas2_009670.en.wav,next thursday | next_day('thursday')
fechas2/train/fechas2_009671.en.wav,this coming wednesday | next_day('wednesday')
fechas2/train/fechas2_009672.en.wav,this coming wednesday please | next_day('wednesday')
fechas2/train/fechas2_009673.en.wav,this coming friday thanks | next_day('friday')
fechas2/train/fechas2_009674.en.wav,wednesday | next_day('wednesday')
fechas2/train/fechas2_009675.en.wav,please this wednesday | next_day('wednesday')
fechas2/train/fechas2_009676.en.wav,please tomorrow | relative_day(+1)
fechas2/train/fechas2_009677.en.wav,in a couple of days | relative_day(+2)
fechas2/train/fechas2_009678.en.wav,next monday please | next_day('monday')
fechas2/train/fechas2_009679.en.wav,this wednesday please | next_day('wednesday')
fechas2/train/fechas2_009680.en.wav,next monday | next_day('monday')
fechas2/train/fechas2_009681.en.wav,in a couple of days | relative_day(+2)
fechas2/train/fechas2_009682.en.wav,in a couple of days | relative_day(+2)
fechas2/train/fechas2_009683.en.wav,next tuesday | next_day('tuesday')
fechas2/train/fechas2_009684.en.wav,next tuesday | next_day('tuesday')
fechas2/train/fechas2_009685.en.wav,this friday | next_day('friday')
fechas2/train/fechas2_009686.en.wav,next wednesday | next_day('wednesday')
fechas2/train/fechas2_009687.en.wav,next wednesday | next_day('wednesday')
fechas2/train/fechas2_009688.en.wav,the day after tomorrow | relative_day(+2)
fechas2/train/fechas2_009689.en.wav,this monday thank you | next_day('monday')
fechas2/train/fechas2_009690.en.wav,next friday | next_day('friday')
fechas2/train/fechas2_009691.en.wav,next friday | next_day('friday')
fechas2/train/fechas2_009692.en.wav,this coming wednesday please | next_day('wednesday')
fechas2/train/fechas2_009693.en.wav,this coming thursday please | next_day('thursday')
fechas2/train/fechas2_009694.en.wav,next tuesday thank you | next_day('tuesday')
fechas2/train/fechas2_009695.en.wav,in a couple of days | relative_day(+2)
fechas2/train/fechas2_009696.en.wav,friday thank you | next_day('friday')
fechas2/train/fechas2_009697.en.wav,please next tuesday | next_day('tuesday')
fechas2/train/fechas2_009698.en.wav,monday | next_day('monday')
fechas2/train/fechas2_009699.en.wav,next wednesday | next_day('wednesday')
fechas2/train/fechas2_009700.en.wav,in a couple of days | relative_day(+2)
fechas2/train/fechas2_009701.en.wav,the following tuesday | next_day('tuesday')
fechas2/train/fechas2_009702.en.wav,next thursday thank you | next_day('thursday')
fechas2/train/fechas2_009703.en.wav,this wednesday | next_day('wednesday')
fechas2/train/fechas2_009704.en.wav,the day after tomorrow | relative_day(+2)
fechas2/train/fechas2_009705.en.wav,on monday please | next_day('monday')
fechas2/train/fechas2_009706.en.wav,tuesday | next_day('tuesday')
fechas2/train/fechas2_009707.en.wav,friday | next_day('friday')
fechas2/train/fechas2_009708.en.wav,this coming thursday | next_day('thursday')
fechas2/train/fechas2_009709.en.wav,next friday | next_day('friday')
fechas2/train/fechas2_009710.en.wav,in a couple of days | relative_day(+2)
fechas2/train/fechas2_009711.en.wav,the following wednesday | next_day('wednesday')
fechas2/train/fechas2_009712.en.wav,next thursday | next_day('thursday')
fechas2/train/fechas2_009713.en.wav,this coming friday | next_day('friday')
fechas2/train/fechas2_009714.en.wav,the day after tomorrow thanks | relative_day(+2)
fechas2/train/fechas2_009715.en.wav,next friday | next_day('friday')
fechas2/train/fechas2_009716.en.wav,next wednesday | next_day('wednesday')
fechas2/train/fechas2_009717.en.wav,in a couple of days thanks | relative_day(+2)
fechas2/train/fechas2_009718.en.wav,next monday please | next_day('monday')
fechas2/train/fechas2_009719.en.wav,next tuesday | next_day('tuesday')
fechas2/train/fechas2_009720.en.wav,this coming monday thank you | next_day('monday')
fechas2/train/fechas2_009721.en.wav,this coming wednesday | next_day('wednesday')
fechas2/train/fechas2_009722.en.wav,monday | next_day('monday')
fechas2/train/fechas2_009723.en.wav,please next monday | next_day('monday')
fechas2/train/fechas2_009724.en.wav,next thursday | next_day('thursday')
fechas2/train/fechas2_009725.en.wav,please next monday | next_day('monday')
fechas2/train/fechas2_009726.en.wav,next monday please | next_day('monday')
fechas2/train/fechas2_009727.en.wav,next thursday | next_day('thursday')
fechas2/train/fechas2_009728.en.wav,please in three days | relative_day(+3)
fechas2/train/fechas2_009729.en.wav,next wednesday | next_day('wednesday')
fechas2/train/fechas2_009730.en.wav,this wednesday | next_day('wednesday')
fechas2/train/fechas2_009731.en.wav,in a couple of days thanks | relative_day(+2)
fechas2/train/fechas2_009732.en.wav,in a couple of days | relative_day(+2)
fechas2/train/fechas2_009733.en.wav,next friday please | next_day('friday')
fechas2/train/fechas2_009734.en.wav,this monday please | next_day('monday')
fechas2/train/fechas2_009735.en.wav,this thursday | next_day('thursday')
fechas2/train/fechas2_009736.en.wav,this coming wednesday | next_day('wednesday')
fechas2/train/fechas2_009737.en.wav,please next monday | next_day('monday')
fechas2/train/fechas2_009738.en.wav,next thursday thank you | next_day('thursday')
fechas2/train/fechas2_009739.en.wav,this wednesday please | next_day('wednesday')
fechas2/train/fechas2_009740.en.wav,thursday | next_day('thursday')
fechas2/train/fechas2_009741.en.wav,this coming monday please | next_day('monday')
fechas2/train/fechas2_009742.en.wav,in a couple of days | relative_day(+2)
fechas2/train/fechas2_009743.en.wav,this coming friday | next_day('friday')
fechas2/train/fechas2_009744.en.wav,next tuesday please | next_day('tuesday')
fechas2/train/fechas2_009745.en.wav,this monday please | next_day('monday')
fechas2/train/fechas2_009746.en.wav,next monday | next_day('monday')
fechas2/train/fechas2_009747.en.wav,in a couple of days | relative_day(+2)
fechas2/train/fechas2_009748.en.wav,next wednesday | next_day('wednesday')
fechas2/train/fechas2_009749.en.wav,next thursday thank you | next_day('thursday')
fechas2/train/fechas2_009750.en.wav,in a couple of days | relative_day(+2)
fechas2/train/fechas2_009751.en.wav,please in three days | relative_day(+3)
fechas2/train/fechas2_009752.en.wav,next friday | next_day('friday')
fechas2/train/fechas2_009753.en.wav,in three days | relative_day(+3)
fechas2/train/fechas2_009754.en.wav,tomorrow please | relative_day(+1)
fechas2/train/fechas2_009755.en.wav,in three days | relative_day(+3)
fechas2/train/fechas2_009756.en.wav,next monday | next_day('monday')
fechas2/train/fechas2_009757.en.wav,next monday thank you | next_day('monday')
fechas2/train/fechas2_009758.en.wav,tomorrow | relative_day(+1)
fechas2/train/fechas2_009759.en.wav,please this thursday | next_day('thursday')
fechas2/train/fechas2_009760.en.wav,this coming monday | next_day('monday')
fechas2/train/fechas2_009761.en.wav,the day after tomorrow | relative_day(+2)
fechas2/train/fechas2_009762.en.wav,this monday | next_day('monday')
fechas2/train/fechas2_009763.en.wav,in a couple of days please | relative_day(+2)
fechas2/train/fechas2_009764.en.wav,next thursday | next_day('thursday')
fechas2/train/fechas2_009765.en.wav,friday thank you | next_day('friday')
fechas2/train/fechas2_009766.en.wav,next wednesday | next_day('wednesday')
fechas2/train/fechas2_009767.en.wav,please this coming wednesday | next_day('wednesday')
fechas2/train/fechas2_009768.en.wav,next friday thank you | next_day('friday')
fechas2/train/fechas2_009769.en.wav,next wednesday please | next_day('wednesday')
fechas2/train/fechas2_009770.en.wav,friday | next_day('friday')
fechas2/train/fechas2_009771.en.wav,monday | next_day('monday')
fechas2/train/fechas2_009772.en.wav,next thursday please | next_day('thursday')
fechas2/train/fechas2_009773.en.wav,please next friday | next_day('friday')
fechas2/train/fechas2_009774.en.wav,this coming thursday | next_day('thursday')
fechas2/train/fechas2_009775.en.wav,in three days | relative_day(+3)
fechas2/train/fechas2_009776.en.wav,the day after tomorrow | relative_day(+2)
fechas2/train/fechas2_009777.en.wav,this coming monday | next_day('monday')
fechas2/train/fechas2_009778.en.wav,this monday | next_day('monday')
fechas2/train/fechas2_009779.en.wav,next thursday please | next_day('thursday')
fechas2/train/fechas2_009780.en.wav,this coming thursday | next_day('thursday')
fechas2/train/fechas2_009781.en.wav,thursday | next_day('thursday')
fechas2/train/fechas2_009782.en.wav,next wednesday please | next_day('wednesday')
fechas2/train/fechas2_009783.en.wav,please on wednesday | next_day('wednesday')
fechas2/train/fechas2_009784.en.wav,in a couple of days | relative_day(+2)
fechas2/train/fechas2_009785.en.wav,next thursday thank you | next_day('thursday')
fechas2/train/fechas2_009786.en.wav,next tuesday | next_day('tuesday')
fechas2/train/fechas2_009787.en.wav,next friday | next_day('friday')
fechas2/train/fechas2_009788.en.wav,the day after tomorrow | relative_day(+2)
fechas2/train/fechas2_009789.en.wav,next thursday | next_day('thursday')
fechas2/train/fechas2_009790.en.wav,in a couple of days | relative_day(+2)
fechas2/train/fechas2_009791.en.wav,this thursday | next_day('thursday')
fechas2/train/fechas2_009792.en.wav,next friday | next_day('friday')
fechas2/train/fechas2_009793.en.wav,this coming thursday thanks | next_day('thursday')
fechas2/train/fechas2_009794.en.wav,this coming tuesday | next_day('tuesday')
fechas2/train/fechas2_009795.en.wav,please next tuesday | next_day('tuesday')
fechas2/train/fechas2_009796.en.wav,thursday thank you | next_day('thursday')
fechas2/train/fechas2_009797.en.wav,the day after tomorrow | relative_day(+2)
fechas2/train/fechas2_009798.en.wav,next friday please | next_day('friday')
fechas2/train/fechas2_009799.en.wav,please this coming monday | next_day('monday')
fechas2/train/fechas2_009800.en.wav,please this wednesday | next_day('wednesday')
fechas2/train/fechas2_009801.en.wav,the day after tomorrow | relative_day(+2)
fechas2/train/fechas2_009802.en.wav,please on thursday | next_day('thursday')
fechas2/train/fechas2_009803.en.wav,please on friday | next_day('friday')
fechas2/train/fechas2_009804.en.wav,this wednesday | next_day('wednesday')
fechas2/train/fechas2_009805.en.wav,this tuesday please | next_day('tuesday')
fechas2/train/fechas2_009806.en.wav,this coming tuesday | next_day('tuesday')
fechas2/train/fechas2_009807.en.wav,this thursday | next_day('thursday')
fechas2/train/fechas2_009808.en.wav,this thursday | next_day('thursday')
fechas2/train/fechas2_009809.en.wav,this monday | next_day('monday')
fechas2/train/fechas2_009810.en.wav,in a couple of days | relative_day(+2)
fechas2/train/fechas2_009811.en.wav,the day after tomorrow | relative_day(+2)
fechas2/train/fechas2_009812.en.wav,in three days | relative_day(+3)
fechas2/train/fechas2_009813.en.wav,please in three days | relative_day(+3)
fechas2/train/fechas2_009814.en.wav,this coming monday | next_day('monday')
fechas2/train/fechas2_009815.en.wav,the following friday | next_day('friday')
fechas2/train/fechas2_009816.en.wav,please this tuesday | next_day('tuesday')
fechas2/train/fechas2_009817.en.wav,please on wednesday | next_day('wednesday')
fechas2/train/fechas2_009818.en.wav,this wednesday thank you | next_day('wednesday')
fechas2/train/fechas2_009819.en.wav,next thursday | next_day('thursday')
fechas2/train/fechas2_009820.en.wav,tuesday | next_day('tuesday')
fechas2/train/fechas2_009821.en.wav,next monday thank you | next_day('monday')
fechas2/train/fechas2_009822.en.wav,this coming tuesday | next_day('tuesday')
fechas2/train/fechas2_009823.en.wav,next friday | next_day('friday')
fechas2/train/fechas2_009824.en.wav,the day after tomorrow thanks | relative_day(+2)
fechas2/train/fechas2_009825.en.wav,thursday | next_day('thursday')
fechas2/train/fechas2_009826.en.wav,please this tuesday | next_day('tuesday')
fechas2/train/fechas2_009827.en.wav,in three days | relative_day(+3)
fechas2/train/fechas2_009828.en.wav,please on tuesday | next_day('tuesday')
fechas2/train/fechas2_009829.en.wav,this tuesday | next_day('tuesday')
fechas2/train/fechas2_009830.en.wav,wednesday | next_day('wednesday')
fechas2/train/fechas2_009831.en.wav,please this tuesday | next_day('tuesday')
fechas2/train/fechas2_009832.en.wav,next friday | next_day('friday')
fechas2/train/fechas2_009833.en.wav,please next monday | next_day('monday')
fechas2/train/fechas2_009834.en.wav,this monday | next_day('monday')
fechas2/train/fechas2_009835.en.wav,next wednesday please | next_day('wednesday')
fechas2/train/fechas2_009836.en.wav,tomorrow | relative_day(+1)
fechas2/train/fechas2_009837.en.wav,in a couple of days | relative_day(+2)
fechas2/train/fechas2_009838.en.wav,in three days | relative_day(+3)
fechas2/train/fechas2_009839.en.wav,next friday please | next_day('friday')
fechas2/train/fechas2_009840.en.wav,this thursday | next_day('thursday')
fechas2/train/fechas2_009841.en.wav,next friday | next_day('friday')
fechas2/train/fechas2_009842.en.wav,this tuesday thank you | next_day('tuesday')
fechas2/train/fechas2_009843.en.wav,thursday | next_day('thursday')
fechas2/train/fechas2_009844.en.wav,please in three days | relative_day(+3)
fechas2/train/fechas2_009845.en.wav,next monday | next_day('monday')
fechas2/train/fechas2_009846.en.wav,in three days | relative_day(+3)
fechas2/train/fechas2_009847.en.wav,next friday | next_day('friday')
fechas2/train/fechas2_009848.en.wav,please this coming friday | next_day('friday')
fechas2/train/fechas2_009849.en.wav,wednesday | next_day('wednesday')
fechas2/train/fechas2_009850.en.wav,in three days | relative_day(+3)
fechas2/train/fechas2_009851.en.wav,next monday please | next_day('monday')
fechas2/train/fechas2_009852.en.wav,the day after tomorrow | relative_day(+2)
fechas2/train/fechas2_009853.en.wav,the day after tomorrow | relative_day(+2)
fechas2/train/fechas2_009854.en.wav,this monday | next_day('monday')
fechas2/train/fechas2_009855.en.wav,in a couple of days | relative_day(+2)
fechas2/train/fechas2_009856.en.wav,in a couple of days thanks | relative_day(+2)
fechas2/train/fechas2_009857.en.wav,please on friday | next_day('friday')
fechas2/train/fechas2_009858.en.wav,please this coming friday | next_day('friday')
fechas2/train/fechas2_009859.en.wav,the day after tomorrow | relative_day(+2)
fechas2/train/fechas2_009860.en.wav,the day after tomorrow | relative_day(+2)
fechas2/train/fechas2_009861.en.wav,please this tuesday | next_day('tuesday')
fechas2/train/fechas2_009862.en.wav,next friday | next_day('friday')
fechas2/train/fechas2_009863.en.wav,next monday please | next_day('monday')
fechas2/train/fechas2_009864.en.wav,in a couple of days please | relative_day(+2)
fechas2/train/fechas2_009865.en.wav,next wednesday | next_day('wednesday')
fechas2/train/fechas2_009866.en.wav,this thursday thank you | next_day('thursday')
fechas2/train/fechas2_009867.en.wav,next wednesday please | next_day('wednesday')
fechas2/train/fechas2_009868.en.wav,friday thank you | next_day('friday')
fechas2/train/fechas2_009869.en.wav,please next monday | next_day('monday')
fechas2/train/fechas2_009870.en.wav,this coming monday | next_day('monday')
fechas2/train/fechas2_009871.en.wav,the following monday | next_day('monday')
fechas2/train/fechas2_009872.en.wav,the day after tomorrow thanks | relative_day(+2)
fechas2/train/fechas2_009873.en.wav,next monday | next_day('monday')
fechas2/train/fechas2_009874.en.wav,next friday | next_day('friday')
fechas2/train/fechas2_009875.en.wav,next thursday | next_day('thursday')
fechas2/train/fechas2_009876.en.wav,thursday | next_day('thursday')
fechas2/train/fechas2_009877.en.wav,please this coming friday | next_day('friday')
fechas2/train/fechas2_009878.en.wav,on monday please | next_day('monday')
fechas2/train/fechas2_009879.en.wav,next friday | next_day('friday')
fechas2/train/fechas2_009880.en.wav,next tuesday | next_day('tuesday')
fechas2/train/fechas2_009881.en.wav,next tuesday please | next_day('tuesday')
fechas2/train/fechas2_009882.en.wav,next monday | next_day('monday')
fechas2/train/fechas2_009883.en.wav,this thursday | next_day('thursday')
fechas2/train/fechas2_009884.en.wav,thursday | next_day('thursday')
fechas2/train/fechas2_009885.en.wav,next thursday | next_day('thursday')
fechas2/train/fechas2_009886.en.wav,this coming friday | next_day('friday')
fechas2/train/fechas2_009887.en.wav,next friday please | next_day('friday')
fechas2/train/fechas2_009888.en.wav,please next monday | next_day('monday')
fechas2/train/fechas2_009889.en.wav,this coming thursday | next_day('thursday')
fechas2/train/fechas2_009890.en.wav,please next monday | next_day('monday')
fechas2/train/fechas2_009891.en.wav,the day after tomorrow | relative_day(+2)
fechas2/train/fechas2_009892.en.wav,next thursday | next_day('thursday')
fechas2/train/fechas2_009893.en.wav,next tuesday | next_day('tuesday')
fechas2/train/fechas2_009894.en.wav,next wednesday | next_day('wednesday')
fechas2/train/fechas2_009895.en.wav,please this coming friday | next_day('friday')
fechas2/train/fechas2_009896.en.wav,next friday | next_day('friday')
fechas2/train/fechas2_009897.en.wav,next friday please | next_day('friday')
fechas2/train/fechas2_009898.en.wav,please next wednesday | next_day('wednesday')
fechas2/train/fechas2_009899.en.wav,please this coming wednesday | next_day('wednesday')
fechas2/train/fechas2_009900.en.wav,this wednesday please | next_day('wednesday')
fechas2/train/fechas2_009901.en.wav,please in three days | relative_day(+3)
fechas2/train/fechas2_009902.en.wav,in three days please | relative_day(+3)
fechas2/train/fechas2_009903.en.wav,next tuesday | next_day('tuesday')
fechas2/train/fechas2_009904.en.wav,this coming thursday | next_day('thursday')
fechas2/train/fechas2_009905.en.wav,this tuesday | next_day('tuesday')
fechas2/train/fechas2_009906.en.wav,thursday | next_day('thursday')
fechas2/train/fechas2_009907.en.wav,this coming tuesday | next_day('tuesday')
fechas2/train/fechas2_009908.en.wav,in three days | relative_day(+3)
fechas2/train/fechas2_009909.en.wav,next thursday please | next_day('thursday')
fechas2/train/fechas2_009910.en.wav,wednesday | next_day('wednesday')
fechas2/train/fechas2_009911.en.wav,in three days | relative_day(+3)
fechas2/train/fechas2_009912.en.wav,next friday | next_day('friday')
fechas2/train/fechas2_009913.en.wav,next friday | next_day('friday')
fechas2/train/fechas2_009914.en.wav,monday | next_day('monday')
fechas2/train/fechas2_009915.en.wav,please on thursday | next_day('thursday')
fechas2/train/fechas2_009916.en.wav,next wednesday | next_day('wednesday')
fechas2/train/fechas2_009917.en.wav,tuesday please | next_day('tuesday')
fechas2/train/fechas2_009918.en.wav,this wednesday thank you | next_day('wednesday')
fechas2/train/fechas2_009919.en.wav,in a couple of days please | relative_day(+2)
fechas2/train/fechas2_009920.en.wav,wednesday | next_day('wednesday')
fechas2/train/fechas2_009921.en.wav,in three days | relative_day(+3)
fechas2/train/fechas2_009922.en.wav,tomorrow | relative_day(+1)
fechas2/train/fechas2_009923.en.wav,this coming tuesday | next_day('tuesday')
fechas2/train/fechas2_009924.en.wav,next thursday | next_day('thursday')
fechas2/train/fechas2_009925.en.wav,in a couple of days | relative_day(+2)
fechas2/train/fechas2_009926.en.wav,next tuesday | next_day('tuesday')
fechas2/train/fechas2_009927.en.wav,in a couple of days | relative_day(+2)
fechas2/train/fechas2_009928.en.wav,this coming thursday | next_day('thursday')
fechas2/train/fechas2_009929.en.wav,this coming friday | next_day('friday')
fechas2/train/fechas2_009930.en.wav,next wednesday thank you | next_day('wednesday')
fechas2/train/fechas2_009931.en.wav,in a couple of days | relative_day(+2)
fechas2/train/fechas2_009932.en.wav,next friday | next_day('friday')
fechas2/train/fechas2_009933.en.wav,in three days thanks | relative_day(+3)
fechas2/train/fechas2_009934.en.wav,tomorrow | relative_day(+1)
fechas2/train/fechas2_009935.en.wav,the day after tomorrow | relative_day(+2)
fechas2/train/fechas2_009936.en.wav,this coming wednesday | next_day('wednesday')
fechas2/train/fechas2_009937.en.wav,next monday thank you | next_day('monday')
fechas2/train/fechas2_009938.en.wav,next thursday | next_day('thursday')
fechas2/train/fechas2_009939.en.wav,the day after tomorrow | relative_day(+2)
fechas2/train/fechas2_009940.en.wav,this coming tuesday | next_day('tuesday')
fechas2/train/fechas2_009941.en.wav,next friday | next_day('friday')
fechas2/train/fechas2_009942.en.wav,in a couple of days | relative_day(+2)
fechas2/train/fechas2_009943.en.wav,please tomorrow | relative_day(+1)
fechas2/train/fechas2_009944.en.wav,this thursday | next_day('thursday')
fechas2/train/fechas2_009945.en.wav,the day after tomorrow | relative_day(+2)
fechas2/train/fechas2_009946.en.wav,the day after tomorrow please | relative_day(+2)
fechas2/train/fechas2_009947.en.wav,wednesday | next_day('wednesday')
fechas2/train/fechas2_009948.en.wav,next tuesday | next_day('tuesday')
fechas2/train/fechas2_009949.en.wav,this wednesday | next_day('wednesday')
fechas2/train/fechas2_009950.en.wav,next monday | next_day('monday')
fechas2/train/fechas2_009951.en.wav,thursday | next_day('thursday')
fechas2/train/fechas2_009952.en.wav,next friday thank you | next_day('friday')
fechas2/train/fechas2_009953.en.wav,next thursday | next_day('thursday')
fechas2/train/fechas2_009954.en.wav,tomorrow thank you | relative_day(+1)
fechas2/train/fechas2_009955.en.wav,next monday | next_day('monday')
fechas2/train/fechas2_009956.en.wav,this tuesday please | next_day('tuesday')
fechas2/train/fechas2_009957.en.wav,monday | next_day('monday')
fechas2/train/fechas2_009958.en.wav,day after tomorrow | relative_day(+2)
fechas2/train/fechas2_009959.en.wav,next monday | next_day('monday')
fechas2/train/fechas2_009960.en.wav,this tuesday | next_day('tuesday')
fechas2/train/fechas2_009961.en.wav,please next monday | next_day('monday')
fechas2/train/fechas2_009962.en.wav,monday | next_day('monday')
fechas2/train/fechas2_009963.en.wav,please next monday | next_day('monday')
fechas2/train/fechas2_009964.en.wav,next monday | next_day('monday')
fechas2/train/fechas2_009965.en.wav,this tuesday | next_day('tuesday')
fechas2/train/fechas2_009966.en.wav,in three days thanks | relative_day(+3)
fechas2/train/fechas2_009967.en.wav,please this friday | next_day('friday')
fechas2/train/fechas2_009968.en.wav,please this wednesday | next_day('wednesday')
fechas2/train/fechas2_009969.en.wav,next thursday thank you | next_day('thursday')
fechas2/train/fechas2_009970.en.wav,tomorrow | relative_day(+1)
fechas2/train/fechas2_009971.en.wav,next thursday | next_day('thursday')
fechas2/train/fechas2_009972.en.wav,in a couple of days | relative_day(+2)
fechas2/train/fechas2_009973.en.wav,this tuesday please | next_day('tuesday')
fechas2/train/fechas2_009974.en.wav,next monday | next_day('monday')
fechas2/train/fechas2_009975.en.wav,the day after tomorrow | relative_day(+2)
fechas2/train/fechas2_009976.en.wav,next tuesday please | next_day('tuesday')
fechas2/train/fechas2_009977.en.wav,next wednesday | next_day('wednesday')
fechas2/train/fechas2_009978.en.wav,next friday | next_day('friday')
fechas2/train/fechas2_009979.en.wav,this coming monday | next_day('monday')
fechas2/train/fechas2_009980.en.wav,next tuesday | next_day('tuesday')
fechas2/train/fechas2_009981.en.wav,monday thank you | next_day('monday')
fechas2/train/fechas2_009982.en.wav,next monday | next_day('monday')
fechas2/train/fechas2_009983.en.wav,in a couple of days | relative_day(+2)
fechas2/train/fechas2_009984.en.wav,please next thursday | next_day('thursday')
fechas2/train/fechas2_009985.en.wav,thursday thank you | next_day('thursday')
fechas2/train/fechas2_009986.en.wav,in three days thanks | relative_day(+3)
fechas2/train/fechas2_009987.en.wav,next wednesday thank you | next_day('wednesday')
fechas2/train/fechas2_009988.en.wav,next friday | next_day('friday')
fechas2/train/fechas2_009989.en.wav,in three days | relative_day(+3)
fechas2/train/fechas2_009990.en.wav,this coming thursday please | next_day('thursday')
fechas2/train/fechas2_009991.en.wav,next monday | next_day('monday')
fechas2/train/fechas2_009992.en.wav,in three days | relative_day(+3)
fechas2/train/fechas2_009993.en.wav,next thursday please | next_day('thursday')
fechas2/train/fechas2_009994.en.wav,tomorrow thank you | relative_day(+1)
fechas2/train/fechas2_009995.en.wav,next monday please | next_day('monday')
fechas2/train/fechas2_009996.en.wav,this coming thursday | next_day('thursday')
fechas2/train/fechas2_009997.en.wav,please this coming wednesday | next_day('wednesday')
fechas2/train/fechas2_009998.en.wav,please in a couple of days | relative_day(+2)
fechas2/train/fechas2_009999.en.wav,in three days | relative_day(+3)
