2025-10-20 13:28:15,879 - INFO - 📝 Log iniciado: logs\20_13_28_sa.log
2025-10-20 13:28:15,880 - INFO - 🎲 Modo 1: Enfriamiento Simulado desde solución aleatoria
2025-10-20 13:28:15,880 - INFO - ================================================================================
2025-10-20 13:28:15,880 - INFO - 🔥 INICIANDO ENFRIAMIENTO SIMULADO
2025-10-20 13:28:15,880 - INFO - ================================================================================
2025-10-20 13:28:15,880 - INFO - 🎲 Generando solución inicial aleatoria...
2025-10-20 13:28:16,246 - INFO - Solución inicial creada - Fitness: 99.8, Puntos: 15233
2025-10-20 13:28:16,246 - INFO -   ✅ La solución del GA es válida (sin duplicados).
2025-10-20 13:28:16,247 - INFO - 📊 Configuración para Enfriamiento Simulado:
2025-10-20 13:28:16,247 - INFO -   • Temperatura inicial: 3.0
2025-10-20 13:28:16,247 - INFO -   • Temperatura mínima: 0.1
2025-10-20 13:28:16,247 - INFO -   • Tipo de enfriamiento: 🔄 ADAPTATIVO (lineal por tiempo)
2025-10-20 13:28:16,247 - INFO -   • Máx. tiempo: 240.0 minutos (4.0 horas)
2025-10-20 13:28:16,247 - INFO -   • Máx. iter. sin mejora: 999,999
2025-10-20 13:28:16,247 - INFO -   • Usar optimización 2-opt: ✅ SÍ
2025-10-20 13:28:16,247 - INFO -   • Fitness inicial (REAL): 99.8
2025-10-20 13:28:16,247 - INFO -   • Puntos iniciales (REAL): 15233
2025-10-20 13:28:16,248 - INFO - ================================================================================
2025-10-20 13:28:16,822 - INFO - 🔄 Iniciando búsqueda...
2025-10-20 13:28:16,822 - INFO - Iniciando búsqueda por vecindario
2025-10-20 13:28:16,823 - INFO - Configuración: T_inicial=3, alpha=0.9995, max_tiempo=14400s, usar_2opt=True
2025-10-20 13:28:16,823 - INFO - --- Cambiando a Fase: Inicial (Exploración) (Progreso: 0.0%) ---
2025-10-20 13:28:16,827 - DEBUG - Iter 0: T=3.00, Fitness_actual=99.8, Mejor=99.8
2025-10-20 13:28:16,827 - INFO - 🌟 MEJORA #1 en iter 0: Fitness=99.8 (+0.0), Puntos=15233
2025-10-20 13:28:17,148 - INFO - 🌟 MEJORA #2 en iter 3: Fitness=100.8 (+1.0), Puntos=15231
2025-10-20 13:28:17,307 - INFO - 🌟 MEJORA #3 en iter 6: Fitness=100.9 (+0.1), Puntos=15237
2025-10-20 13:28:17,579 - INFO - 🌟 MEJORA #4 en iter 13: Fitness=101.8 (+0.9), Puntos=15228
2025-10-20 13:28:18,152 - INFO - 🌟 MEJORA #5 en iter 26: Fitness=102.0 (+0.2), Puntos=14298
2025-10-20 13:28:18,153 - INFO -   ✨ Mejora #5 en iteración 27: Fitness = 102.0 | Puntos = 14298 | T = 3.00
2025-10-20 13:28:19,045 - INFO - Iter 50: Aceptada solución con delta=-10.5 (T=3.00)
2025-10-20 13:28:19,045 - INFO -   📊 Desglose del cambio:
2025-10-20 13:28:19,046 - INFO -      Puntos: +0 → 14358 total
2025-10-20 13:28:19,046 - INFO -      Tiempo: +0.0min → 13385.6min total
2025-10-20 13:28:19,046 - INFO -      Distancia: +0.0km → 161.1km total
2025-10-20 13:28:22,102 - DEBUG - Iter 100: T=3.00, Fitness_actual=93.7, Mejor=102.0
2025-10-20 13:28:26,180 - DEBUG - Iter 200: T=2.99, Fitness_actual=100.9, Mejor=102.0
2025-10-20 13:28:30,437 - DEBUG - Iter 300: T=2.99, Fitness_actual=89.0, Mejor=102.0
2025-10-20 13:28:35,078 - DEBUG - Iter 400: T=2.99, Fitness_actual=80.2, Mejor=102.0
2025-10-20 13:28:38,967 - INFO -   Iter   500 | Tiempo:    0.4min ( 0.2%) | T =     2.99 | Fitness =     78.5 | Mejor =    102.0 | Aceptación =  85.6%
2025-10-20 13:28:38,967 - INFO - Progreso iter 500: T=2.99, Fitness=78.5, Mejor=102.0, Tasa_acept=85.6%
2025-10-20 13:28:38,967 - WARNING - ⚠️  DEGRADACIÓN DETECTADA en iter 500:
2025-10-20 13:28:38,967 - WARNING -    Mejor fitness: 102.0
2025-10-20 13:28:38,968 - WARNING -    Fitness promedio reciente: 80.0
2025-10-20 13:28:38,968 - WARNING -    Degradación: 22.0
2025-10-20 13:28:38,968 - WARNING -    🔄 RESTAURANDO mejor solución...
2025-10-20 13:28:38,971 - DEBUG - Iter 500: T=2.99, Fitness_actual=102.0, Mejor=102.0
2025-10-20 13:28:39,008 - INFO - 🌟 MEJORA #6 en iter 501: Fitness=102.0 (+0.0), Puntos=14298
2025-10-20 13:28:39,045 - INFO - 🌟 MEJORA #7 en iter 502: Fitness=102.0 (+0.0), Puntos=14298
2025-10-20 13:28:41,291 - INFO - 🌟 MEJORA #8 en iter 563: Fitness=104.9 (+2.9), Puntos=14788
2025-10-20 13:28:41,328 - INFO - 🌟 MEJORA #9 en iter 564: Fitness=106.4 (+1.5), Puntos=14788
2025-10-20 13:28:42,657 - DEBUG - Iter 600: T=2.98, Fitness_actual=102.2, Mejor=106.4
2025-10-20 13:28:42,992 - INFO - 🌟 MEJORA #10 en iter 609: Fitness=106.4 (+0.1), Puntos=14949
2025-10-20 13:28:42,992 - INFO -   ✨ Mejora #10 en iteración 610: Fitness = 106.4 | Puntos = 14949 | T = 2.98
2025-10-20 13:28:44,317 - INFO - 🌟 MEJORA #11 en iter 643: Fitness=106.9 (+0.4), Puntos=14540
2025-10-20 13:28:44,467 - INFO - 🌟 MEJORA #12 en iter 647: Fitness=107.0 (+0.1), Puntos=14503
2025-10-20 13:28:44,505 - INFO - 🌟 MEJORA #13 en iter 648: Fitness=107.0 (+0.0), Puntos=14503
2025-10-20 13:28:44,580 - INFO - 🌟 MEJORA #14 en iter 650: Fitness=107.0 (+0.0), Puntos=14503
2025-10-20 13:28:46,327 - INFO - 🌟 MEJORA #15 en iter 696: Fitness=107.9 (+0.8), Puntos=14489
2025-10-20 13:28:46,327 - INFO -   ✨ Mejora #15 en iteración 697: Fitness = 107.9 | Puntos = 14489 | T = 2.98
2025-10-20 13:28:46,481 - DEBUG - Iter 700: T=2.98, Fitness_actual=107.2, Mejor=107.9
2025-10-20 13:28:47,262 - INFO - 🌟 MEJORA #16 en iter 720: Fitness=108.2 (+0.3), Puntos=14773
2025-10-20 13:28:47,340 - INFO - 🌟 MEJORA #17 en iter 722: Fitness=108.8 (+0.6), Puntos=14783
2025-10-20 13:28:47,685 - INFO - 🌟 MEJORA #18 en iter 731: Fitness=108.8 (+0.0), Puntos=14783
2025-10-20 13:28:47,763 - INFO - 🌟 MEJORA #19 en iter 733: Fitness=108.8 (+0.0), Puntos=14783
2025-10-20 13:28:47,801 - INFO - 🌟 MEJORA #20 en iter 734: Fitness=108.8 (+0.0), Puntos=14784
2025-10-20 13:28:47,802 - INFO -   ✨ Mejora #20 en iteración 735: Fitness = 108.8 | Puntos = 14784 | T = 2.98
2025-10-20 13:28:47,956 - INFO - 🌟 MEJORA #21 en iter 738: Fitness=108.8 (+0.0), Puntos=14789
2025-10-20 13:28:47,995 - INFO - 🌟 MEJORA #22 en iter 739: Fitness=108.8 (+0.0), Puntos=14789
2025-10-20 13:28:48,033 - INFO - 🌟 MEJORA #23 en iter 740: Fitness=109.0 (+0.1), Puntos=14799
2025-10-20 13:28:48,265 - INFO - 🌟 MEJORA #24 en iter 746: Fitness=109.4 (+0.4), Puntos=14839
2025-10-20 13:28:48,303 - INFO - 🌟 MEJORA #25 en iter 747: Fitness=109.4 (+0.0), Puntos=14839
2025-10-20 13:28:48,304 - INFO -   ✨ Mejora #25 en iteración 748: Fitness = 109.4 | Puntos = 14839 | T = 2.98
2025-10-20 13:28:48,575 - INFO - 🌟 MEJORA #26 en iter 754: Fitness=109.7 (+0.4), Puntos=14978
2025-10-20 13:28:48,652 - INFO - 🌟 MEJORA #27 en iter 756: Fitness=109.8 (+0.1), Puntos=14986
2025-10-20 13:28:48,690 - INFO - 🌟 MEJORA #28 en iter 757: Fitness=109.8 (+0.0), Puntos=14989
2025-10-20 13:28:50,385 - DEBUG - Iter 800: T=2.98, Fitness_actual=108.5, Mejor=109.8
2025-10-20 13:28:50,544 - INFO - 🌟 MEJORA #29 en iter 804: Fitness=112.5 (+2.7), Puntos=14810
2025-10-20 13:28:50,623 - INFO - 🌟 MEJORA #30 en iter 806: Fitness=113.0 (+0.5), Puntos=14804
2025-10-20 13:28:50,624 - INFO -   ✨ Mejora #30 en iteración 807: Fitness = 113.0 | Puntos = 14804 | T = 2.98
2025-10-20 13:28:54,015 - DEBUG - Iter 900: T=2.98, Fitness_actual=84.2, Mejor=113.0
2025-10-20 13:28:55,801 - WARNING - ⚠️  DEGRADACIÓN DETECTADA en iter 950:
2025-10-20 13:28:55,801 - WARNING -    Mejor fitness: 113.0
2025-10-20 13:28:55,801 - WARNING -    Fitness promedio reciente: 84.5
2025-10-20 13:28:55,801 - WARNING -    Degradación: 28.5
2025-10-20 13:28:55,802 - WARNING -    🔄 RESTAURANDO mejor solución...
2025-10-20 13:28:55,804 - INFO - 🌟 MEJORA #31 en iter 950: Fitness=113.0 (+0.0), Puntos=14804
2025-10-20 13:28:55,840 - INFO - 🌟 MEJORA #32 en iter 951: Fitness=113.9 (+0.9), Puntos=14793
2025-10-20 13:28:57,625 - INFO -   Iter  1000 | Tiempo:    0.7min ( 0.3%) | T =     2.97 | Fitness =    110.9 | Mejor =    113.9 | Aceptación =  84.9%
2025-10-20 13:28:57,625 - INFO - Progreso iter 1000: T=2.97, Fitness=110.9, Mejor=113.9, Tasa_acept=84.9%
2025-10-20 13:28:57,628 - DEBUG - Iter 1000: T=2.97, Fitness_actual=110.9, Mejor=113.9
2025-10-20 13:29:01,315 - DEBUG - Iter 1100: T=2.97, Fitness_actual=100.6, Mejor=113.9
2025-10-20 13:29:05,131 - DEBUG - Iter 1200: T=2.97, Fitness_actual=107.9, Mejor=113.9
2025-10-20 13:29:08,932 - DEBUG - Iter 1300: T=2.97, Fitness_actual=100.2, Mejor=113.9
2025-10-20 13:29:12,849 - WARNING - ⚠️  DEGRADACIÓN DETECTADA en iter 1400:
2025-10-20 13:29:12,849 - WARNING -    Mejor fitness: 113.9
2025-10-20 13:29:12,849 - WARNING -    Fitness promedio reciente: 88.7
2025-10-20 13:29:12,849 - WARNING -    Degradación: 25.2
2025-10-20 13:29:12,850 - WARNING -    🔄 RESTAURANDO mejor solución...
2025-10-20 13:29:12,852 - DEBUG - Iter 1400: T=2.97, Fitness_actual=113.9, Mejor=113.9
2025-10-20 13:29:16,765 - INFO -   Iter  1500 | Tiempo:    1.0min ( 0.4%) | T =     2.96 | Fitness =    100.0 | Mejor =    113.9 | Aceptación =  86.0%
2025-10-20 13:29:16,765 - INFO - Progreso iter 1500: T=2.96, Fitness=100.0, Mejor=113.9, Tasa_acept=86.0%
2025-10-20 13:29:16,766 - DEBUG - Iter 1500: T=2.96, Fitness_actual=100.0, Mejor=113.9
2025-10-20 13:29:21,011 - DEBUG - Iter 1600: T=2.96, Fitness_actual=99.7, Mejor=113.9
2025-10-20 13:29:25,071 - DEBUG - Iter 1700: T=2.96, Fitness_actual=89.3, Mejor=113.9
2025-10-20 13:29:27,095 - WARNING - ⚠️  DEGRADACIÓN DETECTADA en iter 1750:
2025-10-20 13:29:27,095 - WARNING -    Mejor fitness: 113.9
2025-10-20 13:29:27,095 - WARNING -    Fitness promedio reciente: 89.4
2025-10-20 13:29:27,095 - WARNING -    Degradación: 24.5
2025-10-20 13:29:27,095 - WARNING -    🔄 RESTAURANDO mejor solución...
2025-10-20 13:29:27,098 - INFO - 🌟 MEJORA #33 en iter 1750: Fitness=113.9 (+0.0), Puntos=14793
2025-10-20 13:29:27,178 - INFO - 🌟 MEJORA #34 en iter 1752: Fitness=113.9 (+0.0), Puntos=14793
2025-10-20 13:29:29,109 - DEBUG - Iter 1800: T=2.96, Fitness_actual=111.7, Mejor=113.9
2025-10-20 13:29:33,138 - DEBUG - Iter 1900: T=2.95, Fitness_actual=102.3, Mejor=113.9
2025-10-20 13:29:37,297 - INFO -   Iter  2000 | Tiempo:    1.4min ( 0.6%) | T =     2.95 | Fitness =    103.1 | Mejor =    113.9 | Aceptación =  85.9%
2025-10-20 13:29:37,298 - INFO - Progreso iter 2000: T=2.95, Fitness=103.1, Mejor=113.9, Tasa_acept=85.9%
2025-10-20 13:29:37,301 - DEBUG - Iter 2000: T=2.95, Fitness_actual=103.1, Mejor=113.9
2025-10-20 13:29:41,376 - DEBUG - Iter 2100: T=2.95, Fitness_actual=99.4, Mejor=113.9
2025-10-20 13:29:45,219 - WARNING - ⚠️  DEGRADACIÓN DETECTADA en iter 2200:
2025-10-20 13:29:45,219 - WARNING -    Mejor fitness: 113.9
2025-10-20 13:29:45,219 - WARNING -    Fitness promedio reciente: 85.7
2025-10-20 13:29:45,219 - WARNING -    Degradación: 28.3
2025-10-20 13:29:45,219 - WARNING -    🔄 RESTAURANDO mejor solución...
2025-10-20 13:29:45,221 - DEBUG - Iter 2200: T=2.95, Fitness_actual=113.9, Mejor=113.9
2025-10-20 13:29:45,303 - INFO - 🌟 MEJORA #35 en iter 2202: Fitness=113.9 (+0.0), Puntos=14795
2025-10-20 13:29:45,304 - INFO -   ✨ Mejora #35 en iteración 2203: Fitness = 113.9 | Puntos = 14795 | T = 2.95
2025-10-20 13:29:45,959 - WARNING - ================================================================================
2025-10-20 13:29:45,959 - WARNING - ⚠️  SALTO ANORMAL DETECTADO en iteración 2218
2025-10-20 13:29:45,960 - WARNING -    Fitness actual: 111.8
2025-10-20 13:29:45,960 - WARNING -    Fitness vecino: 61.2
2025-10-20 13:29:45,960 - WARNING -    Delta: -50.6
2025-10-20 13:29:45,960 - WARNING -    Temperatura: 2.95
2025-10-20 13:29:45,960 - WARNING -    Tipo perturbación aplicada: (ver generar_vecino)
2025-10-20 13:29:45,961 - WARNING -    Vecino - Puntos: 14778, Tiempo: 16590.4min, Distancia: 364.0km
2025-10-20 13:29:45,961 - WARNING -    Actual - Puntos: 14785, Tiempo: 14071.4min, Distancia: 171.1km
2025-10-20 13:29:45,961 - WARNING -    Validez restricciones - Vecino: False, Actual: False
2025-10-20 13:29:45,961 - WARNING - ================================================================================
2025-10-20 13:29:45,961 - WARNING - ⚠️  SALTO ANORMAL DETECTADO en iteración 2218
2025-10-20 13:29:45,961 - WARNING -    Fitness: 111.8 → 61.2 (Δ=-50.6)
2025-10-20 13:29:45,962 - WARNING -    Ver detalles en archivo de log
2025-10-20 13:29:47,026 - INFO - 🌟 MEJORA #36 en iter 2244: Fitness=113.9 (+0.0), Puntos=14846
2025-10-20 13:29:47,108 - INFO - 🌟 MEJORA #37 en iter 2246: Fitness=113.9 (+0.0), Puntos=14846
2025-10-20 13:29:49,536 - DEBUG - Iter 2300: T=2.94, Fitness_actual=87.3, Mejor=113.9
2025-10-20 13:29:51,697 - WARNING - ⚠️  DEGRADACIÓN DETECTADA en iter 2350:
2025-10-20 13:29:51,697 - WARNING -    Mejor fitness: 113.9
2025-10-20 13:29:51,697 - WARNING -    Fitness promedio reciente: 91.7
2025-10-20 13:29:51,697 - WARNING -    Degradación: 22.3
2025-10-20 13:29:51,697 - WARNING -    🔄 RESTAURANDO mejor solución...
2025-10-20 13:29:51,742 - INFO - 🌟 MEJORA #38 en iter 2351: Fitness=114.5 (+0.5), Puntos=14846
2025-10-20 13:29:51,784 - INFO - 🌟 MEJORA #39 en iter 2352: Fitness=115.0 (+0.5), Puntos=14844
2025-10-20 13:29:51,827 - INFO - 🌟 MEJORA #40 en iter 2353: Fitness=115.0 (+0.0), Puntos=14844
2025-10-20 13:29:51,827 - INFO -   ✨ Mejora #40 en iteración 2354: Fitness = 115.0 | Puntos = 14844 | T = 2.94
2025-10-20 13:29:51,911 - INFO - 🌟 MEJORA #41 en iter 2355: Fitness=115.0 (+0.0), Puntos=14844
2025-10-20 13:29:53,070 - INFO - 🌟 MEJORA #42 en iter 2383: Fitness=115.3 (+0.4), Puntos=15083
2025-10-20 13:29:53,114 - INFO - 🌟 MEJORA #43 en iter 2384: Fitness=115.8 (+0.5), Puntos=15083
2025-10-20 13:29:53,199 - INFO - 🌟 MEJORA #44 en iter 2386: Fitness=116.2 (+0.3), Puntos=15163
2025-10-20 13:29:53,283 - INFO - 🌟 MEJORA #45 en iter 2388: Fitness=117.1 (+1.0), Puntos=15161
2025-10-20 13:29:53,283 - INFO -   ✨ Mejora #45 en iteración 2389: Fitness = 117.1 | Puntos = 15161 | T = 2.94
2025-10-20 13:29:53,368 - INFO - 🌟 MEJORA #46 en iter 2390: Fitness=117.1 (+0.0), Puntos=15161
2025-10-20 13:29:53,788 - DEBUG - Iter 2400: T=2.94, Fitness_actual=112.5, Mejor=117.1
2025-10-20 13:29:58,022 - INFO -   Iter  2500 | Tiempo:    1.7min ( 0.7%) | T =     2.94 | Fitness =    102.4 | Mejor =    117.1 | Aceptación =  85.1%
2025-10-20 13:29:58,022 - INFO - Progreso iter 2500: T=2.94, Fitness=102.4, Mejor=117.1, Tasa_acept=85.1%
2025-10-20 13:29:58,024 - DEBUG - Iter 2500: T=2.94, Fitness_actual=102.4, Mejor=117.1
2025-10-20 13:30:02,280 - WARNING - ⚠️  DEGRADACIÓN DETECTADA en iter 2600:
2025-10-20 13:30:02,280 - WARNING -    Mejor fitness: 117.1
2025-10-20 13:30:02,280 - WARNING -    Fitness promedio reciente: 96.5
2025-10-20 13:30:02,280 - WARNING -    Degradación: 20.7
2025-10-20 13:30:02,281 - WARNING -    🔄 RESTAURANDO mejor solución...
2025-10-20 13:30:02,283 - DEBUG - Iter 2600: T=2.94, Fitness_actual=117.1, Mejor=117.1
2025-10-20 13:30:02,326 - INFO - 🌟 MEJORA #47 en iter 2601: Fitness=117.2 (+0.0), Puntos=15162
2025-10-20 13:30:06,593 - DEBUG - Iter 2700: T=2.93, Fitness_actual=102.5, Mejor=117.2
2025-10-20 13:30:10,921 - DEBUG - Iter 2800: T=2.93, Fitness_actual=107.7, Mejor=117.2
2025-10-20 13:30:15,283 - WARNING - ⚠️  DEGRADACIÓN DETECTADA en iter 2900:
2025-10-20 13:30:15,284 - WARNING -    Mejor fitness: 117.2
2025-10-20 13:30:15,284 - WARNING -    Fitness promedio reciente: 90.8
2025-10-20 13:30:15,284 - WARNING -    Degradación: 26.4
2025-10-20 13:30:15,284 - WARNING -    🔄 RESTAURANDO mejor solución...
2025-10-20 13:30:15,286 - DEBUG - Iter 2900: T=2.93, Fitness_actual=117.2, Mejor=117.2
2025-10-20 13:30:15,287 - INFO - 🌟 MEJORA #48 en iter 2900: Fitness=117.2 (+0.0), Puntos=15162
2025-10-20 13:30:19,719 - INFO -   Iter  3000 | Tiempo:    2.1min ( 0.9%) | T =     2.93 | Fitness =    107.7 | Mejor =    117.2 | Aceptación =  85.1%
2025-10-20 13:30:19,720 - INFO - Progreso iter 3000: T=2.93, Fitness=107.7, Mejor=117.2, Tasa_acept=85.1%
2025-10-20 13:30:19,721 - DEBUG - Iter 3000: T=2.93, Fitness_actual=107.7, Mejor=117.2
2025-10-20 13:30:24,152 - DEBUG - Iter 3100: T=2.92, Fitness_actual=103.5, Mejor=117.2
2025-10-20 13:30:28,766 - DEBUG - Iter 3200: T=2.92, Fitness_actual=99.5, Mejor=117.2
2025-10-20 13:30:33,407 - DEBUG - Iter 3300: T=2.92, Fitness_actual=98.0, Mejor=117.2
2025-10-20 13:30:35,748 - WARNING - ⚠️  DEGRADACIÓN DETECTADA en iter 3350:
2025-10-20 13:30:35,748 - WARNING -    Mejor fitness: 117.2
2025-10-20 13:30:35,749 - WARNING -    Fitness promedio reciente: 94.8
2025-10-20 13:30:35,749 - WARNING -    Degradación: 22.4
2025-10-20 13:30:35,749 - WARNING -    🔄 RESTAURANDO mejor solución...
2025-10-20 13:30:38,173 - DEBUG - Iter 3400: T=2.92, Fitness_actual=113.6, Mejor=117.2
2025-10-20 13:30:41,142 - INFO - 🌟 MEJORA #49 en iter 3461: Fitness=117.3 (+0.2), Puntos=14875
2025-10-20 13:30:43,005 - INFO -   Iter  3500 | Tiempo:    2.5min ( 1.0%) | T =     2.91 | Fitness =    115.3 | Mejor =    117.3 | Aceptación =  84.7%
2025-10-20 13:30:43,005 - INFO - Progreso iter 3500: T=2.91, Fitness=115.3, Mejor=117.3, Tasa_acept=84.7%
2025-10-20 13:30:43,007 - DEBUG - Iter 3500: T=2.91, Fitness_actual=115.3, Mejor=117.3
2025-10-20 13:30:47,537 - DEBUG - Iter 3600: T=2.91, Fitness_actual=105.1, Mejor=117.3
2025-10-20 13:30:51,969 - DEBUG - Iter 3700: T=2.91, Fitness_actual=103.4, Mejor=117.3
2025-10-20 13:30:56,350 - DEBUG - Iter 3800: T=2.90, Fitness_actual=95.7, Mejor=117.3
2025-10-20 13:30:58,588 - WARNING - ⚠️  DEGRADACIÓN DETECTADA en iter 3850:
2025-10-20 13:30:58,589 - WARNING -    Mejor fitness: 117.3
2025-10-20 13:30:58,589 - WARNING -    Fitness promedio reciente: 97.1
2025-10-20 13:30:58,589 - WARNING -    Degradación: 20.2
2025-10-20 13:30:58,589 - WARNING -    🔄 RESTAURANDO mejor solución...
2025-10-20 13:30:58,590 - INFO - 🌟 MEJORA #50 en iter 3850: Fitness=118.3 (+1.0), Puntos=14875
2025-10-20 13:30:58,590 - INFO -   ✨ Mejora #50 en iteración 3851: Fitness = 118.3 | Puntos = 14875 | T = 2.90
2025-10-20 13:31:00,797 - DEBUG - Iter 3900: T=2.90, Fitness_actual=106.5, Mejor=118.3
2025-10-20 13:31:05,267 - INFO -   Iter  4000 | Tiempo:    2.8min ( 1.2%) | T =     2.90 | Fitness =     98.8 | Mejor =    118.3 | Aceptación =  84.5%
2025-10-20 13:31:05,267 - INFO - Progreso iter 4000: T=2.90, Fitness=98.8, Mejor=118.3, Tasa_acept=84.5%
2025-10-20 13:31:05,268 - DEBUG - Iter 4000: T=2.90, Fitness_actual=98.8, Mejor=118.3
2025-10-20 13:31:07,509 - WARNING - ⚠️  DEGRADACIÓN DETECTADA en iter 4050:
2025-10-20 13:31:07,510 - WARNING -    Mejor fitness: 118.3
2025-10-20 13:31:07,510 - WARNING -    Fitness promedio reciente: 97.5
2025-10-20 13:31:07,510 - WARNING -    Degradación: 20.8
2025-10-20 13:31:07,510 - WARNING -    🔄 RESTAURANDO mejor solución...
2025-10-20 13:31:09,691 - DEBUG - Iter 4100: T=2.90, Fitness_actual=110.3, Mejor=118.3
2025-10-20 13:31:14,001 - DEBUG - Iter 4200: T=2.89, Fitness_actual=107.3, Mejor=118.3
2025-10-20 13:31:18,178 - DEBUG - Iter 4300: T=2.89, Fitness_actual=106.6, Mejor=118.3
2025-10-20 13:31:22,359 - DEBUG - Iter 4400: T=2.89, Fitness_actual=91.1, Mejor=118.3
2025-10-20 13:31:24,424 - WARNING - ⚠️  DEGRADACIÓN DETECTADA en iter 4450:
2025-10-20 13:31:24,424 - WARNING -    Mejor fitness: 118.3
2025-10-20 13:31:24,424 - WARNING -    Fitness promedio reciente: 90.3
2025-10-20 13:31:24,424 - WARNING -    Degradación: 28.0
2025-10-20 13:31:24,424 - WARNING -    🔄 RESTAURANDO mejor solución...
2025-10-20 13:31:26,471 - INFO -   Iter  4500 | Tiempo:    3.2min ( 1.3%) | T =     2.89 | Fitness =    117.5 | Mejor =    118.3 | Aceptación =  84.5%
2025-10-20 13:31:26,471 - INFO - Progreso iter 4500: T=2.89, Fitness=117.5, Mejor=118.3, Tasa_acept=84.5%
2025-10-20 13:31:26,472 - DEBUG - Iter 4500: T=2.89, Fitness_actual=117.5, Mejor=118.3
2025-10-20 13:31:26,718 - INFO - 🌟 MEJORA #51 en iter 4506: Fitness=119.2 (+0.8), Puntos=14956
2025-10-20 13:31:26,966 - INFO - 🌟 MEJORA #52 en iter 4512: Fitness=119.3 (+0.1), Puntos=14971
2025-10-20 13:31:27,090 - INFO - 🌟 MEJORA #53 en iter 4515: Fitness=119.3 (+0.0), Puntos=14971
2025-10-20 13:31:27,174 - INFO - 🌟 MEJORA #54 en iter 4517: Fitness=119.3 (+0.0), Puntos=14974
2025-10-20 13:31:27,214 - INFO - 🌟 MEJORA #55 en iter 4518: Fitness=119.3 (+0.0), Puntos=14974
2025-10-20 13:31:27,215 - INFO -   ✨ Mejora #55 en iteración 4519: Fitness = 119.3 | Puntos = 14974 | T = 2.89
2025-10-20 13:31:27,336 - INFO - 🌟 MEJORA #56 en iter 4521: Fitness=119.3 (+0.0), Puntos=14974
2025-10-20 13:31:27,377 - INFO - 🌟 MEJORA #57 en iter 4522: Fitness=119.4 (+0.0), Puntos=14975
2025-10-20 13:31:30,655 - DEBUG - Iter 4600: T=2.88, Fitness_actual=109.8, Mejor=119.4
2025-10-20 13:31:34,866 - DEBUG - Iter 4700: T=2.88, Fitness_actual=99.9, Mejor=119.4
2025-10-20 13:31:39,151 - DEBUG - Iter 4800: T=2.88, Fitness_actual=98.7, Mejor=119.4
2025-10-20 13:31:43,497 - WARNING - ⚠️  DEGRADACIÓN DETECTADA en iter 4900:
2025-10-20 13:31:43,497 - WARNING -    Mejor fitness: 119.4
2025-10-20 13:31:43,497 - WARNING -    Fitness promedio reciente: 97.5
2025-10-20 13:31:43,497 - WARNING -    Degradación: 21.9
2025-10-20 13:31:43,497 - WARNING -    🔄 RESTAURANDO mejor solución...
2025-10-20 13:31:43,498 - DEBUG - Iter 4900: T=2.88, Fitness_actual=119.4, Mejor=119.4
2025-10-20 13:31:43,499 - INFO - 🌟 MEJORA #58 en iter 4900: Fitness=119.4 (+0.0), Puntos=14975
2025-10-20 13:31:47,819 - INFO -   Iter  5000 | Tiempo:    3.5min ( 1.5%) | T =     2.87 | Fitness =    104.3 | Mejor =    119.4 | Aceptación =  84.8%
2025-10-20 13:31:47,819 - INFO - Progreso iter 5000: T=2.87, Fitness=104.3, Mejor=119.4, Tasa_acept=84.8%
2025-10-20 13:31:47,821 - DEBUG - Iter 5000: T=2.87, Fitness_actual=104.3, Mejor=119.4
2025-10-20 13:31:52,152 - DEBUG - Iter 5100: T=2.87, Fitness_actual=102.6, Mejor=119.4
2025-10-20 13:31:54,329 - WARNING - ⚠️  DEGRADACIÓN DETECTADA en iter 5150:
2025-10-20 13:31:54,330 - WARNING -    Mejor fitness: 119.4
2025-10-20 13:31:54,330 - WARNING -    Fitness promedio reciente: 99.1
2025-10-20 13:31:54,330 - WARNING -    Degradación: 20.2
2025-10-20 13:31:54,330 - WARNING -    🔄 RESTAURANDO mejor solución...
2025-10-20 13:31:54,331 - INFO - 🌟 MEJORA #59 en iter 5150: Fitness=120.3 (+0.9), Puntos=14967
2025-10-20 13:31:54,372 - INFO - 🌟 MEJORA #60 en iter 5151: Fitness=120.3 (+0.0), Puntos=14967
2025-10-20 13:31:54,373 - INFO -   ✨ Mejora #60 en iteración 5152: Fitness = 120.3 | Puntos = 14967 | T = 2.87
2025-10-20 13:31:54,414 - INFO - 🌟 MEJORA #61 en iter 5152: Fitness=120.3 (+0.0), Puntos=14969
2025-10-20 13:31:54,576 - INFO - 🌟 MEJORA #62 en iter 5156: Fitness=120.4 (+0.0), Puntos=14974
2025-10-20 13:31:56,421 - DEBUG - Iter 5200: T=2.87, Fitness_actual=118.5, Mejor=120.4
2025-10-20 13:31:57,235 - INFO - 🌟 MEJORA #63 en iter 5219: Fitness=120.9 (+0.6), Puntos=15319
2025-10-20 13:31:57,278 - INFO - 🌟 MEJORA #64 en iter 5220: Fitness=120.9 (+0.0), Puntos=15319
2025-10-20 13:31:57,321 - INFO - 🌟 MEJORA #65 en iter 5221: Fitness=120.9 (+0.0), Puntos=15319
2025-10-20 13:31:57,321 - INFO -   ✨ Mejora #65 en iteración 5222: Fitness = 120.9 | Puntos = 15319 | T = 2.87
2025-10-20 13:32:00,662 - DEBUG - Iter 5300: T=2.87, Fitness_actual=109.3, Mejor=120.9
2025-10-20 13:32:04,868 - DEBUG - Iter 5400: T=2.86, Fitness_actual=108.3, Mejor=120.9
2025-10-20 13:32:09,104 - INFO -   Iter  5500 | Tiempo:    3.9min ( 1.6%) | T =     2.86 | Fitness =    103.7 | Mejor =    120.9 | Aceptación =  84.7%
2025-10-20 13:32:09,105 - INFO - Progreso iter 5500: T=2.86, Fitness=103.7, Mejor=120.9, Tasa_acept=84.7%
2025-10-20 13:32:09,107 - DEBUG - Iter 5500: T=2.86, Fitness_actual=103.7, Mejor=120.9
2025-10-20 13:32:13,352 - DEBUG - Iter 5600: T=2.86, Fitness_actual=102.3, Mejor=120.9
2025-10-20 13:32:15,440 - WARNING - ⚠️  DEGRADACIÓN DETECTADA en iter 5650:
2025-10-20 13:32:15,440 - WARNING -    Mejor fitness: 120.9
2025-10-20 13:32:15,441 - WARNING -    Fitness promedio reciente: 98.2
2025-10-20 13:32:15,441 - WARNING -    Degradación: 22.8
2025-10-20 13:32:15,441 - WARNING -    🔄 RESTAURANDO mejor solución...
2025-10-20 13:32:17,604 - DEBUG - Iter 5700: T=2.86, Fitness_actual=115.1, Mejor=120.9
2025-10-20 13:32:22,003 - DEBUG - Iter 5800: T=2.86, Fitness_actual=108.5, Mejor=120.9
2025-10-20 13:32:26,413 - DEBUG - Iter 5900: T=2.85, Fitness_actual=103.0, Mejor=120.9
2025-10-20 13:32:28,610 - WARNING - ⚠️  DEGRADACIÓN DETECTADA en iter 5950:
2025-10-20 13:32:28,611 - WARNING -    Mejor fitness: 120.9
2025-10-20 13:32:28,611 - WARNING -    Fitness promedio reciente: 99.7
2025-10-20 13:32:28,611 - WARNING -    Degradación: 21.3
2025-10-20 13:32:28,611 - WARNING -    🔄 RESTAURANDO mejor solución...
2025-10-20 13:32:28,614 - INFO - 🌟 MEJORA #66 en iter 5950: Fitness=120.9 (+0.0), Puntos=15319
2025-10-20 13:32:28,884 - INFO - 🌟 MEJORA #67 en iter 5956: Fitness=121.4 (+0.5), Puntos=15319
2025-10-20 13:32:28,973 - INFO - 🌟 MEJORA #68 en iter 5958: Fitness=121.4 (+0.0), Puntos=15319
2025-10-20 13:32:29,062 - INFO - 🌟 MEJORA #69 en iter 5960: Fitness=121.4 (+0.0), Puntos=15319
2025-10-20 13:32:29,152 - INFO - 🌟 MEJORA #70 en iter 5962: Fitness=121.4 (+0.0), Puntos=15319
2025-10-20 13:32:29,152 - INFO -   ✨ Mejora #70 en iteración 5963: Fitness = 121.4 | Puntos = 15319 | T = 2.85
2025-10-20 13:32:29,198 - INFO - 🌟 MEJORA #71 en iter 5963: Fitness=122.3 (+0.9), Puntos=15409
2025-10-20 13:32:30,849 - INFO -   Iter  6000 | Tiempo:    4.2min ( 1.8%) | T =     2.85 | Fitness =    112.5 | Mejor =    122.3 | Aceptación =  84.6%
2025-10-20 13:32:30,849 - INFO - Progreso iter 6000: T=2.85, Fitness=112.5, Mejor=122.3, Tasa_acept=84.6%
2025-10-20 13:32:30,850 - DEBUG - Iter 6000: T=2.85, Fitness_actual=112.5, Mejor=122.3
2025-10-20 13:32:35,367 - DEBUG - Iter 6100: T=2.85, Fitness_actual=99.4, Mejor=122.3
2025-10-20 13:32:37,572 - WARNING - ⚠️  DEGRADACIÓN DETECTADA en iter 6150:
2025-10-20 13:32:37,573 - WARNING -    Mejor fitness: 122.3
2025-10-20 13:32:37,573 - WARNING -    Fitness promedio reciente: 98.6
2025-10-20 13:32:37,573 - WARNING -    Degradación: 23.8
2025-10-20 13:32:37,573 - WARNING -    🔄 RESTAURANDO mejor solución...
2025-10-20 13:32:37,576 - INFO - 🌟 MEJORA #72 en iter 6150: Fitness=123.3 (+1.0), Puntos=15409
2025-10-20 13:32:37,667 - INFO - 🌟 MEJORA #73 en iter 6152: Fitness=123.3 (+0.0), Puntos=15410
2025-10-20 13:32:39,882 - DEBUG - Iter 6200: T=2.84, Fitness_actual=111.5, Mejor=123.3
2025-10-20 13:32:44,311 - DEBUG - Iter 6300: T=2.84, Fitness_actual=97.1, Mejor=123.3
2025-10-20 13:32:46,602 - WARNING - ⚠️  DEGRADACIÓN DETECTADA en iter 6350:
2025-10-20 13:32:46,602 - WARNING -    Mejor fitness: 123.3
2025-10-20 13:32:46,602 - WARNING -    Fitness promedio reciente: 101.3
2025-10-20 13:32:46,602 - WARNING -    Degradación: 22.1
2025-10-20 13:32:46,603 - WARNING -    🔄 RESTAURANDO mejor solución...
2025-10-20 13:32:48,935 - DEBUG - Iter 6400: T=2.84, Fitness_actual=117.4, Mejor=123.3
2025-10-20 13:32:53,581 - INFO -   Iter  6500 | Tiempo:    4.6min ( 1.9%) | T =     2.84 | Fitness =    114.4 | Mejor =    123.3 | Aceptación =  84.6%
2025-10-20 13:32:53,581 - INFO - Progreso iter 6500: T=2.84, Fitness=114.4, Mejor=123.3, Tasa_acept=84.6%
2025-10-20 13:32:53,582 - DEBUG - Iter 6500: T=2.84, Fitness_actual=114.4, Mejor=123.3
2025-10-20 13:32:58,278 - DEBUG - Iter 6600: T=2.83, Fitness_actual=114.4, Mejor=123.3
2025-10-20 13:33:03,073 - DEBUG - Iter 6700: T=2.83, Fitness_actual=100.1, Mejor=123.3
2025-10-20 13:33:05,783 - WARNING - ⚠️  DEGRADACIÓN DETECTADA en iter 6750:
2025-10-20 13:33:05,783 - WARNING -    Mejor fitness: 123.3
2025-10-20 13:33:05,783 - WARNING -    Fitness promedio reciente: 101.4
2025-10-20 13:33:05,784 - WARNING -    Degradación: 22.0
2025-10-20 13:33:05,784 - WARNING -    🔄 RESTAURANDO mejor solución...
2025-10-20 13:33:05,885 - INFO - 🌟 MEJORA #74 en iter 6752: Fitness=123.3 (+0.0), Puntos=15410
2025-10-20 13:33:08,281 - DEBUG - Iter 6800: T=2.83, Fitness_actual=114.5, Mejor=123.3
2025-10-20 13:33:13,145 - WARNING - ⚠️  DEGRADACIÓN DETECTADA en iter 6900:
2025-10-20 13:33:13,145 - WARNING -    Mejor fitness: 123.3
2025-10-20 13:33:13,145 - WARNING -    Fitness promedio reciente: 102.5
2025-10-20 13:33:13,145 - WARNING -    Degradación: 20.8
2025-10-20 13:33:13,145 - WARNING -    🔄 RESTAURANDO mejor solución...
2025-10-20 13:33:13,148 - DEBUG - Iter 6900: T=2.83, Fitness_actual=123.3, Mejor=123.3
2025-10-20 13:33:13,149 - INFO - 🌟 MEJORA #75 en iter 6900: Fitness=123.3 (+0.0), Puntos=15410
2025-10-20 13:33:13,149 - INFO -   ✨ Mejora #75 en iteración 6901: Fitness = 123.3 | Puntos = 15410 | T = 2.83
2025-10-20 13:33:13,443 - INFO - 🌟 MEJORA #76 en iter 6906: Fitness=124.3 (+1.0), Puntos=15410
2025-10-20 13:33:13,911 - INFO - 🌟 MEJORA #77 en iter 6916: Fitness=124.6 (+0.2), Puntos=15383
2025-10-20 13:33:13,957 - INFO - 🌟 MEJORA #78 en iter 6917: Fitness=124.6 (+0.0), Puntos=15387
2025-10-20 13:33:14,099 - INFO - 🌟 MEJORA #79 en iter 6920: Fitness=124.6 (+0.0), Puntos=15387
2025-10-20 13:33:17,778 - INFO -   Iter  7000 | Tiempo:    5.0min ( 2.1%) | T =     2.82 | Fitness =    107.4 | Mejor =    124.6 | Aceptación =  84.5%
2025-10-20 13:33:17,778 - INFO - Progreso iter 7000: T=2.82, Fitness=107.4, Mejor=124.6, Tasa_acept=84.5%
2025-10-20 13:33:17,780 - DEBUG - Iter 7000: T=2.82, Fitness_actual=107.4, Mejor=124.6
2025-10-20 13:33:22,613 - DEBUG - Iter 7100: T=2.82, Fitness_actual=106.2, Mejor=124.6
2025-10-20 13:33:27,288 - WARNING - ⚠️  DEGRADACIÓN DETECTADA en iter 7200:
2025-10-20 13:33:27,288 - WARNING -    Mejor fitness: 124.6
2025-10-20 13:33:27,288 - WARNING -    Fitness promedio reciente: 100.8
2025-10-20 13:33:27,289 - WARNING -    Degradación: 23.8
2025-10-20 13:33:27,289 - WARNING -    🔄 RESTAURANDO mejor solución...
2025-10-20 13:33:27,292 - DEBUG - Iter 7200: T=2.82, Fitness_actual=124.6, Mejor=124.6
2025-10-20 13:33:27,339 - INFO - 🌟 MEJORA #80 en iter 7201: Fitness=124.6 (+0.0), Puntos=15387
2025-10-20 13:33:27,339 - INFO -   ✨ Mejora #80 en iteración 7202: Fitness = 124.6 | Puntos = 15387 | T = 2.82
2025-10-20 13:33:27,434 - INFO - 🌟 MEJORA #81 en iter 7203: Fitness=126.1 (+1.5), Puntos=15387
2025-10-20 13:33:27,616 - INFO - 🌟 MEJORA #82 en iter 7207: Fitness=126.1 (+0.0), Puntos=15390
2025-10-20 13:33:27,707 - INFO - 🌟 MEJORA #83 en iter 7209: Fitness=126.1 (+0.0), Puntos=15390
2025-10-20 13:33:27,890 - INFO - 🌟 MEJORA #84 en iter 7213: Fitness=126.4 (+0.2), Puntos=15415
2025-10-20 13:33:27,937 - INFO - 🌟 MEJORA #85 en iter 7214: Fitness=126.4 (+0.0), Puntos=15415
2025-10-20 13:33:27,937 - INFO -   ✨ Mejora #85 en iteración 7215: Fitness = 126.4 | Puntos = 15415 | T = 2.82
2025-10-20 13:33:27,983 - INFO - 🌟 MEJORA #86 en iter 7215: Fitness=126.4 (+0.0), Puntos=15416
2025-10-20 13:33:28,030 - INFO - 🌟 MEJORA #87 en iter 7216: Fitness=126.4 (+0.0), Puntos=15416
2025-10-20 13:33:31,921 - DEBUG - Iter 7300: T=2.82, Fitness_actual=112.8, Mejor=126.4
2025-10-20 13:33:36,586 - WARNING - ⚠️  DEGRADACIÓN DETECTADA en iter 7400:
2025-10-20 13:33:36,586 - WARNING -    Mejor fitness: 126.4
2025-10-20 13:33:36,587 - WARNING -    Fitness promedio reciente: 103.3
2025-10-20 13:33:36,587 - WARNING -    Degradación: 23.1
2025-10-20 13:33:36,587 - WARNING -    🔄 RESTAURANDO mejor solución...
2025-10-20 13:33:36,588 - DEBUG - Iter 7400: T=2.81, Fitness_actual=126.4, Mejor=126.4
2025-10-20 13:33:36,633 - INFO - 🌟 MEJORA #88 en iter 7401: Fitness=126.4 (+0.0), Puntos=15420
2025-10-20 13:33:36,681 - INFO - 🌟 MEJORA #89 en iter 7402: Fitness=126.6 (+0.1), Puntos=15433
2025-10-20 13:33:36,914 - INFO - 🌟 MEJORA #90 en iter 7407: Fitness=127.0 (+0.4), Puntos=15647
2025-10-20 13:33:36,914 - INFO -   ✨ Mejora #90 en iteración 7408: Fitness = 127.0 | Puntos = 15647 | T = 2.81
2025-10-20 13:33:36,961 - INFO - 🌟 MEJORA #91 en iter 7408: Fitness=127.5 (+0.5), Puntos=15648
2025-10-20 13:33:37,102 - INFO - 🌟 MEJORA #92 en iter 7411: Fitness=127.5 (+0.0), Puntos=15648
2025-10-20 13:33:41,262 - INFO -   Iter  7500 | Tiempo:    5.4min ( 2.3%) | T =     2.81 | Fitness =    112.1 | Mejor =    127.5 | Aceptación =  84.5%
2025-10-20 13:33:41,262 - INFO - Progreso iter 7500: T=2.81, Fitness=112.1, Mejor=127.5, Tasa_acept=84.5%
2025-10-20 13:33:41,265 - DEBUG - Iter 7500: T=2.81, Fitness_actual=112.1, Mejor=127.5
2025-10-20 13:33:45,952 - WARNING - ⚠️  DEGRADACIÓN DETECTADA en iter 7600:
2025-10-20 13:33:45,952 - WARNING -    Mejor fitness: 127.5
2025-10-20 13:33:45,953 - WARNING -    Fitness promedio reciente: 106.2
2025-10-20 13:33:45,953 - WARNING -    Degradación: 21.3
2025-10-20 13:33:45,953 - WARNING -    🔄 RESTAURANDO mejor solución...
2025-10-20 13:33:45,955 - DEBUG - Iter 7600: T=2.81, Fitness_actual=127.5, Mejor=127.5
2025-10-20 13:33:50,780 - DEBUG - Iter 7700: T=2.80, Fitness_actual=115.0, Mejor=127.5
2025-10-20 13:33:55,622 - DEBUG - Iter 7800: T=2.80, Fitness_actual=114.9, Mejor=127.5
2025-10-20 13:34:00,485 - DEBUG - Iter 7900: T=2.80, Fitness_actual=115.8, Mejor=127.5
2025-10-20 13:34:05,301 - INFO -   Iter  8000 | Tiempo:    5.8min ( 2.4%) | T =     2.80 | Fitness =     97.2 | Mejor =    127.5 | Aceptación =  84.3%
2025-10-20 13:34:05,302 - INFO - Progreso iter 8000: T=2.80, Fitness=97.2, Mejor=127.5, Tasa_acept=84.3%
2025-10-20 13:34:05,302 - WARNING - ⚠️  DEGRADACIÓN DETECTADA en iter 8000:
2025-10-20 13:34:05,302 - WARNING -    Mejor fitness: 127.5
2025-10-20 13:34:05,302 - WARNING -    Fitness promedio reciente: 97.1
2025-10-20 13:34:05,302 - WARNING -    Degradación: 30.4
2025-10-20 13:34:05,302 - WARNING -    🔄 RESTAURANDO mejor solución...
2025-10-20 13:34:05,305 - DEBUG - Iter 8000: T=2.80, Fitness_actual=127.5, Mejor=127.5
2025-10-20 13:34:05,305 - INFO - 🌟 MEJORA #93 en iter 8000: Fitness=127.5 (+0.0), Puntos=15648
2025-10-20 13:34:05,401 - INFO - 🌟 MEJORA #94 en iter 8002: Fitness=128.1 (+0.6), Puntos=15655
2025-10-20 13:34:05,502 - INFO - 🌟 MEJORA #95 en iter 8004: Fitness=128.1 (+0.0), Puntos=15655
2025-10-20 13:34:05,502 - INFO -   ✨ Mejora #95 en iteración 8005: Fitness = 128.1 | Puntos = 15655 | T = 2.80
2025-10-20 13:34:06,459 - INFO - 🌟 MEJORA #96 en iter 8024: Fitness=128.4 (+0.3), Puntos=15588
2025-10-20 13:34:10,148 - DEBUG - Iter 8100: T=2.79, Fitness_actual=115.6, Mejor=128.4
2025-10-20 13:34:14,840 - DEBUG - Iter 8200: T=2.79, Fitness_actual=113.1, Mejor=128.4
2025-10-20 13:34:17,055 - WARNING - ⚠️  DEGRADACIÓN DETECTADA en iter 8250:
2025-10-20 13:34:17,055 - WARNING -    Mejor fitness: 128.4
2025-10-20 13:34:17,055 - WARNING -    Fitness promedio reciente: 108.0
2025-10-20 13:34:17,055 - WARNING -    Degradación: 20.5
2025-10-20 13:34:17,056 - WARNING -    🔄 RESTAURANDO mejor solución...
2025-10-20 13:34:17,145 - INFO - 🌟 MEJORA #97 en iter 8252: Fitness=128.5 (+0.0), Puntos=15589
2025-10-20 13:34:17,234 - INFO - 🌟 MEJORA #98 en iter 8254: Fitness=128.5 (+0.1), Puntos=15595
2025-10-20 13:34:17,409 - INFO - 🌟 MEJORA #99 en iter 8258: Fitness=128.5 (+0.0), Puntos=15595
2025-10-20 13:34:19,242 - DEBUG - Iter 8300: T=2.79, Fitness_actual=113.2, Mejor=128.5
2025-10-20 13:34:23,661 - DEBUG - Iter 8400: T=2.79, Fitness_actual=109.9, Mejor=128.5
2025-10-20 13:34:27,411 - INFO - Iter 8484: Aceptada solución con delta=-10.9 (T=2.78)
2025-10-20 13:34:27,411 - INFO -   📊 Desglose del cambio:
2025-10-20 13:34:27,411 - INFO -      Puntos: -691 → 13674 total
2025-10-20 13:34:27,412 - INFO -      Tiempo: -325.6min → 12001.6min total
2025-10-20 13:34:27,412 - INFO -      Distancia: -6.3km → 135.5km total
2025-10-20 13:34:28,127 - INFO -   Iter  8500 | Tiempo:    6.2min ( 2.6%) | T =     2.78 | Fitness =     87.5 | Mejor =    128.5 | Aceptación =  84.2%
2025-10-20 13:34:28,127 - INFO - Progreso iter 8500: T=2.78, Fitness=87.5, Mejor=128.5, Tasa_acept=84.2%
2025-10-20 13:34:28,128 - WARNING - ⚠️  DEGRADACIÓN DETECTADA en iter 8500:
2025-10-20 13:34:28,128 - WARNING -    Mejor fitness: 128.5
2025-10-20 13:34:28,128 - WARNING -    Fitness promedio reciente: 102.6
2025-10-20 13:34:28,128 - WARNING -    Degradación: 25.9
2025-10-20 13:34:28,128 - WARNING -    🔄 RESTAURANDO mejor solución...
2025-10-20 13:34:28,129 - DEBUG - Iter 8500: T=2.78, Fitness_actual=128.5, Mejor=128.5
2025-10-20 13:34:32,634 - DEBUG - Iter 8600: T=2.78, Fitness_actual=108.7, Mejor=128.5
2025-10-20 13:34:35,103 - WARNING - ⚠️  DEGRADACIÓN DETECTADA en iter 8650:
2025-10-20 13:34:35,103 - WARNING -    Mejor fitness: 128.5
2025-10-20 13:34:35,103 - WARNING -    Fitness promedio reciente: 106.9
2025-10-20 13:34:35,103 - WARNING -    Degradación: 21.6
2025-10-20 13:34:35,104 - WARNING -    🔄 RESTAURANDO mejor solución...
2025-10-20 13:34:35,195 - INFO - 🌟 MEJORA #100 en iter 8652: Fitness=128.6 (+0.0), Puntos=15599
2025-10-20 13:34:35,195 - INFO -   ✨ Mejora #100 en iteración 8653: Fitness = 128.6 | Puntos = 15599 | T = 2.78
2025-10-20 13:34:35,284 - INFO - 🌟 MEJORA #101 en iter 8654: Fitness=128.6 (+0.0), Puntos=15604
2025-10-20 13:34:37,311 - DEBUG - Iter 8700: T=2.78, Fitness_actual=124.1, Mejor=128.6
2025-10-20 13:34:41,990 - DEBUG - Iter 8800: T=2.78, Fitness_actual=103.3, Mejor=128.6
2025-10-20 13:34:44,250 - WARNING - ⚠️  DEGRADACIÓN DETECTADA en iter 8850:
2025-10-20 13:34:44,250 - WARNING -    Mejor fitness: 128.6
2025-10-20 13:34:44,250 - WARNING -    Fitness promedio reciente: 107.3
2025-10-20 13:34:44,250 - WARNING -    Degradación: 21.3
2025-10-20 13:34:44,251 - WARNING -    🔄 RESTAURANDO mejor solución...
2025-10-20 13:34:44,385 - INFO - 🌟 MEJORA #102 en iter 8853: Fitness=128.7 (+0.1), Puntos=15609
2025-10-20 13:34:46,474 - DEBUG - Iter 8900: T=2.77, Fitness_actual=117.3, Mejor=128.7
2025-10-20 13:34:51,030 - INFO -   Iter  9000 | Tiempo:    6.6min ( 2.7%) | T =     2.77 | Fitness =    112.6 | Mejor =    128.7 | Aceptación =  84.3%
2025-10-20 13:34:51,030 - INFO - Progreso iter 9000: T=2.77, Fitness=112.6, Mejor=128.7, Tasa_acept=84.3%
2025-10-20 13:34:51,031 - DEBUG - Iter 9000: T=2.77, Fitness_actual=112.6, Mejor=128.7
2025-10-20 13:34:55,498 - DEBUG - Iter 9100: T=2.77, Fitness_actual=108.3, Mejor=128.7
2025-10-20 13:34:59,980 - DEBUG - Iter 9200: T=2.77, Fitness_actual=106.2, Mejor=128.7
2025-10-20 13:35:02,283 - WARNING - ⚠️  DEGRADACIÓN DETECTADA en iter 9250:
2025-10-20 13:35:02,283 - WARNING -    Mejor fitness: 128.7
2025-10-20 13:35:02,283 - WARNING -    Fitness promedio reciente: 106.6
2025-10-20 13:35:02,283 - WARNING -    Degradación: 22.1
2025-10-20 13:35:02,284 - WARNING -    🔄 RESTAURANDO mejor solución...
2025-10-20 13:35:04,527 - DEBUG - Iter 9300: T=2.76, Fitness_actual=125.7, Mejor=128.7
2025-10-20 13:35:09,116 - DEBUG - Iter 9400: T=2.76, Fitness_actual=109.8, Mejor=128.7
2025-10-20 13:35:11,433 - WARNING - ⚠️  DEGRADACIÓN DETECTADA en iter 9450:
2025-10-20 13:35:11,433 - WARNING -    Mejor fitness: 128.7
2025-10-20 13:35:11,433 - WARNING -    Fitness promedio reciente: 108.4
2025-10-20 13:35:11,433 - WARNING -    Degradación: 20.3
2025-10-20 13:35:11,434 - WARNING -    🔄 RESTAURANDO mejor solución...
2025-10-20 13:35:13,704 - INFO -   Iter  9500 | Tiempo:    7.0min ( 2.9%) | T =     2.76 | Fitness =    109.4 | Mejor =    128.7 | Aceptación =  84.3%
2025-10-20 13:35:13,704 - INFO - Progreso iter 9500: T=2.76, Fitness=109.4, Mejor=128.7, Tasa_acept=84.3%
2025-10-20 13:35:13,707 - DEBUG - Iter 9500: T=2.76, Fitness_actual=109.4, Mejor=128.7
2025-10-20 13:35:18,390 - DEBUG - Iter 9600: T=2.76, Fitness_actual=107.8, Mejor=128.7
2025-10-20 13:35:20,753 - WARNING - ⚠️  DEGRADACIÓN DETECTADA en iter 9650:
2025-10-20 13:35:20,753 - WARNING -    Mejor fitness: 128.7
2025-10-20 13:35:20,754 - WARNING -    Fitness promedio reciente: 108.5
2025-10-20 13:35:20,754 - WARNING -    Degradación: 20.2
2025-10-20 13:35:20,754 - WARNING -    🔄 RESTAURANDO mejor solución...
2025-10-20 13:35:20,848 - INFO - 🌟 MEJORA #103 en iter 9652: Fitness=128.7 (+0.0), Puntos=15609
2025-10-20 13:35:21,081 - INFO - 🌟 MEJORA #104 en iter 9657: Fitness=128.7 (+0.0), Puntos=15616
2025-10-20 13:35:21,127 - INFO - 🌟 MEJORA #105 en iter 9658: Fitness=129.7 (+1.0), Puntos=15617
2025-10-20 13:35:21,128 - INFO -   ✨ Mejora #105 en iteración 9659: Fitness = 129.7 | Puntos = 15617 | T = 2.75
2025-10-20 13:35:23,092 - DEBUG - Iter 9700: T=2.75, Fitness_actual=111.2, Mejor=129.7
2025-10-20 13:35:27,814 - DEBUG - Iter 9800: T=2.75, Fitness_actual=110.4, Mejor=129.7
2025-10-20 13:35:30,179 - WARNING - ⚠️  DEGRADACIÓN DETECTADA en iter 9850:
2025-10-20 13:35:30,179 - WARNING -    Mejor fitness: 129.7
2025-10-20 13:35:30,179 - WARNING -    Fitness promedio reciente: 108.8
2025-10-20 13:35:30,180 - WARNING -    Degradación: 20.9
2025-10-20 13:35:30,180 - WARNING -    🔄 RESTAURANDO mejor solución...
2025-10-20 13:35:30,272 - INFO - 🌟 MEJORA #106 en iter 9852: Fitness=129.8 (+0.1), Puntos=15630
2025-10-20 13:35:32,524 - DEBUG - Iter 9900: T=2.75, Fitness_actual=121.4, Mejor=129.8
2025-10-20 13:35:37,254 - INFO -   Iter 10000 | Tiempo:    7.4min ( 3.1%) | T =     2.75 | Fitness =    112.2 | Mejor =    129.8 | Aceptación =  84.4%
2025-10-20 13:35:37,255 - INFO - Progreso iter 10000: T=2.75, Fitness=112.2, Mejor=129.8, Tasa_acept=84.4%
2025-10-20 13:35:37,257 - DEBUG - Iter 10000: T=2.75, Fitness_actual=112.2, Mejor=129.8
2025-10-20 13:35:42,031 - DEBUG - Iter 10100: T=2.74, Fitness_actual=113.0, Mejor=129.8
2025-10-20 13:35:46,860 - WARNING - ⚠️  DEGRADACIÓN DETECTADA en iter 10200:
2025-10-20 13:35:46,861 - WARNING -    Mejor fitness: 129.8
2025-10-20 13:35:46,861 - WARNING -    Fitness promedio reciente: 108.1
2025-10-20 13:35:46,861 - WARNING -    Degradación: 21.7
2025-10-20 13:35:46,861 - WARNING -    🔄 RESTAURANDO mejor solución...
2025-10-20 13:35:46,864 - DEBUG - Iter 10200: T=2.74, Fitness_actual=129.8, Mejor=129.8
2025-10-20 13:35:47,004 - INFO - 🌟 MEJORA #107 en iter 10203: Fitness=129.8 (+0.0), Puntos=15630
2025-10-20 13:35:47,242 - INFO - 🌟 MEJORA #108 en iter 10208: Fitness=130.3 (+0.4), Puntos=15673
2025-10-20 13:35:51,577 - DEBUG - Iter 10300: T=2.74, Fitness_actual=119.6, Mejor=130.3
2025-10-20 13:35:56,323 - DEBUG - Iter 10400: T=2.73, Fitness_actual=117.6, Mejor=130.3
2025-10-20 13:36:01,061 - INFO -   Iter 10500 | Tiempo:    7.8min ( 3.2%) | T =     2.73 | Fitness =    116.8 | Mejor =    130.3 | Aceptación =  84.3%
2025-10-20 13:36:01,061 - INFO - Progreso iter 10500: T=2.73, Fitness=116.8, Mejor=130.3, Tasa_acept=84.3%
2025-10-20 13:36:01,063 - DEBUG - Iter 10500: T=2.73, Fitness_actual=116.8, Mejor=130.3
2025-10-20 13:36:05,865 - WARNING - ⚠️  DEGRADACIÓN DETECTADA en iter 10600:
2025-10-20 13:36:05,865 - WARNING -    Mejor fitness: 130.3
2025-10-20 13:36:05,865 - WARNING -    Fitness promedio reciente: 109.1
2025-10-20 13:36:05,865 - WARNING -    Degradación: 21.1
2025-10-20 13:36:05,865 - WARNING -    🔄 RESTAURANDO mejor solución...
2025-10-20 13:36:05,867 - DEBUG - Iter 10600: T=2.73, Fitness_actual=130.3, Mejor=130.3
2025-10-20 13:36:10,745 - DEBUG - Iter 10700: T=2.73, Fitness_actual=118.9, Mejor=130.3
2025-10-20 13:36:15,604 - WARNING - ⚠️  DEGRADACIÓN DETECTADA en iter 10800:
2025-10-20 13:36:15,604 - WARNING -    Mejor fitness: 130.3
2025-10-20 13:36:15,604 - WARNING -    Fitness promedio reciente: 108.4
2025-10-20 13:36:15,604 - WARNING -    Degradación: 21.8
2025-10-20 13:36:15,605 - WARNING -    🔄 RESTAURANDO mejor solución...
2025-10-20 13:36:15,610 - DEBUG - Iter 10800: T=2.72, Fitness_actual=130.3, Mejor=130.3
2025-10-20 13:36:15,754 - INFO - 🌟 MEJORA #109 en iter 10803: Fitness=130.3 (+0.0), Puntos=15673
2025-10-20 13:36:15,996 - INFO - 🌟 MEJORA #110 en iter 10808: Fitness=130.3 (+0.0), Puntos=15673
2025-10-20 13:36:15,996 - INFO -   ✨ Mejora #110 en iteración 10809: Fitness = 130.3 | Puntos = 15673 | T = 2.72
2025-10-20 13:36:16,044 - INFO - 🌟 MEJORA #111 en iter 10809: Fitness=130.3 (+0.1), Puntos=15679
2025-10-20 13:36:16,236 - INFO - 🌟 MEJORA #112 en iter 10813: Fitness=130.7 (+0.4), Puntos=15616
2025-10-20 13:36:16,284 - INFO - 🌟 MEJORA #113 en iter 10814: Fitness=131.7 (+1.0), Puntos=15616
2025-10-20 13:36:16,429 - INFO - 🌟 MEJORA #114 en iter 10817: Fitness=131.8 (+0.1), Puntos=15624
2025-10-20 13:36:20,441 - DEBUG - Iter 10900: T=2.72, Fitness_actual=104.4, Mejor=131.8
2025-10-20 13:36:22,848 - WARNING - ⚠️  DEGRADACIÓN DETECTADA en iter 10950:
2025-10-20 13:36:22,848 - WARNING -    Mejor fitness: 131.8
2025-10-20 13:36:22,848 - WARNING -    Fitness promedio reciente: 107.4
2025-10-20 13:36:22,848 - WARNING -    Degradación: 24.4
2025-10-20 13:36:22,848 - WARNING -    🔄 RESTAURANDO mejor solución...
2025-10-20 13:36:22,850 - INFO - 🌟 MEJORA #115 en iter 10950: Fitness=131.8 (+0.0), Puntos=15624
2025-10-20 13:36:22,850 - INFO -   ✨ Mejora #115 en iteración 10951: Fitness = 131.8 | Puntos = 15624 | T = 2.72
2025-10-20 13:36:25,232 - INFO -   Iter 11000 | Tiempo:    8.2min ( 3.4%) | T =     2.72 | Fitness =    128.3 | Mejor =    131.8 | Aceptación =  84.3%
2025-10-20 13:36:25,232 - INFO - Progreso iter 11000: T=2.72, Fitness=128.3, Mejor=131.8, Tasa_acept=84.3%
2025-10-20 13:36:25,233 - DEBUG - Iter 11000: T=2.72, Fitness_actual=128.3, Mejor=131.8
2025-10-20 13:36:30,011 - DEBUG - Iter 11100: T=2.72, Fitness_actual=114.4, Mejor=131.8
2025-10-20 13:36:34,874 - DEBUG - Iter 11200: T=2.71, Fitness_actual=119.5, Mejor=131.8
2025-10-20 13:36:39,729 - WARNING - ⚠️  DEGRADACIÓN DETECTADA en iter 11300:
2025-10-20 13:36:39,729 - WARNING -    Mejor fitness: 131.8
2025-10-20 13:36:39,729 - WARNING -    Fitness promedio reciente: 105.1
2025-10-20 13:36:39,730 - WARNING -    Degradación: 26.7
2025-10-20 13:36:39,730 - WARNING -    🔄 RESTAURANDO mejor solución...
2025-10-20 13:36:39,731 - DEBUG - Iter 11300: T=2.71, Fitness_actual=131.8, Mejor=131.8
2025-10-20 13:36:40,069 - INFO - 🌟 MEJORA #116 en iter 11307: Fitness=131.8 (+0.0), Puntos=15624
2025-10-20 13:36:44,560 - DEBUG - Iter 11400: T=2.71, Fitness_actual=120.6, Mejor=131.8
2025-10-20 13:36:49,483 - INFO -   Iter 11500 | Tiempo:    8.6min ( 3.6%) | T =     2.71 | Fitness =    118.1 | Mejor =    131.8 | Aceptación =  84.3%
2025-10-20 13:36:49,483 - INFO - Progreso iter 11500: T=2.71, Fitness=118.1, Mejor=131.8, Tasa_acept=84.3%
2025-10-20 13:36:49,484 - DEBUG - Iter 11500: T=2.71, Fitness_actual=118.1, Mejor=131.8
2025-10-20 13:36:54,438 - DEBUG - Iter 11600: T=2.70, Fitness_actual=122.7, Mejor=131.8
2025-10-20 13:36:59,456 - WARNING - ⚠️  DEGRADACIÓN DETECTADA en iter 11700:
2025-10-20 13:36:59,457 - WARNING -    Mejor fitness: 131.8
2025-10-20 13:36:59,457 - WARNING -    Fitness promedio reciente: 109.8
2025-10-20 13:36:59,457 - WARNING -    Degradación: 22.0
2025-10-20 13:36:59,457 - WARNING -    🔄 RESTAURANDO mejor solución...
2025-10-20 13:36:59,458 - DEBUG - Iter 11700: T=2.70, Fitness_actual=131.8, Mejor=131.8
2025-10-20 13:36:59,864 - INFO - 🌟 MEJORA #117 en iter 11708: Fitness=133.5 (+1.7), Puntos=15895
2025-10-20 13:36:59,916 - INFO - 🌟 MEJORA #118 en iter 11709: Fitness=134.0 (+0.5), Puntos=15895
2025-10-20 13:36:59,965 - INFO - 🌟 MEJORA #119 en iter 11710: Fitness=134.5 (+0.5), Puntos=15895
2025-10-20 13:37:00,313 - INFO - 🌟 MEJORA #120 en iter 11717: Fitness=134.6 (+0.1), Puntos=15903
2025-10-20 13:37:00,314 - INFO -   ✨ Mejora #120 en iteración 11718: Fitness = 134.6 | Puntos = 15903 | T = 2.70
2025-10-20 13:37:04,479 - DEBUG - Iter 11800: T=2.70, Fitness_actual=121.9, Mejor=134.6
2025-10-20 13:37:09,514 - DEBUG - Iter 11900: T=2.69, Fitness_actual=111.2, Mejor=134.6
2025-10-20 13:37:12,033 - WARNING - ⚠️  DEGRADACIÓN DETECTADA en iter 11950:
2025-10-20 13:37:12,033 - WARNING -    Mejor fitness: 134.6
2025-10-20 13:37:12,033 - WARNING -    Fitness promedio reciente: 112.1
2025-10-20 13:37:12,033 - WARNING -    Degradación: 22.5
2025-10-20 13:37:12,034 - WARNING -    🔄 RESTAURANDO mejor solución...
2025-10-20 13:37:14,528 - INFO -   Iter 12000 | Tiempo:    9.0min ( 3.7%) | T =     2.69 | Fitness =    128.4 | Mejor =    134.6 | Aceptación =  84.2%
2025-10-20 13:37:14,528 - INFO - Progreso iter 12000: T=2.69, Fitness=128.4, Mejor=134.6, Tasa_acept=84.2%
2025-10-20 13:37:14,529 - DEBUG - Iter 12000: T=2.69, Fitness_actual=128.4, Mejor=134.6
2025-10-20 13:37:19,534 - DEBUG - Iter 12100: T=2.69, Fitness_actual=111.4, Mejor=134.6
2025-10-20 13:37:22,023 - WARNING - ⚠️  DEGRADACIÓN DETECTADA en iter 12150:
2025-10-20 13:37:22,023 - WARNING -    Mejor fitness: 134.6
2025-10-20 13:37:22,023 - WARNING -    Fitness promedio reciente: 114.6
2025-10-20 13:37:22,023 - WARNING -    Degradación: 20.1
2025-10-20 13:37:22,024 - WARNING -    🔄 RESTAURANDO mejor solución...
2025-10-20 13:37:22,128 - INFO - 🌟 MEJORA #121 en iter 12152: Fitness=134.6 (+0.0), Puntos=15903
2025-10-20 13:37:24,527 - DEBUG - Iter 12200: T=2.69, Fitness_actual=123.6, Mejor=134.6
2025-10-20 13:37:29,557 - DEBUG - Iter 12300: T=2.68, Fitness_actual=113.5, Mejor=134.6
2025-10-20 13:37:32,100 - WARNING - ⚠️  DEGRADACIÓN DETECTADA en iter 12350:
2025-10-20 13:37:32,100 - WARNING -    Mejor fitness: 134.6
2025-10-20 13:37:32,100 - WARNING -    Fitness promedio reciente: 109.1
2025-10-20 13:37:32,100 - WARNING -    Degradación: 25.5
2025-10-20 13:37:32,101 - WARNING -    🔄 RESTAURANDO mejor solución...
2025-10-20 13:37:32,252 - INFO - 🌟 MEJORA #122 en iter 12353: Fitness=134.6 (+0.0), Puntos=15903
2025-10-20 13:37:34,619 - DEBUG - Iter 12400: T=2.68, Fitness_actual=129.4, Mejor=134.6
2025-10-20 13:37:39,736 - INFO -   Iter 12500 | Tiempo:    9.4min ( 3.9%) | T =     2.68 | Fitness =    121.7 | Mejor =    134.6 | Aceptación =  84.2%
2025-10-20 13:37:39,736 - INFO - Progreso iter 12500: T=2.68, Fitness=121.7, Mejor=134.6, Tasa_acept=84.2%
2025-10-20 13:37:39,739 - DEBUG - Iter 12500: T=2.68, Fitness_actual=121.7, Mejor=134.6
2025-10-20 13:37:42,315 - WARNING - ⚠️  DEGRADACIÓN DETECTADA en iter 12550:
2025-10-20 13:37:42,315 - WARNING -    Mejor fitness: 134.6
2025-10-20 13:37:42,316 - WARNING -    Fitness promedio reciente: 112.0
2025-10-20 13:37:42,316 - WARNING -    Degradación: 22.6
2025-10-20 13:37:42,316 - WARNING -    🔄 RESTAURANDO mejor solución...
2025-10-20 13:37:42,570 - INFO - 🌟 MEJORA #123 en iter 12555: Fitness=134.6 (+0.0), Puntos=15903
2025-10-20 13:37:42,723 - INFO - 🌟 MEJORA #124 en iter 12558: Fitness=134.6 (+0.0), Puntos=15903
2025-10-20 13:37:42,824 - INFO - 🌟 MEJORA #125 en iter 12560: Fitness=134.6 (+0.0), Puntos=15903
2025-10-20 13:37:42,824 - INFO -   ✨ Mejora #125 en iteración 12561: Fitness = 134.6 | Puntos = 15903 | T = 2.68
2025-10-20 13:37:44,872 - DEBUG - Iter 12600: T=2.68, Fitness_actual=123.2, Mejor=134.6
2025-10-20 13:37:50,002 - WARNING - ⚠️  DEGRADACIÓN DETECTADA en iter 12700:
2025-10-20 13:37:50,003 - WARNING -    Mejor fitness: 134.6
2025-10-20 13:37:50,003 - WARNING -    Fitness promedio reciente: 107.8
2025-10-20 13:37:50,003 - WARNING -    Degradación: 26.8
2025-10-20 13:37:50,003 - WARNING -    🔄 RESTAURANDO mejor solución...
2025-10-20 13:37:50,004 - DEBUG - Iter 12700: T=2.67, Fitness_actual=134.6, Mejor=134.6
2025-10-20 13:37:55,146 - DEBUG - Iter 12800: T=2.67, Fitness_actual=118.4, Mejor=134.6
2025-10-20 13:38:00,270 - DEBUG - Iter 12900: T=2.67, Fitness_actual=120.8, Mejor=134.6
2025-10-20 13:38:05,422 - INFO -   Iter 13000 | Tiempo:    9.8min ( 4.1%) | T =     2.66 | Fitness =    114.5 | Mejor =    134.6 | Aceptación =  84.1%
2025-10-20 13:38:05,422 - INFO - Progreso iter 13000: T=2.66, Fitness=114.5, Mejor=134.6, Tasa_acept=84.1%
2025-10-20 13:38:05,423 - DEBUG - Iter 13000: T=2.66, Fitness_actual=114.5, Mejor=134.6
2025-10-20 13:38:08,001 - WARNING - ⚠️  DEGRADACIÓN DETECTADA en iter 13050:
2025-10-20 13:38:08,001 - WARNING -    Mejor fitness: 134.6
2025-10-20 13:38:08,002 - WARNING -    Fitness promedio reciente: 107.5
2025-10-20 13:38:08,002 - WARNING -    Degradación: 27.1
2025-10-20 13:38:08,002 - WARNING -    🔄 RESTAURANDO mejor solución...
2025-10-20 13:38:08,003 - INFO - 🌟 MEJORA #126 en iter 13050: Fitness=134.6 (+0.0), Puntos=15903
2025-10-20 13:38:10,570 - DEBUG - Iter 13100: T=2.66, Fitness_actual=129.8, Mejor=134.6
2025-10-20 13:38:15,771 - DEBUG - Iter 13200: T=2.66, Fitness_actual=118.3, Mejor=134.6
2025-10-20 13:38:20,892 - DEBUG - Iter 13300: T=2.66, Fitness_actual=109.9, Mejor=134.6
2025-10-20 13:38:23,464 - WARNING - ⚠️  DEGRADACIÓN DETECTADA en iter 13350:
2025-10-20 13:38:23,465 - WARNING -    Mejor fitness: 134.6
2025-10-20 13:38:23,465 - WARNING -    Fitness promedio reciente: 108.0
2025-10-20 13:38:23,465 - WARNING -    Degradación: 26.6
2025-10-20 13:38:23,465 - WARNING -    🔄 RESTAURANDO mejor solución...
2025-10-20 13:38:23,467 - INFO - 🌟 MEJORA #127 en iter 13350: Fitness=134.7 (+0.0), Puntos=15907
2025-10-20 13:38:26,092 - DEBUG - Iter 13400: T=2.65, Fitness_actual=128.9, Mejor=134.7
2025-10-20 13:38:31,469 - INFO -   Iter 13500 | Tiempo:   10.3min ( 4.3%) | T =     2.65 | Fitness =    104.5 | Mejor =    134.7 | Aceptación =  84.0%
2025-10-20 13:38:31,469 - INFO - Progreso iter 13500: T=2.65, Fitness=104.5, Mejor=134.7, Tasa_acept=84.0%
2025-10-20 13:38:31,470 - WARNING - ⚠️  DEGRADACIÓN DETECTADA en iter 13500:
2025-10-20 13:38:31,470 - WARNING -    Mejor fitness: 134.7
2025-10-20 13:38:31,470 - WARNING -    Fitness promedio reciente: 112.0
2025-10-20 13:38:31,470 - WARNING -    Degradación: 22.7
2025-10-20 13:38:31,470 - WARNING -    🔄 RESTAURANDO mejor solución...
2025-10-20 13:38:31,471 - DEBUG - Iter 13500: T=2.65, Fitness_actual=134.7, Mejor=134.7
2025-10-20 13:38:36,763 - DEBUG - Iter 13600: T=2.65, Fitness_actual=108.5, Mejor=134.7
2025-10-20 13:38:39,444 - WARNING - ⚠️  DEGRADACIÓN DETECTADA en iter 13650:
2025-10-20 13:38:39,444 - WARNING -    Mejor fitness: 134.7
2025-10-20 13:38:39,444 - WARNING -    Fitness promedio reciente: 111.2
2025-10-20 13:38:39,445 - WARNING -    Degradación: 23.4
2025-10-20 13:38:39,445 - WARNING -    🔄 RESTAURANDO mejor solución...
2025-10-20 13:38:42,074 - DEBUG - Iter 13700: T=2.65, Fitness_actual=125.7, Mejor=134.7
2025-10-20 13:38:47,435 - DEBUG - Iter 13800: T=2.64, Fitness_actual=115.0, Mejor=134.7
2025-10-20 13:38:50,100 - WARNING - ⚠️  DEGRADACIÓN DETECTADA en iter 13850:
2025-10-20 13:38:50,101 - WARNING -    Mejor fitness: 134.7
2025-10-20 13:38:50,101 - WARNING -    Fitness promedio reciente: 111.3
2025-10-20 13:38:50,101 - WARNING -    Degradación: 23.4
2025-10-20 13:38:50,101 - WARNING -    🔄 RESTAURANDO mejor solución...
2025-10-20 13:38:52,760 - DEBUG - Iter 13900: T=2.64, Fitness_actual=117.2, Mejor=134.7
2025-10-20 13:38:58,117 - INFO -   Iter 14000 | Tiempo:   10.7min ( 4.5%) | T =     2.64 | Fitness =    110.7 | Mejor =    134.7 | Aceptación =  84.0%
2025-10-20 13:38:58,118 - INFO - Progreso iter 14000: T=2.64, Fitness=110.7, Mejor=134.7, Tasa_acept=84.0%
2025-10-20 13:38:58,118 - WARNING - ⚠️  DEGRADACIÓN DETECTADA en iter 14000:
2025-10-20 13:38:58,118 - WARNING -    Mejor fitness: 134.7
2025-10-20 13:38:58,118 - WARNING -    Fitness promedio reciente: 112.9
2025-10-20 13:38:58,118 - WARNING -    Degradación: 21.7
2025-10-20 13:38:58,118 - WARNING -    🔄 RESTAURANDO mejor solución...
2025-10-20 13:38:58,120 - DEBUG - Iter 14000: T=2.64, Fitness_actual=134.7, Mejor=134.7
2025-10-20 13:38:58,120 - INFO - 🌟 MEJORA #128 en iter 14000: Fitness=134.7 (+0.1), Puntos=15914
2025-10-20 13:38:58,652 - INFO - 🌟 MEJORA #129 en iter 14010: Fitness=134.9 (+0.2), Puntos=15933
2025-10-20 13:39:03,476 - DEBUG - Iter 14100: T=2.63, Fitness_actual=106.9, Mejor=134.9
2025-10-20 13:39:06,192 - WARNING - ⚠️  DEGRADACIÓN DETECTADA en iter 14150:
2025-10-20 13:39:06,192 - WARNING -    Mejor fitness: 134.9
2025-10-20 13:39:06,192 - WARNING -    Fitness promedio reciente: 108.6
2025-10-20 13:39:06,192 - WARNING -    Degradación: 26.3
2025-10-20 13:39:06,192 - WARNING -    🔄 RESTAURANDO mejor solución...
2025-10-20 13:39:06,625 - INFO - 🌟 MEJORA #130 en iter 14158: Fitness=135.0 (+0.1), Puntos=15970
2025-10-20 13:39:06,625 - INFO -   ✨ Mejora #130 en iteración 14159: Fitness = 135.0 | Puntos = 15970 | T = 2.63
2025-10-20 13:39:06,678 - INFO - 🌟 MEJORA #131 en iter 14159: Fitness=135.9 (+1.0), Puntos=15965
2025-10-20 13:39:06,946 - INFO - 🌟 MEJORA #132 en iter 14164: Fitness=135.9 (+0.0), Puntos=15966
2025-10-20 13:39:08,879 - DEBUG - Iter 14200: T=2.63, Fitness_actual=123.4, Mejor=135.9
2025-10-20 13:39:14,305 - DEBUG - Iter 14300: T=2.63, Fitness_actual=114.9, Mejor=135.9
2025-10-20 13:39:17,012 - WARNING - ⚠️  DEGRADACIÓN DETECTADA en iter 14350:
2025-10-20 13:39:17,013 - WARNING -    Mejor fitness: 135.9
2025-10-20 13:39:17,013 - WARNING -    Fitness promedio reciente: 110.9
2025-10-20 13:39:17,013 - WARNING -    Degradación: 25.0
2025-10-20 13:39:17,013 - WARNING -    🔄 RESTAURANDO mejor solución...
2025-10-20 13:39:17,068 - INFO - 🌟 MEJORA #133 en iter 14351: Fitness=135.9 (+0.0), Puntos=15966
2025-10-20 13:39:17,122 - INFO - 🌟 MEJORA #134 en iter 14352: Fitness=135.9 (+0.0), Puntos=15966
2025-10-20 13:39:17,336 - INFO - 🌟 MEJORA #135 en iter 14356: Fitness=135.9 (+0.0), Puntos=15966
2025-10-20 13:39:17,336 - INFO -   ✨ Mejora #135 en iteración 14357: Fitness = 135.9 | Puntos = 15966 | T = 2.63
2025-10-20 13:39:17,551 - INFO - 🌟 MEJORA #136 en iter 14360: Fitness=136.0 (+0.0), Puntos=15969
2025-10-20 13:39:19,684 - DEBUG - Iter 14400: T=2.63, Fitness_actual=128.8, Mejor=136.0
2025-10-20 13:39:25,083 - INFO -   Iter 14500 | Tiempo:   11.2min ( 4.6%) | T =     2.62 | Fitness =    114.4 | Mejor =    136.0 | Aceptación =  83.7%
2025-10-20 13:39:25,083 - INFO - Progreso iter 14500: T=2.62, Fitness=114.4, Mejor=136.0, Tasa_acept=83.7%
2025-10-20 13:39:25,087 - DEBUG - Iter 14500: T=2.62, Fitness_actual=114.4, Mejor=136.0
2025-10-20 13:39:27,816 - WARNING - ⚠️  DEGRADACIÓN DETECTADA en iter 14550:
2025-10-20 13:39:27,817 - WARNING -    Mejor fitness: 136.0
2025-10-20 13:39:27,817 - WARNING -    Fitness promedio reciente: 115.7
2025-10-20 13:39:27,817 - WARNING -    Degradación: 20.3
2025-10-20 13:39:27,817 - WARNING -    🔄 RESTAURANDO mejor solución...
2025-10-20 13:39:27,819 - INFO - 🌟 MEJORA #137 en iter 14550: Fitness=136.0 (+0.0), Puntos=15969
2025-10-20 13:39:27,874 - INFO - 🌟 MEJORA #138 en iter 14551: Fitness=136.0 (+0.0), Puntos=15969
2025-10-20 13:39:27,981 - INFO - 🌟 MEJORA #139 en iter 14553: Fitness=136.0 (+0.0), Puntos=15974
2025-10-20 13:39:28,088 - INFO - 🌟 MEJORA #140 en iter 14555: Fitness=136.0 (+0.0), Puntos=15974
2025-10-20 13:39:28,089 - INFO -   ✨ Mejora #140 en iteración 14556: Fitness = 136.0 | Puntos = 15974 | T = 2.62
2025-10-20 13:39:30,507 - DEBUG - Iter 14600: T=2.62, Fitness_actual=131.7, Mejor=136.0
2025-10-20 13:39:35,920 - DEBUG - Iter 14700: T=2.62, Fitness_actual=116.5, Mejor=136.0
2025-10-20 13:39:38,627 - WARNING - ⚠️  DEGRADACIÓN DETECTADA en iter 14750:
2025-10-20 13:39:38,627 - WARNING -    Mejor fitness: 136.0
2025-10-20 13:39:38,627 - WARNING -    Fitness promedio reciente: 115.1
2025-10-20 13:39:38,628 - WARNING -    Degradación: 20.9
2025-10-20 13:39:38,628 - WARNING -    🔄 RESTAURANDO mejor solución...
2025-10-20 13:39:41,325 - DEBUG - Iter 14800: T=2.61, Fitness_actual=122.2, Mejor=136.0
2025-10-20 13:39:46,775 - DEBUG - Iter 14900: T=2.61, Fitness_actual=112.4, Mejor=136.0
2025-10-20 13:39:49,488 - WARNING - ⚠️  DEGRADACIÓN DETECTADA en iter 14950:
2025-10-20 13:39:49,488 - WARNING -    Mejor fitness: 136.0
2025-10-20 13:39:49,489 - WARNING -    Fitness promedio reciente: 110.5
2025-10-20 13:39:49,489 - WARNING -    Degradación: 25.5
2025-10-20 13:39:49,489 - WARNING -    🔄 RESTAURANDO mejor solución...
2025-10-20 13:39:49,490 - INFO - 🌟 MEJORA #141 en iter 14950: Fitness=136.1 (+0.1), Puntos=15980
2025-10-20 13:39:49,545 - INFO - 🌟 MEJORA #142 en iter 14951: Fitness=136.2 (+0.1), Puntos=15993
2025-10-20 13:39:52,208 - INFO -   Iter 15000 | Tiempo:   11.6min ( 4.8%) | T =     2.61 | Fitness =    118.8 | Mejor =    136.2 | Aceptación =  83.6%
2025-10-20 13:39:52,208 - INFO - Progreso iter 15000: T=2.61, Fitness=118.8, Mejor=136.2, Tasa_acept=83.6%
2025-10-20 13:39:52,211 - DEBUG - Iter 15000: T=2.61, Fitness_actual=118.8, Mejor=136.2
2025-10-20 13:39:57,711 - WARNING - ⚠️  DEGRADACIÓN DETECTADA en iter 15100:
2025-10-20 13:39:57,711 - WARNING -    Mejor fitness: 136.2
2025-10-20 13:39:57,711 - WARNING -    Fitness promedio reciente: 113.3
2025-10-20 13:39:57,711 - WARNING -    Degradación: 22.9
2025-10-20 13:39:57,711 - WARNING -    🔄 RESTAURANDO mejor solución...
2025-10-20 13:39:57,713 - DEBUG - Iter 15100: T=2.61, Fitness_actual=136.2, Mejor=136.2
2025-10-20 13:40:03,149 - DEBUG - Iter 15200: T=2.60, Fitness_actual=123.3, Mejor=136.2
2025-10-20 13:40:08,744 - WARNING - ⚠️  DEGRADACIÓN DETECTADA en iter 15300:
2025-10-20 13:40:08,745 - WARNING -    Mejor fitness: 136.2
2025-10-20 13:40:08,745 - WARNING -    Fitness promedio reciente: 108.7
2025-10-20 13:40:08,745 - WARNING -    Degradación: 27.5
2025-10-20 13:40:08,745 - WARNING -    🔄 RESTAURANDO mejor solución...
2025-10-20 13:40:08,746 - DEBUG - Iter 15300: T=2.60, Fitness_actual=136.2, Mejor=136.2
2025-10-20 13:40:08,912 - INFO - 🌟 MEJORA #143 en iter 15303: Fitness=137.2 (+1.0), Puntos=15996
2025-10-20 13:40:08,969 - INFO - 🌟 MEJORA #144 en iter 15304: Fitness=137.2 (+0.0), Puntos=15996
2025-10-20 13:40:09,135 - INFO - 🌟 MEJORA #145 en iter 15307: Fitness=137.2 (+0.0), Puntos=15996
2025-10-20 13:40:09,135 - INFO -   ✨ Mejora #145 en iteración 15308: Fitness = 137.2 | Puntos = 15996 | T = 2.60
2025-10-20 13:40:09,191 - INFO - 🌟 MEJORA #146 en iter 15308: Fitness=137.2 (+0.0), Puntos=15996
2025-10-20 13:40:09,744 - INFO - 🌟 MEJORA #147 en iter 15318: Fitness=137.3 (+0.1), Puntos=16003
2025-10-20 13:40:14,281 - DEBUG - Iter 15400: T=2.60, Fitness_actual=127.3, Mejor=137.3
2025-10-20 13:40:19,899 - INFO -   Iter 15500 | Tiempo:   12.1min ( 5.0%) | T =     2.59 | Fitness =    119.0 | Mejor =    137.3 | Aceptación =  83.7%
2025-10-20 13:40:19,899 - INFO - Progreso iter 15500: T=2.59, Fitness=119.0, Mejor=137.3, Tasa_acept=83.7%
2025-10-20 13:40:19,901 - DEBUG - Iter 15500: T=2.59, Fitness_actual=119.0, Mejor=137.3
2025-10-20 13:40:22,742 - WARNING - ⚠️  DEGRADACIÓN DETECTADA en iter 15550:
2025-10-20 13:40:22,742 - WARNING -    Mejor fitness: 137.3
2025-10-20 13:40:22,742 - WARNING -    Fitness promedio reciente: 115.0
2025-10-20 13:40:22,742 - WARNING -    Degradación: 22.3
2025-10-20 13:40:22,743 - WARNING -    🔄 RESTAURANDO mejor solución...
2025-10-20 13:40:24,410 - INFO - 🌟 MEJORA #148 en iter 15579: Fitness=137.7 (+0.4), Puntos=15993
2025-10-20 13:40:25,627 - DEBUG - Iter 15600: T=2.59, Fitness_actual=127.0, Mejor=137.7
2025-10-20 13:40:31,305 - WARNING - ⚠️  DEGRADACIÓN DETECTADA en iter 15700:
2025-10-20 13:40:31,305 - WARNING -    Mejor fitness: 137.7
2025-10-20 13:40:31,305 - WARNING -    Fitness promedio reciente: 112.6
2025-10-20 13:40:31,305 - WARNING -    Degradación: 25.1
2025-10-20 13:40:31,305 - WARNING -    🔄 RESTAURANDO mejor solución...
2025-10-20 13:40:31,308 - DEBUG - Iter 15700: T=2.59, Fitness_actual=137.7, Mejor=137.7
2025-10-20 13:40:37,026 - DEBUG - Iter 15800: T=2.59, Fitness_actual=125.0, Mejor=137.7
2025-10-20 13:40:42,663 - WARNING - ⚠️  DEGRADACIÓN DETECTADA en iter 15900:
2025-10-20 13:40:42,663 - WARNING -    Mejor fitness: 137.7
2025-10-20 13:40:42,664 - WARNING -    Fitness promedio reciente: 106.3
2025-10-20 13:40:42,664 - WARNING -    Degradación: 31.4
2025-10-20 13:40:42,664 - WARNING -    🔄 RESTAURANDO mejor solución...
2025-10-20 13:40:42,666 - DEBUG - Iter 15900: T=2.58, Fitness_actual=137.7, Mejor=137.7
2025-10-20 13:40:48,344 - INFO -   Iter 16000 | Tiempo:   12.5min ( 5.2%) | T =     2.58 | Fitness =    129.4 | Mejor =    137.7 | Aceptación =  83.6%
2025-10-20 13:40:48,344 - INFO - Progreso iter 16000: T=2.58, Fitness=129.4, Mejor=137.7, Tasa_acept=83.6%
2025-10-20 13:40:48,347 - DEBUG - Iter 16000: T=2.58, Fitness_actual=129.4, Mejor=137.7
2025-10-20 13:40:54,171 - DEBUG - Iter 16100: T=2.58, Fitness_actual=120.1, Mejor=137.7
2025-10-20 13:40:57,038 - WARNING - ⚠️  DEGRADACIÓN DETECTADA en iter 16150:
2025-10-20 13:40:57,039 - WARNING -    Mejor fitness: 137.7
2025-10-20 13:40:57,039 - WARNING -    Fitness promedio reciente: 114.8
2025-10-20 13:40:57,039 - WARNING -    Degradación: 22.9
2025-10-20 13:40:57,039 - WARNING -    🔄 RESTAURANDO mejor solución...
2025-10-20 13:40:59,943 - DEBUG - Iter 16200: T=2.57, Fitness_actual=123.5, Mejor=137.7
2025-10-20 13:41:05,690 - WARNING - ⚠️  DEGRADACIÓN DETECTADA en iter 16300:
2025-10-20 13:41:05,690 - WARNING -    Mejor fitness: 137.7
2025-10-20 13:41:05,690 - WARNING -    Fitness promedio reciente: 115.0
2025-10-20 13:41:05,690 - WARNING -    Degradación: 22.7
2025-10-20 13:41:05,691 - WARNING -    🔄 RESTAURANDO mejor solución...
2025-10-20 13:41:05,693 - DEBUG - Iter 16300: T=2.57, Fitness_actual=137.7, Mejor=137.7
2025-10-20 13:41:05,693 - INFO - 🌟 MEJORA #149 en iter 16300: Fitness=137.8 (+0.1), Puntos=16000
2025-10-20 13:41:11,432 - DEBUG - Iter 16400: T=2.57, Fitness_actual=122.2, Mejor=137.8
2025-10-20 13:41:14,231 - WARNING - ⚠️  DEGRADACIÓN DETECTADA en iter 16450:
2025-10-20 13:41:14,231 - WARNING -    Mejor fitness: 137.8
2025-10-20 13:41:14,231 - WARNING -    Fitness promedio reciente: 116.8
2025-10-20 13:41:14,232 - WARNING -    Degradación: 21.0
2025-10-20 13:41:14,232 - WARNING -    🔄 RESTAURANDO mejor solución...
2025-10-20 13:41:14,289 - INFO - 🌟 MEJORA #150 en iter 16451: Fitness=137.8 (+0.0), Puntos=16000
2025-10-20 13:41:14,290 - INFO -   ✨ Mejora #150 en iteración 16452: Fitness = 137.8 | Puntos = 16000 | T = 2.57
2025-10-20 13:41:17,017 - INFO -   Iter 16500 | Tiempo:   13.0min ( 5.4%) | T =     2.56 | Fitness =    124.8 | Mejor =    137.8 | Aceptación =  83.4%
2025-10-20 13:41:17,017 - INFO - Progreso iter 16500: T=2.56, Fitness=124.8, Mejor=137.8, Tasa_acept=83.4%
2025-10-20 13:41:17,019 - DEBUG - Iter 16500: T=2.56, Fitness_actual=124.8, Mejor=137.8
2025-10-20 13:41:22,608 - WARNING - ⚠️  DEGRADACIÓN DETECTADA en iter 16600:
2025-10-20 13:41:22,608 - WARNING -    Mejor fitness: 137.8
2025-10-20 13:41:22,609 - WARNING -    Fitness promedio reciente: 115.6
2025-10-20 13:41:22,609 - WARNING -    Degradación: 22.2
2025-10-20 13:41:22,609 - WARNING -    🔄 RESTAURANDO mejor solución...
2025-10-20 13:41:22,611 - DEBUG - Iter 16600: T=2.56, Fitness_actual=137.8, Mejor=137.8
2025-10-20 13:41:25,976 - WARNING - ================================================================================
2025-10-20 13:41:25,976 - WARNING - ⚠️  SALTO ANORMAL DETECTADO en iteración 16660
2025-10-20 13:41:25,976 - WARNING -    Fitness actual: 126.3
2025-10-20 13:41:25,976 - WARNING -    Fitness vecino: 103.4
2025-10-20 13:41:25,976 - WARNING -    Delta: -23.0
2025-10-20 13:41:25,976 - WARNING -    Temperatura: 2.56
2025-10-20 13:41:25,977 - WARNING -    Tipo perturbación aplicada: (ver generar_vecino)
2025-10-20 13:41:25,977 - WARNING -    Vecino - Puntos: 15474, Tiempo: 14818.9min, Distancia: 243.2km
2025-10-20 13:41:25,977 - WARNING -    Actual - Puntos: 15747, Tiempo: 14016.8min, Distancia: 170.2km
2025-10-20 13:41:25,977 - WARNING -    Validez restricciones - Vecino: False, Actual: False
2025-10-20 13:41:25,977 - WARNING - ================================================================================
2025-10-20 13:41:25,977 - WARNING - ⚠️  SALTO ANORMAL DETECTADO en iteración 16660
2025-10-20 13:41:25,977 - WARNING -    Fitness: 126.3 → 103.4 (Δ=-23.0)
2025-10-20 13:41:25,977 - WARNING -    Ver detalles en archivo de log
2025-10-20 13:41:26,035 - WARNING - ================================================================================
2025-10-20 13:41:26,035 - WARNING - ⚠️  SALTO ANORMAL DETECTADO en iteración 16661
2025-10-20 13:41:26,035 - WARNING -    Fitness actual: 126.3
2025-10-20 13:41:26,035 - WARNING -    Fitness vecino: 103.5
2025-10-20 13:41:26,035 - WARNING -    Delta: -22.8
2025-10-20 13:41:26,036 - WARNING -    Temperatura: 2.56
2025-10-20 13:41:26,036 - WARNING -    Tipo perturbación aplicada: (ver generar_vecino)
2025-10-20 13:41:26,036 - WARNING -    Vecino - Puntos: 15487, Tiempo: 14816.6min, Distancia: 243.1km
2025-10-20 13:41:26,036 - WARNING -    Actual - Puntos: 15747, Tiempo: 14016.8min, Distancia: 170.2km
2025-10-20 13:41:26,036 - WARNING -    Validez restricciones - Vecino: False, Actual: False
2025-10-20 13:41:26,036 - WARNING - ================================================================================
2025-10-20 13:41:26,037 - WARNING - ⚠️  SALTO ANORMAL DETECTADO en iteración 16661
2025-10-20 13:41:26,037 - WARNING -    Fitness: 126.3 → 103.5 (Δ=-22.8)
2025-10-20 13:41:26,037 - WARNING -    Ver detalles en archivo de log
2025-10-20 13:41:26,094 - WARNING - ================================================================================
2025-10-20 13:41:26,094 - WARNING - ⚠️  SALTO ANORMAL DETECTADO en iteración 16662
2025-10-20 13:41:26,094 - WARNING -    Fitness actual: 126.3
2025-10-20 13:41:26,095 - WARNING -    Fitness vecino: 103.4
2025-10-20 13:41:26,095 - WARNING -    Delta: -23.0
2025-10-20 13:41:26,095 - WARNING -    Temperatura: 2.56
2025-10-20 13:41:26,095 - WARNING -    Tipo perturbación aplicada: (ver generar_vecino)
2025-10-20 13:41:26,095 - WARNING -    Vecino - Puntos: 15474, Tiempo: 14823.1min, Distancia: 243.6km
2025-10-20 13:41:26,095 - WARNING -    Actual - Puntos: 15747, Tiempo: 14016.8min, Distancia: 170.2km
2025-10-20 13:41:26,096 - WARNING -    Validez restricciones - Vecino: False, Actual: False
2025-10-20 13:41:26,096 - WARNING - ================================================================================
2025-10-20 13:41:26,096 - WARNING - ⚠️  SALTO ANORMAL DETECTADO en iteración 16662
2025-10-20 13:41:26,096 - WARNING -    Fitness: 126.3 → 103.4 (Δ=-23.0)
2025-10-20 13:41:26,096 - WARNING -    Ver detalles en archivo de log
2025-10-20 13:41:26,153 - WARNING - ================================================================================
2025-10-20 13:41:26,153 - WARNING - ⚠️  SALTO ANORMAL DETECTADO en iteración 16663
2025-10-20 13:41:26,154 - WARNING -    Fitness actual: 126.3
2025-10-20 13:41:26,154 - WARNING -    Fitness vecino: 99.3
2025-10-20 13:41:26,154 - WARNING -    Delta: -27.0
2025-10-20 13:41:26,154 - WARNING -    Temperatura: 2.56
2025-10-20 13:41:26,154 - WARNING -    Tipo perturbación aplicada: (ver generar_vecino)
2025-10-20 13:41:26,154 - WARNING -    Vecino - Puntos: 15075, Tiempo: 14629.0min, Distancia: 258.2km
2025-10-20 13:41:26,155 - WARNING -    Actual - Puntos: 15747, Tiempo: 14016.8min, Distancia: 170.2km
2025-10-20 13:41:26,155 - WARNING -    Validez restricciones - Vecino: False, Actual: False
2025-10-20 13:41:26,155 - WARNING - ================================================================================
2025-10-20 13:41:26,155 - WARNING - ⚠️  SALTO ANORMAL DETECTADO en iteración 16663
2025-10-20 13:41:26,155 - WARNING -    Fitness: 126.3 → 99.3 (Δ=-27.0)
2025-10-20 13:41:26,156 - WARNING -    Ver detalles en archivo de log
2025-10-20 13:41:26,213 - WARNING - ================================================================================
2025-10-20 13:41:26,213 - WARNING - ⚠️  SALTO ANORMAL DETECTADO en iteración 16664
2025-10-20 13:41:26,213 - WARNING -    Fitness actual: 126.3
2025-10-20 13:41:26,213 - WARNING -    Fitness vecino: 99.4
2025-10-20 13:41:26,213 - WARNING -    Delta: -27.0
2025-10-20 13:41:26,214 - WARNING -    Temperatura: 2.56
2025-10-20 13:41:26,214 - WARNING -    Tipo perturbación aplicada: (ver generar_vecino)
2025-10-20 13:41:26,214 - WARNING -    Vecino - Puntos: 15474, Tiempo: 14540.3min, Distancia: 243.8km
2025-10-20 13:41:26,214 - WARNING -    Actual - Puntos: 15747, Tiempo: 14016.8min, Distancia: 170.2km
2025-10-20 13:41:26,214 - WARNING -    Validez restricciones - Vecino: False, Actual: False
2025-10-20 13:41:26,215 - WARNING - ================================================================================
2025-10-20 13:41:26,215 - WARNING - ⚠️  SALTO ANORMAL DETECTADO en iteración 16664
2025-10-20 13:41:26,215 - WARNING -    Fitness: 126.3 → 99.4 (Δ=-27.0)
2025-10-20 13:41:26,215 - WARNING -    Ver detalles en archivo de log
2025-10-20 13:41:26,272 - WARNING - ================================================================================
2025-10-20 13:41:26,272 - WARNING - ⚠️  SALTO ANORMAL DETECTADO en iteración 16665
2025-10-20 13:41:26,272 - WARNING -    Fitness actual: 126.3
2025-10-20 13:41:26,272 - WARNING -    Fitness vecino: 103.5
2025-10-20 13:41:26,272 - WARNING -    Delta: -22.8
2025-10-20 13:41:26,272 - WARNING -    Temperatura: 2.56
2025-10-20 13:41:26,272 - WARNING -    Tipo perturbación aplicada: (ver generar_vecino)
2025-10-20 13:41:26,273 - WARNING -    Vecino - Puntos: 15487, Tiempo: 14869.9min, Distancia: 243.7km
2025-10-20 13:41:26,273 - WARNING -    Actual - Puntos: 15747, Tiempo: 14016.8min, Distancia: 170.2km
2025-10-20 13:41:26,273 - WARNING -    Validez restricciones - Vecino: False, Actual: False
2025-10-20 13:41:26,273 - WARNING - ================================================================================
2025-10-20 13:41:26,273 - WARNING - ⚠️  SALTO ANORMAL DETECTADO en iteración 16665
2025-10-20 13:41:26,273 - WARNING -    Fitness: 126.3 → 103.5 (Δ=-22.8)
2025-10-20 13:41:26,273 - WARNING -    Ver detalles en archivo de log
2025-10-20 13:41:26,329 - WARNING - ================================================================================
2025-10-20 13:41:26,330 - WARNING - ⚠️  SALTO ANORMAL DETECTADO en iteración 16666
2025-10-20 13:41:26,330 - WARNING -    Fitness actual: 126.3
2025-10-20 13:41:26,330 - WARNING -    Fitness vecino: 96.9
2025-10-20 13:41:26,330 - WARNING -    Delta: -29.5
2025-10-20 13:41:26,330 - WARNING -    Temperatura: 2.56
2025-10-20 13:41:26,330 - WARNING -    Tipo perturbación aplicada: (ver generar_vecino)
2025-10-20 13:41:26,331 - WARNING -    Vecino - Puntos: 15474, Tiempo: 14658.3min, Distancia: 244.9km
2025-10-20 13:41:26,331 - WARNING -    Actual - Puntos: 15747, Tiempo: 14016.8min, Distancia: 170.2km
2025-10-20 13:41:26,331 - WARNING -    Validez restricciones - Vecino: False, Actual: False
2025-10-20 13:41:26,331 - WARNING - ================================================================================
2025-10-20 13:41:26,331 - WARNING - ⚠️  SALTO ANORMAL DETECTADO en iteración 16666
2025-10-20 13:41:26,331 - WARNING -    Fitness: 126.3 → 96.9 (Δ=-29.5)
2025-10-20 13:41:26,332 - WARNING -    Ver detalles en archivo de log
2025-10-20 13:41:26,389 - WARNING - ================================================================================
2025-10-20 13:41:26,389 - WARNING - ⚠️  SALTO ANORMAL DETECTADO en iteración 16667
2025-10-20 13:41:26,389 - WARNING -    Fitness actual: 126.3
2025-10-20 13:41:26,389 - WARNING -    Fitness vecino: 103.9
2025-10-20 13:41:26,390 - WARNING -    Delta: -22.4
2025-10-20 13:41:26,390 - WARNING -    Temperatura: 2.56
2025-10-20 13:41:26,390 - WARNING -    Tipo perturbación aplicada: (ver generar_vecino)
2025-10-20 13:41:26,390 - WARNING -    Vecino - Puntos: 15474, Tiempo: 14792.2min, Distancia: 243.5km
2025-10-20 13:41:26,390 - WARNING -    Actual - Puntos: 15747, Tiempo: 14016.8min, Distancia: 170.2km
2025-10-20 13:41:26,390 - WARNING -    Validez restricciones - Vecino: False, Actual: False
2025-10-20 13:41:26,390 - WARNING - ================================================================================
2025-10-20 13:41:26,391 - WARNING - ⚠️  SALTO ANORMAL DETECTADO en iteración 16667
2025-10-20 13:41:26,391 - WARNING -    Fitness: 126.3 → 103.9 (Δ=-22.4)
2025-10-20 13:41:26,391 - WARNING -    Ver detalles en archivo de log
2025-10-20 13:41:26,449 - WARNING - ================================================================================
2025-10-20 13:41:26,450 - WARNING - ⚠️  SALTO ANORMAL DETECTADO en iteración 16668
2025-10-20 13:41:26,450 - WARNING -    Fitness actual: 126.3
2025-10-20 13:41:26,450 - WARNING -    Fitness vecino: 102.4
2025-10-20 13:41:26,450 - WARNING -    Delta: -24.0
2025-10-20 13:41:26,450 - WARNING -    Temperatura: 2.56
2025-10-20 13:41:26,450 - WARNING -    Tipo perturbación aplicada: (ver generar_vecino)
2025-10-20 13:41:26,450 - WARNING -    Vecino - Puntos: 15474, Tiempo: 14948.9min, Distancia: 242.8km
2025-10-20 13:41:26,450 - WARNING -    Actual - Puntos: 15747, Tiempo: 14016.8min, Distancia: 170.2km
2025-10-20 13:41:26,451 - WARNING -    Validez restricciones - Vecino: False, Actual: False
2025-10-20 13:41:26,451 - WARNING - ================================================================================
2025-10-20 13:41:26,451 - WARNING - ⚠️  SALTO ANORMAL DETECTADO en iteración 16668
2025-10-20 13:41:26,451 - WARNING -    Fitness: 126.3 → 102.4 (Δ=-24.0)
2025-10-20 13:41:26,451 - WARNING -    Ver detalles en archivo de log
2025-10-20 13:41:26,509 - WARNING - ================================================================================
2025-10-20 13:41:26,509 - WARNING - ⚠️  SALTO ANORMAL DETECTADO en iteración 16669
2025-10-20 13:41:26,509 - WARNING -    Fitness actual: 126.3
2025-10-20 13:41:26,510 - WARNING -    Fitness vecino: 103.4
2025-10-20 13:41:26,510 - WARNING -    Delta: -23.0
2025-10-20 13:41:26,510 - WARNING -    Temperatura: 2.56
2025-10-20 13:41:26,510 - WARNING -    Tipo perturbación aplicada: (ver generar_vecino)
2025-10-20 13:41:26,510 - WARNING -    Vecino - Puntos: 15474, Tiempo: 14820.6min, Distancia: 243.4km
2025-10-20 13:41:26,510 - WARNING -    Actual - Puntos: 15747, Tiempo: 14016.8min, Distancia: 170.2km
2025-10-20 13:41:26,510 - WARNING -    Validez restricciones - Vecino: False, Actual: False
2025-10-20 13:41:26,510 - WARNING - ================================================================================
2025-10-20 13:41:26,510 - WARNING - ⚠️  SALTO ANORMAL DETECTADO en iteración 16669
2025-10-20 13:41:26,511 - WARNING -    Fitness: 126.3 → 103.4 (Δ=-23.0)
2025-10-20 13:41:26,511 - WARNING -    Ver detalles en archivo de log
2025-10-20 13:41:26,568 - WARNING - ================================================================================
2025-10-20 13:41:26,569 - WARNING - ⚠️  SALTO ANORMAL DETECTADO en iteración 16670
2025-10-20 13:41:26,569 - WARNING -    Fitness actual: 126.3
2025-10-20 13:41:26,569 - WARNING -    Fitness vecino: 103.3
2025-10-20 13:41:26,569 - WARNING -    Delta: -23.0
2025-10-20 13:41:26,569 - WARNING -    Temperatura: 2.56
2025-10-20 13:41:26,569 - WARNING -    Tipo perturbación aplicada: (ver generar_vecino)
2025-10-20 13:41:26,569 - WARNING -    Vecino - Puntos: 15471, Tiempo: 14850.6min, Distancia: 243.4km
2025-10-20 13:41:26,569 - WARNING -    Actual - Puntos: 15747, Tiempo: 14016.8min, Distancia: 170.2km
2025-10-20 13:41:26,569 - WARNING -    Validez restricciones - Vecino: False, Actual: False
2025-10-20 13:41:26,569 - WARNING - ================================================================================
2025-10-20 13:41:26,569 - WARNING - ⚠️  SALTO ANORMAL DETECTADO en iteración 16670
2025-10-20 13:41:26,570 - WARNING -    Fitness: 126.3 → 103.3 (Δ=-23.0)
2025-10-20 13:41:26,570 - WARNING -    Ver detalles en archivo de log
2025-10-20 13:41:26,628 - WARNING - ================================================================================
2025-10-20 13:41:26,628 - WARNING - ⚠️  SALTO ANORMAL DETECTADO en iteración 16671
2025-10-20 13:41:26,628 - WARNING -    Fitness actual: 126.3
2025-10-20 13:41:26,628 - WARNING -    Fitness vecino: 99.9
2025-10-20 13:41:26,628 - WARNING -    Delta: -26.5
2025-10-20 13:41:26,629 - WARNING -    Temperatura: 2.56
2025-10-20 13:41:26,629 - WARNING -    Tipo perturbación aplicada: (ver generar_vecino)
2025-10-20 13:41:26,629 - WARNING -    Vecino - Puntos: 15474, Tiempo: 14753.3min, Distancia: 244.9km
2025-10-20 13:41:26,629 - WARNING -    Actual - Puntos: 15747, Tiempo: 14016.8min, Distancia: 170.2km
2025-10-20 13:41:26,629 - WARNING -    Validez restricciones - Vecino: False, Actual: False
2025-10-20 13:41:26,630 - WARNING - ================================================================================
2025-10-20 13:41:26,630 - WARNING - ⚠️  SALTO ANORMAL DETECTADO en iteración 16671
2025-10-20 13:41:26,630 - WARNING -    Fitness: 126.3 → 99.9 (Δ=-26.5)
2025-10-20 13:41:26,630 - WARNING -    Ver detalles en archivo de log
2025-10-20 13:41:26,687 - WARNING - ================================================================================
2025-10-20 13:41:26,687 - WARNING - ⚠️  SALTO ANORMAL DETECTADO en iteración 16672
2025-10-20 13:41:26,688 - WARNING -    Fitness actual: 126.3
2025-10-20 13:41:26,688 - WARNING -    Fitness vecino: 103.4
2025-10-20 13:41:26,688 - WARNING -    Delta: -23.0
2025-10-20 13:41:26,688 - WARNING -    Temperatura: 2.56
2025-10-20 13:41:26,688 - WARNING -    Tipo perturbación aplicada: (ver generar_vecino)
2025-10-20 13:41:26,688 - WARNING -    Vecino - Puntos: 15474, Tiempo: 14820.6min, Distancia: 243.4km
2025-10-20 13:41:26,689 - WARNING -    Actual - Puntos: 15747, Tiempo: 14016.8min, Distancia: 170.2km
2025-10-20 13:41:26,689 - WARNING -    Validez restricciones - Vecino: False, Actual: False
2025-10-20 13:41:26,689 - WARNING - ================================================================================
2025-10-20 13:41:26,689 - WARNING - ⚠️  SALTO ANORMAL DETECTADO en iteración 16672
2025-10-20 13:41:26,689 - WARNING -    Fitness: 126.3 → 103.4 (Δ=-23.0)
2025-10-20 13:41:26,689 - WARNING -    Ver detalles en archivo de log
2025-10-20 13:41:26,748 - WARNING - ================================================================================
2025-10-20 13:41:26,748 - WARNING - ⚠️  SALTO ANORMAL DETECTADO en iteración 16673
2025-10-20 13:41:26,748 - WARNING -    Fitness actual: 126.3
2025-10-20 13:41:26,748 - WARNING -    Fitness vecino: 103.4
2025-10-20 13:41:26,748 - WARNING -    Delta: -22.9
2025-10-20 13:41:26,748 - WARNING -    Temperatura: 2.56
2025-10-20 13:41:26,749 - WARNING -    Tipo perturbación aplicada: (ver generar_vecino)
2025-10-20 13:41:26,749 - WARNING -    Vecino - Puntos: 15479, Tiempo: 14815.5min, Distancia: 243.0km
2025-10-20 13:41:26,749 - WARNING -    Actual - Puntos: 15747, Tiempo: 14016.8min, Distancia: 170.2km
2025-10-20 13:41:26,749 - WARNING -    Validez restricciones - Vecino: False, Actual: False
2025-10-20 13:41:26,749 - WARNING - ================================================================================
2025-10-20 13:41:26,749 - WARNING - ⚠️  SALTO ANORMAL DETECTADO en iteración 16673
2025-10-20 13:41:26,749 - WARNING -    Fitness: 126.3 → 103.4 (Δ=-22.9)
2025-10-20 13:41:26,749 - WARNING -    Ver detalles en archivo de log
2025-10-20 13:41:26,808 - WARNING - ================================================================================
2025-10-20 13:41:26,808 - WARNING - ⚠️  SALTO ANORMAL DETECTADO en iteración 16674
2025-10-20 13:41:26,808 - WARNING -    Fitness actual: 126.3
2025-10-20 13:41:26,808 - WARNING -    Fitness vecino: 103.4
2025-10-20 13:41:26,808 - WARNING -    Delta: -23.0
2025-10-20 13:41:26,809 - WARNING -    Temperatura: 2.56
2025-10-20 13:41:26,809 - WARNING -    Tipo perturbación aplicada: (ver generar_vecino)
2025-10-20 13:41:26,809 - WARNING -    Vecino - Puntos: 15474, Tiempo: 14820.6min, Distancia: 243.4km
2025-10-20 13:41:26,809 - WARNING -    Actual - Puntos: 15747, Tiempo: 14016.8min, Distancia: 170.2km
2025-10-20 13:41:26,809 - WARNING -    Validez restricciones - Vecino: False, Actual: False
2025-10-20 13:41:26,810 - WARNING - ================================================================================
2025-10-20 13:41:26,810 - WARNING - ⚠️  SALTO ANORMAL DETECTADO en iteración 16674
2025-10-20 13:41:26,810 - WARNING -    Fitness: 126.3 → 103.4 (Δ=-23.0)
2025-10-20 13:41:26,810 - WARNING -    Ver detalles en archivo de log
2025-10-20 13:41:26,867 - WARNING - ================================================================================
2025-10-20 13:41:26,868 - WARNING - ⚠️  SALTO ANORMAL DETECTADO en iteración 16675
2025-10-20 13:41:26,868 - WARNING -    Fitness actual: 126.3
2025-10-20 13:41:26,868 - WARNING -    Fitness vecino: 104.2
2025-10-20 13:41:26,868 - WARNING -    Delta: -22.1
2025-10-20 13:41:26,868 - WARNING -    Temperatura: 2.56
2025-10-20 13:41:26,869 - WARNING -    Tipo perturbación aplicada: (ver generar_vecino)
2025-10-20 13:41:26,869 - WARNING -    Vecino - Puntos: 15459, Tiempo: 14777.9min, Distancia: 243.2km
2025-10-20 13:41:26,869 - WARNING -    Actual - Puntos: 15747, Tiempo: 14016.8min, Distancia: 170.2km
2025-10-20 13:41:26,869 - WARNING -    Validez restricciones - Vecino: False, Actual: False
2025-10-20 13:41:26,870 - WARNING - ================================================================================
2025-10-20 13:41:26,870 - WARNING - ⚠️  SALTO ANORMAL DETECTADO en iteración 16675
2025-10-20 13:41:26,870 - WARNING -    Fitness: 126.3 → 104.2 (Δ=-22.1)
2025-10-20 13:41:26,870 - WARNING -    Ver detalles en archivo de log
2025-10-20 13:41:26,928 - WARNING - ================================================================================
2025-10-20 13:41:26,928 - WARNING - ⚠️  SALTO ANORMAL DETECTADO en iteración 16676
2025-10-20 13:41:26,928 - WARNING -    Fitness actual: 126.3
2025-10-20 13:41:26,928 - WARNING -    Fitness vecino: 102.4
2025-10-20 13:41:26,928 - WARNING -    Delta: -24.0
2025-10-20 13:41:26,929 - WARNING -    Temperatura: 2.56
2025-10-20 13:41:26,929 - WARNING -    Tipo perturbación aplicada: (ver generar_vecino)
2025-10-20 13:41:26,929 - WARNING -    Vecino - Puntos: 15474, Tiempo: 14829.7min, Distancia: 244.1km
2025-10-20 13:41:26,929 - WARNING -    Actual - Puntos: 15747, Tiempo: 14016.8min, Distancia: 170.2km
2025-10-20 13:41:26,929 - WARNING -    Validez restricciones - Vecino: False, Actual: False
2025-10-20 13:41:26,929 - WARNING - ================================================================================
2025-10-20 13:41:26,929 - WARNING - ⚠️  SALTO ANORMAL DETECTADO en iteración 16676
2025-10-20 13:41:26,929 - WARNING -    Fitness: 126.3 → 102.4 (Δ=-24.0)
2025-10-20 13:41:26,930 - WARNING -    Ver detalles en archivo de log
2025-10-20 13:41:27,045 - WARNING - ================================================================================
2025-10-20 13:41:27,045 - WARNING - ⚠️  SALTO ANORMAL DETECTADO en iteración 16678
2025-10-20 13:41:27,045 - WARNING -    Fitness actual: 126.3
2025-10-20 13:41:27,045 - WARNING -    Fitness vecino: 103.4
2025-10-20 13:41:27,046 - WARNING -    Delta: -22.9
2025-10-20 13:41:27,046 - WARNING -    Temperatura: 2.56
2025-10-20 13:41:27,046 - WARNING -    Tipo perturbación aplicada: (ver generar_vecino)
2025-10-20 13:41:27,046 - WARNING -    Vecino - Puntos: 15476, Tiempo: 14819.7min, Distancia: 243.3km
2025-10-20 13:41:27,046 - WARNING -    Actual - Puntos: 15747, Tiempo: 14016.8min, Distancia: 170.2km
2025-10-20 13:41:27,047 - WARNING -    Validez restricciones - Vecino: False, Actual: False
2025-10-20 13:41:27,047 - WARNING - ================================================================================
2025-10-20 13:41:27,047 - WARNING - ⚠️  SALTO ANORMAL DETECTADO en iteración 16678
2025-10-20 13:41:27,047 - WARNING -    Fitness: 126.3 → 103.4 (Δ=-22.9)
2025-10-20 13:41:27,047 - WARNING -    Ver detalles en archivo de log
2025-10-20 13:41:27,105 - WARNING - ================================================================================
2025-10-20 13:41:27,106 - WARNING - ⚠️  SALTO ANORMAL DETECTADO en iteración 16679
2025-10-20 13:41:27,106 - WARNING -    Fitness actual: 126.3
2025-10-20 13:41:27,106 - WARNING -    Fitness vecino: 103.4
2025-10-20 13:41:27,106 - WARNING -    Delta: -23.0
2025-10-20 13:41:27,106 - WARNING -    Temperatura: 2.56
2025-10-20 13:41:27,107 - WARNING -    Tipo perturbación aplicada: (ver generar_vecino)
2025-10-20 13:41:27,107 - WARNING -    Vecino - Puntos: 15474, Tiempo: 14824.4min, Distancia: 243.7km
2025-10-20 13:41:27,107 - WARNING -    Actual - Puntos: 15747, Tiempo: 14016.8min, Distancia: 170.2km
2025-10-20 13:41:27,107 - WARNING -    Validez restricciones - Vecino: False, Actual: False
2025-10-20 13:41:27,107 - WARNING - ================================================================================
2025-10-20 13:41:27,107 - WARNING - ⚠️  SALTO ANORMAL DETECTADO en iteración 16679
2025-10-20 13:41:27,108 - WARNING -    Fitness: 126.3 → 103.4 (Δ=-23.0)
2025-10-20 13:41:27,108 - WARNING -    Ver detalles en archivo de log
2025-10-20 13:41:28,309 - DEBUG - Iter 16700: T=2.56, Fitness_actual=119.5, Mejor=137.8
2025-10-20 13:41:34,020 - WARNING - ⚠️  DEGRADACIÓN DETECTADA en iter 16800:
2025-10-20 13:41:34,021 - WARNING -    Mejor fitness: 137.8
2025-10-20 13:41:34,021 - WARNING -    Fitness promedio reciente: 107.0
2025-10-20 13:41:34,021 - WARNING -    Degradación: 30.8
2025-10-20 13:41:34,021 - WARNING -    🔄 RESTAURANDO mejor solución...
2025-10-20 13:41:34,024 - DEBUG - Iter 16800: T=2.56, Fitness_actual=137.8, Mejor=137.8
2025-10-20 13:41:34,024 - INFO - 🌟 MEJORA #151 en iter 16800: Fitness=137.8 (+0.1), Puntos=16004
2025-10-20 13:41:34,139 - INFO - 🌟 MEJORA #152 en iter 16802: Fitness=137.8 (+0.0), Puntos=16004
2025-10-20 13:41:39,776 - DEBUG - Iter 16900: T=2.55, Fitness_actual=124.5, Mejor=137.8
2025-10-20 13:41:45,502 - INFO -   Iter 17000 | Tiempo:   13.5min ( 5.6%) | T =     2.55 | Fitness =    117.3 | Mejor =    137.8 | Aceptación =  83.2%
2025-10-20 13:41:45,502 - INFO - Progreso iter 17000: T=2.55, Fitness=117.3, Mejor=137.8, Tasa_acept=83.2%
2025-10-20 13:41:45,503 - WARNING - ⚠️  DEGRADACIÓN DETECTADA en iter 17000:
2025-10-20 13:41:45,503 - WARNING -    Mejor fitness: 137.8
2025-10-20 13:41:45,503 - WARNING -    Fitness promedio reciente: 117.2
2025-10-20 13:41:45,503 - WARNING -    Degradación: 20.7
2025-10-20 13:41:45,504 - WARNING -    🔄 RESTAURANDO mejor solución...
2025-10-20 13:41:45,506 - DEBUG - Iter 17000: T=2.55, Fitness_actual=137.8, Mejor=137.8
2025-10-20 13:41:51,257 - DEBUG - Iter 17100: T=2.55, Fitness_actual=125.4, Mejor=137.8
2025-10-20 13:41:57,005 - DEBUG - Iter 17200: T=2.54, Fitness_actual=120.8, Mejor=137.8
2025-10-20 13:41:59,902 - WARNING - ⚠️  DEGRADACIÓN DETECTADA en iter 17250:
2025-10-20 13:41:59,902 - WARNING -    Mejor fitness: 137.8
2025-10-20 13:41:59,902 - WARNING -    Fitness promedio reciente: 114.4
2025-10-20 13:41:59,902 - WARNING -    Degradación: 23.4
2025-10-20 13:41:59,902 - WARNING -    🔄 RESTAURANDO mejor solución...
2025-10-20 13:42:02,810 - DEBUG - Iter 17300: T=2.54, Fitness_actual=126.2, Mejor=137.8
2025-10-20 13:42:08,584 - DEBUG - Iter 17400: T=2.54, Fitness_actual=120.5, Mejor=137.8
2025-10-20 13:42:14,354 - INFO -   Iter 17500 | Tiempo:   14.0min ( 5.8%) | T =     2.54 | Fitness =    115.5 | Mejor =    137.8 | Aceptación =  83.1%
2025-10-20 13:42:14,354 - INFO - Progreso iter 17500: T=2.54, Fitness=115.5, Mejor=137.8, Tasa_acept=83.1%
2025-10-20 13:42:14,357 - DEBUG - Iter 17500: T=2.54, Fitness_actual=115.5, Mejor=137.8
2025-10-20 13:42:17,242 - WARNING - ⚠️  DEGRADACIÓN DETECTADA en iter 17550:
2025-10-20 13:42:17,242 - WARNING -    Mejor fitness: 137.8
2025-10-20 13:42:17,242 - WARNING -    Fitness promedio reciente: 113.0
2025-10-20 13:42:17,242 - WARNING -    Degradación: 24.8
2025-10-20 13:42:17,242 - WARNING -    🔄 RESTAURANDO mejor solución...
2025-10-20 13:42:17,303 - INFO - 🌟 MEJORA #153 en iter 17551: Fitness=137.8 (+0.0), Puntos=16004
2025-10-20 13:42:17,765 - INFO - 🌟 MEJORA #154 en iter 17559: Fitness=138.1 (+0.2), Puntos=15998
2025-10-20 13:42:17,881 - INFO - 🌟 MEJORA #155 en iter 17561: Fitness=138.1 (+0.0), Puntos=16003
2025-10-20 13:42:17,881 - INFO -   ✨ Mejora #155 en iteración 17562: Fitness = 138.1 | Puntos = 16003 | T = 2.53
2025-10-20 13:42:17,939 - INFO - 🌟 MEJORA #156 en iter 17562: Fitness=138.1 (+0.0), Puntos=16003
2025-10-20 13:42:20,146 - DEBUG - Iter 17600: T=2.53, Fitness_actual=127.5, Mejor=138.1
2025-10-20 13:42:25,860 - WARNING - ⚠️  DEGRADACIÓN DETECTADA en iter 17700:
2025-10-20 13:42:25,860 - WARNING -    Mejor fitness: 138.1
2025-10-20 13:42:25,861 - WARNING -    Fitness promedio reciente: 113.8
2025-10-20 13:42:25,861 - WARNING -    Degradación: 24.3
2025-10-20 13:42:25,861 - WARNING -    🔄 RESTAURANDO mejor solución...
2025-10-20 13:42:25,863 - DEBUG - Iter 17700: T=2.53, Fitness_actual=138.1, Mejor=138.1
2025-10-20 13:42:31,697 - DEBUG - Iter 17800: T=2.53, Fitness_actual=120.0, Mejor=138.1
2025-10-20 13:42:34,603 - WARNING - ⚠️  DEGRADACIÓN DETECTADA en iter 17850:
2025-10-20 13:42:34,604 - WARNING -    Mejor fitness: 138.1
2025-10-20 13:42:34,604 - WARNING -    Fitness promedio reciente: 113.2
2025-10-20 13:42:34,604 - WARNING -    Degradación: 24.9
2025-10-20 13:42:34,604 - WARNING -    🔄 RESTAURANDO mejor solución...
2025-10-20 13:42:37,515 - DEBUG - Iter 17900: T=2.52, Fitness_actual=126.7, Mejor=138.1
2025-10-20 13:42:43,344 - INFO -   Iter 18000 | Tiempo:   14.5min ( 6.0%) | T =     2.52 | Fitness =    108.9 | Mejor =    138.1 | Aceptación =  83.1%
2025-10-20 13:42:43,345 - INFO - Progreso iter 18000: T=2.52, Fitness=108.9, Mejor=138.1, Tasa_acept=83.1%
2025-10-20 13:42:43,345 - WARNING - ⚠️  DEGRADACIÓN DETECTADA en iter 18000:
2025-10-20 13:42:43,345 - WARNING -    Mejor fitness: 138.1
2025-10-20 13:42:43,345 - WARNING -    Fitness promedio reciente: 110.5
2025-10-20 13:42:43,345 - WARNING -    Degradación: 27.6
2025-10-20 13:42:43,345 - WARNING -    🔄 RESTAURANDO mejor solución...
2025-10-20 13:42:43,348 - DEBUG - Iter 18000: T=2.52, Fitness_actual=138.1, Mejor=138.1
2025-10-20 13:42:49,174 - DEBUG - Iter 18100: T=2.52, Fitness_actual=120.8, Mejor=138.1
2025-10-20 13:42:55,034 - WARNING - ⚠️  DEGRADACIÓN DETECTADA en iter 18200:
2025-10-20 13:42:55,034 - WARNING -    Mejor fitness: 138.1
2025-10-20 13:42:55,035 - WARNING -    Fitness promedio reciente: 114.4
2025-10-20 13:42:55,035 - WARNING -    Degradación: 23.7
2025-10-20 13:42:55,035 - WARNING -    🔄 RESTAURANDO mejor solución...
2025-10-20 13:42:55,037 - DEBUG - Iter 18200: T=2.51, Fitness_actual=138.1, Mejor=138.1
2025-10-20 13:43:00,928 - DEBUG - Iter 18300: T=2.51, Fitness_actual=119.4, Mejor=138.1
2025-10-20 13:43:06,826 - WARNING - ⚠️  DEGRADACIÓN DETECTADA en iter 18400:
2025-10-20 13:43:06,826 - WARNING -    Mejor fitness: 138.1
2025-10-20 13:43:06,826 - WARNING -    Fitness promedio reciente: 115.3
2025-10-20 13:43:06,826 - WARNING -    Degradación: 22.8
2025-10-20 13:43:06,826 - WARNING -    🔄 RESTAURANDO mejor solución...
2025-10-20 13:43:06,829 - DEBUG - Iter 18400: T=2.51, Fitness_actual=138.1, Mejor=138.1
2025-10-20 13:43:06,829 - INFO - 🌟 MEJORA #157 en iter 18400: Fitness=138.1 (+0.0), Puntos=16003
2025-10-20 13:43:12,733 - INFO -   Iter 18500 | Tiempo:   14.9min ( 6.2%) | T =     2.51 | Fitness =    111.9 | Mejor =    138.1 | Aceptación =  83.0%
2025-10-20 13:43:12,733 - INFO - Progreso iter 18500: T=2.51, Fitness=111.9, Mejor=138.1, Tasa_acept=83.0%
2025-10-20 13:43:12,735 - DEBUG - Iter 18500: T=2.51, Fitness_actual=111.9, Mejor=138.1
2025-10-20 13:43:15,687 - WARNING - ⚠️  DEGRADACIÓN DETECTADA en iter 18550:
2025-10-20 13:43:15,687 - WARNING -    Mejor fitness: 138.1
2025-10-20 13:43:15,687 - WARNING -    Fitness promedio reciente: 108.9
2025-10-20 13:43:15,687 - WARNING -    Degradación: 29.2
2025-10-20 13:43:15,688 - WARNING -    🔄 RESTAURANDO mejor solución...
2025-10-20 13:43:15,690 - INFO - 🌟 MEJORA #158 en iter 18550: Fitness=138.1 (+0.0), Puntos=16003
2025-10-20 13:43:18,632 - DEBUG - Iter 18600: T=2.50, Fitness_actual=127.8, Mejor=138.1
2025-10-20 13:43:24,502 - DEBUG - Iter 18700: T=2.50, Fitness_actual=119.8, Mejor=138.1
2025-10-20 13:43:27,458 - WARNING - ⚠️  DEGRADACIÓN DETECTADA en iter 18750:
2025-10-20 13:43:27,459 - WARNING -    Mejor fitness: 138.1
2025-10-20 13:43:27,459 - WARNING -    Fitness promedio reciente: 112.7
2025-10-20 13:43:27,459 - WARNING -    Degradación: 25.4
2025-10-20 13:43:27,459 - WARNING -    🔄 RESTAURANDO mejor solución...
2025-10-20 13:43:28,116 - INFO - 🌟 MEJORA #159 en iter 18761: Fitness=138.2 (+0.1), Puntos=16013
2025-10-20 13:43:28,293 - INFO - 🌟 MEJORA #160 en iter 18764: Fitness=138.2 (+0.0), Puntos=16015
2025-10-20 13:43:28,293 - INFO -   ✨ Mejora #160 en iteración 18765: Fitness = 138.2 | Puntos = 16015 | T = 2.50
2025-10-20 13:43:30,425 - DEBUG - Iter 18800: T=2.50, Fitness_actual=129.3, Mejor=138.2
2025-10-20 13:43:36,369 - DEBUG - Iter 18900: T=2.49, Fitness_actual=116.1, Mejor=138.2
2025-10-20 13:43:39,401 - WARNING - ⚠️  DEGRADACIÓN DETECTADA en iter 18950:
2025-10-20 13:43:39,401 - WARNING -    Mejor fitness: 138.2
2025-10-20 13:43:39,402 - WARNING -    Fitness promedio reciente: 113.3
2025-10-20 13:43:39,402 - WARNING -    Degradación: 24.9
2025-10-20 13:43:39,402 - WARNING -    🔄 RESTAURANDO mejor solución...
2025-10-20 13:43:39,404 - INFO - 🌟 MEJORA #161 en iter 18950: Fitness=138.2 (+0.0), Puntos=16015
2025-10-20 13:43:42,410 - INFO -   Iter 19000 | Tiempo:   15.4min ( 6.4%) | T =     2.49 | Fitness =    127.4 | Mejor =    138.2 | Aceptación =  83.0%
2025-10-20 13:43:42,410 - INFO - Progreso iter 19000: T=2.49, Fitness=127.4, Mejor=138.2, Tasa_acept=83.0%
2025-10-20 13:43:42,412 - DEBUG - Iter 19000: T=2.49, Fitness_actual=127.4, Mejor=138.2
2025-10-20 13:43:48,418 - DEBUG - Iter 19100: T=2.49, Fitness_actual=118.3, Mejor=138.2
2025-10-20 13:43:51,421 - WARNING - ⚠️  DEGRADACIÓN DETECTADA en iter 19150:
2025-10-20 13:43:51,421 - WARNING -    Mejor fitness: 138.2
2025-10-20 13:43:51,422 - WARNING -    Fitness promedio reciente: 113.9
2025-10-20 13:43:51,422 - WARNING -    Degradación: 24.3
2025-10-20 13:43:51,422 - WARNING -    🔄 RESTAURANDO mejor solución...
2025-10-20 13:43:51,484 - INFO - 🌟 MEJORA #162 en iter 19151: Fitness=138.2 (+0.0), Puntos=16015
2025-10-20 13:43:54,452 - DEBUG - Iter 19200: T=2.48, Fitness_actual=119.0, Mejor=138.2
2025-10-20 13:44:00,520 - WARNING - ⚠️  DEGRADACIÓN DETECTADA en iter 19300:
2025-10-20 13:44:00,520 - WARNING -    Mejor fitness: 138.2
2025-10-20 13:44:00,521 - WARNING -    Fitness promedio reciente: 111.7
2025-10-20 13:44:00,521 - WARNING -    Degradación: 26.5
2025-10-20 13:44:00,521 - WARNING -    🔄 RESTAURANDO mejor solución...
2025-10-20 13:44:00,523 - DEBUG - Iter 19300: T=2.48, Fitness_actual=138.2, Mejor=138.2
2025-10-20 13:44:00,523 - INFO - 🌟 MEJORA #163 en iter 19300: Fitness=138.2 (+0.0), Puntos=16015
2025-10-20 13:44:06,642 - DEBUG - Iter 19400: T=2.48, Fitness_actual=127.8, Mejor=138.2
2025-10-20 13:44:12,688 - INFO -   Iter 19500 | Tiempo:   15.9min ( 6.6%) | T =     2.48 | Fitness =    103.9 | Mejor =    138.2 | Aceptación =  82.9%
2025-10-20 13:44:12,688 - INFO - Progreso iter 19500: T=2.48, Fitness=103.9, Mejor=138.2, Tasa_acept=82.9%
2025-10-20 13:44:12,688 - WARNING - ⚠️  DEGRADACIÓN DETECTADA en iter 19500:
2025-10-20 13:44:12,689 - WARNING -    Mejor fitness: 138.2
2025-10-20 13:44:12,689 - WARNING -    Fitness promedio reciente: 111.1
2025-10-20 13:44:12,689 - WARNING -    Degradación: 27.1
2025-10-20 13:44:12,689 - WARNING -    🔄 RESTAURANDO mejor solución...
2025-10-20 13:44:12,692 - DEBUG - Iter 19500: T=2.48, Fitness_actual=138.2, Mejor=138.2
2025-10-20 13:44:12,874 - INFO - 🌟 MEJORA #164 en iter 19503: Fitness=138.5 (+0.2), Puntos=16038
2025-10-20 13:44:18,756 - DEBUG - Iter 19600: T=2.47, Fitness_actual=123.4, Mejor=138.5
2025-10-20 13:44:24,892 - WARNING - ⚠️  DEGRADACIÓN DETECTADA en iter 19700:
2025-10-20 13:44:24,893 - WARNING -    Mejor fitness: 138.5
2025-10-20 13:44:24,893 - WARNING -    Fitness promedio reciente: 114.1
2025-10-20 13:44:24,893 - WARNING -    Degradación: 24.3
2025-10-20 13:44:24,893 - WARNING -    🔄 RESTAURANDO mejor solución...
2025-10-20 13:44:24,895 - DEBUG - Iter 19700: T=2.47, Fitness_actual=138.5, Mejor=138.5
2025-10-20 13:44:31,045 - DEBUG - Iter 19800: T=2.47, Fitness_actual=116.6, Mejor=138.5
2025-10-20 13:44:34,107 - WARNING - ⚠️  DEGRADACIÓN DETECTADA en iter 19850:
2025-10-20 13:44:34,107 - WARNING -    Mejor fitness: 138.5
2025-10-20 13:44:34,107 - WARNING -    Fitness promedio reciente: 117.0
2025-10-20 13:44:34,107 - WARNING -    Degradación: 21.5
2025-10-20 13:44:34,107 - WARNING -    🔄 RESTAURANDO mejor solución...
2025-10-20 13:44:34,298 - INFO - 🌟 MEJORA #165 en iter 19853: Fitness=138.6 (+0.1), Puntos=16047
2025-10-20 13:44:34,298 - INFO -   ✨ Mejora #165 en iteración 19854: Fitness = 138.6 | Puntos = 16047 | T = 2.47
2025-10-20 13:44:34,481 - INFO - 🌟 MEJORA #166 en iter 19856: Fitness=139.6 (+1.0), Puntos=16152
2025-10-20 13:44:37,188 - DEBUG - Iter 19900: T=2.46, Fitness_actual=129.3, Mejor=139.6
2025-10-20 13:44:43,314 - INFO -   Iter 20000 | Tiempo:   16.5min ( 6.9%) | T =     2.46 | Fitness =    107.5 | Mejor =    139.6 | Aceptación =  82.9%
2025-10-20 13:44:43,314 - INFO - Progreso iter 20000: T=2.46, Fitness=107.5, Mejor=139.6, Tasa_acept=82.9%
2025-10-20 13:44:43,314 - WARNING - ⚠️  DEGRADACIÓN DETECTADA en iter 20000:
2025-10-20 13:44:43,314 - WARNING -    Mejor fitness: 139.6
2025-10-20 13:44:43,314 - WARNING -    Fitness promedio reciente: 114.2
2025-10-20 13:44:43,315 - WARNING -    Degradación: 25.4
2025-10-20 13:44:43,315 - WARNING -    🔄 RESTAURANDO mejor solución...
2025-10-20 13:44:43,317 - DEBUG - Iter 20000: T=2.46, Fitness_actual=139.6, Mejor=139.6
2025-10-20 13:44:49,460 - DEBUG - Iter 20100: T=2.46, Fitness_actual=118.7, Mejor=139.6
2025-10-20 13:44:52,513 - WARNING - ⚠️  DEGRADACIÓN DETECTADA en iter 20150:
2025-10-20 13:44:52,513 - WARNING -    Mejor fitness: 139.6
2025-10-20 13:44:52,513 - WARNING -    Fitness promedio reciente: 116.3
2025-10-20 13:44:52,513 - WARNING -    Degradación: 23.3
2025-10-20 13:44:52,513 - WARNING -    🔄 RESTAURANDO mejor solución...
2025-10-20 13:44:52,763 - INFO - 🌟 MEJORA #167 en iter 20154: Fitness=140.4 (+0.8), Puntos=16127
2025-10-20 13:44:52,890 - INFO - 🌟 MEJORA #168 en iter 20156: Fitness=140.4 (+0.1), Puntos=16133
2025-10-20 13:44:55,611 - DEBUG - Iter 20200: T=2.45, Fitness_actual=130.3, Mejor=140.4
2025-10-20 13:45:01,776 - DEBUG - Iter 20300: T=2.45, Fitness_actual=123.2, Mejor=140.4
2025-10-20 13:45:04,859 - WARNING - ⚠️  DEGRADACIÓN DETECTADA en iter 20350:
2025-10-20 13:45:04,859 - WARNING -    Mejor fitness: 140.4
2025-10-20 13:45:04,860 - WARNING -    Fitness promedio reciente: 119.8
2025-10-20 13:45:04,860 - WARNING -    Degradación: 20.6
2025-10-20 13:45:04,860 - WARNING -    🔄 RESTAURANDO mejor solución...
2025-10-20 13:45:04,862 - INFO - 🌟 MEJORA #169 en iter 20350: Fitness=140.5 (+0.1), Puntos=16138
2025-10-20 13:45:07,963 - DEBUG - Iter 20400: T=2.45, Fitness_actual=127.8, Mejor=140.5
2025-10-20 13:45:13,969 - INFO -   Iter 20500 | Tiempo:   17.0min ( 7.1%) | T =     2.45 | Fitness =    123.2 | Mejor =    140.5 | Aceptación =  82.7%
2025-10-20 13:45:13,969 - INFO - Progreso iter 20500: T=2.45, Fitness=123.2, Mejor=140.5, Tasa_acept=82.7%
2025-10-20 13:45:13,971 - DEBUG - Iter 20500: T=2.45, Fitness_actual=123.2, Mejor=140.5
2025-10-20 13:45:19,762 - WARNING - ⚠️  DEGRADACIÓN DETECTADA en iter 20600:
2025-10-20 13:45:19,762 - WARNING -    Mejor fitness: 140.5
2025-10-20 13:45:19,762 - WARNING -    Fitness promedio reciente: 112.3
2025-10-20 13:45:19,762 - WARNING -    Degradación: 28.2
2025-10-20 13:45:19,762 - WARNING -    🔄 RESTAURANDO mejor solución...
2025-10-20 13:45:19,765 - DEBUG - Iter 20600: T=2.44, Fitness_actual=140.5, Mejor=140.5
2025-10-20 13:45:19,937 - INFO - 🌟 MEJORA #170 en iter 20603: Fitness=140.6 (+0.1), Puntos=16151
2025-10-20 13:45:19,937 - INFO -   ✨ Mejora #170 en iteración 20604: Fitness = 140.6 | Puntos = 16151 | T = 2.44
2025-10-20 13:45:25,551 - DEBUG - Iter 20700: T=2.44, Fitness_actual=123.2, Mejor=140.6
2025-10-20 13:45:28,447 - WARNING - ⚠️  DEGRADACIÓN DETECTADA en iter 20750:
2025-10-20 13:45:28,447 - WARNING -    Mejor fitness: 140.6
2025-10-20 13:45:28,447 - WARNING -    Fitness promedio reciente: 118.9
2025-10-20 13:45:28,448 - WARNING -    Degradación: 21.7
2025-10-20 13:45:28,448 - WARNING -    🔄 RESTAURANDO mejor solución...
2025-10-20 13:45:28,510 - INFO - 🌟 MEJORA #171 en iter 20751: Fitness=140.6 (+0.0), Puntos=16156
2025-10-20 13:45:31,331 - DEBUG - Iter 20800: T=2.44, Fitness_actual=122.7, Mejor=140.6
2025-10-20 13:45:37,119 - DEBUG - Iter 20900: T=2.43, Fitness_actual=124.5, Mejor=140.6
2025-10-20 13:45:42,866 - INFO -   Iter 21000 | Tiempo:   17.4min ( 7.3%) | T =     2.43 | Fitness =    118.2 | Mejor =    140.6 | Aceptación =  82.6%
2025-10-20 13:45:42,866 - INFO - Progreso iter 21000: T=2.43, Fitness=118.2, Mejor=140.6, Tasa_acept=82.6%
2025-10-20 13:45:42,867 - WARNING - ⚠️  DEGRADACIÓN DETECTADA en iter 21000:
2025-10-20 13:45:42,867 - WARNING -    Mejor fitness: 140.6
2025-10-20 13:45:42,867 - WARNING -    Fitness promedio reciente: 120.3
2025-10-20 13:45:42,867 - WARNING -    Degradación: 20.3
2025-10-20 13:45:42,867 - WARNING -    🔄 RESTAURANDO mejor solución...
2025-10-20 13:45:42,870 - DEBUG - Iter 21000: T=2.43, Fitness_actual=140.6, Mejor=140.6
2025-10-20 13:45:48,649 - DEBUG - Iter 21100: T=2.43, Fitness_actual=123.2, Mejor=140.6
2025-10-20 13:45:54,371 - DEBUG - Iter 21200: T=2.43, Fitness_actual=123.9, Mejor=140.6
2025-10-20 13:45:57,277 - WARNING - ⚠️  DEGRADACIÓN DETECTADA en iter 21250:
2025-10-20 13:45:57,277 - WARNING -    Mejor fitness: 140.6
2025-10-20 13:45:57,277 - WARNING -    Fitness promedio reciente: 116.7
2025-10-20 13:45:57,277 - WARNING -    Degradación: 24.0
2025-10-20 13:45:57,277 - WARNING -    🔄 RESTAURANDO mejor solución...
2025-10-20 13:45:57,280 - INFO - 🌟 MEJORA #172 en iter 21250: Fitness=140.6 (+0.0), Puntos=16156
2025-10-20 13:46:00,207 - DEBUG - Iter 21300: T=2.42, Fitness_actual=129.3, Mejor=140.6
2025-10-20 13:46:05,981 - DEBUG - Iter 21400: T=2.42, Fitness_actual=118.3, Mejor=140.6
2025-10-20 13:46:08,933 - WARNING - ⚠️  DEGRADACIÓN DETECTADA en iter 21450:
2025-10-20 13:46:08,934 - WARNING -    Mejor fitness: 140.6
2025-10-20 13:46:08,934 - WARNING -    Fitness promedio reciente: 118.7
2025-10-20 13:46:08,934 - WARNING -    Degradación: 21.9
2025-10-20 13:46:08,934 - WARNING -    🔄 RESTAURANDO mejor solución...
2025-10-20 13:46:08,937 - INFO - 🌟 MEJORA #173 en iter 21450: Fitness=140.7 (+0.0), Puntos=16158
2025-10-20 13:46:09,057 - INFO - 🌟 MEJORA #174 en iter 21452: Fitness=140.7 (+0.0), Puntos=16161
2025-10-20 13:46:09,239 - INFO - 🌟 MEJORA #175 en iter 21455: Fitness=140.7 (+0.0), Puntos=16165
2025-10-20 13:46:09,239 - INFO -   ✨ Mejora #175 en iteración 21456: Fitness = 140.7 | Puntos = 16165 | T = 2.42
2025-10-20 13:46:09,300 - INFO - 🌟 MEJORA #176 en iter 21456: Fitness=140.8 (+0.1), Puntos=16170
2025-10-20 13:46:11,928 - INFO -   Iter 21500 | Tiempo:   17.9min ( 7.5%) | T =     2.42 | Fitness =    128.8 | Mejor =    140.8 | Aceptación =  82.5%
2025-10-20 13:46:11,928 - INFO - Progreso iter 21500: T=2.42, Fitness=128.8, Mejor=140.8, Tasa_acept=82.5%
2025-10-20 13:46:11,930 - DEBUG - Iter 21500: T=2.42, Fitness_actual=128.8, Mejor=140.8
2025-10-20 13:46:17,809 - WARNING - ⚠️  DEGRADACIÓN DETECTADA en iter 21600:
2025-10-20 13:46:17,809 - WARNING -    Mejor fitness: 140.8
2025-10-20 13:46:17,809 - WARNING -    Fitness promedio reciente: 119.3
2025-10-20 13:46:17,809 - WARNING -    Degradación: 21.5
2025-10-20 13:46:17,809 - WARNING -    🔄 RESTAURANDO mejor solución...
2025-10-20 13:46:17,812 - DEBUG - Iter 21600: T=2.41, Fitness_actual=140.8, Mejor=140.8
2025-10-20 13:46:23,729 - DEBUG - Iter 21700: T=2.41, Fitness_actual=117.8, Mejor=140.8
2025-10-20 13:46:26,696 - WARNING - ⚠️  DEGRADACIÓN DETECTADA en iter 21750:
2025-10-20 13:46:26,696 - WARNING -    Mejor fitness: 140.8
2025-10-20 13:46:26,696 - WARNING -    Fitness promedio reciente: 113.1
2025-10-20 13:46:26,696 - WARNING -    Degradación: 27.7
2025-10-20 13:46:26,697 - WARNING -    🔄 RESTAURANDO mejor solución...
2025-10-20 13:46:26,758 - INFO - 🌟 MEJORA #177 en iter 21751: Fitness=141.6 (+0.9), Puntos=16158
2025-10-20 13:46:26,818 - INFO - 🌟 MEJORA #178 en iter 21752: Fitness=141.6 (+0.0), Puntos=16158
2025-10-20 13:46:29,655 - DEBUG - Iter 21800: T=2.41, Fitness_actual=125.8, Mejor=141.6
2025-10-20 13:46:35,593 - WARNING - ⚠️  DEGRADACIÓN DETECTADA en iter 21900:
2025-10-20 13:46:35,593 - WARNING -    Mejor fitness: 141.6
2025-10-20 13:46:35,593 - WARNING -    Fitness promedio reciente: 117.0
2025-10-20 13:46:35,593 - WARNING -    Degradación: 24.6
2025-10-20 13:46:35,594 - WARNING -    🔄 RESTAURANDO mejor solución...
2025-10-20 13:46:35,596 - DEBUG - Iter 21900: T=2.41, Fitness_actual=141.6, Mejor=141.6
2025-10-20 13:46:35,596 - INFO - 🌟 MEJORA #179 en iter 21900: Fitness=141.7 (+0.0), Puntos=16158
2025-10-20 13:46:41,570 - INFO -   Iter 22000 | Tiempo:   18.4min ( 7.7%) | T =     2.40 | Fitness =    127.2 | Mejor =    141.7 | Aceptación =  82.5%
2025-10-20 13:46:41,571 - INFO - Progreso iter 22000: T=2.40, Fitness=127.2, Mejor=141.7, Tasa_acept=82.5%
2025-10-20 13:46:41,573 - DEBUG - Iter 22000: T=2.40, Fitness_actual=127.2, Mejor=141.7
2025-10-20 13:46:47,526 - DEBUG - Iter 22100: T=2.40, Fitness_actual=123.2, Mejor=141.7
2025-10-20 13:46:50,496 - WARNING - ⚠️  DEGRADACIÓN DETECTADA en iter 22150:
2025-10-20 13:46:50,496 - WARNING -    Mejor fitness: 141.7
2025-10-20 13:46:50,496 - WARNING -    Fitness promedio reciente: 121.0
2025-10-20 13:46:50,497 - WARNING -    Degradación: 20.7
2025-10-20 13:46:50,497 - WARNING -    🔄 RESTAURANDO mejor solución...
2025-10-20 13:46:50,499 - INFO - 🌟 MEJORA #180 en iter 22150: Fitness=142.7 (+1.0), Puntos=16210
2025-10-20 13:46:50,500 - INFO -   ✨ Mejora #180 en iteración 22151: Fitness = 142.7 | Puntos = 16210 | T = 2.40
2025-10-20 13:46:53,448 - DEBUG - Iter 22200: T=2.40, Fitness_actual=139.2, Mejor=142.7
2025-10-20 13:46:59,360 - DEBUG - Iter 22300: T=2.39, Fitness_actual=126.3, Mejor=142.7
2025-10-20 13:47:02,339 - WARNING - ⚠️  DEGRADACIÓN DETECTADA en iter 22350:
2025-10-20 13:47:02,339 - WARNING -    Mejor fitness: 142.7
2025-10-20 13:47:02,339 - WARNING -    Fitness promedio reciente: 119.7
2025-10-20 13:47:02,339 - WARNING -    Degradación: 23.0
2025-10-20 13:47:02,340 - WARNING -    🔄 RESTAURANDO mejor solución...
2025-10-20 13:47:05,290 - DEBUG - Iter 22400: T=2.39, Fitness_actual=129.2, Mejor=142.7
2025-10-20 13:47:11,206 - INFO -   Iter 22500 | Tiempo:   18.9min ( 7.9%) | T =     2.39 | Fitness =    126.1 | Mejor =    142.7 | Aceptación =  82.4%
2025-10-20 13:47:11,206 - INFO - Progreso iter 22500: T=2.39, Fitness=126.1, Mejor=142.7, Tasa_acept=82.4%
2025-10-20 13:47:11,208 - DEBUG - Iter 22500: T=2.39, Fitness_actual=126.1, Mejor=142.7
2025-10-20 13:47:14,199 - WARNING - ⚠️  DEGRADACIÓN DETECTADA en iter 22550:
2025-10-20 13:47:14,200 - WARNING -    Mejor fitness: 142.7
2025-10-20 13:47:14,200 - WARNING -    Fitness promedio reciente: 120.3
2025-10-20 13:47:14,200 - WARNING -    Degradación: 22.4
2025-10-20 13:47:14,200 - WARNING -    🔄 RESTAURANDO mejor solución...
2025-10-20 13:47:14,202 - INFO - 🌟 MEJORA #181 en iter 22550: Fitness=142.8 (+0.1), Puntos=16221
2025-10-20 13:47:17,151 - DEBUG - Iter 22600: T=2.39, Fitness_actual=138.9, Mejor=142.8
2025-10-20 13:47:23,070 - DEBUG - Iter 22700: T=2.38, Fitness_actual=129.3, Mejor=142.8
2025-10-20 13:47:26,028 - WARNING - ⚠️  DEGRADACIÓN DETECTADA en iter 22750:
2025-10-20 13:47:26,028 - WARNING -    Mejor fitness: 142.8
2025-10-20 13:47:26,028 - WARNING -    Fitness promedio reciente: 121.3
2025-10-20 13:47:26,028 - WARNING -    Degradación: 21.5
2025-10-20 13:47:26,029 - WARNING -    🔄 RESTAURANDO mejor solución...
2025-10-20 13:47:29,035 - DEBUG - Iter 22800: T=2.38, Fitness_actual=134.6, Mejor=142.8
2025-10-20 13:47:35,081 - DEBUG - Iter 22900: T=2.38, Fitness_actual=122.6, Mejor=142.8
2025-10-20 13:47:38,136 - WARNING - ⚠️  DEGRADACIÓN DETECTADA en iter 22950:
2025-10-20 13:47:38,136 - WARNING -    Mejor fitness: 142.8
2025-10-20 13:47:38,136 - WARNING -    Fitness promedio reciente: 122.6
2025-10-20 13:47:38,136 - WARNING -    Degradación: 20.2
2025-10-20 13:47:38,137 - WARNING -    🔄 RESTAURANDO mejor solución...
2025-10-20 13:47:41,163 - INFO -   Iter 23000 | Tiempo:   19.4min ( 8.1%) | T =     2.37 | Fitness =    130.7 | Mejor =    142.8 | Aceptación =  82.2%
2025-10-20 13:47:41,163 - INFO - Progreso iter 23000: T=2.37, Fitness=130.7, Mejor=142.8, Tasa_acept=82.2%
2025-10-20 13:47:41,165 - DEBUG - Iter 23000: T=2.37, Fitness_actual=130.7, Mejor=142.8
2025-10-20 13:47:47,200 - WARNING - ⚠️  DEGRADACIÓN DETECTADA en iter 23100:
2025-10-20 13:47:47,200 - WARNING -    Mejor fitness: 142.8
2025-10-20 13:47:47,200 - WARNING -    Fitness promedio reciente: 116.8
2025-10-20 13:47:47,200 - WARNING -    Degradación: 26.0
2025-10-20 13:47:47,201 - WARNING -    🔄 RESTAURANDO mejor solución...
2025-10-20 13:47:47,203 - DEBUG - Iter 23100: T=2.37, Fitness_actual=142.8, Mejor=142.8
2025-10-20 13:47:47,506 - INFO - 🌟 MEJORA #182 en iter 23105: Fitness=142.8 (+0.0), Puntos=16223
2025-10-20 13:47:53,171 - DEBUG - Iter 23200: T=2.37, Fitness_actual=124.3, Mejor=142.8
2025-10-20 13:47:59,218 - WARNING - ⚠️  DEGRADACIÓN DETECTADA en iter 23300:
2025-10-20 13:47:59,218 - WARNING -    Mejor fitness: 142.8
2025-10-20 13:47:59,219 - WARNING -    Fitness promedio reciente: 120.1
2025-10-20 13:47:59,219 - WARNING -    Degradación: 22.7
2025-10-20 13:47:59,219 - WARNING -    🔄 RESTAURANDO mejor solución...
2025-10-20 13:47:59,220 - DEBUG - Iter 23300: T=2.37, Fitness_actual=142.8, Mejor=142.8
2025-10-20 13:48:05,260 - DEBUG - Iter 23400: T=2.36, Fitness_actual=121.4, Mejor=142.8
2025-10-20 13:48:08,296 - WARNING - ⚠️  DEGRADACIÓN DETECTADA en iter 23450:
2025-10-20 13:48:08,296 - WARNING -    Mejor fitness: 142.8
2025-10-20 13:48:08,296 - WARNING -    Fitness promedio reciente: 118.8
2025-10-20 13:48:08,297 - WARNING -    Degradación: 24.0
2025-10-20 13:48:08,297 - WARNING -    🔄 RESTAURANDO mejor solución...
2025-10-20 13:48:11,317 - INFO -   Iter 23500 | Tiempo:   19.9min ( 8.3%) | T =     2.36 | Fitness =    138.9 | Mejor =    142.8 | Aceptación =  82.1%
2025-10-20 13:48:11,317 - INFO - Progreso iter 23500: T=2.36, Fitness=138.9, Mejor=142.8, Tasa_acept=82.1%
2025-10-20 13:48:11,319 - DEBUG - Iter 23500: T=2.36, Fitness_actual=138.9, Mejor=142.8
2025-10-20 13:48:17,344 - DEBUG - Iter 23600: T=2.36, Fitness_actual=132.5, Mejor=142.8
2025-10-20 13:48:20,350 - WARNING - ⚠️  DEGRADACIÓN DETECTADA en iter 23650:
2025-10-20 13:48:20,351 - WARNING -    Mejor fitness: 142.8
2025-10-20 13:48:20,351 - WARNING -    Fitness promedio reciente: 120.1
2025-10-20 13:48:20,351 - WARNING -    Degradación: 22.7
2025-10-20 13:48:20,351 - WARNING -    🔄 RESTAURANDO mejor solución...
2025-10-20 13:48:20,413 - INFO - 🌟 MEJORA #183 en iter 23651: Fitness=142.8 (+0.0), Puntos=16225
2025-10-20 13:48:23,385 - DEBUG - Iter 23700: T=2.36, Fitness_actual=130.0, Mejor=142.8
2025-10-20 13:48:29,461 - WARNING - ⚠️  DEGRADACIÓN DETECTADA en iter 23800:
2025-10-20 13:48:29,461 - WARNING -    Mejor fitness: 142.8
2025-10-20 13:48:29,461 - WARNING -    Fitness promedio reciente: 122.7
2025-10-20 13:48:29,462 - WARNING -    Degradación: 20.2
2025-10-20 13:48:29,462 - WARNING -    🔄 RESTAURANDO mejor solución...
2025-10-20 13:48:29,463 - DEBUG - Iter 23800: T=2.35, Fitness_actual=142.8, Mejor=142.8
2025-10-20 13:48:29,463 - INFO - 🌟 MEJORA #184 en iter 23800: Fitness=142.8 (+0.0), Puntos=16226
2025-10-20 13:48:35,699 - DEBUG - Iter 23900: T=2.35, Fitness_actual=122.1, Mejor=142.8
2025-10-20 13:48:38,817 - WARNING - ⚠️  DEGRADACIÓN DETECTADA en iter 23950:
2025-10-20 13:48:38,817 - WARNING -    Mejor fitness: 142.8
2025-10-20 13:48:38,817 - WARNING -    Fitness promedio reciente: 121.9
2025-10-20 13:48:38,817 - WARNING -    Degradación: 20.9
2025-10-20 13:48:38,817 - WARNING -    🔄 RESTAURANDO mejor solución...
2025-10-20 13:48:41,958 - INFO -   Iter 24000 | Tiempo:   20.4min ( 8.5%) | T =     2.35 | Fitness =    140.3 | Mejor =    142.8 | Aceptación =  82.0%
2025-10-20 13:48:41,958 - INFO - Progreso iter 24000: T=2.35, Fitness=140.3, Mejor=142.8, Tasa_acept=82.0%
2025-10-20 13:48:41,962 - DEBUG - Iter 24000: T=2.35, Fitness_actual=140.3, Mejor=142.8
2025-10-20 13:48:48,287 - DEBUG - Iter 24100: T=2.34, Fitness_actual=124.6, Mejor=142.8
2025-10-20 13:48:54,534 - WARNING - ⚠️  DEGRADACIÓN DETECTADA en iter 24200:
2025-10-20 13:48:54,535 - WARNING -    Mejor fitness: 142.8
2025-10-20 13:48:54,535 - WARNING -    Fitness promedio reciente: 121.1
2025-10-20 13:48:54,535 - WARNING -    Degradación: 21.8
2025-10-20 13:48:54,535 - WARNING -    🔄 RESTAURANDO mejor solución...
2025-10-20 13:48:54,537 - DEBUG - Iter 24200: T=2.34, Fitness_actual=142.8, Mejor=142.8
2025-10-20 13:48:54,537 - INFO - 🌟 MEJORA #185 en iter 24200: Fitness=142.8 (+0.0), Puntos=16226
2025-10-20 13:48:54,537 - INFO -   ✨ Mejora #185 en iteración 24201: Fitness = 142.8 | Puntos = 16226 | T = 2.34
2025-10-20 13:48:54,598 - INFO - 🌟 MEJORA #186 en iter 24201: Fitness=142.8 (+0.0), Puntos=16226
2025-10-20 13:48:55,156 - INFO - 🌟 MEJORA #187 en iter 24210: Fitness=142.9 (+0.0), Puntos=16230
2025-10-20 13:48:55,280 - INFO - 🌟 MEJORA #188 en iter 24212: Fitness=143.3 (+0.5), Puntos=16205
2025-10-20 13:49:00,751 - DEBUG - Iter 24300: T=2.34, Fitness_actual=136.5, Mejor=143.3
2025-10-20 13:49:07,008 - WARNING - ⚠️  DEGRADACIÓN DETECTADA en iter 24400:
2025-10-20 13:49:07,008 - WARNING -    Mejor fitness: 143.3
2025-10-20 13:49:07,009 - WARNING -    Fitness promedio reciente: 120.2
2025-10-20 13:49:07,009 - WARNING -    Degradación: 23.1
2025-10-20 13:49:07,009 - WARNING -    🔄 RESTAURANDO mejor solución...
2025-10-20 13:49:07,010 - DEBUG - Iter 24400: T=2.33, Fitness_actual=143.3, Mejor=143.3
2025-10-20 13:49:07,010 - INFO - 🌟 MEJORA #189 en iter 24400: Fitness=143.3 (+0.0), Puntos=16205
2025-10-20 13:49:07,257 - INFO - 🌟 MEJORA #190 en iter 24404: Fitness=143.5 (+0.1), Puntos=16217
2025-10-20 13:49:07,257 - INFO -   ✨ Mejora #190 en iteración 24405: Fitness = 143.5 | Puntos = 16217 | T = 2.33
2025-10-20 13:49:13,322 - INFO -   Iter 24500 | Tiempo:   21.0min ( 8.7%) | T =     2.33 | Fitness =    132.5 | Mejor =    143.5 | Aceptación =  81.8%
2025-10-20 13:49:13,322 - INFO - Progreso iter 24500: T=2.33, Fitness=132.5, Mejor=143.5, Tasa_acept=81.8%
2025-10-20 13:49:13,324 - DEBUG - Iter 24500: T=2.33, Fitness_actual=132.5, Mejor=143.5
2025-10-20 13:49:19,641 - WARNING - ⚠️  DEGRADACIÓN DETECTADA en iter 24600:
2025-10-20 13:49:19,641 - WARNING -    Mejor fitness: 143.5
2025-10-20 13:49:19,641 - WARNING -    Fitness promedio reciente: 121.7
2025-10-20 13:49:19,642 - WARNING -    Degradación: 21.7
2025-10-20 13:49:19,642 - WARNING -    🔄 RESTAURANDO mejor solución...
2025-10-20 13:49:19,644 - DEBUG - Iter 24600: T=2.33, Fitness_actual=143.5, Mejor=143.5
2025-10-20 13:49:25,967 - DEBUG - Iter 24700: T=2.33, Fitness_actual=124.7, Mejor=143.5
2025-10-20 13:49:29,106 - WARNING - ⚠️  DEGRADACIÓN DETECTADA en iter 24750:
2025-10-20 13:49:29,106 - WARNING -    Mejor fitness: 143.5
2025-10-20 13:49:29,107 - WARNING -    Fitness promedio reciente: 121.5
2025-10-20 13:49:29,107 - WARNING -    Degradación: 21.9
2025-10-20 13:49:29,107 - WARNING -    🔄 RESTAURANDO mejor solución...
2025-10-20 13:49:32,283 - DEBUG - Iter 24800: T=2.32, Fitness_actual=131.4, Mejor=143.5
2025-10-20 13:49:38,556 - WARNING - ⚠️  DEGRADACIÓN DETECTADA en iter 24900:
2025-10-20 13:49:38,556 - WARNING -    Mejor fitness: 143.5
2025-10-20 13:49:38,556 - WARNING -    Fitness promedio reciente: 117.6
2025-10-20 13:49:38,557 - WARNING -    Degradación: 25.9
2025-10-20 13:49:38,557 - WARNING -    🔄 RESTAURANDO mejor solución...
2025-10-20 13:49:38,558 - DEBUG - Iter 24900: T=2.32, Fitness_actual=143.5, Mejor=143.5
2025-10-20 13:49:38,681 - INFO - 🌟 MEJORA #191 en iter 24902: Fitness=143.5 (+0.0), Puntos=16217
2025-10-20 13:49:44,805 - INFO -   Iter 25000 | Tiempo:   21.5min ( 9.0%) | T =     2.32 | Fitness =    123.7 | Mejor =    143.5 | Aceptación =  81.7%
2025-10-20 13:49:44,805 - INFO - Progreso iter 25000: T=2.32, Fitness=123.7, Mejor=143.5, Tasa_acept=81.7%
2025-10-20 13:49:44,807 - DEBUG - Iter 25000: T=2.32, Fitness_actual=123.7, Mejor=143.5
2025-10-20 13:49:47,944 - WARNING - ⚠️  DEGRADACIÓN DETECTADA en iter 25050:
2025-10-20 13:49:47,944 - WARNING -    Mejor fitness: 143.5
2025-10-20 13:49:47,944 - WARNING -    Fitness promedio reciente: 119.2
2025-10-20 13:49:47,944 - WARNING -    Degradación: 24.2
2025-10-20 13:49:47,945 - WARNING -    🔄 RESTAURANDO mejor solución...
2025-10-20 13:49:48,131 - INFO - 🌟 MEJORA #192 en iter 25053: Fitness=143.6 (+0.1), Puntos=16232
2025-10-20 13:49:51,073 - DEBUG - Iter 25100: T=2.31, Fitness_actual=134.9, Mejor=143.6
2025-10-20 13:49:57,422 - DEBUG - Iter 25200: T=2.31, Fitness_actual=126.7, Mejor=143.6
2025-10-20 13:50:00,596 - WARNING - ⚠️  DEGRADACIÓN DETECTADA en iter 25250:
2025-10-20 13:50:00,596 - WARNING -    Mejor fitness: 143.6
2025-10-20 13:50:00,596 - WARNING -    Fitness promedio reciente: 123.2
2025-10-20 13:50:00,596 - WARNING -    Degradación: 20.4
2025-10-20 13:50:00,596 - WARNING -    🔄 RESTAURANDO mejor solución...
2025-10-20 13:50:00,598 - INFO - 🌟 MEJORA #193 en iter 25250: Fitness=143.6 (+0.0), Puntos=16232
2025-10-20 13:50:00,724 - INFO - 🌟 MEJORA #194 en iter 25252: Fitness=143.7 (+0.1), Puntos=16237
2025-10-20 13:50:03,746 - DEBUG - Iter 25300: T=2.31, Fitness_actual=135.4, Mejor=143.7
2025-10-20 13:50:10,027 - DEBUG - Iter 25400: T=2.31, Fitness_actual=126.0, Mejor=143.7
2025-10-20 13:50:13,202 - WARNING - ⚠️  DEGRADACIÓN DETECTADA en iter 25450:
2025-10-20 13:50:13,202 - WARNING -    Mejor fitness: 143.7
2025-10-20 13:50:13,202 - WARNING -    Fitness promedio reciente: 119.1
2025-10-20 13:50:13,203 - WARNING -    Degradación: 24.5
2025-10-20 13:50:13,203 - WARNING -    🔄 RESTAURANDO mejor solución...
2025-10-20 13:50:13,204 - INFO - 🌟 MEJORA #195 en iter 25450: Fitness=143.7 (+0.0), Puntos=16239
2025-10-20 13:50:13,204 - INFO -   ✨ Mejora #195 en iteración 25451: Fitness = 143.7 | Puntos = 16239 | T = 2.30
2025-10-20 13:50:13,457 - INFO - 🌟 MEJORA #196 en iter 25454: Fitness=143.7 (+0.0), Puntos=16239
2025-10-20 13:50:16,377 - INFO -   Iter 25500 | Tiempo:   22.0min ( 9.2%) | T =     2.30 | Fitness =    134.6 | Mejor =    143.7 | Aceptación =  81.5%
2025-10-20 13:50:16,377 - INFO - Progreso iter 25500: T=2.30, Fitness=134.6, Mejor=143.7, Tasa_acept=81.5%
2025-10-20 13:50:16,379 - DEBUG - Iter 25500: T=2.30, Fitness_actual=134.6, Mejor=143.7
2025-10-20 13:50:22,744 - WARNING - ⚠️  DEGRADACIÓN DETECTADA en iter 25600:
2025-10-20 13:50:22,744 - WARNING -    Mejor fitness: 143.7
2025-10-20 13:50:22,744 - WARNING -    Fitness promedio reciente: 120.6
2025-10-20 13:50:22,744 - WARNING -    Degradación: 23.1
2025-10-20 13:50:22,744 - WARNING -    🔄 RESTAURANDO mejor solución...
2025-10-20 13:50:22,745 - DEBUG - Iter 25600: T=2.30, Fitness_actual=143.7, Mejor=143.7
2025-10-20 13:50:29,037 - DEBUG - Iter 25700: T=2.30, Fitness_actual=125.9, Mejor=143.7
2025-10-20 13:50:32,220 - WARNING - ⚠️  DEGRADACIÓN DETECTADA en iter 25750:
2025-10-20 13:50:32,221 - WARNING -    Mejor fitness: 143.7
2025-10-20 13:50:32,221 - WARNING -    Fitness promedio reciente: 121.9
2025-10-20 13:50:32,221 - WARNING -    Degradación: 21.8
2025-10-20 13:50:32,221 - WARNING -    🔄 RESTAURANDO mejor solución...
2025-10-20 13:50:32,602 - INFO - 🌟 MEJORA #197 en iter 25756: Fitness=143.7 (+0.1), Puntos=16245
2025-10-20 13:50:32,728 - INFO - 🌟 MEJORA #198 en iter 25758: Fitness=143.7 (+0.0), Puntos=16245
2025-10-20 13:50:35,463 - DEBUG - Iter 25800: T=2.29, Fitness_actual=134.1, Mejor=143.7
2025-10-20 13:50:41,811 - DEBUG - Iter 25900: T=2.29, Fitness_actual=121.8, Mejor=143.7
2025-10-20 13:50:45,001 - WARNING - ⚠️  DEGRADACIÓN DETECTADA en iter 25950:
2025-10-20 13:50:45,001 - WARNING -    Mejor fitness: 143.7
2025-10-20 13:50:45,001 - WARNING -    Fitness promedio reciente: 117.0
2025-10-20 13:50:45,002 - WARNING -    Degradación: 26.8
2025-10-20 13:50:45,002 - WARNING -    🔄 RESTAURANDO mejor solución...
2025-10-20 13:50:45,003 - INFO - 🌟 MEJORA #199 en iter 25950: Fitness=143.7 (+0.0), Puntos=16245
2025-10-20 13:50:48,162 - INFO -   Iter 26000 | Tiempo:   22.5min ( 9.4%) | T =     2.29 | Fitness =    131.7 | Mejor =    143.7 | Aceptación =  81.5%
2025-10-20 13:50:48,163 - INFO - Progreso iter 26000: T=2.29, Fitness=131.7, Mejor=143.7, Tasa_acept=81.5%
2025-10-20 13:50:48,164 - DEBUG - Iter 26000: T=2.29, Fitness_actual=131.7, Mejor=143.7
2025-10-20 13:50:54,509 - DEBUG - Iter 26100: T=2.29, Fitness_actual=127.0, Mejor=143.7
2025-10-20 13:50:57,694 - WARNING - ⚠️  DEGRADACIÓN DETECTADA en iter 26150:
2025-10-20 13:50:57,695 - WARNING -    Mejor fitness: 143.7
2025-10-20 13:50:57,695 - WARNING -    Fitness promedio reciente: 123.2
2025-10-20 13:50:57,695 - WARNING -    Degradación: 20.5
2025-10-20 13:50:57,695 - WARNING -    🔄 RESTAURANDO mejor solución...
2025-10-20 13:51:00,922 - DEBUG - Iter 26200: T=2.28, Fitness_actual=127.5, Mejor=143.7
2025-10-20 13:51:07,483 - DEBUG - Iter 26300: T=2.28, Fitness_actual=121.4, Mejor=143.7
2025-10-20 13:51:13,997 - DEBUG - Iter 26400: T=2.28, Fitness_actual=123.5, Mejor=143.7
2025-10-20 13:51:17,243 - WARNING - ⚠️  DEGRADACIÓN DETECTADA en iter 26450:
2025-10-20 13:51:17,243 - WARNING -    Mejor fitness: 143.7
2025-10-20 13:51:17,243 - WARNING -    Fitness promedio reciente: 119.6
2025-10-20 13:51:17,243 - WARNING -    Degradación: 24.1
2025-10-20 13:51:17,243 - WARNING -    🔄 RESTAURANDO mejor solución...
2025-10-20 13:51:17,245 - INFO - 🌟 MEJORA #200 en iter 26450: Fitness=143.7 (+0.0), Puntos=16245
2025-10-20 13:51:17,245 - INFO -   ✨ Mejora #200 en iteración 26451: Fitness = 143.7 | Puntos = 16245 | T = 2.27
2025-10-20 13:51:17,438 - INFO - 🌟 MEJORA #201 en iter 26453: Fitness=143.8 (+0.0), Puntos=16249
2025-10-20 13:51:20,463 - INFO -   Iter 26500 | Tiempo:   23.1min ( 9.6%) | T =     2.27 | Fitness =    136.6 | Mejor =    143.8 | Aceptación =  81.4%
2025-10-20 13:51:20,464 - INFO - Progreso iter 26500: T=2.27, Fitness=136.6, Mejor=143.8, Tasa_acept=81.4%
2025-10-20 13:51:20,465 - DEBUG - Iter 26500: T=2.27, Fitness_actual=136.6, Mejor=143.8
2025-10-20 13:51:26,924 - WARNING - ⚠️  DEGRADACIÓN DETECTADA en iter 26600:
2025-10-20 13:51:26,924 - WARNING -    Mejor fitness: 143.8
2025-10-20 13:51:26,924 - WARNING -    Fitness promedio reciente: 122.8
2025-10-20 13:51:26,924 - WARNING -    Degradación: 21.0
2025-10-20 13:51:26,925 - WARNING -    🔄 RESTAURANDO mejor solución...
2025-10-20 13:51:26,926 - DEBUG - Iter 26600: T=2.27, Fitness_actual=143.8, Mejor=143.8
2025-10-20 13:51:33,345 - DEBUG - Iter 26700: T=2.27, Fitness_actual=128.6, Mejor=143.8
2025-10-20 13:51:39,835 - WARNING - ⚠️  DEGRADACIÓN DETECTADA en iter 26800:
2025-10-20 13:51:39,835 - WARNING -    Mejor fitness: 143.8
2025-10-20 13:51:39,836 - WARNING -    Fitness promedio reciente: 123.5
2025-10-20 13:51:39,836 - WARNING -    Degradación: 20.3
2025-10-20 13:51:39,836 - WARNING -    🔄 RESTAURANDO mejor solución...
2025-10-20 13:51:39,837 - DEBUG - Iter 26800: T=2.26, Fitness_actual=143.8, Mejor=143.8
2025-10-20 13:51:46,280 - DEBUG - Iter 26900: T=2.26, Fitness_actual=131.1, Mejor=143.8
2025-10-20 13:51:52,787 - INFO -   Iter 27000 | Tiempo:   23.6min ( 9.8%) | T =     2.26 | Fitness =    119.3 | Mejor =    143.8 | Aceptación =  81.2%
2025-10-20 13:51:52,787 - INFO - Progreso iter 27000: T=2.26, Fitness=119.3, Mejor=143.8, Tasa_acept=81.2%
2025-10-20 13:51:52,790 - DEBUG - Iter 27000: T=2.26, Fitness_actual=119.3, Mejor=143.8
2025-10-20 13:51:56,038 - WARNING - ⚠️  DEGRADACIÓN DETECTADA en iter 27050:
2025-10-20 13:51:56,038 - WARNING -    Mejor fitness: 143.8
2025-10-20 13:51:56,038 - WARNING -    Fitness promedio reciente: 121.1
2025-10-20 13:51:56,038 - WARNING -    Degradación: 22.7
2025-10-20 13:51:56,038 - WARNING -    🔄 RESTAURANDO mejor solución...
2025-10-20 13:51:59,295 - DEBUG - Iter 27100: T=2.26, Fitness_actual=129.7, Mejor=143.8
2025-10-20 13:52:05,778 - WARNING - ⚠️  DEGRADACIÓN DETECTADA en iter 27200:
2025-10-20 13:52:05,778 - WARNING -    Mejor fitness: 143.8
2025-10-20 13:52:05,778 - WARNING -    Fitness promedio reciente: 121.1
2025-10-20 13:52:05,778 - WARNING -    Degradación: 22.7
2025-10-20 13:52:05,778 - WARNING -    🔄 RESTAURANDO mejor solución...
2025-10-20 13:52:05,781 - DEBUG - Iter 27200: T=2.25, Fitness_actual=143.8, Mejor=143.8
2025-10-20 13:52:12,268 - DEBUG - Iter 27300: T=2.25, Fitness_actual=133.4, Mejor=143.8
2025-10-20 13:52:18,734 - WARNING - ⚠️  DEGRADACIÓN DETECTADA en iter 27400:
2025-10-20 13:52:18,734 - WARNING -    Mejor fitness: 143.8
2025-10-20 13:52:18,735 - WARNING -    Fitness promedio reciente: 119.9
2025-10-20 13:52:18,735 - WARNING -    Degradación: 23.8
2025-10-20 13:52:18,735 - WARNING -    🔄 RESTAURANDO mejor solución...
2025-10-20 13:52:18,736 - DEBUG - Iter 27400: T=2.25, Fitness_actual=143.8, Mejor=143.8
2025-10-20 13:52:25,200 - INFO -   Iter 27500 | Tiempo:   24.2min (10.1%) | T =     2.24 | Fitness =    128.9 | Mejor =    143.8 | Aceptación =  81.2%
2025-10-20 13:52:25,200 - INFO - Progreso iter 27500: T=2.24, Fitness=128.9, Mejor=143.8, Tasa_acept=81.2%
2025-10-20 13:52:25,201 - DEBUG - Iter 27500: T=2.24, Fitness_actual=128.9, Mejor=143.8
2025-10-20 13:52:31,670 - WARNING - ⚠️  DEGRADACIÓN DETECTADA en iter 27600:
2025-10-20 13:52:31,670 - WARNING -    Mejor fitness: 143.8
2025-10-20 13:52:31,670 - WARNING -    Fitness promedio reciente: 123.6
2025-10-20 13:52:31,670 - WARNING -    Degradación: 20.2
2025-10-20 13:52:31,670 - WARNING -    🔄 RESTAURANDO mejor solución...
2025-10-20 13:52:31,673 - DEBUG - Iter 27600: T=2.24, Fitness_actual=143.8, Mejor=143.8
2025-10-20 13:52:38,229 - DEBUG - Iter 27700: T=2.24, Fitness_actual=128.0, Mejor=143.8
2025-10-20 13:52:44,832 - WARNING - ⚠️  DEGRADACIÓN DETECTADA en iter 27800:
2025-10-20 13:52:44,832 - WARNING -    Mejor fitness: 143.8
2025-10-20 13:52:44,832 - WARNING -    Fitness promedio reciente: 120.5
2025-10-20 13:52:44,832 - WARNING -    Degradación: 23.3
2025-10-20 13:52:44,832 - WARNING -    🔄 RESTAURANDO mejor solución...
2025-10-20 13:52:44,834 - DEBUG - Iter 27800: T=2.24, Fitness_actual=143.8, Mejor=143.8
2025-10-20 13:52:44,963 - INFO - 🌟 MEJORA #202 en iter 27802: Fitness=144.2 (+0.4), Puntos=16291
2025-10-20 13:52:51,392 - DEBUG - Iter 27900: T=2.23, Fitness_actual=119.6, Mejor=144.2
2025-10-20 13:52:54,679 - WARNING - ⚠️  DEGRADACIÓN DETECTADA en iter 27950:
2025-10-20 13:52:54,679 - WARNING -    Mejor fitness: 144.2
2025-10-20 13:52:54,680 - WARNING -    Fitness promedio reciente: 115.0
2025-10-20 13:52:54,680 - WARNING -    Degradación: 29.1
2025-10-20 13:52:54,680 - WARNING -    🔄 RESTAURANDO mejor solución...
2025-10-20 13:52:54,882 - INFO - 🌟 MEJORA #203 en iter 27953: Fitness=144.2 (+0.0), Puntos=16293
2025-10-20 13:52:57,964 - INFO -   Iter 28000 | Tiempo:   24.7min (10.3%) | T =     2.23 | Fitness =    134.3 | Mejor =    144.2 | Aceptación =  81.1%
2025-10-20 13:52:57,964 - INFO - Progreso iter 28000: T=2.23, Fitness=134.3, Mejor=144.2, Tasa_acept=81.1%
2025-10-20 13:52:57,968 - DEBUG - Iter 28000: T=2.23, Fitness_actual=134.3, Mejor=144.2
2025-10-20 13:53:04,551 - DEBUG - Iter 28100: T=2.23, Fitness_actual=124.4, Mejor=144.2
2025-10-20 13:53:11,195 - WARNING - ⚠️  DEGRADACIÓN DETECTADA en iter 28200:
2025-10-20 13:53:11,196 - WARNING -    Mejor fitness: 144.2
2025-10-20 13:53:11,196 - WARNING -    Fitness promedio reciente: 122.0
2025-10-20 13:53:11,196 - WARNING -    Degradación: 22.2
2025-10-20 13:53:11,196 - WARNING -    🔄 RESTAURANDO mejor solución...
2025-10-20 13:53:11,197 - DEBUG - Iter 28200: T=2.22, Fitness_actual=144.2, Mejor=144.2
2025-10-20 13:53:11,263 - INFO - 🌟 MEJORA #204 en iter 28201: Fitness=144.2 (+0.0), Puntos=16293
2025-10-20 13:53:17,756 - DEBUG - Iter 28300: T=2.22, Fitness_actual=128.1, Mejor=144.2
2025-10-20 13:53:21,042 - WARNING - ⚠️  DEGRADACIÓN DETECTADA en iter 28350:
2025-10-20 13:53:21,043 - WARNING -    Mejor fitness: 144.2
2025-10-20 13:53:21,043 - WARNING -    Fitness promedio reciente: 123.7
2025-10-20 13:53:21,043 - WARNING -    Degradación: 20.4
2025-10-20 13:53:21,043 - WARNING -    🔄 RESTAURANDO mejor solución...
2025-10-20 13:53:21,178 - INFO - 🌟 MEJORA #205 en iter 28352: Fitness=144.2 (+0.0), Puntos=16298
2025-10-20 13:53:21,178 - INFO -   ✨ Mejora #205 en iteración 28353: Fitness = 144.2 | Puntos = 16298 | T = 2.22
2025-10-20 13:53:24,363 - DEBUG - Iter 28400: T=2.22, Fitness_actual=133.8, Mejor=144.2
2025-10-20 13:53:31,044 - INFO -   Iter 28500 | Tiempo:   25.3min (10.5%) | T =     2.22 | Fitness =    124.1 | Mejor =    144.2 | Aceptación =  81.1%
2025-10-20 13:53:31,045 - INFO - Progreso iter 28500: T=2.22, Fitness=124.1, Mejor=144.2, Tasa_acept=81.1%
2025-10-20 13:53:31,047 - DEBUG - Iter 28500: T=2.22, Fitness_actual=124.1, Mejor=144.2
2025-10-20 13:53:34,376 - WARNING - ⚠️  DEGRADACIÓN DETECTADA en iter 28550:
2025-10-20 13:53:34,376 - WARNING -    Mejor fitness: 144.2
2025-10-20 13:53:34,376 - WARNING -    Fitness promedio reciente: 123.3
2025-10-20 13:53:34,376 - WARNING -    Degradación: 20.9
2025-10-20 13:53:34,377 - WARNING -    🔄 RESTAURANDO mejor solución...
2025-10-20 13:53:37,711 - DEBUG - Iter 28600: T=2.21, Fitness_actual=133.1, Mejor=144.2
2025-10-20 13:53:44,433 - DEBUG - Iter 28700: T=2.21, Fitness_actual=128.8, Mejor=144.2
2025-10-20 13:53:51,209 - DEBUG - Iter 28800: T=2.21, Fitness_actual=119.4, Mejor=144.2
2025-10-20 13:53:51,209 - WARNING - ================================================================================
2025-10-20 13:53:51,209 - WARNING - ⚠️  SALTO ANORMAL DETECTADO en iteración 28800
2025-10-20 13:53:51,209 - WARNING -    Fitness actual: 119.4
2025-10-20 13:53:51,209 - WARNING -    Fitness vecino: 90.7
2025-10-20 13:53:51,210 - WARNING -    Delta: -28.7
2025-10-20 13:53:51,210 - WARNING -    Temperatura: 2.21
2025-10-20 13:53:51,210 - WARNING -    Tipo perturbación aplicada: (ver generar_vecino)
2025-10-20 13:53:51,210 - WARNING -    Vecino - Puntos: 14870, Tiempo: 15251.7min, Distancia: 284.3km
2025-10-20 13:53:51,210 - WARNING -    Actual - Puntos: 15326, Tiempo: 14250.3min, Distancia: 170.9km
2025-10-20 13:53:51,211 - WARNING -    Validez restricciones - Vecino: False, Actual: False
2025-10-20 13:53:51,211 - WARNING - ================================================================================
2025-10-20 13:53:51,211 - WARNING - ⚠️  SALTO ANORMAL DETECTADO en iteración 28800
2025-10-20 13:53:51,211 - WARNING -    Fitness: 119.4 → 90.7 (Δ=-28.7)
2025-10-20 13:53:51,211 - WARNING -    Ver detalles en archivo de log
2025-10-20 13:53:54,617 - WARNING - ⚠️  DEGRADACIÓN DETECTADA en iter 28850:
2025-10-20 13:53:54,617 - WARNING -    Mejor fitness: 144.2
2025-10-20 13:53:54,617 - WARNING -    Fitness promedio reciente: 117.6
2025-10-20 13:53:54,617 - WARNING -    Degradación: 26.6
2025-10-20 13:53:54,617 - WARNING -    🔄 RESTAURANDO mejor solución...
2025-10-20 13:53:54,619 - INFO - 🌟 MEJORA #206 en iter 28850: Fitness=144.2 (+0.0), Puntos=16298
2025-10-20 13:53:58,003 - DEBUG - Iter 28900: T=2.20, Fitness_actual=135.9, Mejor=144.2
2025-10-20 13:54:04,751 - INFO -   Iter 29000 | Tiempo:   25.8min (10.8%) | T =     2.20 | Fitness =    120.6 | Mejor =    144.2 | Aceptación =  81.0%
2025-10-20 13:54:04,751 - INFO - Progreso iter 29000: T=2.20, Fitness=120.6, Mejor=144.2, Tasa_acept=81.0%
2025-10-20 13:54:04,753 - DEBUG - Iter 29000: T=2.20, Fitness_actual=120.6, Mejor=144.2
2025-10-20 13:54:08,157 - WARNING - ⚠️  DEGRADACIÓN DETECTADA en iter 29050:
2025-10-20 13:54:08,157 - WARNING -    Mejor fitness: 144.2
2025-10-20 13:54:08,158 - WARNING -    Fitness promedio reciente: 116.9
2025-10-20 13:54:08,158 - WARNING -    Degradación: 27.3
2025-10-20 13:54:08,158 - WARNING -    🔄 RESTAURANDO mejor solución...
2025-10-20 13:54:11,560 - DEBUG - Iter 29100: T=2.20, Fitness_actual=136.5, Mejor=144.2
2025-10-20 13:54:18,399 - DEBUG - Iter 29200: T=2.19, Fitness_actual=126.6, Mejor=144.2
2025-10-20 13:54:21,837 - WARNING - ⚠️  DEGRADACIÓN DETECTADA en iter 29250:
2025-10-20 13:54:21,837 - WARNING -    Mejor fitness: 144.2
2025-10-20 13:54:21,838 - WARNING -    Fitness promedio reciente: 123.5
2025-10-20 13:54:21,838 - WARNING -    Degradación: 20.8
2025-10-20 13:54:21,838 - WARNING -    🔄 RESTAURANDO mejor solución...
2025-10-20 13:54:25,334 - DEBUG - Iter 29300: T=2.19, Fitness_actual=136.4, Mejor=144.2
2025-10-20 13:54:32,201 - WARNING - ⚠️  DEGRADACIÓN DETECTADA en iter 29400:
2025-10-20 13:54:32,202 - WARNING -    Mejor fitness: 144.2
2025-10-20 13:54:32,202 - WARNING -    Fitness promedio reciente: 120.8
2025-10-20 13:54:32,202 - WARNING -    Degradación: 23.4
2025-10-20 13:54:32,202 - WARNING -    🔄 RESTAURANDO mejor solución...
2025-10-20 13:54:32,203 - DEBUG - Iter 29400: T=2.19, Fitness_actual=144.2, Mejor=144.2
2025-10-20 13:54:39,024 - INFO -   Iter 29500 | Tiempo:   26.4min (11.0%) | T =     2.19 | Fitness =    133.1 | Mejor =    144.2 | Aceptación =  80.9%
2025-10-20 13:54:39,024 - INFO - Progreso iter 29500: T=2.19, Fitness=133.1, Mejor=144.2, Tasa_acept=80.9%
2025-10-20 13:54:39,026 - DEBUG - Iter 29500: T=2.19, Fitness_actual=133.1, Mejor=144.2
2025-10-20 13:54:45,865 - DEBUG - Iter 29600: T=2.18, Fitness_actual=128.1, Mejor=144.2
2025-10-20 13:54:49,303 - WARNING - ⚠️  DEGRADACIÓN DETECTADA en iter 29650:
2025-10-20 13:54:49,303 - WARNING -    Mejor fitness: 144.2
2025-10-20 13:54:49,304 - WARNING -    Fitness promedio reciente: 121.1
2025-10-20 13:54:49,304 - WARNING -    Degradación: 23.2
2025-10-20 13:54:49,304 - WARNING -    🔄 RESTAURANDO mejor solución...
2025-10-20 13:54:52,711 - DEBUG - Iter 29700: T=2.18, Fitness_actual=136.2, Mejor=144.2
2025-10-20 13:54:59,592 - DEBUG - Iter 29800: T=2.18, Fitness_actual=129.2, Mejor=144.2
2025-10-20 13:55:06,511 - WARNING - ⚠️  DEGRADACIÓN DETECTADA en iter 29900:
2025-10-20 13:55:06,512 - WARNING -    Mejor fitness: 144.2
2025-10-20 13:55:06,512 - WARNING -    Fitness promedio reciente: 116.0
2025-10-20 13:55:06,512 - WARNING -    Degradación: 28.2
2025-10-20 13:55:06,512 - WARNING -    🔄 RESTAURANDO mejor solución...
2025-10-20 13:55:06,513 - DEBUG - Iter 29900: T=2.17, Fitness_actual=144.2, Mejor=144.2
2025-10-20 13:55:13,365 - INFO -   Iter 30000 | Tiempo:   27.0min (11.2%) | T =     2.17 | Fitness =    121.0 | Mejor =    144.2 | Aceptación =  80.8%
2025-10-20 13:55:13,365 - INFO - Progreso iter 30000: T=2.17, Fitness=121.0, Mejor=144.2, Tasa_acept=80.8%
2025-10-20 13:55:13,368 - DEBUG - Iter 30000: T=2.17, Fitness_actual=121.0, Mejor=144.2
2025-10-20 13:55:16,802 - WARNING - ⚠️  DEGRADACIÓN DETECTADA en iter 30050:
2025-10-20 13:55:16,802 - WARNING -    Mejor fitness: 144.2
2025-10-20 13:55:16,802 - WARNING -    Fitness promedio reciente: 122.9
2025-10-20 13:55:16,802 - WARNING -    Degradación: 21.4
2025-10-20 13:55:16,802 - WARNING -    🔄 RESTAURANDO mejor solución...
2025-10-20 13:55:20,226 - DEBUG - Iter 30100: T=2.17, Fitness_actual=139.5, Mejor=144.2
2025-10-20 13:55:27,080 - DEBUG - Iter 30200: T=2.16, Fitness_actual=120.4, Mejor=144.2
2025-10-20 13:55:30,538 - WARNING - ⚠️  DEGRADACIÓN DETECTADA en iter 30250:
2025-10-20 13:55:30,538 - WARNING -    Mejor fitness: 144.2
2025-10-20 13:55:30,538 - WARNING -    Fitness promedio reciente: 119.9
2025-10-20 13:55:30,538 - WARNING -    Degradación: 24.3
2025-10-20 13:55:30,538 - WARNING -    🔄 RESTAURANDO mejor solución...
2025-10-20 13:55:30,540 - INFO - 🌟 MEJORA #207 en iter 30250: Fitness=144.2 (+0.0), Puntos=16298
2025-10-20 13:55:30,609 - INFO - 🌟 MEJORA #208 en iter 30251: Fitness=144.2 (+0.0), Puntos=16298
2025-10-20 13:55:30,747 - INFO - 🌟 MEJORA #209 en iter 30253: Fitness=144.2 (+0.0), Puntos=16298
2025-10-20 13:55:30,815 - INFO - 🌟 MEJORA #210 en iter 30254: Fitness=144.2 (+0.0), Puntos=16298
2025-10-20 13:55:30,815 - INFO -   ✨ Mejora #210 en iteración 30255: Fitness = 144.2 | Puntos = 16298 | T = 2.16
2025-10-20 13:55:31,784 - INFO - 🌟 MEJORA #211 en iter 30268: Fitness=144.3 (+0.1), Puntos=16309
2025-10-20 13:55:31,853 - INFO - 🌟 MEJORA #212 en iter 30269: Fitness=144.4 (+0.1), Puntos=16313
2025-10-20 13:55:34,047 - DEBUG - Iter 30300: T=2.16, Fitness_actual=130.2, Mejor=144.4
2025-10-20 13:55:40,965 - WARNING - ⚠️  DEGRADACIÓN DETECTADA en iter 30400:
2025-10-20 13:55:40,965 - WARNING -    Mejor fitness: 144.4
2025-10-20 13:55:40,965 - WARNING -    Fitness promedio reciente: 123.7
2025-10-20 13:55:40,965 - WARNING -    Degradación: 20.7
2025-10-20 13:55:40,965 - WARNING -    🔄 RESTAURANDO mejor solución...
2025-10-20 13:55:40,966 - DEBUG - Iter 30400: T=2.16, Fitness_actual=144.4, Mejor=144.4
2025-10-20 13:55:47,879 - INFO -   Iter 30500 | Tiempo:   27.5min (11.5%) | T =     2.16 | Fitness =    125.7 | Mejor =    144.4 | Aceptación =  80.6%
2025-10-20 13:55:47,879 - INFO - Progreso iter 30500: T=2.16, Fitness=125.7, Mejor=144.4, Tasa_acept=80.6%
2025-10-20 13:55:47,881 - DEBUG - Iter 30500: T=2.16, Fitness_actual=125.7, Mejor=144.4
2025-10-20 13:55:54,873 - WARNING - ⚠️  DEGRADACIÓN DETECTADA en iter 30600:
2025-10-20 13:55:54,873 - WARNING -    Mejor fitness: 144.4
2025-10-20 13:55:54,873 - WARNING -    Fitness promedio reciente: 123.6
2025-10-20 13:55:54,873 - WARNING -    Degradación: 20.8
2025-10-20 13:55:54,873 - WARNING -    🔄 RESTAURANDO mejor solución...
2025-10-20 13:55:54,875 - DEBUG - Iter 30600: T=2.15, Fitness_actual=144.4, Mejor=144.4
2025-10-20 13:56:01,798 - DEBUG - Iter 30700: T=2.15, Fitness_actual=128.3, Mejor=144.4
2025-10-20 13:56:02,906 - WARNING - ================================================================================
2025-10-20 13:56:02,906 - WARNING - ⚠️  SALTO ANORMAL DETECTADO en iteración 30716
2025-10-20 13:56:02,906 - WARNING -    Fitness actual: 127.1
2025-10-20 13:56:02,906 - WARNING -    Fitness vecino: 99.0
2025-10-20 13:56:02,906 - WARNING -    Delta: -28.1
2025-10-20 13:56:02,906 - WARNING -    Temperatura: 2.15
2025-10-20 13:56:02,906 - WARNING -    Tipo perturbación aplicada: (ver generar_vecino)
2025-10-20 13:56:02,907 - WARNING -    Vecino - Puntos: 16170, Tiempo: 14748.0min, Distancia: 281.9km
2025-10-20 13:56:02,907 - WARNING -    Actual - Puntos: 16385, Tiempo: 13409.1min, Distancia: 133.4km
2025-10-20 13:56:02,907 - WARNING -    Validez restricciones - Vecino: False, Actual: False
2025-10-20 13:56:02,907 - WARNING - ================================================================================
2025-10-20 13:56:02,907 - WARNING - ⚠️  SALTO ANORMAL DETECTADO en iteración 30716
2025-10-20 13:56:02,907 - WARNING -    Fitness: 127.1 → 99.0 (Δ=-28.1)
2025-10-20 13:56:02,908 - WARNING -    Ver detalles en archivo de log
2025-10-20 13:56:08,798 - DEBUG - Iter 30800: T=2.15, Fitness_actual=126.9, Mejor=144.4
2025-10-20 13:56:15,875 - WARNING - ⚠️  DEGRADACIÓN DETECTADA en iter 30900:
2025-10-20 13:56:15,876 - WARNING -    Mejor fitness: 144.4
2025-10-20 13:56:15,876 - WARNING -    Fitness promedio reciente: 118.2
2025-10-20 13:56:15,876 - WARNING -    Degradación: 26.2
2025-10-20 13:56:15,876 - WARNING -    🔄 RESTAURANDO mejor solución...
2025-10-20 13:56:15,879 - DEBUG - Iter 30900: T=2.14, Fitness_actual=144.4, Mejor=144.4
2025-10-20 13:56:16,022 - INFO - 🌟 MEJORA #213 en iter 30902: Fitness=144.4 (+0.0), Puntos=16313
2025-10-20 13:56:22,912 - INFO -   Iter 31000 | Tiempo:   28.1min (11.7%) | T =     2.14 | Fitness =    127.8 | Mejor =    144.4 | Aceptación =  80.5%
2025-10-20 13:56:22,912 - INFO - Progreso iter 31000: T=2.14, Fitness=127.8, Mejor=144.4, Tasa_acept=80.5%
2025-10-20 13:56:22,914 - DEBUG - Iter 31000: T=2.14, Fitness_actual=127.8, Mejor=144.4
2025-10-20 13:56:29,903 - DEBUG - Iter 31100: T=2.14, Fitness_actual=123.8, Mejor=144.4
2025-10-20 13:56:33,394 - WARNING - ⚠️  DEGRADACIÓN DETECTADA en iter 31150:
2025-10-20 13:56:33,394 - WARNING -    Mejor fitness: 144.4
2025-10-20 13:56:33,394 - WARNING -    Fitness promedio reciente: 123.8
2025-10-20 13:56:33,394 - WARNING -    Degradación: 20.6
2025-10-20 13:56:33,395 - WARNING -    🔄 RESTAURANDO mejor solución...
2025-10-20 13:56:36,880 - DEBUG - Iter 31200: T=2.13, Fitness_actual=138.8, Mejor=144.4
2025-10-20 13:56:43,905 - DEBUG - Iter 31300: T=2.13, Fitness_actual=129.1, Mejor=144.4
2025-10-20 13:56:47,421 - WARNING - ⚠️  DEGRADACIÓN DETECTADA en iter 31350:
2025-10-20 13:56:47,421 - WARNING -    Mejor fitness: 144.4
2025-10-20 13:56:47,422 - WARNING -    Fitness promedio reciente: 123.5
2025-10-20 13:56:47,422 - WARNING -    Degradación: 20.9
2025-10-20 13:56:47,422 - WARNING -    🔄 RESTAURANDO mejor solución...
2025-10-20 13:56:50,946 - DEBUG - Iter 31400: T=2.13, Fitness_actual=133.5, Mejor=144.4
2025-10-20 13:56:57,949 - INFO -   Iter 31500 | Tiempo:   28.7min (12.0%) | T =     2.13 | Fitness =    131.4 | Mejor =    144.4 | Aceptación =  80.5%
2025-10-20 13:56:57,949 - INFO - Progreso iter 31500: T=2.13, Fitness=131.4, Mejor=144.4, Tasa_acept=80.5%
2025-10-20 13:56:57,950 - DEBUG - Iter 31500: T=2.13, Fitness_actual=131.4, Mejor=144.4
2025-10-20 13:57:04,980 - DEBUG - Iter 31600: T=2.12, Fitness_actual=126.3, Mejor=144.4
2025-10-20 13:57:08,485 - WARNING - ⚠️  DEGRADACIÓN DETECTADA en iter 31650:
2025-10-20 13:57:08,485 - WARNING -    Mejor fitness: 144.4
2025-10-20 13:57:08,485 - WARNING -    Fitness promedio reciente: 124.1
2025-10-20 13:57:08,485 - WARNING -    Degradación: 20.3
2025-10-20 13:57:08,486 - WARNING -    🔄 RESTAURANDO mejor solución...
2025-10-20 13:57:11,995 - DEBUG - Iter 31700: T=2.12, Fitness_actual=131.8, Mejor=144.4
2025-10-20 13:57:19,056 - DEBUG - Iter 31800: T=2.12, Fitness_actual=128.2, Mejor=144.4
2025-10-20 13:57:26,109 - DEBUG - Iter 31900: T=2.11, Fitness_actual=130.0, Mejor=144.4
2025-10-20 13:57:33,218 - INFO -   Iter 32000 | Tiempo:   29.3min (12.2%) | T =     2.11 | Fitness =    123.2 | Mejor =    144.4 | Aceptación =  80.5%
2025-10-20 13:57:33,218 - INFO - Progreso iter 32000: T=2.11, Fitness=123.2, Mejor=144.4, Tasa_acept=80.5%
2025-10-20 13:57:33,221 - DEBUG - Iter 32000: T=2.11, Fitness_actual=123.2, Mejor=144.4
2025-10-20 13:57:36,787 - WARNING - ⚠️  DEGRADACIÓN DETECTADA en iter 32050:
2025-10-20 13:57:36,787 - WARNING -    Mejor fitness: 144.4
2025-10-20 13:57:36,788 - WARNING -    Fitness promedio reciente: 124.0
2025-10-20 13:57:36,788 - WARNING -    Degradación: 20.4
2025-10-20 13:57:36,788 - WARNING -    🔄 RESTAURANDO mejor solución...
2025-10-20 13:57:40,412 - DEBUG - Iter 32100: T=2.11, Fitness_actual=133.0, Mejor=144.4
2025-10-20 13:57:47,448 - DEBUG - Iter 32200: T=2.11, Fitness_actual=121.6, Mejor=144.4
2025-10-20 13:57:50,998 - WARNING - ⚠️  DEGRADACIÓN DETECTADA en iter 32250:
2025-10-20 13:57:50,999 - WARNING -    Mejor fitness: 144.4
2025-10-20 13:57:50,999 - WARNING -    Fitness promedio reciente: 118.9
2025-10-20 13:57:50,999 - WARNING -    Degradación: 25.5
2025-10-20 13:57:50,999 - WARNING -    🔄 RESTAURANDO mejor solución...
2025-10-20 13:57:54,547 - DEBUG - Iter 32300: T=2.10, Fitness_actual=136.2, Mejor=144.4
2025-10-20 13:58:01,674 - DEBUG - Iter 32400: T=2.10, Fitness_actual=132.1, Mejor=144.4
2025-10-20 13:58:05,218 - WARNING - ⚠️  DEGRADACIÓN DETECTADA en iter 32450:
2025-10-20 13:58:05,218 - WARNING -    Mejor fitness: 144.4
2025-10-20 13:58:05,218 - WARNING -    Fitness promedio reciente: 122.5
2025-10-20 13:58:05,219 - WARNING -    Degradación: 21.9
2025-10-20 13:58:05,219 - WARNING -    🔄 RESTAURANDO mejor solución...
2025-10-20 13:58:05,572 - INFO - 🌟 MEJORA #214 en iter 32455: Fitness=145.4 (+1.0), Puntos=16312
2025-10-20 13:58:08,795 - INFO -   Iter 32500 | Tiempo:   29.9min (12.5%) | T =     2.10 | Fitness =    138.5 | Mejor =    145.4 | Aceptación =  80.3%
2025-10-20 13:58:08,795 - INFO - Progreso iter 32500: T=2.10, Fitness=138.5, Mejor=145.4, Tasa_acept=80.3%
2025-10-20 13:58:08,798 - DEBUG - Iter 32500: T=2.10, Fitness_actual=138.5, Mejor=145.4
2025-10-20 13:58:15,936 - DEBUG - Iter 32600: T=2.09, Fitness_actual=121.5, Mejor=145.4
2025-10-20 13:58:18,515 - WARNING - ================================================================================
2025-10-20 13:58:18,516 - WARNING - ⚠️  SALTO ANORMAL DETECTADO en iteración 32636
2025-10-20 13:58:18,516 - WARNING -    Fitness actual: 126.3
2025-10-20 13:58:18,516 - WARNING -    Fitness vecino: 105.5
2025-10-20 13:58:18,516 - WARNING -    Delta: -20.8
2025-10-20 13:58:18,516 - WARNING -    Temperatura: 2.09
2025-10-20 13:58:18,516 - WARNING -    Tipo perturbación aplicada: (ver generar_vecino)
2025-10-20 13:58:18,517 - WARNING -    Vecino - Puntos: 16039, Tiempo: 15058.4min, Distancia: 227.8km
2025-10-20 13:58:18,517 - WARNING -    Actual - Puntos: 16054, Tiempo: 14231.1min, Distancia: 156.8km
2025-10-20 13:58:18,517 - WARNING -    Validez restricciones - Vecino: False, Actual: False
2025-10-20 13:58:18,517 - WARNING - ================================================================================
2025-10-20 13:58:18,517 - WARNING - ⚠️  SALTO ANORMAL DETECTADO en iteración 32636
2025-10-20 13:58:18,517 - WARNING -    Fitness: 126.3 → 105.5 (Δ=-20.8)
2025-10-20 13:58:18,517 - WARNING -    Ver detalles en archivo de log
2025-10-20 13:58:19,517 - WARNING - ⚠️  DEGRADACIÓN DETECTADA en iter 32650:
2025-10-20 13:58:19,517 - WARNING -    Mejor fitness: 145.4
2025-10-20 13:58:19,517 - WARNING -    Fitness promedio reciente: 124.7
2025-10-20 13:58:19,517 - WARNING -    Degradación: 20.6
2025-10-20 13:58:19,517 - WARNING -    🔄 RESTAURANDO mejor solución...
2025-10-20 13:58:19,519 - INFO - 🌟 MEJORA #215 en iter 32650: Fitness=145.4 (+0.0), Puntos=16312
2025-10-20 13:58:19,519 - INFO -   ✨ Mejora #215 en iteración 32651: Fitness = 145.4 | Puntos = 16312 | T = 2.09
2025-10-20 13:58:23,072 - DEBUG - Iter 32700: T=2.09, Fitness_actual=130.5, Mejor=145.4
2025-10-20 13:58:30,239 - WARNING - ⚠️  DEGRADACIÓN DETECTADA en iter 32800:
2025-10-20 13:58:30,239 - WARNING -    Mejor fitness: 145.4
2025-10-20 13:58:30,240 - WARNING -    Fitness promedio reciente: 124.5
2025-10-20 13:58:30,240 - WARNING -    Degradación: 20.9
2025-10-20 13:58:30,240 - WARNING -    🔄 RESTAURANDO mejor solución...
2025-10-20 13:58:30,241 - DEBUG - Iter 32800: T=2.09, Fitness_actual=145.4, Mejor=145.4
2025-10-20 13:58:30,241 - INFO - 🌟 MEJORA #216 en iter 32800: Fitness=145.4 (+0.0), Puntos=16312
2025-10-20 13:58:37,409 - DEBUG - Iter 32900: T=2.08, Fitness_actual=129.8, Mejor=145.4
2025-10-20 13:58:44,661 - INFO -   Iter 33000 | Tiempo:   30.5min (12.7%) | T =     2.08 | Fitness =    126.1 | Mejor =    145.4 | Aceptación =  80.2%
2025-10-20 13:58:44,661 - INFO - Progreso iter 33000: T=2.08, Fitness=126.1, Mejor=145.4, Tasa_acept=80.2%
2025-10-20 13:58:44,662 - DEBUG - Iter 33000: T=2.08, Fitness_actual=126.1, Mejor=145.4
2025-10-20 13:58:51,848 - WARNING - ⚠️  DEGRADACIÓN DETECTADA en iter 33100:
2025-10-20 13:58:51,848 - WARNING -    Mejor fitness: 145.4
2025-10-20 13:58:51,848 - WARNING -    Fitness promedio reciente: 120.7
2025-10-20 13:58:51,849 - WARNING -    Degradación: 24.7
2025-10-20 13:58:51,849 - WARNING -    🔄 RESTAURANDO mejor solución...
2025-10-20 13:58:51,850 - DEBUG - Iter 33100: T=2.08, Fitness_actual=145.4, Mejor=145.4
2025-10-20 13:58:52,063 - INFO - 🌟 MEJORA #217 en iter 33103: Fitness=145.4 (+0.0), Puntos=16312
2025-10-20 13:58:59,000 - DEBUG - Iter 33200: T=2.08, Fitness_actual=132.3, Mejor=145.4
2025-10-20 13:59:06,212 - WARNING - ⚠️  DEGRADACIÓN DETECTADA en iter 33300:
2025-10-20 13:59:06,213 - WARNING -    Mejor fitness: 145.4
2025-10-20 13:59:06,213 - WARNING -    Fitness promedio reciente: 123.7
2025-10-20 13:59:06,213 - WARNING -    Degradación: 21.7
2025-10-20 13:59:06,213 - WARNING -    🔄 RESTAURANDO mejor solución...
2025-10-20 13:59:06,214 - DEBUG - Iter 33300: T=2.07, Fitness_actual=145.4, Mejor=145.4
2025-10-20 13:59:06,429 - INFO - 🌟 MEJORA #218 en iter 33303: Fitness=145.4 (+0.0), Puntos=16312
2025-10-20 13:59:13,470 - DEBUG - Iter 33400: T=2.07, Fitness_actual=128.0, Mejor=145.4
2025-10-20 13:59:17,120 - WARNING - ⚠️  DEGRADACIÓN DETECTADA en iter 33450:
2025-10-20 13:59:17,121 - WARNING -    Mejor fitness: 145.4
2025-10-20 13:59:17,121 - WARNING -    Fitness promedio reciente: 122.9
2025-10-20 13:59:17,121 - WARNING -    Degradación: 22.5
2025-10-20 13:59:17,121 - WARNING -    🔄 RESTAURANDO mejor solución...
2025-10-20 13:59:17,123 - INFO - 🌟 MEJORA #219 en iter 33450: Fitness=145.4 (+0.0), Puntos=16312
2025-10-20 13:59:17,195 - INFO - 🌟 MEJORA #220 en iter 33451: Fitness=145.4 (+0.1), Puntos=16317
2025-10-20 13:59:17,196 - INFO -   ✨ Mejora #220 en iteración 33452: Fitness = 145.4 | Puntos = 16317 | T = 2.07
2025-10-20 13:59:17,342 - INFO - 🌟 MEJORA #221 en iter 33453: Fitness=145.4 (+0.0), Puntos=16317
2025-10-20 13:59:20,757 - INFO -   Iter 33500 | Tiempo:   31.1min (13.0%) | T =     2.07 | Fitness =    138.0 | Mejor =    145.4 | Aceptación =  80.1%
2025-10-20 13:59:20,758 - INFO - Progreso iter 33500: T=2.07, Fitness=138.0, Mejor=145.4, Tasa_acept=80.1%
2025-10-20 13:59:20,760 - DEBUG - Iter 33500: T=2.07, Fitness_actual=138.0, Mejor=145.4
2025-10-20 13:59:28,116 - WARNING - ⚠️  DEGRADACIÓN DETECTADA en iter 33600:
2025-10-20 13:59:28,117 - WARNING -    Mejor fitness: 145.4
2025-10-20 13:59:28,117 - WARNING -    Fitness promedio reciente: 123.9
2025-10-20 13:59:28,117 - WARNING -    Degradación: 21.6
2025-10-20 13:59:28,117 - WARNING -    🔄 RESTAURANDO mejor solución...
2025-10-20 13:59:28,119 - DEBUG - Iter 33600: T=2.06, Fitness_actual=145.4, Mejor=145.4
2025-10-20 13:59:28,484 - INFO - 🌟 MEJORA #222 en iter 33605: Fitness=145.4 (+0.0), Puntos=16317
2025-10-20 13:59:35,409 - DEBUG - Iter 33700: T=2.06, Fitness_actual=132.5, Mejor=145.4
2025-10-20 13:59:42,717 - DEBUG - Iter 33800: T=2.06, Fitness_actual=123.7, Mejor=145.4
2025-10-20 13:59:46,360 - WARNING - ⚠️  DEGRADACIÓN DETECTADA en iter 33850:
2025-10-20 13:59:46,360 - WARNING -    Mejor fitness: 145.4
2025-10-20 13:59:46,361 - WARNING -    Fitness promedio reciente: 119.1
2025-10-20 13:59:46,361 - WARNING -    Degradación: 26.4
2025-10-20 13:59:46,361 - WARNING -    🔄 RESTAURANDO mejor solución...
2025-10-20 13:59:46,362 - INFO - 🌟 MEJORA #223 en iter 33850: Fitness=145.7 (+0.2), Puntos=16337
2025-10-20 13:59:50,025 - DEBUG - Iter 33900: T=2.05, Fitness_actual=133.2, Mejor=145.7
2025-10-20 13:59:57,437 - INFO -   Iter 34000 | Tiempo:   31.7min (13.2%) | T =     2.05 | Fitness =    117.6 | Mejor =    145.7 | Aceptación =  80.1%
2025-10-20 13:59:57,437 - INFO - Progreso iter 34000: T=2.05, Fitness=117.6, Mejor=145.7, Tasa_acept=80.1%
2025-10-20 13:59:57,437 - WARNING - ⚠️  DEGRADACIÓN DETECTADA en iter 34000:
2025-10-20 13:59:57,437 - WARNING -    Mejor fitness: 145.7
2025-10-20 13:59:57,438 - WARNING -    Fitness promedio reciente: 124.3
2025-10-20 13:59:57,438 - WARNING -    Degradación: 21.4
2025-10-20 13:59:57,438 - WARNING -    🔄 RESTAURANDO mejor solución...
2025-10-20 13:59:57,439 - DEBUG - Iter 34000: T=2.05, Fitness_actual=145.7, Mejor=145.7
2025-10-20 13:59:57,439 - INFO - 🌟 MEJORA #224 en iter 34000: Fitness=145.7 (+0.0), Puntos=16339
2025-10-20 13:59:57,513 - INFO - 🌟 MEJORA #225 en iter 34001: Fitness=145.7 (+0.0), Puntos=16339
2025-10-20 13:59:57,513 - INFO -   ✨ Mejora #225 en iteración 34002: Fitness = 145.7 | Puntos = 16339 | T = 2.05
2025-10-20 13:59:57,735 - INFO - 🌟 MEJORA #226 en iter 34004: Fitness=145.7 (+0.0), Puntos=16339
2025-10-20 13:59:57,808 - INFO - 🌟 MEJORA #227 en iter 34005: Fitness=145.7 (+0.0), Puntos=16339
2025-10-20 14:00:04,793 - DEBUG - Iter 34100: T=2.05, Fitness_actual=131.3, Mejor=145.7
2025-10-20 14:00:12,220 - WARNING - ⚠️  DEGRADACIÓN DETECTADA en iter 34200:
2025-10-20 14:00:12,220 - WARNING -    Mejor fitness: 145.7
2025-10-20 14:00:12,220 - WARNING -    Fitness promedio reciente: 123.3
2025-10-20 14:00:12,220 - WARNING -    Degradación: 22.4
2025-10-20 14:00:12,220 - WARNING -    🔄 RESTAURANDO mejor solución...
2025-10-20 14:00:12,222 - DEBUG - Iter 34200: T=2.05, Fitness_actual=145.7, Mejor=145.7
2025-10-20 14:00:12,222 - INFO - 🌟 MEJORA #228 en iter 34200: Fitness=145.7 (+0.0), Puntos=16339
2025-10-20 14:00:12,295 - INFO - 🌟 MEJORA #229 en iter 34201: Fitness=145.7 (+0.0), Puntos=16339
2025-10-20 14:00:12,367 - INFO - 🌟 MEJORA #230 en iter 34202: Fitness=145.7 (+0.0), Puntos=16344
2025-10-20 14:00:12,368 - INFO -   ✨ Mejora #230 en iteración 34203: Fitness = 145.7 | Puntos = 16344 | T = 2.05
2025-10-20 14:00:19,618 - DEBUG - Iter 34300: T=2.04, Fitness_actual=129.0, Mejor=145.7
2025-10-20 14:00:27,048 - WARNING - ⚠️  DEGRADACIÓN DETECTADA en iter 34400:
2025-10-20 14:00:27,048 - WARNING -    Mejor fitness: 145.7
2025-10-20 14:00:27,048 - WARNING -    Fitness promedio reciente: 123.9
2025-10-20 14:00:27,048 - WARNING -    Degradación: 21.9
2025-10-20 14:00:27,049 - WARNING -    🔄 RESTAURANDO mejor solución...
2025-10-20 14:00:27,050 - DEBUG - Iter 34400: T=2.04, Fitness_actual=145.7, Mejor=145.7
2025-10-20 14:00:27,050 - INFO - 🌟 MEJORA #231 en iter 34400: Fitness=145.7 (+0.0), Puntos=16344
2025-10-20 14:00:34,438 - INFO -   Iter 34500 | Tiempo:   32.3min (13.5%) | T =     2.04 | Fitness =    125.6 | Mejor =    145.7 | Aceptación =  80.0%
2025-10-20 14:00:34,438 - INFO - Progreso iter 34500: T=2.04, Fitness=125.6, Mejor=145.7, Tasa_acept=80.0%
2025-10-20 14:00:34,439 - DEBUG - Iter 34500: T=2.04, Fitness_actual=125.6, Mejor=145.7
2025-10-20 14:00:38,165 - WARNING - ⚠️  DEGRADACIÓN DETECTADA en iter 34550:
2025-10-20 14:00:38,165 - WARNING -    Mejor fitness: 145.7
2025-10-20 14:00:38,166 - WARNING -    Fitness promedio reciente: 124.5
2025-10-20 14:00:38,166 - WARNING -    Degradación: 21.2
2025-10-20 14:00:38,166 - WARNING -    🔄 RESTAURANDO mejor solución...
2025-10-20 14:00:41,920 - DEBUG - Iter 34600: T=2.03, Fitness_actual=135.0, Mejor=145.7
2025-10-20 14:00:49,340 - DEBUG - Iter 34700: T=2.03, Fitness_actual=128.2, Mejor=145.7
2025-10-20 14:00:56,814 - WARNING - ⚠️  DEGRADACIÓN DETECTADA en iter 34800:
2025-10-20 14:00:56,815 - WARNING -    Mejor fitness: 145.7
2025-10-20 14:00:56,815 - WARNING -    Fitness promedio reciente: 124.0
2025-10-20 14:00:56,815 - WARNING -    Degradación: 21.7
2025-10-20 14:00:56,815 - WARNING -    🔄 RESTAURANDO mejor solución...
2025-10-20 14:00:56,816 - DEBUG - Iter 34800: T=2.03, Fitness_actual=145.7, Mejor=145.7
2025-10-20 14:00:56,816 - INFO - 🌟 MEJORA #232 en iter 34800: Fitness=145.9 (+0.1), Puntos=16358
2025-10-20 14:00:56,965 - INFO - 🌟 MEJORA #233 en iter 34802: Fitness=145.9 (+0.0), Puntos=16358
2025-10-20 14:00:57,187 - INFO - 🌟 MEJORA #234 en iter 34805: Fitness=145.9 (+0.1), Puntos=16362
2025-10-20 14:00:57,262 - INFO - 🌟 MEJORA #235 en iter 34806: Fitness=145.9 (+0.0), Puntos=16362
2025-10-20 14:00:57,262 - INFO -   ✨ Mejora #235 en iteración 34807: Fitness = 145.9 | Puntos = 16362 | T = 2.03
2025-10-20 14:01:04,241 - DEBUG - Iter 34900: T=2.02, Fitness_actual=123.2, Mejor=145.9
2025-10-20 14:01:08,045 - WARNING - ⚠️  DEGRADACIÓN DETECTADA en iter 34950:
2025-10-20 14:01:08,045 - WARNING -    Mejor fitness: 145.9
2025-10-20 14:01:08,046 - WARNING -    Fitness promedio reciente: 123.0
2025-10-20 14:01:08,046 - WARNING -    Degradación: 22.9
2025-10-20 14:01:08,046 - WARNING -    🔄 RESTAURANDO mejor solución...
2025-10-20 14:01:11,813 - INFO -   Iter 35000 | Tiempo:   32.9min (13.7%) | T =     2.02 | Fitness =    131.3 | Mejor =    145.9 | Aceptación =  79.9%
2025-10-20 14:01:11,813 - INFO - Progreso iter 35000: T=2.02, Fitness=131.3, Mejor=145.9, Tasa_acept=79.9%
2025-10-20 14:01:11,815 - DEBUG - Iter 35000: T=2.02, Fitness_actual=131.3, Mejor=145.9
2025-10-20 14:01:19,308 - WARNING - ⚠️  DEGRADACIÓN DETECTADA en iter 35100:
2025-10-20 14:01:19,308 - WARNING -    Mejor fitness: 145.9
2025-10-20 14:01:19,308 - WARNING -    Fitness promedio reciente: 119.0
2025-10-20 14:01:19,308 - WARNING -    Degradación: 26.9
2025-10-20 14:01:19,308 - WARNING -    🔄 RESTAURANDO mejor solución...
2025-10-20 14:01:19,311 - DEBUG - Iter 35100: T=2.02, Fitness_actual=145.9, Mejor=145.9
2025-10-20 14:01:19,465 - INFO - 🌟 MEJORA #236 en iter 35102: Fitness=145.9 (+0.0), Puntos=16362
2025-10-20 14:01:19,696 - INFO - 🌟 MEJORA #237 en iter 35105: Fitness=146.0 (+0.0), Puntos=16365
2025-10-20 14:01:19,850 - INFO - 🌟 MEJORA #238 en iter 35107: Fitness=146.0 (+0.0), Puntos=16365
2025-10-20 14:01:26,837 - DEBUG - Iter 35200: T=2.02, Fitness_actual=134.2, Mejor=146.0
2025-10-20 14:01:34,365 - DEBUG - Iter 35300: T=2.01, Fitness_actual=126.1, Mejor=146.0
2025-10-20 14:01:38,140 - WARNING - ⚠️  DEGRADACIÓN DETECTADA en iter 35350:
2025-10-20 14:01:38,141 - WARNING -    Mejor fitness: 146.0
2025-10-20 14:01:38,141 - WARNING -    Fitness promedio reciente: 124.7
2025-10-20 14:01:38,141 - WARNING -    Degradación: 21.3
2025-10-20 14:01:38,141 - WARNING -    🔄 RESTAURANDO mejor solución...
2025-10-20 14:01:41,886 - DEBUG - Iter 35400: T=2.01, Fitness_actual=131.8, Mejor=146.0
2025-10-20 14:01:49,432 - INFO -   Iter 35500 | Tiempo:   33.6min (14.0%) | T =     2.01 | Fitness =    125.1 | Mejor =    146.0 | Aceptación =  79.8%
2025-10-20 14:01:49,432 - INFO - Progreso iter 35500: T=2.01, Fitness=125.1, Mejor=146.0, Tasa_acept=79.8%
2025-10-20 14:01:49,432 - WARNING - ⚠️  DEGRADACIÓN DETECTADA en iter 35500:
2025-10-20 14:01:49,432 - WARNING -    Mejor fitness: 146.0
2025-10-20 14:01:49,432 - WARNING -    Fitness promedio reciente: 124.7
2025-10-20 14:01:49,432 - WARNING -    Degradación: 21.3
2025-10-20 14:01:49,433 - WARNING -    🔄 RESTAURANDO mejor solución...
2025-10-20 14:01:49,436 - DEBUG - Iter 35500: T=2.01, Fitness_actual=146.0, Mejor=146.0
2025-10-20 14:01:56,975 - DEBUG - Iter 35600: T=2.00, Fitness_actual=132.3, Mejor=146.0
2025-10-20 14:02:04,538 - WARNING - ⚠️  DEGRADACIÓN DETECTADA en iter 35700:
2025-10-20 14:02:04,538 - WARNING -    Mejor fitness: 146.0
2025-10-20 14:02:04,538 - WARNING -    Fitness promedio reciente: 123.3
2025-10-20 14:02:04,538 - WARNING -    Degradación: 22.6
2025-10-20 14:02:04,538 - WARNING -    🔄 RESTAURANDO mejor solución...
2025-10-20 14:02:04,540 - DEBUG - Iter 35700: T=2.00, Fitness_actual=146.0, Mejor=146.0
2025-10-20 14:02:04,614 - INFO - 🌟 MEJORA #239 en iter 35701: Fitness=146.0 (+0.0), Puntos=16369
2025-10-20 14:02:12,044 - DEBUG - Iter 35800: T=2.00, Fitness_actual=129.5, Mejor=146.0
2025-10-20 14:02:19,593 - DEBUG - Iter 35900: T=1.99, Fitness_actual=130.3, Mejor=146.0
2025-10-20 14:02:27,116 - INFO -   Iter 36000 | Tiempo:   34.2min (14.2%) | T =     1.99 | Fitness =    119.6 | Mejor =    146.0 | Aceptación =  79.8%
2025-10-20 14:02:27,116 - INFO - Progreso iter 36000: T=1.99, Fitness=119.6, Mejor=146.0, Tasa_acept=79.8%
2025-10-20 14:02:27,117 - WARNING - ⚠️  DEGRADACIÓN DETECTADA en iter 36000:
2025-10-20 14:02:27,117 - WARNING -    Mejor fitness: 146.0
2025-10-20 14:02:27,117 - WARNING -    Fitness promedio reciente: 123.0
2025-10-20 14:02:27,117 - WARNING -    Degradación: 23.0
2025-10-20 14:02:27,117 - WARNING -    🔄 RESTAURANDO mejor solución...
2025-10-20 14:02:27,119 - DEBUG - Iter 36000: T=1.99, Fitness_actual=146.0, Mejor=146.0
2025-10-20 14:02:34,723 - DEBUG - Iter 36100: T=1.99, Fitness_actual=129.4, Mejor=146.0
2025-10-20 14:02:42,367 - WARNING - ⚠️  DEGRADACIÓN DETECTADA en iter 36200:
2025-10-20 14:02:42,367 - WARNING -    Mejor fitness: 146.0
2025-10-20 14:02:42,367 - WARNING -    Fitness promedio reciente: 124.6
2025-10-20 14:02:42,367 - WARNING -    Degradación: 21.4
2025-10-20 14:02:42,367 - WARNING -    🔄 RESTAURANDO mejor solución...
2025-10-20 14:02:42,371 - DEBUG - Iter 36200: T=1.99, Fitness_actual=146.0, Mejor=146.0
2025-10-20 14:02:49,921 - DEBUG - Iter 36300: T=1.98, Fitness_actual=129.6, Mejor=146.0
2025-10-20 14:02:53,739 - WARNING - ⚠️  DEGRADACIÓN DETECTADA en iter 36350:
2025-10-20 14:02:53,739 - WARNING -    Mejor fitness: 146.0
2025-10-20 14:02:53,739 - WARNING -    Fitness promedio reciente: 124.8
2025-10-20 14:02:53,740 - WARNING -    Degradación: 21.2
2025-10-20 14:02:53,740 - WARNING -    🔄 RESTAURANDO mejor solución...
2025-10-20 14:02:53,741 - INFO - 🌟 MEJORA #240 en iter 36350: Fitness=146.1 (+0.2), Puntos=16384
2025-10-20 14:02:53,741 - INFO -   ✨ Mejora #240 en iteración 36351: Fitness = 146.1 | Puntos = 16384 | T = 1.98
2025-10-20 14:02:57,517 - DEBUG - Iter 36400: T=1.98, Fitness_actual=141.5, Mejor=146.1
2025-10-20 14:03:05,079 - INFO -   Iter 36500 | Tiempo:   34.8min (14.5%) | T =     1.98 | Fitness =    135.5 | Mejor =    146.1 | Aceptación =  79.7%
2025-10-20 14:03:05,079 - INFO - Progreso iter 36500: T=1.98, Fitness=135.5, Mejor=146.1, Tasa_acept=79.7%
2025-10-20 14:03:05,082 - DEBUG - Iter 36500: T=1.98, Fitness_actual=135.5, Mejor=146.1
2025-10-20 14:03:12,640 - WARNING - ⚠️  DEGRADACIÓN DETECTADA en iter 36600:
2025-10-20 14:03:12,641 - WARNING -    Mejor fitness: 146.1
2025-10-20 14:03:12,641 - WARNING -    Fitness promedio reciente: 126.1
2025-10-20 14:03:12,641 - WARNING -    Degradación: 20.0
2025-10-20 14:03:12,641 - WARNING -    🔄 RESTAURANDO mejor solución...
2025-10-20 14:03:12,643 - DEBUG - Iter 36600: T=1.97, Fitness_actual=146.1, Mejor=146.1
2025-10-20 14:03:12,719 - INFO - 🌟 MEJORA #241 en iter 36601: Fitness=146.2 (+0.1), Puntos=16393
2025-10-20 14:03:20,237 - DEBUG - Iter 36700: T=1.97, Fitness_actual=127.9, Mejor=146.2
2025-10-20 14:03:27,840 - WARNING - ⚠️  DEGRADACIÓN DETECTADA en iter 36800:
2025-10-20 14:03:27,840 - WARNING -    Mejor fitness: 146.2
2025-10-20 14:03:27,840 - WARNING -    Fitness promedio reciente: 124.5
2025-10-20 14:03:27,840 - WARNING -    Degradación: 21.8
2025-10-20 14:03:27,841 - WARNING -    🔄 RESTAURANDO mejor solución...
2025-10-20 14:03:27,845 - DEBUG - Iter 36800: T=1.97, Fitness_actual=146.2, Mejor=146.2
2025-10-20 14:03:35,521 - DEBUG - Iter 36900: T=1.96, Fitness_actual=133.1, Mejor=146.2
2025-10-20 14:03:43,323 - INFO -   Iter 37000 | Tiempo:   35.5min (14.8%) | T =     1.96 | Fitness =    131.9 | Mejor =    146.2 | Aceptación =  79.6%
2025-10-20 14:03:43,323 - INFO - Progreso iter 37000: T=1.96, Fitness=131.9, Mejor=146.2, Tasa_acept=79.6%
2025-10-20 14:03:43,325 - DEBUG - Iter 37000: T=1.96, Fitness_actual=131.9, Mejor=146.2
2025-10-20 14:03:51,023 - WARNING - ⚠️  DEGRADACIÓN DETECTADA en iter 37100:
2025-10-20 14:03:51,023 - WARNING -    Mejor fitness: 146.2
2025-10-20 14:03:51,024 - WARNING -    Fitness promedio reciente: 122.1
2025-10-20 14:03:51,024 - WARNING -    Degradación: 24.1
2025-10-20 14:03:51,024 - WARNING -    🔄 RESTAURANDO mejor solución...
2025-10-20 14:03:51,027 - DEBUG - Iter 37100: T=1.96, Fitness_actual=146.2, Mejor=146.2
2025-10-20 14:03:51,255 - INFO - 🌟 MEJORA #242 en iter 37103: Fitness=146.2 (+0.0), Puntos=16393
2025-10-20 14:03:58,739 - DEBUG - Iter 37200: T=1.96, Fitness_actual=115.5, Mejor=146.2
2025-10-20 14:04:02,611 - WARNING - ⚠️  DEGRADACIÓN DETECTADA en iter 37250:
2025-10-20 14:04:02,611 - WARNING -    Mejor fitness: 146.2
2025-10-20 14:04:02,612 - WARNING -    Fitness promedio reciente: 116.5
2025-10-20 14:04:02,612 - WARNING -    Degradación: 29.8
2025-10-20 14:04:02,612 - WARNING -    🔄 RESTAURANDO mejor solución...
2025-10-20 14:04:02,842 - INFO - 🌟 MEJORA #243 en iter 37253: Fitness=146.3 (+0.1), Puntos=16397
2025-10-20 14:04:06,448 - DEBUG - Iter 37300: T=1.95, Fitness_actual=141.8, Mejor=146.3
2025-10-20 14:04:14,132 - DEBUG - Iter 37400: T=1.95, Fitness_actual=120.9, Mejor=146.3
2025-10-20 14:04:17,979 - WARNING - ⚠️  DEGRADACIÓN DETECTADA en iter 37450:
2025-10-20 14:04:17,979 - WARNING -    Mejor fitness: 146.3
2025-10-20 14:04:17,979 - WARNING -    Fitness promedio reciente: 119.3
2025-10-20 14:04:17,979 - WARNING -    Degradación: 27.0
2025-10-20 14:04:17,979 - WARNING -    🔄 RESTAURANDO mejor solución...
2025-10-20 14:04:18,134 - INFO - 🌟 MEJORA #244 en iter 37452: Fitness=146.3 (+0.0), Puntos=16397
2025-10-20 14:04:18,289 - INFO - 🌟 MEJORA #245 en iter 37454: Fitness=146.3 (+0.0), Puntos=16397
2025-10-20 14:04:18,290 - INFO -   ✨ Mejora #245 en iteración 37455: Fitness = 146.3 | Puntos = 16397 | T = 1.95
2025-10-20 14:04:21,829 - INFO -   Iter 37500 | Tiempo:   36.1min (15.0%) | T =     1.95 | Fitness =    141.9 | Mejor =    146.3 | Aceptación =  79.6%
2025-10-20 14:04:21,829 - INFO - Progreso iter 37500: T=1.95, Fitness=141.9, Mejor=146.3, Tasa_acept=79.6%
2025-10-20 14:04:21,830 - DEBUG - Iter 37500: T=1.95, Fitness_actual=141.9, Mejor=146.3
2025-10-20 14:04:29,672 - DEBUG - Iter 37600: T=1.94, Fitness_actual=130.3, Mejor=146.3
2025-10-20 14:04:37,397 - WARNING - ⚠️  DEGRADACIÓN DETECTADA en iter 37700:
2025-10-20 14:04:37,397 - WARNING -    Mejor fitness: 146.3
2025-10-20 14:04:37,397 - WARNING -    Fitness promedio reciente: 122.8
2025-10-20 14:04:37,397 - WARNING -    Degradación: 23.5
2025-10-20 14:04:37,398 - WARNING -    🔄 RESTAURANDO mejor solución...
2025-10-20 14:04:37,399 - DEBUG - Iter 37700: T=1.94, Fitness_actual=146.3, Mejor=146.3
2025-10-20 14:04:37,399 - INFO - 🌟 MEJORA #246 en iter 37700: Fitness=146.3 (+0.0), Puntos=16400
2025-10-20 14:04:45,072 - DEBUG - Iter 37800: T=1.94, Fitness_actual=132.6, Mejor=146.3
2025-10-20 14:04:52,770 - WARNING - ⚠️  DEGRADACIÓN DETECTADA en iter 37900:
2025-10-20 14:04:52,770 - WARNING -    Mejor fitness: 146.3
2025-10-20 14:04:52,770 - WARNING -    Fitness promedio reciente: 121.8
2025-10-20 14:04:52,771 - WARNING -    Degradación: 24.5
2025-10-20 14:04:52,771 - WARNING -    🔄 RESTAURANDO mejor solución...
2025-10-20 14:04:52,772 - DEBUG - Iter 37900: T=1.93, Fitness_actual=146.3, Mejor=146.3
2025-10-20 14:05:00,467 - INFO -   Iter 38000 | Tiempo:   36.7min (15.3%) | T =     1.93 | Fitness =    136.7 | Mejor =    146.3 | Aceptación =  79.5%
2025-10-20 14:05:00,467 - INFO - Progreso iter 38000: T=1.93, Fitness=136.7, Mejor=146.3, Tasa_acept=79.5%
2025-10-20 14:05:00,468 - DEBUG - Iter 38000: T=1.93, Fitness_actual=136.7, Mejor=146.3
2025-10-20 14:05:08,199 - DEBUG - Iter 38100: T=1.93, Fitness_actual=132.3, Mejor=146.3
2025-10-20 14:05:16,042 - DEBUG - Iter 38200: T=1.93, Fitness_actual=131.6, Mejor=146.3
2025-10-20 14:05:23,913 - WARNING - ⚠️  DEGRADACIÓN DETECTADA en iter 38300:
2025-10-20 14:05:23,913 - WARNING -    Mejor fitness: 146.3
2025-10-20 14:05:23,913 - WARNING -    Fitness promedio reciente: 122.1
2025-10-20 14:05:23,913 - WARNING -    Degradación: 24.2
2025-10-20 14:05:23,914 - WARNING -    🔄 RESTAURANDO mejor solución...
2025-10-20 14:05:23,915 - DEBUG - Iter 38300: T=1.92, Fitness_actual=146.3, Mejor=146.3
2025-10-20 14:05:31,762 - DEBUG - Iter 38400: T=1.92, Fitness_actual=132.5, Mejor=146.3
2025-10-20 14:05:39,647 - INFO -   Iter 38500 | Tiempo:   37.4min (15.6%) | T =     1.92 | Fitness =    126.8 | Mejor =    146.3 | Aceptación =  79.4%
2025-10-20 14:05:39,647 - INFO - Progreso iter 38500: T=1.92, Fitness=126.8, Mejor=146.3, Tasa_acept=79.4%
2025-10-20 14:05:39,648 - DEBUG - Iter 38500: T=1.92, Fitness_actual=126.8, Mejor=146.3
2025-10-20 14:05:43,586 - WARNING - ⚠️  DEGRADACIÓN DETECTADA en iter 38550:
2025-10-20 14:05:43,586 - WARNING -    Mejor fitness: 146.3
2025-10-20 14:05:43,587 - WARNING -    Fitness promedio reciente: 123.6
2025-10-20 14:05:43,587 - WARNING -    Degradación: 22.8
2025-10-20 14:05:43,587 - WARNING -    🔄 RESTAURANDO mejor solución...
2025-10-20 14:05:43,823 - INFO - 🌟 MEJORA #247 en iter 38553: Fitness=146.5 (+0.2), Puntos=16420
2025-10-20 14:05:43,902 - INFO - 🌟 MEJORA #248 en iter 38554: Fitness=146.5 (+0.0), Puntos=16420
2025-10-20 14:05:47,530 - DEBUG - Iter 38600: T=1.91, Fitness_actual=143.1, Mejor=146.5
2025-10-20 14:05:55,423 - WARNING - ⚠️  DEGRADACIÓN DETECTADA en iter 38700:
2025-10-20 14:05:55,424 - WARNING -    Mejor fitness: 146.5
2025-10-20 14:05:55,424 - WARNING -    Fitness promedio reciente: 124.6
2025-10-20 14:05:55,424 - WARNING -    Degradación: 21.9
2025-10-20 14:05:55,424 - WARNING -    🔄 RESTAURANDO mejor solución...
2025-10-20 14:05:55,425 - DEBUG - Iter 38700: T=1.91, Fitness_actual=146.5, Mejor=146.5
2025-10-20 14:05:55,584 - INFO - 🌟 MEJORA #249 en iter 38702: Fitness=146.9 (+0.4), Puntos=16460
2025-10-20 14:05:55,662 - INFO - 🌟 MEJORA #250 en iter 38703: Fitness=146.9 (+0.0), Puntos=16460
2025-10-20 14:05:55,662 - INFO -   ✨ Mejora #250 en iteración 38704: Fitness = 146.9 | Puntos = 16460 | T = 1.91
2025-10-20 14:06:03,332 - DEBUG - Iter 38800: T=1.91, Fitness_actual=137.5, Mejor=146.9
2025-10-20 14:06:11,390 - DEBUG - Iter 38900: T=1.91, Fitness_actual=125.7, Mejor=146.9
2025-10-20 14:06:15,384 - WARNING - ⚠️  DEGRADACIÓN DETECTADA en iter 38950:
2025-10-20 14:06:15,384 - WARNING -    Mejor fitness: 146.9
2025-10-20 14:06:15,385 - WARNING -    Fitness promedio reciente: 122.6
2025-10-20 14:06:15,385 - WARNING -    Degradación: 24.3
2025-10-20 14:06:15,385 - WARNING -    🔄 RESTAURANDO mejor solución...
2025-10-20 14:06:19,356 - INFO -   Iter 39000 | Tiempo:   38.1min (15.9%) | T =     1.90 | Fitness =    129.5 | Mejor =    146.9 | Aceptación =  79.3%
2025-10-20 14:06:19,356 - INFO - Progreso iter 39000: T=1.90, Fitness=129.5, Mejor=146.9, Tasa_acept=79.3%
2025-10-20 14:06:19,358 - DEBUG - Iter 39000: T=1.90, Fitness_actual=129.5, Mejor=146.9
2025-10-20 14:06:27,336 - DEBUG - Iter 39100: T=1.90, Fitness_actual=127.3, Mejor=146.9
2025-10-20 14:06:35,356 - DEBUG - Iter 39200: T=1.90, Fitness_actual=128.8, Mejor=146.9
2025-10-20 14:06:39,351 - WARNING - ⚠️  DEGRADACIÓN DETECTADA en iter 39250:
2025-10-20 14:06:39,351 - WARNING -    Mejor fitness: 146.9
2025-10-20 14:06:39,351 - WARNING -    Fitness promedio reciente: 126.7
2025-10-20 14:06:39,351 - WARNING -    Degradación: 20.2
2025-10-20 14:06:39,351 - WARNING -    🔄 RESTAURANDO mejor solución...
2025-10-20 14:06:39,596 - INFO - 🌟 MEJORA #251 en iter 39253: Fitness=146.9 (+0.0), Puntos=16460
2025-10-20 14:06:43,353 - DEBUG - Iter 39300: T=1.89, Fitness_actual=136.6, Mejor=146.9
2025-10-20 14:06:51,281 - DEBUG - Iter 39400: T=1.89, Fitness_actual=122.9, Mejor=146.9
2025-10-20 14:06:55,235 - WARNING - ⚠️  DEGRADACIÓN DETECTADA en iter 39450:
2025-10-20 14:06:55,235 - WARNING -    Mejor fitness: 146.9
2025-10-20 14:06:55,235 - WARNING -    Fitness promedio reciente: 123.2
2025-10-20 14:06:55,235 - WARNING -    Degradación: 23.7
2025-10-20 14:06:55,235 - WARNING -    🔄 RESTAURANDO mejor solución...
2025-10-20 14:06:55,237 - INFO - 🌟 MEJORA #252 en iter 39450: Fitness=146.9 (+0.0), Puntos=16461
2025-10-20 14:06:59,238 - INFO -   Iter 39500 | Tiempo:   38.7min (16.1%) | T =     1.89 | Fitness =    140.6 | Mejor =    146.9 | Aceptación =  79.2%
2025-10-20 14:06:59,238 - INFO - Progreso iter 39500: T=1.89, Fitness=140.6, Mejor=146.9, Tasa_acept=79.2%
2025-10-20 14:06:59,239 - DEBUG - Iter 39500: T=1.89, Fitness_actual=140.6, Mejor=146.9
2025-10-20 14:07:07,265 - DEBUG - Iter 39600: T=1.88, Fitness_actual=124.7, Mejor=146.9
2025-10-20 14:07:11,275 - WARNING - ⚠️  DEGRADACIÓN DETECTADA en iter 39650:
2025-10-20 14:07:11,275 - WARNING -    Mejor fitness: 146.9
2025-10-20 14:07:11,275 - WARNING -    Fitness promedio reciente: 124.7
2025-10-20 14:07:11,276 - WARNING -    Degradación: 22.2
2025-10-20 14:07:11,276 - WARNING -    🔄 RESTAURANDO mejor solución...
2025-10-20 14:07:11,437 - INFO - 🌟 MEJORA #253 en iter 39652: Fitness=147.0 (+0.1), Puntos=16471
2025-10-20 14:07:12,005 - INFO - 🌟 MEJORA #254 en iter 39659: Fitness=147.0 (+0.0), Puntos=16471
2025-10-20 14:07:15,272 - DEBUG - Iter 39700: T=1.88, Fitness_actual=136.1, Mejor=147.0
2025-10-20 14:07:23,250 - DEBUG - Iter 39800: T=1.88, Fitness_actual=132.3, Mejor=147.0
2025-10-20 14:07:31,233 - WARNING - ⚠️  DEGRADACIÓN DETECTADA en iter 39900:
2025-10-20 14:07:31,233 - WARNING -    Mejor fitness: 147.0
2025-10-20 14:07:31,234 - WARNING -    Fitness promedio reciente: 126.5
2025-10-20 14:07:31,234 - WARNING -    Degradación: 20.5
2025-10-20 14:07:31,234 - WARNING -    🔄 RESTAURANDO mejor solución...
2025-10-20 14:07:31,235 - DEBUG - Iter 39900: T=1.88, Fitness_actual=147.0, Mejor=147.0
2025-10-20 14:07:32,043 - INFO - 🌟 MEJORA #255 en iter 39910: Fitness=147.0 (+0.0), Puntos=16471
2025-10-20 14:07:32,044 - INFO -   ✨ Mejora #255 en iteración 39911: Fitness = 147.0 | Puntos = 16471 | T = 1.88
2025-10-20 14:07:39,287 - INFO -   Iter 40000 | Tiempo:   39.4min (16.4%) | T =     1.87 | Fitness =    135.5 | Mejor =    147.0 | Aceptación =  79.1%
2025-10-20 14:07:39,288 - INFO - Progreso iter 40000: T=1.87, Fitness=135.5, Mejor=147.0, Tasa_acept=79.1%
2025-10-20 14:07:39,291 - DEBUG - Iter 40000: T=1.87, Fitness_actual=135.5, Mejor=147.0
2025-10-20 14:07:47,354 - DEBUG - Iter 40100: T=1.87, Fitness_actual=132.5, Mejor=147.0
2025-10-20 14:07:51,360 - WARNING - ⚠️  DEGRADACIÓN DETECTADA en iter 40150:
2025-10-20 14:07:51,360 - WARNING -    Mejor fitness: 147.0
2025-10-20 14:07:51,360 - WARNING -    Fitness promedio reciente: 126.9
2025-10-20 14:07:51,360 - WARNING -    Degradación: 20.1
2025-10-20 14:07:51,361 - WARNING -    🔄 RESTAURANDO mejor solución...
2025-10-20 14:07:55,388 - DEBUG - Iter 40200: T=1.87, Fitness_actual=143.6, Mejor=147.0
2025-10-20 14:08:03,458 - DEBUG - Iter 40300: T=1.86, Fitness_actual=132.1, Mejor=147.0
2025-10-20 14:08:11,579 - DEBUG - Iter 40400: T=1.86, Fitness_actual=131.1, Mejor=147.0
2025-10-20 14:08:19,774 - INFO -   Iter 40500 | Tiempo:   40.1min (16.7%) | T =     1.86 | Fitness =    127.6 | Mejor =    147.0 | Aceptación =  79.0%
2025-10-20 14:08:19,774 - INFO - Progreso iter 40500: T=1.86, Fitness=127.6, Mejor=147.0, Tasa_acept=79.0%
2025-10-20 14:08:19,774 - WARNING - ⚠️  DEGRADACIÓN DETECTADA en iter 40500:
2025-10-20 14:08:19,774 - WARNING -    Mejor fitness: 147.0
2025-10-20 14:08:19,774 - WARNING -    Fitness promedio reciente: 126.8
2025-10-20 14:08:19,774 - WARNING -    Degradación: 20.2
2025-10-20 14:08:19,775 - WARNING -    🔄 RESTAURANDO mejor solución...
2025-10-20 14:08:19,778 - DEBUG - Iter 40500: T=1.86, Fitness_actual=147.0, Mejor=147.0
2025-10-20 14:08:28,986 - DEBUG - Iter 40600: T=1.85, Fitness_actual=133.8, Mejor=147.0
2025-10-20 14:08:38,350 - DEBUG - Iter 40700: T=1.85, Fitness_actual=128.6, Mejor=147.0
2025-10-20 14:08:47,697 - DEBUG - Iter 40800: T=1.85, Fitness_actual=128.7, Mejor=147.0
2025-10-20 14:08:56,969 - WARNING - ⚠️  DEGRADACIÓN DETECTADA en iter 40900:
2025-10-20 14:08:56,969 - WARNING -    Mejor fitness: 147.0
2025-10-20 14:08:56,970 - WARNING -    Fitness promedio reciente: 124.1
2025-10-20 14:08:56,970 - WARNING -    Degradación: 23.0
2025-10-20 14:08:56,970 - WARNING -    🔄 RESTAURANDO mejor solución...
2025-10-20 14:08:56,971 - DEBUG - Iter 40900: T=1.84, Fitness_actual=147.0, Mejor=147.0
2025-10-20 14:09:05,886 - INFO -   Iter 41000 | Tiempo:   40.8min (17.0%) | T =     1.84 | Fitness =    143.2 | Mejor =    147.0 | Aceptación =  78.8%
2025-10-20 14:09:05,886 - INFO - Progreso iter 41000: T=1.84, Fitness=143.2, Mejor=147.0, Tasa_acept=78.8%
2025-10-20 14:09:05,887 - DEBUG - Iter 41000: T=1.84, Fitness_actual=143.2, Mejor=147.0
2025-10-20 14:09:14,788 - DEBUG - Iter 41100: T=1.84, Fitness_actual=133.3, Mejor=147.0
2025-10-20 14:09:23,658 - WARNING - ⚠️  DEGRADACIÓN DETECTADA en iter 41200:
2025-10-20 14:09:23,658 - WARNING -    Mejor fitness: 147.0
2025-10-20 14:09:23,658 - WARNING -    Fitness promedio reciente: 125.9
2025-10-20 14:09:23,658 - WARNING -    Degradación: 21.1
2025-10-20 14:09:23,658 - WARNING -    🔄 RESTAURANDO mejor solución...
2025-10-20 14:09:23,660 - DEBUG - Iter 41200: T=1.83, Fitness_actual=147.0, Mejor=147.0
2025-10-20 14:09:24,466 - INFO - 🌟 MEJORA #256 en iter 41209: Fitness=147.1 (+0.0), Puntos=16473
2025-10-20 14:09:32,582 - DEBUG - Iter 41300: T=1.83, Fitness_actual=131.1, Mejor=147.1
2025-10-20 14:09:37,035 - WARNING - ⚠️  DEGRADACIÓN DETECTADA en iter 41350:
2025-10-20 14:09:37,035 - WARNING -    Mejor fitness: 147.1
2025-10-20 14:09:37,035 - WARNING -    Fitness promedio reciente: 126.8
2025-10-20 14:09:37,035 - WARNING -    Degradación: 20.3
2025-10-20 14:09:37,035 - WARNING -    🔄 RESTAURANDO mejor solución...
2025-10-20 14:09:37,037 - INFO - 🌟 MEJORA #257 en iter 41350: Fitness=147.1 (+0.0), Puntos=16473
2025-10-20 14:09:37,216 - INFO - 🌟 MEJORA #258 en iter 41352: Fitness=147.1 (+0.0), Puntos=16473
2025-10-20 14:09:41,547 - DEBUG - Iter 41400: T=1.83, Fitness_actual=129.0, Mejor=147.1
2025-10-20 14:09:50,403 - INFO -   Iter 41500 | Tiempo:   41.6min (17.3%) | T =     1.82 | Fitness =    129.8 | Mejor =    147.1 | Aceptación =  78.8%
2025-10-20 14:09:50,403 - INFO - Progreso iter 41500: T=1.82, Fitness=129.8, Mejor=147.1, Tasa_acept=78.8%
2025-10-20 14:09:50,404 - DEBUG - Iter 41500: T=1.82, Fitness_actual=129.8, Mejor=147.1
2025-10-20 14:09:59,264 - WARNING - ⚠️  DEGRADACIÓN DETECTADA en iter 41600:
2025-10-20 14:09:59,264 - WARNING -    Mejor fitness: 147.1
2025-10-20 14:09:59,265 - WARNING -    Fitness promedio reciente: 126.5
2025-10-20 14:09:59,265 - WARNING -    Degradación: 20.5
2025-10-20 14:09:59,265 - WARNING -    🔄 RESTAURANDO mejor solución...
2025-10-20 14:09:59,266 - DEBUG - Iter 41600: T=1.82, Fitness_actual=147.1, Mejor=147.1
2025-10-20 14:10:08,163 - DEBUG - Iter 41700: T=1.82, Fitness_actual=128.0, Mejor=147.1
2025-10-20 14:10:12,599 - WARNING - ⚠️  DEGRADACIÓN DETECTADA en iter 41750:
2025-10-20 14:10:12,599 - WARNING -    Mejor fitness: 147.1
2025-10-20 14:10:12,599 - WARNING -    Fitness promedio reciente: 123.4
2025-10-20 14:10:12,599 - WARNING -    Degradación: 23.7
2025-10-20 14:10:12,599 - WARNING -    🔄 RESTAURANDO mejor solución...
2025-10-20 14:10:17,054 - DEBUG - Iter 41800: T=1.82, Fitness_actual=140.9, Mejor=147.1
2025-10-20 14:10:25,938 - DEBUG - Iter 41900: T=1.81, Fitness_actual=134.8, Mejor=147.1
2025-10-20 14:10:34,904 - INFO -   Iter 42000 | Tiempo:   42.3min (17.6%) | T =     1.81 | Fitness =    121.6 | Mejor =    147.1 | Aceptación =  78.7%
2025-10-20 14:10:34,904 - INFO - Progreso iter 42000: T=1.81, Fitness=121.6, Mejor=147.1, Tasa_acept=78.7%
2025-10-20 14:10:34,904 - WARNING - ⚠️  DEGRADACIÓN DETECTADA en iter 42000:
2025-10-20 14:10:34,904 - WARNING -    Mejor fitness: 147.1
2025-10-20 14:10:34,904 - WARNING -    Fitness promedio reciente: 126.1
2025-10-20 14:10:34,904 - WARNING -    Degradación: 21.0
2025-10-20 14:10:34,905 - WARNING -    🔄 RESTAURANDO mejor solución...
2025-10-20 14:10:34,906 - DEBUG - Iter 42000: T=1.81, Fitness_actual=147.1, Mejor=147.1
2025-10-20 14:10:43,872 - DEBUG - Iter 42100: T=1.81, Fitness_actual=130.7, Mejor=147.1
2025-10-20 14:10:52,826 - DEBUG - Iter 42200: T=1.80, Fitness_actual=129.3, Mejor=147.1
2025-10-20 14:11:01,794 - WARNING - ⚠️  DEGRADACIÓN DETECTADA en iter 42300:
2025-10-20 14:11:01,795 - WARNING -    Mejor fitness: 147.1
2025-10-20 14:11:01,795 - WARNING -    Fitness promedio reciente: 126.5
2025-10-20 14:11:01,795 - WARNING -    Degradación: 20.6
2025-10-20 14:11:01,795 - WARNING -    🔄 RESTAURANDO mejor solución...
2025-10-20 14:11:01,796 - DEBUG - Iter 42300: T=1.80, Fitness_actual=147.1, Mejor=147.1
2025-10-20 14:11:10,893 - DEBUG - Iter 42400: T=1.80, Fitness_actual=134.6, Mejor=147.1
2025-10-20 14:11:20,011 - INFO -   Iter 42500 | Tiempo:   43.1min (17.9%) | T =     1.79 | Fitness =    110.9 | Mejor =    147.1 | Aceptación =  78.6%
2025-10-20 14:11:20,011 - INFO - Progreso iter 42500: T=1.79, Fitness=110.9, Mejor=147.1, Tasa_acept=78.6%
2025-10-20 14:11:20,012 - WARNING - ⚠️  DEGRADACIÓN DETECTADA en iter 42500:
2025-10-20 14:11:20,012 - WARNING -    Mejor fitness: 147.1
2025-10-20 14:11:20,012 - WARNING -    Fitness promedio reciente: 117.2
2025-10-20 14:11:20,012 - WARNING -    Degradación: 29.9
2025-10-20 14:11:20,012 - WARNING -    🔄 RESTAURANDO mejor solución...
2025-10-20 14:11:20,014 - DEBUG - Iter 42500: T=1.79, Fitness_actual=147.1, Mejor=147.1
2025-10-20 14:11:29,026 - DEBUG - Iter 42600: T=1.79, Fitness_actual=132.3, Mejor=147.1
2025-10-20 14:11:38,077 - WARNING - ⚠️  DEGRADACIÓN DETECTADA en iter 42700:
2025-10-20 14:11:38,077 - WARNING -    Mejor fitness: 147.1
2025-10-20 14:11:38,077 - WARNING -    Fitness promedio reciente: 123.8
2025-10-20 14:11:38,077 - WARNING -    Degradación: 23.2
2025-10-20 14:11:38,077 - WARNING -    🔄 RESTAURANDO mejor solución...
2025-10-20 14:11:38,081 - DEBUG - Iter 42700: T=1.79, Fitness_actual=147.1, Mejor=147.1
2025-10-20 14:11:47,109 - DEBUG - Iter 42800: T=1.78, Fitness_actual=133.4, Mejor=147.1
2025-10-20 14:11:56,250 - WARNING - ⚠️  DEGRADACIÓN DETECTADA en iter 42900:
2025-10-20 14:11:56,250 - WARNING -    Mejor fitness: 147.1
2025-10-20 14:11:56,250 - WARNING -    Fitness promedio reciente: 124.0
2025-10-20 14:11:56,250 - WARNING -    Degradación: 23.1
2025-10-20 14:11:56,250 - WARNING -    🔄 RESTAURANDO mejor solución...
2025-10-20 14:11:56,252 - DEBUG - Iter 42900: T=1.78, Fitness_actual=147.1, Mejor=147.1
2025-10-20 14:12:05,480 - INFO -   Iter 43000 | Tiempo:   43.8min (18.3%) | T =     1.78 | Fitness =    136.5 | Mejor =    147.1 | Aceptación =  78.5%
2025-10-20 14:12:05,480 - INFO - Progreso iter 43000: T=1.78, Fitness=136.5, Mejor=147.1, Tasa_acept=78.5%
2025-10-20 14:12:05,482 - DEBUG - Iter 43000: T=1.78, Fitness_actual=136.5, Mejor=147.1
2025-10-20 14:12:14,674 - WARNING - ⚠️  DEGRADACIÓN DETECTADA en iter 43100:
2025-10-20 14:12:14,674 - WARNING -    Mejor fitness: 147.1
2025-10-20 14:12:14,675 - WARNING -    Fitness promedio reciente: 121.5
2025-10-20 14:12:14,675 - WARNING -    Degradación: 25.6
2025-10-20 14:12:14,675 - WARNING -    🔄 RESTAURANDO mejor solución...
2025-10-20 14:12:14,679 - DEBUG - Iter 43100: T=1.77, Fitness_actual=147.1, Mejor=147.1
2025-10-20 14:12:17,867 - WARNING - ================================================================================
2025-10-20 14:12:17,867 - WARNING - ⚠️  SALTO ANORMAL DETECTADO en iteración 43135
2025-10-20 14:12:17,867 - WARNING -    Fitness actual: 144.8
2025-10-20 14:12:17,867 - WARNING -    Fitness vecino: 67.1
2025-10-20 14:12:17,868 - WARNING -    Delta: -77.7
2025-10-20 14:12:17,868 - WARNING -    Temperatura: 1.77
2025-10-20 14:12:17,868 - WARNING -    Tipo perturbación aplicada: (ver generar_vecino)
2025-10-20 14:12:17,868 - WARNING -    Vecino - Puntos: 16436, Tiempo: 18342.6min, Distancia: 456.9km
2025-10-20 14:12:17,868 - WARNING -    Actual - Puntos: 16445, Tiempo: 14520.4min, Distancia: 126.3km
2025-10-20 14:12:17,868 - WARNING -    Validez restricciones - Vecino: False, Actual: False
2025-10-20 14:12:17,868 - WARNING - ================================================================================
2025-10-20 14:12:17,868 - WARNING - ⚠️  SALTO ANORMAL DETECTADO en iteración 43135
2025-10-20 14:12:17,868 - WARNING -    Fitness: 144.8 → 67.1 (Δ=-77.7)
2025-10-20 14:12:17,869 - WARNING -    Ver detalles en archivo de log
2025-10-20 14:12:23,858 - DEBUG - Iter 43200: T=1.77, Fitness_actual=120.4, Mejor=147.1
2025-10-20 14:12:28,435 - WARNING - ⚠️  DEGRADACIÓN DETECTADA en iter 43250:
2025-10-20 14:12:28,435 - WARNING -    Mejor fitness: 147.1
2025-10-20 14:12:28,436 - WARNING -    Fitness promedio reciente: 118.1
2025-10-20 14:12:28,436 - WARNING -    Degradación: 28.9
2025-10-20 14:12:28,436 - WARNING -    🔄 RESTAURANDO mejor solución...
2025-10-20 14:12:32,981 - DEBUG - Iter 43300: T=1.77, Fitness_actual=130.7, Mejor=147.1
2025-10-20 14:12:42,189 - WARNING - ⚠️  DEGRADACIÓN DETECTADA en iter 43400:
2025-10-20 14:12:42,189 - WARNING -    Mejor fitness: 147.1
2025-10-20 14:12:42,189 - WARNING -    Fitness promedio reciente: 122.6
2025-10-20 14:12:42,190 - WARNING -    Degradación: 24.5
2025-10-20 14:12:42,190 - WARNING -    🔄 RESTAURANDO mejor solución...
2025-10-20 14:12:42,191 - DEBUG - Iter 43400: T=1.76, Fitness_actual=147.1, Mejor=147.1
2025-10-20 14:12:42,469 - INFO - 🌟 MEJORA #259 en iter 43403: Fitness=147.1 (+0.1), Puntos=16481
2025-10-20 14:12:51,325 - INFO -   Iter 43500 | Tiempo:   44.6min (18.6%) | T =     1.76 | Fitness =    131.0 | Mejor =    147.1 | Aceptación =  78.4%
2025-10-20 14:12:51,325 - INFO - Progreso iter 43500: T=1.76, Fitness=131.0, Mejor=147.1, Tasa_acept=78.4%
2025-10-20 14:12:51,327 - DEBUG - Iter 43500: T=1.76, Fitness_actual=131.0, Mejor=147.1
2025-10-20 14:13:00,602 - DEBUG - Iter 43600: T=1.76, Fitness_actual=128.1, Mejor=147.1
2025-10-20 14:13:09,879 - WARNING - ⚠️  DEGRADACIÓN DETECTADA en iter 43700:
2025-10-20 14:13:09,879 - WARNING -    Mejor fitness: 147.1
2025-10-20 14:13:09,879 - WARNING -    Fitness promedio reciente: 126.1
2025-10-20 14:13:09,879 - WARNING -    Degradación: 21.1
2025-10-20 14:13:09,880 - WARNING -    🔄 RESTAURANDO mejor solución...
2025-10-20 14:13:09,881 - DEBUG - Iter 43700: T=1.75, Fitness_actual=147.1, Mejor=147.1
2025-10-20 14:13:19,085 - DEBUG - Iter 43800: T=1.75, Fitness_actual=137.4, Mejor=147.1
2025-10-20 14:13:28,282 - DEBUG - Iter 43900: T=1.75, Fitness_actual=131.8, Mejor=147.1
2025-10-20 14:13:32,852 - WARNING - ⚠️  DEGRADACIÓN DETECTADA en iter 43950:
2025-10-20 14:13:32,852 - WARNING -    Mejor fitness: 147.1
2025-10-20 14:13:32,853 - WARNING -    Fitness promedio reciente: 125.8
2025-10-20 14:13:32,853 - WARNING -    Degradación: 21.3
2025-10-20 14:13:32,853 - WARNING -    🔄 RESTAURANDO mejor solución...
2025-10-20 14:13:37,426 - INFO -   Iter 44000 | Tiempo:   45.4min (18.9%) | T =     1.75 | Fitness =    135.6 | Mejor =    147.1 | Aceptación =  78.3%
2025-10-20 14:13:37,426 - INFO - Progreso iter 44000: T=1.75, Fitness=135.6, Mejor=147.1, Tasa_acept=78.3%
2025-10-20 14:13:37,429 - DEBUG - Iter 44000: T=1.75, Fitness_actual=135.6, Mejor=147.1
2025-10-20 14:13:46,566 - WARNING - ⚠️  DEGRADACIÓN DETECTADA en iter 44100:
2025-10-20 14:13:46,566 - WARNING -    Mejor fitness: 147.1
2025-10-20 14:13:46,566 - WARNING -    Fitness promedio reciente: 125.0
2025-10-20 14:13:46,567 - WARNING -    Degradación: 22.2
2025-10-20 14:13:46,567 - WARNING -    🔄 RESTAURANDO mejor solución...
2025-10-20 14:13:46,571 - DEBUG - Iter 44100: T=1.74, Fitness_actual=147.1, Mejor=147.1
2025-10-20 14:13:55,728 - DEBUG - Iter 44200: T=1.74, Fitness_actual=128.8, Mejor=147.1
2025-10-20 14:14:00,320 - WARNING - ⚠️  DEGRADACIÓN DETECTADA en iter 44250:
2025-10-20 14:14:00,320 - WARNING -    Mejor fitness: 147.1
2025-10-20 14:14:00,320 - WARNING -    Fitness promedio reciente: 126.7
2025-10-20 14:14:00,321 - WARNING -    Degradación: 20.5
2025-10-20 14:14:00,321 - WARNING -    🔄 RESTAURANDO mejor solución...
2025-10-20 14:14:00,322 - INFO - 🌟 MEJORA #260 en iter 44250: Fitness=147.1 (+0.0), Puntos=16481
2025-10-20 14:14:00,322 - INFO -   ✨ Mejora #260 en iteración 44251: Fitness = 147.1 | Puntos = 16481 | T = 1.74
2025-10-20 14:14:04,941 - DEBUG - Iter 44300: T=1.74, Fitness_actual=144.8, Mejor=147.1
2025-10-20 14:14:14,210 - DEBUG - Iter 44400: T=1.73, Fitness_actual=134.1, Mejor=147.1
2025-10-20 14:14:23,456 - INFO -   Iter 44500 | Tiempo:   46.1min (19.2%) | T =     1.73 | Fitness =    130.0 | Mejor =    147.1 | Aceptación =  78.2%
2025-10-20 14:14:23,456 - INFO - Progreso iter 44500: T=1.73, Fitness=130.0, Mejor=147.1, Tasa_acept=78.2%
2025-10-20 14:14:23,459 - DEBUG - Iter 44500: T=1.73, Fitness_actual=130.0, Mejor=147.1
2025-10-20 14:14:28,151 - WARNING - ⚠️  DEGRADACIÓN DETECTADA en iter 44550:
2025-10-20 14:14:28,152 - WARNING -    Mejor fitness: 147.1
2025-10-20 14:14:28,152 - WARNING -    Fitness promedio reciente: 126.8
2025-10-20 14:14:28,152 - WARNING -    Degradación: 20.4
2025-10-20 14:14:28,152 - WARNING -    🔄 RESTAURANDO mejor solución...
2025-10-20 14:14:28,153 - INFO - 🌟 MEJORA #261 en iter 44550: Fitness=147.1 (+0.0), Puntos=16481
2025-10-20 14:14:32,807 - DEBUG - Iter 44600: T=1.73, Fitness_actual=135.6, Mejor=147.1
2025-10-20 14:14:42,127 - DEBUG - Iter 44700: T=1.72, Fitness_actual=133.4, Mejor=147.1
2025-10-20 14:14:51,426 - DEBUG - Iter 44800: T=1.72, Fitness_actual=126.5, Mejor=147.1
2025-10-20 14:14:56,086 - WARNING - ⚠️  DEGRADACIÓN DETECTADA en iter 44850:
2025-10-20 14:14:56,086 - WARNING -    Mejor fitness: 147.1
2025-10-20 14:14:56,086 - WARNING -    Fitness promedio reciente: 123.6
2025-10-20 14:14:56,086 - WARNING -    Degradación: 23.5
2025-10-20 14:14:56,087 - WARNING -    🔄 RESTAURANDO mejor solución...
2025-10-20 14:15:00,753 - DEBUG - Iter 44900: T=1.72, Fitness_actual=137.1, Mejor=147.1
2025-10-20 14:15:09,991 - INFO -   Iter 45000 | Tiempo:   46.9min (19.5%) | T =     1.71 | Fitness =    124.9 | Mejor =    147.1 | Aceptación =  78.2%
2025-10-20 14:15:09,991 - INFO - Progreso iter 45000: T=1.71, Fitness=124.9, Mejor=147.1, Tasa_acept=78.2%
2025-10-20 14:15:09,992 - WARNING - ⚠️  DEGRADACIÓN DETECTADA en iter 45000:
2025-10-20 14:15:09,992 - WARNING -    Mejor fitness: 147.1
2025-10-20 14:15:09,992 - WARNING -    Fitness promedio reciente: 126.6
2025-10-20 14:15:09,992 - WARNING -    Degradación: 20.6
2025-10-20 14:15:09,992 - WARNING -    🔄 RESTAURANDO mejor solución...
2025-10-20 14:15:09,997 - DEBUG - Iter 45000: T=1.71, Fitness_actual=147.1, Mejor=147.1
2025-10-20 14:15:10,090 - INFO - 🌟 MEJORA #262 en iter 45001: Fitness=147.1 (+0.0), Puntos=16481
2025-10-20 14:15:19,332 - DEBUG - Iter 45100: T=1.71, Fitness_actual=132.3, Mejor=147.1
2025-10-20 14:15:28,648 - DEBUG - Iter 45200: T=1.71, Fitness_actual=128.4, Mejor=147.1
2025-10-20 14:15:33,291 - WARNING - ⚠️  DEGRADACIÓN DETECTADA en iter 45250:
2025-10-20 14:15:33,291 - WARNING -    Mejor fitness: 147.1
2025-10-20 14:15:33,291 - WARNING -    Fitness promedio reciente: 124.6
2025-10-20 14:15:33,291 - WARNING -    Degradación: 22.5
2025-10-20 14:15:33,292 - WARNING -    🔄 RESTAURANDO mejor solución...
2025-10-20 14:15:38,130 - DEBUG - Iter 45300: T=1.70, Fitness_actual=146.6, Mejor=147.1
2025-10-20 14:15:47,566 - DEBUG - Iter 45400: T=1.70, Fitness_actual=135.7, Mejor=147.1
2025-10-20 14:15:56,950 - INFO -   Iter 45500 | Tiempo:   47.7min (19.9%) | T =     1.70 | Fitness =    123.3 | Mejor =    147.1 | Aceptación =  78.1%
2025-10-20 14:15:56,950 - INFO - Progreso iter 45500: T=1.70, Fitness=123.3, Mejor=147.1, Tasa_acept=78.1%
2025-10-20 14:15:56,950 - WARNING - ⚠️  DEGRADACIÓN DETECTADA en iter 45500:
2025-10-20 14:15:56,951 - WARNING -    Mejor fitness: 147.1
2025-10-20 14:15:56,951 - WARNING -    Fitness promedio reciente: 127.1
2025-10-20 14:15:56,951 - WARNING -    Degradación: 20.1
2025-10-20 14:15:56,951 - WARNING -    🔄 RESTAURANDO mejor solución...
2025-10-20 14:15:56,952 - DEBUG - Iter 45500: T=1.70, Fitness_actual=147.1, Mejor=147.1
2025-10-20 14:16:06,328 - DEBUG - Iter 45600: T=1.69, Fitness_actual=137.0, Mejor=147.1
2025-10-20 14:16:15,795 - DEBUG - Iter 45700: T=1.69, Fitness_actual=132.6, Mejor=147.1
2025-10-20 14:16:25,141 - DEBUG - Iter 45800: T=1.69, Fitness_actual=129.6, Mejor=147.1
2025-10-20 14:16:29,805 - WARNING - ⚠️  DEGRADACIÓN DETECTADA en iter 45850:
2025-10-20 14:16:29,805 - WARNING -    Mejor fitness: 147.1
2025-10-20 14:16:29,805 - WARNING -    Fitness promedio reciente: 126.7
2025-10-20 14:16:29,805 - WARNING -    Degradación: 20.4
2025-10-20 14:16:29,805 - WARNING -    🔄 RESTAURANDO mejor solución...
2025-10-20 14:16:34,518 - DEBUG - Iter 45900: T=1.69, Fitness_actual=145.0, Mejor=147.1
2025-10-20 14:16:43,892 - INFO -   Iter 46000 | Tiempo:   48.5min (20.2%) | T =     1.68 | Fitness =    136.2 | Mejor =    147.1 | Aceptación =  78.0%
2025-10-20 14:16:43,892 - INFO - Progreso iter 46000: T=1.68, Fitness=136.2, Mejor=147.1, Tasa_acept=78.0%
2025-10-20 14:16:43,893 - DEBUG - Iter 46000: T=1.68, Fitness_actual=136.2, Mejor=147.1
2025-10-20 14:16:53,301 - DEBUG - Iter 46100: T=1.68, Fitness_actual=129.6, Mejor=147.1
2025-10-20 14:17:02,688 - DEBUG - Iter 46200: T=1.68, Fitness_actual=129.2, Mejor=147.1
2025-10-20 14:17:12,116 - WARNING - ⚠️  DEGRADACIÓN DETECTADA en iter 46300:
2025-10-20 14:17:12,116 - WARNING -    Mejor fitness: 147.1
2025-10-20 14:17:12,117 - WARNING -    Fitness promedio reciente: 126.8
2025-10-20 14:17:12,117 - WARNING -    Degradación: 20.3
2025-10-20 14:17:12,117 - WARNING -    🔄 RESTAURANDO mejor solución...
2025-10-20 14:17:12,118 - DEBUG - Iter 46300: T=1.67, Fitness_actual=147.1, Mejor=147.1
2025-10-20 14:17:12,118 - INFO - 🌟 MEJORA #263 en iter 46300: Fitness=147.1 (+0.0), Puntos=16481
2025-10-20 14:17:21,613 - DEBUG - Iter 46400: T=1.67, Fitness_actual=133.2, Mejor=147.1
2025-10-20 14:17:31,119 - INFO -   Iter 46500 | Tiempo:   49.3min (20.5%) | T =     1.67 | Fitness =    127.2 | Mejor =    147.1 | Aceptación =  77.9%
2025-10-20 14:17:31,119 - INFO - Progreso iter 46500: T=1.67, Fitness=127.2, Mejor=147.1, Tasa_acept=77.9%
2025-10-20 14:17:31,120 - WARNING - ⚠️  DEGRADACIÓN DETECTADA en iter 46500:
2025-10-20 14:17:31,120 - WARNING -    Mejor fitness: 147.1
2025-10-20 14:17:31,120 - WARNING -    Fitness promedio reciente: 126.3
2025-10-20 14:17:31,120 - WARNING -    Degradación: 20.9
2025-10-20 14:17:31,120 - WARNING -    🔄 RESTAURANDO mejor solución...
2025-10-20 14:17:31,125 - DEBUG - Iter 46500: T=1.67, Fitness_actual=147.1, Mejor=147.1
2025-10-20 14:17:31,220 - INFO - 🌟 MEJORA #264 en iter 46501: Fitness=147.1 (+0.0), Puntos=16481
2025-10-20 14:17:33,256 - INFO - 🌟 MEJORA #265 en iter 46522: Fitness=147.1 (+0.0), Puntos=16481
2025-10-20 14:17:33,256 - INFO -   ✨ Mejora #265 en iteración 46523: Fitness = 147.1 | Puntos = 16481 | T = 1.67
2025-10-20 14:17:40,717 - DEBUG - Iter 46600: T=1.66, Fitness_actual=136.5, Mejor=147.1
2025-10-20 14:17:50,160 - DEBUG - Iter 46700: T=1.66, Fitness_actual=133.0, Mejor=147.1
2025-10-20 14:17:59,715 - DEBUG - Iter 46800: T=1.66, Fitness_actual=128.9, Mejor=147.1
2025-10-20 14:18:04,526 - WARNING - ⚠️  DEGRADACIÓN DETECTADA en iter 46850:
2025-10-20 14:18:04,527 - WARNING -    Mejor fitness: 147.1
2025-10-20 14:18:04,527 - WARNING -    Fitness promedio reciente: 127.0
2025-10-20 14:18:04,527 - WARNING -    Degradación: 20.1
2025-10-20 14:18:04,527 - WARNING -    🔄 RESTAURANDO mejor solución...
2025-10-20 14:18:09,302 - DEBUG - Iter 46900: T=1.65, Fitness_actual=140.0, Mejor=147.1
2025-10-20 14:18:18,809 - INFO -   Iter 47000 | Tiempo:   50.0min (20.9%) | T =     1.65 | Fitness =    134.3 | Mejor =    147.1 | Aceptación =  77.8%
2025-10-20 14:18:18,810 - INFO - Progreso iter 47000: T=1.65, Fitness=134.3, Mejor=147.1, Tasa_acept=77.8%
2025-10-20 14:18:18,813 - DEBUG - Iter 47000: T=1.65, Fitness_actual=134.3, Mejor=147.1
2025-10-20 14:18:28,360 - DEBUG - Iter 47100: T=1.65, Fitness_actual=129.3, Mejor=147.1
2025-10-20 14:18:37,915 - DEBUG - Iter 47200: T=1.65, Fitness_actual=126.0, Mejor=147.1
2025-10-20 14:18:42,730 - WARNING - ⚠️  DEGRADACIÓN DETECTADA en iter 47250:
2025-10-20 14:18:42,730 - WARNING -    Mejor fitness: 147.1
2025-10-20 14:18:42,730 - WARNING -    Fitness promedio reciente: 126.2
2025-10-20 14:18:42,730 - WARNING -    Degradación: 20.9
2025-10-20 14:18:42,730 - WARNING -    🔄 RESTAURANDO mejor solución...
2025-10-20 14:18:47,516 - DEBUG - Iter 47300: T=1.64, Fitness_actual=137.0, Mejor=147.1
2025-10-20 14:18:57,063 - DEBUG - Iter 47400: T=1.64, Fitness_actual=128.7, Mejor=147.1
2025-10-20 14:19:01,860 - WARNING - ⚠️  DEGRADACIÓN DETECTADA en iter 47450:
2025-10-20 14:19:01,860 - WARNING -    Mejor fitness: 147.1
2025-10-20 14:19:01,860 - WARNING -    Fitness promedio reciente: 126.9
2025-10-20 14:19:01,860 - WARNING -    Degradación: 20.2
2025-10-20 14:19:01,860 - WARNING -    🔄 RESTAURANDO mejor solución...
2025-10-20 14:19:06,629 - INFO -   Iter 47500 | Tiempo:   50.8min (21.2%) | T =     1.64 | Fitness =    140.2 | Mejor =    147.1 | Aceptación =  77.7%
2025-10-20 14:19:06,629 - INFO - Progreso iter 47500: T=1.64, Fitness=140.2, Mejor=147.1, Tasa_acept=77.7%
2025-10-20 14:19:06,630 - DEBUG - Iter 47500: T=1.64, Fitness_actual=140.2, Mejor=147.1
2025-10-20 14:19:16,212 - DEBUG - Iter 47600: T=1.63, Fitness_actual=132.5, Mejor=147.1
2025-10-20 14:19:25,881 - DEBUG - Iter 47700: T=1.63, Fitness_actual=134.1, Mejor=147.1
2025-10-20 14:19:35,610 - DEBUG - Iter 47800: T=1.63, Fitness_actual=129.4, Mejor=147.1
2025-10-20 14:19:45,408 - WARNING - ⚠️  DEGRADACIÓN DETECTADA en iter 47900:
2025-10-20 14:19:45,408 - WARNING -    Mejor fitness: 147.1
2025-10-20 14:19:45,409 - WARNING -    Fitness promedio reciente: 125.7
2025-10-20 14:19:45,409 - WARNING -    Degradación: 21.4
2025-10-20 14:19:45,409 - WARNING -    🔄 RESTAURANDO mejor solución...
2025-10-20 14:19:45,410 - DEBUG - Iter 47900: T=1.62, Fitness_actual=147.1, Mejor=147.1
2025-10-20 14:19:55,143 - INFO -   Iter 48000 | Tiempo:   51.7min (21.5%) | T =     1.62 | Fitness =    136.3 | Mejor =    147.1 | Aceptación =  77.6%
2025-10-20 14:19:55,144 - INFO - Progreso iter 48000: T=1.62, Fitness=136.3, Mejor=147.1, Tasa_acept=77.6%
2025-10-20 14:19:55,145 - DEBUG - Iter 48000: T=1.62, Fitness_actual=136.3, Mejor=147.1
2025-10-20 14:20:04,866 - DEBUG - Iter 48100: T=1.62, Fitness_actual=131.7, Mejor=147.1
2025-10-20 14:20:14,591 - DEBUG - Iter 48200: T=1.61, Fitness_actual=126.9, Mejor=147.1
2025-10-20 14:20:19,488 - WARNING - ⚠️  DEGRADACIÓN DETECTADA en iter 48250:
2025-10-20 14:20:19,488 - WARNING -    Mejor fitness: 147.1
2025-10-20 14:20:19,488 - WARNING -    Fitness promedio reciente: 122.9
2025-10-20 14:20:19,488 - WARNING -    Degradación: 24.2
2025-10-20 14:20:19,488 - WARNING -    🔄 RESTAURANDO mejor solución...
2025-10-20 14:20:19,490 - INFO - 🌟 MEJORA #266 en iter 48250: Fitness=147.1 (+0.0), Puntos=16481
2025-10-20 14:20:19,687 - INFO - 🌟 MEJORA #267 en iter 48252: Fitness=147.3 (+0.1), Puntos=16492
2025-10-20 14:20:24,359 - DEBUG - Iter 48300: T=1.61, Fitness_actual=136.0, Mejor=147.3
2025-10-20 14:20:34,171 - DEBUG - Iter 48400: T=1.61, Fitness_actual=132.2, Mejor=147.3
2025-10-20 14:20:44,008 - INFO -   Iter 48500 | Tiempo:   52.5min (21.9%) | T =     1.61 | Fitness =    125.9 | Mejor =    147.3 | Aceptación =  77.5%
2025-10-20 14:20:44,008 - INFO - Progreso iter 48500: T=1.61, Fitness=125.9, Mejor=147.3, Tasa_acept=77.5%
2025-10-20 14:20:44,009 - DEBUG - Iter 48500: T=1.61, Fitness_actual=125.9, Mejor=147.3
2025-10-20 14:20:48,879 - WARNING - ⚠️  DEGRADACIÓN DETECTADA en iter 48550:
2025-10-20 14:20:48,879 - WARNING -    Mejor fitness: 147.3
2025-10-20 14:20:48,879 - WARNING -    Fitness promedio reciente: 124.1
2025-10-20 14:20:48,879 - WARNING -    Degradación: 23.2
2025-10-20 14:20:48,879 - WARNING -    🔄 RESTAURANDO mejor solución...
2025-10-20 14:20:53,804 - DEBUG - Iter 48600: T=1.60, Fitness_actual=141.1, Mejor=147.3
2025-10-20 14:21:03,585 - DEBUG - Iter 48700: T=1.60, Fitness_actual=130.0, Mejor=147.3
2025-10-20 14:21:13,491 - DEBUG - Iter 48800: T=1.60, Fitness_actual=129.0, Mejor=147.3
2025-10-20 14:21:23,262 - DEBUG - Iter 48900: T=1.59, Fitness_actual=128.2, Mejor=147.3
2025-10-20 14:21:28,139 - WARNING - ⚠️  DEGRADACIÓN DETECTADA en iter 48950:
2025-10-20 14:21:28,139 - WARNING -    Mejor fitness: 147.3
2025-10-20 14:21:28,139 - WARNING -    Fitness promedio reciente: 125.0
2025-10-20 14:21:28,139 - WARNING -    Degradación: 22.3
2025-10-20 14:21:28,140 - WARNING -    🔄 RESTAURANDO mejor solución...
2025-10-20 14:21:33,053 - INFO -   Iter 49000 | Tiempo:   53.3min (22.2%) | T =     1.59 | Fitness =    139.3 | Mejor =    147.3 | Aceptación =  77.5%
2025-10-20 14:21:33,054 - INFO - Progreso iter 49000: T=1.59, Fitness=139.3, Mejor=147.3, Tasa_acept=77.5%
2025-10-20 14:21:33,055 - DEBUG - Iter 49000: T=1.59, Fitness_actual=139.3, Mejor=147.3
2025-10-20 14:21:42,891 - DEBUG - Iter 49100: T=1.59, Fitness_actual=134.1, Mejor=147.3
2025-10-20 14:21:52,713 - DEBUG - Iter 49200: T=1.58, Fitness_actual=126.6, Mejor=147.3
2025-10-20 14:21:57,625 - WARNING - ⚠️  DEGRADACIÓN DETECTADA en iter 49250:
2025-10-20 14:21:57,625 - WARNING -    Mejor fitness: 147.3
2025-10-20 14:21:57,626 - WARNING -    Fitness promedio reciente: 124.9
2025-10-20 14:21:57,626 - WARNING -    Degradación: 22.3
2025-10-20 14:21:57,626 - WARNING -    🔄 RESTAURANDO mejor solución...
2025-10-20 14:22:02,592 - DEBUG - Iter 49300: T=1.58, Fitness_actual=143.8, Mejor=147.3
2025-10-20 14:22:12,537 - DEBUG - Iter 49400: T=1.58, Fitness_actual=129.7, Mejor=147.3
2025-10-20 14:22:22,353 - INFO -   Iter 49500 | Tiempo:   54.1min (22.5%) | T =     1.57 | Fitness =    128.7 | Mejor =    147.3 | Aceptación =  77.4%
2025-10-20 14:22:22,353 - INFO - Progreso iter 49500: T=1.57, Fitness=128.7, Mejor=147.3, Tasa_acept=77.4%
2025-10-20 14:22:22,356 - DEBUG - Iter 49500: T=1.57, Fitness_actual=128.7, Mejor=147.3
2025-10-20 14:22:27,260 - WARNING - ⚠️  DEGRADACIÓN DETECTADA en iter 49550:
2025-10-20 14:22:27,260 - WARNING -    Mejor fitness: 147.3
2025-10-20 14:22:27,260 - WARNING -    Fitness promedio reciente: 126.0
2025-10-20 14:22:27,260 - WARNING -    Degradación: 21.3
2025-10-20 14:22:27,260 - WARNING -    🔄 RESTAURANDO mejor solución...
2025-10-20 14:22:32,204 - DEBUG - Iter 49600: T=1.57, Fitness_actual=140.3, Mejor=147.3
2025-10-20 14:22:42,188 - WARNING - ⚠️  DEGRADACIÓN DETECTADA en iter 49700:
2025-10-20 14:22:42,188 - WARNING -    Mejor fitness: 147.3
2025-10-20 14:22:42,189 - WARNING -    Fitness promedio reciente: 125.5
2025-10-20 14:22:42,189 - WARNING -    Degradación: 21.7
2025-10-20 14:22:42,189 - WARNING -    🔄 RESTAURANDO mejor solución...
2025-10-20 14:22:42,190 - DEBUG - Iter 49700: T=1.57, Fitness_actual=147.3, Mejor=147.3
2025-10-20 14:22:52,084 - DEBUG - Iter 49800: T=1.57, Fitness_actual=132.4, Mejor=147.3
2025-10-20 14:23:02,014 - DEBUG - Iter 49900: T=1.56, Fitness_actual=128.2, Mejor=147.3
2025-10-20 14:23:07,017 - WARNING - ⚠️  DEGRADACIÓN DETECTADA en iter 49950:
2025-10-20 14:23:07,017 - WARNING -    Mejor fitness: 147.3
2025-10-20 14:23:07,018 - WARNING -    Fitness promedio reciente: 124.8
2025-10-20 14:23:07,018 - WARNING -    Degradación: 22.5
2025-10-20 14:23:07,018 - WARNING -    🔄 RESTAURANDO mejor solución...
2025-10-20 14:23:11,990 - INFO -   Iter 50000 | Tiempo:   54.9min (22.9%) | T =     1.56 | Fitness =    140.9 | Mejor =    147.3 | Aceptación =  77.3%
2025-10-20 14:23:11,990 - INFO - Progreso iter 50000: T=1.56, Fitness=140.9, Mejor=147.3, Tasa_acept=77.3%
2025-10-20 14:23:11,991 - DEBUG - Iter 50000: T=1.56, Fitness_actual=140.9, Mejor=147.3
2025-10-20 14:23:21,935 - DEBUG - Iter 50100: T=1.56, Fitness_actual=136.3, Mejor=147.3
2025-10-20 14:23:31,970 - DEBUG - Iter 50200: T=1.55, Fitness_actual=126.8, Mejor=147.3
2025-10-20 14:23:36,999 - WARNING - ⚠️  DEGRADACIÓN DETECTADA en iter 50250:
2025-10-20 14:23:36,999 - WARNING -    Mejor fitness: 147.3
2025-10-20 14:23:36,999 - WARNING -    Fitness promedio reciente: 126.2
2025-10-20 14:23:37,000 - WARNING -    Degradación: 21.1
2025-10-20 14:23:37,000 - WARNING -    🔄 RESTAURANDO mejor solución...
2025-10-20 14:23:42,058 - DEBUG - Iter 50300: T=1.55, Fitness_actual=139.5, Mejor=147.3
2025-10-20 14:23:52,006 - DEBUG - Iter 50400: T=1.55, Fitness_actual=137.5, Mejor=147.3
2025-10-20 14:24:02,008 - INFO -   Iter 50500 | Tiempo:   55.8min (23.2%) | T =     1.54 | Fitness =    131.0 | Mejor =    147.3 | Aceptación =  77.2%
2025-10-20 14:24:02,008 - INFO - Progreso iter 50500: T=1.54, Fitness=131.0, Mejor=147.3, Tasa_acept=77.2%
2025-10-20 14:24:02,010 - DEBUG - Iter 50500: T=1.54, Fitness_actual=131.0, Mejor=147.3
2025-10-20 14:24:12,002 - WARNING - ⚠️  DEGRADACIÓN DETECTADA en iter 50600:
2025-10-20 14:24:12,002 - WARNING -    Mejor fitness: 147.3
2025-10-20 14:24:12,002 - WARNING -    Fitness promedio reciente: 126.6
2025-10-20 14:24:12,002 - WARNING -    Degradación: 20.7
2025-10-20 14:24:12,003 - WARNING -    🔄 RESTAURANDO mejor solución...
2025-10-20 14:24:12,004 - DEBUG - Iter 50600: T=1.54, Fitness_actual=147.3, Mejor=147.3
2025-10-20 14:24:22,110 - DEBUG - Iter 50700: T=1.54, Fitness_actual=140.4, Mejor=147.3
2025-10-20 14:24:32,160 - DEBUG - Iter 50800: T=1.54, Fitness_actual=136.0, Mejor=147.3
2025-10-20 14:24:42,225 - DEBUG - Iter 50900: T=1.53, Fitness_actual=132.9, Mejor=147.3
2025-10-20 14:24:52,279 - INFO -   Iter 51000 | Tiempo:   56.6min (23.6%) | T =     1.53 | Fitness =    122.5 | Mejor =    147.3 | Aceptación =  77.1%
2025-10-20 14:24:52,279 - INFO - Progreso iter 51000: T=1.53, Fitness=122.5, Mejor=147.3, Tasa_acept=77.1%
2025-10-20 14:24:52,279 - WARNING - ⚠️  DEGRADACIÓN DETECTADA en iter 51000:
2025-10-20 14:24:52,280 - WARNING -    Mejor fitness: 147.3
2025-10-20 14:24:52,280 - WARNING -    Fitness promedio reciente: 125.2
2025-10-20 14:24:52,280 - WARNING -    Degradación: 22.1
2025-10-20 14:24:52,280 - WARNING -    🔄 RESTAURANDO mejor solución...
2025-10-20 14:24:52,285 - DEBUG - Iter 51000: T=1.53, Fitness_actual=147.3, Mejor=147.3
2025-10-20 14:25:02,375 - DEBUG - Iter 51100: T=1.53, Fitness_actual=130.8, Mejor=147.3
2025-10-20 14:25:12,430 - DEBUG - Iter 51200: T=1.52, Fitness_actual=132.8, Mejor=147.3
2025-10-20 14:25:22,433 - DEBUG - Iter 51300: T=1.52, Fitness_actual=123.2, Mejor=147.3
2025-10-20 14:25:27,466 - WARNING - ⚠️  DEGRADACIÓN DETECTADA en iter 51350:
2025-10-20 14:25:27,466 - WARNING -    Mejor fitness: 147.3
2025-10-20 14:25:27,467 - WARNING -    Fitness promedio reciente: 119.8
2025-10-20 14:25:27,467 - WARNING -    Degradación: 27.4
2025-10-20 14:25:27,467 - WARNING -    🔄 RESTAURANDO mejor solución...
2025-10-20 14:25:32,478 - DEBUG - Iter 51400: T=1.52, Fitness_actual=141.7, Mejor=147.3
2025-10-20 14:25:42,640 - INFO -   Iter 51500 | Tiempo:   57.4min (23.9%) | T =     1.51 | Fitness =    135.7 | Mejor =    147.3 | Aceptación =  77.0%
2025-10-20 14:25:42,640 - INFO - Progreso iter 51500: T=1.51, Fitness=135.7, Mejor=147.3, Tasa_acept=77.0%
2025-10-20 14:25:42,643 - DEBUG - Iter 51500: T=1.51, Fitness_actual=135.7, Mejor=147.3
2025-10-20 14:25:52,782 - DEBUG - Iter 51600: T=1.51, Fitness_actual=125.2, Mejor=147.3
2025-10-20 14:25:57,817 - WARNING - ⚠️  DEGRADACIÓN DETECTADA en iter 51650:
2025-10-20 14:25:57,817 - WARNING -    Mejor fitness: 147.3
2025-10-20 14:25:57,817 - WARNING -    Fitness promedio reciente: 123.5
2025-10-20 14:25:57,817 - WARNING -    Degradación: 23.7
2025-10-20 14:25:57,818 - WARNING -    🔄 RESTAURANDO mejor solución...
2025-10-20 14:26:02,901 - DEBUG - Iter 51700: T=1.51, Fitness_actual=143.8, Mejor=147.3
2025-10-20 14:26:13,160 - DEBUG - Iter 51800: T=1.51, Fitness_actual=131.3, Mejor=147.3
2025-10-20 14:26:23,276 - WARNING - ⚠️  DEGRADACIÓN DETECTADA en iter 51900:
2025-10-20 14:26:23,276 - WARNING -    Mejor fitness: 147.3
2025-10-20 14:26:23,276 - WARNING -    Fitness promedio reciente: 126.9
2025-10-20 14:26:23,276 - WARNING -    Degradación: 20.4
2025-10-20 14:26:23,277 - WARNING -    🔄 RESTAURANDO mejor solución...
2025-10-20 14:26:23,278 - DEBUG - Iter 51900: T=1.50, Fitness_actual=147.3, Mejor=147.3
2025-10-20 14:26:33,453 - INFO -   Iter 52000 | Tiempo:   58.3min (24.3%) | T =     1.50 | Fitness =    135.0 | Mejor =    147.3 | Aceptación =  76.9%
2025-10-20 14:26:33,454 - INFO - Progreso iter 52000: T=1.50, Fitness=135.0, Mejor=147.3, Tasa_acept=76.9%
2025-10-20 14:26:33,456 - DEBUG - Iter 52000: T=1.50, Fitness_actual=135.0, Mejor=147.3
2025-10-20 14:26:43,712 - DEBUG - Iter 52100: T=1.50, Fitness_actual=124.5, Mejor=147.3
2025-10-20 14:26:54,034 - WARNING - ⚠️  DEGRADACIÓN DETECTADA en iter 52200:
2025-10-20 14:26:54,035 - WARNING -    Mejor fitness: 147.3
2025-10-20 14:26:54,035 - WARNING -    Fitness promedio reciente: 126.9
2025-10-20 14:26:54,035 - WARNING -    Degradación: 20.3
2025-10-20 14:26:54,035 - WARNING -    🔄 RESTAURANDO mejor solución...
2025-10-20 14:26:54,039 - DEBUG - Iter 52200: T=1.49, Fitness_actual=147.3, Mejor=147.3
2025-10-20 14:26:54,351 - INFO - 🌟 MEJORA #268 en iter 52203: Fitness=147.3 (+0.0), Puntos=16492
2025-10-20 14:27:04,402 - DEBUG - Iter 52300: T=1.49, Fitness_actual=139.0, Mejor=147.3
2025-10-20 14:27:14,680 - DEBUG - Iter 52400: T=1.49, Fitness_actual=131.5, Mejor=147.3
2025-10-20 14:27:24,962 - INFO -   Iter 52500 | Tiempo:   59.2min (24.6%) | T =     1.48 | Fitness =    128.4 | Mejor =    147.3 | Aceptación =  76.9%
2025-10-20 14:27:24,962 - INFO - Progreso iter 52500: T=1.48, Fitness=128.4, Mejor=147.3, Tasa_acept=76.9%
2025-10-20 14:27:24,964 - DEBUG - Iter 52500: T=1.48, Fitness_actual=128.4, Mejor=147.3
2025-10-20 14:27:30,130 - WARNING - ⚠️  DEGRADACIÓN DETECTADA en iter 52550:
2025-10-20 14:27:30,130 - WARNING -    Mejor fitness: 147.3
2025-10-20 14:27:30,130 - WARNING -    Fitness promedio reciente: 125.3
2025-10-20 14:27:30,131 - WARNING -    Degradación: 21.9
2025-10-20 14:27:30,131 - WARNING -    🔄 RESTAURANDO mejor solución...
2025-10-20 14:27:30,340 - INFO - 🌟 MEJORA #269 en iter 52552: Fitness=147.3 (+0.0), Puntos=16492
2025-10-20 14:27:35,302 - DEBUG - Iter 52600: T=1.48, Fitness_actual=139.2, Mejor=147.3
2025-10-20 14:27:45,637 - DEBUG - Iter 52700: T=1.48, Fitness_actual=132.8, Mejor=147.3
2025-10-20 14:27:55,935 - WARNING - ⚠️  DEGRADACIÓN DETECTADA en iter 52800:
2025-10-20 14:27:55,935 - WARNING -    Mejor fitness: 147.3
2025-10-20 14:27:55,935 - WARNING -    Fitness promedio reciente: 126.0
2025-10-20 14:27:55,936 - WARNING -    Degradación: 21.3
2025-10-20 14:27:55,936 - WARNING -    🔄 RESTAURANDO mejor solución...
2025-10-20 14:27:55,940 - DEBUG - Iter 52800: T=1.48, Fitness_actual=147.3, Mejor=147.3
2025-10-20 14:28:06,300 - DEBUG - Iter 52900: T=1.47, Fitness_actual=125.7, Mejor=147.3
2025-10-20 14:28:11,489 - WARNING - ⚠️  DEGRADACIÓN DETECTADA en iter 52950:
2025-10-20 14:28:11,490 - WARNING -    Mejor fitness: 147.3
2025-10-20 14:28:11,490 - WARNING -    Fitness promedio reciente: 122.9
2025-10-20 14:28:11,490 - WARNING -    Degradación: 24.3
2025-10-20 14:28:11,490 - WARNING -    🔄 RESTAURANDO mejor solución...
2025-10-20 14:28:16,688 - INFO -   Iter 53000 | Tiempo:   60.0min (25.0%) | T =     1.47 | Fitness =    143.5 | Mejor =    147.3 | Aceptación =  76.8%
2025-10-20 14:28:16,688 - INFO - Progreso iter 53000: T=1.47, Fitness=143.5, Mejor=147.3, Tasa_acept=76.8%
2025-10-20 14:28:16,691 - DEBUG - Iter 53000: T=1.47, Fitness_actual=143.5, Mejor=147.3
2025-10-20 14:28:27,065 - DEBUG - Iter 53100: T=1.47, Fitness_actual=133.8, Mejor=147.3
2025-10-20 14:28:37,545 - DEBUG - Iter 53200: T=1.46, Fitness_actual=129.5, Mejor=147.3
2025-10-20 14:28:42,820 - WARNING - ⚠️  DEGRADACIÓN DETECTADA en iter 53250:
2025-10-20 14:28:42,820 - WARNING -    Mejor fitness: 147.3
2025-10-20 14:28:42,820 - WARNING -    Fitness promedio reciente: 125.7
2025-10-20 14:28:42,820 - WARNING -    Degradación: 21.6
2025-10-20 14:28:42,820 - WARNING -    🔄 RESTAURANDO mejor solución...
2025-10-20 14:28:48,040 - DEBUG - Iter 53300: T=1.46, Fitness_actual=137.8, Mejor=147.3
2025-10-20 14:28:58,537 - DEBUG - Iter 53400: T=1.46, Fitness_actual=134.1, Mejor=147.3
2025-10-20 14:29:09,006 - INFO -   Iter 53500 | Tiempo:   60.9min (25.4%) | T =     1.45 | Fitness =    127.5 | Mejor =    147.3 | Aceptación =  76.7%
2025-10-20 14:29:09,007 - INFO - Progreso iter 53500: T=1.45, Fitness=127.5, Mejor=147.3, Tasa_acept=76.7%
2025-10-20 14:29:09,009 - DEBUG - Iter 53500: T=1.45, Fitness_actual=127.5, Mejor=147.3
2025-10-20 14:29:14,216 - WARNING - ⚠️  DEGRADACIÓN DETECTADA en iter 53550:
2025-10-20 14:29:14,216 - WARNING -    Mejor fitness: 147.3
2025-10-20 14:29:14,217 - WARNING -    Fitness promedio reciente: 122.6
2025-10-20 14:29:14,217 - WARNING -    Degradación: 24.6
2025-10-20 14:29:14,217 - WARNING -    🔄 RESTAURANDO mejor solución...
2025-10-20 14:29:19,414 - DEBUG - Iter 53600: T=1.45, Fitness_actual=143.0, Mejor=147.3
2025-10-20 14:29:29,839 - DEBUG - Iter 53700: T=1.45, Fitness_actual=136.5, Mejor=147.3
2025-10-20 14:29:40,303 - DEBUG - Iter 53800: T=1.45, Fitness_actual=135.3, Mejor=147.3
2025-10-20 14:29:50,754 - DEBUG - Iter 53900: T=1.44, Fitness_actual=134.0, Mejor=147.3
2025-10-20 14:30:01,162 - INFO -   Iter 54000 | Tiempo:   61.8min (25.7%) | T =     1.44 | Fitness =    129.9 | Mejor =    147.3 | Aceptación =  76.7%
2025-10-20 14:30:01,162 - INFO - Progreso iter 54000: T=1.44, Fitness=129.9, Mejor=147.3, Tasa_acept=76.7%
2025-10-20 14:30:01,164 - DEBUG - Iter 54000: T=1.44, Fitness_actual=129.9, Mejor=147.3
2025-10-20 14:30:06,378 - WARNING - ⚠️  DEGRADACIÓN DETECTADA en iter 54050:
2025-10-20 14:30:06,378 - WARNING -    Mejor fitness: 147.3
2025-10-20 14:30:06,379 - WARNING -    Fitness promedio reciente: 125.7
2025-10-20 14:30:06,379 - WARNING -    Degradación: 21.5
2025-10-20 14:30:06,379 - WARNING -    🔄 RESTAURANDO mejor solución...
2025-10-20 14:30:06,807 - INFO - 🌟 MEJORA #270 en iter 54054: Fitness=147.3 (+0.0), Puntos=16492
2025-10-20 14:30:06,807 - INFO -   ✨ Mejora #270 en iteración 54055: Fitness = 147.3 | Puntos = 16492 | T = 1.44
2025-10-20 14:30:11,667 - DEBUG - Iter 54100: T=1.44, Fitness_actual=144.7, Mejor=147.3
2025-10-20 14:30:22,151 - DEBUG - Iter 54200: T=1.43, Fitness_actual=131.8, Mejor=147.3
2025-10-20 14:30:32,684 - WARNING - ⚠️  DEGRADACIÓN DETECTADA en iter 54300:
2025-10-20 14:30:32,684 - WARNING -    Mejor fitness: 147.3
2025-10-20 14:30:32,684 - WARNING -    Fitness promedio reciente: 125.9
2025-10-20 14:30:32,684 - WARNING -    Degradación: 21.4
2025-10-20 14:30:32,684 - WARNING -    🔄 RESTAURANDO mejor solución...
2025-10-20 14:30:32,689 - DEBUG - Iter 54300: T=1.43, Fitness_actual=147.3, Mejor=147.3
2025-10-20 14:30:32,795 - INFO - 🌟 MEJORA #271 en iter 54301: Fitness=147.3 (+0.0), Puntos=16492
2025-10-20 14:30:43,261 - DEBUG - Iter 54400: T=1.43, Fitness_actual=133.3, Mejor=147.3
2025-10-20 14:30:53,816 - INFO -   Iter 54500 | Tiempo:   62.6min (26.1%) | T =     1.43 | Fitness =    129.1 | Mejor =    147.3 | Aceptación =  76.6%
2025-10-20 14:30:53,816 - INFO - Progreso iter 54500: T=1.43, Fitness=129.1, Mejor=147.3, Tasa_acept=76.6%
2025-10-20 14:30:53,818 - DEBUG - Iter 54500: T=1.43, Fitness_actual=129.1, Mejor=147.3
2025-10-20 14:30:59,098 - WARNING - ⚠️  DEGRADACIÓN DETECTADA en iter 54550:
2025-10-20 14:30:59,098 - WARNING -    Mejor fitness: 147.3
2025-10-20 14:30:59,098 - WARNING -    Fitness promedio reciente: 122.9
2025-10-20 14:30:59,099 - WARNING -    Degradación: 24.3
2025-10-20 14:30:59,099 - WARNING -    🔄 RESTAURANDO mejor solución...
2025-10-20 14:31:04,400 - DEBUG - Iter 54600: T=1.42, Fitness_actual=144.3, Mejor=147.3
2025-10-20 14:31:15,054 - DEBUG - Iter 54700: T=1.42, Fitness_actual=130.7, Mejor=147.3
2025-10-20 14:31:25,602 - DEBUG - Iter 54800: T=1.42, Fitness_actual=127.5, Mejor=147.3
2025-10-20 14:31:30,865 - WARNING - ⚠️  DEGRADACIÓN DETECTADA en iter 54850:
2025-10-20 14:31:30,865 - WARNING -    Mejor fitness: 147.3
2025-10-20 14:31:30,865 - WARNING -    Fitness promedio reciente: 125.3
2025-10-20 14:31:30,865 - WARNING -    Degradación: 22.0
2025-10-20 14:31:30,866 - WARNING -    🔄 RESTAURANDO mejor solución...
2025-10-20 14:31:36,119 - DEBUG - Iter 54900: T=1.41, Fitness_actual=139.1, Mejor=147.3
2025-10-20 14:31:46,678 - INFO -   Iter 55000 | Tiempo:   63.5min (26.5%) | T =     1.41 | Fitness =    135.0 | Mejor =    147.3 | Aceptación =  76.6%
2025-10-20 14:31:46,678 - INFO - Progreso iter 55000: T=1.41, Fitness=135.0, Mejor=147.3, Tasa_acept=76.6%
2025-10-20 14:31:46,680 - DEBUG - Iter 55000: T=1.41, Fitness_actual=135.0, Mejor=147.3
2025-10-20 14:31:57,263 - DEBUG - Iter 55100: T=1.41, Fitness_actual=131.3, Mejor=147.3
2025-10-20 14:32:07,856 - DEBUG - Iter 55200: T=1.41, Fitness_actual=131.4, Mejor=147.3
2025-10-20 14:32:18,446 - WARNING - ⚠️  DEGRADACIÓN DETECTADA en iter 55300:
2025-10-20 14:32:18,447 - WARNING -    Mejor fitness: 147.3
2025-10-20 14:32:18,447 - WARNING -    Fitness promedio reciente: 124.6
2025-10-20 14:32:18,447 - WARNING -    Degradación: 22.7
2025-10-20 14:32:18,447 - WARNING -    🔄 RESTAURANDO mejor solución...
2025-10-20 14:32:18,452 - DEBUG - Iter 55300: T=1.40, Fitness_actual=147.3, Mejor=147.3
2025-10-20 14:32:20,271 - INFO - 🌟 MEJORA #272 en iter 55317: Fitness=147.3 (+0.0), Puntos=16496
2025-10-20 14:32:29,092 - DEBUG - Iter 55400: T=1.40, Fitness_actual=144.1, Mejor=147.3
2025-10-20 14:32:39,792 - INFO -   Iter 55500 | Tiempo:   64.4min (26.8%) | T =     1.40 | Fitness =    135.4 | Mejor =    147.3 | Aceptación =  76.5%
2025-10-20 14:32:39,792 - INFO - Progreso iter 55500: T=1.40, Fitness=135.4, Mejor=147.3, Tasa_acept=76.5%
2025-10-20 14:32:39,795 - DEBUG - Iter 55500: T=1.40, Fitness_actual=135.4, Mejor=147.3
2025-10-20 14:32:50,479 - DEBUG - Iter 55600: T=1.39, Fitness_actual=133.7, Mejor=147.3
2025-10-20 14:33:01,144 - DEBUG - Iter 55700: T=1.39, Fitness_actual=125.9, Mejor=147.3
2025-10-20 14:33:06,439 - WARNING - ⚠️  DEGRADACIÓN DETECTADA en iter 55750:
2025-10-20 14:33:06,439 - WARNING -    Mejor fitness: 147.3
2025-10-20 14:33:06,439 - WARNING -    Fitness promedio reciente: 124.3
2025-10-20 14:33:06,439 - WARNING -    Degradación: 23.0
2025-10-20 14:33:06,439 - WARNING -    🔄 RESTAURANDO mejor solución...
2025-10-20 14:33:11,788 - DEBUG - Iter 55800: T=1.39, Fitness_actual=144.5, Mejor=147.3
2025-10-20 14:33:22,430 - DEBUG - Iter 55900: T=1.39, Fitness_actual=137.9, Mejor=147.3
2025-10-20 14:33:33,138 - INFO -   Iter 56000 | Tiempo:   65.3min (27.2%) | T =     1.38 | Fitness =    132.5 | Mejor =    147.3 | Aceptación =  76.4%
2025-10-20 14:33:33,138 - INFO - Progreso iter 56000: T=1.38, Fitness=132.5, Mejor=147.3, Tasa_acept=76.4%
2025-10-20 14:33:33,140 - DEBUG - Iter 56000: T=1.38, Fitness_actual=132.5, Mejor=147.3
2025-10-20 14:33:43,809 - DEBUG - Iter 56100: T=1.38, Fitness_actual=130.0, Mejor=147.3
2025-10-20 14:33:54,487 - DEBUG - Iter 56200: T=1.38, Fitness_actual=124.2, Mejor=147.3
2025-10-20 14:33:59,928 - WARNING - ⚠️  DEGRADACIÓN DETECTADA en iter 56250:
2025-10-20 14:33:59,929 - WARNING -    Mejor fitness: 147.3
2025-10-20 14:33:59,929 - WARNING -    Fitness promedio reciente: 121.1
2025-10-20 14:33:59,929 - WARNING -    Degradación: 26.2
2025-10-20 14:33:59,929 - WARNING -    🔄 RESTAURANDO mejor solución...
2025-10-20 14:34:00,254 - INFO - 🌟 MEJORA #273 en iter 56253: Fitness=147.4 (+0.1), Puntos=16506
2025-10-20 14:34:05,312 - DEBUG - Iter 56300: T=1.37, Fitness_actual=142.9, Mejor=147.4
2025-10-20 14:34:16,071 - DEBUG - Iter 56400: T=1.37, Fitness_actual=131.9, Mejor=147.4
2025-10-20 14:34:26,783 - INFO -   Iter 56500 | Tiempo:   66.2min (27.6%) | T =     1.37 | Fitness =    128.8 | Mejor =    147.4 | Aceptación =  76.3%
2025-10-20 14:34:26,783 - INFO - Progreso iter 56500: T=1.37, Fitness=128.8, Mejor=147.4, Tasa_acept=76.3%
2025-10-20 14:34:26,785 - DEBUG - Iter 56500: T=1.37, Fitness_actual=128.8, Mejor=147.4
2025-10-20 14:34:37,487 - WARNING - ⚠️  DEGRADACIÓN DETECTADA en iter 56600:
2025-10-20 14:34:37,487 - WARNING -    Mejor fitness: 147.4
2025-10-20 14:34:37,487 - WARNING -    Fitness promedio reciente: 122.3
2025-10-20 14:34:37,488 - WARNING -    Degradación: 25.1
2025-10-20 14:34:37,488 - WARNING -    🔄 RESTAURANDO mejor solución...
2025-10-20 14:34:37,492 - DEBUG - Iter 56600: T=1.37, Fitness_actual=147.4, Mejor=147.4
2025-10-20 14:34:48,219 - DEBUG - Iter 56700: T=1.36, Fitness_actual=137.0, Mejor=147.4
2025-10-20 14:34:58,979 - DEBUG - Iter 56800: T=1.36, Fitness_actual=128.9, Mejor=147.4
2025-10-20 14:35:09,791 - DEBUG - Iter 56900: T=1.36, Fitness_actual=127.7, Mejor=147.4
2025-10-20 14:35:15,189 - WARNING - ⚠️  DEGRADACIÓN DETECTADA en iter 56950:
2025-10-20 14:35:15,189 - WARNING -    Mejor fitness: 147.4
2025-10-20 14:35:15,189 - WARNING -    Fitness promedio reciente: 127.0
2025-10-20 14:35:15,189 - WARNING -    Degradación: 20.4
2025-10-20 14:35:15,189 - WARNING -    🔄 RESTAURANDO mejor solución...
2025-10-20 14:35:20,624 - INFO -   Iter 57000 | Tiempo:   67.1min (27.9%) | T =     1.35 | Fitness =    136.5 | Mejor =    147.4 | Aceptación =  76.2%
2025-10-20 14:35:20,625 - INFO - Progreso iter 57000: T=1.35, Fitness=136.5, Mejor=147.4, Tasa_acept=76.2%
2025-10-20 14:35:20,627 - DEBUG - Iter 57000: T=1.35, Fitness_actual=136.5, Mejor=147.4
2025-10-20 14:35:31,407 - DEBUG - Iter 57100: T=1.35, Fitness_actual=129.7, Mejor=147.4
2025-10-20 14:35:36,822 - WARNING - ⚠️  DEGRADACIÓN DETECTADA en iter 57150:
2025-10-20 14:35:36,822 - WARNING -    Mejor fitness: 147.4
2025-10-20 14:35:36,822 - WARNING -    Fitness promedio reciente: 126.8
2025-10-20 14:35:36,823 - WARNING -    Degradación: 20.6
2025-10-20 14:35:36,823 - WARNING -    🔄 RESTAURANDO mejor solución...
2025-10-20 14:35:38,058 - INFO - 🌟 MEJORA #274 en iter 57161: Fitness=147.4 (+0.0), Puntos=16508
2025-10-20 14:35:42,401 - DEBUG - Iter 57200: T=1.35, Fitness_actual=144.7, Mejor=147.4
2025-10-20 14:35:53,346 - DEBUG - Iter 57300: T=1.35, Fitness_actual=140.3, Mejor=147.4
2025-10-20 14:36:04,292 - DEBUG - Iter 57400: T=1.34, Fitness_actual=138.8, Mejor=147.4
2025-10-20 14:36:15,377 - INFO -   Iter 57500 | Tiempo:   68.0min (28.3%) | T =     1.34 | Fitness =    131.1 | Mejor =    147.4 | Aceptación =  76.2%
2025-10-20 14:36:15,377 - INFO - Progreso iter 57500: T=1.34, Fitness=131.1, Mejor=147.4, Tasa_acept=76.2%
2025-10-20 14:36:15,379 - DEBUG - Iter 57500: T=1.34, Fitness_actual=131.1, Mejor=147.4
2025-10-20 14:36:20,882 - WARNING - ⚠️  DEGRADACIÓN DETECTADA en iter 57550:
2025-10-20 14:36:20,882 - WARNING -    Mejor fitness: 147.4
2025-10-20 14:36:20,882 - WARNING -    Fitness promedio reciente: 125.3
2025-10-20 14:36:20,883 - WARNING -    Degradación: 22.1
2025-10-20 14:36:20,883 - WARNING -    🔄 RESTAURANDO mejor solución...
2025-10-20 14:36:26,389 - DEBUG - Iter 57600: T=1.34, Fitness_actual=144.2, Mejor=147.4
2025-10-20 14:36:37,414 - DEBUG - Iter 57700: T=1.33, Fitness_actual=138.0, Mejor=147.4
2025-10-20 14:36:48,376 - DEBUG - Iter 57800: T=1.33, Fitness_actual=136.1, Mejor=147.4
2025-10-20 14:36:59,382 - DEBUG - Iter 57900: T=1.33, Fitness_actual=134.7, Mejor=147.4
2025-10-20 14:37:10,423 - INFO -   Iter 58000 | Tiempo:   68.9min (28.7%) | T =     1.33 | Fitness =    134.7 | Mejor =    147.4 | Aceptación =  76.1%
2025-10-20 14:37:10,423 - INFO - Progreso iter 58000: T=1.33, Fitness=134.7, Mejor=147.4, Tasa_acept=76.1%
2025-10-20 14:37:10,424 - DEBUG - Iter 58000: T=1.33, Fitness_actual=134.7, Mejor=147.4
2025-10-20 14:37:21,491 - WARNING - ⚠️  DEGRADACIÓN DETECTADA en iter 58100:
2025-10-20 14:37:21,491 - WARNING -    Mejor fitness: 147.4
2025-10-20 14:37:21,491 - WARNING -    Fitness promedio reciente: 127.0
2025-10-20 14:37:21,492 - WARNING -    Degradación: 20.4
2025-10-20 14:37:21,492 - WARNING -    🔄 RESTAURANDO mejor solución...
2025-10-20 14:37:21,496 - DEBUG - Iter 58100: T=1.32, Fitness_actual=147.4, Mejor=147.4
2025-10-20 14:37:32,530 - DEBUG - Iter 58200: T=1.32, Fitness_actual=142.8, Mejor=147.4
2025-10-20 14:37:43,723 - DEBUG - Iter 58300: T=1.32, Fitness_actual=128.4, Mejor=147.4
2025-10-20 14:37:54,955 - DEBUG - Iter 58400: T=1.31, Fitness_actual=130.4, Mejor=147.4
2025-10-20 14:38:06,155 - INFO -   Iter 58500 | Tiempo:   69.8min (29.1%) | T =     1.31 | Fitness =    126.5 | Mejor =    147.4 | Aceptación =  76.0%
2025-10-20 14:38:06,156 - INFO - Progreso iter 58500: T=1.31, Fitness=126.5, Mejor=147.4, Tasa_acept=76.0%
2025-10-20 14:38:06,158 - DEBUG - Iter 58500: T=1.31, Fitness_actual=126.5, Mejor=147.4
2025-10-20 14:38:11,774 - WARNING - ⚠️  DEGRADACIÓN DETECTADA en iter 58550:
2025-10-20 14:38:11,774 - WARNING -    Mejor fitness: 147.4
2025-10-20 14:38:11,774 - WARNING -    Fitness promedio reciente: 122.9
2025-10-20 14:38:11,775 - WARNING -    Degradación: 24.5
2025-10-20 14:38:11,775 - WARNING -    🔄 RESTAURANDO mejor solución...
2025-10-20 14:38:11,887 - INFO - 🌟 MEJORA #275 en iter 58551: Fitness=147.4 (+0.0), Puntos=16508
2025-10-20 14:38:11,887 - INFO -   ✨ Mejora #275 en iteración 58552: Fitness = 147.4 | Puntos = 16508 | T = 1.31
2025-10-20 14:38:12,661 - INFO - 🌟 MEJORA #276 en iter 58558: Fitness=147.5 (+0.1), Puntos=16519
2025-10-20 14:38:17,318 - DEBUG - Iter 58600: T=1.31, Fitness_actual=144.4, Mejor=147.5
2025-10-20 14:38:28,408 - DEBUG - Iter 58700: T=1.31, Fitness_actual=138.9, Mejor=147.5
2025-10-20 14:38:39,545 - DEBUG - Iter 58800: T=1.30, Fitness_actual=131.2, Mejor=147.5
2025-10-20 14:38:50,699 - WARNING - ⚠️  DEGRADACIÓN DETECTADA en iter 58900:
2025-10-20 14:38:50,699 - WARNING -    Mejor fitness: 147.5
2025-10-20 14:38:50,699 - WARNING -    Fitness promedio reciente: 124.5
2025-10-20 14:38:50,699 - WARNING -    Degradación: 23.0
2025-10-20 14:38:50,699 - WARNING -    🔄 RESTAURANDO mejor solución...
2025-10-20 14:38:50,705 - DEBUG - Iter 58900: T=1.30, Fitness_actual=147.5, Mejor=147.5
2025-10-20 14:39:01,854 - INFO -   Iter 59000 | Tiempo:   70.8min (29.5%) | T =     1.30 | Fitness =    136.6 | Mejor =    147.5 | Aceptación =  76.0%
2025-10-20 14:39:01,854 - INFO - Progreso iter 59000: T=1.30, Fitness=136.6, Mejor=147.5, Tasa_acept=76.0%
2025-10-20 14:39:01,855 - DEBUG - Iter 59000: T=1.30, Fitness_actual=136.6, Mejor=147.5
2025-10-20 14:39:12,993 - DEBUG - Iter 59100: T=1.29, Fitness_actual=133.2, Mejor=147.5
2025-10-20 14:39:24,111 - DEBUG - Iter 59200: T=1.29, Fitness_actual=128.7, Mejor=147.5
2025-10-20 14:39:29,669 - WARNING - ⚠️  DEGRADACIÓN DETECTADA en iter 59250:
2025-10-20 14:39:29,669 - WARNING -    Mejor fitness: 147.5
2025-10-20 14:39:29,669 - WARNING -    Fitness promedio reciente: 127.4
2025-10-20 14:39:29,670 - WARNING -    Degradación: 20.1
2025-10-20 14:39:29,670 - WARNING -    🔄 RESTAURANDO mejor solución...
2025-10-20 14:39:35,221 - DEBUG - Iter 59300: T=1.29, Fitness_actual=145.9, Mejor=147.5
2025-10-20 14:39:46,327 - DEBUG - Iter 59400: T=1.29, Fitness_actual=140.0, Mejor=147.5
2025-10-20 14:39:57,455 - INFO -   Iter 59500 | Tiempo:   71.7min (29.9%) | T =     1.28 | Fitness =    136.0 | Mejor =    147.5 | Aceptación =  75.9%
2025-10-20 14:39:57,455 - INFO - Progreso iter 59500: T=1.28, Fitness=136.0, Mejor=147.5, Tasa_acept=75.9%
2025-10-20 14:39:57,457 - DEBUG - Iter 59500: T=1.28, Fitness_actual=136.0, Mejor=147.5
2025-10-20 14:40:08,597 - DEBUG - Iter 59600: T=1.28, Fitness_actual=136.7, Mejor=147.5
2025-10-20 14:40:15,975 - INFO - --- Cambiando a Fase: Intermedia (Balance) (Progreso: 30.0%) ---
2025-10-20 14:40:19,794 - DEBUG - Iter 59700: T=1.28, Fitness_actual=136.1, Mejor=147.5
2025-10-20 14:40:31,046 - DEBUG - Iter 59800: T=1.28, Fitness_actual=130.3, Mejor=147.5
2025-10-20 14:40:42,277 - DEBUG - Iter 59900: T=1.27, Fitness_actual=128.6, Mejor=147.5
2025-10-20 14:40:53,573 - INFO -   Iter 60000 | Tiempo:   72.6min (30.3%) | T =     1.27 | Fitness =    133.1 | Mejor =    147.5 | Aceptación =  75.8%
2025-10-20 14:40:53,573 - INFO - Progreso iter 60000: T=1.27, Fitness=133.1, Mejor=147.5, Tasa_acept=75.8%
2025-10-20 14:40:53,575 - DEBUG - Iter 60000: T=1.27, Fitness_actual=133.1, Mejor=147.5
2025-10-20 14:41:04,862 - DEBUG - Iter 60100: T=1.27, Fitness_actual=130.4, Mejor=147.5
2025-10-20 14:41:16,197 - DEBUG - Iter 60200: T=1.26, Fitness_actual=128.4, Mejor=147.5
2025-10-20 14:41:27,412 - WARNING - ⚠️  DEGRADACIÓN DETECTADA en iter 60300:
2025-10-20 14:41:27,412 - WARNING -    Mejor fitness: 147.5
2025-10-20 14:41:27,412 - WARNING -    Fitness promedio reciente: 126.9
2025-10-20 14:41:27,412 - WARNING -    Degradación: 20.6
2025-10-20 14:41:27,413 - WARNING -    🔄 RESTAURANDO mejor solución...
2025-10-20 14:41:27,414 - DEBUG - Iter 60300: T=1.26, Fitness_actual=147.5, Mejor=147.5
2025-10-20 14:41:27,526 - INFO - 🌟 MEJORA #277 en iter 60301: Fitness=147.5 (+0.0), Puntos=16521
2025-10-20 14:41:38,700 - DEBUG - Iter 60400: T=1.26, Fitness_actual=135.9, Mejor=147.5
2025-10-20 14:41:50,043 - INFO -   Iter 60500 | Tiempo:   73.6min (30.7%) | T =     1.26 | Fitness =    134.2 | Mejor =    147.5 | Aceptación =  75.9%
2025-10-20 14:41:50,044 - INFO - Progreso iter 60500: T=1.26, Fitness=134.2, Mejor=147.5, Tasa_acept=75.9%
2025-10-20 14:41:50,046 - DEBUG - Iter 60500: T=1.26, Fitness_actual=134.2, Mejor=147.5
2025-10-20 14:42:01,389 - DEBUG - Iter 60600: T=1.25, Fitness_actual=133.0, Mejor=147.5
2025-10-20 14:42:12,658 - DEBUG - Iter 60700: T=1.25, Fitness_actual=132.5, Mejor=147.5
2025-10-20 14:42:23,909 - DEBUG - Iter 60800: T=1.25, Fitness_actual=129.4, Mejor=147.5
2025-10-20 14:42:35,239 - WARNING - ⚠️  DEGRADACIÓN DETECTADA en iter 60900:
2025-10-20 14:42:35,240 - WARNING -    Mejor fitness: 147.5
2025-10-20 14:42:35,240 - WARNING -    Fitness promedio reciente: 124.1
2025-10-20 14:42:35,240 - WARNING -    Degradación: 23.4
2025-10-20 14:42:35,240 - WARNING -    🔄 RESTAURANDO mejor solución...
2025-10-20 14:42:35,241 - DEBUG - Iter 60900: T=1.25, Fitness_actual=147.5, Mejor=147.5
2025-10-20 14:42:35,470 - INFO - 🌟 MEJORA #278 en iter 60902: Fitness=147.7 (+0.2), Puntos=16537
2025-10-20 14:42:35,813 - INFO - 🌟 MEJORA #279 en iter 60905: Fitness=148.5 (+0.8), Puntos=16521
2025-10-20 14:42:36,380 - INFO - 🌟 MEJORA #280 en iter 60910: Fitness=148.6 (+0.0), Puntos=16525
2025-10-20 14:42:36,380 - INFO -   ✨ Mejora #280 en iteración 60911: Fitness = 148.6 | Puntos = 16525 | T = 1.25
2025-10-20 14:42:36,492 - INFO - 🌟 MEJORA #281 en iter 60911: Fitness=148.6 (+0.0), Puntos=16525
2025-10-20 14:42:36,828 - INFO - 🌟 MEJORA #282 en iter 60914: Fitness=148.6 (+0.0), Puntos=16526
2025-10-20 14:42:37,054 - INFO - 🌟 MEJORA #283 en iter 60916: Fitness=148.6 (+0.0), Puntos=16526
2025-10-20 14:42:46,660 - INFO -   Iter 61000 | Tiempo:   74.5min (31.0%) | T =     1.24 | Fitness =    138.0 | Mejor =    148.6 | Aceptación =  75.9%
2025-10-20 14:42:46,661 - INFO - Progreso iter 61000: T=1.24, Fitness=138.0, Mejor=148.6, Tasa_acept=75.9%
2025-10-20 14:42:46,663 - DEBUG - Iter 61000: T=1.24, Fitness_actual=138.0, Mejor=148.6
2025-10-20 14:42:58,069 - DEBUG - Iter 61100: T=1.24, Fitness_actual=134.8, Mejor=148.6
2025-10-20 14:43:09,489 - WARNING - ⚠️  DEGRADACIÓN DETECTADA en iter 61200:
2025-10-20 14:43:09,489 - WARNING -    Mejor fitness: 148.6
2025-10-20 14:43:09,489 - WARNING -    Fitness promedio reciente: 128.5
2025-10-20 14:43:09,489 - WARNING -    Degradación: 20.0
2025-10-20 14:43:09,489 - WARNING -    🔄 RESTAURANDO mejor solución...
2025-10-20 14:43:09,491 - DEBUG - Iter 61200: T=1.24, Fitness_actual=148.6, Mejor=148.6
2025-10-20 14:43:09,491 - INFO - 🌟 MEJORA #284 en iter 61200: Fitness=148.6 (+0.0), Puntos=16531
2025-10-20 14:43:20,836 - DEBUG - Iter 61300: T=1.23, Fitness_actual=141.2, Mejor=148.6
2025-10-20 14:43:32,236 - DEBUG - Iter 61400: T=1.23, Fitness_actual=133.6, Mejor=148.6
2025-10-20 14:43:43,724 - INFO -   Iter 61500 | Tiempo:   75.5min (31.4%) | T =     1.23 | Fitness =    131.4 | Mejor =    148.6 | Aceptación =  75.9%
2025-10-20 14:43:43,725 - INFO - Progreso iter 61500: T=1.23, Fitness=131.4, Mejor=148.6, Tasa_acept=75.9%
2025-10-20 14:43:43,726 - DEBUG - Iter 61500: T=1.23, Fitness_actual=131.4, Mejor=148.6
2025-10-20 14:43:55,121 - DEBUG - Iter 61600: T=1.23, Fitness_actual=131.0, Mejor=148.6
2025-10-20 14:44:00,815 - WARNING - ⚠️  DEGRADACIÓN DETECTADA en iter 61650:
2025-10-20 14:44:00,816 - WARNING -    Mejor fitness: 148.6
2025-10-20 14:44:00,816 - WARNING -    Fitness promedio reciente: 128.2
2025-10-20 14:44:00,816 - WARNING -    Degradación: 20.4
2025-10-20 14:44:00,816 - WARNING -    🔄 RESTAURANDO mejor solución...
2025-10-20 14:44:06,568 - DEBUG - Iter 61700: T=1.22, Fitness_actual=145.1, Mejor=148.6
2025-10-20 14:44:18,055 - DEBUG - Iter 61800: T=1.22, Fitness_actual=141.2, Mejor=148.6
2025-10-20 14:44:29,484 - DEBUG - Iter 61900: T=1.22, Fitness_actual=136.9, Mejor=148.6
2025-10-20 14:44:41,064 - INFO -   Iter 62000 | Tiempo:   76.4min (31.8%) | T =     1.22 | Fitness =    135.1 | Mejor =    148.6 | Aceptación =  75.9%
2025-10-20 14:44:41,064 - INFO - Progreso iter 62000: T=1.22, Fitness=135.1, Mejor=148.6, Tasa_acept=75.9%
2025-10-20 14:44:41,066 - DEBUG - Iter 62000: T=1.22, Fitness_actual=135.1, Mejor=148.6
2025-10-20 14:44:52,532 - DEBUG - Iter 62100: T=1.21, Fitness_actual=133.0, Mejor=148.6
2025-10-20 14:45:04,054 - DEBUG - Iter 62200: T=1.21, Fitness_actual=129.7, Mejor=148.6
2025-10-20 14:45:09,773 - WARNING - ⚠️  DEGRADACIÓN DETECTADA en iter 62250:
2025-10-20 14:45:09,773 - WARNING -    Mejor fitness: 148.6
2025-10-20 14:45:09,774 - WARNING -    Fitness promedio reciente: 128.5
2025-10-20 14:45:09,774 - WARNING -    Degradación: 20.2
2025-10-20 14:45:09,774 - WARNING -    🔄 RESTAURANDO mejor solución...
2025-10-20 14:45:15,505 - DEBUG - Iter 62300: T=1.21, Fitness_actual=143.8, Mejor=148.6
2025-10-20 14:45:26,936 - DEBUG - Iter 62400: T=1.21, Fitness_actual=140.3, Mejor=148.6
2025-10-20 14:45:38,434 - INFO -   Iter 62500 | Tiempo:   77.4min (32.2%) | T =     1.20 | Fitness =    137.3 | Mejor =    148.6 | Aceptación =  76.0%
2025-10-20 14:45:38,434 - INFO - Progreso iter 62500: T=1.20, Fitness=137.3, Mejor=148.6, Tasa_acept=76.0%
2025-10-20 14:45:38,435 - DEBUG - Iter 62500: T=1.20, Fitness_actual=137.3, Mejor=148.6
2025-10-20 14:45:50,004 - DEBUG - Iter 62600: T=1.20, Fitness_actual=140.4, Mejor=148.6
2025-10-20 14:46:01,562 - DEBUG - Iter 62700: T=1.20, Fitness_actual=130.3, Mejor=148.6
2025-10-20 14:46:13,207 - WARNING - ⚠️  DEGRADACIÓN DETECTADA en iter 62800:
2025-10-20 14:46:13,207 - WARNING -    Mejor fitness: 148.6
2025-10-20 14:46:13,208 - WARNING -    Fitness promedio reciente: 127.9
2025-10-20 14:46:13,208 - WARNING -    Degradación: 20.7
2025-10-20 14:46:13,208 - WARNING -    🔄 RESTAURANDO mejor solución...
2025-10-20 14:46:13,213 - DEBUG - Iter 62800: T=1.19, Fitness_actual=148.6, Mejor=148.6
2025-10-20 14:46:24,794 - DEBUG - Iter 62900: T=1.19, Fitness_actual=137.9, Mejor=148.6
2025-10-20 14:46:36,336 - INFO -   Iter 63000 | Tiempo:   78.3min (32.6%) | T =     1.19 | Fitness =    134.3 | Mejor =    148.6 | Aceptación =  76.0%
2025-10-20 14:46:36,336 - INFO - Progreso iter 63000: T=1.19, Fitness=134.3, Mejor=148.6, Tasa_acept=76.0%
2025-10-20 14:46:36,338 - DEBUG - Iter 63000: T=1.19, Fitness_actual=134.3, Mejor=148.6
2025-10-20 14:46:47,923 - DEBUG - Iter 63100: T=1.19, Fitness_actual=133.0, Mejor=148.6
2025-10-20 14:46:59,457 - DEBUG - Iter 63200: T=1.18, Fitness_actual=131.9, Mejor=148.6
2025-10-20 14:47:11,089 - DEBUG - Iter 63300: T=1.18, Fitness_actual=131.6, Mejor=148.6
2025-10-20 14:47:22,682 - DEBUG - Iter 63400: T=1.18, Fitness_actual=131.8, Mejor=148.6
2025-10-20 14:47:34,339 - INFO -   Iter 63500 | Tiempo:   79.3min (33.0%) | T =     1.18 | Fitness =    128.2 | Mejor =    148.6 | Aceptación =  76.0%
2025-10-20 14:47:34,339 - INFO - Progreso iter 63500: T=1.18, Fitness=128.2, Mejor=148.6, Tasa_acept=76.0%
2025-10-20 14:47:34,339 - WARNING - ⚠️  DEGRADACIÓN DETECTADA en iter 63500:
2025-10-20 14:47:34,339 - WARNING -    Mejor fitness: 148.6
2025-10-20 14:47:34,339 - WARNING -    Fitness promedio reciente: 127.7
2025-10-20 14:47:34,340 - WARNING -    Degradación: 20.9
2025-10-20 14:47:34,340 - WARNING -    🔄 RESTAURANDO mejor solución...
2025-10-20 14:47:34,341 - DEBUG - Iter 63500: T=1.18, Fitness_actual=148.6, Mejor=148.6
2025-10-20 14:47:34,926 - INFO - 🌟 MEJORA #285 en iter 63505: Fitness=148.7 (+0.0), Puntos=16536
2025-10-20 14:47:34,927 - INFO -   ✨ Mejora #285 en iteración 63506: Fitness = 148.7 | Puntos = 16536 | T = 1.18
2025-10-20 14:47:46,050 - DEBUG - Iter 63600: T=1.17, Fitness_actual=139.8, Mejor=148.7
2025-10-20 14:47:57,726 - DEBUG - Iter 63700: T=1.17, Fitness_actual=133.2, Mejor=148.7
2025-10-20 14:48:09,376 - DEBUG - Iter 63800: T=1.17, Fitness_actual=132.9, Mejor=148.7
2025-10-20 14:48:21,093 - WARNING - ⚠️  DEGRADACIÓN DETECTADA en iter 63900:
2025-10-20 14:48:21,093 - WARNING -    Mejor fitness: 148.7
2025-10-20 14:48:21,093 - WARNING -    Fitness promedio reciente: 128.7
2025-10-20 14:48:21,093 - WARNING -    Degradación: 20.0
2025-10-20 14:48:21,093 - WARNING -    🔄 RESTAURANDO mejor solución...
2025-10-20 14:48:21,098 - DEBUG - Iter 63900: T=1.17, Fitness_actual=148.7, Mejor=148.7
2025-10-20 14:48:21,333 - INFO - 🌟 MEJORA #286 en iter 63902: Fitness=148.7 (+0.0), Puntos=16536
2025-10-20 14:48:32,800 - INFO -   Iter 64000 | Tiempo:   80.3min (33.5%) | T =     1.16 | Fitness =    138.1 | Mejor =    148.7 | Aceptación =  76.0%
2025-10-20 14:48:32,800 - INFO - Progreso iter 64000: T=1.16, Fitness=138.1, Mejor=148.7, Tasa_acept=76.0%
2025-10-20 14:48:32,801 - DEBUG - Iter 64000: T=1.16, Fitness_actual=138.1, Mejor=148.7
2025-10-20 14:48:44,614 - DEBUG - Iter 64100: T=1.16, Fitness_actual=138.1, Mejor=148.7
2025-10-20 14:48:56,351 - DEBUG - Iter 64200: T=1.16, Fitness_actual=133.1, Mejor=148.7
2025-10-20 14:49:08,117 - DEBUG - Iter 64300: T=1.16, Fitness_actual=129.0, Mejor=148.7
2025-10-20 14:49:19,887 - DEBUG - Iter 64400: T=1.15, Fitness_actual=134.7, Mejor=148.7
2025-10-20 14:49:31,643 - INFO -   Iter 64500 | Tiempo:   81.3min (33.9%) | T =     1.15 | Fitness =    132.6 | Mejor =    148.7 | Aceptación =  76.0%
2025-10-20 14:49:31,643 - INFO - Progreso iter 64500: T=1.15, Fitness=132.6, Mejor=148.7, Tasa_acept=76.0%
2025-10-20 14:49:31,645 - DEBUG - Iter 64500: T=1.15, Fitness_actual=132.6, Mejor=148.7
2025-10-20 14:49:43,583 - DEBUG - Iter 64600: T=1.15, Fitness_actual=130.5, Mejor=148.7
2025-10-20 14:49:55,397 - DEBUG - Iter 64700: T=1.14, Fitness_actual=128.9, Mejor=148.7
2025-10-20 14:50:07,181 - DEBUG - Iter 64800: T=1.14, Fitness_actual=129.0, Mejor=148.7
2025-10-20 14:50:18,906 - DEBUG - Iter 64900: T=1.14, Fitness_actual=132.1, Mejor=148.7
2025-10-20 14:50:30,673 - INFO -   Iter 65000 | Tiempo:   82.2min (34.3%) | T =     1.14 | Fitness =    130.8 | Mejor =    148.7 | Aceptación =  76.1%
2025-10-20 14:50:30,673 - INFO - Progreso iter 65000: T=1.14, Fitness=130.8, Mejor=148.7, Tasa_acept=76.1%
2025-10-20 14:50:30,675 - DEBUG - Iter 65000: T=1.14, Fitness_actual=130.8, Mejor=148.7
2025-10-20 14:50:42,597 - DEBUG - Iter 65100: T=1.13, Fitness_actual=128.0, Mejor=148.7
2025-10-20 14:50:48,566 - WARNING - ⚠️  DEGRADACIÓN DETECTADA en iter 65150:
2025-10-20 14:50:48,566 - WARNING -    Mejor fitness: 148.7
2025-10-20 14:50:48,566 - WARNING -    Fitness promedio reciente: 127.0
2025-10-20 14:50:48,567 - WARNING -    Degradación: 21.6
2025-10-20 14:50:48,567 - WARNING -    🔄 RESTAURANDO mejor solución...
2025-10-20 14:50:48,568 - INFO - 🌟 MEJORA #287 en iter 65150: Fitness=148.7 (+0.0), Puntos=16536
2025-10-20 14:50:54,532 - DEBUG - Iter 65200: T=1.13, Fitness_actual=140.8, Mejor=148.7
2025-10-20 14:51:06,421 - DEBUG - Iter 65300: T=1.13, Fitness_actual=137.7, Mejor=148.7
2025-10-20 14:51:18,356 - DEBUG - Iter 65400: T=1.13, Fitness_actual=131.0, Mejor=148.7
2025-10-20 14:51:30,173 - INFO -   Iter 65500 | Tiempo:   83.2min (34.7%) | T =     1.12 | Fitness =    127.4 | Mejor =    148.7 | Aceptación =  76.1%
2025-10-20 14:51:30,173 - INFO - Progreso iter 65500: T=1.12, Fitness=127.4, Mejor=148.7, Tasa_acept=76.1%
2025-10-20 14:51:30,174 - DEBUG - Iter 65500: T=1.12, Fitness_actual=127.4, Mejor=148.7
2025-10-20 14:51:36,067 - WARNING - ⚠️  DEGRADACIÓN DETECTADA en iter 65550:
2025-10-20 14:51:36,068 - WARNING -    Mejor fitness: 148.7
2025-10-20 14:51:36,068 - WARNING -    Fitness promedio reciente: 128.2
2025-10-20 14:51:36,068 - WARNING -    Degradación: 20.5
2025-10-20 14:51:36,068 - WARNING -    🔄 RESTAURANDO mejor solución...
2025-10-20 14:51:36,314 - INFO - 🌟 MEJORA #288 en iter 65552: Fitness=148.7 (+0.0), Puntos=16536
2025-10-20 14:51:42,048 - DEBUG - Iter 65600: T=1.12, Fitness_actual=146.2, Mejor=148.7
2025-10-20 14:51:53,958 - DEBUG - Iter 65700: T=1.12, Fitness_actual=140.4, Mejor=148.7
2025-10-20 14:52:05,857 - DEBUG - Iter 65800: T=1.12, Fitness_actual=137.8, Mejor=148.7
2025-10-20 14:52:17,793 - DEBUG - Iter 65900: T=1.11, Fitness_actual=136.5, Mejor=148.7
2025-10-20 14:52:29,660 - INFO -   Iter 66000 | Tiempo:   84.2min (35.1%) | T =     1.11 | Fitness =    128.9 | Mejor =    148.7 | Aceptación =  76.0%
2025-10-20 14:52:29,660 - INFO - Progreso iter 66000: T=1.11, Fitness=128.9, Mejor=148.7, Tasa_acept=76.0%
2025-10-20 14:52:29,662 - DEBUG - Iter 66000: T=1.11, Fitness_actual=128.9, Mejor=148.7
2025-10-20 14:52:35,636 - WARNING - ⚠️  DEGRADACIÓN DETECTADA en iter 66050:
2025-10-20 14:52:35,636 - WARNING -    Mejor fitness: 148.7
2025-10-20 14:52:35,636 - WARNING -    Fitness promedio reciente: 125.6
2025-10-20 14:52:35,636 - WARNING -    Degradación: 23.1
2025-10-20 14:52:35,636 - WARNING -    🔄 RESTAURANDO mejor solución...
2025-10-20 14:52:41,713 - DEBUG - Iter 66100: T=1.11, Fitness_actual=140.9, Mejor=148.7
2025-10-20 14:52:53,743 - DEBUG - Iter 66200: T=1.11, Fitness_actual=137.9, Mejor=148.7
2025-10-20 14:53:05,687 - DEBUG - Iter 66300: T=1.10, Fitness_actual=135.6, Mejor=148.7
2025-10-20 14:53:17,585 - DEBUG - Iter 66400: T=1.10, Fitness_actual=137.1, Mejor=148.7
2025-10-20 14:53:29,568 - INFO -   Iter 66500 | Tiempo:   85.2min (35.5%) | T =     1.10 | Fitness =    130.5 | Mejor =    148.7 | Aceptación =  76.0%
2025-10-20 14:53:29,568 - INFO - Progreso iter 66500: T=1.10, Fitness=130.5, Mejor=148.7, Tasa_acept=76.0%
2025-10-20 14:53:29,570 - DEBUG - Iter 66500: T=1.10, Fitness_actual=130.5, Mejor=148.7
2025-10-20 14:53:41,549 - DEBUG - Iter 66600: T=1.10, Fitness_actual=131.5, Mejor=148.7
2025-10-20 14:53:53,605 - DEBUG - Iter 66700: T=1.09, Fitness_actual=127.6, Mejor=148.7
2025-10-20 14:54:05,735 - DEBUG - Iter 66800: T=1.09, Fitness_actual=130.2, Mejor=148.7
2025-10-20 14:54:11,801 - WARNING - ⚠️  DEGRADACIÓN DETECTADA en iter 66850:
2025-10-20 14:54:11,802 - WARNING -    Mejor fitness: 148.7
2025-10-20 14:54:11,802 - WARNING -    Fitness promedio reciente: 128.4
2025-10-20 14:54:11,802 - WARNING -    Degradación: 20.3
2025-10-20 14:54:11,802 - WARNING -    🔄 RESTAURANDO mejor solución...
2025-10-20 14:54:12,781 - INFO - 🌟 MEJORA #289 en iter 66858: Fitness=148.7 (+0.0), Puntos=16541
2025-10-20 14:54:14,850 - INFO - 🌟 MEJORA #290 en iter 66875: Fitness=148.8 (+0.0), Puntos=16543
2025-10-20 14:54:14,850 - INFO -   ✨ Mejora #290 en iteración 66876: Fitness = 148.8 | Puntos = 16543 | T = 1.09
2025-10-20 14:54:15,091 - INFO - 🌟 MEJORA #291 en iter 66877: Fitness=148.8 (+0.0), Puntos=16543
2025-10-20 14:54:17,880 - DEBUG - Iter 66900: T=1.09, Fitness_actual=147.6, Mejor=148.8
2025-10-20 14:54:29,975 - INFO -   Iter 67000 | Tiempo:   86.2min (35.9%) | T =     1.09 | Fitness =    142.9 | Mejor =    148.8 | Aceptación =  76.0%
2025-10-20 14:54:29,975 - INFO - Progreso iter 67000: T=1.09, Fitness=142.9, Mejor=148.8, Tasa_acept=76.0%
2025-10-20 14:54:29,978 - DEBUG - Iter 67000: T=1.09, Fitness_actual=142.9, Mejor=148.8
2025-10-20 14:54:42,218 - DEBUG - Iter 67100: T=1.08, Fitness_actual=137.7, Mejor=148.8
2025-10-20 14:54:54,445 - DEBUG - Iter 67200: T=1.08, Fitness_actual=136.2, Mejor=148.8
2025-10-20 14:55:06,653 - DEBUG - Iter 67300: T=1.08, Fitness_actual=134.6, Mejor=148.8
2025-10-20 14:55:18,832 - DEBUG - Iter 67400: T=1.08, Fitness_actual=134.3, Mejor=148.8
2025-10-20 14:55:30,947 - INFO -   Iter 67500 | Tiempo:   87.3min (36.4%) | T =     1.07 | Fitness =    133.0 | Mejor =    148.8 | Aceptación =  76.0%
2025-10-20 14:55:30,947 - INFO - Progreso iter 67500: T=1.07, Fitness=133.0, Mejor=148.8, Tasa_acept=76.0%
2025-10-20 14:55:30,949 - DEBUG - Iter 67500: T=1.07, Fitness_actual=133.0, Mejor=148.8
2025-10-20 14:55:43,235 - DEBUG - Iter 67600: T=1.07, Fitness_actual=132.7, Mejor=148.8
2025-10-20 14:55:55,480 - DEBUG - Iter 67700: T=1.07, Fitness_actual=133.5, Mejor=148.8
2025-10-20 14:56:07,735 - DEBUG - Iter 67800: T=1.07, Fitness_actual=135.3, Mejor=148.8
2025-10-20 14:56:20,086 - DEBUG - Iter 67900: T=1.06, Fitness_actual=135.0, Mejor=148.8
2025-10-20 14:56:32,258 - INFO -   Iter 68000 | Tiempo:   88.3min (36.8%) | T =     1.06 | Fitness =    129.0 | Mejor =    148.8 | Aceptación =  76.0%
2025-10-20 14:56:32,258 - INFO - Progreso iter 68000: T=1.06, Fitness=129.0, Mejor=148.8, Tasa_acept=76.0%
2025-10-20 14:56:32,259 - DEBUG - Iter 68000: T=1.06, Fitness_actual=129.0, Mejor=148.8
2025-10-20 14:56:44,450 - DEBUG - Iter 68100: T=1.06, Fitness_actual=130.7, Mejor=148.8
2025-10-20 14:56:56,654 - DEBUG - Iter 68200: T=1.06, Fitness_actual=128.9, Mejor=148.8
2025-10-20 14:57:02,829 - WARNING - ⚠️  DEGRADACIÓN DETECTADA en iter 68250:
2025-10-20 14:57:02,829 - WARNING -    Mejor fitness: 148.8
2025-10-20 14:57:02,829 - WARNING -    Fitness promedio reciente: 126.4
2025-10-20 14:57:02,829 - WARNING -    Degradación: 22.4
2025-10-20 14:57:02,829 - WARNING -    🔄 RESTAURANDO mejor solución...
2025-10-20 14:57:08,987 - DEBUG - Iter 68300: T=1.05, Fitness_actual=145.4, Mejor=148.8
2025-10-20 14:57:21,241 - DEBUG - Iter 68400: T=1.05, Fitness_actual=142.2, Mejor=148.8
2025-10-20 14:57:33,521 - INFO -   Iter 68500 | Tiempo:   89.3min (37.2%) | T =     1.05 | Fitness =    139.9 | Mejor =    148.8 | Aceptación =  76.0%
2025-10-20 14:57:33,521 - INFO - Progreso iter 68500: T=1.05, Fitness=139.9, Mejor=148.8, Tasa_acept=76.0%
2025-10-20 14:57:33,524 - DEBUG - Iter 68500: T=1.05, Fitness_actual=139.9, Mejor=148.8
2025-10-20 14:57:45,859 - DEBUG - Iter 68600: T=1.05, Fitness_actual=133.0, Mejor=148.8
2025-10-20 14:57:58,170 - WARNING - ⚠️  DEGRADACIÓN DETECTADA en iter 68700:
2025-10-20 14:57:58,170 - WARNING -    Mejor fitness: 148.8
2025-10-20 14:57:58,171 - WARNING -    Fitness promedio reciente: 125.4
2025-10-20 14:57:58,171 - WARNING -    Degradación: 23.4
2025-10-20 14:57:58,171 - WARNING -    🔄 RESTAURANDO mejor solución...
2025-10-20 14:57:58,173 - DEBUG - Iter 68700: T=1.04, Fitness_actual=148.8, Mejor=148.8
2025-10-20 14:58:10,594 - DEBUG - Iter 68800: T=1.04, Fitness_actual=147.0, Mejor=148.8
2025-10-20 14:58:22,955 - DEBUG - Iter 68900: T=1.04, Fitness_actual=141.4, Mejor=148.8
2025-10-20 14:58:35,360 - INFO -   Iter 69000 | Tiempo:   90.3min (37.6%) | T =     1.04 | Fitness =    140.3 | Mejor =    148.8 | Aceptación =  75.9%
2025-10-20 14:58:35,360 - INFO - Progreso iter 69000: T=1.04, Fitness=140.3, Mejor=148.8, Tasa_acept=75.9%
2025-10-20 14:58:35,362 - DEBUG - Iter 69000: T=1.04, Fitness_actual=140.3, Mejor=148.8
2025-10-20 14:58:47,670 - DEBUG - Iter 69100: T=1.04, Fitness_actual=135.9, Mejor=148.8
2025-10-20 14:59:00,028 - DEBUG - Iter 69200: T=1.03, Fitness_actual=139.5, Mejor=148.8
2025-10-20 14:59:12,364 - DEBUG - Iter 69300: T=1.03, Fitness_actual=139.9, Mejor=148.8
2025-10-20 14:59:24,699 - DEBUG - Iter 69400: T=1.03, Fitness_actual=131.8, Mejor=148.8
2025-10-20 14:59:37,039 - INFO -   Iter 69500 | Tiempo:   91.4min (38.1%) | T =     1.03 | Fitness =    128.5 | Mejor =    148.8 | Aceptación =  75.9%
2025-10-20 14:59:37,040 - INFO - Progreso iter 69500: T=1.03, Fitness=128.5, Mejor=148.8, Tasa_acept=75.9%
2025-10-20 14:59:37,042 - DEBUG - Iter 69500: T=1.03, Fitness_actual=128.5, Mejor=148.8
2025-10-20 14:59:49,604 - WARNING - ⚠️  DEGRADACIÓN DETECTADA en iter 69600:
2025-10-20 14:59:49,604 - WARNING -    Mejor fitness: 148.8
2025-10-20 14:59:49,604 - WARNING -    Fitness promedio reciente: 127.4
2025-10-20 14:59:49,604 - WARNING -    Degradación: 21.4
2025-10-20 14:59:49,605 - WARNING -    🔄 RESTAURANDO mejor solución...
2025-10-20 14:59:49,609 - DEBUG - Iter 69600: T=1.02, Fitness_actual=148.8, Mejor=148.8
2025-10-20 14:59:49,979 - INFO - 🌟 MEJORA #292 en iter 69603: Fitness=148.9 (+0.1), Puntos=16556
2025-10-20 14:59:50,358 - INFO - 🌟 MEJORA #293 en iter 69606: Fitness=148.9 (+0.0), Puntos=16556
2025-10-20 15:00:02,069 - DEBUG - Iter 69700: T=1.02, Fitness_actual=145.7, Mejor=148.9
2025-10-20 15:00:14,504 - DEBUG - Iter 69800: T=1.02, Fitness_actual=134.3, Mejor=148.9
2025-10-20 15:00:26,916 - DEBUG - Iter 69900: T=1.02, Fitness_actual=127.8, Mejor=148.9
2025-10-20 15:00:33,151 - WARNING - ⚠️  DEGRADACIÓN DETECTADA en iter 69950:
2025-10-20 15:00:33,151 - WARNING -    Mejor fitness: 148.9
2025-10-20 15:00:33,152 - WARNING -    Fitness promedio reciente: 125.1
2025-10-20 15:00:33,152 - WARNING -    Degradación: 23.8
2025-10-20 15:00:33,152 - WARNING -    🔄 RESTAURANDO mejor solución...
2025-10-20 15:00:39,442 - INFO -   Iter 70000 | Tiempo:   92.4min (38.5%) | T =     1.01 | Fitness =    145.0 | Mejor =    148.9 | Aceptación =  75.9%
2025-10-20 15:00:39,442 - INFO - Progreso iter 70000: T=1.01, Fitness=145.0, Mejor=148.9, Tasa_acept=75.9%
2025-10-20 15:00:39,448 - DEBUG - Iter 70000: T=1.01, Fitness_actual=145.0, Mejor=148.9
2025-10-20 15:00:51,961 - DEBUG - Iter 70100: T=1.01, Fitness_actual=134.1, Mejor=148.9
2025-10-20 15:01:04,416 - DEBUG - Iter 70200: T=1.01, Fitness_actual=134.6, Mejor=148.9
2025-10-20 15:01:16,956 - DEBUG - Iter 70300: T=1.01, Fitness_actual=132.9, Mejor=148.9
2025-10-20 15:01:29,481 - DEBUG - Iter 70400: T=1.00, Fitness_actual=131.7, Mejor=148.9
2025-10-20 15:01:41,995 - INFO -   Iter 70500 | Tiempo:   93.4min (38.9%) | T =     1.00 | Fitness =    128.3 | Mejor =    148.9 | Aceptación =  75.9%
2025-10-20 15:01:41,995 - INFO - Progreso iter 70500: T=1.00, Fitness=128.3, Mejor=148.9, Tasa_acept=75.9%
2025-10-20 15:01:41,997 - DEBUG - Iter 70500: T=1.00, Fitness_actual=128.3, Mejor=148.9
2025-10-20 15:01:48,254 - WARNING - ⚠️  DEGRADACIÓN DETECTADA en iter 70550:
2025-10-20 15:01:48,254 - WARNING -    Mejor fitness: 148.9
2025-10-20 15:01:48,254 - WARNING -    Fitness promedio reciente: 128.4
2025-10-20 15:01:48,254 - WARNING -    Degradación: 20.5
2025-10-20 15:01:48,255 - WARNING -    🔄 RESTAURANDO mejor solución...
2025-10-20 15:01:48,384 - INFO - 🌟 MEJORA #294 en iter 70551: Fitness=148.9 (+0.0), Puntos=16556
2025-10-20 15:01:48,758 - INFO - 🌟 MEJORA #295 en iter 70554: Fitness=148.9 (+0.0), Puntos=16558
2025-10-20 15:01:48,759 - INFO -   ✨ Mejora #295 en iteración 70555: Fitness = 148.9 | Puntos = 16558 | T = 1.00
2025-10-20 15:01:52,267 - INFO - 🌟 MEJORA #296 en iter 70582: Fitness=149.0 (+0.1), Puntos=16568
2025-10-20 15:01:54,521 - DEBUG - Iter 70600: T=1.00, Fitness_actual=143.8, Mejor=149.0
2025-10-20 15:02:07,055 - DEBUG - Iter 70700: T=1.00, Fitness_actual=138.0, Mejor=149.0
2025-10-20 15:02:19,643 - DEBUG - Iter 70800: T=0.99, Fitness_actual=127.6, Mejor=149.0
2025-10-20 15:02:25,927 - WARNING - ⚠️  DEGRADACIÓN DETECTADA en iter 70850:
2025-10-20 15:02:25,927 - WARNING -    Mejor fitness: 149.0
2025-10-20 15:02:25,928 - WARNING -    Fitness promedio reciente: 127.1
2025-10-20 15:02:25,928 - WARNING -    Degradación: 21.9
2025-10-20 15:02:25,928 - WARNING -    🔄 RESTAURANDO mejor solución...
2025-10-20 15:02:32,250 - DEBUG - Iter 70900: T=0.99, Fitness_actual=146.8, Mejor=149.0
2025-10-20 15:02:43,833 - WARNING - ================================================================================
2025-10-20 15:02:43,833 - WARNING - ⚠️  SALTO ANORMAL DETECTADO en iteración 70992
2025-10-20 15:02:43,833 - WARNING -    Fitness actual: 137.9
2025-10-20 15:02:43,833 - WARNING -    Fitness vecino: 114.7
2025-10-20 15:02:43,834 - WARNING -    Delta: -23.1
2025-10-20 15:02:43,834 - WARNING -    Temperatura: 0.99
2025-10-20 15:02:43,834 - WARNING -    Tipo perturbación aplicada: (ver generar_vecino)
2025-10-20 15:02:43,834 - WARNING -    Vecino - Puntos: 16325, Tiempo: 15819.2min, Distancia: 247.9km
2025-10-20 15:02:43,834 - WARNING -    Actual - Puntos: 16361, Tiempo: 14642.4min, Distancia: 146.9km
2025-10-20 15:02:43,834 - WARNING -    Validez restricciones - Vecino: False, Actual: False
2025-10-20 15:02:43,835 - WARNING - ================================================================================
2025-10-20 15:02:43,835 - WARNING - ⚠️  SALTO ANORMAL DETECTADO en iteración 70992
2025-10-20 15:02:43,835 - WARNING -    Fitness: 137.9 → 114.7 (Δ=-23.1)
2025-10-20 15:02:43,835 - WARNING -    Ver detalles en archivo de log
2025-10-20 15:02:44,835 - INFO -   Iter 71000 | Tiempo:   94.5min (39.4%) | T =     0.99 | Fitness =    137.9 | Mejor =    149.0 | Aceptación =  75.8%
2025-10-20 15:02:44,836 - INFO - Progreso iter 71000: T=0.99, Fitness=137.9, Mejor=149.0, Tasa_acept=75.8%
2025-10-20 15:02:44,837 - DEBUG - Iter 71000: T=0.99, Fitness_actual=137.9, Mejor=149.0
2025-10-20 15:02:57,444 - DEBUG - Iter 71100: T=0.99, Fitness_actual=129.8, Mejor=149.0
2025-10-20 15:03:03,740 - WARNING - ⚠️  DEGRADACIÓN DETECTADA en iter 71150:
2025-10-20 15:03:03,740 - WARNING -    Mejor fitness: 149.0
2025-10-20 15:03:03,740 - WARNING -    Fitness promedio reciente: 128.2
2025-10-20 15:03:03,740 - WARNING -    Degradación: 20.7
2025-10-20 15:03:03,740 - WARNING -    🔄 RESTAURANDO mejor solución...
2025-10-20 15:03:10,016 - DEBUG - Iter 71200: T=0.99, Fitness_actual=142.0, Mejor=149.0
2025-10-20 15:03:22,583 - DEBUG - Iter 71300: T=0.98, Fitness_actual=140.6, Mejor=149.0
2025-10-20 15:03:35,199 - DEBUG - Iter 71400: T=0.98, Fitness_actual=136.5, Mejor=149.0
2025-10-20 15:03:47,927 - INFO -   Iter 71500 | Tiempo:   95.5min (39.8%) | T =     0.98 | Fitness =    138.1 | Mejor =    149.0 | Aceptación =  75.8%
2025-10-20 15:03:47,927 - INFO - Progreso iter 71500: T=0.98, Fitness=138.1, Mejor=149.0, Tasa_acept=75.8%
2025-10-20 15:03:47,929 - DEBUG - Iter 71500: T=0.98, Fitness_actual=138.1, Mejor=149.0
2025-10-20 15:04:00,574 - DEBUG - Iter 71600: T=0.98, Fitness_actual=139.0, Mejor=149.0
2025-10-20 15:04:13,195 - DEBUG - Iter 71700: T=0.97, Fitness_actual=139.1, Mejor=149.0
2025-10-20 15:04:25,801 - DEBUG - Iter 71800: T=0.97, Fitness_actual=135.9, Mejor=149.0
2025-10-20 15:04:38,541 - DEBUG - Iter 71900: T=0.97, Fitness_actual=133.6, Mejor=149.0
2025-10-20 15:04:51,238 - INFO -   Iter 72000 | Tiempo:   96.6min (40.2%) | T =     0.97 | Fitness =    134.4 | Mejor =    149.0 | Aceptación =  75.8%
2025-10-20 15:04:51,238 - INFO - Progreso iter 72000: T=0.97, Fitness=134.4, Mejor=149.0, Tasa_acept=75.8%
2025-10-20 15:04:51,241 - DEBUG - Iter 72000: T=0.97, Fitness_actual=134.4, Mejor=149.0
2025-10-20 15:05:03,936 - DEBUG - Iter 72100: T=0.96, Fitness_actual=130.6, Mejor=149.0
2025-10-20 15:05:16,660 - DEBUG - Iter 72200: T=0.96, Fitness_actual=131.6, Mejor=149.0
2025-10-20 15:05:29,323 - DEBUG - Iter 72300: T=0.96, Fitness_actual=129.0, Mejor=149.0
2025-10-20 15:05:35,663 - WARNING - ⚠️  DEGRADACIÓN DETECTADA en iter 72350:
2025-10-20 15:05:35,663 - WARNING -    Mejor fitness: 149.0
2025-10-20 15:05:35,663 - WARNING -    Fitness promedio reciente: 128.9
2025-10-20 15:05:35,663 - WARNING -    Degradación: 20.1
2025-10-20 15:05:35,664 - WARNING -    🔄 RESTAURANDO mejor solución...
2025-10-20 15:05:35,794 - INFO - 🌟 MEJORA #297 en iter 72351: Fitness=149.0 (+0.0), Puntos=16568
2025-10-20 15:05:35,921 - INFO - 🌟 MEJORA #298 en iter 72352: Fitness=149.0 (+0.0), Puntos=16568
2025-10-20 15:05:36,047 - INFO - 🌟 MEJORA #299 en iter 72353: Fitness=149.0 (+0.0), Puntos=16568
2025-10-20 15:05:42,130 - DEBUG - Iter 72400: T=0.96, Fitness_actual=142.9, Mejor=149.0
2025-10-20 15:05:54,917 - INFO -   Iter 72500 | Tiempo:   97.7min (40.7%) | T =     0.96 | Fitness =    139.5 | Mejor =    149.0 | Aceptación =  75.8%
2025-10-20 15:05:54,918 - INFO - Progreso iter 72500: T=0.96, Fitness=139.5, Mejor=149.0, Tasa_acept=75.8%
2025-10-20 15:05:54,920 - DEBUG - Iter 72500: T=0.96, Fitness_actual=139.5, Mejor=149.0
2025-10-20 15:06:07,745 - DEBUG - Iter 72600: T=0.95, Fitness_actual=139.5, Mejor=149.0
2025-10-20 15:06:20,651 - DEBUG - Iter 72700: T=0.95, Fitness_actual=137.4, Mejor=149.0
2025-10-20 15:06:33,410 - DEBUG - Iter 72800: T=0.95, Fitness_actual=140.1, Mejor=149.0
2025-10-20 15:06:46,140 - DEBUG - Iter 72900: T=0.95, Fitness_actual=135.3, Mejor=149.0
2025-10-20 15:06:58,921 - INFO -   Iter 73000 | Tiempo:   98.7min (41.1%) | T =     0.94 | Fitness =    136.5 | Mejor =    149.0 | Aceptación =  75.8%
2025-10-20 15:06:58,921 - INFO - Progreso iter 73000: T=0.94, Fitness=136.5, Mejor=149.0, Tasa_acept=75.8%
2025-10-20 15:06:58,924 - DEBUG - Iter 73000: T=0.94, Fitness_actual=136.5, Mejor=149.0
2025-10-20 15:07:11,752 - DEBUG - Iter 73100: T=0.94, Fitness_actual=131.5, Mejor=149.0
2025-10-20 15:07:24,597 - DEBUG - Iter 73200: T=0.94, Fitness_actual=131.6, Mejor=149.0
2025-10-20 15:07:37,423 - DEBUG - Iter 73300: T=0.94, Fitness_actual=129.6, Mejor=149.0
2025-10-20 15:07:43,847 - WARNING - ⚠️  DEGRADACIÓN DETECTADA en iter 73350:
2025-10-20 15:07:43,847 - WARNING -    Mejor fitness: 149.0
2025-10-20 15:07:43,848 - WARNING -    Fitness promedio reciente: 126.6
2025-10-20 15:07:43,848 - WARNING -    Degradación: 22.3
2025-10-20 15:07:43,848 - WARNING -    🔄 RESTAURANDO mejor solución...
2025-10-20 15:07:50,271 - DEBUG - Iter 73400: T=0.94, Fitness_actual=146.7, Mejor=149.0
2025-10-20 15:08:03,121 - INFO -   Iter 73500 | Tiempo:   99.8min (41.6%) | T =     0.93 | Fitness =    142.0 | Mejor =    149.0 | Aceptación =  75.8%
2025-10-20 15:08:03,121 - INFO - Progreso iter 73500: T=0.93, Fitness=142.0, Mejor=149.0, Tasa_acept=75.8%
2025-10-20 15:08:03,122 - DEBUG - Iter 73500: T=0.93, Fitness_actual=142.0, Mejor=149.0
2025-10-20 15:08:15,993 - DEBUG - Iter 73600: T=0.93, Fitness_actual=139.8, Mejor=149.0
2025-10-20 15:08:28,808 - DEBUG - Iter 73700: T=0.93, Fitness_actual=134.6, Mejor=149.0
2025-10-20 15:08:41,707 - DEBUG - Iter 73800: T=0.93, Fitness_actual=130.3, Mejor=149.0
2025-10-20 15:08:48,193 - WARNING - ⚠️  DEGRADACIÓN DETECTADA en iter 73850:
2025-10-20 15:08:48,193 - WARNING -    Mejor fitness: 149.0
2025-10-20 15:08:48,194 - WARNING -    Fitness promedio reciente: 128.5
2025-10-20 15:08:48,194 - WARNING -    Degradación: 20.5
2025-10-20 15:08:48,194 - WARNING -    🔄 RESTAURANDO mejor solución...
2025-10-20 15:08:54,621 - DEBUG - Iter 73900: T=0.92, Fitness_actual=143.8, Mejor=149.0
2025-10-20 15:09:07,513 - INFO -   Iter 74000 | Tiempo:  100.9min (42.0%) | T =     0.92 | Fitness =    139.1 | Mejor =    149.0 | Aceptación =  75.8%
2025-10-20 15:09:07,513 - INFO - Progreso iter 74000: T=0.92, Fitness=139.1, Mejor=149.0, Tasa_acept=75.8%
2025-10-20 15:09:07,516 - DEBUG - Iter 74000: T=0.92, Fitness_actual=139.1, Mejor=149.0
2025-10-20 15:09:20,402 - DEBUG - Iter 74100: T=0.92, Fitness_actual=129.9, Mejor=149.0
2025-10-20 15:09:26,862 - WARNING - ⚠️  DEGRADACIÓN DETECTADA en iter 74150:
2025-10-20 15:09:26,862 - WARNING -    Mejor fitness: 149.0
2025-10-20 15:09:26,863 - WARNING -    Fitness promedio reciente: 127.5
2025-10-20 15:09:26,863 - WARNING -    Degradación: 21.5
2025-10-20 15:09:26,863 - WARNING -    🔄 RESTAURANDO mejor solución...
2025-10-20 15:09:26,994 - INFO - 🌟 MEJORA #300 en iter 74151: Fitness=149.0 (+0.0), Puntos=16568
2025-10-20 15:09:26,995 - INFO -   ✨ Mejora #300 en iteración 74152: Fitness = 149.0 | Puntos = 16568 | T = 0.92
2025-10-20 15:09:33,330 - DEBUG - Iter 74200: T=0.92, Fitness_actual=147.4, Mejor=149.0
2025-10-20 15:09:46,377 - DEBUG - Iter 74300: T=0.92, Fitness_actual=146.2, Mejor=149.0
2025-10-20 15:09:59,287 - DEBUG - Iter 74400: T=0.91, Fitness_actual=139.7, Mejor=149.0
2025-10-20 15:10:12,204 - INFO -   Iter 74500 | Tiempo:  101.9min (42.5%) | T =     0.91 | Fitness =    134.0 | Mejor =    149.0 | Aceptación =  75.7%
2025-10-20 15:10:12,204 - INFO - Progreso iter 74500: T=0.91, Fitness=134.0, Mejor=149.0, Tasa_acept=75.7%
2025-10-20 15:10:12,207 - DEBUG - Iter 74500: T=0.91, Fitness_actual=134.0, Mejor=149.0
2025-10-20 15:10:25,136 - DEBUG - Iter 74600: T=0.91, Fitness_actual=132.3, Mejor=149.0
2025-10-20 15:10:38,059 - DEBUG - Iter 74700: T=0.91, Fitness_actual=126.8, Mejor=149.0
2025-10-20 15:10:44,579 - WARNING - ⚠️  DEGRADACIÓN DETECTADA en iter 74750:
2025-10-20 15:10:44,579 - WARNING -    Mejor fitness: 149.0
2025-10-20 15:10:44,579 - WARNING -    Fitness promedio reciente: 128.3
2025-10-20 15:10:44,579 - WARNING -    Degradación: 20.7
2025-10-20 15:10:44,580 - WARNING -    🔄 RESTAURANDO mejor solución...
2025-10-20 15:10:44,713 - INFO - 🌟 MEJORA #301 en iter 74751: Fitness=149.0 (+0.0), Puntos=16568
2025-10-20 15:10:51,065 - DEBUG - Iter 74800: T=0.90, Fitness_actual=145.7, Mejor=149.0
2025-10-20 15:11:04,159 - DEBUG - Iter 74900: T=0.90, Fitness_actual=136.8, Mejor=149.0
2025-10-20 15:11:17,251 - INFO -   Iter 75000 | Tiempo:  103.0min (42.9%) | T =     0.90 | Fitness =    135.9 | Mejor =    149.0 | Aceptación =  75.7%
2025-10-20 15:11:17,252 - INFO - Progreso iter 75000: T=0.90, Fitness=135.9, Mejor=149.0, Tasa_acept=75.7%
2025-10-20 15:11:17,254 - DEBUG - Iter 75000: T=0.90, Fitness_actual=135.9, Mejor=149.0
2025-10-20 15:11:30,299 - DEBUG - Iter 75100: T=0.90, Fitness_actual=134.0, Mejor=149.0
2025-10-20 15:11:43,338 - WARNING - ⚠️  DEGRADACIÓN DETECTADA en iter 75200:
2025-10-20 15:11:43,338 - WARNING -    Mejor fitness: 149.0
2025-10-20 15:11:43,338 - WARNING -    Fitness promedio reciente: 126.7
2025-10-20 15:11:43,338 - WARNING -    Degradación: 22.3
2025-10-20 15:11:43,338 - WARNING -    🔄 RESTAURANDO mejor solución...
2025-10-20 15:11:43,344 - DEBUG - Iter 75200: T=0.90, Fitness_actual=149.0, Mejor=149.0
2025-10-20 15:11:56,406 - DEBUG - Iter 75300: T=0.89, Fitness_actual=142.7, Mejor=149.0
2025-10-20 15:12:09,685 - DEBUG - Iter 75400: T=0.89, Fitness_actual=142.2, Mejor=149.0
2025-10-20 15:12:22,803 - INFO -   Iter 75500 | Tiempo:  104.1min (43.4%) | T =     0.89 | Fitness =    143.6 | Mejor =    149.0 | Aceptación =  75.6%
2025-10-20 15:12:22,803 - INFO - Progreso iter 75500: T=0.89, Fitness=143.6, Mejor=149.0, Tasa_acept=75.6%
2025-10-20 15:12:22,804 - DEBUG - Iter 75500: T=0.89, Fitness_actual=143.6, Mejor=149.0
2025-10-20 15:12:35,873 - DEBUG - Iter 75600: T=0.89, Fitness_actual=144.4, Mejor=149.0
2025-10-20 15:12:49,061 - DEBUG - Iter 75700: T=0.88, Fitness_actual=141.4, Mejor=149.0
2025-10-20 15:13:02,188 - DEBUG - Iter 75800: T=0.88, Fitness_actual=140.5, Mejor=149.0
2025-10-20 15:13:15,268 - DEBUG - Iter 75900: T=0.88, Fitness_actual=134.0, Mejor=149.0
2025-10-20 15:13:28,400 - INFO -   Iter 76000 | Tiempo:  105.2min (43.8%) | T =     0.88 | Fitness =    133.1 | Mejor =    149.0 | Aceptación =  75.5%
2025-10-20 15:13:28,400 - INFO - Progreso iter 76000: T=0.88, Fitness=133.1, Mejor=149.0, Tasa_acept=75.5%
2025-10-20 15:13:28,405 - DEBUG - Iter 76000: T=0.88, Fitness_actual=133.1, Mejor=149.0
2025-10-20 15:13:41,502 - DEBUG - Iter 76100: T=0.88, Fitness_actual=130.3, Mejor=149.0
2025-10-20 15:13:54,688 - DEBUG - Iter 76200: T=0.87, Fitness_actual=132.2, Mejor=149.0
2025-10-20 15:14:07,906 - WARNING - ⚠️  DEGRADACIÓN DETECTADA en iter 76300:
2025-10-20 15:14:07,906 - WARNING -    Mejor fitness: 149.0
2025-10-20 15:14:07,906 - WARNING -    Fitness promedio reciente: 128.8
2025-10-20 15:14:07,907 - WARNING -    Degradación: 20.2
2025-10-20 15:14:07,907 - WARNING -    🔄 RESTAURANDO mejor solución...
2025-10-20 15:14:07,913 - DEBUG - Iter 76300: T=0.87, Fitness_actual=149.0, Mejor=149.0
2025-10-20 15:14:21,203 - DEBUG - Iter 76400: T=0.87, Fitness_actual=143.2, Mejor=149.0
2025-10-20 15:14:34,400 - INFO -   Iter 76500 | Tiempo:  106.3min (44.3%) | T =     0.87 | Fitness =    138.6 | Mejor =    149.0 | Aceptación =  75.4%
2025-10-20 15:14:34,400 - INFO - Progreso iter 76500: T=0.87, Fitness=138.6, Mejor=149.0, Tasa_acept=75.4%
2025-10-20 15:14:34,402 - DEBUG - Iter 76500: T=0.87, Fitness_actual=138.6, Mejor=149.0
2025-10-20 15:14:47,732 - DEBUG - Iter 76600: T=0.87, Fitness_actual=139.1, Mejor=149.0
2025-10-20 15:15:00,970 - DEBUG - Iter 76700: T=0.86, Fitness_actual=138.6, Mejor=149.0
2025-10-20 15:15:14,298 - DEBUG - Iter 76800: T=0.86, Fitness_actual=130.6, Mejor=149.0
2025-10-20 15:15:27,684 - DEBUG - Iter 76900: T=0.86, Fitness_actual=131.5, Mejor=149.0
2025-10-20 15:15:41,119 - INFO -   Iter 77000 | Tiempo:  107.4min (44.8%) | T =     0.86 | Fitness =    129.4 | Mejor =    149.0 | Aceptación =  75.4%
2025-10-20 15:15:41,119 - INFO - Progreso iter 77000: T=0.86, Fitness=129.4, Mejor=149.0, Tasa_acept=75.4%
2025-10-20 15:15:41,121 - DEBUG - Iter 77000: T=0.86, Fitness_actual=129.4, Mejor=149.0
2025-10-20 15:15:47,807 - WARNING - ⚠️  DEGRADACIÓN DETECTADA en iter 77050:
2025-10-20 15:15:47,808 - WARNING -    Mejor fitness: 149.0
2025-10-20 15:15:47,808 - WARNING -    Fitness promedio reciente: 126.2
2025-10-20 15:15:47,808 - WARNING -    Degradación: 22.8
2025-10-20 15:15:47,808 - WARNING -    🔄 RESTAURANDO mejor solución...
2025-10-20 15:15:47,810 - INFO - 🌟 MEJORA #302 en iter 77050: Fitness=149.0 (+0.0), Puntos=16568
2025-10-20 15:15:54,482 - DEBUG - Iter 77100: T=0.86, Fitness_actual=140.8, Mejor=149.0
2025-10-20 15:16:07,848 - DEBUG - Iter 77200: T=0.85, Fitness_actual=138.2, Mejor=149.0
2025-10-20 15:16:21,343 - DEBUG - Iter 77300: T=0.85, Fitness_actual=134.4, Mejor=149.0
2025-10-20 15:16:34,843 - DEBUG - Iter 77400: T=0.85, Fitness_actual=129.3, Mejor=149.0
2025-10-20 15:16:48,267 - INFO -   Iter 77500 | Tiempo:  108.5min (45.2%) | T =     0.85 | Fitness =    126.2 | Mejor =    149.0 | Aceptación =  75.4%
2025-10-20 15:16:48,267 - INFO - Progreso iter 77500: T=0.85, Fitness=126.2, Mejor=149.0, Tasa_acept=75.4%
2025-10-20 15:16:48,267 - WARNING - ⚠️  DEGRADACIÓN DETECTADA en iter 77500:
2025-10-20 15:16:48,268 - WARNING -    Mejor fitness: 149.0
2025-10-20 15:16:48,268 - WARNING -    Fitness promedio reciente: 127.2
2025-10-20 15:16:48,268 - WARNING -    Degradación: 21.8
2025-10-20 15:16:48,268 - WARNING -    🔄 RESTAURANDO mejor solución...
2025-10-20 15:16:48,274 - DEBUG - Iter 77500: T=0.85, Fitness_actual=149.0, Mejor=149.0
2025-10-20 15:16:48,953 - INFO - 🌟 MEJORA #303 en iter 77505: Fitness=149.8 (+0.8), Puntos=16553
2025-10-20 15:16:49,354 - INFO - 🌟 MEJORA #304 en iter 77508: Fitness=149.8 (+0.0), Puntos=16553
2025-10-20 15:17:01,676 - DEBUG - Iter 77600: T=0.84, Fitness_actual=142.3, Mejor=149.8
2025-10-20 15:17:15,019 - DEBUG - Iter 77700: T=0.84, Fitness_actual=141.0, Mejor=149.8
2025-10-20 15:17:28,365 - DEBUG - Iter 77800: T=0.84, Fitness_actual=137.7, Mejor=149.8
2025-10-20 15:17:41,869 - DEBUG - Iter 77900: T=0.84, Fitness_actual=135.2, Mejor=149.8
2025-10-20 15:17:55,271 - INFO -   Iter 78000 | Tiempo:  109.7min (45.7%) | T =     0.84 | Fitness =    135.7 | Mejor =    149.8 | Aceptación =  75.4%
2025-10-20 15:17:55,272 - INFO - Progreso iter 78000: T=0.84, Fitness=135.7, Mejor=149.8, Tasa_acept=75.4%
2025-10-20 15:17:55,274 - DEBUG - Iter 78000: T=0.84, Fitness_actual=135.7, Mejor=149.8
2025-10-20 15:18:08,754 - DEBUG - Iter 78100: T=0.83, Fitness_actual=129.6, Mejor=149.8
2025-10-20 15:18:15,502 - WARNING - ⚠️  DEGRADACIÓN DETECTADA en iter 78150:
2025-10-20 15:18:15,502 - WARNING -    Mejor fitness: 149.8
2025-10-20 15:18:15,503 - WARNING -    Fitness promedio reciente: 127.7
2025-10-20 15:18:15,503 - WARNING -    Degradación: 22.2
2025-10-20 15:18:15,503 - WARNING -    🔄 RESTAURANDO mejor solución...
2025-10-20 15:18:16,176 - INFO - 🌟 MEJORA #305 en iter 78155: Fitness=149.8 (+0.0), Puntos=16554
2025-10-20 15:18:16,176 - INFO -   ✨ Mejora #305 en iteración 78156: Fitness = 149.8 | Puntos = 16554 | T = 0.83
2025-10-20 15:18:16,311 - INFO - 🌟 MEJORA #306 en iter 78156: Fitness=149.8 (+0.0), Puntos=16554
2025-10-20 15:18:16,445 - INFO - 🌟 MEJORA #307 en iter 78157: Fitness=149.8 (+0.0), Puntos=16554
2025-10-20 15:18:22,327 - DEBUG - Iter 78200: T=0.83, Fitness_actual=149.5, Mejor=149.8
2025-10-20 15:18:35,806 - DEBUG - Iter 78300: T=0.83, Fitness_actual=147.9, Mejor=149.8
2025-10-20 15:18:49,263 - DEBUG - Iter 78400: T=0.83, Fitness_actual=138.1, Mejor=149.8
2025-10-20 15:19:02,763 - INFO -   Iter 78500 | Tiempo:  110.8min (46.2%) | T =     0.83 | Fitness =    135.8 | Mejor =    149.8 | Aceptación =  75.3%
2025-10-20 15:19:02,763 - INFO - Progreso iter 78500: T=0.83, Fitness=135.8, Mejor=149.8, Tasa_acept=75.3%
2025-10-20 15:19:02,764 - DEBUG - Iter 78500: T=0.83, Fitness_actual=135.8, Mejor=149.8
2025-10-20 15:19:16,194 - DEBUG - Iter 78600: T=0.82, Fitness_actual=132.8, Mejor=149.8
2025-10-20 15:19:29,753 - DEBUG - Iter 78700: T=0.82, Fitness_actual=135.5, Mejor=149.8
2025-10-20 15:19:43,283 - DEBUG - Iter 78800: T=0.82, Fitness_actual=134.7, Mejor=149.8
2025-10-20 15:19:56,820 - DEBUG - Iter 78900: T=0.82, Fitness_actual=132.6, Mejor=149.8
2025-10-20 15:20:03,595 - WARNING - ⚠️  DEGRADACIÓN DETECTADA en iter 78950:
2025-10-20 15:20:03,596 - WARNING -    Mejor fitness: 149.8
2025-10-20 15:20:03,596 - WARNING -    Fitness promedio reciente: 128.4
2025-10-20 15:20:03,596 - WARNING -    Degradación: 21.5
2025-10-20 15:20:03,596 - WARNING -    🔄 RESTAURANDO mejor solución...
2025-10-20 15:20:03,868 - INFO - 🌟 MEJORA #308 en iter 78952: Fitness=149.8 (+0.0), Puntos=16554
2025-10-20 15:20:04,138 - INFO - 🌟 MEJORA #309 en iter 78954: Fitness=149.8 (+0.0), Puntos=16554
2025-10-20 15:20:05,366 - INFO - 🌟 MEJORA #310 en iter 78963: Fitness=149.8 (+0.0), Puntos=16554
2025-10-20 15:20:05,366 - INFO -   ✨ Mejora #310 en iteración 78964: Fitness = 149.8 | Puntos = 16554 | T = 0.82
2025-10-20 15:20:06,859 - INFO - 🌟 MEJORA #311 en iter 78974: Fitness=150.2 (+0.3), Puntos=16586
2025-10-20 15:20:07,127 - INFO - 🌟 MEJORA #312 en iter 78976: Fitness=150.2 (+0.0), Puntos=16586
2025-10-20 15:20:10,382 - INFO -   Iter 79000 | Tiempo:  111.9min (46.6%) | T =     0.82 | Fitness =    150.0 | Mejor =    150.2 | Aceptación =  75.3%
2025-10-20 15:20:10,383 - INFO - Progreso iter 79000: T=0.82, Fitness=150.0, Mejor=150.2, Tasa_acept=75.3%
2025-10-20 15:20:10,384 - DEBUG - Iter 79000: T=0.82, Fitness_actual=150.0, Mejor=150.2
2025-10-20 15:20:23,906 - DEBUG - Iter 79100: T=0.81, Fitness_actual=148.8, Mejor=150.2
2025-10-20 15:20:37,553 - DEBUG - Iter 79200: T=0.81, Fitness_actual=144.5, Mejor=150.2
2025-10-20 15:20:51,096 - DEBUG - Iter 79300: T=0.81, Fitness_actual=137.9, Mejor=150.2
2025-10-20 15:21:04,667 - DEBUG - Iter 79400: T=0.81, Fitness_actual=132.9, Mejor=150.2
2025-10-20 15:21:18,412 - INFO -   Iter 79500 | Tiempo:  113.0min (47.1%) | T =     0.81 | Fitness =    132.4 | Mejor =    150.2 | Aceptación =  75.2%
2025-10-20 15:21:18,412 - INFO - Progreso iter 79500: T=0.81, Fitness=132.4, Mejor=150.2, Tasa_acept=75.2%
2025-10-20 15:21:18,414 - DEBUG - Iter 79500: T=0.81, Fitness_actual=132.4, Mejor=150.2
2025-10-20 15:21:32,049 - DEBUG - Iter 79600: T=0.80, Fitness_actual=129.9, Mejor=150.2
2025-10-20 15:21:45,687 - WARNING - ⚠️  DEGRADACIÓN DETECTADA en iter 79700:
2025-10-20 15:21:45,687 - WARNING -    Mejor fitness: 150.2
2025-10-20 15:21:45,687 - WARNING -    Fitness promedio reciente: 129.3
2025-10-20 15:21:45,688 - WARNING -    Degradación: 20.9
2025-10-20 15:21:45,688 - WARNING -    🔄 RESTAURANDO mejor solución...
2025-10-20 15:21:45,691 - DEBUG - Iter 79700: T=0.80, Fitness_actual=150.2, Mejor=150.2
2025-10-20 15:21:47,189 - INFO - 🌟 MEJORA #313 en iter 79711: Fitness=150.2 (+0.0), Puntos=16589
2025-10-20 15:21:59,389 - DEBUG - Iter 79800: T=0.80, Fitness_actual=144.9, Mejor=150.2
2025-10-20 15:22:13,041 - DEBUG - Iter 79900: T=0.80, Fitness_actual=140.9, Mejor=150.2
2025-10-20 15:22:26,656 - INFO -   Iter 80000 | Tiempo:  114.2min (47.6%) | T =     0.80 | Fitness =    131.7 | Mejor =    150.2 | Aceptación =  75.2%
2025-10-20 15:22:26,656 - INFO - Progreso iter 80000: T=0.80, Fitness=131.7, Mejor=150.2, Tasa_acept=75.2%
2025-10-20 15:22:26,658 - DEBUG - Iter 80000: T=0.80, Fitness_actual=131.7, Mejor=150.2
2025-10-20 15:22:40,420 - DEBUG - Iter 80100: T=0.79, Fitness_actual=131.0, Mejor=150.2
2025-10-20 15:22:54,128 - WARNING - ⚠️  DEGRADACIÓN DETECTADA en iter 80200:
2025-10-20 15:22:54,128 - WARNING -    Mejor fitness: 150.2
2025-10-20 15:22:54,128 - WARNING -    Fitness promedio reciente: 130.0
2025-10-20 15:22:54,129 - WARNING -    Degradación: 20.2
2025-10-20 15:22:54,129 - WARNING -    🔄 RESTAURANDO mejor solución...
2025-10-20 15:22:54,130 - DEBUG - Iter 80200: T=0.79, Fitness_actual=150.2, Mejor=150.2
2025-10-20 15:22:54,130 - INFO - 🌟 MEJORA #314 en iter 80200: Fitness=150.2 (+0.0), Puntos=16589
2025-10-20 15:23:07,803 - DEBUG - Iter 80300: T=0.79, Fitness_actual=146.6, Mejor=150.2
2025-10-20 15:23:21,526 - DEBUG - Iter 80400: T=0.79, Fitness_actual=145.0, Mejor=150.2
2025-10-20 15:23:35,251 - INFO -   Iter 80500 | Tiempo:  115.3min (48.1%) | T =     0.79 | Fitness =    141.9 | Mejor =    150.2 | Aceptación =  75.2%
2025-10-20 15:23:35,251 - INFO - Progreso iter 80500: T=0.79, Fitness=141.9, Mejor=150.2, Tasa_acept=75.2%
2025-10-20 15:23:35,256 - DEBUG - Iter 80500: T=0.79, Fitness_actual=141.9, Mejor=150.2
2025-10-20 15:23:48,984 - DEBUG - Iter 80600: T=0.78, Fitness_actual=141.3, Mejor=150.2
2025-10-20 15:24:02,767 - DEBUG - Iter 80700: T=0.78, Fitness_actual=137.7, Mejor=150.2
2025-10-20 15:24:16,499 - DEBUG - Iter 80800: T=0.78, Fitness_actual=133.6, Mejor=150.2
2025-10-20 15:24:30,228 - DEBUG - Iter 80900: T=0.78, Fitness_actual=131.9, Mejor=150.2
2025-10-20 15:24:44,025 - INFO -   Iter 81000 | Tiempo:  116.5min (48.5%) | T =     0.78 | Fitness =    132.4 | Mejor =    150.2 | Aceptación =  75.2%
2025-10-20 15:24:44,025 - INFO - Progreso iter 81000: T=0.78, Fitness=132.4, Mejor=150.2, Tasa_acept=75.2%
2025-10-20 15:24:44,027 - DEBUG - Iter 81000: T=0.78, Fitness_actual=132.4, Mejor=150.2
2025-10-20 15:24:57,790 - DEBUG - Iter 81100: T=0.77, Fitness_actual=131.0, Mejor=150.2
2025-10-20 15:25:11,530 - WARNING - ⚠️  DEGRADACIÓN DETECTADA en iter 81200:
2025-10-20 15:25:11,530 - WARNING -    Mejor fitness: 150.2
2025-10-20 15:25:11,531 - WARNING -    Fitness promedio reciente: 128.1
2025-10-20 15:25:11,531 - WARNING -    Degradación: 22.1
2025-10-20 15:25:11,531 - WARNING -    🔄 RESTAURANDO mejor solución...
2025-10-20 15:25:11,532 - DEBUG - Iter 81200: T=0.77, Fitness_actual=150.2, Mejor=150.2
2025-10-20 15:25:11,532 - INFO - 🌟 MEJORA #315 en iter 81200: Fitness=150.2 (+0.0), Puntos=16592
2025-10-20 15:25:11,533 - INFO -   ✨ Mejora #315 en iteración 81201: Fitness = 150.2 | Puntos = 16592 | T = 0.77
2025-10-20 15:25:11,669 - INFO - 🌟 MEJORA #316 en iter 81201: Fitness=150.2 (+0.0), Puntos=16592
2025-10-20 15:25:25,310 - DEBUG - Iter 81300: T=0.77, Fitness_actual=148.1, Mejor=150.2
2025-10-20 15:25:39,187 - DEBUG - Iter 81400: T=0.77, Fitness_actual=143.7, Mejor=150.2
2025-10-20 15:25:53,013 - INFO -   Iter 81500 | Tiempo:  117.6min (49.0%) | T =     0.77 | Fitness =    144.1 | Mejor =    150.2 | Aceptación =  75.1%
2025-10-20 15:25:53,013 - INFO - Progreso iter 81500: T=0.77, Fitness=144.1, Mejor=150.2, Tasa_acept=75.1%
2025-10-20 15:25:53,014 - DEBUG - Iter 81500: T=0.77, Fitness_actual=144.1, Mejor=150.2
2025-10-20 15:26:06,808 - DEBUG - Iter 81600: T=0.76, Fitness_actual=141.7, Mejor=150.2
2025-10-20 15:26:20,699 - DEBUG - Iter 81700: T=0.76, Fitness_actual=138.7, Mejor=150.2
2025-10-20 15:26:34,581 - DEBUG - Iter 81800: T=0.76, Fitness_actual=136.3, Mejor=150.2
2025-10-20 15:26:48,070 - DEBUG - Iter 81900: T=0.76, Fitness_actual=139.6, Mejor=150.2
2025-10-20 15:27:01,531 - INFO -   Iter 82000 | Tiempo:  118.8min (49.5%) | T =     0.76 | Fitness =    140.6 | Mejor =    150.2 | Aceptación =  75.0%
2025-10-20 15:27:01,531 - INFO - Progreso iter 82000: T=0.76, Fitness=140.6, Mejor=150.2, Tasa_acept=75.0%
2025-10-20 15:27:01,536 - DEBUG - Iter 82000: T=0.76, Fitness_actual=140.6, Mejor=150.2
2025-10-20 15:27:15,033 - DEBUG - Iter 82100: T=0.76, Fitness_actual=138.9, Mejor=150.2
2025-10-20 15:27:28,480 - DEBUG - Iter 82200: T=0.75, Fitness_actual=137.1, Mejor=150.2
2025-10-20 15:27:41,936 - DEBUG - Iter 82300: T=0.75, Fitness_actual=136.0, Mejor=150.2
2025-10-20 15:27:55,339 - DEBUG - Iter 82400: T=0.75, Fitness_actual=133.1, Mejor=150.2
2025-10-20 15:28:08,789 - INFO -   Iter 82500 | Tiempo:  119.9min (50.0%) | T =     0.75 | Fitness =    134.4 | Mejor =    150.2 | Aceptación =  75.0%
2025-10-20 15:28:08,789 - INFO - Progreso iter 82500: T=0.75, Fitness=134.4, Mejor=150.2, Tasa_acept=75.0%
2025-10-20 15:28:08,790 - DEBUG - Iter 82500: T=0.75, Fitness_actual=134.4, Mejor=150.2
2025-10-20 15:28:22,232 - DEBUG - Iter 82600: T=0.75, Fitness_actual=130.6, Mejor=150.2
2025-10-20 15:28:35,676 - DEBUG - Iter 82700: T=0.74, Fitness_actual=132.1, Mejor=150.2
2025-10-20 15:28:49,223 - DEBUG - Iter 82800: T=0.74, Fitness_actual=136.1, Mejor=150.2
2025-10-20 15:29:02,687 - DEBUG - Iter 82900: T=0.74, Fitness_actual=134.0, Mejor=150.2
2025-10-20 15:29:16,207 - INFO -   Iter 83000 | Tiempo:  121.0min (50.4%) | T =     0.74 | Fitness =    132.2 | Mejor =    150.2 | Aceptación =  74.9%
2025-10-20 15:29:16,208 - INFO - Progreso iter 83000: T=0.74, Fitness=132.2, Mejor=150.2, Tasa_acept=74.9%
2025-10-20 15:29:16,209 - DEBUG - Iter 83000: T=0.74, Fitness_actual=132.2, Mejor=150.2
2025-10-20 15:29:29,701 - DEBUG - Iter 83100: T=0.74, Fitness_actual=132.0, Mejor=150.2
2025-10-20 15:29:43,347 - DEBUG - Iter 83200: T=0.74, Fitness_actual=131.2, Mejor=150.2
2025-10-20 15:29:56,883 - DEBUG - Iter 83300: T=0.73, Fitness_actual=129.3, Mejor=150.2
2025-10-20 15:30:03,634 - WARNING - ⚠️  DEGRADACIÓN DETECTADA en iter 83350:
2025-10-20 15:30:03,634 - WARNING -    Mejor fitness: 150.2
2025-10-20 15:30:03,634 - WARNING -    Fitness promedio reciente: 129.6
2025-10-20 15:30:03,635 - WARNING -    Degradación: 20.6
2025-10-20 15:30:03,635 - WARNING -    🔄 RESTAURANDO mejor solución...
2025-10-20 15:30:03,636 - INFO - 🌟 MEJORA #317 en iter 83350: Fitness=150.2 (+0.0), Puntos=16592
2025-10-20 15:30:10,434 - DEBUG - Iter 83400: T=0.73, Fitness_actual=147.9, Mejor=150.2
2025-10-20 15:30:24,137 - INFO -   Iter 83500 | Tiempo:  122.1min (50.9%) | T =     0.73 | Fitness =    144.9 | Mejor =    150.2 | Aceptación =  74.8%
2025-10-20 15:30:24,137 - INFO - Progreso iter 83500: T=0.73, Fitness=144.9, Mejor=150.2, Tasa_acept=74.8%
2025-10-20 15:30:24,138 - DEBUG - Iter 83500: T=0.73, Fitness_actual=144.9, Mejor=150.2
2025-10-20 15:30:37,821 - DEBUG - Iter 83600: T=0.73, Fitness_actual=144.5, Mejor=150.2
2025-10-20 15:30:51,398 - DEBUG - Iter 83700: T=0.73, Fitness_actual=144.4, Mejor=150.2
2025-10-20 15:31:05,027 - DEBUG - Iter 83800: T=0.72, Fitness_actual=143.5, Mejor=150.2
2025-10-20 15:31:18,743 - DEBUG - Iter 83900: T=0.72, Fitness_actual=143.0, Mejor=150.2
2025-10-20 15:31:32,411 - INFO -   Iter 84000 | Tiempo:  123.3min (51.4%) | T =     0.72 | Fitness =    141.6 | Mejor =    150.2 | Aceptación =  74.7%
2025-10-20 15:31:32,411 - INFO - Progreso iter 84000: T=0.72, Fitness=141.6, Mejor=150.2, Tasa_acept=74.7%
2025-10-20 15:31:32,412 - DEBUG - Iter 84000: T=0.72, Fitness_actual=141.6, Mejor=150.2
2025-10-20 15:31:46,058 - DEBUG - Iter 84100: T=0.72, Fitness_actual=138.6, Mejor=150.2
2025-10-20 15:31:59,741 - DEBUG - Iter 84200: T=0.72, Fitness_actual=135.9, Mejor=150.2
2025-10-20 15:32:13,437 - DEBUG - Iter 84300: T=0.72, Fitness_actual=137.5, Mejor=150.2
2025-10-20 15:32:27,150 - DEBUG - Iter 84400: T=0.71, Fitness_actual=135.7, Mejor=150.2
2025-10-20 15:32:40,822 - INFO -   Iter 84500 | Tiempo:  124.4min (51.8%) | T =     0.71 | Fitness =    134.4 | Mejor =    150.2 | Aceptación =  74.6%
2025-10-20 15:32:40,822 - INFO - Progreso iter 84500: T=0.71, Fitness=134.4, Mejor=150.2, Tasa_acept=74.6%
2025-10-20 15:32:40,823 - DEBUG - Iter 84500: T=0.71, Fitness_actual=134.4, Mejor=150.2
2025-10-20 15:32:54,427 - DEBUG - Iter 84600: T=0.71, Fitness_actual=131.7, Mejor=150.2
2025-10-20 15:33:08,101 - DEBUG - Iter 84700: T=0.71, Fitness_actual=136.5, Mejor=150.2
2025-10-20 15:33:21,726 - DEBUG - Iter 84800: T=0.71, Fitness_actual=136.0, Mejor=150.2
2025-10-20 15:33:35,392 - DEBUG - Iter 84900: T=0.71, Fitness_actual=133.0, Mejor=150.2
2025-10-20 15:33:49,264 - INFO -   Iter 85000 | Tiempo:  125.6min (52.3%) | T =     0.70 | Fitness =    128.5 | Mejor =    150.2 | Aceptación =  74.6%
2025-10-20 15:33:49,264 - INFO - Progreso iter 85000: T=0.70, Fitness=128.5, Mejor=150.2, Tasa_acept=74.6%
2025-10-20 15:33:49,265 - WARNING - ⚠️  DEGRADACIÓN DETECTADA en iter 85000:
2025-10-20 15:33:49,265 - WARNING -    Mejor fitness: 150.2
2025-10-20 15:33:49,265 - WARNING -    Fitness promedio reciente: 129.1
2025-10-20 15:33:49,265 - WARNING -    Degradación: 21.1
2025-10-20 15:33:49,265 - WARNING -    🔄 RESTAURANDO mejor solución...
2025-10-20 15:33:49,266 - DEBUG - Iter 85000: T=0.70, Fitness_actual=150.2, Mejor=150.2
2025-10-20 15:34:03,017 - DEBUG - Iter 85100: T=0.70, Fitness_actual=148.9, Mejor=150.2
2025-10-20 15:34:16,793 - DEBUG - Iter 85200: T=0.70, Fitness_actual=146.3, Mejor=150.2
2025-10-20 15:34:30,574 - DEBUG - Iter 85300: T=0.70, Fitness_actual=143.8, Mejor=150.2
2025-10-20 15:34:44,423 - DEBUG - Iter 85400: T=0.70, Fitness_actual=143.2, Mejor=150.2
2025-10-20 15:34:58,200 - INFO -   Iter 85500 | Tiempo:  126.7min (52.8%) | T =     0.70 | Fitness =    140.8 | Mejor =    150.2 | Aceptación =  74.5%
2025-10-20 15:34:58,200 - INFO - Progreso iter 85500: T=0.70, Fitness=140.8, Mejor=150.2, Tasa_acept=74.5%
2025-10-20 15:34:58,203 - DEBUG - Iter 85500: T=0.70, Fitness_actual=140.8, Mejor=150.2
2025-10-20 15:35:11,966 - DEBUG - Iter 85600: T=0.69, Fitness_actual=141.9, Mejor=150.2
2025-10-20 15:35:25,723 - DEBUG - Iter 85700: T=0.69, Fitness_actual=139.1, Mejor=150.2
2025-10-20 15:35:39,542 - DEBUG - Iter 85800: T=0.69, Fitness_actual=140.2, Mejor=150.2
2025-10-20 15:35:53,417 - DEBUG - Iter 85900: T=0.69, Fitness_actual=138.6, Mejor=150.2
2025-10-20 15:36:07,185 - INFO -   Iter 86000 | Tiempo:  127.9min (53.3%) | T =     0.69 | Fitness =    132.2 | Mejor =    150.2 | Aceptación =  74.5%
2025-10-20 15:36:07,185 - INFO - Progreso iter 86000: T=0.69, Fitness=132.2, Mejor=150.2, Tasa_acept=74.5%
2025-10-20 15:36:07,186 - DEBUG - Iter 86000: T=0.69, Fitness_actual=132.2, Mejor=150.2
2025-10-20 15:36:21,077 - DEBUG - Iter 86100: T=0.68, Fitness_actual=132.5, Mejor=150.2
2025-10-20 15:36:34,870 - DEBUG - Iter 86200: T=0.68, Fitness_actual=133.7, Mejor=150.2
2025-10-20 15:36:48,677 - DEBUG - Iter 86300: T=0.68, Fitness_actual=132.9, Mejor=150.2
2025-10-20 15:37:02,444 - DEBUG - Iter 86400: T=0.68, Fitness_actual=130.9, Mejor=150.2
2025-10-20 15:37:09,346 - WARNING - ⚠️  DEGRADACIÓN DETECTADA en iter 86450:
2025-10-20 15:37:09,346 - WARNING -    Mejor fitness: 150.2
2025-10-20 15:37:09,347 - WARNING -    Fitness promedio reciente: 129.0
2025-10-20 15:37:09,347 - WARNING -    Degradación: 21.2
2025-10-20 15:37:09,347 - WARNING -    🔄 RESTAURANDO mejor solución...
2025-10-20 15:37:09,348 - INFO - 🌟 MEJORA #318 en iter 86450: Fitness=150.2 (+0.0), Puntos=16592
2025-10-20 15:37:16,279 - INFO -   Iter 86500 | Tiempo:  129.0min (53.8%) | T =     0.68 | Fitness =    148.1 | Mejor =    150.2 | Aceptación =  74.5%
2025-10-20 15:37:16,279 - INFO - Progreso iter 86500: T=0.68, Fitness=148.1, Mejor=150.2, Tasa_acept=74.5%
2025-10-20 15:37:16,280 - DEBUG - Iter 86500: T=0.68, Fitness_actual=148.1, Mejor=150.2
2025-10-20 15:37:30,136 - DEBUG - Iter 86600: T=0.68, Fitness_actual=145.2, Mejor=150.2
2025-10-20 15:37:44,085 - DEBUG - Iter 86700: T=0.67, Fitness_actual=143.6, Mejor=150.2
2025-10-20 15:37:57,928 - DEBUG - Iter 86800: T=0.67, Fitness_actual=140.1, Mejor=150.2
2025-10-20 15:38:11,782 - DEBUG - Iter 86900: T=0.67, Fitness_actual=139.8, Mejor=150.2
2025-10-20 15:38:25,668 - INFO -   Iter 87000 | Tiempo:  130.2min (54.2%) | T =     0.67 | Fitness =    136.3 | Mejor =    150.2 | Aceptación =  74.4%
2025-10-20 15:38:25,668 - INFO - Progreso iter 87000: T=0.67, Fitness=136.3, Mejor=150.2, Tasa_acept=74.4%
2025-10-20 15:38:25,671 - DEBUG - Iter 87000: T=0.67, Fitness_actual=136.3, Mejor=150.2
2025-10-20 15:38:39,736 - DEBUG - Iter 87100: T=0.67, Fitness_actual=136.9, Mejor=150.2
2025-10-20 15:38:53,694 - DEBUG - Iter 87200: T=0.67, Fitness_actual=135.5, Mejor=150.2
2025-10-20 15:39:07,601 - DEBUG - Iter 87300: T=0.66, Fitness_actual=134.7, Mejor=150.2
2025-10-20 15:39:21,584 - DEBUG - Iter 87400: T=0.66, Fitness_actual=134.0, Mejor=150.2
2025-10-20 15:39:35,616 - INFO -   Iter 87500 | Tiempo:  131.3min (54.7%) | T =     0.66 | Fitness =    131.2 | Mejor =    150.2 | Aceptación =  74.4%
2025-10-20 15:39:35,617 - INFO - Progreso iter 87500: T=0.66, Fitness=131.2, Mejor=150.2, Tasa_acept=74.4%
2025-10-20 15:39:35,618 - DEBUG - Iter 87500: T=0.66, Fitness_actual=131.2, Mejor=150.2
2025-10-20 15:39:42,592 - WARNING - ⚠️  DEGRADACIÓN DETECTADA en iter 87550:
2025-10-20 15:39:42,593 - WARNING -    Mejor fitness: 150.2
2025-10-20 15:39:42,593 - WARNING -    Fitness promedio reciente: 130.1
2025-10-20 15:39:42,593 - WARNING -    Degradación: 20.2
2025-10-20 15:39:42,593 - WARNING -    🔄 RESTAURANDO mejor solución...
2025-10-20 15:39:49,583 - DEBUG - Iter 87600: T=0.66, Fitness_actual=148.2, Mejor=150.2
2025-10-20 15:40:03,635 - DEBUG - Iter 87700: T=0.66, Fitness_actual=147.7, Mejor=150.2
2025-10-20 15:40:17,643 - DEBUG - Iter 87800: T=0.66, Fitness_actual=145.7, Mejor=150.2
2025-10-20 15:40:31,668 - DEBUG - Iter 87900: T=0.66, Fitness_actual=144.4, Mejor=150.2
2025-10-20 15:40:45,709 - INFO -   Iter 88000 | Tiempo:  132.5min (55.2%) | T =     0.65 | Fitness =    142.9 | Mejor =    150.2 | Aceptación =  74.3%
2025-10-20 15:40:45,709 - INFO - Progreso iter 88000: T=0.65, Fitness=142.9, Mejor=150.2, Tasa_acept=74.3%
2025-10-20 15:40:45,711 - DEBUG - Iter 88000: T=0.65, Fitness_actual=142.9, Mejor=150.2
2025-10-20 15:40:59,701 - DEBUG - Iter 88100: T=0.65, Fitness_actual=138.0, Mejor=150.2
2025-10-20 15:41:13,885 - DEBUG - Iter 88200: T=0.65, Fitness_actual=135.7, Mejor=150.2
2025-10-20 15:41:27,915 - DEBUG - Iter 88300: T=0.65, Fitness_actual=136.1, Mejor=150.2
2025-10-20 15:41:41,957 - DEBUG - Iter 88400: T=0.65, Fitness_actual=135.6, Mejor=150.2
2025-10-20 15:41:55,997 - INFO -   Iter 88500 | Tiempo:  133.7min (55.7%) | T =     0.65 | Fitness =    134.5 | Mejor =    150.2 | Aceptación =  74.3%
2025-10-20 15:41:55,997 - INFO - Progreso iter 88500: T=0.65, Fitness=134.5, Mejor=150.2, Tasa_acept=74.3%
2025-10-20 15:41:56,001 - DEBUG - Iter 88500: T=0.65, Fitness_actual=134.5, Mejor=150.2
2025-10-20 15:42:10,077 - DEBUG - Iter 88600: T=0.64, Fitness_actual=130.0, Mejor=150.2
2025-10-20 15:42:24,171 - WARNING - ⚠️  DEGRADACIÓN DETECTADA en iter 88700:
2025-10-20 15:42:24,171 - WARNING -    Mejor fitness: 150.2
2025-10-20 15:42:24,172 - WARNING -    Fitness promedio reciente: 129.7
2025-10-20 15:42:24,172 - WARNING -    Degradación: 20.5
2025-10-20 15:42:24,172 - WARNING -    🔄 RESTAURANDO mejor solución...
2025-10-20 15:42:24,178 - DEBUG - Iter 88700: T=0.64, Fitness_actual=150.2, Mejor=150.2
2025-10-20 15:42:38,457 - DEBUG - Iter 88800: T=0.64, Fitness_actual=145.6, Mejor=150.2
2025-10-20 15:42:52,634 - DEBUG - Iter 88900: T=0.64, Fitness_actual=139.5, Mejor=150.2
2025-10-20 15:43:06,786 - INFO -   Iter 89000 | Tiempo:  134.8min (56.2%) | T =     0.64 | Fitness =    139.2 | Mejor =    150.2 | Aceptación =  74.3%
2025-10-20 15:43:06,786 - INFO - Progreso iter 89000: T=0.64, Fitness=139.2, Mejor=150.2, Tasa_acept=74.3%
2025-10-20 15:43:06,787 - DEBUG - Iter 89000: T=0.64, Fitness_actual=139.2, Mejor=150.2
2025-10-20 15:43:20,950 - DEBUG - Iter 89100: T=0.64, Fitness_actual=137.5, Mejor=150.2
2025-10-20 15:43:35,098 - DEBUG - Iter 89200: T=0.63, Fitness_actual=135.6, Mejor=150.2
2025-10-20 15:43:49,330 - DEBUG - Iter 89300: T=0.63, Fitness_actual=136.6, Mejor=150.2
2025-10-20 15:44:03,472 - DEBUG - Iter 89400: T=0.63, Fitness_actual=135.8, Mejor=150.2
2025-10-20 15:44:17,679 - INFO -   Iter 89500 | Tiempo:  136.0min (56.7%) | T =     0.63 | Fitness =    137.8 | Mejor =    150.2 | Aceptación =  74.3%
2025-10-20 15:44:17,680 - INFO - Progreso iter 89500: T=0.63, Fitness=137.8, Mejor=150.2, Tasa_acept=74.3%
2025-10-20 15:44:17,681 - DEBUG - Iter 89500: T=0.63, Fitness_actual=137.8, Mejor=150.2
2025-10-20 15:44:31,843 - DEBUG - Iter 89600: T=0.63, Fitness_actual=136.9, Mejor=150.2
2025-10-20 15:44:46,067 - DEBUG - Iter 89700: T=0.63, Fitness_actual=133.8, Mejor=150.2
2025-10-20 15:45:00,293 - DEBUG - Iter 89800: T=0.62, Fitness_actual=134.7, Mejor=150.2
2025-10-20 15:45:14,483 - DEBUG - Iter 89900: T=0.62, Fitness_actual=132.6, Mejor=150.2
2025-10-20 15:45:28,711 - INFO -   Iter 90000 | Tiempo:  137.2min (57.2%) | T =     0.62 | Fitness =    134.7 | Mejor =    150.2 | Aceptación =  74.3%
2025-10-20 15:45:28,712 - INFO - Progreso iter 90000: T=0.62, Fitness=134.7, Mejor=150.2, Tasa_acept=74.3%
2025-10-20 15:45:28,713 - DEBUG - Iter 90000: T=0.62, Fitness_actual=134.7, Mejor=150.2
2025-10-20 15:45:43,047 - DEBUG - Iter 90100: T=0.62, Fitness_actual=135.8, Mejor=150.2
2025-10-20 15:45:57,273 - DEBUG - Iter 90200: T=0.62, Fitness_actual=136.4, Mejor=150.2
2025-10-20 15:46:11,714 - DEBUG - Iter 90300: T=0.62, Fitness_actual=136.6, Mejor=150.2
2025-10-20 15:46:26,139 - DEBUG - Iter 90400: T=0.62, Fitness_actual=134.6, Mejor=150.2
2025-10-20 15:46:40,477 - INFO -   Iter 90500 | Tiempo:  138.4min (57.7%) | T =     0.61 | Fitness =    135.7 | Mejor =    150.2 | Aceptación =  74.3%
2025-10-20 15:46:40,477 - INFO - Progreso iter 90500: T=0.61, Fitness=135.7, Mejor=150.2, Tasa_acept=74.3%
2025-10-20 15:46:40,478 - DEBUG - Iter 90500: T=0.61, Fitness_actual=135.7, Mejor=150.2
2025-10-20 15:46:54,736 - DEBUG - Iter 90600: T=0.61, Fitness_actual=134.6, Mejor=150.2
2025-10-20 15:47:09,019 - DEBUG - Iter 90700: T=0.61, Fitness_actual=134.9, Mejor=150.2
2025-10-20 15:47:23,396 - DEBUG - Iter 90800: T=0.61, Fitness_actual=131.9, Mejor=150.2
2025-10-20 15:47:37,767 - DEBUG - Iter 90900: T=0.61, Fitness_actual=133.0, Mejor=150.2
2025-10-20 15:47:52,110 - INFO -   Iter 91000 | Tiempo:  139.6min (58.2%) | T =     0.61 | Fitness =    133.1 | Mejor =    150.2 | Aceptación =  74.3%
2025-10-20 15:47:52,110 - INFO - Progreso iter 91000: T=0.61, Fitness=133.1, Mejor=150.2, Tasa_acept=74.3%
2025-10-20 15:47:52,112 - DEBUG - Iter 91000: T=0.61, Fitness_actual=133.1, Mejor=150.2
2025-10-20 15:48:06,543 - DEBUG - Iter 91100: T=0.60, Fitness_actual=130.1, Mejor=150.2
2025-10-20 15:48:13,735 - WARNING - ⚠️  DEGRADACIÓN DETECTADA en iter 91150:
2025-10-20 15:48:13,735 - WARNING -    Mejor fitness: 150.2
2025-10-20 15:48:13,736 - WARNING -    Fitness promedio reciente: 128.7
2025-10-20 15:48:13,736 - WARNING -    Degradación: 21.5
2025-10-20 15:48:13,736 - WARNING -    🔄 RESTAURANDO mejor solución...
2025-10-20 15:48:13,883 - INFO - 🌟 MEJORA #319 en iter 91151: Fitness=150.2 (+0.0), Puntos=16592
2025-10-20 15:48:20,932 - DEBUG - Iter 91200: T=0.60, Fitness_actual=147.0, Mejor=150.2
2025-10-20 15:48:35,449 - DEBUG - Iter 91300: T=0.60, Fitness_actual=143.2, Mejor=150.2
2025-10-20 15:48:49,816 - DEBUG - Iter 91400: T=0.60, Fitness_actual=141.1, Mejor=150.2
2025-10-20 15:49:04,283 - INFO -   Iter 91500 | Tiempo:  140.8min (58.7%) | T =     0.60 | Fitness =    138.3 | Mejor =    150.2 | Aceptación =  74.2%
2025-10-20 15:49:04,283 - INFO - Progreso iter 91500: T=0.60, Fitness=138.3, Mejor=150.2, Tasa_acept=74.2%
2025-10-20 15:49:04,285 - DEBUG - Iter 91500: T=0.60, Fitness_actual=138.3, Mejor=150.2
2025-10-20 15:49:18,816 - DEBUG - Iter 91600: T=0.60, Fitness_actual=135.3, Mejor=150.2
2025-10-20 15:49:33,318 - DEBUG - Iter 91700: T=0.60, Fitness_actual=133.0, Mejor=150.2
2025-10-20 15:49:47,718 - DEBUG - Iter 91800: T=0.59, Fitness_actual=137.5, Mejor=150.2
2025-10-20 15:50:02,127 - DEBUG - Iter 91900: T=0.59, Fitness_actual=136.0, Mejor=150.2
2025-10-20 15:50:16,546 - INFO -   Iter 92000 | Tiempo:  142.0min (59.2%) | T =     0.59 | Fitness =    134.7 | Mejor =    150.2 | Aceptación =  74.2%
2025-10-20 15:50:16,546 - INFO - Progreso iter 92000: T=0.59, Fitness=134.7, Mejor=150.2, Tasa_acept=74.2%
2025-10-20 15:50:16,548 - DEBUG - Iter 92000: T=0.59, Fitness_actual=134.7, Mejor=150.2
2025-10-20 15:50:30,983 - DEBUG - Iter 92100: T=0.59, Fitness_actual=133.2, Mejor=150.2
2025-10-20 15:50:45,496 - DEBUG - Iter 92200: T=0.59, Fitness_actual=130.7, Mejor=150.2
2025-10-20 15:50:59,980 - DEBUG - Iter 92300: T=0.59, Fitness_actual=132.1, Mejor=150.2
2025-10-20 15:51:14,547 - DEBUG - Iter 92400: T=0.59, Fitness_actual=130.5, Mejor=150.2
2025-10-20 15:51:21,769 - WARNING - ⚠️  DEGRADACIÓN DETECTADA en iter 92450:
2025-10-20 15:51:21,770 - WARNING -    Mejor fitness: 150.2
2025-10-20 15:51:21,770 - WARNING -    Fitness promedio reciente: 130.0
2025-10-20 15:51:21,770 - WARNING -    Degradación: 20.2
2025-10-20 15:51:21,770 - WARNING -    🔄 RESTAURANDO mejor solución...
2025-10-20 15:51:21,772 - INFO - 🌟 MEJORA #320 en iter 92450: Fitness=150.2 (+0.0), Puntos=16592
2025-10-20 15:51:21,772 - INFO -   ✨ Mejora #320 en iteración 92451: Fitness = 150.2 | Puntos = 16592 | T = 0.58
2025-10-20 15:51:23,803 - INFO - 🌟 MEJORA #321 en iter 92464: Fitness=150.4 (+0.2), Puntos=16612
2025-10-20 15:51:24,235 - INFO - 🌟 MEJORA #322 en iter 92467: Fitness=150.4 (+0.0), Puntos=16612
2025-10-20 15:51:24,959 - INFO - 🌟 MEJORA #323 en iter 92472: Fitness=150.4 (+0.0), Puntos=16612
2025-10-20 15:51:25,688 - INFO - 🌟 MEJORA #324 en iter 92477: Fitness=150.5 (+0.1), Puntos=16618
2025-10-20 15:51:27,150 - INFO - 🌟 MEJORA #325 en iter 92487: Fitness=150.7 (+0.2), Puntos=16639
2025-10-20 15:51:27,150 - INFO -   ✨ Mejora #325 en iteración 92488: Fitness = 150.7 | Puntos = 16639 | T = 0.58
2025-10-20 15:51:29,037 - INFO -   Iter 92500 | Tiempo:  143.2min (59.7%) | T =     0.58 | Fitness =    146.0 | Mejor =    150.7 | Aceptación =  74.2%
2025-10-20 15:51:29,037 - INFO - Progreso iter 92500: T=0.58, Fitness=146.0, Mejor=150.7, Tasa_acept=74.2%
2025-10-20 15:51:29,039 - DEBUG - Iter 92500: T=0.58, Fitness_actual=146.0, Mejor=150.7
2025-10-20 15:51:43,565 - DEBUG - Iter 92600: T=0.58, Fitness_actual=146.0, Mejor=150.7
2025-10-20 15:51:58,061 - DEBUG - Iter 92700: T=0.58, Fitness_actual=142.1, Mejor=150.7
2025-10-20 15:52:12,621 - DEBUG - Iter 92800: T=0.58, Fitness_actual=143.6, Mejor=150.7
2025-10-20 15:52:27,182 - DEBUG - Iter 92900: T=0.58, Fitness_actual=143.1, Mejor=150.7
2025-10-20 15:52:41,687 - INFO -   Iter 93000 | Tiempo:  144.4min (60.2%) | T =     0.58 | Fitness =    139.4 | Mejor =    150.7 | Aceptación =  74.1%
2025-10-20 15:52:41,687 - INFO - Progreso iter 93000: T=0.58, Fitness=139.4, Mejor=150.7, Tasa_acept=74.1%
2025-10-20 15:52:41,690 - DEBUG - Iter 93000: T=0.58, Fitness_actual=139.4, Mejor=150.7
2025-10-20 15:52:56,247 - DEBUG - Iter 93100: T=0.58, Fitness_actual=138.9, Mejor=150.7
2025-10-20 15:53:10,953 - DEBUG - Iter 93200: T=0.57, Fitness_actual=139.3, Mejor=150.7
2025-10-20 15:53:25,557 - DEBUG - Iter 93300: T=0.57, Fitness_actual=140.0, Mejor=150.7
2025-10-20 15:53:40,254 - DEBUG - Iter 93400: T=0.57, Fitness_actual=139.1, Mejor=150.7
2025-10-20 15:53:54,973 - INFO -   Iter 93500 | Tiempo:  145.7min (60.7%) | T =     0.57 | Fitness =    139.0 | Mejor =    150.7 | Aceptación =  74.0%
2025-10-20 15:53:54,973 - INFO - Progreso iter 93500: T=0.57, Fitness=139.0, Mejor=150.7, Tasa_acept=74.0%
2025-10-20 15:53:54,974 - DEBUG - Iter 93500: T=0.57, Fitness_actual=139.0, Mejor=150.7
2025-10-20 15:54:09,637 - DEBUG - Iter 93600: T=0.57, Fitness_actual=135.7, Mejor=150.7
2025-10-20 15:54:24,200 - DEBUG - Iter 93700: T=0.57, Fitness_actual=135.9, Mejor=150.7
2025-10-20 15:54:38,862 - DEBUG - Iter 93800: T=0.57, Fitness_actual=136.2, Mejor=150.7
2025-10-20 15:54:53,559 - DEBUG - Iter 93900: T=0.56, Fitness_actual=135.3, Mejor=150.7
2025-10-20 15:55:08,286 - INFO -   Iter 94000 | Tiempo:  146.9min (61.2%) | T =     0.56 | Fitness =    134.8 | Mejor =    150.7 | Aceptación =  74.0%
2025-10-20 15:55:08,286 - INFO - Progreso iter 94000: T=0.56, Fitness=134.8, Mejor=150.7, Tasa_acept=74.0%
2025-10-20 15:55:08,288 - DEBUG - Iter 94000: T=0.56, Fitness_actual=134.8, Mejor=150.7
2025-10-20 15:55:22,990 - DEBUG - Iter 94100: T=0.56, Fitness_actual=134.9, Mejor=150.7
2025-10-20 15:55:37,734 - DEBUG - Iter 94200: T=0.56, Fitness_actual=134.0, Mejor=150.7
2025-10-20 15:55:52,458 - DEBUG - Iter 94300: T=0.56, Fitness_actual=135.2, Mejor=150.7
2025-10-20 15:56:07,171 - DEBUG - Iter 94400: T=0.56, Fitness_actual=135.2, Mejor=150.7
2025-10-20 15:56:22,023 - INFO -   Iter 94500 | Tiempo:  148.1min (61.7%) | T =     0.56 | Fitness =    134.3 | Mejor =    150.7 | Aceptación =  74.0%
2025-10-20 15:56:22,023 - INFO - Progreso iter 94500: T=0.56, Fitness=134.3, Mejor=150.7, Tasa_acept=74.0%
2025-10-20 15:56:22,024 - DEBUG - Iter 94500: T=0.56, Fitness_actual=134.3, Mejor=150.7
2025-10-20 15:56:36,749 - DEBUG - Iter 94600: T=0.55, Fitness_actual=135.9, Mejor=150.7
2025-10-20 15:56:51,510 - DEBUG - Iter 94700: T=0.55, Fitness_actual=133.1, Mejor=150.7
2025-10-20 15:57:06,274 - DEBUG - Iter 94800: T=0.55, Fitness_actual=131.1, Mejor=150.7
2025-10-20 15:57:13,705 - WARNING - ⚠️  DEGRADACIÓN DETECTADA en iter 94850:
2025-10-20 15:57:13,705 - WARNING -    Mejor fitness: 150.7
2025-10-20 15:57:13,705 - WARNING -    Fitness promedio reciente: 130.5
2025-10-20 15:57:13,705 - WARNING -    Degradación: 20.2
2025-10-20 15:57:13,705 - WARNING -    🔄 RESTAURANDO mejor solución...
2025-10-20 15:57:15,778 - INFO - 🌟 MEJORA #326 en iter 94864: Fitness=150.7 (+0.1), Puntos=16645
2025-10-20 15:57:21,093 - DEBUG - Iter 94900: T=0.55, Fitness_actual=148.8, Mejor=150.7
2025-10-20 15:57:35,882 - INFO -   Iter 95000 | Tiempo:  149.3min (62.2%) | T =     0.55 | Fitness =    146.6 | Mejor =    150.7 | Aceptación =  73.9%
2025-10-20 15:57:35,882 - INFO - Progreso iter 95000: T=0.55, Fitness=146.6, Mejor=150.7, Tasa_acept=73.9%
2025-10-20 15:57:35,884 - DEBUG - Iter 95000: T=0.55, Fitness_actual=146.6, Mejor=150.7
2025-10-20 15:57:50,813 - DEBUG - Iter 95100: T=0.55, Fitness_actual=148.1, Mejor=150.7
2025-10-20 15:58:05,712 - DEBUG - Iter 95200: T=0.55, Fitness_actual=148.9, Mejor=150.7
2025-10-20 15:58:17,030 - WARNING - ================================================================================
2025-10-20 15:58:17,030 - WARNING - ⚠️  SALTO ANORMAL DETECTADO en iteración 95276
2025-10-20 15:58:17,030 - WARNING -    Fitness actual: 148.8
2025-10-20 15:58:17,031 - WARNING -    Fitness vecino: 127.6
2025-10-20 15:58:17,031 - WARNING -    Delta: -21.2
2025-10-20 15:58:17,031 - WARNING -    Temperatura: 0.54
2025-10-20 15:58:17,031 - WARNING -    Tipo perturbación aplicada: (ver generar_vecino)
2025-10-20 15:58:17,032 - WARNING -    Vecino - Puntos: 16279, Tiempo: 14706.1min, Distancia: 144.7km
2025-10-20 15:58:17,032 - WARNING -    Actual - Puntos: 16355, Tiempo: 14937.0min, Distancia: 146.4km
2025-10-20 15:58:17,032 - WARNING -    Validez restricciones - Vecino: False, Actual: False
2025-10-20 15:58:17,032 - WARNING - ================================================================================
2025-10-20 15:58:17,032 - WARNING - ⚠️  SALTO ANORMAL DETECTADO en iteración 95276
2025-10-20 15:58:17,032 - WARNING -    Fitness: 148.8 → 127.6 (Δ=-21.2)
2025-10-20 15:58:17,033 - WARNING -    Ver detalles en archivo de log
2025-10-20 15:58:20,670 - DEBUG - Iter 95300: T=0.54, Fitness_actual=147.7, Mejor=150.7
2025-10-20 15:58:30,825 - WARNING - ================================================================================
2025-10-20 15:58:30,825 - WARNING - ⚠️  SALTO ANORMAL DETECTADO en iteración 95368
2025-10-20 15:58:30,826 - WARNING -    Fitness actual: 147.1
2025-10-20 15:58:30,826 - WARNING -    Fitness vecino: 126.5
2025-10-20 15:58:30,826 - WARNING -    Delta: -20.6
2025-10-20 15:58:30,826 - WARNING -    Temperatura: 0.54
2025-10-20 15:58:30,826 - WARNING -    Tipo perturbación aplicada: (ver generar_vecino)
2025-10-20 15:58:30,827 - WARNING -    Vecino - Puntos: 16184, Tiempo: 14743.5min, Distancia: 152.4km
2025-10-20 15:58:30,827 - WARNING -    Actual - Puntos: 16188, Tiempo: 14949.2min, Distancia: 160.8km
2025-10-20 15:58:30,827 - WARNING -    Validez restricciones - Vecino: False, Actual: False
2025-10-20 15:58:30,827 - WARNING - ================================================================================
2025-10-20 15:58:30,827 - WARNING - ⚠️  SALTO ANORMAL DETECTADO en iteración 95368
2025-10-20 15:58:30,827 - WARNING -    Fitness: 147.1 → 126.5 (Δ=-20.6)
2025-10-20 15:58:30,828 - WARNING -    Ver detalles en archivo de log
2025-10-20 15:58:32,627 - WARNING - ================================================================================
2025-10-20 15:58:32,627 - WARNING - ⚠️  SALTO ANORMAL DETECTADO en iteración 95380
2025-10-20 15:58:32,628 - WARNING -    Fitness actual: 147.1
2025-10-20 15:58:32,628 - WARNING -    Fitness vecino: 126.0
2025-10-20 15:58:32,628 - WARNING -    Delta: -21.1
2025-10-20 15:58:32,628 - WARNING -    Temperatura: 0.54
2025-10-20 15:58:32,628 - WARNING -    Tipo perturbación aplicada: (ver generar_vecino)
2025-10-20 15:58:32,628 - WARNING -    Vecino - Puntos: 16187, Tiempo: 14427.9min, Distancia: 155.2km
2025-10-20 15:58:32,629 - WARNING -    Actual - Puntos: 16188, Tiempo: 14962.7min, Distancia: 163.1km
2025-10-20 15:58:32,629 - WARNING -    Validez restricciones - Vecino: False, Actual: False
2025-10-20 15:58:32,629 - WARNING - ================================================================================
2025-10-20 15:58:32,629 - WARNING - ⚠️  SALTO ANORMAL DETECTADO en iteración 95380
2025-10-20 15:58:32,629 - WARNING -    Fitness: 147.1 → 126.0 (Δ=-21.1)
2025-10-20 15:58:32,629 - WARNING -    Ver detalles en archivo de log
2025-10-20 15:58:35,631 - DEBUG - Iter 95400: T=0.54, Fitness_actual=146.2, Mejor=150.7
2025-10-20 15:58:50,585 - INFO -   Iter 95500 | Tiempo:  150.6min (62.7%) | T =     0.54 | Fitness =    146.0 | Mejor =    150.7 | Aceptación =  73.8%
2025-10-20 15:58:50,585 - INFO - Progreso iter 95500: T=0.54, Fitness=146.0, Mejor=150.7, Tasa_acept=73.8%
2025-10-20 15:58:50,591 - DEBUG - Iter 95500: T=0.54, Fitness_actual=146.0, Mejor=150.7
2025-10-20 15:59:05,555 - DEBUG - Iter 95600: T=0.54, Fitness_actual=144.4, Mejor=150.7
2025-10-20 15:59:20,509 - DEBUG - Iter 95700: T=0.54, Fitness_actual=143.3, Mejor=150.7
2025-10-20 15:59:35,456 - DEBUG - Iter 95800: T=0.54, Fitness_actual=140.8, Mejor=150.7
2025-10-20 15:59:50,575 - DEBUG - Iter 95900: T=0.54, Fitness_actual=139.3, Mejor=150.7
2025-10-20 16:00:05,585 - INFO -   Iter 96000 | Tiempo:  151.8min (63.3%) | T =     0.53 | Fitness =    141.9 | Mejor =    150.7 | Aceptación =  73.7%
2025-10-20 16:00:05,585 - INFO - Progreso iter 96000: T=0.53, Fitness=141.9, Mejor=150.7, Tasa_acept=73.7%
2025-10-20 16:00:05,586 - DEBUG - Iter 96000: T=0.53, Fitness_actual=141.9, Mejor=150.7
2025-10-20 16:00:20,595 - DEBUG - Iter 96100: T=0.53, Fitness_actual=143.8, Mejor=150.7
2025-10-20 16:00:35,607 - DEBUG - Iter 96200: T=0.53, Fitness_actual=139.9, Mejor=150.7
2025-10-20 16:00:50,693 - DEBUG - Iter 96300: T=0.53, Fitness_actual=140.3, Mejor=150.7
2025-10-20 16:01:05,712 - DEBUG - Iter 96400: T=0.53, Fitness_actual=137.8, Mejor=150.7
2025-10-20 16:01:20,803 - INFO -   Iter 96500 | Tiempo:  153.1min (63.8%) | T =     0.53 | Fitness =    139.4 | Mejor =    150.7 | Aceptación =  73.6%
2025-10-20 16:01:20,803 - INFO - Progreso iter 96500: T=0.53, Fitness=139.4, Mejor=150.7, Tasa_acept=73.6%
2025-10-20 16:01:20,804 - DEBUG - Iter 96500: T=0.53, Fitness_actual=139.4, Mejor=150.7
2025-10-20 16:01:35,874 - DEBUG - Iter 96600: T=0.53, Fitness_actual=138.7, Mejor=150.7
2025-10-20 16:01:50,955 - DEBUG - Iter 96700: T=0.53, Fitness_actual=140.3, Mejor=150.7
2025-10-20 16:02:06,038 - DEBUG - Iter 96800: T=0.52, Fitness_actual=141.0, Mejor=150.7
2025-10-20 16:02:21,112 - DEBUG - Iter 96900: T=0.52, Fitness_actual=141.2, Mejor=150.7
2025-10-20 16:02:36,220 - INFO -   Iter 97000 | Tiempo:  154.3min (64.3%) | T =     0.52 | Fitness =    139.7 | Mejor =    150.7 | Aceptación =  73.5%
2025-10-20 16:02:36,221 - INFO - Progreso iter 97000: T=0.52, Fitness=139.7, Mejor=150.7, Tasa_acept=73.5%
2025-10-20 16:02:36,222 - DEBUG - Iter 97000: T=0.52, Fitness_actual=139.7, Mejor=150.7
2025-10-20 16:02:51,486 - DEBUG - Iter 97100: T=0.52, Fitness_actual=139.4, Mejor=150.7
2025-10-20 16:03:06,629 - DEBUG - Iter 97200: T=0.52, Fitness_actual=138.3, Mejor=150.7
2025-10-20 16:03:19,349 - WARNING - ================================================================================
2025-10-20 16:03:19,350 - WARNING - ⚠️  SALTO ANORMAL DETECTADO en iteración 97284
2025-10-20 16:03:19,350 - WARNING -    Fitness actual: 138.2
2025-10-20 16:03:19,350 - WARNING -    Fitness vecino: 115.2
2025-10-20 16:03:19,350 - WARNING -    Delta: -23.0
2025-10-20 16:03:19,350 - WARNING -    Temperatura: 0.52
2025-10-20 16:03:19,350 - WARNING -    Tipo perturbación aplicada: (ver generar_vecino)
2025-10-20 16:03:19,350 - WARNING -    Vecino - Puntos: 15843, Tiempo: 14482.4min, Distancia: 191.9km
2025-10-20 16:03:19,351 - WARNING -    Actual - Puntos: 15857, Tiempo: 13852.4min, Distancia: 127.7km
2025-10-20 16:03:19,351 - WARNING -    Validez restricciones - Vecino: False, Actual: False
2025-10-20 16:03:19,351 - WARNING - ================================================================================
2025-10-20 16:03:19,351 - WARNING - ⚠️  SALTO ANORMAL DETECTADO en iteración 97284
2025-10-20 16:03:19,351 - WARNING -    Fitness: 138.2 → 115.2 (Δ=-23.0)
2025-10-20 16:03:19,351 - WARNING -    Ver detalles en archivo de log
2025-10-20 16:03:21,782 - DEBUG - Iter 97300: T=0.52, Fitness_actual=139.2, Mejor=150.7
2025-10-20 16:03:36,922 - DEBUG - Iter 97400: T=0.52, Fitness_actual=139.2, Mejor=150.7
2025-10-20 16:03:52,186 - INFO -   Iter 97500 | Tiempo:  155.6min (64.8%) | T =     0.51 | Fitness =    138.2 | Mejor =    150.7 | Aceptación =  73.4%
2025-10-20 16:03:52,186 - INFO - Progreso iter 97500: T=0.51, Fitness=138.2, Mejor=150.7, Tasa_acept=73.4%
2025-10-20 16:03:52,187 - DEBUG - Iter 97500: T=0.51, Fitness_actual=138.2, Mejor=150.7
2025-10-20 16:04:07,316 - DEBUG - Iter 97600: T=0.51, Fitness_actual=135.1, Mejor=150.7
2025-10-20 16:04:22,498 - DEBUG - Iter 97700: T=0.51, Fitness_actual=132.6, Mejor=150.7
2025-10-20 16:04:37,686 - DEBUG - Iter 97800: T=0.51, Fitness_actual=134.0, Mejor=150.7
2025-10-20 16:04:52,932 - DEBUG - Iter 97900: T=0.51, Fitness_actual=133.9, Mejor=150.7
2025-10-20 16:05:08,142 - INFO -   Iter 98000 | Tiempo:  156.9min (65.4%) | T =     0.51 | Fitness =    133.5 | Mejor =    150.7 | Aceptación =  73.3%
2025-10-20 16:05:08,143 - INFO - Progreso iter 98000: T=0.51, Fitness=133.5, Mejor=150.7, Tasa_acept=73.3%
2025-10-20 16:05:08,144 - DEBUG - Iter 98000: T=0.51, Fitness_actual=133.5, Mejor=150.7
2025-10-20 16:05:23,362 - DEBUG - Iter 98100: T=0.51, Fitness_actual=131.4, Mejor=150.7
2025-10-20 16:05:38,592 - DEBUG - Iter 98200: T=0.51, Fitness_actual=130.2, Mejor=150.7
2025-10-20 16:05:46,212 - WARNING - ⚠️  DEGRADACIÓN DETECTADA en iter 98250:
2025-10-20 16:05:46,213 - WARNING -    Mejor fitness: 150.7
2025-10-20 16:05:46,213 - WARNING -    Fitness promedio reciente: 130.2
2025-10-20 16:05:46,213 - WARNING -    Degradación: 20.6
2025-10-20 16:05:46,213 - WARNING -    🔄 RESTAURANDO mejor solución...
2025-10-20 16:05:46,370 - INFO - 🌟 MEJORA #327 en iter 98251: Fitness=150.8 (+0.0), Puntos=16645
2025-10-20 16:05:46,521 - INFO - 🌟 MEJORA #328 en iter 98252: Fitness=150.8 (+0.0), Puntos=16645
2025-10-20 16:05:53,856 - DEBUG - Iter 98300: T=0.50, Fitness_actual=149.6, Mejor=150.8
2025-10-20 16:06:09,094 - DEBUG - Iter 98400: T=0.50, Fitness_actual=148.0, Mejor=150.8
2025-10-20 16:06:24,422 - INFO -   Iter 98500 | Tiempo:  158.1min (65.9%) | T =     0.50 | Fitness =    148.4 | Mejor =    150.8 | Aceptación =  73.3%
2025-10-20 16:06:24,422 - INFO - Progreso iter 98500: T=0.50, Fitness=148.4, Mejor=150.8, Tasa_acept=73.3%
2025-10-20 16:06:24,424 - DEBUG - Iter 98500: T=0.50, Fitness_actual=148.4, Mejor=150.8
2025-10-20 16:06:39,685 - DEBUG - Iter 98600: T=0.50, Fitness_actual=145.7, Mejor=150.8
2025-10-20 16:06:45,563 - WARNING - ================================================================================
2025-10-20 16:06:45,563 - WARNING - ⚠️  SALTO ANORMAL DETECTADO en iteración 98638
2025-10-20 16:06:45,563 - WARNING -    Fitness actual: 146.8
2025-10-20 16:06:45,563 - WARNING -    Fitness vecino: 93.2
2025-10-20 16:06:45,563 - WARNING -    Delta: -53.6
2025-10-20 16:06:45,564 - WARNING -    Temperatura: 0.50
2025-10-20 16:06:45,564 - WARNING -    Tipo perturbación aplicada: (ver generar_vecino)
2025-10-20 16:06:45,564 - WARNING -    Vecino - Puntos: 16499, Tiempo: 16640.4min, Distancia: 323.0km
2025-10-20 16:06:45,564 - WARNING -    Actual - Puntos: 16451, Tiempo: 14693.6min, Distancia: 137.8km
2025-10-20 16:06:45,564 - WARNING -    Validez restricciones - Vecino: False, Actual: False
2025-10-20 16:06:45,565 - WARNING - ================================================================================
2025-10-20 16:06:45,565 - WARNING - ⚠️  SALTO ANORMAL DETECTADO en iteración 98638
2025-10-20 16:06:45,565 - WARNING -    Fitness: 146.8 → 93.2 (Δ=-53.6)
2025-10-20 16:06:45,565 - WARNING -    Ver detalles en archivo de log
2025-10-20 16:06:55,085 - DEBUG - Iter 98700: T=0.50, Fitness_actual=144.2, Mejor=150.8
2025-10-20 16:07:10,397 - DEBUG - Iter 98800: T=0.50, Fitness_actual=143.9, Mejor=150.8
2025-10-20 16:07:25,713 - DEBUG - Iter 98900: T=0.50, Fitness_actual=143.3, Mejor=150.8
2025-10-20 16:07:41,012 - INFO -   Iter 99000 | Tiempo:  159.4min (66.4%) | T =     0.50 | Fitness =    141.9 | Mejor =    150.8 | Aceptación =  73.2%
2025-10-20 16:07:41,013 - INFO - Progreso iter 99000: T=0.50, Fitness=141.9, Mejor=150.8, Tasa_acept=73.2%
2025-10-20 16:07:41,014 - DEBUG - Iter 99000: T=0.50, Fitness_actual=141.9, Mejor=150.8
2025-10-20 16:07:56,327 - DEBUG - Iter 99100: T=0.49, Fitness_actual=142.3, Mejor=150.8
2025-10-20 16:08:11,689 - DEBUG - Iter 99200: T=0.49, Fitness_actual=141.8, Mejor=150.8
2025-10-20 16:08:27,031 - DEBUG - Iter 99300: T=0.49, Fitness_actual=140.3, Mejor=150.8
2025-10-20 16:08:42,475 - DEBUG - Iter 99400: T=0.49, Fitness_actual=138.9, Mejor=150.8
2025-10-20 16:08:57,855 - INFO -   Iter 99500 | Tiempo:  160.7min (67.0%) | T =     0.49 | Fitness =    139.7 | Mejor =    150.8 | Aceptación =  73.1%
2025-10-20 16:08:57,855 - INFO - Progreso iter 99500: T=0.49, Fitness=139.7, Mejor=150.8, Tasa_acept=73.1%
2025-10-20 16:08:57,857 - DEBUG - Iter 99500: T=0.49, Fitness_actual=139.7, Mejor=150.8
2025-10-20 16:09:13,262 - DEBUG - Iter 99600: T=0.49, Fitness_actual=137.4, Mejor=150.8
2025-10-20 16:09:28,643 - DEBUG - Iter 99700: T=0.49, Fitness_actual=133.0, Mejor=150.8
2025-10-20 16:09:39,876 - WARNING - ================================================================================
2025-10-20 16:09:39,876 - WARNING - ⚠️  SALTO ANORMAL DETECTADO en iteración 99773
2025-10-20 16:09:39,876 - WARNING -    Fitness actual: 132.7
2025-10-20 16:09:39,876 - WARNING -    Fitness vecino: 106.0
2025-10-20 16:09:39,876 - WARNING -    Delta: -26.6
2025-10-20 16:09:39,876 - WARNING -    Temperatura: 0.49
2025-10-20 16:09:39,877 - WARNING -    Tipo perturbación aplicada: (ver generar_vecino)
2025-10-20 16:09:39,877 - WARNING -    Vecino - Puntos: 15426, Tiempo: 14449.2min, Distancia: 231.2km
2025-10-20 16:09:39,877 - WARNING -    Actual - Puntos: 15460, Tiempo: 13335.7min, Distancia: 149.2km
2025-10-20 16:09:39,877 - WARNING -    Validez restricciones - Vecino: False, Actual: False
2025-10-20 16:09:39,877 - WARNING - ================================================================================
2025-10-20 16:09:39,877 - WARNING - ⚠️  SALTO ANORMAL DETECTADO en iteración 99773
2025-10-20 16:09:39,878 - WARNING -    Fitness: 132.7 → 106.0 (Δ=-26.6)
2025-10-20 16:09:39,878 - WARNING -    Ver detalles en archivo de log
2025-10-20 16:09:44,028 - DEBUG - Iter 99800: T=0.49, Fitness_actual=132.9, Mejor=150.8
2025-10-20 16:09:59,445 - DEBUG - Iter 99900: T=0.48, Fitness_actual=132.7, Mejor=150.8
2025-10-20 16:10:14,821 - INFO -   Iter 100000 | Tiempo:  162.0min (67.5%) | T =     0.48 | Fitness =    132.0 | Mejor =    150.8 | Aceptación =  73.0%
2025-10-20 16:10:14,822 - INFO - Progreso iter 100000: T=0.48, Fitness=132.0, Mejor=150.8, Tasa_acept=73.0%
2025-10-20 16:10:14,823 - DEBUG - Iter 100000: T=0.48, Fitness_actual=132.0, Mejor=150.8
2025-10-20 16:10:30,162 - WARNING - ⚠️  DEGRADACIÓN DETECTADA en iter 100100:
2025-10-20 16:10:30,162 - WARNING -    Mejor fitness: 150.8
2025-10-20 16:10:30,162 - WARNING -    Fitness promedio reciente: 129.5
2025-10-20 16:10:30,163 - WARNING -    Degradación: 21.3
2025-10-20 16:10:30,163 - WARNING -    🔄 RESTAURANDO mejor solución...
2025-10-20 16:10:30,164 - DEBUG - Iter 100100: T=0.48, Fitness_actual=150.8, Mejor=150.8
2025-10-20 16:10:45,678 - DEBUG - Iter 100200: T=0.48, Fitness_actual=147.6, Mejor=150.8
2025-10-20 16:11:01,097 - DEBUG - Iter 100300: T=0.48, Fitness_actual=146.3, Mejor=150.8
2025-10-20 16:11:16,694 - DEBUG - Iter 100400: T=0.48, Fitness_actual=145.9, Mejor=150.8
2025-10-20 16:11:32,191 - INFO -   Iter 100500 | Tiempo:  163.3min (68.0%) | T =     0.48 | Fitness =    145.5 | Mejor =    150.8 | Aceptación =  72.9%
2025-10-20 16:11:32,191 - INFO - Progreso iter 100500: T=0.48, Fitness=145.5, Mejor=150.8, Tasa_acept=72.9%
2025-10-20 16:11:32,192 - DEBUG - Iter 100500: T=0.48, Fitness_actual=145.5, Mejor=150.8
2025-10-20 16:11:47,693 - DEBUG - Iter 100600: T=0.48, Fitness_actual=144.4, Mejor=150.8
2025-10-20 16:12:03,247 - DEBUG - Iter 100700: T=0.47, Fitness_actual=143.9, Mejor=150.8
2025-10-20 16:12:18,899 - DEBUG - Iter 100800: T=0.47, Fitness_actual=143.5, Mejor=150.8
2025-10-20 16:12:34,420 - DEBUG - Iter 100900: T=0.47, Fitness_actual=142.3, Mejor=150.8
2025-10-20 16:12:49,936 - INFO -   Iter 101000 | Tiempo:  164.6min (68.6%) | T =     0.47 | Fitness =    143.3 | Mejor =    150.8 | Aceptación =  72.9%
2025-10-20 16:12:49,936 - INFO - Progreso iter 101000: T=0.47, Fitness=143.3, Mejor=150.8, Tasa_acept=72.9%
2025-10-20 16:12:49,941 - DEBUG - Iter 101000: T=0.47, Fitness_actual=143.3, Mejor=150.8
2025-10-20 16:13:05,498 - DEBUG - Iter 101100: T=0.47, Fitness_actual=144.0, Mejor=150.8
2025-10-20 16:13:21,065 - DEBUG - Iter 101200: T=0.47, Fitness_actual=142.9, Mejor=150.8
2025-10-20 16:13:36,657 - DEBUG - Iter 101300: T=0.47, Fitness_actual=143.3, Mejor=150.8
2025-10-20 16:13:52,377 - DEBUG - Iter 101400: T=0.47, Fitness_actual=141.2, Mejor=150.8
2025-10-20 16:14:07,992 - INFO -   Iter 101500 | Tiempo:  165.9min (69.1%) | T =     0.46 | Fitness =    140.4 | Mejor =    150.8 | Aceptación =  72.8%
2025-10-20 16:14:07,992 - INFO - Progreso iter 101500: T=0.46, Fitness=140.4, Mejor=150.8, Tasa_acept=72.8%
2025-10-20 16:14:07,993 - DEBUG - Iter 101500: T=0.46, Fitness_actual=140.4, Mejor=150.8
2025-10-20 16:14:23,704 - DEBUG - Iter 101600: T=0.46, Fitness_actual=140.8, Mejor=150.8
2025-10-20 16:14:39,420 - DEBUG - Iter 101700: T=0.46, Fitness_actual=139.8, Mejor=150.8
2025-10-20 16:14:55,099 - DEBUG - Iter 101800: T=0.46, Fitness_actual=140.4, Mejor=150.8
2025-10-20 16:15:10,709 - DEBUG - Iter 101900: T=0.46, Fitness_actual=140.4, Mejor=150.8
2025-10-20 16:15:26,353 - INFO -   Iter 102000 | Tiempo:  167.2min (69.7%) | T =     0.46 | Fitness =    138.0 | Mejor =    150.8 | Aceptación =  72.7%
2025-10-20 16:15:26,353 - INFO - Progreso iter 102000: T=0.46, Fitness=138.0, Mejor=150.8, Tasa_acept=72.7%
2025-10-20 16:15:26,360 - DEBUG - Iter 102000: T=0.46, Fitness_actual=138.0, Mejor=150.8
2025-10-20 16:15:42,022 - DEBUG - Iter 102100: T=0.46, Fitness_actual=137.4, Mejor=150.8
2025-10-20 16:15:57,683 - DEBUG - Iter 102200: T=0.46, Fitness_actual=137.2, Mejor=150.8
2025-10-20 16:16:13,458 - DEBUG - Iter 102300: T=0.46, Fitness_actual=136.9, Mejor=150.8
2025-10-20 16:16:15,984 - INFO - --- Cambiando a Fase: Final (Refinamiento) (Progreso: 70.0%) ---
2025-10-20 16:16:29,163 - DEBUG - Iter 102400: T=0.45, Fitness_actual=136.6, Mejor=150.8
2025-10-20 16:16:44,828 - INFO -   Iter 102500 | Tiempo:  168.5min (70.2%) | T =     0.45 | Fitness =    137.4 | Mejor =    150.8 | Aceptación =  72.7%
2025-10-20 16:16:44,828 - INFO - Progreso iter 102500: T=0.45, Fitness=137.4, Mejor=150.8, Tasa_acept=72.7%
2025-10-20 16:16:44,829 - DEBUG - Iter 102500: T=0.45, Fitness_actual=137.4, Mejor=150.8
2025-10-20 16:17:00,504 - DEBUG - Iter 102600: T=0.45, Fitness_actual=136.1, Mejor=150.8
2025-10-20 16:17:16,193 - DEBUG - Iter 102700: T=0.45, Fitness_actual=133.2, Mejor=150.8
2025-10-20 16:17:31,876 - DEBUG - Iter 102800: T=0.45, Fitness_actual=133.2, Mejor=150.8
2025-10-20 16:17:47,652 - DEBUG - Iter 102900: T=0.45, Fitness_actual=132.3, Mejor=150.8
2025-10-20 16:18:03,305 - INFO -   Iter 103000 | Tiempo:  169.8min (70.7%) | T =     0.45 | Fitness =    134.4 | Mejor =    150.8 | Aceptación =  72.7%
2025-10-20 16:18:03,306 - INFO - Progreso iter 103000: T=0.45, Fitness=134.4, Mejor=150.8, Tasa_acept=72.7%
2025-10-20 16:18:03,307 - DEBUG - Iter 103000: T=0.45, Fitness_actual=134.4, Mejor=150.8
2025-10-20 16:18:19,048 - DEBUG - Iter 103100: T=0.45, Fitness_actual=136.8, Mejor=150.8
2025-10-20 16:18:34,737 - DEBUG - Iter 103200: T=0.45, Fitness_actual=137.9, Mejor=150.8
2025-10-20 16:18:50,464 - DEBUG - Iter 103300: T=0.44, Fitness_actual=137.9, Mejor=150.8
2025-10-20 16:19:06,222 - DEBUG - Iter 103400: T=0.44, Fitness_actual=137.7, Mejor=150.8
2025-10-20 16:19:22,050 - INFO -   Iter 103500 | Tiempo:  171.1min (71.3%) | T =     0.44 | Fitness =    137.3 | Mejor =    150.8 | Aceptación =  72.7%
2025-10-20 16:19:22,050 - INFO - Progreso iter 103500: T=0.44, Fitness=137.3, Mejor=150.8, Tasa_acept=72.7%
2025-10-20 16:19:22,051 - DEBUG - Iter 103500: T=0.44, Fitness_actual=137.3, Mejor=150.8
2025-10-20 16:19:37,787 - DEBUG - Iter 103600: T=0.44, Fitness_actual=136.4, Mejor=150.8
2025-10-20 16:19:53,600 - DEBUG - Iter 103700: T=0.44, Fitness_actual=133.9, Mejor=150.8
2025-10-20 16:20:09,370 - DEBUG - Iter 103800: T=0.44, Fitness_actual=135.6, Mejor=150.8
2025-10-20 16:20:25,125 - DEBUG - Iter 103900: T=0.44, Fitness_actual=132.0, Mejor=150.8
2025-10-20 16:20:40,963 - INFO -   Iter 104000 | Tiempo:  172.4min (71.8%) | T =     0.44 | Fitness =    131.9 | Mejor =    150.8 | Aceptación =  72.7%
2025-10-20 16:20:40,963 - INFO - Progreso iter 104000: T=0.44, Fitness=131.9, Mejor=150.8, Tasa_acept=72.7%
2025-10-20 16:20:40,964 - DEBUG - Iter 104000: T=0.44, Fitness_actual=131.9, Mejor=150.8
2025-10-20 16:20:56,811 - DEBUG - Iter 104100: T=0.43, Fitness_actual=131.1, Mejor=150.8
2025-10-20 16:21:12,672 - DEBUG - Iter 104200: T=0.43, Fitness_actual=133.0, Mejor=150.8
2025-10-20 16:21:28,500 - DEBUG - Iter 104300: T=0.43, Fitness_actual=133.0, Mejor=150.8
2025-10-20 16:21:44,321 - DEBUG - Iter 104400: T=0.43, Fitness_actual=134.6, Mejor=150.8
2025-10-20 16:22:00,141 - INFO -   Iter 104500 | Tiempo:  173.7min (72.4%) | T =     0.43 | Fitness =    131.5 | Mejor =    150.8 | Aceptación =  72.7%
2025-10-20 16:22:00,141 - INFO - Progreso iter 104500: T=0.43, Fitness=131.5, Mejor=150.8, Tasa_acept=72.7%
2025-10-20 16:22:00,142 - DEBUG - Iter 104500: T=0.43, Fitness_actual=131.5, Mejor=150.8
2025-10-20 16:22:16,017 - DEBUG - Iter 104600: T=0.43, Fitness_actual=135.4, Mejor=150.8
2025-10-20 16:22:31,930 - DEBUG - Iter 104700: T=0.43, Fitness_actual=132.7, Mejor=150.8
2025-10-20 16:22:47,775 - DEBUG - Iter 104800: T=0.43, Fitness_actual=131.9, Mejor=150.8
2025-10-20 16:23:03,669 - DEBUG - Iter 104900: T=0.43, Fitness_actual=133.7, Mejor=150.8
2025-10-20 16:23:19,552 - INFO -   Iter 105000 | Tiempo:  175.1min (72.9%) | T =     0.43 | Fitness =    132.5 | Mejor =    150.8 | Aceptación =  72.7%
2025-10-20 16:23:19,552 - INFO - Progreso iter 105000: T=0.43, Fitness=132.5, Mejor=150.8, Tasa_acept=72.7%
2025-10-20 16:23:19,553 - DEBUG - Iter 105000: T=0.43, Fitness_actual=132.5, Mejor=150.8
2025-10-20 16:23:35,549 - DEBUG - Iter 105100: T=0.42, Fitness_actual=133.5, Mejor=150.8
2025-10-20 16:23:51,458 - DEBUG - Iter 105200: T=0.42, Fitness_actual=134.4, Mejor=150.8
2025-10-20 16:24:07,371 - DEBUG - Iter 105300: T=0.42, Fitness_actual=131.3, Mejor=150.8
2025-10-20 16:24:23,305 - DEBUG - Iter 105400: T=0.42, Fitness_actual=132.5, Mejor=150.8
2025-10-20 16:24:39,299 - INFO -   Iter 105500 | Tiempo:  176.4min (73.5%) | T =     0.42 | Fitness =    132.5 | Mejor =    150.8 | Aceptación =  72.7%
2025-10-20 16:24:39,299 - INFO - Progreso iter 105500: T=0.42, Fitness=132.5, Mejor=150.8, Tasa_acept=72.7%
2025-10-20 16:24:39,300 - DEBUG - Iter 105500: T=0.42, Fitness_actual=132.5, Mejor=150.8
2025-10-20 16:24:55,283 - DEBUG - Iter 105600: T=0.42, Fitness_actual=132.6, Mejor=150.8
2025-10-20 16:25:11,231 - DEBUG - Iter 105700: T=0.42, Fitness_actual=132.7, Mejor=150.8
2025-10-20 16:25:27,185 - DEBUG - Iter 105800: T=0.42, Fitness_actual=133.9, Mejor=150.8
2025-10-20 16:25:43,229 - DEBUG - Iter 105900: T=0.42, Fitness_actual=133.8, Mejor=150.8
2025-10-20 16:25:59,180 - INFO -   Iter 106000 | Tiempo:  177.7min (74.1%) | T =     0.41 | Fitness =    134.9 | Mejor =    150.8 | Aceptación =  72.7%
2025-10-20 16:25:59,180 - INFO - Progreso iter 106000: T=0.41, Fitness=134.9, Mejor=150.8, Tasa_acept=72.7%
2025-10-20 16:25:59,181 - DEBUG - Iter 106000: T=0.41, Fitness_actual=134.9, Mejor=150.8
2025-10-20 16:26:15,301 - DEBUG - Iter 106100: T=0.41, Fitness_actual=134.9, Mejor=150.8
2025-10-20 16:26:31,311 - DEBUG - Iter 106200: T=0.41, Fitness_actual=133.6, Mejor=150.8
2025-10-20 16:26:47,358 - DEBUG - Iter 106300: T=0.41, Fitness_actual=135.6, Mejor=150.8
2025-10-20 16:27:03,375 - DEBUG - Iter 106400: T=0.41, Fitness_actual=134.7, Mejor=150.8
2025-10-20 16:27:19,435 - INFO -   Iter 106500 | Tiempo:  179.1min (74.6%) | T =     0.41 | Fitness =    133.6 | Mejor =    150.8 | Aceptación =  72.7%
2025-10-20 16:27:19,435 - INFO - Progreso iter 106500: T=0.41, Fitness=133.6, Mejor=150.8, Tasa_acept=72.7%
2025-10-20 16:27:19,438 - DEBUG - Iter 106500: T=0.41, Fitness_actual=133.6, Mejor=150.8
2025-10-20 16:27:35,451 - DEBUG - Iter 106600: T=0.41, Fitness_actual=136.0, Mejor=150.8
2025-10-20 16:27:51,614 - DEBUG - Iter 106700: T=0.41, Fitness_actual=135.0, Mejor=150.8
2025-10-20 16:28:07,696 - DEBUG - Iter 106800: T=0.41, Fitness_actual=133.0, Mejor=150.8
2025-10-20 16:28:23,738 - DEBUG - Iter 106900: T=0.41, Fitness_actual=132.8, Mejor=150.8
2025-10-20 16:28:39,858 - INFO -   Iter 107000 | Tiempo:  180.4min (75.2%) | T =     0.40 | Fitness =    133.2 | Mejor =    150.8 | Aceptación =  72.7%
2025-10-20 16:28:39,858 - INFO - Progreso iter 107000: T=0.40, Fitness=133.2, Mejor=150.8, Tasa_acept=72.7%
2025-10-20 16:28:39,859 - DEBUG - Iter 107000: T=0.40, Fitness_actual=133.2, Mejor=150.8
2025-10-20 16:28:55,956 - DEBUG - Iter 107100: T=0.40, Fitness_actual=135.0, Mejor=150.8
2025-10-20 16:29:12,035 - DEBUG - Iter 107200: T=0.40, Fitness_actual=135.0, Mejor=150.8
2025-10-20 16:29:28,105 - DEBUG - Iter 107300: T=0.40, Fitness_actual=134.9, Mejor=150.8
2025-10-20 16:29:44,313 - DEBUG - Iter 107400: T=0.40, Fitness_actual=133.7, Mejor=150.8
2025-10-20 16:30:00,519 - INFO -   Iter 107500 | Tiempo:  181.7min (75.7%) | T =     0.40 | Fitness =    133.6 | Mejor =    150.8 | Aceptación =  72.7%
2025-10-20 16:30:00,520 - INFO - Progreso iter 107500: T=0.40, Fitness=133.6, Mejor=150.8, Tasa_acept=72.7%
2025-10-20 16:30:00,522 - DEBUG - Iter 107500: T=0.40, Fitness_actual=133.6, Mejor=150.8
2025-10-20 16:30:16,735 - DEBUG - Iter 107600: T=0.40, Fitness_actual=131.6, Mejor=150.8
2025-10-20 16:30:32,928 - WARNING - ⚠️  DEGRADACIÓN DETECTADA en iter 107700:
2025-10-20 16:30:32,929 - WARNING -    Mejor fitness: 150.8
2025-10-20 16:30:32,929 - WARNING -    Fitness promedio reciente: 130.4
2025-10-20 16:30:32,929 - WARNING -    Degradación: 20.4
2025-10-20 16:30:32,929 - WARNING -    🔄 RESTAURANDO mejor solución...
2025-10-20 16:30:32,930 - DEBUG - Iter 107700: T=0.40, Fitness_actual=150.8, Mejor=150.8
2025-10-20 16:30:49,259 - DEBUG - Iter 107800: T=0.40, Fitness_actual=150.6, Mejor=150.8
2025-10-20 16:31:05,534 - DEBUG - Iter 107900: T=0.40, Fitness_actual=150.2, Mejor=150.8
2025-10-20 16:31:21,762 - INFO -   Iter 108000 | Tiempo:  183.1min (76.3%) | T =     0.39 | Fitness =    147.9 | Mejor =    150.8 | Aceptación =  72.7%
2025-10-20 16:31:21,763 - INFO - Progreso iter 108000: T=0.39, Fitness=147.9, Mejor=150.8, Tasa_acept=72.7%
2025-10-20 16:31:21,764 - DEBUG - Iter 108000: T=0.39, Fitness_actual=147.9, Mejor=150.8
2025-10-20 16:31:37,980 - DEBUG - Iter 108100: T=0.39, Fitness_actual=146.8, Mejor=150.8
2025-10-20 16:31:54,196 - DEBUG - Iter 108200: T=0.39, Fitness_actual=146.7, Mejor=150.8
2025-10-20 16:32:10,460 - DEBUG - Iter 108300: T=0.39, Fitness_actual=147.6, Mejor=150.8
2025-10-20 16:32:26,787 - DEBUG - Iter 108400: T=0.39, Fitness_actual=146.0, Mejor=150.8
2025-10-20 16:32:43,094 - INFO -   Iter 108500 | Tiempo:  184.5min (76.9%) | T =     0.39 | Fitness =    144.4 | Mejor =    150.8 | Aceptación =  72.7%
2025-10-20 16:32:43,094 - INFO - Progreso iter 108500: T=0.39, Fitness=144.4, Mejor=150.8, Tasa_acept=72.7%
2025-10-20 16:32:43,099 - DEBUG - Iter 108500: T=0.39, Fitness_actual=144.4, Mejor=150.8
2025-10-20 16:32:59,430 - DEBUG - Iter 108600: T=0.39, Fitness_actual=144.9, Mejor=150.8
2025-10-20 16:33:15,705 - DEBUG - Iter 108700: T=0.39, Fitness_actual=144.8, Mejor=150.8
2025-10-20 16:33:31,990 - DEBUG - Iter 108800: T=0.39, Fitness_actual=146.0, Mejor=150.8
2025-10-20 16:33:48,368 - DEBUG - Iter 108900: T=0.39, Fitness_actual=143.9, Mejor=150.8
2025-10-20 16:34:04,662 - INFO -   Iter 109000 | Tiempo:  185.8min (77.4%) | T =     0.38 | Fitness =    143.6 | Mejor =    150.8 | Aceptación =  72.6%
2025-10-20 16:34:04,662 - INFO - Progreso iter 109000: T=0.38, Fitness=143.6, Mejor=150.8, Tasa_acept=72.6%
2025-10-20 16:34:04,663 - DEBUG - Iter 109000: T=0.38, Fitness_actual=143.6, Mejor=150.8
2025-10-20 16:34:21,008 - DEBUG - Iter 109100: T=0.38, Fitness_actual=144.5, Mejor=150.8
2025-10-20 16:34:37,407 - DEBUG - Iter 109200: T=0.38, Fitness_actual=144.6, Mejor=150.8
2025-10-20 16:34:53,783 - DEBUG - Iter 109300: T=0.38, Fitness_actual=142.7, Mejor=150.8
2025-10-20 16:35:10,188 - DEBUG - Iter 109400: T=0.38, Fitness_actual=141.8, Mejor=150.8
2025-10-20 16:35:26,688 - INFO -   Iter 109500 | Tiempo:  187.2min (78.0%) | T =     0.38 | Fitness =    140.2 | Mejor =    150.8 | Aceptación =  72.6%
2025-10-20 16:35:26,689 - INFO - Progreso iter 109500: T=0.38, Fitness=140.2, Mejor=150.8, Tasa_acept=72.6%
2025-10-20 16:35:26,690 - DEBUG - Iter 109500: T=0.38, Fitness_actual=140.2, Mejor=150.8
2025-10-20 16:35:43,187 - DEBUG - Iter 109600: T=0.38, Fitness_actual=141.1, Mejor=150.8
2025-10-20 16:35:59,577 - DEBUG - Iter 109700: T=0.38, Fitness_actual=140.8, Mejor=150.8
2025-10-20 16:36:16,046 - DEBUG - Iter 109800: T=0.38, Fitness_actual=140.7, Mejor=150.8
2025-10-20 16:36:32,432 - DEBUG - Iter 109900: T=0.38, Fitness_actual=141.2, Mejor=150.8
2025-10-20 16:36:48,851 - INFO -   Iter 110000 | Tiempo:  188.5min (78.6%) | T =     0.37 | Fitness =    140.2 | Mejor =    150.8 | Aceptación =  72.6%
2025-10-20 16:36:48,851 - INFO - Progreso iter 110000: T=0.37, Fitness=140.2, Mejor=150.8, Tasa_acept=72.6%
2025-10-20 16:36:48,852 - DEBUG - Iter 110000: T=0.37, Fitness_actual=140.2, Mejor=150.8
2025-10-20 16:37:05,285 - DEBUG - Iter 110100: T=0.37, Fitness_actual=141.3, Mejor=150.8
2025-10-20 16:37:21,707 - DEBUG - Iter 110200: T=0.37, Fitness_actual=141.6, Mejor=150.8
2025-10-20 16:37:38,185 - DEBUG - Iter 110300: T=0.37, Fitness_actual=139.4, Mejor=150.8
2025-10-20 16:37:54,664 - DEBUG - Iter 110400: T=0.37, Fitness_actual=139.6, Mejor=150.8
2025-10-20 16:38:11,110 - INFO -   Iter 110500 | Tiempo:  189.9min (79.1%) | T =     0.37 | Fitness =    140.2 | Mejor =    150.8 | Aceptación =  72.6%
2025-10-20 16:38:11,110 - INFO - Progreso iter 110500: T=0.37, Fitness=140.2, Mejor=150.8, Tasa_acept=72.6%
2025-10-20 16:38:11,111 - DEBUG - Iter 110500: T=0.37, Fitness_actual=140.2, Mejor=150.8
2025-10-20 16:38:27,572 - DEBUG - Iter 110600: T=0.37, Fitness_actual=140.0, Mejor=150.8
2025-10-20 16:38:44,091 - DEBUG - Iter 110700: T=0.37, Fitness_actual=140.1, Mejor=150.8
2025-10-20 16:39:00,704 - DEBUG - Iter 110800: T=0.37, Fitness_actual=139.7, Mejor=150.8
2025-10-20 16:39:17,181 - DEBUG - Iter 110900: T=0.37, Fitness_actual=137.6, Mejor=150.8
2025-10-20 16:39:33,712 - INFO -   Iter 111000 | Tiempo:  191.3min (79.7%) | T =     0.37 | Fitness =    137.0 | Mejor =    150.8 | Aceptación =  72.6%
2025-10-20 16:39:33,712 - INFO - Progreso iter 111000: T=0.37, Fitness=137.0, Mejor=150.8, Tasa_acept=72.6%
2025-10-20 16:39:33,713 - DEBUG - Iter 111000: T=0.37, Fitness_actual=137.0, Mejor=150.8
2025-10-20 16:39:50,271 - DEBUG - Iter 111100: T=0.36, Fitness_actual=136.5, Mejor=150.8
2025-10-20 16:40:06,860 - DEBUG - Iter 111200: T=0.36, Fitness_actual=137.9, Mejor=150.8
2025-10-20 16:40:23,477 - DEBUG - Iter 111300: T=0.36, Fitness_actual=138.4, Mejor=150.8
2025-10-20 16:40:40,032 - DEBUG - Iter 111400: T=0.36, Fitness_actual=139.5, Mejor=150.8
2025-10-20 16:40:56,601 - INFO -   Iter 111500 | Tiempo:  192.7min (80.3%) | T =     0.36 | Fitness =    139.2 | Mejor =    150.8 | Aceptación =  72.6%
2025-10-20 16:40:56,601 - INFO - Progreso iter 111500: T=0.36, Fitness=139.2, Mejor=150.8, Tasa_acept=72.6%
2025-10-20 16:40:56,605 - DEBUG - Iter 111500: T=0.36, Fitness_actual=139.2, Mejor=150.8
2025-10-20 16:41:13,278 - DEBUG - Iter 111600: T=0.36, Fitness_actual=140.0, Mejor=150.8
2025-10-20 16:41:29,963 - DEBUG - Iter 111700: T=0.36, Fitness_actual=141.0, Mejor=150.8
2025-10-20 16:41:46,593 - DEBUG - Iter 111800: T=0.36, Fitness_actual=140.2, Mejor=150.8
2025-10-20 16:42:03,228 - DEBUG - Iter 111900: T=0.36, Fitness_actual=138.9, Mejor=150.8
2025-10-20 16:42:19,944 - INFO -   Iter 112000 | Tiempo:  194.1min (80.9%) | T =     0.36 | Fitness =    139.3 | Mejor =    150.8 | Aceptación =  72.6%
2025-10-20 16:42:19,944 - INFO - Progreso iter 112000: T=0.36, Fitness=139.3, Mejor=150.8, Tasa_acept=72.6%
2025-10-20 16:42:19,945 - DEBUG - Iter 112000: T=0.36, Fitness_actual=139.3, Mejor=150.8
2025-10-20 16:42:36,604 - DEBUG - Iter 112100: T=0.36, Fitness_actual=138.5, Mejor=150.8
2025-10-20 16:42:53,278 - DEBUG - Iter 112200: T=0.35, Fitness_actual=139.1, Mejor=150.8
2025-10-20 16:43:09,952 - DEBUG - Iter 112300: T=0.35, Fitness_actual=137.5, Mejor=150.8
2025-10-20 16:43:26,664 - DEBUG - Iter 112400: T=0.35, Fitness_actual=138.2, Mejor=150.8
2025-10-20 16:43:43,422 - INFO -   Iter 112500 | Tiempo:  195.5min (81.4%) | T =     0.35 | Fitness =    140.5 | Mejor =    150.8 | Aceptación =  72.5%
2025-10-20 16:43:43,423 - INFO - Progreso iter 112500: T=0.35, Fitness=140.5, Mejor=150.8, Tasa_acept=72.5%
2025-10-20 16:43:43,424 - DEBUG - Iter 112500: T=0.35, Fitness_actual=140.5, Mejor=150.8
2025-10-20 16:44:00,139 - DEBUG - Iter 112600: T=0.35, Fitness_actual=141.5, Mejor=150.8
2025-10-20 16:44:16,862 - DEBUG - Iter 112700: T=0.35, Fitness_actual=140.7, Mejor=150.8
2025-10-20 16:44:33,614 - DEBUG - Iter 112800: T=0.35, Fitness_actual=139.6, Mejor=150.8
2025-10-20 16:44:50,462 - DEBUG - Iter 112900: T=0.35, Fitness_actual=140.7, Mejor=150.8
2025-10-20 16:45:07,219 - INFO -   Iter 113000 | Tiempo:  196.9min (82.0%) | T =     0.35 | Fitness =    139.8 | Mejor =    150.8 | Aceptación =  72.5%
2025-10-20 16:45:07,219 - INFO - Progreso iter 113000: T=0.35, Fitness=139.8, Mejor=150.8, Tasa_acept=72.5%
2025-10-20 16:45:07,220 - DEBUG - Iter 113000: T=0.35, Fitness_actual=139.8, Mejor=150.8
2025-10-20 16:45:24,042 - DEBUG - Iter 113100: T=0.35, Fitness_actual=139.9, Mejor=150.8
2025-10-20 16:45:40,912 - DEBUG - Iter 113200: T=0.35, Fitness_actual=139.9, Mejor=150.8
2025-10-20 16:45:57,731 - DEBUG - Iter 113300: T=0.35, Fitness_actual=140.6, Mejor=150.8
2025-10-20 16:46:14,716 - DEBUG - Iter 113400: T=0.34, Fitness_actual=141.0, Mejor=150.8
2025-10-20 16:46:31,489 - INFO -   Iter 113500 | Tiempo:  198.3min (82.6%) | T =     0.34 | Fitness =    141.9 | Mejor =    150.8 | Aceptación =  72.5%
2025-10-20 16:46:31,489 - INFO - Progreso iter 113500: T=0.34, Fitness=141.9, Mejor=150.8, Tasa_acept=72.5%
2025-10-20 16:46:31,492 - DEBUG - Iter 113500: T=0.34, Fitness_actual=141.9, Mejor=150.8
2025-10-20 16:46:48,289 - DEBUG - Iter 113600: T=0.34, Fitness_actual=140.8, Mejor=150.8
2025-10-20 16:47:05,098 - DEBUG - Iter 113700: T=0.34, Fitness_actual=141.7, Mejor=150.8
2025-10-20 16:47:21,915 - DEBUG - Iter 113800: T=0.34, Fitness_actual=140.9, Mejor=150.8
2025-10-20 16:47:38,808 - DEBUG - Iter 113900: T=0.34, Fitness_actual=141.4, Mejor=150.8
2025-10-20 16:47:55,684 - INFO -   Iter 114000 | Tiempo:  199.7min (83.2%) | T =     0.34 | Fitness =    142.3 | Mejor =    150.8 | Aceptación =  72.5%
2025-10-20 16:47:55,684 - INFO - Progreso iter 114000: T=0.34, Fitness=142.3, Mejor=150.8, Tasa_acept=72.5%
2025-10-20 16:47:55,685 - DEBUG - Iter 114000: T=0.34, Fitness_actual=142.3, Mejor=150.8
2025-10-20 16:48:12,593 - DEBUG - Iter 114100: T=0.34, Fitness_actual=141.3, Mejor=150.8
2025-10-20 16:48:29,480 - DEBUG - Iter 114200: T=0.34, Fitness_actual=139.9, Mejor=150.8
2025-10-20 16:48:46,496 - DEBUG - Iter 114300: T=0.34, Fitness_actual=141.0, Mejor=150.8
2025-10-20 16:49:03,492 - DEBUG - Iter 114400: T=0.34, Fitness_actual=137.6, Mejor=150.8
2025-10-20 16:49:20,515 - INFO -   Iter 114500 | Tiempo:  201.1min (83.8%) | T =     0.33 | Fitness =    137.2 | Mejor =    150.8 | Aceptación =  72.5%
2025-10-20 16:49:20,515 - INFO - Progreso iter 114500: T=0.33, Fitness=137.2, Mejor=150.8, Tasa_acept=72.5%
2025-10-20 16:49:20,516 - DEBUG - Iter 114500: T=0.33, Fitness_actual=137.2, Mejor=150.8
2025-10-20 16:49:37,571 - DEBUG - Iter 114600: T=0.33, Fitness_actual=140.4, Mejor=150.8
2025-10-20 16:49:54,634 - DEBUG - Iter 114700: T=0.33, Fitness_actual=140.9, Mejor=150.8
2025-10-20 16:50:11,718 - DEBUG - Iter 114800: T=0.33, Fitness_actual=138.9, Mejor=150.8
2025-10-20 16:50:28,924 - DEBUG - Iter 114900: T=0.33, Fitness_actual=138.6, Mejor=150.8
2025-10-20 16:50:46,028 - INFO -   Iter 115000 | Tiempo:  202.5min (84.4%) | T =     0.33 | Fitness =    139.7 | Mejor =    150.8 | Aceptación =  72.4%
2025-10-20 16:50:46,029 - INFO - Progreso iter 115000: T=0.33, Fitness=139.7, Mejor=150.8, Tasa_acept=72.4%
2025-10-20 16:50:46,033 - DEBUG - Iter 115000: T=0.33, Fitness_actual=139.7, Mejor=150.8
2025-10-20 16:51:03,165 - DEBUG - Iter 115100: T=0.33, Fitness_actual=140.8, Mejor=150.8
2025-10-20 16:51:20,271 - DEBUG - Iter 115200: T=0.33, Fitness_actual=140.2, Mejor=150.8
2025-10-20 16:51:33,085 - WARNING - ================================================================================
2025-10-20 16:51:33,086 - WARNING - ⚠️  SALTO ANORMAL DETECTADO en iteración 115275
2025-10-20 16:51:33,086 - WARNING -    Fitness actual: 141.2
2025-10-20 16:51:33,086 - WARNING -    Fitness vecino: 119.9
2025-10-20 16:51:33,086 - WARNING -    Delta: -21.3
2025-10-20 16:51:33,086 - WARNING -    Temperatura: 0.33
2025-10-20 16:51:33,087 - WARNING -    Tipo perturbación aplicada: (ver generar_vecino)
2025-10-20 16:51:33,087 - WARNING -    Vecino - Puntos: 15768, Tiempo: 14237.3min, Distancia: 202.3km
2025-10-20 16:51:33,087 - WARNING -    Actual - Puntos: 15768, Tiempo: 13516.2min, Distancia: 143.4km
2025-10-20 16:51:33,087 - WARNING -    Validez restricciones - Vecino: False, Actual: False
2025-10-20 16:51:33,087 - WARNING - ================================================================================
2025-10-20 16:51:33,087 - WARNING - ⚠️  SALTO ANORMAL DETECTADO en iteración 115275
2025-10-20 16:51:33,088 - WARNING -    Fitness: 141.2 → 119.9 (Δ=-21.3)
2025-10-20 16:51:33,088 - WARNING -    Ver detalles en archivo de log
2025-10-20 16:51:37,364 - DEBUG - Iter 115300: T=0.33, Fitness_actual=141.3, Mejor=150.8
2025-10-20 16:51:54,526 - DEBUG - Iter 115400: T=0.33, Fitness_actual=140.8, Mejor=150.8
2025-10-20 16:52:11,893 - INFO -   Iter 115500 | Tiempo:  203.9min (85.0%) | T =     0.33 | Fitness =    141.7 | Mejor =    150.8 | Aceptación =  72.4%
2025-10-20 16:52:11,893 - INFO - Progreso iter 115500: T=0.33, Fitness=141.7, Mejor=150.8, Tasa_acept=72.4%
2025-10-20 16:52:11,894 - DEBUG - Iter 115500: T=0.33, Fitness_actual=141.7, Mejor=150.8
2025-10-20 16:52:29,011 - DEBUG - Iter 115600: T=0.33, Fitness_actual=141.6, Mejor=150.8
2025-10-20 16:52:46,183 - DEBUG - Iter 115700: T=0.33, Fitness_actual=142.9, Mejor=150.8
2025-10-20 16:53:03,354 - DEBUG - Iter 115800: T=0.32, Fitness_actual=143.1, Mejor=150.8
2025-10-20 16:53:20,498 - DEBUG - Iter 115900: T=0.32, Fitness_actual=144.2, Mejor=150.8
2025-10-20 16:53:37,744 - INFO -   Iter 116000 | Tiempo:  205.4min (85.6%) | T =     0.32 | Fitness =    144.3 | Mejor =    150.8 | Aceptación =  72.4%
2025-10-20 16:53:37,744 - INFO - Progreso iter 116000: T=0.32, Fitness=144.3, Mejor=150.8, Tasa_acept=72.4%
2025-10-20 16:53:37,745 - DEBUG - Iter 116000: T=0.32, Fitness_actual=144.3, Mejor=150.8
2025-10-20 16:53:55,090 - DEBUG - Iter 116100: T=0.32, Fitness_actual=144.0, Mejor=150.8
2025-10-20 16:54:12,293 - DEBUG - Iter 116200: T=0.32, Fitness_actual=144.2, Mejor=150.8
2025-10-20 16:54:29,587 - DEBUG - Iter 116300: T=0.32, Fitness_actual=142.4, Mejor=150.8
2025-10-20 16:54:46,808 - DEBUG - Iter 116400: T=0.32, Fitness_actual=144.4, Mejor=150.8
2025-10-20 16:55:04,098 - INFO -   Iter 116500 | Tiempo:  206.8min (86.2%) | T =     0.32 | Fitness =    141.2 | Mejor =    150.8 | Aceptación =  72.3%
2025-10-20 16:55:04,098 - INFO - Progreso iter 116500: T=0.32, Fitness=141.2, Mejor=150.8, Tasa_acept=72.3%
2025-10-20 16:55:04,099 - DEBUG - Iter 116500: T=0.32, Fitness_actual=141.2, Mejor=150.8
2025-10-20 16:55:21,358 - DEBUG - Iter 116600: T=0.32, Fitness_actual=139.9, Mejor=150.8
2025-10-20 16:55:38,632 - DEBUG - Iter 116700: T=0.32, Fitness_actual=140.9, Mejor=150.8
2025-10-20 16:55:55,889 - DEBUG - Iter 116800: T=0.32, Fitness_actual=141.6, Mejor=150.8
2025-10-20 16:56:13,261 - DEBUG - Iter 116900: T=0.32, Fitness_actual=140.9, Mejor=150.8
2025-10-20 16:56:30,588 - INFO -   Iter 117000 | Tiempo:  208.2min (86.8%) | T =     0.31 | Fitness =    139.9 | Mejor =    150.8 | Aceptación =  72.3%
2025-10-20 16:56:30,588 - INFO - Progreso iter 117000: T=0.31, Fitness=139.9, Mejor=150.8, Tasa_acept=72.3%
2025-10-20 16:56:30,589 - DEBUG - Iter 117000: T=0.31, Fitness_actual=139.9, Mejor=150.8
2025-10-20 16:56:47,894 - DEBUG - Iter 117100: T=0.31, Fitness_actual=140.7, Mejor=150.8
2025-10-20 16:57:05,193 - DEBUG - Iter 117200: T=0.31, Fitness_actual=139.6, Mejor=150.8
2025-10-20 16:57:22,536 - DEBUG - Iter 117300: T=0.31, Fitness_actual=141.2, Mejor=150.8
2025-10-20 16:57:39,896 - DEBUG - Iter 117400: T=0.31, Fitness_actual=141.3, Mejor=150.8
2025-10-20 16:57:57,199 - INFO -   Iter 117500 | Tiempo:  209.7min (87.4%) | T =     0.31 | Fitness =    141.0 | Mejor =    150.8 | Aceptación =  72.3%
2025-10-20 16:57:57,200 - INFO - Progreso iter 117500: T=0.31, Fitness=141.0, Mejor=150.8, Tasa_acept=72.3%
2025-10-20 16:57:57,201 - DEBUG - Iter 117500: T=0.31, Fitness_actual=141.0, Mejor=150.8
2025-10-20 16:58:14,537 - DEBUG - Iter 117600: T=0.31, Fitness_actual=142.1, Mejor=150.8
2025-10-20 16:58:31,954 - DEBUG - Iter 117700: T=0.31, Fitness_actual=142.3, Mejor=150.8
2025-10-20 16:58:49,311 - DEBUG - Iter 117800: T=0.31, Fitness_actual=142.3, Mejor=150.8
2025-10-20 16:59:06,682 - DEBUG - Iter 117900: T=0.31, Fitness_actual=142.3, Mejor=150.8
2025-10-20 16:59:24,057 - INFO -   Iter 118000 | Tiempo:  211.1min (88.0%) | T =     0.31 | Fitness =    142.6 | Mejor =    150.8 | Aceptación =  72.2%
2025-10-20 16:59:24,057 - INFO - Progreso iter 118000: T=0.31, Fitness=142.6, Mejor=150.8, Tasa_acept=72.2%
2025-10-20 16:59:24,062 - DEBUG - Iter 118000: T=0.31, Fitness_actual=142.6, Mejor=150.8
2025-10-20 16:59:41,555 - DEBUG - Iter 118100: T=0.31, Fitness_actual=142.9, Mejor=150.8
2025-10-20 16:59:58,976 - DEBUG - Iter 118200: T=0.31, Fitness_actual=141.3, Mejor=150.8
2025-10-20 17:00:16,400 - DEBUG - Iter 118300: T=0.30, Fitness_actual=140.6, Mejor=150.8
2025-10-20 17:00:33,863 - DEBUG - Iter 118400: T=0.30, Fitness_actual=140.5, Mejor=150.8
2025-10-20 17:00:34,736 - WARNING - ================================================================================
2025-10-20 17:00:34,736 - WARNING - ⚠️  SALTO ANORMAL DETECTADO en iteración 118405
2025-10-20 17:00:34,736 - WARNING -    Fitness actual: 140.5
2025-10-20 17:00:34,736 - WARNING -    Fitness vecino: 119.7
2025-10-20 17:00:34,736 - WARNING -    Delta: -20.8
2025-10-20 17:00:34,736 - WARNING -    Temperatura: 0.30
2025-10-20 17:00:34,737 - WARNING -    Tipo perturbación aplicada: (ver generar_vecino)
2025-10-20 17:00:34,737 - WARNING -    Vecino - Puntos: 15593, Tiempo: 14799.7min, Distancia: 256.6km
2025-10-20 17:00:34,737 - WARNING -    Actual - Puntos: 15809, Tiempo: 14022.0min, Distancia: 184.3km
2025-10-20 17:00:34,737 - WARNING -    Validez restricciones - Vecino: False, Actual: False
2025-10-20 17:00:34,737 - WARNING - ================================================================================
2025-10-20 17:00:34,737 - WARNING - ⚠️  SALTO ANORMAL DETECTADO en iteración 118405
2025-10-20 17:00:34,738 - WARNING -    Fitness: 140.5 → 119.7 (Δ=-20.8)
2025-10-20 17:00:34,738 - WARNING -    Ver detalles en archivo de log
2025-10-20 17:00:51,264 - INFO -   Iter 118500 | Tiempo:  212.6min (88.6%) | T =     0.30 | Fitness =    142.5 | Mejor =    150.8 | Aceptación =  72.2%
2025-10-20 17:00:51,264 - INFO - Progreso iter 118500: T=0.30, Fitness=142.5, Mejor=150.8, Tasa_acept=72.2%
2025-10-20 17:00:51,265 - DEBUG - Iter 118500: T=0.30, Fitness_actual=142.5, Mejor=150.8
2025-10-20 17:01:08,678 - DEBUG - Iter 118600: T=0.30, Fitness_actual=142.6, Mejor=150.8
2025-10-20 17:01:26,218 - DEBUG - Iter 118700: T=0.30, Fitness_actual=141.4, Mejor=150.8
2025-10-20 17:01:43,948 - DEBUG - Iter 118800: T=0.30, Fitness_actual=140.2, Mejor=150.8
2025-10-20 17:02:01,432 - DEBUG - Iter 118900: T=0.30, Fitness_actual=140.0, Mejor=150.8
2025-10-20 17:02:18,917 - INFO -   Iter 119000 | Tiempo:  214.1min (89.2%) | T =     0.30 | Fitness =    140.0 | Mejor =    150.8 | Aceptación =  72.2%
2025-10-20 17:02:18,917 - INFO - Progreso iter 119000: T=0.30, Fitness=140.0, Mejor=150.8, Tasa_acept=72.2%
2025-10-20 17:02:18,919 - DEBUG - Iter 119000: T=0.30, Fitness_actual=140.0, Mejor=150.8
2025-10-20 17:02:36,456 - DEBUG - Iter 119100: T=0.30, Fitness_actual=139.7, Mejor=150.8
2025-10-20 17:02:53,932 - DEBUG - Iter 119200: T=0.30, Fitness_actual=139.5, Mejor=150.8
2025-10-20 17:03:11,493 - DEBUG - Iter 119300: T=0.30, Fitness_actual=140.7, Mejor=150.8
2025-10-20 17:03:28,998 - DEBUG - Iter 119400: T=0.30, Fitness_actual=140.3, Mejor=150.8
2025-10-20 17:03:46,518 - INFO -   Iter 119500 | Tiempo:  215.5min (89.8%) | T =     0.30 | Fitness =    139.6 | Mejor =    150.8 | Aceptación =  72.2%
2025-10-20 17:03:46,518 - INFO - Progreso iter 119500: T=0.30, Fitness=139.6, Mejor=150.8, Tasa_acept=72.2%
2025-10-20 17:03:46,519 - DEBUG - Iter 119500: T=0.30, Fitness_actual=139.6, Mejor=150.8
2025-10-20 17:04:04,024 - DEBUG - Iter 119600: T=0.30, Fitness_actual=141.2, Mejor=150.8
2025-10-20 17:04:21,682 - DEBUG - Iter 119700: T=0.29, Fitness_actual=141.9, Mejor=150.8
2025-10-20 17:04:39,223 - DEBUG - Iter 119800: T=0.29, Fitness_actual=140.8, Mejor=150.8
2025-10-20 17:04:56,778 - DEBUG - Iter 119900: T=0.29, Fitness_actual=139.9, Mejor=150.8
2025-10-20 17:05:14,388 - INFO -   Iter 120000 | Tiempo:  217.0min (90.4%) | T =     0.29 | Fitness =    141.1 | Mejor =    150.8 | Aceptación =  72.2%
2025-10-20 17:05:14,388 - INFO - Progreso iter 120000: T=0.29, Fitness=141.1, Mejor=150.8, Tasa_acept=72.2%
2025-10-20 17:05:14,390 - DEBUG - Iter 120000: T=0.29, Fitness_actual=141.1, Mejor=150.8
2025-10-20 17:05:31,958 - DEBUG - Iter 120100: T=0.29, Fitness_actual=141.3, Mejor=150.8
2025-10-20 17:05:49,561 - DEBUG - Iter 120200: T=0.29, Fitness_actual=140.4, Mejor=150.8
2025-10-20 17:06:07,154 - DEBUG - Iter 120300: T=0.29, Fitness_actual=139.1, Mejor=150.8
2025-10-20 17:06:24,890 - DEBUG - Iter 120400: T=0.29, Fitness_actual=138.3, Mejor=150.8
2025-10-20 17:06:42,516 - INFO -   Iter 120500 | Tiempo:  218.4min (91.0%) | T =     0.29 | Fitness =    139.8 | Mejor =    150.8 | Aceptación =  72.1%
2025-10-20 17:06:42,517 - INFO - Progreso iter 120500: T=0.29, Fitness=139.8, Mejor=150.8, Tasa_acept=72.1%
2025-10-20 17:06:42,518 - DEBUG - Iter 120500: T=0.29, Fitness_actual=139.8, Mejor=150.8
2025-10-20 17:07:00,131 - DEBUG - Iter 120600: T=0.29, Fitness_actual=140.0, Mejor=150.8
2025-10-20 17:07:17,791 - DEBUG - Iter 120700: T=0.29, Fitness_actual=140.8, Mejor=150.8
2025-10-20 17:07:35,445 - DEBUG - Iter 120800: T=0.29, Fitness_actual=140.8, Mejor=150.8
2025-10-20 17:07:53,177 - DEBUG - Iter 120900: T=0.29, Fitness_actual=140.6, Mejor=150.8
2025-10-20 17:08:10,842 - INFO -   Iter 121000 | Tiempo:  219.9min (91.6%) | T =     0.29 | Fitness =    139.2 | Mejor =    150.8 | Aceptación =  72.1%
2025-10-20 17:08:10,843 - INFO - Progreso iter 121000: T=0.29, Fitness=139.2, Mejor=150.8, Tasa_acept=72.1%
2025-10-20 17:08:10,844 - DEBUG - Iter 121000: T=0.29, Fitness_actual=139.2, Mejor=150.8
2025-10-20 17:08:28,537 - DEBUG - Iter 121100: T=0.28, Fitness_actual=140.6, Mejor=150.8
2025-10-20 17:08:46,286 - DEBUG - Iter 121200: T=0.28, Fitness_actual=140.6, Mejor=150.8
2025-10-20 17:09:03,992 - DEBUG - Iter 121300: T=0.28, Fitness_actual=141.6, Mejor=150.8
2025-10-20 17:09:21,731 - DEBUG - Iter 121400: T=0.28, Fitness_actual=141.0, Mejor=150.8
2025-10-20 17:09:39,473 - INFO -   Iter 121500 | Tiempo:  221.4min (92.2%) | T =     0.28 | Fitness =    140.8 | Mejor =    150.8 | Aceptación =  72.1%
2025-10-20 17:09:39,473 - INFO - Progreso iter 121500: T=0.28, Fitness=140.8, Mejor=150.8, Tasa_acept=72.1%
2025-10-20 17:09:39,474 - DEBUG - Iter 121500: T=0.28, Fitness_actual=140.8, Mejor=150.8
2025-10-20 17:09:57,251 - DEBUG - Iter 121600: T=0.28, Fitness_actual=140.8, Mejor=150.8
2025-10-20 17:10:15,004 - DEBUG - Iter 121700: T=0.28, Fitness_actual=140.8, Mejor=150.8
2025-10-20 17:10:32,721 - DEBUG - Iter 121800: T=0.28, Fitness_actual=139.6, Mejor=150.8
2025-10-20 17:10:50,654 - DEBUG - Iter 121900: T=0.28, Fitness_actual=140.6, Mejor=150.8
2025-10-20 17:11:08,447 - INFO -   Iter 122000 | Tiempo:  222.9min (92.9%) | T =     0.28 | Fitness =    139.4 | Mejor =    150.8 | Aceptación =  72.0%
2025-10-20 17:11:08,447 - INFO - Progreso iter 122000: T=0.28, Fitness=139.4, Mejor=150.8, Tasa_acept=72.0%
2025-10-20 17:11:08,448 - DEBUG - Iter 122000: T=0.28, Fitness_actual=139.4, Mejor=150.8
2025-10-20 17:11:26,389 - DEBUG - Iter 122100: T=0.28, Fitness_actual=140.4, Mejor=150.8
2025-10-20 17:11:44,221 - DEBUG - Iter 122200: T=0.28, Fitness_actual=140.3, Mejor=150.8
2025-10-20 17:12:02,038 - DEBUG - Iter 122300: T=0.28, Fitness_actual=140.5, Mejor=150.8
2025-10-20 17:12:19,961 - DEBUG - Iter 122400: T=0.28, Fitness_actual=140.8, Mejor=150.8
2025-10-20 17:12:37,779 - INFO -   Iter 122500 | Tiempo:  224.4min (93.5%) | T =     0.28 | Fitness =    140.6 | Mejor =    150.8 | Aceptación =  72.0%
2025-10-20 17:12:37,779 - INFO - Progreso iter 122500: T=0.28, Fitness=140.6, Mejor=150.8, Tasa_acept=72.0%
2025-10-20 17:12:37,780 - DEBUG - Iter 122500: T=0.28, Fitness_actual=140.6, Mejor=150.8
2025-10-20 17:12:55,688 - DEBUG - Iter 122600: T=0.27, Fitness_actual=138.7, Mejor=150.8
2025-10-20 17:13:13,656 - DEBUG - Iter 122700: T=0.27, Fitness_actual=139.0, Mejor=150.8
2025-10-20 17:13:31,542 - DEBUG - Iter 122800: T=0.27, Fitness_actual=139.6, Mejor=150.8
2025-10-20 17:13:49,340 - DEBUG - Iter 122900: T=0.27, Fitness_actual=139.9, Mejor=150.8
2025-10-20 17:14:07,284 - INFO -   Iter 123000 | Tiempo:  225.9min (94.1%) | T =     0.27 | Fitness =    140.0 | Mejor =    150.8 | Aceptación =  72.0%
2025-10-20 17:14:07,284 - INFO - Progreso iter 123000: T=0.27, Fitness=140.0, Mejor=150.8, Tasa_acept=72.0%
2025-10-20 17:14:07,285 - DEBUG - Iter 123000: T=0.27, Fitness_actual=140.0, Mejor=150.8
2025-10-20 17:14:25,135 - DEBUG - Iter 123100: T=0.27, Fitness_actual=139.9, Mejor=150.8
2025-10-20 17:14:43,067 - DEBUG - Iter 123200: T=0.27, Fitness_actual=139.5, Mejor=150.8
2025-10-20 17:15:00,994 - DEBUG - Iter 123300: T=0.27, Fitness_actual=139.7, Mejor=150.8
2025-10-20 17:15:18,899 - DEBUG - Iter 123400: T=0.27, Fitness_actual=138.9, Mejor=150.8
2025-10-20 17:15:36,839 - INFO -   Iter 123500 | Tiempo:  227.3min (94.7%) | T =     0.27 | Fitness =    138.8 | Mejor =    150.8 | Aceptación =  72.0%
2025-10-20 17:15:36,840 - INFO - Progreso iter 123500: T=0.27, Fitness=138.8, Mejor=150.8, Tasa_acept=72.0%
2025-10-20 17:15:36,841 - DEBUG - Iter 123500: T=0.27, Fitness_actual=138.8, Mejor=150.8
2025-10-20 17:15:54,769 - DEBUG - Iter 123600: T=0.27, Fitness_actual=139.0, Mejor=150.8
2025-10-20 17:16:12,763 - DEBUG - Iter 123700: T=0.27, Fitness_actual=139.8, Mejor=150.8
2025-10-20 17:16:30,718 - DEBUG - Iter 123800: T=0.27, Fitness_actual=139.6, Mejor=150.8
2025-10-20 17:16:48,675 - DEBUG - Iter 123900: T=0.27, Fitness_actual=139.8, Mejor=150.8
2025-10-20 17:17:06,614 - INFO -   Iter 124000 | Tiempo:  228.8min (95.4%) | T =     0.27 | Fitness =    137.5 | Mejor =    150.8 | Aceptación =  71.9%
2025-10-20 17:17:06,614 - INFO - Progreso iter 124000: T=0.27, Fitness=137.5, Mejor=150.8, Tasa_acept=71.9%
2025-10-20 17:17:06,615 - DEBUG - Iter 124000: T=0.27, Fitness_actual=137.5, Mejor=150.8
2025-10-20 17:17:24,542 - DEBUG - Iter 124100: T=0.27, Fitness_actual=138.2, Mejor=150.8
2025-10-20 17:17:42,469 - DEBUG - Iter 124200: T=0.26, Fitness_actual=138.3, Mejor=150.8
2025-10-20 17:18:00,407 - DEBUG - Iter 124300: T=0.26, Fitness_actual=136.8, Mejor=150.8
2025-10-20 17:18:18,392 - DEBUG - Iter 124400: T=0.26, Fitness_actual=135.9, Mejor=150.8
2025-10-20 17:18:36,335 - INFO -   Iter 124500 | Tiempo:  230.3min (96.0%) | T =     0.26 | Fitness =    136.8 | Mejor =    150.8 | Aceptación =  71.9%
2025-10-20 17:18:36,335 - INFO - Progreso iter 124500: T=0.26, Fitness=136.8, Mejor=150.8, Tasa_acept=71.9%
2025-10-20 17:18:36,336 - DEBUG - Iter 124500: T=0.26, Fitness_actual=136.8, Mejor=150.8
2025-10-20 17:18:54,483 - DEBUG - Iter 124600: T=0.26, Fitness_actual=136.9, Mejor=150.8
2025-10-20 17:19:12,491 - DEBUG - Iter 124700: T=0.26, Fitness_actual=137.7, Mejor=150.8
2025-10-20 17:19:30,524 - DEBUG - Iter 124800: T=0.26, Fitness_actual=137.8, Mejor=150.8
2025-10-20 17:19:48,616 - DEBUG - Iter 124900: T=0.26, Fitness_actual=138.6, Mejor=150.8
2025-10-20 17:20:06,681 - INFO -   Iter 125000 | Tiempo:  231.8min (96.6%) | T =     0.26 | Fitness =    136.6 | Mejor =    150.8 | Aceptación =  71.9%
2025-10-20 17:20:06,681 - INFO - Progreso iter 125000: T=0.26, Fitness=136.6, Mejor=150.8, Tasa_acept=71.9%
2025-10-20 17:20:06,682 - DEBUG - Iter 125000: T=0.26, Fitness_actual=136.6, Mejor=150.8
2025-10-20 17:20:24,698 - DEBUG - Iter 125100: T=0.26, Fitness_actual=136.3, Mejor=150.8
2025-10-20 17:20:42,811 - DEBUG - Iter 125200: T=0.26, Fitness_actual=136.4, Mejor=150.8
2025-10-20 17:21:00,878 - DEBUG - Iter 125300: T=0.26, Fitness_actual=138.3, Mejor=150.8
2025-10-20 17:21:19,091 - DEBUG - Iter 125400: T=0.26, Fitness_actual=138.1, Mejor=150.8
2025-10-20 17:21:37,164 - INFO -   Iter 125500 | Tiempo:  233.4min (97.2%) | T =     0.26 | Fitness =    138.2 | Mejor =    150.8 | Aceptación =  71.8%
2025-10-20 17:21:37,164 - INFO - Progreso iter 125500: T=0.26, Fitness=138.2, Mejor=150.8, Tasa_acept=71.8%
2025-10-20 17:21:37,166 - DEBUG - Iter 125500: T=0.26, Fitness_actual=138.2, Mejor=150.8
2025-10-20 17:21:55,298 - DEBUG - Iter 125600: T=0.26, Fitness_actual=139.0, Mejor=150.8
2025-10-20 17:22:13,436 - DEBUG - Iter 125700: T=0.26, Fitness_actual=138.1, Mejor=150.8
2025-10-20 17:22:31,627 - DEBUG - Iter 125800: T=0.26, Fitness_actual=139.4, Mejor=150.8
2025-10-20 17:22:49,768 - DEBUG - Iter 125900: T=0.25, Fitness_actual=139.4, Mejor=150.8
2025-10-20 17:23:07,937 - INFO -   Iter 126000 | Tiempo:  234.9min (97.9%) | T =     0.25 | Fitness =    139.4 | Mejor =    150.8 | Aceptación =  71.8%
2025-10-20 17:23:07,937 - INFO - Progreso iter 126000: T=0.25, Fitness=139.4, Mejor=150.8, Tasa_acept=71.8%
2025-10-20 17:23:07,938 - DEBUG - Iter 126000: T=0.25, Fitness_actual=139.4, Mejor=150.8
2025-10-20 17:23:26,118 - DEBUG - Iter 126100: T=0.25, Fitness_actual=139.6, Mejor=150.8
2025-10-20 17:23:44,476 - DEBUG - Iter 126200: T=0.25, Fitness_actual=139.1, Mejor=150.8
2025-10-20 17:24:02,752 - DEBUG - Iter 126300: T=0.25, Fitness_actual=139.2, Mejor=150.8
2025-10-20 17:24:21,011 - DEBUG - Iter 126400: T=0.25, Fitness_actual=139.0, Mejor=150.8
2025-10-20 17:24:39,307 - INFO -   Iter 126500 | Tiempo:  236.4min (98.5%) | T =     0.25 | Fitness =    139.1 | Mejor =    150.8 | Aceptación =  71.8%
2025-10-20 17:24:39,307 - INFO - Progreso iter 126500: T=0.25, Fitness=139.1, Mejor=150.8, Tasa_acept=71.8%
2025-10-20 17:24:39,308 - DEBUG - Iter 126500: T=0.25, Fitness_actual=139.1, Mejor=150.8
2025-10-20 17:24:57,583 - DEBUG - Iter 126600: T=0.25, Fitness_actual=139.0, Mejor=150.8
2025-10-20 17:25:15,897 - DEBUG - Iter 126700: T=0.25, Fitness_actual=139.0, Mejor=150.8
2025-10-20 17:25:34,159 - DEBUG - Iter 126800: T=0.25, Fitness_actual=139.1, Mejor=150.8
2025-10-20 17:25:52,488 - DEBUG - Iter 126900: T=0.25, Fitness_actual=139.1, Mejor=150.8
2025-10-20 17:26:10,802 - INFO -   Iter 127000 | Tiempo:  237.9min (99.1%) | T =     0.25 | Fitness =    139.1 | Mejor =    150.8 | Aceptación =  71.7%
2025-10-20 17:26:10,802 - INFO - Progreso iter 127000: T=0.25, Fitness=139.1, Mejor=150.8, Tasa_acept=71.7%
2025-10-20 17:26:10,803 - DEBUG - Iter 127000: T=0.25, Fitness_actual=139.1, Mejor=150.8
2025-10-20 17:26:29,238 - DEBUG - Iter 127100: T=0.25, Fitness_actual=138.6, Mejor=150.8
2025-10-20 17:26:47,553 - DEBUG - Iter 127200: T=0.25, Fitness_actual=140.1, Mejor=150.8
2025-10-20 17:27:05,901 - DEBUG - Iter 127300: T=0.25, Fitness_actual=139.6, Mejor=150.8
2025-10-20 17:27:24,246 - DEBUG - Iter 127400: T=0.25, Fitness_actual=139.8, Mejor=150.8
2025-10-20 17:27:42,650 - INFO -   Iter 127500 | Tiempo:  239.4min (99.8%) | T =     0.25 | Fitness =    139.5 | Mejor =    150.8 | Aceptación =  71.7%
2025-10-20 17:27:42,651 - INFO - Progreso iter 127500: T=0.25, Fitness=139.5, Mejor=150.8, Tasa_acept=71.7%
2025-10-20 17:27:42,654 - DEBUG - Iter 127500: T=0.25, Fitness_actual=139.5, Mejor=150.8
2025-10-20 17:28:00,998 - DEBUG - Iter 127600: T=0.24, Fitness_actual=138.8, Mejor=150.8
2025-10-20 17:28:16,047 - INFO - ⏰ Tiempo máximo alcanzado: 240.0 minutos
2025-10-20 17:28:16,437 - INFO - 💾 Gráfica guardada: graficas\evolucion_fitness_sa_20_17_28.png
