2025-10-19 17:59:37,783 - INFO - 📝 Log iniciado: logs\19_17_59_sa.log
2025-10-19 17:59:37,785 - INFO - 🎲 Modo 1: Enfriamiento Simulado desde solución aleatoria
2025-10-19 17:59:37,785 - INFO - ================================================================================
2025-10-19 17:59:37,785 - INFO - 🔥 INICIANDO ENFRIAMIENTO SIMULADO
2025-10-19 17:59:37,785 - INFO - ================================================================================
2025-10-19 17:59:37,785 - INFO - 🎲 Generando solución inicial aleatoria...
2025-10-19 17:59:38,153 - INFO - Solución inicial creada - Fitness: 99.8, Puntos: 15233
2025-10-19 17:59:38,153 - INFO -   ✅ La solución del GA es válida (sin duplicados).
2025-10-19 17:59:38,156 - INFO - 📊 Configuración para Enfriamiento Simulado:
2025-10-19 17:59:38,156 - INFO -   • Temperatura inicial: 10.0
2025-10-19 17:59:38,156 - INFO -   • Temperatura mínima: 0.1
2025-10-19 17:59:38,156 - INFO -   • Tipo de enfriamiento: 🔄 ADAPTATIVO (lineal por tiempo)
2025-10-19 17:59:38,156 - INFO -   • Máx. tiempo: 120.0 minutos (2.0 horas)
2025-10-19 17:59:38,157 - INFO -   • Máx. iter. sin mejora: 999,999
2025-10-19 17:59:38,157 - INFO -   • Usar optimización 2-opt: ✅ SÍ
2025-10-19 17:59:38,157 - INFO -   • Fitness inicial (REAL): 99.8
2025-10-19 17:59:38,157 - INFO -   • Puntos iniciales (REAL): 15233
2025-10-19 17:59:38,157 - INFO - ================================================================================
2025-10-19 17:59:38,721 - INFO - 🔄 Iniciando búsqueda...
2025-10-19 17:59:38,722 - INFO - Iniciando búsqueda por vecindario
2025-10-19 17:59:38,722 - INFO - Configuración: T_inicial=10, alpha=0.9995, max_tiempo=7200s, usar_2opt=True
2025-10-19 17:59:38,722 - INFO - --- Cambiando a Fase: Inicial (Exploración) (Progreso: 0.0%) ---
2025-10-19 17:59:38,726 - DEBUG - Iter 0: T=10.00, Fitness_actual=99.8, Mejor=99.8
2025-10-19 17:59:38,727 - INFO - 🌟 MEJORA #1 en iter 0: Fitness=99.8 (+0.0), Puntos=15233
2025-10-19 17:59:39,069 - INFO - 🌟 MEJORA #2 en iter 3: Fitness=100.8 (+1.0), Puntos=15231
2025-10-19 17:59:39,213 - INFO - 🌟 MEJORA #3 en iter 6: Fitness=100.9 (+0.1), Puntos=15237
2025-10-19 17:59:43,086 - DEBUG - Iter 100: T=9.98, Fitness_actual=79.3, Mejor=100.9
2025-10-19 17:59:47,261 - DEBUG - Iter 200: T=9.96, Fitness_actual=69.9, Mejor=100.9
2025-10-19 17:59:51,141 - WARNING - ⚠️  DEGRADACIÓN DETECTADA en iter 300:
2025-10-19 17:59:51,141 - WARNING -    Mejor fitness: 100.9
2025-10-19 17:59:51,141 - WARNING -    Fitness promedio reciente: 64.8
2025-10-19 17:59:51,141 - WARNING -    Degradación: 36.1
2025-10-19 17:59:51,142 - WARNING -    🔄 RESTAURANDO mejor solución...
2025-10-19 17:59:51,146 - DEBUG - Iter 300: T=9.95, Fitness_actual=100.9, Mejor=100.9
2025-10-19 17:59:51,146 - INFO - 🌟 MEJORA #4 en iter 300: Fitness=100.9 (+0.0), Puntos=15239
2025-10-19 17:59:51,192 - INFO - 🌟 MEJORA #5 en iter 301: Fitness=100.9 (+0.0), Puntos=15244
2025-10-19 17:59:51,192 - INFO -   ✨ Mejora #5 en iteración 302: Fitness = 100.9 | Puntos = 15244 | T = 9.95
2025-10-19 17:59:51,238 - INFO - 🌟 MEJORA #6 en iter 302: Fitness=100.9 (+0.0), Puntos=15245
2025-10-19 17:59:51,283 - INFO - 🌟 MEJORA #7 en iter 303: Fitness=101.1 (+0.2), Puntos=15261
2025-10-19 17:59:51,326 - INFO - 🌟 MEJORA #8 en iter 304: Fitness=101.1 (+0.0), Puntos=15261
2025-10-19 17:59:52,233 - INFO - 🌟 MEJORA #9 en iter 326: Fitness=101.2 (+0.1), Puntos=14527
2025-10-19 17:59:52,273 - INFO - 🌟 MEJORA #10 en iter 327: Fitness=101.5 (+0.2), Puntos=14550
2025-10-19 17:59:52,273 - INFO -   ✨ Mejora #10 en iteración 328: Fitness = 101.5 | Puntos = 14550 | T = 9.94
2025-10-19 17:59:52,313 - INFO - 🌟 MEJORA #11 en iter 328: Fitness=101.5 (+0.0), Puntos=14550
2025-10-19 17:59:52,393 - INFO - 🌟 MEJORA #12 en iter 330: Fitness=101.5 (+0.1), Puntos=14556
2025-10-19 17:59:52,513 - INFO - 🌟 MEJORA #13 en iter 333: Fitness=101.6 (+0.0), Puntos=14560
2025-10-19 17:59:52,888 - INFO - 🌟 MEJORA #14 en iter 342: Fitness=101.9 (+0.3), Puntos=14593
2025-10-19 17:59:52,930 - INFO - 🌟 MEJORA #15 en iter 343: Fitness=102.0 (+0.1), Puntos=14600
2025-10-19 17:59:52,931 - INFO -   ✨ Mejora #15 en iteración 344: Fitness = 102.0 | Puntos = 14600 | T = 9.94
2025-10-19 17:59:55,340 - DEBUG - Iter 400: T=9.93, Fitness_actual=91.4, Mejor=102.0
2025-10-19 17:59:59,324 - INFO -   Iter   500 | Tiempo:    0.4min ( 0.3%) | T =     9.91 | Fitness =     74.2 | Mejor =    102.0 | Aceptación =  93.6%
2025-10-19 17:59:59,324 - INFO - Progreso iter 500: T=9.91, Fitness=74.2, Mejor=102.0, Tasa_acept=93.6%
2025-10-19 17:59:59,325 - DEBUG - Iter 500: T=9.91, Fitness_actual=74.2, Mejor=102.0
2025-10-19 18:00:03,713 - DEBUG - Iter 600: T=9.89, Fitness_actual=63.2, Mejor=102.0
2025-10-19 18:00:08,151 - WARNING - ⚠️  DEGRADACIÓN DETECTADA en iter 700:
2025-10-19 18:00:08,152 - WARNING -    Mejor fitness: 102.0
2025-10-19 18:00:08,152 - WARNING -    Fitness promedio reciente: 63.4
2025-10-19 18:00:08,152 - WARNING -    Degradación: 38.6
2025-10-19 18:00:08,152 - WARNING -    🔄 RESTAURANDO mejor solución...
2025-10-19 18:00:08,155 - DEBUG - Iter 700: T=9.88, Fitness_actual=102.0, Mejor=102.0
2025-10-19 18:00:09,931 - INFO - 🌟 MEJORA #16 en iter 741: Fitness=103.0 (+1.0), Puntos=14448
2025-10-19 18:00:09,977 - INFO - 🌟 MEJORA #17 en iter 742: Fitness=103.5 (+0.5), Puntos=14448
2025-10-19 18:00:12,602 - DEBUG - Iter 800: T=9.86, Fitness_actual=93.7, Mejor=103.5
2025-10-19 18:00:17,351 - DEBUG - Iter 900: T=9.84, Fitness_actual=96.3, Mejor=103.5
2025-10-19 18:00:22,044 - INFO -   Iter  1000 | Tiempo:    0.7min ( 0.6%) | T =     9.82 | Fitness =     67.9 | Mejor =    103.5 | Aceptación =  94.6%
2025-10-19 18:00:22,044 - INFO - Progreso iter 1000: T=9.82, Fitness=67.9, Mejor=103.5, Tasa_acept=94.6%
2025-10-19 18:00:22,047 - DEBUG - Iter 1000: T=9.82, Fitness_actual=67.9, Mejor=103.5
2025-10-19 18:00:26,591 - WARNING - ⚠️  DEGRADACIÓN DETECTADA en iter 1100:
2025-10-19 18:00:26,592 - WARNING -    Mejor fitness: 103.5
2025-10-19 18:00:26,592 - WARNING -    Fitness promedio reciente: 70.5
2025-10-19 18:00:26,592 - WARNING -    Degradación: 32.9
2025-10-19 18:00:26,592 - WARNING -    🔄 RESTAURANDO mejor solución...
2025-10-19 18:00:26,595 - DEBUG - Iter 1100: T=9.80, Fitness_actual=103.5, Mejor=103.5
2025-10-19 18:00:31,229 - DEBUG - Iter 1200: T=9.78, Fitness_actual=91.5, Mejor=103.5
2025-10-19 18:00:35,493 - DEBUG - Iter 1300: T=9.76, Fitness_actual=73.2, Mejor=103.5
2025-10-19 18:00:40,124 - WARNING - ⚠️  DEGRADACIÓN DETECTADA en iter 1400:
2025-10-19 18:00:40,125 - WARNING -    Mejor fitness: 103.5
2025-10-19 18:00:40,125 - WARNING -    Fitness promedio reciente: 65.0
2025-10-19 18:00:40,125 - WARNING -    Degradación: 38.5
2025-10-19 18:00:40,125 - WARNING -    🔄 RESTAURANDO mejor solución...
2025-10-19 18:00:40,128 - DEBUG - Iter 1400: T=9.75, Fitness_actual=103.5, Mejor=103.5
2025-10-19 18:00:40,128 - INFO - 🌟 MEJORA #18 en iter 1400: Fitness=103.5 (+0.0), Puntos=14448
2025-10-19 18:00:40,179 - INFO - 🌟 MEJORA #19 en iter 1401: Fitness=104.5 (+1.0), Puntos=14448
2025-10-19 18:00:40,276 - INFO - 🌟 MEJORA #20 en iter 1403: Fitness=104.5 (+0.0), Puntos=14451
2025-10-19 18:00:40,276 - INFO -   ✨ Mejora #20 en iteración 1404: Fitness = 104.5 | Puntos = 14451 | T = 9.75
2025-10-19 18:00:40,374 - INFO - 🌟 MEJORA #21 en iter 1405: Fitness=104.5 (+0.0), Puntos=14451
2025-10-19 18:00:40,697 - INFO - 🌟 MEJORA #22 en iter 1412: Fitness=104.5 (+0.0), Puntos=14453
2025-10-19 18:00:44,801 - INFO - Iter 1498: Aceptada solución con delta=-10.2 (T=9.73)
2025-10-19 18:00:44,801 - INFO -   📊 Desglose del cambio:
2025-10-19 18:00:44,802 - INFO -      Puntos: -722 → 12946 total
2025-10-19 18:00:44,802 - INFO -      Tiempo: -411.5min → 14394.9min total
2025-10-19 18:00:44,802 - INFO -      Distancia: -9.3km → 158.1km total
2025-10-19 18:00:44,899 - INFO -   Iter  1500 | Tiempo:    1.1min ( 0.9%) | T =     9.73 | Fitness =     77.2 | Mejor =    104.5 | Aceptación =  94.8%
2025-10-19 18:00:44,900 - INFO - Progreso iter 1500: T=9.73, Fitness=77.2, Mejor=104.5, Tasa_acept=94.8%
2025-10-19 18:00:44,905 - DEBUG - Iter 1500: T=9.73, Fitness_actual=77.2, Mejor=104.5
2025-10-19 18:00:49,785 - DEBUG - Iter 1600: T=9.71, Fitness_actual=90.3, Mejor=104.5
2025-10-19 18:00:54,452 - DEBUG - Iter 1700: T=9.69, Fitness_actual=72.4, Mejor=104.5
2025-10-19 18:00:59,103 - WARNING - ⚠️  DEGRADACIÓN DETECTADA en iter 1800:
2025-10-19 18:00:59,103 - WARNING -    Mejor fitness: 104.5
2025-10-19 18:00:59,104 - WARNING -    Fitness promedio reciente: 69.4
2025-10-19 18:00:59,104 - WARNING -    Degradación: 35.1
2025-10-19 18:00:59,104 - WARNING -    🔄 RESTAURANDO mejor solución...
2025-10-19 18:00:59,106 - DEBUG - Iter 1800: T=9.67, Fitness_actual=104.5, Mejor=104.5
2025-10-19 18:00:59,107 - INFO - 🌟 MEJORA #23 en iter 1800: Fitness=104.5 (+0.0), Puntos=14453
2025-10-19 18:01:03,912 - DEBUG - Iter 1900: T=9.65, Fitness_actual=75.1, Mejor=104.5
2025-10-19 18:01:09,234 - INFO -   Iter  2000 | Tiempo:    1.5min ( 1.3%) | T =     9.63 | Fitness =     74.2 | Mejor =    104.5 | Aceptación =  95.5%
2025-10-19 18:01:09,235 - INFO - Progreso iter 2000: T=9.63, Fitness=74.2, Mejor=104.5, Tasa_acept=95.5%
2025-10-19 18:01:09,237 - DEBUG - Iter 2000: T=9.63, Fitness_actual=74.2, Mejor=104.5
2025-10-19 18:01:14,087 - DEBUG - Iter 2100: T=9.61, Fitness_actual=76.1, Mejor=104.5
2025-10-19 18:01:16,998 - INFO - Iter 2163: Aceptada solución con delta=-11.5 (T=9.60)
2025-10-19 18:01:16,998 - INFO -   📊 Desglose del cambio:
2025-10-19 18:01:16,998 - INFO -      Puntos: -450 → 10917 total
2025-10-19 18:01:16,998 - INFO -      Tiempo: +2106.8min → 14724.8min total
2025-10-19 18:01:16,999 - INFO -      Distancia: +5.2km → 165.9km total
2025-10-19 18:01:19,091 - WARNING - ⚠️  DEGRADACIÓN DETECTADA en iter 2200:
2025-10-19 18:01:19,092 - WARNING -    Mejor fitness: 104.5
2025-10-19 18:01:19,092 - WARNING -    Fitness promedio reciente: 70.6
2025-10-19 18:01:19,092 - WARNING -    Degradación: 33.9
2025-10-19 18:01:19,092 - WARNING -    🔄 RESTAURANDO mejor solución...
2025-10-19 18:01:19,095 - DEBUG - Iter 2200: T=9.59, Fitness_actual=104.5, Mejor=104.5
2025-10-19 18:01:19,140 - INFO - 🌟 MEJORA #24 en iter 2201: Fitness=104.5 (+0.0), Puntos=14456
2025-10-19 18:01:19,185 - INFO - 🌟 MEJORA #25 en iter 2202: Fitness=104.6 (+0.0), Puntos=14461
2025-10-19 18:01:19,186 - INFO -   ✨ Mejora #25 en iteración 2203: Fitness = 104.6 | Puntos = 14461 | T = 9.59
2025-10-19 18:01:19,231 - INFO - Iter 2203: Aceptada solución con delta=-11.3 (T=9.59)
2025-10-19 18:01:19,231 - INFO -   📊 Desglose del cambio:
2025-10-19 18:01:19,231 - INFO -      Puntos: -780 → 13681 total
2025-10-19 18:01:19,232 - INFO -      Tiempo: -592.5min → 12343.8min total
2025-10-19 18:01:19,232 - INFO -      Distancia: -5.2km → 172.1km total
2025-10-19 18:01:23,740 - DEBUG - Iter 2300: T=9.57, Fitness_actual=77.1, Mejor=104.6
2025-10-19 18:01:28,195 - DEBUG - Iter 2400: T=9.56, Fitness_actual=67.7, Mejor=104.6
2025-10-19 18:01:32,824 - INFO -   Iter  2500 | Tiempo:    1.9min ( 1.6%) | T =     9.54 | Fitness =     63.3 | Mejor =    104.6 | Aceptación =  95.1%
2025-10-19 18:01:32,824 - INFO - Progreso iter 2500: T=9.54, Fitness=63.3, Mejor=104.6, Tasa_acept=95.1%
2025-10-19 18:01:32,824 - WARNING - ⚠️  DEGRADACIÓN DETECTADA en iter 2500:
2025-10-19 18:01:32,824 - WARNING -    Mejor fitness: 104.6
2025-10-19 18:01:32,824 - WARNING -    Fitness promedio reciente: 68.7
2025-10-19 18:01:32,825 - WARNING -    Degradación: 35.9
2025-10-19 18:01:32,825 - WARNING -    🔄 RESTAURANDO mejor solución...
2025-10-19 18:01:32,827 - DEBUG - Iter 2500: T=9.54, Fitness_actual=104.6, Mejor=104.6
2025-10-19 18:01:37,718 - DEBUG - Iter 2600: T=9.52, Fitness_actual=85.8, Mejor=104.6
2025-10-19 18:01:42,923 - DEBUG - Iter 2700: T=9.50, Fitness_actual=78.6, Mejor=104.6
2025-10-19 18:01:47,936 - DEBUG - Iter 2800: T=9.48, Fitness_actual=76.9, Mejor=104.6
2025-10-19 18:01:53,117 - WARNING - ⚠️  DEGRADACIÓN DETECTADA en iter 2900:
2025-10-19 18:01:53,118 - WARNING -    Mejor fitness: 104.6
2025-10-19 18:01:53,118 - WARNING -    Fitness promedio reciente: 68.4
2025-10-19 18:01:53,118 - WARNING -    Degradación: 36.1
2025-10-19 18:01:53,118 - WARNING -    🔄 RESTAURANDO mejor solución...
2025-10-19 18:01:53,121 - DEBUG - Iter 2900: T=9.46, Fitness_actual=104.6, Mejor=104.6
2025-10-19 18:01:53,121 - INFO - 🌟 MEJORA #26 en iter 2900: Fitness=104.6 (+0.0), Puntos=14462
2025-10-19 18:01:53,170 - INFO - 🌟 MEJORA #27 en iter 2901: Fitness=105.6 (+1.0), Puntos=14462
2025-10-19 18:01:53,267 - INFO - 🌟 MEJORA #28 en iter 2903: Fitness=108.6 (+3.0), Puntos=14462
2025-10-19 18:01:53,889 - INFO - 🌟 MEJORA #29 en iter 2916: Fitness=109.7 (+1.1), Puntos=14474
2025-10-19 18:01:54,032 - INFO - 🌟 MEJORA #30 en iter 2919: Fitness=109.8 (+0.1), Puntos=14485
2025-10-19 18:01:54,032 - INFO -   ✨ Mejora #30 en iteración 2920: Fitness = 109.8 | Puntos = 14485 | T = 9.45
2025-10-19 18:01:54,126 - INFO - 🌟 MEJORA #31 en iter 2921: Fitness=109.9 (+0.1), Puntos=14496
2025-10-19 18:01:57,895 - INFO -   Iter  3000 | Tiempo:    2.3min ( 1.9%) | T =     9.44 | Fitness =     70.5 | Mejor =    109.9 | Aceptación =  94.7%
2025-10-19 18:01:57,895 - INFO - Progreso iter 3000: T=9.44, Fitness=70.5, Mejor=109.9, Tasa_acept=94.7%
2025-10-19 18:01:57,898 - DEBUG - Iter 3000: T=9.44, Fitness_actual=70.5, Mejor=109.9
2025-10-19 18:02:02,836 - DEBUG - Iter 3100: T=9.42, Fitness_actual=80.0, Mejor=109.9
2025-10-19 18:02:07,620 - WARNING - ⚠️  DEGRADACIÓN DETECTADA en iter 3200:
2025-10-19 18:02:07,620 - WARNING -    Mejor fitness: 109.9
2025-10-19 18:02:07,620 - WARNING -    Fitness promedio reciente: 66.6
2025-10-19 18:02:07,620 - WARNING -    Degradación: 43.4
2025-10-19 18:02:07,621 - WARNING -    🔄 RESTAURANDO mejor solución...
2025-10-19 18:02:07,625 - DEBUG - Iter 3200: T=9.40, Fitness_actual=109.9, Mejor=109.9
2025-10-19 18:02:07,625 - INFO - Iter 3200: Aceptada solución con delta=-13.5 (T=9.40)
2025-10-19 18:02:07,625 - INFO -   📊 Desglose del cambio:
2025-10-19 18:02:07,625 - INFO -      Puntos: +0 → 14496 total
2025-10-19 18:02:07,625 - INFO -      Tiempo: +329.0min → 13302.7min total
2025-10-19 18:02:07,625 - INFO -      Distancia: -1.2km → 175.0km total
2025-10-19 18:02:09,584 - INFO - Iter 3237: Aceptada solución con delta=-15.4 (T=9.39)
2025-10-19 18:02:09,585 - INFO -   📊 Desglose del cambio:
2025-10-19 18:02:09,585 - INFO -      Puntos: -442 → 13624 total
2025-10-19 18:02:09,585 - INFO -      Tiempo: +1745.4min → 15089.1min total
2025-10-19 18:02:09,585 - INFO -      Distancia: -4.7km → 179.0km total
2025-10-19 18:02:12,965 - DEBUG - Iter 3300: T=9.38, Fitness_actual=67.8, Mejor=109.9
2025-10-19 18:02:18,238 - WARNING - ⚠️  DEGRADACIÓN DETECTADA en iter 3400:
2025-10-19 18:02:18,238 - WARNING -    Mejor fitness: 109.9
2025-10-19 18:02:18,238 - WARNING -    Fitness promedio reciente: 60.2
2025-10-19 18:02:18,238 - WARNING -    Degradación: 49.8
2025-10-19 18:02:18,238 - WARNING -    🔄 RESTAURANDO mejor solución...
2025-10-19 18:02:18,241 - DEBUG - Iter 3400: T=9.36, Fitness_actual=109.9, Mejor=109.9
2025-10-19 18:02:18,342 - INFO - 🌟 MEJORA #32 en iter 3402: Fitness=110.0 (+0.1), Puntos=14501
2025-10-19 18:02:18,880 - INFO - 🌟 MEJORA #33 en iter 3413: Fitness=110.4 (+0.4), Puntos=14491
2025-10-19 18:02:19,024 - INFO - 🌟 MEJORA #34 en iter 3416: Fitness=111.4 (+1.0), Puntos=14488
2025-10-19 18:02:19,075 - INFO - 🌟 MEJORA #35 en iter 3417: Fitness=111.4 (+0.0), Puntos=14488
2025-10-19 18:02:19,075 - INFO -   ✨ Mejora #35 en iteración 3418: Fitness = 111.4 | Puntos = 14488 | T = 9.36
2025-10-19 18:02:22,689 - INFO - 🌟 MEJORA #36 en iter 3489: Fitness=111.7 (+0.3), Puntos=14600
2025-10-19 18:02:23,075 - INFO - 🌟 MEJORA #37 en iter 3497: Fitness=111.7 (+0.0), Puntos=14601
2025-10-19 18:02:23,172 - INFO - 🌟 MEJORA #38 en iter 3499: Fitness=112.0 (+0.3), Puntos=14629
2025-10-19 18:02:23,218 - INFO -   Iter  3500 | Tiempo:    2.8min ( 2.3%) | T =     9.34 | Fitness =    112.0 | Mejor =    112.0 | Aceptación =  94.7%
2025-10-19 18:02:23,219 - INFO - Progreso iter 3500: T=9.34, Fitness=112.0, Mejor=112.0, Tasa_acept=94.7%
2025-10-19 18:02:23,221 - DEBUG - Iter 3500: T=9.34, Fitness_actual=112.0, Mejor=112.0
2025-10-19 18:02:23,221 - INFO - 🌟 MEJORA #39 en iter 3500: Fitness=112.0 (+0.0), Puntos=14629
2025-10-19 18:02:23,750 - INFO - Iter 3511: Aceptada solución con delta=-11.0 (T=9.34)
2025-10-19 18:02:23,751 - INFO -   📊 Desglose del cambio:
2025-10-19 18:02:23,751 - INFO -      Puntos: +0 → 14139 total
2025-10-19 18:02:23,751 - INFO -      Tiempo: +691.1min → 13374.0min total
2025-10-19 18:02:23,751 - INFO -      Distancia: +0.4km → 218.6km total
2025-10-19 18:02:28,367 - DEBUG - Iter 3600: T=9.32, Fitness_actual=92.2, Mejor=112.0
2025-10-19 18:02:33,754 - DEBUG - Iter 3700: T=9.30, Fitness_actual=82.4, Mejor=112.0
2025-10-19 18:02:39,008 - WARNING - ⚠️  DEGRADACIÓN DETECTADA en iter 3800:
2025-10-19 18:02:39,009 - WARNING -    Mejor fitness: 112.0
2025-10-19 18:02:39,009 - WARNING -    Fitness promedio reciente: 77.3
2025-10-19 18:02:39,009 - WARNING -    Degradación: 34.7
2025-10-19 18:02:39,009 - WARNING -    🔄 RESTAURANDO mejor solución...
2025-10-19 18:02:39,012 - DEBUG - Iter 3800: T=9.28, Fitness_actual=112.0, Mejor=112.0
2025-10-19 18:02:39,012 - INFO - 🌟 MEJORA #40 en iter 3800: Fitness=112.0 (+0.0), Puntos=14629
2025-10-19 18:02:39,012 - INFO -   ✨ Mejora #40 en iteración 3801: Fitness = 112.0 | Puntos = 14629 | T = 9.28
2025-10-19 18:02:43,876 - DEBUG - Iter 3900: T=9.26, Fitness_actual=99.1, Mejor=112.0
2025-10-19 18:02:48,858 - INFO -   Iter  4000 | Tiempo:    3.2min ( 2.7%) | T =     9.24 | Fitness =     81.6 | Mejor =    112.0 | Aceptación =  94.6%
2025-10-19 18:02:48,858 - INFO - Progreso iter 4000: T=9.24, Fitness=81.6, Mejor=112.0, Tasa_acept=94.6%
2025-10-19 18:02:48,860 - DEBUG - Iter 4000: T=9.24, Fitness_actual=81.6, Mejor=112.0
2025-10-19 18:02:52,992 - INFO - Iter 4082: Aceptada solución con delta=-12.5 (T=9.23)
2025-10-19 18:02:52,993 - INFO -   📊 Desglose del cambio:
2025-10-19 18:02:52,993 - INFO -      Puntos: +0 → 11214 total
2025-10-19 18:02:52,993 - INFO -      Tiempo: +3153.5min → 15490.5min total
2025-10-19 18:02:52,993 - INFO -      Distancia: +0.4km → 153.9km total
2025-10-19 18:02:53,948 - WARNING - ⚠️  DEGRADACIÓN DETECTADA en iter 4100:
2025-10-19 18:02:53,948 - WARNING -    Mejor fitness: 112.0
2025-10-19 18:02:53,948 - WARNING -    Fitness promedio reciente: 76.5
2025-10-19 18:02:53,949 - WARNING -    Degradación: 35.5
2025-10-19 18:02:53,949 - WARNING -    🔄 RESTAURANDO mejor solución...
2025-10-19 18:02:53,951 - DEBUG - Iter 4100: T=9.22, Fitness_actual=112.0, Mejor=112.0
2025-10-19 18:02:58,352 - DEBUG - Iter 4200: T=9.21, Fitness_actual=94.7, Mejor=112.0
2025-10-19 18:03:03,059 - DEBUG - Iter 4300: T=9.19, Fitness_actual=75.4, Mejor=112.0
2025-10-19 18:03:07,629 - WARNING - ⚠️  DEGRADACIÓN DETECTADA en iter 4400:
2025-10-19 18:03:07,629 - WARNING -    Mejor fitness: 112.0
2025-10-19 18:03:07,629 - WARNING -    Fitness promedio reciente: 67.6
2025-10-19 18:03:07,629 - WARNING -    Degradación: 44.4
2025-10-19 18:03:07,630 - WARNING -    🔄 RESTAURANDO mejor solución...
2025-10-19 18:03:07,632 - DEBUG - Iter 4400: T=9.17, Fitness_actual=112.0, Mejor=112.0
2025-10-19 18:03:12,191 - INFO -   Iter  4500 | Tiempo:    3.6min ( 3.0%) | T =     9.15 | Fitness =     89.8 | Mejor =    112.0 | Aceptación =  94.4%
2025-10-19 18:03:12,191 - INFO - Progreso iter 4500: T=9.15, Fitness=89.8, Mejor=112.0, Tasa_acept=94.4%
2025-10-19 18:03:12,203 - DEBUG - Iter 4500: T=9.15, Fitness_actual=89.8, Mejor=112.0
2025-10-19 18:03:16,633 - DEBUG - Iter 4600: T=9.14, Fitness_actual=79.8, Mejor=112.0
2025-10-19 18:03:21,035 - WARNING - ⚠️  DEGRADACIÓN DETECTADA en iter 4700:
2025-10-19 18:03:21,035 - WARNING -    Mejor fitness: 112.0
2025-10-19 18:03:21,035 - WARNING -    Fitness promedio reciente: 72.6
2025-10-19 18:03:21,035 - WARNING -    Degradación: 39.4
2025-10-19 18:03:21,035 - WARNING -    🔄 RESTAURANDO mejor solución...
2025-10-19 18:03:21,038 - DEBUG - Iter 4700: T=9.12, Fitness_actual=112.0, Mejor=112.0
2025-10-19 18:03:25,518 - DEBUG - Iter 4800: T=9.10, Fitness_actual=92.2, Mejor=112.0
2025-10-19 18:03:30,053 - DEBUG - Iter 4900: T=9.09, Fitness_actual=70.6, Mejor=112.0
2025-10-19 18:03:31,639 - INFO - Iter 4932: Aceptada solución con delta=+10.9 (T=9.08)
2025-10-19 18:03:31,639 - INFO -   📊 Desglose del cambio:
2025-10-19 18:03:31,640 - INFO -      Puntos: -6 → 10775 total
2025-10-19 18:03:31,640 - INFO -      Tiempo: -1268.9min → 11981.1min total
2025-10-19 18:03:31,640 - INFO -      Distancia: +1.9km → 166.9km total
2025-10-19 18:03:32,598 - WARNING - ================================================================================
2025-10-19 18:03:32,598 - WARNING - ⚠️  SALTO ANORMAL DETECTADO en iteración 4953
2025-10-19 18:03:32,599 - WARNING -    Fitness actual: 68.8
2025-10-19 18:03:32,599 - WARNING -    Fitness vecino: 48.4
2025-10-19 18:03:32,599 - WARNING -    Delta: -20.4
2025-10-19 18:03:32,599 - WARNING -    Temperatura: 9.08
2025-10-19 18:03:32,599 - WARNING -    Tipo perturbación aplicada: (ver generar_vecino)
2025-10-19 18:03:32,599 - WARNING -    Vecino - Puntos: 10731, Tiempo: 13406.0min, Distancia: 251.9km
2025-10-19 18:03:32,600 - WARNING -    Actual - Puntos: 10757, Tiempo: 12456.2min, Distancia: 172.8km
2025-10-19 18:03:32,600 - WARNING -    Validez restricciones - Vecino: False, Actual: False
2025-10-19 18:03:32,600 - WARNING - ================================================================================
2025-10-19 18:03:32,600 - WARNING - ⚠️  SALTO ANORMAL DETECTADO en iteración 4953
2025-10-19 18:03:32,600 - WARNING -    Fitness: 68.8 → 48.4 (Δ=-20.4)
2025-10-19 18:03:32,601 - WARNING -    Ver detalles en archivo de log
2025-10-19 18:03:34,770 - INFO -   Iter  5000 | Tiempo:    3.9min ( 3.3%) | T =     9.07 | Fitness =     68.6 | Mejor =    112.0 | Aceptación =  94.4%
2025-10-19 18:03:34,771 - INFO - Progreso iter 5000: T=9.07, Fitness=68.6, Mejor=112.0, Tasa_acept=94.4%
2025-10-19 18:03:34,771 - WARNING - ⚠️  DEGRADACIÓN DETECTADA en iter 5000:
2025-10-19 18:03:34,771 - WARNING -    Mejor fitness: 112.0
2025-10-19 18:03:34,771 - WARNING -    Fitness promedio reciente: 68.0
2025-10-19 18:03:34,772 - WARNING -    Degradación: 44.0
2025-10-19 18:03:34,772 - WARNING -    🔄 RESTAURANDO mejor solución...
2025-10-19 18:03:34,774 - DEBUG - Iter 5000: T=9.07, Fitness_actual=112.0, Mejor=112.0
2025-10-19 18:03:35,801 - INFO - Iter 5022: Aceptada solución con delta=-10.1 (T=9.07)
2025-10-19 18:03:35,801 - INFO -   📊 Desglose del cambio:
2025-10-19 18:03:35,801 - INFO -      Puntos: -14 → 14815 total
2025-10-19 18:03:35,801 - INFO -      Tiempo: +1016.1min → 13346.9min total
2025-10-19 18:03:35,802 - INFO -      Distancia: +2.0km → 163.7km total
2025-10-19 18:03:39,409 - DEBUG - Iter 5100: T=9.05, Fitness_actual=84.3, Mejor=112.0
2025-10-19 18:03:44,556 - DEBUG - Iter 5200: T=9.03, Fitness_actual=85.0, Mejor=112.0
2025-10-19 18:03:49,349 - WARNING - ⚠️  DEGRADACIÓN DETECTADA en iter 5300:
2025-10-19 18:03:49,350 - WARNING -    Mejor fitness: 112.0
2025-10-19 18:03:49,350 - WARNING -    Fitness promedio reciente: 78.4
2025-10-19 18:03:49,350 - WARNING -    Degradación: 33.6
2025-10-19 18:03:49,350 - WARNING -    🔄 RESTAURANDO mejor solución...
2025-10-19 18:03:49,352 - DEBUG - Iter 5300: T=9.01, Fitness_actual=112.0, Mejor=112.0
2025-10-19 18:03:49,585 - INFO - 🌟 MEJORA #41 en iter 5305: Fitness=113.0 (+1.0), Puntos=14629
2025-10-19 18:03:49,680 - INFO - 🌟 MEJORA #42 en iter 5307: Fitness=113.9 (+0.9), Puntos=14621
2025-10-19 18:03:54,030 - DEBUG - Iter 5400: T=9.00, Fitness_actual=94.1, Mejor=113.9
2025-10-19 18:03:58,925 - INFO -   Iter  5500 | Tiempo:    4.4min ( 3.6%) | T =     8.98 | Fitness =     89.8 | Mejor =    113.9 | Aceptación =  94.3%
2025-10-19 18:03:58,926 - INFO - Progreso iter 5500: T=8.98, Fitness=89.8, Mejor=113.9, Tasa_acept=94.3%
2025-10-19 18:03:58,928 - DEBUG - Iter 5500: T=8.98, Fitness_actual=89.8, Mejor=113.9
2025-10-19 18:04:03,792 - WARNING - ⚠️  DEGRADACIÓN DETECTADA en iter 5600:
2025-10-19 18:04:03,792 - WARNING -    Mejor fitness: 113.9
2025-10-19 18:04:03,792 - WARNING -    Fitness promedio reciente: 69.3
2025-10-19 18:04:03,792 - WARNING -    Degradación: 44.5
2025-10-19 18:04:03,792 - WARNING -    🔄 RESTAURANDO mejor solución...
2025-10-19 18:04:03,795 - DEBUG - Iter 5600: T=8.96, Fitness_actual=113.9, Mejor=113.9
2025-10-19 18:04:08,932 - DEBUG - Iter 5700: T=8.94, Fitness_actual=73.5, Mejor=113.9
2025-10-19 18:04:14,392 - WARNING - ⚠️  DEGRADACIÓN DETECTADA en iter 5800:
2025-10-19 18:04:14,392 - WARNING -    Mejor fitness: 113.9
2025-10-19 18:04:14,393 - WARNING -    Fitness promedio reciente: 67.5
2025-10-19 18:04:14,393 - WARNING -    Degradación: 46.4
2025-10-19 18:04:14,393 - WARNING -    🔄 RESTAURANDO mejor solución...
2025-10-19 18:04:14,395 - DEBUG - Iter 5800: T=8.92, Fitness_actual=113.9, Mejor=113.9
2025-10-19 18:04:14,396 - INFO - 🌟 MEJORA #43 en iter 5800: Fitness=113.9 (+0.0), Puntos=14621
2025-10-19 18:04:14,505 - INFO - 🌟 MEJORA #44 en iter 5801: Fitness=113.9 (+0.0), Puntos=14623
2025-10-19 18:04:14,992 - INFO - 🌟 MEJORA #45 en iter 5810: Fitness=114.1 (+0.2), Puntos=14642
2025-10-19 18:04:14,992 - INFO -   ✨ Mejora #45 en iteración 5811: Fitness = 114.1 | Puntos = 14642 | T = 8.92
2025-10-19 18:04:15,047 - INFO - 🌟 MEJORA #46 en iter 5811: Fitness=114.1 (+0.0), Puntos=14644
2025-10-19 18:04:15,165 - INFO - 🌟 MEJORA #47 en iter 5813: Fitness=114.1 (+0.0), Puntos=14644
2025-10-19 18:04:15,219 - INFO - 🌟 MEJORA #48 en iter 5814: Fitness=114.1 (+0.0), Puntos=14644
2025-10-19 18:04:15,375 - INFO - 🌟 MEJORA #49 en iter 5817: Fitness=114.1 (+0.0), Puntos=14644
2025-10-19 18:04:15,481 - INFO - 🌟 MEJORA #50 en iter 5819: Fitness=114.1 (+0.0), Puntos=14644
2025-10-19 18:04:15,481 - INFO -   ✨ Mejora #50 en iteración 5820: Fitness = 114.1 | Puntos = 14644 | T = 8.92
2025-10-19 18:04:15,585 - INFO - 🌟 MEJORA #51 en iter 5821: Fitness=114.2 (+0.0), Puntos=14646
2025-10-19 18:04:15,636 - INFO - 🌟 MEJORA #52 en iter 5822: Fitness=114.2 (+0.0), Puntos=14650
2025-10-19 18:04:19,604 - DEBUG - Iter 5900: T=8.90, Fitness_actual=98.4, Mejor=114.2
2025-10-19 18:04:24,564 - INFO -   Iter  6000 | Tiempo:    4.8min ( 4.0%) | T =     8.89 | Fitness =     88.4 | Mejor =    114.2 | Aceptación =  94.2%
2025-10-19 18:04:24,565 - INFO - Progreso iter 6000: T=8.89, Fitness=88.4, Mejor=114.2, Tasa_acept=94.2%
2025-10-19 18:04:24,567 - DEBUG - Iter 6000: T=8.89, Fitness_actual=88.4, Mejor=114.2
2025-10-19 18:04:29,531 - WARNING - ⚠️  DEGRADACIÓN DETECTADA en iter 6100:
2025-10-19 18:04:29,531 - WARNING -    Mejor fitness: 114.2
2025-10-19 18:04:29,531 - WARNING -    Fitness promedio reciente: 81.7
2025-10-19 18:04:29,531 - WARNING -    Degradación: 32.5
2025-10-19 18:04:29,532 - WARNING -    🔄 RESTAURANDO mejor solución...
2025-10-19 18:04:29,534 - DEBUG - Iter 6100: T=8.87, Fitness_actual=114.2, Mejor=114.2
2025-10-19 18:04:29,839 - INFO - 🌟 MEJORA #53 en iter 6106: Fitness=115.6 (+1.4), Puntos=14886
2025-10-19 18:04:29,892 - INFO - 🌟 MEJORA #54 en iter 6107: Fitness=115.6 (+0.0), Puntos=14886
2025-10-19 18:04:34,619 - DEBUG - Iter 6200: T=8.85, Fitness_actual=102.5, Mejor=115.6
2025-10-19 18:04:39,443 - DEBUG - Iter 6300: T=8.83, Fitness_actual=93.6, Mejor=115.6
2025-10-19 18:04:44,620 - DEBUG - Iter 6400: T=8.81, Fitness_actual=92.5, Mejor=115.6
2025-10-19 18:04:49,614 - INFO -   Iter  6500 | Tiempo:    5.2min ( 4.3%) | T =     8.79 | Fitness =     82.4 | Mejor =    115.6 | Aceptación =  94.2%
2025-10-19 18:04:49,615 - INFO - Progreso iter 6500: T=8.79, Fitness=82.4, Mejor=115.6, Tasa_acept=94.2%
2025-10-19 18:04:49,617 - DEBUG - Iter 6500: T=8.79, Fitness_actual=82.4, Mejor=115.6
2025-10-19 18:04:54,757 - WARNING - ⚠️  DEGRADACIÓN DETECTADA en iter 6600:
2025-10-19 18:04:54,757 - WARNING -    Mejor fitness: 115.6
2025-10-19 18:04:54,757 - WARNING -    Fitness promedio reciente: 83.9
2025-10-19 18:04:54,758 - WARNING -    Degradación: 31.7
2025-10-19 18:04:54,758 - WARNING -    🔄 RESTAURANDO mejor solución...
2025-10-19 18:04:54,760 - DEBUG - Iter 6600: T=8.78, Fitness_actual=115.6, Mejor=115.6
2025-10-19 18:04:54,760 - INFO - 🌟 MEJORA #55 en iter 6600: Fitness=115.6 (+0.0), Puntos=14886
2025-10-19 18:04:54,761 - INFO -   ✨ Mejora #55 en iteración 6601: Fitness = 115.6 | Puntos = 14886 | T = 8.78
2025-10-19 18:04:59,832 - DEBUG - Iter 6700: T=8.76, Fitness_actual=86.2, Mejor=115.6
2025-10-19 18:05:04,806 - DEBUG - Iter 6800: T=8.74, Fitness_actual=72.9, Mejor=115.6
2025-10-19 18:05:09,777 - WARNING - ⚠️  DEGRADACIÓN DETECTADA en iter 6900:
2025-10-19 18:05:09,777 - WARNING -    Mejor fitness: 115.6
2025-10-19 18:05:09,778 - WARNING -    Fitness promedio reciente: 67.0
2025-10-19 18:05:09,778 - WARNING -    Degradación: 48.6
2025-10-19 18:05:09,778 - WARNING -    🔄 RESTAURANDO mejor solución...
2025-10-19 18:05:09,780 - DEBUG - Iter 6900: T=8.72, Fitness_actual=115.6, Mejor=115.6
2025-10-19 18:05:09,780 - INFO - 🌟 MEJORA #56 en iter 6900: Fitness=115.6 (+0.0), Puntos=14886
2025-10-19 18:05:10,657 - INFO - Iter 6918: Aceptada solución con delta=-11.1 (T=8.72)
2025-10-19 18:05:10,658 - INFO -   📊 Desglose del cambio:
2025-10-19 18:05:10,658 - INFO -      Puntos: -609 → 13957 total
2025-10-19 18:05:10,658 - INFO -      Tiempo: +1658.6min → 14890.1min total
2025-10-19 18:05:10,658 - INFO -      Distancia: +7.8km → 179.2km total
2025-10-19 18:05:14,726 - INFO -   Iter  7000 | Tiempo:    5.6min ( 4.7%) | T =     8.70 | Fitness =     87.5 | Mejor =    115.6 | Aceptación =  94.2%
2025-10-19 18:05:14,726 - INFO - Progreso iter 7000: T=8.70, Fitness=87.5, Mejor=115.6, Tasa_acept=94.2%
2025-10-19 18:05:14,729 - DEBUG - Iter 7000: T=8.70, Fitness_actual=87.5, Mejor=115.6
2025-10-19 18:05:19,804 - DEBUG - Iter 7100: T=8.69, Fitness_actual=65.0, Mejor=115.6
2025-10-19 18:05:25,691 - WARNING - ⚠️  DEGRADACIÓN DETECTADA en iter 7200:
2025-10-19 18:05:25,692 - WARNING -    Mejor fitness: 115.6
2025-10-19 18:05:25,692 - WARNING -    Fitness promedio reciente: 57.4
2025-10-19 18:05:25,692 - WARNING -    Degradación: 58.1
2025-10-19 18:05:25,692 - WARNING -    🔄 RESTAURANDO mejor solución...
2025-10-19 18:05:25,695 - DEBUG - Iter 7200: T=8.66, Fitness_actual=115.6, Mejor=115.6
2025-10-19 18:05:31,703 - DEBUG - Iter 7300: T=8.64, Fitness_actual=100.6, Mejor=115.6
2025-10-19 18:05:37,780 - DEBUG - Iter 7400: T=8.62, Fitness_actual=82.1, Mejor=115.6
2025-10-19 18:05:43,790 - INFO -   Iter  7500 | Tiempo:    6.1min ( 5.1%) | T =     8.60 | Fitness =     83.6 | Mejor =    115.6 | Aceptación =  94.1%
2025-10-19 18:05:43,791 - INFO - Progreso iter 7500: T=8.60, Fitness=83.6, Mejor=115.6, Tasa_acept=94.1%
2025-10-19 18:05:43,791 - WARNING - ⚠️  DEGRADACIÓN DETECTADA en iter 7500:
2025-10-19 18:05:43,791 - WARNING -    Mejor fitness: 115.6
2025-10-19 18:05:43,791 - WARNING -    Fitness promedio reciente: 85.4
2025-10-19 18:05:43,792 - WARNING -    Degradación: 30.1
2025-10-19 18:05:43,792 - WARNING -    🔄 RESTAURANDO mejor solución...
2025-10-19 18:05:43,794 - DEBUG - Iter 7500: T=8.60, Fitness_actual=115.6, Mejor=115.6
2025-10-19 18:05:49,858 - DEBUG - Iter 7600: T=8.58, Fitness_actual=86.5, Mejor=115.6
2025-10-19 18:05:56,106 - WARNING - ⚠️  DEGRADACIÓN DETECTADA en iter 7700:
2025-10-19 18:05:56,106 - WARNING -    Mejor fitness: 115.6
2025-10-19 18:05:56,106 - WARNING -    Fitness promedio reciente: 84.9
2025-10-19 18:05:56,107 - WARNING -    Degradación: 30.7
2025-10-19 18:05:56,107 - WARNING -    🔄 RESTAURANDO mejor solución...
2025-10-19 18:05:56,109 - DEBUG - Iter 7700: T=8.56, Fitness_actual=115.6, Mejor=115.6
2025-10-19 18:06:02,430 - DEBUG - Iter 7800: T=8.53, Fitness_actual=100.4, Mejor=115.6
2025-10-19 18:06:08,769 - DEBUG - Iter 7900: T=8.51, Fitness_actual=96.1, Mejor=115.6
2025-10-19 18:06:15,135 - INFO -   Iter  8000 | Tiempo:    6.6min ( 5.5%) | T =     8.49 | Fitness =     90.9 | Mejor =    115.6 | Aceptación =  94.1%
2025-10-19 18:06:15,135 - INFO - Progreso iter 8000: T=8.49, Fitness=90.9, Mejor=115.6, Tasa_acept=94.1%
2025-10-19 18:06:15,137 - DEBUG - Iter 8000: T=8.49, Fitness_actual=90.9, Mejor=115.6
2025-10-19 18:06:22,068 - WARNING - ⚠️  DEGRADACIÓN DETECTADA en iter 8100:
2025-10-19 18:06:22,068 - WARNING -    Mejor fitness: 115.6
2025-10-19 18:06:22,068 - WARNING -    Fitness promedio reciente: 81.4
2025-10-19 18:06:22,069 - WARNING -    Degradación: 34.2
2025-10-19 18:06:22,069 - WARNING -    🔄 RESTAURANDO mejor solución...
2025-10-19 18:06:22,071 - DEBUG - Iter 8100: T=8.47, Fitness_actual=115.6, Mejor=115.6
2025-10-19 18:06:28,723 - DEBUG - Iter 8200: T=8.44, Fitness_actual=102.8, Mejor=115.6
2025-10-19 18:06:35,191 - DEBUG - Iter 8300: T=8.42, Fitness_actual=89.7, Mejor=115.6
2025-10-19 18:06:41,304 - DEBUG - Iter 8400: T=8.40, Fitness_actual=83.1, Mejor=115.6
2025-10-19 18:06:47,249 - INFO -   Iter  8500 | Tiempo:    7.2min ( 6.0%) | T =     8.38 | Fitness =     82.1 | Mejor =    115.6 | Aceptación =  94.1%
2025-10-19 18:06:47,249 - INFO - Progreso iter 8500: T=8.38, Fitness=82.1, Mejor=115.6, Tasa_acept=94.1%
2025-10-19 18:06:47,249 - WARNING - ⚠️  DEGRADACIÓN DETECTADA en iter 8500:
2025-10-19 18:06:47,249 - WARNING -    Mejor fitness: 115.6
2025-10-19 18:06:47,249 - WARNING -    Fitness promedio reciente: 85.0
2025-10-19 18:06:47,250 - WARNING -    Degradación: 30.6
2025-10-19 18:06:47,250 - WARNING -    🔄 RESTAURANDO mejor solución...
2025-10-19 18:06:47,252 - DEBUG - Iter 8500: T=8.38, Fitness_actual=115.6, Mejor=115.6
2025-10-19 18:06:47,252 - INFO - 🌟 MEJORA #57 en iter 8500: Fitness=115.6 (+0.0), Puntos=14886
2025-10-19 18:06:53,253 - DEBUG - Iter 8600: T=8.36, Fitness_actual=105.1, Mejor=115.6
2025-10-19 18:06:59,245 - DEBUG - Iter 8700: T=8.34, Fitness_actual=90.4, Mejor=115.6
2025-10-19 18:07:05,250 - DEBUG - Iter 8800: T=8.32, Fitness_actual=85.0, Mejor=115.6
2025-10-19 18:07:11,168 - WARNING - ⚠️  DEGRADACIÓN DETECTADA en iter 8900:
2025-10-19 18:07:11,168 - WARNING -    Mejor fitness: 115.6
2025-10-19 18:07:11,168 - WARNING -    Fitness promedio reciente: 82.5
2025-10-19 18:07:11,168 - WARNING -    Degradación: 33.0
2025-10-19 18:07:11,168 - WARNING -    🔄 RESTAURANDO mejor solución...
2025-10-19 18:07:11,171 - DEBUG - Iter 8900: T=8.30, Fitness_actual=115.6, Mejor=115.6
2025-10-19 18:07:11,171 - INFO - 🌟 MEJORA #58 en iter 8900: Fitness=115.6 (+0.1), Puntos=14895
2025-10-19 18:07:11,233 - INFO - 🌟 MEJORA #59 en iter 8901: Fitness=115.9 (+0.2), Puntos=14915
2025-10-19 18:07:17,129 - INFO -   Iter  9000 | Tiempo:    7.7min ( 6.4%) | T =     8.28 | Fitness =     91.2 | Mejor =    115.9 | Aceptación =  94.0%
2025-10-19 18:07:17,129 - INFO - Progreso iter 9000: T=8.28, Fitness=91.2, Mejor=115.9, Tasa_acept=94.0%
2025-10-19 18:07:17,131 - DEBUG - Iter 9000: T=8.28, Fitness_actual=91.2, Mejor=115.9
2025-10-19 18:07:23,129 - DEBUG - Iter 9100: T=8.26, Fitness_actual=87.7, Mejor=115.9
2025-10-19 18:07:29,398 - WARNING - ⚠️  DEGRADACIÓN DETECTADA en iter 9200:
2025-10-19 18:07:29,398 - WARNING -    Mejor fitness: 115.9
2025-10-19 18:07:29,398 - WARNING -    Fitness promedio reciente: 70.7
2025-10-19 18:07:29,398 - WARNING -    Degradación: 45.1
2025-10-19 18:07:29,398 - WARNING -    🔄 RESTAURANDO mejor solución...
2025-10-19 18:07:29,401 - DEBUG - Iter 9200: T=8.23, Fitness_actual=115.9, Mejor=115.9
2025-10-19 18:07:29,463 - INFO - 🌟 MEJORA #60 en iter 9201: Fitness=115.9 (+0.0), Puntos=14921
2025-10-19 18:07:29,463 - INFO -   ✨ Mejora #60 en iteración 9202: Fitness = 115.9 | Puntos = 14921 | T = 8.23
2025-10-19 18:07:29,647 - INFO - 🌟 MEJORA #61 en iter 9204: Fitness=116.0 (+0.1), Puntos=14901
2025-10-19 18:07:35,565 - DEBUG - Iter 9300: T=8.21, Fitness_actual=94.8, Mejor=116.0
2025-10-19 18:07:39,272 - INFO - Iter 9361: Aceptada solución con delta=-12.1 (T=8.20)
2025-10-19 18:07:39,273 - INFO -   📊 Desglose del cambio:
2025-10-19 18:07:39,273 - INFO -      Puntos: -257 → 12005 total
2025-10-19 18:07:39,273 - INFO -      Tiempo: +3439.4min → 15748.0min total
2025-10-19 18:07:39,273 - INFO -      Distancia: +3.0km → 192.3km total
2025-10-19 18:07:41,899 - DEBUG - Iter 9400: T=8.19, Fitness_actual=71.2, Mejor=116.0
2025-10-19 18:07:44,678 - INFO - Iter 9446: Aceptada solución con delta=-10.0 (T=8.18)
2025-10-19 18:07:44,678 - INFO -   📊 Desglose del cambio:
2025-10-19 18:07:44,679 - INFO -      Puntos: -607 → 10567 total
2025-10-19 18:07:44,679 - INFO -      Tiempo: -550.9min → 10539.4min total
2025-10-19 18:07:44,679 - INFO -      Distancia: -6.7km → 144.1km total
2025-10-19 18:07:47,796 - INFO -   Iter  9500 | Tiempo:    8.2min ( 6.8%) | T =     8.17 | Fitness =     46.6 | Mejor =    116.0 | Aceptación =  94.0%
2025-10-19 18:07:47,797 - INFO - Progreso iter 9500: T=8.17, Fitness=46.6, Mejor=116.0, Tasa_acept=94.0%
2025-10-19 18:07:47,797 - WARNING - ⚠️  DEGRADACIÓN DETECTADA en iter 9500:
2025-10-19 18:07:47,797 - WARNING -    Mejor fitness: 116.0
2025-10-19 18:07:47,797 - WARNING -    Fitness promedio reciente: 59.4
2025-10-19 18:07:47,798 - WARNING -    Degradación: 56.6
2025-10-19 18:07:47,798 - WARNING -    🔄 RESTAURANDO mejor solución...
2025-10-19 18:07:47,800 - DEBUG - Iter 9500: T=8.17, Fitness_actual=116.0, Mejor=116.0
2025-10-19 18:07:53,779 - DEBUG - Iter 9600: T=8.15, Fitness_actual=91.1, Mejor=116.0
2025-10-19 18:07:56,529 - INFO - Iter 9646: Aceptada solución con delta=-11.0 (T=8.14)
2025-10-19 18:07:56,529 - INFO -   📊 Desglose del cambio:
2025-10-19 18:07:56,529 - INFO -      Puntos: -696 → 13204 total
2025-10-19 18:07:56,530 - INFO -      Tiempo: -337.6min → 12401.2min total
2025-10-19 18:07:56,530 - INFO -      Distancia: +0.6km → 164.8km total
2025-10-19 18:07:59,771 - DEBUG - Iter 9700: T=8.13, Fitness_actual=84.7, Mejor=116.0
2025-10-19 18:08:05,933 - WARNING - ⚠️  DEGRADACIÓN DETECTADA en iter 9800:
2025-10-19 18:08:05,933 - WARNING -    Mejor fitness: 116.0
2025-10-19 18:08:05,933 - WARNING -    Fitness promedio reciente: 80.9
2025-10-19 18:08:05,933 - WARNING -    Degradación: 35.1
2025-10-19 18:08:05,934 - WARNING -    🔄 RESTAURANDO mejor solución...
2025-10-19 18:08:05,936 - DEBUG - Iter 9800: T=8.11, Fitness_actual=116.0, Mejor=116.0
2025-10-19 18:08:11,977 - DEBUG - Iter 9900: T=8.09, Fitness_actual=102.4, Mejor=116.0
2025-10-19 18:08:17,992 - INFO -   Iter 10000 | Tiempo:    8.7min ( 7.2%) | T =     8.07 | Fitness =     82.8 | Mejor =    116.0 | Aceptación =  94.0%
2025-10-19 18:08:17,992 - INFO - Progreso iter 10000: T=8.07, Fitness=82.8, Mejor=116.0, Tasa_acept=94.0%
2025-10-19 18:08:17,994 - DEBUG - Iter 10000: T=8.07, Fitness_actual=82.8, Mejor=116.0
2025-10-19 18:08:24,070 - WARNING - ⚠️  DEGRADACIÓN DETECTADA en iter 10100:
2025-10-19 18:08:24,071 - WARNING -    Mejor fitness: 116.0
2025-10-19 18:08:24,071 - WARNING -    Fitness promedio reciente: 80.3
2025-10-19 18:08:24,071 - WARNING -    Degradación: 35.7
2025-10-19 18:08:24,071 - WARNING -    🔄 RESTAURANDO mejor solución...
2025-10-19 18:08:24,073 - DEBUG - Iter 10100: T=8.05, Fitness_actual=116.0, Mejor=116.0
2025-10-19 18:08:24,688 - INFO - 🌟 MEJORA #62 en iter 10110: Fitness=116.5 (+0.5), Puntos=14897
2025-10-19 18:08:24,869 - INFO - 🌟 MEJORA #63 en iter 10113: Fitness=116.5 (+0.0), Puntos=14897
2025-10-19 18:08:30,323 - DEBUG - Iter 10200: T=8.03, Fitness_actual=90.0, Mejor=116.5
2025-10-19 18:08:36,801 - DEBUG - Iter 10300: T=8.01, Fitness_actual=70.8, Mejor=116.5
2025-10-19 18:08:43,243 - WARNING - ⚠️  DEGRADACIÓN DETECTADA en iter 10400:
2025-10-19 18:08:43,243 - WARNING -    Mejor fitness: 116.5
2025-10-19 18:08:43,244 - WARNING -    Fitness promedio reciente: 73.5
2025-10-19 18:08:43,244 - WARNING -    Degradación: 43.0
2025-10-19 18:08:43,244 - WARNING -    🔄 RESTAURANDO mejor solución...
2025-10-19 18:08:43,246 - DEBUG - Iter 10400: T=7.99, Fitness_actual=116.5, Mejor=116.5
2025-10-19 18:08:43,312 - INFO - 🌟 MEJORA #64 en iter 10401: Fitness=116.5 (+0.0), Puntos=14897
2025-10-19 18:08:43,377 - INFO - 🌟 MEJORA #65 en iter 10402: Fitness=116.5 (+0.0), Puntos=14897
2025-10-19 18:08:43,377 - INFO -   ✨ Mejora #65 en iteración 10403: Fitness = 116.5 | Puntos = 14897 | T = 7.99
2025-10-19 18:08:43,507 - INFO - 🌟 MEJORA #66 en iter 10404: Fitness=117.5 (+1.0), Puntos=14897
2025-10-19 18:08:47,368 - INFO - Iter 10464: Aceptada solución con delta=-11.0 (T=7.97)
2025-10-19 18:08:47,369 - INFO -   📊 Desglose del cambio:
2025-10-19 18:08:47,369 - INFO -      Puntos: -698 → 12712 total
2025-10-19 18:08:47,369 - INFO -      Tiempo: -595.5min → 12221.5min total
2025-10-19 18:08:47,370 - INFO -      Distancia: -2.1km → 192.5km total
2025-10-19 18:08:49,728 - INFO -   Iter 10500 | Tiempo:    9.2min ( 7.7%) | T =     7.97 | Fitness =     76.5 | Mejor =    117.5 | Aceptación =  93.9%
2025-10-19 18:08:49,728 - INFO - Progreso iter 10500: T=7.97, Fitness=76.5, Mejor=117.5, Tasa_acept=93.9%
2025-10-19 18:08:49,733 - DEBUG - Iter 10500: T=7.97, Fitness_actual=76.5, Mejor=117.5
2025-10-19 18:08:56,428 - DEBUG - Iter 10600: T=7.94, Fitness_actual=71.9, Mejor=117.5
2025-10-19 18:09:02,889 - WARNING - ⚠️  DEGRADACIÓN DETECTADA en iter 10700:
2025-10-19 18:09:02,889 - WARNING -    Mejor fitness: 117.5
2025-10-19 18:09:02,889 - WARNING -    Fitness promedio reciente: 75.3
2025-10-19 18:09:02,889 - WARNING -    Degradación: 42.1
2025-10-19 18:09:02,889 - WARNING -    🔄 RESTAURANDO mejor solución...
2025-10-19 18:09:02,892 - DEBUG - Iter 10700: T=7.92, Fitness_actual=117.5, Mejor=117.5
2025-10-19 18:09:02,956 - INFO - 🌟 MEJORA #67 en iter 10701: Fitness=117.5 (+0.0), Puntos=14897
2025-10-19 18:09:09,913 - DEBUG - Iter 10800: T=7.90, Fitness_actual=71.5, Mejor=117.5
2025-10-19 18:09:16,848 - DEBUG - Iter 10900: T=7.88, Fitness_actual=59.9, Mejor=117.5
2025-10-19 18:09:23,878 - INFO -   Iter 11000 | Tiempo:    9.8min ( 8.1%) | T =     7.86 | Fitness =     53.8 | Mejor =    117.5 | Aceptación =  93.9%
2025-10-19 18:09:23,878 - INFO - Progreso iter 11000: T=7.86, Fitness=53.8, Mejor=117.5, Tasa_acept=93.9%
2025-10-19 18:09:23,879 - WARNING - ⚠️  DEGRADACIÓN DETECTADA en iter 11000:
2025-10-19 18:09:23,879 - WARNING -    Mejor fitness: 117.5
2025-10-19 18:09:23,879 - WARNING -    Fitness promedio reciente: 60.5
2025-10-19 18:09:23,879 - WARNING -    Degradación: 57.0
2025-10-19 18:09:23,879 - WARNING -    🔄 RESTAURANDO mejor solución...
2025-10-19 18:09:23,882 - DEBUG - Iter 11000: T=7.86, Fitness_actual=117.5, Mejor=117.5
2025-10-19 18:09:30,907 - DEBUG - Iter 11100: T=7.83, Fitness_actual=84.7, Mejor=117.5
2025-10-19 18:09:37,784 - DEBUG - Iter 11200: T=7.81, Fitness_actual=90.6, Mejor=117.5
2025-10-19 18:09:44,424 - WARNING - ⚠️  DEGRADACIÓN DETECTADA en iter 11300:
2025-10-19 18:09:44,424 - WARNING -    Mejor fitness: 117.5
2025-10-19 18:09:44,424 - WARNING -    Fitness promedio reciente: 82.7
2025-10-19 18:09:44,425 - WARNING -    Degradación: 34.7
2025-10-19 18:09:44,425 - WARNING -    🔄 RESTAURANDO mejor solución...
2025-10-19 18:09:44,427 - DEBUG - Iter 11300: T=7.79, Fitness_actual=117.5, Mejor=117.5
2025-10-19 18:09:51,213 - DEBUG - Iter 11400: T=7.77, Fitness_actual=100.1, Mejor=117.5
2025-10-19 18:09:58,395 - INFO -   Iter 11500 | Tiempo:   10.3min ( 8.6%) | T =     7.74 | Fitness =     95.5 | Mejor =    117.5 | Aceptación =  93.8%
2025-10-19 18:09:58,395 - INFO - Progreso iter 11500: T=7.74, Fitness=95.5, Mejor=117.5, Tasa_acept=93.8%
2025-10-19 18:09:58,401 - DEBUG - Iter 11500: T=7.74, Fitness_actual=95.5, Mejor=117.5
2025-10-19 18:10:05,224 - DEBUG - Iter 11600: T=7.72, Fitness_actual=98.2, Mejor=117.5
2025-10-19 18:10:12,068 - DEBUG - Iter 11700: T=7.70, Fitness_actual=96.8, Mejor=117.5
2025-10-19 18:10:14,389 - INFO - Iter 11734: Aceptada solución con delta=-11.5 (T=7.69)
2025-10-19 18:10:14,390 - INFO -   📊 Desglose del cambio:
2025-10-19 18:10:14,390 - INFO -      Puntos: -505 → 13123 total
2025-10-19 18:10:14,390 - INFO -      Tiempo: +572.6min → 11834.3min total
2025-10-19 18:10:14,390 - INFO -      Distancia: -5.9km → 127.9km total
2025-10-19 18:10:18,966 - DEBUG - Iter 11800: T=7.68, Fitness_actual=78.5, Mejor=117.5
2025-10-19 18:10:25,870 - WARNING - ⚠️  DEGRADACIÓN DETECTADA en iter 11900:
2025-10-19 18:10:25,871 - WARNING -    Mejor fitness: 117.5
2025-10-19 18:10:25,871 - WARNING -    Fitness promedio reciente: 78.0
2025-10-19 18:10:25,871 - WARNING -    Degradación: 39.4
2025-10-19 18:10:25,871 - WARNING -    🔄 RESTAURANDO mejor solución...
2025-10-19 18:10:25,874 - DEBUG - Iter 11900: T=7.66, Fitness_actual=117.5, Mejor=117.5
2025-10-19 18:10:32,995 - INFO -   Iter 12000 | Tiempo:   10.9min ( 9.1%) | T =     7.64 | Fitness =     94.9 | Mejor =    117.5 | Aceptación =  93.7%
2025-10-19 18:10:32,996 - INFO - Progreso iter 12000: T=7.64, Fitness=94.9, Mejor=117.5, Tasa_acept=93.7%
2025-10-19 18:10:32,998 - DEBUG - Iter 12000: T=7.64, Fitness_actual=94.9, Mejor=117.5
2025-10-19 18:10:39,883 - DEBUG - Iter 12100: T=7.61, Fitness_actual=77.4, Mejor=117.5
2025-10-19 18:10:46,771 - WARNING - ⚠️  DEGRADACIÓN DETECTADA en iter 12200:
2025-10-19 18:10:46,771 - WARNING -    Mejor fitness: 117.5
2025-10-19 18:10:46,772 - WARNING -    Fitness promedio reciente: 73.3
2025-10-19 18:10:46,772 - WARNING -    Degradación: 44.1
2025-10-19 18:10:46,772 - WARNING -    🔄 RESTAURANDO mejor solución...
2025-10-19 18:10:46,776 - DEBUG - Iter 12200: T=7.59, Fitness_actual=117.5, Mejor=117.5
2025-10-19 18:10:53,969 - DEBUG - Iter 12300: T=7.57, Fitness_actual=89.3, Mejor=117.5
2025-10-19 18:11:00,993 - WARNING - ⚠️  DEGRADACIÓN DETECTADA en iter 12400:
2025-10-19 18:11:00,994 - WARNING -    Mejor fitness: 117.5
2025-10-19 18:11:00,994 - WARNING -    Fitness promedio reciente: 86.5
2025-10-19 18:11:00,994 - WARNING -    Degradación: 31.0
2025-10-19 18:11:00,994 - WARNING -    🔄 RESTAURANDO mejor solución...
2025-10-19 18:11:00,997 - DEBUG - Iter 12400: T=7.55, Fitness_actual=117.5, Mejor=117.5
2025-10-19 18:11:01,068 - INFO - 🌟 MEJORA #68 en iter 12401: Fitness=117.5 (+0.0), Puntos=14897
2025-10-19 18:11:01,359 - INFO - 🌟 MEJORA #69 en iter 12405: Fitness=117.5 (+0.0), Puntos=14897
2025-10-19 18:11:08,175 - INFO -   Iter 12500 | Tiempo:   11.5min ( 9.6%) | T =     7.53 | Fitness =     97.9 | Mejor =    117.5 | Aceptación =  93.6%
2025-10-19 18:11:08,175 - INFO - Progreso iter 12500: T=7.53, Fitness=97.9, Mejor=117.5, Tasa_acept=93.6%
2025-10-19 18:11:08,181 - DEBUG - Iter 12500: T=7.53, Fitness_actual=97.9, Mejor=117.5
2025-10-19 18:11:15,136 - DEBUG - Iter 12600: T=7.50, Fitness_actual=78.3, Mejor=117.5
2025-10-19 18:11:22,113 - WARNING - ⚠️  DEGRADACIÓN DETECTADA en iter 12700:
2025-10-19 18:11:22,113 - WARNING -    Mejor fitness: 117.5
2025-10-19 18:11:22,113 - WARNING -    Fitness promedio reciente: 73.4
2025-10-19 18:11:22,114 - WARNING -    Degradación: 44.0
2025-10-19 18:11:22,114 - WARNING -    🔄 RESTAURANDO mejor solución...
2025-10-19 18:11:22,117 - DEBUG - Iter 12700: T=7.48, Fitness_actual=117.5, Mejor=117.5
2025-10-19 18:11:22,468 - INFO - 🌟 MEJORA #70 en iter 12705: Fitness=118.3 (+0.9), Puntos=14883
2025-10-19 18:11:22,468 - INFO -   ✨ Mejora #70 en iteración 12706: Fitness = 118.3 | Puntos = 14883 | T = 7.48
2025-10-19 18:11:23,032 - INFO - 🌟 MEJORA #71 en iter 12713: Fitness=118.6 (+0.3), Puntos=14909
2025-10-19 18:11:23,808 - INFO - 🌟 MEJORA #72 en iter 12724: Fitness=118.8 (+0.2), Puntos=14878
2025-10-19 18:11:23,950 - INFO - 🌟 MEJORA #73 en iter 12726: Fitness=118.8 (+0.0), Puntos=14878
2025-10-19 18:11:24,090 - INFO - 🌟 MEJORA #74 en iter 12728: Fitness=118.8 (+0.0), Puntos=14878
2025-10-19 18:11:24,161 - INFO - 🌟 MEJORA #75 en iter 12729: Fitness=118.8 (+0.0), Puntos=14878
2025-10-19 18:11:24,161 - INFO -   ✨ Mejora #75 en iteración 12730: Fitness = 118.8 | Puntos = 14878 | T = 7.48
2025-10-19 18:11:29,151 - DEBUG - Iter 12800: T=7.46, Fitness_actual=113.1, Mejor=118.8
2025-10-19 18:11:36,162 - DEBUG - Iter 12900: T=7.44, Fitness_actual=90.8, Mejor=118.8
2025-10-19 18:11:43,440 - INFO -   Iter 13000 | Tiempo:   12.1min (10.1%) | T =     7.42 | Fitness =     77.7 | Mejor =    118.8 | Aceptación =  93.5%
2025-10-19 18:11:43,441 - INFO - Progreso iter 13000: T=7.42, Fitness=77.7, Mejor=118.8, Tasa_acept=93.5%
2025-10-19 18:11:43,441 - WARNING - ⚠️  DEGRADACIÓN DETECTADA en iter 13000:
2025-10-19 18:11:43,441 - WARNING -    Mejor fitness: 118.8
2025-10-19 18:11:43,441 - WARNING -    Fitness promedio reciente: 88.6
2025-10-19 18:11:43,441 - WARNING -    Degradación: 30.2
2025-10-19 18:11:43,442 - WARNING -    🔄 RESTAURANDO mejor solución...
2025-10-19 18:11:43,444 - DEBUG - Iter 13000: T=7.42, Fitness_actual=118.8, Mejor=118.8
2025-10-19 18:11:50,714 - DEBUG - Iter 13100: T=7.39, Fitness_actual=103.0, Mejor=118.8
2025-10-19 18:11:57,907 - DEBUG - Iter 13200: T=7.37, Fitness_actual=91.9, Mejor=118.8
2025-10-19 18:12:05,004 - WARNING - ⚠️  DEGRADACIÓN DETECTADA en iter 13300:
2025-10-19 18:12:05,004 - WARNING -    Mejor fitness: 118.8
2025-10-19 18:12:05,004 - WARNING -    Fitness promedio reciente: 82.4
2025-10-19 18:12:05,005 - WARNING -    Degradación: 36.3
2025-10-19 18:12:05,005 - WARNING -    🔄 RESTAURANDO mejor solución...
2025-10-19 18:12:05,007 - DEBUG - Iter 13300: T=7.35, Fitness_actual=118.8, Mejor=118.8
2025-10-19 18:12:12,330 - DEBUG - Iter 13400: T=7.33, Fitness_actual=93.4, Mejor=118.8
2025-10-19 18:12:19,711 - INFO -   Iter 13500 | Tiempo:   12.7min (10.6%) | T =     7.31 | Fitness =     99.6 | Mejor =    118.8 | Aceptación =  93.5%
2025-10-19 18:12:19,711 - INFO - Progreso iter 13500: T=7.31, Fitness=99.6, Mejor=118.8, Tasa_acept=93.5%
2025-10-19 18:12:19,714 - DEBUG - Iter 13500: T=7.31, Fitness_actual=99.6, Mejor=118.8
2025-10-19 18:12:27,237 - DEBUG - Iter 13600: T=7.28, Fitness_actual=93.8, Mejor=118.8
2025-10-19 18:12:34,811 - DEBUG - Iter 13700: T=7.26, Fitness_actual=88.2, Mejor=118.8
2025-10-19 18:12:42,476 - WARNING - ⚠️  DEGRADACIÓN DETECTADA en iter 13800:
2025-10-19 18:12:42,477 - WARNING -    Mejor fitness: 118.8
2025-10-19 18:12:42,477 - WARNING -    Fitness promedio reciente: 79.5
2025-10-19 18:12:42,477 - WARNING -    Degradación: 39.3
2025-10-19 18:12:42,477 - WARNING -    🔄 RESTAURANDO mejor solución...
2025-10-19 18:12:42,480 - DEBUG - Iter 13800: T=7.24, Fitness_actual=118.8, Mejor=118.8
2025-10-19 18:12:50,703 - DEBUG - Iter 13900: T=7.21, Fitness_actual=94.7, Mejor=118.8
2025-10-19 18:12:59,331 - INFO -   Iter 14000 | Tiempo:   13.4min (11.1%) | T =     7.19 | Fitness =     76.3 | Mejor =    118.8 | Aceptación =  93.5%
2025-10-19 18:12:59,331 - INFO - Progreso iter 14000: T=7.19, Fitness=76.3, Mejor=118.8, Tasa_acept=93.5%
2025-10-19 18:12:59,331 - WARNING - ⚠️  DEGRADACIÓN DETECTADA en iter 14000:
2025-10-19 18:12:59,332 - WARNING -    Mejor fitness: 118.8
2025-10-19 18:12:59,332 - WARNING -    Fitness promedio reciente: 81.8
2025-10-19 18:12:59,332 - WARNING -    Degradación: 36.9
2025-10-19 18:12:59,332 - WARNING -    🔄 RESTAURANDO mejor solución...
2025-10-19 18:12:59,335 - DEBUG - Iter 14000: T=7.19, Fitness_actual=118.8, Mejor=118.8
2025-10-19 18:12:59,335 - INFO - 🌟 MEJORA #76 en iter 14000: Fitness=119.0 (+0.2), Puntos=14898
2025-10-19 18:13:01,734 - INFO - Iter 14032: Aceptada solución con delta=-17.1 (T=7.18)
2025-10-19 18:13:01,735 - INFO -   📊 Desglose del cambio:
2025-10-19 18:13:01,735 - INFO -      Puntos: -14 → 14832 total
2025-10-19 18:13:01,735 - INFO -      Tiempo: +1472.1min → 14595.3min total
2025-10-19 18:13:01,735 - INFO -      Distancia: -0.6km → 156.8km total
2025-10-19 18:13:07,229 - DEBUG - Iter 14100: T=7.17, Fitness_actual=101.9, Mejor=119.0
2025-10-19 18:13:15,075 - DEBUG - Iter 14200: T=7.14, Fitness_actual=87.6, Mejor=119.0
2025-10-19 18:13:22,565 - WARNING - ⚠️  DEGRADACIÓN DETECTADA en iter 14300:
2025-10-19 18:13:22,565 - WARNING -    Mejor fitness: 119.0
2025-10-19 18:13:22,566 - WARNING -    Fitness promedio reciente: 83.0
2025-10-19 18:13:22,566 - WARNING -    Degradación: 36.0
2025-10-19 18:13:22,566 - WARNING -    🔄 RESTAURANDO mejor solución...
2025-10-19 18:13:22,568 - DEBUG - Iter 14300: T=7.12, Fitness_actual=119.0, Mejor=119.0
2025-10-19 18:13:30,166 - DEBUG - Iter 14400: T=7.10, Fitness_actual=92.9, Mejor=119.0
2025-10-19 18:13:37,769 - INFO -   Iter 14500 | Tiempo:   14.0min (11.7%) | T =     7.08 | Fitness =     89.2 | Mejor =    119.0 | Aceptación =  93.4%
2025-10-19 18:13:37,769 - INFO - Progreso iter 14500: T=7.08, Fitness=89.2, Mejor=119.0, Tasa_acept=93.4%
2025-10-19 18:13:37,769 - WARNING - ⚠️  DEGRADACIÓN DETECTADA en iter 14500:
2025-10-19 18:13:37,770 - WARNING -    Mejor fitness: 119.0
2025-10-19 18:13:37,770 - WARNING -    Fitness promedio reciente: 88.2
2025-10-19 18:13:37,770 - WARNING -    Degradación: 30.8
2025-10-19 18:13:37,770 - WARNING -    🔄 RESTAURANDO mejor solución...
2025-10-19 18:13:37,773 - DEBUG - Iter 14500: T=7.08, Fitness_actual=119.0, Mejor=119.0
2025-10-19 18:13:37,773 - INFO - 🌟 MEJORA #77 en iter 14500: Fitness=119.3 (+0.3), Puntos=14925
2025-10-19 18:13:37,853 - INFO - 🌟 MEJORA #78 en iter 14501: Fitness=119.3 (+0.0), Puntos=14925
2025-10-19 18:13:45,456 - DEBUG - Iter 14600: T=7.05, Fitness_actual=105.0, Mejor=119.3
2025-10-19 18:13:53,012 - DEBUG - Iter 14700: T=7.03, Fitness_actual=86.8, Mejor=119.3
2025-10-19 18:14:00,608 - WARNING - ⚠️  DEGRADACIÓN DETECTADA en iter 14800:
2025-10-19 18:14:00,608 - WARNING -    Mejor fitness: 119.3
2025-10-19 18:14:00,608 - WARNING -    Fitness promedio reciente: 75.5
2025-10-19 18:14:00,608 - WARNING -    Degradación: 43.8
2025-10-19 18:14:00,608 - WARNING -    🔄 RESTAURANDO mejor solución...
2025-10-19 18:14:00,611 - DEBUG - Iter 14800: T=7.01, Fitness_actual=119.3, Mejor=119.3
2025-10-19 18:14:00,611 - INFO - 🌟 MEJORA #79 en iter 14800: Fitness=119.8 (+0.5), Puntos=14930
2025-10-19 18:14:00,688 - INFO - 🌟 MEJORA #80 en iter 14801: Fitness=120.6 (+0.7), Puntos=15105
2025-10-19 18:14:00,688 - INFO -   ✨ Mejora #80 en iteración 14802: Fitness = 120.6 | Puntos = 15105 | T = 7.01
2025-10-19 18:14:02,516 - INFO - Iter 14825: Aceptada solución con delta=-10.0 (T=7.01)
2025-10-19 18:14:02,516 - INFO -   📊 Desglose del cambio:
2025-10-19 18:14:02,516 - INFO -      Puntos: +0 → 14723 total
2025-10-19 18:14:02,517 - INFO -      Tiempo: -106.8min → 12457.6min total
2025-10-19 18:14:02,517 - INFO -      Distancia: +0.0km → 146.0km total
2025-10-19 18:14:08,207 - DEBUG - Iter 14900: T=6.99, Fitness_actual=92.2, Mejor=120.6
2025-10-19 18:14:16,013 - INFO -   Iter 15000 | Tiempo:   14.6min (12.2%) | T =     6.97 | Fitness =     79.7 | Mejor =    120.6 | Aceptación =  93.4%
2025-10-19 18:14:16,013 - INFO - Progreso iter 15000: T=6.97, Fitness=79.7, Mejor=120.6, Tasa_acept=93.4%
2025-10-19 18:14:16,016 - DEBUG - Iter 15000: T=6.97, Fitness_actual=79.7, Mejor=120.6
2025-10-19 18:14:23,621 - WARNING - ⚠️  DEGRADACIÓN DETECTADA en iter 15100:
2025-10-19 18:14:23,621 - WARNING -    Mejor fitness: 120.6
2025-10-19 18:14:23,622 - WARNING -    Fitness promedio reciente: 75.1
2025-10-19 18:14:23,622 - WARNING -    Degradación: 45.5
2025-10-19 18:14:23,622 - WARNING -    🔄 RESTAURANDO mejor solución...
2025-10-19 18:14:23,625 - DEBUG - Iter 15100: T=6.94, Fitness_actual=120.6, Mejor=120.6
2025-10-19 18:14:31,264 - DEBUG - Iter 15200: T=6.92, Fitness_actual=88.2, Mejor=120.6
2025-10-19 18:14:38,532 - WARNING - ⚠️  DEGRADACIÓN DETECTADA en iter 15300:
2025-10-19 18:14:38,532 - WARNING -    Mejor fitness: 120.6
2025-10-19 18:14:38,532 - WARNING -    Fitness promedio reciente: 86.3
2025-10-19 18:14:38,532 - WARNING -    Degradación: 34.3
2025-10-19 18:14:38,533 - WARNING -    🔄 RESTAURANDO mejor solución...
2025-10-19 18:14:38,535 - DEBUG - Iter 15300: T=6.90, Fitness_actual=120.6, Mejor=120.6
2025-10-19 18:14:44,860 - DEBUG - Iter 15400: T=6.88, Fitness_actual=104.8, Mejor=120.6
2025-10-19 18:14:51,379 - INFO -   Iter 15500 | Tiempo:   15.2min (12.7%) | T =     6.87 | Fitness =     92.2 | Mejor =    120.6 | Aceptación =  93.3%
2025-10-19 18:14:51,379 - INFO - Progreso iter 15500: T=6.87, Fitness=92.2, Mejor=120.6, Tasa_acept=93.3%
2025-10-19 18:14:51,381 - DEBUG - Iter 15500: T=6.87, Fitness_actual=92.2, Mejor=120.6
2025-10-19 18:14:57,810 - DEBUG - Iter 15600: T=6.85, Fitness_actual=88.0, Mejor=120.6
2025-10-19 18:15:04,233 - WARNING - ⚠️  DEGRADACIÓN DETECTADA en iter 15700:
2025-10-19 18:15:04,233 - WARNING -    Mejor fitness: 120.6
2025-10-19 18:15:04,233 - WARNING -    Fitness promedio reciente: 84.2
2025-10-19 18:15:04,234 - WARNING -    Degradación: 36.3
2025-10-19 18:15:04,234 - WARNING -    🔄 RESTAURANDO mejor solución...
2025-10-19 18:15:04,236 - DEBUG - Iter 15700: T=6.83, Fitness_actual=120.6, Mejor=120.6
2025-10-19 18:15:04,236 - INFO - 🌟 MEJORA #81 en iter 15700: Fitness=120.6 (+0.0), Puntos=15105
2025-10-19 18:15:04,301 - INFO - 🌟 MEJORA #82 en iter 15701: Fitness=120.6 (+0.0), Puntos=15105
2025-10-19 18:15:04,366 - INFO - 🌟 MEJORA #83 en iter 15702: Fitness=120.6 (+0.0), Puntos=15105
2025-10-19 18:15:10,625 - DEBUG - Iter 15800: T=6.81, Fitness_actual=102.9, Mejor=120.6
2025-10-19 18:15:17,109 - DEBUG - Iter 15900: T=6.79, Fitness_actual=89.5, Mejor=120.6
2025-10-19 18:15:23,608 - INFO -   Iter 16000 | Tiempo:   15.8min (13.1%) | T =     6.78 | Fitness =     85.2 | Mejor =    120.6 | Aceptación =  93.3%
2025-10-19 18:15:23,608 - INFO - Progreso iter 16000: T=6.78, Fitness=85.2, Mejor=120.6, Tasa_acept=93.3%
2025-10-19 18:15:23,614 - DEBUG - Iter 16000: T=6.78, Fitness_actual=85.2, Mejor=120.6
2025-10-19 18:15:30,108 - WARNING - ⚠️  DEGRADACIÓN DETECTADA en iter 16100:
2025-10-19 18:15:30,109 - WARNING -    Mejor fitness: 120.6
2025-10-19 18:15:30,109 - WARNING -    Fitness promedio reciente: 85.9
2025-10-19 18:15:30,109 - WARNING -    Degradación: 34.7
2025-10-19 18:15:30,109 - WARNING -    🔄 RESTAURANDO mejor solución...
2025-10-19 18:15:30,112 - DEBUG - Iter 16100: T=6.76, Fitness_actual=120.6, Mejor=120.6
2025-10-19 18:15:36,581 - DEBUG - Iter 16200: T=6.74, Fitness_actual=98.1, Mejor=120.6
2025-10-19 18:15:40,173 - INFO - Iter 16256: Aceptada solución con delta=-10.8 (T=6.73)
2025-10-19 18:15:40,173 - INFO -   📊 Desglose del cambio:
2025-10-19 18:15:40,174 - INFO -      Puntos: -785 → 12441 total
2025-10-19 18:15:40,174 - INFO -      Tiempo: -320.2min → 11306.7min total
2025-10-19 18:15:40,174 - INFO -      Distancia: -8.4km → 139.3km total
2025-10-19 18:15:43,002 - DEBUG - Iter 16300: T=6.72, Fitness_actual=89.8, Mejor=120.6
2025-10-19 18:15:49,330 - WARNING - ⚠️  DEGRADACIÓN DETECTADA en iter 16400:
2025-10-19 18:15:49,330 - WARNING -    Mejor fitness: 120.6
2025-10-19 18:15:49,330 - WARNING -    Fitness promedio reciente: 73.8
2025-10-19 18:15:49,330 - WARNING -    Degradación: 46.8
2025-10-19 18:15:49,330 - WARNING -    🔄 RESTAURANDO mejor solución...
2025-10-19 18:15:49,333 - DEBUG - Iter 16400: T=6.70, Fitness_actual=120.6, Mejor=120.6
2025-10-19 18:15:49,459 - INFO - 🌟 MEJORA #84 en iter 16402: Fitness=120.6 (+0.1), Puntos=15111
2025-10-19 18:15:49,522 - INFO - 🌟 MEJORA #85 en iter 16403: Fitness=120.6 (+0.0), Puntos=15111
2025-10-19 18:15:49,522 - INFO -   ✨ Mejora #85 en iteración 16404: Fitness = 120.6 | Puntos = 15111 | T = 6.70
2025-10-19 18:15:55,619 - INFO -   Iter 16500 | Tiempo:   16.3min (13.6%) | T =     6.69 | Fitness =    109.2 | Mejor =    120.6 | Aceptación =  93.2%
2025-10-19 18:15:55,620 - INFO - Progreso iter 16500: T=6.69, Fitness=109.2, Mejor=120.6, Tasa_acept=93.2%
2025-10-19 18:15:55,622 - DEBUG - Iter 16500: T=6.69, Fitness_actual=109.2, Mejor=120.6
2025-10-19 18:16:01,979 - DEBUG - Iter 16600: T=6.67, Fitness_actual=88.9, Mejor=120.6
2025-10-19 18:16:08,995 - WARNING - ⚠️  DEGRADACIÓN DETECTADA en iter 16700:
2025-10-19 18:16:08,995 - WARNING -    Mejor fitness: 120.6
2025-10-19 18:16:08,995 - WARNING -    Fitness promedio reciente: 87.3
2025-10-19 18:16:08,996 - WARNING -    Degradación: 33.4
2025-10-19 18:16:08,996 - WARNING -    🔄 RESTAURANDO mejor solución...
2025-10-19 18:16:08,998 - DEBUG - Iter 16700: T=6.65, Fitness_actual=120.6, Mejor=120.6
2025-10-19 18:16:08,998 - INFO - 🌟 MEJORA #86 en iter 16700: Fitness=120.6 (+0.0), Puntos=15111
2025-10-19 18:16:09,129 - INFO - 🌟 MEJORA #87 en iter 16702: Fitness=120.7 (+0.1), Puntos=15118
2025-10-19 18:16:15,454 - DEBUG - Iter 16800: T=6.63, Fitness_actual=100.6, Mejor=120.7
2025-10-19 18:16:22,050 - DEBUG - Iter 16900: T=6.62, Fitness_actual=82.8, Mejor=120.7
2025-10-19 18:16:28,651 - INFO -   Iter 17000 | Tiempo:   16.8min (14.0%) | T =     6.60 | Fitness =     59.1 | Mejor =    120.7 | Aceptación =  93.1%
2025-10-19 18:16:28,652 - INFO - Progreso iter 17000: T=6.60, Fitness=59.1, Mejor=120.7, Tasa_acept=93.1%
2025-10-19 18:16:28,652 - WARNING - ⚠️  DEGRADACIÓN DETECTADA en iter 17000:
2025-10-19 18:16:28,652 - WARNING -    Mejor fitness: 120.7
2025-10-19 18:16:28,653 - WARNING -    Fitness promedio reciente: 72.5
2025-10-19 18:16:28,653 - WARNING -    Degradación: 48.2
2025-10-19 18:16:28,653 - WARNING -    🔄 RESTAURANDO mejor solución...
2025-10-19 18:16:28,656 - DEBUG - Iter 17000: T=6.60, Fitness_actual=120.7, Mejor=120.7
2025-10-19 18:16:28,788 - INFO - 🌟 MEJORA #88 en iter 17002: Fitness=121.2 (+0.5), Puntos=15118
2025-10-19 18:16:28,854 - INFO - 🌟 MEJORA #89 en iter 17003: Fitness=122.2 (+1.0), Puntos=15116
2025-10-19 18:16:28,920 - INFO - 🌟 MEJORA #90 en iter 17004: Fitness=123.2 (+1.0), Puntos=15116
2025-10-19 18:16:28,920 - INFO -   ✨ Mejora #90 en iteración 17005: Fitness = 123.2 | Puntos = 15116 | T = 6.60
2025-10-19 18:16:35,203 - DEBUG - Iter 17100: T=6.58, Fitness_actual=103.1, Mejor=123.2
2025-10-19 18:16:41,718 - DEBUG - Iter 17200: T=6.56, Fitness_actual=86.8, Mejor=123.2
2025-10-19 18:16:48,261 - WARNING - ⚠️  DEGRADACIÓN DETECTADA en iter 17300:
2025-10-19 18:16:48,261 - WARNING -    Mejor fitness: 123.2
2025-10-19 18:16:48,262 - WARNING -    Fitness promedio reciente: 80.4
2025-10-19 18:16:48,262 - WARNING -    Degradación: 42.8
2025-10-19 18:16:48,262 - WARNING -    🔄 RESTAURANDO mejor solución...
2025-10-19 18:16:48,265 - DEBUG - Iter 17300: T=6.54, Fitness_actual=123.2, Mejor=123.2
2025-10-19 18:16:54,844 - DEBUG - Iter 17400: T=6.53, Fitness_actual=99.2, Mejor=123.2
2025-10-19 18:17:01,434 - INFO -   Iter 17500 | Tiempo:   17.4min (14.5%) | T =     6.51 | Fitness =     99.5 | Mejor =    123.2 | Aceptación =  93.0%
2025-10-19 18:17:01,435 - INFO - Progreso iter 17500: T=6.51, Fitness=99.5, Mejor=123.2, Tasa_acept=93.0%
2025-10-19 18:17:01,437 - DEBUG - Iter 17500: T=6.51, Fitness_actual=99.5, Mejor=123.2
2025-10-19 18:17:08,018 - DEBUG - Iter 17600: T=6.49, Fitness_actual=82.8, Mejor=123.2
2025-10-19 18:17:14,589 - WARNING - ⚠️  DEGRADACIÓN DETECTADA en iter 17700:
2025-10-19 18:17:14,589 - WARNING -    Mejor fitness: 123.2
2025-10-19 18:17:14,590 - WARNING -    Fitness promedio reciente: 84.8
2025-10-19 18:17:14,590 - WARNING -    Degradación: 38.3
2025-10-19 18:17:14,590 - WARNING -    🔄 RESTAURANDO mejor solución...
2025-10-19 18:17:14,593 - DEBUG - Iter 17700: T=6.47, Fitness_actual=123.2, Mejor=123.2
2025-10-19 18:17:21,407 - DEBUG - Iter 17800: T=6.46, Fitness_actual=100.6, Mejor=123.2
2025-10-19 18:17:28,089 - WARNING - ⚠️  DEGRADACIÓN DETECTADA en iter 17900:
2025-10-19 18:17:28,089 - WARNING -    Mejor fitness: 123.2
2025-10-19 18:17:28,090 - WARNING -    Fitness promedio reciente: 89.6
2025-10-19 18:17:28,090 - WARNING -    Degradación: 33.6
2025-10-19 18:17:28,090 - WARNING -    🔄 RESTAURANDO mejor solución...
2025-10-19 18:17:28,092 - DEBUG - Iter 17900: T=6.44, Fitness_actual=123.2, Mejor=123.2
2025-10-19 18:17:28,160 - INFO - 🌟 MEJORA #91 en iter 17901: Fitness=123.2 (+0.0), Puntos=15116
2025-10-19 18:17:34,775 - INFO -   Iter 18000 | Tiempo:   17.9min (15.0%) | T =     6.42 | Fitness =     99.0 | Mejor =    123.2 | Aceptación =  93.0%
2025-10-19 18:17:34,775 - INFO - Progreso iter 18000: T=6.42, Fitness=99.0, Mejor=123.2, Tasa_acept=93.0%
2025-10-19 18:17:34,777 - DEBUG - Iter 18000: T=6.42, Fitness_actual=99.0, Mejor=123.2
2025-10-19 18:17:41,689 - DEBUG - Iter 18100: T=6.40, Fitness_actual=77.7, Mejor=123.2
2025-10-19 18:17:48,967 - WARNING - ⚠️  DEGRADACIÓN DETECTADA en iter 18200:
2025-10-19 18:17:48,967 - WARNING -    Mejor fitness: 123.2
2025-10-19 18:17:48,968 - WARNING -    Fitness promedio reciente: 79.8
2025-10-19 18:17:48,968 - WARNING -    Degradación: 43.3
2025-10-19 18:17:48,968 - WARNING -    🔄 RESTAURANDO mejor solución...
2025-10-19 18:17:48,970 - DEBUG - Iter 18200: T=6.38, Fitness_actual=123.2, Mejor=123.2
2025-10-19 18:17:56,260 - DEBUG - Iter 18300: T=6.36, Fitness_actual=94.7, Mejor=123.2
2025-10-19 18:18:04,040 - WARNING - ⚠️  DEGRADACIÓN DETECTADA en iter 18400:
2025-10-19 18:18:04,041 - WARNING -    Mejor fitness: 123.2
2025-10-19 18:18:04,041 - WARNING -    Fitness promedio reciente: 85.4
2025-10-19 18:18:04,041 - WARNING -    Degradación: 37.8
2025-10-19 18:18:04,041 - WARNING -    🔄 RESTAURANDO mejor solución...
2025-10-19 18:18:04,044 - DEBUG - Iter 18400: T=6.34, Fitness_actual=123.2, Mejor=123.2
2025-10-19 18:18:04,044 - INFO - 🌟 MEJORA #92 en iter 18400: Fitness=123.3 (+0.1), Puntos=15126
2025-10-19 18:18:04,535 - INFO - 🌟 MEJORA #93 en iter 18406: Fitness=123.3 (+0.0), Puntos=15128
2025-10-19 18:18:11,416 - INFO -   Iter 18500 | Tiempo:   18.6min (15.5%) | T =     6.32 | Fitness =    105.0 | Mejor =    123.3 | Aceptación =  93.0%
2025-10-19 18:18:11,416 - INFO - Progreso iter 18500: T=6.32, Fitness=105.0, Mejor=123.3, Tasa_acept=93.0%
2025-10-19 18:18:11,422 - DEBUG - Iter 18500: T=6.32, Fitness_actual=105.0, Mejor=123.3
2025-10-19 18:18:18,496 - DEBUG - Iter 18600: T=6.31, Fitness_actual=87.0, Mejor=123.3
2025-10-19 18:18:25,973 - WARNING - ⚠️  DEGRADACIÓN DETECTADA en iter 18700:
2025-10-19 18:18:25,973 - WARNING -    Mejor fitness: 123.3
2025-10-19 18:18:25,974 - WARNING -    Fitness promedio reciente: 90.0
2025-10-19 18:18:25,974 - WARNING -    Degradación: 33.3
2025-10-19 18:18:25,974 - WARNING -    🔄 RESTAURANDO mejor solución...
2025-10-19 18:18:25,977 - DEBUG - Iter 18700: T=6.29, Fitness_actual=123.3, Mejor=123.3
2025-10-19 18:18:25,977 - INFO - 🌟 MEJORA #94 en iter 18700: Fitness=123.3 (+0.0), Puntos=15132
2025-10-19 18:18:26,050 - INFO - 🌟 MEJORA #95 en iter 18701: Fitness=123.3 (+0.0), Puntos=15132
2025-10-19 18:18:26,050 - INFO -   ✨ Mejora #95 en iteración 18702: Fitness = 123.3 | Puntos = 15132 | T = 6.29
2025-10-19 18:18:33,047 - DEBUG - Iter 18800: T=6.27, Fitness_actual=102.9, Mejor=123.3
2025-10-19 18:18:40,017 - DEBUG - Iter 18900: T=6.25, Fitness_actual=83.5, Mejor=123.3
2025-10-19 18:18:47,010 - INFO -   Iter 19000 | Tiempo:   19.2min (16.0%) | T =     6.23 | Fitness =     78.9 | Mejor =    123.3 | Aceptación =  93.0%
2025-10-19 18:18:47,011 - INFO - Progreso iter 19000: T=6.23, Fitness=78.9, Mejor=123.3, Tasa_acept=93.0%
2025-10-19 18:18:47,011 - WARNING - ⚠️  DEGRADACIÓN DETECTADA en iter 19000:
2025-10-19 18:18:47,011 - WARNING -    Mejor fitness: 123.3
2025-10-19 18:18:47,011 - WARNING -    Fitness promedio reciente: 81.7
2025-10-19 18:18:47,011 - WARNING -    Degradación: 41.6
2025-10-19 18:18:47,012 - WARNING -    🔄 RESTAURANDO mejor solución...
2025-10-19 18:18:47,014 - DEBUG - Iter 19000: T=6.23, Fitness_actual=123.3, Mejor=123.3
2025-10-19 18:18:53,967 - DEBUG - Iter 19100: T=6.22, Fitness_actual=96.7, Mejor=123.3
2025-10-19 18:19:00,762 - WARNING - ⚠️  DEGRADACIÓN DETECTADA en iter 19200:
2025-10-19 18:19:00,762 - WARNING -    Mejor fitness: 123.3
2025-10-19 18:19:00,763 - WARNING -    Fitness promedio reciente: 86.0
2025-10-19 18:19:00,763 - WARNING -    Degradación: 37.3
2025-10-19 18:19:00,763 - WARNING -    🔄 RESTAURANDO mejor solución...
2025-10-19 18:19:00,766 - DEBUG - Iter 19200: T=6.20, Fitness_actual=123.3, Mejor=123.3
2025-10-19 18:19:07,690 - DEBUG - Iter 19300: T=6.18, Fitness_actual=92.1, Mejor=123.3
2025-10-19 18:19:14,684 - DEBUG - Iter 19400: T=6.16, Fitness_actual=88.3, Mejor=123.3
2025-10-19 18:19:21,628 - INFO -   Iter 19500 | Tiempo:   19.7min (16.4%) | T =     6.15 | Fitness =     79.3 | Mejor =    123.3 | Aceptación =  93.0%
2025-10-19 18:19:21,628 - INFO - Progreso iter 19500: T=6.15, Fitness=79.3, Mejor=123.3, Tasa_acept=93.0%
2025-10-19 18:19:21,628 - WARNING - ⚠️  DEGRADACIÓN DETECTADA en iter 19500:
2025-10-19 18:19:21,629 - WARNING -    Mejor fitness: 123.3
2025-10-19 18:19:21,629 - WARNING -    Fitness promedio reciente: 83.7
2025-10-19 18:19:21,629 - WARNING -    Degradación: 39.6
2025-10-19 18:19:21,629 - WARNING -    🔄 RESTAURANDO mejor solución...
2025-10-19 18:19:21,632 - DEBUG - Iter 19500: T=6.15, Fitness_actual=123.3, Mejor=123.3
2025-10-19 18:19:28,516 - DEBUG - Iter 19600: T=6.13, Fitness_actual=103.9, Mejor=123.3
2025-10-19 18:19:35,679 - DEBUG - Iter 19700: T=6.11, Fitness_actual=89.2, Mejor=123.3
2025-10-19 18:19:42,766 - WARNING - ⚠️  DEGRADACIÓN DETECTADA en iter 19800:
2025-10-19 18:19:42,766 - WARNING -    Mejor fitness: 123.3
2025-10-19 18:19:42,766 - WARNING -    Fitness promedio reciente: 77.3
2025-10-19 18:19:42,766 - WARNING -    Degradación: 46.0
2025-10-19 18:19:42,767 - WARNING -    🔄 RESTAURANDO mejor solución...
2025-10-19 18:19:42,770 - DEBUG - Iter 19800: T=6.09, Fitness_actual=123.3, Mejor=123.3
2025-10-19 18:19:42,845 - INFO - 🌟 MEJORA #96 en iter 19801: Fitness=123.4 (+0.0), Puntos=15135
2025-10-19 18:19:49,992 - DEBUG - Iter 19900: T=6.07, Fitness_actual=87.2, Mejor=123.4
2025-10-19 18:19:51,350 - INFO - Iter 19919: Aceptada solución con delta=-10.8 (T=6.07)
2025-10-19 18:19:51,350 - INFO -   📊 Desglose del cambio:
2025-10-19 18:19:51,350 - INFO -      Puntos: -731 → 12906 total
2025-10-19 18:19:51,351 - INFO -      Tiempo: -499.0min → 12040.0min total
2025-10-19 18:19:51,351 - INFO -      Distancia: -9.9km → 127.8km total
2025-10-19 18:19:53,396 - WARNING - ================================================================================
2025-10-19 18:19:53,396 - WARNING - ⚠️  SALTO ANORMAL DETECTADO en iteración 19948
2025-10-19 18:19:53,396 - WARNING -    Fitness actual: 88.9
2025-10-19 18:19:53,397 - WARNING -    Fitness vecino: 67.5
2025-10-19 18:19:53,397 - WARNING -    Delta: -21.4
2025-10-19 18:19:53,397 - WARNING -    Temperatura: 6.07
2025-10-19 18:19:53,397 - WARNING -    Tipo perturbación aplicada: (ver generar_vecino)
2025-10-19 18:19:53,398 - WARNING -    Vecino - Puntos: 12585, Tiempo: 12541.0min, Distancia: 187.6km
2025-10-19 18:19:53,398 - WARNING -    Actual - Puntos: 12973, Tiempo: 11413.9min, Distancia: 113.2km
2025-10-19 18:19:53,398 - WARNING -    Validez restricciones - Vecino: False, Actual: False
2025-10-19 18:19:53,398 - WARNING - ================================================================================
2025-10-19 18:19:53,398 - WARNING - ⚠️  SALTO ANORMAL DETECTADO en iteración 19948
2025-10-19 18:19:53,399 - WARNING -    Fitness: 88.9 → 67.5 (Δ=-21.4)
2025-10-19 18:19:53,399 - WARNING -    Ver detalles en archivo de log
2025-10-19 18:19:57,037 - INFO -   Iter 20000 | Tiempo:   20.3min (16.9%) | T =     6.06 | Fitness =     86.4 | Mejor =    123.4 | Aceptación =  93.0%
2025-10-19 18:19:57,037 - INFO - Progreso iter 20000: T=6.06, Fitness=86.4, Mejor=123.4, Tasa_acept=93.0%
2025-10-19 18:19:57,040 - DEBUG - Iter 20000: T=6.06, Fitness_actual=86.4, Mejor=123.4
2025-10-19 18:20:03,995 - WARNING - ⚠️  DEGRADACIÓN DETECTADA en iter 20100:
2025-10-19 18:20:03,995 - WARNING -    Mejor fitness: 123.4
2025-10-19 18:20:03,995 - WARNING -    Fitness promedio reciente: 75.8
2025-10-19 18:20:03,995 - WARNING -    Degradación: 47.5
2025-10-19 18:20:03,996 - WARNING -    🔄 RESTAURANDO mejor solución...
2025-10-19 18:20:03,999 - DEBUG - Iter 20100: T=6.04, Fitness_actual=123.4, Mejor=123.4
2025-10-19 18:20:04,144 - INFO - 🌟 MEJORA #97 en iter 20102: Fitness=124.3 (+0.9), Puntos=15128
2025-10-19 18:20:04,215 - INFO - 🌟 MEJORA #98 en iter 20103: Fitness=124.8 (+0.5), Puntos=15128
2025-10-19 18:20:05,043 - INFO - Iter 20115: Aceptada solución con delta=-12.2 (T=6.04)
2025-10-19 18:20:05,043 - INFO -   📊 Desglose del cambio:
2025-10-19 18:20:05,044 - INFO -      Puntos: -740 → 14395 total
2025-10-19 18:20:05,044 - INFO -      Tiempo: +816.5min → 13867.8min total
2025-10-19 18:20:05,044 - INFO -      Distancia: -5.8km → 163.1km total
2025-10-19 18:20:10,049 - INFO - Iter 20181: Aceptada solución con delta=-12.4 (T=6.02)
2025-10-19 18:20:10,049 - INFO -   📊 Desglose del cambio:
2025-10-19 18:20:10,049 - INFO -      Puntos: -841 → 12025 total
2025-10-19 18:20:10,050 - INFO -      Tiempo: -784.2min → 11448.9min total
2025-10-19 18:20:10,050 - INFO -      Distancia: -15.8km → 149.7km total
2025-10-19 18:20:11,369 - DEBUG - Iter 20200: T=6.02, Fitness_actual=70.6, Mejor=124.8
2025-10-19 18:20:18,287 - DEBUG - Iter 20300: T=6.00, Fitness_actual=64.7, Mejor=124.8
2025-10-19 18:20:25,165 - WARNING - ⚠️  DEGRADACIÓN DETECTADA en iter 20400:
2025-10-19 18:20:25,165 - WARNING -    Mejor fitness: 124.8
2025-10-19 18:20:25,166 - WARNING -    Fitness promedio reciente: 68.6
2025-10-19 18:20:25,166 - WARNING -    Degradación: 56.2
2025-10-19 18:20:25,166 - WARNING -    🔄 RESTAURANDO mejor solución...
2025-10-19 18:20:25,168 - DEBUG - Iter 20400: T=5.99, Fitness_actual=124.8, Mejor=124.8
2025-10-19 18:20:31,979 - INFO -   Iter 20500 | Tiempo:   20.9min (17.4%) | T =     5.97 | Fitness =    106.4 | Mejor =    124.8 | Aceptación =  92.9%
2025-10-19 18:20:31,980 - INFO - Progreso iter 20500: T=5.97, Fitness=106.4, Mejor=124.8, Tasa_acept=92.9%
2025-10-19 18:20:31,982 - DEBUG - Iter 20500: T=5.97, Fitness_actual=106.4, Mejor=124.8
2025-10-19 18:20:38,648 - WARNING - ⚠️  DEGRADACIÓN DETECTADA en iter 20600:
2025-10-19 18:20:38,648 - WARNING -    Mejor fitness: 124.8
2025-10-19 18:20:38,648 - WARNING -    Fitness promedio reciente: 94.2
2025-10-19 18:20:38,649 - WARNING -    Degradación: 30.6
2025-10-19 18:20:38,649 - WARNING -    🔄 RESTAURANDO mejor solución...
2025-10-19 18:20:38,650 - DEBUG - Iter 20600: T=5.95, Fitness_actual=124.8, Mejor=124.8
2025-10-19 18:20:38,650 - INFO - 🌟 MEJORA #99 en iter 20600: Fitness=124.8 (+0.0), Puntos=15128
2025-10-19 18:20:45,348 - DEBUG - Iter 20700: T=5.94, Fitness_actual=94.1, Mejor=124.8
2025-10-19 18:20:52,064 - DEBUG - Iter 20800: T=5.92, Fitness_actual=87.8, Mejor=124.8
2025-10-19 18:20:58,695 - WARNING - ⚠️  DEGRADACIÓN DETECTADA en iter 20900:
2025-10-19 18:20:58,696 - WARNING -    Mejor fitness: 124.8
2025-10-19 18:20:58,696 - WARNING -    Fitness promedio reciente: 81.7
2025-10-19 18:20:58,696 - WARNING -    Degradación: 43.1
2025-10-19 18:20:58,696 - WARNING -    🔄 RESTAURANDO mejor solución...
2025-10-19 18:20:58,699 - DEBUG - Iter 20900: T=5.91, Fitness_actual=124.8, Mejor=124.8
2025-10-19 18:21:05,404 - INFO -   Iter 21000 | Tiempo:   21.5min (17.9%) | T =     5.89 | Fitness =    107.5 | Mejor =    124.8 | Aceptación =  92.9%
2025-10-19 18:21:05,404 - INFO - Progreso iter 21000: T=5.89, Fitness=107.5, Mejor=124.8, Tasa_acept=92.9%
2025-10-19 18:21:05,407 - DEBUG - Iter 21000: T=5.89, Fitness_actual=107.5, Mejor=124.8
2025-10-19 18:21:12,443 - DEBUG - Iter 21100: T=5.87, Fitness_actual=86.2, Mejor=124.8
2025-10-19 18:21:19,037 - WARNING - ⚠️  DEGRADACIÓN DETECTADA en iter 21200:
2025-10-19 18:21:19,037 - WARNING -    Mejor fitness: 124.8
2025-10-19 18:21:19,037 - WARNING -    Fitness promedio reciente: 85.5
2025-10-19 18:21:19,037 - WARNING -    Degradación: 39.3
2025-10-19 18:21:19,038 - WARNING -    🔄 RESTAURANDO mejor solución...
2025-10-19 18:21:19,039 - DEBUG - Iter 21200: T=5.86, Fitness_actual=124.8, Mejor=124.8
2025-10-19 18:21:25,717 - DEBUG - Iter 21300: T=5.84, Fitness_actual=100.1, Mejor=124.8
2025-10-19 18:21:32,388 - WARNING - ⚠️  DEGRADACIÓN DETECTADA en iter 21400:
2025-10-19 18:21:32,388 - WARNING -    Mejor fitness: 124.8
2025-10-19 18:21:32,388 - WARNING -    Fitness promedio reciente: 84.1
2025-10-19 18:21:32,388 - WARNING -    Degradación: 40.7
2025-10-19 18:21:32,389 - WARNING -    🔄 RESTAURANDO mejor solución...
2025-10-19 18:21:32,391 - DEBUG - Iter 21400: T=5.82, Fitness_actual=124.8, Mejor=124.8
2025-10-19 18:21:32,392 - INFO - 🌟 MEJORA #100 en iter 21400: Fitness=124.9 (+0.1), Puntos=15137
2025-10-19 18:21:32,392 - INFO -   ✨ Mejora #100 en iteración 21401: Fitness = 124.9 | Puntos = 15137 | T = 5.82
2025-10-19 18:21:39,585 - INFO -   Iter 21500 | Tiempo:   22.0min (18.4%) | T =     5.81 | Fitness =     75.2 | Mejor =    124.9 | Aceptación =  92.9%
2025-10-19 18:21:39,586 - INFO - Progreso iter 21500: T=5.81, Fitness=75.2, Mejor=124.9, Tasa_acept=92.9%
2025-10-19 18:21:39,605 - DEBUG - Iter 21500: T=5.81, Fitness_actual=75.2, Mejor=124.9
2025-10-19 18:21:46,841 - DEBUG - Iter 21600: T=5.79, Fitness_actual=98.0, Mejor=124.9
2025-10-19 18:21:53,636 - WARNING - ⚠️  DEGRADACIÓN DETECTADA en iter 21700:
2025-10-19 18:21:53,636 - WARNING -    Mejor fitness: 124.9
2025-10-19 18:21:53,637 - WARNING -    Fitness promedio reciente: 87.5
2025-10-19 18:21:53,637 - WARNING -    Degradación: 37.4
2025-10-19 18:21:53,637 - WARNING -    🔄 RESTAURANDO mejor solución...
2025-10-19 18:21:53,639 - DEBUG - Iter 21700: T=5.77, Fitness_actual=124.9, Mejor=124.9
2025-10-19 18:22:00,489 - DEBUG - Iter 21800: T=5.76, Fitness_actual=105.1, Mejor=124.9
2025-10-19 18:22:07,577 - DEBUG - Iter 21900: T=5.74, Fitness_actual=93.1, Mejor=124.9
2025-10-19 18:22:14,509 - INFO -   Iter 22000 | Tiempo:   22.6min (18.8%) | T =     5.73 | Fitness =     77.7 | Mejor =    124.9 | Aceptación =  92.8%
2025-10-19 18:22:14,509 - INFO - Progreso iter 22000: T=5.73, Fitness=77.7, Mejor=124.9, Tasa_acept=92.8%
2025-10-19 18:22:14,509 - WARNING - ⚠️  DEGRADACIÓN DETECTADA en iter 22000:
2025-10-19 18:22:14,510 - WARNING -    Mejor fitness: 124.9
2025-10-19 18:22:14,510 - WARNING -    Fitness promedio reciente: 87.0
2025-10-19 18:22:14,510 - WARNING -    Degradación: 37.9
2025-10-19 18:22:14,510 - WARNING -    🔄 RESTAURANDO mejor solución...
2025-10-19 18:22:14,512 - DEBUG - Iter 22000: T=5.73, Fitness_actual=124.9, Mejor=124.9
2025-10-19 18:22:21,330 - DEBUG - Iter 22100: T=5.71, Fitness_actual=104.1, Mejor=124.9
2025-10-19 18:22:28,210 - WARNING - ⚠️  DEGRADACIÓN DETECTADA en iter 22200:
2025-10-19 18:22:28,210 - WARNING -    Mejor fitness: 124.9
2025-10-19 18:22:28,210 - WARNING -    Fitness promedio reciente: 87.3
2025-10-19 18:22:28,210 - WARNING -    Degradación: 37.6
2025-10-19 18:22:28,211 - WARNING -    🔄 RESTAURANDO mejor solución...
2025-10-19 18:22:28,212 - DEBUG - Iter 22200: T=5.69, Fitness_actual=124.9, Mejor=124.9
2025-10-19 18:22:28,212 - INFO - 🌟 MEJORA #101 en iter 22200: Fitness=124.9 (+0.0), Puntos=15137
2025-10-19 18:22:28,284 - INFO - 🌟 MEJORA #102 en iter 22201: Fitness=124.9 (+0.0), Puntos=15137
2025-10-19 18:22:28,354 - INFO - 🌟 MEJORA #103 en iter 22202: Fitness=124.9 (+0.0), Puntos=15137
2025-10-19 18:22:28,424 - INFO - 🌟 MEJORA #104 en iter 22203: Fitness=124.9 (+0.0), Puntos=15137
2025-10-19 18:22:28,493 - INFO - 🌟 MEJORA #105 en iter 22204: Fitness=124.9 (+0.0), Puntos=15141
2025-10-19 18:22:28,494 - INFO -   ✨ Mejora #105 en iteración 22205: Fitness = 124.9 | Puntos = 15141 | T = 5.69
2025-10-19 18:22:35,064 - DEBUG - Iter 22300: T=5.68, Fitness_actual=97.7, Mejor=124.9
2025-10-19 18:22:41,873 - DEBUG - Iter 22400: T=5.66, Fitness_actual=98.3, Mejor=124.9
2025-10-19 18:22:48,666 - INFO -   Iter 22500 | Tiempo:   23.2min (19.3%) | T =     5.65 | Fitness =     86.9 | Mejor =    124.9 | Aceptación =  92.8%
2025-10-19 18:22:48,667 - INFO - Progreso iter 22500: T=5.65, Fitness=86.9, Mejor=124.9, Tasa_acept=92.8%
2025-10-19 18:22:48,667 - WARNING - ⚠️  DEGRADACIÓN DETECTADA en iter 22500:
2025-10-19 18:22:48,667 - WARNING -    Mejor fitness: 124.9
2025-10-19 18:22:48,668 - WARNING -    Fitness promedio reciente: 91.6
2025-10-19 18:22:48,668 - WARNING -    Degradación: 33.3
2025-10-19 18:22:48,668 - WARNING -    🔄 RESTAURANDO mejor solución...
2025-10-19 18:22:48,669 - DEBUG - Iter 22500: T=5.65, Fitness_actual=124.9, Mejor=124.9
2025-10-19 18:22:48,743 - INFO - 🌟 MEJORA #106 en iter 22501: Fitness=124.9 (+0.0), Puntos=15141
2025-10-19 18:22:55,529 - DEBUG - Iter 22600: T=5.63, Fitness_actual=95.0, Mejor=124.9
2025-10-19 18:23:02,395 - DEBUG - Iter 22700: T=5.61, Fitness_actual=99.8, Mejor=124.9
2025-10-19 18:23:09,309 - WARNING - ⚠️  DEGRADACIÓN DETECTADA en iter 22800:
2025-10-19 18:23:09,309 - WARNING -    Mejor fitness: 124.9
2025-10-19 18:23:09,310 - WARNING -    Fitness promedio reciente: 92.3
2025-10-19 18:23:09,310 - WARNING -    Degradación: 32.7
2025-10-19 18:23:09,310 - WARNING -    🔄 RESTAURANDO mejor solución...
2025-10-19 18:23:09,311 - DEBUG - Iter 22800: T=5.60, Fitness_actual=124.9, Mejor=124.9
2025-10-19 18:23:09,311 - INFO - 🌟 MEJORA #107 en iter 22800: Fitness=124.9 (+0.0), Puntos=15141
2025-10-19 18:23:16,323 - DEBUG - Iter 22900: T=5.58, Fitness_actual=86.4, Mejor=124.9
2025-10-19 18:23:23,399 - INFO -   Iter 23000 | Tiempo:   23.8min (19.8%) | T =     5.57 | Fitness =     86.7 | Mejor =    124.9 | Aceptación =  92.7%
2025-10-19 18:23:23,399 - INFO - Progreso iter 23000: T=5.57, Fitness=86.7, Mejor=124.9, Tasa_acept=92.7%
2025-10-19 18:23:23,401 - DEBUG - Iter 23000: T=5.57, Fitness_actual=86.7, Mejor=124.9
2025-10-19 18:23:30,895 - WARNING - ⚠️  DEGRADACIÓN DETECTADA en iter 23100:
2025-10-19 18:23:30,895 - WARNING -    Mejor fitness: 124.9
2025-10-19 18:23:30,895 - WARNING -    Fitness promedio reciente: 84.5
2025-10-19 18:23:30,895 - WARNING -    Degradación: 40.5
2025-10-19 18:23:30,896 - WARNING -    🔄 RESTAURANDO mejor solución...
2025-10-19 18:23:30,897 - DEBUG - Iter 23100: T=5.55, Fitness_actual=124.9, Mejor=124.9
2025-10-19 18:23:30,977 - INFO - 🌟 MEJORA #108 en iter 23101: Fitness=127.8 (+2.8), Puntos=15423
2025-10-19 18:23:31,498 - INFO - 🌟 MEJORA #109 en iter 23108: Fitness=127.8 (+0.0), Puntos=15429
2025-10-19 18:23:38,455 - DEBUG - Iter 23200: T=5.53, Fitness_actual=106.4, Mejor=127.8
2025-10-19 18:23:46,079 - DEBUG - Iter 23300: T=5.51, Fitness_actual=89.9, Mejor=127.8
2025-10-19 18:23:53,531 - WARNING - ⚠️  DEGRADACIÓN DETECTADA en iter 23400:
2025-10-19 18:23:53,531 - WARNING -    Mejor fitness: 127.8
2025-10-19 18:23:53,531 - WARNING -    Fitness promedio reciente: 89.4
2025-10-19 18:23:53,532 - WARNING -    Degradación: 38.4
2025-10-19 18:23:53,532 - WARNING -    🔄 RESTAURANDO mejor solución...
2025-10-19 18:23:53,533 - DEBUG - Iter 23400: T=5.50, Fitness_actual=127.8, Mejor=127.8
2025-10-19 18:23:53,533 - INFO - 🌟 MEJORA #110 en iter 23400: Fitness=127.8 (+0.0), Puntos=15429
2025-10-19 18:23:53,534 - INFO -   ✨ Mejora #110 en iteración 23401: Fitness = 127.8 | Puntos = 15429 | T = 5.50
2025-10-19 18:24:00,616 - INFO -   Iter 23500 | Tiempo:   24.4min (20.3%) | T =     5.48 | Fitness =    100.9 | Mejor =    127.8 | Aceptación =  92.7%
2025-10-19 18:24:00,617 - INFO - Progreso iter 23500: T=5.48, Fitness=100.9, Mejor=127.8, Tasa_acept=92.7%
2025-10-19 18:24:00,619 - DEBUG - Iter 23500: T=5.48, Fitness_actual=100.9, Mejor=127.8
2025-10-19 18:24:07,691 - DEBUG - Iter 23600: T=5.47, Fitness_actual=84.0, Mejor=127.8
2025-10-19 18:24:14,767 - WARNING - ⚠️  DEGRADACIÓN DETECTADA en iter 23700:
2025-10-19 18:24:14,767 - WARNING -    Mejor fitness: 127.8
2025-10-19 18:24:14,767 - WARNING -    Fitness promedio reciente: 81.9
2025-10-19 18:24:14,767 - WARNING -    Degradación: 45.9
2025-10-19 18:24:14,768 - WARNING -    🔄 RESTAURANDO mejor solución...
2025-10-19 18:24:14,770 - DEBUG - Iter 23700: T=5.45, Fitness_actual=127.8, Mejor=127.8
2025-10-19 18:24:14,842 - INFO - 🌟 MEJORA #111 en iter 23701: Fitness=127.8 (+0.0), Puntos=15429
2025-10-19 18:24:14,912 - INFO - 🌟 MEJORA #112 en iter 23702: Fitness=127.8 (+0.0), Puntos=15429
2025-10-19 18:24:14,984 - INFO - 🌟 MEJORA #113 en iter 23703: Fitness=127.8 (+0.0), Puntos=15429
2025-10-19 18:24:21,722 - DEBUG - Iter 23800: T=5.43, Fitness_actual=103.8, Mejor=127.8
2025-10-19 18:24:28,872 - DEBUG - Iter 23900: T=5.42, Fitness_actual=87.9, Mejor=127.8
2025-10-19 18:24:36,011 - INFO -   Iter 24000 | Tiempo:   25.0min (20.8%) | T =     5.40 | Fitness =     84.0 | Mejor =    127.8 | Aceptación =  92.6%
2025-10-19 18:24:36,012 - INFO - Progreso iter 24000: T=5.40, Fitness=84.0, Mejor=127.8, Tasa_acept=92.6%
2025-10-19 18:24:36,012 - WARNING - ⚠️  DEGRADACIÓN DETECTADA en iter 24000:
2025-10-19 18:24:36,012 - WARNING -    Mejor fitness: 127.8
2025-10-19 18:24:36,012 - WARNING -    Fitness promedio reciente: 83.8
2025-10-19 18:24:36,013 - WARNING -    Degradación: 44.0
2025-10-19 18:24:36,013 - WARNING -    🔄 RESTAURANDO mejor solución...
2025-10-19 18:24:36,014 - DEBUG - Iter 24000: T=5.40, Fitness_actual=127.8, Mejor=127.8
2025-10-19 18:24:38,436 - INFO - Iter 24034: Aceptada solución con delta=-11.2 (T=5.40)
2025-10-19 18:24:38,437 - INFO -   📊 Desglose del cambio:
2025-10-19 18:24:38,437 - INFO -      Puntos: -465 → 14264 total
2025-10-19 18:24:38,437 - INFO -      Tiempo: +1859.6min → 14159.5min total
2025-10-19 18:24:38,437 - INFO -      Distancia: +6.6km → 168.3km total
2025-10-19 18:24:43,414 - DEBUG - Iter 24100: T=5.39, Fitness_actual=91.0, Mejor=127.8
2025-10-19 18:24:50,561 - WARNING - ⚠️  DEGRADACIÓN DETECTADA en iter 24200:
2025-10-19 18:24:50,561 - WARNING -    Mejor fitness: 127.8
2025-10-19 18:24:50,561 - WARNING -    Fitness promedio reciente: 91.8
2025-10-19 18:24:50,562 - WARNING -    Degradación: 36.0
2025-10-19 18:24:50,562 - WARNING -    🔄 RESTAURANDO mejor solución...
2025-10-19 18:24:50,563 - DEBUG - Iter 24200: T=5.37, Fitness_actual=127.8, Mejor=127.8
2025-10-19 18:24:57,747 - DEBUG - Iter 24300: T=5.36, Fitness_actual=114.1, Mejor=127.8
2025-10-19 18:25:04,833 - DEBUG - Iter 24400: T=5.34, Fitness_actual=98.2, Mejor=127.8
2025-10-19 18:25:12,025 - INFO -   Iter 24500 | Tiempo:   25.6min (21.3%) | T =     5.32 | Fitness =     87.9 | Mejor =    127.8 | Aceptación =  92.5%
2025-10-19 18:25:12,025 - INFO - Progreso iter 24500: T=5.32, Fitness=87.9, Mejor=127.8, Tasa_acept=92.5%
2025-10-19 18:25:12,025 - WARNING - ⚠️  DEGRADACIÓN DETECTADA en iter 24500:
2025-10-19 18:25:12,026 - WARNING -    Mejor fitness: 127.8
2025-10-19 18:25:12,026 - WARNING -    Fitness promedio reciente: 90.1
2025-10-19 18:25:12,026 - WARNING -    Degradación: 37.7
2025-10-19 18:25:12,027 - WARNING -    🔄 RESTAURANDO mejor solución...
2025-10-19 18:25:12,028 - DEBUG - Iter 24500: T=5.32, Fitness_actual=127.8, Mejor=127.8
2025-10-19 18:25:19,107 - DEBUG - Iter 24600: T=5.31, Fitness_actual=108.7, Mejor=127.8
2025-10-19 18:25:26,257 - WARNING - ⚠️  DEGRADACIÓN DETECTADA en iter 24700:
2025-10-19 18:25:26,257 - WARNING -    Mejor fitness: 127.8
2025-10-19 18:25:26,258 - WARNING -    Fitness promedio reciente: 94.9
2025-10-19 18:25:26,258 - WARNING -    Degradación: 33.0
2025-10-19 18:25:26,258 - WARNING -    🔄 RESTAURANDO mejor solución...
2025-10-19 18:25:26,260 - DEBUG - Iter 24700: T=5.29, Fitness_actual=127.8, Mejor=127.8
2025-10-19 18:25:26,334 - INFO - 🌟 MEJORA #114 en iter 24701: Fitness=127.8 (+0.0), Puntos=15429
2025-10-19 18:25:26,693 - INFO - 🌟 MEJORA #115 en iter 24706: Fitness=128.2 (+0.4), Puntos=15472
2025-10-19 18:25:26,693 - INFO -   ✨ Mejora #115 en iteración 24707: Fitness = 128.2 | Puntos = 15472 | T = 5.29
2025-10-19 18:25:33,608 - DEBUG - Iter 24800: T=5.28, Fitness_actual=101.4, Mejor=128.2
2025-10-19 18:25:40,830 - INFO - Iter 24899: Aceptada solución con delta=-10.1 (T=5.26)
2025-10-19 18:25:40,831 - INFO -   📊 Desglose del cambio:
2025-10-19 18:25:40,831 - INFO -      Puntos: -763 → 13581 total
2025-10-19 18:25:40,831 - INFO -      Tiempo: -619.2min → 11913.7min total
2025-10-19 18:25:40,831 - INFO -      Distancia: -3.3km → 152.1km total
2025-10-19 18:25:40,909 - DEBUG - Iter 24900: T=5.26, Fitness_actual=87.9, Mejor=128.2
2025-10-19 18:25:42,566 - INFO - Iter 24923: Aceptada solución con delta=-10.0 (T=5.26)
2025-10-19 18:25:42,566 - INFO -   📊 Desglose del cambio:
2025-10-19 18:25:42,567 - INFO -      Puntos: -332 → 13028 total
2025-10-19 18:25:42,567 - INFO -      Tiempo: +536.8min → 12681.6min total
2025-10-19 18:25:42,567 - INFO -      Distancia: +76.4km → 229.4km total
2025-10-19 18:25:48,217 - INFO -   Iter 25000 | Tiempo:   26.2min (21.8%) | T =     5.25 | Fitness =     78.9 | Mejor =    128.2 | Aceptación =  92.5%
2025-10-19 18:25:48,217 - INFO - Progreso iter 25000: T=5.25, Fitness=78.9, Mejor=128.2, Tasa_acept=92.5%
2025-10-19 18:25:48,218 - WARNING - ⚠️  DEGRADACIÓN DETECTADA en iter 25000:
2025-10-19 18:25:48,218 - WARNING -    Mejor fitness: 128.2
2025-10-19 18:25:48,218 - WARNING -    Fitness promedio reciente: 82.2
2025-10-19 18:25:48,218 - WARNING -    Degradación: 46.1
2025-10-19 18:25:48,219 - WARNING -    🔄 RESTAURANDO mejor solución...
2025-10-19 18:25:48,221 - DEBUG - Iter 25000: T=5.25, Fitness_actual=128.2, Mejor=128.2
2025-10-19 18:25:55,516 - DEBUG - Iter 25100: T=5.23, Fitness_actual=100.9, Mejor=128.2
2025-10-19 18:26:02,768 - DEBUG - Iter 25200: T=5.21, Fitness_actual=98.4, Mejor=128.2
2025-10-19 18:26:10,140 - WARNING - ⚠️  DEGRADACIÓN DETECTADA en iter 25300:
2025-10-19 18:26:10,141 - WARNING -    Mejor fitness: 128.2
2025-10-19 18:26:10,141 - WARNING -    Fitness promedio reciente: 85.9
2025-10-19 18:26:10,141 - WARNING -    Degradación: 42.4
2025-10-19 18:26:10,141 - WARNING -    🔄 RESTAURANDO mejor solución...
2025-10-19 18:26:10,142 - DEBUG - Iter 25300: T=5.20, Fitness_actual=128.2, Mejor=128.2
2025-10-19 18:26:10,364 - INFO - 🌟 MEJORA #116 en iter 25303: Fitness=129.4 (+1.1), Puntos=15581
2025-10-19 18:26:17,444 - DEBUG - Iter 25400: T=5.18, Fitness_actual=109.2, Mejor=129.4
2025-10-19 18:26:24,816 - INFO -   Iter 25500 | Tiempo:   26.8min (22.3%) | T =     5.17 | Fitness =    108.4 | Mejor =    129.4 | Aceptación =  92.4%
2025-10-19 18:26:24,817 - INFO - Progreso iter 25500: T=5.17, Fitness=108.4, Mejor=129.4, Tasa_acept=92.4%
2025-10-19 18:26:24,820 - DEBUG - Iter 25500: T=5.17, Fitness_actual=108.4, Mejor=129.4
2025-10-19 18:26:32,167 - WARNING - ⚠️  DEGRADACIÓN DETECTADA en iter 25600:
2025-10-19 18:26:32,167 - WARNING -    Mejor fitness: 129.4
2025-10-19 18:26:32,167 - WARNING -    Fitness promedio reciente: 99.1
2025-10-19 18:26:32,167 - WARNING -    Degradación: 30.2
2025-10-19 18:26:32,168 - WARNING -    🔄 RESTAURANDO mejor solución...
2025-10-19 18:26:32,169 - DEBUG - Iter 25600: T=5.15, Fitness_actual=129.4, Mejor=129.4
2025-10-19 18:26:39,472 - DEBUG - Iter 25700: T=5.14, Fitness_actual=105.5, Mejor=129.4
2025-10-19 18:26:46,788 - WARNING - ⚠️  DEGRADACIÓN DETECTADA en iter 25800:
2025-10-19 18:26:46,788 - WARNING -    Mejor fitness: 129.4
2025-10-19 18:26:46,788 - WARNING -    Fitness promedio reciente: 98.9
2025-10-19 18:26:46,788 - WARNING -    Degradación: 30.4
2025-10-19 18:26:46,788 - WARNING -    🔄 RESTAURANDO mejor solución...
2025-10-19 18:26:46,789 - DEBUG - Iter 25800: T=5.12, Fitness_actual=129.4, Mejor=129.4
2025-10-19 18:26:53,756 - INFO - Iter 25892: Aceptada solución con delta=+13.0 (T=5.11)
2025-10-19 18:26:53,757 - INFO -   📊 Desglose del cambio:
2025-10-19 18:26:53,757 - INFO -      Puntos: +0 → 14753 total
2025-10-19 18:26:53,757 - INFO -      Tiempo: -344.3min → 13057.4min total
2025-10-19 18:26:53,757 - INFO -      Distancia: +1.3km → 168.1km total
2025-10-19 18:26:54,429 - DEBUG - Iter 25900: T=5.11, Fitness_actual=110.1, Mejor=129.4
2025-10-19 18:27:02,562 - INFO -   Iter 26000 | Tiempo:   27.4min (22.8%) | T =     5.09 | Fitness =     96.4 | Mejor =    129.4 | Aceptación =  92.3%
2025-10-19 18:27:02,563 - INFO - Progreso iter 26000: T=5.09, Fitness=96.4, Mejor=129.4, Tasa_acept=92.3%
2025-10-19 18:27:02,567 - DEBUG - Iter 26000: T=5.09, Fitness_actual=96.4, Mejor=129.4
2025-10-19 18:27:10,773 - WARNING - ⚠️  DEGRADACIÓN DETECTADA en iter 26100:
2025-10-19 18:27:10,773 - WARNING -    Mejor fitness: 129.4
2025-10-19 18:27:10,773 - WARNING -    Fitness promedio reciente: 88.9
2025-10-19 18:27:10,774 - WARNING -    Degradación: 40.5
2025-10-19 18:27:10,774 - WARNING -    🔄 RESTAURANDO mejor solución...
2025-10-19 18:27:10,775 - DEBUG - Iter 26100: T=5.07, Fitness_actual=129.4, Mejor=129.4
2025-10-19 18:27:10,775 - INFO - 🌟 MEJORA #117 en iter 26100: Fitness=129.5 (+0.2), Puntos=15599
2025-10-19 18:27:18,873 - DEBUG - Iter 26200: T=5.06, Fitness_actual=103.8, Mejor=129.5
2025-10-19 18:27:26,998 - DEBUG - Iter 26300: T=5.04, Fitness_actual=88.9, Mejor=129.5
2025-10-19 18:27:35,294 - WARNING - ⚠️  DEGRADACIÓN DETECTADA en iter 26400:
2025-10-19 18:27:35,295 - WARNING -    Mejor fitness: 129.5
2025-10-19 18:27:35,295 - WARNING -    Fitness promedio reciente: 86.8
2025-10-19 18:27:35,295 - WARNING -    Degradación: 42.7
2025-10-19 18:27:35,295 - WARNING -    🔄 RESTAURANDO mejor solución...
2025-10-19 18:27:35,296 - DEBUG - Iter 26400: T=5.02, Fitness_actual=129.5, Mejor=129.5
2025-10-19 18:27:43,574 - INFO -   Iter 26500 | Tiempo:   28.1min (23.4%) | T =     5.00 | Fitness =    113.0 | Mejor =    129.5 | Aceptación =  92.3%
2025-10-19 18:27:43,575 - INFO - Progreso iter 26500: T=5.00, Fitness=113.0, Mejor=129.5, Tasa_acept=92.3%
2025-10-19 18:27:43,577 - DEBUG - Iter 26500: T=5.00, Fitness_actual=113.0, Mejor=129.5
2025-10-19 18:27:51,397 - INFO - Iter 26592: Aceptada solución con delta=-13.2 (T=4.99)
2025-10-19 18:27:51,397 - INFO -   📊 Desglose del cambio:
2025-10-19 18:27:51,398 - INFO -      Puntos: -274 → 14293 total
2025-10-19 18:27:51,398 - INFO -      Tiempo: +766.7min → 13919.7min total
2025-10-19 18:27:51,398 - INFO -      Distancia: -4.4km → 154.6km total
2025-10-19 18:27:52,069 - DEBUG - Iter 26600: T=4.99, Fitness_actual=92.8, Mejor=129.5
2025-10-19 18:28:00,082 - WARNING - ⚠️  DEGRADACIÓN DETECTADA en iter 26700:
2025-10-19 18:28:00,082 - WARNING -    Mejor fitness: 129.5
2025-10-19 18:28:00,082 - WARNING -    Fitness promedio reciente: 96.4
2025-10-19 18:28:00,082 - WARNING -    Degradación: 33.1
2025-10-19 18:28:00,083 - WARNING -    🔄 RESTAURANDO mejor solución...
2025-10-19 18:28:00,084 - DEBUG - Iter 26700: T=4.97, Fitness_actual=129.5, Mejor=129.5
2025-10-19 18:28:00,084 - INFO - 🌟 MEJORA #118 en iter 26700: Fitness=129.6 (+0.0), Puntos=15599
2025-10-19 18:28:00,164 - INFO - 🌟 MEJORA #119 en iter 26701: Fitness=129.6 (+0.0), Puntos=15599
2025-10-19 18:28:07,798 - DEBUG - Iter 26800: T=4.96, Fitness_actual=100.1, Mejor=129.6
2025-10-19 18:28:15,365 - DEBUG - Iter 26900: T=4.94, Fitness_actual=101.1, Mejor=129.6
2025-10-19 18:28:22,972 - INFO -   Iter 27000 | Tiempo:   28.8min (24.0%) | T =     4.92 | Fitness =     87.1 | Mejor =    129.6 | Aceptación =  92.2%
2025-10-19 18:28:22,973 - INFO - Progreso iter 27000: T=4.92, Fitness=87.1, Mejor=129.6, Tasa_acept=92.2%
2025-10-19 18:28:22,973 - WARNING - ⚠️  DEGRADACIÓN DETECTADA en iter 27000:
2025-10-19 18:28:22,973 - WARNING -    Mejor fitness: 129.6
2025-10-19 18:28:22,973 - WARNING -    Fitness promedio reciente: 96.8
2025-10-19 18:28:22,974 - WARNING -    Degradación: 32.7
2025-10-19 18:28:22,974 - WARNING -    🔄 RESTAURANDO mejor solución...
2025-10-19 18:28:22,976 - DEBUG - Iter 27000: T=4.92, Fitness_actual=129.6, Mejor=129.6
2025-10-19 18:28:30,461 - DEBUG - Iter 27100: T=4.91, Fitness_actual=99.7, Mejor=129.6
2025-10-19 18:28:38,036 - WARNING - ⚠️  DEGRADACIÓN DETECTADA en iter 27200:
2025-10-19 18:28:38,036 - WARNING -    Mejor fitness: 129.6
2025-10-19 18:28:38,036 - WARNING -    Fitness promedio reciente: 85.1
2025-10-19 18:28:38,037 - WARNING -    Degradación: 44.5
2025-10-19 18:28:38,037 - WARNING -    🔄 RESTAURANDO mejor solución...
2025-10-19 18:28:38,039 - DEBUG - Iter 27200: T=4.89, Fitness_actual=129.6, Mejor=129.6
2025-10-19 18:28:45,522 - DEBUG - Iter 27300: T=4.88, Fitness_actual=113.2, Mejor=129.6
2025-10-19 18:28:53,126 - DEBUG - Iter 27400: T=4.86, Fitness_actual=109.9, Mejor=129.6
2025-10-19 18:29:00,885 - INFO -   Iter 27500 | Tiempo:   29.4min (24.5%) | T =     4.85 | Fitness =    107.4 | Mejor =    129.6 | Aceptación =  92.1%
2025-10-19 18:29:00,886 - INFO - Progreso iter 27500: T=4.85, Fitness=107.4, Mejor=129.6, Tasa_acept=92.1%
2025-10-19 18:29:00,887 - DEBUG - Iter 27500: T=4.85, Fitness_actual=107.4, Mejor=129.6
2025-10-19 18:29:08,542 - WARNING - ⚠️  DEGRADACIÓN DETECTADA en iter 27600:
2025-10-19 18:29:08,542 - WARNING -    Mejor fitness: 129.6
2025-10-19 18:29:08,542 - WARNING -    Fitness promedio reciente: 98.6
2025-10-19 18:29:08,542 - WARNING -    Degradación: 30.9
2025-10-19 18:29:08,542 - WARNING -    🔄 RESTAURANDO mejor solución...
2025-10-19 18:29:08,545 - DEBUG - Iter 27600: T=4.83, Fitness_actual=129.6, Mejor=129.6
2025-10-19 18:29:16,378 - DEBUG - Iter 27700: T=4.82, Fitness_actual=104.2, Mejor=129.6
2025-10-19 18:29:24,301 - WARNING - ⚠️  DEGRADACIÓN DETECTADA en iter 27800:
2025-10-19 18:29:24,301 - WARNING -    Mejor fitness: 129.6
2025-10-19 18:29:24,301 - WARNING -    Fitness promedio reciente: 94.5
2025-10-19 18:29:24,302 - WARNING -    Degradación: 35.1
2025-10-19 18:29:24,302 - WARNING -    🔄 RESTAURANDO mejor solución...
2025-10-19 18:29:24,303 - DEBUG - Iter 27800: T=4.80, Fitness_actual=129.6, Mejor=129.6
2025-10-19 18:29:32,672 - DEBUG - Iter 27900: T=4.79, Fitness_actual=104.0, Mejor=129.6
2025-10-19 18:29:40,835 - INFO -   Iter 28000 | Tiempo:   30.1min (25.0%) | T =     4.77 | Fitness =    100.6 | Mejor =    129.6 | Aceptación =  92.0%
2025-10-19 18:29:40,836 - INFO - Progreso iter 28000: T=4.77, Fitness=100.6, Mejor=129.6, Tasa_acept=92.0%
2025-10-19 18:29:40,836 - WARNING - ⚠️  DEGRADACIÓN DETECTADA en iter 28000:
2025-10-19 18:29:40,836 - WARNING -    Mejor fitness: 129.6
2025-10-19 18:29:40,836 - WARNING -    Fitness promedio reciente: 98.7
2025-10-19 18:29:40,836 - WARNING -    Degradación: 30.9
2025-10-19 18:29:40,836 - WARNING -    🔄 RESTAURANDO mejor solución...
2025-10-19 18:29:40,840 - DEBUG - Iter 28000: T=4.77, Fitness_actual=129.6, Mejor=129.6
2025-10-19 18:29:44,521 - INFO - Iter 28043: Aceptada solución con delta=-10.3 (T=4.76)
2025-10-19 18:29:44,521 - INFO -   📊 Desglose del cambio:
2025-10-19 18:29:44,522 - INFO -      Puntos: -180 → 14771 total
2025-10-19 18:29:44,522 - INFO -      Tiempo: +1825.5min → 14370.9min total
2025-10-19 18:29:44,522 - INFO -      Distancia: -3.5km → 152.4km total
2025-10-19 18:29:49,314 - DEBUG - Iter 28100: T=4.75, Fitness_actual=108.6, Mejor=129.6
2025-10-19 18:29:57,448 - DEBUG - Iter 28200: T=4.74, Fitness_actual=108.1, Mejor=129.6
2025-10-19 18:30:05,163 - DEBUG - Iter 28300: T=4.72, Fitness_actual=97.0, Mejor=129.6
2025-10-19 18:30:13,028 - DEBUG - Iter 28400: T=4.71, Fitness_actual=99.2, Mejor=129.6
2025-10-19 18:30:20,945 - INFO -   Iter 28500 | Tiempo:   30.7min (25.6%) | T =     4.69 | Fitness =     87.4 | Mejor =    129.6 | Aceptación =  92.0%
2025-10-19 18:30:20,946 - INFO - Progreso iter 28500: T=4.69, Fitness=87.4, Mejor=129.6, Tasa_acept=92.0%
2025-10-19 18:30:20,946 - WARNING - ⚠️  DEGRADACIÓN DETECTADA en iter 28500:
2025-10-19 18:30:20,946 - WARNING -    Mejor fitness: 129.6
2025-10-19 18:30:20,946 - WARNING -    Fitness promedio reciente: 90.1
2025-10-19 18:30:20,947 - WARNING -    Degradación: 39.5
2025-10-19 18:30:20,947 - WARNING -    🔄 RESTAURANDO mejor solución...
2025-10-19 18:30:20,948 - DEBUG - Iter 28500: T=4.69, Fitness_actual=129.6, Mejor=129.6
2025-10-19 18:30:20,948 - INFO - 🌟 MEJORA #120 en iter 28500: Fitness=129.6 (+0.0), Puntos=15599
2025-10-19 18:30:20,948 - INFO -   ✨ Mejora #120 en iteración 28501: Fitness = 129.6 | Puntos = 15599 | T = 4.69
2025-10-19 18:30:28,672 - DEBUG - Iter 28600: T=4.68, Fitness_actual=101.8, Mejor=129.6
2025-10-19 18:30:29,884 - WARNING - ================================================================================
2025-10-19 18:30:29,884 - WARNING - ⚠️  SALTO ANORMAL DETECTADO en iteración 28615
2025-10-19 18:30:29,884 - WARNING -    Fitness actual: 98.6
2025-10-19 18:30:29,885 - WARNING -    Fitness vecino: 64.6
2025-10-19 18:30:29,885 - WARNING -    Delta: -33.9
2025-10-19 18:30:29,885 - WARNING -    Temperatura: 4.68
2025-10-19 18:30:29,885 - WARNING -    Tipo perturbación aplicada: (ver generar_vecino)
2025-10-19 18:30:29,885 - WARNING -    Vecino - Puntos: 14051, Tiempo: 14819.6min, Distancia: 284.0km
2025-10-19 18:30:29,885 - WARNING -    Actual - Puntos: 14050, Tiempo: 12797.3min, Distancia: 142.2km
2025-10-19 18:30:29,886 - WARNING -    Validez restricciones - Vecino: False, Actual: False
2025-10-19 18:30:29,886 - WARNING - ================================================================================
2025-10-19 18:30:29,886 - WARNING - ⚠️  SALTO ANORMAL DETECTADO en iteración 28615
2025-10-19 18:30:29,886 - WARNING -    Fitness: 98.6 → 64.6 (Δ=-33.9)
2025-10-19 18:30:29,886 - WARNING -    Ver detalles en archivo de log
2025-10-19 18:30:36,725 - DEBUG - Iter 28700: T=4.66, Fitness_actual=81.9, Mejor=129.6
2025-10-19 18:30:44,507 - WARNING - ⚠️  DEGRADACIÓN DETECTADA en iter 28800:
2025-10-19 18:30:44,507 - WARNING -    Mejor fitness: 129.6
2025-10-19 18:30:44,507 - WARNING -    Fitness promedio reciente: 78.5
2025-10-19 18:30:44,508 - WARNING -    Degradación: 51.1
2025-10-19 18:30:44,508 - WARNING -    🔄 RESTAURANDO mejor solución...
2025-10-19 18:30:44,509 - DEBUG - Iter 28800: T=4.65, Fitness_actual=129.6, Mejor=129.6
2025-10-19 18:30:52,356 - DEBUG - Iter 28900: T=4.63, Fitness_actual=103.1, Mejor=129.6
2025-10-19 18:31:00,216 - INFO -   Iter 29000 | Tiempo:   31.4min (26.1%) | T =     4.62 | Fitness =    100.7 | Mejor =    129.6 | Aceptación =  91.9%
2025-10-19 18:31:00,217 - INFO - Progreso iter 29000: T=4.62, Fitness=100.7, Mejor=129.6, Tasa_acept=91.9%
2025-10-19 18:31:00,217 - WARNING - ⚠️  DEGRADACIÓN DETECTADA en iter 29000:
2025-10-19 18:31:00,217 - WARNING -    Mejor fitness: 129.6
2025-10-19 18:31:00,217 - WARNING -    Fitness promedio reciente: 99.0
2025-10-19 18:31:00,217 - WARNING -    Degradación: 30.6
2025-10-19 18:31:00,218 - WARNING -    🔄 RESTAURANDO mejor solución...
2025-10-19 18:31:00,220 - DEBUG - Iter 29000: T=4.62, Fitness_actual=129.6, Mejor=129.6
2025-10-19 18:31:00,302 - INFO - 🌟 MEJORA #121 en iter 29001: Fitness=129.6 (+0.0), Puntos=15599
2025-10-19 18:31:08,248 - DEBUG - Iter 29100: T=4.60, Fitness_actual=107.6, Mejor=129.6
2025-10-19 18:31:16,287 - DEBUG - Iter 29200: T=4.59, Fitness_actual=94.2, Mejor=129.6
2025-10-19 18:31:24,203 - WARNING - ⚠️  DEGRADACIÓN DETECTADA en iter 29300:
2025-10-19 18:31:24,203 - WARNING -    Mejor fitness: 129.6
2025-10-19 18:31:24,203 - WARNING -    Fitness promedio reciente: 91.8
2025-10-19 18:31:24,204 - WARNING -    Degradación: 37.8
2025-10-19 18:31:24,204 - WARNING -    🔄 RESTAURANDO mejor solución...
2025-10-19 18:31:24,205 - DEBUG - Iter 29300: T=4.57, Fitness_actual=129.6, Mejor=129.6
2025-10-19 18:31:24,289 - INFO - 🌟 MEJORA #122 en iter 29301: Fitness=129.7 (+0.2), Puntos=15617
2025-10-19 18:31:32,240 - DEBUG - Iter 29400: T=4.56, Fitness_actual=118.5, Mejor=129.7
2025-10-19 18:31:40,305 - INFO -   Iter 29500 | Tiempo:   32.0min (26.7%) | T =     4.54 | Fitness =    106.8 | Mejor =    129.7 | Aceptación =  91.8%
2025-10-19 18:31:40,305 - INFO - Progreso iter 29500: T=4.54, Fitness=106.8, Mejor=129.7, Tasa_acept=91.8%
2025-10-19 18:31:40,308 - DEBUG - Iter 29500: T=4.54, Fitness_actual=106.8, Mejor=129.7
2025-10-19 18:31:48,311 - DEBUG - Iter 29600: T=4.53, Fitness_actual=100.8, Mejor=129.7
2025-10-19 18:31:56,397 - WARNING - ⚠️  DEGRADACIÓN DETECTADA en iter 29700:
2025-10-19 18:31:56,397 - WARNING -    Mejor fitness: 129.7
2025-10-19 18:31:56,398 - WARNING -    Fitness promedio reciente: 93.6
2025-10-19 18:31:56,398 - WARNING -    Degradación: 36.1
2025-10-19 18:31:56,398 - WARNING -    🔄 RESTAURANDO mejor solución...
2025-10-19 18:31:56,402 - DEBUG - Iter 29700: T=4.51, Fitness_actual=129.7, Mejor=129.7
2025-10-19 18:31:56,484 - INFO - 🌟 MEJORA #123 en iter 29701: Fitness=129.8 (+0.0), Puntos=15622
2025-10-19 18:32:04,372 - DEBUG - Iter 29800: T=4.50, Fitness_actual=113.2, Mejor=129.8
2025-10-19 18:32:12,388 - DEBUG - Iter 29900: T=4.48, Fitness_actual=105.1, Mejor=129.8
2025-10-19 18:32:20,427 - INFO -   Iter 30000 | Tiempo:   32.7min (27.3%) | T =     4.47 | Fitness =     93.6 | Mejor =    129.8 | Aceptación =  91.8%
2025-10-19 18:32:20,427 - INFO - Progreso iter 30000: T=4.47, Fitness=93.6, Mejor=129.8, Tasa_acept=91.8%
2025-10-19 18:32:20,427 - WARNING - ⚠️  DEGRADACIÓN DETECTADA en iter 30000:
2025-10-19 18:32:20,428 - WARNING -    Mejor fitness: 129.8
2025-10-19 18:32:20,428 - WARNING -    Fitness promedio reciente: 96.1
2025-10-19 18:32:20,428 - WARNING -    Degradación: 33.7
2025-10-19 18:32:20,429 - WARNING -    🔄 RESTAURANDO mejor solución...
2025-10-19 18:32:20,430 - DEBUG - Iter 30000: T=4.47, Fitness_actual=129.8, Mejor=129.8
2025-10-19 18:32:20,430 - INFO - 🌟 MEJORA #124 en iter 30000: Fitness=129.8 (+0.0), Puntos=15622
2025-10-19 18:32:28,392 - DEBUG - Iter 30100: T=4.46, Fitness_actual=118.4, Mejor=129.8
2025-10-19 18:32:36,368 - DEBUG - Iter 30200: T=4.44, Fitness_actual=99.6, Mejor=129.8
2025-10-19 18:32:44,338 - DEBUG - Iter 30300: T=4.43, Fitness_actual=107.0, Mejor=129.8
2025-10-19 18:32:52,334 - WARNING - ⚠️  DEGRADACIÓN DETECTADA en iter 30400:
2025-10-19 18:32:52,334 - WARNING -    Mejor fitness: 129.8
2025-10-19 18:32:52,334 - WARNING -    Fitness promedio reciente: 99.6
2025-10-19 18:32:52,334 - WARNING -    Degradación: 30.2
2025-10-19 18:32:52,335 - WARNING -    🔄 RESTAURANDO mejor solución...
2025-10-19 18:32:52,336 - DEBUG - Iter 30400: T=4.41, Fitness_actual=129.8, Mejor=129.8
2025-10-19 18:32:52,336 - INFO - 🌟 MEJORA #125 en iter 30400: Fitness=129.8 (+0.0), Puntos=15622
2025-10-19 18:32:52,337 - INFO -   ✨ Mejora #125 en iteración 30401: Fitness = 129.8 | Puntos = 15622 | T = 4.41
2025-10-19 18:33:00,484 - INFO -   Iter 30500 | Tiempo:   33.4min (27.8%) | T =     4.40 | Fitness =    105.3 | Mejor =    129.8 | Aceptación =  91.7%
2025-10-19 18:33:00,484 - INFO - Progreso iter 30500: T=4.40, Fitness=105.3, Mejor=129.8, Tasa_acept=91.7%
2025-10-19 18:33:00,490 - DEBUG - Iter 30500: T=4.40, Fitness_actual=105.3, Mejor=129.8
2025-10-19 18:33:08,653 - DEBUG - Iter 30600: T=4.38, Fitness_actual=104.9, Mejor=129.8
2025-10-19 18:33:16,715 - WARNING - ⚠️  DEGRADACIÓN DETECTADA en iter 30700:
2025-10-19 18:33:16,716 - WARNING -    Mejor fitness: 129.8
2025-10-19 18:33:16,716 - WARNING -    Fitness promedio reciente: 96.8
2025-10-19 18:33:16,716 - WARNING -    Degradación: 33.0
2025-10-19 18:33:16,716 - WARNING -    🔄 RESTAURANDO mejor solución...
2025-10-19 18:33:16,717 - DEBUG - Iter 30700: T=4.37, Fitness_actual=129.8, Mejor=129.8
2025-10-19 18:33:24,797 - DEBUG - Iter 30800: T=4.35, Fitness_actual=108.8, Mejor=129.8
2025-10-19 18:33:32,944 - DEBUG - Iter 30900: T=4.34, Fitness_actual=110.5, Mejor=129.8
2025-10-19 18:33:41,058 - INFO -   Iter 31000 | Tiempo:   34.1min (28.4%) | T =     4.33 | Fitness =     90.5 | Mejor =    129.8 | Aceptación =  91.7%
2025-10-19 18:33:41,058 - INFO - Progreso iter 31000: T=4.33, Fitness=90.5, Mejor=129.8, Tasa_acept=91.7%
2025-10-19 18:33:41,061 - DEBUG - Iter 31000: T=4.33, Fitness_actual=90.5, Mejor=129.8
2025-10-19 18:33:49,162 - WARNING - ⚠️  DEGRADACIÓN DETECTADA en iter 31100:
2025-10-19 18:33:49,163 - WARNING -    Mejor fitness: 129.8
2025-10-19 18:33:49,163 - WARNING -    Fitness promedio reciente: 90.0
2025-10-19 18:33:49,163 - WARNING -    Degradación: 39.8
2025-10-19 18:33:49,163 - WARNING -    🔄 RESTAURANDO mejor solución...
2025-10-19 18:33:49,164 - DEBUG - Iter 31100: T=4.31, Fitness_actual=129.8, Mejor=129.8
2025-10-19 18:33:49,815 - INFO - 🌟 MEJORA #126 en iter 31108: Fitness=129.8 (+0.1), Puntos=15628
2025-10-19 18:33:57,324 - DEBUG - Iter 31200: T=4.30, Fitness_actual=104.2, Mejor=129.8
2025-10-19 18:34:05,489 - DEBUG - Iter 31300: T=4.28, Fitness_actual=94.3, Mejor=129.8
2025-10-19 18:34:13,805 - WARNING - ⚠️  DEGRADACIÓN DETECTADA en iter 31400:
2025-10-19 18:34:13,805 - WARNING -    Mejor fitness: 129.8
2025-10-19 18:34:13,805 - WARNING -    Fitness promedio reciente: 95.0
2025-10-19 18:34:13,806 - WARNING -    Degradación: 34.8
2025-10-19 18:34:13,806 - WARNING -    🔄 RESTAURANDO mejor solución...
2025-10-19 18:34:13,807 - DEBUG - Iter 31400: T=4.27, Fitness_actual=129.8, Mejor=129.8
2025-10-19 18:34:13,807 - INFO - 🌟 MEJORA #127 en iter 31400: Fitness=129.8 (+0.0), Puntos=15628
2025-10-19 18:34:22,026 - INFO -   Iter 31500 | Tiempo:   34.7min (28.9%) | T =     4.25 | Fitness =    106.7 | Mejor =    129.8 | Aceptación =  91.6%
2025-10-19 18:34:22,027 - INFO - Progreso iter 31500: T=4.25, Fitness=106.7, Mejor=129.8, Tasa_acept=91.6%
2025-10-19 18:34:22,029 - DEBUG - Iter 31500: T=4.25, Fitness_actual=106.7, Mejor=129.8
2025-10-19 18:34:30,268 - DEBUG - Iter 31600: T=4.24, Fitness_actual=116.4, Mejor=129.8
2025-10-19 18:34:38,553 - WARNING - ⚠️  DEGRADACIÓN DETECTADA en iter 31700:
2025-10-19 18:34:38,553 - WARNING -    Mejor fitness: 129.8
2025-10-19 18:34:38,554 - WARNING -    Fitness promedio reciente: 98.1
2025-10-19 18:34:38,554 - WARNING -    Degradación: 31.7
2025-10-19 18:34:38,554 - WARNING -    🔄 RESTAURANDO mejor solución...
2025-10-19 18:34:38,556 - DEBUG - Iter 31700: T=4.23, Fitness_actual=129.8, Mejor=129.8
2025-10-19 18:34:38,642 - INFO - 🌟 MEJORA #128 en iter 31701: Fitness=129.8 (+0.0), Puntos=15628
2025-10-19 18:34:46,768 - DEBUG - Iter 31800: T=4.21, Fitness_actual=97.8, Mejor=129.8
2025-10-19 18:34:55,543 - DEBUG - Iter 31900: T=4.20, Fitness_actual=86.8, Mejor=129.8
2025-10-19 18:35:03,884 - INFO -   Iter 32000 | Tiempo:   35.4min (29.5%) | T =     4.18 | Fitness =     74.8 | Mejor =    129.8 | Aceptación =  91.5%
2025-10-19 18:35:03,884 - INFO - Progreso iter 32000: T=4.18, Fitness=74.8, Mejor=129.8, Tasa_acept=91.5%
2025-10-19 18:35:03,884 - WARNING - ⚠️  DEGRADACIÓN DETECTADA en iter 32000:
2025-10-19 18:35:03,885 - WARNING -    Mejor fitness: 129.8
2025-10-19 18:35:03,885 - WARNING -    Fitness promedio reciente: 83.8
2025-10-19 18:35:03,885 - WARNING -    Degradación: 46.1
2025-10-19 18:35:03,885 - WARNING -    🔄 RESTAURANDO mejor solución...
2025-10-19 18:35:03,887 - DEBUG - Iter 32000: T=4.18, Fitness_actual=129.8, Mejor=129.8
2025-10-19 18:35:12,152 - DEBUG - Iter 32100: T=4.17, Fitness_actual=104.0, Mejor=129.8
2025-10-19 18:35:20,427 - DEBUG - Iter 32200: T=4.15, Fitness_actual=104.0, Mejor=129.8
2025-10-19 18:35:28,705 - DEBUG - Iter 32300: T=4.14, Fitness_actual=105.6, Mejor=129.8
2025-10-19 18:35:37,044 - WARNING - ⚠️  DEGRADACIÓN DETECTADA en iter 32400:
2025-10-19 18:35:37,044 - WARNING -    Mejor fitness: 129.8
2025-10-19 18:35:37,044 - WARNING -    Fitness promedio reciente: 97.6
2025-10-19 18:35:37,045 - WARNING -    Degradación: 32.3
2025-10-19 18:35:37,045 - WARNING -    🔄 RESTAURANDO mejor solución...
2025-10-19 18:35:37,046 - DEBUG - Iter 32400: T=4.13, Fitness_actual=129.8, Mejor=129.8
2025-10-19 18:35:37,788 - INFO - --- Cambiando a Fase: Intermedia (Balance) (Progreso: 30.0%) ---
2025-10-19 18:35:45,326 - INFO -   Iter 32500 | Tiempo:   36.1min (30.1%) | T =     4.11 | Fitness =    116.6 | Mejor =    129.8 | Aceptación =  91.4%
2025-10-19 18:35:45,326 - INFO - Progreso iter 32500: T=4.11, Fitness=116.6, Mejor=129.8, Tasa_acept=91.4%
2025-10-19 18:35:45,328 - DEBUG - Iter 32500: T=4.11, Fitness_actual=116.6, Mejor=129.8
2025-10-19 18:35:53,785 - DEBUG - Iter 32600: T=4.10, Fitness_actual=103.2, Mejor=129.8
2025-10-19 18:36:02,152 - DEBUG - Iter 32700: T=4.08, Fitness_actual=104.1, Mejor=129.8
2025-10-19 18:36:10,557 - DEBUG - Iter 32800: T=4.07, Fitness_actual=96.9, Mejor=129.8
2025-10-19 18:36:18,806 - WARNING - ⚠️  DEGRADACIÓN DETECTADA en iter 32900:
2025-10-19 18:36:18,806 - WARNING -    Mejor fitness: 129.8
2025-10-19 18:36:18,806 - WARNING -    Fitness promedio reciente: 97.4
2025-10-19 18:36:18,806 - WARNING -    Degradación: 32.5
2025-10-19 18:36:18,807 - WARNING -    🔄 RESTAURANDO mejor solución...
2025-10-19 18:36:18,808 - DEBUG - Iter 32900: T=4.06, Fitness_actual=129.8, Mejor=129.8
2025-10-19 18:36:18,895 - INFO - 🌟 MEJORA #129 en iter 32901: Fitness=129.8 (+0.0), Puntos=15628
2025-10-19 18:36:27,170 - INFO -   Iter 33000 | Tiempo:   36.8min (30.7%) | T =     4.04 | Fitness =    107.4 | Mejor =    129.8 | Aceptación =  91.5%
2025-10-19 18:36:27,171 - INFO - Progreso iter 33000: T=4.04, Fitness=107.4, Mejor=129.8, Tasa_acept=91.5%
2025-10-19 18:36:27,173 - DEBUG - Iter 33000: T=4.04, Fitness_actual=107.4, Mejor=129.8
2025-10-19 18:36:35,537 - DEBUG - Iter 33100: T=4.03, Fitness_actual=107.9, Mejor=129.8
2025-10-19 18:36:44,040 - DEBUG - Iter 33200: T=4.02, Fitness_actual=95.6, Mejor=129.8
2025-10-19 18:36:52,596 - WARNING - ⚠️  DEGRADACIÓN DETECTADA en iter 33300:
2025-10-19 18:36:52,596 - WARNING -    Mejor fitness: 129.8
2025-10-19 18:36:52,596 - WARNING -    Fitness promedio reciente: 89.9
2025-10-19 18:36:52,597 - WARNING -    Degradación: 39.9
2025-10-19 18:36:52,597 - WARNING -    🔄 RESTAURANDO mejor solución...
2025-10-19 18:36:52,598 - DEBUG - Iter 33300: T=4.00, Fitness_actual=129.8, Mejor=129.8
2025-10-19 18:37:01,271 - DEBUG - Iter 33400: T=3.99, Fitness_actual=116.6, Mejor=129.8
2025-10-19 18:37:10,273 - INFO -   Iter 33500 | Tiempo:   37.5min (31.3%) | T =     3.97 | Fitness =    100.3 | Mejor =    129.8 | Aceptación =  91.5%
2025-10-19 18:37:10,273 - INFO - Progreso iter 33500: T=3.97, Fitness=100.3, Mejor=129.8, Tasa_acept=91.5%
2025-10-19 18:37:10,275 - DEBUG - Iter 33500: T=3.97, Fitness_actual=100.3, Mejor=129.8
2025-10-19 18:37:19,691 - WARNING - ⚠️  DEGRADACIÓN DETECTADA en iter 33600:
2025-10-19 18:37:19,691 - WARNING -    Mejor fitness: 129.8
2025-10-19 18:37:19,691 - WARNING -    Fitness promedio reciente: 90.4
2025-10-19 18:37:19,691 - WARNING -    Degradación: 39.4
2025-10-19 18:37:19,692 - WARNING -    🔄 RESTAURANDO mejor solución...
2025-10-19 18:37:19,693 - DEBUG - Iter 33600: T=3.96, Fitness_actual=129.8, Mejor=129.8
2025-10-19 18:37:29,066 - DEBUG - Iter 33700: T=3.94, Fitness_actual=108.8, Mejor=129.8
2025-10-19 18:37:38,515 - WARNING - ⚠️  DEGRADACIÓN DETECTADA en iter 33800:
2025-10-19 18:37:38,515 - WARNING -    Mejor fitness: 129.8
2025-10-19 18:37:38,515 - WARNING -    Fitness promedio reciente: 99.3
2025-10-19 18:37:38,515 - WARNING -    Degradación: 30.5
2025-10-19 18:37:38,515 - WARNING -    🔄 RESTAURANDO mejor solución...
2025-10-19 18:37:38,517 - DEBUG - Iter 33800: T=3.93, Fitness_actual=129.8, Mejor=129.8
2025-10-19 18:37:48,241 - DEBUG - Iter 33900: T=3.91, Fitness_actual=109.8, Mejor=129.8
2025-10-19 18:37:48,528 - INFO - Iter 33903: Aceptada solución con delta=-10.9 (T=3.91)
2025-10-19 18:37:48,528 - INFO -   📊 Desglose del cambio:
2025-10-19 18:37:48,528 - INFO -      Puntos: -794 → 14425 total
2025-10-19 18:37:48,528 - INFO -      Tiempo: -506.9min → 12628.2min total
2025-10-19 18:37:48,529 - INFO -      Distancia: -9.3km → 147.4km total
2025-10-19 18:37:57,755 - INFO -   Iter 34000 | Tiempo:   38.3min (31.9%) | T =     3.90 | Fitness =    104.3 | Mejor =    129.8 | Aceptación =  91.5%
2025-10-19 18:37:57,756 - INFO - Progreso iter 34000: T=3.90, Fitness=104.3, Mejor=129.8, Tasa_acept=91.5%
2025-10-19 18:37:57,759 - DEBUG - Iter 34000: T=3.90, Fitness_actual=104.3, Mejor=129.8
2025-10-19 18:38:06,619 - WARNING - ⚠️  DEGRADACIÓN DETECTADA en iter 34100:
2025-10-19 18:38:06,619 - WARNING -    Mejor fitness: 129.8
2025-10-19 18:38:06,620 - WARNING -    Fitness promedio reciente: 99.2
2025-10-19 18:38:06,620 - WARNING -    Degradación: 30.7
2025-10-19 18:38:06,620 - WARNING -    🔄 RESTAURANDO mejor solución...
2025-10-19 18:38:06,622 - DEBUG - Iter 34100: T=3.88, Fitness_actual=129.8, Mejor=129.8
2025-10-19 18:38:06,727 - INFO - 🌟 MEJORA #130 en iter 34101: Fitness=129.9 (+0.0), Puntos=15632
2025-10-19 18:38:06,727 - INFO -   ✨ Mejora #130 en iteración 34102: Fitness = 129.9 | Puntos = 15632 | T = 3.88
2025-10-19 18:38:15,336 - DEBUG - Iter 34200: T=3.87, Fitness_actual=114.5, Mejor=129.9
2025-10-19 18:38:24,042 - DEBUG - Iter 34300: T=3.86, Fitness_actual=100.1, Mejor=129.9
2025-10-19 18:38:32,891 - WARNING - ⚠️  DEGRADACIÓN DETECTADA en iter 34400:
2025-10-19 18:38:32,891 - WARNING -    Mejor fitness: 129.9
2025-10-19 18:38:32,891 - WARNING -    Fitness promedio reciente: 98.6
2025-10-19 18:38:32,891 - WARNING -    Degradación: 31.3
2025-10-19 18:38:32,892 - WARNING -    🔄 RESTAURANDO mejor solución...
2025-10-19 18:38:32,893 - DEBUG - Iter 34400: T=3.84, Fitness_actual=129.9, Mejor=129.9
2025-10-19 18:38:41,436 - INFO -   Iter 34500 | Tiempo:   39.1min (32.6%) | T =     3.83 | Fitness =    117.6 | Mejor =    129.9 | Aceptación =  91.5%
2025-10-19 18:38:41,437 - INFO - Progreso iter 34500: T=3.83, Fitness=117.6, Mejor=129.9, Tasa_acept=91.5%
2025-10-19 18:38:41,438 - DEBUG - Iter 34500: T=3.83, Fitness_actual=117.6, Mejor=129.9
2025-10-19 18:38:50,158 - DEBUG - Iter 34600: T=3.82, Fitness_actual=111.2, Mejor=129.9
2025-10-19 18:38:58,907 - DEBUG - Iter 34700: T=3.80, Fitness_actual=98.9, Mejor=129.9
2025-10-19 18:39:07,751 - WARNING - ⚠️  DEGRADACIÓN DETECTADA en iter 34800:
2025-10-19 18:39:07,751 - WARNING -    Mejor fitness: 129.9
2025-10-19 18:39:07,751 - WARNING -    Fitness promedio reciente: 96.0
2025-10-19 18:39:07,752 - WARNING -    Degradación: 33.9
2025-10-19 18:39:07,752 - WARNING -    🔄 RESTAURANDO mejor solución...
2025-10-19 18:39:07,753 - DEBUG - Iter 34800: T=3.79, Fitness_actual=129.9, Mejor=129.9
2025-10-19 18:39:07,842 - INFO - 🌟 MEJORA #131 en iter 34801: Fitness=129.9 (+0.0), Puntos=15632
2025-10-19 18:39:07,932 - INFO - 🌟 MEJORA #132 en iter 34802: Fitness=130.2 (+0.3), Puntos=15662
2025-10-19 18:39:16,552 - DEBUG - Iter 34900: T=3.77, Fitness_actual=111.3, Mejor=130.2
2025-10-19 18:39:25,459 - INFO -   Iter 35000 | Tiempo:   39.8min (33.2%) | T =     3.76 | Fitness =    105.2 | Mejor =    130.2 | Aceptación =  91.5%
2025-10-19 18:39:25,459 - INFO - Progreso iter 35000: T=3.76, Fitness=105.2, Mejor=130.2, Tasa_acept=91.5%
2025-10-19 18:39:25,461 - DEBUG - Iter 35000: T=3.76, Fitness_actual=105.2, Mejor=130.2
2025-10-19 18:39:34,380 - WARNING - ⚠️  DEGRADACIÓN DETECTADA en iter 35100:
2025-10-19 18:39:34,380 - WARNING -    Mejor fitness: 130.2
2025-10-19 18:39:34,380 - WARNING -    Fitness promedio reciente: 99.3
2025-10-19 18:39:34,381 - WARNING -    Degradación: 30.8
2025-10-19 18:39:34,381 - WARNING -    🔄 RESTAURANDO mejor solución...
2025-10-19 18:39:34,383 - DEBUG - Iter 35100: T=3.75, Fitness_actual=130.2, Mejor=130.2
2025-10-19 18:39:43,859 - DEBUG - Iter 35200: T=3.73, Fitness_actual=126.4, Mejor=130.2
2025-10-19 18:39:53,203 - DEBUG - Iter 35300: T=3.72, Fitness_actual=109.5, Mejor=130.2
2025-10-19 18:40:02,231 - DEBUG - Iter 35400: T=3.71, Fitness_actual=92.2, Mejor=130.2
2025-10-19 18:40:11,149 - INFO -   Iter 35500 | Tiempo:   40.6min (33.8%) | T =     3.69 | Fitness =     87.2 | Mejor =    130.2 | Aceptación =  91.5%
2025-10-19 18:40:11,149 - INFO - Progreso iter 35500: T=3.69, Fitness=87.2, Mejor=130.2, Tasa_acept=91.5%
2025-10-19 18:40:11,149 - WARNING - ⚠️  DEGRADACIÓN DETECTADA en iter 35500:
2025-10-19 18:40:11,150 - WARNING -    Mejor fitness: 130.2
2025-10-19 18:40:11,150 - WARNING -    Fitness promedio reciente: 93.2
2025-10-19 18:40:11,150 - WARNING -    Degradación: 37.0
2025-10-19 18:40:11,150 - WARNING -    🔄 RESTAURANDO mejor solución...
2025-10-19 18:40:11,151 - DEBUG - Iter 35500: T=3.69, Fitness_actual=130.2, Mejor=130.2
2025-10-19 18:40:20,014 - DEBUG - Iter 35600: T=3.68, Fitness_actual=124.5, Mejor=130.2
2025-10-19 18:40:28,937 - DEBUG - Iter 35700: T=3.67, Fitness_actual=108.6, Mejor=130.2
2025-10-19 18:40:37,865 - DEBUG - Iter 35800: T=3.65, Fitness_actual=105.4, Mejor=130.2
2025-10-19 18:40:47,223 - DEBUG - Iter 35900: T=3.64, Fitness_actual=101.9, Mejor=130.2
2025-10-19 18:40:56,957 - INFO -   Iter 36000 | Tiempo:   41.3min (34.4%) | T =     3.62 | Fitness =     78.9 | Mejor =    130.2 | Aceptación =  91.5%
2025-10-19 18:40:56,957 - INFO - Progreso iter 36000: T=3.62, Fitness=78.9, Mejor=130.2, Tasa_acept=91.5%
2025-10-19 18:40:56,957 - WARNING - ⚠️  DEGRADACIÓN DETECTADA en iter 36000:
2025-10-19 18:40:56,958 - WARNING -    Mejor fitness: 130.2
2025-10-19 18:40:56,958 - WARNING -    Fitness promedio reciente: 89.3
2025-10-19 18:40:56,958 - WARNING -    Degradación: 40.9
2025-10-19 18:40:56,958 - WARNING -    🔄 RESTAURANDO mejor solución...
2025-10-19 18:40:56,960 - DEBUG - Iter 36000: T=3.62, Fitness_actual=130.2, Mejor=130.2
2025-10-19 18:40:56,961 - INFO - 🌟 MEJORA #133 en iter 36000: Fitness=130.2 (+0.0), Puntos=15662
2025-10-19 18:40:57,060 - INFO - 🌟 MEJORA #134 en iter 36001: Fitness=130.2 (+0.0), Puntos=15662
2025-10-19 18:41:05,904 - DEBUG - Iter 36100: T=3.61, Fitness_actual=124.9, Mejor=130.2
2025-10-19 18:41:15,152 - DEBUG - Iter 36200: T=3.60, Fitness_actual=112.0, Mejor=130.2
2025-10-19 18:41:24,084 - DEBUG - Iter 36300: T=3.58, Fitness_actual=109.1, Mejor=130.2
2025-10-19 18:41:33,167 - DEBUG - Iter 36400: T=3.57, Fitness_actual=109.9, Mejor=130.2
2025-10-19 18:41:42,172 - INFO -   Iter 36500 | Tiempo:   42.1min (35.1%) | T =     3.56 | Fitness =    107.0 | Mejor =    130.2 | Aceptación =  91.5%
2025-10-19 18:41:42,173 - INFO - Progreso iter 36500: T=3.56, Fitness=107.0, Mejor=130.2, Tasa_acept=91.5%
2025-10-19 18:41:42,175 - DEBUG - Iter 36500: T=3.56, Fitness_actual=107.0, Mejor=130.2
2025-10-19 18:41:51,219 - DEBUG - Iter 36600: T=3.55, Fitness_actual=100.3, Mejor=130.2
2025-10-19 18:42:00,246 - WARNING - ⚠️  DEGRADACIÓN DETECTADA en iter 36700:
2025-10-19 18:42:00,247 - WARNING -    Mejor fitness: 130.2
2025-10-19 18:42:00,247 - WARNING -    Fitness promedio reciente: 100.0
2025-10-19 18:42:00,247 - WARNING -    Degradación: 30.2
2025-10-19 18:42:00,247 - WARNING -    🔄 RESTAURANDO mejor solución...
2025-10-19 18:42:00,249 - DEBUG - Iter 36700: T=3.53, Fitness_actual=130.2, Mejor=130.2
2025-10-19 18:42:00,249 - INFO - 🌟 MEJORA #135 en iter 36700: Fitness=130.2 (+0.0), Puntos=15662
2025-10-19 18:42:00,249 - INFO -   ✨ Mejora #135 en iteración 36701: Fitness = 130.2 | Puntos = 15662 | T = 3.53
2025-10-19 18:42:00,343 - INFO - 🌟 MEJORA #136 en iter 36701: Fitness=130.2 (+0.0), Puntos=15662
2025-10-19 18:42:00,437 - INFO - 🌟 MEJORA #137 en iter 36702: Fitness=130.2 (+0.0), Puntos=15662
2025-10-19 18:42:01,063 - INFO - 🌟 MEJORA #138 en iter 36709: Fitness=130.2 (+0.0), Puntos=15664
2025-10-19 18:42:01,153 - INFO - 🌟 MEJORA #139 en iter 36710: Fitness=130.3 (+0.1), Puntos=15671
2025-10-19 18:42:09,256 - DEBUG - Iter 36800: T=3.52, Fitness_actual=111.1, Mejor=130.3
2025-10-19 18:42:18,561 - DEBUG - Iter 36900: T=3.51, Fitness_actual=115.0, Mejor=130.3
2025-10-19 18:42:27,571 - INFO -   Iter 37000 | Tiempo:   42.8min (35.7%) | T =     3.49 | Fitness =     96.9 | Mejor =    130.3 | Aceptación =  91.5%
2025-10-19 18:42:27,571 - INFO - Progreso iter 37000: T=3.49, Fitness=96.9, Mejor=130.3, Tasa_acept=91.5%
2025-10-19 18:42:27,573 - DEBUG - Iter 37000: T=3.49, Fitness_actual=96.9, Mejor=130.3
2025-10-19 18:42:36,621 - WARNING - ⚠️  DEGRADACIÓN DETECTADA en iter 37100:
2025-10-19 18:42:36,622 - WARNING -    Mejor fitness: 130.3
2025-10-19 18:42:36,622 - WARNING -    Fitness promedio reciente: 97.9
2025-10-19 18:42:36,622 - WARNING -    Degradación: 32.4
2025-10-19 18:42:36,622 - WARNING -    🔄 RESTAURANDO mejor solución...
2025-10-19 18:42:36,623 - DEBUG - Iter 37100: T=3.48, Fitness_actual=130.3, Mejor=130.3
2025-10-19 18:42:45,665 - DEBUG - Iter 37200: T=3.47, Fitness_actual=117.1, Mejor=130.3
2025-10-19 18:42:54,782 - DEBUG - Iter 37300: T=3.46, Fitness_actual=101.3, Mejor=130.3
2025-10-19 18:43:03,752 - WARNING - ⚠️  DEGRADACIÓN DETECTADA en iter 37400:
2025-10-19 18:43:03,752 - WARNING -    Mejor fitness: 130.3
2025-10-19 18:43:03,753 - WARNING -    Fitness promedio reciente: 92.4
2025-10-19 18:43:03,753 - WARNING -    Degradación: 37.9
2025-10-19 18:43:03,753 - WARNING -    🔄 RESTAURANDO mejor solución...
2025-10-19 18:43:03,754 - DEBUG - Iter 37400: T=3.44, Fitness_actual=130.3, Mejor=130.3
2025-10-19 18:43:03,754 - INFO - 🌟 MEJORA #140 en iter 37400: Fitness=130.3 (+0.0), Puntos=15671
2025-10-19 18:43:03,755 - INFO -   ✨ Mejora #140 en iteración 37401: Fitness = 130.3 | Puntos = 15671 | T = 3.44
2025-10-19 18:43:03,847 - INFO - 🌟 MEJORA #141 en iter 37401: Fitness=130.3 (+0.0), Puntos=15671
2025-10-19 18:43:03,940 - INFO - 🌟 MEJORA #142 en iter 37402: Fitness=130.3 (+0.0), Puntos=15671
2025-10-19 18:43:04,120 - INFO - 🌟 MEJORA #143 en iter 37404: Fitness=130.4 (+0.1), Puntos=15681
2025-10-19 18:43:12,828 - INFO -   Iter 37500 | Tiempo:   43.6min (36.3%) | T =     3.43 | Fitness =    121.4 | Mejor =    130.4 | Aceptación =  91.5%
2025-10-19 18:43:12,828 - INFO - Progreso iter 37500: T=3.43, Fitness=121.4, Mejor=130.4, Tasa_acept=91.5%
2025-10-19 18:43:12,829 - DEBUG - Iter 37500: T=3.43, Fitness_actual=121.4, Mejor=130.4
2025-10-19 18:43:21,763 - DEBUG - Iter 37600: T=3.42, Fitness_actual=117.5, Mejor=130.4
2025-10-19 18:43:31,128 - DEBUG - Iter 37700: T=3.40, Fitness_actual=124.4, Mejor=130.4
2025-10-19 18:43:40,522 - DEBUG - Iter 37800: T=3.39, Fitness_actual=116.9, Mejor=130.4
2025-10-19 18:43:49,789 - DEBUG - Iter 37900: T=3.38, Fitness_actual=103.8, Mejor=130.4
2025-10-19 18:43:58,867 - INFO -   Iter 38000 | Tiempo:   44.4min (37.0%) | T =     3.37 | Fitness =    107.0 | Mejor =    130.4 | Aceptación =  91.5%
2025-10-19 18:43:58,867 - INFO - Progreso iter 38000: T=3.37, Fitness=107.0, Mejor=130.4, Tasa_acept=91.5%
2025-10-19 18:43:58,868 - DEBUG - Iter 38000: T=3.37, Fitness_actual=107.0, Mejor=130.4
2025-10-19 18:44:07,974 - DEBUG - Iter 38100: T=3.35, Fitness_actual=99.3, Mejor=130.4
2025-10-19 18:44:17,219 - DEBUG - Iter 38200: T=3.34, Fitness_actual=99.4, Mejor=130.4
2025-10-19 18:44:26,513 - DEBUG - Iter 38300: T=3.33, Fitness_actual=105.4, Mejor=130.4
2025-10-19 18:44:35,891 - DEBUG - Iter 38400: T=3.32, Fitness_actual=102.0, Mejor=130.4
2025-10-19 18:44:45,056 - INFO -   Iter 38500 | Tiempo:   45.1min (37.6%) | T =     3.30 | Fitness =     86.7 | Mejor =    130.4 | Aceptación =  91.5%
2025-10-19 18:44:45,057 - INFO - Progreso iter 38500: T=3.30, Fitness=86.7, Mejor=130.4, Tasa_acept=91.5%
2025-10-19 18:44:45,057 - WARNING - ⚠️  DEGRADACIÓN DETECTADA en iter 38500:
2025-10-19 18:44:45,057 - WARNING -    Mejor fitness: 130.4
2025-10-19 18:44:45,057 - WARNING -    Fitness promedio reciente: 92.6
2025-10-19 18:44:45,057 - WARNING -    Degradación: 37.8
2025-10-19 18:44:45,058 - WARNING -    🔄 RESTAURANDO mejor solución...
2025-10-19 18:44:45,059 - DEBUG - Iter 38500: T=3.30, Fitness_actual=130.4, Mejor=130.4
2025-10-19 18:44:54,333 - DEBUG - Iter 38600: T=3.29, Fitness_actual=117.1, Mejor=130.4
2025-10-19 18:45:03,512 - DEBUG - Iter 38700: T=3.28, Fitness_actual=113.1, Mejor=130.4
2025-10-19 18:45:12,692 - DEBUG - Iter 38800: T=3.27, Fitness_actual=93.4, Mejor=130.4
2025-10-19 18:45:21,887 - WARNING - ⚠️  DEGRADACIÓN DETECTADA en iter 38900:
2025-10-19 18:45:21,887 - WARNING -    Mejor fitness: 130.4
2025-10-19 18:45:21,888 - WARNING -    Fitness promedio reciente: 95.1
2025-10-19 18:45:21,888 - WARNING -    Degradación: 35.2
2025-10-19 18:45:21,888 - WARNING -    🔄 RESTAURANDO mejor solución...
2025-10-19 18:45:21,889 - DEBUG - Iter 38900: T=3.26, Fitness_actual=130.4, Mejor=130.4
2025-10-19 18:45:23,464 - INFO - 🌟 MEJORA #144 en iter 38917: Fitness=130.5 (+0.1), Puntos=15697
2025-10-19 18:45:31,107 - INFO -   Iter 39000 | Tiempo:   45.9min (38.2%) | T =     3.24 | Fitness =    123.2 | Mejor =    130.5 | Aceptación =  91.5%
2025-10-19 18:45:31,107 - INFO - Progreso iter 39000: T=3.24, Fitness=123.2, Mejor=130.5, Tasa_acept=91.5%
2025-10-19 18:45:31,110 - DEBUG - Iter 39000: T=3.24, Fitness_actual=123.2, Mejor=130.5
2025-10-19 18:45:40,562 - DEBUG - Iter 39100: T=3.23, Fitness_actual=112.2, Mejor=130.5
2025-10-19 18:45:50,256 - DEBUG - Iter 39200: T=3.22, Fitness_actual=112.4, Mejor=130.5
2025-10-19 18:45:59,919 - DEBUG - Iter 39300: T=3.21, Fitness_actual=106.4, Mejor=130.5
2025-10-19 18:46:09,554 - DEBUG - Iter 39400: T=3.19, Fitness_actual=108.1, Mejor=130.5
2025-10-19 18:46:19,008 - INFO -   Iter 39500 | Tiempo:   46.7min (38.9%) | T =     3.18 | Fitness =     89.5 | Mejor =    130.5 | Aceptación =  91.4%
2025-10-19 18:46:19,009 - INFO - Progreso iter 39500: T=3.18, Fitness=89.5, Mejor=130.5, Tasa_acept=91.4%
2025-10-19 18:46:19,010 - DEBUG - Iter 39500: T=3.18, Fitness_actual=89.5, Mejor=130.5
2025-10-19 18:46:28,943 - WARNING - ⚠️  DEGRADACIÓN DETECTADA en iter 39600:
2025-10-19 18:46:28,943 - WARNING -    Mejor fitness: 130.5
2025-10-19 18:46:28,943 - WARNING -    Fitness promedio reciente: 89.6
2025-10-19 18:46:28,944 - WARNING -    Degradación: 40.9
2025-10-19 18:46:28,944 - WARNING -    🔄 RESTAURANDO mejor solución...
2025-10-19 18:46:28,945 - DEBUG - Iter 39600: T=3.17, Fitness_actual=130.5, Mejor=130.5
2025-10-19 18:46:39,349 - DEBUG - Iter 39700: T=3.16, Fitness_actual=112.5, Mejor=130.5
2025-10-19 18:46:49,944 - DEBUG - Iter 39800: T=3.14, Fitness_actual=101.9, Mejor=130.5
2025-10-19 18:47:00,425 - DEBUG - Iter 39900: T=3.13, Fitness_actual=95.9, Mejor=130.5
2025-10-19 18:47:10,288 - INFO -   Iter 40000 | Tiempo:   47.5min (39.6%) | T =     3.12 | Fitness =     93.4 | Mejor =    130.5 | Aceptación =  91.4%
2025-10-19 18:47:10,289 - INFO - Progreso iter 40000: T=3.12, Fitness=93.4, Mejor=130.5, Tasa_acept=91.4%
2025-10-19 18:47:10,289 - WARNING - ⚠️  DEGRADACIÓN DETECTADA en iter 40000:
2025-10-19 18:47:10,289 - WARNING -    Mejor fitness: 130.5
2025-10-19 18:47:10,289 - WARNING -    Fitness promedio reciente: 94.1
2025-10-19 18:47:10,290 - WARNING -    Degradación: 36.4
2025-10-19 18:47:10,290 - WARNING -    🔄 RESTAURANDO mejor solución...
2025-10-19 18:47:10,291 - DEBUG - Iter 40000: T=3.12, Fitness_actual=130.5, Mejor=130.5
2025-10-19 18:47:19,969 - DEBUG - Iter 40100: T=3.10, Fitness_actual=118.2, Mejor=130.5
2025-10-19 18:47:29,905 - DEBUG - Iter 40200: T=3.09, Fitness_actual=104.9, Mejor=130.5
2025-10-19 18:47:40,088 - DEBUG - Iter 40300: T=3.08, Fitness_actual=103.0, Mejor=130.5
2025-10-19 18:47:50,374 - DEBUG - Iter 40400: T=3.07, Fitness_actual=102.5, Mejor=130.5
2025-10-19 18:48:00,163 - INFO -   Iter 40500 | Tiempo:   48.4min (40.3%) | T =     3.05 | Fitness =    101.2 | Mejor =    130.5 | Aceptación =  91.4%
2025-10-19 18:48:00,163 - INFO - Progreso iter 40500: T=3.05, Fitness=101.2, Mejor=130.5, Tasa_acept=91.4%
2025-10-19 18:48:00,165 - DEBUG - Iter 40500: T=3.05, Fitness_actual=101.2, Mejor=130.5
2025-10-19 18:48:09,827 - WARNING - ⚠️  DEGRADACIÓN DETECTADA en iter 40600:
2025-10-19 18:48:09,827 - WARNING -    Mejor fitness: 130.5
2025-10-19 18:48:09,828 - WARNING -    Fitness promedio reciente: 99.0
2025-10-19 18:48:09,828 - WARNING -    Degradación: 31.5
2025-10-19 18:48:09,828 - WARNING -    🔄 RESTAURANDO mejor solución...
2025-10-19 18:48:09,829 - DEBUG - Iter 40600: T=3.04, Fitness_actual=130.5, Mejor=130.5
2025-10-19 18:48:10,491 - INFO - 🌟 MEJORA #145 en iter 40607: Fitness=130.5 (+0.0), Puntos=15699
2025-10-19 18:48:10,491 - INFO -   ✨ Mejora #145 en iteración 40608: Fitness = 130.5 | Puntos = 15699 | T = 3.04
2025-10-19 18:48:19,343 - DEBUG - Iter 40700: T=3.03, Fitness_actual=114.4, Mejor=130.5
2025-10-19 18:48:28,856 - DEBUG - Iter 40800: T=3.02, Fitness_actual=111.4, Mejor=130.5
2025-10-19 18:48:38,519 - DEBUG - Iter 40900: T=3.01, Fitness_actual=106.4, Mejor=130.5
2025-10-19 18:48:47,630 - INFO -   Iter 41000 | Tiempo:   49.2min (41.0%) | T =     3.00 | Fitness =     95.7 | Mejor =    130.5 | Aceptación =  91.4%
2025-10-19 18:48:47,630 - INFO - Progreso iter 41000: T=3.00, Fitness=95.7, Mejor=130.5, Tasa_acept=91.4%
2025-10-19 18:48:47,632 - DEBUG - Iter 41000: T=3.00, Fitness_actual=95.7, Mejor=130.5
2025-10-19 18:48:57,012 - WARNING - ⚠️  DEGRADACIÓN DETECTADA en iter 41100:
2025-10-19 18:48:57,013 - WARNING -    Mejor fitness: 130.5
2025-10-19 18:48:57,013 - WARNING -    Fitness promedio reciente: 94.5
2025-10-19 18:48:57,013 - WARNING -    Degradación: 36.0
2025-10-19 18:48:57,013 - WARNING -    🔄 RESTAURANDO mejor solución...
2025-10-19 18:48:57,016 - DEBUG - Iter 41100: T=2.99, Fitness_actual=130.5, Mejor=130.5
2025-10-19 18:49:06,289 - DEBUG - Iter 41200: T=2.97, Fitness_actual=104.6, Mejor=130.5
2025-10-19 18:49:15,655 - WARNING - ⚠️  DEGRADACIÓN DETECTADA en iter 41300:
2025-10-19 18:49:15,656 - WARNING -    Mejor fitness: 130.5
2025-10-19 18:49:15,656 - WARNING -    Fitness promedio reciente: 100.3
2025-10-19 18:49:15,656 - WARNING -    Degradación: 30.2
2025-10-19 18:49:15,656 - WARNING -    🔄 RESTAURANDO mejor solución...
2025-10-19 18:49:15,657 - DEBUG - Iter 41300: T=2.96, Fitness_actual=130.5, Mejor=130.5
2025-10-19 18:49:25,533 - DEBUG - Iter 41400: T=2.95, Fitness_actual=126.7, Mejor=130.5
2025-10-19 18:49:35,636 - INFO -   Iter 41500 | Tiempo:   50.0min (41.6%) | T =     2.94 | Fitness =    110.7 | Mejor =    130.5 | Aceptación =  91.4%
2025-10-19 18:49:35,636 - INFO - Progreso iter 41500: T=2.94, Fitness=110.7, Mejor=130.5, Tasa_acept=91.4%
2025-10-19 18:49:35,639 - DEBUG - Iter 41500: T=2.94, Fitness_actual=110.7, Mejor=130.5
2025-10-19 18:49:45,173 - DEBUG - Iter 41600: T=2.93, Fitness_actual=104.2, Mejor=130.5
2025-10-19 18:49:54,383 - WARNING - ⚠️  DEGRADACIÓN DETECTADA en iter 41700:
2025-10-19 18:49:54,383 - WARNING -    Mejor fitness: 130.5
2025-10-19 18:49:54,384 - WARNING -    Fitness promedio reciente: 97.3
2025-10-19 18:49:54,384 - WARNING -    Degradación: 33.2
2025-10-19 18:49:54,384 - WARNING -    🔄 RESTAURANDO mejor solución...
2025-10-19 18:49:54,387 - DEBUG - Iter 41700: T=2.92, Fitness_actual=130.5, Mejor=130.5
2025-10-19 18:49:55,054 - INFO - 🌟 MEJORA #146 en iter 41707: Fitness=130.5 (+0.0), Puntos=15701
2025-10-19 18:50:03,679 - DEBUG - Iter 41800: T=2.91, Fitness_actual=126.5, Mejor=130.5
2025-10-19 18:50:13,298 - DEBUG - Iter 41900: T=2.89, Fitness_actual=114.6, Mejor=130.5
2025-10-19 18:50:23,371 - INFO -   Iter 42000 | Tiempo:   50.8min (42.3%) | T =     2.88 | Fitness =    106.0 | Mejor =    130.5 | Aceptación =  91.3%
2025-10-19 18:50:23,371 - INFO - Progreso iter 42000: T=2.88, Fitness=106.0, Mejor=130.5, Tasa_acept=91.3%
2025-10-19 18:50:23,373 - DEBUG - Iter 42000: T=2.88, Fitness_actual=106.0, Mejor=130.5
2025-10-19 18:50:33,483 - DEBUG - Iter 42100: T=2.87, Fitness_actual=104.2, Mejor=130.5
2025-10-19 18:50:43,189 - DEBUG - Iter 42200: T=2.86, Fitness_actual=104.8, Mejor=130.5
2025-10-19 18:50:52,530 - DEBUG - Iter 42300: T=2.85, Fitness_actual=110.2, Mejor=130.5
2025-10-19 18:51:01,961 - DEBUG - Iter 42400: T=2.84, Fitness_actual=102.0, Mejor=130.5
2025-10-19 18:51:11,694 - INFO -   Iter 42500 | Tiempo:   51.6min (43.0%) | T =     2.83 | Fitness =    101.2 | Mejor =    130.5 | Aceptación =  91.3%
2025-10-19 18:51:11,694 - INFO - Progreso iter 42500: T=2.83, Fitness=101.2, Mejor=130.5, Tasa_acept=91.3%
2025-10-19 18:51:11,694 - WARNING - ⚠️  DEGRADACIÓN DETECTADA en iter 42500:
2025-10-19 18:51:11,694 - WARNING -    Mejor fitness: 130.5
2025-10-19 18:51:11,695 - WARNING -    Fitness promedio reciente: 100.3
2025-10-19 18:51:11,695 - WARNING -    Degradación: 30.2
2025-10-19 18:51:11,695 - WARNING -    🔄 RESTAURANDO mejor solución...
2025-10-19 18:51:11,696 - DEBUG - Iter 42500: T=2.83, Fitness_actual=130.5, Mejor=130.5
2025-10-19 18:51:11,794 - INFO - 🌟 MEJORA #147 en iter 42501: Fitness=130.5 (+0.0), Puntos=15701
2025-10-19 18:51:12,260 - INFO - 🌟 MEJORA #148 en iter 42506: Fitness=130.6 (+0.0), Puntos=15705
2025-10-19 18:51:12,631 - INFO - 🌟 MEJORA #149 en iter 42510: Fitness=130.6 (+0.0), Puntos=15705
2025-10-19 18:51:20,970 - DEBUG - Iter 42600: T=2.82, Fitness_actual=120.0, Mejor=130.6
2025-10-19 18:51:30,507 - DEBUG - Iter 42700: T=2.81, Fitness_actual=114.0, Mejor=130.6
2025-10-19 18:51:39,795 - DEBUG - Iter 42800: T=2.80, Fitness_actual=112.9, Mejor=130.6
2025-10-19 18:51:49,006 - DEBUG - Iter 42900: T=2.79, Fitness_actual=110.7, Mejor=130.6
2025-10-19 18:51:58,327 - INFO -   Iter 43000 | Tiempo:   52.3min (43.6%) | T =     2.78 | Fitness =    115.1 | Mejor =    130.6 | Aceptación =  91.3%
2025-10-19 18:51:58,328 - INFO - Progreso iter 43000: T=2.78, Fitness=115.1, Mejor=130.6, Tasa_acept=91.3%
2025-10-19 18:51:58,330 - DEBUG - Iter 43000: T=2.78, Fitness_actual=115.1, Mejor=130.6
2025-10-19 18:52:08,216 - DEBUG - Iter 43100: T=2.76, Fitness_actual=102.6, Mejor=130.6
2025-10-19 18:52:18,379 - WARNING - ⚠️  DEGRADACIÓN DETECTADA en iter 43200:
2025-10-19 18:52:18,379 - WARNING -    Mejor fitness: 130.6
2025-10-19 18:52:18,379 - WARNING -    Fitness promedio reciente: 98.0
2025-10-19 18:52:18,380 - WARNING -    Degradación: 32.6
2025-10-19 18:52:18,380 - WARNING -    🔄 RESTAURANDO mejor solución...
2025-10-19 18:52:18,381 - DEBUG - Iter 43200: T=2.75, Fitness_actual=130.6, Mejor=130.6
2025-10-19 18:52:18,685 - INFO - 🌟 MEJORA #150 en iter 43203: Fitness=130.6 (+0.0), Puntos=15707
2025-10-19 18:52:18,685 - INFO -   ✨ Mejora #150 en iteración 43204: Fitness = 130.6 | Puntos = 15707 | T = 2.75
2025-10-19 18:52:28,272 - DEBUG - Iter 43300: T=2.74, Fitness_actual=127.1, Mejor=130.6
2025-10-19 18:52:37,777 - DEBUG - Iter 43400: T=2.73, Fitness_actual=110.4, Mejor=130.6
2025-10-19 18:52:47,023 - INFO -   Iter 43500 | Tiempo:   53.2min (44.3%) | T =     2.72 | Fitness =    120.0 | Mejor =    130.6 | Aceptación =  91.3%
2025-10-19 18:52:47,023 - INFO - Progreso iter 43500: T=2.72, Fitness=120.0, Mejor=130.6, Tasa_acept=91.3%
2025-10-19 18:52:47,026 - DEBUG - Iter 43500: T=2.72, Fitness_actual=120.0, Mejor=130.6
2025-10-19 18:52:56,417 - DEBUG - Iter 43600: T=2.71, Fitness_actual=112.5, Mejor=130.6
2025-10-19 18:53:05,678 - WARNING - ================================================================================
2025-10-19 18:53:05,679 - WARNING - ⚠️  SALTO ANORMAL DETECTADO en iteración 43695
2025-10-19 18:53:05,679 - WARNING -    Fitness actual: 105.7
2025-10-19 18:53:05,679 - WARNING -    Fitness vecino: 82.3
2025-10-19 18:53:05,679 - WARNING -    Delta: -23.5
2025-10-19 18:53:05,679 - WARNING -    Temperatura: 2.70
2025-10-19 18:53:05,679 - WARNING -    Tipo perturbación aplicada: (ver generar_vecino)
2025-10-19 18:53:05,679 - WARNING -    Vecino - Puntos: 14692, Tiempo: 14495.9min, Distancia: 260.1km
2025-10-19 18:53:05,679 - WARNING -    Actual - Puntos: 15202, Tiempo: 13500.8min, Distancia: 166.3km
2025-10-19 18:53:05,680 - WARNING -    Validez restricciones - Vecino: False, Actual: False
2025-10-19 18:53:05,680 - WARNING - ================================================================================
2025-10-19 18:53:05,680 - WARNING - ⚠️  SALTO ANORMAL DETECTADO en iteración 43695
2025-10-19 18:53:05,680 - WARNING -    Fitness: 105.7 → 82.3 (Δ=-23.5)
2025-10-19 18:53:05,680 - WARNING -    Ver detalles en archivo de log
2025-10-19 18:53:06,260 - DEBUG - Iter 43700: T=2.70, Fitness_actual=104.7, Mejor=130.6
2025-10-19 18:53:16,243 - DEBUG - Iter 43800: T=2.69, Fitness_actual=111.7, Mejor=130.6
2025-10-19 18:53:26,498 - DEBUG - Iter 43900: T=2.68, Fitness_actual=111.7, Mejor=130.6
2025-10-19 18:53:36,448 - INFO -   Iter 44000 | Tiempo:   54.0min (45.0%) | T =     2.67 | Fitness =    106.4 | Mejor =    130.6 | Aceptación =  91.3%
2025-10-19 18:53:36,448 - INFO - Progreso iter 44000: T=2.67, Fitness=106.4, Mejor=130.6, Tasa_acept=91.3%
2025-10-19 18:53:36,451 - DEBUG - Iter 44000: T=2.67, Fitness_actual=106.4, Mejor=130.6
2025-10-19 18:53:46,201 - DEBUG - Iter 44100: T=2.66, Fitness_actual=107.6, Mejor=130.6
2025-10-19 18:53:56,043 - DEBUG - Iter 44200: T=2.65, Fitness_actual=105.7, Mejor=130.6
2025-10-19 18:54:05,864 - DEBUG - Iter 44300: T=2.64, Fitness_actual=102.1, Mejor=130.6
2025-10-19 18:54:16,160 - DEBUG - Iter 44400: T=2.63, Fitness_actual=110.8, Mejor=130.6
2025-10-19 18:54:26,624 - INFO -   Iter 44500 | Tiempo:   54.8min (45.7%) | T =     2.61 | Fitness =     96.2 | Mejor =    130.6 | Aceptación =  91.3%
2025-10-19 18:54:26,624 - INFO - Progreso iter 44500: T=2.61, Fitness=96.2, Mejor=130.6, Tasa_acept=91.3%
2025-10-19 18:54:26,635 - DEBUG - Iter 44500: T=2.61, Fitness_actual=96.2, Mejor=130.6
2025-10-19 18:54:37,740 - WARNING - ⚠️  DEGRADACIÓN DETECTADA en iter 44600:
2025-10-19 18:54:37,740 - WARNING -    Mejor fitness: 130.6
2025-10-19 18:54:37,740 - WARNING -    Fitness promedio reciente: 88.0
2025-10-19 18:54:37,740 - WARNING -    Degradación: 42.6
2025-10-19 18:54:37,741 - WARNING -    🔄 RESTAURANDO mejor solución...
2025-10-19 18:54:37,742 - DEBUG - Iter 44600: T=2.60, Fitness_actual=130.6, Mejor=130.6
2025-10-19 18:54:37,742 - INFO - 🌟 MEJORA #151 en iter 44600: Fitness=130.6 (+0.0), Puntos=15707
2025-10-19 18:54:47,285 - DEBUG - Iter 44700: T=2.59, Fitness_actual=119.1, Mejor=130.6
2025-10-19 18:54:56,785 - DEBUG - Iter 44800: T=2.58, Fitness_actual=117.0, Mejor=130.6
2025-10-19 18:55:06,402 - DEBUG - Iter 44900: T=2.57, Fitness_actual=115.9, Mejor=130.6
2025-10-19 18:55:15,988 - INFO -   Iter 45000 | Tiempo:   55.6min (46.4%) | T =     2.56 | Fitness =    114.5 | Mejor =    130.6 | Aceptación =  91.2%
2025-10-19 18:55:15,988 - INFO - Progreso iter 45000: T=2.56, Fitness=114.5, Mejor=130.6, Tasa_acept=91.2%
2025-10-19 18:55:15,990 - DEBUG - Iter 45000: T=2.56, Fitness_actual=114.5, Mejor=130.6
2025-10-19 18:55:25,479 - DEBUG - Iter 45100: T=2.55, Fitness_actual=109.2, Mejor=130.6
2025-10-19 18:55:35,314 - DEBUG - Iter 45200: T=2.54, Fitness_actual=93.4, Mejor=130.6
2025-10-19 18:55:44,922 - WARNING - ⚠️  DEGRADACIÓN DETECTADA en iter 45300:
2025-10-19 18:55:44,922 - WARNING -    Mejor fitness: 130.6
2025-10-19 18:55:44,923 - WARNING -    Fitness promedio reciente: 93.1
2025-10-19 18:55:44,923 - WARNING -    Degradación: 37.5
2025-10-19 18:55:44,923 - WARNING -    🔄 RESTAURANDO mejor solución...
2025-10-19 18:55:44,925 - DEBUG - Iter 45300: T=2.53, Fitness_actual=130.6, Mejor=130.6
2025-10-19 18:55:45,419 - INFO - 🌟 MEJORA #152 en iter 45305: Fitness=131.1 (+0.5), Puntos=15756
2025-10-19 18:55:45,616 - INFO - 🌟 MEJORA #153 en iter 45307: Fitness=131.1 (+0.0), Puntos=15756
2025-10-19 18:55:54,658 - DEBUG - Iter 45400: T=2.52, Fitness_actual=123.9, Mejor=131.1
2025-10-19 18:56:04,626 - INFO -   Iter 45500 | Tiempo:   56.4min (47.0%) | T =     2.51 | Fitness =    121.1 | Mejor =    131.1 | Aceptación =  91.2%
2025-10-19 18:56:04,626 - INFO - Progreso iter 45500: T=2.51, Fitness=121.1, Mejor=131.1, Tasa_acept=91.2%
2025-10-19 18:56:04,629 - DEBUG - Iter 45500: T=2.51, Fitness_actual=121.1, Mejor=131.1
2025-10-19 18:56:15,326 - DEBUG - Iter 45600: T=2.50, Fitness_actual=115.0, Mejor=131.1
2025-10-19 18:56:25,873 - DEBUG - Iter 45700: T=2.49, Fitness_actual=117.9, Mejor=131.1
2025-10-19 18:56:36,350 - DEBUG - Iter 45800: T=2.48, Fitness_actual=112.1, Mejor=131.1
2025-10-19 18:56:46,148 - DEBUG - Iter 45900: T=2.47, Fitness_actual=114.4, Mejor=131.1
2025-10-19 18:56:56,171 - INFO -   Iter 46000 | Tiempo:   57.3min (47.8%) | T =     2.46 | Fitness =    107.8 | Mejor =    131.1 | Aceptación =  91.2%
2025-10-19 18:56:56,172 - INFO - Progreso iter 46000: T=2.46, Fitness=107.8, Mejor=131.1, Tasa_acept=91.2%
2025-10-19 18:56:56,173 - DEBUG - Iter 46000: T=2.46, Fitness_actual=107.8, Mejor=131.1
2025-10-19 18:57:06,096 - DEBUG - Iter 46100: T=2.45, Fitness_actual=106.5, Mejor=131.1
2025-10-19 18:57:15,788 - DEBUG - Iter 46200: T=2.44, Fitness_actual=111.0, Mejor=131.1
2025-10-19 18:57:25,441 - DEBUG - Iter 46300: T=2.43, Fitness_actual=105.1, Mejor=131.1
2025-10-19 18:57:35,213 - DEBUG - Iter 46400: T=2.42, Fitness_actual=98.2, Mejor=131.1
2025-10-19 18:57:44,966 - INFO -   Iter 46500 | Tiempo:   58.1min (48.4%) | T =     2.42 | Fitness =    111.2 | Mejor =    131.1 | Aceptación =  91.2%
2025-10-19 18:57:44,967 - INFO - Progreso iter 46500: T=2.42, Fitness=111.2, Mejor=131.1, Tasa_acept=91.2%
2025-10-19 18:57:44,968 - DEBUG - Iter 46500: T=2.42, Fitness_actual=111.2, Mejor=131.1
2025-10-19 18:57:54,807 - DEBUG - Iter 46600: T=2.41, Fitness_actual=103.8, Mejor=131.1
2025-10-19 18:58:04,750 - DEBUG - Iter 46700: T=2.40, Fitness_actual=95.6, Mejor=131.1
2025-10-19 18:58:14,634 - WARNING - ⚠️  DEGRADACIÓN DETECTADA en iter 46800:
2025-10-19 18:58:14,634 - WARNING -    Mejor fitness: 131.1
2025-10-19 18:58:14,634 - WARNING -    Fitness promedio reciente: 95.9
2025-10-19 18:58:14,634 - WARNING -    Degradación: 35.2
2025-10-19 18:58:14,635 - WARNING -    🔄 RESTAURANDO mejor solución...
2025-10-19 18:58:14,636 - DEBUG - Iter 46800: T=2.39, Fitness_actual=131.1, Mejor=131.1
2025-10-19 18:58:24,510 - DEBUG - Iter 46900: T=2.38, Fitness_actual=123.3, Mejor=131.1
2025-10-19 18:58:34,091 - INFO -   Iter 47000 | Tiempo:   58.9min (49.1%) | T =     2.37 | Fitness =    117.7 | Mejor =    131.1 | Aceptación =  91.2%
2025-10-19 18:58:34,091 - INFO - Progreso iter 47000: T=2.37, Fitness=117.7, Mejor=131.1, Tasa_acept=91.2%
2025-10-19 18:58:34,093 - DEBUG - Iter 47000: T=2.37, Fitness_actual=117.7, Mejor=131.1
2025-10-19 18:58:43,663 - DEBUG - Iter 47100: T=2.36, Fitness_actual=119.1, Mejor=131.1
2025-10-19 18:58:53,350 - DEBUG - Iter 47200: T=2.35, Fitness_actual=117.0, Mejor=131.1
2025-10-19 18:59:02,985 - DEBUG - Iter 47300: T=2.34, Fitness_actual=113.3, Mejor=131.1
2025-10-19 18:59:12,791 - DEBUG - Iter 47400: T=2.33, Fitness_actual=111.8, Mejor=131.1
2025-10-19 18:59:22,400 - INFO -   Iter 47500 | Tiempo:   59.7min (49.8%) | T =     2.32 | Fitness =    107.0 | Mejor =    131.1 | Aceptación =  91.1%
2025-10-19 18:59:22,401 - INFO - Progreso iter 47500: T=2.32, Fitness=107.0, Mejor=131.1, Tasa_acept=91.1%
2025-10-19 18:59:22,403 - DEBUG - Iter 47500: T=2.32, Fitness_actual=107.0, Mejor=131.1
2025-10-19 18:59:32,007 - DEBUG - Iter 47600: T=2.31, Fitness_actual=106.2, Mejor=131.1
2025-10-19 18:59:41,705 - DEBUG - Iter 47700: T=2.31, Fitness_actual=103.0, Mejor=131.1
2025-10-19 18:59:51,469 - DEBUG - Iter 47800: T=2.30, Fitness_actual=104.9, Mejor=131.1
2025-10-19 19:00:02,354 - DEBUG - Iter 47900: T=2.29, Fitness_actual=99.7, Mejor=131.1
2025-10-19 19:00:13,310 - INFO -   Iter 48000 | Tiempo:   60.6min (50.5%) | T =     2.28 | Fitness =     98.4 | Mejor =    131.1 | Aceptación =  91.1%
2025-10-19 19:00:13,310 - INFO - Progreso iter 48000: T=2.28, Fitness=98.4, Mejor=131.1, Tasa_acept=91.1%
2025-10-19 19:00:13,310 - WARNING - ⚠️  DEGRADACIÓN DETECTADA en iter 48000:
2025-10-19 19:00:13,311 - WARNING -    Mejor fitness: 131.1
2025-10-19 19:00:13,311 - WARNING -    Fitness promedio reciente: 98.5
2025-10-19 19:00:13,311 - WARNING -    Degradación: 32.6
2025-10-19 19:00:13,311 - WARNING -    🔄 RESTAURANDO mejor solución...
2025-10-19 19:00:13,312 - DEBUG - Iter 48000: T=2.28, Fitness_actual=131.1, Mejor=131.1
2025-10-19 19:00:23,381 - DEBUG - Iter 48100: T=2.27, Fitness_actual=112.3, Mejor=131.1
2025-10-19 19:00:33,559 - DEBUG - Iter 48200: T=2.26, Fitness_actual=102.2, Mejor=131.1
2025-10-19 19:00:43,890 - DEBUG - Iter 48300: T=2.25, Fitness_actual=105.8, Mejor=131.1
2025-10-19 19:00:53,941 - DEBUG - Iter 48400: T=2.24, Fitness_actual=109.1, Mejor=131.1
2025-10-19 19:01:04,680 - INFO -   Iter 48500 | Tiempo:   61.4min (51.2%) | T =     2.23 | Fitness =    106.6 | Mejor =    131.1 | Aceptación =  91.1%
2025-10-19 19:01:04,680 - INFO - Progreso iter 48500: T=2.23, Fitness=106.6, Mejor=131.1, Tasa_acept=91.1%
2025-10-19 19:01:04,683 - DEBUG - Iter 48500: T=2.23, Fitness_actual=106.6, Mejor=131.1
2025-10-19 19:01:15,280 - DEBUG - Iter 48600: T=2.22, Fitness_actual=108.0, Mejor=131.1
2025-10-19 19:01:25,299 - DEBUG - Iter 48700: T=2.21, Fitness_actual=104.6, Mejor=131.1
2025-10-19 19:01:35,533 - DEBUG - Iter 48800: T=2.20, Fitness_actual=102.6, Mejor=131.1
2025-10-19 19:01:45,774 - DEBUG - Iter 48900: T=2.19, Fitness_actual=96.4, Mejor=131.1
2025-10-19 19:01:55,840 - INFO -   Iter 49000 | Tiempo:   62.3min (51.9%) | T =     2.19 | Fitness =     94.5 | Mejor =    131.1 | Aceptación =  91.1%
2025-10-19 19:01:55,840 - INFO - Progreso iter 49000: T=2.19, Fitness=94.5, Mejor=131.1, Tasa_acept=91.1%
2025-10-19 19:01:55,840 - WARNING - ⚠️  DEGRADACIÓN DETECTADA en iter 49000:
2025-10-19 19:01:55,840 - WARNING -    Mejor fitness: 131.1
2025-10-19 19:01:55,841 - WARNING -    Fitness promedio reciente: 94.2
2025-10-19 19:01:55,841 - WARNING -    Degradación: 36.9
2025-10-19 19:01:55,841 - WARNING -    🔄 RESTAURANDO mejor solución...
2025-10-19 19:01:55,843 - DEBUG - Iter 49000: T=2.19, Fitness_actual=131.1, Mejor=131.1
2025-10-19 19:01:58,644 - INFO - 🌟 MEJORA #154 en iter 49028: Fitness=131.1 (+0.0), Puntos=15758
2025-10-19 19:02:05,861 - DEBUG - Iter 49100: T=2.18, Fitness_actual=126.4, Mejor=131.1
2025-10-19 19:02:16,084 - DEBUG - Iter 49200: T=2.17, Fitness_actual=119.5, Mejor=131.1
2025-10-19 19:02:26,040 - DEBUG - Iter 49300: T=2.16, Fitness_actual=120.6, Mejor=131.1
2025-10-19 19:02:35,980 - DEBUG - Iter 49400: T=2.15, Fitness_actual=112.4, Mejor=131.1
2025-10-19 19:02:45,941 - INFO -   Iter 49500 | Tiempo:   63.1min (52.6%) | T =     2.14 | Fitness =    116.1 | Mejor =    131.1 | Aceptación =  91.0%
2025-10-19 19:02:45,942 - INFO - Progreso iter 49500: T=2.14, Fitness=116.1, Mejor=131.1, Tasa_acept=91.0%
2025-10-19 19:02:45,944 - DEBUG - Iter 49500: T=2.14, Fitness_actual=116.1, Mejor=131.1
2025-10-19 19:02:55,954 - DEBUG - Iter 49600: T=2.13, Fitness_actual=117.4, Mejor=131.1
2025-10-19 19:03:06,608 - DEBUG - Iter 49700: T=2.13, Fitness_actual=108.4, Mejor=131.1
2025-10-19 19:03:17,252 - DEBUG - Iter 49800: T=2.12, Fitness_actual=100.5, Mejor=131.1
2025-10-19 19:03:27,536 - DEBUG - Iter 49900: T=2.11, Fitness_actual=106.3, Mejor=131.1
2025-10-19 19:03:38,712 - INFO -   Iter 50000 | Tiempo:   64.0min (53.3%) | T =     2.10 | Fitness =    100.1 | Mejor =    131.1 | Aceptación =  91.0%
2025-10-19 19:03:38,712 - INFO - Progreso iter 50000: T=2.10, Fitness=100.1, Mejor=131.1, Tasa_acept=91.0%
2025-10-19 19:03:38,719 - DEBUG - Iter 50000: T=2.10, Fitness_actual=100.1, Mejor=131.1
2025-10-19 19:03:49,401 - WARNING - ⚠️  DEGRADACIÓN DETECTADA en iter 50100:
2025-10-19 19:03:49,402 - WARNING -    Mejor fitness: 131.1
2025-10-19 19:03:49,402 - WARNING -    Fitness promedio reciente: 100.6
2025-10-19 19:03:49,402 - WARNING -    Degradación: 30.5
2025-10-19 19:03:49,402 - WARNING -    🔄 RESTAURANDO mejor solución...
2025-10-19 19:03:49,404 - DEBUG - Iter 50100: T=2.09, Fitness_actual=131.1, Mejor=131.1
2025-10-19 19:03:59,545 - DEBUG - Iter 50200: T=2.08, Fitness_actual=125.5, Mejor=131.1
2025-10-19 19:04:09,744 - DEBUG - Iter 50300: T=2.07, Fitness_actual=122.0, Mejor=131.1
2025-10-19 19:04:19,922 - DEBUG - Iter 50400: T=2.06, Fitness_actual=122.6, Mejor=131.1
2025-10-19 19:04:30,031 - INFO -   Iter 50500 | Tiempo:   64.9min (54.1%) | T =     2.06 | Fitness =    118.4 | Mejor =    131.1 | Aceptación =  91.0%
2025-10-19 19:04:30,031 - INFO - Progreso iter 50500: T=2.06, Fitness=118.4, Mejor=131.1, Tasa_acept=91.0%
2025-10-19 19:04:30,033 - DEBUG - Iter 50500: T=2.06, Fitness_actual=118.4, Mejor=131.1
2025-10-19 19:04:40,238 - DEBUG - Iter 50600: T=2.05, Fitness_actual=118.1, Mejor=131.1
2025-10-19 19:04:50,576 - DEBUG - Iter 50700: T=2.04, Fitness_actual=120.0, Mejor=131.1
2025-10-19 19:05:01,314 - DEBUG - Iter 50800: T=2.03, Fitness_actual=116.6, Mejor=131.1
2025-10-19 19:05:11,814 - DEBUG - Iter 50900: T=2.02, Fitness_actual=111.2, Mejor=131.1
2025-10-19 19:05:21,959 - INFO -   Iter 51000 | Tiempo:   65.7min (54.8%) | T =     2.01 | Fitness =    110.2 | Mejor =    131.1 | Aceptación =  90.9%
2025-10-19 19:05:21,959 - INFO - Progreso iter 51000: T=2.01, Fitness=110.2, Mejor=131.1, Tasa_acept=90.9%
2025-10-19 19:05:21,962 - DEBUG - Iter 51000: T=2.01, Fitness_actual=110.2, Mejor=131.1
2025-10-19 19:05:32,355 - DEBUG - Iter 51100: T=2.01, Fitness_actual=105.4, Mejor=131.1
2025-10-19 19:05:42,534 - DEBUG - Iter 51200: T=2.00, Fitness_actual=106.4, Mejor=131.1
2025-10-19 19:05:52,746 - WARNING - ⚠️  DEGRADACIÓN DETECTADA en iter 51300:
2025-10-19 19:05:52,746 - WARNING -    Mejor fitness: 131.1
2025-10-19 19:05:52,746 - WARNING -    Fitness promedio reciente: 100.8
2025-10-19 19:05:52,747 - WARNING -    Degradación: 30.4
2025-10-19 19:05:52,747 - WARNING -    🔄 RESTAURANDO mejor solución...
2025-10-19 19:05:52,748 - DEBUG - Iter 51300: T=1.99, Fitness_actual=131.1, Mejor=131.1
2025-10-19 19:06:03,051 - DEBUG - Iter 51400: T=1.98, Fitness_actual=124.5, Mejor=131.1
2025-10-19 19:06:13,291 - INFO -   Iter 51500 | Tiempo:   66.6min (55.5%) | T =     1.97 | Fitness =    118.0 | Mejor =    131.1 | Aceptación =  90.9%
2025-10-19 19:06:13,292 - INFO - Progreso iter 51500: T=1.97, Fitness=118.0, Mejor=131.1, Tasa_acept=90.9%
2025-10-19 19:06:13,294 - DEBUG - Iter 51500: T=1.97, Fitness_actual=118.0, Mejor=131.1
2025-10-19 19:06:23,503 - DEBUG - Iter 51600: T=1.97, Fitness_actual=121.6, Mejor=131.1
2025-10-19 19:06:33,676 - DEBUG - Iter 51700: T=1.96, Fitness_actual=119.5, Mejor=131.1
2025-10-19 19:06:43,902 - DEBUG - Iter 51800: T=1.95, Fitness_actual=118.7, Mejor=131.1
2025-10-19 19:06:54,211 - DEBUG - Iter 51900: T=1.94, Fitness_actual=118.0, Mejor=131.1
2025-10-19 19:07:04,533 - INFO -   Iter 52000 | Tiempo:   67.4min (56.2%) | T =     1.93 | Fitness =    114.8 | Mejor =    131.1 | Aceptación =  90.9%
2025-10-19 19:07:04,534 - INFO - Progreso iter 52000: T=1.93, Fitness=114.8, Mejor=131.1, Tasa_acept=90.9%
2025-10-19 19:07:04,536 - DEBUG - Iter 52000: T=1.93, Fitness_actual=114.8, Mejor=131.1
2025-10-19 19:07:14,896 - DEBUG - Iter 52100: T=1.93, Fitness_actual=107.3, Mejor=131.1
2025-10-19 19:07:25,255 - DEBUG - Iter 52200: T=1.92, Fitness_actual=120.1, Mejor=131.1
2025-10-19 19:07:35,858 - DEBUG - Iter 52300: T=1.91, Fitness_actual=117.7, Mejor=131.1
2025-10-19 19:07:46,369 - DEBUG - Iter 52400: T=1.90, Fitness_actual=115.1, Mejor=131.1
2025-10-19 19:07:56,893 - INFO -   Iter 52500 | Tiempo:   68.3min (56.9%) | T =     1.89 | Fitness =    114.7 | Mejor =    131.1 | Aceptación =  90.8%
2025-10-19 19:07:56,893 - INFO - Progreso iter 52500: T=1.89, Fitness=114.7, Mejor=131.1, Tasa_acept=90.8%
2025-10-19 19:07:56,894 - DEBUG - Iter 52500: T=1.89, Fitness_actual=114.7, Mejor=131.1
2025-10-19 19:08:07,329 - DEBUG - Iter 52600: T=1.89, Fitness_actual=113.1, Mejor=131.1
2025-10-19 19:08:17,807 - DEBUG - Iter 52700: T=1.88, Fitness_actual=110.4, Mejor=131.1
2025-10-19 19:08:28,726 - DEBUG - Iter 52800: T=1.87, Fitness_actual=104.5, Mejor=131.1
2025-10-19 19:08:39,738 - DEBUG - Iter 52900: T=1.86, Fitness_actual=107.5, Mejor=131.1
2025-10-19 19:08:50,125 - INFO -   Iter 53000 | Tiempo:   69.2min (57.7%) | T =     1.85 | Fitness =    104.5 | Mejor =    131.1 | Aceptación =  90.8%
2025-10-19 19:08:50,125 - INFO - Progreso iter 53000: T=1.85, Fitness=104.5, Mejor=131.1, Tasa_acept=90.8%
2025-10-19 19:08:50,127 - DEBUG - Iter 53000: T=1.85, Fitness_actual=104.5, Mejor=131.1
2025-10-19 19:09:00,552 - DEBUG - Iter 53100: T=1.85, Fitness_actual=97.5, Mejor=131.1
2025-10-19 19:09:11,624 - WARNING - ⚠️  DEGRADACIÓN DETECTADA en iter 53200:
2025-10-19 19:09:11,624 - WARNING -    Mejor fitness: 131.1
2025-10-19 19:09:11,624 - WARNING -    Fitness promedio reciente: 97.1
2025-10-19 19:09:11,624 - WARNING -    Degradación: 34.1
2025-10-19 19:09:11,625 - WARNING -    🔄 RESTAURANDO mejor solución...
2025-10-19 19:09:11,626 - DEBUG - Iter 53200: T=1.84, Fitness_actual=131.1, Mejor=131.1
2025-10-19 19:09:11,626 - INFO - 🌟 MEJORA #155 en iter 53200: Fitness=131.2 (+0.1), Puntos=15764
2025-10-19 19:09:11,626 - INFO -   ✨ Mejora #155 en iteración 53201: Fitness = 131.2 | Puntos = 15764 | T = 1.84
2025-10-19 19:09:23,228 - DEBUG - Iter 53300: T=1.83, Fitness_actual=116.9, Mejor=131.2
2025-10-19 19:09:34,757 - DEBUG - Iter 53400: T=1.82, Fitness_actual=119.3, Mejor=131.2
2025-10-19 19:09:46,325 - INFO -   Iter 53500 | Tiempo:   70.1min (58.5%) | T =     1.81 | Fitness =    117.2 | Mejor =    131.2 | Aceptación =  90.8%
2025-10-19 19:09:46,325 - INFO - Progreso iter 53500: T=1.81, Fitness=117.2, Mejor=131.2, Tasa_acept=90.8%
2025-10-19 19:09:46,327 - DEBUG - Iter 53500: T=1.81, Fitness_actual=117.2, Mejor=131.2
2025-10-19 19:09:57,376 - DEBUG - Iter 53600: T=1.81, Fitness_actual=117.7, Mejor=131.2
2025-10-19 19:10:08,102 - DEBUG - Iter 53700: T=1.80, Fitness_actual=119.9, Mejor=131.2
2025-10-19 19:10:18,773 - DEBUG - Iter 53800: T=1.79, Fitness_actual=112.0, Mejor=131.2
2025-10-19 19:10:29,386 - DEBUG - Iter 53900: T=1.78, Fitness_actual=110.9, Mejor=131.2
2025-10-19 19:10:40,265 - INFO -   Iter 54000 | Tiempo:   71.0min (59.2%) | T =     1.78 | Fitness =    108.7 | Mejor =    131.2 | Aceptación =  90.7%
2025-10-19 19:10:40,265 - INFO - Progreso iter 54000: T=1.78, Fitness=108.7, Mejor=131.2, Tasa_acept=90.7%
2025-10-19 19:10:40,268 - DEBUG - Iter 54000: T=1.78, Fitness_actual=108.7, Mejor=131.2
2025-10-19 19:10:51,100 - DEBUG - Iter 54100: T=1.77, Fitness_actual=110.6, Mejor=131.2
2025-10-19 19:11:01,972 - DEBUG - Iter 54200: T=1.76, Fitness_actual=112.3, Mejor=131.2
2025-10-19 19:11:12,896 - DEBUG - Iter 54300: T=1.75, Fitness_actual=109.0, Mejor=131.2
2025-10-19 19:11:23,690 - DEBUG - Iter 54400: T=1.75, Fitness_actual=110.1, Mejor=131.2
2025-10-19 19:11:34,369 - INFO -   Iter 54500 | Tiempo:   71.9min (60.0%) | T =     1.74 | Fitness =    109.5 | Mejor =    131.2 | Aceptación =  90.7%
2025-10-19 19:11:34,369 - INFO - Progreso iter 54500: T=1.74, Fitness=109.5, Mejor=131.2, Tasa_acept=90.7%
2025-10-19 19:11:34,372 - DEBUG - Iter 54500: T=1.74, Fitness_actual=109.5, Mejor=131.2
2025-10-19 19:11:45,246 - DEBUG - Iter 54600: T=1.73, Fitness_actual=111.7, Mejor=131.2
2025-10-19 19:11:56,293 - DEBUG - Iter 54700: T=1.72, Fitness_actual=105.6, Mejor=131.2
2025-10-19 19:12:07,081 - DEBUG - Iter 54800: T=1.72, Fitness_actual=102.1, Mejor=131.2
2025-10-19 19:12:17,801 - DEBUG - Iter 54900: T=1.71, Fitness_actual=106.6, Mejor=131.2
2025-10-19 19:12:28,656 - INFO -   Iter 55000 | Tiempo:   72.8min (60.7%) | T =     1.70 | Fitness =    106.6 | Mejor =    131.2 | Aceptación =  90.6%
2025-10-19 19:12:28,656 - INFO - Progreso iter 55000: T=1.70, Fitness=106.6, Mejor=131.2, Tasa_acept=90.6%
2025-10-19 19:12:28,659 - DEBUG - Iter 55000: T=1.70, Fitness_actual=106.6, Mejor=131.2
2025-10-19 19:12:39,487 - DEBUG - Iter 55100: T=1.69, Fitness_actual=105.7, Mejor=131.2
2025-10-19 19:12:50,155 - DEBUG - Iter 55200: T=1.69, Fitness_actual=110.5, Mejor=131.2
2025-10-19 19:13:01,356 - DEBUG - Iter 55300: T=1.68, Fitness_actual=108.6, Mejor=131.2
2025-10-19 19:13:12,547 - DEBUG - Iter 55400: T=1.67, Fitness_actual=102.7, Mejor=131.2
2025-10-19 19:13:23,726 - INFO -   Iter 55500 | Tiempo:   73.8min (61.5%) | T =     1.67 | Fitness =    101.8 | Mejor =    131.2 | Aceptación =  90.6%
2025-10-19 19:13:23,726 - INFO - Progreso iter 55500: T=1.67, Fitness=101.8, Mejor=131.2, Tasa_acept=90.6%
2025-10-19 19:13:23,727 - WARNING - ⚠️  DEGRADACIÓN DETECTADA en iter 55500:
2025-10-19 19:13:23,727 - WARNING -    Mejor fitness: 131.2
2025-10-19 19:13:23,727 - WARNING -    Fitness promedio reciente: 100.4
2025-10-19 19:13:23,727 - WARNING -    Degradación: 30.8
2025-10-19 19:13:23,727 - WARNING -    🔄 RESTAURANDO mejor solución...
2025-10-19 19:13:23,728 - DEBUG - Iter 55500: T=1.67, Fitness_actual=131.2, Mejor=131.2
2025-10-19 19:13:34,480 - DEBUG - Iter 55600: T=1.66, Fitness_actual=121.2, Mejor=131.2
2025-10-19 19:13:45,518 - DEBUG - Iter 55700: T=1.65, Fitness_actual=120.5, Mejor=131.2
2025-10-19 19:13:56,334 - DEBUG - Iter 55800: T=1.64, Fitness_actual=113.0, Mejor=131.2
2025-10-19 19:14:07,396 - DEBUG - Iter 55900: T=1.64, Fitness_actual=114.9, Mejor=131.2
2025-10-19 19:14:18,594 - INFO -   Iter 56000 | Tiempo:   74.7min (62.2%) | T =     1.63 | Fitness =    120.8 | Mejor =    131.2 | Aceptación =  90.6%
2025-10-19 19:14:18,594 - INFO - Progreso iter 56000: T=1.63, Fitness=120.8, Mejor=131.2, Tasa_acept=90.6%
2025-10-19 19:14:18,596 - DEBUG - Iter 56000: T=1.63, Fitness_actual=120.8, Mejor=131.2
2025-10-19 19:14:29,815 - DEBUG - Iter 56100: T=1.62, Fitness_actual=117.0, Mejor=131.2
2025-10-19 19:14:40,720 - DEBUG - Iter 56200: T=1.62, Fitness_actual=113.4, Mejor=131.2
2025-10-19 19:14:51,592 - DEBUG - Iter 56300: T=1.61, Fitness_actual=104.0, Mejor=131.2
2025-10-19 19:15:02,502 - DEBUG - Iter 56400: T=1.60, Fitness_actual=106.1, Mejor=131.2
2025-10-19 19:15:13,486 - INFO -   Iter 56500 | Tiempo:   75.6min (63.0%) | T =     1.60 | Fitness =    110.9 | Mejor =    131.2 | Aceptación =  90.5%
2025-10-19 19:15:13,486 - INFO - Progreso iter 56500: T=1.60, Fitness=110.9, Mejor=131.2, Tasa_acept=90.5%
2025-10-19 19:15:13,487 - DEBUG - Iter 56500: T=1.60, Fitness_actual=110.9, Mejor=131.2
2025-10-19 19:15:24,366 - DEBUG - Iter 56600: T=1.59, Fitness_actual=111.5, Mejor=131.2
2025-10-19 19:15:35,354 - DEBUG - Iter 56700: T=1.58, Fitness_actual=107.6, Mejor=131.2
2025-10-19 19:15:46,434 - DEBUG - Iter 56800: T=1.58, Fitness_actual=106.9, Mejor=131.2
2025-10-19 19:15:57,632 - DEBUG - Iter 56900: T=1.57, Fitness_actual=104.8, Mejor=131.2
2025-10-19 19:16:08,899 - INFO -   Iter 57000 | Tiempo:   76.5min (63.8%) | T =     1.56 | Fitness =    106.6 | Mejor =    131.2 | Aceptación =  90.5%
2025-10-19 19:16:08,899 - INFO - Progreso iter 57000: T=1.56, Fitness=106.6, Mejor=131.2, Tasa_acept=90.5%
2025-10-19 19:16:08,901 - DEBUG - Iter 57000: T=1.56, Fitness_actual=106.6, Mejor=131.2
2025-10-19 19:16:19,903 - DEBUG - Iter 57100: T=1.56, Fitness_actual=112.2, Mejor=131.2
2025-10-19 19:16:30,844 - DEBUG - Iter 57200: T=1.55, Fitness_actual=108.4, Mejor=131.2
2025-10-19 19:16:41,869 - DEBUG - Iter 57300: T=1.54, Fitness_actual=99.4, Mejor=131.2
2025-10-19 19:16:52,792 - WARNING - ⚠️  DEGRADACIÓN DETECTADA en iter 57400:
2025-10-19 19:16:52,792 - WARNING -    Mejor fitness: 131.2
2025-10-19 19:16:52,792 - WARNING -    Fitness promedio reciente: 100.3
2025-10-19 19:16:52,792 - WARNING -    Degradación: 30.9
2025-10-19 19:16:52,793 - WARNING -    🔄 RESTAURANDO mejor solución...
2025-10-19 19:16:52,794 - DEBUG - Iter 57400: T=1.54, Fitness_actual=131.2, Mejor=131.2
2025-10-19 19:16:52,794 - INFO - 🌟 MEJORA #156 en iter 57400: Fitness=131.2 (+0.0), Puntos=15764
2025-10-19 19:16:52,908 - INFO - 🌟 MEJORA #157 en iter 57401: Fitness=131.2 (+0.0), Puntos=15764
2025-10-19 19:17:03,716 - INFO -   Iter 57500 | Tiempo:   77.4min (64.5%) | T =     1.53 | Fitness =    128.4 | Mejor =    131.2 | Aceptación =  90.4%
2025-10-19 19:17:03,716 - INFO - Progreso iter 57500: T=1.53, Fitness=128.4, Mejor=131.2, Tasa_acept=90.4%
2025-10-19 19:17:03,717 - DEBUG - Iter 57500: T=1.53, Fitness_actual=128.4, Mejor=131.2
2025-10-19 19:17:14,848 - DEBUG - Iter 57600: T=1.52, Fitness_actual=127.3, Mejor=131.2
2025-10-19 19:17:26,186 - DEBUG - Iter 57700: T=1.52, Fitness_actual=121.4, Mejor=131.2
2025-10-19 19:17:37,467 - DEBUG - Iter 57800: T=1.51, Fitness_actual=121.2, Mejor=131.2
2025-10-19 19:17:48,666 - DEBUG - Iter 57900: T=1.50, Fitness_actual=113.5, Mejor=131.2
2025-10-19 19:18:00,087 - INFO -   Iter 58000 | Tiempo:   78.4min (65.3%) | T =     1.50 | Fitness =    115.5 | Mejor =    131.2 | Aceptación =  90.4%
2025-10-19 19:18:00,087 - INFO - Progreso iter 58000: T=1.50, Fitness=115.5, Mejor=131.2, Tasa_acept=90.4%
2025-10-19 19:18:00,089 - DEBUG - Iter 58000: T=1.50, Fitness_actual=115.5, Mejor=131.2
2025-10-19 19:18:11,272 - DEBUG - Iter 58100: T=1.49, Fitness_actual=114.8, Mejor=131.2
2025-10-19 19:18:22,485 - DEBUG - Iter 58200: T=1.48, Fitness_actual=106.8, Mejor=131.2
2025-10-19 19:18:33,740 - DEBUG - Iter 58300: T=1.48, Fitness_actual=112.7, Mejor=131.2
2025-10-19 19:18:45,031 - DEBUG - Iter 58400: T=1.47, Fitness_actual=109.1, Mejor=131.2
2025-10-19 19:18:56,533 - INFO -   Iter 58500 | Tiempo:   79.3min (66.1%) | T =     1.46 | Fitness =    110.1 | Mejor =    131.2 | Aceptación =  90.3%
2025-10-19 19:18:56,534 - INFO - Progreso iter 58500: T=1.46, Fitness=110.1, Mejor=131.2, Tasa_acept=90.3%
2025-10-19 19:18:56,536 - DEBUG - Iter 58500: T=1.46, Fitness_actual=110.1, Mejor=131.2
2025-10-19 19:19:07,891 - DEBUG - Iter 58600: T=1.46, Fitness_actual=107.7, Mejor=131.2
2025-10-19 19:19:19,242 - DEBUG - Iter 58700: T=1.45, Fitness_actual=105.3, Mejor=131.2
2025-10-19 19:19:30,713 - DEBUG - Iter 58800: T=1.44, Fitness_actual=104.2, Mejor=131.2
2025-10-19 19:19:42,092 - WARNING - ⚠️  DEGRADACIÓN DETECTADA en iter 58900:
2025-10-19 19:19:42,093 - WARNING -    Mejor fitness: 131.2
2025-10-19 19:19:42,093 - WARNING -    Fitness promedio reciente: 99.0
2025-10-19 19:19:42,093 - WARNING -    Degradación: 32.1
2025-10-19 19:19:42,093 - WARNING -    🔄 RESTAURANDO mejor solución...
2025-10-19 19:19:42,096 - DEBUG - Iter 58900: T=1.44, Fitness_actual=131.2, Mejor=131.2
2025-10-19 19:19:42,210 - INFO - 🌟 MEJORA #158 en iter 58901: Fitness=131.2 (+0.0), Puntos=15764
2025-10-19 19:19:42,325 - INFO - 🌟 MEJORA #159 en iter 58902: Fitness=131.2 (+0.0), Puntos=15764
2025-10-19 19:19:53,510 - INFO -   Iter 59000 | Tiempo:   80.3min (66.9%) | T =     1.43 | Fitness =    126.3 | Mejor =    131.2 | Aceptación =  90.3%
2025-10-19 19:19:53,511 - INFO - Progreso iter 59000: T=1.43, Fitness=126.3, Mejor=131.2, Tasa_acept=90.3%
2025-10-19 19:19:53,513 - DEBUG - Iter 59000: T=1.43, Fitness_actual=126.3, Mejor=131.2
2025-10-19 19:20:04,973 - DEBUG - Iter 59100: T=1.42, Fitness_actual=128.7, Mejor=131.2
2025-10-19 19:20:16,296 - DEBUG - Iter 59200: T=1.42, Fitness_actual=126.2, Mejor=131.2
2025-10-19 19:20:27,788 - DEBUG - Iter 59300: T=1.41, Fitness_actual=122.3, Mejor=131.2
2025-10-19 19:20:39,248 - DEBUG - Iter 59400: T=1.41, Fitness_actual=126.5, Mejor=131.2
2025-10-19 19:20:50,443 - INFO -   Iter 59500 | Tiempo:   81.2min (67.7%) | T =     1.40 | Fitness =    121.8 | Mejor =    131.2 | Aceptación =  90.2%
2025-10-19 19:20:50,444 - INFO - Progreso iter 59500: T=1.40, Fitness=121.8, Mejor=131.2, Tasa_acept=90.2%
2025-10-19 19:20:50,445 - DEBUG - Iter 59500: T=1.40, Fitness_actual=121.8, Mejor=131.2
2025-10-19 19:21:01,785 - DEBUG - Iter 59600: T=1.39, Fitness_actual=123.6, Mejor=131.2
2025-10-19 19:21:13,428 - DEBUG - Iter 59700: T=1.39, Fitness_actual=121.6, Mejor=131.2
2025-10-19 19:21:24,750 - DEBUG - Iter 59800: T=1.38, Fitness_actual=117.7, Mejor=131.2
2025-10-19 19:21:36,074 - DEBUG - Iter 59900: T=1.38, Fitness_actual=116.1, Mejor=131.2
2025-10-19 19:21:47,437 - INFO -   Iter 60000 | Tiempo:   82.2min (68.5%) | T =     1.37 | Fitness =    114.2 | Mejor =    131.2 | Aceptación =  90.1%
2025-10-19 19:21:47,438 - INFO - Progreso iter 60000: T=1.37, Fitness=114.2, Mejor=131.2, Tasa_acept=90.1%
2025-10-19 19:21:47,440 - DEBUG - Iter 60000: T=1.37, Fitness_actual=114.2, Mejor=131.2
2025-10-19 19:21:58,722 - DEBUG - Iter 60100: T=1.36, Fitness_actual=112.1, Mejor=131.2
2025-10-19 19:22:09,988 - DEBUG - Iter 60200: T=1.36, Fitness_actual=116.3, Mejor=131.2
2025-10-19 19:22:21,357 - DEBUG - Iter 60300: T=1.35, Fitness_actual=115.9, Mejor=131.2
2025-10-19 19:22:32,799 - DEBUG - Iter 60400: T=1.35, Fitness_actual=115.4, Mejor=131.2
2025-10-19 19:22:44,193 - INFO -   Iter 60500 | Tiempo:   83.1min (69.3%) | T =     1.34 | Fitness =    120.2 | Mejor =    131.2 | Aceptación =  90.1%
2025-10-19 19:22:44,193 - INFO - Progreso iter 60500: T=1.34, Fitness=120.2, Mejor=131.2, Tasa_acept=90.1%
2025-10-19 19:22:44,194 - DEBUG - Iter 60500: T=1.34, Fitness_actual=120.2, Mejor=131.2
2025-10-19 19:22:55,953 - DEBUG - Iter 60600: T=1.33, Fitness_actual=111.6, Mejor=131.2
2025-10-19 19:23:08,114 - DEBUG - Iter 60700: T=1.33, Fitness_actual=109.6, Mejor=131.2
2025-10-19 19:23:19,626 - DEBUG - Iter 60800: T=1.32, Fitness_actual=111.1, Mejor=131.2
2025-10-19 19:23:31,088 - DEBUG - Iter 60900: T=1.32, Fitness_actual=111.9, Mejor=131.2
2025-10-19 19:23:37,872 - INFO - --- Cambiando a Fase: Final (Refinamiento) (Progreso: 70.0%) ---
2025-10-19 19:23:42,547 - INFO -   Iter 61000 | Tiempo:   84.1min (70.1%) | T =     1.31 | Fitness =    113.4 | Mejor =    131.2 | Aceptación =  90.0%
2025-10-19 19:23:42,547 - INFO - Progreso iter 61000: T=1.31, Fitness=113.4, Mejor=131.2, Tasa_acept=90.0%
2025-10-19 19:23:42,549 - DEBUG - Iter 61000: T=1.31, Fitness_actual=113.4, Mejor=131.2
2025-10-19 19:23:54,056 - DEBUG - Iter 61100: T=1.30, Fitness_actual=109.6, Mejor=131.2
2025-10-19 19:24:05,471 - DEBUG - Iter 61200: T=1.30, Fitness_actual=110.5, Mejor=131.2
2025-10-19 19:24:16,817 - DEBUG - Iter 61300: T=1.29, Fitness_actual=113.3, Mejor=131.2
2025-10-19 19:24:28,169 - DEBUG - Iter 61400: T=1.29, Fitness_actual=110.1, Mejor=131.2
2025-10-19 19:24:39,481 - INFO -   Iter 61500 | Tiempo:   85.0min (70.9%) | T =     1.28 | Fitness =    113.3 | Mejor =    131.2 | Aceptación =  90.1%
2025-10-19 19:24:39,481 - INFO - Progreso iter 61500: T=1.28, Fitness=113.3, Mejor=131.2, Tasa_acept=90.1%
2025-10-19 19:24:39,482 - DEBUG - Iter 61500: T=1.28, Fitness_actual=113.3, Mejor=131.2
2025-10-19 19:24:50,852 - DEBUG - Iter 61600: T=1.28, Fitness_actual=116.6, Mejor=131.2
2025-10-19 19:25:02,366 - DEBUG - Iter 61700: T=1.27, Fitness_actual=118.9, Mejor=131.2
2025-10-19 19:25:13,964 - DEBUG - Iter 61800: T=1.26, Fitness_actual=117.5, Mejor=131.2
2025-10-19 19:25:25,556 - DEBUG - Iter 61900: T=1.26, Fitness_actual=118.5, Mejor=131.2
2025-10-19 19:25:37,150 - INFO -   Iter 62000 | Tiempo:   86.0min (71.7%) | T =     1.25 | Fitness =    117.3 | Mejor =    131.2 | Aceptación =  90.1%
2025-10-19 19:25:37,150 - INFO - Progreso iter 62000: T=1.25, Fitness=117.3, Mejor=131.2, Tasa_acept=90.1%
2025-10-19 19:25:37,152 - DEBUG - Iter 62000: T=1.25, Fitness_actual=117.3, Mejor=131.2
2025-10-19 19:25:48,776 - DEBUG - Iter 62100: T=1.25, Fitness_actual=118.6, Mejor=131.2
2025-10-19 19:26:00,357 - DEBUG - Iter 62200: T=1.24, Fitness_actual=118.4, Mejor=131.2
2025-10-19 19:26:11,947 - DEBUG - Iter 62300: T=1.24, Fitness_actual=119.0, Mejor=131.2
2025-10-19 19:26:24,228 - DEBUG - Iter 62400: T=1.23, Fitness_actual=116.2, Mejor=131.2
2025-10-19 19:26:36,277 - INFO -   Iter 62500 | Tiempo:   87.0min (72.5%) | T =     1.23 | Fitness =    112.5 | Mejor =    131.2 | Aceptación =  90.1%
2025-10-19 19:26:36,277 - INFO - Progreso iter 62500: T=1.23, Fitness=112.5, Mejor=131.2, Tasa_acept=90.1%
2025-10-19 19:26:36,278 - DEBUG - Iter 62500: T=1.23, Fitness_actual=112.5, Mejor=131.2
2025-10-19 19:26:47,943 - DEBUG - Iter 62600: T=1.22, Fitness_actual=110.2, Mejor=131.2
2025-10-19 19:26:59,826 - DEBUG - Iter 62700: T=1.21, Fitness_actual=112.9, Mejor=131.2
2025-10-19 19:27:12,283 - DEBUG - Iter 62800: T=1.21, Fitness_actual=112.5, Mejor=131.2
2025-10-19 19:27:24,632 - DEBUG - Iter 62900: T=1.20, Fitness_actual=112.2, Mejor=131.2
2025-10-19 19:27:36,766 - INFO -   Iter 63000 | Tiempo:   88.0min (73.3%) | T =     1.20 | Fitness =    114.2 | Mejor =    131.2 | Aceptación =  90.2%
2025-10-19 19:27:36,766 - INFO - Progreso iter 63000: T=1.20, Fitness=114.2, Mejor=131.2, Tasa_acept=90.2%
2025-10-19 19:27:36,767 - DEBUG - Iter 63000: T=1.20, Fitness_actual=114.2, Mejor=131.2
2025-10-19 19:27:48,692 - DEBUG - Iter 63100: T=1.19, Fitness_actual=115.1, Mejor=131.2
2025-10-19 19:28:00,701 - DEBUG - Iter 63200: T=1.19, Fitness_actual=118.1, Mejor=131.2
2025-10-19 19:28:12,931 - DEBUG - Iter 63300: T=1.18, Fitness_actual=117.4, Mejor=131.2
2025-10-19 19:28:24,644 - DEBUG - Iter 63400: T=1.18, Fitness_actual=114.2, Mejor=131.2
2025-10-19 19:28:36,249 - INFO -   Iter 63500 | Tiempo:   89.0min (74.1%) | T =     1.17 | Fitness =    115.1 | Mejor =    131.2 | Aceptación =  90.2%
2025-10-19 19:28:36,249 - INFO - Progreso iter 63500: T=1.17, Fitness=115.1, Mejor=131.2, Tasa_acept=90.2%
2025-10-19 19:28:36,250 - DEBUG - Iter 63500: T=1.17, Fitness_actual=115.1, Mejor=131.2
2025-10-19 19:28:47,988 - DEBUG - Iter 63600: T=1.17, Fitness_actual=115.5, Mejor=131.2
2025-10-19 19:28:59,899 - DEBUG - Iter 63700: T=1.16, Fitness_actual=112.6, Mejor=131.2
2025-10-19 19:29:11,778 - DEBUG - Iter 63800: T=1.15, Fitness_actual=114.4, Mejor=131.2
2025-10-19 19:29:23,573 - DEBUG - Iter 63900: T=1.15, Fitness_actual=115.3, Mejor=131.2
2025-10-19 19:29:35,224 - INFO -   Iter 64000 | Tiempo:   90.0min (75.0%) | T =     1.14 | Fitness =    112.3 | Mejor =    131.2 | Aceptación =  90.2%
2025-10-19 19:29:35,224 - INFO - Progreso iter 64000: T=1.14, Fitness=112.3, Mejor=131.2, Tasa_acept=90.2%
2025-10-19 19:29:35,225 - DEBUG - Iter 64000: T=1.14, Fitness_actual=112.3, Mejor=131.2
2025-10-19 19:29:46,954 - DEBUG - Iter 64100: T=1.14, Fitness_actual=112.0, Mejor=131.2
2025-10-19 19:29:58,805 - DEBUG - Iter 64200: T=1.13, Fitness_actual=112.7, Mejor=131.2
2025-10-19 19:30:10,614 - DEBUG - Iter 64300: T=1.13, Fitness_actual=108.8, Mejor=131.2
2025-10-19 19:30:22,351 - DEBUG - Iter 64400: T=1.12, Fitness_actual=114.0, Mejor=131.2
2025-10-19 19:30:34,089 - INFO -   Iter 64500 | Tiempo:   90.9min (75.8%) | T =     1.12 | Fitness =    115.7 | Mejor =    131.2 | Aceptación =  90.3%
2025-10-19 19:30:34,090 - INFO - Progreso iter 64500: T=1.12, Fitness=115.7, Mejor=131.2, Tasa_acept=90.3%
2025-10-19 19:30:34,092 - DEBUG - Iter 64500: T=1.12, Fitness_actual=115.7, Mejor=131.2
2025-10-19 19:30:45,876 - DEBUG - Iter 64600: T=1.11, Fitness_actual=120.2, Mejor=131.2
2025-10-19 19:30:57,655 - DEBUG - Iter 64700: T=1.11, Fitness_actual=118.6, Mejor=131.2
2025-10-19 19:31:09,442 - DEBUG - Iter 64800: T=1.10, Fitness_actual=112.4, Mejor=131.2
2025-10-19 19:31:21,265 - DEBUG - Iter 64900: T=1.10, Fitness_actual=116.9, Mejor=131.2
2025-10-19 19:31:33,092 - INFO -   Iter 65000 | Tiempo:   91.9min (76.6%) | T =     1.09 | Fitness =    120.9 | Mejor =    131.2 | Aceptación =  90.3%
2025-10-19 19:31:33,092 - INFO - Progreso iter 65000: T=1.09, Fitness=120.9, Mejor=131.2, Tasa_acept=90.3%
2025-10-19 19:31:33,094 - DEBUG - Iter 65000: T=1.09, Fitness_actual=120.9, Mejor=131.2
2025-10-19 19:31:44,968 - DEBUG - Iter 65100: T=1.09, Fitness_actual=116.7, Mejor=131.2
2025-10-19 19:31:56,972 - DEBUG - Iter 65200: T=1.08, Fitness_actual=118.4, Mejor=131.2
2025-10-19 19:32:08,995 - DEBUG - Iter 65300: T=1.08, Fitness_actual=114.1, Mejor=131.2
2025-10-19 19:32:20,845 - DEBUG - Iter 65400: T=1.07, Fitness_actual=117.5, Mejor=131.2
2025-10-19 19:32:32,704 - INFO -   Iter 65500 | Tiempo:   92.9min (77.4%) | T =     1.07 | Fitness =    115.5 | Mejor =    131.2 | Aceptación =  90.3%
2025-10-19 19:32:32,705 - INFO - Progreso iter 65500: T=1.07, Fitness=115.5, Mejor=131.2, Tasa_acept=90.3%
2025-10-19 19:32:32,706 - DEBUG - Iter 65500: T=1.07, Fitness_actual=115.5, Mejor=131.2
2025-10-19 19:32:44,548 - DEBUG - Iter 65600: T=1.07, Fitness_actual=118.7, Mejor=131.2
2025-10-19 19:32:56,419 - DEBUG - Iter 65700: T=1.06, Fitness_actual=115.1, Mejor=131.2
2025-10-19 19:33:08,356 - DEBUG - Iter 65800: T=1.06, Fitness_actual=107.2, Mejor=131.2
2025-10-19 19:33:20,267 - DEBUG - Iter 65900: T=1.05, Fitness_actual=109.0, Mejor=131.2
2025-10-19 19:33:32,134 - INFO -   Iter 66000 | Tiempo:   93.9min (78.3%) | T =     1.05 | Fitness =    108.8 | Mejor =    131.2 | Aceptación =  90.3%
2025-10-19 19:33:32,135 - INFO - Progreso iter 66000: T=1.05, Fitness=108.8, Mejor=131.2, Tasa_acept=90.3%
2025-10-19 19:33:32,136 - DEBUG - Iter 66000: T=1.05, Fitness_actual=108.8, Mejor=131.2
2025-10-19 19:33:44,673 - DEBUG - Iter 66100: T=1.04, Fitness_actual=108.2, Mejor=131.2
2025-10-19 19:33:57,640 - DEBUG - Iter 66200: T=1.04, Fitness_actual=106.4, Mejor=131.2
2025-10-19 19:34:10,076 - DEBUG - Iter 66300: T=1.03, Fitness_actual=108.7, Mejor=131.2
2025-10-19 19:34:22,123 - DEBUG - Iter 66400: T=1.03, Fitness_actual=112.1, Mejor=131.2
2025-10-19 19:34:34,139 - INFO -   Iter 66500 | Tiempo:   94.9min (79.1%) | T =     1.02 | Fitness =    110.0 | Mejor =    131.2 | Aceptación =  90.4%
2025-10-19 19:34:34,139 - INFO - Progreso iter 66500: T=1.02, Fitness=110.0, Mejor=131.2, Tasa_acept=90.4%
2025-10-19 19:34:34,141 - DEBUG - Iter 66500: T=1.02, Fitness_actual=110.0, Mejor=131.2
2025-10-19 19:34:46,197 - DEBUG - Iter 66600: T=1.02, Fitness_actual=108.4, Mejor=131.2
2025-10-19 19:34:58,265 - DEBUG - Iter 66700: T=1.01, Fitness_actual=112.6, Mejor=131.2
2025-10-19 19:35:10,438 - DEBUG - Iter 66800: T=1.01, Fitness_actual=106.2, Mejor=131.2
2025-10-19 19:35:22,617 - DEBUG - Iter 66900: T=1.00, Fitness_actual=108.1, Mejor=131.2
2025-10-19 19:35:34,826 - INFO -   Iter 67000 | Tiempo:   96.0min (80.0%) | T =     1.00 | Fitness =    106.8 | Mejor =    131.2 | Aceptación =  90.4%
2025-10-19 19:35:34,826 - INFO - Progreso iter 67000: T=1.00, Fitness=106.8, Mejor=131.2, Tasa_acept=90.4%
2025-10-19 19:35:34,828 - DEBUG - Iter 67000: T=1.00, Fitness_actual=106.8, Mejor=131.2
2025-10-19 19:35:47,211 - DEBUG - Iter 67100: T=0.99, Fitness_actual=106.6, Mejor=131.2
2025-10-19 19:35:59,510 - DEBUG - Iter 67200: T=0.99, Fitness_actual=108.1, Mejor=131.2
2025-10-19 19:36:03,885 - WARNING - ================================================================================
2025-10-19 19:36:03,886 - WARNING - ⚠️  SALTO ANORMAL DETECTADO en iteración 67236
2025-10-19 19:36:03,886 - WARNING -    Fitness actual: 106.2
2025-10-19 19:36:03,886 - WARNING -    Fitness vecino: 78.6
2025-10-19 19:36:03,886 - WARNING -    Delta: -27.5
2025-10-19 19:36:03,887 - WARNING -    Temperatura: 0.99
2025-10-19 19:36:03,887 - WARNING -    Tipo perturbación aplicada: (ver generar_vecino)
2025-10-19 19:36:03,887 - WARNING -    Vecino - Puntos: 13374, Tiempo: 12543.2min, Distancia: 239.8km
2025-10-19 19:36:03,887 - WARNING -    Actual - Puntos: 13951, Tiempo: 11218.2min, Distancia: 113.2km
2025-10-19 19:36:03,888 - WARNING -    Validez restricciones - Vecino: False, Actual: False
2025-10-19 19:36:03,888 - WARNING - ================================================================================
2025-10-19 19:36:03,888 - WARNING - ⚠️  SALTO ANORMAL DETECTADO en iteración 67236
2025-10-19 19:36:03,888 - WARNING -    Fitness: 106.2 → 78.6 (Δ=-27.5)
2025-10-19 19:36:03,888 - WARNING -    Ver detalles en archivo de log
2025-10-19 19:36:11,703 - DEBUG - Iter 67300: T=0.99, Fitness_actual=106.2, Mejor=131.2
2025-10-19 19:36:23,964 - DEBUG - Iter 67400: T=0.98, Fitness_actual=107.0, Mejor=131.2
2025-10-19 19:36:36,241 - INFO -   Iter 67500 | Tiempo:   97.0min (80.8%) | T =     0.98 | Fitness =    107.8 | Mejor =    131.2 | Aceptación =  90.4%
2025-10-19 19:36:36,242 - INFO - Progreso iter 67500: T=0.98, Fitness=107.8, Mejor=131.2, Tasa_acept=90.4%
2025-10-19 19:36:36,243 - DEBUG - Iter 67500: T=0.98, Fitness_actual=107.8, Mejor=131.2
2025-10-19 19:36:48,497 - DEBUG - Iter 67600: T=0.97, Fitness_actual=109.2, Mejor=131.2
2025-10-19 19:37:00,899 - DEBUG - Iter 67700: T=0.97, Fitness_actual=110.3, Mejor=131.2
2025-10-19 19:37:13,130 - DEBUG - Iter 67800: T=0.96, Fitness_actual=109.7, Mejor=131.2
2025-10-19 19:37:25,432 - DEBUG - Iter 67900: T=0.96, Fitness_actual=109.5, Mejor=131.2
2025-10-19 19:37:37,905 - INFO -   Iter 68000 | Tiempo:   98.0min (81.7%) | T =     0.95 | Fitness =    111.8 | Mejor =    131.2 | Aceptación =  90.4%
2025-10-19 19:37:37,906 - INFO - Progreso iter 68000: T=0.95, Fitness=111.8, Mejor=131.2, Tasa_acept=90.4%
2025-10-19 19:37:37,908 - DEBUG - Iter 68000: T=0.95, Fitness_actual=111.8, Mejor=131.2
2025-10-19 19:37:50,912 - DEBUG - Iter 68100: T=0.95, Fitness_actual=113.4, Mejor=131.2
2025-10-19 19:38:04,284 - DEBUG - Iter 68200: T=0.94, Fitness_actual=111.8, Mejor=131.2
2025-10-19 19:38:17,703 - DEBUG - Iter 68300: T=0.94, Fitness_actual=110.0, Mejor=131.2
2025-10-19 19:38:30,519 - DEBUG - Iter 68400: T=0.94, Fitness_actual=112.0, Mejor=131.2
2025-10-19 19:38:42,824 - INFO -   Iter 68500 | Tiempo:   99.1min (82.6%) | T =     0.93 | Fitness =    112.1 | Mejor =    131.2 | Aceptación =  90.4%
2025-10-19 19:38:42,824 - INFO - Progreso iter 68500: T=0.93, Fitness=112.1, Mejor=131.2, Tasa_acept=90.4%
2025-10-19 19:38:42,826 - DEBUG - Iter 68500: T=0.93, Fitness_actual=112.1, Mejor=131.2
2025-10-19 19:38:55,184 - DEBUG - Iter 68600: T=0.93, Fitness_actual=108.1, Mejor=131.2
2025-10-19 19:39:07,567 - DEBUG - Iter 68700: T=0.92, Fitness_actual=108.6, Mejor=131.2
2025-10-19 19:39:19,903 - DEBUG - Iter 68800: T=0.92, Fitness_actual=110.7, Mejor=131.2
2025-10-19 19:39:32,274 - DEBUG - Iter 68900: T=0.91, Fitness_actual=108.8, Mejor=131.2
2025-10-19 19:39:44,761 - INFO -   Iter 69000 | Tiempo:  100.1min (83.4%) | T =     0.91 | Fitness =    103.7 | Mejor =    131.2 | Aceptación =  90.4%
2025-10-19 19:39:44,761 - INFO - Progreso iter 69000: T=0.91, Fitness=103.7, Mejor=131.2, Tasa_acept=90.4%
2025-10-19 19:39:44,762 - DEBUG - Iter 69000: T=0.91, Fitness_actual=103.7, Mejor=131.2
2025-10-19 19:39:57,362 - DEBUG - Iter 69100: T=0.91, Fitness_actual=104.0, Mejor=131.2
2025-10-19 19:40:10,270 - DEBUG - Iter 69200: T=0.90, Fitness_actual=103.8, Mejor=131.2
2025-10-19 19:40:23,196 - DEBUG - Iter 69300: T=0.90, Fitness_actual=103.2, Mejor=131.2
2025-10-19 19:40:36,212 - DEBUG - Iter 69400: T=0.89, Fitness_actual=104.1, Mejor=131.2
2025-10-19 19:40:48,828 - INFO -   Iter 69500 | Tiempo:  101.2min (84.3%) | T =     0.89 | Fitness =    103.5 | Mejor =    131.2 | Aceptación =  90.4%
2025-10-19 19:40:48,828 - INFO - Progreso iter 69500: T=0.89, Fitness=103.5, Mejor=131.2, Tasa_acept=90.4%
2025-10-19 19:40:48,829 - DEBUG - Iter 69500: T=0.89, Fitness_actual=103.5, Mejor=131.2
2025-10-19 19:41:01,432 - DEBUG - Iter 69600: T=0.88, Fitness_actual=104.3, Mejor=131.2
2025-10-19 19:41:13,923 - DEBUG - Iter 69700: T=0.88, Fitness_actual=104.1, Mejor=131.2
2025-10-19 19:41:26,485 - DEBUG - Iter 69800: T=0.88, Fitness_actual=104.0, Mejor=131.2
2025-10-19 19:41:38,973 - DEBUG - Iter 69900: T=0.87, Fitness_actual=106.8, Mejor=131.2
2025-10-19 19:41:51,478 - INFO -   Iter 70000 | Tiempo:  102.2min (85.2%) | T =     0.87 | Fitness =    104.1 | Mejor =    131.2 | Aceptación =  90.4%
2025-10-19 19:41:51,479 - INFO - Progreso iter 70000: T=0.87, Fitness=104.1, Mejor=131.2, Tasa_acept=90.4%
2025-10-19 19:41:51,481 - DEBUG - Iter 70000: T=0.87, Fitness_actual=104.1, Mejor=131.2
2025-10-19 19:42:04,072 - DEBUG - Iter 70100: T=0.86, Fitness_actual=103.6, Mejor=131.2
2025-10-19 19:42:16,558 - DEBUG - Iter 70200: T=0.86, Fitness_actual=104.0, Mejor=131.2
2025-10-19 19:42:29,689 - DEBUG - Iter 70300: T=0.86, Fitness_actual=104.7, Mejor=131.2
2025-10-19 19:42:43,229 - DEBUG - Iter 70400: T=0.85, Fitness_actual=102.1, Mejor=131.2
2025-10-19 19:42:56,828 - INFO -   Iter 70500 | Tiempo:  103.3min (86.1%) | T =     0.85 | Fitness =    106.8 | Mejor =    131.2 | Aceptación =  90.4%
2025-10-19 19:42:56,828 - INFO - Progreso iter 70500: T=0.85, Fitness=106.8, Mejor=131.2, Tasa_acept=90.4%
2025-10-19 19:42:56,829 - DEBUG - Iter 70500: T=0.85, Fitness_actual=106.8, Mejor=131.2
2025-10-19 19:43:10,688 - DEBUG - Iter 70600: T=0.84, Fitness_actual=104.4, Mejor=131.2
2025-10-19 19:43:24,041 - DEBUG - Iter 70700: T=0.84, Fitness_actual=104.1, Mejor=131.2
2025-10-19 19:43:36,662 - DEBUG - Iter 70800: T=0.84, Fitness_actual=105.0, Mejor=131.2
2025-10-19 19:43:49,402 - DEBUG - Iter 70900: T=0.83, Fitness_actual=103.8, Mejor=131.2
2025-10-19 19:44:02,031 - INFO -   Iter 71000 | Tiempo:  104.4min (87.0%) | T =     0.83 | Fitness =    104.4 | Mejor =    131.2 | Aceptación =  90.4%
2025-10-19 19:44:02,032 - INFO - Progreso iter 71000: T=0.83, Fitness=104.4, Mejor=131.2, Tasa_acept=90.4%
2025-10-19 19:44:02,033 - DEBUG - Iter 71000: T=0.83, Fitness_actual=104.4, Mejor=131.2
2025-10-19 19:44:14,581 - DEBUG - Iter 71100: T=0.82, Fitness_actual=104.7, Mejor=131.2
2025-10-19 19:44:27,110 - DEBUG - Iter 71200: T=0.82, Fitness_actual=102.5, Mejor=131.2
2025-10-19 19:44:39,656 - DEBUG - Iter 71300: T=0.82, Fitness_actual=104.9, Mejor=131.2
2025-10-19 19:44:52,253 - DEBUG - Iter 71400: T=0.81, Fitness_actual=104.5, Mejor=131.2
2025-10-19 19:45:05,348 - INFO -   Iter 71500 | Tiempo:  105.5min (87.9%) | T =     0.81 | Fitness =    104.9 | Mejor =    131.2 | Aceptación =  90.4%
2025-10-19 19:45:05,348 - INFO - Progreso iter 71500: T=0.81, Fitness=104.9, Mejor=131.2, Tasa_acept=90.4%
2025-10-19 19:45:05,350 - DEBUG - Iter 71500: T=0.81, Fitness_actual=104.9, Mejor=131.2
2025-10-19 19:45:18,711 - DEBUG - Iter 71600: T=0.81, Fitness_actual=103.1, Mejor=131.2
2025-10-19 19:45:32,497 - DEBUG - Iter 71700: T=0.80, Fitness_actual=103.0, Mejor=131.2
2025-10-19 19:45:46,229 - DEBUG - Iter 71800: T=0.80, Fitness_actual=103.1, Mejor=131.2
2025-10-19 19:45:59,414 - DEBUG - Iter 71900: T=0.79, Fitness_actual=103.9, Mejor=131.2
2025-10-19 19:46:12,199 - INFO -   Iter 72000 | Tiempo:  106.6min (88.8%) | T =     0.79 | Fitness =    103.2 | Mejor =    131.2 | Aceptación =  90.4%
2025-10-19 19:46:12,199 - INFO - Progreso iter 72000: T=0.79, Fitness=103.2, Mejor=131.2, Tasa_acept=90.4%
2025-10-19 19:46:12,201 - DEBUG - Iter 72000: T=0.79, Fitness_actual=103.2, Mejor=131.2
2025-10-19 19:46:25,064 - DEBUG - Iter 72100: T=0.79, Fitness_actual=106.4, Mejor=131.2
2025-10-19 19:46:37,760 - DEBUG - Iter 72200: T=0.78, Fitness_actual=101.3, Mejor=131.2
2025-10-19 19:46:50,600 - WARNING - ⚠️  DEGRADACIÓN DETECTADA en iter 72300:
2025-10-19 19:46:50,600 - WARNING -    Mejor fitness: 131.2
2025-10-19 19:46:50,600 - WARNING -    Fitness promedio reciente: 100.7
2025-10-19 19:46:50,600 - WARNING -    Degradación: 30.5
2025-10-19 19:46:50,601 - WARNING -    🔄 RESTAURANDO mejor solución...
2025-10-19 19:46:50,602 - DEBUG - Iter 72300: T=0.78, Fitness_actual=131.2, Mejor=131.2
2025-10-19 19:46:50,602 - INFO - 🌟 MEJORA #160 en iter 72300: Fitness=131.2 (+0.0), Puntos=15764
2025-10-19 19:46:50,602 - INFO -   ✨ Mejora #160 en iteración 72301: Fitness = 131.2 | Puntos = 15764 | T = 0.78
2025-10-19 19:46:50,985 - INFO - 🌟 MEJORA #161 en iter 72303: Fitness=131.2 (+0.0), Puntos=15766
2025-10-19 19:46:51,365 - INFO - 🌟 MEJORA #162 en iter 72306: Fitness=131.3 (+0.0), Puntos=15771
2025-10-19 19:46:51,496 - INFO - 🌟 MEJORA #163 en iter 72307: Fitness=131.4 (+0.1), Puntos=15780
2025-10-19 19:46:52,167 - INFO - 🌟 MEJORA #164 en iter 72312: Fitness=131.4 (+0.1), Puntos=15789
2025-10-19 19:46:52,677 - INFO - 🌟 MEJORA #165 en iter 72316: Fitness=131.4 (+0.0), Puntos=15789
2025-10-19 19:46:52,677 - INFO -   ✨ Mejora #165 en iteración 72317: Fitness = 131.4 | Puntos = 15789 | T = 0.78
2025-10-19 19:47:03,516 - DEBUG - Iter 72400: T=0.77, Fitness_actual=126.8, Mejor=131.4
2025-10-19 19:47:16,324 - INFO -   Iter 72500 | Tiempo:  107.6min (89.7%) | T =     0.77 | Fitness =    125.2 | Mejor =    131.4 | Aceptación =  90.4%
2025-10-19 19:47:16,324 - INFO - Progreso iter 72500: T=0.77, Fitness=125.2, Mejor=131.4, Tasa_acept=90.4%
2025-10-19 19:47:16,325 - DEBUG - Iter 72500: T=0.77, Fitness_actual=125.2, Mejor=131.4
2025-10-19 19:47:29,320 - DEBUG - Iter 72600: T=0.77, Fitness_actual=125.6, Mejor=131.4
2025-10-19 19:47:42,216 - DEBUG - Iter 72700: T=0.76, Fitness_actual=125.7, Mejor=131.4
2025-10-19 19:47:55,042 - DEBUG - Iter 72800: T=0.76, Fitness_actual=123.6, Mejor=131.4
2025-10-19 19:48:07,976 - DEBUG - Iter 72900: T=0.76, Fitness_actual=125.8, Mejor=131.4
2025-10-19 19:48:20,927 - INFO -   Iter 73000 | Tiempo:  108.7min (90.6%) | T =     0.75 | Fitness =    125.5 | Mejor =    131.4 | Aceptación =  90.4%
2025-10-19 19:48:20,927 - INFO - Progreso iter 73000: T=0.75, Fitness=125.5, Mejor=131.4, Tasa_acept=90.4%
2025-10-19 19:48:20,929 - DEBUG - Iter 73000: T=0.75, Fitness_actual=125.5, Mejor=131.4
2025-10-19 19:48:33,826 - DEBUG - Iter 73100: T=0.75, Fitness_actual=124.2, Mejor=131.4
2025-10-19 19:48:46,669 - DEBUG - Iter 73200: T=0.75, Fitness_actual=124.0, Mejor=131.4
2025-10-19 19:48:59,533 - DEBUG - Iter 73300: T=0.74, Fitness_actual=125.0, Mejor=131.4
2025-10-19 19:49:12,438 - DEBUG - Iter 73400: T=0.74, Fitness_actual=126.9, Mejor=131.4
2025-10-19 19:49:25,618 - INFO -   Iter 73500 | Tiempo:  109.8min (91.5%) | T =     0.74 | Fitness =    125.4 | Mejor =    131.4 | Aceptación =  90.4%
2025-10-19 19:49:25,618 - INFO - Progreso iter 73500: T=0.74, Fitness=125.4, Mejor=131.4, Tasa_acept=90.4%
2025-10-19 19:49:25,620 - DEBUG - Iter 73500: T=0.74, Fitness_actual=125.4, Mejor=131.4
2025-10-19 19:49:38,811 - DEBUG - Iter 73600: T=0.73, Fitness_actual=126.2, Mejor=131.4
2025-10-19 19:49:52,984 - DEBUG - Iter 73700: T=0.73, Fitness_actual=127.1, Mejor=131.4
2025-10-19 19:50:06,930 - DEBUG - Iter 73800: T=0.73, Fitness_actual=129.0, Mejor=131.4
2025-10-19 19:50:21,028 - DEBUG - Iter 73900: T=0.72, Fitness_actual=130.1, Mejor=131.4
2025-10-19 19:50:35,079 - INFO -   Iter 74000 | Tiempo:  111.0min (92.5%) | T =     0.72 | Fitness =    128.3 | Mejor =    131.4 | Aceptación =  90.3%
2025-10-19 19:50:35,080 - INFO - Progreso iter 74000: T=0.72, Fitness=128.3, Mejor=131.4, Tasa_acept=90.3%
2025-10-19 19:50:35,081 - DEBUG - Iter 74000: T=0.72, Fitness_actual=128.3, Mejor=131.4
2025-10-19 19:50:49,115 - DEBUG - Iter 74100: T=0.71, Fitness_actual=126.3, Mejor=131.4
2025-10-19 19:51:02,474 - DEBUG - Iter 74200: T=0.71, Fitness_actual=125.2, Mejor=131.4
2025-10-19 19:51:15,519 - DEBUG - Iter 74300: T=0.71, Fitness_actual=121.7, Mejor=131.4
2025-10-19 19:51:28,558 - DEBUG - Iter 74400: T=0.70, Fitness_actual=122.4, Mejor=131.4
2025-10-19 19:51:41,911 - INFO -   Iter 74500 | Tiempo:  112.1min (93.4%) | T =     0.70 | Fitness =    118.1 | Mejor =    131.4 | Aceptación =  90.3%
2025-10-19 19:51:41,911 - INFO - Progreso iter 74500: T=0.70, Fitness=118.1, Mejor=131.4, Tasa_acept=90.3%
2025-10-19 19:51:41,913 - DEBUG - Iter 74500: T=0.70, Fitness_actual=118.1, Mejor=131.4
2025-10-19 19:51:55,171 - DEBUG - Iter 74600: T=0.70, Fitness_actual=122.2, Mejor=131.4
2025-10-19 19:52:08,603 - DEBUG - Iter 74700: T=0.69, Fitness_actual=123.7, Mejor=131.4
2025-10-19 19:52:22,044 - DEBUG - Iter 74800: T=0.69, Fitness_actual=126.6, Mejor=131.4
2025-10-19 19:52:35,390 - DEBUG - Iter 74900: T=0.69, Fitness_actual=122.9, Mejor=131.4
2025-10-19 19:52:48,721 - INFO -   Iter 75000 | Tiempo:  113.2min (94.3%) | T =     0.68 | Fitness =    123.8 | Mejor =    131.4 | Aceptación =  90.3%
2025-10-19 19:52:48,722 - INFO - Progreso iter 75000: T=0.68, Fitness=123.8, Mejor=131.4, Tasa_acept=90.3%
2025-10-19 19:52:48,723 - DEBUG - Iter 75000: T=0.68, Fitness_actual=123.8, Mejor=131.4
2025-10-19 19:53:02,114 - DEBUG - Iter 75100: T=0.68, Fitness_actual=122.0, Mejor=131.4
2025-10-19 19:53:16,306 - DEBUG - Iter 75200: T=0.68, Fitness_actual=121.5, Mejor=131.4
2025-10-19 19:53:30,548 - DEBUG - Iter 75300: T=0.67, Fitness_actual=124.3, Mejor=131.4
2025-10-19 19:53:45,219 - DEBUG - Iter 75400: T=0.67, Fitness_actual=124.8, Mejor=131.4
2025-10-19 19:53:59,577 - INFO -   Iter 75500 | Tiempo:  114.4min (95.3%) | T =     0.67 | Fitness =    124.9 | Mejor =    131.4 | Aceptación =  90.3%
2025-10-19 19:53:59,577 - INFO - Progreso iter 75500: T=0.67, Fitness=124.9, Mejor=131.4, Tasa_acept=90.3%
2025-10-19 19:53:59,580 - DEBUG - Iter 75500: T=0.67, Fitness_actual=124.9, Mejor=131.4
2025-10-19 19:54:12,958 - DEBUG - Iter 75600: T=0.66, Fitness_actual=125.3, Mejor=131.4
2025-10-19 19:54:26,409 - DEBUG - Iter 75700: T=0.66, Fitness_actual=123.4, Mejor=131.4
2025-10-19 19:54:39,722 - DEBUG - Iter 75800: T=0.66, Fitness_actual=122.2, Mejor=131.4
2025-10-19 19:54:53,114 - DEBUG - Iter 75900: T=0.65, Fitness_actual=121.6, Mejor=131.4
2025-10-19 19:55:06,506 - INFO -   Iter 76000 | Tiempo:  115.5min (96.2%) | T =     0.65 | Fitness =    120.8 | Mejor =    131.4 | Aceptación =  90.3%
2025-10-19 19:55:06,506 - INFO - Progreso iter 76000: T=0.65, Fitness=120.8, Mejor=131.4, Tasa_acept=90.3%
2025-10-19 19:55:06,508 - DEBUG - Iter 76000: T=0.65, Fitness_actual=120.8, Mejor=131.4
2025-10-19 19:55:20,041 - DEBUG - Iter 76100: T=0.65, Fitness_actual=121.9, Mejor=131.4
2025-10-19 19:55:33,227 - DEBUG - Iter 76200: T=0.65, Fitness_actual=124.1, Mejor=131.4
2025-10-19 19:55:46,612 - DEBUG - Iter 76300: T=0.64, Fitness_actual=126.6, Mejor=131.4
2025-10-19 19:56:00,620 - DEBUG - Iter 76400: T=0.64, Fitness_actual=127.7, Mejor=131.4
2025-10-19 19:56:14,089 - INFO -   Iter 76500 | Tiempo:  116.6min (97.2%) | T =     0.64 | Fitness =    127.9 | Mejor =    131.4 | Aceptación =  90.2%
2025-10-19 19:56:14,089 - INFO - Progreso iter 76500: T=0.64, Fitness=127.9, Mejor=131.4, Tasa_acept=90.2%
2025-10-19 19:56:14,090 - DEBUG - Iter 76500: T=0.64, Fitness_actual=127.9, Mejor=131.4
2025-10-19 19:56:27,522 - DEBUG - Iter 76600: T=0.63, Fitness_actual=127.2, Mejor=131.4
2025-10-19 19:56:41,095 - DEBUG - Iter 76700: T=0.63, Fitness_actual=126.0, Mejor=131.4
2025-10-19 19:56:54,761 - DEBUG - Iter 76800: T=0.63, Fitness_actual=123.5, Mejor=131.4
2025-10-19 19:57:08,031 - DEBUG - Iter 76900: T=0.62, Fitness_actual=125.7, Mejor=131.4
2025-10-19 19:57:21,659 - INFO -   Iter 77000 | Tiempo:  117.7min (98.1%) | T =     0.62 | Fitness =    123.0 | Mejor =    131.4 | Aceptación =  90.2%
2025-10-19 19:57:21,659 - INFO - Progreso iter 77000: T=0.62, Fitness=123.0, Mejor=131.4, Tasa_acept=90.2%
2025-10-19 19:57:21,661 - DEBUG - Iter 77000: T=0.62, Fitness_actual=123.0, Mejor=131.4
2025-10-19 19:57:35,901 - DEBUG - Iter 77100: T=0.62, Fitness_actual=124.0, Mejor=131.4
2025-10-19 19:57:49,762 - DEBUG - Iter 77200: T=0.62, Fitness_actual=125.4, Mejor=131.4
2025-10-19 19:58:03,402 - DEBUG - Iter 77300: T=0.61, Fitness_actual=127.0, Mejor=131.4
2025-10-19 19:58:16,756 - DEBUG - Iter 77400: T=0.61, Fitness_actual=127.1, Mejor=131.4
2025-10-19 19:58:30,023 - INFO -   Iter 77500 | Tiempo:  118.9min (99.1%) | T =     0.61 | Fitness =    122.9 | Mejor =    131.4 | Aceptación =  90.1%
2025-10-19 19:58:30,023 - INFO - Progreso iter 77500: T=0.61, Fitness=122.9, Mejor=131.4, Tasa_acept=90.1%
2025-10-19 19:58:30,025 - DEBUG - Iter 77500: T=0.61, Fitness_actual=122.9, Mejor=131.4
2025-10-19 19:58:43,578 - DEBUG - Iter 77600: T=0.60, Fitness_actual=124.3, Mejor=131.4
2025-10-19 19:58:56,849 - DEBUG - Iter 77700: T=0.60, Fitness_actual=123.9, Mejor=131.4
2025-10-19 19:59:10,351 - DEBUG - Iter 77800: T=0.60, Fitness_actual=122.2, Mejor=131.4
2025-10-19 19:59:23,730 - DEBUG - Iter 77900: T=0.60, Fitness_actual=120.9, Mejor=131.4
2025-10-19 19:59:37,322 - INFO -   Iter 78000 | Tiempo:  120.0min (100.0%) | T =     0.59 | Fitness =    121.1 | Mejor =    131.4 | Aceptación =  90.1%
2025-10-19 19:59:37,322 - INFO - Progreso iter 78000: T=0.59, Fitness=121.1, Mejor=131.4, Tasa_acept=90.1%
2025-10-19 19:59:37,324 - DEBUG - Iter 78000: T=0.59, Fitness_actual=121.1, Mejor=131.4
2025-10-19 19:59:37,880 - INFO - ⏰ Tiempo máximo alcanzado: 120.0 minutos
2025-10-19 19:59:38,196 - INFO - 💾 Gráfica guardada: graficas\evolucion_fitness_sa_19_19_59.png
2025-10-19 21:57:54,568 - INFO - ================================================================================
2025-10-19 21:57:54,569 - INFO - ✅ ENFRIAMIENTO SIMULADO COMPLETADO
2025-10-19 21:57:54,569 - INFO - ================================================================================
2025-10-19 21:57:54,569 - INFO - Iteraciones: 78,005
2025-10-19 21:57:54,569 - INFO - Tiempo ejecución: 120.00 minutos
2025-10-19 21:57:54,569 - INFO - Fitness inicial: 99.8
2025-10-19 21:57:54,570 - INFO - Fitness final: 131.4
2025-10-19 21:57:54,570 - INFO - Mejora: +31.6 (+31.67%)
2025-10-19 21:57:54,570 - INFO - Mejoras encontradas: 165
2025-10-19 21:57:54,570 - INFO - Tasa aceptación: 90.10%
2025-10-19 21:57:54,570 - INFO - ================================================================================
2025-10-19 21:57:54,571 - INFO - ================================================================================
2025-10-19 21:57:54,571 - INFO - ✅ ENFRIAMIENTO SIMULADO COMPLETADO
2025-10-19 21:57:54,572 - INFO - ================================================================================
2025-10-19 21:57:54,572 - INFO - 
2025-10-19 21:57:54,572 - INFO - 📈 Estadísticas:
2025-10-19 21:57:54,573 - INFO -   • Iteraciones realizadas: 78,005
2025-10-19 21:57:54,573 - INFO -   • Tiempo de ejecución: 120.00 minutos (2.00 horas)
2025-10-19 21:57:54,573 - INFO -   • Temperatura final: 0.5929
2025-10-19 21:57:54,573 - INFO -   • Total aceptaciones: 70,280 (90.1%)
2025-10-19 21:57:54,574 - INFO -   • Total rechazos: 7,724
2025-10-19 21:57:54,574 - INFO -   • Mejoras encontradas: 165
2025-10-19 21:57:54,574 - INFO - 
2025-10-19 21:57:54,574 - INFO - 🏆 Resultados:
2025-10-19 21:57:54,575 - INFO -   • Fitness inicial: 99.8
2025-10-19 21:57:54,575 - INFO -   • Fitness final: 131.4
2025-10-19 21:57:54,575 - INFO -   • Mejora absoluta: +31.6
2025-10-19 21:57:54,575 - INFO -   • Mejora porcentual: +31.67%
2025-10-19 21:57:54,576 - INFO -   • Puntos totales: 15789
2025-10-19 21:57:54,576 - INFO -   • Tiempo total: 223.8h
2025-10-19 21:57:54,576 - INFO -   • Distancia total: 150.0km
2025-10-19 21:57:54,576 - INFO - ================================================================================
2025-10-19 21:57:54,577 - INFO - ================================================================================
2025-10-19 21:57:54,577 - INFO - 📋 ANÁLISIS DE LA SOLUCIÓN FINAL
2025-10-19 21:57:54,577 - INFO - ================================================================================
2025-10-19 21:57:54,855 - INFO - 💾 Resultados exportados a: resultados_sa_standalone_20251019_215754.json
2025-10-19 21:57:54,856 - INFO - 
2025-10-19 21:57:54,856 - INFO - ✅ Resultados guardados exitosamente:
2025-10-19 21:57:54,856 - INFO -    • JSON: resultados_sa_standalone_20251019_215754.json
2025-10-19 21:57:54,857 - INFO -    • Log: logs\19_17_59_sa.log
2025-10-19 21:57:54,857 - INFO -    • Gráfica: graficas/evolucion_fitness_sa_*.png
2025-10-19 21:57:54,857 - INFO - ✅ Ejecución completada exitosamente!
