2025-10-19 22:29:41,696 - INFO - 📝 Log iniciado: logs\19_22_29_sa.log
2025-10-19 22:29:41,698 - INFO - 🎲 Modo 1: Enfriamiento Simulado desde solución aleatoria
2025-10-19 22:29:41,698 - INFO - ================================================================================
2025-10-19 22:29:41,698 - INFO - 🔥 INICIANDO ENFRIAMIENTO SIMULADO
2025-10-19 22:29:41,698 - INFO - ================================================================================
2025-10-19 22:29:41,698 - INFO - 🎲 Generando solución inicial aleatoria...
2025-10-19 22:29:42,067 - INFO - Solución inicial creada - Fitness: 99.8, Puntos: 15233
2025-10-19 22:29:42,067 - INFO -   ✅ La solución del GA es válida (sin duplicados).
2025-10-19 22:29:42,070 - INFO - 📊 Configuración para Enfriamiento Simulado:
2025-10-19 22:29:42,070 - INFO -   • Temperatura inicial: 3.0
2025-10-19 22:29:42,070 - INFO -   • Temperatura mínima: 0.1
2025-10-19 22:29:42,070 - INFO -   • Tipo de enfriamiento: 🔄 ADAPTATIVO (lineal por tiempo)
2025-10-19 22:29:42,070 - INFO -   • Máx. tiempo: 120.0 minutos (2.0 horas)
2025-10-19 22:29:42,071 - INFO -   • Máx. iter. sin mejora: 999,999
2025-10-19 22:29:42,071 - INFO -   • Usar optimización 2-opt: ✅ SÍ
2025-10-19 22:29:42,071 - INFO -   • Fitness inicial (REAL): 99.8
2025-10-19 22:29:42,071 - INFO -   • Puntos iniciales (REAL): 15233
2025-10-19 22:29:42,072 - INFO - ================================================================================
2025-10-19 22:29:42,950 - INFO - 🔄 Iniciando búsqueda...
2025-10-19 22:29:42,950 - INFO - Iniciando búsqueda por vecindario
2025-10-19 22:29:42,951 - INFO - Configuración: T_inicial=3, alpha=0.9995, max_tiempo=7200s, usar_2opt=True
2025-10-19 22:29:42,951 - INFO - --- Cambiando a Fase: Inicial (Exploración) (Progreso: 0.0%) ---
2025-10-19 22:29:42,955 - DEBUG - Iter 0: T=3.00, Fitness_actual=99.8, Mejor=99.8
2025-10-19 22:29:42,955 - INFO - 🌟 MEJORA #1 en iter 0: Fitness=99.8 (+0.0), Puntos=15233
2025-10-19 22:29:43,336 - INFO - 🌟 MEJORA #2 en iter 3: Fitness=100.8 (+1.0), Puntos=15231
2025-10-19 22:29:43,480 - INFO - 🌟 MEJORA #3 en iter 6: Fitness=100.9 (+0.1), Puntos=15237
2025-10-19 22:29:43,763 - INFO - 🌟 MEJORA #4 en iter 13: Fitness=101.8 (+0.9), Puntos=15228
2025-10-19 22:29:44,388 - INFO - 🌟 MEJORA #5 en iter 26: Fitness=102.0 (+0.2), Puntos=14298
2025-10-19 22:29:44,389 - INFO -   ✨ Mejora #5 en iteración 27: Fitness = 102.0 | Puntos = 14298 | T = 3.00
2025-10-19 22:29:46,266 - INFO - Iter 50: Aceptada solución con delta=-10.5 (T=2.99)
2025-10-19 22:29:46,266 - INFO -   📊 Desglose del cambio:
2025-10-19 22:29:46,267 - INFO -      Puntos: +0 → 14358 total
2025-10-19 22:29:46,267 - INFO -      Tiempo: +0.0min → 13385.6min total
2025-10-19 22:29:46,267 - INFO -      Distancia: +0.0km → 161.1km total
2025-10-19 22:29:48,237 - DEBUG - Iter 100: T=2.99, Fitness_actual=93.7, Mejor=102.0
2025-10-19 22:29:52,362 - DEBUG - Iter 200: T=2.99, Fitness_actual=100.9, Mejor=102.0
2025-10-19 22:29:56,465 - DEBUG - Iter 300: T=2.98, Fitness_actual=89.0, Mejor=102.0
2025-10-19 22:30:01,031 - DEBUG - Iter 400: T=2.98, Fitness_actual=80.2, Mejor=102.0
2025-10-19 22:30:05,064 - INFO -   Iter   500 | Tiempo:    0.4min ( 0.3%) | T =     2.97 | Fitness =     78.5 | Mejor =    102.0 | Aceptación =  85.6%
2025-10-19 22:30:05,064 - INFO - Progreso iter 500: T=2.97, Fitness=78.5, Mejor=102.0, Tasa_acept=85.6%
2025-10-19 22:30:05,065 - WARNING - ⚠️  DEGRADACIÓN DETECTADA en iter 500:
2025-10-19 22:30:05,065 - WARNING -    Mejor fitness: 102.0
2025-10-19 22:30:05,065 - WARNING -    Fitness promedio reciente: 80.0
2025-10-19 22:30:05,065 - WARNING -    Degradación: 22.0
2025-10-19 22:30:05,066 - WARNING -    🔄 RESTAURANDO mejor solución...
2025-10-19 22:30:05,069 - DEBUG - Iter 500: T=2.97, Fitness_actual=102.0, Mejor=102.0
2025-10-19 22:30:05,107 - INFO - 🌟 MEJORA #6 en iter 501: Fitness=102.0 (+0.0), Puntos=14298
2025-10-19 22:30:05,146 - INFO - 🌟 MEJORA #7 en iter 502: Fitness=102.0 (+0.0), Puntos=14298
2025-10-19 22:30:07,614 - INFO - 🌟 MEJORA #8 en iter 563: Fitness=104.9 (+2.9), Puntos=14788
2025-10-19 22:30:07,655 - INFO - 🌟 MEJORA #9 en iter 564: Fitness=106.4 (+1.5), Puntos=14788
2025-10-19 22:30:09,183 - DEBUG - Iter 600: T=2.97, Fitness_actual=102.2, Mejor=106.4
2025-10-19 22:30:09,570 - INFO - 🌟 MEJORA #10 en iter 609: Fitness=106.4 (+0.1), Puntos=14949
2025-10-19 22:30:09,571 - INFO -   ✨ Mejora #10 en iteración 610: Fitness = 106.4 | Puntos = 14949 | T = 2.97
2025-10-19 22:30:11,119 - INFO - 🌟 MEJORA #11 en iter 643: Fitness=106.9 (+0.4), Puntos=14540
2025-10-19 22:30:11,289 - INFO - 🌟 MEJORA #12 en iter 647: Fitness=107.0 (+0.1), Puntos=14503
2025-10-19 22:30:11,331 - INFO - 🌟 MEJORA #13 en iter 648: Fitness=107.0 (+0.0), Puntos=14503
2025-10-19 22:30:11,418 - INFO - 🌟 MEJORA #14 en iter 650: Fitness=107.0 (+0.0), Puntos=14503
2025-10-19 22:30:13,423 - INFO - 🌟 MEJORA #15 en iter 696: Fitness=107.9 (+0.8), Puntos=14489
2025-10-19 22:30:13,423 - INFO -   ✨ Mejora #15 en iteración 697: Fitness = 107.9 | Puntos = 14489 | T = 2.96
2025-10-19 22:30:13,599 - DEBUG - Iter 700: T=2.96, Fitness_actual=107.2, Mejor=107.9
2025-10-19 22:30:14,493 - INFO - 🌟 MEJORA #16 en iter 720: Fitness=108.2 (+0.3), Puntos=14773
2025-10-19 22:30:14,583 - INFO - 🌟 MEJORA #17 en iter 722: Fitness=108.8 (+0.6), Puntos=14783
2025-10-19 22:30:14,999 - INFO - 🌟 MEJORA #18 en iter 731: Fitness=108.8 (+0.0), Puntos=14783
2025-10-19 22:30:15,089 - INFO - 🌟 MEJORA #19 en iter 733: Fitness=108.8 (+0.0), Puntos=14783
2025-10-19 22:30:15,134 - INFO - 🌟 MEJORA #20 en iter 734: Fitness=108.8 (+0.0), Puntos=14784
2025-10-19 22:30:15,134 - INFO -   ✨ Mejora #20 en iteración 735: Fitness = 108.8 | Puntos = 14784 | T = 2.96
2025-10-19 22:30:15,311 - INFO - 🌟 MEJORA #21 en iter 738: Fitness=108.8 (+0.0), Puntos=14789
2025-10-19 22:30:15,355 - INFO - 🌟 MEJORA #22 en iter 739: Fitness=108.8 (+0.0), Puntos=14789
2025-10-19 22:30:15,398 - INFO - 🌟 MEJORA #23 en iter 740: Fitness=109.0 (+0.1), Puntos=14799
2025-10-19 22:30:15,659 - INFO - 🌟 MEJORA #24 en iter 746: Fitness=109.4 (+0.4), Puntos=14839
2025-10-19 22:30:15,703 - INFO - 🌟 MEJORA #25 en iter 747: Fitness=109.4 (+0.0), Puntos=14839
2025-10-19 22:30:15,703 - INFO -   ✨ Mejora #25 en iteración 748: Fitness = 109.4 | Puntos = 14839 | T = 2.96
2025-10-19 22:30:16,013 - INFO - 🌟 MEJORA #26 en iter 754: Fitness=109.7 (+0.4), Puntos=14978
2025-10-19 22:30:16,101 - INFO - 🌟 MEJORA #27 en iter 756: Fitness=109.8 (+0.1), Puntos=14986
2025-10-19 22:30:16,145 - INFO - 🌟 MEJORA #28 en iter 757: Fitness=109.8 (+0.0), Puntos=14989
2025-10-19 22:30:18,122 - DEBUG - Iter 800: T=2.96, Fitness_actual=108.5, Mejor=109.8
2025-10-19 22:30:18,299 - INFO - 🌟 MEJORA #29 en iter 804: Fitness=112.5 (+2.7), Puntos=14810
2025-10-19 22:30:18,389 - INFO - 🌟 MEJORA #30 en iter 806: Fitness=113.0 (+0.5), Puntos=14804
2025-10-19 22:30:18,389 - INFO -   ✨ Mejora #30 en iteración 807: Fitness = 113.0 | Puntos = 14804 | T = 2.96
2025-10-19 22:30:22,321 - DEBUG - Iter 900: T=2.95, Fitness_actual=84.2, Mejor=113.0
2025-10-19 22:30:24,276 - WARNING - ⚠️  DEGRADACIÓN DETECTADA en iter 950:
2025-10-19 22:30:24,276 - WARNING -    Mejor fitness: 113.0
2025-10-19 22:30:24,277 - WARNING -    Fitness promedio reciente: 84.5
2025-10-19 22:30:24,277 - WARNING -    Degradación: 28.5
2025-10-19 22:30:24,277 - WARNING -    🔄 RESTAURANDO mejor solución...
2025-10-19 22:30:24,280 - INFO - 🌟 MEJORA #31 en iter 950: Fitness=113.0 (+0.0), Puntos=14804
2025-10-19 22:30:24,320 - INFO - 🌟 MEJORA #32 en iter 951: Fitness=113.9 (+0.9), Puntos=14793
2025-10-19 22:30:26,345 - INFO -   Iter  1000 | Tiempo:    0.7min ( 0.6%) | T =     2.95 | Fitness =    110.9 | Mejor =    113.9 | Aceptación =  84.9%
2025-10-19 22:30:26,345 - INFO - Progreso iter 1000: T=2.95, Fitness=110.9, Mejor=113.9, Tasa_acept=84.9%
2025-10-19 22:30:26,349 - DEBUG - Iter 1000: T=2.95, Fitness_actual=110.9, Mejor=113.9
2025-10-19 22:30:30,416 - DEBUG - Iter 1100: T=2.94, Fitness_actual=100.6, Mejor=113.9
2025-10-19 22:30:34,560 - DEBUG - Iter 1200: T=2.94, Fitness_actual=107.9, Mejor=113.9
2025-10-19 22:30:38,744 - DEBUG - Iter 1300: T=2.93, Fitness_actual=100.2, Mejor=113.9
2025-10-19 22:30:43,336 - WARNING - ⚠️  DEGRADACIÓN DETECTADA en iter 1400:
2025-10-19 22:30:43,336 - WARNING -    Mejor fitness: 113.9
2025-10-19 22:30:43,337 - WARNING -    Fitness promedio reciente: 88.7
2025-10-19 22:30:43,337 - WARNING -    Degradación: 25.2
2025-10-19 22:30:43,337 - WARNING -    🔄 RESTAURANDO mejor solución...
2025-10-19 22:30:43,340 - DEBUG - Iter 1400: T=2.93, Fitness_actual=113.9, Mejor=113.9
2025-10-19 22:30:48,051 - INFO -   Iter  1500 | Tiempo:    1.1min ( 0.9%) | T =     2.92 | Fitness =    100.0 | Mejor =    113.9 | Aceptación =  86.0%
2025-10-19 22:30:48,051 - INFO - Progreso iter 1500: T=2.92, Fitness=100.0, Mejor=113.9, Tasa_acept=86.0%
2025-10-19 22:30:48,052 - DEBUG - Iter 1500: T=2.92, Fitness_actual=100.0, Mejor=113.9
2025-10-19 22:30:52,938 - DEBUG - Iter 1600: T=2.92, Fitness_actual=99.7, Mejor=113.9
2025-10-19 22:30:57,374 - DEBUG - Iter 1700: T=2.91, Fitness_actual=89.3, Mejor=113.9
2025-10-19 22:30:59,433 - WARNING - ⚠️  DEGRADACIÓN DETECTADA en iter 1750:
2025-10-19 22:30:59,433 - WARNING -    Mejor fitness: 113.9
2025-10-19 22:30:59,434 - WARNING -    Fitness promedio reciente: 89.4
2025-10-19 22:30:59,434 - WARNING -    Degradación: 24.5
2025-10-19 22:30:59,434 - WARNING -    🔄 RESTAURANDO mejor solución...
2025-10-19 22:30:59,437 - INFO - 🌟 MEJORA #33 en iter 1750: Fitness=113.9 (+0.0), Puntos=14793
2025-10-19 22:30:59,520 - INFO - 🌟 MEJORA #34 en iter 1752: Fitness=113.9 (+0.0), Puntos=14793
2025-10-19 22:31:01,498 - DEBUG - Iter 1800: T=2.91, Fitness_actual=111.7, Mejor=113.9
2025-10-19 22:31:05,616 - DEBUG - Iter 1900: T=2.90, Fitness_actual=102.3, Mejor=113.9
2025-10-19 22:31:09,858 - INFO -   Iter  2000 | Tiempo:    1.5min ( 1.2%) | T =     2.90 | Fitness =    103.1 | Mejor =    113.9 | Aceptación =  85.9%
2025-10-19 22:31:09,858 - INFO - Progreso iter 2000: T=2.90, Fitness=103.1, Mejor=113.9, Tasa_acept=85.9%
2025-10-19 22:31:09,862 - DEBUG - Iter 2000: T=2.90, Fitness_actual=103.1, Mejor=113.9
2025-10-19 22:31:13,968 - DEBUG - Iter 2100: T=2.89, Fitness_actual=99.4, Mejor=113.9
2025-10-19 22:31:17,902 - WARNING - ⚠️  DEGRADACIÓN DETECTADA en iter 2200:
2025-10-19 22:31:17,902 - WARNING -    Mejor fitness: 113.9
2025-10-19 22:31:17,902 - WARNING -    Fitness promedio reciente: 85.7
2025-10-19 22:31:17,903 - WARNING -    Degradación: 28.3
2025-10-19 22:31:17,903 - WARNING -    🔄 RESTAURANDO mejor solución...
2025-10-19 22:31:17,905 - DEBUG - Iter 2200: T=2.89, Fitness_actual=113.9, Mejor=113.9
2025-10-19 22:31:17,989 - INFO - 🌟 MEJORA #35 en iter 2202: Fitness=113.9 (+0.0), Puntos=14795
2025-10-19 22:31:17,989 - INFO -   ✨ Mejora #35 en iteración 2203: Fitness = 113.9 | Puntos = 14795 | T = 2.89
2025-10-19 22:31:18,658 - WARNING - ================================================================================
2025-10-19 22:31:18,658 - WARNING - ⚠️  SALTO ANORMAL DETECTADO en iteración 2218
2025-10-19 22:31:18,659 - WARNING -    Fitness actual: 111.8
2025-10-19 22:31:18,659 - WARNING -    Fitness vecino: 61.2
2025-10-19 22:31:18,659 - WARNING -    Delta: -50.6
2025-10-19 22:31:18,660 - WARNING -    Temperatura: 2.89
2025-10-19 22:31:18,660 - WARNING -    Tipo perturbación aplicada: (ver generar_vecino)
2025-10-19 22:31:18,660 - WARNING -    Vecino - Puntos: 14778, Tiempo: 16590.4min, Distancia: 364.0km
2025-10-19 22:31:18,660 - WARNING -    Actual - Puntos: 14785, Tiempo: 14071.4min, Distancia: 171.1km
2025-10-19 22:31:18,661 - WARNING -    Validez restricciones - Vecino: False, Actual: False
2025-10-19 22:31:18,661 - WARNING - ================================================================================
2025-10-19 22:31:18,661 - WARNING - ⚠️  SALTO ANORMAL DETECTADO en iteración 2218
2025-10-19 22:31:18,661 - WARNING -    Fitness: 111.8 → 61.2 (Δ=-50.6)
2025-10-19 22:31:18,662 - WARNING -    Ver detalles en archivo de log
2025-10-19 22:31:19,743 - INFO - 🌟 MEJORA #36 en iter 2244: Fitness=113.9 (+0.0), Puntos=14846
2025-10-19 22:31:19,826 - INFO - 🌟 MEJORA #37 en iter 2246: Fitness=113.9 (+0.0), Puntos=14846
2025-10-19 22:31:22,352 - DEBUG - Iter 2300: T=2.88, Fitness_actual=87.3, Mejor=113.9
2025-10-19 22:31:24,702 - WARNING - ⚠️  DEGRADACIÓN DETECTADA en iter 2350:
2025-10-19 22:31:24,702 - WARNING -    Mejor fitness: 113.9
2025-10-19 22:31:24,703 - WARNING -    Fitness promedio reciente: 91.7
2025-10-19 22:31:24,703 - WARNING -    Degradación: 22.3
2025-10-19 22:31:24,704 - WARNING -    🔄 RESTAURANDO mejor solución...
2025-10-19 22:31:24,750 - INFO - 🌟 MEJORA #38 en iter 2351: Fitness=114.5 (+0.5), Puntos=14846
2025-10-19 22:31:24,793 - INFO - 🌟 MEJORA #39 en iter 2352: Fitness=115.0 (+0.5), Puntos=14844
2025-10-19 22:31:24,835 - INFO - 🌟 MEJORA #40 en iter 2353: Fitness=115.0 (+0.0), Puntos=14844
2025-10-19 22:31:24,836 - INFO -   ✨ Mejora #40 en iteración 2354: Fitness = 115.0 | Puntos = 14844 | T = 2.88
2025-10-19 22:31:24,921 - INFO - 🌟 MEJORA #41 en iter 2355: Fitness=115.0 (+0.0), Puntos=14844
2025-10-19 22:31:26,163 - INFO - 🌟 MEJORA #42 en iter 2383: Fitness=115.3 (+0.4), Puntos=15083
2025-10-19 22:31:26,209 - INFO - 🌟 MEJORA #43 en iter 2384: Fitness=115.8 (+0.5), Puntos=15083
2025-10-19 22:31:26,303 - INFO - 🌟 MEJORA #44 en iter 2386: Fitness=116.2 (+0.3), Puntos=15163
2025-10-19 22:31:26,394 - INFO - 🌟 MEJORA #45 en iter 2388: Fitness=117.1 (+1.0), Puntos=15161
2025-10-19 22:31:26,394 - INFO -   ✨ Mejora #45 en iteración 2389: Fitness = 117.1 | Puntos = 15161 | T = 2.88
2025-10-19 22:31:26,486 - INFO - 🌟 MEJORA #46 en iter 2390: Fitness=117.1 (+0.0), Puntos=15161
2025-10-19 22:31:27,037 - DEBUG - Iter 2400: T=2.88, Fitness_actual=112.5, Mejor=117.1
2025-10-19 22:31:31,675 - INFO -   Iter  2500 | Tiempo:    1.8min ( 1.5%) | T =     2.87 | Fitness =    102.4 | Mejor =    117.1 | Aceptación =  85.1%
2025-10-19 22:31:31,675 - INFO - Progreso iter 2500: T=2.87, Fitness=102.4, Mejor=117.1, Tasa_acept=85.1%
2025-10-19 22:31:31,677 - DEBUG - Iter 2500: T=2.87, Fitness_actual=102.4, Mejor=117.1
2025-10-19 22:31:36,371 - WARNING - ⚠️  DEGRADACIÓN DETECTADA en iter 2600:
2025-10-19 22:31:36,371 - WARNING -    Mejor fitness: 117.1
2025-10-19 22:31:36,372 - WARNING -    Fitness promedio reciente: 96.5
2025-10-19 22:31:36,372 - WARNING -    Degradación: 20.7
2025-10-19 22:31:36,372 - WARNING -    🔄 RESTAURANDO mejor solución...
2025-10-19 22:31:36,375 - DEBUG - Iter 2600: T=2.86, Fitness_actual=117.1, Mejor=117.1
2025-10-19 22:31:36,422 - INFO - 🌟 MEJORA #47 en iter 2601: Fitness=117.2 (+0.0), Puntos=15162
2025-10-19 22:31:40,965 - DEBUG - Iter 2700: T=2.86, Fitness_actual=98.0, Mejor=117.2
2025-10-19 22:31:43,330 - WARNING - ⚠️  DEGRADACIÓN DETECTADA en iter 2750:
2025-10-19 22:31:43,330 - WARNING -    Mejor fitness: 117.2
2025-10-19 22:31:43,330 - WARNING -    Fitness promedio reciente: 93.7
2025-10-19 22:31:43,331 - WARNING -    Degradación: 23.4
2025-10-19 22:31:43,331 - WARNING -    🔄 RESTAURANDO mejor solución...
2025-10-19 22:31:43,481 - INFO - 🌟 MEJORA #48 en iter 2753: Fitness=117.2 (+0.0), Puntos=15162
2025-10-19 22:31:43,624 - INFO - 🌟 MEJORA #49 en iter 2756: Fitness=117.7 (+0.5), Puntos=15164
2025-10-19 22:31:43,950 - INFO - 🌟 MEJORA #50 en iter 2763: Fitness=118.1 (+0.4), Puntos=15153
2025-10-19 22:31:43,950 - INFO -   ✨ Mejora #50 en iteración 2764: Fitness = 118.1 | Puntos = 15153 | T = 2.86
2025-10-19 22:31:43,999 - INFO - 🌟 MEJORA #51 en iter 2764: Fitness=118.1 (+0.0), Puntos=15153
2025-10-19 22:31:44,237 - INFO - 🌟 MEJORA #52 en iter 2769: Fitness=118.5 (+0.5), Puntos=15202
2025-10-19 22:31:44,286 - INFO - 🌟 MEJORA #53 en iter 2770: Fitness=120.7 (+2.2), Puntos=15519
2025-10-19 22:31:44,328 - INFO - 🌟 MEJORA #54 en iter 2771: Fitness=121.8 (+1.1), Puntos=15525
2025-10-19 22:31:44,509 - INFO - 🌟 MEJORA #55 en iter 2775: Fitness=122.9 (+1.1), Puntos=15532
2025-10-19 22:31:44,509 - INFO -   ✨ Mejora #55 en iteración 2776: Fitness = 122.9 | Puntos = 15532 | T = 2.86
2025-10-19 22:31:44,642 - INFO - 🌟 MEJORA #56 en iter 2778: Fitness=123.0 (+0.2), Puntos=15547
2025-10-19 22:31:44,686 - INFO - 🌟 MEJORA #57 en iter 2779: Fitness=123.5 (+0.5), Puntos=15547
2025-10-19 22:31:45,588 - DEBUG - Iter 2800: T=2.85, Fitness_actual=119.7, Mejor=123.5
2025-10-19 22:31:49,833 - DEBUG - Iter 2900: T=2.85, Fitness_actual=115.1, Mejor=123.5
2025-10-19 22:31:54,154 - INFO -   Iter  3000 | Tiempo:    2.2min ( 1.8%) | T =     2.84 | Fitness =    102.0 | Mejor =    123.5 | Aceptación =  85.1%
2025-10-19 22:31:54,154 - INFO - Progreso iter 3000: T=2.84, Fitness=102.0, Mejor=123.5, Tasa_acept=85.1%
2025-10-19 22:31:54,155 - DEBUG - Iter 3000: T=2.84, Fitness_actual=102.0, Mejor=123.5
2025-10-19 22:31:58,433 - DEBUG - Iter 3100: T=2.84, Fitness_actual=108.4, Mejor=123.5
2025-10-19 22:32:02,773 - DEBUG - Iter 3200: T=2.83, Fitness_actual=108.1, Mejor=123.5
2025-10-19 22:32:07,107 - DEBUG - Iter 3300: T=2.83, Fitness_actual=104.8, Mejor=123.5
2025-10-19 22:32:11,514 - WARNING - ⚠️  DEGRADACIÓN DETECTADA en iter 3400:
2025-10-19 22:32:11,514 - WARNING -    Mejor fitness: 123.5
2025-10-19 22:32:11,515 - WARNING -    Fitness promedio reciente: 102.1
2025-10-19 22:32:11,515 - WARNING -    Degradación: 21.4
2025-10-19 22:32:11,515 - WARNING -    🔄 RESTAURANDO mejor solución...
2025-10-19 22:32:11,518 - DEBUG - Iter 3400: T=2.82, Fitness_actual=123.5, Mejor=123.5
2025-10-19 22:32:15,985 - INFO -   Iter  3500 | Tiempo:    2.6min ( 2.1%) | T =     2.82 | Fitness =    114.0 | Mejor =    123.5 | Aceptación =  85.1%
2025-10-19 22:32:15,985 - INFO - Progreso iter 3500: T=2.82, Fitness=114.0, Mejor=123.5, Tasa_acept=85.1%
2025-10-19 22:32:15,989 - DEBUG - Iter 3500: T=2.82, Fitness_actual=114.0, Mejor=123.5
2025-10-19 22:32:21,081 - DEBUG - Iter 3600: T=2.81, Fitness_actual=116.1, Mejor=123.5
2025-10-19 22:32:25,901 - DEBUG - Iter 3700: T=2.81, Fitness_actual=104.7, Mejor=123.5
2025-10-19 22:32:30,753 - WARNING - ⚠️  DEGRADACIÓN DETECTADA en iter 3800:
2025-10-19 22:32:30,754 - WARNING -    Mejor fitness: 123.5
2025-10-19 22:32:30,754 - WARNING -    Fitness promedio reciente: 99.0
2025-10-19 22:32:30,755 - WARNING -    Degradación: 24.5
2025-10-19 22:32:30,755 - WARNING -    🔄 RESTAURANDO mejor solución...
2025-10-19 22:32:30,758 - DEBUG - Iter 3800: T=2.80, Fitness_actual=123.5, Mejor=123.5
2025-10-19 22:32:35,282 - DEBUG - Iter 3900: T=2.80, Fitness_actual=104.0, Mejor=123.5
2025-10-19 22:32:39,752 - INFO -   Iter  4000 | Tiempo:    3.0min ( 2.5%) | T =     2.79 | Fitness =     97.4 | Mejor =    123.5 | Aceptación =  85.0%
2025-10-19 22:32:39,753 - INFO - Progreso iter 4000: T=2.79, Fitness=97.4, Mejor=123.5, Tasa_acept=85.0%
2025-10-19 22:32:39,755 - DEBUG - Iter 4000: T=2.79, Fitness_actual=97.4, Mejor=123.5
2025-10-19 22:32:42,174 - WARNING - ⚠️  DEGRADACIÓN DETECTADA en iter 4050:
2025-10-19 22:32:42,175 - WARNING -    Mejor fitness: 123.5
2025-10-19 22:32:42,176 - WARNING -    Fitness promedio reciente: 98.2
2025-10-19 22:32:42,176 - WARNING -    Degradación: 25.3
2025-10-19 22:32:42,177 - WARNING -    🔄 RESTAURANDO mejor solución...
2025-10-19 22:32:42,780 - INFO - 🌟 MEJORA #58 en iter 4063: Fitness=125.9 (+2.4), Puntos=15835
2025-10-19 22:32:42,918 - INFO - 🌟 MEJORA #59 en iter 4066: Fitness=126.9 (+1.0), Puntos=15830
2025-10-19 22:32:43,101 - INFO - 🌟 MEJORA #60 en iter 4070: Fitness=126.9 (+0.1), Puntos=15835
2025-10-19 22:32:43,101 - INFO -   ✨ Mejora #60 en iteración 4071: Fitness = 126.9 | Puntos = 15835 | T = 2.79
2025-10-19 22:32:44,465 - DEBUG - Iter 4100: T=2.79, Fitness_actual=122.9, Mejor=126.9
2025-10-19 22:32:48,661 - DEBUG - Iter 4200: T=2.78, Fitness_actual=116.8, Mejor=126.9
2025-10-19 22:32:52,855 - DEBUG - Iter 4300: T=2.78, Fitness_actual=108.4, Mejor=126.9
2025-10-19 22:32:54,921 - WARNING - ⚠️  DEGRADACIÓN DETECTADA en iter 4350:
2025-10-19 22:32:54,921 - WARNING -    Mejor fitness: 126.9
2025-10-19 22:32:54,922 - WARNING -    Fitness promedio reciente: 106.8
2025-10-19 22:32:54,922 - WARNING -    Degradación: 20.1
2025-10-19 22:32:54,922 - WARNING -    🔄 RESTAURANDO mejor solución...
2025-10-19 22:32:57,044 - DEBUG - Iter 4400: T=2.77, Fitness_actual=120.0, Mejor=126.9
2025-10-19 22:33:01,237 - INFO -   Iter  4500 | Tiempo:    3.3min ( 2.8%) | T =     2.77 | Fitness =    117.4 | Mejor =    126.9 | Aceptación =  84.7%
2025-10-19 22:33:01,237 - INFO - Progreso iter 4500: T=2.77, Fitness=117.4, Mejor=126.9, Tasa_acept=84.7%
2025-10-19 22:33:01,241 - DEBUG - Iter 4500: T=2.77, Fitness_actual=117.4, Mejor=126.9
2025-10-19 22:33:05,651 - DEBUG - Iter 4600: T=2.76, Fitness_actual=108.4, Mejor=126.9
2025-10-19 22:33:09,868 - DEBUG - Iter 4700: T=2.76, Fitness_actual=107.4, Mejor=126.9
2025-10-19 22:33:12,014 - WARNING - ⚠️  DEGRADACIÓN DETECTADA en iter 4750:
2025-10-19 22:33:12,014 - WARNING -    Mejor fitness: 126.9
2025-10-19 22:33:12,015 - WARNING -    Fitness promedio reciente: 103.9
2025-10-19 22:33:12,015 - WARNING -    Degradación: 23.0
2025-10-19 22:33:12,015 - WARNING -    🔄 RESTAURANDO mejor solución...
2025-10-19 22:33:12,060 - INFO - 🌟 MEJORA #61 en iter 4751: Fitness=126.9 (+0.0), Puntos=15835
2025-10-19 22:33:12,144 - INFO - 🌟 MEJORA #62 en iter 4753: Fitness=126.9 (+0.0), Puntos=15835
2025-10-19 22:33:12,185 - INFO - 🌟 MEJORA #63 en iter 4754: Fitness=126.9 (+0.0), Puntos=15835
2025-10-19 22:33:12,270 - INFO - 🌟 MEJORA #64 en iter 4756: Fitness=126.9 (+0.0), Puntos=15835
2025-10-19 22:33:12,906 - INFO - 🌟 MEJORA #65 en iter 4771: Fitness=126.9 (+0.0), Puntos=15837
2025-10-19 22:33:12,906 - INFO -   ✨ Mejora #65 en iteración 4772: Fitness = 126.9 | Puntos = 15837 | T = 2.76
2025-10-19 22:33:12,950 - INFO - 🌟 MEJORA #66 en iter 4772: Fitness=126.9 (+0.0), Puntos=15838
2025-10-19 22:33:13,037 - INFO - 🌟 MEJORA #67 en iter 4774: Fitness=127.0 (+0.1), Puntos=15848
2025-10-19 22:33:13,082 - INFO - 🌟 MEJORA #68 en iter 4775: Fitness=127.0 (+0.0), Puntos=15848
2025-10-19 22:33:13,125 - INFO - 🌟 MEJORA #69 en iter 4776: Fitness=127.0 (+0.0), Puntos=15848
2025-10-19 22:33:14,154 - DEBUG - Iter 4800: T=2.75, Fitness_actual=118.7, Mejor=127.0
2025-10-19 22:33:18,439 - DEBUG - Iter 4900: T=2.75, Fitness_actual=113.2, Mejor=127.0
2025-10-19 22:33:22,719 - INFO -   Iter  5000 | Tiempo:    3.7min ( 3.1%) | T =     2.74 | Fitness =    107.9 | Mejor =    127.0 | Aceptación =  84.7%
2025-10-19 22:33:22,719 - INFO - Progreso iter 5000: T=2.74, Fitness=107.9, Mejor=127.0, Tasa_acept=84.7%
2025-10-19 22:33:22,722 - DEBUG - Iter 5000: T=2.74, Fitness_actual=107.9, Mejor=127.0
2025-10-19 22:33:24,940 - WARNING - ⚠️  DEGRADACIÓN DETECTADA en iter 5050:
2025-10-19 22:33:24,941 - WARNING -    Mejor fitness: 127.0
2025-10-19 22:33:24,941 - WARNING -    Fitness promedio reciente: 105.3
2025-10-19 22:33:24,942 - WARNING -    Degradación: 21.8
2025-10-19 22:33:24,942 - WARNING -    🔄 RESTAURANDO mejor solución...
2025-10-19 22:33:27,095 - DEBUG - Iter 5100: T=2.74, Fitness_actual=114.1, Mejor=127.0
2025-10-19 22:33:31,392 - DEBUG - Iter 5200: T=2.74, Fitness_actual=116.5, Mejor=127.0
2025-10-19 22:33:35,789 - DEBUG - Iter 5300: T=2.73, Fitness_actual=109.7, Mejor=127.0
2025-10-19 22:33:37,950 - WARNING - ⚠️  DEGRADACIÓN DETECTADA en iter 5350:
2025-10-19 22:33:37,950 - WARNING -    Mejor fitness: 127.0
2025-10-19 22:33:37,950 - WARNING -    Fitness promedio reciente: 107.0
2025-10-19 22:33:37,950 - WARNING -    Degradación: 20.0
2025-10-19 22:33:37,951 - WARNING -    🔄 RESTAURANDO mejor solución...
2025-10-19 22:33:38,038 - INFO - 🌟 MEJORA #70 en iter 5352: Fitness=127.0 (+0.0), Puntos=15848
2025-10-19 22:33:38,039 - INFO -   ✨ Mejora #70 en iteración 5353: Fitness = 127.0 | Puntos = 15848 | T = 2.73
2025-10-19 22:33:38,209 - INFO - 🌟 MEJORA #71 en iter 5356: Fitness=127.0 (+0.0), Puntos=15848
2025-10-19 22:33:40,319 - DEBUG - Iter 5400: T=2.73, Fitness_actual=116.0, Mejor=127.0
2025-10-19 22:33:44,890 - INFO -   Iter  5500 | Tiempo:    4.1min ( 3.4%) | T =     2.72 | Fitness =    112.2 | Mejor =    127.0 | Aceptación =  84.5%
2025-10-19 22:33:44,890 - INFO - Progreso iter 5500: T=2.72, Fitness=112.2, Mejor=127.0, Tasa_acept=84.5%
2025-10-19 22:33:44,893 - DEBUG - Iter 5500: T=2.72, Fitness_actual=112.2, Mejor=127.0
2025-10-19 22:33:49,615 - WARNING - ⚠️  DEGRADACIÓN DETECTADA en iter 5600:
2025-10-19 22:33:49,615 - WARNING -    Mejor fitness: 127.0
2025-10-19 22:33:49,615 - WARNING -    Fitness promedio reciente: 101.8
2025-10-19 22:33:49,616 - WARNING -    Degradación: 25.3
2025-10-19 22:33:49,616 - WARNING -    🔄 RESTAURANDO mejor solución...
2025-10-19 22:33:49,619 - DEBUG - Iter 5600: T=2.72, Fitness_actual=127.0, Mejor=127.0
2025-10-19 22:33:54,310 - DEBUG - Iter 5700: T=2.71, Fitness_actual=119.3, Mejor=127.0
2025-10-19 22:33:58,866 - DEBUG - Iter 5800: T=2.71, Fitness_actual=118.3, Mejor=127.0
2025-10-19 22:34:03,892 - DEBUG - Iter 5900: T=2.70, Fitness_actual=109.6, Mejor=127.0
2025-10-19 22:34:07,251 - INFO - Iter 5972: Aceptada solución con delta=-12.5 (T=2.70)
2025-10-19 22:34:07,252 - INFO -   📊 Desglose del cambio:
2025-10-19 22:34:07,252 - INFO -      Puntos: +0 → 14477 total
2025-10-19 22:34:07,252 - INFO -      Tiempo: +2571.4min → 15981.9min total
2025-10-19 22:34:07,252 - INFO -      Distancia: +0.4km → 148.7km total
2025-10-19 22:34:07,851 - INFO - Iter 5983: Aceptada solución con delta=+11.5 (T=2.70)
2025-10-19 22:34:07,851 - INFO -   📊 Desglose del cambio:
2025-10-19 22:34:07,852 - INFO -      Puntos: +0 → 14207 total
2025-10-19 22:34:07,852 - INFO -      Tiempo: -2687.0min → 13002.5min total
2025-10-19 22:34:07,852 - INFO -      Distancia: +0.0km → 148.5km total
2025-10-19 22:34:08,659 - INFO -   Iter  6000 | Tiempo:    4.4min ( 3.7%) | T =     2.69 | Fitness =    102.7 | Mejor =    127.0 | Aceptación =  84.2%
2025-10-19 22:34:08,660 - INFO - Progreso iter 6000: T=2.69, Fitness=102.7, Mejor=127.0, Tasa_acept=84.2%
2025-10-19 22:34:08,660 - WARNING - ⚠️  DEGRADACIÓN DETECTADA en iter 6000:
2025-10-19 22:34:08,660 - WARNING -    Mejor fitness: 127.0
2025-10-19 22:34:08,660 - WARNING -    Fitness promedio reciente: 104.2
2025-10-19 22:34:08,660 - WARNING -    Degradación: 22.8
2025-10-19 22:34:08,660 - WARNING -    🔄 RESTAURANDO mejor solución...
2025-10-19 22:34:08,663 - DEBUG - Iter 6000: T=2.69, Fitness_actual=127.0, Mejor=127.0
2025-10-19 22:34:08,663 - INFO - 🌟 MEJORA #72 en iter 6000: Fitness=127.0 (+0.0), Puntos=15848
2025-10-19 22:34:08,759 - INFO - 🌟 MEJORA #73 en iter 6002: Fitness=127.0 (+0.0), Puntos=15848
2025-10-19 22:34:08,808 - INFO - 🌟 MEJORA #74 en iter 6003: Fitness=127.7 (+0.6), Puntos=15862
2025-10-19 22:34:13,423 - DEBUG - Iter 6100: T=2.69, Fitness_actual=118.9, Mejor=127.7
2025-10-19 22:34:18,190 - DEBUG - Iter 6200: T=2.68, Fitness_actual=111.1, Mejor=127.7
2025-10-19 22:34:23,051 - DEBUG - Iter 6300: T=2.68, Fitness_actual=116.4, Mejor=127.7
2025-10-19 22:34:27,793 - WARNING - ⚠️  DEGRADACIÓN DETECTADA en iter 6400:
2025-10-19 22:34:27,793 - WARNING -    Mejor fitness: 127.7
2025-10-19 22:34:27,793 - WARNING -    Fitness promedio reciente: 107.5
2025-10-19 22:34:27,793 - WARNING -    Degradación: 20.2
2025-10-19 22:34:27,794 - WARNING -    🔄 RESTAURANDO mejor solución...
2025-10-19 22:34:27,797 - DEBUG - Iter 6400: T=2.67, Fitness_actual=127.7, Mejor=127.7
2025-10-19 22:34:27,844 - INFO - 🌟 MEJORA #75 en iter 6401: Fitness=127.7 (+0.0), Puntos=15862
2025-10-19 22:34:27,844 - INFO -   ✨ Mejora #75 en iteración 6402: Fitness = 127.7 | Puntos = 15862 | T = 2.67
2025-10-19 22:34:32,307 - INFO -   Iter  6500 | Tiempo:    4.8min ( 4.0%) | T =     2.67 | Fitness =    107.6 | Mejor =    127.7 | Aceptación =  84.2%
2025-10-19 22:34:32,308 - INFO - Progreso iter 6500: T=2.67, Fitness=107.6, Mejor=127.7, Tasa_acept=84.2%
2025-10-19 22:34:32,310 - DEBUG - Iter 6500: T=2.67, Fitness_actual=107.6, Mejor=127.7
2025-10-19 22:34:36,778 - DEBUG - Iter 6600: T=2.66, Fitness_actual=107.3, Mejor=127.7
2025-10-19 22:34:39,774 - INFO - Iter 6667: Aceptada solución con delta=-10.4 (T=2.66)
2025-10-19 22:34:39,774 - INFO -   📊 Desglose del cambio:
2025-10-19 22:34:39,774 - INFO -      Puntos: -743 → 13917 total
2025-10-19 22:34:39,775 - INFO -      Tiempo: -226.8min → 12434.0min total
2025-10-19 22:34:39,775 - INFO -      Distancia: -3.1km → 128.8km total
2025-10-19 22:34:41,281 - WARNING - ⚠️  DEGRADACIÓN DETECTADA en iter 6700:
2025-10-19 22:34:41,282 - WARNING -    Mejor fitness: 127.7
2025-10-19 22:34:41,282 - WARNING -    Fitness promedio reciente: 101.0
2025-10-19 22:34:41,282 - WARNING -    Degradación: 26.7
2025-10-19 22:34:41,282 - WARNING -    🔄 RESTAURANDO mejor solución...
2025-10-19 22:34:41,285 - DEBUG - Iter 6700: T=2.66, Fitness_actual=127.7, Mejor=127.7
2025-10-19 22:34:41,286 - INFO - 🌟 MEJORA #76 en iter 6700: Fitness=127.8 (+0.1), Puntos=15872
2025-10-19 22:34:41,704 - INFO - 🌟 MEJORA #77 en iter 6709: Fitness=127.8 (+0.0), Puntos=15873
2025-10-19 22:34:45,906 - DEBUG - Iter 6800: T=2.65, Fitness_actual=118.3, Mejor=127.8
2025-10-19 22:34:50,564 - DEBUG - Iter 6900: T=2.65, Fitness_actual=107.2, Mejor=127.8
2025-10-19 22:34:53,072 - WARNING - ⚠️  DEGRADACIÓN DETECTADA en iter 6950:
2025-10-19 22:34:53,073 - WARNING -    Mejor fitness: 127.8
2025-10-19 22:34:53,073 - WARNING -    Fitness promedio reciente: 103.9
2025-10-19 22:34:53,073 - WARNING -    Degradación: 23.9
2025-10-19 22:34:53,073 - WARNING -    🔄 RESTAURANDO mejor solución...
2025-10-19 22:34:55,854 - INFO -   Iter  7000 | Tiempo:    5.2min ( 4.4%) | T =     2.64 | Fitness =    115.9 | Mejor =    127.8 | Aceptación =  84.1%
2025-10-19 22:34:55,854 - INFO - Progreso iter 7000: T=2.64, Fitness=115.9, Mejor=127.8, Tasa_acept=84.1%
2025-10-19 22:34:55,856 - DEBUG - Iter 7000: T=2.64, Fitness_actual=115.9, Mejor=127.8
2025-10-19 22:35:00,905 - DEBUG - Iter 7100: T=2.64, Fitness_actual=115.9, Mejor=127.8
2025-10-19 22:35:05,940 - DEBUG - Iter 7200: T=2.63, Fitness_actual=114.3, Mejor=127.8
2025-10-19 22:35:10,898 - DEBUG - Iter 7300: T=2.63, Fitness_actual=117.2, Mejor=127.8
2025-10-19 22:35:15,846 - DEBUG - Iter 7400: T=2.62, Fitness_actual=107.4, Mejor=127.8
2025-10-19 22:35:21,049 - INFO -   Iter  7500 | Tiempo:    5.7min ( 4.7%) | T =     2.62 | Fitness =    109.8 | Mejor =    127.8 | Aceptación =  84.2%
2025-10-19 22:35:21,049 - INFO - Progreso iter 7500: T=2.62, Fitness=109.8, Mejor=127.8, Tasa_acept=84.2%
2025-10-19 22:35:21,053 - DEBUG - Iter 7500: T=2.62, Fitness_actual=109.8, Mejor=127.8
2025-10-19 22:35:23,891 - WARNING - ⚠️  DEGRADACIÓN DETECTADA en iter 7550:
2025-10-19 22:35:23,891 - WARNING -    Mejor fitness: 127.8
2025-10-19 22:35:23,891 - WARNING -    Fitness promedio reciente: 106.9
2025-10-19 22:35:23,891 - WARNING -    Degradación: 20.9
2025-10-19 22:35:23,891 - WARNING -    🔄 RESTAURANDO mejor solución...
2025-10-19 22:35:26,687 - DEBUG - Iter 7600: T=2.61, Fitness_actual=121.7, Mejor=127.8
2025-10-19 22:35:32,837 - DEBUG - Iter 7700: T=2.61, Fitness_actual=109.6, Mejor=127.8
2025-10-19 22:35:39,678 - DEBUG - Iter 7800: T=2.60, Fitness_actual=110.2, Mejor=127.8
2025-10-19 22:35:45,799 - DEBUG - Iter 7900: T=2.59, Fitness_actual=108.9, Mejor=127.8
2025-10-19 22:35:52,167 - INFO -   Iter  8000 | Tiempo:    6.2min ( 5.1%) | T =     2.59 | Fitness =    102.5 | Mejor =    127.8 | Aceptación =  84.3%
2025-10-19 22:35:52,167 - INFO - Progreso iter 8000: T=2.59, Fitness=102.5, Mejor=127.8, Tasa_acept=84.3%
2025-10-19 22:35:52,167 - WARNING - ⚠️  DEGRADACIÓN DETECTADA en iter 8000:
2025-10-19 22:35:52,167 - WARNING -    Mejor fitness: 127.8
2025-10-19 22:35:52,167 - WARNING -    Fitness promedio reciente: 105.7
2025-10-19 22:35:52,167 - WARNING -    Degradación: 22.1
2025-10-19 22:35:52,167 - WARNING -    🔄 RESTAURANDO mejor solución...
2025-10-19 22:35:52,170 - DEBUG - Iter 8000: T=2.59, Fitness_actual=127.8, Mejor=127.8
2025-10-19 22:35:52,170 - INFO - 🌟 MEJORA #78 en iter 8000: Fitness=127.8 (+0.0), Puntos=15873
2025-10-19 22:35:52,546 - INFO - 🌟 MEJORA #79 en iter 8006: Fitness=127.8 (+0.0), Puntos=15876
2025-10-19 22:35:58,244 - DEBUG - Iter 8100: T=2.58, Fitness_actual=117.6, Mejor=127.8
2025-10-19 22:36:04,050 - DEBUG - Iter 8200: T=2.57, Fitness_actual=113.7, Mejor=127.8
2025-10-19 22:36:09,178 - DEBUG - Iter 8300: T=2.57, Fitness_actual=108.3, Mejor=127.8
2025-10-19 22:36:14,469 - DEBUG - Iter 8400: T=2.56, Fitness_actual=100.7, Mejor=127.8
2025-10-19 22:36:17,110 - WARNING - ⚠️  DEGRADACIÓN DETECTADA en iter 8450:
2025-10-19 22:36:17,110 - WARNING -    Mejor fitness: 127.8
2025-10-19 22:36:17,110 - WARNING -    Fitness promedio reciente: 106.9
2025-10-19 22:36:17,110 - WARNING -    Degradación: 20.9
2025-10-19 22:36:17,110 - WARNING -    🔄 RESTAURANDO mejor solución...
2025-10-19 22:36:19,897 - INFO -   Iter  8500 | Tiempo:    6.6min ( 5.5%) | T =     2.56 | Fitness =    123.5 | Mejor =    127.8 | Aceptación =  84.2%
2025-10-19 22:36:19,897 - INFO - Progreso iter 8500: T=2.56, Fitness=123.5, Mejor=127.8, Tasa_acept=84.2%
2025-10-19 22:36:19,900 - DEBUG - Iter 8500: T=2.56, Fitness_actual=123.5, Mejor=127.8
2025-10-19 22:36:25,440 - DEBUG - Iter 8600: T=2.55, Fitness_actual=113.5, Mejor=127.8
2025-10-19 22:36:31,093 - WARNING - ⚠️  DEGRADACIÓN DETECTADA en iter 8700:
2025-10-19 22:36:31,094 - WARNING -    Mejor fitness: 127.8
2025-10-19 22:36:31,094 - WARNING -    Fitness promedio reciente: 98.5
2025-10-19 22:36:31,094 - WARNING -    Degradación: 29.4
2025-10-19 22:36:31,094 - WARNING -    🔄 RESTAURANDO mejor solución...
2025-10-19 22:36:31,097 - DEBUG - Iter 8700: T=2.55, Fitness_actual=127.8, Mejor=127.8
2025-10-19 22:36:31,097 - INFO - 🌟 MEJORA #80 en iter 8700: Fitness=128.0 (+0.1), Puntos=15890
2025-10-19 22:36:31,097 - INFO -   ✨ Mejora #80 en iteración 8701: Fitness = 128.0 | Puntos = 15890 | T = 2.55
2025-10-19 22:36:31,308 - INFO - 🌟 MEJORA #81 en iter 8704: Fitness=128.4 (+0.4), Puntos=15884
2025-10-19 22:36:31,363 - INFO - 🌟 MEJORA #82 en iter 8705: Fitness=128.4 (+0.0), Puntos=15886
2025-10-19 22:36:36,451 - DEBUG - Iter 8800: T=2.54, Fitness_actual=121.6, Mejor=128.4
2025-10-19 22:36:41,681 - DEBUG - Iter 8900: T=2.53, Fitness_actual=104.5, Mejor=128.4
2025-10-19 22:36:44,426 - WARNING - ⚠️  DEGRADACIÓN DETECTADA en iter 8950:
2025-10-19 22:36:44,426 - WARNING -    Mejor fitness: 128.4
2025-10-19 22:36:44,426 - WARNING -    Fitness promedio reciente: 108.3
2025-10-19 22:36:44,426 - WARNING -    Degradación: 20.1
2025-10-19 22:36:44,426 - WARNING -    🔄 RESTAURANDO mejor solución...
2025-10-19 22:36:44,428 - INFO - 🌟 MEJORA #83 en iter 8950: Fitness=128.7 (+0.3), Puntos=15912
2025-10-19 22:36:44,532 - INFO - 🌟 MEJORA #84 en iter 8952: Fitness=128.7 (+0.0), Puntos=15912
2025-10-19 22:36:44,583 - INFO - 🌟 MEJORA #85 en iter 8953: Fitness=128.7 (+0.0), Puntos=15912
2025-10-19 22:36:44,583 - INFO -   ✨ Mejora #85 en iteración 8954: Fitness = 128.7 | Puntos = 15912 | T = 2.53
2025-10-19 22:36:47,030 - INFO -   Iter  9000 | Tiempo:    7.1min ( 5.9%) | T =     2.53 | Fitness =    118.2 | Mejor =    128.7 | Aceptación =  84.2%
2025-10-19 22:36:47,031 - INFO - Progreso iter 9000: T=2.53, Fitness=118.2, Mejor=128.7, Tasa_acept=84.2%
2025-10-19 22:36:47,033 - DEBUG - Iter 9000: T=2.53, Fitness_actual=118.2, Mejor=128.7
2025-10-19 22:36:52,289 - DEBUG - Iter 9100: T=2.52, Fitness_actual=121.4, Mejor=128.7
2025-10-19 22:36:57,541 - DEBUG - Iter 9200: T=2.52, Fitness_actual=111.5, Mejor=128.7
2025-10-19 22:37:00,132 - WARNING - ⚠️  DEGRADACIÓN DETECTADA en iter 9250:
2025-10-19 22:37:00,132 - WARNING -    Mejor fitness: 128.7
2025-10-19 22:37:00,132 - WARNING -    Fitness promedio reciente: 104.5
2025-10-19 22:37:00,132 - WARNING -    Degradación: 24.2
2025-10-19 22:37:00,132 - WARNING -    🔄 RESTAURANDO mejor solución...
2025-10-19 22:37:02,718 - DEBUG - Iter 9300: T=2.51, Fitness_actual=126.7, Mejor=128.7
2025-10-19 22:37:08,036 - DEBUG - Iter 9400: T=2.51, Fitness_actual=113.7, Mejor=128.7
2025-10-19 22:37:10,627 - WARNING - ⚠️  DEGRADACIÓN DETECTADA en iter 9450:
2025-10-19 22:37:10,627 - WARNING -    Mejor fitness: 128.7
2025-10-19 22:37:10,627 - WARNING -    Fitness promedio reciente: 106.5
2025-10-19 22:37:10,627 - WARNING -    Degradación: 22.2
2025-10-19 22:37:10,627 - WARNING -    🔄 RESTAURANDO mejor solución...
2025-10-19 22:37:10,732 - INFO - 🌟 MEJORA #86 en iter 9452: Fitness=128.8 (+0.1), Puntos=15922
2025-10-19 22:37:10,784 - INFO - 🌟 MEJORA #87 en iter 9453: Fitness=128.8 (+0.0), Puntos=15922
2025-10-19 22:37:11,147 - INFO - 🌟 MEJORA #88 en iter 9460: Fitness=128.8 (+0.0), Puntos=15923
2025-10-19 22:37:11,199 - INFO - 🌟 MEJORA #89 en iter 9461: Fitness=128.8 (+0.0), Puntos=15923
2025-10-19 22:37:13,214 - INFO -   Iter  9500 | Tiempo:    7.5min ( 6.3%) | T =     2.50 | Fitness =    119.5 | Mejor =    128.8 | Aceptación =  84.0%
2025-10-19 22:37:13,214 - INFO - Progreso iter 9500: T=2.50, Fitness=119.5, Mejor=128.8, Tasa_acept=84.0%
2025-10-19 22:37:13,215 - DEBUG - Iter 9500: T=2.50, Fitness_actual=119.5, Mejor=128.8
2025-10-19 22:37:18,563 - DEBUG - Iter 9600: T=2.50, Fitness_actual=110.2, Mejor=128.8
2025-10-19 22:37:24,047 - DEBUG - Iter 9700: T=2.49, Fitness_actual=110.9, Mejor=128.8
2025-10-19 22:37:26,805 - WARNING - ⚠️  DEGRADACIÓN DETECTADA en iter 9750:
2025-10-19 22:37:26,806 - WARNING -    Mejor fitness: 128.8
2025-10-19 22:37:26,806 - WARNING -    Fitness promedio reciente: 107.3
2025-10-19 22:37:26,806 - WARNING -    Degradación: 21.5
2025-10-19 22:37:26,806 - WARNING -    🔄 RESTAURANDO mejor solución...
2025-10-19 22:37:29,585 - DEBUG - Iter 9800: T=2.49, Fitness_actual=124.7, Mejor=128.8
2025-10-19 22:37:35,278 - DEBUG - Iter 9900: T=2.48, Fitness_actual=109.2, Mejor=128.8
2025-10-19 22:37:38,248 - WARNING - ⚠️  DEGRADACIÓN DETECTADA en iter 9950:
2025-10-19 22:37:38,248 - WARNING -    Mejor fitness: 128.8
2025-10-19 22:37:38,249 - WARNING -    Fitness promedio reciente: 102.2
2025-10-19 22:37:38,249 - WARNING -    Degradación: 26.6
2025-10-19 22:37:38,249 - WARNING -    🔄 RESTAURANDO mejor solución...
2025-10-19 22:37:38,250 - INFO - 🌟 MEJORA #90 en iter 9950: Fitness=128.8 (+0.0), Puntos=15923
2025-10-19 22:37:38,251 - INFO -   ✨ Mejora #90 en iteración 9951: Fitness = 128.8 | Puntos = 15923 | T = 2.48
2025-10-19 22:37:38,416 - INFO - 🌟 MEJORA #91 en iter 9953: Fitness=128.9 (+0.1), Puntos=15929
2025-10-19 22:37:38,470 - INFO - 🌟 MEJORA #92 en iter 9954: Fitness=128.9 (+0.1), Puntos=15935
2025-10-19 22:37:38,525 - WARNING - ================================================================================
2025-10-19 22:37:38,526 - WARNING - ⚠️  SALTO ANORMAL DETECTADO en iteración 9955
2025-10-19 22:37:38,526 - WARNING -    Fitness actual: 128.9
2025-10-19 22:37:38,526 - WARNING -    Fitness vecino: 108.7
2025-10-19 22:37:38,526 - WARNING -    Delta: -20.3
2025-10-19 22:37:38,526 - WARNING -    Temperatura: 2.48
2025-10-19 22:37:38,526 - WARNING -    Tipo perturbación aplicada: (ver generar_vecino)
2025-10-19 22:37:38,527 - WARNING -    Vecino - Puntos: 15948, Tiempo: 14808.1min, Distancia: 234.8km
2025-10-19 22:37:38,527 - WARNING -    Actual - Puntos: 15935, Tiempo: 13668.4min, Distancia: 143.6km
2025-10-19 22:37:38,527 - WARNING -    Validez restricciones - Vecino: False, Actual: False
2025-10-19 22:37:38,527 - WARNING - ================================================================================
2025-10-19 22:37:38,527 - WARNING - ⚠️  SALTO ANORMAL DETECTADO en iteración 9955
2025-10-19 22:37:38,527 - WARNING -    Fitness: 128.9 → 108.7 (Δ=-20.3)
2025-10-19 22:37:38,528 - WARNING -    Ver detalles en archivo de log
2025-10-19 22:37:38,582 - INFO - 🌟 MEJORA #93 en iter 9956: Fitness=128.9 (+0.0), Puntos=15936
2025-10-19 22:37:38,692 - INFO - 🌟 MEJORA #94 en iter 9958: Fitness=129.0 (+0.0), Puntos=15940
2025-10-19 22:37:41,059 - INFO -   Iter 10000 | Tiempo:    8.0min ( 6.7%) | T =     2.48 | Fitness =    124.9 | Mejor =    129.0 | Aceptación =  83.9%
2025-10-19 22:37:41,060 - INFO - Progreso iter 10000: T=2.48, Fitness=124.9, Mejor=129.0, Tasa_acept=83.9%
2025-10-19 22:37:41,062 - DEBUG - Iter 10000: T=2.48, Fitness_actual=124.9, Mejor=129.0
2025-10-19 22:37:46,705 - DEBUG - Iter 10100: T=2.47, Fitness_actual=121.4, Mejor=129.0
2025-10-19 22:37:52,178 - DEBUG - Iter 10200: T=2.46, Fitness_actual=118.6, Mejor=129.0
2025-10-19 22:37:57,793 - WARNING - ⚠️  DEGRADACIÓN DETECTADA en iter 10300:
2025-10-19 22:37:57,793 - WARNING -    Mejor fitness: 129.0
2025-10-19 22:37:57,794 - WARNING -    Fitness promedio reciente: 104.1
2025-10-19 22:37:57,794 - WARNING -    Degradación: 24.9
2025-10-19 22:37:57,794 - WARNING -    🔄 RESTAURANDO mejor solución...
2025-10-19 22:37:57,795 - DEBUG - Iter 10300: T=2.46, Fitness_actual=129.0, Mejor=129.0
2025-10-19 22:38:03,461 - DEBUG - Iter 10400: T=2.45, Fitness_actual=122.7, Mejor=129.0
2025-10-19 22:38:08,978 - INFO -   Iter 10500 | Tiempo:    8.5min ( 7.0%) | T =     2.45 | Fitness =    122.9 | Mejor =    129.0 | Aceptación =  83.8%
2025-10-19 22:38:08,979 - INFO - Progreso iter 10500: T=2.45, Fitness=122.9, Mejor=129.0, Tasa_acept=83.8%
2025-10-19 22:38:08,980 - DEBUG - Iter 10500: T=2.45, Fitness_actual=122.9, Mejor=129.0
2025-10-19 22:38:14,456 - DEBUG - Iter 10600: T=2.44, Fitness_actual=111.7, Mejor=129.0
2025-10-19 22:38:17,223 - WARNING - ⚠️  DEGRADACIÓN DETECTADA en iter 10650:
2025-10-19 22:38:17,223 - WARNING -    Mejor fitness: 129.0
2025-10-19 22:38:17,223 - WARNING -    Fitness promedio reciente: 108.0
2025-10-19 22:38:17,223 - WARNING -    Degradación: 21.0
2025-10-19 22:38:17,224 - WARNING -    🔄 RESTAURANDO mejor solución...
2025-10-19 22:38:20,350 - DEBUG - Iter 10700: T=2.44, Fitness_actual=114.2, Mejor=129.0
2025-10-19 22:38:26,509 - WARNING - ⚠️  DEGRADACIÓN DETECTADA en iter 10800:
2025-10-19 22:38:26,509 - WARNING -    Mejor fitness: 129.0
2025-10-19 22:38:26,509 - WARNING -    Fitness promedio reciente: 100.7
2025-10-19 22:38:26,509 - WARNING -    Degradación: 28.3
2025-10-19 22:38:26,509 - WARNING -    🔄 RESTAURANDO mejor solución...
2025-10-19 22:38:26,514 - DEBUG - Iter 10800: T=2.43, Fitness_actual=129.0, Mejor=129.0
2025-10-19 22:38:26,574 - INFO - 🌟 MEJORA #95 en iter 10801: Fitness=129.0 (+0.0), Puntos=15940
2025-10-19 22:38:26,574 - INFO -   ✨ Mejora #95 en iteración 10802: Fitness = 129.0 | Puntos = 15940 | T = 2.43
2025-10-19 22:38:28,157 - INFO - 🌟 MEJORA #96 en iter 10827: Fitness=129.0 (+0.0), Puntos=15844
2025-10-19 22:38:28,221 - INFO - 🌟 MEJORA #97 en iter 10828: Fitness=129.0 (+0.0), Puntos=15844
2025-10-19 22:38:32,706 - DEBUG - Iter 10900: T=2.42, Fitness_actual=116.1, Mejor=129.0
2025-10-19 22:38:38,852 - INFO -   Iter 11000 | Tiempo:    9.0min ( 7.5%) | T =     2.42 | Fitness =    107.2 | Mejor =    129.0 | Aceptación =  83.7%
2025-10-19 22:38:38,852 - INFO - Progreso iter 11000: T=2.42, Fitness=107.2, Mejor=129.0, Tasa_acept=83.7%
2025-10-19 22:38:38,855 - DEBUG - Iter 11000: T=2.42, Fitness_actual=107.2, Mejor=129.0
2025-10-19 22:38:42,417 - WARNING - ⚠️  DEGRADACIÓN DETECTADA en iter 11050:
2025-10-19 22:38:42,417 - WARNING -    Mejor fitness: 129.0
2025-10-19 22:38:42,417 - WARNING -    Fitness promedio reciente: 106.6
2025-10-19 22:38:42,417 - WARNING -    Degradación: 22.4
2025-10-19 22:38:42,417 - WARNING -    🔄 RESTAURANDO mejor solución...
2025-10-19 22:38:42,482 - INFO - 🌟 MEJORA #98 en iter 11051: Fitness=129.0 (+0.0), Puntos=15844
2025-10-19 22:38:42,542 - INFO - 🌟 MEJORA #99 en iter 11052: Fitness=129.0 (+0.0), Puntos=15846
2025-10-19 22:38:45,430 - DEBUG - Iter 11100: T=2.41, Fitness_actual=120.6, Mejor=129.0
2025-10-19 22:38:51,702 - WARNING - ⚠️  DEGRADACIÓN DETECTADA en iter 11200:
2025-10-19 22:38:51,703 - WARNING -    Mejor fitness: 129.0
2025-10-19 22:38:51,704 - WARNING -    Fitness promedio reciente: 108.3
2025-10-19 22:38:51,704 - WARNING -    Degradación: 20.7
2025-10-19 22:38:51,704 - WARNING -    🔄 RESTAURANDO mejor solución...
2025-10-19 22:38:51,707 - DEBUG - Iter 11200: T=2.41, Fitness_actual=129.0, Mejor=129.0
2025-10-19 22:38:57,617 - DEBUG - Iter 11300: T=2.40, Fitness_actual=114.7, Mejor=129.0
2025-10-19 22:39:00,307 - WARNING - ⚠️  DEGRADACIÓN DETECTADA en iter 11350:
2025-10-19 22:39:00,307 - WARNING -    Mejor fitness: 129.0
2025-10-19 22:39:00,307 - WARNING -    Fitness promedio reciente: 98.1
2025-10-19 22:39:00,307 - WARNING -    Degradación: 30.9
2025-10-19 22:39:00,308 - WARNING -    🔄 RESTAURANDO mejor solución...
2025-10-19 22:39:03,487 - DEBUG - Iter 11400: T=2.39, Fitness_actual=117.7, Mejor=129.0
2025-10-19 22:39:09,822 - INFO -   Iter 11500 | Tiempo:    9.5min ( 7.9%) | T =     2.39 | Fitness =    110.3 | Mejor =    129.0 | Aceptación =  83.8%
2025-10-19 22:39:09,822 - INFO - Progreso iter 11500: T=2.39, Fitness=110.3, Mejor=129.0, Tasa_acept=83.8%
2025-10-19 22:39:09,826 - DEBUG - Iter 11500: T=2.39, Fitness_actual=110.3, Mejor=129.0
2025-10-19 22:39:16,166 - DEBUG - Iter 11600: T=2.38, Fitness_actual=113.9, Mejor=129.0
2025-10-19 22:39:23,485 - WARNING - ⚠️  DEGRADACIÓN DETECTADA en iter 11700:
2025-10-19 22:39:23,485 - WARNING -    Mejor fitness: 129.0
2025-10-19 22:39:23,486 - WARNING -    Fitness promedio reciente: 105.9
2025-10-19 22:39:23,486 - WARNING -    Degradación: 23.1
2025-10-19 22:39:23,486 - WARNING -    🔄 RESTAURANDO mejor solución...
2025-10-19 22:39:23,487 - DEBUG - Iter 11700: T=2.38, Fitness_actual=129.0, Mejor=129.0
2025-10-19 22:39:23,487 - INFO - 🌟 MEJORA #100 en iter 11700: Fitness=129.1 (+0.0), Puntos=15848
2025-10-19 22:39:23,488 - INFO -   ✨ Mejora #100 en iteración 11701: Fitness = 129.1 | Puntos = 15848 | T = 2.38
2025-10-19 22:39:29,694 - DEBUG - Iter 11800: T=2.37, Fitness_actual=117.4, Mejor=129.1
2025-10-19 22:39:35,693 - DEBUG - Iter 11900: T=2.36, Fitness_actual=106.5, Mejor=129.1
2025-10-19 22:39:38,918 - WARNING - ⚠️  DEGRADACIÓN DETECTADA en iter 11950:
2025-10-19 22:39:38,919 - WARNING -    Mejor fitness: 129.1
2025-10-19 22:39:38,919 - WARNING -    Fitness promedio reciente: 105.3
2025-10-19 22:39:38,919 - WARNING -    Degradación: 23.8
2025-10-19 22:39:38,919 - WARNING -    🔄 RESTAURANDO mejor solución...
2025-10-19 22:39:38,986 - INFO - 🌟 MEJORA #101 en iter 11951: Fitness=129.1 (+0.0), Puntos=15848
2025-10-19 22:39:42,208 - INFO -   Iter 12000 | Tiempo:   10.0min ( 8.3%) | T =     2.36 | Fitness =    118.3 | Mejor =    129.1 | Aceptación =  83.7%
2025-10-19 22:39:42,209 - INFO - Progreso iter 12000: T=2.36, Fitness=118.3, Mejor=129.1, Tasa_acept=83.7%
2025-10-19 22:39:42,211 - DEBUG - Iter 12000: T=2.36, Fitness_actual=118.3, Mejor=129.1
2025-10-19 22:39:47,797 - DEBUG - Iter 12100: T=2.35, Fitness_actual=107.0, Mejor=129.1
2025-10-19 22:39:53,947 - DEBUG - Iter 12200: T=2.35, Fitness_actual=114.0, Mejor=129.1
2025-10-19 22:40:00,440 - WARNING - ⚠️  DEGRADACIÓN DETECTADA en iter 12300:
2025-10-19 22:40:00,441 - WARNING -    Mejor fitness: 129.1
2025-10-19 22:40:00,441 - WARNING -    Fitness promedio reciente: 103.8
2025-10-19 22:40:00,441 - WARNING -    Degradación: 25.2
2025-10-19 22:40:00,441 - WARNING -    🔄 RESTAURANDO mejor solución...
2025-10-19 22:40:00,444 - DEBUG - Iter 12300: T=2.34, Fitness_actual=129.1, Mejor=129.1
2025-10-19 22:40:07,020 - DEBUG - Iter 12400: T=2.33, Fitness_actual=114.0, Mejor=129.1
2025-10-19 22:40:14,008 - INFO -   Iter 12500 | Tiempo:   10.5min ( 8.8%) | T =     2.33 | Fitness =    109.9 | Mejor =    129.1 | Aceptación =  83.6%
2025-10-19 22:40:14,008 - INFO - Progreso iter 12500: T=2.33, Fitness=109.9, Mejor=129.1, Tasa_acept=83.6%
2025-10-19 22:40:14,011 - DEBUG - Iter 12500: T=2.33, Fitness_actual=109.9, Mejor=129.1
2025-10-19 22:40:17,625 - WARNING - ⚠️  DEGRADACIÓN DETECTADA en iter 12550:
2025-10-19 22:40:17,626 - WARNING -    Mejor fitness: 129.1
2025-10-19 22:40:17,626 - WARNING -    Fitness promedio reciente: 107.0
2025-10-19 22:40:17,626 - WARNING -    Degradación: 22.1
2025-10-19 22:40:17,626 - WARNING -    🔄 RESTAURANDO mejor solución...
2025-10-19 22:40:17,816 - INFO - 🌟 MEJORA #102 en iter 12553: Fitness=129.1 (+0.0), Puntos=15848
2025-10-19 22:40:17,877 - INFO - 🌟 MEJORA #103 en iter 12554: Fitness=129.1 (+0.0), Puntos=15848
2025-10-19 22:40:20,652 - DEBUG - Iter 12600: T=2.32, Fitness_actual=123.4, Mejor=129.1
2025-10-19 22:40:26,871 - DEBUG - Iter 12700: T=2.32, Fitness_actual=110.7, Mejor=129.1
2025-10-19 22:40:29,995 - WARNING - ⚠️  DEGRADACIÓN DETECTADA en iter 12750:
2025-10-19 22:40:29,995 - WARNING -    Mejor fitness: 129.1
2025-10-19 22:40:29,995 - WARNING -    Fitness promedio reciente: 105.9
2025-10-19 22:40:29,995 - WARNING -    Degradación: 23.2
2025-10-19 22:40:29,995 - WARNING -    🔄 RESTAURANDO mejor solución...
2025-10-19 22:40:33,274 - DEBUG - Iter 12800: T=2.31, Fitness_actual=119.7, Mejor=129.1
2025-10-19 22:40:39,927 - DEBUG - Iter 12900: T=2.30, Fitness_actual=115.4, Mejor=129.1
2025-10-19 22:40:46,272 - INFO -   Iter 13000 | Tiempo:   11.1min ( 9.2%) | T =     2.30 | Fitness =    117.7 | Mejor =    129.1 | Aceptación =  83.5%
2025-10-19 22:40:46,273 - INFO - Progreso iter 13000: T=2.30, Fitness=117.7, Mejor=129.1, Tasa_acept=83.5%
2025-10-19 22:40:46,274 - DEBUG - Iter 13000: T=2.30, Fitness_actual=117.7, Mejor=129.1
2025-10-19 22:40:52,364 - DEBUG - Iter 13100: T=2.29, Fitness_actual=112.6, Mejor=129.1
2025-10-19 22:40:58,801 - DEBUG - Iter 13200: T=2.29, Fitness_actual=109.8, Mejor=129.1
2025-10-19 22:41:02,411 - WARNING - ⚠️  DEGRADACIÓN DETECTADA en iter 13250:
2025-10-19 22:41:02,412 - WARNING -    Mejor fitness: 129.1
2025-10-19 22:41:02,412 - WARNING -    Fitness promedio reciente: 107.1
2025-10-19 22:41:02,412 - WARNING -    Degradación: 21.9
2025-10-19 22:41:02,412 - WARNING -    🔄 RESTAURANDO mejor solución...
2025-10-19 22:41:02,792 - INFO - 🌟 MEJORA #104 en iter 13254: Fitness=129.4 (+0.3), Puntos=15878
2025-10-19 22:41:05,966 - DEBUG - Iter 13300: T=2.28, Fitness_actual=116.8, Mejor=129.4
2025-10-19 22:41:12,558 - WARNING - ⚠️  DEGRADACIÓN DETECTADA en iter 13400:
2025-10-19 22:41:12,558 - WARNING -    Mejor fitness: 129.4
2025-10-19 22:41:12,558 - WARNING -    Fitness promedio reciente: 102.4
2025-10-19 22:41:12,558 - WARNING -    Degradación: 27.0
2025-10-19 22:41:12,558 - WARNING -    🔄 RESTAURANDO mejor solución...
2025-10-19 22:41:12,560 - DEBUG - Iter 13400: T=2.27, Fitness_actual=129.4, Mejor=129.4
2025-10-19 22:41:12,560 - INFO - 🌟 MEJORA #105 en iter 13400: Fitness=129.4 (+0.0), Puntos=15878
2025-10-19 22:41:12,561 - INFO -   ✨ Mejora #105 en iteración 13401: Fitness = 129.4 | Puntos = 15878 | T = 2.27
2025-10-19 22:41:12,631 - INFO - 🌟 MEJORA #106 en iter 13401: Fitness=129.5 (+0.1), Puntos=15889
2025-10-19 22:41:19,531 - INFO -   Iter 13500 | Tiempo:   11.6min ( 9.7%) | T =     2.27 | Fitness =    116.7 | Mejor =    129.5 | Aceptación =  83.5%
2025-10-19 22:41:19,531 - INFO - Progreso iter 13500: T=2.27, Fitness=116.7, Mejor=129.5, Tasa_acept=83.5%
2025-10-19 22:41:19,533 - DEBUG - Iter 13500: T=2.27, Fitness_actual=116.7, Mejor=129.5
2025-10-19 22:41:26,168 - DEBUG - Iter 13600: T=2.26, Fitness_actual=115.2, Mejor=129.5
2025-10-19 22:41:32,804 - DEBUG - Iter 13700: T=2.26, Fitness_actual=118.1, Mejor=129.5
2025-10-19 22:41:39,294 - WARNING - ⚠️  DEGRADACIÓN DETECTADA en iter 13800:
2025-10-19 22:41:39,294 - WARNING -    Mejor fitness: 129.5
2025-10-19 22:41:39,294 - WARNING -    Fitness promedio reciente: 109.1
2025-10-19 22:41:39,294 - WARNING -    Degradación: 20.3
2025-10-19 22:41:39,294 - WARNING -    🔄 RESTAURANDO mejor solución...
2025-10-19 22:41:39,296 - DEBUG - Iter 13800: T=2.25, Fitness_actual=129.5, Mejor=129.5
2025-10-19 22:41:39,296 - INFO - 🌟 MEJORA #107 en iter 13800: Fitness=129.5 (+0.0), Puntos=15889
2025-10-19 22:41:39,787 - INFO - 🌟 MEJORA #108 en iter 13808: Fitness=130.7 (+1.2), Puntos=15909
2025-10-19 22:41:46,619 - DEBUG - Iter 13900: T=2.24, Fitness_actual=125.3, Mejor=130.7
2025-10-19 22:41:53,286 - INFO -   Iter 14000 | Tiempo:   12.2min (10.2%) | T =     2.24 | Fitness =    120.7 | Mejor =    130.7 | Aceptación =  83.4%
2025-10-19 22:41:53,286 - INFO - Progreso iter 14000: T=2.24, Fitness=120.7, Mejor=130.7, Tasa_acept=83.4%
2025-10-19 22:41:53,289 - DEBUG - Iter 14000: T=2.24, Fitness_actual=120.7, Mejor=130.7
2025-10-19 22:41:59,983 - DEBUG - Iter 14100: T=2.23, Fitness_actual=115.1, Mejor=130.7
2025-10-19 22:42:06,439 - DEBUG - Iter 14200: T=2.23, Fitness_actual=116.1, Mejor=130.7
2025-10-19 22:42:12,903 - DEBUG - Iter 14300: T=2.22, Fitness_actual=114.4, Mejor=130.7
2025-10-19 22:42:19,403 - WARNING - ⚠️  DEGRADACIÓN DETECTADA en iter 14400:
2025-10-19 22:42:19,403 - WARNING -    Mejor fitness: 130.7
2025-10-19 22:42:19,403 - WARNING -    Fitness promedio reciente: 109.5
2025-10-19 22:42:19,403 - WARNING -    Degradación: 21.2
2025-10-19 22:42:19,404 - WARNING -    🔄 RESTAURANDO mejor solución...
2025-10-19 22:42:19,407 - DEBUG - Iter 14400: T=2.21, Fitness_actual=130.7, Mejor=130.7
2025-10-19 22:42:25,998 - INFO -   Iter 14500 | Tiempo:   12.7min (10.6%) | T =     2.21 | Fitness =    124.4 | Mejor =    130.7 | Aceptación =  83.3%
2025-10-19 22:42:25,998 - INFO - Progreso iter 14500: T=2.21, Fitness=124.4, Mejor=130.7, Tasa_acept=83.3%
2025-10-19 22:42:25,999 - DEBUG - Iter 14500: T=2.21, Fitness_actual=124.4, Mejor=130.7
2025-10-19 22:42:32,612 - DEBUG - Iter 14600: T=2.20, Fitness_actual=119.4, Mejor=130.7
2025-10-19 22:42:39,110 - DEBUG - Iter 14700: T=2.20, Fitness_actual=114.4, Mejor=130.7
2025-10-19 22:42:45,687 - WARNING - ⚠️  DEGRADACIÓN DETECTADA en iter 14800:
2025-10-19 22:42:45,687 - WARNING -    Mejor fitness: 130.7
2025-10-19 22:42:45,687 - WARNING -    Fitness promedio reciente: 108.9
2025-10-19 22:42:45,688 - WARNING -    Degradación: 21.8
2025-10-19 22:42:45,688 - WARNING -    🔄 RESTAURANDO mejor solución...
2025-10-19 22:42:45,689 - DEBUG - Iter 14800: T=2.19, Fitness_actual=130.7, Mejor=130.7
2025-10-19 22:42:52,494 - DEBUG - Iter 14900: T=2.19, Fitness_actual=121.3, Mejor=130.7
2025-10-19 22:43:00,025 - INFO -   Iter 15000 | Tiempo:   13.3min (11.1%) | T =     2.18 | Fitness =    116.8 | Mejor =    130.7 | Aceptación =  83.2%
2025-10-19 22:43:00,025 - INFO - Progreso iter 15000: T=2.18, Fitness=116.8, Mejor=130.7, Tasa_acept=83.2%
2025-10-19 22:43:00,028 - DEBUG - Iter 15000: T=2.18, Fitness_actual=116.8, Mejor=130.7
2025-10-19 22:43:07,126 - DEBUG - Iter 15100: T=2.17, Fitness_actual=114.8, Mejor=130.7
2025-10-19 22:43:14,186 - WARNING - ⚠️  DEGRADACIÓN DETECTADA en iter 15200:
2025-10-19 22:43:14,186 - WARNING -    Mejor fitness: 130.7
2025-10-19 22:43:14,187 - WARNING -    Fitness promedio reciente: 109.5
2025-10-19 22:43:14,187 - WARNING -    Degradación: 21.2
2025-10-19 22:43:14,187 - WARNING -    🔄 RESTAURANDO mejor solución...
2025-10-19 22:43:14,188 - DEBUG - Iter 15200: T=2.17, Fitness_actual=130.7, Mejor=130.7
2025-10-19 22:43:14,189 - INFO - 🌟 MEJORA #109 en iter 15200: Fitness=130.7 (+0.0), Puntos=15909
2025-10-19 22:43:21,595 - DEBUG - Iter 15300: T=2.16, Fitness_actual=126.3, Mejor=130.7
2025-10-19 22:43:28,781 - DEBUG - Iter 15400: T=2.15, Fitness_actual=124.5, Mejor=130.7
2025-10-19 22:43:36,425 - INFO -   Iter 15500 | Tiempo:   13.9min (11.6%) | T =     2.15 | Fitness =    118.3 | Mejor =    130.7 | Aceptación =  83.2%
2025-10-19 22:43:36,425 - INFO - Progreso iter 15500: T=2.15, Fitness=118.3, Mejor=130.7, Tasa_acept=83.2%
2025-10-19 22:43:36,428 - DEBUG - Iter 15500: T=2.15, Fitness_actual=118.3, Mejor=130.7
2025-10-19 22:43:43,542 - DEBUG - Iter 15600: T=2.14, Fitness_actual=109.1, Mejor=130.7
2025-10-19 22:43:47,197 - WARNING - ⚠️  DEGRADACIÓN DETECTADA en iter 15650:
2025-10-19 22:43:47,197 - WARNING -    Mejor fitness: 130.7
2025-10-19 22:43:47,197 - WARNING -    Fitness promedio reciente: 104.5
2025-10-19 22:43:47,197 - WARNING -    Degradación: 26.1
2025-10-19 22:43:47,197 - WARNING -    🔄 RESTAURANDO mejor solución...
2025-10-19 22:43:50,830 - DEBUG - Iter 15700: T=2.14, Fitness_actual=123.1, Mejor=130.7
2025-10-19 22:43:58,234 - DEBUG - Iter 15800: T=2.13, Fitness_actual=118.0, Mejor=130.7
2025-10-19 22:44:05,581 - DEBUG - Iter 15900: T=2.12, Fitness_actual=108.0, Mejor=130.7
2025-10-19 22:44:13,150 - INFO -   Iter 16000 | Tiempo:   14.5min (12.1%) | T =     2.12 | Fitness =    110.7 | Mejor =    130.7 | Aceptación =  83.2%
2025-10-19 22:44:13,150 - INFO - Progreso iter 16000: T=2.12, Fitness=110.7, Mejor=130.7, Tasa_acept=83.2%
2025-10-19 22:44:13,153 - DEBUG - Iter 16000: T=2.12, Fitness_actual=110.7, Mejor=130.7
2025-10-19 22:44:20,723 - DEBUG - Iter 16100: T=2.11, Fitness_actual=113.4, Mejor=130.7
2025-10-19 22:44:25,173 - WARNING - ⚠️  DEGRADACIÓN DETECTADA en iter 16150:
2025-10-19 22:44:25,173 - WARNING -    Mejor fitness: 130.7
2025-10-19 22:44:25,174 - WARNING -    Fitness promedio reciente: 108.8
2025-10-19 22:44:25,174 - WARNING -    Degradación: 21.8
2025-10-19 22:44:25,174 - WARNING -    🔄 RESTAURANDO mejor solución...
2025-10-19 22:44:28,732 - DEBUG - Iter 16200: T=2.10, Fitness_actual=124.2, Mejor=130.7
2025-10-19 22:44:35,988 - WARNING - ⚠️  DEGRADACIÓN DETECTADA en iter 16300:
2025-10-19 22:44:35,988 - WARNING -    Mejor fitness: 130.7
2025-10-19 22:44:35,988 - WARNING -    Fitness promedio reciente: 110.1
2025-10-19 22:44:35,989 - WARNING -    Degradación: 20.6
2025-10-19 22:44:35,989 - WARNING -    🔄 RESTAURANDO mejor solución...
2025-10-19 22:44:35,991 - DEBUG - Iter 16300: T=2.10, Fitness_actual=130.7, Mejor=130.7
2025-10-19 22:44:43,778 - DEBUG - Iter 16400: T=2.09, Fitness_actual=121.2, Mejor=130.7
2025-10-19 22:44:51,314 - INFO -   Iter 16500 | Tiempo:   15.2min (12.6%) | T =     2.09 | Fitness =    115.4 | Mejor =    130.7 | Aceptación =  83.1%
2025-10-19 22:44:51,315 - INFO - Progreso iter 16500: T=2.09, Fitness=115.4, Mejor=130.7, Tasa_acept=83.1%
2025-10-19 22:44:51,317 - DEBUG - Iter 16500: T=2.09, Fitness_actual=115.4, Mejor=130.7
2025-10-19 22:44:54,822 - WARNING - ⚠️  DEGRADACIÓN DETECTADA en iter 16550:
2025-10-19 22:44:54,822 - WARNING -    Mejor fitness: 130.7
2025-10-19 22:44:54,822 - WARNING -    Fitness promedio reciente: 110.5
2025-10-19 22:44:54,822 - WARNING -    Degradación: 20.2
2025-10-19 22:44:54,822 - WARNING -    🔄 RESTAURANDO mejor solución...
2025-10-19 22:44:55,108 - INFO - 🌟 MEJORA #110 en iter 16554: Fitness=130.8 (+0.1), Puntos=15920
2025-10-19 22:44:55,108 - INFO -   ✨ Mejora #110 en iteración 16555: Fitness = 130.8 | Puntos = 15920 | T = 2.08
2025-10-19 22:44:58,619 - DEBUG - Iter 16600: T=2.08, Fitness_actual=128.6, Mejor=130.8
2025-10-19 22:45:06,816 - DEBUG - Iter 16700: T=2.07, Fitness_actual=118.5, Mejor=130.8
2025-10-19 22:45:14,081 - DEBUG - Iter 16800: T=2.07, Fitness_actual=108.9, Mejor=130.8
2025-10-19 22:45:17,767 - WARNING - ⚠️  DEGRADACIÓN DETECTADA en iter 16850:
2025-10-19 22:45:17,767 - WARNING -    Mejor fitness: 130.8
2025-10-19 22:45:17,767 - WARNING -    Fitness promedio reciente: 110.3
2025-10-19 22:45:17,768 - WARNING -    Degradación: 20.5
2025-10-19 22:45:17,768 - WARNING -    🔄 RESTAURANDO mejor solución...
2025-10-19 22:45:17,771 - INFO - 🌟 MEJORA #111 en iter 16850: Fitness=130.8 (+0.0), Puntos=15920
2025-10-19 22:45:17,914 - INFO - 🌟 MEJORA #112 en iter 16852: Fitness=130.8 (+0.0), Puntos=15920
2025-10-19 22:45:17,985 - INFO - 🌟 MEJORA #113 en iter 16853: Fitness=130.9 (+0.1), Puntos=15927
2025-10-19 22:45:18,411 - INFO - 🌟 MEJORA #114 en iter 16859: Fitness=130.9 (+0.1), Puntos=15933
2025-10-19 22:45:18,482 - INFO - 🌟 MEJORA #115 en iter 16860: Fitness=130.9 (+0.0), Puntos=15933
2025-10-19 22:45:18,482 - INFO -   ✨ Mejora #115 en iteración 16861: Fitness = 130.9 | Puntos = 15933 | T = 2.06
2025-10-19 22:45:18,695 - INFO - 🌟 MEJORA #116 en iter 16863: Fitness=130.9 (+0.0), Puntos=15933
2025-10-19 22:45:19,132 - INFO - 🌟 MEJORA #117 en iter 16869: Fitness=130.9 (+0.0), Puntos=15933
2025-10-19 22:45:19,275 - INFO - 🌟 MEJORA #118 en iter 16871: Fitness=130.9 (+0.0), Puntos=15933
2025-10-19 22:45:21,384 - DEBUG - Iter 16900: T=2.06, Fitness_actual=124.2, Mejor=130.9
2025-10-19 22:45:29,202 - INFO -   Iter 17000 | Tiempo:   15.8min (13.2%) | T =     2.05 | Fitness =    105.5 | Mejor =    130.9 | Aceptación =  82.9%
2025-10-19 22:45:29,204 - INFO - Progreso iter 17000: T=2.05, Fitness=105.5, Mejor=130.9, Tasa_acept=82.9%
2025-10-19 22:45:29,208 - DEBUG - Iter 17000: T=2.05, Fitness_actual=105.5, Mejor=130.9
2025-10-19 22:45:33,362 - WARNING - ⚠️  DEGRADACIÓN DETECTADA en iter 17050:
2025-10-19 22:45:33,362 - WARNING -    Mejor fitness: 130.9
2025-10-19 22:45:33,362 - WARNING -    Fitness promedio reciente: 101.2
2025-10-19 22:45:33,362 - WARNING -    Degradación: 29.8
2025-10-19 22:45:33,363 - WARNING -    🔄 RESTAURANDO mejor solución...
2025-10-19 22:45:37,351 - DEBUG - Iter 17100: T=2.05, Fitness_actual=119.0, Mejor=130.9
2025-10-19 22:45:45,974 - WARNING - ⚠️  DEGRADACIÓN DETECTADA en iter 17200:
2025-10-19 22:45:45,974 - WARNING -    Mejor fitness: 130.9
2025-10-19 22:45:45,974 - WARNING -    Fitness promedio reciente: 103.3
2025-10-19 22:45:45,974 - WARNING -    Degradación: 27.6
2025-10-19 22:45:45,974 - WARNING -    🔄 RESTAURANDO mejor solución...
2025-10-19 22:45:45,976 - DEBUG - Iter 17200: T=2.04, Fitness_actual=130.9, Mejor=130.9
2025-10-19 22:45:53,535 - DEBUG - Iter 17300: T=2.03, Fitness_actual=120.5, Mejor=130.9
2025-10-19 22:46:01,820 - DEBUG - Iter 17400: T=2.03, Fitness_actual=116.0, Mejor=130.9
2025-10-19 22:46:10,408 - INFO -   Iter 17500 | Tiempo:   16.5min (13.7%) | T =     2.02 | Fitness =    114.8 | Mejor =    130.9 | Aceptación =  82.8%
2025-10-19 22:46:10,409 - INFO - Progreso iter 17500: T=2.02, Fitness=114.8, Mejor=130.9, Tasa_acept=82.8%
2025-10-19 22:46:10,410 - DEBUG - Iter 17500: T=2.02, Fitness_actual=114.8, Mejor=130.9
2025-10-19 22:46:18,157 - WARNING - ⚠️  DEGRADACIÓN DETECTADA en iter 17600:
2025-10-19 22:46:18,157 - WARNING -    Mejor fitness: 130.9
2025-10-19 22:46:18,158 - WARNING -    Fitness promedio reciente: 108.5
2025-10-19 22:46:18,158 - WARNING -    Degradación: 22.4
2025-10-19 22:46:18,158 - WARNING -    🔄 RESTAURANDO mejor solución...
2025-10-19 22:46:18,160 - DEBUG - Iter 17600: T=2.01, Fitness_actual=130.9, Mejor=130.9
2025-10-19 22:46:18,160 - INFO - 🌟 MEJORA #119 en iter 17600: Fitness=130.9 (+0.0), Puntos=15934
2025-10-19 22:46:18,232 - INFO - 🌟 MEJORA #120 en iter 17601: Fitness=130.9 (+0.0), Puntos=15934
2025-10-19 22:46:18,233 - INFO -   ✨ Mejora #120 en iteración 17602: Fitness = 130.9 | Puntos = 15934 | T = 2.01
2025-10-19 22:46:24,344 - WARNING - ================================================================================
2025-10-19 22:46:24,345 - WARNING - ⚠️  SALTO ANORMAL DETECTADO en iteración 17678
2025-10-19 22:46:24,345 - WARNING -    Fitness actual: 117.3
2025-10-19 22:46:24,345 - WARNING -    Fitness vecino: 96.2
2025-10-19 22:46:24,345 - WARNING -    Delta: -21.1
2025-10-19 22:46:24,345 - WARNING -    Temperatura: 2.01
2025-10-19 22:46:24,345 - WARNING -    Tipo perturbación aplicada: (ver generar_vecino)
2025-10-19 22:46:24,346 - WARNING -    Vecino - Puntos: 15309, Tiempo: 14219.0min, Distancia: 187.6km
2025-10-19 22:46:24,346 - WARNING -    Actual - Puntos: 15270, Tiempo: 13015.5min, Distancia: 121.9km
2025-10-19 22:46:24,346 - WARNING -    Validez restricciones - Vecino: False, Actual: False
2025-10-19 22:46:24,346 - WARNING - ================================================================================
2025-10-19 22:46:24,347 - WARNING - ⚠️  SALTO ANORMAL DETECTADO en iteración 17678
2025-10-19 22:46:24,348 - WARNING -    Fitness: 117.3 → 96.2 (Δ=-21.1)
2025-10-19 22:46:24,348 - WARNING -    Ver detalles en archivo de log
2025-10-19 22:46:26,228 - DEBUG - Iter 17700: T=2.01, Fitness_actual=115.3, Mejor=130.9
2025-10-19 22:46:34,527 - WARNING - ⚠️  DEGRADACIÓN DETECTADA en iter 17800:
2025-10-19 22:46:34,528 - WARNING -    Mejor fitness: 130.9
2025-10-19 22:46:34,528 - WARNING -    Fitness promedio reciente: 103.5
2025-10-19 22:46:34,528 - WARNING -    Degradación: 27.4
2025-10-19 22:46:34,528 - WARNING -    🔄 RESTAURANDO mejor solución...
2025-10-19 22:46:34,529 - DEBUG - Iter 17800: T=2.00, Fitness_actual=130.9, Mejor=130.9
2025-10-19 22:46:41,539 - DEBUG - Iter 17900: T=2.00, Fitness_actual=122.2, Mejor=130.9
2025-10-19 22:46:48,642 - INFO -   Iter 18000 | Tiempo:   17.1min (14.3%) | T =     1.99 | Fitness =    120.6 | Mejor =    130.9 | Aceptación =  82.8%
2025-10-19 22:46:48,642 - INFO - Progreso iter 18000: T=1.99, Fitness=120.6, Mejor=130.9, Tasa_acept=82.8%
2025-10-19 22:46:48,644 - DEBUG - Iter 18000: T=1.99, Fitness_actual=120.6, Mejor=130.9
2025-10-19 22:46:55,754 - DEBUG - Iter 18100: T=1.98, Fitness_actual=120.8, Mejor=130.9
2025-10-19 22:47:03,121 - DEBUG - Iter 18200: T=1.98, Fitness_actual=114.2, Mejor=130.9
2025-10-19 22:47:06,721 - WARNING - ⚠️  DEGRADACIÓN DETECTADA en iter 18250:
2025-10-19 22:47:06,721 - WARNING -    Mejor fitness: 130.9
2025-10-19 22:47:06,722 - WARNING -    Fitness promedio reciente: 110.8
2025-10-19 22:47:06,722 - WARNING -    Degradación: 20.2
2025-10-19 22:47:06,722 - WARNING -    🔄 RESTAURANDO mejor solución...
2025-10-19 22:47:06,940 - INFO - 🌟 MEJORA #121 en iter 18253: Fitness=131.0 (+0.0), Puntos=15935
2025-10-19 22:47:08,578 - INFO - 🌟 MEJORA #122 en iter 18276: Fitness=131.0 (+0.0), Puntos=15935
2025-10-19 22:47:08,787 - INFO - 🌟 MEJORA #123 en iter 18279: Fitness=131.0 (+0.0), Puntos=15935
2025-10-19 22:47:08,996 - INFO - 🌟 MEJORA #124 en iter 18282: Fitness=131.1 (+0.1), Puntos=15945
2025-10-19 22:47:09,065 - INFO - 🌟 MEJORA #125 en iter 18283: Fitness=131.1 (+0.0), Puntos=15945
2025-10-19 22:47:09,065 - INFO -   ✨ Mejora #125 en iteración 18284: Fitness = 131.1 | Puntos = 15945 | T = 1.97
2025-10-19 22:47:09,137 - INFO - 🌟 MEJORA #126 en iter 18284: Fitness=131.1 (+0.0), Puntos=15945
2025-10-19 22:47:09,208 - INFO - 🌟 MEJORA #127 en iter 18285: Fitness=131.1 (+0.0), Puntos=15945
2025-10-19 22:47:10,252 - DEBUG - Iter 18300: T=1.97, Fitness_actual=129.3, Mejor=131.1
2025-10-19 22:47:17,372 - DEBUG - Iter 18400: T=1.97, Fitness_actual=124.3, Mejor=131.1
2025-10-19 22:47:24,909 - INFO -   Iter 18500 | Tiempo:   17.7min (14.8%) | T =     1.96 | Fitness =    121.1 | Mejor =    131.1 | Aceptación =  82.7%
2025-10-19 22:47:24,909 - INFO - Progreso iter 18500: T=1.96, Fitness=121.1, Mejor=131.1, Tasa_acept=82.7%
2025-10-19 22:47:24,912 - DEBUG - Iter 18500: T=1.96, Fitness_actual=121.1, Mejor=131.1
2025-10-19 22:47:32,206 - DEBUG - Iter 18600: T=1.96, Fitness_actual=123.8, Mejor=131.1
2025-10-19 22:47:39,545 - DEBUG - Iter 18700: T=1.95, Fitness_actual=107.4, Mejor=131.1
2025-10-19 22:47:46,909 - DEBUG - Iter 18800: T=1.95, Fitness_actual=116.2, Mejor=131.1
2025-10-19 22:47:54,751 - DEBUG - Iter 18900: T=1.94, Fitness_actual=115.6, Mejor=131.1
2025-10-19 22:48:02,122 - INFO -   Iter 19000 | Tiempo:   18.3min (15.3%) | T =     1.93 | Fitness =    112.4 | Mejor =    131.1 | Aceptación =  82.6%
2025-10-19 22:48:02,123 - INFO - Progreso iter 19000: T=1.93, Fitness=112.4, Mejor=131.1, Tasa_acept=82.6%
2025-10-19 22:48:02,125 - DEBUG - Iter 19000: T=1.93, Fitness_actual=112.4, Mejor=131.1
2025-10-19 22:48:06,199 - WARNING - ⚠️  DEGRADACIÓN DETECTADA en iter 19050:
2025-10-19 22:48:06,199 - WARNING -    Mejor fitness: 131.1
2025-10-19 22:48:06,199 - WARNING -    Fitness promedio reciente: 109.6
2025-10-19 22:48:06,199 - WARNING -    Degradación: 21.5
2025-10-19 22:48:06,200 - WARNING -    🔄 RESTAURANDO mejor solución...
2025-10-19 22:48:06,273 - INFO - 🌟 MEJORA #128 en iter 19051: Fitness=131.1 (+0.1), Puntos=15952
2025-10-19 22:48:09,900 - DEBUG - Iter 19100: T=1.93, Fitness_actual=123.0, Mejor=131.1
2025-10-19 22:48:17,413 - DEBUG - Iter 19200: T=1.92, Fitness_actual=121.3, Mejor=131.1
2025-10-19 22:48:25,140 - DEBUG - Iter 19300: T=1.92, Fitness_actual=118.0, Mejor=131.1
2025-10-19 22:48:33,252 - DEBUG - Iter 19400: T=1.91, Fitness_actual=116.3, Mejor=131.1
2025-10-19 22:48:41,352 - INFO -   Iter 19500 | Tiempo:   19.0min (15.8%) | T =     1.90 | Fitness =    113.0 | Mejor =    131.1 | Aceptación =  82.5%
2025-10-19 22:48:41,352 - INFO - Progreso iter 19500: T=1.90, Fitness=113.0, Mejor=131.1, Tasa_acept=82.5%
2025-10-19 22:48:41,355 - DEBUG - Iter 19500: T=1.90, Fitness_actual=113.0, Mejor=131.1
2025-10-19 22:48:50,004 - WARNING - ⚠️  DEGRADACIÓN DETECTADA en iter 19600:
2025-10-19 22:48:50,004 - WARNING -    Mejor fitness: 131.1
2025-10-19 22:48:50,004 - WARNING -    Fitness promedio reciente: 108.5
2025-10-19 22:48:50,004 - WARNING -    Degradación: 22.6
2025-10-19 22:48:50,004 - WARNING -    🔄 RESTAURANDO mejor solución...
2025-10-19 22:48:50,006 - DEBUG - Iter 19600: T=1.90, Fitness_actual=131.1, Mejor=131.1
2025-10-19 22:48:57,903 - DEBUG - Iter 19700: T=1.89, Fitness_actual=113.8, Mejor=131.1
2025-10-19 22:49:06,309 - WARNING - ⚠️  DEGRADACIÓN DETECTADA en iter 19800:
2025-10-19 22:49:06,309 - WARNING -    Mejor fitness: 131.1
2025-10-19 22:49:06,310 - WARNING -    Fitness promedio reciente: 110.6
2025-10-19 22:49:06,310 - WARNING -    Degradación: 20.5
2025-10-19 22:49:06,310 - WARNING -    🔄 RESTAURANDO mejor solución...
2025-10-19 22:49:06,311 - DEBUG - Iter 19800: T=1.89, Fitness_actual=131.1, Mejor=131.1
2025-10-19 22:49:14,397 - DEBUG - Iter 19900: T=1.88, Fitness_actual=124.8, Mejor=131.1
2025-10-19 22:49:22,475 - INFO -   Iter 20000 | Tiempo:   19.7min (16.4%) | T =     1.87 | Fitness =    122.9 | Mejor =    131.1 | Aceptación =  82.4%
2025-10-19 22:49:22,498 - INFO - Progreso iter 20000: T=1.87, Fitness=122.9, Mejor=131.1, Tasa_acept=82.4%
2025-10-19 22:49:22,532 - DEBUG - Iter 20000: T=1.87, Fitness_actual=122.9, Mejor=131.1
2025-10-19 22:49:23,840 - INFO - 🌟 MEJORA #129 en iter 20016: Fitness=133.9 (+2.8), Puntos=15986
2025-10-19 22:49:23,998 - INFO - 🌟 MEJORA #130 en iter 20018: Fitness=134.3 (+0.4), Puntos=16027
2025-10-19 22:49:23,998 - INFO -   ✨ Mejora #130 en iteración 20019: Fitness = 134.3 | Puntos = 16027 | T = 1.87
2025-10-19 22:49:24,644 - INFO - 🌟 MEJORA #131 en iter 20026: Fitness=135.2 (+0.9), Puntos=16014
2025-10-19 22:49:24,722 - INFO - 🌟 MEJORA #132 en iter 20027: Fitness=135.2 (+0.0), Puntos=16022
2025-10-19 22:49:30,523 - DEBUG - Iter 20100: T=1.87, Fitness_actual=125.3, Mejor=135.2
2025-10-19 22:49:38,569 - DEBUG - Iter 20200: T=1.86, Fitness_actual=121.7, Mejor=135.2
2025-10-19 22:49:46,535 - DEBUG - Iter 20300: T=1.86, Fitness_actual=117.4, Mejor=135.2
2025-10-19 22:49:50,909 - WARNING - ⚠️  DEGRADACIÓN DETECTADA en iter 20350:
2025-10-19 22:49:50,909 - WARNING -    Mejor fitness: 135.2
2025-10-19 22:49:50,910 - WARNING -    Fitness promedio reciente: 110.2
2025-10-19 22:49:50,910 - WARNING -    Degradación: 25.0
2025-10-19 22:49:50,910 - WARNING -    🔄 RESTAURANDO mejor solución...
2025-10-19 22:49:50,912 - INFO - 🌟 MEJORA #133 en iter 20350: Fitness=135.2 (+0.0), Puntos=16025
2025-10-19 22:49:51,072 - INFO - 🌟 MEJORA #134 en iter 20352: Fitness=135.2 (+0.0), Puntos=16027
2025-10-19 22:49:51,315 - INFO - 🌟 MEJORA #135 en iter 20355: Fitness=135.4 (+0.2), Puntos=16033
2025-10-19 22:49:51,316 - INFO -   ✨ Mejora #135 en iteración 20356: Fitness = 135.4 | Puntos = 16033 | T = 1.85
2025-10-19 22:49:51,802 - INFO - 🌟 MEJORA #136 en iter 20361: Fitness=135.5 (+0.0), Puntos=16037
2025-10-19 22:49:52,461 - INFO - 🌟 MEJORA #137 en iter 20368: Fitness=136.4 (+0.9), Puntos=16027
2025-10-19 22:49:52,607 - INFO - 🌟 MEJORA #138 en iter 20369: Fitness=136.5 (+0.1), Puntos=16037
2025-10-19 22:49:52,735 - INFO - 🌟 MEJORA #139 en iter 20370: Fitness=136.5 (+0.0), Puntos=16037
2025-10-19 22:49:55,011 - DEBUG - Iter 20400: T=1.85, Fitness_actual=126.9, Mejor=136.5
2025-10-19 22:50:02,256 - INFO -   Iter 20500 | Tiempo:   20.3min (17.0%) | T =     1.84 | Fitness =    122.9 | Mejor =    136.5 | Aceptación =  82.3%
2025-10-19 22:50:02,256 - INFO - Progreso iter 20500: T=1.84, Fitness=122.9, Mejor=136.5, Tasa_acept=82.3%
2025-10-19 22:50:02,259 - DEBUG - Iter 20500: T=1.84, Fitness_actual=122.9, Mejor=136.5
2025-10-19 22:50:09,317 - DEBUG - Iter 20600: T=1.84, Fitness_actual=119.3, Mejor=136.5
2025-10-19 22:50:16,165 - DEBUG - Iter 20700: T=1.83, Fitness_actual=115.6, Mejor=136.5
2025-10-19 22:50:19,611 - WARNING - ⚠️  DEGRADACIÓN DETECTADA en iter 20750:
2025-10-19 22:50:19,611 - WARNING -    Mejor fitness: 136.5
2025-10-19 22:50:19,611 - WARNING -    Fitness promedio reciente: 112.2
2025-10-19 22:50:19,611 - WARNING -    Degradación: 24.3
2025-10-19 22:50:19,611 - WARNING -    🔄 RESTAURANDO mejor solución...
2025-10-19 22:50:19,819 - INFO - 🌟 MEJORA #140 en iter 20753: Fitness=136.6 (+0.1), Puntos=16048
2025-10-19 22:50:19,819 - INFO -   ✨ Mejora #140 en iteración 20754: Fitness = 136.6 | Puntos = 16048 | T = 1.83
2025-10-19 22:50:19,957 - INFO - 🌟 MEJORA #141 en iter 20755: Fitness=136.6 (+0.0), Puntos=16053
2025-10-19 22:50:20,025 - INFO - 🌟 MEJORA #142 en iter 20756: Fitness=136.6 (+0.0), Puntos=16053
2025-10-19 22:50:20,640 - INFO - 🌟 MEJORA #143 en iter 20765: Fitness=136.9 (+0.3), Puntos=16083
2025-10-19 22:50:20,708 - INFO - 🌟 MEJORA #144 en iter 20766: Fitness=138.1 (+1.2), Puntos=16099
2025-10-19 22:50:20,775 - INFO - 🌟 MEJORA #145 en iter 20767: Fitness=138.1 (+0.0), Puntos=16099
2025-10-19 22:50:20,775 - INFO -   ✨ Mejora #145 en iteración 20768: Fitness = 138.1 | Puntos = 16099 | T = 1.83
2025-10-19 22:50:23,470 - DEBUG - Iter 20800: T=1.83, Fitness_actual=131.7, Mejor=138.1
2025-10-19 22:50:30,654 - DEBUG - Iter 20900: T=1.82, Fitness_actual=130.2, Mejor=138.1
2025-10-19 22:50:37,641 - INFO -   Iter 21000 | Tiempo:   20.9min (17.4%) | T =     1.82 | Fitness =    127.7 | Mejor =    138.1 | Aceptación =  82.1%
2025-10-19 22:50:37,642 - INFO - Progreso iter 21000: T=1.82, Fitness=127.7, Mejor=138.1, Tasa_acept=82.1%
2025-10-19 22:50:37,644 - DEBUG - Iter 21000: T=1.82, Fitness_actual=127.7, Mejor=138.1
2025-10-19 22:50:45,120 - DEBUG - Iter 21100: T=1.81, Fitness_actual=124.0, Mejor=138.1
2025-10-19 22:50:52,087 - DEBUG - Iter 21200: T=1.81, Fitness_actual=118.6, Mejor=138.1
2025-10-19 22:50:59,019 - DEBUG - Iter 21300: T=1.80, Fitness_actual=124.1, Mejor=138.1
2025-10-19 22:51:06,751 - DEBUG - Iter 21400: T=1.80, Fitness_actual=125.9, Mejor=138.1
2025-10-19 22:51:13,376 - INFO -   Iter 21500 | Tiempo:   21.5min (17.9%) | T =     1.79 | Fitness =    112.6 | Mejor =    138.1 | Aceptación =  82.0%
2025-10-19 22:51:13,377 - INFO - Progreso iter 21500: T=1.79, Fitness=112.6, Mejor=138.1, Tasa_acept=82.0%
2025-10-19 22:51:13,377 - WARNING - ⚠️  DEGRADACIÓN DETECTADA en iter 21500:
2025-10-19 22:51:13,377 - WARNING -    Mejor fitness: 138.1
2025-10-19 22:51:13,377 - WARNING -    Fitness promedio reciente: 115.1
2025-10-19 22:51:13,377 - WARNING -    Degradación: 23.0
2025-10-19 22:51:13,377 - WARNING -    🔄 RESTAURANDO mejor solución...
2025-10-19 22:51:13,380 - DEBUG - Iter 21500: T=1.79, Fitness_actual=138.1, Mejor=138.1
2025-10-19 22:51:13,708 - INFO - 🌟 MEJORA #146 en iter 21505: Fitness=138.6 (+0.5), Puntos=16100
2025-10-19 22:51:20,033 - DEBUG - Iter 21600: T=1.79, Fitness_actual=128.9, Mejor=138.6
2025-10-19 22:51:26,682 - DEBUG - Iter 21700: T=1.78, Fitness_actual=122.2, Mejor=138.6
2025-10-19 22:51:33,992 - DEBUG - Iter 21800: T=1.78, Fitness_actual=122.1, Mejor=138.6
2025-10-19 22:51:37,656 - WARNING - ⚠️  DEGRADACIÓN DETECTADA en iter 21850:
2025-10-19 22:51:37,656 - WARNING -    Mejor fitness: 138.6
2025-10-19 22:51:37,656 - WARNING -    Fitness promedio reciente: 114.0
2025-10-19 22:51:37,657 - WARNING -    Degradación: 24.6
2025-10-19 22:51:37,657 - WARNING -    🔄 RESTAURANDO mejor solución...
2025-10-19 22:51:37,727 - INFO - 🌟 MEJORA #147 en iter 21851: Fitness=138.6 (+0.0), Puntos=16100
2025-10-19 22:51:37,967 - INFO - 🌟 MEJORA #148 en iter 21854: Fitness=138.6 (+0.0), Puntos=16103
2025-10-19 22:51:41,651 - DEBUG - Iter 21900: T=1.77, Fitness_actual=127.8, Mejor=138.6
2025-10-19 22:51:48,360 - INFO -   Iter 22000 | Tiempo:   22.1min (18.4%) | T =     1.77 | Fitness =    122.7 | Mejor =    138.6 | Aceptación =  81.8%
2025-10-19 22:51:48,360 - INFO - Progreso iter 22000: T=1.77, Fitness=122.7, Mejor=138.6, Tasa_acept=81.8%
2025-10-19 22:51:48,362 - DEBUG - Iter 22000: T=1.77, Fitness_actual=122.7, Mejor=138.6
2025-10-19 22:51:54,542 - DEBUG - Iter 22100: T=1.76, Fitness_actual=124.4, Mejor=138.6
2025-10-19 22:52:01,499 - DEBUG - Iter 22200: T=1.76, Fitness_actual=125.4, Mejor=138.6
2025-10-19 22:52:08,875 - WARNING - ⚠️  DEGRADACIÓN DETECTADA en iter 22300:
2025-10-19 22:52:08,875 - WARNING -    Mejor fitness: 138.6
2025-10-19 22:52:08,875 - WARNING -    Fitness promedio reciente: 114.1
2025-10-19 22:52:08,876 - WARNING -    Degradación: 24.5
2025-10-19 22:52:08,876 - WARNING -    🔄 RESTAURANDO mejor solución...
2025-10-19 22:52:08,878 - DEBUG - Iter 22300: T=1.75, Fitness_actual=138.6, Mejor=138.6
2025-10-19 22:52:08,948 - INFO - 🌟 MEJORA #149 en iter 22301: Fitness=138.6 (+0.0), Puntos=16103
2025-10-19 22:52:09,021 - INFO - 🌟 MEJORA #150 en iter 22302: Fitness=138.6 (+0.0), Puntos=16103
2025-10-19 22:52:09,021 - INFO -   ✨ Mejora #150 en iteración 22303: Fitness = 138.6 | Puntos = 16103 | T = 1.75
2025-10-19 22:52:16,232 - DEBUG - Iter 22400: T=1.75, Fitness_actual=129.0, Mejor=138.6
2025-10-19 22:52:23,592 - INFO -   Iter 22500 | Tiempo:   22.7min (18.9%) | T =     1.74 | Fitness =    123.7 | Mejor =    138.6 | Aceptación =  81.7%
2025-10-19 22:52:23,593 - INFO - Progreso iter 22500: T=1.74, Fitness=123.7, Mejor=138.6, Tasa_acept=81.7%
2025-10-19 22:52:23,594 - DEBUG - Iter 22500: T=1.74, Fitness_actual=123.7, Mejor=138.6
2025-10-19 22:52:27,103 - WARNING - ⚠️  DEGRADACIÓN DETECTADA en iter 22550:
2025-10-19 22:52:27,104 - WARNING -    Mejor fitness: 138.6
2025-10-19 22:52:27,104 - WARNING -    Fitness promedio reciente: 117.8
2025-10-19 22:52:27,104 - WARNING -    Degradación: 20.9
2025-10-19 22:52:27,104 - WARNING -    🔄 RESTAURANDO mejor solución...
2025-10-19 22:52:31,424 - DEBUG - Iter 22600: T=1.74, Fitness_actual=130.9, Mejor=138.6
2025-10-19 22:52:38,707 - DEBUG - Iter 22700: T=1.73, Fitness_actual=123.4, Mejor=138.6
2025-10-19 22:52:45,881 - WARNING - ⚠️  DEGRADACIÓN DETECTADA en iter 22800:
2025-10-19 22:52:45,881 - WARNING -    Mejor fitness: 138.6
2025-10-19 22:52:45,882 - WARNING -    Fitness promedio reciente: 118.0
2025-10-19 22:52:45,882 - WARNING -    Degradación: 20.7
2025-10-19 22:52:45,882 - WARNING -    🔄 RESTAURANDO mejor solución...
2025-10-19 22:52:45,883 - DEBUG - Iter 22800: T=1.73, Fitness_actual=138.6, Mejor=138.6
2025-10-19 22:52:45,883 - INFO - 🌟 MEJORA #151 en iter 22800: Fitness=138.6 (+0.0), Puntos=16103
2025-10-19 22:52:53,441 - DEBUG - Iter 22900: T=1.72, Fitness_actual=130.7, Mejor=138.6
2025-10-19 22:53:01,289 - INFO -   Iter 23000 | Tiempo:   23.3min (19.4%) | T =     1.72 | Fitness =    121.2 | Mejor =    138.6 | Aceptación =  81.5%
2025-10-19 22:53:01,289 - INFO - Progreso iter 23000: T=1.72, Fitness=121.2, Mejor=138.6, Tasa_acept=81.5%
2025-10-19 22:53:01,292 - DEBUG - Iter 23000: T=1.72, Fitness_actual=121.2, Mejor=138.6
2025-10-19 22:53:05,150 - WARNING - ⚠️  DEGRADACIÓN DETECTADA en iter 23050:
2025-10-19 22:53:05,151 - WARNING -    Mejor fitness: 138.6
2025-10-19 22:53:05,151 - WARNING -    Fitness promedio reciente: 118.3
2025-10-19 22:53:05,151 - WARNING -    Degradación: 20.4
2025-10-19 22:53:05,151 - WARNING -    🔄 RESTAURANDO mejor solución...
2025-10-19 22:53:05,366 - INFO - 🌟 MEJORA #152 en iter 23053: Fitness=138.6 (+0.0), Puntos=16105
2025-10-19 22:53:09,111 - DEBUG - Iter 23100: T=1.71, Fitness_actual=131.1, Mejor=138.6
2025-10-19 22:53:16,445 - DEBUG - Iter 23200: T=1.71, Fitness_actual=126.6, Mejor=138.6
2025-10-19 22:53:24,080 - DEBUG - Iter 23300: T=1.70, Fitness_actual=118.3, Mejor=138.6
2025-10-19 22:53:31,196 - WARNING - ⚠️  DEGRADACIÓN DETECTADA en iter 23400:
2025-10-19 22:53:31,197 - WARNING -    Mejor fitness: 138.6
2025-10-19 22:53:31,197 - WARNING -    Fitness promedio reciente: 113.8
2025-10-19 22:53:31,197 - WARNING -    Degradación: 24.9
2025-10-19 22:53:31,197 - WARNING -    🔄 RESTAURANDO mejor solución...
2025-10-19 22:53:31,199 - DEBUG - Iter 23400: T=1.70, Fitness_actual=138.6, Mejor=138.6
2025-10-19 22:53:31,199 - INFO - 🌟 MEJORA #153 en iter 23400: Fitness=138.7 (+0.1), Puntos=16113
2025-10-19 22:53:31,273 - INFO - 🌟 MEJORA #154 en iter 23401: Fitness=138.7 (+0.0), Puntos=16113
2025-10-19 22:53:38,675 - INFO -   Iter 23500 | Tiempo:   23.9min (20.0%) | T =     1.69 | Fitness =    112.6 | Mejor =    138.7 | Aceptación =  81.4%
2025-10-19 22:53:38,676 - INFO - Progreso iter 23500: T=1.69, Fitness=112.6, Mejor=138.7, Tasa_acept=81.4%
2025-10-19 22:53:38,677 - DEBUG - Iter 23500: T=1.69, Fitness_actual=112.6, Mejor=138.7
2025-10-19 22:53:42,160 - WARNING - ⚠️  DEGRADACIÓN DETECTADA en iter 23550:
2025-10-19 22:53:42,160 - WARNING -    Mejor fitness: 138.7
2025-10-19 22:53:42,160 - WARNING -    Fitness promedio reciente: 115.0
2025-10-19 22:53:42,160 - WARNING -    Degradación: 23.8
2025-10-19 22:53:42,160 - WARNING -    🔄 RESTAURANDO mejor solución...
2025-10-19 22:53:43,575 - INFO - 🌟 MEJORA #155 en iter 23570: Fitness=139.5 (+0.7), Puntos=16135
2025-10-19 22:53:43,575 - INFO -   ✨ Mejora #155 en iteración 23571: Fitness = 139.5 | Puntos = 16135 | T = 1.69
2025-10-19 22:53:43,650 - INFO - 🌟 MEJORA #156 en iter 23571: Fitness=139.6 (+0.2), Puntos=16154
2025-10-19 22:53:46,300 - DEBUG - Iter 23600: T=1.69, Fitness_actual=136.6, Mejor=139.6
2025-10-19 22:53:53,153 - DEBUG - Iter 23700: T=1.68, Fitness_actual=123.3, Mejor=139.6
2025-10-19 22:53:59,487 - DEBUG - Iter 23800: T=1.68, Fitness_actual=123.2, Mejor=139.6
2025-10-19 22:54:06,258 - WARNING - ⚠️  DEGRADACIÓN DETECTADA en iter 23900:
2025-10-19 22:54:06,260 - WARNING -    Mejor fitness: 139.6
2025-10-19 22:54:06,267 - WARNING -    Fitness promedio reciente: 114.4
2025-10-19 22:54:06,267 - WARNING -    Degradación: 25.2
2025-10-19 22:54:06,267 - WARNING -    🔄 RESTAURANDO mejor solución...
2025-10-19 22:54:06,270 - DEBUG - Iter 23900: T=1.68, Fitness_actual=139.6, Mejor=139.6
2025-10-19 22:54:06,383 - INFO - 🌟 MEJORA #157 en iter 23901: Fitness=139.6 (+0.0), Puntos=16154
2025-10-19 22:54:13,661 - INFO -   Iter 24000 | Tiempo:   24.5min (20.4%) | T =     1.67 | Fitness =    127.9 | Mejor =    139.6 | Aceptación =  81.2%
2025-10-19 22:54:13,662 - INFO - Progreso iter 24000: T=1.67, Fitness=127.9, Mejor=139.6, Tasa_acept=81.2%
2025-10-19 22:54:13,665 - DEBUG - Iter 24000: T=1.67, Fitness_actual=127.9, Mejor=139.6
2025-10-19 22:54:20,705 - DEBUG - Iter 24100: T=1.67, Fitness_actual=124.0, Mejor=139.6
2025-10-19 22:54:27,892 - DEBUG - Iter 24200: T=1.66, Fitness_actual=120.1, Mejor=139.6
2025-10-19 22:54:35,011 - WARNING - ⚠️  DEGRADACIÓN DETECTADA en iter 24300:
2025-10-19 22:54:35,012 - WARNING -    Mejor fitness: 139.6
2025-10-19 22:54:35,012 - WARNING -    Fitness promedio reciente: 118.2
2025-10-19 22:54:35,012 - WARNING -    Degradación: 21.4
2025-10-19 22:54:35,012 - WARNING -    🔄 RESTAURANDO mejor solución...
2025-10-19 22:54:35,015 - DEBUG - Iter 24300: T=1.66, Fitness_actual=139.6, Mejor=139.6
2025-10-19 22:54:35,096 - INFO - 🌟 MEJORA #158 en iter 24301: Fitness=140.0 (+0.3), Puntos=16189
2025-10-19 22:54:35,404 - INFO - 🌟 MEJORA #159 en iter 24305: Fitness=140.6 (+0.6), Puntos=16145
2025-10-19 22:54:42,127 - DEBUG - Iter 24400: T=1.65, Fitness_actual=133.0, Mejor=140.6
2025-10-19 22:54:49,547 - INFO -   Iter 24500 | Tiempo:   25.1min (20.9%) | T =     1.65 | Fitness =    123.7 | Mejor =    140.6 | Aceptación =  81.1%
2025-10-19 22:54:49,547 - INFO - Progreso iter 24500: T=1.65, Fitness=123.7, Mejor=140.6, Tasa_acept=81.1%
2025-10-19 22:54:49,550 - DEBUG - Iter 24500: T=1.65, Fitness_actual=123.7, Mejor=140.6
2025-10-19 22:54:57,564 - WARNING - ⚠️  DEGRADACIÓN DETECTADA en iter 24600:
2025-10-19 22:54:57,565 - WARNING -    Mejor fitness: 140.6
2025-10-19 22:54:57,565 - WARNING -    Fitness promedio reciente: 118.6
2025-10-19 22:54:57,566 - WARNING -    Degradación: 21.9
2025-10-19 22:54:57,566 - WARNING -    🔄 RESTAURANDO mejor solución...
2025-10-19 22:54:57,569 - DEBUG - Iter 24600: T=1.64, Fitness_actual=140.6, Mejor=140.6
2025-10-19 22:54:58,537 - INFO - 🌟 MEJORA #160 en iter 24613: Fitness=140.6 (+0.0), Puntos=16150
2025-10-19 22:54:58,538 - INFO -   ✨ Mejora #160 en iteración 24614: Fitness = 140.6 | Puntos = 16150 | T = 1.64
2025-10-19 22:54:58,987 - INFO - 🌟 MEJORA #161 en iter 24619: Fitness=140.6 (+0.0), Puntos=16155
2025-10-19 22:54:59,136 - INFO - 🌟 MEJORA #162 en iter 24621: Fitness=140.7 (+0.0), Puntos=16158
2025-10-19 22:55:05,041 - DEBUG - Iter 24700: T=1.64, Fitness_actual=125.1, Mejor=140.7
2025-10-19 22:55:12,556 - DEBUG - Iter 24800: T=1.63, Fitness_actual=120.9, Mejor=140.7
2025-10-19 22:55:16,541 - WARNING - ⚠️  DEGRADACIÓN DETECTADA en iter 24850:
2025-10-19 22:55:16,541 - WARNING -    Mejor fitness: 140.7
2025-10-19 22:55:16,541 - WARNING -    Fitness promedio reciente: 117.3
2025-10-19 22:55:16,541 - WARNING -    Degradación: 23.4
2025-10-19 22:55:16,541 - WARNING -    🔄 RESTAURANDO mejor solución...
2025-10-19 22:55:20,269 - DEBUG - Iter 24900: T=1.63, Fitness_actual=131.6, Mejor=140.7
2025-10-19 22:55:28,019 - INFO -   Iter 25000 | Tiempo:   25.8min (21.5%) | T =     1.62 | Fitness =    119.0 | Mejor =    140.7 | Aceptación =  81.0%
2025-10-19 22:55:28,020 - INFO - Progreso iter 25000: T=1.62, Fitness=119.0, Mejor=140.7, Tasa_acept=81.0%
2025-10-19 22:55:28,022 - DEBUG - Iter 25000: T=1.62, Fitness_actual=119.0, Mejor=140.7
2025-10-19 22:55:31,776 - WARNING - ⚠️  DEGRADACIÓN DETECTADA en iter 25050:
2025-10-19 22:55:31,776 - WARNING -    Mejor fitness: 140.7
2025-10-19 22:55:31,777 - WARNING -    Fitness promedio reciente: 113.2
2025-10-19 22:55:31,777 - WARNING -    Degradación: 27.5
2025-10-19 22:55:31,777 - WARNING -    🔄 RESTAURANDO mejor solución...
2025-10-19 22:55:35,559 - DEBUG - Iter 25100: T=1.62, Fitness_actual=133.0, Mejor=140.7
2025-10-19 22:55:44,034 - DEBUG - Iter 25200: T=1.61, Fitness_actual=134.2, Mejor=140.7
2025-10-19 22:55:52,352 - DEBUG - Iter 25300: T=1.61, Fitness_actual=128.0, Mejor=140.7
2025-10-19 22:55:59,842 - DEBUG - Iter 25400: T=1.60, Fitness_actual=126.2, Mejor=140.7
2025-10-19 22:56:07,851 - INFO -   Iter 25500 | Tiempo:   26.4min (22.0%) | T =     1.60 | Fitness =    114.8 | Mejor =    140.7 | Aceptación =  80.8%
2025-10-19 22:56:07,851 - INFO - Progreso iter 25500: T=1.60, Fitness=114.8, Mejor=140.7, Tasa_acept=80.8%
2025-10-19 22:56:07,851 - WARNING - ⚠️  DEGRADACIÓN DETECTADA en iter 25500:
2025-10-19 22:56:07,851 - WARNING -    Mejor fitness: 140.7
2025-10-19 22:56:07,851 - WARNING -    Fitness promedio reciente: 113.8
2025-10-19 22:56:07,852 - WARNING -    Degradación: 26.8
2025-10-19 22:56:07,852 - WARNING -    🔄 RESTAURANDO mejor solución...
2025-10-19 22:56:07,854 - DEBUG - Iter 25500: T=1.60, Fitness_actual=140.7, Mejor=140.7
2025-10-19 22:56:07,855 - INFO - 🌟 MEJORA #163 en iter 25500: Fitness=140.7 (+0.0), Puntos=16158
2025-10-19 22:56:08,082 - INFO - 🌟 MEJORA #164 en iter 25503: Fitness=140.7 (+0.0), Puntos=16158
2025-10-19 22:56:15,767 - DEBUG - Iter 25600: T=1.59, Fitness_actual=134.2, Mejor=140.7
2025-10-19 22:56:23,765 - DEBUG - Iter 25700: T=1.59, Fitness_actual=117.1, Mejor=140.7
2025-10-19 22:56:27,477 - WARNING - ⚠️  DEGRADACIÓN DETECTADA en iter 25750:
2025-10-19 22:56:27,477 - WARNING -    Mejor fitness: 140.7
2025-10-19 22:56:27,478 - WARNING -    Fitness promedio reciente: 116.0
2025-10-19 22:56:27,478 - WARNING -    Degradación: 24.7
2025-10-19 22:56:27,478 - WARNING -    🔄 RESTAURANDO mejor solución...
2025-10-19 22:56:31,183 - DEBUG - Iter 25800: T=1.58, Fitness_actual=131.6, Mejor=140.7
2025-10-19 22:56:39,163 - DEBUG - Iter 25900: T=1.58, Fitness_actual=114.8, Mejor=140.7
2025-10-19 22:56:43,244 - WARNING - ⚠️  DEGRADACIÓN DETECTADA en iter 25950:
2025-10-19 22:56:43,244 - WARNING -    Mejor fitness: 140.7
2025-10-19 22:56:43,244 - WARNING -    Fitness promedio reciente: 117.5
2025-10-19 22:56:43,244 - WARNING -    Degradación: 23.2
2025-10-19 22:56:43,245 - WARNING -    🔄 RESTAURANDO mejor solución...
2025-10-19 22:56:43,634 - INFO - 🌟 MEJORA #165 en iter 25955: Fitness=140.7 (+0.0), Puntos=16158
2025-10-19 22:56:43,635 - INFO -   ✨ Mejora #165 en iteración 25956: Fitness = 140.7 | Puntos = 16158 | T = 1.58
2025-10-19 22:56:44,028 - INFO - 🌟 MEJORA #166 en iter 25960: Fitness=140.7 (+0.0), Puntos=16158
2025-10-19 22:56:44,104 - INFO - 🌟 MEJORA #167 en iter 25961: Fitness=140.8 (+0.2), Puntos=16174
2025-10-19 22:56:47,728 - INFO -   Iter 26000 | Tiempo:   27.1min (22.6%) | T =     1.57 | Fitness =    136.1 | Mejor =    140.8 | Aceptación =  80.8%
2025-10-19 22:56:47,728 - INFO - Progreso iter 26000: T=1.57, Fitness=136.1, Mejor=140.8, Tasa_acept=80.8%
2025-10-19 22:56:47,731 - DEBUG - Iter 26000: T=1.57, Fitness_actual=136.1, Mejor=140.8
2025-10-19 22:56:55,898 - DEBUG - Iter 26100: T=1.57, Fitness_actual=127.1, Mejor=140.8
2025-10-19 22:57:03,406 - WARNING - ⚠️  DEGRADACIÓN DETECTADA en iter 26200:
2025-10-19 22:57:03,406 - WARNING -    Mejor fitness: 140.8
2025-10-19 22:57:03,407 - WARNING -    Fitness promedio reciente: 119.7
2025-10-19 22:57:03,407 - WARNING -    Degradación: 21.1
2025-10-19 22:57:03,407 - WARNING -    🔄 RESTAURANDO mejor solución...
2025-10-19 22:57:03,410 - DEBUG - Iter 26200: T=1.56, Fitness_actual=140.8, Mejor=140.8
2025-10-19 22:57:03,481 - INFO - 🌟 MEJORA #168 en iter 26201: Fitness=140.8 (+0.0), Puntos=16174
2025-10-19 22:57:03,551 - INFO - 🌟 MEJORA #169 en iter 26202: Fitness=140.8 (+0.0), Puntos=16174
2025-10-19 22:57:03,691 - INFO - 🌟 MEJORA #170 en iter 26204: Fitness=140.8 (+0.0), Puntos=16174
2025-10-19 22:57:03,691 - INFO -   ✨ Mejora #170 en iteración 26205: Fitness = 140.8 | Puntos = 16174 | T = 1.56
2025-10-19 22:57:03,837 - INFO - 🌟 MEJORA #171 en iter 26206: Fitness=140.9 (+0.0), Puntos=16177
2025-10-19 22:57:10,563 - DEBUG - Iter 26300: T=1.56, Fitness_actual=122.6, Mejor=140.9
2025-10-19 22:57:14,226 - WARNING - ⚠️  DEGRADACIÓN DETECTADA en iter 26350:
2025-10-19 22:57:14,226 - WARNING -    Mejor fitness: 140.9
2025-10-19 22:57:14,227 - WARNING -    Fitness promedio reciente: 118.9
2025-10-19 22:57:14,227 - WARNING -    Degradación: 22.0
2025-10-19 22:57:14,227 - WARNING -    🔄 RESTAURANDO mejor solución...
2025-10-19 22:57:14,400 - INFO - 🌟 MEJORA #172 en iter 26352: Fitness=141.4 (+0.5), Puntos=16177
2025-10-19 22:57:14,588 - INFO - 🌟 MEJORA #173 en iter 26354: Fitness=141.4 (+0.0), Puntos=16177
2025-10-19 22:57:18,034 - DEBUG - Iter 26400: T=1.55, Fitness_actual=135.0, Mejor=141.4
2025-10-19 22:57:25,904 - INFO -   Iter 26500 | Tiempo:   27.7min (23.1%) | T =     1.55 | Fitness =    128.0 | Mejor =    141.4 | Aceptación =  80.6%
2025-10-19 22:57:25,904 - INFO - Progreso iter 26500: T=1.55, Fitness=128.0, Mejor=141.4, Tasa_acept=80.6%
2025-10-19 22:57:25,905 - DEBUG - Iter 26500: T=1.55, Fitness_actual=128.0, Mejor=141.4
2025-10-19 22:57:33,043 - DEBUG - Iter 26600: T=1.55, Fitness_actual=121.6, Mejor=141.4
2025-10-19 22:57:36,614 - WARNING - ⚠️  DEGRADACIÓN DETECTADA en iter 26650:
2025-10-19 22:57:36,614 - WARNING -    Mejor fitness: 141.4
2025-10-19 22:57:36,614 - WARNING -    Fitness promedio reciente: 116.2
2025-10-19 22:57:36,614 - WARNING -    Degradación: 25.2
2025-10-19 22:57:36,614 - WARNING -    🔄 RESTAURANDO mejor solución...
2025-10-19 22:57:36,616 - INFO - 🌟 MEJORA #174 en iter 26650: Fitness=141.4 (+0.0), Puntos=16177
2025-10-19 22:57:40,251 - DEBUG - Iter 26700: T=1.54, Fitness_actual=138.0, Mejor=141.4
2025-10-19 22:57:47,430 - DEBUG - Iter 26800: T=1.54, Fitness_actual=131.1, Mejor=141.4
2025-10-19 22:57:55,009 - DEBUG - Iter 26900: T=1.53, Fitness_actual=129.0, Mejor=141.4
2025-10-19 22:58:02,637 - INFO -   Iter 27000 | Tiempo:   28.3min (23.6%) | T =     1.53 | Fitness =    124.5 | Mejor =    141.4 | Aceptación =  80.5%
2025-10-19 22:58:02,637 - INFO - Progreso iter 27000: T=1.53, Fitness=124.5, Mejor=141.4, Tasa_acept=80.5%
2025-10-19 22:58:02,638 - DEBUG - Iter 27000: T=1.53, Fitness_actual=124.5, Mejor=141.4
2025-10-19 22:58:10,161 - WARNING - ⚠️  DEGRADACIÓN DETECTADA en iter 27100:
2025-10-19 22:58:10,161 - WARNING -    Mejor fitness: 141.4
2025-10-19 22:58:10,162 - WARNING -    Fitness promedio reciente: 120.6
2025-10-19 22:58:10,162 - WARNING -    Degradación: 20.8
2025-10-19 22:58:10,162 - WARNING -    🔄 RESTAURANDO mejor solución...
2025-10-19 22:58:10,165 - DEBUG - Iter 27100: T=1.52, Fitness_actual=141.4, Mejor=141.4
2025-10-19 22:58:10,240 - INFO - 🌟 MEJORA #175 en iter 27101: Fitness=141.4 (+0.0), Puntos=16179
2025-10-19 22:58:10,240 - INFO -   ✨ Mejora #175 en iteración 27102: Fitness = 141.4 | Puntos = 16179 | T = 1.52
2025-10-19 22:58:10,314 - INFO - 🌟 MEJORA #176 en iter 27102: Fitness=141.4 (+0.0), Puntos=16179
2025-10-19 22:58:17,849 - DEBUG - Iter 27200: T=1.52, Fitness_actual=131.2, Mejor=141.4
2025-10-19 22:58:26,018 - DEBUG - Iter 27300: T=1.51, Fitness_actual=127.6, Mejor=141.4
2025-10-19 22:58:34,102 - DEBUG - Iter 27400: T=1.51, Fitness_actual=124.5, Mejor=141.4
2025-10-19 22:58:38,426 - WARNING - ⚠️  DEGRADACIÓN DETECTADA en iter 27450:
2025-10-19 22:58:38,426 - WARNING -    Mejor fitness: 141.4
2025-10-19 22:58:38,426 - WARNING -    Fitness promedio reciente: 119.1
2025-10-19 22:58:38,426 - WARNING -    Degradación: 22.3
2025-10-19 22:58:38,426 - WARNING -    🔄 RESTAURANDO mejor solución...
2025-10-19 22:58:42,180 - INFO -   Iter 27500 | Tiempo:   29.0min (24.2%) | T =     1.50 | Fitness =    137.0 | Mejor =    141.4 | Aceptación =  80.3%
2025-10-19 22:58:42,181 - INFO - Progreso iter 27500: T=1.50, Fitness=137.0, Mejor=141.4, Tasa_acept=80.3%
2025-10-19 22:58:42,182 - DEBUG - Iter 27500: T=1.50, Fitness_actual=137.0, Mejor=141.4
2025-10-19 22:58:49,950 - DEBUG - Iter 27600: T=1.50, Fitness_actual=131.5, Mejor=141.4
2025-10-19 22:58:57,818 - DEBUG - Iter 27700: T=1.50, Fitness_actual=120.6, Mejor=141.4
2025-10-19 22:59:01,978 - WARNING - ⚠️  DEGRADACIÓN DETECTADA en iter 27750:
2025-10-19 22:59:01,978 - WARNING -    Mejor fitness: 141.4
2025-10-19 22:59:01,978 - WARNING -    Fitness promedio reciente: 115.3
2025-10-19 22:59:01,979 - WARNING -    Degradación: 26.1
2025-10-19 22:59:01,979 - WARNING -    🔄 RESTAURANDO mejor solución...
2025-10-19 22:59:02,528 - INFO - 🌟 MEJORA #177 en iter 27757: Fitness=141.5 (+0.1), Puntos=16191
2025-10-19 22:59:02,603 - INFO - 🌟 MEJORA #178 en iter 27758: Fitness=141.5 (+0.0), Puntos=16191
2025-10-19 22:59:05,831 - DEBUG - Iter 27800: T=1.49, Fitness_actual=136.9, Mejor=141.5
2025-10-19 22:59:14,162 - DEBUG - Iter 27900: T=1.49, Fitness_actual=125.5, Mejor=141.5
2025-10-19 22:59:18,433 - WARNING - ⚠️  DEGRADACIÓN DETECTADA en iter 27950:
2025-10-19 22:59:18,433 - WARNING -    Mejor fitness: 141.5
2025-10-19 22:59:18,434 - WARNING -    Fitness promedio reciente: 121.1
2025-10-19 22:59:18,434 - WARNING -    Degradación: 20.4
2025-10-19 22:59:18,434 - WARNING -    🔄 RESTAURANDO mejor solución...
2025-10-19 22:59:23,190 - INFO -   Iter 28000 | Tiempo:   29.7min (24.7%) | T =     1.48 | Fitness =    134.5 | Mejor =    141.5 | Aceptación =  80.2%
2025-10-19 22:59:23,190 - INFO - Progreso iter 28000: T=1.48, Fitness=134.5, Mejor=141.5, Tasa_acept=80.2%
2025-10-19 22:59:23,191 - DEBUG - Iter 28000: T=1.48, Fitness_actual=134.5, Mejor=141.5
2025-10-19 22:59:31,808 - DEBUG - Iter 28100: T=1.48, Fitness_actual=121.0, Mejor=141.5
2025-10-19 22:59:40,386 - DEBUG - Iter 28200: T=1.47, Fitness_actual=127.1, Mejor=141.5
2025-10-19 22:59:47,885 - DEBUG - Iter 28300: T=1.47, Fitness_actual=126.7, Mejor=141.5
2025-10-19 22:59:55,753 - DEBUG - Iter 28400: T=1.46, Fitness_actual=128.9, Mejor=141.5
2025-10-19 23:00:03,207 - INFO -   Iter 28500 | Tiempo:   30.4min (25.3%) | T =     1.46 | Fitness =    126.4 | Mejor =    141.5 | Aceptación =  80.1%
2025-10-19 23:00:03,207 - INFO - Progreso iter 28500: T=1.46, Fitness=126.4, Mejor=141.5, Tasa_acept=80.1%
2025-10-19 23:00:03,210 - DEBUG - Iter 28500: T=1.46, Fitness_actual=126.4, Mejor=141.5
2025-10-19 23:00:10,762 - DEBUG - Iter 28600: T=1.45, Fitness_actual=123.2, Mejor=141.5
2025-10-19 23:00:14,718 - WARNING - ⚠️  DEGRADACIÓN DETECTADA en iter 28650:
2025-10-19 23:00:14,719 - WARNING -    Mejor fitness: 141.5
2025-10-19 23:00:14,719 - WARNING -    Fitness promedio reciente: 120.0
2025-10-19 23:00:14,719 - WARNING -    Degradación: 21.6
2025-10-19 23:00:14,719 - WARNING -    🔄 RESTAURANDO mejor solución...
2025-10-19 23:00:18,522 - DEBUG - Iter 28700: T=1.45, Fitness_actual=139.4, Mejor=141.5
2025-10-19 23:00:26,216 - DEBUG - Iter 28800: T=1.44, Fitness_actual=124.7, Mejor=141.5
2025-10-19 23:00:34,008 - DEBUG - Iter 28900: T=1.44, Fitness_actual=122.0, Mejor=141.5
2025-10-19 23:00:42,353 - INFO -   Iter 29000 | Tiempo:   31.0min (25.8%) | T =     1.44 | Fitness =    120.1 | Mejor =    141.5 | Aceptación =  80.0%
2025-10-19 23:00:42,353 - INFO - Progreso iter 29000: T=1.44, Fitness=120.1, Mejor=141.5, Tasa_acept=80.0%
2025-10-19 23:00:42,353 - WARNING - ⚠️  DEGRADACIÓN DETECTADA en iter 29000:
2025-10-19 23:00:42,354 - WARNING -    Mejor fitness: 141.5
2025-10-19 23:00:42,354 - WARNING -    Fitness promedio reciente: 121.4
2025-10-19 23:00:42,354 - WARNING -    Degradación: 20.2
2025-10-19 23:00:42,354 - WARNING -    🔄 RESTAURANDO mejor solución...
2025-10-19 23:00:42,355 - DEBUG - Iter 29000: T=1.44, Fitness_actual=141.5, Mejor=141.5
2025-10-19 23:00:42,510 - INFO - 🌟 MEJORA #179 en iter 29002: Fitness=141.6 (+0.0), Puntos=16197
2025-10-19 23:00:43,055 - INFO - 🌟 MEJORA #180 en iter 29009: Fitness=141.6 (+0.0), Puntos=16201
2025-10-19 23:00:43,055 - INFO -   ✨ Mejora #180 en iteración 29010: Fitness = 141.6 | Puntos = 16201 | T = 1.44
2025-10-19 23:00:43,203 - INFO - 🌟 MEJORA #181 en iter 29011: Fitness=141.6 (+0.0), Puntos=16201
2025-10-19 23:00:49,951 - DEBUG - Iter 29100: T=1.43, Fitness_actual=136.4, Mejor=141.6
2025-10-19 23:00:57,666 - DEBUG - Iter 29200: T=1.43, Fitness_actual=131.7, Mejor=141.6
2025-10-19 23:01:05,450 - DEBUG - Iter 29300: T=1.42, Fitness_actual=121.6, Mejor=141.6
2025-10-19 23:01:13,222 - DEBUG - Iter 29400: T=1.42, Fitness_actual=119.9, Mejor=141.6
2025-10-19 23:01:20,923 - INFO -   Iter 29500 | Tiempo:   31.7min (26.4%) | T =     1.41 | Fitness =    122.0 | Mejor =    141.6 | Aceptación =  79.9%
2025-10-19 23:01:20,923 - INFO - Progreso iter 29500: T=1.41, Fitness=122.0, Mejor=141.6, Tasa_acept=79.9%
2025-10-19 23:01:20,926 - DEBUG - Iter 29500: T=1.41, Fitness_actual=122.0, Mejor=141.6
2025-10-19 23:01:22,157 - WARNING - ================================================================================
2025-10-19 23:01:22,157 - WARNING - ⚠️  SALTO ANORMAL DETECTADO en iteración 29516
2025-10-19 23:01:22,158 - WARNING -    Fitness actual: 124.1
2025-10-19 23:01:22,158 - WARNING -    Fitness vecino: 83.7
2025-10-19 23:01:22,158 - WARNING -    Delta: -40.5
2025-10-19 23:01:22,158 - WARNING -    Temperatura: 1.41
2025-10-19 23:01:22,158 - WARNING -    Tipo perturbación aplicada: (ver generar_vecino)
2025-10-19 23:01:22,158 - WARNING -    Vecino - Puntos: 15477, Tiempo: 15218.0min, Distancia: 274.8km
2025-10-19 23:01:22,159 - WARNING -    Actual - Puntos: 15452, Tiempo: 13215.4min, Distancia: 125.0km
2025-10-19 23:01:22,159 - WARNING -    Validez restricciones - Vecino: False, Actual: False
2025-10-19 23:01:22,159 - WARNING - ================================================================================
2025-10-19 23:01:22,159 - WARNING - ⚠️  SALTO ANORMAL DETECTADO en iteración 29516
2025-10-19 23:01:22,159 - WARNING -    Fitness: 124.1 → 83.7 (Δ=-40.5)
2025-10-19 23:01:22,159 - WARNING -    Ver detalles en archivo de log
2025-10-19 23:01:28,733 - WARNING - ⚠️  DEGRADACIÓN DETECTADA en iter 29600:
2025-10-19 23:01:28,733 - WARNING -    Mejor fitness: 141.6
2025-10-19 23:01:28,733 - WARNING -    Fitness promedio reciente: 120.1
2025-10-19 23:01:28,734 - WARNING -    Degradación: 21.5
2025-10-19 23:01:28,734 - WARNING -    🔄 RESTAURANDO mejor solución...
2025-10-19 23:01:28,737 - DEBUG - Iter 29600: T=1.41, Fitness_actual=141.6, Mejor=141.6
2025-10-19 23:01:28,893 - INFO - 🌟 MEJORA #182 en iter 29602: Fitness=141.6 (+0.0), Puntos=16206
2025-10-19 23:01:36,699 - DEBUG - Iter 29700: T=1.41, Fitness_actual=136.5, Mejor=141.6
2025-10-19 23:01:44,884 - DEBUG - Iter 29800: T=1.40, Fitness_actual=128.6, Mejor=141.6
2025-10-19 23:01:53,175 - DEBUG - Iter 29900: T=1.40, Fitness_actual=134.2, Mejor=141.6
2025-10-19 23:02:01,608 - INFO -   Iter 30000 | Tiempo:   32.3min (26.9%) | T =     1.39 | Fitness =    125.4 | Mejor =    141.6 | Aceptación =  79.8%
2025-10-19 23:02:01,608 - INFO - Progreso iter 30000: T=1.39, Fitness=125.4, Mejor=141.6, Tasa_acept=79.8%
2025-10-19 23:02:01,610 - DEBUG - Iter 30000: T=1.39, Fitness_actual=125.4, Mejor=141.6
2025-10-19 23:02:09,861 - DEBUG - Iter 30100: T=1.39, Fitness_actual=119.1, Mejor=141.6
2025-10-19 23:02:13,929 - WARNING - ⚠️  DEGRADACIÓN DETECTADA en iter 30150:
2025-10-19 23:02:13,929 - WARNING -    Mejor fitness: 141.6
2025-10-19 23:02:13,929 - WARNING -    Fitness promedio reciente: 120.0
2025-10-19 23:02:13,929 - WARNING -    Degradación: 21.7
2025-10-19 23:02:13,930 - WARNING -    🔄 RESTAURANDO mejor solución...
2025-10-19 23:02:18,186 - DEBUG - Iter 30200: T=1.38, Fitness_actual=137.4, Mejor=141.6
2025-10-19 23:02:26,487 - DEBUG - Iter 30300: T=1.38, Fitness_actual=124.8, Mejor=141.6
2025-10-19 23:02:34,559 - DEBUG - Iter 30400: T=1.37, Fitness_actual=118.3, Mejor=141.6
2025-10-19 23:02:38,789 - WARNING - ⚠️  DEGRADACIÓN DETECTADA en iter 30450:
2025-10-19 23:02:38,790 - WARNING -    Mejor fitness: 141.6
2025-10-19 23:02:38,790 - WARNING -    Fitness promedio reciente: 119.7
2025-10-19 23:02:38,791 - WARNING -    Degradación: 21.9
2025-10-19 23:02:38,791 - WARNING -    🔄 RESTAURANDO mejor solución...
2025-10-19 23:02:42,830 - INFO -   Iter 30500 | Tiempo:   33.0min (27.5%) | T =     1.37 | Fitness =    138.0 | Mejor =    141.6 | Aceptación =  79.6%
2025-10-19 23:02:42,831 - INFO - Progreso iter 30500: T=1.37, Fitness=138.0, Mejor=141.6, Tasa_acept=79.6%
2025-10-19 23:02:42,832 - DEBUG - Iter 30500: T=1.37, Fitness_actual=138.0, Mejor=141.6
2025-10-19 23:02:50,870 - DEBUG - Iter 30600: T=1.37, Fitness_actual=131.6, Mejor=141.6
2025-10-19 23:02:59,691 - DEBUG - Iter 30700: T=1.36, Fitness_actual=128.7, Mejor=141.6
2025-10-19 23:03:07,801 - DEBUG - Iter 30800: T=1.36, Fitness_actual=121.5, Mejor=141.6
2025-10-19 23:03:11,925 - WARNING - ⚠️  DEGRADACIÓN DETECTADA en iter 30850:
2025-10-19 23:03:11,925 - WARNING -    Mejor fitness: 141.6
2025-10-19 23:03:11,925 - WARNING -    Fitness promedio reciente: 118.5
2025-10-19 23:03:11,925 - WARNING -    Degradación: 23.1
2025-10-19 23:03:11,925 - WARNING -    🔄 RESTAURANDO mejor solución...
2025-10-19 23:03:16,132 - DEBUG - Iter 30900: T=1.35, Fitness_actual=134.8, Mejor=141.6
2025-10-19 23:03:24,892 - INFO -   Iter 31000 | Tiempo:   33.7min (28.1%) | T =     1.35 | Fitness =    134.1 | Mejor =    141.6 | Aceptación =  79.5%
2025-10-19 23:03:24,892 - INFO - Progreso iter 31000: T=1.35, Fitness=134.1, Mejor=141.6, Tasa_acept=79.5%
2025-10-19 23:03:24,893 - DEBUG - Iter 31000: T=1.35, Fitness_actual=134.1, Mejor=141.6
2025-10-19 23:03:32,912 - DEBUG - Iter 31100: T=1.34, Fitness_actual=136.0, Mejor=141.6
2025-10-19 23:03:41,532 - DEBUG - Iter 31200: T=1.34, Fitness_actual=124.5, Mejor=141.6
2025-10-19 23:03:50,242 - DEBUG - Iter 31300: T=1.34, Fitness_actual=126.7, Mejor=141.6
2025-10-19 23:03:58,522 - DEBUG - Iter 31400: T=1.33, Fitness_actual=123.5, Mejor=141.6
2025-10-19 23:04:02,820 - WARNING - ⚠️  DEGRADACIÓN DETECTADA en iter 31450:
2025-10-19 23:04:02,822 - WARNING -    Mejor fitness: 141.6
2025-10-19 23:04:02,826 - WARNING -    Fitness promedio reciente: 120.0
2025-10-19 23:04:02,826 - WARNING -    Degradación: 21.6
2025-10-19 23:04:02,827 - WARNING -    🔄 RESTAURANDO mejor solución...
2025-10-19 23:04:02,829 - INFO - 🌟 MEJORA #183 en iter 31450: Fitness=141.6 (+0.0), Puntos=16206
2025-10-19 23:04:02,921 - INFO - 🌟 MEJORA #184 en iter 31451: Fitness=141.6 (+0.0), Puntos=16206
2025-10-19 23:04:03,124 - INFO - 🌟 MEJORA #185 en iter 31453: Fitness=141.6 (+0.0), Puntos=16206
2025-10-19 23:04:03,125 - INFO -   ✨ Mejora #185 en iteración 31454: Fitness = 141.6 | Puntos = 16206 | T = 1.33
2025-10-19 23:04:07,306 - INFO -   Iter 31500 | Tiempo:   34.4min (28.7%) | T =     1.33 | Fitness =    133.3 | Mejor =    141.6 | Aceptación =  79.4%
2025-10-19 23:04:07,306 - INFO - Progreso iter 31500: T=1.33, Fitness=133.3, Mejor=141.6, Tasa_acept=79.4%
2025-10-19 23:04:07,309 - DEBUG - Iter 31500: T=1.33, Fitness_actual=133.3, Mejor=141.6
2025-10-19 23:04:15,752 - WARNING - ⚠️  DEGRADACIÓN DETECTADA en iter 31600:
2025-10-19 23:04:15,752 - WARNING -    Mejor fitness: 141.6
2025-10-19 23:04:15,752 - WARNING -    Fitness promedio reciente: 121.3
2025-10-19 23:04:15,752 - WARNING -    Degradación: 20.3
2025-10-19 23:04:15,752 - WARNING -    🔄 RESTAURANDO mejor solución...
2025-10-19 23:04:15,755 - DEBUG - Iter 31600: T=1.32, Fitness_actual=141.6, Mejor=141.6
2025-10-19 23:04:21,709 - WARNING - ================================================================================
2025-10-19 23:04:21,709 - WARNING - ⚠️  SALTO ANORMAL DETECTADO en iteración 31662
2025-10-19 23:04:21,710 - WARNING -    Fitness actual: 132.6
2025-10-19 23:04:21,711 - WARNING -    Fitness vecino: 92.1
2025-10-19 23:04:21,711 - WARNING -    Delta: -40.5
2025-10-19 23:04:21,711 - WARNING -    Temperatura: 1.32
2025-10-19 23:04:21,711 - WARNING -    Tipo perturbación aplicada: (ver generar_vecino)
2025-10-19 23:04:21,711 - WARNING -    Vecino - Puntos: 16336, Tiempo: 15740.3min, Distancia: 296.3km
2025-10-19 23:04:21,711 - WARNING -    Actual - Puntos: 16207, Tiempo: 13630.2min, Distancia: 142.5km
2025-10-19 23:04:21,711 - WARNING -    Validez restricciones - Vecino: False, Actual: False
2025-10-19 23:04:21,712 - WARNING - ================================================================================
2025-10-19 23:04:21,712 - WARNING - ⚠️  SALTO ANORMAL DETECTADO en iteración 31662
2025-10-19 23:04:21,712 - WARNING -    Fitness: 132.6 → 92.1 (Δ=-40.5)
2025-10-19 23:04:21,712 - WARNING -    Ver detalles en archivo de log
2025-10-19 23:04:25,321 - DEBUG - Iter 31700: T=1.32, Fitness_actual=127.5, Mejor=141.6
2025-10-19 23:04:33,647 - DEBUG - Iter 31800: T=1.31, Fitness_actual=125.0, Mejor=141.6
2025-10-19 23:04:42,141 - DEBUG - Iter 31900: T=1.31, Fitness_actual=124.8, Mejor=141.6
2025-10-19 23:04:46,650 - WARNING - ⚠️  DEGRADACIÓN DETECTADA en iter 31950:
2025-10-19 23:04:46,650 - WARNING -    Mejor fitness: 141.6
2025-10-19 23:04:46,650 - WARNING -    Fitness promedio reciente: 120.1
2025-10-19 23:04:46,650 - WARNING -    Degradación: 21.5
2025-10-19 23:04:46,650 - WARNING -    🔄 RESTAURANDO mejor solución...
2025-10-19 23:04:46,652 - INFO - 🌟 MEJORA #186 en iter 31950: Fitness=141.6 (+0.0), Puntos=16205
2025-10-19 23:04:47,410 - INFO - 🌟 MEJORA #187 en iter 31959: Fitness=141.6 (+0.0), Puntos=16205
2025-10-19 23:04:47,493 - INFO - 🌟 MEJORA #188 en iter 31960: Fitness=141.6 (+0.0), Puntos=16205
2025-10-19 23:04:47,981 - INFO - 🌟 MEJORA #189 en iter 31966: Fitness=142.6 (+0.9), Puntos=16199
2025-10-19 23:04:48,146 - INFO - 🌟 MEJORA #190 en iter 31968: Fitness=142.6 (+0.0), Puntos=16199
2025-10-19 23:04:48,147 - INFO -   ✨ Mejora #190 en iteración 31969: Fitness = 142.6 | Puntos = 16199 | T = 1.31
2025-10-19 23:04:50,778 - INFO -   Iter 32000 | Tiempo:   35.2min (29.3%) | T =     1.30 | Fitness =    135.3 | Mejor =    142.6 | Aceptación =  79.3%
2025-10-19 23:04:50,778 - INFO - Progreso iter 32000: T=1.30, Fitness=135.3, Mejor=142.6, Tasa_acept=79.3%
2025-10-19 23:04:50,781 - DEBUG - Iter 32000: T=1.30, Fitness_actual=135.3, Mejor=142.6
2025-10-19 23:04:59,423 - DEBUG - Iter 32100: T=1.30, Fitness_actual=133.7, Mejor=142.6
2025-10-19 23:05:08,095 - DEBUG - Iter 32200: T=1.30, Fitness_actual=132.9, Mejor=142.6
2025-10-19 23:05:16,762 - DEBUG - Iter 32300: T=1.29, Fitness_actual=117.4, Mejor=142.6
2025-10-19 23:05:21,046 - WARNING - ⚠️  DEGRADACIÓN DETECTADA en iter 32350:
2025-10-19 23:05:21,047 - WARNING -    Mejor fitness: 142.6
2025-10-19 23:05:21,047 - WARNING -    Fitness promedio reciente: 118.7
2025-10-19 23:05:21,047 - WARNING -    Degradación: 23.9
2025-10-19 23:05:21,047 - WARNING -    🔄 RESTAURANDO mejor solución...
2025-10-19 23:05:25,668 - DEBUG - Iter 32400: T=1.29, Fitness_actual=131.5, Mejor=142.6
2025-10-19 23:05:34,743 - INFO -   Iter 32500 | Tiempo:   35.9min (29.9%) | T =     1.28 | Fitness =    130.8 | Mejor =    142.6 | Aceptación =  79.2%
2025-10-19 23:05:34,743 - INFO - Progreso iter 32500: T=1.28, Fitness=130.8, Mejor=142.6, Tasa_acept=79.2%
2025-10-19 23:05:34,746 - DEBUG - Iter 32500: T=1.28, Fitness_actual=130.8, Mejor=142.6
2025-10-19 23:05:41,713 - INFO - --- Cambiando a Fase: Intermedia (Balance) (Progreso: 30.0%) ---
2025-10-19 23:05:42,681 - DEBUG - Iter 32600: T=1.28, Fitness_actual=123.1, Mejor=142.6
2025-10-19 23:05:50,501 - DEBUG - Iter 32700: T=1.27, Fitness_actual=120.3, Mejor=142.6
2025-10-19 23:05:54,385 - WARNING - ⚠️  DEGRADACIÓN DETECTADA en iter 32750:
2025-10-19 23:05:54,385 - WARNING -    Mejor fitness: 142.6
2025-10-19 23:05:54,385 - WARNING -    Fitness promedio reciente: 121.0
2025-10-19 23:05:54,385 - WARNING -    Degradación: 21.5
2025-10-19 23:05:54,386 - WARNING -    🔄 RESTAURANDO mejor solución...
2025-10-19 23:05:58,334 - DEBUG - Iter 32800: T=1.27, Fitness_actual=140.1, Mejor=142.6
2025-10-19 23:06:06,342 - DEBUG - Iter 32900: T=1.27, Fitness_actual=123.0, Mejor=142.6
2025-10-19 23:06:10,426 - WARNING - ⚠️  DEGRADACIÓN DETECTADA en iter 32950:
2025-10-19 23:06:10,426 - WARNING -    Mejor fitness: 142.6
2025-10-19 23:06:10,426 - WARNING -    Fitness promedio reciente: 120.7
2025-10-19 23:06:10,426 - WARNING -    Degradación: 21.8
2025-10-19 23:06:10,427 - WARNING -    🔄 RESTAURANDO mejor solución...
2025-10-19 23:06:10,428 - INFO - 🌟 MEJORA #191 en iter 32950: Fitness=142.6 (+0.0), Puntos=16199
2025-10-19 23:06:10,588 - INFO - 🌟 MEJORA #192 en iter 32952: Fitness=142.6 (+0.1), Puntos=16204
2025-10-19 23:06:14,473 - INFO -   Iter 33000 | Tiempo:   36.5min (30.5%) | T =     1.26 | Fitness =    140.5 | Mejor =    142.6 | Aceptación =  79.2%
2025-10-19 23:06:14,473 - INFO - Progreso iter 33000: T=1.26, Fitness=140.5, Mejor=142.6, Tasa_acept=79.2%
2025-10-19 23:06:14,475 - DEBUG - Iter 33000: T=1.26, Fitness_actual=140.5, Mejor=142.6
2025-10-19 23:06:22,410 - DEBUG - Iter 33100: T=1.26, Fitness_actual=129.7, Mejor=142.6
2025-10-19 23:06:30,541 - DEBUG - Iter 33200: T=1.26, Fitness_actual=131.4, Mejor=142.6
2025-10-19 23:06:38,794 - DEBUG - Iter 33300: T=1.25, Fitness_actual=126.8, Mejor=142.6
2025-10-19 23:06:46,829 - DEBUG - Iter 33400: T=1.25, Fitness_actual=124.3, Mejor=142.6
2025-10-19 23:06:55,775 - INFO -   Iter 33500 | Tiempo:   37.2min (31.0%) | T =     1.24 | Fitness =    122.3 | Mejor =    142.6 | Aceptación =  79.2%
2025-10-19 23:06:55,776 - INFO - Progreso iter 33500: T=1.24, Fitness=122.3, Mejor=142.6, Tasa_acept=79.2%
2025-10-19 23:06:55,777 - DEBUG - Iter 33500: T=1.24, Fitness_actual=122.3, Mejor=142.6
2025-10-19 23:07:00,195 - WARNING - ⚠️  DEGRADACIÓN DETECTADA en iter 33550:
2025-10-19 23:07:00,196 - WARNING -    Mejor fitness: 142.6
2025-10-19 23:07:00,196 - WARNING -    Fitness promedio reciente: 121.7
2025-10-19 23:07:00,196 - WARNING -    Degradación: 20.9
2025-10-19 23:07:00,196 - WARNING -    🔄 RESTAURANDO mejor solución...
2025-10-19 23:07:05,118 - DEBUG - Iter 33600: T=1.24, Fitness_actual=138.9, Mejor=142.6
2025-10-19 23:07:13,752 - DEBUG - Iter 33700: T=1.23, Fitness_actual=134.7, Mejor=142.6
2025-10-19 23:07:22,364 - DEBUG - Iter 33800: T=1.23, Fitness_actual=128.3, Mejor=142.6
2025-10-19 23:07:31,357 - DEBUG - Iter 33900: T=1.23, Fitness_actual=123.2, Mejor=142.6
2025-10-19 23:07:35,758 - WARNING - ⚠️  DEGRADACIÓN DETECTADA en iter 33950:
2025-10-19 23:07:35,759 - WARNING -    Mejor fitness: 142.6
2025-10-19 23:07:35,759 - WARNING -    Fitness promedio reciente: 121.9
2025-10-19 23:07:35,759 - WARNING -    Degradación: 20.8
2025-10-19 23:07:35,759 - WARNING -    🔄 RESTAURANDO mejor solución...
2025-10-19 23:07:35,846 - INFO - 🌟 MEJORA #193 en iter 33951: Fitness=142.6 (+0.0), Puntos=16204
2025-10-19 23:07:35,936 - INFO - 🌟 MEJORA #194 en iter 33952: Fitness=142.7 (+0.0), Puntos=16206
2025-10-19 23:07:36,024 - INFO - 🌟 MEJORA #195 en iter 33953: Fitness=142.7 (+0.0), Puntos=16206
2025-10-19 23:07:36,024 - INFO -   ✨ Mejora #195 en iteración 33954: Fitness = 142.7 | Puntos = 16206 | T = 1.22
2025-10-19 23:07:40,112 - INFO -   Iter 34000 | Tiempo:   38.0min (31.6%) | T =     1.22 | Fitness =    137.3 | Mejor =    142.7 | Aceptación =  79.2%
2025-10-19 23:07:40,112 - INFO - Progreso iter 34000: T=1.22, Fitness=137.3, Mejor=142.7, Tasa_acept=79.2%
2025-10-19 23:07:40,113 - DEBUG - Iter 34000: T=1.22, Fitness_actual=137.3, Mejor=142.7
2025-10-19 23:07:48,882 - DEBUG - Iter 34100: T=1.22, Fitness_actual=133.6, Mejor=142.7
2025-10-19 23:07:57,690 - DEBUG - Iter 34200: T=1.21, Fitness_actual=130.5, Mejor=142.7
2025-10-19 23:08:06,433 - DEBUG - Iter 34300: T=1.21, Fitness_actual=125.4, Mejor=142.7
2025-10-19 23:08:15,418 - DEBUG - Iter 34400: T=1.21, Fitness_actual=125.1, Mejor=142.7
2025-10-19 23:08:24,350 - INFO -   Iter 34500 | Tiempo:   38.7min (32.3%) | T =     1.20 | Fitness =    126.1 | Mejor =    142.7 | Aceptación =  79.2%
2025-10-19 23:08:24,350 - INFO - Progreso iter 34500: T=1.20, Fitness=126.1, Mejor=142.7, Tasa_acept=79.2%
2025-10-19 23:08:24,352 - DEBUG - Iter 34500: T=1.20, Fitness_actual=126.1, Mejor=142.7
2025-10-19 23:08:33,009 - DEBUG - Iter 34600: T=1.20, Fitness_actual=127.1, Mejor=142.7
2025-10-19 23:08:41,648 - DEBUG - Iter 34700: T=1.19, Fitness_actual=127.8, Mejor=142.7
2025-10-19 23:08:50,735 - DEBUG - Iter 34800: T=1.19, Fitness_actual=123.7, Mejor=142.7
2025-10-19 23:08:59,837 - DEBUG - Iter 34900: T=1.19, Fitness_actual=123.7, Mejor=142.7
2025-10-19 23:09:04,195 - WARNING - ⚠️  DEGRADACIÓN DETECTADA en iter 34950:
2025-10-19 23:09:04,196 - WARNING -    Mejor fitness: 142.7
2025-10-19 23:09:04,196 - WARNING -    Fitness promedio reciente: 121.5
2025-10-19 23:09:04,196 - WARNING -    Degradación: 21.2
2025-10-19 23:09:04,196 - WARNING -    🔄 RESTAURANDO mejor solución...
2025-10-19 23:09:04,288 - INFO - 🌟 MEJORA #196 en iter 34951: Fitness=142.7 (+0.0), Puntos=16208
2025-10-19 23:09:04,373 - INFO - 🌟 MEJORA #197 en iter 34952: Fitness=142.7 (+0.0), Puntos=16208
2025-10-19 23:09:04,460 - INFO - 🌟 MEJORA #198 en iter 34953: Fitness=142.7 (+0.0), Puntos=16212
2025-10-19 23:09:09,312 - INFO -   Iter 35000 | Tiempo:   39.5min (32.9%) | T =     1.18 | Fitness =    135.4 | Mejor =    142.7 | Aceptación =  79.2%
2025-10-19 23:09:09,312 - INFO - Progreso iter 35000: T=1.18, Fitness=135.4, Mejor=142.7, Tasa_acept=79.2%
2025-10-19 23:09:09,316 - DEBUG - Iter 35000: T=1.18, Fitness_actual=135.4, Mejor=142.7
2025-10-19 23:09:18,581 - DEBUG - Iter 35100: T=1.18, Fitness_actual=132.6, Mejor=142.7
2025-10-19 23:09:27,772 - DEBUG - Iter 35200: T=1.17, Fitness_actual=134.0, Mejor=142.7
2025-10-19 23:09:37,567 - DEBUG - Iter 35300: T=1.17, Fitness_actual=130.2, Mejor=142.7
2025-10-19 23:09:47,071 - DEBUG - Iter 35400: T=1.16, Fitness_actual=131.6, Mejor=142.7
2025-10-19 23:09:56,612 - INFO -   Iter 35500 | Tiempo:   40.2min (33.5%) | T =     1.16 | Fitness =    128.3 | Mejor =    142.7 | Aceptación =  79.3%
2025-10-19 23:09:56,613 - INFO - Progreso iter 35500: T=1.16, Fitness=128.3, Mejor=142.7, Tasa_acept=79.3%
2025-10-19 23:09:56,615 - DEBUG - Iter 35500: T=1.16, Fitness_actual=128.3, Mejor=142.7
2025-10-19 23:10:05,229 - DEBUG - Iter 35600: T=1.16, Fitness_actual=124.4, Mejor=142.7
2025-10-19 23:10:13,488 - DEBUG - Iter 35700: T=1.15, Fitness_actual=125.1, Mejor=142.7
2025-10-19 23:10:18,502 - WARNING - ================================================================================
2025-10-19 23:10:18,502 - WARNING - ⚠️  SALTO ANORMAL DETECTADO en iteración 35761
2025-10-19 23:10:18,502 - WARNING -    Fitness actual: 123.5
2025-10-19 23:10:18,502 - WARNING -    Fitness vecino: 94.6
2025-10-19 23:10:18,502 - WARNING -    Delta: -28.9
2025-10-19 23:10:18,503 - WARNING -    Temperatura: 1.15
2025-10-19 23:10:18,503 - WARNING -    Tipo perturbación aplicada: (ver generar_vecino)
2025-10-19 23:10:18,503 - WARNING -    Vecino - Puntos: 15754, Tiempo: 15120.9min, Distancia: 231.3km
2025-10-19 23:10:18,503 - WARNING -    Actual - Puntos: 15789, Tiempo: 13713.3min, Distancia: 127.8km
2025-10-19 23:10:18,503 - WARNING -    Validez restricciones - Vecino: False, Actual: False
2025-10-19 23:10:18,503 - WARNING - ================================================================================
2025-10-19 23:10:18,503 - WARNING - ⚠️  SALTO ANORMAL DETECTADO en iteración 35761
2025-10-19 23:10:18,503 - WARNING -    Fitness: 123.5 → 94.6 (Δ=-28.9)
2025-10-19 23:10:18,504 - WARNING -    Ver detalles en archivo de log
2025-10-19 23:10:21,726 - DEBUG - Iter 35800: T=1.15, Fitness_actual=125.0, Mejor=142.7
2025-10-19 23:10:31,251 - DEBUG - Iter 35900: T=1.15, Fitness_actual=123.1, Mejor=142.7
2025-10-19 23:10:39,096 - INFO -   Iter 36000 | Tiempo:   41.0min (34.1%) | T =     1.14 | Fitness =    118.0 | Mejor =    142.7 | Aceptación =  79.3%
2025-10-19 23:10:39,096 - INFO - Progreso iter 36000: T=1.14, Fitness=118.0, Mejor=142.7, Tasa_acept=79.3%
2025-10-19 23:10:39,097 - WARNING - ⚠️  DEGRADACIÓN DETECTADA en iter 36000:
2025-10-19 23:10:39,097 - WARNING -    Mejor fitness: 142.7
2025-10-19 23:10:39,097 - WARNING -    Fitness promedio reciente: 121.0
2025-10-19 23:10:39,097 - WARNING -    Degradación: 21.7
2025-10-19 23:10:39,097 - WARNING -    🔄 RESTAURANDO mejor solución...
2025-10-19 23:10:39,098 - DEBUG - Iter 36000: T=1.14, Fitness_actual=142.7, Mejor=142.7
2025-10-19 23:10:39,172 - INFO - 🌟 MEJORA #199 en iter 36001: Fitness=142.7 (+0.0), Puntos=16212
2025-10-19 23:10:39,699 - INFO - 🌟 MEJORA #200 en iter 36008: Fitness=142.8 (+0.1), Puntos=16220
2025-10-19 23:10:39,699 - INFO -   ✨ Mejora #200 en iteración 36009: Fitness = 142.8 | Puntos = 16220 | T = 1.14
2025-10-19 23:10:39,776 - INFO - 🌟 MEJORA #201 en iter 36009: Fitness=142.8 (+0.0), Puntos=16220
2025-10-19 23:10:46,773 - DEBUG - Iter 36100: T=1.14, Fitness_actual=136.2, Mejor=142.8
2025-10-19 23:10:54,387 - DEBUG - Iter 36200: T=1.14, Fitness_actual=131.8, Mejor=142.8
2025-10-19 23:11:03,226 - DEBUG - Iter 36300: T=1.13, Fitness_actual=128.7, Mejor=142.8
2025-10-19 23:11:11,454 - DEBUG - Iter 36400: T=1.13, Fitness_actual=127.7, Mejor=142.8
2025-10-19 23:11:19,925 - INFO -   Iter 36500 | Tiempo:   41.6min (34.7%) | T =     1.12 | Fitness =    130.5 | Mejor =    142.8 | Aceptación =  79.4%
2025-10-19 23:11:19,925 - INFO - Progreso iter 36500: T=1.12, Fitness=130.5, Mejor=142.8, Tasa_acept=79.4%
2025-10-19 23:11:19,927 - DEBUG - Iter 36500: T=1.12, Fitness_actual=130.5, Mejor=142.8
2025-10-19 23:11:29,909 - DEBUG - Iter 36600: T=1.12, Fitness_actual=125.7, Mejor=142.8
2025-10-19 23:11:39,506 - DEBUG - Iter 36700: T=1.12, Fitness_actual=121.9, Mejor=142.8
2025-10-19 23:11:44,010 - WARNING - ⚠️  DEGRADACIÓN DETECTADA en iter 36750:
2025-10-19 23:11:44,010 - WARNING -    Mejor fitness: 142.8
2025-10-19 23:11:44,011 - WARNING -    Fitness promedio reciente: 122.3
2025-10-19 23:11:44,011 - WARNING -    Degradación: 20.6
2025-10-19 23:11:44,011 - WARNING -    🔄 RESTAURANDO mejor solución...
2025-10-19 23:11:44,545 - INFO - 🌟 MEJORA #202 en iter 36756: Fitness=142.8 (+0.0), Puntos=16220
2025-10-19 23:11:44,751 - INFO - 🌟 MEJORA #203 en iter 36758: Fitness=142.8 (+0.0), Puntos=16222
2025-10-19 23:11:45,473 - INFO - 🌟 MEJORA #204 en iter 36766: Fitness=142.9 (+0.1), Puntos=16232
2025-10-19 23:11:45,566 - INFO - 🌟 MEJORA #205 en iter 36767: Fitness=143.0 (+0.0), Puntos=16236
2025-10-19 23:11:45,566 - INFO -   ✨ Mejora #205 en iteración 36768: Fitness = 143.0 | Puntos = 16236 | T = 1.11
2025-10-19 23:11:45,933 - INFO - 🌟 MEJORA #206 en iter 36771: Fitness=143.0 (+0.1), Puntos=16243
2025-10-19 23:11:46,020 - INFO - 🌟 MEJORA #207 en iter 36772: Fitness=143.0 (+0.0), Puntos=16243
2025-10-19 23:11:48,713 - DEBUG - Iter 36800: T=1.11, Fitness_actual=141.4, Mejor=143.0
2025-10-19 23:11:58,588 - DEBUG - Iter 36900: T=1.11, Fitness_actual=132.4, Mejor=143.0
2025-10-19 23:12:08,626 - INFO -   Iter 37000 | Tiempo:   42.4min (35.4%) | T =     1.10 | Fitness =    128.1 | Mejor =    143.0 | Aceptación =  79.3%
2025-10-19 23:12:08,627 - INFO - Progreso iter 37000: T=1.10, Fitness=128.1, Mejor=143.0, Tasa_acept=79.3%
2025-10-19 23:12:08,629 - DEBUG - Iter 37000: T=1.10, Fitness_actual=128.1, Mejor=143.0
2025-10-19 23:12:17,452 - DEBUG - Iter 37100: T=1.10, Fitness_actual=126.4, Mejor=143.0
2025-10-19 23:12:27,504 - DEBUG - Iter 37200: T=1.10, Fitness_actual=125.7, Mejor=143.0
2025-10-19 23:12:37,456 - WARNING - ⚠️  DEGRADACIÓN DETECTADA en iter 37300:
2025-10-19 23:12:37,456 - WARNING -    Mejor fitness: 143.0
2025-10-19 23:12:37,456 - WARNING -    Fitness promedio reciente: 122.7
2025-10-19 23:12:37,456 - WARNING -    Degradación: 20.3
2025-10-19 23:12:37,456 - WARNING -    🔄 RESTAURANDO mejor solución...
2025-10-19 23:12:37,458 - DEBUG - Iter 37300: T=1.09, Fitness_actual=143.0, Mejor=143.0
2025-10-19 23:12:47,068 - DEBUG - Iter 37400: T=1.09, Fitness_actual=136.0, Mejor=143.0
2025-10-19 23:12:56,246 - INFO -   Iter 37500 | Tiempo:   43.2min (36.0%) | T =     1.08 | Fitness =    135.6 | Mejor =    143.0 | Aceptación =  79.4%
2025-10-19 23:12:56,247 - INFO - Progreso iter 37500: T=1.08, Fitness=135.6, Mejor=143.0, Tasa_acept=79.4%
2025-10-19 23:12:56,249 - DEBUG - Iter 37500: T=1.08, Fitness_actual=135.6, Mejor=143.0
2025-10-19 23:13:04,075 - DEBUG - Iter 37600: T=1.08, Fitness_actual=134.4, Mejor=143.0
2025-10-19 23:13:11,831 - DEBUG - Iter 37700: T=1.08, Fitness_actual=132.8, Mejor=143.0
2025-10-19 23:13:20,114 - DEBUG - Iter 37800: T=1.07, Fitness_actual=134.0, Mejor=143.0
2025-10-19 23:13:28,475 - DEBUG - Iter 37900: T=1.07, Fitness_actual=131.1, Mejor=143.0
2025-10-19 23:13:38,197 - INFO -   Iter 38000 | Tiempo:   43.9min (36.6%) | T =     1.07 | Fitness =    128.5 | Mejor =    143.0 | Aceptación =  79.4%
2025-10-19 23:13:38,197 - INFO - Progreso iter 38000: T=1.07, Fitness=128.5, Mejor=143.0, Tasa_acept=79.4%
2025-10-19 23:13:38,200 - DEBUG - Iter 38000: T=1.07, Fitness_actual=128.5, Mejor=143.0
2025-10-19 23:13:47,428 - DEBUG - Iter 38100: T=1.06, Fitness_actual=130.4, Mejor=143.0
2025-10-19 23:13:57,239 - DEBUG - Iter 38200: T=1.06, Fitness_actual=132.0, Mejor=143.0
2025-10-19 23:14:05,083 - DEBUG - Iter 38300: T=1.06, Fitness_actual=129.2, Mejor=143.0
2025-10-19 23:14:12,915 - DEBUG - Iter 38400: T=1.05, Fitness_actual=127.0, Mejor=143.0
2025-10-19 23:14:22,159 - INFO -   Iter 38500 | Tiempo:   44.7min (37.2%) | T =     1.05 | Fitness =    129.7 | Mejor =    143.0 | Aceptación =  79.4%
2025-10-19 23:14:22,160 - INFO - Progreso iter 38500: T=1.05, Fitness=129.7, Mejor=143.0, Tasa_acept=79.4%
2025-10-19 23:14:22,161 - DEBUG - Iter 38500: T=1.05, Fitness_actual=129.7, Mejor=143.0
2025-10-19 23:14:32,615 - DEBUG - Iter 38600: T=1.05, Fitness_actual=125.6, Mejor=143.0
2025-10-19 23:14:42,224 - DEBUG - Iter 38700: T=1.04, Fitness_actual=122.0, Mejor=143.0
2025-10-19 23:14:47,380 - WARNING - ⚠️  DEGRADACIÓN DETECTADA en iter 38750:
2025-10-19 23:14:47,381 - WARNING -    Mejor fitness: 143.0
2025-10-19 23:14:47,381 - WARNING -    Fitness promedio reciente: 122.0
2025-10-19 23:14:47,381 - WARNING -    Degradación: 21.1
2025-10-19 23:14:47,381 - WARNING -    🔄 RESTAURANDO mejor solución...
2025-10-19 23:14:52,848 - DEBUG - Iter 38800: T=1.04, Fitness_actual=137.8, Mejor=143.0
2025-10-19 23:15:02,365 - DEBUG - Iter 38900: T=1.03, Fitness_actual=137.6, Mejor=143.0
2025-10-19 23:15:11,777 - INFO -   Iter 39000 | Tiempo:   45.5min (37.9%) | T =     1.03 | Fitness =    133.5 | Mejor =    143.0 | Aceptación =  79.4%
2025-10-19 23:15:11,777 - INFO - Progreso iter 39000: T=1.03, Fitness=133.5, Mejor=143.0, Tasa_acept=79.4%
2025-10-19 23:15:11,778 - DEBUG - Iter 39000: T=1.03, Fitness_actual=133.5, Mejor=143.0
2025-10-19 23:15:21,701 - DEBUG - Iter 39100: T=1.03, Fitness_actual=132.3, Mejor=143.0
2025-10-19 23:15:32,721 - DEBUG - Iter 39200: T=1.02, Fitness_actual=124.9, Mejor=143.0
2025-10-19 23:15:43,399 - DEBUG - Iter 39300: T=1.02, Fitness_actual=123.2, Mejor=143.0
2025-10-19 23:15:48,588 - WARNING - ⚠️  DEGRADACIÓN DETECTADA en iter 39350:
2025-10-19 23:15:48,588 - WARNING -    Mejor fitness: 143.0
2025-10-19 23:15:48,588 - WARNING -    Fitness promedio reciente: 122.7
2025-10-19 23:15:48,588 - WARNING -    Degradación: 20.4
2025-10-19 23:15:48,589 - WARNING -    🔄 RESTAURANDO mejor solución...
2025-10-19 23:15:48,893 - INFO - 🌟 MEJORA #208 en iter 39353: Fitness=143.0 (+0.0), Puntos=16243
2025-10-19 23:15:53,785 - DEBUG - Iter 39400: T=1.01, Fitness_actual=137.6, Mejor=143.0
2025-10-19 23:16:03,776 - INFO -   Iter 39500 | Tiempo:   46.4min (38.6%) | T =     1.01 | Fitness =    134.1 | Mejor =    143.0 | Aceptación =  79.4%
2025-10-19 23:16:03,776 - INFO - Progreso iter 39500: T=1.01, Fitness=134.1, Mejor=143.0, Tasa_acept=79.4%
2025-10-19 23:16:03,779 - DEBUG - Iter 39500: T=1.01, Fitness_actual=134.1, Mejor=143.0
2025-10-19 23:16:12,666 - DEBUG - Iter 39600: T=1.01, Fitness_actual=132.3, Mejor=143.0
2025-10-19 23:16:21,513 - DEBUG - Iter 39700: T=1.00, Fitness_actual=133.5, Mejor=143.0
2025-10-19 23:16:31,549 - DEBUG - Iter 39800: T=1.00, Fitness_actual=134.5, Mejor=143.0
2025-10-19 23:16:41,565 - DEBUG - Iter 39900: T=1.00, Fitness_actual=129.2, Mejor=143.0
2025-10-19 23:16:51,570 - INFO -   Iter 40000 | Tiempo:   47.2min (39.3%) | T =     0.99 | Fitness =    130.1 | Mejor =    143.0 | Aceptación =  79.4%
2025-10-19 23:16:51,570 - INFO - Progreso iter 40000: T=0.99, Fitness=130.1, Mejor=143.0, Tasa_acept=79.4%
2025-10-19 23:16:51,574 - DEBUG - Iter 40000: T=0.99, Fitness_actual=130.1, Mejor=143.0
2025-10-19 23:16:59,813 - DEBUG - Iter 40100: T=0.99, Fitness_actual=127.0, Mejor=143.0
2025-10-19 23:17:07,852 - DEBUG - Iter 40200: T=0.99, Fitness_actual=126.8, Mejor=143.0
2025-10-19 23:17:16,879 - DEBUG - Iter 40300: T=0.98, Fitness_actual=129.3, Mejor=143.0
2025-10-19 23:17:25,804 - DEBUG - Iter 40400: T=0.98, Fitness_actual=124.7, Mejor=143.0
2025-10-19 23:17:30,141 - WARNING - ⚠️  DEGRADACIÓN DETECTADA en iter 40450:
2025-10-19 23:17:30,142 - WARNING -    Mejor fitness: 143.0
2025-10-19 23:17:30,142 - WARNING -    Fitness promedio reciente: 122.8
2025-10-19 23:17:30,142 - WARNING -    Degradación: 20.3
2025-10-19 23:17:30,142 - WARNING -    🔄 RESTAURANDO mejor solución...
2025-10-19 23:17:34,739 - INFO -   Iter 40500 | Tiempo:   47.9min (39.9%) | T =     0.98 | Fitness =    138.6 | Mejor =    143.0 | Aceptación =  79.4%
2025-10-19 23:17:34,749 - INFO - Progreso iter 40500: T=0.98, Fitness=138.6, Mejor=143.0, Tasa_acept=79.4%
2025-10-19 23:17:34,769 - DEBUG - Iter 40500: T=0.98, Fitness_actual=138.6, Mejor=143.0
2025-10-19 23:17:44,066 - DEBUG - Iter 40600: T=0.97, Fitness_actual=132.7, Mejor=143.0
2025-10-19 23:17:53,363 - DEBUG - Iter 40700: T=0.97, Fitness_actual=129.3, Mejor=143.0
2025-10-19 23:18:01,788 - DEBUG - Iter 40800: T=0.97, Fitness_actual=128.7, Mejor=143.0
2025-10-19 23:18:10,811 - DEBUG - Iter 40900: T=0.96, Fitness_actual=132.2, Mejor=143.0
2025-10-19 23:18:19,090 - INFO -   Iter 41000 | Tiempo:   48.6min (40.5%) | T =     0.96 | Fitness =    128.9 | Mejor =    143.0 | Aceptación =  79.3%
2025-10-19 23:18:19,090 - INFO - Progreso iter 41000: T=0.96, Fitness=128.9, Mejor=143.0, Tasa_acept=79.3%
2025-10-19 23:18:19,091 - DEBUG - Iter 41000: T=0.96, Fitness_actual=128.9, Mejor=143.0
2025-10-19 23:18:28,373 - DEBUG - Iter 41100: T=0.96, Fitness_actual=125.7, Mejor=143.0
2025-10-19 23:18:37,123 - DEBUG - Iter 41200: T=0.95, Fitness_actual=126.5, Mejor=143.0
2025-10-19 23:18:45,686 - DEBUG - Iter 41300: T=0.95, Fitness_actual=121.4, Mejor=143.0
