2025-10-20 09:33:03,766 - INFO - 📝 Log iniciado: logs\20_09_33_sa.log
2025-10-20 09:33:03,768 - INFO - 🎲 Modo 1: Enfriamiento Simulado desde solución aleatoria
2025-10-20 09:33:03,768 - INFO - ================================================================================
2025-10-20 09:33:03,768 - INFO - 🔥 INICIANDO ENFRIAMIENTO SIMULADO
2025-10-20 09:33:03,768 - INFO - ================================================================================
2025-10-20 09:33:03,768 - INFO - 🎲 Generando solución inicial aleatoria...
2025-10-20 09:33:04,150 - INFO - Solución inicial creada - Fitness: 99.8, Puntos: 15233
2025-10-20 09:33:04,150 - INFO -   ✅ La solución del GA es válida (sin duplicados).
2025-10-20 09:33:04,153 - INFO - 📊 Configuración para Enfriamiento Simulado:
2025-10-20 09:33:04,153 - INFO -   • Temperatura inicial: 3.0
2025-10-20 09:33:04,153 - INFO -   • Temperatura mínima: 0.1
2025-10-20 09:33:04,153 - INFO -   • Tipo de enfriamiento: 🔄 ADAPTATIVO (lineal por tiempo)
2025-10-20 09:33:04,153 - INFO -   • Máx. tiempo: 240.0 minutos (4.0 horas)
2025-10-20 09:33:04,153 - INFO -   • Máx. iter. sin mejora: 999,999
2025-10-20 09:33:04,153 - INFO -   • Usar optimización 2-opt: ✅ SÍ
2025-10-20 09:33:04,153 - INFO -   • Fitness inicial (REAL): 99.8
2025-10-20 09:33:04,154 - INFO -   • Puntos iniciales (REAL): 15233
2025-10-20 09:33:04,154 - INFO - ================================================================================
2025-10-20 09:33:05,060 - INFO - 🔄 Iniciando búsqueda...
2025-10-20 09:33:05,061 - INFO - Iniciando búsqueda por vecindario
2025-10-20 09:33:05,062 - INFO - Configuración: T_inicial=3, alpha=0.9995, max_tiempo=14400s, usar_2opt=True
2025-10-20 09:33:05,062 - INFO - --- Cambiando a Fase: Inicial (Exploración) (Progreso: 0.0%) ---
2025-10-20 09:33:05,067 - DEBUG - Iter 0: T=3.00, Fitness_actual=99.8, Mejor=99.8
2025-10-20 09:33:05,067 - INFO - 🌟 MEJORA #1 en iter 0: Fitness=99.8 (+0.0), Puntos=15233
2025-10-20 09:33:05,450 - INFO - 🌟 MEJORA #2 en iter 3: Fitness=100.8 (+1.0), Puntos=15231
2025-10-20 09:33:05,594 - INFO - 🌟 MEJORA #3 en iter 6: Fitness=100.9 (+0.1), Puntos=15237
2025-10-20 09:33:05,880 - INFO - 🌟 MEJORA #4 en iter 13: Fitness=101.8 (+0.9), Puntos=15228
2025-10-20 09:33:06,475 - INFO - 🌟 MEJORA #5 en iter 26: Fitness=102.0 (+0.2), Puntos=14298
2025-10-20 09:33:06,475 - INFO -   ✨ Mejora #5 en iteración 27: Fitness = 102.0 | Puntos = 14298 | T = 3.00
2025-10-20 09:33:07,396 - INFO - Iter 50: Aceptada solución con delta=-10.5 (T=3.00)
2025-10-20 09:33:07,397 - INFO -   📊 Desglose del cambio:
2025-10-20 09:33:07,397 - INFO -      Puntos: +0 → 14358 total
2025-10-20 09:33:07,397 - INFO -      Tiempo: +0.0min → 13385.6min total
2025-10-20 09:33:07,398 - INFO -      Distancia: +0.0km → 161.1km total
2025-10-20 09:33:09,391 - DEBUG - Iter 100: T=3.00, Fitness_actual=93.7, Mejor=102.0
2025-10-20 09:33:13,713 - DEBUG - Iter 200: T=2.99, Fitness_actual=100.9, Mejor=102.0
2025-10-20 09:33:17,940 - DEBUG - Iter 300: T=2.99, Fitness_actual=89.0, Mejor=102.0
2025-10-20 09:33:23,412 - DEBUG - Iter 400: T=2.99, Fitness_actual=80.2, Mejor=102.0
2025-10-20 09:33:28,808 - INFO -   Iter   500 | Tiempo:    0.4min ( 0.2%) | T =     2.98 | Fitness =     78.5 | Mejor =    102.0 | Aceptación =  85.6%
2025-10-20 09:33:28,809 - INFO - Progreso iter 500: T=2.98, Fitness=78.5, Mejor=102.0, Tasa_acept=85.6%
2025-10-20 09:33:28,809 - WARNING - ⚠️  DEGRADACIÓN DETECTADA en iter 500:
2025-10-20 09:33:28,810 - WARNING -    Mejor fitness: 102.0
2025-10-20 09:33:28,810 - WARNING -    Fitness promedio reciente: 80.0
2025-10-20 09:33:28,810 - WARNING -    Degradación: 22.0
2025-10-20 09:33:28,811 - WARNING -    🔄 RESTAURANDO mejor solución...
2025-10-20 09:33:28,814 - DEBUG - Iter 500: T=2.98, Fitness_actual=102.0, Mejor=102.0
2025-10-20 09:33:28,862 - INFO - 🌟 MEJORA #6 en iter 501: Fitness=102.0 (+0.0), Puntos=14298
2025-10-20 09:33:28,916 - INFO - 🌟 MEJORA #7 en iter 502: Fitness=102.0 (+0.0), Puntos=14298
2025-10-20 09:33:31,699 - INFO - 🌟 MEJORA #8 en iter 563: Fitness=104.9 (+2.9), Puntos=14788
2025-10-20 09:33:31,740 - INFO - 🌟 MEJORA #9 en iter 564: Fitness=106.4 (+1.5), Puntos=14788
2025-10-20 09:33:33,390 - DEBUG - Iter 600: T=2.98, Fitness_actual=102.2, Mejor=106.4
2025-10-20 09:33:33,781 - INFO - 🌟 MEJORA #10 en iter 609: Fitness=106.4 (+0.1), Puntos=14949
2025-10-20 09:33:33,781 - INFO -   ✨ Mejora #10 en iteración 610: Fitness = 106.4 | Puntos = 14949 | T = 2.98
2025-10-20 09:33:35,328 - INFO - 🌟 MEJORA #11 en iter 643: Fitness=106.9 (+0.4), Puntos=14540
2025-10-20 09:33:35,493 - INFO - 🌟 MEJORA #12 en iter 647: Fitness=107.0 (+0.1), Puntos=14503
2025-10-20 09:33:35,534 - INFO - 🌟 MEJORA #13 en iter 648: Fitness=107.0 (+0.0), Puntos=14503
2025-10-20 09:33:35,617 - INFO - 🌟 MEJORA #14 en iter 650: Fitness=107.0 (+0.0), Puntos=14503
2025-10-20 09:33:37,451 - INFO - 🌟 MEJORA #15 en iter 696: Fitness=107.9 (+0.8), Puntos=14489
2025-10-20 09:33:37,451 - INFO -   ✨ Mejora #15 en iteración 697: Fitness = 107.9 | Puntos = 14489 | T = 2.98
2025-10-20 09:33:37,610 - DEBUG - Iter 700: T=2.98, Fitness_actual=107.2, Mejor=107.9
2025-10-20 09:33:38,410 - INFO - 🌟 MEJORA #16 en iter 720: Fitness=108.2 (+0.3), Puntos=14773
2025-10-20 09:33:38,490 - INFO - 🌟 MEJORA #17 en iter 722: Fitness=108.8 (+0.6), Puntos=14783
2025-10-20 09:33:38,846 - INFO - 🌟 MEJORA #18 en iter 731: Fitness=108.8 (+0.0), Puntos=14783
2025-10-20 09:33:38,924 - INFO - 🌟 MEJORA #19 en iter 733: Fitness=108.8 (+0.0), Puntos=14783
2025-10-20 09:33:38,964 - INFO - 🌟 MEJORA #20 en iter 734: Fitness=108.8 (+0.0), Puntos=14784
2025-10-20 09:33:38,964 - INFO -   ✨ Mejora #20 en iteración 735: Fitness = 108.8 | Puntos = 14784 | T = 2.98
2025-10-20 09:33:39,120 - INFO - 🌟 MEJORA #21 en iter 738: Fitness=108.8 (+0.0), Puntos=14789
2025-10-20 09:33:39,160 - INFO - 🌟 MEJORA #22 en iter 739: Fitness=108.8 (+0.0), Puntos=14789
2025-10-20 09:33:39,199 - INFO - 🌟 MEJORA #23 en iter 740: Fitness=109.0 (+0.1), Puntos=14799
2025-10-20 09:33:39,437 - INFO - 🌟 MEJORA #24 en iter 746: Fitness=109.4 (+0.4), Puntos=14839
2025-10-20 09:33:39,477 - INFO - 🌟 MEJORA #25 en iter 747: Fitness=109.4 (+0.0), Puntos=14839
2025-10-20 09:33:39,477 - INFO -   ✨ Mejora #25 en iteración 748: Fitness = 109.4 | Puntos = 14839 | T = 2.98
2025-10-20 09:33:39,751 - INFO - 🌟 MEJORA #26 en iter 754: Fitness=109.7 (+0.4), Puntos=14978
2025-10-20 09:33:39,828 - INFO - 🌟 MEJORA #27 en iter 756: Fitness=109.8 (+0.1), Puntos=14986
2025-10-20 09:33:39,868 - INFO - 🌟 MEJORA #28 en iter 757: Fitness=109.8 (+0.0), Puntos=14989
2025-10-20 09:33:41,635 - DEBUG - Iter 800: T=2.98, Fitness_actual=108.5, Mejor=109.8
2025-10-20 09:33:41,796 - INFO - 🌟 MEJORA #29 en iter 804: Fitness=112.5 (+2.7), Puntos=14810
2025-10-20 09:33:41,877 - INFO - 🌟 MEJORA #30 en iter 806: Fitness=113.0 (+0.5), Puntos=14804
2025-10-20 09:33:41,877 - INFO -   ✨ Mejora #30 en iteración 807: Fitness = 113.0 | Puntos = 14804 | T = 2.98
2025-10-20 09:33:45,472 - DEBUG - Iter 900: T=2.97, Fitness_actual=84.2, Mejor=113.0
2025-10-20 09:33:47,311 - WARNING - ⚠️  DEGRADACIÓN DETECTADA en iter 950:
2025-10-20 09:33:47,311 - WARNING -    Mejor fitness: 113.0
2025-10-20 09:33:47,312 - WARNING -    Fitness promedio reciente: 84.5
2025-10-20 09:33:47,312 - WARNING -    Degradación: 28.5
2025-10-20 09:33:47,312 - WARNING -    🔄 RESTAURANDO mejor solución...
2025-10-20 09:33:47,314 - INFO - 🌟 MEJORA #31 en iter 950: Fitness=113.0 (+0.0), Puntos=14804
2025-10-20 09:33:47,350 - INFO - 🌟 MEJORA #32 en iter 951: Fitness=113.9 (+0.9), Puntos=14793
2025-10-20 09:33:49,215 - INFO -   Iter  1000 | Tiempo:    0.8min ( 0.3%) | T =     2.97 | Fitness =    110.9 | Mejor =    113.9 | Aceptación =  84.9%
2025-10-20 09:33:49,216 - INFO - Progreso iter 1000: T=2.97, Fitness=110.9, Mejor=113.9, Tasa_acept=84.9%
2025-10-20 09:33:49,219 - DEBUG - Iter 1000: T=2.97, Fitness_actual=110.9, Mejor=113.9
2025-10-20 09:33:53,158 - DEBUG - Iter 1100: T=2.97, Fitness_actual=100.6, Mejor=113.9
2025-10-20 09:33:57,022 - DEBUG - Iter 1200: T=2.97, Fitness_actual=107.9, Mejor=113.9
2025-10-20 09:34:00,955 - DEBUG - Iter 1300: T=2.97, Fitness_actual=100.2, Mejor=113.9
2025-10-20 09:34:05,147 - WARNING - ⚠️  DEGRADACIÓN DETECTADA en iter 1400:
2025-10-20 09:34:05,147 - WARNING -    Mejor fitness: 113.9
2025-10-20 09:34:05,147 - WARNING -    Fitness promedio reciente: 88.7
2025-10-20 09:34:05,147 - WARNING -    Degradación: 25.2
2025-10-20 09:34:05,148 - WARNING -    🔄 RESTAURANDO mejor solución...
2025-10-20 09:34:05,150 - DEBUG - Iter 1400: T=2.96, Fitness_actual=113.9, Mejor=113.9
2025-10-20 09:34:09,290 - INFO -   Iter  1500 | Tiempo:    1.1min ( 0.5%) | T =     2.96 | Fitness =    100.0 | Mejor =    113.9 | Aceptación =  86.0%
2025-10-20 09:34:09,290 - INFO - Progreso iter 1500: T=2.96, Fitness=100.0, Mejor=113.9, Tasa_acept=86.0%
2025-10-20 09:34:09,291 - DEBUG - Iter 1500: T=2.96, Fitness_actual=100.0, Mejor=113.9
2025-10-20 09:34:13,695 - DEBUG - Iter 1600: T=2.96, Fitness_actual=99.7, Mejor=113.9
2025-10-20 09:34:17,778 - DEBUG - Iter 1700: T=2.96, Fitness_actual=89.3, Mejor=113.9
2025-10-20 09:34:19,821 - WARNING - ⚠️  DEGRADACIÓN DETECTADA en iter 1750:
2025-10-20 09:34:19,821 - WARNING -    Mejor fitness: 113.9
2025-10-20 09:34:19,822 - WARNING -    Fitness promedio reciente: 89.4
2025-10-20 09:34:19,822 - WARNING -    Degradación: 24.5
2025-10-20 09:34:19,822 - WARNING -    🔄 RESTAURANDO mejor solución...
2025-10-20 09:34:19,824 - INFO - 🌟 MEJORA #33 en iter 1750: Fitness=113.9 (+0.0), Puntos=14793
2025-10-20 09:34:19,905 - INFO - 🌟 MEJORA #34 en iter 1752: Fitness=113.9 (+0.0), Puntos=14793
2025-10-20 09:34:21,848 - DEBUG - Iter 1800: T=2.95, Fitness_actual=111.7, Mejor=113.9
2025-10-20 09:34:25,894 - DEBUG - Iter 1900: T=2.95, Fitness_actual=102.3, Mejor=113.9
2025-10-20 09:34:30,074 - INFO -   Iter  2000 | Tiempo:    1.4min ( 0.6%) | T =     2.95 | Fitness =    103.1 | Mejor =    113.9 | Aceptación =  85.9%
2025-10-20 09:34:30,075 - INFO - Progreso iter 2000: T=2.95, Fitness=103.1, Mejor=113.9, Tasa_acept=85.9%
2025-10-20 09:34:30,078 - DEBUG - Iter 2000: T=2.95, Fitness_actual=103.1, Mejor=113.9
2025-10-20 09:34:34,077 - DEBUG - Iter 2100: T=2.95, Fitness_actual=99.4, Mejor=113.9
2025-10-20 09:34:37,962 - WARNING - ⚠️  DEGRADACIÓN DETECTADA en iter 2200:
2025-10-20 09:34:37,962 - WARNING -    Mejor fitness: 113.9
2025-10-20 09:34:37,963 - WARNING -    Fitness promedio reciente: 85.7
2025-10-20 09:34:37,963 - WARNING -    Degradación: 28.3
2025-10-20 09:34:37,963 - WARNING -    🔄 RESTAURANDO mejor solución...
2025-10-20 09:34:37,965 - DEBUG - Iter 2200: T=2.94, Fitness_actual=113.9, Mejor=113.9
2025-10-20 09:34:38,048 - INFO - 🌟 MEJORA #35 en iter 2202: Fitness=113.9 (+0.0), Puntos=14795
2025-10-20 09:34:38,048 - INFO -   ✨ Mejora #35 en iteración 2203: Fitness = 113.9 | Puntos = 14795 | T = 2.94
2025-10-20 09:34:38,704 - WARNING - ================================================================================
2025-10-20 09:34:38,704 - WARNING - ⚠️  SALTO ANORMAL DETECTADO en iteración 2218
2025-10-20 09:34:38,704 - WARNING -    Fitness actual: 111.8
2025-10-20 09:34:38,705 - WARNING -    Fitness vecino: 61.2
2025-10-20 09:34:38,705 - WARNING -    Delta: -50.6
2025-10-20 09:34:38,705 - WARNING -    Temperatura: 2.94
2025-10-20 09:34:38,705 - WARNING -    Tipo perturbación aplicada: (ver generar_vecino)
2025-10-20 09:34:38,705 - WARNING -    Vecino - Puntos: 14778, Tiempo: 16590.4min, Distancia: 364.0km
2025-10-20 09:34:38,706 - WARNING -    Actual - Puntos: 14785, Tiempo: 14071.4min, Distancia: 171.1km
2025-10-20 09:34:38,706 - WARNING -    Validez restricciones - Vecino: False, Actual: False
2025-10-20 09:34:38,706 - WARNING - ================================================================================
2025-10-20 09:34:38,706 - WARNING - ⚠️  SALTO ANORMAL DETECTADO en iteración 2218
2025-10-20 09:34:38,706 - WARNING -    Fitness: 111.8 → 61.2 (Δ=-50.6)
2025-10-20 09:34:38,707 - WARNING -    Ver detalles en archivo de log
2025-10-20 09:34:39,774 - INFO - 🌟 MEJORA #36 en iter 2244: Fitness=113.9 (+0.0), Puntos=14846
2025-10-20 09:34:39,857 - INFO - 🌟 MEJORA #37 en iter 2246: Fitness=113.9 (+0.0), Puntos=14846
2025-10-20 09:34:42,296 - DEBUG - Iter 2300: T=2.94, Fitness_actual=87.3, Mejor=113.9
2025-10-20 09:34:44,464 - WARNING - ⚠️  DEGRADACIÓN DETECTADA en iter 2350:
2025-10-20 09:34:44,465 - WARNING -    Mejor fitness: 113.9
2025-10-20 09:34:44,465 - WARNING -    Fitness promedio reciente: 91.7
2025-10-20 09:34:44,465 - WARNING -    Degradación: 22.3
2025-10-20 09:34:44,465 - WARNING -    🔄 RESTAURANDO mejor solución...
2025-10-20 09:34:44,509 - INFO - 🌟 MEJORA #38 en iter 2351: Fitness=114.5 (+0.5), Puntos=14846
2025-10-20 09:34:44,550 - INFO - 🌟 MEJORA #39 en iter 2352: Fitness=115.0 (+0.5), Puntos=14844
2025-10-20 09:34:44,592 - INFO - 🌟 MEJORA #40 en iter 2353: Fitness=115.0 (+0.0), Puntos=14844
2025-10-20 09:34:44,593 - INFO -   ✨ Mejora #40 en iteración 2354: Fitness = 115.0 | Puntos = 14844 | T = 2.94
2025-10-20 09:34:44,677 - INFO - 🌟 MEJORA #41 en iter 2355: Fitness=115.0 (+0.0), Puntos=14844
2025-10-20 09:34:45,843 - INFO - 🌟 MEJORA #42 en iter 2383: Fitness=115.3 (+0.4), Puntos=15083
2025-10-20 09:34:45,886 - INFO - 🌟 MEJORA #43 en iter 2384: Fitness=115.8 (+0.5), Puntos=15083
2025-10-20 09:34:45,971 - INFO - 🌟 MEJORA #44 en iter 2386: Fitness=116.2 (+0.3), Puntos=15163
2025-10-20 09:34:46,055 - INFO - 🌟 MEJORA #45 en iter 2388: Fitness=117.1 (+1.0), Puntos=15161
2025-10-20 09:34:46,055 - INFO -   ✨ Mejora #45 en iteración 2389: Fitness = 117.1 | Puntos = 15161 | T = 2.94
2025-10-20 09:34:46,140 - INFO - 🌟 MEJORA #46 en iter 2390: Fitness=117.1 (+0.0), Puntos=15161
2025-10-20 09:34:46,566 - DEBUG - Iter 2400: T=2.94, Fitness_actual=112.5, Mejor=117.1
2025-10-20 09:34:50,807 - INFO -   Iter  2500 | Tiempo:    1.8min ( 0.7%) | T =     2.94 | Fitness =    102.4 | Mejor =    117.1 | Aceptación =  85.1%
2025-10-20 09:34:50,808 - INFO - Progreso iter 2500: T=2.94, Fitness=102.4, Mejor=117.1, Tasa_acept=85.1%
2025-10-20 09:34:50,810 - DEBUG - Iter 2500: T=2.94, Fitness_actual=102.4, Mejor=117.1
2025-10-20 09:34:55,063 - WARNING - ⚠️  DEGRADACIÓN DETECTADA en iter 2600:
2025-10-20 09:34:55,063 - WARNING -    Mejor fitness: 117.1
2025-10-20 09:34:55,063 - WARNING -    Fitness promedio reciente: 96.5
2025-10-20 09:34:55,063 - WARNING -    Degradación: 20.7
2025-10-20 09:34:55,063 - WARNING -    🔄 RESTAURANDO mejor solución...
2025-10-20 09:34:55,066 - DEBUG - Iter 2600: T=2.93, Fitness_actual=117.1, Mejor=117.1
2025-10-20 09:34:55,109 - INFO - 🌟 MEJORA #47 en iter 2601: Fitness=117.2 (+0.0), Puntos=15162
2025-10-20 09:34:59,375 - DEBUG - Iter 2700: T=2.93, Fitness_actual=102.5, Mejor=117.2
2025-10-20 09:35:03,712 - DEBUG - Iter 2800: T=2.93, Fitness_actual=107.7, Mejor=117.2
2025-10-20 09:35:08,089 - WARNING - ⚠️  DEGRADACIÓN DETECTADA en iter 2900:
2025-10-20 09:35:08,089 - WARNING -    Mejor fitness: 117.2
2025-10-20 09:35:08,089 - WARNING -    Fitness promedio reciente: 90.8
2025-10-20 09:35:08,089 - WARNING -    Degradación: 26.4
2025-10-20 09:35:08,089 - WARNING -    🔄 RESTAURANDO mejor solución...
2025-10-20 09:35:08,092 - DEBUG - Iter 2900: T=2.93, Fitness_actual=117.2, Mejor=117.2
2025-10-20 09:35:08,092 - INFO - 🌟 MEJORA #48 en iter 2900: Fitness=117.2 (+0.0), Puntos=15162
2025-10-20 09:35:12,545 - INFO -   Iter  3000 | Tiempo:    2.1min ( 0.9%) | T =     2.92 | Fitness =    107.7 | Mejor =    117.2 | Aceptación =  85.1%
2025-10-20 09:35:12,546 - INFO - Progreso iter 3000: T=2.92, Fitness=107.7, Mejor=117.2, Tasa_acept=85.1%
2025-10-20 09:35:12,547 - DEBUG - Iter 3000: T=2.92, Fitness_actual=107.7, Mejor=117.2
2025-10-20 09:35:16,991 - DEBUG - Iter 3100: T=2.92, Fitness_actual=103.5, Mejor=117.2
2025-10-20 09:35:21,617 - DEBUG - Iter 3200: T=2.92, Fitness_actual=99.5, Mejor=117.2
2025-10-20 09:35:26,280 - DEBUG - Iter 3300: T=2.92, Fitness_actual=98.0, Mejor=117.2
2025-10-20 09:35:28,632 - WARNING - ⚠️  DEGRADACIÓN DETECTADA en iter 3350:
2025-10-20 09:35:28,632 - WARNING -    Mejor fitness: 117.2
2025-10-20 09:35:28,633 - WARNING -    Fitness promedio reciente: 94.8
2025-10-20 09:35:28,633 - WARNING -    Degradación: 22.4
2025-10-20 09:35:28,633 - WARNING -    🔄 RESTAURANDO mejor solución...
2025-10-20 09:35:31,028 - DEBUG - Iter 3400: T=2.91, Fitness_actual=113.6, Mejor=117.2
2025-10-20 09:35:33,940 - INFO - 🌟 MEJORA #49 en iter 3461: Fitness=117.3 (+0.2), Puntos=14875
2025-10-20 09:35:35,816 - INFO -   Iter  3500 | Tiempo:    2.5min ( 1.1%) | T =     2.91 | Fitness =    115.3 | Mejor =    117.3 | Aceptación =  84.7%
2025-10-20 09:35:35,817 - INFO - Progreso iter 3500: T=2.91, Fitness=115.3, Mejor=117.3, Tasa_acept=84.7%
2025-10-20 09:35:35,819 - DEBUG - Iter 3500: T=2.91, Fitness_actual=115.3, Mejor=117.3
2025-10-20 09:35:40,366 - DEBUG - Iter 3600: T=2.91, Fitness_actual=105.1, Mejor=117.3
2025-10-20 09:35:44,786 - DEBUG - Iter 3700: T=2.90, Fitness_actual=103.4, Mejor=117.3
2025-10-20 09:35:49,171 - DEBUG - Iter 3800: T=2.90, Fitness_actual=95.7, Mejor=117.3
2025-10-20 09:35:51,410 - WARNING - ⚠️  DEGRADACIÓN DETECTADA en iter 3850:
2025-10-20 09:35:51,410 - WARNING -    Mejor fitness: 117.3
2025-10-20 09:35:51,411 - WARNING -    Fitness promedio reciente: 97.1
2025-10-20 09:35:51,411 - WARNING -    Degradación: 20.2
2025-10-20 09:35:51,411 - WARNING -    🔄 RESTAURANDO mejor solución...
2025-10-20 09:35:51,413 - INFO - 🌟 MEJORA #50 en iter 3850: Fitness=118.3 (+1.0), Puntos=14875
2025-10-20 09:35:51,413 - INFO -   ✨ Mejora #50 en iteración 3851: Fitness = 118.3 | Puntos = 14875 | T = 2.90
2025-10-20 09:35:53,621 - DEBUG - Iter 3900: T=2.90, Fitness_actual=106.5, Mejor=118.3
2025-10-20 09:35:58,064 - INFO -   Iter  4000 | Tiempo:    2.9min ( 1.2%) | T =     2.90 | Fitness =     98.8 | Mejor =    118.3 | Aceptación =  84.5%
2025-10-20 09:35:58,064 - INFO - Progreso iter 4000: T=2.90, Fitness=98.8, Mejor=118.3, Tasa_acept=84.5%
2025-10-20 09:35:58,065 - DEBUG - Iter 4000: T=2.90, Fitness_actual=98.8, Mejor=118.3
2025-10-20 09:36:00,304 - WARNING - ⚠️  DEGRADACIÓN DETECTADA en iter 4050:
2025-10-20 09:36:00,305 - WARNING -    Mejor fitness: 118.3
2025-10-20 09:36:00,305 - WARNING -    Fitness promedio reciente: 97.5
2025-10-20 09:36:00,305 - WARNING -    Degradación: 20.8
2025-10-20 09:36:00,305 - WARNING -    🔄 RESTAURANDO mejor solución...
2025-10-20 09:36:02,494 - DEBUG - Iter 4100: T=2.89, Fitness_actual=110.3, Mejor=118.3
2025-10-20 09:36:06,868 - DEBUG - Iter 4200: T=2.89, Fitness_actual=107.3, Mejor=118.3
2025-10-20 09:36:11,011 - DEBUG - Iter 4300: T=2.89, Fitness_actual=106.6, Mejor=118.3
2025-10-20 09:36:15,325 - DEBUG - Iter 4400: T=2.89, Fitness_actual=91.1, Mejor=118.3
2025-10-20 09:36:17,399 - WARNING - ⚠️  DEGRADACIÓN DETECTADA en iter 4450:
2025-10-20 09:36:17,399 - WARNING -    Mejor fitness: 118.3
2025-10-20 09:36:17,399 - WARNING -    Fitness promedio reciente: 90.3
2025-10-20 09:36:17,399 - WARNING -    Degradación: 28.0
2025-10-20 09:36:17,399 - WARNING -    🔄 RESTAURANDO mejor solución...
2025-10-20 09:36:19,451 - INFO -   Iter  4500 | Tiempo:    3.3min ( 1.4%) | T =     2.88 | Fitness =    117.5 | Mejor =    118.3 | Aceptación =  84.5%
2025-10-20 09:36:19,451 - INFO - Progreso iter 4500: T=2.88, Fitness=117.5, Mejor=118.3, Tasa_acept=84.5%
2025-10-20 09:36:19,452 - DEBUG - Iter 4500: T=2.88, Fitness_actual=117.5, Mejor=118.3
2025-10-20 09:36:19,701 - INFO - 🌟 MEJORA #51 en iter 4506: Fitness=119.2 (+0.8), Puntos=14956
2025-10-20 09:36:19,950 - INFO - 🌟 MEJORA #52 en iter 4512: Fitness=119.3 (+0.1), Puntos=14971
2025-10-20 09:36:20,075 - INFO - 🌟 MEJORA #53 en iter 4515: Fitness=119.3 (+0.0), Puntos=14971
2025-10-20 09:36:20,158 - INFO - 🌟 MEJORA #54 en iter 4517: Fitness=119.3 (+0.0), Puntos=14974
2025-10-20 09:36:20,200 - INFO - 🌟 MEJORA #55 en iter 4518: Fitness=119.3 (+0.0), Puntos=14974
2025-10-20 09:36:20,200 - INFO -   ✨ Mejora #55 en iteración 4519: Fitness = 119.3 | Puntos = 14974 | T = 2.88
2025-10-20 09:36:20,325 - INFO - 🌟 MEJORA #56 en iter 4521: Fitness=119.3 (+0.0), Puntos=14974
2025-10-20 09:36:20,368 - INFO - 🌟 MEJORA #57 en iter 4522: Fitness=119.4 (+0.0), Puntos=14975
2025-10-20 09:36:23,746 - DEBUG - Iter 4600: T=2.88, Fitness_actual=109.8, Mejor=119.4
2025-10-20 09:36:28,200 - DEBUG - Iter 4700: T=2.88, Fitness_actual=99.9, Mejor=119.4
2025-10-20 09:36:32,593 - DEBUG - Iter 4800: T=2.88, Fitness_actual=98.7, Mejor=119.4
2025-10-20 09:36:37,064 - WARNING - ⚠️  DEGRADACIÓN DETECTADA en iter 4900:
2025-10-20 09:36:37,064 - WARNING -    Mejor fitness: 119.4
2025-10-20 09:36:37,064 - WARNING -    Fitness promedio reciente: 97.5
2025-10-20 09:36:37,065 - WARNING -    Degradación: 21.9
2025-10-20 09:36:37,065 - WARNING -    🔄 RESTAURANDO mejor solución...
2025-10-20 09:36:37,066 - DEBUG - Iter 4900: T=2.87, Fitness_actual=119.4, Mejor=119.4
2025-10-20 09:36:37,066 - INFO - 🌟 MEJORA #58 en iter 4900: Fitness=119.4 (+0.0), Puntos=14975
2025-10-20 09:36:41,531 - INFO -   Iter  5000 | Tiempo:    3.6min ( 1.5%) | T =     2.87 | Fitness =    104.3 | Mejor =    119.4 | Aceptación =  84.8%
2025-10-20 09:36:41,531 - INFO - Progreso iter 5000: T=2.87, Fitness=104.3, Mejor=119.4, Tasa_acept=84.8%
2025-10-20 09:36:41,534 - DEBUG - Iter 5000: T=2.87, Fitness_actual=104.3, Mejor=119.4
2025-10-20 09:36:45,954 - DEBUG - Iter 5100: T=2.87, Fitness_actual=102.6, Mejor=119.4
2025-10-20 09:36:48,219 - WARNING - ⚠️  DEGRADACIÓN DETECTADA en iter 5150:
2025-10-20 09:36:48,219 - WARNING -    Mejor fitness: 119.4
2025-10-20 09:36:48,220 - WARNING -    Fitness promedio reciente: 99.1
2025-10-20 09:36:48,220 - WARNING -    Degradación: 20.2
2025-10-20 09:36:48,221 - WARNING -    🔄 RESTAURANDO mejor solución...
2025-10-20 09:36:48,223 - INFO - 🌟 MEJORA #59 en iter 5150: Fitness=120.3 (+0.9), Puntos=14967
2025-10-20 09:36:48,266 - INFO - 🌟 MEJORA #60 en iter 5151: Fitness=120.3 (+0.0), Puntos=14967
2025-10-20 09:36:48,266 - INFO -   ✨ Mejora #60 en iteración 5152: Fitness = 120.3 | Puntos = 14967 | T = 2.87
2025-10-20 09:36:48,308 - INFO - 🌟 MEJORA #61 en iter 5152: Fitness=120.3 (+0.0), Puntos=14969
2025-10-20 09:36:48,475 - INFO - 🌟 MEJORA #62 en iter 5156: Fitness=120.4 (+0.0), Puntos=14974
2025-10-20 09:36:50,501 - DEBUG - Iter 5200: T=2.87, Fitness_actual=118.5, Mejor=120.4
2025-10-20 09:36:51,404 - INFO - 🌟 MEJORA #63 en iter 5219: Fitness=120.9 (+0.6), Puntos=15319
2025-10-20 09:36:51,452 - INFO - 🌟 MEJORA #64 en iter 5220: Fitness=120.9 (+0.0), Puntos=15319
2025-10-20 09:36:51,501 - INFO - 🌟 MEJORA #65 en iter 5221: Fitness=120.9 (+0.0), Puntos=15319
2025-10-20 09:36:51,501 - INFO -   ✨ Mejora #65 en iteración 5222: Fitness = 120.9 | Puntos = 15319 | T = 2.87
2025-10-20 09:36:55,246 - DEBUG - Iter 5300: T=2.86, Fitness_actual=109.3, Mejor=120.9
2025-10-20 09:36:59,903 - DEBUG - Iter 5400: T=2.86, Fitness_actual=108.3, Mejor=120.9
2025-10-20 09:37:04,473 - INFO -   Iter  5500 | Tiempo:    4.0min ( 1.7%) | T =     2.86 | Fitness =    103.7 | Mejor =    120.9 | Aceptación =  84.7%
2025-10-20 09:37:04,473 - INFO - Progreso iter 5500: T=2.86, Fitness=103.7, Mejor=120.9, Tasa_acept=84.7%
2025-10-20 09:37:04,476 - DEBUG - Iter 5500: T=2.86, Fitness_actual=103.7, Mejor=120.9
2025-10-20 09:37:09,101 - DEBUG - Iter 5600: T=2.86, Fitness_actual=102.3, Mejor=120.9
2025-10-20 09:37:11,566 - WARNING - ⚠️  DEGRADACIÓN DETECTADA en iter 5650:
2025-10-20 09:37:11,566 - WARNING -    Mejor fitness: 120.9
2025-10-20 09:37:11,567 - WARNING -    Fitness promedio reciente: 98.2
2025-10-20 09:37:11,567 - WARNING -    Degradación: 22.8
2025-10-20 09:37:11,567 - WARNING -    🔄 RESTAURANDO mejor solución...
2025-10-20 09:37:13,853 - DEBUG - Iter 5700: T=2.85, Fitness_actual=115.1, Mejor=120.9
2025-10-20 09:37:18,255 - DEBUG - Iter 5800: T=2.85, Fitness_actual=108.5, Mejor=120.9
2025-10-20 09:37:22,681 - DEBUG - Iter 5900: T=2.85, Fitness_actual=103.0, Mejor=120.9
2025-10-20 09:37:24,873 - WARNING - ⚠️  DEGRADACIÓN DETECTADA en iter 5950:
2025-10-20 09:37:24,873 - WARNING -    Mejor fitness: 120.9
2025-10-20 09:37:24,874 - WARNING -    Fitness promedio reciente: 99.7
2025-10-20 09:37:24,874 - WARNING -    Degradación: 21.3
2025-10-20 09:37:24,874 - WARNING -    🔄 RESTAURANDO mejor solución...
2025-10-20 09:37:24,877 - INFO - 🌟 MEJORA #66 en iter 5950: Fitness=120.9 (+0.0), Puntos=15319
2025-10-20 09:37:25,147 - INFO - 🌟 MEJORA #67 en iter 5956: Fitness=121.4 (+0.5), Puntos=15319
2025-10-20 09:37:25,238 - INFO - 🌟 MEJORA #68 en iter 5958: Fitness=121.4 (+0.0), Puntos=15319
2025-10-20 09:37:25,329 - INFO - 🌟 MEJORA #69 en iter 5960: Fitness=121.4 (+0.0), Puntos=15319
2025-10-20 09:37:25,418 - INFO - 🌟 MEJORA #70 en iter 5962: Fitness=121.4 (+0.0), Puntos=15319
2025-10-20 09:37:25,419 - INFO -   ✨ Mejora #70 en iteración 5963: Fitness = 121.4 | Puntos = 15319 | T = 2.85
2025-10-20 09:37:25,464 - INFO - 🌟 MEJORA #71 en iter 5963: Fitness=122.3 (+0.9), Puntos=15409
2025-10-20 09:37:27,120 - INFO -   Iter  6000 | Tiempo:    4.4min ( 1.8%) | T =     2.85 | Fitness =    112.5 | Mejor =    122.3 | Aceptación =  84.6%
2025-10-20 09:37:27,120 - INFO - Progreso iter 6000: T=2.85, Fitness=112.5, Mejor=122.3, Tasa_acept=84.6%
2025-10-20 09:37:27,121 - DEBUG - Iter 6000: T=2.85, Fitness_actual=112.5, Mejor=122.3
2025-10-20 09:37:31,581 - DEBUG - Iter 6100: T=2.84, Fitness_actual=99.4, Mejor=122.3
2025-10-20 09:37:33,785 - WARNING - ⚠️  DEGRADACIÓN DETECTADA en iter 6150:
2025-10-20 09:37:33,785 - WARNING -    Mejor fitness: 122.3
2025-10-20 09:37:33,785 - WARNING -    Fitness promedio reciente: 98.6
2025-10-20 09:37:33,785 - WARNING -    Degradación: 23.8
2025-10-20 09:37:33,786 - WARNING -    🔄 RESTAURANDO mejor solución...
2025-10-20 09:37:33,789 - INFO - 🌟 MEJORA #72 en iter 6150: Fitness=123.3 (+1.0), Puntos=15409
2025-10-20 09:37:33,879 - INFO - 🌟 MEJORA #73 en iter 6152: Fitness=123.3 (+0.0), Puntos=15410
2025-10-20 09:37:36,189 - DEBUG - Iter 6200: T=2.84, Fitness_actual=111.5, Mejor=123.3
2025-10-20 09:37:40,700 - DEBUG - Iter 6300: T=2.84, Fitness_actual=97.1, Mejor=123.3
2025-10-20 09:37:42,996 - WARNING - ⚠️  DEGRADACIÓN DETECTADA en iter 6350:
2025-10-20 09:37:42,996 - WARNING -    Mejor fitness: 123.3
2025-10-20 09:37:42,996 - WARNING -    Fitness promedio reciente: 101.3
2025-10-20 09:37:42,996 - WARNING -    Degradación: 22.1
2025-10-20 09:37:42,997 - WARNING -    🔄 RESTAURANDO mejor solución...
2025-10-20 09:37:45,337 - DEBUG - Iter 6400: T=2.83, Fitness_actual=117.4, Mejor=123.3
2025-10-20 09:37:49,958 - INFO -   Iter  6500 | Tiempo:    4.8min ( 2.0%) | T =     2.83 | Fitness =    114.4 | Mejor =    123.3 | Aceptación =  84.6%
2025-10-20 09:37:49,958 - INFO - Progreso iter 6500: T=2.83, Fitness=114.4, Mejor=123.3, Tasa_acept=84.6%
2025-10-20 09:37:49,959 - DEBUG - Iter 6500: T=2.83, Fitness_actual=114.4, Mejor=123.3
2025-10-20 09:37:54,650 - DEBUG - Iter 6600: T=2.83, Fitness_actual=114.4, Mejor=123.3
2025-10-20 09:37:59,425 - DEBUG - Iter 6700: T=2.83, Fitness_actual=100.1, Mejor=123.3
2025-10-20 09:38:02,152 - WARNING - ⚠️  DEGRADACIÓN DETECTADA en iter 6750:
2025-10-20 09:38:02,152 - WARNING -    Mejor fitness: 123.3
2025-10-20 09:38:02,152 - WARNING -    Fitness promedio reciente: 101.4
2025-10-20 09:38:02,152 - WARNING -    Degradación: 22.0
2025-10-20 09:38:02,152 - WARNING -    🔄 RESTAURANDO mejor solución...
2025-10-20 09:38:02,254 - INFO - 🌟 MEJORA #74 en iter 6752: Fitness=123.3 (+0.0), Puntos=15410
2025-10-20 09:38:04,682 - DEBUG - Iter 6800: T=2.82, Fitness_actual=114.5, Mejor=123.3
2025-10-20 09:38:09,613 - WARNING - ⚠️  DEGRADACIÓN DETECTADA en iter 6900:
2025-10-20 09:38:09,613 - WARNING -    Mejor fitness: 123.3
2025-10-20 09:38:09,613 - WARNING -    Fitness promedio reciente: 102.5
2025-10-20 09:38:09,614 - WARNING -    Degradación: 20.8
2025-10-20 09:38:09,614 - WARNING -    🔄 RESTAURANDO mejor solución...
2025-10-20 09:38:09,617 - DEBUG - Iter 6900: T=2.82, Fitness_actual=123.3, Mejor=123.3
2025-10-20 09:38:09,617 - INFO - 🌟 MEJORA #75 en iter 6900: Fitness=123.3 (+0.0), Puntos=15410
2025-10-20 09:38:09,617 - INFO -   ✨ Mejora #75 en iteración 6901: Fitness = 123.3 | Puntos = 15410 | T = 2.82
2025-10-20 09:38:09,919 - INFO - 🌟 MEJORA #76 en iter 6906: Fitness=124.3 (+1.0), Puntos=15410
2025-10-20 09:38:10,409 - INFO - 🌟 MEJORA #77 en iter 6916: Fitness=124.6 (+0.2), Puntos=15383
2025-10-20 09:38:10,457 - INFO - 🌟 MEJORA #78 en iter 6917: Fitness=124.6 (+0.0), Puntos=15387
2025-10-20 09:38:10,598 - INFO - 🌟 MEJORA #79 en iter 6920: Fitness=124.6 (+0.0), Puntos=15387
2025-10-20 09:38:14,292 - INFO -   Iter  7000 | Tiempo:    5.2min ( 2.2%) | T =     2.82 | Fitness =    107.4 | Mejor =    124.6 | Aceptación =  84.5%
2025-10-20 09:38:14,292 - INFO - Progreso iter 7000: T=2.82, Fitness=107.4, Mejor=124.6, Tasa_acept=84.5%
2025-10-20 09:38:14,294 - DEBUG - Iter 7000: T=2.82, Fitness_actual=107.4, Mejor=124.6
2025-10-20 09:38:19,052 - DEBUG - Iter 7100: T=2.82, Fitness_actual=106.2, Mejor=124.6
2025-10-20 09:38:23,775 - WARNING - ⚠️  DEGRADACIÓN DETECTADA en iter 7200:
2025-10-20 09:38:23,775 - WARNING -    Mejor fitness: 124.6
2025-10-20 09:38:23,775 - WARNING -    Fitness promedio reciente: 100.8
2025-10-20 09:38:23,775 - WARNING -    Degradación: 23.8
2025-10-20 09:38:23,775 - WARNING -    🔄 RESTAURANDO mejor solución...
2025-10-20 09:38:23,778 - DEBUG - Iter 7200: T=2.81, Fitness_actual=124.6, Mejor=124.6
2025-10-20 09:38:23,828 - INFO - 🌟 MEJORA #80 en iter 7201: Fitness=124.6 (+0.0), Puntos=15387
2025-10-20 09:38:23,829 - INFO -   ✨ Mejora #80 en iteración 7202: Fitness = 124.6 | Puntos = 15387 | T = 2.81
2025-10-20 09:38:23,928 - INFO - 🌟 MEJORA #81 en iter 7203: Fitness=126.1 (+1.5), Puntos=15387
2025-10-20 09:38:24,125 - INFO - 🌟 MEJORA #82 en iter 7207: Fitness=126.1 (+0.0), Puntos=15390
2025-10-20 09:38:24,224 - INFO - 🌟 MEJORA #83 en iter 7209: Fitness=126.1 (+0.0), Puntos=15390
2025-10-20 09:38:24,409 - INFO - 🌟 MEJORA #84 en iter 7213: Fitness=126.4 (+0.2), Puntos=15415
2025-10-20 09:38:24,455 - INFO - 🌟 MEJORA #85 en iter 7214: Fitness=126.4 (+0.0), Puntos=15415
2025-10-20 09:38:24,455 - INFO -   ✨ Mejora #85 en iteración 7215: Fitness = 126.4 | Puntos = 15415 | T = 2.81
2025-10-20 09:38:24,501 - INFO - 🌟 MEJORA #86 en iter 7215: Fitness=126.4 (+0.0), Puntos=15416
2025-10-20 09:38:24,547 - INFO - 🌟 MEJORA #87 en iter 7216: Fitness=126.4 (+0.0), Puntos=15416
2025-10-20 09:38:28,494 - DEBUG - Iter 7300: T=2.81, Fitness_actual=112.8, Mejor=126.4
2025-10-20 09:38:33,177 - WARNING - ⚠️  DEGRADACIÓN DETECTADA en iter 7400:
2025-10-20 09:38:33,177 - WARNING -    Mejor fitness: 126.4
2025-10-20 09:38:33,178 - WARNING -    Fitness promedio reciente: 103.3
2025-10-20 09:38:33,178 - WARNING -    Degradación: 23.1
2025-10-20 09:38:33,178 - WARNING -    🔄 RESTAURANDO mejor solución...
2025-10-20 09:38:33,179 - DEBUG - Iter 7400: T=2.81, Fitness_actual=126.4, Mejor=126.4
2025-10-20 09:38:33,226 - INFO - 🌟 MEJORA #88 en iter 7401: Fitness=126.4 (+0.0), Puntos=15420
2025-10-20 09:38:33,272 - INFO - 🌟 MEJORA #89 en iter 7402: Fitness=126.6 (+0.1), Puntos=15433
2025-10-20 09:38:33,506 - INFO - 🌟 MEJORA #90 en iter 7407: Fitness=127.0 (+0.4), Puntos=15647
2025-10-20 09:38:33,507 - INFO -   ✨ Mejora #90 en iteración 7408: Fitness = 127.0 | Puntos = 15647 | T = 2.81
2025-10-20 09:38:33,553 - INFO - 🌟 MEJORA #91 en iter 7408: Fitness=127.5 (+0.5), Puntos=15648
2025-10-20 09:38:33,694 - INFO - 🌟 MEJORA #92 en iter 7411: Fitness=127.5 (+0.0), Puntos=15648
2025-10-20 09:38:37,886 - INFO -   Iter  7500 | Tiempo:    5.6min ( 2.3%) | T =     2.81 | Fitness =    112.1 | Mejor =    127.5 | Aceptación =  84.5%
2025-10-20 09:38:37,887 - INFO - Progreso iter 7500: T=2.81, Fitness=112.1, Mejor=127.5, Tasa_acept=84.5%
2025-10-20 09:38:37,889 - DEBUG - Iter 7500: T=2.81, Fitness_actual=112.1, Mejor=127.5
2025-10-20 09:38:42,718 - WARNING - ⚠️  DEGRADACIÓN DETECTADA en iter 7600:
2025-10-20 09:38:42,718 - WARNING -    Mejor fitness: 127.5
2025-10-20 09:38:42,718 - WARNING -    Fitness promedio reciente: 106.2
2025-10-20 09:38:42,718 - WARNING -    Degradación: 21.3
2025-10-20 09:38:42,719 - WARNING -    🔄 RESTAURANDO mejor solución...
2025-10-20 09:38:42,721 - DEBUG - Iter 7600: T=2.80, Fitness_actual=127.5, Mejor=127.5
2025-10-20 09:38:47,613 - DEBUG - Iter 7700: T=2.80, Fitness_actual=115.0, Mejor=127.5
2025-10-20 09:38:52,540 - DEBUG - Iter 7800: T=2.80, Fitness_actual=114.9, Mejor=127.5
2025-10-20 09:38:57,672 - DEBUG - Iter 7900: T=2.79, Fitness_actual=115.8, Mejor=127.5
2025-10-20 09:39:03,019 - INFO -   Iter  8000 | Tiempo:    6.0min ( 2.5%) | T =     2.79 | Fitness =     97.2 | Mejor =    127.5 | Aceptación =  84.3%
2025-10-20 09:39:03,019 - INFO - Progreso iter 8000: T=2.79, Fitness=97.2, Mejor=127.5, Tasa_acept=84.3%
2025-10-20 09:39:03,020 - WARNING - ⚠️  DEGRADACIÓN DETECTADA en iter 8000:
2025-10-20 09:39:03,020 - WARNING -    Mejor fitness: 127.5
2025-10-20 09:39:03,020 - WARNING -    Fitness promedio reciente: 97.1
2025-10-20 09:39:03,020 - WARNING -    Degradación: 30.4
2025-10-20 09:39:03,020 - WARNING -    🔄 RESTAURANDO mejor solución...
2025-10-20 09:39:03,023 - DEBUG - Iter 8000: T=2.79, Fitness_actual=127.5, Mejor=127.5
2025-10-20 09:39:03,023 - INFO - 🌟 MEJORA #93 en iter 8000: Fitness=127.5 (+0.0), Puntos=15648
2025-10-20 09:39:03,130 - INFO - 🌟 MEJORA #94 en iter 8002: Fitness=128.1 (+0.6), Puntos=15655
2025-10-20 09:39:03,242 - INFO - 🌟 MEJORA #95 en iter 8004: Fitness=128.1 (+0.0), Puntos=15655
2025-10-20 09:39:03,243 - INFO -   ✨ Mejora #95 en iteración 8005: Fitness = 128.1 | Puntos = 15655 | T = 2.79
2025-10-20 09:39:04,296 - INFO - 🌟 MEJORA #96 en iter 8024: Fitness=128.4 (+0.3), Puntos=15588
2025-10-20 09:39:08,408 - DEBUG - Iter 8100: T=2.79, Fitness_actual=115.6, Mejor=128.4
2025-10-20 09:39:13,651 - DEBUG - Iter 8200: T=2.78, Fitness_actual=113.1, Mejor=128.4
2025-10-20 09:39:16,167 - WARNING - ⚠️  DEGRADACIÓN DETECTADA en iter 8250:
2025-10-20 09:39:16,167 - WARNING -    Mejor fitness: 128.4
2025-10-20 09:39:16,168 - WARNING -    Fitness promedio reciente: 108.0
2025-10-20 09:39:16,168 - WARNING -    Degradación: 20.5
2025-10-20 09:39:16,168 - WARNING -    🔄 RESTAURANDO mejor solución...
2025-10-20 09:39:16,266 - INFO - 🌟 MEJORA #97 en iter 8252: Fitness=128.5 (+0.0), Puntos=15589
2025-10-20 09:39:16,364 - INFO - 🌟 MEJORA #98 en iter 8254: Fitness=128.5 (+0.1), Puntos=15595
2025-10-20 09:39:16,554 - INFO - 🌟 MEJORA #99 en iter 8258: Fitness=128.5 (+0.0), Puntos=15595
2025-10-20 09:39:18,617 - DEBUG - Iter 8300: T=2.78, Fitness_actual=113.2, Mejor=128.5
2025-10-20 09:39:23,058 - DEBUG - Iter 8400: T=2.78, Fitness_actual=109.9, Mejor=128.5
2025-10-20 09:39:26,812 - INFO - Iter 8484: Aceptada solución con delta=-10.9 (T=2.78)
2025-10-20 09:39:26,812 - INFO -   📊 Desglose del cambio:
2025-10-20 09:39:26,812 - INFO -      Puntos: -691 → 13674 total
2025-10-20 09:39:26,812 - INFO -      Tiempo: -325.6min → 12001.6min total
2025-10-20 09:39:26,812 - INFO -      Distancia: -6.3km → 135.5km total
2025-10-20 09:39:27,528 - INFO -   Iter  8500 | Tiempo:    6.4min ( 2.7%) | T =     2.78 | Fitness =     87.5 | Mejor =    128.5 | Aceptación =  84.2%
2025-10-20 09:39:27,529 - INFO - Progreso iter 8500: T=2.78, Fitness=87.5, Mejor=128.5, Tasa_acept=84.2%
2025-10-20 09:39:27,529 - WARNING - ⚠️  DEGRADACIÓN DETECTADA en iter 8500:
2025-10-20 09:39:27,529 - WARNING -    Mejor fitness: 128.5
2025-10-20 09:39:27,529 - WARNING -    Fitness promedio reciente: 102.6
2025-10-20 09:39:27,529 - WARNING -    Degradación: 25.9
2025-10-20 09:39:27,530 - WARNING -    🔄 RESTAURANDO mejor solución...
2025-10-20 09:39:27,531 - DEBUG - Iter 8500: T=2.78, Fitness_actual=128.5, Mejor=128.5
2025-10-20 09:39:32,037 - DEBUG - Iter 8600: T=2.77, Fitness_actual=108.7, Mejor=128.5
2025-10-20 09:39:34,482 - WARNING - ⚠️  DEGRADACIÓN DETECTADA en iter 8650:
2025-10-20 09:39:34,484 - WARNING -    Mejor fitness: 128.5
2025-10-20 09:39:34,485 - WARNING -    Fitness promedio reciente: 106.9
2025-10-20 09:39:34,485 - WARNING -    Degradación: 21.6
2025-10-20 09:39:34,485 - WARNING -    🔄 RESTAURANDO mejor solución...
2025-10-20 09:39:34,577 - INFO - 🌟 MEJORA #100 en iter 8652: Fitness=128.6 (+0.0), Puntos=15599
2025-10-20 09:39:34,577 - INFO -   ✨ Mejora #100 en iteración 8653: Fitness = 128.6 | Puntos = 15599 | T = 2.77
2025-10-20 09:39:34,667 - INFO - 🌟 MEJORA #101 en iter 8654: Fitness=128.6 (+0.0), Puntos=15604
2025-10-20 09:39:36,777 - DEBUG - Iter 8700: T=2.77, Fitness_actual=124.1, Mejor=128.6
2025-10-20 09:39:41,638 - DEBUG - Iter 8800: T=2.77, Fitness_actual=103.3, Mejor=128.6
2025-10-20 09:39:43,938 - WARNING - ⚠️  DEGRADACIÓN DETECTADA en iter 8850:
2025-10-20 09:39:43,938 - WARNING -    Mejor fitness: 128.6
2025-10-20 09:39:43,938 - WARNING -    Fitness promedio reciente: 107.4
2025-10-20 09:39:43,938 - WARNING -    Degradación: 21.2
2025-10-20 09:39:43,938 - WARNING -    🔄 RESTAURANDO mejor solución...
2025-10-20 09:39:44,079 - INFO - 🌟 MEJORA #102 en iter 8853: Fitness=128.7 (+0.1), Puntos=15609
2025-10-20 09:39:46,345 - DEBUG - Iter 8900: T=2.77, Fitness_actual=117.3, Mejor=128.7
2025-10-20 09:39:51,022 - INFO -   Iter  9000 | Tiempo:    6.8min ( 2.8%) | T =     2.76 | Fitness =    112.6 | Mejor =    128.7 | Aceptación =  84.3%
2025-10-20 09:39:51,022 - INFO - Progreso iter 9000: T=2.76, Fitness=112.6, Mejor=128.7, Tasa_acept=84.3%
2025-10-20 09:39:51,023 - DEBUG - Iter 9000: T=2.76, Fitness_actual=112.6, Mejor=128.7
2025-10-20 09:39:55,632 - DEBUG - Iter 9100: T=2.76, Fitness_actual=108.3, Mejor=128.7
2025-10-20 09:40:00,622 - DEBUG - Iter 9200: T=2.76, Fitness_actual=106.2, Mejor=128.7
2025-10-20 09:40:03,117 - WARNING - ⚠️  DEGRADACIÓN DETECTADA en iter 9250:
2025-10-20 09:40:03,117 - WARNING -    Mejor fitness: 128.7
2025-10-20 09:40:03,117 - WARNING -    Fitness promedio reciente: 106.6
2025-10-20 09:40:03,117 - WARNING -    Degradación: 22.1
2025-10-20 09:40:03,118 - WARNING -    🔄 RESTAURANDO mejor solución...
2025-10-20 09:40:05,592 - DEBUG - Iter 9300: T=2.76, Fitness_actual=125.7, Mejor=128.7
2025-10-20 09:40:10,655 - DEBUG - Iter 9400: T=2.75, Fitness_actual=109.8, Mejor=128.7
2025-10-20 09:40:13,255 - WARNING - ⚠️  DEGRADACIÓN DETECTADA en iter 9450:
2025-10-20 09:40:13,255 - WARNING -    Mejor fitness: 128.7
2025-10-20 09:40:13,255 - WARNING -    Fitness promedio reciente: 108.4
2025-10-20 09:40:13,255 - WARNING -    Degradación: 20.3
2025-10-20 09:40:13,255 - WARNING -    🔄 RESTAURANDO mejor solución...
2025-10-20 09:40:15,782 - INFO -   Iter  9500 | Tiempo:    7.2min ( 3.0%) | T =     2.75 | Fitness =    109.4 | Mejor =    128.7 | Aceptación =  84.3%
2025-10-20 09:40:15,782 - INFO - Progreso iter 9500: T=2.75, Fitness=109.4, Mejor=128.7, Tasa_acept=84.3%
2025-10-20 09:40:15,785 - DEBUG - Iter 9500: T=2.75, Fitness_actual=109.4, Mejor=128.7
2025-10-20 09:40:20,479 - DEBUG - Iter 9600: T=2.75, Fitness_actual=107.8, Mejor=128.7
2025-10-20 09:40:22,835 - WARNING - ⚠️  DEGRADACIÓN DETECTADA en iter 9650:
2025-10-20 09:40:22,835 - WARNING -    Mejor fitness: 128.7
2025-10-20 09:40:22,835 - WARNING -    Fitness promedio reciente: 108.5
2025-10-20 09:40:22,835 - WARNING -    Degradación: 20.2
2025-10-20 09:40:22,836 - WARNING -    🔄 RESTAURANDO mejor solución...
2025-10-20 09:40:22,931 - INFO - 🌟 MEJORA #103 en iter 9652: Fitness=128.7 (+0.0), Puntos=15609
2025-10-20 09:40:23,163 - INFO - 🌟 MEJORA #104 en iter 9657: Fitness=128.7 (+0.0), Puntos=15616
2025-10-20 09:40:23,210 - INFO - 🌟 MEJORA #105 en iter 9658: Fitness=129.7 (+1.0), Puntos=15617
2025-10-20 09:40:23,210 - INFO -   ✨ Mejora #105 en iteración 9659: Fitness = 129.7 | Puntos = 15617 | T = 2.75
2025-10-20 09:40:25,181 - DEBUG - Iter 9700: T=2.75, Fitness_actual=111.2, Mejor=129.7
2025-10-20 09:40:29,938 - DEBUG - Iter 9800: T=2.74, Fitness_actual=110.4, Mejor=129.7
2025-10-20 09:40:32,309 - WARNING - ⚠️  DEGRADACIÓN DETECTADA en iter 9850:
2025-10-20 09:40:32,310 - WARNING -    Mejor fitness: 129.7
2025-10-20 09:40:32,310 - WARNING -    Fitness promedio reciente: 108.8
2025-10-20 09:40:32,310 - WARNING -    Degradación: 20.9
2025-10-20 09:40:32,310 - WARNING -    🔄 RESTAURANDO mejor solución...
2025-10-20 09:40:32,404 - INFO - 🌟 MEJORA #106 en iter 9852: Fitness=129.8 (+0.1), Puntos=15630
2025-10-20 09:40:34,656 - DEBUG - Iter 9900: T=2.74, Fitness_actual=121.4, Mejor=129.8
2025-10-20 09:40:39,366 - INFO -   Iter 10000 | Tiempo:    7.6min ( 3.2%) | T =     2.74 | Fitness =    112.2 | Mejor =    129.8 | Aceptación =  84.4%
2025-10-20 09:40:39,366 - INFO - Progreso iter 10000: T=2.74, Fitness=112.2, Mejor=129.8, Tasa_acept=84.4%
2025-10-20 09:40:39,369 - DEBUG - Iter 10000: T=2.74, Fitness_actual=112.2, Mejor=129.8
2025-10-20 09:40:44,144 - DEBUG - Iter 10100: T=2.73, Fitness_actual=113.0, Mejor=129.8
2025-10-20 09:40:48,987 - WARNING - ⚠️  DEGRADACIÓN DETECTADA en iter 10200:
2025-10-20 09:40:48,987 - WARNING -    Mejor fitness: 129.8
2025-10-20 09:40:48,987 - WARNING -    Fitness promedio reciente: 108.1
2025-10-20 09:40:48,988 - WARNING -    Degradación: 21.7
2025-10-20 09:40:48,988 - WARNING -    🔄 RESTAURANDO mejor solución...
2025-10-20 09:40:48,990 - DEBUG - Iter 10200: T=2.73, Fitness_actual=129.8, Mejor=129.8
2025-10-20 09:40:49,131 - INFO - 🌟 MEJORA #107 en iter 10203: Fitness=129.8 (+0.0), Puntos=15630
2025-10-20 09:40:49,369 - INFO - 🌟 MEJORA #108 en iter 10208: Fitness=130.3 (+0.4), Puntos=15673
2025-10-20 09:40:53,715 - DEBUG - Iter 10300: T=2.73, Fitness_actual=119.6, Mejor=130.3
2025-10-20 09:40:58,572 - DEBUG - Iter 10400: T=2.73, Fitness_actual=117.6, Mejor=130.3
2025-10-20 09:41:03,401 - INFO -   Iter 10500 | Tiempo:    8.0min ( 3.3%) | T =     2.72 | Fitness =    116.8 | Mejor =    130.3 | Aceptación =  84.3%
2025-10-20 09:41:03,401 - INFO - Progreso iter 10500: T=2.72, Fitness=116.8, Mejor=130.3, Tasa_acept=84.3%
2025-10-20 09:41:03,404 - DEBUG - Iter 10500: T=2.72, Fitness_actual=116.8, Mejor=130.3
2025-10-20 09:41:08,353 - WARNING - ⚠️  DEGRADACIÓN DETECTADA en iter 10600:
2025-10-20 09:41:08,353 - WARNING -    Mejor fitness: 130.3
2025-10-20 09:41:08,353 - WARNING -    Fitness promedio reciente: 109.1
2025-10-20 09:41:08,353 - WARNING -    Degradación: 21.1
2025-10-20 09:41:08,353 - WARNING -    🔄 RESTAURANDO mejor solución...
2025-10-20 09:41:08,355 - DEBUG - Iter 10600: T=2.72, Fitness_actual=130.3, Mejor=130.3
2025-10-20 09:41:13,488 - DEBUG - Iter 10700: T=2.72, Fitness_actual=118.9, Mejor=130.3
2025-10-20 09:41:18,812 - WARNING - ⚠️  DEGRADACIÓN DETECTADA en iter 10800:
2025-10-20 09:41:18,813 - WARNING -    Mejor fitness: 130.3
2025-10-20 09:41:18,813 - WARNING -    Fitness promedio reciente: 108.4
2025-10-20 09:41:18,813 - WARNING -    Degradación: 21.8
2025-10-20 09:41:18,813 - WARNING -    🔄 RESTAURANDO mejor solución...
2025-10-20 09:41:18,819 - DEBUG - Iter 10800: T=2.72, Fitness_actual=130.3, Mejor=130.3
2025-10-20 09:41:18,975 - INFO - 🌟 MEJORA #109 en iter 10803: Fitness=130.3 (+0.0), Puntos=15673
2025-10-20 09:41:19,239 - INFO - 🌟 MEJORA #110 en iter 10808: Fitness=130.3 (+0.0), Puntos=15673
2025-10-20 09:41:19,239 - INFO -   ✨ Mejora #110 en iteración 10809: Fitness = 130.3 | Puntos = 15673 | T = 2.72
2025-10-20 09:41:19,292 - INFO - 🌟 MEJORA #111 en iter 10809: Fitness=130.3 (+0.1), Puntos=15679
2025-10-20 09:41:19,505 - INFO - 🌟 MEJORA #112 en iter 10813: Fitness=130.7 (+0.4), Puntos=15616
2025-10-20 09:41:19,557 - INFO - 🌟 MEJORA #113 en iter 10814: Fitness=131.7 (+1.0), Puntos=15616
2025-10-20 09:41:19,713 - INFO - 🌟 MEJORA #114 en iter 10817: Fitness=131.8 (+0.1), Puntos=15624
2025-10-20 09:41:24,170 - DEBUG - Iter 10900: T=2.71, Fitness_actual=104.4, Mejor=131.8
2025-10-20 09:41:26,853 - WARNING - ⚠️  DEGRADACIÓN DETECTADA en iter 10950:
2025-10-20 09:41:26,854 - WARNING -    Mejor fitness: 131.8
2025-10-20 09:41:26,854 - WARNING -    Fitness promedio reciente: 107.4
2025-10-20 09:41:26,854 - WARNING -    Degradación: 24.4
2025-10-20 09:41:26,854 - WARNING -    🔄 RESTAURANDO mejor solución...
2025-10-20 09:41:26,856 - INFO - 🌟 MEJORA #115 en iter 10950: Fitness=131.8 (+0.0), Puntos=15624
2025-10-20 09:41:26,856 - INFO -   ✨ Mejora #115 en iteración 10951: Fitness = 131.8 | Puntos = 15624 | T = 2.71
2025-10-20 09:41:29,551 - INFO -   Iter 11000 | Tiempo:    8.4min ( 3.5%) | T =     2.71 | Fitness =    128.3 | Mejor =    131.8 | Aceptación =  84.3%
2025-10-20 09:41:29,551 - INFO - Progreso iter 11000: T=2.71, Fitness=128.3, Mejor=131.8, Tasa_acept=84.3%
2025-10-20 09:41:29,553 - DEBUG - Iter 11000: T=2.71, Fitness_actual=128.3, Mejor=131.8
2025-10-20 09:41:34,626 - DEBUG - Iter 11100: T=2.71, Fitness_actual=114.4, Mejor=131.8
2025-10-20 09:41:39,651 - DEBUG - Iter 11200: T=2.70, Fitness_actual=119.5, Mejor=131.8
2025-10-20 09:41:44,504 - WARNING - ⚠️  DEGRADACIÓN DETECTADA en iter 11300:
2025-10-20 09:41:44,504 - WARNING -    Mejor fitness: 131.8
2025-10-20 09:41:44,505 - WARNING -    Fitness promedio reciente: 105.1
2025-10-20 09:41:44,505 - WARNING -    Degradación: 26.7
2025-10-20 09:41:44,505 - WARNING -    🔄 RESTAURANDO mejor solución...
2025-10-20 09:41:44,506 - DEBUG - Iter 11300: T=2.70, Fitness_actual=131.8, Mejor=131.8
2025-10-20 09:41:44,843 - INFO - 🌟 MEJORA #116 en iter 11307: Fitness=131.8 (+0.0), Puntos=15624
2025-10-20 09:41:49,471 - DEBUG - Iter 11400: T=2.70, Fitness_actual=120.6, Mejor=131.8
2025-10-20 09:41:54,409 - INFO -   Iter 11500 | Tiempo:    8.8min ( 3.7%) | T =     2.70 | Fitness =    118.1 | Mejor =    131.8 | Aceptación =  84.3%
2025-10-20 09:41:54,409 - INFO - Progreso iter 11500: T=2.70, Fitness=118.1, Mejor=131.8, Tasa_acept=84.3%
2025-10-20 09:41:54,410 - DEBUG - Iter 11500: T=2.70, Fitness_actual=118.1, Mejor=131.8
2025-10-20 09:41:59,360 - DEBUG - Iter 11600: T=2.69, Fitness_actual=122.7, Mejor=131.8
2025-10-20 09:42:04,423 - WARNING - ⚠️  DEGRADACIÓN DETECTADA en iter 11700:
2025-10-20 09:42:04,423 - WARNING -    Mejor fitness: 131.8
2025-10-20 09:42:04,423 - WARNING -    Fitness promedio reciente: 110.2
2025-10-20 09:42:04,423 - WARNING -    Degradación: 21.6
2025-10-20 09:42:04,423 - WARNING -    🔄 RESTAURANDO mejor solución...
2025-10-20 09:42:04,425 - DEBUG - Iter 11700: T=2.69, Fitness_actual=131.8, Mejor=131.8
2025-10-20 09:42:04,833 - INFO - 🌟 MEJORA #117 en iter 11708: Fitness=133.5 (+1.7), Puntos=15895
2025-10-20 09:42:04,883 - INFO - 🌟 MEJORA #118 en iter 11709: Fitness=134.0 (+0.5), Puntos=15895
2025-10-20 09:42:04,933 - INFO - 🌟 MEJORA #119 en iter 11710: Fitness=134.5 (+0.5), Puntos=15895
2025-10-20 09:42:05,281 - INFO - 🌟 MEJORA #120 en iter 11717: Fitness=134.6 (+0.1), Puntos=15903
2025-10-20 09:42:05,281 - INFO -   ✨ Mejora #120 en iteración 11718: Fitness = 134.6 | Puntos = 15903 | T = 2.69
2025-10-20 09:42:09,451 - DEBUG - Iter 11800: T=2.69, Fitness_actual=121.9, Mejor=134.6
2025-10-20 09:42:14,531 - DEBUG - Iter 11900: T=2.69, Fitness_actual=111.2, Mejor=134.6
2025-10-20 09:42:17,055 - WARNING - ⚠️  DEGRADACIÓN DETECTADA en iter 11950:
2025-10-20 09:42:17,055 - WARNING -    Mejor fitness: 134.6
2025-10-20 09:42:17,056 - WARNING -    Fitness promedio reciente: 112.1
2025-10-20 09:42:17,056 - WARNING -    Degradación: 22.5
2025-10-20 09:42:17,056 - WARNING -    🔄 RESTAURANDO mejor solución...
2025-10-20 09:42:19,547 - INFO -   Iter 12000 | Tiempo:    9.3min ( 3.9%) | T =     2.68 | Fitness =    128.4 | Mejor =    134.6 | Aceptación =  84.2%
2025-10-20 09:42:19,547 - INFO - Progreso iter 12000: T=2.68, Fitness=128.4, Mejor=134.6, Tasa_acept=84.2%
2025-10-20 09:42:19,548 - DEBUG - Iter 12000: T=2.68, Fitness_actual=128.4, Mejor=134.6
2025-10-20 09:42:24,568 - DEBUG - Iter 12100: T=2.68, Fitness_actual=111.4, Mejor=134.6
2025-10-20 09:42:27,071 - WARNING - ⚠️  DEGRADACIÓN DETECTADA en iter 12150:
2025-10-20 09:42:27,071 - WARNING -    Mejor fitness: 134.6
2025-10-20 09:42:27,071 - WARNING -    Fitness promedio reciente: 114.6
2025-10-20 09:42:27,071 - WARNING -    Degradación: 20.1
2025-10-20 09:42:27,071 - WARNING -    🔄 RESTAURANDO mejor solución...
2025-10-20 09:42:27,177 - INFO - 🌟 MEJORA #121 en iter 12152: Fitness=134.6 (+0.0), Puntos=15903
2025-10-20 09:42:29,576 - DEBUG - Iter 12200: T=2.68, Fitness_actual=123.6, Mejor=134.6
2025-10-20 09:42:34,621 - DEBUG - Iter 12300: T=2.67, Fitness_actual=113.5, Mejor=134.6
2025-10-20 09:42:37,165 - WARNING - ⚠️  DEGRADACIÓN DETECTADA en iter 12350:
2025-10-20 09:42:37,165 - WARNING -    Mejor fitness: 134.6
2025-10-20 09:42:37,165 - WARNING -    Fitness promedio reciente: 109.1
2025-10-20 09:42:37,165 - WARNING -    Degradación: 25.5
2025-10-20 09:42:37,165 - WARNING -    🔄 RESTAURANDO mejor solución...
2025-10-20 09:42:37,322 - INFO - 🌟 MEJORA #122 en iter 12353: Fitness=134.6 (+0.0), Puntos=15903
2025-10-20 09:42:39,690 - DEBUG - Iter 12400: T=2.67, Fitness_actual=129.4, Mejor=134.6
2025-10-20 09:42:44,752 - INFO -   Iter 12500 | Tiempo:    9.7min ( 4.0%) | T =     2.67 | Fitness =    121.7 | Mejor =    134.6 | Aceptación =  84.2%
2025-10-20 09:42:44,752 - INFO - Progreso iter 12500: T=2.67, Fitness=121.7, Mejor=134.6, Tasa_acept=84.2%
2025-10-20 09:42:44,755 - DEBUG - Iter 12500: T=2.67, Fitness_actual=121.7, Mejor=134.6
2025-10-20 09:42:47,308 - WARNING - ⚠️  DEGRADACIÓN DETECTADA en iter 12550:
2025-10-20 09:42:47,308 - WARNING -    Mejor fitness: 134.6
2025-10-20 09:42:47,308 - WARNING -    Fitness promedio reciente: 112.0
2025-10-20 09:42:47,308 - WARNING -    Degradación: 22.6
2025-10-20 09:42:47,309 - WARNING -    🔄 RESTAURANDO mejor solución...
2025-10-20 09:42:47,560 - INFO - 🌟 MEJORA #123 en iter 12555: Fitness=134.6 (+0.0), Puntos=15903
2025-10-20 09:42:47,715 - INFO - 🌟 MEJORA #124 en iter 12558: Fitness=134.6 (+0.0), Puntos=15903
2025-10-20 09:42:47,816 - INFO - 🌟 MEJORA #125 en iter 12560: Fitness=134.6 (+0.0), Puntos=15903
2025-10-20 09:42:47,816 - INFO -   ✨ Mejora #125 en iteración 12561: Fitness = 134.6 | Puntos = 15903 | T = 2.67
2025-10-20 09:42:49,865 - DEBUG - Iter 12600: T=2.67, Fitness_actual=123.2, Mejor=134.6
2025-10-20 09:42:55,078 - WARNING - ⚠️  DEGRADACIÓN DETECTADA en iter 12700:
2025-10-20 09:42:55,078 - WARNING -    Mejor fitness: 134.6
2025-10-20 09:42:55,079 - WARNING -    Fitness promedio reciente: 107.8
2025-10-20 09:42:55,079 - WARNING -    Degradación: 26.8
2025-10-20 09:42:55,079 - WARNING -    🔄 RESTAURANDO mejor solución...
2025-10-20 09:42:55,080 - DEBUG - Iter 12700: T=2.66, Fitness_actual=134.6, Mejor=134.6
2025-10-20 09:43:00,287 - DEBUG - Iter 12800: T=2.66, Fitness_actual=118.4, Mejor=134.6
2025-10-20 09:43:05,425 - DEBUG - Iter 12900: T=2.66, Fitness_actual=120.8, Mejor=134.6
2025-10-20 09:43:10,567 - INFO -   Iter 13000 | Tiempo:   10.1min ( 4.2%) | T =     2.66 | Fitness =    114.5 | Mejor =    134.6 | Aceptación =  84.1%
2025-10-20 09:43:10,567 - INFO - Progreso iter 13000: T=2.66, Fitness=114.5, Mejor=134.6, Tasa_acept=84.1%
2025-10-20 09:43:10,568 - DEBUG - Iter 13000: T=2.66, Fitness_actual=114.5, Mejor=134.6
2025-10-20 09:43:13,136 - WARNING - ⚠️  DEGRADACIÓN DETECTADA en iter 13050:
2025-10-20 09:43:13,136 - WARNING -    Mejor fitness: 134.6
2025-10-20 09:43:13,137 - WARNING -    Fitness promedio reciente: 107.5
2025-10-20 09:43:13,137 - WARNING -    Degradación: 27.1
2025-10-20 09:43:13,137 - WARNING -    🔄 RESTAURANDO mejor solución...
2025-10-20 09:43:13,138 - INFO - 🌟 MEJORA #126 en iter 13050: Fitness=134.6 (+0.0), Puntos=15903
2025-10-20 09:43:15,710 - DEBUG - Iter 13100: T=2.65, Fitness_actual=129.8, Mejor=134.6
2025-10-20 09:43:20,899 - DEBUG - Iter 13200: T=2.65, Fitness_actual=118.3, Mejor=134.6
2025-10-20 09:43:26,047 - DEBUG - Iter 13300: T=2.65, Fitness_actual=109.9, Mejor=134.6
2025-10-20 09:43:28,626 - WARNING - ⚠️  DEGRADACIÓN DETECTADA en iter 13350:
2025-10-20 09:43:28,626 - WARNING -    Mejor fitness: 134.6
2025-10-20 09:43:28,626 - WARNING -    Fitness promedio reciente: 108.0
2025-10-20 09:43:28,626 - WARNING -    Degradación: 26.6
2025-10-20 09:43:28,626 - WARNING -    🔄 RESTAURANDO mejor solución...
2025-10-20 09:43:28,628 - INFO - 🌟 MEJORA #127 en iter 13350: Fitness=134.7 (+0.0), Puntos=15907
2025-10-20 09:43:31,265 - DEBUG - Iter 13400: T=2.64, Fitness_actual=128.9, Mejor=134.7
2025-10-20 09:43:36,558 - INFO -   Iter 13500 | Tiempo:   10.5min ( 4.4%) | T =     2.64 | Fitness =    104.5 | Mejor =    134.7 | Aceptación =  84.0%
2025-10-20 09:43:36,558 - INFO - Progreso iter 13500: T=2.64, Fitness=104.5, Mejor=134.7, Tasa_acept=84.0%
2025-10-20 09:43:36,558 - WARNING - ⚠️  DEGRADACIÓN DETECTADA en iter 13500:
2025-10-20 09:43:36,558 - WARNING -    Mejor fitness: 134.7
2025-10-20 09:43:36,559 - WARNING -    Fitness promedio reciente: 112.0
2025-10-20 09:43:36,559 - WARNING -    Degradación: 22.7
2025-10-20 09:43:36,559 - WARNING -    🔄 RESTAURANDO mejor solución...
2025-10-20 09:43:36,560 - DEBUG - Iter 13500: T=2.64, Fitness_actual=134.7, Mejor=134.7
2025-10-20 09:43:41,847 - DEBUG - Iter 13600: T=2.64, Fitness_actual=108.5, Mejor=134.7
2025-10-20 09:43:44,522 - WARNING - ⚠️  DEGRADACIÓN DETECTADA en iter 13650:
2025-10-20 09:43:44,522 - WARNING -    Mejor fitness: 134.7
2025-10-20 09:43:44,522 - WARNING -    Fitness promedio reciente: 111.2
2025-10-20 09:43:44,522 - WARNING -    Degradación: 23.4
2025-10-20 09:43:44,522 - WARNING -    🔄 RESTAURANDO mejor solución...
2025-10-20 09:43:47,160 - DEBUG - Iter 13700: T=2.64, Fitness_actual=125.7, Mejor=134.7
2025-10-20 09:43:52,556 - DEBUG - Iter 13800: T=2.63, Fitness_actual=115.0, Mejor=134.7
2025-10-20 09:43:55,230 - WARNING - ⚠️  DEGRADACIÓN DETECTADA en iter 13850:
2025-10-20 09:43:55,231 - WARNING -    Mejor fitness: 134.7
2025-10-20 09:43:55,231 - WARNING -    Fitness promedio reciente: 111.3
2025-10-20 09:43:55,231 - WARNING -    Degradación: 23.4
2025-10-20 09:43:55,231 - WARNING -    🔄 RESTAURANDO mejor solución...
2025-10-20 09:43:57,871 - DEBUG - Iter 13900: T=2.63, Fitness_actual=117.2, Mejor=134.7
2025-10-20 09:44:03,254 - INFO -   Iter 14000 | Tiempo:   11.0min ( 4.6%) | T =     2.63 | Fitness =    110.7 | Mejor =    134.7 | Aceptación =  83.9%
2025-10-20 09:44:03,254 - INFO - Progreso iter 14000: T=2.63, Fitness=110.7, Mejor=134.7, Tasa_acept=83.9%
2025-10-20 09:44:03,255 - WARNING - ⚠️  DEGRADACIÓN DETECTADA en iter 14000:
2025-10-20 09:44:03,255 - WARNING -    Mejor fitness: 134.7
2025-10-20 09:44:03,255 - WARNING -    Fitness promedio reciente: 112.9
2025-10-20 09:44:03,255 - WARNING -    Degradación: 21.7
2025-10-20 09:44:03,255 - WARNING -    🔄 RESTAURANDO mejor solución...
2025-10-20 09:44:03,256 - DEBUG - Iter 14000: T=2.63, Fitness_actual=134.7, Mejor=134.7
2025-10-20 09:44:03,257 - INFO - 🌟 MEJORA #128 en iter 14000: Fitness=134.7 (+0.1), Puntos=15914
2025-10-20 09:44:03,790 - INFO - 🌟 MEJORA #129 en iter 14010: Fitness=134.9 (+0.2), Puntos=15933
2025-10-20 09:44:08,626 - DEBUG - Iter 14100: T=2.62, Fitness_actual=106.9, Mejor=134.9
2025-10-20 09:44:11,337 - WARNING - ⚠️  DEGRADACIÓN DETECTADA en iter 14150:
2025-10-20 09:44:11,338 - WARNING -    Mejor fitness: 134.9
2025-10-20 09:44:11,338 - WARNING -    Fitness promedio reciente: 108.6
2025-10-20 09:44:11,338 - WARNING -    Degradación: 26.3
2025-10-20 09:44:11,338 - WARNING -    🔄 RESTAURANDO mejor solución...
2025-10-20 09:44:11,765 - INFO - 🌟 MEJORA #130 en iter 14158: Fitness=135.0 (+0.1), Puntos=15970
2025-10-20 09:44:11,765 - INFO -   ✨ Mejora #130 en iteración 14159: Fitness = 135.0 | Puntos = 15970 | T = 2.62
2025-10-20 09:44:11,819 - INFO - 🌟 MEJORA #131 en iter 14159: Fitness=135.9 (+1.0), Puntos=15965
2025-10-20 09:44:12,086 - INFO - 🌟 MEJORA #132 en iter 14164: Fitness=135.9 (+0.0), Puntos=15966
2025-10-20 09:44:14,022 - DEBUG - Iter 14200: T=2.62, Fitness_actual=123.4, Mejor=135.9
2025-10-20 09:44:19,457 - DEBUG - Iter 14300: T=2.62, Fitness_actual=114.9, Mejor=135.9
2025-10-20 09:44:22,175 - WARNING - ⚠️  DEGRADACIÓN DETECTADA en iter 14350:
2025-10-20 09:44:22,176 - WARNING -    Mejor fitness: 135.9
2025-10-20 09:44:22,176 - WARNING -    Fitness promedio reciente: 110.9
2025-10-20 09:44:22,176 - WARNING -    Degradación: 25.0
2025-10-20 09:44:22,176 - WARNING -    🔄 RESTAURANDO mejor solución...
2025-10-20 09:44:22,230 - INFO - 🌟 MEJORA #133 en iter 14351: Fitness=135.9 (+0.0), Puntos=15966
2025-10-20 09:44:22,284 - INFO - 🌟 MEJORA #134 en iter 14352: Fitness=135.9 (+0.0), Puntos=15966
2025-10-20 09:44:22,499 - INFO - 🌟 MEJORA #135 en iter 14356: Fitness=135.9 (+0.0), Puntos=15966
2025-10-20 09:44:22,499 - INFO -   ✨ Mejora #135 en iteración 14357: Fitness = 135.9 | Puntos = 15966 | T = 2.62
2025-10-20 09:44:22,712 - INFO - 🌟 MEJORA #136 en iter 14360: Fitness=136.0 (+0.0), Puntos=15969
2025-10-20 09:44:24,851 - DEBUG - Iter 14400: T=2.62, Fitness_actual=128.8, Mejor=136.0
2025-10-20 09:44:30,252 - INFO -   Iter 14500 | Tiempo:   11.4min ( 4.8%) | T =     2.61 | Fitness =    114.4 | Mejor =    136.0 | Aceptación =  83.7%
2025-10-20 09:44:30,253 - INFO - Progreso iter 14500: T=2.61, Fitness=114.4, Mejor=136.0, Tasa_acept=83.7%
2025-10-20 09:44:30,256 - DEBUG - Iter 14500: T=2.61, Fitness_actual=114.4, Mejor=136.0
2025-10-20 09:44:32,988 - WARNING - ⚠️  DEGRADACIÓN DETECTADA en iter 14550:
2025-10-20 09:44:32,988 - WARNING -    Mejor fitness: 136.0
2025-10-20 09:44:32,989 - WARNING -    Fitness promedio reciente: 115.7
2025-10-20 09:44:32,989 - WARNING -    Degradación: 20.3
2025-10-20 09:44:32,989 - WARNING -    🔄 RESTAURANDO mejor solución...
2025-10-20 09:44:32,991 - INFO - 🌟 MEJORA #137 en iter 14550: Fitness=136.0 (+0.0), Puntos=15969
2025-10-20 09:44:33,045 - INFO - 🌟 MEJORA #138 en iter 14551: Fitness=136.0 (+0.0), Puntos=15969
2025-10-20 09:44:33,151 - INFO - 🌟 MEJORA #139 en iter 14553: Fitness=136.0 (+0.0), Puntos=15974
2025-10-20 09:44:33,259 - INFO - 🌟 MEJORA #140 en iter 14555: Fitness=136.0 (+0.0), Puntos=15974
2025-10-20 09:44:33,259 - INFO -   ✨ Mejora #140 en iteración 14556: Fitness = 136.0 | Puntos = 15974 | T = 2.61
2025-10-20 09:44:35,684 - DEBUG - Iter 14600: T=2.61, Fitness_actual=131.7, Mejor=136.0
2025-10-20 09:44:41,188 - DEBUG - Iter 14700: T=2.61, Fitness_actual=116.5, Mejor=136.0
2025-10-20 09:44:43,902 - WARNING - ⚠️  DEGRADACIÓN DETECTADA en iter 14750:
2025-10-20 09:44:43,902 - WARNING -    Mejor fitness: 136.0
2025-10-20 09:44:43,902 - WARNING -    Fitness promedio reciente: 115.1
2025-10-20 09:44:43,902 - WARNING -    Degradación: 20.9
2025-10-20 09:44:43,903 - WARNING -    🔄 RESTAURANDO mejor solución...
2025-10-20 09:44:46,595 - DEBUG - Iter 14800: T=2.61, Fitness_actual=122.2, Mejor=136.0
2025-10-20 09:44:52,048 - DEBUG - Iter 14900: T=2.60, Fitness_actual=112.4, Mejor=136.0
2025-10-20 09:44:54,759 - WARNING - ⚠️  DEGRADACIÓN DETECTADA en iter 14950:
2025-10-20 09:44:54,760 - WARNING -    Mejor fitness: 136.0
2025-10-20 09:44:54,760 - WARNING -    Fitness promedio reciente: 110.5
2025-10-20 09:44:54,760 - WARNING -    Degradación: 25.5
2025-10-20 09:44:54,760 - WARNING -    🔄 RESTAURANDO mejor solución...
2025-10-20 09:44:54,761 - INFO - 🌟 MEJORA #141 en iter 14950: Fitness=136.1 (+0.1), Puntos=15980
2025-10-20 09:44:54,815 - INFO - 🌟 MEJORA #142 en iter 14951: Fitness=136.2 (+0.1), Puntos=15993
2025-10-20 09:44:57,466 - INFO -   Iter 15000 | Tiempo:   11.9min ( 5.0%) | T =     2.60 | Fitness =    126.8 | Mejor =    136.2 | Aceptación =  83.6%
2025-10-20 09:44:57,466 - INFO - Progreso iter 15000: T=2.60, Fitness=126.8, Mejor=136.2, Tasa_acept=83.6%
2025-10-20 09:44:57,469 - DEBUG - Iter 15000: T=2.60, Fitness_actual=126.8, Mejor=136.2
2025-10-20 09:45:02,963 - WARNING - ⚠️  DEGRADACIÓN DETECTADA en iter 15100:
2025-10-20 09:45:02,963 - WARNING -    Mejor fitness: 136.2
2025-10-20 09:45:02,964 - WARNING -    Fitness promedio reciente: 114.7
2025-10-20 09:45:02,964 - WARNING -    Degradación: 21.6
2025-10-20 09:45:02,964 - WARNING -    🔄 RESTAURANDO mejor solución...
2025-10-20 09:45:02,965 - DEBUG - Iter 15100: T=2.60, Fitness_actual=136.2, Mejor=136.2
2025-10-20 09:45:08,397 - DEBUG - Iter 15200: T=2.59, Fitness_actual=131.3, Mejor=136.2
2025-10-20 09:45:13,947 - DEBUG - Iter 15300: T=2.59, Fitness_actual=124.0, Mejor=136.2
2025-10-20 09:45:19,553 - WARNING - ⚠️  DEGRADACIÓN DETECTADA en iter 15400:
2025-10-20 09:45:19,554 - WARNING -    Mejor fitness: 136.2
2025-10-20 09:45:19,554 - WARNING -    Fitness promedio reciente: 115.5
2025-10-20 09:45:19,554 - WARNING -    Degradación: 20.7
2025-10-20 09:45:19,554 - WARNING -    🔄 RESTAURANDO mejor solución...
2025-10-20 09:45:19,556 - DEBUG - Iter 15400: T=2.59, Fitness_actual=136.2, Mejor=136.2
2025-10-20 09:45:25,150 - INFO -   Iter 15500 | Tiempo:   12.4min ( 5.1%) | T =     2.58 | Fitness =    120.7 | Mejor =    136.2 | Aceptación =  83.5%
2025-10-20 09:45:25,150 - INFO - Progreso iter 15500: T=2.58, Fitness=120.7, Mejor=136.2, Tasa_acept=83.5%
2025-10-20 09:45:25,152 - DEBUG - Iter 15500: T=2.58, Fitness_actual=120.7, Mejor=136.2
2025-10-20 09:45:30,803 - WARNING - ⚠️  DEGRADACIÓN DETECTADA en iter 15600:
2025-10-20 09:45:30,803 - WARNING -    Mejor fitness: 136.2
2025-10-20 09:45:30,804 - WARNING -    Fitness promedio reciente: 114.6
2025-10-20 09:45:30,804 - WARNING -    Degradación: 21.6
2025-10-20 09:45:30,804 - WARNING -    🔄 RESTAURANDO mejor solución...
2025-10-20 09:45:30,806 - DEBUG - Iter 15600: T=2.58, Fitness_actual=136.2, Mejor=136.2
2025-10-20 09:45:30,981 - INFO - 🌟 MEJORA #143 en iter 15603: Fitness=137.2 (+1.0), Puntos=15993
2025-10-20 09:45:31,037 - INFO - 🌟 MEJORA #144 en iter 15604: Fitness=137.2 (+0.0), Puntos=15993
2025-10-20 09:45:36,415 - DEBUG - Iter 15700: T=2.58, Fitness_actual=123.9, Mejor=137.2
2025-10-20 09:45:42,051 - WARNING - ⚠️  DEGRADACIÓN DETECTADA en iter 15800:
2025-10-20 09:45:42,051 - WARNING -    Mejor fitness: 137.2
2025-10-20 09:45:42,052 - WARNING -    Fitness promedio reciente: 115.7
2025-10-20 09:45:42,052 - WARNING -    Degradación: 21.5
2025-10-20 09:45:42,052 - WARNING -    🔄 RESTAURANDO mejor solución...
2025-10-20 09:45:42,053 - DEBUG - Iter 15800: T=2.58, Fitness_actual=137.2, Mejor=137.2
2025-10-20 09:45:42,054 - INFO - 🌟 MEJORA #145 en iter 15800: Fitness=137.3 (+0.1), Puntos=16000
2025-10-20 09:45:42,054 - INFO -   ✨ Mejora #145 en iteración 15801: Fitness = 137.3 | Puntos = 16000 | T = 2.58
2025-10-20 09:45:47,652 - DEBUG - Iter 15900: T=2.57, Fitness_actual=123.5, Mejor=137.3
2025-10-20 09:45:53,251 - INFO -   Iter 16000 | Tiempo:   12.8min ( 5.3%) | T =     2.57 | Fitness =    123.1 | Mejor =    137.3 | Aceptación =  83.4%
2025-10-20 09:45:53,251 - INFO - Progreso iter 16000: T=2.57, Fitness=123.1, Mejor=137.3, Tasa_acept=83.4%
2025-10-20 09:45:53,253 - DEBUG - Iter 16000: T=2.57, Fitness_actual=123.1, Mejor=137.3
2025-10-20 09:45:58,914 - WARNING - ⚠️  DEGRADACIÓN DETECTADA en iter 16100:
2025-10-20 09:45:58,914 - WARNING -    Mejor fitness: 137.3
2025-10-20 09:45:58,915 - WARNING -    Fitness promedio reciente: 107.3
2025-10-20 09:45:58,915 - WARNING -    Degradación: 30.0
2025-10-20 09:45:58,915 - WARNING -    🔄 RESTAURANDO mejor solución...
2025-10-20 09:45:58,916 - DEBUG - Iter 16100: T=2.57, Fitness_actual=137.3, Mejor=137.3
2025-10-20 09:46:04,582 - WARNING - ⚠️  DEGRADACIÓN DETECTADA en iter 16200:
2025-10-20 09:46:04,582 - WARNING -    Mejor fitness: 137.3
2025-10-20 09:46:04,582 - WARNING -    Fitness promedio reciente: 116.1
2025-10-20 09:46:04,582 - WARNING -    Degradación: 21.2
2025-10-20 09:46:04,583 - WARNING -    🔄 RESTAURANDO mejor solución...
2025-10-20 09:46:04,584 - DEBUG - Iter 16200: T=2.56, Fitness_actual=137.3, Mejor=137.3
2025-10-20 09:46:10,298 - DEBUG - Iter 16300: T=2.56, Fitness_actual=121.6, Mejor=137.3
2025-10-20 09:46:13,159 - WARNING - ⚠️  DEGRADACIÓN DETECTADA en iter 16350:
2025-10-20 09:46:13,160 - WARNING -    Mejor fitness: 137.3
2025-10-20 09:46:13,160 - WARNING -    Fitness promedio reciente: 117.2
2025-10-20 09:46:13,160 - WARNING -    Degradación: 20.1
2025-10-20 09:46:13,160 - WARNING -    🔄 RESTAURANDO mejor solución...
2025-10-20 09:46:13,161 - INFO - 🌟 MEJORA #146 en iter 16350: Fitness=137.3 (+0.0), Puntos=16001
2025-10-20 09:46:13,220 - INFO - 🌟 MEJORA #147 en iter 16351: Fitness=137.3 (+0.0), Puntos=16003
2025-10-20 09:46:15,947 - DEBUG - Iter 16400: T=2.56, Fitness_actual=126.1, Mejor=137.3
2025-10-20 09:46:21,676 - INFO -   Iter 16500 | Tiempo:   13.3min ( 5.5%) | T =     2.56 | Fitness =    114.1 | Mejor =    137.3 | Aceptación =  83.3%
2025-10-20 09:46:21,676 - INFO - Progreso iter 16500: T=2.56, Fitness=114.1, Mejor=137.3, Tasa_acept=83.3%
2025-10-20 09:46:21,676 - WARNING - ⚠️  DEGRADACIÓN DETECTADA en iter 16500:
2025-10-20 09:46:21,677 - WARNING -    Mejor fitness: 137.3
2025-10-20 09:46:21,677 - WARNING -    Fitness promedio reciente: 117.2
2025-10-20 09:46:21,677 - WARNING -    Degradación: 20.1
2025-10-20 09:46:21,677 - WARNING -    🔄 RESTAURANDO mejor solución...
2025-10-20 09:46:21,678 - DEBUG - Iter 16500: T=2.56, Fitness_actual=137.3, Mejor=137.3
2025-10-20 09:46:27,186 - DEBUG - Iter 16600: T=2.55, Fitness_actual=125.0, Mejor=137.3
2025-10-20 09:46:32,782 - DEBUG - Iter 16700: T=2.55, Fitness_actual=105.9, Mejor=137.3
2025-10-20 09:46:35,598 - WARNING - ⚠️  DEGRADACIÓN DETECTADA en iter 16750:
2025-10-20 09:46:35,598 - WARNING -    Mejor fitness: 137.3
2025-10-20 09:46:35,599 - WARNING -    Fitness promedio reciente: 106.0
2025-10-20 09:46:35,599 - WARNING -    Degradación: 31.3
2025-10-20 09:46:35,599 - WARNING -    🔄 RESTAURANDO mejor solución...
2025-10-20 09:46:38,442 - DEBUG - Iter 16800: T=2.55, Fitness_actual=134.1, Mejor=137.3
2025-10-20 09:46:44,173 - DEBUG - Iter 16900: T=2.54, Fitness_actual=128.3, Mejor=137.3
2025-10-20 09:46:49,917 - INFO -   Iter 17000 | Tiempo:   13.8min ( 5.7%) | T =     2.54 | Fitness =    114.2 | Mejor =    137.3 | Aceptación =  83.2%
2025-10-20 09:46:49,918 - INFO - Progreso iter 17000: T=2.54, Fitness=114.2, Mejor=137.3, Tasa_acept=83.2%
2025-10-20 09:46:49,920 - DEBUG - Iter 17000: T=2.54, Fitness_actual=114.2, Mejor=137.3
2025-10-20 09:46:52,797 - WARNING - ⚠️  DEGRADACIÓN DETECTADA en iter 17050:
2025-10-20 09:46:52,797 - WARNING -    Mejor fitness: 137.3
2025-10-20 09:46:52,797 - WARNING -    Fitness promedio reciente: 114.4
2025-10-20 09:46:52,798 - WARNING -    Degradación: 22.9
2025-10-20 09:46:52,798 - WARNING -    🔄 RESTAURANDO mejor solución...
2025-10-20 09:46:55,687 - DEBUG - Iter 17100: T=2.54, Fitness_actual=129.6, Mejor=137.3
2025-10-20 09:47:01,377 - WARNING - ⚠️  DEGRADACIÓN DETECTADA en iter 17200:
2025-10-20 09:47:01,378 - WARNING -    Mejor fitness: 137.3
2025-10-20 09:47:01,378 - WARNING -    Fitness promedio reciente: 114.8
2025-10-20 09:47:01,378 - WARNING -    Degradación: 22.5
2025-10-20 09:47:01,378 - WARNING -    🔄 RESTAURANDO mejor solución...
2025-10-20 09:47:01,379 - DEBUG - Iter 17200: T=2.54, Fitness_actual=137.3, Mejor=137.3
2025-10-20 09:47:01,553 - INFO - 🌟 MEJORA #148 en iter 17203: Fitness=137.3 (+0.0), Puntos=16003
2025-10-20 09:47:07,109 - DEBUG - Iter 17300: T=2.53, Fitness_actual=112.7, Mejor=137.3
2025-10-20 09:47:09,999 - WARNING - ⚠️  DEGRADACIÓN DETECTADA en iter 17350:
2025-10-20 09:47:09,999 - WARNING -    Mejor fitness: 137.3
2025-10-20 09:47:09,999 - WARNING -    Fitness promedio reciente: 114.2
2025-10-20 09:47:09,999 - WARNING -    Degradación: 23.1
2025-10-20 09:47:09,999 - WARNING -    🔄 RESTAURANDO mejor solución...
2025-10-20 09:47:10,001 - INFO - 🌟 MEJORA #149 en iter 17350: Fitness=137.3 (+0.0), Puntos=16003
2025-10-20 09:47:12,842 - DEBUG - Iter 17400: T=2.53, Fitness_actual=126.0, Mejor=137.3
2025-10-20 09:47:18,592 - INFO -   Iter 17500 | Tiempo:   14.2min ( 5.9%) | T =     2.53 | Fitness =    105.7 | Mejor =    137.3 | Aceptación =  83.1%
2025-10-20 09:47:18,593 - INFO - Progreso iter 17500: T=2.53, Fitness=105.7, Mejor=137.3, Tasa_acept=83.1%
2025-10-20 09:47:18,593 - WARNING - ⚠️  DEGRADACIÓN DETECTADA en iter 17500:
2025-10-20 09:47:18,593 - WARNING -    Mejor fitness: 137.3
2025-10-20 09:47:18,593 - WARNING -    Fitness promedio reciente: 116.6
2025-10-20 09:47:18,593 - WARNING -    Degradación: 20.7
2025-10-20 09:47:18,593 - WARNING -    🔄 RESTAURANDO mejor solución...
2025-10-20 09:47:18,595 - DEBUG - Iter 17500: T=2.53, Fitness_actual=137.3, Mejor=137.3
2025-10-20 09:47:18,765 - INFO - 🌟 MEJORA #150 en iter 17503: Fitness=137.5 (+0.2), Puntos=15991
2025-10-20 09:47:18,765 - INFO -   ✨ Mejora #150 en iteración 17504: Fitness = 137.5 | Puntos = 15991 | T = 2.53
2025-10-20 09:47:18,821 - INFO - 🌟 MEJORA #151 en iter 17504: Fitness=137.5 (+0.0), Puntos=15991
2025-10-20 09:47:24,446 - DEBUG - Iter 17600: T=2.52, Fitness_actual=125.0, Mejor=137.5
2025-10-20 09:47:30,331 - DEBUG - Iter 17700: T=2.52, Fitness_actual=118.0, Mejor=137.5
2025-10-20 09:47:36,293 - DEBUG - Iter 17800: T=2.52, Fitness_actual=112.4, Mejor=137.5
2025-10-20 09:47:39,245 - WARNING - ⚠️  DEGRADACIÓN DETECTADA en iter 17850:
2025-10-20 09:47:39,245 - WARNING -    Mejor fitness: 137.5
2025-10-20 09:47:39,245 - WARNING -    Fitness promedio reciente: 113.1
2025-10-20 09:47:39,245 - WARNING -    Degradación: 24.4
2025-10-20 09:47:39,245 - WARNING -    🔄 RESTAURANDO mejor solución...
2025-10-20 09:47:39,247 - INFO - 🌟 MEJORA #152 en iter 17850: Fitness=137.5 (+0.0), Puntos=15991
2025-10-20 09:47:39,362 - INFO - 🌟 MEJORA #153 en iter 17852: Fitness=137.5 (+0.0), Puntos=15991
2025-10-20 09:47:39,478 - INFO - 🌟 MEJORA #154 en iter 17854: Fitness=137.5 (+0.0), Puntos=15991
2025-10-20 09:47:42,188 - DEBUG - Iter 17900: T=2.52, Fitness_actual=130.8, Mejor=137.5
2025-10-20 09:47:48,070 - INFO -   Iter 18000 | Tiempo:   14.7min ( 6.1%) | T =     2.51 | Fitness =    119.9 | Mejor =    137.5 | Aceptación =  83.1%
2025-10-20 09:47:48,070 - INFO - Progreso iter 18000: T=2.51, Fitness=119.9, Mejor=137.5, Tasa_acept=83.1%
2025-10-20 09:47:48,072 - DEBUG - Iter 18000: T=2.51, Fitness_actual=119.9, Mejor=137.5
2025-10-20 09:47:53,959 - DEBUG - Iter 18100: T=2.51, Fitness_actual=117.8, Mejor=137.5
2025-10-20 09:47:56,918 - WARNING - ⚠️  DEGRADACIÓN DETECTADA en iter 18150:
2025-10-20 09:47:56,918 - WARNING -    Mejor fitness: 137.5
2025-10-20 09:47:56,918 - WARNING -    Fitness promedio reciente: 115.4
2025-10-20 09:47:56,918 - WARNING -    Degradación: 22.1
2025-10-20 09:47:56,919 - WARNING -    🔄 RESTAURANDO mejor solución...
2025-10-20 09:47:56,979 - INFO - 🌟 MEJORA #155 en iter 18151: Fitness=137.5 (+0.1), Puntos=15997
2025-10-20 09:47:56,979 - INFO -   ✨ Mejora #155 en iteración 18152: Fitness = 137.5 | Puntos = 15997 | T = 2.51
2025-10-20 09:47:57,037 - INFO - 🌟 MEJORA #156 en iter 18152: Fitness=137.5 (+0.0), Puntos=15997
2025-10-20 09:47:59,815 - DEBUG - Iter 18200: T=2.51, Fitness_actual=123.5, Mejor=137.5
2025-10-20 09:48:05,643 - DEBUG - Iter 18300: T=2.50, Fitness_actual=124.5, Mejor=137.5
2025-10-20 09:48:11,521 - DEBUG - Iter 18400: T=2.50, Fitness_actual=123.5, Mejor=137.5
2025-10-20 09:48:17,377 - INFO -   Iter 18500 | Tiempo:   15.2min ( 6.3%) | T =     2.50 | Fitness =    113.8 | Mejor =    137.5 | Aceptación =  83.0%
2025-10-20 09:48:17,377 - INFO - Progreso iter 18500: T=2.50, Fitness=113.8, Mejor=137.5, Tasa_acept=83.0%
2025-10-20 09:48:17,377 - WARNING - ⚠️  DEGRADACIÓN DETECTADA en iter 18500:
2025-10-20 09:48:17,377 - WARNING -    Mejor fitness: 137.5
2025-10-20 09:48:17,377 - WARNING -    Fitness promedio reciente: 117.1
2025-10-20 09:48:17,378 - WARNING -    Degradación: 20.4
2025-10-20 09:48:17,378 - WARNING -    🔄 RESTAURANDO mejor solución...
2025-10-20 09:48:17,379 - DEBUG - Iter 18500: T=2.50, Fitness_actual=137.5, Mejor=137.5
2025-10-20 09:48:17,496 - INFO - 🌟 MEJORA #157 en iter 18502: Fitness=137.5 (+0.0), Puntos=15997
2025-10-20 09:48:23,205 - DEBUG - Iter 18600: T=2.49, Fitness_actual=125.3, Mejor=137.5
2025-10-20 09:48:29,077 - WARNING - ⚠️  DEGRADACIÓN DETECTADA en iter 18700:
2025-10-20 09:48:29,077 - WARNING -    Mejor fitness: 137.5
2025-10-20 09:48:29,077 - WARNING -    Fitness promedio reciente: 116.5
2025-10-20 09:48:29,078 - WARNING -    Degradación: 21.1
2025-10-20 09:48:29,078 - WARNING -    🔄 RESTAURANDO mejor solución...
2025-10-20 09:48:29,079 - DEBUG - Iter 18700: T=2.49, Fitness_actual=137.5, Mejor=137.5
2025-10-20 09:48:29,079 - INFO - 🌟 MEJORA #158 en iter 18700: Fitness=137.5 (+0.0), Puntos=15997
2025-10-20 09:48:35,079 - DEBUG - Iter 18800: T=2.49, Fitness_actual=125.0, Mejor=137.5
2025-10-20 09:48:41,041 - WARNING - ⚠️  DEGRADACIÓN DETECTADA en iter 18900:
2025-10-20 09:48:41,041 - WARNING -    Mejor fitness: 137.5
2025-10-20 09:48:41,042 - WARNING -    Fitness promedio reciente: 116.1
2025-10-20 09:48:41,042 - WARNING -    Degradación: 21.5
2025-10-20 09:48:41,042 - WARNING -    🔄 RESTAURANDO mejor solución...
2025-10-20 09:48:41,045 - DEBUG - Iter 18900: T=2.49, Fitness_actual=137.5, Mejor=137.5
2025-10-20 09:48:46,945 - INFO -   Iter 19000 | Tiempo:   15.7min ( 6.5%) | T =     2.48 | Fitness =    126.8 | Mejor =    137.5 | Aceptación =  82.9%
2025-10-20 09:48:46,945 - INFO - Progreso iter 19000: T=2.48, Fitness=126.8, Mejor=137.5, Tasa_acept=82.9%
2025-10-20 09:48:46,948 - DEBUG - Iter 19000: T=2.48, Fitness_actual=126.8, Mejor=137.5
2025-10-20 09:48:52,946 - DEBUG - Iter 19100: T=2.48, Fitness_actual=116.7, Mejor=137.5
2025-10-20 09:48:55,943 - WARNING - ⚠️  DEGRADACIÓN DETECTADA en iter 19150:
2025-10-20 09:48:55,943 - WARNING -    Mejor fitness: 137.5
2025-10-20 09:48:55,943 - WARNING -    Fitness promedio reciente: 115.0
2025-10-20 09:48:55,944 - WARNING -    Degradación: 22.5
2025-10-20 09:48:55,944 - WARNING -    🔄 RESTAURANDO mejor solución...
2025-10-20 09:48:58,968 - DEBUG - Iter 19200: T=2.48, Fitness_actual=113.9, Mejor=137.5
2025-10-20 09:49:05,039 - DEBUG - Iter 19300: T=2.47, Fitness_actual=122.1, Mejor=137.5
2025-10-20 09:49:11,095 - DEBUG - Iter 19400: T=2.47, Fitness_actual=125.2, Mejor=137.5
2025-10-20 09:49:17,156 - INFO -   Iter 19500 | Tiempo:   16.2min ( 6.8%) | T =     2.47 | Fitness =    126.8 | Mejor =    137.5 | Aceptación =  82.9%
2025-10-20 09:49:17,156 - INFO - Progreso iter 19500: T=2.47, Fitness=126.8, Mejor=137.5, Tasa_acept=82.9%
2025-10-20 09:49:17,158 - DEBUG - Iter 19500: T=2.47, Fitness_actual=126.8, Mejor=137.5
2025-10-20 09:49:23,201 - WARNING - ⚠️  DEGRADACIÓN DETECTADA en iter 19600:
2025-10-20 09:49:23,202 - WARNING -    Mejor fitness: 137.5
2025-10-20 09:49:23,202 - WARNING -    Fitness promedio reciente: 112.0
2025-10-20 09:49:23,202 - WARNING -    Degradación: 25.5
2025-10-20 09:49:23,202 - WARNING -    🔄 RESTAURANDO mejor solución...
2025-10-20 09:49:23,203 - DEBUG - Iter 19600: T=2.46, Fitness_actual=137.5, Mejor=137.5
2025-10-20 09:49:29,268 - DEBUG - Iter 19700: T=2.46, Fitness_actual=122.3, Mejor=137.5
2025-10-20 09:49:35,501 - WARNING - ⚠️  DEGRADACIÓN DETECTADA en iter 19800:
2025-10-20 09:49:35,501 - WARNING -    Mejor fitness: 137.5
2025-10-20 09:49:35,501 - WARNING -    Fitness promedio reciente: 114.3
2025-10-20 09:49:35,502 - WARNING -    Degradación: 23.3
2025-10-20 09:49:35,502 - WARNING -    🔄 RESTAURANDO mejor solución...
2025-10-20 09:49:35,503 - DEBUG - Iter 19800: T=2.46, Fitness_actual=137.5, Mejor=137.5
2025-10-20 09:49:41,573 - DEBUG - Iter 19900: T=2.46, Fitness_actual=119.3, Mejor=137.5
2025-10-20 09:49:47,640 - INFO -   Iter 20000 | Tiempo:   16.7min ( 7.0%) | T =     2.45 | Fitness =    107.8 | Mejor =    137.5 | Aceptación =  82.7%
2025-10-20 09:49:47,640 - INFO - Progreso iter 20000: T=2.45, Fitness=107.8, Mejor=137.5, Tasa_acept=82.7%
2025-10-20 09:49:47,643 - DEBUG - Iter 20000: T=2.45, Fitness_actual=107.8, Mejor=137.5
2025-10-20 09:49:50,712 - WARNING - ⚠️  DEGRADACIÓN DETECTADA en iter 20050:
2025-10-20 09:49:50,712 - WARNING -    Mejor fitness: 137.5
2025-10-20 09:49:50,713 - WARNING -    Fitness promedio reciente: 114.1
2025-10-20 09:49:50,713 - WARNING -    Degradación: 23.5
2025-10-20 09:49:50,713 - WARNING -    🔄 RESTAURANDO mejor solución...
2025-10-20 09:49:51,083 - INFO - 🌟 MEJORA #159 en iter 20056: Fitness=137.6 (+0.1), Puntos=16062
2025-10-20 09:49:53,778 - DEBUG - Iter 20100: T=2.45, Fitness_actual=126.6, Mejor=137.6
2025-10-20 09:49:59,878 - DEBUG - Iter 20200: T=2.45, Fitness_actual=126.2, Mejor=137.6
2025-10-20 09:50:05,969 - WARNING - ⚠️  DEGRADACIÓN DETECTADA en iter 20300:
2025-10-20 09:50:05,969 - WARNING -    Mejor fitness: 137.6
2025-10-20 09:50:05,969 - WARNING -    Fitness promedio reciente: 111.9
2025-10-20 09:50:05,969 - WARNING -    Degradación: 25.7
2025-10-20 09:50:05,969 - WARNING -    🔄 RESTAURANDO mejor solución...
2025-10-20 09:50:05,971 - DEBUG - Iter 20300: T=2.44, Fitness_actual=137.6, Mejor=137.6
2025-10-20 09:50:12,121 - DEBUG - Iter 20400: T=2.44, Fitness_actual=124.8, Mejor=137.6
2025-10-20 09:50:18,114 - INFO -   Iter 20500 | Tiempo:   17.2min ( 7.2%) | T =     2.44 | Fitness =    118.3 | Mejor =    137.6 | Aceptación =  82.7%
2025-10-20 09:50:18,114 - INFO - Progreso iter 20500: T=2.44, Fitness=118.3, Mejor=137.6, Tasa_acept=82.7%
2025-10-20 09:50:18,114 - WARNING - ⚠️  DEGRADACIÓN DETECTADA en iter 20500:
2025-10-20 09:50:18,114 - WARNING -    Mejor fitness: 137.6
2025-10-20 09:50:18,115 - WARNING -    Fitness promedio reciente: 117.3
2025-10-20 09:50:18,115 - WARNING -    Degradación: 20.3
2025-10-20 09:50:18,115 - WARNING -    🔄 RESTAURANDO mejor solución...
2025-10-20 09:50:18,116 - DEBUG - Iter 20500: T=2.44, Fitness_actual=137.6, Mejor=137.6
2025-10-20 09:50:23,835 - WARNING - ⚠️  DEGRADACIÓN DETECTADA en iter 20600:
2025-10-20 09:50:23,836 - WARNING -    Mejor fitness: 137.6
2025-10-20 09:50:23,836 - WARNING -    Fitness promedio reciente: 116.2
2025-10-20 09:50:23,836 - WARNING -    Degradación: 21.4
2025-10-20 09:50:23,836 - WARNING -    🔄 RESTAURANDO mejor solución...
2025-10-20 09:50:23,837 - DEBUG - Iter 20600: T=2.44, Fitness_actual=137.6, Mejor=137.6
2025-10-20 09:50:29,555 - DEBUG - Iter 20700: T=2.43, Fitness_actual=129.0, Mejor=137.6
2025-10-20 09:50:35,417 - DEBUG - Iter 20800: T=2.43, Fitness_actual=118.7, Mejor=137.6
2025-10-20 09:50:41,169 - WARNING - ⚠️  DEGRADACIÓN DETECTADA en iter 20900:
2025-10-20 09:50:41,169 - WARNING -    Mejor fitness: 137.6
2025-10-20 09:50:41,169 - WARNING -    Fitness promedio reciente: 116.3
2025-10-20 09:50:41,170 - WARNING -    Degradación: 21.3
2025-10-20 09:50:41,170 - WARNING -    🔄 RESTAURANDO mejor solución...
2025-10-20 09:50:41,171 - DEBUG - Iter 20900: T=2.43, Fitness_actual=137.6, Mejor=137.6
2025-10-20 09:50:47,030 - INFO -   Iter 21000 | Tiempo:   17.7min ( 7.4%) | T =     2.42 | Fitness =    116.4 | Mejor =    137.6 | Aceptación =  82.5%
2025-10-20 09:50:47,031 - INFO - Progreso iter 21000: T=2.42, Fitness=116.4, Mejor=137.6, Tasa_acept=82.5%
2025-10-20 09:50:47,032 - DEBUG - Iter 21000: T=2.42, Fitness_actual=116.4, Mejor=137.6
2025-10-20 09:50:49,938 - WARNING - ⚠️  DEGRADACIÓN DETECTADA en iter 21050:
2025-10-20 09:50:49,939 - WARNING -    Mejor fitness: 137.6
2025-10-20 09:50:49,939 - WARNING -    Fitness promedio reciente: 114.5
2025-10-20 09:50:49,939 - WARNING -    Degradación: 23.1
2025-10-20 09:50:49,939 - WARNING -    🔄 RESTAURANDO mejor solución...
2025-10-20 09:50:52,846 - DEBUG - Iter 21100: T=2.42, Fitness_actual=134.5, Mejor=137.6
2025-10-20 09:50:58,589 - DEBUG - Iter 21200: T=2.42, Fitness_actual=124.3, Mejor=137.6
2025-10-20 09:51:04,445 - DEBUG - Iter 21300: T=2.42, Fitness_actual=116.1, Mejor=137.6
2025-10-20 09:51:07,403 - WARNING - ⚠️  DEGRADACIÓN DETECTADA en iter 21350:
2025-10-20 09:51:07,403 - WARNING -    Mejor fitness: 137.6
2025-10-20 09:51:07,403 - WARNING -    Fitness promedio reciente: 117.1
2025-10-20 09:51:07,403 - WARNING -    Degradación: 20.5
2025-10-20 09:51:07,404 - WARNING -    🔄 RESTAURANDO mejor solución...
2025-10-20 09:51:10,321 - DEBUG - Iter 21400: T=2.41, Fitness_actual=127.2, Mejor=137.6
2025-10-20 09:51:16,149 - INFO -   Iter 21500 | Tiempo:   18.2min ( 7.6%) | T =     2.41 | Fitness =    118.4 | Mejor =    137.6 | Aceptación =  82.3%
2025-10-20 09:51:16,149 - INFO - Progreso iter 21500: T=2.41, Fitness=118.4, Mejor=137.6, Tasa_acept=82.3%
2025-10-20 09:51:16,151 - DEBUG - Iter 21500: T=2.41, Fitness_actual=118.4, Mejor=137.6
2025-10-20 09:51:19,052 - WARNING - ⚠️  DEGRADACIÓN DETECTADA en iter 21550:
2025-10-20 09:51:19,052 - WARNING -    Mejor fitness: 137.6
2025-10-20 09:51:19,052 - WARNING -    Fitness promedio reciente: 116.2
2025-10-20 09:51:19,052 - WARNING -    Degradación: 21.4
2025-10-20 09:51:19,052 - WARNING -    🔄 RESTAURANDO mejor solución...
2025-10-20 09:51:21,975 - DEBUG - Iter 21600: T=2.41, Fitness_actual=130.1, Mejor=137.6
2025-10-20 09:51:27,819 - WARNING - ⚠️  DEGRADACIÓN DETECTADA en iter 21700:
2025-10-20 09:51:27,819 - WARNING -    Mejor fitness: 137.6
2025-10-20 09:51:27,819 - WARNING -    Fitness promedio reciente: 106.6
2025-10-20 09:51:27,819 - WARNING -    Degradación: 31.0
2025-10-20 09:51:27,819 - WARNING -    🔄 RESTAURANDO mejor solución...
2025-10-20 09:51:27,821 - DEBUG - Iter 21700: T=2.40, Fitness_actual=137.6, Mejor=137.6
2025-10-20 09:51:33,753 - DEBUG - Iter 21800: T=2.40, Fitness_actual=125.7, Mejor=137.6
2025-10-20 09:51:39,711 - DEBUG - Iter 21900: T=2.40, Fitness_actual=116.2, Mejor=137.6
2025-10-20 09:51:42,706 - WARNING - ⚠️  DEGRADACIÓN DETECTADA en iter 21950:
2025-10-20 09:51:42,706 - WARNING -    Mejor fitness: 137.6
2025-10-20 09:51:42,707 - WARNING -    Fitness promedio reciente: 113.1
2025-10-20 09:51:42,707 - WARNING -    Degradación: 24.6
2025-10-20 09:51:42,707 - WARNING -    🔄 RESTAURANDO mejor solución...
2025-10-20 09:51:45,729 - INFO -   Iter 22000 | Tiempo:   18.7min ( 7.8%) | T =     2.40 | Fitness =    127.2 | Mejor =    137.6 | Aceptación =  82.2%
2025-10-20 09:51:45,730 - INFO - Progreso iter 22000: T=2.40, Fitness=127.2, Mejor=137.6, Tasa_acept=82.2%
2025-10-20 09:51:45,732 - DEBUG - Iter 22000: T=2.40, Fitness_actual=127.2, Mejor=137.6
2025-10-20 09:51:52,428 - WARNING - ⚠️  DEGRADACIÓN DETECTADA en iter 22100:
2025-10-20 09:51:52,428 - WARNING -    Mejor fitness: 137.6
2025-10-20 09:51:52,429 - WARNING -    Fitness promedio reciente: 117.6
2025-10-20 09:51:52,429 - WARNING -    Degradación: 20.0
2025-10-20 09:51:52,429 - WARNING -    🔄 RESTAURANDO mejor solución...
2025-10-20 09:51:52,434 - DEBUG - Iter 22100: T=2.39, Fitness_actual=137.6, Mejor=137.6
2025-10-20 09:51:59,231 - DEBUG - Iter 22200: T=2.39, Fitness_actual=112.6, Mejor=137.6
2025-10-20 09:52:05,878 - DEBUG - Iter 22300: T=2.39, Fitness_actual=119.3, Mejor=137.6
2025-10-20 09:52:09,337 - WARNING - ⚠️  DEGRADACIÓN DETECTADA en iter 22350:
2025-10-20 09:52:09,337 - WARNING -    Mejor fitness: 137.6
2025-10-20 09:52:09,337 - WARNING -    Fitness promedio reciente: 112.3
2025-10-20 09:52:09,337 - WARNING -    Degradación: 25.3
2025-10-20 09:52:09,338 - WARNING -    🔄 RESTAURANDO mejor solución...
2025-10-20 09:52:12,682 - DEBUG - Iter 22400: T=2.38, Fitness_actual=134.4, Mejor=137.6
2025-10-20 09:52:19,674 - INFO -   Iter 22500 | Tiempo:   19.3min ( 8.0%) | T =     2.38 | Fitness =    122.7 | Mejor =    137.6 | Aceptación =  82.1%
2025-10-20 09:52:19,674 - INFO - Progreso iter 22500: T=2.38, Fitness=122.7, Mejor=137.6, Tasa_acept=82.1%
2025-10-20 09:52:19,676 - DEBUG - Iter 22500: T=2.38, Fitness_actual=122.7, Mejor=137.6
2025-10-20 09:52:22,990 - WARNING - ⚠️  DEGRADACIÓN DETECTADA en iter 22550:
2025-10-20 09:52:22,990 - WARNING -    Mejor fitness: 137.6
2025-10-20 09:52:22,990 - WARNING -    Fitness promedio reciente: 116.3
2025-10-20 09:52:22,991 - WARNING -    Degradación: 21.3
2025-10-20 09:52:22,991 - WARNING -    🔄 RESTAURANDO mejor solución...
2025-10-20 09:52:26,385 - DEBUG - Iter 22600: T=2.38, Fitness_actual=132.6, Mejor=137.6
2025-10-20 09:52:27,486 - INFO - Iter 22616: Aceptada solución con delta=-10.0 (T=2.38)
2025-10-20 09:52:27,486 - INFO -   📊 Desglose del cambio:
2025-10-20 09:52:27,486 - INFO -      Puntos: -6 → 15950 total
2025-10-20 09:52:27,486 - INFO -      Tiempo: -162.3min → 13804.1min total
2025-10-20 09:52:27,487 - INFO -      Distancia: -7.7km → 146.6km total
2025-10-20 09:52:33,441 - DEBUG - Iter 22700: T=2.37, Fitness_actual=122.1, Mejor=137.6
2025-10-20 09:52:40,200 - DEBUG - Iter 22800: T=2.37, Fitness_actual=119.5, Mejor=137.6
2025-10-20 09:52:47,108 - WARNING - ⚠️  DEGRADACIÓN DETECTADA en iter 22900:
2025-10-20 09:52:47,108 - WARNING -    Mejor fitness: 137.6
2025-10-20 09:52:47,109 - WARNING -    Fitness promedio reciente: 108.9
2025-10-20 09:52:47,109 - WARNING -    Degradación: 28.7
2025-10-20 09:52:47,109 - WARNING -    🔄 RESTAURANDO mejor solución...
2025-10-20 09:52:47,110 - DEBUG - Iter 22900: T=2.37, Fitness_actual=137.6, Mejor=137.6
2025-10-20 09:52:53,263 - INFO -   Iter 23000 | Tiempo:   19.8min ( 8.3%) | T =     2.36 | Fitness =    114.2 | Mejor =    137.6 | Aceptación =  82.0%
2025-10-20 09:52:53,263 - INFO - Progreso iter 23000: T=2.36, Fitness=114.2, Mejor=137.6, Tasa_acept=82.0%
2025-10-20 09:52:53,263 - WARNING - ⚠️  DEGRADACIÓN DETECTADA en iter 23000:
2025-10-20 09:52:53,264 - WARNING -    Mejor fitness: 137.6
2025-10-20 09:52:53,264 - WARNING -    Fitness promedio reciente: 113.5
2025-10-20 09:52:53,264 - WARNING -    Degradación: 24.2
2025-10-20 09:52:53,264 - WARNING -    🔄 RESTAURANDO mejor solución...
2025-10-20 09:52:53,267 - DEBUG - Iter 23000: T=2.36, Fitness_actual=137.6, Mejor=137.6
2025-10-20 09:52:53,876 - INFO - 🌟 MEJORA #160 en iter 23010: Fitness=138.5 (+0.9), Puntos=15997
2025-10-20 09:52:53,876 - INFO -   ✨ Mejora #160 en iteración 23011: Fitness = 138.5 | Puntos = 15997 | T = 2.36
2025-10-20 09:52:59,362 - DEBUG - Iter 23100: T=2.36, Fitness_actual=121.8, Mejor=138.5
2025-10-20 09:53:05,975 - WARNING - ⚠️  DEGRADACIÓN DETECTADA en iter 23200:
2025-10-20 09:53:05,975 - WARNING -    Mejor fitness: 138.5
2025-10-20 09:53:05,975 - WARNING -    Fitness promedio reciente: 118.1
2025-10-20 09:53:05,975 - WARNING -    Degradación: 20.5
2025-10-20 09:53:05,975 - WARNING -    🔄 RESTAURANDO mejor solución...
2025-10-20 09:53:05,977 - DEBUG - Iter 23200: T=2.36, Fitness_actual=138.5, Mejor=138.5
2025-10-20 09:53:06,040 - INFO - 🌟 MEJORA #161 en iter 23201: Fitness=138.5 (+0.0), Puntos=15997
2025-10-20 09:53:06,237 - INFO - 🌟 MEJORA #162 en iter 23204: Fitness=138.5 (+0.0), Puntos=15998
2025-10-20 09:53:06,497 - INFO - 🌟 MEJORA #163 en iter 23208: Fitness=138.6 (+0.1), Puntos=16006
2025-10-20 09:53:06,562 - INFO - 🌟 MEJORA #164 en iter 23209: Fitness=138.7 (+0.1), Puntos=16015
2025-10-20 09:53:06,755 - INFO - 🌟 MEJORA #165 en iter 23212: Fitness=138.7 (+0.0), Puntos=16015
2025-10-20 09:53:06,755 - INFO -   ✨ Mejora #165 en iteración 23213: Fitness = 138.7 | Puntos = 16015 | T = 2.36
2025-10-20 09:53:06,954 - INFO - 🌟 MEJORA #166 en iter 23215: Fitness=138.7 (+0.0), Puntos=16015
2025-10-20 09:53:07,288 - INFO - 🌟 MEJORA #167 en iter 23220: Fitness=138.7 (+0.0), Puntos=16015
2025-10-20 09:53:12,459 - DEBUG - Iter 23300: T=2.35, Fitness_actual=127.5, Mejor=138.7
2025-10-20 09:53:19,145 - WARNING - ⚠️  DEGRADACIÓN DETECTADA en iter 23400:
2025-10-20 09:53:19,145 - WARNING -    Mejor fitness: 138.7
2025-10-20 09:53:19,145 - WARNING -    Fitness promedio reciente: 116.2
2025-10-20 09:53:19,145 - WARNING -    Degradación: 22.5
2025-10-20 09:53:19,145 - WARNING -    🔄 RESTAURANDO mejor solución...
2025-10-20 09:53:19,147 - DEBUG - Iter 23400: T=2.35, Fitness_actual=138.7, Mejor=138.7
2025-10-20 09:53:25,480 - INFO -   Iter 23500 | Tiempo:   20.4min ( 8.5%) | T =     2.35 | Fitness =    121.0 | Mejor =    138.7 | Aceptación =  81.9%
2025-10-20 09:53:25,480 - INFO - Progreso iter 23500: T=2.35, Fitness=121.0, Mejor=138.7, Tasa_acept=81.9%
2025-10-20 09:53:25,482 - DEBUG - Iter 23500: T=2.35, Fitness_actual=121.0, Mejor=138.7
2025-10-20 09:53:31,765 - DEBUG - Iter 23600: T=2.35, Fitness_actual=120.4, Mejor=138.7
2025-10-20 09:53:34,829 - WARNING - ⚠️  DEGRADACIÓN DETECTADA en iter 23650:
2025-10-20 09:53:34,829 - WARNING -    Mejor fitness: 138.7
2025-10-20 09:53:34,829 - WARNING -    Fitness promedio reciente: 116.0
2025-10-20 09:53:34,829 - WARNING -    Degradación: 22.7
2025-10-20 09:53:34,830 - WARNING -    🔄 RESTAURANDO mejor solución...
2025-10-20 09:53:34,893 - INFO - 🌟 MEJORA #168 en iter 23651: Fitness=138.7 (+0.0), Puntos=16018
2025-10-20 09:53:37,866 - DEBUG - Iter 23700: T=2.34, Fitness_actual=128.5, Mejor=138.7
2025-10-20 09:53:43,978 - DEBUG - Iter 23800: T=2.34, Fitness_actual=120.3, Mejor=138.7
2025-10-20 09:53:47,133 - WARNING - ⚠️  DEGRADACIÓN DETECTADA en iter 23850:
2025-10-20 09:53:47,133 - WARNING -    Mejor fitness: 138.7
2025-10-20 09:53:47,133 - WARNING -    Fitness promedio reciente: 112.8
2025-10-20 09:53:47,133 - WARNING -    Degradación: 25.9
2025-10-20 09:53:47,133 - WARNING -    🔄 RESTAURANDO mejor solución...
2025-10-20 09:53:50,232 - DEBUG - Iter 23900: T=2.34, Fitness_actual=127.2, Mejor=138.7
2025-10-20 09:53:56,465 - INFO -   Iter 24000 | Tiempo:   20.9min ( 8.7%) | T =     2.33 | Fitness =    119.7 | Mejor =    138.7 | Aceptación =  81.8%
2025-10-20 09:53:56,465 - INFO - Progreso iter 24000: T=2.33, Fitness=119.7, Mejor=138.7, Tasa_acept=81.8%
2025-10-20 09:53:56,466 - WARNING - ⚠️  DEGRADACIÓN DETECTADA en iter 24000:
2025-10-20 09:53:56,466 - WARNING -    Mejor fitness: 138.7
2025-10-20 09:53:56,466 - WARNING -    Fitness promedio reciente: 117.6
2025-10-20 09:53:56,466 - WARNING -    Degradación: 21.1
2025-10-20 09:53:56,466 - WARNING -    🔄 RESTAURANDO mejor solución...
2025-10-20 09:53:56,467 - DEBUG - Iter 24000: T=2.33, Fitness_actual=138.7, Mejor=138.7
2025-10-20 09:53:56,959 - INFO - 🌟 MEJORA #169 en iter 24008: Fitness=138.7 (+0.0), Puntos=16017
2025-10-20 09:53:58,136 - INFO - 🌟 MEJORA #170 en iter 24027: Fitness=138.7 (+0.0), Puntos=16019
2025-10-20 09:53:58,136 - INFO -   ✨ Mejora #170 en iteración 24028: Fitness = 138.7 | Puntos = 16019 | T = 2.33
2025-10-20 09:54:02,653 - DEBUG - Iter 24100: T=2.33, Fitness_actual=134.4, Mejor=138.7
2025-10-20 09:54:08,902 - WARNING - ⚠️  DEGRADACIÓN DETECTADA en iter 24200:
2025-10-20 09:54:08,902 - WARNING -    Mejor fitness: 138.7
2025-10-20 09:54:08,902 - WARNING -    Fitness promedio reciente: 116.9
2025-10-20 09:54:08,902 - WARNING -    Degradación: 21.8
2025-10-20 09:54:08,902 - WARNING -    🔄 RESTAURANDO mejor solución...
2025-10-20 09:54:08,906 - DEBUG - Iter 24200: T=2.33, Fitness_actual=138.7, Mejor=138.7
2025-10-20 09:54:15,138 - DEBUG - Iter 24300: T=2.33, Fitness_actual=122.0, Mejor=138.7
2025-10-20 09:54:21,353 - DEBUG - Iter 24400: T=2.32, Fitness_actual=118.6, Mejor=138.7
2025-10-20 09:54:27,611 - INFO -   Iter 24500 | Tiempo:   21.4min ( 8.9%) | T =     2.32 | Fitness =    113.2 | Mejor =    138.7 | Aceptación =  81.7%
2025-10-20 09:54:27,611 - INFO - Progreso iter 24500: T=2.32, Fitness=113.2, Mejor=138.7, Tasa_acept=81.7%
2025-10-20 09:54:27,614 - DEBUG - Iter 24500: T=2.32, Fitness_actual=113.2, Mejor=138.7
2025-10-20 09:54:30,752 - WARNING - ⚠️  DEGRADACIÓN DETECTADA en iter 24550:
2025-10-20 09:54:30,753 - WARNING -    Mejor fitness: 138.7
2025-10-20 09:54:30,753 - WARNING -    Fitness promedio reciente: 118.5
2025-10-20 09:54:30,753 - WARNING -    Degradación: 20.2
2025-10-20 09:54:30,753 - WARNING -    🔄 RESTAURANDO mejor solución...
2025-10-20 09:54:30,754 - INFO - 🌟 MEJORA #171 en iter 24550: Fitness=138.7 (+0.0), Puntos=16019
2025-10-20 09:54:31,251 - INFO - 🌟 MEJORA #172 en iter 24558: Fitness=138.7 (+0.0), Puntos=16019
2025-10-20 09:54:33,841 - DEBUG - Iter 24600: T=2.32, Fitness_actual=130.2, Mejor=138.7
2025-10-20 09:54:40,092 - DEBUG - Iter 24700: T=2.31, Fitness_actual=121.2, Mejor=138.7
2025-10-20 09:54:46,282 - DEBUG - Iter 24800: T=2.31, Fitness_actual=111.8, Mejor=138.7
2025-10-20 09:54:49,407 - WARNING - ⚠️  DEGRADACIÓN DETECTADA en iter 24850:
2025-10-20 09:54:49,408 - WARNING -    Mejor fitness: 138.7
2025-10-20 09:54:49,408 - WARNING -    Fitness promedio reciente: 115.3
2025-10-20 09:54:49,408 - WARNING -    Degradación: 23.5
2025-10-20 09:54:49,408 - WARNING -    🔄 RESTAURANDO mejor solución...
2025-10-20 09:54:52,521 - DEBUG - Iter 24900: T=2.31, Fitness_actual=124.7, Mejor=138.7
2025-10-20 09:54:58,791 - INFO -   Iter 25000 | Tiempo:   21.9min ( 9.1%) | T =     2.31 | Fitness =    112.2 | Mejor =    138.7 | Aceptación =  81.6%
2025-10-20 09:54:58,791 - INFO - Progreso iter 25000: T=2.31, Fitness=112.2, Mejor=138.7, Tasa_acept=81.6%
2025-10-20 09:54:58,791 - WARNING - ⚠️  DEGRADACIÓN DETECTADA en iter 25000:
2025-10-20 09:54:58,791 - WARNING -    Mejor fitness: 138.7
2025-10-20 09:54:58,792 - WARNING -    Fitness promedio reciente: 114.8
2025-10-20 09:54:58,792 - WARNING -    Degradación: 24.0
2025-10-20 09:54:58,792 - WARNING -    🔄 RESTAURANDO mejor solución...
2025-10-20 09:54:58,793 - DEBUG - Iter 25000: T=2.31, Fitness_actual=138.7, Mejor=138.7
2025-10-20 09:54:58,793 - INFO - 🌟 MEJORA #173 en iter 25000: Fitness=138.7 (+0.0), Puntos=16019
2025-10-20 09:55:05,101 - DEBUG - Iter 25100: T=2.30, Fitness_actual=120.1, Mejor=138.7
2025-10-20 09:55:11,415 - DEBUG - Iter 25200: T=2.30, Fitness_actual=120.0, Mejor=138.7
2025-10-20 09:55:14,564 - WARNING - ⚠️  DEGRADACIÓN DETECTADA en iter 25250:
2025-10-20 09:55:14,565 - WARNING -    Mejor fitness: 138.7
2025-10-20 09:55:14,565 - WARNING -    Fitness promedio reciente: 115.1
2025-10-20 09:55:14,565 - WARNING -    Degradación: 23.6
2025-10-20 09:55:14,565 - WARNING -    🔄 RESTAURANDO mejor solución...
2025-10-20 09:55:17,696 - DEBUG - Iter 25300: T=2.30, Fitness_actual=116.8, Mejor=138.7
2025-10-20 09:55:20,865 - WARNING - ⚠️  DEGRADACIÓN DETECTADA en iter 25350:
2025-10-20 09:55:20,865 - WARNING -    Mejor fitness: 138.7
2025-10-20 09:55:20,865 - WARNING -    Fitness promedio reciente: 116.4
2025-10-20 09:55:20,865 - WARNING -    Degradación: 22.3
2025-10-20 09:55:20,866 - WARNING -    🔄 RESTAURANDO mejor solución...
2025-10-20 09:55:23,994 - DEBUG - Iter 25400: T=2.29, Fitness_actual=122.4, Mejor=138.7
2025-10-20 09:55:30,321 - INFO -   Iter 25500 | Tiempo:   22.4min ( 9.4%) | T =     2.29 | Fitness =    107.6 | Mejor =    138.7 | Aceptación =  81.6%
2025-10-20 09:55:30,322 - INFO - Progreso iter 25500: T=2.29, Fitness=107.6, Mejor=138.7, Tasa_acept=81.6%
2025-10-20 09:55:30,322 - WARNING - ⚠️  DEGRADACIÓN DETECTADA en iter 25500:
2025-10-20 09:55:30,322 - WARNING -    Mejor fitness: 138.7
2025-10-20 09:55:30,322 - WARNING -    Fitness promedio reciente: 109.2
2025-10-20 09:55:30,322 - WARNING -    Degradación: 29.6
2025-10-20 09:55:30,323 - WARNING -    🔄 RESTAURANDO mejor solución...
2025-10-20 09:55:30,324 - DEBUG - Iter 25500: T=2.29, Fitness_actual=138.7, Mejor=138.7
2025-10-20 09:55:30,392 - INFO - 🌟 MEJORA #174 en iter 25501: Fitness=138.7 (+0.0), Puntos=16019
2025-10-20 09:55:31,229 - INFO - 🌟 MEJORA #175 en iter 25514: Fitness=138.8 (+0.0), Puntos=16022
2025-10-20 09:55:31,229 - INFO -   ✨ Mejora #175 en iteración 25515: Fitness = 138.8 | Puntos = 16022 | T = 2.29
2025-10-20 09:55:36,719 - DEBUG - Iter 25600: T=2.29, Fitness_actual=121.3, Mejor=138.8
2025-10-20 09:55:43,088 - DEBUG - Iter 25700: T=2.28, Fitness_actual=120.9, Mejor=138.8
2025-10-20 09:55:49,464 - WARNING - ⚠️  DEGRADACIÓN DETECTADA en iter 25800:
2025-10-20 09:55:49,464 - WARNING -    Mejor fitness: 138.8
2025-10-20 09:55:49,464 - WARNING -    Fitness promedio reciente: 113.4
2025-10-20 09:55:49,465 - WARNING -    Degradación: 25.3
2025-10-20 09:55:49,465 - WARNING -    🔄 RESTAURANDO mejor solución...
2025-10-20 09:55:49,466 - DEBUG - Iter 25800: T=2.28, Fitness_actual=138.8, Mejor=138.8
2025-10-20 09:55:49,466 - INFO - 🌟 MEJORA #176 en iter 25800: Fitness=138.8 (+0.0), Puntos=16022
2025-10-20 09:55:49,722 - INFO - 🌟 MEJORA #177 en iter 25804: Fitness=139.8 (+1.0), Puntos=16022
2025-10-20 09:55:55,839 - DEBUG - Iter 25900: T=2.28, Fitness_actual=118.6, Mejor=139.8
2025-10-20 09:55:58,999 - WARNING - ⚠️  DEGRADACIÓN DETECTADA en iter 25950:
2025-10-20 09:55:58,999 - WARNING -    Mejor fitness: 139.8
2025-10-20 09:55:59,000 - WARNING -    Fitness promedio reciente: 113.9
2025-10-20 09:55:59,000 - WARNING -    Degradación: 25.8
2025-10-20 09:55:59,000 - WARNING -    🔄 RESTAURANDO mejor solución...
2025-10-20 09:56:02,235 - INFO -   Iter 26000 | Tiempo:   23.0min ( 9.6%) | T =     2.28 | Fitness =    128.8 | Mejor =    139.8 | Aceptación =  81.5%
2025-10-20 09:56:02,235 - INFO - Progreso iter 26000: T=2.28, Fitness=128.8, Mejor=139.8, Tasa_acept=81.5%
2025-10-20 09:56:02,237 - DEBUG - Iter 26000: T=2.28, Fitness_actual=128.8, Mejor=139.8
2025-10-20 09:56:08,666 - WARNING - ⚠️  DEGRADACIÓN DETECTADA en iter 26100:
2025-10-20 09:56:08,666 - WARNING -    Mejor fitness: 139.8
2025-10-20 09:56:08,666 - WARNING -    Fitness promedio reciente: 117.5
2025-10-20 09:56:08,666 - WARNING -    Degradación: 22.3
2025-10-20 09:56:08,667 - WARNING -    🔄 RESTAURANDO mejor solución...
2025-10-20 09:56:08,668 - DEBUG - Iter 26100: T=2.27, Fitness_actual=139.8, Mejor=139.8
2025-10-20 09:56:08,731 - INFO - 🌟 MEJORA #178 en iter 26101: Fitness=139.8 (+0.0), Puntos=16022
2025-10-20 09:56:08,859 - INFO - 🌟 MEJORA #179 en iter 26103: Fitness=139.8 (+0.0), Puntos=16023
2025-10-20 09:56:08,923 - INFO - 🌟 MEJORA #180 en iter 26104: Fitness=139.8 (+0.0), Puntos=16026
2025-10-20 09:56:08,923 - INFO -   ✨ Mejora #180 en iteración 26105: Fitness = 139.8 | Puntos = 16026 | T = 2.27
2025-10-20 09:56:09,113 - INFO - 🌟 MEJORA #181 en iter 26107: Fitness=139.8 (+0.0), Puntos=16026
2025-10-20 09:56:15,108 - DEBUG - Iter 26200: T=2.27, Fitness_actual=119.6, Mejor=139.8
2025-10-20 09:56:18,381 - WARNING - ⚠️  DEGRADACIÓN DETECTADA en iter 26250:
2025-10-20 09:56:18,381 - WARNING -    Mejor fitness: 139.8
2025-10-20 09:56:18,381 - WARNING -    Fitness promedio reciente: 117.9
2025-10-20 09:56:18,381 - WARNING -    Degradación: 21.9
2025-10-20 09:56:18,382 - WARNING -    🔄 RESTAURANDO mejor solución...
2025-10-20 09:56:18,641 - INFO - 🌟 MEJORA #182 en iter 26254: Fitness=139.8 (+0.0), Puntos=16026
2025-10-20 09:56:18,770 - INFO - 🌟 MEJORA #183 en iter 26256: Fitness=139.8 (+0.0), Puntos=16026
2025-10-20 09:56:18,898 - INFO - 🌟 MEJORA #184 en iter 26258: Fitness=139.8 (+0.0), Puntos=16027
2025-10-20 09:56:21,593 - DEBUG - Iter 26300: T=2.27, Fitness_actual=137.3, Mejor=139.8
2025-10-20 09:56:28,147 - DEBUG - Iter 26400: T=2.26, Fitness_actual=124.8, Mejor=139.8
2025-10-20 09:56:34,686 - INFO -   Iter 26500 | Tiempo:   23.5min ( 9.8%) | T =     2.26 | Fitness =    112.3 | Mejor =    139.8 | Aceptación =  81.5%
2025-10-20 09:56:34,686 - INFO - Progreso iter 26500: T=2.26, Fitness=112.3, Mejor=139.8, Tasa_acept=81.5%
2025-10-20 09:56:34,686 - WARNING - ⚠️  DEGRADACIÓN DETECTADA en iter 26500:
2025-10-20 09:56:34,686 - WARNING -    Mejor fitness: 139.8
2025-10-20 09:56:34,686 - WARNING -    Fitness promedio reciente: 117.9
2025-10-20 09:56:34,686 - WARNING -    Degradación: 21.9
2025-10-20 09:56:34,687 - WARNING -    🔄 RESTAURANDO mejor solución...
2025-10-20 09:56:34,688 - DEBUG - Iter 26500: T=2.26, Fitness_actual=139.8, Mejor=139.8
2025-10-20 09:56:41,155 - DEBUG - Iter 26600: T=2.26, Fitness_actual=120.5, Mejor=139.8
2025-10-20 09:56:47,577 - DEBUG - Iter 26700: T=2.26, Fitness_actual=122.5, Mejor=139.8
2025-10-20 09:56:50,790 - WARNING - ⚠️  DEGRADACIÓN DETECTADA en iter 26750:
2025-10-20 09:56:50,790 - WARNING -    Mejor fitness: 139.8
2025-10-20 09:56:50,790 - WARNING -    Fitness promedio reciente: 116.8
2025-10-20 09:56:50,790 - WARNING -    Degradación: 23.0
2025-10-20 09:56:50,790 - WARNING -    🔄 RESTAURANDO mejor solución...
2025-10-20 09:56:50,921 - INFO - 🌟 MEJORA #185 en iter 26752: Fitness=140.1 (+0.2), Puntos=16052
2025-10-20 09:56:50,921 - INFO -   ✨ Mejora #185 en iteración 26753: Fitness = 140.1 | Puntos = 16052 | T = 2.25
2025-10-20 09:56:51,053 - INFO - 🌟 MEJORA #186 en iter 26754: Fitness=140.1 (+0.0), Puntos=16052
2025-10-20 09:56:54,024 - DEBUG - Iter 26800: T=2.25, Fitness_actual=132.3, Mejor=140.1
2025-10-20 09:57:00,502 - DEBUG - Iter 26900: T=2.25, Fitness_actual=117.7, Mejor=140.1
2025-10-20 09:57:03,805 - WARNING - ⚠️  DEGRADACIÓN DETECTADA en iter 26950:
2025-10-20 09:57:03,805 - WARNING -    Mejor fitness: 140.1
2025-10-20 09:57:03,805 - WARNING -    Fitness promedio reciente: 117.5
2025-10-20 09:57:03,805 - WARNING -    Degradación: 22.6
2025-10-20 09:57:03,805 - WARNING -    🔄 RESTAURANDO mejor solución...
2025-10-20 09:57:07,112 - INFO -   Iter 27000 | Tiempo:   24.1min (10.0%) | T =     2.25 | Fitness =    130.1 | Mejor =    140.1 | Aceptación =  81.3%
2025-10-20 09:57:07,112 - INFO - Progreso iter 27000: T=2.25, Fitness=130.1, Mejor=140.1, Tasa_acept=81.3%
2025-10-20 09:57:07,113 - DEBUG - Iter 27000: T=2.25, Fitness_actual=130.1, Mejor=140.1
2025-10-20 09:57:13,750 - DEBUG - Iter 27100: T=2.24, Fitness_actual=118.5, Mejor=140.1
2025-10-20 09:57:17,102 - WARNING - ⚠️  DEGRADACIÓN DETECTADA en iter 27150:
2025-10-20 09:57:17,102 - WARNING -    Mejor fitness: 140.1
2025-10-20 09:57:17,103 - WARNING -    Fitness promedio reciente: 119.8
2025-10-20 09:57:17,103 - WARNING -    Degradación: 20.2
2025-10-20 09:57:17,103 - WARNING -    🔄 RESTAURANDO mejor solución...
2025-10-20 09:57:17,170 - INFO - 🌟 MEJORA #187 en iter 27151: Fitness=140.1 (+0.0), Puntos=16052
2025-10-20 09:57:17,831 - INFO - 🌟 MEJORA #188 en iter 27161: Fitness=140.1 (+0.1), Puntos=16058
2025-10-20 09:57:17,962 - INFO - 🌟 MEJORA #189 en iter 27163: Fitness=140.1 (+0.0), Puntos=16058
2025-10-20 09:57:20,408 - DEBUG - Iter 27200: T=2.24, Fitness_actual=127.7, Mejor=140.1
2025-10-20 09:57:27,117 - WARNING - ⚠️  DEGRADACIÓN DETECTADA en iter 27300:
2025-10-20 09:57:27,117 - WARNING -    Mejor fitness: 140.1
2025-10-20 09:57:27,118 - WARNING -    Fitness promedio reciente: 105.1
2025-10-20 09:57:27,118 - WARNING -    Degradación: 35.1
2025-10-20 09:57:27,118 - WARNING -    🔄 RESTAURANDO mejor solución...
2025-10-20 09:57:27,119 - DEBUG - Iter 27300: T=2.24, Fitness_actual=140.1, Mejor=140.1
2025-10-20 09:57:34,248 - WARNING - ⚠️  DEGRADACIÓN DETECTADA en iter 27400:
2025-10-20 09:57:34,248 - WARNING -    Mejor fitness: 140.1
2025-10-20 09:57:34,249 - WARNING -    Fitness promedio reciente: 118.9
2025-10-20 09:57:34,249 - WARNING -    Degradación: 21.2
2025-10-20 09:57:34,249 - WARNING -    🔄 RESTAURANDO mejor solución...
2025-10-20 09:57:34,250 - DEBUG - Iter 27400: T=2.23, Fitness_actual=140.1, Mejor=140.1
2025-10-20 09:57:41,464 - INFO -   Iter 27500 | Tiempo:   24.6min (10.3%) | T =     2.23 | Fitness =    126.6 | Mejor =    140.1 | Aceptación =  81.1%
2025-10-20 09:57:41,465 - INFO - Progreso iter 27500: T=2.23, Fitness=126.6, Mejor=140.1, Tasa_acept=81.1%
2025-10-20 09:57:41,467 - DEBUG - Iter 27500: T=2.23, Fitness_actual=126.6, Mejor=140.1
2025-10-20 09:57:48,613 - DEBUG - Iter 27600: T=2.23, Fitness_actual=121.1, Mejor=140.1
2025-10-20 09:57:51,901 - WARNING - ⚠️  DEGRADACIÓN DETECTADA en iter 27650:
2025-10-20 09:57:51,901 - WARNING -    Mejor fitness: 140.1
2025-10-20 09:57:51,901 - WARNING -    Fitness promedio reciente: 119.9
2025-10-20 09:57:51,901 - WARNING -    Degradación: 20.2
2025-10-20 09:57:51,902 - WARNING -    🔄 RESTAURANDO mejor solución...
2025-10-20 09:57:51,969 - INFO - 🌟 MEJORA #190 en iter 27651: Fitness=140.1 (+0.0), Puntos=16058
2025-10-20 09:57:51,969 - INFO -   ✨ Mejora #190 en iteración 27652: Fitness = 140.1 | Puntos = 16058 | T = 2.23
2025-10-20 09:57:55,169 - DEBUG - Iter 27700: T=2.23, Fitness_actual=130.3, Mejor=140.1
2025-10-20 09:58:01,674 - DEBUG - Iter 27800: T=2.22, Fitness_actual=114.4, Mejor=140.1
2025-10-20 09:58:04,925 - WARNING - ⚠️  DEGRADACIÓN DETECTADA en iter 27850:
2025-10-20 09:58:04,925 - WARNING -    Mejor fitness: 140.1
2025-10-20 09:58:04,925 - WARNING -    Fitness promedio reciente: 114.0
2025-10-20 09:58:04,925 - WARNING -    Degradación: 26.1
2025-10-20 09:58:04,925 - WARNING -    🔄 RESTAURANDO mejor solución...
2025-10-20 09:58:08,195 - DEBUG - Iter 27900: T=2.22, Fitness_actual=136.1, Mejor=140.1
2025-10-20 09:58:14,722 - INFO -   Iter 28000 | Tiempo:   25.2min (10.5%) | T =     2.22 | Fitness =    115.4 | Mejor =    140.1 | Aceptación =  81.0%
2025-10-20 09:58:14,722 - INFO - Progreso iter 28000: T=2.22, Fitness=115.4, Mejor=140.1, Tasa_acept=81.0%
2025-10-20 09:58:14,725 - DEBUG - Iter 28000: T=2.22, Fitness_actual=115.4, Mejor=140.1
2025-10-20 09:58:18,017 - WARNING - ⚠️  DEGRADACIÓN DETECTADA en iter 28050:
2025-10-20 09:58:18,017 - WARNING -    Mejor fitness: 140.1
2025-10-20 09:58:18,017 - WARNING -    Fitness promedio reciente: 115.8
2025-10-20 09:58:18,017 - WARNING -    Degradación: 24.4
2025-10-20 09:58:18,017 - WARNING -    🔄 RESTAURANDO mejor solución...
2025-10-20 09:58:21,296 - DEBUG - Iter 28100: T=2.21, Fitness_actual=135.6, Mejor=140.1
2025-10-20 09:58:27,892 - DEBUG - Iter 28200: T=2.21, Fitness_actual=122.0, Mejor=140.1
2025-10-20 09:58:31,196 - WARNING - ⚠️  DEGRADACIÓN DETECTADA en iter 28250:
2025-10-20 09:58:31,197 - WARNING -    Mejor fitness: 140.1
2025-10-20 09:58:31,197 - WARNING -    Fitness promedio reciente: 119.2
2025-10-20 09:58:31,197 - WARNING -    Degradación: 20.9
2025-10-20 09:58:31,197 - WARNING -    🔄 RESTAURANDO mejor solución...
2025-10-20 09:58:31,198 - INFO - 🌟 MEJORA #191 en iter 28250: Fitness=140.1 (+0.0), Puntos=16058
2025-10-20 09:58:31,403 - INFO - 🌟 MEJORA #192 en iter 28253: Fitness=140.1 (+0.0), Puntos=16058
2025-10-20 09:58:31,468 - INFO - 🌟 MEJORA #193 en iter 28254: Fitness=140.1 (+0.0), Puntos=16058
2025-10-20 09:58:34,476 - DEBUG - Iter 28300: T=2.21, Fitness_actual=134.5, Mejor=140.1
2025-10-20 09:58:41,074 - DEBUG - Iter 28400: T=2.21, Fitness_actual=119.4, Mejor=140.1
2025-10-20 09:58:44,374 - WARNING - ⚠️  DEGRADACIÓN DETECTADA en iter 28450:
2025-10-20 09:58:44,374 - WARNING -    Mejor fitness: 140.1
2025-10-20 09:58:44,374 - WARNING -    Fitness promedio reciente: 115.4
2025-10-20 09:58:44,375 - WARNING -    Degradación: 24.7
2025-10-20 09:58:44,375 - WARNING -    🔄 RESTAURANDO mejor solución...
2025-10-20 09:58:47,742 - INFO -   Iter 28500 | Tiempo:   25.7min (10.7%) | T =     2.20 | Fitness =    130.0 | Mejor =    140.1 | Aceptación =  81.0%
2025-10-20 09:58:47,742 - INFO - Progreso iter 28500: T=2.20, Fitness=130.0, Mejor=140.1, Tasa_acept=81.0%
2025-10-20 09:58:47,743 - DEBUG - Iter 28500: T=2.20, Fitness_actual=130.0, Mejor=140.1
2025-10-20 09:58:54,574 - DEBUG - Iter 28600: T=2.20, Fitness_actual=122.7, Mejor=140.1
2025-10-20 09:59:02,036 - DEBUG - Iter 28700: T=2.20, Fitness_actual=117.5, Mejor=140.1
2025-10-20 09:59:05,908 - WARNING - ⚠️  DEGRADACIÓN DETECTADA en iter 28750:
2025-10-20 09:59:05,908 - WARNING -    Mejor fitness: 140.1
2025-10-20 09:59:05,909 - WARNING -    Fitness promedio reciente: 118.4
2025-10-20 09:59:05,909 - WARNING -    Degradación: 21.7
2025-10-20 09:59:05,909 - WARNING -    🔄 RESTAURANDO mejor solución...
2025-10-20 09:59:06,065 - INFO - 🌟 MEJORA #194 en iter 28752: Fitness=140.6 (+0.4), Puntos=16103
2025-10-20 09:59:06,139 - INFO - 🌟 MEJORA #195 en iter 28753: Fitness=140.6 (+0.0), Puntos=16103
2025-10-20 09:59:06,140 - INFO -   ✨ Mejora #195 en iteración 28754: Fitness = 140.6 | Puntos = 16103 | T = 2.19
2025-10-20 09:59:06,290 - INFO - 🌟 MEJORA #196 en iter 28755: Fitness=140.7 (+0.1), Puntos=16116
2025-10-20 09:59:06,512 - INFO - 🌟 MEJORA #197 en iter 28758: Fitness=140.7 (+0.0), Puntos=16117
2025-10-20 09:59:06,662 - INFO - 🌟 MEJORA #198 en iter 28760: Fitness=140.7 (+0.0), Puntos=16117
2025-10-20 09:59:06,810 - INFO - 🌟 MEJORA #199 en iter 28762: Fitness=140.7 (+0.0), Puntos=16117
2025-10-20 09:59:07,265 - INFO - 🌟 MEJORA #200 en iter 28768: Fitness=140.7 (+0.0), Puntos=16117
2025-10-20 09:59:07,265 - INFO -   ✨ Mejora #200 en iteración 28769: Fitness = 140.7 | Puntos = 16117 | T = 2.19
2025-10-20 09:59:09,718 - DEBUG - Iter 28800: T=2.19, Fitness_actual=131.6, Mejor=140.7
2025-10-20 09:59:09,794 - WARNING - ================================================================================
2025-10-20 09:59:09,794 - WARNING - ⚠️  SALTO ANORMAL DETECTADO en iteración 28801
2025-10-20 09:59:09,795 - WARNING -    Fitness actual: 131.6
2025-10-20 09:59:09,795 - WARNING -    Fitness vecino: 103.6
2025-10-20 09:59:09,795 - WARNING -    Delta: -28.0
2025-10-20 09:59:09,795 - WARNING -    Temperatura: 2.19
2025-10-20 09:59:09,795 - WARNING -    Tipo perturbación aplicada: (ver generar_vecino)
2025-10-20 09:59:09,796 - WARNING -    Vecino - Puntos: 15513, Tiempo: 15651.5min, Distancia: 253.9km
2025-10-20 09:59:09,796 - WARNING -    Actual - Puntos: 16006, Tiempo: 14315.5min, Distancia: 143.4km
2025-10-20 09:59:09,796 - WARNING -    Validez restricciones - Vecino: False, Actual: False
2025-10-20 09:59:09,796 - WARNING - ================================================================================
2025-10-20 09:59:09,796 - WARNING - ⚠️  SALTO ANORMAL DETECTADO en iteración 28801
2025-10-20 09:59:09,796 - WARNING -    Fitness: 131.6 → 103.6 (Δ=-28.0)
2025-10-20 09:59:09,797 - WARNING -    Ver detalles en archivo de log
2025-10-20 09:59:17,357 - DEBUG - Iter 28900: T=2.19, Fitness_actual=124.0, Mejor=140.7
2025-10-20 09:59:24,901 - INFO -   Iter 29000 | Tiempo:   26.4min (11.0%) | T =     2.19 | Fitness =    123.7 | Mejor =    140.7 | Aceptación =  80.9%
2025-10-20 09:59:24,902 - INFO - Progreso iter 29000: T=2.19, Fitness=123.7, Mejor=140.7, Tasa_acept=80.9%
2025-10-20 09:59:24,904 - DEBUG - Iter 29000: T=2.19, Fitness_actual=123.7, Mejor=140.7
2025-10-20 09:59:32,561 - DEBUG - Iter 29100: T=2.18, Fitness_actual=127.3, Mejor=140.7
2025-10-20 09:59:40,089 - DEBUG - Iter 29200: T=2.18, Fitness_actual=120.8, Mejor=140.7
2025-10-20 09:59:43,872 - WARNING - ⚠️  DEGRADACIÓN DETECTADA en iter 29250:
2025-10-20 09:59:43,872 - WARNING -    Mejor fitness: 140.7
2025-10-20 09:59:43,872 - WARNING -    Fitness promedio reciente: 116.5
2025-10-20 09:59:43,873 - WARNING -    Degradación: 24.2
2025-10-20 09:59:43,873 - WARNING -    🔄 RESTAURANDO mejor solución...
2025-10-20 09:59:47,654 - DEBUG - Iter 29300: T=2.18, Fitness_actual=132.3, Mejor=140.7
2025-10-20 09:59:55,283 - WARNING - ⚠️  DEGRADACIÓN DETECTADA en iter 29400:
2025-10-20 09:59:55,283 - WARNING -    Mejor fitness: 140.7
2025-10-20 09:59:55,284 - WARNING -    Fitness promedio reciente: 116.7
2025-10-20 09:59:55,284 - WARNING -    Degradación: 24.1
2025-10-20 09:59:55,284 - WARNING -    🔄 RESTAURANDO mejor solución...
2025-10-20 09:59:55,285 - DEBUG - Iter 29400: T=2.17, Fitness_actual=140.7, Mejor=140.7
2025-10-20 10:00:02,896 - INFO -   Iter 29500 | Tiempo:   27.0min (11.2%) | T =     2.17 | Fitness =    119.3 | Mejor =    140.7 | Aceptación =  80.7%
2025-10-20 10:00:02,897 - INFO - Progreso iter 29500: T=2.17, Fitness=119.3, Mejor=140.7, Tasa_acept=80.7%
2025-10-20 10:00:02,899 - DEBUG - Iter 29500: T=2.17, Fitness_actual=119.3, Mejor=140.7
2025-10-20 10:00:06,709 - WARNING - ⚠️  DEGRADACIÓN DETECTADA en iter 29550:
2025-10-20 10:00:06,709 - WARNING -    Mejor fitness: 140.7
2025-10-20 10:00:06,710 - WARNING -    Fitness promedio reciente: 119.4
2025-10-20 10:00:06,710 - WARNING -    Degradación: 21.3
2025-10-20 10:00:06,710 - WARNING -    🔄 RESTAURANDO mejor solución...
2025-10-20 10:00:10,521 - DEBUG - Iter 29600: T=2.17, Fitness_actual=134.7, Mejor=140.7
2025-10-20 10:00:18,174 - WARNING - ⚠️  DEGRADACIÓN DETECTADA en iter 29700:
2025-10-20 10:00:18,174 - WARNING -    Mejor fitness: 140.7
2025-10-20 10:00:18,175 - WARNING -    Fitness promedio reciente: 120.5
2025-10-20 10:00:18,175 - WARNING -    Degradación: 20.2
2025-10-20 10:00:18,175 - WARNING -    🔄 RESTAURANDO mejor solución...
2025-10-20 10:00:18,176 - DEBUG - Iter 29700: T=2.16, Fitness_actual=140.7, Mejor=140.7
2025-10-20 10:00:25,842 - DEBUG - Iter 29800: T=2.16, Fitness_actual=124.0, Mejor=140.7
2025-10-20 10:00:33,549 - DEBUG - Iter 29900: T=2.16, Fitness_actual=122.5, Mejor=140.7
2025-10-20 10:00:37,410 - WARNING - ⚠️  DEGRADACIÓN DETECTADA en iter 29950:
2025-10-20 10:00:37,410 - WARNING -    Mejor fitness: 140.7
2025-10-20 10:00:37,410 - WARNING -    Fitness promedio reciente: 119.2
2025-10-20 10:00:37,411 - WARNING -    Degradación: 21.5
2025-10-20 10:00:37,411 - WARNING -    🔄 RESTAURANDO mejor solución...
2025-10-20 10:00:41,246 - INFO -   Iter 30000 | Tiempo:   27.6min (11.5%) | T =     2.15 | Fitness =    123.4 | Mejor =    140.7 | Aceptación =  80.6%
2025-10-20 10:00:41,246 - INFO - Progreso iter 30000: T=2.15, Fitness=123.4, Mejor=140.7, Tasa_acept=80.6%
2025-10-20 10:00:41,247 - DEBUG - Iter 30000: T=2.15, Fitness_actual=123.4, Mejor=140.7
2025-10-20 10:00:45,088 - WARNING - ⚠️  DEGRADACIÓN DETECTADA en iter 30050:
2025-10-20 10:00:45,089 - WARNING -    Mejor fitness: 140.7
2025-10-20 10:00:45,089 - WARNING -    Fitness promedio reciente: 114.9
2025-10-20 10:00:45,089 - WARNING -    Degradación: 25.8
2025-10-20 10:00:45,089 - WARNING -    🔄 RESTAURANDO mejor solución...
2025-10-20 10:00:45,169 - INFO - 🌟 MEJORA #201 en iter 30051: Fitness=140.8 (+0.0), Puntos=16121
2025-10-20 10:00:48,930 - DEBUG - Iter 30100: T=2.15, Fitness_actual=129.6, Mejor=140.8
2025-10-20 10:00:56,601 - WARNING - ⚠️  DEGRADACIÓN DETECTADA en iter 30200:
2025-10-20 10:00:56,602 - WARNING -    Mejor fitness: 140.8
2025-10-20 10:00:56,602 - WARNING -    Fitness promedio reciente: 119.8
2025-10-20 10:00:56,602 - WARNING -    Degradación: 20.9
2025-10-20 10:00:56,602 - WARNING -    🔄 RESTAURANDO mejor solución...
2025-10-20 10:00:56,608 - DEBUG - Iter 30200: T=2.15, Fitness_actual=140.8, Mejor=140.8
2025-10-20 10:00:56,685 - INFO - 🌟 MEJORA #202 en iter 30201: Fitness=141.8 (+1.0), Puntos=16121
2025-10-20 10:01:03,506 - DEBUG - Iter 30300: T=2.14, Fitness_actual=124.6, Mejor=141.8
2025-10-20 10:01:10,390 - DEBUG - Iter 30400: T=2.14, Fitness_actual=121.8, Mejor=141.8
2025-10-20 10:01:17,315 - INFO -   Iter 30500 | Tiempo:   28.2min (11.8%) | T =     2.14 | Fitness =    113.2 | Mejor =    141.8 | Aceptación =  80.6%
2025-10-20 10:01:17,316 - INFO - Progreso iter 30500: T=2.14, Fitness=113.2, Mejor=141.8, Tasa_acept=80.6%
2025-10-20 10:01:17,316 - WARNING - ⚠️  DEGRADACIÓN DETECTADA en iter 30500:
2025-10-20 10:01:17,316 - WARNING -    Mejor fitness: 141.8
2025-10-20 10:01:17,316 - WARNING -    Fitness promedio reciente: 116.4
2025-10-20 10:01:17,316 - WARNING -    Degradación: 25.3
2025-10-20 10:01:17,317 - WARNING -    🔄 RESTAURANDO mejor solución...
2025-10-20 10:01:17,321 - DEBUG - Iter 30500: T=2.14, Fitness_actual=141.8, Mejor=141.8
2025-10-20 10:01:24,157 - DEBUG - Iter 30600: T=2.13, Fitness_actual=127.1, Mejor=141.8
2025-10-20 10:01:31,084 - WARNING - ⚠️  DEGRADACIÓN DETECTADA en iter 30700:
2025-10-20 10:01:31,084 - WARNING -    Mejor fitness: 141.8
2025-10-20 10:01:31,085 - WARNING -    Fitness promedio reciente: 117.1
2025-10-20 10:01:31,085 - WARNING -    Degradación: 24.7
2025-10-20 10:01:31,085 - WARNING -    🔄 RESTAURANDO mejor solución...
2025-10-20 10:01:31,089 - DEBUG - Iter 30700: T=2.13, Fitness_actual=141.8, Mejor=141.8
2025-10-20 10:01:38,113 - DEBUG - Iter 30800: T=2.13, Fitness_actual=128.0, Mejor=141.8
2025-10-20 10:01:45,191 - DEBUG - Iter 30900: T=2.13, Fitness_actual=123.5, Mejor=141.8
2025-10-20 10:01:48,694 - WARNING - ⚠️  DEGRADACIÓN DETECTADA en iter 30950:
2025-10-20 10:01:48,694 - WARNING -    Mejor fitness: 141.8
2025-10-20 10:01:48,695 - WARNING -    Fitness promedio reciente: 119.1
2025-10-20 10:01:48,695 - WARNING -    Degradación: 22.7
2025-10-20 10:01:48,695 - WARNING -    🔄 RESTAURANDO mejor solución...
2025-10-20 10:01:49,823 - WARNING - ================================================================================
2025-10-20 10:01:49,823 - WARNING - ⚠️  SALTO ANORMAL DETECTADO en iteración 30966
2025-10-20 10:01:49,823 - WARNING -    Fitness actual: 139.4
2025-10-20 10:01:49,823 - WARNING -    Fitness vecino: 119.0
2025-10-20 10:01:49,824 - WARNING -    Delta: -20.4
2025-10-20 10:01:49,824 - WARNING -    Temperatura: 2.12
2025-10-20 10:01:49,824 - WARNING -    Tipo perturbación aplicada: (ver generar_vecino)
2025-10-20 10:01:49,824 - WARNING -    Vecino - Puntos: 16074, Tiempo: 14912.1min, Distancia: 236.4km
2025-10-20 10:01:49,824 - WARNING -    Actual - Puntos: 16083, Tiempo: 13938.6min, Distancia: 150.3km
2025-10-20 10:01:49,824 - WARNING -    Validez restricciones - Vecino: False, Actual: False
2025-10-20 10:01:49,825 - WARNING - ================================================================================
2025-10-20 10:01:49,825 - WARNING - ⚠️  SALTO ANORMAL DETECTADO en iteración 30966
2025-10-20 10:01:49,825 - WARNING -    Fitness: 139.4 → 119.0 (Δ=-20.4)
2025-10-20 10:01:49,825 - WARNING -    Ver detalles en archivo de log
2025-10-20 10:01:52,359 - INFO -   Iter 31000 | Tiempo:   28.8min (12.0%) | T =     2.12 | Fitness =    136.6 | Mejor =    141.8 | Aceptación =  80.5%
2025-10-20 10:01:52,359 - INFO - Progreso iter 31000: T=2.12, Fitness=136.6, Mejor=141.8, Tasa_acept=80.5%
2025-10-20 10:01:52,361 - DEBUG - Iter 31000: T=2.12, Fitness_actual=136.6, Mejor=141.8
2025-10-20 10:02:00,236 - DEBUG - Iter 31100: T=2.12, Fitness_actual=122.8, Mejor=141.8
2025-10-20 10:02:04,186 - WARNING - ⚠️  DEGRADACIÓN DETECTADA en iter 31150:
2025-10-20 10:02:04,187 - WARNING -    Mejor fitness: 141.8
2025-10-20 10:02:04,187 - WARNING -    Fitness promedio reciente: 116.6
2025-10-20 10:02:04,187 - WARNING -    Degradación: 25.2
2025-10-20 10:02:04,187 - WARNING -    🔄 RESTAURANDO mejor solución...
2025-10-20 10:02:08,127 - DEBUG - Iter 31200: T=2.12, Fitness_actual=134.4, Mejor=141.8
2025-10-20 10:02:16,020 - WARNING - ⚠️  DEGRADACIÓN DETECTADA en iter 31300:
2025-10-20 10:02:16,020 - WARNING -    Mejor fitness: 141.8
2025-10-20 10:02:16,020 - WARNING -    Fitness promedio reciente: 115.3
2025-10-20 10:02:16,020 - WARNING -    Degradación: 26.4
2025-10-20 10:02:16,020 - WARNING -    🔄 RESTAURANDO mejor solución...
2025-10-20 10:02:16,023 - DEBUG - Iter 31300: T=2.11, Fitness_actual=141.8, Mejor=141.8
2025-10-20 10:02:23,893 - DEBUG - Iter 31400: T=2.11, Fitness_actual=121.6, Mejor=141.8
2025-10-20 10:02:27,853 - WARNING - ⚠️  DEGRADACIÓN DETECTADA en iter 31450:
2025-10-20 10:02:27,853 - WARNING -    Mejor fitness: 141.8
2025-10-20 10:02:27,854 - WARNING -    Fitness promedio reciente: 118.6
2025-10-20 10:02:27,854 - WARNING -    Degradación: 23.1
2025-10-20 10:02:27,854 - WARNING -    🔄 RESTAURANDO mejor solución...
2025-10-20 10:02:28,011 - INFO - 🌟 MEJORA #203 en iter 31452: Fitness=141.8 (+0.0), Puntos=16124
2025-10-20 10:02:31,771 - INFO -   Iter 31500 | Tiempo:   29.5min (12.3%) | T =     2.11 | Fitness =    128.0 | Mejor =    141.8 | Aceptación =  80.4%
2025-10-20 10:02:31,771 - INFO - Progreso iter 31500: T=2.11, Fitness=128.0, Mejor=141.8, Tasa_acept=80.4%
2025-10-20 10:02:31,772 - DEBUG - Iter 31500: T=2.11, Fitness_actual=128.0, Mejor=141.8
2025-10-20 10:02:39,751 - WARNING - ⚠️  DEGRADACIÓN DETECTADA en iter 31600:
2025-10-20 10:02:39,752 - WARNING -    Mejor fitness: 141.8
2025-10-20 10:02:39,752 - WARNING -    Fitness promedio reciente: 121.3
2025-10-20 10:02:39,752 - WARNING -    Degradación: 20.4
2025-10-20 10:02:39,752 - WARNING -    🔄 RESTAURANDO mejor solución...
2025-10-20 10:02:39,756 - DEBUG - Iter 31600: T=2.10, Fitness_actual=141.8, Mejor=141.8
2025-10-20 10:02:47,816 - WARNING - ⚠️  DEGRADACIÓN DETECTADA en iter 31700:
2025-10-20 10:02:47,816 - WARNING -    Mejor fitness: 141.8
2025-10-20 10:02:47,816 - WARNING -    Fitness promedio reciente: 116.5
2025-10-20 10:02:47,816 - WARNING -    Degradación: 25.2
2025-10-20 10:02:47,816 - WARNING -    🔄 RESTAURANDO mejor solución...
2025-10-20 10:02:47,817 - DEBUG - Iter 31700: T=2.10, Fitness_actual=141.8, Mejor=141.8
2025-10-20 10:02:47,994 - INFO - 🌟 MEJORA #204 en iter 31702: Fitness=141.8 (+0.0), Puntos=16125
2025-10-20 10:02:48,260 - INFO - 🌟 MEJORA #205 en iter 31705: Fitness=141.8 (+0.0), Puntos=16125
2025-10-20 10:02:48,260 - INFO -   ✨ Mejora #205 en iteración 31706: Fitness = 141.8 | Puntos = 16125 | T = 2.10
2025-10-20 10:02:48,339 - INFO - 🌟 MEJORA #206 en iter 31706: Fitness=141.9 (+0.1), Puntos=16138
2025-10-20 10:02:55,885 - DEBUG - Iter 31800: T=2.10, Fitness_actual=124.8, Mejor=141.9
2025-10-20 10:03:03,888 - WARNING - ⚠️  DEGRADACIÓN DETECTADA en iter 31900:
2025-10-20 10:03:03,888 - WARNING -    Mejor fitness: 141.9
2025-10-20 10:03:03,888 - WARNING -    Fitness promedio reciente: 115.0
2025-10-20 10:03:03,888 - WARNING -    Degradación: 26.9
2025-10-20 10:03:03,889 - WARNING -    🔄 RESTAURANDO mejor solución...
2025-10-20 10:03:03,892 - DEBUG - Iter 31900: T=2.09, Fitness_actual=141.9, Mejor=141.9
2025-10-20 10:03:12,226 - INFO -   Iter 32000 | Tiempo:   30.1min (12.6%) | T =     2.09 | Fitness =    124.2 | Mejor =    141.9 | Aceptación =  80.4%
2025-10-20 10:03:12,226 - INFO - Progreso iter 32000: T=2.09, Fitness=124.2, Mejor=141.9, Tasa_acept=80.4%
2025-10-20 10:03:12,228 - DEBUG - Iter 32000: T=2.09, Fitness_actual=124.2, Mejor=141.9
2025-10-20 10:03:20,507 - DEBUG - Iter 32100: T=2.09, Fitness_actual=122.2, Mejor=141.9
2025-10-20 10:03:24,531 - WARNING - ⚠️  DEGRADACIÓN DETECTADA en iter 32150:
2025-10-20 10:03:24,532 - WARNING -    Mejor fitness: 141.9
2025-10-20 10:03:24,532 - WARNING -    Fitness promedio reciente: 120.1
2025-10-20 10:03:24,532 - WARNING -    Degradación: 21.8
2025-10-20 10:03:24,532 - WARNING -    🔄 RESTAURANDO mejor solución...
2025-10-20 10:03:28,618 - DEBUG - Iter 32200: T=2.08, Fitness_actual=131.1, Mejor=141.9
2025-10-20 10:03:36,822 - WARNING - ⚠️  DEGRADACIÓN DETECTADA en iter 32300:
2025-10-20 10:03:36,822 - WARNING -    Mejor fitness: 141.9
2025-10-20 10:03:36,823 - WARNING -    Fitness promedio reciente: 121.8
2025-10-20 10:03:36,823 - WARNING -    Degradación: 20.1
2025-10-20 10:03:36,823 - WARNING -    🔄 RESTAURANDO mejor solución...
2025-10-20 10:03:36,826 - DEBUG - Iter 32300: T=2.08, Fitness_actual=141.9, Mejor=141.9
2025-10-20 10:03:36,905 - INFO - 🌟 MEJORA #207 en iter 32301: Fitness=141.9 (+0.0), Puntos=16138
2025-10-20 10:03:45,022 - DEBUG - Iter 32400: T=2.08, Fitness_actual=132.3, Mejor=141.9
2025-10-20 10:03:53,172 - INFO -   Iter 32500 | Tiempo:   30.8min (12.8%) | T =     2.07 | Fitness =    131.2 | Mejor =    141.9 | Aceptación =  80.3%
2025-10-20 10:03:53,172 - INFO - Progreso iter 32500: T=2.07, Fitness=131.2, Mejor=141.9, Tasa_acept=80.3%
2025-10-20 10:03:53,173 - DEBUG - Iter 32500: T=2.07, Fitness_actual=131.2, Mejor=141.9
2025-10-20 10:04:01,574 - WARNING - ⚠️  DEGRADACIÓN DETECTADA en iter 32600:
2025-10-20 10:04:01,574 - WARNING -    Mejor fitness: 141.9
2025-10-20 10:04:01,574 - WARNING -    Fitness promedio reciente: 115.7
2025-10-20 10:04:01,574 - WARNING -    Degradación: 26.2
2025-10-20 10:04:01,574 - WARNING -    🔄 RESTAURANDO mejor solución...
2025-10-20 10:04:01,579 - DEBUG - Iter 32600: T=2.07, Fitness_actual=141.9, Mejor=141.9
2025-10-20 10:04:10,496 - DEBUG - Iter 32700: T=2.07, Fitness_actual=126.2, Mejor=141.9
2025-10-20 10:04:19,460 - WARNING - ⚠️  DEGRADACIÓN DETECTADA en iter 32800:
2025-10-20 10:04:19,461 - WARNING -    Mejor fitness: 141.9
2025-10-20 10:04:19,461 - WARNING -    Fitness promedio reciente: 112.9
2025-10-20 10:04:19,461 - WARNING -    Degradación: 29.0
2025-10-20 10:04:19,461 - WARNING -    🔄 RESTAURANDO mejor solución...
2025-10-20 10:04:19,462 - DEBUG - Iter 32800: T=2.06, Fitness_actual=141.9, Mejor=141.9
2025-10-20 10:04:28,710 - DEBUG - Iter 32900: T=2.06, Fitness_actual=131.0, Mejor=141.9
2025-10-20 10:04:37,949 - INFO -   Iter 33000 | Tiempo:   31.6min (13.2%) | T =     2.05 | Fitness =    117.4 | Mejor =    141.9 | Aceptación =  80.2%
2025-10-20 10:04:37,949 - INFO - Progreso iter 33000: T=2.05, Fitness=117.4, Mejor=141.9, Tasa_acept=80.2%
2025-10-20 10:04:37,949 - WARNING - ⚠️  DEGRADACIÓN DETECTADA en iter 33000:
2025-10-20 10:04:37,949 - WARNING -    Mejor fitness: 141.9
2025-10-20 10:04:37,949 - WARNING -    Fitness promedio reciente: 116.2
2025-10-20 10:04:37,949 - WARNING -    Degradación: 25.7
2025-10-20 10:04:37,950 - WARNING -    🔄 RESTAURANDO mejor solución...
2025-10-20 10:04:37,951 - DEBUG - Iter 33000: T=2.05, Fitness_actual=141.9, Mejor=141.9
2025-10-20 10:04:47,223 - DEBUG - Iter 33100: T=2.05, Fitness_actual=124.0, Mejor=141.9
2025-10-20 10:04:51,782 - WARNING - ⚠️  DEGRADACIÓN DETECTADA en iter 33150:
2025-10-20 10:04:51,782 - WARNING -    Mejor fitness: 141.9
2025-10-20 10:04:51,782 - WARNING -    Fitness promedio reciente: 121.7
2025-10-20 10:04:51,782 - WARNING -    Degradación: 20.3
2025-10-20 10:04:51,782 - WARNING -    🔄 RESTAURANDO mejor solución...
2025-10-20 10:04:51,874 - INFO - 🌟 MEJORA #208 en iter 33151: Fitness=141.9 (+0.0), Puntos=16138
2025-10-20 10:04:56,472 - DEBUG - Iter 33200: T=2.05, Fitness_actual=137.1, Mejor=141.9
2025-10-20 10:05:04,712 - DEBUG - Iter 33300: T=2.04, Fitness_actual=126.4, Mejor=141.9
2025-10-20 10:05:14,139 - DEBUG - Iter 33400: T=2.04, Fitness_actual=124.8, Mejor=141.9
2025-10-20 10:05:23,223 - INFO -   Iter 33500 | Tiempo:   32.3min (13.5%) | T =     2.04 | Fitness =    122.3 | Mejor =    141.9 | Aceptación =  80.0%
2025-10-20 10:05:23,223 - INFO - Progreso iter 33500: T=2.04, Fitness=122.3, Mejor=141.9, Tasa_acept=80.0%
2025-10-20 10:05:23,224 - WARNING - ⚠️  DEGRADACIÓN DETECTADA en iter 33500:
2025-10-20 10:05:23,224 - WARNING -    Mejor fitness: 141.9
2025-10-20 10:05:23,224 - WARNING -    Fitness promedio reciente: 119.9
2025-10-20 10:05:23,224 - WARNING -    Degradación: 22.1
2025-10-20 10:05:23,224 - WARNING -    🔄 RESTAURANDO mejor solución...
2025-10-20 10:05:23,228 - DEBUG - Iter 33500: T=2.04, Fitness_actual=141.9, Mejor=141.9
2025-10-20 10:05:31,655 - DEBUG - Iter 33600: T=2.03, Fitness_actual=128.1, Mejor=141.9
2025-10-20 10:05:40,100 - DEBUG - Iter 33700: T=2.03, Fitness_actual=125.3, Mejor=141.9
2025-10-20 10:05:48,580 - DEBUG - Iter 33800: T=2.03, Fitness_actual=124.1, Mejor=141.9
2025-10-20 10:05:52,792 - WARNING - ⚠️  DEGRADACIÓN DETECTADA en iter 33850:
2025-10-20 10:05:52,792 - WARNING -    Mejor fitness: 141.9
2025-10-20 10:05:52,792 - WARNING -    Fitness promedio reciente: 121.4
2025-10-20 10:05:52,792 - WARNING -    Degradación: 20.5
2025-10-20 10:05:52,793 - WARNING -    🔄 RESTAURANDO mejor solución...
2025-10-20 10:05:57,032 - DEBUG - Iter 33900: T=2.02, Fitness_actual=125.9, Mejor=141.9
2025-10-20 10:06:05,393 - INFO -   Iter 34000 | Tiempo:   33.0min (13.8%) | T =     2.02 | Fitness =    123.8 | Mejor =    141.9 | Aceptación =  80.0%
2025-10-20 10:06:05,393 - INFO - Progreso iter 34000: T=2.02, Fitness=123.8, Mejor=141.9, Tasa_acept=80.0%
2025-10-20 10:06:05,395 - DEBUG - Iter 34000: T=2.02, Fitness_actual=123.8, Mejor=141.9
2025-10-20 10:06:13,828 - WARNING - ⚠️  DEGRADACIÓN DETECTADA en iter 34100:
2025-10-20 10:06:13,828 - WARNING -    Mejor fitness: 141.9
2025-10-20 10:06:13,829 - WARNING -    Fitness promedio reciente: 119.5
2025-10-20 10:06:13,829 - WARNING -    Degradación: 22.4
2025-10-20 10:06:13,829 - WARNING -    🔄 RESTAURANDO mejor solución...
2025-10-20 10:06:13,830 - DEBUG - Iter 34100: T=2.02, Fitness_actual=141.9, Mejor=141.9
2025-10-20 10:06:13,831 - INFO - 🌟 MEJORA #209 en iter 34100: Fitness=141.9 (+0.0), Puntos=16138
2025-10-20 10:06:14,943 - INFO - 🌟 MEJORA #210 en iter 34113: Fitness=141.9 (+0.0), Puntos=16138
2025-10-20 10:06:14,943 - INFO -   ✨ Mejora #210 en iteración 34114: Fitness = 141.9 | Puntos = 16138 | T = 2.02
2025-10-20 10:06:22,292 - DEBUG - Iter 34200: T=2.01, Fitness_actual=126.3, Mejor=141.9
2025-10-20 10:06:30,604 - WARNING - ⚠️  DEGRADACIÓN DETECTADA en iter 34300:
2025-10-20 10:06:30,604 - WARNING -    Mejor fitness: 141.9
2025-10-20 10:06:30,604 - WARNING -    Fitness promedio reciente: 116.9
2025-10-20 10:06:30,604 - WARNING -    Degradación: 25.1
2025-10-20 10:06:30,604 - WARNING -    🔄 RESTAURANDO mejor solución...
2025-10-20 10:06:30,606 - DEBUG - Iter 34300: T=2.01, Fitness_actual=141.9, Mejor=141.9
2025-10-20 10:06:38,932 - DEBUG - Iter 34400: T=2.01, Fitness_actual=125.1, Mejor=141.9
2025-10-20 10:06:47,326 - INFO -   Iter 34500 | Tiempo:   33.7min (14.1%) | T =     2.00 | Fitness =    122.2 | Mejor =    141.9 | Aceptación =  79.9%
2025-10-20 10:06:47,326 - INFO - Progreso iter 34500: T=2.00, Fitness=122.2, Mejor=141.9, Tasa_acept=79.9%
2025-10-20 10:06:47,329 - DEBUG - Iter 34500: T=2.00, Fitness_actual=122.2, Mejor=141.9
2025-10-20 10:06:55,840 - DEBUG - Iter 34600: T=2.00, Fitness_actual=118.5, Mejor=141.9
2025-10-20 10:07:00,139 - WARNING - ⚠️  DEGRADACIÓN DETECTADA en iter 34650:
2025-10-20 10:07:00,139 - WARNING -    Mejor fitness: 141.9
2025-10-20 10:07:00,140 - WARNING -    Fitness promedio reciente: 117.5
2025-10-20 10:07:00,140 - WARNING -    Degradación: 24.5
2025-10-20 10:07:00,140 - WARNING -    🔄 RESTAURANDO mejor solución...
2025-10-20 10:07:00,142 - INFO - 🌟 MEJORA #211 en iter 34650: Fitness=141.9 (+0.0), Puntos=16138
2025-10-20 10:07:04,449 - DEBUG - Iter 34700: T=2.00, Fitness_actual=128.2, Mejor=141.9
2025-10-20 10:07:12,917 - DEBUG - Iter 34800: T=1.99, Fitness_actual=119.7, Mejor=141.9
2025-10-20 10:07:17,158 - WARNING - ⚠️  DEGRADACIÓN DETECTADA en iter 34850:
2025-10-20 10:07:17,158 - WARNING -    Mejor fitness: 141.9
2025-10-20 10:07:17,159 - WARNING -    Fitness promedio reciente: 119.4
2025-10-20 10:07:17,159 - WARNING -    Degradación: 22.6
2025-10-20 10:07:17,159 - WARNING -    🔄 RESTAURANDO mejor solución...
2025-10-20 10:07:17,328 - INFO - 🌟 MEJORA #212 en iter 34852: Fitness=142.0 (+0.0), Puntos=16141
2025-10-20 10:07:17,411 - INFO - 🌟 MEJORA #213 en iter 34853: Fitness=142.0 (+0.0), Puntos=16142
2025-10-20 10:07:21,361 - DEBUG - Iter 34900: T=1.99, Fitness_actual=134.7, Mejor=142.0
2025-10-20 10:07:29,903 - INFO -   Iter 35000 | Tiempo:   34.4min (14.3%) | T =     1.99 | Fitness =    120.6 | Mejor =    142.0 | Aceptación =  79.8%
2025-10-20 10:07:29,903 - INFO - Progreso iter 35000: T=1.99, Fitness=120.6, Mejor=142.0, Tasa_acept=79.8%
2025-10-20 10:07:29,906 - DEBUG - Iter 35000: T=1.99, Fitness_actual=120.6, Mejor=142.0
2025-10-20 10:07:34,184 - WARNING - ⚠️  DEGRADACIÓN DETECTADA en iter 35050:
2025-10-20 10:07:34,184 - WARNING -    Mejor fitness: 142.0
2025-10-20 10:07:34,184 - WARNING -    Fitness promedio reciente: 117.2
2025-10-20 10:07:34,184 - WARNING -    Degradación: 24.7
2025-10-20 10:07:34,184 - WARNING -    🔄 RESTAURANDO mejor solución...
2025-10-20 10:07:38,452 - DEBUG - Iter 35100: T=1.98, Fitness_actual=131.1, Mejor=142.0
2025-10-20 10:07:42,725 - WARNING - ⚠️  DEGRADACIÓN DETECTADA en iter 35150:
2025-10-20 10:07:42,725 - WARNING -    Mejor fitness: 142.0
2025-10-20 10:07:42,725 - WARNING -    Fitness promedio reciente: 121.8
2025-10-20 10:07:42,725 - WARNING -    Degradación: 20.2
2025-10-20 10:07:42,726 - WARNING -    🔄 RESTAURANDO mejor solución...
2025-10-20 10:07:47,173 - DEBUG - Iter 35200: T=1.98, Fitness_actual=131.8, Mejor=142.0
2025-10-20 10:07:56,332 - DEBUG - Iter 35300: T=1.98, Fitness_actual=122.7, Mejor=142.0
2025-10-20 10:08:00,949 - WARNING - ⚠️  DEGRADACIÓN DETECTADA en iter 35350:
2025-10-20 10:08:00,949 - WARNING -    Mejor fitness: 142.0
2025-10-20 10:08:00,950 - WARNING -    Fitness promedio reciente: 120.4
2025-10-20 10:08:00,950 - WARNING -    Degradación: 21.6
2025-10-20 10:08:00,950 - WARNING -    🔄 RESTAURANDO mejor solución...
2025-10-20 10:08:05,575 - DEBUG - Iter 35400: T=1.97, Fitness_actual=125.1, Mejor=142.0
2025-10-20 10:08:14,829 - INFO -   Iter 35500 | Tiempo:   35.2min (14.7%) | T =     1.97 | Fitness =    116.2 | Mejor =    142.0 | Aceptación =  79.7%
2025-10-20 10:08:14,829 - INFO - Progreso iter 35500: T=1.97, Fitness=116.2, Mejor=142.0, Tasa_acept=79.7%
2025-10-20 10:08:14,829 - WARNING - ⚠️  DEGRADACIÓN DETECTADA en iter 35500:
2025-10-20 10:08:14,829 - WARNING -    Mejor fitness: 142.0
2025-10-20 10:08:14,830 - WARNING -    Fitness promedio reciente: 116.6
2025-10-20 10:08:14,830 - WARNING -    Degradación: 25.4
2025-10-20 10:08:14,830 - WARNING -    🔄 RESTAURANDO mejor solución...
2025-10-20 10:08:14,831 - DEBUG - Iter 35500: T=1.97, Fitness_actual=142.0, Mejor=142.0
2025-10-20 10:08:24,175 - DEBUG - Iter 35600: T=1.96, Fitness_actual=128.9, Mejor=142.0
2025-10-20 10:08:32,832 - WARNING - ⚠️  DEGRADACIÓN DETECTADA en iter 35700:
2025-10-20 10:08:32,832 - WARNING -    Mejor fitness: 142.0
2025-10-20 10:08:32,833 - WARNING -    Fitness promedio reciente: 118.0
2025-10-20 10:08:32,833 - WARNING -    Degradación: 23.9
2025-10-20 10:08:32,833 - WARNING -    🔄 RESTAURANDO mejor solución...
2025-10-20 10:08:32,836 - DEBUG - Iter 35700: T=1.96, Fitness_actual=142.0, Mejor=142.0
2025-10-20 10:08:34,127 - INFO - 🌟 MEJORA #214 en iter 35715: Fitness=142.1 (+0.1), Puntos=16150
2025-10-20 10:08:34,301 - INFO - 🌟 MEJORA #215 en iter 35717: Fitness=142.1 (+0.0), Puntos=16150
2025-10-20 10:08:34,301 - INFO -   ✨ Mejora #215 en iteración 35718: Fitness = 142.1 | Puntos = 16150 | T = 1.96
2025-10-20 10:08:41,437 - DEBUG - Iter 35800: T=1.96, Fitness_actual=122.9, Mejor=142.1
2025-10-20 10:08:50,062 - WARNING - ⚠️  DEGRADACIÓN DETECTADA en iter 35900:
2025-10-20 10:08:50,062 - WARNING -    Mejor fitness: 142.1
2025-10-20 10:08:50,063 - WARNING -    Fitness promedio reciente: 119.4
2025-10-20 10:08:50,063 - WARNING -    Degradación: 22.6
2025-10-20 10:08:50,063 - WARNING -    🔄 RESTAURANDO mejor solución...
2025-10-20 10:08:50,069 - DEBUG - Iter 35900: T=1.95, Fitness_actual=142.1, Mejor=142.1
2025-10-20 10:08:58,706 - INFO -   Iter 36000 | Tiempo:   35.9min (15.0%) | T =     1.95 | Fitness =    126.7 | Mejor =    142.1 | Aceptación =  79.6%
2025-10-20 10:08:58,706 - INFO - Progreso iter 36000: T=1.95, Fitness=126.7, Mejor=142.1, Tasa_acept=79.6%
2025-10-20 10:08:58,708 - DEBUG - Iter 36000: T=1.95, Fitness_actual=126.7, Mejor=142.1
2025-10-20 10:09:07,411 - WARNING - ⚠️  DEGRADACIÓN DETECTADA en iter 36100:
2025-10-20 10:09:07,411 - WARNING -    Mejor fitness: 142.1
2025-10-20 10:09:07,411 - WARNING -    Fitness promedio reciente: 121.9
2025-10-20 10:09:07,411 - WARNING -    Degradación: 20.1
2025-10-20 10:09:07,411 - WARNING -    🔄 RESTAURANDO mejor solución...
2025-10-20 10:09:07,413 - DEBUG - Iter 36100: T=1.95, Fitness_actual=142.1, Mejor=142.1
2025-10-20 10:09:07,413 - INFO - 🌟 MEJORA #216 en iter 36100: Fitness=142.2 (+0.2), Puntos=16166
2025-10-20 10:09:16,094 - DEBUG - Iter 36200: T=1.94, Fitness_actual=125.0, Mejor=142.2
2025-10-20 10:09:24,987 - WARNING - ⚠️  DEGRADACIÓN DETECTADA en iter 36300:
2025-10-20 10:09:24,987 - WARNING -    Mejor fitness: 142.2
2025-10-20 10:09:24,987 - WARNING -    Fitness promedio reciente: 118.4
2025-10-20 10:09:24,987 - WARNING -    Degradación: 23.8
2025-10-20 10:09:24,987 - WARNING -    🔄 RESTAURANDO mejor solución...
2025-10-20 10:09:24,989 - DEBUG - Iter 36300: T=1.94, Fitness_actual=142.2, Mejor=142.2
2025-10-20 10:09:33,813 - DEBUG - Iter 36400: T=1.94, Fitness_actual=118.2, Mejor=142.2
2025-10-20 10:09:38,099 - WARNING - ⚠️  DEGRADACIÓN DETECTADA en iter 36450:
2025-10-20 10:09:38,099 - WARNING -    Mejor fitness: 142.2
2025-10-20 10:09:38,100 - WARNING -    Fitness promedio reciente: 116.5
2025-10-20 10:09:38,100 - WARNING -    Degradación: 25.7
2025-10-20 10:09:38,100 - WARNING -    🔄 RESTAURANDO mejor solución...
2025-10-20 10:09:38,101 - INFO - 🌟 MEJORA #217 en iter 36450: Fitness=142.2 (+0.0), Puntos=16166
2025-10-20 10:09:42,403 - INFO -   Iter 36500 | Tiempo:   36.6min (15.3%) | T =     1.93 | Fitness =    134.1 | Mejor =    142.2 | Aceptación =  79.6%
2025-10-20 10:09:42,403 - INFO - Progreso iter 36500: T=1.93, Fitness=134.1, Mejor=142.2, Tasa_acept=79.6%
2025-10-20 10:09:42,404 - DEBUG - Iter 36500: T=1.93, Fitness_actual=134.1, Mejor=142.2
2025-10-20 10:09:51,078 - DEBUG - Iter 36600: T=1.93, Fitness_actual=122.3, Mejor=142.2
2025-10-20 10:09:55,377 - WARNING - ⚠️  DEGRADACIÓN DETECTADA en iter 36650:
2025-10-20 10:09:55,378 - WARNING -    Mejor fitness: 142.2
2025-10-20 10:09:55,378 - WARNING -    Fitness promedio reciente: 121.6
2025-10-20 10:09:55,378 - WARNING -    Degradación: 20.6
2025-10-20 10:09:55,378 - WARNING -    🔄 RESTAURANDO mejor solución...
2025-10-20 10:09:55,553 - INFO - 🌟 MEJORA #218 en iter 36652: Fitness=142.2 (+0.0), Puntos=16167
2025-10-20 10:09:59,700 - DEBUG - Iter 36700: T=1.93, Fitness_actual=133.0, Mejor=142.2
2025-10-20 10:10:08,650 - WARNING - ⚠️  DEGRADACIÓN DETECTADA en iter 36800:
2025-10-20 10:10:08,650 - WARNING -    Mejor fitness: 142.2
2025-10-20 10:10:08,651 - WARNING -    Fitness promedio reciente: 120.0
2025-10-20 10:10:08,651 - WARNING -    Degradación: 22.3
2025-10-20 10:10:08,651 - WARNING -    🔄 RESTAURANDO mejor solución...
2025-10-20 10:10:08,652 - DEBUG - Iter 36800: T=1.92, Fitness_actual=142.2, Mejor=142.2
2025-10-20 10:10:08,652 - INFO - 🌟 MEJORA #219 en iter 36800: Fitness=142.2 (+0.0), Puntos=16167
2025-10-20 10:10:08,824 - INFO - 🌟 MEJORA #220 en iter 36802: Fitness=142.2 (+0.0), Puntos=16167
2025-10-20 10:10:08,824 - INFO -   ✨ Mejora #220 en iteración 36803: Fitness = 142.2 | Puntos = 16167 | T = 1.92
2025-10-20 10:10:09,012 - INFO - 🌟 MEJORA #221 en iter 36804: Fitness=142.2 (+0.0), Puntos=16167
2025-10-20 10:10:17,454 - DEBUG - Iter 36900: T=1.92, Fitness_actual=131.1, Mejor=142.2
2025-10-20 10:10:26,236 - INFO -   Iter 37000 | Tiempo:   37.4min (15.6%) | T =     1.92 | Fitness =    114.1 | Mejor =    142.2 | Aceptación =  79.5%
2025-10-20 10:10:26,236 - INFO - Progreso iter 37000: T=1.92, Fitness=114.1, Mejor=142.2, Tasa_acept=79.5%
2025-10-20 10:10:26,236 - WARNING - ⚠️  DEGRADACIÓN DETECTADA en iter 37000:
2025-10-20 10:10:26,236 - WARNING -    Mejor fitness: 142.2
2025-10-20 10:10:26,236 - WARNING -    Fitness promedio reciente: 118.1
2025-10-20 10:10:26,237 - WARNING -    Degradación: 24.1
2025-10-20 10:10:26,237 - WARNING -    🔄 RESTAURANDO mejor solución...
2025-10-20 10:10:26,240 - DEBUG - Iter 37000: T=1.92, Fitness_actual=142.2, Mejor=142.2
2025-10-20 10:10:34,963 - WARNING - ⚠️  DEGRADACIÓN DETECTADA en iter 37100:
2025-10-20 10:10:34,963 - WARNING -    Mejor fitness: 142.2
2025-10-20 10:10:34,963 - WARNING -    Fitness promedio reciente: 119.3
2025-10-20 10:10:34,963 - WARNING -    Degradación: 22.9
2025-10-20 10:10:34,963 - WARNING -    🔄 RESTAURANDO mejor solución...
2025-10-20 10:10:34,964 - DEBUG - Iter 37100: T=1.91, Fitness_actual=142.2, Mejor=142.2
2025-10-20 10:10:43,754 - DEBUG - Iter 37200: T=1.91, Fitness_actual=127.8, Mejor=142.2
2025-10-20 10:10:52,535 - WARNING - ⚠️  DEGRADACIÓN DETECTADA en iter 37300:
2025-10-20 10:10:52,535 - WARNING -    Mejor fitness: 142.2
2025-10-20 10:10:52,535 - WARNING -    Fitness promedio reciente: 119.1
2025-10-20 10:10:52,536 - WARNING -    Degradación: 23.2
2025-10-20 10:10:52,536 - WARNING -    🔄 RESTAURANDO mejor solución...
2025-10-20 10:10:52,537 - DEBUG - Iter 37300: T=1.91, Fitness_actual=142.2, Mejor=142.2
2025-10-20 10:10:52,537 - INFO - 🌟 MEJORA #222 en iter 37300: Fitness=142.3 (+0.0), Puntos=16171
2025-10-20 10:11:01,278 - DEBUG - Iter 37400: T=1.90, Fitness_actual=127.6, Mejor=142.3
2025-10-20 10:11:10,199 - INFO -   Iter 37500 | Tiempo:   38.1min (15.9%) | T =     1.90 | Fitness =    116.0 | Mejor =    142.3 | Aceptación =  79.4%
2025-10-20 10:11:10,199 - INFO - Progreso iter 37500: T=1.90, Fitness=116.0, Mejor=142.3, Tasa_acept=79.4%
2025-10-20 10:11:10,199 - WARNING - ⚠️  DEGRADACIÓN DETECTADA en iter 37500:
2025-10-20 10:11:10,200 - WARNING -    Mejor fitness: 142.3
2025-10-20 10:11:10,200 - WARNING -    Fitness promedio reciente: 116.5
2025-10-20 10:11:10,200 - WARNING -    Degradación: 25.7
2025-10-20 10:11:10,200 - WARNING -    🔄 RESTAURANDO mejor solución...
2025-10-20 10:11:10,201 - DEBUG - Iter 37500: T=1.90, Fitness_actual=142.3, Mejor=142.3
2025-10-20 10:11:10,378 - INFO - 🌟 MEJORA #223 en iter 37502: Fitness=142.3 (+0.0), Puntos=16176
2025-10-20 10:11:19,148 - DEBUG - Iter 37600: T=1.90, Fitness_actual=130.3, Mejor=142.3
2025-10-20 10:11:28,316 - DEBUG - Iter 37700: T=1.89, Fitness_actual=121.5, Mejor=142.3
2025-10-20 10:11:33,179 - WARNING - ⚠️  DEGRADACIÓN DETECTADA en iter 37750:
2025-10-20 10:11:33,180 - WARNING -    Mejor fitness: 142.3
2025-10-20 10:11:33,180 - WARNING -    Fitness promedio reciente: 115.5
2025-10-20 10:11:33,180 - WARNING -    Degradación: 26.9
2025-10-20 10:11:33,180 - WARNING -    🔄 RESTAURANDO mejor solución...
2025-10-20 10:11:37,994 - DEBUG - Iter 37800: T=1.89, Fitness_actual=138.1, Mejor=142.3
2025-10-20 10:11:47,681 - DEBUG - Iter 37900: T=1.89, Fitness_actual=132.1, Mejor=142.3
2025-10-20 10:11:57,679 - INFO -   Iter 38000 | Tiempo:   38.9min (16.2%) | T =     1.88 | Fitness =    117.4 | Mejor =    142.3 | Aceptación =  79.3%
2025-10-20 10:11:57,679 - INFO - Progreso iter 38000: T=1.88, Fitness=117.4, Mejor=142.3, Tasa_acept=79.3%
2025-10-20 10:11:57,681 - DEBUG - Iter 38000: T=1.88, Fitness_actual=117.4, Mejor=142.3
2025-10-20 10:12:02,597 - WARNING - ⚠️  DEGRADACIÓN DETECTADA en iter 38050:
2025-10-20 10:12:02,598 - WARNING -    Mejor fitness: 142.3
2025-10-20 10:12:02,598 - WARNING -    Fitness promedio reciente: 122.3
2025-10-20 10:12:02,598 - WARNING -    Degradación: 20.1
2025-10-20 10:12:02,598 - WARNING -    🔄 RESTAURANDO mejor solución...
2025-10-20 10:12:07,393 - DEBUG - Iter 38100: T=1.88, Fitness_actual=138.7, Mejor=142.3
2025-10-20 10:12:16,348 - WARNING - ⚠️  DEGRADACIÓN DETECTADA en iter 38200:
2025-10-20 10:12:16,348 - WARNING -    Mejor fitness: 142.3
2025-10-20 10:12:16,348 - WARNING -    Fitness promedio reciente: 118.5
2025-10-20 10:12:16,348 - WARNING -    Degradación: 23.9
2025-10-20 10:12:16,348 - WARNING -    🔄 RESTAURANDO mejor solución...
2025-10-20 10:12:16,350 - DEBUG - Iter 38200: T=1.88, Fitness_actual=142.3, Mejor=142.3
2025-10-20 10:12:25,456 - DEBUG - Iter 38300: T=1.87, Fitness_actual=119.4, Mejor=142.3
2025-10-20 10:12:30,000 - WARNING - ⚠️  DEGRADACIÓN DETECTADA en iter 38350:
2025-10-20 10:12:30,000 - WARNING -    Mejor fitness: 142.3
2025-10-20 10:12:30,001 - WARNING -    Fitness promedio reciente: 116.2
2025-10-20 10:12:30,001 - WARNING -    Degradación: 26.1
2025-10-20 10:12:30,001 - WARNING -    🔄 RESTAURANDO mejor solución...
2025-10-20 10:12:30,002 - INFO - 🌟 MEJORA #224 en iter 38350: Fitness=142.4 (+0.1), Puntos=16182
2025-10-20 10:12:30,091 - INFO - 🌟 MEJORA #225 en iter 38351: Fitness=142.4 (+0.0), Puntos=16185
2025-10-20 10:12:30,092 - INFO -   ✨ Mejora #225 en iteración 38352: Fitness = 142.4 | Puntos = 16185 | T = 1.87
2025-10-20 10:12:30,181 - INFO - 🌟 MEJORA #226 en iter 38352: Fitness=142.4 (+0.0), Puntos=16185
2025-10-20 10:12:30,270 - INFO - 🌟 MEJORA #227 en iter 38353: Fitness=142.4 (+0.0), Puntos=16185
2025-10-20 10:12:30,624 - INFO - 🌟 MEJORA #228 en iter 38357: Fitness=142.4 (+0.0), Puntos=16187
2025-10-20 10:12:30,802 - INFO - 🌟 MEJORA #229 en iter 38359: Fitness=142.4 (+0.0), Puntos=16187
2025-10-20 10:12:34,598 - DEBUG - Iter 38400: T=1.87, Fitness_actual=131.6, Mejor=142.4
2025-10-20 10:12:43,928 - INFO -   Iter 38500 | Tiempo:   39.7min (16.5%) | T =     1.87 | Fitness =    127.5 | Mejor =    142.4 | Aceptación =  79.3%
2025-10-20 10:12:43,928 - INFO - Progreso iter 38500: T=1.87, Fitness=127.5, Mejor=142.4, Tasa_acept=79.3%
2025-10-20 10:12:43,931 - DEBUG - Iter 38500: T=1.87, Fitness_actual=127.5, Mejor=142.4
2025-10-20 10:12:53,242 - WARNING - ⚠️  DEGRADACIÓN DETECTADA en iter 38600:
2025-10-20 10:12:53,242 - WARNING -    Mejor fitness: 142.4
2025-10-20 10:12:53,242 - WARNING -    Fitness promedio reciente: 113.4
2025-10-20 10:12:53,243 - WARNING -    Degradación: 29.0
2025-10-20 10:12:53,243 - WARNING -    🔄 RESTAURANDO mejor solución...
2025-10-20 10:12:53,244 - DEBUG - Iter 38600: T=1.86, Fitness_actual=142.4, Mejor=142.4
2025-10-20 10:13:02,256 - DEBUG - Iter 38700: T=1.86, Fitness_actual=129.9, Mejor=142.4
2025-10-20 10:13:11,232 - DEBUG - Iter 38800: T=1.86, Fitness_actual=127.9, Mejor=142.4
2025-10-20 10:13:20,249 - WARNING - ⚠️  DEGRADACIÓN DETECTADA en iter 38900:
2025-10-20 10:13:20,249 - WARNING -    Mejor fitness: 142.4
2025-10-20 10:13:20,249 - WARNING -    Fitness promedio reciente: 117.8
2025-10-20 10:13:20,249 - WARNING -    Degradación: 24.6
2025-10-20 10:13:20,250 - WARNING -    🔄 RESTAURANDO mejor solución...
2025-10-20 10:13:20,251 - DEBUG - Iter 38900: T=1.85, Fitness_actual=142.4, Mejor=142.4
2025-10-20 10:13:20,251 - INFO - 🌟 MEJORA #230 en iter 38900: Fitness=142.6 (+0.1), Puntos=16200
2025-10-20 10:13:20,251 - INFO -   ✨ Mejora #230 en iteración 38901: Fitness = 142.6 | Puntos = 16200 | T = 1.85
2025-10-20 10:13:20,980 - INFO - 🌟 MEJORA #231 en iter 38908: Fitness=142.6 (+0.0), Puntos=16200
2025-10-20 10:13:21,166 - INFO - 🌟 MEJORA #232 en iter 38910: Fitness=142.6 (+0.1), Puntos=16206
2025-10-20 10:13:21,618 - INFO - 🌟 MEJORA #233 en iter 38915: Fitness=142.6 (+0.0), Puntos=16206
2025-10-20 10:13:22,155 - INFO - 🌟 MEJORA #234 en iter 38921: Fitness=142.7 (+0.0), Puntos=16208
2025-10-20 10:13:29,272 - INFO -   Iter 39000 | Tiempo:   40.4min (16.8%) | T =     1.85 | Fitness =    128.5 | Mejor =    142.7 | Aceptación =  79.2%
2025-10-20 10:13:29,272 - INFO - Progreso iter 39000: T=1.85, Fitness=128.5, Mejor=142.7, Tasa_acept=79.2%
2025-10-20 10:13:29,275 - DEBUG - Iter 39000: T=1.85, Fitness_actual=128.5, Mejor=142.7
2025-10-20 10:13:38,252 - DEBUG - Iter 39100: T=1.85, Fitness_actual=121.0, Mejor=142.7
2025-10-20 10:13:42,756 - WARNING - ⚠️  DEGRADACIÓN DETECTADA en iter 39150:
2025-10-20 10:13:42,756 - WARNING -    Mejor fitness: 142.7
2025-10-20 10:13:42,756 - WARNING -    Fitness promedio reciente: 118.9
2025-10-20 10:13:42,756 - WARNING -    Degradación: 23.8
2025-10-20 10:13:42,756 - WARNING -    🔄 RESTAURANDO mejor solución...
2025-10-20 10:13:47,250 - DEBUG - Iter 39200: T=1.84, Fitness_actual=131.7, Mejor=142.7
2025-10-20 10:13:56,427 - DEBUG - Iter 39300: T=1.84, Fitness_actual=128.9, Mejor=142.7
2025-10-20 10:14:06,226 - DEBUG - Iter 39400: T=1.84, Fitness_actual=123.1, Mejor=142.7
2025-10-20 10:14:11,238 - WARNING - ⚠️  DEGRADACIÓN DETECTADA en iter 39450:
2025-10-20 10:14:11,238 - WARNING -    Mejor fitness: 142.7
2025-10-20 10:14:11,238 - WARNING -    Fitness promedio reciente: 120.7
2025-10-20 10:14:11,238 - WARNING -    Degradación: 22.0
2025-10-20 10:14:11,239 - WARNING -    🔄 RESTAURANDO mejor solución...
2025-10-20 10:14:16,252 - INFO -   Iter 39500 | Tiempo:   41.2min (17.2%) | T =     1.83 | Fitness =    135.4 | Mejor =    142.7 | Aceptación =  79.1%
2025-10-20 10:14:16,253 - INFO - Progreso iter 39500: T=1.83, Fitness=135.4, Mejor=142.7, Tasa_acept=79.1%
2025-10-20 10:14:16,255 - DEBUG - Iter 39500: T=1.83, Fitness_actual=135.4, Mejor=142.7
2025-10-20 10:14:26,253 - DEBUG - Iter 39600: T=1.83, Fitness_actual=129.7, Mejor=142.7
2025-10-20 10:14:35,329 - DEBUG - Iter 39700: T=1.83, Fitness_actual=119.5, Mejor=142.7
2025-10-20 10:14:39,879 - WARNING - ⚠️  DEGRADACIÓN DETECTADA en iter 39750:
2025-10-20 10:14:39,879 - WARNING -    Mejor fitness: 142.7
2025-10-20 10:14:39,879 - WARNING -    Fitness promedio reciente: 118.0
2025-10-20 10:14:39,879 - WARNING -    Degradación: 24.6
2025-10-20 10:14:39,879 - WARNING -    🔄 RESTAURANDO mejor solución...
2025-10-20 10:14:44,444 - DEBUG - Iter 39800: T=1.82, Fitness_actual=132.3, Mejor=142.7
2025-10-20 10:14:53,582 - DEBUG - Iter 39900: T=1.82, Fitness_actual=126.1, Mejor=142.7
2025-10-20 10:14:58,103 - WARNING - ⚠️  DEGRADACIÓN DETECTADA en iter 39950:
2025-10-20 10:14:58,104 - WARNING -    Mejor fitness: 142.7
2025-10-20 10:14:58,104 - WARNING -    Fitness promedio reciente: 115.7
2025-10-20 10:14:58,104 - WARNING -    Degradación: 27.0
2025-10-20 10:14:58,104 - WARNING -    🔄 RESTAURANDO mejor solución...
2025-10-20 10:15:02,649 - INFO -   Iter 40000 | Tiempo:   42.0min (17.5%) | T =     1.82 | Fitness =    138.9 | Mejor =    142.7 | Aceptación =  79.1%
2025-10-20 10:15:02,649 - INFO - Progreso iter 40000: T=1.82, Fitness=138.9, Mejor=142.7, Tasa_acept=79.1%
2025-10-20 10:15:02,651 - DEBUG - Iter 40000: T=1.82, Fitness_actual=138.9, Mejor=142.7
2025-10-20 10:15:11,775 - DEBUG - Iter 40100: T=1.81, Fitness_actual=125.4, Mejor=142.7
2025-10-20 10:15:16,355 - WARNING - ⚠️  DEGRADACIÓN DETECTADA en iter 40150:
2025-10-20 10:15:16,356 - WARNING -    Mejor fitness: 142.7
2025-10-20 10:15:16,356 - WARNING -    Fitness promedio reciente: 118.7
2025-10-20 10:15:16,356 - WARNING -    Degradación: 23.9
2025-10-20 10:15:16,356 - WARNING -    🔄 RESTAURANDO mejor solución...
2025-10-20 10:15:20,935 - DEBUG - Iter 40200: T=1.81, Fitness_actual=131.8, Mejor=142.7
2025-10-20 10:15:30,116 - WARNING - ⚠️  DEGRADACIÓN DETECTADA en iter 40300:
2025-10-20 10:15:30,116 - WARNING -    Mejor fitness: 142.7
2025-10-20 10:15:30,117 - WARNING -    Fitness promedio reciente: 120.1
2025-10-20 10:15:30,117 - WARNING -    Degradación: 22.6
2025-10-20 10:15:30,117 - WARNING -    🔄 RESTAURANDO mejor solución...
2025-10-20 10:15:30,118 - DEBUG - Iter 40300: T=1.81, Fitness_actual=142.7, Mejor=142.7
2025-10-20 10:15:30,572 - INFO - 🌟 MEJORA #235 en iter 40305: Fitness=142.7 (+0.0), Puntos=16211
2025-10-20 10:15:30,572 - INFO -   ✨ Mejora #235 en iteración 40306: Fitness = 142.7 | Puntos = 16211 | T = 1.81
2025-10-20 10:15:39,350 - DEBUG - Iter 40400: T=1.80, Fitness_actual=126.0, Mejor=142.7
2025-10-20 10:15:48,689 - INFO -   Iter 40500 | Tiempo:   42.7min (17.8%) | T =     1.80 | Fitness =    118.8 | Mejor =    142.7 | Aceptación =  79.0%
2025-10-20 10:15:48,689 - INFO - Progreso iter 40500: T=1.80, Fitness=118.8, Mejor=142.7, Tasa_acept=79.0%
2025-10-20 10:15:48,692 - DEBUG - Iter 40500: T=1.80, Fitness_actual=118.8, Mejor=142.7
2025-10-20 10:15:53,329 - WARNING - ⚠️  DEGRADACIÓN DETECTADA en iter 40550:
2025-10-20 10:15:53,330 - WARNING -    Mejor fitness: 142.7
2025-10-20 10:15:53,330 - WARNING -    Fitness promedio reciente: 120.2
2025-10-20 10:15:53,330 - WARNING -    Degradación: 22.5
2025-10-20 10:15:53,330 - WARNING -    🔄 RESTAURANDO mejor solución...
2025-10-20 10:15:53,331 - INFO - 🌟 MEJORA #236 en iter 40550: Fitness=142.7 (+0.0), Puntos=16211
2025-10-20 10:15:54,531 - INFO - 🌟 MEJORA #237 en iter 40563: Fitness=142.7 (+0.0), Puntos=16211
2025-10-20 10:15:54,722 - INFO - 🌟 MEJORA #238 en iter 40565: Fitness=142.7 (+0.0), Puntos=16212
2025-10-20 10:15:55,197 - INFO - 🌟 MEJORA #239 en iter 40570: Fitness=142.7 (+0.0), Puntos=16212
2025-10-20 10:15:55,474 - INFO - 🌟 MEJORA #240 en iter 40573: Fitness=142.7 (+0.0), Puntos=16213
2025-10-20 10:15:55,474 - INFO -   ✨ Mejora #240 en iteración 40574: Fitness = 142.7 | Puntos = 16213 | T = 1.80
2025-10-20 10:15:57,973 - DEBUG - Iter 40600: T=1.80, Fitness_actual=139.5, Mejor=142.7
2025-10-20 10:16:07,269 - DEBUG - Iter 40700: T=1.79, Fitness_actual=124.0, Mejor=142.7
2025-10-20 10:16:11,919 - WARNING - ⚠️  DEGRADACIÓN DETECTADA en iter 40750:
2025-10-20 10:16:11,919 - WARNING -    Mejor fitness: 142.7
2025-10-20 10:16:11,920 - WARNING -    Fitness promedio reciente: 121.2
2025-10-20 10:16:11,920 - WARNING -    Degradación: 21.5
2025-10-20 10:16:11,920 - WARNING -    🔄 RESTAURANDO mejor solución...
2025-10-20 10:16:16,538 - DEBUG - Iter 40800: T=1.79, Fitness_actual=133.8, Mejor=142.7
2025-10-20 10:16:25,779 - DEBUG - Iter 40900: T=1.79, Fitness_actual=124.3, Mejor=142.7
2025-10-20 10:16:30,265 - WARNING - ⚠️  DEGRADACIÓN DETECTADA en iter 40950:
2025-10-20 10:16:30,266 - WARNING -    Mejor fitness: 142.7
2025-10-20 10:16:30,266 - WARNING -    Fitness promedio reciente: 120.9
2025-10-20 10:16:30,266 - WARNING -    Degradación: 21.9
2025-10-20 10:16:30,266 - WARNING -    🔄 RESTAURANDO mejor solución...
2025-10-20 10:16:30,359 - INFO - 🌟 MEJORA #241 en iter 40951: Fitness=142.7 (+0.0), Puntos=16213
2025-10-20 10:16:30,447 - INFO - 🌟 MEJORA #242 en iter 40952: Fitness=142.7 (+0.0), Puntos=16213
2025-10-20 10:16:31,786 - INFO - 🌟 MEJORA #243 en iter 40967: Fitness=142.7 (+0.0), Puntos=16213
2025-10-20 10:16:34,712 - INFO -   Iter 41000 | Tiempo:   43.5min (18.1%) | T =     1.78 | Fitness =    138.8 | Mejor =    142.7 | Aceptación =  78.9%
2025-10-20 10:16:34,712 - INFO - Progreso iter 41000: T=1.78, Fitness=138.8, Mejor=142.7, Tasa_acept=78.9%
2025-10-20 10:16:34,713 - DEBUG - Iter 41000: T=1.78, Fitness_actual=138.8, Mejor=142.7
2025-10-20 10:16:43,679 - DEBUG - Iter 41100: T=1.78, Fitness_actual=129.3, Mejor=142.7
2025-10-20 10:16:52,640 - WARNING - ⚠️  DEGRADACIÓN DETECTADA en iter 41200:
2025-10-20 10:16:52,640 - WARNING -    Mejor fitness: 142.7
2025-10-20 10:16:52,640 - WARNING -    Fitness promedio reciente: 120.8
2025-10-20 10:16:52,641 - WARNING -    Degradación: 22.0
2025-10-20 10:16:52,641 - WARNING -    🔄 RESTAURANDO mejor solución...
2025-10-20 10:16:52,642 - DEBUG - Iter 41200: T=1.78, Fitness_actual=142.7, Mejor=142.7
2025-10-20 10:16:52,642 - INFO - 🌟 MEJORA #244 en iter 41200: Fitness=142.7 (+0.0), Puntos=16213
2025-10-20 10:17:01,537 - DEBUG - Iter 41300: T=1.77, Fitness_actual=130.3, Mejor=142.7
2025-10-20 10:17:10,396 - DEBUG - Iter 41400: T=1.77, Fitness_actual=123.8, Mejor=142.7
2025-10-20 10:17:19,269 - INFO -   Iter 41500 | Tiempo:   44.3min (18.4%) | T =     1.77 | Fitness =    116.7 | Mejor =    142.7 | Aceptación =  78.8%
2025-10-20 10:17:19,270 - INFO - Progreso iter 41500: T=1.77, Fitness=116.7, Mejor=142.7, Tasa_acept=78.8%
2025-10-20 10:17:19,271 - DEBUG - Iter 41500: T=1.77, Fitness_actual=116.7, Mejor=142.7
2025-10-20 10:17:23,746 - WARNING - ⚠️  DEGRADACIÓN DETECTADA en iter 41550:
2025-10-20 10:17:23,746 - WARNING -    Mejor fitness: 142.7
2025-10-20 10:17:23,746 - WARNING -    Fitness promedio reciente: 115.1
2025-10-20 10:17:23,746 - WARNING -    Degradación: 27.6
2025-10-20 10:17:23,747 - WARNING -    🔄 RESTAURANDO mejor solución...
2025-10-20 10:17:28,188 - DEBUG - Iter 41600: T=1.76, Fitness_actual=135.0, Mejor=142.7
2025-10-20 10:17:37,175 - WARNING - ⚠️  DEGRADACIÓN DETECTADA en iter 41700:
2025-10-20 10:17:37,175 - WARNING -    Mejor fitness: 142.7
2025-10-20 10:17:37,175 - WARNING -    Fitness promedio reciente: 113.9
2025-10-20 10:17:37,175 - WARNING -    Degradación: 28.9
2025-10-20 10:17:37,175 - WARNING -    🔄 RESTAURANDO mejor solución...
2025-10-20 10:17:37,177 - DEBUG - Iter 41700: T=1.76, Fitness_actual=142.7, Mejor=142.7
2025-10-20 10:17:46,231 - DEBUG - Iter 41800: T=1.76, Fitness_actual=129.8, Mejor=142.7
2025-10-20 10:17:55,192 - WARNING - ⚠️  DEGRADACIÓN DETECTADA en iter 41900:
2025-10-20 10:17:55,192 - WARNING -    Mejor fitness: 142.7
2025-10-20 10:17:55,192 - WARNING -    Fitness promedio reciente: 117.8
2025-10-20 10:17:55,192 - WARNING -    Degradación: 24.9
2025-10-20 10:17:55,192 - WARNING -    🔄 RESTAURANDO mejor solución...
2025-10-20 10:17:55,194 - DEBUG - Iter 41900: T=1.76, Fitness_actual=142.7, Mejor=142.7
2025-10-20 10:18:04,222 - INFO -   Iter 42000 | Tiempo:   45.0min (18.8%) | T =     1.75 | Fitness =    130.4 | Mejor =    142.7 | Aceptación =  78.7%
2025-10-20 10:18:04,222 - INFO - Progreso iter 42000: T=1.75, Fitness=130.4, Mejor=142.7, Tasa_acept=78.7%
2025-10-20 10:18:04,225 - DEBUG - Iter 42000: T=1.75, Fitness_actual=130.4, Mejor=142.7
2025-10-20 10:18:13,254 - DEBUG - Iter 42100: T=1.75, Fitness_actual=120.1, Mejor=142.7
2025-10-20 10:18:17,786 - WARNING - ⚠️  DEGRADACIÓN DETECTADA en iter 42150:
2025-10-20 10:18:17,786 - WARNING -    Mejor fitness: 142.7
2025-10-20 10:18:17,787 - WARNING -    Fitness promedio reciente: 120.7
2025-10-20 10:18:17,787 - WARNING -    Degradación: 22.0
2025-10-20 10:18:17,787 - WARNING -    🔄 RESTAURANDO mejor solución...
2025-10-20 10:18:22,314 - DEBUG - Iter 42200: T=1.75, Fitness_actual=138.0, Mejor=142.7
2025-10-20 10:18:31,551 - DEBUG - Iter 42300: T=1.74, Fitness_actual=126.0, Mejor=142.7
2025-10-20 10:18:40,687 - DEBUG - Iter 42400: T=1.74, Fitness_actual=124.6, Mejor=142.7
2025-10-20 10:18:49,949 - INFO -   Iter 42500 | Tiempo:   45.8min (19.1%) | T =     1.74 | Fitness =    124.3 | Mejor =    142.7 | Aceptación =  78.6%
2025-10-20 10:18:49,949 - INFO - Progreso iter 42500: T=1.74, Fitness=124.3, Mejor=142.7, Tasa_acept=78.6%
2025-10-20 10:18:49,949 - WARNING - ⚠️  DEGRADACIÓN DETECTADA en iter 42500:
2025-10-20 10:18:49,950 - WARNING -    Mejor fitness: 142.7
2025-10-20 10:18:49,950 - WARNING -    Fitness promedio reciente: 122.7
2025-10-20 10:18:49,950 - WARNING -    Degradación: 20.1
2025-10-20 10:18:49,950 - WARNING -    🔄 RESTAURANDO mejor solución...
2025-10-20 10:18:49,951 - DEBUG - Iter 42500: T=1.74, Fitness_actual=142.7, Mejor=142.7
2025-10-20 10:18:49,951 - INFO - 🌟 MEJORA #245 en iter 42500: Fitness=142.7 (+0.0), Puntos=16213
2025-10-20 10:18:49,951 - INFO -   ✨ Mejora #245 en iteración 42501: Fitness = 142.7 | Puntos = 16213 | T = 1.74
2025-10-20 10:18:59,152 - DEBUG - Iter 42600: T=1.73, Fitness_actual=131.6, Mejor=142.7
2025-10-20 10:19:08,644 - WARNING - ⚠️  DEGRADACIÓN DETECTADA en iter 42700:
2025-10-20 10:19:08,644 - WARNING -    Mejor fitness: 142.7
2025-10-20 10:19:08,645 - WARNING -    Fitness promedio reciente: 120.4
2025-10-20 10:19:08,645 - WARNING -    Degradación: 22.3
2025-10-20 10:19:08,645 - WARNING -    🔄 RESTAURANDO mejor solución...
2025-10-20 10:19:08,646 - DEBUG - Iter 42700: T=1.73, Fitness_actual=142.7, Mejor=142.7
2025-10-20 10:19:09,332 - INFO - 🌟 MEJORA #246 en iter 42707: Fitness=142.7 (+0.0), Puntos=16212
2025-10-20 10:19:18,709 - DEBUG - Iter 42800: T=1.73, Fitness_actual=127.6, Mejor=142.7
2025-10-20 10:19:28,639 - DEBUG - Iter 42900: T=1.72, Fitness_actual=124.6, Mejor=142.7
2025-10-20 10:19:33,179 - WARNING - ⚠️  DEGRADACIÓN DETECTADA en iter 42950:
2025-10-20 10:19:33,179 - WARNING -    Mejor fitness: 142.7
2025-10-20 10:19:33,179 - WARNING -    Fitness promedio reciente: 122.0
2025-10-20 10:19:33,180 - WARNING -    Degradación: 20.7
2025-10-20 10:19:33,180 - WARNING -    🔄 RESTAURANDO mejor solución...
2025-10-20 10:19:33,368 - INFO - 🌟 MEJORA #247 en iter 42952: Fitness=142.7 (+0.0), Puntos=16212
2025-10-20 10:19:37,753 - INFO -   Iter 43000 | Tiempo:   46.6min (19.4%) | T =     1.72 | Fitness =    136.5 | Mejor =    142.7 | Aceptación =  78.6%
2025-10-20 10:19:37,753 - INFO - Progreso iter 43000: T=1.72, Fitness=136.5, Mejor=142.7, Tasa_acept=78.6%
2025-10-20 10:19:37,755 - DEBUG - Iter 43000: T=1.72, Fitness_actual=136.5, Mejor=142.7
2025-10-20 10:19:47,009 - DEBUG - Iter 43100: T=1.72, Fitness_actual=128.9, Mejor=142.7
2025-10-20 10:19:56,298 - DEBUG - Iter 43200: T=1.71, Fitness_actual=124.6, Mejor=142.7
2025-10-20 10:20:00,913 - WARNING - ⚠️  DEGRADACIÓN DETECTADA en iter 43250:
2025-10-20 10:20:00,913 - WARNING -    Mejor fitness: 142.7
2025-10-20 10:20:00,914 - WARNING -    Fitness promedio reciente: 115.3
2025-10-20 10:20:00,914 - WARNING -    Degradación: 27.4
2025-10-20 10:20:00,914 - WARNING -    🔄 RESTAURANDO mejor solución...
2025-10-20 10:20:00,915 - INFO - 🌟 MEJORA #248 en iter 43250: Fitness=142.7 (+0.0), Puntos=16212
2025-10-20 10:20:01,097 - INFO - 🌟 MEJORA #249 en iter 43252: Fitness=142.7 (+0.0), Puntos=16213
2025-10-20 10:20:01,277 - INFO - 🌟 MEJORA #250 en iter 43254: Fitness=142.7 (+0.0), Puntos=16213
2025-10-20 10:20:01,277 - INFO -   ✨ Mejora #250 en iteración 43255: Fitness = 142.7 | Puntos = 16213 | T = 1.71
2025-10-20 10:20:05,484 - DEBUG - Iter 43300: T=1.71, Fitness_actual=139.5, Mejor=142.7
2025-10-20 10:20:14,622 - DEBUG - Iter 43400: T=1.71, Fitness_actual=135.0, Mejor=142.7
2025-10-20 10:20:23,736 - INFO -   Iter 43500 | Tiempo:   47.3min (19.7%) | T =     1.70 | Fitness =    127.2 | Mejor =    142.7 | Aceptación =  78.5%
2025-10-20 10:20:23,736 - INFO - Progreso iter 43500: T=1.70, Fitness=127.2, Mejor=142.7, Tasa_acept=78.5%
2025-10-20 10:20:23,737 - DEBUG - Iter 43500: T=1.70, Fitness_actual=127.2, Mejor=142.7
2025-10-20 10:20:32,883 - WARNING - ⚠️  DEGRADACIÓN DETECTADA en iter 43600:
2025-10-20 10:20:32,883 - WARNING -    Mejor fitness: 142.7
2025-10-20 10:20:32,883 - WARNING -    Fitness promedio reciente: 119.8
2025-10-20 10:20:32,883 - WARNING -    Degradación: 23.0
2025-10-20 10:20:32,883 - WARNING -    🔄 RESTAURANDO mejor solución...
2025-10-20 10:20:32,884 - DEBUG - Iter 43600: T=1.70, Fitness_actual=142.7, Mejor=142.7
2025-10-20 10:20:42,093 - DEBUG - Iter 43700: T=1.70, Fitness_actual=131.1, Mejor=142.7
2025-10-20 10:20:51,212 - DEBUG - Iter 43800: T=1.70, Fitness_actual=123.3, Mejor=142.7
2025-10-20 10:21:00,391 - DEBUG - Iter 43900: T=1.69, Fitness_actual=122.2, Mejor=142.7
2025-10-20 10:21:04,961 - WARNING - ⚠️  DEGRADACIÓN DETECTADA en iter 43950:
2025-10-20 10:21:04,961 - WARNING -    Mejor fitness: 142.7
2025-10-20 10:21:04,961 - WARNING -    Fitness promedio reciente: 119.6
2025-10-20 10:21:04,961 - WARNING -    Degradación: 23.2
2025-10-20 10:21:04,962 - WARNING -    🔄 RESTAURANDO mejor solución...
2025-10-20 10:21:09,525 - INFO -   Iter 44000 | Tiempo:   48.1min (20.0%) | T =     1.69 | Fitness =    132.1 | Mejor =    142.7 | Aceptación =  78.4%
2025-10-20 10:21:09,525 - INFO - Progreso iter 44000: T=1.69, Fitness=132.1, Mejor=142.7, Tasa_acept=78.4%
2025-10-20 10:21:09,527 - DEBUG - Iter 44000: T=1.69, Fitness_actual=132.1, Mejor=142.7
2025-10-20 10:21:18,957 - DEBUG - Iter 44100: T=1.69, Fitness_actual=129.2, Mejor=142.7
2025-10-20 10:21:28,153 - DEBUG - Iter 44200: T=1.68, Fitness_actual=122.4, Mejor=142.7
2025-10-20 10:21:32,748 - WARNING - ⚠️  DEGRADACIÓN DETECTADA en iter 44250:
2025-10-20 10:21:32,748 - WARNING -    Mejor fitness: 142.7
2025-10-20 10:21:32,748 - WARNING -    Fitness promedio reciente: 121.4
2025-10-20 10:21:32,749 - WARNING -    Degradación: 21.3
2025-10-20 10:21:32,749 - WARNING -    🔄 RESTAURANDO mejor solución...
2025-10-20 10:21:32,750 - INFO - 🌟 MEJORA #251 en iter 44250: Fitness=142.7 (+0.0), Puntos=16213
2025-10-20 10:21:37,352 - DEBUG - Iter 44300: T=1.68, Fitness_actual=138.5, Mejor=142.7
2025-10-20 10:21:46,703 - DEBUG - Iter 44400: T=1.68, Fitness_actual=124.6, Mejor=142.7
2025-10-20 10:21:51,386 - WARNING - ⚠️  DEGRADACIÓN DETECTADA en iter 44450:
2025-10-20 10:21:51,386 - WARNING -    Mejor fitness: 142.7
2025-10-20 10:21:51,387 - WARNING -    Fitness promedio reciente: 115.0
2025-10-20 10:21:51,387 - WARNING -    Degradación: 27.7
2025-10-20 10:21:51,387 - WARNING -    🔄 RESTAURANDO mejor solución...
2025-10-20 10:21:56,054 - INFO -   Iter 44500 | Tiempo:   48.9min (20.4%) | T =     1.67 | Fitness =    137.3 | Mejor =    142.7 | Aceptación =  78.4%
2025-10-20 10:21:56,055 - INFO - Progreso iter 44500: T=1.67, Fitness=137.3, Mejor=142.7, Tasa_acept=78.4%
2025-10-20 10:21:56,057 - DEBUG - Iter 44500: T=1.67, Fitness_actual=137.3, Mejor=142.7
2025-10-20 10:22:06,011 - WARNING - ⚠️  DEGRADACIÓN DETECTADA en iter 44600:
2025-10-20 10:22:06,011 - WARNING -    Mejor fitness: 142.7
2025-10-20 10:22:06,011 - WARNING -    Fitness promedio reciente: 120.5
2025-10-20 10:22:06,011 - WARNING -    Degradación: 22.2
2025-10-20 10:22:06,011 - WARNING -    🔄 RESTAURANDO mejor solución...
2025-10-20 10:22:06,016 - DEBUG - Iter 44600: T=1.67, Fitness_actual=142.7, Mejor=142.7
2025-10-20 10:22:16,346 - DEBUG - Iter 44700: T=1.67, Fitness_actual=139.0, Mejor=142.7
2025-10-20 10:22:25,916 - DEBUG - Iter 44800: T=1.66, Fitness_actual=128.6, Mejor=142.7
2025-10-20 10:22:35,489 - DEBUG - Iter 44900: T=1.66, Fitness_actual=125.3, Mejor=142.7
2025-10-20 10:22:45,119 - INFO -   Iter 45000 | Tiempo:   49.7min (20.7%) | T =     1.66 | Fitness =    123.6 | Mejor =    142.7 | Aceptación =  78.2%
2025-10-20 10:22:45,119 - INFO - Progreso iter 45000: T=1.66, Fitness=123.6, Mejor=142.7, Tasa_acept=78.2%
2025-10-20 10:22:45,119 - WARNING - ⚠️  DEGRADACIÓN DETECTADA en iter 45000:
2025-10-20 10:22:45,119 - WARNING -    Mejor fitness: 142.7
2025-10-20 10:22:45,119 - WARNING -    Fitness promedio reciente: 122.5
2025-10-20 10:22:45,119 - WARNING -    Degradación: 20.2
2025-10-20 10:22:45,120 - WARNING -    🔄 RESTAURANDO mejor solución...
2025-10-20 10:22:45,121 - DEBUG - Iter 45000: T=1.66, Fitness_actual=142.7, Mejor=142.7
2025-10-20 10:22:45,408 - INFO - 🌟 MEJORA #252 en iter 45003: Fitness=142.8 (+0.1), Puntos=16223
2025-10-20 10:22:45,706 - INFO - 🌟 MEJORA #253 en iter 45006: Fitness=142.8 (+0.0), Puntos=16223
2025-10-20 10:22:45,803 - INFO - 🌟 MEJORA #254 en iter 45007: Fitness=142.8 (+0.0), Puntos=16223
2025-10-20 10:22:47,249 - INFO - 🌟 MEJORA #255 en iter 45022: Fitness=143.0 (+0.1), Puntos=16237
2025-10-20 10:22:47,250 - INFO -   ✨ Mejora #255 en iteración 45023: Fitness = 143.0 | Puntos = 16237 | T = 1.66
2025-10-20 10:22:54,544 - DEBUG - Iter 45100: T=1.66, Fitness_actual=128.0, Mejor=143.0
2025-10-20 10:23:03,957 - DEBUG - Iter 45200: T=1.65, Fitness_actual=126.9, Mejor=143.0
2025-10-20 10:23:13,372 - WARNING - ⚠️  DEGRADACIÓN DETECTADA en iter 45300:
2025-10-20 10:23:13,372 - WARNING -    Mejor fitness: 143.0
2025-10-20 10:23:13,372 - WARNING -    Fitness promedio reciente: 122.1
2025-10-20 10:23:13,373 - WARNING -    Degradación: 20.9
2025-10-20 10:23:13,373 - WARNING -    🔄 RESTAURANDO mejor solución...
2025-10-20 10:23:13,376 - DEBUG - Iter 45300: T=1.65, Fitness_actual=143.0, Mejor=143.0
2025-10-20 10:23:16,161 - INFO - 🌟 MEJORA #256 en iter 45329: Fitness=143.8 (+0.8), Puntos=16220
2025-10-20 10:23:23,018 - DEBUG - Iter 45400: T=1.65, Fitness_actual=134.5, Mejor=143.8
2025-10-20 10:23:32,598 - INFO -   Iter 45500 | Tiempo:   50.5min (21.0%) | T =     1.64 | Fitness =    129.0 | Mejor =    143.8 | Aceptación =  78.1%
2025-10-20 10:23:32,598 - INFO - Progreso iter 45500: T=1.64, Fitness=129.0, Mejor=143.8, Tasa_acept=78.1%
2025-10-20 10:23:32,600 - DEBUG - Iter 45500: T=1.64, Fitness_actual=129.0, Mejor=143.8
2025-10-20 10:23:42,171 - DEBUG - Iter 45600: T=1.64, Fitness_actual=128.0, Mejor=143.8
2025-10-20 10:23:52,361 - DEBUG - Iter 45700: T=1.64, Fitness_actual=123.8, Mejor=143.8
2025-10-20 10:23:57,694 - WARNING - ⚠️  DEGRADACIÓN DETECTADA en iter 45750:
2025-10-20 10:23:57,694 - WARNING -    Mejor fitness: 143.8
2025-10-20 10:23:57,694 - WARNING -    Fitness promedio reciente: 122.9
2025-10-20 10:23:57,694 - WARNING -    Degradación: 21.0
2025-10-20 10:23:57,694 - WARNING -    🔄 RESTAURANDO mejor solución...
2025-10-20 10:24:02,796 - DEBUG - Iter 45800: T=1.63, Fitness_actual=137.0, Mejor=143.8
2025-10-20 10:24:12,360 - DEBUG - Iter 45900: T=1.63, Fitness_actual=128.3, Mejor=143.8
2025-10-20 10:24:17,082 - WARNING - ⚠️  DEGRADACIÓN DETECTADA en iter 45950:
2025-10-20 10:24:17,083 - WARNING -    Mejor fitness: 143.8
2025-10-20 10:24:17,083 - WARNING -    Fitness promedio reciente: 123.5
2025-10-20 10:24:17,083 - WARNING -    Degradación: 20.3
2025-10-20 10:24:17,083 - WARNING -    🔄 RESTAURANDO mejor solución...
2025-10-20 10:24:21,800 - INFO -   Iter 46000 | Tiempo:   51.3min (21.4%) | T =     1.63 | Fitness =    138.0 | Mejor =    143.8 | Aceptación =  78.1%
2025-10-20 10:24:21,800 - INFO - Progreso iter 46000: T=1.63, Fitness=138.0, Mejor=143.8, Tasa_acept=78.1%
2025-10-20 10:24:21,802 - DEBUG - Iter 46000: T=1.63, Fitness_actual=138.0, Mejor=143.8
2025-10-20 10:24:31,258 - DEBUG - Iter 46100: T=1.62, Fitness_actual=130.5, Mejor=143.8
2025-10-20 10:24:40,733 - DEBUG - Iter 46200: T=1.62, Fitness_actual=131.1, Mejor=143.8
2025-10-20 10:24:50,218 - WARNING - ⚠️  DEGRADACIÓN DETECTADA en iter 46300:
2025-10-20 10:24:50,218 - WARNING -    Mejor fitness: 143.8
2025-10-20 10:24:50,219 - WARNING -    Fitness promedio reciente: 123.1
2025-10-20 10:24:50,219 - WARNING -    Degradación: 20.7
2025-10-20 10:24:50,219 - WARNING -    🔄 RESTAURANDO mejor solución...
2025-10-20 10:24:50,222 - DEBUG - Iter 46300: T=1.62, Fitness_actual=143.8, Mejor=143.8
2025-10-20 10:24:50,510 - INFO - 🌟 MEJORA #257 en iter 46303: Fitness=143.8 (+0.0), Puntos=16220
2025-10-20 10:24:59,694 - DEBUG - Iter 46400: T=1.62, Fitness_actual=135.4, Mejor=143.8
2025-10-20 10:25:09,186 - INFO -   Iter 46500 | Tiempo:   52.1min (21.7%) | T =     1.61 | Fitness =    129.1 | Mejor =    143.8 | Aceptación =  78.0%
2025-10-20 10:25:09,187 - INFO - Progreso iter 46500: T=1.61, Fitness=129.1, Mejor=143.8, Tasa_acept=78.0%
2025-10-20 10:25:09,189 - DEBUG - Iter 46500: T=1.61, Fitness_actual=129.1, Mejor=143.8
2025-10-20 10:25:18,732 - DEBUG - Iter 46600: T=1.61, Fitness_actual=122.6, Mejor=143.8
2025-10-20 10:25:23,500 - WARNING - ⚠️  DEGRADACIÓN DETECTADA en iter 46650:
2025-10-20 10:25:23,500 - WARNING -    Mejor fitness: 143.8
2025-10-20 10:25:23,500 - WARNING -    Fitness promedio reciente: 120.3
2025-10-20 10:25:23,500 - WARNING -    Degradación: 23.5
2025-10-20 10:25:23,500 - WARNING -    🔄 RESTAURANDO mejor solución...
2025-10-20 10:25:23,502 - INFO - 🌟 MEJORA #258 en iter 46650: Fitness=143.8 (+0.0), Puntos=16220
2025-10-20 10:25:25,787 - INFO - Iter 46674: Aceptada solución con delta=-11.9 (T=1.61)
2025-10-20 10:25:25,787 - INFO -   📊 Desglose del cambio:
2025-10-20 10:25:25,788 - INFO -      Puntos: -536 → 15683 total
2025-10-20 10:25:25,788 - INFO -      Tiempo: -300.1min → 13528.9min total
2025-10-20 10:25:25,788 - INFO -      Distancia: +5.8km → 133.7km total
2025-10-20 10:25:28,276 - DEBUG - Iter 46700: T=1.61, Fitness_actual=126.8, Mejor=143.8
2025-10-20 10:25:37,787 - DEBUG - Iter 46800: T=1.60, Fitness_actual=122.7, Mejor=143.8
2025-10-20 10:25:42,549 - WARNING - ⚠️  DEGRADACIÓN DETECTADA en iter 46850:
2025-10-20 10:25:42,549 - WARNING -    Mejor fitness: 143.8
2025-10-20 10:25:42,549 - WARNING -    Fitness promedio reciente: 120.0
2025-10-20 10:25:42,550 - WARNING -    Degradación: 23.8
2025-10-20 10:25:42,550 - WARNING -    🔄 RESTAURANDO mejor solución...
2025-10-20 10:25:47,323 - DEBUG - Iter 46900: T=1.60, Fitness_actual=136.5, Mejor=143.8
2025-10-20 10:25:57,329 - INFO -   Iter 47000 | Tiempo:   52.9min (22.0%) | T =     1.60 | Fitness =    131.5 | Mejor =    143.8 | Aceptación =  77.9%
2025-10-20 10:25:57,329 - INFO - Progreso iter 47000: T=1.60, Fitness=131.5, Mejor=143.8, Tasa_acept=77.9%
2025-10-20 10:25:57,332 - DEBUG - Iter 47000: T=1.60, Fitness_actual=131.5, Mejor=143.8
2025-10-20 10:26:07,956 - DEBUG - Iter 47100: T=1.59, Fitness_actual=123.4, Mejor=143.8
2025-10-20 10:26:13,350 - WARNING - ⚠️  DEGRADACIÓN DETECTADA en iter 47150:
2025-10-20 10:26:13,350 - WARNING -    Mejor fitness: 143.8
2025-10-20 10:26:13,350 - WARNING -    Fitness promedio reciente: 121.9
2025-10-20 10:26:13,350 - WARNING -    Degradación: 21.9
2025-10-20 10:26:13,351 - WARNING -    🔄 RESTAURANDO mejor solución...
2025-10-20 10:26:13,768 - INFO - 🌟 MEJORA #259 en iter 47154: Fitness=144.0 (+0.1), Puntos=16235
2025-10-20 10:26:14,025 - INFO - 🌟 MEJORA #260 en iter 47156: Fitness=144.0 (+0.0), Puntos=16237
2025-10-20 10:26:14,025 - INFO -   ✨ Mejora #260 en iteración 47157: Fitness = 144.0 | Puntos = 16237 | T = 1.59
2025-10-20 10:26:14,231 - INFO - 🌟 MEJORA #261 en iter 47158: Fitness=144.5 (+0.5), Puntos=16187
2025-10-20 10:26:18,645 - DEBUG - Iter 47200: T=1.59, Fitness_actual=136.1, Mejor=144.5
2025-10-20 10:26:28,719 - DEBUG - Iter 47300: T=1.59, Fitness_actual=125.5, Mejor=144.5
2025-10-20 10:26:38,258 - WARNING - ⚠️  DEGRADACIÓN DETECTADA en iter 47400:
2025-10-20 10:26:38,258 - WARNING -    Mejor fitness: 144.5
2025-10-20 10:26:38,258 - WARNING -    Fitness promedio reciente: 118.0
2025-10-20 10:26:38,259 - WARNING -    Degradación: 26.5
2025-10-20 10:26:38,259 - WARNING -    🔄 RESTAURANDO mejor solución...
2025-10-20 10:26:38,262 - DEBUG - Iter 47400: T=1.58, Fitness_actual=144.5, Mejor=144.5
2025-10-20 10:26:47,932 - INFO -   Iter 47500 | Tiempo:   53.7min (22.4%) | T =     1.58 | Fitness =    129.1 | Mejor =    144.5 | Aceptación =  77.9%
2025-10-20 10:26:47,933 - INFO - Progreso iter 47500: T=1.58, Fitness=129.1, Mejor=144.5, Tasa_acept=77.9%
2025-10-20 10:26:47,935 - DEBUG - Iter 47500: T=1.58, Fitness_actual=129.1, Mejor=144.5
2025-10-20 10:26:57,588 - DEBUG - Iter 47600: T=1.58, Fitness_actual=122.8, Mejor=144.5
2025-10-20 10:27:02,516 - WARNING - ⚠️  DEGRADACIÓN DETECTADA en iter 47650:
2025-10-20 10:27:02,516 - WARNING -    Mejor fitness: 144.5
2025-10-20 10:27:02,517 - WARNING -    Fitness promedio reciente: 121.5
2025-10-20 10:27:02,517 - WARNING -    Degradación: 23.0
2025-10-20 10:27:02,517 - WARNING -    🔄 RESTAURANDO mejor solución...
2025-10-20 10:27:07,365 - DEBUG - Iter 47700: T=1.58, Fitness_actual=139.4, Mejor=144.5
2025-10-20 10:27:17,202 - DEBUG - Iter 47800: T=1.57, Fitness_actual=130.6, Mejor=144.5
2025-10-20 10:27:27,016 - WARNING - ⚠️  DEGRADACIÓN DETECTADA en iter 47900:
2025-10-20 10:27:27,016 - WARNING -    Mejor fitness: 144.5
2025-10-20 10:27:27,016 - WARNING -    Fitness promedio reciente: 123.3
2025-10-20 10:27:27,016 - WARNING -    Degradación: 21.2
2025-10-20 10:27:27,016 - WARNING -    🔄 RESTAURANDO mejor solución...
2025-10-20 10:27:27,018 - DEBUG - Iter 47900: T=1.57, Fitness_actual=144.5, Mejor=144.5
2025-10-20 10:27:37,742 - INFO -   Iter 48000 | Tiempo:   54.6min (22.7%) | T =     1.57 | Fitness =    140.5 | Mejor =    144.5 | Aceptación =  77.8%
2025-10-20 10:27:37,742 - INFO - Progreso iter 48000: T=1.57, Fitness=140.5, Mejor=144.5, Tasa_acept=77.8%
2025-10-20 10:27:37,743 - DEBUG - Iter 48000: T=1.57, Fitness_actual=140.5, Mejor=144.5
2025-10-20 10:27:48,370 - DEBUG - Iter 48100: T=1.56, Fitness_actual=137.1, Mejor=144.5
2025-10-20 10:27:58,248 - DEBUG - Iter 48200: T=1.56, Fitness_actual=127.6, Mejor=144.5
2025-10-20 10:28:08,117 - WARNING - ⚠️  DEGRADACIÓN DETECTADA en iter 48300:
2025-10-20 10:28:08,117 - WARNING -    Mejor fitness: 144.5
2025-10-20 10:28:08,118 - WARNING -    Fitness promedio reciente: 123.3
2025-10-20 10:28:08,118 - WARNING -    Degradación: 21.1
2025-10-20 10:28:08,118 - WARNING -    🔄 RESTAURANDO mejor solución...
2025-10-20 10:28:08,119 - DEBUG - Iter 48300: T=1.56, Fitness_actual=144.5, Mejor=144.5
2025-10-20 10:28:08,119 - INFO - 🌟 MEJORA #262 en iter 48300: Fitness=144.6 (+0.1), Puntos=16194
2025-10-20 10:28:18,028 - DEBUG - Iter 48400: T=1.55, Fitness_actual=136.8, Mejor=144.6
2025-10-20 10:28:27,999 - INFO -   Iter 48500 | Tiempo:   55.4min (23.1%) | T =     1.55 | Fitness =    129.9 | Mejor =    144.6 | Aceptación =  77.6%
2025-10-20 10:28:27,999 - INFO - Progreso iter 48500: T=1.55, Fitness=129.9, Mejor=144.6, Tasa_acept=77.6%
2025-10-20 10:28:28,001 - DEBUG - Iter 48500: T=1.55, Fitness_actual=129.9, Mejor=144.6
2025-10-20 10:28:38,046 - DEBUG - Iter 48600: T=1.55, Fitness_actual=125.5, Mejor=144.6
2025-10-20 10:28:43,293 - WARNING - ⚠️  DEGRADACIÓN DETECTADA en iter 48650:
2025-10-20 10:28:43,293 - WARNING -    Mejor fitness: 144.6
2025-10-20 10:28:43,294 - WARNING -    Fitness promedio reciente: 123.9
2025-10-20 10:28:43,294 - WARNING -    Degradación: 20.7
2025-10-20 10:28:43,294 - WARNING -    🔄 RESTAURANDO mejor solución...
2025-10-20 10:28:48,764 - DEBUG - Iter 48700: T=1.54, Fitness_actual=138.9, Mejor=144.6
2025-10-20 10:28:59,730 - DEBUG - Iter 48800: T=1.54, Fitness_actual=126.3, Mejor=144.6
2025-10-20 10:29:10,035 - DEBUG - Iter 48900: T=1.54, Fitness_actual=125.9, Mejor=144.6
2025-10-20 10:29:15,024 - WARNING - ⚠️  DEGRADACIÓN DETECTADA en iter 48950:
2025-10-20 10:29:15,024 - WARNING -    Mejor fitness: 144.6
2025-10-20 10:29:15,024 - WARNING -    Fitness promedio reciente: 122.2
2025-10-20 10:29:15,024 - WARNING -    Degradación: 22.4
2025-10-20 10:29:15,024 - WARNING -    🔄 RESTAURANDO mejor solución...
2025-10-20 10:29:19,952 - INFO -   Iter 49000 | Tiempo:   56.3min (23.4%) | T =     1.54 | Fitness =    142.3 | Mejor =    144.6 | Aceptación =  77.6%
2025-10-20 10:29:19,953 - INFO - Progreso iter 49000: T=1.54, Fitness=142.3, Mejor=144.6, Tasa_acept=77.6%
2025-10-20 10:29:19,954 - DEBUG - Iter 49000: T=1.54, Fitness_actual=142.3, Mejor=144.6
2025-10-20 10:29:29,864 - DEBUG - Iter 49100: T=1.53, Fitness_actual=136.5, Mejor=144.6
2025-10-20 10:29:39,895 - DEBUG - Iter 49200: T=1.53, Fitness_actual=129.0, Mejor=144.6
2025-10-20 10:29:49,916 - DEBUG - Iter 49300: T=1.53, Fitness_actual=122.2, Mejor=144.6
2025-10-20 10:29:54,908 - WARNING - ⚠️  DEGRADACIÓN DETECTADA en iter 49350:
2025-10-20 10:29:54,908 - WARNING -    Mejor fitness: 144.6
2025-10-20 10:29:54,908 - WARNING -    Fitness promedio reciente: 121.3
2025-10-20 10:29:54,908 - WARNING -    Degradación: 23.2
2025-10-20 10:29:54,908 - WARNING -    🔄 RESTAURANDO mejor solución...
2025-10-20 10:29:55,008 - INFO - 🌟 MEJORA #263 en iter 49351: Fitness=144.6 (+0.0), Puntos=16194
2025-10-20 10:29:55,108 - INFO - 🌟 MEJORA #264 en iter 49352: Fitness=144.6 (+0.0), Puntos=16194
2025-10-20 10:29:59,885 - DEBUG - Iter 49400: T=1.52, Fitness_actual=143.7, Mejor=144.6
2025-10-20 10:30:09,997 - INFO -   Iter 49500 | Tiempo:   57.1min (23.8%) | T =     1.52 | Fitness =    117.6 | Mejor =    144.6 | Aceptación =  77.4%
2025-10-20 10:30:09,997 - INFO - Progreso iter 49500: T=1.52, Fitness=117.6, Mejor=144.6, Tasa_acept=77.4%
2025-10-20 10:30:10,000 - DEBUG - Iter 49500: T=1.52, Fitness_actual=117.6, Mejor=144.6
2025-10-20 10:30:15,081 - WARNING - ⚠️  DEGRADACIÓN DETECTADA en iter 49550:
2025-10-20 10:30:15,081 - WARNING -    Mejor fitness: 144.6
2025-10-20 10:30:15,082 - WARNING -    Fitness promedio reciente: 117.6
2025-10-20 10:30:15,082 - WARNING -    Degradación: 26.9
2025-10-20 10:30:15,082 - WARNING -    🔄 RESTAURANDO mejor solución...
2025-10-20 10:30:15,184 - INFO - 🌟 MEJORA #265 en iter 49551: Fitness=144.6 (+0.0), Puntos=16194
2025-10-20 10:30:15,185 - INFO -   ✨ Mejora #265 en iteración 49552: Fitness = 144.6 | Puntos = 16194 | T = 1.52
2025-10-20 10:30:20,484 - DEBUG - Iter 49600: T=1.52, Fitness_actual=141.6, Mejor=144.6
2025-10-20 10:30:31,433 - DEBUG - Iter 49700: T=1.51, Fitness_actual=133.8, Mejor=144.6
2025-10-20 10:30:41,551 - DEBUG - Iter 49800: T=1.51, Fitness_actual=125.2, Mejor=144.6
2025-10-20 10:30:46,582 - WARNING - ⚠️  DEGRADACIÓN DETECTADA en iter 49850:
2025-10-20 10:30:46,583 - WARNING -    Mejor fitness: 144.6
2025-10-20 10:30:46,583 - WARNING -    Fitness promedio reciente: 123.7
2025-10-20 10:30:46,583 - WARNING -    Degradación: 20.9
2025-10-20 10:30:46,583 - WARNING -    🔄 RESTAURANDO mejor solución...
2025-10-20 10:30:46,785 - INFO - 🌟 MEJORA #266 en iter 49852: Fitness=144.6 (+0.0), Puntos=16194
2025-10-20 10:30:47,096 - INFO - 🌟 MEJORA #267 en iter 49855: Fitness=144.6 (+0.0), Puntos=16194
2025-10-20 10:30:51,619 - DEBUG - Iter 49900: T=1.51, Fitness_actual=137.1, Mejor=144.6
2025-10-20 10:31:01,622 - INFO -   Iter 50000 | Tiempo:   58.0min (24.2%) | T =     1.51 | Fitness =    124.5 | Mejor =    144.6 | Aceptación =  77.3%
2025-10-20 10:31:01,623 - INFO - Progreso iter 50000: T=1.51, Fitness=124.5, Mejor=144.6, Tasa_acept=77.3%
2025-10-20 10:31:01,625 - DEBUG - Iter 50000: T=1.51, Fitness_actual=124.5, Mejor=144.6
2025-10-20 10:31:06,600 - WARNING - ⚠️  DEGRADACIÓN DETECTADA en iter 50050:
2025-10-20 10:31:06,600 - WARNING -    Mejor fitness: 144.6
2025-10-20 10:31:06,600 - WARNING -    Fitness promedio reciente: 123.4
2025-10-20 10:31:06,600 - WARNING -    Degradación: 21.2
2025-10-20 10:31:06,600 - WARNING -    🔄 RESTAURANDO mejor solución...
2025-10-20 10:31:06,602 - INFO - 🌟 MEJORA #268 en iter 50050: Fitness=144.6 (+0.0), Puntos=16194
2025-10-20 10:31:11,618 - DEBUG - Iter 50100: T=1.50, Fitness_actual=138.6, Mejor=144.6
2025-10-20 10:31:21,664 - DEBUG - Iter 50200: T=1.50, Fitness_actual=131.2, Mejor=144.6
2025-10-20 10:31:31,712 - DEBUG - Iter 50300: T=1.50, Fitness_actual=126.6, Mejor=144.6
2025-10-20 10:31:36,735 - WARNING - ⚠️  DEGRADACIÓN DETECTADA en iter 50350:
2025-10-20 10:31:36,735 - WARNING -    Mejor fitness: 144.6
2025-10-20 10:31:36,735 - WARNING -    Fitness promedio reciente: 124.2
2025-10-20 10:31:36,735 - WARNING -    Degradación: 20.4
2025-10-20 10:31:36,736 - WARNING -    🔄 RESTAURANDO mejor solución...
2025-10-20 10:31:41,788 - DEBUG - Iter 50400: T=1.49, Fitness_actual=143.5, Mejor=144.6
2025-10-20 10:31:51,895 - INFO -   Iter 50500 | Tiempo:   58.8min (24.5%) | T =     1.49 | Fitness =    135.5 | Mejor =    144.6 | Aceptación =  77.2%
2025-10-20 10:31:51,895 - INFO - Progreso iter 50500: T=1.49, Fitness=135.5, Mejor=144.6, Tasa_acept=77.2%
2025-10-20 10:31:51,898 - DEBUG - Iter 50500: T=1.49, Fitness_actual=135.5, Mejor=144.6
2025-10-20 10:32:02,043 - DEBUG - Iter 50600: T=1.49, Fitness_actual=126.6, Mejor=144.6
2025-10-20 10:32:12,170 - WARNING - ⚠️  DEGRADACIÓN DETECTADA en iter 50700:
2025-10-20 10:32:12,170 - WARNING -    Mejor fitness: 144.6
2025-10-20 10:32:12,170 - WARNING -    Fitness promedio reciente: 124.0
2025-10-20 10:32:12,170 - WARNING -    Degradación: 20.6
2025-10-20 10:32:12,170 - WARNING -    🔄 RESTAURANDO mejor solución...
2025-10-20 10:32:12,171 - DEBUG - Iter 50700: T=1.48, Fitness_actual=144.6, Mejor=144.6
2025-10-20 10:32:12,172 - INFO - 🌟 MEJORA #269 en iter 50700: Fitness=144.6 (+0.0), Puntos=16194
2025-10-20 10:32:13,194 - INFO - 🌟 MEJORA #270 en iter 50710: Fitness=144.6 (+0.0), Puntos=16199
2025-10-20 10:32:13,194 - INFO -   ✨ Mejora #270 en iteración 50711: Fitness = 144.6 | Puntos = 16199 | T = 1.48
2025-10-20 10:32:22,265 - DEBUG - Iter 50800: T=1.48, Fitness_actual=138.0, Mejor=144.6
2025-10-20 10:32:32,334 - DEBUG - Iter 50900: T=1.48, Fitness_actual=128.6, Mejor=144.6
2025-10-20 10:32:42,536 - INFO -   Iter 51000 | Tiempo:   59.6min (24.9%) | T =     1.48 | Fitness =    124.7 | Mejor =    144.6 | Aceptación =  77.1%
2025-10-20 10:32:42,536 - INFO - Progreso iter 51000: T=1.48, Fitness=124.7, Mejor=144.6, Tasa_acept=77.1%
2025-10-20 10:32:42,537 - DEBUG - Iter 51000: T=1.48, Fitness_actual=124.7, Mejor=144.6
2025-10-20 10:32:47,577 - WARNING - ⚠️  DEGRADACIÓN DETECTADA en iter 51050:
2025-10-20 10:32:47,577 - WARNING -    Mejor fitness: 144.6
2025-10-20 10:32:47,577 - WARNING -    Fitness promedio reciente: 119.6
2025-10-20 10:32:47,577 - WARNING -    Degradación: 25.1
2025-10-20 10:32:47,578 - WARNING -    🔄 RESTAURANDO mejor solución...
2025-10-20 10:32:52,669 - DEBUG - Iter 51100: T=1.47, Fitness_actual=135.5, Mejor=144.6
2025-10-20 10:33:02,900 - DEBUG - Iter 51200: T=1.47, Fitness_actual=135.6, Mejor=144.6
2025-10-20 10:33:13,236 - DEBUG - Iter 51300: T=1.47, Fitness_actual=133.8, Mejor=144.6
2025-10-20 10:33:23,572 - DEBUG - Iter 51400: T=1.46, Fitness_actual=128.3, Mejor=144.6
2025-10-20 10:33:33,904 - INFO -   Iter 51500 | Tiempo:   60.5min (25.2%) | T =     1.46 | Fitness =    126.2 | Mejor =    144.6 | Aceptación =  77.0%
2025-10-20 10:33:33,904 - INFO - Progreso iter 51500: T=1.46, Fitness=126.2, Mejor=144.6, Tasa_acept=77.0%
2025-10-20 10:33:33,906 - DEBUG - Iter 51500: T=1.46, Fitness_actual=126.2, Mejor=144.6
2025-10-20 10:33:39,045 - WARNING - ⚠️  DEGRADACIÓN DETECTADA en iter 51550:
2025-10-20 10:33:39,045 - WARNING -    Mejor fitness: 144.6
2025-10-20 10:33:39,045 - WARNING -    Fitness promedio reciente: 122.9
2025-10-20 10:33:39,045 - WARNING -    Degradación: 21.8
2025-10-20 10:33:39,046 - WARNING -    🔄 RESTAURANDO mejor solución...
2025-10-20 10:33:39,047 - INFO - 🌟 MEJORA #271 en iter 51550: Fitness=144.6 (+0.0), Puntos=16199
2025-10-20 10:33:39,777 - INFO - 🌟 MEJORA #272 en iter 51557: Fitness=144.6 (+0.0), Puntos=16199
2025-10-20 10:33:44,171 - DEBUG - Iter 51600: T=1.46, Fitness_actual=136.9, Mejor=144.6
2025-10-20 10:33:54,883 - DEBUG - Iter 51700: T=1.46, Fitness_actual=129.4, Mejor=144.6
2025-10-20 10:34:06,040 - DEBUG - Iter 51800: T=1.45, Fitness_actual=128.2, Mejor=144.6
2025-10-20 10:34:17,493 - DEBUG - Iter 51900: T=1.45, Fitness_actual=129.0, Mejor=144.6
2025-10-20 10:34:27,814 - INFO -   Iter 52000 | Tiempo:   61.4min (25.6%) | T =     1.45 | Fitness =    129.0 | Mejor =    144.6 | Aceptación =  76.9%
2025-10-20 10:34:27,815 - INFO - Progreso iter 52000: T=1.45, Fitness=129.0, Mejor=144.6, Tasa_acept=76.9%
2025-10-20 10:34:27,817 - DEBUG - Iter 52000: T=1.45, Fitness_actual=129.0, Mejor=144.6
2025-10-20 10:34:38,057 - DEBUG - Iter 52100: T=1.44, Fitness_actual=128.0, Mejor=144.6
2025-10-20 10:34:48,317 - WARNING - ⚠️  DEGRADACIÓN DETECTADA en iter 52200:
2025-10-20 10:34:48,317 - WARNING -    Mejor fitness: 144.6
2025-10-20 10:34:48,317 - WARNING -    Fitness promedio reciente: 116.7
2025-10-20 10:34:48,318 - WARNING -    Degradación: 27.9
2025-10-20 10:34:48,318 - WARNING -    🔄 RESTAURANDO mejor solución...
2025-10-20 10:34:48,319 - DEBUG - Iter 52200: T=1.44, Fitness_actual=144.6, Mejor=144.6
2025-10-20 10:34:58,632 - DEBUG - Iter 52300: T=1.44, Fitness_actual=139.4, Mejor=144.6
2025-10-20 10:35:08,973 - DEBUG - Iter 52400: T=1.43, Fitness_actual=139.1, Mejor=144.6
2025-10-20 10:35:19,390 - INFO -   Iter 52500 | Tiempo:   62.3min (25.9%) | T =     1.43 | Fitness =    135.0 | Mejor =    144.6 | Aceptación =  76.8%
2025-10-20 10:35:19,390 - INFO - Progreso iter 52500: T=1.43, Fitness=135.0, Mejor=144.6, Tasa_acept=76.8%
2025-10-20 10:35:19,394 - DEBUG - Iter 52500: T=1.43, Fitness_actual=135.0, Mejor=144.6
2025-10-20 10:35:29,849 - DEBUG - Iter 52600: T=1.43, Fitness_actual=124.5, Mejor=144.6
2025-10-20 10:35:35,022 - WARNING - ⚠️  DEGRADACIÓN DETECTADA en iter 52650:
2025-10-20 10:35:35,022 - WARNING -    Mejor fitness: 144.6
2025-10-20 10:35:35,022 - WARNING -    Fitness promedio reciente: 124.1
2025-10-20 10:35:35,022 - WARNING -    Degradación: 20.5
2025-10-20 10:35:35,023 - WARNING -    🔄 RESTAURANDO mejor solución...
2025-10-20 10:35:40,222 - DEBUG - Iter 52700: T=1.43, Fitness_actual=143.1, Mejor=144.6
2025-10-20 10:35:50,651 - DEBUG - Iter 52800: T=1.42, Fitness_actual=129.0, Mejor=144.6
2025-10-20 10:36:01,519 - DEBUG - Iter 52900: T=1.42, Fitness_actual=123.5, Mejor=144.6
2025-10-20 10:36:06,821 - WARNING - ⚠️  DEGRADACIÓN DETECTADA en iter 52950:
2025-10-20 10:36:06,821 - WARNING -    Mejor fitness: 144.6
2025-10-20 10:36:06,822 - WARNING -    Fitness promedio reciente: 122.3
2025-10-20 10:36:06,822 - WARNING -    Degradación: 22.3
2025-10-20 10:36:06,822 - WARNING -    🔄 RESTAURANDO mejor solución...
2025-10-20 10:36:12,376 - INFO -   Iter 53000 | Tiempo:   63.1min (26.3%) | T =     1.42 | Fitness =    134.5 | Mejor =    144.6 | Aceptación =  76.7%
2025-10-20 10:36:12,376 - INFO - Progreso iter 53000: T=1.42, Fitness=134.5, Mejor=144.6, Tasa_acept=76.7%
2025-10-20 10:36:12,378 - DEBUG - Iter 53000: T=1.42, Fitness_actual=134.5, Mejor=144.6
2025-10-20 10:36:23,795 - DEBUG - Iter 53100: T=1.41, Fitness_actual=124.6, Mejor=144.6
2025-10-20 10:36:29,050 - WARNING - ⚠️  DEGRADACIÓN DETECTADA en iter 53150:
2025-10-20 10:36:29,051 - WARNING -    Mejor fitness: 144.6
2025-10-20 10:36:29,051 - WARNING -    Fitness promedio reciente: 122.4
2025-10-20 10:36:29,051 - WARNING -    Degradación: 22.2
2025-10-20 10:36:29,051 - WARNING -    🔄 RESTAURANDO mejor solución...
2025-10-20 10:36:34,296 - DEBUG - Iter 53200: T=1.41, Fitness_actual=138.8, Mejor=144.6
2025-10-20 10:36:44,804 - DEBUG - Iter 53300: T=1.41, Fitness_actual=123.9, Mejor=144.6
2025-10-20 10:36:49,978 - WARNING - ⚠️  DEGRADACIÓN DETECTADA en iter 53350:
2025-10-20 10:36:49,978 - WARNING -    Mejor fitness: 144.6
2025-10-20 10:36:49,978 - WARNING -    Fitness promedio reciente: 124.2
2025-10-20 10:36:49,978 - WARNING -    Degradación: 20.4
2025-10-20 10:36:49,978 - WARNING -    🔄 RESTAURANDO mejor solución...
2025-10-20 10:36:55,177 - DEBUG - Iter 53400: T=1.41, Fitness_actual=135.4, Mejor=144.6
2025-10-20 10:37:05,600 - INFO -   Iter 53500 | Tiempo:   64.0min (26.7%) | T =     1.40 | Fitness =    128.9 | Mejor =    144.6 | Aceptación =  76.6%
2025-10-20 10:37:05,600 - INFO - Progreso iter 53500: T=1.40, Fitness=128.9, Mejor=144.6, Tasa_acept=76.6%
2025-10-20 10:37:05,603 - DEBUG - Iter 53500: T=1.40, Fitness_actual=128.9, Mejor=144.6
2025-10-20 10:37:16,074 - DEBUG - Iter 53600: T=1.40, Fitness_actual=130.5, Mejor=144.6
2025-10-20 10:37:26,528 - WARNING - ⚠️  DEGRADACIÓN DETECTADA en iter 53700:
2025-10-20 10:37:26,528 - WARNING -    Mejor fitness: 144.6
2025-10-20 10:37:26,529 - WARNING -    Fitness promedio reciente: 120.6
2025-10-20 10:37:26,529 - WARNING -    Degradación: 24.0
2025-10-20 10:37:26,529 - WARNING -    🔄 RESTAURANDO mejor solución...
2025-10-20 10:37:26,530 - DEBUG - Iter 53700: T=1.40, Fitness_actual=144.6, Mejor=144.6
2025-10-20 10:37:36,970 - DEBUG - Iter 53800: T=1.39, Fitness_actual=139.9, Mejor=144.6
2025-10-20 10:37:47,576 - WARNING - ⚠️  DEGRADACIÓN DETECTADA en iter 53900:
2025-10-20 10:37:47,576 - WARNING -    Mejor fitness: 144.6
2025-10-20 10:37:47,576 - WARNING -    Fitness promedio reciente: 123.1
2025-10-20 10:37:47,577 - WARNING -    Degradación: 21.5
2025-10-20 10:37:47,577 - WARNING -    🔄 RESTAURANDO mejor solución...
2025-10-20 10:37:47,578 - DEBUG - Iter 53900: T=1.39, Fitness_actual=144.6, Mejor=144.6
2025-10-20 10:37:58,037 - INFO -   Iter 54000 | Tiempo:   64.9min (27.0%) | T =     1.39 | Fitness =    138.2 | Mejor =    144.6 | Aceptación =  76.5%
2025-10-20 10:37:58,038 - INFO - Progreso iter 54000: T=1.39, Fitness=138.2, Mejor=144.6, Tasa_acept=76.5%
2025-10-20 10:37:58,040 - DEBUG - Iter 54000: T=1.39, Fitness_actual=138.2, Mejor=144.6
2025-10-20 10:38:08,589 - DEBUG - Iter 54100: T=1.39, Fitness_actual=130.1, Mejor=144.6
2025-10-20 10:38:19,162 - DEBUG - Iter 54200: T=1.38, Fitness_actual=126.7, Mejor=144.6
2025-10-20 10:38:24,446 - WARNING - ⚠️  DEGRADACIÓN DETECTADA en iter 54250:
2025-10-20 10:38:24,447 - WARNING -    Mejor fitness: 144.6
2025-10-20 10:38:24,447 - WARNING -    Fitness promedio reciente: 119.2
2025-10-20 10:38:24,447 - WARNING -    Degradación: 25.4
2025-10-20 10:38:24,447 - WARNING -    🔄 RESTAURANDO mejor solución...
2025-10-20 10:38:24,983 - INFO - 🌟 MEJORA #273 en iter 54255: Fitness=144.6 (+0.0), Puntos=16199
2025-10-20 10:38:29,750 - DEBUG - Iter 54300: T=1.38, Fitness_actual=140.9, Mejor=144.6
2025-10-20 10:38:40,462 - DEBUG - Iter 54400: T=1.38, Fitness_actual=132.4, Mejor=144.6
2025-10-20 10:38:51,571 - INFO -   Iter 54500 | Tiempo:   65.8min (27.4%) | T =     1.37 | Fitness =    125.9 | Mejor =    144.6 | Aceptación =  76.4%
2025-10-20 10:38:51,571 - INFO - Progreso iter 54500: T=1.37, Fitness=125.9, Mejor=144.6, Tasa_acept=76.4%
2025-10-20 10:38:51,573 - DEBUG - Iter 54500: T=1.37, Fitness_actual=125.9, Mejor=144.6
2025-10-20 10:39:03,252 - DEBUG - Iter 54600: T=1.37, Fitness_actual=123.8, Mejor=144.6
2025-10-20 10:39:08,808 - WARNING - ⚠️  DEGRADACIÓN DETECTADA en iter 54650:
2025-10-20 10:39:08,808 - WARNING -    Mejor fitness: 144.6
2025-10-20 10:39:08,808 - WARNING -    Fitness promedio reciente: 123.6
2025-10-20 10:39:08,809 - WARNING -    Degradación: 21.1
2025-10-20 10:39:08,809 - WARNING -    🔄 RESTAURANDO mejor solución...
2025-10-20 10:39:14,063 - DEBUG - Iter 54700: T=1.37, Fitness_actual=134.1, Mejor=144.6
2025-10-20 10:39:24,781 - DEBUG - Iter 54800: T=1.37, Fitness_actual=132.3, Mejor=144.6
2025-10-20 10:39:35,368 - WARNING - ⚠️  DEGRADACIÓN DETECTADA en iter 54900:
2025-10-20 10:39:35,368 - WARNING -    Mejor fitness: 144.6
2025-10-20 10:39:35,368 - WARNING -    Fitness promedio reciente: 124.4
2025-10-20 10:39:35,368 - WARNING -    Degradación: 20.2
2025-10-20 10:39:35,369 - WARNING -    🔄 RESTAURANDO mejor solución...
2025-10-20 10:39:35,370 - DEBUG - Iter 54900: T=1.36, Fitness_actual=144.6, Mejor=144.6
2025-10-20 10:39:45,906 - INFO -   Iter 55000 | Tiempo:   66.7min (27.8%) | T =     1.36 | Fitness =    138.3 | Mejor =    144.6 | Aceptación =  76.4%
2025-10-20 10:39:45,906 - INFO - Progreso iter 55000: T=1.36, Fitness=138.3, Mejor=144.6, Tasa_acept=76.4%
2025-10-20 10:39:45,907 - DEBUG - Iter 55000: T=1.36, Fitness_actual=138.3, Mejor=144.6
2025-10-20 10:39:56,493 - DEBUG - Iter 55100: T=1.36, Fitness_actual=125.5, Mejor=144.6
2025-10-20 10:40:07,050 - DEBUG - Iter 55200: T=1.35, Fitness_actual=125.1, Mejor=144.6
2025-10-20 10:40:12,326 - WARNING - ⚠️  DEGRADACIÓN DETECTADA en iter 55250:
2025-10-20 10:40:12,326 - WARNING -    Mejor fitness: 144.6
2025-10-20 10:40:12,326 - WARNING -    Fitness promedio reciente: 124.0
2025-10-20 10:40:12,327 - WARNING -    Degradación: 20.6
2025-10-20 10:40:12,327 - WARNING -    🔄 RESTAURANDO mejor solución...
2025-10-20 10:40:12,328 - INFO - 🌟 MEJORA #274 en iter 55250: Fitness=144.6 (+0.0), Puntos=16199
2025-10-20 10:40:17,612 - DEBUG - Iter 55300: T=1.35, Fitness_actual=142.1, Mejor=144.6
2025-10-20 10:40:28,282 - DEBUG - Iter 55400: T=1.35, Fitness_actual=131.4, Mejor=144.6
2025-10-20 10:40:38,894 - INFO -   Iter 55500 | Tiempo:   67.6min (28.2%) | T =     1.35 | Fitness =    120.7 | Mejor =    144.6 | Aceptación =  76.3%
2025-10-20 10:40:38,894 - INFO - Progreso iter 55500: T=1.35, Fitness=120.7, Mejor=144.6, Tasa_acept=76.3%
2025-10-20 10:40:38,894 - WARNING - ⚠️  DEGRADACIÓN DETECTADA en iter 55500:
2025-10-20 10:40:38,894 - WARNING -    Mejor fitness: 144.6
2025-10-20 10:40:38,895 - WARNING -    Fitness promedio reciente: 122.4
2025-10-20 10:40:38,895 - WARNING -    Degradación: 22.3
2025-10-20 10:40:38,895 - WARNING -    🔄 RESTAURANDO mejor solución...
2025-10-20 10:40:38,896 - DEBUG - Iter 55500: T=1.35, Fitness_actual=144.6, Mejor=144.6
2025-10-20 10:40:49,571 - DEBUG - Iter 55600: T=1.34, Fitness_actual=141.4, Mejor=144.6
2025-10-20 10:41:00,485 - DEBUG - Iter 55700: T=1.34, Fitness_actual=130.5, Mejor=144.6
2025-10-20 10:41:11,753 - DEBUG - Iter 55800: T=1.34, Fitness_actual=129.5, Mejor=144.6
2025-10-20 10:41:23,604 - WARNING - ⚠️  DEGRADACIÓN DETECTADA en iter 55900:
2025-10-20 10:41:23,604 - WARNING -    Mejor fitness: 144.6
2025-10-20 10:41:23,604 - WARNING -    Fitness promedio reciente: 123.7
2025-10-20 10:41:23,604 - WARNING -    Degradación: 20.9
2025-10-20 10:41:23,605 - WARNING -    🔄 RESTAURANDO mejor solución...
2025-10-20 10:41:23,609 - DEBUG - Iter 55900: T=1.33, Fitness_actual=144.6, Mejor=144.6
2025-10-20 10:41:23,726 - INFO - 🌟 MEJORA #275 en iter 55901: Fitness=144.6 (+0.0), Puntos=16199
2025-10-20 10:41:23,726 - INFO -   ✨ Mejora #275 en iteración 55902: Fitness = 144.6 | Puntos = 16199 | T = 1.33
2025-10-20 10:41:23,840 - INFO - 🌟 MEJORA #276 en iter 55902: Fitness=144.6 (+0.0), Puntos=16199
2025-10-20 10:41:24,302 - INFO - 🌟 MEJORA #277 en iter 55906: Fitness=144.7 (+0.0), Puntos=16203
2025-10-20 10:41:24,535 - INFO - 🌟 MEJORA #278 en iter 55908: Fitness=144.7 (+0.0), Puntos=16203
2025-10-20 10:41:24,650 - INFO - 🌟 MEJORA #279 en iter 55909: Fitness=144.7 (+0.0), Puntos=16203
2025-10-20 10:41:26,240 - INFO - 🌟 MEJORA #280 en iter 55922: Fitness=144.7 (+0.1), Puntos=16211
2025-10-20 10:41:26,240 - INFO -   ✨ Mejora #280 en iteración 55923: Fitness = 144.7 | Puntos = 16211 | T = 1.33
2025-10-20 10:41:27,462 - INFO - 🌟 MEJORA #281 en iter 55932: Fitness=144.7 (+0.0), Puntos=16211
2025-10-20 10:41:35,585 - INFO -   Iter 56000 | Tiempo:   68.5min (28.6%) | T =     1.33 | Fitness =    135.8 | Mejor =    144.7 | Aceptación =  76.2%
2025-10-20 10:41:35,585 - INFO - Progreso iter 56000: T=1.33, Fitness=135.8, Mejor=144.7, Tasa_acept=76.2%
2025-10-20 10:41:35,586 - DEBUG - Iter 56000: T=1.33, Fitness_actual=135.8, Mejor=144.7
2025-10-20 10:41:47,639 - DEBUG - Iter 56100: T=1.33, Fitness_actual=130.8, Mejor=144.7
2025-10-20 10:41:58,473 - DEBUG - Iter 56200: T=1.33, Fitness_actual=124.5, Mejor=144.7
2025-10-20 10:42:03,782 - WARNING - ⚠️  DEGRADACIÓN DETECTADA en iter 56250:
2025-10-20 10:42:03,783 - WARNING -    Mejor fitness: 144.7
2025-10-20 10:42:03,783 - WARNING -    Fitness promedio reciente: 120.1
2025-10-20 10:42:03,783 - WARNING -    Degradación: 24.7
2025-10-20 10:42:03,783 - WARNING -    🔄 RESTAURANDO mejor solución...
2025-10-20 10:42:09,128 - DEBUG - Iter 56300: T=1.32, Fitness_actual=139.7, Mejor=144.7
2025-10-20 10:42:19,823 - DEBUG - Iter 56400: T=1.32, Fitness_actual=134.9, Mejor=144.7
2025-10-20 10:42:30,547 - INFO -   Iter 56500 | Tiempo:   69.4min (28.9%) | T =     1.32 | Fitness =    135.6 | Mejor =    144.7 | Aceptación =  76.1%
2025-10-20 10:42:30,547 - INFO - Progreso iter 56500: T=1.32, Fitness=135.6, Mejor=144.7, Tasa_acept=76.1%
2025-10-20 10:42:30,551 - DEBUG - Iter 56500: T=1.32, Fitness_actual=135.6, Mejor=144.7
2025-10-20 10:42:41,312 - DEBUG - Iter 56600: T=1.31, Fitness_actual=128.8, Mejor=144.7
2025-10-20 10:42:52,047 - DEBUG - Iter 56700: T=1.31, Fitness_actual=123.6, Mejor=144.7
2025-10-20 10:42:57,406 - WARNING - ⚠️  DEGRADACIÓN DETECTADA en iter 56750:
2025-10-20 10:42:57,406 - WARNING -    Mejor fitness: 144.7
2025-10-20 10:42:57,406 - WARNING -    Fitness promedio reciente: 122.7
2025-10-20 10:42:57,407 - WARNING -    Degradación: 22.1
2025-10-20 10:42:57,407 - WARNING -    🔄 RESTAURANDO mejor solución...
2025-10-20 10:43:02,798 - DEBUG - Iter 56800: T=1.31, Fitness_actual=141.6, Mejor=144.7
2025-10-20 10:43:13,599 - DEBUG - Iter 56900: T=1.31, Fitness_actual=131.8, Mejor=144.7
2025-10-20 10:43:24,419 - INFO -   Iter 57000 | Tiempo:   70.3min (29.3%) | T =     1.30 | Fitness =    127.2 | Mejor =    144.7 | Aceptación =  75.9%
2025-10-20 10:43:24,419 - INFO - Progreso iter 57000: T=1.30, Fitness=127.2, Mejor=144.7, Tasa_acept=75.9%
2025-10-20 10:43:24,421 - DEBUG - Iter 57000: T=1.30, Fitness_actual=127.2, Mejor=144.7
2025-10-20 10:43:29,842 - WARNING - ⚠️  DEGRADACIÓN DETECTADA en iter 57050:
2025-10-20 10:43:29,843 - WARNING -    Mejor fitness: 144.7
2025-10-20 10:43:29,843 - WARNING -    Fitness promedio reciente: 124.7
2025-10-20 10:43:29,843 - WARNING -    Degradación: 20.0
2025-10-20 10:43:29,843 - WARNING -    🔄 RESTAURANDO mejor solución...
2025-10-20 10:43:30,065 - INFO - 🌟 MEJORA #282 en iter 57052: Fitness=144.7 (+0.0), Puntos=16211
2025-10-20 10:43:35,291 - DEBUG - Iter 57100: T=1.30, Fitness_actual=141.9, Mejor=144.7
2025-10-20 10:43:44,111 - WARNING - ================================================================================
2025-10-20 10:43:44,111 - WARNING - ⚠️  SALTO ANORMAL DETECTADO en iteración 57181
2025-10-20 10:43:44,112 - WARNING -    Fitness actual: 132.9
2025-10-20 10:43:44,112 - WARNING -    Fitness vecino: 107.5
2025-10-20 10:43:44,112 - WARNING -    Delta: -25.4
2025-10-20 10:43:44,112 - WARNING -    Temperatura: 1.30
2025-10-20 10:43:44,112 - WARNING -    Tipo perturbación aplicada: (ver generar_vecino)
2025-10-20 10:43:44,113 - WARNING -    Vecino - Puntos: 15893, Tiempo: 15366.9min, Distancia: 228.9km
2025-10-20 10:43:44,113 - WARNING -    Actual - Puntos: 15860, Tiempo: 14061.2min, Distancia: 130.9km
2025-10-20 10:43:44,113 - WARNING -    Validez restricciones - Vecino: False, Actual: False
2025-10-20 10:43:44,113 - WARNING - ================================================================================
2025-10-20 10:43:44,113 - WARNING - ⚠️  SALTO ANORMAL DETECTADO en iteración 57181
2025-10-20 10:43:44,114 - WARNING -    Fitness: 132.9 → 107.5 (Δ=-25.4)
2025-10-20 10:43:44,114 - WARNING -    Ver detalles en archivo de log
2025-10-20 10:43:46,241 - DEBUG - Iter 57200: T=1.30, Fitness_actual=133.2, Mejor=144.7
2025-10-20 10:43:57,200 - DEBUG - Iter 57300: T=1.30, Fitness_actual=134.9, Mejor=144.7
2025-10-20 10:44:08,119 - DEBUG - Iter 57400: T=1.29, Fitness_actual=130.1, Mejor=144.7
2025-10-20 10:44:19,062 - INFO -   Iter 57500 | Tiempo:   71.3min (29.7%) | T =     1.29 | Fitness =    122.9 | Mejor =    144.7 | Aceptación =  75.8%
2025-10-20 10:44:19,062 - INFO - Progreso iter 57500: T=1.29, Fitness=122.9, Mejor=144.7, Tasa_acept=75.8%
2025-10-20 10:44:19,062 - WARNING - ⚠️  DEGRADACIÓN DETECTADA en iter 57500:
2025-10-20 10:44:19,062 - WARNING -    Mejor fitness: 144.7
2025-10-20 10:44:19,062 - WARNING -    Fitness promedio reciente: 123.3
2025-10-20 10:44:19,063 - WARNING -    Degradación: 21.5
2025-10-20 10:44:19,063 - WARNING -    🔄 RESTAURANDO mejor solución...
2025-10-20 10:44:19,067 - DEBUG - Iter 57500: T=1.29, Fitness_actual=144.7, Mejor=144.7
2025-10-20 10:44:19,177 - INFO - 🌟 MEJORA #283 en iter 57501: Fitness=144.8 (+0.0), Puntos=16216
2025-10-20 10:44:19,505 - INFO - 🌟 MEJORA #284 en iter 57504: Fitness=144.9 (+0.1), Puntos=16223
2025-10-20 10:44:30,102 - DEBUG - Iter 57600: T=1.29, Fitness_actual=136.4, Mejor=144.9
2025-10-20 10:44:41,089 - DEBUG - Iter 57700: T=1.28, Fitness_actual=132.3, Mejor=144.9
2025-10-20 10:44:52,092 - DEBUG - Iter 57800: T=1.28, Fitness_actual=129.1, Mejor=144.9
2025-10-20 10:45:03,109 - WARNING - ⚠️  DEGRADACIÓN DETECTADA en iter 57900:
2025-10-20 10:45:03,110 - WARNING -    Mejor fitness: 144.9
2025-10-20 10:45:03,110 - WARNING -    Fitness promedio reciente: 124.4
2025-10-20 10:45:03,110 - WARNING -    Degradación: 20.4
2025-10-20 10:45:03,110 - WARNING -    🔄 RESTAURANDO mejor solución...
2025-10-20 10:45:03,111 - DEBUG - Iter 57900: T=1.28, Fitness_actual=144.9, Mejor=144.9
2025-10-20 10:45:03,111 - INFO - 🌟 MEJORA #285 en iter 57900: Fitness=145.0 (+0.2), Puntos=16242
2025-10-20 10:45:03,112 - INFO -   ✨ Mejora #285 en iteración 57901: Fitness = 145.0 | Puntos = 16242 | T = 1.28
2025-10-20 10:45:03,876 - INFO - --- Cambiando a Fase: Intermedia (Balance) (Progreso: 30.0%) ---
2025-10-20 10:45:14,223 - INFO -   Iter 58000 | Tiempo:   72.2min (30.1%) | T =     1.28 | Fitness =    133.4 | Mejor =    145.0 | Aceptación =  75.7%
2025-10-20 10:45:14,224 - INFO - Progreso iter 58000: T=1.28, Fitness=133.4, Mejor=145.0, Tasa_acept=75.7%
2025-10-20 10:45:14,226 - DEBUG - Iter 58000: T=1.28, Fitness_actual=133.4, Mejor=145.0
2025-10-20 10:45:25,308 - DEBUG - Iter 58100: T=1.27, Fitness_actual=132.3, Mejor=145.0
2025-10-20 10:45:36,345 - DEBUG - Iter 58200: T=1.27, Fitness_actual=134.1, Mejor=145.0
2025-10-20 10:45:47,471 - DEBUG - Iter 58300: T=1.27, Fitness_actual=126.5, Mejor=145.0
2025-10-20 10:45:53,188 - WARNING - ⚠️  DEGRADACIÓN DETECTADA en iter 58350:
2025-10-20 10:45:53,188 - WARNING -    Mejor fitness: 145.0
2025-10-20 10:45:53,188 - WARNING -    Fitness promedio reciente: 125.0
2025-10-20 10:45:53,188 - WARNING -    Degradación: 20.0
2025-10-20 10:45:53,188 - WARNING -    🔄 RESTAURANDO mejor solución...
2025-10-20 10:45:53,421 - INFO - 🌟 MEJORA #286 en iter 58352: Fitness=145.0 (+0.0), Puntos=16242
2025-10-20 10:45:54,686 - INFO - 🌟 MEJORA #287 en iter 58363: Fitness=145.0 (+0.0), Puntos=16242
2025-10-20 10:45:58,857 - DEBUG - Iter 58400: T=1.27, Fitness_actual=138.4, Mejor=145.0
2025-10-20 10:46:10,104 - INFO -   Iter 58500 | Tiempo:   73.1min (30.5%) | T =     1.26 | Fitness =    134.0 | Mejor =    145.0 | Aceptación =  75.7%
2025-10-20 10:46:10,104 - INFO - Progreso iter 58500: T=1.26, Fitness=134.0, Mejor=145.0, Tasa_acept=75.7%
2025-10-20 10:46:10,105 - DEBUG - Iter 58500: T=1.26, Fitness_actual=134.0, Mejor=145.0
2025-10-20 10:46:21,130 - DEBUG - Iter 58600: T=1.26, Fitness_actual=126.5, Mejor=145.0
2025-10-20 10:46:32,195 - WARNING - ⚠️  DEGRADACIÓN DETECTADA en iter 58700:
2025-10-20 10:46:32,195 - WARNING -    Mejor fitness: 145.0
2025-10-20 10:46:32,196 - WARNING -    Fitness promedio reciente: 124.2
2025-10-20 10:46:32,196 - WARNING -    Degradación: 20.8
2025-10-20 10:46:32,196 - WARNING -    🔄 RESTAURANDO mejor solución...
2025-10-20 10:46:32,200 - DEBUG - Iter 58700: T=1.26, Fitness_actual=145.0, Mejor=145.0
2025-10-20 10:46:32,422 - INFO - 🌟 MEJORA #288 en iter 58702: Fitness=145.0 (+0.0), Puntos=16242
2025-10-20 10:46:32,649 - INFO - 🌟 MEJORA #289 en iter 58704: Fitness=145.0 (+0.0), Puntos=16243
2025-10-20 10:46:32,763 - INFO - 🌟 MEJORA #290 en iter 58705: Fitness=145.0 (+0.0), Puntos=16243
2025-10-20 10:46:32,763 - INFO -   ✨ Mejora #290 en iteración 58706: Fitness = 145.0 | Puntos = 16243 | T = 1.26
2025-10-20 10:46:33,217 - INFO - 🌟 MEJORA #291 en iter 58709: Fitness=145.1 (+0.0), Puntos=16243
2025-10-20 10:46:33,666 - INFO - 🌟 MEJORA #292 en iter 58713: Fitness=145.1 (+0.0), Puntos=16243
2025-10-20 10:46:33,900 - INFO - 🌟 MEJORA #293 en iter 58715: Fitness=145.1 (+0.0), Puntos=16243
2025-10-20 10:46:43,369 - DEBUG - Iter 58800: T=1.25, Fitness_actual=134.4, Mejor=145.1
2025-10-20 10:46:54,412 - DEBUG - Iter 58900: T=1.25, Fitness_actual=134.3, Mejor=145.1
2025-10-20 10:47:05,429 - INFO -   Iter 59000 | Tiempo:   74.0min (30.8%) | T =     1.25 | Fitness =    131.4 | Mejor =    145.1 | Aceptación =  75.7%
2025-10-20 10:47:05,429 - INFO - Progreso iter 59000: T=1.25, Fitness=131.4, Mejor=145.1, Tasa_acept=75.7%
2025-10-20 10:47:05,431 - DEBUG - Iter 59000: T=1.25, Fitness_actual=131.4, Mejor=145.1
2025-10-20 10:47:16,494 - DEBUG - Iter 59100: T=1.25, Fitness_actual=129.0, Mejor=145.1
2025-10-20 10:47:27,573 - DEBUG - Iter 59200: T=1.24, Fitness_actual=128.7, Mejor=145.1
2025-10-20 10:47:38,663 - WARNING - ⚠️  DEGRADACIÓN DETECTADA en iter 59300:
2025-10-20 10:47:38,663 - WARNING -    Mejor fitness: 145.1
2025-10-20 10:47:38,663 - WARNING -    Fitness promedio reciente: 123.7
2025-10-20 10:47:38,663 - WARNING -    Degradación: 21.4
2025-10-20 10:47:38,664 - WARNING -    🔄 RESTAURANDO mejor solución...
2025-10-20 10:47:38,665 - DEBUG - Iter 59300: T=1.24, Fitness_actual=145.1, Mejor=145.1
2025-10-20 10:47:49,772 - DEBUG - Iter 59400: T=1.24, Fitness_actual=133.0, Mejor=145.1
2025-10-20 10:48:00,965 - INFO -   Iter 59500 | Tiempo:   75.0min (31.2%) | T =     1.24 | Fitness =    130.5 | Mejor =    145.1 | Aceptación =  75.7%
2025-10-20 10:48:00,966 - INFO - Progreso iter 59500: T=1.24, Fitness=130.5, Mejor=145.1, Tasa_acept=75.7%
2025-10-20 10:48:00,968 - DEBUG - Iter 59500: T=1.24, Fitness_actual=130.5, Mejor=145.1
2025-10-20 10:48:12,491 - DEBUG - Iter 59600: T=1.23, Fitness_actual=127.0, Mejor=145.1
2025-10-20 10:48:23,884 - WARNING - ⚠️  DEGRADACIÓN DETECTADA en iter 59700:
2025-10-20 10:48:23,884 - WARNING -    Mejor fitness: 145.1
2025-10-20 10:48:23,884 - WARNING -    Fitness promedio reciente: 124.6
2025-10-20 10:48:23,884 - WARNING -    Degradación: 20.5
2025-10-20 10:48:23,884 - WARNING -    🔄 RESTAURANDO mejor solución...
2025-10-20 10:48:23,885 - DEBUG - Iter 59700: T=1.23, Fitness_actual=145.1, Mejor=145.1
2025-10-20 10:48:35,130 - DEBUG - Iter 59800: T=1.23, Fitness_actual=135.6, Mejor=145.1
2025-10-20 10:48:46,335 - DEBUG - Iter 59900: T=1.23, Fitness_actual=128.0, Mejor=145.1
2025-10-20 10:48:51,986 - WARNING - ⚠️  DEGRADACIÓN DETECTADA en iter 59950:
2025-10-20 10:48:51,986 - WARNING -    Mejor fitness: 145.1
2025-10-20 10:48:51,987 - WARNING -    Fitness promedio reciente: 124.0
2025-10-20 10:48:51,987 - WARNING -    Degradación: 21.0
2025-10-20 10:48:51,987 - WARNING -    🔄 RESTAURANDO mejor solución...
2025-10-20 10:48:57,740 - INFO -   Iter 60000 | Tiempo:   75.9min (31.6%) | T =     1.22 | Fitness =    138.6 | Mejor =    145.1 | Aceptación =  75.8%
2025-10-20 10:48:57,740 - INFO - Progreso iter 60000: T=1.22, Fitness=138.6, Mejor=145.1, Tasa_acept=75.8%
2025-10-20 10:48:57,745 - DEBUG - Iter 60000: T=1.22, Fitness_actual=138.6, Mejor=145.1
2025-10-20 10:49:09,331 - DEBUG - Iter 60100: T=1.22, Fitness_actual=132.1, Mejor=145.1
2025-10-20 10:49:11,086 - WARNING - ================================================================================
2025-10-20 10:49:11,086 - WARNING - ⚠️  SALTO ANORMAL DETECTADO en iteración 60115
2025-10-20 10:49:11,086 - WARNING -    Fitness actual: 132.1
2025-10-20 10:49:11,086 - WARNING -    Fitness vecino: 107.7
2025-10-20 10:49:11,087 - WARNING -    Delta: -24.4
2025-10-20 10:49:11,087 - WARNING -    Temperatura: 1.22
2025-10-20 10:49:11,087 - WARNING -    Tipo perturbación aplicada: (ver generar_vecino)
2025-10-20 10:49:11,087 - WARNING -    Vecino - Puntos: 15556, Tiempo: 15642.4min, Distancia: 260.6km
2025-10-20 10:49:11,087 - WARNING -    Actual - Puntos: 16058, Tiempo: 14574.7min, Distancia: 157.9km
2025-10-20 10:49:11,087 - WARNING -    Validez restricciones - Vecino: False, Actual: False
2025-10-20 10:49:11,087 - WARNING - ================================================================================
2025-10-20 10:49:11,087 - WARNING - ⚠️  SALTO ANORMAL DETECTADO en iteración 60115
2025-10-20 10:49:11,087 - WARNING -    Fitness: 132.1 → 107.7 (Δ=-24.4)
2025-10-20 10:49:11,087 - WARNING -    Ver detalles en archivo de log
2025-10-20 10:49:21,025 - DEBUG - Iter 60200: T=1.22, Fitness_actual=129.9, Mejor=145.1
2025-10-20 10:49:32,731 - DEBUG - Iter 60300: T=1.21, Fitness_actual=124.7, Mejor=145.1
2025-10-20 10:49:39,005 - WARNING - ⚠️  DEGRADACIÓN DETECTADA en iter 60350:
2025-10-20 10:49:39,005 - WARNING -    Mejor fitness: 145.1
2025-10-20 10:49:39,005 - WARNING -    Fitness promedio reciente: 121.9
2025-10-20 10:49:39,005 - WARNING -    Degradación: 23.1
2025-10-20 10:49:39,005 - WARNING -    🔄 RESTAURANDO mejor solución...
2025-10-20 10:49:39,007 - INFO - 🌟 MEJORA #294 en iter 60350: Fitness=145.1 (+0.0), Puntos=16243
2025-10-20 10:49:39,730 - INFO - 🌟 MEJORA #295 en iter 60356: Fitness=145.1 (+0.0), Puntos=16243
2025-10-20 10:49:39,730 - INFO -   ✨ Mejora #295 en iteración 60357: Fitness = 145.1 | Puntos = 16243 | T = 1.21
2025-10-20 10:49:45,044 - DEBUG - Iter 60400: T=1.21, Fitness_actual=141.2, Mejor=145.1
2025-10-20 10:49:56,890 - INFO -   Iter 60500 | Tiempo:   76.9min (32.0%) | T =     1.21 | Fitness =    139.9 | Mejor =    145.1 | Aceptación =  75.7%
2025-10-20 10:49:56,890 - INFO - Progreso iter 60500: T=1.21, Fitness=139.9, Mejor=145.1, Tasa_acept=75.7%
2025-10-20 10:49:56,895 - DEBUG - Iter 60500: T=1.21, Fitness_actual=139.9, Mejor=145.1
2025-10-20 10:50:10,056 - DEBUG - Iter 60600: T=1.21, Fitness_actual=140.3, Mejor=145.1
2025-10-20 10:50:22,359 - DEBUG - Iter 60700: T=1.20, Fitness_actual=135.8, Mejor=145.1
2025-10-20 10:50:34,015 - DEBUG - Iter 60800: T=1.20, Fitness_actual=129.7, Mejor=145.1
2025-10-20 10:50:45,732 - DEBUG - Iter 60900: T=1.20, Fitness_actual=126.8, Mejor=145.1
2025-10-20 10:50:57,295 - INFO -   Iter 61000 | Tiempo:   77.9min (32.5%) | T =     1.20 | Fitness =    125.0 | Mejor =    145.1 | Aceptación =  75.7%
2025-10-20 10:50:57,295 - INFO - Progreso iter 61000: T=1.20, Fitness=125.0, Mejor=145.1, Tasa_acept=75.7%
2025-10-20 10:50:57,297 - DEBUG - Iter 61000: T=1.20, Fitness_actual=125.0, Mejor=145.1
2025-10-20 10:51:03,061 - WARNING - ⚠️  DEGRADACIÓN DETECTADA en iter 61050:
2025-10-20 10:51:03,061 - WARNING -    Mejor fitness: 145.1
2025-10-20 10:51:03,061 - WARNING -    Fitness promedio reciente: 123.6
2025-10-20 10:51:03,062 - WARNING -    Degradación: 21.4
2025-10-20 10:51:03,062 - WARNING -    🔄 RESTAURANDO mejor solución...
2025-10-20 10:51:08,921 - DEBUG - Iter 61100: T=1.19, Fitness_actual=143.7, Mejor=145.1
2025-10-20 10:51:20,469 - DEBUG - Iter 61200: T=1.19, Fitness_actual=137.9, Mejor=145.1
2025-10-20 10:51:31,963 - DEBUG - Iter 61300: T=1.19, Fitness_actual=135.9, Mejor=145.1
2025-10-20 10:51:43,413 - DEBUG - Iter 61400: T=1.18, Fitness_actual=133.4, Mejor=145.1
2025-10-20 10:51:54,865 - INFO -   Iter 61500 | Tiempo:   78.9min (32.9%) | T =     1.18 | Fitness =    132.7 | Mejor =    145.1 | Aceptación =  75.7%
2025-10-20 10:51:54,865 - INFO - Progreso iter 61500: T=1.18, Fitness=132.7, Mejor=145.1, Tasa_acept=75.7%
2025-10-20 10:51:54,868 - DEBUG - Iter 61500: T=1.18, Fitness_actual=132.7, Mejor=145.1
2025-10-20 10:52:06,319 - DEBUG - Iter 61600: T=1.18, Fitness_actual=132.6, Mejor=145.1
2025-10-20 10:52:17,710 - DEBUG - Iter 61700: T=1.18, Fitness_actual=126.4, Mejor=145.1
2025-10-20 10:52:29,163 - WARNING - ⚠️  DEGRADACIÓN DETECTADA en iter 61800:
2025-10-20 10:52:29,163 - WARNING -    Mejor fitness: 145.1
2025-10-20 10:52:29,163 - WARNING -    Fitness promedio reciente: 121.1
2025-10-20 10:52:29,164 - WARNING -    Degradación: 24.0
2025-10-20 10:52:29,164 - WARNING -    🔄 RESTAURANDO mejor solución...
2025-10-20 10:52:29,165 - DEBUG - Iter 61800: T=1.17, Fitness_actual=145.1, Mejor=145.1
2025-10-20 10:52:40,571 - DEBUG - Iter 61900: T=1.17, Fitness_actual=135.5, Mejor=145.1
2025-10-20 10:52:52,122 - INFO -   Iter 62000 | Tiempo:   79.8min (33.3%) | T =     1.17 | Fitness =    129.6 | Mejor =    145.1 | Aceptación =  75.7%
2025-10-20 10:52:52,123 - INFO - Progreso iter 62000: T=1.17, Fitness=129.6, Mejor=145.1, Tasa_acept=75.7%
2025-10-20 10:52:52,126 - DEBUG - Iter 62000: T=1.17, Fitness_actual=129.6, Mejor=145.1
2025-10-20 10:53:03,745 - WARNING - ⚠️  DEGRADACIÓN DETECTADA en iter 62100:
2025-10-20 10:53:03,746 - WARNING -    Mejor fitness: 145.1
2025-10-20 10:53:03,746 - WARNING -    Fitness promedio reciente: 122.0
2025-10-20 10:53:03,747 - WARNING -    Degradación: 23.1
2025-10-20 10:53:03,747 - WARNING -    🔄 RESTAURANDO mejor solución...
2025-10-20 10:53:03,752 - DEBUG - Iter 62100: T=1.17, Fitness_actual=145.1, Mejor=145.1
2025-10-20 10:53:06,834 - INFO - 🌟 MEJORA #296 en iter 62127: Fitness=145.2 (+0.2), Puntos=16262
2025-10-20 10:53:07,063 - INFO - 🌟 MEJORA #297 en iter 62129: Fitness=145.3 (+0.0), Puntos=16265
2025-10-20 10:53:07,758 - INFO - 🌟 MEJORA #298 en iter 62135: Fitness=145.4 (+0.1), Puntos=16274
2025-10-20 10:53:15,195 - DEBUG - Iter 62200: T=1.16, Fitness_actual=142.0, Mejor=145.4
2025-10-20 10:53:26,693 - DEBUG - Iter 62300: T=1.16, Fitness_actual=135.5, Mejor=145.4
2025-10-20 10:53:38,203 - DEBUG - Iter 62400: T=1.16, Fitness_actual=131.6, Mejor=145.4
2025-10-20 10:53:49,685 - INFO -   Iter 62500 | Tiempo:   80.8min (33.7%) | T =     1.16 | Fitness =    127.7 | Mejor =    145.4 | Aceptación =  75.6%
2025-10-20 10:53:49,685 - INFO - Progreso iter 62500: T=1.16, Fitness=127.7, Mejor=145.4, Tasa_acept=75.6%
2025-10-20 10:53:49,687 - DEBUG - Iter 62500: T=1.16, Fitness_actual=127.7, Mejor=145.4
2025-10-20 10:54:01,185 - WARNING - ⚠️  DEGRADACIÓN DETECTADA en iter 62600:
2025-10-20 10:54:01,186 - WARNING -    Mejor fitness: 145.4
2025-10-20 10:54:01,186 - WARNING -    Fitness promedio reciente: 123.3
2025-10-20 10:54:01,187 - WARNING -    Degradación: 22.0
2025-10-20 10:54:01,187 - WARNING -    🔄 RESTAURANDO mejor solución...
2025-10-20 10:54:01,188 - DEBUG - Iter 62600: T=1.15, Fitness_actual=145.4, Mejor=145.4
2025-10-20 10:54:12,651 - DEBUG - Iter 62700: T=1.15, Fitness_actual=138.6, Mejor=145.4
2025-10-20 10:54:24,192 - DEBUG - Iter 62800: T=1.15, Fitness_actual=134.7, Mejor=145.4
2025-10-20 10:54:35,737 - DEBUG - Iter 62900: T=1.15, Fitness_actual=124.3, Mejor=145.4
2025-10-20 10:54:41,693 - WARNING - ⚠️  DEGRADACIÓN DETECTADA en iter 62950:
2025-10-20 10:54:41,694 - WARNING -    Mejor fitness: 145.4
2025-10-20 10:54:41,694 - WARNING -    Fitness promedio reciente: 123.5
2025-10-20 10:54:41,695 - WARNING -    Degradación: 21.8
2025-10-20 10:54:41,695 - WARNING -    🔄 RESTAURANDO mejor solución...
2025-10-20 10:54:47,484 - INFO -   Iter 63000 | Tiempo:   81.7min (34.1%) | T =     1.14 | Fitness =    141.0 | Mejor =    145.4 | Aceptación =  75.6%
2025-10-20 10:54:47,484 - INFO - Progreso iter 63000: T=1.14, Fitness=141.0, Mejor=145.4, Tasa_acept=75.6%
2025-10-20 10:54:47,485 - DEBUG - Iter 63000: T=1.14, Fitness_actual=141.0, Mejor=145.4
2025-10-20 10:54:59,057 - DEBUG - Iter 63100: T=1.14, Fitness_actual=136.7, Mejor=145.4
2025-10-20 10:55:10,612 - DEBUG - Iter 63200: T=1.14, Fitness_actual=128.5, Mejor=145.4
2025-10-20 10:55:22,132 - DEBUG - Iter 63300: T=1.14, Fitness_actual=132.0, Mejor=145.4
2025-10-20 10:55:33,684 - DEBUG - Iter 63400: T=1.13, Fitness_actual=134.1, Mejor=145.4
2025-10-20 10:55:45,324 - INFO -   Iter 63500 | Tiempo:   82.7min (34.5%) | T =     1.13 | Fitness =    130.9 | Mejor =    145.4 | Aceptación =  75.5%
2025-10-20 10:55:45,324 - INFO - Progreso iter 63500: T=1.13, Fitness=130.9, Mejor=145.4, Tasa_acept=75.5%
2025-10-20 10:55:45,325 - DEBUG - Iter 63500: T=1.13, Fitness_actual=130.9, Mejor=145.4
2025-10-20 10:55:57,083 - DEBUG - Iter 63600: T=1.13, Fitness_actual=127.3, Mejor=145.4
2025-10-20 10:56:02,963 - WARNING - ⚠️  DEGRADACIÓN DETECTADA en iter 63650:
2025-10-20 10:56:02,963 - WARNING -    Mejor fitness: 145.4
2025-10-20 10:56:02,964 - WARNING -    Fitness promedio reciente: 125.1
2025-10-20 10:56:02,964 - WARNING -    Degradación: 20.2
2025-10-20 10:56:02,964 - WARNING -    🔄 RESTAURANDO mejor solución...
2025-10-20 10:56:03,085 - INFO - 🌟 MEJORA #299 en iter 63651: Fitness=145.6 (+0.2), Puntos=16299
2025-10-20 10:56:03,206 - INFO - 🌟 MEJORA #300 en iter 63652: Fitness=145.7 (+0.1), Puntos=16304
2025-10-20 10:56:03,206 - INFO -   ✨ Mejora #300 en iteración 63653: Fitness = 145.7 | Puntos = 16304 | T = 1.13
2025-10-20 10:56:04,661 - INFO - 🌟 MEJORA #301 en iter 63663: Fitness=146.6 (+1.0), Puntos=16303
2025-10-20 10:56:05,290 - INFO - 🌟 MEJORA #302 en iter 63668: Fitness=146.6 (+0.0), Puntos=16303
2025-10-20 10:56:09,359 - DEBUG - Iter 63700: T=1.13, Fitness_actual=143.7, Mejor=146.6
2025-10-20 10:56:21,550 - DEBUG - Iter 63800: T=1.12, Fitness_actual=137.6, Mejor=146.6
2025-10-20 10:56:33,796 - DEBUG - Iter 63900: T=1.12, Fitness_actual=133.0, Mejor=146.6
2025-10-20 10:56:45,705 - INFO -   Iter 64000 | Tiempo:   83.7min (34.9%) | T =     1.12 | Fitness =    131.3 | Mejor =    146.6 | Aceptación =  75.5%
2025-10-20 10:56:45,705 - INFO - Progreso iter 64000: T=1.12, Fitness=131.3, Mejor=146.6, Tasa_acept=75.5%
2025-10-20 10:56:45,707 - DEBUG - Iter 64000: T=1.12, Fitness_actual=131.3, Mejor=146.6
2025-10-20 10:56:57,521 - DEBUG - Iter 64100: T=1.12, Fitness_actual=125.6, Mejor=146.6
2025-10-20 10:57:03,365 - WARNING - ⚠️  DEGRADACIÓN DETECTADA en iter 64150:
2025-10-20 10:57:03,365 - WARNING -    Mejor fitness: 146.6
2025-10-20 10:57:03,366 - WARNING -    Fitness promedio reciente: 124.6
2025-10-20 10:57:03,366 - WARNING -    Degradación: 22.0
2025-10-20 10:57:03,366 - WARNING -    🔄 RESTAURANDO mejor solución...
2025-10-20 10:57:09,191 - DEBUG - Iter 64200: T=1.11, Fitness_actual=144.9, Mejor=146.6
2025-10-20 10:57:20,896 - DEBUG - Iter 64300: T=1.11, Fitness_actual=140.9, Mejor=146.6
2025-10-20 10:57:32,561 - DEBUG - Iter 64400: T=1.11, Fitness_actual=136.8, Mejor=146.6
2025-10-20 10:57:44,567 - INFO -   Iter 64500 | Tiempo:   84.7min (35.3%) | T =     1.11 | Fitness =    132.6 | Mejor =    146.6 | Aceptación =  75.4%
2025-10-20 10:57:44,567 - INFO - Progreso iter 64500: T=1.11, Fitness=132.6, Mejor=146.6, Tasa_acept=75.4%
2025-10-20 10:57:44,570 - DEBUG - Iter 64500: T=1.11, Fitness_actual=132.6, Mejor=146.6
2025-10-20 10:57:57,306 - DEBUG - Iter 64600: T=1.10, Fitness_actual=130.8, Mejor=146.6
2025-10-20 10:58:09,560 - DEBUG - Iter 64700: T=1.10, Fitness_actual=132.4, Mejor=146.6
2025-10-20 10:58:21,450 - DEBUG - Iter 64800: T=1.10, Fitness_actual=129.9, Mejor=146.6
2025-10-20 10:58:33,432 - DEBUG - Iter 64900: T=1.10, Fitness_actual=131.3, Mejor=146.6
2025-10-20 10:58:45,362 - INFO -   Iter 65000 | Tiempo:   85.7min (35.7%) | T =     1.09 | Fitness =    130.4 | Mejor =    146.6 | Aceptación =  75.5%
2025-10-20 10:58:45,363 - INFO - Progreso iter 65000: T=1.09, Fitness=130.4, Mejor=146.6, Tasa_acept=75.5%
2025-10-20 10:58:45,365 - DEBUG - Iter 65000: T=1.09, Fitness_actual=130.4, Mejor=146.6
2025-10-20 10:58:57,455 - DEBUG - Iter 65100: T=1.09, Fitness_actual=129.2, Mejor=146.6
2025-10-20 10:59:03,503 - WARNING - ⚠️  DEGRADACIÓN DETECTADA en iter 65150:
2025-10-20 10:59:03,503 - WARNING -    Mejor fitness: 146.6
2025-10-20 10:59:03,504 - WARNING -    Fitness promedio reciente: 126.5
2025-10-20 10:59:03,504 - WARNING -    Degradación: 20.2
2025-10-20 10:59:03,504 - WARNING -    🔄 RESTAURANDO mejor solución...
2025-10-20 10:59:09,530 - DEBUG - Iter 65200: T=1.09, Fitness_actual=142.5, Mejor=146.6
2025-10-20 10:59:21,590 - DEBUG - Iter 65300: T=1.09, Fitness_actual=138.8, Mejor=146.6
2025-10-20 10:59:34,568 - DEBUG - Iter 65400: T=1.08, Fitness_actual=133.9, Mejor=146.6
2025-10-20 10:59:46,737 - INFO -   Iter 65500 | Tiempo:   86.7min (36.1%) | T =     1.08 | Fitness =    125.3 | Mejor =    146.6 | Aceptación =  75.4%
2025-10-20 10:59:46,738 - INFO - Progreso iter 65500: T=1.08, Fitness=125.3, Mejor=146.6, Tasa_acept=75.4%
2025-10-20 10:59:46,740 - DEBUG - Iter 65500: T=1.08, Fitness_actual=125.3, Mejor=146.6
2025-10-20 10:59:52,731 - WARNING - ⚠️  DEGRADACIÓN DETECTADA en iter 65550:
2025-10-20 10:59:52,732 - WARNING -    Mejor fitness: 146.6
2025-10-20 10:59:52,732 - WARNING -    Fitness promedio reciente: 126.6
2025-10-20 10:59:52,733 - WARNING -    Degradación: 20.0
2025-10-20 10:59:52,733 - WARNING -    🔄 RESTAURANDO mejor solución...
2025-10-20 10:59:52,979 - INFO - 🌟 MEJORA #303 en iter 65552: Fitness=146.7 (+0.0), Puntos=16306
2025-10-20 10:59:58,782 - DEBUG - Iter 65600: T=1.08, Fitness_actual=145.3, Mejor=146.7
2025-10-20 11:00:11,043 - DEBUG - Iter 65700: T=1.08, Fitness_actual=139.3, Mejor=146.7
2025-10-20 11:00:23,023 - DEBUG - Iter 65800: T=1.07, Fitness_actual=134.1, Mejor=146.7
2025-10-20 11:00:35,347 - DEBUG - Iter 65900: T=1.07, Fitness_actual=133.6, Mejor=146.7
2025-10-20 11:00:47,532 - INFO -   Iter 66000 | Tiempo:   87.7min (36.6%) | T =     1.07 | Fitness =    129.2 | Mejor =    146.7 | Aceptación =  75.4%
2025-10-20 11:00:47,532 - INFO - Progreso iter 66000: T=1.07, Fitness=129.2, Mejor=146.7, Tasa_acept=75.4%
2025-10-20 11:00:47,535 - DEBUG - Iter 66000: T=1.07, Fitness_actual=129.2, Mejor=146.7
2025-10-20 11:00:59,531 - DEBUG - Iter 66100: T=1.07, Fitness_actual=128.9, Mejor=146.7
2025-10-20 11:01:11,643 - DEBUG - Iter 66200: T=1.06, Fitness_actual=128.5, Mejor=146.7
2025-10-20 11:01:23,826 - WARNING - ⚠️  DEGRADACIÓN DETECTADA en iter 66300:
2025-10-20 11:01:23,826 - WARNING -    Mejor fitness: 146.7
2025-10-20 11:01:23,827 - WARNING -    Fitness promedio reciente: 125.3
2025-10-20 11:01:23,827 - WARNING -    Degradación: 21.4
2025-10-20 11:01:23,827 - WARNING -    🔄 RESTAURANDO mejor solución...
2025-10-20 11:01:23,828 - DEBUG - Iter 66300: T=1.06, Fitness_actual=146.7, Mejor=146.7
2025-10-20 11:01:25,526 - INFO - 🌟 MEJORA #304 en iter 66314: Fitness=146.7 (+0.0), Puntos=16306
2025-10-20 11:01:26,127 - INFO - 🌟 MEJORA #305 en iter 66319: Fitness=146.8 (+0.1), Puntos=16315
2025-10-20 11:01:26,127 - INFO -   ✨ Mejora #305 en iteración 66320: Fitness = 146.8 | Puntos = 16315 | T = 1.06
2025-10-20 11:01:26,365 - INFO - 🌟 MEJORA #306 en iter 66321: Fitness=146.8 (+0.0), Puntos=16315
2025-10-20 11:01:26,603 - INFO - 🌟 MEJORA #307 en iter 66323: Fitness=146.8 (+0.0), Puntos=16318
2025-10-20 11:01:26,722 - INFO - 🌟 MEJORA #308 en iter 66324: Fitness=146.8 (+0.0), Puntos=16318
2025-10-20 11:01:35,824 - DEBUG - Iter 66400: T=1.06, Fitness_actual=141.9, Mejor=146.8
2025-10-20 11:01:47,794 - INFO -   Iter 66500 | Tiempo:   88.7min (37.0%) | T =     1.06 | Fitness =    135.7 | Mejor =    146.8 | Aceptación =  75.3%
2025-10-20 11:01:47,795 - INFO - Progreso iter 66500: T=1.06, Fitness=135.7, Mejor=146.8, Tasa_acept=75.3%
2025-10-20 11:01:47,799 - DEBUG - Iter 66500: T=1.06, Fitness_actual=135.7, Mejor=146.8
2025-10-20 11:01:59,828 - DEBUG - Iter 66600: T=1.05, Fitness_actual=137.9, Mejor=146.8
2025-10-20 11:02:11,964 - DEBUG - Iter 66700: T=1.05, Fitness_actual=131.9, Mejor=146.8
2025-10-20 11:02:24,884 - DEBUG - Iter 66800: T=1.05, Fitness_actual=123.1, Mejor=146.8
2025-10-20 11:02:31,637 - WARNING - ⚠️  DEGRADACIÓN DETECTADA en iter 66850:
2025-10-20 11:02:31,637 - WARNING -    Mejor fitness: 146.8
2025-10-20 11:02:31,637 - WARNING -    Fitness promedio reciente: 123.7
2025-10-20 11:02:31,637 - WARNING -    Degradación: 23.0
2025-10-20 11:02:31,638 - WARNING -    🔄 RESTAURANDO mejor solución...
2025-10-20 11:02:31,779 - INFO - 🌟 MEJORA #309 en iter 66851: Fitness=146.8 (+0.0), Puntos=16318
2025-10-20 11:02:38,420 - DEBUG - Iter 66900: T=1.05, Fitness_actual=142.0, Mejor=146.8
2025-10-20 11:02:50,627 - INFO -   Iter 67000 | Tiempo:   89.8min (37.4%) | T =     1.04 | Fitness =    136.0 | Mejor =    146.8 | Aceptación =  75.3%
2025-10-20 11:02:50,628 - INFO - Progreso iter 67000: T=1.04, Fitness=136.0, Mejor=146.8, Tasa_acept=75.3%
2025-10-20 11:02:50,629 - DEBUG - Iter 67000: T=1.04, Fitness_actual=136.0, Mejor=146.8
2025-10-20 11:03:02,914 - DEBUG - Iter 67100: T=1.04, Fitness_actual=135.8, Mejor=146.8
2025-10-20 11:03:15,072 - DEBUG - Iter 67200: T=1.04, Fitness_actual=129.2, Mejor=146.8
2025-10-20 11:03:27,298 - DEBUG - Iter 67300: T=1.04, Fitness_actual=127.6, Mejor=146.8
2025-10-20 11:03:39,495 - WARNING - ⚠️  DEGRADACIÓN DETECTADA en iter 67400:
2025-10-20 11:03:39,496 - WARNING -    Mejor fitness: 146.8
2025-10-20 11:03:39,497 - WARNING -    Fitness promedio reciente: 124.8
2025-10-20 11:03:39,497 - WARNING -    Degradación: 22.0
2025-10-20 11:03:39,497 - WARNING -    🔄 RESTAURANDO mejor solución...
2025-10-20 11:03:39,502 - DEBUG - Iter 67400: T=1.03, Fitness_actual=146.8, Mejor=146.8
2025-10-20 11:03:39,626 - INFO - 🌟 MEJORA #310 en iter 67401: Fitness=146.8 (+0.0), Puntos=16318
2025-10-20 11:03:39,626 - INFO -   ✨ Mejora #310 en iteración 67402: Fitness = 146.8 | Puntos = 16318 | T = 1.03
2025-10-20 11:03:51,774 - INFO -   Iter 67500 | Tiempo:   90.8min (37.8%) | T =     1.03 | Fitness =    143.1 | Mejor =    146.8 | Aceptación =  75.2%
2025-10-20 11:03:51,775 - INFO - Progreso iter 67500: T=1.03, Fitness=143.1, Mejor=146.8, Tasa_acept=75.2%
2025-10-20 11:03:51,779 - DEBUG - Iter 67500: T=1.03, Fitness_actual=143.1, Mejor=146.8
2025-10-20 11:04:03,952 - DEBUG - Iter 67600: T=1.03, Fitness_actual=140.2, Mejor=146.8
2025-10-20 11:04:16,230 - DEBUG - Iter 67700: T=1.03, Fitness_actual=138.0, Mejor=146.8
2025-10-20 11:04:28,615 - DEBUG - Iter 67800: T=1.03, Fitness_actual=132.1, Mejor=146.8
2025-10-20 11:04:40,854 - WARNING - ⚠️  DEGRADACIÓN DETECTADA en iter 67900:
2025-10-20 11:04:40,854 - WARNING -    Mejor fitness: 146.8
2025-10-20 11:04:40,855 - WARNING -    Fitness promedio reciente: 126.8
2025-10-20 11:04:40,855 - WARNING -    Degradación: 20.0
2025-10-20 11:04:40,855 - WARNING -    🔄 RESTAURANDO mejor solución...
2025-10-20 11:04:40,856 - DEBUG - Iter 67900: T=1.02, Fitness_actual=146.8, Mejor=146.8
2025-10-20 11:04:40,857 - INFO - 🌟 MEJORA #311 en iter 67900: Fitness=146.8 (+0.0), Puntos=16318
2025-10-20 11:04:42,075 - INFO - 🌟 MEJORA #312 en iter 67910: Fitness=147.0 (+0.2), Puntos=16339
2025-10-20 11:04:42,322 - INFO - 🌟 MEJORA #313 en iter 67912: Fitness=147.0 (+0.0), Puntos=16339
2025-10-20 11:04:53,060 - INFO -   Iter 68000 | Tiempo:   91.8min (38.3%) | T =     1.02 | Fitness =    140.0 | Mejor =    147.0 | Aceptación =  75.2%
2025-10-20 11:04:53,060 - INFO - Progreso iter 68000: T=1.02, Fitness=140.0, Mejor=147.0, Tasa_acept=75.2%
2025-10-20 11:04:53,066 - DEBUG - Iter 68000: T=1.02, Fitness_actual=140.0, Mejor=147.0
2025-10-20 11:05:05,474 - DEBUG - Iter 68100: T=1.02, Fitness_actual=133.9, Mejor=147.0
2025-10-20 11:05:17,768 - DEBUG - Iter 68200: T=1.02, Fitness_actual=129.8, Mejor=147.0
2025-10-20 11:05:30,001 - DEBUG - Iter 68300: T=1.01, Fitness_actual=131.9, Mejor=147.0
2025-10-20 11:05:42,226 - DEBUG - Iter 68400: T=1.01, Fitness_actual=128.7, Mejor=147.0
2025-10-20 11:05:54,492 - INFO -   Iter 68500 | Tiempo:   92.8min (38.7%) | T =     1.01 | Fitness =    125.3 | Mejor =    147.0 | Aceptación =  75.2%
2025-10-20 11:05:54,493 - INFO - Progreso iter 68500: T=1.01, Fitness=125.3, Mejor=147.0, Tasa_acept=75.2%
2025-10-20 11:05:54,493 - WARNING - ⚠️  DEGRADACIÓN DETECTADA en iter 68500:
2025-10-20 11:05:54,493 - WARNING -    Mejor fitness: 147.0
2025-10-20 11:05:54,493 - WARNING -    Fitness promedio reciente: 125.6
2025-10-20 11:05:54,494 - WARNING -    Degradación: 21.5
2025-10-20 11:05:54,494 - WARNING -    🔄 RESTAURANDO mejor solución...
2025-10-20 11:05:54,499 - DEBUG - Iter 68500: T=1.01, Fitness_actual=147.0, Mejor=147.0
2025-10-20 11:05:55,105 - INFO - 🌟 MEJORA #314 en iter 68505: Fitness=147.0 (+0.0), Puntos=16341
2025-10-20 11:05:57,067 - INFO - 🌟 MEJORA #315 en iter 68521: Fitness=147.2 (+0.1), Puntos=16354
2025-10-20 11:05:57,067 - INFO -   ✨ Mejora #315 en iteración 68522: Fitness = 147.2 | Puntos = 16354 | T = 1.01
2025-10-20 11:05:57,189 - INFO - 🌟 MEJORA #316 en iter 68522: Fitness=147.2 (+0.0), Puntos=16354
2025-10-20 11:05:57,797 - INFO - 🌟 MEJORA #317 en iter 68527: Fitness=147.2 (+0.0), Puntos=16354
2025-10-20 11:05:57,919 - INFO - 🌟 MEJORA #318 en iter 68528: Fitness=147.2 (+0.0), Puntos=16357
2025-10-20 11:05:58,910 - INFO - 🌟 MEJORA #319 en iter 68536: Fitness=147.3 (+0.1), Puntos=16366
2025-10-20 11:05:59,033 - INFO - 🌟 MEJORA #320 en iter 68537: Fitness=147.3 (+0.0), Puntos=16366
2025-10-20 11:05:59,033 - INFO -   ✨ Mejora #320 en iteración 68538: Fitness = 147.3 | Puntos = 16366 | T = 1.01
2025-10-20 11:05:59,156 - INFO - 🌟 MEJORA #321 en iter 68538: Fitness=147.3 (+0.0), Puntos=16366
2025-10-20 11:05:59,399 - INFO - 🌟 MEJORA #322 en iter 68540: Fitness=147.3 (+0.0), Puntos=16370
2025-10-20 11:06:06,792 - DEBUG - Iter 68600: T=1.01, Fitness_actual=142.9, Mejor=147.3
2025-10-20 11:06:19,028 - DEBUG - Iter 68700: T=1.00, Fitness_actual=135.9, Mejor=147.3
2025-10-20 11:06:31,261 - DEBUG - Iter 68800: T=1.00, Fitness_actual=131.1, Mejor=147.3
2025-10-20 11:06:43,576 - DEBUG - Iter 68900: T=1.00, Fitness_actual=128.6, Mejor=147.3
2025-10-20 11:06:55,854 - INFO -   Iter 69000 | Tiempo:   93.9min (39.1%) | T =     1.00 | Fitness =    128.4 | Mejor =    147.3 | Aceptación =  75.2%
2025-10-20 11:06:55,854 - INFO - Progreso iter 69000: T=1.00, Fitness=128.4, Mejor=147.3, Tasa_acept=75.2%
2025-10-20 11:06:55,856 - DEBUG - Iter 69000: T=1.00, Fitness_actual=128.4, Mejor=147.3
2025-10-20 11:07:08,208 - DEBUG - Iter 69100: T=0.99, Fitness_actual=128.5, Mejor=147.3
2025-10-20 11:07:20,516 - DEBUG - Iter 69200: T=0.99, Fitness_actual=126.2, Mejor=147.3
2025-10-20 11:07:26,691 - WARNING - ⚠️  DEGRADACIÓN DETECTADA en iter 69250:
2025-10-20 11:07:26,691 - WARNING -    Mejor fitness: 147.3
2025-10-20 11:07:26,692 - WARNING -    Fitness promedio reciente: 123.9
2025-10-20 11:07:26,692 - WARNING -    Degradación: 23.5
2025-10-20 11:07:26,692 - WARNING -    🔄 RESTAURANDO mejor solución...
2025-10-20 11:07:26,819 - INFO - 🌟 MEJORA #323 en iter 69251: Fitness=147.3 (+0.0), Puntos=16370
2025-10-20 11:07:32,867 - DEBUG - Iter 69300: T=0.99, Fitness_actual=145.2, Mejor=147.3
2025-10-20 11:07:45,326 - DEBUG - Iter 69400: T=0.99, Fitness_actual=140.9, Mejor=147.3
2025-10-20 11:07:57,678 - INFO -   Iter 69500 | Tiempo:   94.9min (39.5%) | T =     0.99 | Fitness =    133.6 | Mejor =    147.3 | Aceptación =  75.2%
2025-10-20 11:07:57,678 - INFO - Progreso iter 69500: T=0.99, Fitness=133.6, Mejor=147.3, Tasa_acept=75.2%
2025-10-20 11:07:57,680 - DEBUG - Iter 69500: T=0.99, Fitness_actual=133.6, Mejor=147.3
2025-10-20 11:08:10,046 - DEBUG - Iter 69600: T=0.98, Fitness_actual=131.5, Mejor=147.3
2025-10-20 11:08:22,341 - DEBUG - Iter 69700: T=0.98, Fitness_actual=129.7, Mejor=147.3
2025-10-20 11:08:34,644 - DEBUG - Iter 69800: T=0.98, Fitness_actual=128.6, Mejor=147.3
2025-10-20 11:08:47,082 - WARNING - ⚠️  DEGRADACIÓN DETECTADA en iter 69900:
2025-10-20 11:08:47,082 - WARNING -    Mejor fitness: 147.3
2025-10-20 11:08:47,082 - WARNING -    Fitness promedio reciente: 126.8
2025-10-20 11:08:47,082 - WARNING -    Degradación: 20.5
2025-10-20 11:08:47,082 - WARNING -    🔄 RESTAURANDO mejor solución...
2025-10-20 11:08:47,084 - DEBUG - Iter 69900: T=0.98, Fitness_actual=147.3, Mejor=147.3
2025-10-20 11:08:47,454 - INFO - 🌟 MEJORA #324 en iter 69903: Fitness=147.3 (+0.0), Puntos=16370
2025-10-20 11:08:47,950 - INFO - 🌟 MEJORA #325 en iter 69907: Fitness=147.3 (+0.0), Puntos=16370
2025-10-20 11:08:47,950 - INFO -   ✨ Mejora #325 en iteración 69908: Fitness = 147.3 | Puntos = 16370 | T = 0.98
2025-10-20 11:08:48,200 - INFO - 🌟 MEJORA #326 en iter 69909: Fitness=147.3 (+0.0), Puntos=16370
2025-10-20 11:08:59,440 - INFO -   Iter 70000 | Tiempo:   95.9min (40.0%) | T =     0.97 | Fitness =    143.0 | Mejor =    147.3 | Aceptación =  75.1%
2025-10-20 11:08:59,440 - INFO - Progreso iter 70000: T=0.97, Fitness=143.0, Mejor=147.3, Tasa_acept=75.1%
2025-10-20 11:08:59,442 - DEBUG - Iter 70000: T=0.97, Fitness_actual=143.0, Mejor=147.3
2025-10-20 11:09:11,881 - DEBUG - Iter 70100: T=0.97, Fitness_actual=135.8, Mejor=147.3
2025-10-20 11:09:24,327 - DEBUG - Iter 70200: T=0.97, Fitness_actual=129.8, Mejor=147.3
2025-10-20 11:09:36,730 - DEBUG - Iter 70300: T=0.97, Fitness_actual=131.7, Mejor=147.3
2025-10-20 11:09:49,095 - DEBUG - Iter 70400: T=0.97, Fitness_actual=128.4, Mejor=147.3
2025-10-20 11:10:01,480 - INFO -   Iter 70500 | Tiempo:   97.0min (40.4%) | T =     0.96 | Fitness =    123.4 | Mejor =    147.3 | Aceptación =  75.1%
2025-10-20 11:10:01,480 - INFO - Progreso iter 70500: T=0.96, Fitness=123.4, Mejor=147.3, Tasa_acept=75.1%
2025-10-20 11:10:01,481 - WARNING - ⚠️  DEGRADACIÓN DETECTADA en iter 70500:
2025-10-20 11:10:01,481 - WARNING -    Mejor fitness: 147.3
2025-10-20 11:10:01,481 - WARNING -    Fitness promedio reciente: 125.4
2025-10-20 11:10:01,481 - WARNING -    Degradación: 21.9
2025-10-20 11:10:01,481 - WARNING -    🔄 RESTAURANDO mejor solución...
2025-10-20 11:10:01,486 - DEBUG - Iter 70500: T=0.96, Fitness_actual=147.3, Mejor=147.3
2025-10-20 11:10:01,609 - INFO - 🌟 MEJORA #327 en iter 70501: Fitness=147.3 (+0.0), Puntos=16370
2025-10-20 11:10:02,230 - INFO - 🌟 MEJORA #328 en iter 70506: Fitness=147.4 (+0.0), Puntos=16374
2025-10-20 11:10:14,052 - DEBUG - Iter 70600: T=0.96, Fitness_actual=138.9, Mejor=147.4
2025-10-20 11:10:26,542 - DEBUG - Iter 70700: T=0.96, Fitness_actual=137.0, Mejor=147.4
2025-10-20 11:10:39,050 - DEBUG - Iter 70800: T=0.96, Fitness_actual=134.8, Mejor=147.4
2025-10-20 11:10:51,544 - DEBUG - Iter 70900: T=0.95, Fitness_actual=130.7, Mejor=147.4
2025-10-20 11:11:04,117 - INFO -   Iter 71000 | Tiempo:   98.0min (40.8%) | T =     0.95 | Fitness =    132.0 | Mejor =    147.4 | Aceptación =  75.1%
2025-10-20 11:11:04,118 - INFO - Progreso iter 71000: T=0.95, Fitness=132.0, Mejor=147.4, Tasa_acept=75.1%
2025-10-20 11:11:04,120 - DEBUG - Iter 71000: T=0.95, Fitness_actual=132.0, Mejor=147.4
2025-10-20 11:11:16,573 - DEBUG - Iter 71100: T=0.95, Fitness_actual=133.6, Mejor=147.4
2025-10-20 11:11:20,058 - WARNING - ================================================================================
2025-10-20 11:11:20,058 - WARNING - ⚠️  SALTO ANORMAL DETECTADO en iteración 71128
2025-10-20 11:11:20,058 - WARNING -    Fitness actual: 134.2
2025-10-20 11:11:20,059 - WARNING -    Fitness vecino: 111.4
2025-10-20 11:11:20,059 - WARNING -    Delta: -22.9
2025-10-20 11:11:20,059 - WARNING -    Temperatura: 0.95
2025-10-20 11:11:20,059 - WARNING -    Tipo perturbación aplicada: (ver generar_vecino)
2025-10-20 11:11:20,059 - WARNING -    Vecino - Puntos: 15883, Tiempo: 14660.6min, Distancia: 229.6km
2025-10-20 11:11:20,059 - WARNING -    Actual - Puntos: 15891, Tiempo: 13254.2min, Distancia: 130.1km
2025-10-20 11:11:20,060 - WARNING -    Validez restricciones - Vecino: False, Actual: False
2025-10-20 11:11:20,060 - WARNING - ================================================================================
2025-10-20 11:11:20,060 - WARNING - ⚠️  SALTO ANORMAL DETECTADO en iteración 71128
2025-10-20 11:11:20,060 - WARNING -    Fitness: 134.2 → 111.4 (Δ=-22.9)
2025-10-20 11:11:20,060 - WARNING -    Ver detalles en archivo de log
2025-10-20 11:11:29,044 - DEBUG - Iter 71200: T=0.95, Fitness_actual=128.4, Mejor=147.4
2025-10-20 11:11:41,528 - WARNING - ⚠️  DEGRADACIÓN DETECTADA en iter 71300:
2025-10-20 11:11:41,529 - WARNING -    Mejor fitness: 147.4
2025-10-20 11:11:41,529 - WARNING -    Fitness promedio reciente: 127.0
2025-10-20 11:11:41,529 - WARNING -    Degradación: 20.4
2025-10-20 11:11:41,529 - WARNING -    🔄 RESTAURANDO mejor solución...
2025-10-20 11:11:41,530 - DEBUG - Iter 71300: T=0.95, Fitness_actual=147.4, Mejor=147.4
2025-10-20 11:11:54,055 - DEBUG - Iter 71400: T=0.94, Fitness_actual=144.0, Mejor=147.4
2025-10-20 11:12:06,747 - INFO -   Iter 71500 | Tiempo:   99.0min (41.3%) | T =     0.94 | Fitness =    141.3 | Mejor =    147.4 | Aceptación =  75.1%
2025-10-20 11:12:06,747 - INFO - Progreso iter 71500: T=0.94, Fitness=141.3, Mejor=147.4, Tasa_acept=75.1%
2025-10-20 11:12:06,748 - DEBUG - Iter 71500: T=0.94, Fitness_actual=141.3, Mejor=147.4
2025-10-20 11:12:19,344 - DEBUG - Iter 71600: T=0.94, Fitness_actual=137.9, Mejor=147.4
2025-10-20 11:12:31,897 - DEBUG - Iter 71700: T=0.94, Fitness_actual=136.3, Mejor=147.4
2025-10-20 11:12:44,452 - DEBUG - Iter 71800: T=0.93, Fitness_actual=128.8, Mejor=147.4
2025-10-20 11:12:50,748 - WARNING - ⚠️  DEGRADACIÓN DETECTADA en iter 71850:
2025-10-20 11:12:50,749 - WARNING -    Mejor fitness: 147.4
2025-10-20 11:12:50,749 - WARNING -    Fitness promedio reciente: 126.4
2025-10-20 11:12:50,749 - WARNING -    Degradación: 21.0
2025-10-20 11:12:50,749 - WARNING -    🔄 RESTAURANDO mejor solución...
2025-10-20 11:12:50,751 - INFO - 🌟 MEJORA #329 en iter 71850: Fitness=147.4 (+0.0), Puntos=16374
2025-10-20 11:12:50,876 - INFO - 🌟 MEJORA #330 en iter 71851: Fitness=147.4 (+0.0), Puntos=16374
2025-10-20 11:12:50,877 - INFO -   ✨ Mejora #330 en iteración 71852: Fitness = 147.4 | Puntos = 16374 | T = 0.93
2025-10-20 11:12:51,255 - INFO - 🌟 MEJORA #331 en iter 71854: Fitness=147.4 (+0.0), Puntos=16374
2025-10-20 11:12:57,129 - DEBUG - Iter 71900: T=0.93, Fitness_actual=147.1, Mejor=147.4
2025-10-20 11:13:09,778 - INFO -   Iter 72000 | Tiempo:  100.1min (41.7%) | T =     0.93 | Fitness =    145.1 | Mejor =    147.4 | Aceptación =  75.0%
2025-10-20 11:13:09,778 - INFO - Progreso iter 72000: T=0.93, Fitness=145.1, Mejor=147.4, Tasa_acept=75.0%
2025-10-20 11:13:09,779 - DEBUG - Iter 72000: T=0.93, Fitness_actual=145.1, Mejor=147.4
2025-10-20 11:13:22,375 - DEBUG - Iter 72100: T=0.93, Fitness_actual=140.4, Mejor=147.4
2025-10-20 11:13:34,989 - DEBUG - Iter 72200: T=0.93, Fitness_actual=140.8, Mejor=147.4
2025-10-20 11:13:47,671 - DEBUG - Iter 72300: T=0.92, Fitness_actual=137.7, Mejor=147.4
2025-10-20 11:14:00,288 - DEBUG - Iter 72400: T=0.92, Fitness_actual=137.1, Mejor=147.4
2025-10-20 11:14:12,925 - INFO -   Iter 72500 | Tiempo:  101.2min (42.1%) | T =     0.92 | Fitness =    135.0 | Mejor =    147.4 | Aceptación =  75.0%
2025-10-20 11:14:12,925 - INFO - Progreso iter 72500: T=0.92, Fitness=135.0, Mejor=147.4, Tasa_acept=75.0%
2025-10-20 11:14:12,926 - DEBUG - Iter 72500: T=0.92, Fitness_actual=135.0, Mejor=147.4
2025-10-20 11:14:25,548 - DEBUG - Iter 72600: T=0.92, Fitness_actual=134.2, Mejor=147.4
2025-10-20 11:14:38,260 - DEBUG - Iter 72700: T=0.91, Fitness_actual=132.5, Mejor=147.4
2025-10-20 11:14:50,948 - DEBUG - Iter 72800: T=0.91, Fitness_actual=134.0, Mejor=147.4
2025-10-20 11:15:03,649 - DEBUG - Iter 72900: T=0.91, Fitness_actual=134.4, Mejor=147.4
2025-10-20 11:15:16,319 - INFO -   Iter 73000 | Tiempo:  102.2min (42.6%) | T =     0.91 | Fitness =    135.7 | Mejor =    147.4 | Aceptación =  74.9%
2025-10-20 11:15:16,320 - INFO - Progreso iter 73000: T=0.91, Fitness=135.7, Mejor=147.4, Tasa_acept=74.9%
2025-10-20 11:15:16,321 - DEBUG - Iter 73000: T=0.91, Fitness_actual=135.7, Mejor=147.4
2025-10-20 11:15:29,065 - DEBUG - Iter 73100: T=0.91, Fitness_actual=132.3, Mejor=147.4
2025-10-20 11:15:41,759 - DEBUG - Iter 73200: T=0.90, Fitness_actual=133.9, Mejor=147.4
2025-10-20 11:15:54,473 - DEBUG - Iter 73300: T=0.90, Fitness_actual=127.8, Mejor=147.4
2025-10-20 11:16:07,327 - WARNING - ⚠️  DEGRADACIÓN DETECTADA en iter 73400:
2025-10-20 11:16:07,328 - WARNING -    Mejor fitness: 147.4
2025-10-20 11:16:07,328 - WARNING -    Fitness promedio reciente: 124.4
2025-10-20 11:16:07,328 - WARNING -    Degradación: 23.0
2025-10-20 11:16:07,328 - WARNING -    🔄 RESTAURANDO mejor solución...
2025-10-20 11:16:07,329 - DEBUG - Iter 73400: T=0.90, Fitness_actual=147.4, Mejor=147.4
2025-10-20 11:16:07,329 - INFO - 🌟 MEJORA #332 en iter 73400: Fitness=147.4 (+0.1), Puntos=16379
2025-10-20 11:16:20,142 - INFO -   Iter 73500 | Tiempo:  103.3min (43.0%) | T =     0.90 | Fitness =    144.8 | Mejor =    147.4 | Aceptación =  74.8%
2025-10-20 11:16:20,142 - INFO - Progreso iter 73500: T=0.90, Fitness=144.8, Mejor=147.4, Tasa_acept=74.8%
2025-10-20 11:16:20,143 - DEBUG - Iter 73500: T=0.90, Fitness_actual=144.8, Mejor=147.4
2025-10-20 11:16:32,966 - DEBUG - Iter 73600: T=0.90, Fitness_actual=141.4, Mejor=147.4
2025-10-20 11:16:45,719 - DEBUG - Iter 73700: T=0.89, Fitness_actual=136.7, Mejor=147.4
2025-10-20 11:16:58,438 - DEBUG - Iter 73800: T=0.89, Fitness_actual=132.1, Mejor=147.4
2025-10-20 11:17:11,182 - DEBUG - Iter 73900: T=0.89, Fitness_actual=132.8, Mejor=147.4
2025-10-20 11:17:23,942 - INFO -   Iter 74000 | Tiempo:  104.3min (43.5%) | T =     0.89 | Fitness =    129.3 | Mejor =    147.4 | Aceptación =  74.8%
2025-10-20 11:17:23,942 - INFO - Progreso iter 74000: T=0.89, Fitness=129.3, Mejor=147.4, Tasa_acept=74.8%
2025-10-20 11:17:23,943 - DEBUG - Iter 74000: T=0.89, Fitness_actual=129.3, Mejor=147.4
2025-10-20 11:17:36,757 - DEBUG - Iter 74100: T=0.88, Fitness_actual=130.2, Mejor=147.4
2025-10-20 11:17:49,596 - WARNING - ⚠️  DEGRADACIÓN DETECTADA en iter 74200:
2025-10-20 11:17:49,596 - WARNING -    Mejor fitness: 147.4
2025-10-20 11:17:49,597 - WARNING -    Fitness promedio reciente: 126.7
2025-10-20 11:17:49,597 - WARNING -    Degradación: 20.8
2025-10-20 11:17:49,597 - WARNING -    🔄 RESTAURANDO mejor solución...
2025-10-20 11:17:49,598 - DEBUG - Iter 74200: T=0.88, Fitness_actual=147.4, Mejor=147.4
2025-10-20 11:17:50,890 - INFO - 🌟 MEJORA #333 en iter 74210: Fitness=147.5 (+0.1), Puntos=16389
2025-10-20 11:17:51,276 - INFO - 🌟 MEJORA #334 en iter 74213: Fitness=147.5 (+0.0), Puntos=16389
2025-10-20 11:18:02,476 - DEBUG - Iter 74300: T=0.88, Fitness_actual=144.8, Mejor=147.5
2025-10-20 11:18:15,349 - DEBUG - Iter 74400: T=0.88, Fitness_actual=139.6, Mejor=147.5
2025-10-20 11:18:28,183 - INFO -   Iter 74500 | Tiempo:  105.4min (43.9%) | T =     0.88 | Fitness =    137.9 | Mejor =    147.5 | Aceptación =  74.7%
2025-10-20 11:18:28,183 - INFO - Progreso iter 74500: T=0.88, Fitness=137.9, Mejor=147.5, Tasa_acept=74.7%
2025-10-20 11:18:28,184 - DEBUG - Iter 74500: T=0.88, Fitness_actual=137.9, Mejor=147.5
2025-10-20 11:18:41,166 - DEBUG - Iter 74600: T=0.87, Fitness_actual=136.9, Mejor=147.5
2025-10-20 11:18:54,071 - DEBUG - Iter 74700: T=0.87, Fitness_actual=133.1, Mejor=147.5
2025-10-20 11:19:06,975 - DEBUG - Iter 74800: T=0.87, Fitness_actual=129.1, Mejor=147.5
2025-10-20 11:19:19,906 - WARNING - ⚠️  DEGRADACIÓN DETECTADA en iter 74900:
2025-10-20 11:19:19,907 - WARNING -    Mejor fitness: 147.5
2025-10-20 11:19:19,907 - WARNING -    Fitness promedio reciente: 126.5
2025-10-20 11:19:19,907 - WARNING -    Degradación: 21.0
2025-10-20 11:19:19,907 - WARNING -    🔄 RESTAURANDO mejor solución...
2025-10-20 11:19:19,908 - DEBUG - Iter 74900: T=0.87, Fitness_actual=147.5, Mejor=147.5
2025-10-20 11:19:19,908 - INFO - 🌟 MEJORA #335 en iter 74900: Fitness=147.5 (+0.0), Puntos=16389
2025-10-20 11:19:19,909 - INFO -   ✨ Mejora #335 en iteración 74901: Fitness = 147.5 | Puntos = 16389 | T = 0.87
2025-10-20 11:19:32,843 - INFO -   Iter 75000 | Tiempo:  106.5min (44.4%) | T =     0.87 | Fitness =    143.8 | Mejor =    147.5 | Aceptación =  74.6%
2025-10-20 11:19:32,843 - INFO - Progreso iter 75000: T=0.87, Fitness=143.8, Mejor=147.5, Tasa_acept=74.6%
2025-10-20 11:19:32,847 - DEBUG - Iter 75000: T=0.87, Fitness_actual=143.8, Mejor=147.5
2025-10-20 11:19:45,922 - DEBUG - Iter 75100: T=0.86, Fitness_actual=143.1, Mejor=147.5
2025-10-20 11:19:58,875 - DEBUG - Iter 75200: T=0.86, Fitness_actual=140.9, Mejor=147.5
2025-10-20 11:20:11,891 - DEBUG - Iter 75300: T=0.86, Fitness_actual=139.6, Mejor=147.5
2025-10-20 11:20:24,855 - DEBUG - Iter 75400: T=0.86, Fitness_actual=138.5, Mejor=147.5
2025-10-20 11:20:37,840 - INFO -   Iter 75500 | Tiempo:  107.6min (44.8%) | T =     0.86 | Fitness =    133.0 | Mejor =    147.5 | Aceptación =  74.5%
2025-10-20 11:20:37,840 - INFO - Progreso iter 75500: T=0.86, Fitness=133.0, Mejor=147.5, Tasa_acept=74.5%
2025-10-20 11:20:37,844 - DEBUG - Iter 75500: T=0.86, Fitness_actual=133.0, Mejor=147.5
2025-10-20 11:20:50,800 - DEBUG - Iter 75600: T=0.85, Fitness_actual=125.6, Mejor=147.5
2025-10-20 11:20:57,286 - WARNING - ⚠️  DEGRADACIÓN DETECTADA en iter 75650:
2025-10-20 11:20:57,286 - WARNING -    Mejor fitness: 147.5
2025-10-20 11:20:57,287 - WARNING -    Fitness promedio reciente: 124.8
2025-10-20 11:20:57,287 - WARNING -    Degradación: 22.7
2025-10-20 11:20:57,287 - WARNING -    🔄 RESTAURANDO mejor solución...
2025-10-20 11:20:58,587 - INFO - 🌟 MEJORA #336 en iter 75660: Fitness=147.6 (+0.0), Puntos=16394
2025-10-20 11:21:03,910 - DEBUG - Iter 75700: T=0.85, Fitness_actual=145.2, Mejor=147.6
2025-10-20 11:21:16,903 - DEBUG - Iter 75800: T=0.85, Fitness_actual=143.2, Mejor=147.6
2025-10-20 11:21:29,896 - DEBUG - Iter 75900: T=0.85, Fitness_actual=138.3, Mejor=147.6
2025-10-20 11:21:42,879 - INFO -   Iter 76000 | Tiempo:  108.7min (45.3%) | T =     0.85 | Fitness =    137.2 | Mejor =    147.6 | Aceptación =  74.4%
2025-10-20 11:21:42,879 - INFO - Progreso iter 76000: T=0.85, Fitness=137.2, Mejor=147.6, Tasa_acept=74.4%
2025-10-20 11:21:42,880 - DEBUG - Iter 76000: T=0.85, Fitness_actual=137.2, Mejor=147.6
2025-10-20 11:21:55,911 - DEBUG - Iter 76100: T=0.84, Fitness_actual=128.7, Mejor=147.6
2025-10-20 11:22:09,028 - DEBUG - Iter 76200: T=0.84, Fitness_actual=132.3, Mejor=147.6
2025-10-20 11:22:22,228 - DEBUG - Iter 76300: T=0.84, Fitness_actual=133.3, Mejor=147.6
2025-10-20 11:22:35,408 - DEBUG - Iter 76400: T=0.84, Fitness_actual=130.4, Mejor=147.6
2025-10-20 11:22:48,677 - INFO -   Iter 76500 | Tiempo:  109.7min (45.7%) | T =     0.84 | Fitness =    127.6 | Mejor =    147.6 | Aceptación =  74.4%
2025-10-20 11:22:48,677 - INFO - Progreso iter 76500: T=0.84, Fitness=127.6, Mejor=147.6, Tasa_acept=74.4%
2025-10-20 11:22:48,679 - DEBUG - Iter 76500: T=0.84, Fitness_actual=127.6, Mejor=147.6
2025-10-20 11:22:55,293 - WARNING - ⚠️  DEGRADACIÓN DETECTADA en iter 76550:
2025-10-20 11:22:55,294 - WARNING -    Mejor fitness: 147.6
2025-10-20 11:22:55,294 - WARNING -    Fitness promedio reciente: 127.1
2025-10-20 11:22:55,294 - WARNING -    Degradación: 20.5
2025-10-20 11:22:55,294 - WARNING -    🔄 RESTAURANDO mejor solución...
2025-10-20 11:22:55,429 - INFO - 🌟 MEJORA #337 en iter 76551: Fitness=147.6 (+0.0), Puntos=16394
2025-10-20 11:22:55,560 - INFO - 🌟 MEJORA #338 en iter 76552: Fitness=147.6 (+0.0), Puntos=16394
2025-10-20 11:23:01,883 - DEBUG - Iter 76600: T=0.83, Fitness_actual=145.0, Mejor=147.6
2025-10-20 11:23:15,080 - DEBUG - Iter 76700: T=0.83, Fitness_actual=138.1, Mejor=147.6
2025-10-20 11:23:28,293 - DEBUG - Iter 76800: T=0.83, Fitness_actual=138.1, Mejor=147.6
2025-10-20 11:23:41,600 - DEBUG - Iter 76900: T=0.83, Fitness_actual=141.4, Mejor=147.6
2025-10-20 11:23:54,928 - INFO -   Iter 77000 | Tiempo:  110.9min (46.2%) | T =     0.83 | Fitness =    137.6 | Mejor =    147.6 | Aceptación =  74.4%
2025-10-20 11:23:54,928 - INFO - Progreso iter 77000: T=0.83, Fitness=137.6, Mejor=147.6, Tasa_acept=74.4%
2025-10-20 11:23:54,929 - DEBUG - Iter 77000: T=0.83, Fitness_actual=137.6, Mejor=147.6
2025-10-20 11:24:08,226 - DEBUG - Iter 77100: T=0.82, Fitness_actual=131.0, Mejor=147.6
2025-10-20 11:24:21,476 - DEBUG - Iter 77200: T=0.82, Fitness_actual=133.3, Mejor=147.6
2025-10-20 11:24:34,804 - DEBUG - Iter 77300: T=0.82, Fitness_actual=131.3, Mejor=147.6
2025-10-20 11:24:48,186 - WARNING - ⚠️  DEGRADACIÓN DETECTADA en iter 77400:
2025-10-20 11:24:48,186 - WARNING -    Mejor fitness: 147.6
2025-10-20 11:24:48,186 - WARNING -    Fitness promedio reciente: 126.5
2025-10-20 11:24:48,186 - WARNING -    Degradación: 21.1
2025-10-20 11:24:48,187 - WARNING -    🔄 RESTAURANDO mejor solución...
2025-10-20 11:24:48,191 - DEBUG - Iter 77400: T=0.82, Fitness_actual=147.6, Mejor=147.6
2025-10-20 11:24:48,860 - INFO - 🌟 MEJORA #339 en iter 77405: Fitness=147.6 (+0.0), Puntos=16398
2025-10-20 11:25:01,520 - INFO -   Iter 77500 | Tiempo:  112.0min (46.7%) | T =     0.82 | Fitness =    142.6 | Mejor =    147.6 | Aceptación =  74.4%
2025-10-20 11:25:01,521 - INFO - Progreso iter 77500: T=0.82, Fitness=142.6, Mejor=147.6, Tasa_acept=74.4%
2025-10-20 11:25:01,525 - DEBUG - Iter 77500: T=0.82, Fitness_actual=142.6, Mejor=147.6
2025-10-20 11:25:14,876 - DEBUG - Iter 77600: T=0.81, Fitness_actual=139.9, Mejor=147.6
2025-10-20 11:25:28,210 - DEBUG - Iter 77700: T=0.81, Fitness_actual=140.8, Mejor=147.6
2025-10-20 11:25:41,676 - DEBUG - Iter 77800: T=0.81, Fitness_actual=134.9, Mejor=147.6
2025-10-20 11:25:55,038 - DEBUG - Iter 77900: T=0.81, Fitness_actual=128.7, Mejor=147.6
2025-10-20 11:26:01,789 - WARNING - ⚠️  DEGRADACIÓN DETECTADA en iter 77950:
2025-10-20 11:26:01,789 - WARNING -    Mejor fitness: 147.6
2025-10-20 11:26:01,789 - WARNING -    Fitness promedio reciente: 127.0
2025-10-20 11:26:01,789 - WARNING -    Degradación: 20.6
2025-10-20 11:26:01,789 - WARNING -    🔄 RESTAURANDO mejor solución...
2025-10-20 11:26:01,791 - INFO - 🌟 MEJORA #340 en iter 77950: Fitness=147.6 (+0.0), Puntos=16398
2025-10-20 11:26:01,791 - INFO -   ✨ Mejora #340 en iteración 77951: Fitness = 147.6 | Puntos = 16398 | T = 0.81
2025-10-20 11:26:08,480 - INFO -   Iter 78000 | Tiempo:  113.1min (47.1%) | T =     0.81 | Fitness =    145.4 | Mejor =    147.6 | Aceptación =  74.3%
2025-10-20 11:26:08,481 - INFO - Progreso iter 78000: T=0.81, Fitness=145.4, Mejor=147.6, Tasa_acept=74.3%
2025-10-20 11:26:08,482 - DEBUG - Iter 78000: T=0.81, Fitness_actual=145.4, Mejor=147.6
2025-10-20 11:26:21,899 - DEBUG - Iter 78100: T=0.80, Fitness_actual=144.3, Mejor=147.6
2025-10-20 11:26:35,299 - DEBUG - Iter 78200: T=0.80, Fitness_actual=144.2, Mejor=147.6
2025-10-20 11:26:48,730 - DEBUG - Iter 78300: T=0.80, Fitness_actual=137.9, Mejor=147.6
2025-10-20 11:27:02,217 - DEBUG - Iter 78400: T=0.80, Fitness_actual=138.1, Mejor=147.6
2025-10-20 11:27:15,685 - INFO -   Iter 78500 | Tiempo:  114.2min (47.6%) | T =     0.80 | Fitness =    135.5 | Mejor =    147.6 | Aceptación =  74.3%
2025-10-20 11:27:15,685 - INFO - Progreso iter 78500: T=0.80, Fitness=135.5, Mejor=147.6, Tasa_acept=74.3%
2025-10-20 11:27:15,687 - DEBUG - Iter 78500: T=0.80, Fitness_actual=135.5, Mejor=147.6
2025-10-20 11:27:29,164 - DEBUG - Iter 78600: T=0.79, Fitness_actual=133.0, Mejor=147.6
2025-10-20 11:27:42,577 - DEBUG - Iter 78700: T=0.79, Fitness_actual=131.5, Mejor=147.6
2025-10-20 11:27:55,980 - WARNING - ⚠️  DEGRADACIÓN DETECTADA en iter 78800:
2025-10-20 11:27:55,981 - WARNING -    Mejor fitness: 147.6
2025-10-20 11:27:55,981 - WARNING -    Fitness promedio reciente: 127.4
2025-10-20 11:27:55,981 - WARNING -    Degradación: 20.2
2025-10-20 11:27:55,981 - WARNING -    🔄 RESTAURANDO mejor solución...
2025-10-20 11:27:55,986 - DEBUG - Iter 78800: T=0.79, Fitness_actual=147.6, Mejor=147.6
2025-10-20 11:27:56,928 - INFO - 🌟 MEJORA #341 en iter 78807: Fitness=147.6 (+0.0), Puntos=16399
2025-10-20 11:28:09,514 - DEBUG - Iter 78900: T=0.79, Fitness_actual=144.3, Mejor=147.6
2025-10-20 11:28:22,932 - INFO -   Iter 79000 | Tiempo:  115.3min (48.0%) | T =     0.79 | Fitness =    143.2 | Mejor =    147.6 | Aceptación =  74.2%
2025-10-20 11:28:22,932 - INFO - Progreso iter 79000: T=0.79, Fitness=143.2, Mejor=147.6, Tasa_acept=74.2%
2025-10-20 11:28:22,936 - DEBUG - Iter 79000: T=0.79, Fitness_actual=143.2, Mejor=147.6
2025-10-20 11:28:36,380 - DEBUG - Iter 79100: T=0.78, Fitness_actual=137.1, Mejor=147.6
2025-10-20 11:28:50,011 - DEBUG - Iter 79200: T=0.78, Fitness_actual=135.4, Mejor=147.6
2025-10-20 11:29:03,520 - DEBUG - Iter 79300: T=0.78, Fitness_actual=135.9, Mejor=147.6
2025-10-20 11:29:17,031 - DEBUG - Iter 79400: T=0.78, Fitness_actual=135.0, Mejor=147.6
2025-10-20 11:29:30,521 - INFO -   Iter 79500 | Tiempo:  116.4min (48.5%) | T =     0.78 | Fitness =    135.7 | Mejor =    147.6 | Aceptación =  74.2%
2025-10-20 11:29:30,521 - INFO - Progreso iter 79500: T=0.78, Fitness=135.7, Mejor=147.6, Tasa_acept=74.2%
2025-10-20 11:29:30,522 - DEBUG - Iter 79500: T=0.78, Fitness_actual=135.7, Mejor=147.6
2025-10-20 11:29:44,093 - DEBUG - Iter 79600: T=0.77, Fitness_actual=133.5, Mejor=147.6
2025-10-20 11:29:57,614 - DEBUG - Iter 79700: T=0.77, Fitness_actual=130.4, Mejor=147.6
2025-10-20 11:30:11,141 - WARNING - ⚠️  DEGRADACIÓN DETECTADA en iter 79800:
2025-10-20 11:30:11,142 - WARNING -    Mejor fitness: 147.6
2025-10-20 11:30:11,142 - WARNING -    Fitness promedio reciente: 127.3
2025-10-20 11:30:11,142 - WARNING -    Degradación: 20.3
2025-10-20 11:30:11,142 - WARNING -    🔄 RESTAURANDO mejor solución...
2025-10-20 11:30:11,143 - DEBUG - Iter 79800: T=0.77, Fitness_actual=147.6, Mejor=147.6
2025-10-20 11:30:11,143 - INFO - 🌟 MEJORA #342 en iter 79800: Fitness=147.6 (+0.0), Puntos=16400
2025-10-20 11:30:11,279 - INFO - 🌟 MEJORA #343 en iter 79801: Fitness=147.6 (+0.0), Puntos=16402
2025-10-20 11:30:24,750 - DEBUG - Iter 79900: T=0.77, Fitness_actual=141.8, Mejor=147.6
2025-10-20 11:30:38,425 - INFO -   Iter 80000 | Tiempo:  117.6min (49.0%) | T =     0.77 | Fitness =    136.2 | Mejor =    147.6 | Aceptación =  74.1%
2025-10-20 11:30:38,425 - INFO - Progreso iter 80000: T=0.77, Fitness=136.2, Mejor=147.6, Tasa_acept=74.1%
2025-10-20 11:30:38,426 - DEBUG - Iter 80000: T=0.77, Fitness_actual=136.2, Mejor=147.6
2025-10-20 11:30:52,003 - DEBUG - Iter 80100: T=0.77, Fitness_actual=134.8, Mejor=147.6
2025-10-20 11:31:05,627 - DEBUG - Iter 80200: T=0.76, Fitness_actual=135.2, Mejor=147.6
2025-10-20 11:31:19,234 - DEBUG - Iter 80300: T=0.76, Fitness_actual=132.6, Mejor=147.6
2025-10-20 11:31:32,852 - DEBUG - Iter 80400: T=0.76, Fitness_actual=129.2, Mejor=147.6
2025-10-20 11:31:46,490 - INFO -   Iter 80500 | Tiempo:  118.7min (49.5%) | T =     0.76 | Fitness =    127.9 | Mejor =    147.6 | Aceptación =  74.0%
2025-10-20 11:31:46,490 - INFO - Progreso iter 80500: T=0.76, Fitness=127.9, Mejor=147.6, Tasa_acept=74.0%
2025-10-20 11:31:46,491 - DEBUG - Iter 80500: T=0.76, Fitness_actual=127.9, Mejor=147.6
2025-10-20 11:31:53,283 - WARNING - ⚠️  DEGRADACIÓN DETECTADA en iter 80550:
2025-10-20 11:31:53,283 - WARNING -    Mejor fitness: 147.6
2025-10-20 11:31:53,283 - WARNING -    Fitness promedio reciente: 127.5
2025-10-20 11:31:53,284 - WARNING -    Degradación: 20.1
2025-10-20 11:31:53,284 - WARNING -    🔄 RESTAURANDO mejor solución...
2025-10-20 11:31:54,517 - INFO - 🌟 MEJORA #344 en iter 80559: Fitness=148.6 (+1.0), Puntos=16399
2025-10-20 11:31:54,653 - INFO - 🌟 MEJORA #345 en iter 80560: Fitness=148.6 (+0.0), Puntos=16399
2025-10-20 11:31:54,653 - INFO -   ✨ Mejora #345 en iteración 80561: Fitness = 148.6 | Puntos = 16399 | T = 0.76
2025-10-20 11:32:00,124 - DEBUG - Iter 80600: T=0.76, Fitness_actual=147.1, Mejor=148.6
2025-10-20 11:32:13,857 - DEBUG - Iter 80700: T=0.75, Fitness_actual=147.5, Mejor=148.6
2025-10-20 11:32:27,624 - DEBUG - Iter 80800: T=0.75, Fitness_actual=145.1, Mejor=148.6
2025-10-20 11:32:41,375 - DEBUG - Iter 80900: T=0.75, Fitness_actual=141.1, Mejor=148.6
2025-10-20 11:32:55,101 - INFO -   Iter 81000 | Tiempo:  119.9min (49.9%) | T =     0.75 | Fitness =    136.9 | Mejor =    148.6 | Aceptación =  74.0%
2025-10-20 11:32:55,101 - INFO - Progreso iter 81000: T=0.75, Fitness=136.9, Mejor=148.6, Tasa_acept=74.0%
2025-10-20 11:32:55,102 - DEBUG - Iter 81000: T=0.75, Fitness_actual=136.9, Mejor=148.6
2025-10-20 11:33:08,838 - DEBUG - Iter 81100: T=0.75, Fitness_actual=135.9, Mejor=148.6
2025-10-20 11:33:22,548 - DEBUG - Iter 81200: T=0.74, Fitness_actual=135.6, Mejor=148.6
2025-10-20 11:33:36,306 - DEBUG - Iter 81300: T=0.74, Fitness_actual=134.3, Mejor=148.6
2025-10-20 11:33:50,095 - DEBUG - Iter 81400: T=0.74, Fitness_actual=135.1, Mejor=148.6
2025-10-20 11:34:03,967 - INFO -   Iter 81500 | Tiempo:  121.0min (50.4%) | T =     0.74 | Fitness =    132.8 | Mejor =    148.6 | Aceptación =  73.9%
2025-10-20 11:34:03,967 - INFO - Progreso iter 81500: T=0.74, Fitness=132.8, Mejor=148.6, Tasa_acept=73.9%
2025-10-20 11:34:03,969 - DEBUG - Iter 81500: T=0.74, Fitness_actual=132.8, Mejor=148.6
2025-10-20 11:34:17,831 - DEBUG - Iter 81600: T=0.74, Fitness_actual=126.7, Mejor=148.6
2025-10-20 11:34:24,739 - WARNING - ⚠️  DEGRADACIÓN DETECTADA en iter 81650:
2025-10-20 11:34:24,739 - WARNING -    Mejor fitness: 148.6
2025-10-20 11:34:24,740 - WARNING -    Fitness promedio reciente: 128.0
2025-10-20 11:34:24,740 - WARNING -    Degradación: 20.7
2025-10-20 11:34:24,740 - WARNING -    🔄 RESTAURANDO mejor solución...
2025-10-20 11:34:25,156 - INFO - 🌟 MEJORA #346 en iter 81653: Fitness=148.7 (+0.1), Puntos=16410
2025-10-20 11:34:31,660 - DEBUG - Iter 81700: T=0.74, Fitness_actual=145.8, Mejor=148.7
2025-10-20 11:34:45,531 - DEBUG - Iter 81800: T=0.73, Fitness_actual=144.4, Mejor=148.7
2025-10-20 11:34:59,026 - DEBUG - Iter 81900: T=0.73, Fitness_actual=142.6, Mejor=148.7
2025-10-20 11:35:12,436 - INFO -   Iter 82000 | Tiempo:  122.1min (50.9%) | T =     0.73 | Fitness =    140.8 | Mejor =    148.7 | Aceptación =  73.9%
2025-10-20 11:35:12,437 - INFO - Progreso iter 82000: T=0.73, Fitness=140.8, Mejor=148.7, Tasa_acept=73.9%
2025-10-20 11:35:12,441 - DEBUG - Iter 82000: T=0.73, Fitness_actual=140.8, Mejor=148.7
2025-10-20 11:35:25,861 - DEBUG - Iter 82100: T=0.73, Fitness_actual=139.0, Mejor=148.7
2025-10-20 11:35:39,338 - DEBUG - Iter 82200: T=0.73, Fitness_actual=137.1, Mejor=148.7
2025-10-20 11:35:52,791 - DEBUG - Iter 82300: T=0.72, Fitness_actual=134.6, Mejor=148.7
2025-10-20 11:36:06,271 - DEBUG - Iter 82400: T=0.72, Fitness_actual=132.1, Mejor=148.7
2025-10-20 11:36:19,729 - INFO -   Iter 82500 | Tiempo:  123.3min (51.4%) | T =     0.72 | Fitness =    131.2 | Mejor =    148.7 | Aceptación =  73.8%
2025-10-20 11:36:19,729 - INFO - Progreso iter 82500: T=0.72, Fitness=131.2, Mejor=148.7, Tasa_acept=73.8%
2025-10-20 11:36:19,730 - DEBUG - Iter 82500: T=0.72, Fitness_actual=131.2, Mejor=148.7
2025-10-20 11:36:33,189 - DEBUG - Iter 82600: T=0.72, Fitness_actual=132.4, Mejor=148.7
2025-10-20 11:36:46,689 - DEBUG - Iter 82700: T=0.72, Fitness_actual=131.5, Mejor=148.7
2025-10-20 11:37:00,202 - DEBUG - Iter 82800: T=0.72, Fitness_actual=128.2, Mejor=148.7
2025-10-20 11:37:06,935 - WARNING - ⚠️  DEGRADACIÓN DETECTADA en iter 82850:
2025-10-20 11:37:06,935 - WARNING -    Mejor fitness: 148.7
2025-10-20 11:37:06,936 - WARNING -    Fitness promedio reciente: 128.2
2025-10-20 11:37:06,936 - WARNING -    Degradación: 20.5
2025-10-20 11:37:06,936 - WARNING -    🔄 RESTAURANDO mejor solución...
2025-10-20 11:37:06,937 - INFO - 🌟 MEJORA #347 en iter 82850: Fitness=148.7 (+0.0), Puntos=16410
2025-10-20 11:37:07,345 - INFO - 🌟 MEJORA #348 en iter 82853: Fitness=148.7 (+0.0), Puntos=16410
2025-10-20 11:37:08,433 - INFO - 🌟 MEJORA #349 en iter 82861: Fitness=148.7 (+0.0), Puntos=16411
2025-10-20 11:37:08,978 - INFO - 🌟 MEJORA #350 en iter 82865: Fitness=148.7 (+0.0), Puntos=16411
2025-10-20 11:37:08,978 - INFO -   ✨ Mejora #350 en iteración 82866: Fitness = 148.7 | Puntos = 16411 | T = 0.71
2025-10-20 11:37:09,113 - INFO - 🌟 MEJORA #351 en iter 82866: Fitness=148.9 (+0.2), Puntos=16431
2025-10-20 11:37:13,733 - DEBUG - Iter 82900: T=0.71, Fitness_actual=146.5, Mejor=148.9
2025-10-20 11:37:27,264 - INFO -   Iter 83000 | Tiempo:  124.4min (51.8%) | T =     0.71 | Fitness =    139.4 | Mejor =    148.9 | Aceptación =  73.8%
2025-10-20 11:37:27,264 - INFO - Progreso iter 83000: T=0.71, Fitness=139.4, Mejor=148.9, Tasa_acept=73.8%
2025-10-20 11:37:27,265 - DEBUG - Iter 83000: T=0.71, Fitness_actual=139.4, Mejor=148.9
2025-10-20 11:37:40,916 - DEBUG - Iter 83100: T=0.71, Fitness_actual=134.4, Mejor=148.9
2025-10-20 11:37:54,501 - DEBUG - Iter 83200: T=0.71, Fitness_actual=135.2, Mejor=148.9
2025-10-20 11:38:08,047 - DEBUG - Iter 83300: T=0.71, Fitness_actual=135.0, Mejor=148.9
2025-10-20 11:38:21,616 - DEBUG - Iter 83400: T=0.71, Fitness_actual=128.1, Mejor=148.9
2025-10-20 11:38:35,175 - INFO -   Iter 83500 | Tiempo:  125.5min (52.3%) | T =     0.70 | Fitness =    128.1 | Mejor =    148.9 | Aceptación =  73.8%
2025-10-20 11:38:35,175 - INFO - Progreso iter 83500: T=0.70, Fitness=128.1, Mejor=148.9, Tasa_acept=73.8%
2025-10-20 11:38:35,177 - DEBUG - Iter 83500: T=0.70, Fitness_actual=128.1, Mejor=148.9
2025-10-20 11:38:42,097 - WARNING - ⚠️  DEGRADACIÓN DETECTADA en iter 83550:
2025-10-20 11:38:42,097 - WARNING -    Mejor fitness: 148.9
2025-10-20 11:38:42,097 - WARNING -    Fitness promedio reciente: 128.9
2025-10-20 11:38:42,097 - WARNING -    Degradación: 20.1
2025-10-20 11:38:42,098 - WARNING -    🔄 RESTAURANDO mejor solución...
2025-10-20 11:38:42,099 - INFO - 🌟 MEJORA #352 en iter 83550: Fitness=148.9 (+0.0), Puntos=16431
2025-10-20 11:38:48,895 - DEBUG - Iter 83600: T=0.70, Fitness_actual=146.4, Mejor=148.9
2025-10-20 11:39:02,515 - DEBUG - Iter 83700: T=0.70, Fitness_actual=143.7, Mejor=148.9
2025-10-20 11:39:16,130 - DEBUG - Iter 83800: T=0.70, Fitness_actual=140.5, Mejor=148.9
2025-10-20 11:39:29,761 - DEBUG - Iter 83900: T=0.70, Fitness_actual=139.0, Mejor=148.9
2025-10-20 11:39:43,394 - INFO -   Iter 84000 | Tiempo:  126.7min (52.8%) | T =     0.70 | Fitness =    136.4 | Mejor =    148.9 | Aceptación =  73.7%
2025-10-20 11:39:43,394 - INFO - Progreso iter 84000: T=0.70, Fitness=136.4, Mejor=148.9, Tasa_acept=73.7%
2025-10-20 11:39:43,397 - DEBUG - Iter 84000: T=0.70, Fitness_actual=136.4, Mejor=148.9
2025-10-20 11:39:57,009 - DEBUG - Iter 84100: T=0.69, Fitness_actual=128.1, Mejor=148.9
2025-10-20 11:40:10,601 - DEBUG - Iter 84200: T=0.69, Fitness_actual=128.9, Mejor=148.9
2025-10-20 11:40:24,235 - DEBUG - Iter 84300: T=0.69, Fitness_actual=130.5, Mejor=148.9
2025-10-20 11:40:37,887 - DEBUG - Iter 84400: T=0.69, Fitness_actual=129.8, Mejor=148.9
2025-10-20 11:40:44,728 - WARNING - ⚠️  DEGRADACIÓN DETECTADA en iter 84450:
2025-10-20 11:40:44,728 - WARNING -    Mejor fitness: 148.9
2025-10-20 11:40:44,728 - WARNING -    Fitness promedio reciente: 126.7
2025-10-20 11:40:44,728 - WARNING -    Degradación: 22.2
2025-10-20 11:40:44,728 - WARNING -    🔄 RESTAURANDO mejor solución...
2025-10-20 11:40:51,561 - INFO -   Iter 84500 | Tiempo:  127.8min (53.2%) | T =     0.69 | Fitness =    145.7 | Mejor =    148.9 | Aceptación =  73.6%
2025-10-20 11:40:51,561 - INFO - Progreso iter 84500: T=0.69, Fitness=145.7, Mejor=148.9, Tasa_acept=73.6%
2025-10-20 11:40:51,567 - DEBUG - Iter 84500: T=0.69, Fitness_actual=145.7, Mejor=148.9
2025-10-20 11:41:05,391 - DEBUG - Iter 84600: T=0.69, Fitness_actual=143.3, Mejor=148.9
2025-10-20 11:41:19,089 - DEBUG - Iter 84700: T=0.68, Fitness_actual=138.6, Mejor=148.9
2025-10-20 11:41:32,765 - DEBUG - Iter 84800: T=0.68, Fitness_actual=140.2, Mejor=148.9
2025-10-20 11:41:46,464 - DEBUG - Iter 84900: T=0.68, Fitness_actual=138.6, Mejor=148.9
2025-10-20 11:42:00,197 - INFO -   Iter 85000 | Tiempo:  128.9min (53.7%) | T =     0.68 | Fitness =    134.8 | Mejor =    148.9 | Aceptación =  73.6%
2025-10-20 11:42:00,198 - INFO - Progreso iter 85000: T=0.68, Fitness=134.8, Mejor=148.9, Tasa_acept=73.6%
2025-10-20 11:42:00,205 - DEBUG - Iter 85000: T=0.68, Fitness_actual=134.8, Mejor=148.9
2025-10-20 11:42:13,947 - DEBUG - Iter 85100: T=0.68, Fitness_actual=134.6, Mejor=148.9
2025-10-20 11:42:27,638 - DEBUG - Iter 85200: T=0.68, Fitness_actual=131.3, Mejor=148.9
2025-10-20 11:42:41,420 - WARNING - ⚠️  DEGRADACIÓN DETECTADA en iter 85300:
2025-10-20 11:42:41,420 - WARNING -    Mejor fitness: 148.9
2025-10-20 11:42:41,420 - WARNING -    Fitness promedio reciente: 128.3
2025-10-20 11:42:41,420 - WARNING -    Degradación: 20.6
2025-10-20 11:42:41,420 - WARNING -    🔄 RESTAURANDO mejor solución...
2025-10-20 11:42:41,425 - DEBUG - Iter 85300: T=0.67, Fitness_actual=148.9, Mejor=148.9
2025-10-20 11:42:55,240 - DEBUG - Iter 85400: T=0.67, Fitness_actual=145.0, Mejor=148.9
2025-10-20 11:43:09,029 - INFO -   Iter 85500 | Tiempo:  130.1min (54.2%) | T =     0.67 | Fitness =    138.9 | Mejor =    148.9 | Aceptación =  73.5%
2025-10-20 11:43:09,030 - INFO - Progreso iter 85500: T=0.67, Fitness=138.9, Mejor=148.9, Tasa_acept=73.5%
2025-10-20 11:43:09,033 - DEBUG - Iter 85500: T=0.67, Fitness_actual=138.9, Mejor=148.9
2025-10-20 11:43:23,071 - DEBUG - Iter 85600: T=0.67, Fitness_actual=137.2, Mejor=148.9
2025-10-20 11:43:36,967 - DEBUG - Iter 85700: T=0.67, Fitness_actual=134.9, Mejor=148.9
2025-10-20 11:43:50,728 - DEBUG - Iter 85800: T=0.67, Fitness_actual=132.8, Mejor=148.9
2025-10-20 11:44:04,530 - DEBUG - Iter 85900: T=0.66, Fitness_actual=134.1, Mejor=148.9
2025-10-20 11:44:06,606 - WARNING - ================================================================================
2025-10-20 11:44:06,607 - WARNING - ⚠️  SALTO ANORMAL DETECTADO en iteración 85915
2025-10-20 11:44:06,607 - WARNING -    Fitness actual: 133.0
2025-10-20 11:44:06,607 - WARNING -    Fitness vecino: 112.8
2025-10-20 11:44:06,607 - WARNING -    Delta: -20.2
2025-10-20 11:44:06,607 - WARNING -    Temperatura: 0.66
2025-10-20 11:44:06,608 - WARNING -    Tipo perturbación aplicada: (ver generar_vecino)
2025-10-20 11:44:06,608 - WARNING -    Vecino - Puntos: 15873, Tiempo: 14253.9min, Distancia: 219.9km
2025-10-20 11:44:06,608 - WARNING -    Actual - Puntos: 15892, Tiempo: 13419.8min, Distancia: 156.7km
2025-10-20 11:44:06,608 - WARNING -    Validez restricciones - Vecino: False, Actual: False
2025-10-20 11:44:06,608 - WARNING - ================================================================================
2025-10-20 11:44:06,608 - WARNING - ⚠️  SALTO ANORMAL DETECTADO en iteración 85915
2025-10-20 11:44:06,608 - WARNING -    Fitness: 133.0 → 112.8 (Δ=-20.2)
2025-10-20 11:44:06,609 - WARNING -    Ver detalles en archivo de log
2025-10-20 11:44:18,340 - INFO -   Iter 86000 | Tiempo:  131.2min (54.7%) | T =     0.66 | Fitness =    131.5 | Mejor =    148.9 | Aceptación =  73.4%
2025-10-20 11:44:18,340 - INFO - Progreso iter 86000: T=0.66, Fitness=131.5, Mejor=148.9, Tasa_acept=73.4%
2025-10-20 11:44:18,344 - DEBUG - Iter 86000: T=0.66, Fitness_actual=131.5, Mejor=148.9
2025-10-20 11:44:32,130 - DEBUG - Iter 86100: T=0.66, Fitness_actual=128.6, Mejor=148.9
2025-10-20 11:44:39,069 - WARNING - ⚠️  DEGRADACIÓN DETECTADA en iter 86150:
2025-10-20 11:44:39,069 - WARNING -    Mejor fitness: 148.9
2025-10-20 11:44:39,070 - WARNING -    Fitness promedio reciente: 128.8
2025-10-20 11:44:39,070 - WARNING -    Degradación: 20.1
2025-10-20 11:44:39,070 - WARNING -    🔄 RESTAURANDO mejor solución...
2025-10-20 11:44:40,885 - INFO - 🌟 MEJORA #353 en iter 86163: Fitness=148.9 (+0.0), Puntos=16431
2025-10-20 11:44:46,037 - DEBUG - Iter 86200: T=0.66, Fitness_actual=148.8, Mejor=148.9
2025-10-20 11:44:46,452 - INFO - 🌟 MEJORA #354 en iter 86203: Fitness=148.9 (+0.0), Puntos=16431
2025-10-20 11:44:47,430 - INFO - 🌟 MEJORA #355 en iter 86210: Fitness=148.9 (+0.0), Puntos=16431
2025-10-20 11:44:47,430 - INFO -   ✨ Mejora #355 en iteración 86211: Fitness = 148.9 | Puntos = 16431 | T = 0.66
2025-10-20 11:44:49,233 - INFO - 🌟 MEJORA #356 en iter 86223: Fitness=149.0 (+0.1), Puntos=16437
2025-10-20 11:44:51,450 - INFO - 🌟 MEJORA #357 en iter 86239: Fitness=149.4 (+0.4), Puntos=16378
2025-10-20 11:44:51,865 - INFO - 🌟 MEJORA #358 en iter 86242: Fitness=149.5 (+0.1), Puntos=16385
2025-10-20 11:44:52,145 - INFO - 🌟 MEJORA #359 en iter 86244: Fitness=149.5 (+0.0), Puntos=16385
2025-10-20 11:44:52,424 - INFO - 🌟 MEJORA #360 en iter 86246: Fitness=149.5 (+0.0), Puntos=16386
2025-10-20 11:44:52,424 - INFO -   ✨ Mejora #360 en iteración 86247: Fitness = 149.5 | Puntos = 16386 | T = 0.66
2025-10-20 11:44:59,905 - DEBUG - Iter 86300: T=0.66, Fitness_actual=147.3, Mejor=149.5
2025-10-20 11:45:13,835 - DEBUG - Iter 86400: T=0.66, Fitness_actual=144.5, Mejor=149.5
2025-10-20 11:45:27,685 - INFO -   Iter 86500 | Tiempo:  132.4min (55.2%) | T =     0.65 | Fitness =    142.7 | Mejor =    149.5 | Aceptación =  73.3%
2025-10-20 11:45:27,686 - INFO - Progreso iter 86500: T=0.65, Fitness=142.7, Mejor=149.5, Tasa_acept=73.3%
2025-10-20 11:45:27,690 - DEBUG - Iter 86500: T=0.65, Fitness_actual=142.7, Mejor=149.5
2025-10-20 11:45:41,684 - DEBUG - Iter 86600: T=0.65, Fitness_actual=141.1, Mejor=149.5
2025-10-20 11:45:55,612 - DEBUG - Iter 86700: T=0.65, Fitness_actual=139.7, Mejor=149.5
2025-10-20 11:46:09,611 - DEBUG - Iter 86800: T=0.65, Fitness_actual=138.7, Mejor=149.5
2025-10-20 11:46:23,531 - DEBUG - Iter 86900: T=0.65, Fitness_actual=137.9, Mejor=149.5
2025-10-20 11:46:37,468 - INFO -   Iter 87000 | Tiempo:  133.6min (55.7%) | T =     0.65 | Fitness =    133.2 | Mejor =    149.5 | Aceptación =  73.2%
2025-10-20 11:46:37,468 - INFO - Progreso iter 87000: T=0.65, Fitness=133.2, Mejor=149.5, Tasa_acept=73.2%
2025-10-20 11:46:37,469 - DEBUG - Iter 87000: T=0.65, Fitness_actual=133.2, Mejor=149.5
2025-10-20 11:46:51,390 - DEBUG - Iter 87100: T=0.64, Fitness_actual=130.9, Mejor=149.5
2025-10-20 11:47:05,335 - WARNING - ⚠️  DEGRADACIÓN DETECTADA en iter 87200:
2025-10-20 11:47:05,335 - WARNING -    Mejor fitness: 149.5
2025-10-20 11:47:05,335 - WARNING -    Fitness promedio reciente: 129.4
2025-10-20 11:47:05,335 - WARNING -    Degradación: 20.1
2025-10-20 11:47:05,335 - WARNING -    🔄 RESTAURANDO mejor solución...
2025-10-20 11:47:05,337 - DEBUG - Iter 87200: T=0.64, Fitness_actual=149.5, Mejor=149.5
2025-10-20 11:47:05,337 - INFO - 🌟 MEJORA #361 en iter 87200: Fitness=149.5 (+0.0), Puntos=16387
2025-10-20 11:47:05,477 - INFO - 🌟 MEJORA #362 en iter 87201: Fitness=149.5 (+0.0), Puntos=16387
2025-10-20 11:47:05,616 - INFO - 🌟 MEJORA #363 en iter 87202: Fitness=149.5 (+0.0), Puntos=16390
2025-10-20 11:47:19,347 - DEBUG - Iter 87300: T=0.64, Fitness_actual=147.0, Mejor=149.5
2025-10-20 11:47:33,355 - DEBUG - Iter 87400: T=0.64, Fitness_actual=144.5, Mejor=149.5
2025-10-20 11:47:47,403 - INFO -   Iter 87500 | Tiempo:  134.7min (56.1%) | T =     0.64 | Fitness =    146.0 | Mejor =    149.5 | Aceptación =  73.2%
2025-10-20 11:47:47,403 - INFO - Progreso iter 87500: T=0.64, Fitness=146.0, Mejor=149.5, Tasa_acept=73.2%
2025-10-20 11:47:47,408 - DEBUG - Iter 87500: T=0.64, Fitness_actual=146.0, Mejor=149.5
2025-10-20 11:48:01,472 - DEBUG - Iter 87600: T=0.64, Fitness_actual=142.6, Mejor=149.5
2025-10-20 11:48:15,690 - DEBUG - Iter 87700: T=0.64, Fitness_actual=141.6, Mejor=149.5
2025-10-20 11:48:29,822 - DEBUG - Iter 87800: T=0.63, Fitness_actual=139.5, Mejor=149.5
2025-10-20 11:48:43,888 - DEBUG - Iter 87900: T=0.63, Fitness_actual=142.7, Mejor=149.5
2025-10-20 11:48:57,901 - INFO -   Iter 88000 | Tiempo:  135.9min (56.6%) | T =     0.63 | Fitness =    138.4 | Mejor =    149.5 | Aceptación =  73.1%
2025-10-20 11:48:57,901 - INFO - Progreso iter 88000: T=0.63, Fitness=138.4, Mejor=149.5, Tasa_acept=73.1%
2025-10-20 11:48:57,902 - DEBUG - Iter 88000: T=0.63, Fitness_actual=138.4, Mejor=149.5
2025-10-20 11:49:11,951 - DEBUG - Iter 88100: T=0.63, Fitness_actual=136.9, Mejor=149.5
2025-10-20 11:49:26,071 - DEBUG - Iter 88200: T=0.63, Fitness_actual=132.8, Mejor=149.5
2025-10-20 11:49:40,190 - DEBUG - Iter 88300: T=0.63, Fitness_actual=132.9, Mejor=149.5
2025-10-20 11:49:54,247 - DEBUG - Iter 88400: T=0.62, Fitness_actual=135.7, Mejor=149.5
2025-10-20 11:50:08,349 - INFO -   Iter 88500 | Tiempo:  137.1min (57.1%) | T =     0.62 | Fitness =    133.3 | Mejor =    149.5 | Aceptación =  73.1%
2025-10-20 11:50:08,349 - INFO - Progreso iter 88500: T=0.62, Fitness=133.3, Mejor=149.5, Tasa_acept=73.1%
2025-10-20 11:50:08,351 - DEBUG - Iter 88500: T=0.62, Fitness_actual=133.3, Mejor=149.5
2025-10-20 11:50:22,552 - DEBUG - Iter 88600: T=0.62, Fitness_actual=133.8, Mejor=149.5
2025-10-20 11:50:36,782 - DEBUG - Iter 88700: T=0.62, Fitness_actual=134.2, Mejor=149.5
2025-10-20 11:50:50,895 - DEBUG - Iter 88800: T=0.62, Fitness_actual=127.8, Mejor=149.5
2025-10-20 11:50:57,941 - WARNING - ⚠️  DEGRADACIÓN DETECTADA en iter 88850:
2025-10-20 11:50:57,942 - WARNING -    Mejor fitness: 149.5
2025-10-20 11:50:57,942 - WARNING -    Fitness promedio reciente: 129.4
2025-10-20 11:50:57,942 - WARNING -    Degradación: 20.1
2025-10-20 11:50:57,942 - WARNING -    🔄 RESTAURANDO mejor solución...
2025-10-20 11:51:05,136 - DEBUG - Iter 88900: T=0.62, Fitness_actual=147.9, Mejor=149.5
2025-10-20 11:51:19,322 - INFO -   Iter 89000 | Tiempo:  138.3min (57.6%) | T =     0.62 | Fitness =    145.4 | Mejor =    149.5 | Aceptación =  73.0%
2025-10-20 11:51:19,323 - INFO - Progreso iter 89000: T=0.62, Fitness=145.4, Mejor=149.5, Tasa_acept=73.0%
2025-10-20 11:51:19,324 - DEBUG - Iter 89000: T=0.62, Fitness_actual=145.4, Mejor=149.5
2025-10-20 11:51:33,538 - DEBUG - Iter 89100: T=0.61, Fitness_actual=145.1, Mejor=149.5
2025-10-20 11:51:47,763 - DEBUG - Iter 89200: T=0.61, Fitness_actual=140.6, Mejor=149.5
2025-10-20 11:52:01,992 - DEBUG - Iter 89300: T=0.61, Fitness_actual=139.0, Mejor=149.5
2025-10-20 11:52:16,213 - DEBUG - Iter 89400: T=0.61, Fitness_actual=136.0, Mejor=149.5
2025-10-20 11:52:30,461 - INFO -   Iter 89500 | Tiempo:  139.4min (58.1%) | T =     0.61 | Fitness =    134.2 | Mejor =    149.5 | Aceptación =  72.9%
2025-10-20 11:52:30,461 - INFO - Progreso iter 89500: T=0.61, Fitness=134.2, Mejor=149.5, Tasa_acept=72.9%
2025-10-20 11:52:30,463 - DEBUG - Iter 89500: T=0.61, Fitness_actual=134.2, Mejor=149.5
2025-10-20 11:52:44,811 - DEBUG - Iter 89600: T=0.61, Fitness_actual=136.2, Mejor=149.5
2025-10-20 11:52:59,089 - DEBUG - Iter 89700: T=0.60, Fitness_actual=136.4, Mejor=149.5
2025-10-20 11:53:13,401 - DEBUG - Iter 89800: T=0.60, Fitness_actual=136.3, Mejor=149.5
2025-10-20 11:53:27,897 - DEBUG - Iter 89900: T=0.60, Fitness_actual=137.0, Mejor=149.5
2025-10-20 11:53:43,103 - INFO -   Iter 90000 | Tiempo:  140.7min (58.6%) | T =     0.60 | Fitness =    134.0 | Mejor =    149.5 | Aceptación =  72.9%
2025-10-20 11:53:43,104 - INFO - Progreso iter 90000: T=0.60, Fitness=134.0, Mejor=149.5, Tasa_acept=72.9%
2025-10-20 11:53:43,105 - DEBUG - Iter 90000: T=0.60, Fitness_actual=134.0, Mejor=149.5
2025-10-20 11:53:58,715 - DEBUG - Iter 90100: T=0.60, Fitness_actual=134.4, Mejor=149.5
2025-10-20 11:54:13,820 - DEBUG - Iter 90200: T=0.60, Fitness_actual=134.7, Mejor=149.5
2025-10-20 11:54:28,699 - DEBUG - Iter 90300: T=0.60, Fitness_actual=134.1, Mejor=149.5
2025-10-20 11:54:34,905 - WARNING - ================================================================================
2025-10-20 11:54:34,905 - WARNING - ⚠️  SALTO ANORMAL DETECTADO en iteración 90343
2025-10-20 11:54:34,905 - WARNING -    Fitness actual: 131.5
2025-10-20 11:54:34,905 - WARNING -    Fitness vecino: 111.0
2025-10-20 11:54:34,906 - WARNING -    Delta: -20.5
2025-10-20 11:54:34,906 - WARNING -    Temperatura: 0.59
2025-10-20 11:54:34,906 - WARNING -    Tipo perturbación aplicada: (ver generar_vecino)
2025-10-20 11:54:34,906 - WARNING -    Vecino - Puntos: 15193, Tiempo: 14391.0min, Distancia: 229.3km
2025-10-20 11:54:34,906 - WARNING -    Actual - Puntos: 15793, Tiempo: 13497.1min, Distancia: 134.3km
2025-10-20 11:54:34,906 - WARNING -    Validez restricciones - Vecino: False, Actual: False
2025-10-20 11:54:34,907 - WARNING - ================================================================================
2025-10-20 11:54:34,907 - WARNING - ⚠️  SALTO ANORMAL DETECTADO en iteración 90343
2025-10-20 11:54:34,907 - WARNING -    Fitness: 131.5 → 111.0 (Δ=-20.5)
2025-10-20 11:54:34,907 - WARNING -    Ver detalles en archivo de log
2025-10-20 11:54:43,072 - DEBUG - Iter 90400: T=0.59, Fitness_actual=132.6, Mejor=149.5
2025-10-20 11:54:57,504 - INFO -   Iter 90500 | Tiempo:  141.9min (59.1%) | T =     0.59 | Fitness =    132.1 | Mejor =    149.5 | Aceptación =  72.8%
2025-10-20 11:54:57,504 - INFO - Progreso iter 90500: T=0.59, Fitness=132.1, Mejor=149.5, Tasa_acept=72.8%
2025-10-20 11:54:57,507 - DEBUG - Iter 90500: T=0.59, Fitness_actual=132.1, Mejor=149.5
2025-10-20 11:55:11,712 - DEBUG - Iter 90600: T=0.59, Fitness_actual=131.7, Mejor=149.5
2025-10-20 11:55:25,854 - DEBUG - Iter 90700: T=0.59, Fitness_actual=131.8, Mejor=149.5
2025-10-20 11:55:40,133 - WARNING - ⚠️  DEGRADACIÓN DETECTADA en iter 90800:
2025-10-20 11:55:40,133 - WARNING -    Mejor fitness: 149.5
2025-10-20 11:55:40,133 - WARNING -    Fitness promedio reciente: 129.3
2025-10-20 11:55:40,134 - WARNING -    Degradación: 20.2
2025-10-20 11:55:40,134 - WARNING -    🔄 RESTAURANDO mejor solución...
2025-10-20 11:55:40,135 - DEBUG - Iter 90800: T=0.59, Fitness_actual=149.5, Mejor=149.5
2025-10-20 11:55:54,380 - DEBUG - Iter 90900: T=0.59, Fitness_actual=145.1, Mejor=149.5
2025-10-20 11:56:08,653 - INFO -   Iter 91000 | Tiempo:  143.1min (59.6%) | T =     0.58 | Fitness =    139.4 | Mejor =    149.5 | Aceptación =  72.8%
2025-10-20 11:56:08,654 - INFO - Progreso iter 91000: T=0.58, Fitness=139.4, Mejor=149.5, Tasa_acept=72.8%
2025-10-20 11:56:08,655 - DEBUG - Iter 91000: T=0.58, Fitness_actual=139.4, Mejor=149.5
2025-10-20 11:56:23,138 - DEBUG - Iter 91100: T=0.58, Fitness_actual=138.4, Mejor=149.5
2025-10-20 11:56:37,403 - DEBUG - Iter 91200: T=0.58, Fitness_actual=136.5, Mejor=149.5
2025-10-20 11:56:51,691 - DEBUG - Iter 91300: T=0.58, Fitness_actual=137.1, Mejor=149.5
2025-10-20 11:57:05,960 - DEBUG - Iter 91400: T=0.58, Fitness_actual=135.9, Mejor=149.5
2025-10-20 11:57:20,212 - INFO -   Iter 91500 | Tiempo:  144.3min (60.1%) | T =     0.58 | Fitness =    130.0 | Mejor =    149.5 | Aceptación =  72.7%
2025-10-20 11:57:20,212 - INFO - Progreso iter 91500: T=0.58, Fitness=130.0, Mejor=149.5, Tasa_acept=72.7%
2025-10-20 11:57:20,215 - DEBUG - Iter 91500: T=0.58, Fitness_actual=130.0, Mejor=149.5
2025-10-20 11:57:34,533 - DEBUG - Iter 91600: T=0.58, Fitness_actual=131.9, Mejor=149.5
2025-10-20 11:57:48,865 - DEBUG - Iter 91700: T=0.57, Fitness_actual=131.5, Mejor=149.5
2025-10-20 11:58:03,171 - DEBUG - Iter 91800: T=0.57, Fitness_actual=129.7, Mejor=149.5
2025-10-20 11:58:10,324 - WARNING - ⚠️  DEGRADACIÓN DETECTADA en iter 91850:
2025-10-20 11:58:10,325 - WARNING -    Mejor fitness: 149.5
2025-10-20 11:58:10,325 - WARNING -    Fitness promedio reciente: 129.4
2025-10-20 11:58:10,325 - WARNING -    Degradación: 20.1
2025-10-20 11:58:10,325 - WARNING -    🔄 RESTAURANDO mejor solución...
2025-10-20 11:58:17,453 - DEBUG - Iter 91900: T=0.57, Fitness_actual=146.2, Mejor=149.5
2025-10-20 11:58:31,888 - INFO -   Iter 92000 | Tiempo:  145.5min (60.6%) | T =     0.57 | Fitness =    146.0 | Mejor =    149.5 | Aceptación =  72.7%
2025-10-20 11:58:31,889 - INFO - Progreso iter 92000: T=0.57, Fitness=146.0, Mejor=149.5, Tasa_acept=72.7%
2025-10-20 11:58:31,892 - DEBUG - Iter 92000: T=0.57, Fitness_actual=146.0, Mejor=149.5
2025-10-20 11:58:46,296 - DEBUG - Iter 92100: T=0.57, Fitness_actual=139.3, Mejor=149.5
2025-10-20 11:58:57,137 - WARNING - ================================================================================
2025-10-20 11:58:57,137 - WARNING - ⚠️  SALTO ANORMAL DETECTADO en iteración 92175
2025-10-20 11:58:57,137 - WARNING -    Fitness actual: 140.7
2025-10-20 11:58:57,137 - WARNING -    Fitness vecino: 120.6
2025-10-20 11:58:57,137 - WARNING -    Delta: -20.1
2025-10-20 11:58:57,138 - WARNING -    Temperatura: 0.57
2025-10-20 11:58:57,138 - WARNING -    Tipo perturbación aplicada: (ver generar_vecino)
2025-10-20 11:58:57,138 - WARNING -    Vecino - Puntos: 15196, Tiempo: 13315.4min, Distancia: 133.8km
2025-10-20 11:58:57,138 - WARNING -    Actual - Puntos: 16061, Tiempo: 13903.3min, Distancia: 142.4km
2025-10-20 11:58:57,138 - WARNING -    Validez restricciones - Vecino: False, Actual: False
2025-10-20 11:58:57,138 - WARNING - ================================================================================
2025-10-20 11:58:57,138 - WARNING - ⚠️  SALTO ANORMAL DETECTADO en iteración 92175
2025-10-20 11:58:57,139 - WARNING -    Fitness: 140.7 → 120.6 (Δ=-20.1)
2025-10-20 11:58:57,139 - WARNING -    Ver detalles en archivo de log
2025-10-20 11:59:00,744 - DEBUG - Iter 92200: T=0.57, Fitness_actual=139.9, Mejor=149.5
2025-10-20 11:59:15,128 - DEBUG - Iter 92300: T=0.57, Fitness_actual=139.7, Mejor=149.5
2025-10-20 11:59:29,589 - DEBUG - Iter 92400: T=0.57, Fitness_actual=139.0, Mejor=149.5
2025-10-20 11:59:44,090 - INFO -   Iter 92500 | Tiempo:  146.7min (61.1%) | T =     0.56 | Fitness =    134.1 | Mejor =    149.5 | Aceptación =  72.6%
2025-10-20 11:59:44,091 - INFO - Progreso iter 92500: T=0.56, Fitness=134.1, Mejor=149.5, Tasa_acept=72.6%
2025-10-20 11:59:44,095 - DEBUG - Iter 92500: T=0.56, Fitness_actual=134.1, Mejor=149.5
2025-10-20 11:59:58,484 - DEBUG - Iter 92600: T=0.56, Fitness_actual=133.8, Mejor=149.5
2025-10-20 12:00:12,908 - DEBUG - Iter 92700: T=0.56, Fitness_actual=132.6, Mejor=149.5
2025-10-20 12:00:27,277 - DEBUG - Iter 92800: T=0.56, Fitness_actual=132.2, Mejor=149.5
2025-10-20 12:00:41,700 - DEBUG - Iter 92900: T=0.56, Fitness_actual=133.8, Mejor=149.5
2025-10-20 12:00:56,124 - INFO -   Iter 93000 | Tiempo:  147.9min (61.6%) | T =     0.56 | Fitness =    135.5 | Mejor =    149.5 | Aceptación =  72.5%
2025-10-20 12:00:56,124 - INFO - Progreso iter 93000: T=0.56, Fitness=135.5, Mejor=149.5, Tasa_acept=72.5%
2025-10-20 12:00:56,126 - DEBUG - Iter 93000: T=0.56, Fitness_actual=135.5, Mejor=149.5
2025-10-20 12:01:10,712 - DEBUG - Iter 93100: T=0.56, Fitness_actual=133.3, Mejor=149.5
2025-10-20 12:01:25,178 - DEBUG - Iter 93200: T=0.55, Fitness_actual=134.7, Mejor=149.5
2025-10-20 12:01:39,656 - DEBUG - Iter 93300: T=0.55, Fitness_actual=132.2, Mejor=149.5
2025-10-20 12:01:54,111 - DEBUG - Iter 93400: T=0.55, Fitness_actual=131.6, Mejor=149.5
2025-10-20 12:02:08,595 - INFO -   Iter 93500 | Tiempo:  149.1min (62.1%) | T =     0.55 | Fitness =    130.3 | Mejor =    149.5 | Aceptación =  72.5%
2025-10-20 12:02:08,596 - INFO - Progreso iter 93500: T=0.55, Fitness=130.3, Mejor=149.5, Tasa_acept=72.5%
2025-10-20 12:02:08,597 - DEBUG - Iter 93500: T=0.55, Fitness_actual=130.3, Mejor=149.5
2025-10-20 12:02:15,844 - WARNING - ⚠️  DEGRADACIÓN DETECTADA en iter 93550:
2025-10-20 12:02:15,844 - WARNING -    Mejor fitness: 149.5
2025-10-20 12:02:15,844 - WARNING -    Fitness promedio reciente: 129.2
2025-10-20 12:02:15,844 - WARNING -    Degradación: 20.3
2025-10-20 12:02:15,845 - WARNING -    🔄 RESTAURANDO mejor solución...
2025-10-20 12:02:15,991 - INFO - 🌟 MEJORA #364 en iter 93551: Fitness=149.7 (+0.2), Puntos=16408
2025-10-20 12:02:16,429 - INFO - 🌟 MEJORA #365 en iter 93554: Fitness=149.7 (+0.0), Puntos=16408
2025-10-20 12:02:16,429 - INFO -   ✨ Mejora #365 en iteración 93555: Fitness = 149.7 | Puntos = 16408 | T = 0.55
2025-10-20 12:02:17,307 - INFO - 🌟 MEJORA #366 en iter 93560: Fitness=149.7 (+0.0), Puntos=16408
2025-10-20 12:02:23,135 - DEBUG - Iter 93600: T=0.55, Fitness_actual=146.0, Mejor=149.7
2025-10-20 12:02:37,721 - DEBUG - Iter 93700: T=0.55, Fitness_actual=144.6, Mejor=149.7
2025-10-20 12:02:52,302 - DEBUG - Iter 93800: T=0.55, Fitness_actual=141.7, Mejor=149.7
2025-10-20 12:03:07,077 - DEBUG - Iter 93900: T=0.54, Fitness_actual=139.5, Mejor=149.7
2025-10-20 12:03:21,630 - INFO -   Iter 94000 | Tiempo:  150.3min (62.6%) | T =     0.54 | Fitness =    139.5 | Mejor =    149.7 | Aceptación =  72.4%
2025-10-20 12:03:21,630 - INFO - Progreso iter 94000: T=0.54, Fitness=139.5, Mejor=149.7, Tasa_acept=72.4%
2025-10-20 12:03:21,634 - DEBUG - Iter 94000: T=0.54, Fitness_actual=139.5, Mejor=149.7
2025-10-20 12:03:36,222 - DEBUG - Iter 94100: T=0.54, Fitness_actual=136.7, Mejor=149.7
2025-10-20 12:03:50,790 - DEBUG - Iter 94200: T=0.54, Fitness_actual=136.5, Mejor=149.7
2025-10-20 12:04:05,525 - DEBUG - Iter 94300: T=0.54, Fitness_actual=136.5, Mejor=149.7
2025-10-20 12:04:20,096 - DEBUG - Iter 94400: T=0.54, Fitness_actual=135.5, Mejor=149.7
2025-10-20 12:04:34,740 - INFO -   Iter 94500 | Tiempo:  151.5min (63.1%) | T =     0.54 | Fitness =    136.6 | Mejor =    149.7 | Aceptación =  72.3%
2025-10-20 12:04:34,740 - INFO - Progreso iter 94500: T=0.54, Fitness=136.6, Mejor=149.7, Tasa_acept=72.3%
2025-10-20 12:04:34,741 - DEBUG - Iter 94500: T=0.54, Fitness_actual=136.6, Mejor=149.7
2025-10-20 12:04:49,480 - DEBUG - Iter 94600: T=0.54, Fitness_actual=137.1, Mejor=149.7
2025-10-20 12:05:04,152 - DEBUG - Iter 94700: T=0.53, Fitness_actual=135.3, Mejor=149.7
2025-10-20 12:05:18,798 - DEBUG - Iter 94800: T=0.53, Fitness_actual=131.8, Mejor=149.7
2025-10-20 12:05:33,469 - DEBUG - Iter 94900: T=0.53, Fitness_actual=133.9, Mejor=149.7
2025-10-20 12:05:48,204 - INFO -   Iter 95000 | Tiempo:  152.7min (63.6%) | T =     0.53 | Fitness =    135.3 | Mejor =    149.7 | Aceptación =  72.3%
2025-10-20 12:05:48,204 - INFO - Progreso iter 95000: T=0.53, Fitness=135.3, Mejor=149.7, Tasa_acept=72.3%
2025-10-20 12:05:48,208 - DEBUG - Iter 95000: T=0.53, Fitness_actual=135.3, Mejor=149.7
2025-10-20 12:06:02,877 - DEBUG - Iter 95100: T=0.53, Fitness_actual=131.8, Mejor=149.7
2025-10-20 12:06:17,537 - WARNING - ⚠️  DEGRADACIÓN DETECTADA en iter 95200:
2025-10-20 12:06:17,537 - WARNING -    Mejor fitness: 149.7
2025-10-20 12:06:17,537 - WARNING -    Fitness promedio reciente: 128.6
2025-10-20 12:06:17,538 - WARNING -    Degradación: 21.1
2025-10-20 12:06:17,538 - WARNING -    🔄 RESTAURANDO mejor solución...
2025-10-20 12:06:17,539 - DEBUG - Iter 95200: T=0.53, Fitness_actual=149.7, Mejor=149.7
2025-10-20 12:06:32,344 - DEBUG - Iter 95300: T=0.53, Fitness_actual=144.7, Mejor=149.7
2025-10-20 12:06:47,185 - DEBUG - Iter 95400: T=0.52, Fitness_actual=143.7, Mejor=149.7
2025-10-20 12:07:02,265 - INFO -   Iter 95500 | Tiempo:  154.0min (64.2%) | T =     0.52 | Fitness =    143.3 | Mejor =    149.7 | Aceptación =  72.2%
2025-10-20 12:07:02,265 - INFO - Progreso iter 95500: T=0.52, Fitness=143.3, Mejor=149.7, Tasa_acept=72.2%
2025-10-20 12:07:02,267 - DEBUG - Iter 95500: T=0.52, Fitness_actual=143.3, Mejor=149.7
2025-10-20 12:07:17,613 - DEBUG - Iter 95600: T=0.52, Fitness_actual=141.4, Mejor=149.7
2025-10-20 12:07:32,709 - DEBUG - Iter 95700: T=0.52, Fitness_actual=141.0, Mejor=149.7
2025-10-20 12:07:47,567 - DEBUG - Iter 95800: T=0.52, Fitness_actual=139.9, Mejor=149.7
2025-10-20 12:08:02,427 - DEBUG - Iter 95900: T=0.52, Fitness_actual=140.2, Mejor=149.7
2025-10-20 12:08:17,265 - INFO -   Iter 96000 | Tiempo:  155.2min (64.7%) | T =     0.52 | Fitness =    139.7 | Mejor =    149.7 | Aceptación =  72.1%
2025-10-20 12:08:17,266 - INFO - Progreso iter 96000: T=0.52, Fitness=139.7, Mejor=149.7, Tasa_acept=72.1%
2025-10-20 12:08:17,267 - DEBUG - Iter 96000: T=0.52, Fitness_actual=139.7, Mejor=149.7
2025-10-20 12:08:32,112 - DEBUG - Iter 96100: T=0.52, Fitness_actual=140.1, Mejor=149.7
2025-10-20 12:08:46,967 - DEBUG - Iter 96200: T=0.51, Fitness_actual=140.6, Mejor=149.7
2025-10-20 12:09:01,963 - DEBUG - Iter 96300: T=0.51, Fitness_actual=140.6, Mejor=149.7
2025-10-20 12:09:17,252 - DEBUG - Iter 96400: T=0.51, Fitness_actual=138.6, Mejor=149.7
2025-10-20 12:09:32,137 - INFO -   Iter 96500 | Tiempo:  156.5min (65.2%) | T =     0.51 | Fitness =    139.3 | Mejor =    149.7 | Aceptación =  72.1%
2025-10-20 12:09:32,137 - INFO - Progreso iter 96500: T=0.51, Fitness=139.3, Mejor=149.7, Tasa_acept=72.1%
2025-10-20 12:09:32,138 - DEBUG - Iter 96500: T=0.51, Fitness_actual=139.3, Mejor=149.7
2025-10-20 12:09:47,049 - DEBUG - Iter 96600: T=0.51, Fitness_actual=138.8, Mejor=149.7
2025-10-20 12:10:02,026 - DEBUG - Iter 96700: T=0.51, Fitness_actual=139.2, Mejor=149.7
2025-10-20 12:10:16,943 - DEBUG - Iter 96800: T=0.51, Fitness_actual=138.0, Mejor=149.7
2025-10-20 12:10:31,904 - DEBUG - Iter 96900: T=0.51, Fitness_actual=137.8, Mejor=149.7
2025-10-20 12:10:46,941 - INFO -   Iter 97000 | Tiempo:  157.7min (65.7%) | T =     0.50 | Fitness =    136.2 | Mejor =    149.7 | Aceptación =  72.0%
2025-10-20 12:10:46,941 - INFO - Progreso iter 97000: T=0.50, Fitness=136.2, Mejor=149.7, Tasa_acept=72.0%
2025-10-20 12:10:46,942 - DEBUG - Iter 97000: T=0.50, Fitness_actual=136.2, Mejor=149.7
2025-10-20 12:11:02,186 - DEBUG - Iter 97100: T=0.50, Fitness_actual=136.7, Mejor=149.7
2025-10-20 12:11:17,315 - DEBUG - Iter 97200: T=0.50, Fitness_actual=134.8, Mejor=149.7
2025-10-20 12:11:32,631 - DEBUG - Iter 97300: T=0.50, Fitness_actual=134.9, Mejor=149.7
2025-10-20 12:11:47,654 - DEBUG - Iter 97400: T=0.50, Fitness_actual=134.1, Mejor=149.7
2025-10-20 12:12:02,716 - INFO -   Iter 97500 | Tiempo:  159.0min (66.2%) | T =     0.50 | Fitness =    129.0 | Mejor =    149.7 | Aceptación =  71.9%
2025-10-20 12:12:02,716 - INFO - Progreso iter 97500: T=0.50, Fitness=129.0, Mejor=149.7, Tasa_acept=71.9%
2025-10-20 12:12:02,717 - DEBUG - Iter 97500: T=0.50, Fitness_actual=129.0, Mejor=149.7
2025-10-20 12:12:17,756 - WARNING - ⚠️  DEGRADACIÓN DETECTADA en iter 97600:
2025-10-20 12:12:17,756 - WARNING -    Mejor fitness: 149.7
2025-10-20 12:12:17,757 - WARNING -    Fitness promedio reciente: 129.2
2025-10-20 12:12:17,757 - WARNING -    Degradación: 20.5
2025-10-20 12:12:17,757 - WARNING -    🔄 RESTAURANDO mejor solución...
2025-10-20 12:12:17,758 - DEBUG - Iter 97600: T=0.50, Fitness_actual=149.7, Mejor=149.7
2025-10-20 12:12:21,221 - INFO - 🌟 MEJORA #367 en iter 97623: Fitness=149.7 (+0.0), Puntos=16409
2025-10-20 12:12:26,335 - INFO - 🌟 MEJORA #368 en iter 97657: Fitness=149.8 (+0.1), Puntos=16415
2025-10-20 12:12:26,487 - INFO - 🌟 MEJORA #369 en iter 97658: Fitness=149.8 (+0.0), Puntos=16415
2025-10-20 12:12:26,637 - INFO - 🌟 MEJORA #370 en iter 97659: Fitness=149.8 (+0.0), Puntos=16415
2025-10-20 12:12:26,638 - INFO -   ✨ Mejora #370 en iteración 97660: Fitness = 149.8 | Puntos = 16415 | T = 0.50
2025-10-20 12:12:31,328 - INFO - 🌟 MEJORA #371 en iter 97690: Fitness=149.8 (+0.0), Puntos=16415
2025-10-20 12:12:32,836 - DEBUG - Iter 97700: T=0.50, Fitness_actual=149.8, Mejor=149.8
2025-10-20 12:12:47,992 - DEBUG - Iter 97800: T=0.49, Fitness_actual=146.2, Mejor=149.8
2025-10-20 12:13:03,099 - DEBUG - Iter 97900: T=0.49, Fitness_actual=142.4, Mejor=149.8
2025-10-20 12:13:18,208 - INFO -   Iter 98000 | Tiempo:  160.2min (66.8%) | T =     0.49 | Fitness =    142.5 | Mejor =    149.8 | Aceptación =  71.9%
2025-10-20 12:13:18,209 - INFO - Progreso iter 98000: T=0.49, Fitness=142.5, Mejor=149.8, Tasa_acept=71.9%
2025-10-20 12:13:18,210 - DEBUG - Iter 98000: T=0.49, Fitness_actual=142.5, Mejor=149.8
2025-10-20 12:13:33,333 - DEBUG - Iter 98100: T=0.49, Fitness_actual=143.9, Mejor=149.8
2025-10-20 12:13:48,520 - DEBUG - Iter 98200: T=0.49, Fitness_actual=144.9, Mejor=149.8
2025-10-20 12:14:03,671 - DEBUG - Iter 98300: T=0.49, Fitness_actual=144.4, Mejor=149.8
2025-10-20 12:14:18,819 - DEBUG - Iter 98400: T=0.49, Fitness_actual=141.0, Mejor=149.8
2025-10-20 12:14:33,940 - INFO -   Iter 98500 | Tiempo:  161.5min (67.3%) | T =     0.49 | Fitness =    141.5 | Mejor =    149.8 | Aceptación =  71.8%
2025-10-20 12:14:33,940 - INFO - Progreso iter 98500: T=0.49, Fitness=141.5, Mejor=149.8, Tasa_acept=71.8%
2025-10-20 12:14:33,941 - DEBUG - Iter 98500: T=0.49, Fitness_actual=141.5, Mejor=149.8
2025-10-20 12:14:49,076 - DEBUG - Iter 98600: T=0.48, Fitness_actual=141.9, Mejor=149.8
2025-10-20 12:15:04,256 - DEBUG - Iter 98700: T=0.48, Fitness_actual=142.0, Mejor=149.8
2025-10-20 12:15:19,652 - DEBUG - Iter 98800: T=0.48, Fitness_actual=140.0, Mejor=149.8
2025-10-20 12:15:34,863 - DEBUG - Iter 98900: T=0.48, Fitness_actual=139.4, Mejor=149.8
2025-10-20 12:15:50,165 - INFO -   Iter 99000 | Tiempo:  162.8min (67.8%) | T =     0.48 | Fitness =    139.4 | Mejor =    149.8 | Aceptación =  71.7%
2025-10-20 12:15:50,166 - INFO - Progreso iter 99000: T=0.48, Fitness=139.4, Mejor=149.8, Tasa_acept=71.7%
2025-10-20 12:15:50,167 - DEBUG - Iter 99000: T=0.48, Fitness_actual=139.4, Mejor=149.8
2025-10-20 12:16:05,491 - DEBUG - Iter 99100: T=0.48, Fitness_actual=137.3, Mejor=149.8
2025-10-20 12:16:20,650 - DEBUG - Iter 99200: T=0.48, Fitness_actual=134.5, Mejor=149.8
2025-10-20 12:16:36,243 - DEBUG - Iter 99300: T=0.48, Fitness_actual=136.0, Mejor=149.8
2025-10-20 12:16:51,946 - DEBUG - Iter 99400: T=0.47, Fitness_actual=137.1, Mejor=149.8
2025-10-20 12:17:07,171 - INFO -   Iter 99500 | Tiempo:  164.1min (68.4%) | T =     0.47 | Fitness =    138.4 | Mejor =    149.8 | Aceptación =  71.7%
2025-10-20 12:17:07,171 - INFO - Progreso iter 99500: T=0.47, Fitness=138.4, Mejor=149.8, Tasa_acept=71.7%
2025-10-20 12:17:07,172 - DEBUG - Iter 99500: T=0.47, Fitness_actual=138.4, Mejor=149.8
2025-10-20 12:17:22,419 - DEBUG - Iter 99600: T=0.47, Fitness_actual=138.4, Mejor=149.8
2025-10-20 12:17:37,667 - DEBUG - Iter 99700: T=0.47, Fitness_actual=138.4, Mejor=149.8
2025-10-20 12:17:52,897 - DEBUG - Iter 99800: T=0.47, Fitness_actual=137.4, Mejor=149.8
2025-10-20 12:18:08,353 - DEBUG - Iter 99900: T=0.47, Fitness_actual=138.4, Mejor=149.8
2025-10-20 12:18:23,811 - INFO -   Iter 100000 | Tiempo:  165.3min (68.9%) | T =     0.47 | Fitness =    137.4 | Mejor =    149.8 | Aceptación =  71.6%
2025-10-20 12:18:23,811 - INFO - Progreso iter 100000: T=0.47, Fitness=137.4, Mejor=149.8, Tasa_acept=71.6%
2025-10-20 12:18:23,816 - DEBUG - Iter 100000: T=0.47, Fitness_actual=137.4, Mejor=149.8
2025-10-20 12:18:39,360 - DEBUG - Iter 100100: T=0.47, Fitness_actual=138.1, Mejor=149.8
2025-10-20 12:18:54,702 - DEBUG - Iter 100200: T=0.46, Fitness_actual=137.3, Mejor=149.8
2025-10-20 12:19:10,016 - DEBUG - Iter 100300: T=0.46, Fitness_actual=137.9, Mejor=149.8
2025-10-20 12:19:25,352 - DEBUG - Iter 100400: T=0.46, Fitness_actual=138.6, Mejor=149.8
2025-10-20 12:19:40,757 - INFO -   Iter 100500 | Tiempo:  166.6min (69.4%) | T =     0.46 | Fitness =    137.5 | Mejor =    149.8 | Aceptación =  71.5%
2025-10-20 12:19:40,757 - INFO - Progreso iter 100500: T=0.46, Fitness=137.5, Mejor=149.8, Tasa_acept=71.5%
2025-10-20 12:19:40,761 - DEBUG - Iter 100500: T=0.46, Fitness_actual=137.5, Mejor=149.8
2025-10-20 12:19:56,165 - DEBUG - Iter 100600: T=0.46, Fitness_actual=136.7, Mejor=149.8
2025-10-20 12:20:11,550 - DEBUG - Iter 100700: T=0.46, Fitness_actual=136.5, Mejor=149.8
2025-10-20 12:20:26,906 - DEBUG - Iter 100800: T=0.46, Fitness_actual=136.1, Mejor=149.8
2025-10-20 12:20:42,358 - DEBUG - Iter 100900: T=0.46, Fitness_actual=136.3, Mejor=149.8
2025-10-20 12:20:57,890 - INFO -   Iter 101000 | Tiempo:  167.9min (70.0%) | T =     0.46 | Fitness =    135.8 | Mejor =    149.8 | Aceptación =  71.4%
2025-10-20 12:20:57,890 - INFO - Progreso iter 101000: T=0.46, Fitness=135.8, Mejor=149.8, Tasa_acept=71.4%
2025-10-20 12:20:57,891 - DEBUG - Iter 101000: T=0.46, Fitness_actual=135.8, Mejor=149.8
2025-10-20 12:21:03,807 - INFO - --- Cambiando a Fase: Final (Refinamiento) (Progreso: 70.0%) ---
2025-10-20 12:21:13,320 - DEBUG - Iter 101100: T=0.45, Fitness_actual=133.4, Mejor=149.8
2025-10-20 12:21:28,667 - DEBUG - Iter 101200: T=0.45, Fitness_actual=133.3, Mejor=149.8
2025-10-20 12:21:44,042 - DEBUG - Iter 101300: T=0.45, Fitness_actual=132.6, Mejor=149.8
2025-10-20 12:21:59,389 - DEBUG - Iter 101400: T=0.45, Fitness_actual=133.0, Mejor=149.8
2025-10-20 12:22:14,786 - INFO -   Iter 101500 | Tiempo:  169.2min (70.5%) | T =     0.45 | Fitness =    132.7 | Mejor =    149.8 | Aceptación =  71.4%
2025-10-20 12:22:14,787 - INFO - Progreso iter 101500: T=0.45, Fitness=132.7, Mejor=149.8, Tasa_acept=71.4%
2025-10-20 12:22:14,790 - DEBUG - Iter 101500: T=0.45, Fitness_actual=132.7, Mejor=149.8
2025-10-20 12:22:30,200 - DEBUG - Iter 101600: T=0.45, Fitness_actual=131.9, Mejor=149.8
2025-10-20 12:22:45,607 - DEBUG - Iter 101700: T=0.45, Fitness_actual=132.4, Mejor=149.8
2025-10-20 12:23:01,063 - DEBUG - Iter 101800: T=0.45, Fitness_actual=132.5, Mejor=149.8
2025-10-20 12:23:16,499 - DEBUG - Iter 101900: T=0.45, Fitness_actual=131.4, Mejor=149.8
2025-10-20 12:23:31,989 - INFO -   Iter 102000 | Tiempo:  170.5min (71.0%) | T =     0.44 | Fitness =    132.2 | Mejor =    149.8 | Aceptación =  71.4%
2025-10-20 12:23:31,989 - INFO - Progreso iter 102000: T=0.44, Fitness=132.2, Mejor=149.8, Tasa_acept=71.4%
2025-10-20 12:23:31,990 - DEBUG - Iter 102000: T=0.44, Fitness_actual=132.2, Mejor=149.8
2025-10-20 12:23:47,479 - DEBUG - Iter 102100: T=0.44, Fitness_actual=131.3, Mejor=149.8
2025-10-20 12:24:02,951 - DEBUG - Iter 102200: T=0.44, Fitness_actual=131.8, Mejor=149.8
2025-10-20 12:24:18,523 - DEBUG - Iter 102300: T=0.44, Fitness_actual=130.7, Mejor=149.8
2025-10-20 12:24:34,104 - DEBUG - Iter 102400: T=0.44, Fitness_actual=131.8, Mejor=149.8
2025-10-20 12:24:49,629 - INFO -   Iter 102500 | Tiempo:  171.8min (71.6%) | T =     0.44 | Fitness =    130.8 | Mejor =    149.8 | Aceptación =  71.4%
2025-10-20 12:24:49,630 - INFO - Progreso iter 102500: T=0.44, Fitness=130.8, Mejor=149.8, Tasa_acept=71.4%
2025-10-20 12:24:49,631 - DEBUG - Iter 102500: T=0.44, Fitness_actual=130.8, Mejor=149.8
2025-10-20 12:25:05,372 - DEBUG - Iter 102600: T=0.44, Fitness_actual=131.8, Mejor=149.8
2025-10-20 12:25:20,899 - DEBUG - Iter 102700: T=0.44, Fitness_actual=131.1, Mejor=149.8
2025-10-20 12:25:36,507 - DEBUG - Iter 102800: T=0.44, Fitness_actual=130.1, Mejor=149.8
2025-10-20 12:25:52,073 - DEBUG - Iter 102900: T=0.43, Fitness_actual=129.9, Mejor=149.8
2025-10-20 12:26:07,753 - INFO -   Iter 103000 | Tiempo:  173.1min (72.1%) | T =     0.43 | Fitness =    129.8 | Mejor =    149.8 | Aceptación =  71.4%
2025-10-20 12:26:07,754 - INFO - Progreso iter 103000: T=0.43, Fitness=129.8, Mejor=149.8, Tasa_acept=71.4%
2025-10-20 12:26:07,755 - DEBUG - Iter 103000: T=0.43, Fitness_actual=129.8, Mejor=149.8
2025-10-20 12:26:15,576 - WARNING - ⚠️  DEGRADACIÓN DETECTADA en iter 103050:
2025-10-20 12:26:15,576 - WARNING -    Mejor fitness: 149.8
2025-10-20 12:26:15,576 - WARNING -    Fitness promedio reciente: 128.4
2025-10-20 12:26:15,576 - WARNING -    Degradación: 21.4
2025-10-20 12:26:15,577 - WARNING -    🔄 RESTAURANDO mejor solución...
2025-10-20 12:26:23,063 - INFO - 🌟 MEJORA #372 en iter 103098: Fitness=150.1 (+0.3), Puntos=16445
2025-10-20 12:26:23,375 - DEBUG - Iter 103100: T=0.43, Fitness_actual=150.1, Mejor=150.1
2025-10-20 12:26:25,564 - INFO - 🌟 MEJORA #373 en iter 103114: Fitness=150.2 (+0.1), Puntos=16456
2025-10-20 12:26:26,347 - INFO - 🌟 MEJORA #374 en iter 103119: Fitness=150.2 (+0.0), Puntos=16456
2025-10-20 12:26:27,136 - INFO - 🌟 MEJORA #375 en iter 103124: Fitness=150.2 (+0.0), Puntos=16456
2025-10-20 12:26:27,136 - INFO -   ✨ Mejora #375 en iteración 103125: Fitness = 150.2 | Puntos = 16456 | T = 0.43
2025-10-20 12:26:27,602 - INFO - 🌟 MEJORA #376 en iter 103127: Fitness=150.2 (+0.0), Puntos=16456
2025-10-20 12:26:27,758 - INFO - 🌟 MEJORA #377 en iter 103128: Fitness=150.2 (+0.0), Puntos=16456
2025-10-20 12:26:28,690 - INFO - 🌟 MEJORA #378 en iter 103134: Fitness=150.2 (+0.0), Puntos=16456
2025-10-20 12:26:29,313 - INFO - 🌟 MEJORA #379 en iter 103138: Fitness=150.2 (+0.0), Puntos=16456
2025-10-20 12:26:29,469 - INFO - 🌟 MEJORA #380 en iter 103139: Fitness=150.2 (+0.0), Puntos=16456
2025-10-20 12:26:29,469 - INFO -   ✨ Mejora #380 en iteración 103140: Fitness = 150.2 | Puntos = 16456 | T = 0.43
2025-10-20 12:26:29,781 - INFO - 🌟 MEJORA #381 en iter 103141: Fitness=151.1 (+1.0), Puntos=16551
2025-10-20 12:26:39,061 - DEBUG - Iter 103200: T=0.43, Fitness_actual=150.8, Mejor=151.1
2025-10-20 12:26:54,751 - DEBUG - Iter 103300: T=0.43, Fitness_actual=149.8, Mejor=151.1
2025-10-20 12:27:10,434 - DEBUG - Iter 103400: T=0.43, Fitness_actual=149.6, Mejor=151.1
2025-10-20 12:27:26,108 - INFO -   Iter 103500 | Tiempo:  174.4min (72.7%) | T =     0.43 | Fitness =    147.2 | Mejor =    151.1 | Aceptación =  71.4%
2025-10-20 12:27:26,108 - INFO - Progreso iter 103500: T=0.43, Fitness=147.2, Mejor=151.1, Tasa_acept=71.4%
2025-10-20 12:27:26,109 - DEBUG - Iter 103500: T=0.43, Fitness_actual=147.2, Mejor=151.1
2025-10-20 12:27:41,798 - DEBUG - Iter 103600: T=0.43, Fitness_actual=146.0, Mejor=151.1
2025-10-20 12:27:57,531 - DEBUG - Iter 103700: T=0.43, Fitness_actual=145.0, Mejor=151.1
2025-10-20 12:28:13,248 - DEBUG - Iter 103800: T=0.42, Fitness_actual=143.9, Mejor=151.1
2025-10-20 12:28:28,959 - DEBUG - Iter 103900: T=0.42, Fitness_actual=144.9, Mejor=151.1
2025-10-20 12:28:44,662 - INFO -   Iter 104000 | Tiempo:  175.7min (73.2%) | T =     0.42 | Fitness =    142.4 | Mejor =    151.1 | Aceptación =  71.3%
2025-10-20 12:28:44,663 - INFO - Progreso iter 104000: T=0.42, Fitness=142.4, Mejor=151.1, Tasa_acept=71.3%
2025-10-20 12:28:44,664 - DEBUG - Iter 104000: T=0.42, Fitness_actual=142.4, Mejor=151.1
2025-10-20 12:29:00,401 - DEBUG - Iter 104100: T=0.42, Fitness_actual=142.3, Mejor=151.1
2025-10-20 12:29:16,106 - DEBUG - Iter 104200: T=0.42, Fitness_actual=142.7, Mejor=151.1
2025-10-20 12:29:31,914 - DEBUG - Iter 104300: T=0.42, Fitness_actual=140.6, Mejor=151.1
2025-10-20 12:29:47,784 - DEBUG - Iter 104400: T=0.42, Fitness_actual=141.8, Mejor=151.1
2025-10-20 12:30:03,506 - INFO -   Iter 104500 | Tiempo:  177.0min (73.7%) | T =     0.42 | Fitness =    142.8 | Mejor =    151.1 | Aceptación =  71.3%
2025-10-20 12:30:03,506 - INFO - Progreso iter 104500: T=0.42, Fitness=142.8, Mejor=151.1, Tasa_acept=71.3%
2025-10-20 12:30:03,507 - DEBUG - Iter 104500: T=0.42, Fitness_actual=142.8, Mejor=151.1
2025-10-20 12:30:19,308 - DEBUG - Iter 104600: T=0.42, Fitness_actual=143.1, Mejor=151.1
2025-10-20 12:30:35,132 - DEBUG - Iter 104700: T=0.42, Fitness_actual=143.0, Mejor=151.1
2025-10-20 12:30:50,972 - DEBUG - Iter 104800: T=0.41, Fitness_actual=141.9, Mejor=151.1
2025-10-20 12:31:06,789 - DEBUG - Iter 104900: T=0.41, Fitness_actual=141.9, Mejor=151.1
2025-10-20 12:31:22,575 - INFO -   Iter 105000 | Tiempo:  178.3min (74.3%) | T =     0.41 | Fitness =    140.8 | Mejor =    151.1 | Aceptación =  71.3%
2025-10-20 12:31:22,576 - INFO - Progreso iter 105000: T=0.41, Fitness=140.8, Mejor=151.1, Tasa_acept=71.3%
2025-10-20 12:31:22,577 - DEBUG - Iter 105000: T=0.41, Fitness_actual=140.8, Mejor=151.1
2025-10-20 12:31:38,338 - DEBUG - Iter 105100: T=0.41, Fitness_actual=140.5, Mejor=151.1
2025-10-20 12:31:54,134 - DEBUG - Iter 105200: T=0.41, Fitness_actual=141.7, Mejor=151.1
2025-10-20 12:32:09,992 - DEBUG - Iter 105300: T=0.41, Fitness_actual=144.0, Mejor=151.1
2025-10-20 12:32:25,818 - DEBUG - Iter 105400: T=0.41, Fitness_actual=142.8, Mejor=151.1
2025-10-20 12:32:41,727 - INFO -   Iter 105500 | Tiempo:  179.6min (74.8%) | T =     0.41 | Fitness =    143.8 | Mejor =    151.1 | Aceptación =  71.3%
2025-10-20 12:32:41,728 - INFO - Progreso iter 105500: T=0.41, Fitness=143.8, Mejor=151.1, Tasa_acept=71.3%
2025-10-20 12:32:41,728 - DEBUG - Iter 105500: T=0.41, Fitness_actual=143.8, Mejor=151.1
2025-10-20 12:32:57,565 - DEBUG - Iter 105600: T=0.41, Fitness_actual=143.8, Mejor=151.1
2025-10-20 12:33:13,461 - DEBUG - Iter 105700: T=0.41, Fitness_actual=144.2, Mejor=151.1
2025-10-20 12:33:29,346 - DEBUG - Iter 105800: T=0.40, Fitness_actual=144.1, Mejor=151.1
2025-10-20 12:33:45,314 - DEBUG - Iter 105900: T=0.40, Fitness_actual=143.4, Mejor=151.1
2025-10-20 12:34:01,218 - INFO -   Iter 106000 | Tiempo:  181.0min (75.4%) | T =     0.40 | Fitness =    142.5 | Mejor =    151.1 | Aceptación =  71.2%
2025-10-20 12:34:01,218 - INFO - Progreso iter 106000: T=0.40, Fitness=142.5, Mejor=151.1, Tasa_acept=71.2%
2025-10-20 12:34:01,219 - DEBUG - Iter 106000: T=0.40, Fitness_actual=142.5, Mejor=151.1
2025-10-20 12:34:17,102 - DEBUG - Iter 106100: T=0.40, Fitness_actual=144.7, Mejor=151.1
2025-10-20 12:34:33,034 - DEBUG - Iter 106200: T=0.40, Fitness_actual=144.6, Mejor=151.1
2025-10-20 12:34:49,022 - DEBUG - Iter 106300: T=0.40, Fitness_actual=142.1, Mejor=151.1
2025-10-20 12:35:04,968 - DEBUG - Iter 106400: T=0.40, Fitness_actual=142.0, Mejor=151.1
2025-10-20 12:35:20,987 - INFO -   Iter 106500 | Tiempo:  182.3min (76.0%) | T =     0.40 | Fitness =    138.8 | Mejor =    151.1 | Aceptación =  71.2%
2025-10-20 12:35:20,988 - INFO - Progreso iter 106500: T=0.40, Fitness=138.8, Mejor=151.1, Tasa_acept=71.2%
2025-10-20 12:35:20,990 - DEBUG - Iter 106500: T=0.40, Fitness_actual=138.8, Mejor=151.1
2025-10-20 12:35:36,917 - DEBUG - Iter 106600: T=0.40, Fitness_actual=138.2, Mejor=151.1
2025-10-20 12:35:52,803 - DEBUG - Iter 106700: T=0.40, Fitness_actual=141.7, Mejor=151.1
2025-10-20 12:36:08,784 - DEBUG - Iter 106800: T=0.39, Fitness_actual=142.2, Mejor=151.1
2025-10-20 12:36:24,745 - DEBUG - Iter 106900: T=0.39, Fitness_actual=142.2, Mejor=151.1
2025-10-20 12:36:40,701 - INFO -   Iter 107000 | Tiempo:  183.6min (76.5%) | T =     0.39 | Fitness =    138.8 | Mejor =    151.1 | Aceptación =  71.2%
2025-10-20 12:36:40,702 - INFO - Progreso iter 107000: T=0.39, Fitness=138.8, Mejor=151.1, Tasa_acept=71.2%
2025-10-20 12:36:40,703 - DEBUG - Iter 107000: T=0.39, Fitness_actual=138.8, Mejor=151.1
2025-10-20 12:36:56,619 - DEBUG - Iter 107100: T=0.39, Fitness_actual=138.6, Mejor=151.1
2025-10-20 12:37:12,571 - DEBUG - Iter 107200: T=0.39, Fitness_actual=137.9, Mejor=151.1
2025-10-20 12:37:29,307 - DEBUG - Iter 107300: T=0.39, Fitness_actual=138.8, Mejor=151.1
2025-10-20 12:37:45,782 - DEBUG - Iter 107400: T=0.39, Fitness_actual=138.0, Mejor=151.1
2025-10-20 12:38:01,973 - INFO -   Iter 107500 | Tiempo:  185.0min (77.1%) | T =     0.39 | Fitness =    136.1 | Mejor =    151.1 | Aceptación =  71.2%
2025-10-20 12:38:01,973 - INFO - Progreso iter 107500: T=0.39, Fitness=136.1, Mejor=151.1, Tasa_acept=71.2%
2025-10-20 12:38:01,974 - DEBUG - Iter 107500: T=0.39, Fitness_actual=136.1, Mejor=151.1
2025-10-20 12:38:18,153 - DEBUG - Iter 107600: T=0.39, Fitness_actual=139.0, Mejor=151.1
2025-10-20 12:38:34,494 - DEBUG - Iter 107700: T=0.39, Fitness_actual=139.3, Mejor=151.1
2025-10-20 12:38:50,536 - DEBUG - Iter 107800: T=0.38, Fitness_actual=138.3, Mejor=151.1
2025-10-20 12:39:06,544 - DEBUG - Iter 107900: T=0.38, Fitness_actual=140.1, Mejor=151.1
2025-10-20 12:39:22,678 - INFO -   Iter 108000 | Tiempo:  186.3min (77.6%) | T =     0.38 | Fitness =    140.7 | Mejor =    151.1 | Aceptación =  71.2%
2025-10-20 12:39:22,678 - INFO - Progreso iter 108000: T=0.38, Fitness=140.7, Mejor=151.1, Tasa_acept=71.2%
2025-10-20 12:39:22,679 - DEBUG - Iter 108000: T=0.38, Fitness_actual=140.7, Mejor=151.1
2025-10-20 12:39:38,775 - DEBUG - Iter 108100: T=0.38, Fitness_actual=140.6, Mejor=151.1
2025-10-20 12:39:54,898 - DEBUG - Iter 108200: T=0.38, Fitness_actual=139.3, Mejor=151.1
2025-10-20 12:40:11,260 - DEBUG - Iter 108300: T=0.38, Fitness_actual=139.3, Mejor=151.1
2025-10-20 12:40:27,734 - DEBUG - Iter 108400: T=0.38, Fitness_actual=138.4, Mejor=151.1
2025-10-20 12:40:44,034 - INFO -   Iter 108500 | Tiempo:  187.7min (78.2%) | T =     0.38 | Fitness =    137.6 | Mejor =    151.1 | Aceptación =  71.2%
2025-10-20 12:40:44,034 - INFO - Progreso iter 108500: T=0.38, Fitness=137.6, Mejor=151.1, Tasa_acept=71.2%
2025-10-20 12:40:44,036 - DEBUG - Iter 108500: T=0.38, Fitness_actual=137.6, Mejor=151.1
2025-10-20 12:41:00,523 - DEBUG - Iter 108600: T=0.38, Fitness_actual=138.0, Mejor=151.1
2025-10-20 12:41:16,865 - DEBUG - Iter 108700: T=0.38, Fitness_actual=136.6, Mejor=151.1
2025-10-20 12:41:32,988 - DEBUG - Iter 108800: T=0.37, Fitness_actual=137.3, Mejor=151.1
2025-10-20 12:41:49,356 - DEBUG - Iter 108900: T=0.37, Fitness_actual=137.3, Mejor=151.1
2025-10-20 12:42:05,537 - INFO -   Iter 109000 | Tiempo:  189.0min (78.8%) | T =     0.37 | Fitness =    136.9 | Mejor =    151.1 | Aceptación =  71.3%
2025-10-20 12:42:05,537 - INFO - Progreso iter 109000: T=0.37, Fitness=136.9, Mejor=151.1, Tasa_acept=71.3%
2025-10-20 12:42:05,538 - DEBUG - Iter 109000: T=0.37, Fitness_actual=136.9, Mejor=151.1
2025-10-20 12:42:21,727 - DEBUG - Iter 109100: T=0.37, Fitness_actual=135.9, Mejor=151.1
2025-10-20 12:42:37,915 - DEBUG - Iter 109200: T=0.37, Fitness_actual=137.2, Mejor=151.1
2025-10-20 12:42:54,096 - DEBUG - Iter 109300: T=0.37, Fitness_actual=135.5, Mejor=151.1
2025-10-20 12:43:10,893 - DEBUG - Iter 109400: T=0.37, Fitness_actual=138.0, Mejor=151.1
2025-10-20 12:43:27,193 - INFO -   Iter 109500 | Tiempo:  190.4min (79.3%) | T =     0.37 | Fitness =    139.3 | Mejor =    151.1 | Aceptación =  71.3%
2025-10-20 12:43:27,193 - INFO - Progreso iter 109500: T=0.37, Fitness=139.3, Mejor=151.1, Tasa_acept=71.3%
2025-10-20 12:43:27,194 - DEBUG - Iter 109500: T=0.37, Fitness_actual=139.3, Mejor=151.1
2025-10-20 12:43:43,546 - DEBUG - Iter 109600: T=0.37, Fitness_actual=138.3, Mejor=151.1
2025-10-20 12:43:59,764 - DEBUG - Iter 109700: T=0.37, Fitness_actual=137.9, Mejor=151.1
2025-10-20 12:44:16,008 - DEBUG - Iter 109800: T=0.37, Fitness_actual=139.9, Mejor=151.1
2025-10-20 12:44:32,236 - DEBUG - Iter 109900: T=0.36, Fitness_actual=139.7, Mejor=151.1
2025-10-20 12:44:48,966 - INFO -   Iter 110000 | Tiempo:  191.8min (79.9%) | T =     0.36 | Fitness =    139.4 | Mejor =    151.1 | Aceptación =  71.3%
2025-10-20 12:44:48,966 - INFO - Progreso iter 110000: T=0.36, Fitness=139.4, Mejor=151.1, Tasa_acept=71.3%
2025-10-20 12:44:48,967 - DEBUG - Iter 110000: T=0.36, Fitness_actual=139.4, Mejor=151.1
2025-10-20 12:45:05,743 - DEBUG - Iter 110100: T=0.36, Fitness_actual=139.5, Mejor=151.1
2025-10-20 12:45:22,378 - DEBUG - Iter 110200: T=0.36, Fitness_actual=138.7, Mejor=151.1
2025-10-20 12:45:38,664 - DEBUG - Iter 110300: T=0.36, Fitness_actual=138.5, Mejor=151.1
2025-10-20 12:45:55,262 - DEBUG - Iter 110400: T=0.36, Fitness_actual=139.5, Mejor=151.1
2025-10-20 12:46:11,942 - INFO -   Iter 110500 | Tiempo:  193.1min (80.5%) | T =     0.36 | Fitness =    139.5 | Mejor =    151.1 | Aceptación =  71.2%
2025-10-20 12:46:11,942 - INFO - Progreso iter 110500: T=0.36, Fitness=139.5, Mejor=151.1, Tasa_acept=71.2%
2025-10-20 12:46:11,943 - DEBUG - Iter 110500: T=0.36, Fitness_actual=139.5, Mejor=151.1
2025-10-20 12:46:28,298 - DEBUG - Iter 110600: T=0.36, Fitness_actual=137.6, Mejor=151.1
2025-10-20 12:46:45,206 - DEBUG - Iter 110700: T=0.36, Fitness_actual=137.4, Mejor=151.1
2025-10-20 12:47:01,911 - DEBUG - Iter 110800: T=0.36, Fitness_actual=137.8, Mejor=151.1
2025-10-20 12:47:18,600 - DEBUG - Iter 110900: T=0.36, Fitness_actual=137.1, Mejor=151.1
2025-10-20 12:47:35,062 - INFO -   Iter 111000 | Tiempo:  194.5min (81.1%) | T =     0.35 | Fitness =    138.7 | Mejor =    151.1 | Aceptación =  71.2%
2025-10-20 12:47:35,062 - INFO - Progreso iter 111000: T=0.35, Fitness=138.7, Mejor=151.1, Tasa_acept=71.2%
2025-10-20 12:47:35,063 - DEBUG - Iter 111000: T=0.35, Fitness_actual=138.7, Mejor=151.1
2025-10-20 12:47:51,485 - DEBUG - Iter 111100: T=0.35, Fitness_actual=139.1, Mejor=151.1
2025-10-20 12:48:08,752 - DEBUG - Iter 111200: T=0.35, Fitness_actual=140.2, Mejor=151.1
2025-10-20 12:48:26,980 - DEBUG - Iter 111300: T=0.35, Fitness_actual=140.3, Mejor=151.1
2025-10-20 12:48:44,045 - DEBUG - Iter 111400: T=0.35, Fitness_actual=140.1, Mejor=151.1
2025-10-20 12:49:00,729 - INFO -   Iter 111500 | Tiempo:  195.9min (81.6%) | T =     0.35 | Fitness =    140.3 | Mejor =    151.1 | Aceptación =  71.2%
2025-10-20 12:49:00,729 - INFO - Progreso iter 111500: T=0.35, Fitness=140.3, Mejor=151.1, Tasa_acept=71.2%
2025-10-20 12:49:00,730 - DEBUG - Iter 111500: T=0.35, Fitness_actual=140.3, Mejor=151.1
2025-10-20 12:49:17,644 - DEBUG - Iter 111600: T=0.35, Fitness_actual=139.2, Mejor=151.1
2025-10-20 12:49:34,442 - DEBUG - Iter 111700: T=0.35, Fitness_actual=138.6, Mejor=151.1
2025-10-20 12:49:51,083 - DEBUG - Iter 111800: T=0.35, Fitness_actual=137.7, Mejor=151.1
2025-10-20 12:50:07,607 - DEBUG - Iter 111900: T=0.35, Fitness_actual=138.5, Mejor=151.1
2025-10-20 12:50:24,104 - INFO -   Iter 112000 | Tiempo:  197.3min (82.2%) | T =     0.35 | Fitness =    137.7 | Mejor =    151.1 | Aceptación =  71.2%
2025-10-20 12:50:24,104 - INFO - Progreso iter 112000: T=0.35, Fitness=137.7, Mejor=151.1, Tasa_acept=71.2%
2025-10-20 12:50:24,105 - DEBUG - Iter 112000: T=0.35, Fitness_actual=137.7, Mejor=151.1
2025-10-20 12:50:40,772 - DEBUG - Iter 112100: T=0.35, Fitness_actual=137.6, Mejor=151.1
2025-10-20 12:50:57,319 - DEBUG - Iter 112200: T=0.34, Fitness_actual=138.6, Mejor=151.1
2025-10-20 12:51:13,940 - DEBUG - Iter 112300: T=0.34, Fitness_actual=139.1, Mejor=151.1
2025-10-20 12:51:30,568 - DEBUG - Iter 112400: T=0.34, Fitness_actual=137.7, Mejor=151.1
2025-10-20 12:51:47,160 - INFO -   Iter 112500 | Tiempo:  198.7min (82.8%) | T =     0.34 | Fitness =    135.4 | Mejor =    151.1 | Aceptación =  71.2%
2025-10-20 12:51:47,160 - INFO - Progreso iter 112500: T=0.34, Fitness=135.4, Mejor=151.1, Tasa_acept=71.2%
2025-10-20 12:51:47,161 - DEBUG - Iter 112500: T=0.34, Fitness_actual=135.4, Mejor=151.1
2025-10-20 12:52:03,739 - DEBUG - Iter 112600: T=0.34, Fitness_actual=136.3, Mejor=151.1
2025-10-20 12:52:20,303 - DEBUG - Iter 112700: T=0.34, Fitness_actual=136.1, Mejor=151.1
2025-10-20 12:52:36,928 - DEBUG - Iter 112800: T=0.34, Fitness_actual=135.4, Mejor=151.1
2025-10-20 12:52:53,634 - DEBUG - Iter 112900: T=0.34, Fitness_actual=135.3, Mejor=151.1
2025-10-20 12:53:10,291 - INFO -   Iter 113000 | Tiempo:  200.1min (83.4%) | T =     0.34 | Fitness =    135.2 | Mejor =    151.1 | Aceptación =  71.2%
2025-10-20 12:53:10,291 - INFO - Progreso iter 113000: T=0.34, Fitness=135.2, Mejor=151.1, Tasa_acept=71.2%
2025-10-20 12:53:10,296 - DEBUG - Iter 113000: T=0.34, Fitness_actual=135.2, Mejor=151.1
2025-10-20 12:53:27,063 - DEBUG - Iter 113100: T=0.34, Fitness_actual=137.5, Mejor=151.1
2025-10-20 12:53:43,811 - DEBUG - Iter 113200: T=0.34, Fitness_actual=137.3, Mejor=151.1
2025-10-20 12:54:00,435 - DEBUG - Iter 113300: T=0.34, Fitness_actual=137.6, Mejor=151.1
2025-10-20 12:54:17,070 - DEBUG - Iter 113400: T=0.33, Fitness_actual=137.6, Mejor=151.1
2025-10-20 12:54:33,724 - INFO -   Iter 113500 | Tiempo:  201.5min (84.0%) | T =     0.33 | Fitness =    137.5 | Mejor =    151.1 | Aceptación =  71.2%
2025-10-20 12:54:33,724 - INFO - Progreso iter 113500: T=0.33, Fitness=137.5, Mejor=151.1, Tasa_acept=71.2%
2025-10-20 12:54:33,725 - DEBUG - Iter 113500: T=0.33, Fitness_actual=137.5, Mejor=151.1
2025-10-20 12:54:50,340 - DEBUG - Iter 113600: T=0.33, Fitness_actual=135.7, Mejor=151.1
2025-10-20 12:55:07,048 - DEBUG - Iter 113700: T=0.33, Fitness_actual=133.5, Mejor=151.1
2025-10-20 12:55:23,805 - DEBUG - Iter 113800: T=0.33, Fitness_actual=133.5, Mejor=151.1
2025-10-20 12:55:40,486 - DEBUG - Iter 113900: T=0.33, Fitness_actual=133.4, Mejor=151.1
2025-10-20 12:55:57,134 - INFO -   Iter 114000 | Tiempo:  202.9min (84.5%) | T =     0.33 | Fitness =    133.1 | Mejor =    151.1 | Aceptación =  71.2%
2025-10-20 12:55:57,135 - INFO - Progreso iter 114000: T=0.33, Fitness=133.1, Mejor=151.1, Tasa_acept=71.2%
2025-10-20 12:55:57,136 - DEBUG - Iter 114000: T=0.33, Fitness_actual=133.1, Mejor=151.1
2025-10-20 12:56:13,850 - DEBUG - Iter 114100: T=0.33, Fitness_actual=134.2, Mejor=151.1
2025-10-20 12:56:30,548 - DEBUG - Iter 114200: T=0.33, Fitness_actual=134.2, Mejor=151.1
2025-10-20 12:56:47,268 - DEBUG - Iter 114300: T=0.33, Fitness_actual=134.3, Mejor=151.1
2025-10-20 12:57:04,069 - DEBUG - Iter 114400: T=0.33, Fitness_actual=133.2, Mejor=151.1
2025-10-20 12:57:20,915 - INFO -   Iter 114500 | Tiempo:  204.3min (85.1%) | T =     0.33 | Fitness =    134.3 | Mejor =    151.1 | Aceptación =  71.2%
2025-10-20 12:57:20,916 - INFO - Progreso iter 114500: T=0.33, Fitness=134.3, Mejor=151.1, Tasa_acept=71.2%
2025-10-20 12:57:20,920 - DEBUG - Iter 114500: T=0.33, Fitness_actual=134.3, Mejor=151.1
2025-10-20 12:57:37,901 - DEBUG - Iter 114600: T=0.32, Fitness_actual=134.2, Mejor=151.1
2025-10-20 12:57:54,881 - DEBUG - Iter 114700: T=0.32, Fitness_actual=134.8, Mejor=151.1
2025-10-20 12:58:11,797 - DEBUG - Iter 114800: T=0.32, Fitness_actual=136.1, Mejor=151.1
2025-10-20 12:58:28,781 - DEBUG - Iter 114900: T=0.32, Fitness_actual=135.8, Mejor=151.1
2025-10-20 12:58:45,736 - INFO -   Iter 115000 | Tiempo:  205.7min (85.7%) | T =     0.32 | Fitness =    135.6 | Mejor =    151.1 | Aceptación =  71.2%
2025-10-20 12:58:45,737 - INFO - Progreso iter 115000: T=0.32, Fitness=135.6, Mejor=151.1, Tasa_acept=71.2%
2025-10-20 12:58:45,740 - DEBUG - Iter 115000: T=0.32, Fitness_actual=135.6, Mejor=151.1
2025-10-20 12:59:02,661 - DEBUG - Iter 115100: T=0.32, Fitness_actual=134.8, Mejor=151.1
2025-10-20 12:59:19,609 - DEBUG - Iter 115200: T=0.32, Fitness_actual=133.6, Mejor=151.1
2025-10-20 12:59:36,737 - DEBUG - Iter 115300: T=0.32, Fitness_actual=133.5, Mejor=151.1
2025-10-20 12:59:53,698 - DEBUG - Iter 115400: T=0.32, Fitness_actual=134.7, Mejor=151.1
2025-10-20 13:00:10,654 - INFO -   Iter 115500 | Tiempo:  207.1min (86.3%) | T =     0.32 | Fitness =    134.5 | Mejor =    151.1 | Aceptación =  71.2%
2025-10-20 13:00:10,655 - INFO - Progreso iter 115500: T=0.32, Fitness=134.5, Mejor=151.1, Tasa_acept=71.2%
2025-10-20 13:00:10,656 - DEBUG - Iter 115500: T=0.32, Fitness_actual=134.5, Mejor=151.1
2025-10-20 13:00:27,693 - DEBUG - Iter 115600: T=0.32, Fitness_actual=133.3, Mejor=151.1
2025-10-20 13:00:44,827 - DEBUG - Iter 115700: T=0.32, Fitness_actual=133.5, Mejor=151.1
2025-10-20 13:01:01,869 - DEBUG - Iter 115800: T=0.32, Fitness_actual=134.6, Mejor=151.1
2025-10-20 13:01:18,921 - DEBUG - Iter 115900: T=0.31, Fitness_actual=133.2, Mejor=151.1
2025-10-20 13:01:36,031 - INFO -   Iter 116000 | Tiempo:  208.5min (86.9%) | T =     0.31 | Fitness =    132.8 | Mejor =    151.1 | Aceptación =  71.2%
2025-10-20 13:01:36,031 - INFO - Progreso iter 116000: T=0.31, Fitness=132.8, Mejor=151.1, Tasa_acept=71.2%
2025-10-20 13:01:36,033 - DEBUG - Iter 116000: T=0.31, Fitness_actual=132.8, Mejor=151.1
2025-10-20 13:01:53,056 - DEBUG - Iter 116100: T=0.31, Fitness_actual=133.8, Mejor=151.1
2025-10-20 13:02:10,141 - DEBUG - Iter 116200: T=0.31, Fitness_actual=132.6, Mejor=151.1
2025-10-20 13:02:27,232 - DEBUG - Iter 116300: T=0.31, Fitness_actual=132.5, Mejor=151.1
2025-10-20 13:02:44,368 - DEBUG - Iter 116400: T=0.31, Fitness_actual=132.5, Mejor=151.1
2025-10-20 13:03:01,496 - INFO -   Iter 116500 | Tiempo:  210.0min (87.5%) | T =     0.31 | Fitness =    132.6 | Mejor =    151.1 | Aceptación =  71.2%
2025-10-20 13:03:01,496 - INFO - Progreso iter 116500: T=0.31, Fitness=132.6, Mejor=151.1, Tasa_acept=71.2%
2025-10-20 13:03:01,498 - DEBUG - Iter 116500: T=0.31, Fitness_actual=132.6, Mejor=151.1
2025-10-20 13:03:18,570 - DEBUG - Iter 116600: T=0.31, Fitness_actual=131.4, Mejor=151.1
2025-10-20 13:03:27,176 - WARNING - ⚠️  DEGRADACIÓN DETECTADA en iter 116650:
2025-10-20 13:03:27,176 - WARNING -    Mejor fitness: 151.1
2025-10-20 13:03:27,177 - WARNING -    Fitness promedio reciente: 130.9
2025-10-20 13:03:27,177 - WARNING -    Degradación: 20.2
2025-10-20 13:03:27,177 - WARNING -    🔄 RESTAURANDO mejor solución...
2025-10-20 13:03:35,756 - DEBUG - Iter 116700: T=0.31, Fitness_actual=151.1, Mejor=151.1
2025-10-20 13:03:52,991 - DEBUG - Iter 116800: T=0.31, Fitness_actual=151.0, Mejor=151.1
2025-10-20 13:04:10,120 - DEBUG - Iter 116900: T=0.31, Fitness_actual=150.8, Mejor=151.1
2025-10-20 13:04:27,284 - INFO -   Iter 117000 | Tiempo:  211.4min (88.1%) | T =     0.31 | Fitness =    151.0 | Mejor =    151.1 | Aceptación =  71.2%
2025-10-20 13:04:27,284 - INFO - Progreso iter 117000: T=0.31, Fitness=151.0, Mejor=151.1, Tasa_acept=71.2%
2025-10-20 13:04:27,289 - DEBUG - Iter 117000: T=0.31, Fitness_actual=151.0, Mejor=151.1
2025-10-20 13:04:45,148 - DEBUG - Iter 117100: T=0.31, Fitness_actual=151.0, Mejor=151.1
2025-10-20 13:05:03,161 - DEBUG - Iter 117200: T=0.30, Fitness_actual=149.7, Mejor=151.1
2025-10-20 13:05:21,305 - DEBUG - Iter 117300: T=0.30, Fitness_actual=149.2, Mejor=151.1
2025-10-20 13:05:40,184 - DEBUG - Iter 117400: T=0.30, Fitness_actual=148.2, Mejor=151.1
2025-10-20 13:05:59,241 - INFO -   Iter 117500 | Tiempo:  212.9min (88.7%) | T =     0.30 | Fitness =    148.0 | Mejor =    151.1 | Aceptación =  71.1%
