2025-10-23 05:35:46,385 - INFO - 📝 Log iniciado: logs\23_05_35_sa.log
2025-10-23 05:35:46,388 - INFO - 🎲 Modo 1: Enfriamiento Simulado desde solución aleatoria
2025-10-23 05:35:46,388 - INFO - ================================================================================
2025-10-23 05:35:46,388 - INFO - 🔥 INICIANDO ENFRIAMIENTO SIMULADO
2025-10-23 05:35:46,388 - INFO - ================================================================================
2025-10-23 05:35:46,388 - INFO - 🎲 Generando solución inicial aleatoria...
2025-10-23 05:35:46,761 - INFO - Solución inicial creada - Fitness: 99.8, Puntos: 15233
2025-10-23 05:35:46,761 - INFO -   ✅ La solución del GA es válida (sin duplicados).
2025-10-23 05:35:46,764 - INFO - 📊 Configuración para Enfriamiento Simulado:
2025-10-23 05:35:46,764 - INFO -   • Temperatura inicial: 5.0
2025-10-23 05:35:46,764 - INFO -   • Temperatura mínima: 0.1
2025-10-23 05:35:46,764 - INFO -   • Tipo de enfriamiento: 🔄 ADAPTATIVO (lineal por tiempo)
2025-10-23 05:35:46,764 - INFO -   • Máx. tiempo: 240.0 minutos (4.0 horas)
2025-10-23 05:35:46,764 - INFO -   • Máx. iter. sin mejora: 999,999
2025-10-23 05:35:46,764 - INFO -   • Usar optimización 2-opt: ✅ SÍ
2025-10-23 05:35:46,764 - INFO -   • Fitness inicial (REAL): 99.8
2025-10-23 05:35:46,765 - INFO -   • Puntos iniciales (REAL): 15233
2025-10-23 05:35:46,765 - INFO - ================================================================================
2025-10-23 05:35:47,342 - INFO - 🔄 Iniciando búsqueda...
2025-10-23 05:35:47,342 - INFO - Iniciando búsqueda por vecindario
2025-10-23 05:35:47,343 - INFO - Configuración: T_inicial=5.0, alpha=0.9995, max_tiempo=14400.0s, usar_2opt=True
2025-10-23 05:35:47,343 - INFO - --- Cambiando a Fase: Inicial (Exploración) (Progreso: 0.0%) ---
2025-10-23 05:35:47,347 - DEBUG - Iter 0: T=5.00, Fitness_actual=99.8, Mejor=99.8
2025-10-23 05:35:47,347 - INFO - 🌟 MEJORA #1 en iter 0: Fitness=99.8 (+0.0), Puntos=15233
2025-10-23 05:35:47,681 - INFO - 🌟 MEJORA #2 en iter 3: Fitness=100.8 (+1.0), Puntos=15231
2025-10-23 05:35:47,822 - INFO - 🌟 MEJORA #3 en iter 6: Fitness=100.9 (+0.1), Puntos=15237
2025-10-23 05:35:51,506 - DEBUG - Iter 100: T=4.99, Fitness_actual=93.3, Mejor=100.9
2025-10-23 05:35:56,047 - DEBUG - Iter 200: T=4.99, Fitness_actual=87.7, Mejor=100.9
2025-10-23 05:36:00,410 - DEBUG - Iter 300: T=4.99, Fitness_actual=91.1, Mejor=100.9
2025-10-23 05:36:01,461 - INFO - Iter 324: Aceptada solución con delta=-10.5 (T=4.98)
2025-10-23 05:36:01,461 - INFO -   📊 Desglose del cambio:
2025-10-23 05:36:01,462 - INFO -      Puntos: +0 → 12948 total
2025-10-23 05:36:01,462 - INFO -      Tiempo: +98.5min → 14445.1min total
2025-10-23 05:36:01,462 - INFO -      Distancia: +1.0km → 177.6km total
2025-10-23 05:36:02,835 - WARNING - ⚠️  DEGRADACIÓN DETECTADA en iter 350:
2025-10-23 05:36:02,835 - WARNING -    Mejor fitness: 100.9
2025-10-23 05:36:02,836 - WARNING -    Fitness promedio reciente: 80.7
2025-10-23 05:36:02,836 - WARNING -    Degradación: 20.1
2025-10-23 05:36:02,836 - WARNING -    🔄 RESTAURANDO mejor solución...
2025-10-23 05:36:02,840 - INFO - 🌟 MEJORA #4 en iter 350: Fitness=106.1 (+5.2), Puntos=14422
2025-10-23 05:36:02,882 - INFO - 🌟 MEJORA #5 en iter 351: Fitness=106.4 (+0.3), Puntos=14348
2025-10-23 05:36:02,882 - INFO -   ✨ Mejora #5 en iteración 352: Fitness = 106.4 | Puntos = 14348 | T = 4.98
2025-10-23 05:36:04,995 - DEBUG - Iter 400: T=4.98, Fitness_actual=98.6, Mejor=106.4
2025-10-23 05:36:09,009 - INFO -   Iter   500 | Tiempo:    0.4min ( 0.2%) | T =     4.98 | Fitness =     92.4 | Mejor =    106.4 | Aceptación =  87.6%
2025-10-23 05:36:09,009 - INFO - Progreso iter 500: T=4.98, Fitness=92.4, Mejor=106.4, Tasa_acept=87.6%
2025-10-23 05:36:09,013 - DEBUG - Iter 500: T=4.98, Fitness_actual=92.4, Mejor=106.4
2025-10-23 05:36:12,979 - DEBUG - Iter 600: T=4.97, Fitness_actual=84.7, Mejor=106.4
2025-10-23 05:36:15,053 - WARNING - ⚠️  DEGRADACIÓN DETECTADA en iter 650:
2025-10-23 05:36:15,054 - WARNING -    Mejor fitness: 106.4
2025-10-23 05:36:15,054 - WARNING -    Fitness promedio reciente: 85.2
2025-10-23 05:36:15,054 - WARNING -    Degradación: 21.2
2025-10-23 05:36:15,055 - WARNING -    🔄 RESTAURANDO mejor solución...
2025-10-23 05:36:17,178 - DEBUG - Iter 700: T=4.97, Fitness_actual=94.1, Mejor=106.4
2025-10-23 05:36:21,434 - DEBUG - Iter 800: T=4.96, Fitness_actual=94.8, Mejor=106.4
2025-10-23 05:36:25,527 - DEBUG - Iter 900: T=4.96, Fitness_actual=90.1, Mejor=106.4
2025-10-23 05:36:29,715 - INFO -   Iter  1000 | Tiempo:    0.7min ( 0.3%) | T =     4.96 | Fitness =     60.8 | Mejor =    106.4 | Aceptación =  89.2%
2025-10-23 05:36:29,716 - INFO - Progreso iter 1000: T=4.96, Fitness=60.8, Mejor=106.4, Tasa_acept=89.2%
2025-10-23 05:36:29,716 - WARNING - ⚠️  DEGRADACIÓN DETECTADA en iter 1000:
2025-10-23 05:36:29,717 - WARNING -    Mejor fitness: 106.4
2025-10-23 05:36:29,717 - WARNING -    Fitness promedio reciente: 70.0
2025-10-23 05:36:29,717 - WARNING -    Degradación: 36.4
2025-10-23 05:36:29,717 - WARNING -    🔄 RESTAURANDO mejor solución...
2025-10-23 05:36:29,721 - DEBUG - Iter 1000: T=4.96, Fitness_actual=106.4, Mejor=106.4
2025-10-23 05:36:34,147 - DEBUG - Iter 1100: T=4.95, Fitness_actual=96.7, Mejor=106.4
2025-10-23 05:36:38,875 - WARNING - ⚠️  DEGRADACIÓN DETECTADA en iter 1200:
2025-10-23 05:36:38,875 - WARNING -    Mejor fitness: 106.4
2025-10-23 05:36:38,876 - WARNING -    Fitness promedio reciente: 85.8
2025-10-23 05:36:38,876 - WARNING -    Degradación: 20.6
2025-10-23 05:36:38,877 - WARNING -    🔄 RESTAURANDO mejor solución...
2025-10-23 05:36:38,880 - DEBUG - Iter 1200: T=4.95, Fitness_actual=106.4, Mejor=106.4
2025-10-23 05:36:38,880 - INFO - 🌟 MEJORA #6 en iter 1200: Fitness=106.4 (+0.0), Puntos=14348
2025-10-23 05:36:38,925 - INFO - 🌟 MEJORA #7 en iter 1201: Fitness=106.5 (+0.0), Puntos=14348
2025-10-23 05:36:39,323 - INFO - 🌟 MEJORA #8 en iter 1210: Fitness=106.5 (+0.0), Puntos=14351
2025-10-23 05:36:39,368 - INFO - 🌟 MEJORA #9 en iter 1211: Fitness=106.5 (+0.0), Puntos=14351
2025-10-23 05:36:43,452 - DEBUG - Iter 1300: T=4.94, Fitness_actual=84.2, Mejor=106.5
2025-10-23 05:36:45,683 - WARNING - ⚠️  DEGRADACIÓN DETECTADA en iter 1350:
2025-10-23 05:36:45,683 - WARNING -    Mejor fitness: 106.5
2025-10-23 05:36:45,684 - WARNING -    Fitness promedio reciente: 77.0
2025-10-23 05:36:45,685 - WARNING -    Degradación: 29.4
2025-10-23 05:36:45,685 - WARNING -    🔄 RESTAURANDO mejor solución...
2025-10-23 05:36:45,735 - INFO - 🌟 MEJORA #10 en iter 1351: Fitness=106.5 (+0.0), Puntos=14351
2025-10-23 05:36:45,735 - INFO -   ✨ Mejora #10 en iteración 1352: Fitness = 106.5 | Puntos = 14351 | T = 4.94
2025-10-23 05:36:45,780 - INFO - 🌟 MEJORA #11 en iter 1352: Fitness=106.5 (+0.0), Puntos=14351
2025-10-23 05:36:45,828 - INFO - 🌟 MEJORA #12 en iter 1353: Fitness=107.2 (+0.8), Puntos=14328
2025-10-23 05:36:45,964 - INFO - 🌟 MEJORA #13 en iter 1356: Fitness=107.7 (+0.5), Puntos=14328
2025-10-23 05:36:46,055 - INFO - 🌟 MEJORA #14 en iter 1358: Fitness=108.3 (+0.5), Puntos=14379
2025-10-23 05:36:46,101 - INFO - 🌟 MEJORA #15 en iter 1359: Fitness=108.3 (+0.1), Puntos=14388
2025-10-23 05:36:46,102 - INFO -   ✨ Mejora #15 en iteración 1360: Fitness = 108.3 | Puntos = 14388 | T = 4.94
2025-10-23 05:36:46,150 - INFO - 🌟 MEJORA #16 en iter 1360: Fitness=109.6 (+1.2), Puntos=14410
2025-10-23 05:36:46,304 - INFO - 🌟 MEJORA #17 en iter 1363: Fitness=109.6 (+0.0), Puntos=14410
2025-10-23 05:36:48,132 - DEBUG - Iter 1400: T=4.94, Fitness_actual=103.6, Mejor=109.6
2025-10-23 05:36:52,807 - INFO -   Iter  1500 | Tiempo:    1.1min ( 0.5%) | T =     4.93 | Fitness =     99.2 | Mejor =    109.6 | Aceptación =  88.9%
2025-10-23 05:36:52,808 - INFO - Progreso iter 1500: T=4.93, Fitness=99.2, Mejor=109.6, Tasa_acept=88.9%
2025-10-23 05:36:52,811 - DEBUG - Iter 1500: T=4.93, Fitness_actual=99.2, Mejor=109.6
2025-10-23 05:36:57,641 - DEBUG - Iter 1600: T=4.93, Fitness_actual=92.5, Mejor=109.6
2025-10-23 05:37:02,503 - WARNING - ⚠️  DEGRADACIÓN DETECTADA en iter 1700:
2025-10-23 05:37:02,503 - WARNING -    Mejor fitness: 109.6
2025-10-23 05:37:02,503 - WARNING -    Fitness promedio reciente: 84.4
2025-10-23 05:37:02,504 - WARNING -    Degradación: 25.2
2025-10-23 05:37:02,504 - WARNING -    🔄 RESTAURANDO mejor solución...
2025-10-23 05:37:02,507 - DEBUG - Iter 1700: T=4.92, Fitness_actual=109.6, Mejor=109.6
2025-10-23 05:37:07,854 - WARNING - ⚠️  DEGRADACIÓN DETECTADA en iter 1800:
2025-10-23 05:37:07,854 - WARNING -    Mejor fitness: 109.6
2025-10-23 05:37:07,855 - WARNING -    Fitness promedio reciente: 84.8
2025-10-23 05:37:07,855 - WARNING -    Degradación: 24.8
2025-10-23 05:37:07,855 - WARNING -    🔄 RESTAURANDO mejor solución...
2025-10-23 05:37:07,859 - DEBUG - Iter 1800: T=4.92, Fitness_actual=109.6, Mejor=109.6
2025-10-23 05:37:08,191 - INFO - 🌟 MEJORA #18 en iter 1807: Fitness=110.2 (+0.6), Puntos=14364
2025-10-23 05:37:12,543 - DEBUG - Iter 1900: T=4.91, Fitness_actual=84.9, Mejor=110.2
2025-10-23 05:37:14,920 - WARNING - ⚠️  DEGRADACIÓN DETECTADA en iter 1950:
2025-10-23 05:37:14,920 - WARNING -    Mejor fitness: 110.2
2025-10-23 05:37:14,921 - WARNING -    Fitness promedio reciente: 79.9
2025-10-23 05:37:14,921 - WARNING -    Degradación: 30.3
2025-10-23 05:37:14,921 - WARNING -    🔄 RESTAURANDO mejor solución...
2025-10-23 05:37:15,113 - INFO - 🌟 MEJORA #19 en iter 1954: Fitness=110.3 (+0.2), Puntos=14384
2025-10-23 05:37:15,161 - INFO - 🌟 MEJORA #20 en iter 1955: Fitness=110.4 (+0.0), Puntos=14385
2025-10-23 05:37:15,161 - INFO -   ✨ Mejora #20 en iteración 1956: Fitness = 110.4 | Puntos = 14385 | T = 4.91
2025-10-23 05:37:17,340 - INFO -   Iter  2000 | Tiempo:    1.5min ( 0.6%) | T =     4.91 | Fitness =     97.9 | Mejor =    110.4 | Aceptación =  89.5%
2025-10-23 05:37:17,340 - INFO - Progreso iter 2000: T=4.91, Fitness=97.9, Mejor=110.4, Tasa_acept=89.5%
2025-10-23 05:37:17,344 - DEBUG - Iter 2000: T=4.91, Fitness_actual=97.9, Mejor=110.4
2025-10-23 05:37:22,054 - DEBUG - Iter 2100: T=4.90, Fitness_actual=94.5, Mejor=110.4
2025-10-23 05:37:26,534 - DEBUG - Iter 2200: T=4.90, Fitness_actual=93.3, Mejor=110.4
2025-10-23 05:37:31,058 - DEBUG - Iter 2300: T=4.89, Fitness_actual=90.7, Mejor=110.4
2025-10-23 05:37:33,414 - WARNING - ⚠️  DEGRADACIÓN DETECTADA en iter 2350:
2025-10-23 05:37:33,414 - WARNING -    Mejor fitness: 110.4
2025-10-23 05:37:33,415 - WARNING -    Fitness promedio reciente: 86.3
2025-10-23 05:37:33,415 - WARNING -    Degradación: 24.1
2025-10-23 05:37:33,415 - WARNING -    🔄 RESTAURANDO mejor solución...
2025-10-23 05:37:35,661 - DEBUG - Iter 2400: T=4.89, Fitness_actual=100.4, Mejor=110.4
2025-10-23 05:37:39,312 - WARNING - ================================================================================
2025-10-23 05:37:39,312 - WARNING - ⚠️  SALTO ANORMAL DETECTADO en iteración 2477
2025-10-23 05:37:39,313 - WARNING -    Fitness actual: 84.0
2025-10-23 05:37:39,313 - WARNING -    Fitness vecino: 45.6
2025-10-23 05:37:39,313 - WARNING -    Delta: -38.4
2025-10-23 05:37:39,313 - WARNING -    Temperatura: 4.89
2025-10-23 05:37:39,314 - WARNING -    Tipo perturbación aplicada: (ver generar_vecino)
2025-10-23 05:37:39,314 - WARNING -    Vecino - Puntos: 13271, Tiempo: 16573.4min, Distancia: 337.4km
2025-10-23 05:37:39,314 - WARNING -    Actual - Puntos: 13040, Tiempo: 14335.6min, Distancia: 143.0km
2025-10-23 05:37:39,314 - WARNING -    Validez restricciones - Vecino: False, Actual: False
2025-10-23 05:37:39,315 - WARNING - ================================================================================
2025-10-23 05:37:39,315 - WARNING - ⚠️  SALTO ANORMAL DETECTADO en iteración 2477
2025-10-23 05:37:39,315 - WARNING -    Fitness: 84.0 → 45.6 (Δ=-38.4)
2025-10-23 05:37:39,315 - WARNING -    Ver detalles en archivo de log
2025-10-23 05:37:40,530 - INFO -   Iter  2500 | Tiempo:    1.9min ( 0.8%) | T =     4.88 | Fitness =     78.9 | Mejor =    110.4 | Aceptación =  89.4%
2025-10-23 05:37:40,530 - INFO - Progreso iter 2500: T=4.88, Fitness=78.9, Mejor=110.4, Tasa_acept=89.4%
2025-10-23 05:37:40,530 - WARNING - ⚠️  DEGRADACIÓN DETECTADA en iter 2500:
2025-10-23 05:37:40,531 - WARNING -    Mejor fitness: 110.4
2025-10-23 05:37:40,531 - WARNING -    Fitness promedio reciente: 88.2
2025-10-23 05:37:40,531 - WARNING -    Degradación: 22.1
2025-10-23 05:37:40,531 - WARNING -    🔄 RESTAURANDO mejor solución...
2025-10-23 05:37:40,533 - DEBUG - Iter 2500: T=4.88, Fitness_actual=110.4, Mejor=110.4
2025-10-23 05:37:41,659 - WARNING - ================================================================================
2025-10-23 05:37:41,659 - WARNING - ⚠️  SALTO ANORMAL DETECTADO en iteración 2525
2025-10-23 05:37:41,660 - WARNING -    Fitness actual: 94.9
2025-10-23 05:37:41,660 - WARNING -    Fitness vecino: 74.9
2025-10-23 05:37:41,661 - WARNING -    Delta: -20.0
2025-10-23 05:37:41,661 - WARNING -    Temperatura: 4.88
2025-10-23 05:37:41,661 - WARNING -    Tipo perturbación aplicada: (ver generar_vecino)
2025-10-23 05:37:41,661 - WARNING -    Vecino - Puntos: 13978, Tiempo: 13858.1min, Distancia: 254.4km
2025-10-23 05:37:41,661 - WARNING -    Actual - Puntos: 13895, Tiempo: 12556.7min, Distancia: 169.7km
2025-10-23 05:37:41,662 - WARNING -    Validez restricciones - Vecino: False, Actual: False
2025-10-23 05:37:41,662 - WARNING - ================================================================================
2025-10-23 05:37:41,662 - WARNING - ⚠️  SALTO ANORMAL DETECTADO en iteración 2525
2025-10-23 05:37:41,662 - WARNING -    Fitness: 94.9 → 74.9 (Δ=-20.0)
2025-10-23 05:37:41,662 - WARNING -    Ver detalles en archivo de log
2025-10-23 05:37:45,075 - WARNING - ⚠️  DEGRADACIÓN DETECTADA en iter 2600:
2025-10-23 05:37:45,075 - WARNING -    Mejor fitness: 110.4
2025-10-23 05:37:45,076 - WARNING -    Fitness promedio reciente: 80.6
2025-10-23 05:37:45,076 - WARNING -    Degradación: 29.8
2025-10-23 05:37:45,076 - WARNING -    🔄 RESTAURANDO mejor solución...
2025-10-23 05:37:45,077 - DEBUG - Iter 2600: T=4.88, Fitness_actual=110.4, Mejor=110.4
2025-10-23 05:37:45,123 - INFO - 🌟 MEJORA #21 en iter 2601: Fitness=110.4 (+0.0), Puntos=14385
2025-10-23 05:37:45,212 - INFO - 🌟 MEJORA #22 en iter 2603: Fitness=110.8 (+0.5), Puntos=14381
2025-10-23 05:37:45,302 - INFO - 🌟 MEJORA #23 en iter 2605: Fitness=111.8 (+1.0), Puntos=14381
2025-10-23 05:37:49,804 - DEBUG - Iter 2700: T=4.88, Fitness_actual=92.7, Mejor=111.8
2025-10-23 05:37:52,151 - WARNING - ⚠️  DEGRADACIÓN DETECTADA en iter 2750:
2025-10-23 05:37:52,151 - WARNING -    Mejor fitness: 111.8
2025-10-23 05:37:52,152 - WARNING -    Fitness promedio reciente: 86.4
2025-10-23 05:37:52,152 - WARNING -    Degradación: 25.4
2025-10-23 05:37:52,152 - WARNING -    🔄 RESTAURANDO mejor solución...
2025-10-23 05:37:52,154 - INFO - 🌟 MEJORA #24 en iter 2750: Fitness=111.8 (+0.0), Puntos=14381
2025-10-23 05:37:54,445 - DEBUG - Iter 2800: T=4.87, Fitness_actual=106.9, Mejor=111.8
2025-10-23 05:37:59,324 - DEBUG - Iter 2900: T=4.87, Fitness_actual=101.3, Mejor=111.8
2025-10-23 05:38:04,130 - INFO -   Iter  3000 | Tiempo:    2.3min ( 1.0%) | T =     4.86 | Fitness =     89.4 | Mejor =    111.8 | Aceptación =  88.7%
2025-10-23 05:38:04,130 - INFO - Progreso iter 3000: T=4.86, Fitness=89.4, Mejor=111.8, Tasa_acept=88.7%
2025-10-23 05:38:04,133 - DEBUG - Iter 3000: T=4.86, Fitness_actual=89.4, Mejor=111.8
2025-10-23 05:38:09,140 - WARNING - ⚠️  DEGRADACIÓN DETECTADA en iter 3100:
2025-10-23 05:38:09,140 - WARNING -    Mejor fitness: 111.8
2025-10-23 05:38:09,141 - WARNING -    Fitness promedio reciente: 91.5
2025-10-23 05:38:09,141 - WARNING -    Degradación: 20.3
2025-10-23 05:38:09,142 - WARNING -    🔄 RESTAURANDO mejor solución...
2025-10-23 05:38:09,143 - DEBUG - Iter 3100: T=4.86, Fitness_actual=111.8, Mejor=111.8
2025-10-23 05:38:14,299 - WARNING - ⚠️  DEGRADACIÓN DETECTADA en iter 3200:
2025-10-23 05:38:14,299 - WARNING -    Mejor fitness: 111.8
2025-10-23 05:38:14,300 - WARNING -    Fitness promedio reciente: 85.8
2025-10-23 05:38:14,300 - WARNING -    Degradación: 26.0
2025-10-23 05:38:14,300 - WARNING -    🔄 RESTAURANDO mejor solución...
2025-10-23 05:38:14,302 - DEBUG - Iter 3200: T=4.85, Fitness_actual=111.8, Mejor=111.8
2025-10-23 05:38:14,302 - INFO - 🌟 MEJORA #25 en iter 3200: Fitness=111.8 (+0.0), Puntos=14382
2025-10-23 05:38:14,302 - INFO -   ✨ Mejora #25 en iteración 3201: Fitness = 111.8 | Puntos = 14382 | T = 4.85
2025-10-23 05:38:19,186 - DEBUG - Iter 3300: T=4.85, Fitness_actual=93.8, Mejor=111.8
2025-10-23 05:38:24,147 - WARNING - ⚠️  DEGRADACIÓN DETECTADA en iter 3400:
2025-10-23 05:38:24,147 - WARNING -    Mejor fitness: 111.8
2025-10-23 05:38:24,148 - WARNING -    Fitness promedio reciente: 90.9
2025-10-23 05:38:24,148 - WARNING -    Degradación: 20.9
2025-10-23 05:38:24,148 - WARNING -    🔄 RESTAURANDO mejor solución...
2025-10-23 05:38:24,149 - DEBUG - Iter 3400: T=4.84, Fitness_actual=111.8, Mejor=111.8
2025-10-23 05:38:29,308 - INFO -   Iter  3500 | Tiempo:    2.7min ( 1.1%) | T =     4.84 | Fitness =    104.1 | Mejor =    111.8 | Aceptación =  88.2%
2025-10-23 05:38:29,308 - INFO - Progreso iter 3500: T=4.84, Fitness=104.1, Mejor=111.8, Tasa_acept=88.2%
2025-10-23 05:38:29,312 - DEBUG - Iter 3500: T=4.84, Fitness_actual=104.1, Mejor=111.8
2025-10-23 05:38:34,290 - DEBUG - Iter 3600: T=4.83, Fitness_actual=94.1, Mejor=111.8
2025-10-23 05:38:39,373 - DEBUG - Iter 3700: T=4.83, Fitness_actual=92.6, Mejor=111.8
2025-10-23 05:38:42,110 - WARNING - ⚠️  DEGRADACIÓN DETECTADA en iter 3750:
2025-10-23 05:38:42,110 - WARNING -    Mejor fitness: 111.8
2025-10-23 05:38:42,111 - WARNING -    Fitness promedio reciente: 86.7
2025-10-23 05:38:42,111 - WARNING -    Degradación: 25.1
2025-10-23 05:38:42,111 - WARNING -    🔄 RESTAURANDO mejor solución...
2025-10-23 05:38:42,924 - INFO - 🌟 MEJORA #26 en iter 3766: Fitness=112.7 (+0.9), Puntos=14318
2025-10-23 05:38:44,645 - DEBUG - Iter 3800: T=4.82, Fitness_actual=101.9, Mejor=112.7
2025-10-23 05:38:49,836 - WARNING - ⚠️  DEGRADACIÓN DETECTADA en iter 3900:
2025-10-23 05:38:49,836 - WARNING -    Mejor fitness: 112.7
2025-10-23 05:38:49,836 - WARNING -    Fitness promedio reciente: 91.8
2025-10-23 05:38:49,837 - WARNING -    Degradación: 20.9
2025-10-23 05:38:49,837 - WARNING -    🔄 RESTAURANDO mejor solución...
2025-10-23 05:38:49,839 - DEBUG - Iter 3900: T=4.82, Fitness_actual=112.7, Mejor=112.7
2025-10-23 05:38:55,203 - INFO -   Iter  4000 | Tiempo:    3.1min ( 1.3%) | T =     4.81 | Fitness =    102.2 | Mejor =    112.7 | Aceptación =  88.0%
2025-10-23 05:38:55,203 - INFO - Progreso iter 4000: T=4.81, Fitness=102.2, Mejor=112.7, Tasa_acept=88.0%
2025-10-23 05:38:55,209 - DEBUG - Iter 4000: T=4.81, Fitness_actual=102.2, Mejor=112.7
2025-10-23 05:39:00,321 - INFO - Iter 4096: Aceptada solución con delta=-10.0 (T=4.81)
2025-10-23 05:39:00,321 - INFO -   📊 Desglose del cambio:
2025-10-23 05:39:00,321 - INFO -      Puntos: +0 → 13265 total
2025-10-23 05:39:00,322 - INFO -      Tiempo: +576.4min → 14093.8min total
2025-10-23 05:39:00,322 - INFO -      Distancia: +0.4km → 167.9km total
2025-10-23 05:39:00,531 - DEBUG - Iter 4100: T=4.81, Fitness_actual=85.5, Mejor=112.7
2025-10-23 05:39:02,970 - WARNING - ⚠️  DEGRADACIÓN DETECTADA en iter 4150:
2025-10-23 05:39:02,970 - WARNING -    Mejor fitness: 112.7
2025-10-23 05:39:02,971 - WARNING -    Fitness promedio reciente: 81.2
2025-10-23 05:39:02,971 - WARNING -    Degradación: 31.5
2025-10-23 05:39:02,971 - WARNING -    🔄 RESTAURANDO mejor solución...
2025-10-23 05:39:04,216 - INFO - Iter 4176: Aceptada solución con delta=-10.0 (T=4.80)
2025-10-23 05:39:04,216 - INFO -   📊 Desglose del cambio:
2025-10-23 05:39:04,217 - INFO -      Puntos: +0 → 14378 total
2025-10-23 05:39:04,217 - INFO -      Tiempo: +1263.2min → 14370.0min total
2025-10-23 05:39:04,217 - INFO -      Distancia: +0.4km → 173.1km total
2025-10-23 05:39:05,471 - DEBUG - Iter 4200: T=4.80, Fitness_actual=101.3, Mejor=112.7
2025-10-23 05:39:10,386 - DEBUG - Iter 4300: T=4.80, Fitness_actual=84.4, Mejor=112.7
2025-10-23 05:39:12,872 - WARNING - ⚠️  DEGRADACIÓN DETECTADA en iter 4350:
2025-10-23 05:39:12,873 - WARNING -    Mejor fitness: 112.7
2025-10-23 05:39:12,874 - WARNING -    Fitness promedio reciente: 85.7
2025-10-23 05:39:12,874 - WARNING -    Degradación: 27.0
2025-10-23 05:39:12,874 - WARNING -    🔄 RESTAURANDO mejor solución...
2025-10-23 05:39:15,260 - DEBUG - Iter 4400: T=4.79, Fitness_actual=104.8, Mejor=112.7
2025-10-23 05:39:20,111 - INFO -   Iter  4500 | Tiempo:    3.6min ( 1.5%) | T =     4.79 | Fitness =    107.2 | Mejor =    112.7 | Aceptación =  87.8%
2025-10-23 05:39:20,112 - INFO - Progreso iter 4500: T=4.79, Fitness=107.2, Mejor=112.7, Tasa_acept=87.8%
2025-10-23 05:39:20,115 - DEBUG - Iter 4500: T=4.79, Fitness_actual=107.2, Mejor=112.7
2025-10-23 05:39:25,025 - DEBUG - Iter 4600: T=4.78, Fitness_actual=94.8, Mejor=112.7
2025-10-23 05:39:29,910 - WARNING - ⚠️  DEGRADACIÓN DETECTADA en iter 4700:
2025-10-23 05:39:29,910 - WARNING -    Mejor fitness: 112.7
2025-10-23 05:39:29,911 - WARNING -    Fitness promedio reciente: 91.7
2025-10-23 05:39:29,911 - WARNING -    Degradación: 21.0
2025-10-23 05:39:29,911 - WARNING -    🔄 RESTAURANDO mejor solución...
2025-10-23 05:39:29,913 - DEBUG - Iter 4700: T=4.78, Fitness_actual=112.7, Mejor=112.7
2025-10-23 05:39:35,233 - DEBUG - Iter 4800: T=4.77, Fitness_actual=93.4, Mejor=112.7
2025-10-23 05:39:38,019 - WARNING - ⚠️  DEGRADACIÓN DETECTADA en iter 4850:
2025-10-23 05:39:38,020 - WARNING -    Mejor fitness: 112.7
2025-10-23 05:39:38,020 - WARNING -    Fitness promedio reciente: 87.7
2025-10-23 05:39:38,020 - WARNING -    Degradación: 25.0
2025-10-23 05:39:38,021 - WARNING -    🔄 RESTAURANDO mejor solución...
2025-10-23 05:39:40,620 - DEBUG - Iter 4900: T=4.77, Fitness_actual=99.6, Mejor=112.7
2025-10-23 05:39:45,589 - INFO -   Iter  5000 | Tiempo:    4.0min ( 1.7%) | T =     4.76 | Fitness =     78.1 | Mejor =    112.7 | Aceptación =  87.7%
2025-10-23 05:39:45,590 - INFO - Progreso iter 5000: T=4.76, Fitness=78.1, Mejor=112.7, Tasa_acept=87.7%
2025-10-23 05:39:45,590 - WARNING - ⚠️  DEGRADACIÓN DETECTADA en iter 5000:
2025-10-23 05:39:45,590 - WARNING -    Mejor fitness: 112.7
2025-10-23 05:39:45,591 - WARNING -    Fitness promedio reciente: 91.8
2025-10-23 05:39:45,591 - WARNING -    Degradación: 20.8
2025-10-23 05:39:45,591 - WARNING -    🔄 RESTAURANDO mejor solución...
2025-10-23 05:39:45,592 - DEBUG - Iter 5000: T=4.76, Fitness_actual=112.7, Mejor=112.7
2025-10-23 05:39:50,840 - DEBUG - Iter 5100: T=4.76, Fitness_actual=98.3, Mejor=112.7
2025-10-23 05:39:55,913 - DEBUG - Iter 5200: T=4.75, Fitness_actual=97.4, Mejor=112.7
2025-10-23 05:39:58,456 - WARNING - ⚠️  DEGRADACIÓN DETECTADA en iter 5250:
2025-10-23 05:39:58,456 - WARNING -    Mejor fitness: 112.7
2025-10-23 05:39:58,457 - WARNING -    Fitness promedio reciente: 92.7
2025-10-23 05:39:58,457 - WARNING -    Degradación: 20.0
2025-10-23 05:39:58,457 - WARNING -    🔄 RESTAURANDO mejor solución...
2025-10-23 05:40:01,022 - DEBUG - Iter 5300: T=4.75, Fitness_actual=98.7, Mejor=112.7
2025-10-23 05:40:06,250 - DEBUG - Iter 5400: T=4.74, Fitness_actual=96.3, Mejor=112.7
2025-10-23 05:40:11,408 - INFO -   Iter  5500 | Tiempo:    4.4min ( 1.8%) | T =     4.74 | Fitness =     90.8 | Mejor =    112.7 | Aceptación =  87.6%
2025-10-23 05:40:11,408 - INFO - Progreso iter 5500: T=4.74, Fitness=90.8, Mejor=112.7, Tasa_acept=87.6%
2025-10-23 05:40:11,411 - DEBUG - Iter 5500: T=4.74, Fitness_actual=90.8, Mejor=112.7
2025-10-23 05:40:16,615 - WARNING - ⚠️  DEGRADACIÓN DETECTADA en iter 5600:
2025-10-23 05:40:16,615 - WARNING -    Mejor fitness: 112.7
2025-10-23 05:40:16,616 - WARNING -    Fitness promedio reciente: 86.1
2025-10-23 05:40:16,616 - WARNING -    Degradación: 26.6
2025-10-23 05:40:16,616 - WARNING -    🔄 RESTAURANDO mejor solución...
2025-10-23 05:40:16,617 - DEBUG - Iter 5600: T=4.73, Fitness_actual=112.7, Mejor=112.7
2025-10-23 05:40:16,817 - INFO - 🌟 MEJORA #27 en iter 5604: Fitness=113.6 (+0.9), Puntos=14309
2025-10-23 05:40:16,869 - INFO - 🌟 MEJORA #28 en iter 5605: Fitness=116.5 (+2.9), Puntos=14599
2025-10-23 05:40:21,769 - DEBUG - Iter 5700: T=4.73, Fitness_actual=101.5, Mejor=116.5
2025-10-23 05:40:27,029 - WARNING - ⚠️  DEGRADACIÓN DETECTADA en iter 5800:
2025-10-23 05:40:27,029 - WARNING -    Mejor fitness: 116.5
2025-10-23 05:40:27,030 - WARNING -    Fitness promedio reciente: 84.5
2025-10-23 05:40:27,030 - WARNING -    Degradación: 32.0
2025-10-23 05:40:27,030 - WARNING -    🔄 RESTAURANDO mejor solución...
2025-10-23 05:40:27,035 - DEBUG - Iter 5800: T=4.72, Fitness_actual=116.5, Mejor=116.5
2025-10-23 05:40:27,086 - INFO - 🌟 MEJORA #29 en iter 5801: Fitness=116.5 (+0.1), Puntos=14607
2025-10-23 05:40:27,138 - INFO - 🌟 MEJORA #30 en iter 5802: Fitness=116.5 (+0.0), Puntos=14607
2025-10-23 05:40:27,138 - INFO -   ✨ Mejora #30 en iteración 5803: Fitness = 116.5 | Puntos = 14607 | T = 4.72
2025-10-23 05:40:27,191 - INFO - 🌟 MEJORA #31 en iter 5803: Fitness=117.0 (+0.5), Puntos=14607
2025-10-23 05:40:27,243 - INFO - 🌟 MEJORA #32 en iter 5804: Fitness=117.1 (+0.0), Puntos=14607
2025-10-23 05:40:27,295 - INFO - 🌟 MEJORA #33 en iter 5805: Fitness=117.1 (+0.0), Puntos=14607
2025-10-23 05:40:27,398 - INFO - 🌟 MEJORA #34 en iter 5807: Fitness=117.2 (+0.2), Puntos=14624
2025-10-23 05:40:32,563 - DEBUG - Iter 5900: T=4.72, Fitness_actual=86.5, Mejor=117.2
2025-10-23 05:40:35,347 - WARNING - ⚠️  DEGRADACIÓN DETECTADA en iter 5950:
2025-10-23 05:40:35,347 - WARNING -    Mejor fitness: 117.2
2025-10-23 05:40:35,348 - WARNING -    Fitness promedio reciente: 87.1
2025-10-23 05:40:35,349 - WARNING -    Degradación: 30.1
2025-10-23 05:40:35,349 - WARNING -    🔄 RESTAURANDO mejor solución...
2025-10-23 05:40:37,997 - INFO -   Iter  6000 | Tiempo:    4.9min ( 2.0%) | T =     4.71 | Fitness =    107.1 | Mejor =    117.2 | Aceptación =  87.5%
2025-10-23 05:40:37,998 - INFO - Progreso iter 6000: T=4.71, Fitness=107.1, Mejor=117.2, Tasa_acept=87.5%
2025-10-23 05:40:38,000 - DEBUG - Iter 6000: T=4.71, Fitness_actual=107.1, Mejor=117.2
2025-10-23 05:40:40,571 - INFO - Iter 6048: Aceptada solución con delta=-11.0 (T=4.71)
2025-10-23 05:40:40,571 - INFO -   📊 Desglose del cambio:
2025-10-23 05:40:40,572 - INFO -      Puntos: +4 → 14917 total
2025-10-23 05:40:40,572 - INFO -      Tiempo: +782.6min → 14322.4min total
2025-10-23 05:40:40,572 - INFO -      Distancia: +0.0km → 184.6km total
2025-10-23 05:40:43,626 - DEBUG - Iter 6100: T=4.71, Fitness_actual=89.8, Mejor=117.2
2025-10-23 05:40:46,316 - WARNING - ⚠️  DEGRADACIÓN DETECTADA en iter 6150:
2025-10-23 05:40:46,316 - WARNING -    Mejor fitness: 117.2
2025-10-23 05:40:46,317 - WARNING -    Fitness promedio reciente: 94.7
2025-10-23 05:40:46,317 - WARNING -    Degradación: 22.5
2025-10-23 05:40:46,317 - WARNING -    🔄 RESTAURANDO mejor solución...
2025-10-23 05:40:49,057 - DEBUG - Iter 6200: T=4.70, Fitness_actual=102.1, Mejor=117.2
2025-10-23 05:40:54,661 - DEBUG - Iter 6300: T=4.70, Fitness_actual=111.9, Mejor=117.2
2025-10-23 05:40:56,466 - INFO - 🌟 MEJORA #35 en iter 6334: Fitness=117.4 (+0.1), Puntos=14633
2025-10-23 05:40:56,466 - INFO -   ✨ Mejora #35 en iteración 6335: Fitness = 117.4 | Puntos = 14633 | T = 4.69
2025-10-23 05:40:59,995 - DEBUG - Iter 6400: T=4.69, Fitness_actual=106.6, Mejor=117.4
2025-10-23 05:41:05,689 - INFO -   Iter  6500 | Tiempo:    5.3min ( 2.2%) | T =     4.68 | Fitness =     83.2 | Mejor =    117.4 | Aceptación =  87.7%
2025-10-23 05:41:05,690 - INFO - Progreso iter 6500: T=4.68, Fitness=83.2, Mejor=117.4, Tasa_acept=87.7%
2025-10-23 05:41:05,690 - WARNING - ⚠️  DEGRADACIÓN DETECTADA en iter 6500:
2025-10-23 05:41:05,691 - WARNING -    Mejor fitness: 117.4
2025-10-23 05:41:05,691 - WARNING -    Fitness promedio reciente: 91.4
2025-10-23 05:41:05,691 - WARNING -    Degradación: 26.0
2025-10-23 05:41:05,691 - WARNING -    🔄 RESTAURANDO mejor solución...
2025-10-23 05:41:05,695 - DEBUG - Iter 6500: T=4.68, Fitness_actual=117.4, Mejor=117.4
2025-10-23 05:41:11,158 - DEBUG - Iter 6600: T=4.68, Fitness_actual=101.6, Mejor=117.4
2025-10-23 05:41:16,674 - WARNING - ⚠️  DEGRADACIÓN DETECTADA en iter 6700:
2025-10-23 05:41:16,674 - WARNING -    Mejor fitness: 117.4
2025-10-23 05:41:16,675 - WARNING -    Fitness promedio reciente: 94.4
2025-10-23 05:41:16,675 - WARNING -    Degradación: 23.0
2025-10-23 05:41:16,675 - WARNING -    🔄 RESTAURANDO mejor solución...
2025-10-23 05:41:16,677 - DEBUG - Iter 6700: T=4.67, Fitness_actual=117.4, Mejor=117.4
2025-10-23 05:41:16,902 - INFO - 🌟 MEJORA #36 en iter 6704: Fitness=117.4 (+0.0), Puntos=14633
2025-10-23 05:41:19,196 - INFO - 🌟 MEJORA #37 en iter 6745: Fitness=117.7 (+0.3), Puntos=14915
2025-10-23 05:41:19,251 - INFO - 🌟 MEJORA #38 en iter 6746: Fitness=117.7 (+0.0), Puntos=14915
2025-10-23 05:41:22,361 - DEBUG - Iter 6800: T=4.67, Fitness_actual=94.6, Mejor=117.7
2025-10-23 05:41:25,233 - WARNING - ⚠️  DEGRADACIÓN DETECTADA en iter 6850:
2025-10-23 05:41:25,233 - WARNING -    Mejor fitness: 117.7
2025-10-23 05:41:25,235 - WARNING -    Fitness promedio reciente: 94.0
2025-10-23 05:41:25,236 - WARNING -    Degradación: 23.7
2025-10-23 05:41:25,236 - WARNING -    🔄 RESTAURANDO mejor solución...
2025-10-23 05:41:25,294 - INFO - 🌟 MEJORA #39 en iter 6851: Fitness=117.7 (+0.0), Puntos=14919
2025-10-23 05:41:28,051 - DEBUG - Iter 6900: T=4.66, Fitness_actual=107.9, Mejor=117.7
2025-10-23 05:41:33,646 - INFO -   Iter  7000 | Tiempo:    5.8min ( 2.4%) | T =     4.66 | Fitness =    101.7 | Mejor =    117.7 | Aceptación =  87.7%
2025-10-23 05:41:33,647 - INFO - Progreso iter 7000: T=4.66, Fitness=101.7, Mejor=117.7, Tasa_acept=87.7%
2025-10-23 05:41:33,649 - DEBUG - Iter 7000: T=4.66, Fitness_actual=101.7, Mejor=117.7
2025-10-23 05:41:36,451 - WARNING - ⚠️  DEGRADACIÓN DETECTADA en iter 7050:
2025-10-23 05:41:36,451 - WARNING -    Mejor fitness: 117.7
2025-10-23 05:41:36,452 - WARNING -    Fitness promedio reciente: 95.8
2025-10-23 05:41:36,452 - WARNING -    Degradación: 21.9
2025-10-23 05:41:36,452 - WARNING -    🔄 RESTAURANDO mejor solución...
2025-10-23 05:41:36,678 - INFO - 🌟 MEJORA #40 en iter 7054: Fitness=117.7 (+0.0), Puntos=14919
2025-10-23 05:41:36,679 - INFO -   ✨ Mejora #40 en iteración 7055: Fitness = 117.7 | Puntos = 14919 | T = 4.66
2025-10-23 05:41:39,260 - DEBUG - Iter 7100: T=4.65, Fitness_actual=105.8, Mejor=117.7
2025-10-23 05:41:44,874 - DEBUG - Iter 7200: T=4.65, Fitness_actual=100.4, Mejor=117.7
2025-10-23 05:41:50,516 - DEBUG - Iter 7300: T=4.64, Fitness_actual=89.2, Mejor=117.7
2025-10-23 05:41:53,359 - WARNING - ⚠️  DEGRADACIÓN DETECTADA en iter 7350:
2025-10-23 05:41:53,359 - WARNING -    Mejor fitness: 117.7
2025-10-23 05:41:53,359 - WARNING -    Fitness promedio reciente: 90.8
2025-10-23 05:41:53,360 - WARNING -    Degradación: 26.9
2025-10-23 05:41:53,360 - WARNING -    🔄 RESTAURANDO mejor solución...
2025-10-23 05:41:53,362 - INFO - 🌟 MEJORA #41 en iter 7350: Fitness=117.7 (+0.0), Puntos=14919
2025-10-23 05:41:53,419 - INFO - 🌟 MEJORA #42 en iter 7351: Fitness=117.8 (+0.0), Puntos=14922
2025-10-23 05:41:53,476 - INFO - 🌟 MEJORA #43 en iter 7352: Fitness=120.8 (+3.0), Puntos=14922
2025-10-23 05:41:56,052 - DEBUG - Iter 7400: T=4.64, Fitness_actual=111.3, Mejor=120.8
2025-10-23 05:42:01,519 - INFO -   Iter  7500 | Tiempo:    6.3min ( 2.6%) | T =     4.63 | Fitness =     99.5 | Mejor =    120.8 | Aceptación =  87.8%
2025-10-23 05:42:01,519 - INFO - Progreso iter 7500: T=4.63, Fitness=99.5, Mejor=120.8, Tasa_acept=87.8%
2025-10-23 05:42:01,522 - DEBUG - Iter 7500: T=4.63, Fitness_actual=99.5, Mejor=120.8
2025-10-23 05:42:07,017 - WARNING - ⚠️  DEGRADACIÓN DETECTADA en iter 7600:
2025-10-23 05:42:07,017 - WARNING -    Mejor fitness: 120.8
2025-10-23 05:42:07,018 - WARNING -    Fitness promedio reciente: 96.6
2025-10-23 05:42:07,018 - WARNING -    Degradación: 24.2
2025-10-23 05:42:07,018 - WARNING -    🔄 RESTAURANDO mejor solución...
2025-10-23 05:42:07,021 - DEBUG - Iter 7600: T=4.63, Fitness_actual=120.8, Mejor=120.8
2025-10-23 05:42:07,021 - INFO - 🌟 MEJORA #44 en iter 7600: Fitness=120.8 (+0.0), Puntos=14922
2025-10-23 05:42:07,076 - INFO - 🌟 MEJORA #45 en iter 7601: Fitness=120.8 (+0.0), Puntos=14922
2025-10-23 05:42:07,076 - INFO -   ✨ Mejora #45 en iteración 7602: Fitness = 120.8 | Puntos = 14922 | T = 4.63
2025-10-23 05:42:09,775 - INFO - 🌟 MEJORA #46 en iter 7650: Fitness=121.3 (+0.5), Puntos=14871
2025-10-23 05:42:12,564 - DEBUG - Iter 7700: T=4.62, Fitness_actual=111.1, Mejor=121.3
2025-10-23 05:42:18,159 - WARNING - ⚠️  DEGRADACIÓN DETECTADA en iter 7800:
2025-10-23 05:42:18,159 - WARNING -    Mejor fitness: 121.3
2025-10-23 05:42:18,159 - WARNING -    Fitness promedio reciente: 93.0
2025-10-23 05:42:18,160 - WARNING -    Degradación: 28.3
2025-10-23 05:42:18,160 - WARNING -    🔄 RESTAURANDO mejor solución...
2025-10-23 05:42:18,161 - DEBUG - Iter 7800: T=4.62, Fitness_actual=121.3, Mejor=121.3
2025-10-23 05:42:18,217 - INFO - 🌟 MEJORA #47 en iter 7801: Fitness=121.3 (+0.0), Puntos=14871
2025-10-23 05:42:23,721 - DEBUG - Iter 7900: T=4.61, Fitness_actual=114.5, Mejor=121.3
2025-10-23 05:42:26,921 - WARNING - ⚠️  DEGRADACIÓN DETECTADA en iter 7950:
2025-10-23 05:42:26,921 - WARNING -    Mejor fitness: 121.3
2025-10-23 05:42:26,922 - WARNING -    Fitness promedio reciente: 98.9
2025-10-23 05:42:26,922 - WARNING -    Degradación: 22.4
2025-10-23 05:42:26,922 - WARNING -    🔄 RESTAURANDO mejor solución...
2025-10-23 05:42:29,675 - INFO -   Iter  8000 | Tiempo:    6.7min ( 2.8%) | T =     4.61 | Fitness =    106.6 | Mejor =    121.3 | Aceptación =  87.9%
2025-10-23 05:42:29,676 - INFO - Progreso iter 8000: T=4.61, Fitness=106.6, Mejor=121.3, Tasa_acept=87.9%
2025-10-23 05:42:29,678 - DEBUG - Iter 8000: T=4.61, Fitness_actual=106.6, Mejor=121.3
2025-10-23 05:42:31,132 - WARNING - ================================================================================
2025-10-23 05:42:31,132 - WARNING - ⚠️  SALTO ANORMAL DETECTADO en iteración 8026
2025-10-23 05:42:31,133 - WARNING -    Fitness actual: 101.6
2025-10-23 05:42:31,133 - WARNING -    Fitness vecino: 77.9
2025-10-23 05:42:31,133 - WARNING -    Delta: -23.8
2025-10-23 05:42:31,133 - WARNING -    Temperatura: 4.60
2025-10-23 05:42:31,133 - WARNING -    Tipo perturbación aplicada: (ver generar_vecino)
2025-10-23 05:42:31,134 - WARNING -    Vecino - Puntos: 14021, Tiempo: 14188.6min, Distancia: 259.0km
2025-10-23 05:42:31,134 - WARNING -    Actual - Puntos: 14460, Tiempo: 13148.0min, Distancia: 153.6km
2025-10-23 05:42:31,134 - WARNING -    Validez restricciones - Vecino: False, Actual: False
2025-10-23 05:42:31,134 - WARNING - ================================================================================
2025-10-23 05:42:31,134 - WARNING - ⚠️  SALTO ANORMAL DETECTADO en iteración 8026
2025-10-23 05:42:31,135 - WARNING -    Fitness: 101.6 → 77.9 (Δ=-23.8)
2025-10-23 05:42:31,135 - WARNING -    Ver detalles en archivo de log
2025-10-23 05:42:35,246 - DEBUG - Iter 8100: T=4.60, Fitness_actual=104.5, Mejor=121.3
2025-10-23 05:42:37,997 - WARNING - ⚠️  DEGRADACIÓN DETECTADA en iter 8150:
2025-10-23 05:42:37,998 - WARNING -    Mejor fitness: 121.3
2025-10-23 05:42:37,998 - WARNING -    Fitness promedio reciente: 96.6
2025-10-23 05:42:37,999 - WARNING -    Degradación: 24.7
2025-10-23 05:42:37,999 - WARNING -    🔄 RESTAURANDO mejor solución...
2025-10-23 05:42:40,678 - DEBUG - Iter 8200: T=4.59, Fitness_actual=116.4, Mejor=121.3
2025-10-23 05:42:45,792 - WARNING - ⚠️  DEGRADACIÓN DETECTADA en iter 8300:
2025-10-23 05:42:45,793 - WARNING -    Mejor fitness: 121.3
2025-10-23 05:42:45,793 - WARNING -    Fitness promedio reciente: 97.5
2025-10-23 05:42:45,793 - WARNING -    Degradación: 23.7
2025-10-23 05:42:45,794 - WARNING -    🔄 RESTAURANDO mejor solución...
2025-10-23 05:42:45,795 - DEBUG - Iter 8300: T=4.59, Fitness_actual=121.3, Mejor=121.3
2025-10-23 05:42:51,054 - DEBUG - Iter 8400: T=4.59, Fitness_actual=104.3, Mejor=121.3
2025-10-23 05:42:53,646 - WARNING - ⚠️  DEGRADACIÓN DETECTADA en iter 8450:
2025-10-23 05:42:53,646 - WARNING -    Mejor fitness: 121.3
2025-10-23 05:42:53,647 - WARNING -    Fitness promedio reciente: 98.7
2025-10-23 05:42:53,647 - WARNING -    Degradación: 22.6
2025-10-23 05:42:53,647 - WARNING -    🔄 RESTAURANDO mejor solución...
2025-10-23 05:42:53,801 - INFO - 🌟 MEJORA #48 en iter 8453: Fitness=121.3 (+0.1), Puntos=14877
2025-10-23 05:42:56,216 - INFO -   Iter  8500 | Tiempo:    7.2min ( 3.0%) | T =     4.58 | Fitness =    113.4 | Mejor =    121.3 | Aceptación =  88.0%
2025-10-23 05:42:56,216 - INFO - Progreso iter 8500: T=4.58, Fitness=113.4, Mejor=121.3, Tasa_acept=88.0%
2025-10-23 05:42:56,219 - DEBUG - Iter 8500: T=4.58, Fitness_actual=113.4, Mejor=121.3
2025-10-23 05:43:01,435 - DEBUG - Iter 8600: T=4.58, Fitness_actual=105.6, Mejor=121.3
2025-10-23 05:43:04,058 - WARNING - ⚠️  DEGRADACIÓN DETECTADA en iter 8650:
2025-10-23 05:43:04,058 - WARNING -    Mejor fitness: 121.3
2025-10-23 05:43:04,059 - WARNING -    Fitness promedio reciente: 95.8
2025-10-23 05:43:04,059 - WARNING -    Degradación: 25.5
2025-10-23 05:43:04,059 - WARNING -    🔄 RESTAURANDO mejor solución...
2025-10-23 05:43:06,693 - DEBUG - Iter 8700: T=4.57, Fitness_actual=100.2, Mejor=121.3
2025-10-23 05:43:11,899 - WARNING - ⚠️  DEGRADACIÓN DETECTADA en iter 8800:
2025-10-23 05:43:11,899 - WARNING -    Mejor fitness: 121.3
2025-10-23 05:43:11,900 - WARNING -    Fitness promedio reciente: 97.5
2025-10-23 05:43:11,900 - WARNING -    Degradación: 23.9
2025-10-23 05:43:11,900 - WARNING -    🔄 RESTAURANDO mejor solución...
2025-10-23 05:43:11,901 - DEBUG - Iter 8800: T=4.57, Fitness_actual=121.3, Mejor=121.3
2025-10-23 05:43:17,130 - WARNING - ⚠️  DEGRADACIÓN DETECTADA en iter 8900:
2025-10-23 05:43:17,131 - WARNING -    Mejor fitness: 121.3
2025-10-23 05:43:17,131 - WARNING -    Fitness promedio reciente: 100.0
2025-10-23 05:43:17,131 - WARNING -    Degradación: 21.3
2025-10-23 05:43:17,132 - WARNING -    🔄 RESTAURANDO mejor solución...
2025-10-23 05:43:17,133 - DEBUG - Iter 8900: T=4.56, Fitness_actual=121.3, Mejor=121.3
2025-10-23 05:43:17,236 - INFO - 🌟 MEJORA #49 en iter 8902: Fitness=121.3 (+0.0), Puntos=14877
2025-10-23 05:43:22,367 - INFO -   Iter  9000 | Tiempo:    7.6min ( 3.2%) | T =     4.56 | Fitness =    113.1 | Mejor =    121.3 | Aceptación =  87.9%
2025-10-23 05:43:22,367 - INFO - Progreso iter 9000: T=4.56, Fitness=113.1, Mejor=121.3, Tasa_acept=87.9%
2025-10-23 05:43:22,369 - DEBUG - Iter 9000: T=4.56, Fitness_actual=113.1, Mejor=121.3
2025-10-23 05:43:22,529 - INFO - Iter 9003: Aceptada solución con delta=-10.9 (T=4.56)
2025-10-23 05:43:22,529 - INFO -   📊 Desglose del cambio:
2025-10-23 05:43:22,529 - INFO -      Puntos: -888 → 14049 total
2025-10-23 05:43:22,530 - INFO -      Tiempo: -463.4min → 12608.8min total
2025-10-23 05:43:22,530 - INFO -      Distancia: -4.0km → 158.3km total
2025-10-23 05:43:25,000 - WARNING - ⚠️  DEGRADACIÓN DETECTADA en iter 9050:
2025-10-23 05:43:25,000 - WARNING -    Mejor fitness: 121.3
2025-10-23 05:43:25,001 - WARNING -    Fitness promedio reciente: 98.3
2025-10-23 05:43:25,001 - WARNING -    Degradación: 23.0
2025-10-23 05:43:25,001 - WARNING -    🔄 RESTAURANDO mejor solución...
2025-10-23 05:43:25,003 - INFO - 🌟 MEJORA #50 en iter 9050: Fitness=121.3 (+0.0), Puntos=14877
2025-10-23 05:43:25,003 - INFO -   ✨ Mejora #50 en iteración 9051: Fitness = 121.3 | Puntos = 14877 | T = 4.55
2025-10-23 05:43:27,674 - DEBUG - Iter 9100: T=4.55, Fitness_actual=112.8, Mejor=121.3
2025-10-23 05:43:32,969 - DEBUG - Iter 9200: T=4.55, Fitness_actual=112.8, Mejor=121.3
2025-10-23 05:43:38,261 - DEBUG - Iter 9300: T=4.54, Fitness_actual=102.0, Mejor=121.3
2025-10-23 05:43:40,919 - WARNING - ⚠️  DEGRADACIÓN DETECTADA en iter 9350:
2025-10-23 05:43:40,919 - WARNING -    Mejor fitness: 121.3
2025-10-23 05:43:40,919 - WARNING -    Fitness promedio reciente: 97.6
2025-10-23 05:43:40,919 - WARNING -    Degradación: 23.7
2025-10-23 05:43:40,920 - WARNING -    🔄 RESTAURANDO mejor solución...
2025-10-23 05:43:43,547 - DEBUG - Iter 9400: T=4.54, Fitness_actual=112.8, Mejor=121.3
2025-10-23 05:43:48,847 - INFO -   Iter  9500 | Tiempo:    8.0min ( 3.4%) | T =     4.53 | Fitness =     99.3 | Mejor =    121.3 | Aceptación =  87.8%
2025-10-23 05:43:48,847 - INFO - Progreso iter 9500: T=4.53, Fitness=99.3, Mejor=121.3, Tasa_acept=87.8%
2025-10-23 05:43:48,850 - DEBUG - Iter 9500: T=4.53, Fitness_actual=99.3, Mejor=121.3
2025-10-23 05:43:51,543 - WARNING - ⚠️  DEGRADACIÓN DETECTADA en iter 9550:
2025-10-23 05:43:51,544 - WARNING -    Mejor fitness: 121.3
2025-10-23 05:43:51,544 - WARNING -    Fitness promedio reciente: 100.0
2025-10-23 05:43:51,544 - WARNING -    Degradación: 21.4
2025-10-23 05:43:51,545 - WARNING -    🔄 RESTAURANDO mejor solución...
2025-10-23 05:43:53,078 - INFO - Iter 9578: Aceptada solución con delta=-11.0 (T=4.53)
2025-10-23 05:43:53,078 - INFO -   📊 Desglose del cambio:
2025-10-23 05:43:53,079 - INFO -      Puntos: +0 → 14524 total
2025-10-23 05:43:53,079 - INFO -      Tiempo: +733.4min → 13945.5min total
2025-10-23 05:43:53,079 - INFO -      Distancia: -0.3km → 179.5km total
2025-10-23 05:43:54,285 - DEBUG - Iter 9600: T=4.53, Fitness_actual=109.6, Mejor=121.3
2025-10-23 05:43:57,117 - WARNING - ⚠️  DEGRADACIÓN DETECTADA en iter 9650:
2025-10-23 05:43:57,118 - WARNING -    Mejor fitness: 121.3
2025-10-23 05:43:57,118 - WARNING -    Fitness promedio reciente: 96.6
2025-10-23 05:43:57,119 - WARNING -    Degradación: 24.8
2025-10-23 05:43:57,119 - WARNING -    🔄 RESTAURANDO mejor solución...
2025-10-23 05:43:57,120 - INFO - 🌟 MEJORA #51 en iter 9650: Fitness=121.3 (+0.0), Puntos=14877
2025-10-23 05:43:57,282 - INFO - 🌟 MEJORA #52 en iter 9653: Fitness=122.3 (+1.0), Puntos=14877
2025-10-23 05:43:57,336 - INFO - 🌟 MEJORA #53 en iter 9654: Fitness=123.3 (+1.0), Puntos=14877
2025-10-23 05:43:59,859 - DEBUG - Iter 9700: T=4.52, Fitness_actual=102.4, Mejor=123.3
2025-10-23 05:44:05,334 - WARNING - ⚠️  DEGRADACIÓN DETECTADA en iter 9800:
2025-10-23 05:44:05,334 - WARNING -    Mejor fitness: 123.3
2025-10-23 05:44:05,335 - WARNING -    Fitness promedio reciente: 94.3
2025-10-23 05:44:05,335 - WARNING -    Degradación: 29.1
2025-10-23 05:44:05,335 - WARNING -    🔄 RESTAURANDO mejor solución...
2025-10-23 05:44:05,337 - DEBUG - Iter 9800: T=4.52, Fitness_actual=123.3, Mejor=123.3
2025-10-23 05:44:10,761 - DEBUG - Iter 9900: T=4.51, Fitness_actual=102.8, Mejor=123.3
2025-10-23 05:44:13,469 - WARNING - ⚠️  DEGRADACIÓN DETECTADA en iter 9950:
2025-10-23 05:44:13,470 - WARNING -    Mejor fitness: 123.3
2025-10-23 05:44:13,470 - WARNING -    Fitness promedio reciente: 101.6
2025-10-23 05:44:13,470 - WARNING -    Degradación: 21.7
2025-10-23 05:44:13,471 - WARNING -    🔄 RESTAURANDO mejor solución...
2025-10-23 05:44:13,858 - INFO - 🌟 MEJORA #54 en iter 9957: Fitness=123.4 (+0.0), Puntos=14883
2025-10-23 05:44:16,217 - INFO -   Iter 10000 | Tiempo:    8.5min ( 3.5%) | T =     4.51 | Fitness =    106.8 | Mejor =    123.4 | Aceptación =  87.7%
2025-10-23 05:44:16,217 - INFO - Progreso iter 10000: T=4.51, Fitness=106.8, Mejor=123.4, Tasa_acept=87.7%
2025-10-23 05:44:16,220 - DEBUG - Iter 10000: T=4.51, Fitness_actual=106.8, Mejor=123.4
2025-10-23 05:44:21,728 - WARNING - ⚠️  DEGRADACIÓN DETECTADA en iter 10100:
2025-10-23 05:44:21,728 - WARNING -    Mejor fitness: 123.4
2025-10-23 05:44:21,729 - WARNING -    Fitness promedio reciente: 102.7
2025-10-23 05:44:21,729 - WARNING -    Degradación: 20.7
2025-10-23 05:44:21,729 - WARNING -    🔄 RESTAURANDO mejor solución...
2025-10-23 05:44:21,731 - DEBUG - Iter 10100: T=4.50, Fitness_actual=123.4, Mejor=123.4
2025-10-23 05:44:21,731 - INFO - 🌟 MEJORA #55 en iter 10100: Fitness=123.5 (+0.1), Puntos=14893
2025-10-23 05:44:21,731 - INFO -   ✨ Mejora #55 en iteración 10101: Fitness = 123.5 | Puntos = 14893 | T = 4.50
2025-10-23 05:44:21,842 - INFO - 🌟 MEJORA #56 en iter 10102: Fitness=124.5 (+1.0), Puntos=15195
2025-10-23 05:44:22,170 - INFO - 🌟 MEJORA #57 en iter 10108: Fitness=124.6 (+0.1), Puntos=15201
2025-10-23 05:44:27,254 - DEBUG - Iter 10200: T=4.50, Fitness_actual=108.2, Mejor=124.6
2025-10-23 05:44:32,786 - DEBUG - Iter 10300: T=4.49, Fitness_actual=112.9, Mejor=124.6
2025-10-23 05:44:38,296 - DEBUG - Iter 10400: T=4.49, Fitness_actual=105.6, Mejor=124.6
2025-10-23 05:44:43,856 - INFO -   Iter 10500 | Tiempo:    9.0min ( 3.7%) | T =     4.48 | Fitness =    106.1 | Mejor =    124.6 | Aceptación =  87.7%
2025-10-23 05:44:43,856 - INFO - Progreso iter 10500: T=4.48, Fitness=106.1, Mejor=124.6, Tasa_acept=87.7%
2025-10-23 05:44:43,859 - DEBUG - Iter 10500: T=4.48, Fitness_actual=106.1, Mejor=124.6
2025-10-23 05:44:46,621 - WARNING - ⚠️  DEGRADACIÓN DETECTADA en iter 10550:
2025-10-23 05:44:46,621 - WARNING -    Mejor fitness: 124.6
2025-10-23 05:44:46,622 - WARNING -    Fitness promedio reciente: 102.0
2025-10-23 05:44:46,622 - WARNING -    Degradación: 22.6
2025-10-23 05:44:46,622 - WARNING -    🔄 RESTAURANDO mejor solución...
2025-10-23 05:44:46,624 - INFO - 🌟 MEJORA #58 en iter 10550: Fitness=124.7 (+0.2), Puntos=15216
2025-10-23 05:44:49,410 - DEBUG - Iter 10600: T=4.48, Fitness_actual=116.5, Mejor=124.7
2025-10-23 05:44:54,997 - DEBUG - Iter 10700: T=4.47, Fitness_actual=105.4, Mejor=124.7
2025-10-23 05:44:57,793 - WARNING - ⚠️  DEGRADACIÓN DETECTADA en iter 10750:
2025-10-23 05:44:57,793 - WARNING -    Mejor fitness: 124.7
2025-10-23 05:44:57,794 - WARNING -    Fitness promedio reciente: 104.1
2025-10-23 05:44:57,794 - WARNING -    Degradación: 20.7
2025-10-23 05:44:57,795 - WARNING -    🔄 RESTAURANDO mejor solución...
2025-10-23 05:45:00,565 - DEBUG - Iter 10800: T=4.47, Fitness_actual=113.2, Mejor=124.7
2025-10-23 05:45:06,210 - DEBUG - Iter 10900: T=4.46, Fitness_actual=97.0, Mejor=124.7
2025-10-23 05:45:09,096 - WARNING - ⚠️  DEGRADACIÓN DETECTADA en iter 10950:
2025-10-23 05:45:09,097 - WARNING -    Mejor fitness: 124.7
2025-10-23 05:45:09,097 - WARNING -    Fitness promedio reciente: 98.3
2025-10-23 05:45:09,097 - WARNING -    Degradación: 26.4
2025-10-23 05:45:09,098 - WARNING -    🔄 RESTAURANDO mejor solución...
2025-10-23 05:45:11,908 - INFO -   Iter 11000 | Tiempo:    9.4min ( 3.9%) | T =     4.46 | Fitness =    113.6 | Mejor =    124.7 | Aceptación =  87.7%
2025-10-23 05:45:11,908 - INFO - Progreso iter 11000: T=4.46, Fitness=113.6, Mejor=124.7, Tasa_acept=87.7%
2025-10-23 05:45:11,911 - DEBUG - Iter 11000: T=4.46, Fitness_actual=113.6, Mejor=124.7
2025-10-23 05:45:17,540 - DEBUG - Iter 11100: T=4.45, Fitness_actual=101.8, Mejor=124.7
2025-10-23 05:45:20,363 - WARNING - ⚠️  DEGRADACIÓN DETECTADA en iter 11150:
2025-10-23 05:45:20,363 - WARNING -    Mejor fitness: 124.7
2025-10-23 05:45:20,364 - WARNING -    Fitness promedio reciente: 93.8
2025-10-23 05:45:20,364 - WARNING -    Degradación: 30.9
2025-10-23 05:45:20,364 - WARNING -    🔄 RESTAURANDO mejor solución...
2025-10-23 05:45:23,179 - DEBUG - Iter 11200: T=4.45, Fitness_actual=95.0, Mejor=124.7
2025-10-23 05:45:25,992 - WARNING - ⚠️  DEGRADACIÓN DETECTADA en iter 11250:
2025-10-23 05:45:25,992 - WARNING -    Mejor fitness: 124.7
2025-10-23 05:45:25,993 - WARNING -    Fitness promedio reciente: 91.7
2025-10-23 05:45:25,993 - WARNING -    Degradación: 33.0
2025-10-23 05:45:25,993 - WARNING -    🔄 RESTAURANDO mejor solución...
2025-10-23 05:45:28,812 - WARNING - ⚠️  DEGRADACIÓN DETECTADA en iter 11300:
2025-10-23 05:45:28,812 - WARNING -    Mejor fitness: 124.7
2025-10-23 05:45:28,813 - WARNING -    Fitness promedio reciente: 102.0
2025-10-23 05:45:28,813 - WARNING -    Degradación: 22.7
2025-10-23 05:45:28,813 - WARNING -    🔄 RESTAURANDO mejor solución...
2025-10-23 05:45:28,816 - DEBUG - Iter 11300: T=4.44, Fitness_actual=124.7, Mejor=124.7
2025-10-23 05:45:34,616 - DEBUG - Iter 11400: T=4.43, Fitness_actual=111.0, Mejor=124.7
2025-10-23 05:45:40,395 - INFO -   Iter 11500 | Tiempo:    9.9min ( 4.1%) | T =     4.43 | Fitness =    102.5 | Mejor =    124.7 | Aceptación =  87.7%
2025-10-23 05:45:40,395 - INFO - Progreso iter 11500: T=4.43, Fitness=102.5, Mejor=124.7, Tasa_acept=87.7%
2025-10-23 05:45:40,396 - WARNING - ⚠️  DEGRADACIÓN DETECTADA en iter 11500:
2025-10-23 05:45:40,396 - WARNING -    Mejor fitness: 124.7
2025-10-23 05:45:40,396 - WARNING -    Fitness promedio reciente: 100.0
2025-10-23 05:45:40,396 - WARNING -    Degradación: 24.7
2025-10-23 05:45:40,397 - WARNING -    🔄 RESTAURANDO mejor solución...
2025-10-23 05:45:40,398 - DEBUG - Iter 11500: T=4.43, Fitness_actual=124.7, Mejor=124.7
2025-10-23 05:45:40,398 - INFO - 🌟 MEJORA #59 en iter 11500: Fitness=124.7 (+0.0), Puntos=15216
2025-10-23 05:45:46,151 - DEBUG - Iter 11600: T=4.42, Fitness_actual=110.0, Mejor=124.7
2025-10-23 05:45:51,907 - WARNING - ⚠️  DEGRADACIÓN DETECTADA en iter 11700:
2025-10-23 05:45:51,907 - WARNING -    Mejor fitness: 124.7
2025-10-23 05:45:51,908 - WARNING -    Fitness promedio reciente: 104.3
2025-10-23 05:45:51,908 - WARNING -    Degradación: 20.4
2025-10-23 05:45:51,908 - WARNING -    🔄 RESTAURANDO mejor solución...
2025-10-23 05:45:51,910 - DEBUG - Iter 11700: T=4.42, Fitness_actual=124.7, Mejor=124.7
2025-10-23 05:45:51,970 - INFO - 🌟 MEJORA #60 en iter 11701: Fitness=125.7 (+1.0), Puntos=15218
2025-10-23 05:45:51,970 - INFO -   ✨ Mejora #60 en iteración 11702: Fitness = 125.7 | Puntos = 15218 | T = 4.42
2025-10-23 05:45:52,028 - INFO - 🌟 MEJORA #61 en iter 11702: Fitness=125.7 (+0.0), Puntos=15218
2025-10-23 05:45:57,679 - DEBUG - Iter 11800: T=4.41, Fitness_actual=104.8, Mejor=125.7
2025-10-23 05:46:03,550 - WARNING - ⚠️  DEGRADACIÓN DETECTADA en iter 11900:
2025-10-23 05:46:03,550 - WARNING -    Mejor fitness: 125.7
2025-10-23 05:46:03,551 - WARNING -    Fitness promedio reciente: 104.0
2025-10-23 05:46:03,551 - WARNING -    Degradación: 21.7
2025-10-23 05:46:03,551 - WARNING -    🔄 RESTAURANDO mejor solución...
2025-10-23 05:46:03,553 - DEBUG - Iter 11900: T=4.41, Fitness_actual=125.7, Mejor=125.7
2025-10-23 05:46:09,453 - INFO -   Iter 12000 | Tiempo:   10.4min ( 4.3%) | T =     4.40 | Fitness =    109.7 | Mejor =    125.7 | Aceptación =  87.8%
2025-10-23 05:46:09,453 - INFO - Progreso iter 12000: T=4.40, Fitness=109.7, Mejor=125.7, Tasa_acept=87.8%
2025-10-23 05:46:09,454 - DEBUG - Iter 12000: T=4.40, Fitness_actual=109.7, Mejor=125.7
2025-10-23 05:46:15,256 - WARNING - ⚠️  DEGRADACIÓN DETECTADA en iter 12100:
2025-10-23 05:46:15,256 - WARNING -    Mejor fitness: 125.7
2025-10-23 05:46:15,257 - WARNING -    Fitness promedio reciente: 96.8
2025-10-23 05:46:15,257 - WARNING -    Degradación: 29.0
2025-10-23 05:46:15,257 - WARNING -    🔄 RESTAURANDO mejor solución...
2025-10-23 05:46:15,258 - DEBUG - Iter 12100: T=4.40, Fitness_actual=125.7, Mejor=125.7
2025-10-23 05:46:21,160 - DEBUG - Iter 12200: T=4.39, Fitness_actual=114.7, Mejor=125.7
2025-10-23 05:46:21,692 - INFO - Iter 12209: Aceptada solución con delta=-13.4 (T=4.39)
2025-10-23 05:46:21,693 - INFO -   📊 Desglose del cambio:
2025-10-23 05:46:21,693 - INFO -      Puntos: -793 → 13950 total
2025-10-23 05:46:21,694 - INFO -      Tiempo: +1172.3min → 14375.1min total
2025-10-23 05:46:21,694 - INFO -      Distancia: -1.1km → 143.0km total
2025-10-23 05:46:24,094 - WARNING - ⚠️  DEGRADACIÓN DETECTADA en iter 12250:
2025-10-23 05:46:24,094 - WARNING -    Mejor fitness: 125.7
2025-10-23 05:46:24,094 - WARNING -    Fitness promedio reciente: 103.5
2025-10-23 05:46:24,095 - WARNING -    Degradación: 22.3
2025-10-23 05:46:24,095 - WARNING -    🔄 RESTAURANDO mejor solución...
2025-10-23 05:46:27,032 - DEBUG - Iter 12300: T=4.39, Fitness_actual=114.5, Mejor=125.7
2025-10-23 05:46:32,882 - DEBUG - Iter 12400: T=4.38, Fitness_actual=101.9, Mejor=125.7
2025-10-23 05:46:35,835 - WARNING - ⚠️  DEGRADACIÓN DETECTADA en iter 12450:
2025-10-23 05:46:35,835 - WARNING -    Mejor fitness: 125.7
2025-10-23 05:46:35,836 - WARNING -    Fitness promedio reciente: 99.3
2025-10-23 05:46:35,836 - WARNING -    Degradación: 26.4
2025-10-23 05:46:35,836 - WARNING -    🔄 RESTAURANDO mejor solución...
2025-10-23 05:46:38,781 - INFO -   Iter 12500 | Tiempo:   10.9min ( 4.5%) | T =     4.38 | Fitness =    112.6 | Mejor =    125.7 | Aceptación =  87.8%
2025-10-23 05:46:38,781 - INFO - Progreso iter 12500: T=4.38, Fitness=112.6, Mejor=125.7, Tasa_acept=87.8%
2025-10-23 05:46:38,784 - DEBUG - Iter 12500: T=4.38, Fitness_actual=112.6, Mejor=125.7
2025-10-23 05:46:41,684 - WARNING - ⚠️  DEGRADACIÓN DETECTADA en iter 12550:
2025-10-23 05:46:41,684 - WARNING -    Mejor fitness: 125.7
2025-10-23 05:46:41,685 - WARNING -    Fitness promedio reciente: 103.4
2025-10-23 05:46:41,685 - WARNING -    Degradación: 22.4
2025-10-23 05:46:41,685 - WARNING -    🔄 RESTAURANDO mejor solución...
2025-10-23 05:46:44,599 - DEBUG - Iter 12600: T=4.37, Fitness_actual=110.5, Mejor=125.7
2025-10-23 05:46:47,551 - WARNING - ⚠️  DEGRADACIÓN DETECTADA en iter 12650:
2025-10-23 05:46:47,551 - WARNING -    Mejor fitness: 125.7
2025-10-23 05:46:47,552 - WARNING -    Fitness promedio reciente: 105.7
2025-10-23 05:46:47,552 - WARNING -    Degradación: 20.0
2025-10-23 05:46:47,553 - WARNING -    🔄 RESTAURANDO mejor solución...
2025-10-23 05:46:47,554 - INFO - 🌟 MEJORA #62 en iter 12650: Fitness=125.7 (+0.0), Puntos=15218
2025-10-23 05:46:47,787 - INFO - 🌟 MEJORA #63 en iter 12654: Fitness=126.7 (+1.0), Puntos=15214
2025-10-23 05:46:50,507 - DEBUG - Iter 12700: T=4.37, Fitness_actual=122.2, Mejor=126.7
2025-10-23 05:46:56,429 - WARNING - ⚠️  DEGRADACIÓN DETECTADA en iter 12800:
2025-10-23 05:46:56,429 - WARNING -    Mejor fitness: 126.7
2025-10-23 05:46:56,430 - WARNING -    Fitness promedio reciente: 95.2
2025-10-23 05:46:56,430 - WARNING -    Degradación: 31.5
2025-10-23 05:46:56,430 - WARNING -    🔄 RESTAURANDO mejor solución...
2025-10-23 05:46:56,432 - DEBUG - Iter 12800: T=4.36, Fitness_actual=126.7, Mejor=126.7
2025-10-23 05:46:56,432 - INFO - 🌟 MEJORA #64 en iter 12800: Fitness=126.7 (+0.0), Puntos=15214
2025-10-23 05:46:56,491 - INFO - 🌟 MEJORA #65 en iter 12801: Fitness=126.7 (+0.0), Puntos=15214
2025-10-23 05:46:56,491 - INFO -   ✨ Mejora #65 en iteración 12802: Fitness = 126.7 | Puntos = 15214 | T = 4.36
2025-10-23 05:46:56,549 - INFO - 🌟 MEJORA #66 en iter 12802: Fitness=126.7 (+0.0), Puntos=15219
2025-10-23 05:46:56,668 - INFO - 🌟 MEJORA #67 en iter 12804: Fitness=126.8 (+0.1), Puntos=15226
2025-10-23 05:46:56,787 - INFO - 🌟 MEJORA #68 en iter 12806: Fitness=126.8 (+0.0), Puntos=15226
2025-10-23 05:46:56,906 - INFO - 🌟 MEJORA #69 en iter 12808: Fitness=127.8 (+1.0), Puntos=15230
2025-10-23 05:47:02,399 - DEBUG - Iter 12900: T=4.36, Fitness_actual=109.1, Mejor=127.8
2025-10-23 05:47:08,343 - INFO -   Iter 13000 | Tiempo:   11.4min ( 4.7%) | T =     4.35 | Fitness =    101.3 | Mejor =    127.8 | Aceptación =  87.8%
2025-10-23 05:47:08,343 - INFO - Progreso iter 13000: T=4.35, Fitness=101.3, Mejor=127.8, Tasa_acept=87.8%
2025-10-23 05:47:08,344 - WARNING - ⚠️  DEGRADACIÓN DETECTADA en iter 13000:
2025-10-23 05:47:08,344 - WARNING -    Mejor fitness: 127.8
2025-10-23 05:47:08,344 - WARNING -    Fitness promedio reciente: 100.0
2025-10-23 05:47:08,345 - WARNING -    Degradación: 27.9
2025-10-23 05:47:08,345 - WARNING -    🔄 RESTAURANDO mejor solución...
2025-10-23 05:47:08,346 - DEBUG - Iter 13000: T=4.35, Fitness_actual=127.8, Mejor=127.8
2025-10-23 05:47:08,346 - INFO - 🌟 MEJORA #70 en iter 13000: Fitness=127.8 (+0.0), Puntos=15230
2025-10-23 05:47:08,347 - INFO -   ✨ Mejora #70 en iteración 13001: Fitness = 127.8 | Puntos = 15230 | T = 4.35
2025-10-23 05:47:08,406 - INFO - 🌟 MEJORA #71 en iter 13001: Fitness=127.8 (+0.0), Puntos=15230
2025-10-23 05:47:14,296 - DEBUG - Iter 13100: T=4.35, Fitness_actual=109.6, Mejor=127.8
2025-10-23 05:47:20,279 - WARNING - ⚠️  DEGRADACIÓN DETECTADA en iter 13200:
2025-10-23 05:47:20,279 - WARNING -    Mejor fitness: 127.8
2025-10-23 05:47:20,280 - WARNING -    Fitness promedio reciente: 105.8
2025-10-23 05:47:20,280 - WARNING -    Degradación: 22.0
2025-10-23 05:47:20,280 - WARNING -    🔄 RESTAURANDO mejor solución...
2025-10-23 05:47:20,282 - DEBUG - Iter 13200: T=4.34, Fitness_actual=127.8, Mejor=127.8
2025-10-23 05:47:26,249 - DEBUG - Iter 13300: T=4.34, Fitness_actual=112.5, Mejor=127.8
2025-10-23 05:47:29,253 - WARNING - ⚠️  DEGRADACIÓN DETECTADA en iter 13350:
2025-10-23 05:47:29,253 - WARNING -    Mejor fitness: 127.8
2025-10-23 05:47:29,253 - WARNING -    Fitness promedio reciente: 106.1
2025-10-23 05:47:29,254 - WARNING -    Degradación: 21.8
2025-10-23 05:47:29,254 - WARNING -    🔄 RESTAURANDO mejor solución...
2025-10-23 05:47:29,255 - INFO - 🌟 MEJORA #72 en iter 13350: Fitness=128.0 (+0.1), Puntos=15244
2025-10-23 05:47:32,301 - DEBUG - Iter 13400: T=4.33, Fitness_actual=116.6, Mejor=128.0
2025-10-23 05:47:38,425 - INFO -   Iter 13500 | Tiempo:   11.9min ( 4.9%) | T =     4.32 | Fitness =     91.0 | Mejor =    128.0 | Aceptación =  87.8%
2025-10-23 05:47:38,425 - INFO - Progreso iter 13500: T=4.32, Fitness=91.0, Mejor=128.0, Tasa_acept=87.8%
2025-10-23 05:47:38,425 - WARNING - ⚠️  DEGRADACIÓN DETECTADA en iter 13500:
2025-10-23 05:47:38,426 - WARNING -    Mejor fitness: 128.0
2025-10-23 05:47:38,426 - WARNING -    Fitness promedio reciente: 99.1
2025-10-23 05:47:38,426 - WARNING -    Degradación: 28.9
2025-10-23 05:47:38,426 - WARNING -    🔄 RESTAURANDO mejor solución...
2025-10-23 05:47:38,429 - DEBUG - Iter 13500: T=4.32, Fitness_actual=128.0, Mejor=128.0
2025-10-23 05:47:38,490 - INFO - 🌟 MEJORA #73 en iter 13501: Fitness=128.1 (+0.1), Puntos=15250
2025-10-23 05:47:44,569 - DEBUG - Iter 13600: T=4.32, Fitness_actual=103.7, Mejor=128.1
2025-10-23 05:47:47,645 - WARNING - ⚠️  DEGRADACIÓN DETECTADA en iter 13650:
2025-10-23 05:47:47,645 - WARNING -    Mejor fitness: 128.1
2025-10-23 05:47:47,646 - WARNING -    Fitness promedio reciente: 102.1
2025-10-23 05:47:47,646 - WARNING -    Degradación: 25.9
2025-10-23 05:47:47,646 - WARNING -    🔄 RESTAURANDO mejor solución...
2025-10-23 05:47:47,648 - INFO - 🌟 MEJORA #74 en iter 13650: Fitness=128.7 (+0.7), Puntos=15216
2025-10-23 05:47:50,699 - DEBUG - Iter 13700: T=4.31, Fitness_actual=110.1, Mejor=128.7
2025-10-23 05:47:57,083 - WARNING - ⚠️  DEGRADACIÓN DETECTADA en iter 13800:
2025-10-23 05:47:57,083 - WARNING -    Mejor fitness: 128.7
2025-10-23 05:47:57,084 - WARNING -    Fitness promedio reciente: 104.3
2025-10-23 05:47:57,084 - WARNING -    Degradación: 24.5
2025-10-23 05:47:57,085 - WARNING -    🔄 RESTAURANDO mejor solución...
2025-10-23 05:47:57,086 - DEBUG - Iter 13800: T=4.31, Fitness_actual=128.7, Mejor=128.7
2025-10-23 05:48:03,227 - WARNING - ⚠️  DEGRADACIÓN DETECTADA en iter 13900:
2025-10-23 05:48:03,228 - WARNING -    Mejor fitness: 128.7
2025-10-23 05:48:03,228 - WARNING -    Fitness promedio reciente: 107.8
2025-10-23 05:48:03,228 - WARNING -    Degradación: 20.9
2025-10-23 05:48:03,229 - WARNING -    🔄 RESTAURANDO mejor solución...
2025-10-23 05:48:03,231 - DEBUG - Iter 13900: T=4.30, Fitness_actual=128.7, Mejor=128.7
2025-10-23 05:48:09,453 - INFO -   Iter 14000 | Tiempo:   12.4min ( 5.2%) | T =     4.30 | Fitness =    105.1 | Mejor =    128.7 | Aceptación =  87.9%
2025-10-23 05:48:09,453 - INFO - Progreso iter 14000: T=4.30, Fitness=105.1, Mejor=128.7, Tasa_acept=87.9%
2025-10-23 05:48:09,455 - DEBUG - Iter 14000: T=4.30, Fitness_actual=105.1, Mejor=128.7
2025-10-23 05:48:12,537 - WARNING - ⚠️  DEGRADACIÓN DETECTADA en iter 14050:
2025-10-23 05:48:12,538 - WARNING -    Mejor fitness: 128.7
2025-10-23 05:48:12,538 - WARNING -    Fitness promedio reciente: 96.3
2025-10-23 05:48:12,538 - WARNING -    Degradación: 32.4
2025-10-23 05:48:12,539 - WARNING -    🔄 RESTAURANDO mejor solución...
2025-10-23 05:48:12,540 - INFO - 🌟 MEJORA #75 en iter 14050: Fitness=128.8 (+0.1), Puntos=15225
2025-10-23 05:48:12,540 - INFO -   ✨ Mejora #75 en iteración 14051: Fitness = 128.8 | Puntos = 15225 | T = 4.29
2025-10-23 05:48:12,664 - INFO - 🌟 MEJORA #76 en iter 14052: Fitness=128.8 (+0.0), Puntos=15225
2025-10-23 05:48:15,603 - DEBUG - Iter 14100: T=4.29, Fitness_actual=123.4, Mejor=128.8
2025-10-23 05:48:21,418 - INFO - Iter 14195: Aceptada solución con delta=-10.3 (T=4.29)
2025-10-23 05:48:21,419 - INFO -   📊 Desglose del cambio:
2025-10-23 05:48:21,419 - INFO -      Puntos: +129 → 14132 total
2025-10-23 05:48:21,419 - INFO -      Tiempo: +828.5min → 13568.7min total
2025-10-23 05:48:21,420 - INFO -      Distancia: +52.4km → 206.1km total
2025-10-23 05:48:21,724 - WARNING - ⚠️  DEGRADACIÓN DETECTADA en iter 14200:
2025-10-23 05:48:21,724 - WARNING -    Mejor fitness: 128.8
2025-10-23 05:48:21,724 - WARNING -    Fitness promedio reciente: 102.9
2025-10-23 05:48:21,725 - WARNING -    Degradación: 25.9
2025-10-23 05:48:21,725 - WARNING -    🔄 RESTAURANDO mejor solución...
2025-10-23 05:48:21,727 - DEBUG - Iter 14200: T=4.29, Fitness_actual=128.8, Mejor=128.8
2025-10-23 05:48:21,728 - INFO - 🌟 MEJORA #77 en iter 14200: Fitness=128.8 (+0.0), Puntos=15225
2025-10-23 05:48:21,851 - INFO - 🌟 MEJORA #78 en iter 14202: Fitness=128.8 (+0.0), Puntos=15228
2025-10-23 05:48:21,914 - INFO - 🌟 MEJORA #79 en iter 14203: Fitness=128.8 (+0.0), Puntos=15228
2025-10-23 05:48:22,035 - INFO - 🌟 MEJORA #80 en iter 14205: Fitness=128.8 (+0.0), Puntos=15228
2025-10-23 05:48:22,035 - INFO -   ✨ Mejora #80 en iteración 14206: Fitness = 128.8 | Puntos = 15228 | T = 4.29
2025-10-23 05:48:24,186 - INFO - Iter 14240: Aceptada solución con delta=-10.0 (T=4.28)
2025-10-23 05:48:24,186 - INFO -   📊 Desglose del cambio:
2025-10-23 05:48:24,187 - INFO -      Puntos: +0 → 15056 total
2025-10-23 05:48:24,187 - INFO -      Tiempo: +436.5min → 14377.6min total
2025-10-23 05:48:24,188 - INFO -      Distancia: +1.2km → 151.3km total
2025-10-23 05:48:28,181 - DEBUG - Iter 14300: T=4.28, Fitness_actual=106.5, Mejor=128.8
2025-10-23 05:48:31,295 - WARNING - ⚠️  DEGRADACIÓN DETECTADA en iter 14350:
2025-10-23 05:48:31,295 - WARNING -    Mejor fitness: 128.8
2025-10-23 05:48:31,296 - WARNING -    Fitness promedio reciente: 104.8
2025-10-23 05:48:31,296 - WARNING -    Degradación: 24.1
2025-10-23 05:48:31,296 - WARNING -    🔄 RESTAURANDO mejor solución...
2025-10-23 05:48:31,298 - INFO - 🌟 MEJORA #81 en iter 14350: Fitness=128.8 (+0.0), Puntos=15228
2025-10-23 05:48:31,359 - INFO - 🌟 MEJORA #82 en iter 14351: Fitness=129.0 (+0.2), Puntos=15245
2025-10-23 05:48:33,643 - INFO - Iter 14388: Aceptada solución con delta=-10.1 (T=4.28)
2025-10-23 05:48:33,643 - INFO -   📊 Desglose del cambio:
2025-10-23 05:48:33,644 - INFO -      Puntos: -812 → 14293 total
2025-10-23 05:48:33,645 - INFO -      Tiempo: -874.0min → 13655.2min total
2025-10-23 05:48:33,645 - INFO -      Distancia: -7.8km → 142.5km total
2025-10-23 05:48:34,395 - DEBUG - Iter 14400: T=4.28, Fitness_actual=102.9, Mejor=129.0
2025-10-23 05:48:40,666 - INFO -   Iter 14500 | Tiempo:   12.9min ( 5.4%) | T =     4.27 | Fitness =    106.4 | Mejor =    129.0 | Aceptación =  87.9%
2025-10-23 05:48:40,667 - INFO - Progreso iter 14500: T=4.27, Fitness=106.4, Mejor=129.0, Tasa_acept=87.9%
2025-10-23 05:48:40,667 - WARNING - ⚠️  DEGRADACIÓN DETECTADA en iter 14500:
2025-10-23 05:48:40,671 - WARNING -    Mejor fitness: 129.0
2025-10-23 05:48:40,671 - WARNING -    Fitness promedio reciente: 100.2
2025-10-23 05:48:40,671 - WARNING -    Degradación: 28.8
2025-10-23 05:48:40,672 - WARNING -    🔄 RESTAURANDO mejor solución...
2025-10-23 05:48:40,673 - DEBUG - Iter 14500: T=4.27, Fitness_actual=129.0, Mejor=129.0
2025-10-23 05:48:40,736 - INFO - 🌟 MEJORA #83 en iter 14501: Fitness=130.0 (+1.0), Puntos=15245
2025-10-23 05:48:46,890 - DEBUG - Iter 14600: T=4.26, Fitness_actual=122.8, Mejor=130.0
2025-10-23 05:48:53,135 - DEBUG - Iter 14700: T=4.26, Fitness_actual=116.5, Mejor=130.0
2025-10-23 05:48:59,449 - WARNING - ⚠️  DEGRADACIÓN DETECTADA en iter 14800:
2025-10-23 05:48:59,449 - WARNING -    Mejor fitness: 130.0
2025-10-23 05:48:59,450 - WARNING -    Fitness promedio reciente: 102.3
2025-10-23 05:48:59,450 - WARNING -    Degradación: 27.7
2025-10-23 05:48:59,451 - WARNING -    🔄 RESTAURANDO mejor solución...
2025-10-23 05:48:59,452 - DEBUG - Iter 14800: T=4.25, Fitness_actual=130.0, Mejor=130.0
2025-10-23 05:48:59,452 - INFO - 🌟 MEJORA #84 en iter 14800: Fitness=130.0 (+0.0), Puntos=15245
2025-10-23 05:48:59,950 - INFO - 🌟 MEJORA #85 en iter 14808: Fitness=131.0 (+1.0), Puntos=15249
2025-10-23 05:48:59,950 - INFO -   ✨ Mejora #85 en iteración 14809: Fitness = 131.0 | Puntos = 15249 | T = 4.25
2025-10-23 05:49:00,078 - INFO - 🌟 MEJORA #86 en iter 14810: Fitness=131.0 (+0.0), Puntos=15249
2025-10-23 05:49:00,202 - INFO - 🌟 MEJORA #87 en iter 14812: Fitness=131.0 (+0.0), Puntos=15249
2025-10-23 05:49:00,324 - INFO - 🌟 MEJORA #88 en iter 14814: Fitness=131.1 (+0.0), Puntos=15250
2025-10-23 05:49:00,387 - INFO - 🌟 MEJORA #89 en iter 14815: Fitness=131.1 (+0.0), Puntos=15250
2025-10-23 05:49:05,663 - DEBUG - Iter 14900: T=4.25, Fitness_actual=112.4, Mejor=131.1
2025-10-23 05:49:08,856 - WARNING - ⚠️  DEGRADACIÓN DETECTADA en iter 14950:
2025-10-23 05:49:08,856 - WARNING -    Mejor fitness: 131.1
2025-10-23 05:49:08,857 - WARNING -    Fitness promedio reciente: 107.3
2025-10-23 05:49:08,857 - WARNING -    Degradación: 23.8
2025-10-23 05:49:08,857 - WARNING -    🔄 RESTAURANDO mejor solución...
2025-10-23 05:49:11,961 - INFO -   Iter 15000 | Tiempo:   13.4min ( 5.6%) | T =     4.24 | Fitness =    116.7 | Mejor =    131.1 | Aceptación =  87.8%
2025-10-23 05:49:11,961 - INFO - Progreso iter 15000: T=4.24, Fitness=116.7, Mejor=131.1, Tasa_acept=87.8%
2025-10-23 05:49:11,962 - DEBUG - Iter 15000: T=4.24, Fitness_actual=116.7, Mejor=131.1
2025-10-23 05:49:18,250 - WARNING - ⚠️  DEGRADACIÓN DETECTADA en iter 15100:
2025-10-23 05:49:18,250 - WARNING -    Mejor fitness: 131.1
2025-10-23 05:49:18,251 - WARNING -    Fitness promedio reciente: 100.5
2025-10-23 05:49:18,251 - WARNING -    Degradación: 30.5
2025-10-23 05:49:18,251 - WARNING -    🔄 RESTAURANDO mejor solución...
2025-10-23 05:49:18,252 - DEBUG - Iter 15100: T=4.24, Fitness_actual=131.1, Mejor=131.1
2025-10-23 05:49:24,539 - DEBUG - Iter 15200: T=4.23, Fitness_actual=102.9, Mejor=131.1
2025-10-23 05:49:27,739 - WARNING - ⚠️  DEGRADACIÓN DETECTADA en iter 15250:
2025-10-23 05:49:27,739 - WARNING -    Mejor fitness: 131.1
2025-10-23 05:49:27,740 - WARNING -    Fitness promedio reciente: 97.3
2025-10-23 05:49:27,740 - WARNING -    Degradación: 33.8
2025-10-23 05:49:27,740 - WARNING -    🔄 RESTAURANDO mejor solución...
2025-10-23 05:49:27,742 - INFO - 🌟 MEJORA #90 en iter 15250: Fitness=131.1 (+0.0), Puntos=15250
2025-10-23 05:49:27,742 - INFO -   ✨ Mejora #90 en iteración 15251: Fitness = 131.1 | Puntos = 15250 | T = 4.23
2025-10-23 05:49:27,808 - INFO - 🌟 MEJORA #91 en iter 15251: Fitness=131.1 (+0.0), Puntos=15250
2025-10-23 05:49:28,000 - INFO - 🌟 MEJORA #92 en iter 15254: Fitness=131.1 (+0.0), Puntos=15253
2025-10-23 05:49:30,950 - DEBUG - Iter 15300: T=4.23, Fitness_actual=120.1, Mejor=131.1
2025-10-23 05:49:37,391 - WARNING - ⚠️  DEGRADACIÓN DETECTADA en iter 15400:
2025-10-23 05:49:37,391 - WARNING -    Mejor fitness: 131.1
2025-10-23 05:49:37,392 - WARNING -    Fitness promedio reciente: 108.5
2025-10-23 05:49:37,394 - WARNING -    Degradación: 22.6
2025-10-23 05:49:37,394 - WARNING -    🔄 RESTAURANDO mejor solución...
2025-10-23 05:49:37,396 - DEBUG - Iter 15400: T=4.22, Fitness_actual=131.1, Mejor=131.1
2025-10-23 05:49:37,396 - INFO - 🌟 MEJORA #93 en iter 15400: Fitness=131.1 (+0.0), Puntos=15254
2025-10-23 05:49:43,802 - INFO -   Iter 15500 | Tiempo:   14.0min ( 5.8%) | T =     4.22 | Fitness =    109.6 | Mejor =    131.1 | Aceptación =  87.7%
2025-10-23 05:49:43,802 - INFO - Progreso iter 15500: T=4.22, Fitness=109.6, Mejor=131.1, Tasa_acept=87.7%
2025-10-23 05:49:43,804 - DEBUG - Iter 15500: T=4.22, Fitness_actual=109.6, Mejor=131.1
2025-10-23 05:49:47,006 - WARNING - ⚠️  DEGRADACIÓN DETECTADA en iter 15550:
2025-10-23 05:49:47,006 - WARNING -    Mejor fitness: 131.1
2025-10-23 05:49:47,006 - WARNING -    Fitness promedio reciente: 108.7
2025-10-23 05:49:47,007 - WARNING -    Degradación: 22.4
2025-10-23 05:49:47,007 - WARNING -    🔄 RESTAURANDO mejor solución...
2025-10-23 05:49:47,137 - INFO - 🌟 MEJORA #94 en iter 15552: Fitness=131.2 (+0.1), Puntos=15261
2025-10-23 05:49:48,985 - INFO - Iter 15581: Aceptada solución con delta=-10.9 (T=4.21)
2025-10-23 05:49:48,985 - INFO -   📊 Desglose del cambio:
2025-10-23 05:49:48,986 - INFO -      Puntos: -788 → 14008 total
2025-10-23 05:49:48,986 - INFO -      Tiempo: -385.2min → 12886.1min total
2025-10-23 05:49:48,986 - INFO -      Distancia: -3.8km → 143.8km total
2025-10-23 05:49:50,198 - DEBUG - Iter 15600: T=4.21, Fitness_actual=104.9, Mejor=131.2
2025-10-23 05:49:56,648 - WARNING - ⚠️  DEGRADACIÓN DETECTADA en iter 15700:
2025-10-23 05:49:56,648 - WARNING -    Mejor fitness: 131.2
2025-10-23 05:49:56,649 - WARNING -    Fitness promedio reciente: 96.9
2025-10-23 05:49:56,649 - WARNING -    Degradación: 34.3
2025-10-23 05:49:56,650 - WARNING -    🔄 RESTAURANDO mejor solución...
2025-10-23 05:49:56,652 - DEBUG - Iter 15700: T=4.20, Fitness_actual=131.2, Mejor=131.2
2025-10-23 05:49:56,718 - INFO - 🌟 MEJORA #95 en iter 15701: Fitness=131.2 (+0.0), Puntos=15263
2025-10-23 05:49:56,718 - INFO -   ✨ Mejora #95 en iteración 15702: Fitness = 131.2 | Puntos = 15263 | T = 4.20
2025-10-23 05:50:03,142 - DEBUG - Iter 15800: T=4.20, Fitness_actual=102.4, Mejor=131.2
2025-10-23 05:50:06,386 - WARNING - ⚠️  DEGRADACIÓN DETECTADA en iter 15850:
2025-10-23 05:50:06,386 - WARNING -    Mejor fitness: 131.2
2025-10-23 05:50:06,387 - WARNING -    Fitness promedio reciente: 94.9
2025-10-23 05:50:06,387 - WARNING -    Degradación: 36.3
2025-10-23 05:50:06,387 - WARNING -    🔄 RESTAURANDO mejor solución...
2025-10-23 05:50:06,779 - INFO - 🌟 MEJORA #96 en iter 15856: Fitness=131.3 (+0.1), Puntos=15272
2025-10-23 05:50:09,602 - DEBUG - Iter 15900: T=4.19, Fitness_actual=124.3, Mejor=131.3
2025-10-23 05:50:16,092 - INFO -   Iter 16000 | Tiempo:   14.5min ( 6.0%) | T =     4.19 | Fitness =     90.9 | Mejor =    131.3 | Aceptación =  87.7%
2025-10-23 05:50:16,093 - INFO - Progreso iter 16000: T=4.19, Fitness=90.9, Mejor=131.3, Tasa_acept=87.7%
2025-10-23 05:50:16,094 - WARNING - ⚠️  DEGRADACIÓN DETECTADA en iter 16000:
2025-10-23 05:50:16,094 - WARNING -    Mejor fitness: 131.3
2025-10-23 05:50:16,094 - WARNING -    Fitness promedio reciente: 102.4
2025-10-23 05:50:16,094 - WARNING -    Degradación: 28.8
2025-10-23 05:50:16,094 - WARNING -    🔄 RESTAURANDO mejor solución...
2025-10-23 05:50:16,096 - DEBUG - Iter 16000: T=4.19, Fitness_actual=131.3, Mejor=131.3
2025-10-23 05:50:16,293 - INFO - 🌟 MEJORA #97 en iter 16003: Fitness=131.8 (+0.5), Puntos=15272
2025-10-23 05:50:16,357 - INFO - 🌟 MEJORA #98 en iter 16004: Fitness=132.3 (+0.5), Puntos=15275
2025-10-23 05:50:16,421 - INFO - 🌟 MEJORA #99 en iter 16005: Fitness=132.8 (+0.5), Puntos=15329
2025-10-23 05:50:22,603 - DEBUG - Iter 16100: T=4.18, Fitness_actual=112.8, Mejor=132.8
2025-10-23 05:50:25,917 - WARNING - ⚠️  DEGRADACIÓN DETECTADA en iter 16150:
2025-10-23 05:50:25,917 - WARNING -    Mejor fitness: 132.8
2025-10-23 05:50:25,918 - WARNING -    Fitness promedio reciente: 108.3
2025-10-23 05:50:25,918 - WARNING -    Degradación: 24.5
2025-10-23 05:50:25,918 - WARNING -    🔄 RESTAURANDO mejor solución...
2025-10-23 05:50:25,920 - INFO - 🌟 MEJORA #100 en iter 16150: Fitness=133.0 (+0.1), Puntos=15342
2025-10-23 05:50:25,920 - INFO -   ✨ Mejora #100 en iteración 16151: Fitness = 133.0 | Puntos = 15342 | T = 4.18
2025-10-23 05:50:29,166 - DEBUG - Iter 16200: T=4.18, Fitness_actual=121.3, Mejor=133.0
2025-10-23 05:50:35,690 - WARNING - ⚠️  DEGRADACIÓN DETECTADA en iter 16300:
2025-10-23 05:50:35,691 - WARNING -    Mejor fitness: 133.0
2025-10-23 05:50:35,691 - WARNING -    Fitness promedio reciente: 102.5
2025-10-23 05:50:35,691 - WARNING -    Degradación: 30.5
2025-10-23 05:50:35,692 - WARNING -    🔄 RESTAURANDO mejor solución...
2025-10-23 05:50:35,695 - DEBUG - Iter 16300: T=4.17, Fitness_actual=133.0, Mejor=133.0
2025-10-23 05:50:42,134 - WARNING - ⚠️  DEGRADACIÓN DETECTADA en iter 16400:
2025-10-23 05:50:42,134 - WARNING -    Mejor fitness: 133.0
2025-10-23 05:50:42,135 - WARNING -    Fitness promedio reciente: 108.9
2025-10-23 05:50:42,135 - WARNING -    Degradación: 24.1
2025-10-23 05:50:42,135 - WARNING -    🔄 RESTAURANDO mejor solución...
2025-10-23 05:50:42,136 - DEBUG - Iter 16400: T=4.17, Fitness_actual=133.0, Mejor=133.0
2025-10-23 05:50:42,136 - INFO - 🌟 MEJORA #101 en iter 16400: Fitness=133.0 (+0.0), Puntos=15342
2025-10-23 05:50:48,493 - INFO -   Iter 16500 | Tiempo:   15.0min ( 6.3%) | T =     4.16 | Fitness =     97.2 | Mejor =    133.0 | Aceptación =  87.6%
2025-10-23 05:50:48,493 - INFO - Progreso iter 16500: T=4.16, Fitness=97.2, Mejor=133.0, Tasa_acept=87.6%
2025-10-23 05:50:48,496 - DEBUG - Iter 16500: T=4.16, Fitness_actual=97.2, Mejor=133.0
2025-10-23 05:50:51,704 - WARNING - ⚠️  DEGRADACIÓN DETECTADA en iter 16550:
2025-10-23 05:50:51,704 - WARNING -    Mejor fitness: 133.0
2025-10-23 05:50:51,705 - WARNING -    Fitness promedio reciente: 89.7
2025-10-23 05:50:51,705 - WARNING -    Degradación: 43.3
2025-10-23 05:50:51,706 - WARNING -    🔄 RESTAURANDO mejor solución...
2025-10-23 05:50:52,547 - WARNING - ================================================================================
2025-10-23 05:50:52,548 - WARNING - ⚠️  SALTO ANORMAL DETECTADO en iteración 16563
2025-10-23 05:50:52,548 - WARNING -    Fitness actual: 129.6
2025-10-23 05:50:52,548 - WARNING -    Fitness vecino: 108.1
2025-10-23 05:50:52,549 - WARNING -    Delta: -21.5
2025-10-23 05:50:52,549 - WARNING -    Temperatura: 4.16
2025-10-23 05:50:52,549 - WARNING -    Tipo perturbación aplicada: (ver generar_vecino)
2025-10-23 05:50:52,549 - WARNING -    Vecino - Puntos: 15233, Tiempo: 14820.1min, Distancia: 235.2km
2025-10-23 05:50:52,550 - WARNING -    Actual - Puntos: 15252, Tiempo: 13748.6min, Distancia: 145.1km
2025-10-23 05:50:52,550 - WARNING -    Validez restricciones - Vecino: False, Actual: False
2025-10-23 05:50:52,550 - WARNING - ================================================================================
2025-10-23 05:50:52,550 - WARNING - ⚠️  SALTO ANORMAL DETECTADO en iteración 16563
2025-10-23 05:50:52,551 - WARNING -    Fitness: 129.6 → 108.1 (Δ=-21.5)
2025-10-23 05:50:52,551 - WARNING -    Ver detalles en archivo de log
2025-10-23 05:50:54,923 - DEBUG - Iter 16600: T=4.16, Fitness_actual=121.5, Mejor=133.0
2025-10-23 05:51:01,402 - DEBUG - Iter 16700: T=4.15, Fitness_actual=118.9, Mejor=133.0
2025-10-23 05:51:04,829 - WARNING - ⚠️  DEGRADACIÓN DETECTADA en iter 16750:
2025-10-23 05:51:04,829 - WARNING -    Mejor fitness: 133.0
2025-10-23 05:51:04,830 - WARNING -    Fitness promedio reciente: 107.9
2025-10-23 05:51:04,830 - WARNING -    Degradación: 25.1
2025-10-23 05:51:04,830 - WARNING -    🔄 RESTAURANDO mejor solución...
2025-10-23 05:51:08,109 - DEBUG - Iter 16800: T=4.14, Fitness_actual=118.1, Mejor=133.0
2025-10-23 05:51:14,772 - WARNING - ⚠️  DEGRADACIÓN DETECTADA en iter 16900:
2025-10-23 05:51:14,772 - WARNING -    Mejor fitness: 133.0
2025-10-23 05:51:14,773 - WARNING -    Fitness promedio reciente: 109.2
2025-10-23 05:51:14,773 - WARNING -    Degradación: 23.8
2025-10-23 05:51:14,773 - WARNING -    🔄 RESTAURANDO mejor solución...
2025-10-23 05:51:14,776 - DEBUG - Iter 16900: T=4.14, Fitness_actual=133.0, Mejor=133.0
2025-10-23 05:51:21,237 - INFO -   Iter 17000 | Tiempo:   15.6min ( 6.5%) | T =     4.13 | Fitness =    115.6 | Mejor =    133.0 | Aceptación =  87.5%
2025-10-23 05:51:21,237 - INFO - Progreso iter 17000: T=4.13, Fitness=115.6, Mejor=133.0, Tasa_acept=87.5%
2025-10-23 05:51:21,240 - DEBUG - Iter 17000: T=4.13, Fitness_actual=115.6, Mejor=133.0
2025-10-23 05:51:27,784 - WARNING - ⚠️  DEGRADACIÓN DETECTADA en iter 17100:
2025-10-23 05:51:27,784 - WARNING -    Mejor fitness: 133.0
2025-10-23 05:51:27,785 - WARNING -    Fitness promedio reciente: 110.0
2025-10-23 05:51:27,785 - WARNING -    Degradación: 22.9
2025-10-23 05:51:27,785 - WARNING -    🔄 RESTAURANDO mejor solución...
2025-10-23 05:51:27,787 - DEBUG - Iter 17100: T=4.13, Fitness_actual=133.0, Mejor=133.0
2025-10-23 05:51:34,341 - WARNING - ⚠️  DEGRADACIÓN DETECTADA en iter 17200:
2025-10-23 05:51:34,341 - WARNING -    Mejor fitness: 133.0
2025-10-23 05:51:34,341 - WARNING -    Fitness promedio reciente: 104.1
2025-10-23 05:51:34,342 - WARNING -    Degradación: 28.9
2025-10-23 05:51:34,342 - WARNING -    🔄 RESTAURANDO mejor solución...
2025-10-23 05:51:34,345 - DEBUG - Iter 17200: T=4.12, Fitness_actual=133.0, Mejor=133.0
2025-10-23 05:51:34,409 - INFO - 🌟 MEJORA #102 en iter 17201: Fitness=134.0 (+1.0), Puntos=15342
2025-10-23 05:51:40,963 - DEBUG - Iter 17300: T=4.12, Fitness_actual=101.5, Mejor=134.0
2025-10-23 05:51:44,254 - WARNING - ⚠️  DEGRADACIÓN DETECTADA en iter 17350:
2025-10-23 05:51:44,254 - WARNING -    Mejor fitness: 134.0
2025-10-23 05:51:44,255 - WARNING -    Fitness promedio reciente: 102.4
2025-10-23 05:51:44,255 - WARNING -    Degradación: 31.6
2025-10-23 05:51:44,255 - WARNING -    🔄 RESTAURANDO mejor solución...
2025-10-23 05:51:47,524 - DEBUG - Iter 17400: T=4.11, Fitness_actual=122.7, Mejor=134.0
2025-10-23 05:51:54,150 - INFO -   Iter 17500 | Tiempo:   16.1min ( 6.7%) | T =     4.11 | Fitness =    100.0 | Mejor =    134.0 | Aceptación =  87.3%
2025-10-23 05:51:54,150 - INFO - Progreso iter 17500: T=4.11, Fitness=100.0, Mejor=134.0, Tasa_acept=87.3%
2025-10-23 05:51:54,151 - WARNING - ⚠️  DEGRADACIÓN DETECTADA en iter 17500:
2025-10-23 05:51:54,151 - WARNING -    Mejor fitness: 134.0
2025-10-23 05:51:54,151 - WARNING -    Fitness promedio reciente: 107.0
2025-10-23 05:51:54,151 - WARNING -    Degradación: 26.9
2025-10-23 05:51:54,151 - WARNING -    🔄 RESTAURANDO mejor solución...
2025-10-23 05:51:54,153 - DEBUG - Iter 17500: T=4.11, Fitness_actual=134.0, Mejor=134.0
2025-10-23 05:52:00,736 - WARNING - ⚠️  DEGRADACIÓN DETECTADA en iter 17600:
2025-10-23 05:52:00,736 - WARNING -    Mejor fitness: 134.0
2025-10-23 05:52:00,737 - WARNING -    Fitness promedio reciente: 111.0
2025-10-23 05:52:00,737 - WARNING -    Degradación: 23.0
2025-10-23 05:52:00,737 - WARNING -    🔄 RESTAURANDO mejor solución...
2025-10-23 05:52:00,740 - DEBUG - Iter 17600: T=4.10, Fitness_actual=134.0, Mejor=134.0
2025-10-23 05:52:07,457 - WARNING - ⚠️  DEGRADACIÓN DETECTADA en iter 17700:
2025-10-23 05:52:07,458 - WARNING -    Mejor fitness: 134.0
2025-10-23 05:52:07,458 - WARNING -    Fitness promedio reciente: 108.9
2025-10-23 05:52:07,458 - WARNING -    Degradación: 25.1
2025-10-23 05:52:07,459 - WARNING -    🔄 RESTAURANDO mejor solución...
2025-10-23 05:52:07,462 - DEBUG - Iter 17700: T=4.09, Fitness_actual=134.0, Mejor=134.0
2025-10-23 05:52:07,530 - INFO - 🌟 MEJORA #103 en iter 17701: Fitness=134.0 (+0.0), Puntos=15342
2025-10-23 05:52:07,597 - INFO - 🌟 MEJORA #104 en iter 17702: Fitness=134.0 (+0.0), Puntos=15342
2025-10-23 05:52:14,082 - DEBUG - Iter 17800: T=4.09, Fitness_actual=102.6, Mejor=134.0
2025-10-23 05:52:17,396 - WARNING - ⚠️  DEGRADACIÓN DETECTADA en iter 17850:
2025-10-23 05:52:17,396 - WARNING -    Mejor fitness: 134.0
2025-10-23 05:52:17,397 - WARNING -    Fitness promedio reciente: 103.8
2025-10-23 05:52:17,397 - WARNING -    Degradación: 30.2
2025-10-23 05:52:17,397 - WARNING -    🔄 RESTAURANDO mejor solución...
2025-10-23 05:52:20,678 - DEBUG - Iter 17900: T=4.08, Fitness_actual=120.5, Mejor=134.0
2025-10-23 05:52:27,322 - INFO -   Iter 18000 | Tiempo:   16.7min ( 7.0%) | T =     4.08 | Fitness =    100.7 | Mejor =    134.0 | Aceptación =  87.3%
2025-10-23 05:52:27,322 - INFO - Progreso iter 18000: T=4.08, Fitness=100.7, Mejor=134.0, Tasa_acept=87.3%
2025-10-23 05:52:27,323 - WARNING - ⚠️  DEGRADACIÓN DETECTADA en iter 18000:
2025-10-23 05:52:27,323 - WARNING -    Mejor fitness: 134.0
2025-10-23 05:52:27,323 - WARNING -    Fitness promedio reciente: 111.5
2025-10-23 05:52:27,324 - WARNING -    Degradación: 22.5
2025-10-23 05:52:27,324 - WARNING -    🔄 RESTAURANDO mejor solución...
2025-10-23 05:52:27,325 - DEBUG - Iter 18000: T=4.08, Fitness_actual=134.0, Mejor=134.0
2025-10-23 05:52:33,928 - DEBUG - Iter 18100: T=4.07, Fitness_actual=111.2, Mejor=134.0
2025-10-23 05:52:37,290 - WARNING - ⚠️  DEGRADACIÓN DETECTADA en iter 18150:
2025-10-23 05:52:37,290 - WARNING -    Mejor fitness: 134.0
2025-10-23 05:52:37,291 - WARNING -    Fitness promedio reciente: 107.4
2025-10-23 05:52:37,291 - WARNING -    Degradación: 26.6
2025-10-23 05:52:37,291 - WARNING -    🔄 RESTAURANDO mejor solución...
2025-10-23 05:52:40,620 - DEBUG - Iter 18200: T=4.07, Fitness_actual=112.6, Mejor=134.0
2025-10-23 05:52:43,964 - WARNING - ⚠️  DEGRADACIÓN DETECTADA en iter 18250:
2025-10-23 05:52:43,964 - WARNING -    Mejor fitness: 134.0
2025-10-23 05:52:43,965 - WARNING -    Fitness promedio reciente: 106.9
2025-10-23 05:52:43,965 - WARNING -    Degradación: 27.1
2025-10-23 05:52:43,965 - WARNING -    🔄 RESTAURANDO mejor solución...
2025-10-23 05:52:47,310 - DEBUG - Iter 18300: T=4.06, Fitness_actual=117.9, Mejor=134.0
2025-10-23 05:52:54,014 - WARNING - ⚠️  DEGRADACIÓN DETECTADA en iter 18400:
2025-10-23 05:52:54,014 - WARNING -    Mejor fitness: 134.0
2025-10-23 05:52:54,015 - WARNING -    Fitness promedio reciente: 103.2
2025-10-23 05:52:54,015 - WARNING -    Degradación: 30.8
2025-10-23 05:52:54,016 - WARNING -    🔄 RESTAURANDO mejor solución...
2025-10-23 05:52:54,018 - DEBUG - Iter 18400: T=4.06, Fitness_actual=134.0, Mejor=134.0
2025-10-23 05:53:00,716 - INFO -   Iter 18500 | Tiempo:   17.2min ( 7.2%) | T =     4.05 | Fitness =    118.3 | Mejor =    134.0 | Aceptación =  87.3%
2025-10-23 05:53:00,716 - INFO - Progreso iter 18500: T=4.05, Fitness=118.3, Mejor=134.0, Tasa_acept=87.3%
2025-10-23 05:53:00,719 - DEBUG - Iter 18500: T=4.05, Fitness_actual=118.3, Mejor=134.0
2025-10-23 05:53:07,464 - WARNING - ⚠️  DEGRADACIÓN DETECTADA en iter 18600:
2025-10-23 05:53:07,464 - WARNING -    Mejor fitness: 134.0
2025-10-23 05:53:07,465 - WARNING -    Fitness promedio reciente: 107.8
2025-10-23 05:53:07,465 - WARNING -    Degradación: 26.1
2025-10-23 05:53:07,465 - WARNING -    🔄 RESTAURANDO mejor solución...
2025-10-23 05:53:07,466 - DEBUG - Iter 18600: T=4.04, Fitness_actual=134.0, Mejor=134.0
2025-10-23 05:53:07,533 - INFO - 🌟 MEJORA #105 en iter 18601: Fitness=134.0 (+0.0), Puntos=15343
2025-10-23 05:53:07,534 - INFO -   ✨ Mejora #105 en iteración 18602: Fitness = 134.0 | Puntos = 15343 | T = 4.04
2025-10-23 05:53:07,600 - INFO - 🌟 MEJORA #106 en iter 18602: Fitness=134.0 (+0.0), Puntos=15343
2025-10-23 05:53:07,733 - INFO - 🌟 MEJORA #107 en iter 18604: Fitness=134.0 (+0.0), Puntos=15343
2025-10-23 05:53:07,867 - INFO - 🌟 MEJORA #108 en iter 18606: Fitness=134.0 (+0.0), Puntos=15343
2025-10-23 05:53:14,180 - DEBUG - Iter 18700: T=4.04, Fitness_actual=107.3, Mejor=134.0
2025-10-23 05:53:17,535 - WARNING - ⚠️  DEGRADACIÓN DETECTADA en iter 18750:
2025-10-23 05:53:17,535 - WARNING -    Mejor fitness: 134.0
2025-10-23 05:53:17,535 - WARNING -    Fitness promedio reciente: 107.1
2025-10-23 05:53:17,536 - WARNING -    Degradación: 26.9
2025-10-23 05:53:17,536 - WARNING -    🔄 RESTAURANDO mejor solución...
2025-10-23 05:53:20,919 - DEBUG - Iter 18800: T=4.03, Fitness_actual=116.7, Mejor=134.0
2025-10-23 05:53:24,303 - WARNING - ⚠️  DEGRADACIÓN DETECTADA en iter 18850:
2025-10-23 05:53:24,303 - WARNING -    Mejor fitness: 134.0
2025-10-23 05:53:24,304 - WARNING -    Fitness promedio reciente: 111.9
2025-10-23 05:53:24,304 - WARNING -    Degradación: 22.1
2025-10-23 05:53:24,304 - WARNING -    🔄 RESTAURANDO mejor solución...
2025-10-23 05:53:27,653 - DEBUG - Iter 18900: T=4.03, Fitness_actual=123.5, Mejor=134.0
2025-10-23 05:53:31,021 - WARNING - ⚠️  DEGRADACIÓN DETECTADA en iter 18950:
2025-10-23 05:53:31,022 - WARNING -    Mejor fitness: 134.0
2025-10-23 05:53:31,022 - WARNING -    Fitness promedio reciente: 110.7
2025-10-23 05:53:31,023 - WARNING -    Degradación: 23.3
2025-10-23 05:53:31,023 - WARNING -    🔄 RESTAURANDO mejor solución...
2025-10-23 05:53:34,369 - INFO -   Iter 19000 | Tiempo:   17.8min ( 7.4%) | T =     4.02 | Fitness =    120.6 | Mejor =    134.0 | Aceptación =  87.3%
2025-10-23 05:53:34,369 - INFO - Progreso iter 19000: T=4.02, Fitness=120.6, Mejor=134.0, Tasa_acept=87.3%
2025-10-23 05:53:34,372 - DEBUG - Iter 19000: T=4.02, Fitness_actual=120.6, Mejor=134.0
2025-10-23 05:53:41,174 - DEBUG - Iter 19100: T=4.02, Fitness_actual=111.4, Mejor=134.0
2025-10-23 05:53:44,627 - WARNING - ⚠️  DEGRADACIÓN DETECTADA en iter 19150:
2025-10-23 05:53:44,627 - WARNING -    Mejor fitness: 134.0
2025-10-23 05:53:44,628 - WARNING -    Fitness promedio reciente: 112.7
2025-10-23 05:53:44,628 - WARNING -    Degradación: 21.3
2025-10-23 05:53:44,628 - WARNING -    🔄 RESTAURANDO mejor solución...
2025-10-23 05:53:48,073 - DEBUG - Iter 19200: T=4.01, Fitness_actual=119.8, Mejor=134.0
2025-10-23 05:53:51,506 - WARNING - ⚠️  DEGRADACIÓN DETECTADA en iter 19250:
2025-10-23 05:53:51,506 - WARNING -    Mejor fitness: 134.0
2025-10-23 05:53:51,506 - WARNING -    Fitness promedio reciente: 112.9
2025-10-23 05:53:51,507 - WARNING -    Degradación: 21.1
2025-10-23 05:53:51,507 - WARNING -    🔄 RESTAURANDO mejor solución...
2025-10-23 05:53:51,508 - INFO - 🌟 MEJORA #109 en iter 19250: Fitness=134.0 (+0.0), Puntos=15343
2025-10-23 05:53:51,578 - INFO - 🌟 MEJORA #110 en iter 19251: Fitness=134.0 (+0.0), Puntos=15343
2025-10-23 05:53:51,578 - INFO -   ✨ Mejora #110 en iteración 19252: Fitness = 134.0 | Puntos = 15343 | T = 4.01
2025-10-23 05:53:51,719 - INFO - 🌟 MEJORA #111 en iter 19253: Fitness=134.0 (+0.0), Puntos=15343
2025-10-23 05:53:54,938 - DEBUG - Iter 19300: T=4.01, Fitness_actual=122.2, Mejor=134.0
2025-10-23 05:54:01,900 - WARNING - ⚠️  DEGRADACIÓN DETECTADA en iter 19400:
2025-10-23 05:54:01,900 - WARNING -    Mejor fitness: 134.0
2025-10-23 05:54:01,900 - WARNING -    Fitness promedio reciente: 98.5
2025-10-23 05:54:01,901 - WARNING -    Degradación: 35.5
2025-10-23 05:54:01,901 - WARNING -    🔄 RESTAURANDO mejor solución...
2025-10-23 05:54:01,902 - DEBUG - Iter 19400: T=4.00, Fitness_actual=134.0, Mejor=134.0
2025-10-23 05:54:01,903 - INFO - 🌟 MEJORA #112 en iter 19400: Fitness=134.0 (+0.0), Puntos=15344
2025-10-23 05:54:02,246 - INFO - 🌟 MEJORA #113 en iter 19405: Fitness=134.0 (+0.0), Puntos=15344
2025-10-23 05:54:08,847 - INFO -   Iter 19500 | Tiempo:   18.4min ( 7.7%) | T =     3.99 | Fitness =    111.0 | Mejor =    134.0 | Aceptación =  87.2%
2025-10-23 05:54:08,847 - INFO - Progreso iter 19500: T=3.99, Fitness=111.0, Mejor=134.0, Tasa_acept=87.2%
2025-10-23 05:54:08,850 - DEBUG - Iter 19500: T=3.99, Fitness_actual=111.0, Mejor=134.0
2025-10-23 05:54:12,324 - WARNING - ⚠️  DEGRADACIÓN DETECTADA en iter 19550:
2025-10-23 05:54:12,324 - WARNING -    Mejor fitness: 134.0
2025-10-23 05:54:12,325 - WARNING -    Fitness promedio reciente: 105.1
2025-10-23 05:54:12,325 - WARNING -    Degradación: 28.9
2025-10-23 05:54:12,325 - WARNING -    🔄 RESTAURANDO mejor solución...
2025-10-23 05:54:15,754 - DEBUG - Iter 19600: T=3.99, Fitness_actual=115.3, Mejor=134.0
2025-10-23 05:54:19,195 - WARNING - ⚠️  DEGRADACIÓN DETECTADA en iter 19650:
2025-10-23 05:54:19,195 - WARNING -    Mejor fitness: 134.0
2025-10-23 05:54:19,196 - WARNING -    Fitness promedio reciente: 109.4
2025-10-23 05:54:19,196 - WARNING -    Degradación: 24.6
2025-10-23 05:54:19,196 - WARNING -    🔄 RESTAURANDO mejor solución...
2025-10-23 05:54:22,686 - DEBUG - Iter 19700: T=3.98, Fitness_actual=117.1, Mejor=134.0
2025-10-23 05:54:26,166 - WARNING - ⚠️  DEGRADACIÓN DETECTADA en iter 19750:
2025-10-23 05:54:26,167 - WARNING -    Mejor fitness: 134.0
2025-10-23 05:54:26,167 - WARNING -    Fitness promedio reciente: 112.6
2025-10-23 05:54:26,167 - WARNING -    Degradación: 21.4
2025-10-23 05:54:26,168 - WARNING -    🔄 RESTAURANDO mejor solución...
2025-10-23 05:54:29,637 - DEBUG - Iter 19800: T=3.98, Fitness_actual=111.1, Mejor=134.0
2025-10-23 05:54:33,130 - WARNING - ⚠️  DEGRADACIÓN DETECTADA en iter 19850:
2025-10-23 05:54:33,130 - WARNING -    Mejor fitness: 134.0
2025-10-23 05:54:33,131 - WARNING -    Fitness promedio reciente: 108.9
2025-10-23 05:54:33,131 - WARNING -    Degradación: 25.1
2025-10-23 05:54:33,131 - WARNING -    🔄 RESTAURANDO mejor solución...
2025-10-23 05:54:36,639 - DEBUG - Iter 19900: T=3.97, Fitness_actual=113.1, Mejor=134.0
2025-10-23 05:54:40,135 - WARNING - ⚠️  DEGRADACIÓN DETECTADA en iter 19950:
2025-10-23 05:54:40,135 - WARNING -    Mejor fitness: 134.0
2025-10-23 05:54:40,136 - WARNING -    Fitness promedio reciente: 108.2
2025-10-23 05:54:40,136 - WARNING -    Degradación: 25.8
2025-10-23 05:54:40,136 - WARNING -    🔄 RESTAURANDO mejor solución...
2025-10-23 05:54:43,580 - INFO -   Iter 20000 | Tiempo:   19.0min ( 7.9%) | T =     3.97 | Fitness =    115.9 | Mejor =    134.0 | Aceptación =  87.2%
2025-10-23 05:54:43,580 - INFO - Progreso iter 20000: T=3.97, Fitness=115.9, Mejor=134.0, Tasa_acept=87.2%
2025-10-23 05:54:43,582 - DEBUG - Iter 20000: T=3.97, Fitness_actual=115.9, Mejor=134.0
2025-10-23 05:54:47,082 - WARNING - ⚠️  DEGRADACIÓN DETECTADA en iter 20050:
2025-10-23 05:54:47,082 - WARNING -    Mejor fitness: 134.0
2025-10-23 05:54:47,083 - WARNING -    Fitness promedio reciente: 107.5
2025-10-23 05:54:47,083 - WARNING -    Degradación: 26.5
2025-10-23 05:54:47,083 - WARNING -    🔄 RESTAURANDO mejor solución...
2025-10-23 05:54:50,584 - DEBUG - Iter 20100: T=3.96, Fitness_actual=109.8, Mejor=134.0
2025-10-23 05:54:54,084 - WARNING - ⚠️  DEGRADACIÓN DETECTADA en iter 20150:
2025-10-23 05:54:54,084 - WARNING -    Mejor fitness: 134.0
2025-10-23 05:54:54,084 - WARNING -    Fitness promedio reciente: 108.4
2025-10-23 05:54:54,085 - WARNING -    Degradación: 25.6
2025-10-23 05:54:54,085 - WARNING -    🔄 RESTAURANDO mejor solución...
2025-10-23 05:54:54,229 - INFO - 🌟 MEJORA #114 en iter 20152: Fitness=134.1 (+0.1), Puntos=15353
2025-10-23 05:54:57,584 - DEBUG - Iter 20200: T=3.96, Fitness_actual=126.2, Mejor=134.1
2025-10-23 05:55:04,607 - DEBUG - Iter 20300: T=3.95, Fitness_actual=120.4, Mejor=134.1
2025-10-23 05:55:11,566 - WARNING - ⚠️  DEGRADACIÓN DETECTADA en iter 20400:
2025-10-23 05:55:11,566 - WARNING -    Mejor fitness: 134.1
2025-10-23 05:55:11,567 - WARNING -    Fitness promedio reciente: 109.8
2025-10-23 05:55:11,567 - WARNING -    Degradación: 24.3
2025-10-23 05:55:11,567 - WARNING -    🔄 RESTAURANDO mejor solución...
2025-10-23 05:55:11,568 - DEBUG - Iter 20400: T=3.94, Fitness_actual=134.1, Mejor=134.1
2025-10-23 05:55:18,363 - INFO -   Iter 20500 | Tiempo:   19.5min ( 8.1%) | T =     3.94 | Fitness =    106.4 | Mejor =    134.1 | Aceptación =  87.0%
2025-10-23 05:55:18,363 - INFO - Progreso iter 20500: T=3.94, Fitness=106.4, Mejor=134.1, Tasa_acept=87.0%
2025-10-23 05:55:18,364 - WARNING - ⚠️  DEGRADACIÓN DETECTADA en iter 20500:
2025-10-23 05:55:18,365 - WARNING -    Mejor fitness: 134.1
2025-10-23 05:55:18,365 - WARNING -    Fitness promedio reciente: 112.5
2025-10-23 05:55:18,365 - WARNING -    Degradación: 21.6
2025-10-23 05:55:18,365 - WARNING -    🔄 RESTAURANDO mejor solución...
2025-10-23 05:55:18,367 - DEBUG - Iter 20500: T=3.94, Fitness_actual=134.1, Mejor=134.1
2025-10-23 05:55:25,102 - DEBUG - Iter 20600: T=3.93, Fitness_actual=120.5, Mejor=134.1
2025-10-23 05:55:28,443 - WARNING - ⚠️  DEGRADACIÓN DETECTADA en iter 20650:
2025-10-23 05:55:28,443 - WARNING -    Mejor fitness: 134.1
2025-10-23 05:55:28,444 - WARNING -    Fitness promedio reciente: 110.2
2025-10-23 05:55:28,444 - WARNING -    Degradación: 23.9
2025-10-23 05:55:28,444 - WARNING -    🔄 RESTAURANDO mejor solución...
2025-10-23 05:55:28,580 - INFO - 🌟 MEJORA #115 en iter 20652: Fitness=134.2 (+0.1), Puntos=15362
2025-10-23 05:55:28,580 - INFO -   ✨ Mejora #115 en iteración 20653: Fitness = 134.2 | Puntos = 15362 | T = 3.93
2025-10-23 05:55:31,723 - DEBUG - Iter 20700: T=3.93, Fitness_actual=115.2, Mejor=134.2
2025-10-23 05:55:38,347 - WARNING - ⚠️  DEGRADACIÓN DETECTADA en iter 20800:
2025-10-23 05:55:38,348 - WARNING -    Mejor fitness: 134.2
2025-10-23 05:55:38,348 - WARNING -    Fitness promedio reciente: 105.3
2025-10-23 05:55:38,349 - WARNING -    Degradación: 28.9
2025-10-23 05:55:38,349 - WARNING -    🔄 RESTAURANDO mejor solución...
2025-10-23 05:55:38,350 - DEBUG - Iter 20800: T=3.92, Fitness_actual=134.2, Mejor=134.2
2025-10-23 05:55:38,351 - INFO - 🌟 MEJORA #116 en iter 20800: Fitness=134.2 (+0.0), Puntos=15362
2025-10-23 05:55:44,925 - DEBUG - Iter 20900: T=3.92, Fitness_actual=111.8, Mejor=134.2
2025-10-23 05:55:48,200 - WARNING - ⚠️  DEGRADACIÓN DETECTADA en iter 20950:
2025-10-23 05:55:48,201 - WARNING -    Mejor fitness: 134.2
2025-10-23 05:55:48,201 - WARNING -    Fitness promedio reciente: 110.9
2025-10-23 05:55:48,201 - WARNING -    Degradación: 23.3
2025-10-23 05:55:48,202 - WARNING -    🔄 RESTAURANDO mejor solución...
2025-10-23 05:55:51,535 - INFO -   Iter 21000 | Tiempo:   20.1min ( 8.4%) | T =     3.91 | Fitness =    120.7 | Mejor =    134.2 | Aceptación =  86.9%
2025-10-23 05:55:51,535 - INFO - Progreso iter 21000: T=3.91, Fitness=120.7, Mejor=134.2, Tasa_acept=86.9%
2025-10-23 05:55:51,538 - DEBUG - Iter 21000: T=3.91, Fitness_actual=120.7, Mejor=134.2
2025-10-23 05:55:58,212 - WARNING - ⚠️  DEGRADACIÓN DETECTADA en iter 21100:
2025-10-23 05:55:58,212 - WARNING -    Mejor fitness: 134.2
2025-10-23 05:55:58,213 - WARNING -    Fitness promedio reciente: 113.1
2025-10-23 05:55:58,213 - WARNING -    Degradación: 21.1
2025-10-23 05:55:58,213 - WARNING -    🔄 RESTAURANDO mejor solución...
2025-10-23 05:55:58,215 - DEBUG - Iter 21100: T=3.91, Fitness_actual=134.2, Mejor=134.2
2025-10-23 05:56:04,880 - DEBUG - Iter 21200: T=3.90, Fitness_actual=110.7, Mejor=134.2
2025-10-23 05:56:08,274 - WARNING - ⚠️  DEGRADACIÓN DETECTADA en iter 21250:
2025-10-23 05:56:08,274 - WARNING -    Mejor fitness: 134.2
2025-10-23 05:56:08,275 - WARNING -    Fitness promedio reciente: 109.1
2025-10-23 05:56:08,275 - WARNING -    Degradación: 25.1
2025-10-23 05:56:08,275 - WARNING -    🔄 RESTAURANDO mejor solución...
2025-10-23 05:56:11,678 - DEBUG - Iter 21300: T=3.90, Fitness_actual=126.4, Mejor=134.2
2025-10-23 05:56:18,390 - WARNING - ⚠️  DEGRADACIÓN DETECTADA en iter 21400:
2025-10-23 05:56:18,390 - WARNING -    Mejor fitness: 134.2
2025-10-23 05:56:18,391 - WARNING -    Fitness promedio reciente: 106.3
2025-10-23 05:56:18,391 - WARNING -    Degradación: 27.9
2025-10-23 05:56:18,391 - WARNING -    🔄 RESTAURANDO mejor solución...
2025-10-23 05:56:18,393 - DEBUG - Iter 21400: T=3.89, Fitness_actual=134.2, Mejor=134.2
2025-10-23 05:56:18,393 - INFO - 🌟 MEJORA #117 en iter 21400: Fitness=134.2 (+0.0), Puntos=15362
2025-10-23 05:56:25,170 - INFO -   Iter 21500 | Tiempo:   20.6min ( 8.6%) | T =     3.89 | Fitness =    111.7 | Mejor =    134.2 | Aceptación =  86.9%
2025-10-23 05:56:25,170 - INFO - Progreso iter 21500: T=3.89, Fitness=111.7, Mejor=134.2, Tasa_acept=86.9%
2025-10-23 05:56:25,173 - DEBUG - Iter 21500: T=3.89, Fitness_actual=111.7, Mejor=134.2
2025-10-23 05:56:28,759 - WARNING - ⚠️  DEGRADACIÓN DETECTADA en iter 21550:
2025-10-23 05:56:28,759 - WARNING -    Mejor fitness: 134.2
2025-10-23 05:56:28,760 - WARNING -    Fitness promedio reciente: 110.3
2025-10-23 05:56:28,760 - WARNING -    Degradación: 23.9
2025-10-23 05:56:28,761 - WARNING -    🔄 RESTAURANDO mejor solución...
2025-10-23 05:56:32,146 - DEBUG - Iter 21600: T=3.88, Fitness_actual=109.2, Mejor=134.2
2025-10-23 05:56:35,491 - WARNING - ⚠️  DEGRADACIÓN DETECTADA en iter 21650:
2025-10-23 05:56:35,491 - WARNING -    Mejor fitness: 134.2
2025-10-23 05:56:35,492 - WARNING -    Fitness promedio reciente: 108.9
2025-10-23 05:56:35,492 - WARNING -    Degradación: 25.3
2025-10-23 05:56:35,492 - WARNING -    🔄 RESTAURANDO mejor solución...
2025-10-23 05:56:38,847 - DEBUG - Iter 21700: T=3.87, Fitness_actual=125.0, Mejor=134.2
2025-10-23 05:56:45,606 - WARNING - ⚠️  DEGRADACIÓN DETECTADA en iter 21800:
2025-10-23 05:56:45,606 - WARNING -    Mejor fitness: 134.2
2025-10-23 05:56:45,607 - WARNING -    Fitness promedio reciente: 106.1
2025-10-23 05:56:45,607 - WARNING -    Degradación: 28.1
2025-10-23 05:56:45,608 - WARNING -    🔄 RESTAURANDO mejor solución...
2025-10-23 05:56:45,609 - DEBUG - Iter 21800: T=3.87, Fitness_actual=134.2, Mejor=134.2
2025-10-23 05:56:52,360 - DEBUG - Iter 21900: T=3.86, Fitness_actual=112.3, Mejor=134.2
2025-10-23 05:56:55,752 - WARNING - ⚠️  DEGRADACIÓN DETECTADA en iter 21950:
2025-10-23 05:56:55,752 - WARNING -    Mejor fitness: 134.2
2025-10-23 05:56:55,754 - WARNING -    Fitness promedio reciente: 109.5
2025-10-23 05:56:55,754 - WARNING -    Degradación: 24.7
2025-10-23 05:56:55,754 - WARNING -    🔄 RESTAURANDO mejor solución...
2025-10-23 05:56:55,756 - INFO - 🌟 MEJORA #118 en iter 21950: Fitness=134.3 (+0.1), Puntos=15375
2025-10-23 05:56:56,162 - INFO - 🌟 MEJORA #119 en iter 21956: Fitness=134.4 (+0.1), Puntos=15385
2025-10-23 05:56:59,103 - INFO -   Iter 22000 | Tiempo:   21.2min ( 8.8%) | T =     3.86 | Fitness =    121.3 | Mejor =    134.4 | Aceptación =  86.9%
2025-10-23 05:56:59,103 - INFO - Progreso iter 22000: T=3.86, Fitness=121.3, Mejor=134.4, Tasa_acept=86.9%
2025-10-23 05:56:59,105 - DEBUG - Iter 22000: T=3.86, Fitness_actual=121.3, Mejor=134.4
2025-10-23 05:57:05,902 - DEBUG - Iter 22100: T=3.85, Fitness_actual=114.5, Mejor=134.4
2025-10-23 05:57:09,338 - WARNING - ⚠️  DEGRADACIÓN DETECTADA en iter 22150:
2025-10-23 05:57:09,338 - WARNING -    Mejor fitness: 134.4
2025-10-23 05:57:09,338 - WARNING -    Fitness promedio reciente: 104.6
2025-10-23 05:57:09,339 - WARNING -    Degradación: 29.8
2025-10-23 05:57:09,339 - WARNING -    🔄 RESTAURANDO mejor solución...
2025-10-23 05:57:12,748 - DEBUG - Iter 22200: T=3.85, Fitness_actual=116.3, Mejor=134.4
2025-10-23 05:57:16,167 - WARNING - ⚠️  DEGRADACIÓN DETECTADA en iter 22250:
2025-10-23 05:57:16,167 - WARNING -    Mejor fitness: 134.4
2025-10-23 05:57:16,168 - WARNING -    Fitness promedio reciente: 112.6
2025-10-23 05:57:16,168 - WARNING -    Degradación: 21.8
2025-10-23 05:57:16,168 - WARNING -    🔄 RESTAURANDO mejor solución...
2025-10-23 05:57:16,170 - INFO - 🌟 MEJORA #120 en iter 22250: Fitness=134.5 (+0.1), Puntos=15394
2025-10-23 05:57:16,170 - INFO -   ✨ Mejora #120 en iteración 22251: Fitness = 134.5 | Puntos = 15394 | T = 3.85
2025-10-23 05:57:19,577 - DEBUG - Iter 22300: T=3.84, Fitness_actual=123.3, Mejor=134.5
2025-10-23 05:57:26,409 - WARNING - ⚠️  DEGRADACIÓN DETECTADA en iter 22400:
2025-10-23 05:57:26,409 - WARNING -    Mejor fitness: 134.5
2025-10-23 05:57:26,410 - WARNING -    Fitness promedio reciente: 108.4
2025-10-23 05:57:26,410 - WARNING -    Degradación: 26.1
2025-10-23 05:57:26,410 - WARNING -    🔄 RESTAURANDO mejor solución...
2025-10-23 05:57:26,414 - DEBUG - Iter 22400: T=3.84, Fitness_actual=134.5, Mejor=134.5
2025-10-23 05:57:33,244 - INFO -   Iter 22500 | Tiempo:   21.8min ( 9.1%) | T =     3.83 | Fitness =    111.2 | Mejor =    134.5 | Aceptación =  86.7%
2025-10-23 05:57:33,244 - INFO - Progreso iter 22500: T=3.83, Fitness=111.2, Mejor=134.5, Tasa_acept=86.7%
2025-10-23 05:57:33,247 - DEBUG - Iter 22500: T=3.83, Fitness_actual=111.2, Mejor=134.5
2025-10-23 05:57:36,691 - WARNING - ⚠️  DEGRADACIÓN DETECTADA en iter 22550:
2025-10-23 05:57:36,691 - WARNING -    Mejor fitness: 134.5
2025-10-23 05:57:36,692 - WARNING -    Fitness promedio reciente: 100.2
2025-10-23 05:57:36,692 - WARNING -    Degradación: 34.3
2025-10-23 05:57:36,693 - WARNING -    🔄 RESTAURANDO mejor solución...
2025-10-23 05:57:40,099 - DEBUG - Iter 22600: T=3.83, Fitness_actual=119.7, Mejor=134.5
2025-10-23 05:57:43,563 - WARNING - ⚠️  DEGRADACIÓN DETECTADA en iter 22650:
2025-10-23 05:57:43,563 - WARNING -    Mejor fitness: 134.5
2025-10-23 05:57:43,564 - WARNING -    Fitness promedio reciente: 105.1
2025-10-23 05:57:43,564 - WARNING -    Degradación: 29.4
2025-10-23 05:57:43,564 - WARNING -    🔄 RESTAURANDO mejor solución...
2025-10-23 05:57:46,996 - DEBUG - Iter 22700: T=3.82, Fitness_actual=122.2, Mejor=134.5
2025-10-23 05:57:53,891 - DEBUG - Iter 22800: T=3.82, Fitness_actual=115.4, Mejor=134.5
2025-10-23 05:58:00,794 - WARNING - ⚠️  DEGRADACIÓN DETECTADA en iter 22900:
2025-10-23 05:58:00,794 - WARNING -    Mejor fitness: 134.5
2025-10-23 05:58:00,795 - WARNING -    Fitness promedio reciente: 110.0
2025-10-23 05:58:00,795 - WARNING -    Degradación: 24.5
2025-10-23 05:58:00,795 - WARNING -    🔄 RESTAURANDO mejor solución...
2025-10-23 05:58:00,796 - DEBUG - Iter 22900: T=3.81, Fitness_actual=134.5, Mejor=134.5
2025-10-23 05:58:07,644 - INFO -   Iter 23000 | Tiempo:   22.4min ( 9.3%) | T =     3.81 | Fitness =    105.1 | Mejor =    134.5 | Aceptación =  86.6%
2025-10-23 05:58:07,644 - INFO - Progreso iter 23000: T=3.81, Fitness=105.1, Mejor=134.5, Tasa_acept=86.6%
2025-10-23 05:58:07,645 - WARNING - ⚠️  DEGRADACIÓN DETECTADA en iter 23000:
2025-10-23 05:58:07,645 - WARNING -    Mejor fitness: 134.5
2025-10-23 05:58:07,645 - WARNING -    Fitness promedio reciente: 112.0
2025-10-23 05:58:07,646 - WARNING -    Degradación: 22.5
2025-10-23 05:58:07,646 - WARNING -    🔄 RESTAURANDO mejor solución...
2025-10-23 05:58:07,647 - DEBUG - Iter 23000: T=3.81, Fitness_actual=134.5, Mejor=134.5
2025-10-23 05:58:14,537 - DEBUG - Iter 23100: T=3.80, Fitness_actual=110.0, Mejor=134.5
2025-10-23 05:58:17,979 - WARNING - ⚠️  DEGRADACIÓN DETECTADA en iter 23150:
2025-10-23 05:58:17,979 - WARNING -    Mejor fitness: 134.5
2025-10-23 05:58:17,980 - WARNING -    Fitness promedio reciente: 106.8
2025-10-23 05:58:17,980 - WARNING -    Degradación: 27.7
2025-10-23 05:58:17,980 - WARNING -    🔄 RESTAURANDO mejor solución...
2025-10-23 05:58:17,982 - INFO - 🌟 MEJORA #121 en iter 23150: Fitness=134.6 (+0.1), Puntos=15400
2025-10-23 05:58:21,462 - DEBUG - Iter 23200: T=3.79, Fitness_actual=109.8, Mejor=134.6
2025-10-23 05:58:28,391 - WARNING - ⚠️  DEGRADACIÓN DETECTADA en iter 23300:
2025-10-23 05:58:28,391 - WARNING -    Mejor fitness: 134.6
2025-10-23 05:58:28,392 - WARNING -    Fitness promedio reciente: 97.0
2025-10-23 05:58:28,392 - WARNING -    Degradación: 37.6
2025-10-23 05:58:28,393 - WARNING -    🔄 RESTAURANDO mejor solución...
2025-10-23 05:58:28,394 - DEBUG - Iter 23300: T=3.79, Fitness_actual=134.6, Mejor=134.6
2025-10-23 05:58:29,013 - INFO - 🌟 MEJORA #122 en iter 23309: Fitness=134.6 (+0.0), Puntos=15406
2025-10-23 05:58:35,423 - DEBUG - Iter 23400: T=3.78, Fitness_actual=112.3, Mejor=134.6
2025-10-23 05:58:38,987 - WARNING - ⚠️  DEGRADACIÓN DETECTADA en iter 23450:
2025-10-23 05:58:38,988 - WARNING -    Mejor fitness: 134.6
2025-10-23 05:58:38,988 - WARNING -    Fitness promedio reciente: 107.2
2025-10-23 05:58:38,988 - WARNING -    Degradación: 27.4
2025-10-23 05:58:38,989 - WARNING -    🔄 RESTAURANDO mejor solución...
2025-10-23 05:58:42,460 - INFO -   Iter 23500 | Tiempo:   22.9min ( 9.6%) | T =     3.78 | Fitness =    120.3 | Mejor =    134.6 | Aceptación =  86.6%
2025-10-23 05:58:42,460 - INFO - Progreso iter 23500: T=3.78, Fitness=120.3, Mejor=134.6, Tasa_acept=86.6%
2025-10-23 05:58:42,462 - DEBUG - Iter 23500: T=3.78, Fitness_actual=120.3, Mejor=134.6
2025-10-23 05:58:45,924 - WARNING - ⚠️  DEGRADACIÓN DETECTADA en iter 23550:
2025-10-23 05:58:45,924 - WARNING -    Mejor fitness: 134.6
2025-10-23 05:58:45,925 - WARNING -    Fitness promedio reciente: 107.7
2025-10-23 05:58:45,925 - WARNING -    Degradación: 26.9
2025-10-23 05:58:45,926 - WARNING -    🔄 RESTAURANDO mejor solución...
2025-10-23 05:58:45,927 - INFO - 🌟 MEJORA #123 en iter 23550: Fitness=134.6 (+0.0), Puntos=15406
2025-10-23 05:58:49,404 - DEBUG - Iter 23600: T=3.77, Fitness_actual=118.3, Mejor=134.6
2025-10-23 05:58:56,448 - WARNING - ⚠️  DEGRADACIÓN DETECTADA en iter 23700:
2025-10-23 05:58:56,448 - WARNING -    Mejor fitness: 134.6
2025-10-23 05:58:56,449 - WARNING -    Fitness promedio reciente: 111.2
2025-10-23 05:58:56,449 - WARNING -    Degradación: 23.4
2025-10-23 05:58:56,449 - WARNING -    🔄 RESTAURANDO mejor solución...
2025-10-23 05:58:56,451 - DEBUG - Iter 23700: T=3.77, Fitness_actual=134.6, Mejor=134.6
2025-10-23 05:59:03,403 - WARNING - ⚠️  DEGRADACIÓN DETECTADA en iter 23800:
2025-10-23 05:59:03,403 - WARNING -    Mejor fitness: 134.6
2025-10-23 05:59:03,404 - WARNING -    Fitness promedio reciente: 109.4
2025-10-23 05:59:03,404 - WARNING -    Degradación: 25.2
2025-10-23 05:59:03,404 - WARNING -    🔄 RESTAURANDO mejor solución...
2025-10-23 05:59:03,409 - DEBUG - Iter 23800: T=3.76, Fitness_actual=134.6, Mejor=134.6
2025-10-23 05:59:10,495 - WARNING - ⚠️  DEGRADACIÓN DETECTADA en iter 23900:
2025-10-23 05:59:10,495 - WARNING -    Mejor fitness: 134.6
2025-10-23 05:59:10,495 - WARNING -    Fitness promedio reciente: 107.8
2025-10-23 05:59:10,496 - WARNING -    Degradación: 26.8
2025-10-23 05:59:10,496 - WARNING -    🔄 RESTAURANDO mejor solución...
2025-10-23 05:59:10,497 - DEBUG - Iter 23900: T=3.76, Fitness_actual=134.6, Mejor=134.6
2025-10-23 05:59:17,597 - INFO -   Iter 24000 | Tiempo:   23.5min ( 9.8%) | T =     3.75 | Fitness =     94.0 | Mejor =    134.6 | Aceptación =  86.5%
2025-10-23 05:59:17,597 - INFO - Progreso iter 24000: T=3.75, Fitness=94.0, Mejor=134.6, Tasa_acept=86.5%
2025-10-23 05:59:17,598 - WARNING - ⚠️  DEGRADACIÓN DETECTADA en iter 24000:
2025-10-23 05:59:17,598 - WARNING -    Mejor fitness: 134.6
2025-10-23 05:59:17,599 - WARNING -    Fitness promedio reciente: 104.7
2025-10-23 05:59:17,599 - WARNING -    Degradación: 29.9
2025-10-23 05:59:17,599 - WARNING -    🔄 RESTAURANDO mejor solución...
2025-10-23 05:59:17,603 - DEBUG - Iter 24000: T=3.75, Fitness_actual=134.6, Mejor=134.6
2025-10-23 05:59:24,716 - DEBUG - Iter 24100: T=3.75, Fitness_actual=115.9, Mejor=134.6
2025-10-23 05:59:28,286 - WARNING - ⚠️  DEGRADACIÓN DETECTADA en iter 24150:
2025-10-23 05:59:28,286 - WARNING -    Mejor fitness: 134.6
2025-10-23 05:59:28,287 - WARNING -    Fitness promedio reciente: 112.4
2025-10-23 05:59:28,287 - WARNING -    Degradación: 22.2
2025-10-23 05:59:28,287 - WARNING -    🔄 RESTAURANDO mejor solución...
2025-10-23 05:59:31,852 - DEBUG - Iter 24200: T=3.74, Fitness_actual=115.2, Mejor=134.6
2025-10-23 05:59:35,436 - WARNING - ⚠️  DEGRADACIÓN DETECTADA en iter 24250:
2025-10-23 05:59:35,436 - WARNING -    Mejor fitness: 134.6
2025-10-23 05:59:35,436 - WARNING -    Fitness promedio reciente: 113.0
2025-10-23 05:59:35,437 - WARNING -    Degradación: 21.6
2025-10-23 05:59:35,437 - WARNING -    🔄 RESTAURANDO mejor solución...
2025-10-23 05:59:39,016 - DEBUG - Iter 24300: T=3.74, Fitness_actual=117.2, Mejor=134.6
2025-10-23 05:59:42,605 - WARNING - ⚠️  DEGRADACIÓN DETECTADA en iter 24350:
2025-10-23 05:59:42,605 - WARNING -    Mejor fitness: 134.6
2025-10-23 05:59:42,606 - WARNING -    Fitness promedio reciente: 113.2
2025-10-23 05:59:42,606 - WARNING -    Degradación: 21.4
2025-10-23 05:59:42,606 - WARNING -    🔄 RESTAURANDO mejor solución...
2025-10-23 05:59:46,185 - DEBUG - Iter 24400: T=3.73, Fitness_actual=118.7, Mejor=134.6
2025-10-23 05:59:53,375 - INFO -   Iter 24500 | Tiempo:   24.1min (10.0%) | T =     3.72 | Fitness =    118.0 | Mejor =    134.6 | Aceptación =  86.4%
2025-10-23 05:59:53,376 - INFO - Progreso iter 24500: T=3.72, Fitness=118.0, Mejor=134.6, Tasa_acept=86.4%
2025-10-23 05:59:53,378 - DEBUG - Iter 24500: T=3.72, Fitness_actual=118.0, Mejor=134.6
2025-10-23 05:59:56,974 - WARNING - ⚠️  DEGRADACIÓN DETECTADA en iter 24550:
2025-10-23 05:59:56,974 - WARNING -    Mejor fitness: 134.6
2025-10-23 05:59:56,974 - WARNING -    Fitness promedio reciente: 114.3
2025-10-23 05:59:56,975 - WARNING -    Degradación: 20.3
2025-10-23 05:59:56,975 - WARNING -    🔄 RESTAURANDO mejor solución...
2025-10-23 06:00:00,543 - DEBUG - Iter 24600: T=3.72, Fitness_actual=118.2, Mejor=134.6
2025-10-23 06:00:07,763 - WARNING - ⚠️  DEGRADACIÓN DETECTADA en iter 24700:
2025-10-23 06:00:07,763 - WARNING -    Mejor fitness: 134.6
2025-10-23 06:00:07,764 - WARNING -    Fitness promedio reciente: 109.0
2025-10-23 06:00:07,764 - WARNING -    Degradación: 25.6
2025-10-23 06:00:07,764 - WARNING -    🔄 RESTAURANDO mejor solución...
2025-10-23 06:00:07,765 - DEBUG - Iter 24700: T=3.71, Fitness_actual=134.6, Mejor=134.6
2025-10-23 06:00:07,766 - INFO - 🌟 MEJORA #124 en iter 24700: Fitness=134.6 (+0.0), Puntos=15406
2025-10-23 06:00:14,982 - DEBUG - Iter 24800: T=3.71, Fitness_actual=92.9, Mejor=134.6
2025-10-23 06:00:18,624 - WARNING - ⚠️  DEGRADACIÓN DETECTADA en iter 24850:
2025-10-23 06:00:18,624 - WARNING -    Mejor fitness: 134.6
2025-10-23 06:00:18,625 - WARNING -    Fitness promedio reciente: 91.1
2025-10-23 06:00:18,625 - WARNING -    Degradación: 43.5
2025-10-23 06:00:18,625 - WARNING -    🔄 RESTAURANDO mejor solución...
2025-10-23 06:00:22,229 - DEBUG - Iter 24900: T=3.70, Fitness_actual=112.2, Mejor=134.6
2025-10-23 06:00:25,863 - WARNING - ⚠️  DEGRADACIÓN DETECTADA en iter 24950:
2025-10-23 06:00:25,863 - WARNING -    Mejor fitness: 134.6
2025-10-23 06:00:25,863 - WARNING -    Fitness promedio reciente: 108.0
2025-10-23 06:00:25,864 - WARNING -    Degradación: 26.6
2025-10-23 06:00:25,864 - WARNING -    🔄 RESTAURANDO mejor solución...
2025-10-23 06:00:29,477 - INFO -   Iter 25000 | Tiempo:   24.7min (10.3%) | T =     3.70 | Fitness =    117.2 | Mejor =    134.6 | Aceptación =  86.3%
2025-10-23 06:00:29,477 - INFO - Progreso iter 25000: T=3.70, Fitness=117.2, Mejor=134.6, Tasa_acept=86.3%
2025-10-23 06:00:29,479 - DEBUG - Iter 25000: T=3.70, Fitness_actual=117.2, Mejor=134.6
2025-10-23 06:00:33,096 - WARNING - ⚠️  DEGRADACIÓN DETECTADA en iter 25050:
2025-10-23 06:00:33,096 - WARNING -    Mejor fitness: 134.6
2025-10-23 06:00:33,097 - WARNING -    Fitness promedio reciente: 110.4
2025-10-23 06:00:33,097 - WARNING -    Degradación: 24.2
2025-10-23 06:00:33,098 - WARNING -    🔄 RESTAURANDO mejor solución...
2025-10-23 06:00:36,709 - DEBUG - Iter 25100: T=3.69, Fitness_actual=115.8, Mejor=134.6
2025-10-23 06:00:43,985 - WARNING - ⚠️  DEGRADACIÓN DETECTADA en iter 25200:
2025-10-23 06:00:43,985 - WARNING -    Mejor fitness: 134.6
2025-10-23 06:00:43,986 - WARNING -    Fitness promedio reciente: 109.1
2025-10-23 06:00:43,986 - WARNING -    Degradación: 25.5
2025-10-23 06:00:43,986 - WARNING -    🔄 RESTAURANDO mejor solución...
2025-10-23 06:00:43,988 - DEBUG - Iter 25200: T=3.69, Fitness_actual=134.6, Mejor=134.6
2025-10-23 06:00:51,274 - DEBUG - Iter 25300: T=3.68, Fitness_actual=115.9, Mejor=134.6
2025-10-23 06:00:54,936 - WARNING - ⚠️  DEGRADACIÓN DETECTADA en iter 25350:
2025-10-23 06:00:54,936 - WARNING -    Mejor fitness: 134.6
2025-10-23 06:00:54,937 - WARNING -    Fitness promedio reciente: 113.6
2025-10-23 06:00:54,937 - WARNING -    Degradación: 21.0
2025-10-23 06:00:54,937 - WARNING -    🔄 RESTAURANDO mejor solución...
2025-10-23 06:00:58,596 - DEBUG - Iter 25400: T=3.68, Fitness_actual=120.9, Mejor=134.6
2025-10-23 06:01:05,961 - INFO -   Iter 25500 | Tiempo:   25.3min (10.6%) | T =     3.67 | Fitness =    122.9 | Mejor =    134.6 | Aceptación =  86.3%
2025-10-23 06:01:05,961 - INFO - Progreso iter 25500: T=3.67, Fitness=122.9, Mejor=134.6, Tasa_acept=86.3%
2025-10-23 06:01:05,964 - DEBUG - Iter 25500: T=3.67, Fitness_actual=122.9, Mejor=134.6
2025-10-23 06:01:13,408 - DEBUG - Iter 25600: T=3.66, Fitness_actual=111.7, Mejor=134.6
2025-10-23 06:01:17,078 - WARNING - ⚠️  DEGRADACIÓN DETECTADA en iter 25650:
2025-10-23 06:01:17,078 - WARNING -    Mejor fitness: 134.6
2025-10-23 06:01:17,078 - WARNING -    Fitness promedio reciente: 108.0
2025-10-23 06:01:17,079 - WARNING -    Degradación: 26.6
2025-10-23 06:01:17,079 - WARNING -    🔄 RESTAURANDO mejor solución...
2025-10-23 06:01:20,757 - DEBUG - Iter 25700: T=3.66, Fitness_actual=125.1, Mejor=134.6
2025-10-23 06:01:28,133 - DEBUG - Iter 25800: T=3.65, Fitness_actual=114.6, Mejor=134.6
2025-10-23 06:01:31,803 - WARNING - ⚠️  DEGRADACIÓN DETECTADA en iter 25850:
2025-10-23 06:01:31,803 - WARNING -    Mejor fitness: 134.6
2025-10-23 06:01:31,804 - WARNING -    Fitness promedio reciente: 112.5
2025-10-23 06:01:31,804 - WARNING -    Degradación: 22.1
2025-10-23 06:01:31,804 - WARNING -    🔄 RESTAURANDO mejor solución...
2025-10-23 06:01:35,484 - DEBUG - Iter 25900: T=3.65, Fitness_actual=120.5, Mejor=134.6
2025-10-23 06:01:42,983 - INFO -   Iter 26000 | Tiempo:   25.9min (10.8%) | T =     3.64 | Fitness =    103.5 | Mejor =    134.6 | Aceptación =  86.3%
2025-10-23 06:01:42,984 - INFO - Progreso iter 26000: T=3.64, Fitness=103.5, Mejor=134.6, Tasa_acept=86.3%
2025-10-23 06:01:42,985 - WARNING - ⚠️  DEGRADACIÓN DETECTADA en iter 26000:
2025-10-23 06:01:42,985 - WARNING -    Mejor fitness: 134.6
2025-10-23 06:01:42,985 - WARNING -    Fitness promedio reciente: 110.6
2025-10-23 06:01:42,985 - WARNING -    Degradación: 24.1
2025-10-23 06:01:42,985 - WARNING -    🔄 RESTAURANDO mejor solución...
2025-10-23 06:01:42,989 - DEBUG - Iter 26000: T=3.64, Fitness_actual=134.6, Mejor=134.6
2025-10-23 06:01:43,217 - INFO - 🌟 MEJORA #125 en iter 26003: Fitness=134.6 (+0.0), Puntos=15406
2025-10-23 06:01:43,218 - INFO -   ✨ Mejora #125 en iteración 26004: Fitness = 134.6 | Puntos = 15406 | T = 3.64
2025-10-23 06:01:50,441 - DEBUG - Iter 26100: T=3.64, Fitness_actual=117.7, Mejor=134.6
2025-10-23 06:01:57,840 - WARNING - ⚠️  DEGRADACIÓN DETECTADA en iter 26200:
2025-10-23 06:01:57,840 - WARNING -    Mejor fitness: 134.6
2025-10-23 06:01:57,840 - WARNING -    Fitness promedio reciente: 113.0
2025-10-23 06:01:57,841 - WARNING -    Degradación: 21.6
2025-10-23 06:01:57,841 - WARNING -    🔄 RESTAURANDO mejor solución...
2025-10-23 06:01:57,842 - DEBUG - Iter 26200: T=3.63, Fitness_actual=134.6, Mejor=134.6
2025-10-23 06:01:57,842 - INFO - 🌟 MEJORA #126 en iter 26200: Fitness=134.6 (+0.0), Puntos=15406
2025-10-23 06:02:05,208 - DEBUG - Iter 26300: T=3.63, Fitness_actual=107.3, Mejor=134.6
2025-10-23 06:02:08,914 - WARNING - ⚠️  DEGRADACIÓN DETECTADA en iter 26350:
2025-10-23 06:02:08,915 - WARNING -    Mejor fitness: 134.6
2025-10-23 06:02:08,915 - WARNING -    Fitness promedio reciente: 107.1
2025-10-23 06:02:08,915 - WARNING -    Degradación: 27.5
2025-10-23 06:02:08,916 - WARNING -    🔄 RESTAURANDO mejor solución...
2025-10-23 06:02:12,600 - DEBUG - Iter 26400: T=3.62, Fitness_actual=121.5, Mejor=134.6
2025-10-23 06:02:16,279 - WARNING - ⚠️  DEGRADACIÓN DETECTADA en iter 26450:
2025-10-23 06:02:16,279 - WARNING -    Mejor fitness: 134.6
2025-10-23 06:02:16,280 - WARNING -    Fitness promedio reciente: 107.7
2025-10-23 06:02:16,280 - WARNING -    Degradación: 27.0
2025-10-23 06:02:16,280 - WARNING -    🔄 RESTAURANDO mejor solución...
2025-10-23 06:02:19,959 - INFO -   Iter 26500 | Tiempo:   26.6min (11.1%) | T =     3.62 | Fitness =    119.9 | Mejor =    134.6 | Aceptación =  86.3%
2025-10-23 06:02:19,960 - INFO - Progreso iter 26500: T=3.62, Fitness=119.9, Mejor=134.6, Tasa_acept=86.3%
2025-10-23 06:02:19,961 - DEBUG - Iter 26500: T=3.62, Fitness_actual=119.9, Mejor=134.6
2025-10-23 06:02:23,661 - WARNING - ⚠️  DEGRADACIÓN DETECTADA en iter 26550:
2025-10-23 06:02:23,662 - WARNING -    Mejor fitness: 134.6
2025-10-23 06:02:23,662 - WARNING -    Fitness promedio reciente: 111.6
2025-10-23 06:02:23,663 - WARNING -    Degradación: 23.0
2025-10-23 06:02:23,663 - WARNING -    🔄 RESTAURANDO mejor solución...
2025-10-23 06:02:27,360 - DEBUG - Iter 26600: T=3.61, Fitness_actual=117.6, Mejor=134.6
2025-10-23 06:02:31,089 - WARNING - ⚠️  DEGRADACIÓN DETECTADA en iter 26650:
2025-10-23 06:02:31,090 - WARNING -    Mejor fitness: 134.6
2025-10-23 06:02:31,090 - WARNING -    Fitness promedio reciente: 112.9
2025-10-23 06:02:31,090 - WARNING -    Degradación: 21.7
2025-10-23 06:02:31,091 - WARNING -    🔄 RESTAURANDO mejor solución...
2025-10-23 06:02:31,166 - INFO - 🌟 MEJORA #127 en iter 26651: Fitness=134.6 (+0.0), Puntos=15406
2025-10-23 06:02:34,797 - DEBUG - Iter 26700: T=3.60, Fitness_actual=115.1, Mejor=134.6
2025-10-23 06:02:42,799 - WARNING - ⚠️  DEGRADACIÓN DETECTADA en iter 26800:
2025-10-23 06:02:42,800 - WARNING -    Mejor fitness: 134.6
2025-10-23 06:02:42,800 - WARNING -    Fitness promedio reciente: 109.5
2025-10-23 06:02:42,801 - WARNING -    Degradación: 25.1
2025-10-23 06:02:42,801 - WARNING -    🔄 RESTAURANDO mejor solución...
2025-10-23 06:02:42,802 - DEBUG - Iter 26800: T=3.60, Fitness_actual=134.6, Mejor=134.6
2025-10-23 06:02:50,992 - WARNING - ⚠️  DEGRADACIÓN DETECTADA en iter 26900:
2025-10-23 06:02:50,992 - WARNING -    Mejor fitness: 134.6
2025-10-23 06:02:50,993 - WARNING -    Fitness promedio reciente: 112.4
2025-10-23 06:02:50,993 - WARNING -    Degradación: 22.2
2025-10-23 06:02:50,993 - WARNING -    🔄 RESTAURANDO mejor solución...
2025-10-23 06:02:50,997 - DEBUG - Iter 26900: T=3.59, Fitness_actual=134.6, Mejor=134.6
2025-10-23 06:02:59,182 - INFO -   Iter 27000 | Tiempo:   27.2min (11.3%) | T =     3.59 | Fitness =    104.3 | Mejor =    134.6 | Aceptación =  86.2%
2025-10-23 06:02:59,182 - INFO - Progreso iter 27000: T=3.59, Fitness=104.3, Mejor=134.6, Tasa_acept=86.2%
2025-10-23 06:02:59,183 - WARNING - ⚠️  DEGRADACIÓN DETECTADA en iter 27000:
2025-10-23 06:02:59,183 - WARNING -    Mejor fitness: 134.6
2025-10-23 06:02:59,183 - WARNING -    Fitness promedio reciente: 103.7
2025-10-23 06:02:59,184 - WARNING -    Degradación: 30.9
2025-10-23 06:02:59,184 - WARNING -    🔄 RESTAURANDO mejor solución...
2025-10-23 06:02:59,185 - DEBUG - Iter 27000: T=3.59, Fitness_actual=134.6, Mejor=134.6
2025-10-23 06:02:59,185 - INFO - 🌟 MEJORA #128 en iter 27000: Fitness=134.7 (+0.1), Puntos=15419
2025-10-23 06:03:07,395 - DEBUG - Iter 27100: T=3.58, Fitness_actual=111.8, Mejor=134.7
2025-10-23 06:03:11,516 - WARNING - ⚠️  DEGRADACIÓN DETECTADA en iter 27150:
2025-10-23 06:03:11,516 - WARNING -    Mejor fitness: 134.7
2025-10-23 06:03:11,517 - WARNING -    Fitness promedio reciente: 111.9
2025-10-23 06:03:11,517 - WARNING -    Degradación: 22.9
2025-10-23 06:03:11,517 - WARNING -    🔄 RESTAURANDO mejor solución...
2025-10-23 06:03:11,603 - INFO - 🌟 MEJORA #129 en iter 27151: Fitness=134.8 (+0.0), Puntos=15419
2025-10-23 06:03:15,671 - DEBUG - Iter 27200: T=3.58, Fitness_actual=115.9, Mejor=134.8
2025-10-23 06:03:24,219 - WARNING - ⚠️  DEGRADACIÓN DETECTADA en iter 27300:
2025-10-23 06:03:24,219 - WARNING -    Mejor fitness: 134.8
2025-10-23 06:03:24,220 - WARNING -    Fitness promedio reciente: 102.7
2025-10-23 06:03:24,220 - WARNING -    Degradación: 32.1
2025-10-23 06:03:24,220 - WARNING -    🔄 RESTAURANDO mejor solución...
2025-10-23 06:03:24,222 - DEBUG - Iter 27300: T=3.57, Fitness_actual=134.8, Mejor=134.8
2025-10-23 06:03:32,467 - WARNING - ⚠️  DEGRADACIÓN DETECTADA en iter 27400:
2025-10-23 06:03:32,467 - WARNING -    Mejor fitness: 134.8
2025-10-23 06:03:32,468 - WARNING -    Fitness promedio reciente: 112.5
2025-10-23 06:03:32,468 - WARNING -    Degradación: 22.3
2025-10-23 06:03:32,468 - WARNING -    🔄 RESTAURANDO mejor solución...
2025-10-23 06:03:32,472 - DEBUG - Iter 27400: T=3.56, Fitness_actual=134.8, Mejor=134.8
2025-10-23 06:03:40,771 - INFO -   Iter 27500 | Tiempo:   27.9min (11.6%) | T =     3.56 | Fitness =    118.2 | Mejor =    134.8 | Aceptación =  86.2%
2025-10-23 06:03:40,771 - INFO - Progreso iter 27500: T=3.56, Fitness=118.2, Mejor=134.8, Tasa_acept=86.2%
2025-10-23 06:03:40,774 - DEBUG - Iter 27500: T=3.56, Fitness_actual=118.2, Mejor=134.8
2025-10-23 06:03:49,087 - DEBUG - Iter 27600: T=3.55, Fitness_actual=111.7, Mejor=134.8
2025-10-23 06:03:53,253 - WARNING - ⚠️  DEGRADACIÓN DETECTADA en iter 27650:
2025-10-23 06:03:53,253 - WARNING -    Mejor fitness: 134.8
2025-10-23 06:03:53,254 - WARNING -    Fitness promedio reciente: 111.2
2025-10-23 06:03:53,254 - WARNING -    Degradación: 23.5
2025-10-23 06:03:53,255 - WARNING -    🔄 RESTAURANDO mejor solución...
2025-10-23 06:03:53,340 - INFO - 🌟 MEJORA #130 en iter 27651: Fitness=134.8 (+0.1), Puntos=15425
2025-10-23 06:03:53,340 - INFO -   ✨ Mejora #130 en iteración 27652: Fitness = 134.8 | Puntos = 15425 | T = 3.55
2025-10-23 06:03:53,424 - INFO - 🌟 MEJORA #131 en iter 27652: Fitness=134.8 (+0.0), Puntos=15425
2025-10-23 06:03:53,506 - INFO - 🌟 MEJORA #132 en iter 27653: Fitness=135.0 (+0.2), Puntos=15445
2025-10-23 06:03:57,395 - DEBUG - Iter 27700: T=3.55, Fitness_actual=126.0, Mejor=135.0
2025-10-23 06:04:05,685 - DEBUG - Iter 27800: T=3.54, Fitness_actual=117.8, Mejor=135.0
2025-10-23 06:04:09,873 - WARNING - ⚠️  DEGRADACIÓN DETECTADA en iter 27850:
2025-10-23 06:04:09,873 - WARNING -    Mejor fitness: 135.0
2025-10-23 06:04:09,874 - WARNING -    Fitness promedio reciente: 106.3
2025-10-23 06:04:09,874 - WARNING -    Degradación: 28.7
2025-10-23 06:04:09,874 - WARNING -    🔄 RESTAURANDO mejor solución...
2025-10-23 06:04:09,876 - INFO - 🌟 MEJORA #133 en iter 27850: Fitness=135.0 (+0.0), Puntos=15445
2025-10-23 06:04:09,959 - INFO - 🌟 MEJORA #134 en iter 27851: Fitness=135.0 (+0.0), Puntos=15447
2025-10-23 06:04:14,024 - DEBUG - Iter 27900: T=3.53, Fitness_actual=119.7, Mejor=135.0
2025-10-23 06:04:22,370 - INFO -   Iter 28000 | Tiempo:   28.6min (11.9%) | T =     3.53 | Fitness =    102.1 | Mejor =    135.0 | Aceptación =  86.2%
2025-10-23 06:04:22,370 - INFO - Progreso iter 28000: T=3.53, Fitness=102.1, Mejor=135.0, Tasa_acept=86.2%
2025-10-23 06:04:22,371 - WARNING - ⚠️  DEGRADACIÓN DETECTADA en iter 28000:
2025-10-23 06:04:22,371 - WARNING -    Mejor fitness: 135.0
2025-10-23 06:04:22,372 - WARNING -    Fitness promedio reciente: 100.9
2025-10-23 06:04:22,372 - WARNING -    Degradación: 34.1
2025-10-23 06:04:22,372 - WARNING -    🔄 RESTAURANDO mejor solución...
2025-10-23 06:04:22,374 - DEBUG - Iter 28000: T=3.53, Fitness_actual=135.0, Mejor=135.0
2025-10-23 06:04:22,374 - INFO - 🌟 MEJORA #135 en iter 28000: Fitness=135.1 (+0.0), Puntos=15451
2025-10-23 06:04:22,374 - INFO -   ✨ Mejora #135 en iteración 28001: Fitness = 135.1 | Puntos = 15451 | T = 3.53
2025-10-23 06:04:30,764 - DEBUG - Iter 28100: T=3.52, Fitness_actual=106.6, Mejor=135.1
2025-10-23 06:04:34,921 - WARNING - ⚠️  DEGRADACIÓN DETECTADA en iter 28150:
2025-10-23 06:04:34,921 - WARNING -    Mejor fitness: 135.1
2025-10-23 06:04:34,921 - WARNING -    Fitness promedio reciente: 94.2
2025-10-23 06:04:34,922 - WARNING -    Degradación: 40.9
2025-10-23 06:04:34,922 - WARNING -    🔄 RESTAURANDO mejor solución...
2025-10-23 06:04:39,111 - DEBUG - Iter 28200: T=3.52, Fitness_actual=122.7, Mejor=135.1
2025-10-23 06:04:43,307 - WARNING - ⚠️  DEGRADACIÓN DETECTADA en iter 28250:
2025-10-23 06:04:43,308 - WARNING -    Mejor fitness: 135.1
2025-10-23 06:04:43,308 - WARNING -    Fitness promedio reciente: 111.6
2025-10-23 06:04:43,308 - WARNING -    Degradación: 23.5
2025-10-23 06:04:43,309 - WARNING -    🔄 RESTAURANDO mejor solución...
2025-10-23 06:04:43,310 - INFO - 🌟 MEJORA #136 en iter 28250: Fitness=135.1 (+0.0), Puntos=15453
2025-10-23 06:04:47,472 - DEBUG - Iter 28300: T=3.51, Fitness_actual=117.0, Mejor=135.1
2025-10-23 06:04:55,861 - WARNING - ⚠️  DEGRADACIÓN DETECTADA en iter 28400:
2025-10-23 06:04:55,862 - WARNING -    Mejor fitness: 135.1
2025-10-23 06:04:55,862 - WARNING -    Fitness promedio reciente: 98.1
2025-10-23 06:04:55,862 - WARNING -    Degradación: 37.0
2025-10-23 06:04:55,863 - WARNING -    🔄 RESTAURANDO mejor solución...
2025-10-23 06:04:55,864 - DEBUG - Iter 28400: T=3.50, Fitness_actual=135.1, Mejor=135.1
2025-10-23 06:05:04,275 - INFO -   Iter 28500 | Tiempo:   29.3min (12.2%) | T =     3.50 | Fitness =    116.7 | Mejor =    135.1 | Aceptación =  86.1%
2025-10-23 06:05:04,276 - INFO - Progreso iter 28500: T=3.50, Fitness=116.7, Mejor=135.1, Tasa_acept=86.1%
2025-10-23 06:05:04,278 - DEBUG - Iter 28500: T=3.50, Fitness_actual=116.7, Mejor=135.1
2025-10-23 06:05:08,466 - WARNING - ⚠️  DEGRADACIÓN DETECTADA en iter 28550:
2025-10-23 06:05:08,466 - WARNING -    Mejor fitness: 135.1
2025-10-23 06:05:08,467 - WARNING -    Fitness promedio reciente: 112.8
2025-10-23 06:05:08,467 - WARNING -    Degradación: 22.3
2025-10-23 06:05:08,468 - WARNING -    🔄 RESTAURANDO mejor solución...
2025-10-23 06:05:12,711 - DEBUG - Iter 28600: T=3.49, Fitness_actual=112.2, Mejor=135.1
2025-10-23 06:05:16,949 - WARNING - ⚠️  DEGRADACIÓN DETECTADA en iter 28650:
2025-10-23 06:05:16,950 - WARNING -    Mejor fitness: 135.1
2025-10-23 06:05:16,950 - WARNING -    Fitness promedio reciente: 113.2
2025-10-23 06:05:16,951 - WARNING -    Degradación: 21.9
2025-10-23 06:05:16,951 - WARNING -    🔄 RESTAURANDO mejor solución...
2025-10-23 06:05:21,181 - DEBUG - Iter 28700: T=3.49, Fitness_actual=115.1, Mejor=135.1
2025-10-23 06:05:29,739 - WARNING - ⚠️  DEGRADACIÓN DETECTADA en iter 28800:
2025-10-23 06:05:29,739 - WARNING -    Mejor fitness: 135.1
2025-10-23 06:05:29,740 - WARNING -    Fitness promedio reciente: 113.9
2025-10-23 06:05:29,740 - WARNING -    Degradación: 21.2
2025-10-23 06:05:29,740 - WARNING -    🔄 RESTAURANDO mejor solución...
2025-10-23 06:05:29,744 - DEBUG - Iter 28800: T=3.48, Fitness_actual=135.1, Mejor=135.1
2025-10-23 06:05:38,328 - DEBUG - Iter 28900: T=3.47, Fitness_actual=113.0, Mejor=135.1
2025-10-23 06:05:42,637 - WARNING - ⚠️  DEGRADACIÓN DETECTADA en iter 28950:
2025-10-23 06:05:42,637 - WARNING -    Mejor fitness: 135.1
2025-10-23 06:05:42,637 - WARNING -    Fitness promedio reciente: 114.0
2025-10-23 06:05:42,638 - WARNING -    Degradación: 21.1
2025-10-23 06:05:42,638 - WARNING -    🔄 RESTAURANDO mejor solución...
2025-10-23 06:05:46,930 - INFO -   Iter 29000 | Tiempo:   30.0min (12.5%) | T =     3.47 | Fitness =    122.8 | Mejor =    135.1 | Aceptación =  86.1%
2025-10-23 06:05:46,930 - INFO - Progreso iter 29000: T=3.47, Fitness=122.8, Mejor=135.1, Tasa_acept=86.1%
2025-10-23 06:05:46,933 - DEBUG - Iter 29000: T=3.47, Fitness_actual=122.8, Mejor=135.1
2025-10-23 06:05:55,499 - DEBUG - Iter 29100: T=3.46, Fitness_actual=115.0, Mejor=135.1
2025-10-23 06:05:59,762 - WARNING - ⚠️  DEGRADACIÓN DETECTADA en iter 29150:
2025-10-23 06:05:59,763 - WARNING -    Mejor fitness: 135.1
2025-10-23 06:05:59,763 - WARNING -    Fitness promedio reciente: 111.3
2025-10-23 06:05:59,764 - WARNING -    Degradación: 23.8
2025-10-23 06:05:59,764 - WARNING -    🔄 RESTAURANDO mejor solución...
2025-10-23 06:06:04,090 - DEBUG - Iter 29200: T=3.46, Fitness_actual=121.4, Mejor=135.1
2025-10-23 06:06:12,853 - WARNING - ⚠️  DEGRADACIÓN DETECTADA en iter 29300:
2025-10-23 06:06:12,853 - WARNING -    Mejor fitness: 135.1
2025-10-23 06:06:12,853 - WARNING -    Fitness promedio reciente: 109.8
2025-10-23 06:06:12,854 - WARNING -    Degradación: 25.3
2025-10-23 06:06:12,854 - WARNING -    🔄 RESTAURANDO mejor solución...
2025-10-23 06:06:12,855 - DEBUG - Iter 29300: T=3.45, Fitness_actual=135.1, Mejor=135.1
2025-10-23 06:06:12,855 - INFO - 🌟 MEJORA #137 en iter 29300: Fitness=135.1 (+0.0), Puntos=15453
2025-10-23 06:06:12,942 - INFO - 🌟 MEJORA #138 en iter 29301: Fitness=135.1 (+0.0), Puntos=15455
2025-10-23 06:06:21,443 - DEBUG - Iter 29400: T=3.44, Fitness_actual=102.9, Mejor=135.1
2025-10-23 06:06:25,750 - WARNING - ⚠️  DEGRADACIÓN DETECTADA en iter 29450:
2025-10-23 06:06:25,751 - WARNING -    Mejor fitness: 135.1
2025-10-23 06:06:25,751 - WARNING -    Fitness promedio reciente: 96.5
2025-10-23 06:06:25,751 - WARNING -    Degradación: 38.6
2025-10-23 06:06:25,752 - WARNING -    🔄 RESTAURANDO mejor solución...
2025-10-23 06:06:30,049 - INFO -   Iter 29500 | Tiempo:   30.7min (12.8%) | T =     3.44 | Fitness =    117.5 | Mejor =    135.1 | Aceptación =  86.0%
2025-10-23 06:06:30,050 - INFO - Progreso iter 29500: T=3.44, Fitness=117.5, Mejor=135.1, Tasa_acept=86.0%
2025-10-23 06:06:30,053 - DEBUG - Iter 29500: T=3.44, Fitness_actual=117.5, Mejor=135.1
2025-10-23 06:06:38,665 - WARNING - ⚠️  DEGRADACIÓN DETECTADA en iter 29600:
2025-10-23 06:06:38,666 - WARNING -    Mejor fitness: 135.1
2025-10-23 06:06:38,666 - WARNING -    Fitness promedio reciente: 113.2
2025-10-23 06:06:38,666 - WARNING -    Degradación: 21.9
2025-10-23 06:06:38,667 - WARNING -    🔄 RESTAURANDO mejor solución...
2025-10-23 06:06:38,668 - DEBUG - Iter 29600: T=3.43, Fitness_actual=135.1, Mejor=135.1
2025-10-23 06:06:47,308 - DEBUG - Iter 29700: T=3.43, Fitness_actual=112.4, Mejor=135.1
2025-10-23 06:06:51,595 - WARNING - ⚠️  DEGRADACIÓN DETECTADA en iter 29750:
2025-10-23 06:06:51,595 - WARNING -    Mejor fitness: 135.1
2025-10-23 06:06:51,595 - WARNING -    Fitness promedio reciente: 104.2
2025-10-23 06:06:51,595 - WARNING -    Degradación: 31.0
2025-10-23 06:06:51,596 - WARNING -    🔄 RESTAURANDO mejor solución...
2025-10-23 06:06:51,685 - INFO - 🌟 MEJORA #139 en iter 29751: Fitness=135.1 (+0.0), Puntos=15455
2025-10-23 06:06:51,769 - INFO - 🌟 MEJORA #140 en iter 29752: Fitness=135.2 (+0.0), Puntos=15459
2025-10-23 06:06:51,769 - INFO -   ✨ Mejora #140 en iteración 29753: Fitness = 135.2 | Puntos = 15459 | T = 3.42
2025-10-23 06:06:55,894 - DEBUG - Iter 29800: T=3.42, Fitness_actual=126.8, Mejor=135.2
2025-10-23 06:06:56,674 - INFO - Iter 29809: Aceptada solución con delta=-10.2 (T=3.42)
2025-10-23 06:06:56,674 - INFO -   📊 Desglose del cambio:
2025-10-23 06:06:56,675 - INFO -      Puntos: -821 → 14630 total
2025-10-23 06:06:56,675 - INFO -      Tiempo: -667.5min → 12711.8min total
2025-10-23 06:06:56,675 - INFO -      Distancia: -4.0km → 139.7km total
2025-10-23 06:07:04,565 - WARNING - ⚠️  DEGRADACIÓN DETECTADA en iter 29900:
2025-10-23 06:07:04,565 - WARNING -    Mejor fitness: 135.2
2025-10-23 06:07:04,565 - WARNING -    Fitness promedio reciente: 99.4
2025-10-23 06:07:04,566 - WARNING -    Degradación: 35.7
2025-10-23 06:07:04,566 - WARNING -    🔄 RESTAURANDO mejor solución...
2025-10-23 06:07:04,567 - DEBUG - Iter 29900: T=3.41, Fitness_actual=135.2, Mejor=135.2
2025-10-23 06:07:04,567 - INFO - 🌟 MEJORA #141 en iter 29900: Fitness=135.2 (+0.0), Puntos=15459
2025-10-23 06:07:04,653 - INFO - 🌟 MEJORA #142 en iter 29901: Fitness=135.2 (+0.0), Puntos=15459
2025-10-23 06:07:13,341 - INFO -   Iter 30000 | Tiempo:   31.4min (13.1%) | T =     3.41 | Fitness =    109.1 | Mejor =    135.2 | Aceptación =  86.0%
2025-10-23 06:07:13,342 - INFO - Progreso iter 30000: T=3.41, Fitness=109.1, Mejor=135.2, Tasa_acept=86.0%
2025-10-23 06:07:13,345 - DEBUG - Iter 30000: T=3.41, Fitness_actual=109.1, Mejor=135.2
2025-10-23 06:07:17,700 - WARNING - ⚠️  DEGRADACIÓN DETECTADA en iter 30050:
2025-10-23 06:07:17,700 - WARNING -    Mejor fitness: 135.2
2025-10-23 06:07:17,701 - WARNING -    Fitness promedio reciente: 105.1
2025-10-23 06:07:17,701 - WARNING -    Degradación: 30.1
2025-10-23 06:07:17,702 - WARNING -    🔄 RESTAURANDO mejor solución...
2025-10-23 06:07:22,049 - DEBUG - Iter 30100: T=3.40, Fitness_actual=120.4, Mejor=135.2
2025-10-23 06:07:30,821 - DEBUG - Iter 30200: T=3.40, Fitness_actual=112.1, Mejor=135.2
2025-10-23 06:07:35,219 - WARNING - ⚠️  DEGRADACIÓN DETECTADA en iter 30250:
2025-10-23 06:07:35,219 - WARNING -    Mejor fitness: 135.2
2025-10-23 06:07:35,220 - WARNING -    Fitness promedio reciente: 109.4
2025-10-23 06:07:35,220 - WARNING -    Degradación: 25.8
2025-10-23 06:07:35,220 - WARNING -    🔄 RESTAURANDO mejor solución...
2025-10-23 06:07:35,398 - INFO - 🌟 MEJORA #143 en iter 30252: Fitness=135.2 (+0.0), Puntos=15459
2025-10-23 06:07:37,954 - INFO - Iter 30281: Aceptada solución con delta=-10.1 (T=3.39)
2025-10-23 06:07:37,954 - INFO -   📊 Desglose del cambio:
2025-10-23 06:07:37,954 - INFO -      Puntos: -807 → 14567 total
2025-10-23 06:07:37,955 - INFO -      Tiempo: -779.5min → 12761.8min total
2025-10-23 06:07:37,955 - INFO -      Distancia: -5.0km → 125.1km total
2025-10-23 06:07:39,625 - DEBUG - Iter 30300: T=3.39, Fitness_actual=117.8, Mejor=135.2
2025-10-23 06:07:48,424 - WARNING - ⚠️  DEGRADACIÓN DETECTADA en iter 30400:
2025-10-23 06:07:48,424 - WARNING -    Mejor fitness: 135.2
2025-10-23 06:07:48,424 - WARNING -    Fitness promedio reciente: 111.3
2025-10-23 06:07:48,425 - WARNING -    Degradación: 23.9
2025-10-23 06:07:48,425 - WARNING -    🔄 RESTAURANDO mejor solución...
2025-10-23 06:07:48,428 - DEBUG - Iter 30400: T=3.38, Fitness_actual=135.2, Mejor=135.2
2025-10-23 06:07:57,252 - INFO -   Iter 30500 | Tiempo:   32.2min (13.4%) | T =     3.38 | Fitness =    110.2 | Mejor =    135.2 | Aceptación =  85.9%
2025-10-23 06:07:57,252 - INFO - Progreso iter 30500: T=3.38, Fitness=110.2, Mejor=135.2, Tasa_acept=85.9%
2025-10-23 06:07:57,253 - WARNING - ⚠️  DEGRADACIÓN DETECTADA en iter 30500:
2025-10-23 06:07:57,253 - WARNING -    Mejor fitness: 135.2
2025-10-23 06:07:57,253 - WARNING -    Fitness promedio reciente: 113.3
2025-10-23 06:07:57,253 - WARNING -    Degradación: 21.9
2025-10-23 06:07:57,253 - WARNING -    🔄 RESTAURANDO mejor solución...
2025-10-23 06:07:57,257 - DEBUG - Iter 30500: T=3.38, Fitness_actual=135.2, Mejor=135.2
2025-10-23 06:08:06,095 - DEBUG - Iter 30600: T=3.37, Fitness_actual=114.9, Mejor=135.2
2025-10-23 06:08:10,514 - WARNING - ⚠️  DEGRADACIÓN DETECTADA en iter 30650:
2025-10-23 06:08:10,514 - WARNING -    Mejor fitness: 135.2
2025-10-23 06:08:10,515 - WARNING -    Fitness promedio reciente: 109.2
2025-10-23 06:08:10,515 - WARNING -    Degradación: 26.0
2025-10-23 06:08:10,515 - WARNING -    🔄 RESTAURANDO mejor solución...
2025-10-23 06:08:10,517 - INFO - 🌟 MEJORA #144 en iter 30650: Fitness=135.2 (+0.0), Puntos=15459
2025-10-23 06:08:14,908 - DEBUG - Iter 30700: T=3.37, Fitness_actual=124.5, Mejor=135.2
2025-10-23 06:08:23,747 - WARNING - ⚠️  DEGRADACIÓN DETECTADA en iter 30800:
2025-10-23 06:08:23,747 - WARNING -    Mejor fitness: 135.2
2025-10-23 06:08:23,748 - WARNING -    Fitness promedio reciente: 111.1
2025-10-23 06:08:23,748 - WARNING -    Degradación: 24.0
2025-10-23 06:08:23,748 - WARNING -    🔄 RESTAURANDO mejor solución...
2025-10-23 06:08:23,750 - DEBUG - Iter 30800: T=3.36, Fitness_actual=135.2, Mejor=135.2
2025-10-23 06:08:32,603 - WARNING - ⚠️  DEGRADACIÓN DETECTADA en iter 30900:
2025-10-23 06:08:32,603 - WARNING -    Mejor fitness: 135.2
2025-10-23 06:08:32,604 - WARNING -    Fitness promedio reciente: 107.5
2025-10-23 06:08:32,604 - WARNING -    Degradación: 27.6
2025-10-23 06:08:32,604 - WARNING -    🔄 RESTAURANDO mejor solución...
2025-10-23 06:08:32,608 - DEBUG - Iter 30900: T=3.35, Fitness_actual=135.2, Mejor=135.2
2025-10-23 06:08:41,429 - INFO -   Iter 31000 | Tiempo:   32.9min (13.7%) | T =     3.35 | Fitness =    109.7 | Mejor =    135.2 | Aceptación =  85.8%
2025-10-23 06:08:41,429 - INFO - Progreso iter 31000: T=3.35, Fitness=109.7, Mejor=135.2, Tasa_acept=85.8%
2025-10-23 06:08:41,434 - DEBUG - Iter 31000: T=3.35, Fitness_actual=109.7, Mejor=135.2
2025-10-23 06:08:45,929 - WARNING - ⚠️  DEGRADACIÓN DETECTADA en iter 31050:
2025-10-23 06:08:45,929 - WARNING -    Mejor fitness: 135.2
2025-10-23 06:08:45,929 - WARNING -    Fitness promedio reciente: 103.0
2025-10-23 06:08:45,930 - WARNING -    Degradación: 32.2
2025-10-23 06:08:45,930 - WARNING -    🔄 RESTAURANDO mejor solución...
2025-10-23 06:08:50,387 - DEBUG - Iter 31100: T=3.34, Fitness_actual=120.2, Mejor=135.2
2025-10-23 06:08:59,298 - WARNING - ⚠️  DEGRADACIÓN DETECTADA en iter 31200:
2025-10-23 06:08:59,298 - WARNING -    Mejor fitness: 135.2
2025-10-23 06:08:59,299 - WARNING -    Fitness promedio reciente: 104.5
2025-10-23 06:08:59,299 - WARNING -    Degradación: 30.7
2025-10-23 06:08:59,299 - WARNING -    🔄 RESTAURANDO mejor solución...
2025-10-23 06:08:59,300 - DEBUG - Iter 31200: T=3.34, Fitness_actual=135.2, Mejor=135.2
2025-10-23 06:09:08,338 - WARNING - ⚠️  DEGRADACIÓN DETECTADA en iter 31300:
2025-10-23 06:09:08,338 - WARNING -    Mejor fitness: 135.2
2025-10-23 06:09:08,339 - WARNING -    Fitness promedio reciente: 112.7
2025-10-23 06:09:08,339 - WARNING -    Degradación: 22.4
2025-10-23 06:09:08,339 - WARNING -    🔄 RESTAURANDO mejor solución...
2025-10-23 06:09:08,341 - DEBUG - Iter 31300: T=3.33, Fitness_actual=135.2, Mejor=135.2
2025-10-23 06:09:17,244 - DEBUG - Iter 31400: T=3.32, Fitness_actual=120.1, Mejor=135.2
2025-10-23 06:09:26,175 - INFO -   Iter 31500 | Tiempo:   33.7min (14.0%) | T =     3.32 | Fitness =    105.2 | Mejor =    135.2 | Aceptación =  85.8%
2025-10-23 06:09:26,175 - INFO - Progreso iter 31500: T=3.32, Fitness=105.2, Mejor=135.2, Tasa_acept=85.8%
2025-10-23 06:09:26,176 - WARNING - ⚠️  DEGRADACIÓN DETECTADA en iter 31500:
2025-10-23 06:09:26,176 - WARNING -    Mejor fitness: 135.2
2025-10-23 06:09:26,176 - WARNING -    Fitness promedio reciente: 108.1
2025-10-23 06:09:26,176 - WARNING -    Degradación: 27.0
2025-10-23 06:09:26,177 - WARNING -    🔄 RESTAURANDO mejor solución...
2025-10-23 06:09:26,178 - DEBUG - Iter 31500: T=3.32, Fitness_actual=135.2, Mejor=135.2
2025-10-23 06:09:26,178 - INFO - 🌟 MEJORA #145 en iter 31500: Fitness=135.3 (+0.1), Puntos=15469
2025-10-23 06:09:26,178 - INFO -   ✨ Mejora #145 en iteración 31501: Fitness = 135.3 | Puntos = 15469 | T = 3.32
2025-10-23 06:09:26,268 - INFO - 🌟 MEJORA #146 en iter 31501: Fitness=135.4 (+0.1), Puntos=15483
2025-10-23 06:09:35,049 - DEBUG - Iter 31600: T=3.31, Fitness_actual=112.9, Mejor=135.4
2025-10-23 06:09:39,538 - WARNING - ⚠️  DEGRADACIÓN DETECTADA en iter 31650:
2025-10-23 06:09:39,538 - WARNING -    Mejor fitness: 135.4
2025-10-23 06:09:39,539 - WARNING -    Fitness promedio reciente: 110.6
2025-10-23 06:09:39,539 - WARNING -    Degradación: 24.8
2025-10-23 06:09:39,540 - WARNING -    🔄 RESTAURANDO mejor solución...
2025-10-23 06:09:43,985 - DEBUG - Iter 31700: T=3.31, Fitness_actual=118.8, Mejor=135.4
2025-10-23 06:09:52,976 - WARNING - ⚠️  DEGRADACIÓN DETECTADA en iter 31800:
2025-10-23 06:09:52,976 - WARNING -    Mejor fitness: 135.4
2025-10-23 06:09:52,976 - WARNING -    Fitness promedio reciente: 110.0
2025-10-23 06:09:52,977 - WARNING -    Degradación: 25.4
2025-10-23 06:09:52,977 - WARNING -    🔄 RESTAURANDO mejor solución...
2025-10-23 06:09:52,978 - DEBUG - Iter 31800: T=3.30, Fitness_actual=135.4, Mejor=135.4
2025-10-23 06:09:53,159 - INFO - 🌟 MEJORA #147 en iter 31802: Fitness=135.5 (+0.1), Puntos=15489
2025-10-23 06:10:01,990 - DEBUG - Iter 31900: T=3.29, Fitness_actual=107.9, Mejor=135.5
2025-10-23 06:10:06,510 - WARNING - ⚠️  DEGRADACIÓN DETECTADA en iter 31950:
2025-10-23 06:10:06,510 - WARNING -    Mejor fitness: 135.5
2025-10-23 06:10:06,511 - WARNING -    Fitness promedio reciente: 104.8
2025-10-23 06:10:06,511 - WARNING -    Degradación: 30.7
2025-10-23 06:10:06,511 - WARNING -    🔄 RESTAURANDO mejor solución...
2025-10-23 06:10:11,031 - INFO -   Iter 32000 | Tiempo:   34.4min (14.3%) | T =     3.29 | Fitness =    108.3 | Mejor =    135.5 | Aceptación =  85.8%
2025-10-23 06:10:11,031 - INFO - Progreso iter 32000: T=3.29, Fitness=108.3, Mejor=135.5, Tasa_acept=85.8%
2025-10-23 06:10:11,034 - DEBUG - Iter 32000: T=3.29, Fitness_actual=108.3, Mejor=135.5
2025-10-23 06:10:15,559 - WARNING - ⚠️  DEGRADACIÓN DETECTADA en iter 32050:
2025-10-23 06:10:15,559 - WARNING -    Mejor fitness: 135.5
2025-10-23 06:10:15,560 - WARNING -    Fitness promedio reciente: 109.4
2025-10-23 06:10:15,560 - WARNING -    Degradación: 26.0
2025-10-23 06:10:15,561 - WARNING -    🔄 RESTAURANDO mejor solución...
2025-10-23 06:10:15,834 - INFO - 🌟 MEJORA #148 en iter 32053: Fitness=135.5 (+0.0), Puntos=15489
2025-10-23 06:10:20,076 - DEBUG - Iter 32100: T=3.28, Fitness_actual=119.8, Mejor=135.5
2025-10-23 06:10:29,143 - WARNING - ⚠️  DEGRADACIÓN DETECTADA en iter 32200:
2025-10-23 06:10:29,143 - WARNING -    Mejor fitness: 135.5
2025-10-23 06:10:29,144 - WARNING -    Fitness promedio reciente: 109.1
2025-10-23 06:10:29,144 - WARNING -    Degradación: 26.4
2025-10-23 06:10:29,144 - WARNING -    🔄 RESTAURANDO mejor solución...
2025-10-23 06:10:29,148 - DEBUG - Iter 32200: T=3.28, Fitness_actual=135.5, Mejor=135.5
2025-10-23 06:10:38,178 - DEBUG - Iter 32300: T=3.27, Fitness_actual=119.2, Mejor=135.5
2025-10-23 06:10:42,732 - WARNING - ⚠️  DEGRADACIÓN DETECTADA en iter 32350:
2025-10-23 06:10:42,732 - WARNING -    Mejor fitness: 135.5
2025-10-23 06:10:42,733 - WARNING -    Fitness promedio reciente: 112.6
2025-10-23 06:10:42,733 - WARNING -    Degradación: 22.9
2025-10-23 06:10:42,734 - WARNING -    🔄 RESTAURANDO mejor solución...
2025-10-23 06:10:42,827 - INFO - 🌟 MEJORA #149 en iter 32351: Fitness=135.5 (+0.0), Puntos=15489
2025-10-23 06:10:42,918 - INFO - 🌟 MEJORA #150 en iter 32352: Fitness=135.5 (+0.0), Puntos=15489
2025-10-23 06:10:42,918 - INFO -   ✨ Mejora #150 en iteración 32353: Fitness = 135.5 | Puntos = 15489 | T = 3.27
2025-10-23 06:10:47,265 - DEBUG - Iter 32400: T=3.26, Fitness_actual=110.6, Mejor=135.5
2025-10-23 06:10:56,360 - INFO -   Iter 32500 | Tiempo:   35.2min (14.7%) | T =     3.26 | Fitness =    106.9 | Mejor =    135.5 | Aceptación =  85.8%
2025-10-23 06:10:56,360 - INFO - Progreso iter 32500: T=3.26, Fitness=106.9, Mejor=135.5, Tasa_acept=85.8%
2025-10-23 06:10:56,361 - WARNING - ⚠️  DEGRADACIÓN DETECTADA en iter 32500:
2025-10-23 06:10:56,361 - WARNING -    Mejor fitness: 135.5
2025-10-23 06:10:56,361 - WARNING -    Fitness promedio reciente: 107.3
2025-10-23 06:10:56,361 - WARNING -    Degradación: 28.2
2025-10-23 06:10:56,362 - WARNING -    🔄 RESTAURANDO mejor solución...
2025-10-23 06:10:56,365 - DEBUG - Iter 32500: T=3.26, Fitness_actual=135.5, Mejor=135.5
2025-10-23 06:11:05,424 - DEBUG - Iter 32600: T=3.25, Fitness_actual=114.1, Mejor=135.5
2025-10-23 06:11:10,022 - WARNING - ⚠️  DEGRADACIÓN DETECTADA en iter 32650:
2025-10-23 06:11:10,022 - WARNING -    Mejor fitness: 135.5
2025-10-23 06:11:10,023 - WARNING -    Fitness promedio reciente: 108.8
2025-10-23 06:11:10,023 - WARNING -    Degradación: 26.6
2025-10-23 06:11:10,023 - WARNING -    🔄 RESTAURANDO mejor solución...
2025-10-23 06:11:10,119 - INFO - 🌟 MEJORA #151 en iter 32651: Fitness=135.5 (+0.0), Puntos=15489
2025-10-23 06:11:10,308 - INFO - 🌟 MEJORA #152 en iter 32653: Fitness=135.5 (+0.0), Puntos=15489
2025-10-23 06:11:10,787 - INFO - 🌟 MEJORA #153 en iter 32658: Fitness=135.6 (+0.1), Puntos=15500
2025-10-23 06:11:14,630 - DEBUG - Iter 32700: T=3.25, Fitness_actual=120.9, Mejor=135.6
2025-10-23 06:11:23,692 - WARNING - ⚠️  DEGRADACIÓN DETECTADA en iter 32800:
2025-10-23 06:11:23,692 - WARNING -    Mejor fitness: 135.6
2025-10-23 06:11:23,692 - WARNING -    Fitness promedio reciente: 112.3
2025-10-23 06:11:23,693 - WARNING -    Degradación: 23.3
2025-10-23 06:11:23,693 - WARNING -    🔄 RESTAURANDO mejor solución...
2025-10-23 06:11:23,697 - DEBUG - Iter 32800: T=3.24, Fitness_actual=135.6, Mejor=135.6
2025-10-23 06:11:29,088 - WARNING - ================================================================================
2025-10-23 06:11:29,088 - WARNING - ⚠️  SALTO ANORMAL DETECTADO en iteración 32859
2025-10-23 06:11:29,089 - WARNING -    Fitness actual: 117.1
2025-10-23 06:11:29,089 - WARNING -    Fitness vecino: 82.3
2025-10-23 06:11:29,089 - WARNING -    Delta: -34.8
2025-10-23 06:11:29,089 - WARNING -    Temperatura: 3.24
2025-10-23 06:11:29,090 - WARNING -    Tipo perturbación aplicada: (ver generar_vecino)
2025-10-23 06:11:29,090 - WARNING -    Vecino - Puntos: 15268, Tiempo: 14994.8min, Distancia: 320.0km
2025-10-23 06:11:29,090 - WARNING -    Actual - Puntos: 15213, Tiempo: 13128.7min, Distancia: 164.5km
2025-10-23 06:11:29,090 - WARNING -    Validez restricciones - Vecino: False, Actual: False
2025-10-23 06:11:29,091 - WARNING - ================================================================================
2025-10-23 06:11:29,091 - WARNING - ⚠️  SALTO ANORMAL DETECTADO en iteración 32859
2025-10-23 06:11:29,091 - WARNING -    Fitness: 117.1 → 82.3 (Δ=-34.8)
2025-10-23 06:11:29,091 - WARNING -    Ver detalles en archivo de log
2025-10-23 06:11:32,841 - DEBUG - Iter 32900: T=3.23, Fitness_actual=113.3, Mejor=135.6
2025-10-23 06:11:37,414 - WARNING - ⚠️  DEGRADACIÓN DETECTADA en iter 32950:
2025-10-23 06:11:37,414 - WARNING -    Mejor fitness: 135.6
2025-10-23 06:11:37,415 - WARNING -    Fitness promedio reciente: 113.8
2025-10-23 06:11:37,415 - WARNING -    Degradación: 21.7
2025-10-23 06:11:37,415 - WARNING -    🔄 RESTAURANDO mejor solución...
2025-10-23 06:11:41,967 - INFO -   Iter 33000 | Tiempo:   35.9min (15.0%) | T =     3.23 | Fitness =    124.2 | Mejor =    135.6 | Aceptación =  85.7%
2025-10-23 06:11:41,967 - INFO - Progreso iter 33000: T=3.23, Fitness=124.2, Mejor=135.6, Tasa_acept=85.7%
2025-10-23 06:11:41,969 - DEBUG - Iter 33000: T=3.23, Fitness_actual=124.2, Mejor=135.6
2025-10-23 06:11:51,054 - WARNING - ⚠️  DEGRADACIÓN DETECTADA en iter 33100:
2025-10-23 06:11:51,054 - WARNING -    Mejor fitness: 135.6
2025-10-23 06:11:51,055 - WARNING -    Fitness promedio reciente: 114.9
2025-10-23 06:11:51,055 - WARNING -    Degradación: 20.7
2025-10-23 06:11:51,055 - WARNING -    🔄 RESTAURANDO mejor solución...
2025-10-23 06:11:51,056 - DEBUG - Iter 33100: T=3.22, Fitness_actual=135.6, Mejor=135.6
2025-10-23 06:12:00,239 - WARNING - ⚠️  DEGRADACIÓN DETECTADA en iter 33200:
2025-10-23 06:12:00,239 - WARNING -    Mejor fitness: 135.6
2025-10-23 06:12:00,239 - WARNING -    Fitness promedio reciente: 114.3
2025-10-23 06:12:00,240 - WARNING -    Degradación: 21.3
2025-10-23 06:12:00,240 - WARNING -    🔄 RESTAURANDO mejor solución...
2025-10-23 06:12:00,241 - DEBUG - Iter 33200: T=3.22, Fitness_actual=135.6, Mejor=135.6
2025-10-23 06:12:09,507 - WARNING - ⚠️  DEGRADACIÓN DETECTADA en iter 33300:
2025-10-23 06:12:09,507 - WARNING -    Mejor fitness: 135.6
2025-10-23 06:12:09,508 - WARNING -    Fitness promedio reciente: 114.9
2025-10-23 06:12:09,508 - WARNING -    Degradación: 20.7
2025-10-23 06:12:09,508 - WARNING -    🔄 RESTAURANDO mejor solución...
2025-10-23 06:12:09,510 - DEBUG - Iter 33300: T=3.21, Fitness_actual=135.6, Mejor=135.6
2025-10-23 06:12:19,023 - WARNING - ⚠️  DEGRADACIÓN DETECTADA en iter 33400:
2025-10-23 06:12:19,023 - WARNING -    Mejor fitness: 135.6
2025-10-23 06:12:19,023 - WARNING -    Fitness promedio reciente: 114.6
2025-10-23 06:12:19,024 - WARNING -    Degradación: 21.0
2025-10-23 06:12:19,024 - WARNING -    🔄 RESTAURANDO mejor solución...
2025-10-23 06:12:19,027 - DEBUG - Iter 33400: T=3.20, Fitness_actual=135.6, Mejor=135.6
2025-10-23 06:12:28,413 - INFO -   Iter 33500 | Tiempo:   36.7min (15.3%) | T =     3.20 | Fitness =    116.4 | Mejor =    135.6 | Aceptación =  85.6%
2025-10-23 06:12:28,413 - INFO - Progreso iter 33500: T=3.20, Fitness=116.4, Mejor=135.6, Tasa_acept=85.6%
2025-10-23 06:12:28,421 - DEBUG - Iter 33500: T=3.20, Fitness_actual=116.4, Mejor=135.6
2025-10-23 06:12:37,888 - WARNING - ⚠️  DEGRADACIÓN DETECTADA en iter 33600:
2025-10-23 06:12:37,889 - WARNING -    Mejor fitness: 135.6
2025-10-23 06:12:37,890 - WARNING -    Fitness promedio reciente: 114.8
2025-10-23 06:12:37,890 - WARNING -    Degradación: 20.7
2025-10-23 06:12:37,890 - WARNING -    🔄 RESTAURANDO mejor solución...
2025-10-23 06:12:37,891 - DEBUG - Iter 33600: T=3.19, Fitness_actual=135.6, Mejor=135.6
2025-10-23 06:12:47,241 - DEBUG - Iter 33700: T=3.19, Fitness_actual=121.9, Mejor=135.6
2025-10-23 06:12:56,540 - WARNING - ⚠️  DEGRADACIÓN DETECTADA en iter 33800:
2025-10-23 06:12:56,540 - WARNING -    Mejor fitness: 135.6
2025-10-23 06:12:56,541 - WARNING -    Fitness promedio reciente: 111.1
2025-10-23 06:12:56,541 - WARNING -    Degradación: 24.4
2025-10-23 06:12:56,541 - WARNING -    🔄 RESTAURANDO mejor solución...
2025-10-23 06:12:56,545 - DEBUG - Iter 33800: T=3.18, Fitness_actual=135.6, Mejor=135.6
2025-10-23 06:13:05,860 - WARNING - ⚠️  DEGRADACIÓN DETECTADA en iter 33900:
2025-10-23 06:13:05,861 - WARNING -    Mejor fitness: 135.6
2025-10-23 06:13:05,861 - WARNING -    Fitness promedio reciente: 115.0
2025-10-23 06:13:05,862 - WARNING -    Degradación: 20.6
2025-10-23 06:13:05,862 - WARNING -    🔄 RESTAURANDO mejor solución...
2025-10-23 06:13:05,866 - DEBUG - Iter 33900: T=3.17, Fitness_actual=135.6, Mejor=135.6
2025-10-23 06:13:05,958 - INFO - 🌟 MEJORA #154 en iter 33901: Fitness=135.6 (+0.0), Puntos=15500
2025-10-23 06:13:06,053 - INFO - 🌟 MEJORA #155 en iter 33902: Fitness=135.6 (+0.0), Puntos=15499
2025-10-23 06:13:06,054 - INFO -   ✨ Mejora #155 en iteración 33903: Fitness = 135.6 | Puntos = 15499 | T = 3.17
2025-10-23 06:13:15,169 - INFO -   Iter 34000 | Tiempo:   37.5min (15.6%) | T =     3.17 | Fitness =    112.2 | Mejor =    135.6 | Aceptación =  85.5%
2025-10-23 06:13:15,169 - INFO - Progreso iter 34000: T=3.17, Fitness=112.2, Mejor=135.6, Tasa_acept=85.5%
2025-10-23 06:13:15,172 - DEBUG - Iter 34000: T=3.17, Fitness_actual=112.2, Mejor=135.6
2025-10-23 06:13:19,854 - WARNING - ⚠️  DEGRADACIÓN DETECTADA en iter 34050:
2025-10-23 06:13:19,854 - WARNING -    Mejor fitness: 135.6
2025-10-23 06:13:19,855 - WARNING -    Fitness promedio reciente: 109.8
2025-10-23 06:13:19,855 - WARNING -    Degradación: 25.8
2025-10-23 06:13:19,856 - WARNING -    🔄 RESTAURANDO mejor solución...
2025-10-23 06:13:19,857 - INFO - 🌟 MEJORA #156 en iter 34050: Fitness=135.6 (+0.0), Puntos=15499
2025-10-23 06:13:19,951 - INFO - 🌟 MEJORA #157 en iter 34051: Fitness=135.6 (+0.0), Puntos=15501
2025-10-23 06:13:24,499 - DEBUG - Iter 34100: T=3.16, Fitness_actual=121.4, Mejor=135.6
2025-10-23 06:13:33,788 - WARNING - ⚠️  DEGRADACIÓN DETECTADA en iter 34200:
2025-10-23 06:13:33,789 - WARNING -    Mejor fitness: 135.6
2025-10-23 06:13:33,789 - WARNING -    Fitness promedio reciente: 97.0
2025-10-23 06:13:33,789 - WARNING -    Degradación: 38.6
2025-10-23 06:13:33,789 - WARNING -    🔄 RESTAURANDO mejor solución...
2025-10-23 06:13:33,793 - DEBUG - Iter 34200: T=3.16, Fitness_actual=135.6, Mejor=135.6
2025-10-23 06:13:33,794 - INFO - 🌟 MEJORA #158 en iter 34200: Fitness=136.0 (+0.4), Puntos=15646
2025-10-23 06:13:34,075 - INFO - 🌟 MEJORA #159 en iter 34203: Fitness=136.5 (+0.4), Puntos=15789
2025-10-23 06:13:43,135 - DEBUG - Iter 34300: T=3.15, Fitness_actual=122.5, Mejor=136.5
2025-10-23 06:13:52,486 - WARNING - ⚠️  DEGRADACIÓN DETECTADA en iter 34400:
2025-10-23 06:13:52,486 - WARNING -    Mejor fitness: 136.5
2025-10-23 06:13:52,487 - WARNING -    Fitness promedio reciente: 115.1
2025-10-23 06:13:52,487 - WARNING -    Degradación: 21.3
2025-10-23 06:13:52,487 - WARNING -    🔄 RESTAURANDO mejor solución...
2025-10-23 06:13:52,489 - DEBUG - Iter 34400: T=3.14, Fitness_actual=136.5, Mejor=136.5
2025-10-23 06:14:01,838 - INFO -   Iter 34500 | Tiempo:   38.3min (15.9%) | T =     3.14 | Fitness =    115.5 | Mejor =    136.5 | Aceptación =  85.5%
2025-10-23 06:14:01,838 - INFO - Progreso iter 34500: T=3.14, Fitness=115.5, Mejor=136.5, Tasa_acept=85.5%
2025-10-23 06:14:01,839 - WARNING - ⚠️  DEGRADACIÓN DETECTADA en iter 34500:
2025-10-23 06:14:01,839 - WARNING -    Mejor fitness: 136.5
2025-10-23 06:14:01,839 - WARNING -    Fitness promedio reciente: 115.0
2025-10-23 06:14:01,839 - WARNING -    Degradación: 21.5
2025-10-23 06:14:01,840 - WARNING -    🔄 RESTAURANDO mejor solución...
2025-10-23 06:14:01,841 - DEBUG - Iter 34500: T=3.14, Fitness_actual=136.5, Mejor=136.5
2025-10-23 06:14:01,936 - INFO - 🌟 MEJORA #160 en iter 34501: Fitness=136.5 (+0.0), Puntos=15789
2025-10-23 06:14:01,936 - INFO -   ✨ Mejora #160 en iteración 34502: Fitness = 136.5 | Puntos = 15789 | T = 3.14
2025-10-23 06:14:02,123 - INFO - 🌟 MEJORA #161 en iter 34503: Fitness=136.5 (+0.0), Puntos=15789
2025-10-23 06:14:11,185 - DEBUG - Iter 34600: T=3.13, Fitness_actual=107.5, Mejor=136.5
2025-10-23 06:14:15,907 - WARNING - ⚠️  DEGRADACIÓN DETECTADA en iter 34650:
2025-10-23 06:14:15,907 - WARNING -    Mejor fitness: 136.5
2025-10-23 06:14:15,907 - WARNING -    Fitness promedio reciente: 109.2
2025-10-23 06:14:15,908 - WARNING -    Degradación: 27.3
2025-10-23 06:14:15,908 - WARNING -    🔄 RESTAURANDO mejor solución...
2025-10-23 06:14:20,631 - DEBUG - Iter 34700: T=3.13, Fitness_actual=126.6, Mejor=136.5
2025-10-23 06:14:30,101 - DEBUG - Iter 34800: T=3.12, Fitness_actual=107.5, Mejor=136.5
2025-10-23 06:14:34,863 - WARNING - ⚠️  DEGRADACIÓN DETECTADA en iter 34850:
2025-10-23 06:14:34,863 - WARNING -    Mejor fitness: 136.5
2025-10-23 06:14:34,864 - WARNING -    Fitness promedio reciente: 107.1
2025-10-23 06:14:34,864 - WARNING -    Degradación: 29.4
2025-10-23 06:14:34,864 - WARNING -    🔄 RESTAURANDO mejor solución...
2025-10-23 06:14:34,866 - INFO - 🌟 MEJORA #162 en iter 34850: Fitness=136.5 (+0.0), Puntos=15789
2025-10-23 06:14:35,147 - INFO - 🌟 MEJORA #163 en iter 34853: Fitness=136.5 (+0.0), Puntos=15789
2025-10-23 06:14:39,619 - DEBUG - Iter 34900: T=3.11, Fitness_actual=115.3, Mejor=136.5
2025-10-23 06:14:49,125 - INFO -   Iter 35000 | Tiempo:   39.0min (16.3%) | T =     3.11 | Fitness =     92.7 | Mejor =    136.5 | Aceptación =  85.4%
2025-10-23 06:14:49,125 - INFO - Progreso iter 35000: T=3.11, Fitness=92.7, Mejor=136.5, Tasa_acept=85.4%
2025-10-23 06:14:49,126 - WARNING - ⚠️  DEGRADACIÓN DETECTADA en iter 35000:
2025-10-23 06:14:49,126 - WARNING -    Mejor fitness: 136.5
2025-10-23 06:14:49,127 - WARNING -    Fitness promedio reciente: 101.9
2025-10-23 06:14:49,127 - WARNING -    Degradación: 34.6
2025-10-23 06:14:49,127 - WARNING -    🔄 RESTAURANDO mejor solución...
2025-10-23 06:14:49,128 - DEBUG - Iter 35000: T=3.11, Fitness_actual=136.5, Mejor=136.5
2025-10-23 06:14:58,657 - DEBUG - Iter 35100: T=3.10, Fitness_actual=128.4, Mejor=136.5
2025-10-23 06:15:08,244 - DEBUG - Iter 35200: T=3.10, Fitness_actual=124.5, Mejor=136.5
2025-10-23 06:15:17,814 - WARNING - ⚠️  DEGRADACIÓN DETECTADA en iter 35300:
2025-10-23 06:15:17,815 - WARNING -    Mejor fitness: 136.5
2025-10-23 06:15:17,815 - WARNING -    Fitness promedio reciente: 108.0
2025-10-23 06:15:17,815 - WARNING -    Degradación: 28.4
2025-10-23 06:15:17,816 - WARNING -    🔄 RESTAURANDO mejor solución...
2025-10-23 06:15:17,817 - DEBUG - Iter 35300: T=3.09, Fitness_actual=136.5, Mejor=136.5
2025-10-23 06:15:27,440 - DEBUG - Iter 35400: T=3.08, Fitness_actual=128.5, Mejor=136.5
2025-10-23 06:15:37,071 - INFO -   Iter 35500 | Tiempo:   39.8min (16.6%) | T =     3.08 | Fitness =    117.2 | Mejor =    136.5 | Aceptación =  85.3%
2025-10-23 06:15:37,071 - INFO - Progreso iter 35500: T=3.08, Fitness=117.2, Mejor=136.5, Tasa_acept=85.3%
2025-10-23 06:15:37,074 - DEBUG - Iter 35500: T=3.08, Fitness_actual=117.2, Mejor=136.5
2025-10-23 06:15:46,713 - WARNING - ⚠️  DEGRADACIÓN DETECTADA en iter 35600:
2025-10-23 06:15:46,714 - WARNING -    Mejor fitness: 136.5
2025-10-23 06:15:46,714 - WARNING -    Fitness promedio reciente: 116.1
2025-10-23 06:15:46,714 - WARNING -    Degradación: 20.3
2025-10-23 06:15:46,714 - WARNING -    🔄 RESTAURANDO mejor solución...
2025-10-23 06:15:46,719 - DEBUG - Iter 35600: T=3.07, Fitness_actual=136.5, Mejor=136.5
2025-10-23 06:15:56,288 - DEBUG - Iter 35700: T=3.07, Fitness_actual=122.0, Mejor=136.5
2025-10-23 06:16:01,086 - WARNING - ⚠️  DEGRADACIÓN DETECTADA en iter 35750:
2025-10-23 06:16:01,087 - WARNING -    Mejor fitness: 136.5
2025-10-23 06:16:01,087 - WARNING -    Fitness promedio reciente: 114.6
2025-10-23 06:16:01,088 - WARNING -    Degradación: 21.8
2025-10-23 06:16:01,088 - WARNING -    🔄 RESTAURANDO mejor solución...
2025-10-23 06:16:05,916 - DEBUG - Iter 35800: T=3.06, Fitness_actual=129.9, Mejor=136.5
2025-10-23 06:16:15,482 - DEBUG - Iter 35900: T=3.05, Fitness_actual=117.2, Mejor=136.5
2025-10-23 06:16:20,317 - WARNING - ⚠️  DEGRADACIÓN DETECTADA en iter 35950:
2025-10-23 06:16:20,317 - WARNING -    Mejor fitness: 136.5
2025-10-23 06:16:20,318 - WARNING -    Fitness promedio reciente: 111.6
2025-10-23 06:16:20,318 - WARNING -    Degradación: 24.9
2025-10-23 06:16:20,318 - WARNING -    🔄 RESTAURANDO mejor solución...
2025-10-23 06:16:25,204 - INFO -   Iter 36000 | Tiempo:   40.6min (16.9%) | T =     3.05 | Fitness =    122.9 | Mejor =    136.5 | Aceptación =  85.3%
2025-10-23 06:16:25,204 - INFO - Progreso iter 36000: T=3.05, Fitness=122.9, Mejor=136.5, Tasa_acept=85.3%
2025-10-23 06:16:25,207 - DEBUG - Iter 36000: T=3.05, Fitness_actual=122.9, Mejor=136.5
2025-10-23 06:16:30,099 - WARNING - ⚠️  DEGRADACIÓN DETECTADA en iter 36050:
2025-10-23 06:16:30,099 - WARNING -    Mejor fitness: 136.5
2025-10-23 06:16:30,100 - WARNING -    Fitness promedio reciente: 113.2
2025-10-23 06:16:30,100 - WARNING -    Degradación: 23.3
2025-10-23 06:16:30,100 - WARNING -    🔄 RESTAURANDO mejor solución...
2025-10-23 06:16:34,940 - DEBUG - Iter 36100: T=3.04, Fitness_actual=110.3, Mejor=136.5
2025-10-23 06:16:39,770 - WARNING - ⚠️  DEGRADACIÓN DETECTADA en iter 36150:
2025-10-23 06:16:39,770 - WARNING -    Mejor fitness: 136.5
2025-10-23 06:16:39,771 - WARNING -    Fitness promedio reciente: 103.1
2025-10-23 06:16:39,771 - WARNING -    Degradación: 33.4
2025-10-23 06:16:39,771 - WARNING -    🔄 RESTAURANDO mejor solución...
2025-10-23 06:16:44,627 - DEBUG - Iter 36200: T=3.04, Fitness_actual=126.9, Mejor=136.5
2025-10-23 06:16:54,309 - WARNING - ⚠️  DEGRADACIÓN DETECTADA en iter 36300:
2025-10-23 06:16:54,309 - WARNING -    Mejor fitness: 136.5
2025-10-23 06:16:54,310 - WARNING -    Fitness promedio reciente: 111.8
2025-10-23 06:16:54,310 - WARNING -    Degradación: 24.6
2025-10-23 06:16:54,310 - WARNING -    🔄 RESTAURANDO mejor solución...
2025-10-23 06:16:54,311 - DEBUG - Iter 36300: T=3.03, Fitness_actual=136.5, Mejor=136.5
2025-10-23 06:17:03,983 - WARNING - ⚠️  DEGRADACIÓN DETECTADA en iter 36400:
2025-10-23 06:17:03,984 - WARNING -    Mejor fitness: 136.5
2025-10-23 06:17:03,984 - WARNING -    Fitness promedio reciente: 112.7
2025-10-23 06:17:03,985 - WARNING -    Degradación: 23.8
2025-10-23 06:17:03,985 - WARNING -    🔄 RESTAURANDO mejor solución...
2025-10-23 06:17:03,987 - DEBUG - Iter 36400: T=3.02, Fitness_actual=136.5, Mejor=136.5
2025-10-23 06:17:13,676 - INFO -   Iter 36500 | Tiempo:   41.5min (17.3%) | T =     3.02 | Fitness =    114.9 | Mejor =    136.5 | Aceptación =  85.3%
2025-10-23 06:17:13,676 - INFO - Progreso iter 36500: T=3.02, Fitness=114.9, Mejor=136.5, Tasa_acept=85.3%
2025-10-23 06:17:13,679 - DEBUG - Iter 36500: T=3.02, Fitness_actual=114.9, Mejor=136.5
2025-10-23 06:17:18,614 - WARNING - ⚠️  DEGRADACIÓN DETECTADA en iter 36550:
2025-10-23 06:17:18,614 - WARNING -    Mejor fitness: 136.5
2025-10-23 06:17:18,615 - WARNING -    Fitness promedio reciente: 111.1
2025-10-23 06:17:18,615 - WARNING -    Degradación: 25.4
2025-10-23 06:17:18,615 - WARNING -    🔄 RESTAURANDO mejor solución...
2025-10-23 06:17:23,473 - DEBUG - Iter 36600: T=3.01, Fitness_actual=121.7, Mejor=136.5
2025-10-23 06:17:33,193 - DEBUG - Iter 36700: T=3.01, Fitness_actual=111.9, Mejor=136.5
2025-10-23 06:17:38,045 - WARNING - ⚠️  DEGRADACIÓN DETECTADA en iter 36750:
2025-10-23 06:17:38,045 - WARNING -    Mejor fitness: 136.5
2025-10-23 06:17:38,046 - WARNING -    Fitness promedio reciente: 111.9
2025-10-23 06:17:38,046 - WARNING -    Degradación: 24.6
2025-10-23 06:17:38,046 - WARNING -    🔄 RESTAURANDO mejor solución...
2025-10-23 06:17:42,931 - DEBUG - Iter 36800: T=3.00, Fitness_actual=123.1, Mejor=136.5
2025-10-23 06:17:52,765 - DEBUG - Iter 36900: T=2.99, Fitness_actual=111.7, Mejor=136.5
2025-10-23 06:17:57,677 - WARNING - ⚠️  DEGRADACIÓN DETECTADA en iter 36950:
2025-10-23 06:17:57,677 - WARNING -    Mejor fitness: 136.5
2025-10-23 06:17:57,678 - WARNING -    Fitness promedio reciente: 112.7
2025-10-23 06:17:57,678 - WARNING -    Degradación: 23.7
2025-10-23 06:17:57,678 - WARNING -    🔄 RESTAURANDO mejor solución...
2025-10-23 06:18:02,566 - INFO -   Iter 37000 | Tiempo:   42.3min (17.6%) | T =     2.99 | Fitness =    123.6 | Mejor =    136.5 | Aceptación =  85.2%
2025-10-23 06:18:02,566 - INFO - Progreso iter 37000: T=2.99, Fitness=123.6, Mejor=136.5, Tasa_acept=85.2%
2025-10-23 06:18:02,570 - DEBUG - Iter 37000: T=2.99, Fitness_actual=123.6, Mejor=136.5
2025-10-23 06:18:12,428 - WARNING - ⚠️  DEGRADACIÓN DETECTADA en iter 37100:
2025-10-23 06:18:12,428 - WARNING -    Mejor fitness: 136.5
2025-10-23 06:18:12,429 - WARNING -    Fitness promedio reciente: 110.2
2025-10-23 06:18:12,429 - WARNING -    Degradación: 26.3
2025-10-23 06:18:12,430 - WARNING -    🔄 RESTAURANDO mejor solución...
2025-10-23 06:18:12,431 - DEBUG - Iter 37100: T=2.98, Fitness_actual=136.5, Mejor=136.5
2025-10-23 06:18:12,431 - INFO - 🌟 MEJORA #164 en iter 37100: Fitness=136.5 (+0.0), Puntos=15789
2025-10-23 06:18:22,354 - DEBUG - Iter 37200: T=2.98, Fitness_actual=116.8, Mejor=136.5
2025-10-23 06:18:32,214 - DEBUG - Iter 37300: T=2.97, Fitness_actual=117.6, Mejor=136.5
2025-10-23 06:18:37,175 - WARNING - ⚠️  DEGRADACIÓN DETECTADA en iter 37350:
2025-10-23 06:18:37,175 - WARNING -    Mejor fitness: 136.5
2025-10-23 06:18:37,176 - WARNING -    Fitness promedio reciente: 115.2
2025-10-23 06:18:37,176 - WARNING -    Degradación: 21.3
2025-10-23 06:18:37,176 - WARNING -    🔄 RESTAURANDO mejor solución...
2025-10-23 06:18:37,278 - INFO - 🌟 MEJORA #165 en iter 37351: Fitness=136.5 (+0.0), Puntos=15789
2025-10-23 06:18:37,278 - INFO -   ✨ Mejora #165 en iteración 37352: Fitness = 136.5 | Puntos = 15789 | T = 2.97
2025-10-23 06:18:42,165 - DEBUG - Iter 37400: T=2.97, Fitness_actual=119.1, Mejor=136.5
2025-10-23 06:18:52,125 - INFO -   Iter 37500 | Tiempo:   43.1min (18.0%) | T =     2.96 | Fitness =    108.2 | Mejor =    136.5 | Aceptación =  85.2%
2025-10-23 06:18:52,126 - INFO - Progreso iter 37500: T=2.96, Fitness=108.2, Mejor=136.5, Tasa_acept=85.2%
2025-10-23 06:18:52,126 - WARNING - ⚠️  DEGRADACIÓN DETECTADA en iter 37500:
2025-10-23 06:18:52,126 - WARNING -    Mejor fitness: 136.5
2025-10-23 06:18:52,127 - WARNING -    Fitness promedio reciente: 108.1
2025-10-23 06:18:52,127 - WARNING -    Degradación: 28.3
2025-10-23 06:18:52,127 - WARNING -    🔄 RESTAURANDO mejor solución...
2025-10-23 06:18:52,128 - DEBUG - Iter 37500: T=2.96, Fitness_actual=136.5, Mejor=136.5
2025-10-23 06:18:52,129 - INFO - 🌟 MEJORA #166 en iter 37500: Fitness=136.5 (+0.0), Puntos=15789
2025-10-23 06:19:02,066 - DEBUG - Iter 37600: T=2.95, Fitness_actual=115.6, Mejor=136.5
2025-10-23 06:19:07,058 - WARNING - ⚠️  DEGRADACIÓN DETECTADA en iter 37650:
2025-10-23 06:19:07,058 - WARNING -    Mejor fitness: 136.5
2025-10-23 06:19:07,059 - WARNING -    Fitness promedio reciente: 110.5
2025-10-23 06:19:07,059 - WARNING -    Degradación: 26.0
2025-10-23 06:19:07,060 - WARNING -    🔄 RESTAURANDO mejor solución...
2025-10-23 06:19:07,061 - INFO - 🌟 MEJORA #167 en iter 37650: Fitness=136.5 (+0.0), Puntos=15792
2025-10-23 06:19:12,011 - DEBUG - Iter 37700: T=2.95, Fitness_actual=120.9, Mejor=136.5
2025-10-23 06:19:21,982 - WARNING - ⚠️  DEGRADACIÓN DETECTADA en iter 37800:
2025-10-23 06:19:21,982 - WARNING -    Mejor fitness: 136.5
2025-10-23 06:19:21,983 - WARNING -    Fitness promedio reciente: 112.5
2025-10-23 06:19:21,983 - WARNING -    Degradación: 24.0
2025-10-23 06:19:21,983 - WARNING -    🔄 RESTAURANDO mejor solución...
2025-10-23 06:19:21,986 - DEBUG - Iter 37800: T=2.94, Fitness_actual=136.5, Mejor=136.5
2025-10-23 06:19:31,979 - WARNING - ⚠️  DEGRADACIÓN DETECTADA en iter 37900:
2025-10-23 06:19:31,979 - WARNING -    Mejor fitness: 136.5
2025-10-23 06:19:31,980 - WARNING -    Fitness promedio reciente: 113.9
2025-10-23 06:19:31,981 - WARNING -    Degradación: 22.6
2025-10-23 06:19:31,981 - WARNING -    🔄 RESTAURANDO mejor solución...
2025-10-23 06:19:31,983 - DEBUG - Iter 37900: T=2.94, Fitness_actual=136.5, Mejor=136.5
2025-10-23 06:19:32,580 - INFO - 🌟 MEJORA #168 en iter 37906: Fitness=136.5 (+0.0), Puntos=15793
2025-10-23 06:19:33,768 - INFO - 🌟 MEJORA #169 en iter 37918: Fitness=137.4 (+0.9), Puntos=15780
2025-10-23 06:19:34,263 - INFO - 🌟 MEJORA #170 en iter 37923: Fitness=137.4 (+0.0), Puntos=15781
2025-10-23 06:19:34,263 - INFO -   ✨ Mejora #170 en iteración 37924: Fitness = 137.4 | Puntos = 15781 | T = 2.93
2025-10-23 06:19:41,914 - INFO -   Iter 38000 | Tiempo:   43.9min (18.3%) | T =     2.93 | Fitness =    119.7 | Mejor =    137.4 | Aceptación =  85.1%
2025-10-23 06:19:41,914 - INFO - Progreso iter 38000: T=2.93, Fitness=119.7, Mejor=137.4, Tasa_acept=85.1%
2025-10-23 06:19:41,917 - DEBUG - Iter 38000: T=2.93, Fitness_actual=119.7, Mejor=137.4
2025-10-23 06:19:46,892 - WARNING - ⚠️  DEGRADACIÓN DETECTADA en iter 38050:
2025-10-23 06:19:46,892 - WARNING -    Mejor fitness: 137.4
2025-10-23 06:19:46,893 - WARNING -    Fitness promedio reciente: 114.2
2025-10-23 06:19:46,894 - WARNING -    Degradación: 23.2
2025-10-23 06:19:46,894 - WARNING -    🔄 RESTAURANDO mejor solución...
2025-10-23 06:19:46,996 - INFO - 🌟 MEJORA #171 en iter 38051: Fitness=137.4 (+0.0), Puntos=15781
2025-10-23 06:19:47,094 - INFO - 🌟 MEJORA #172 en iter 38052: Fitness=137.5 (+0.0), Puntos=15784
2025-10-23 06:19:51,890 - DEBUG - Iter 38100: T=2.92, Fitness_actual=118.4, Mejor=137.5
2025-10-23 06:20:01,959 - WARNING - ⚠️  DEGRADACIÓN DETECTADA en iter 38200:
2025-10-23 06:20:01,960 - WARNING -    Mejor fitness: 137.5
2025-10-23 06:20:01,960 - WARNING -    Fitness promedio reciente: 109.9
2025-10-23 06:20:01,960 - WARNING -    Degradación: 27.6
2025-10-23 06:20:01,961 - WARNING -    🔄 RESTAURANDO mejor solución...
2025-10-23 06:20:01,962 - DEBUG - Iter 38200: T=2.92, Fitness_actual=137.5, Mejor=137.5
2025-10-23 06:20:12,101 - WARNING - ⚠️  DEGRADACIÓN DETECTADA en iter 38300:
2025-10-23 06:20:12,101 - WARNING -    Mejor fitness: 137.5
2025-10-23 06:20:12,101 - WARNING -    Fitness promedio reciente: 107.4
2025-10-23 06:20:12,102 - WARNING -    Degradación: 30.1
2025-10-23 06:20:12,102 - WARNING -    🔄 RESTAURANDO mejor solución...
2025-10-23 06:20:12,103 - DEBUG - Iter 38300: T=2.91, Fitness_actual=137.5, Mejor=137.5
2025-10-23 06:20:12,103 - INFO - 🌟 MEJORA #173 en iter 38300: Fitness=137.5 (+0.0), Puntos=15784
2025-10-23 06:20:22,301 - DEBUG - Iter 38400: T=2.91, Fitness_actual=123.0, Mejor=137.5
2025-10-23 06:20:32,472 - INFO -   Iter 38500 | Tiempo:   44.8min (18.7%) | T =     2.90 | Fitness =    115.0 | Mejor =    137.5 | Aceptación =  85.1%
2025-10-23 06:20:32,472 - INFO - Progreso iter 38500: T=2.90, Fitness=115.0, Mejor=137.5, Tasa_acept=85.1%
2025-10-23 06:20:32,473 - DEBUG - Iter 38500: T=2.90, Fitness_actual=115.0, Mejor=137.5
2025-10-23 06:20:37,533 - WARNING - ⚠️  DEGRADACIÓN DETECTADA en iter 38550:
2025-10-23 06:20:37,534 - WARNING -    Mejor fitness: 137.5
2025-10-23 06:20:37,534 - WARNING -    Fitness promedio reciente: 111.7
2025-10-23 06:20:37,534 - WARNING -    Degradación: 25.8
2025-10-23 06:20:37,535 - WARNING -    🔄 RESTAURANDO mejor solución...
2025-10-23 06:20:42,624 - DEBUG - Iter 38600: T=2.89, Fitness_actual=111.7, Mejor=137.5
2025-10-23 06:20:47,731 - WARNING - ⚠️  DEGRADACIÓN DETECTADA en iter 38650:
2025-10-23 06:20:47,731 - WARNING -    Mejor fitness: 137.5
2025-10-23 06:20:47,731 - WARNING -    Fitness promedio reciente: 107.4
2025-10-23 06:20:47,732 - WARNING -    Degradación: 30.1
2025-10-23 06:20:47,732 - WARNING -    🔄 RESTAURANDO mejor solución...
2025-10-23 06:20:52,923 - DEBUG - Iter 38700: T=2.89, Fitness_actual=127.3, Mejor=137.5
2025-10-23 06:21:03,100 - DEBUG - Iter 38800: T=2.88, Fitness_actual=116.8, Mejor=137.5
2025-10-23 06:21:08,208 - WARNING - ⚠️  DEGRADACIÓN DETECTADA en iter 38850:
2025-10-23 06:21:08,208 - WARNING -    Mejor fitness: 137.5
2025-10-23 06:21:08,208 - WARNING -    Fitness promedio reciente: 110.6
2025-10-23 06:21:08,209 - WARNING -    Degradación: 26.9
2025-10-23 06:21:08,209 - WARNING -    🔄 RESTAURANDO mejor solución...
2025-10-23 06:21:08,210 - INFO - 🌟 MEJORA #174 en iter 38850: Fitness=137.8 (+0.4), Puntos=15819
2025-10-23 06:21:12,724 - WARNING - ================================================================================
2025-10-23 06:21:12,725 - WARNING - ⚠️  SALTO ANORMAL DETECTADO en iteración 38894
2025-10-23 06:21:12,725 - WARNING -    Fitness actual: 124.6
2025-10-23 06:21:12,726 - WARNING -    Fitness vecino: 101.4
2025-10-23 06:21:12,726 - WARNING -    Delta: -23.2
2025-10-23 06:21:12,726 - WARNING -    Temperatura: 2.88
2025-10-23 06:21:12,726 - WARNING -    Tipo perturbación aplicada: (ver generar_vecino)
2025-10-23 06:21:12,727 - WARNING -    Vecino - Puntos: 15007, Tiempo: 15159.1min, Distancia: 251.4km
2025-10-23 06:21:12,727 - WARNING -    Actual - Puntos: 15301, Tiempo: 13976.1min, Distancia: 142.8km
2025-10-23 06:21:12,727 - WARNING -    Validez restricciones - Vecino: False, Actual: False
2025-10-23 06:21:12,728 - WARNING - ================================================================================
2025-10-23 06:21:12,728 - WARNING - ⚠️  SALTO ANORMAL DETECTADO en iteración 38894
2025-10-23 06:21:12,728 - WARNING -    Fitness: 124.6 → 101.4 (Δ=-23.2)
2025-10-23 06:21:12,728 - WARNING -    Ver detalles en archivo de log
2025-10-23 06:21:13,342 - DEBUG - Iter 38900: T=2.88, Fitness_actual=124.8, Mejor=137.8
2025-10-23 06:21:23,625 - INFO -   Iter 39000 | Tiempo:   45.6min (19.0%) | T =     2.87 | Fitness =    111.4 | Mejor =    137.8 | Aceptación =  85.0%
2025-10-23 06:21:23,625 - INFO - Progreso iter 39000: T=2.87, Fitness=111.4, Mejor=137.8, Tasa_acept=85.0%
2025-10-23 06:21:23,626 - WARNING - ⚠️  DEGRADACIÓN DETECTADA en iter 39000:
2025-10-23 06:21:23,626 - WARNING -    Mejor fitness: 137.8
2025-10-23 06:21:23,626 - WARNING -    Fitness promedio reciente: 107.1
2025-10-23 06:21:23,627 - WARNING -    Degradación: 30.7
2025-10-23 06:21:23,627 - WARNING -    🔄 RESTAURANDO mejor solución...
2025-10-23 06:21:23,628 - DEBUG - Iter 39000: T=2.87, Fitness_actual=137.8, Mejor=137.8
2025-10-23 06:21:33,840 - DEBUG - Iter 39100: T=2.86, Fitness_actual=113.1, Mejor=137.8
2025-10-23 06:21:38,933 - WARNING - ⚠️  DEGRADACIÓN DETECTADA en iter 39150:
2025-10-23 06:21:38,933 - WARNING -    Mejor fitness: 137.8
2025-10-23 06:21:38,934 - WARNING -    Fitness promedio reciente: 112.3
2025-10-23 06:21:38,934 - WARNING -    Degradación: 25.5
2025-10-23 06:21:38,934 - WARNING -    🔄 RESTAURANDO mejor solución...
2025-10-23 06:21:39,340 - INFO - 🌟 MEJORA #175 en iter 39154: Fitness=137.8 (+0.0), Puntos=15821
2025-10-23 06:21:39,341 - INFO -   ✨ Mejora #175 en iteración 39155: Fitness = 137.8 | Puntos = 15821 | T = 2.86
2025-10-23 06:21:44,058 - DEBUG - Iter 39200: T=2.86, Fitness_actual=127.0, Mejor=137.8
2025-10-23 06:21:54,370 - WARNING - ⚠️  DEGRADACIÓN DETECTADA en iter 39300:
2025-10-23 06:21:54,370 - WARNING -    Mejor fitness: 137.8
2025-10-23 06:21:54,371 - WARNING -    Fitness promedio reciente: 115.3
2025-10-23 06:21:54,371 - WARNING -    Degradación: 22.6
2025-10-23 06:21:54,371 - WARNING -    🔄 RESTAURANDO mejor solución...
2025-10-23 06:21:54,372 - DEBUG - Iter 39300: T=2.85, Fitness_actual=137.8, Mejor=137.8
2025-10-23 06:21:54,477 - INFO - 🌟 MEJORA #176 en iter 39301: Fitness=137.9 (+0.0), Puntos=15824
2025-10-23 06:22:04,586 - DEBUG - Iter 39400: T=2.85, Fitness_actual=116.1, Mejor=137.9
2025-10-23 06:22:09,716 - WARNING - ⚠️  DEGRADACIÓN DETECTADA en iter 39450:
2025-10-23 06:22:09,716 - WARNING -    Mejor fitness: 137.9
2025-10-23 06:22:09,717 - WARNING -    Fitness promedio reciente: 114.5
2025-10-23 06:22:09,717 - WARNING -    Degradación: 23.3
2025-10-23 06:22:09,717 - WARNING -    🔄 RESTAURANDO mejor solución...
2025-10-23 06:22:09,822 - INFO - 🌟 MEJORA #177 en iter 39451: Fitness=137.9 (+0.0), Puntos=15824
2025-10-23 06:22:14,861 - INFO -   Iter 39500 | Tiempo:   46.5min (19.4%) | T =     2.84 | Fitness =    127.9 | Mejor =    137.9 | Aceptación =  85.0%
2025-10-23 06:22:14,861 - INFO - Progreso iter 39500: T=2.84, Fitness=127.9, Mejor=137.9, Tasa_acept=85.0%
2025-10-23 06:22:14,863 - DEBUG - Iter 39500: T=2.84, Fitness_actual=127.9, Mejor=137.9
2025-10-23 06:22:16,720 - WARNING - ================================================================================
2025-10-23 06:22:16,721 - WARNING - ⚠️  SALTO ANORMAL DETECTADO en iteración 39518
2025-10-23 06:22:16,721 - WARNING -    Fitness actual: 124.2
2025-10-23 06:22:16,722 - WARNING -    Fitness vecino: 102.9
2025-10-23 06:22:16,722 - WARNING -    Delta: -21.3
2025-10-23 06:22:16,722 - WARNING -    Temperatura: 2.84
2025-10-23 06:22:16,722 - WARNING -    Tipo perturbación aplicada: (ver generar_vecino)
2025-10-23 06:22:16,723 - WARNING -    Vecino - Puntos: 15061, Tiempo: 15037.1min, Distancia: 225.3km
2025-10-23 06:22:16,723 - WARNING -    Actual - Puntos: 15061, Tiempo: 13614.7min, Distancia: 141.8km
2025-10-23 06:22:16,723 - WARNING -    Validez restricciones - Vecino: False, Actual: False
2025-10-23 06:22:16,723 - WARNING - ================================================================================
2025-10-23 06:22:16,724 - WARNING - ⚠️  SALTO ANORMAL DETECTADO en iteración 39518
2025-10-23 06:22:16,724 - WARNING -    Fitness: 124.2 → 102.9 (Δ=-21.3)
2025-10-23 06:22:16,724 - WARNING -    Ver detalles en archivo de log
2025-10-23 06:22:25,153 - WARNING - ⚠️  DEGRADACIÓN DETECTADA en iter 39600:
2025-10-23 06:22:25,153 - WARNING -    Mejor fitness: 137.9
2025-10-23 06:22:25,154 - WARNING -    Fitness promedio reciente: 105.6
2025-10-23 06:22:25,154 - WARNING -    Degradación: 32.3
2025-10-23 06:22:25,154 - WARNING -    🔄 RESTAURANDO mejor solución...
2025-10-23 06:22:25,155 - DEBUG - Iter 39600: T=2.84, Fitness_actual=137.9, Mejor=137.9
2025-10-23 06:22:35,403 - WARNING - ⚠️  DEGRADACIÓN DETECTADA en iter 39700:
2025-10-23 06:22:35,403 - WARNING -    Mejor fitness: 137.9
2025-10-23 06:22:35,404 - WARNING -    Fitness promedio reciente: 102.7
2025-10-23 06:22:35,404 - WARNING -    Degradación: 35.2
2025-10-23 06:22:35,404 - WARNING -    🔄 RESTAURANDO mejor solución...
2025-10-23 06:22:35,407 - DEBUG - Iter 39700: T=2.83, Fitness_actual=137.9, Mejor=137.9
2025-10-23 06:22:45,656 - WARNING - ⚠️  DEGRADACIÓN DETECTADA en iter 39800:
2025-10-23 06:22:45,656 - WARNING -    Mejor fitness: 137.9
2025-10-23 06:22:45,657 - WARNING -    Fitness promedio reciente: 112.3
2025-10-23 06:22:45,657 - WARNING -    Degradación: 25.6
2025-10-23 06:22:45,657 - WARNING -    🔄 RESTAURANDO mejor solución...
2025-10-23 06:22:45,658 - DEBUG - Iter 39800: T=2.82, Fitness_actual=137.9, Mejor=137.9
2025-10-23 06:22:55,942 - DEBUG - Iter 39900: T=2.82, Fitness_actual=123.9, Mejor=137.9
2025-10-23 06:23:06,270 - INFO -   Iter 40000 | Tiempo:   47.3min (19.7%) | T =     2.81 | Fitness =    105.7 | Mejor =    137.9 | Aceptación =  85.0%
2025-10-23 06:23:06,270 - INFO - Progreso iter 40000: T=2.81, Fitness=105.7, Mejor=137.9, Tasa_acept=85.0%
2025-10-23 06:23:06,271 - WARNING - ⚠️  DEGRADACIÓN DETECTADA en iter 40000:
2025-10-23 06:23:06,271 - WARNING -    Mejor fitness: 137.9
2025-10-23 06:23:06,271 - WARNING -    Fitness promedio reciente: 110.9
2025-10-23 06:23:06,271 - WARNING -    Degradación: 27.0
2025-10-23 06:23:06,272 - WARNING -    🔄 RESTAURANDO mejor solución...
2025-10-23 06:23:06,273 - DEBUG - Iter 40000: T=2.81, Fitness_actual=137.9, Mejor=137.9
2025-10-23 06:23:16,644 - DEBUG - Iter 40100: T=2.81, Fitness_actual=121.1, Mejor=137.9
2025-10-23 06:23:27,005 - WARNING - ⚠️  DEGRADACIÓN DETECTADA en iter 40200:
2025-10-23 06:23:27,005 - WARNING -    Mejor fitness: 137.9
2025-10-23 06:23:27,006 - WARNING -    Fitness promedio reciente: 112.6
2025-10-23 06:23:27,006 - WARNING -    Degradación: 25.3
2025-10-23 06:23:27,006 - WARNING -    🔄 RESTAURANDO mejor solución...
2025-10-23 06:23:27,007 - DEBUG - Iter 40200: T=2.80, Fitness_actual=137.9, Mejor=137.9
2025-10-23 06:23:27,111 - INFO - 🌟 MEJORA #178 en iter 40201: Fitness=137.9 (+0.0), Puntos=15824
2025-10-23 06:23:37,383 - DEBUG - Iter 40300: T=2.79, Fitness_actual=107.5, Mejor=137.9
2025-10-23 06:23:42,575 - WARNING - ⚠️  DEGRADACIÓN DETECTADA en iter 40350:
2025-10-23 06:23:42,576 - WARNING -    Mejor fitness: 137.9
2025-10-23 06:23:42,576 - WARNING -    Fitness promedio reciente: 104.3
2025-10-23 06:23:42,576 - WARNING -    Degradación: 33.5
2025-10-23 06:23:42,577 - WARNING -    🔄 RESTAURANDO mejor solución...
2025-10-23 06:23:47,750 - DEBUG - Iter 40400: T=2.79, Fitness_actual=130.7, Mejor=137.9
2025-10-23 06:23:58,090 - INFO -   Iter 40500 | Tiempo:   48.2min (20.1%) | T =     2.78 | Fitness =    110.4 | Mejor =    137.9 | Aceptación =  85.0%
2025-10-23 06:23:58,090 - INFO - Progreso iter 40500: T=2.78, Fitness=110.4, Mejor=137.9, Tasa_acept=85.0%
2025-10-23 06:23:58,091 - WARNING - ⚠️  DEGRADACIÓN DETECTADA en iter 40500:
2025-10-23 06:23:58,091 - WARNING -    Mejor fitness: 137.9
2025-10-23 06:23:58,091 - WARNING -    Fitness promedio reciente: 113.4
2025-10-23 06:23:58,091 - WARNING -    Degradación: 24.5
2025-10-23 06:23:58,092 - WARNING -    🔄 RESTAURANDO mejor solución...
2025-10-23 06:23:58,094 - DEBUG - Iter 40500: T=2.78, Fitness_actual=137.9, Mejor=137.9
2025-10-23 06:24:08,461 - DEBUG - Iter 40600: T=2.78, Fitness_actual=110.1, Mejor=137.9
2025-10-23 06:24:13,665 - WARNING - ⚠️  DEGRADACIÓN DETECTADA en iter 40650:
2025-10-23 06:24:13,666 - WARNING -    Mejor fitness: 137.9
2025-10-23 06:24:13,666 - WARNING -    Fitness promedio reciente: 109.3
2025-10-23 06:24:13,666 - WARNING -    Degradación: 28.6
2025-10-23 06:24:13,667 - WARNING -    🔄 RESTAURANDO mejor solución...
2025-10-23 06:24:13,874 - INFO - 🌟 MEJORA #179 en iter 40652: Fitness=137.9 (+0.0), Puntos=15824
2025-10-23 06:24:18,862 - DEBUG - Iter 40700: T=2.77, Fitness_actual=125.2, Mejor=137.9
2025-10-23 06:24:29,283 - WARNING - ⚠️  DEGRADACIÓN DETECTADA en iter 40800:
2025-10-23 06:24:29,283 - WARNING -    Mejor fitness: 137.9
2025-10-23 06:24:29,284 - WARNING -    Fitness promedio reciente: 105.2
2025-10-23 06:24:29,284 - WARNING -    Degradación: 32.6
2025-10-23 06:24:29,284 - WARNING -    🔄 RESTAURANDO mejor solución...
2025-10-23 06:24:29,285 - DEBUG - Iter 40800: T=2.77, Fitness_actual=137.9, Mejor=137.9
2025-10-23 06:24:39,644 - WARNING - ⚠️  DEGRADACIÓN DETECTADA en iter 40900:
2025-10-23 06:24:39,644 - WARNING -    Mejor fitness: 137.9
2025-10-23 06:24:39,645 - WARNING -    Fitness promedio reciente: 115.4
2025-10-23 06:24:39,645 - WARNING -    Degradación: 22.5
2025-10-23 06:24:39,645 - WARNING -    🔄 RESTAURANDO mejor solución...
2025-10-23 06:24:39,646 - DEBUG - Iter 40900: T=2.76, Fitness_actual=137.9, Mejor=137.9
2025-10-23 06:24:49,655 - INFO -   Iter 41000 | Tiempo:   49.1min (20.4%) | T =     2.75 | Fitness =     98.2 | Mejor =    137.9 | Aceptación =  84.9%
2025-10-23 06:24:49,655 - INFO - Progreso iter 41000: T=2.75, Fitness=98.2, Mejor=137.9, Tasa_acept=84.9%
2025-10-23 06:24:49,656 - WARNING - ⚠️  DEGRADACIÓN DETECTADA en iter 41000:
2025-10-23 06:24:49,656 - WARNING -    Mejor fitness: 137.9
2025-10-23 06:24:49,656 - WARNING -    Fitness promedio reciente: 108.2
2025-10-23 06:24:49,656 - WARNING -    Degradación: 29.7
2025-10-23 06:24:49,656 - WARNING -    🔄 RESTAURANDO mejor solución...
2025-10-23 06:24:49,658 - DEBUG - Iter 41000: T=2.75, Fitness_actual=137.9, Mejor=137.9
2025-10-23 06:24:49,757 - INFO - 🌟 MEJORA #180 en iter 41001: Fitness=137.9 (+0.0), Puntos=15827
2025-10-23 06:24:49,757 - INFO -   ✨ Mejora #180 en iteración 41002: Fitness = 137.9 | Puntos = 15827 | T = 2.75
2025-10-23 06:24:59,682 - DEBUG - Iter 41100: T=2.75, Fitness_actual=119.2, Mejor=137.9
2025-10-23 06:25:04,704 - WARNING - ⚠️  DEGRADACIÓN DETECTADA en iter 41150:
2025-10-23 06:25:04,704 - WARNING -    Mejor fitness: 137.9
2025-10-23 06:25:04,705 - WARNING -    Fitness promedio reciente: 114.2
2025-10-23 06:25:04,705 - WARNING -    Degradación: 23.7
2025-10-23 06:25:04,705 - WARNING -    🔄 RESTAURANDO mejor solución...
2025-10-23 06:25:05,013 - INFO - 🌟 MEJORA #181 en iter 41153: Fitness=137.9 (+0.0), Puntos=15829
2025-10-23 06:25:09,713 - DEBUG - Iter 41200: T=2.74, Fitness_actual=125.9, Mejor=137.9
2025-10-23 06:25:19,744 - WARNING - ⚠️  DEGRADACIÓN DETECTADA en iter 41300:
2025-10-23 06:25:19,744 - WARNING -    Mejor fitness: 137.9
2025-10-23 06:25:19,745 - WARNING -    Fitness promedio reciente: 107.3
2025-10-23 06:25:19,745 - WARNING -    Degradación: 30.6
2025-10-23 06:25:19,745 - WARNING -    🔄 RESTAURANDO mejor solución...
2025-10-23 06:25:19,747 - DEBUG - Iter 41300: T=2.74, Fitness_actual=137.9, Mejor=137.9
2025-10-23 06:25:29,875 - DEBUG - Iter 41400: T=2.73, Fitness_actual=111.8, Mejor=137.9
2025-10-23 06:25:34,971 - WARNING - ⚠️  DEGRADACIÓN DETECTADA en iter 41450:
2025-10-23 06:25:34,971 - WARNING -    Mejor fitness: 137.9
2025-10-23 06:25:34,972 - WARNING -    Fitness promedio reciente: 113.0
2025-10-23 06:25:34,972 - WARNING -    Degradación: 24.9
2025-10-23 06:25:34,972 - WARNING -    🔄 RESTAURANDO mejor solución...
2025-10-23 06:25:39,999 - INFO -   Iter 41500 | Tiempo:   49.9min (20.8%) | T =     2.73 | Fitness =    131.8 | Mejor =    137.9 | Aceptación =  84.8%
2025-10-23 06:25:39,999 - INFO - Progreso iter 41500: T=2.73, Fitness=131.8, Mejor=137.9, Tasa_acept=84.8%
2025-10-23 06:25:40,001 - DEBUG - Iter 41500: T=2.73, Fitness_actual=131.8, Mejor=137.9
2025-10-23 06:25:50,097 - WARNING - ⚠️  DEGRADACIÓN DETECTADA en iter 41600:
2025-10-23 06:25:50,102 - WARNING -    Mejor fitness: 137.9
2025-10-23 06:25:50,103 - WARNING -    Fitness promedio reciente: 117.9
2025-10-23 06:25:50,104 - WARNING -    Degradación: 20.0
2025-10-23 06:25:50,108 - WARNING -    🔄 RESTAURANDO mejor solución...
2025-10-23 06:25:50,113 - DEBUG - Iter 41600: T=2.72, Fitness_actual=137.9, Mejor=137.9
2025-10-23 06:26:00,239 - WARNING - ⚠️  DEGRADACIÓN DETECTADA en iter 41700:
2025-10-23 06:26:00,239 - WARNING -    Mejor fitness: 137.9
2025-10-23 06:26:00,239 - WARNING -    Fitness promedio reciente: 116.2
2025-10-23 06:26:00,240 - WARNING -    Degradación: 21.7
2025-10-23 06:26:00,240 - WARNING -    🔄 RESTAURANDO mejor solución...
2025-10-23 06:26:00,241 - DEBUG - Iter 41700: T=2.72, Fitness_actual=137.9, Mejor=137.9
2025-10-23 06:26:00,241 - INFO - 🌟 MEJORA #182 en iter 41700: Fitness=137.9 (+0.0), Puntos=15831
2025-10-23 06:26:00,544 - INFO - 🌟 MEJORA #183 en iter 41703: Fitness=137.9 (+0.0), Puntos=15831
2025-10-23 06:26:04,591 - WARNING - ================================================================================
2025-10-23 06:26:04,591 - WARNING - ⚠️  SALTO ANORMAL DETECTADO en iteración 41743
2025-10-23 06:26:04,591 - WARNING -    Fitness actual: 118.2
2025-10-23 06:26:04,592 - WARNING -    Fitness vecino: 86.8
2025-10-23 06:26:04,592 - WARNING -    Delta: -31.4
2025-10-23 06:26:04,592 - WARNING -    Temperatura: 2.71
2025-10-23 06:26:04,592 - WARNING -    Tipo perturbación aplicada: (ver generar_vecino)
2025-10-23 06:26:04,592 - WARNING -    Vecino - Puntos: 14999, Tiempo: 15221.1min, Distancia: 283.8km
2025-10-23 06:26:04,593 - WARNING -    Actual - Puntos: 15008, Tiempo: 13366.0min, Distancia: 131.7km
2025-10-23 06:26:04,593 - WARNING -    Validez restricciones - Vecino: False, Actual: False
2025-10-23 06:26:04,593 - WARNING - ================================================================================
2025-10-23 06:26:04,593 - WARNING - ⚠️  SALTO ANORMAL DETECTADO en iteración 41743
2025-10-23 06:26:04,593 - WARNING -    Fitness: 118.2 → 86.8 (Δ=-31.4)
2025-10-23 06:26:04,593 - WARNING -    Ver detalles en archivo de log
2025-10-23 06:26:10,368 - DEBUG - Iter 41800: T=2.71, Fitness_actual=110.7, Mejor=137.9
2025-10-23 06:26:15,432 - WARNING - ⚠️  DEGRADACIÓN DETECTADA en iter 41850:
2025-10-23 06:26:15,433 - WARNING -    Mejor fitness: 137.9
2025-10-23 06:26:15,433 - WARNING -    Fitness promedio reciente: 106.1
2025-10-23 06:26:15,433 - WARNING -    Degradación: 31.8
2025-10-23 06:26:15,433 - WARNING -    🔄 RESTAURANDO mejor solución...
2025-10-23 06:26:15,535 - INFO - 🌟 MEJORA #184 en iter 41851: Fitness=137.9 (+0.0), Puntos=15831
2025-10-23 06:26:20,510 - DEBUG - Iter 41900: T=2.70, Fitness_actual=124.9, Mejor=137.9
2025-10-23 06:26:30,662 - INFO -   Iter 42000 | Tiempo:   50.7min (21.1%) | T =     2.70 | Fitness =    110.6 | Mejor =    137.9 | Aceptación =  84.8%
2025-10-23 06:26:30,662 - INFO - Progreso iter 42000: T=2.70, Fitness=110.6, Mejor=137.9, Tasa_acept=84.8%
2025-10-23 06:26:30,663 - WARNING - ⚠️  DEGRADACIÓN DETECTADA en iter 42000:
2025-10-23 06:26:30,663 - WARNING -    Mejor fitness: 137.9
2025-10-23 06:26:30,663 - WARNING -    Fitness promedio reciente: 112.3
2025-10-23 06:26:30,663 - WARNING -    Degradación: 25.7
2025-10-23 06:26:30,664 - WARNING -    🔄 RESTAURANDO mejor solución...
2025-10-23 06:26:30,667 - DEBUG - Iter 42000: T=2.70, Fitness_actual=137.9, Mejor=137.9
2025-10-23 06:26:40,843 - DEBUG - Iter 42100: T=2.69, Fitness_actual=123.3, Mejor=137.9
2025-10-23 06:26:51,037 - DEBUG - Iter 42200: T=2.69, Fitness_actual=115.3, Mejor=137.9
2025-10-23 06:26:56,133 - WARNING - ⚠️  DEGRADACIÓN DETECTADA en iter 42250:
2025-10-23 06:26:56,133 - WARNING -    Mejor fitness: 137.9
2025-10-23 06:26:56,134 - WARNING -    Fitness promedio reciente: 116.8
2025-10-23 06:26:56,134 - WARNING -    Degradación: 21.1
2025-10-23 06:26:56,135 - WARNING -    🔄 RESTAURANDO mejor solución...
2025-10-23 06:26:56,136 - INFO - 🌟 MEJORA #185 en iter 42250: Fitness=138.1 (+0.1), Puntos=15844
2025-10-23 06:26:56,137 - INFO -   ✨ Mejora #185 en iteración 42251: Fitness = 138.1 | Puntos = 15844 | T = 2.69
2025-10-23 06:27:01,205 - DEBUG - Iter 42300: T=2.68, Fitness_actual=122.0, Mejor=138.1
2025-10-23 06:27:11,405 - WARNING - ⚠️  DEGRADACIÓN DETECTADA en iter 42400:
2025-10-23 06:27:11,405 - WARNING -    Mejor fitness: 138.1
2025-10-23 06:27:11,406 - WARNING -    Fitness promedio reciente: 113.0
2025-10-23 06:27:11,406 - WARNING -    Degradación: 25.0
2025-10-23 06:27:11,406 - WARNING -    🔄 RESTAURANDO mejor solución...
2025-10-23 06:27:11,408 - DEBUG - Iter 42400: T=2.68, Fitness_actual=138.1, Mejor=138.1
2025-10-23 06:27:11,408 - INFO - 🌟 MEJORA #186 en iter 42400: Fitness=138.1 (+0.0), Puntos=15844
2025-10-23 06:27:11,512 - INFO - 🌟 MEJORA #187 en iter 42401: Fitness=138.1 (+0.0), Puntos=15848
2025-10-23 06:27:11,831 - INFO - 🌟 MEJORA #188 en iter 42404: Fitness=138.1 (+0.0), Puntos=15849
2025-10-23 06:27:21,636 - INFO -   Iter 42500 | Tiempo:   51.6min (21.5%) | T =     2.67 | Fitness =    116.5 | Mejor =    138.1 | Aceptación =  84.7%
2025-10-23 06:27:21,637 - INFO - Progreso iter 42500: T=2.67, Fitness=116.5, Mejor=138.1, Tasa_acept=84.7%
2025-10-23 06:27:21,639 - DEBUG - Iter 42500: T=2.67, Fitness_actual=116.5, Mejor=138.1
2025-10-23 06:27:26,745 - WARNING - ⚠️  DEGRADACIÓN DETECTADA en iter 42550:
2025-10-23 06:27:26,745 - WARNING -    Mejor fitness: 138.1
2025-10-23 06:27:26,746 - WARNING -    Fitness promedio reciente: 113.6
2025-10-23 06:27:26,746 - WARNING -    Degradación: 24.5
2025-10-23 06:27:26,746 - WARNING -    🔄 RESTAURANDO mejor solución...
2025-10-23 06:27:31,816 - DEBUG - Iter 42600: T=2.67, Fitness_actual=119.9, Mejor=138.1
2025-10-23 06:27:36,880 - WARNING - ⚠️  DEGRADACIÓN DETECTADA en iter 42650:
2025-10-23 06:27:36,880 - WARNING -    Mejor fitness: 138.1
2025-10-23 06:27:36,881 - WARNING -    Fitness promedio reciente: 115.1
2025-10-23 06:27:36,881 - WARNING -    Degradación: 23.0
2025-10-23 06:27:36,881 - WARNING -    🔄 RESTAURANDO mejor solución...
2025-10-23 06:27:41,962 - DEBUG - Iter 42700: T=2.66, Fitness_actual=129.7, Mejor=138.1
2025-10-23 06:27:52,165 - WARNING - ⚠️  DEGRADACIÓN DETECTADA en iter 42800:
2025-10-23 06:27:52,165 - WARNING -    Mejor fitness: 138.1
2025-10-23 06:27:52,166 - WARNING -    Fitness promedio reciente: 118.0
2025-10-23 06:27:52,166 - WARNING -    Degradación: 20.1
2025-10-23 06:27:52,166 - WARNING -    🔄 RESTAURANDO mejor solución...
2025-10-23 06:27:52,167 - DEBUG - Iter 42800: T=2.66, Fitness_actual=138.1, Mejor=138.1
2025-10-23 06:28:02,402 - DEBUG - Iter 42900: T=2.65, Fitness_actual=118.7, Mejor=138.1
2025-10-23 06:28:07,525 - WARNING - ⚠️  DEGRADACIÓN DETECTADA en iter 42950:
2025-10-23 06:28:07,525 - WARNING -    Mejor fitness: 138.1
2025-10-23 06:28:07,526 - WARNING -    Fitness promedio reciente: 114.1
2025-10-23 06:28:07,526 - WARNING -    Degradación: 24.0
2025-10-23 06:28:07,526 - WARNING -    🔄 RESTAURANDO mejor solución...
2025-10-23 06:28:07,528 - INFO - 🌟 MEJORA #189 en iter 42950: Fitness=138.2 (+0.1), Puntos=15864
2025-10-23 06:28:07,834 - INFO - 🌟 MEJORA #190 en iter 42953: Fitness=139.3 (+1.0), Puntos=15964
2025-10-23 06:28:07,834 - INFO -   ✨ Mejora #190 en iteración 42954: Fitness = 139.3 | Puntos = 15964 | T = 2.65
2025-10-23 06:28:12,623 - INFO -   Iter 43000 | Tiempo:   52.4min (21.8%) | T =     2.64 | Fitness =    131.6 | Mejor =    139.3 | Aceptación =  84.6%
2025-10-23 06:28:12,623 - INFO - Progreso iter 43000: T=2.64, Fitness=131.6, Mejor=139.3, Tasa_acept=84.6%
2025-10-23 06:28:12,626 - DEBUG - Iter 43000: T=2.64, Fitness_actual=131.6, Mejor=139.3
2025-10-23 06:28:22,856 - WARNING - ⚠️  DEGRADACIÓN DETECTADA en iter 43100:
2025-10-23 06:28:22,856 - WARNING -    Mejor fitness: 139.3
2025-10-23 06:28:22,857 - WARNING -    Fitness promedio reciente: 111.9
2025-10-23 06:28:22,857 - WARNING -    Degradación: 27.4
2025-10-23 06:28:22,857 - WARNING -    🔄 RESTAURANDO mejor solución...
2025-10-23 06:28:22,859 - DEBUG - Iter 43100: T=2.64, Fitness_actual=139.3, Mejor=139.3
2025-10-23 06:28:22,859 - INFO - 🌟 MEJORA #191 en iter 43100: Fitness=139.3 (+0.0), Puntos=15964
2025-10-23 06:28:33,093 - DEBUG - Iter 43200: T=2.63, Fitness_actual=122.4, Mejor=139.3
2025-10-23 06:28:43,403 - WARNING - ⚠️  DEGRADACIÓN DETECTADA en iter 43300:
2025-10-23 06:28:43,403 - WARNING -    Mejor fitness: 139.3
2025-10-23 06:28:43,404 - WARNING -    Fitness promedio reciente: 118.0
2025-10-23 06:28:43,404 - WARNING -    Degradación: 21.2
2025-10-23 06:28:43,404 - WARNING -    🔄 RESTAURANDO mejor solución...
2025-10-23 06:28:43,405 - DEBUG - Iter 43300: T=2.63, Fitness_actual=139.3, Mejor=139.3
2025-10-23 06:28:43,811 - INFO - 🌟 MEJORA #192 en iter 43304: Fitness=139.3 (+0.1), Puntos=15972
2025-10-23 06:28:44,018 - INFO - 🌟 MEJORA #193 en iter 43306: Fitness=139.4 (+0.1), Puntos=15981
2025-10-23 06:28:44,222 - INFO - 🌟 MEJORA #194 en iter 43308: Fitness=139.5 (+0.0), Puntos=15985
2025-10-23 06:28:53,582 - DEBUG - Iter 43400: T=2.62, Fitness_actual=120.8, Mejor=139.5
2025-10-23 06:28:58,656 - WARNING - ⚠️  DEGRADACIÓN DETECTADA en iter 43450:
2025-10-23 06:28:58,656 - WARNING -    Mejor fitness: 139.5
2025-10-23 06:28:58,657 - WARNING -    Fitness promedio reciente: 112.9
2025-10-23 06:28:58,658 - WARNING -    Degradación: 26.6
2025-10-23 06:28:58,658 - WARNING -    🔄 RESTAURANDO mejor solución...
2025-10-23 06:29:03,797 - INFO -   Iter 43500 | Tiempo:   53.3min (22.2%) | T =     2.62 | Fitness =    122.9 | Mejor =    139.5 | Aceptación =  84.6%
2025-10-23 06:29:03,798 - INFO - Progreso iter 43500: T=2.62, Fitness=122.9, Mejor=139.5, Tasa_acept=84.6%
2025-10-23 06:29:03,800 - DEBUG - Iter 43500: T=2.62, Fitness_actual=122.9, Mejor=139.5
2025-10-23 06:29:14,071 - WARNING - ⚠️  DEGRADACIÓN DETECTADA en iter 43600:
2025-10-23 06:29:14,071 - WARNING -    Mejor fitness: 139.5
2025-10-23 06:29:14,072 - WARNING -    Fitness promedio reciente: 115.7
2025-10-23 06:29:14,072 - WARNING -    Degradación: 23.8
2025-10-23 06:29:14,072 - WARNING -    🔄 RESTAURANDO mejor solución...
2025-10-23 06:29:14,075 - DEBUG - Iter 43600: T=2.61, Fitness_actual=139.5, Mejor=139.5
2025-10-23 06:29:24,379 - DEBUG - Iter 43700: T=2.61, Fitness_actual=117.9, Mejor=139.5
2025-10-23 06:29:34,705 - WARNING - ⚠️  DEGRADACIÓN DETECTADA en iter 43800:
2025-10-23 06:29:34,705 - WARNING -    Mejor fitness: 139.5
2025-10-23 06:29:34,706 - WARNING -    Fitness promedio reciente: 114.9
2025-10-23 06:29:34,706 - WARNING -    Degradación: 24.6
2025-10-23 06:29:34,706 - WARNING -    🔄 RESTAURANDO mejor solución...
2025-10-23 06:29:34,707 - DEBUG - Iter 43800: T=2.60, Fitness_actual=139.5, Mejor=139.5
2025-10-23 06:29:34,708 - INFO - 🌟 MEJORA #195 en iter 43800: Fitness=139.5 (+0.0), Puntos=15985
2025-10-23 06:29:34,708 - INFO -   ✨ Mejora #195 en iteración 43801: Fitness = 139.5 | Puntos = 15985 | T = 2.60
2025-10-23 06:29:34,914 - INFO - 🌟 MEJORA #196 en iter 43802: Fitness=139.5 (+0.0), Puntos=15989
2025-10-23 06:29:35,326 - INFO - 🌟 MEJORA #197 en iter 43806: Fitness=139.5 (+0.0), Puntos=15990
2025-10-23 06:29:45,020 - DEBUG - Iter 43900: T=2.60, Fitness_actual=136.9, Mejor=139.5
2025-10-23 06:29:55,356 - INFO -   Iter 44000 | Tiempo:   54.1min (22.6%) | T =     2.59 | Fitness =    122.0 | Mejor =    139.5 | Aceptación =  84.5%
2025-10-23 06:29:55,356 - INFO - Progreso iter 44000: T=2.59, Fitness=122.0, Mejor=139.5, Tasa_acept=84.5%
2025-10-23 06:29:55,359 - DEBUG - Iter 44000: T=2.59, Fitness_actual=122.0, Mejor=139.5
2025-10-23 06:30:05,772 - WARNING - ⚠️  DEGRADACIÓN DETECTADA en iter 44100:
2025-10-23 06:30:05,772 - WARNING -    Mejor fitness: 139.5
2025-10-23 06:30:05,773 - WARNING -    Fitness promedio reciente: 115.2
2025-10-23 06:30:05,773 - WARNING -    Degradación: 24.4
2025-10-23 06:30:05,773 - WARNING -    🔄 RESTAURANDO mejor solución...
2025-10-23 06:30:05,774 - DEBUG - Iter 44100: T=2.58, Fitness_actual=139.5, Mejor=139.5
2025-10-23 06:30:16,470 - DEBUG - Iter 44200: T=2.58, Fitness_actual=119.2, Mejor=139.5
2025-10-23 06:30:21,911 - WARNING - ⚠️  DEGRADACIÓN DETECTADA en iter 44250:
2025-10-23 06:30:21,911 - WARNING -    Mejor fitness: 139.5
2025-10-23 06:30:21,911 - WARNING -    Fitness promedio reciente: 114.9
2025-10-23 06:30:21,912 - WARNING -    Degradación: 24.6
2025-10-23 06:30:21,912 - WARNING -    🔄 RESTAURANDO mejor solución...
2025-10-23 06:30:22,227 - INFO - 🌟 MEJORA #198 en iter 44253: Fitness=139.5 (+0.0), Puntos=15990
2025-10-23 06:30:27,243 - DEBUG - Iter 44300: T=2.57, Fitness_actual=128.0, Mejor=139.5
2025-10-23 06:30:37,900 - DEBUG - Iter 44400: T=2.57, Fitness_actual=126.6, Mejor=139.5
2025-10-23 06:30:48,528 - INFO -   Iter 44500 | Tiempo:   55.0min (22.9%) | T =     2.56 | Fitness =    119.7 | Mejor =    139.5 | Aceptación =  84.4%
2025-10-23 06:30:48,528 - INFO - Progreso iter 44500: T=2.56, Fitness=119.7, Mejor=139.5, Tasa_acept=84.4%
2025-10-23 06:30:48,528 - WARNING - ⚠️  DEGRADACIÓN DETECTADA en iter 44500:
2025-10-23 06:30:48,529 - WARNING -    Mejor fitness: 139.5
2025-10-23 06:30:48,529 - WARNING -    Fitness promedio reciente: 118.9
2025-10-23 06:30:48,529 - WARNING -    Degradación: 20.6
2025-10-23 06:30:48,529 - WARNING -    🔄 RESTAURANDO mejor solución...
2025-10-23 06:30:48,530 - DEBUG - Iter 44500: T=2.56, Fitness_actual=139.5, Mejor=139.5
2025-10-23 06:30:59,103 - DEBUG - Iter 44600: T=2.56, Fitness_actual=118.3, Mejor=139.5
2025-10-23 06:31:04,397 - WARNING - ⚠️  DEGRADACIÓN DETECTADA en iter 44650:
2025-10-23 06:31:04,397 - WARNING -    Mejor fitness: 139.5
2025-10-23 06:31:04,398 - WARNING -    Fitness promedio reciente: 115.2
2025-10-23 06:31:04,398 - WARNING -    Degradación: 24.3
2025-10-23 06:31:04,398 - WARNING -    🔄 RESTAURANDO mejor solución...
2025-10-23 06:31:05,336 - WARNING - ================================================================================
2025-10-23 06:31:05,336 - WARNING - ⚠️  SALTO ANORMAL DETECTADO en iteración 44659
2025-10-23 06:31:05,337 - WARNING -    Fitness actual: 137.3
2025-10-23 06:31:05,337 - WARNING -    Fitness vecino: 115.9
2025-10-23 06:31:05,337 - WARNING -    Delta: -21.4
2025-10-23 06:31:05,337 - WARNING -    Temperatura: 2.55
2025-10-23 06:31:05,338 - WARNING -    Tipo perturbación aplicada: (ver generar_vecino)
2025-10-23 06:31:05,338 - WARNING -    Vecino - Puntos: 15980, Tiempo: 15063.3min, Distancia: 215.7km
2025-10-23 06:31:05,338 - WARNING -    Actual - Puntos: 15973, Tiempo: 13963.5min, Distancia: 133.2km
2025-10-23 06:31:05,338 - WARNING -    Validez restricciones - Vecino: False, Actual: False
2025-10-23 06:31:05,339 - WARNING - ================================================================================
2025-10-23 06:31:05,339 - WARNING - ⚠️  SALTO ANORMAL DETECTADO en iteración 44659
2025-10-23 06:31:05,339 - WARNING -    Fitness: 137.3 → 115.9 (Δ=-21.4)
2025-10-23 06:31:05,339 - WARNING -    Ver detalles en archivo de log
2025-10-23 06:31:09,672 - DEBUG - Iter 44700: T=2.55, Fitness_actual=129.4, Mejor=139.5
2025-10-23 06:31:20,163 - WARNING - ⚠️  DEGRADACIÓN DETECTADA en iter 44800:
2025-10-23 06:31:20,163 - WARNING -    Mejor fitness: 139.5
2025-10-23 06:31:20,164 - WARNING -    Fitness promedio reciente: 114.6
2025-10-23 06:31:20,164 - WARNING -    Degradación: 24.9
2025-10-23 06:31:20,164 - WARNING -    🔄 RESTAURANDO mejor solución...
2025-10-23 06:31:20,167 - DEBUG - Iter 44800: T=2.55, Fitness_actual=139.5, Mejor=139.5
2025-10-23 06:31:30,693 - DEBUG - Iter 44900: T=2.54, Fitness_actual=120.6, Mejor=139.5
2025-10-23 06:31:35,952 - WARNING - ⚠️  DEGRADACIÓN DETECTADA en iter 44950:
2025-10-23 06:31:35,952 - WARNING -    Mejor fitness: 139.5
2025-10-23 06:31:35,953 - WARNING -    Fitness promedio reciente: 115.0
2025-10-23 06:31:35,953 - WARNING -    Degradación: 24.6
2025-10-23 06:31:35,953 - WARNING -    🔄 RESTAURANDO mejor solución...
2025-10-23 06:31:41,202 - INFO -   Iter 45000 | Tiempo:   55.9min (23.3%) | T =     2.54 | Fitness =    127.6 | Mejor =    139.5 | Aceptación =  84.4%
2025-10-23 06:31:41,202 - INFO - Progreso iter 45000: T=2.54, Fitness=127.6, Mejor=139.5, Tasa_acept=84.4%
2025-10-23 06:31:41,205 - DEBUG - Iter 45000: T=2.54, Fitness_actual=127.6, Mejor=139.5
2025-10-23 06:31:42,688 - WARNING - ================================================================================
2025-10-23 06:31:42,688 - WARNING - ⚠️  SALTO ANORMAL DETECTADO en iteración 45014
2025-10-23 06:31:42,689 - WARNING -    Fitness actual: 124.1
2025-10-23 06:31:42,689 - WARNING -    Fitness vecino: 86.5
2025-10-23 06:31:42,690 - WARNING -    Delta: -37.6
2025-10-23 06:31:42,690 - WARNING -    Temperatura: 2.54
2025-10-23 06:31:42,690 - WARNING -    Tipo perturbación aplicada: (ver generar_vecino)
2025-10-23 06:31:42,690 - WARNING -    Vecino - Puntos: 15805, Tiempo: 15250.3min, Distancia: 290.4km
2025-10-23 06:31:42,690 - WARNING -    Actual - Puntos: 15806, Tiempo: 13473.5min, Distancia: 141.1km
2025-10-23 06:31:42,690 - WARNING -    Validez restricciones - Vecino: False, Actual: False
2025-10-23 06:31:42,691 - WARNING - ================================================================================
2025-10-23 06:31:42,691 - WARNING - ⚠️  SALTO ANORMAL DETECTADO en iteración 45014
2025-10-23 06:31:42,691 - WARNING -    Fitness: 124.1 → 86.5 (Δ=-37.6)
2025-10-23 06:31:42,691 - WARNING -    Ver detalles en archivo de log
2025-10-23 06:31:51,876 - DEBUG - Iter 45100: T=2.53, Fitness_actual=126.5, Mejor=139.5
2025-10-23 06:32:02,460 - DEBUG - Iter 45200: T=2.53, Fitness_actual=118.3, Mejor=139.5
2025-10-23 06:32:07,751 - WARNING - ⚠️  DEGRADACIÓN DETECTADA en iter 45250:
2025-10-23 06:32:07,752 - WARNING -    Mejor fitness: 139.5
2025-10-23 06:32:07,753 - WARNING -    Fitness promedio reciente: 117.3
2025-10-23 06:32:07,753 - WARNING -    Degradación: 22.2
2025-10-23 06:32:07,754 - WARNING -    🔄 RESTAURANDO mejor solución...
2025-10-23 06:32:13,017 - DEBUG - Iter 45300: T=2.52, Fitness_actual=127.7, Mejor=139.5
2025-10-23 06:32:23,611 - DEBUG - Iter 45400: T=2.51, Fitness_actual=120.1, Mejor=139.5
2025-10-23 06:32:28,930 - WARNING - ⚠️  DEGRADACIÓN DETECTADA en iter 45450:
2025-10-23 06:32:28,930 - WARNING -    Mejor fitness: 139.5
2025-10-23 06:32:28,930 - WARNING -    Fitness promedio reciente: 118.2
2025-10-23 06:32:28,931 - WARNING -    Degradación: 21.3
2025-10-23 06:32:28,931 - WARNING -    🔄 RESTAURANDO mejor solución...
2025-10-23 06:32:34,223 - INFO -   Iter 45500 | Tiempo:   56.8min (23.7%) | T =     2.51 | Fitness =    126.8 | Mejor =    139.5 | Aceptación =  84.3%
2025-10-23 06:32:34,224 - INFO - Progreso iter 45500: T=2.51, Fitness=126.8, Mejor=139.5, Tasa_acept=84.3%
2025-10-23 06:32:34,227 - DEBUG - Iter 45500: T=2.51, Fitness_actual=126.8, Mejor=139.5
2025-10-23 06:32:44,854 - WARNING - ⚠️  DEGRADACIÓN DETECTADA en iter 45600:
2025-10-23 06:32:44,854 - WARNING -    Mejor fitness: 139.5
2025-10-23 06:32:44,855 - WARNING -    Fitness promedio reciente: 115.5
2025-10-23 06:32:44,855 - WARNING -    Degradación: 24.0
2025-10-23 06:32:44,855 - WARNING -    🔄 RESTAURANDO mejor solución...
2025-10-23 06:32:44,856 - DEBUG - Iter 45600: T=2.50, Fitness_actual=139.5, Mejor=139.5
2025-10-23 06:32:44,962 - INFO - 🌟 MEJORA #199 en iter 45601: Fitness=139.5 (+0.0), Puntos=15990
2025-10-23 06:32:55,455 - DEBUG - Iter 45700: T=2.50, Fitness_actual=122.1, Mejor=139.5
2025-10-23 06:33:06,113 - WARNING - ⚠️  DEGRADACIÓN DETECTADA en iter 45800:
2025-10-23 06:33:06,113 - WARNING -    Mejor fitness: 139.5
2025-10-23 06:33:06,114 - WARNING -    Fitness promedio reciente: 115.4
2025-10-23 06:33:06,114 - WARNING -    Degradación: 24.1
2025-10-23 06:33:06,114 - WARNING -    🔄 RESTAURANDO mejor solución...
2025-10-23 06:33:06,118 - DEBUG - Iter 45800: T=2.49, Fitness_actual=139.5, Mejor=139.5
2025-10-23 06:33:06,333 - INFO - 🌟 MEJORA #200 en iter 45802: Fitness=139.5 (+0.0), Puntos=15990
2025-10-23 06:33:06,333 - INFO -   ✨ Mejora #200 en iteración 45803: Fitness = 139.5 | Puntos = 15990 | T = 2.49
2025-10-23 06:33:06,438 - INFO - 🌟 MEJORA #201 en iter 45803: Fitness=139.5 (+0.0), Puntos=15990
2025-10-23 06:33:16,742 - DEBUG - Iter 45900: T=2.49, Fitness_actual=123.8, Mejor=139.5
2025-10-23 06:33:22,080 - WARNING - ⚠️  DEGRADACIÓN DETECTADA en iter 45950:
2025-10-23 06:33:22,080 - WARNING -    Mejor fitness: 139.5
2025-10-23 06:33:22,081 - WARNING -    Fitness promedio reciente: 117.6
2025-10-23 06:33:22,081 - WARNING -    Degradación: 21.9
2025-10-23 06:33:22,082 - WARNING -    🔄 RESTAURANDO mejor solución...
2025-10-23 06:33:22,402 - INFO - 🌟 MEJORA #202 en iter 45953: Fitness=139.9 (+0.4), Puntos=15926
2025-10-23 06:33:27,383 - INFO -   Iter 46000 | Tiempo:   57.7min (24.0%) | T =     2.48 | Fitness =    125.2 | Mejor =    139.9 | Aceptación =  84.2%
2025-10-23 06:33:27,383 - INFO - Progreso iter 46000: T=2.48, Fitness=125.2, Mejor=139.9, Tasa_acept=84.2%
2025-10-23 06:33:27,386 - DEBUG - Iter 46000: T=2.48, Fitness_actual=125.2, Mejor=139.9
2025-10-23 06:33:38,042 - WARNING - ⚠️  DEGRADACIÓN DETECTADA en iter 46100:
2025-10-23 06:33:38,042 - WARNING -    Mejor fitness: 139.9
2025-10-23 06:33:38,043 - WARNING -    Fitness promedio reciente: 119.5
2025-10-23 06:33:38,043 - WARNING -    Degradación: 20.3
2025-10-23 06:33:38,043 - WARNING -    🔄 RESTAURANDO mejor solución...
2025-10-23 06:33:38,047 - DEBUG - Iter 46100: T=2.48, Fitness_actual=139.9, Mejor=139.9
2025-10-23 06:33:48,687 - DEBUG - Iter 46200: T=2.47, Fitness_actual=129.1, Mejor=139.9
2025-10-23 06:33:59,430 - WARNING - ⚠️  DEGRADACIÓN DETECTADA en iter 46300:
2025-10-23 06:33:59,430 - WARNING -    Mejor fitness: 139.9
2025-10-23 06:33:59,431 - WARNING -    Fitness promedio reciente: 117.5
2025-10-23 06:33:59,431 - WARNING -    Degradación: 22.4
2025-10-23 06:33:59,431 - WARNING -    🔄 RESTAURANDO mejor solución...
2025-10-23 06:33:59,435 - DEBUG - Iter 46300: T=2.47, Fitness_actual=139.9, Mejor=139.9
2025-10-23 06:33:59,435 - INFO - 🌟 MEJORA #203 en iter 46300: Fitness=140.0 (+0.2), Puntos=15941
2025-10-23 06:33:59,546 - INFO - 🌟 MEJORA #204 en iter 46301: Fitness=140.1 (+0.1), Puntos=15947
2025-10-23 06:33:59,650 - INFO - 🌟 MEJORA #205 en iter 46302: Fitness=140.1 (+0.0), Puntos=15947
2025-10-23 06:33:59,651 - INFO -   ✨ Mejora #205 en iteración 46303: Fitness = 140.1 | Puntos = 15947 | T = 2.47
2025-10-23 06:34:10,026 - DEBUG - Iter 46400: T=2.46, Fitness_actual=123.6, Mejor=140.1
2025-10-23 06:34:20,591 - INFO -   Iter 46500 | Tiempo:   58.6min (24.4%) | T =     2.46 | Fitness =    115.8 | Mejor =    140.1 | Aceptación =  84.1%
2025-10-23 06:34:20,591 - INFO - Progreso iter 46500: T=2.46, Fitness=115.8, Mejor=140.1, Tasa_acept=84.1%
2025-10-23 06:34:20,592 - WARNING - ⚠️  DEGRADACIÓN DETECTADA en iter 46500:
2025-10-23 06:34:20,592 - WARNING -    Mejor fitness: 140.1
2025-10-23 06:34:20,593 - WARNING -    Fitness promedio reciente: 115.0
2025-10-23 06:34:20,593 - WARNING -    Degradación: 25.1
2025-10-23 06:34:20,593 - WARNING -    🔄 RESTAURANDO mejor solución...
2025-10-23 06:34:20,594 - DEBUG - Iter 46500: T=2.46, Fitness_actual=140.1, Mejor=140.1
2025-10-23 06:34:31,144 - DEBUG - Iter 46600: T=2.45, Fitness_actual=117.6, Mejor=140.1
2025-10-23 06:34:36,444 - WARNING - ⚠️  DEGRADACIÓN DETECTADA en iter 46650:
2025-10-23 06:34:36,444 - WARNING -    Mejor fitness: 140.1
2025-10-23 06:34:36,446 - WARNING -    Fitness promedio reciente: 111.9
2025-10-23 06:34:36,446 - WARNING -    Degradación: 28.1
2025-10-23 06:34:36,446 - WARNING -    🔄 RESTAURANDO mejor solución...
2025-10-23 06:34:41,769 - DEBUG - Iter 46700: T=2.45, Fitness_actual=133.8, Mejor=140.1
2025-10-23 06:34:52,380 - DEBUG - Iter 46800: T=2.44, Fitness_actual=119.4, Mejor=140.1
2025-10-23 06:34:57,660 - WARNING - ⚠️  DEGRADACIÓN DETECTADA en iter 46850:
2025-10-23 06:34:57,660 - WARNING -    Mejor fitness: 140.1
2025-10-23 06:34:57,660 - WARNING -    Fitness promedio reciente: 119.5
2025-10-23 06:34:57,661 - WARNING -    Degradación: 20.6
2025-10-23 06:34:57,661 - WARNING -    🔄 RESTAURANDO mejor solución...
2025-10-23 06:35:02,975 - DEBUG - Iter 46900: T=2.44, Fitness_actual=131.3, Mejor=140.1
2025-10-23 06:35:13,653 - INFO -   Iter 47000 | Tiempo:   59.5min (24.8%) | T =     2.43 | Fitness =    118.7 | Mejor =    140.1 | Aceptación =  84.0%
2025-10-23 06:35:13,653 - INFO - Progreso iter 47000: T=2.43, Fitness=118.7, Mejor=140.1, Tasa_acept=84.0%
2025-10-23 06:35:13,655 - DEBUG - Iter 47000: T=2.43, Fitness_actual=118.7, Mejor=140.1
2025-10-23 06:35:18,973 - WARNING - ⚠️  DEGRADACIÓN DETECTADA en iter 47050:
2025-10-23 06:35:18,973 - WARNING -    Mejor fitness: 140.1
2025-10-23 06:35:18,973 - WARNING -    Fitness promedio reciente: 115.5
2025-10-23 06:35:18,974 - WARNING -    Degradación: 24.5
2025-10-23 06:35:18,974 - WARNING -    🔄 RESTAURANDO mejor solución...
2025-10-23 06:35:18,975 - INFO - 🌟 MEJORA #206 en iter 47050: Fitness=140.1 (+0.0), Puntos=15947
2025-10-23 06:35:19,509 - INFO - 🌟 MEJORA #207 en iter 47055: Fitness=140.2 (+0.1), Puntos=15958
2025-10-23 06:35:19,616 - INFO - 🌟 MEJORA #208 en iter 47056: Fitness=140.2 (+0.0), Puntos=15958
2025-10-23 06:35:19,722 - INFO - 🌟 MEJORA #209 en iter 47057: Fitness=140.2 (+0.0), Puntos=15958
2025-10-23 06:35:20,468 - INFO - 🌟 MEJORA #210 en iter 47064: Fitness=140.2 (+0.1), Puntos=15965
2025-10-23 06:35:20,468 - INFO -   ✨ Mejora #210 en iteración 47065: Fitness = 140.2 | Puntos = 15965 | T = 2.43
2025-10-23 06:35:20,575 - INFO - 🌟 MEJORA #211 en iter 47065: Fitness=140.2 (+0.0), Puntos=15965
2025-10-23 06:35:20,894 - INFO - 🌟 MEJORA #212 en iter 47068: Fitness=140.2 (+0.0), Puntos=15965
2025-10-23 06:35:21,110 - INFO - 🌟 MEJORA #213 en iter 47070: Fitness=140.2 (+0.0), Puntos=15965
2025-10-23 06:35:24,290 - DEBUG - Iter 47100: T=2.43, Fitness_actual=134.3, Mejor=140.2
2025-10-23 06:35:34,902 - WARNING - ⚠️  DEGRADACIÓN DETECTADA en iter 47200:
2025-10-23 06:35:34,902 - WARNING -    Mejor fitness: 140.2
2025-10-23 06:35:34,903 - WARNING -    Fitness promedio reciente: 114.7
2025-10-23 06:35:34,903 - WARNING -    Degradación: 25.5
2025-10-23 06:35:34,903 - WARNING -    🔄 RESTAURANDO mejor solución...
2025-10-23 06:35:34,905 - DEBUG - Iter 47200: T=2.42, Fitness_actual=140.2, Mejor=140.2
2025-10-23 06:35:45,493 - DEBUG - Iter 47300: T=2.42, Fitness_actual=117.2, Mejor=140.2
2025-10-23 06:35:50,871 - WARNING - ⚠️  DEGRADACIÓN DETECTADA en iter 47350:
2025-10-23 06:35:50,871 - WARNING -    Mejor fitness: 140.2
2025-10-23 06:35:50,871 - WARNING -    Fitness promedio reciente: 112.3
2025-10-23 06:35:50,872 - WARNING -    Degradación: 27.9
2025-10-23 06:35:50,872 - WARNING -    🔄 RESTAURANDO mejor solución...
2025-10-23 06:35:56,286 - DEBUG - Iter 47400: T=2.41, Fitness_actual=121.1, Mejor=140.2
2025-10-23 06:36:06,963 - INFO -   Iter 47500 | Tiempo:   60.3min (25.1%) | T =     2.40 | Fitness =    112.6 | Mejor =    140.2 | Aceptación =  83.9%
2025-10-23 06:36:06,963 - INFO - Progreso iter 47500: T=2.40, Fitness=112.6, Mejor=140.2, Tasa_acept=83.9%
2025-10-23 06:36:06,964 - WARNING - ⚠️  DEGRADACIÓN DETECTADA en iter 47500:
2025-10-23 06:36:06,964 - WARNING -    Mejor fitness: 140.2
2025-10-23 06:36:06,964 - WARNING -    Fitness promedio reciente: 117.8
2025-10-23 06:36:06,964 - WARNING -    Degradación: 22.4
2025-10-23 06:36:06,964 - WARNING -    🔄 RESTAURANDO mejor solución...
2025-10-23 06:36:06,968 - DEBUG - Iter 47500: T=2.40, Fitness_actual=140.2, Mejor=140.2
2025-10-23 06:36:17,684 - DEBUG - Iter 47600: T=2.40, Fitness_actual=126.0, Mejor=140.2
2025-10-23 06:36:28,538 - WARNING - ⚠️  DEGRADACIÓN DETECTADA en iter 47700:
2025-10-23 06:36:28,538 - WARNING -    Mejor fitness: 140.2
2025-10-23 06:36:28,539 - WARNING -    Fitness promedio reciente: 114.5
2025-10-23 06:36:28,539 - WARNING -    Degradación: 25.7
2025-10-23 06:36:28,539 - WARNING -    🔄 RESTAURANDO mejor solución...
2025-10-23 06:36:28,542 - DEBUG - Iter 47700: T=2.39, Fitness_actual=140.2, Mejor=140.2
2025-10-23 06:36:28,762 - INFO - 🌟 MEJORA #214 en iter 47702: Fitness=140.2 (+0.0), Puntos=15965
2025-10-23 06:36:39,410 - DEBUG - Iter 47800: T=2.39, Fitness_actual=126.5, Mejor=140.2
2025-10-23 06:36:50,304 - WARNING - ⚠️  DEGRADACIÓN DETECTADA en iter 47900:
2025-10-23 06:36:50,304 - WARNING -    Mejor fitness: 140.2
2025-10-23 06:36:50,305 - WARNING -    Fitness promedio reciente: 120.1
2025-10-23 06:36:50,305 - WARNING -    Degradación: 20.2
2025-10-23 06:36:50,305 - WARNING -    🔄 RESTAURANDO mejor solución...
2025-10-23 06:36:50,306 - DEBUG - Iter 47900: T=2.38, Fitness_actual=140.2, Mejor=140.2
2025-10-23 06:36:50,523 - INFO - 🌟 MEJORA #215 en iter 47902: Fitness=140.3 (+0.0), Puntos=15970
2025-10-23 06:36:50,523 - INFO -   ✨ Mejora #215 en iteración 47903: Fitness = 140.3 | Puntos = 15970 | T = 2.38
2025-10-23 06:36:50,740 - INFO - 🌟 MEJORA #216 en iter 47904: Fitness=140.3 (+0.0), Puntos=15970
2025-10-23 06:37:01,190 - INFO -   Iter 48000 | Tiempo:   61.2min (25.5%) | T =     2.38 | Fitness =    112.0 | Mejor =    140.3 | Aceptación =  83.9%
2025-10-23 06:37:01,190 - INFO - Progreso iter 48000: T=2.38, Fitness=112.0, Mejor=140.3, Tasa_acept=83.9%
2025-10-23 06:37:01,193 - DEBUG - Iter 48000: T=2.38, Fitness_actual=112.0, Mejor=140.3
2025-10-23 06:37:06,659 - WARNING - ⚠️  DEGRADACIÓN DETECTADA en iter 48050:
2025-10-23 06:37:06,659 - WARNING -    Mejor fitness: 140.3
2025-10-23 06:37:06,660 - WARNING -    Fitness promedio reciente: 112.3
2025-10-23 06:37:06,660 - WARNING -    Degradación: 28.0
2025-10-23 06:37:06,660 - WARNING -    🔄 RESTAURANDO mejor solución...
2025-10-23 06:37:12,075 - DEBUG - Iter 48100: T=2.37, Fitness_actual=134.2, Mejor=140.3
2025-10-23 06:37:22,970 - DEBUG - Iter 48200: T=2.37, Fitness_actual=121.7, Mejor=140.3
2025-10-23 06:37:28,451 - WARNING - ⚠️  DEGRADACIÓN DETECTADA en iter 48250:
2025-10-23 06:37:28,451 - WARNING -    Mejor fitness: 140.3
2025-10-23 06:37:28,451 - WARNING -    Fitness promedio reciente: 115.8
2025-10-23 06:37:28,452 - WARNING -    Degradación: 24.5
2025-10-23 06:37:28,452 - WARNING -    🔄 RESTAURANDO mejor solución...
2025-10-23 06:37:33,900 - DEBUG - Iter 48300: T=2.36, Fitness_actual=132.3, Mejor=140.3
2025-10-23 06:37:39,365 - WARNING - ⚠️  DEGRADACIÓN DETECTADA en iter 48350:
2025-10-23 06:37:39,365 - WARNING -    Mejor fitness: 140.3
2025-10-23 06:37:39,366 - WARNING -    Fitness promedio reciente: 118.1
2025-10-23 06:37:39,366 - WARNING -    Degradación: 22.2
2025-10-23 06:37:39,366 - WARNING -    🔄 RESTAURANDO mejor solución...
2025-10-23 06:37:44,855 - DEBUG - Iter 48400: T=2.36, Fitness_actual=126.9, Mejor=140.3
2025-10-23 06:37:55,745 - INFO -   Iter 48500 | Tiempo:   62.2min (25.9%) | T =     2.35 | Fitness =    126.3 | Mejor =    140.3 | Aceptación =  83.8%
2025-10-23 06:37:55,746 - INFO - Progreso iter 48500: T=2.35, Fitness=126.3, Mejor=140.3, Tasa_acept=83.8%
2025-10-23 06:37:55,747 - DEBUG - Iter 48500: T=2.35, Fitness_actual=126.3, Mejor=140.3
2025-10-23 06:38:06,703 - DEBUG - Iter 48600: T=2.35, Fitness_actual=119.1, Mejor=140.3
2025-10-23 06:38:12,186 - WARNING - ⚠️  DEGRADACIÓN DETECTADA en iter 48650:
2025-10-23 06:38:12,186 - WARNING -    Mejor fitness: 140.3
2025-10-23 06:38:12,187 - WARNING -    Fitness promedio reciente: 118.6
2025-10-23 06:38:12,187 - WARNING -    Degradación: 21.7
2025-10-23 06:38:12,187 - WARNING -    🔄 RESTAURANDO mejor solución...
2025-10-23 06:38:17,682 - DEBUG - Iter 48700: T=2.34, Fitness_actual=130.7, Mejor=140.3
2025-10-23 06:38:28,699 - DEBUG - Iter 48800: T=2.34, Fitness_actual=116.9, Mejor=140.3
2025-10-23 06:38:34,227 - WARNING - ⚠️  DEGRADACIÓN DETECTADA en iter 48850:
2025-10-23 06:38:34,227 - WARNING -    Mejor fitness: 140.3
2025-10-23 06:38:34,228 - WARNING -    Fitness promedio reciente: 114.6
2025-10-23 06:38:34,228 - WARNING -    Degradación: 25.7
2025-10-23 06:38:34,228 - WARNING -    🔄 RESTAURANDO mejor solución...
2025-10-23 06:38:39,731 - DEBUG - Iter 48900: T=2.33, Fitness_actual=128.5, Mejor=140.3
2025-10-23 06:38:42,583 - WARNING - ================================================================================
2025-10-23 06:38:42,584 - WARNING - ⚠️  SALTO ANORMAL DETECTADO en iteración 48926
2025-10-23 06:38:42,584 - WARNING -    Fitness actual: 129.8
2025-10-23 06:38:42,585 - WARNING -    Fitness vecino: 107.7
2025-10-23 06:38:42,585 - WARNING -    Delta: -22.1
2025-10-23 06:38:42,585 - WARNING -    Temperatura: 2.33
2025-10-23 06:38:42,585 - WARNING -    Tipo perturbación aplicada: (ver generar_vecino)
2025-10-23 06:38:42,586 - WARNING -    Vecino - Puntos: 15378, Tiempo: 14904.9min, Distancia: 248.3km
2025-10-23 06:38:42,586 - WARNING -    Actual - Puntos: 15728, Tiempo: 13865.7min, Distancia: 155.9km
2025-10-23 06:38:42,586 - WARNING -    Validez restricciones - Vecino: False, Actual: False
2025-10-23 06:38:42,586 - WARNING - ================================================================================
2025-10-23 06:38:42,587 - WARNING - ⚠️  SALTO ANORMAL DETECTADO en iteración 48926
2025-10-23 06:38:42,587 - WARNING -    Fitness: 129.8 → 107.7 (Δ=-22.1)
2025-10-23 06:38:42,587 - WARNING -    Ver detalles en archivo de log
2025-10-23 06:38:50,742 - INFO -   Iter 49000 | Tiempo:   63.1min (26.3%) | T =     2.33 | Fitness =    121.6 | Mejor =    140.3 | Aceptación =  83.8%
2025-10-23 06:38:50,742 - INFO - Progreso iter 49000: T=2.33, Fitness=121.6, Mejor=140.3, Tasa_acept=83.8%
2025-10-23 06:38:50,745 - DEBUG - Iter 49000: T=2.33, Fitness_actual=121.6, Mejor=140.3
2025-10-23 06:38:56,301 - WARNING - ⚠️  DEGRADACIÓN DETECTADA en iter 49050:
2025-10-23 06:38:56,301 - WARNING -    Mejor fitness: 140.3
2025-10-23 06:38:56,301 - WARNING -    Fitness promedio reciente: 114.7
2025-10-23 06:38:56,302 - WARNING -    Degradación: 25.6
2025-10-23 06:38:56,302 - WARNING -    🔄 RESTAURANDO mejor solución...
2025-10-23 06:38:56,303 - INFO - 🌟 MEJORA #217 en iter 49050: Fitness=140.3 (+0.0), Puntos=15970
2025-10-23 06:38:56,414 - INFO - 🌟 MEJORA #218 en iter 49051: Fitness=140.3 (+0.0), Puntos=15970
2025-10-23 06:39:01,851 - DEBUG - Iter 49100: T=2.32, Fitness_actual=133.7, Mejor=140.3
2025-10-23 06:39:12,995 - DEBUG - Iter 49200: T=2.32, Fitness_actual=120.7, Mejor=140.3
2025-10-23 06:39:18,563 - WARNING - ⚠️  DEGRADACIÓN DETECTADA en iter 49250:
2025-10-23 06:39:18,563 - WARNING -    Mejor fitness: 140.3
2025-10-23 06:39:18,563 - WARNING -    Fitness promedio reciente: 120.1
2025-10-23 06:39:18,564 - WARNING -    Degradación: 20.2
2025-10-23 06:39:18,564 - WARNING -    🔄 RESTAURANDO mejor solución...
2025-10-23 06:39:19,002 - INFO - 🌟 MEJORA #219 en iter 49254: Fitness=140.5 (+0.2), Puntos=15891
2025-10-23 06:39:24,196 - DEBUG - Iter 49300: T=2.31, Fitness_actual=121.1, Mejor=140.5
2025-10-23 06:39:35,338 - WARNING - ⚠️  DEGRADACIÓN DETECTADA en iter 49400:
2025-10-23 06:39:35,338 - WARNING -    Mejor fitness: 140.5
2025-10-23 06:39:35,339 - WARNING -    Fitness promedio reciente: 110.2
2025-10-23 06:39:35,339 - WARNING -    Degradación: 30.3
2025-10-23 06:39:35,339 - WARNING -    🔄 RESTAURANDO mejor solución...
2025-10-23 06:39:35,341 - DEBUG - Iter 49400: T=2.31, Fitness_actual=140.5, Mejor=140.5
2025-10-23 06:39:35,341 - INFO - 🌟 MEJORA #220 en iter 49400: Fitness=141.5 (+1.0), Puntos=15890
2025-10-23 06:39:35,341 - INFO -   ✨ Mejora #220 en iteración 49401: Fitness = 141.5 | Puntos = 15890 | T = 2.31
2025-10-23 06:39:46,438 - INFO -   Iter 49500 | Tiempo:   64.0min (26.7%) | T =     2.30 | Fitness =    129.6 | Mejor =    141.5 | Aceptación =  83.7%
2025-10-23 06:39:46,439 - INFO - Progreso iter 49500: T=2.30, Fitness=129.6, Mejor=141.5, Tasa_acept=83.7%
2025-10-23 06:39:46,441 - DEBUG - Iter 49500: T=2.30, Fitness_actual=129.6, Mejor=141.5
2025-10-23 06:39:57,629 - WARNING - ⚠️  DEGRADACIÓN DETECTADA en iter 49600:
2025-10-23 06:39:57,629 - WARNING -    Mejor fitness: 141.5
2025-10-23 06:39:57,630 - WARNING -    Fitness promedio reciente: 114.2
2025-10-23 06:39:57,630 - WARNING -    Degradación: 27.3
2025-10-23 06:39:57,631 - WARNING -    🔄 RESTAURANDO mejor solución...
2025-10-23 06:39:57,635 - DEBUG - Iter 49600: T=2.30, Fitness_actual=141.5, Mejor=141.5
2025-10-23 06:39:57,743 - INFO - 🌟 MEJORA #221 en iter 49601: Fitness=141.5 (+0.0), Puntos=15890
2025-10-23 06:39:58,082 - INFO - 🌟 MEJORA #222 en iter 49604: Fitness=141.6 (+0.1), Puntos=15896
2025-10-23 06:40:08,766 - DEBUG - Iter 49700: T=2.29, Fitness_actual=120.4, Mejor=141.6
2025-10-23 06:40:14,352 - WARNING - ⚠️  DEGRADACIÓN DETECTADA en iter 49750:
2025-10-23 06:40:14,352 - WARNING -    Mejor fitness: 141.6
2025-10-23 06:40:14,353 - WARNING -    Fitness promedio reciente: 111.6
2025-10-23 06:40:14,353 - WARNING -    Degradación: 29.9
2025-10-23 06:40:14,353 - WARNING -    🔄 RESTAURANDO mejor solución...
2025-10-23 06:40:14,580 - INFO - 🌟 MEJORA #223 en iter 49752: Fitness=141.7 (+0.1), Puntos=15910
2025-10-23 06:40:19,915 - DEBUG - Iter 49800: T=2.29, Fitness_actual=135.7, Mejor=141.7
2025-10-23 06:40:31,116 - WARNING - ⚠️  DEGRADACIÓN DETECTADA en iter 49900:
2025-10-23 06:40:31,116 - WARNING -    Mejor fitness: 141.7
2025-10-23 06:40:31,116 - WARNING -    Fitness promedio reciente: 116.8
2025-10-23 06:40:31,117 - WARNING -    Degradación: 24.9
2025-10-23 06:40:31,117 - WARNING -    🔄 RESTAURANDO mejor solución...
2025-10-23 06:40:31,118 - DEBUG - Iter 49900: T=2.28, Fitness_actual=141.7, Mejor=141.7
2025-10-23 06:40:31,118 - INFO - 🌟 MEJORA #224 en iter 49900: Fitness=141.7 (+0.1), Puntos=15913
2025-10-23 06:40:31,342 - INFO - 🌟 MEJORA #225 en iter 49902: Fitness=141.7 (+0.0), Puntos=15913
2025-10-23 06:40:31,342 - INFO -   ✨ Mejora #225 en iteración 49903: Fitness = 141.7 | Puntos = 15913 | T = 2.28
2025-10-23 06:40:31,679 - INFO - 🌟 MEJORA #226 en iter 49905: Fitness=141.8 (+0.0), Puntos=15914
2025-10-23 06:40:31,791 - INFO - 🌟 MEJORA #227 en iter 49906: Fitness=141.8 (+0.0), Puntos=15915
2025-10-23 06:40:42,252 - INFO -   Iter 50000 | Tiempo:   64.9min (27.1%) | T =     2.28 | Fitness =    125.0 | Mejor =    141.8 | Aceptación =  83.6%
2025-10-23 06:40:42,253 - INFO - Progreso iter 50000: T=2.28, Fitness=125.0, Mejor=141.8, Tasa_acept=83.6%
2025-10-23 06:40:42,254 - DEBUG - Iter 50000: T=2.28, Fitness_actual=125.0, Mejor=141.8
2025-10-23 06:40:53,497 - WARNING - ⚠️  DEGRADACIÓN DETECTADA en iter 50100:
2025-10-23 06:40:53,497 - WARNING -    Mejor fitness: 141.8
2025-10-23 06:40:53,498 - WARNING -    Fitness promedio reciente: 117.5
2025-10-23 06:40:53,498 - WARNING -    Degradación: 24.3
2025-10-23 06:40:53,498 - WARNING -    🔄 RESTAURANDO mejor solución...
2025-10-23 06:40:53,502 - DEBUG - Iter 50100: T=2.27, Fitness_actual=141.8, Mejor=141.8
2025-10-23 06:41:04,682 - DEBUG - Iter 50200: T=2.27, Fitness_actual=123.8, Mejor=141.8
2025-10-23 06:41:15,806 - WARNING - ⚠️  DEGRADACIÓN DETECTADA en iter 50300:
2025-10-23 06:41:15,806 - WARNING -    Mejor fitness: 141.8
2025-10-23 06:41:15,808 - WARNING -    Fitness promedio reciente: 121.6
2025-10-23 06:41:15,808 - WARNING -    Degradación: 20.2
2025-10-23 06:41:15,808 - WARNING -    🔄 RESTAURANDO mejor solución...
2025-10-23 06:41:15,810 - DEBUG - Iter 50300: T=2.26, Fitness_actual=141.8, Mejor=141.8
2025-10-23 06:41:26,957 - WARNING - ⚠️  DEGRADACIÓN DETECTADA en iter 50400:
2025-10-23 06:41:26,957 - WARNING -    Mejor fitness: 141.8
2025-10-23 06:41:26,958 - WARNING -    Fitness promedio reciente: 115.9
2025-10-23 06:41:26,958 - WARNING -    Degradación: 25.8
2025-10-23 06:41:26,958 - WARNING -    🔄 RESTAURANDO mejor solución...
2025-10-23 06:41:26,960 - DEBUG - Iter 50400: T=2.26, Fitness_actual=141.8, Mejor=141.8
2025-10-23 06:41:26,960 - INFO - 🌟 MEJORA #228 en iter 50400: Fitness=141.8 (+0.0), Puntos=15915
2025-10-23 06:41:27,072 - INFO - 🌟 MEJORA #229 en iter 50401: Fitness=141.8 (+0.1), Puntos=15920
2025-10-23 06:41:38,171 - INFO -   Iter 50500 | Tiempo:   65.9min (27.4%) | T =     2.25 | Fitness =    118.8 | Mejor =    141.8 | Aceptación =  83.6%
2025-10-23 06:41:38,171 - INFO - Progreso iter 50500: T=2.25, Fitness=118.8, Mejor=141.8, Tasa_acept=83.6%
2025-10-23 06:41:38,172 - DEBUG - Iter 50500: T=2.25, Fitness_actual=118.8, Mejor=141.8
2025-10-23 06:41:43,803 - WARNING - ⚠️  DEGRADACIÓN DETECTADA en iter 50550:
2025-10-23 06:41:43,803 - WARNING -    Mejor fitness: 141.8
2025-10-23 06:41:43,804 - WARNING -    Fitness promedio reciente: 119.4
2025-10-23 06:41:43,804 - WARNING -    Degradación: 22.4
2025-10-23 06:41:43,804 - WARNING -    🔄 RESTAURANDO mejor solución...
2025-10-23 06:41:44,145 - INFO - 🌟 MEJORA #230 en iter 50553: Fitness=141.8 (+0.0), Puntos=15920
2025-10-23 06:41:44,145 - INFO -   ✨ Mejora #230 en iteración 50554: Fitness = 141.8 | Puntos = 15920 | T = 2.25
2025-10-23 06:41:49,499 - DEBUG - Iter 50600: T=2.25, Fitness_actual=132.4, Mejor=141.8
2025-10-23 06:42:00,791 - WARNING - ⚠️  DEGRADACIÓN DETECTADA en iter 50700:
2025-10-23 06:42:00,792 - WARNING -    Mejor fitness: 141.8
2025-10-23 06:42:00,792 - WARNING -    Fitness promedio reciente: 120.3
2025-10-23 06:42:00,793 - WARNING -    Degradación: 21.6
2025-10-23 06:42:00,793 - WARNING -    🔄 RESTAURANDO mejor solución...
2025-10-23 06:42:00,797 - DEBUG - Iter 50700: T=2.24, Fitness_actual=141.8, Mejor=141.8
2025-10-23 06:42:12,075 - DEBUG - Iter 50800: T=2.24, Fitness_actual=126.9, Mejor=141.8
2025-10-23 06:42:23,317 - WARNING - ⚠️  DEGRADACIÓN DETECTADA en iter 50900:
2025-10-23 06:42:23,318 - WARNING -    Mejor fitness: 141.8
2025-10-23 06:42:23,318 - WARNING -    Fitness promedio reciente: 117.1
2025-10-23 06:42:23,319 - WARNING -    Degradación: 24.7
2025-10-23 06:42:23,319 - WARNING -    🔄 RESTAURANDO mejor solución...
2025-10-23 06:42:23,322 - DEBUG - Iter 50900: T=2.23, Fitness_actual=141.8, Mejor=141.8
2025-10-23 06:42:34,621 - INFO -   Iter 51000 | Tiempo:   66.8min (27.8%) | T =     2.23 | Fitness =    126.0 | Mejor =    141.8 | Aceptación =  83.5%
2025-10-23 06:42:34,621 - INFO - Progreso iter 51000: T=2.23, Fitness=126.0, Mejor=141.8, Tasa_acept=83.5%
2025-10-23 06:42:34,624 - DEBUG - Iter 51000: T=2.23, Fitness_actual=126.0, Mejor=141.8
2025-10-23 06:42:45,966 - WARNING - ⚠️  DEGRADACIÓN DETECTADA en iter 51100:
2025-10-23 06:42:45,967 - WARNING -    Mejor fitness: 141.8
2025-10-23 06:42:45,967 - WARNING -    Fitness promedio reciente: 114.0
2025-10-23 06:42:45,967 - WARNING -    Degradación: 27.8
2025-10-23 06:42:45,968 - WARNING -    🔄 RESTAURANDO mejor solución...
2025-10-23 06:42:45,969 - DEBUG - Iter 51100: T=2.22, Fitness_actual=141.8, Mejor=141.8
2025-10-23 06:42:45,969 - INFO - 🌟 MEJORA #231 en iter 51100: Fitness=141.9 (+0.1), Puntos=15926
2025-10-23 06:42:57,299 - DEBUG - Iter 51200: T=2.22, Fitness_actual=125.1, Mejor=141.9
2025-10-23 06:43:08,616 - DEBUG - Iter 51300: T=2.21, Fitness_actual=128.4, Mejor=141.9
2025-10-23 06:43:19,974 - WARNING - ⚠️  DEGRADACIÓN DETECTADA en iter 51400:
2025-10-23 06:43:19,974 - WARNING -    Mejor fitness: 141.9
2025-10-23 06:43:19,975 - WARNING -    Fitness promedio reciente: 117.8
2025-10-23 06:43:19,975 - WARNING -    Degradación: 24.1
2025-10-23 06:43:19,975 - WARNING -    🔄 RESTAURANDO mejor solución...
2025-10-23 06:43:19,977 - DEBUG - Iter 51400: T=2.21, Fitness_actual=141.9, Mejor=141.9
2025-10-23 06:43:31,273 - INFO -   Iter 51500 | Tiempo:   67.7min (28.2%) | T =     2.20 | Fitness =    116.1 | Mejor =    141.9 | Aceptación =  83.4%
2025-10-23 06:43:31,273 - INFO - Progreso iter 51500: T=2.20, Fitness=116.1, Mejor=141.9, Tasa_acept=83.4%
2025-10-23 06:43:31,275 - DEBUG - Iter 51500: T=2.20, Fitness_actual=116.1, Mejor=141.9
2025-10-23 06:43:36,962 - WARNING - ⚠️  DEGRADACIÓN DETECTADA en iter 51550:
2025-10-23 06:43:36,962 - WARNING -    Mejor fitness: 141.9
2025-10-23 06:43:36,963 - WARNING -    Fitness promedio reciente: 116.9
2025-10-23 06:43:36,963 - WARNING -    Degradación: 25.0
2025-10-23 06:43:36,963 - WARNING -    🔄 RESTAURANDO mejor solución...
2025-10-23 06:43:42,641 - DEBUG - Iter 51600: T=2.20, Fitness_actual=137.7, Mejor=141.9
2025-10-23 06:43:51,282 - WARNING - ================================================================================
2025-10-23 06:43:51,282 - WARNING - ⚠️  SALTO ANORMAL DETECTADO en iteración 51676
2025-10-23 06:43:51,282 - WARNING -    Fitness actual: 134.0
2025-10-23 06:43:51,283 - WARNING -    Fitness vecino: 93.3
2025-10-23 06:43:51,283 - WARNING -    Delta: -40.7
2025-10-23 06:43:51,283 - WARNING -    Temperatura: 2.19
2025-10-23 06:43:51,283 - WARNING -    Tipo perturbación aplicada: (ver generar_vecino)
2025-10-23 06:43:51,284 - WARNING -    Vecino - Puntos: 15822, Tiempo: 15122.2min, Distancia: 278.5km
2025-10-23 06:43:51,284 - WARNING -    Actual - Puntos: 15819, Tiempo: 13388.2min, Distancia: 122.8km
2025-10-23 06:43:51,284 - WARNING -    Validez restricciones - Vecino: False, Actual: False
2025-10-23 06:43:51,284 - WARNING - ================================================================================
2025-10-23 06:43:51,284 - WARNING - ⚠️  SALTO ANORMAL DETECTADO en iteración 51676
2025-10-23 06:43:51,285 - WARNING -    Fitness: 134.0 → 93.3 (Δ=-40.7)
2025-10-23 06:43:51,285 - WARNING -    Ver detalles en archivo de log
2025-10-23 06:43:51,629 - WARNING - ================================================================================
2025-10-23 06:43:51,629 - WARNING - ⚠️  SALTO ANORMAL DETECTADO en iteración 51679
2025-10-23 06:43:51,629 - WARNING -    Fitness actual: 133.0
2025-10-23 06:43:51,630 - WARNING -    Fitness vecino: 98.8
2025-10-23 06:43:51,630 - WARNING -    Delta: -34.2
2025-10-23 06:43:51,630 - WARNING -    Temperatura: 2.19
2025-10-23 06:43:51,630 - WARNING -    Tipo perturbación aplicada: (ver generar_vecino)
2025-10-23 06:43:51,631 - WARNING -    Vecino - Puntos: 15814, Tiempo: 15273.9min, Distancia: 276.2km
2025-10-23 06:43:51,631 - WARNING -    Actual - Puntos: 15813, Tiempo: 13389.5min, Distancia: 122.9km
2025-10-23 06:43:51,631 - WARNING -    Validez restricciones - Vecino: False, Actual: False
2025-10-23 06:43:51,631 - WARNING - ================================================================================
2025-10-23 06:43:51,632 - WARNING - ⚠️  SALTO ANORMAL DETECTADO en iteración 51679
2025-10-23 06:43:51,632 - WARNING -    Fitness: 133.0 → 98.8 (Δ=-34.2)
2025-10-23 06:43:51,632 - WARNING -    Ver detalles en archivo de log
2025-10-23 06:43:53,455 - WARNING - ================================================================================
2025-10-23 06:43:53,455 - WARNING - ⚠️  SALTO ANORMAL DETECTADO en iteración 51695
2025-10-23 06:43:53,456 - WARNING -    Fitness actual: 121.8
2025-10-23 06:43:53,456 - WARNING -    Fitness vecino: 90.1
2025-10-23 06:43:53,457 - WARNING -    Delta: -31.7
2025-10-23 06:43:53,457 - WARNING -    Temperatura: 2.19
2025-10-23 06:43:53,457 - WARNING -    Tipo perturbación aplicada: (ver generar_vecino)
2025-10-23 06:43:53,457 - WARNING -    Vecino - Puntos: 15603, Tiempo: 15400.4min, Distancia: 291.7km
2025-10-23 06:43:53,457 - WARNING -    Actual - Puntos: 15600, Tiempo: 13401.9min, Distancia: 136.4km
2025-10-23 06:43:53,457 - WARNING -    Validez restricciones - Vecino: False, Actual: False
2025-10-23 06:43:53,458 - WARNING - ================================================================================
2025-10-23 06:43:53,458 - WARNING - ⚠️  SALTO ANORMAL DETECTADO en iteración 51695
2025-10-23 06:43:53,458 - WARNING -    Fitness: 121.8 → 90.1 (Δ=-31.7)
2025-10-23 06:43:53,458 - WARNING -    Ver detalles en archivo de log
2025-10-23 06:43:54,026 - DEBUG - Iter 51700: T=2.19, Fitness_actual=119.5, Mejor=141.9
2025-10-23 06:43:59,735 - WARNING - ⚠️  DEGRADACIÓN DETECTADA en iter 51750:
2025-10-23 06:43:59,735 - WARNING -    Mejor fitness: 141.9
2025-10-23 06:43:59,736 - WARNING -    Fitness promedio reciente: 117.4
2025-10-23 06:43:59,736 - WARNING -    Degradación: 24.5
2025-10-23 06:43:59,736 - WARNING -    🔄 RESTAURANDO mejor solución...
2025-10-23 06:43:59,850 - INFO - 🌟 MEJORA #232 en iter 51751: Fitness=141.9 (+0.0), Puntos=15926
2025-10-23 06:44:00,082 - INFO - 🌟 MEJORA #233 en iter 51753: Fitness=142.0 (+0.1), Puntos=15940
2025-10-23 06:44:05,419 - DEBUG - Iter 51800: T=2.19, Fitness_actual=134.7, Mejor=142.0
2025-10-23 06:44:06,668 - INFO - Iter 51811: Aceptada solución con delta=-11.4 (T=2.19)
2025-10-23 06:44:06,668 - INFO -   📊 Desglose del cambio:
2025-10-23 06:44:06,669 - INFO -      Puntos: -742 → 15066 total
2025-10-23 06:44:06,669 - INFO -      Tiempo: -389.5min → 13073.2min total
2025-10-23 06:44:06,669 - INFO -      Distancia: -4.5km → 128.6km total
2025-10-23 06:44:16,797 - WARNING - ⚠️  DEGRADACIÓN DETECTADA en iter 51900:
2025-10-23 06:44:16,797 - WARNING -    Mejor fitness: 142.0
2025-10-23 06:44:16,798 - WARNING -    Fitness promedio reciente: 115.0
2025-10-23 06:44:16,798 - WARNING -    Degradación: 27.0
2025-10-23 06:44:16,798 - WARNING -    🔄 RESTAURANDO mejor solución...
2025-10-23 06:44:16,800 - DEBUG - Iter 51900: T=2.18, Fitness_actual=142.0, Mejor=142.0
2025-10-23 06:44:28,148 - INFO -   Iter 52000 | Tiempo:   68.7min (28.6%) | T =     2.18 | Fitness =    125.6 | Mejor =    142.0 | Aceptación =  83.4%
2025-10-23 06:44:28,148 - INFO - Progreso iter 52000: T=2.18, Fitness=125.6, Mejor=142.0, Tasa_acept=83.4%
2025-10-23 06:44:28,150 - DEBUG - Iter 52000: T=2.18, Fitness_actual=125.6, Mejor=142.0
2025-10-23 06:44:33,857 - WARNING - ⚠️  DEGRADACIÓN DETECTADA en iter 52050:
2025-10-23 06:44:33,857 - WARNING -    Mejor fitness: 142.0
2025-10-23 06:44:33,857 - WARNING -    Fitness promedio reciente: 120.4
2025-10-23 06:44:33,858 - WARNING -    Degradación: 21.6
2025-10-23 06:44:33,858 - WARNING -    🔄 RESTAURANDO mejor solución...
2025-10-23 06:44:34,199 - INFO - 🌟 MEJORA #234 en iter 52053: Fitness=142.0 (+0.0), Puntos=15940
2025-10-23 06:44:39,537 - DEBUG - Iter 52100: T=2.17, Fitness_actual=136.7, Mejor=142.0
2025-10-23 06:44:50,921 - DEBUG - Iter 52200: T=2.17, Fitness_actual=124.6, Mejor=142.0
2025-10-23 06:44:56,647 - WARNING - ⚠️  DEGRADACIÓN DETECTADA en iter 52250:
2025-10-23 06:44:56,648 - WARNING -    Mejor fitness: 142.0
2025-10-23 06:44:56,649 - WARNING -    Fitness promedio reciente: 119.5
2025-10-23 06:44:56,649 - WARNING -    Degradación: 22.5
2025-10-23 06:44:56,649 - WARNING -    🔄 RESTAURANDO mejor solución...
2025-10-23 06:45:02,378 - DEBUG - Iter 52300: T=2.16, Fitness_actual=136.0, Mejor=142.0
2025-10-23 06:45:13,825 - WARNING - ⚠️  DEGRADACIÓN DETECTADA en iter 52400:
2025-10-23 06:45:13,825 - WARNING -    Mejor fitness: 142.0
2025-10-23 06:45:13,826 - WARNING -    Fitness promedio reciente: 118.6
2025-10-23 06:45:13,826 - WARNING -    Degradación: 23.4
2025-10-23 06:45:13,826 - WARNING -    🔄 RESTAURANDO mejor solución...
2025-10-23 06:45:13,830 - DEBUG - Iter 52400: T=2.16, Fitness_actual=142.0, Mejor=142.0
2025-10-23 06:45:25,286 - INFO -   Iter 52500 | Tiempo:   69.6min (29.0%) | T =     2.15 | Fitness =    116.3 | Mejor =    142.0 | Aceptación =  83.3%
2025-10-23 06:45:25,286 - INFO - Progreso iter 52500: T=2.15, Fitness=116.3, Mejor=142.0, Tasa_acept=83.3%
2025-10-23 06:45:25,287 - DEBUG - Iter 52500: T=2.15, Fitness_actual=116.3, Mejor=142.0
2025-10-23 06:45:31,044 - WARNING - ⚠️  DEGRADACIÓN DETECTADA en iter 52550:
2025-10-23 06:45:31,044 - WARNING -    Mejor fitness: 142.0
2025-10-23 06:45:31,044 - WARNING -    Fitness promedio reciente: 114.8
2025-10-23 06:45:31,045 - WARNING -    Degradación: 27.2
2025-10-23 06:45:31,045 - WARNING -    🔄 RESTAURANDO mejor solución...
2025-10-23 06:45:36,795 - DEBUG - Iter 52600: T=2.15, Fitness_actual=131.5, Mejor=142.0
2025-10-23 06:45:48,317 - DEBUG - Iter 52700: T=2.14, Fitness_actual=126.2, Mejor=142.0
2025-10-23 06:45:59,924 - DEBUG - Iter 52800: T=2.14, Fitness_actual=119.7, Mejor=142.0
2025-10-23 06:46:05,718 - WARNING - ⚠️  DEGRADACIÓN DETECTADA en iter 52850:
2025-10-23 06:46:05,718 - WARNING -    Mejor fitness: 142.0
2025-10-23 06:46:05,719 - WARNING -    Fitness promedio reciente: 117.7
2025-10-23 06:46:05,719 - WARNING -    Degradación: 24.3
2025-10-23 06:46:05,719 - WARNING -    🔄 RESTAURANDO mejor solución...
2025-10-23 06:46:11,538 - DEBUG - Iter 52900: T=2.13, Fitness_actual=129.6, Mejor=142.0
2025-10-23 06:46:23,143 - INFO -   Iter 53000 | Tiempo:   70.6min (29.4%) | T =     2.13 | Fitness =    119.5 | Mejor =    142.0 | Aceptación =  83.2%
2025-10-23 06:46:23,143 - INFO - Progreso iter 53000: T=2.13, Fitness=119.5, Mejor=142.0, Tasa_acept=83.2%
2025-10-23 06:46:23,146 - DEBUG - Iter 53000: T=2.13, Fitness_actual=119.5, Mejor=142.0
2025-10-23 06:46:28,943 - WARNING - ⚠️  DEGRADACIÓN DETECTADA en iter 53050:
2025-10-23 06:46:28,943 - WARNING -    Mejor fitness: 142.0
2025-10-23 06:46:28,944 - WARNING -    Fitness promedio reciente: 116.9
2025-10-23 06:46:28,944 - WARNING -    Degradación: 25.1
2025-10-23 06:46:28,945 - WARNING -    🔄 RESTAURANDO mejor solución...
2025-10-23 06:46:28,946 - INFO - 🌟 MEJORA #235 en iter 53050: Fitness=142.1 (+0.1), Puntos=15948
2025-10-23 06:46:28,946 - INFO -   ✨ Mejora #235 en iteración 53051: Fitness = 142.1 | Puntos = 15948 | T = 2.12
2025-10-23 06:46:29,179 - INFO - 🌟 MEJORA #236 en iter 53052: Fitness=142.1 (+0.0), Puntos=15948
2025-10-23 06:46:29,294 - INFO - 🌟 MEJORA #237 en iter 53053: Fitness=142.1 (+0.0), Puntos=15949
2025-10-23 06:46:34,740 - DEBUG - Iter 53100: T=2.12, Fitness_actual=132.7, Mejor=142.1
2025-10-23 06:46:46,361 - WARNING - ⚠️  DEGRADACIÓN DETECTADA en iter 53200:
2025-10-23 06:46:46,361 - WARNING -    Mejor fitness: 142.1
2025-10-23 06:46:46,362 - WARNING -    Fitness promedio reciente: 121.9
2025-10-23 06:46:46,362 - WARNING -    Degradación: 20.2
2025-10-23 06:46:46,362 - WARNING -    🔄 RESTAURANDO mejor solución...
2025-10-23 06:46:46,366 - DEBUG - Iter 53200: T=2.12, Fitness_actual=142.1, Mejor=142.1
2025-10-23 06:46:57,963 - DEBUG - Iter 53300: T=2.11, Fitness_actual=119.9, Mejor=142.1
2025-10-23 06:47:03,802 - WARNING - ⚠️  DEGRADACIÓN DETECTADA en iter 53350:
2025-10-23 06:47:03,802 - WARNING -    Mejor fitness: 142.1
2025-10-23 06:47:03,803 - WARNING -    Fitness promedio reciente: 118.2
2025-10-23 06:47:03,803 - WARNING -    Degradación: 23.9
2025-10-23 06:47:03,803 - WARNING -    🔄 RESTAURANDO mejor solución...
2025-10-23 06:47:09,636 - DEBUG - Iter 53400: T=2.11, Fitness_actual=128.7, Mejor=142.1
2025-10-23 06:47:21,240 - INFO -   Iter 53500 | Tiempo:   71.6min (29.8%) | T =     2.10 | Fitness =    125.2 | Mejor =    142.1 | Aceptación =  83.1%
2025-10-23 06:47:21,240 - INFO - Progreso iter 53500: T=2.10, Fitness=125.2, Mejor=142.1, Tasa_acept=83.1%
2025-10-23 06:47:21,243 - DEBUG - Iter 53500: T=2.10, Fitness_actual=125.2, Mejor=142.1
2025-10-23 06:47:32,868 - WARNING - ⚠️  DEGRADACIÓN DETECTADA en iter 53600:
2025-10-23 06:47:32,868 - WARNING -    Mejor fitness: 142.1
2025-10-23 06:47:32,869 - WARNING -    Fitness promedio reciente: 118.2
2025-10-23 06:47:32,869 - WARNING -    Degradación: 24.0
2025-10-23 06:47:32,869 - WARNING -    🔄 RESTAURANDO mejor solución...
2025-10-23 06:47:32,873 - DEBUG - Iter 53600: T=2.10, Fitness_actual=142.1, Mejor=142.1
2025-10-23 06:47:33,106 - INFO - 🌟 MEJORA #238 en iter 53602: Fitness=142.1 (+0.0), Puntos=15949
2025-10-23 06:47:44,573 - DEBUG - Iter 53700: T=2.09, Fitness_actual=131.8, Mejor=142.1
2025-10-23 06:47:46,445 - INFO - --- Cambiando a Fase: Intermedia (Balance) (Progreso: 30.0%) ---
2025-10-23 06:47:56,269 - DEBUG - Iter 53800: T=2.09, Fitness_actual=122.1, Mejor=142.1
2025-10-23 06:48:02,104 - WARNING - ⚠️  DEGRADACIÓN DETECTADA en iter 53850:
2025-10-23 06:48:02,104 - WARNING -    Mejor fitness: 142.1
2025-10-23 06:48:02,105 - WARNING -    Fitness promedio reciente: 118.9
2025-10-23 06:48:02,105 - WARNING -    Degradación: 23.2
2025-10-23 06:48:02,105 - WARNING -    🔄 RESTAURANDO mejor solución...
2025-10-23 06:48:07,916 - DEBUG - Iter 53900: T=2.08, Fitness_actual=136.1, Mejor=142.1
2025-10-23 06:48:19,619 - INFO -   Iter 54000 | Tiempo:   72.6min (30.2%) | T =     2.08 | Fitness =    128.0 | Mejor =    142.1 | Aceptación =  83.1%
2025-10-23 06:48:19,619 - INFO - Progreso iter 54000: T=2.08, Fitness=128.0, Mejor=142.1, Tasa_acept=83.1%
2025-10-23 06:48:19,622 - DEBUG - Iter 54000: T=2.08, Fitness_actual=128.0, Mejor=142.1
2025-10-23 06:48:31,348 - DEBUG - Iter 54100: T=2.07, Fitness_actual=123.3, Mejor=142.1
2025-10-23 06:48:43,123 - WARNING - ⚠️  DEGRADACIÓN DETECTADA en iter 54200:
2025-10-23 06:48:43,123 - WARNING -    Mejor fitness: 142.1
2025-10-23 06:48:43,124 - WARNING -    Fitness promedio reciente: 115.7
2025-10-23 06:48:43,124 - WARNING -    Degradación: 26.5
2025-10-23 06:48:43,124 - WARNING -    🔄 RESTAURANDO mejor solución...
2025-10-23 06:48:43,128 - DEBUG - Iter 54200: T=2.07, Fitness_actual=142.1, Mejor=142.1
2025-10-23 06:48:54,858 - DEBUG - Iter 54300: T=2.06, Fitness_actual=130.0, Mejor=142.1
2025-10-23 06:49:06,624 - DEBUG - Iter 54400: T=2.06, Fitness_actual=123.4, Mejor=142.1
2025-10-23 06:49:12,474 - WARNING - ⚠️  DEGRADACIÓN DETECTADA en iter 54450:
2025-10-23 06:49:12,474 - WARNING -    Mejor fitness: 142.1
2025-10-23 06:49:12,474 - WARNING -    Fitness promedio reciente: 120.9
2025-10-23 06:49:12,475 - WARNING -    Degradación: 21.2
2025-10-23 06:49:12,475 - WARNING -    🔄 RESTAURANDO mejor solución...
2025-10-23 06:49:12,594 - INFO - 🌟 MEJORA #239 en iter 54451: Fitness=142.1 (+0.0), Puntos=15949
2025-10-23 06:49:18,369 - INFO -   Iter 54500 | Tiempo:   73.5min (30.6%) | T =     2.05 | Fitness =    132.5 | Mejor =    142.1 | Aceptación =  83.1%
2025-10-23 06:49:18,369 - INFO - Progreso iter 54500: T=2.05, Fitness=132.5, Mejor=142.1, Tasa_acept=83.1%
2025-10-23 06:49:18,373 - DEBUG - Iter 54500: T=2.05, Fitness_actual=132.5, Mejor=142.1
2025-10-23 06:49:30,162 - DEBUG - Iter 54600: T=2.05, Fitness_actual=125.8, Mejor=142.1
2025-10-23 06:49:41,887 - DEBUG - Iter 54700: T=2.04, Fitness_actual=126.3, Mejor=142.1
2025-10-23 06:49:53,580 - DEBUG - Iter 54800: T=2.04, Fitness_actual=119.1, Mejor=142.1
2025-10-23 06:49:59,410 - WARNING - ⚠️  DEGRADACIÓN DETECTADA en iter 54850:
2025-10-23 06:49:59,411 - WARNING -    Mejor fitness: 142.1
2025-10-23 06:49:59,416 - WARNING -    Fitness promedio reciente: 119.6
2025-10-23 06:49:59,416 - WARNING -    Degradación: 22.5
2025-10-23 06:49:59,416 - WARNING -    🔄 RESTAURANDO mejor solución...
2025-10-23 06:49:59,418 - INFO - 🌟 MEJORA #240 en iter 54850: Fitness=142.1 (+0.0), Puntos=15949
2025-10-23 06:49:59,418 - INFO -   ✨ Mejora #240 en iteración 54851: Fitness = 142.1 | Puntos = 15949 | T = 2.04
2025-10-23 06:50:05,263 - DEBUG - Iter 54900: T=2.04, Fitness_actual=133.0, Mejor=142.1
2025-10-23 06:50:16,978 - INFO -   Iter 55000 | Tiempo:   74.5min (31.0%) | T =     2.03 | Fitness =    126.8 | Mejor =    142.1 | Aceptación =  83.1%
2025-10-23 06:50:16,978 - INFO - Progreso iter 55000: T=2.03, Fitness=126.8, Mejor=142.1, Tasa_acept=83.1%
2025-10-23 06:50:16,981 - DEBUG - Iter 55000: T=2.03, Fitness_actual=126.8, Mejor=142.1
2025-10-23 06:50:28,724 - DEBUG - Iter 55100: T=2.03, Fitness_actual=121.2, Mejor=142.1
2025-10-23 06:50:34,634 - WARNING - ⚠️  DEGRADACIÓN DETECTADA en iter 55150:
2025-10-23 06:50:34,634 - WARNING -    Mejor fitness: 142.1
2025-10-23 06:50:34,634 - WARNING -    Fitness promedio reciente: 118.6
2025-10-23 06:50:34,635 - WARNING -    Degradación: 23.5
2025-10-23 06:50:34,635 - WARNING -    🔄 RESTAURANDO mejor solución...
2025-10-23 06:50:40,540 - DEBUG - Iter 55200: T=2.02, Fitness_actual=130.5, Mejor=142.1
2025-10-23 06:50:52,368 - DEBUG - Iter 55300: T=2.02, Fitness_actual=128.6, Mejor=142.1
2025-10-23 06:51:04,372 - WARNING - ⚠️  DEGRADACIÓN DETECTADA en iter 55400:
2025-10-23 06:51:04,372 - WARNING -    Mejor fitness: 142.1
2025-10-23 06:51:04,373 - WARNING -    Fitness promedio reciente: 116.4
2025-10-23 06:51:04,373 - WARNING -    Degradación: 25.7
2025-10-23 06:51:04,373 - WARNING -    🔄 RESTAURANDO mejor solución...
2025-10-23 06:51:04,374 - DEBUG - Iter 55400: T=2.01, Fitness_actual=142.1, Mejor=142.1
2025-10-23 06:51:16,212 - INFO -   Iter 55500 | Tiempo:   75.5min (31.5%) | T =     2.01 | Fitness =    128.6 | Mejor =    142.1 | Aceptación =  83.1%
2025-10-23 06:51:16,212 - INFO - Progreso iter 55500: T=2.01, Fitness=128.6, Mejor=142.1, Tasa_acept=83.1%
2025-10-23 06:51:16,215 - DEBUG - Iter 55500: T=2.01, Fitness_actual=128.6, Mejor=142.1
2025-10-23 06:51:28,089 - DEBUG - Iter 55600: T=2.00, Fitness_actual=123.2, Mejor=142.1
2025-10-23 06:51:39,980 - WARNING - ⚠️  DEGRADACIÓN DETECTADA en iter 55700:
2025-10-23 06:51:39,980 - WARNING -    Mejor fitness: 142.1
2025-10-23 06:51:39,981 - WARNING -    Fitness promedio reciente: 122.1
2025-10-23 06:51:39,981 - WARNING -    Degradación: 20.1
2025-10-23 06:51:39,981 - WARNING -    🔄 RESTAURANDO mejor solución...
2025-10-23 06:51:39,983 - DEBUG - Iter 55700: T=2.00, Fitness_actual=142.1, Mejor=142.1
2025-10-23 06:51:51,969 - DEBUG - Iter 55800: T=1.99, Fitness_actual=127.1, Mejor=142.1
2025-10-23 06:52:03,974 - DEBUG - Iter 55900: T=1.99, Fitness_actual=127.4, Mejor=142.1
2025-10-23 06:52:15,943 - INFO -   Iter 56000 | Tiempo:   76.5min (31.9%) | T =     1.98 | Fitness =    125.7 | Mejor =    142.1 | Aceptación =  83.1%
2025-10-23 06:52:15,943 - INFO - Progreso iter 56000: T=1.98, Fitness=125.7, Mejor=142.1, Tasa_acept=83.1%
2025-10-23 06:52:15,946 - DEBUG - Iter 56000: T=1.98, Fitness_actual=125.7, Mejor=142.1
2025-10-23 06:52:21,959 - WARNING - ⚠️  DEGRADACIÓN DETECTADA en iter 56050:
2025-10-23 06:52:21,959 - WARNING -    Mejor fitness: 142.1
2025-10-23 06:52:21,960 - WARNING -    Fitness promedio reciente: 117.2
2025-10-23 06:52:21,960 - WARNING -    Degradación: 24.9
2025-10-23 06:52:21,960 - WARNING -    🔄 RESTAURANDO mejor solución...
2025-10-23 06:52:22,321 - INFO - 🌟 MEJORA #241 en iter 56053: Fitness=142.1 (+0.0), Puntos=15949
2025-10-23 06:52:27,911 - DEBUG - Iter 56100: T=1.98, Fitness_actual=131.9, Mejor=142.1
2025-10-23 06:52:39,873 - DEBUG - Iter 56200: T=1.97, Fitness_actual=124.3, Mejor=142.1
2025-10-23 06:52:51,869 - WARNING - ⚠️  DEGRADACIÓN DETECTADA en iter 56300:
2025-10-23 06:52:51,869 - WARNING -    Mejor fitness: 142.1
2025-10-23 06:52:51,870 - WARNING -    Fitness promedio reciente: 111.6
2025-10-23 06:52:51,870 - WARNING -    Degradación: 30.5
2025-10-23 06:52:51,870 - WARNING -    🔄 RESTAURANDO mejor solución...
2025-10-23 06:52:51,872 - DEBUG - Iter 56300: T=1.97, Fitness_actual=142.1, Mejor=142.1
2025-10-23 06:53:03,815 - DEBUG - Iter 56400: T=1.96, Fitness_actual=127.1, Mejor=142.1
2025-10-23 06:53:15,801 - INFO -   Iter 56500 | Tiempo:   77.5min (32.3%) | T =     1.96 | Fitness =    127.0 | Mejor =    142.1 | Aceptación =  83.1%
2025-10-23 06:53:15,802 - INFO - Progreso iter 56500: T=1.96, Fitness=127.0, Mejor=142.1, Tasa_acept=83.1%
2025-10-23 06:53:15,803 - DEBUG - Iter 56500: T=1.96, Fitness_actual=127.0, Mejor=142.1
2025-10-23 06:53:27,801 - DEBUG - Iter 56600: T=1.96, Fitness_actual=123.8, Mejor=142.1
2025-10-23 06:53:39,821 - WARNING - ⚠️  DEGRADACIÓN DETECTADA en iter 56700:
2025-10-23 06:53:39,821 - WARNING -    Mejor fitness: 142.1
2025-10-23 06:53:39,822 - WARNING -    Fitness promedio reciente: 118.8
2025-10-23 06:53:39,822 - WARNING -    Degradación: 23.3
2025-10-23 06:53:39,823 - WARNING -    🔄 RESTAURANDO mejor solución...
2025-10-23 06:53:39,824 - DEBUG - Iter 56700: T=1.95, Fitness_actual=142.1, Mejor=142.1
2025-10-23 06:53:39,824 - INFO - 🌟 MEJORA #242 en iter 56700: Fitness=142.1 (+0.0), Puntos=15949
2025-10-23 06:53:51,809 - DEBUG - Iter 56800: T=1.95, Fitness_actual=131.9, Mejor=142.1
2025-10-23 06:54:03,877 - DEBUG - Iter 56900: T=1.94, Fitness_actual=125.6, Mejor=142.1
2025-10-23 06:54:15,991 - INFO -   Iter 57000 | Tiempo:   78.5min (32.7%) | T =     1.94 | Fitness =    114.7 | Mejor =    142.1 | Aceptación =  83.1%
2025-10-23 06:54:15,991 - INFO - Progreso iter 57000: T=1.94, Fitness=114.7, Mejor=142.1, Tasa_acept=83.1%
2025-10-23 06:54:15,992 - WARNING - ⚠️  DEGRADACIÓN DETECTADA en iter 57000:
2025-10-23 06:54:15,992 - WARNING -    Mejor fitness: 142.1
2025-10-23 06:54:15,992 - WARNING -    Fitness promedio reciente: 121.1
2025-10-23 06:54:15,993 - WARNING -    Degradación: 21.0
2025-10-23 06:54:15,993 - WARNING -    🔄 RESTAURANDO mejor solución...
2025-10-23 06:54:15,994 - DEBUG - Iter 57000: T=1.94, Fitness_actual=142.1, Mejor=142.1
2025-10-23 06:54:15,994 - INFO - 🌟 MEJORA #243 en iter 57000: Fitness=142.1 (+0.0), Puntos=15949
2025-10-23 06:54:27,984 - DEBUG - Iter 57100: T=1.93, Fitness_actual=132.9, Mejor=142.1
2025-10-23 06:54:40,137 - DEBUG - Iter 57200: T=1.93, Fitness_actual=127.9, Mejor=142.1
2025-10-23 06:54:52,278 - DEBUG - Iter 57300: T=1.92, Fitness_actual=125.2, Mejor=142.1
2025-10-23 06:55:04,448 - WARNING - ⚠️  DEGRADACIÓN DETECTADA en iter 57400:
2025-10-23 06:55:04,448 - WARNING -    Mejor fitness: 142.1
2025-10-23 06:55:04,448 - WARNING -    Fitness promedio reciente: 118.3
2025-10-23 06:55:04,449 - WARNING -    Degradación: 23.8
2025-10-23 06:55:04,449 - WARNING -    🔄 RESTAURANDO mejor solución...
2025-10-23 06:55:04,450 - DEBUG - Iter 57400: T=1.92, Fitness_actual=142.1, Mejor=142.1
2025-10-23 06:55:04,450 - INFO - 🌟 MEJORA #244 en iter 57400: Fitness=142.1 (+0.0), Puntos=15949
2025-10-23 06:55:16,629 - INFO -   Iter 57500 | Tiempo:   79.5min (33.1%) | T =     1.91 | Fitness =    127.2 | Mejor =    142.1 | Aceptación =  83.1%
2025-10-23 06:55:16,629 - INFO - Progreso iter 57500: T=1.91, Fitness=127.2, Mejor=142.1, Tasa_acept=83.1%
2025-10-23 06:55:16,631 - DEBUG - Iter 57500: T=1.91, Fitness_actual=127.2, Mejor=142.1
2025-10-23 06:55:28,832 - WARNING - ⚠️  DEGRADACIÓN DETECTADA en iter 57600:
2025-10-23 06:55:28,833 - WARNING -    Mejor fitness: 142.1
2025-10-23 06:55:28,833 - WARNING -    Fitness promedio reciente: 114.3
2025-10-23 06:55:28,833 - WARNING -    Degradación: 27.9
2025-10-23 06:55:28,834 - WARNING -    🔄 RESTAURANDO mejor solución...
2025-10-23 06:55:28,835 - DEBUG - Iter 57600: T=1.91, Fitness_actual=142.1, Mejor=142.1
2025-10-23 06:55:41,071 - DEBUG - Iter 57700: T=1.90, Fitness_actual=126.5, Mejor=142.1
2025-10-23 06:55:53,252 - WARNING - ⚠️  DEGRADACIÓN DETECTADA en iter 57800:
2025-10-23 06:55:53,253 - WARNING -    Mejor fitness: 142.1
2025-10-23 06:55:53,253 - WARNING -    Fitness promedio reciente: 119.9
2025-10-23 06:55:53,254 - WARNING -    Degradación: 22.2
2025-10-23 06:55:53,254 - WARNING -    🔄 RESTAURANDO mejor solución...
2025-10-23 06:55:53,255 - DEBUG - Iter 57800: T=1.90, Fitness_actual=142.1, Mejor=142.1
2025-10-23 06:55:54,730 - INFO - 🌟 MEJORA #245 en iter 57812: Fitness=142.1 (+0.0), Puntos=15949
2025-10-23 06:55:54,730 - INFO -   ✨ Mejora #245 en iteración 57813: Fitness = 142.1 | Puntos = 15949 | T = 1.90
2025-10-23 06:55:54,853 - INFO - 🌟 MEJORA #246 en iter 57813: Fitness=142.2 (+0.0), Puntos=15952
2025-10-23 06:55:54,975 - INFO - 🌟 MEJORA #247 en iter 57814: Fitness=142.2 (+0.0), Puntos=15952
2025-10-23 06:56:05,570 - DEBUG - Iter 57900: T=1.90, Fitness_actual=130.0, Mejor=142.2
2025-10-23 06:56:17,796 - INFO -   Iter 58000 | Tiempo:   80.5min (33.6%) | T =     1.89 | Fitness =    119.3 | Mejor =    142.2 | Aceptación =  83.1%
2025-10-23 06:56:17,796 - INFO - Progreso iter 58000: T=1.89, Fitness=119.3, Mejor=142.2, Tasa_acept=83.1%
2025-10-23 06:56:17,800 - DEBUG - Iter 58000: T=1.89, Fitness_actual=119.3, Mejor=142.2
2025-10-23 06:56:23,933 - WARNING - ⚠️  DEGRADACIÓN DETECTADA en iter 58050:
2025-10-23 06:56:23,933 - WARNING -    Mejor fitness: 142.2
2025-10-23 06:56:23,934 - WARNING -    Fitness promedio reciente: 116.8
2025-10-23 06:56:23,934 - WARNING -    Degradación: 25.3
2025-10-23 06:56:23,934 - WARNING -    🔄 RESTAURANDO mejor solución...
2025-10-23 06:56:30,069 - DEBUG - Iter 58100: T=1.89, Fitness_actual=137.2, Mejor=142.2
2025-10-23 06:56:42,327 - DEBUG - Iter 58200: T=1.88, Fitness_actual=122.3, Mejor=142.2
2025-10-23 06:56:48,454 - WARNING - ⚠️  DEGRADACIÓN DETECTADA en iter 58250:
2025-10-23 06:56:48,454 - WARNING -    Mejor fitness: 142.2
2025-10-23 06:56:48,455 - WARNING -    Fitness promedio reciente: 119.2
2025-10-23 06:56:48,455 - WARNING -    Degradación: 22.9
2025-10-23 06:56:48,455 - WARNING -    🔄 RESTAURANDO mejor solución...
2025-10-23 06:56:54,602 - DEBUG - Iter 58300: T=1.88, Fitness_actual=137.3, Mejor=142.2
2025-10-23 06:57:06,863 - DEBUG - Iter 58400: T=1.87, Fitness_actual=130.9, Mejor=142.2
2025-10-23 06:57:19,154 - INFO -   Iter 58500 | Tiempo:   81.5min (34.0%) | T =     1.87 | Fitness =    123.8 | Mejor =    142.2 | Aceptación =  83.1%
2025-10-23 06:57:19,154 - INFO - Progreso iter 58500: T=1.87, Fitness=123.8, Mejor=142.2, Tasa_acept=83.1%
2025-10-23 06:57:19,157 - DEBUG - Iter 58500: T=1.87, Fitness_actual=123.8, Mejor=142.2
2025-10-23 06:57:28,492 - WARNING - ================================================================================
2025-10-23 06:57:28,492 - WARNING - ⚠️  SALTO ANORMAL DETECTADO en iteración 58576
2025-10-23 06:57:28,493 - WARNING -    Fitness actual: 121.8
2025-10-23 06:57:28,493 - WARNING -    Fitness vecino: 87.6
2025-10-23 06:57:28,494 - WARNING -    Delta: -34.2
2025-10-23 06:57:28,494 - WARNING -    Temperatura: 1.86
2025-10-23 06:57:28,494 - WARNING -    Tipo perturbación aplicada: (ver generar_vecino)
2025-10-23 06:57:28,494 - WARNING -    Vecino - Puntos: 15467, Tiempo: 15692.4min, Distancia: 289.8km
2025-10-23 06:57:28,494 - WARNING -    Actual - Puntos: 15476, Tiempo: 13589.4min, Distancia: 142.0km
2025-10-23 06:57:28,495 - WARNING -    Validez restricciones - Vecino: False, Actual: False
2025-10-23 06:57:28,495 - WARNING - ================================================================================
2025-10-23 06:57:28,495 - WARNING - ⚠️  SALTO ANORMAL DETECTADO en iteración 58576
2025-10-23 06:57:28,495 - WARNING -    Fitness: 121.8 → 87.6 (Δ=-34.2)
2025-10-23 06:57:28,495 - WARNING -    Ver detalles en archivo de log
2025-10-23 06:57:31,438 - WARNING - ⚠️  DEGRADACIÓN DETECTADA en iter 58600:
2025-10-23 06:57:31,438 - WARNING -    Mejor fitness: 142.2
2025-10-23 06:57:31,439 - WARNING -    Fitness promedio reciente: 121.5
2025-10-23 06:57:31,439 - WARNING -    Degradación: 20.7
2025-10-23 06:57:31,439 - WARNING -    🔄 RESTAURANDO mejor solución...
2025-10-23 06:57:31,443 - DEBUG - Iter 58600: T=1.86, Fitness_actual=142.2, Mejor=142.2
2025-10-23 06:57:43,635 - DEBUG - Iter 58700: T=1.86, Fitness_actual=136.9, Mejor=142.2
2025-10-23 06:57:55,848 - DEBUG - Iter 58800: T=1.85, Fitness_actual=130.6, Mejor=142.2
2025-10-23 06:58:08,151 - WARNING - ⚠️  DEGRADACIÓN DETECTADA en iter 58900:
2025-10-23 06:58:08,151 - WARNING -    Mejor fitness: 142.2
2025-10-23 06:58:08,152 - WARNING -    Fitness promedio reciente: 121.9
2025-10-23 06:58:08,152 - WARNING -    Degradación: 20.3
2025-10-23 06:58:08,152 - WARNING -    🔄 RESTAURANDO mejor solución...
2025-10-23 06:58:08,158 - DEBUG - Iter 58900: T=1.85, Fitness_actual=142.2, Mejor=142.2
2025-10-23 06:58:08,278 - INFO - 🌟 MEJORA #248 en iter 58901: Fitness=142.2 (+0.0), Puntos=15952
2025-10-23 06:58:20,435 - INFO -   Iter 59000 | Tiempo:   82.6min (34.4%) | T =     1.85 | Fitness =    129.7 | Mejor =    142.2 | Aceptación =  83.1%
2025-10-23 06:58:20,435 - INFO - Progreso iter 59000: T=1.85, Fitness=129.7, Mejor=142.2, Tasa_acept=83.1%
2025-10-23 06:58:20,438 - DEBUG - Iter 59000: T=1.85, Fitness_actual=129.7, Mejor=142.2
2025-10-23 06:58:32,759 - DEBUG - Iter 59100: T=1.84, Fitness_actual=121.5, Mejor=142.2
2025-10-23 06:58:38,926 - WARNING - ⚠️  DEGRADACIÓN DETECTADA en iter 59150:
2025-10-23 06:58:38,927 - WARNING -    Mejor fitness: 142.2
2025-10-23 06:58:38,927 - WARNING -    Fitness promedio reciente: 120.9
2025-10-23 06:58:38,928 - WARNING -    Degradación: 21.3
2025-10-23 06:58:38,928 - WARNING -    🔄 RESTAURANDO mejor solución...
2025-10-23 06:58:45,108 - DEBUG - Iter 59200: T=1.84, Fitness_actual=128.1, Mejor=142.2
2025-10-23 06:58:57,454 - DEBUG - Iter 59300: T=1.83, Fitness_actual=119.9, Mejor=142.2
2025-10-23 06:59:03,603 - WARNING - ⚠️  DEGRADACIÓN DETECTADA en iter 59350:
2025-10-23 06:59:03,603 - WARNING -    Mejor fitness: 142.2
2025-10-23 06:59:03,604 - WARNING -    Fitness promedio reciente: 119.1
2025-10-23 06:59:03,604 - WARNING -    Degradación: 23.1
2025-10-23 06:59:03,605 - WARNING -    🔄 RESTAURANDO mejor solución...
2025-10-23 06:59:09,741 - DEBUG - Iter 59400: T=1.83, Fitness_actual=134.7, Mejor=142.2
2025-10-23 06:59:22,068 - INFO -   Iter 59500 | Tiempo:   83.6min (34.8%) | T =     1.82 | Fitness =    130.9 | Mejor =    142.2 | Aceptación =  83.1%
2025-10-23 06:59:22,068 - INFO - Progreso iter 59500: T=1.82, Fitness=130.9, Mejor=142.2, Tasa_acept=83.1%
2025-10-23 06:59:22,070 - DEBUG - Iter 59500: T=1.82, Fitness_actual=130.9, Mejor=142.2
2025-10-23 06:59:34,365 - DEBUG - Iter 59600: T=1.82, Fitness_actual=129.1, Mejor=142.2
2025-10-23 06:59:46,684 - DEBUG - Iter 59700: T=1.81, Fitness_actual=128.1, Mejor=142.2
2025-10-23 06:59:59,057 - DEBUG - Iter 59800: T=1.81, Fitness_actual=124.1, Mejor=142.2
2025-10-23 07:00:11,482 - WARNING - ⚠️  DEGRADACIÓN DETECTADA en iter 59900:
2025-10-23 07:00:11,482 - WARNING -    Mejor fitness: 142.2
2025-10-23 07:00:11,483 - WARNING -    Fitness promedio reciente: 121.7
2025-10-23 07:00:11,483 - WARNING -    Degradación: 20.4
2025-10-23 07:00:11,483 - WARNING -    🔄 RESTAURANDO mejor solución...
2025-10-23 07:00:11,485 - DEBUG - Iter 59900: T=1.81, Fitness_actual=142.2, Mejor=142.2
2025-10-23 07:00:11,485 - INFO - 🌟 MEJORA #249 en iter 59900: Fitness=142.2 (+0.0), Puntos=15952
2025-10-23 07:00:11,610 - INFO - 🌟 MEJORA #250 en iter 59901: Fitness=142.2 (+0.0), Puntos=15952
2025-10-23 07:00:11,610 - INFO -   ✨ Mejora #250 en iteración 59902: Fitness = 142.2 | Puntos = 15952 | T = 1.81
2025-10-23 07:00:23,889 - INFO -   Iter 60000 | Tiempo:   84.6min (35.3%) | T =     1.80 | Fitness =    135.3 | Mejor =    142.2 | Aceptación =  83.1%
2025-10-23 07:00:23,889 - INFO - Progreso iter 60000: T=1.80, Fitness=135.3, Mejor=142.2, Tasa_acept=83.1%
2025-10-23 07:00:23,892 - DEBUG - Iter 60000: T=1.80, Fitness_actual=135.3, Mejor=142.2
2025-10-23 07:00:36,347 - DEBUG - Iter 60100: T=1.80, Fitness_actual=122.0, Mejor=142.2
2025-10-23 07:00:48,778 - WARNING - ⚠️  DEGRADACIÓN DETECTADA en iter 60200:
2025-10-23 07:00:48,778 - WARNING -    Mejor fitness: 142.2
2025-10-23 07:00:48,778 - WARNING -    Fitness promedio reciente: 121.4
2025-10-23 07:00:48,779 - WARNING -    Degradación: 20.8
2025-10-23 07:00:48,779 - WARNING -    🔄 RESTAURANDO mejor solución...
2025-10-23 07:00:48,780 - DEBUG - Iter 60200: T=1.79, Fitness_actual=142.2, Mejor=142.2
2025-10-23 07:00:48,780 - INFO - 🌟 MEJORA #251 en iter 60200: Fitness=142.2 (+0.0), Puntos=15952
2025-10-23 07:01:01,320 - DEBUG - Iter 60300: T=1.79, Fitness_actual=122.4, Mejor=142.2
2025-10-23 07:01:07,671 - WARNING - ⚠️  DEGRADACIÓN DETECTADA en iter 60350:
2025-10-23 07:01:07,671 - WARNING -    Mejor fitness: 142.2
2025-10-23 07:01:07,672 - WARNING -    Fitness promedio reciente: 120.5
2025-10-23 07:01:07,672 - WARNING -    Degradación: 21.6
2025-10-23 07:01:07,673 - WARNING -    🔄 RESTAURANDO mejor solución...
2025-10-23 07:01:07,674 - INFO - 🌟 MEJORA #252 en iter 60350: Fitness=142.2 (+0.0), Puntos=15952
2025-10-23 07:01:13,988 - DEBUG - Iter 60400: T=1.78, Fitness_actual=137.0, Mejor=142.2
2025-10-23 07:01:26,538 - INFO -   Iter 60500 | Tiempo:   85.7min (35.7%) | T =     1.78 | Fitness =    122.4 | Mejor =    142.2 | Aceptación =  83.1%
2025-10-23 07:01:26,538 - INFO - Progreso iter 60500: T=1.78, Fitness=122.4, Mejor=142.2, Tasa_acept=83.1%
2025-10-23 07:01:26,542 - DEBUG - Iter 60500: T=1.78, Fitness_actual=122.4, Mejor=142.2
2025-10-23 07:01:32,843 - WARNING - ⚠️  DEGRADACIÓN DETECTADA en iter 60550:
2025-10-23 07:01:32,843 - WARNING -    Mejor fitness: 142.2
2025-10-23 07:01:32,844 - WARNING -    Fitness promedio reciente: 118.4
2025-10-23 07:01:32,844 - WARNING -    Degradación: 23.7
2025-10-23 07:01:32,844 - WARNING -    🔄 RESTAURANDO mejor solución...
2025-10-23 07:01:39,125 - DEBUG - Iter 60600: T=1.77, Fitness_actual=134.4, Mejor=142.2
2025-10-23 07:01:44,422 - WARNING - ================================================================================
2025-10-23 07:01:44,422 - WARNING - ⚠️  SALTO ANORMAL DETECTADO en iteración 60642
2025-10-23 07:01:44,423 - WARNING -    Fitness actual: 129.7
2025-10-23 07:01:44,423 - WARNING -    Fitness vecino: 96.8
2025-10-23 07:01:44,423 - WARNING -    Delta: -32.9
2025-10-23 07:01:44,423 - WARNING -    Temperatura: 1.77
2025-10-23 07:01:44,423 - WARNING -    Tipo perturbación aplicada: (ver generar_vecino)
2025-10-23 07:01:44,424 - WARNING -    Vecino - Puntos: 15468, Tiempo: 15117.7min, Distancia: 265.2km
2025-10-23 07:01:44,424 - WARNING -    Actual - Puntos: 15758, Tiempo: 13494.6min, Distancia: 137.0km
2025-10-23 07:01:44,424 - WARNING -    Validez restricciones - Vecino: False, Actual: False
2025-10-23 07:01:44,424 - WARNING - ================================================================================
2025-10-23 07:01:44,424 - WARNING - ⚠️  SALTO ANORMAL DETECTADO en iteración 60642
2025-10-23 07:01:44,425 - WARNING -    Fitness: 129.7 → 96.8 (Δ=-32.9)
2025-10-23 07:01:44,425 - WARNING -    Ver detalles en archivo de log
2025-10-23 07:01:51,740 - DEBUG - Iter 60700: T=1.77, Fitness_actual=128.0, Mejor=142.2
2025-10-23 07:02:04,377 - WARNING - ⚠️  DEGRADACIÓN DETECTADA en iter 60800:
2025-10-23 07:02:04,377 - WARNING -    Mejor fitness: 142.2
2025-10-23 07:02:04,378 - WARNING -    Fitness promedio reciente: 121.3
2025-10-23 07:02:04,378 - WARNING -    Degradación: 20.9
2025-10-23 07:02:04,378 - WARNING -    🔄 RESTAURANDO mejor solución...
2025-10-23 07:02:04,382 - DEBUG - Iter 60800: T=1.77, Fitness_actual=142.2, Mejor=142.2
2025-10-23 07:02:04,509 - INFO - 🌟 MEJORA #253 en iter 60801: Fitness=142.2 (+0.0), Puntos=15952
2025-10-23 07:02:04,758 - INFO - 🌟 MEJORA #254 en iter 60803: Fitness=142.2 (+0.0), Puntos=15952
2025-10-23 07:02:05,138 - INFO - 🌟 MEJORA #255 en iter 60806: Fitness=142.2 (+0.0), Puntos=15952
2025-10-23 07:02:05,138 - INFO -   ✨ Mejora #255 en iteración 60807: Fitness = 142.2 | Puntos = 15952 | T = 1.77
2025-10-23 07:02:05,518 - INFO - 🌟 MEJORA #256 en iter 60809: Fitness=142.2 (+0.0), Puntos=15959
2025-10-23 07:02:06,019 - INFO - 🌟 MEJORA #257 en iter 60813: Fitness=142.3 (+0.1), Puntos=15968
2025-10-23 07:02:16,947 - DEBUG - Iter 60900: T=1.76, Fitness_actual=131.5, Mejor=142.3
2025-10-23 07:02:29,568 - INFO -   Iter 61000 | Tiempo:   86.7min (36.1%) | T =     1.76 | Fitness =    122.0 | Mejor =    142.3 | Aceptación =  83.1%
2025-10-23 07:02:29,568 - INFO - Progreso iter 61000: T=1.76, Fitness=122.0, Mejor=142.3, Tasa_acept=83.1%
2025-10-23 07:02:29,571 - DEBUG - Iter 61000: T=1.76, Fitness_actual=122.0, Mejor=142.3
2025-10-23 07:02:42,181 - WARNING - ⚠️  DEGRADACIÓN DETECTADA en iter 61100:
2025-10-23 07:02:42,181 - WARNING -    Mejor fitness: 142.3
2025-10-23 07:02:42,182 - WARNING -    Fitness promedio reciente: 120.6
2025-10-23 07:02:42,182 - WARNING -    Degradación: 21.7
2025-10-23 07:02:42,182 - WARNING -    🔄 RESTAURANDO mejor solución...
2025-10-23 07:02:42,183 - DEBUG - Iter 61100: T=1.75, Fitness_actual=142.3, Mejor=142.3
2025-10-23 07:02:43,185 - INFO - 🌟 MEJORA #258 en iter 61108: Fitness=142.3 (+0.0), Puntos=15970
2025-10-23 07:02:43,435 - INFO - 🌟 MEJORA #259 en iter 61110: Fitness=142.4 (+0.1), Puntos=15980
2025-10-23 07:02:54,846 - DEBUG - Iter 61200: T=1.75, Fitness_actual=130.4, Mejor=142.4
2025-10-23 07:03:07,454 - DEBUG - Iter 61300: T=1.74, Fitness_actual=128.4, Mejor=142.4
2025-10-23 07:03:20,047 - DEBUG - Iter 61400: T=1.74, Fitness_actual=121.5, Mejor=142.4
2025-10-23 07:03:26,315 - WARNING - ⚠️  DEGRADACIÓN DETECTADA en iter 61450:
2025-10-23 07:03:26,315 - WARNING -    Mejor fitness: 142.4
2025-10-23 07:03:26,315 - WARNING -    Fitness promedio reciente: 121.4
2025-10-23 07:03:26,316 - WARNING -    Degradación: 21.0
2025-10-23 07:03:26,316 - WARNING -    🔄 RESTAURANDO mejor solución...
2025-10-23 07:03:26,441 - INFO - 🌟 MEJORA #260 en iter 61451: Fitness=142.4 (+0.0), Puntos=15980
2025-10-23 07:03:26,441 - INFO -   ✨ Mejora #260 en iteración 61452: Fitness = 142.4 | Puntos = 15980 | T = 1.74
2025-10-23 07:03:26,694 - INFO - 🌟 MEJORA #261 en iter 61453: Fitness=142.4 (+0.0), Puntos=15980
2025-10-23 07:03:30,967 - INFO - 🌟 MEJORA #262 en iter 61487: Fitness=142.4 (+0.0), Puntos=15989
2025-10-23 07:03:31,468 - INFO - 🌟 MEJORA #263 en iter 61491: Fitness=142.5 (+0.0), Puntos=15992
2025-10-23 07:03:32,598 - INFO -   Iter 61500 | Tiempo:   87.8min (36.6%) | T =     1.74 | Fitness =    140.3 | Mejor =    142.5 | Aceptación =  83.1%
2025-10-23 07:03:32,598 - INFO - Progreso iter 61500: T=1.74, Fitness=140.3, Mejor=142.5, Tasa_acept=83.1%
2025-10-23 07:03:32,603 - DEBUG - Iter 61500: T=1.74, Fitness_actual=140.3, Mejor=142.5
2025-10-23 07:03:45,187 - DEBUG - Iter 61600: T=1.73, Fitness_actual=122.0, Mejor=142.5
2025-10-23 07:03:51,497 - WARNING - ⚠️  DEGRADACIÓN DETECTADA en iter 61650:
2025-10-23 07:03:51,498 - WARNING -    Mejor fitness: 142.5
2025-10-23 07:03:51,499 - WARNING -    Fitness promedio reciente: 121.1
2025-10-23 07:03:51,499 - WARNING -    Degradación: 21.4
2025-10-23 07:03:51,499 - WARNING -    🔄 RESTAURANDO mejor solución...
2025-10-23 07:03:57,808 - DEBUG - Iter 61700: T=1.73, Fitness_actual=135.4, Mejor=142.5
2025-10-23 07:04:10,428 - DEBUG - Iter 61800: T=1.72, Fitness_actual=125.1, Mejor=142.5
2025-10-23 07:04:23,114 - DEBUG - Iter 61900: T=1.72, Fitness_actual=124.6, Mejor=142.5
2025-10-23 07:04:35,851 - INFO -   Iter 62000 | Tiempo:   88.8min (37.0%) | T =     1.71 | Fitness =    119.3 | Mejor =    142.5 | Aceptación =  83.0%
2025-10-23 07:04:35,851 - INFO - Progreso iter 62000: T=1.71, Fitness=119.3, Mejor=142.5, Tasa_acept=83.0%
2025-10-23 07:04:35,851 - WARNING - ⚠️  DEGRADACIÓN DETECTADA en iter 62000:
2025-10-23 07:04:35,852 - WARNING -    Mejor fitness: 142.5
2025-10-23 07:04:35,852 - WARNING -    Fitness promedio reciente: 120.5
2025-10-23 07:04:35,852 - WARNING -    Degradación: 21.9
2025-10-23 07:04:35,852 - WARNING -    🔄 RESTAURANDO mejor solución...
2025-10-23 07:04:35,853 - DEBUG - Iter 62000: T=1.71, Fitness_actual=142.5, Mejor=142.5
2025-10-23 07:04:48,568 - DEBUG - Iter 62100: T=1.71, Fitness_actual=132.0, Mejor=142.5
2025-10-23 07:05:01,304 - WARNING - ⚠️  DEGRADACIÓN DETECTADA en iter 62200:
2025-10-23 07:05:01,304 - WARNING -    Mejor fitness: 142.5
2025-10-23 07:05:01,305 - WARNING -    Fitness promedio reciente: 119.0
2025-10-23 07:05:01,305 - WARNING -    Degradación: 23.4
2025-10-23 07:05:01,305 - WARNING -    🔄 RESTAURANDO mejor solución...
2025-10-23 07:05:01,306 - DEBUG - Iter 62200: T=1.71, Fitness_actual=142.5, Mejor=142.5
2025-10-23 07:05:02,335 - INFO - 🌟 MEJORA #264 en iter 62208: Fitness=142.5 (+0.0), Puntos=15992
2025-10-23 07:05:02,595 - INFO - 🌟 MEJORA #265 en iter 62210: Fitness=142.5 (+0.0), Puntos=15992
2025-10-23 07:05:02,595 - INFO -   ✨ Mejora #265 en iteración 62211: Fitness = 142.5 | Puntos = 15992 | T = 1.71
2025-10-23 07:05:14,063 - DEBUG - Iter 62300: T=1.70, Fitness_actual=133.1, Mejor=142.5
2025-10-23 07:05:26,787 - DEBUG - Iter 62400: T=1.70, Fitness_actual=125.0, Mejor=142.5
2025-10-23 07:05:33,228 - WARNING - ⚠️  DEGRADACIÓN DETECTADA en iter 62450:
2025-10-23 07:05:33,228 - WARNING -    Mejor fitness: 142.5
2025-10-23 07:05:33,229 - WARNING -    Fitness promedio reciente: 121.2
2025-10-23 07:05:33,229 - WARNING -    Degradación: 21.3
2025-10-23 07:05:33,229 - WARNING -    🔄 RESTAURANDO mejor solución...
2025-10-23 07:05:39,657 - INFO -   Iter 62500 | Tiempo:   89.9min (37.5%) | T =     1.69 | Fitness =    139.0 | Mejor =    142.5 | Aceptación =  83.0%
2025-10-23 07:05:39,657 - INFO - Progreso iter 62500: T=1.69, Fitness=139.0, Mejor=142.5, Tasa_acept=83.0%
2025-10-23 07:05:39,659 - DEBUG - Iter 62500: T=1.69, Fitness_actual=139.0, Mejor=142.5
2025-10-23 07:05:52,451 - DEBUG - Iter 62600: T=1.69, Fitness_actual=126.3, Mejor=142.5
2025-10-23 07:06:05,214 - DEBUG - Iter 62700: T=1.68, Fitness_actual=123.5, Mejor=142.5
2025-10-23 07:06:18,068 - WARNING - ⚠️  DEGRADACIÓN DETECTADA en iter 62800:
2025-10-23 07:06:18,068 - WARNING -    Mejor fitness: 142.5
2025-10-23 07:06:18,068 - WARNING -    Fitness promedio reciente: 122.1
2025-10-23 07:06:18,069 - WARNING -    Degradación: 20.3
2025-10-23 07:06:18,069 - WARNING -    🔄 RESTAURANDO mejor solución...
2025-10-23 07:06:18,070 - DEBUG - Iter 62800: T=1.68, Fitness_actual=142.5, Mejor=142.5
2025-10-23 07:06:18,070 - INFO - 🌟 MEJORA #266 en iter 62800: Fitness=142.5 (+0.0), Puntos=15992
2025-10-23 07:06:18,198 - INFO - 🌟 MEJORA #267 en iter 62801: Fitness=142.5 (+0.0), Puntos=15992
2025-10-23 07:06:30,876 - DEBUG - Iter 62900: T=1.68, Fitness_actual=127.3, Mejor=142.5
2025-10-23 07:06:43,684 - INFO -   Iter 63000 | Tiempo:   91.0min (37.9%) | T =     1.67 | Fitness =    126.0 | Mejor =    142.5 | Aceptación =  83.0%
2025-10-23 07:06:43,684 - INFO - Progreso iter 63000: T=1.67, Fitness=126.0, Mejor=142.5, Tasa_acept=83.0%
2025-10-23 07:06:43,686 - DEBUG - Iter 63000: T=1.67, Fitness_actual=126.0, Mejor=142.5
2025-10-23 07:06:47,511 - WARNING - ================================================================================
2025-10-23 07:06:47,511 - WARNING - ⚠️  SALTO ANORMAL DETECTADO en iteración 63030
2025-10-23 07:06:47,512 - WARNING -    Fitness actual: 125.2
2025-10-23 07:06:47,512 - WARNING -    Fitness vecino: 91.8
2025-10-23 07:06:47,513 - WARNING -    Delta: -33.4
2025-10-23 07:06:47,513 - WARNING -    Temperatura: 1.67
2025-10-23 07:06:47,513 - WARNING -    Tipo perturbación aplicada: (ver generar_vecino)
2025-10-23 07:06:47,513 - WARNING -    Vecino - Puntos: 15466, Tiempo: 16183.7min, Distancia: 308.6km
2025-10-23 07:06:47,514 - WARNING -    Actual - Puntos: 15467, Tiempo: 14321.9min, Distancia: 157.2km
2025-10-23 07:06:47,514 - WARNING -    Validez restricciones - Vecino: False, Actual: False
2025-10-23 07:06:47,514 - WARNING - ================================================================================
2025-10-23 07:06:47,514 - WARNING - ⚠️  SALTO ANORMAL DETECTADO en iteración 63030
2025-10-23 07:06:47,515 - WARNING -    Fitness: 125.2 → 91.8 (Δ=-33.4)
2025-10-23 07:06:47,515 - WARNING -    Ver detalles en archivo de log
2025-10-23 07:06:47,898 - WARNING - ================================================================================
2025-10-23 07:06:47,899 - WARNING - ⚠️  SALTO ANORMAL DETECTADO en iteración 63033
2025-10-23 07:06:47,899 - WARNING -    Fitness actual: 126.2
2025-10-23 07:06:47,899 - WARNING -    Fitness vecino: 88.8
2025-10-23 07:06:47,900 - WARNING -    Delta: -37.4
2025-10-23 07:06:47,900 - WARNING -    Temperatura: 1.67
2025-10-23 07:06:47,900 - WARNING -    Tipo perturbación aplicada: (ver generar_vecino)
2025-10-23 07:06:47,900 - WARNING -    Vecino - Puntos: 15164, Tiempo: 15955.9min, Distancia: 307.2km
2025-10-23 07:06:47,901 - WARNING -    Actual - Puntos: 15467, Tiempo: 14320.7min, Distancia: 157.1km
2025-10-23 07:06:47,901 - WARNING -    Validez restricciones - Vecino: False, Actual: False
2025-10-23 07:06:47,901 - WARNING - ================================================================================
2025-10-23 07:06:47,901 - WARNING - ⚠️  SALTO ANORMAL DETECTADO en iteración 63033
2025-10-23 07:06:47,901 - WARNING -    Fitness: 126.2 → 88.8 (Δ=-37.4)
2025-10-23 07:06:47,902 - WARNING -    Ver detalles en archivo de log
2025-10-23 07:06:48,160 - WARNING - ================================================================================
2025-10-23 07:06:48,160 - WARNING - ⚠️  SALTO ANORMAL DETECTADO en iteración 63035
2025-10-23 07:06:48,160 - WARNING -    Fitness actual: 126.2
2025-10-23 07:06:48,161 - WARNING -    Fitness vecino: 86.8
2025-10-23 07:06:48,161 - WARNING -    Delta: -39.4
2025-10-23 07:06:48,161 - WARNING -    Temperatura: 1.67
2025-10-23 07:06:48,161 - WARNING -    Tipo perturbación aplicada: (ver generar_vecino)
2025-10-23 07:06:48,161 - WARNING -    Vecino - Puntos: 15466, Tiempo: 16197.4min, Distancia: 307.7km
2025-10-23 07:06:48,162 - WARNING -    Actual - Puntos: 15467, Tiempo: 14320.7min, Distancia: 157.1km
2025-10-23 07:06:48,162 - WARNING -    Validez restricciones - Vecino: False, Actual: False
2025-10-23 07:06:48,162 - WARNING - ================================================================================
2025-10-23 07:06:48,162 - WARNING - ⚠️  SALTO ANORMAL DETECTADO en iteración 63035
2025-10-23 07:06:48,162 - WARNING -    Fitness: 126.2 → 86.8 (Δ=-39.4)
2025-10-23 07:06:48,162 - WARNING -    Ver detalles en archivo de log
2025-10-23 07:06:50,354 - WARNING - ================================================================================
2025-10-23 07:06:50,354 - WARNING - ⚠️  SALTO ANORMAL DETECTADO en iteración 63052
2025-10-23 07:06:50,355 - WARNING -    Fitness actual: 126.0
2025-10-23 07:06:50,355 - WARNING -    Fitness vecino: 87.9
2025-10-23 07:06:50,355 - WARNING -    Delta: -38.1
2025-10-23 07:06:50,355 - WARNING -    Temperatura: 1.67
2025-10-23 07:06:50,356 - WARNING -    Tipo perturbación aplicada: (ver generar_vecino)
2025-10-23 07:06:50,356 - WARNING -    Vecino - Puntos: 15202, Tiempo: 16555.6min, Distancia: 308.8km
2025-10-23 07:06:50,356 - WARNING -    Actual - Puntos: 15451, Tiempo: 14328.6min, Distancia: 157.0km
2025-10-23 07:06:50,356 - WARNING -    Validez restricciones - Vecino: False, Actual: False
2025-10-23 07:06:50,357 - WARNING - ================================================================================
2025-10-23 07:06:50,357 - WARNING - ⚠️  SALTO ANORMAL DETECTADO en iteración 63052
2025-10-23 07:06:50,357 - WARNING -    Fitness: 126.0 → 87.9 (Δ=-38.1)
2025-10-23 07:06:50,357 - WARNING -    Ver detalles en archivo de log
2025-10-23 07:06:50,488 - WARNING - ================================================================================
2025-10-23 07:06:50,488 - WARNING - ⚠️  SALTO ANORMAL DETECTADO en iteración 63053
2025-10-23 07:06:50,489 - WARNING -    Fitness actual: 126.0
2025-10-23 07:06:50,489 - WARNING -    Fitness vecino: 92.4
2025-10-23 07:06:50,489 - WARNING -    Delta: -33.6
2025-10-23 07:06:50,489 - WARNING -    Temperatura: 1.67
2025-10-23 07:06:50,489 - WARNING -    Tipo perturbación aplicada: (ver generar_vecino)
2025-10-23 07:06:50,490 - WARNING -    Vecino - Puntos: 15450, Tiempo: 16187.3min, Distancia: 308.1km
2025-10-23 07:06:50,490 - WARNING -    Actual - Puntos: 15451, Tiempo: 14328.6min, Distancia: 157.0km
2025-10-23 07:06:50,490 - WARNING -    Validez restricciones - Vecino: False, Actual: False
2025-10-23 07:06:50,490 - WARNING - ================================================================================
2025-10-23 07:06:50,491 - WARNING - ⚠️  SALTO ANORMAL DETECTADO en iteración 63053
2025-10-23 07:06:50,491 - WARNING -    Fitness: 126.0 → 92.4 (Δ=-33.6)
2025-10-23 07:06:50,491 - WARNING -    Ver detalles en archivo de log
2025-10-23 07:06:52,404 - WARNING - ================================================================================
2025-10-23 07:06:52,404 - WARNING - ⚠️  SALTO ANORMAL DETECTADO en iteración 63068
2025-10-23 07:06:52,405 - WARNING -    Fitness actual: 125.9
2025-10-23 07:06:52,405 - WARNING -    Fitness vecino: 91.3
2025-10-23 07:06:52,405 - WARNING -    Delta: -34.6
2025-10-23 07:06:52,405 - WARNING -    Temperatura: 1.67
2025-10-23 07:06:52,405 - WARNING -    Tipo perturbación aplicada: (ver generar_vecino)
2025-10-23 07:06:52,405 - WARNING -    Vecino - Puntos: 15440, Tiempo: 16133.3min, Distancia: 304.4km
2025-10-23 07:06:52,406 - WARNING -    Actual - Puntos: 15441, Tiempo: 14329.0min, Distancia: 157.8km
2025-10-23 07:06:52,406 - WARNING -    Validez restricciones - Vecino: False, Actual: False
2025-10-23 07:06:52,406 - WARNING - ================================================================================
2025-10-23 07:06:52,406 - WARNING - ⚠️  SALTO ANORMAL DETECTADO en iteración 63068
2025-10-23 07:06:52,406 - WARNING -    Fitness: 125.9 → 91.3 (Δ=-34.6)
2025-10-23 07:06:52,407 - WARNING -    Ver detalles en archivo de log
2025-10-23 07:06:53,304 - WARNING - ================================================================================
2025-10-23 07:06:53,304 - WARNING - ⚠️  SALTO ANORMAL DETECTADO en iteración 63075
2025-10-23 07:06:53,305 - WARNING -    Fitness actual: 125.8
2025-10-23 07:06:53,305 - WARNING -    Fitness vecino: 91.1
2025-10-23 07:06:53,306 - WARNING -    Delta: -34.6
2025-10-23 07:06:53,306 - WARNING -    Temperatura: 1.67
2025-10-23 07:06:53,306 - WARNING -    Tipo perturbación aplicada: (ver generar_vecino)
2025-10-23 07:06:53,306 - WARNING -    Vecino - Puntos: 15422, Tiempo: 16069.1min, Distancia: 307.4km
2025-10-23 07:06:53,307 - WARNING -    Actual - Puntos: 15423, Tiempo: 14212.4min, Distancia: 156.5km
2025-10-23 07:06:53,307 - WARNING -    Validez restricciones - Vecino: False, Actual: False
2025-10-23 07:06:53,307 - WARNING - ================================================================================
2025-10-23 07:06:53,307 - WARNING - ⚠️  SALTO ANORMAL DETECTADO en iteración 63075
2025-10-23 07:06:53,307 - WARNING -    Fitness: 125.8 → 91.1 (Δ=-34.6)
2025-10-23 07:06:53,308 - WARNING -    Ver detalles en archivo de log
2025-10-23 07:06:54,330 - WARNING - ================================================================================
2025-10-23 07:06:54,330 - WARNING - ⚠️  SALTO ANORMAL DETECTADO en iteración 63083
2025-10-23 07:06:54,331 - WARNING -    Fitness actual: 125.7
2025-10-23 07:06:54,332 - WARNING -    Fitness vecino: 86.1
2025-10-23 07:06:54,333 - WARNING -    Delta: -39.6
2025-10-23 07:06:54,333 - WARNING -    Temperatura: 1.67
2025-10-23 07:06:54,333 - WARNING -    Tipo perturbación aplicada: (ver generar_vecino)
2025-10-23 07:06:54,333 - WARNING -    Vecino - Puntos: 15420, Tiempo: 16266.4min, Distancia: 308.9km
2025-10-23 07:06:54,333 - WARNING -    Actual - Puntos: 15421, Tiempo: 14249.2min, Distancia: 159.5km
2025-10-23 07:06:54,334 - WARNING -    Validez restricciones - Vecino: False, Actual: False
2025-10-23 07:06:54,334 - WARNING - ================================================================================
2025-10-23 07:06:54,334 - WARNING - ⚠️  SALTO ANORMAL DETECTADO en iteración 63083
2025-10-23 07:06:54,334 - WARNING -    Fitness: 125.7 → 86.1 (Δ=-39.6)
2025-10-23 07:06:54,334 - WARNING -    Ver detalles en archivo de log
2025-10-23 07:06:54,597 - WARNING - ================================================================================
2025-10-23 07:06:54,597 - WARNING - ⚠️  SALTO ANORMAL DETECTADO en iteración 63085
2025-10-23 07:06:54,598 - WARNING -    Fitness actual: 125.7
2025-10-23 07:06:54,598 - WARNING -    Fitness vecino: 91.1
2025-10-23 07:06:54,598 - WARNING -    Delta: -34.6
2025-10-23 07:06:54,599 - WARNING -    Temperatura: 1.67
2025-10-23 07:06:54,599 - WARNING -    Tipo perturbación aplicada: (ver generar_vecino)
2025-10-23 07:06:54,599 - WARNING -    Vecino - Puntos: 15420, Tiempo: 16082.6min, Distancia: 308.6km
2025-10-23 07:06:54,599 - WARNING -    Actual - Puntos: 15421, Tiempo: 14249.2min, Distancia: 159.5km
2025-10-23 07:06:54,600 - WARNING -    Validez restricciones - Vecino: False, Actual: False
2025-10-23 07:06:54,600 - WARNING - ================================================================================
2025-10-23 07:06:54,600 - WARNING - ⚠️  SALTO ANORMAL DETECTADO en iteración 63085
2025-10-23 07:06:54,600 - WARNING -    Fitness: 125.7 → 91.1 (Δ=-34.6)
2025-10-23 07:06:54,601 - WARNING -    Ver detalles en archivo de log
2025-10-23 07:06:55,621 - WARNING - ================================================================================
2025-10-23 07:06:55,621 - WARNING - ⚠️  SALTO ANORMAL DETECTADO en iteración 63093
2025-10-23 07:06:55,622 - WARNING -    Fitness actual: 124.8
2025-10-23 07:06:55,623 - WARNING -    Fitness vecino: 91.2
2025-10-23 07:06:55,623 - WARNING -    Delta: -33.6
2025-10-23 07:06:55,623 - WARNING -    Temperatura: 1.67
2025-10-23 07:06:55,623 - WARNING -    Tipo perturbación aplicada: (ver generar_vecino)
2025-10-23 07:06:55,624 - WARNING -    Vecino - Puntos: 15428, Tiempo: 16074.1min, Distancia: 304.1km
2025-10-23 07:06:55,624 - WARNING -    Actual - Puntos: 15424, Tiempo: 14195.6min, Distancia: 156.3km
2025-10-23 07:06:55,624 - WARNING -    Validez restricciones - Vecino: False, Actual: False
2025-10-23 07:06:55,624 - WARNING - ================================================================================
2025-10-23 07:06:55,624 - WARNING - ⚠️  SALTO ANORMAL DETECTADO en iteración 63093
2025-10-23 07:06:55,625 - WARNING -    Fitness: 124.8 → 91.2 (Δ=-33.6)
2025-10-23 07:06:55,625 - WARNING -    Ver detalles en archivo de log
2025-10-23 07:06:56,138 - WARNING - ================================================================================
2025-10-23 07:06:56,138 - WARNING - ⚠️  SALTO ANORMAL DETECTADO en iteración 63097
2025-10-23 07:06:56,139 - WARNING -    Fitness actual: 124.7
2025-10-23 07:06:56,139 - WARNING -    Fitness vecino: 91.1
2025-10-23 07:06:56,139 - WARNING -    Delta: -33.6
2025-10-23 07:06:56,139 - WARNING -    Temperatura: 1.67
2025-10-23 07:06:56,140 - WARNING -    Tipo perturbación aplicada: (ver generar_vecino)
2025-10-23 07:06:56,140 - WARNING -    Vecino - Puntos: 15418, Tiempo: 16000.3min, Distancia: 306.7km
2025-10-23 07:06:56,140 - WARNING -    Actual - Puntos: 15419, Tiempo: 14148.7min, Distancia: 156.1km
2025-10-23 07:06:56,140 - WARNING -    Validez restricciones - Vecino: False, Actual: False
2025-10-23 07:06:56,140 - WARNING - ================================================================================
2025-10-23 07:06:56,141 - WARNING - ⚠️  SALTO ANORMAL DETECTADO en iteración 63097
2025-10-23 07:06:56,141 - WARNING -    Fitness: 124.7 → 91.1 (Δ=-33.6)
2025-10-23 07:06:56,141 - WARNING -    Ver detalles en archivo de log
2025-10-23 07:06:56,276 - WARNING - ================================================================================
2025-10-23 07:06:56,276 - WARNING - ⚠️  SALTO ANORMAL DETECTADO en iteración 63098
2025-10-23 07:06:56,277 - WARNING -    Fitness actual: 124.7
2025-10-23 07:06:56,277 - WARNING -    Fitness vecino: 83.3
2025-10-23 07:06:56,278 - WARNING -    Delta: -41.5
2025-10-23 07:06:56,278 - WARNING -    Temperatura: 1.67
2025-10-23 07:06:56,278 - WARNING -    Tipo perturbación aplicada: (ver generar_vecino)
2025-10-23 07:06:56,278 - WARNING -    Vecino - Puntos: 14933, Tiempo: 15815.3min, Distancia: 302.9km
2025-10-23 07:06:56,278 - WARNING -    Actual - Puntos: 15419, Tiempo: 14148.7min, Distancia: 156.1km
2025-10-23 07:06:56,278 - WARNING -    Validez restricciones - Vecino: False, Actual: False
2025-10-23 07:06:56,279 - WARNING - ================================================================================
2025-10-23 07:06:56,279 - WARNING - ⚠️  SALTO ANORMAL DETECTADO en iteración 63098
2025-10-23 07:06:56,279 - WARNING -    Fitness: 124.7 → 83.3 (Δ=-41.5)
2025-10-23 07:06:56,279 - WARNING -    Ver detalles en archivo de log
2025-10-23 07:06:56,534 - DEBUG - Iter 63100: T=1.67, Fitness_actual=124.7, Mejor=142.5
2025-10-23 07:06:56,793 - WARNING - ================================================================================
2025-10-23 07:06:56,793 - WARNING - ⚠️  SALTO ANORMAL DETECTADO en iteración 63102
2025-10-23 07:06:56,793 - WARNING -    Fitness actual: 124.7
2025-10-23 07:06:56,794 - WARNING -    Fitness vecino: 92.1
2025-10-23 07:06:56,794 - WARNING -    Delta: -32.6
2025-10-23 07:06:56,794 - WARNING -    Temperatura: 1.67
2025-10-23 07:06:56,794 - WARNING -    Tipo perturbación aplicada: (ver generar_vecino)
2025-10-23 07:06:56,794 - WARNING -    Vecino - Puntos: 15418, Tiempo: 16000.7min, Distancia: 306.7km
2025-10-23 07:06:56,795 - WARNING -    Actual - Puntos: 15419, Tiempo: 14147.7min, Distancia: 156.1km
2025-10-23 07:06:56,795 - WARNING -    Validez restricciones - Vecino: False, Actual: False
2025-10-23 07:06:56,795 - WARNING - ================================================================================
2025-10-23 07:06:56,795 - WARNING - ⚠️  SALTO ANORMAL DETECTADO en iteración 63102
2025-10-23 07:06:56,795 - WARNING -    Fitness: 124.7 → 92.1 (Δ=-32.6)
2025-10-23 07:06:56,796 - WARNING -    Ver detalles en archivo de log
2025-10-23 07:06:56,927 - WARNING - ================================================================================
2025-10-23 07:06:56,927 - WARNING - ⚠️  SALTO ANORMAL DETECTADO en iteración 63103
2025-10-23 07:06:56,928 - WARNING -    Fitness actual: 124.7
2025-10-23 07:06:56,928 - WARNING -    Fitness vecino: 91.1
2025-10-23 07:06:56,928 - WARNING -    Delta: -33.7
2025-10-23 07:06:56,929 - WARNING -    Temperatura: 1.67
2025-10-23 07:06:56,929 - WARNING -    Tipo perturbación aplicada: (ver generar_vecino)
2025-10-23 07:06:56,929 - WARNING -    Vecino - Puntos: 15415, Tiempo: 15988.5min, Distancia: 307.0km
2025-10-23 07:06:56,929 - WARNING -    Actual - Puntos: 15419, Tiempo: 14147.7min, Distancia: 156.1km
2025-10-23 07:06:56,930 - WARNING -    Validez restricciones - Vecino: False, Actual: False
2025-10-23 07:06:56,930 - WARNING - ================================================================================
2025-10-23 07:06:56,930 - WARNING - ⚠️  SALTO ANORMAL DETECTADO en iteración 63103
2025-10-23 07:06:56,930 - WARNING -    Fitness: 124.7 → 91.1 (Δ=-33.7)
2025-10-23 07:06:56,930 - WARNING -    Ver detalles en archivo de log
2025-10-23 07:06:57,831 - WARNING - ================================================================================
2025-10-23 07:06:57,831 - WARNING - ⚠️  SALTO ANORMAL DETECTADO en iteración 63110
2025-10-23 07:06:57,832 - WARNING -    Fitness actual: 123.7
2025-10-23 07:06:57,832 - WARNING -    Fitness vecino: 89.1
2025-10-23 07:06:57,832 - WARNING -    Delta: -34.6
2025-10-23 07:06:57,832 - WARNING -    Temperatura: 1.67
2025-10-23 07:06:57,833 - WARNING -    Tipo perturbación aplicada: (ver generar_vecino)
2025-10-23 07:06:57,833 - WARNING -    Vecino - Puntos: 15414, Tiempo: 16014.0min, Distancia: 305.7km
2025-10-23 07:06:57,833 - WARNING -    Actual - Puntos: 15415, Tiempo: 14163.7min, Distancia: 155.3km
2025-10-23 07:06:57,833 - WARNING -    Validez restricciones - Vecino: False, Actual: False
2025-10-23 07:06:57,834 - WARNING - ================================================================================
2025-10-23 07:06:57,834 - WARNING - ⚠️  SALTO ANORMAL DETECTADO en iteración 63110
2025-10-23 07:06:57,834 - WARNING -    Fitness: 123.7 → 89.1 (Δ=-34.6)
2025-10-23 07:06:57,834 - WARNING -    Ver detalles en archivo de log
2025-10-23 07:06:58,092 - WARNING - ================================================================================
2025-10-23 07:06:58,092 - WARNING - ⚠️  SALTO ANORMAL DETECTADO en iteración 63112
2025-10-23 07:06:58,094 - WARNING -    Fitness actual: 123.7
2025-10-23 07:06:58,094 - WARNING -    Fitness vecino: 78.2
2025-10-23 07:06:58,095 - WARNING -    Delta: -45.5
2025-10-23 07:06:58,095 - WARNING -    Temperatura: 1.67
2025-10-23 07:06:58,095 - WARNING -    Tipo perturbación aplicada: (ver generar_vecino)
2025-10-23 07:06:58,096 - WARNING -    Vecino - Puntos: 14620, Tiempo: 15299.4min, Distancia: 293.7km
2025-10-23 07:06:58,096 - WARNING -    Actual - Puntos: 15415, Tiempo: 14144.9min, Distancia: 153.7km
2025-10-23 07:06:58,096 - WARNING -    Validez restricciones - Vecino: False, Actual: False
2025-10-23 07:06:58,096 - WARNING - ================================================================================
2025-10-23 07:06:58,096 - WARNING - ⚠️  SALTO ANORMAL DETECTADO en iteración 63112
2025-10-23 07:06:58,097 - WARNING -    Fitness: 123.7 → 78.2 (Δ=-45.5)
2025-10-23 07:06:58,097 - WARNING -    Ver detalles en archivo de log
2025-10-23 07:06:58,485 - WARNING - ================================================================================
2025-10-23 07:06:58,486 - WARNING - ⚠️  SALTO ANORMAL DETECTADO en iteración 63115
2025-10-23 07:06:58,486 - WARNING -    Fitness actual: 123.5
2025-10-23 07:06:58,486 - WARNING -    Fitness vecino: 82.3
2025-10-23 07:06:58,487 - WARNING -    Delta: -41.1
2025-10-23 07:06:58,487 - WARNING -    Temperatura: 1.67
2025-10-23 07:06:58,487 - WARNING -    Tipo perturbación aplicada: (ver generar_vecino)
2025-10-23 07:06:58,487 - WARNING -    Vecino - Puntos: 15335, Tiempo: 16057.0min, Distancia: 302.7km
2025-10-23 07:06:58,487 - WARNING -    Actual - Puntos: 15394, Tiempo: 14121.7min, Distancia: 154.3km
2025-10-23 07:06:58,488 - WARNING -    Validez restricciones - Vecino: False, Actual: False
2025-10-23 07:06:58,488 - WARNING - ================================================================================
2025-10-23 07:06:58,488 - WARNING - ⚠️  SALTO ANORMAL DETECTADO en iteración 63115
2025-10-23 07:06:58,488 - WARNING -    Fitness: 123.5 → 82.3 (Δ=-41.1)
2025-10-23 07:06:58,489 - WARNING -    Ver detalles en archivo de log
2025-10-23 07:06:58,876 - WARNING - ================================================================================
2025-10-23 07:06:58,876 - WARNING - ⚠️  SALTO ANORMAL DETECTADO en iteración 63118
2025-10-23 07:06:58,877 - WARNING -    Fitness actual: 123.5
2025-10-23 07:06:58,877 - WARNING -    Fitness vecino: 87.9
2025-10-23 07:06:58,877 - WARNING -    Delta: -35.6
2025-10-23 07:06:58,877 - WARNING -    Temperatura: 1.67
2025-10-23 07:06:58,877 - WARNING -    Tipo perturbación aplicada: (ver generar_vecino)
2025-10-23 07:06:58,877 - WARNING -    Vecino - Puntos: 15393, Tiempo: 15995.5min, Distancia: 306.7km
2025-10-23 07:06:58,878 - WARNING -    Actual - Puntos: 15394, Tiempo: 14147.8min, Distancia: 156.5km
2025-10-23 07:06:58,878 - WARNING -    Validez restricciones - Vecino: False, Actual: False
2025-10-23 07:06:58,878 - WARNING - ================================================================================
2025-10-23 07:06:58,878 - WARNING - ⚠️  SALTO ANORMAL DETECTADO en iteración 63118
2025-10-23 07:06:58,878 - WARNING -    Fitness: 123.5 → 87.9 (Δ=-35.6)
2025-10-23 07:06:58,878 - WARNING -    Ver detalles en archivo de log
2025-10-23 07:07:00,160 - WARNING - ================================================================================
2025-10-23 07:07:00,161 - WARNING - ⚠️  SALTO ANORMAL DETECTADO en iteración 63128
2025-10-23 07:07:00,161 - WARNING -    Fitness actual: 125.5
2025-10-23 07:07:00,161 - WARNING -    Fitness vecino: 88.9
2025-10-23 07:07:00,162 - WARNING -    Delta: -36.6
2025-10-23 07:07:00,162 - WARNING -    Temperatura: 1.67
2025-10-23 07:07:00,162 - WARNING -    Tipo perturbación aplicada: (ver generar_vecino)
2025-10-23 07:07:00,162 - WARNING -    Vecino - Puntos: 15393, Tiempo: 16003.1min, Distancia: 307.3km
2025-10-23 07:07:00,162 - WARNING -    Actual - Puntos: 15394, Tiempo: 14103.8min, Distancia: 152.8km
2025-10-23 07:07:00,162 - WARNING -    Validez restricciones - Vecino: False, Actual: False
2025-10-23 07:07:00,163 - WARNING - ================================================================================
2025-10-23 07:07:00,163 - WARNING - ⚠️  SALTO ANORMAL DETECTADO en iteración 63128
2025-10-23 07:07:00,163 - WARNING -    Fitness: 125.5 → 88.9 (Δ=-36.6)
2025-10-23 07:07:00,163 - WARNING -    Ver detalles en archivo de log
2025-10-23 07:07:00,422 - WARNING - ================================================================================
2025-10-23 07:07:00,422 - WARNING - ⚠️  SALTO ANORMAL DETECTADO en iteración 63130
2025-10-23 07:07:00,423 - WARNING -    Fitness actual: 126.5
2025-10-23 07:07:00,423 - WARNING -    Fitness vecino: 90.9
2025-10-23 07:07:00,424 - WARNING -    Delta: -35.6
2025-10-23 07:07:00,424 - WARNING -    Temperatura: 1.67
2025-10-23 07:07:00,424 - WARNING -    Tipo perturbación aplicada: (ver generar_vecino)
2025-10-23 07:07:00,424 - WARNING -    Vecino - Puntos: 15393, Tiempo: 16021.5min, Distancia: 308.9km
2025-10-23 07:07:00,425 - WARNING -    Actual - Puntos: 15394, Tiempo: 14113.5min, Distancia: 153.6km
2025-10-23 07:07:00,425 - WARNING -    Validez restricciones - Vecino: False, Actual: False
2025-10-23 07:07:00,425 - WARNING - ================================================================================
2025-10-23 07:07:00,425 - WARNING - ⚠️  SALTO ANORMAL DETECTADO en iteración 63130
2025-10-23 07:07:00,426 - WARNING -    Fitness: 126.5 → 90.9 (Δ=-35.6)
2025-10-23 07:07:00,426 - WARNING -    Ver detalles en archivo de log
2025-10-23 07:07:01,068 - WARNING - ================================================================================
2025-10-23 07:07:01,069 - WARNING - ⚠️  SALTO ANORMAL DETECTADO en iteración 63135
2025-10-23 07:07:01,069 - WARNING -    Fitness actual: 126.5
2025-10-23 07:07:01,069 - WARNING -    Fitness vecino: 90.8
2025-10-23 07:07:01,070 - WARNING -    Delta: -35.7
2025-10-23 07:07:01,070 - WARNING -    Temperatura: 1.67
2025-10-23 07:07:01,070 - WARNING -    Tipo perturbación aplicada: (ver generar_vecino)
2025-10-23 07:07:01,070 - WARNING -    Vecino - Puntos: 15381, Tiempo: 16116.6min, Distancia: 311.8km
2025-10-23 07:07:01,070 - WARNING -    Actual - Puntos: 15396, Tiempo: 14138.3min, Distancia: 155.7km
2025-10-23 07:07:01,070 - WARNING -    Validez restricciones - Vecino: False, Actual: False
2025-10-23 07:07:01,071 - WARNING - ================================================================================
2025-10-23 07:07:01,071 - WARNING - ⚠️  SALTO ANORMAL DETECTADO en iteración 63135
2025-10-23 07:07:01,071 - WARNING -    Fitness: 126.5 → 90.8 (Δ=-35.7)
2025-10-23 07:07:01,071 - WARNING -    Ver detalles en archivo de log
2025-10-23 07:07:01,478 - WARNING - ================================================================================
2025-10-23 07:07:01,478 - WARNING - ⚠️  SALTO ANORMAL DETECTADO en iteración 63138
2025-10-23 07:07:01,479 - WARNING -    Fitness actual: 126.5
2025-10-23 07:07:01,479 - WARNING -    Fitness vecino: 90.9
2025-10-23 07:07:01,479 - WARNING -    Delta: -35.6
2025-10-23 07:07:01,480 - WARNING -    Temperatura: 1.67
2025-10-23 07:07:01,480 - WARNING -    Tipo perturbación aplicada: (ver generar_vecino)
2025-10-23 07:07:01,480 - WARNING -    Vecino - Puntos: 15390, Tiempo: 16032.1min, Distancia: 308.9km
2025-10-23 07:07:01,480 - WARNING -    Actual - Puntos: 15392, Tiempo: 14148.8min, Distancia: 155.7km
2025-10-23 07:07:01,480 - WARNING -    Validez restricciones - Vecino: False, Actual: False
2025-10-23 07:07:01,480 - WARNING - ================================================================================
2025-10-23 07:07:01,481 - WARNING - ⚠️  SALTO ANORMAL DETECTADO en iteración 63138
2025-10-23 07:07:01,481 - WARNING -    Fitness: 126.5 → 90.9 (Δ=-35.6)
2025-10-23 07:07:01,481 - WARNING -    Ver detalles en archivo de log
2025-10-23 07:07:01,745 - WARNING - ================================================================================
2025-10-23 07:07:01,747 - WARNING - ⚠️  SALTO ANORMAL DETECTADO en iteración 63140
2025-10-23 07:07:01,747 - WARNING -    Fitness actual: 126.5
2025-10-23 07:07:01,747 - WARNING -    Fitness vecino: 90.8
2025-10-23 07:07:01,748 - WARNING -    Delta: -35.7
2025-10-23 07:07:01,748 - WARNING -    Temperatura: 1.67
2025-10-23 07:07:01,748 - WARNING -    Tipo perturbación aplicada: (ver generar_vecino)
2025-10-23 07:07:01,748 - WARNING -    Vecino - Puntos: 15380, Tiempo: 16024.5min, Distancia: 309.5km
2025-10-23 07:07:01,748 - WARNING -    Actual - Puntos: 15392, Tiempo: 14148.8min, Distancia: 155.7km
2025-10-23 07:07:01,749 - WARNING -    Validez restricciones - Vecino: False, Actual: False
2025-10-23 07:07:01,749 - WARNING - ================================================================================
2025-10-23 07:07:01,749 - WARNING - ⚠️  SALTO ANORMAL DETECTADO en iteración 63140
2025-10-23 07:07:01,749 - WARNING -    Fitness: 126.5 → 90.8 (Δ=-35.7)
2025-10-23 07:07:01,749 - WARNING -    Ver detalles en archivo de log
2025-10-23 07:07:02,279 - WARNING - ================================================================================
2025-10-23 07:07:02,279 - WARNING - ⚠️  SALTO ANORMAL DETECTADO en iteración 63144
2025-10-23 07:07:02,280 - WARNING -    Fitness actual: 126.3
2025-10-23 07:07:02,280 - WARNING -    Fitness vecino: 90.7
2025-10-23 07:07:02,280 - WARNING -    Delta: -35.6
2025-10-23 07:07:02,280 - WARNING -    Temperatura: 1.67
2025-10-23 07:07:02,280 - WARNING -    Tipo perturbación aplicada: (ver generar_vecino)
2025-10-23 07:07:02,281 - WARNING -    Vecino - Puntos: 15373, Tiempo: 16093.6min, Distancia: 311.6km
2025-10-23 07:07:02,281 - WARNING -    Actual - Puntos: 15375, Tiempo: 14201.7min, Distancia: 157.6km
2025-10-23 07:07:02,281 - WARNING -    Validez restricciones - Vecino: False, Actual: False
2025-10-23 07:07:02,281 - WARNING - ================================================================================
2025-10-23 07:07:02,281 - WARNING - ⚠️  SALTO ANORMAL DETECTADO en iteración 63144
2025-10-23 07:07:02,281 - WARNING -    Fitness: 126.3 → 90.7 (Δ=-35.6)
2025-10-23 07:07:02,282 - WARNING -    Ver detalles en archivo de log
2025-10-23 07:07:02,946 - WARNING - ================================================================================
2025-10-23 07:07:02,946 - WARNING - ⚠️  SALTO ANORMAL DETECTADO en iteración 63149
2025-10-23 07:07:02,947 - WARNING -    Fitness actual: 126.3
2025-10-23 07:07:02,947 - WARNING -    Fitness vecino: 90.7
2025-10-23 07:07:02,947 - WARNING -    Delta: -35.6
2025-10-23 07:07:02,947 - WARNING -    Temperatura: 1.67
2025-10-23 07:07:02,948 - WARNING -    Tipo perturbación aplicada: (ver generar_vecino)
2025-10-23 07:07:02,948 - WARNING -    Vecino - Puntos: 15373, Tiempo: 16108.8min, Distancia: 313.7km
2025-10-23 07:07:02,948 - WARNING -    Actual - Puntos: 15379, Tiempo: 14192.1min, Distancia: 158.1km
2025-10-23 07:07:02,948 - WARNING -    Validez restricciones - Vecino: False, Actual: False
2025-10-23 07:07:02,949 - WARNING - ================================================================================
2025-10-23 07:07:02,949 - WARNING - ⚠️  SALTO ANORMAL DETECTADO en iteración 63149
2025-10-23 07:07:02,949 - WARNING -    Fitness: 126.3 → 90.7 (Δ=-35.6)
2025-10-23 07:07:02,949 - WARNING -    Ver detalles en archivo de log
2025-10-23 07:07:03,336 - WARNING - ================================================================================
2025-10-23 07:07:03,336 - WARNING - ⚠️  SALTO ANORMAL DETECTADO en iteración 63152
2025-10-23 07:07:03,336 - WARNING -    Fitness actual: 125.3
2025-10-23 07:07:03,337 - WARNING -    Fitness vecino: 88.2
2025-10-23 07:07:03,337 - WARNING -    Delta: -37.1
2025-10-23 07:07:03,337 - WARNING -    Temperatura: 1.67
2025-10-23 07:07:03,338 - WARNING -    Tipo perturbación aplicada: (ver generar_vecino)
2025-10-23 07:07:03,338 - WARNING -    Vecino - Puntos: 15377, Tiempo: 16104.7min, Distancia: 313.7km
2025-10-23 07:07:03,338 - WARNING -    Actual - Puntos: 15379, Tiempo: 14224.5min, Distancia: 160.8km
2025-10-23 07:07:03,338 - WARNING -    Validez restricciones - Vecino: False, Actual: False
2025-10-23 07:07:03,339 - WARNING - ================================================================================
2025-10-23 07:07:03,339 - WARNING - ⚠️  SALTO ANORMAL DETECTADO en iteración 63152
2025-10-23 07:07:03,339 - WARNING -    Fitness: 125.3 → 88.2 (Δ=-37.1)
2025-10-23 07:07:03,339 - WARNING -    Ver detalles en archivo de log
2025-10-23 07:07:03,856 - WARNING - ================================================================================
2025-10-23 07:07:03,856 - WARNING - ⚠️  SALTO ANORMAL DETECTADO en iteración 63156
2025-10-23 07:07:03,856 - WARNING -    Fitness actual: 126.3
2025-10-23 07:07:03,857 - WARNING -    Fitness vecino: 86.4
2025-10-23 07:07:03,857 - WARNING -    Delta: -39.8
2025-10-23 07:07:03,857 - WARNING -    Temperatura: 1.67
2025-10-23 07:07:03,857 - WARNING -    Tipo perturbación aplicada: (ver generar_vecino)
2025-10-23 07:07:03,857 - WARNING -    Vecino - Puntos: 14950, Tiempo: 16070.1min, Distancia: 317.9km
2025-10-23 07:07:03,858 - WARNING -    Actual - Puntos: 15376, Tiempo: 14228.6min, Distancia: 161.1km
2025-10-23 07:07:03,858 - WARNING -    Validez restricciones - Vecino: False, Actual: False
2025-10-23 07:07:03,858 - WARNING - ================================================================================
2025-10-23 07:07:03,858 - WARNING - ⚠️  SALTO ANORMAL DETECTADO en iteración 63156
2025-10-23 07:07:03,859 - WARNING -    Fitness: 126.3 → 86.4 (Δ=-39.8)
2025-10-23 07:07:03,859 - WARNING -    Ver detalles en archivo de log
2025-10-23 07:07:04,262 - WARNING - ================================================================================
2025-10-23 07:07:04,262 - WARNING - ⚠️  SALTO ANORMAL DETECTADO en iteración 63159
2025-10-23 07:07:04,263 - WARNING -    Fitness actual: 126.3
2025-10-23 07:07:04,263 - WARNING -    Fitness vecino: 86.2
2025-10-23 07:07:04,263 - WARNING -    Delta: -40.1
2025-10-23 07:07:04,263 - WARNING -    Temperatura: 1.67
2025-10-23 07:07:04,263 - WARNING -    Tipo perturbación aplicada: (ver generar_vecino)
2025-10-23 07:07:04,264 - WARNING -    Vecino - Puntos: 15378, Tiempo: 16309.4min, Distancia: 309.9km
2025-10-23 07:07:04,264 - WARNING -    Actual - Puntos: 15380, Tiempo: 14257.1min, Distancia: 161.4km
2025-10-23 07:07:04,264 - WARNING -    Validez restricciones - Vecino: False, Actual: False
2025-10-23 07:07:04,264 - WARNING - ================================================================================
2025-10-23 07:07:04,264 - WARNING - ⚠️  SALTO ANORMAL DETECTADO en iteración 63159
2025-10-23 07:07:04,265 - WARNING -    Fitness: 126.3 → 86.2 (Δ=-40.1)
2025-10-23 07:07:04,265 - WARNING -    Ver detalles en archivo de log
2025-10-23 07:07:04,912 - WARNING - ================================================================================
2025-10-23 07:07:04,913 - WARNING - ⚠️  SALTO ANORMAL DETECTADO en iteración 63164
2025-10-23 07:07:04,913 - WARNING -    Fitness actual: 126.4
2025-10-23 07:07:04,913 - WARNING -    Fitness vecino: 87.2
2025-10-23 07:07:04,914 - WARNING -    Delta: -39.1
2025-10-23 07:07:04,914 - WARNING -    Temperatura: 1.67
2025-10-23 07:07:04,914 - WARNING -    Tipo perturbación aplicada: (ver generar_vecino)
2025-10-23 07:07:04,914 - WARNING -    Vecino - Puntos: 15378, Tiempo: 16069.7min, Distancia: 315.8km
2025-10-23 07:07:04,914 - WARNING -    Actual - Puntos: 15385, Tiempo: 14240.0min, Distancia: 161.2km
2025-10-23 07:07:04,915 - WARNING -    Validez restricciones - Vecino: False, Actual: False
2025-10-23 07:07:04,915 - WARNING - ================================================================================
2025-10-23 07:07:04,915 - WARNING - ⚠️  SALTO ANORMAL DETECTADO en iteración 63164
2025-10-23 07:07:04,915 - WARNING -    Fitness: 126.4 → 87.2 (Δ=-39.1)
2025-10-23 07:07:04,915 - WARNING -    Ver detalles en archivo de log
2025-10-23 07:07:05,173 - WARNING - ================================================================================
2025-10-23 07:07:05,174 - WARNING - ⚠️  SALTO ANORMAL DETECTADO en iteración 63166
2025-10-23 07:07:05,174 - WARNING -    Fitness actual: 126.4
2025-10-23 07:07:05,174 - WARNING -    Fitness vecino: 90.8
2025-10-23 07:07:05,175 - WARNING -    Delta: -35.6
2025-10-23 07:07:05,175 - WARNING -    Temperatura: 1.66
2025-10-23 07:07:05,175 - WARNING -    Tipo perturbación aplicada: (ver generar_vecino)
2025-10-23 07:07:05,175 - WARNING -    Vecino - Puntos: 15383, Tiempo: 16102.7min, Distancia: 312.7km
2025-10-23 07:07:05,175 - WARNING -    Actual - Puntos: 15385, Tiempo: 14239.2min, Distancia: 161.2km
2025-10-23 07:07:05,176 - WARNING -    Validez restricciones - Vecino: False, Actual: False
2025-10-23 07:07:05,176 - WARNING - ================================================================================
2025-10-23 07:07:05,176 - WARNING - ⚠️  SALTO ANORMAL DETECTADO en iteración 63166
2025-10-23 07:07:05,176 - WARNING -    Fitness: 126.4 → 90.8 (Δ=-35.6)
2025-10-23 07:07:05,176 - WARNING -    Ver detalles en archivo de log
2025-10-23 07:07:06,203 - WARNING - ================================================================================
2025-10-23 07:07:06,203 - WARNING - ⚠️  SALTO ANORMAL DETECTADO en iteración 63174
2025-10-23 07:07:06,203 - WARNING -    Fitness actual: 125.4
2025-10-23 07:07:06,204 - WARNING -    Fitness vecino: 92.5
2025-10-23 07:07:06,204 - WARNING -    Delta: -32.9
2025-10-23 07:07:06,204 - WARNING -    Temperatura: 1.66
2025-10-23 07:07:06,204 - WARNING -    Tipo perturbación aplicada: (ver generar_vecino)
2025-10-23 07:07:06,204 - WARNING -    Vecino - Puntos: 15387, Tiempo: 16110.3min, Distancia: 312.1km
2025-10-23 07:07:06,205 - WARNING -    Actual - Puntos: 15389, Tiempo: 14232.3min, Distancia: 159.4km
2025-10-23 07:07:06,205 - WARNING -    Validez restricciones - Vecino: False, Actual: False
2025-10-23 07:07:06,205 - WARNING - ================================================================================
2025-10-23 07:07:06,205 - WARNING - ⚠️  SALTO ANORMAL DETECTADO en iteración 63174
2025-10-23 07:07:06,205 - WARNING -    Fitness: 125.4 → 92.5 (Δ=-32.9)
2025-10-23 07:07:06,206 - WARNING -    Ver detalles en archivo de log
2025-10-23 07:07:06,465 - WARNING - ================================================================================
2025-10-23 07:07:06,466 - WARNING - ⚠️  SALTO ANORMAL DETECTADO en iteración 63176
2025-10-23 07:07:06,466 - WARNING -    Fitness actual: 125.5
2025-10-23 07:07:06,466 - WARNING -    Fitness vecino: 92.1
2025-10-23 07:07:06,467 - WARNING -    Delta: -33.3
2025-10-23 07:07:06,467 - WARNING -    Temperatura: 1.66
2025-10-23 07:07:06,467 - WARNING -    Tipo perturbación aplicada: (ver generar_vecino)
2025-10-23 07:07:06,467 - WARNING -    Vecino - Puntos: 15392, Tiempo: 16048.9min, Distancia: 308.7km
2025-10-23 07:07:06,467 - WARNING -    Actual - Puntos: 15393, Tiempo: 14248.0min, Distancia: 158.6km
2025-10-23 07:07:06,468 - WARNING -    Validez restricciones - Vecino: False, Actual: False
2025-10-23 07:07:06,468 - WARNING - ================================================================================
2025-10-23 07:07:06,468 - WARNING - ⚠️  SALTO ANORMAL DETECTADO en iteración 63176
2025-10-23 07:07:06,468 - WARNING -    Fitness: 125.5 → 92.1 (Δ=-33.3)
2025-10-23 07:07:06,468 - WARNING -    Ver detalles en archivo de log
2025-10-23 07:07:06,601 - WARNING - ================================================================================
2025-10-23 07:07:06,601 - WARNING - ⚠️  SALTO ANORMAL DETECTADO en iteración 63177
2025-10-23 07:07:06,602 - WARNING -    Fitness actual: 125.5
2025-10-23 07:07:06,602 - WARNING -    Fitness vecino: 92.6
2025-10-23 07:07:06,602 - WARNING -    Delta: -32.9
2025-10-23 07:07:06,603 - WARNING -    Temperatura: 1.66
2025-10-23 07:07:06,603 - WARNING -    Tipo perturbación aplicada: (ver generar_vecino)
2025-10-23 07:07:06,603 - WARNING -    Vecino - Puntos: 15391, Tiempo: 16126.1min, Distancia: 311.3km
2025-10-23 07:07:06,603 - WARNING -    Actual - Puntos: 15393, Tiempo: 14248.0min, Distancia: 158.6km
2025-10-23 07:07:06,603 - WARNING -    Validez restricciones - Vecino: False, Actual: False
2025-10-23 07:07:06,603 - WARNING - ================================================================================
2025-10-23 07:07:06,604 - WARNING - ⚠️  SALTO ANORMAL DETECTADO en iteración 63177
2025-10-23 07:07:06,604 - WARNING -    Fitness: 125.5 → 92.6 (Δ=-32.9)
2025-10-23 07:07:06,604 - WARNING -    Ver detalles en archivo de log
2025-10-23 07:07:06,863 - WARNING - ================================================================================
2025-10-23 07:07:06,863 - WARNING - ⚠️  SALTO ANORMAL DETECTADO en iteración 63179
2025-10-23 07:07:06,864 - WARNING -    Fitness actual: 125.5
2025-10-23 07:07:06,864 - WARNING -    Fitness vecino: 88.5
2025-10-23 07:07:06,865 - WARNING -    Delta: -36.9
2025-10-23 07:07:06,865 - WARNING -    Temperatura: 1.66
2025-10-23 07:07:06,865 - WARNING -    Tipo perturbación aplicada: (ver generar_vecino)
2025-10-23 07:07:06,865 - WARNING -    Vecino - Puntos: 15386, Tiempo: 16082.1min, Distancia: 313.5km
2025-10-23 07:07:06,866 - WARNING -    Actual - Puntos: 15393, Tiempo: 14250.8min, Distancia: 158.8km
2025-10-23 07:07:06,866 - WARNING -    Validez restricciones - Vecino: False, Actual: False
2025-10-23 07:07:06,866 - WARNING - ================================================================================
2025-10-23 07:07:06,866 - WARNING - ⚠️  SALTO ANORMAL DETECTADO en iteración 63179
2025-10-23 07:07:06,866 - WARNING -    Fitness: 125.5 → 88.5 (Δ=-36.9)
2025-10-23 07:07:06,867 - WARNING -    Ver detalles en archivo de log
2025-10-23 07:07:09,558 - DEBUG - Iter 63200: T=1.66, Fitness_actual=125.4, Mejor=142.5
2025-10-23 07:07:22,385 - WARNING - ⚠️  DEGRADACIÓN DETECTADA en iter 63300:
2025-10-23 07:07:22,386 - WARNING -    Mejor fitness: 142.5
2025-10-23 07:07:22,386 - WARNING -    Fitness promedio reciente: 122.1
2025-10-23 07:07:22,387 - WARNING -    Degradación: 20.4
2025-10-23 07:07:22,387 - WARNING -    🔄 RESTAURANDO mejor solución...
2025-10-23 07:07:22,388 - DEBUG - Iter 63300: T=1.66, Fitness_actual=142.5, Mejor=142.5
2025-10-23 07:07:35,232 - DEBUG - Iter 63400: T=1.66, Fitness_actual=130.4, Mejor=142.5
2025-10-23 07:07:48,058 - INFO -   Iter 63500 | Tiempo:   92.0min (38.3%) | T =     1.65 | Fitness =    125.8 | Mejor =    142.5 | Aceptación =  82.9%
2025-10-23 07:07:48,058 - INFO - Progreso iter 63500: T=1.65, Fitness=125.8, Mejor=142.5, Tasa_acept=82.9%
2025-10-23 07:07:48,059 - DEBUG - Iter 63500: T=1.65, Fitness_actual=125.8, Mejor=142.5
2025-10-23 07:08:00,909 - DEBUG - Iter 63600: T=1.65, Fitness_actual=132.5, Mejor=142.5
2025-10-23 07:08:13,754 - DEBUG - Iter 63700: T=1.64, Fitness_actual=124.4, Mejor=142.5
2025-10-23 07:08:26,712 - DEBUG - Iter 63800: T=1.64, Fitness_actual=119.8, Mejor=142.5
2025-10-23 07:08:33,198 - WARNING - ⚠️  DEGRADACIÓN DETECTADA en iter 63850:
2025-10-23 07:08:33,198 - WARNING -    Mejor fitness: 142.5
2025-10-23 07:08:33,198 - WARNING -    Fitness promedio reciente: 120.8
2025-10-23 07:08:33,199 - WARNING -    Degradación: 21.6
2025-10-23 07:08:33,199 - WARNING -    🔄 RESTAURANDO mejor solución...
2025-10-23 07:08:33,329 - INFO - 🌟 MEJORA #268 en iter 63851: Fitness=142.6 (+0.1), Puntos=16002
2025-10-23 07:08:34,503 - INFO - 🌟 MEJORA #269 en iter 63860: Fitness=142.6 (+0.0), Puntos=16002
2025-10-23 07:08:34,635 - INFO - 🌟 MEJORA #270 en iter 63861: Fitness=142.6 (+0.0), Puntos=16002
2025-10-23 07:08:34,635 - INFO -   ✨ Mejora #270 en iteración 63862: Fitness = 142.6 | Puntos = 16002 | T = 1.64
2025-10-23 07:08:39,699 - DEBUG - Iter 63900: T=1.63, Fitness_actual=139.3, Mejor=142.6
2025-10-23 07:08:52,667 - INFO -   Iter 64000 | Tiempo:   93.1min (38.8%) | T =     1.63 | Fitness =    129.3 | Mejor =    142.6 | Aceptación =  82.9%
2025-10-23 07:08:52,667 - INFO - Progreso iter 64000: T=1.63, Fitness=129.3, Mejor=142.6, Tasa_acept=82.9%
2025-10-23 07:08:52,670 - DEBUG - Iter 64000: T=1.63, Fitness_actual=129.3, Mejor=142.6
2025-10-23 07:09:05,718 - WARNING - ⚠️  DEGRADACIÓN DETECTADA en iter 64100:
2025-10-23 07:09:05,718 - WARNING -    Mejor fitness: 142.6
2025-10-23 07:09:05,719 - WARNING -    Fitness promedio reciente: 122.0
2025-10-23 07:09:05,719 - WARNING -    Degradación: 20.5
2025-10-23 07:09:05,719 - WARNING -    🔄 RESTAURANDO mejor solución...
2025-10-23 07:09:05,721 - DEBUG - Iter 64100: T=1.63, Fitness_actual=142.6, Mejor=142.6
2025-10-23 07:09:05,721 - INFO - 🌟 MEJORA #271 en iter 64100: Fitness=142.6 (+0.0), Puntos=16002
2025-10-23 07:09:18,690 - DEBUG - Iter 64200: T=1.62, Fitness_actual=136.7, Mejor=142.6
2025-10-23 07:09:31,673 - DEBUG - Iter 64300: T=1.62, Fitness_actual=126.6, Mejor=142.6
2025-10-23 07:09:44,702 - DEBUG - Iter 64400: T=1.61, Fitness_actual=124.6, Mejor=142.6
2025-10-23 07:09:57,692 - INFO -   Iter 64500 | Tiempo:   94.2min (39.2%) | T =     1.61 | Fitness =    124.8 | Mejor =    142.6 | Aceptación =  82.8%
2025-10-23 07:09:57,693 - INFO - Progreso iter 64500: T=1.61, Fitness=124.8, Mejor=142.6, Tasa_acept=82.8%
2025-10-23 07:09:57,694 - DEBUG - Iter 64500: T=1.61, Fitness_actual=124.8, Mejor=142.6
2025-10-23 07:10:10,675 - DEBUG - Iter 64600: T=1.61, Fitness_actual=119.6, Mejor=142.6
2025-10-23 07:10:17,188 - WARNING - ⚠️  DEGRADACIÓN DETECTADA en iter 64650:
2025-10-23 07:10:17,188 - WARNING -    Mejor fitness: 142.6
2025-10-23 07:10:17,189 - WARNING -    Fitness promedio reciente: 119.7
2025-10-23 07:10:17,189 - WARNING -    Degradación: 22.9
2025-10-23 07:10:17,189 - WARNING -    🔄 RESTAURANDO mejor solución...
2025-10-23 07:10:23,687 - DEBUG - Iter 64700: T=1.60, Fitness_actual=138.6, Mejor=142.6
2025-10-23 07:10:36,746 - DEBUG - Iter 64800: T=1.60, Fitness_actual=131.1, Mejor=142.6
2025-10-23 07:10:49,786 - DEBUG - Iter 64900: T=1.59, Fitness_actual=123.9, Mejor=142.6
2025-10-23 07:11:02,811 - INFO -   Iter 65000 | Tiempo:   95.3min (39.7%) | T =     1.59 | Fitness =    119.7 | Mejor =    142.6 | Aceptación =  82.8%
2025-10-23 07:11:02,812 - INFO - Progreso iter 65000: T=1.59, Fitness=119.7, Mejor=142.6, Tasa_acept=82.8%
2025-10-23 07:11:02,813 - DEBUG - Iter 65000: T=1.59, Fitness_actual=119.7, Mejor=142.6
2025-10-23 07:11:09,460 - WARNING - ⚠️  DEGRADACIÓN DETECTADA en iter 65050:
2025-10-23 07:11:09,460 - WARNING -    Mejor fitness: 142.6
2025-10-23 07:11:09,461 - WARNING -    Fitness promedio reciente: 121.1
2025-10-23 07:11:09,461 - WARNING -    Degradación: 21.4
2025-10-23 07:11:09,461 - WARNING -    🔄 RESTAURANDO mejor solución...
2025-10-23 07:11:09,462 - INFO - 🌟 MEJORA #272 en iter 65050: Fitness=142.6 (+0.0), Puntos=16002
2025-10-23 07:11:16,046 - DEBUG - Iter 65100: T=1.59, Fitness_actual=137.8, Mejor=142.6
2025-10-23 07:11:29,246 - DEBUG - Iter 65200: T=1.58, Fitness_actual=131.3, Mejor=142.6
2025-10-23 07:11:42,525 - WARNING - ⚠️  DEGRADACIÓN DETECTADA en iter 65300:
2025-10-23 07:11:42,525 - WARNING -    Mejor fitness: 142.6
2025-10-23 07:11:42,525 - WARNING -    Fitness promedio reciente: 119.3
2025-10-23 07:11:42,526 - WARNING -    Degradación: 23.3
2025-10-23 07:11:42,526 - WARNING -    🔄 RESTAURANDO mejor solución...
2025-10-23 07:11:42,531 - DEBUG - Iter 65300: T=1.58, Fitness_actual=142.6, Mejor=142.6
2025-10-23 07:11:55,651 - DEBUG - Iter 65400: T=1.57, Fitness_actual=127.9, Mejor=142.6
2025-10-23 07:12:08,800 - INFO -   Iter 65500 | Tiempo:   96.4min (40.2%) | T =     1.57 | Fitness =    123.2 | Mejor =    142.6 | Aceptación =  82.8%
2025-10-23 07:12:08,800 - INFO - Progreso iter 65500: T=1.57, Fitness=123.2, Mejor=142.6, Tasa_acept=82.8%
2025-10-23 07:12:08,803 - DEBUG - Iter 65500: T=1.57, Fitness_actual=123.2, Mejor=142.6
2025-10-23 07:12:15,488 - WARNING - ⚠️  DEGRADACIÓN DETECTADA en iter 65550:
2025-10-23 07:12:15,488 - WARNING -    Mejor fitness: 142.6
2025-10-23 07:12:15,489 - WARNING -    Fitness promedio reciente: 122.3
2025-10-23 07:12:15,489 - WARNING -    Degradación: 20.2
2025-10-23 07:12:15,489 - WARNING -    🔄 RESTAURANDO mejor solución...
2025-10-23 07:12:15,896 - INFO - 🌟 MEJORA #273 en iter 65553: Fitness=142.6 (+0.0), Puntos=16002
2025-10-23 07:12:22,147 - DEBUG - Iter 65600: T=1.56, Fitness_actual=139.0, Mejor=142.6
2025-10-23 07:12:35,382 - DEBUG - Iter 65700: T=1.56, Fitness_actual=129.1, Mejor=142.6
2025-10-23 07:12:48,627 - DEBUG - Iter 65800: T=1.56, Fitness_actual=119.7, Mejor=142.6
2025-10-23 07:12:55,240 - WARNING - ⚠️  DEGRADACIÓN DETECTADA en iter 65850:
2025-10-23 07:12:55,240 - WARNING -    Mejor fitness: 142.6
2025-10-23 07:12:55,241 - WARNING -    Fitness promedio reciente: 114.7
2025-10-23 07:12:55,241 - WARNING -    Degradación: 27.8
2025-10-23 07:12:55,241 - WARNING -    🔄 RESTAURANDO mejor solución...
2025-10-23 07:13:01,891 - DEBUG - Iter 65900: T=1.55, Fitness_actual=137.2, Mejor=142.6
2025-10-23 07:13:15,138 - INFO -   Iter 66000 | Tiempo:   97.5min (40.6%) | T =     1.55 | Fitness =    124.6 | Mejor =    142.6 | Aceptación =  82.7%
2025-10-23 07:13:15,138 - INFO - Progreso iter 66000: T=1.55, Fitness=124.6, Mejor=142.6, Tasa_acept=82.7%
2025-10-23 07:13:15,141 - DEBUG - Iter 66000: T=1.55, Fitness_actual=124.6, Mejor=142.6
2025-10-23 07:13:28,410 - DEBUG - Iter 66100: T=1.54, Fitness_actual=127.5, Mejor=142.6
2025-10-23 07:13:41,612 - DEBUG - Iter 66200: T=1.54, Fitness_actual=127.7, Mejor=142.6
2025-10-23 07:13:54,899 - DEBUG - Iter 66300: T=1.54, Fitness_actual=127.2, Mejor=142.6
2025-10-23 07:14:08,235 - DEBUG - Iter 66400: T=1.53, Fitness_actual=127.5, Mejor=142.6
2025-10-23 07:14:14,860 - WARNING - ⚠️  DEGRADACIÓN DETECTADA en iter 66450:
2025-10-23 07:14:14,860 - WARNING -    Mejor fitness: 142.6
2025-10-23 07:14:14,861 - WARNING -    Fitness promedio reciente: 122.2
2025-10-23 07:14:14,861 - WARNING -    Degradación: 20.4
2025-10-23 07:14:14,861 - WARNING -    🔄 RESTAURANDO mejor solución...
2025-10-23 07:14:21,490 - INFO -   Iter 66500 | Tiempo:   98.6min (41.1%) | T =     1.53 | Fitness =    132.0 | Mejor =    142.6 | Aceptación =  82.7%
2025-10-23 07:14:21,491 - INFO - Progreso iter 66500: T=1.53, Fitness=132.0, Mejor=142.6, Tasa_acept=82.7%
2025-10-23 07:14:21,492 - DEBUG - Iter 66500: T=1.53, Fitness_actual=132.0, Mejor=142.6
2025-10-23 07:14:34,779 - DEBUG - Iter 66600: T=1.53, Fitness_actual=121.3, Mejor=142.6
2025-10-23 07:14:41,450 - WARNING - ⚠️  DEGRADACIÓN DETECTADA en iter 66650:
2025-10-23 07:14:41,450 - WARNING -    Mejor fitness: 142.6
2025-10-23 07:14:41,451 - WARNING -    Fitness promedio reciente: 119.5
2025-10-23 07:14:41,451 - WARNING -    Degradación: 23.1
2025-10-23 07:14:41,451 - WARNING -    🔄 RESTAURANDO mejor solución...
2025-10-23 07:14:48,167 - DEBUG - Iter 66700: T=1.52, Fitness_actual=136.6, Mejor=142.6
2025-10-23 07:15:01,573 - DEBUG - Iter 66800: T=1.52, Fitness_actual=133.5, Mejor=142.6
2025-10-23 07:15:15,038 - DEBUG - Iter 66900: T=1.51, Fitness_actual=129.0, Mejor=142.6
2025-10-23 07:15:28,533 - INFO -   Iter 67000 | Tiempo:   99.7min (41.5%) | T =     1.51 | Fitness =    125.2 | Mejor =    142.6 | Aceptación =  82.7%
2025-10-23 07:15:28,534 - INFO - Progreso iter 67000: T=1.51, Fitness=125.2, Mejor=142.6, Tasa_acept=82.7%
2025-10-23 07:15:28,537 - DEBUG - Iter 67000: T=1.51, Fitness_actual=125.2, Mejor=142.6
2025-10-23 07:15:42,024 - DEBUG - Iter 67100: T=1.51, Fitness_actual=122.7, Mejor=142.6
2025-10-23 07:15:55,446 - WARNING - ⚠️  DEGRADACIÓN DETECTADA en iter 67200:
2025-10-23 07:15:55,446 - WARNING -    Mejor fitness: 142.6
2025-10-23 07:15:55,447 - WARNING -    Fitness promedio reciente: 122.6
2025-10-23 07:15:55,447 - WARNING -    Degradación: 20.0
2025-10-23 07:15:55,447 - WARNING -    🔄 RESTAURANDO mejor solución...
2025-10-23 07:15:55,449 - DEBUG - Iter 67200: T=1.50, Fitness_actual=142.6, Mejor=142.6
2025-10-23 07:16:09,050 - DEBUG - Iter 67300: T=1.50, Fitness_actual=132.6, Mejor=142.6
2025-10-23 07:16:15,838 - WARNING - ================================================================================
2025-10-23 07:16:15,838 - WARNING - ⚠️  SALTO ANORMAL DETECTADO en iteración 67350
2025-10-23 07:16:15,839 - WARNING -    Fitness actual: 131.5
2025-10-23 07:16:15,839 - WARNING -    Fitness vecino: 91.4
2025-10-23 07:16:15,839 - WARNING -    Delta: -40.1
2025-10-23 07:16:15,839 - WARNING -    Temperatura: 1.50
2025-10-23 07:16:15,839 - WARNING -    Tipo perturbación aplicada: (ver generar_vecino)
2025-10-23 07:16:15,840 - WARNING -    Vecino - Puntos: 15705, Tiempo: 16129.8min, Distancia: 315.0km
2025-10-23 07:16:15,840 - WARNING -    Actual - Puntos: 15702, Tiempo: 14435.5min, Distancia: 159.6km
2025-10-23 07:16:15,840 - WARNING -    Validez restricciones - Vecino: False, Actual: False
2025-10-23 07:16:15,840 - WARNING - ================================================================================
2025-10-23 07:16:15,840 - WARNING - ⚠️  SALTO ANORMAL DETECTADO en iteración 67350
2025-10-23 07:16:15,841 - WARNING -    Fitness: 131.5 → 91.4 (Δ=-40.1)
2025-10-23 07:16:15,841 - WARNING -    Ver detalles en archivo de log
2025-10-23 07:16:22,545 - DEBUG - Iter 67400: T=1.49, Fitness_actual=129.2, Mejor=142.6
2025-10-23 07:16:36,087 - INFO -   Iter 67500 | Tiempo:  100.8min (42.0%) | T =     1.49 | Fitness =    121.1 | Mejor =    142.6 | Aceptación =  82.6%
2025-10-23 07:16:36,087 - INFO - Progreso iter 67500: T=1.49, Fitness=121.1, Mejor=142.6, Tasa_acept=82.6%
2025-10-23 07:16:36,090 - DEBUG - Iter 67500: T=1.49, Fitness_actual=121.1, Mejor=142.6
2025-10-23 07:16:42,873 - WARNING - ⚠️  DEGRADACIÓN DETECTADA en iter 67550:
2025-10-23 07:16:42,873 - WARNING -    Mejor fitness: 142.6
2025-10-23 07:16:42,874 - WARNING -    Fitness promedio reciente: 118.9
2025-10-23 07:16:42,874 - WARNING -    Degradación: 23.6
2025-10-23 07:16:42,874 - WARNING -    🔄 RESTAURANDO mejor solución...
2025-10-23 07:16:49,670 - DEBUG - Iter 67600: T=1.49, Fitness_actual=142.5, Mejor=142.6
2025-10-23 07:17:03,279 - DEBUG - Iter 67700: T=1.48, Fitness_actual=130.7, Mejor=142.6
2025-10-23 07:17:16,884 - DEBUG - Iter 67800: T=1.48, Fitness_actual=127.7, Mejor=142.6
2025-10-23 07:17:30,493 - DEBUG - Iter 67900: T=1.47, Fitness_actual=131.0, Mejor=142.6
2025-10-23 07:17:44,038 - INFO -   Iter 68000 | Tiempo:  102.0min (42.5%) | T =     1.47 | Fitness =    124.6 | Mejor =    142.6 | Aceptación =  82.6%
2025-10-23 07:17:44,039 - INFO - Progreso iter 68000: T=1.47, Fitness=124.6, Mejor=142.6, Tasa_acept=82.6%
2025-10-23 07:17:44,040 - DEBUG - Iter 68000: T=1.47, Fitness_actual=124.6, Mejor=142.6
2025-10-23 07:17:57,572 - DEBUG - Iter 68100: T=1.47, Fitness_actual=122.4, Mejor=142.6
2025-10-23 07:18:00,420 - WARNING - ================================================================================
2025-10-23 07:18:00,421 - WARNING - ⚠️  SALTO ANORMAL DETECTADO en iteración 68121
2025-10-23 07:18:00,421 - WARNING -    Fitness actual: 119.5
2025-10-23 07:18:00,422 - WARNING -    Fitness vecino: 98.1
2025-10-23 07:18:00,422 - WARNING -    Delta: -21.4
2025-10-23 07:18:00,422 - WARNING -    Temperatura: 1.47
2025-10-23 07:18:00,422 - WARNING -    Tipo perturbación aplicada: (ver generar_vecino)
2025-10-23 07:18:00,423 - WARNING -    Vecino - Puntos: 15202, Tiempo: 14712.0min, Distancia: 223.5km
2025-10-23 07:18:00,423 - WARNING -    Actual - Puntos: 15499, Tiempo: 13716.4min, Distancia: 158.0km
2025-10-23 07:18:00,423 - WARNING -    Validez restricciones - Vecino: False, Actual: False
2025-10-23 07:18:00,424 - WARNING - ================================================================================
2025-10-23 07:18:00,424 - WARNING - ⚠️  SALTO ANORMAL DETECTADO en iteración 68121
2025-10-23 07:18:00,424 - WARNING -    Fitness: 119.5 → 98.1 (Δ=-21.4)
2025-10-23 07:18:00,424 - WARNING -    Ver detalles en archivo de log
2025-10-23 07:18:00,696 - WARNING - ================================================================================
2025-10-23 07:18:00,696 - WARNING - ⚠️  SALTO ANORMAL DETECTADO en iteración 68123
2025-10-23 07:18:00,697 - WARNING -    Fitness actual: 119.6
2025-10-23 07:18:00,697 - WARNING -    Fitness vecino: 98.5
2025-10-23 07:18:00,697 - WARNING -    Delta: -21.1
2025-10-23 07:18:00,698 - WARNING -    Temperatura: 1.47
2025-10-23 07:18:00,698 - WARNING -    Tipo perturbación aplicada: (ver generar_vecino)
2025-10-23 07:18:00,698 - WARNING -    Vecino - Puntos: 15241, Tiempo: 14347.8min, Distancia: 212.3km
2025-10-23 07:18:00,698 - WARNING -    Actual - Puntos: 15507, Tiempo: 13652.4min, Distancia: 154.0km
2025-10-23 07:18:00,698 - WARNING -    Validez restricciones - Vecino: False, Actual: False
2025-10-23 07:18:00,698 - WARNING - ================================================================================
2025-10-23 07:18:00,699 - WARNING - ⚠️  SALTO ANORMAL DETECTADO en iteración 68123
2025-10-23 07:18:00,699 - WARNING -    Fitness: 119.6 → 98.5 (Δ=-21.1)
2025-10-23 07:18:00,699 - WARNING -    Ver detalles en archivo de log
2025-10-23 07:18:01,242 - WARNING - ================================================================================
2025-10-23 07:18:01,242 - WARNING - ⚠️  SALTO ANORMAL DETECTADO en iteración 68127
2025-10-23 07:18:01,243 - WARNING -    Fitness actual: 119.6
2025-10-23 07:18:01,243 - WARNING -    Fitness vecino: 96.7
2025-10-23 07:18:01,244 - WARNING -    Delta: -22.9
2025-10-23 07:18:01,244 - WARNING -    Temperatura: 1.47
2025-10-23 07:18:01,244 - WARNING -    Tipo perturbación aplicada: (ver generar_vecino)
2025-10-23 07:18:01,244 - WARNING -    Vecino - Puntos: 15507, Tiempo: 14024.8min, Distancia: 212.5km
2025-10-23 07:18:01,244 - WARNING -    Actual - Puntos: 15507, Tiempo: 13647.0min, Distancia: 153.5km
2025-10-23 07:18:01,245 - WARNING -    Validez restricciones - Vecino: False, Actual: False
2025-10-23 07:18:01,245 - WARNING - ================================================================================
2025-10-23 07:18:01,245 - WARNING - ⚠️  SALTO ANORMAL DETECTADO en iteración 68127
2025-10-23 07:18:01,245 - WARNING -    Fitness: 119.6 → 96.7 (Δ=-22.9)
2025-10-23 07:18:01,246 - WARNING -    Ver detalles en archivo de log
2025-10-23 07:18:04,366 - WARNING - ⚠️  DEGRADACIÓN DETECTADA en iter 68150:
2025-10-23 07:18:04,366 - WARNING -    Mejor fitness: 142.6
2025-10-23 07:18:04,367 - WARNING -    Fitness promedio reciente: 120.5
2025-10-23 07:18:04,367 - WARNING -    Degradación: 22.1
2025-10-23 07:18:04,367 - WARNING -    🔄 RESTAURANDO mejor solución...
2025-10-23 07:18:11,185 - DEBUG - Iter 68200: T=1.46, Fitness_actual=140.3, Mejor=142.6
2025-10-23 07:18:24,753 - DEBUG - Iter 68300: T=1.46, Fitness_actual=132.0, Mejor=142.6
2025-10-23 07:18:38,302 - DEBUG - Iter 68400: T=1.45, Fitness_actual=128.1, Mejor=142.6
2025-10-23 07:18:51,945 - INFO -   Iter 68500 | Tiempo:  103.1min (43.0%) | T =     1.45 | Fitness =    126.3 | Mejor =    142.6 | Aceptación =  82.5%
2025-10-23 07:18:51,945 - INFO - Progreso iter 68500: T=1.45, Fitness=126.3, Mejor=142.6, Tasa_acept=82.5%
2025-10-23 07:18:51,949 - DEBUG - Iter 68500: T=1.45, Fitness_actual=126.3, Mejor=142.6
2025-10-23 07:19:05,624 - DEBUG - Iter 68600: T=1.45, Fitness_actual=124.5, Mejor=142.6
2025-10-23 07:19:12,457 - WARNING - ⚠️  DEGRADACIÓN DETECTADA en iter 68650:
2025-10-23 07:19:12,457 - WARNING -    Mejor fitness: 142.6
2025-10-23 07:19:12,458 - WARNING -    Fitness promedio reciente: 122.5
2025-10-23 07:19:12,458 - WARNING -    Degradación: 20.1
2025-10-23 07:19:12,458 - WARNING -    🔄 RESTAURANDO mejor solución...
2025-10-23 07:19:19,281 - DEBUG - Iter 68700: T=1.44, Fitness_actual=134.6, Mejor=142.6
2025-10-23 07:19:32,930 - DEBUG - Iter 68800: T=1.44, Fitness_actual=129.4, Mejor=142.6
2025-10-23 07:19:46,556 - DEBUG - Iter 68900: T=1.44, Fitness_actual=123.4, Mejor=142.6
2025-10-23 07:20:00,193 - INFO -   Iter 69000 | Tiempo:  104.2min (43.4%) | T =     1.43 | Fitness =    121.9 | Mejor =    142.6 | Aceptación =  82.5%
2025-10-23 07:20:00,193 - INFO - Progreso iter 69000: T=1.43, Fitness=121.9, Mejor=142.6, Tasa_acept=82.5%
2025-10-23 07:20:00,194 - WARNING - ⚠️  DEGRADACIÓN DETECTADA en iter 69000:
2025-10-23 07:20:00,195 - WARNING -    Mejor fitness: 142.6
2025-10-23 07:20:00,195 - WARNING -    Fitness promedio reciente: 122.0
2025-10-23 07:20:00,195 - WARNING -    Degradación: 20.6
2025-10-23 07:20:00,195 - WARNING -    🔄 RESTAURANDO mejor solución...
2025-10-23 07:20:00,196 - DEBUG - Iter 69000: T=1.43, Fitness_actual=142.6, Mejor=142.6
2025-10-23 07:20:13,878 - DEBUG - Iter 69100: T=1.43, Fitness_actual=132.8, Mejor=142.6
2025-10-23 07:20:27,563 - DEBUG - Iter 69200: T=1.42, Fitness_actual=123.6, Mejor=142.6
2025-10-23 07:20:41,318 - WARNING - ⚠️  DEGRADACIÓN DETECTADA en iter 69300:
2025-10-23 07:20:41,318 - WARNING -    Mejor fitness: 142.6
2025-10-23 07:20:41,319 - WARNING -    Fitness promedio reciente: 122.2
2025-10-23 07:20:41,319 - WARNING -    Degradación: 20.3
2025-10-23 07:20:41,319 - WARNING -    🔄 RESTAURANDO mejor solución...
2025-10-23 07:20:41,320 - DEBUG - Iter 69300: T=1.42, Fitness_actual=142.6, Mejor=142.6
2025-10-23 07:20:42,003 - INFO - 🌟 MEJORA #274 en iter 69305: Fitness=142.7 (+0.2), Puntos=16018
2025-10-23 07:20:42,278 - INFO - 🌟 MEJORA #275 en iter 69307: Fitness=142.7 (+0.0), Puntos=16018
2025-10-23 07:20:42,278 - INFO -   ✨ Mejora #275 en iteración 69308: Fitness = 142.7 | Puntos = 16018 | T = 1.42
2025-10-23 07:20:55,056 - DEBUG - Iter 69400: T=1.42, Fitness_actual=130.3, Mejor=142.7
2025-10-23 07:21:08,927 - INFO -   Iter 69500 | Tiempo:  105.4min (43.9%) | T =     1.41 | Fitness =    125.6 | Mejor =    142.7 | Aceptación =  82.4%
2025-10-23 07:21:08,927 - INFO - Progreso iter 69500: T=1.41, Fitness=125.6, Mejor=142.7, Tasa_acept=82.4%
2025-10-23 07:21:08,930 - DEBUG - Iter 69500: T=1.41, Fitness_actual=125.6, Mejor=142.7
2025-10-23 07:21:22,764 - DEBUG - Iter 69600: T=1.41, Fitness_actual=130.0, Mejor=142.7
2025-10-23 07:21:36,549 - DEBUG - Iter 69700: T=1.41, Fitness_actual=124.0, Mejor=142.7
2025-10-23 07:21:50,294 - DEBUG - Iter 69800: T=1.40, Fitness_actual=130.0, Mejor=142.7
2025-10-23 07:22:04,093 - DEBUG - Iter 69900: T=1.40, Fitness_actual=128.4, Mejor=142.7
2025-10-23 07:22:17,864 - INFO -   Iter 70000 | Tiempo:  106.5min (44.4%) | T =     1.39 | Fitness =    129.7 | Mejor =    142.7 | Aceptación =  82.4%
2025-10-23 07:22:17,864 - INFO - Progreso iter 70000: T=1.39, Fitness=129.7, Mejor=142.7, Tasa_acept=82.4%
2025-10-23 07:22:17,865 - DEBUG - Iter 70000: T=1.39, Fitness_actual=129.7, Mejor=142.7
2025-10-23 07:22:31,671 - DEBUG - Iter 70100: T=1.39, Fitness_actual=123.7, Mejor=142.7
2025-10-23 07:22:38,556 - WARNING - ⚠️  DEGRADACIÓN DETECTADA en iter 70150:
2025-10-23 07:22:38,556 - WARNING -    Mejor fitness: 142.7
2025-10-23 07:22:38,557 - WARNING -    Fitness promedio reciente: 122.3
2025-10-23 07:22:38,557 - WARNING -    Degradación: 20.4
2025-10-23 07:22:38,557 - WARNING -    🔄 RESTAURANDO mejor solución...
2025-10-23 07:22:45,496 - DEBUG - Iter 70200: T=1.39, Fitness_actual=141.2, Mejor=142.7
2025-10-23 07:22:59,325 - DEBUG - Iter 70300: T=1.38, Fitness_actual=135.5, Mejor=142.7
2025-10-23 07:23:13,127 - DEBUG - Iter 70400: T=1.38, Fitness_actual=132.5, Mejor=142.7
2025-10-23 07:23:26,927 - INFO -   Iter 70500 | Tiempo:  107.7min (44.9%) | T =     1.38 | Fitness =    129.1 | Mejor =    142.7 | Aceptación =  82.4%
2025-10-23 07:23:26,928 - INFO - Progreso iter 70500: T=1.38, Fitness=129.1, Mejor=142.7, Tasa_acept=82.4%
2025-10-23 07:23:26,929 - DEBUG - Iter 70500: T=1.38, Fitness_actual=129.1, Mejor=142.7
2025-10-23 07:23:40,758 - DEBUG - Iter 70600: T=1.37, Fitness_actual=128.0, Mejor=142.7
2025-10-23 07:23:54,672 - DEBUG - Iter 70700: T=1.37, Fitness_actual=126.5, Mejor=142.7
2025-10-23 07:24:08,603 - WARNING - ⚠️  DEGRADACIÓN DETECTADA en iter 70800:
2025-10-23 07:24:08,603 - WARNING -    Mejor fitness: 142.7
2025-10-23 07:24:08,604 - WARNING -    Fitness promedio reciente: 122.3
2025-10-23 07:24:08,604 - WARNING -    Degradación: 20.4
2025-10-23 07:24:08,605 - WARNING -    🔄 RESTAURANDO mejor solución...
2025-10-23 07:24:08,606 - DEBUG - Iter 70800: T=1.36, Fitness_actual=142.7, Mejor=142.7
2025-10-23 07:24:22,538 - DEBUG - Iter 70900: T=1.36, Fitness_actual=139.2, Mejor=142.7
2025-10-23 07:24:36,423 - INFO -   Iter 71000 | Tiempo:  108.8min (45.3%) | T =     1.36 | Fitness =    133.0 | Mejor =    142.7 | Aceptación =  82.3%
2025-10-23 07:24:36,423 - INFO - Progreso iter 71000: T=1.36, Fitness=133.0, Mejor=142.7, Tasa_acept=82.3%
2025-10-23 07:24:36,425 - DEBUG - Iter 71000: T=1.36, Fitness_actual=133.0, Mejor=142.7
2025-10-23 07:24:50,455 - DEBUG - Iter 71100: T=1.35, Fitness_actual=126.3, Mejor=142.7
2025-10-23 07:25:04,112 - DEBUG - Iter 71200: T=1.35, Fitness_actual=126.6, Mejor=142.7
2025-10-23 07:25:17,731 - WARNING - ⚠️  DEGRADACIÓN DETECTADA en iter 71300:
2025-10-23 07:25:17,731 - WARNING -    Mejor fitness: 142.7
2025-10-23 07:25:17,732 - WARNING -    Fitness promedio reciente: 118.1
2025-10-23 07:25:17,732 - WARNING -    Degradación: 24.6
2025-10-23 07:25:17,732 - WARNING -    🔄 RESTAURANDO mejor solución...
2025-10-23 07:25:17,733 - DEBUG - Iter 71300: T=1.35, Fitness_actual=142.7, Mejor=142.7
2025-10-23 07:25:17,734 - INFO - 🌟 MEJORA #276 en iter 71300: Fitness=142.7 (+0.0), Puntos=16018
2025-10-23 07:25:17,870 - INFO - 🌟 MEJORA #277 en iter 71301: Fitness=142.7 (+0.0), Puntos=16018
2025-10-23 07:25:18,006 - INFO - 🌟 MEJORA #278 en iter 71302: Fitness=142.7 (+0.0), Puntos=16018
2025-10-23 07:25:18,278 - INFO - 🌟 MEJORA #279 en iter 71304: Fitness=142.8 (+0.0), Puntos=16020
2025-10-23 07:25:18,552 - INFO - 🌟 MEJORA #280 en iter 71306: Fitness=142.8 (+0.0), Puntos=16020
2025-10-23 07:25:18,552 - INFO -   ✨ Mejora #280 en iteración 71307: Fitness = 142.8 | Puntos = 16020 | T = 1.35
2025-10-23 07:25:31,424 - DEBUG - Iter 71400: T=1.34, Fitness_actual=140.6, Mejor=142.8
2025-10-23 07:25:45,056 - INFO -   Iter 71500 | Tiempo:  110.0min (45.8%) | T =     1.34 | Fitness =    131.9 | Mejor =    142.8 | Aceptación =  82.3%
2025-10-23 07:25:45,056 - INFO - Progreso iter 71500: T=1.34, Fitness=131.9, Mejor=142.8, Tasa_acept=82.3%
2025-10-23 07:25:45,059 - DEBUG - Iter 71500: T=1.34, Fitness_actual=131.9, Mejor=142.8
2025-10-23 07:25:58,561 - DEBUG - Iter 71600: T=1.34, Fitness_actual=128.8, Mejor=142.8
2025-10-23 07:26:11,975 - WARNING - ⚠️  DEGRADACIÓN DETECTADA en iter 71700:
2025-10-23 07:26:11,975 - WARNING -    Mejor fitness: 142.8
2025-10-23 07:26:11,976 - WARNING -    Fitness promedio reciente: 121.1
2025-10-23 07:26:11,976 - WARNING -    Degradación: 21.6
2025-10-23 07:26:11,976 - WARNING -    🔄 RESTAURANDO mejor solución...
2025-10-23 07:26:11,978 - DEBUG - Iter 71700: T=1.33, Fitness_actual=142.8, Mejor=142.8
2025-10-23 07:26:12,112 - INFO - 🌟 MEJORA #281 en iter 71701: Fitness=142.8 (+0.0), Puntos=16020
2025-10-23 07:26:25,297 - DEBUG - Iter 71800: T=1.33, Fitness_actual=139.7, Mejor=142.8
2025-10-23 07:26:38,685 - DEBUG - Iter 71900: T=1.33, Fitness_actual=130.8, Mejor=142.8
2025-10-23 07:26:52,062 - INFO -   Iter 72000 | Tiempo:  111.1min (46.3%) | T =     1.32 | Fitness =    129.8 | Mejor =    142.8 | Aceptación =  82.2%
2025-10-23 07:26:52,063 - INFO - Progreso iter 72000: T=1.32, Fitness=129.8, Mejor=142.8, Tasa_acept=82.2%
2025-10-23 07:26:52,064 - DEBUG - Iter 72000: T=1.32, Fitness_actual=129.8, Mejor=142.8
2025-10-23 07:27:05,474 - DEBUG - Iter 72100: T=1.32, Fitness_actual=126.0, Mejor=142.8
2025-10-23 07:27:18,933 - WARNING - ⚠️  DEGRADACIÓN DETECTADA en iter 72200:
2025-10-23 07:27:18,933 - WARNING -    Mejor fitness: 142.8
2025-10-23 07:27:18,934 - WARNING -    Fitness promedio reciente: 122.3
2025-10-23 07:27:18,934 - WARNING -    Degradación: 20.5
2025-10-23 07:27:18,934 - WARNING -    🔄 RESTAURANDO mejor solución...
2025-10-23 07:27:18,939 - DEBUG - Iter 72200: T=1.32, Fitness_actual=142.8, Mejor=142.8
2025-10-23 07:27:19,611 - INFO - 🌟 MEJORA #282 en iter 72205: Fitness=142.8 (+0.0), Puntos=16024
2025-10-23 07:27:22,050 - INFO - 🌟 MEJORA #283 en iter 72223: Fitness=142.9 (+0.1), Puntos=16030
2025-10-23 07:27:22,184 - INFO - 🌟 MEJORA #284 en iter 72224: Fitness=142.9 (+0.0), Puntos=16030
2025-10-23 07:27:22,456 - INFO - 🌟 MEJORA #285 en iter 72226: Fitness=142.9 (+0.1), Puntos=16037
2025-10-23 07:27:22,456 - INFO -   ✨ Mejora #285 en iteración 72227: Fitness = 142.9 | Puntos = 16037 | T = 1.31
2025-10-23 07:27:22,591 - INFO - 🌟 MEJORA #286 en iter 72227: Fitness=142.9 (+0.0), Puntos=16037
2025-10-23 07:27:22,725 - INFO - 🌟 MEJORA #287 en iter 72228: Fitness=142.9 (+0.0), Puntos=16037
2025-10-23 07:27:22,995 - INFO - 🌟 MEJORA #288 en iter 72230: Fitness=143.0 (+0.0), Puntos=16041
2025-10-23 07:27:32,418 - DEBUG - Iter 72300: T=1.31, Fitness_actual=135.9, Mejor=143.0
2025-10-23 07:27:45,895 - DEBUG - Iter 72400: T=1.31, Fitness_actual=128.1, Mejor=143.0
2025-10-23 07:27:59,395 - INFO -   Iter 72500 | Tiempo:  112.2min (46.8%) | T =     1.31 | Fitness =    124.8 | Mejor =    143.0 | Aceptación =  82.2%
2025-10-23 07:27:59,395 - INFO - Progreso iter 72500: T=1.31, Fitness=124.8, Mejor=143.0, Tasa_acept=82.2%
2025-10-23 07:27:59,398 - DEBUG - Iter 72500: T=1.31, Fitness_actual=124.8, Mejor=143.0
2025-10-23 07:28:12,911 - DEBUG - Iter 72600: T=1.30, Fitness_actual=127.2, Mejor=143.0
2025-10-23 07:28:26,419 - DEBUG - Iter 72700: T=1.30, Fitness_actual=126.8, Mejor=143.0
2025-10-23 07:28:39,909 - DEBUG - Iter 72800: T=1.29, Fitness_actual=127.0, Mejor=143.0
2025-10-23 07:28:53,416 - DEBUG - Iter 72900: T=1.29, Fitness_actual=124.2, Mejor=143.0
2025-10-23 07:29:06,929 - INFO -   Iter 73000 | Tiempo:  113.3min (47.2%) | T =     1.29 | Fitness =    122.8 | Mejor =    143.0 | Aceptación =  82.2%
2025-10-23 07:29:06,929 - INFO - Progreso iter 73000: T=1.29, Fitness=122.8, Mejor=143.0, Tasa_acept=82.2%
2025-10-23 07:29:06,932 - DEBUG - Iter 73000: T=1.29, Fitness_actual=122.8, Mejor=143.0
2025-10-23 07:29:20,422 - DEBUG - Iter 73100: T=1.28, Fitness_actual=128.5, Mejor=143.0
2025-10-23 07:29:33,992 - WARNING - ⚠️  DEGRADACIÓN DETECTADA en iter 73200:
2025-10-23 07:29:33,992 - WARNING -    Mejor fitness: 143.0
2025-10-23 07:29:33,993 - WARNING -    Fitness promedio reciente: 121.9
2025-10-23 07:29:33,993 - WARNING -    Degradación: 21.0
2025-10-23 07:29:33,993 - WARNING -    🔄 RESTAURANDO mejor solución...
2025-10-23 07:29:33,999 - DEBUG - Iter 73200: T=1.28, Fitness_actual=143.0, Mejor=143.0
2025-10-23 07:29:47,533 - DEBUG - Iter 73300: T=1.28, Fitness_actual=135.2, Mejor=143.0
2025-10-23 07:30:01,059 - DEBUG - Iter 73400: T=1.27, Fitness_actual=125.1, Mejor=143.0
2025-10-23 07:30:14,664 - INFO -   Iter 73500 | Tiempo:  114.5min (47.7%) | T =     1.27 | Fitness =    120.8 | Mejor =    143.0 | Aceptación =  82.1%
2025-10-23 07:30:14,664 - INFO - Progreso iter 73500: T=1.27, Fitness=120.8, Mejor=143.0, Tasa_acept=82.1%
2025-10-23 07:30:14,667 - DEBUG - Iter 73500: T=1.27, Fitness_actual=120.8, Mejor=143.0
2025-10-23 07:30:21,464 - WARNING - ⚠️  DEGRADACIÓN DETECTADA en iter 73550:
2025-10-23 07:30:21,464 - WARNING -    Mejor fitness: 143.0
2025-10-23 07:30:21,464 - WARNING -    Fitness promedio reciente: 118.1
2025-10-23 07:30:21,465 - WARNING -    Degradación: 24.9
2025-10-23 07:30:21,465 - WARNING -    🔄 RESTAURANDO mejor solución...
2025-10-23 07:30:21,601 - INFO - 🌟 MEJORA #289 en iter 73551: Fitness=143.0 (+0.0), Puntos=16045
2025-10-23 07:30:28,289 - DEBUG - Iter 73600: T=1.27, Fitness_actual=141.0, Mejor=143.0
2025-10-23 07:30:41,864 - DEBUG - Iter 73700: T=1.26, Fitness_actual=137.2, Mejor=143.0
2025-10-23 07:30:55,460 - DEBUG - Iter 73800: T=1.26, Fitness_actual=126.8, Mejor=143.0
2025-10-23 07:31:09,161 - DEBUG - Iter 73900: T=1.26, Fitness_actual=123.2, Mejor=143.0
2025-10-23 07:31:22,849 - INFO -   Iter 74000 | Tiempo:  115.6min (48.2%) | T =     1.26 | Fitness =    122.3 | Mejor =    143.0 | Aceptación =  82.1%
2025-10-23 07:31:22,849 - INFO - Progreso iter 74000: T=1.26, Fitness=122.3, Mejor=143.0, Tasa_acept=82.1%
2025-10-23 07:31:22,852 - DEBUG - Iter 74000: T=1.26, Fitness_actual=122.3, Mejor=143.0
2025-10-23 07:31:29,703 - WARNING - ⚠️  DEGRADACIÓN DETECTADA en iter 74050:
2025-10-23 07:31:29,703 - WARNING -    Mejor fitness: 143.0
2025-10-23 07:31:29,704 - WARNING -    Fitness promedio reciente: 119.2
2025-10-23 07:31:29,704 - WARNING -    Degradación: 23.8
2025-10-23 07:31:29,704 - WARNING -    🔄 RESTAURANDO mejor solución...
2025-10-23 07:31:36,566 - DEBUG - Iter 74100: T=1.25, Fitness_actual=140.0, Mejor=143.0
2025-10-23 07:31:50,188 - DEBUG - Iter 74200: T=1.25, Fitness_actual=132.6, Mejor=143.0
2025-10-23 07:32:03,851 - DEBUG - Iter 74300: T=1.25, Fitness_actual=126.5, Mejor=143.0
2025-10-23 07:32:17,557 - DEBUG - Iter 74400: T=1.24, Fitness_actual=127.3, Mejor=143.0
2025-10-23 07:32:31,208 - INFO -   Iter 74500 | Tiempo:  116.7min (48.6%) | T =     1.24 | Fitness =    119.8 | Mejor =    143.0 | Aceptación =  82.0%
2025-10-23 07:32:31,208 - INFO - Progreso iter 74500: T=1.24, Fitness=119.8, Mejor=143.0, Tasa_acept=82.0%
2025-10-23 07:32:31,209 - WARNING - ⚠️  DEGRADACIÓN DETECTADA en iter 74500:
2025-10-23 07:32:31,209 - WARNING -    Mejor fitness: 143.0
2025-10-23 07:32:31,209 - WARNING -    Fitness promedio reciente: 118.7
2025-10-23 07:32:31,209 - WARNING -    Degradación: 24.3
2025-10-23 07:32:31,210 - WARNING -    🔄 RESTAURANDO mejor solución...
2025-10-23 07:32:31,211 - DEBUG - Iter 74500: T=1.24, Fitness_actual=143.0, Mejor=143.0
2025-10-23 07:32:31,348 - INFO - 🌟 MEJORA #290 en iter 74501: Fitness=143.0 (+0.0), Puntos=16045
2025-10-23 07:32:31,348 - INFO -   ✨ Mejora #290 en iteración 74502: Fitness = 143.0 | Puntos = 16045 | T = 1.24
2025-10-23 07:32:44,906 - DEBUG - Iter 74600: T=1.24, Fitness_actual=132.3, Mejor=143.0
2025-10-23 07:32:58,649 - DEBUG - Iter 74700: T=1.23, Fitness_actual=129.8, Mejor=143.0
2025-10-23 07:33:12,416 - DEBUG - Iter 74800: T=1.23, Fitness_actual=124.3, Mejor=143.0
2025-10-23 07:33:26,192 - DEBUG - Iter 74900: T=1.23, Fitness_actual=124.5, Mejor=143.0
2025-10-23 07:33:39,944 - INFO -   Iter 75000 | Tiempo:  117.9min (49.1%) | T =     1.22 | Fitness =    119.5 | Mejor =    143.0 | Aceptación =  82.0%
2025-10-23 07:33:39,944 - INFO - Progreso iter 75000: T=1.22, Fitness=119.5, Mejor=143.0, Tasa_acept=82.0%
2025-10-23 07:33:39,945 - WARNING - ⚠️  DEGRADACIÓN DETECTADA en iter 75000:
2025-10-23 07:33:39,945 - WARNING -    Mejor fitness: 143.0
2025-10-23 07:33:39,945 - WARNING -    Fitness promedio reciente: 120.8
2025-10-23 07:33:39,946 - WARNING -    Degradación: 22.2
2025-10-23 07:33:39,946 - WARNING -    🔄 RESTAURANDO mejor solución...
2025-10-23 07:33:39,951 - DEBUG - Iter 75000: T=1.22, Fitness_actual=143.0, Mejor=143.0
2025-10-23 07:33:44,780 - INFO - 🌟 MEJORA #291 en iter 75035: Fitness=143.7 (+0.7), Puntos=16015
2025-10-23 07:33:53,748 - DEBUG - Iter 75100: T=1.22, Fitness_actual=140.5, Mejor=143.7
2025-10-23 07:34:07,551 - DEBUG - Iter 75200: T=1.22, Fitness_actual=133.4, Mejor=143.7
2025-10-23 07:34:21,352 - DEBUG - Iter 75300: T=1.21, Fitness_actual=127.6, Mejor=143.7
2025-10-23 07:34:35,149 - DEBUG - Iter 75400: T=1.21, Fitness_actual=124.2, Mejor=143.7
2025-10-23 07:34:48,973 - INFO -   Iter 75500 | Tiempo:  119.0min (49.6%) | T =     1.21 | Fitness =    122.8 | Mejor =    143.7 | Aceptación =  82.0%
2025-10-23 07:34:48,973 - INFO - Progreso iter 75500: T=1.21, Fitness=122.8, Mejor=143.7, Tasa_acept=82.0%
2025-10-23 07:34:48,974 - WARNING - ⚠️  DEGRADACIÓN DETECTADA en iter 75500:
2025-10-23 07:34:48,974 - WARNING -    Mejor fitness: 143.7
2025-10-23 07:34:48,975 - WARNING -    Fitness promedio reciente: 123.2
2025-10-23 07:34:48,975 - WARNING -    Degradación: 20.4
2025-10-23 07:34:48,975 - WARNING -    🔄 RESTAURANDO mejor solución...
2025-10-23 07:34:48,977 - DEBUG - Iter 75500: T=1.21, Fitness_actual=143.7, Mejor=143.7
2025-10-23 07:34:48,977 - INFO - 🌟 MEJORA #292 en iter 75500: Fitness=143.7 (+0.0), Puntos=16016
2025-10-23 07:34:49,388 - INFO - 🌟 MEJORA #293 en iter 75503: Fitness=143.7 (+0.0), Puntos=16019
2025-10-23 07:34:49,804 - INFO - 🌟 MEJORA #294 en iter 75506: Fitness=143.7 (+0.0), Puntos=16019
2025-10-23 07:34:50,499 - INFO - 🌟 MEJORA #295 en iter 75511: Fitness=143.7 (+0.0), Puntos=16019
2025-10-23 07:34:50,500 - INFO -   ✨ Mejora #295 en iteración 75512: Fitness = 143.7 | Puntos = 16019 | T = 1.21
2025-10-23 07:34:50,910 - INFO - 🌟 MEJORA #296 en iter 75514: Fitness=143.7 (+0.0), Puntos=16023
2025-10-23 07:35:02,804 - DEBUG - Iter 75600: T=1.20, Fitness_actual=136.4, Mejor=143.7
2025-10-23 07:35:16,639 - DEBUG - Iter 75700: T=1.20, Fitness_actual=127.7, Mejor=143.7
2025-10-23 07:35:30,511 - DEBUG - Iter 75800: T=1.20, Fitness_actual=126.8, Mejor=143.7
2025-10-23 07:35:44,363 - DEBUG - Iter 75900: T=1.19, Fitness_actual=123.1, Mejor=143.7
2025-10-23 07:35:58,178 - INFO -   Iter 76000 | Tiempo:  120.2min (50.1%) | T =     1.19 | Fitness =    127.8 | Mejor =    143.7 | Aceptación =  82.0%
2025-10-23 07:35:58,178 - INFO - Progreso iter 76000: T=1.19, Fitness=127.8, Mejor=143.7, Tasa_acept=82.0%
2025-10-23 07:35:58,181 - DEBUG - Iter 76000: T=1.19, Fitness_actual=127.8, Mejor=143.7
2025-10-23 07:36:12,179 - WARNING - ⚠️  DEGRADACIÓN DETECTADA en iter 76100:
2025-10-23 07:36:12,180 - WARNING -    Mejor fitness: 143.7
2025-10-23 07:36:12,180 - WARNING -    Fitness promedio reciente: 123.5
2025-10-23 07:36:12,181 - WARNING -    Degradación: 20.2
2025-10-23 07:36:12,181 - WARNING -    🔄 RESTAURANDO mejor solución...
2025-10-23 07:36:12,182 - DEBUG - Iter 76100: T=1.19, Fitness_actual=143.7, Mejor=143.7
2025-10-23 07:36:13,288 - INFO - 🌟 MEJORA #297 en iter 76108: Fitness=143.7 (+0.0), Puntos=16025
2025-10-23 07:36:26,028 - DEBUG - Iter 76200: T=1.18, Fitness_actual=138.6, Mejor=143.7
2025-10-23 07:36:39,987 - DEBUG - Iter 76300: T=1.18, Fitness_actual=137.8, Mejor=143.7
2025-10-23 07:36:53,935 - DEBUG - Iter 76400: T=1.18, Fitness_actual=136.1, Mejor=143.7
2025-10-23 07:37:08,006 - INFO -   Iter 76500 | Tiempo:  121.4min (50.6%) | T =     1.17 | Fitness =    134.2 | Mejor =    143.7 | Aceptación =  81.9%
2025-10-23 07:37:08,006 - INFO - Progreso iter 76500: T=1.17, Fitness=134.2, Mejor=143.7, Tasa_acept=81.9%
2025-10-23 07:37:08,009 - DEBUG - Iter 76500: T=1.17, Fitness_actual=134.2, Mejor=143.7
2025-10-23 07:37:21,939 - DEBUG - Iter 76600: T=1.17, Fitness_actual=133.6, Mejor=143.7
2025-10-23 07:37:35,884 - DEBUG - Iter 76700: T=1.17, Fitness_actual=132.5, Mejor=143.7
2025-10-23 07:37:49,847 - DEBUG - Iter 76800: T=1.17, Fitness_actual=128.6, Mejor=143.7
2025-10-23 07:38:03,826 - DEBUG - Iter 76900: T=1.16, Fitness_actual=126.3, Mejor=143.7
2025-10-23 07:38:17,822 - INFO -   Iter 77000 | Tiempo:  122.5min (51.1%) | T =     1.16 | Fitness =    124.1 | Mejor =    143.7 | Aceptación =  81.9%
2025-10-23 07:38:17,822 - INFO - Progreso iter 77000: T=1.16, Fitness=124.1, Mejor=143.7, Tasa_acept=81.9%
2025-10-23 07:38:17,825 - DEBUG - Iter 77000: T=1.16, Fitness_actual=124.1, Mejor=143.7
2025-10-23 07:38:31,792 - DEBUG - Iter 77100: T=1.16, Fitness_actual=123.8, Mejor=143.7
2025-10-23 07:38:38,775 - WARNING - ⚠️  DEGRADACIÓN DETECTADA en iter 77150:
2025-10-23 07:38:38,775 - WARNING -    Mejor fitness: 143.7
2025-10-23 07:38:38,776 - WARNING -    Fitness promedio reciente: 122.5
2025-10-23 07:38:38,776 - WARNING -    Degradación: 21.3
2025-10-23 07:38:38,776 - WARNING -    🔄 RESTAURANDO mejor solución...
2025-10-23 07:38:45,799 - DEBUG - Iter 77200: T=1.15, Fitness_actual=136.9, Mejor=143.7
2025-10-23 07:38:59,860 - DEBUG - Iter 77300: T=1.15, Fitness_actual=133.5, Mejor=143.7
2025-10-23 07:39:13,871 - DEBUG - Iter 77400: T=1.15, Fitness_actual=128.0, Mejor=143.7
2025-10-23 07:39:27,895 - INFO -   Iter 77500 | Tiempo:  123.7min (51.5%) | T =     1.14 | Fitness =    128.0 | Mejor =    143.7 | Aceptación =  81.8%
2025-10-23 07:39:27,895 - INFO - Progreso iter 77500: T=1.14, Fitness=128.0, Mejor=143.7, Tasa_acept=81.8%
2025-10-23 07:39:27,897 - DEBUG - Iter 77500: T=1.14, Fitness_actual=128.0, Mejor=143.7
2025-10-23 07:39:41,988 - WARNING - ⚠️  DEGRADACIÓN DETECTADA en iter 77600:
2025-10-23 07:39:41,988 - WARNING -    Mejor fitness: 143.7
2025-10-23 07:39:41,989 - WARNING -    Fitness promedio reciente: 123.4
2025-10-23 07:39:41,989 - WARNING -    Degradación: 20.3
2025-10-23 07:39:41,990 - WARNING -    🔄 RESTAURANDO mejor solución...
2025-10-23 07:39:41,991 - DEBUG - Iter 77600: T=1.14, Fitness_actual=143.7, Mejor=143.7
2025-10-23 07:39:56,062 - DEBUG - Iter 77700: T=1.14, Fitness_actual=134.4, Mejor=143.7
2025-10-23 07:40:10,109 - DEBUG - Iter 77800: T=1.13, Fitness_actual=127.7, Mejor=143.7
2025-10-23 07:40:24,144 - DEBUG - Iter 77900: T=1.13, Fitness_actual=126.3, Mejor=143.7
2025-10-23 07:40:38,218 - INFO -   Iter 78000 | Tiempo:  124.9min (52.0%) | T =     1.13 | Fitness =    129.3 | Mejor =    143.7 | Aceptación =  81.8%
2025-10-23 07:40:38,219 - INFO - Progreso iter 78000: T=1.13, Fitness=129.3, Mejor=143.7, Tasa_acept=81.8%
2025-10-23 07:40:38,219 - WARNING - ⚠️  DEGRADACIÓN DETECTADA en iter 78000:
2025-10-23 07:40:38,220 - WARNING -    Mejor fitness: 143.7
2025-10-23 07:40:38,220 - WARNING -    Fitness promedio reciente: 123.6
2025-10-23 07:40:38,220 - WARNING -    Degradación: 20.1
2025-10-23 07:40:38,221 - WARNING -    🔄 RESTAURANDO mejor solución...
2025-10-23 07:40:38,222 - DEBUG - Iter 78000: T=1.13, Fitness_actual=143.7, Mejor=143.7
2025-10-23 07:40:52,392 - DEBUG - Iter 78100: T=1.13, Fitness_actual=140.0, Mejor=143.7
2025-10-23 07:41:02,890 - WARNING - ================================================================================
2025-10-23 07:41:02,890 - WARNING - ⚠️  SALTO ANORMAL DETECTADO en iteración 78174
2025-10-23 07:41:02,891 - WARNING -    Fitness actual: 136.6
2025-10-23 07:41:02,891 - WARNING -    Fitness vecino: 104.2
2025-10-23 07:41:02,891 - WARNING -    Delta: -32.4
2025-10-23 07:41:02,892 - WARNING -    Temperatura: 1.12
2025-10-23 07:41:02,892 - WARNING -    Tipo perturbación aplicada: (ver generar_vecino)
2025-10-23 07:41:02,892 - WARNING -    Vecino - Puntos: 15403, Tiempo: 15953.9min, Distancia: 295.3km
2025-10-23 07:41:02,893 - WARNING -    Actual - Puntos: 15919, Tiempo: 15096.1min, Distancia: 190.1km
2025-10-23 07:41:02,893 - WARNING -    Validez restricciones - Vecino: False, Actual: False
2025-10-23 07:41:02,893 - WARNING - ================================================================================
2025-10-23 07:41:02,893 - WARNING - ⚠️  SALTO ANORMAL DETECTADO en iteración 78174
2025-10-23 07:41:02,894 - WARNING -    Fitness: 136.6 → 104.2 (Δ=-32.4)
2025-10-23 07:41:02,894 - WARNING -    Ver detalles en archivo de log
2025-10-23 07:41:06,597 - DEBUG - Iter 78200: T=1.12, Fitness_actual=136.6, Mejor=143.7
2025-10-23 07:41:20,817 - DEBUG - Iter 78300: T=1.12, Fitness_actual=133.5, Mejor=143.7
2025-10-23 07:41:34,995 - DEBUG - Iter 78400: T=1.12, Fitness_actual=131.1, Mejor=143.7
2025-10-23 07:41:49,192 - INFO -   Iter 78500 | Tiempo:  126.0min (52.5%) | T =     1.11 | Fitness =    132.5 | Mejor =    143.7 | Aceptación =  81.7%
2025-10-23 07:41:49,192 - INFO - Progreso iter 78500: T=1.11, Fitness=132.5, Mejor=143.7, Tasa_acept=81.7%
2025-10-23 07:41:49,197 - DEBUG - Iter 78500: T=1.11, Fitness_actual=132.5, Mejor=143.7
2025-10-23 07:42:03,431 - DEBUG - Iter 78600: T=1.11, Fitness_actual=126.1, Mejor=143.7
2025-10-23 07:42:17,683 - DEBUG - Iter 78700: T=1.11, Fitness_actual=128.2, Mejor=143.7
2025-10-23 07:42:19,245 - WARNING - ================================================================================
2025-10-23 07:42:19,245 - WARNING - ⚠️  SALTO ANORMAL DETECTADO en iteración 78711
2025-10-23 07:42:19,246 - WARNING -    Fitness actual: 130.8
2025-10-23 07:42:19,246 - WARNING -    Fitness vecino: 109.4
2025-10-23 07:42:19,247 - WARNING -    Delta: -21.3
2025-10-23 07:42:19,247 - WARNING -    Temperatura: 1.11
2025-10-23 07:42:19,247 - WARNING -    Tipo perturbación aplicada: (ver generar_vecino)
2025-10-23 07:42:19,247 - WARNING -    Vecino - Puntos: 15289, Tiempo: 14715.5min, Distancia: 237.5km
2025-10-23 07:42:19,247 - WARNING -    Actual - Puntos: 15333, Tiempo: 14303.2min, Distancia: 186.5km
2025-10-23 07:42:19,248 - WARNING -    Validez restricciones - Vecino: False, Actual: False
2025-10-23 07:42:19,248 - WARNING - ================================================================================
2025-10-23 07:42:19,248 - WARNING - ⚠️  SALTO ANORMAL DETECTADO en iteración 78711
2025-10-23 07:42:19,249 - WARNING -    Fitness: 130.8 → 109.4 (Δ=-21.3)
2025-10-23 07:42:19,249 - WARNING -    Ver detalles en archivo de log
2025-10-23 07:42:31,897 - DEBUG - Iter 78800: T=1.10, Fitness_actual=128.1, Mejor=143.7
2025-10-23 07:42:46,123 - DEBUG - Iter 78900: T=1.10, Fitness_actual=121.5, Mejor=143.7
2025-10-23 07:42:53,217 - WARNING - ⚠️  DEGRADACIÓN DETECTADA en iter 78950:
2025-10-23 07:42:53,218 - WARNING -    Mejor fitness: 143.7
2025-10-23 07:42:53,218 - WARNING -    Fitness promedio reciente: 118.4
2025-10-23 07:42:53,219 - WARNING -    Degradación: 25.3
2025-10-23 07:42:53,219 - WARNING -    🔄 RESTAURANDO mejor solución...
2025-10-23 07:42:53,220 - INFO - 🌟 MEJORA #298 en iter 78950: Fitness=143.7 (+0.0), Puntos=16026
2025-10-23 07:42:53,362 - INFO - 🌟 MEJORA #299 en iter 78951: Fitness=143.7 (+0.0), Puntos=16026
2025-10-23 07:42:53,791 - INFO - 🌟 MEJORA #300 en iter 78954: Fitness=143.8 (+0.1), Puntos=16036
2025-10-23 07:42:53,791 - INFO -   ✨ Mejora #300 en iteración 78955: Fitness = 143.8 | Puntos = 16036 | T = 1.10
2025-10-23 07:43:00,344 - INFO -   Iter 79000 | Tiempo:  127.2min (53.0%) | T =     1.10 | Fitness =    139.8 | Mejor =    143.8 | Aceptación =  81.6%
2025-10-23 07:43:00,344 - INFO - Progreso iter 79000: T=1.10, Fitness=139.8, Mejor=143.8, Tasa_acept=81.6%
2025-10-23 07:43:00,346 - DEBUG - Iter 79000: T=1.10, Fitness_actual=139.8, Mejor=143.8
2025-10-23 07:43:14,632 - DEBUG - Iter 79100: T=1.10, Fitness_actual=128.1, Mejor=143.8
2025-10-23 07:43:16,505 - WARNING - ================================================================================
2025-10-23 07:43:16,506 - WARNING - ⚠️  SALTO ANORMAL DETECTADO en iteración 79113
2025-10-23 07:43:16,506 - WARNING -    Fitness actual: 128.1
2025-10-23 07:43:16,507 - WARNING -    Fitness vecino: 107.0
2025-10-23 07:43:16,507 - WARNING -    Delta: -21.1
2025-10-23 07:43:16,507 - WARNING -    Temperatura: 1.10
2025-10-23 07:43:16,507 - WARNING -    Tipo perturbación aplicada: (ver generar_vecino)
2025-10-23 07:43:16,508 - WARNING -    Vecino - Puntos: 14888, Tiempo: 14954.3min, Distancia: 231.2km
2025-10-23 07:43:16,508 - WARNING -    Actual - Puntos: 15782, Tiempo: 14977.3min, Distancia: 183.9km
2025-10-23 07:43:16,508 - WARNING -    Validez restricciones - Vecino: False, Actual: False
2025-10-23 07:43:16,508 - WARNING - ================================================================================
2025-10-23 07:43:16,509 - WARNING - ⚠️  SALTO ANORMAL DETECTADO en iteración 79113
2025-10-23 07:43:16,509 - WARNING -    Fitness: 128.1 → 107.0 (Δ=-21.1)
2025-10-23 07:43:16,509 - WARNING -    Ver detalles en archivo de log
2025-10-23 07:43:20,540 - WARNING - ================================================================================
2025-10-23 07:43:20,541 - WARNING - ⚠️  SALTO ANORMAL DETECTADO en iteración 79141
2025-10-23 07:43:20,541 - WARNING -    Fitness actual: 128.1
2025-10-23 07:43:20,542 - WARNING -    Fitness vecino: 107.3
2025-10-23 07:43:20,542 - WARNING -    Delta: -20.8
2025-10-23 07:43:20,542 - WARNING -    Temperatura: 1.09
2025-10-23 07:43:20,542 - WARNING -    Tipo perturbación aplicada: (ver generar_vecino)
2025-10-23 07:43:20,543 - WARNING -    Vecino - Puntos: 15319, Tiempo: 15706.2min, Distancia: 231.8km
2025-10-23 07:43:20,543 - WARNING -    Actual - Puntos: 15782, Tiempo: 14977.3min, Distancia: 183.9km
2025-10-23 07:43:20,543 - WARNING -    Validez restricciones - Vecino: False, Actual: False
2025-10-23 07:43:20,543 - WARNING - ================================================================================
2025-10-23 07:43:20,543 - WARNING - ⚠️  SALTO ANORMAL DETECTADO en iteración 79141
2025-10-23 07:43:20,544 - WARNING -    Fitness: 128.1 → 107.3 (Δ=-20.8)
2025-10-23 07:43:20,544 - WARNING -    Ver detalles en archivo de log
2025-10-23 07:43:22,980 - WARNING - ================================================================================
2025-10-23 07:43:22,981 - WARNING - ⚠️  SALTO ANORMAL DETECTADO en iteración 79158
2025-10-23 07:43:22,981 - WARNING -    Fitness actual: 128.1
2025-10-23 07:43:22,982 - WARNING -    Fitness vecino: 107.7
2025-10-23 07:43:22,982 - WARNING -    Delta: -20.4
2025-10-23 07:43:22,982 - WARNING -    Temperatura: 1.09
2025-10-23 07:43:22,982 - WARNING -    Tipo perturbación aplicada: (ver generar_vecino)
2025-10-23 07:43:22,982 - WARNING -    Vecino - Puntos: 15270, Tiempo: 15671.4min, Distancia: 253.9km
2025-10-23 07:43:22,983 - WARNING -    Actual - Puntos: 15782, Tiempo: 14977.3min, Distancia: 183.9km
2025-10-23 07:43:22,983 - WARNING -    Validez restricciones - Vecino: False, Actual: False
2025-10-23 07:43:22,983 - WARNING - ================================================================================
2025-10-23 07:43:22,984 - WARNING - ⚠️  SALTO ANORMAL DETECTADO en iteración 79158
2025-10-23 07:43:22,984 - WARNING -    Fitness: 128.1 → 107.7 (Δ=-20.4)
2025-10-23 07:43:22,984 - WARNING -    Ver detalles en archivo de log
2025-10-23 07:43:28,154 - WARNING - ================================================================================
2025-10-23 07:43:28,154 - WARNING - ⚠️  SALTO ANORMAL DETECTADO en iteración 79194
2025-10-23 07:43:28,155 - WARNING -    Fitness actual: 128.1
2025-10-23 07:43:28,155 - WARNING -    Fitness vecino: 105.7
2025-10-23 07:43:28,155 - WARNING -    Delta: -22.4
2025-10-23 07:43:28,156 - WARNING -    Temperatura: 1.09
2025-10-23 07:43:28,156 - WARNING -    Tipo perturbación aplicada: (ver generar_vecino)
2025-10-23 07:43:28,156 - WARNING -    Vecino - Puntos: 14957, Tiempo: 14985.9min, Distancia: 232.2km
2025-10-23 07:43:28,156 - WARNING -    Actual - Puntos: 15782, Tiempo: 14977.3min, Distancia: 183.9km
2025-10-23 07:43:28,156 - WARNING -    Validez restricciones - Vecino: False, Actual: False
2025-10-23 07:43:28,156 - WARNING - ================================================================================
2025-10-23 07:43:28,157 - WARNING - ⚠️  SALTO ANORMAL DETECTADO en iteración 79194
2025-10-23 07:43:28,157 - WARNING -    Fitness: 128.1 → 105.7 (Δ=-22.4)
2025-10-23 07:43:28,157 - WARNING -    Ver detalles en archivo de log
2025-10-23 07:43:29,021 - DEBUG - Iter 79200: T=1.09, Fitness_actual=128.1, Mejor=143.8
2025-10-23 07:43:43,331 - DEBUG - Iter 79300: T=1.09, Fitness_actual=132.7, Mejor=143.8
2025-10-23 07:43:57,695 - DEBUG - Iter 79400: T=1.09, Fitness_actual=129.8, Mejor=143.8
2025-10-23 07:44:12,038 - INFO -   Iter 79500 | Tiempo:  128.4min (53.5%) | T =     1.08 | Fitness =    126.6 | Mejor =    143.8 | Aceptación =  81.5%
2025-10-23 07:44:12,039 - INFO - Progreso iter 79500: T=1.08, Fitness=126.6, Mejor=143.8, Tasa_acept=81.5%
2025-10-23 07:44:12,041 - DEBUG - Iter 79500: T=1.08, Fitness_actual=126.6, Mejor=143.8
2025-10-23 07:44:26,398 - DEBUG - Iter 79600: T=1.08, Fitness_actual=126.9, Mejor=143.8
2025-10-23 07:44:40,746 - DEBUG - Iter 79700: T=1.08, Fitness_actual=124.5, Mejor=143.8
2025-10-23 07:44:55,105 - WARNING - ⚠️  DEGRADACIÓN DETECTADA en iter 79800:
2025-10-23 07:44:55,105 - WARNING -    Mejor fitness: 143.8
2025-10-23 07:44:55,106 - WARNING -    Fitness promedio reciente: 122.1
2025-10-23 07:44:55,106 - WARNING -    Degradación: 21.8
2025-10-23 07:44:55,106 - WARNING -    🔄 RESTAURANDO mejor solución...
2025-10-23 07:44:55,111 - DEBUG - Iter 79800: T=1.08, Fitness_actual=143.8, Mejor=143.8
2025-10-23 07:45:09,484 - DEBUG - Iter 79900: T=1.07, Fitness_actual=141.0, Mejor=143.8
2025-10-23 07:45:23,853 - INFO -   Iter 80000 | Tiempo:  129.6min (54.0%) | T =     1.07 | Fitness =    137.9 | Mejor =    143.8 | Aceptación =  81.4%
2025-10-23 07:45:23,854 - INFO - Progreso iter 80000: T=1.07, Fitness=137.9, Mejor=143.8, Tasa_acept=81.4%
2025-10-23 07:45:23,858 - DEBUG - Iter 80000: T=1.07, Fitness_actual=137.9, Mejor=143.8
2025-10-23 07:45:38,229 - DEBUG - Iter 80100: T=1.07, Fitness_actual=137.1, Mejor=143.8
2025-10-23 07:45:52,622 - DEBUG - Iter 80200: T=1.06, Fitness_actual=133.0, Mejor=143.8
2025-10-23 07:46:07,070 - DEBUG - Iter 80300: T=1.06, Fitness_actual=126.1, Mejor=143.8
2025-10-23 07:46:21,525 - DEBUG - Iter 80400: T=1.06, Fitness_actual=128.9, Mejor=143.8
2025-10-23 07:46:35,898 - INFO -   Iter 80500 | Tiempo:  130.8min (54.5%) | T =     1.05 | Fitness =    123.3 | Mejor =    143.8 | Aceptación =  81.3%
2025-10-23 07:46:35,898 - INFO - Progreso iter 80500: T=1.05, Fitness=123.3, Mejor=143.8, Tasa_acept=81.3%
2025-10-23 07:46:35,899 - WARNING - ⚠️  DEGRADACIÓN DETECTADA en iter 80500:
2025-10-23 07:46:35,899 - WARNING -    Mejor fitness: 143.8
2025-10-23 07:46:35,899 - WARNING -    Fitness promedio reciente: 122.0
2025-10-23 07:46:35,899 - WARNING -    Degradación: 21.8
2025-10-23 07:46:35,900 - WARNING -    🔄 RESTAURANDO mejor solución...
2025-10-23 07:46:35,905 - DEBUG - Iter 80500: T=1.05, Fitness_actual=143.8, Mejor=143.8
2025-10-23 07:46:36,049 - INFO - 🌟 MEJORA #301 en iter 80501: Fitness=143.8 (+0.0), Puntos=16036
2025-10-23 07:46:36,194 - INFO - 🌟 MEJORA #302 en iter 80502: Fitness=143.8 (+0.0), Puntos=16036
2025-10-23 07:46:36,480 - INFO - 🌟 MEJORA #303 en iter 80504: Fitness=143.8 (+0.0), Puntos=16036
2025-10-23 07:46:37,060 - INFO - 🌟 MEJORA #304 en iter 80508: Fitness=143.9 (+0.0), Puntos=16038
2025-10-23 07:46:37,205 - INFO - 🌟 MEJORA #305 en iter 80509: Fitness=143.9 (+0.0), Puntos=16038
2025-10-23 07:46:37,205 - INFO -   ✨ Mejora #305 en iteración 80510: Fitness = 143.9 | Puntos = 16038 | T = 1.05
2025-10-23 07:46:37,494 - INFO - 🌟 MEJORA #306 en iter 80511: Fitness=143.9 (+0.0), Puntos=16038
2025-10-23 07:46:50,506 - DEBUG - Iter 80600: T=1.05, Fitness_actual=138.5, Mejor=143.9
2025-10-23 07:47:05,365 - DEBUG - Iter 80700: T=1.05, Fitness_actual=132.6, Mejor=143.9
2025-10-23 07:47:20,191 - DEBUG - Iter 80800: T=1.05, Fitness_actual=129.4, Mejor=143.9
2025-10-23 07:47:35,025 - DEBUG - Iter 80900: T=1.04, Fitness_actual=125.8, Mejor=143.9
2025-10-23 07:47:42,429 - WARNING - ⚠️  DEGRADACIÓN DETECTADA en iter 80950:
2025-10-23 07:47:42,429 - WARNING -    Mejor fitness: 143.9
2025-10-23 07:47:42,430 - WARNING -    Fitness promedio reciente: 122.0
2025-10-23 07:47:42,430 - WARNING -    Degradación: 21.8
2025-10-23 07:47:42,431 - WARNING -    🔄 RESTAURANDO mejor solución...
2025-10-23 07:47:42,581 - INFO - 🌟 MEJORA #307 en iter 80951: Fitness=143.9 (+0.0), Puntos=16039
2025-10-23 07:47:49,976 - INFO -   Iter 81000 | Tiempo:  132.1min (55.0%) | T =     1.04 | Fitness =    138.2 | Mejor =    143.9 | Aceptación =  81.3%
2025-10-23 07:47:49,976 - INFO - Progreso iter 81000: T=1.04, Fitness=138.2, Mejor=143.9, Tasa_acept=81.3%
2025-10-23 07:47:49,982 - DEBUG - Iter 81000: T=1.04, Fitness_actual=138.2, Mejor=143.9
2025-10-23 07:48:05,116 - DEBUG - Iter 81100: T=1.04, Fitness_actual=129.4, Mejor=143.9
2025-10-23 07:48:20,299 - DEBUG - Iter 81200: T=1.03, Fitness_actual=126.7, Mejor=143.9
2025-10-23 07:48:35,493 - DEBUG - Iter 81300: T=1.03, Fitness_actual=128.2, Mejor=143.9
2025-10-23 07:48:50,671 - DEBUG - Iter 81400: T=1.03, Fitness_actual=126.5, Mejor=143.9
2025-10-23 07:48:58,296 - WARNING - ⚠️  DEGRADACIÓN DETECTADA en iter 81450:
2025-10-23 07:48:58,296 - WARNING -    Mejor fitness: 143.9
2025-10-23 07:48:58,296 - WARNING -    Fitness promedio reciente: 121.9
2025-10-23 07:48:58,297 - WARNING -    Degradación: 21.9
2025-10-23 07:48:58,297 - WARNING -    🔄 RESTAURANDO mejor solución...
2025-10-23 07:48:58,298 - INFO - 🌟 MEJORA #308 en iter 81450: Fitness=143.9 (+0.0), Puntos=16039
2025-10-23 07:49:05,938 - INFO -   Iter 81500 | Tiempo:  133.3min (55.6%) | T =     1.03 | Fitness =    139.7 | Mejor =    143.9 | Aceptación =  81.2%
2025-10-23 07:49:05,938 - INFO - Progreso iter 81500: T=1.03, Fitness=139.7, Mejor=143.9, Tasa_acept=81.2%
2025-10-23 07:49:05,940 - DEBUG - Iter 81500: T=1.03, Fitness_actual=139.7, Mejor=143.9
2025-10-23 07:49:21,153 - DEBUG - Iter 81600: T=1.02, Fitness_actual=132.0, Mejor=143.9
2025-10-23 07:49:36,397 - DEBUG - Iter 81700: T=1.02, Fitness_actual=128.8, Mejor=143.9
2025-10-23 07:49:51,712 - WARNING - ⚠️  DEGRADACIÓN DETECTADA en iter 81800:
2025-10-23 07:49:51,712 - WARNING -    Mejor fitness: 143.9
2025-10-23 07:49:51,712 - WARNING -    Fitness promedio reciente: 121.5
2025-10-23 07:49:51,713 - WARNING -    Degradación: 22.4
2025-10-23 07:49:51,713 - WARNING -    🔄 RESTAURANDO mejor solución...
2025-10-23 07:49:51,719 - DEBUG - Iter 81800: T=1.02, Fitness_actual=143.9, Mejor=143.9
2025-10-23 07:50:06,676 - DEBUG - Iter 81900: T=1.01, Fitness_actual=137.4, Mejor=143.9
2025-10-23 07:50:21,548 - INFO -   Iter 82000 | Tiempo:  134.6min (56.1%) | T =     1.01 | Fitness =    133.3 | Mejor =    143.9 | Aceptación =  81.1%
2025-10-23 07:50:21,548 - INFO - Progreso iter 82000: T=1.01, Fitness=133.3, Mejor=143.9, Tasa_acept=81.1%
2025-10-23 07:50:21,550 - DEBUG - Iter 82000: T=1.01, Fitness_actual=133.3, Mejor=143.9
2025-10-23 07:50:36,402 - DEBUG - Iter 82100: T=1.01, Fitness_actual=130.5, Mejor=143.9
2025-10-23 07:50:51,275 - DEBUG - Iter 82200: T=1.01, Fitness_actual=129.4, Mejor=143.9
2025-10-23 07:51:06,221 - DEBUG - Iter 82300: T=1.00, Fitness_actual=125.7, Mejor=143.9
2025-10-23 07:51:13,793 - WARNING - ⚠️  DEGRADACIÓN DETECTADA en iter 82350:
2025-10-23 07:51:13,794 - WARNING -    Mejor fitness: 143.9
2025-10-23 07:51:13,794 - WARNING -    Fitness promedio reciente: 123.7
2025-10-23 07:51:13,795 - WARNING -    Degradación: 20.2
2025-10-23 07:51:13,795 - WARNING -    🔄 RESTAURANDO mejor solución...
2025-10-23 07:51:20,497 - INFO - 🌟 MEJORA #309 en iter 82395: Fitness=143.9 (+0.0), Puntos=16041
2025-10-23 07:51:20,646 - INFO - 🌟 MEJORA #310 en iter 82396: Fitness=143.9 (+0.0), Puntos=16041
2025-10-23 07:51:20,646 - INFO -   ✨ Mejora #310 en iteración 82397: Fitness = 143.9 | Puntos = 16041 | T = 1.00
2025-10-23 07:51:21,245 - DEBUG - Iter 82400: T=1.00, Fitness_actual=143.6, Mejor=143.9
2025-10-23 07:51:36,213 - INFO -   Iter 82500 | Tiempo:  135.8min (56.6%) | T =     1.00 | Fitness =    140.8 | Mejor =    143.9 | Aceptación =  81.0%
2025-10-23 07:51:36,213 - INFO - Progreso iter 82500: T=1.00, Fitness=140.8, Mejor=143.9, Tasa_acept=81.0%
2025-10-23 07:51:36,215 - DEBUG - Iter 82500: T=1.00, Fitness_actual=140.8, Mejor=143.9
2025-10-23 07:51:51,125 - DEBUG - Iter 82600: T=0.99, Fitness_actual=137.0, Mejor=143.9
2025-10-23 07:52:06,092 - DEBUG - Iter 82700: T=0.99, Fitness_actual=130.9, Mejor=143.9
2025-10-23 07:52:20,966 - DEBUG - Iter 82800: T=0.99, Fitness_actual=128.8, Mejor=143.9
2025-10-23 07:52:35,858 - DEBUG - Iter 82900: T=0.99, Fitness_actual=128.8, Mejor=143.9
2025-10-23 07:52:50,732 - INFO -   Iter 83000 | Tiempo:  137.1min (57.1%) | T =     0.98 | Fitness =    126.6 | Mejor =    143.9 | Aceptación =  81.0%
2025-10-23 07:52:50,732 - INFO - Progreso iter 83000: T=0.98, Fitness=126.6, Mejor=143.9, Tasa_acept=81.0%
2025-10-23 07:52:50,734 - DEBUG - Iter 83000: T=0.98, Fitness_actual=126.6, Mejor=143.9
2025-10-23 07:53:05,690 - WARNING - ⚠️  DEGRADACIÓN DETECTADA en iter 83100:
2025-10-23 07:53:05,690 - WARNING -    Mejor fitness: 143.9
2025-10-23 07:53:05,691 - WARNING -    Fitness promedio reciente: 123.1
2025-10-23 07:53:05,692 - WARNING -    Degradación: 20.8
2025-10-23 07:53:05,692 - WARNING -    🔄 RESTAURANDO mejor solución...
2025-10-23 07:53:05,694 - DEBUG - Iter 83100: T=0.98, Fitness_actual=143.9, Mejor=143.9
2025-10-23 07:53:05,694 - INFO - 🌟 MEJORA #311 en iter 83100: Fitness=143.9 (+0.0), Puntos=16041
2025-10-23 07:53:05,844 - INFO - 🌟 MEJORA #312 en iter 83101: Fitness=143.9 (+0.0), Puntos=16044
2025-10-23 07:53:20,670 - DEBUG - Iter 83200: T=0.98, Fitness_actual=139.2, Mejor=143.9
2025-10-23 07:53:35,617 - DEBUG - Iter 83300: T=0.98, Fitness_actual=136.8, Mejor=143.9
2025-10-23 07:53:50,586 - DEBUG - Iter 83400: T=0.97, Fitness_actual=129.3, Mejor=143.9
2025-10-23 07:54:05,554 - INFO -   Iter 83500 | Tiempo:  138.3min (57.6%) | T =     0.97 | Fitness =    120.7 | Mejor =    143.9 | Aceptación =  80.9%
2025-10-23 07:54:05,555 - INFO - Progreso iter 83500: T=0.97, Fitness=120.7, Mejor=143.9, Tasa_acept=80.9%
2025-10-23 07:54:05,558 - DEBUG - Iter 83500: T=0.97, Fitness_actual=120.7, Mejor=143.9
2025-10-23 07:54:13,059 - WARNING - ⚠️  DEGRADACIÓN DETECTADA en iter 83550:
2025-10-23 07:54:13,059 - WARNING -    Mejor fitness: 143.9
2025-10-23 07:54:13,059 - WARNING -    Fitness promedio reciente: 123.9
2025-10-23 07:54:13,060 - WARNING -    Degradación: 20.0
2025-10-23 07:54:13,060 - WARNING -    🔄 RESTAURANDO mejor solución...
2025-10-23 07:54:13,213 - INFO - 🌟 MEJORA #313 en iter 83551: Fitness=144.0 (+0.0), Puntos=16044
2025-10-23 07:54:14,259 - INFO - 🌟 MEJORA #314 en iter 83558: Fitness=144.0 (+0.0), Puntos=16045
2025-10-23 07:54:14,714 - INFO - 🌟 MEJORA #315 en iter 83561: Fitness=144.0 (+0.0), Puntos=16045
2025-10-23 07:54:14,714 - INFO -   ✨ Mejora #315 en iteración 83562: Fitness = 144.0 | Puntos = 16045 | T = 0.97
2025-10-23 07:54:20,573 - DEBUG - Iter 83600: T=0.97, Fitness_actual=142.6, Mejor=144.0
2025-10-23 07:54:35,569 - DEBUG - Iter 83700: T=0.96, Fitness_actual=141.0, Mejor=144.0
2025-10-23 07:54:50,619 - DEBUG - Iter 83800: T=0.96, Fitness_actual=130.5, Mejor=144.0
2025-10-23 07:55:05,640 - DEBUG - Iter 83900: T=0.96, Fitness_actual=129.9, Mejor=144.0
2025-10-23 07:55:20,691 - INFO -   Iter 84000 | Tiempo:  139.6min (58.2%) | T =     0.96 | Fitness =    128.7 | Mejor =    144.0 | Aceptación =  80.9%
2025-10-23 07:55:20,691 - INFO - Progreso iter 84000: T=0.96, Fitness=128.7, Mejor=144.0, Tasa_acept=80.9%
2025-10-23 07:55:20,694 - DEBUG - Iter 84000: T=0.96, Fitness_actual=128.7, Mejor=144.0
2025-10-23 07:55:35,849 - DEBUG - Iter 84100: T=0.95, Fitness_actual=124.6, Mejor=144.0
2025-10-23 07:55:43,418 - WARNING - ⚠️  DEGRADACIÓN DETECTADA en iter 84150:
2025-10-23 07:55:43,418 - WARNING -    Mejor fitness: 144.0
2025-10-23 07:55:43,419 - WARNING -    Fitness promedio reciente: 121.4
2025-10-23 07:55:43,419 - WARNING -    Degradación: 22.6
2025-10-23 07:55:43,419 - WARNING -    🔄 RESTAURANDO mejor solución...
2025-10-23 07:55:43,722 - INFO - 🌟 MEJORA #316 en iter 84152: Fitness=144.0 (+0.0), Puntos=16049
2025-10-23 07:55:43,872 - INFO - 🌟 MEJORA #317 en iter 84153: Fitness=144.0 (+0.0), Puntos=16049
2025-10-23 07:55:44,476 - INFO - 🌟 MEJORA #318 en iter 84157: Fitness=144.1 (+0.1), Puntos=16058
2025-10-23 07:55:44,628 - INFO - 🌟 MEJORA #319 en iter 84158: Fitness=144.1 (+0.0), Puntos=16059
2025-10-23 07:55:46,738 - INFO - 🌟 MEJORA #320 en iter 84172: Fitness=144.2 (+0.1), Puntos=16070
2025-10-23 07:55:46,738 - INFO -   ✨ Mejora #320 en iteración 84173: Fitness = 144.2 | Puntos = 16070 | T = 0.95
2025-10-23 07:55:46,890 - INFO - 🌟 MEJORA #321 en iter 84173: Fitness=144.2 (+0.0), Puntos=16072
2025-10-23 07:55:47,189 - INFO - 🌟 MEJORA #322 en iter 84175: Fitness=144.2 (+0.0), Puntos=16072
2025-10-23 07:55:47,497 - INFO - 🌟 MEJORA #323 en iter 84177: Fitness=144.4 (+0.1), Puntos=16084
2025-10-23 07:55:50,982 - DEBUG - Iter 84200: T=0.95, Fitness_actual=144.2, Mejor=144.4
2025-10-23 07:56:06,129 - DEBUG - Iter 84300: T=0.95, Fitness_actual=138.1, Mejor=144.4
2025-10-23 07:56:21,341 - DEBUG - Iter 84400: T=0.95, Fitness_actual=131.0, Mejor=144.4
2025-10-23 07:56:36,407 - INFO -   Iter 84500 | Tiempo:  140.8min (58.7%) | T =     0.94 | Fitness =    131.1 | Mejor =    144.4 | Aceptación =  80.8%
2025-10-23 07:56:36,407 - INFO - Progreso iter 84500: T=0.94, Fitness=131.1, Mejor=144.4, Tasa_acept=80.8%
2025-10-23 07:56:36,409 - DEBUG - Iter 84500: T=0.94, Fitness_actual=131.1, Mejor=144.4
2025-10-23 07:56:51,511 - WARNING - ⚠️  DEGRADACIÓN DETECTADA en iter 84600:
2025-10-23 07:56:51,511 - WARNING -    Mejor fitness: 144.4
2025-10-23 07:56:51,512 - WARNING -    Fitness promedio reciente: 123.5
2025-10-23 07:56:51,512 - WARNING -    Degradación: 20.8
2025-10-23 07:56:51,512 - WARNING -    🔄 RESTAURANDO mejor solución...
2025-10-23 07:56:51,514 - DEBUG - Iter 84600: T=0.94, Fitness_actual=144.4, Mejor=144.4
2025-10-23 07:56:51,514 - INFO - 🌟 MEJORA #324 en iter 84600: Fitness=144.4 (+0.0), Puntos=16084
2025-10-23 07:56:51,818 - INFO - 🌟 MEJORA #325 en iter 84602: Fitness=144.4 (+0.0), Puntos=16084
2025-10-23 07:56:51,819 - INFO -   ✨ Mejora #325 en iteración 84603: Fitness = 144.4 | Puntos = 16084 | T = 0.94
2025-10-23 07:56:59,710 - INFO - 🌟 MEJORA #326 en iter 84654: Fitness=144.7 (+0.3), Puntos=16015
2025-10-23 07:57:06,727 - DEBUG - Iter 84700: T=0.94, Fitness_actual=141.7, Mejor=144.7
2025-10-23 07:57:21,908 - DEBUG - Iter 84800: T=0.93, Fitness_actual=135.8, Mejor=144.7
2025-10-23 07:57:37,071 - DEBUG - Iter 84900: T=0.93, Fitness_actual=133.8, Mejor=144.7
2025-10-23 07:57:52,261 - INFO -   Iter 85000 | Tiempo:  142.1min (59.2%) | T =     0.93 | Fitness =    131.6 | Mejor =    144.7 | Aceptación =  80.7%
2025-10-23 07:57:52,262 - INFO - Progreso iter 85000: T=0.93, Fitness=131.6, Mejor=144.7, Tasa_acept=80.7%
2025-10-23 07:57:52,264 - DEBUG - Iter 85000: T=0.93, Fitness_actual=131.6, Mejor=144.7
2025-10-23 07:58:07,507 - DEBUG - Iter 85100: T=0.93, Fitness_actual=128.6, Mejor=144.7
2025-10-23 07:58:13,287 - WARNING - ================================================================================
2025-10-23 07:58:13,287 - WARNING - ⚠️  SALTO ANORMAL DETECTADO en iteración 85138
2025-10-23 07:58:13,288 - WARNING -    Fitness actual: 130.1
2025-10-23 07:58:13,288 - WARNING -    Fitness vecino: 93.5
2025-10-23 07:58:13,288 - WARNING -    Delta: -36.6
2025-10-23 07:58:13,288 - WARNING -    Temperatura: 0.93
2025-10-23 07:58:13,289 - WARNING -    Tipo perturbación aplicada: (ver generar_vecino)
2025-10-23 07:58:13,289 - WARNING -    Vecino - Puntos: 15357, Tiempo: 16271.9min, Distancia: 295.2km
2025-10-23 07:58:13,289 - WARNING -    Actual - Puntos: 15358, Tiempo: 14456.7min, Distancia: 147.6km
2025-10-23 07:58:13,289 - WARNING -    Validez restricciones - Vecino: False, Actual: False
2025-10-23 07:58:13,289 - WARNING - ================================================================================
2025-10-23 07:58:13,290 - WARNING - ⚠️  SALTO ANORMAL DETECTADO en iteración 85138
2025-10-23 07:58:13,290 - WARNING -    Fitness: 130.1 → 93.5 (Δ=-36.6)
2025-10-23 07:58:13,290 - WARNING -    Ver detalles en archivo de log
2025-10-23 07:58:20,129 - WARNING - ================================================================================
2025-10-23 07:58:20,129 - WARNING - ⚠️  SALTO ANORMAL DETECTADO en iteración 85183
2025-10-23 07:58:20,130 - WARNING -    Fitness actual: 129.7
2025-10-23 07:58:20,130 - WARNING -    Fitness vecino: 93.1
2025-10-23 07:58:20,131 - WARNING -    Delta: -36.6
2025-10-23 07:58:20,131 - WARNING -    Temperatura: 0.92
2025-10-23 07:58:20,131 - WARNING -    Tipo perturbación aplicada: (ver generar_vecino)
2025-10-23 07:58:20,131 - WARNING -    Vecino - Puntos: 15341, Tiempo: 16343.9min, Distancia: 293.2km
2025-10-23 07:58:20,131 - WARNING -    Actual - Puntos: 15342, Tiempo: 14500.7min, Distancia: 143.4km
2025-10-23 07:58:20,132 - WARNING -    Validez restricciones - Vecino: False, Actual: False
2025-10-23 07:58:20,132 - WARNING - ================================================================================
2025-10-23 07:58:20,132 - WARNING - ⚠️  SALTO ANORMAL DETECTADO en iteración 85183
2025-10-23 07:58:20,132 - WARNING -    Fitness: 129.7 → 93.1 (Δ=-36.6)
2025-10-23 07:58:20,132 - WARNING -    Ver detalles en archivo de log
2025-10-23 07:58:22,717 - DEBUG - Iter 85200: T=0.92, Fitness_actual=128.8, Mejor=144.7
2025-10-23 07:58:37,969 - DEBUG - Iter 85300: T=0.92, Fitness_actual=123.8, Mejor=144.7
2025-10-23 07:58:53,205 - DEBUG - Iter 85400: T=0.92, Fitness_actual=127.7, Mejor=144.7
2025-10-23 07:59:08,468 - INFO -   Iter 85500 | Tiempo:  143.4min (59.7%) | T =     0.92 | Fitness =    123.2 | Mejor =    144.7 | Aceptación =  80.7%
2025-10-23 07:59:08,468 - INFO - Progreso iter 85500: T=0.92, Fitness=123.2, Mejor=144.7, Tasa_acept=80.7%
2025-10-23 07:59:08,471 - DEBUG - Iter 85500: T=0.92, Fitness_actual=123.2, Mejor=144.7
2025-10-23 07:59:16,075 - WARNING - ⚠️  DEGRADACIÓN DETECTADA en iter 85550:
2025-10-23 07:59:16,075 - WARNING -    Mejor fitness: 144.7
2025-10-23 07:59:16,076 - WARNING -    Fitness promedio reciente: 124.1
2025-10-23 07:59:16,076 - WARNING -    Degradación: 20.6
2025-10-23 07:59:16,076 - WARNING -    🔄 RESTAURANDO mejor solución...
2025-10-23 07:59:23,704 - DEBUG - Iter 85600: T=0.91, Fitness_actual=141.4, Mejor=144.7
2025-10-23 07:59:38,974 - DEBUG - Iter 85700: T=0.91, Fitness_actual=139.0, Mejor=144.7
2025-10-23 07:59:54,257 - DEBUG - Iter 85800: T=0.91, Fitness_actual=134.6, Mejor=144.7
2025-10-23 08:00:09,536 - DEBUG - Iter 85900: T=0.91, Fitness_actual=131.5, Mejor=144.7
2025-10-23 08:00:24,903 - INFO -   Iter 86000 | Tiempo:  144.6min (60.3%) | T =     0.90 | Fitness =    125.5 | Mejor =    144.7 | Aceptación =  80.7%
2025-10-23 08:00:24,904 - INFO - Progreso iter 86000: T=0.90, Fitness=125.5, Mejor=144.7, Tasa_acept=80.7%
2025-10-23 08:00:24,906 - DEBUG - Iter 86000: T=0.90, Fitness_actual=125.5, Mejor=144.7
2025-10-23 08:00:40,218 - DEBUG - Iter 86100: T=0.90, Fitness_actual=123.2, Mejor=144.7
2025-10-23 08:00:47,872 - WARNING - ⚠️  DEGRADACIÓN DETECTADA en iter 86150:
2025-10-23 08:00:47,872 - WARNING -    Mejor fitness: 144.7
2025-10-23 08:00:47,873 - WARNING -    Fitness promedio reciente: 124.0
2025-10-23 08:00:47,873 - WARNING -    Degradación: 20.6
2025-10-23 08:00:47,874 - WARNING -    🔄 RESTAURANDO mejor solución...
2025-10-23 08:00:55,416 - DEBUG - Iter 86200: T=0.90, Fitness_actual=142.0, Mejor=144.7
2025-10-23 08:01:10,610 - DEBUG - Iter 86300: T=0.90, Fitness_actual=136.8, Mejor=144.7
2025-10-23 08:01:25,783 - DEBUG - Iter 86400: T=0.89, Fitness_actual=129.0, Mejor=144.7
2025-10-23 08:01:40,984 - INFO -   Iter 86500 | Tiempo:  145.9min (60.8%) | T =     0.89 | Fitness =    126.9 | Mejor =    144.7 | Aceptación =  80.6%
2025-10-23 08:01:40,985 - INFO - Progreso iter 86500: T=0.89, Fitness=126.9, Mejor=144.7, Tasa_acept=80.6%
2025-10-23 08:01:40,988 - DEBUG - Iter 86500: T=0.89, Fitness_actual=126.9, Mejor=144.7
2025-10-23 08:01:56,168 - DEBUG - Iter 86600: T=0.89, Fitness_actual=128.5, Mejor=144.7
2025-10-23 08:02:11,341 - DEBUG - Iter 86700: T=0.89, Fitness_actual=126.4, Mejor=144.7
2025-10-23 08:02:26,401 - DEBUG - Iter 86800: T=0.88, Fitness_actual=124.6, Mejor=144.7
2025-10-23 08:02:33,934 - WARNING - ⚠️  DEGRADACIÓN DETECTADA en iter 86850:
2025-10-23 08:02:33,935 - WARNING -    Mejor fitness: 144.7
2025-10-23 08:02:33,935 - WARNING -    Fitness promedio reciente: 123.9
2025-10-23 08:02:33,935 - WARNING -    Degradación: 20.8
2025-10-23 08:02:33,936 - WARNING -    🔄 RESTAURANDO mejor solución...
2025-10-23 08:02:36,690 - WARNING - ================================================================================
2025-10-23 08:02:36,690 - WARNING - ⚠️  SALTO ANORMAL DETECTADO en iteración 86868
2025-10-23 08:02:36,691 - WARNING -    Fitness actual: 144.6
2025-10-23 08:02:36,691 - WARNING -    Fitness vecino: 115.3
2025-10-23 08:02:36,691 - WARNING -    Delta: -29.3
2025-10-23 08:02:36,691 - WARNING -    Temperatura: 0.88
2025-10-23 08:02:36,691 - WARNING -    Tipo perturbación aplicada: (ver generar_vecino)
2025-10-23 08:02:36,691 - WARNING -    Vecino - Puntos: 15554, Tiempo: 15924.9min, Distancia: 297.5km
2025-10-23 08:02:36,692 - WARNING -    Actual - Puntos: 16012, Tiempo: 14753.3min, Distancia: 165.7km
2025-10-23 08:02:36,692 - WARNING -    Validez restricciones - Vecino: False, Actual: False
2025-10-23 08:02:36,692 - WARNING - ================================================================================
2025-10-23 08:02:36,692 - WARNING - ⚠️  SALTO ANORMAL DETECTADO en iteración 86868
2025-10-23 08:02:36,692 - WARNING -    Fitness: 144.6 → 115.3 (Δ=-29.3)
2025-10-23 08:02:36,693 - WARNING -    Ver detalles en archivo de log
2025-10-23 08:02:41,533 - DEBUG - Iter 86900: T=0.88, Fitness_actual=143.3, Mejor=144.7
2025-10-23 08:02:56,705 - INFO -   Iter 87000 | Tiempo:  147.2min (61.3%) | T =     0.88 | Fitness =    138.2 | Mejor =    144.7 | Aceptación =  80.5%
2025-10-23 08:02:56,706 - INFO - Progreso iter 87000: T=0.88, Fitness=138.2, Mejor=144.7, Tasa_acept=80.5%
2025-10-23 08:02:56,711 - DEBUG - Iter 87000: T=0.88, Fitness_actual=138.2, Mejor=144.7
2025-10-23 08:03:11,876 - DEBUG - Iter 87100: T=0.88, Fitness_actual=135.5, Mejor=144.7
2025-10-23 08:03:27,012 - DEBUG - Iter 87200: T=0.87, Fitness_actual=132.4, Mejor=144.7
2025-10-23 08:03:42,236 - DEBUG - Iter 87300: T=0.87, Fitness_actual=132.8, Mejor=144.7
2025-10-23 08:03:57,479 - DEBUG - Iter 87400: T=0.87, Fitness_actual=128.1, Mejor=144.7
2025-10-23 08:04:12,708 - INFO -   Iter 87500 | Tiempo:  148.4min (61.8%) | T =     0.87 | Fitness =    128.3 | Mejor =    144.7 | Aceptación =  80.5%
2025-10-23 08:04:12,709 - INFO - Progreso iter 87500: T=0.87, Fitness=128.3, Mejor=144.7, Tasa_acept=80.5%
2025-10-23 08:04:12,711 - DEBUG - Iter 87500: T=0.87, Fitness_actual=128.3, Mejor=144.7
2025-10-23 08:04:27,963 - WARNING - ⚠️  DEGRADACIÓN DETECTADA en iter 87600:
2025-10-23 08:04:27,963 - WARNING -    Mejor fitness: 144.7
2025-10-23 08:04:27,964 - WARNING -    Fitness promedio reciente: 122.8
2025-10-23 08:04:27,964 - WARNING -    Degradación: 21.9
2025-10-23 08:04:27,964 - WARNING -    🔄 RESTAURANDO mejor solución...
2025-10-23 08:04:27,965 - DEBUG - Iter 87600: T=0.86, Fitness_actual=144.7, Mejor=144.7
2025-10-23 08:04:27,966 - INFO - 🌟 MEJORA #327 en iter 87600: Fitness=144.7 (+0.0), Puntos=16015
2025-10-23 08:04:28,270 - INFO - 🌟 MEJORA #328 en iter 87602: Fitness=144.7 (+0.1), Puntos=16021
2025-10-23 08:04:29,190 - INFO - 🌟 MEJORA #329 en iter 87608: Fitness=144.8 (+0.1), Puntos=16028
2025-10-23 08:04:43,218 - DEBUG - Iter 87700: T=0.86, Fitness_actual=139.0, Mejor=144.8
2025-10-23 08:04:58,388 - DEBUG - Iter 87800: T=0.86, Fitness_actual=132.2, Mejor=144.8
2025-10-23 08:05:13,629 - DEBUG - Iter 87900: T=0.86, Fitness_actual=129.5, Mejor=144.8
2025-10-23 08:05:28,937 - INFO -   Iter 88000 | Tiempo:  149.7min (62.4%) | T =     0.85 | Fitness =    122.5 | Mejor =    144.8 | Aceptación =  80.5%
2025-10-23 08:05:28,938 - INFO - Progreso iter 88000: T=0.85, Fitness=122.5, Mejor=144.8, Tasa_acept=80.5%
2025-10-23 08:05:28,938 - WARNING - ⚠️  DEGRADACIÓN DETECTADA en iter 88000:
2025-10-23 08:05:28,938 - WARNING -    Mejor fitness: 144.8
2025-10-23 08:05:28,939 - WARNING -    Fitness promedio reciente: 123.6
2025-10-23 08:05:28,939 - WARNING -    Degradación: 21.2
2025-10-23 08:05:28,939 - WARNING -    🔄 RESTAURANDO mejor solución...
2025-10-23 08:05:28,940 - DEBUG - Iter 88000: T=0.85, Fitness_actual=144.8, Mejor=144.8
2025-10-23 08:05:44,252 - DEBUG - Iter 88100: T=0.85, Fitness_actual=141.2, Mejor=144.8
2025-10-23 08:05:59,552 - DEBUG - Iter 88200: T=0.85, Fitness_actual=140.5, Mejor=144.8
2025-10-23 08:06:14,918 - DEBUG - Iter 88300: T=0.85, Fitness_actual=135.0, Mejor=144.8
2025-10-23 08:06:30,263 - DEBUG - Iter 88400: T=0.84, Fitness_actual=135.6, Mejor=144.8
2025-10-23 08:06:45,610 - INFO -   Iter 88500 | Tiempo:  151.0min (62.9%) | T =     0.84 | Fitness =    132.5 | Mejor =    144.8 | Aceptación =  80.4%
2025-10-23 08:06:45,610 - INFO - Progreso iter 88500: T=0.84, Fitness=132.5, Mejor=144.8, Tasa_acept=80.4%
2025-10-23 08:06:45,612 - DEBUG - Iter 88500: T=0.84, Fitness_actual=132.5, Mejor=144.8
2025-10-23 08:07:00,927 - WARNING - ⚠️  DEGRADACIÓN DETECTADA en iter 88600:
2025-10-23 08:07:00,927 - WARNING -    Mejor fitness: 144.8
2025-10-23 08:07:00,928 - WARNING -    Fitness promedio reciente: 122.6
2025-10-23 08:07:00,928 - WARNING -    Degradación: 22.2
2025-10-23 08:07:00,928 - WARNING -    🔄 RESTAURANDO mejor solución...
2025-10-23 08:07:00,929 - DEBUG - Iter 88600: T=0.84, Fitness_actual=144.8, Mejor=144.8
2025-10-23 08:07:16,345 - DEBUG - Iter 88700: T=0.84, Fitness_actual=141.8, Mejor=144.8
2025-10-23 08:07:31,714 - DEBUG - Iter 88800: T=0.84, Fitness_actual=140.9, Mejor=144.8
2025-10-23 08:07:47,119 - DEBUG - Iter 88900: T=0.83, Fitness_actual=139.5, Mejor=144.8
2025-10-23 08:08:02,492 - INFO -   Iter 89000 | Tiempo:  152.3min (63.4%) | T =     0.83 | Fitness =    138.2 | Mejor =    144.8 | Aceptación =  80.3%
2025-10-23 08:08:02,493 - INFO - Progreso iter 89000: T=0.83, Fitness=138.2, Mejor=144.8, Tasa_acept=80.3%
2025-10-23 08:08:02,495 - DEBUG - Iter 89000: T=0.83, Fitness_actual=138.2, Mejor=144.8
2025-10-23 08:08:17,901 - DEBUG - Iter 89100: T=0.83, Fitness_actual=132.3, Mejor=144.8
2025-10-23 08:08:33,291 - DEBUG - Iter 89200: T=0.83, Fitness_actual=131.2, Mejor=144.8
2025-10-23 08:08:48,742 - DEBUG - Iter 89300: T=0.82, Fitness_actual=129.3, Mejor=144.8
2025-10-23 08:09:04,136 - DEBUG - Iter 89400: T=0.82, Fitness_actual=123.5, Mejor=144.8
2025-10-23 08:09:19,505 - INFO -   Iter 89500 | Tiempo:  153.6min (64.0%) | T =     0.82 | Fitness =    125.5 | Mejor =    144.8 | Aceptación =  80.2%
2025-10-23 08:09:19,505 - INFO - Progreso iter 89500: T=0.82, Fitness=125.5, Mejor=144.8, Tasa_acept=80.2%
2025-10-23 08:09:19,509 - DEBUG - Iter 89500: T=0.82, Fitness_actual=125.5, Mejor=144.8
2025-10-23 08:09:34,948 - WARNING - ⚠️  DEGRADACIÓN DETECTADA en iter 89600:
2025-10-23 08:09:34,948 - WARNING -    Mejor fitness: 144.8
2025-10-23 08:09:34,949 - WARNING -    Fitness promedio reciente: 124.0
2025-10-23 08:09:34,949 - WARNING -    Degradación: 20.8
2025-10-23 08:09:34,949 - WARNING -    🔄 RESTAURANDO mejor solución...
2025-10-23 08:09:34,950 - DEBUG - Iter 89600: T=0.82, Fitness_actual=144.8, Mejor=144.8
2025-10-23 08:09:50,386 - DEBUG - Iter 89700: T=0.81, Fitness_actual=139.5, Mejor=144.8
2025-10-23 08:10:05,834 - DEBUG - Iter 89800: T=0.81, Fitness_actual=138.0, Mejor=144.8
2025-10-23 08:10:21,259 - DEBUG - Iter 89900: T=0.81, Fitness_actual=132.6, Mejor=144.8
2025-10-23 08:10:36,698 - INFO -   Iter 90000 | Tiempo:  154.8min (64.5%) | T =     0.81 | Fitness =    129.9 | Mejor =    144.8 | Aceptación =  80.2%
2025-10-23 08:10:36,699 - INFO - Progreso iter 90000: T=0.81, Fitness=129.9, Mejor=144.8, Tasa_acept=80.2%
2025-10-23 08:10:36,702 - DEBUG - Iter 90000: T=0.81, Fitness_actual=129.9, Mejor=144.8
2025-10-23 08:10:52,238 - DEBUG - Iter 90100: T=0.81, Fitness_actual=129.7, Mejor=144.8
2025-10-23 08:11:07,843 - DEBUG - Iter 90200: T=0.80, Fitness_actual=128.9, Mejor=144.8
2025-10-23 08:11:23,383 - DEBUG - Iter 90300: T=0.80, Fitness_actual=129.7, Mejor=144.8
2025-10-23 08:11:38,871 - DEBUG - Iter 90400: T=0.80, Fitness_actual=128.7, Mejor=144.8
2025-10-23 08:11:54,366 - INFO -   Iter 90500 | Tiempo:  156.1min (65.1%) | T =     0.80 | Fitness =    128.4 | Mejor =    144.8 | Aceptación =  80.1%
2025-10-23 08:11:54,366 - INFO - Progreso iter 90500: T=0.80, Fitness=128.4, Mejor=144.8, Tasa_acept=80.1%
2025-10-23 08:11:54,370 - DEBUG - Iter 90500: T=0.80, Fitness_actual=128.4, Mejor=144.8
2025-10-23 08:12:09,952 - DEBUG - Iter 90600: T=0.79, Fitness_actual=125.8, Mejor=144.8
2025-10-23 08:12:25,610 - DEBUG - Iter 90700: T=0.79, Fitness_actual=128.0, Mejor=144.8
2025-10-23 08:12:41,185 - WARNING - ⚠️  DEGRADACIÓN DETECTADA en iter 90800:
2025-10-23 08:12:41,185 - WARNING -    Mejor fitness: 144.8
2025-10-23 08:12:41,186 - WARNING -    Fitness promedio reciente: 124.5
2025-10-23 08:12:41,186 - WARNING -    Degradación: 20.3
2025-10-23 08:12:41,186 - WARNING -    🔄 RESTAURANDO mejor solución...
2025-10-23 08:12:41,188 - DEBUG - Iter 90800: T=0.79, Fitness_actual=144.8, Mejor=144.8
2025-10-23 08:12:41,652 - INFO - 🌟 MEJORA #330 en iter 90803: Fitness=144.9 (+0.1), Puntos=16038
2025-10-23 08:12:41,653 - INFO -   ✨ Mejora #330 en iteración 90804: Fitness = 144.9 | Puntos = 16038 | T = 0.79
2025-10-23 08:12:42,122 - INFO - 🌟 MEJORA #331 en iter 90806: Fitness=144.9 (+0.0), Puntos=16038
2025-10-23 08:12:42,430 - INFO - 🌟 MEJORA #332 en iter 90808: Fitness=144.9 (+0.0), Puntos=16038
2025-10-23 08:12:56,771 - DEBUG - Iter 90900: T=0.79, Fitness_actual=139.8, Mejor=144.9
2025-10-23 08:13:12,418 - INFO -   Iter 91000 | Tiempo:  157.4min (65.6%) | T =     0.78 | Fitness =    138.8 | Mejor =    144.9 | Aceptación =  80.1%
2025-10-23 08:13:12,418 - INFO - Progreso iter 91000: T=0.78, Fitness=138.8, Mejor=144.9, Tasa_acept=80.1%
2025-10-23 08:13:12,420 - DEBUG - Iter 91000: T=0.78, Fitness_actual=138.8, Mejor=144.9
2025-10-23 08:13:28,001 - DEBUG - Iter 91100: T=0.78, Fitness_actual=131.7, Mejor=144.9
2025-10-23 08:13:43,585 - DEBUG - Iter 91200: T=0.78, Fitness_actual=132.6, Mejor=144.9
2025-10-23 08:13:59,184 - DEBUG - Iter 91300: T=0.78, Fitness_actual=131.4, Mejor=144.9
2025-10-23 08:14:14,764 - DEBUG - Iter 91400: T=0.78, Fitness_actual=129.3, Mejor=144.9
2025-10-23 08:14:30,365 - INFO -   Iter 91500 | Tiempo:  158.7min (66.1%) | T =     0.77 | Fitness =    124.0 | Mejor =    144.9 | Aceptación =  80.0%
2025-10-23 08:14:30,366 - INFO - Progreso iter 91500: T=0.77, Fitness=124.0, Mejor=144.9, Tasa_acept=80.0%
2025-10-23 08:14:30,367 - DEBUG - Iter 91500: T=0.77, Fitness_actual=124.0, Mejor=144.9
2025-10-23 08:14:38,178 - WARNING - ⚠️  DEGRADACIÓN DETECTADA en iter 91550:
2025-10-23 08:14:38,178 - WARNING -    Mejor fitness: 144.9
2025-10-23 08:14:38,179 - WARNING -    Fitness promedio reciente: 124.0
2025-10-23 08:14:38,179 - WARNING -    Degradación: 20.9
2025-10-23 08:14:38,179 - WARNING -    🔄 RESTAURANDO mejor solución...
2025-10-23 08:14:38,180 - INFO - 🌟 MEJORA #333 en iter 91550: Fitness=144.9 (+0.0), Puntos=16038
2025-10-23 08:14:38,336 - INFO - 🌟 MEJORA #334 en iter 91551: Fitness=144.9 (+0.0), Puntos=16038
2025-10-23 08:14:45,999 - DEBUG - Iter 91600: T=0.77, Fitness_actual=143.6, Mejor=144.9
2025-10-23 08:15:01,672 - DEBUG - Iter 91700: T=0.77, Fitness_actual=141.9, Mejor=144.9
2025-10-23 08:15:17,310 - DEBUG - Iter 91800: T=0.77, Fitness_actual=137.3, Mejor=144.9
2025-10-23 08:15:32,970 - DEBUG - Iter 91900: T=0.77, Fitness_actual=140.5, Mejor=144.9
2025-10-23 08:15:48,628 - INFO -   Iter 92000 | Tiempo:  160.0min (66.7%) | T =     0.76 | Fitness =    136.8 | Mejor =    144.9 | Aceptación =  79.9%
2025-10-23 08:15:48,628 - INFO - Progreso iter 92000: T=0.76, Fitness=136.8, Mejor=144.9, Tasa_acept=79.9%
2025-10-23 08:15:48,631 - DEBUG - Iter 92000: T=0.76, Fitness_actual=136.8, Mejor=144.9
2025-10-23 08:16:04,305 - DEBUG - Iter 92100: T=0.76, Fitness_actual=132.7, Mejor=144.9
2025-10-23 08:16:20,182 - DEBUG - Iter 92200: T=0.76, Fitness_actual=133.2, Mejor=144.9
2025-10-23 08:16:36,048 - DEBUG - Iter 92300: T=0.76, Fitness_actual=130.8, Mejor=144.9
2025-10-23 08:16:51,845 - DEBUG - Iter 92400: T=0.75, Fitness_actual=127.0, Mejor=144.9
2025-10-23 08:17:07,706 - INFO -   Iter 92500 | Tiempo:  161.4min (67.2%) | T =     0.75 | Fitness =    127.1 | Mejor =    144.9 | Aceptación =  79.8%
2025-10-23 08:17:07,707 - INFO - Progreso iter 92500: T=0.75, Fitness=127.1, Mejor=144.9, Tasa_acept=79.8%
2025-10-23 08:17:07,710 - DEBUG - Iter 92500: T=0.75, Fitness_actual=127.1, Mejor=144.9
2025-10-23 08:17:23,507 - DEBUG - Iter 92600: T=0.75, Fitness_actual=127.8, Mejor=144.9
2025-10-23 08:17:39,296 - DEBUG - Iter 92700: T=0.75, Fitness_actual=129.7, Mejor=144.9
2025-10-23 08:17:55,111 - DEBUG - Iter 92800: T=0.75, Fitness_actual=125.0, Mejor=144.9
2025-10-23 08:18:03,034 - WARNING - ⚠️  DEGRADACIÓN DETECTADA en iter 92850:
2025-10-23 08:18:03,034 - WARNING -    Mejor fitness: 144.9
2025-10-23 08:18:03,035 - WARNING -    Fitness promedio reciente: 124.1
2025-10-23 08:18:03,035 - WARNING -    Degradación: 20.7
2025-10-23 08:18:03,035 - WARNING -    🔄 RESTAURANDO mejor solución...
2025-10-23 08:18:10,938 - DEBUG - Iter 92900: T=0.74, Fitness_actual=141.7, Mejor=144.9
2025-10-23 08:18:26,744 - INFO -   Iter 93000 | Tiempo:  162.7min (67.8%) | T =     0.74 | Fitness =    140.4 | Mejor =    144.9 | Aceptación =  79.8%
2025-10-23 08:18:26,744 - INFO - Progreso iter 93000: T=0.74, Fitness=140.4, Mejor=144.9, Tasa_acept=79.8%
2025-10-23 08:18:26,746 - DEBUG - Iter 93000: T=0.74, Fitness_actual=140.4, Mejor=144.9
2025-10-23 08:18:42,574 - DEBUG - Iter 93100: T=0.74, Fitness_actual=137.9, Mejor=144.9
2025-10-23 08:18:58,437 - DEBUG - Iter 93200: T=0.74, Fitness_actual=134.7, Mejor=144.9
2025-10-23 08:19:14,319 - DEBUG - Iter 93300: T=0.74, Fitness_actual=133.3, Mejor=144.9
2025-10-23 08:19:30,210 - DEBUG - Iter 93400: T=0.73, Fitness_actual=126.0, Mejor=144.9
2025-10-23 08:19:46,089 - INFO -   Iter 93500 | Tiempo:  164.0min (68.3%) | T =     0.73 | Fitness =    124.8 | Mejor =    144.9 | Aceptación =  79.7%
2025-10-23 08:19:46,090 - INFO - Progreso iter 93500: T=0.73, Fitness=124.8, Mejor=144.9, Tasa_acept=79.7%
2025-10-23 08:19:46,092 - DEBUG - Iter 93500: T=0.73, Fitness_actual=124.8, Mejor=144.9
2025-10-23 08:19:54,022 - WARNING - ⚠️  DEGRADACIÓN DETECTADA en iter 93550:
2025-10-23 08:19:54,022 - WARNING -    Mejor fitness: 144.9
2025-10-23 08:19:54,023 - WARNING -    Fitness promedio reciente: 124.0
2025-10-23 08:19:54,023 - WARNING -    Degradación: 20.8
2025-10-23 08:19:54,024 - WARNING -    🔄 RESTAURANDO mejor solución...
2025-10-23 08:19:56,089 - INFO - 🌟 MEJORA #335 en iter 93563: Fitness=145.4 (+0.6), Puntos=15993
2025-10-23 08:19:56,089 - INFO -   ✨ Mejora #335 en iteración 93564: Fitness = 145.4 | Puntos = 15993 | T = 0.73
2025-10-23 08:19:57,525 - INFO - 🌟 MEJORA #336 en iter 93572: Fitness=145.4 (+0.0), Puntos=15993
2025-10-23 08:19:58,318 - INFO - 🌟 MEJORA #337 en iter 93577: Fitness=145.5 (+0.0), Puntos=15994
2025-10-23 08:19:58,637 - INFO - 🌟 MEJORA #338 en iter 93579: Fitness=145.5 (+0.0), Puntos=15994
2025-10-23 08:19:59,594 - INFO - 🌟 MEJORA #339 en iter 93585: Fitness=145.5 (+0.0), Puntos=15997
2025-10-23 08:20:01,979 - DEBUG - Iter 93600: T=0.73, Fitness_actual=144.5, Mejor=145.5
2025-10-23 08:20:17,889 - DEBUG - Iter 93700: T=0.73, Fitness_actual=142.0, Mejor=145.5
2025-10-23 08:20:33,809 - DEBUG - Iter 93800: T=0.72, Fitness_actual=135.4, Mejor=145.5
2025-10-23 08:20:49,698 - DEBUG - Iter 93900: T=0.72, Fitness_actual=131.9, Mejor=145.5
2025-10-23 08:21:05,592 - INFO -   Iter 94000 | Tiempo:  165.3min (68.9%) | T =     0.72 | Fitness =    131.0 | Mejor =    145.5 | Aceptación =  79.6%
2025-10-23 08:21:05,592 - INFO - Progreso iter 94000: T=0.72, Fitness=131.0, Mejor=145.5, Tasa_acept=79.6%
2025-10-23 08:21:05,595 - DEBUG - Iter 94000: T=0.72, Fitness_actual=131.0, Mejor=145.5
2025-10-23 08:21:21,617 - DEBUG - Iter 94100: T=0.72, Fitness_actual=126.2, Mejor=145.5
2025-10-23 08:21:37,532 - WARNING - ⚠️  DEGRADACIÓN DETECTADA en iter 94200:
2025-10-23 08:21:37,533 - WARNING -    Mejor fitness: 145.5
2025-10-23 08:21:37,533 - WARNING -    Fitness promedio reciente: 125.4
2025-10-23 08:21:37,533 - WARNING -    Degradación: 20.1
2025-10-23 08:21:37,534 - WARNING -    🔄 RESTAURANDO mejor solución...
2025-10-23 08:21:37,535 - DEBUG - Iter 94200: T=0.72, Fitness_actual=145.5, Mejor=145.5
2025-10-23 08:21:39,133 - INFO - 🌟 MEJORA #340 en iter 94210: Fitness=145.5 (+0.0), Puntos=15996
2025-10-23 08:21:39,133 - INFO -   ✨ Mejora #340 en iteración 94211: Fitness = 145.5 | Puntos = 15996 | T = 0.72
2025-10-23 08:21:39,617 - INFO - 🌟 MEJORA #341 en iter 94213: Fitness=145.5 (+0.0), Puntos=15996
2025-10-23 08:21:53,511 - DEBUG - Iter 94300: T=0.71, Fitness_actual=142.3, Mejor=145.5
2025-10-23 08:22:09,524 - DEBUG - Iter 94400: T=0.71, Fitness_actual=140.4, Mejor=145.5
2025-10-23 08:22:25,492 - INFO -   Iter 94500 | Tiempo:  166.7min (69.4%) | T =     0.71 | Fitness =    136.9 | Mejor =    145.5 | Aceptación =  79.5%
2025-10-23 08:22:25,492 - INFO - Progreso iter 94500: T=0.71, Fitness=136.9, Mejor=145.5, Tasa_acept=79.5%
2025-10-23 08:22:25,494 - DEBUG - Iter 94500: T=0.71, Fitness_actual=136.9, Mejor=145.5
2025-10-23 08:22:41,477 - DEBUG - Iter 94600: T=0.71, Fitness_actual=134.7, Mejor=145.5
2025-10-23 08:22:57,461 - DEBUG - Iter 94700: T=0.71, Fitness_actual=131.7, Mejor=145.5
2025-10-23 08:23:13,464 - DEBUG - Iter 94800: T=0.70, Fitness_actual=132.9, Mejor=145.5
2025-10-23 08:23:29,498 - DEBUG - Iter 94900: T=0.70, Fitness_actual=133.0, Mejor=145.5
2025-10-23 08:23:45,533 - INFO -   Iter 95000 | Tiempo:  168.0min (70.0%) | T =     0.70 | Fitness =    130.4 | Mejor =    145.5 | Aceptación =  79.4%
2025-10-23 08:23:45,534 - INFO - Progreso iter 95000: T=0.70, Fitness=130.4, Mejor=145.5, Tasa_acept=79.4%
2025-10-23 08:23:45,535 - DEBUG - Iter 95000: T=0.70, Fitness_actual=130.4, Mejor=145.5
2025-10-23 08:23:46,499 - INFO - --- Cambiando a Fase: Final (Refinamiento) (Progreso: 70.0%) ---
2025-10-23 08:24:01,536 - DEBUG - Iter 95100: T=0.70, Fitness_actual=131.2, Mejor=145.5
2025-10-23 08:24:17,542 - DEBUG - Iter 95200: T=0.70, Fitness_actual=128.7, Mejor=145.5
2025-10-23 08:24:33,597 - DEBUG - Iter 95300: T=0.69, Fitness_actual=127.8, Mejor=145.5
2025-10-23 08:24:49,730 - WARNING - ⚠️  DEGRADACIÓN DETECTADA en iter 95400:
2025-10-23 08:24:49,730 - WARNING -    Mejor fitness: 145.5
2025-10-23 08:24:49,731 - WARNING -    Fitness promedio reciente: 125.3
2025-10-23 08:24:49,731 - WARNING -    Degradación: 20.2
2025-10-23 08:24:49,732 - WARNING -    🔄 RESTAURANDO mejor solución...
2025-10-23 08:24:49,733 - DEBUG - Iter 95400: T=0.69, Fitness_actual=145.5, Mejor=145.5
2025-10-23 08:25:05,918 - INFO -   Iter 95500 | Tiempo:  169.3min (70.6%) | T =     0.69 | Fitness =    142.8 | Mejor =    145.5 | Aceptación =  79.4%
2025-10-23 08:25:05,918 - INFO - Progreso iter 95500: T=0.69, Fitness=142.8, Mejor=145.5, Tasa_acept=79.4%
2025-10-23 08:25:05,921 - DEBUG - Iter 95500: T=0.69, Fitness_actual=142.8, Mejor=145.5
2025-10-23 08:25:22,140 - DEBUG - Iter 95600: T=0.69, Fitness_actual=141.6, Mejor=145.5
2025-10-23 08:25:38,353 - DEBUG - Iter 95700: T=0.69, Fitness_actual=140.0, Mejor=145.5
2025-10-23 08:25:54,528 - DEBUG - Iter 95800: T=0.68, Fitness_actual=138.7, Mejor=145.5
2025-10-23 08:26:10,817 - DEBUG - Iter 95900: T=0.68, Fitness_actual=137.5, Mejor=145.5
2025-10-23 08:26:27,055 - INFO -   Iter 96000 | Tiempo:  170.7min (71.1%) | T =     0.68 | Fitness =    135.4 | Mejor =    145.5 | Aceptación =  79.3%
2025-10-23 08:26:27,055 - INFO - Progreso iter 96000: T=0.68, Fitness=135.4, Mejor=145.5, Tasa_acept=79.3%
2025-10-23 08:26:27,058 - DEBUG - Iter 96000: T=0.68, Fitness_actual=135.4, Mejor=145.5
2025-10-23 08:26:43,341 - DEBUG - Iter 96100: T=0.68, Fitness_actual=135.9, Mejor=145.5
2025-10-23 08:26:59,583 - DEBUG - Iter 96200: T=0.68, Fitness_actual=133.9, Mejor=145.5
2025-10-23 08:27:15,895 - DEBUG - Iter 96300: T=0.67, Fitness_actual=134.8, Mejor=145.5
2025-10-23 08:27:32,206 - DEBUG - Iter 96400: T=0.67, Fitness_actual=132.1, Mejor=145.5
2025-10-23 08:27:48,536 - INFO -   Iter 96500 | Tiempo:  172.0min (71.7%) | T =     0.67 | Fitness =    132.3 | Mejor =    145.5 | Aceptación =  79.3%
2025-10-23 08:27:48,536 - INFO - Progreso iter 96500: T=0.67, Fitness=132.3, Mejor=145.5, Tasa_acept=79.3%
2025-10-23 08:27:48,539 - DEBUG - Iter 96500: T=0.67, Fitness_actual=132.3, Mejor=145.5
2025-10-23 08:28:04,877 - DEBUG - Iter 96600: T=0.67, Fitness_actual=130.4, Mejor=145.5
2025-10-23 08:28:21,311 - DEBUG - Iter 96700: T=0.67, Fitness_actual=133.5, Mejor=145.5
2025-10-23 08:28:37,629 - DEBUG - Iter 96800: T=0.66, Fitness_actual=132.8, Mejor=145.5
2025-10-23 08:28:54,008 - DEBUG - Iter 96900: T=0.66, Fitness_actual=131.2, Mejor=145.5
2025-10-23 08:29:10,349 - INFO -   Iter 97000 | Tiempo:  173.4min (72.2%) | T =     0.66 | Fitness =    130.0 | Mejor =    145.5 | Aceptación =  79.3%
2025-10-23 08:29:10,350 - INFO - Progreso iter 97000: T=0.66, Fitness=130.0, Mejor=145.5, Tasa_acept=79.3%
2025-10-23 08:29:10,353 - DEBUG - Iter 97000: T=0.66, Fitness_actual=130.0, Mejor=145.5
2025-10-23 08:29:26,762 - DEBUG - Iter 97100: T=0.66, Fitness_actual=129.0, Mejor=145.5
2025-10-23 08:29:43,162 - DEBUG - Iter 97200: T=0.66, Fitness_actual=128.9, Mejor=145.5
2025-10-23 08:29:59,568 - DEBUG - Iter 97300: T=0.66, Fitness_actual=127.9, Mejor=145.5
2025-10-23 08:30:16,018 - DEBUG - Iter 97400: T=0.65, Fitness_actual=127.0, Mejor=145.5
2025-10-23 08:30:32,445 - INFO -   Iter 97500 | Tiempo:  174.8min (72.8%) | T =     0.65 | Fitness =    127.9 | Mejor =    145.5 | Aceptación =  79.4%
2025-10-23 08:30:32,445 - INFO - Progreso iter 97500: T=0.65, Fitness=127.9, Mejor=145.5, Tasa_acept=79.4%
2025-10-23 08:30:32,448 - DEBUG - Iter 97500: T=0.65, Fitness_actual=127.9, Mejor=145.5
2025-10-23 08:30:48,889 - DEBUG - Iter 97600: T=0.65, Fitness_actual=128.8, Mejor=145.5
2025-10-23 08:31:05,364 - DEBUG - Iter 97700: T=0.65, Fitness_actual=127.6, Mejor=145.5
2025-10-23 08:31:21,912 - DEBUG - Iter 97800: T=0.65, Fitness_actual=128.6, Mejor=145.5
2025-10-23 08:31:38,423 - DEBUG - Iter 97900: T=0.64, Fitness_actual=127.7, Mejor=145.5
2025-10-23 08:31:54,914 - INFO -   Iter 98000 | Tiempo:  176.1min (73.4%) | T =     0.64 | Fitness =    124.7 | Mejor =    145.5 | Aceptación =  79.4%
2025-10-23 08:31:54,914 - INFO - Progreso iter 98000: T=0.64, Fitness=124.7, Mejor=145.5, Tasa_acept=79.4%
2025-10-23 08:31:54,917 - DEBUG - Iter 98000: T=0.64, Fitness_actual=124.7, Mejor=145.5
2025-10-23 08:32:03,193 - WARNING - ⚠️  DEGRADACIÓN DETECTADA en iter 98050:
2025-10-23 08:32:03,193 - WARNING -    Mejor fitness: 145.5
2025-10-23 08:32:03,194 - WARNING -    Fitness promedio reciente: 124.4
2025-10-23 08:32:03,194 - WARNING -    Degradación: 21.1
2025-10-23 08:32:03,194 - WARNING -    🔄 RESTAURANDO mejor solución...
2025-10-23 08:32:03,195 - INFO - 🌟 MEJORA #342 en iter 98050: Fitness=145.5 (+0.0), Puntos=15996
2025-10-23 08:32:03,364 - INFO - 🌟 MEJORA #343 en iter 98051: Fitness=145.5 (+0.0), Puntos=15996
2025-10-23 08:32:11,447 - DEBUG - Iter 98100: T=0.64, Fitness_actual=140.2, Mejor=145.5
2025-10-23 08:32:27,952 - DEBUG - Iter 98200: T=0.64, Fitness_actual=134.2, Mejor=145.5
2025-10-23 08:32:44,456 - DEBUG - Iter 98300: T=0.64, Fitness_actual=136.5, Mejor=145.5
2025-10-23 08:33:01,021 - DEBUG - Iter 98400: T=0.63, Fitness_actual=134.5, Mejor=145.5
2025-10-23 08:33:17,582 - INFO -   Iter 98500 | Tiempo:  177.5min (74.0%) | T =     0.63 | Fitness =    132.8 | Mejor =    145.5 | Aceptación =  79.4%
2025-10-23 08:33:17,582 - INFO - Progreso iter 98500: T=0.63, Fitness=132.8, Mejor=145.5, Tasa_acept=79.4%
2025-10-23 08:33:17,585 - DEBUG - Iter 98500: T=0.63, Fitness_actual=132.8, Mejor=145.5
2025-10-23 08:33:34,066 - DEBUG - Iter 98600: T=0.63, Fitness_actual=133.1, Mejor=145.5
2025-10-23 08:33:50,542 - DEBUG - Iter 98700: T=0.63, Fitness_actual=135.3, Mejor=145.5
2025-10-23 08:34:07,042 - DEBUG - Iter 98800: T=0.63, Fitness_actual=133.8, Mejor=145.5
2025-10-23 08:34:23,577 - DEBUG - Iter 98900: T=0.63, Fitness_actual=134.3, Mejor=145.5
2025-10-23 08:34:40,077 - INFO -   Iter 99000 | Tiempo:  178.9min (74.5%) | T =     0.62 | Fitness =    136.1 | Mejor =    145.5 | Aceptación =  79.4%
2025-10-23 08:34:40,078 - INFO - Progreso iter 99000: T=0.62, Fitness=136.1, Mejor=145.5, Tasa_acept=79.4%
2025-10-23 08:34:40,079 - DEBUG - Iter 99000: T=0.62, Fitness_actual=136.1, Mejor=145.5
2025-10-23 08:34:56,594 - DEBUG - Iter 99100: T=0.62, Fitness_actual=132.8, Mejor=145.5
2025-10-23 08:35:13,106 - DEBUG - Iter 99200: T=0.62, Fitness_actual=134.6, Mejor=145.5
2025-10-23 08:35:29,671 - DEBUG - Iter 99300: T=0.62, Fitness_actual=134.3, Mejor=145.5
2025-10-23 08:35:46,227 - DEBUG - Iter 99400: T=0.62, Fitness_actual=131.9, Mejor=145.5
2025-10-23 08:36:02,809 - INFO -   Iter 99500 | Tiempo:  180.3min (75.1%) | T =     0.61 | Fitness =    132.9 | Mejor =    145.5 | Aceptación =  79.4%
2025-10-23 08:36:02,810 - INFO - Progreso iter 99500: T=0.61, Fitness=132.9, Mejor=145.5, Tasa_acept=79.4%
2025-10-23 08:36:02,811 - DEBUG - Iter 99500: T=0.61, Fitness_actual=132.9, Mejor=145.5
2025-10-23 08:36:19,506 - DEBUG - Iter 99600: T=0.61, Fitness_actual=134.2, Mejor=145.5
2025-10-23 08:36:36,098 - DEBUG - Iter 99700: T=0.61, Fitness_actual=133.1, Mejor=145.5
2025-10-23 08:36:52,683 - DEBUG - Iter 99800: T=0.61, Fitness_actual=130.0, Mejor=145.5
2025-10-23 08:37:09,404 - DEBUG - Iter 99900: T=0.61, Fitness_actual=133.7, Mejor=145.5
2025-10-23 08:37:26,019 - INFO -   Iter 100000 | Tiempo:  181.7min (75.7%) | T =     0.61 | Fitness =    133.1 | Mejor =    145.5 | Aceptación =  79.4%
2025-10-23 08:37:26,019 - INFO - Progreso iter 100000: T=0.61, Fitness=133.1, Mejor=145.5, Tasa_acept=79.4%
2025-10-23 08:37:26,021 - DEBUG - Iter 100000: T=0.61, Fitness_actual=133.1, Mejor=145.5
2025-10-23 08:37:42,679 - DEBUG - Iter 100100: T=0.60, Fitness_actual=133.0, Mejor=145.5
2025-10-23 08:37:59,423 - DEBUG - Iter 100200: T=0.60, Fitness_actual=133.0, Mejor=145.5
2025-10-23 08:38:16,100 - DEBUG - Iter 100300: T=0.60, Fitness_actual=131.2, Mejor=145.5
2025-10-23 08:38:32,784 - DEBUG - Iter 100400: T=0.60, Fitness_actual=132.0, Mejor=145.5
2025-10-23 08:38:49,447 - INFO -   Iter 100500 | Tiempo:  183.1min (76.3%) | T =     0.60 | Fitness =    133.3 | Mejor =    145.5 | Aceptación =  79.4%
2025-10-23 08:38:49,447 - INFO - Progreso iter 100500: T=0.60, Fitness=133.3, Mejor=145.5, Tasa_acept=79.4%
2025-10-23 08:38:49,449 - DEBUG - Iter 100500: T=0.60, Fitness_actual=133.3, Mejor=145.5
2025-10-23 08:39:06,184 - DEBUG - Iter 100600: T=0.60, Fitness_actual=129.4, Mejor=145.5
2025-10-23 08:39:22,988 - DEBUG - Iter 100700: T=0.59, Fitness_actual=128.3, Mejor=145.5
2025-10-23 08:39:39,800 - DEBUG - Iter 100800: T=0.59, Fitness_actual=130.4, Mejor=145.5
2025-10-23 08:39:56,543 - DEBUG - Iter 100900: T=0.59, Fitness_actual=129.6, Mejor=145.5
2025-10-23 08:40:13,317 - INFO -   Iter 101000 | Tiempo:  184.4min (76.9%) | T =     0.59 | Fitness =    129.2 | Mejor =    145.5 | Aceptación =  79.4%
2025-10-23 08:40:13,317 - INFO - Progreso iter 101000: T=0.59, Fitness=129.2, Mejor=145.5, Tasa_acept=79.4%
2025-10-23 08:40:13,321 - DEBUG - Iter 101000: T=0.59, Fitness_actual=129.2, Mejor=145.5
2025-10-23 08:40:30,104 - DEBUG - Iter 101100: T=0.59, Fitness_actual=131.2, Mejor=145.5
2025-10-23 08:40:46,906 - DEBUG - Iter 101200: T=0.59, Fitness_actual=129.2, Mejor=145.5
2025-10-23 08:41:03,704 - DEBUG - Iter 101300: T=0.58, Fitness_actual=128.9, Mejor=145.5
2025-10-23 08:41:20,571 - DEBUG - Iter 101400: T=0.58, Fitness_actual=130.1, Mejor=145.5
2025-10-23 08:41:37,396 - INFO -   Iter 101500 | Tiempo:  185.9min (77.4%) | T =     0.58 | Fitness =    129.2 | Mejor =    145.5 | Aceptación =  79.4%
2025-10-23 08:41:37,396 - INFO - Progreso iter 101500: T=0.58, Fitness=129.2, Mejor=145.5, Tasa_acept=79.4%
2025-10-23 08:41:37,398 - DEBUG - Iter 101500: T=0.58, Fitness_actual=129.2, Mejor=145.5
2025-10-23 08:41:54,207 - DEBUG - Iter 101600: T=0.58, Fitness_actual=129.3, Mejor=145.5
2025-10-23 08:42:11,081 - DEBUG - Iter 101700: T=0.58, Fitness_actual=129.3, Mejor=145.5
2025-10-23 08:42:27,925 - DEBUG - Iter 101800: T=0.58, Fitness_actual=128.4, Mejor=145.5
2025-10-23 08:42:44,819 - DEBUG - Iter 101900: T=0.57, Fitness_actual=129.2, Mejor=145.5
2025-10-23 08:43:01,658 - INFO -   Iter 102000 | Tiempo:  187.3min (78.0%) | T =     0.57 | Fitness =    130.3 | Mejor =    145.5 | Aceptación =  79.4%
2025-10-23 08:43:01,658 - INFO - Progreso iter 102000: T=0.57, Fitness=130.3, Mejor=145.5, Tasa_acept=79.4%
2025-10-23 08:43:01,662 - DEBUG - Iter 102000: T=0.57, Fitness_actual=130.3, Mejor=145.5
2025-10-23 08:43:18,646 - DEBUG - Iter 102100: T=0.57, Fitness_actual=129.6, Mejor=145.5
2025-10-23 08:43:35,633 - DEBUG - Iter 102200: T=0.57, Fitness_actual=128.7, Mejor=145.5
2025-10-23 08:43:52,587 - DEBUG - Iter 102300: T=0.57, Fitness_actual=129.0, Mejor=145.5
2025-10-23 08:44:09,568 - DEBUG - Iter 102400: T=0.57, Fitness_actual=130.6, Mejor=145.5
2025-10-23 08:44:26,495 - INFO -   Iter 102500 | Tiempo:  188.7min (78.6%) | T =     0.56 | Fitness =    127.1 | Mejor =    145.5 | Aceptación =  79.4%
2025-10-23 08:44:26,496 - INFO - Progreso iter 102500: T=0.56, Fitness=127.1, Mejor=145.5, Tasa_acept=79.4%
2025-10-23 08:44:26,498 - DEBUG - Iter 102500: T=0.56, Fitness_actual=127.1, Mejor=145.5
2025-10-23 08:44:43,516 - DEBUG - Iter 102600: T=0.56, Fitness_actual=127.5, Mejor=145.5
2025-10-23 08:45:00,533 - DEBUG - Iter 102700: T=0.56, Fitness_actual=126.8, Mejor=145.5
2025-10-23 08:45:17,569 - DEBUG - Iter 102800: T=0.56, Fitness_actual=126.4, Mejor=145.5
2025-10-23 08:45:26,116 - WARNING - ⚠️  DEGRADACIÓN DETECTADA en iter 102850:
2025-10-23 08:45:26,117 - WARNING -    Mejor fitness: 145.5
2025-10-23 08:45:26,117 - WARNING -    Fitness promedio reciente: 124.9
2025-10-23 08:45:26,118 - WARNING -    Degradación: 20.6
2025-10-23 08:45:26,118 - WARNING -    🔄 RESTAURANDO mejor solución...
2025-10-23 08:45:26,119 - INFO - 🌟 MEJORA #344 en iter 102850: Fitness=145.5 (+0.0), Puntos=15996
2025-10-23 08:45:32,284 - INFO - 🌟 MEJORA #345 en iter 102886: Fitness=145.5 (+0.0), Puntos=15996
2025-10-23 08:45:32,284 - INFO -   ✨ Mejora #345 en iteración 102887: Fitness = 145.5 | Puntos = 15996 | T = 0.56
2025-10-23 08:45:34,670 - DEBUG - Iter 102900: T=0.56, Fitness_actual=145.3, Mejor=145.5
2025-10-23 08:45:51,669 - INFO -   Iter 103000 | Tiempo:  190.1min (79.2%) | T =     0.56 | Fitness =    140.1 | Mejor =    145.5 | Aceptación =  79.4%
2025-10-23 08:45:51,669 - INFO - Progreso iter 103000: T=0.56, Fitness=140.1, Mejor=145.5, Tasa_acept=79.4%
2025-10-23 08:45:51,671 - DEBUG - Iter 103000: T=0.56, Fitness_actual=140.1, Mejor=145.5
2025-10-23 08:46:08,726 - DEBUG - Iter 103100: T=0.55, Fitness_actual=139.1, Mejor=145.5
2025-10-23 08:46:25,791 - DEBUG - Iter 103200: T=0.55, Fitness_actual=138.3, Mejor=145.5
2025-10-23 08:46:42,834 - DEBUG - Iter 103300: T=0.55, Fitness_actual=138.6, Mejor=145.5
2025-10-23 08:46:59,871 - DEBUG - Iter 103400: T=0.55, Fitness_actual=139.4, Mejor=145.5
2025-10-23 08:47:16,918 - INFO -   Iter 103500 | Tiempo:  191.5min (79.8%) | T =     0.55 | Fitness =    139.3 | Mejor =    145.5 | Aceptación =  79.3%
2025-10-23 08:47:16,918 - INFO - Progreso iter 103500: T=0.55, Fitness=139.3, Mejor=145.5, Tasa_acept=79.3%
2025-10-23 08:47:16,920 - DEBUG - Iter 103500: T=0.55, Fitness_actual=139.3, Mejor=145.5
2025-10-23 08:47:33,968 - DEBUG - Iter 103600: T=0.55, Fitness_actual=139.6, Mejor=145.5
2025-10-23 08:47:51,032 - DEBUG - Iter 103700: T=0.54, Fitness_actual=138.4, Mejor=145.5
2025-10-23 08:48:08,069 - DEBUG - Iter 103800: T=0.54, Fitness_actual=137.3, Mejor=145.5
2025-10-23 08:48:25,141 - DEBUG - Iter 103900: T=0.54, Fitness_actual=137.3, Mejor=145.5
2025-10-23 08:48:42,297 - INFO -   Iter 104000 | Tiempo:  192.9min (80.4%) | T =     0.54 | Fitness =    135.7 | Mejor =    145.5 | Aceptación =  79.3%
2025-10-23 08:48:42,298 - INFO - Progreso iter 104000: T=0.54, Fitness=135.7, Mejor=145.5, Tasa_acept=79.3%
2025-10-23 08:48:42,301 - DEBUG - Iter 104000: T=0.54, Fitness_actual=135.7, Mejor=145.5
2025-10-23 08:48:59,438 - DEBUG - Iter 104100: T=0.54, Fitness_actual=133.9, Mejor=145.5
2025-10-23 08:49:16,622 - DEBUG - Iter 104200: T=0.54, Fitness_actual=132.5, Mejor=145.5
2025-10-23 08:49:33,807 - DEBUG - Iter 104300: T=0.53, Fitness_actual=136.3, Mejor=145.5
2025-10-23 08:49:51,003 - DEBUG - Iter 104400: T=0.53, Fitness_actual=135.4, Mejor=145.5
2025-10-23 08:50:08,230 - INFO -   Iter 104500 | Tiempo:  194.4min (81.0%) | T =     0.53 | Fitness =    131.3 | Mejor =    145.5 | Aceptación =  79.3%
2025-10-23 08:50:08,230 - INFO - Progreso iter 104500: T=0.53, Fitness=131.3, Mejor=145.5, Tasa_acept=79.3%
2025-10-23 08:50:08,233 - DEBUG - Iter 104500: T=0.53, Fitness_actual=131.3, Mejor=145.5
2025-10-23 08:50:25,446 - DEBUG - Iter 104600: T=0.53, Fitness_actual=135.2, Mejor=145.5
2025-10-23 08:50:42,656 - DEBUG - Iter 104700: T=0.53, Fitness_actual=134.1, Mejor=145.5
2025-10-23 08:50:59,881 - DEBUG - Iter 104800: T=0.53, Fitness_actual=134.1, Mejor=145.5
2025-10-23 08:51:17,204 - DEBUG - Iter 104900: T=0.53, Fitness_actual=132.9, Mejor=145.5
2025-10-23 08:51:34,465 - INFO -   Iter 105000 | Tiempo:  195.8min (81.6%) | T =     0.52 | Fitness =    134.4 | Mejor =    145.5 | Aceptación =  79.3%
2025-10-23 08:51:34,465 - INFO - Progreso iter 105000: T=0.52, Fitness=134.4, Mejor=145.5, Tasa_acept=79.3%
2025-10-23 08:51:34,468 - DEBUG - Iter 105000: T=0.52, Fitness_actual=134.4, Mejor=145.5
2025-10-23 08:51:51,748 - DEBUG - Iter 105100: T=0.52, Fitness_actual=133.4, Mejor=145.5
2025-10-23 08:52:09,179 - DEBUG - Iter 105200: T=0.52, Fitness_actual=132.9, Mejor=145.5
2025-10-23 08:52:26,513 - DEBUG - Iter 105300: T=0.52, Fitness_actual=132.5, Mejor=145.5
2025-10-23 08:52:43,870 - DEBUG - Iter 105400: T=0.52, Fitness_actual=131.2, Mejor=145.5
2025-10-23 08:53:01,208 - INFO -   Iter 105500 | Tiempo:  197.2min (82.2%) | T =     0.52 | Fitness =    129.7 | Mejor =    145.5 | Aceptación =  79.3%
2025-10-23 08:53:01,209 - INFO - Progreso iter 105500: T=0.52, Fitness=129.7, Mejor=145.5, Tasa_acept=79.3%
2025-10-23 08:53:01,211 - DEBUG - Iter 105500: T=0.52, Fitness_actual=129.7, Mejor=145.5
2025-10-23 08:53:18,532 - DEBUG - Iter 105600: T=0.51, Fitness_actual=131.3, Mejor=145.5
2025-10-23 08:53:35,878 - DEBUG - Iter 105700: T=0.51, Fitness_actual=131.7, Mejor=145.5
2025-10-23 08:53:53,234 - DEBUG - Iter 105800: T=0.51, Fitness_actual=131.8, Mejor=145.5
2025-10-23 08:54:10,596 - DEBUG - Iter 105900: T=0.51, Fitness_actual=131.8, Mejor=145.5
2025-10-23 08:54:27,880 - INFO -   Iter 106000 | Tiempo:  198.7min (82.8%) | T =     0.51 | Fitness =    132.8 | Mejor =    145.5 | Aceptación =  79.4%
2025-10-23 08:54:27,880 - INFO - Progreso iter 106000: T=0.51, Fitness=132.8, Mejor=145.5, Tasa_acept=79.4%
2025-10-23 08:54:27,883 - DEBUG - Iter 106000: T=0.51, Fitness_actual=132.8, Mejor=145.5
2025-10-23 08:54:45,190 - DEBUG - Iter 106100: T=0.51, Fitness_actual=132.9, Mejor=145.5
2025-10-23 08:55:02,519 - DEBUG - Iter 106200: T=0.51, Fitness_actual=131.7, Mejor=145.5
2025-10-23 08:55:19,841 - DEBUG - Iter 106300: T=0.50, Fitness_actual=131.2, Mejor=145.5
2025-10-23 08:55:37,278 - DEBUG - Iter 106400: T=0.50, Fitness_actual=130.0, Mejor=145.5
2025-10-23 08:55:54,627 - INFO -   Iter 106500 | Tiempo:  200.1min (83.4%) | T =     0.50 | Fitness =    131.7 | Mejor =    145.5 | Aceptación =  79.3%
2025-10-23 08:55:54,628 - INFO - Progreso iter 106500: T=0.50, Fitness=131.7, Mejor=145.5, Tasa_acept=79.3%
2025-10-23 08:55:54,631 - DEBUG - Iter 106500: T=0.50, Fitness_actual=131.7, Mejor=145.5
2025-10-23 08:56:12,076 - DEBUG - Iter 106600: T=0.50, Fitness_actual=133.2, Mejor=145.5
2025-10-23 08:56:29,459 - DEBUG - Iter 106700: T=0.50, Fitness_actual=133.6, Mejor=145.5
2025-10-23 08:56:46,845 - DEBUG - Iter 106800: T=0.50, Fitness_actual=131.4, Mejor=145.5
2025-10-23 08:57:04,328 - DEBUG - Iter 106900: T=0.50, Fitness_actual=129.4, Mejor=145.5
2025-10-23 08:57:21,847 - INFO -   Iter 107000 | Tiempo:  201.6min (84.0%) | T =     0.49 | Fitness =    129.2 | Mejor =    145.5 | Aceptación =  79.3%
2025-10-23 08:57:21,848 - INFO - Progreso iter 107000: T=0.49, Fitness=129.2, Mejor=145.5, Tasa_acept=79.3%
2025-10-23 08:57:21,851 - DEBUG - Iter 107000: T=0.49, Fitness_actual=129.2, Mejor=145.5
2025-10-23 08:57:39,370 - DEBUG - Iter 107100: T=0.49, Fitness_actual=130.0, Mejor=145.5
2025-10-23 08:57:56,866 - DEBUG - Iter 107200: T=0.49, Fitness_actual=131.4, Mejor=145.5
2025-10-23 08:58:14,415 - DEBUG - Iter 107300: T=0.49, Fitness_actual=129.8, Mejor=145.5
2025-10-23 08:58:31,932 - DEBUG - Iter 107400: T=0.49, Fitness_actual=131.4, Mejor=145.5
2025-10-23 08:58:49,490 - INFO -   Iter 107500 | Tiempo:  203.1min (84.6%) | T =     0.49 | Fitness =    128.4 | Mejor =    145.5 | Aceptación =  79.3%
2025-10-23 08:58:49,491 - INFO - Progreso iter 107500: T=0.49, Fitness=128.4, Mejor=145.5, Tasa_acept=79.3%
2025-10-23 08:58:49,493 - DEBUG - Iter 107500: T=0.49, Fitness_actual=128.4, Mejor=145.5
2025-10-23 08:59:07,054 - DEBUG - Iter 107600: T=0.49, Fitness_actual=130.7, Mejor=145.5
2025-10-23 08:59:24,610 - DEBUG - Iter 107700: T=0.48, Fitness_actual=132.6, Mejor=145.5
2025-10-23 08:59:42,185 - DEBUG - Iter 107800: T=0.48, Fitness_actual=132.1, Mejor=145.5
2025-10-23 08:59:59,722 - DEBUG - Iter 107900: T=0.48, Fitness_actual=131.3, Mejor=145.5
2025-10-23 09:00:17,266 - INFO -   Iter 108000 | Tiempo:  204.5min (85.2%) | T =     0.48 | Fitness =    130.5 | Mejor =    145.5 | Aceptación =  79.3%
2025-10-23 09:00:17,267 - INFO - Progreso iter 108000: T=0.48, Fitness=130.5, Mejor=145.5, Tasa_acept=79.3%
2025-10-23 09:00:17,270 - DEBUG - Iter 108000: T=0.48, Fitness_actual=130.5, Mejor=145.5
2025-10-23 09:00:34,811 - DEBUG - Iter 108100: T=0.48, Fitness_actual=129.5, Mejor=145.5
2025-10-23 09:00:52,373 - DEBUG - Iter 108200: T=0.48, Fitness_actual=129.7, Mejor=145.5
2025-10-23 09:01:10,208 - DEBUG - Iter 108300: T=0.48, Fitness_actual=130.7, Mejor=145.5
2025-10-23 09:01:27,866 - DEBUG - Iter 108400: T=0.47, Fitness_actual=133.9, Mejor=145.5
2025-10-23 09:01:45,471 - INFO -   Iter 108500 | Tiempo:  206.0min (85.8%) | T =     0.47 | Fitness =    134.9 | Mejor =    145.5 | Aceptación =  79.3%
2025-10-23 09:01:45,471 - INFO - Progreso iter 108500: T=0.47, Fitness=134.9, Mejor=145.5, Tasa_acept=79.3%
2025-10-23 09:01:45,473 - DEBUG - Iter 108500: T=0.47, Fitness_actual=134.9, Mejor=145.5
2025-10-23 09:02:03,176 - DEBUG - Iter 108600: T=0.47, Fitness_actual=133.0, Mejor=145.5
2025-10-23 09:02:20,817 - DEBUG - Iter 108700: T=0.47, Fitness_actual=132.3, Mejor=145.5
2025-10-23 09:02:38,488 - DEBUG - Iter 108800: T=0.47, Fitness_actual=131.5, Mejor=145.5
2025-10-23 09:02:56,113 - DEBUG - Iter 108900: T=0.47, Fitness_actual=130.4, Mejor=145.5
2025-10-23 09:03:13,747 - INFO -   Iter 109000 | Tiempo:  207.5min (86.4%) | T =     0.47 | Fitness =    131.7 | Mejor =    145.5 | Aceptación =  79.3%
2025-10-23 09:03:13,747 - INFO - Progreso iter 109000: T=0.47, Fitness=131.7, Mejor=145.5, Tasa_acept=79.3%
2025-10-23 09:03:13,749 - DEBUG - Iter 109000: T=0.47, Fitness_actual=131.7, Mejor=145.5
2025-10-23 09:03:31,420 - DEBUG - Iter 109100: T=0.47, Fitness_actual=131.2, Mejor=145.5
2025-10-23 09:03:49,109 - DEBUG - Iter 109200: T=0.46, Fitness_actual=132.2, Mejor=145.5
2025-10-23 09:04:06,769 - DEBUG - Iter 109300: T=0.46, Fitness_actual=126.2, Mejor=145.5
2025-10-23 09:04:15,604 - WARNING - ⚠️  DEGRADACIÓN DETECTADA en iter 109350:
2025-10-23 09:04:15,604 - WARNING -    Mejor fitness: 145.5
2025-10-23 09:04:15,605 - WARNING -    Fitness promedio reciente: 125.5
2025-10-23 09:04:15,605 - WARNING -    Degradación: 20.0
2025-10-23 09:04:15,605 - WARNING -    🔄 RESTAURANDO mejor solución...
2025-10-23 09:04:15,607 - INFO - 🌟 MEJORA #346 en iter 109350: Fitness=145.5 (+0.0), Puntos=15996
2025-10-23 09:04:24,479 - DEBUG - Iter 109400: T=0.46, Fitness_actual=145.3, Mejor=145.5
2025-10-23 09:04:42,232 - INFO -   Iter 109500 | Tiempo:  208.9min (87.1%) | T =     0.46 | Fitness =    145.1 | Mejor =    145.5 | Aceptación =  79.3%
2025-10-23 09:04:42,232 - INFO - Progreso iter 109500: T=0.46, Fitness=145.1, Mejor=145.5, Tasa_acept=79.3%
2025-10-23 09:04:42,233 - DEBUG - Iter 109500: T=0.46, Fitness_actual=145.1, Mejor=145.5
2025-10-23 09:04:59,944 - DEBUG - Iter 109600: T=0.46, Fitness_actual=144.1, Mejor=145.5
2025-10-23 09:05:17,715 - DEBUG - Iter 109700: T=0.46, Fitness_actual=143.3, Mejor=145.5
2025-10-23 09:05:35,532 - DEBUG - Iter 109800: T=0.46, Fitness_actual=144.2, Mejor=145.5
2025-10-23 09:05:53,335 - DEBUG - Iter 109900: T=0.45, Fitness_actual=144.7, Mejor=145.5
2025-10-23 09:06:11,226 - INFO -   Iter 110000 | Tiempo:  210.4min (87.7%) | T =     0.45 | Fitness =    143.7 | Mejor =    145.5 | Aceptación =  79.2%
2025-10-23 09:06:11,227 - INFO - Progreso iter 110000: T=0.45, Fitness=143.7, Mejor=145.5, Tasa_acept=79.2%
2025-10-23 09:06:11,228 - DEBUG - Iter 110000: T=0.45, Fitness_actual=143.7, Mejor=145.5
2025-10-23 09:06:29,067 - DEBUG - Iter 110100: T=0.45, Fitness_actual=142.6, Mejor=145.5
2025-10-23 09:06:46,885 - DEBUG - Iter 110200: T=0.45, Fitness_actual=143.5, Mejor=145.5
2025-10-23 09:07:04,798 - DEBUG - Iter 110300: T=0.45, Fitness_actual=143.5, Mejor=145.5
2025-10-23 09:07:22,658 - DEBUG - Iter 110400: T=0.45, Fitness_actual=143.3, Mejor=145.5
2025-10-23 09:07:40,454 - INFO -   Iter 110500 | Tiempo:  211.9min (88.3%) | T =     0.45 | Fitness =    141.6 | Mejor =    145.5 | Aceptación =  79.1%
2025-10-23 09:07:40,455 - INFO - Progreso iter 110500: T=0.45, Fitness=141.6, Mejor=145.5, Tasa_acept=79.1%
2025-10-23 09:07:40,458 - DEBUG - Iter 110500: T=0.45, Fitness_actual=141.6, Mejor=145.5
2025-10-23 09:07:58,306 - DEBUG - Iter 110600: T=0.45, Fitness_actual=141.0, Mejor=145.5
2025-10-23 09:08:16,137 - DEBUG - Iter 110700: T=0.44, Fitness_actual=140.9, Mejor=145.5
2025-10-23 09:08:33,960 - DEBUG - Iter 110800: T=0.44, Fitness_actual=141.1, Mejor=145.5
2025-10-23 09:08:51,850 - DEBUG - Iter 110900: T=0.44, Fitness_actual=143.2, Mejor=145.5
2025-10-23 09:09:09,779 - INFO -   Iter 111000 | Tiempo:  213.4min (88.9%) | T =     0.44 | Fitness =    142.1 | Mejor =    145.5 | Aceptación =  79.1%
2025-10-23 09:09:09,779 - INFO - Progreso iter 111000: T=0.44, Fitness=142.1, Mejor=145.5, Tasa_acept=79.1%
2025-10-23 09:09:09,780 - DEBUG - Iter 111000: T=0.44, Fitness_actual=142.1, Mejor=145.5
2025-10-23 09:09:27,703 - DEBUG - Iter 111100: T=0.44, Fitness_actual=140.4, Mejor=145.5
2025-10-23 09:09:45,714 - DEBUG - Iter 111200: T=0.44, Fitness_actual=141.8, Mejor=145.5
2025-10-23 09:10:03,615 - DEBUG - Iter 111300: T=0.44, Fitness_actual=141.6, Mejor=145.5
2025-10-23 09:10:21,572 - DEBUG - Iter 111400: T=0.44, Fitness_actual=141.9, Mejor=145.5
2025-10-23 09:10:39,526 - INFO -   Iter 111500 | Tiempo:  214.9min (89.5%) | T =     0.43 | Fitness =    140.8 | Mejor =    145.5 | Aceptación =  79.0%
2025-10-23 09:10:39,526 - INFO - Progreso iter 111500: T=0.43, Fitness=140.8, Mejor=145.5, Tasa_acept=79.0%
2025-10-23 09:10:39,528 - DEBUG - Iter 111500: T=0.43, Fitness_actual=140.8, Mejor=145.5
2025-10-23 09:10:57,487 - DEBUG - Iter 111600: T=0.43, Fitness_actual=140.9, Mejor=145.5
2025-10-23 09:11:15,606 - DEBUG - Iter 111700: T=0.43, Fitness_actual=140.8, Mejor=145.5
2025-10-23 09:11:33,664 - DEBUG - Iter 111800: T=0.43, Fitness_actual=139.8, Mejor=145.5
2025-10-23 09:11:51,680 - DEBUG - Iter 111900: T=0.43, Fitness_actual=137.0, Mejor=145.5
2025-10-23 09:12:09,837 - INFO -   Iter 112000 | Tiempo:  216.4min (90.2%) | T =     0.43 | Fitness =    136.9 | Mejor =    145.5 | Aceptación =  79.0%
2025-10-23 09:12:09,837 - INFO - Progreso iter 112000: T=0.43, Fitness=136.9, Mejor=145.5, Tasa_acept=79.0%
2025-10-23 09:12:09,839 - DEBUG - Iter 112000: T=0.43, Fitness_actual=136.9, Mejor=145.5
2025-10-23 09:12:28,082 - DEBUG - Iter 112100: T=0.43, Fitness_actual=140.7, Mejor=145.5
2025-10-23 09:12:46,179 - DEBUG - Iter 112200: T=0.43, Fitness_actual=140.3, Mejor=145.5
2025-10-23 09:13:04,322 - DEBUG - Iter 112300: T=0.42, Fitness_actual=138.7, Mejor=145.5
2025-10-23 09:13:22,449 - DEBUG - Iter 112400: T=0.42, Fitness_actual=140.6, Mejor=145.5
2025-10-23 09:13:40,519 - INFO -   Iter 112500 | Tiempo:  217.9min (90.8%) | T =     0.42 | Fitness =    140.6 | Mejor =    145.5 | Aceptación =  78.9%
2025-10-23 09:13:40,519 - INFO - Progreso iter 112500: T=0.42, Fitness=140.6, Mejor=145.5, Tasa_acept=78.9%
2025-10-23 09:13:40,521 - DEBUG - Iter 112500: T=0.42, Fitness_actual=140.6, Mejor=145.5
2025-10-23 09:13:58,655 - DEBUG - Iter 112600: T=0.42, Fitness_actual=139.8, Mejor=145.5
2025-10-23 09:14:16,782 - DEBUG - Iter 112700: T=0.42, Fitness_actual=140.9, Mejor=145.5
2025-10-23 09:14:34,866 - DEBUG - Iter 112800: T=0.42, Fitness_actual=139.4, Mejor=145.5
2025-10-23 09:14:53,011 - DEBUG - Iter 112900: T=0.42, Fitness_actual=140.3, Mejor=145.5
2025-10-23 09:15:11,112 - INFO -   Iter 113000 | Tiempo:  219.4min (91.4%) | T =     0.42 | Fitness =    139.5 | Mejor =    145.5 | Aceptación =  78.9%
2025-10-23 09:15:11,112 - INFO - Progreso iter 113000: T=0.42, Fitness=139.5, Mejor=145.5, Tasa_acept=78.9%
2025-10-23 09:15:11,114 - DEBUG - Iter 113000: T=0.42, Fitness_actual=139.5, Mejor=145.5
2025-10-23 09:15:29,228 - DEBUG - Iter 113100: T=0.41, Fitness_actual=140.5, Mejor=145.5
2025-10-23 09:15:47,394 - DEBUG - Iter 113200: T=0.41, Fitness_actual=139.2, Mejor=145.5
2025-10-23 09:16:05,596 - DEBUG - Iter 113300: T=0.41, Fitness_actual=137.8, Mejor=145.5
2025-10-23 09:16:23,859 - DEBUG - Iter 113400: T=0.41, Fitness_actual=136.5, Mejor=145.5
2025-10-23 09:16:42,092 - INFO -   Iter 113500 | Tiempo:  220.9min (92.1%) | T =     0.41 | Fitness =    138.3 | Mejor =    145.5 | Aceptación =  78.8%
2025-10-23 09:16:42,092 - INFO - Progreso iter 113500: T=0.41, Fitness=138.3, Mejor=145.5, Tasa_acept=78.8%
2025-10-23 09:16:42,094 - DEBUG - Iter 113500: T=0.41, Fitness_actual=138.3, Mejor=145.5
2025-10-23 09:17:00,336 - DEBUG - Iter 113600: T=0.41, Fitness_actual=138.4, Mejor=145.5
2025-10-23 09:17:18,556 - DEBUG - Iter 113700: T=0.41, Fitness_actual=135.0, Mejor=145.5
2025-10-23 09:17:36,764 - DEBUG - Iter 113800: T=0.41, Fitness_actual=135.5, Mejor=145.5
2025-10-23 09:17:54,950 - DEBUG - Iter 113900: T=0.40, Fitness_actual=132.7, Mejor=145.5
2025-10-23 09:18:13,154 - INFO -   Iter 114000 | Tiempo:  222.4min (92.7%) | T =     0.40 | Fitness =    135.3 | Mejor =    145.5 | Aceptación =  78.8%
2025-10-23 09:18:13,154 - INFO - Progreso iter 114000: T=0.40, Fitness=135.3, Mejor=145.5, Tasa_acept=78.8%
2025-10-23 09:18:13,155 - DEBUG - Iter 114000: T=0.40, Fitness_actual=135.3, Mejor=145.5
2025-10-23 09:18:31,356 - DEBUG - Iter 114100: T=0.40, Fitness_actual=134.4, Mejor=145.5
2025-10-23 09:18:49,562 - DEBUG - Iter 114200: T=0.40, Fitness_actual=133.3, Mejor=145.5
2025-10-23 09:19:07,826 - DEBUG - Iter 114300: T=0.40, Fitness_actual=136.0, Mejor=145.5
2025-10-23 09:19:26,194 - DEBUG - Iter 114400: T=0.40, Fitness_actual=135.0, Mejor=145.5
2025-10-23 09:19:44,564 - INFO -   Iter 114500 | Tiempo:  224.0min (93.3%) | T =     0.40 | Fitness =    136.0 | Mejor =    145.5 | Aceptación =  78.7%
2025-10-23 09:19:44,564 - INFO - Progreso iter 114500: T=0.40, Fitness=136.0, Mejor=145.5, Tasa_acept=78.7%
2025-10-23 09:19:44,566 - DEBUG - Iter 114500: T=0.40, Fitness_actual=136.0, Mejor=145.5
2025-10-23 09:20:02,957 - DEBUG - Iter 114600: T=0.40, Fitness_actual=136.0, Mejor=145.5
2025-10-23 09:20:21,349 - DEBUG - Iter 114700: T=0.40, Fitness_actual=137.9, Mejor=145.5
2025-10-23 09:20:39,714 - DEBUG - Iter 114800: T=0.39, Fitness_actual=137.3, Mejor=145.5
2025-10-23 09:20:58,101 - DEBUG - Iter 114900: T=0.39, Fitness_actual=137.6, Mejor=145.5
2025-10-23 09:21:16,664 - INFO -   Iter 115000 | Tiempo:  225.5min (94.0%) | T =     0.39 | Fitness =    135.4 | Mejor =    145.5 | Aceptación =  78.7%
2025-10-23 09:21:16,664 - INFO - Progreso iter 115000: T=0.39, Fitness=135.4, Mejor=145.5, Tasa_acept=78.7%
2025-10-23 09:21:16,666 - DEBUG - Iter 115000: T=0.39, Fitness_actual=135.4, Mejor=145.5
2025-10-23 09:21:35,110 - DEBUG - Iter 115100: T=0.39, Fitness_actual=136.2, Mejor=145.5
2025-10-23 09:21:53,625 - DEBUG - Iter 115200: T=0.39, Fitness_actual=137.2, Mejor=145.5
2025-10-23 09:22:12,148 - DEBUG - Iter 115300: T=0.39, Fitness_actual=136.7, Mejor=145.5
2025-10-23 09:22:30,667 - DEBUG - Iter 115400: T=0.39, Fitness_actual=135.7, Mejor=145.5
2025-10-23 09:22:49,116 - INFO -   Iter 115500 | Tiempo:  227.0min (94.6%) | T =     0.39 | Fitness =    135.5 | Mejor =    145.5 | Aceptación =  78.6%
2025-10-23 09:22:49,116 - INFO - Progreso iter 115500: T=0.39, Fitness=135.5, Mejor=145.5, Tasa_acept=78.6%
2025-10-23 09:22:49,118 - DEBUG - Iter 115500: T=0.39, Fitness_actual=135.5, Mejor=145.5
2025-10-23 09:23:07,645 - DEBUG - Iter 115600: T=0.39, Fitness_actual=135.6, Mejor=145.5
2025-10-23 09:23:26,172 - DEBUG - Iter 115700: T=0.38, Fitness_actual=135.8, Mejor=145.5
2025-10-23 09:23:44,648 - DEBUG - Iter 115800: T=0.38, Fitness_actual=135.8, Mejor=145.5
2025-10-23 09:24:03,156 - DEBUG - Iter 115900: T=0.38, Fitness_actual=135.3, Mejor=145.5
2025-10-23 09:24:21,722 - INFO -   Iter 116000 | Tiempo:  228.6min (95.2%) | T =     0.38 | Fitness =    135.0 | Mejor =    145.5 | Aceptación =  78.6%
2025-10-23 09:24:21,722 - INFO - Progreso iter 116000: T=0.38, Fitness=135.0, Mejor=145.5, Tasa_acept=78.6%
2025-10-23 09:24:21,724 - DEBUG - Iter 116000: T=0.38, Fitness_actual=135.0, Mejor=145.5
2025-10-23 09:24:40,295 - DEBUG - Iter 116100: T=0.38, Fitness_actual=132.5, Mejor=145.5
2025-10-23 09:24:58,805 - DEBUG - Iter 116200: T=0.38, Fitness_actual=132.5, Mejor=145.5
2025-10-23 09:25:17,370 - DEBUG - Iter 116300: T=0.38, Fitness_actual=129.6, Mejor=145.5
2025-10-23 09:25:35,953 - DEBUG - Iter 116400: T=0.38, Fitness_actual=130.7, Mejor=145.5
2025-10-23 09:25:54,501 - INFO -   Iter 116500 | Tiempo:  230.1min (95.9%) | T =     0.38 | Fitness =    128.7 | Mejor =    145.5 | Aceptación =  78.5%
2025-10-23 09:25:54,501 - INFO - Progreso iter 116500: T=0.38, Fitness=128.7, Mejor=145.5, Tasa_acept=78.5%
2025-10-23 09:25:54,503 - DEBUG - Iter 116500: T=0.38, Fitness_actual=128.7, Mejor=145.5
2025-10-23 09:26:13,182 - DEBUG - Iter 116600: T=0.37, Fitness_actual=130.6, Mejor=145.5
2025-10-23 09:26:31,854 - DEBUG - Iter 116700: T=0.37, Fitness_actual=131.0, Mejor=145.5
2025-10-23 09:26:50,498 - DEBUG - Iter 116800: T=0.37, Fitness_actual=131.0, Mejor=145.5
2025-10-23 09:27:09,214 - DEBUG - Iter 116900: T=0.37, Fitness_actual=132.4, Mejor=145.5
2025-10-23 09:27:27,877 - INFO -   Iter 117000 | Tiempo:  231.7min (96.5%) | T =     0.37 | Fitness =    132.2 | Mejor =    145.5 | Aceptación =  78.5%
2025-10-23 09:27:27,877 - INFO - Progreso iter 117000: T=0.37, Fitness=132.2, Mejor=145.5, Tasa_acept=78.5%
2025-10-23 09:27:27,881 - DEBUG - Iter 117000: T=0.37, Fitness_actual=132.2, Mejor=145.5
2025-10-23 09:27:46,501 - DEBUG - Iter 117100: T=0.37, Fitness_actual=131.0, Mejor=145.5
2025-10-23 09:28:05,181 - DEBUG - Iter 117200: T=0.37, Fitness_actual=131.8, Mejor=145.5
2025-10-23 09:28:23,873 - DEBUG - Iter 117300: T=0.37, Fitness_actual=131.4, Mejor=145.5
2025-10-23 09:28:42,556 - DEBUG - Iter 117400: T=0.37, Fitness_actual=131.4, Mejor=145.5
2025-10-23 09:29:01,269 - INFO -   Iter 117500 | Tiempo:  233.2min (97.2%) | T =     0.37 | Fitness =    129.3 | Mejor =    145.5 | Aceptación =  78.4%
2025-10-23 09:29:01,269 - INFO - Progreso iter 117500: T=0.37, Fitness=129.3, Mejor=145.5, Tasa_acept=78.4%
2025-10-23 09:29:01,271 - DEBUG - Iter 117500: T=0.37, Fitness_actual=129.3, Mejor=145.5
2025-10-23 09:29:19,972 - DEBUG - Iter 117600: T=0.36, Fitness_actual=131.2, Mejor=145.5
2025-10-23 09:29:38,692 - DEBUG - Iter 117700: T=0.36, Fitness_actual=132.3, Mejor=145.5
2025-10-23 09:29:57,402 - DEBUG - Iter 117800: T=0.36, Fitness_actual=130.2, Mejor=145.5
2025-10-23 09:30:16,159 - DEBUG - Iter 117900: T=0.36, Fitness_actual=131.2, Mejor=145.5
2025-10-23 09:30:34,931 - INFO -   Iter 118000 | Tiempo:  234.8min (97.8%) | T =     0.36 | Fitness =    131.2 | Mejor =    145.5 | Aceptación =  78.4%
2025-10-23 09:30:34,931 - INFO - Progreso iter 118000: T=0.36, Fitness=131.2, Mejor=145.5, Tasa_acept=78.4%
2025-10-23 09:30:34,933 - DEBUG - Iter 118000: T=0.36, Fitness_actual=131.2, Mejor=145.5
2025-10-23 09:30:53,680 - DEBUG - Iter 118100: T=0.36, Fitness_actual=131.5, Mejor=145.5
2025-10-23 09:31:12,560 - DEBUG - Iter 118200: T=0.36, Fitness_actual=131.6, Mejor=145.5
2025-10-23 09:31:31,402 - DEBUG - Iter 118300: T=0.36, Fitness_actual=130.7, Mejor=145.5
2025-10-23 09:31:50,279 - DEBUG - Iter 118400: T=0.36, Fitness_actual=130.9, Mejor=145.5
2025-10-23 09:32:09,165 - INFO -   Iter 118500 | Tiempo:  236.4min (98.5%) | T =     0.36 | Fitness =    131.1 | Mejor =    145.5 | Aceptación =  78.4%
2025-10-23 09:32:09,166 - INFO - Progreso iter 118500: T=0.36, Fitness=131.1, Mejor=145.5, Tasa_acept=78.4%
2025-10-23 09:32:09,167 - DEBUG - Iter 118500: T=0.36, Fitness_actual=131.1, Mejor=145.5
2025-10-23 09:32:28,011 - DEBUG - Iter 118600: T=0.35, Fitness_actual=131.3, Mejor=145.5
2025-10-23 09:32:46,856 - DEBUG - Iter 118700: T=0.35, Fitness_actual=132.4, Mejor=145.5
2025-10-23 09:33:05,677 - DEBUG - Iter 118800: T=0.35, Fitness_actual=132.5, Mejor=145.5
2025-10-23 09:33:24,523 - DEBUG - Iter 118900: T=0.35, Fitness_actual=132.4, Mejor=145.5
2025-10-23 09:33:43,360 - INFO -   Iter 119000 | Tiempo:  237.9min (99.1%) | T =     0.35 | Fitness =    132.1 | Mejor =    145.5 | Aceptación =  78.3%
2025-10-23 09:33:43,360 - INFO - Progreso iter 119000: T=0.35, Fitness=132.1, Mejor=145.5, Tasa_acept=78.3%
2025-10-23 09:33:43,365 - DEBUG - Iter 119000: T=0.35, Fitness_actual=132.1, Mejor=145.5
2025-10-23 09:34:02,232 - DEBUG - Iter 119100: T=0.35, Fitness_actual=132.0, Mejor=145.5
2025-10-23 09:34:21,130 - DEBUG - Iter 119200: T=0.35, Fitness_actual=132.0, Mejor=145.5
2025-10-23 09:34:40,032 - DEBUG - Iter 119300: T=0.35, Fitness_actual=132.9, Mejor=145.5
2025-10-23 09:34:58,914 - DEBUG - Iter 119400: T=0.35, Fitness_actual=132.9, Mejor=145.5
2025-10-23 09:35:17,807 - INFO -   Iter 119500 | Tiempo:  239.5min (99.8%) | T =     0.35 | Fitness =    131.7 | Mejor =    145.5 | Aceptación =  78.3%
2025-10-23 09:35:17,808 - INFO - Progreso iter 119500: T=0.35, Fitness=131.7, Mejor=145.5, Tasa_acept=78.3%
2025-10-23 09:35:17,813 - DEBUG - Iter 119500: T=0.35, Fitness_actual=131.7, Mejor=145.5
2025-10-23 09:35:36,764 - DEBUG - Iter 119600: T=0.34, Fitness_actual=131.0, Mejor=145.5
2025-10-23 09:35:46,563 - INFO - ⏰ Tiempo máximo alcanzado: 240.0 minutos
2025-10-23 09:35:46,954 - INFO - 💾 Gráfica guardada: graficas\evolucion_fitness_sa_23_09_35.png
2025-10-23 09:35:46,954 - INFO - ================================================================================
2025-10-23 09:35:46,955 - INFO - ✅ ENFRIAMIENTO SIMULADO COMPLETADO
2025-10-23 09:35:46,955 - INFO - ================================================================================
2025-10-23 09:35:46,955 - INFO - Iteraciones: 119,653
2025-10-23 09:35:46,955 - INFO - Tiempo ejecución: 240.00 minutos
2025-10-23 09:35:46,956 - INFO - Fitness inicial: 99.8
2025-10-23 09:35:46,956 - INFO - Fitness final: 145.5
2025-10-23 09:35:46,956 - INFO - Mejora: +45.7 (+45.75%)
2025-10-23 09:35:46,956 - INFO - Mejoras encontradas: 346
2025-10-23 09:35:46,956 - INFO - Tasa aceptación: 78.27%
2025-10-23 09:35:46,957 - INFO - ================================================================================
2025-10-23 09:35:46,957 - INFO - ================================================================================
2025-10-23 09:35:46,957 - INFO - ✅ ENFRIAMIENTO SIMULADO COMPLETADO
2025-10-23 09:35:46,957 - INFO - ================================================================================
2025-10-23 09:35:46,957 - INFO - 
2025-10-23 09:35:46,958 - INFO - 📈 Estadísticas:
2025-10-23 09:35:46,958 - INFO -   • Iteraciones realizadas: 119,653
2025-10-23 09:35:46,958 - INFO -   • Tiempo de ejecución: 240.00 minutos (4.00 horas)
2025-10-23 09:35:46,958 - INFO -   • Temperatura final: 0.3440
2025-10-23 09:35:46,958 - INFO -   • Total aceptaciones: 93,648 (78.3%)
2025-10-23 09:35:46,959 - INFO -   • Total rechazos: 26,004
2025-10-23 09:35:46,959 - INFO -   • Mejoras encontradas: 346
2025-10-23 09:35:46,959 - INFO - 
2025-10-23 09:35:46,959 - INFO - 🏆 Resultados:
2025-10-23 09:35:46,960 - INFO -   • Fitness inicial: 99.8
2025-10-23 09:35:46,960 - INFO -   • Fitness final: 145.5
2025-10-23 09:35:46,960 - INFO -   • Mejora absoluta: +45.7
2025-10-23 09:35:46,960 - INFO -   • Mejora porcentual: +45.75%
2025-10-23 09:35:46,960 - INFO -   • Puntos totales: 15996
2025-10-23 09:35:46,961 - INFO -   • Tiempo total: 245.9h
2025-10-23 09:35:46,961 - INFO -   • Distancia total: 152.4km
2025-10-23 09:35:46,961 - INFO - ================================================================================
2025-10-23 09:35:46,961 - INFO - ================================================================================
2025-10-23 09:35:46,961 - INFO - 📋 ANÁLISIS DE LA SOLUCIÓN FINAL
2025-10-23 09:35:46,962 - INFO - ================================================================================
2025-10-23 09:35:47,456 - INFO - 💾 Resultados exportados a: resultados_sa_standalone_20251023_093546.json
2025-10-23 09:35:47,457 - INFO - 
2025-10-23 09:35:47,458 - INFO - ✅ Resultados guardados exitosamente:
2025-10-23 09:35:47,458 - INFO -    • JSON: resultados_sa_standalone_20251023_093546.json
2025-10-23 09:35:47,459 - INFO -    • Log: logs\23_05_35_sa.log
2025-10-23 09:35:47,459 - INFO -    • Gráfica: graficas/evolucion_fitness_sa_*.png
2025-10-23 09:35:47,459 - INFO - ✅ Ejecución completada exitosamente!
