2025-10-23 07:47:46,276 - INFO - 📝 Log iniciado: logs\23_07_47_sa.log
2025-10-23 07:47:46,277 - INFO - 🎲 Modo 1: Enfriamiento Simulado desde solución aleatoria
2025-10-23 07:47:46,278 - INFO - ================================================================================
2025-10-23 07:47:46,278 - INFO - 🔥 INICIANDO ENFRIAMIENTO SIMULADO
2025-10-23 07:47:46,278 - INFO - ================================================================================
2025-10-23 07:47:46,278 - INFO - 🎲 Generando solución inicial aleatoria...
2025-10-23 07:47:46,661 - INFO - Solución inicial creada - Fitness: 99.8, Puntos: 15233
2025-10-23 07:47:46,661 - INFO -   ✅ La solución del GA es válida (sin duplicados).
2025-10-23 07:47:46,662 - WARNING - ⚠️  T_inicial=100.0 es muy alta para temp. adaptativa con 240min
2025-10-23 07:47:46,662 - WARNING -    Ajustada automáticamente a T_inicial=20.0 para evitar sobre-exploración
2025-10-23 07:47:46,662 - INFO - 📊 Configuración para Enfriamiento Simulado:
2025-10-23 07:47:46,663 - INFO -   • Temperatura inicial: 20.0
2025-10-23 07:47:46,663 - INFO -   • Temperatura mínima: 0.1
2025-10-23 07:47:46,663 - INFO -   • Tipo de enfriamiento: 🔄 ADAPTATIVO (lineal por tiempo)
2025-10-23 07:47:46,663 - INFO -   • Máx. tiempo: 240.0 minutos (4.0 horas)
2025-10-23 07:47:46,663 - INFO -   • Máx. iter. sin mejora: 999,999
2025-10-23 07:47:46,663 - INFO -   • Usar optimización 2-opt: ✅ SÍ
2025-10-23 07:47:46,664 - INFO -   • Fitness inicial (REAL): 99.8
2025-10-23 07:47:46,664 - INFO -   • Puntos iniciales (REAL): 15233
2025-10-23 07:47:46,664 - INFO - ================================================================================
2025-10-23 07:47:47,232 - INFO - 🔄 Iniciando búsqueda...
2025-10-23 07:47:47,232 - INFO - Iniciando búsqueda por vecindario
2025-10-23 07:47:47,233 - INFO - Configuración: T_inicial=20.0, alpha=0.9995, max_tiempo=14400.0s, usar_2opt=True
2025-10-23 07:47:47,233 - INFO - --- Cambiando a Fase: Inicial (Exploración) (Progreso: 0.0%) ---
2025-10-23 07:47:47,237 - DEBUG - Iter 0: T=20.00, Fitness_actual=99.8, Mejor=99.8
2025-10-23 07:47:47,238 - INFO - 🌟 MEJORA #1 en iter 0: Fitness=99.8 (+0.0), Puntos=15233
2025-10-23 07:47:47,583 - INFO - 🌟 MEJORA #2 en iter 3: Fitness=100.8 (+1.0), Puntos=15231
2025-10-23 07:47:47,729 - INFO - 🌟 MEJORA #3 en iter 6: Fitness=100.9 (+0.1), Puntos=15237
2025-10-23 07:47:51,807 - DEBUG - Iter 100: T=19.98, Fitness_actual=73.5, Mejor=100.9
2025-10-23 07:47:54,334 - WARNING - ⚠️  DEGRADACIÓN DETECTADA en iter 150:
2025-10-23 07:47:54,334 - WARNING -    Mejor fitness: 100.9
2025-10-23 07:47:54,334 - WARNING -    Fitness promedio reciente: 58.3
2025-10-23 07:47:54,335 - WARNING -    Degradación: 42.6
2025-10-23 07:47:54,335 - WARNING -    🔄 RESTAURANDO mejor solución...
2025-10-23 07:47:54,386 - INFO - 🌟 MEJORA #4 en iter 151: Fitness=101.6 (+0.7), Puntos=14422
2025-10-23 07:47:54,484 - INFO - 🌟 MEJORA #5 en iter 153: Fitness=101.6 (+0.0), Puntos=14313
2025-10-23 07:47:54,484 - INFO -   ✨ Mejora #5 en iteración 154: Fitness = 101.6 | Puntos = 14313 | T = 19.97
2025-10-23 07:47:54,825 - INFO - 🌟 MEJORA #6 en iter 160: Fitness=103.0 (+1.4), Puntos=14475
2025-10-23 07:47:54,873 - INFO - 🌟 MEJORA #7 en iter 161: Fitness=103.5 (+0.5), Puntos=14475
2025-10-23 07:47:56,808 - DEBUG - Iter 200: T=19.96, Fitness_actual=93.8, Mejor=103.5
2025-10-23 07:48:01,225 - DEBUG - Iter 300: T=19.94, Fitness_actual=92.4, Mejor=103.5
2025-10-23 07:48:05,226 - INFO - Iter 385: Aceptada solución con delta=-13.5 (T=19.92)
2025-10-23 07:48:05,226 - INFO -   📊 Desglose del cambio:
2025-10-23 07:48:05,227 - INFO -      Puntos: -804 → 12096 total
2025-10-23 07:48:05,227 - INFO -      Tiempo: +730.4min → 13606.8min total
2025-10-23 07:48:05,227 - INFO -      Distancia: -12.5km → 135.3km total
2025-10-23 07:48:05,941 - WARNING - ⚠️  DEGRADACIÓN DETECTADA en iter 400:
2025-10-23 07:48:05,941 - WARNING -    Mejor fitness: 103.5
2025-10-23 07:48:05,942 - WARNING -    Fitness promedio reciente: 77.9
2025-10-23 07:48:05,942 - WARNING -    Degradación: 25.6
2025-10-23 07:48:05,943 - WARNING -    🔄 RESTAURANDO mejor solución...
2025-10-23 07:48:05,945 - DEBUG - Iter 400: T=19.92, Fitness_actual=103.5, Mejor=103.5
2025-10-23 07:48:10,226 - INFO -   Iter   500 | Tiempo:    0.4min ( 0.2%) | T =    19.90 | Fitness =     75.2 | Mejor =    103.5 | Aceptación =  97.4%
2025-10-23 07:48:10,226 - INFO - Progreso iter 500: T=19.90, Fitness=75.2, Mejor=103.5, Tasa_acept=97.4%
2025-10-23 07:48:10,227 - WARNING - ⚠️  DEGRADACIÓN DETECTADA en iter 500:
2025-10-23 07:48:10,227 - WARNING -    Mejor fitness: 103.5
2025-10-23 07:48:10,227 - WARNING -    Fitness promedio reciente: 75.5
2025-10-23 07:48:10,227 - WARNING -    Degradación: 27.9
2025-10-23 07:48:10,228 - WARNING -    🔄 RESTAURANDO mejor solución...
2025-10-23 07:48:10,230 - DEBUG - Iter 500: T=19.90, Fitness_actual=103.5, Mejor=103.5
2025-10-23 07:48:10,230 - INFO - 🌟 MEJORA #8 en iter 500: Fitness=103.5 (+0.0), Puntos=14479
2025-10-23 07:48:10,845 - INFO - 🌟 MEJORA #9 en iter 514: Fitness=103.7 (+0.2), Puntos=14493
2025-10-23 07:48:10,890 - INFO - 🌟 MEJORA #10 en iter 515: Fitness=104.2 (+0.5), Puntos=14493
2025-10-23 07:48:10,890 - INFO -   ✨ Mejora #10 en iteración 516: Fitness = 104.2 | Puntos = 14493 | T = 19.90
2025-10-23 07:48:14,759 - DEBUG - Iter 600: T=19.88, Fitness_actual=88.5, Mejor=104.2
2025-10-23 07:48:17,134 - WARNING - ⚠️  DEGRADACIÓN DETECTADA en iter 650:
2025-10-23 07:48:17,134 - WARNING -    Mejor fitness: 104.2
2025-10-23 07:48:17,135 - WARNING -    Fitness promedio reciente: 74.4
2025-10-23 07:48:17,135 - WARNING -    Degradación: 29.8
2025-10-23 07:48:17,135 - WARNING -    🔄 RESTAURANDO mejor solución...
2025-10-23 07:48:19,476 - DEBUG - Iter 700: T=19.86, Fitness_actual=89.5, Mejor=104.2
2025-10-23 07:48:20,162 - INFO - Iter 714: Aceptada solución con delta=-10.9 (T=19.86)
2025-10-23 07:48:20,163 - INFO -   📊 Desglose del cambio:
2025-10-23 07:48:20,163 - INFO -      Puntos: -586 → 13536 total
2025-10-23 07:48:20,163 - INFO -      Tiempo: +1657.2min → 14653.5min total
2025-10-23 07:48:20,164 - INFO -      Distancia: +0.3km → 175.4km total
2025-10-23 07:48:24,382 - WARNING - ⚠️  DEGRADACIÓN DETECTADA en iter 800:
2025-10-23 07:48:24,382 - WARNING -    Mejor fitness: 104.2
2025-10-23 07:48:24,383 - WARNING -    Fitness promedio reciente: 81.4
2025-10-23 07:48:24,383 - WARNING -    Degradación: 22.8
2025-10-23 07:48:24,383 - WARNING -    🔄 RESTAURANDO mejor solución...
2025-10-23 07:48:24,386 - DEBUG - Iter 800: T=19.84, Fitness_actual=104.2, Mejor=104.2
2025-10-23 07:48:24,435 - INFO - 🌟 MEJORA #11 en iter 801: Fitness=104.2 (+0.0), Puntos=14493
2025-10-23 07:48:28,973 - DEBUG - Iter 900: T=19.82, Fitness_actual=70.9, Mejor=104.2
2025-10-23 07:48:31,201 - WARNING - ⚠️  DEGRADACIÓN DETECTADA en iter 950:
2025-10-23 07:48:31,201 - WARNING -    Mejor fitness: 104.2
2025-10-23 07:48:31,201 - WARNING -    Fitness promedio reciente: 63.7
2025-10-23 07:48:31,202 - WARNING -    Degradación: 40.4
2025-10-23 07:48:31,202 - WARNING -    🔄 RESTAURANDO mejor solución...
2025-10-23 07:48:31,205 - INFO - 🌟 MEJORA #12 en iter 950: Fitness=104.3 (+0.1), Puntos=14459
2025-10-23 07:48:31,574 - INFO - 🌟 MEJORA #13 en iter 958: Fitness=104.4 (+0.1), Puntos=14820
2025-10-23 07:48:31,621 - INFO - 🌟 MEJORA #14 en iter 959: Fitness=104.6 (+0.2), Puntos=14842
2025-10-23 07:48:31,668 - INFO - 🌟 MEJORA #15 en iter 960: Fitness=104.6 (+0.0), Puntos=14842
2025-10-23 07:48:31,668 - INFO -   ✨ Mejora #15 en iteración 961: Fitness = 104.6 | Puntos = 14842 | T = 19.81
2025-10-23 07:48:31,762 - INFO - 🌟 MEJORA #16 en iter 962: Fitness=104.6 (+0.0), Puntos=14842
2025-10-23 07:48:33,529 - INFO -   Iter  1000 | Tiempo:    0.8min ( 0.3%) | T =    19.81 | Fitness =     91.3 | Mejor =    104.6 | Aceptación =  97.1%
2025-10-23 07:48:33,530 - INFO - Progreso iter 1000: T=19.81, Fitness=91.3, Mejor=104.6, Tasa_acept=97.1%
2025-10-23 07:48:33,555 - DEBUG - Iter 1000: T=19.81, Fitness_actual=91.3, Mejor=104.6
2025-10-23 07:48:38,288 - DEBUG - Iter 1100: T=19.79, Fitness_actual=95.0, Mejor=104.6
2025-10-23 07:48:43,222 - WARNING - ⚠️  DEGRADACIÓN DETECTADA en iter 1200:
2025-10-23 07:48:43,222 - WARNING -    Mejor fitness: 104.6
2025-10-23 07:48:43,223 - WARNING -    Fitness promedio reciente: 61.3
2025-10-23 07:48:43,223 - WARNING -    Degradación: 43.3
2025-10-23 07:48:43,224 - WARNING -    🔄 RESTAURANDO mejor solución...
2025-10-23 07:48:43,226 - DEBUG - Iter 1200: T=19.77, Fitness_actual=104.6, Mejor=104.6
2025-10-23 07:48:43,226 - INFO - 🌟 MEJORA #17 en iter 1200: Fitness=104.6 (+0.0), Puntos=14842
2025-10-23 07:48:43,276 - INFO - 🌟 MEJORA #18 en iter 1201: Fitness=104.6 (+0.0), Puntos=14842
2025-10-23 07:48:43,429 - INFO - 🌟 MEJORA #19 en iter 1204: Fitness=105.9 (+1.3), Puntos=14570
2025-10-23 07:48:48,330 - DEBUG - Iter 1300: T=19.74, Fitness_actual=74.1, Mejor=105.9
2025-10-23 07:48:50,865 - WARNING - ⚠️  DEGRADACIÓN DETECTADA en iter 1350:
2025-10-23 07:48:50,865 - WARNING -    Mejor fitness: 105.9
2025-10-23 07:48:50,865 - WARNING -    Fitness promedio reciente: 79.6
2025-10-23 07:48:50,866 - WARNING -    Degradación: 26.3
2025-10-23 07:48:50,866 - WARNING -    🔄 RESTAURANDO mejor solución...
2025-10-23 07:48:50,871 - INFO - 🌟 MEJORA #20 en iter 1350: Fitness=106.9 (+1.0), Puntos=14570
2025-10-23 07:48:50,871 - INFO -   ✨ Mejora #20 en iteración 1351: Fitness = 106.9 | Puntos = 14570 | T = 19.73
2025-10-23 07:48:50,925 - INFO - 🌟 MEJORA #21 en iter 1351: Fitness=108.9 (+2.0), Puntos=14622
2025-10-23 07:48:50,976 - INFO - 🌟 MEJORA #22 en iter 1352: Fitness=109.1 (+0.2), Puntos=14622
2025-10-23 07:48:53,500 - DEBUG - Iter 1400: T=19.72, Fitness_actual=87.0, Mejor=109.1
2025-10-23 07:48:54,573 - INFO - Iter 1420: Aceptada solución con delta=-14.0 (T=19.72)
2025-10-23 07:48:54,573 - INFO -   📊 Desglose del cambio:
2025-10-23 07:48:54,574 - INFO -      Puntos: -2 → 13231 total
2025-10-23 07:48:54,574 - INFO -      Tiempo: +572.6min → 14299.5min total
2025-10-23 07:48:54,574 - INFO -      Distancia: +0.9km → 162.0km total
2025-10-23 07:48:58,782 - INFO -   Iter  1500 | Tiempo:    1.2min ( 0.5%) | T =    19.70 | Fitness =     67.0 | Mejor =    109.1 | Aceptación =  97.4%
2025-10-23 07:48:58,782 - INFO - Progreso iter 1500: T=19.70, Fitness=67.0, Mejor=109.1, Tasa_acept=97.4%
2025-10-23 07:48:58,783 - WARNING - ⚠️  DEGRADACIÓN DETECTADA en iter 1500:
2025-10-23 07:48:58,783 - WARNING -    Mejor fitness: 109.1
2025-10-23 07:48:58,784 - WARNING -    Fitness promedio reciente: 74.7
2025-10-23 07:48:58,784 - WARNING -    Degradación: 34.4
2025-10-23 07:48:58,784 - WARNING -    🔄 RESTAURANDO mejor solución...
2025-10-23 07:48:58,786 - DEBUG - Iter 1500: T=19.70, Fitness_actual=109.1, Mejor=109.1
2025-10-23 07:48:58,787 - INFO - 🌟 MEJORA #23 en iter 1500: Fitness=109.1 (+0.0), Puntos=14622
2025-10-23 07:48:59,205 - INFO - 🌟 MEJORA #24 en iter 1508: Fitness=109.3 (+0.2), Puntos=14540
2025-10-23 07:48:59,311 - INFO - 🌟 MEJORA #25 en iter 1510: Fitness=109.8 (+0.5), Puntos=14658
2025-10-23 07:48:59,311 - INFO -   ✨ Mejora #25 en iteración 1511: Fitness = 109.8 | Puntos = 14658 | T = 19.70
2025-10-23 07:49:04,235 - DEBUG - Iter 1600: T=19.68, Fitness_actual=79.7, Mejor=109.8
2025-10-23 07:49:06,862 - WARNING - ⚠️  DEGRADACIÓN DETECTADA en iter 1650:
2025-10-23 07:49:06,862 - WARNING -    Mejor fitness: 109.8
2025-10-23 07:49:06,863 - WARNING -    Fitness promedio reciente: 82.5
2025-10-23 07:49:06,863 - WARNING -    Degradación: 27.3
2025-10-23 07:49:06,863 - WARNING -    🔄 RESTAURANDO mejor solución...
2025-10-23 07:49:06,866 - INFO - 🌟 MEJORA #26 en iter 1650: Fitness=109.9 (+0.1), Puntos=14670
2025-10-23 07:49:09,663 - DEBUG - Iter 1700: T=19.66, Fitness_actual=58.0, Mejor=109.9
2025-10-23 07:49:15,709 - WARNING - ⚠️  DEGRADACIÓN DETECTADA en iter 1800:
2025-10-23 07:49:15,710 - WARNING -    Mejor fitness: 109.9
2025-10-23 07:49:15,710 - WARNING -    Fitness promedio reciente: 64.1
2025-10-23 07:49:15,710 - WARNING -    Degradación: 45.8
2025-10-23 07:49:15,711 - WARNING -    🔄 RESTAURANDO mejor solución...
2025-10-23 07:49:15,713 - DEBUG - Iter 1800: T=19.63, Fitness_actual=109.9, Mejor=109.9
2025-10-23 07:49:15,714 - INFO - 🌟 MEJORA #27 en iter 1800: Fitness=109.9 (+0.0), Puntos=14674
2025-10-23 07:49:15,767 - INFO - 🌟 MEJORA #28 en iter 1801: Fitness=110.0 (+0.0), Puntos=14676
2025-10-23 07:49:15,928 - INFO - 🌟 MEJORA #29 en iter 1804: Fitness=110.1 (+0.1), Puntos=14690
2025-10-23 07:49:15,982 - INFO - 🌟 MEJORA #30 en iter 1805: Fitness=110.2 (+0.1), Puntos=14699
2025-10-23 07:49:15,983 - INFO -   ✨ Mejora #30 en iteración 1806: Fitness = 110.2 | Puntos = 14699 | T = 19.63
2025-10-23 07:49:16,092 - INFO - 🌟 MEJORA #31 en iter 1807: Fitness=110.2 (+0.0), Puntos=14699
2025-10-23 07:49:16,144 - INFO - 🌟 MEJORA #32 en iter 1808: Fitness=110.2 (+0.0), Puntos=14699
2025-10-23 07:49:16,198 - INFO - 🌟 MEJORA #33 en iter 1809: Fitness=110.3 (+0.0), Puntos=14704
2025-10-23 07:49:16,255 - INFO - 🌟 MEJORA #34 en iter 1810: Fitness=110.4 (+0.2), Puntos=14723
2025-10-23 07:49:16,706 - INFO - 🌟 MEJORA #35 en iter 1818: Fitness=111.6 (+1.2), Puntos=14733
2025-10-23 07:49:16,706 - INFO -   ✨ Mejora #35 en iteración 1819: Fitness = 111.6 | Puntos = 14733 | T = 19.63
2025-10-23 07:49:21,177 - DEBUG - Iter 1900: T=19.61, Fitness_actual=80.4, Mejor=111.6
2025-10-23 07:49:23,956 - WARNING - ⚠️  DEGRADACIÓN DETECTADA en iter 1950:
2025-10-23 07:49:23,956 - WARNING -    Mejor fitness: 111.6
2025-10-23 07:49:23,957 - WARNING -    Fitness promedio reciente: 81.7
2025-10-23 07:49:23,958 - WARNING -    Degradación: 30.0
2025-10-23 07:49:23,958 - WARNING -    🔄 RESTAURANDO mejor solución...
2025-10-23 07:49:23,960 - INFO - 🌟 MEJORA #36 en iter 1950: Fitness=111.8 (+0.1), Puntos=14744
2025-10-23 07:49:26,730 - INFO -   Iter  2000 | Tiempo:    1.7min ( 0.7%) | T =    19.59 | Fitness =     90.8 | Mejor =    111.8 | Aceptación =  97.8%
2025-10-23 07:49:26,730 - INFO - Progreso iter 2000: T=19.59, Fitness=90.8, Mejor=111.8, Tasa_acept=97.8%
2025-10-23 07:49:26,733 - DEBUG - Iter 2000: T=19.59, Fitness_actual=90.8, Mejor=111.8
2025-10-23 07:49:31,997 - WARNING - ⚠️  DEGRADACIÓN DETECTADA en iter 2100:
2025-10-23 07:49:31,997 - WARNING -    Mejor fitness: 111.8
2025-10-23 07:49:31,998 - WARNING -    Fitness promedio reciente: 78.7
2025-10-23 07:49:31,999 - WARNING -    Degradación: 33.0
2025-10-23 07:49:31,999 - WARNING -    🔄 RESTAURANDO mejor solución...
2025-10-23 07:49:32,002 - DEBUG - Iter 2100: T=19.57, Fitness_actual=111.8, Mejor=111.8
2025-10-23 07:49:32,054 - INFO - 🌟 MEJORA #37 en iter 2101: Fitness=112.2 (+0.5), Puntos=14741
2025-10-23 07:49:32,106 - INFO - 🌟 MEJORA #38 en iter 2102: Fitness=112.2 (+0.0), Puntos=14741
2025-10-23 07:49:32,209 - INFO - 🌟 MEJORA #39 en iter 2104: Fitness=112.2 (+0.0), Puntos=14740
2025-10-23 07:49:32,258 - INFO - 🌟 MEJORA #40 en iter 2105: Fitness=112.3 (+0.1), Puntos=14699
2025-10-23 07:49:32,258 - INFO -   ✨ Mejora #40 en iteración 2106: Fitness = 112.3 | Puntos = 14699 | T = 19.57
2025-10-23 07:49:36,749 - INFO - Iter 2188: Aceptada solución con delta=+13.8 (T=19.55)
2025-10-23 07:49:36,749 - INFO -   📊 Desglose del cambio:
2025-10-23 07:49:36,750 - INFO -      Puntos: +175 → 13526 total
2025-10-23 07:49:36,750 - INFO -      Tiempo: -2291.4min → 12366.8min total
2025-10-23 07:49:36,750 - INFO -      Distancia: -14.5km → 145.5km total
2025-10-23 07:49:37,375 - DEBUG - Iter 2200: T=19.54, Fitness_actual=92.0, Mejor=112.3
2025-10-23 07:49:39,932 - WARNING - ⚠️  DEGRADACIÓN DETECTADA en iter 2250:
2025-10-23 07:49:39,933 - WARNING -    Mejor fitness: 112.3
2025-10-23 07:49:39,933 - WARNING -    Fitness promedio reciente: 90.0
2025-10-23 07:49:39,934 - WARNING -    Degradación: 22.4
2025-10-23 07:49:39,934 - WARNING -    🔄 RESTAURANDO mejor solución...
2025-10-23 07:49:42,473 - DEBUG - Iter 2300: T=19.52, Fitness_actual=101.7, Mejor=112.3
2025-10-23 07:49:47,626 - WARNING - ⚠️  DEGRADACIÓN DETECTADA en iter 2400:
2025-10-23 07:49:47,626 - WARNING -    Mejor fitness: 112.3
2025-10-23 07:49:47,627 - WARNING -    Fitness promedio reciente: 87.6
2025-10-23 07:49:47,627 - WARNING -    Degradación: 24.8
2025-10-23 07:49:47,627 - WARNING -    🔄 RESTAURANDO mejor solución...
2025-10-23 07:49:47,631 - DEBUG - Iter 2400: T=19.50, Fitness_actual=112.3, Mejor=112.3
2025-10-23 07:49:48,347 - INFO - 🌟 MEJORA #41 en iter 2413: Fitness=114.5 (+2.2), Puntos=14717
2025-10-23 07:49:48,442 - INFO - 🌟 MEJORA #42 en iter 2415: Fitness=114.5 (+0.0), Puntos=14717
2025-10-23 07:49:48,491 - INFO - 🌟 MEJORA #43 en iter 2416: Fitness=114.5 (+0.0), Puntos=14719
2025-10-23 07:49:48,540 - INFO - 🌟 MEJORA #44 en iter 2417: Fitness=114.6 (+0.0), Puntos=14723
2025-10-23 07:49:48,635 - INFO - 🌟 MEJORA #45 en iter 2419: Fitness=114.6 (+0.0), Puntos=14723
2025-10-23 07:49:48,635 - INFO -   ✨ Mejora #45 en iteración 2420: Fitness = 114.6 | Puntos = 14723 | T = 19.50
2025-10-23 07:49:48,685 - INFO - 🌟 MEJORA #46 en iter 2420: Fitness=114.6 (+0.0), Puntos=14723
2025-10-23 07:49:52,535 - INFO -   Iter  2500 | Tiempo:    2.1min ( 0.9%) | T =    19.48 | Fitness =     96.0 | Mejor =    114.6 | Aceptación =  97.3%
2025-10-23 07:49:52,535 - INFO - Progreso iter 2500: T=19.48, Fitness=96.0, Mejor=114.6, Tasa_acept=97.3%
2025-10-23 07:49:52,537 - DEBUG - Iter 2500: T=19.48, Fitness_actual=96.0, Mejor=114.6
2025-10-23 07:49:55,002 - WARNING - ⚠️  DEGRADACIÓN DETECTADA en iter 2550:
2025-10-23 07:49:55,002 - WARNING -    Mejor fitness: 114.6
2025-10-23 07:49:55,003 - WARNING -    Fitness promedio reciente: 87.4
2025-10-23 07:49:55,003 - WARNING -    Degradación: 27.1
2025-10-23 07:49:55,003 - WARNING -    🔄 RESTAURANDO mejor solución...
2025-10-23 07:49:55,006 - INFO - 🌟 MEJORA #47 en iter 2550: Fitness=115.1 (+0.5), Puntos=14723
2025-10-23 07:49:57,528 - DEBUG - Iter 2600: T=19.46, Fitness_actual=104.4, Mejor=115.1
2025-10-23 07:49:58,340 - INFO - Iter 2616: Aceptada solución con delta=-12.5 (T=19.46)
2025-10-23 07:49:58,341 - INFO -   📊 Desglose del cambio:
2025-10-23 07:49:58,341 - INFO -      Puntos: +0 → 13834 total
2025-10-23 07:49:58,342 - INFO -      Tiempo: +1234.1min → 13988.6min total
2025-10-23 07:49:58,342 - INFO -      Distancia: +0.0km → 135.6km total
2025-10-23 07:50:02,494 - WARNING - ⚠️  DEGRADACIÓN DETECTADA en iter 2700:
2025-10-23 07:50:02,494 - WARNING -    Mejor fitness: 115.1
2025-10-23 07:50:02,495 - WARNING -    Fitness promedio reciente: 89.1
2025-10-23 07:50:02,495 - WARNING -    Degradación: 26.0
2025-10-23 07:50:02,495 - WARNING -    🔄 RESTAURANDO mejor solución...
2025-10-23 07:50:02,498 - DEBUG - Iter 2700: T=19.44, Fitness_actual=115.1, Mejor=115.1
2025-10-23 07:50:02,499 - INFO - 🌟 MEJORA #48 en iter 2700: Fitness=118.1 (+3.1), Puntos=15077
2025-10-23 07:50:02,595 - INFO - 🌟 MEJORA #49 en iter 2702: Fitness=118.5 (+0.4), Puntos=15068
2025-10-23 07:50:03,461 - INFO - 🌟 MEJORA #50 en iter 2721: Fitness=119.4 (+0.9), Puntos=15060
2025-10-23 07:50:03,462 - INFO -   ✨ Mejora #50 en iteración 2722: Fitness = 119.4 | Puntos = 15060 | T = 19.44
2025-10-23 07:50:03,555 - INFO - 🌟 MEJORA #51 en iter 2723: Fitness=121.4 (+1.9), Puntos=15355
2025-10-23 07:50:07,124 - DEBUG - Iter 2800: T=19.42, Fitness_actual=79.3, Mejor=121.4
2025-10-23 07:50:09,459 - WARNING - ⚠️  DEGRADACIÓN DETECTADA en iter 2850:
2025-10-23 07:50:09,459 - WARNING -    Mejor fitness: 121.4
2025-10-23 07:50:09,460 - WARNING -    Fitness promedio reciente: 80.7
2025-10-23 07:50:09,460 - WARNING -    Degradación: 40.7
2025-10-23 07:50:09,460 - WARNING -    🔄 RESTAURANDO mejor solución...
2025-10-23 07:50:11,855 - WARNING - ⚠️  DEGRADACIÓN DETECTADA en iter 2900:
2025-10-23 07:50:11,855 - WARNING -    Mejor fitness: 121.4
2025-10-23 07:50:11,856 - WARNING -    Fitness promedio reciente: 100.2
2025-10-23 07:50:11,856 - WARNING -    Degradación: 21.1
2025-10-23 07:50:11,856 - WARNING -    🔄 RESTAURANDO mejor solución...
2025-10-23 07:50:11,857 - DEBUG - Iter 2900: T=19.41, Fitness_actual=121.4, Mejor=121.4
2025-10-23 07:50:11,858 - INFO - 🌟 MEJORA #52 en iter 2900: Fitness=121.4 (+0.0), Puntos=15355
2025-10-23 07:50:11,905 - INFO - 🌟 MEJORA #53 en iter 2901: Fitness=121.4 (+0.0), Puntos=15355
2025-10-23 07:50:16,684 - INFO -   Iter  3000 | Tiempo:    2.5min ( 1.0%) | T =    19.39 | Fitness =    101.1 | Mejor =    121.4 | Aceptación =  97.2%
2025-10-23 07:50:16,684 - INFO - Progreso iter 3000: T=19.39, Fitness=101.1, Mejor=121.4, Tasa_acept=97.2%
2025-10-23 07:50:16,688 - DEBUG - Iter 3000: T=19.39, Fitness_actual=101.1, Mejor=121.4
2025-10-23 07:50:19,113 - WARNING - ⚠️  DEGRADACIÓN DETECTADA en iter 3050:
2025-10-23 07:50:19,114 - WARNING -    Mejor fitness: 121.4
2025-10-23 07:50:19,114 - WARNING -    Fitness promedio reciente: 99.7
2025-10-23 07:50:19,114 - WARNING -    Degradación: 21.7
2025-10-23 07:50:19,115 - WARNING -    🔄 RESTAURANDO mejor solución...
2025-10-23 07:50:19,164 - INFO - 🌟 MEJORA #54 en iter 3051: Fitness=121.4 (+0.0), Puntos=15355
2025-10-23 07:50:21,566 - DEBUG - Iter 3100: T=19.37, Fitness_actual=106.7, Mejor=121.4
2025-10-23 07:50:27,030 - WARNING - ⚠️  DEGRADACIÓN DETECTADA en iter 3200:
2025-10-23 07:50:27,030 - WARNING -    Mejor fitness: 121.4
2025-10-23 07:50:27,031 - WARNING -    Fitness promedio reciente: 89.3
2025-10-23 07:50:27,031 - WARNING -    Degradación: 32.0
2025-10-23 07:50:27,031 - WARNING -    🔄 RESTAURANDO mejor solución...
2025-10-23 07:50:27,033 - DEBUG - Iter 3200: T=19.34, Fitness_actual=121.4, Mejor=121.4
2025-10-23 07:50:31,873 - DEBUG - Iter 3300: T=19.33, Fitness_actual=101.8, Mejor=121.4
2025-10-23 07:50:34,337 - WARNING - ⚠️  DEGRADACIÓN DETECTADA en iter 3350:
2025-10-23 07:50:34,337 - WARNING -    Mejor fitness: 121.4
2025-10-23 07:50:34,337 - WARNING -    Fitness promedio reciente: 89.8
2025-10-23 07:50:34,337 - WARNING -    Degradación: 31.6
2025-10-23 07:50:34,338 - WARNING -    🔄 RESTAURANDO mejor solución...
2025-10-23 07:50:34,489 - INFO - Iter 3353: Aceptada solución con delta=-10.5 (T=19.31)
2025-10-23 07:50:34,489 - INFO -   📊 Desglose del cambio:
2025-10-23 07:50:34,490 - INFO -      Puntos: +0 → 15364 total
2025-10-23 07:50:34,490 - INFO -      Tiempo: +259.8min → 13815.4min total
2025-10-23 07:50:34,490 - INFO -      Distancia: -2.1km → 190.0km total
2025-10-23 07:50:36,829 - DEBUG - Iter 3400: T=19.31, Fitness_actual=107.3, Mejor=121.4
2025-10-23 07:50:39,726 - WARNING - ⚠️  DEGRADACIÓN DETECTADA en iter 3450:
2025-10-23 07:50:39,726 - WARNING -    Mejor fitness: 121.4
2025-10-23 07:50:39,727 - WARNING -    Fitness promedio reciente: 97.3
2025-10-23 07:50:39,727 - WARNING -    Degradación: 24.1
2025-10-23 07:50:39,727 - WARNING -    🔄 RESTAURANDO mejor solución...
2025-10-23 07:50:39,729 - INFO - 🌟 MEJORA #55 en iter 3450: Fitness=121.4 (+0.0), Puntos=15355
2025-10-23 07:50:39,729 - INFO -   ✨ Mejora #55 en iteración 3451: Fitness = 121.4 | Puntos = 15355 | T = 19.29
2025-10-23 07:50:42,215 - INFO -   Iter  3500 | Tiempo:    2.9min ( 1.2%) | T =    19.28 | Fitness =    107.5 | Mejor =    121.4 | Aceptación =  96.9%
2025-10-23 07:50:42,216 - INFO - Progreso iter 3500: T=19.28, Fitness=107.5, Mejor=121.4, Tasa_acept=96.9%
2025-10-23 07:50:42,218 - DEBUG - Iter 3500: T=19.28, Fitness_actual=107.5, Mejor=121.4
2025-10-23 07:50:47,240 - DEBUG - Iter 3600: T=19.26, Fitness_actual=98.4, Mejor=121.4
2025-10-23 07:50:49,801 - WARNING - ⚠️  DEGRADACIÓN DETECTADA en iter 3650:
2025-10-23 07:50:49,801 - WARNING -    Mejor fitness: 121.4
2025-10-23 07:50:49,802 - WARNING -    Fitness promedio reciente: 91.4
2025-10-23 07:50:49,802 - WARNING -    Degradación: 30.0
2025-10-23 07:50:49,803 - WARNING -    🔄 RESTAURANDO mejor solución...
2025-10-23 07:50:49,804 - INFO - 🌟 MEJORA #56 en iter 3650: Fitness=121.4 (+0.0), Puntos=15355
2025-10-23 07:50:49,951 - INFO - 🌟 MEJORA #57 en iter 3653: Fitness=121.4 (+0.0), Puntos=15356
2025-10-23 07:50:50,003 - INFO - 🌟 MEJORA #58 en iter 3654: Fitness=121.4 (+0.0), Puntos=15356
2025-10-23 07:50:52,333 - DEBUG - Iter 3700: T=19.24, Fitness_actual=103.0, Mejor=121.4
2025-10-23 07:50:57,537 - WARNING - ⚠️  DEGRADACIÓN DETECTADA en iter 3800:
2025-10-23 07:50:57,537 - WARNING -    Mejor fitness: 121.4
2025-10-23 07:50:57,538 - WARNING -    Fitness promedio reciente: 79.9
2025-10-23 07:50:57,538 - WARNING -    Degradación: 41.5
2025-10-23 07:50:57,538 - WARNING -    🔄 RESTAURANDO mejor solución...
2025-10-23 07:50:57,540 - DEBUG - Iter 3800: T=19.22, Fitness_actual=121.4, Mejor=121.4
2025-10-23 07:50:57,540 - INFO - 🌟 MEJORA #59 en iter 3800: Fitness=121.4 (+0.0), Puntos=15356
2025-10-23 07:51:02,709 - DEBUG - Iter 3900: T=19.20, Fitness_actual=87.7, Mejor=121.4
2025-10-23 07:51:04,962 - INFO - Iter 3941: Aceptada solución con delta=+10.4 (T=19.19)
2025-10-23 07:51:04,962 - INFO -   📊 Desglose del cambio:
2025-10-23 07:51:04,963 - INFO -      Puntos: -1 → 13783 total
2025-10-23 07:51:04,963 - INFO -      Tiempo: +88.1min → 16070.6min total
2025-10-23 07:51:04,963 - INFO -      Distancia: -6.7km → 165.1km total
2025-10-23 07:51:05,499 - WARNING - ⚠️  DEGRADACIÓN DETECTADA en iter 3950:
2025-10-23 07:51:05,499 - WARNING -    Mejor fitness: 121.4
2025-10-23 07:51:05,499 - WARNING -    Fitness promedio reciente: 83.4
2025-10-23 07:51:05,500 - WARNING -    Degradación: 38.0
2025-10-23 07:51:05,500 - WARNING -    🔄 RESTAURANDO mejor solución...
2025-10-23 07:51:05,654 - INFO - 🌟 MEJORA #60 en iter 3953: Fitness=121.8 (+0.5), Puntos=15401
2025-10-23 07:51:05,654 - INFO -   ✨ Mejora #60 en iteración 3954: Fitness = 121.8 | Puntos = 15401 | T = 19.19
2025-10-23 07:51:05,857 - INFO - 🌟 MEJORA #61 en iter 3957: Fitness=123.4 (+1.5), Puntos=15727
2025-10-23 07:51:06,062 - INFO - 🌟 MEJORA #62 en iter 3961: Fitness=123.4 (+0.0), Puntos=15727
2025-10-23 07:51:08,160 - INFO -   Iter  4000 | Tiempo:    3.4min ( 1.4%) | T =    19.18 | Fitness =    101.7 | Mejor =    123.4 | Aceptación =  96.9%
2025-10-23 07:51:08,160 - INFO - Progreso iter 4000: T=19.18, Fitness=101.7, Mejor=123.4, Tasa_acept=96.9%
2025-10-23 07:51:08,164 - DEBUG - Iter 4000: T=19.18, Fitness_actual=101.7, Mejor=123.4
2025-10-23 07:51:12,089 - INFO - Iter 4069: Aceptada solución con delta=+12.4 (T=19.17)
2025-10-23 07:51:12,090 - INFO -   📊 Desglose del cambio:
2025-10-23 07:51:12,090 - INFO -      Puntos: +161 → 13911 total
2025-10-23 07:51:12,091 - INFO -      Tiempo: -2794.8min → 15051.9min total
2025-10-23 07:51:12,091 - INFO -      Distancia: +9.3km → 201.3km total
2025-10-23 07:51:13,754 - WARNING - ⚠️  DEGRADACIÓN DETECTADA en iter 4100:
2025-10-23 07:51:13,754 - WARNING -    Mejor fitness: 123.4
2025-10-23 07:51:13,754 - WARNING -    Fitness promedio reciente: 87.0
2025-10-23 07:51:13,755 - WARNING -    Degradación: 36.4
2025-10-23 07:51:13,755 - WARNING -    🔄 RESTAURANDO mejor solución...
2025-10-23 07:51:13,757 - DEBUG - Iter 4100: T=19.16, Fitness_actual=123.4, Mejor=123.4
2025-10-23 07:51:18,443 - WARNING - ⚠️  DEGRADACIÓN DETECTADA en iter 4200:
2025-10-23 07:51:18,443 - WARNING -    Mejor fitness: 123.4
2025-10-23 07:51:18,444 - WARNING -    Fitness promedio reciente: 97.2
2025-10-23 07:51:18,444 - WARNING -    Degradación: 26.2
2025-10-23 07:51:18,444 - WARNING -    🔄 RESTAURANDO mejor solución...
2025-10-23 07:51:18,447 - DEBUG - Iter 4200: T=19.14, Fitness_actual=123.4, Mejor=123.4
2025-10-23 07:51:23,235 - WARNING - ⚠️  DEGRADACIÓN DETECTADA en iter 4300:
2025-10-23 07:51:23,235 - WARNING -    Mejor fitness: 123.4
2025-10-23 07:51:23,236 - WARNING -    Fitness promedio reciente: 95.3
2025-10-23 07:51:23,236 - WARNING -    Degradación: 28.1
2025-10-23 07:51:23,237 - WARNING -    🔄 RESTAURANDO mejor solución...
2025-10-23 07:51:23,238 - DEBUG - Iter 4300: T=19.12, Fitness_actual=123.4, Mejor=123.4
2025-10-23 07:51:23,238 - INFO - 🌟 MEJORA #63 en iter 4300: Fitness=123.4 (+0.0), Puntos=15727
2025-10-23 07:51:25,285 - INFO - Iter 4343: Aceptada solución con delta=-12.5 (T=19.11)
2025-10-23 07:51:25,285 - INFO -   📊 Desglose del cambio:
2025-10-23 07:51:25,286 - INFO -      Puntos: +0 → 14245 total
2025-10-23 07:51:25,286 - INFO -      Tiempo: +145.9min → 13254.1min total
2025-10-23 07:51:25,286 - INFO -      Distancia: -2.8km → 151.7km total
2025-10-23 07:51:28,038 - DEBUG - Iter 4400: T=19.10, Fitness_actual=96.9, Mejor=123.4
2025-10-23 07:51:28,229 - WARNING - ================================================================================
2025-10-23 07:51:28,230 - WARNING - ⚠️  SALTO ANORMAL DETECTADO en iteración 4404
2025-10-23 07:51:28,230 - WARNING -    Fitness actual: 95.4
2025-10-23 07:51:28,231 - WARNING -    Fitness vecino: 74.9
2025-10-23 07:51:28,231 - WARNING -    Delta: -20.5
2025-10-23 07:51:28,231 - WARNING -    Temperatura: 19.10
2025-10-23 07:51:28,231 - WARNING -    Tipo perturbación aplicada: (ver generar_vecino)
2025-10-23 07:51:28,232 - WARNING -    Vecino - Puntos: 12958, Tiempo: 13089.7min, Distancia: 263.6km
2025-10-23 07:51:28,232 - WARNING -    Actual - Puntos: 13464, Tiempo: 12123.9min, Distancia: 156.5km
2025-10-23 07:51:28,232 - WARNING -    Validez restricciones - Vecino: False, Actual: False
2025-10-23 07:51:28,232 - WARNING - ================================================================================
2025-10-23 07:51:28,233 - WARNING - ⚠️  SALTO ANORMAL DETECTADO en iteración 4404
2025-10-23 07:51:28,233 - WARNING -    Fitness: 95.4 → 74.9 (Δ=-20.5)
2025-10-23 07:51:28,233 - WARNING -    Ver detalles en archivo de log
2025-10-23 07:51:30,447 - WARNING - ⚠️  DEGRADACIÓN DETECTADA en iter 4450:
2025-10-23 07:51:30,448 - WARNING -    Mejor fitness: 123.4
2025-10-23 07:51:30,449 - WARNING -    Fitness promedio reciente: 90.3
2025-10-23 07:51:30,450 - WARNING -    Degradación: 33.1
2025-10-23 07:51:30,451 - WARNING -    🔄 RESTAURANDO mejor solución...
2025-10-23 07:51:30,498 - INFO - 🌟 MEJORA #64 en iter 4451: Fitness=123.4 (+0.0), Puntos=15727
2025-10-23 07:51:32,869 - INFO -   Iter  4500 | Tiempo:    3.8min ( 1.6%) | T =    19.08 | Fitness =     74.6 | Mejor =    123.4 | Aceptación =  96.9%
2025-10-23 07:51:32,869 - INFO - Progreso iter 4500: T=19.08, Fitness=74.6, Mejor=123.4, Tasa_acept=96.9%
2025-10-23 07:51:32,872 - DEBUG - Iter 4500: T=19.08, Fitness_actual=74.6, Mejor=123.4
2025-10-23 07:51:37,683 - WARNING - ⚠️  DEGRADACIÓN DETECTADA en iter 4600:
2025-10-23 07:51:37,683 - WARNING -    Mejor fitness: 123.4
2025-10-23 07:51:37,683 - WARNING -    Fitness promedio reciente: 67.9
2025-10-23 07:51:37,684 - WARNING -    Degradación: 55.5
2025-10-23 07:51:37,684 - WARNING -    🔄 RESTAURANDO mejor solución...
2025-10-23 07:51:37,685 - DEBUG - Iter 4600: T=19.06, Fitness_actual=123.4, Mejor=123.4
2025-10-23 07:51:42,622 - WARNING - ⚠️  DEGRADACIÓN DETECTADA en iter 4700:
2025-10-23 07:51:42,622 - WARNING -    Mejor fitness: 123.4
2025-10-23 07:51:42,622 - WARNING -    Fitness promedio reciente: 99.6
2025-10-23 07:51:42,622 - WARNING -    Degradación: 23.8
2025-10-23 07:51:42,623 - WARNING -    🔄 RESTAURANDO mejor solución...
2025-10-23 07:51:42,624 - DEBUG - Iter 4700: T=19.04, Fitness_actual=123.4, Mejor=123.4
2025-10-23 07:51:42,624 - INFO - 🌟 MEJORA #65 en iter 4700: Fitness=123.4 (+0.0), Puntos=15727
2025-10-23 07:51:42,624 - INFO -   ✨ Mejora #65 en iteración 4701: Fitness = 123.4 | Puntos = 15727 | T = 19.04
2025-10-23 07:51:47,835 - DEBUG - Iter 4800: T=19.02, Fitness_actual=68.5, Mejor=123.4
2025-10-23 07:51:50,504 - WARNING - ⚠️  DEGRADACIÓN DETECTADA en iter 4850:
2025-10-23 07:51:50,505 - WARNING -    Mejor fitness: 123.4
2025-10-23 07:51:50,505 - WARNING -    Fitness promedio reciente: 70.5
2025-10-23 07:51:50,505 - WARNING -    Degradación: 52.8
2025-10-23 07:51:50,506 - WARNING -    🔄 RESTAURANDO mejor solución...
2025-10-23 07:51:52,981 - DEBUG - Iter 4900: T=19.00, Fitness_actual=111.2, Mejor=123.4
2025-10-23 07:51:57,969 - INFO -   Iter  5000 | Tiempo:    4.2min ( 1.7%) | T =    18.98 | Fitness =     75.6 | Mejor =    123.4 | Aceptación =  96.8%
2025-10-23 07:51:57,969 - INFO - Progreso iter 5000: T=18.98, Fitness=75.6, Mejor=123.4, Tasa_acept=96.8%
2025-10-23 07:51:57,970 - WARNING - ⚠️  DEGRADACIÓN DETECTADA en iter 5000:
2025-10-23 07:51:57,970 - WARNING -    Mejor fitness: 123.4
2025-10-23 07:51:57,970 - WARNING -    Fitness promedio reciente: 95.8
2025-10-23 07:51:57,970 - WARNING -    Degradación: 27.6
2025-10-23 07:51:57,970 - WARNING -    🔄 RESTAURANDO mejor solución...
2025-10-23 07:51:57,972 - DEBUG - Iter 5000: T=18.98, Fitness_actual=123.4, Mejor=123.4
2025-10-23 07:51:58,020 - INFO - 🌟 MEJORA #66 en iter 5001: Fitness=123.7 (+0.3), Puntos=15727
2025-10-23 07:52:03,074 - DEBUG - Iter 5100: T=18.96, Fitness_actual=97.1, Mejor=123.7
2025-10-23 07:52:05,644 - WARNING - ⚠️  DEGRADACIÓN DETECTADA en iter 5150:
2025-10-23 07:52:05,645 - WARNING -    Mejor fitness: 123.7
2025-10-23 07:52:05,645 - WARNING -    Fitness promedio reciente: 96.1
2025-10-23 07:52:05,646 - WARNING -    Degradación: 27.6
2025-10-23 07:52:05,646 - WARNING -    🔄 RESTAURANDO mejor solución...
2025-10-23 07:52:05,647 - INFO - 🌟 MEJORA #67 en iter 5150: Fitness=123.7 (+0.0), Puntos=15727
2025-10-23 07:52:08,215 - DEBUG - Iter 5200: T=18.94, Fitness_actual=99.7, Mejor=123.7
2025-10-23 07:52:13,316 - WARNING - ⚠️  DEGRADACIÓN DETECTADA en iter 5300:
2025-10-23 07:52:13,316 - WARNING -    Mejor fitness: 123.7
2025-10-23 07:52:13,318 - WARNING -    Fitness promedio reciente: 77.6
2025-10-23 07:52:13,319 - WARNING -    Degradación: 46.0
2025-10-23 07:52:13,319 - WARNING -    🔄 RESTAURANDO mejor solución...
2025-10-23 07:52:13,321 - DEBUG - Iter 5300: T=18.92, Fitness_actual=123.7, Mejor=123.7
2025-10-23 07:52:13,419 - INFO - 🌟 MEJORA #68 en iter 5302: Fitness=123.7 (+0.0), Puntos=15732
2025-10-23 07:52:18,409 - DEBUG - Iter 5400: T=18.90, Fitness_actual=83.2, Mejor=123.7
2025-10-23 07:52:19,363 - INFO - Iter 5419: Aceptada solución con delta=-10.3 (T=18.90)
2025-10-23 07:52:19,363 - INFO -   📊 Desglose del cambio:
2025-10-23 07:52:19,364 - INFO -      Puntos: -733 → 11957 total
2025-10-23 07:52:19,364 - INFO -      Tiempo: -399.3min → 13034.5min total
2025-10-23 07:52:19,364 - INFO -      Distancia: -2.9km → 188.9km total
2025-10-23 07:52:20,916 - WARNING - ⚠️  DEGRADACIÓN DETECTADA en iter 5450:
2025-10-23 07:52:20,916 - WARNING -    Mejor fitness: 123.7
2025-10-23 07:52:20,917 - WARNING -    Fitness promedio reciente: 71.7
2025-10-23 07:52:20,917 - WARNING -    Degradación: 52.1
2025-10-23 07:52:20,917 - WARNING -    🔄 RESTAURANDO mejor solución...
2025-10-23 07:52:20,919 - INFO - 🌟 MEJORA #69 en iter 5450: Fitness=124.8 (+1.1), Puntos=15741
2025-10-23 07:52:20,970 - INFO - 🌟 MEJORA #70 en iter 5451: Fitness=124.8 (+0.0), Puntos=15741
2025-10-23 07:52:20,970 - INFO -   ✨ Mejora #70 en iteración 5452: Fitness = 124.8 | Puntos = 15741 | T = 18.89
2025-10-23 07:52:21,020 - INFO - 🌟 MEJORA #71 en iter 5452: Fitness=124.9 (+0.0), Puntos=15745
2025-10-23 07:52:21,071 - INFO - 🌟 MEJORA #72 en iter 5453: Fitness=125.0 (+0.2), Puntos=15758
2025-10-23 07:52:21,171 - INFO - 🌟 MEJORA #73 en iter 5455: Fitness=125.0 (+0.0), Puntos=15759
2025-10-23 07:52:23,418 - INFO -   Iter  5500 | Tiempo:    4.6min ( 1.9%) | T =    18.88 | Fitness =     92.4 | Mejor =    125.0 | Aceptación =  96.7%
2025-10-23 07:52:23,418 - INFO - Progreso iter 5500: T=18.88, Fitness=92.4, Mejor=125.0, Tasa_acept=96.7%
2025-10-23 07:52:23,420 - DEBUG - Iter 5500: T=18.88, Fitness_actual=92.4, Mejor=125.0
2025-10-23 07:52:28,175 - INFO - Iter 5594: Aceptada solución con delta=-11.1 (T=18.87)
2025-10-23 07:52:28,175 - INFO -   📊 Desglose del cambio:
2025-10-23 07:52:28,176 - INFO -      Puntos: -407 → 10315 total
2025-10-23 07:52:28,177 - INFO -      Tiempo: +900.2min → 11812.4min total
2025-10-23 07:52:28,177 - INFO -      Distancia: +9.1km → 129.7km total
2025-10-23 07:52:28,495 - WARNING - ⚠️  DEGRADACIÓN DETECTADA en iter 5600:
2025-10-23 07:52:28,495 - WARNING -    Mejor fitness: 125.0
2025-10-23 07:52:28,495 - WARNING -    Fitness promedio reciente: 63.7
2025-10-23 07:52:28,496 - WARNING -    Degradación: 61.3
2025-10-23 07:52:28,496 - WARNING -    🔄 RESTAURANDO mejor solución...
2025-10-23 07:52:28,497 - DEBUG - Iter 5600: T=18.86, Fitness_actual=125.0, Mejor=125.0
2025-10-23 07:52:28,497 - INFO - 🌟 MEJORA #74 en iter 5600: Fitness=125.2 (+0.2), Puntos=15776
2025-10-23 07:52:28,547 - INFO - 🌟 MEJORA #75 en iter 5601: Fitness=125.2 (+0.0), Puntos=15777
2025-10-23 07:52:28,547 - INFO -   ✨ Mejora #75 en iteración 5602: Fitness = 125.2 | Puntos = 15777 | T = 18.86
2025-10-23 07:52:34,183 - DEBUG - Iter 5700: T=18.84, Fitness_actual=97.2, Mejor=125.2
2025-10-23 07:52:36,839 - WARNING - ⚠️  DEGRADACIÓN DETECTADA en iter 5750:
2025-10-23 07:52:36,840 - WARNING -    Mejor fitness: 125.2
2025-10-23 07:52:36,840 - WARNING -    Fitness promedio reciente: 96.6
2025-10-23 07:52:36,841 - WARNING -    Degradación: 28.6
2025-10-23 07:52:36,841 - WARNING -    🔄 RESTAURANDO mejor solución...
2025-10-23 07:52:36,947 - INFO - 🌟 MEJORA #76 en iter 5752: Fitness=125.2 (+0.0), Puntos=15777
2025-10-23 07:52:36,998 - INFO - 🌟 MEJORA #77 en iter 5753: Fitness=125.2 (+0.0), Puntos=15777
2025-10-23 07:52:39,492 - DEBUG - Iter 5800: T=18.82, Fitness_actual=110.2, Mejor=125.2
2025-10-23 07:52:40,606 - INFO - Iter 5821: Aceptada solución con delta=-10.5 (T=18.82)
2025-10-23 07:52:40,606 - INFO -   📊 Desglose del cambio:
2025-10-23 07:52:40,607 - INFO -      Puntos: +0 → 15160 total
2025-10-23 07:52:40,607 - INFO -      Tiempo: +154.2min → 13193.2min total
2025-10-23 07:52:40,607 - INFO -      Distancia: +0.3km → 133.6km total
2025-10-23 07:52:44,802 - WARNING - ⚠️  DEGRADACIÓN DETECTADA en iter 5900:
2025-10-23 07:52:44,802 - WARNING -    Mejor fitness: 125.2
2025-10-23 07:52:44,803 - WARNING -    Fitness promedio reciente: 97.1
2025-10-23 07:52:44,803 - WARNING -    Degradación: 28.1
2025-10-23 07:52:44,803 - WARNING -    🔄 RESTAURANDO mejor solución...
2025-10-23 07:52:44,805 - DEBUG - Iter 5900: T=18.80, Fitness_actual=125.2, Mejor=125.2
2025-10-23 07:52:45,064 - INFO - Iter 5905: Aceptada solución con delta=-13.0 (T=18.80)
2025-10-23 07:52:45,064 - INFO -   📊 Desglose del cambio:
2025-10-23 07:52:45,065 - INFO -      Puntos: +0 → 15758 total
2025-10-23 07:52:45,065 - INFO -      Tiempo: -181.2min → 13635.5min total
2025-10-23 07:52:45,065 - INFO -      Distancia: -0.1km → 185.5km total
2025-10-23 07:52:50,078 - INFO -   Iter  6000 | Tiempo:    5.1min ( 2.1%) | T =    18.78 | Fitness =     97.1 | Mejor =    125.2 | Aceptación =  96.7%
2025-10-23 07:52:50,078 - INFO - Progreso iter 6000: T=18.78, Fitness=97.1, Mejor=125.2, Tasa_acept=96.7%
2025-10-23 07:52:50,079 - WARNING - ⚠️  DEGRADACIÓN DETECTADA en iter 6000:
2025-10-23 07:52:50,079 - WARNING -    Mejor fitness: 125.2
2025-10-23 07:52:50,079 - WARNING -    Fitness promedio reciente: 99.3
2025-10-23 07:52:50,079 - WARNING -    Degradación: 25.9
2025-10-23 07:52:50,079 - WARNING -    🔄 RESTAURANDO mejor solución...
2025-10-23 07:52:50,082 - DEBUG - Iter 6000: T=18.78, Fitness_actual=125.2, Mejor=125.2
2025-10-23 07:52:55,468 - WARNING - ⚠️  DEGRADACIÓN DETECTADA en iter 6100:
2025-10-23 07:52:55,468 - WARNING -    Mejor fitness: 125.2
2025-10-23 07:52:55,468 - WARNING -    Fitness promedio reciente: 103.9
2025-10-23 07:52:55,469 - WARNING -    Degradación: 21.3
2025-10-23 07:52:55,469 - WARNING -    🔄 RESTAURANDO mejor solución...
2025-10-23 07:52:55,471 - DEBUG - Iter 6100: T=18.76, Fitness_actual=125.2, Mejor=125.2
2025-10-23 07:53:00,724 - DEBUG - Iter 6200: T=18.74, Fitness_actual=111.6, Mejor=125.2
2025-10-23 07:53:03,394 - WARNING - ⚠️  DEGRADACIÓN DETECTADA en iter 6250:
2025-10-23 07:53:03,395 - WARNING -    Mejor fitness: 125.2
2025-10-23 07:53:03,395 - WARNING -    Fitness promedio reciente: 104.8
2025-10-23 07:53:03,395 - WARNING -    Degradación: 20.4
2025-10-23 07:53:03,396 - WARNING -    🔄 RESTAURANDO mejor solución...
2025-10-23 07:53:06,066 - DEBUG - Iter 6300: T=18.72, Fitness_actual=117.3, Mejor=125.2
2025-10-23 07:53:08,720 - WARNING - ⚠️  DEGRADACIÓN DETECTADA en iter 6350:
2025-10-23 07:53:08,720 - WARNING -    Mejor fitness: 125.2
2025-10-23 07:53:08,721 - WARNING -    Fitness promedio reciente: 102.6
2025-10-23 07:53:08,721 - WARNING -    Degradación: 22.6
2025-10-23 07:53:08,721 - WARNING -    🔄 RESTAURANDO mejor solución...
2025-10-23 07:53:11,381 - DEBUG - Iter 6400: T=18.70, Fitness_actual=114.0, Mejor=125.2
2025-10-23 07:53:14,092 - WARNING - ⚠️  DEGRADACIÓN DETECTADA en iter 6450:
2025-10-23 07:53:14,092 - WARNING -    Mejor fitness: 125.2
2025-10-23 07:53:14,093 - WARNING -    Fitness promedio reciente: 96.8
2025-10-23 07:53:14,093 - WARNING -    Degradación: 28.4
2025-10-23 07:53:14,093 - WARNING -    🔄 RESTAURANDO mejor solución...
2025-10-23 07:53:16,586 - INFO - Iter 6497: Aceptada solución con delta=-10.0 (T=18.68)
2025-10-23 07:53:16,587 - INFO -   📊 Desglose del cambio:
2025-10-23 07:53:16,587 - INFO -      Puntos: +0 → 15008 total
2025-10-23 07:53:16,588 - INFO -      Tiempo: +390.0min → 13872.3min total
2025-10-23 07:53:16,588 - INFO -      Distancia: +2.5km → 188.5km total
2025-10-23 07:53:16,745 - INFO -   Iter  6500 | Tiempo:    5.5min ( 2.3%) | T =    18.68 | Fitness =     99.5 | Mejor =    125.2 | Aceptación =  96.6%
2025-10-23 07:53:16,745 - INFO - Progreso iter 6500: T=18.68, Fitness=99.5, Mejor=125.2, Tasa_acept=96.6%
2025-10-23 07:53:16,747 - DEBUG - Iter 6500: T=18.68, Fitness_actual=99.5, Mejor=125.2
2025-10-23 07:53:19,458 - WARNING - ⚠️  DEGRADACIÓN DETECTADA en iter 6550:
2025-10-23 07:53:19,458 - WARNING -    Mejor fitness: 125.2
2025-10-23 07:53:19,459 - WARNING -    Fitness promedio reciente: 100.0
2025-10-23 07:53:19,459 - WARNING -    Degradación: 25.2
2025-10-23 07:53:19,460 - WARNING -    🔄 RESTAURANDO mejor solución...
2025-10-23 07:53:22,166 - DEBUG - Iter 6600: T=18.66, Fitness_actual=113.3, Mejor=125.2
2025-10-23 07:53:27,548 - WARNING - ⚠️  DEGRADACIÓN DETECTADA en iter 6700:
2025-10-23 07:53:27,548 - WARNING -    Mejor fitness: 125.2
2025-10-23 07:53:27,549 - WARNING -    Fitness promedio reciente: 102.7
2025-10-23 07:53:27,549 - WARNING -    Degradación: 22.5
2025-10-23 07:53:27,549 - WARNING -    🔄 RESTAURANDO mejor solución...
2025-10-23 07:53:27,552 - DEBUG - Iter 6700: T=18.63, Fitness_actual=125.2, Mejor=125.2
2025-10-23 07:53:33,111 - WARNING - ⚠️  DEGRADACIÓN DETECTADA en iter 6800:
2025-10-23 07:53:33,111 - WARNING -    Mejor fitness: 125.2
2025-10-23 07:53:33,112 - WARNING -    Fitness promedio reciente: 93.8
2025-10-23 07:53:33,112 - WARNING -    Degradación: 31.4
2025-10-23 07:53:33,112 - WARNING -    🔄 RESTAURANDO mejor solución...
2025-10-23 07:53:33,114 - DEBUG - Iter 6800: T=18.61, Fitness_actual=125.2, Mejor=125.2
2025-10-23 07:53:38,791 - WARNING - ⚠️  DEGRADACIÓN DETECTADA en iter 6900:
2025-10-23 07:53:38,791 - WARNING -    Mejor fitness: 125.2
2025-10-23 07:53:38,791 - WARNING -    Fitness promedio reciente: 99.6
2025-10-23 07:53:38,792 - WARNING -    Degradación: 25.6
2025-10-23 07:53:38,792 - WARNING -    🔄 RESTAURANDO mejor solución...
2025-10-23 07:53:38,793 - DEBUG - Iter 6900: T=18.59, Fitness_actual=125.2, Mejor=125.2
2025-10-23 07:53:44,432 - INFO -   Iter  7000 | Tiempo:    6.0min ( 2.5%) | T =    18.57 | Fitness =    102.5 | Mejor =    125.2 | Aceptación =  96.7%
2025-10-23 07:53:44,433 - INFO - Progreso iter 7000: T=18.57, Fitness=102.5, Mejor=125.2, Tasa_acept=96.7%
2025-10-23 07:53:44,433 - WARNING - ⚠️  DEGRADACIÓN DETECTADA en iter 7000:
2025-10-23 07:53:44,434 - WARNING -    Mejor fitness: 125.2
2025-10-23 07:53:44,434 - WARNING -    Fitness promedio reciente: 99.6
2025-10-23 07:53:44,434 - WARNING -    Degradación: 25.6
2025-10-23 07:53:44,434 - WARNING -    🔄 RESTAURANDO mejor solución...
2025-10-23 07:53:44,435 - DEBUG - Iter 7000: T=18.57, Fitness_actual=125.2, Mejor=125.2
2025-10-23 07:53:46,185 - INFO - Iter 7031: Aceptada solución con delta=-10.3 (T=18.56)
2025-10-23 07:53:46,185 - INFO -   📊 Desglose del cambio:
2025-10-23 07:53:46,186 - INFO -      Puntos: -729 → 14371 total
2025-10-23 07:53:46,186 - INFO -      Tiempo: -372.6min → 12806.3min total
2025-10-23 07:53:46,186 - INFO -      Distancia: +4.0km → 156.4km total
2025-10-23 07:53:50,033 - WARNING - ⚠️  DEGRADACIÓN DETECTADA en iter 7100:
2025-10-23 07:53:50,033 - WARNING -    Mejor fitness: 125.2
2025-10-23 07:53:50,034 - WARNING -    Fitness promedio reciente: 92.5
2025-10-23 07:53:50,034 - WARNING -    Degradación: 32.7
2025-10-23 07:53:50,034 - WARNING -    🔄 RESTAURANDO mejor solución...
2025-10-23 07:53:50,036 - DEBUG - Iter 7100: T=18.55, Fitness_actual=125.2, Mejor=125.2
2025-10-23 07:53:50,375 - INFO - 🌟 MEJORA #78 en iter 7106: Fitness=127.3 (+2.1), Puntos=15934
2025-10-23 07:53:50,429 - INFO - 🌟 MEJORA #79 en iter 7107: Fitness=127.8 (+0.5), Puntos=15936
2025-10-23 07:53:50,486 - INFO - 🌟 MEJORA #80 en iter 7108: Fitness=127.9 (+0.1), Puntos=15948
2025-10-23 07:53:50,486 - INFO -   ✨ Mejora #80 en iteración 7109: Fitness = 127.9 | Puntos = 15948 | T = 18.55
2025-10-23 07:53:53,070 - INFO - Iter 7154: Aceptada solución con delta=-11.0 (T=18.54)
2025-10-23 07:53:53,070 - INFO -   📊 Desglose del cambio:
2025-10-23 07:53:53,071 - INFO -      Puntos: +0 → 15645 total
2025-10-23 07:53:53,071 - INFO -      Tiempo: +1117.3min → 14734.8min total
2025-10-23 07:53:53,071 - INFO -      Distancia: +0.5km → 157.8km total
2025-10-23 07:53:53,968 - INFO - Iter 7168: Aceptada solución con delta=+10.6 (T=18.53)
2025-10-23 07:53:53,968 - INFO -   📊 Desglose del cambio:
2025-10-23 07:53:53,968 - INFO -      Puntos: +311 → 15552 total
2025-10-23 07:53:53,969 - INFO -      Tiempo: -1164.0min → 13218.9min total
2025-10-23 07:53:53,969 - INFO -      Distancia: -5.2km → 164.9km total
2025-10-23 07:53:55,764 - DEBUG - Iter 7200: T=18.53, Fitness_actual=102.8, Mejor=127.9
2025-10-23 07:53:58,560 - WARNING - ⚠️  DEGRADACIÓN DETECTADA en iter 7250:
2025-10-23 07:53:58,561 - WARNING -    Mejor fitness: 127.9
2025-10-23 07:53:58,561 - WARNING -    Fitness promedio reciente: 101.5
2025-10-23 07:53:58,561 - WARNING -    Degradación: 26.4
2025-10-23 07:53:58,562 - WARNING -    🔄 RESTAURANDO mejor solución...
2025-10-23 07:53:58,563 - INFO - 🌟 MEJORA #81 en iter 7250: Fitness=127.9 (+0.0), Puntos=15948
2025-10-23 07:54:01,369 - DEBUG - Iter 7300: T=18.50, Fitness_actual=108.9, Mejor=127.9
2025-10-23 07:54:06,976 - WARNING - ⚠️  DEGRADACIÓN DETECTADA en iter 7400:
2025-10-23 07:54:06,976 - WARNING -    Mejor fitness: 127.9
2025-10-23 07:54:06,977 - WARNING -    Fitness promedio reciente: 96.2
2025-10-23 07:54:06,977 - WARNING -    Degradación: 31.7
2025-10-23 07:54:06,978 - WARNING -    🔄 RESTAURANDO mejor solución...
2025-10-23 07:54:06,979 - DEBUG - Iter 7400: T=18.48, Fitness_actual=127.9, Mejor=127.9
2025-10-23 07:54:07,035 - INFO - 🌟 MEJORA #82 en iter 7401: Fitness=127.9 (+0.0), Puntos=15948
2025-10-23 07:54:12,962 - INFO -   Iter  7500 | Tiempo:    6.4min ( 2.7%) | T =    18.46 | Fitness =     90.1 | Mejor =    127.9 | Aceptación =  96.7%
2025-10-23 07:54:12,962 - INFO - Progreso iter 7500: T=18.46, Fitness=90.1, Mejor=127.9, Tasa_acept=96.7%
2025-10-23 07:54:12,966 - DEBUG - Iter 7500: T=18.46, Fitness_actual=90.1, Mejor=127.9
2025-10-23 07:54:15,764 - WARNING - ⚠️  DEGRADACIÓN DETECTADA en iter 7550:
2025-10-23 07:54:15,764 - WARNING -    Mejor fitness: 127.9
2025-10-23 07:54:15,765 - WARNING -    Fitness promedio reciente: 82.6
2025-10-23 07:54:15,765 - WARNING -    Degradación: 45.3
2025-10-23 07:54:15,765 - WARNING -    🔄 RESTAURANDO mejor solución...
2025-10-23 07:54:18,602 - WARNING - ⚠️  DEGRADACIÓN DETECTADA en iter 7600:
2025-10-23 07:54:18,602 - WARNING -    Mejor fitness: 127.9
2025-10-23 07:54:18,603 - WARNING -    Fitness promedio reciente: 107.5
2025-10-23 07:54:18,603 - WARNING -    Degradación: 20.4
2025-10-23 07:54:18,604 - WARNING -    🔄 RESTAURANDO mejor solución...
2025-10-23 07:54:18,607 - DEBUG - Iter 7600: T=18.44, Fitness_actual=127.9, Mejor=127.9
2025-10-23 07:54:24,886 - WARNING - ⚠️  DEGRADACIÓN DETECTADA en iter 7700:
2025-10-23 07:54:24,886 - WARNING -    Mejor fitness: 127.9
2025-10-23 07:54:24,887 - WARNING -    Fitness promedio reciente: 83.2
2025-10-23 07:54:24,887 - WARNING -    Degradación: 44.7
2025-10-23 07:54:24,887 - WARNING -    🔄 RESTAURANDO mejor solución...
2025-10-23 07:54:24,888 - DEBUG - Iter 7700: T=18.41, Fitness_actual=127.9, Mejor=127.9
2025-10-23 07:54:25,059 - INFO - 🌟 MEJORA #83 en iter 7703: Fitness=128.0 (+0.1), Puntos=15957
2025-10-23 07:54:25,116 - INFO - 🌟 MEJORA #84 en iter 7704: Fitness=128.0 (+0.0), Puntos=15957
2025-10-23 07:54:30,654 - DEBUG - Iter 7800: T=18.39, Fitness_actual=90.8, Mejor=128.0
2025-10-23 07:54:33,701 - WARNING - ⚠️  DEGRADACIÓN DETECTADA en iter 7850:
2025-10-23 07:54:33,701 - WARNING -    Mejor fitness: 128.0
2025-10-23 07:54:33,702 - WARNING -    Fitness promedio reciente: 85.8
2025-10-23 07:54:33,703 - WARNING -    Degradación: 42.2
2025-10-23 07:54:33,703 - WARNING -    🔄 RESTAURANDO mejor solución...
2025-10-23 07:54:36,630 - DEBUG - Iter 7900: T=18.37, Fitness_actual=105.9, Mejor=128.0
2025-10-23 07:54:39,598 - WARNING - ⚠️  DEGRADACIÓN DETECTADA en iter 7950:
2025-10-23 07:54:39,599 - WARNING -    Mejor fitness: 128.0
2025-10-23 07:54:39,599 - WARNING -    Fitness promedio reciente: 107.0
2025-10-23 07:54:39,600 - WARNING -    Degradación: 21.0
2025-10-23 07:54:39,600 - WARNING -    🔄 RESTAURANDO mejor solución...
2025-10-23 07:54:39,658 - INFO - 🌟 MEJORA #85 en iter 7951: Fitness=128.0 (+0.0), Puntos=15957
2025-10-23 07:54:39,658 - INFO -   ✨ Mejora #85 en iteración 7952: Fitness = 128.0 | Puntos = 15957 | T = 18.36
2025-10-23 07:54:42,497 - INFO -   Iter  8000 | Tiempo:    6.9min ( 2.9%) | T =    18.35 | Fitness =     96.6 | Mejor =    128.0 | Aceptación =  96.7%
2025-10-23 07:54:42,498 - INFO - Progreso iter 8000: T=18.35, Fitness=96.6, Mejor=128.0, Tasa_acept=96.7%
2025-10-23 07:54:42,501 - DEBUG - Iter 8000: T=18.35, Fitness_actual=96.6, Mejor=128.0
2025-10-23 07:54:48,268 - WARNING - ⚠️  DEGRADACIÓN DETECTADA en iter 8100:
2025-10-23 07:54:48,268 - WARNING -    Mejor fitness: 128.0
2025-10-23 07:54:48,269 - WARNING -    Fitness promedio reciente: 83.0
2025-10-23 07:54:48,269 - WARNING -    Degradación: 45.0
2025-10-23 07:54:48,269 - WARNING -    🔄 RESTAURANDO mejor solución...
2025-10-23 07:54:48,271 - DEBUG - Iter 8100: T=18.33, Fitness_actual=128.0, Mejor=128.0
2025-10-23 07:54:54,022 - WARNING - ⚠️  DEGRADACIÓN DETECTADA en iter 8200:
2025-10-23 07:54:54,023 - WARNING -    Mejor fitness: 128.0
2025-10-23 07:54:54,023 - WARNING -    Fitness promedio reciente: 90.2
2025-10-23 07:54:54,024 - WARNING -    Degradación: 37.8
2025-10-23 07:54:54,024 - WARNING -    🔄 RESTAURANDO mejor solución...
2025-10-23 07:54:54,025 - DEBUG - Iter 8200: T=18.30, Fitness_actual=128.0, Mejor=128.0
2025-10-23 07:54:55,369 - INFO - Iter 8225: Aceptada solución con delta=-11.5 (T=18.30)
2025-10-23 07:54:55,371 - INFO -   📊 Desglose del cambio:
2025-10-23 07:54:55,372 - INFO -      Puntos: +0 → 15947 total
2025-10-23 07:54:55,372 - INFO -      Tiempo: +183.2min → 13855.8min total
2025-10-23 07:54:55,372 - INFO -      Distancia: +0.3km → 171.7km total
2025-10-23 07:54:59,567 - WARNING - ⚠️  DEGRADACIÓN DETECTADA en iter 8300:
2025-10-23 07:54:59,567 - WARNING -    Mejor fitness: 128.0
2025-10-23 07:54:59,568 - WARNING -    Fitness promedio reciente: 95.8
2025-10-23 07:54:59,568 - WARNING -    Degradación: 32.2
2025-10-23 07:54:59,568 - WARNING -    🔄 RESTAURANDO mejor solución...
2025-10-23 07:54:59,570 - DEBUG - Iter 8300: T=18.28, Fitness_actual=128.0, Mejor=128.0
2025-10-23 07:55:04,981 - DEBUG - Iter 8400: T=18.26, Fitness_actual=98.1, Mejor=128.0
2025-10-23 07:55:07,654 - WARNING - ⚠️  DEGRADACIÓN DETECTADA en iter 8450:
2025-10-23 07:55:07,654 - WARNING -    Mejor fitness: 128.0
2025-10-23 07:55:07,655 - WARNING -    Fitness promedio reciente: 94.8
2025-10-23 07:55:07,655 - WARNING -    Degradación: 33.2
2025-10-23 07:55:07,655 - WARNING -    🔄 RESTAURANDO mejor solución...
2025-10-23 07:55:10,385 - INFO -   Iter  8500 | Tiempo:    7.4min ( 3.1%) | T =    18.24 | Fitness =    102.7 | Mejor =    128.0 | Aceptación =  96.7%
2025-10-23 07:55:10,385 - INFO - Progreso iter 8500: T=18.24, Fitness=102.7, Mejor=128.0, Tasa_acept=96.7%
2025-10-23 07:55:10,388 - DEBUG - Iter 8500: T=18.24, Fitness_actual=102.7, Mejor=128.0
2025-10-23 07:55:13,148 - WARNING - ⚠️  DEGRADACIÓN DETECTADA en iter 8550:
2025-10-23 07:55:13,148 - WARNING -    Mejor fitness: 128.0
2025-10-23 07:55:13,148 - WARNING -    Fitness promedio reciente: 96.9
2025-10-23 07:55:13,149 - WARNING -    Degradación: 31.1
2025-10-23 07:55:13,149 - WARNING -    🔄 RESTAURANDO mejor solución...
2025-10-23 07:55:13,534 - INFO - 🌟 MEJORA #86 en iter 8557: Fitness=128.5 (+0.5), Puntos=15982
2025-10-23 07:55:13,806 - INFO - 🌟 MEJORA #87 en iter 8562: Fitness=128.5 (+0.0), Puntos=15983
2025-10-23 07:55:15,112 - INFO - Iter 8586: Aceptada solución con delta=-12.0 (T=18.22)
2025-10-23 07:55:15,112 - INFO -   📊 Desglose del cambio:
2025-10-23 07:55:15,113 - INFO -      Puntos: +0 → 15205 total
2025-10-23 07:55:15,113 - INFO -      Tiempo: +0.0min → 13659.6min total
2025-10-23 07:55:15,113 - INFO -      Distancia: +0.0km → 153.2km total
2025-10-23 07:55:15,878 - DEBUG - Iter 8600: T=18.22, Fitness_actual=96.7, Mejor=128.5
2025-10-23 07:55:21,443 - WARNING - ⚠️  DEGRADACIÓN DETECTADA en iter 8700:
2025-10-23 07:55:21,443 - WARNING -    Mejor fitness: 128.5
2025-10-23 07:55:21,444 - WARNING -    Fitness promedio reciente: 91.3
2025-10-23 07:55:21,445 - WARNING -    Degradación: 37.2
2025-10-23 07:55:21,445 - WARNING -    🔄 RESTAURANDO mejor solución...
2025-10-23 07:55:21,447 - DEBUG - Iter 8700: T=18.20, Fitness_actual=128.5, Mejor=128.5
2025-10-23 07:55:21,447 - INFO - 🌟 MEJORA #88 en iter 8700: Fitness=128.5 (+0.0), Puntos=15983
2025-10-23 07:55:21,721 - INFO - 🌟 MEJORA #89 en iter 8705: Fitness=129.4 (+1.0), Puntos=15977
2025-10-23 07:55:26,911 - DEBUG - Iter 8800: T=18.18, Fitness_actual=93.6, Mejor=129.4
2025-10-23 07:55:29,798 - WARNING - ⚠️  DEGRADACIÓN DETECTADA en iter 8850:
2025-10-23 07:55:29,798 - WARNING -    Mejor fitness: 129.4
2025-10-23 07:55:29,799 - WARNING -    Fitness promedio reciente: 83.5
2025-10-23 07:55:29,799 - WARNING -    Degradación: 45.9
2025-10-23 07:55:29,800 - WARNING -    🔄 RESTAURANDO mejor solución...
2025-10-23 07:55:31,227 - INFO - Iter 8876: Aceptada solución con delta=-11.0 (T=18.16)
2025-10-23 07:55:31,228 - INFO -   📊 Desglose del cambio:
2025-10-23 07:55:31,228 - INFO -      Puntos: +2 → 15210 total
2025-10-23 07:55:31,229 - INFO -      Tiempo: +286.8min → 13975.9min total
2025-10-23 07:55:31,229 - INFO -      Distancia: -2.3km → 162.7km total
2025-10-23 07:55:32,538 - DEBUG - Iter 8900: T=18.16, Fitness_actual=101.8, Mejor=129.4
2025-10-23 07:55:35,268 - WARNING - ⚠️  DEGRADACIÓN DETECTADA en iter 8950:
2025-10-23 07:55:35,268 - WARNING -    Mejor fitness: 129.4
2025-10-23 07:55:35,268 - WARNING -    Fitness promedio reciente: 93.7
2025-10-23 07:55:35,269 - WARNING -    Degradación: 35.7
2025-10-23 07:55:35,269 - WARNING -    🔄 RESTAURANDO mejor solución...
2025-10-23 07:55:38,048 - INFO -   Iter  9000 | Tiempo:    7.9min ( 3.3%) | T =    18.14 | Fitness =    105.1 | Mejor =    129.4 | Aceptación =  96.7%
2025-10-23 07:55:38,049 - INFO - Progreso iter 9000: T=18.14, Fitness=105.1, Mejor=129.4, Tasa_acept=96.7%
2025-10-23 07:55:38,057 - DEBUG - Iter 9000: T=18.14, Fitness_actual=105.1, Mejor=129.4
2025-10-23 07:55:40,976 - WARNING - ⚠️  DEGRADACIÓN DETECTADA en iter 9050:
2025-10-23 07:55:40,976 - WARNING -    Mejor fitness: 129.4
2025-10-23 07:55:40,977 - WARNING -    Fitness promedio reciente: 102.5
2025-10-23 07:55:40,977 - WARNING -    Degradación: 26.9
2025-10-23 07:55:40,977 - WARNING -    🔄 RESTAURANDO mejor solución...
2025-10-23 07:55:41,035 - INFO - 🌟 MEJORA #90 en iter 9051: Fitness=129.4 (+0.0), Puntos=15977
2025-10-23 07:55:41,035 - INFO -   ✨ Mejora #90 en iteración 9052: Fitness = 129.4 | Puntos = 15977 | T = 18.13
2025-10-23 07:55:41,090 - INFO - 🌟 MEJORA #91 en iter 9052: Fitness=129.5 (+0.1), Puntos=15985
2025-10-23 07:55:41,201 - INFO - Iter 9054: Aceptada solución con delta=-12.1 (T=18.13)
2025-10-23 07:55:41,202 - INFO -   📊 Desglose del cambio:
2025-10-23 07:55:41,202 - INFO -      Puntos: -11 → 15974 total
2025-10-23 07:55:41,202 - INFO -      Tiempo: +193.9min → 14194.5min total
2025-10-23 07:55:41,203 - INFO -      Distancia: -0.1km → 174.5km total
2025-10-23 07:55:43,846 - DEBUG - Iter 9100: T=18.12, Fitness_actual=112.4, Mejor=129.5
2025-10-23 07:55:49,380 - WARNING - ⚠️  DEGRADACIÓN DETECTADA en iter 9200:
2025-10-23 07:55:49,380 - WARNING -    Mejor fitness: 129.5
2025-10-23 07:55:49,381 - WARNING -    Fitness promedio reciente: 98.6
2025-10-23 07:55:49,381 - WARNING -    Degradación: 30.9
2025-10-23 07:55:49,381 - WARNING -    🔄 RESTAURANDO mejor solución...
2025-10-23 07:55:49,384 - DEBUG - Iter 9200: T=18.09, Fitness_actual=129.5, Mejor=129.5
2025-10-23 07:55:49,440 - INFO - 🌟 MEJORA #92 en iter 9201: Fitness=129.5 (+0.0), Puntos=15985
2025-10-23 07:55:50,604 - INFO - Iter 9222: Aceptada solución con delta=-13.0 (T=18.09)
2025-10-23 07:55:50,605 - INFO -   📊 Desglose del cambio:
2025-10-23 07:55:50,605 - INFO -      Puntos: +0 → 16079 total
2025-10-23 07:55:50,605 - INFO -      Tiempo: +425.8min → 14602.3min total
2025-10-23 07:55:50,606 - INFO -      Distancia: -3.7km → 188.1km total
2025-10-23 07:55:54,912 - DEBUG - Iter 9300: T=18.07, Fitness_actual=94.6, Mejor=129.5
2025-10-23 07:55:57,700 - WARNING - ⚠️  DEGRADACIÓN DETECTADA en iter 9350:
2025-10-23 07:55:57,700 - WARNING -    Mejor fitness: 129.5
2025-10-23 07:55:57,701 - WARNING -    Fitness promedio reciente: 80.6
2025-10-23 07:55:57,701 - WARNING -    Degradación: 48.9
2025-10-23 07:55:57,702 - WARNING -    🔄 RESTAURANDO mejor solución...
2025-10-23 07:55:57,704 - INFO - 🌟 MEJORA #93 en iter 9350: Fitness=129.5 (+0.0), Puntos=15985
2025-10-23 07:56:00,484 - DEBUG - Iter 9400: T=18.05, Fitness_actual=98.2, Mejor=129.5
2025-10-23 07:56:06,557 - INFO -   Iter  9500 | Tiempo:    8.3min ( 3.5%) | T =    18.03 | Fitness =     72.8 | Mejor =    129.5 | Aceptación =  96.7%
2025-10-23 07:56:06,558 - INFO - Progreso iter 9500: T=18.03, Fitness=72.8, Mejor=129.5, Tasa_acept=96.7%
2025-10-23 07:56:06,558 - WARNING - ⚠️  DEGRADACIÓN DETECTADA en iter 9500:
2025-10-23 07:56:06,558 - WARNING -    Mejor fitness: 129.5
2025-10-23 07:56:06,559 - WARNING -    Fitness promedio reciente: 78.6
2025-10-23 07:56:06,559 - WARNING -    Degradación: 50.9
2025-10-23 07:56:06,559 - WARNING -    🔄 RESTAURANDO mejor solución...
2025-10-23 07:56:06,561 - DEBUG - Iter 9500: T=18.03, Fitness_actual=129.5, Mejor=129.5
2025-10-23 07:56:07,484 - INFO - Iter 9516: Aceptada solución con delta=-11.0 (T=18.03)
2025-10-23 07:56:07,484 - INFO -   📊 Desglose del cambio:
2025-10-23 07:56:07,485 - INFO -      Puntos: +0 → 15565 total
2025-10-23 07:56:07,485 - INFO -      Tiempo: -107.9min → 13602.7min total
2025-10-23 07:56:07,485 - INFO -      Distancia: -1.5km → 171.1km total
2025-10-23 07:56:12,297 - WARNING - ⚠️  DEGRADACIÓN DETECTADA en iter 9600:
2025-10-23 07:56:12,298 - WARNING -    Mejor fitness: 129.5
2025-10-23 07:56:12,298 - WARNING -    Fitness promedio reciente: 97.1
2025-10-23 07:56:12,298 - WARNING -    Degradación: 32.4
2025-10-23 07:56:12,299 - WARNING -    🔄 RESTAURANDO mejor solución...
2025-10-23 07:56:12,301 - DEBUG - Iter 9600: T=18.01, Fitness_actual=129.5, Mejor=129.5
2025-10-23 07:56:12,301 - INFO - 🌟 MEJORA #94 en iter 9600: Fitness=130.5 (+1.0), Puntos=15985
2025-10-23 07:56:12,360 - INFO - 🌟 MEJORA #95 en iter 9601: Fitness=130.5 (+0.0), Puntos=15985
2025-10-23 07:56:12,360 - INFO -   ✨ Mejora #95 en iteración 9602: Fitness = 130.5 | Puntos = 15985 | T = 18.01
2025-10-23 07:56:12,418 - INFO - 🌟 MEJORA #96 en iter 9602: Fitness=130.6 (+0.0), Puntos=15990
2025-10-23 07:56:18,025 - DEBUG - Iter 9700: T=17.99, Fitness_actual=102.1, Mejor=130.6
2025-10-23 07:56:20,880 - WARNING - ⚠️  DEGRADACIÓN DETECTADA en iter 9750:
2025-10-23 07:56:20,881 - WARNING -    Mejor fitness: 130.6
2025-10-23 07:56:20,881 - WARNING -    Fitness promedio reciente: 96.5
2025-10-23 07:56:20,881 - WARNING -    Degradación: 34.0
2025-10-23 07:56:20,882 - WARNING -    🔄 RESTAURANDO mejor solución...
2025-10-23 07:56:23,742 - DEBUG - Iter 9800: T=17.97, Fitness_actual=101.0, Mejor=130.6
2025-10-23 07:56:26,615 - WARNING - ⚠️  DEGRADACIÓN DETECTADA en iter 9850:
2025-10-23 07:56:26,615 - WARNING -    Mejor fitness: 130.6
2025-10-23 07:56:26,616 - WARNING -    Fitness promedio reciente: 91.4
2025-10-23 07:56:26,616 - WARNING -    Degradación: 39.1
2025-10-23 07:56:26,616 - WARNING -    🔄 RESTAURANDO mejor solución...
2025-10-23 07:56:26,619 - INFO - 🌟 MEJORA #97 en iter 9850: Fitness=131.6 (+1.0), Puntos=15990
2025-10-23 07:56:27,028 - INFO - Iter 9857: Aceptada solución con delta=-10.2 (T=17.95)
2025-10-23 07:56:27,029 - INFO -   📊 Desglose del cambio:
2025-10-23 07:56:27,029 - INFO -      Puntos: -625 → 14823 total
2025-10-23 07:56:27,029 - INFO -      Tiempo: -721.6min → 13601.1min total
2025-10-23 07:56:27,030 - INFO -      Distancia: -5.1km → 178.3km total
2025-10-23 07:56:29,013 - INFO - Iter 9888: Aceptada solución con delta=-10.5 (T=17.95)
2025-10-23 07:56:29,013 - INFO -   📊 Desglose del cambio:
2025-10-23 07:56:29,014 - INFO -      Puntos: +0 → 14197 total
2025-10-23 07:56:29,014 - INFO -      Tiempo: +236.5min → 14951.7min total
2025-10-23 07:56:29,014 - INFO -      Distancia: -4.1km → 145.3km total
2025-10-23 07:56:29,776 - DEBUG - Iter 9900: T=17.94, Fitness_actual=90.5, Mejor=131.6
2025-10-23 07:56:35,148 - INFO - Iter 9989: Aceptada solución con delta=+10.5 (T=17.92)
2025-10-23 07:56:35,148 - INFO -   📊 Desglose del cambio:
2025-10-23 07:56:35,148 - INFO -      Puntos: +0 → 12857 total
2025-10-23 07:56:35,149 - INFO -      Tiempo: -1366.5min → 11361.4min total
2025-10-23 07:56:35,149 - INFO -      Distancia: +0.5km → 124.2km total
2025-10-23 07:56:35,783 - INFO -   Iter 10000 | Tiempo:    8.8min ( 3.7%) | T =    17.92 | Fitness =     82.7 | Mejor =    131.6 | Aceptación =  96.6%
2025-10-23 07:56:35,783 - INFO - Progreso iter 10000: T=17.92, Fitness=82.7, Mejor=131.6, Tasa_acept=96.6%
2025-10-23 07:56:35,784 - WARNING - ⚠️  DEGRADACIÓN DETECTADA en iter 10000:
2025-10-23 07:56:35,784 - WARNING -    Mejor fitness: 131.6
2025-10-23 07:56:35,784 - WARNING -    Fitness promedio reciente: 93.7
2025-10-23 07:56:35,784 - WARNING -    Degradación: 37.8
2025-10-23 07:56:35,784 - WARNING -    🔄 RESTAURANDO mejor solución...
2025-10-23 07:56:35,787 - DEBUG - Iter 10000: T=17.92, Fitness_actual=131.6, Mejor=131.6
2025-10-23 07:56:41,469 - DEBUG - Iter 10100: T=17.90, Fitness_actual=113.5, Mejor=131.6
2025-10-23 07:56:47,254 - WARNING - ⚠️  DEGRADACIÓN DETECTADA en iter 10200:
2025-10-23 07:56:47,255 - WARNING -    Mejor fitness: 131.6
2025-10-23 07:56:47,255 - WARNING -    Fitness promedio reciente: 106.1
2025-10-23 07:56:47,255 - WARNING -    Degradación: 25.5
2025-10-23 07:56:47,256 - WARNING -    🔄 RESTAURANDO mejor solución...
2025-10-23 07:56:47,258 - DEBUG - Iter 10200: T=17.88, Fitness_actual=131.6, Mejor=131.6
2025-10-23 07:56:53,113 - WARNING - ⚠️  DEGRADACIÓN DETECTADA en iter 10300:
2025-10-23 07:56:53,113 - WARNING -    Mejor fitness: 131.6
2025-10-23 07:56:53,114 - WARNING -    Fitness promedio reciente: 104.5
2025-10-23 07:56:53,114 - WARNING -    Degradación: 27.1
2025-10-23 07:56:53,114 - WARNING -    🔄 RESTAURANDO mejor solución...
2025-10-23 07:56:53,117 - DEBUG - Iter 10300: T=17.86, Fitness_actual=131.6, Mejor=131.6
2025-10-23 07:56:53,117 - INFO - 🌟 MEJORA #98 en iter 10300: Fitness=131.6 (+0.0), Puntos=15990
2025-10-23 07:56:53,175 - INFO - 🌟 MEJORA #99 en iter 10301: Fitness=131.6 (+0.0), Puntos=15994
2025-10-23 07:56:53,292 - INFO - 🌟 MEJORA #100 en iter 10303: Fitness=131.6 (+0.0), Puntos=15994
2025-10-23 07:56:53,292 - INFO -   ✨ Mejora #100 en iteración 10304: Fitness = 131.6 | Puntos = 15994 | T = 17.86
2025-10-23 07:56:53,409 - INFO - 🌟 MEJORA #101 en iter 10305: Fitness=131.6 (+0.0), Puntos=15994
2025-10-23 07:56:53,467 - INFO - 🌟 MEJORA #102 en iter 10306: Fitness=131.7 (+0.1), Puntos=16004
2025-10-23 07:56:53,526 - INFO - 🌟 MEJORA #103 en iter 10307: Fitness=131.8 (+0.0), Puntos=16006
2025-10-23 07:56:53,583 - INFO - 🌟 MEJORA #104 en iter 10308: Fitness=131.8 (+0.0), Puntos=16006
2025-10-23 07:56:58,922 - DEBUG - Iter 10400: T=17.84, Fitness_actual=100.0, Mejor=131.8
2025-10-23 07:57:01,812 - WARNING - ⚠️  DEGRADACIÓN DETECTADA en iter 10450:
2025-10-23 07:57:01,812 - WARNING -    Mejor fitness: 131.8
2025-10-23 07:57:01,813 - WARNING -    Fitness promedio reciente: 98.5
2025-10-23 07:57:01,813 - WARNING -    Degradación: 33.3
2025-10-23 07:57:01,813 - WARNING -    🔄 RESTAURANDO mejor solución...
2025-10-23 07:57:01,816 - INFO - 🌟 MEJORA #105 en iter 10450: Fitness=131.8 (+0.0), Puntos=16006
2025-10-23 07:57:01,816 - INFO -   ✨ Mejora #105 en iteración 10451: Fitness = 131.8 | Puntos = 16006 | T = 17.83
2025-10-23 07:57:04,793 - INFO -   Iter 10500 | Tiempo:    9.3min ( 3.9%) | T =    17.81 | Fitness =     99.7 | Mejor =    131.8 | Aceptación =  96.6%
2025-10-23 07:57:04,794 - INFO - Progreso iter 10500: T=17.81, Fitness=99.7, Mejor=131.8, Tasa_acept=96.6%
2025-10-23 07:57:04,796 - DEBUG - Iter 10500: T=17.81, Fitness_actual=99.7, Mejor=131.8
2025-10-23 07:57:10,616 - WARNING - ⚠️  DEGRADACIÓN DETECTADA en iter 10600:
2025-10-23 07:57:10,616 - WARNING -    Mejor fitness: 131.8
2025-10-23 07:57:10,617 - WARNING -    Fitness promedio reciente: 64.7
2025-10-23 07:57:10,617 - WARNING -    Degradación: 67.1
2025-10-23 07:57:10,618 - WARNING -    🔄 RESTAURANDO mejor solución...
2025-10-23 07:57:10,620 - DEBUG - Iter 10600: T=17.79, Fitness_actual=131.8, Mejor=131.8
2025-10-23 07:57:16,493 - DEBUG - Iter 10700: T=17.77, Fitness_actual=106.6, Mejor=131.8
2025-10-23 07:57:19,424 - WARNING - ⚠️  DEGRADACIÓN DETECTADA en iter 10750:
2025-10-23 07:57:19,425 - WARNING -    Mejor fitness: 131.8
2025-10-23 07:57:19,425 - WARNING -    Fitness promedio reciente: 103.1
2025-10-23 07:57:19,425 - WARNING -    Degradación: 28.7
2025-10-23 07:57:19,426 - WARNING -    🔄 RESTAURANDO mejor solución...
2025-10-23 07:57:19,724 - INFO - 🌟 MEJORA #106 en iter 10755: Fitness=131.8 (+0.0), Puntos=16210
2025-10-23 07:57:19,783 - INFO - 🌟 MEJORA #107 en iter 10756: Fitness=131.9 (+0.1), Puntos=16221
2025-10-23 07:57:22,353 - DEBUG - Iter 10800: T=17.75, Fitness_actual=126.3, Mejor=131.9
2025-10-23 07:57:28,261 - WARNING - ⚠️  DEGRADACIÓN DETECTADA en iter 10900:
2025-10-23 07:57:28,261 - WARNING -    Mejor fitness: 131.9
2025-10-23 07:57:28,262 - WARNING -    Fitness promedio reciente: 92.8
2025-10-23 07:57:28,262 - WARNING -    Degradación: 39.1
2025-10-23 07:57:28,262 - WARNING -    🔄 RESTAURANDO mejor solución...
2025-10-23 07:57:28,265 - DEBUG - Iter 10900: T=17.73, Fitness_actual=131.9, Mejor=131.9
2025-10-23 07:57:29,385 - INFO - 🌟 MEJORA #108 en iter 10919: Fitness=132.0 (+0.1), Puntos=16072
2025-10-23 07:57:29,445 - INFO - 🌟 MEJORA #109 en iter 10920: Fitness=132.0 (+0.0), Puntos=16072
2025-10-23 07:57:33,592 - INFO - Iter 10991: Aceptada solución con delta=-12.5 (T=17.71)
2025-10-23 07:57:33,592 - INFO -   📊 Desglose del cambio:
2025-10-23 07:57:33,592 - INFO -      Puntos: +362 → 14404 total
2025-10-23 07:57:33,593 - INFO -      Tiempo: +1042.1min → 14192.2min total
2025-10-23 07:57:33,593 - INFO -      Distancia: +83.6km → 232.3km total
2025-10-23 07:57:33,653 - INFO - Iter 10992: Aceptada solución con delta=+12.5 (T=17.71)
2025-10-23 07:57:33,653 - INFO -   📊 Desglose del cambio:
2025-10-23 07:57:33,654 - INFO -      Puntos: -500 → 13904 total
2025-10-23 07:57:33,654 - INFO -      Tiempo: -1076.4min → 13115.8min total
2025-10-23 07:57:33,654 - INFO -      Distancia: -44.7km → 187.6km total
2025-10-23 07:57:34,120 - INFO -   Iter 11000 | Tiempo:    9.8min ( 4.1%) | T =    17.71 | Fitness =     95.5 | Mejor =    132.0 | Aceptación =  96.6%
2025-10-23 07:57:34,120 - INFO - Progreso iter 11000: T=17.71, Fitness=95.5, Mejor=132.0, Tasa_acept=96.6%
2025-10-23 07:57:34,123 - DEBUG - Iter 11000: T=17.71, Fitness_actual=95.5, Mejor=132.0
2025-10-23 07:57:37,074 - WARNING - ⚠️  DEGRADACIÓN DETECTADA en iter 11050:
2025-10-23 07:57:37,074 - WARNING -    Mejor fitness: 132.0
2025-10-23 07:57:37,075 - WARNING -    Fitness promedio reciente: 96.2
2025-10-23 07:57:37,075 - WARNING -    Degradación: 35.9
2025-10-23 07:57:37,076 - WARNING -    🔄 RESTAURANDO mejor solución...
2025-10-23 07:57:37,315 - INFO - Iter 11054: Aceptada solución con delta=-13.0 (T=17.69)
2025-10-23 07:57:37,316 - INFO -   📊 Desglose del cambio:
2025-10-23 07:57:37,316 - INFO -      Puntos: -2 → 16057 total
2025-10-23 07:57:37,317 - INFO -      Tiempo: +424.2min → 13776.5min total
2025-10-23 07:57:37,317 - INFO -      Distancia: -3.8km → 121.0km total
2025-10-23 07:57:40,032 - WARNING - ⚠️  DEGRADACIÓN DETECTADA en iter 11100:
2025-10-23 07:57:40,032 - WARNING -    Mejor fitness: 132.0
2025-10-23 07:57:40,033 - WARNING -    Fitness promedio reciente: 106.1
2025-10-23 07:57:40,033 - WARNING -    Degradación: 25.9
2025-10-23 07:57:40,033 - WARNING -    🔄 RESTAURANDO mejor solución...
2025-10-23 07:57:40,036 - DEBUG - Iter 11100: T=17.68, Fitness_actual=132.0, Mejor=132.0
2025-10-23 07:57:40,215 - INFO - Iter 11103: Aceptada solución con delta=-12.4 (T=17.68)
2025-10-23 07:57:40,215 - INFO -   📊 Desglose del cambio:
2025-10-23 07:57:40,216 - INFO -      Puntos: -840 → 15232 total
2025-10-23 07:57:40,216 - INFO -      Tiempo: -711.7min → 12573.9min total
2025-10-23 07:57:40,216 - INFO -      Distancia: -7.6km → 116.6km total
2025-10-23 07:57:43,021 - WARNING - ⚠️  DEGRADACIÓN DETECTADA en iter 11150:
2025-10-23 07:57:43,021 - WARNING -    Mejor fitness: 132.0
2025-10-23 07:57:43,022 - WARNING -    Fitness promedio reciente: 100.8
2025-10-23 07:57:43,022 - WARNING -    Degradación: 31.2
2025-10-23 07:57:43,022 - WARNING -    🔄 RESTAURANDO mejor solución...
2025-10-23 07:57:45,982 - DEBUG - Iter 11200: T=17.66, Fitness_actual=104.5, Mejor=132.0
2025-10-23 07:57:48,897 - WARNING - ⚠️  DEGRADACIÓN DETECTADA en iter 11250:
2025-10-23 07:57:48,897 - WARNING -    Mejor fitness: 132.0
2025-10-23 07:57:48,898 - WARNING -    Fitness promedio reciente: 90.7
2025-10-23 07:57:48,898 - WARNING -    Degradación: 41.4
2025-10-23 07:57:48,898 - WARNING -    🔄 RESTAURANDO mejor solución...
2025-10-23 07:57:51,842 - WARNING - ⚠️  DEGRADACIÓN DETECTADA en iter 11300:
2025-10-23 07:57:51,842 - WARNING -    Mejor fitness: 132.0
2025-10-23 07:57:51,843 - WARNING -    Fitness promedio reciente: 110.3
2025-10-23 07:57:51,843 - WARNING -    Degradación: 21.8
2025-10-23 07:57:51,843 - WARNING -    🔄 RESTAURANDO mejor solución...
2025-10-23 07:57:51,846 - DEBUG - Iter 11300: T=17.64, Fitness_actual=132.0, Mejor=132.0
2025-10-23 07:57:51,846 - INFO - 🌟 MEJORA #110 en iter 11300: Fitness=132.0 (+0.0), Puntos=16072
2025-10-23 07:57:51,846 - INFO -   ✨ Mejora #110 en iteración 11301: Fitness = 132.0 | Puntos = 16072 | T = 17.64
2025-10-23 07:57:52,212 - INFO - Iter 11306: Aceptada solución con delta=-10.0 (T=17.64)
2025-10-23 07:57:52,212 - INFO -   📊 Desglose del cambio:
2025-10-23 07:57:52,213 - INFO -      Puntos: -2 → 16100 total
2025-10-23 07:57:52,213 - INFO -      Tiempo: +56.8min → 13011.5min total
2025-10-23 07:57:52,213 - INFO -      Distancia: -4.4km → 119.7km total
2025-10-23 07:57:57,842 - DEBUG - Iter 11400: T=17.62, Fitness_actual=106.0, Mejor=132.0
2025-10-23 07:58:00,890 - WARNING - ⚠️  DEGRADACIÓN DETECTADA en iter 11450:
2025-10-23 07:58:00,890 - WARNING -    Mejor fitness: 132.0
2025-10-23 07:58:00,891 - WARNING -    Fitness promedio reciente: 98.2
2025-10-23 07:58:00,892 - WARNING -    Degradación: 33.9
2025-10-23 07:58:00,892 - WARNING -    🔄 RESTAURANDO mejor solución...
2025-10-23 07:58:00,895 - INFO - 🌟 MEJORA #111 en iter 11450: Fitness=132.0 (+0.0), Puntos=16072
2025-10-23 07:58:01,137 - INFO - 🌟 MEJORA #112 en iter 11454: Fitness=132.0 (+0.0), Puntos=16072
2025-10-23 07:58:03,927 - INFO -   Iter 11500 | Tiempo:   10.3min ( 4.3%) | T =    17.60 | Fitness =    107.4 | Mejor =    132.0 | Aceptación =  96.6%
2025-10-23 07:58:03,927 - INFO - Progreso iter 11500: T=17.60, Fitness=107.4, Mejor=132.0, Tasa_acept=96.6%
2025-10-23 07:58:03,930 - DEBUG - Iter 11500: T=17.60, Fitness_actual=107.4, Mejor=132.0
2025-10-23 07:58:10,017 - WARNING - ⚠️  DEGRADACIÓN DETECTADA en iter 11600:
2025-10-23 07:58:10,017 - WARNING -    Mejor fitness: 132.0
2025-10-23 07:58:10,018 - WARNING -    Fitness promedio reciente: 76.9
2025-10-23 07:58:10,018 - WARNING -    Degradación: 55.2
2025-10-23 07:58:10,018 - WARNING -    🔄 RESTAURANDO mejor solución...
2025-10-23 07:58:10,020 - DEBUG - Iter 11600: T=17.58, Fitness_actual=132.0, Mejor=132.0
2025-10-23 07:58:16,123 - WARNING - ⚠️  DEGRADACIÓN DETECTADA en iter 11700:
2025-10-23 07:58:16,123 - WARNING -    Mejor fitness: 132.0
2025-10-23 07:58:16,124 - WARNING -    Fitness promedio reciente: 96.4
2025-10-23 07:58:16,124 - WARNING -    Degradación: 35.7
2025-10-23 07:58:16,125 - WARNING -    🔄 RESTAURANDO mejor solución...
2025-10-23 07:58:16,127 - DEBUG - Iter 11700: T=17.55, Fitness_actual=132.0, Mejor=132.0
2025-10-23 07:58:19,183 - WARNING - ⚠️  DEGRADACIÓN DETECTADA en iter 11750:
2025-10-23 07:58:19,183 - WARNING -    Mejor fitness: 132.0
2025-10-23 07:58:19,184 - WARNING -    Fitness promedio reciente: 110.4
2025-10-23 07:58:19,184 - WARNING -    Degradación: 21.7
2025-10-23 07:58:19,184 - WARNING -    🔄 RESTAURANDO mejor solución...
2025-10-23 07:58:22,327 - DEBUG - Iter 11800: T=17.53, Fitness_actual=113.0, Mejor=132.0
2025-10-23 07:58:25,393 - WARNING - ⚠️  DEGRADACIÓN DETECTADA en iter 11850:
2025-10-23 07:58:25,394 - WARNING -    Mejor fitness: 132.0
2025-10-23 07:58:25,394 - WARNING -    Fitness promedio reciente: 108.3
2025-10-23 07:58:25,395 - WARNING -    Degradación: 23.8
2025-10-23 07:58:25,395 - WARNING -    🔄 RESTAURANDO mejor solución...
2025-10-23 07:58:26,072 - INFO - Iter 11861: Aceptada solución con delta=-11.5 (T=17.52)
2025-10-23 07:58:26,072 - INFO -   📊 Desglose del cambio:
2025-10-23 07:58:26,073 - INFO -      Puntos: +0 → 14980 total
2025-10-23 07:58:26,073 - INFO -      Tiempo: -0.0min → 12318.7min total
2025-10-23 07:58:26,074 - INFO -      Distancia: +0.0km → 125.7km total
2025-10-23 07:58:28,471 - WARNING - ⚠️  DEGRADACIÓN DETECTADA en iter 11900:
2025-10-23 07:58:28,471 - WARNING -    Mejor fitness: 132.0
2025-10-23 07:58:28,471 - WARNING -    Fitness promedio reciente: 109.4
2025-10-23 07:58:28,472 - WARNING -    Degradación: 22.7
2025-10-23 07:58:28,472 - WARNING -    🔄 RESTAURANDO mejor solución...
2025-10-23 07:58:28,474 - DEBUG - Iter 11900: T=17.51, Fitness_actual=132.0, Mejor=132.0
2025-10-23 07:58:34,616 - INFO -   Iter 12000 | Tiempo:   10.8min ( 4.5%) | T =    17.49 | Fitness =    100.8 | Mejor =    132.0 | Aceptación =  96.6%
2025-10-23 07:58:34,616 - INFO - Progreso iter 12000: T=17.49, Fitness=100.8, Mejor=132.0, Tasa_acept=96.6%
2025-10-23 07:58:34,617 - WARNING - ⚠️  DEGRADACIÓN DETECTADA en iter 12000:
2025-10-23 07:58:34,617 - WARNING -    Mejor fitness: 132.0
2025-10-23 07:58:34,618 - WARNING -    Fitness promedio reciente: 105.8
2025-10-23 07:58:34,618 - WARNING -    Degradación: 26.2
2025-10-23 07:58:34,618 - WARNING -    🔄 RESTAURANDO mejor solución...
2025-10-23 07:58:34,621 - DEBUG - Iter 12000: T=17.49, Fitness_actual=132.0, Mejor=132.0
2025-10-23 07:58:34,938 - INFO - Iter 12005: Aceptada solución con delta=-10.5 (T=17.48)
2025-10-23 07:58:34,938 - INFO -   📊 Desglose del cambio:
2025-10-23 07:58:34,939 - INFO -      Puntos: -445 → 15627 total
2025-10-23 07:58:34,939 - INFO -      Tiempo: +1258.6min → 14296.9min total
2025-10-23 07:58:34,940 - INFO -      Distancia: +3.3km → 126.9km total
2025-10-23 07:58:35,738 - INFO - Iter 12017: Aceptada solución con delta=-11.7 (T=17.48)
2025-10-23 07:58:35,738 - INFO -   📊 Desglose del cambio:
2025-10-23 07:58:35,739 - INFO -      Puntos: -776 → 14852 total
2025-10-23 07:58:35,739 - INFO -      Tiempo: -495.1min → 13354.0min total
2025-10-23 07:58:35,739 - INFO -      Distancia: -10.8km → 116.4km total
2025-10-23 07:58:37,893 - WARNING - ⚠️  DEGRADACIÓN DETECTADA en iter 12050:
2025-10-23 07:58:37,894 - WARNING -    Mejor fitness: 132.0
2025-10-23 07:58:37,894 - WARNING -    Fitness promedio reciente: 107.7
2025-10-23 07:58:37,895 - WARNING -    Degradación: 24.3
2025-10-23 07:58:37,895 - WARNING -    🔄 RESTAURANDO mejor solución...
2025-10-23 07:58:40,974 - DEBUG - Iter 12100: T=17.46, Fitness_actual=113.4, Mejor=132.0
2025-10-23 07:58:44,052 - WARNING - ⚠️  DEGRADACIÓN DETECTADA en iter 12150:
2025-10-23 07:58:44,053 - WARNING -    Mejor fitness: 132.0
2025-10-23 07:58:44,053 - WARNING -    Fitness promedio reciente: 105.5
2025-10-23 07:58:44,054 - WARNING -    Degradación: 26.5
2025-10-23 07:58:44,054 - WARNING -    🔄 RESTAURANDO mejor solución...
2025-10-23 07:58:47,149 - DEBUG - Iter 12200: T=17.44, Fitness_actual=108.1, Mejor=132.0
2025-10-23 07:58:50,414 - WARNING - ⚠️  DEGRADACIÓN DETECTADA en iter 12250:
2025-10-23 07:58:50,414 - WARNING -    Mejor fitness: 132.0
2025-10-23 07:58:50,415 - WARNING -    Fitness promedio reciente: 88.7
2025-10-23 07:58:50,415 - WARNING -    Degradación: 43.4
2025-10-23 07:58:50,415 - WARNING -    🔄 RESTAURANDO mejor solución...
2025-10-23 07:58:50,418 - INFO - 🌟 MEJORA #113 en iter 12250: Fitness=132.0 (+0.0), Puntos=16072
2025-10-23 07:58:50,481 - INFO - 🌟 MEJORA #114 en iter 12251: Fitness=132.1 (+0.0), Puntos=16072
2025-10-23 07:58:53,542 - DEBUG - Iter 12300: T=17.42, Fitness_actual=104.7, Mejor=132.1
2025-10-23 07:58:59,323 - INFO - Iter 12392: Aceptada solución con delta=+10.4 (T=17.40)
2025-10-23 07:58:59,323 - INFO -   📊 Desglose del cambio:
2025-10-23 07:58:59,324 - INFO -      Puntos: -8 → 13004 total
2025-10-23 07:58:59,324 - INFO -      Tiempo: -1126.6min → 12512.2min total
2025-10-23 07:58:59,324 - INFO -      Distancia: -3.1km → 138.1km total
2025-10-23 07:58:59,815 - WARNING - ⚠️  DEGRADACIÓN DETECTADA en iter 12400:
2025-10-23 07:58:59,815 - WARNING -    Mejor fitness: 132.1
2025-10-23 07:58:59,816 - WARNING -    Fitness promedio reciente: 92.4
2025-10-23 07:58:59,817 - WARNING -    Degradación: 39.6
2025-10-23 07:58:59,817 - WARNING -    🔄 RESTAURANDO mejor solución...
2025-10-23 07:58:59,819 - DEBUG - Iter 12400: T=17.39, Fitness_actual=132.1, Mejor=132.1
2025-10-23 07:59:06,244 - INFO -   Iter 12500 | Tiempo:   11.3min ( 4.7%) | T =    17.37 | Fitness =     85.0 | Mejor =    132.1 | Aceptación =  96.5%
2025-10-23 07:59:06,244 - INFO - Progreso iter 12500: T=17.37, Fitness=85.0, Mejor=132.1, Tasa_acept=96.5%
2025-10-23 07:59:06,245 - WARNING - ⚠️  DEGRADACIÓN DETECTADA en iter 12500:
2025-10-23 07:59:06,245 - WARNING -    Mejor fitness: 132.1
2025-10-23 07:59:06,245 - WARNING -    Fitness promedio reciente: 85.5
2025-10-23 07:59:06,245 - WARNING -    Degradación: 46.6
2025-10-23 07:59:06,245 - WARNING -    🔄 RESTAURANDO mejor solución...
2025-10-23 07:59:06,248 - DEBUG - Iter 12500: T=17.37, Fitness_actual=132.1, Mejor=132.1
2025-10-23 07:59:12,458 - WARNING - ⚠️  DEGRADACIÓN DETECTADA en iter 12600:
2025-10-23 07:59:12,458 - WARNING -    Mejor fitness: 132.1
2025-10-23 07:59:12,459 - WARNING -    Fitness promedio reciente: 99.6
2025-10-23 07:59:12,459 - WARNING -    Degradación: 32.4
2025-10-23 07:59:12,459 - WARNING -    🔄 RESTAURANDO mejor solución...
2025-10-23 07:59:12,462 - DEBUG - Iter 12600: T=17.35, Fitness_actual=132.1, Mejor=132.1
2025-10-23 07:59:15,759 - WARNING - ⚠️  DEGRADACIÓN DETECTADA en iter 12650:
2025-10-23 07:59:15,759 - WARNING -    Mejor fitness: 132.1
2025-10-23 07:59:15,760 - WARNING -    Fitness promedio reciente: 100.6
2025-10-23 07:59:15,760 - WARNING -    Degradación: 31.5
2025-10-23 07:59:15,760 - WARNING -    🔄 RESTAURANDO mejor solución...
2025-10-23 07:59:16,449 - INFO - Iter 12661: Aceptada solución con delta=-14.3 (T=17.34)
2025-10-23 07:59:16,449 - INFO -   📊 Desglose del cambio:
2025-10-23 07:59:16,450 - INFO -      Puntos: +27 → 16081 total
2025-10-23 07:59:16,450 - INFO -      Tiempo: +786.9min → 13730.0min total
2025-10-23 07:59:16,451 - INFO -      Distancia: +22.2km → 140.4km total
2025-10-23 07:59:18,868 - WARNING - ⚠️  DEGRADACIÓN DETECTADA en iter 12700:
2025-10-23 07:59:18,868 - WARNING -    Mejor fitness: 132.1
2025-10-23 07:59:18,869 - WARNING -    Fitness promedio reciente: 110.9
2025-10-23 07:59:18,869 - WARNING -    Degradación: 21.1
2025-10-23 07:59:18,869 - WARNING -    🔄 RESTAURANDO mejor solución...
2025-10-23 07:59:18,872 - DEBUG - Iter 12700: T=17.33, Fitness_actual=132.1, Mejor=132.1
2025-10-23 07:59:18,872 - INFO - 🌟 MEJORA #115 en iter 12700: Fitness=132.7 (+0.6), Puntos=16131
2025-10-23 07:59:18,872 - INFO -   ✨ Mejora #115 en iteración 12701: Fitness = 132.7 | Puntos = 16131 | T = 17.33
2025-10-23 07:59:19,122 - INFO - 🌟 MEJORA #116 en iter 12704: Fitness=132.7 (+0.0), Puntos=16131
2025-10-23 07:59:19,184 - INFO - 🌟 MEJORA #117 en iter 12705: Fitness=133.7 (+1.0), Puntos=16131
2025-10-23 07:59:19,372 - INFO - 🌟 MEJORA #118 en iter 12708: Fitness=133.7 (+0.0), Puntos=16134
2025-10-23 07:59:25,060 - DEBUG - Iter 12800: T=17.30, Fitness_actual=101.7, Mejor=133.7
2025-10-23 07:59:28,133 - WARNING - ⚠️  DEGRADACIÓN DETECTADA en iter 12850:
2025-10-23 07:59:28,133 - WARNING -    Mejor fitness: 133.7
2025-10-23 07:59:28,134 - WARNING -    Fitness promedio reciente: 99.3
2025-10-23 07:59:28,134 - WARNING -    Degradación: 34.4
2025-10-23 07:59:28,134 - WARNING -    🔄 RESTAURANDO mejor solución...
2025-10-23 07:59:31,241 - WARNING - ⚠️  DEGRADACIÓN DETECTADA en iter 12900:
2025-10-23 07:59:31,241 - WARNING -    Mejor fitness: 133.7
2025-10-23 07:59:31,242 - WARNING -    Fitness promedio reciente: 109.9
2025-10-23 07:59:31,242 - WARNING -    Degradación: 23.8
2025-10-23 07:59:31,242 - WARNING -    🔄 RESTAURANDO mejor solución...
2025-10-23 07:59:31,245 - DEBUG - Iter 12900: T=17.28, Fitness_actual=133.7, Mejor=133.7
2025-10-23 07:59:31,245 - INFO - 🌟 MEJORA #119 en iter 12900: Fitness=133.7 (+0.1), Puntos=16141
2025-10-23 07:59:37,523 - INFO -   Iter 13000 | Tiempo:   11.9min ( 4.9%) | T =    17.26 | Fitness =     91.0 | Mejor =    133.7 | Aceptación =  96.5%
2025-10-23 07:59:37,524 - INFO - Progreso iter 13000: T=17.26, Fitness=91.0, Mejor=133.7, Tasa_acept=96.5%
2025-10-23 07:59:37,526 - DEBUG - Iter 13000: T=17.26, Fitness_actual=91.0, Mejor=133.7
2025-10-23 07:59:40,856 - WARNING - ⚠️  DEGRADACIÓN DETECTADA en iter 13050:
2025-10-23 07:59:40,856 - WARNING -    Mejor fitness: 133.7
2025-10-23 07:59:40,858 - WARNING -    Fitness promedio reciente: 82.1
2025-10-23 07:59:40,858 - WARNING -    Degradación: 51.7
2025-10-23 07:59:40,858 - WARNING -    🔄 RESTAURANDO mejor solución...
2025-10-23 07:59:44,019 - DEBUG - Iter 13100: T=17.24, Fitness_actual=115.0, Mejor=133.7
2025-10-23 07:59:44,271 - INFO - Iter 13104: Aceptada solución con delta=-10.3 (T=17.24)
2025-10-23 07:59:44,271 - INFO -   📊 Desglose del cambio:
2025-10-23 07:59:44,272 - INFO -      Puntos: -836 → 14468 total
2025-10-23 07:59:44,273 - INFO -      Tiempo: -690.8min → 11606.4min total
2025-10-23 07:59:44,273 - INFO -      Distancia: -3.4km → 118.4km total
2025-10-23 07:59:47,154 - WARNING - ⚠️  DEGRADACIÓN DETECTADA en iter 13150:
2025-10-23 07:59:47,154 - WARNING -    Mejor fitness: 133.7
2025-10-23 07:59:47,155 - WARNING -    Fitness promedio reciente: 98.9
2025-10-23 07:59:47,155 - WARNING -    Degradación: 34.9
2025-10-23 07:59:47,155 - WARNING -    🔄 RESTAURANDO mejor solución...
2025-10-23 07:59:49,364 - INFO - Iter 13185: Aceptada solución con delta=-10.4 (T=17.22)
2025-10-23 07:59:49,364 - INFO -   📊 Desglose del cambio:
2025-10-23 07:59:49,365 - INFO -      Puntos: -836 → 14627 total
2025-10-23 07:59:49,365 - INFO -      Tiempo: -679.3min → 12467.0min total
2025-10-23 07:59:49,365 - INFO -      Distancia: -2.4km → 152.3km total
2025-10-23 07:59:50,310 - WARNING - ⚠️  DEGRADACIÓN DETECTADA en iter 13200:
2025-10-23 07:59:50,311 - WARNING -    Mejor fitness: 133.7
2025-10-23 07:59:50,311 - WARNING -    Fitness promedio reciente: 112.4
2025-10-23 07:59:50,312 - WARNING -    Degradación: 21.3
2025-10-23 07:59:50,312 - WARNING -    🔄 RESTAURANDO mejor solución...
2025-10-23 07:59:50,314 - DEBUG - Iter 13200: T=17.21, Fitness_actual=133.7, Mejor=133.7
2025-10-23 07:59:56,753 - WARNING - ⚠️  DEGRADACIÓN DETECTADA en iter 13300:
2025-10-23 07:59:56,753 - WARNING -    Mejor fitness: 133.7
2025-10-23 07:59:56,754 - WARNING -    Fitness promedio reciente: 94.7
2025-10-23 07:59:56,754 - WARNING -    Degradación: 39.0
2025-10-23 07:59:56,754 - WARNING -    🔄 RESTAURANDO mejor solución...
2025-10-23 07:59:56,757 - DEBUG - Iter 13300: T=17.19, Fitness_actual=133.7, Mejor=133.7
2025-10-23 07:59:57,384 - INFO - 🌟 MEJORA #120 en iter 13310: Fitness=134.2 (+0.4), Puntos=16136
2025-10-23 07:59:57,384 - INFO -   ✨ Mejora #120 en iteración 13311: Fitness = 134.2 | Puntos = 16136 | T = 17.19
2025-10-23 08:00:03,150 - DEBUG - Iter 13400: T=17.17, Fitness_actual=104.0, Mejor=134.2
2025-10-23 08:00:06,373 - WARNING - ⚠️  DEGRADACIÓN DETECTADA en iter 13450:
2025-10-23 08:00:06,373 - WARNING -    Mejor fitness: 134.2
2025-10-23 08:00:06,374 - WARNING -    Fitness promedio reciente: 105.4
2025-10-23 08:00:06,374 - WARNING -    Degradación: 28.8
2025-10-23 08:00:06,375 - WARNING -    🔄 RESTAURANDO mejor solución...
2025-10-23 08:00:06,635 - WARNING - ================================================================================
2025-10-23 08:00:06,635 - WARNING - ⚠️  SALTO ANORMAL DETECTADO en iteración 13454
2025-10-23 08:00:06,636 - WARNING -    Fitness actual: 132.3
2025-10-23 08:00:06,636 - WARNING -    Fitness vecino: 109.3
2025-10-23 08:00:06,637 - WARNING -    Delta: -23.0
2025-10-23 08:00:06,637 - WARNING -    Temperatura: 17.16
2025-10-23 08:00:06,637 - WARNING -    Tipo perturbación aplicada: (ver generar_vecino)
2025-10-23 08:00:06,637 - WARNING -    Vecino - Puntos: 16288, Tiempo: 13821.7min, Distancia: 194.7km
2025-10-23 08:00:06,638 - WARNING -    Actual - Puntos: 16194, Tiempo: 12763.5min, Distancia: 119.9km
2025-10-23 08:00:06,638 - WARNING -    Validez restricciones - Vecino: False, Actual: False
2025-10-23 08:00:06,638 - WARNING - ================================================================================
2025-10-23 08:00:06,638 - WARNING - ⚠️  SALTO ANORMAL DETECTADO en iteración 13454
2025-10-23 08:00:06,639 - WARNING -    Fitness: 132.3 → 109.3 (Δ=-23.0)
2025-10-23 08:00:06,639 - WARNING -    Ver detalles en archivo de log
2025-10-23 08:00:06,639 - INFO - Iter 13454: Aceptada solución con delta=-23.0 (T=17.16)
2025-10-23 08:00:06,639 - INFO -   📊 Desglose del cambio:
2025-10-23 08:00:06,640 - INFO -      Puntos: +94 → 16288 total
2025-10-23 08:00:06,640 - INFO -      Tiempo: +1058.2min → 13821.7min total
2025-10-23 08:00:06,640 - INFO -      Distancia: +74.9km → 194.7km total
2025-10-23 08:00:06,705 - INFO - Iter 13455: Aceptada solución con delta=+11.1 (T=17.16)
2025-10-23 08:00:06,705 - INFO -   📊 Desglose del cambio:
2025-10-23 08:00:06,705 - INFO -      Puntos: -888 → 15400 total
2025-10-23 08:00:06,706 - INFO -      Tiempo: -1630.2min → 12191.6min total
2025-10-23 08:00:06,706 - INFO -      Distancia: -89.6km → 105.1km total
2025-10-23 08:00:09,571 - INFO -   Iter 13500 | Tiempo:   12.4min ( 5.2%) | T =    17.15 | Fitness =     94.1 | Mejor =    134.2 | Aceptación =  96.4%
2025-10-23 08:00:09,572 - INFO - Progreso iter 13500: T=17.15, Fitness=94.1, Mejor=134.2, Tasa_acept=96.4%
2025-10-23 08:00:09,572 - WARNING - ⚠️  DEGRADACIÓN DETECTADA en iter 13500:
2025-10-23 08:00:09,573 - WARNING -    Mejor fitness: 134.2
2025-10-23 08:00:09,573 - WARNING -    Fitness promedio reciente: 110.8
2025-10-23 08:00:09,573 - WARNING -    Degradación: 23.4
2025-10-23 08:00:09,574 - WARNING -    🔄 RESTAURANDO mejor solución...
2025-10-23 08:00:09,576 - DEBUG - Iter 13500: T=17.15, Fitness_actual=134.2, Mejor=134.2
2025-10-23 08:00:16,054 - WARNING - ⚠️  DEGRADACIÓN DETECTADA en iter 13600:
2025-10-23 08:00:16,054 - WARNING -    Mejor fitness: 134.2
2025-10-23 08:00:16,054 - WARNING -    Fitness promedio reciente: 99.2
2025-10-23 08:00:16,055 - WARNING -    Degradación: 35.0
2025-10-23 08:00:16,055 - WARNING -    🔄 RESTAURANDO mejor solución...
2025-10-23 08:00:16,058 - DEBUG - Iter 13600: T=17.12, Fitness_actual=134.2, Mejor=134.2
2025-10-23 08:00:22,533 - WARNING - ⚠️  DEGRADACIÓN DETECTADA en iter 13700:
2025-10-23 08:00:22,533 - WARNING -    Mejor fitness: 134.2
2025-10-23 08:00:22,534 - WARNING -    Fitness promedio reciente: 103.8
2025-10-23 08:00:22,534 - WARNING -    Degradación: 30.4
2025-10-23 08:00:22,534 - WARNING -    🔄 RESTAURANDO mejor solución...
2025-10-23 08:00:22,537 - DEBUG - Iter 13700: T=17.10, Fitness_actual=134.2, Mejor=134.2
2025-10-23 08:00:22,668 - INFO - 🌟 MEJORA #121 en iter 13702: Fitness=134.2 (+0.1), Puntos=16142
2025-10-23 08:00:29,078 - DEBUG - Iter 13800: T=17.08, Fitness_actual=104.1, Mejor=134.2
2025-10-23 08:00:32,313 - WARNING - ⚠️  DEGRADACIÓN DETECTADA en iter 13850:
2025-10-23 08:00:32,313 - WARNING -    Mejor fitness: 134.2
2025-10-23 08:00:32,314 - WARNING -    Fitness promedio reciente: 98.3
2025-10-23 08:00:32,314 - WARNING -    Degradación: 36.0
2025-10-23 08:00:32,315 - WARNING -    🔄 RESTAURANDO mejor solución...
2025-10-23 08:00:32,382 - INFO - 🌟 MEJORA #122 en iter 13851: Fitness=134.3 (+0.1), Puntos=16148
2025-10-23 08:00:35,575 - DEBUG - Iter 13900: T=17.05, Fitness_actual=113.4, Mejor=134.3
2025-10-23 08:00:36,357 - INFO - Iter 13912: Aceptada solución con delta=-10.1 (T=17.05)
2025-10-23 08:00:36,357 - INFO -   📊 Desglose del cambio:
2025-10-23 08:00:36,358 - INFO -      Puntos: -610 → 14679 total
2025-10-23 08:00:36,358 - INFO -      Tiempo: -543.9min → 12331.0min total
2025-10-23 08:00:36,358 - INFO -      Distancia: -8.7km → 145.9km total
2025-10-23 08:00:42,135 - INFO -   Iter 14000 | Tiempo:   12.9min ( 5.4%) | T =    17.03 | Fitness =     73.9 | Mejor =    134.3 | Aceptación =  96.4%
2025-10-23 08:00:42,135 - INFO - Progreso iter 14000: T=17.03, Fitness=73.9, Mejor=134.3, Tasa_acept=96.4%
2025-10-23 08:00:42,136 - WARNING - ⚠️  DEGRADACIÓN DETECTADA en iter 14000:
2025-10-23 08:00:42,136 - WARNING -    Mejor fitness: 134.3
2025-10-23 08:00:42,137 - WARNING -    Fitness promedio reciente: 79.7
2025-10-23 08:00:42,137 - WARNING -    Degradación: 54.6
2025-10-23 08:00:42,138 - WARNING -    🔄 RESTAURANDO mejor solución...
2025-10-23 08:00:42,141 - DEBUG - Iter 14000: T=17.03, Fitness_actual=134.3, Mejor=134.3
2025-10-23 08:00:45,420 - WARNING - ⚠️  DEGRADACIÓN DETECTADA en iter 14050:
2025-10-23 08:00:45,420 - WARNING -    Mejor fitness: 134.3
2025-10-23 08:00:45,420 - WARNING -    Fitness promedio reciente: 98.1
2025-10-23 08:00:45,421 - WARNING -    Degradación: 36.2
2025-10-23 08:00:45,421 - WARNING -    🔄 RESTAURANDO mejor solución...
2025-10-23 08:00:48,664 - DEBUG - Iter 14100: T=17.01, Fitness_actual=100.0, Mejor=134.3
2025-10-23 08:00:51,876 - WARNING - ⚠️  DEGRADACIÓN DETECTADA en iter 14150:
2025-10-23 08:00:51,876 - WARNING -    Mejor fitness: 134.3
2025-10-23 08:00:51,877 - WARNING -    Fitness promedio reciente: 88.0
2025-10-23 08:00:51,877 - WARNING -    Degradación: 46.4
2025-10-23 08:00:51,878 - WARNING -    🔄 RESTAURANDO mejor solución...
2025-10-23 08:00:55,114 - DEBUG - Iter 14200: T=16.98, Fitness_actual=109.2, Mejor=134.3
2025-10-23 08:00:58,324 - WARNING - ⚠️  DEGRADACIÓN DETECTADA en iter 14250:
2025-10-23 08:00:58,324 - WARNING -    Mejor fitness: 134.3
2025-10-23 08:00:58,324 - WARNING -    Fitness promedio reciente: 109.6
2025-10-23 08:00:58,325 - WARNING -    Degradación: 24.7
2025-10-23 08:00:58,325 - WARNING -    🔄 RESTAURANDO mejor solución...
2025-10-23 08:01:01,563 - DEBUG - Iter 14300: T=16.96, Fitness_actual=106.1, Mejor=134.3
2025-10-23 08:01:05,035 - WARNING - ⚠️  DEGRADACIÓN DETECTADA en iter 14350:
2025-10-23 08:01:05,035 - WARNING -    Mejor fitness: 134.3
2025-10-23 08:01:05,036 - WARNING -    Fitness promedio reciente: 97.8
2025-10-23 08:01:05,036 - WARNING -    Degradación: 36.6
2025-10-23 08:01:05,036 - WARNING -    🔄 RESTAURANDO mejor solución...
2025-10-23 08:01:05,236 - INFO - 🌟 MEJORA #123 en iter 14353: Fitness=134.3 (+0.0), Puntos=16148
2025-10-23 08:01:08,346 - DEBUG - Iter 14400: T=16.94, Fitness_actual=121.7, Mejor=134.3
2025-10-23 08:01:14,850 - INFO -   Iter 14500 | Tiempo:   13.5min ( 5.6%) | T =    16.92 | Fitness =     94.9 | Mejor =    134.3 | Aceptación =  96.3%
2025-10-23 08:01:14,850 - INFO - Progreso iter 14500: T=16.92, Fitness=94.9, Mejor=134.3, Tasa_acept=96.3%
2025-10-23 08:01:14,851 - WARNING - ⚠️  DEGRADACIÓN DETECTADA en iter 14500:
2025-10-23 08:01:14,851 - WARNING -    Mejor fitness: 134.3
2025-10-23 08:01:14,852 - WARNING -    Fitness promedio reciente: 94.0
2025-10-23 08:01:14,852 - WARNING -    Degradación: 40.3
2025-10-23 08:01:14,852 - WARNING -    🔄 RESTAURANDO mejor solución...
2025-10-23 08:01:14,855 - DEBUG - Iter 14500: T=16.92, Fitness_actual=134.3, Mejor=134.3
2025-10-23 08:01:14,989 - INFO - 🌟 MEJORA #124 en iter 14502: Fitness=134.3 (+0.0), Puntos=16148
2025-10-23 08:01:15,057 - INFO - 🌟 MEJORA #125 en iter 14503: Fitness=134.3 (+0.0), Puntos=16148
2025-10-23 08:01:15,057 - INFO -   ✨ Mejora #125 en iteración 14504: Fitness = 134.3 | Puntos = 16148 | T = 16.91
2025-10-23 08:01:15,192 - INFO - 🌟 MEJORA #126 en iter 14505: Fitness=134.3 (+0.0), Puntos=16149
2025-10-23 08:01:15,260 - INFO - 🌟 MEJORA #127 en iter 14506: Fitness=134.4 (+0.1), Puntos=16158
2025-10-23 08:01:21,374 - DEBUG - Iter 14600: T=16.89, Fitness_actual=104.8, Mejor=134.4
2025-10-23 08:01:24,624 - WARNING - ⚠️  DEGRADACIÓN DETECTADA en iter 14650:
2025-10-23 08:01:24,624 - WARNING -    Mejor fitness: 134.4
2025-10-23 08:01:24,624 - WARNING -    Fitness promedio reciente: 102.1
2025-10-23 08:01:24,625 - WARNING -    Degradación: 32.3
2025-10-23 08:01:24,625 - WARNING -    🔄 RESTAURANDO mejor solución...
2025-10-23 08:01:27,878 - DEBUG - Iter 14700: T=16.87, Fitness_actual=121.7, Mejor=134.4
2025-10-23 08:01:31,223 - WARNING - ⚠️  DEGRADACIÓN DETECTADA en iter 14750:
2025-10-23 08:01:31,223 - WARNING -    Mejor fitness: 134.4
2025-10-23 08:01:31,224 - WARNING -    Fitness promedio reciente: 105.2
2025-10-23 08:01:31,224 - WARNING -    Degradación: 29.2
2025-10-23 08:01:31,224 - WARNING -    🔄 RESTAURANDO mejor solución...
2025-10-23 08:01:31,227 - INFO - 🌟 MEJORA #128 en iter 14750: Fitness=134.4 (+0.0), Puntos=16158
2025-10-23 08:01:34,511 - DEBUG - Iter 14800: T=16.85, Fitness_actual=106.3, Mejor=134.4
2025-10-23 08:01:41,239 - WARNING - ⚠️  DEGRADACIÓN DETECTADA en iter 14900:
2025-10-23 08:01:41,239 - WARNING -    Mejor fitness: 134.4
2025-10-23 08:01:41,240 - WARNING -    Fitness promedio reciente: 91.0
2025-10-23 08:01:41,240 - WARNING -    Degradación: 43.5
2025-10-23 08:01:41,241 - WARNING -    🔄 RESTAURANDO mejor solución...
2025-10-23 08:01:41,243 - DEBUG - Iter 14900: T=16.82, Fitness_actual=134.4, Mejor=134.4
2025-10-23 08:01:41,311 - INFO - 🌟 MEJORA #129 en iter 14901: Fitness=135.4 (+1.0), Puntos=16158
2025-10-23 08:01:41,581 - INFO - Iter 14905: Aceptada solución con delta=-10.0 (T=16.82)
2025-10-23 08:01:41,581 - INFO -   📊 Desglose del cambio:
2025-10-23 08:01:41,582 - INFO -      Puntos: +0 → 16158 total
2025-10-23 08:01:41,582 - INFO -      Tiempo: -26.1min → 12852.5min total
2025-10-23 08:01:41,582 - INFO -      Distancia: +0.3km → 119.8km total
2025-10-23 08:01:48,014 - INFO -   Iter 15000 | Tiempo:   14.0min ( 5.8%) | T =    16.80 | Fitness =    101.9 | Mejor =    135.4 | Aceptación =  96.3%
2025-10-23 08:01:48,014 - INFO - Progreso iter 15000: T=16.80, Fitness=101.9, Mejor=135.4, Tasa_acept=96.3%
2025-10-23 08:01:48,017 - DEBUG - Iter 15000: T=16.80, Fitness_actual=101.9, Mejor=135.4
2025-10-23 08:01:49,844 - INFO - Iter 15026: Aceptada solución con delta=-10.7 (T=16.79)
2025-10-23 08:01:49,844 - INFO -   📊 Desglose del cambio:
2025-10-23 08:01:49,845 - INFO -      Puntos: -264 → 14085 total
2025-10-23 08:01:49,845 - INFO -      Tiempo: +2079.3min → 15403.7min total
2025-10-23 08:01:49,845 - INFO -      Distancia: +3.8km → 132.2km total
2025-10-23 08:01:51,533 - WARNING - ⚠️  DEGRADACIÓN DETECTADA en iter 15050:
2025-10-23 08:01:51,533 - WARNING -    Mejor fitness: 135.4
2025-10-23 08:01:51,534 - WARNING -    Fitness promedio reciente: 94.8
2025-10-23 08:01:51,535 - WARNING -    Degradación: 40.6
2025-10-23 08:01:51,535 - WARNING -    🔄 RESTAURANDO mejor solución...
2025-10-23 08:01:51,537 - INFO - 🌟 MEJORA #130 en iter 15050: Fitness=135.4 (+0.0), Puntos=16158
2025-10-23 08:01:51,538 - INFO -   ✨ Mejora #130 en iteración 15051: Fitness = 135.4 | Puntos = 16158 | T = 16.79
2025-10-23 08:01:51,607 - INFO - 🌟 MEJORA #131 en iter 15051: Fitness=135.9 (+0.5), Puntos=16158
2025-10-23 08:01:54,962 - DEBUG - Iter 15100: T=16.78, Fitness_actual=108.3, Mejor=135.9
2025-10-23 08:02:01,775 - WARNING - ⚠️  DEGRADACIÓN DETECTADA en iter 15200:
2025-10-23 08:02:01,775 - WARNING -    Mejor fitness: 135.9
2025-10-23 08:02:01,776 - WARNING -    Fitness promedio reciente: 108.0
2025-10-23 08:02:01,776 - WARNING -    Degradación: 27.9
2025-10-23 08:02:01,776 - WARNING -    🔄 RESTAURANDO mejor solución...
2025-10-23 08:02:01,779 - DEBUG - Iter 15200: T=16.75, Fitness_actual=135.9, Mejor=135.9
2025-10-23 08:02:08,755 - WARNING - ⚠️  DEGRADACIÓN DETECTADA en iter 15300:
2025-10-23 08:02:08,755 - WARNING -    Mejor fitness: 135.9
2025-10-23 08:02:08,756 - WARNING -    Fitness promedio reciente: 97.2
2025-10-23 08:02:08,756 - WARNING -    Degradación: 38.7
2025-10-23 08:02:08,756 - WARNING -    🔄 RESTAURANDO mejor solución...
2025-10-23 08:02:08,759 - DEBUG - Iter 15300: T=16.73, Fitness_actual=135.9, Mejor=135.9
2025-10-23 08:02:08,759 - INFO - 🌟 MEJORA #132 en iter 15300: Fitness=135.9 (+0.0), Puntos=16158
2025-10-23 08:02:15,727 - DEBUG - Iter 15400: T=16.70, Fitness_actual=91.3, Mejor=135.9
2025-10-23 08:02:19,212 - WARNING - ⚠️  DEGRADACIÓN DETECTADA en iter 15450:
2025-10-23 08:02:19,212 - WARNING -    Mejor fitness: 135.9
2025-10-23 08:02:19,213 - WARNING -    Fitness promedio reciente: 91.3
2025-10-23 08:02:19,213 - WARNING -    Degradación: 44.6
2025-10-23 08:02:19,213 - WARNING -    🔄 RESTAURANDO mejor solución...
2025-10-23 08:02:22,692 - INFO -   Iter 15500 | Tiempo:   14.6min ( 6.1%) | T =    16.68 | Fitness =    122.0 | Mejor =    135.9 | Aceptación =  96.2%
2025-10-23 08:02:22,693 - INFO - Progreso iter 15500: T=16.68, Fitness=122.0, Mejor=135.9, Tasa_acept=96.2%
2025-10-23 08:02:22,696 - DEBUG - Iter 15500: T=16.68, Fitness_actual=122.0, Mejor=135.9
2025-10-23 08:02:26,146 - WARNING - ⚠️  DEGRADACIÓN DETECTADA en iter 15550:
2025-10-23 08:02:26,146 - WARNING -    Mejor fitness: 135.9
2025-10-23 08:02:26,147 - WARNING -    Fitness promedio reciente: 101.8
2025-10-23 08:02:26,147 - WARNING -    Degradación: 34.2
2025-10-23 08:02:26,147 - WARNING -    🔄 RESTAURANDO mejor solución...
2025-10-23 08:02:26,572 - INFO - 🌟 MEJORA #133 en iter 15556: Fitness=136.7 (+0.7), Puntos=16378
2025-10-23 08:02:29,595 - DEBUG - Iter 15600: T=16.66, Fitness_actual=129.9, Mejor=136.7
2025-10-23 08:02:36,519 - WARNING - ⚠️  DEGRADACIÓN DETECTADA en iter 15700:
2025-10-23 08:02:36,519 - WARNING -    Mejor fitness: 136.7
2025-10-23 08:02:36,519 - WARNING -    Fitness promedio reciente: 103.0
2025-10-23 08:02:36,520 - WARNING -    Degradación: 33.6
2025-10-23 08:02:36,520 - WARNING -    🔄 RESTAURANDO mejor solución...
2025-10-23 08:02:36,523 - DEBUG - Iter 15700: T=16.63, Fitness_actual=136.7, Mejor=136.7
2025-10-23 08:02:36,523 - INFO - 🌟 MEJORA #134 en iter 15700: Fitness=137.0 (+0.4), Puntos=16365
2025-10-23 08:02:40,063 - INFO - Iter 15751: Aceptada solución con delta=-10.5 (T=16.62)
2025-10-23 08:02:40,064 - INFO -   📊 Desglose del cambio:
2025-10-23 08:02:40,064 - INFO -      Puntos: -4 → 15832 total
2025-10-23 08:02:40,065 - INFO -      Tiempo: +381.7min → 13627.3min total
2025-10-23 08:02:40,065 - INFO -      Distancia: +0.6km → 119.8km total
2025-10-23 08:02:43,607 - DEBUG - Iter 15800: T=16.61, Fitness_actual=85.4, Mejor=137.0
2025-10-23 08:02:47,253 - WARNING - ⚠️  DEGRADACIÓN DETECTADA en iter 15850:
2025-10-23 08:02:47,254 - WARNING -    Mejor fitness: 137.0
2025-10-23 08:02:47,254 - WARNING -    Fitness promedio reciente: 88.9
2025-10-23 08:02:47,255 - WARNING -    Degradación: 48.1
2025-10-23 08:02:47,255 - WARNING -    🔄 RESTAURANDO mejor solución...
2025-10-23 08:02:47,258 - INFO - 🌟 MEJORA #135 en iter 15850: Fitness=138.0 (+1.0), Puntos=16365
2025-10-23 08:02:47,258 - INFO -   ✨ Mejora #135 en iteración 15851: Fitness = 138.0 | Puntos = 16365 | T = 16.59
2025-10-23 08:02:50,863 - DEBUG - Iter 15900: T=16.58, Fitness_actual=98.8, Mejor=138.0
2025-10-23 08:02:58,110 - INFO -   Iter 16000 | Tiempo:   15.2min ( 6.3%) | T =    16.56 | Fitness =     78.4 | Mejor =    138.0 | Aceptación =  96.2%
2025-10-23 08:02:58,110 - INFO - Progreso iter 16000: T=16.56, Fitness=78.4, Mejor=138.0, Tasa_acept=96.2%
2025-10-23 08:02:58,110 - WARNING - ⚠️  DEGRADACIÓN DETECTADA en iter 16000:
2025-10-23 08:02:58,111 - WARNING -    Mejor fitness: 138.0
2025-10-23 08:02:58,111 - WARNING -    Fitness promedio reciente: 84.5
2025-10-23 08:02:58,111 - WARNING -    Degradación: 53.5
2025-10-23 08:02:58,111 - WARNING -    🔄 RESTAURANDO mejor solución...
2025-10-23 08:02:58,114 - DEBUG - Iter 16000: T=16.56, Fitness_actual=138.0, Mejor=138.0
2025-10-23 08:02:58,114 - INFO - 🌟 MEJORA #136 en iter 16000: Fitness=138.0 (+0.0), Puntos=16365
2025-10-23 08:02:58,186 - INFO - 🌟 MEJORA #137 en iter 16001: Fitness=138.0 (+0.0), Puntos=16365
2025-10-23 08:03:05,230 - DEBUG - Iter 16100: T=16.53, Fitness_actual=92.9, Mejor=138.0
2025-10-23 08:03:08,799 - WARNING - ⚠️  DEGRADACIÓN DETECTADA en iter 16150:
2025-10-23 08:03:08,799 - WARNING -    Mejor fitness: 138.0
2025-10-23 08:03:08,800 - WARNING -    Fitness promedio reciente: 98.9
2025-10-23 08:03:08,800 - WARNING -    Degradación: 39.2
2025-10-23 08:03:08,800 - WARNING -    🔄 RESTAURANDO mejor solución...
2025-10-23 08:03:12,389 - DEBUG - Iter 16200: T=16.51, Fitness_actual=109.7, Mejor=138.0
2025-10-23 08:03:15,988 - WARNING - ⚠️  DEGRADACIÓN DETECTADA en iter 16250:
2025-10-23 08:03:15,988 - WARNING -    Mejor fitness: 138.0
2025-10-23 08:03:15,989 - WARNING -    Fitness promedio reciente: 102.9
2025-10-23 08:03:15,989 - WARNING -    Degradación: 35.1
2025-10-23 08:03:15,989 - WARNING -    🔄 RESTAURANDO mejor solución...
2025-10-23 08:03:19,566 - DEBUG - Iter 16300: T=16.48, Fitness_actual=88.9, Mejor=138.0
2025-10-23 08:03:23,140 - WARNING - ⚠️  DEGRADACIÓN DETECTADA en iter 16350:
2025-10-23 08:03:23,140 - WARNING -    Mejor fitness: 138.0
2025-10-23 08:03:23,141 - WARNING -    Fitness promedio reciente: 77.7
2025-10-23 08:03:23,141 - WARNING -    Degradación: 60.3
2025-10-23 08:03:23,141 - WARNING -    🔄 RESTAURANDO mejor solución...
2025-10-23 08:03:25,188 - INFO - Iter 16379: Aceptada solución con delta=-10.5 (T=16.46)
2025-10-23 08:03:25,188 - INFO -   📊 Desglose del cambio:
2025-10-23 08:03:25,189 - INFO -      Puntos: +0 → 16324 total
2025-10-23 08:03:25,189 - INFO -      Tiempo: +358.3min → 13179.8min total
2025-10-23 08:03:25,189 - INFO -      Distancia: -0.1km → 106.2km total
2025-10-23 08:03:26,654 - DEBUG - Iter 16400: T=16.46, Fitness_actual=111.6, Mejor=138.0
2025-10-23 08:03:30,148 - WARNING - ⚠️  DEGRADACIÓN DETECTADA en iter 16450:
2025-10-23 08:03:30,149 - WARNING -    Mejor fitness: 138.0
2025-10-23 08:03:30,149 - WARNING -    Fitness promedio reciente: 104.0
2025-10-23 08:03:30,150 - WARNING -    Degradación: 34.0
2025-10-23 08:03:30,150 - WARNING -    🔄 RESTAURANDO mejor solución...
2025-10-23 08:03:33,645 - INFO -   Iter 16500 | Tiempo:   15.8min ( 6.6%) | T =    16.44 | Fitness =    113.6 | Mejor =    138.0 | Aceptación =  96.2%
2025-10-23 08:03:33,646 - INFO - Progreso iter 16500: T=16.44, Fitness=113.6, Mejor=138.0, Tasa_acept=96.2%
2025-10-23 08:03:33,646 - WARNING - ⚠️  DEGRADACIÓN DETECTADA en iter 16500:
2025-10-23 08:03:33,647 - WARNING -    Mejor fitness: 138.0
2025-10-23 08:03:33,648 - WARNING -    Fitness promedio reciente: 111.5
2025-10-23 08:03:33,648 - WARNING -    Degradación: 26.5
2025-10-23 08:03:33,648 - WARNING -    🔄 RESTAURANDO mejor solución...
2025-10-23 08:03:33,651 - DEBUG - Iter 16500: T=16.44, Fitness_actual=138.0, Mejor=138.0
2025-10-23 08:03:33,651 - INFO - 🌟 MEJORA #138 en iter 16500: Fitness=138.0 (+0.0), Puntos=16365
2025-10-23 08:03:34,085 - INFO - Iter 16506: Aceptada solución con delta=-10.1 (T=16.43)
2025-10-23 08:03:34,085 - INFO -   📊 Desglose del cambio:
2025-10-23 08:03:34,086 - INFO -      Puntos: -7 → 16330 total
2025-10-23 08:03:34,086 - INFO -      Tiempo: +423.4min → 13452.4min total
2025-10-23 08:03:34,086 - INFO -      Distancia: -1.0km → 107.7km total
2025-10-23 08:03:40,659 - DEBUG - Iter 16600: T=16.41, Fitness_actual=107.2, Mejor=138.0
2025-10-23 08:03:44,168 - WARNING - ⚠️  DEGRADACIÓN DETECTADA en iter 16650:
2025-10-23 08:03:44,168 - WARNING -    Mejor fitness: 138.0
2025-10-23 08:03:44,169 - WARNING -    Fitness promedio reciente: 99.5
2025-10-23 08:03:44,169 - WARNING -    Degradación: 38.6
2025-10-23 08:03:44,170 - WARNING -    🔄 RESTAURANDO mejor solución...
2025-10-23 08:03:44,243 - INFO - 🌟 MEJORA #139 en iter 16651: Fitness=138.1 (+0.0), Puntos=16369
2025-10-23 08:03:44,313 - INFO - 🌟 MEJORA #140 en iter 16652: Fitness=138.1 (+0.0), Puntos=16369
2025-10-23 08:03:44,313 - INFO -   ✨ Mejora #140 en iteración 16653: Fitness = 138.1 | Puntos = 16369 | T = 16.40
2025-10-23 08:03:47,704 - DEBUG - Iter 16700: T=16.39, Fitness_actual=108.3, Mejor=138.1
2025-10-23 08:03:54,814 - WARNING - ⚠️  DEGRADACIÓN DETECTADA en iter 16800:
2025-10-23 08:03:54,814 - WARNING -    Mejor fitness: 138.1
2025-10-23 08:03:54,815 - WARNING -    Fitness promedio reciente: 81.8
2025-10-23 08:03:54,815 - WARNING -    Degradación: 56.3
2025-10-23 08:03:54,815 - WARNING -    🔄 RESTAURANDO mejor solución...
2025-10-23 08:03:54,818 - DEBUG - Iter 16800: T=16.36, Fitness_actual=138.1, Mejor=138.1
2025-10-23 08:04:01,982 - WARNING - ⚠️  DEGRADACIÓN DETECTADA en iter 16900:
2025-10-23 08:04:01,982 - WARNING -    Mejor fitness: 138.1
2025-10-23 08:04:01,983 - WARNING -    Fitness promedio reciente: 110.9
2025-10-23 08:04:01,983 - WARNING -    Degradación: 27.1
2025-10-23 08:04:01,983 - WARNING -    🔄 RESTAURANDO mejor solución...
2025-10-23 08:04:01,986 - DEBUG - Iter 16900: T=16.34, Fitness_actual=138.1, Mejor=138.1
2025-10-23 08:04:09,074 - INFO -   Iter 17000 | Tiempo:   16.4min ( 6.8%) | T =    16.32 | Fitness =    107.5 | Mejor =    138.1 | Aceptación =  96.2%
2025-10-23 08:04:09,074 - INFO - Progreso iter 17000: T=16.32, Fitness=107.5, Mejor=138.1, Tasa_acept=96.2%
2025-10-23 08:04:09,075 - WARNING - ⚠️  DEGRADACIÓN DETECTADA en iter 17000:
2025-10-23 08:04:09,075 - WARNING -    Mejor fitness: 138.1
2025-10-23 08:04:09,076 - WARNING -    Fitness promedio reciente: 110.8
2025-10-23 08:04:09,076 - WARNING -    Degradación: 27.2
2025-10-23 08:04:09,076 - WARNING -    🔄 RESTAURANDO mejor solución...
2025-10-23 08:04:09,079 - DEBUG - Iter 17000: T=16.32, Fitness_actual=138.1, Mejor=138.1
2025-10-23 08:04:09,152 - INFO - 🌟 MEJORA #141 en iter 17001: Fitness=139.1 (+1.0), Puntos=16369
2025-10-23 08:04:16,220 - DEBUG - Iter 17100: T=16.29, Fitness_actual=97.1, Mejor=139.1
2025-10-23 08:04:19,783 - WARNING - ⚠️  DEGRADACIÓN DETECTADA en iter 17150:
2025-10-23 08:04:19,783 - WARNING -    Mejor fitness: 139.1
2025-10-23 08:04:19,784 - WARNING -    Fitness promedio reciente: 84.3
2025-10-23 08:04:19,784 - WARNING -    Degradación: 54.7
2025-10-23 08:04:19,784 - WARNING -    🔄 RESTAURANDO mejor solución...
2025-10-23 08:04:23,459 - WARNING - ⚠️  DEGRADACIÓN DETECTADA en iter 17200:
2025-10-23 08:04:23,459 - WARNING -    Mejor fitness: 139.1
2025-10-23 08:04:23,460 - WARNING -    Fitness promedio reciente: 113.5
2025-10-23 08:04:23,460 - WARNING -    Degradación: 25.6
2025-10-23 08:04:23,460 - WARNING -    🔄 RESTAURANDO mejor solución...
2025-10-23 08:04:23,463 - DEBUG - Iter 17200: T=16.27, Fitness_actual=139.1, Mejor=139.1
2025-10-23 08:04:30,786 - WARNING - ⚠️  DEGRADACIÓN DETECTADA en iter 17300:
2025-10-23 08:04:30,786 - WARNING -    Mejor fitness: 139.1
2025-10-23 08:04:30,787 - WARNING -    Fitness promedio reciente: 100.7
2025-10-23 08:04:30,787 - WARNING -    Degradación: 38.3
2025-10-23 08:04:30,787 - WARNING -    🔄 RESTAURANDO mejor solución...
2025-10-23 08:04:30,789 - DEBUG - Iter 17300: T=16.24, Fitness_actual=139.1, Mejor=139.1
2025-10-23 08:04:30,863 - INFO - 🌟 MEJORA #142 en iter 17301: Fitness=139.1 (+0.0), Puntos=16369
2025-10-23 08:04:34,380 - INFO - Iter 17350: Aceptada solución con delta=-11.0 (T=16.23)
2025-10-23 08:04:34,381 - INFO -   📊 Desglose del cambio:
2025-10-23 08:04:34,381 - INFO -      Puntos: +0 → 15622 total
2025-10-23 08:04:34,382 - INFO -      Tiempo: +309.0min → 13289.2min total
2025-10-23 08:04:34,382 - INFO -      Distancia: +0.8km → 125.8km total
2025-10-23 08:04:37,989 - DEBUG - Iter 17400: T=16.22, Fitness_actual=92.8, Mejor=139.1
2025-10-23 08:04:41,584 - WARNING - ⚠️  DEGRADACIÓN DETECTADA en iter 17450:
2025-10-23 08:04:41,584 - WARNING -    Mejor fitness: 139.1
2025-10-23 08:04:41,584 - WARNING -    Fitness promedio reciente: 92.7
2025-10-23 08:04:41,584 - WARNING -    Degradación: 46.4
2025-10-23 08:04:41,585 - WARNING -    🔄 RESTAURANDO mejor solución...
2025-10-23 08:04:42,673 - INFO - Iter 17465: Aceptada solución con delta=-10.1 (T=16.20)
2025-10-23 08:04:42,673 - INFO -   📊 Desglose del cambio:
2025-10-23 08:04:42,674 - INFO -      Puntos: -7 → 16328 total
2025-10-23 08:04:42,674 - INFO -      Tiempo: -157.4min → 13063.4min total
2025-10-23 08:04:42,674 - INFO -      Distancia: +0.6km → 109.9km total
2025-10-23 08:04:43,032 - INFO - Iter 17470: Aceptada solución con delta=-10.5 (T=16.20)
2025-10-23 08:04:43,032 - INFO -   📊 Desglose del cambio:
2025-10-23 08:04:43,032 - INFO -      Puntos: +0 → 16331 total
2025-10-23 08:04:43,033 - INFO -      Tiempo: +360.0min → 13076.6min total
2025-10-23 08:04:43,033 - INFO -      Distancia: +0.0km → 113.1km total
2025-10-23 08:04:45,185 - INFO -   Iter 17500 | Tiempo:   17.0min ( 7.1%) | T =    16.19 | Fitness =    117.8 | Mejor =    139.1 | Aceptación =  96.2%
2025-10-23 08:04:45,185 - INFO - Progreso iter 17500: T=16.19, Fitness=117.8, Mejor=139.1, Tasa_acept=96.2%
2025-10-23 08:04:45,188 - DEBUG - Iter 17500: T=16.19, Fitness_actual=117.8, Mejor=139.1
2025-10-23 08:04:48,791 - WARNING - ⚠️  DEGRADACIÓN DETECTADA en iter 17550:
2025-10-23 08:04:48,791 - WARNING -    Mejor fitness: 139.1
2025-10-23 08:04:48,792 - WARNING -    Fitness promedio reciente: 118.9
2025-10-23 08:04:48,792 - WARNING -    Degradación: 20.2
2025-10-23 08:04:48,792 - WARNING -    🔄 RESTAURANDO mejor solución...
2025-10-23 08:04:52,410 - DEBUG - Iter 17600: T=16.17, Fitness_actual=103.2, Mejor=139.1
2025-10-23 08:04:56,017 - WARNING - ⚠️  DEGRADACIÓN DETECTADA en iter 17650:
2025-10-23 08:04:56,017 - WARNING -    Mejor fitness: 139.1
2025-10-23 08:04:56,018 - WARNING -    Fitness promedio reciente: 89.4
2025-10-23 08:04:56,018 - WARNING -    Degradación: 49.7
2025-10-23 08:04:56,018 - WARNING -    🔄 RESTAURANDO mejor solución...
2025-10-23 08:04:56,021 - INFO - 🌟 MEJORA #143 en iter 17650: Fitness=139.1 (+0.1), Puntos=16375
2025-10-23 08:04:59,645 - DEBUG - Iter 17700: T=16.15, Fitness_actual=105.8, Mejor=139.1
2025-10-23 08:05:06,809 - WARNING - ⚠️  DEGRADACIÓN DETECTADA en iter 17800:
2025-10-23 08:05:06,810 - WARNING -    Mejor fitness: 139.1
2025-10-23 08:05:06,810 - WARNING -    Fitness promedio reciente: 111.0
2025-10-23 08:05:06,810 - WARNING -    Degradación: 28.1
2025-10-23 08:05:06,811 - WARNING -    🔄 RESTAURANDO mejor solución...
2025-10-23 08:05:06,813 - DEBUG - Iter 17800: T=16.12, Fitness_actual=139.1, Mejor=139.1
2025-10-23 08:05:06,886 - INFO - 🌟 MEJORA #144 en iter 17801: Fitness=139.1 (+0.0), Puntos=16377
2025-10-23 08:05:08,476 - INFO - Iter 17823: Aceptada solución con delta=-10.4 (T=16.12)
2025-10-23 08:05:08,476 - INFO -   📊 Desglose del cambio:
2025-10-23 08:05:08,477 - INFO -      Puntos: -837 → 15507 total
2025-10-23 08:05:08,477 - INFO -      Tiempo: -315.1min → 12473.6min total
2025-10-23 08:05:08,477 - INFO -      Distancia: -2.5km → 94.5km total
2025-10-23 08:05:14,058 - DEBUG - Iter 17900: T=16.10, Fitness_actual=94.2, Mejor=139.1
2025-10-23 08:05:17,688 - WARNING - ⚠️  DEGRADACIÓN DETECTADA en iter 17950:
2025-10-23 08:05:17,688 - WARNING -    Mejor fitness: 139.1
2025-10-23 08:05:17,689 - WARNING -    Fitness promedio reciente: 93.7
2025-10-23 08:05:17,690 - WARNING -    Degradación: 45.4
2025-10-23 08:05:17,690 - WARNING -    🔄 RESTAURANDO mejor solución...
2025-10-23 08:05:21,324 - INFO -   Iter 18000 | Tiempo:   17.6min ( 7.3%) | T =    16.07 | Fitness =    112.5 | Mejor =    139.1 | Aceptación =  96.1%
2025-10-23 08:05:21,324 - INFO - Progreso iter 18000: T=16.07, Fitness=112.5, Mejor=139.1, Tasa_acept=96.1%
2025-10-23 08:05:21,326 - DEBUG - Iter 18000: T=16.07, Fitness_actual=112.5, Mejor=139.1
2025-10-23 08:05:24,939 - WARNING - ⚠️  DEGRADACIÓN DETECTADA en iter 18050:
2025-10-23 08:05:24,940 - WARNING -    Mejor fitness: 139.1
2025-10-23 08:05:24,940 - WARNING -    Fitness promedio reciente: 106.3
2025-10-23 08:05:24,941 - WARNING -    Degradación: 32.8
2025-10-23 08:05:24,941 - WARNING -    🔄 RESTAURANDO mejor solución...
2025-10-23 08:05:26,111 - INFO - Iter 18066: Aceptada solución con delta=-10.5 (T=16.06)
2025-10-23 08:05:26,111 - INFO -   📊 Desglose del cambio:
2025-10-23 08:05:26,112 - INFO -      Puntos: -2 → 16385 total
2025-10-23 08:05:26,112 - INFO -      Tiempo: +368.2min → 13411.1min total
2025-10-23 08:05:26,112 - INFO -      Distancia: -0.6km → 106.8km total
2025-10-23 08:05:28,611 - DEBUG - Iter 18100: T=16.05, Fitness_actual=109.8, Mejor=139.1
2025-10-23 08:05:32,272 - WARNING - ⚠️  DEGRADACIÓN DETECTADA en iter 18150:
2025-10-23 08:05:32,272 - WARNING -    Mejor fitness: 139.1
2025-10-23 08:05:32,273 - WARNING -    Fitness promedio reciente: 106.1
2025-10-23 08:05:32,273 - WARNING -    Degradación: 33.0
2025-10-23 08:05:32,273 - WARNING -    🔄 RESTAURANDO mejor solución...
2025-10-23 08:05:32,277 - INFO - Iter 18150: Aceptada solución con delta=-10.5 (T=16.04)
2025-10-23 08:05:32,277 - INFO -   📊 Desglose del cambio:
2025-10-23 08:05:32,277 - INFO -      Puntos: +0 → 16377 total
2025-10-23 08:05:32,277 - INFO -      Tiempo: +16.3min → 13061.3min total
2025-10-23 08:05:32,278 - INFO -      Distancia: -1.1km → 105.9km total
2025-10-23 08:05:35,926 - WARNING - ⚠️  DEGRADACIÓN DETECTADA en iter 18200:
2025-10-23 08:05:35,926 - WARNING -    Mejor fitness: 139.1
2025-10-23 08:05:35,927 - WARNING -    Fitness promedio reciente: 115.8
2025-10-23 08:05:35,927 - WARNING -    Degradación: 23.3
2025-10-23 08:05:35,927 - WARNING -    🔄 RESTAURANDO mejor solución...
2025-10-23 08:05:35,930 - DEBUG - Iter 18200: T=16.03, Fitness_actual=139.1, Mejor=139.1
2025-10-23 08:05:36,003 - INFO - 🌟 MEJORA #145 en iter 18201: Fitness=139.2 (+0.1), Puntos=16383
2025-10-23 08:05:36,003 - INFO -   ✨ Mejora #145 en iteración 18202: Fitness = 139.2 | Puntos = 16383 | T = 16.02
2025-10-23 08:05:36,222 - INFO - Iter 18204: Aceptada solución con delta=-10.5 (T=16.02)
2025-10-23 08:05:36,222 - INFO -   📊 Desglose del cambio:
2025-10-23 08:05:36,223 - INFO -      Puntos: +0 → 16383 total
2025-10-23 08:05:36,223 - INFO -      Tiempo: -312.5min → 12758.4min total
2025-10-23 08:05:36,223 - INFO -      Distancia: -1.0km → 107.0km total
2025-10-23 08:05:43,166 - DEBUG - Iter 18300: T=16.00, Fitness_actual=95.1, Mejor=139.2
2025-10-23 08:05:46,791 - WARNING - ⚠️  DEGRADACIÓN DETECTADA en iter 18350:
2025-10-23 08:05:46,791 - WARNING -    Mejor fitness: 139.2
2025-10-23 08:05:46,792 - WARNING -    Fitness promedio reciente: 88.9
2025-10-23 08:05:46,792 - WARNING -    Degradación: 50.3
2025-10-23 08:05:46,792 - WARNING -    🔄 RESTAURANDO mejor solución...
2025-10-23 08:05:47,306 - INFO - Iter 18357: Aceptada solución con delta=-11.0 (T=15.99)
2025-10-23 08:05:47,306 - INFO -   📊 Desglose del cambio:
2025-10-23 08:05:47,306 - INFO -      Puntos: +0 → 16414 total
2025-10-23 08:05:47,307 - INFO -      Tiempo: -337.3min → 12928.3min total
2025-10-23 08:05:47,307 - INFO -      Distancia: -0.6km → 106.1km total
2025-10-23 08:05:50,454 - DEBUG - Iter 18400: T=15.98, Fitness_actual=118.8, Mejor=139.2
2025-10-23 08:05:54,118 - WARNING - ⚠️  DEGRADACIÓN DETECTADA en iter 18450:
2025-10-23 08:05:54,118 - WARNING -    Mejor fitness: 139.2
2025-10-23 08:05:54,119 - WARNING -    Fitness promedio reciente: 109.4
2025-10-23 08:05:54,119 - WARNING -    Degradación: 29.8
2025-10-23 08:05:54,119 - WARNING -    🔄 RESTAURANDO mejor solución...
2025-10-23 08:05:57,794 - INFO -   Iter 18500 | Tiempo:   18.2min ( 7.6%) | T =    15.95 | Fitness =     79.5 | Mejor =    139.2 | Aceptación =  96.2%
2025-10-23 08:05:57,794 - INFO - Progreso iter 18500: T=15.95, Fitness=79.5, Mejor=139.2, Tasa_acept=96.2%
2025-10-23 08:05:57,795 - WARNING - ⚠️  DEGRADACIÓN DETECTADA en iter 18500:
2025-10-23 08:05:57,795 - WARNING -    Mejor fitness: 139.2
2025-10-23 08:05:57,795 - WARNING -    Fitness promedio reciente: 101.3
2025-10-23 08:05:57,796 - WARNING -    Degradación: 37.9
2025-10-23 08:05:57,796 - WARNING -    🔄 RESTAURANDO mejor solución...
2025-10-23 08:05:57,799 - DEBUG - Iter 18500: T=15.95, Fitness_actual=139.2, Mejor=139.2
2025-10-23 08:06:05,117 - WARNING - ⚠️  DEGRADACIÓN DETECTADA en iter 18600:
2025-10-23 08:06:05,117 - WARNING -    Mejor fitness: 139.2
2025-10-23 08:06:05,118 - WARNING -    Fitness promedio reciente: 113.7
2025-10-23 08:06:05,119 - WARNING -    Degradación: 25.5
2025-10-23 08:06:05,119 - WARNING -    🔄 RESTAURANDO mejor solución...
2025-10-23 08:06:05,121 - DEBUG - Iter 18600: T=15.93, Fitness_actual=139.2, Mejor=139.2
2025-10-23 08:06:08,839 - WARNING - ⚠️  DEGRADACIÓN DETECTADA en iter 18650:
2025-10-23 08:06:08,840 - WARNING -    Mejor fitness: 139.2
2025-10-23 08:06:08,840 - WARNING -    Fitness promedio reciente: 114.0
2025-10-23 08:06:08,840 - WARNING -    Degradación: 25.2
2025-10-23 08:06:08,841 - WARNING -    🔄 RESTAURANDO mejor solución...
2025-10-23 08:06:08,843 - INFO - 🌟 MEJORA #146 en iter 18650: Fitness=140.2 (+1.0), Puntos=16383
2025-10-23 08:06:09,811 - INFO - Iter 18663: Aceptada solución con delta=-10.5 (T=15.91)
2025-10-23 08:06:09,811 - INFO -   📊 Desglose del cambio:
2025-10-23 08:06:09,811 - INFO -      Puntos: +0 → 16383 total
2025-10-23 08:06:09,812 - INFO -      Tiempo: +48.4min → 12873.5min total
2025-10-23 08:06:09,812 - INFO -      Distancia: -1.0km → 109.0km total
2025-10-23 08:06:12,546 - DEBUG - Iter 18700: T=15.90, Fitness_actual=98.1, Mejor=140.2
2025-10-23 08:06:19,944 - WARNING - ⚠️  DEGRADACIÓN DETECTADA en iter 18800:
2025-10-23 08:06:19,944 - WARNING -    Mejor fitness: 140.2
2025-10-23 08:06:19,945 - WARNING -    Fitness promedio reciente: 101.7
2025-10-23 08:06:19,945 - WARNING -    Degradación: 38.5
2025-10-23 08:06:19,945 - WARNING -    🔄 RESTAURANDO mejor solución...
2025-10-23 08:06:19,948 - DEBUG - Iter 18800: T=15.88, Fitness_actual=140.2, Mejor=140.2
2025-10-23 08:06:27,351 - WARNING - ⚠️  DEGRADACIÓN DETECTADA en iter 18900:
2025-10-23 08:06:27,352 - WARNING -    Mejor fitness: 140.2
2025-10-23 08:06:27,352 - WARNING -    Fitness promedio reciente: 108.2
2025-10-23 08:06:27,353 - WARNING -    Degradación: 32.0
2025-10-23 08:06:27,353 - WARNING -    🔄 RESTAURANDO mejor solución...
2025-10-23 08:06:27,356 - DEBUG - Iter 18900: T=15.86, Fitness_actual=140.2, Mejor=140.2
2025-10-23 08:06:27,356 - INFO - 🌟 MEJORA #147 en iter 18900: Fitness=140.2 (+0.0), Puntos=16383
2025-10-23 08:06:31,212 - INFO - Iter 18952: Aceptada solución con delta=-11.7 (T=15.84)
2025-10-23 08:06:31,212 - INFO -   📊 Desglose del cambio:
2025-10-23 08:06:31,213 - INFO -      Puntos: -823 → 13768 total
2025-10-23 08:06:31,213 - INFO -      Tiempo: -471.6min → 11238.0min total
2025-10-23 08:06:31,213 - INFO -      Distancia: -2.2km → 101.5km total
2025-10-23 08:06:31,437 - INFO - Iter 18955: Aceptada solución con delta=-11.0 (T=15.84)
2025-10-23 08:06:31,437 - INFO -   📊 Desglose del cambio:
2025-10-23 08:06:31,438 - INFO -      Puntos: +0 → 13768 total
2025-10-23 08:06:31,438 - INFO -      Tiempo: +0.0min → 11111.3min total
2025-10-23 08:06:31,438 - INFO -      Distancia: +0.0km → 100.9km total
2025-10-23 08:06:34,776 - INFO -   Iter 19000 | Tiempo:   18.8min ( 7.8%) | T =    15.83 | Fitness =     80.1 | Mejor =    140.2 | Aceptación =  96.1%
2025-10-23 08:06:34,776 - INFO - Progreso iter 19000: T=15.83, Fitness=80.1, Mejor=140.2, Tasa_acept=96.1%
2025-10-23 08:06:34,780 - DEBUG - Iter 19000: T=15.83, Fitness_actual=80.1, Mejor=140.2
2025-10-23 08:06:38,692 - WARNING - ⚠️  DEGRADACIÓN DETECTADA en iter 19050:
2025-10-23 08:06:38,693 - WARNING -    Mejor fitness: 140.2
2025-10-23 08:06:38,693 - WARNING -    Fitness promedio reciente: 75.7
2025-10-23 08:06:38,693 - WARNING -    Degradación: 64.6
2025-10-23 08:06:38,694 - WARNING -    🔄 RESTAURANDO mejor solución...
2025-10-23 08:06:42,421 - DEBUG - Iter 19100: T=15.81, Fitness_actual=107.0, Mejor=140.2
2025-10-23 08:06:46,151 - WARNING - ⚠️  DEGRADACIÓN DETECTADA en iter 19150:
2025-10-23 08:06:46,151 - WARNING -    Mejor fitness: 140.2
2025-10-23 08:06:46,152 - WARNING -    Fitness promedio reciente: 88.9
2025-10-23 08:06:46,152 - WARNING -    Degradación: 51.3
2025-10-23 08:06:46,152 - WARNING -    🔄 RESTAURANDO mejor solución...
2025-10-23 08:06:49,927 - DEBUG - Iter 19200: T=15.78, Fitness_actual=116.3, Mejor=140.2
2025-10-23 08:06:53,686 - WARNING - ⚠️  DEGRADACIÓN DETECTADA en iter 19250:
2025-10-23 08:06:53,686 - WARNING -    Mejor fitness: 140.2
2025-10-23 08:06:53,687 - WARNING -    Fitness promedio reciente: 114.3
2025-10-23 08:06:53,687 - WARNING -    Degradación: 25.9
2025-10-23 08:06:53,687 - WARNING -    🔄 RESTAURANDO mejor solución...
2025-10-23 08:06:54,375 - INFO - Iter 19259: Aceptada solución con delta=-10.0 (T=15.77)
2025-10-23 08:06:54,375 - INFO -   📊 Desglose del cambio:
2025-10-23 08:06:54,376 - INFO -      Puntos: +0 → 16392 total
2025-10-23 08:06:54,376 - INFO -      Tiempo: +151.2min → 13105.6min total
2025-10-23 08:06:54,377 - INFO -      Distancia: +0.1km → 107.1km total
2025-10-23 08:06:57,471 - WARNING - ⚠️  DEGRADACIÓN DETECTADA en iter 19300:
2025-10-23 08:06:57,472 - WARNING -    Mejor fitness: 140.2
2025-10-23 08:06:57,472 - WARNING -    Fitness promedio reciente: 119.0
2025-10-23 08:06:57,473 - WARNING -    Degradación: 21.2
2025-10-23 08:06:57,473 - WARNING -    🔄 RESTAURANDO mejor solución...
2025-10-23 08:06:57,475 - DEBUG - Iter 19300: T=15.76, Fitness_actual=140.2, Mejor=140.2
2025-10-23 08:07:01,247 - WARNING - ⚠️  DEGRADACIÓN DETECTADA en iter 19350:
2025-10-23 08:07:01,247 - WARNING -    Mejor fitness: 140.2
2025-10-23 08:07:01,248 - WARNING -    Fitness promedio reciente: 116.5
2025-10-23 08:07:01,248 - WARNING -    Degradación: 23.7
2025-10-23 08:07:01,248 - WARNING -    🔄 RESTAURANDO mejor solución...
2025-10-23 08:07:05,117 - DEBUG - Iter 19400: T=15.73, Fitness_actual=124.5, Mejor=140.2
2025-10-23 08:07:08,928 - WARNING - ⚠️  DEGRADACIÓN DETECTADA en iter 19450:
2025-10-23 08:07:08,928 - WARNING -    Mejor fitness: 140.2
2025-10-23 08:07:08,929 - WARNING -    Fitness promedio reciente: 110.2
2025-10-23 08:07:08,929 - WARNING -    Degradación: 30.0
2025-10-23 08:07:08,929 - WARNING -    🔄 RESTAURANDO mejor solución...
2025-10-23 08:07:08,932 - INFO - 🌟 MEJORA #148 en iter 19450: Fitness=140.2 (+0.0), Puntos=16383
2025-10-23 08:07:09,086 - INFO - 🌟 MEJORA #149 en iter 19452: Fitness=140.2 (+0.0), Puntos=16383
2025-10-23 08:07:12,764 - INFO -   Iter 19500 | Tiempo:   19.4min ( 8.1%) | T =    15.71 | Fitness =    107.2 | Mejor =    140.2 | Aceptación =  96.1%
2025-10-23 08:07:12,764 - INFO - Progreso iter 19500: T=15.71, Fitness=107.2, Mejor=140.2, Tasa_acept=96.1%
2025-10-23 08:07:12,767 - DEBUG - Iter 19500: T=15.71, Fitness_actual=107.2, Mejor=140.2
2025-10-23 08:07:16,973 - INFO - Iter 19554: Aceptada solución con delta=-12.0 (T=15.69)
2025-10-23 08:07:16,973 - INFO -   📊 Desglose del cambio:
2025-10-23 08:07:16,974 - INFO -      Puntos: +0 → 13793 total
2025-10-23 08:07:16,974 - INFO -      Tiempo: -60.0min → 11987.7min total
2025-10-23 08:07:16,974 - INFO -      Distancia: +0.0km → 99.8km total
2025-10-23 08:07:20,499 - WARNING - ⚠️  DEGRADACIÓN DETECTADA en iter 19600:
2025-10-23 08:07:20,500 - WARNING -    Mejor fitness: 140.2
2025-10-23 08:07:20,500 - WARNING -    Fitness promedio reciente: 91.5
2025-10-23 08:07:20,501 - WARNING -    Degradación: 48.7
2025-10-23 08:07:20,501 - WARNING -    🔄 RESTAURANDO mejor solución...
2025-10-23 08:07:20,503 - DEBUG - Iter 19600: T=15.68, Fitness_actual=140.2, Mejor=140.2
2025-10-23 08:07:20,581 - INFO - 🌟 MEJORA #150 en iter 19601: Fitness=140.2 (+0.0), Puntos=16387
2025-10-23 08:07:20,581 - INFO -   ✨ Mejora #150 en iteración 19602: Fitness = 140.2 | Puntos = 16387 | T = 15.68
2025-10-23 08:07:28,289 - DEBUG - Iter 19700: T=15.66, Fitness_actual=85.6, Mejor=140.2
2025-10-23 08:07:32,250 - WARNING - ⚠️  DEGRADACIÓN DETECTADA en iter 19750:
2025-10-23 08:07:32,251 - WARNING -    Mejor fitness: 140.2
2025-10-23 08:07:32,251 - WARNING -    Fitness promedio reciente: 82.3
2025-10-23 08:07:32,251 - WARNING -    Degradación: 57.9
2025-10-23 08:07:32,252 - WARNING -    🔄 RESTAURANDO mejor solución...
2025-10-23 08:07:35,552 - INFO - Iter 19793: Aceptada solución con delta=-12.4 (T=15.63)
2025-10-23 08:07:35,553 - INFO -   📊 Desglose del cambio:
2025-10-23 08:07:35,553 - INFO -      Puntos: -846 → 13624 total
2025-10-23 08:07:35,554 - INFO -      Tiempo: -811.2min → 11413.2min total
2025-10-23 08:07:35,554 - INFO -      Distancia: -4.7km → 111.7km total
2025-10-23 08:07:36,087 - WARNING - ⚠️  DEGRADACIÓN DETECTADA en iter 19800:
2025-10-23 08:07:36,087 - WARNING -    Mejor fitness: 140.2
2025-10-23 08:07:36,088 - WARNING -    Fitness promedio reciente: 119.6
2025-10-23 08:07:36,088 - WARNING -    Degradación: 20.7
2025-10-23 08:07:36,088 - WARNING -    🔄 RESTAURANDO mejor solución...
2025-10-23 08:07:36,091 - DEBUG - Iter 19800: T=15.63, Fitness_actual=140.2, Mejor=140.2
2025-10-23 08:07:43,753 - WARNING - ⚠️  DEGRADACIÓN DETECTADA en iter 19900:
2025-10-23 08:07:43,753 - WARNING -    Mejor fitness: 140.2
2025-10-23 08:07:43,754 - WARNING -    Fitness promedio reciente: 111.7
2025-10-23 08:07:43,754 - WARNING -    Degradación: 28.5
2025-10-23 08:07:43,755 - WARNING -    🔄 RESTAURANDO mejor solución...
2025-10-23 08:07:43,757 - DEBUG - Iter 19900: T=15.61, Fitness_actual=140.2, Mejor=140.2
2025-10-23 08:07:44,296 - INFO - Iter 19907: Aceptada solución con delta=-11.5 (T=15.60)
2025-10-23 08:07:44,297 - INFO -   📊 Desglose del cambio:
2025-10-23 08:07:44,297 - INFO -      Puntos: +0 → 16389 total
2025-10-23 08:07:44,298 - INFO -      Tiempo: +161.6min → 13053.3min total
2025-10-23 08:07:44,298 - INFO -      Distancia: -1.5km → 104.9km total
2025-10-23 08:07:47,620 - WARNING - ⚠️  DEGRADACIÓN DETECTADA en iter 19950:
2025-10-23 08:07:47,620 - WARNING -    Mejor fitness: 140.2
2025-10-23 08:07:47,621 - WARNING -    Fitness promedio reciente: 113.8
2025-10-23 08:07:47,621 - WARNING -    Degradación: 26.5
2025-10-23 08:07:47,621 - WARNING -    🔄 RESTAURANDO mejor solución...
2025-10-23 08:07:51,472 - INFO -   Iter 20000 | Tiempo:   20.1min ( 8.4%) | T =    15.58 | Fitness =    114.3 | Mejor =    140.2 | Aceptación =  96.1%
2025-10-23 08:07:51,472 - INFO - Progreso iter 20000: T=15.58, Fitness=114.3, Mejor=140.2, Tasa_acept=96.1%
2025-10-23 08:07:51,475 - DEBUG - Iter 20000: T=15.58, Fitness_actual=114.3, Mejor=140.2
2025-10-23 08:07:55,355 - WARNING - ⚠️  DEGRADACIÓN DETECTADA en iter 20050:
2025-10-23 08:07:55,356 - WARNING -    Mejor fitness: 140.2
2025-10-23 08:07:55,356 - WARNING -    Fitness promedio reciente: 103.8
2025-10-23 08:07:55,357 - WARNING -    Degradación: 36.4
2025-10-23 08:07:55,357 - WARNING -    🔄 RESTAURANDO mejor solución...
2025-10-23 08:07:55,359 - INFO - Iter 20050: Aceptada solución con delta=-13.5 (T=15.57)
2025-10-23 08:07:55,360 - INFO -   📊 Desglose del cambio:
2025-10-23 08:07:55,360 - INFO -      Puntos: +0 → 16387 total
2025-10-23 08:07:55,360 - INFO -      Tiempo: +33.9min → 13093.3min total
2025-10-23 08:07:55,360 - INFO -      Distancia: +0.3km → 107.4km total
2025-10-23 08:07:59,045 - WARNING - ================================================================================
2025-10-23 08:07:59,046 - WARNING - ⚠️  SALTO ANORMAL DETECTADO en iteración 20098
2025-10-23 08:07:59,046 - WARNING -    Fitness actual: 114.5
2025-10-23 08:07:59,047 - WARNING -    Fitness vecino: 76.2
2025-10-23 08:07:59,047 - WARNING -    Delta: -38.4
2025-10-23 08:07:59,047 - WARNING -    Temperatura: 15.56
2025-10-23 08:07:59,047 - WARNING -    Tipo perturbación aplicada: (ver generar_vecino)
2025-10-23 08:07:59,048 - WARNING -    Vecino - Puntos: 15467, Tiempo: 14962.7min, Distancia: 296.5km
2025-10-23 08:07:59,048 - WARNING -    Actual - Puntos: 15544, Tiempo: 12936.1min, Distancia: 141.3km
2025-10-23 08:07:59,048 - WARNING -    Validez restricciones - Vecino: False, Actual: False
2025-10-23 08:07:59,048 - WARNING - ================================================================================
2025-10-23 08:07:59,049 - WARNING - ⚠️  SALTO ANORMAL DETECTADO en iteración 20098
2025-10-23 08:07:59,049 - WARNING -    Fitness: 114.5 → 76.2 (Δ=-38.4)
2025-10-23 08:07:59,049 - WARNING -    Ver detalles en archivo de log
2025-10-23 08:07:59,203 - WARNING - ⚠️  DEGRADACIÓN DETECTADA en iter 20100:
2025-10-23 08:07:59,204 - WARNING -    Mejor fitness: 140.2
2025-10-23 08:07:59,204 - WARNING -    Fitness promedio reciente: 119.0
2025-10-23 08:07:59,204 - WARNING -    Degradación: 21.2
2025-10-23 08:07:59,205 - WARNING -    🔄 RESTAURANDO mejor solución...
2025-10-23 08:07:59,207 - DEBUG - Iter 20100: T=15.56, Fitness_actual=140.2, Mejor=140.2
2025-10-23 08:08:06,959 - WARNING - ⚠️  DEGRADACIÓN DETECTADA en iter 20200:
2025-10-23 08:08:06,959 - WARNING -    Mejor fitness: 140.2
2025-10-23 08:08:06,960 - WARNING -    Fitness promedio reciente: 108.5
2025-10-23 08:08:06,960 - WARNING -    Degradación: 31.7
2025-10-23 08:08:06,960 - WARNING -    🔄 RESTAURANDO mejor solución...
2025-10-23 08:08:06,963 - DEBUG - Iter 20200: T=15.53, Fitness_actual=140.2, Mejor=140.2
2025-10-23 08:08:06,963 - INFO - 🌟 MEJORA #151 en iter 20200: Fitness=140.4 (+0.2), Puntos=16403
2025-10-23 08:08:09,510 - INFO - Iter 20233: Aceptada solución con delta=-11.5 (T=15.52)
2025-10-23 08:08:09,510 - INFO -   📊 Desglose del cambio:
2025-10-23 08:08:09,511 - INFO -      Puntos: +0 → 15649 total
2025-10-23 08:08:09,511 - INFO -      Tiempo: +360.2min → 13575.2min total
2025-10-23 08:08:09,512 - INFO -      Distancia: +0.0km → 146.7km total
2025-10-23 08:08:14,817 - DEBUG - Iter 20300: T=15.51, Fitness_actual=84.3, Mejor=140.4
2025-10-23 08:08:18,817 - WARNING - ⚠️  DEGRADACIÓN DETECTADA en iter 20350:
2025-10-23 08:08:18,818 - WARNING -    Mejor fitness: 140.4
2025-10-23 08:08:18,818 - WARNING -    Fitness promedio reciente: 92.2
2025-10-23 08:08:18,819 - WARNING -    Degradación: 48.2
2025-10-23 08:08:18,819 - WARNING -    🔄 RESTAURANDO mejor solución...
2025-10-23 08:08:22,682 - DEBUG - Iter 20400: T=15.48, Fitness_actual=116.4, Mejor=140.4
2025-10-23 08:08:26,543 - WARNING - ⚠️  DEGRADACIÓN DETECTADA en iter 20450:
2025-10-23 08:08:26,543 - WARNING -    Mejor fitness: 140.4
2025-10-23 08:08:26,544 - WARNING -    Fitness promedio reciente: 105.9
2025-10-23 08:08:26,544 - WARNING -    Degradación: 34.5
2025-10-23 08:08:26,544 - WARNING -    🔄 RESTAURANDO mejor solución...
2025-10-23 08:08:30,209 - INFO -   Iter 20500 | Tiempo:   20.7min ( 8.6%) | T =    15.46 | Fitness =    110.8 | Mejor =    140.4 | Aceptación =  96.0%
2025-10-23 08:08:30,209 - INFO - Progreso iter 20500: T=15.46, Fitness=110.8, Mejor=140.4, Tasa_acept=96.0%
2025-10-23 08:08:30,210 - WARNING - ⚠️  DEGRADACIÓN DETECTADA en iter 20500:
2025-10-23 08:08:30,210 - WARNING -    Mejor fitness: 140.4
2025-10-23 08:08:30,210 - WARNING -    Fitness promedio reciente: 120.0
2025-10-23 08:08:30,211 - WARNING -    Degradación: 20.4
2025-10-23 08:08:30,211 - WARNING -    🔄 RESTAURANDO mejor solución...
2025-10-23 08:08:30,213 - DEBUG - Iter 20500: T=15.46, Fitness_actual=140.4, Mejor=140.4
2025-10-23 08:08:37,524 - WARNING - ⚠️  DEGRADACIÓN DETECTADA en iter 20600:
2025-10-23 08:08:37,525 - WARNING -    Mejor fitness: 140.4
2025-10-23 08:08:37,525 - WARNING -    Fitness promedio reciente: 103.2
2025-10-23 08:08:37,526 - WARNING -    Degradación: 37.2
2025-10-23 08:08:37,526 - WARNING -    🔄 RESTAURANDO mejor solución...
2025-10-23 08:08:37,528 - DEBUG - Iter 20600: T=15.43, Fitness_actual=140.4, Mejor=140.4
2025-10-23 08:08:37,601 - INFO - 🌟 MEJORA #152 en iter 20601: Fitness=140.4 (+0.0), Puntos=16407
2025-10-23 08:08:37,821 - INFO - Iter 20604: Aceptada solución con delta=-10.0 (T=15.43)
2025-10-23 08:08:37,822 - INFO -   📊 Desglose del cambio:
2025-10-23 08:08:37,822 - INFO -      Puntos: +0 → 16407 total
2025-10-23 08:08:37,822 - INFO -      Tiempo: +153.7min → 13205.5min total
2025-10-23 08:08:37,823 - INFO -      Distancia: +0.3km → 105.9km total
2025-10-23 08:08:44,141 - INFO - Iter 20691: Aceptada solución con delta=-10.5 (T=15.41)
2025-10-23 08:08:44,141 - INFO -   📊 Desglose del cambio:
2025-10-23 08:08:44,142 - INFO -      Puntos: -748 → 12652 total
2025-10-23 08:08:44,142 - INFO -      Tiempo: +71.3min → 11615.2min total
2025-10-23 08:08:44,143 - INFO -      Distancia: -4.3km → 92.7km total
2025-10-23 08:08:44,805 - DEBUG - Iter 20700: T=15.41, Fitness_actual=69.9, Mejor=140.4
2025-10-23 08:08:48,446 - WARNING - ⚠️  DEGRADACIÓN DETECTADA en iter 20750:
2025-10-23 08:08:48,447 - WARNING -    Mejor fitness: 140.4
2025-10-23 08:08:48,447 - WARNING -    Fitness promedio reciente: 60.8
2025-10-23 08:08:48,447 - WARNING -    Degradación: 79.6
2025-10-23 08:08:48,448 - WARNING -    🔄 RESTAURANDO mejor solución...
2025-10-23 08:08:52,097 - WARNING - ⚠️  DEGRADACIÓN DETECTADA en iter 20800:
2025-10-23 08:08:52,097 - WARNING -    Mejor fitness: 140.4
2025-10-23 08:08:52,098 - WARNING -    Fitness promedio reciente: 119.2
2025-10-23 08:08:52,098 - WARNING -    Degradación: 21.2
2025-10-23 08:08:52,098 - WARNING -    🔄 RESTAURANDO mejor solución...
2025-10-23 08:08:52,101 - DEBUG - Iter 20800: T=15.39, Fitness_actual=140.4, Mejor=140.4
2025-10-23 08:08:52,174 - INFO - 🌟 MEJORA #153 en iter 20801: Fitness=140.5 (+0.0), Puntos=16407
2025-10-23 08:08:53,568 - INFO - Iter 20820: Aceptada solución con delta=-11.9 (T=15.38)
2025-10-23 08:08:53,568 - INFO -   📊 Desglose del cambio:
2025-10-23 08:08:53,569 - INFO -      Puntos: -842 → 15373 total
2025-10-23 08:08:53,569 - INFO -      Tiempo: -578.3min → 12508.7min total
2025-10-23 08:08:53,569 - INFO -      Distancia: -1.9km → 111.1km total
2025-10-23 08:08:59,420 - DEBUG - Iter 20900: T=15.36, Fitness_actual=87.1, Mejor=140.5
2025-10-23 08:09:03,070 - WARNING - ⚠️  DEGRADACIÓN DETECTADA en iter 20950:
2025-10-23 08:09:03,070 - WARNING -    Mejor fitness: 140.5
2025-10-23 08:09:03,071 - WARNING -    Fitness promedio reciente: 81.6
2025-10-23 08:09:03,071 - WARNING -    Degradación: 58.9
2025-10-23 08:09:03,071 - WARNING -    🔄 RESTAURANDO mejor solución...
2025-10-23 08:09:03,148 - INFO - 🌟 MEJORA #154 en iter 20951: Fitness=140.5 (+0.0), Puntos=16407
2025-10-23 08:09:03,221 - INFO - 🌟 MEJORA #155 en iter 20952: Fitness=140.5 (+0.0), Puntos=16407
2025-10-23 08:09:03,222 - INFO -   ✨ Mejora #155 en iteración 20953: Fitness = 140.5 | Puntos = 16407 | T = 15.35
2025-10-23 08:09:03,296 - INFO - 🌟 MEJORA #156 en iter 20953: Fitness=140.5 (+0.0), Puntos=16407
2025-10-23 08:09:06,766 - INFO -   Iter 21000 | Tiempo:   21.3min ( 8.9%) | T =    15.34 | Fitness =    126.6 | Mejor =    140.5 | Aceptación =  96.0%
2025-10-23 08:09:06,766 - INFO - Progreso iter 21000: T=15.34, Fitness=126.6, Mejor=140.5, Tasa_acept=96.0%
2025-10-23 08:09:06,769 - DEBUG - Iter 21000: T=15.34, Fitness_actual=126.6, Mejor=140.5
2025-10-23 08:09:14,146 - WARNING - ⚠️  DEGRADACIÓN DETECTADA en iter 21100:
2025-10-23 08:09:14,146 - WARNING -    Mejor fitness: 140.5
2025-10-23 08:09:14,147 - WARNING -    Fitness promedio reciente: 84.3
2025-10-23 08:09:14,147 - WARNING -    Degradación: 56.2
2025-10-23 08:09:14,147 - WARNING -    🔄 RESTAURANDO mejor solución...
2025-10-23 08:09:14,150 - DEBUG - Iter 21100: T=15.32, Fitness_actual=140.5, Mejor=140.5
2025-10-23 08:09:14,896 - INFO - Iter 21110: Aceptada solución con delta=-10.0 (T=15.31)
2025-10-23 08:09:14,897 - INFO -   📊 Desglose del cambio:
2025-10-23 08:09:14,897 - INFO -      Puntos: +0 → 16427 total
2025-10-23 08:09:14,898 - INFO -      Tiempo: +370.1min → 13612.1min total
2025-10-23 08:09:14,898 - INFO -      Distancia: +0.8km → 103.5km total
2025-10-23 08:09:21,581 - WARNING - ⚠️  DEGRADACIÓN DETECTADA en iter 21200:
2025-10-23 08:09:21,581 - WARNING -    Mejor fitness: 140.5
2025-10-23 08:09:21,581 - WARNING -    Fitness promedio reciente: 108.0
2025-10-23 08:09:21,582 - WARNING -    Degradación: 32.5
2025-10-23 08:09:21,582 - WARNING -    🔄 RESTAURANDO mejor solución...
2025-10-23 08:09:21,584 - DEBUG - Iter 21200: T=15.29, Fitness_actual=140.5, Mejor=140.5
2025-10-23 08:09:22,916 - INFO - Iter 21218: Aceptada solución con delta=-10.5 (T=15.29)
2025-10-23 08:09:22,917 - INFO -   📊 Desglose del cambio:
2025-10-23 08:09:22,917 - INFO -      Puntos: -1 → 16292 total
2025-10-23 08:09:22,918 - INFO -      Tiempo: +584.3min → 13492.9min total
2025-10-23 08:09:22,918 - INFO -      Distancia: +0.8km → 93.6km total
2025-10-23 08:09:25,285 - WARNING - ⚠️  DEGRADACIÓN DETECTADA en iter 21250:
2025-10-23 08:09:25,285 - WARNING -    Mejor fitness: 140.5
2025-10-23 08:09:25,286 - WARNING -    Fitness promedio reciente: 118.7
2025-10-23 08:09:25,286 - WARNING -    Degradación: 21.8
2025-10-23 08:09:25,287 - WARNING -    🔄 RESTAURANDO mejor solución...
2025-10-23 08:09:28,993 - DEBUG - Iter 21300: T=15.27, Fitness_actual=117.1, Mejor=140.5
2025-10-23 08:09:32,694 - WARNING - ⚠️  DEGRADACIÓN DETECTADA en iter 21350:
2025-10-23 08:09:32,694 - WARNING -    Mejor fitness: 140.5
2025-10-23 08:09:32,694 - WARNING -    Fitness promedio reciente: 104.7
2025-10-23 08:09:32,695 - WARNING -    Degradación: 35.7
2025-10-23 08:09:32,695 - WARNING -    🔄 RESTAURANDO mejor solución...
2025-10-23 08:09:32,698 - INFO - 🌟 MEJORA #157 en iter 21350: Fitness=140.6 (+0.2), Puntos=16423
2025-10-23 08:09:36,424 - DEBUG - Iter 21400: T=15.25, Fitness_actual=118.4, Mejor=140.6
2025-10-23 08:09:43,816 - INFO -   Iter 21500 | Tiempo:   22.0min ( 9.1%) | T =    15.22 | Fitness =     88.0 | Mejor =    140.6 | Aceptación =  95.9%
2025-10-23 08:09:43,816 - INFO - Progreso iter 21500: T=15.22, Fitness=88.0, Mejor=140.6, Tasa_acept=95.9%
2025-10-23 08:09:43,817 - WARNING - ⚠️  DEGRADACIÓN DETECTADA en iter 21500:
2025-10-23 08:09:43,817 - WARNING -    Mejor fitness: 140.6
2025-10-23 08:09:43,817 - WARNING -    Fitness promedio reciente: 90.3
2025-10-23 08:09:43,818 - WARNING -    Degradación: 50.4
2025-10-23 08:09:43,818 - WARNING -    🔄 RESTAURANDO mejor solución...
2025-10-23 08:09:43,821 - DEBUG - Iter 21500: T=15.22, Fitness_actual=140.6, Mejor=140.6
2025-10-23 08:09:44,115 - INFO - 🌟 MEJORA #158 en iter 21504: Fitness=141.1 (+0.4), Puntos=16417
2025-10-23 08:09:51,299 - DEBUG - Iter 21600: T=15.20, Fitness_actual=100.9, Mejor=141.1
2025-10-23 08:09:55,043 - WARNING - ⚠️  DEGRADACIÓN DETECTADA en iter 21650:
2025-10-23 08:09:55,044 - WARNING -    Mejor fitness: 141.1
2025-10-23 08:09:55,044 - WARNING -    Fitness promedio reciente: 101.6
2025-10-23 08:09:55,045 - WARNING -    Degradación: 39.4
2025-10-23 08:09:55,045 - WARNING -    🔄 RESTAURANDO mejor solución...
2025-10-23 08:09:56,534 - INFO - Iter 21670: Aceptada solución con delta=-10.0 (T=15.18)
2025-10-23 08:09:56,534 - INFO -   📊 Desglose del cambio:
2025-10-23 08:09:56,535 - INFO -      Puntos: +0 → 16015 total
2025-10-23 08:09:56,535 - INFO -      Tiempo: +0.6min → 12774.4min total
2025-10-23 08:09:56,535 - INFO -      Distancia: +0.0km → 94.1km total
2025-10-23 08:09:58,773 - WARNING - ⚠️  DEGRADACIÓN DETECTADA en iter 21700:
2025-10-23 08:09:58,773 - WARNING -    Mejor fitness: 141.1
2025-10-23 08:09:58,774 - WARNING -    Fitness promedio reciente: 120.6
2025-10-23 08:09:58,774 - WARNING -    Degradación: 20.4
2025-10-23 08:09:58,774 - WARNING -    🔄 RESTAURANDO mejor solución...
2025-10-23 08:09:58,777 - DEBUG - Iter 21700: T=15.18, Fitness_actual=141.1, Mejor=141.1
2025-10-23 08:10:06,151 - WARNING - ⚠️  DEGRADACIÓN DETECTADA en iter 21800:
2025-10-23 08:10:06,152 - WARNING -    Mejor fitness: 141.1
2025-10-23 08:10:06,152 - WARNING -    Fitness promedio reciente: 96.7
2025-10-23 08:10:06,152 - WARNING -    Degradación: 44.4
2025-10-23 08:10:06,153 - WARNING -    🔄 RESTAURANDO mejor solución...
2025-10-23 08:10:06,155 - DEBUG - Iter 21800: T=15.15, Fitness_actual=141.1, Mejor=141.1
2025-10-23 08:10:13,579 - WARNING - ⚠️  DEGRADACIÓN DETECTADA en iter 21900:
2025-10-23 08:10:13,579 - WARNING -    Mejor fitness: 141.1
2025-10-23 08:10:13,580 - WARNING -    Fitness promedio reciente: 109.8
2025-10-23 08:10:13,580 - WARNING -    Degradación: 31.3
2025-10-23 08:10:13,580 - WARNING -    🔄 RESTAURANDO mejor solución...
2025-10-23 08:10:13,582 - DEBUG - Iter 21900: T=15.13, Fitness_actual=141.1, Mejor=141.1
2025-10-23 08:10:13,657 - INFO - 🌟 MEJORA #159 en iter 21901: Fitness=141.1 (+0.0), Puntos=16417
2025-10-23 08:10:14,927 - INFO - Iter 21918: Aceptada solución con delta=-11.2 (T=15.13)
2025-10-23 08:10:14,927 - INFO -   📊 Desglose del cambio:
2025-10-23 08:10:14,928 - INFO -      Puntos: -321 → 15699 total
2025-10-23 08:10:14,928 - INFO -      Tiempo: +1199.2min → 13783.0min total
2025-10-23 08:10:14,928 - INFO -      Distancia: +8.6km → 116.0km total
2025-10-23 08:10:16,915 - INFO - Iter 21942: Aceptada solución con delta=-16.5 (T=15.12)
2025-10-23 08:10:16,915 - INFO -   📊 Desglose del cambio:
2025-10-23 08:10:16,916 - INFO -      Puntos: +0 → 15709 total
2025-10-23 08:10:16,917 - INFO -      Tiempo: +538.8min → 14504.7min total
2025-10-23 08:10:16,917 - INFO -      Distancia: -0.1km → 119.9km total
2025-10-23 08:10:21,406 - INFO - Iter 21997: Aceptada solución con delta=-14.4 (T=15.11)
2025-10-23 08:10:21,406 - INFO -   📊 Desglose del cambio:
2025-10-23 08:10:21,407 - INFO -      Puntos: -439 → 13985 total
2025-10-23 08:10:21,407 - INFO -      Tiempo: +2171.7min → 15141.4min total
2025-10-23 08:10:21,407 - INFO -      Distancia: +16.6km → 154.1km total
2025-10-23 08:10:21,649 - INFO -   Iter 22000 | Tiempo:   22.6min ( 9.4%) | T =    15.10 | Fitness =     81.5 | Mejor =    141.1 | Aceptación =  95.9%
2025-10-23 08:10:21,649 - INFO - Progreso iter 22000: T=15.10, Fitness=81.5, Mejor=141.1, Tasa_acept=95.9%
2025-10-23 08:10:21,660 - DEBUG - Iter 22000: T=15.10, Fitness_actual=81.5, Mejor=141.1
2025-10-23 08:10:22,335 - INFO - Iter 22008: Aceptada solución con delta=-15.0 (T=15.10)
2025-10-23 08:10:22,335 - INFO -   📊 Desglose del cambio:
2025-10-23 08:10:22,336 - INFO -      Puntos: +0 → 13129 total
2025-10-23 08:10:22,336 - INFO -      Tiempo: +2288.0min → 16233.1min total
2025-10-23 08:10:22,337 - INFO -      Distancia: +0.0km → 156.1km total
2025-10-23 08:10:25,923 - WARNING - ⚠️  DEGRADACIÓN DETECTADA en iter 22050:
2025-10-23 08:10:25,923 - WARNING -    Mejor fitness: 141.1
2025-10-23 08:10:25,924 - WARNING -    Fitness promedio reciente: 74.4
2025-10-23 08:10:25,924 - WARNING -    Degradación: 66.7
2025-10-23 08:10:25,924 - WARNING -    🔄 RESTAURANDO mejor solución...
2025-10-23 08:10:25,999 - INFO - 🌟 MEJORA #160 en iter 22051: Fitness=141.1 (+0.0), Puntos=16422
2025-10-23 08:10:25,999 - INFO -   ✨ Mejora #160 en iteración 22052: Fitness = 141.1 | Puntos = 16422 | T = 15.09
2025-10-23 08:10:27,778 - WARNING - ================================================================================
2025-10-23 08:10:27,778 - WARNING - ⚠️  SALTO ANORMAL DETECTADO en iteración 22075
2025-10-23 08:10:27,779 - WARNING -    Fitness actual: 131.9
2025-10-23 08:10:27,779 - WARNING -    Fitness vecino: 92.7
2025-10-23 08:10:27,780 - WARNING -    Delta: -39.2
2025-10-23 08:10:27,780 - WARNING -    Temperatura: 15.09
2025-10-23 08:10:27,780 - WARNING -    Tipo perturbación aplicada: (ver generar_vecino)
2025-10-23 08:10:27,781 - WARNING -    Vecino - Puntos: 15994, Tiempo: 15172.0min, Distancia: 268.1km
2025-10-23 08:10:27,781 - WARNING -    Actual - Puntos: 15999, Tiempo: 12860.5min, Distancia: 111.7km
2025-10-23 08:10:27,781 - WARNING -    Validez restricciones - Vecino: False, Actual: False
2025-10-23 08:10:27,781 - WARNING - ================================================================================
2025-10-23 08:10:27,782 - WARNING - ⚠️  SALTO ANORMAL DETECTADO en iteración 22075
2025-10-23 08:10:27,782 - WARNING -    Fitness: 131.9 → 92.7 (Δ=-39.2)
2025-10-23 08:10:27,782 - WARNING -    Ver detalles en archivo de log
2025-10-23 08:10:29,654 - DEBUG - Iter 22100: T=15.08, Fitness_actual=108.0, Mejor=141.1
2025-10-23 08:10:37,113 - WARNING - ⚠️  DEGRADACIÓN DETECTADA en iter 22200:
2025-10-23 08:10:37,114 - WARNING -    Mejor fitness: 141.1
2025-10-23 08:10:37,114 - WARNING -    Fitness promedio reciente: 85.1
2025-10-23 08:10:37,114 - WARNING -    Degradación: 56.0
2025-10-23 08:10:37,115 - WARNING -    🔄 RESTAURANDO mejor solución...
2025-10-23 08:10:37,117 - DEBUG - Iter 22200: T=15.06, Fitness_actual=141.1, Mejor=141.1
2025-10-23 08:10:37,270 - INFO - 🌟 MEJORA #161 en iter 22202: Fitness=142.0 (+0.9), Puntos=16428
2025-10-23 08:10:44,654 - DEBUG - Iter 22300: T=15.03, Fitness_actual=101.4, Mejor=142.0
2025-10-23 08:10:48,396 - WARNING - ⚠️  DEGRADACIÓN DETECTADA en iter 22350:
2025-10-23 08:10:48,396 - WARNING -    Mejor fitness: 142.0
2025-10-23 08:10:48,397 - WARNING -    Fitness promedio reciente: 102.7
2025-10-23 08:10:48,397 - WARNING -    Degradación: 39.3
2025-10-23 08:10:48,397 - WARNING -    🔄 RESTAURANDO mejor solución...
2025-10-23 08:10:52,148 - DEBUG - Iter 22400: T=15.01, Fitness_actual=118.5, Mejor=142.0
2025-10-23 08:10:55,883 - WARNING - ⚠️  DEGRADACIÓN DETECTADA en iter 22450:
2025-10-23 08:10:55,884 - WARNING -    Mejor fitness: 142.0
2025-10-23 08:10:55,884 - WARNING -    Fitness promedio reciente: 113.0
2025-10-23 08:10:55,885 - WARNING -    Degradación: 29.0
2025-10-23 08:10:55,885 - WARNING -    🔄 RESTAURANDO mejor solución...
2025-10-23 08:10:59,652 - INFO -   Iter 22500 | Tiempo:   23.2min ( 9.7%) | T =    14.99 | Fitness =    118.5 | Mejor =    142.0 | Aceptación =  95.9%
2025-10-23 08:10:59,652 - INFO - Progreso iter 22500: T=14.99, Fitness=118.5, Mejor=142.0, Tasa_acept=95.9%
2025-10-23 08:10:59,655 - DEBUG - Iter 22500: T=14.99, Fitness_actual=118.5, Mejor=142.0
2025-10-23 08:11:03,421 - WARNING - ⚠️  DEGRADACIÓN DETECTADA en iter 22550:
2025-10-23 08:11:03,421 - WARNING -    Mejor fitness: 142.0
2025-10-23 08:11:03,422 - WARNING -    Fitness promedio reciente: 111.5
2025-10-23 08:11:03,422 - WARNING -    Degradación: 30.5
2025-10-23 08:11:03,422 - WARNING -    🔄 RESTAURANDO mejor solución...
2025-10-23 08:11:03,578 - INFO - Iter 22552: Aceptada solución con delta=-16.0 (T=14.97)
2025-10-23 08:11:03,578 - INFO -   📊 Desglose del cambio:
2025-10-23 08:11:03,578 - INFO -      Puntos: +0 → 16416 total
2025-10-23 08:11:03,579 - INFO -      Tiempo: +560.2min → 13397.8min total
2025-10-23 08:11:03,579 - INFO -      Distancia: +1.7km → 102.3km total
2025-10-23 08:11:07,253 - WARNING - ⚠️  DEGRADACIÓN DETECTADA en iter 22600:
2025-10-23 08:11:07,254 - WARNING -    Mejor fitness: 142.0
2025-10-23 08:11:07,254 - WARNING -    Fitness promedio reciente: 120.0
2025-10-23 08:11:07,254 - WARNING -    Degradación: 22.0
2025-10-23 08:11:07,255 - WARNING -    🔄 RESTAURANDO mejor solución...
2025-10-23 08:11:07,257 - DEBUG - Iter 22600: T=14.96, Fitness_actual=142.0, Mejor=142.0
2025-10-23 08:11:14,843 - WARNING - ⚠️  DEGRADACIÓN DETECTADA en iter 22700:
2025-10-23 08:11:14,843 - WARNING -    Mejor fitness: 142.0
2025-10-23 08:11:14,844 - WARNING -    Fitness promedio reciente: 105.7
2025-10-23 08:11:14,845 - WARNING -    Degradación: 36.3
2025-10-23 08:11:14,845 - WARNING -    🔄 RESTAURANDO mejor solución...
2025-10-23 08:11:14,847 - DEBUG - Iter 22700: T=14.94, Fitness_actual=142.0, Mejor=142.0
2025-10-23 08:11:14,925 - INFO - 🌟 MEJORA #162 en iter 22701: Fitness=142.2 (+0.2), Puntos=16445
2025-10-23 08:11:22,430 - DEBUG - Iter 22800: T=14.92, Fitness_actual=105.3, Mejor=142.2
2025-10-23 08:11:26,227 - WARNING - ⚠️  DEGRADACIÓN DETECTADA en iter 22850:
2025-10-23 08:11:26,227 - WARNING -    Mejor fitness: 142.2
2025-10-23 08:11:26,228 - WARNING -    Fitness promedio reciente: 103.4
2025-10-23 08:11:26,228 - WARNING -    Degradación: 38.7
2025-10-23 08:11:26,228 - WARNING -    🔄 RESTAURANDO mejor solución...
2025-10-23 08:11:30,018 - DEBUG - Iter 22900: T=14.89, Fitness_actual=126.9, Mejor=142.2
2025-10-23 08:11:33,832 - WARNING - ⚠️  DEGRADACIÓN DETECTADA en iter 22950:
2025-10-23 08:11:33,832 - WARNING -    Mejor fitness: 142.2
2025-10-23 08:11:33,833 - WARNING -    Fitness promedio reciente: 116.1
2025-10-23 08:11:33,833 - WARNING -    Degradación: 26.0
2025-10-23 08:11:33,833 - WARNING -    🔄 RESTAURANDO mejor solución...
2025-10-23 08:11:33,910 - INFO - 🌟 MEJORA #163 en iter 22951: Fitness=142.7 (+0.5), Puntos=16445
2025-10-23 08:11:37,640 - INFO -   Iter 23000 | Tiempo:   23.9min ( 9.9%) | T =    14.87 | Fitness =    119.9 | Mejor =    142.7 | Aceptación =  95.9%
2025-10-23 08:11:37,640 - INFO - Progreso iter 23000: T=14.87, Fitness=119.9, Mejor=142.7, Tasa_acept=95.9%
2025-10-23 08:11:37,644 - DEBUG - Iter 23000: T=14.87, Fitness_actual=119.9, Mejor=142.7
2025-10-23 08:11:45,336 - WARNING - ⚠️  DEGRADACIÓN DETECTADA en iter 23100:
2025-10-23 08:11:45,336 - WARNING -    Mejor fitness: 142.7
2025-10-23 08:11:45,337 - WARNING -    Fitness promedio reciente: 109.0
2025-10-23 08:11:45,337 - WARNING -    Degradación: 33.7
2025-10-23 08:11:45,337 - WARNING -    🔄 RESTAURANDO mejor solución...
2025-10-23 08:11:45,340 - DEBUG - Iter 23100: T=14.85, Fitness_actual=142.7, Mejor=142.7
2025-10-23 08:11:48,794 - INFO - Iter 23144: Aceptada solución con delta=-11.0 (T=14.83)
2025-10-23 08:11:48,794 - INFO -   📊 Desglose del cambio:
2025-10-23 08:11:48,795 - INFO -      Puntos: +0 → 15578 total
2025-10-23 08:11:48,795 - INFO -      Tiempo: +540.0min → 15653.9min total
2025-10-23 08:11:48,795 - INFO -      Distancia: +0.0km → 150.6km total
2025-10-23 08:11:49,295 - WARNING - ⚠️  DEGRADACIÓN DETECTADA en iter 23150:
2025-10-23 08:11:49,295 - WARNING -    Mejor fitness: 142.7
2025-10-23 08:11:49,296 - WARNING -    Fitness promedio reciente: 118.7
2025-10-23 08:11:49,296 - WARNING -    Degradación: 24.0
2025-10-23 08:11:49,296 - WARNING -    🔄 RESTAURANDO mejor solución...
2025-10-23 08:11:53,110 - DEBUG - Iter 23200: T=14.82, Fitness_actual=109.7, Mejor=142.7
2025-10-23 08:11:56,961 - WARNING - ⚠️  DEGRADACIÓN DETECTADA en iter 23250:
2025-10-23 08:11:56,962 - WARNING -    Mejor fitness: 142.7
2025-10-23 08:11:56,962 - WARNING -    Fitness promedio reciente: 103.0
2025-10-23 08:11:56,963 - WARNING -    Degradación: 39.7
2025-10-23 08:11:56,963 - WARNING -    🔄 RESTAURANDO mejor solución...
2025-10-23 08:12:00,812 - WARNING - ⚠️  DEGRADACIÓN DETECTADA en iter 23300:
2025-10-23 08:12:00,813 - WARNING -    Mejor fitness: 142.7
2025-10-23 08:12:00,813 - WARNING -    Fitness promedio reciente: 122.1
2025-10-23 08:12:00,814 - WARNING -    Degradación: 20.5
2025-10-23 08:12:00,814 - WARNING -    🔄 RESTAURANDO mejor solución...
2025-10-23 08:12:00,816 - DEBUG - Iter 23300: T=14.80, Fitness_actual=142.7, Mejor=142.7
2025-10-23 08:12:08,560 - WARNING - ⚠️  DEGRADACIÓN DETECTADA en iter 23400:
2025-10-23 08:12:08,560 - WARNING -    Mejor fitness: 142.7
2025-10-23 08:12:08,561 - WARNING -    Fitness promedio reciente: 115.8
2025-10-23 08:12:08,561 - WARNING -    Degradación: 26.9
2025-10-23 08:12:08,561 - WARNING -    🔄 RESTAURANDO mejor solución...
2025-10-23 08:12:08,563 - DEBUG - Iter 23400: T=14.77, Fitness_actual=142.7, Mejor=142.7
2025-10-23 08:12:08,563 - INFO - 🌟 MEJORA #164 en iter 23400: Fitness=142.7 (+0.0), Puntos=16445
2025-10-23 08:12:16,308 - INFO -   Iter 23500 | Tiempo:   24.5min (10.2%) | T =    14.75 | Fitness =    122.4 | Mejor =    142.7 | Aceptación =  95.8%
2025-10-23 08:12:16,308 - INFO - Progreso iter 23500: T=14.75, Fitness=122.4, Mejor=142.7, Tasa_acept=95.8%
2025-10-23 08:12:16,310 - DEBUG - Iter 23500: T=14.75, Fitness_actual=122.4, Mejor=142.7
2025-10-23 08:12:20,247 - WARNING - ⚠️  DEGRADACIÓN DETECTADA en iter 23550:
2025-10-23 08:12:20,247 - WARNING -    Mejor fitness: 142.7
2025-10-23 08:12:20,247 - WARNING -    Fitness promedio reciente: 116.6
2025-10-23 08:12:20,248 - WARNING -    Degradación: 26.0
2025-10-23 08:12:20,248 - WARNING -    🔄 RESTAURANDO mejor solución...
2025-10-23 08:12:20,249 - INFO - 🌟 MEJORA #165 en iter 23550: Fitness=142.7 (+0.0), Puntos=16445
2025-10-23 08:12:20,249 - INFO -   ✨ Mejora #165 en iteración 23551: Fitness = 142.7 | Puntos = 16445 | T = 14.74
2025-10-23 08:12:24,087 - DEBUG - Iter 23600: T=14.73, Fitness_actual=118.3, Mejor=142.7
2025-10-23 08:12:29,325 - INFO - Iter 23668: Aceptada solución con delta=-10.4 (T=14.71)
2025-10-23 08:12:29,326 - INFO -   📊 Desglose del cambio:
2025-10-23 08:12:29,326 - INFO -      Puntos: -837 → 12784 total
2025-10-23 08:12:29,327 - INFO -      Tiempo: -660.5min → 11454.9min total
2025-10-23 08:12:29,327 - INFO -      Distancia: -2.5km → 127.1km total
2025-10-23 08:12:31,767 - WARNING - ⚠️  DEGRADACIÓN DETECTADA en iter 23700:
2025-10-23 08:12:31,767 - WARNING -    Mejor fitness: 142.7
2025-10-23 08:12:31,768 - WARNING -    Fitness promedio reciente: 84.8
2025-10-23 08:12:31,768 - WARNING -    Degradación: 57.9
2025-10-23 08:12:31,768 - WARNING -    🔄 RESTAURANDO mejor solución...
2025-10-23 08:12:31,770 - DEBUG - Iter 23700: T=14.70, Fitness_actual=142.7, Mejor=142.7
2025-10-23 08:12:32,546 - INFO - Iter 23710: Aceptada solución con delta=-12.5 (T=14.70)
2025-10-23 08:12:32,546 - INFO -   📊 Desglose del cambio:
2025-10-23 08:12:32,547 - INFO -      Puntos: +0 → 16424 total
2025-10-23 08:12:32,547 - INFO -      Tiempo: +506.2min → 13326.0min total
2025-10-23 08:12:32,547 - INFO -      Distancia: +0.9km → 100.1km total
2025-10-23 08:12:39,491 - WARNING - ⚠️  DEGRADACIÓN DETECTADA en iter 23800:
2025-10-23 08:12:39,491 - WARNING -    Mejor fitness: 142.7
2025-10-23 08:12:39,492 - WARNING -    Fitness promedio reciente: 112.2
2025-10-23 08:12:39,492 - WARNING -    Degradación: 30.5
2025-10-23 08:12:39,493 - WARNING -    🔄 RESTAURANDO mejor solución...
2025-10-23 08:12:39,494 - DEBUG - Iter 23800: T=14.68, Fitness_actual=142.7, Mejor=142.7
2025-10-23 08:12:39,880 - INFO - Iter 23805: Aceptada solución con delta=-11.0 (T=14.68)
2025-10-23 08:12:39,880 - INFO -   📊 Desglose del cambio:
2025-10-23 08:12:39,880 - INFO -      Puntos: +0 → 16452 total
2025-10-23 08:12:39,881 - INFO -      Tiempo: +290.3min → 13096.9min total
2025-10-23 08:12:39,881 - INFO -      Distancia: -0.8km → 98.9km total
2025-10-23 08:12:43,407 - WARNING - ⚠️  DEGRADACIÓN DETECTADA en iter 23850:
2025-10-23 08:12:43,407 - WARNING -    Mejor fitness: 142.7
2025-10-23 08:12:43,408 - WARNING -    Fitness promedio reciente: 113.1
2025-10-23 08:12:43,408 - WARNING -    Degradación: 29.5
2025-10-23 08:12:43,409 - WARNING -    🔄 RESTAURANDO mejor solución...
2025-10-23 08:12:46,288 - INFO - Iter 23887: Aceptada solución con delta=-12.5 (T=14.66)
2025-10-23 08:12:46,288 - INFO -   📊 Desglose del cambio:
2025-10-23 08:12:46,289 - INFO -      Puntos: +0 → 16216 total
2025-10-23 08:12:46,289 - INFO -      Tiempo: +180.0min → 12960.6min total
2025-10-23 08:12:46,290 - INFO -      Distancia: +0.0km → 106.3km total
2025-10-23 08:12:47,310 - DEBUG - Iter 23900: T=14.66, Fitness_actual=117.6, Mejor=142.7
2025-10-23 08:12:51,240 - WARNING - ⚠️  DEGRADACIÓN DETECTADA en iter 23950:
2025-10-23 08:12:51,240 - WARNING -    Mejor fitness: 142.7
2025-10-23 08:12:51,241 - WARNING -    Fitness promedio reciente: 109.2
2025-10-23 08:12:51,241 - WARNING -    Degradación: 33.4
2025-10-23 08:12:51,241 - WARNING -    🔄 RESTAURANDO mejor solución...
2025-10-23 08:12:55,174 - INFO -   Iter 24000 | Tiempo:   25.1min (10.5%) | T =    14.63 | Fitness =    119.6 | Mejor =    142.7 | Aceptación =  95.8%
2025-10-23 08:12:55,174 - INFO - Progreso iter 24000: T=14.63, Fitness=119.6, Mejor=142.7, Tasa_acept=95.8%
2025-10-23 08:12:55,176 - DEBUG - Iter 24000: T=14.63, Fitness_actual=119.6, Mejor=142.7
2025-10-23 08:12:55,333 - INFO - Iter 24002: Aceptada solución con delta=-12.1 (T=14.63)
2025-10-23 08:12:55,333 - INFO -   📊 Desglose del cambio:
2025-10-23 08:12:55,334 - INFO -      Puntos: -813 → 14938 total
2025-10-23 08:12:55,335 - INFO -      Tiempo: -418.8min → 11817.3min total
2025-10-23 08:12:55,335 - INFO -      Distancia: -3.7km → 102.7km total
2025-10-23 08:12:59,136 - WARNING - ⚠️  DEGRADACIÓN DETECTADA en iter 24050:
2025-10-23 08:12:59,137 - WARNING -    Mejor fitness: 142.7
2025-10-23 08:12:59,137 - WARNING -    Fitness promedio reciente: 101.3
2025-10-23 08:12:59,138 - WARNING -    Degradación: 41.4
2025-10-23 08:12:59,138 - WARNING -    🔄 RESTAURANDO mejor solución...
2025-10-23 08:12:59,217 - INFO - 🌟 MEJORA #166 en iter 24051: Fitness=142.7 (+0.0), Puntos=16447
2025-10-23 08:12:59,377 - INFO - 🌟 MEJORA #167 en iter 24053: Fitness=142.7 (+0.0), Puntos=16447
2025-10-23 08:12:59,457 - INFO - 🌟 MEJORA #168 en iter 24054: Fitness=142.8 (+0.1), Puntos=16457
2025-10-23 08:13:03,098 - DEBUG - Iter 24100: T=14.61, Fitness_actual=111.3, Mejor=142.8
2025-10-23 08:13:03,259 - INFO - Iter 24102: Aceptada solución con delta=-11.4 (T=14.61)
2025-10-23 08:13:03,259 - INFO -   📊 Desglose del cambio:
2025-10-23 08:13:03,260 - INFO -      Puntos: -838 → 14679 total
2025-10-23 08:13:03,260 - INFO -      Tiempo: -515.1min → 12418.1min total
2025-10-23 08:13:03,260 - INFO -      Distancia: -2.9km → 126.9km total
2025-10-23 08:13:05,413 - INFO - Iter 24129: Aceptada solución con delta=-10.4 (T=14.60)
2025-10-23 08:13:05,413 - INFO -   📊 Desglose del cambio:
2025-10-23 08:13:05,414 - INFO -      Puntos: -845 → 13757 total
2025-10-23 08:13:05,414 - INFO -      Tiempo: -754.0min → 12059.0min total
2025-10-23 08:13:05,414 - INFO -      Distancia: -2.4km → 141.2km total
2025-10-23 08:13:11,054 - WARNING - ⚠️  DEGRADACIÓN DETECTADA en iter 24200:
2025-10-23 08:13:11,055 - WARNING -    Mejor fitness: 142.8
2025-10-23 08:13:11,055 - WARNING -    Fitness promedio reciente: 84.3
2025-10-23 08:13:11,055 - WARNING -    Degradación: 58.5
2025-10-23 08:13:11,055 - WARNING -    🔄 RESTAURANDO mejor solución...
2025-10-23 08:13:11,057 - DEBUG - Iter 24200: T=14.58, Fitness_actual=142.8, Mejor=142.8
2025-10-23 08:13:11,057 - INFO - 🌟 MEJORA #169 en iter 24200: Fitness=143.3 (+0.5), Puntos=16457
2025-10-23 08:13:19,001 - DEBUG - Iter 24300: T=14.56, Fitness_actual=79.4, Mejor=143.3
2025-10-23 08:13:20,436 - INFO - Iter 24318: Aceptada solución con delta=-10.6 (T=14.56)
2025-10-23 08:13:20,436 - INFO -   📊 Desglose del cambio:
2025-10-23 08:13:20,437 - INFO -      Puntos: -352 → 11875 total
2025-10-23 08:13:20,437 - INFO -      Tiempo: +1268.1min → 12421.0min total
2025-10-23 08:13:20,437 - INFO -      Distancia: +20.3km → 156.7km total
2025-10-23 08:13:23,144 - WARNING - ⚠️  DEGRADACIÓN DETECTADA en iter 24350:
2025-10-23 08:13:23,144 - WARNING -    Mejor fitness: 143.3
2025-10-23 08:13:23,145 - WARNING -    Fitness promedio reciente: 67.4
2025-10-23 08:13:23,145 - WARNING -    Degradación: 75.9
2025-10-23 08:13:23,145 - WARNING -    🔄 RESTAURANDO mejor solución...
2025-10-23 08:13:23,147 - INFO - 🌟 MEJORA #170 en iter 24350: Fitness=143.4 (+0.1), Puntos=16467
2025-10-23 08:13:23,147 - INFO -   ✨ Mejora #170 en iteración 24351: Fitness = 143.4 | Puntos = 16467 | T = 14.55
2025-10-23 08:13:23,307 - INFO - 🌟 MEJORA #171 en iter 24352: Fitness=143.5 (+0.1), Puntos=16481
2025-10-23 08:13:23,385 - INFO - 🌟 MEJORA #172 en iter 24353: Fitness=143.5 (+0.0), Puntos=16481
2025-10-23 08:13:23,464 - INFO - 🌟 MEJORA #173 en iter 24354: Fitness=143.5 (+0.0), Puntos=16481
2025-10-23 08:13:24,407 - INFO - Iter 24366: Aceptada solución con delta=-10.3 (T=14.54)
2025-10-23 08:13:24,407 - INFO -   📊 Desglose del cambio:
2025-10-23 08:13:24,408 - INFO -      Puntos: -832 → 15480 total
2025-10-23 08:13:24,408 - INFO -      Tiempo: -750.0min → 12489.9min total
2025-10-23 08:13:24,408 - INFO -      Distancia: -3.3km → 100.0km total
2025-10-23 08:13:27,112 - DEBUG - Iter 24400: T=14.54, Fitness_actual=107.9, Mejor=143.5
2025-10-23 08:13:27,830 - INFO - Iter 24409: Aceptada solución con delta=-11.5 (T=14.53)
2025-10-23 08:13:27,830 - INFO -   📊 Desglose del cambio:
2025-10-23 08:13:27,830 - INFO -      Puntos: -750 → 14582 total
2025-10-23 08:13:27,831 - INFO -      Tiempo: -669.5min → 11963.8min total
2025-10-23 08:13:27,831 - INFO -      Distancia: -3.3km → 114.1km total
2025-10-23 08:13:34,961 - INFO -   Iter 24500 | Tiempo:   25.8min (10.8%) | T =    14.51 | Fitness =    104.8 | Mejor =    143.5 | Aceptación =  95.8%
2025-10-23 08:13:34,962 - INFO - Progreso iter 24500: T=14.51, Fitness=104.8, Mejor=143.5, Tasa_acept=95.8%
2025-10-23 08:13:34,962 - WARNING - ⚠️  DEGRADACIÓN DETECTADA en iter 24500:
2025-10-23 08:13:34,963 - WARNING -    Mejor fitness: 143.5
2025-10-23 08:13:34,963 - WARNING -    Fitness promedio reciente: 105.4
2025-10-23 08:13:34,963 - WARNING -    Degradación: 38.1
2025-10-23 08:13:34,963 - WARNING -    🔄 RESTAURANDO mejor solución...
2025-10-23 08:13:34,965 - DEBUG - Iter 24500: T=14.51, Fitness_actual=143.5, Mejor=143.5
2025-10-23 08:13:38,913 - WARNING - ⚠️  DEGRADACIÓN DETECTADA en iter 24550:
2025-10-23 08:13:38,913 - WARNING -    Mejor fitness: 143.5
2025-10-23 08:13:38,914 - WARNING -    Fitness promedio reciente: 123.1
2025-10-23 08:13:38,914 - WARNING -    Degradación: 20.4
2025-10-23 08:13:38,915 - WARNING -    🔄 RESTAURANDO mejor solución...
2025-10-23 08:13:38,916 - INFO - 🌟 MEJORA #174 en iter 24550: Fitness=143.6 (+0.1), Puntos=16486
2025-10-23 08:13:42,854 - DEBUG - Iter 24600: T=14.49, Fitness_actual=118.7, Mejor=143.6
2025-10-23 08:13:50,894 - WARNING - ⚠️  DEGRADACIÓN DETECTADA en iter 24700:
2025-10-23 08:13:50,894 - WARNING -    Mejor fitness: 143.6
2025-10-23 08:13:50,895 - WARNING -    Fitness promedio reciente: 93.7
2025-10-23 08:13:50,895 - WARNING -    Degradación: 49.9
2025-10-23 08:13:50,896 - WARNING -    🔄 RESTAURANDO mejor solución...
2025-10-23 08:13:50,897 - DEBUG - Iter 24700: T=14.46, Fitness_actual=143.6, Mejor=143.6
2025-10-23 08:13:54,855 - WARNING - ⚠️  DEGRADACIÓN DETECTADA en iter 24750:
2025-10-23 08:13:54,856 - WARNING -    Mejor fitness: 143.6
2025-10-23 08:13:54,856 - WARNING -    Fitness promedio reciente: 122.9
2025-10-23 08:13:54,857 - WARNING -    Degradación: 20.6
2025-10-23 08:13:54,857 - WARNING -    🔄 RESTAURANDO mejor solución...
2025-10-23 08:13:58,835 - WARNING - ⚠️  DEGRADACIÓN DETECTADA en iter 24800:
2025-10-23 08:13:58,835 - WARNING -    Mejor fitness: 143.6
2025-10-23 08:13:58,836 - WARNING -    Fitness promedio reciente: 122.9
2025-10-23 08:13:58,836 - WARNING -    Degradación: 20.7
2025-10-23 08:13:58,836 - WARNING -    🔄 RESTAURANDO mejor solución...
2025-10-23 08:13:58,838 - DEBUG - Iter 24800: T=14.44, Fitness_actual=143.6, Mejor=143.6
2025-10-23 08:14:02,826 - WARNING - ⚠️  DEGRADACIÓN DETECTADA en iter 24850:
2025-10-23 08:14:02,826 - WARNING -    Mejor fitness: 143.6
2025-10-23 08:14:02,827 - WARNING -    Fitness promedio reciente: 120.2
2025-10-23 08:14:02,828 - WARNING -    Degradación: 23.4
2025-10-23 08:14:02,828 - WARNING -    🔄 RESTAURANDO mejor solución...
2025-10-23 08:14:06,160 - INFO - Iter 24892: Aceptada solución con delta=-13.5 (T=14.42)
2025-10-23 08:14:06,160 - INFO -   📊 Desglose del cambio:
2025-10-23 08:14:06,161 - INFO -      Puntos: +0 → 16188 total
2025-10-23 08:14:06,161 - INFO -      Tiempo: -121.5min → 13292.2min total
2025-10-23 08:14:06,161 - INFO -      Distancia: -0.1km → 115.6km total
2025-10-23 08:14:06,800 - DEBUG - Iter 24900: T=14.42, Fitness_actual=113.3, Mejor=143.6
2025-10-23 08:14:10,812 - WARNING - ⚠️  DEGRADACIÓN DETECTADA en iter 24950:
2025-10-23 08:14:10,812 - WARNING -    Mejor fitness: 143.6
2025-10-23 08:14:10,813 - WARNING -    Fitness promedio reciente: 109.0
2025-10-23 08:14:10,813 - WARNING -    Degradación: 34.5
2025-10-23 08:14:10,815 - WARNING -    🔄 RESTAURANDO mejor solución...
2025-10-23 08:14:12,980 - INFO - Iter 24977: Aceptada solución con delta=-10.5 (T=14.40)
2025-10-23 08:14:12,980 - INFO -   📊 Desglose del cambio:
2025-10-23 08:14:12,981 - INFO -      Puntos: -1 → 14490 total
2025-10-23 08:14:12,981 - INFO -      Tiempo: +467.4min → 13827.7min total
2025-10-23 08:14:12,981 - INFO -      Distancia: +1.0km → 148.1km total
2025-10-23 08:14:14,837 - INFO -   Iter 25000 | Tiempo:   26.5min (11.0%) | T =    14.39 | Fitness =     97.3 | Mejor =    143.6 | Aceptación =  95.8%
2025-10-23 08:14:14,838 - INFO - Progreso iter 25000: T=14.39, Fitness=97.3, Mejor=143.6, Tasa_acept=95.8%
2025-10-23 08:14:14,838 - WARNING - ⚠️  DEGRADACIÓN DETECTADA en iter 25000:
2025-10-23 08:14:14,839 - WARNING -    Mejor fitness: 143.6
2025-10-23 08:14:14,839 - WARNING -    Fitness promedio reciente: 110.1
2025-10-23 08:14:14,839 - WARNING -    Degradación: 33.4
2025-10-23 08:14:14,840 - WARNING -    🔄 RESTAURANDO mejor solución...
2025-10-23 08:14:14,841 - DEBUG - Iter 25000: T=14.39, Fitness_actual=143.6, Mejor=143.6
2025-10-23 08:14:22,879 - WARNING - ⚠️  DEGRADACIÓN DETECTADA en iter 25100:
2025-10-23 08:14:22,880 - WARNING -    Mejor fitness: 143.6
2025-10-23 08:14:22,880 - WARNING -    Fitness promedio reciente: 106.0
2025-10-23 08:14:22,881 - WARNING -    Degradación: 37.6
2025-10-23 08:14:22,881 - WARNING -    🔄 RESTAURANDO mejor solución...
2025-10-23 08:14:22,882 - DEBUG - Iter 25100: T=14.37, Fitness_actual=143.6, Mejor=143.6
2025-10-23 08:14:30,884 - WARNING - ⚠️  DEGRADACIÓN DETECTADA en iter 25200:
2025-10-23 08:14:30,884 - WARNING -    Mejor fitness: 143.6
2025-10-23 08:14:30,885 - WARNING -    Fitness promedio reciente: 109.2
2025-10-23 08:14:30,885 - WARNING -    Degradación: 34.4
2025-10-23 08:14:30,885 - WARNING -    🔄 RESTAURANDO mejor solución...
2025-10-23 08:14:30,887 - DEBUG - Iter 25200: T=14.35, Fitness_actual=143.6, Mejor=143.6
2025-10-23 08:14:36,006 - INFO - Iter 25264: Aceptada solución con delta=-11.4 (T=14.33)
2025-10-23 08:14:36,006 - INFO -   📊 Desglose del cambio:
2025-10-23 08:14:36,007 - INFO -      Puntos: -791 → 15203 total
2025-10-23 08:14:36,007 - INFO -      Tiempo: -505.1min → 12622.4min total
2025-10-23 08:14:36,008 - INFO -      Distancia: -14.2km → 100.6km total
2025-10-23 08:14:38,910 - WARNING - ⚠️  DEGRADACIÓN DETECTADA en iter 25300:
2025-10-23 08:14:38,910 - WARNING -    Mejor fitness: 143.6
2025-10-23 08:14:38,911 - WARNING -    Fitness promedio reciente: 109.7
2025-10-23 08:14:38,911 - WARNING -    Degradación: 33.9
2025-10-23 08:14:38,911 - WARNING -    🔄 RESTAURANDO mejor solución...
2025-10-23 08:14:38,913 - DEBUG - Iter 25300: T=14.32, Fitness_actual=143.6, Mejor=143.6
2025-10-23 08:14:42,933 - WARNING - ⚠️  DEGRADACIÓN DETECTADA en iter 25350:
2025-10-23 08:14:42,933 - WARNING -    Mejor fitness: 143.6
2025-10-23 08:14:42,934 - WARNING -    Fitness promedio reciente: 120.2
2025-10-23 08:14:42,934 - WARNING -    Degradación: 23.3
2025-10-23 08:14:42,934 - WARNING -    🔄 RESTAURANDO mejor solución...
2025-10-23 08:14:42,936 - INFO - 🌟 MEJORA #175 en iter 25350: Fitness=143.6 (+0.1), Puntos=16491
2025-10-23 08:14:42,936 - INFO -   ✨ Mejora #175 en iteración 25351: Fitness = 143.6 | Puntos = 16491 | T = 14.31
2025-10-23 08:14:43,255 - INFO - 🌟 MEJORA #176 en iter 25354: Fitness=143.8 (+0.1), Puntos=16506
2025-10-23 08:14:43,333 - INFO - 🌟 MEJORA #177 en iter 25355: Fitness=143.8 (+0.0), Puntos=16506
2025-10-23 08:14:44,686 - INFO - Iter 25372: Aceptada solución con delta=-11.0 (T=14.30)
2025-10-23 08:14:44,687 - INFO -   📊 Desglose del cambio:
2025-10-23 08:14:44,688 - INFO -      Puntos: +0 → 16502 total
2025-10-23 08:14:44,688 - INFO -      Tiempo: -306.3min → 12708.1min total
2025-10-23 08:14:44,688 - INFO -      Distancia: -0.5km → 98.2km total
2025-10-23 08:14:46,943 - DEBUG - Iter 25400: T=14.30, Fitness_actual=112.5, Mejor=143.8
2025-10-23 08:14:54,977 - INFO -   Iter 25500 | Tiempo:   27.1min (11.3%) | T =    14.27 | Fitness =     78.2 | Mejor =    143.8 | Aceptación =  95.7%
2025-10-23 08:14:54,977 - INFO - Progreso iter 25500: T=14.27, Fitness=78.2, Mejor=143.8, Tasa_acept=95.7%
2025-10-23 08:14:54,978 - WARNING - ⚠️  DEGRADACIÓN DETECTADA en iter 25500:
2025-10-23 08:14:54,978 - WARNING -    Mejor fitness: 143.8
2025-10-23 08:14:54,978 - WARNING -    Fitness promedio reciente: 87.3
2025-10-23 08:14:54,979 - WARNING -    Degradación: 56.5
2025-10-23 08:14:54,979 - WARNING -    🔄 RESTAURANDO mejor solución...
2025-10-23 08:14:54,980 - DEBUG - Iter 25500: T=14.27, Fitness_actual=143.8, Mejor=143.8
2025-10-23 08:14:55,060 - INFO - 🌟 MEJORA #178 en iter 25501: Fitness=143.8 (+0.0), Puntos=16506
2025-10-23 08:14:55,142 - INFO - 🌟 MEJORA #179 en iter 25502: Fitness=144.8 (+1.0), Puntos=16508
2025-10-23 08:15:03,046 - DEBUG - Iter 25600: T=14.25, Fitness_actual=105.4, Mejor=144.8
2025-10-23 08:15:07,256 - WARNING - ⚠️  DEGRADACIÓN DETECTADA en iter 25650:
2025-10-23 08:15:07,256 - WARNING -    Mejor fitness: 144.8
2025-10-23 08:15:07,257 - WARNING -    Fitness promedio reciente: 103.4
2025-10-23 08:15:07,257 - WARNING -    Degradación: 41.4
2025-10-23 08:15:07,257 - WARNING -    🔄 RESTAURANDO mejor solución...
2025-10-23 08:15:11,263 - DEBUG - Iter 25700: T=14.23, Fitness_actual=121.9, Mejor=144.8
2025-10-23 08:15:15,296 - WARNING - ⚠️  DEGRADACIÓN DETECTADA en iter 25750:
2025-10-23 08:15:15,296 - WARNING -    Mejor fitness: 144.8
2025-10-23 08:15:15,297 - WARNING -    Fitness promedio reciente: 115.5
2025-10-23 08:15:15,297 - WARNING -    Degradación: 29.3
2025-10-23 08:15:15,297 - WARNING -    🔄 RESTAURANDO mejor solución...
2025-10-23 08:15:19,401 - DEBUG - Iter 25800: T=14.20, Fitness_actual=110.1, Mejor=144.8
2025-10-23 08:15:20,319 - INFO - Iter 25811: Aceptada solución con delta=-11.0 (T=14.20)
2025-10-23 08:15:20,320 - INFO -   📊 Desglose del cambio:
2025-10-23 08:15:20,320 - INFO -      Puntos: -4 → 14795 total
2025-10-23 08:15:20,320 - INFO -      Tiempo: +879.1min → 14866.4min total
2025-10-23 08:15:20,321 - INFO -      Distancia: +2.7km → 127.8km total
2025-10-23 08:15:23,645 - WARNING - ⚠️  DEGRADACIÓN DETECTADA en iter 25850:
2025-10-23 08:15:23,646 - WARNING -    Mejor fitness: 144.8
2025-10-23 08:15:23,646 - WARNING -    Fitness promedio reciente: 97.3
2025-10-23 08:15:23,647 - WARNING -    Degradación: 47.5
2025-10-23 08:15:23,647 - WARNING -    🔄 RESTAURANDO mejor solución...
2025-10-23 08:15:27,712 - DEBUG - Iter 25900: T=14.18, Fitness_actual=111.8, Mejor=144.8
2025-10-23 08:15:30,179 - INFO - Iter 25930: Aceptada solución con delta=-14.7 (T=14.17)
2025-10-23 08:15:30,179 - INFO -   📊 Desglose del cambio:
2025-10-23 08:15:30,180 - INFO -      Puntos: -434 → 14998 total
2025-10-23 08:15:30,180 - INFO -      Tiempo: +686.7min → 13587.8min total
2025-10-23 08:15:30,181 - INFO -      Distancia: +76.0km → 186.9km total
2025-10-23 08:15:31,809 - WARNING - ⚠️  DEGRADACIÓN DETECTADA en iter 25950:
2025-10-23 08:15:31,810 - WARNING -    Mejor fitness: 144.8
2025-10-23 08:15:31,810 - WARNING -    Fitness promedio reciente: 103.0
2025-10-23 08:15:31,810 - WARNING -    Degradación: 41.7
2025-10-23 08:15:31,811 - WARNING -    🔄 RESTAURANDO mejor solución...
2025-10-23 08:15:35,850 - INFO -   Iter 26000 | Tiempo:   27.8min (11.6%) | T =    14.15 | Fitness =    121.7 | Mejor =    144.8 | Aceptación =  95.7%
2025-10-23 08:15:35,850 - INFO - Progreso iter 26000: T=14.15, Fitness=121.7, Mejor=144.8, Tasa_acept=95.7%
2025-10-23 08:15:35,852 - DEBUG - Iter 26000: T=14.15, Fitness_actual=121.7, Mejor=144.8
2025-10-23 08:15:39,925 - WARNING - ⚠️  DEGRADACIÓN DETECTADA en iter 26050:
2025-10-23 08:15:39,926 - WARNING -    Mejor fitness: 144.8
2025-10-23 08:15:39,926 - WARNING -    Fitness promedio reciente: 114.0
2025-10-23 08:15:39,926 - WARNING -    Degradación: 30.8
2025-10-23 08:15:39,927 - WARNING -    🔄 RESTAURANDO mejor solución...
2025-10-23 08:15:39,929 - INFO - 🌟 MEJORA #180 en iter 26050: Fitness=144.8 (+0.0), Puntos=16508
2025-10-23 08:15:39,929 - INFO -   ✨ Mejora #180 en iteración 26051: Fitness = 144.8 | Puntos = 16508 | T = 14.14
2025-10-23 08:15:40,092 - INFO - 🌟 MEJORA #181 en iter 26052: Fitness=144.8 (+0.0), Puntos=16511
2025-10-23 08:15:40,174 - INFO - 🌟 MEJORA #182 en iter 26053: Fitness=144.8 (+0.0), Puntos=16513
2025-10-23 08:15:40,579 - INFO - 🌟 MEJORA #183 en iter 26058: Fitness=144.8 (+0.0), Puntos=16513
2025-10-23 08:15:40,659 - INFO - 🌟 MEJORA #184 en iter 26059: Fitness=144.8 (+0.0), Puntos=16513
2025-10-23 08:15:40,745 - INFO - Iter 26060: Aceptada solución con delta=-12.5 (T=14.14)
2025-10-23 08:15:40,745 - INFO -   📊 Desglose del cambio:
2025-10-23 08:15:40,746 - INFO -      Puntos: +0 → 16513 total
2025-10-23 08:15:40,746 - INFO -      Tiempo: +435.8min → 13562.0min total
2025-10-23 08:15:40,747 - INFO -      Distancia: -3.7km → 93.1km total
2025-10-23 08:15:43,986 - DEBUG - Iter 26100: T=14.13, Fitness_actual=126.1, Mejor=144.8
2025-10-23 08:15:52,137 - WARNING - ⚠️  DEGRADACIÓN DETECTADA en iter 26200:
2025-10-23 08:15:52,137 - WARNING -    Mejor fitness: 144.8
2025-10-23 08:15:52,138 - WARNING -    Fitness promedio reciente: 105.2
2025-10-23 08:15:52,138 - WARNING -    Degradación: 39.6
2025-10-23 08:15:52,138 - WARNING -    🔄 RESTAURANDO mejor solución...
2025-10-23 08:15:52,140 - DEBUG - Iter 26200: T=14.11, Fitness_actual=144.8, Mejor=144.8
2025-10-23 08:16:00,433 - WARNING - ⚠️  DEGRADACIÓN DETECTADA en iter 26300:
2025-10-23 08:16:00,434 - WARNING -    Mejor fitness: 144.8
2025-10-23 08:16:00,434 - WARNING -    Fitness promedio reciente: 124.6
2025-10-23 08:16:00,435 - WARNING -    Degradación: 20.3
2025-10-23 08:16:00,435 - WARNING -    🔄 RESTAURANDO mejor solución...
2025-10-23 08:16:00,436 - DEBUG - Iter 26300: T=14.08, Fitness_actual=144.8, Mejor=144.8
2025-10-23 08:16:00,436 - INFO - 🌟 MEJORA #185 en iter 26300: Fitness=144.8 (+0.0), Puntos=16513
2025-10-23 08:16:00,437 - INFO -   ✨ Mejora #185 en iteración 26301: Fitness = 144.8 | Puntos = 16513 | T = 14.08
2025-10-23 08:16:00,518 - INFO - 🌟 MEJORA #186 en iter 26301: Fitness=144.8 (+0.0), Puntos=16513
2025-10-23 08:16:08,673 - DEBUG - Iter 26400: T=14.06, Fitness_actual=109.5, Mejor=144.8
2025-10-23 08:16:12,803 - WARNING - ⚠️  DEGRADACIÓN DETECTADA en iter 26450:
2025-10-23 08:16:12,803 - WARNING -    Mejor fitness: 144.8
2025-10-23 08:16:12,804 - WARNING -    Fitness promedio reciente: 103.2
2025-10-23 08:16:12,804 - WARNING -    Degradación: 41.6
2025-10-23 08:16:12,804 - WARNING -    🔄 RESTAURANDO mejor solución...
2025-10-23 08:16:16,895 - INFO -   Iter 26500 | Tiempo:   28.5min (11.9%) | T =    14.03 | Fitness =    110.2 | Mejor =    144.8 | Aceptación =  95.7%
2025-10-23 08:16:16,895 - INFO - Progreso iter 26500: T=14.03, Fitness=110.2, Mejor=144.8, Tasa_acept=95.7%
2025-10-23 08:16:16,897 - DEBUG - Iter 26500: T=14.03, Fitness_actual=110.2, Mejor=144.8
2025-10-23 08:16:20,994 - WARNING - ⚠️  DEGRADACIÓN DETECTADA en iter 26550:
2025-10-23 08:16:20,994 - WARNING -    Mejor fitness: 144.8
2025-10-23 08:16:20,995 - WARNING -    Fitness promedio reciente: 108.2
2025-10-23 08:16:20,995 - WARNING -    Degradación: 36.6
2025-10-23 08:16:20,995 - WARNING -    🔄 RESTAURANDO mejor solución...
2025-10-23 08:16:25,140 - WARNING - ⚠️  DEGRADACIÓN DETECTADA en iter 26600:
2025-10-23 08:16:25,140 - WARNING -    Mejor fitness: 144.8
2025-10-23 08:16:25,141 - WARNING -    Fitness promedio reciente: 121.9
2025-10-23 08:16:25,141 - WARNING -    Degradación: 22.9
2025-10-23 08:16:25,142 - WARNING -    🔄 RESTAURANDO mejor solución...
2025-10-23 08:16:25,143 - DEBUG - Iter 26600: T=14.01, Fitness_actual=144.8, Mejor=144.8
2025-10-23 08:16:33,401 - WARNING - ⚠️  DEGRADACIÓN DETECTADA en iter 26700:
2025-10-23 08:16:33,401 - WARNING -    Mejor fitness: 144.8
2025-10-23 08:16:33,401 - WARNING -    Fitness promedio reciente: 113.3
2025-10-23 08:16:33,402 - WARNING -    Degradación: 31.5
2025-10-23 08:16:33,402 - WARNING -    🔄 RESTAURANDO mejor solución...
2025-10-23 08:16:33,403 - DEBUG - Iter 26700: T=13.99, Fitness_actual=144.8, Mejor=144.8
2025-10-23 08:16:37,503 - WARNING - ⚠️  DEGRADACIÓN DETECTADA en iter 26750:
2025-10-23 08:16:37,503 - WARNING -    Mejor fitness: 144.8
2025-10-23 08:16:37,504 - WARNING -    Fitness promedio reciente: 122.2
2025-10-23 08:16:37,504 - WARNING -    Degradación: 22.7
2025-10-23 08:16:37,504 - WARNING -    🔄 RESTAURANDO mejor solución...
2025-10-23 08:16:37,507 - INFO - Iter 26750: Aceptada solución con delta=-10.0 (T=13.97)
2025-10-23 08:16:37,508 - INFO -   📊 Desglose del cambio:
2025-10-23 08:16:37,508 - INFO -      Puntos: +0 → 16513 total
2025-10-23 08:16:37,508 - INFO -      Tiempo: +193.6min → 13315.2min total
2025-10-23 08:16:37,508 - INFO -      Distancia: +1.1km → 97.5km total
2025-10-23 08:16:41,612 - DEBUG - Iter 26800: T=13.96, Fitness_actual=124.1, Mejor=144.8
2025-10-23 08:16:45,715 - WARNING - ⚠️  DEGRADACIÓN DETECTADA en iter 26850:
2025-10-23 08:16:45,716 - WARNING -    Mejor fitness: 144.8
2025-10-23 08:16:45,716 - WARNING -    Fitness promedio reciente: 118.9
2025-10-23 08:16:45,717 - WARNING -    Degradación: 25.9
2025-10-23 08:16:45,717 - WARNING -    🔄 RESTAURANDO mejor solución...
2025-10-23 08:16:49,846 - DEBUG - Iter 26900: T=13.94, Fitness_actual=124.6, Mejor=144.8
2025-10-23 08:16:53,993 - WARNING - ⚠️  DEGRADACIÓN DETECTADA en iter 26950:
2025-10-23 08:16:53,993 - WARNING -    Mejor fitness: 144.8
2025-10-23 08:16:53,994 - WARNING -    Fitness promedio reciente: 114.1
2025-10-23 08:16:53,994 - WARNING -    Degradación: 30.7
2025-10-23 08:16:53,994 - WARNING -    🔄 RESTAURANDO mejor solución...
2025-10-23 08:16:58,082 - INFO -   Iter 27000 | Tiempo:   29.2min (12.2%) | T =    13.92 | Fitness =    119.7 | Mejor =    144.8 | Aceptación =  95.7%
2025-10-23 08:16:58,082 - INFO - Progreso iter 27000: T=13.92, Fitness=119.7, Mejor=144.8, Tasa_acept=95.7%
2025-10-23 08:16:58,084 - DEBUG - Iter 27000: T=13.92, Fitness_actual=119.7, Mejor=144.8
2025-10-23 08:17:02,182 - WARNING - ⚠️  DEGRADACIÓN DETECTADA en iter 27050:
2025-10-23 08:17:02,182 - WARNING -    Mejor fitness: 144.8
2025-10-23 08:17:02,183 - WARNING -    Fitness promedio reciente: 106.4
2025-10-23 08:17:02,183 - WARNING -    Degradación: 38.5
2025-10-23 08:17:02,184 - WARNING -    🔄 RESTAURANDO mejor solución...
2025-10-23 08:17:06,375 - DEBUG - Iter 27100: T=13.89, Fitness_actual=122.7, Mejor=144.8
2025-10-23 08:17:10,500 - WARNING - ⚠️  DEGRADACIÓN DETECTADA en iter 27150:
2025-10-23 08:17:10,500 - WARNING -    Mejor fitness: 144.8
2025-10-23 08:17:10,501 - WARNING -    Fitness promedio reciente: 105.0
2025-10-23 08:17:10,502 - WARNING -    Degradación: 39.9
2025-10-23 08:17:10,502 - WARNING -    🔄 RESTAURANDO mejor solución...
2025-10-23 08:17:10,504 - INFO - 🌟 MEJORA #187 en iter 27150: Fitness=144.8 (+0.0), Puntos=16513
2025-10-23 08:17:14,612 - DEBUG - Iter 27200: T=13.87, Fitness_actual=117.0, Mejor=144.8
2025-10-23 08:17:23,041 - WARNING - ⚠️  DEGRADACIÓN DETECTADA en iter 27300:
2025-10-23 08:17:23,041 - WARNING -    Mejor fitness: 144.8
2025-10-23 08:17:23,042 - WARNING -    Fitness promedio reciente: 96.4
2025-10-23 08:17:23,042 - WARNING -    Degradación: 48.4
2025-10-23 08:17:23,043 - WARNING -    🔄 RESTAURANDO mejor solución...
2025-10-23 08:17:23,044 - DEBUG - Iter 27300: T=13.84, Fitness_actual=144.8, Mejor=144.8
2025-10-23 08:17:28,508 - INFO - Iter 27366: Aceptada solución con delta=-12.9 (T=13.83)
2025-10-23 08:17:28,508 - INFO -   📊 Desglose del cambio:
2025-10-23 08:17:28,509 - INFO -      Puntos: -539 → 14072 total
2025-10-23 08:17:28,509 - INFO -      Tiempo: +77.2min → 12421.8min total
2025-10-23 08:17:28,509 - INFO -      Distancia: +2.7km → 125.2km total
2025-10-23 08:17:31,353 - WARNING - ⚠️  DEGRADACIÓN DETECTADA en iter 27400:
2025-10-23 08:17:31,353 - WARNING -    Mejor fitness: 144.8
2025-10-23 08:17:31,354 - WARNING -    Fitness promedio reciente: 98.8
2025-10-23 08:17:31,354 - WARNING -    Degradación: 46.0
2025-10-23 08:17:31,354 - WARNING -    🔄 RESTAURANDO mejor solución...
2025-10-23 08:17:31,356 - DEBUG - Iter 27400: T=13.82, Fitness_actual=144.8, Mejor=144.8
2025-10-23 08:17:31,521 - INFO - 🌟 MEJORA #188 en iter 27402: Fitness=144.9 (+0.0), Puntos=16515
2025-10-23 08:17:39,647 - INFO -   Iter 27500 | Tiempo:   29.9min (12.5%) | T =    13.80 | Fitness =    121.2 | Mejor =    144.9 | Aceptación =  95.7%
2025-10-23 08:17:39,647 - INFO - Progreso iter 27500: T=13.80, Fitness=121.2, Mejor=144.9, Tasa_acept=95.7%
2025-10-23 08:17:39,650 - DEBUG - Iter 27500: T=13.80, Fitness_actual=121.2, Mejor=144.9
2025-10-23 08:17:43,805 - WARNING - ⚠️  DEGRADACIÓN DETECTADA en iter 27550:
2025-10-23 08:17:43,805 - WARNING -    Mejor fitness: 144.9
2025-10-23 08:17:43,806 - WARNING -    Fitness promedio reciente: 116.3
2025-10-23 08:17:43,806 - WARNING -    Degradación: 28.5
2025-10-23 08:17:43,807 - WARNING -    🔄 RESTAURANDO mejor solución...
2025-10-23 08:17:43,809 - WARNING - ================================================================================
2025-10-23 08:17:43,810 - WARNING - ⚠️  SALTO ANORMAL DETECTADO en iteración 27550
2025-10-23 08:17:43,810 - WARNING -    Fitness actual: 144.9
2025-10-23 08:17:43,810 - WARNING -    Fitness vecino: 112.2
2025-10-23 08:17:43,811 - WARNING -    Delta: -32.7
2025-10-23 08:17:43,811 - WARNING -    Temperatura: 13.78
2025-10-23 08:17:43,811 - WARNING -    Tipo perturbación aplicada: (ver generar_vecino)
2025-10-23 08:17:43,812 - WARNING -    Vecino - Puntos: 16295, Tiempo: 14628.6min, Distancia: 240.7km
2025-10-23 08:17:43,812 - WARNING -    Actual - Puntos: 16515, Tiempo: 13147.5min, Distancia: 98.5km
2025-10-23 08:17:43,812 - WARNING -    Validez restricciones - Vecino: False, Actual: False
2025-10-23 08:17:43,812 - WARNING - ================================================================================
2025-10-23 08:17:43,813 - WARNING - ⚠️  SALTO ANORMAL DETECTADO en iteración 27550
2025-10-23 08:17:43,813 - WARNING -    Fitness: 144.9 → 112.2 (Δ=-32.7)
2025-10-23 08:17:43,813 - WARNING -    Ver detalles en archivo de log
2025-10-23 08:17:45,476 - INFO - Iter 27570: Aceptada solución con delta=-11.0 (T=13.78)
2025-10-23 08:17:45,476 - INFO -   📊 Desglose del cambio:
2025-10-23 08:17:45,477 - INFO -      Puntos: +0 → 16448 total
2025-10-23 08:17:45,477 - INFO -      Tiempo: +20.0min → 13051.2min total
2025-10-23 08:17:45,477 - INFO -      Distancia: +1.7km → 103.8km total
2025-10-23 08:17:47,979 - DEBUG - Iter 27600: T=13.77, Fitness_actual=122.0, Mejor=144.9
2025-10-23 08:17:52,174 - WARNING - ⚠️  DEGRADACIÓN DETECTADA en iter 27650:
2025-10-23 08:17:52,174 - WARNING -    Mejor fitness: 144.9
2025-10-23 08:17:52,175 - WARNING -    Fitness promedio reciente: 121.2
2025-10-23 08:17:52,175 - WARNING -    Degradación: 23.7
2025-10-23 08:17:52,176 - WARNING -    🔄 RESTAURANDO mejor solución...
2025-10-23 08:17:52,596 - INFO - Iter 27655: Aceptada solución con delta=-11.0 (T=13.76)
2025-10-23 08:17:52,597 - INFO -   📊 Desglose del cambio:
2025-10-23 08:17:52,597 - INFO -      Puntos: +0 → 16465 total
2025-10-23 08:17:52,598 - INFO -      Tiempo: +143.7min → 13192.5min total
2025-10-23 08:17:52,598 - INFO -      Distancia: -3.0km → 96.0km total
2025-10-23 08:17:56,372 - WARNING - ⚠️  DEGRADACIÓN DETECTADA en iter 27700:
2025-10-23 08:17:56,372 - WARNING -    Mejor fitness: 144.9
2025-10-23 08:17:56,373 - WARNING -    Fitness promedio reciente: 124.7
2025-10-23 08:17:56,373 - WARNING -    Degradación: 20.2
2025-10-23 08:17:56,374 - WARNING -    🔄 RESTAURANDO mejor solución...
2025-10-23 08:17:56,377 - DEBUG - Iter 27700: T=13.75, Fitness_actual=144.9, Mejor=144.9
2025-10-23 08:18:00,536 - WARNING - ⚠️  DEGRADACIÓN DETECTADA en iter 27750:
2025-10-23 08:18:00,536 - WARNING -    Mejor fitness: 144.9
2025-10-23 08:18:00,537 - WARNING -    Fitness promedio reciente: 117.0
2025-10-23 08:18:00,537 - WARNING -    Degradación: 27.9
2025-10-23 08:18:00,537 - WARNING -    🔄 RESTAURANDO mejor solución...
2025-10-23 08:18:04,700 - DEBUG - Iter 27800: T=13.72, Fitness_actual=118.4, Mejor=144.9
2025-10-23 08:18:08,883 - WARNING - ⚠️  DEGRADACIÓN DETECTADA en iter 27850:
2025-10-23 08:18:08,883 - WARNING -    Mejor fitness: 144.9
2025-10-23 08:18:08,884 - WARNING -    Fitness promedio reciente: 112.2
2025-10-23 08:18:08,884 - WARNING -    Degradación: 32.6
2025-10-23 08:18:08,885 - WARNING -    🔄 RESTAURANDO mejor solución...
2025-10-23 08:18:08,886 - INFO - 🌟 MEJORA #189 en iter 27850: Fitness=145.0 (+0.2), Puntos=16531
2025-10-23 08:18:08,971 - INFO - 🌟 MEJORA #190 en iter 27851: Fitness=145.0 (+0.0), Puntos=16531
2025-10-23 08:18:08,971 - INFO -   ✨ Mejora #190 en iteración 27852: Fitness = 145.0 | Puntos = 16531 | T = 13.71
2025-10-23 08:18:09,389 - INFO - Iter 27856: Aceptada solución con delta=-11.0 (T=13.71)
2025-10-23 08:18:09,390 - INFO -   📊 Desglose del cambio:
2025-10-23 08:18:09,390 - INFO -      Puntos: +0 → 16161 total
2025-10-23 08:18:09,391 - INFO -      Tiempo: -240.0min → 13492.6min total
2025-10-23 08:18:09,391 - INFO -      Distancia: +0.0km → 104.8km total
2025-10-23 08:18:13,075 - DEBUG - Iter 27900: T=13.70, Fitness_actual=116.1, Mejor=145.0
2025-10-23 08:18:21,476 - INFO -   Iter 28000 | Tiempo:   30.6min (12.7%) | T =    13.68 | Fitness =     97.8 | Mejor =    145.0 | Aceptación =  95.7%
2025-10-23 08:18:21,476 - INFO - Progreso iter 28000: T=13.68, Fitness=97.8, Mejor=145.0, Tasa_acept=95.7%
2025-10-23 08:18:21,477 - WARNING - ⚠️  DEGRADACIÓN DETECTADA en iter 28000:
2025-10-23 08:18:21,477 - WARNING -    Mejor fitness: 145.0
2025-10-23 08:18:21,478 - WARNING -    Fitness promedio reciente: 96.6
2025-10-23 08:18:21,478 - WARNING -    Degradación: 48.4
2025-10-23 08:18:21,478 - WARNING -    🔄 RESTAURANDO mejor solución...
2025-10-23 08:18:21,479 - DEBUG - Iter 28000: T=13.68, Fitness_actual=145.0, Mejor=145.0
2025-10-23 08:18:22,065 - INFO - Iter 28007: Aceptada solución con delta=-11.0 (T=13.68)
2025-10-23 08:18:22,065 - INFO -   📊 Desglose del cambio:
2025-10-23 08:18:22,066 - INFO -      Puntos: +0 → 16195 total
2025-10-23 08:18:22,066 - INFO -      Tiempo: -179.6min → 12708.0min total
2025-10-23 08:18:22,066 - INFO -      Distancia: +0.0km → 97.3km total
2025-10-23 08:18:29,888 - WARNING - ⚠️  DEGRADACIÓN DETECTADA en iter 28100:
2025-10-23 08:18:29,888 - WARNING -    Mejor fitness: 145.0
2025-10-23 08:18:29,889 - WARNING -    Fitness promedio reciente: 116.6
2025-10-23 08:18:29,889 - WARNING -    Degradación: 28.4
2025-10-23 08:18:29,889 - WARNING -    🔄 RESTAURANDO mejor solución...
2025-10-23 08:18:29,892 - DEBUG - Iter 28100: T=13.65, Fitness_actual=145.0, Mejor=145.0
2025-10-23 08:18:30,818 - INFO - Iter 28111: Aceptada solución con delta=-11.5 (T=13.65)
2025-10-23 08:18:30,819 - INFO -   📊 Desglose del cambio:
2025-10-23 08:18:30,819 - INFO -      Puntos: +0 → 16510 total
2025-10-23 08:18:30,820 - INFO -      Tiempo: +434.0min → 13330.0min total
2025-10-23 08:18:30,820 - INFO -      Distancia: -3.8km → 92.1km total
2025-10-23 08:18:31,072 - INFO - Iter 28114: Aceptada solución con delta=-11.0 (T=13.65)
2025-10-23 08:18:31,072 - INFO -   📊 Desglose del cambio:
2025-10-23 08:18:31,073 - INFO -      Puntos: +0 → 16499 total
2025-10-23 08:18:31,073 - INFO -      Tiempo: +30.4min → 13037.0min total
2025-10-23 08:18:31,073 - INFO -      Distancia: +0.0km → 90.6km total
2025-10-23 08:18:33,111 - INFO - Iter 28138: Aceptada solución con delta=-15.7 (T=13.64)
2025-10-23 08:18:33,112 - INFO -   📊 Desglose del cambio:
2025-10-23 08:18:33,112 - INFO -      Puntos: -778 → 15680 total
2025-10-23 08:18:33,112 - INFO -      Tiempo: +406.6min → 13050.0min total
2025-10-23 08:18:33,113 - INFO -      Distancia: -13.2km → 79.6km total
2025-10-23 08:18:38,390 - WARNING - ⚠️  DEGRADACIÓN DETECTADA en iter 28200:
2025-10-23 08:18:38,390 - WARNING -    Mejor fitness: 145.0
2025-10-23 08:18:38,391 - WARNING -    Fitness promedio reciente: 107.4
2025-10-23 08:18:38,391 - WARNING -    Degradación: 37.7
2025-10-23 08:18:38,392 - WARNING -    🔄 RESTAURANDO mejor solución...
2025-10-23 08:18:38,393 - DEBUG - Iter 28200: T=13.63, Fitness_actual=145.0, Mejor=145.0
2025-10-23 08:18:42,611 - WARNING - ⚠️  DEGRADACIÓN DETECTADA en iter 28250:
2025-10-23 08:18:42,611 - WARNING -    Mejor fitness: 145.0
2025-10-23 08:18:42,612 - WARNING -    Fitness promedio reciente: 120.9
2025-10-23 08:18:42,612 - WARNING -    Degradación: 24.2
2025-10-23 08:18:42,613 - WARNING -    🔄 RESTAURANDO mejor solución...
2025-10-23 08:18:42,783 - INFO - 🌟 MEJORA #191 en iter 28252: Fitness=145.0 (+0.0), Puntos=16531
2025-10-23 08:18:46,822 - DEBUG - Iter 28300: T=13.61, Fitness_actual=120.0, Mejor=145.0
2025-10-23 08:18:55,381 - WARNING - ⚠️  DEGRADACIÓN DETECTADA en iter 28400:
2025-10-23 08:18:55,381 - WARNING -    Mejor fitness: 145.0
2025-10-23 08:18:55,382 - WARNING -    Fitness promedio reciente: 80.0
2025-10-23 08:18:55,382 - WARNING -    Degradación: 65.0
2025-10-23 08:18:55,382 - WARNING -    🔄 RESTAURANDO mejor solución...
2025-10-23 08:18:55,385 - DEBUG - Iter 28400: T=13.58, Fitness_actual=145.0, Mejor=145.0
2025-10-23 08:18:59,610 - WARNING - ⚠️  DEGRADACIÓN DETECTADA en iter 28450:
2025-10-23 08:18:59,610 - WARNING -    Mejor fitness: 145.0
2025-10-23 08:18:59,611 - WARNING -    Fitness promedio reciente: 121.9
2025-10-23 08:18:59,611 - WARNING -    Degradación: 23.1
2025-10-23 08:18:59,611 - WARNING -    🔄 RESTAURANDO mejor solución...
2025-10-23 08:18:59,613 - INFO - 🌟 MEJORA #192 en iter 28450: Fitness=145.0 (+0.0), Puntos=16531
2025-10-23 08:19:03,832 - INFO -   Iter 28500 | Tiempo:   31.3min (13.0%) | T =    13.56 | Fitness =    102.3 | Mejor =    145.0 | Aceptación =  95.6%
2025-10-23 08:19:03,832 - INFO - Progreso iter 28500: T=13.56, Fitness=102.3, Mejor=145.0, Tasa_acept=95.6%
2025-10-23 08:19:03,834 - DEBUG - Iter 28500: T=13.56, Fitness_actual=102.3, Mejor=145.0
2025-10-23 08:19:12,401 - WARNING - ⚠️  DEGRADACIÓN DETECTADA en iter 28600:
2025-10-23 08:19:12,401 - WARNING -    Mejor fitness: 145.0
2025-10-23 08:19:12,402 - WARNING -    Fitness promedio reciente: 72.6
2025-10-23 08:19:12,402 - WARNING -    Degradación: 72.4
2025-10-23 08:19:12,402 - WARNING -    🔄 RESTAURANDO mejor solución...
2025-10-23 08:19:12,404 - DEBUG - Iter 28600: T=13.53, Fitness_actual=145.0, Mejor=145.0
2025-10-23 08:19:16,711 - WARNING - ⚠️  DEGRADACIÓN DETECTADA en iter 28650:
2025-10-23 08:19:16,711 - WARNING -    Mejor fitness: 145.0
2025-10-23 08:19:16,712 - WARNING -    Fitness promedio reciente: 119.0
2025-10-23 08:19:16,713 - WARNING -    Degradación: 26.0
2025-10-23 08:19:16,713 - WARNING -    🔄 RESTAURANDO mejor solución...
2025-10-23 08:19:16,714 - INFO - 🌟 MEJORA #193 en iter 28650: Fitness=145.0 (+0.0), Puntos=16534
2025-10-23 08:19:16,801 - INFO - 🌟 MEJORA #194 en iter 28651: Fitness=145.1 (+0.0), Puntos=16535
2025-10-23 08:19:19,021 - INFO - Iter 28677: Aceptada solución con delta=-11.0 (T=13.52)
2025-10-23 08:19:19,021 - INFO -   📊 Desglose del cambio:
2025-10-23 08:19:19,022 - INFO -      Puntos: +0 → 16270 total
2025-10-23 08:19:19,022 - INFO -      Tiempo: -120.0min → 13427.7min total
2025-10-23 08:19:19,023 - INFO -      Distancia: +0.0km → 111.9km total
2025-10-23 08:19:20,990 - DEBUG - Iter 28700: T=13.51, Fitness_actual=121.5, Mejor=145.1
2025-10-23 08:19:29,601 - WARNING - ⚠️  DEGRADACIÓN DETECTADA en iter 28800:
2025-10-23 08:19:29,602 - WARNING -    Mejor fitness: 145.1
2025-10-23 08:19:29,602 - WARNING -    Fitness promedio reciente: 101.9
2025-10-23 08:19:29,603 - WARNING -    Degradación: 43.1
2025-10-23 08:19:29,603 - WARNING -    🔄 RESTAURANDO mejor solución...
2025-10-23 08:19:29,604 - DEBUG - Iter 28800: T=13.49, Fitness_actual=145.1, Mejor=145.1
2025-10-23 08:19:33,925 - WARNING - ⚠️  DEGRADACIÓN DETECTADA en iter 28850:
2025-10-23 08:19:33,925 - WARNING -    Mejor fitness: 145.1
2025-10-23 08:19:33,926 - WARNING -    Fitness promedio reciente: 121.4
2025-10-23 08:19:33,926 - WARNING -    Degradación: 23.7
2025-10-23 08:19:33,926 - WARNING -    🔄 RESTAURANDO mejor solución...
2025-10-23 08:19:38,249 - WARNING - ⚠️  DEGRADACIÓN DETECTADA en iter 28900:
2025-10-23 08:19:38,249 - WARNING -    Mejor fitness: 145.1
2025-10-23 08:19:38,250 - WARNING -    Fitness promedio reciente: 122.8
2025-10-23 08:19:38,250 - WARNING -    Degradación: 22.2
2025-10-23 08:19:38,251 - WARNING -    🔄 RESTAURANDO mejor solución...
2025-10-23 08:19:38,252 - DEBUG - Iter 28900: T=13.46, Fitness_actual=145.1, Mejor=145.1
2025-10-23 08:19:42,921 - INFO - Iter 28954: Aceptada solución con delta=-10.4 (T=13.45)
2025-10-23 08:19:42,921 - INFO -   📊 Desglose del cambio:
2025-10-23 08:19:42,922 - INFO -      Puntos: -738 → 14409 total
2025-10-23 08:19:42,922 - INFO -      Tiempo: -346.4min → 11734.6min total
2025-10-23 08:19:42,923 - INFO -      Distancia: -3.4km → 114.1km total
2025-10-23 08:19:46,990 - INFO -   Iter 29000 | Tiempo:   32.0min (13.3%) | T =    13.44 | Fitness =     72.3 | Mejor =    145.1 | Aceptación =  95.6%
2025-10-23 08:19:46,991 - INFO - Progreso iter 29000: T=13.44, Fitness=72.3, Mejor=145.1, Tasa_acept=95.6%
2025-10-23 08:19:46,991 - WARNING - ⚠️  DEGRADACIÓN DETECTADA en iter 29000:
2025-10-23 08:19:46,991 - WARNING -    Mejor fitness: 145.1
2025-10-23 08:19:46,992 - WARNING -    Fitness promedio reciente: 86.1
2025-10-23 08:19:46,992 - WARNING -    Degradación: 59.0
2025-10-23 08:19:46,992 - WARNING -    🔄 RESTAURANDO mejor solución...
2025-10-23 08:19:46,993 - DEBUG - Iter 29000: T=13.44, Fitness_actual=145.1, Mejor=145.1
2025-10-23 08:19:46,994 - INFO - 🌟 MEJORA #195 en iter 29000: Fitness=146.1 (+1.0), Puntos=16535
2025-10-23 08:19:46,994 - INFO -   ✨ Mejora #195 en iteración 29001: Fitness = 146.1 | Puntos = 16535 | T = 13.44
2025-10-23 08:19:47,080 - INFO - 🌟 MEJORA #196 en iter 29001: Fitness=146.1 (+0.0), Puntos=16535
2025-10-23 08:19:47,256 - INFO - Iter 29003: Aceptada solución con delta=-10.0 (T=13.44)
2025-10-23 08:19:47,256 - INFO -   📊 Desglose del cambio:
2025-10-23 08:19:47,257 - INFO -      Puntos: -497 → 16030 total
2025-10-23 08:19:47,257 - INFO -      Tiempo: +340.1min → 13480.9min total
2025-10-23 08:19:47,258 - INFO -      Distancia: +18.8km → 116.3km total
2025-10-23 08:19:51,585 - INFO - Iter 29053: Aceptada solución con delta=-11.3 (T=13.42)
2025-10-23 08:19:51,586 - INFO -   📊 Desglose del cambio:
2025-10-23 08:19:51,586 - INFO -      Puntos: -834 → 14975 total
2025-10-23 08:19:51,587 - INFO -      Tiempo: -693.6min → 13040.7min total
2025-10-23 08:19:51,587 - INFO -      Distancia: -6.5km → 128.4km total
2025-10-23 08:19:55,631 - DEBUG - Iter 29100: T=13.41, Fitness_actual=78.6, Mejor=146.1
2025-10-23 08:19:59,957 - WARNING - ⚠️  DEGRADACIÓN DETECTADA en iter 29150:
2025-10-23 08:19:59,958 - WARNING -    Mejor fitness: 146.1
2025-10-23 08:19:59,958 - WARNING -    Fitness promedio reciente: 75.2
2025-10-23 08:19:59,958 - WARNING -    Degradación: 70.8
2025-10-23 08:19:59,959 - WARNING -    🔄 RESTAURANDO mejor solución...
2025-10-23 08:20:02,810 - INFO - Iter 29183: Aceptada solución con delta=-12.5 (T=13.39)
2025-10-23 08:20:02,810 - INFO -   📊 Desglose del cambio:
2025-10-23 08:20:02,810 - INFO -      Puntos: +0 → 16198 total
2025-10-23 08:20:02,811 - INFO -      Tiempo: +385.2min → 13384.8min total
2025-10-23 08:20:02,811 - INFO -      Distancia: -0.4km → 111.6km total
2025-10-23 08:20:04,289 - DEBUG - Iter 29200: T=13.39, Fitness_actual=119.3, Mejor=146.1
2025-10-23 08:20:08,657 - WARNING - ⚠️  DEGRADACIÓN DETECTADA en iter 29250:
2025-10-23 08:20:08,657 - WARNING -    Mejor fitness: 146.1
2025-10-23 08:20:08,658 - WARNING -    Fitness promedio reciente: 110.7
2025-10-23 08:20:08,658 - WARNING -    Degradación: 35.3
2025-10-23 08:20:08,659 - WARNING -    🔄 RESTAURANDO mejor solución...
2025-10-23 08:20:10,138 - INFO - Iter 29267: Aceptada solución con delta=-11.8 (T=13.37)
2025-10-23 08:20:10,138 - INFO -   📊 Desglose del cambio:
2025-10-23 08:20:10,139 - INFO -      Puntos: -782 → 15720 total
2025-10-23 08:20:10,139 - INFO -      Tiempo: -668.6min → 12431.7min total
2025-10-23 08:20:10,139 - INFO -      Distancia: -12.8km → 90.6km total
2025-10-23 08:20:13,031 - WARNING - ⚠️  DEGRADACIÓN DETECTADA en iter 29300:
2025-10-23 08:20:13,031 - WARNING -    Mejor fitness: 146.1
2025-10-23 08:20:13,032 - WARNING -    Fitness promedio reciente: 121.8
2025-10-23 08:20:13,032 - WARNING -    Degradación: 24.3
2025-10-23 08:20:13,032 - WARNING -    🔄 RESTAURANDO mejor solución...
2025-10-23 08:20:13,033 - DEBUG - Iter 29300: T=13.37, Fitness_actual=146.1, Mejor=146.1
2025-10-23 08:20:13,208 - INFO - 🌟 MEJORA #197 en iter 29302: Fitness=146.2 (+0.1), Puntos=16545
2025-10-23 08:20:18,613 - INFO - Iter 29364: Aceptada solución con delta=-12.5 (T=13.35)
2025-10-23 08:20:18,614 - INFO -   📊 Desglose del cambio:
2025-10-23 08:20:18,614 - INFO -      Puntos: +0 → 14625 total
2025-10-23 08:20:18,615 - INFO -      Tiempo: -121.8min → 12081.0min total
2025-10-23 08:20:18,615 - INFO -      Distancia: -0.2km → 92.2km total
2025-10-23 08:20:21,773 - DEBUG - Iter 29400: T=13.34, Fitness_actual=94.8, Mejor=146.2
2025-10-23 08:20:26,148 - WARNING - ⚠️  DEGRADACIÓN DETECTADA en iter 29450:
2025-10-23 08:20:26,148 - WARNING -    Mejor fitness: 146.2
2025-10-23 08:20:26,149 - WARNING -    Fitness promedio reciente: 91.2
2025-10-23 08:20:26,150 - WARNING -    Degradación: 55.0
2025-10-23 08:20:26,150 - WARNING -    🔄 RESTAURANDO mejor solución...
2025-10-23 08:20:26,239 - INFO - 🌟 MEJORA #198 en iter 29451: Fitness=146.2 (+0.0), Puntos=16545
2025-10-23 08:20:26,326 - INFO - 🌟 MEJORA #199 en iter 29452: Fitness=146.2 (+0.0), Puntos=16550
2025-10-23 08:20:30,525 - INFO -   Iter 29500 | Tiempo:   32.7min (13.6%) | T =    13.32 | Fitness =    118.0 | Mejor =    146.2 | Aceptación =  95.6%
2025-10-23 08:20:30,525 - INFO - Progreso iter 29500: T=13.32, Fitness=118.0, Mejor=146.2, Tasa_acept=95.6%
2025-10-23 08:20:30,527 - DEBUG - Iter 29500: T=13.32, Fitness_actual=118.0, Mejor=146.2
2025-10-23 08:20:39,262 - WARNING - ⚠️  DEGRADACIÓN DETECTADA en iter 29600:
2025-10-23 08:20:39,262 - WARNING -    Mejor fitness: 146.2
2025-10-23 08:20:39,263 - WARNING -    Fitness promedio reciente: 88.7
2025-10-23 08:20:39,263 - WARNING -    Degradación: 57.5
2025-10-23 08:20:39,263 - WARNING -    🔄 RESTAURANDO mejor solución...
2025-10-23 08:20:39,265 - DEBUG - Iter 29600: T=13.29, Fitness_actual=146.2, Mejor=146.2
2025-10-23 08:20:48,050 - WARNING - ⚠️  DEGRADACIÓN DETECTADA en iter 29700:
2025-10-23 08:20:48,051 - WARNING -    Mejor fitness: 146.2
2025-10-23 08:20:48,051 - WARNING -    Fitness promedio reciente: 109.9
2025-10-23 08:20:48,052 - WARNING -    Degradación: 36.3
2025-10-23 08:20:48,052 - WARNING -    🔄 RESTAURANDO mejor solución...
2025-10-23 08:20:48,053 - DEBUG - Iter 29700: T=13.27, Fitness_actual=146.2, Mejor=146.2
2025-10-23 08:20:52,457 - WARNING - ⚠️  DEGRADACIÓN DETECTADA en iter 29750:
2025-10-23 08:20:52,457 - WARNING -    Mejor fitness: 146.2
2025-10-23 08:20:52,458 - WARNING -    Fitness promedio reciente: 118.5
2025-10-23 08:20:52,458 - WARNING -    Degradación: 27.7
2025-10-23 08:20:52,458 - WARNING -    🔄 RESTAURANDO mejor solución...
2025-10-23 08:20:56,874 - DEBUG - Iter 29800: T=13.24, Fitness_actual=115.8, Mejor=146.2
2025-10-23 08:21:01,292 - WARNING - ⚠️  DEGRADACIÓN DETECTADA en iter 29850:
2025-10-23 08:21:01,292 - WARNING -    Mejor fitness: 146.2
2025-10-23 08:21:01,293 - WARNING -    Fitness promedio reciente: 107.2
2025-10-23 08:21:01,293 - WARNING -    Degradación: 39.1
2025-10-23 08:21:01,293 - WARNING -    🔄 RESTAURANDO mejor solución...
2025-10-23 08:21:05,715 - WARNING - ⚠️  DEGRADACIÓN DETECTADA en iter 29900:
2025-10-23 08:21:05,715 - WARNING -    Mejor fitness: 146.2
2025-10-23 08:21:05,716 - WARNING -    Fitness promedio reciente: 114.2
2025-10-23 08:21:05,716 - WARNING -    Degradación: 32.0
2025-10-23 08:21:05,717 - WARNING -    🔄 RESTAURANDO mejor solución...
2025-10-23 08:21:05,718 - DEBUG - Iter 29900: T=13.22, Fitness_actual=146.2, Mejor=146.2
2025-10-23 08:21:06,422 - INFO - Iter 29908: Aceptada solución con delta=-11.0 (T=13.22)
2025-10-23 08:21:06,422 - INFO -   📊 Desglose del cambio:
2025-10-23 08:21:06,423 - INFO -      Puntos: +0 → 16547 total
2025-10-23 08:21:06,424 - INFO -      Tiempo: +362.1min → 13448.1min total
2025-10-23 08:21:06,424 - INFO -      Distancia: +0.2km → 99.4km total
2025-10-23 08:21:14,621 - INFO -   Iter 30000 | Tiempo:   33.5min (13.9%) | T =    13.20 | Fitness =    111.8 | Mejor =    146.2 | Aceptación =  95.6%
2025-10-23 08:21:14,622 - INFO - Progreso iter 30000: T=13.20, Fitness=111.8, Mejor=146.2, Tasa_acept=95.6%
2025-10-23 08:21:14,622 - WARNING - ⚠️  DEGRADACIÓN DETECTADA en iter 30000:
2025-10-23 08:21:14,622 - WARNING -    Mejor fitness: 146.2
2025-10-23 08:21:14,622 - WARNING -    Fitness promedio reciente: 115.3
2025-10-23 08:21:14,623 - WARNING -    Degradación: 30.9
2025-10-23 08:21:14,623 - WARNING -    🔄 RESTAURANDO mejor solución...
2025-10-23 08:21:14,626 - DEBUG - Iter 30000: T=13.20, Fitness_actual=146.2, Mejor=146.2
2025-10-23 08:21:23,347 - WARNING - ================================================================================
2025-10-23 08:21:23,347 - WARNING - ⚠️  SALTO ANORMAL DETECTADO en iteración 30098
2025-10-23 08:21:23,348 - WARNING -    Fitness actual: 98.8
2025-10-23 08:21:23,348 - WARNING -    Fitness vecino: 76.2
2025-10-23 08:21:23,349 - WARNING -    Delta: -22.6
2025-10-23 08:21:23,349 - WARNING -    Temperatura: 13.17
2025-10-23 08:21:23,349 - WARNING -    Tipo perturbación aplicada: (ver generar_vecino)
2025-10-23 08:21:23,350 - WARNING -    Vecino - Puntos: 13987, Tiempo: 12940.1min, Distancia: 206.7km
2025-10-23 08:21:23,350 - WARNING -    Actual - Puntos: 13962, Tiempo: 11778.0min, Distancia: 122.7km
2025-10-23 08:21:23,350 - WARNING -    Validez restricciones - Vecino: False, Actual: False
2025-10-23 08:21:23,351 - WARNING - ================================================================================
2025-10-23 08:21:23,351 - WARNING - ⚠️  SALTO ANORMAL DETECTADO en iteración 30098
2025-10-23 08:21:23,351 - WARNING -    Fitness: 98.8 → 76.2 (Δ=-22.6)
2025-10-23 08:21:23,351 - WARNING -    Ver detalles en archivo de log
2025-10-23 08:21:23,526 - WARNING - ⚠️  DEGRADACIÓN DETECTADA en iter 30100:
2025-10-23 08:21:23,527 - WARNING -    Mejor fitness: 146.2
2025-10-23 08:21:23,527 - WARNING -    Fitness promedio reciente: 103.6
2025-10-23 08:21:23,528 - WARNING -    Degradación: 42.6
2025-10-23 08:21:23,528 - WARNING -    🔄 RESTAURANDO mejor solución...
2025-10-23 08:21:23,531 - DEBUG - Iter 30100: T=13.17, Fitness_actual=146.2, Mejor=146.2
2025-10-23 08:21:32,372 - WARNING - ⚠️  DEGRADACIÓN DETECTADA en iter 30200:
2025-10-23 08:21:32,372 - WARNING -    Mejor fitness: 146.2
2025-10-23 08:21:32,373 - WARNING -    Fitness promedio reciente: 106.3
2025-10-23 08:21:32,373 - WARNING -    Degradación: 39.9
2025-10-23 08:21:32,373 - WARNING -    🔄 RESTAURANDO mejor solución...
2025-10-23 08:21:32,375 - DEBUG - Iter 30200: T=13.15, Fitness_actual=146.2, Mejor=146.2
2025-10-23 08:21:32,375 - INFO - 🌟 MEJORA #200 en iter 30200: Fitness=146.2 (+0.0), Puntos=16550
2025-10-23 08:21:32,375 - INFO -   ✨ Mejora #200 en iteración 30201: Fitness = 146.2 | Puntos = 16550 | T = 13.15
2025-10-23 08:21:34,326 - INFO - Iter 30222: Aceptada solución con delta=-11.0 (T=13.14)
2025-10-23 08:21:34,326 - INFO -   📊 Desglose del cambio:
2025-10-23 08:21:34,327 - INFO -      Puntos: -748 → 15801 total
2025-10-23 08:21:34,327 - INFO -      Tiempo: -559.8min → 12738.3min total
2025-10-23 08:21:34,327 - INFO -      Distancia: +6.7km → 106.9km total
2025-10-23 08:21:41,286 - DEBUG - Iter 30300: T=13.12, Fitness_actual=87.5, Mejor=146.2
2025-10-23 08:21:45,747 - WARNING - ⚠️  DEGRADACIÓN DETECTADA en iter 30350:
2025-10-23 08:21:45,747 - WARNING -    Mejor fitness: 146.2
2025-10-23 08:21:45,748 - WARNING -    Fitness promedio reciente: 89.3
2025-10-23 08:21:45,748 - WARNING -    Degradación: 56.9
2025-10-23 08:21:45,748 - WARNING -    🔄 RESTAURANDO mejor solución...
2025-10-23 08:21:50,189 - DEBUG - Iter 30400: T=13.10, Fitness_actual=119.0, Mejor=146.2
2025-10-23 08:21:54,666 - WARNING - ⚠️  DEGRADACIÓN DETECTADA en iter 30450:
2025-10-23 08:21:54,666 - WARNING -    Mejor fitness: 146.2
2025-10-23 08:21:54,667 - WARNING -    Fitness promedio reciente: 108.8
2025-10-23 08:21:54,667 - WARNING -    Degradación: 37.4
2025-10-23 08:21:54,668 - WARNING -    🔄 RESTAURANDO mejor solución...
2025-10-23 08:21:59,108 - INFO -   Iter 30500 | Tiempo:   34.2min (14.3%) | T =    13.08 | Fitness =    115.7 | Mejor =    146.2 | Aceptación =  95.5%
2025-10-23 08:21:59,109 - INFO - Progreso iter 30500: T=13.08, Fitness=115.7, Mejor=146.2, Tasa_acept=95.5%
2025-10-23 08:21:59,109 - WARNING - ⚠️  DEGRADACIÓN DETECTADA en iter 30500:
2025-10-23 08:21:59,110 - WARNING -    Mejor fitness: 146.2
2025-10-23 08:21:59,110 - WARNING -    Fitness promedio reciente: 121.2
2025-10-23 08:21:59,110 - WARNING -    Degradación: 25.0
2025-10-23 08:21:59,111 - WARNING -    🔄 RESTAURANDO mejor solución...
2025-10-23 08:21:59,112 - DEBUG - Iter 30500: T=13.08, Fitness_actual=146.2, Mejor=146.2
2025-10-23 08:21:59,112 - INFO - 🌟 MEJORA #201 en iter 30500: Fitness=146.2 (+0.0), Puntos=16550
2025-10-23 08:21:59,204 - INFO - 🌟 MEJORA #202 en iter 30501: Fitness=146.2 (+0.0), Puntos=16550
2025-10-23 08:22:07,001 - INFO - Iter 30587: Aceptada solución con delta=+10.0 (T=13.05)
2025-10-23 08:22:07,001 - INFO -   📊 Desglose del cambio:
2025-10-23 08:22:07,002 - INFO -      Puntos: +0 → 15067 total
2025-10-23 08:22:07,003 - INFO -      Tiempo: +14.8min → 13218.4min total
2025-10-23 08:22:07,003 - INFO -      Distancia: -0.0km → 110.3km total
2025-10-23 08:22:08,164 - DEBUG - Iter 30600: T=13.05, Fitness_actual=106.1, Mejor=146.2
2025-10-23 08:22:12,667 - WARNING - ⚠️  DEGRADACIÓN DETECTADA en iter 30650:
2025-10-23 08:22:12,668 - WARNING -    Mejor fitness: 146.2
2025-10-23 08:22:12,669 - WARNING -    Fitness promedio reciente: 99.4
2025-10-23 08:22:12,669 - WARNING -    Degradación: 46.8
2025-10-23 08:22:12,670 - WARNING -    🔄 RESTAURANDO mejor solución...
2025-10-23 08:22:17,160 - WARNING - ⚠️  DEGRADACIÓN DETECTADA en iter 30700:
2025-10-23 08:22:17,160 - WARNING -    Mejor fitness: 146.2
2025-10-23 08:22:17,161 - WARNING -    Fitness promedio reciente: 124.2
2025-10-23 08:22:17,161 - WARNING -    Degradación: 22.0
2025-10-23 08:22:17,161 - WARNING -    🔄 RESTAURANDO mejor solución...
2025-10-23 08:22:17,164 - DEBUG - Iter 30700: T=13.03, Fitness_actual=146.2, Mejor=146.2
2025-10-23 08:22:17,345 - INFO - Iter 30702: Aceptada solución con delta=-11.0 (T=13.03)
2025-10-23 08:22:17,345 - INFO -   📊 Desglose del cambio:
2025-10-23 08:22:17,346 - INFO -      Puntos: -1 → 16554 total
2025-10-23 08:22:17,347 - INFO -      Tiempo: -63.8min → 13122.3min total
2025-10-23 08:22:17,347 - INFO -      Distancia: +3.4km → 102.3km total
2025-10-23 08:22:21,642 - WARNING - ⚠️  DEGRADACIÓN DETECTADA en iter 30750:
2025-10-23 08:22:21,642 - WARNING -    Mejor fitness: 146.2
2025-10-23 08:22:21,642 - WARNING -    Fitness promedio reciente: 119.6
2025-10-23 08:22:21,643 - WARNING -    Degradación: 26.6
2025-10-23 08:22:21,643 - WARNING -    🔄 RESTAURANDO mejor solución...
2025-10-23 08:22:21,738 - INFO - 🌟 MEJORA #203 en iter 30751: Fitness=146.2 (+0.0), Puntos=16550
2025-10-23 08:22:26,137 - DEBUG - Iter 30800: T=13.00, Fitness_actual=111.2, Mejor=146.2
2025-10-23 08:22:35,100 - WARNING - ⚠️  DEGRADACIÓN DETECTADA en iter 30900:
2025-10-23 08:22:35,101 - WARNING -    Mejor fitness: 146.2
2025-10-23 08:22:35,101 - WARNING -    Fitness promedio reciente: 93.4
2025-10-23 08:22:35,102 - WARNING -    Degradación: 52.8
2025-10-23 08:22:35,102 - WARNING -    🔄 RESTAURANDO mejor solución...
2025-10-23 08:22:35,103 - DEBUG - Iter 30900: T=12.98, Fitness_actual=146.2, Mejor=146.2
2025-10-23 08:22:39,585 - WARNING - ⚠️  DEGRADACIÓN DETECTADA en iter 30950:
2025-10-23 08:22:39,586 - WARNING -    Mejor fitness: 146.2
2025-10-23 08:22:39,586 - WARNING -    Fitness promedio reciente: 122.6
2025-10-23 08:22:39,587 - WARNING -    Degradación: 23.6
2025-10-23 08:22:39,587 - WARNING -    🔄 RESTAURANDO mejor solución...
2025-10-23 08:22:44,096 - INFO -   Iter 31000 | Tiempo:   35.0min (14.6%) | T =    12.95 | Fitness =    111.1 | Mejor =    146.2 | Aceptación =  95.5%
2025-10-23 08:22:44,096 - INFO - Progreso iter 31000: T=12.95, Fitness=111.1, Mejor=146.2, Tasa_acept=95.5%
2025-10-23 08:22:44,098 - DEBUG - Iter 31000: T=12.95, Fitness_actual=111.1, Mejor=146.2
2025-10-23 08:22:48,618 - WARNING - ⚠️  DEGRADACIÓN DETECTADA en iter 31050:
2025-10-23 08:22:48,618 - WARNING -    Mejor fitness: 146.2
2025-10-23 08:22:48,619 - WARNING -    Fitness promedio reciente: 101.6
2025-10-23 08:22:48,619 - WARNING -    Degradación: 44.6
2025-10-23 08:22:48,619 - WARNING -    🔄 RESTAURANDO mejor solución...
2025-10-23 08:22:48,803 - INFO - Iter 31052: Aceptada solución con delta=-10.3 (T=12.94)
2025-10-23 08:22:48,803 - INFO -   📊 Desglose del cambio:
2025-10-23 08:22:48,803 - INFO -      Puntos: -828 → 15722 total
2025-10-23 08:22:48,804 - INFO -      Tiempo: -595.5min → 12579.2min total
2025-10-23 08:22:48,804 - INFO -      Distancia: -2.5km → 94.1km total
2025-10-23 08:22:53,133 - WARNING - ⚠️  DEGRADACIÓN DETECTADA en iter 31100:
2025-10-23 08:22:53,133 - WARNING -    Mejor fitness: 146.2
2025-10-23 08:22:53,134 - WARNING -    Fitness promedio reciente: 123.8
2025-10-23 08:22:53,134 - WARNING -    Degradación: 22.4
2025-10-23 08:22:53,135 - WARNING -    🔄 RESTAURANDO mejor solución...
2025-10-23 08:22:53,136 - DEBUG - Iter 31100: T=12.93, Fitness_actual=146.2, Mejor=146.2
2025-10-23 08:22:56,492 - INFO - Iter 31137: Aceptada solución con delta=-12.7 (T=12.92)
2025-10-23 08:22:56,492 - INFO -   📊 Desglose del cambio:
2025-10-23 08:22:56,493 - INFO -      Puntos: -777 → 13674 total
2025-10-23 08:22:56,493 - INFO -      Tiempo: -486.8min → 11348.7min total
2025-10-23 08:22:56,494 - INFO -      Distancia: -8.9km → 100.7km total
2025-10-23 08:22:57,669 - WARNING - ⚠️  DEGRADACIÓN DETECTADA en iter 31150:
2025-10-23 08:22:57,669 - WARNING -    Mejor fitness: 146.2
2025-10-23 08:22:57,670 - WARNING -    Fitness promedio reciente: 110.0
2025-10-23 08:22:57,670 - WARNING -    Degradación: 36.2
2025-10-23 08:22:57,671 - WARNING -    🔄 RESTAURANDO mejor solución...
2025-10-23 08:23:02,186 - WARNING - ⚠️  DEGRADACIÓN DETECTADA en iter 31200:
2025-10-23 08:23:02,186 - WARNING -    Mejor fitness: 146.2
2025-10-23 08:23:02,187 - WARNING -    Fitness promedio reciente: 125.9
2025-10-23 08:23:02,187 - WARNING -    Degradación: 20.3
2025-10-23 08:23:02,187 - WARNING -    🔄 RESTAURANDO mejor solución...
2025-10-23 08:23:02,190 - DEBUG - Iter 31200: T=12.91, Fitness_actual=146.2, Mejor=146.2
2025-10-23 08:23:11,223 - WARNING - ⚠️  DEGRADACIÓN DETECTADA en iter 31300:
2025-10-23 08:23:11,223 - WARNING -    Mejor fitness: 146.2
2025-10-23 08:23:11,224 - WARNING -    Fitness promedio reciente: 112.8
2025-10-23 08:23:11,224 - WARNING -    Degradación: 33.4
2025-10-23 08:23:11,224 - WARNING -    🔄 RESTAURANDO mejor solución...
2025-10-23 08:23:11,226 - DEBUG - Iter 31300: T=12.88, Fitness_actual=146.2, Mejor=146.2
2025-10-23 08:23:20,279 - WARNING - ⚠️  DEGRADACIÓN DETECTADA en iter 31400:
2025-10-23 08:23:20,279 - WARNING -    Mejor fitness: 146.2
2025-10-23 08:23:20,280 - WARNING -    Fitness promedio reciente: 95.4
2025-10-23 08:23:20,280 - WARNING -    Degradación: 50.8
2025-10-23 08:23:20,281 - WARNING -    🔄 RESTAURANDO mejor solución...
2025-10-23 08:23:20,284 - DEBUG - Iter 31400: T=12.86, Fitness_actual=146.2, Mejor=146.2
2025-10-23 08:23:29,408 - INFO -   Iter 31500 | Tiempo:   35.7min (14.9%) | T =    12.83 | Fitness =    108.3 | Mejor =    146.2 | Aceptación =  95.4%
2025-10-23 08:23:29,408 - INFO - Progreso iter 31500: T=12.83, Fitness=108.3, Mejor=146.2, Tasa_acept=95.4%
2025-10-23 08:23:29,409 - WARNING - ⚠️  DEGRADACIÓN DETECTADA en iter 31500:
2025-10-23 08:23:29,410 - WARNING -    Mejor fitness: 146.2
2025-10-23 08:23:29,410 - WARNING -    Fitness promedio reciente: 108.2
2025-10-23 08:23:29,410 - WARNING -    Degradación: 38.0
2025-10-23 08:23:29,411 - WARNING -    🔄 RESTAURANDO mejor solución...
2025-10-23 08:23:29,413 - DEBUG - Iter 31500: T=12.83, Fitness_actual=146.2, Mejor=146.2
2025-10-23 08:23:33,963 - WARNING - ⚠️  DEGRADACIÓN DETECTADA en iter 31550:
2025-10-23 08:23:33,964 - WARNING -    Mejor fitness: 146.2
2025-10-23 08:23:33,964 - WARNING -    Fitness promedio reciente: 124.7
2025-10-23 08:23:33,965 - WARNING -    Degradación: 21.6
2025-10-23 08:23:33,965 - WARNING -    🔄 RESTAURANDO mejor solución...
2025-10-23 08:23:38,538 - WARNING - ⚠️  DEGRADACIÓN DETECTADA en iter 31600:
2025-10-23 08:23:38,538 - WARNING -    Mejor fitness: 146.2
2025-10-23 08:23:38,539 - WARNING -    Fitness promedio reciente: 120.6
2025-10-23 08:23:38,539 - WARNING -    Degradación: 25.6
2025-10-23 08:23:38,539 - WARNING -    🔄 RESTAURANDO mejor solución...
2025-10-23 08:23:38,541 - DEBUG - Iter 31600: T=12.81, Fitness_actual=146.2, Mejor=146.2
2025-10-23 08:23:47,625 - WARNING - ⚠️  DEGRADACIÓN DETECTADA en iter 31700:
2025-10-23 08:23:47,625 - WARNING -    Mejor fitness: 146.2
2025-10-23 08:23:47,626 - WARNING -    Fitness promedio reciente: 114.5
2025-10-23 08:23:47,626 - WARNING -    Degradación: 31.7
2025-10-23 08:23:47,626 - WARNING -    🔄 RESTAURANDO mejor solución...
2025-10-23 08:23:47,629 - DEBUG - Iter 31700: T=12.79, Fitness_actual=146.2, Mejor=146.2
2025-10-23 08:23:48,358 - INFO - Iter 31708: Aceptada solución con delta=-11.5 (T=12.78)
2025-10-23 08:23:48,358 - INFO -   📊 Desglose del cambio:
2025-10-23 08:23:48,359 - INFO -      Puntos: -1 → 16287 total
2025-10-23 08:23:48,359 - INFO -      Tiempo: +434.6min → 13878.0min total
2025-10-23 08:23:48,360 - INFO -      Distancia: -3.0km → 119.4km total
2025-10-23 08:23:52,218 - WARNING - ⚠️  DEGRADACIÓN DETECTADA en iter 31750:
2025-10-23 08:23:52,218 - WARNING -    Mejor fitness: 146.2
2025-10-23 08:23:52,219 - WARNING -    Fitness promedio reciente: 122.1
2025-10-23 08:23:52,219 - WARNING -    Degradación: 24.1
2025-10-23 08:23:52,219 - WARNING -    🔄 RESTAURANDO mejor solución...
2025-10-23 08:23:52,400 - INFO - 🌟 MEJORA #204 en iter 31752: Fitness=147.1 (+0.9), Puntos=16544
2025-10-23 08:23:56,731 - DEBUG - Iter 31800: T=12.76, Fitness_actual=129.7, Mejor=147.1
2025-10-23 08:24:05,891 - WARNING - ⚠️  DEGRADACIÓN DETECTADA en iter 31900:
2025-10-23 08:24:05,892 - WARNING -    Mejor fitness: 147.1
2025-10-23 08:24:05,892 - WARNING -    Fitness promedio reciente: 107.4
2025-10-23 08:24:05,893 - WARNING -    Degradación: 39.7
2025-10-23 08:24:05,893 - WARNING -    🔄 RESTAURANDO mejor solución...
2025-10-23 08:24:05,894 - DEBUG - Iter 31900: T=12.74, Fitness_actual=147.1, Mejor=147.1
2025-10-23 08:24:06,165 - INFO - Iter 31903: Aceptada solución con delta=-10.3 (T=12.74)
2025-10-23 08:24:06,165 - INFO -   📊 Desglose del cambio:
2025-10-23 08:24:06,166 - INFO -      Puntos: +0 → 16551 total
2025-10-23 08:24:06,166 - INFO -      Tiempo: +586.4min → 13872.7min total
2025-10-23 08:24:06,167 - INFO -      Distancia: +3.9km → 104.8km total
2025-10-23 08:24:10,441 - WARNING - ⚠️  DEGRADACIÓN DETECTADA en iter 31950:
2025-10-23 08:24:10,441 - WARNING -    Mejor fitness: 147.1
2025-10-23 08:24:10,442 - WARNING -    Fitness promedio reciente: 126.4
2025-10-23 08:24:10,442 - WARNING -    Degradación: 20.8
2025-10-23 08:24:10,442 - WARNING -    🔄 RESTAURANDO mejor solución...
2025-10-23 08:24:10,443 - INFO - 🌟 MEJORA #205 en iter 31950: Fitness=147.2 (+0.0), Puntos=16547
2025-10-23 08:24:10,444 - INFO -   ✨ Mejora #205 en iteración 31951: Fitness = 147.2 | Puntos = 16547 | T = 12.73
2025-10-23 08:24:10,533 - INFO - 🌟 MEJORA #206 en iter 31951: Fitness=147.2 (+0.0), Puntos=16547
2025-10-23 08:24:11,625 - WARNING - ================================================================================
2025-10-23 08:24:11,625 - WARNING - ⚠️  SALTO ANORMAL DETECTADO en iteración 31963
2025-10-23 08:24:11,626 - WARNING -    Fitness actual: 139.7
2025-10-23 08:24:11,626 - WARNING -    Fitness vecino: 100.3
2025-10-23 08:24:11,626 - WARNING -    Delta: -39.5
2025-10-23 08:24:11,627 - WARNING -    Temperatura: 12.72
2025-10-23 08:24:11,627 - WARNING -    Tipo perturbación aplicada: (ver generar_vecino)
2025-10-23 08:24:11,627 - WARNING -    Vecino - Puntos: 16565, Tiempo: 15149.7min, Distancia: 250.8km
2025-10-23 08:24:11,627 - WARNING -    Actual - Puntos: 16531, Tiempo: 13018.3min, Distancia: 101.1km
2025-10-23 08:24:11,628 - WARNING -    Validez restricciones - Vecino: False, Actual: False
2025-10-23 08:24:11,628 - WARNING - ================================================================================
2025-10-23 08:24:11,628 - WARNING - ⚠️  SALTO ANORMAL DETECTADO en iteración 31963
2025-10-23 08:24:11,628 - WARNING -    Fitness: 139.7 → 100.3 (Δ=-39.5)
2025-10-23 08:24:11,629 - WARNING -    Ver detalles en archivo de log
2025-10-23 08:24:14,972 - INFO -   Iter 32000 | Tiempo:   36.5min (15.2%) | T =    12.71 | Fitness =    128.4 | Mejor =    147.2 | Aceptación =  95.4%
2025-10-23 08:24:14,972 - INFO - Progreso iter 32000: T=12.71, Fitness=128.4, Mejor=147.2, Tasa_acept=95.4%
2025-10-23 08:24:14,974 - DEBUG - Iter 32000: T=12.71, Fitness_actual=128.4, Mejor=147.2
2025-10-23 08:24:19,055 - INFO - Iter 32045: Aceptada solución con delta=+12.5 (T=12.70)
2025-10-23 08:24:19,055 - INFO -   📊 Desglose del cambio:
2025-10-23 08:24:19,056 - INFO -      Puntos: +0 → 15505 total
2025-10-23 08:24:19,056 - INFO -      Tiempo: +151.2min → 13217.1min total
2025-10-23 08:24:19,056 - INFO -      Distancia: +0.1km → 121.0km total
2025-10-23 08:24:24,065 - WARNING - ⚠️  DEGRADACIÓN DETECTADA en iter 32100:
2025-10-23 08:24:24,065 - WARNING -    Mejor fitness: 147.2
2025-10-23 08:24:24,066 - WARNING -    Fitness promedio reciente: 107.6
2025-10-23 08:24:24,066 - WARNING -    Degradación: 39.6
2025-10-23 08:24:24,067 - WARNING -    🔄 RESTAURANDO mejor solución...
2025-10-23 08:24:24,068 - DEBUG - Iter 32100: T=12.69, Fitness_actual=147.2, Mejor=147.2
2025-10-23 08:24:33,237 - WARNING - ⚠️  DEGRADACIÓN DETECTADA en iter 32200:
2025-10-23 08:24:33,237 - WARNING -    Mejor fitness: 147.2
2025-10-23 08:24:33,238 - WARNING -    Fitness promedio reciente: 114.7
2025-10-23 08:24:33,239 - WARNING -    Degradación: 32.5
2025-10-23 08:24:33,239 - WARNING -    🔄 RESTAURANDO mejor solución...
2025-10-23 08:24:33,241 - DEBUG - Iter 32200: T=12.67, Fitness_actual=147.2, Mejor=147.2
2025-10-23 08:24:41,385 - INFO - Iter 32289: Aceptada solución con delta=-11.0 (T=12.64)
2025-10-23 08:24:41,385 - INFO -   📊 Desglose del cambio:
2025-10-23 08:24:41,386 - INFO -      Puntos: +0 → 15733 total
2025-10-23 08:24:41,386 - INFO -      Tiempo: +60.0min → 12158.0min total
2025-10-23 08:24:41,386 - INFO -      Distancia: +0.0km → 96.5km total
2025-10-23 08:24:42,393 - WARNING - ⚠️  DEGRADACIÓN DETECTADA en iter 32300:
2025-10-23 08:24:42,393 - WARNING -    Mejor fitness: 147.2
2025-10-23 08:24:42,394 - WARNING -    Fitness promedio reciente: 115.7
2025-10-23 08:24:42,394 - WARNING -    Degradación: 31.5
2025-10-23 08:24:42,394 - WARNING -    🔄 RESTAURANDO mejor solución...
2025-10-23 08:24:42,395 - DEBUG - Iter 32300: T=12.64, Fitness_actual=147.2, Mejor=147.2
2025-10-23 08:24:46,966 - WARNING - ⚠️  DEGRADACIÓN DETECTADA en iter 32350:
2025-10-23 08:24:46,966 - WARNING -    Mejor fitness: 147.2
2025-10-23 08:24:46,967 - WARNING -    Fitness promedio reciente: 123.4
2025-10-23 08:24:46,967 - WARNING -    Degradación: 23.8
2025-10-23 08:24:46,967 - WARNING -    🔄 RESTAURANDO mejor solución...
2025-10-23 08:24:46,969 - INFO - 🌟 MEJORA #207 en iter 32350: Fitness=147.2 (+0.0), Puntos=16547
2025-10-23 08:24:51,536 - DEBUG - Iter 32400: T=12.62, Fitness_actual=127.2, Mejor=147.2
2025-10-23 08:25:00,875 - INFO -   Iter 32500 | Tiempo:   37.2min (15.5%) | T =    12.59 | Fitness =     81.4 | Mejor =    147.2 | Aceptación =  95.4%
2025-10-23 08:25:00,875 - INFO - Progreso iter 32500: T=12.59, Fitness=81.4, Mejor=147.2, Tasa_acept=95.4%
2025-10-23 08:25:00,876 - WARNING - ⚠️  DEGRADACIÓN DETECTADA en iter 32500:
2025-10-23 08:25:00,876 - WARNING -    Mejor fitness: 147.2
2025-10-23 08:25:00,877 - WARNING -    Fitness promedio reciente: 96.3
2025-10-23 08:25:00,877 - WARNING -    Degradación: 50.9
2025-10-23 08:25:00,877 - WARNING -    🔄 RESTAURANDO mejor solución...
2025-10-23 08:25:00,881 - DEBUG - Iter 32500: T=12.59, Fitness_actual=147.2, Mejor=147.2
2025-10-23 08:25:04,129 - INFO - Iter 32535: Aceptada solución con delta=-10.1 (T=12.58)
2025-10-23 08:25:04,129 - INFO -   📊 Desglose del cambio:
2025-10-23 08:25:04,131 - INFO -      Puntos: -311 → 15670 total
2025-10-23 08:25:04,131 - INFO -      Tiempo: +1942.5min → 15445.6min total
2025-10-23 08:25:04,131 - INFO -      Distancia: +5.1km → 120.0km total
2025-10-23 08:25:05,640 - WARNING - ⚠️  DEGRADACIÓN DETECTADA en iter 32550:
2025-10-23 08:25:05,640 - WARNING -    Mejor fitness: 147.2
2025-10-23 08:25:05,641 - WARNING -    Fitness promedio reciente: 118.8
2025-10-23 08:25:05,641 - WARNING -    Degradación: 28.4
2025-10-23 08:25:05,641 - WARNING -    🔄 RESTAURANDO mejor solución...
2025-10-23 08:25:10,225 - DEBUG - Iter 32600: T=12.57, Fitness_actual=111.7, Mejor=147.2
2025-10-23 08:25:14,806 - WARNING - ⚠️  DEGRADACIÓN DETECTADA en iter 32650:
2025-10-23 08:25:14,806 - WARNING -    Mejor fitness: 147.2
2025-10-23 08:25:14,807 - WARNING -    Fitness promedio reciente: 101.9
2025-10-23 08:25:14,807 - WARNING -    Degradación: 45.3
2025-10-23 08:25:14,807 - WARNING -    🔄 RESTAURANDO mejor solución...
2025-10-23 08:25:14,809 - INFO - 🌟 MEJORA #208 en iter 32650: Fitness=147.2 (+0.0), Puntos=16547
2025-10-23 08:25:15,907 - INFO - Iter 32662: Aceptada solución con delta=-10.2 (T=12.55)
2025-10-23 08:25:15,907 - INFO -   📊 Desglose del cambio:
2025-10-23 08:25:15,908 - INFO -      Puntos: -825 → 15339 total
2025-10-23 08:25:15,908 - INFO -      Tiempo: -590.5min → 12662.3min total
2025-10-23 08:25:15,908 - INFO -      Distancia: -5.5km → 119.4km total
2025-10-23 08:25:19,407 - DEBUG - Iter 32700: T=12.55, Fitness_actual=103.5, Mejor=147.2
2025-10-23 08:25:28,661 - WARNING - ⚠️  DEGRADACIÓN DETECTADA en iter 32800:
2025-10-23 08:25:28,661 - WARNING -    Mejor fitness: 147.2
2025-10-23 08:25:28,662 - WARNING -    Fitness promedio reciente: 88.9
2025-10-23 08:25:28,662 - WARNING -    Degradación: 58.3
2025-10-23 08:25:28,663 - WARNING -    🔄 RESTAURANDO mejor solución...
2025-10-23 08:25:28,664 - DEBUG - Iter 32800: T=12.52, Fitness_actual=147.2, Mejor=147.2
2025-10-23 08:25:33,270 - WARNING - ⚠️  DEGRADACIÓN DETECTADA en iter 32850:
2025-10-23 08:25:33,270 - WARNING -    Mejor fitness: 147.2
2025-10-23 08:25:33,271 - WARNING -    Fitness promedio reciente: 126.5
2025-10-23 08:25:33,271 - WARNING -    Degradación: 20.7
2025-10-23 08:25:33,272 - WARNING -    🔄 RESTAURANDO mejor solución...
2025-10-23 08:25:33,273 - INFO - 🌟 MEJORA #209 en iter 32850: Fitness=147.2 (+0.0), Puntos=16551
2025-10-23 08:25:37,882 - DEBUG - Iter 32900: T=12.50, Fitness_actual=111.0, Mejor=147.2
2025-10-23 08:25:47,083 - INFO -   Iter 33000 | Tiempo:   38.0min (15.8%) | T =    12.47 | Fitness =     91.2 | Mejor =    147.2 | Aceptación =  95.4%
2025-10-23 08:25:47,083 - INFO - Progreso iter 33000: T=12.47, Fitness=91.2, Mejor=147.2, Tasa_acept=95.4%
2025-10-23 08:25:47,084 - WARNING - ⚠️  DEGRADACIÓN DETECTADA en iter 33000:
2025-10-23 08:25:47,084 - WARNING -    Mejor fitness: 147.2
2025-10-23 08:25:47,085 - WARNING -    Fitness promedio reciente: 97.1
2025-10-23 08:25:47,085 - WARNING -    Degradación: 50.1
2025-10-23 08:25:47,085 - WARNING -    🔄 RESTAURANDO mejor solución...
2025-10-23 08:25:47,086 - DEBUG - Iter 33000: T=12.47, Fitness_actual=147.2, Mejor=147.2
2025-10-23 08:25:51,707 - WARNING - ⚠️  DEGRADACIÓN DETECTADA en iter 33050:
2025-10-23 08:25:51,708 - WARNING -    Mejor fitness: 147.2
2025-10-23 08:25:51,708 - WARNING -    Fitness promedio reciente: 126.0
2025-10-23 08:25:51,709 - WARNING -    Degradación: 21.2
2025-10-23 08:25:51,709 - WARNING -    🔄 RESTAURANDO mejor solución...
2025-10-23 08:25:56,323 - DEBUG - Iter 33100: T=12.45, Fitness_actual=114.7, Mejor=147.2
2025-10-23 08:25:56,879 - WARNING - ================================================================================
2025-10-23 08:25:56,879 - WARNING - ⚠️  SALTO ANORMAL DETECTADO en iteración 33106
2025-10-23 08:25:56,880 - WARNING -    Fitness actual: 113.6
2025-10-23 08:25:56,880 - WARNING -    Fitness vecino: 78.3
2025-10-23 08:25:56,880 - WARNING -    Delta: -35.3
2025-10-23 08:25:56,880 - WARNING -    Temperatura: 12.45
2025-10-23 08:25:56,880 - WARNING -    Tipo perturbación aplicada: (ver generar_vecino)
2025-10-23 08:25:56,881 - WARNING -    Vecino - Puntos: 16157, Tiempo: 14982.6min, Distancia: 276.0km
2025-10-23 08:25:56,881 - WARNING -    Actual - Puntos: 16143, Tiempo: 12829.0min, Distancia: 105.8km
2025-10-23 08:25:56,881 - WARNING -    Validez restricciones - Vecino: False, Actual: False
2025-10-23 08:25:56,881 - WARNING - ================================================================================
2025-10-23 08:25:56,882 - WARNING - ⚠️  SALTO ANORMAL DETECTADO en iteración 33106
2025-10-23 08:25:56,882 - WARNING -    Fitness: 113.6 → 78.3 (Δ=-35.3)
2025-10-23 08:25:56,882 - WARNING -    Ver detalles en archivo de log
2025-10-23 08:26:00,953 - WARNING - ⚠️  DEGRADACIÓN DETECTADA en iter 33150:
2025-10-23 08:26:00,953 - WARNING -    Mejor fitness: 147.2
2025-10-23 08:26:00,954 - WARNING -    Fitness promedio reciente: 103.6
2025-10-23 08:26:00,954 - WARNING -    Degradación: 43.6
2025-10-23 08:26:00,955 - WARNING -    🔄 RESTAURANDO mejor solución...
2025-10-23 08:26:05,566 - DEBUG - Iter 33200: T=12.43, Fitness_actual=131.5, Mejor=147.2
2025-10-23 08:26:14,892 - WARNING - ⚠️  DEGRADACIÓN DETECTADA en iter 33300:
2025-10-23 08:26:14,892 - WARNING -    Mejor fitness: 147.2
2025-10-23 08:26:14,892 - WARNING -    Fitness promedio reciente: 113.6
2025-10-23 08:26:14,895 - WARNING -    Degradación: 33.6
2025-10-23 08:26:14,896 - WARNING -    🔄 RESTAURANDO mejor solución...
2025-10-23 08:26:14,897 - DEBUG - Iter 33300: T=12.40, Fitness_actual=147.2, Mejor=147.2
2025-10-23 08:26:17,768 - INFO - Iter 33331: Aceptada solución con delta=-11.8 (T=12.39)
2025-10-23 08:26:17,768 - INFO -   📊 Desglose del cambio:
2025-10-23 08:26:17,769 - INFO -      Puntos: -33 → 15525 total
2025-10-23 08:26:17,769 - INFO -      Tiempo: +191.6min → 12829.6min total
2025-10-23 08:26:17,769 - INFO -      Distancia: -11.9km → 94.0km total
2025-10-23 08:26:19,543 - WARNING - ⚠️  DEGRADACIÓN DETECTADA en iter 33350:
2025-10-23 08:26:19,544 - WARNING -    Mejor fitness: 147.2
2025-10-23 08:26:19,544 - WARNING -    Fitness promedio reciente: 118.3
2025-10-23 08:26:19,545 - WARNING -    Degradación: 28.9
2025-10-23 08:26:19,545 - WARNING -    🔄 RESTAURANDO mejor solución...
2025-10-23 08:26:24,239 - DEBUG - Iter 33400: T=12.38, Fitness_actual=116.3, Mejor=147.2
2025-10-23 08:26:28,922 - WARNING - ⚠️  DEGRADACIÓN DETECTADA en iter 33450:
2025-10-23 08:26:28,923 - WARNING -    Mejor fitness: 147.2
2025-10-23 08:26:28,923 - WARNING -    Fitness promedio reciente: 112.5
2025-10-23 08:26:28,924 - WARNING -    Degradación: 34.7
2025-10-23 08:26:28,924 - WARNING -    🔄 RESTAURANDO mejor solución...
2025-10-23 08:26:29,022 - INFO - 🌟 MEJORA #210 en iter 33451: Fitness=147.4 (+0.2), Puntos=16573
2025-10-23 08:26:29,022 - INFO -   ✨ Mejora #210 en iteración 33452: Fitness = 147.4 | Puntos = 16573 | T = 12.37
2025-10-23 08:26:33,608 - INFO -   Iter 33500 | Tiempo:   38.8min (16.2%) | T =    12.35 | Fitness =    114.2 | Mejor =    147.4 | Aceptación =  95.3%
2025-10-23 08:26:33,608 - INFO - Progreso iter 33500: T=12.35, Fitness=114.2, Mejor=147.4, Tasa_acept=95.3%
2025-10-23 08:26:33,611 - DEBUG - Iter 33500: T=12.35, Fitness_actual=114.2, Mejor=147.4
2025-10-23 08:26:43,326 - WARNING - ⚠️  DEGRADACIÓN DETECTADA en iter 33600:
2025-10-23 08:26:43,326 - WARNING -    Mejor fitness: 147.4
2025-10-23 08:26:43,327 - WARNING -    Fitness promedio reciente: 99.0
2025-10-23 08:26:43,327 - WARNING -    Degradación: 48.4
2025-10-23 08:26:43,327 - WARNING -    🔄 RESTAURANDO mejor solución...
2025-10-23 08:26:43,329 - DEBUG - Iter 33600: T=12.33, Fitness_actual=147.4, Mejor=147.4
2025-10-23 08:26:43,329 - INFO - 🌟 MEJORA #211 en iter 33600: Fitness=147.5 (+0.1), Puntos=16584
2025-10-23 08:26:46,342 - INFO - Iter 33632: Aceptada solución con delta=-11.0 (T=12.32)
2025-10-23 08:26:46,342 - INFO -   📊 Desglose del cambio:
2025-10-23 08:26:46,343 - INFO -      Puntos: +0 → 16548 total
2025-10-23 08:26:46,343 - INFO -      Tiempo: -151.3min → 13515.5min total
2025-10-23 08:26:46,344 - INFO -      Distancia: -0.1km → 101.7km total
2025-10-23 08:26:52,870 - DEBUG - Iter 33700: T=12.31, Fitness_actual=104.9, Mejor=147.5
2025-10-23 08:26:57,722 - WARNING - ⚠️  DEGRADACIÓN DETECTADA en iter 33750:
2025-10-23 08:26:57,722 - WARNING -    Mejor fitness: 147.5
2025-10-23 08:26:57,723 - WARNING -    Fitness promedio reciente: 102.9
2025-10-23 08:26:57,723 - WARNING -    Degradación: 44.7
2025-10-23 08:26:57,724 - WARNING -    🔄 RESTAURANDO mejor solución...
2025-10-23 08:27:02,445 - WARNING - ⚠️  DEGRADACIÓN DETECTADA en iter 33800:
2025-10-23 08:27:02,445 - WARNING -    Mejor fitness: 147.5
2025-10-23 08:27:02,445 - WARNING -    Fitness promedio reciente: 122.0
2025-10-23 08:27:02,446 - WARNING -    Degradación: 25.6
2025-10-23 08:27:02,446 - WARNING -    🔄 RESTAURANDO mejor solución...
2025-10-23 08:27:02,447 - DEBUG - Iter 33800: T=12.28, Fitness_actual=147.5, Mejor=147.5
2025-10-23 08:27:07,234 - WARNING - ⚠️  DEGRADACIÓN DETECTADA en iter 33850:
2025-10-23 08:27:07,234 - WARNING -    Mejor fitness: 147.5
2025-10-23 08:27:07,235 - WARNING -    Fitness promedio reciente: 123.2
2025-10-23 08:27:07,235 - WARNING -    Degradación: 24.3
2025-10-23 08:27:07,236 - WARNING -    🔄 RESTAURANDO mejor solución...
2025-10-23 08:27:11,969 - DEBUG - Iter 33900: T=12.26, Fitness_actual=117.6, Mejor=147.5
2025-10-23 08:27:16,711 - WARNING - ⚠️  DEGRADACIÓN DETECTADA en iter 33950:
2025-10-23 08:27:16,711 - WARNING -    Mejor fitness: 147.5
2025-10-23 08:27:16,712 - WARNING -    Fitness promedio reciente: 113.1
2025-10-23 08:27:16,712 - WARNING -    Degradación: 34.5
2025-10-23 08:27:16,712 - WARNING -    🔄 RESTAURANDO mejor solución...
2025-10-23 08:27:21,485 - INFO -   Iter 34000 | Tiempo:   39.6min (16.5%) | T =    12.23 | Fitness =    112.0 | Mejor =    147.5 | Aceptación =  95.3%
2025-10-23 08:27:21,485 - INFO - Progreso iter 34000: T=12.23, Fitness=112.0, Mejor=147.5, Tasa_acept=95.3%
2025-10-23 08:27:21,488 - DEBUG - Iter 34000: T=12.23, Fitness_actual=112.0, Mejor=147.5
2025-10-23 08:27:26,258 - WARNING - ⚠️  DEGRADACIÓN DETECTADA en iter 34050:
2025-10-23 08:27:26,258 - WARNING -    Mejor fitness: 147.5
2025-10-23 08:27:26,258 - WARNING -    Fitness promedio reciente: 106.6
2025-10-23 08:27:26,259 - WARNING -    Degradación: 40.9
2025-10-23 08:27:26,259 - WARNING -    🔄 RESTAURANDO mejor solución...
2025-10-23 08:27:31,098 - WARNING - ⚠️  DEGRADACIÓN DETECTADA en iter 34100:
2025-10-23 08:27:31,098 - WARNING -    Mejor fitness: 147.5
2025-10-23 08:27:31,099 - WARNING -    Fitness promedio reciente: 126.6
2025-10-23 08:27:31,099 - WARNING -    Degradación: 20.9
2025-10-23 08:27:31,100 - WARNING -    🔄 RESTAURANDO mejor solución...
2025-10-23 08:27:31,101 - DEBUG - Iter 34100: T=12.21, Fitness_actual=147.5, Mejor=147.5
2025-10-23 08:27:40,573 - WARNING - ⚠️  DEGRADACIÓN DETECTADA en iter 34200:
2025-10-23 08:27:40,574 - WARNING -    Mejor fitness: 147.5
2025-10-23 08:27:40,574 - WARNING -    Fitness promedio reciente: 109.2
2025-10-23 08:27:40,575 - WARNING -    Degradación: 38.3
2025-10-23 08:27:40,575 - WARNING -    🔄 RESTAURANDO mejor solución...
2025-10-23 08:27:40,576 - DEBUG - Iter 34200: T=12.18, Fitness_actual=147.5, Mejor=147.5
2025-10-23 08:27:40,859 - INFO - Iter 34203: Aceptada solución con delta=-10.8 (T=12.18)
2025-10-23 08:27:40,860 - INFO -   📊 Desglose del cambio:
2025-10-23 08:27:40,860 - INFO -      Puntos: +0 → 16584 total
2025-10-23 08:27:40,861 - INFO -      Tiempo: -162.2min → 13034.6min total
2025-10-23 08:27:40,861 - INFO -      Distancia: +1.5km → 100.8km total
2025-10-23 08:27:50,115 - WARNING - ⚠️  DEGRADACIÓN DETECTADA en iter 34300:
2025-10-23 08:27:50,115 - WARNING -    Mejor fitness: 147.5
2025-10-23 08:27:50,116 - WARNING -    Fitness promedio reciente: 119.9
2025-10-23 08:27:50,116 - WARNING -    Degradación: 27.6
2025-10-23 08:27:50,117 - WARNING -    🔄 RESTAURANDO mejor solución...
2025-10-23 08:27:50,118 - DEBUG - Iter 34300: T=12.16, Fitness_actual=147.5, Mejor=147.5
2025-10-23 08:27:50,217 - INFO - Iter 34301: Aceptada solución con delta=-12.3 (T=12.16)
2025-10-23 08:27:50,217 - INFO -   📊 Desglose del cambio:
2025-10-23 08:27:50,218 - INFO -      Puntos: -5 → 16579 total
2025-10-23 08:27:50,218 - INFO -      Tiempo: +66.6min → 13266.1min total
2025-10-23 08:27:50,218 - INFO -      Distancia: -4.9km → 94.7km total
2025-10-23 08:27:59,692 - WARNING - ⚠️  DEGRADACIÓN DETECTADA en iter 34400:
2025-10-23 08:27:59,692 - WARNING -    Mejor fitness: 147.5
2025-10-23 08:27:59,693 - WARNING -    Fitness promedio reciente: 112.6
2025-10-23 08:27:59,693 - WARNING -    Degradación: 34.9
2025-10-23 08:27:59,694 - WARNING -    🔄 RESTAURANDO mejor solución...
2025-10-23 08:27:59,695 - DEBUG - Iter 34400: T=12.14, Fitness_actual=147.5, Mejor=147.5
2025-10-23 08:28:04,454 - WARNING - ⚠️  DEGRADACIÓN DETECTADA en iter 34450:
2025-10-23 08:28:04,455 - WARNING -    Mejor fitness: 147.5
2025-10-23 08:28:04,456 - WARNING -    Fitness promedio reciente: 118.9
2025-10-23 08:28:04,456 - WARNING -    Degradación: 28.7
2025-10-23 08:28:04,456 - WARNING -    🔄 RESTAURANDO mejor solución...
2025-10-23 08:28:09,252 - INFO -   Iter 34500 | Tiempo:   40.4min (16.8%) | T =    12.11 | Fitness =    125.9 | Mejor =    147.5 | Aceptación =  95.3%
2025-10-23 08:28:09,253 - INFO - Progreso iter 34500: T=12.11, Fitness=125.9, Mejor=147.5, Tasa_acept=95.3%
2025-10-23 08:28:09,256 - DEBUG - Iter 34500: T=12.11, Fitness_actual=125.9, Mejor=147.5
2025-10-23 08:28:14,064 - WARNING - ⚠️  DEGRADACIÓN DETECTADA en iter 34550:
2025-10-23 08:28:14,064 - WARNING -    Mejor fitness: 147.5
2025-10-23 08:28:14,065 - WARNING -    Fitness promedio reciente: 116.9
2025-10-23 08:28:14,065 - WARNING -    Degradación: 30.6
2025-10-23 08:28:14,065 - WARNING -    🔄 RESTAURANDO mejor solución...
2025-10-23 08:28:18,855 - WARNING - ⚠️  DEGRADACIÓN DETECTADA en iter 34600:
2025-10-23 08:28:18,856 - WARNING -    Mejor fitness: 147.5
2025-10-23 08:28:18,856 - WARNING -    Fitness promedio reciente: 125.3
2025-10-23 08:28:18,857 - WARNING -    Degradación: 22.3
2025-10-23 08:28:18,857 - WARNING -    🔄 RESTAURANDO mejor solución...
2025-10-23 08:28:18,863 - DEBUG - Iter 34600: T=12.09, Fitness_actual=147.5, Mejor=147.5
2025-10-23 08:28:28,436 - WARNING - ⚠️  DEGRADACIÓN DETECTADA en iter 34700:
2025-10-23 08:28:28,436 - WARNING -    Mejor fitness: 147.5
2025-10-23 08:28:28,437 - WARNING -    Fitness promedio reciente: 108.3
2025-10-23 08:28:28,437 - WARNING -    Degradación: 39.2
2025-10-23 08:28:28,437 - WARNING -    🔄 RESTAURANDO mejor solución...
2025-10-23 08:28:28,439 - DEBUG - Iter 34700: T=12.06, Fitness_actual=147.5, Mejor=147.5
2025-10-23 08:28:38,007 - WARNING - ⚠️  DEGRADACIÓN DETECTADA en iter 34800:
2025-10-23 08:28:38,007 - WARNING -    Mejor fitness: 147.5
2025-10-23 08:28:38,008 - WARNING -    Fitness promedio reciente: 106.4
2025-10-23 08:28:38,008 - WARNING -    Degradación: 41.2
2025-10-23 08:28:38,008 - WARNING -    🔄 RESTAURANDO mejor solución...
2025-10-23 08:28:38,013 - DEBUG - Iter 34800: T=12.04, Fitness_actual=147.5, Mejor=147.5
2025-10-23 08:28:47,589 - WARNING - ⚠️  DEGRADACIÓN DETECTADA en iter 34900:
2025-10-23 08:28:47,589 - WARNING -    Mejor fitness: 147.5
2025-10-23 08:28:47,590 - WARNING -    Fitness promedio reciente: 94.2
2025-10-23 08:28:47,590 - WARNING -    Degradación: 53.3
2025-10-23 08:28:47,590 - WARNING -    🔄 RESTAURANDO mejor solución...
2025-10-23 08:28:47,593 - DEBUG - Iter 34900: T=12.02, Fitness_actual=147.5, Mejor=147.5
2025-10-23 08:28:48,355 - INFO - Iter 34908: Aceptada solución con delta=-10.3 (T=12.02)
2025-10-23 08:28:48,355 - INFO -   📊 Desglose del cambio:
2025-10-23 08:28:48,355 - INFO -      Puntos: -832 → 15697 total
2025-10-23 08:28:48,356 - INFO -      Tiempo: -730.6min → 12641.4min total
2025-10-23 08:28:48,356 - INFO -      Distancia: -5.5km → 98.9km total
2025-10-23 08:28:57,089 - INFO -   Iter 35000 | Tiempo:   41.2min (17.2%) | T =    11.99 | Fitness =    117.7 | Mejor =    147.5 | Aceptación =  95.2%
2025-10-23 08:28:57,089 - INFO - Progreso iter 35000: T=11.99, Fitness=117.7, Mejor=147.5, Tasa_acept=95.2%
2025-10-23 08:28:57,090 - WARNING - ⚠️  DEGRADACIÓN DETECTADA en iter 35000:
2025-10-23 08:28:57,090 - WARNING -    Mejor fitness: 147.5
2025-10-23 08:28:57,091 - WARNING -    Fitness promedio reciente: 122.4
2025-10-23 08:28:57,091 - WARNING -    Degradación: 25.1
2025-10-23 08:28:57,091 - WARNING -    🔄 RESTAURANDO mejor solución...
2025-10-23 08:28:57,092 - DEBUG - Iter 35000: T=11.99, Fitness_actual=147.5, Mejor=147.5
2025-10-23 08:28:57,187 - INFO - 🌟 MEJORA #212 en iter 35001: Fitness=147.5 (+0.0), Puntos=16584
2025-10-23 08:28:57,282 - INFO - Iter 35002: Aceptada solución con delta=-10.4 (T=11.99)
2025-10-23 08:28:57,283 - INFO -   📊 Desglose del cambio:
2025-10-23 08:28:57,283 - INFO -      Puntos: -837 → 15747 total
2025-10-23 08:28:57,284 - INFO -      Tiempo: -811.4min → 12380.7min total
2025-10-23 08:28:57,284 - INFO -      Distancia: -3.4km → 95.5km total
2025-10-23 08:29:06,656 - DEBUG - Iter 35100: T=11.97, Fitness_actual=103.5, Mejor=147.5
2025-10-23 08:29:11,430 - WARNING - ⚠️  DEGRADACIÓN DETECTADA en iter 35150:
2025-10-23 08:29:11,431 - WARNING -    Mejor fitness: 147.5
2025-10-23 08:29:11,431 - WARNING -    Fitness promedio reciente: 102.6
2025-10-23 08:29:11,431 - WARNING -    Degradación: 44.9
2025-10-23 08:29:11,432 - WARNING -    🔄 RESTAURANDO mejor solución...
2025-10-23 08:29:16,187 - WARNING - ⚠️  DEGRADACIÓN DETECTADA en iter 35200:
2025-10-23 08:29:16,187 - WARNING -    Mejor fitness: 147.5
2025-10-23 08:29:16,187 - WARNING -    Fitness promedio reciente: 125.2
2025-10-23 08:29:16,188 - WARNING -    Degradación: 22.3
2025-10-23 08:29:16,188 - WARNING -    🔄 RESTAURANDO mejor solución...
2025-10-23 08:29:16,192 - DEBUG - Iter 35200: T=11.95, Fitness_actual=147.5, Mejor=147.5
2025-10-23 08:29:25,735 - WARNING - ⚠️  DEGRADACIÓN DETECTADA en iter 35300:
2025-10-23 08:29:25,735 - WARNING -    Mejor fitness: 147.5
2025-10-23 08:29:25,736 - WARNING -    Fitness promedio reciente: 106.2
2025-10-23 08:29:25,736 - WARNING -    Degradación: 41.4
2025-10-23 08:29:25,736 - WARNING -    🔄 RESTAURANDO mejor solución...
2025-10-23 08:29:25,738 - DEBUG - Iter 35300: T=11.92, Fitness_actual=147.5, Mejor=147.5
2025-10-23 08:29:25,738 - INFO - 🌟 MEJORA #213 en iter 35300: Fitness=147.5 (+0.0), Puntos=16584
2025-10-23 08:29:25,838 - INFO - Iter 35301: Aceptada solución con delta=-12.8 (T=11.92)
2025-10-23 08:29:25,838 - INFO -   📊 Desglose del cambio:
2025-10-23 08:29:25,839 - INFO -      Puntos: -4 → 16580 total
2025-10-23 08:29:25,839 - INFO -      Tiempo: +168.9min → 13360.8min total
2025-10-23 08:29:25,839 - INFO -      Distancia: -2.2km → 96.7km total
2025-10-23 08:29:35,592 - DEBUG - Iter 35400: T=11.90, Fitness_actual=76.6, Mejor=147.5
2025-10-23 08:29:40,584 - WARNING - ⚠️  DEGRADACIÓN DETECTADA en iter 35450:
2025-10-23 08:29:40,584 - WARNING -    Mejor fitness: 147.5
2025-10-23 08:29:40,585 - WARNING -    Fitness promedio reciente: 86.7
2025-10-23 08:29:40,585 - WARNING -    Degradación: 60.9
2025-10-23 08:29:40,585 - WARNING -    🔄 RESTAURANDO mejor solución...
2025-10-23 08:29:45,392 - INFO -   Iter 35500 | Tiempo:   42.0min (17.5%) | T =    11.87 | Fitness =    105.2 | Mejor =    147.5 | Aceptación =  95.2%
2025-10-23 08:29:45,392 - INFO - Progreso iter 35500: T=11.87, Fitness=105.2, Mejor=147.5, Tasa_acept=95.2%
2025-10-23 08:29:45,394 - DEBUG - Iter 35500: T=11.87, Fitness_actual=105.2, Mejor=147.5
2025-10-23 08:29:50,184 - WARNING - ⚠️  DEGRADACIÓN DETECTADA en iter 35550:
2025-10-23 08:29:50,185 - WARNING -    Mejor fitness: 147.5
2025-10-23 08:29:50,185 - WARNING -    Fitness promedio reciente: 97.9
2025-10-23 08:29:50,186 - WARNING -    Degradación: 49.7
2025-10-23 08:29:50,186 - WARNING -    🔄 RESTAURANDO mejor solución...
2025-10-23 08:29:50,575 - INFO - Iter 35554: Aceptada solución con delta=-10.5 (T=11.86)
2025-10-23 08:29:50,575 - INFO -   📊 Desglose del cambio:
2025-10-23 08:29:50,576 - INFO -      Puntos: -550 → 16034 total
2025-10-23 08:29:50,576 - INFO -      Tiempo: -227.8min → 12979.4min total
2025-10-23 08:29:50,576 - INFO -      Distancia: -1.5km → 98.7km total
2025-10-23 08:29:55,006 - WARNING - ⚠️  DEGRADACIÓN DETECTADA en iter 35600:
2025-10-23 08:29:55,006 - WARNING -    Mejor fitness: 147.5
2025-10-23 08:29:55,007 - WARNING -    Fitness promedio reciente: 123.1
2025-10-23 08:29:55,007 - WARNING -    Degradación: 24.4
2025-10-23 08:29:55,008 - WARNING -    🔄 RESTAURANDO mejor solución...
2025-10-23 08:29:55,009 - DEBUG - Iter 35600: T=11.85, Fitness_actual=147.5, Mejor=147.5
2025-10-23 08:29:55,106 - INFO - 🌟 MEJORA #214 en iter 35601: Fitness=147.5 (+0.0), Puntos=16584
2025-10-23 08:29:56,077 - INFO - Iter 35611: Aceptada solución con delta=-10.5 (T=11.85)
2025-10-23 08:29:56,090 - INFO -   📊 Desglose del cambio:
2025-10-23 08:29:56,091 - INFO -      Puntos: -847 → 15782 total
2025-10-23 08:29:56,091 - INFO -      Tiempo: -596.6min → 12752.5min total
2025-10-23 08:29:56,091 - INFO -      Distancia: -5.5km → 103.1km total
2025-10-23 08:30:04,790 - DEBUG - Iter 35700: T=11.83, Fitness_actual=99.8, Mejor=147.5
2025-10-23 08:30:09,805 - WARNING - ⚠️  DEGRADACIÓN DETECTADA en iter 35750:
2025-10-23 08:30:09,805 - WARNING -    Mejor fitness: 147.5
2025-10-23 08:30:09,806 - WARNING -    Fitness promedio reciente: 99.1
2025-10-23 08:30:09,806 - WARNING -    Degradación: 48.4
2025-10-23 08:30:09,806 - WARNING -    🔄 RESTAURANDO mejor solución...
2025-10-23 08:30:09,904 - INFO - 🌟 MEJORA #215 en iter 35751: Fitness=147.5 (+0.0), Puntos=16584
2025-10-23 08:30:09,904 - INFO -   ✨ Mejora #215 en iteración 35752: Fitness = 147.5 | Puntos = 16584 | T = 11.81
2025-10-23 08:30:14,714 - DEBUG - Iter 35800: T=11.80, Fitness_actual=123.5, Mejor=147.5
2025-10-23 08:30:24,580 - WARNING - ⚠️  DEGRADACIÓN DETECTADA en iter 35900:
2025-10-23 08:30:24,580 - WARNING -    Mejor fitness: 147.5
2025-10-23 08:30:24,581 - WARNING -    Fitness promedio reciente: 105.2
2025-10-23 08:30:24,581 - WARNING -    Degradación: 42.4
2025-10-23 08:30:24,581 - WARNING -    🔄 RESTAURANDO mejor solución...
2025-10-23 08:30:24,583 - DEBUG - Iter 35900: T=11.78, Fitness_actual=147.5, Mejor=147.5
2025-10-23 08:30:24,583 - INFO - 🌟 MEJORA #216 en iter 35900: Fitness=147.6 (+0.0), Puntos=16585
2025-10-23 08:30:34,296 - INFO -   Iter 36000 | Tiempo:   42.8min (17.8%) | T =    11.76 | Fitness =    103.5 | Mejor =    147.6 | Aceptación =  95.2%
2025-10-23 08:30:34,296 - INFO - Progreso iter 36000: T=11.76, Fitness=103.5, Mejor=147.6, Tasa_acept=95.2%
2025-10-23 08:30:34,300 - DEBUG - Iter 36000: T=11.76, Fitness_actual=103.5, Mejor=147.6
2025-10-23 08:30:39,167 - WARNING - ⚠️  DEGRADACIÓN DETECTADA en iter 36050:
2025-10-23 08:30:39,167 - WARNING -    Mejor fitness: 147.6
2025-10-23 08:30:39,168 - WARNING -    Fitness promedio reciente: 93.4
2025-10-23 08:30:39,168 - WARNING -    Degradación: 54.2
2025-10-23 08:30:39,168 - WARNING -    🔄 RESTAURANDO mejor solución...
2025-10-23 08:30:41,330 - INFO - Iter 36072: Aceptada solución con delta=-12.5 (T=11.74)
2025-10-23 08:30:41,330 - INFO -   📊 Desglose del cambio:
2025-10-23 08:30:41,331 - INFO -      Puntos: +0 → 16566 total
2025-10-23 08:30:41,331 - INFO -      Tiempo: -120.0min → 13307.4min total
2025-10-23 08:30:41,332 - INFO -      Distancia: -0.0km → 95.6km total
2025-10-23 08:30:44,090 - WARNING - ⚠️  DEGRADACIÓN DETECTADA en iter 36100:
2025-10-23 08:30:44,090 - WARNING -    Mejor fitness: 147.6
2025-10-23 08:30:44,091 - WARNING -    Fitness promedio reciente: 127.1
2025-10-23 08:30:44,091 - WARNING -    Degradación: 20.4
2025-10-23 08:30:44,091 - WARNING -    🔄 RESTAURANDO mejor solución...
2025-10-23 08:30:44,095 - DEBUG - Iter 36100: T=11.73, Fitness_actual=147.6, Mejor=147.6
2025-10-23 08:30:49,008 - WARNING - ⚠️  DEGRADACIÓN DETECTADA en iter 36150:
2025-10-23 08:30:49,008 - WARNING -    Mejor fitness: 147.6
2025-10-23 08:30:49,009 - WARNING -    Fitness promedio reciente: 120.8
2025-10-23 08:30:49,009 - WARNING -    Degradación: 26.7
2025-10-23 08:30:49,009 - WARNING -    🔄 RESTAURANDO mejor solución...
2025-10-23 08:30:49,011 - INFO - Iter 36150: Aceptada solución con delta=-10.4 (T=11.72)
2025-10-23 08:30:49,011 - INFO -   📊 Desglose del cambio:
2025-10-23 08:30:49,011 - INFO -      Puntos: -836 → 15749 total
2025-10-23 08:30:49,012 - INFO -      Tiempo: -536.1min → 12653.4min total
2025-10-23 08:30:49,012 - INFO -      Distancia: -2.2km → 96.1km total
2025-10-23 08:30:53,901 - WARNING - ⚠️  DEGRADACIÓN DETECTADA en iter 36200:
2025-10-23 08:30:53,901 - WARNING -    Mejor fitness: 147.6
2025-10-23 08:30:53,902 - WARNING -    Fitness promedio reciente: 124.8
2025-10-23 08:30:53,902 - WARNING -    Degradación: 22.8
2025-10-23 08:30:53,902 - WARNING -    🔄 RESTAURANDO mejor solución...
2025-10-23 08:30:53,904 - DEBUG - Iter 36200: T=11.71, Fitness_actual=147.6, Mejor=147.6
2025-10-23 08:31:03,646 - WARNING - ⚠️  DEGRADACIÓN DETECTADA en iter 36300:
2025-10-23 08:31:03,647 - WARNING -    Mejor fitness: 147.6
2025-10-23 08:31:03,647 - WARNING -    Fitness promedio reciente: 116.0
2025-10-23 08:31:03,647 - WARNING -    Degradación: 31.6
2025-10-23 08:31:03,648 - WARNING -    🔄 RESTAURANDO mejor solución...
2025-10-23 08:31:03,651 - DEBUG - Iter 36300: T=11.68, Fitness_actual=147.6, Mejor=147.6
2025-10-23 08:31:03,845 - INFO - 🌟 MEJORA #217 en iter 36302: Fitness=147.6 (+0.0), Puntos=16585
2025-10-23 08:31:13,503 - DEBUG - Iter 36400: T=11.66, Fitness_actual=113.2, Mejor=147.6
2025-10-23 08:31:18,419 - WARNING - ⚠️  DEGRADACIÓN DETECTADA en iter 36450:
2025-10-23 08:31:18,419 - WARNING -    Mejor fitness: 147.6
2025-10-23 08:31:18,420 - WARNING -    Fitness promedio reciente: 102.1
2025-10-23 08:31:18,420 - WARNING -    Degradación: 45.5
2025-10-23 08:31:18,420 - WARNING -    🔄 RESTAURANDO mejor solución...
2025-10-23 08:31:23,369 - INFO -   Iter 36500 | Tiempo:   43.6min (18.2%) | T =    11.64 | Fitness =    122.7 | Mejor =    147.6 | Aceptación =  95.2%
2025-10-23 08:31:23,370 - INFO - Progreso iter 36500: T=11.64, Fitness=122.7, Mejor=147.6, Tasa_acept=95.2%
2025-10-23 08:31:23,373 - DEBUG - Iter 36500: T=11.64, Fitness_actual=122.7, Mejor=147.6
2025-10-23 08:31:28,277 - WARNING - ⚠️  DEGRADACIÓN DETECTADA en iter 36550:
2025-10-23 08:31:28,278 - WARNING -    Mejor fitness: 147.6
2025-10-23 08:31:28,278 - WARNING -    Fitness promedio reciente: 104.1
2025-10-23 08:31:28,278 - WARNING -    Degradación: 43.5
2025-10-23 08:31:28,279 - WARNING -    🔄 RESTAURANDO mejor solución...
2025-10-23 08:31:28,283 - INFO - Iter 36550: Aceptada solución con delta=-10.4 (T=11.62)
2025-10-23 08:31:28,283 - INFO -   📊 Desglose del cambio:
2025-10-23 08:31:28,283 - INFO -      Puntos: -10 → 16575 total
2025-10-23 08:31:28,283 - INFO -      Tiempo: +567.8min → 13753.8min total
2025-10-23 08:31:28,283 - INFO -      Distancia: -0.2km → 97.8km total
2025-10-23 08:31:33,193 - WARNING - ⚠️  DEGRADACIÓN DETECTADA en iter 36600:
2025-10-23 08:31:33,194 - WARNING -    Mejor fitness: 147.6
2025-10-23 08:31:33,194 - WARNING -    Fitness promedio reciente: 123.0
2025-10-23 08:31:33,195 - WARNING -    Degradación: 24.6
2025-10-23 08:31:33,195 - WARNING -    🔄 RESTAURANDO mejor solución...
2025-10-23 08:31:33,196 - DEBUG - Iter 36600: T=11.61, Fitness_actual=147.6, Mejor=147.6
2025-10-23 08:31:33,196 - INFO - 🌟 MEJORA #218 en iter 36600: Fitness=147.6 (+0.0), Puntos=16585
2025-10-23 08:31:36,238 - INFO - Iter 36631: Aceptada solución con delta=-15.0 (T=11.61)
2025-10-23 08:31:36,238 - INFO -   📊 Desglose del cambio:
2025-10-23 08:31:36,238 - INFO -      Puntos: +0 → 16553 total
2025-10-23 08:31:36,239 - INFO -      Tiempo: +179.5min → 13274.9min total
2025-10-23 08:31:36,239 - INFO -      Distancia: -0.0km → 93.7km total
2025-10-23 08:31:37,215 - INFO - Iter 36641: Aceptada solución con delta=+13.0 (T=11.60)
2025-10-23 08:31:37,215 - INFO -   📊 Desglose del cambio:
2025-10-23 08:31:37,216 - INFO -      Puntos: +0 → 16088 total
2025-10-23 08:31:37,216 - INFO -      Tiempo: -120.0min → 12985.5min total
2025-10-23 08:31:37,216 - INFO -      Distancia: +0.0km → 97.5km total
2025-10-23 08:31:43,007 - DEBUG - Iter 36700: T=11.59, Fitness_actual=102.7, Mejor=147.6
2025-10-23 08:31:47,978 - WARNING - ⚠️  DEGRADACIÓN DETECTADA en iter 36750:
2025-10-23 08:31:47,978 - WARNING -    Mejor fitness: 147.6
2025-10-23 08:31:47,979 - WARNING -    Fitness promedio reciente: 99.6
2025-10-23 08:31:47,979 - WARNING -    Degradación: 48.0
2025-10-23 08:31:47,979 - WARNING -    🔄 RESTAURANDO mejor solución...
2025-10-23 08:31:52,928 - DEBUG - Iter 36800: T=11.57, Fitness_actual=113.1, Mejor=147.6
2025-10-23 08:31:57,911 - WARNING - ⚠️  DEGRADACIÓN DETECTADA en iter 36850:
2025-10-23 08:31:57,911 - WARNING -    Mejor fitness: 147.6
2025-10-23 08:31:57,912 - WARNING -    Fitness promedio reciente: 105.7
2025-10-23 08:31:57,912 - WARNING -    Degradación: 41.9
2025-10-23 08:31:57,912 - WARNING -    🔄 RESTAURANDO mejor solución...
2025-10-23 08:31:57,913 - INFO - Iter 36850: Aceptada solución con delta=-10.4 (T=11.55)
2025-10-23 08:31:57,914 - INFO -   📊 Desglose del cambio:
2025-10-23 08:31:57,914 - INFO -      Puntos: -840 → 15745 total
2025-10-23 08:31:57,914 - INFO -      Tiempo: -631.4min → 12554.0min total
2025-10-23 08:31:57,914 - INFO -      Distancia: -3.4km → 94.5km total
2025-10-23 08:32:02,818 - WARNING - ⚠️  DEGRADACIÓN DETECTADA en iter 36900:
2025-10-23 08:32:02,818 - WARNING -    Mejor fitness: 147.6
2025-10-23 08:32:02,819 - WARNING -    Fitness promedio reciente: 119.4
2025-10-23 08:32:02,819 - WARNING -    Degradación: 28.2
2025-10-23 08:32:02,819 - WARNING -    🔄 RESTAURANDO mejor solución...
2025-10-23 08:32:02,823 - DEBUG - Iter 36900: T=11.54, Fitness_actual=147.6, Mejor=147.6
2025-10-23 08:32:07,812 - WARNING - ⚠️  DEGRADACIÓN DETECTADA en iter 36950:
2025-10-23 08:32:07,812 - WARNING -    Mejor fitness: 147.6
2025-10-23 08:32:07,813 - WARNING -    Fitness promedio reciente: 124.9
2025-10-23 08:32:07,813 - WARNING -    Degradación: 22.7
2025-10-23 08:32:07,813 - WARNING -    🔄 RESTAURANDO mejor solución...
2025-10-23 08:32:12,730 - INFO -   Iter 37000 | Tiempo:   44.4min (18.5%) | T =    11.52 | Fitness =    119.4 | Mejor =    147.6 | Aceptación =  95.1%
2025-10-23 08:32:12,730 - INFO - Progreso iter 37000: T=11.52, Fitness=119.4, Mejor=147.6, Tasa_acept=95.1%
2025-10-23 08:32:12,732 - DEBUG - Iter 37000: T=11.52, Fitness_actual=119.4, Mejor=147.6
2025-10-23 08:32:17,625 - WARNING - ⚠️  DEGRADACIÓN DETECTADA en iter 37050:
2025-10-23 08:32:17,625 - WARNING -    Mejor fitness: 147.6
2025-10-23 08:32:17,626 - WARNING -    Fitness promedio reciente: 114.9
2025-10-23 08:32:17,626 - WARNING -    Degradación: 32.6
2025-10-23 08:32:17,627 - WARNING -    🔄 RESTAURANDO mejor solución...
2025-10-23 08:32:17,628 - INFO - 🌟 MEJORA #219 en iter 37050: Fitness=147.6 (+0.0), Puntos=16585
2025-10-23 08:32:20,293 - INFO - Iter 37077: Aceptada solución con delta=-11.0 (T=11.50)
2025-10-23 08:32:20,293 - INFO -   📊 Desglose del cambio:
2025-10-23 08:32:20,293 - INFO -      Puntos: +0 → 16349 total
2025-10-23 08:32:20,294 - INFO -      Tiempo: +71.3min → 12972.3min total
2025-10-23 08:32:20,294 - INFO -      Distancia: +0.9km → 99.8km total
2025-10-23 08:32:22,569 - DEBUG - Iter 37100: T=11.50, Fitness_actual=109.3, Mejor=147.6
2025-10-23 08:32:25,151 - WARNING - ================================================================================
2025-10-23 08:32:25,151 - WARNING - ⚠️  SALTO ANORMAL DETECTADO en iteración 37126
2025-10-23 08:32:25,152 - WARNING -    Fitness actual: 113.3
2025-10-23 08:32:25,152 - WARNING -    Fitness vecino: 91.6
2025-10-23 08:32:25,153 - WARNING -    Delta: -21.7
2025-10-23 08:32:25,153 - WARNING -    Temperatura: 11.49
2025-10-23 08:32:25,153 - WARNING -    Tipo perturbación aplicada: (ver generar_vecino)
2025-10-23 08:32:25,153 - WARNING -    Vecino - Puntos: 16081, Tiempo: 14535.0min, Distancia: 222.5km
2025-10-23 08:32:25,153 - WARNING -    Actual - Puntos: 15846, Tiempo: 13111.9min, Distancia: 126.4km
2025-10-23 08:32:25,154 - WARNING -    Validez restricciones - Vecino: False, Actual: False
2025-10-23 08:32:25,154 - WARNING - ================================================================================
2025-10-23 08:32:25,154 - WARNING - ⚠️  SALTO ANORMAL DETECTADO en iteración 37126
2025-10-23 08:32:25,155 - WARNING -    Fitness: 113.3 → 91.6 (Δ=-21.7)
2025-10-23 08:32:25,155 - WARNING -    Ver detalles en archivo de log
2025-10-23 08:32:32,480 - WARNING - ⚠️  DEGRADACIÓN DETECTADA en iter 37200:
2025-10-23 08:32:32,480 - WARNING -    Mejor fitness: 147.6
2025-10-23 08:32:32,481 - WARNING -    Fitness promedio reciente: 96.3
2025-10-23 08:32:32,481 - WARNING -    Degradación: 51.2
2025-10-23 08:32:32,481 - WARNING -    🔄 RESTAURANDO mejor solución...
2025-10-23 08:32:32,485 - DEBUG - Iter 37200: T=11.47, Fitness_actual=147.6, Mejor=147.6
2025-10-23 08:32:37,432 - WARNING - ⚠️  DEGRADACIÓN DETECTADA en iter 37250:
2025-10-23 08:32:37,433 - WARNING -    Mejor fitness: 147.6
2025-10-23 08:32:37,433 - WARNING -    Fitness promedio reciente: 126.4
2025-10-23 08:32:37,433 - WARNING -    Degradación: 21.2
2025-10-23 08:32:37,434 - WARNING -    🔄 RESTAURANDO mejor solución...
2025-10-23 08:32:42,407 - WARNING - ⚠️  DEGRADACIÓN DETECTADA en iter 37300:
2025-10-23 08:32:42,408 - WARNING -    Mejor fitness: 147.6
2025-10-23 08:32:42,408 - WARNING -    Fitness promedio reciente: 123.9
2025-10-23 08:32:42,409 - WARNING -    Degradación: 23.6
2025-10-23 08:32:42,409 - WARNING -    🔄 RESTAURANDO mejor solución...
2025-10-23 08:32:42,414 - DEBUG - Iter 37300: T=11.45, Fitness_actual=147.6, Mejor=147.6
2025-10-23 08:32:42,512 - INFO - 🌟 MEJORA #220 en iter 37301: Fitness=147.6 (+0.0), Puntos=16585
2025-10-23 08:32:42,513 - INFO -   ✨ Mejora #220 en iteración 37302: Fitness = 147.6 | Puntos = 16585 | T = 11.45
2025-10-23 08:32:45,498 - INFO - Iter 37331: Aceptada solución con delta=-14.5 (T=11.44)
2025-10-23 08:32:45,498 - INFO -   📊 Desglose del cambio:
2025-10-23 08:32:45,498 - INFO -      Puntos: +0 → 16439 total
2025-10-23 08:32:45,499 - INFO -      Tiempo: -190.4min → 12899.9min total
2025-10-23 08:32:45,499 - INFO -      Distancia: -0.9km → 110.0km total
2025-10-23 08:32:52,300 - DEBUG - Iter 37400: T=11.42, Fitness_actual=108.2, Mejor=147.6
2025-10-23 08:32:57,226 - WARNING - ⚠️  DEGRADACIÓN DETECTADA en iter 37450:
2025-10-23 08:32:57,226 - WARNING -    Mejor fitness: 147.6
2025-10-23 08:32:57,227 - WARNING -    Fitness promedio reciente: 102.0
2025-10-23 08:32:57,227 - WARNING -    Degradación: 45.5
2025-10-23 08:32:57,227 - WARNING -    🔄 RESTAURANDO mejor solución...
2025-10-23 08:32:57,231 - INFO - Iter 37450: Aceptada solución con delta=-11.3 (T=11.41)
2025-10-23 08:32:57,232 - INFO -   📊 Desglose del cambio:
2025-10-23 08:32:57,232 - INFO -      Puntos: -1 → 16584 total
2025-10-23 08:32:57,232 - INFO -      Tiempo: -181.2min → 12995.9min total
2025-10-23 08:32:57,232 - INFO -      Distancia: -3.9km → 93.4km total
2025-10-23 08:32:58,433 - INFO - Iter 37462: Aceptada solución con delta=-13.2 (T=11.41)
2025-10-23 08:32:58,433 - INFO -   📊 Desglose del cambio:
2025-10-23 08:32:58,433 - INFO -      Puntos: -19 → 16234 total
2025-10-23 08:32:58,434 - INFO -      Tiempo: -146.1min → 12866.5min total
2025-10-23 08:32:58,434 - INFO -      Distancia: +0.3km → 101.0km total
2025-10-23 08:33:02,221 - INFO -   Iter 37500 | Tiempo:   45.3min (18.9%) | T =    11.40 | Fitness =     98.4 | Mejor =    147.6 | Aceptación =  95.1%
2025-10-23 08:33:02,221 - INFO - Progreso iter 37500: T=11.40, Fitness=98.4, Mejor=147.6, Tasa_acept=95.1%
2025-10-23 08:33:02,222 - WARNING - ⚠️  DEGRADACIÓN DETECTADA en iter 37500:
2025-10-23 08:33:02,222 - WARNING -    Mejor fitness: 147.6
2025-10-23 08:33:02,223 - WARNING -    Fitness promedio reciente: 113.2
2025-10-23 08:33:02,223 - WARNING -    Degradación: 34.3
2025-10-23 08:33:02,223 - WARNING -    🔄 RESTAURANDO mejor solución...
2025-10-23 08:33:02,227 - DEBUG - Iter 37500: T=11.40, Fitness_actual=147.6, Mejor=147.6
2025-10-23 08:33:02,331 - INFO - Iter 37501: Aceptada solución con delta=-13.8 (T=11.40)
2025-10-23 08:33:02,331 - INFO -   📊 Desglose del cambio:
2025-10-23 08:33:02,332 - INFO -      Puntos: -1 → 16584 total
2025-10-23 08:33:02,332 - INFO -      Tiempo: +368.6min → 13545.8min total
2025-10-23 08:33:02,332 - INFO -      Distancia: -3.0km → 94.2km total
2025-10-23 08:33:07,224 - WARNING - ⚠️  DEGRADACIÓN DETECTADA en iter 37550:
2025-10-23 08:33:07,224 - WARNING -    Mejor fitness: 147.6
2025-10-23 08:33:07,224 - WARNING -    Fitness promedio reciente: 126.0
2025-10-23 08:33:07,225 - WARNING -    Degradación: 21.6
2025-10-23 08:33:07,225 - WARNING -    🔄 RESTAURANDO mejor solución...
2025-10-23 08:33:12,205 - DEBUG - Iter 37600: T=11.38, Fitness_actual=124.8, Mejor=147.6
2025-10-23 08:33:17,207 - WARNING - ⚠️  DEGRADACIÓN DETECTADA en iter 37650:
2025-10-23 08:33:17,207 - WARNING -    Mejor fitness: 147.6
2025-10-23 08:33:17,208 - WARNING -    Fitness promedio reciente: 117.1
2025-10-23 08:33:17,208 - WARNING -    Degradación: 30.4
2025-10-23 08:33:17,208 - WARNING -    🔄 RESTAURANDO mejor solución...
2025-10-23 08:33:22,165 - WARNING - ⚠️  DEGRADACIÓN DETECTADA en iter 37700:
2025-10-23 08:33:22,165 - WARNING -    Mejor fitness: 147.6
2025-10-23 08:33:22,166 - WARNING -    Fitness promedio reciente: 124.4
2025-10-23 08:33:22,166 - WARNING -    Degradación: 23.2
2025-10-23 08:33:22,166 - WARNING -    🔄 RESTAURANDO mejor solución...
2025-10-23 08:33:22,168 - DEBUG - Iter 37700: T=11.35, Fitness_actual=147.6, Mejor=147.6
2025-10-23 08:33:27,152 - WARNING - ⚠️  DEGRADACIÓN DETECTADA en iter 37750:
2025-10-23 08:33:27,152 - WARNING -    Mejor fitness: 147.6
2025-10-23 08:33:27,155 - WARNING -    Fitness promedio reciente: 115.5
2025-10-23 08:33:27,155 - WARNING -    Degradación: 32.1
2025-10-23 08:33:27,155 - WARNING -    🔄 RESTAURANDO mejor solución...
2025-10-23 08:33:32,162 - DEBUG - Iter 37800: T=11.33, Fitness_actual=114.5, Mejor=147.6
2025-10-23 08:33:37,164 - WARNING - ⚠️  DEGRADACIÓN DETECTADA en iter 37850:
2025-10-23 08:33:37,165 - WARNING -    Mejor fitness: 147.6
2025-10-23 08:33:37,165 - WARNING -    Fitness promedio reciente: 108.9
2025-10-23 08:33:37,166 - WARNING -    Degradación: 38.7
2025-10-23 08:33:37,166 - WARNING -    🔄 RESTAURANDO mejor solución...
2025-10-23 08:33:42,138 - WARNING - ⚠️  DEGRADACIÓN DETECTADA en iter 37900:
2025-10-23 08:33:42,138 - WARNING -    Mejor fitness: 147.6
2025-10-23 08:33:42,139 - WARNING -    Fitness promedio reciente: 125.7
2025-10-23 08:33:42,139 - WARNING -    Degradación: 21.9
2025-10-23 08:33:42,139 - WARNING -    🔄 RESTAURANDO mejor solución...
2025-10-23 08:33:42,141 - DEBUG - Iter 37900: T=11.31, Fitness_actual=147.6, Mejor=147.6
2025-10-23 08:33:52,109 - INFO -   Iter 38000 | Tiempo:   46.1min (19.2%) | T =    11.28 | Fitness =    112.8 | Mejor =    147.6 | Aceptación =  95.1%
2025-10-23 08:33:52,109 - INFO - Progreso iter 38000: T=11.28, Fitness=112.8, Mejor=147.6, Tasa_acept=95.1%
2025-10-23 08:33:52,110 - WARNING - ⚠️  DEGRADACIÓN DETECTADA en iter 38000:
2025-10-23 08:33:52,110 - WARNING -    Mejor fitness: 147.6
2025-10-23 08:33:52,110 - WARNING -    Fitness promedio reciente: 118.6
2025-10-23 08:33:52,111 - WARNING -    Degradación: 29.0
2025-10-23 08:33:52,111 - WARNING -    🔄 RESTAURANDO mejor solución...
2025-10-23 08:33:52,112 - DEBUG - Iter 38000: T=11.28, Fitness_actual=147.6, Mejor=147.6
2025-10-23 08:33:57,795 - WARNING - ================================================================================
2025-10-23 08:33:57,795 - WARNING - ⚠️  SALTO ANORMAL DETECTADO en iteración 38057
2025-10-23 08:33:57,796 - WARNING -    Fitness actual: 118.8
2025-10-23 08:33:57,796 - WARNING -    Fitness vecino: 71.7
2025-10-23 08:33:57,796 - WARNING -    Delta: -47.2
2025-10-23 08:33:57,797 - WARNING -    Temperatura: 11.27
2025-10-23 08:33:57,797 - WARNING -    Tipo perturbación aplicada: (ver generar_vecino)
2025-10-23 08:33:57,797 - WARNING -    Vecino - Puntos: 15340, Tiempo: 15846.1min, Distancia: 309.0km
2025-10-23 08:33:57,798 - WARNING -    Actual - Puntos: 15747, Tiempo: 13418.8min, Distancia: 110.5km
2025-10-23 08:33:57,798 - WARNING -    Validez restricciones - Vecino: False, Actual: False
2025-10-23 08:33:57,798 - WARNING - ================================================================================
2025-10-23 08:33:57,799 - WARNING - ⚠️  SALTO ANORMAL DETECTADO en iteración 38057
2025-10-23 08:33:57,799 - WARNING -    Fitness: 118.8 → 71.7 (Δ=-47.2)
2025-10-23 08:33:57,800 - WARNING -    Ver detalles en archivo de log
2025-10-23 08:34:02,106 - WARNING - ⚠️  DEGRADACIÓN DETECTADA en iter 38100:
2025-10-23 08:34:02,106 - WARNING -    Mejor fitness: 147.6
2025-10-23 08:34:02,107 - WARNING -    Fitness promedio reciente: 109.2
2025-10-23 08:34:02,107 - WARNING -    Degradación: 38.4
2025-10-23 08:34:02,108 - WARNING -    🔄 RESTAURANDO mejor solución...
2025-10-23 08:34:02,111 - DEBUG - Iter 38100: T=11.26, Fitness_actual=147.6, Mejor=147.6
2025-10-23 08:34:07,193 - WARNING - ⚠️  DEGRADACIÓN DETECTADA en iter 38150:
2025-10-23 08:34:07,193 - WARNING -    Mejor fitness: 147.6
2025-10-23 08:34:07,193 - WARNING -    Fitness promedio reciente: 124.5
2025-10-23 08:34:07,194 - WARNING -    Degradación: 23.0
2025-10-23 08:34:07,194 - WARNING -    🔄 RESTAURANDO mejor solución...
2025-10-23 08:34:12,242 - WARNING - ⚠️  DEGRADACIÓN DETECTADA en iter 38200:
2025-10-23 08:34:12,242 - WARNING -    Mejor fitness: 147.6
2025-10-23 08:34:12,243 - WARNING -    Fitness promedio reciente: 126.5
2025-10-23 08:34:12,243 - WARNING -    Degradación: 21.0
2025-10-23 08:34:12,243 - WARNING -    🔄 RESTAURANDO mejor solución...
2025-10-23 08:34:12,245 - DEBUG - Iter 38200: T=11.24, Fitness_actual=147.6, Mejor=147.6
2025-10-23 08:34:12,245 - INFO - 🌟 MEJORA #221 en iter 38200: Fitness=148.5 (+1.0), Puntos=16583
2025-10-23 08:34:12,345 - INFO - 🌟 MEJORA #222 en iter 38201: Fitness=148.5 (+0.0), Puntos=16583
2025-10-23 08:34:22,494 - DEBUG - Iter 38300: T=11.21, Fitness_actual=102.0, Mejor=148.5
2025-10-23 08:34:27,585 - WARNING - ⚠️  DEGRADACIÓN DETECTADA en iter 38350:
2025-10-23 08:34:27,585 - WARNING -    Mejor fitness: 148.5
2025-10-23 08:34:27,586 - WARNING -    Fitness promedio reciente: 96.5
2025-10-23 08:34:27,586 - WARNING -    Degradación: 52.0
2025-10-23 08:34:27,587 - WARNING -    🔄 RESTAURANDO mejor solución...
2025-10-23 08:34:27,588 - INFO - 🌟 MEJORA #223 en iter 38350: Fitness=148.5 (+0.0), Puntos=16583
2025-10-23 08:34:27,997 - INFO - Iter 38354: Aceptada solución con delta=-10.2 (T=11.20)
2025-10-23 08:34:27,998 - INFO -   📊 Desglose del cambio:
2025-10-23 08:34:27,999 - INFO -      Puntos: -19 → 16558 total
2025-10-23 08:34:27,999 - INFO -      Tiempo: +530.1min → 13643.8min total
2025-10-23 08:34:27,999 - INFO -      Distancia: +0.4km → 94.9km total
2025-10-23 08:34:32,681 - DEBUG - Iter 38400: T=11.19, Fitness_actual=114.5, Mejor=148.5
2025-10-23 08:34:42,873 - INFO -   Iter 38500 | Tiempo:   46.9min (19.6%) | T =    11.17 | Fitness =     96.3 | Mejor =    148.5 | Aceptación =  95.0%
2025-10-23 08:34:42,873 - INFO - Progreso iter 38500: T=11.17, Fitness=96.3, Mejor=148.5, Tasa_acept=95.0%
2025-10-23 08:34:42,874 - WARNING - ⚠️  DEGRADACIÓN DETECTADA en iter 38500:
2025-10-23 08:34:42,874 - WARNING -    Mejor fitness: 148.5
2025-10-23 08:34:42,874 - WARNING -    Fitness promedio reciente: 104.7
2025-10-23 08:34:42,875 - WARNING -    Degradación: 43.9
2025-10-23 08:34:42,875 - WARNING -    🔄 RESTAURANDO mejor solución...
2025-10-23 08:34:42,876 - DEBUG - Iter 38500: T=11.17, Fitness_actual=148.5, Mejor=148.5
2025-10-23 08:34:42,978 - INFO - 🌟 MEJORA #224 en iter 38501: Fitness=148.5 (+0.0), Puntos=16583
2025-10-23 08:34:53,123 - DEBUG - Iter 38600: T=11.14, Fitness_actual=90.0, Mejor=148.5
2025-10-23 08:34:58,243 - WARNING - ⚠️  DEGRADACIÓN DETECTADA en iter 38650:
2025-10-23 08:34:58,244 - WARNING -    Mejor fitness: 148.5
2025-10-23 08:34:58,244 - WARNING -    Fitness promedio reciente: 87.4
2025-10-23 08:34:58,245 - WARNING -    Degradación: 61.1
2025-10-23 08:34:58,245 - WARNING -    🔄 RESTAURANDO mejor solución...
2025-10-23 08:35:03,386 - DEBUG - Iter 38700: T=11.12, Fitness_actual=132.2, Mejor=148.5
2025-10-23 08:35:03,386 - INFO - Iter 38700: Aceptada solución con delta=-11.2 (T=11.12)
2025-10-23 08:35:03,386 - INFO -   📊 Desglose del cambio:
2025-10-23 08:35:03,387 - INFO -      Puntos: -817 → 15084 total
2025-10-23 08:35:03,387 - INFO -      Tiempo: -273.1min → 12546.1min total
2025-10-23 08:35:03,388 - INFO -      Distancia: -2.8km → 75.1km total
2025-10-23 08:35:08,509 - WARNING - ⚠️  DEGRADACIÓN DETECTADA en iter 38750:
2025-10-23 08:35:08,510 - WARNING -    Mejor fitness: 148.5
2025-10-23 08:35:08,510 - WARNING -    Fitness promedio reciente: 105.6
2025-10-23 08:35:08,511 - WARNING -    Degradación: 43.0
2025-10-23 08:35:08,511 - WARNING -    🔄 RESTAURANDO mejor solución...
2025-10-23 08:35:08,618 - INFO - 🌟 MEJORA #225 en iter 38751: Fitness=148.5 (+0.0), Puntos=16583
2025-10-23 08:35:08,619 - INFO -   ✨ Mejora #225 en iteración 38752: Fitness = 148.5 | Puntos = 16583 | T = 11.11
2025-10-23 08:35:13,624 - DEBUG - Iter 38800: T=11.10, Fitness_actual=116.3, Mejor=148.5
2025-10-23 08:35:23,934 - WARNING - ⚠️  DEGRADACIÓN DETECTADA en iter 38900:
2025-10-23 08:35:23,934 - WARNING -    Mejor fitness: 148.5
2025-10-23 08:35:23,935 - WARNING -    Fitness promedio reciente: 110.9
2025-10-23 08:35:23,935 - WARNING -    Degradación: 37.6
2025-10-23 08:35:23,935 - WARNING -    🔄 RESTAURANDO mejor solución...
2025-10-23 08:35:23,937 - DEBUG - Iter 38900: T=11.07, Fitness_actual=148.5, Mejor=148.5
2025-10-23 08:35:23,937 - INFO - 🌟 MEJORA #226 en iter 38900: Fitness=148.5 (+0.0), Puntos=16583
2025-10-23 08:35:34,216 - INFO -   Iter 39000 | Tiempo:   47.8min (19.9%) | T =    11.05 | Fitness =     92.8 | Mejor =    148.5 | Aceptación =  95.0%
2025-10-23 08:35:34,217 - INFO - Progreso iter 39000: T=11.05, Fitness=92.8, Mejor=148.5, Tasa_acept=95.0%
2025-10-23 08:35:34,219 - DEBUG - Iter 39000: T=11.05, Fitness_actual=92.8, Mejor=148.5
2025-10-23 08:35:35,662 - INFO - Iter 39014: Aceptada solución con delta=-10.5 (T=11.05)
2025-10-23 08:35:35,662 - INFO -   📊 Desglose del cambio:
2025-10-23 08:35:35,663 - INFO -      Puntos: -302 → 13232 total
2025-10-23 08:35:35,663 - INFO -      Tiempo: +834.4min → 12566.3min total
2025-10-23 08:35:35,663 - INFO -      Distancia: -2.8km → 134.6km total
2025-10-23 08:35:39,464 - WARNING - ⚠️  DEGRADACIÓN DETECTADA en iter 39050:
2025-10-23 08:35:39,464 - WARNING -    Mejor fitness: 148.5
2025-10-23 08:35:39,465 - WARNING -    Fitness promedio reciente: 82.1
2025-10-23 08:35:39,465 - WARNING -    Degradación: 66.4
2025-10-23 08:35:39,465 - WARNING -    🔄 RESTAURANDO mejor solución...
2025-10-23 08:35:39,467 - INFO - 🌟 MEJORA #227 en iter 39050: Fitness=148.6 (+0.1), Puntos=16590
2025-10-23 08:35:39,569 - INFO - 🌟 MEJORA #228 en iter 39051: Fitness=148.6 (+0.0), Puntos=16590
2025-10-23 08:35:44,580 - DEBUG - Iter 39100: T=11.03, Fitness_actual=126.8, Mejor=148.6
2025-10-23 08:35:54,826 - WARNING - ⚠️  DEGRADACIÓN DETECTADA en iter 39200:
2025-10-23 08:35:54,827 - WARNING -    Mejor fitness: 148.6
2025-10-23 08:35:54,827 - WARNING -    Fitness promedio reciente: 94.0
2025-10-23 08:35:54,828 - WARNING -    Degradación: 54.6
2025-10-23 08:35:54,828 - WARNING -    🔄 RESTAURANDO mejor solución...
2025-10-23 08:35:54,832 - DEBUG - Iter 39200: T=11.00, Fitness_actual=148.6, Mejor=148.6
2025-10-23 08:35:55,557 - INFO - Iter 39207: Aceptada solución con delta=-10.9 (T=11.00)
2025-10-23 08:35:55,557 - INFO -   📊 Desglose del cambio:
2025-10-23 08:35:55,558 - INFO -      Puntos: -284 → 16285 total
2025-10-23 08:35:55,558 - INFO -      Tiempo: -114.4min → 12864.2min total
2025-10-23 08:35:55,558 - INFO -      Distancia: +13.0km → 109.1km total
2025-10-23 08:36:05,140 - WARNING - ⚠️  DEGRADACIÓN DETECTADA en iter 39300:
2025-10-23 08:36:05,140 - WARNING -    Mejor fitness: 148.6
2025-10-23 08:36:05,141 - WARNING -    Fitness promedio reciente: 112.0
2025-10-23 08:36:05,141 - WARNING -    Degradación: 36.6
2025-10-23 08:36:05,142 - WARNING -    🔄 RESTAURANDO mejor solución...
2025-10-23 08:36:05,143 - DEBUG - Iter 39300: T=10.98, Fitness_actual=148.6, Mejor=148.6
2025-10-23 08:36:05,463 - INFO - Iter 39303: Aceptada solución con delta=-12.6 (T=10.98)
2025-10-23 08:36:05,463 - INFO -   📊 Desglose del cambio:
2025-10-23 08:36:05,463 - INFO -      Puntos: -783 → 15780 total
2025-10-23 08:36:05,464 - INFO -      Tiempo: -444.4min → 12616.1min total
2025-10-23 08:36:05,464 - INFO -      Distancia: -5.4km → 89.7km total
2025-10-23 08:36:10,378 - WARNING - ⚠️  DEGRADACIÓN DETECTADA en iter 39350:
2025-10-23 08:36:10,378 - WARNING -    Mejor fitness: 148.6
2025-10-23 08:36:10,378 - WARNING -    Fitness promedio reciente: 125.2
2025-10-23 08:36:10,379 - WARNING -    Degradación: 23.4
2025-10-23 08:36:10,379 - WARNING -    🔄 RESTAURANDO mejor solución...
2025-10-23 08:36:10,380 - INFO - 🌟 MEJORA #229 en iter 39350: Fitness=148.6 (+0.0), Puntos=16591
2025-10-23 08:36:10,486 - INFO - 🌟 MEJORA #230 en iter 39351: Fitness=148.8 (+0.1), Puntos=16604
2025-10-23 08:36:10,487 - INFO -   ✨ Mejora #230 en iteración 39352: Fitness = 148.8 | Puntos = 16604 | T = 10.97
2025-10-23 08:36:10,593 - INFO - 🌟 MEJORA #231 en iter 39352: Fitness=148.8 (+0.0), Puntos=16609
2025-10-23 08:36:10,802 - INFO - 🌟 MEJORA #232 en iter 39354: Fitness=148.8 (+0.0), Puntos=16611
2025-10-23 08:36:11,737 - INFO - Iter 39363: Aceptada solución con delta=-10.5 (T=10.96)
2025-10-23 08:36:11,737 - INFO -   📊 Desglose del cambio:
2025-10-23 08:36:11,738 - INFO -      Puntos: +0 → 16215 total
2025-10-23 08:36:11,738 - INFO -      Tiempo: -108.3min → 13113.8min total
2025-10-23 08:36:11,738 - INFO -      Distancia: +1.0km → 107.0km total
2025-10-23 08:36:15,568 - DEBUG - Iter 39400: T=10.96, Fitness_actual=117.8, Mejor=148.8
2025-10-23 08:36:25,926 - INFO -   Iter 39500 | Tiempo:   48.7min (20.3%) | T =    10.93 | Fitness =    111.4 | Mejor =    148.8 | Aceptación =  94.9%
2025-10-23 08:36:25,926 - INFO - Progreso iter 39500: T=10.93, Fitness=111.4, Mejor=148.8, Tasa_acept=94.9%
2025-10-23 08:36:25,927 - WARNING - ⚠️  DEGRADACIÓN DETECTADA en iter 39500:
2025-10-23 08:36:25,927 - WARNING -    Mejor fitness: 148.8
2025-10-23 08:36:25,928 - WARNING -    Fitness promedio reciente: 106.7
2025-10-23 08:36:25,928 - WARNING -    Degradación: 42.2
2025-10-23 08:36:25,928 - WARNING -    🔄 RESTAURANDO mejor solución...
2025-10-23 08:36:25,929 - DEBUG - Iter 39500: T=10.93, Fitness_actual=148.8, Mejor=148.8
2025-10-23 08:36:26,032 - INFO - 🌟 MEJORA #233 en iter 39501: Fitness=148.8 (+0.0), Puntos=16611
2025-10-23 08:36:36,326 - DEBUG - Iter 39600: T=10.91, Fitness_actual=113.8, Mejor=148.8
2025-10-23 08:36:41,512 - WARNING - ⚠️  DEGRADACIÓN DETECTADA en iter 39650:
2025-10-23 08:36:41,512 - WARNING -    Mejor fitness: 148.8
2025-10-23 08:36:41,513 - WARNING -    Fitness promedio reciente: 104.7
2025-10-23 08:36:41,513 - WARNING -    Degradación: 44.1
2025-10-23 08:36:41,513 - WARNING -    🔄 RESTAURANDO mejor solución...
2025-10-23 08:36:44,543 - INFO - Iter 39679: Aceptada solución con delta=-10.2 (T=10.89)
2025-10-23 08:36:44,544 - INFO -   📊 Desglose del cambio:
2025-10-23 08:36:44,544 - INFO -      Puntos: -312 → 16264 total
2025-10-23 08:36:44,544 - INFO -      Tiempo: +1421.4min → 14595.0min total
2025-10-23 08:36:44,545 - INFO -      Distancia: +11.3km → 115.3km total
2025-10-23 08:36:46,891 - WARNING - ⚠️  DEGRADACIÓN DETECTADA en iter 39700:
2025-10-23 08:36:46,891 - WARNING -    Mejor fitness: 148.8
2025-10-23 08:36:46,892 - WARNING -    Fitness promedio reciente: 127.8
2025-10-23 08:36:46,892 - WARNING -    Degradación: 21.0
2025-10-23 08:36:46,892 - WARNING -    🔄 RESTAURANDO mejor solución...
2025-10-23 08:36:46,893 - DEBUG - Iter 39700: T=10.88, Fitness_actual=148.8, Mejor=148.8
2025-10-23 08:36:52,102 - WARNING - ⚠️  DEGRADACIÓN DETECTADA en iter 39750:
2025-10-23 08:36:52,102 - WARNING -    Mejor fitness: 148.8
2025-10-23 08:36:52,103 - WARNING -    Fitness promedio reciente: 120.4
2025-10-23 08:36:52,103 - WARNING -    Degradación: 28.4
2025-10-23 08:36:52,103 - WARNING -    🔄 RESTAURANDO mejor solución...
2025-10-23 08:36:57,315 - DEBUG - Iter 39800: T=10.86, Fitness_actual=125.8, Mejor=148.8
2025-10-23 08:37:02,525 - WARNING - ⚠️  DEGRADACIÓN DETECTADA en iter 39850:
2025-10-23 08:37:02,526 - WARNING -    Mejor fitness: 148.8
2025-10-23 08:37:02,526 - WARNING -    Fitness promedio reciente: 119.9
2025-10-23 08:37:02,527 - WARNING -    Degradación: 28.9
2025-10-23 08:37:02,527 - WARNING -    🔄 RESTAURANDO mejor solución...
2025-10-23 08:37:02,531 - INFO - Iter 39850: Aceptada solución con delta=-15.8 (T=10.85)
2025-10-23 08:37:02,531 - INFO -   📊 Desglose del cambio:
2025-10-23 08:37:02,531 - INFO -      Puntos: +0 → 16611 total
2025-10-23 08:37:02,532 - INFO -      Tiempo: -166.7min → 13065.1min total
2025-10-23 08:37:02,532 - INFO -      Distancia: +1.1km → 99.2km total
2025-10-23 08:37:07,830 - WARNING - ⚠️  DEGRADACIÓN DETECTADA en iter 39900:
2025-10-23 08:37:07,830 - WARNING -    Mejor fitness: 148.8
2025-10-23 08:37:07,831 - WARNING -    Fitness promedio reciente: 119.0
2025-10-23 08:37:07,831 - WARNING -    Degradación: 29.8
2025-10-23 08:37:07,831 - WARNING -    🔄 RESTAURANDO mejor solución...
2025-10-23 08:37:07,836 - DEBUG - Iter 39900: T=10.84, Fitness_actual=148.8, Mejor=148.8
2025-10-23 08:37:08,145 - INFO - 🌟 MEJORA #234 en iter 39903: Fitness=148.8 (+0.0), Puntos=16611
2025-10-23 08:37:18,207 - INFO -   Iter 40000 | Tiempo:   49.5min (20.6%) | T =    10.81 | Fitness =     97.0 | Mejor =    148.8 | Aceptación =  94.9%
2025-10-23 08:37:18,207 - INFO - Progreso iter 40000: T=10.81, Fitness=97.0, Mejor=148.8, Tasa_acept=94.9%
2025-10-23 08:37:18,208 - DEBUG - Iter 40000: T=10.81, Fitness_actual=97.0, Mejor=148.8
2025-10-23 08:37:23,373 - WARNING - ⚠️  DEGRADACIÓN DETECTADA en iter 40050:
2025-10-23 08:37:23,373 - WARNING -    Mejor fitness: 148.8
2025-10-23 08:37:23,374 - WARNING -    Fitness promedio reciente: 90.7
2025-10-23 08:37:23,374 - WARNING -    Degradación: 58.2
2025-10-23 08:37:23,374 - WARNING -    🔄 RESTAURANDO mejor solución...
2025-10-23 08:37:23,379 - INFO - Iter 40050: Aceptada solución con delta=-14.8 (T=10.80)
2025-10-23 08:37:23,379 - INFO -   📊 Desglose del cambio:
2025-10-23 08:37:23,380 - INFO -      Puntos: +0 → 16611 total
2025-10-23 08:37:23,380 - INFO -      Tiempo: +502.3min → 13714.9min total
2025-10-23 08:37:23,380 - INFO -      Distancia: +1.9km → 98.3km total
2025-10-23 08:37:28,587 - WARNING - ⚠️  DEGRADACIÓN DETECTADA en iter 40100:
2025-10-23 08:37:28,587 - WARNING -    Mejor fitness: 148.8
2025-10-23 08:37:28,588 - WARNING -    Fitness promedio reciente: 127.3
2025-10-23 08:37:28,589 - WARNING -    Degradación: 21.5
2025-10-23 08:37:28,589 - WARNING -    🔄 RESTAURANDO mejor solución...
2025-10-23 08:37:28,590 - DEBUG - Iter 40100: T=10.79, Fitness_actual=148.8, Mejor=148.8
2025-10-23 08:37:39,077 - WARNING - ⚠️  DEGRADACIÓN DETECTADA en iter 40200:
2025-10-23 08:37:39,077 - WARNING -    Mejor fitness: 148.8
2025-10-23 08:37:39,078 - WARNING -    Fitness promedio reciente: 111.9
2025-10-23 08:37:39,078 - WARNING -    Degradación: 36.9
2025-10-23 08:37:39,079 - WARNING -    🔄 RESTAURANDO mejor solución...
2025-10-23 08:37:39,080 - DEBUG - Iter 40200: T=10.77, Fitness_actual=148.8, Mejor=148.8
2025-10-23 08:37:44,307 - WARNING - ⚠️  DEGRADACIÓN DETECTADA en iter 40250:
2025-10-23 08:37:44,308 - WARNING -    Mejor fitness: 148.8
2025-10-23 08:37:44,308 - WARNING -    Fitness promedio reciente: 123.9
2025-10-23 08:37:44,308 - WARNING -    Degradación: 24.9
2025-10-23 08:37:44,309 - WARNING -    🔄 RESTAURANDO mejor solución...
2025-10-23 08:37:44,310 - INFO - 🌟 MEJORA #235 en iter 40250: Fitness=148.8 (+0.0), Puntos=16611
2025-10-23 08:37:44,311 - INFO -   ✨ Mejora #235 en iteración 40251: Fitness = 148.8 | Puntos = 16611 | T = 10.76
2025-10-23 08:37:44,415 - INFO - 🌟 MEJORA #236 en iter 40251: Fitness=148.9 (+0.0), Puntos=16614
2025-10-23 08:37:49,553 - DEBUG - Iter 40300: T=10.74, Fitness_actual=120.1, Mejor=148.9
2025-10-23 08:38:00,044 - WARNING - ⚠️  DEGRADACIÓN DETECTADA en iter 40400:
2025-10-23 08:38:00,044 - WARNING -    Mejor fitness: 148.9
2025-10-23 08:38:00,044 - WARNING -    Fitness promedio reciente: 105.3
2025-10-23 08:38:00,045 - WARNING -    Degradación: 43.5
2025-10-23 08:38:00,045 - WARNING -    🔄 RESTAURANDO mejor solución...
2025-10-23 08:38:00,047 - DEBUG - Iter 40400: T=10.72, Fitness_actual=148.9, Mejor=148.9
2025-10-23 08:38:05,321 - WARNING - ⚠️  DEGRADACIÓN DETECTADA en iter 40450:
2025-10-23 08:38:05,322 - WARNING -    Mejor fitness: 148.9
2025-10-23 08:38:05,322 - WARNING -    Fitness promedio reciente: 118.9
2025-10-23 08:38:05,322 - WARNING -    Degradación: 30.0
2025-10-23 08:38:05,323 - WARNING -    🔄 RESTAURANDO mejor solución...
2025-10-23 08:38:05,745 - INFO - Iter 40454: Aceptada solución con delta=-10.8 (T=10.71)
2025-10-23 08:38:05,745 - INFO -   📊 Desglose del cambio:
2025-10-23 08:38:05,746 - INFO -      Puntos: -1 → 16210 total
2025-10-23 08:38:05,746 - INFO -      Tiempo: +77.6min → 13408.2min total
2025-10-23 08:38:05,747 - INFO -      Distancia: +0.2km → 103.6km total
2025-10-23 08:38:10,569 - INFO -   Iter 40500 | Tiempo:   50.4min (21.0%) | T =    10.70 | Fitness =    103.4 | Mejor =    148.9 | Aceptación =  94.9%
2025-10-23 08:38:10,569 - INFO - Progreso iter 40500: T=10.70, Fitness=103.4, Mejor=148.9, Tasa_acept=94.9%
2025-10-23 08:38:10,570 - WARNING - ⚠️  DEGRADACIÓN DETECTADA en iter 40500:
2025-10-23 08:38:10,570 - WARNING -    Mejor fitness: 148.9
2025-10-23 08:38:10,570 - WARNING -    Fitness promedio reciente: 120.5
2025-10-23 08:38:10,570 - WARNING -    Degradación: 28.4
2025-10-23 08:38:10,571 - WARNING -    🔄 RESTAURANDO mejor solución...
2025-10-23 08:38:10,572 - DEBUG - Iter 40500: T=10.70, Fitness_actual=148.9, Mejor=148.9
2025-10-23 08:38:13,309 - INFO - Iter 40526: Aceptada solución con delta=-11.0 (T=10.69)
2025-10-23 08:38:13,309 - INFO -   📊 Desglose del cambio:
2025-10-23 08:38:13,310 - INFO -      Puntos: +0 → 16510 total
2025-10-23 08:38:13,310 - INFO -      Tiempo: -299.4min → 12681.4min total
2025-10-23 08:38:13,311 - INFO -      Distancia: +0.1km → 96.0km total
2025-10-23 08:38:21,126 - WARNING - ⚠️  DEGRADACIÓN DETECTADA en iter 40600:
2025-10-23 08:38:21,126 - WARNING -    Mejor fitness: 148.9
2025-10-23 08:38:21,127 - WARNING -    Fitness promedio reciente: 119.0
2025-10-23 08:38:21,127 - WARNING -    Degradación: 29.9
2025-10-23 08:38:21,128 - WARNING -    🔄 RESTAURANDO mejor solución...
2025-10-23 08:38:21,129 - DEBUG - Iter 40600: T=10.67, Fitness_actual=148.9, Mejor=148.9
2025-10-23 08:38:21,876 - INFO - Iter 40607: Aceptada solución con delta=-11.8 (T=10.67)
2025-10-23 08:38:21,876 - INFO -   📊 Desglose del cambio:
2025-10-23 08:38:21,877 - INFO -      Puntos: +0 → 16585 total
2025-10-23 08:38:21,878 - INFO -      Tiempo: +367.9min → 13528.2min total
2025-10-23 08:38:21,878 - INFO -      Distancia: +0.7km → 95.3km total
2025-10-23 08:38:26,608 - INFO - Iter 40652: Aceptada solución con delta=-12.0 (T=10.66)
2025-10-23 08:38:26,608 - INFO -   📊 Desglose del cambio:
2025-10-23 08:38:26,609 - INFO -      Puntos: +0 → 14598 total
2025-10-23 08:38:26,609 - INFO -      Tiempo: -169.8min → 12249.3min total
2025-10-23 08:38:26,610 - INFO -      Distancia: +0.9km → 103.7km total
2025-10-23 08:38:31,658 - WARNING - ⚠️  DEGRADACIÓN DETECTADA en iter 40700:
2025-10-23 08:38:31,659 - WARNING -    Mejor fitness: 148.9
2025-10-23 08:38:31,659 - WARNING -    Fitness promedio reciente: 99.0
2025-10-23 08:38:31,659 - WARNING -    Degradación: 49.9
2025-10-23 08:38:31,660 - WARNING -    🔄 RESTAURANDO mejor solución...
2025-10-23 08:38:31,663 - DEBUG - Iter 40700: T=10.65, Fitness_actual=148.9, Mejor=148.9
2025-10-23 08:38:42,215 - WARNING - ⚠️  DEGRADACIÓN DETECTADA en iter 40800:
2025-10-23 08:38:42,215 - WARNING -    Mejor fitness: 148.9
2025-10-23 08:38:42,216 - WARNING -    Fitness promedio reciente: 113.8
2025-10-23 08:38:42,216 - WARNING -    Degradación: 35.1
2025-10-23 08:38:42,217 - WARNING -    🔄 RESTAURANDO mejor solución...
2025-10-23 08:38:42,221 - DEBUG - Iter 40800: T=10.63, Fitness_actual=148.9, Mejor=148.9
2025-10-23 08:38:42,431 - INFO - 🌟 MEJORA #237 en iter 40802: Fitness=148.9 (+0.0), Puntos=16614
2025-10-23 08:38:52,732 - DEBUG - Iter 40900: T=10.61, Fitness_actual=106.0, Mejor=148.9
2025-10-23 08:38:57,778 - WARNING - ⚠️  DEGRADACIÓN DETECTADA en iter 40950:
2025-10-23 08:38:57,778 - WARNING -    Mejor fitness: 148.9
2025-10-23 08:38:57,779 - WARNING -    Fitness promedio reciente: 97.2
2025-10-23 08:38:57,779 - WARNING -    Degradación: 51.7
2025-10-23 08:38:57,780 - WARNING -    🔄 RESTAURANDO mejor solución...
2025-10-23 08:39:02,827 - INFO -   Iter 41000 | Tiempo:   51.3min (21.4%) | T =    10.58 | Fitness =    115.8 | Mejor =    148.9 | Aceptación =  94.9%
2025-10-23 08:39:02,827 - INFO - Progreso iter 41000: T=10.58, Fitness=115.8, Mejor=148.9, Tasa_acept=94.9%
2025-10-23 08:39:02,831 - DEBUG - Iter 41000: T=10.58, Fitness_actual=115.8, Mejor=148.9
2025-10-23 08:39:07,910 - WARNING - ⚠️  DEGRADACIÓN DETECTADA en iter 41050:
2025-10-23 08:39:07,911 - WARNING -    Mejor fitness: 148.9
2025-10-23 08:39:07,911 - WARNING -    Fitness promedio reciente: 105.3
2025-10-23 08:39:07,911 - WARNING -    Degradación: 43.6
2025-10-23 08:39:07,912 - WARNING -    🔄 RESTAURANDO mejor solución...
2025-10-23 08:39:12,960 - WARNING - ⚠️  DEGRADACIÓN DETECTADA en iter 41100:
2025-10-23 08:39:12,960 - WARNING -    Mejor fitness: 148.9
2025-10-23 08:39:12,961 - WARNING -    Fitness promedio reciente: 124.9
2025-10-23 08:39:12,961 - WARNING -    Degradación: 24.0
2025-10-23 08:39:12,961 - WARNING -    🔄 RESTAURANDO mejor solución...
2025-10-23 08:39:12,962 - DEBUG - Iter 41100: T=10.56, Fitness_actual=148.9, Mejor=148.9
2025-10-23 08:39:13,266 - INFO - Iter 41103: Aceptada solución con delta=-11.4 (T=10.56)
2025-10-23 08:39:13,266 - INFO -   📊 Desglose del cambio:
2025-10-23 08:39:13,267 - INFO -      Puntos: -356 → 16258 total
2025-10-23 08:39:13,267 - INFO -      Tiempo: +321.6min → 13534.6min total
2025-10-23 08:39:13,267 - INFO -      Distancia: +10.1km → 106.6km total
2025-10-23 08:39:23,107 - WARNING - ⚠️  DEGRADACIÓN DETECTADA en iter 41200:
2025-10-23 08:39:23,107 - WARNING -    Mejor fitness: 148.9
2025-10-23 08:39:23,108 - WARNING -    Fitness promedio reciente: 121.9
2025-10-23 08:39:23,108 - WARNING -    Degradación: 27.0
2025-10-23 08:39:23,108 - WARNING -    🔄 RESTAURANDO mejor solución...
2025-10-23 08:39:23,109 - DEBUG - Iter 41200: T=10.54, Fitness_actual=148.9, Mejor=148.9
2025-10-23 08:39:33,179 - WARNING - ⚠️  DEGRADACIÓN DETECTADA en iter 41300:
2025-10-23 08:39:33,179 - WARNING -    Mejor fitness: 148.9
2025-10-23 08:39:33,179 - WARNING -    Fitness promedio reciente: 104.1
2025-10-23 08:39:33,180 - WARNING -    Degradación: 44.8
2025-10-23 08:39:33,180 - WARNING -    🔄 RESTAURANDO mejor solución...
2025-10-23 08:39:33,181 - DEBUG - Iter 41300: T=10.52, Fitness_actual=148.9, Mejor=148.9
2025-10-23 08:39:43,350 - WARNING - ⚠️  DEGRADACIÓN DETECTADA en iter 41400:
2025-10-23 08:39:43,350 - WARNING -    Mejor fitness: 148.9
2025-10-23 08:39:43,351 - WARNING -    Fitness promedio reciente: 116.0
2025-10-23 08:39:43,351 - WARNING -    Degradación: 32.9
2025-10-23 08:39:43,351 - WARNING -    🔄 RESTAURANDO mejor solución...
2025-10-23 08:39:43,353 - DEBUG - Iter 41400: T=10.50, Fitness_actual=148.9, Mejor=148.9
2025-10-23 08:39:48,433 - WARNING - ⚠️  DEGRADACIÓN DETECTADA en iter 41450:
2025-10-23 08:39:48,433 - WARNING -    Mejor fitness: 148.9
2025-10-23 08:39:48,434 - WARNING -    Fitness promedio reciente: 128.1
2025-10-23 08:39:48,434 - WARNING -    Degradación: 20.8
2025-10-23 08:39:48,435 - WARNING -    🔄 RESTAURANDO mejor solución...
2025-10-23 08:39:53,524 - INFO -   Iter 41500 | Tiempo:   52.1min (21.7%) | T =    10.47 | Fitness =    113.4 | Mejor =    148.9 | Aceptación =  94.8%
2025-10-23 08:39:53,524 - INFO - Progreso iter 41500: T=10.47, Fitness=113.4, Mejor=148.9, Tasa_acept=94.8%
2025-10-23 08:39:53,525 - WARNING - ⚠️  DEGRADACIÓN DETECTADA en iter 41500:
2025-10-23 08:39:53,525 - WARNING -    Mejor fitness: 148.9
2025-10-23 08:39:53,525 - WARNING -    Fitness promedio reciente: 127.9
2025-10-23 08:39:53,526 - WARNING -    Degradación: 21.0
2025-10-23 08:39:53,526 - WARNING -    🔄 RESTAURANDO mejor solución...
2025-10-23 08:39:53,530 - DEBUG - Iter 41500: T=10.47, Fitness_actual=148.9, Mejor=148.9
2025-10-23 08:39:53,730 - INFO - 🌟 MEJORA #238 en iter 41502: Fitness=148.9 (+0.0), Puntos=16614
2025-10-23 08:40:03,646 - DEBUG - Iter 41600: T=10.45, Fitness_actual=108.5, Mejor=148.9
2025-10-23 08:40:08,751 - WARNING - ⚠️  DEGRADACIÓN DETECTADA en iter 41650:
2025-10-23 08:40:08,751 - WARNING -    Mejor fitness: 148.9
2025-10-23 08:40:08,752 - WARNING -    Fitness promedio reciente: 107.7
2025-10-23 08:40:08,752 - WARNING -    Degradación: 41.2
2025-10-23 08:40:08,753 - WARNING -    🔄 RESTAURANDO mejor solución...
2025-10-23 08:40:08,960 - INFO - 🌟 MEJORA #239 en iter 41652: Fitness=149.0 (+0.1), Puntos=16628
2025-10-23 08:40:10,084 - WARNING - ================================================================================
2025-10-23 08:40:10,084 - WARNING - ⚠️  SALTO ANORMAL DETECTADO en iteración 41663
2025-10-23 08:40:10,085 - WARNING -    Fitness actual: 129.1
2025-10-23 08:40:10,085 - WARNING -    Fitness vecino: 87.1
2025-10-23 08:40:10,085 - WARNING -    Delta: -41.9
2025-10-23 08:40:10,085 - WARNING -    Temperatura: 10.44
2025-10-23 08:40:10,086 - WARNING -    Tipo perturbación aplicada: (ver generar_vecino)
2025-10-23 08:40:10,086 - WARNING -    Vecino - Puntos: 15228, Tiempo: 14668.7min, Distancia: 314.5km
2025-10-23 08:40:10,086 - WARNING -    Actual - Puntos: 15693, Tiempo: 12510.3min, Distancia: 124.2km
2025-10-23 08:40:10,086 - WARNING -    Validez restricciones - Vecino: False, Actual: False
2025-10-23 08:40:10,087 - WARNING - ================================================================================
2025-10-23 08:40:10,087 - WARNING - ⚠️  SALTO ANORMAL DETECTADO en iteración 41663
2025-10-23 08:40:10,087 - WARNING -    Fitness: 129.1 → 87.1 (Δ=-41.9)
2025-10-23 08:40:10,087 - WARNING -    Ver detalles en archivo de log
2025-10-23 08:40:13,874 - DEBUG - Iter 41700: T=10.43, Fitness_actual=117.3, Mejor=149.0
2025-10-23 08:40:24,033 - WARNING - ⚠️  DEGRADACIÓN DETECTADA en iter 41800:
2025-10-23 08:40:24,033 - WARNING -    Mejor fitness: 149.0
2025-10-23 08:40:24,034 - WARNING -    Fitness promedio reciente: 89.6
2025-10-23 08:40:24,034 - WARNING -    Degradación: 59.4
2025-10-23 08:40:24,034 - WARNING -    🔄 RESTAURANDO mejor solución...
2025-10-23 08:40:24,035 - DEBUG - Iter 41800: T=10.41, Fitness_actual=149.0, Mejor=149.0
2025-10-23 08:40:29,117 - WARNING - ⚠️  DEGRADACIÓN DETECTADA en iter 41850:
2025-10-23 08:40:29,117 - WARNING -    Mejor fitness: 149.0
2025-10-23 08:40:29,118 - WARNING -    Fitness promedio reciente: 123.5
2025-10-23 08:40:29,118 - WARNING -    Degradación: 25.5
2025-10-23 08:40:29,118 - WARNING -    🔄 RESTAURANDO mejor solución...
2025-10-23 08:40:34,248 - DEBUG - Iter 41900: T=10.39, Fitness_actual=118.1, Mejor=149.0
2025-10-23 08:40:39,380 - WARNING - ⚠️  DEGRADACIÓN DETECTADA en iter 41950:
2025-10-23 08:40:39,380 - WARNING -    Mejor fitness: 149.0
2025-10-23 08:40:39,381 - WARNING -    Fitness promedio reciente: 110.8
2025-10-23 08:40:39,381 - WARNING -    Degradación: 38.2
2025-10-23 08:40:39,381 - WARNING -    🔄 RESTAURANDO mejor solución...
2025-10-23 08:40:44,522 - INFO -   Iter 42000 | Tiempo:   53.0min (22.1%) | T =    10.36 | Fitness =    116.5 | Mejor =    149.0 | Aceptación =  94.7%
2025-10-23 08:40:44,523 - INFO - Progreso iter 42000: T=10.36, Fitness=116.5, Mejor=149.0, Tasa_acept=94.7%
2025-10-23 08:40:44,526 - DEBUG - Iter 42000: T=10.36, Fitness_actual=116.5, Mejor=149.0
2025-10-23 08:40:49,650 - WARNING - ⚠️  DEGRADACIÓN DETECTADA en iter 42050:
2025-10-23 08:40:49,651 - WARNING -    Mejor fitness: 149.0
2025-10-23 08:40:49,651 - WARNING -    Fitness promedio reciente: 111.7
2025-10-23 08:40:49,652 - WARNING -    Degradación: 37.3
2025-10-23 08:40:49,652 - WARNING -    🔄 RESTAURANDO mejor solución...
2025-10-23 08:40:54,770 - DEBUG - Iter 42100: T=10.34, Fitness_actual=121.7, Mejor=149.0
2025-10-23 08:40:59,876 - WARNING - ⚠️  DEGRADACIÓN DETECTADA en iter 42150:
2025-10-23 08:40:59,876 - WARNING -    Mejor fitness: 149.0
2025-10-23 08:40:59,877 - WARNING -    Fitness promedio reciente: 114.1
2025-10-23 08:40:59,877 - WARNING -    Degradación: 34.9
2025-10-23 08:40:59,877 - WARNING -    🔄 RESTAURANDO mejor solución...
2025-10-23 08:40:59,878 - INFO - 🌟 MEJORA #240 en iter 42150: Fitness=149.0 (+0.0), Puntos=16628
2025-10-23 08:40:59,879 - INFO -   ✨ Mejora #240 en iteración 42151: Fitness = 149.0 | Puntos = 16628 | T = 10.33
2025-10-23 08:40:59,981 - INFO - 🌟 MEJORA #241 en iter 42151: Fitness=149.0 (+0.0), Puntos=16630
2025-10-23 08:41:05,032 - DEBUG - Iter 42200: T=10.32, Fitness_actual=117.5, Mejor=149.0
2025-10-23 08:41:15,388 - WARNING - ⚠️  DEGRADACIÓN DETECTADA en iter 42300:
2025-10-23 08:41:15,388 - WARNING -    Mejor fitness: 149.0
2025-10-23 08:41:15,388 - WARNING -    Fitness promedio reciente: 117.4
2025-10-23 08:41:15,389 - WARNING -    Degradación: 31.6
2025-10-23 08:41:15,389 - WARNING -    🔄 RESTAURANDO mejor solución...
2025-10-23 08:41:15,390 - DEBUG - Iter 42300: T=10.30, Fitness_actual=149.0, Mejor=149.0
2025-10-23 08:41:15,800 - INFO - Iter 42304: Aceptada solución con delta=-11.3 (T=10.30)
2025-10-23 08:41:15,800 - INFO -   📊 Desglose del cambio:
2025-10-23 08:41:15,801 - INFO -      Puntos: -471 → 16156 total
2025-10-23 08:41:15,801 - INFO -      Tiempo: -297.8min → 12872.0min total
2025-10-23 08:41:15,801 - INFO -      Distancia: -4.4km → 90.6km total
2025-10-23 08:41:20,532 - WARNING - ⚠️  DEGRADACIÓN DETECTADA en iter 42350:
2025-10-23 08:41:20,532 - WARNING -    Mejor fitness: 149.0
2025-10-23 08:41:20,533 - WARNING -    Fitness promedio reciente: 124.4
2025-10-23 08:41:20,533 - WARNING -    Degradación: 24.6
2025-10-23 08:41:20,533 - WARNING -    🔄 RESTAURANDO mejor solución...
2025-10-23 08:41:25,718 - DEBUG - Iter 42400: T=10.28, Fitness_actual=123.3, Mejor=149.0
2025-10-23 08:41:30,876 - WARNING - ⚠️  DEGRADACIÓN DETECTADA en iter 42450:
2025-10-23 08:41:30,876 - WARNING -    Mejor fitness: 149.0
2025-10-23 08:41:30,877 - WARNING -    Fitness promedio reciente: 117.8
2025-10-23 08:41:30,877 - WARNING -    Degradación: 31.2
2025-10-23 08:41:30,877 - WARNING -    🔄 RESTAURANDO mejor solución...
2025-10-23 08:41:30,985 - INFO - Iter 42451: Aceptada solución con delta=-14.1 (T=10.26)
2025-10-23 08:41:30,985 - INFO -   📊 Desglose del cambio:
2025-10-23 08:41:30,985 - INFO -      Puntos: +0 → 16630 total
2025-10-23 08:41:30,986 - INFO -      Tiempo: -67.0min → 13146.0min total
2025-10-23 08:41:30,986 - INFO -      Distancia: -0.6km → 95.9km total
2025-10-23 08:41:36,040 - INFO -   Iter 42500 | Tiempo:   53.8min (22.4%) | T =    10.25 | Fitness =    102.4 | Mejor =    149.0 | Aceptación =  94.7%
2025-10-23 08:41:36,040 - INFO - Progreso iter 42500: T=10.25, Fitness=102.4, Mejor=149.0, Tasa_acept=94.7%
2025-10-23 08:41:36,041 - WARNING - ⚠️  DEGRADACIÓN DETECTADA en iter 42500:
2025-10-23 08:41:36,041 - WARNING -    Mejor fitness: 149.0
2025-10-23 08:41:36,042 - WARNING -    Fitness promedio reciente: 118.2
2025-10-23 08:41:36,042 - WARNING -    Degradación: 30.9
2025-10-23 08:41:36,042 - WARNING -    🔄 RESTAURANDO mejor solución...
2025-10-23 08:41:36,046 - DEBUG - Iter 42500: T=10.25, Fitness_actual=149.0, Mejor=149.0
2025-10-23 08:41:36,464 - INFO - 🌟 MEJORA #242 en iter 42504: Fitness=149.0 (+0.0), Puntos=16630
2025-10-23 08:41:36,673 - INFO - Iter 42506: Aceptada solución con delta=-10.7 (T=10.25)
2025-10-23 08:41:36,673 - INFO -   📊 Desglose del cambio:
2025-10-23 08:41:36,674 - INFO -      Puntos: -357 → 16273 total
2025-10-23 08:41:36,674 - INFO -      Tiempo: +232.3min → 13435.6min total
2025-10-23 08:41:36,674 - INFO -      Distancia: +16.9km → 112.5km total
2025-10-23 08:41:46,323 - DEBUG - Iter 42600: T=10.23, Fitness_actual=108.6, Mejor=149.0
2025-10-23 08:41:51,503 - WARNING - ⚠️  DEGRADACIÓN DETECTADA en iter 42650:
2025-10-23 08:41:51,503 - WARNING -    Mejor fitness: 149.0
2025-10-23 08:41:51,504 - WARNING -    Fitness promedio reciente: 108.4
2025-10-23 08:41:51,504 - WARNING -    Degradación: 40.6
2025-10-23 08:41:51,504 - WARNING -    🔄 RESTAURANDO mejor solución...
2025-10-23 08:41:56,724 - DEBUG - Iter 42700: T=10.21, Fitness_actual=121.3, Mejor=149.0
2025-10-23 08:42:01,924 - WARNING - ⚠️  DEGRADACIÓN DETECTADA en iter 42750:
2025-10-23 08:42:01,924 - WARNING -    Mejor fitness: 149.0
2025-10-23 08:42:01,925 - WARNING -    Fitness promedio reciente: 109.4
2025-10-23 08:42:01,925 - WARNING -    Degradación: 39.6
2025-10-23 08:42:01,926 - WARNING -    🔄 RESTAURANDO mejor solución...
2025-10-23 08:42:07,179 - DEBUG - Iter 42800: T=10.19, Fitness_actual=109.8, Mejor=149.0
2025-10-23 08:42:12,397 - WARNING - ⚠️  DEGRADACIÓN DETECTADA en iter 42850:
2025-10-23 08:42:12,397 - WARNING -    Mejor fitness: 149.0
2025-10-23 08:42:12,398 - WARNING -    Fitness promedio reciente: 108.2
2025-10-23 08:42:12,399 - WARNING -    Degradación: 40.8
2025-10-23 08:42:12,399 - WARNING -    🔄 RESTAURANDO mejor solución...
2025-10-23 08:42:17,612 - DEBUG - Iter 42900: T=10.17, Fitness_actual=122.2, Mejor=149.0
2025-10-23 08:42:23,082 - WARNING - ⚠️  DEGRADACIÓN DETECTADA en iter 42950:
2025-10-23 08:42:23,083 - WARNING -    Mejor fitness: 149.0
2025-10-23 08:42:23,083 - WARNING -    Fitness promedio reciente: 116.1
2025-10-23 08:42:23,083 - WARNING -    Degradación: 33.0
2025-10-23 08:42:23,084 - WARNING -    🔄 RESTAURANDO mejor solución...
2025-10-23 08:42:28,263 - INFO -   Iter 43000 | Tiempo:   54.7min (22.8%) | T =    10.14 | Fitness =    120.5 | Mejor =    149.0 | Aceptación =  94.7%
2025-10-23 08:42:28,264 - INFO - Progreso iter 43000: T=10.14, Fitness=120.5, Mejor=149.0, Tasa_acept=94.7%
2025-10-23 08:42:28,266 - DEBUG - Iter 43000: T=10.14, Fitness_actual=120.5, Mejor=149.0
2025-10-23 08:42:33,459 - WARNING - ⚠️  DEGRADACIÓN DETECTADA en iter 43050:
2025-10-23 08:42:33,459 - WARNING -    Mejor fitness: 149.0
2025-10-23 08:42:33,460 - WARNING -    Fitness promedio reciente: 118.2
2025-10-23 08:42:33,460 - WARNING -    Degradación: 30.8
2025-10-23 08:42:33,460 - WARNING -    🔄 RESTAURANDO mejor solución...
2025-10-23 08:42:34,817 - INFO - Iter 43063: Aceptada solución con delta=-11.5 (T=10.13)
2025-10-23 08:42:34,817 - INFO -   📊 Desglose del cambio:
2025-10-23 08:42:34,818 - INFO -      Puntos: +0 → 16572 total
2025-10-23 08:42:34,818 - INFO -      Tiempo: +371.5min → 13429.0min total
2025-10-23 08:42:34,818 - INFO -      Distancia: +1.0km → 103.3km total
2025-10-23 08:42:38,674 - WARNING - ⚠️  DEGRADACIÓN DETECTADA en iter 43100:
2025-10-23 08:42:38,675 - WARNING -    Mejor fitness: 149.0
2025-10-23 08:42:38,675 - WARNING -    Fitness promedio reciente: 128.4
2025-10-23 08:42:38,675 - WARNING -    Degradación: 20.6
2025-10-23 08:42:38,676 - WARNING -    🔄 RESTAURANDO mejor solución...
2025-10-23 08:42:38,680 - DEBUG - Iter 43100: T=10.12, Fitness_actual=149.0, Mejor=149.0
2025-10-23 08:42:49,132 - WARNING - ⚠️  DEGRADACIÓN DETECTADA en iter 43200:
2025-10-23 08:42:49,132 - WARNING -    Mejor fitness: 149.0
2025-10-23 08:42:49,133 - WARNING -    Fitness promedio reciente: 116.1
2025-10-23 08:42:49,133 - WARNING -    Degradación: 32.9
2025-10-23 08:42:49,133 - WARNING -    🔄 RESTAURANDO mejor solución...
2025-10-23 08:42:49,134 - DEBUG - Iter 43200: T=10.10, Fitness_actual=149.0, Mejor=149.0
2025-10-23 08:42:49,241 - INFO - Iter 43201: Aceptada solución con delta=-11.4 (T=10.10)
2025-10-23 08:42:49,241 - INFO -   📊 Desglose del cambio:
2025-10-23 08:42:49,242 - INFO -      Puntos: -433 → 16197 total
2025-10-23 08:42:49,242 - INFO -      Tiempo: +47.2min → 13252.6min total
2025-10-23 08:42:49,243 - INFO -      Distancia: +5.2km → 101.0km total
2025-10-23 08:42:59,585 - WARNING - ⚠️  DEGRADACIÓN DETECTADA en iter 43300:
2025-10-23 08:42:59,585 - WARNING -    Mejor fitness: 149.0
2025-10-23 08:42:59,586 - WARNING -    Fitness promedio reciente: 115.2
2025-10-23 08:42:59,586 - WARNING -    Degradación: 33.8
2025-10-23 08:42:59,587 - WARNING -    🔄 RESTAURANDO mejor solución...
2025-10-23 08:42:59,588 - DEBUG - Iter 43300: T=10.08, Fitness_actual=149.0, Mejor=149.0
2025-10-23 08:43:00,732 - INFO - Iter 43311: Aceptada solución con delta=-10.8 (T=10.08)
2025-10-23 08:43:00,733 - INFO -   📊 Desglose del cambio:
2025-10-23 08:43:00,733 - INFO -      Puntos: +0 → 16631 total
2025-10-23 08:43:00,734 - INFO -      Tiempo: +151.5min → 13318.7min total
2025-10-23 08:43:00,734 - INFO -      Distancia: +2.6km → 98.6km total
2025-10-23 08:43:10,091 - WARNING - ⚠️  DEGRADACIÓN DETECTADA en iter 43400:
2025-10-23 08:43:10,091 - WARNING -    Mejor fitness: 149.0
2025-10-23 08:43:10,092 - WARNING -    Fitness promedio reciente: 112.0
2025-10-23 08:43:10,092 - WARNING -    Degradación: 37.1
2025-10-23 08:43:10,092 - WARNING -    🔄 RESTAURANDO mejor solución...
2025-10-23 08:43:10,098 - DEBUG - Iter 43400: T=10.06, Fitness_actual=149.0, Mejor=149.0
2025-10-23 08:43:15,377 - WARNING - ⚠️  DEGRADACIÓN DETECTADA en iter 43450:
2025-10-23 08:43:15,378 - WARNING -    Mejor fitness: 149.0
2025-10-23 08:43:15,378 - WARNING -    Fitness promedio reciente: 124.1
2025-10-23 08:43:15,379 - WARNING -    Degradación: 24.9
2025-10-23 08:43:15,379 - WARNING -    🔄 RESTAURANDO mejor solución...
2025-10-23 08:43:20,609 - INFO -   Iter 43500 | Tiempo:   55.6min (23.2%) | T =    10.04 | Fitness =    122.4 | Mejor =    149.0 | Aceptación =  94.7%
2025-10-23 08:43:20,610 - INFO - Progreso iter 43500: T=10.04, Fitness=122.4, Mejor=149.0, Tasa_acept=94.7%
2025-10-23 08:43:20,613 - DEBUG - Iter 43500: T=10.04, Fitness_actual=122.4, Mejor=149.0
2025-10-23 08:43:22,601 - INFO - Iter 43519: Aceptada solución con delta=-12.6 (T=10.03)
2025-10-23 08:43:22,601 - INFO -   📊 Desglose del cambio:
2025-10-23 08:43:22,602 - INFO -      Puntos: -10 → 15595 total
2025-10-23 08:43:22,602 - INFO -      Tiempo: +325.7min → 12883.5min total
2025-10-23 08:43:22,602 - INFO -      Distancia: -0.4km → 97.0km total
2025-10-23 08:43:25,809 - WARNING - ⚠️  DEGRADACIÓN DETECTADA en iter 43550:
2025-10-23 08:43:25,810 - WARNING -    Mejor fitness: 149.0
2025-10-23 08:43:25,810 - WARNING -    Fitness promedio reciente: 113.5
2025-10-23 08:43:25,811 - WARNING -    Degradación: 35.6
2025-10-23 08:43:25,811 - WARNING -    🔄 RESTAURANDO mejor solución...
2025-10-23 08:43:27,357 - INFO - Iter 43565: Aceptada solución con delta=-12.8 (T=10.02)
2025-10-23 08:43:27,357 - INFO -   📊 Desglose del cambio:
2025-10-23 08:43:27,358 - INFO -      Puntos: +0 → 15602 total
2025-10-23 08:43:27,358 - INFO -      Tiempo: -10.7min → 12648.4min total
2025-10-23 08:43:27,358 - INFO -      Distancia: +1.6km → 88.2km total
2025-10-23 08:43:30,955 - WARNING - ⚠️  DEGRADACIÓN DETECTADA en iter 43600:
2025-10-23 08:43:30,956 - WARNING -    Mejor fitness: 149.0
2025-10-23 08:43:30,956 - WARNING -    Fitness promedio reciente: 127.1
2025-10-23 08:43:30,957 - WARNING -    Degradación: 22.0
2025-10-23 08:43:30,957 - WARNING -    🔄 RESTAURANDO mejor solución...
2025-10-23 08:43:30,958 - DEBUG - Iter 43600: T=10.01, Fitness_actual=149.0, Mejor=149.0
2025-10-23 08:43:41,310 - WARNING - ⚠️  DEGRADACIÓN DETECTADA en iter 43700:
2025-10-23 08:43:41,310 - WARNING -    Mejor fitness: 149.0
2025-10-23 08:43:41,311 - WARNING -    Fitness promedio reciente: 113.1
2025-10-23 08:43:41,311 - WARNING -    Degradación: 36.0
2025-10-23 08:43:41,311 - WARNING -    🔄 RESTAURANDO mejor solución...
2025-10-23 08:43:41,313 - DEBUG - Iter 43700: T=9.99, Fitness_actual=149.0, Mejor=149.0
2025-10-23 08:43:41,313 - INFO - 🌟 MEJORA #243 en iter 43700: Fitness=149.0 (+0.0), Puntos=16630
2025-10-23 08:43:41,831 - INFO - Iter 43705: Aceptada solución con delta=-13.1 (T=9.99)
2025-10-23 08:43:41,831 - INFO -   📊 Desglose del cambio:
2025-10-23 08:43:41,832 - INFO -      Puntos: -651 → 15960 total
2025-10-23 08:43:41,832 - INFO -      Tiempo: -463.3min → 12694.4min total
2025-10-23 08:43:41,833 - INFO -      Distancia: +8.9km → 103.3km total
2025-10-23 08:43:50,524 - INFO - Iter 43789: Aceptada solución con delta=-10.3 (T=9.97)
2025-10-23 08:43:50,524 - INFO -   📊 Desglose del cambio:
2025-10-23 08:43:50,525 - INFO -      Puntos: -323 → 13539 total
2025-10-23 08:43:50,525 - INFO -      Tiempo: +122.3min → 12931.2min total
2025-10-23 08:43:50,525 - INFO -      Distancia: +13.5km → 142.7km total
2025-10-23 08:43:51,653 - DEBUG - Iter 43800: T=9.97, Fitness_actual=90.7, Mejor=149.0
2025-10-23 08:43:53,302 - INFO - Iter 43816: Aceptada solución con delta=-11.0 (T=9.97)
2025-10-23 08:43:53,302 - INFO -   📊 Desglose del cambio:
2025-10-23 08:43:53,303 - INFO -      Puntos: -794 → 11498 total
2025-10-23 08:43:53,303 - INFO -      Tiempo: -196.2min → 11866.6min total
2025-10-23 08:43:53,303 - INFO -      Distancia: +21.6km → 150.9km total
2025-10-23 08:43:56,811 - WARNING - ⚠️  DEGRADACIÓN DETECTADA en iter 43850:
2025-10-23 08:43:56,812 - WARNING -    Mejor fitness: 149.0
2025-10-23 08:43:56,812 - WARNING -    Fitness promedio reciente: 77.9
2025-10-23 08:43:56,812 - WARNING -    Degradación: 71.1
2025-10-23 08:43:56,813 - WARNING -    🔄 RESTAURANDO mejor solución...
2025-10-23 08:44:01,982 - WARNING - ⚠️  DEGRADACIÓN DETECTADA en iter 43900:
2025-10-23 08:44:01,982 - WARNING -    Mejor fitness: 149.0
2025-10-23 08:44:01,983 - WARNING -    Fitness promedio reciente: 120.6
2025-10-23 08:44:01,983 - WARNING -    Degradación: 28.4
2025-10-23 08:44:01,983 - WARNING -    🔄 RESTAURANDO mejor solución...
2025-10-23 08:44:01,984 - DEBUG - Iter 43900: T=9.95, Fitness_actual=149.0, Mejor=149.0
2025-10-23 08:44:01,985 - INFO - 🌟 MEJORA #244 en iter 43900: Fitness=149.0 (+0.0), Puntos=16630
2025-10-23 08:44:12,494 - INFO -   Iter 44000 | Tiempo:   56.4min (23.5%) | T =     9.93 | Fitness =    101.1 | Mejor =    149.0 | Aceptación =  94.6%
2025-10-23 08:44:12,494 - INFO - Progreso iter 44000: T=9.93, Fitness=101.1, Mejor=149.0, Tasa_acept=94.6%
2025-10-23 08:44:12,497 - DEBUG - Iter 44000: T=9.93, Fitness_actual=101.1, Mejor=149.0
2025-10-23 08:44:17,702 - WARNING - ⚠️  DEGRADACIÓN DETECTADA en iter 44050:
2025-10-23 08:44:17,702 - WARNING -    Mejor fitness: 149.0
2025-10-23 08:44:17,703 - WARNING -    Fitness promedio reciente: 83.8
2025-10-23 08:44:17,703 - WARNING -    Degradación: 65.3
2025-10-23 08:44:17,703 - WARNING -    🔄 RESTAURANDO mejor solución...
2025-10-23 08:44:17,705 - INFO - 🌟 MEJORA #245 en iter 44050: Fitness=149.0 (+0.0), Puntos=16630
2025-10-23 08:44:17,705 - INFO -   ✨ Mejora #245 en iteración 44051: Fitness = 149.0 | Puntos = 16630 | T = 9.92
2025-10-23 08:44:17,809 - INFO - 🌟 MEJORA #246 en iter 44051: Fitness=149.1 (+0.1), Puntos=16637
2025-10-23 08:44:22,956 - DEBUG - Iter 44100: T=9.91, Fitness_actual=128.6, Mejor=149.1
2025-10-23 08:44:33,432 - WARNING - ⚠️  DEGRADACIÓN DETECTADA en iter 44200:
2025-10-23 08:44:33,432 - WARNING -    Mejor fitness: 149.1
2025-10-23 08:44:33,433 - WARNING -    Fitness promedio reciente: 107.0
2025-10-23 08:44:33,433 - WARNING -    Degradación: 42.1
2025-10-23 08:44:33,433 - WARNING -    🔄 RESTAURANDO mejor solución...
2025-10-23 08:44:33,434 - DEBUG - Iter 44200: T=9.89, Fitness_actual=149.1, Mejor=149.1
2025-10-23 08:44:37,324 - INFO - Iter 44237: Aceptada solución con delta=-13.7 (T=9.88)
2025-10-23 08:44:37,325 - INFO -   📊 Desglose del cambio:
2025-10-23 08:44:37,325 - INFO -      Puntos: -825 → 15762 total
2025-10-23 08:44:37,326 - INFO -      Tiempo: -613.7min → 12523.4min total
2025-10-23 08:44:37,326 - INFO -      Distancia: -2.8km → 88.6km total
2025-10-23 08:44:43,887 - WARNING - ⚠️  DEGRADACIÓN DETECTADA en iter 44300:
2025-10-23 08:44:43,887 - WARNING -    Mejor fitness: 149.1
2025-10-23 08:44:43,888 - WARNING -    Fitness promedio reciente: 102.6
2025-10-23 08:44:43,888 - WARNING -    Degradación: 46.5
2025-10-23 08:44:43,888 - WARNING -    🔄 RESTAURANDO mejor solución...
2025-10-23 08:44:43,893 - DEBUG - Iter 44300: T=9.86, Fitness_actual=149.1, Mejor=149.1
2025-10-23 08:44:44,102 - INFO - 🌟 MEJORA #247 en iter 44302: Fitness=149.1 (+0.0), Puntos=16637
2025-10-23 08:44:44,207 - INFO - 🌟 MEJORA #248 en iter 44303: Fitness=149.1 (+0.0), Puntos=16639
2025-10-23 08:44:54,404 - DEBUG - Iter 44400: T=9.84, Fitness_actual=97.4, Mejor=149.1
2025-10-23 08:44:59,646 - WARNING - ⚠️  DEGRADACIÓN DETECTADA en iter 44450:
2025-10-23 08:44:59,646 - WARNING -    Mejor fitness: 149.1
2025-10-23 08:44:59,647 - WARNING -    Fitness promedio reciente: 96.1
2025-10-23 08:44:59,647 - WARNING -    Degradación: 53.0
2025-10-23 08:44:59,647 - WARNING -    🔄 RESTAURANDO mejor solución...
2025-10-23 08:45:04,914 - INFO -   Iter 44500 | Tiempo:   57.3min (23.9%) | T =     9.82 | Fitness =    104.5 | Mejor =    149.1 | Aceptación =  94.6%
2025-10-23 08:45:04,914 - INFO - Progreso iter 44500: T=9.82, Fitness=104.5, Mejor=149.1, Tasa_acept=94.6%
2025-10-23 08:45:04,915 - WARNING - ⚠️  DEGRADACIÓN DETECTADA en iter 44500:
2025-10-23 08:45:04,919 - WARNING -    Mejor fitness: 149.1
2025-10-23 08:45:04,919 - WARNING -    Fitness promedio reciente: 120.0
2025-10-23 08:45:04,919 - WARNING -    Degradación: 29.1
2025-10-23 08:45:04,919 - WARNING -    🔄 RESTAURANDO mejor solución...
2025-10-23 08:45:04,920 - DEBUG - Iter 44500: T=9.82, Fitness_actual=149.1, Mejor=149.1
2025-10-23 08:45:04,921 - INFO - 🌟 MEJORA #249 en iter 44500: Fitness=149.1 (+0.0), Puntos=16639
2025-10-23 08:45:12,555 - INFO - Iter 44572: Aceptada solución con delta=-10.7 (T=9.81)
2025-10-23 08:45:12,555 - INFO -   📊 Desglose del cambio:
2025-10-23 08:45:12,556 - INFO -      Puntos: -776 → 15699 total
2025-10-23 08:45:12,556 - INFO -      Tiempo: -528.9min → 12482.4min total
2025-10-23 08:45:12,556 - INFO -      Distancia: -7.0km → 99.4km total
2025-10-23 08:45:13,086 - INFO - Iter 44577: Aceptada solución con delta=-11.4 (T=9.81)
2025-10-23 08:45:13,087 - INFO -   📊 Desglose del cambio:
2025-10-23 08:45:13,087 - INFO -      Puntos: -791 → 14903 total
2025-10-23 08:45:13,088 - INFO -      Tiempo: -292.5min → 12227.7min total
2025-10-23 08:45:13,088 - INFO -      Distancia: -11.5km → 87.3km total
2025-10-23 08:45:15,500 - DEBUG - Iter 44600: T=9.80, Fitness_actual=108.2, Mejor=149.1
2025-10-23 08:45:20,748 - WARNING - ⚠️  DEGRADACIÓN DETECTADA en iter 44650:
2025-10-23 08:45:20,749 - WARNING -    Mejor fitness: 149.1
2025-10-23 08:45:20,749 - WARNING -    Fitness promedio reciente: 104.8
2025-10-23 08:45:20,749 - WARNING -    Degradación: 44.3
2025-10-23 08:45:20,750 - WARNING -    🔄 RESTAURANDO mejor solución...
2025-10-23 08:45:26,064 - DEBUG - Iter 44700: T=9.78, Fitness_actual=122.2, Mejor=149.1
2025-10-23 08:45:31,340 - WARNING - ⚠️  DEGRADACIÓN DETECTADA en iter 44750:
2025-10-23 08:45:31,340 - WARNING -    Mejor fitness: 149.1
2025-10-23 08:45:31,340 - WARNING -    Fitness promedio reciente: 120.1
2025-10-23 08:45:31,341 - WARNING -    Degradación: 29.1
2025-10-23 08:45:31,341 - WARNING -    🔄 RESTAURANDO mejor solución...
2025-10-23 08:45:36,622 - DEBUG - Iter 44800: T=9.76, Fitness_actual=126.3, Mejor=149.1
2025-10-23 08:45:41,917 - WARNING - ⚠️  DEGRADACIÓN DETECTADA en iter 44850:
2025-10-23 08:45:41,917 - WARNING -    Mejor fitness: 149.1
2025-10-23 08:45:41,918 - WARNING -    Fitness promedio reciente: 116.8
2025-10-23 08:45:41,918 - WARNING -    Degradación: 32.4
2025-10-23 08:45:41,918 - WARNING -    🔄 RESTAURANDO mejor solución...
2025-10-23 08:45:47,205 - DEBUG - Iter 44900: T=9.74, Fitness_actual=129.1, Mejor=149.1
2025-10-23 08:45:52,526 - WARNING - ⚠️  DEGRADACIÓN DETECTADA en iter 44950:
2025-10-23 08:45:52,526 - WARNING -    Mejor fitness: 149.1
2025-10-23 08:45:52,526 - WARNING -    Fitness promedio reciente: 122.2
2025-10-23 08:45:52,527 - WARNING -    Degradación: 26.9
2025-10-23 08:45:52,527 - WARNING -    🔄 RESTAURANDO mejor solución...
2025-10-23 08:45:57,852 - INFO -   Iter 45000 | Tiempo:   58.2min (24.2%) | T =     9.72 | Fitness =    118.3 | Mejor =    149.1 | Aceptación =  94.5%
2025-10-23 08:45:57,853 - INFO - Progreso iter 45000: T=9.72, Fitness=118.3, Mejor=149.1, Tasa_acept=94.5%
2025-10-23 08:45:57,853 - WARNING - ⚠️  DEGRADACIÓN DETECTADA en iter 45000:
2025-10-23 08:45:57,854 - WARNING -    Mejor fitness: 149.1
2025-10-23 08:45:57,854 - WARNING -    Fitness promedio reciente: 126.1
2025-10-23 08:45:57,854 - WARNING -    Degradación: 23.0
2025-10-23 08:45:57,855 - WARNING -    🔄 RESTAURANDO mejor solución...
2025-10-23 08:45:57,858 - DEBUG - Iter 45000: T=9.72, Fitness_actual=149.1, Mejor=149.1
2025-10-23 08:46:08,539 - WARNING - ⚠️  DEGRADACIÓN DETECTADA en iter 45100:
2025-10-23 08:46:08,539 - WARNING -    Mejor fitness: 149.1
2025-10-23 08:46:08,540 - WARNING -    Fitness promedio reciente: 116.2
2025-10-23 08:46:08,540 - WARNING -    Degradación: 32.9
2025-10-23 08:46:08,540 - WARNING -    🔄 RESTAURANDO mejor solución...
2025-10-23 08:46:08,542 - DEBUG - Iter 45100: T=9.69, Fitness_actual=149.1, Mejor=149.1
2025-10-23 08:46:08,542 - INFO - 🌟 MEJORA #250 en iter 45100: Fitness=149.1 (+0.0), Puntos=16639
2025-10-23 08:46:08,542 - INFO -   ✨ Mejora #250 en iteración 45101: Fitness = 149.1 | Puntos = 16639 | T = 9.69
2025-10-23 08:46:09,934 - WARNING - ================================================================================
2025-10-23 08:46:09,935 - WARNING - ⚠️  SALTO ANORMAL DETECTADO en iteración 45113
2025-10-23 08:46:09,935 - WARNING -    Fitness actual: 144.1
2025-10-23 08:46:09,935 - WARNING -    Fitness vecino: 120.5
2025-10-23 08:46:09,936 - WARNING -    Delta: -23.6
2025-10-23 08:46:09,936 - WARNING -    Temperatura: 9.69
2025-10-23 08:46:09,936 - WARNING -    Tipo perturbación aplicada: (ver generar_vecino)
2025-10-23 08:46:09,937 - WARNING -    Vecino - Puntos: 16642, Tiempo: 14230.2min, Distancia: 180.9km
2025-10-23 08:46:09,937 - WARNING -    Actual - Puntos: 16645, Tiempo: 13168.4min, Distancia: 92.4km
2025-10-23 08:46:09,937 - WARNING -    Validez restricciones - Vecino: False, Actual: False
2025-10-23 08:46:09,938 - WARNING - ================================================================================
2025-10-23 08:46:09,938 - WARNING - ⚠️  SALTO ANORMAL DETECTADO en iteración 45113
2025-10-23 08:46:09,938 - WARNING -    Fitness: 144.1 → 120.5 (Δ=-23.6)
2025-10-23 08:46:09,938 - WARNING -    Ver detalles en archivo de log
2025-10-23 08:46:19,241 - DEBUG - Iter 45200: T=9.67, Fitness_actual=109.1, Mejor=149.1
2025-10-23 08:46:24,592 - WARNING - ⚠️  DEGRADACIÓN DETECTADA en iter 45250:
2025-10-23 08:46:24,592 - WARNING -    Mejor fitness: 149.1
2025-10-23 08:46:24,593 - WARNING -    Fitness promedio reciente: 104.8
2025-10-23 08:46:24,593 - WARNING -    Degradación: 44.4
2025-10-23 08:46:24,594 - WARNING -    🔄 RESTAURANDO mejor solución...
2025-10-23 08:46:24,705 - INFO - Iter 45251: Aceptada solución con delta=-11.4 (T=9.66)
2025-10-23 08:46:24,705 - INFO -   📊 Desglose del cambio:
2025-10-23 08:46:24,706 - INFO -      Puntos: -329 → 16310 total
2025-10-23 08:46:24,706 - INFO -      Tiempo: +413.0min → 13556.0min total
2025-10-23 08:46:24,706 - INFO -      Distancia: +10.3km → 102.3km total
2025-10-23 08:46:29,907 - WARNING - ⚠️  DEGRADACIÓN DETECTADA en iter 45300:
2025-10-23 08:46:29,907 - WARNING -    Mejor fitness: 149.1
2025-10-23 08:46:29,908 - WARNING -    Fitness promedio reciente: 120.8
2025-10-23 08:46:29,908 - WARNING -    Degradación: 28.3
2025-10-23 08:46:29,908 - WARNING -    🔄 RESTAURANDO mejor solución...
2025-10-23 08:46:29,910 - DEBUG - Iter 45300: T=9.65, Fitness_actual=149.1, Mejor=149.1
2025-10-23 08:46:35,262 - WARNING - ⚠️  DEGRADACIÓN DETECTADA en iter 45350:
2025-10-23 08:46:35,262 - WARNING -    Mejor fitness: 149.1
2025-10-23 08:46:35,263 - WARNING -    Fitness promedio reciente: 128.1
2025-10-23 08:46:35,263 - WARNING -    Degradación: 21.0
2025-10-23 08:46:35,263 - WARNING -    🔄 RESTAURANDO mejor solución...
2025-10-23 08:46:40,583 - WARNING - ⚠️  DEGRADACIÓN DETECTADA en iter 45400:
2025-10-23 08:46:40,584 - WARNING -    Mejor fitness: 149.1
2025-10-23 08:46:40,585 - WARNING -    Fitness promedio reciente: 126.7
2025-10-23 08:46:40,585 - WARNING -    Degradación: 22.4
2025-10-23 08:46:40,585 - WARNING -    🔄 RESTAURANDO mejor solución...
2025-10-23 08:46:40,587 - DEBUG - Iter 45400: T=9.63, Fitness_actual=149.1, Mejor=149.1
2025-10-23 08:46:45,901 - WARNING - ⚠️  DEGRADACIÓN DETECTADA en iter 45450:
2025-10-23 08:46:45,901 - WARNING -    Mejor fitness: 149.1
2025-10-23 08:46:45,902 - WARNING -    Fitness promedio reciente: 118.0
2025-10-23 08:46:45,902 - WARNING -    Degradación: 31.1
2025-10-23 08:46:45,903 - WARNING -    🔄 RESTAURANDO mejor solución...
2025-10-23 08:46:51,260 - INFO -   Iter 45500 | Tiempo:   59.1min (24.6%) | T =     9.61 | Fitness =    107.7 | Mejor =    149.1 | Aceptación =  94.5%
2025-10-23 08:46:51,261 - INFO - Progreso iter 45500: T=9.61, Fitness=107.7, Mejor=149.1, Tasa_acept=94.5%
2025-10-23 08:46:51,261 - WARNING - ⚠️  DEGRADACIÓN DETECTADA en iter 45500:
2025-10-23 08:46:51,262 - WARNING -    Mejor fitness: 149.1
2025-10-23 08:46:51,262 - WARNING -    Fitness promedio reciente: 119.6
2025-10-23 08:46:51,262 - WARNING -    Degradación: 29.5
2025-10-23 08:46:51,263 - WARNING -    🔄 RESTAURANDO mejor solución...
2025-10-23 08:46:51,266 - DEBUG - Iter 45500: T=9.61, Fitness_actual=149.1, Mejor=149.1
2025-10-23 08:46:51,804 - INFO - Iter 45505: Aceptada solución con delta=-14.0 (T=9.61)
2025-10-23 08:46:51,804 - INFO -   📊 Desglose del cambio:
2025-10-23 08:46:51,805 - INFO -      Puntos: +0 → 16635 total
2025-10-23 08:46:51,805 - INFO -      Tiempo: +360.7min → 13340.2min total
2025-10-23 08:46:51,805 - INFO -      Distancia: +0.1km → 89.6km total
2025-10-23 08:46:52,444 - INFO - Iter 45511: Aceptada solución con delta=-12.2 (T=9.61)
2025-10-23 08:46:52,445 - INFO -   📊 Desglose del cambio:
2025-10-23 08:46:52,445 - INFO -      Puntos: -825 → 15802 total
2025-10-23 08:46:52,446 - INFO -      Tiempo: -908.8min → 12321.1min total
2025-10-23 08:46:52,446 - INFO -      Distancia: -2.4km → 84.3km total
2025-10-23 08:46:56,594 - WARNING - ⚠️  DEGRADACIÓN DETECTADA en iter 45550:
2025-10-23 08:46:56,594 - WARNING -    Mejor fitness: 149.1
2025-10-23 08:46:56,595 - WARNING -    Fitness promedio reciente: 115.0
2025-10-23 08:46:56,595 - WARNING -    Degradación: 34.1
2025-10-23 08:46:56,596 - WARNING -    🔄 RESTAURANDO mejor solución...
2025-10-23 08:46:56,702 - INFO - 🌟 MEJORA #251 en iter 45551: Fitness=150.1 (+1.0), Puntos=16636
2025-10-23 08:47:01,919 - DEBUG - Iter 45600: T=9.59, Fitness_actual=116.3, Mejor=150.1
2025-10-23 08:47:12,513 - WARNING - ⚠️  DEGRADACIÓN DETECTADA en iter 45700:
2025-10-23 08:47:12,513 - WARNING -    Mejor fitness: 150.1
2025-10-23 08:47:12,514 - WARNING -    Fitness promedio reciente: 101.0
2025-10-23 08:47:12,514 - WARNING -    Degradación: 49.0
2025-10-23 08:47:12,515 - WARNING -    🔄 RESTAURANDO mejor solución...
2025-10-23 08:47:12,519 - DEBUG - Iter 45700: T=9.57, Fitness_actual=150.1, Mejor=150.1
2025-10-23 08:47:12,519 - INFO - Iter 45700: Aceptada solución con delta=-11.6 (T=9.57)
2025-10-23 08:47:12,519 - INFO -   📊 Desglose del cambio:
2025-10-23 08:47:12,520 - INFO -      Puntos: -180 → 16456 total
2025-10-23 08:47:12,520 - INFO -      Tiempo: -288.5min → 12821.9min total
2025-10-23 08:47:12,520 - INFO -      Distancia: -0.3km → 88.9km total
2025-10-23 08:47:17,797 - WARNING - ⚠️  DEGRADACIÓN DETECTADA en iter 45750:
2025-10-23 08:47:17,797 - WARNING -    Mejor fitness: 150.1
2025-10-23 08:47:17,798 - WARNING -    Fitness promedio reciente: 121.6
2025-10-23 08:47:17,798 - WARNING -    Degradación: 28.5
2025-10-23 08:47:17,802 - WARNING -    🔄 RESTAURANDO mejor solución...
2025-10-23 08:47:23,105 - DEBUG - Iter 45800: T=9.55, Fitness_actual=130.3, Mejor=150.1
2025-10-23 08:47:28,410 - WARNING - ⚠️  DEGRADACIÓN DETECTADA en iter 45850:
2025-10-23 08:47:28,411 - WARNING -    Mejor fitness: 150.1
2025-10-23 08:47:28,411 - WARNING -    Fitness promedio reciente: 121.5
2025-10-23 08:47:28,411 - WARNING -    Degradación: 28.6
2025-10-23 08:47:28,412 - WARNING -    🔄 RESTAURANDO mejor solución...
2025-10-23 08:47:28,628 - INFO - 🌟 MEJORA #252 en iter 45852: Fitness=150.1 (+0.0), Puntos=16639
2025-10-23 08:47:32,678 - INFO - Iter 45890: Aceptada solución con delta=-10.8 (T=9.53)
2025-10-23 08:47:32,678 - INFO -   📊 Desglose del cambio:
2025-10-23 08:47:32,679 - INFO -      Puntos: -584 → 15747 total
2025-10-23 08:47:32,679 - INFO -      Tiempo: -254.8min → 13301.4min total
2025-10-23 08:47:32,679 - INFO -      Distancia: -3.7km → 96.9km total
2025-10-23 08:47:33,746 - DEBUG - Iter 45900: T=9.52, Fitness_actual=125.3, Mejor=150.1
2025-10-23 08:47:44,321 - INFO -   Iter 46000 | Tiempo:   60.0min (25.0%) | T =     9.50 | Fitness =     92.5 | Mejor =    150.1 | Aceptación =  94.5%
2025-10-23 08:47:44,321 - INFO - Progreso iter 46000: T=9.50, Fitness=92.5, Mejor=150.1, Tasa_acept=94.5%
2025-10-23 08:47:44,322 - WARNING - ⚠️  DEGRADACIÓN DETECTADA en iter 46000:
2025-10-23 08:47:44,322 - WARNING -    Mejor fitness: 150.1
2025-10-23 08:47:44,322 - WARNING -    Fitness promedio reciente: 98.3
2025-10-23 08:47:44,323 - WARNING -    Degradación: 51.8
2025-10-23 08:47:44,323 - WARNING -    🔄 RESTAURANDO mejor solución...
2025-10-23 08:47:44,327 - DEBUG - Iter 46000: T=9.50, Fitness_actual=150.1, Mejor=150.1
2025-10-23 08:47:54,950 - WARNING - ⚠️  DEGRADACIÓN DETECTADA en iter 46100:
2025-10-23 08:47:54,950 - WARNING -    Mejor fitness: 150.1
2025-10-23 08:47:54,951 - WARNING -    Fitness promedio reciente: 126.0
2025-10-23 08:47:54,951 - WARNING -    Degradación: 24.1
2025-10-23 08:47:54,951 - WARNING -    🔄 RESTAURANDO mejor solución...
2025-10-23 08:47:54,953 - DEBUG - Iter 46100: T=9.48, Fitness_actual=150.1, Mejor=150.1
2025-10-23 08:48:05,602 - WARNING - ⚠️  DEGRADACIÓN DETECTADA en iter 46200:
2025-10-23 08:48:05,602 - WARNING -    Mejor fitness: 150.1
2025-10-23 08:48:05,603 - WARNING -    Fitness promedio reciente: 126.0
2025-10-23 08:48:05,603 - WARNING -    Degradación: 24.2
2025-10-23 08:48:05,604 - WARNING -    🔄 RESTAURANDO mejor solución...
2025-10-23 08:48:05,605 - DEBUG - Iter 46200: T=9.46, Fitness_actual=150.1, Mejor=150.1
2025-10-23 08:48:10,969 - WARNING - ⚠️  DEGRADACIÓN DETECTADA en iter 46250:
2025-10-23 08:48:10,969 - WARNING -    Mejor fitness: 150.1
2025-10-23 08:48:10,970 - WARNING -    Fitness promedio reciente: 127.2
2025-10-23 08:48:10,970 - WARNING -    Degradación: 22.9
2025-10-23 08:48:10,970 - WARNING -    🔄 RESTAURANDO mejor solución...
2025-10-23 08:48:11,189 - INFO - Iter 46252: Aceptada solución con delta=-15.6 (T=9.45)
2025-10-23 08:48:11,189 - INFO -   📊 Desglose del cambio:
2025-10-23 08:48:11,190 - INFO -      Puntos: -852 → 15787 total
2025-10-23 08:48:11,191 - INFO -      Tiempo: -508.4min → 12578.3min total
2025-10-23 08:48:11,191 - INFO -      Distancia: -5.7km → 84.0km total
2025-10-23 08:48:16,438 - WARNING - ⚠️  DEGRADACIÓN DETECTADA en iter 46300:
2025-10-23 08:48:16,438 - WARNING -    Mejor fitness: 150.1
2025-10-23 08:48:16,439 - WARNING -    Fitness promedio reciente: 126.1
2025-10-23 08:48:16,439 - WARNING -    Degradación: 24.0
2025-10-23 08:48:16,439 - WARNING -    🔄 RESTAURANDO mejor solución...
2025-10-23 08:48:16,441 - DEBUG - Iter 46300: T=9.44, Fitness_actual=150.1, Mejor=150.1
2025-10-23 08:48:27,246 - WARNING - ⚠️  DEGRADACIÓN DETECTADA en iter 46400:
2025-10-23 08:48:27,246 - WARNING -    Mejor fitness: 150.1
2025-10-23 08:48:27,247 - WARNING -    Fitness promedio reciente: 106.5
2025-10-23 08:48:27,247 - WARNING -    Degradación: 43.6
2025-10-23 08:48:27,247 - WARNING -    🔄 RESTAURANDO mejor solución...
2025-10-23 08:48:27,249 - DEBUG - Iter 46400: T=9.42, Fitness_actual=150.1, Mejor=150.1
2025-10-23 08:48:38,100 - INFO -   Iter 46500 | Tiempo:   60.9min (25.4%) | T =     9.40 | Fitness =    108.9 | Mejor =    150.1 | Aceptación =  94.4%
2025-10-23 08:48:38,100 - INFO - Progreso iter 46500: T=9.40, Fitness=108.9, Mejor=150.1, Tasa_acept=94.4%
2025-10-23 08:48:38,101 - WARNING - ⚠️  DEGRADACIÓN DETECTADA en iter 46500:
2025-10-23 08:48:38,101 - WARNING -    Mejor fitness: 150.1
2025-10-23 08:48:38,102 - WARNING -    Fitness promedio reciente: 121.3
2025-10-23 08:48:38,102 - WARNING -    Degradación: 28.8
2025-10-23 08:48:38,102 - WARNING -    🔄 RESTAURANDO mejor solución...
2025-10-23 08:48:38,103 - DEBUG - Iter 46500: T=9.40, Fitness_actual=150.1, Mejor=150.1
2025-10-23 08:48:38,213 - INFO - 🌟 MEJORA #253 en iter 46501: Fitness=150.1 (+0.0), Puntos=16639
2025-10-23 08:48:38,322 - INFO - 🌟 MEJORA #254 en iter 46502: Fitness=150.1 (+0.0), Puntos=16639
2025-10-23 08:48:38,535 - INFO - 🌟 MEJORA #255 en iter 46504: Fitness=150.1 (+0.0), Puntos=16640
2025-10-23 08:48:38,535 - INFO -   ✨ Mejora #255 en iteración 46505: Fitness = 150.1 | Puntos = 16640 | T = 9.40
2025-10-23 08:48:38,647 - INFO - Iter 46505: Aceptada solución con delta=-10.6 (T=9.40)
2025-10-23 08:48:38,647 - INFO -   📊 Desglose del cambio:
2025-10-23 08:48:38,648 - INFO -      Puntos: +0 → 16640 total
2025-10-23 08:48:38,648 - INFO -      Tiempo: +125.1min → 13198.4min total
2025-10-23 08:48:38,649 - INFO -      Distancia: +0.4km → 90.3km total
2025-10-23 08:48:48,986 - DEBUG - Iter 46600: T=9.38, Fitness_actual=109.8, Mejor=150.1
2025-10-23 08:48:54,396 - WARNING - ⚠️  DEGRADACIÓN DETECTADA en iter 46650:
2025-10-23 08:48:54,397 - WARNING -    Mejor fitness: 150.1
2025-10-23 08:48:54,397 - WARNING -    Fitness promedio reciente: 104.5
2025-10-23 08:48:54,398 - WARNING -    Degradación: 45.6
2025-10-23 08:48:54,398 - WARNING -    🔄 RESTAURANDO mejor solución...
2025-10-23 08:48:54,622 - INFO - 🌟 MEJORA #256 en iter 46652: Fitness=150.1 (+0.0), Puntos=16640
2025-10-23 08:48:54,729 - INFO - 🌟 MEJORA #257 en iter 46653: Fitness=150.1 (+0.0), Puntos=16640
2025-10-23 08:48:59,850 - DEBUG - Iter 46700: T=9.36, Fitness_actual=113.3, Mejor=150.1
2025-10-23 08:49:10,787 - WARNING - ⚠️  DEGRADACIÓN DETECTADA en iter 46800:
2025-10-23 08:49:10,787 - WARNING -    Mejor fitness: 150.1
2025-10-23 08:49:10,787 - WARNING -    Fitness promedio reciente: 94.5
2025-10-23 08:49:10,788 - WARNING -    Degradación: 55.7
2025-10-23 08:49:10,788 - WARNING -    🔄 RESTAURANDO mejor solución...
2025-10-23 08:49:10,792 - DEBUG - Iter 46800: T=9.34, Fitness_actual=150.1, Mejor=150.1
2025-10-23 08:49:16,317 - WARNING - ⚠️  DEGRADACIÓN DETECTADA en iter 46850:
2025-10-23 08:49:16,318 - WARNING -    Mejor fitness: 150.1
2025-10-23 08:49:16,318 - WARNING -    Fitness promedio reciente: 123.9
2025-10-23 08:49:16,319 - WARNING -    Degradación: 26.3
2025-10-23 08:49:16,319 - WARNING -    🔄 RESTAURANDO mejor solución...
2025-10-23 08:49:21,748 - WARNING - ⚠️  DEGRADACIÓN DETECTADA en iter 46900:
2025-10-23 08:49:21,748 - WARNING -    Mejor fitness: 150.1
2025-10-23 08:49:21,749 - WARNING -    Fitness promedio reciente: 129.3
2025-10-23 08:49:21,749 - WARNING -    Degradación: 20.8
2025-10-23 08:49:21,750 - WARNING -    🔄 RESTAURANDO mejor solución...
2025-10-23 08:49:21,753 - DEBUG - Iter 46900: T=9.32, Fitness_actual=150.1, Mejor=150.1
2025-10-23 08:49:27,266 - WARNING - ⚠️  DEGRADACIÓN DETECTADA en iter 46950:
2025-10-23 08:49:27,266 - WARNING -    Mejor fitness: 150.1
2025-10-23 08:49:27,267 - WARNING -    Fitness promedio reciente: 126.4
2025-10-23 08:49:27,267 - WARNING -    Degradación: 23.7
2025-10-23 08:49:27,267 - WARNING -    🔄 RESTAURANDO mejor solución...
2025-10-23 08:49:27,379 - INFO - Iter 46951: Aceptada solución con delta=-10.5 (T=9.30)
2025-10-23 08:49:27,379 - INFO -   📊 Desglose del cambio:
2025-10-23 08:49:27,380 - INFO -      Puntos: -847 → 15793 total
2025-10-23 08:49:27,380 - INFO -      Tiempo: -593.0min → 12479.5min total
2025-10-23 08:49:27,381 - INFO -      Distancia: -5.3km → 84.5km total
2025-10-23 08:49:28,354 - INFO - Iter 46960: Aceptada solución con delta=-12.0 (T=9.30)
2025-10-23 08:49:28,354 - INFO -   📊 Desglose del cambio:
2025-10-23 08:49:28,355 - INFO -      Puntos: +0 → 15660 total
2025-10-23 08:49:28,355 - INFO -      Tiempo: +540.1min → 13060.4min total
2025-10-23 08:49:28,356 - INFO -      Distancia: +0.0km → 93.8km total
2025-10-23 08:49:32,685 - INFO -   Iter 47000 | Tiempo:   61.8min (25.7%) | T =     9.29 | Fitness =    111.8 | Mejor =    150.1 | Aceptación =  94.4%
2025-10-23 08:49:32,685 - INFO - Progreso iter 47000: T=9.29, Fitness=111.8, Mejor=150.1, Tasa_acept=94.4%
2025-10-23 08:49:32,686 - WARNING - ⚠️  DEGRADACIÓN DETECTADA en iter 47000:
2025-10-23 08:49:32,686 - WARNING -    Mejor fitness: 150.1
2025-10-23 08:49:32,686 - WARNING -    Fitness promedio reciente: 122.4
2025-10-23 08:49:32,686 - WARNING -    Degradación: 27.7
2025-10-23 08:49:32,686 - WARNING -    🔄 RESTAURANDO mejor solución...
2025-10-23 08:49:32,688 - DEBUG - Iter 47000: T=9.29, Fitness_actual=150.1, Mejor=150.1
2025-10-23 08:49:43,793 - WARNING - ⚠️  DEGRADACIÓN DETECTADA en iter 47100:
2025-10-23 08:49:43,794 - WARNING -    Mejor fitness: 150.1
2025-10-23 08:49:43,794 - WARNING -    Fitness promedio reciente: 102.7
2025-10-23 08:49:43,795 - WARNING -    Degradación: 47.5
2025-10-23 08:49:43,795 - WARNING -    🔄 RESTAURANDO mejor solución...
2025-10-23 08:49:43,799 - DEBUG - Iter 47100: T=9.27, Fitness_actual=150.1, Mejor=150.1
2025-10-23 08:49:49,328 - WARNING - ⚠️  DEGRADACIÓN DETECTADA en iter 47150:
2025-10-23 08:49:49,329 - WARNING -    Mejor fitness: 150.1
2025-10-23 08:49:49,329 - WARNING -    Fitness promedio reciente: 112.3
2025-10-23 08:49:49,330 - WARNING -    Degradación: 37.8
2025-10-23 08:49:49,330 - WARNING -    🔄 RESTAURANDO mejor solución...
2025-10-23 08:49:54,768 - WARNING - ⚠️  DEGRADACIÓN DETECTADA en iter 47200:
2025-10-23 08:49:54,768 - WARNING -    Mejor fitness: 150.1
2025-10-23 08:49:54,769 - WARNING -    Fitness promedio reciente: 125.9
2025-10-23 08:49:54,769 - WARNING -    Degradación: 24.2
2025-10-23 08:49:54,769 - WARNING -    🔄 RESTAURANDO mejor solución...
2025-10-23 08:49:54,771 - DEBUG - Iter 47200: T=9.25, Fitness_actual=150.1, Mejor=150.1
2025-10-23 08:49:56,964 - INFO - Iter 47220: Aceptada solución con delta=-10.7 (T=9.25)
2025-10-23 08:49:56,964 - INFO -   📊 Desglose del cambio:
2025-10-23 08:49:56,965 - INFO -      Puntos: -868 → 15752 total
2025-10-23 08:49:56,965 - INFO -      Tiempo: -788.0min → 12218.7min total
2025-10-23 08:49:56,965 - INFO -      Distancia: -2.3km → 89.1km total
2025-10-23 08:49:57,183 - INFO - Iter 47222: Aceptada solución con delta=-12.0 (T=9.25)
2025-10-23 08:49:57,183 - INFO -   📊 Desglose del cambio:
2025-10-23 08:49:57,183 - INFO -      Puntos: -802 → 14950 total
2025-10-23 08:49:57,184 - INFO -      Tiempo: -395.7min → 11822.9min total
2025-10-23 08:49:57,184 - INFO -      Distancia: -1.7km → 87.3km total
2025-10-23 08:50:00,232 - WARNING - ⚠️  DEGRADACIÓN DETECTADA en iter 47250:
2025-10-23 08:50:00,232 - WARNING -    Mejor fitness: 150.1
2025-10-23 08:50:00,233 - WARNING -    Fitness promedio reciente: 129.5
2025-10-23 08:50:00,233 - WARNING -    Degradación: 20.6
2025-10-23 08:50:00,234 - WARNING -    🔄 RESTAURANDO mejor solución...
2025-10-23 08:50:02,752 - INFO - Iter 47273: Aceptada solución con delta=-10.7 (T=9.24)
2025-10-23 08:50:02,753 - INFO -   📊 Desglose del cambio:
2025-10-23 08:50:02,753 - INFO -      Puntos: -416 → 16203 total
2025-10-23 08:50:02,754 - INFO -      Tiempo: +1849.2min → 15003.4min total
2025-10-23 08:50:02,754 - INFO -      Distancia: +20.9km → 119.1km total
2025-10-23 08:50:05,695 - DEBUG - Iter 47300: T=9.23, Fitness_actual=117.9, Mejor=150.1
2025-10-23 08:50:11,135 - WARNING - ⚠️  DEGRADACIÓN DETECTADA en iter 47350:
2025-10-23 08:50:11,135 - WARNING -    Mejor fitness: 150.1
2025-10-23 08:50:11,135 - WARNING -    Fitness promedio reciente: 116.4
2025-10-23 08:50:11,136 - WARNING -    Degradación: 33.7
2025-10-23 08:50:11,136 - WARNING -    🔄 RESTAURANDO mejor solución...
2025-10-23 08:50:11,789 - INFO - 🌟 MEJORA #258 en iter 47356: Fitness=150.1 (+0.0), Puntos=16640
2025-10-23 08:50:14,198 - INFO - Iter 47378: Aceptada solución con delta=-14.0 (T=9.22)
2025-10-23 08:50:14,199 - INFO -   📊 Desglose del cambio:
2025-10-23 08:50:14,199 - INFO -      Puntos: -318 → 16333 total
2025-10-23 08:50:14,200 - INFO -      Tiempo: +43.5min → 13177.5min total
2025-10-23 08:50:14,200 - INFO -      Distancia: +22.4km → 107.3km total
2025-10-23 08:50:16,604 - DEBUG - Iter 47400: T=9.21, Fitness_actual=132.6, Mejor=150.1
2025-10-23 08:50:27,583 - INFO -   Iter 47500 | Tiempo:   62.7min (26.1%) | T =     9.19 | Fitness =    119.7 | Mejor =    150.1 | Aceptación =  94.3%
2025-10-23 08:50:27,584 - INFO - Progreso iter 47500: T=9.19, Fitness=119.7, Mejor=150.1, Tasa_acept=94.3%
2025-10-23 08:50:27,585 - WARNING - ⚠️  DEGRADACIÓN DETECTADA en iter 47500:
2025-10-23 08:50:27,585 - WARNING -    Mejor fitness: 150.1
2025-10-23 08:50:27,585 - WARNING -    Fitness promedio reciente: 119.2
2025-10-23 08:50:27,585 - WARNING -    Degradación: 30.9
2025-10-23 08:50:27,586 - WARNING -    🔄 RESTAURANDO mejor solución...
2025-10-23 08:50:27,590 - DEBUG - Iter 47500: T=9.19, Fitness_actual=150.1, Mejor=150.1
2025-10-23 08:50:27,700 - INFO - 🌟 MEJORA #259 en iter 47501: Fitness=150.2 (+0.1), Puntos=16646
2025-10-23 08:50:38,557 - DEBUG - Iter 47600: T=9.17, Fitness_actual=119.3, Mejor=150.2
2025-10-23 08:50:44,105 - WARNING - ⚠️  DEGRADACIÓN DETECTADA en iter 47650:
2025-10-23 08:50:44,105 - WARNING -    Mejor fitness: 150.2
2025-10-23 08:50:44,106 - WARNING -    Fitness promedio reciente: 109.8
2025-10-23 08:50:44,106 - WARNING -    Degradación: 40.4
2025-10-23 08:50:44,106 - WARNING -    🔄 RESTAURANDO mejor solución...
2025-10-23 08:50:44,221 - INFO - Iter 47651: Aceptada solución con delta=-14.1 (T=9.16)
2025-10-23 08:50:44,221 - INFO -   📊 Desglose del cambio:
2025-10-23 08:50:44,222 - INFO -      Puntos: -695 → 15951 total
2025-10-23 08:50:44,222 - INFO -      Tiempo: -225.0min → 12870.8min total
2025-10-23 08:50:44,222 - INFO -      Distancia: +17.9km → 107.2km total
2025-10-23 08:50:49,573 - INFO - Iter 47699: Aceptada solución con delta=-10.0 (T=9.15)
2025-10-23 08:50:49,573 - INFO -   📊 Desglose del cambio:
2025-10-23 08:50:49,574 - INFO -      Puntos: +0 → 14734 total
2025-10-23 08:50:49,574 - INFO -      Tiempo: -294.0min → 11553.6min total
2025-10-23 08:50:49,575 - INFO -      Distancia: +0.5km → 116.1km total
2025-10-23 08:50:49,685 - WARNING - ⚠️  DEGRADACIÓN DETECTADA en iter 47700:
2025-10-23 08:50:49,685 - WARNING -    Mejor fitness: 150.2
2025-10-23 08:50:49,686 - WARNING -    Fitness promedio reciente: 121.9
2025-10-23 08:50:49,686 - WARNING -    Degradación: 28.3
2025-10-23 08:50:49,686 - WARNING -    🔄 RESTAURANDO mejor solución...
2025-10-23 08:50:49,690 - DEBUG - Iter 47700: T=9.15, Fitness_actual=150.2, Mejor=150.2
2025-10-23 08:51:00,857 - WARNING - ⚠️  DEGRADACIÓN DETECTADA en iter 47800:
2025-10-23 08:51:00,857 - WARNING -    Mejor fitness: 150.2
2025-10-23 08:51:00,858 - WARNING -    Fitness promedio reciente: 110.5
2025-10-23 08:51:00,858 - WARNING -    Degradación: 39.7
2025-10-23 08:51:00,858 - WARNING -    🔄 RESTAURANDO mejor solución...
2025-10-23 08:51:00,860 - DEBUG - Iter 47800: T=9.13, Fitness_actual=150.2, Mejor=150.2
2025-10-23 08:51:00,860 - INFO - 🌟 MEJORA #260 en iter 47800: Fitness=150.3 (+0.1), Puntos=16659
2025-10-23 08:51:00,860 - INFO -   ✨ Mejora #260 en iteración 47801: Fitness = 150.3 | Puntos = 16659 | T = 9.13
2025-10-23 08:51:12,076 - DEBUG - Iter 47900: T=9.11, Fitness_actual=113.6, Mejor=150.3
2025-10-23 08:51:17,664 - WARNING - ⚠️  DEGRADACIÓN DETECTADA en iter 47950:
2025-10-23 08:51:17,664 - WARNING -    Mejor fitness: 150.3
2025-10-23 08:51:17,665 - WARNING -    Fitness promedio reciente: 116.6
2025-10-23 08:51:17,665 - WARNING -    Degradación: 33.8
2025-10-23 08:51:17,665 - WARNING -    🔄 RESTAURANDO mejor solución...
2025-10-23 08:51:17,667 - INFO - 🌟 MEJORA #261 en iter 47950: Fitness=150.3 (+0.0), Puntos=16659
2025-10-23 08:51:17,780 - INFO - 🌟 MEJORA #262 en iter 47951: Fitness=150.3 (+0.0), Puntos=16659
2025-10-23 08:51:23,259 - INFO -   Iter 48000 | Tiempo:   63.6min (26.5%) | T =     9.08 | Fitness =    122.5 | Mejor =    150.3 | Aceptación =  94.2%
2025-10-23 08:51:23,259 - INFO - Progreso iter 48000: T=9.08, Fitness=122.5, Mejor=150.3, Tasa_acept=94.2%
2025-10-23 08:51:23,262 - DEBUG - Iter 48000: T=9.08, Fitness_actual=122.5, Mejor=150.3
2025-10-23 08:51:29,886 - INFO - Iter 48059: Aceptada solución con delta=-11.5 (T=9.07)
2025-10-23 08:51:29,886 - INFO -   📊 Desglose del cambio:
2025-10-23 08:51:29,887 - INFO -      Puntos: +0 → 15008 total
2025-10-23 08:51:29,887 - INFO -      Tiempo: -0.0min → 12989.3min total
2025-10-23 08:51:29,887 - INFO -      Distancia: -0.0km → 141.3km total
2025-10-23 08:51:34,467 - WARNING - ⚠️  DEGRADACIÓN DETECTADA en iter 48100:
2025-10-23 08:51:34,467 - WARNING -    Mejor fitness: 150.3
2025-10-23 08:51:34,467 - WARNING -    Fitness promedio reciente: 109.2
2025-10-23 08:51:34,468 - WARNING -    Degradación: 41.1
2025-10-23 08:51:34,468 - WARNING -    🔄 RESTAURANDO mejor solución...
2025-10-23 08:51:34,472 - DEBUG - Iter 48100: T=9.06, Fitness_actual=150.3, Mejor=150.3
2025-10-23 08:51:45,636 - WARNING - ⚠️  DEGRADACIÓN DETECTADA en iter 48200:
2025-10-23 08:51:45,637 - WARNING -    Mejor fitness: 150.3
2025-10-23 08:51:45,637 - WARNING -    Fitness promedio reciente: 116.2
2025-10-23 08:51:45,638 - WARNING -    Degradación: 34.1
2025-10-23 08:51:45,638 - WARNING -    🔄 RESTAURANDO mejor solución...
2025-10-23 08:51:45,642 - DEBUG - Iter 48200: T=9.04, Fitness_actual=150.3, Mejor=150.3
2025-10-23 08:51:45,754 - INFO - 🌟 MEJORA #263 en iter 48201: Fitness=150.5 (+0.2), Puntos=16676
2025-10-23 08:51:49,327 - INFO - Iter 48233: Aceptada solución con delta=-10.2 (T=9.04)
2025-10-23 08:51:49,327 - INFO -   📊 Desglose del cambio:
2025-10-23 08:51:49,328 - INFO -      Puntos: -79 → 16019 total
2025-10-23 08:51:49,328 - INFO -      Tiempo: +620.7min → 13070.1min total
2025-10-23 08:51:49,329 - INFO -      Distancia: +40.5km → 125.4km total
2025-10-23 08:51:51,908 - INFO - Iter 48256: Aceptada solución con delta=-10.5 (T=9.03)
2025-10-23 08:51:51,908 - INFO -   📊 Desglose del cambio:
2025-10-23 08:51:51,908 - INFO -      Puntos: -1 → 15457 total
2025-10-23 08:51:51,909 - INFO -      Tiempo: +169.3min → 12633.1min total
2025-10-23 08:51:51,909 - INFO -      Distancia: +0.4km → 108.6km total
2025-10-23 08:51:56,833 - DEBUG - Iter 48300: T=9.02, Fitness_actual=101.0, Mejor=150.5
2025-10-23 08:52:02,551 - WARNING - ⚠️  DEGRADACIÓN DETECTADA en iter 48350:
2025-10-23 08:52:02,551 - WARNING -    Mejor fitness: 150.5
2025-10-23 08:52:02,551 - WARNING -    Fitness promedio reciente: 89.6
2025-10-23 08:52:02,552 - WARNING -    Degradación: 60.9
2025-10-23 08:52:02,552 - WARNING -    🔄 RESTAURANDO mejor solución...
2025-10-23 08:52:08,272 - WARNING - ⚠️  DEGRADACIÓN DETECTADA en iter 48400:
2025-10-23 08:52:08,272 - WARNING -    Mejor fitness: 150.5
2025-10-23 08:52:08,273 - WARNING -    Fitness promedio reciente: 128.4
2025-10-23 08:52:08,273 - WARNING -    Degradación: 22.1
2025-10-23 08:52:08,273 - WARNING -    🔄 RESTAURANDO mejor solución...
2025-10-23 08:52:08,277 - DEBUG - Iter 48400: T=9.00, Fitness_actual=150.5, Mejor=150.5
2025-10-23 08:52:08,499 - INFO - 🌟 MEJORA #264 en iter 48402: Fitness=150.5 (+0.0), Puntos=16677
2025-10-23 08:52:15,482 - INFO - Iter 48464: Aceptada solución con delta=-10.0 (T=8.99)
2025-10-23 08:52:15,482 - INFO -   📊 Desglose del cambio:
2025-10-23 08:52:15,483 - INFO -      Puntos: -2 → 14732 total
2025-10-23 08:52:15,483 - INFO -      Tiempo: +941.9min → 13204.1min total
2025-10-23 08:52:15,483 - INFO -      Distancia: +1.2km → 109.7km total
2025-10-23 08:52:19,525 - INFO -   Iter 48500 | Tiempo:   64.6min (26.9%) | T =     8.98 | Fitness =     92.3 | Mejor =    150.5 | Aceptación =  94.2%
2025-10-23 08:52:19,525 - INFO - Progreso iter 48500: T=8.98, Fitness=92.3, Mejor=150.5, Tasa_acept=94.2%
2025-10-23 08:52:19,529 - DEBUG - Iter 48500: T=8.98, Fitness_actual=92.3, Mejor=150.5
2025-10-23 08:52:25,135 - WARNING - ⚠️  DEGRADACIÓN DETECTADA en iter 48550:
2025-10-23 08:52:25,136 - WARNING -    Mejor fitness: 150.5
2025-10-23 08:52:25,136 - WARNING -    Fitness promedio reciente: 95.6
2025-10-23 08:52:25,137 - WARNING -    Degradación: 54.9
2025-10-23 08:52:25,137 - WARNING -    🔄 RESTAURANDO mejor solución...
2025-10-23 08:52:30,766 - WARNING - ⚠️  DEGRADACIÓN DETECTADA en iter 48600:
2025-10-23 08:52:30,766 - WARNING -    Mejor fitness: 150.5
2025-10-23 08:52:30,767 - WARNING -    Fitness promedio reciente: 126.6
2025-10-23 08:52:30,767 - WARNING -    Degradación: 23.9
2025-10-23 08:52:30,768 - WARNING -    🔄 RESTAURANDO mejor solución...
2025-10-23 08:52:30,772 - DEBUG - Iter 48600: T=8.96, Fitness_actual=150.5, Mejor=150.5
2025-10-23 08:52:31,113 - INFO - Iter 48603: Aceptada solución con delta=-12.8 (T=8.96)
2025-10-23 08:52:31,130 - INFO -   📊 Desglose del cambio:
2025-10-23 08:52:31,130 - INFO -      Puntos: +0 → 16677 total
2025-10-23 08:52:31,131 - INFO -      Tiempo: -118.7min → 12940.7min total
2025-10-23 08:52:31,131 - INFO -      Distancia: +2.6km → 88.8km total
2025-10-23 08:52:42,099 - WARNING - ⚠️  DEGRADACIÓN DETECTADA en iter 48700:
2025-10-23 08:52:42,099 - WARNING -    Mejor fitness: 150.5
2025-10-23 08:52:42,100 - WARNING -    Fitness promedio reciente: 112.1
2025-10-23 08:52:42,100 - WARNING -    Degradación: 38.4
2025-10-23 08:52:42,101 - WARNING -    🔄 RESTAURANDO mejor solución...
2025-10-23 08:52:42,102 - DEBUG - Iter 48700: T=8.94, Fitness_actual=150.5, Mejor=150.5
2025-10-23 08:52:42,102 - INFO - 🌟 MEJORA #265 en iter 48700: Fitness=150.5 (+0.0), Puntos=16677
2025-10-23 08:52:42,102 - INFO -   ✨ Mejora #265 en iteración 48701: Fitness = 150.5 | Puntos = 16677 | T = 8.94
2025-10-23 08:52:42,551 - INFO - 🌟 MEJORA #266 en iter 48704: Fitness=150.5 (+0.0), Puntos=16678
2025-10-23 08:52:42,661 - INFO - 🌟 MEJORA #267 en iter 48705: Fitness=150.5 (+0.0), Puntos=16678
2025-10-23 08:52:53,277 - DEBUG - Iter 48800: T=8.92, Fitness_actual=103.5, Mejor=150.5
2025-10-23 08:52:58,815 - WARNING - ⚠️  DEGRADACIÓN DETECTADA en iter 48850:
2025-10-23 08:52:58,815 - WARNING -    Mejor fitness: 150.5
2025-10-23 08:52:58,816 - WARNING -    Fitness promedio reciente: 104.1
2025-10-23 08:52:58,816 - WARNING -    Degradación: 46.4
2025-10-23 08:52:58,816 - WARNING -    🔄 RESTAURANDO mejor solución...
2025-10-23 08:52:59,614 - INFO - Iter 48857: Aceptada solución con delta=-11.6 (T=8.91)
2025-10-23 08:52:59,615 - INFO -   📊 Desglose del cambio:
2025-10-23 08:52:59,615 - INFO -      Puntos: -503 → 16173 total
2025-10-23 08:52:59,616 - INFO -      Tiempo: +572.6min → 13665.8min total
2025-10-23 08:52:59,616 - INFO -      Distancia: +24.5km → 116.1km total
2025-10-23 08:53:04,551 - WARNING - ⚠️  DEGRADACIÓN DETECTADA en iter 48900:
2025-10-23 08:53:04,552 - WARNING -    Mejor fitness: 150.5
2025-10-23 08:53:04,552 - WARNING -    Fitness promedio reciente: 127.2
2025-10-23 08:53:04,552 - WARNING -    Degradación: 23.3
2025-10-23 08:53:04,553 - WARNING -    🔄 RESTAURANDO mejor solución...
2025-10-23 08:53:04,557 - DEBUG - Iter 48900: T=8.90, Fitness_actual=150.5, Mejor=150.5
2025-10-23 08:53:04,895 - INFO - Iter 48903: Aceptada solución con delta=-10.5 (T=8.90)
2025-10-23 08:53:04,896 - INFO -   📊 Desglose del cambio:
2025-10-23 08:53:04,896 - INFO -      Puntos: +0 → 16685 total
2025-10-23 08:53:04,896 - INFO -      Tiempo: +371.6min → 13431.7min total
2025-10-23 08:53:04,897 - INFO -      Distancia: +1.0km → 89.7km total
2025-10-23 08:53:10,179 - WARNING - ⚠️  DEGRADACIÓN DETECTADA en iter 48950:
2025-10-23 08:53:10,179 - WARNING -    Mejor fitness: 150.5
2025-10-23 08:53:10,180 - WARNING -    Fitness promedio reciente: 118.7
2025-10-23 08:53:10,180 - WARNING -    Degradación: 31.8
2025-10-23 08:53:10,180 - WARNING -    🔄 RESTAURANDO mejor solución...
2025-10-23 08:53:10,978 - INFO - Iter 48957: Aceptada solución con delta=-10.0 (T=8.89)
2025-10-23 08:53:10,978 - INFO -   📊 Desglose del cambio:
2025-10-23 08:53:10,978 - INFO -      Puntos: +0 → 16343 total
2025-10-23 08:53:10,979 - INFO -      Tiempo: +157.1min → 13201.3min total
2025-10-23 08:53:10,979 - INFO -      Distancia: +0.6km → 95.5km total
2025-10-23 08:53:15,826 - INFO -   Iter 49000 | Tiempo:   65.5min (27.3%) | T =     8.88 | Fitness =    112.9 | Mejor =    150.5 | Aceptación =  94.1%
2025-10-23 08:53:15,827 - INFO - Progreso iter 49000: T=8.88, Fitness=112.9, Mejor=150.5, Tasa_acept=94.1%
2025-10-23 08:53:15,827 - WARNING - ⚠️  DEGRADACIÓN DETECTADA en iter 49000:
2025-10-23 08:53:15,827 - WARNING -    Mejor fitness: 150.5
2025-10-23 08:53:15,828 - WARNING -    Fitness promedio reciente: 125.7
2025-10-23 08:53:15,828 - WARNING -    Degradación: 24.9
2025-10-23 08:53:15,828 - WARNING -    🔄 RESTAURANDO mejor solución...
2025-10-23 08:53:15,829 - DEBUG - Iter 49000: T=8.88, Fitness_actual=150.5, Mejor=150.5
2025-10-23 08:53:24,342 - INFO - Iter 49076: Aceptada solución con delta=-11.3 (T=8.86)
2025-10-23 08:53:24,342 - INFO -   📊 Desglose del cambio:
2025-10-23 08:53:24,343 - INFO -      Puntos: -26 → 15363 total
2025-10-23 08:53:24,343 - INFO -      Tiempo: +184.2min → 12493.5min total
2025-10-23 08:53:24,343 - INFO -      Distancia: +0.4km → 105.7km total
2025-10-23 08:53:27,051 - WARNING - ⚠️  DEGRADACIÓN DETECTADA en iter 49100:
2025-10-23 08:53:27,051 - WARNING -    Mejor fitness: 150.5
2025-10-23 08:53:27,052 - WARNING -    Fitness promedio reciente: 116.9
2025-10-23 08:53:27,052 - WARNING -    Degradación: 33.6
2025-10-23 08:53:27,052 - WARNING -    🔄 RESTAURANDO mejor solución...
2025-10-23 08:53:27,057 - DEBUG - Iter 49100: T=8.86, Fitness_actual=150.5, Mejor=150.5
2025-10-23 08:53:27,620 - INFO - Iter 49105: Aceptada solución con delta=-10.0 (T=8.86)
2025-10-23 08:53:27,620 - INFO -   📊 Desglose del cambio:
2025-10-23 08:53:27,621 - INFO -      Puntos: +0 → 16679 total
2025-10-23 08:53:27,621 - INFO -      Tiempo: +317.5min → 13348.2min total
2025-10-23 08:53:27,621 - INFO -      Distancia: +1.5km → 89.0km total
2025-10-23 08:53:29,426 - WARNING - ================================================================================
2025-10-23 08:53:29,426 - WARNING - ⚠️  SALTO ANORMAL DETECTADO en iteración 49121
2025-10-23 08:53:29,427 - WARNING -    Fitness actual: 131.1
2025-10-23 08:53:29,427 - WARNING -    Fitness vecino: 96.3
2025-10-23 08:53:29,427 - WARNING -    Delta: -34.8
2025-10-23 08:53:29,428 - WARNING -    Temperatura: 8.85
2025-10-23 08:53:29,428 - WARNING -    Tipo perturbación aplicada: (ver generar_vecino)
2025-10-23 08:53:29,428 - WARNING -    Vecino - Puntos: 16658, Tiempo: 15362.4min, Distancia: 247.3km
2025-10-23 08:53:29,428 - WARNING -    Actual - Puntos: 16640, Tiempo: 13501.1min, Distancia: 98.0km
2025-10-23 08:53:29,428 - WARNING -    Validez restricciones - Vecino: False, Actual: False
2025-10-23 08:53:29,429 - WARNING - ================================================================================
2025-10-23 08:53:29,429 - WARNING - ⚠️  SALTO ANORMAL DETECTADO en iteración 49121
2025-10-23 08:53:29,429 - WARNING -    Fitness: 131.1 → 96.3 (Δ=-34.8)
2025-10-23 08:53:29,429 - WARNING -    Ver detalles en archivo de log
2025-10-23 08:53:32,690 - WARNING - ⚠️  DEGRADACIÓN DETECTADA en iter 49150:
2025-10-23 08:53:32,690 - WARNING -    Mejor fitness: 150.5
2025-10-23 08:53:32,691 - WARNING -    Fitness promedio reciente: 129.0
2025-10-23 08:53:32,691 - WARNING -    Degradación: 21.5
2025-10-23 08:53:32,691 - WARNING -    🔄 RESTAURANDO mejor solución...
2025-10-23 08:53:34,155 - INFO - Iter 49163: Aceptada solución con delta=-14.0 (T=8.84)
2025-10-23 08:53:34,155 - INFO -   📊 Desglose del cambio:
2025-10-23 08:53:34,156 - INFO -      Puntos: +0 → 16627 total
2025-10-23 08:53:34,156 - INFO -      Tiempo: +181.1min → 12977.6min total
2025-10-23 08:53:34,156 - INFO -      Distancia: +0.1km → 91.9km total
2025-10-23 08:53:35,059 - INFO - Iter 49171: Aceptada solución con delta=+10.0 (T=8.84)
2025-10-23 08:53:35,059 - INFO -   📊 Desglose del cambio:
2025-10-23 08:53:35,060 - INFO -      Puntos: +0 → 16646 total
2025-10-23 08:53:35,060 - INFO -      Tiempo: -182.4min → 12903.3min total
2025-10-23 08:53:35,060 - INFO -      Distancia: -0.2km → 96.9km total
2025-10-23 08:53:38,323 - DEBUG - Iter 49200: T=8.84, Fitness_actual=119.2, Mejor=150.5
2025-10-23 08:53:43,937 - WARNING - ⚠️  DEGRADACIÓN DETECTADA en iter 49250:
2025-10-23 08:53:43,937 - WARNING -    Mejor fitness: 150.5
2025-10-23 08:53:43,938 - WARNING -    Fitness promedio reciente: 117.9
2025-10-23 08:53:43,938 - WARNING -    Degradación: 32.6
2025-10-23 08:53:43,938 - WARNING -    🔄 RESTAURANDO mejor solución...
2025-10-23 08:53:49,585 - WARNING - ⚠️  DEGRADACIÓN DETECTADA en iter 49300:
2025-10-23 08:53:49,585 - WARNING -    Mejor fitness: 150.5
2025-10-23 08:53:49,586 - WARNING -    Fitness promedio reciente: 125.9
2025-10-23 08:53:49,586 - WARNING -    Degradación: 24.6
2025-10-23 08:53:49,586 - WARNING -    🔄 RESTAURANDO mejor solución...
2025-10-23 08:53:49,587 - DEBUG - Iter 49300: T=8.82, Fitness_actual=150.5, Mejor=150.5
2025-10-23 08:53:55,221 - WARNING - ⚠️  DEGRADACIÓN DETECTADA en iter 49350:
2025-10-23 08:53:55,221 - WARNING -    Mejor fitness: 150.5
2025-10-23 08:53:55,222 - WARNING -    Fitness promedio reciente: 124.6
2025-10-23 08:53:55,222 - WARNING -    Degradación: 25.9
2025-10-23 08:53:55,223 - WARNING -    🔄 RESTAURANDO mejor solución...
2025-10-23 08:53:55,339 - INFO - 🌟 MEJORA #268 en iter 49351: Fitness=150.5 (+0.0), Puntos=16678
2025-10-23 08:54:00,872 - DEBUG - Iter 49400: T=8.79, Fitness_actual=114.2, Mejor=150.5
2025-10-23 08:54:12,262 - INFO -   Iter 49500 | Tiempo:   66.4min (27.7%) | T =     8.77 | Fitness =     88.0 | Mejor =    150.5 | Aceptación =  94.1%
2025-10-23 08:54:12,262 - INFO - Progreso iter 49500: T=8.77, Fitness=88.0, Mejor=150.5, Tasa_acept=94.1%
2025-10-23 08:54:12,263 - WARNING - ⚠️  DEGRADACIÓN DETECTADA en iter 49500:
2025-10-23 08:54:12,263 - WARNING -    Mejor fitness: 150.5
2025-10-23 08:54:12,263 - WARNING -    Fitness promedio reciente: 91.9
2025-10-23 08:54:12,264 - WARNING -    Degradación: 58.7
2025-10-23 08:54:12,264 - WARNING -    🔄 RESTAURANDO mejor solución...
2025-10-23 08:54:12,268 - DEBUG - Iter 49500: T=8.77, Fitness_actual=150.5, Mejor=150.5
2025-10-23 08:54:23,686 - WARNING - ⚠️  DEGRADACIÓN DETECTADA en iter 49600:
2025-10-23 08:54:23,686 - WARNING -    Mejor fitness: 150.5
2025-10-23 08:54:23,687 - WARNING -    Fitness promedio reciente: 119.0
2025-10-23 08:54:23,687 - WARNING -    Degradación: 31.6
2025-10-23 08:54:23,688 - WARNING -    🔄 RESTAURANDO mejor solución...
2025-10-23 08:54:23,692 - DEBUG - Iter 49600: T=8.75, Fitness_actual=150.5, Mejor=150.5
2025-10-23 08:54:23,692 - INFO - Iter 49600: Aceptada solución con delta=-10.3 (T=8.75)
2025-10-23 08:54:23,692 - INFO -   📊 Desglose del cambio:
2025-10-23 08:54:23,693 - INFO -      Puntos: -101 → 16577 total
2025-10-23 08:54:23,693 - INFO -      Tiempo: +90.9min → 13086.3min total
2025-10-23 08:54:23,693 - INFO -      Distancia: +12.6km → 97.2km total
2025-10-23 08:54:29,419 - WARNING - ⚠️  DEGRADACIÓN DETECTADA en iter 49650:
2025-10-23 08:54:29,419 - WARNING -    Mejor fitness: 150.5
2025-10-23 08:54:29,420 - WARNING -    Fitness promedio reciente: 124.5
2025-10-23 08:54:29,420 - WARNING -    Degradación: 26.0
2025-10-23 08:54:29,420 - WARNING -    🔄 RESTAURANDO mejor solución...
2025-10-23 08:54:31,249 - INFO - Iter 49666: Aceptada solución con delta=-14.5 (T=8.74)
2025-10-23 08:54:31,249 - INFO -   📊 Desglose del cambio:
2025-10-23 08:54:31,250 - INFO -      Puntos: -22 → 16616 total
2025-10-23 08:54:31,250 - INFO -      Tiempo: +502.2min → 13388.1min total
2025-10-23 08:54:31,250 - INFO -      Distancia: -1.9km → 82.3km total
2025-10-23 08:54:35,118 - DEBUG - Iter 49700: T=8.73, Fitness_actual=117.5, Mejor=150.5
2025-10-23 08:54:40,796 - WARNING - ⚠️  DEGRADACIÓN DETECTADA en iter 49750:
2025-10-23 08:54:40,796 - WARNING -    Mejor fitness: 150.5
2025-10-23 08:54:40,797 - WARNING -    Fitness promedio reciente: 112.4
2025-10-23 08:54:40,797 - WARNING -    Degradación: 38.1
2025-10-23 08:54:40,797 - WARNING -    🔄 RESTAURANDO mejor solución...
2025-10-23 08:54:41,027 - INFO - 🌟 MEJORA #269 en iter 49752: Fitness=150.6 (+0.0), Puntos=16683
2025-10-23 08:54:46,526 - DEBUG - Iter 49800: T=8.71, Fitness_actual=124.4, Mejor=150.6
2025-10-23 08:54:57,958 - WARNING - ⚠️  DEGRADACIÓN DETECTADA en iter 49900:
2025-10-23 08:54:57,959 - WARNING -    Mejor fitness: 150.6
2025-10-23 08:54:57,960 - WARNING -    Fitness promedio reciente: 100.2
2025-10-23 08:54:57,960 - WARNING -    Degradación: 50.4
2025-10-23 08:54:57,960 - WARNING -    🔄 RESTAURANDO mejor solución...
2025-10-23 08:54:57,964 - DEBUG - Iter 49900: T=8.69, Fitness_actual=150.6, Mejor=150.6
2025-10-23 08:55:09,361 - INFO -   Iter 50000 | Tiempo:   67.4min (28.1%) | T =     8.67 | Fitness =     99.9 | Mejor =    150.6 | Aceptación =  94.1%
2025-10-23 08:55:09,361 - INFO - Progreso iter 50000: T=8.67, Fitness=99.9, Mejor=150.6, Tasa_acept=94.1%
2025-10-23 08:55:09,362 - WARNING - ⚠️  DEGRADACIÓN DETECTADA en iter 50000:
2025-10-23 08:55:09,362 - WARNING -    Mejor fitness: 150.6
2025-10-23 08:55:09,362 - WARNING -    Fitness promedio reciente: 111.2
2025-10-23 08:55:09,363 - WARNING -    Degradación: 39.3
2025-10-23 08:55:09,363 - WARNING -    🔄 RESTAURANDO mejor solución...
2025-10-23 08:55:09,364 - DEBUG - Iter 50000: T=8.67, Fitness_actual=150.6, Mejor=150.6
2025-10-23 08:55:09,482 - INFO - Iter 50001: Aceptada solución con delta=-14.9 (T=8.67)
2025-10-23 08:55:09,482 - INFO -   📊 Desglose del cambio:
2025-10-23 08:55:09,483 - INFO -      Puntos: -836 → 15855 total
2025-10-23 08:55:09,483 - INFO -      Tiempo: -490.0min → 12764.5min total
2025-10-23 08:55:09,483 - INFO -      Distancia: +0.4km → 100.4km total
2025-10-23 08:55:15,059 - WARNING - ⚠️  DEGRADACIÓN DETECTADA en iter 50050:
2025-10-23 08:55:15,060 - WARNING -    Mejor fitness: 150.6
2025-10-23 08:55:15,060 - WARNING -    Fitness promedio reciente: 120.9
2025-10-23 08:55:15,061 - WARNING -    Degradación: 29.7
2025-10-23 08:55:15,061 - WARNING -    🔄 RESTAURANDO mejor solución...
2025-10-23 08:55:15,976 - INFO - Iter 50058: Aceptada solución con delta=-12.0 (T=8.66)
2025-10-23 08:55:15,976 - INFO -   📊 Desglose del cambio:
2025-10-23 08:55:15,977 - INFO -      Puntos: +0 → 16678 total
2025-10-23 08:55:15,977 - INFO -      Tiempo: -174.7min → 12895.3min total
2025-10-23 08:55:15,978 - INFO -      Distancia: +0.4km → 94.6km total
2025-10-23 08:55:20,777 - WARNING - ⚠️  DEGRADACIÓN DETECTADA en iter 50100:
2025-10-23 08:55:20,777 - WARNING -    Mejor fitness: 150.6
2025-10-23 08:55:20,778 - WARNING -    Fitness promedio reciente: 128.4
2025-10-23 08:55:20,778 - WARNING -    Degradación: 22.2
2025-10-23 08:55:20,779 - WARNING -    🔄 RESTAURANDO mejor solución...
2025-10-23 08:55:20,784 - DEBUG - Iter 50100: T=8.65, Fitness_actual=150.6, Mejor=150.6
2025-10-23 08:55:26,517 - WARNING - ⚠️  DEGRADACIÓN DETECTADA en iter 50150:
2025-10-23 08:55:26,517 - WARNING -    Mejor fitness: 150.6
2025-10-23 08:55:26,518 - WARNING -    Fitness promedio reciente: 129.1
2025-10-23 08:55:26,518 - WARNING -    Degradación: 21.4
2025-10-23 08:55:26,519 - WARNING -    🔄 RESTAURANDO mejor solución...
2025-10-23 08:55:32,248 - DEBUG - Iter 50200: T=8.63, Fitness_actual=142.3, Mejor=150.6
2025-10-23 08:55:43,655 - WARNING - ⚠️  DEGRADACIÓN DETECTADA en iter 50300:
2025-10-23 08:55:43,655 - WARNING -    Mejor fitness: 150.6
2025-10-23 08:55:43,656 - WARNING -    Fitness promedio reciente: 107.8
2025-10-23 08:55:43,656 - WARNING -    Degradación: 42.7
2025-10-23 08:55:43,656 - WARNING -    🔄 RESTAURANDO mejor solución...
2025-10-23 08:55:43,657 - DEBUG - Iter 50300: T=8.61, Fitness_actual=150.6, Mejor=150.6
2025-10-23 08:55:44,686 - INFO - Iter 50309: Aceptada solución con delta=-12.3 (T=8.61)
2025-10-23 08:55:44,686 - INFO -   📊 Desglose del cambio:
2025-10-23 08:55:44,687 - INFO -      Puntos: +0 → 16681 total
2025-10-23 08:55:44,687 - INFO -      Tiempo: -9.7min → 13030.3min total
2025-10-23 08:55:44,687 - INFO -      Distancia: -0.8km → 91.3km total
2025-10-23 08:55:55,143 - WARNING - ⚠️  DEGRADACIÓN DETECTADA en iter 50400:
2025-10-23 08:55:55,143 - WARNING -    Mejor fitness: 150.6
2025-10-23 08:55:55,144 - WARNING -    Fitness promedio reciente: 126.4
2025-10-23 08:55:55,144 - WARNING -    Degradación: 24.2
2025-10-23 08:55:55,144 - WARNING -    🔄 RESTAURANDO mejor solución...
2025-10-23 08:55:55,146 - DEBUG - Iter 50400: T=8.59, Fitness_actual=150.6, Mejor=150.6
2025-10-23 08:55:55,374 - INFO - 🌟 MEJORA #270 en iter 50402: Fitness=150.6 (+0.0), Puntos=16685
2025-10-23 08:55:55,374 - INFO -   ✨ Mejora #270 en iteración 50403: Fitness = 150.6 | Puntos = 16685 | T = 8.59
2025-10-23 08:55:55,489 - INFO - 🌟 MEJORA #271 en iter 50403: Fitness=150.6 (+0.0), Puntos=16685
2025-10-23 08:55:55,949 - INFO - 🌟 MEJORA #272 en iter 50407: Fitness=150.6 (+0.0), Puntos=16685
2025-10-23 08:56:06,729 - INFO -   Iter 50500 | Tiempo:   68.3min (28.5%) | T =     8.57 | Fitness =    123.7 | Mejor =    150.6 | Aceptación =  94.0%
2025-10-23 08:56:06,729 - INFO - Progreso iter 50500: T=8.57, Fitness=123.7, Mejor=150.6, Tasa_acept=94.0%
2025-10-23 08:56:06,732 - DEBUG - Iter 50500: T=8.57, Fitness_actual=123.7, Mejor=150.6
2025-10-23 08:56:12,483 - WARNING - ⚠️  DEGRADACIÓN DETECTADA en iter 50550:
2025-10-23 08:56:12,483 - WARNING -    Mejor fitness: 150.6
2025-10-23 08:56:12,484 - WARNING -    Fitness promedio reciente: 121.0
2025-10-23 08:56:12,484 - WARNING -    Degradación: 29.6
2025-10-23 08:56:12,484 - WARNING -    🔄 RESTAURANDO mejor solución...
2025-10-23 08:56:18,278 - DEBUG - Iter 50600: T=8.55, Fitness_actual=123.4, Mejor=150.6
2025-10-23 08:56:22,665 - WARNING - ================================================================================
2025-10-23 08:56:22,665 - WARNING - ⚠️  SALTO ANORMAL DETECTADO en iteración 50637
2025-10-23 08:56:22,666 - WARNING -    Fitness actual: 114.6
2025-10-23 08:56:22,666 - WARNING -    Fitness vecino: 73.6
2025-10-23 08:56:22,666 - WARNING -    Delta: -40.9
2025-10-23 08:56:22,667 - WARNING -    Temperatura: 8.54
2025-10-23 08:56:22,667 - WARNING -    Tipo perturbación aplicada: (ver generar_vecino)
2025-10-23 08:56:22,667 - WARNING -    Vecino - Puntos: 14975, Tiempo: 16521.5min, Distancia: 302.9km
2025-10-23 08:56:22,667 - WARNING -    Actual - Puntos: 15477, Tiempo: 14575.4min, Distancia: 135.3km
2025-10-23 08:56:22,668 - WARNING -    Validez restricciones - Vecino: False, Actual: False
2025-10-23 08:56:22,668 - WARNING - ================================================================================
2025-10-23 08:56:22,668 - WARNING - ⚠️  SALTO ANORMAL DETECTADO en iteración 50637
2025-10-23 08:56:22,668 - WARNING -    Fitness: 114.6 → 73.6 (Δ=-40.9)
2025-10-23 08:56:22,668 - WARNING -    Ver detalles en archivo de log
2025-10-23 08:56:24,191 - WARNING - ⚠️  DEGRADACIÓN DETECTADA en iter 50650:
2025-10-23 08:56:24,191 - WARNING -    Mejor fitness: 150.6
2025-10-23 08:56:24,192 - WARNING -    Fitness promedio reciente: 118.2
2025-10-23 08:56:24,192 - WARNING -    Degradación: 32.4
2025-10-23 08:56:24,192 - WARNING -    🔄 RESTAURANDO mejor solución...
2025-10-23 08:56:24,194 - INFO - 🌟 MEJORA #273 en iter 50650: Fitness=150.6 (+0.0), Puntos=16685
2025-10-23 08:56:25,351 - INFO - Iter 50660: Aceptada solución con delta=-14.5 (T=8.54)
2025-10-23 08:56:25,351 - INFO -   📊 Desglose del cambio:
2025-10-23 08:56:25,352 - INFO -      Puntos: +0 → 16609 total
2025-10-23 08:56:25,352 - INFO -      Tiempo: +20.4min → 13084.7min total
2025-10-23 08:56:25,352 - INFO -      Distancia: +1.7km → 95.4km total
2025-10-23 08:56:30,003 - DEBUG - Iter 50700: T=8.53, Fitness_actual=115.4, Mejor=150.6
2025-10-23 08:56:41,570 - WARNING - ⚠️  DEGRADACIÓN DETECTADA en iter 50800:
2025-10-23 08:56:41,570 - WARNING -    Mejor fitness: 150.6
2025-10-23 08:56:41,571 - WARNING -    Fitness promedio reciente: 109.5
2025-10-23 08:56:41,571 - WARNING -    Degradación: 41.1
2025-10-23 08:56:41,571 - WARNING -    🔄 RESTAURANDO mejor solución...
2025-10-23 08:56:41,573 - DEBUG - Iter 50800: T=8.51, Fitness_actual=150.6, Mejor=150.6
2025-10-23 08:56:47,354 - WARNING - ⚠️  DEGRADACIÓN DETECTADA en iter 50850:
2025-10-23 08:56:47,355 - WARNING -    Mejor fitness: 150.6
2025-10-23 08:56:47,355 - WARNING -    Fitness promedio reciente: 130.0
2025-10-23 08:56:47,356 - WARNING -    Degradación: 20.6
2025-10-23 08:56:47,356 - WARNING -    🔄 RESTAURANDO mejor solución...
2025-10-23 08:56:53,135 - DEBUG - Iter 50900: T=8.49, Fitness_actual=140.4, Mejor=150.6
2025-10-23 08:57:04,734 - INFO -   Iter 51000 | Tiempo:   69.3min (28.9%) | T =     8.47 | Fitness =     95.3 | Mejor =    150.6 | Aceptación =  94.0%
2025-10-23 08:57:04,734 - INFO - Progreso iter 51000: T=8.47, Fitness=95.3, Mejor=150.6, Tasa_acept=94.0%
2025-10-23 08:57:04,735 - WARNING - ⚠️  DEGRADACIÓN DETECTADA en iter 51000:
2025-10-23 08:57:04,735 - WARNING -    Mejor fitness: 150.6
2025-10-23 08:57:04,736 - WARNING -    Fitness promedio reciente: 110.6
2025-10-23 08:57:04,736 - WARNING -    Degradación: 39.9
2025-10-23 08:57:04,736 - WARNING -    🔄 RESTAURANDO mejor solución...
2025-10-23 08:57:04,740 - DEBUG - Iter 51000: T=8.47, Fitness_actual=150.6, Mejor=150.6
2025-10-23 08:57:10,559 - WARNING - ⚠️  DEGRADACIÓN DETECTADA en iter 51050:
2025-10-23 08:57:10,559 - WARNING -    Mejor fitness: 150.6
2025-10-23 08:57:10,559 - WARNING -    Fitness promedio reciente: 123.3
2025-10-23 08:57:10,560 - WARNING -    Degradación: 27.3
2025-10-23 08:57:10,560 - WARNING -    🔄 RESTAURANDO mejor solución...
2025-10-23 08:57:16,446 - DEBUG - Iter 51100: T=8.45, Fitness_actual=116.3, Mejor=150.6
2025-10-23 08:57:22,405 - WARNING - ⚠️  DEGRADACIÓN DETECTADA en iter 51150:
2025-10-23 08:57:22,406 - WARNING -    Mejor fitness: 150.6
2025-10-23 08:57:22,406 - WARNING -    Fitness promedio reciente: 112.1
2025-10-23 08:57:22,407 - WARNING -    Degradación: 38.4
2025-10-23 08:57:22,407 - WARNING -    🔄 RESTAURANDO mejor solución...
2025-10-23 08:57:28,199 - DEBUG - Iter 51200: T=8.43, Fitness_actual=134.7, Mejor=150.6
2025-10-23 08:57:33,960 - WARNING - ⚠️  DEGRADACIÓN DETECTADA en iter 51250:
2025-10-23 08:57:33,960 - WARNING -    Mejor fitness: 150.6
2025-10-23 08:57:33,961 - WARNING -    Fitness promedio reciente: 125.4
2025-10-23 08:57:33,962 - WARNING -    Degradación: 25.2
2025-10-23 08:57:33,962 - WARNING -    🔄 RESTAURANDO mejor solución...
2025-10-23 08:57:39,762 - WARNING - ⚠️  DEGRADACIÓN DETECTADA en iter 51300:
2025-10-23 08:57:39,762 - WARNING -    Mejor fitness: 150.6
2025-10-23 08:57:39,763 - WARNING -    Fitness promedio reciente: 123.2
2025-10-23 08:57:39,763 - WARNING -    Degradación: 27.4
2025-10-23 08:57:39,763 - WARNING -    🔄 RESTAURANDO mejor solución...
2025-10-23 08:57:39,767 - DEBUG - Iter 51300: T=8.41, Fitness_actual=150.6, Mejor=150.6
2025-10-23 08:57:51,360 - WARNING - ⚠️  DEGRADACIÓN DETECTADA en iter 51400:
2025-10-23 08:57:51,360 - WARNING -    Mejor fitness: 150.6
2025-10-23 08:57:51,361 - WARNING -    Fitness promedio reciente: 109.1
2025-10-23 08:57:51,361 - WARNING -    Degradación: 41.4
2025-10-23 08:57:51,361 - WARNING -    🔄 RESTAURANDO mejor solución...
2025-10-23 08:57:51,363 - DEBUG - Iter 51400: T=8.39, Fitness_actual=150.6, Mejor=150.6
2025-10-23 08:58:03,026 - INFO -   Iter 51500 | Tiempo:   70.3min (29.3%) | T =     8.37 | Fitness =     96.9 | Mejor =    150.6 | Aceptación =  93.9%
2025-10-23 08:58:03,026 - INFO - Progreso iter 51500: T=8.37, Fitness=96.9, Mejor=150.6, Tasa_acept=93.9%
2025-10-23 08:58:03,027 - WARNING - ⚠️  DEGRADACIÓN DETECTADA en iter 51500:
2025-10-23 08:58:03,027 - WARNING -    Mejor fitness: 150.6
2025-10-23 08:58:03,028 - WARNING -    Fitness promedio reciente: 107.8
2025-10-23 08:58:03,028 - WARNING -    Degradación: 42.8
2025-10-23 08:58:03,028 - WARNING -    🔄 RESTAURANDO mejor solución...
2025-10-23 08:58:03,029 - DEBUG - Iter 51500: T=8.37, Fitness_actual=150.6, Mejor=150.6
2025-10-23 08:58:03,845 - INFO - Iter 51507: Aceptada solución con delta=-10.5 (T=8.37)
2025-10-23 08:58:03,845 - INFO -   📊 Desglose del cambio:
2025-10-23 08:58:03,846 - INFO -      Puntos: -705 → 15524 total
2025-10-23 08:58:03,846 - INFO -      Tiempo: -434.9min → 12625.2min total
2025-10-23 08:58:03,847 - INFO -      Distancia: -8.3km → 104.2km total
2025-10-23 08:58:04,917 - INFO - Iter 51516: Aceptada solución con delta=-10.5 (T=8.36)
2025-10-23 08:58:04,917 - INFO -   📊 Desglose del cambio:
2025-10-23 08:58:04,918 - INFO -      Puntos: +0 → 15484 total
2025-10-23 08:58:04,918 - INFO -      Tiempo: -88.1min → 12392.4min total
2025-10-23 08:58:04,918 - INFO -      Distancia: +2.7km → 101.0km total
2025-10-23 08:58:08,864 - WARNING - ⚠️  DEGRADACIÓN DETECTADA en iter 51550:
2025-10-23 08:58:08,864 - WARNING -    Mejor fitness: 150.6
2025-10-23 08:58:08,865 - WARNING -    Fitness promedio reciente: 123.6
2025-10-23 08:58:08,865 - WARNING -    Degradación: 27.0
2025-10-23 08:58:08,865 - WARNING -    🔄 RESTAURANDO mejor solución...
2025-10-23 08:58:09,215 - INFO - 🌟 MEJORA #274 en iter 51553: Fitness=150.6 (+0.0), Puntos=16685
2025-10-23 08:58:09,330 - INFO - 🌟 MEJORA #275 en iter 51554: Fitness=150.6 (+0.0), Puntos=16685
2025-10-23 08:58:09,331 - INFO -   ✨ Mejora #275 en iteración 51555: Fitness = 150.6 | Puntos = 16685 | T = 8.36
2025-10-23 08:58:14,671 - DEBUG - Iter 51600: T=8.35, Fitness_actual=110.0, Mejor=150.6
2025-10-23 08:58:14,900 - INFO - Iter 51602: Aceptada solución con delta=-11.9 (T=8.35)
2025-10-23 08:58:14,900 - INFO -   📊 Desglose del cambio:
2025-10-23 08:58:14,901 - INFO -      Puntos: -837 → 13228 total
2025-10-23 08:58:14,901 - INFO -      Tiempo: -440.2min → 10778.6min total
2025-10-23 08:58:14,901 - INFO -      Distancia: -2.1km → 67.8km total
2025-10-23 08:58:26,195 - WARNING - ⚠️  DEGRADACIÓN DETECTADA en iter 51700:
2025-10-23 08:58:26,195 - WARNING -    Mejor fitness: 150.6
2025-10-23 08:58:26,196 - WARNING -    Fitness promedio reciente: 68.6
2025-10-23 08:58:26,196 - WARNING -    Degradación: 82.0
2025-10-23 08:58:26,197 - WARNING -    🔄 RESTAURANDO mejor solución...
2025-10-23 08:58:26,198 - DEBUG - Iter 51700: T=8.33, Fitness_actual=150.6, Mejor=150.6
2025-10-23 08:58:28,289 - INFO - Iter 51718: Aceptada solución con delta=-12.2 (T=8.32)
2025-10-23 08:58:28,289 - INFO -   📊 Desglose del cambio:
2025-10-23 08:58:28,290 - INFO -      Puntos: -420 → 16044 total
2025-10-23 08:58:28,290 - INFO -      Tiempo: +858.7min → 14010.0min total
2025-10-23 08:58:28,290 - INFO -      Distancia: +9.7km → 135.3km total
2025-10-23 08:58:32,069 - WARNING - ⚠️  DEGRADACIÓN DETECTADA en iter 51750:
2025-10-23 08:58:32,069 - WARNING -    Mejor fitness: 150.6
2025-10-23 08:58:32,070 - WARNING -    Fitness promedio reciente: 128.3
2025-10-23 08:58:32,070 - WARNING -    Degradación: 22.3
2025-10-23 08:58:32,070 - WARNING -    🔄 RESTAURANDO mejor solución...
2025-10-23 08:58:37,860 - WARNING - ⚠️  DEGRADACIÓN DETECTADA en iter 51800:
2025-10-23 08:58:37,860 - WARNING -    Mejor fitness: 150.6
2025-10-23 08:58:37,861 - WARNING -    Fitness promedio reciente: 118.8
2025-10-23 08:58:37,861 - WARNING -    Degradación: 31.8
2025-10-23 08:58:37,861 - WARNING -    🔄 RESTAURANDO mejor solución...
2025-10-23 08:58:37,865 - DEBUG - Iter 51800: T=8.31, Fitness_actual=150.6, Mejor=150.6
2025-10-23 08:58:40,173 - INFO - Iter 51820: Aceptada solución con delta=-11.0 (T=8.30)
2025-10-23 08:58:40,174 - INFO -   📊 Desglose del cambio:
2025-10-23 08:58:40,174 - INFO -      Puntos: +0 → 16117 total
2025-10-23 08:58:40,175 - INFO -      Tiempo: +56.9min → 12637.0min total
2025-10-23 08:58:40,175 - INFO -      Distancia: +2.2km → 93.5km total
2025-10-23 08:58:43,643 - WARNING - ⚠️  DEGRADACIÓN DETECTADA en iter 51850:
2025-10-23 08:58:43,643 - WARNING -    Mejor fitness: 150.6
2025-10-23 08:58:43,644 - WARNING -    Fitness promedio reciente: 125.1
2025-10-23 08:58:43,644 - WARNING -    Degradación: 25.5
2025-10-23 08:58:43,644 - WARNING -    🔄 RESTAURANDO mejor solución...
2025-10-23 08:58:43,881 - INFO - Iter 51852: Aceptada solución con delta=-10.0 (T=8.30)
2025-10-23 08:58:43,881 - INFO -   📊 Desglose del cambio:
2025-10-23 08:58:43,881 - INFO -      Puntos: +0 → 16685 total
2025-10-23 08:58:43,882 - INFO -      Tiempo: -148.2min → 12854.9min total
2025-10-23 08:58:43,882 - INFO -      Distancia: +2.7km → 92.5km total
2025-10-23 08:58:49,469 - WARNING - ⚠️  DEGRADACIÓN DETECTADA en iter 51900:
2025-10-23 08:58:49,469 - WARNING -    Mejor fitness: 150.6
2025-10-23 08:58:49,470 - WARNING -    Fitness promedio reciente: 129.3
2025-10-23 08:58:49,470 - WARNING -    Degradación: 21.2
2025-10-23 08:58:49,470 - WARNING -    🔄 RESTAURANDO mejor solución...
2025-10-23 08:58:49,472 - DEBUG - Iter 51900: T=8.29, Fitness_actual=150.6, Mejor=150.6
2025-10-23 08:59:01,105 - INFO -   Iter 52000 | Tiempo:   71.2min (29.7%) | T =     8.27 | Fitness =    115.8 | Mejor =    150.6 | Aceptación =  93.9%
2025-10-23 08:59:01,105 - INFO - Progreso iter 52000: T=8.27, Fitness=115.8, Mejor=150.6, Tasa_acept=93.9%
2025-10-23 08:59:01,106 - WARNING - ⚠️  DEGRADACIÓN DETECTADA en iter 52000:
2025-10-23 08:59:01,106 - WARNING -    Mejor fitness: 150.6
2025-10-23 08:59:01,107 - WARNING -    Fitness promedio reciente: 120.9
2025-10-23 08:59:01,107 - WARNING -    Degradación: 29.7
2025-10-23 08:59:01,107 - WARNING -    🔄 RESTAURANDO mejor solución...
2025-10-23 08:59:01,110 - DEBUG - Iter 52000: T=8.27, Fitness_actual=150.6, Mejor=150.6
2025-10-23 08:59:06,952 - WARNING - ⚠️  DEGRADACIÓN DETECTADA en iter 52050:
2025-10-23 08:59:06,952 - WARNING -    Mejor fitness: 150.6
2025-10-23 08:59:06,953 - WARNING -    Fitness promedio reciente: 128.7
2025-10-23 08:59:06,953 - WARNING -    Degradación: 21.9
2025-10-23 08:59:06,953 - WARNING -    🔄 RESTAURANDO mejor solución...
2025-10-23 08:59:12,806 - DEBUG - Iter 52100: T=8.25, Fitness_actual=123.3, Mejor=150.6
2025-10-23 08:59:18,659 - WARNING - ⚠️  DEGRADACIÓN DETECTADA en iter 52150:
2025-10-23 08:59:18,659 - WARNING -    Mejor fitness: 150.6
2025-10-23 08:59:18,660 - WARNING -    Fitness promedio reciente: 112.0
2025-10-23 08:59:18,660 - WARNING -    Degradación: 38.5
2025-10-23 08:59:18,661 - WARNING -    🔄 RESTAURANDO mejor solución...
2025-10-23 08:59:24,551 - WARNING - ⚠️  DEGRADACIÓN DETECTADA en iter 52200:
2025-10-23 08:59:24,551 - WARNING -    Mejor fitness: 150.6
2025-10-23 08:59:24,552 - WARNING -    Fitness promedio reciente: 121.2
2025-10-23 08:59:24,552 - WARNING -    Degradación: 29.4
2025-10-23 08:59:24,553 - WARNING -    🔄 RESTAURANDO mejor solución...
2025-10-23 08:59:24,554 - DEBUG - Iter 52200: T=8.23, Fitness_actual=150.6, Mejor=150.6
2025-10-23 08:59:30,389 - WARNING - ⚠️  DEGRADACIÓN DETECTADA en iter 52250:
2025-10-23 08:59:30,389 - WARNING -    Mejor fitness: 150.6
2025-10-23 08:59:30,395 - WARNING -    Fitness promedio reciente: 130.0
2025-10-23 08:59:30,395 - WARNING -    Degradación: 20.6
2025-10-23 08:59:30,395 - WARNING -    🔄 RESTAURANDO mejor solución...
2025-10-23 08:59:30,397 - INFO - 🌟 MEJORA #276 en iter 52250: Fitness=150.6 (+0.0), Puntos=16686
2025-10-23 08:59:36,246 - DEBUG - Iter 52300: T=8.21, Fitness_actual=120.5, Mejor=150.6
2025-10-23 08:59:46,029 - INFO - Iter 52383: Aceptada solución con delta=-10.6 (T=8.19)
2025-10-23 08:59:46,029 - INFO -   📊 Desglose del cambio:
2025-10-23 08:59:46,030 - INFO -      Puntos: -833 → 14972 total
2025-10-23 08:59:46,030 - INFO -      Tiempo: -729.4min → 11668.9min total
2025-10-23 08:59:46,030 - INFO -      Distancia: -14.1km → 92.8km total
2025-10-23 08:59:46,379 - INFO - --- Cambiando a Fase: Intermedia (Balance) (Progreso: 30.0%) ---
2025-10-23 08:59:48,011 - WARNING - ⚠️  DEGRADACIÓN DETECTADA en iter 52400:
2025-10-23 08:59:48,011 - WARNING -    Mejor fitness: 150.6
2025-10-23 08:59:48,012 - WARNING -    Fitness promedio reciente: 110.1
2025-10-23 08:59:48,012 - WARNING -    Degradación: 40.5
2025-10-23 08:59:48,012 - WARNING -    🔄 RESTAURANDO mejor solución...
2025-10-23 08:59:48,014 - DEBUG - Iter 52400: T=8.19, Fitness_actual=150.6, Mejor=150.6
2025-10-23 08:59:59,729 - INFO -   Iter 52500 | Tiempo:   72.2min (30.1%) | T =     8.17 | Fitness =    117.5 | Mejor =    150.6 | Aceptación =  93.8%
2025-10-23 08:59:59,729 - INFO - Progreso iter 52500: T=8.17, Fitness=117.5, Mejor=150.6, Tasa_acept=93.8%
2025-10-23 08:59:59,730 - WARNING - ⚠️  DEGRADACIÓN DETECTADA en iter 52500:
2025-10-23 08:59:59,731 - WARNING -    Mejor fitness: 150.6
2025-10-23 08:59:59,731 - WARNING -    Fitness promedio reciente: 126.5
2025-10-23 08:59:59,731 - WARNING -    Degradación: 24.1
2025-10-23 08:59:59,731 - WARNING -    🔄 RESTAURANDO mejor solución...
2025-10-23 08:59:59,732 - DEBUG - Iter 52500: T=8.17, Fitness_actual=150.6, Mejor=150.6
2025-10-23 09:00:11,503 - WARNING - ⚠️  DEGRADACIÓN DETECTADA en iter 52600:
2025-10-23 09:00:11,503 - WARNING -    Mejor fitness: 150.6
2025-10-23 09:00:11,504 - WARNING -    Fitness promedio reciente: 128.9
2025-10-23 09:00:11,504 - WARNING -    Degradación: 21.7
2025-10-23 09:00:11,504 - WARNING -    🔄 RESTAURANDO mejor solución...
2025-10-23 09:00:11,506 - DEBUG - Iter 52600: T=8.15, Fitness_actual=150.6, Mejor=150.6
2025-10-23 09:00:11,868 - INFO - Iter 52603: Aceptada solución con delta=-14.9 (T=8.15)
2025-10-23 09:00:11,868 - INFO -   📊 Desglose del cambio:
2025-10-23 09:00:11,868 - INFO -      Puntos: -13 → 16673 total
2025-10-23 09:00:11,869 - INFO -      Tiempo: +271.1min → 13280.3min total
2025-10-23 09:00:11,869 - INFO -      Distancia: -2.4km → 87.1km total
2025-10-23 09:00:23,204 - WARNING - ⚠️  DEGRADACIÓN DETECTADA en iter 52700:
2025-10-23 09:00:23,204 - WARNING -    Mejor fitness: 150.6
2025-10-23 09:00:23,205 - WARNING -    Fitness promedio reciente: 110.0
2025-10-23 09:00:23,205 - WARNING -    Degradación: 40.6
2025-10-23 09:00:23,205 - WARNING -    🔄 RESTAURANDO mejor solución...
2025-10-23 09:00:23,208 - DEBUG - Iter 52700: T=8.13, Fitness_actual=150.6, Mejor=150.6
2025-10-23 09:00:34,942 - WARNING - ⚠️  DEGRADACIÓN DETECTADA en iter 52800:
2025-10-23 09:00:34,942 - WARNING -    Mejor fitness: 150.6
2025-10-23 09:00:34,942 - WARNING -    Fitness promedio reciente: 129.6
2025-10-23 09:00:34,943 - WARNING -    Degradación: 21.0
2025-10-23 09:00:34,943 - WARNING -    🔄 RESTAURANDO mejor solución...
2025-10-23 09:00:34,944 - DEBUG - Iter 52800: T=8.11, Fitness_actual=150.6, Mejor=150.6
2025-10-23 09:00:34,944 - INFO - 🌟 MEJORA #277 en iter 52800: Fitness=150.7 (+0.1), Puntos=16698
2025-10-23 09:00:46,771 - DEBUG - Iter 52900: T=8.09, Fitness_actual=125.8, Mejor=150.7
2025-10-23 09:00:52,705 - WARNING - ⚠️  DEGRADACIÓN DETECTADA en iter 52950:
2025-10-23 09:00:52,706 - WARNING -    Mejor fitness: 150.7
2025-10-23 09:00:52,706 - WARNING -    Fitness promedio reciente: 116.2
2025-10-23 09:00:52,706 - WARNING -    Degradación: 34.5
2025-10-23 09:00:52,707 - WARNING -    🔄 RESTAURANDO mejor solución...
2025-10-23 09:00:58,589 - INFO -   Iter 53000 | Tiempo:   73.2min (30.5%) | T =     8.07 | Fitness =    123.4 | Mejor =    150.7 | Aceptación =  93.9%
2025-10-23 09:00:58,590 - INFO - Progreso iter 53000: T=8.07, Fitness=123.4, Mejor=150.7, Tasa_acept=93.9%
2025-10-23 09:00:58,592 - DEBUG - Iter 53000: T=8.07, Fitness_actual=123.4, Mejor=150.7
2025-10-23 09:01:04,572 - WARNING - ⚠️  DEGRADACIÓN DETECTADA en iter 53050:
2025-10-23 09:01:04,573 - WARNING -    Mejor fitness: 150.7
2025-10-23 09:01:04,573 - WARNING -    Fitness promedio reciente: 120.0
2025-10-23 09:01:04,574 - WARNING -    Degradación: 30.7
2025-10-23 09:01:04,574 - WARNING -    🔄 RESTAURANDO mejor solución...
2025-10-23 09:01:04,576 - INFO - 🌟 MEJORA #278 en iter 53050: Fitness=150.8 (+0.1), Puntos=16707
2025-10-23 09:01:10,606 - DEBUG - Iter 53100: T=8.05, Fitness_actual=141.8, Mejor=150.8
2025-10-23 09:01:22,529 - WARNING - ⚠️  DEGRADACIÓN DETECTADA en iter 53200:
2025-10-23 09:01:22,529 - WARNING -    Mejor fitness: 150.8
2025-10-23 09:01:22,530 - WARNING -    Fitness promedio reciente: 123.0
2025-10-23 09:01:22,530 - WARNING -    Degradación: 27.8
2025-10-23 09:01:22,530 - WARNING -    🔄 RESTAURANDO mejor solución...
2025-10-23 09:01:22,532 - DEBUG - Iter 53200: T=8.03, Fitness_actual=150.8, Mejor=150.8
2025-10-23 09:01:22,768 - INFO - Iter 53202: Aceptada solución con delta=-14.3 (T=8.03)
2025-10-23 09:01:22,768 - INFO -   📊 Desglose del cambio:
2025-10-23 09:01:22,768 - INFO -      Puntos: +0 → 16707 total
2025-10-23 09:01:22,769 - INFO -      Tiempo: -120.4min → 12917.6min total
2025-10-23 09:01:22,769 - INFO -      Distancia: +2.5km → 91.9km total
2025-10-23 09:01:28,449 - WARNING - ⚠️  DEGRADACIÓN DETECTADA en iter 53250:
2025-10-23 09:01:28,449 - WARNING -    Mejor fitness: 150.8
2025-10-23 09:01:28,449 - WARNING -    Fitness promedio reciente: 126.2
2025-10-23 09:01:28,450 - WARNING -    Degradación: 24.6
2025-10-23 09:01:28,450 - WARNING -    🔄 RESTAURANDO mejor solución...
2025-10-23 09:01:34,404 - DEBUG - Iter 53300: T=8.01, Fitness_actual=120.4, Mejor=150.8
2025-10-23 09:01:40,303 - WARNING - ⚠️  DEGRADACIÓN DETECTADA en iter 53350:
2025-10-23 09:01:40,304 - WARNING -    Mejor fitness: 150.8
2025-10-23 09:01:40,304 - WARNING -    Fitness promedio reciente: 111.4
2025-10-23 09:01:40,305 - WARNING -    Degradación: 39.4
2025-10-23 09:01:40,305 - WARNING -    🔄 RESTAURANDO mejor solución...
2025-10-23 09:01:46,243 - DEBUG - Iter 53400: T=7.99, Fitness_actual=129.2, Mejor=150.8
2025-10-23 09:01:52,200 - WARNING - ⚠️  DEGRADACIÓN DETECTADA en iter 53450:
2025-10-23 09:01:52,200 - WARNING -    Mejor fitness: 150.8
2025-10-23 09:01:52,201 - WARNING -    Fitness promedio reciente: 124.5
2025-10-23 09:01:52,201 - WARNING -    Degradación: 26.3
2025-10-23 09:01:52,201 - WARNING -    🔄 RESTAURANDO mejor solución...
2025-10-23 09:01:58,104 - INFO -   Iter 53500 | Tiempo:   74.2min (30.9%) | T =     7.97 | Fitness =    127.8 | Mejor =    150.8 | Aceptación =  93.9%
2025-10-23 09:01:58,104 - INFO - Progreso iter 53500: T=7.97, Fitness=127.8, Mejor=150.8, Tasa_acept=93.9%
2025-10-23 09:01:58,106 - DEBUG - Iter 53500: T=7.97, Fitness_actual=127.8, Mejor=150.8
2025-10-23 09:02:04,111 - WARNING - ⚠️  DEGRADACIÓN DETECTADA en iter 53550:
2025-10-23 09:02:04,111 - WARNING -    Mejor fitness: 150.8
2025-10-23 09:02:04,113 - WARNING -    Fitness promedio reciente: 123.1
2025-10-23 09:02:04,113 - WARNING -    Degradación: 27.7
2025-10-23 09:02:04,114 - WARNING -    🔄 RESTAURANDO mejor solución...
2025-10-23 09:02:10,063 - DEBUG - Iter 53600: T=7.95, Fitness_actual=132.2, Mejor=150.8
2025-10-23 09:02:16,028 - WARNING - ⚠️  DEGRADACIÓN DETECTADA en iter 53650:
2025-10-23 09:02:16,028 - WARNING -    Mejor fitness: 150.8
2025-10-23 09:02:16,029 - WARNING -    Fitness promedio reciente: 122.9
2025-10-23 09:02:16,029 - WARNING -    Degradación: 27.9
2025-10-23 09:02:16,030 - WARNING -    🔄 RESTAURANDO mejor solución...
2025-10-23 09:02:21,907 - DEBUG - Iter 53700: T=7.93, Fitness_actual=136.1, Mejor=150.8
2025-10-23 09:02:33,755 - WARNING - ⚠️  DEGRADACIÓN DETECTADA en iter 53800:
2025-10-23 09:02:33,755 - WARNING -    Mejor fitness: 150.8
2025-10-23 09:02:33,756 - WARNING -    Fitness promedio reciente: 121.4
2025-10-23 09:02:33,757 - WARNING -    Degradación: 29.4
2025-10-23 09:02:33,757 - WARNING -    🔄 RESTAURANDO mejor solución...
2025-10-23 09:02:33,759 - DEBUG - Iter 53800: T=7.91, Fitness_actual=150.8, Mejor=150.8
2025-10-23 09:02:33,759 - INFO - 🌟 MEJORA #279 en iter 53800: Fitness=150.8 (+0.0), Puntos=16707
2025-10-23 09:02:45,666 - DEBUG - Iter 53900: T=7.89, Fitness_actual=123.9, Mejor=150.8
2025-10-23 09:02:51,585 - WARNING - ⚠️  DEGRADACIÓN DETECTADA en iter 53950:
2025-10-23 09:02:51,586 - WARNING -    Mejor fitness: 150.8
2025-10-23 09:02:51,586 - WARNING -    Fitness promedio reciente: 119.9
2025-10-23 09:02:51,587 - WARNING -    Degradación: 30.9
2025-10-23 09:02:51,587 - WARNING -    🔄 RESTAURANDO mejor solución...
2025-10-23 09:02:51,705 - INFO - 🌟 MEJORA #280 en iter 53951: Fitness=150.8 (+0.0), Puntos=16707
2025-10-23 09:02:51,706 - INFO -   ✨ Mejora #280 en iteración 53952: Fitness = 150.8 | Puntos = 16707 | T = 7.88
2025-10-23 09:02:57,518 - INFO -   Iter 54000 | Tiempo:   75.2min (31.3%) | T =     7.87 | Fitness =    133.1 | Mejor =    150.8 | Aceptación =  93.8%
2025-10-23 09:02:57,518 - INFO - Progreso iter 54000: T=7.87, Fitness=133.1, Mejor=150.8, Tasa_acept=93.8%
2025-10-23 09:02:57,520 - DEBUG - Iter 54000: T=7.87, Fitness_actual=133.1, Mejor=150.8
2025-10-23 09:03:07,113 - INFO - Iter 54081: Aceptada solución con delta=-10.7 (T=7.86)
2025-10-23 09:03:07,113 - INFO -   📊 Desglose del cambio:
2025-10-23 09:03:07,113 - INFO -      Puntos: -816 → 14602 total
2025-10-23 09:03:07,114 - INFO -      Tiempo: -714.0min → 12239.1min total
2025-10-23 09:03:07,114 - INFO -      Distancia: -2.4km → 137.4km total
2025-10-23 09:03:09,360 - WARNING - ⚠️  DEGRADACIÓN DETECTADA en iter 54100:
2025-10-23 09:03:09,361 - WARNING -    Mejor fitness: 150.8
2025-10-23 09:03:09,361 - WARNING -    Fitness promedio reciente: 116.8
2025-10-23 09:03:09,361 - WARNING -    Degradación: 34.0
2025-10-23 09:03:09,362 - WARNING -    🔄 RESTAURANDO mejor solución...
2025-10-23 09:03:09,363 - DEBUG - Iter 54100: T=7.86, Fitness_actual=150.8, Mejor=150.8
2025-10-23 09:03:09,364 - INFO - 🌟 MEJORA #281 en iter 54100: Fitness=150.9 (+0.0), Puntos=16712
2025-10-23 09:03:13,539 - INFO - Iter 54135: Aceptada solución con delta=-13.2 (T=7.85)
2025-10-23 09:03:13,539 - INFO -   📊 Desglose del cambio:
2025-10-23 09:03:13,540 - INFO -      Puntos: -482 → 15895 total
2025-10-23 09:03:13,541 - INFO -      Tiempo: +1395.8min → 14262.2min total
2025-10-23 09:03:13,541 - INFO -      Distancia: +27.4km → 133.3km total
2025-10-23 09:03:21,509 - DEBUG - Iter 54200: T=7.84, Fitness_actual=111.4, Mejor=150.9
2025-10-23 09:03:27,477 - WARNING - ⚠️  DEGRADACIÓN DETECTADA en iter 54250:
2025-10-23 09:03:27,477 - WARNING -    Mejor fitness: 150.9
2025-10-23 09:03:27,478 - WARNING -    Fitness promedio reciente: 114.0
2025-10-23 09:03:27,478 - WARNING -    Degradación: 36.9
2025-10-23 09:03:27,478 - WARNING -    🔄 RESTAURANDO mejor solución...
2025-10-23 09:03:33,452 - DEBUG - Iter 54300: T=7.82, Fitness_actual=128.3, Mejor=150.9
2025-10-23 09:03:39,441 - WARNING - ⚠️  DEGRADACIÓN DETECTADA en iter 54350:
2025-10-23 09:03:39,441 - WARNING -    Mejor fitness: 150.9
2025-10-23 09:03:39,442 - WARNING -    Fitness promedio reciente: 124.5
2025-10-23 09:03:39,442 - WARNING -    Degradación: 26.3
2025-10-23 09:03:39,442 - WARNING -    🔄 RESTAURANDO mejor solución...
2025-10-23 09:03:45,381 - DEBUG - Iter 54400: T=7.80, Fitness_actual=130.0, Mejor=150.9
2025-10-23 09:03:51,326 - WARNING - ⚠️  DEGRADACIÓN DETECTADA en iter 54450:
2025-10-23 09:03:51,326 - WARNING -    Mejor fitness: 150.9
2025-10-23 09:03:51,327 - WARNING -    Fitness promedio reciente: 123.3
2025-10-23 09:03:51,329 - WARNING -    Degradación: 27.6
2025-10-23 09:03:51,329 - WARNING -    🔄 RESTAURANDO mejor solución...
2025-10-23 09:03:51,448 - INFO - 🌟 MEJORA #282 en iter 54451: Fitness=150.9 (+0.0), Puntos=16712
2025-10-23 09:03:51,687 - INFO - 🌟 MEJORA #283 en iter 54453: Fitness=150.9 (+0.0), Puntos=16712
2025-10-23 09:03:52,041 - INFO - 🌟 MEJORA #284 en iter 54456: Fitness=150.9 (+0.0), Puntos=16717
2025-10-23 09:03:52,523 - INFO - Iter 54460: Aceptada solución con delta=-10.1 (T=7.79)
2025-10-23 09:03:52,523 - INFO -   📊 Desglose del cambio:
2025-10-23 09:03:52,523 - INFO -      Puntos: -334 → 16383 total
2025-10-23 09:03:52,524 - INFO -      Tiempo: +626.6min → 13726.4min total
2025-10-23 09:03:52,524 - INFO -      Distancia: +7.8km → 102.4km total
2025-10-23 09:03:57,539 - INFO -   Iter 54500 | Tiempo:   76.2min (31.7%) | T =     7.78 | Fitness =    124.3 | Mejor =    150.9 | Aceptación =  93.8%
2025-10-23 09:03:57,539 - INFO - Progreso iter 54500: T=7.78, Fitness=124.3, Mejor=150.9, Tasa_acept=93.8%
2025-10-23 09:03:57,548 - DEBUG - Iter 54500: T=7.78, Fitness_actual=124.3, Mejor=150.9
2025-10-23 09:04:10,023 - WARNING - ⚠️  DEGRADACIÓN DETECTADA en iter 54600:
2025-10-23 09:04:10,023 - WARNING -    Mejor fitness: 150.9
2025-10-23 09:04:10,024 - WARNING -    Fitness promedio reciente: 117.5
2025-10-23 09:04:10,024 - WARNING -    Degradación: 33.4
2025-10-23 09:04:10,024 - WARNING -    🔄 RESTAURANDO mejor solución...
2025-10-23 09:04:10,026 - DEBUG - Iter 54600: T=7.76, Fitness_actual=150.9, Mejor=150.9
2025-10-23 09:04:16,014 - WARNING - ⚠️  DEGRADACIÓN DETECTADA en iter 54650:
2025-10-23 09:04:16,014 - WARNING -    Mejor fitness: 150.9
2025-10-23 09:04:16,015 - WARNING -    Fitness promedio reciente: 129.7
2025-10-23 09:04:16,015 - WARNING -    Degradación: 21.2
2025-10-23 09:04:16,015 - WARNING -    🔄 RESTAURANDO mejor solución...
2025-10-23 09:04:21,982 - DEBUG - Iter 54700: T=7.74, Fitness_actual=122.2, Mejor=150.9
2025-10-23 09:04:23,188 - INFO - Iter 54710: Aceptada solución con delta=+10.0 (T=7.74)
2025-10-23 09:04:23,188 - INFO -   📊 Desglose del cambio:
2025-10-23 09:04:23,189 - INFO -      Puntos: +0 → 15695 total
2025-10-23 09:04:23,189 - INFO -      Tiempo: -123.3min → 12796.0min total
2025-10-23 09:04:23,190 - INFO -      Distancia: -0.3km → 116.3km total
2025-10-23 09:04:27,993 - WARNING - ⚠️  DEGRADACIÓN DETECTADA en iter 54750:
2025-10-23 09:04:27,993 - WARNING -    Mejor fitness: 150.9
2025-10-23 09:04:27,994 - WARNING -    Fitness promedio reciente: 117.1
2025-10-23 09:04:27,994 - WARNING -    Degradación: 33.8
2025-10-23 09:04:27,995 - WARNING -    🔄 RESTAURANDO mejor solución...
2025-10-23 09:04:33,960 - DEBUG - Iter 54800: T=7.72, Fitness_actual=130.6, Mejor=150.9
2025-10-23 09:04:39,982 - WARNING - ⚠️  DEGRADACIÓN DETECTADA en iter 54850:
2025-10-23 09:04:39,982 - WARNING -    Mejor fitness: 150.9
2025-10-23 09:04:39,983 - WARNING -    Fitness promedio reciente: 125.8
2025-10-23 09:04:39,983 - WARNING -    Degradación: 25.1
2025-10-23 09:04:39,983 - WARNING -    🔄 RESTAURANDO mejor solución...
2025-10-23 09:04:39,985 - INFO - 🌟 MEJORA #285 en iter 54850: Fitness=150.9 (+0.0), Puntos=16717
2025-10-23 09:04:39,985 - INFO -   ✨ Mejora #285 en iteración 54851: Fitness = 150.9 | Puntos = 16717 | T = 7.71
2025-10-23 09:04:45,971 - DEBUG - Iter 54900: T=7.70, Fitness_actual=123.5, Mejor=150.9
2025-10-23 09:04:46,092 - INFO - Iter 54901: Aceptada solución con delta=-10.4 (T=7.70)
2025-10-23 09:04:46,092 - INFO -   📊 Desglose del cambio:
2025-10-23 09:04:46,093 - INFO -      Puntos: -845 → 15340 total
2025-10-23 09:04:46,093 - INFO -      Tiempo: -567.6min → 12472.1min total
2025-10-23 09:04:46,094 - INFO -      Distancia: -2.3km → 108.1km total
2025-10-23 09:04:57,988 - INFO -   Iter 55000 | Tiempo:   77.2min (32.2%) | T =     7.68 | Fitness =    113.2 | Mejor =    150.9 | Aceptación =  93.8%
2025-10-23 09:04:57,988 - INFO - Progreso iter 55000: T=7.68, Fitness=113.2, Mejor=150.9, Tasa_acept=93.8%
2025-10-23 09:04:57,989 - WARNING - ⚠️  DEGRADACIÓN DETECTADA en iter 55000:
2025-10-23 09:04:57,990 - WARNING -    Mejor fitness: 150.9
2025-10-23 09:04:57,990 - WARNING -    Fitness promedio reciente: 117.4
2025-10-23 09:04:57,990 - WARNING -    Degradación: 33.5
2025-10-23 09:04:57,990 - WARNING -    🔄 RESTAURANDO mejor solución...
2025-10-23 09:04:57,992 - DEBUG - Iter 55000: T=7.68, Fitness_actual=150.9, Mejor=150.9
2025-10-23 09:05:10,041 - WARNING - ⚠️  DEGRADACIÓN DETECTADA en iter 55100:
2025-10-23 09:05:10,042 - WARNING -    Mejor fitness: 150.9
2025-10-23 09:05:10,042 - WARNING -    Fitness promedio reciente: 129.9
2025-10-23 09:05:10,043 - WARNING -    Degradación: 21.0
2025-10-23 09:05:10,043 - WARNING -    🔄 RESTAURANDO mejor solución...
2025-10-23 09:05:10,044 - DEBUG - Iter 55100: T=7.66, Fitness_actual=150.9, Mejor=150.9
2025-10-23 09:05:12,683 - INFO - Iter 55122: Aceptada solución con delta=-10.0 (T=7.66)
2025-10-23 09:05:12,683 - INFO -   📊 Desglose del cambio:
2025-10-23 09:05:12,684 - INFO -      Puntos: +0 → 16682 total
2025-10-23 09:05:12,684 - INFO -      Tiempo: +277.6min → 13246.4min total
2025-10-23 09:05:12,684 - INFO -      Distancia: +3.1km → 90.5km total
2025-10-23 09:05:22,011 - WARNING - ⚠️  DEGRADACIÓN DETECTADA en iter 55200:
2025-10-23 09:05:22,011 - WARNING -    Mejor fitness: 150.9
2025-10-23 09:05:22,012 - WARNING -    Fitness promedio reciente: 117.9
2025-10-23 09:05:22,012 - WARNING -    Degradación: 33.0
2025-10-23 09:05:22,013 - WARNING -    🔄 RESTAURANDO mejor solución...
2025-10-23 09:05:22,014 - DEBUG - Iter 55200: T=7.64, Fitness_actual=150.9, Mejor=150.9
2025-10-23 09:05:22,254 - INFO - 🌟 MEJORA #286 en iter 55202: Fitness=151.1 (+0.2), Puntos=16739
2025-10-23 09:05:34,113 - DEBUG - Iter 55300: T=7.63, Fitness_actual=134.0, Mejor=151.1
2025-10-23 09:05:46,209 - WARNING - ⚠️  DEGRADACIÓN DETECTADA en iter 55400:
2025-10-23 09:05:46,209 - WARNING -    Mejor fitness: 151.1
2025-10-23 09:05:46,210 - WARNING -    Fitness promedio reciente: 119.2
2025-10-23 09:05:46,210 - WARNING -    Degradación: 31.9
2025-10-23 09:05:46,210 - WARNING -    🔄 RESTAURANDO mejor solución...
2025-10-23 09:05:46,214 - DEBUG - Iter 55400: T=7.61, Fitness_actual=151.1, Mejor=151.1
2025-10-23 09:05:58,329 - INFO -   Iter 55500 | Tiempo:   78.2min (32.6%) | T =     7.59 | Fitness =    127.2 | Mejor =    151.1 | Aceptación =  93.8%
2025-10-23 09:05:58,330 - INFO - Progreso iter 55500: T=7.59, Fitness=127.2, Mejor=151.1, Tasa_acept=93.8%
2025-10-23 09:05:58,330 - WARNING - ⚠️  DEGRADACIÓN DETECTADA en iter 55500:
2025-10-23 09:05:58,331 - WARNING -    Mejor fitness: 151.1
2025-10-23 09:05:58,331 - WARNING -    Fitness promedio reciente: 129.1
2025-10-23 09:05:58,331 - WARNING -    Degradación: 22.0
2025-10-23 09:05:58,331 - WARNING -    🔄 RESTAURANDO mejor solución...
2025-10-23 09:05:58,333 - DEBUG - Iter 55500: T=7.59, Fitness_actual=151.1, Mejor=151.1
2025-10-23 09:05:58,333 - INFO - 🌟 MEJORA #287 en iter 55500: Fitness=151.1 (+0.0), Puntos=16739
2025-10-23 09:06:10,546 - DEBUG - Iter 55600: T=7.57, Fitness_actual=116.4, Mejor=151.1
2025-10-23 09:06:16,604 - WARNING - ⚠️  DEGRADACIÓN DETECTADA en iter 55650:
2025-10-23 09:06:16,604 - WARNING -    Mejor fitness: 151.1
2025-10-23 09:06:16,605 - WARNING -    Fitness promedio reciente: 114.6
2025-10-23 09:06:16,606 - WARNING -    Degradación: 36.5
2025-10-23 09:06:16,606 - WARNING -    🔄 RESTAURANDO mejor solución...
2025-10-23 09:06:22,636 - DEBUG - Iter 55700: T=7.55, Fitness_actual=128.9, Mejor=151.1
2025-10-23 09:06:28,701 - WARNING - ⚠️  DEGRADACIÓN DETECTADA en iter 55750:
2025-10-23 09:06:28,701 - WARNING -    Mejor fitness: 151.1
2025-10-23 09:06:28,702 - WARNING -    Fitness promedio reciente: 124.0
2025-10-23 09:06:28,702 - WARNING -    Degradación: 27.1
2025-10-23 09:06:28,702 - WARNING -    🔄 RESTAURANDO mejor solución...
2025-10-23 09:06:28,704 - INFO - 🌟 MEJORA #288 en iter 55750: Fitness=151.2 (+0.1), Puntos=16747
2025-10-23 09:06:34,727 - DEBUG - Iter 55800: T=7.53, Fitness_actual=139.3, Mejor=151.2
2025-10-23 09:06:46,814 - WARNING - ⚠️  DEGRADACIÓN DETECTADA en iter 55900:
2025-10-23 09:06:46,814 - WARNING -    Mejor fitness: 151.2
2025-10-23 09:06:46,814 - WARNING -    Fitness promedio reciente: 110.4
2025-10-23 09:06:46,815 - WARNING -    Degradación: 40.8
2025-10-23 09:06:46,815 - WARNING -    🔄 RESTAURANDO mejor solución...
2025-10-23 09:06:46,818 - DEBUG - Iter 55900: T=7.51, Fitness_actual=151.2, Mejor=151.2
2025-10-23 09:06:58,959 - INFO -   Iter 56000 | Tiempo:   79.2min (33.0%) | T =     7.49 | Fitness =    107.8 | Mejor =    151.2 | Aceptación =  93.8%
2025-10-23 09:06:58,959 - INFO - Progreso iter 56000: T=7.49, Fitness=107.8, Mejor=151.2, Tasa_acept=93.8%
2025-10-23 09:06:58,959 - WARNING - ⚠️  DEGRADACIÓN DETECTADA en iter 56000:
2025-10-23 09:06:58,960 - WARNING -    Mejor fitness: 151.2
2025-10-23 09:06:58,960 - WARNING -    Fitness promedio reciente: 110.9
2025-10-23 09:06:58,960 - WARNING -    Degradación: 40.3
2025-10-23 09:06:58,960 - WARNING -    🔄 RESTAURANDO mejor solución...
2025-10-23 09:06:58,964 - DEBUG - Iter 56000: T=7.49, Fitness_actual=151.2, Mejor=151.2
2025-10-23 09:07:11,213 - DEBUG - Iter 56100: T=7.47, Fitness_actual=133.4, Mejor=151.2
2025-10-23 09:07:17,346 - WARNING - ⚠️  DEGRADACIÓN DETECTADA en iter 56150:
2025-10-23 09:07:17,346 - WARNING -    Mejor fitness: 151.2
2025-10-23 09:07:17,347 - WARNING -    Fitness promedio reciente: 114.3
2025-10-23 09:07:17,347 - WARNING -    Degradación: 36.9
2025-10-23 09:07:17,347 - WARNING -    🔄 RESTAURANDO mejor solución...
2025-10-23 09:07:23,445 - DEBUG - Iter 56200: T=7.46, Fitness_actual=141.9, Mejor=151.2
2025-10-23 09:07:35,661 - WARNING - ⚠️  DEGRADACIÓN DETECTADA en iter 56300:
2025-10-23 09:07:35,661 - WARNING -    Mejor fitness: 151.2
2025-10-23 09:07:35,662 - WARNING -    Fitness promedio reciente: 119.0
2025-10-23 09:07:35,662 - WARNING -    Degradación: 32.3
2025-10-23 09:07:35,663 - WARNING -    🔄 RESTAURANDO mejor solución...
2025-10-23 09:07:35,666 - DEBUG - Iter 56300: T=7.44, Fitness_actual=151.2, Mejor=151.2
2025-10-23 09:07:47,918 - WARNING - ⚠️  DEGRADACIÓN DETECTADA en iter 56400:
2025-10-23 09:07:47,919 - WARNING -    Mejor fitness: 151.2
2025-10-23 09:07:47,919 - WARNING -    Fitness promedio reciente: 116.6
2025-10-23 09:07:47,920 - WARNING -    Degradación: 34.6
2025-10-23 09:07:47,920 - WARNING -    🔄 RESTAURANDO mejor solución...
2025-10-23 09:07:47,921 - DEBUG - Iter 56400: T=7.42, Fitness_actual=151.2, Mejor=151.2
2025-10-23 09:07:47,922 - INFO - 🌟 MEJORA #289 en iter 56400: Fitness=151.2 (+0.0), Puntos=16748
2025-10-23 09:08:00,202 - INFO -   Iter 56500 | Tiempo:   80.2min (33.4%) | T =     7.40 | Fitness =    118.1 | Mejor =    151.2 | Aceptación =  93.8%
2025-10-23 09:08:00,202 - INFO - Progreso iter 56500: T=7.40, Fitness=118.1, Mejor=151.2, Tasa_acept=93.8%
2025-10-23 09:08:00,205 - DEBUG - Iter 56500: T=7.40, Fitness_actual=118.1, Mejor=151.2
2025-10-23 09:08:06,332 - WARNING - ⚠️  DEGRADACIÓN DETECTADA en iter 56550:
2025-10-23 09:08:06,332 - WARNING -    Mejor fitness: 151.2
2025-10-23 09:08:06,333 - WARNING -    Fitness promedio reciente: 116.9
2025-10-23 09:08:06,333 - WARNING -    Degradación: 34.3
2025-10-23 09:08:06,333 - WARNING -    🔄 RESTAURANDO mejor solución...
2025-10-23 09:08:12,486 - DEBUG - Iter 56600: T=7.38, Fitness_actual=129.9, Mejor=151.2
2025-10-23 09:08:18,657 - WARNING - ⚠️  DEGRADACIÓN DETECTADA en iter 56650:
2025-10-23 09:08:18,657 - WARNING -    Mejor fitness: 151.2
2025-10-23 09:08:18,658 - WARNING -    Fitness promedio reciente: 124.9
2025-10-23 09:08:18,658 - WARNING -    Degradación: 26.3
2025-10-23 09:08:18,658 - WARNING -    🔄 RESTAURANDO mejor solución...
2025-10-23 09:08:24,815 - DEBUG - Iter 56700: T=7.36, Fitness_actual=135.3, Mejor=151.2
2025-10-23 09:08:37,105 - WARNING - ⚠️  DEGRADACIÓN DETECTADA en iter 56800:
2025-10-23 09:08:37,105 - WARNING -    Mejor fitness: 151.2
2025-10-23 09:08:37,106 - WARNING -    Fitness promedio reciente: 125.8
2025-10-23 09:08:37,107 - WARNING -    Degradación: 25.4
2025-10-23 09:08:37,107 - WARNING -    🔄 RESTAURANDO mejor solución...
2025-10-23 09:08:37,108 - DEBUG - Iter 56800: T=7.34, Fitness_actual=151.2, Mejor=151.2
2025-10-23 09:08:37,108 - INFO - 🌟 MEJORA #290 en iter 56800: Fitness=151.2 (+0.0), Puntos=16748
2025-10-23 09:08:37,108 - INFO -   ✨ Mejora #290 en iteración 56801: Fitness = 151.2 | Puntos = 16748 | T = 7.34
2025-10-23 09:08:37,358 - INFO - 🌟 MEJORA #291 en iter 56802: Fitness=151.2 (+0.0), Puntos=16748
2025-10-23 09:08:49,343 - DEBUG - Iter 56900: T=7.33, Fitness_actual=126.6, Mejor=151.2
2025-10-23 09:08:55,477 - WARNING - ⚠️  DEGRADACIÓN DETECTADA en iter 56950:
2025-10-23 09:08:55,477 - WARNING -    Mejor fitness: 151.2
2025-10-23 09:08:55,478 - WARNING -    Fitness promedio reciente: 125.7
2025-10-23 09:08:55,478 - WARNING -    Degradación: 25.5
2025-10-23 09:08:55,478 - WARNING -    🔄 RESTAURANDO mejor solución...
2025-10-23 09:08:55,479 - INFO - 🌟 MEJORA #292 en iter 56950: Fitness=151.2 (+0.0), Puntos=16749
2025-10-23 09:09:01,611 - INFO -   Iter 57000 | Tiempo:   81.3min (33.9%) | T =     7.31 | Fitness =    136.8 | Mejor =    151.2 | Aceptación =  93.8%
2025-10-23 09:09:01,611 - INFO - Progreso iter 57000: T=7.31, Fitness=136.8, Mejor=151.2, Tasa_acept=93.8%
2025-10-23 09:09:01,614 - DEBUG - Iter 57000: T=7.31, Fitness_actual=136.8, Mejor=151.2
2025-10-23 09:09:13,951 - DEBUG - Iter 57100: T=7.29, Fitness_actual=127.2, Mejor=151.2
2025-10-23 09:09:20,146 - WARNING - ⚠️  DEGRADACIÓN DETECTADA en iter 57150:
2025-10-23 09:09:20,146 - WARNING -    Mejor fitness: 151.2
2025-10-23 09:09:20,146 - WARNING -    Fitness promedio reciente: 122.9
2025-10-23 09:09:20,147 - WARNING -    Degradación: 28.3
2025-10-23 09:09:20,147 - WARNING -    🔄 RESTAURANDO mejor solución...
2025-10-23 09:09:20,148 - INFO - 🌟 MEJORA #293 en iter 57150: Fitness=151.2 (+0.0), Puntos=16749
2025-10-23 09:09:26,349 - DEBUG - Iter 57200: T=7.27, Fitness_actual=129.9, Mejor=151.2
2025-10-23 09:09:38,762 - WARNING - ⚠️  DEGRADACIÓN DETECTADA en iter 57300:
2025-10-23 09:09:38,762 - WARNING -    Mejor fitness: 151.2
2025-10-23 09:09:38,763 - WARNING -    Fitness promedio reciente: 120.2
2025-10-23 09:09:38,763 - WARNING -    Degradación: 31.0
2025-10-23 09:09:38,763 - WARNING -    🔄 RESTAURANDO mejor solución...
2025-10-23 09:09:38,765 - DEBUG - Iter 57300: T=7.25, Fitness_actual=151.2, Mejor=151.2
2025-10-23 09:09:51,202 - DEBUG - Iter 57400: T=7.23, Fitness_actual=133.2, Mejor=151.2
2025-10-23 09:09:57,396 - WARNING - ⚠️  DEGRADACIÓN DETECTADA en iter 57450:
2025-10-23 09:09:57,396 - WARNING -    Mejor fitness: 151.2
2025-10-23 09:09:57,397 - WARNING -    Fitness promedio reciente: 130.8
2025-10-23 09:09:57,397 - WARNING -    Degradación: 20.4
2025-10-23 09:09:57,398 - WARNING -    🔄 RESTAURANDO mejor solución...
2025-10-23 09:10:03,509 - INFO - Iter 57499: Aceptada solución con delta=-11.0 (T=7.21)
2025-10-23 09:10:03,509 - INFO -   📊 Desglose del cambio:
2025-10-23 09:10:03,510 - INFO -      Puntos: +0 → 16276 total
2025-10-23 09:10:03,510 - INFO -      Tiempo: -120.0min → 12518.8min total
2025-10-23 09:10:03,511 - INFO -      Distancia: +0.0km → 102.0km total
2025-10-23 09:10:03,633 - INFO -   Iter 57500 | Tiempo:   82.3min (34.3%) | T =     7.21 | Fitness =    123.7 | Mejor =    151.2 | Aceptación =  93.8%
2025-10-23 09:10:03,633 - INFO - Progreso iter 57500: T=7.21, Fitness=123.7, Mejor=151.2, Tasa_acept=93.8%
2025-10-23 09:10:03,636 - DEBUG - Iter 57500: T=7.21, Fitness_actual=123.7, Mejor=151.2
2025-10-23 09:10:09,893 - WARNING - ⚠️  DEGRADACIÓN DETECTADA en iter 57550:
2025-10-23 09:10:09,893 - WARNING -    Mejor fitness: 151.2
2025-10-23 09:10:09,894 - WARNING -    Fitness promedio reciente: 121.4
2025-10-23 09:10:09,894 - WARNING -    Degradación: 29.8
2025-10-23 09:10:09,894 - WARNING -    🔄 RESTAURANDO mejor solución...
2025-10-23 09:10:16,101 - DEBUG - Iter 57600: T=7.20, Fitness_actual=139.8, Mejor=151.2
2025-10-23 09:10:19,729 - INFO - Iter 57629: Aceptada solución con delta=-12.9 (T=7.19)
2025-10-23 09:10:19,730 - INFO -   📊 Desglose del cambio:
2025-10-23 09:10:19,730 - INFO -      Puntos: -436 → 15910 total
2025-10-23 09:10:19,731 - INFO -      Tiempo: +1276.4min → 14282.8min total
2025-10-23 09:10:19,731 - INFO -      Distancia: +15.0km → 133.9km total
2025-10-23 09:10:22,531 - WARNING - ⚠️  DEGRADACIÓN DETECTADA en iter 57650:
2025-10-23 09:10:22,531 - WARNING -    Mejor fitness: 151.2
2025-10-23 09:10:22,532 - WARNING -    Fitness promedio reciente: 131.1
2025-10-23 09:10:22,532 - WARNING -    Degradación: 20.1
2025-10-23 09:10:22,532 - WARNING -    🔄 RESTAURANDO mejor solución...
2025-10-23 09:10:28,792 - WARNING - ⚠️  DEGRADACIÓN DETECTADA en iter 57700:
2025-10-23 09:10:28,792 - WARNING -    Mejor fitness: 151.2
2025-10-23 09:10:28,793 - WARNING -    Fitness promedio reciente: 129.4
2025-10-23 09:10:28,793 - WARNING -    Degradación: 21.8
2025-10-23 09:10:28,793 - WARNING -    🔄 RESTAURANDO mejor solución...
2025-10-23 09:10:28,797 - DEBUG - Iter 57700: T=7.18, Fitness_actual=151.2, Mejor=151.2
2025-10-23 09:10:41,396 - WARNING - ⚠️  DEGRADACIÓN DETECTADA en iter 57800:
2025-10-23 09:10:41,397 - WARNING -    Mejor fitness: 151.2
2025-10-23 09:10:41,397 - WARNING -    Fitness promedio reciente: 127.5
2025-10-23 09:10:41,398 - WARNING -    Degradación: 23.7
2025-10-23 09:10:41,398 - WARNING -    🔄 RESTAURANDO mejor solución...
2025-10-23 09:10:41,399 - DEBUG - Iter 57800: T=7.16, Fitness_actual=151.2, Mejor=151.2
2025-10-23 09:10:41,400 - INFO - 🌟 MEJORA #294 en iter 57800: Fitness=151.2 (+0.0), Puntos=16749
2025-10-23 09:10:41,525 - INFO - 🌟 MEJORA #295 en iter 57801: Fitness=151.2 (+0.0), Puntos=16749
2025-10-23 09:10:41,526 - INFO -   ✨ Mejora #295 en iteración 57802: Fitness = 151.2 | Puntos = 16749 | T = 7.16
2025-10-23 09:10:53,936 - DEBUG - Iter 57900: T=7.14, Fitness_actual=116.2, Mejor=151.2
2025-10-23 09:11:00,211 - WARNING - ⚠️  DEGRADACIÓN DETECTADA en iter 57950:
2025-10-23 09:11:00,211 - WARNING -    Mejor fitness: 151.2
2025-10-23 09:11:00,212 - WARNING -    Fitness promedio reciente: 120.4
2025-10-23 09:11:00,212 - WARNING -    Degradación: 30.8
2025-10-23 09:11:00,212 - WARNING -    🔄 RESTAURANDO mejor solución...
2025-10-23 09:11:06,562 - INFO -   Iter 58000 | Tiempo:   83.3min (34.7%) | T =     7.12 | Fitness =    123.7 | Mejor =    151.2 | Aceptación =  93.8%
2025-10-23 09:11:06,562 - INFO - Progreso iter 58000: T=7.12, Fitness=123.7, Mejor=151.2, Tasa_acept=93.8%
2025-10-23 09:11:06,563 - WARNING - ⚠️  DEGRADACIÓN DETECTADA en iter 58000:
2025-10-23 09:11:06,563 - WARNING -    Mejor fitness: 151.2
2025-10-23 09:11:06,563 - WARNING -    Fitness promedio reciente: 128.2
2025-10-23 09:11:06,564 - WARNING -    Degradación: 23.0
2025-10-23 09:11:06,564 - WARNING -    🔄 RESTAURANDO mejor solución...
2025-10-23 09:11:06,565 - DEBUG - Iter 58000: T=7.12, Fitness_actual=151.2, Mejor=151.2
2025-10-23 09:11:19,171 - WARNING - ⚠️  DEGRADACIÓN DETECTADA en iter 58100:
2025-10-23 09:11:19,171 - WARNING -    Mejor fitness: 151.2
2025-10-23 09:11:19,171 - WARNING -    Fitness promedio reciente: 128.7
2025-10-23 09:11:19,172 - WARNING -    Degradación: 22.5
2025-10-23 09:11:19,172 - WARNING -    🔄 RESTAURANDO mejor solución...
2025-10-23 09:11:19,173 - DEBUG - Iter 58100: T=7.10, Fitness_actual=151.2, Mejor=151.2
2025-10-23 09:11:31,781 - WARNING - ⚠️  DEGRADACIÓN DETECTADA en iter 58200:
2025-10-23 09:11:31,781 - WARNING -    Mejor fitness: 151.2
2025-10-23 09:11:31,782 - WARNING -    Fitness promedio reciente: 120.8
2025-10-23 09:11:31,782 - WARNING -    Degradación: 30.4
2025-10-23 09:11:31,782 - WARNING -    🔄 RESTAURANDO mejor solución...
2025-10-23 09:11:31,786 - DEBUG - Iter 58200: T=7.09, Fitness_actual=151.2, Mejor=151.2
2025-10-23 09:11:31,914 - INFO - 🌟 MEJORA #296 en iter 58201: Fitness=151.2 (+0.0), Puntos=16749
2025-10-23 09:11:44,404 - DEBUG - Iter 58300: T=7.07, Fitness_actual=116.8, Mejor=151.2
2025-10-23 09:11:50,734 - WARNING - ⚠️  DEGRADACIÓN DETECTADA en iter 58350:
2025-10-23 09:11:50,734 - WARNING -    Mejor fitness: 151.2
2025-10-23 09:11:50,734 - WARNING -    Fitness promedio reciente: 113.6
2025-10-23 09:11:50,735 - WARNING -    Degradación: 37.6
2025-10-23 09:11:50,735 - WARNING -    🔄 RESTAURANDO mejor solución...
2025-10-23 09:11:56,993 - WARNING - ⚠️  DEGRADACIÓN DETECTADA en iter 58400:
2025-10-23 09:11:56,994 - WARNING -    Mejor fitness: 151.2
2025-10-23 09:11:56,994 - WARNING -    Fitness promedio reciente: 130.8
2025-10-23 09:11:56,994 - WARNING -    Degradación: 20.5
2025-10-23 09:11:56,995 - WARNING -    🔄 RESTAURANDO mejor solución...
2025-10-23 09:11:56,996 - DEBUG - Iter 58400: T=7.05, Fitness_actual=151.2, Mejor=151.2
2025-10-23 09:12:09,630 - INFO -   Iter 58500 | Tiempo:   84.4min (35.2%) | T =     7.03 | Fitness =    132.0 | Mejor =    151.2 | Aceptación =  93.8%
2025-10-23 09:12:09,630 - INFO - Progreso iter 58500: T=7.03, Fitness=132.0, Mejor=151.2, Tasa_acept=93.8%
2025-10-23 09:12:09,633 - DEBUG - Iter 58500: T=7.03, Fitness_actual=132.0, Mejor=151.2
2025-10-23 09:12:16,026 - WARNING - ⚠️  DEGRADACIÓN DETECTADA en iter 58550:
2025-10-23 09:12:16,026 - WARNING -    Mejor fitness: 151.2
2025-10-23 09:12:16,026 - WARNING -    Fitness promedio reciente: 124.8
2025-10-23 09:12:16,027 - WARNING -    Degradación: 26.4
2025-10-23 09:12:16,027 - WARNING -    🔄 RESTAURANDO mejor solución...
2025-10-23 09:12:16,028 - INFO - 🌟 MEJORA #297 en iter 58550: Fitness=151.2 (+0.0), Puntos=16749
2025-10-23 09:12:16,157 - INFO - 🌟 MEJORA #298 en iter 58551: Fitness=151.2 (+0.0), Puntos=16749
2025-10-23 09:12:22,356 - DEBUG - Iter 58600: T=7.01, Fitness_actual=131.0, Mejor=151.2
2025-10-23 09:12:34,961 - WARNING - ⚠️  DEGRADACIÓN DETECTADA en iter 58700:
2025-10-23 09:12:34,961 - WARNING -    Mejor fitness: 151.2
2025-10-23 09:12:34,962 - WARNING -    Fitness promedio reciente: 113.1
2025-10-23 09:12:34,962 - WARNING -    Degradación: 38.1
2025-10-23 09:12:34,962 - WARNING -    🔄 RESTAURANDO mejor solución...
2025-10-23 09:12:34,964 - DEBUG - Iter 58700: T=6.99, Fitness_actual=151.2, Mejor=151.2
2025-10-23 09:12:47,605 - WARNING - ⚠️  DEGRADACIÓN DETECTADA en iter 58800:
2025-10-23 09:12:47,605 - WARNING -    Mejor fitness: 151.2
2025-10-23 09:12:47,606 - WARNING -    Fitness promedio reciente: 127.1
2025-10-23 09:12:47,606 - WARNING -    Degradación: 24.1
2025-10-23 09:12:47,606 - WARNING -    🔄 RESTAURANDO mejor solución...
2025-10-23 09:12:47,608 - DEBUG - Iter 58800: T=6.98, Fitness_actual=151.2, Mejor=151.2
2025-10-23 09:12:47,608 - INFO - 🌟 MEJORA #299 en iter 58800: Fitness=151.2 (+0.0), Puntos=16749
2025-10-23 09:13:00,198 - DEBUG - Iter 58900: T=6.96, Fitness_actual=118.1, Mejor=151.2
2025-10-23 09:13:06,492 - WARNING - ⚠️  DEGRADACIÓN DETECTADA en iter 58950:
2025-10-23 09:13:06,492 - WARNING -    Mejor fitness: 151.2
2025-10-23 09:13:06,493 - WARNING -    Fitness promedio reciente: 115.5
2025-10-23 09:13:06,493 - WARNING -    Degradación: 35.7
2025-10-23 09:13:06,493 - WARNING -    🔄 RESTAURANDO mejor solución...
2025-10-23 09:13:12,835 - INFO -   Iter 59000 | Tiempo:   85.4min (35.6%) | T =     6.94 | Fitness =    116.6 | Mejor =    151.2 | Aceptación =  93.8%
2025-10-23 09:13:12,836 - INFO - Progreso iter 59000: T=6.94, Fitness=116.6, Mejor=151.2, Tasa_acept=93.8%
2025-10-23 09:13:12,839 - DEBUG - Iter 59000: T=6.94, Fitness_actual=116.6, Mejor=151.2
2025-10-23 09:13:19,194 - WARNING - ⚠️  DEGRADACIÓN DETECTADA en iter 59050:
2025-10-23 09:13:19,194 - WARNING -    Mejor fitness: 151.2
2025-10-23 09:13:19,195 - WARNING -    Fitness promedio reciente: 121.1
2025-10-23 09:13:19,195 - WARNING -    Degradación: 30.1
2025-10-23 09:13:19,195 - WARNING -    🔄 RESTAURANDO mejor solución...
2025-10-23 09:13:25,499 - DEBUG - Iter 59100: T=6.92, Fitness_actual=125.5, Mejor=151.2
2025-10-23 09:13:31,826 - WARNING - ⚠️  DEGRADACIÓN DETECTADA en iter 59150:
2025-10-23 09:13:31,826 - WARNING -    Mejor fitness: 151.2
2025-10-23 09:13:31,827 - WARNING -    Fitness promedio reciente: 117.0
2025-10-23 09:13:31,827 - WARNING -    Degradación: 34.2
2025-10-23 09:13:31,827 - WARNING -    🔄 RESTAURANDO mejor solución...
2025-10-23 09:13:31,956 - INFO - 🌟 MEJORA #300 en iter 59151: Fitness=151.2 (+0.0), Puntos=16750
2025-10-23 09:13:31,956 - INFO -   ✨ Mejora #300 en iteración 59152: Fitness = 151.2 | Puntos = 16750 | T = 6.91
2025-10-23 09:13:32,715 - INFO - 🌟 MEJORA #301 en iter 59157: Fitness=151.3 (+0.0), Puntos=16755
2025-10-23 09:13:38,165 - DEBUG - Iter 59200: T=6.90, Fitness_actual=133.1, Mejor=151.3
2025-10-23 09:13:50,866 - WARNING - ⚠️  DEGRADACIÓN DETECTADA en iter 59300:
2025-10-23 09:13:50,866 - WARNING -    Mejor fitness: 151.3
2025-10-23 09:13:50,867 - WARNING -    Fitness promedio reciente: 123.7
2025-10-23 09:13:50,867 - WARNING -    Degradación: 27.6
2025-10-23 09:13:50,867 - WARNING -    🔄 RESTAURANDO mejor solución...
2025-10-23 09:13:50,871 - DEBUG - Iter 59300: T=6.89, Fitness_actual=151.3, Mejor=151.3
2025-10-23 09:14:03,654 - DEBUG - Iter 59400: T=6.87, Fitness_actual=132.0, Mejor=151.3
2025-10-23 09:14:10,046 - WARNING - ⚠️  DEGRADACIÓN DETECTADA en iter 59450:
2025-10-23 09:14:10,046 - WARNING -    Mejor fitness: 151.3
2025-10-23 09:14:10,047 - WARNING -    Fitness promedio reciente: 129.6
2025-10-23 09:14:10,047 - WARNING -    Degradación: 21.7
2025-10-23 09:14:10,048 - WARNING -    🔄 RESTAURANDO mejor solución...
2025-10-23 09:14:10,049 - INFO - 🌟 MEJORA #302 en iter 59450: Fitness=151.3 (+0.0), Puntos=16755
2025-10-23 09:14:16,394 - INFO -   Iter 59500 | Tiempo:   86.5min (36.0%) | T =     6.85 | Fitness =    144.1 | Mejor =    151.3 | Aceptación =  93.7%
2025-10-23 09:14:16,394 - INFO - Progreso iter 59500: T=6.85, Fitness=144.1, Mejor=151.3, Tasa_acept=93.7%
2025-10-23 09:14:16,396 - DEBUG - Iter 59500: T=6.85, Fitness_actual=144.1, Mejor=151.3
2025-10-23 09:14:29,163 - WARNING - ⚠️  DEGRADACIÓN DETECTADA en iter 59600:
2025-10-23 09:14:29,163 - WARNING -    Mejor fitness: 151.3
2025-10-23 09:14:29,164 - WARNING -    Fitness promedio reciente: 126.3
2025-10-23 09:14:29,164 - WARNING -    Degradación: 24.9
2025-10-23 09:14:29,164 - WARNING -    🔄 RESTAURANDO mejor solución...
2025-10-23 09:14:29,166 - DEBUG - Iter 59600: T=6.83, Fitness_actual=151.3, Mejor=151.3
2025-10-23 09:14:41,904 - DEBUG - Iter 59700: T=6.81, Fitness_actual=127.7, Mejor=151.3
2025-10-23 09:14:48,318 - WARNING - ⚠️  DEGRADACIÓN DETECTADA en iter 59750:
2025-10-23 09:14:48,319 - WARNING -    Mejor fitness: 151.3
2025-10-23 09:14:48,320 - WARNING -    Fitness promedio reciente: 114.7
2025-10-23 09:14:48,320 - WARNING -    Degradación: 36.6
2025-10-23 09:14:48,321 - WARNING -    🔄 RESTAURANDO mejor solución...
2025-10-23 09:14:48,322 - INFO - 🌟 MEJORA #303 en iter 59750: Fitness=151.3 (+0.0), Puntos=16755
2025-10-23 09:14:48,449 - INFO - 🌟 MEJORA #304 en iter 59751: Fitness=151.3 (+0.0), Puntos=16755
2025-10-23 09:14:48,577 - INFO - 🌟 MEJORA #305 en iter 59752: Fitness=151.3 (+0.0), Puntos=16757
2025-10-23 09:14:48,578 - INFO -   ✨ Mejora #305 en iteración 59753: Fitness = 151.3 | Puntos = 16757 | T = 6.80
2025-10-23 09:14:48,705 - INFO - 🌟 MEJORA #306 en iter 59753: Fitness=151.3 (+0.0), Puntos=16757
2025-10-23 09:14:54,713 - DEBUG - Iter 59800: T=6.80, Fitness_actual=122.8, Mejor=151.3
2025-10-23 09:15:07,514 - WARNING - ⚠️  DEGRADACIÓN DETECTADA en iter 59900:
2025-10-23 09:15:07,514 - WARNING -    Mejor fitness: 151.3
2025-10-23 09:15:07,515 - WARNING -    Fitness promedio reciente: 125.5
2025-10-23 09:15:07,515 - WARNING -    Degradación: 25.8
2025-10-23 09:15:07,516 - WARNING -    🔄 RESTAURANDO mejor solución...
2025-10-23 09:15:07,517 - DEBUG - Iter 59900: T=6.78, Fitness_actual=151.3, Mejor=151.3
2025-10-23 09:15:20,332 - INFO -   Iter 60000 | Tiempo:   87.6min (36.5%) | T =     6.76 | Fitness =    130.3 | Mejor =    151.3 | Aceptación =  93.7%
2025-10-23 09:15:20,332 - INFO - Progreso iter 60000: T=6.76, Fitness=130.3, Mejor=151.3, Tasa_acept=93.7%
2025-10-23 09:15:20,333 - WARNING - ⚠️  DEGRADACIÓN DETECTADA en iter 60000:
2025-10-23 09:15:20,333 - WARNING -    Mejor fitness: 151.3
2025-10-23 09:15:20,333 - WARNING -    Fitness promedio reciente: 130.5
2025-10-23 09:15:20,333 - WARNING -    Degradación: 20.8
2025-10-23 09:15:20,334 - WARNING -    🔄 RESTAURANDO mejor solución...
2025-10-23 09:15:20,335 - DEBUG - Iter 60000: T=6.76, Fitness_actual=151.3, Mejor=151.3
2025-10-23 09:15:33,153 - WARNING - ⚠️  DEGRADACIÓN DETECTADA en iter 60100:
2025-10-23 09:15:33,153 - WARNING -    Mejor fitness: 151.3
2025-10-23 09:15:33,154 - WARNING -    Fitness promedio reciente: 120.8
2025-10-23 09:15:33,154 - WARNING -    Degradación: 30.5
2025-10-23 09:15:33,154 - WARNING -    🔄 RESTAURANDO mejor solución...
2025-10-23 09:15:33,156 - DEBUG - Iter 60100: T=6.74, Fitness_actual=151.3, Mejor=151.3
2025-10-23 09:15:46,028 - WARNING - ⚠️  DEGRADACIÓN DETECTADA en iter 60200:
2025-10-23 09:15:46,028 - WARNING -    Mejor fitness: 151.3
2025-10-23 09:15:46,029 - WARNING -    Fitness promedio reciente: 108.5
2025-10-23 09:15:46,029 - WARNING -    Degradación: 42.8
2025-10-23 09:15:46,029 - WARNING -    🔄 RESTAURANDO mejor solución...
2025-10-23 09:15:46,031 - DEBUG - Iter 60200: T=6.72, Fitness_actual=151.3, Mejor=151.3
2025-10-23 09:15:58,891 - WARNING - ⚠️  DEGRADACIÓN DETECTADA en iter 60300:
2025-10-23 09:15:58,891 - WARNING -    Mejor fitness: 151.3
2025-10-23 09:15:58,892 - WARNING -    Fitness promedio reciente: 124.4
2025-10-23 09:15:58,892 - WARNING -    Degradación: 26.9
2025-10-23 09:15:58,893 - WARNING -    🔄 RESTAURANDO mejor solución...
2025-10-23 09:15:58,894 - DEBUG - Iter 60300: T=6.71, Fitness_actual=151.3, Mejor=151.3
2025-10-23 09:16:11,812 - WARNING - ⚠️  DEGRADACIÓN DETECTADA en iter 60400:
2025-10-23 09:16:11,812 - WARNING -    Mejor fitness: 151.3
2025-10-23 09:16:11,813 - WARNING -    Fitness promedio reciente: 123.5
2025-10-23 09:16:11,813 - WARNING -    Degradación: 27.8
2025-10-23 09:16:11,813 - WARNING -    🔄 RESTAURANDO mejor solución...
2025-10-23 09:16:11,815 - DEBUG - Iter 60400: T=6.69, Fitness_actual=151.3, Mejor=151.3
2025-10-23 09:16:12,331 - INFO - 🌟 MEJORA #307 en iter 60404: Fitness=151.3 (+0.0), Puntos=16757
2025-10-23 09:16:15,664 - WARNING - ================================================================================
2025-10-23 09:16:15,664 - WARNING - ⚠️  SALTO ANORMAL DETECTADO en iteración 60430
2025-10-23 09:16:15,665 - WARNING -    Fitness actual: 149.7
2025-10-23 09:16:15,665 - WARNING -    Fitness vecino: 91.1
2025-10-23 09:16:15,665 - WARNING -    Delta: -58.6
2025-10-23 09:16:15,665 - WARNING -    Temperatura: 6.68
2025-10-23 09:16:15,665 - WARNING -    Tipo perturbación aplicada: (ver generar_vecino)
2025-10-23 09:16:15,666 - WARNING -    Vecino - Puntos: 16679, Tiempo: 15685.4min, Distancia: 307.9km
2025-10-23 09:16:15,666 - WARNING -    Actual - Puntos: 16697, Tiempo: 12795.6min, Distancia: 88.4km
2025-10-23 09:16:15,666 - WARNING -    Validez restricciones - Vecino: False, Actual: False
2025-10-23 09:16:15,666 - WARNING - ================================================================================
2025-10-23 09:16:15,666 - WARNING - ⚠️  SALTO ANORMAL DETECTADO en iteración 60430
2025-10-23 09:16:15,667 - WARNING -    Fitness: 149.7 → 91.1 (Δ=-58.6)
2025-10-23 09:16:15,667 - WARNING -    Ver detalles en archivo de log
2025-10-23 09:16:17,078 - INFO - Iter 60441: Aceptada solución con delta=-11.0 (T=6.68)
2025-10-23 09:16:17,078 - INFO -   📊 Desglose del cambio:
2025-10-23 09:16:17,079 - INFO -      Puntos: +0 → 16663 total
2025-10-23 09:16:17,081 - INFO -      Tiempo: +120.7min → 12943.4min total
2025-10-23 09:16:17,081 - INFO -      Distancia: +0.1km → 89.0km total
2025-10-23 09:16:24,637 - INFO -   Iter 60500 | Tiempo:   88.6min (36.9%) | T =     6.67 | Fitness =    120.2 | Mejor =    151.3 | Aceptación =  93.7%
2025-10-23 09:16:24,637 - INFO - Progreso iter 60500: T=6.67, Fitness=120.2, Mejor=151.3, Tasa_acept=93.7%
2025-10-23 09:16:24,640 - DEBUG - Iter 60500: T=6.67, Fitness_actual=120.2, Mejor=151.3
2025-10-23 09:16:31,018 - WARNING - ⚠️  DEGRADACIÓN DETECTADA en iter 60550:
2025-10-23 09:16:31,018 - WARNING -    Mejor fitness: 151.3
2025-10-23 09:16:31,019 - WARNING -    Fitness promedio reciente: 119.5
2025-10-23 09:16:31,019 - WARNING -    Degradación: 31.8
2025-10-23 09:16:31,019 - WARNING -    🔄 RESTAURANDO mejor solución...
2025-10-23 09:16:37,449 - DEBUG - Iter 60600: T=6.65, Fitness_actual=139.8, Mejor=151.3
2025-10-23 09:16:50,321 - WARNING - ⚠️  DEGRADACIÓN DETECTADA en iter 60700:
2025-10-23 09:16:50,321 - WARNING -    Mejor fitness: 151.3
2025-10-23 09:16:50,322 - WARNING -    Fitness promedio reciente: 126.7
2025-10-23 09:16:50,322 - WARNING -    Degradación: 24.6
2025-10-23 09:16:50,322 - WARNING -    🔄 RESTAURANDO mejor solución...
2025-10-23 09:16:50,327 - DEBUG - Iter 60700: T=6.64, Fitness_actual=151.3, Mejor=151.3
2025-10-23 09:17:03,299 - WARNING - ⚠️  DEGRADACIÓN DETECTADA en iter 60800:
2025-10-23 09:17:03,300 - WARNING -    Mejor fitness: 151.3
2025-10-23 09:17:03,300 - WARNING -    Fitness promedio reciente: 124.9
2025-10-23 09:17:03,301 - WARNING -    Degradación: 26.4
2025-10-23 09:17:03,301 - WARNING -    🔄 RESTAURANDO mejor solución...
2025-10-23 09:17:03,306 - DEBUG - Iter 60800: T=6.62, Fitness_actual=151.3, Mejor=151.3
2025-10-23 09:17:16,206 - DEBUG - Iter 60900: T=6.60, Fitness_actual=125.1, Mejor=151.3
2025-10-23 09:17:22,695 - WARNING - ⚠️  DEGRADACIÓN DETECTADA en iter 60950:
2025-10-23 09:17:22,696 - WARNING -    Mejor fitness: 151.3
2025-10-23 09:17:22,696 - WARNING -    Fitness promedio reciente: 118.0
2025-10-23 09:17:22,697 - WARNING -    Degradación: 33.3
2025-10-23 09:17:22,697 - WARNING -    🔄 RESTAURANDO mejor solución...
2025-10-23 09:17:29,174 - INFO -   Iter 61000 | Tiempo:   89.7min (37.4%) | T =     6.58 | Fitness =    135.9 | Mejor =    151.3 | Aceptación =  93.7%
2025-10-23 09:17:29,174 - INFO - Progreso iter 61000: T=6.58, Fitness=135.9, Mejor=151.3, Tasa_acept=93.7%
2025-10-23 09:17:29,178 - DEBUG - Iter 61000: T=6.58, Fitness_actual=135.9, Mejor=151.3
2025-10-23 09:17:35,650 - WARNING - ⚠️  DEGRADACIÓN DETECTADA en iter 61050:
2025-10-23 09:17:35,650 - WARNING -    Mejor fitness: 151.3
2025-10-23 09:17:35,651 - WARNING -    Fitness promedio reciente: 125.6
2025-10-23 09:17:35,651 - WARNING -    Degradación: 25.7
2025-10-23 09:17:35,651 - WARNING -    🔄 RESTAURANDO mejor solución...
2025-10-23 09:17:42,062 - DEBUG - Iter 61100: T=6.57, Fitness_actual=139.0, Mejor=151.3
2025-10-23 09:17:43,224 - INFO - Iter 61109: Aceptada solución con delta=-10.5 (T=6.56)
2025-10-23 09:17:43,224 - INFO -   📊 Desglose del cambio:
2025-10-23 09:17:43,225 - INFO -      Puntos: +0 → 16177 total
2025-10-23 09:17:43,225 - INFO -      Tiempo: -4.0min → 12874.9min total
2025-10-23 09:17:43,225 - INFO -      Distancia: +2.2km → 112.5km total
2025-10-23 09:17:48,593 - WARNING - ⚠️  DEGRADACIÓN DETECTADA en iter 61150:
2025-10-23 09:17:48,593 - WARNING -    Mejor fitness: 151.3
2025-10-23 09:17:48,594 - WARNING -    Fitness promedio reciente: 128.0
2025-10-23 09:17:48,595 - WARNING -    Degradación: 23.3
2025-10-23 09:17:48,595 - WARNING -    🔄 RESTAURANDO mejor solución...
2025-10-23 09:17:48,596 - INFO - 🌟 MEJORA #308 en iter 61150: Fitness=151.3 (+0.0), Puntos=16757
2025-10-23 09:17:55,080 - DEBUG - Iter 61200: T=6.55, Fitness_actual=140.7, Mejor=151.3
2025-10-23 09:18:08,035 - WARNING - ⚠️  DEGRADACIÓN DETECTADA en iter 61300:
2025-10-23 09:18:08,035 - WARNING -    Mejor fitness: 151.3
2025-10-23 09:18:08,036 - WARNING -    Fitness promedio reciente: 127.3
2025-10-23 09:18:08,036 - WARNING -    Degradación: 24.0
2025-10-23 09:18:08,036 - WARNING -    🔄 RESTAURANDO mejor solución...
2025-10-23 09:18:08,043 - DEBUG - Iter 61300: T=6.53, Fitness_actual=151.3, Mejor=151.3
2025-10-23 09:18:21,032 - WARNING - ⚠️  DEGRADACIÓN DETECTADA en iter 61400:
2025-10-23 09:18:21,032 - WARNING -    Mejor fitness: 151.3
2025-10-23 09:18:21,033 - WARNING -    Fitness promedio reciente: 125.4
2025-10-23 09:18:21,033 - WARNING -    Degradación: 25.9
2025-10-23 09:18:21,033 - WARNING -    🔄 RESTAURANDO mejor solución...
2025-10-23 09:18:21,039 - DEBUG - Iter 61400: T=6.51, Fitness_actual=151.3, Mejor=151.3
2025-10-23 09:18:34,157 - INFO -   Iter 61500 | Tiempo:   90.8min (37.8%) | T =     6.50 | Fitness =    106.8 | Mejor =    151.3 | Aceptación =  93.7%
2025-10-23 09:18:34,157 - INFO - Progreso iter 61500: T=6.50, Fitness=106.8, Mejor=151.3, Tasa_acept=93.7%
2025-10-23 09:18:34,158 - WARNING - ⚠️  DEGRADACIÓN DETECTADA en iter 61500:
2025-10-23 09:18:34,158 - WARNING -    Mejor fitness: 151.3
2025-10-23 09:18:34,158 - WARNING -    Fitness promedio reciente: 115.6
2025-10-23 09:18:34,159 - WARNING -    Degradación: 35.7
2025-10-23 09:18:34,159 - WARNING -    🔄 RESTAURANDO mejor solución...
2025-10-23 09:18:34,160 - DEBUG - Iter 61500: T=6.50, Fitness_actual=151.3, Mejor=151.3
2025-10-23 09:18:47,186 - DEBUG - Iter 61600: T=6.48, Fitness_actual=131.4, Mejor=151.3
2025-10-23 09:19:00,208 - WARNING - ⚠️  DEGRADACIÓN DETECTADA en iter 61700:
2025-10-23 09:19:00,208 - WARNING -    Mejor fitness: 151.3
2025-10-23 09:19:00,209 - WARNING -    Fitness promedio reciente: 125.8
2025-10-23 09:19:00,209 - WARNING -    Degradación: 25.5
2025-10-23 09:19:00,209 - WARNING -    🔄 RESTAURANDO mejor solución...
2025-10-23 09:19:00,213 - DEBUG - Iter 61700: T=6.46, Fitness_actual=151.3, Mejor=151.3
2025-10-23 09:19:13,287 - WARNING - ⚠️  DEGRADACIÓN DETECTADA en iter 61800:
2025-10-23 09:19:13,287 - WARNING -    Mejor fitness: 151.3
2025-10-23 09:19:13,288 - WARNING -    Fitness promedio reciente: 131.2
2025-10-23 09:19:13,288 - WARNING -    Degradación: 20.1
2025-10-23 09:19:13,289 - WARNING -    🔄 RESTAURANDO mejor solución...
2025-10-23 09:19:13,290 - DEBUG - Iter 61800: T=6.44, Fitness_actual=151.3, Mejor=151.3
2025-10-23 09:19:26,340 - DEBUG - Iter 61900: T=6.43, Fitness_actual=135.3, Mejor=151.3
2025-10-23 09:19:32,894 - WARNING - ⚠️  DEGRADACIÓN DETECTADA en iter 61950:
2025-10-23 09:19:32,894 - WARNING -    Mejor fitness: 151.3
2025-10-23 09:19:32,895 - WARNING -    Fitness promedio reciente: 129.5
2025-10-23 09:19:32,895 - WARNING -    Degradación: 21.8
2025-10-23 09:19:32,895 - WARNING -    🔄 RESTAURANDO mejor solución...
2025-10-23 09:19:32,897 - INFO - 🌟 MEJORA #309 en iter 61950: Fitness=151.7 (+0.4), Puntos=16801
2025-10-23 09:19:33,420 - INFO - 🌟 MEJORA #310 en iter 61954: Fitness=151.7 (+0.0), Puntos=16801
2025-10-23 09:19:33,420 - INFO -   ✨ Mejora #310 en iteración 61955: Fitness = 151.7 | Puntos = 16801 | T = 6.42
2025-10-23 09:19:39,422 - INFO -   Iter 62000 | Tiempo:   91.9min (38.3%) | T =     6.41 | Fitness =    142.7 | Mejor =    151.7 | Aceptación =  93.7%
2025-10-23 09:19:39,422 - INFO - Progreso iter 62000: T=6.41, Fitness=142.7, Mejor=151.7, Tasa_acept=93.7%
2025-10-23 09:19:39,425 - DEBUG - Iter 62000: T=6.41, Fitness_actual=142.7, Mejor=151.7
2025-10-23 09:19:52,421 - WARNING - ⚠️  DEGRADACIÓN DETECTADA en iter 62100:
2025-10-23 09:19:52,421 - WARNING -    Mejor fitness: 151.7
2025-10-23 09:19:52,422 - WARNING -    Fitness promedio reciente: 127.9
2025-10-23 09:19:52,422 - WARNING -    Degradación: 23.9
2025-10-23 09:19:52,423 - WARNING -    🔄 RESTAURANDO mejor solución...
2025-10-23 09:19:52,424 - DEBUG - Iter 62100: T=6.39, Fitness_actual=151.7, Mejor=151.7
2025-10-23 09:19:52,424 - INFO - 🌟 MEJORA #311 en iter 62100: Fitness=151.7 (+0.0), Puntos=16801
2025-10-23 09:19:52,684 - INFO - 🌟 MEJORA #312 en iter 62102: Fitness=151.7 (+0.0), Puntos=16801
2025-10-23 09:19:53,201 - INFO - 🌟 MEJORA #313 en iter 62106: Fitness=151.7 (+0.0), Puntos=16802
2025-10-23 09:20:05,420 - DEBUG - Iter 62200: T=6.38, Fitness_actual=136.3, Mejor=151.7
2025-10-23 09:20:11,891 - WARNING - ⚠️  DEGRADACIÓN DETECTADA en iter 62250:
2025-10-23 09:20:11,892 - WARNING -    Mejor fitness: 151.7
2025-10-23 09:20:11,892 - WARNING -    Fitness promedio reciente: 130.4
2025-10-23 09:20:11,893 - WARNING -    Degradación: 21.4
2025-10-23 09:20:11,893 - WARNING -    🔄 RESTAURANDO mejor solución...
2025-10-23 09:20:13,200 - INFO - Iter 62260: Aceptada solución con delta=-10.5 (T=6.37)
2025-10-23 09:20:13,201 - INFO -   📊 Desglose del cambio:
2025-10-23 09:20:13,201 - INFO -      Puntos: -1 → 16794 total
2025-10-23 09:20:13,202 - INFO -      Tiempo: +168.8min → 13169.3min total
2025-10-23 09:20:13,202 - INFO -      Distancia: +0.3km → 94.1km total
2025-10-23 09:20:18,406 - DEBUG - Iter 62300: T=6.36, Fitness_actual=130.3, Mejor=151.7
2025-10-23 09:20:24,871 - WARNING - ⚠️  DEGRADACIÓN DETECTADA en iter 62350:
2025-10-23 09:20:24,872 - WARNING -    Mejor fitness: 151.7
2025-10-23 09:20:24,873 - WARNING -    Fitness promedio reciente: 129.3
2025-10-23 09:20:24,873 - WARNING -    Degradación: 22.4
2025-10-23 09:20:24,873 - WARNING -    🔄 RESTAURANDO mejor solución...
2025-10-23 09:20:24,875 - INFO - 🌟 MEJORA #314 en iter 62350: Fitness=151.8 (+0.0), Puntos=16806
2025-10-23 09:20:31,393 - DEBUG - Iter 62400: T=6.34, Fitness_actual=145.2, Mejor=151.8
2025-10-23 09:20:44,319 - INFO -   Iter 62500 | Tiempo:   93.0min (38.7%) | T =     6.33 | Fitness =    116.5 | Mejor =    151.8 | Aceptación =  93.6%
2025-10-23 09:20:44,319 - INFO - Progreso iter 62500: T=6.33, Fitness=116.5, Mejor=151.8, Tasa_acept=93.6%
2025-10-23 09:20:44,319 - WARNING - ⚠️  DEGRADACIÓN DETECTADA en iter 62500:
2025-10-23 09:20:44,320 - WARNING -    Mejor fitness: 151.8
2025-10-23 09:20:44,320 - WARNING -    Fitness promedio reciente: 120.2
2025-10-23 09:20:44,320 - WARNING -    Degradación: 31.6
2025-10-23 09:20:44,321 - WARNING -    🔄 RESTAURANDO mejor solución...
2025-10-23 09:20:44,325 - DEBUG - Iter 62500: T=6.33, Fitness_actual=151.8, Mejor=151.8
2025-10-23 09:20:44,712 - INFO - 🌟 MEJORA #315 en iter 62503: Fitness=151.9 (+0.1), Puntos=16813
2025-10-23 09:20:44,712 - INFO -   ✨ Mejora #315 en iteración 62504: Fitness = 151.9 | Puntos = 16813 | T = 6.32
2025-10-23 09:20:57,397 - DEBUG - Iter 62600: T=6.31, Fitness_actual=120.6, Mejor=151.9
2025-10-23 09:21:03,968 - WARNING - ⚠️  DEGRADACIÓN DETECTADA en iter 62650:
2025-10-23 09:21:03,968 - WARNING -    Mejor fitness: 151.9
2025-10-23 09:21:03,969 - WARNING -    Fitness promedio reciente: 120.5
2025-10-23 09:21:03,969 - WARNING -    Degradación: 31.4
2025-10-23 09:21:03,969 - WARNING -    🔄 RESTAURANDO mejor solución...
2025-10-23 09:21:04,369 - INFO - Iter 62653: Aceptada solución con delta=-10.5 (T=6.30)
2025-10-23 09:21:04,369 - INFO -   📊 Desglose del cambio:
2025-10-23 09:21:04,370 - INFO -      Puntos: -164 → 16638 total
2025-10-23 09:21:04,370 - INFO -      Tiempo: +31.8min → 13095.4min total
2025-10-23 09:21:04,370 - INFO -      Distancia: +9.7km → 100.0km total
2025-10-23 09:21:10,552 - WARNING - ⚠️  DEGRADACIÓN DETECTADA en iter 62700:
2025-10-23 09:21:10,553 - WARNING -    Mejor fitness: 151.9
2025-10-23 09:21:10,553 - WARNING -    Fitness promedio reciente: 127.8
2025-10-23 09:21:10,554 - WARNING -    Degradación: 24.1
2025-10-23 09:21:10,554 - WARNING -    🔄 RESTAURANDO mejor solución...
2025-10-23 09:21:10,555 - DEBUG - Iter 62700: T=6.29, Fitness_actual=151.9, Mejor=151.9
2025-10-23 09:21:11,995 - INFO - Iter 62711: Aceptada solución con delta=-10.2 (T=6.29)
2025-10-23 09:21:11,996 - INFO -   📊 Desglose del cambio:
2025-10-23 09:21:11,996 - INFO -      Puntos: -551 → 16218 total
2025-10-23 09:21:11,997 - INFO -      Tiempo: +330.2min → 13300.0min total
2025-10-23 09:21:11,997 - INFO -      Distancia: +47.5km → 138.3km total
2025-10-23 09:21:23,697 - WARNING - ⚠️  DEGRADACIÓN DETECTADA en iter 62800:
2025-10-23 09:21:23,697 - WARNING -    Mejor fitness: 151.9
2025-10-23 09:21:23,698 - WARNING -    Fitness promedio reciente: 116.8
2025-10-23 09:21:23,698 - WARNING -    Degradación: 35.1
2025-10-23 09:21:23,698 - WARNING -    🔄 RESTAURANDO mejor solución...
2025-10-23 09:21:23,700 - DEBUG - Iter 62800: T=6.27, Fitness_actual=151.9, Mejor=151.9
2025-10-23 09:21:23,700 - INFO - 🌟 MEJORA #316 en iter 62800: Fitness=151.9 (+0.0), Puntos=16813
2025-10-23 09:21:36,837 - DEBUG - Iter 62900: T=6.26, Fitness_actual=124.3, Mejor=151.9
2025-10-23 09:21:43,407 - WARNING - ⚠️  DEGRADACIÓN DETECTADA en iter 62950:
2025-10-23 09:21:43,407 - WARNING -    Mejor fitness: 151.9
2025-10-23 09:21:43,408 - WARNING -    Fitness promedio reciente: 121.0
2025-10-23 09:21:43,408 - WARNING -    Degradación: 30.9
2025-10-23 09:21:43,409 - WARNING -    🔄 RESTAURANDO mejor solución...
2025-10-23 09:21:49,956 - INFO -   Iter 63000 | Tiempo:   94.1min (39.2%) | T =     6.24 | Fitness =    134.1 | Mejor =    151.9 | Aceptación =  93.6%
2025-10-23 09:21:49,956 - INFO - Progreso iter 63000: T=6.24, Fitness=134.1, Mejor=151.9, Tasa_acept=93.6%
2025-10-23 09:21:49,959 - DEBUG - Iter 63000: T=6.24, Fitness_actual=134.1, Mejor=151.9
2025-10-23 09:21:56,512 - WARNING - ⚠️  DEGRADACIÓN DETECTADA en iter 63050:
2025-10-23 09:21:56,512 - WARNING -    Mejor fitness: 151.9
2025-10-23 09:21:56,512 - WARNING -    Fitness promedio reciente: 128.4
2025-10-23 09:21:56,513 - WARNING -    Degradación: 23.5
2025-10-23 09:21:56,513 - WARNING -    🔄 RESTAURANDO mejor solución...
2025-10-23 09:22:03,136 - DEBUG - Iter 63100: T=6.22, Fitness_actual=138.5, Mejor=151.9
2025-10-23 09:22:16,192 - WARNING - ⚠️  DEGRADACIÓN DETECTADA en iter 63200:
2025-10-23 09:22:16,193 - WARNING -    Mejor fitness: 151.9
2025-10-23 09:22:16,193 - WARNING -    Fitness promedio reciente: 126.9
2025-10-23 09:22:16,194 - WARNING -    Degradación: 25.0
2025-10-23 09:22:16,194 - WARNING -    🔄 RESTAURANDO mejor solución...
2025-10-23 09:22:16,195 - DEBUG - Iter 63200: T=6.21, Fitness_actual=151.9, Mejor=151.9
2025-10-23 09:22:29,318 - DEBUG - Iter 63300: T=6.19, Fitness_actual=119.6, Mejor=151.9
2025-10-23 09:22:35,908 - WARNING - ⚠️  DEGRADACIÓN DETECTADA en iter 63350:
2025-10-23 09:22:35,908 - WARNING -    Mejor fitness: 151.9
2025-10-23 09:22:35,909 - WARNING -    Fitness promedio reciente: 118.6
2025-10-23 09:22:35,909 - WARNING -    Degradación: 33.3
2025-10-23 09:22:35,910 - WARNING -    🔄 RESTAURANDO mejor solución...
2025-10-23 09:22:42,495 - DEBUG - Iter 63400: T=6.17, Fitness_actual=136.4, Mejor=151.9
2025-10-23 09:22:49,073 - WARNING - ⚠️  DEGRADACIÓN DETECTADA en iter 63450:
2025-10-23 09:22:49,074 - WARNING -    Mejor fitness: 151.9
2025-10-23 09:22:49,074 - WARNING -    Fitness promedio reciente: 130.9
2025-10-23 09:22:49,075 - WARNING -    Degradación: 20.9
2025-10-23 09:22:49,075 - WARNING -    🔄 RESTAURANDO mejor solución...
2025-10-23 09:22:55,690 - INFO -   Iter 63500 | Tiempo:   95.2min (39.6%) | T =     6.16 | Fitness =    129.5 | Mejor =    151.9 | Aceptación =  93.6%
2025-10-23 09:22:55,690 - INFO - Progreso iter 63500: T=6.16, Fitness=129.5, Mejor=151.9, Tasa_acept=93.6%
2025-10-23 09:22:55,692 - DEBUG - Iter 63500: T=6.16, Fitness_actual=129.5, Mejor=151.9
2025-10-23 09:23:02,256 - WARNING - ⚠️  DEGRADACIÓN DETECTADA en iter 63550:
2025-10-23 09:23:02,256 - WARNING -    Mejor fitness: 151.9
2025-10-23 09:23:02,256 - WARNING -    Fitness promedio reciente: 123.3
2025-10-23 09:23:02,257 - WARNING -    Degradación: 28.6
2025-10-23 09:23:02,257 - WARNING -    🔄 RESTAURANDO mejor solución...
2025-10-23 09:23:08,828 - DEBUG - Iter 63600: T=6.14, Fitness_actual=137.8, Mejor=151.9
2025-10-23 09:23:15,402 - WARNING - ⚠️  DEGRADACIÓN DETECTADA en iter 63650:
2025-10-23 09:23:15,403 - WARNING -    Mejor fitness: 151.9
2025-10-23 09:23:15,403 - WARNING -    Fitness promedio reciente: 127.4
2025-10-23 09:23:15,404 - WARNING -    Degradación: 24.4
2025-10-23 09:23:15,404 - WARNING -    🔄 RESTAURANDO mejor solución...
2025-10-23 09:23:22,004 - DEBUG - Iter 63700: T=6.12, Fitness_actual=125.6, Mejor=151.9
2025-10-23 09:23:28,586 - WARNING - ⚠️  DEGRADACIÓN DETECTADA en iter 63750:
2025-10-23 09:23:28,586 - WARNING -    Mejor fitness: 151.9
2025-10-23 09:23:28,588 - WARNING -    Fitness promedio reciente: 122.7
2025-10-23 09:23:28,588 - WARNING -    Degradación: 29.1
2025-10-23 09:23:28,588 - WARNING -    🔄 RESTAURANDO mejor solución...
2025-10-23 09:23:28,721 - INFO - 🌟 MEJORA #317 en iter 63751: Fitness=151.9 (+0.0), Puntos=16813
2025-10-23 09:23:35,194 - DEBUG - Iter 63800: T=6.11, Fitness_actual=134.9, Mejor=151.9
2025-10-23 09:23:48,346 - WARNING - ⚠️  DEGRADACIÓN DETECTADA en iter 63900:
2025-10-23 09:23:48,347 - WARNING -    Mejor fitness: 151.9
2025-10-23 09:23:48,348 - WARNING -    Fitness promedio reciente: 116.5
2025-10-23 09:23:48,348 - WARNING -    Degradación: 35.4
2025-10-23 09:23:48,348 - WARNING -    🔄 RESTAURANDO mejor solución...
2025-10-23 09:23:48,352 - DEBUG - Iter 63900: T=6.09, Fitness_actual=151.9, Mejor=151.9
2025-10-23 09:24:01,601 - INFO -   Iter 64000 | Tiempo:   96.3min (40.1%) | T =     6.07 | Fitness =    132.7 | Mejor =    151.9 | Aceptación =  93.6%
2025-10-23 09:24:01,602 - INFO - Progreso iter 64000: T=6.07, Fitness=132.7, Mejor=151.9, Tasa_acept=93.6%
2025-10-23 09:24:01,603 - DEBUG - Iter 64000: T=6.07, Fitness_actual=132.7, Mejor=151.9
2025-10-23 09:24:08,229 - WARNING - ⚠️  DEGRADACIÓN DETECTADA en iter 64050:
2025-10-23 09:24:08,229 - WARNING -    Mejor fitness: 151.9
2025-10-23 09:24:08,230 - WARNING -    Fitness promedio reciente: 127.7
2025-10-23 09:24:08,230 - WARNING -    Degradación: 24.1
2025-10-23 09:24:08,230 - WARNING -    🔄 RESTAURANDO mejor solución...
2025-10-23 09:24:14,898 - DEBUG - Iter 64100: T=6.06, Fitness_actual=136.9, Mejor=151.9
2025-10-23 09:24:28,206 - WARNING - ⚠️  DEGRADACIÓN DETECTADA en iter 64200:
2025-10-23 09:24:28,206 - WARNING -    Mejor fitness: 151.9
2025-10-23 09:24:28,207 - WARNING -    Fitness promedio reciente: 124.7
2025-10-23 09:24:28,207 - WARNING -    Degradación: 27.2
2025-10-23 09:24:28,207 - WARNING -    🔄 RESTAURANDO mejor solución...
2025-10-23 09:24:28,208 - DEBUG - Iter 64200: T=6.04, Fitness_actual=151.9, Mejor=151.9
2025-10-23 09:24:41,532 - WARNING - ⚠️  DEGRADACIÓN DETECTADA en iter 64300:
2025-10-23 09:24:41,532 - WARNING -    Mejor fitness: 151.9
2025-10-23 09:24:41,533 - WARNING -    Fitness promedio reciente: 128.3
2025-10-23 09:24:41,533 - WARNING -    Degradación: 23.5
2025-10-23 09:24:41,533 - WARNING -    🔄 RESTAURANDO mejor solución...
2025-10-23 09:24:41,535 - DEBUG - Iter 64300: T=6.03, Fitness_actual=151.9, Mejor=151.9
2025-10-23 09:24:52,201 - INFO - Iter 64380: Aceptada solución con delta=-11.0 (T=6.01)
2025-10-23 09:24:52,201 - INFO -   📊 Desglose del cambio:
2025-10-23 09:24:52,202 - INFO -      Puntos: +0 → 16257 total
2025-10-23 09:24:52,202 - INFO -      Tiempo: +220.9min → 12730.9min total
2025-10-23 09:24:52,203 - INFO -      Distancia: -1.6km → 85.5km total
2025-10-23 09:24:54,873 - WARNING - ⚠️  DEGRADACIÓN DETECTADA en iter 64400:
2025-10-23 09:24:54,873 - WARNING -    Mejor fitness: 151.9
2025-10-23 09:24:54,874 - WARNING -    Fitness promedio reciente: 128.7
2025-10-23 09:24:54,874 - WARNING -    Degradación: 23.1
2025-10-23 09:24:54,875 - WARNING -    🔄 RESTAURANDO mejor solución...
2025-10-23 09:24:54,879 - DEBUG - Iter 64400: T=6.01, Fitness_actual=151.9, Mejor=151.9
2025-10-23 09:25:01,538 - WARNING - ⚠️  DEGRADACIÓN DETECTADA en iter 64450:
2025-10-23 09:25:01,539 - WARNING -    Mejor fitness: 151.9
2025-10-23 09:25:01,539 - WARNING -    Fitness promedio reciente: 129.2
2025-10-23 09:25:01,540 - WARNING -    Degradación: 22.6
2025-10-23 09:25:01,540 - WARNING -    🔄 RESTAURANDO mejor solución...
2025-10-23 09:25:08,225 - INFO -   Iter 64500 | Tiempo:   97.4min (40.6%) | T =     5.99 | Fitness =    127.7 | Mejor =    151.9 | Aceptación =  93.6%
2025-10-23 09:25:08,225 - INFO - Progreso iter 64500: T=5.99, Fitness=127.7, Mejor=151.9, Tasa_acept=93.6%
2025-10-23 09:25:08,228 - DEBUG - Iter 64500: T=5.99, Fitness_actual=127.7, Mejor=151.9
2025-10-23 09:25:14,920 - WARNING - ⚠️  DEGRADACIÓN DETECTADA en iter 64550:
2025-10-23 09:25:14,921 - WARNING -    Mejor fitness: 151.9
2025-10-23 09:25:14,921 - WARNING -    Fitness promedio reciente: 123.5
2025-10-23 09:25:14,922 - WARNING -    Degradación: 28.4
2025-10-23 09:25:14,922 - WARNING -    🔄 RESTAURANDO mejor solución...
2025-10-23 09:25:21,620 - DEBUG - Iter 64600: T=5.98, Fitness_actual=125.5, Mejor=151.9
2025-10-23 09:25:28,284 - WARNING - ⚠️  DEGRADACIÓN DETECTADA en iter 64650:
2025-10-23 09:25:28,284 - WARNING -    Mejor fitness: 151.9
2025-10-23 09:25:28,285 - WARNING -    Fitness promedio reciente: 126.6
2025-10-23 09:25:28,285 - WARNING -    Degradación: 25.2
2025-10-23 09:25:28,286 - WARNING -    🔄 RESTAURANDO mejor solución...
2025-10-23 09:25:34,984 - DEBUG - Iter 64700: T=5.96, Fitness_actual=135.6, Mejor=151.9
2025-10-23 09:25:41,678 - WARNING - ⚠️  DEGRADACIÓN DETECTADA en iter 64750:
2025-10-23 09:25:41,679 - WARNING -    Mejor fitness: 151.9
2025-10-23 09:25:41,679 - WARNING -    Fitness promedio reciente: 125.8
2025-10-23 09:25:41,679 - WARNING -    Degradación: 26.1
2025-10-23 09:25:41,680 - WARNING -    🔄 RESTAURANDO mejor solución...
2025-10-23 09:25:41,681 - INFO - 🌟 MEJORA #318 en iter 64750: Fitness=151.9 (+0.0), Puntos=16813
2025-10-23 09:25:48,377 - DEBUG - Iter 64800: T=5.94, Fitness_actual=138.7, Mejor=151.9
2025-10-23 09:26:01,732 - WARNING - ⚠️  DEGRADACIÓN DETECTADA en iter 64900:
2025-10-23 09:26:01,733 - WARNING -    Mejor fitness: 151.9
2025-10-23 09:26:01,733 - WARNING -    Fitness promedio reciente: 130.9
2025-10-23 09:26:01,734 - WARNING -    Degradación: 21.0
2025-10-23 09:26:01,734 - WARNING -    🔄 RESTAURANDO mejor solución...
2025-10-23 09:26:01,735 - DEBUG - Iter 64900: T=5.93, Fitness_actual=151.9, Mejor=151.9
2025-10-23 09:26:01,735 - INFO - 🌟 MEJORA #319 en iter 64900: Fitness=151.9 (+0.0), Puntos=16813
2025-10-23 09:26:15,168 - INFO -   Iter 65000 | Tiempo:   98.5min (41.0%) | T =     5.91 | Fitness =    129.2 | Mejor =    151.9 | Aceptación =  93.5%
2025-10-23 09:26:15,169 - INFO - Progreso iter 65000: T=5.91, Fitness=129.2, Mejor=151.9, Tasa_acept=93.5%
2025-10-23 09:26:15,172 - DEBUG - Iter 65000: T=5.91, Fitness_actual=129.2, Mejor=151.9
2025-10-23 09:26:21,900 - WARNING - ⚠️  DEGRADACIÓN DETECTADA en iter 65050:
2025-10-23 09:26:21,900 - WARNING -    Mejor fitness: 151.9
2025-10-23 09:26:21,900 - WARNING -    Fitness promedio reciente: 115.8
2025-10-23 09:26:21,901 - WARNING -    Degradación: 36.1
2025-10-23 09:26:21,901 - WARNING -    🔄 RESTAURANDO mejor solución...
2025-10-23 09:26:22,976 - INFO - Iter 65058: Aceptada solución con delta=-13.4 (T=5.90)
2025-10-23 09:26:22,976 - INFO -   📊 Desglose del cambio:
2025-10-23 09:26:22,977 - INFO -      Puntos: -857 → 15889 total
2025-10-23 09:26:22,977 - INFO -      Tiempo: -627.9min → 12331.5min total
2025-10-23 09:26:22,978 - INFO -      Distancia: -3.2km → 87.6km total
2025-10-23 09:26:28,646 - WARNING - ⚠️  DEGRADACIÓN DETECTADA en iter 65100:
2025-10-23 09:26:28,646 - WARNING -    Mejor fitness: 151.9
2025-10-23 09:26:28,647 - WARNING -    Fitness promedio reciente: 127.0
2025-10-23 09:26:28,647 - WARNING -    Degradación: 24.9
2025-10-23 09:26:28,647 - WARNING -    🔄 RESTAURANDO mejor solución...
2025-10-23 09:26:28,649 - DEBUG - Iter 65100: T=5.89, Fitness_actual=151.9, Mejor=151.9
2025-10-23 09:26:42,115 - WARNING - ⚠️  DEGRADACIÓN DETECTADA en iter 65200:
2025-10-23 09:26:42,115 - WARNING -    Mejor fitness: 151.9
2025-10-23 09:26:42,116 - WARNING -    Fitness promedio reciente: 129.6
2025-10-23 09:26:42,116 - WARNING -    Degradación: 22.3
2025-10-23 09:26:42,116 - WARNING -    🔄 RESTAURANDO mejor solución...
2025-10-23 09:26:42,117 - DEBUG - Iter 65200: T=5.88, Fitness_actual=151.9, Mejor=151.9
2025-10-23 09:26:42,252 - INFO - 🌟 MEJORA #320 en iter 65201: Fitness=151.9 (+0.0), Puntos=16816
2025-10-23 09:26:42,252 - INFO -   ✨ Mejora #320 en iteración 65202: Fitness = 151.9 | Puntos = 16816 | T = 5.88
2025-10-23 09:26:44,972 - INFO - Iter 65221: Aceptada solución con delta=-10.0 (T=5.87)
2025-10-23 09:26:44,972 - INFO -   📊 Desglose del cambio:
2025-10-23 09:26:44,973 - INFO -      Puntos: +0 → 16741 total
2025-10-23 09:26:44,973 - INFO -      Tiempo: +357.9min → 13215.2min total
2025-10-23 09:26:44,973 - INFO -      Distancia: +2.3km → 93.8km total
2025-10-23 09:26:55,663 - DEBUG - Iter 65300: T=5.86, Fitness_actual=125.4, Mejor=151.9
2025-10-23 09:27:02,399 - WARNING - ⚠️  DEGRADACIÓN DETECTADA en iter 65350:
2025-10-23 09:27:02,400 - WARNING -    Mejor fitness: 151.9
2025-10-23 09:27:02,400 - WARNING -    Fitness promedio reciente: 124.4
2025-10-23 09:27:02,401 - WARNING -    Degradación: 27.4
2025-10-23 09:27:02,401 - WARNING -    🔄 RESTAURANDO mejor solución...
2025-10-23 09:27:02,402 - INFO - 🌟 MEJORA #321 en iter 65350: Fitness=151.9 (+0.0), Puntos=16817
2025-10-23 09:27:02,537 - INFO - 🌟 MEJORA #322 en iter 65351: Fitness=151.9 (+0.0), Puntos=16817
2025-10-23 09:27:02,671 - INFO - 🌟 MEJORA #323 en iter 65352: Fitness=151.9 (+0.0), Puntos=16818
2025-10-23 09:27:03,348 - INFO - 🌟 MEJORA #324 en iter 65357: Fitness=151.9 (+0.0), Puntos=16818
2025-10-23 09:27:09,101 - DEBUG - Iter 65400: T=5.85, Fitness_actual=117.5, Mejor=151.9
2025-10-23 09:27:22,591 - INFO -   Iter 65500 | Tiempo:   99.6min (41.5%) | T =     5.83 | Fitness =    110.6 | Mejor =    151.9 | Aceptación =  93.5%
2025-10-23 09:27:22,591 - INFO - Progreso iter 65500: T=5.83, Fitness=110.6, Mejor=151.9, Tasa_acept=93.5%
2025-10-23 09:27:22,592 - WARNING - ⚠️  DEGRADACIÓN DETECTADA en iter 65500:
2025-10-23 09:27:22,592 - WARNING -    Mejor fitness: 151.9
2025-10-23 09:27:22,593 - WARNING -    Fitness promedio reciente: 110.9
2025-10-23 09:27:22,593 - WARNING -    Degradación: 41.0
2025-10-23 09:27:22,593 - WARNING -    🔄 RESTAURANDO mejor solución...
2025-10-23 09:27:22,595 - DEBUG - Iter 65500: T=5.83, Fitness_actual=151.9, Mejor=151.9
2025-10-23 09:27:36,049 - WARNING - ⚠️  DEGRADACIÓN DETECTADA en iter 65600:
2025-10-23 09:27:36,050 - WARNING -    Mejor fitness: 151.9
2025-10-23 09:27:36,050 - WARNING -    Fitness promedio reciente: 127.3
2025-10-23 09:27:36,050 - WARNING -    Degradación: 24.6
2025-10-23 09:27:36,051 - WARNING -    🔄 RESTAURANDO mejor solución...
2025-10-23 09:27:36,054 - DEBUG - Iter 65600: T=5.81, Fitness_actual=151.9, Mejor=151.9
2025-10-23 09:27:49,488 - DEBUG - Iter 65700: T=5.80, Fitness_actual=127.0, Mejor=151.9
2025-10-23 09:27:56,170 - WARNING - ⚠️  DEGRADACIÓN DETECTADA en iter 65750:
2025-10-23 09:27:56,170 - WARNING -    Mejor fitness: 151.9
2025-10-23 09:27:56,170 - WARNING -    Fitness promedio reciente: 122.9
2025-10-23 09:27:56,171 - WARNING -    Degradación: 29.0
2025-10-23 09:27:56,171 - WARNING -    🔄 RESTAURANDO mejor solución...
2025-10-23 09:28:02,923 - DEBUG - Iter 65800: T=5.78, Fitness_actual=131.2, Mejor=151.9
2025-10-23 09:28:09,667 - WARNING - ⚠️  DEGRADACIÓN DETECTADA en iter 65850:
2025-10-23 09:28:09,667 - WARNING -    Mejor fitness: 151.9
2025-10-23 09:28:09,668 - WARNING -    Fitness promedio reciente: 124.4
2025-10-23 09:28:09,668 - WARNING -    Degradación: 27.5
2025-10-23 09:28:09,668 - WARNING -    🔄 RESTAURANDO mejor solución...
2025-10-23 09:28:09,670 - INFO - 🌟 MEJORA #325 en iter 65850: Fitness=151.9 (+0.0), Puntos=16818
2025-10-23 09:28:09,670 - INFO -   ✨ Mejora #325 en iteración 65851: Fitness = 151.9 | Puntos = 16818 | T = 5.77
2025-10-23 09:28:16,403 - DEBUG - Iter 65900: T=5.77, Fitness_actual=137.3, Mejor=151.9
2025-10-23 09:28:29,848 - INFO -   Iter 66000 | Tiempo:  100.7min (42.0%) | T =     5.75 | Fitness =    107.8 | Mejor =    151.9 | Aceptación =  93.5%
2025-10-23 09:28:29,848 - INFO - Progreso iter 66000: T=5.75, Fitness=107.8, Mejor=151.9, Tasa_acept=93.5%
2025-10-23 09:28:29,849 - WARNING - ⚠️  DEGRADACIÓN DETECTADA en iter 66000:
2025-10-23 09:28:29,849 - WARNING -    Mejor fitness: 151.9
2025-10-23 09:28:29,849 - WARNING -    Fitness promedio reciente: 111.9
2025-10-23 09:28:29,850 - WARNING -    Degradación: 40.1
2025-10-23 09:28:29,850 - WARNING -    🔄 RESTAURANDO mejor solución...
2025-10-23 09:28:29,853 - DEBUG - Iter 66000: T=5.75, Fitness_actual=151.9, Mejor=151.9
2025-10-23 09:28:43,374 - WARNING - ⚠️  DEGRADACIÓN DETECTADA en iter 66100:
2025-10-23 09:28:43,375 - WARNING -    Mejor fitness: 151.9
2025-10-23 09:28:43,375 - WARNING -    Fitness promedio reciente: 118.3
2025-10-23 09:28:43,376 - WARNING -    Degradación: 33.6
2025-10-23 09:28:43,376 - WARNING -    🔄 RESTAURANDO mejor solución...
2025-10-23 09:28:43,377 - DEBUG - Iter 66100: T=5.73, Fitness_actual=151.9, Mejor=151.9
2025-10-23 09:28:43,378 - INFO - 🌟 MEJORA #326 en iter 66100: Fitness=151.9 (+0.0), Puntos=16819
2025-10-23 09:28:56,891 - DEBUG - Iter 66200: T=5.72, Fitness_actual=124.5, Mejor=151.9
2025-10-23 09:29:03,618 - WARNING - ⚠️  DEGRADACIÓN DETECTADA en iter 66250:
2025-10-23 09:29:03,618 - WARNING -    Mejor fitness: 151.9
2025-10-23 09:29:03,619 - WARNING -    Fitness promedio reciente: 124.2
2025-10-23 09:29:03,619 - WARNING -    Degradación: 27.8
2025-10-23 09:29:03,619 - WARNING -    🔄 RESTAURANDO mejor solución...
2025-10-23 09:29:10,389 - DEBUG - Iter 66300: T=5.70, Fitness_actual=137.8, Mejor=151.9
2025-10-23 09:29:23,986 - DEBUG - Iter 66400: T=5.69, Fitness_actual=131.7, Mejor=151.9
2025-10-23 09:29:37,559 - INFO -   Iter 66500 | Tiempo:  101.9min (42.4%) | T =     5.67 | Fitness =    128.0 | Mejor =    151.9 | Aceptación =  93.5%
2025-10-23 09:29:37,559 - INFO - Progreso iter 66500: T=5.67, Fitness=128.0, Mejor=151.9, Tasa_acept=93.5%
2025-10-23 09:29:37,560 - WARNING - ⚠️  DEGRADACIÓN DETECTADA en iter 66500:
2025-10-23 09:29:37,561 - WARNING -    Mejor fitness: 151.9
2025-10-23 09:29:37,561 - WARNING -    Fitness promedio reciente: 130.2
2025-10-23 09:29:37,561 - WARNING -    Degradación: 21.7
2025-10-23 09:29:37,561 - WARNING -    🔄 RESTAURANDO mejor solución...
2025-10-23 09:29:37,564 - DEBUG - Iter 66500: T=5.67, Fitness_actual=151.9, Mejor=151.9
2025-10-23 09:29:51,113 - DEBUG - Iter 66600: T=5.66, Fitness_actual=129.9, Mejor=151.9
2025-10-23 09:29:57,922 - WARNING - ⚠️  DEGRADACIÓN DETECTADA en iter 66650:
2025-10-23 09:29:57,922 - WARNING -    Mejor fitness: 151.9
2025-10-23 09:29:57,922 - WARNING -    Fitness promedio reciente: 122.1
2025-10-23 09:29:57,923 - WARNING -    Degradación: 29.8
2025-10-23 09:29:57,923 - WARNING -    🔄 RESTAURANDO mejor solución...
2025-10-23 09:30:04,781 - DEBUG - Iter 66700: T=5.64, Fitness_actual=139.7, Mejor=151.9
2025-10-23 09:30:11,693 - WARNING - ⚠️  DEGRADACIÓN DETECTADA en iter 66750:
2025-10-23 09:30:11,693 - WARNING -    Mejor fitness: 151.9
2025-10-23 09:30:11,694 - WARNING -    Fitness promedio reciente: 128.9
2025-10-23 09:30:11,694 - WARNING -    Degradación: 23.0
2025-10-23 09:30:11,694 - WARNING -    🔄 RESTAURANDO mejor solución...
2025-10-23 09:30:18,548 - DEBUG - Iter 66800: T=5.62, Fitness_actual=139.6, Mejor=151.9
2025-10-23 09:30:25,375 - WARNING - ⚠️  DEGRADACIÓN DETECTADA en iter 66850:
2025-10-23 09:30:25,375 - WARNING -    Mejor fitness: 151.9
2025-10-23 09:30:25,376 - WARNING -    Fitness promedio reciente: 125.9
2025-10-23 09:30:25,376 - WARNING -    Degradación: 26.0
2025-10-23 09:30:25,377 - WARNING -    🔄 RESTAURANDO mejor solución...
2025-10-23 09:30:32,230 - DEBUG - Iter 66900: T=5.61, Fitness_actual=114.0, Mejor=151.9
2025-10-23 09:30:39,076 - WARNING - ⚠️  DEGRADACIÓN DETECTADA en iter 66950:
2025-10-23 09:30:39,077 - WARNING -    Mejor fitness: 151.9
2025-10-23 09:30:39,077 - WARNING -    Fitness promedio reciente: 114.4
2025-10-23 09:30:39,078 - WARNING -    Degradación: 37.5
2025-10-23 09:30:39,078 - WARNING -    🔄 RESTAURANDO mejor solución...
2025-10-23 09:30:45,966 - INFO -   Iter 67000 | Tiempo:  103.0min (42.9%) | T =     5.59 | Fitness =    138.5 | Mejor =    151.9 | Aceptación =  93.5%
2025-10-23 09:30:45,966 - INFO - Progreso iter 67000: T=5.59, Fitness=138.5, Mejor=151.9, Tasa_acept=93.5%
2025-10-23 09:30:45,969 - DEBUG - Iter 67000: T=5.59, Fitness_actual=138.5, Mejor=151.9
2025-10-23 09:30:52,572 - INFO - Iter 67048: Aceptada solución con delta=-12.0 (T=5.58)
2025-10-23 09:30:52,572 - INFO -   📊 Desglose del cambio:
2025-10-23 09:30:52,573 - INFO -      Puntos: +0 → 16078 total
2025-10-23 09:30:52,573 - INFO -      Tiempo: +0.0min → 12530.7min total
2025-10-23 09:30:52,573 - INFO -      Distancia: +0.0km → 98.4km total
2025-10-23 09:30:52,851 - WARNING - ⚠️  DEGRADACIÓN DETECTADA en iter 67050:
2025-10-23 09:30:52,851 - WARNING -    Mejor fitness: 151.9
2025-10-23 09:30:52,852 - WARNING -    Fitness promedio reciente: 130.4
2025-10-23 09:30:52,852 - WARNING -    Degradación: 21.5
2025-10-23 09:30:52,852 - WARNING -    🔄 RESTAURANDO mejor solución...
2025-10-23 09:30:53,132 - INFO - 🌟 MEJORA #327 en iter 67052: Fitness=151.9 (+0.0), Puntos=16819
2025-10-23 09:30:59,726 - DEBUG - Iter 67100: T=5.58, Fitness_actual=143.1, Mejor=151.9
2025-10-23 09:31:13,560 - WARNING - ⚠️  DEGRADACIÓN DETECTADA en iter 67200:
2025-10-23 09:31:13,561 - WARNING -    Mejor fitness: 151.9
2025-10-23 09:31:13,561 - WARNING -    Fitness promedio reciente: 131.8
2025-10-23 09:31:13,562 - WARNING -    Degradación: 20.1
2025-10-23 09:31:13,562 - WARNING -    🔄 RESTAURANDO mejor solución...
2025-10-23 09:31:13,565 - DEBUG - Iter 67200: T=5.56, Fitness_actual=151.9, Mejor=151.9
2025-10-23 09:31:14,114 - INFO - 🌟 MEJORA #328 en iter 67204: Fitness=151.9 (+0.0), Puntos=16819
2025-10-23 09:31:27,369 - DEBUG - Iter 67300: T=5.54, Fitness_actual=133.0, Mejor=151.9
2025-10-23 09:31:34,276 - WARNING - ⚠️  DEGRADACIÓN DETECTADA en iter 67350:
2025-10-23 09:31:34,276 - WARNING -    Mejor fitness: 151.9
2025-10-23 09:31:34,277 - WARNING -    Fitness promedio reciente: 129.2
2025-10-23 09:31:34,277 - WARNING -    Degradación: 22.8
2025-10-23 09:31:34,277 - WARNING -    🔄 RESTAURANDO mejor solución...
2025-10-23 09:31:41,176 - DEBUG - Iter 67400: T=5.53, Fitness_actual=138.2, Mejor=151.9
2025-10-23 09:31:54,132 - INFO - Iter 67494: Aceptada solución con delta=-10.5 (T=5.51)
2025-10-23 09:31:54,132 - INFO -   📊 Desglose del cambio:
2025-10-23 09:31:54,133 - INFO -      Puntos: +0 → 16513 total
2025-10-23 09:31:54,133 - INFO -      Tiempo: -150.8min → 13365.2min total
2025-10-23 09:31:54,133 - INFO -      Distancia: -0.1km → 93.3km total
2025-10-23 09:31:54,963 - INFO -   Iter 67500 | Tiempo:  104.1min (43.4%) | T =     5.51 | Fitness =    117.5 | Mejor =    151.9 | Aceptación =  93.5%
2025-10-23 09:31:54,963 - INFO - Progreso iter 67500: T=5.51, Fitness=117.5, Mejor=151.9, Tasa_acept=93.5%
2025-10-23 09:31:54,964 - WARNING - ⚠️  DEGRADACIÓN DETECTADA en iter 67500:
2025-10-23 09:31:54,964 - WARNING -    Mejor fitness: 151.9
2025-10-23 09:31:54,964 - WARNING -    Fitness promedio reciente: 126.3
2025-10-23 09:31:54,965 - WARNING -    Degradación: 25.6
2025-10-23 09:31:54,965 - WARNING -    🔄 RESTAURANDO mejor solución...
2025-10-23 09:31:54,966 - DEBUG - Iter 67500: T=5.51, Fitness_actual=151.9, Mejor=151.9
2025-10-23 09:32:08,855 - WARNING - ⚠️  DEGRADACIÓN DETECTADA en iter 67600:
2025-10-23 09:32:08,855 - WARNING -    Mejor fitness: 151.9
2025-10-23 09:32:08,856 - WARNING -    Fitness promedio reciente: 130.1
2025-10-23 09:32:08,856 - WARNING -    Degradación: 21.8
2025-10-23 09:32:08,857 - WARNING -    🔄 RESTAURANDO mejor solución...
2025-10-23 09:32:08,858 - DEBUG - Iter 67600: T=5.50, Fitness_actual=151.9, Mejor=151.9
2025-10-23 09:32:22,644 - WARNING - ⚠️  DEGRADACIÓN DETECTADA en iter 67700:
2025-10-23 09:32:22,644 - WARNING -    Mejor fitness: 151.9
2025-10-23 09:32:22,645 - WARNING -    Fitness promedio reciente: 119.6
2025-10-23 09:32:22,645 - WARNING -    Degradación: 32.3
2025-10-23 09:32:22,645 - WARNING -    🔄 RESTAURANDO mejor solución...
2025-10-23 09:32:22,647 - DEBUG - Iter 67700: T=5.48, Fitness_actual=151.9, Mejor=151.9
2025-10-23 09:32:36,428 - DEBUG - Iter 67800: T=5.47, Fitness_actual=135.2, Mejor=151.9
2025-10-23 09:32:43,317 - WARNING - ⚠️  DEGRADACIÓN DETECTADA en iter 67850:
2025-10-23 09:32:43,317 - WARNING -    Mejor fitness: 151.9
2025-10-23 09:32:43,318 - WARNING -    Fitness promedio reciente: 122.0
2025-10-23 09:32:43,318 - WARNING -    Degradación: 29.9
2025-10-23 09:32:43,319 - WARNING -    🔄 RESTAURANDO mejor solución...
2025-10-23 09:32:43,457 - INFO - 🌟 MEJORA #329 en iter 67851: Fitness=152.1 (+0.2), Puntos=16838
2025-10-23 09:32:50,250 - DEBUG - Iter 67900: T=5.45, Fitness_actual=140.6, Mejor=152.1
2025-10-23 09:33:04,109 - INFO -   Iter 68000 | Tiempo:  105.3min (43.9%) | T =     5.44 | Fitness =    121.7 | Mejor =    152.1 | Aceptación =  93.4%
2025-10-23 09:33:04,109 - INFO - Progreso iter 68000: T=5.44, Fitness=121.7, Mejor=152.1, Tasa_acept=93.4%
2025-10-23 09:33:04,110 - WARNING - ⚠️  DEGRADACIÓN DETECTADA en iter 68000:
2025-10-23 09:33:04,110 - WARNING -    Mejor fitness: 152.1
2025-10-23 09:33:04,111 - WARNING -    Fitness promedio reciente: 125.4
2025-10-23 09:33:04,111 - WARNING -    Degradación: 26.7
2025-10-23 09:33:04,111 - WARNING -    🔄 RESTAURANDO mejor solución...
2025-10-23 09:33:04,112 - DEBUG - Iter 68000: T=5.44, Fitness_actual=152.1, Mejor=152.1
2025-10-23 09:33:17,916 - DEBUG - Iter 68100: T=5.42, Fitness_actual=137.3, Mejor=152.1
2025-10-23 09:33:24,854 - WARNING - ⚠️  DEGRADACIÓN DETECTADA en iter 68150:
2025-10-23 09:33:24,854 - WARNING -    Mejor fitness: 152.1
2025-10-23 09:33:24,855 - WARNING -    Fitness promedio reciente: 130.1
2025-10-23 09:33:24,855 - WARNING -    Degradación: 22.0
2025-10-23 09:33:24,856 - WARNING -    🔄 RESTAURANDO mejor solución...
2025-10-23 09:33:24,857 - INFO - 🌟 MEJORA #330 en iter 68150: Fitness=152.1 (+0.0), Puntos=16838
2025-10-23 09:33:24,857 - INFO -   ✨ Mejora #330 en iteración 68151: Fitness = 152.1 | Puntos = 16838 | T = 5.41
2025-10-23 09:33:31,768 - DEBUG - Iter 68200: T=5.41, Fitness_actual=145.0, Mejor=152.1
2025-10-23 09:33:45,690 - WARNING - ⚠️  DEGRADACIÓN DETECTADA en iter 68300:
2025-10-23 09:33:45,690 - WARNING -    Mejor fitness: 152.1
2025-10-23 09:33:45,691 - WARNING -    Fitness promedio reciente: 125.1
2025-10-23 09:33:45,691 - WARNING -    Degradación: 27.0
2025-10-23 09:33:45,691 - WARNING -    🔄 RESTAURANDO mejor solución...
2025-10-23 09:33:45,692 - DEBUG - Iter 68300: T=5.39, Fitness_actual=152.1, Mejor=152.1
2025-10-23 09:33:50,244 - INFO - Iter 68333: Aceptada solución con delta=-11.0 (T=5.39)
2025-10-23 09:33:50,244 - INFO -   📊 Desglose del cambio:
2025-10-23 09:33:50,245 - INFO -      Puntos: +0 → 16835 total
2025-10-23 09:33:50,245 - INFO -      Tiempo: -30.0min → 12832.9min total
2025-10-23 09:33:50,245 - INFO -      Distancia: +0.0km → 83.2km total
2025-10-23 09:33:59,555 - WARNING - ⚠️  DEGRADACIÓN DETECTADA en iter 68400:
2025-10-23 09:33:59,555 - WARNING -    Mejor fitness: 152.1
2025-10-23 09:33:59,556 - WARNING -    Fitness promedio reciente: 126.2
2025-10-23 09:33:59,556 - WARNING -    Degradación: 25.9
2025-10-23 09:33:59,556 - WARNING -    🔄 RESTAURANDO mejor solución...
2025-10-23 09:33:59,559 - DEBUG - Iter 68400: T=5.38, Fitness_actual=152.1, Mejor=152.1
2025-10-23 09:34:13,465 - INFO -   Iter 68500 | Tiempo:  106.5min (44.4%) | T =     5.36 | Fitness =    127.1 | Mejor =    152.1 | Aceptación =  93.4%
2025-10-23 09:34:13,465 - INFO - Progreso iter 68500: T=5.36, Fitness=127.1, Mejor=152.1, Tasa_acept=93.4%
2025-10-23 09:34:13,466 - WARNING - ⚠️  DEGRADACIÓN DETECTADA en iter 68500:
2025-10-23 09:34:13,466 - WARNING -    Mejor fitness: 152.1
2025-10-23 09:34:13,466 - WARNING -    Fitness promedio reciente: 126.5
2025-10-23 09:34:13,466 - WARNING -    Degradación: 25.7
2025-10-23 09:34:13,467 - WARNING -    🔄 RESTAURANDO mejor solución...
2025-10-23 09:34:13,470 - DEBUG - Iter 68500: T=5.36, Fitness_actual=152.1, Mejor=152.1
2025-10-23 09:34:27,381 - WARNING - ⚠️  DEGRADACIÓN DETECTADA en iter 68600:
2025-10-23 09:34:27,381 - WARNING -    Mejor fitness: 152.1
2025-10-23 09:34:27,382 - WARNING -    Fitness promedio reciente: 128.3
2025-10-23 09:34:27,382 - WARNING -    Degradación: 23.9
2025-10-23 09:34:27,382 - WARNING -    🔄 RESTAURANDO mejor solución...
2025-10-23 09:34:27,383 - DEBUG - Iter 68600: T=5.34, Fitness_actual=152.1, Mejor=152.1
2025-10-23 09:34:27,384 - INFO - 🌟 MEJORA #331 en iter 68600: Fitness=152.1 (+0.0), Puntos=16838
2025-10-23 09:34:27,660 - INFO - 🌟 MEJORA #332 en iter 68602: Fitness=152.1 (+0.0), Puntos=16838
2025-10-23 09:34:41,336 - DEBUG - Iter 68700: T=5.33, Fitness_actual=127.2, Mejor=152.1
2025-10-23 09:34:48,320 - WARNING - ⚠️  DEGRADACIÓN DETECTADA en iter 68750:
2025-10-23 09:34:48,320 - WARNING -    Mejor fitness: 152.1
2025-10-23 09:34:48,321 - WARNING -    Fitness promedio reciente: 123.7
2025-10-23 09:34:48,321 - WARNING -    Degradación: 28.5
2025-10-23 09:34:48,322 - WARNING -    🔄 RESTAURANDO mejor solución...
2025-10-23 09:34:55,255 - DEBUG - Iter 68800: T=5.31, Fitness_actual=139.5, Mejor=152.1
2025-10-23 09:35:09,151 - WARNING - ⚠️  DEGRADACIÓN DETECTADA en iter 68900:
2025-10-23 09:35:09,151 - WARNING -    Mejor fitness: 152.1
2025-10-23 09:35:09,152 - WARNING -    Fitness promedio reciente: 122.9
2025-10-23 09:35:09,152 - WARNING -    Degradación: 29.2
2025-10-23 09:35:09,153 - WARNING -    🔄 RESTAURANDO mejor solución...
2025-10-23 09:35:09,154 - DEBUG - Iter 68900: T=5.30, Fitness_actual=152.1, Mejor=152.1
2025-10-23 09:35:23,213 - INFO -   Iter 69000 | Tiempo:  107.6min (44.8%) | T =     5.28 | Fitness =    118.8 | Mejor =    152.1 | Aceptación =  93.4%
2025-10-23 09:35:23,213 - INFO - Progreso iter 69000: T=5.28, Fitness=118.8, Mejor=152.1, Tasa_acept=93.4%
2025-10-23 09:35:23,214 - WARNING - ⚠️  DEGRADACIÓN DETECTADA en iter 69000:
2025-10-23 09:35:23,215 - WARNING -    Mejor fitness: 152.1
2025-10-23 09:35:23,215 - WARNING -    Fitness promedio reciente: 127.4
2025-10-23 09:35:23,215 - WARNING -    Degradación: 24.7
2025-10-23 09:35:23,215 - WARNING -    🔄 RESTAURANDO mejor solución...
2025-10-23 09:35:23,219 - DEBUG - Iter 69000: T=5.28, Fitness_actual=152.1, Mejor=152.1
2025-10-23 09:35:23,360 - INFO - 🌟 MEJORA #333 en iter 69001: Fitness=152.1 (+0.0), Puntos=16838
2025-10-23 09:35:37,201 - DEBUG - Iter 69100: T=5.27, Fitness_actual=123.2, Mejor=152.1
2025-10-23 09:35:44,224 - WARNING - ⚠️  DEGRADACIÓN DETECTADA en iter 69150:
2025-10-23 09:35:44,225 - WARNING -    Mejor fitness: 152.1
2025-10-23 09:35:44,225 - WARNING -    Fitness promedio reciente: 112.5
2025-10-23 09:35:44,226 - WARNING -    Degradación: 39.7
2025-10-23 09:35:44,226 - WARNING -    🔄 RESTAURANDO mejor solución...
2025-10-23 09:35:51,176 - DEBUG - Iter 69200: T=5.25, Fitness_actual=124.1, Mejor=152.1
2025-10-23 09:35:58,016 - WARNING - ⚠️  DEGRADACIÓN DETECTADA en iter 69250:
2025-10-23 09:35:58,016 - WARNING -    Mejor fitness: 152.1
2025-10-23 09:35:58,016 - WARNING -    Fitness promedio reciente: 123.3
2025-10-23 09:35:58,017 - WARNING -    Degradación: 28.8
2025-10-23 09:35:58,017 - WARNING -    🔄 RESTAURANDO mejor solución...
2025-10-23 09:36:04,904 - DEBUG - Iter 69300: T=5.24, Fitness_actual=142.3, Mejor=152.1
2025-10-23 09:36:18,629 - DEBUG - Iter 69400: T=5.22, Fitness_actual=125.7, Mejor=152.1
2025-10-23 09:36:25,460 - WARNING - ⚠️  DEGRADACIÓN DETECTADA en iter 69450:
2025-10-23 09:36:25,460 - WARNING -    Mejor fitness: 152.1
2025-10-23 09:36:25,460 - WARNING -    Fitness promedio reciente: 113.1
2025-10-23 09:36:25,461 - WARNING -    Degradación: 39.0
2025-10-23 09:36:25,461 - WARNING -    🔄 RESTAURANDO mejor solución...
2025-10-23 09:36:32,276 - INFO -   Iter 69500 | Tiempo:  108.8min (45.3%) | T =     5.21 | Fitness =    134.6 | Mejor =    152.1 | Aceptación =  93.4%
2025-10-23 09:36:32,276 - INFO - Progreso iter 69500: T=5.21, Fitness=134.6, Mejor=152.1, Tasa_acept=93.4%
2025-10-23 09:36:32,277 - DEBUG - Iter 69500: T=5.21, Fitness_actual=134.6, Mejor=152.1
2025-10-23 09:36:37,900 - INFO - Iter 69541: Aceptada solución con delta=-10.5 (T=5.20)
2025-10-23 09:36:37,900 - INFO -   📊 Desglose del cambio:
2025-10-23 09:36:37,901 - INFO -      Puntos: -851 → 15680 total
2025-10-23 09:36:37,905 - INFO -      Tiempo: -718.1min → 12350.7min total
2025-10-23 09:36:37,905 - INFO -      Distancia: -2.3km → 108.0km total
2025-10-23 09:36:45,997 - WARNING - ⚠️  DEGRADACIÓN DETECTADA en iter 69600:
2025-10-23 09:36:45,997 - WARNING -    Mejor fitness: 152.1
2025-10-23 09:36:45,998 - WARNING -    Fitness promedio reciente: 123.0
2025-10-23 09:36:45,998 - WARNING -    Degradación: 29.1
2025-10-23 09:36:45,999 - WARNING -    🔄 RESTAURANDO mejor solución...
2025-10-23 09:36:46,002 - DEBUG - Iter 69600: T=5.20, Fitness_actual=152.1, Mejor=152.1
2025-10-23 09:36:59,731 - DEBUG - Iter 69700: T=5.18, Fitness_actual=127.9, Mejor=152.1
2025-10-23 09:37:06,653 - WARNING - ⚠️  DEGRADACIÓN DETECTADA en iter 69750:
2025-10-23 09:37:06,654 - WARNING -    Mejor fitness: 152.1
2025-10-23 09:37:06,654 - WARNING -    Fitness promedio reciente: 120.0
2025-10-23 09:37:06,655 - WARNING -    Degradación: 32.1
2025-10-23 09:37:06,655 - WARNING -    🔄 RESTAURANDO mejor solución...
2025-10-23 09:37:13,464 - DEBUG - Iter 69800: T=5.17, Fitness_actual=120.8, Mejor=152.1
2025-10-23 09:37:20,273 - WARNING - ⚠️  DEGRADACIÓN DETECTADA en iter 69850:
2025-10-23 09:37:20,273 - WARNING -    Mejor fitness: 152.1
2025-10-23 09:37:20,273 - WARNING -    Fitness promedio reciente: 120.1
2025-10-23 09:37:20,273 - WARNING -    Degradación: 32.1
2025-10-23 09:37:20,274 - WARNING -    🔄 RESTAURANDO mejor solución...
2025-10-23 09:37:27,101 - DEBUG - Iter 69900: T=5.15, Fitness_actual=127.8, Mejor=152.1
2025-10-23 09:37:33,903 - WARNING - ⚠️  DEGRADACIÓN DETECTADA en iter 69950:
2025-10-23 09:37:33,903 - WARNING -    Mejor fitness: 152.1
2025-10-23 09:37:33,904 - WARNING -    Fitness promedio reciente: 122.1
2025-10-23 09:37:33,904 - WARNING -    Degradación: 30.1
2025-10-23 09:37:33,904 - WARNING -    🔄 RESTAURANDO mejor solución...
2025-10-23 09:37:40,725 - INFO -   Iter 70000 | Tiempo:  109.9min (45.8%) | T =     5.14 | Fitness =    130.0 | Mejor =    152.1 | Aceptación =  93.3%
2025-10-23 09:37:40,726 - INFO - Progreso iter 70000: T=5.14, Fitness=130.0, Mejor=152.1, Tasa_acept=93.3%
2025-10-23 09:37:40,727 - DEBUG - Iter 70000: T=5.14, Fitness_actual=130.0, Mejor=152.1
2025-10-23 09:37:47,565 - WARNING - ⚠️  DEGRADACIÓN DETECTADA en iter 70050:
2025-10-23 09:37:47,565 - WARNING -    Mejor fitness: 152.1
2025-10-23 09:37:47,566 - WARNING -    Fitness promedio reciente: 125.8
2025-10-23 09:37:47,566 - WARNING -    Degradación: 26.3
2025-10-23 09:37:47,566 - WARNING -    🔄 RESTAURANDO mejor solución...
2025-10-23 09:37:54,407 - DEBUG - Iter 70100: T=5.12, Fitness_actual=135.5, Mejor=152.1
2025-10-23 09:38:08,133 - WARNING - ⚠️  DEGRADACIÓN DETECTADA en iter 70200:
2025-10-23 09:38:08,133 - WARNING -    Mejor fitness: 152.1
2025-10-23 09:38:08,133 - WARNING -    Fitness promedio reciente: 130.0
2025-10-23 09:38:08,134 - WARNING -    Degradación: 22.1
2025-10-23 09:38:08,134 - WARNING -    🔄 RESTAURANDO mejor solución...
2025-10-23 09:38:08,135 - DEBUG - Iter 70200: T=5.11, Fitness_actual=152.1, Mejor=152.1
2025-10-23 09:38:08,545 - INFO - 🌟 MEJORA #334 en iter 70203: Fitness=152.2 (+0.1), Puntos=16842
2025-10-23 09:38:08,683 - INFO - 🌟 MEJORA #335 en iter 70204: Fitness=152.2 (+0.0), Puntos=16845
2025-10-23 09:38:08,683 - INFO -   ✨ Mejora #335 en iteración 70205: Fitness = 152.2 | Puntos = 16845 | T = 5.11
2025-10-23 09:38:08,819 - INFO - 🌟 MEJORA #336 en iter 70205: Fitness=152.2 (+0.0), Puntos=16845
2025-10-23 09:38:21,856 - DEBUG - Iter 70300: T=5.09, Fitness_actual=134.4, Mejor=152.2
2025-10-23 09:38:28,730 - WARNING - ⚠️  DEGRADACIÓN DETECTADA en iter 70350:
2025-10-23 09:38:28,731 - WARNING -    Mejor fitness: 152.2
2025-10-23 09:38:28,731 - WARNING -    Fitness promedio reciente: 131.2
2025-10-23 09:38:28,732 - WARNING -    Degradación: 21.0
2025-10-23 09:38:28,732 - WARNING -    🔄 RESTAURANDO mejor solución...
2025-10-23 09:38:35,569 - DEBUG - Iter 70400: T=5.08, Fitness_actual=130.5, Mejor=152.2
2025-10-23 09:38:42,447 - WARNING - ⚠️  DEGRADACIÓN DETECTADA en iter 70450:
2025-10-23 09:38:42,448 - WARNING -    Mejor fitness: 152.2
2025-10-23 09:38:42,448 - WARNING -    Fitness promedio reciente: 127.4
2025-10-23 09:38:42,449 - WARNING -    Degradación: 24.8
2025-10-23 09:38:42,449 - WARNING -    🔄 RESTAURANDO mejor solución...
2025-10-23 09:38:49,274 - INFO -   Iter 70500 | Tiempo:  111.0min (46.3%) | T =     5.07 | Fitness =    138.1 | Mejor =    152.2 | Aceptación =  93.3%
2025-10-23 09:38:49,274 - INFO - Progreso iter 70500: T=5.07, Fitness=138.1, Mejor=152.2, Tasa_acept=93.3%
2025-10-23 09:38:49,277 - DEBUG - Iter 70500: T=5.07, Fitness_actual=138.1, Mejor=152.2
2025-10-23 09:38:56,165 - WARNING - ⚠️  DEGRADACIÓN DETECTADA en iter 70550:
2025-10-23 09:38:56,165 - WARNING -    Mejor fitness: 152.2
2025-10-23 09:38:56,166 - WARNING -    Fitness promedio reciente: 131.5
2025-10-23 09:38:56,167 - WARNING -    Degradación: 20.7
2025-10-23 09:38:56,167 - WARNING -    🔄 RESTAURANDO mejor solución...
2025-10-23 09:38:56,441 - INFO - 🌟 MEJORA #337 en iter 70552: Fitness=152.2 (+0.0), Puntos=16845
2025-10-23 09:39:03,009 - DEBUG - Iter 70600: T=5.05, Fitness_actual=138.9, Mejor=152.2
2025-10-23 09:39:16,720 - WARNING - ⚠️  DEGRADACIÓN DETECTADA en iter 70700:
2025-10-23 09:39:16,720 - WARNING -    Mejor fitness: 152.2
2025-10-23 09:39:16,720 - WARNING -    Fitness promedio reciente: 108.8
2025-10-23 09:39:16,721 - WARNING -    Degradación: 43.4
2025-10-23 09:39:16,721 - WARNING -    🔄 RESTAURANDO mejor solución...
2025-10-23 09:39:16,722 - DEBUG - Iter 70700: T=5.04, Fitness_actual=152.2, Mejor=152.2
2025-10-23 09:39:16,722 - INFO - 🌟 MEJORA #338 en iter 70700: Fitness=152.2 (+0.0), Puntos=16845
2025-10-23 09:39:16,997 - INFO - 🌟 MEJORA #339 en iter 70702: Fitness=152.2 (+0.0), Puntos=16845
2025-10-23 09:39:30,425 - DEBUG - Iter 70800: T=5.02, Fitness_actual=111.2, Mejor=152.2
2025-10-23 09:39:37,312 - WARNING - ⚠️  DEGRADACIÓN DETECTADA en iter 70850:
2025-10-23 09:39:37,312 - WARNING -    Mejor fitness: 152.2
2025-10-23 09:39:37,313 - WARNING -    Fitness promedio reciente: 117.7
2025-10-23 09:39:37,313 - WARNING -    Degradación: 34.5
2025-10-23 09:39:37,313 - WARNING -    🔄 RESTAURANDO mejor solución...
2025-10-23 09:39:44,157 - DEBUG - Iter 70900: T=5.01, Fitness_actual=145.9, Mejor=152.2
2025-10-23 09:39:57,936 - INFO -   Iter 71000 | Tiempo:  112.2min (46.7%) | T =     5.00 | Fitness =    129.8 | Mejor =    152.2 | Aceptación =  93.3%
2025-10-23 09:39:57,936 - INFO - Progreso iter 71000: T=5.00, Fitness=129.8, Mejor=152.2, Tasa_acept=93.3%
2025-10-23 09:39:57,937 - WARNING - ⚠️  DEGRADACIÓN DETECTADA en iter 71000:
2025-10-23 09:39:57,937 - WARNING -    Mejor fitness: 152.2
2025-10-23 09:39:57,937 - WARNING -    Fitness promedio reciente: 131.5
2025-10-23 09:39:57,937 - WARNING -    Degradación: 20.7
2025-10-23 09:39:57,938 - WARNING -    🔄 RESTAURANDO mejor solución...
2025-10-23 09:39:57,941 - DEBUG - Iter 71000: T=5.00, Fitness_actual=152.2, Mejor=152.2
2025-10-23 09:40:11,752 - DEBUG - Iter 71100: T=4.98, Fitness_actual=129.7, Mejor=152.2
2025-10-23 09:40:18,652 - WARNING - ⚠️  DEGRADACIÓN DETECTADA en iter 71150:
2025-10-23 09:40:18,652 - WARNING -    Mejor fitness: 152.2
2025-10-23 09:40:18,653 - WARNING -    Fitness promedio reciente: 128.5
2025-10-23 09:40:18,653 - WARNING -    Degradación: 23.7
2025-10-23 09:40:18,653 - WARNING -    🔄 RESTAURANDO mejor solución...
2025-10-23 09:40:25,562 - DEBUG - Iter 71200: T=4.97, Fitness_actual=124.9, Mejor=152.2
2025-10-23 09:40:32,475 - WARNING - ⚠️  DEGRADACIÓN DETECTADA en iter 71250:
2025-10-23 09:40:32,475 - WARNING -    Mejor fitness: 152.2
2025-10-23 09:40:32,476 - WARNING -    Fitness promedio reciente: 125.4
2025-10-23 09:40:32,476 - WARNING -    Degradación: 26.8
2025-10-23 09:40:32,477 - WARNING -    🔄 RESTAURANDO mejor solución...
2025-10-23 09:40:39,357 - DEBUG - Iter 71300: T=4.95, Fitness_actual=136.8, Mejor=152.2
2025-10-23 09:40:53,196 - WARNING - ⚠️  DEGRADACIÓN DETECTADA en iter 71400:
2025-10-23 09:40:53,197 - WARNING -    Mejor fitness: 152.2
2025-10-23 09:40:53,197 - WARNING -    Fitness promedio reciente: 121.6
2025-10-23 09:40:53,198 - WARNING -    Degradación: 30.6
2025-10-23 09:40:53,198 - WARNING -    🔄 RESTAURANDO mejor solución...
2025-10-23 09:40:53,199 - DEBUG - Iter 71400: T=4.94, Fitness_actual=152.2, Mejor=152.2
2025-10-23 09:41:07,126 - INFO -   Iter 71500 | Tiempo:  113.3min (47.2%) | T =     4.93 | Fitness =    131.3 | Mejor =    152.2 | Aceptación =  93.3%
2025-10-23 09:41:07,126 - INFO - Progreso iter 71500: T=4.93, Fitness=131.3, Mejor=152.2, Tasa_acept=93.3%
2025-10-23 09:41:07,129 - DEBUG - Iter 71500: T=4.93, Fitness_actual=131.3, Mejor=152.2
2025-10-23 09:41:14,076 - WARNING - ⚠️  DEGRADACIÓN DETECTADA en iter 71550:
2025-10-23 09:41:14,077 - WARNING -    Mejor fitness: 152.2
2025-10-23 09:41:14,077 - WARNING -    Fitness promedio reciente: 129.0
2025-10-23 09:41:14,078 - WARNING -    Degradación: 23.2
2025-10-23 09:41:14,078 - WARNING -    🔄 RESTAURANDO mejor solución...
2025-10-23 09:41:14,216 - INFO - 🌟 MEJORA #340 en iter 71551: Fitness=152.2 (+0.0), Puntos=16845
2025-10-23 09:41:14,216 - INFO -   ✨ Mejora #340 en iteración 71552: Fitness = 152.2 | Puntos = 16845 | T = 4.92
2025-10-23 09:41:20,975 - DEBUG - Iter 71600: T=4.91, Fitness_actual=144.4, Mejor=152.2
2025-10-23 09:41:34,805 - DEBUG - Iter 71700: T=4.90, Fitness_actual=126.3, Mejor=152.2
2025-10-23 09:41:41,735 - WARNING - ⚠️  DEGRADACIÓN DETECTADA en iter 71750:
2025-10-23 09:41:41,735 - WARNING -    Mejor fitness: 152.2
2025-10-23 09:41:41,736 - WARNING -    Fitness promedio reciente: 121.0
2025-10-23 09:41:41,736 - WARNING -    Degradación: 31.2
2025-10-23 09:41:41,736 - WARNING -    🔄 RESTAURANDO mejor solución...
2025-10-23 09:41:48,676 - DEBUG - Iter 71800: T=4.88, Fitness_actual=141.4, Mejor=152.2
2025-10-23 09:42:02,673 - WARNING - ⚠️  DEGRADACIÓN DETECTADA en iter 71900:
2025-10-23 09:42:02,673 - WARNING -    Mejor fitness: 152.2
2025-10-23 09:42:02,674 - WARNING -    Fitness promedio reciente: 129.3
2025-10-23 09:42:02,674 - WARNING -    Degradación: 22.9
2025-10-23 09:42:02,674 - WARNING -    🔄 RESTAURANDO mejor solución...
2025-10-23 09:42:02,676 - DEBUG - Iter 71900: T=4.87, Fitness_actual=152.2, Mejor=152.2
2025-10-23 09:42:16,583 - INFO -   Iter 72000 | Tiempo:  114.5min (47.7%) | T =     4.86 | Fitness =    117.9 | Mejor =    152.2 | Aceptación =  93.2%
2025-10-23 09:42:16,583 - INFO - Progreso iter 72000: T=4.86, Fitness=117.9, Mejor=152.2, Tasa_acept=93.2%
2025-10-23 09:42:16,584 - WARNING - ⚠️  DEGRADACIÓN DETECTADA en iter 72000:
2025-10-23 09:42:16,588 - WARNING -    Mejor fitness: 152.2
2025-10-23 09:42:16,588 - WARNING -    Fitness promedio reciente: 125.1
2025-10-23 09:42:16,588 - WARNING -    Degradación: 27.1
2025-10-23 09:42:16,589 - WARNING -    🔄 RESTAURANDO mejor solución...
2025-10-23 09:42:16,592 - DEBUG - Iter 72000: T=4.86, Fitness_actual=152.2, Mejor=152.2
2025-10-23 09:42:30,503 - WARNING - ⚠️  DEGRADACIÓN DETECTADA en iter 72100:
2025-10-23 09:42:30,503 - WARNING -    Mejor fitness: 152.2
2025-10-23 09:42:30,504 - WARNING -    Fitness promedio reciente: 131.8
2025-10-23 09:42:30,504 - WARNING -    Degradación: 20.4
2025-10-23 09:42:30,504 - WARNING -    🔄 RESTAURANDO mejor solución...
2025-10-23 09:42:30,505 - DEBUG - Iter 72100: T=4.84, Fitness_actual=152.2, Mejor=152.2
2025-10-23 09:42:44,446 - DEBUG - Iter 72200: T=4.83, Fitness_actual=136.0, Mejor=152.2
2025-10-23 09:42:51,436 - WARNING - ⚠️  DEGRADACIÓN DETECTADA en iter 72250:
2025-10-23 09:42:51,436 - WARNING -    Mejor fitness: 152.2
2025-10-23 09:42:51,437 - WARNING -    Fitness promedio reciente: 127.4
2025-10-23 09:42:51,437 - WARNING -    Degradación: 24.9
2025-10-23 09:42:51,438 - WARNING -    🔄 RESTAURANDO mejor solución...
2025-10-23 09:42:58,381 - DEBUG - Iter 72300: T=4.81, Fitness_actual=134.5, Mejor=152.2
2025-10-23 09:43:12,320 - WARNING - ⚠️  DEGRADACIÓN DETECTADA en iter 72400:
2025-10-23 09:43:12,321 - WARNING -    Mejor fitness: 152.2
2025-10-23 09:43:12,321 - WARNING -    Fitness promedio reciente: 121.0
2025-10-23 09:43:12,322 - WARNING -    Degradación: 31.2
2025-10-23 09:43:12,322 - WARNING -    🔄 RESTAURANDO mejor solución...
2025-10-23 09:43:12,323 - DEBUG - Iter 72400: T=4.80, Fitness_actual=152.2, Mejor=152.2
2025-10-23 09:43:12,323 - INFO - 🌟 MEJORA #341 en iter 72400: Fitness=152.3 (+0.0), Puntos=16850
2025-10-23 09:43:26,243 - INFO -   Iter 72500 | Tiempo:  115.7min (48.2%) | T =     4.79 | Fitness =    127.8 | Mejor =    152.3 | Aceptación =  93.2%
2025-10-23 09:43:26,243 - INFO - Progreso iter 72500: T=4.79, Fitness=127.8, Mejor=152.3, Tasa_acept=93.2%
2025-10-23 09:43:26,246 - DEBUG - Iter 72500: T=4.79, Fitness_actual=127.8, Mejor=152.3
2025-10-23 09:43:33,236 - WARNING - ⚠️  DEGRADACIÓN DETECTADA en iter 72550:
2025-10-23 09:43:33,236 - WARNING -    Mejor fitness: 152.3
2025-10-23 09:43:33,237 - WARNING -    Fitness promedio reciente: 127.0
2025-10-23 09:43:33,237 - WARNING -    Degradación: 25.3
2025-10-23 09:43:33,237 - WARNING -    🔄 RESTAURANDO mejor solución...
2025-10-23 09:43:40,182 - DEBUG - Iter 72600: T=4.77, Fitness_actual=140.7, Mejor=152.3
2025-10-23 09:43:54,172 - WARNING - ⚠️  DEGRADACIÓN DETECTADA en iter 72700:
2025-10-23 09:43:54,172 - WARNING -    Mejor fitness: 152.3
2025-10-23 09:43:54,173 - WARNING -    Fitness promedio reciente: 125.3
2025-10-23 09:43:54,173 - WARNING -    Degradación: 27.0
2025-10-23 09:43:54,173 - WARNING -    🔄 RESTAURANDO mejor solución...
2025-10-23 09:43:54,177 - DEBUG - Iter 72700: T=4.76, Fitness_actual=152.3, Mejor=152.3
2025-10-23 09:44:08,097 - DEBUG - Iter 72800: T=4.75, Fitness_actual=139.4, Mejor=152.3
2025-10-23 09:44:22,082 - WARNING - ⚠️  DEGRADACIÓN DETECTADA en iter 72900:
2025-10-23 09:44:22,082 - WARNING -    Mejor fitness: 152.3
2025-10-23 09:44:22,083 - WARNING -    Fitness promedio reciente: 124.1
2025-10-23 09:44:22,083 - WARNING -    Degradación: 28.2
2025-10-23 09:44:22,083 - WARNING -    🔄 RESTAURANDO mejor solución...
2025-10-23 09:44:22,084 - DEBUG - Iter 72900: T=4.73, Fitness_actual=152.3, Mejor=152.3
2025-10-23 09:44:36,057 - INFO -   Iter 73000 | Tiempo:  116.8min (48.7%) | T =     4.72 | Fitness =    124.3 | Mejor =    152.3 | Aceptación =  93.2%
2025-10-23 09:44:36,058 - INFO - Progreso iter 73000: T=4.72, Fitness=124.3, Mejor=152.3, Tasa_acept=93.2%
2025-10-23 09:44:36,058 - WARNING - ⚠️  DEGRADACIÓN DETECTADA en iter 73000:
2025-10-23 09:44:36,058 - WARNING -    Mejor fitness: 152.3
2025-10-23 09:44:36,059 - WARNING -    Fitness promedio reciente: 130.9
2025-10-23 09:44:36,059 - WARNING -    Degradación: 21.4
2025-10-23 09:44:36,059 - WARNING -    🔄 RESTAURANDO mejor solución...
2025-10-23 09:44:36,060 - DEBUG - Iter 73000: T=4.72, Fitness_actual=152.3, Mejor=152.3
2025-10-23 09:44:36,060 - INFO - 🌟 MEJORA #342 en iter 73000: Fitness=152.3 (+0.0), Puntos=16850
2025-10-23 09:44:38,441 - INFO - Iter 73017: Aceptada solución con delta=-14.0 (T=4.72)
2025-10-23 09:44:38,441 - INFO -   📊 Desglose del cambio:
2025-10-23 09:44:38,442 - INFO -      Puntos: +0 → 16619 total
2025-10-23 09:44:38,442 - INFO -      Tiempo: +424.1min → 13379.8min total
2025-10-23 09:44:38,443 - INFO -      Distancia: +4.1km → 90.0km total
2025-10-23 09:44:50,326 - DEBUG - Iter 73100: T=4.71, Fitness_actual=112.2, Mejor=152.3
2025-10-23 09:44:57,355 - WARNING - ⚠️  DEGRADACIÓN DETECTADA en iter 73150:
2025-10-23 09:44:57,355 - WARNING -    Mejor fitness: 152.3
2025-10-23 09:44:57,356 - WARNING -    Fitness promedio reciente: 111.9
2025-10-23 09:44:57,356 - WARNING -    Degradación: 40.3
2025-10-23 09:44:57,356 - WARNING -    🔄 RESTAURANDO mejor solución...
2025-10-23 09:45:04,344 - DEBUG - Iter 73200: T=4.69, Fitness_actual=142.6, Mejor=152.3
2025-10-23 09:45:18,420 - DEBUG - Iter 73300: T=4.68, Fitness_actual=134.5, Mejor=152.3
2025-10-23 09:45:25,449 - WARNING - ⚠️  DEGRADACIÓN DETECTADA en iter 73350:
2025-10-23 09:45:25,450 - WARNING -    Mejor fitness: 152.3
2025-10-23 09:45:25,450 - WARNING -    Fitness promedio reciente: 129.7
2025-10-23 09:45:25,451 - WARNING -    Degradación: 22.6
2025-10-23 09:45:25,451 - WARNING -    🔄 RESTAURANDO mejor solución...
2025-10-23 09:45:32,489 - DEBUG - Iter 73400: T=4.67, Fitness_actual=138.3, Mejor=152.3
2025-10-23 09:45:46,465 - INFO -   Iter 73500 | Tiempo:  118.0min (49.2%) | T =     4.65 | Fitness =    124.7 | Mejor =    152.3 | Aceptación =  93.2%
2025-10-23 09:45:46,465 - INFO - Progreso iter 73500: T=4.65, Fitness=124.7, Mejor=152.3, Tasa_acept=93.2%
2025-10-23 09:45:46,466 - WARNING - ⚠️  DEGRADACIÓN DETECTADA en iter 73500:
2025-10-23 09:45:46,466 - WARNING -    Mejor fitness: 152.3
2025-10-23 09:45:46,467 - WARNING -    Fitness promedio reciente: 127.6
2025-10-23 09:45:46,467 - WARNING -    Degradación: 24.7
2025-10-23 09:45:46,467 - WARNING -    🔄 RESTAURANDO mejor solución...
2025-10-23 09:45:46,469 - DEBUG - Iter 73500: T=4.65, Fitness_actual=152.3, Mejor=152.3
2025-10-23 09:46:00,541 - WARNING - ⚠️  DEGRADACIÓN DETECTADA en iter 73600:
2025-10-23 09:46:00,542 - WARNING -    Mejor fitness: 152.3
2025-10-23 09:46:00,542 - WARNING -    Fitness promedio reciente: 130.8
2025-10-23 09:46:00,542 - WARNING -    Degradación: 21.4
2025-10-23 09:46:00,543 - WARNING -    🔄 RESTAURANDO mejor solución...
2025-10-23 09:46:00,546 - DEBUG - Iter 73600: T=4.64, Fitness_actual=152.3, Mejor=152.3
2025-10-23 09:46:14,655 - DEBUG - Iter 73700: T=4.63, Fitness_actual=127.3, Mejor=152.3
2025-10-23 09:46:21,669 - WARNING - ⚠️  DEGRADACIÓN DETECTADA en iter 73750:
2025-10-23 09:46:21,669 - WARNING -    Mejor fitness: 152.3
2025-10-23 09:46:21,670 - WARNING -    Fitness promedio reciente: 123.2
2025-10-23 09:46:21,672 - WARNING -    Degradación: 29.1
2025-10-23 09:46:21,672 - WARNING -    🔄 RESTAURANDO mejor solución...
2025-10-23 09:46:28,708 - DEBUG - Iter 73800: T=4.61, Fitness_actual=129.9, Mejor=152.3
2025-10-23 09:46:35,744 - WARNING - ⚠️  DEGRADACIÓN DETECTADA en iter 73850:
2025-10-23 09:46:35,745 - WARNING -    Mejor fitness: 152.3
2025-10-23 09:46:35,745 - WARNING -    Fitness promedio reciente: 124.5
2025-10-23 09:46:35,745 - WARNING -    Degradación: 27.7
2025-10-23 09:46:35,746 - WARNING -    🔄 RESTAURANDO mejor solución...
2025-10-23 09:46:42,748 - DEBUG - Iter 73900: T=4.60, Fitness_actual=137.1, Mejor=152.3
2025-10-23 09:46:49,768 - WARNING - ⚠️  DEGRADACIÓN DETECTADA en iter 73950:
2025-10-23 09:46:49,768 - WARNING -    Mejor fitness: 152.3
2025-10-23 09:46:49,769 - WARNING -    Fitness promedio reciente: 130.0
2025-10-23 09:46:49,769 - WARNING -    Degradación: 22.3
2025-10-23 09:46:49,769 - WARNING -    🔄 RESTAURANDO mejor solución...
2025-10-23 09:46:56,792 - INFO -   Iter 74000 | Tiempo:  119.2min (49.7%) | T =     4.59 | Fitness =    126.8 | Mejor =    152.3 | Aceptación =  93.1%
2025-10-23 09:46:56,792 - INFO - Progreso iter 74000: T=4.59, Fitness=126.8, Mejor=152.3, Tasa_acept=93.1%
2025-10-23 09:46:56,795 - DEBUG - Iter 74000: T=4.59, Fitness_actual=126.8, Mejor=152.3
2025-10-23 09:47:03,943 - WARNING - ⚠️  DEGRADACIÓN DETECTADA en iter 74050:
2025-10-23 09:47:03,943 - WARNING -    Mejor fitness: 152.3
2025-10-23 09:47:03,944 - WARNING -    Fitness promedio reciente: 125.7
2025-10-23 09:47:03,944 - WARNING -    Degradación: 26.6
2025-10-23 09:47:03,945 - WARNING -    🔄 RESTAURANDO mejor solución...
2025-10-23 09:47:04,088 - INFO - 🌟 MEJORA #343 en iter 74051: Fitness=152.3 (+0.0), Puntos=16850
2025-10-23 09:47:10,962 - DEBUG - Iter 74100: T=4.57, Fitness_actual=141.2, Mejor=152.3
2025-10-23 09:47:25,002 - WARNING - ⚠️  DEGRADACIÓN DETECTADA en iter 74200:
2025-10-23 09:47:25,002 - WARNING -    Mejor fitness: 152.3
2025-10-23 09:47:25,002 - WARNING -    Fitness promedio reciente: 126.6
2025-10-23 09:47:25,003 - WARNING -    Degradación: 25.7
2025-10-23 09:47:25,003 - WARNING -    🔄 RESTAURANDO mejor solución...
2025-10-23 09:47:25,004 - DEBUG - Iter 74200: T=4.56, Fitness_actual=152.3, Mejor=152.3
2025-10-23 09:47:39,122 - WARNING - ⚠️  DEGRADACIÓN DETECTADA en iter 74300:
2025-10-23 09:47:39,122 - WARNING -    Mejor fitness: 152.3
2025-10-23 09:47:39,123 - WARNING -    Fitness promedio reciente: 127.8
2025-10-23 09:47:39,123 - WARNING -    Degradación: 24.4
2025-10-23 09:47:39,123 - WARNING -    🔄 RESTAURANDO mejor solución...
2025-10-23 09:47:39,127 - DEBUG - Iter 74300: T=4.55, Fitness_actual=152.3, Mejor=152.3
2025-10-23 09:47:53,228 - WARNING - ⚠️  DEGRADACIÓN DETECTADA en iter 74400:
2025-10-23 09:47:53,228 - WARNING -    Mejor fitness: 152.3
2025-10-23 09:47:53,229 - WARNING -    Fitness promedio reciente: 124.7
2025-10-23 09:47:53,229 - WARNING -    Degradación: 27.5
2025-10-23 09:47:53,229 - WARNING -    🔄 RESTAURANDO mejor solución...
2025-10-23 09:47:53,231 - DEBUG - Iter 74400: T=4.53, Fitness_actual=152.3, Mejor=152.3
2025-10-23 09:48:07,318 - INFO -   Iter 74500 | Tiempo:  120.4min (50.1%) | T =     4.52 | Fitness =    123.3 | Mejor =    152.3 | Aceptación =  93.1%
2025-10-23 09:48:07,318 - INFO - Progreso iter 74500: T=4.52, Fitness=123.3, Mejor=152.3, Tasa_acept=93.1%
2025-10-23 09:48:07,319 - WARNING - ⚠️  DEGRADACIÓN DETECTADA en iter 74500:
2025-10-23 09:48:07,319 - WARNING -    Mejor fitness: 152.3
2025-10-23 09:48:07,319 - WARNING -    Fitness promedio reciente: 125.6
2025-10-23 09:48:07,320 - WARNING -    Degradación: 26.7
2025-10-23 09:48:07,320 - WARNING -    🔄 RESTAURANDO mejor solución...
2025-10-23 09:48:07,321 - DEBUG - Iter 74500: T=4.52, Fitness_actual=152.3, Mejor=152.3
2025-10-23 09:48:07,602 - INFO - 🌟 MEJORA #344 en iter 74502: Fitness=152.3 (+0.1), Puntos=16856
2025-10-23 09:48:21,404 - DEBUG - Iter 74600: T=4.51, Fitness_actual=135.6, Mejor=152.3
2025-10-23 09:48:35,548 - WARNING - ⚠️  DEGRADACIÓN DETECTADA en iter 74700:
2025-10-23 09:48:35,548 - WARNING -    Mejor fitness: 152.3
2025-10-23 09:48:35,549 - WARNING -    Fitness promedio reciente: 128.4
2025-10-23 09:48:35,549 - WARNING -    Degradación: 23.9
2025-10-23 09:48:35,549 - WARNING -    🔄 RESTAURANDO mejor solución...
2025-10-23 09:48:35,551 - DEBUG - Iter 74700: T=4.50, Fitness_actual=152.3, Mejor=152.3
2025-10-23 09:48:35,974 - INFO - 🌟 MEJORA #345 en iter 74703: Fitness=152.3 (+0.0), Puntos=16856
2025-10-23 09:48:35,974 - INFO -   ✨ Mejora #345 en iteración 74704: Fitness = 152.3 | Puntos = 16856 | T = 4.49
2025-10-23 09:48:49,742 - DEBUG - Iter 74800: T=4.48, Fitness_actual=125.0, Mejor=152.3
2025-10-23 09:48:56,888 - WARNING - ⚠️  DEGRADACIÓN DETECTADA en iter 74850:
2025-10-23 09:48:56,889 - WARNING -    Mejor fitness: 152.3
2025-10-23 09:48:56,889 - WARNING -    Fitness promedio reciente: 120.4
2025-10-23 09:48:56,890 - WARNING -    Degradación: 31.9
2025-10-23 09:48:56,890 - WARNING -    🔄 RESTAURANDO mejor solución...
2025-10-23 09:48:56,891 - INFO - 🌟 MEJORA #346 en iter 74850: Fitness=152.3 (+0.0), Puntos=16856
2025-10-23 09:49:03,953 - DEBUG - Iter 74900: T=4.47, Fitness_actual=144.2, Mejor=152.3
2025-10-23 09:49:18,162 - INFO -   Iter 75000 | Tiempo:  121.5min (50.6%) | T =     4.46 | Fitness =    123.7 | Mejor =    152.3 | Aceptación =  93.1%
2025-10-23 09:49:18,162 - INFO - Progreso iter 75000: T=4.46, Fitness=123.7, Mejor=152.3, Tasa_acept=93.1%
2025-10-23 09:49:18,162 - WARNING - ⚠️  DEGRADACIÓN DETECTADA en iter 75000:
2025-10-23 09:49:18,163 - WARNING -    Mejor fitness: 152.3
2025-10-23 09:49:18,163 - WARNING -    Fitness promedio reciente: 127.5
2025-10-23 09:49:18,163 - WARNING -    Degradación: 24.8
2025-10-23 09:49:18,163 - WARNING -    🔄 RESTAURANDO mejor solución...
2025-10-23 09:49:18,165 - DEBUG - Iter 75000: T=4.46, Fitness_actual=152.3, Mejor=152.3
2025-10-23 09:49:32,305 - DEBUG - Iter 75100: T=4.44, Fitness_actual=136.5, Mejor=152.3
2025-10-23 09:49:38,690 - WARNING - ================================================================================
2025-10-23 09:49:38,690 - WARNING - ⚠️  SALTO ANORMAL DETECTADO en iteración 75145
2025-10-23 09:49:38,691 - WARNING -    Fitness actual: 125.7
2025-10-23 09:49:38,691 - WARNING -    Fitness vecino: 97.7
2025-10-23 09:49:38,691 - WARNING -    Delta: -28.0
2025-10-23 09:49:38,691 - WARNING -    Temperatura: 4.44
2025-10-23 09:49:38,692 - WARNING -    Tipo perturbación aplicada: (ver generar_vecino)
2025-10-23 09:49:38,692 - WARNING -    Vecino - Puntos: 16077, Tiempo: 14889.4min, Distancia: 241.2km
2025-10-23 09:49:38,692 - WARNING -    Actual - Puntos: 16103, Tiempo: 13066.9min, Distancia: 119.3km
2025-10-23 09:49:38,692 - WARNING -    Validez restricciones - Vecino: False, Actual: False
2025-10-23 09:49:38,693 - WARNING - ================================================================================
2025-10-23 09:49:38,693 - WARNING - ⚠️  SALTO ANORMAL DETECTADO en iteración 75145
2025-10-23 09:49:38,693 - WARNING -    Fitness: 125.7 → 97.7 (Δ=-28.0)
2025-10-23 09:49:38,693 - WARNING -    Ver detalles en archivo de log
2025-10-23 09:49:39,403 - WARNING - ⚠️  DEGRADACIÓN DETECTADA en iter 75150:
2025-10-23 09:49:39,403 - WARNING -    Mejor fitness: 152.3
2025-10-23 09:49:39,404 - WARNING -    Fitness promedio reciente: 130.6
2025-10-23 09:49:39,405 - WARNING -    Degradación: 21.8
2025-10-23 09:49:39,405 - WARNING -    🔄 RESTAURANDO mejor solución...
2025-10-23 09:49:42,521 - INFO - Iter 75172: Aceptada solución con delta=-12.0 (T=4.43)
2025-10-23 09:49:42,521 - INFO -   📊 Desglose del cambio:
2025-10-23 09:49:42,521 - INFO -      Puntos: +0 → 16767 total
2025-10-23 09:49:42,522 - INFO -      Tiempo: +37.8min → 13287.0min total
2025-10-23 09:49:42,522 - INFO -      Distancia: +0.7km → 104.8km total
2025-10-23 09:49:46,564 - DEBUG - Iter 75200: T=4.43, Fitness_actual=115.6, Mejor=152.3
2025-10-23 09:49:53,668 - WARNING - ⚠️  DEGRADACIÓN DETECTADA en iter 75250:
2025-10-23 09:49:53,668 - WARNING -    Mejor fitness: 152.3
2025-10-23 09:49:53,669 - WARNING -    Fitness promedio reciente: 113.8
2025-10-23 09:49:53,669 - WARNING -    Degradación: 38.5
2025-10-23 09:49:53,669 - WARNING -    🔄 RESTAURANDO mejor solución...
2025-10-23 09:50:00,738 - DEBUG - Iter 75300: T=4.42, Fitness_actual=145.1, Mejor=152.3
2025-10-23 09:50:14,970 - WARNING - ⚠️  DEGRADACIÓN DETECTADA en iter 75400:
2025-10-23 09:50:14,970 - WARNING -    Mejor fitness: 152.3
2025-10-23 09:50:14,971 - WARNING -    Fitness promedio reciente: 125.7
2025-10-23 09:50:14,971 - WARNING -    Degradación: 26.6
2025-10-23 09:50:14,972 - WARNING -    🔄 RESTAURANDO mejor solución...
2025-10-23 09:50:14,975 - DEBUG - Iter 75400: T=4.40, Fitness_actual=152.3, Mejor=152.3
2025-10-23 09:50:29,154 - INFO -   Iter 75500 | Tiempo:  122.7min (51.1%) | T =     4.39 | Fitness =    118.6 | Mejor =    152.3 | Aceptación =  93.1%
2025-10-23 09:50:29,154 - INFO - Progreso iter 75500: T=4.39, Fitness=118.6, Mejor=152.3, Tasa_acept=93.1%
2025-10-23 09:50:29,155 - WARNING - ⚠️  DEGRADACIÓN DETECTADA en iter 75500:
2025-10-23 09:50:29,155 - WARNING -    Mejor fitness: 152.3
2025-10-23 09:50:29,155 - WARNING -    Fitness promedio reciente: 125.0
2025-10-23 09:50:29,156 - WARNING -    Degradación: 27.3
2025-10-23 09:50:29,156 - WARNING -    🔄 RESTAURANDO mejor solución...
2025-10-23 09:50:29,157 - DEBUG - Iter 75500: T=4.39, Fitness_actual=152.3, Mejor=152.3
2025-10-23 09:50:43,449 - DEBUG - Iter 75600: T=4.38, Fitness_actual=141.0, Mejor=152.3
2025-10-23 09:50:57,705 - WARNING - ⚠️  DEGRADACIÓN DETECTADA en iter 75700:
2025-10-23 09:50:57,705 - WARNING -    Mejor fitness: 152.3
2025-10-23 09:50:57,706 - WARNING -    Fitness promedio reciente: 120.6
2025-10-23 09:50:57,706 - WARNING -    Degradación: 31.8
2025-10-23 09:50:57,706 - WARNING -    🔄 RESTAURANDO mejor solución...
2025-10-23 09:50:57,710 - DEBUG - Iter 75700: T=4.37, Fitness_actual=152.3, Mejor=152.3
2025-10-23 09:51:12,056 - DEBUG - Iter 75800: T=4.35, Fitness_actual=125.7, Mejor=152.3
2025-10-23 09:51:19,215 - WARNING - ⚠️  DEGRADACIÓN DETECTADA en iter 75850:
2025-10-23 09:51:19,215 - WARNING -    Mejor fitness: 152.3
2025-10-23 09:51:19,215 - WARNING -    Fitness promedio reciente: 127.2
2025-10-23 09:51:19,216 - WARNING -    Degradación: 25.1
2025-10-23 09:51:19,216 - WARNING -    🔄 RESTAURANDO mejor solución...
2025-10-23 09:51:19,217 - INFO - 🌟 MEJORA #347 en iter 75850: Fitness=152.4 (+0.1), Puntos=16865
2025-10-23 09:51:26,376 - DEBUG - Iter 75900: T=4.34, Fitness_actual=141.8, Mejor=152.4
2025-10-23 09:51:40,687 - INFO -   Iter 76000 | Tiempo:  123.9min (51.6%) | T =     4.33 | Fitness =    123.2 | Mejor =    152.4 | Aceptación =  93.1%
2025-10-23 09:51:40,688 - INFO - Progreso iter 76000: T=4.33, Fitness=123.2, Mejor=152.4, Tasa_acept=93.1%
2025-10-23 09:51:40,688 - WARNING - ⚠️  DEGRADACIÓN DETECTADA en iter 76000:
2025-10-23 09:51:40,689 - WARNING -    Mejor fitness: 152.4
2025-10-23 09:51:40,689 - WARNING -    Fitness promedio reciente: 124.1
2025-10-23 09:51:40,689 - WARNING -    Degradación: 28.4
2025-10-23 09:51:40,689 - WARNING -    🔄 RESTAURANDO mejor solución...
2025-10-23 09:51:40,691 - DEBUG - Iter 76000: T=4.33, Fitness_actual=152.4, Mejor=152.4
2025-10-23 09:51:55,043 - WARNING - ⚠️  DEGRADACIÓN DETECTADA en iter 76100:
2025-10-23 09:51:55,043 - WARNING -    Mejor fitness: 152.4
2025-10-23 09:51:55,044 - WARNING -    Fitness promedio reciente: 132.0
2025-10-23 09:51:55,044 - WARNING -    Degradación: 20.4
2025-10-23 09:51:55,044 - WARNING -    🔄 RESTAURANDO mejor solución...
2025-10-23 09:51:55,045 - DEBUG - Iter 76100: T=4.32, Fitness_actual=152.4, Mejor=152.4
2025-10-23 09:52:09,755 - WARNING - ⚠️  DEGRADACIÓN DETECTADA en iter 76200:
2025-10-23 09:52:09,755 - WARNING -    Mejor fitness: 152.4
2025-10-23 09:52:09,756 - WARNING -    Fitness promedio reciente: 129.9
2025-10-23 09:52:09,756 - WARNING -    Degradación: 22.6
2025-10-23 09:52:09,757 - WARNING -    🔄 RESTAURANDO mejor solución...
2025-10-23 09:52:09,758 - DEBUG - Iter 76200: T=4.30, Fitness_actual=152.4, Mejor=152.4
2025-10-23 09:52:24,179 - DEBUG - Iter 76300: T=4.29, Fitness_actual=135.4, Mejor=152.4
2025-10-23 09:52:38,616 - WARNING - ⚠️  DEGRADACIÓN DETECTADA en iter 76400:
2025-10-23 09:52:38,616 - WARNING -    Mejor fitness: 152.4
2025-10-23 09:52:38,617 - WARNING -    Fitness promedio reciente: 124.8
2025-10-23 09:52:38,617 - WARNING -    Degradación: 27.7
2025-10-23 09:52:38,617 - WARNING -    🔄 RESTAURANDO mejor solución...
2025-10-23 09:52:38,618 - DEBUG - Iter 76400: T=4.28, Fitness_actual=152.4, Mejor=152.4
2025-10-23 09:52:53,134 - INFO -   Iter 76500 | Tiempo:  125.1min (52.1%) | T =     4.27 | Fitness =    115.3 | Mejor =    152.4 | Aceptación =  93.0%
2025-10-23 09:52:53,135 - INFO - Progreso iter 76500: T=4.27, Fitness=115.3, Mejor=152.4, Tasa_acept=93.0%
2025-10-23 09:52:53,135 - WARNING - ⚠️  DEGRADACIÓN DETECTADA en iter 76500:
2025-10-23 09:52:53,135 - WARNING -    Mejor fitness: 152.4
2025-10-23 09:52:53,136 - WARNING -    Fitness promedio reciente: 118.2
2025-10-23 09:52:53,136 - WARNING -    Degradación: 34.2
2025-10-23 09:52:53,136 - WARNING -    🔄 RESTAURANDO mejor solución...
2025-10-23 09:52:53,139 - DEBUG - Iter 76500: T=4.27, Fitness_actual=152.4, Mejor=152.4
2025-10-23 09:53:07,643 - WARNING - ⚠️  DEGRADACIÓN DETECTADA en iter 76600:
2025-10-23 09:53:07,644 - WARNING -    Mejor fitness: 152.4
2025-10-23 09:53:07,644 - WARNING -    Fitness promedio reciente: 125.5
2025-10-23 09:53:07,644 - WARNING -    Degradación: 26.9
2025-10-23 09:53:07,645 - WARNING -    🔄 RESTAURANDO mejor solución...
2025-10-23 09:53:07,646 - DEBUG - Iter 76600: T=4.25, Fitness_actual=152.4, Mejor=152.4
2025-10-23 09:53:10,970 - WARNING - ================================================================================
2025-10-23 09:53:10,971 - WARNING - ⚠️  SALTO ANORMAL DETECTADO en iteración 76623
2025-10-23 09:53:10,971 - WARNING -    Fitness actual: 147.4
2025-10-23 09:53:10,972 - WARNING -    Fitness vecino: 101.1
2025-10-23 09:53:10,972 - WARNING -    Delta: -46.2
2025-10-23 09:53:10,972 - WARNING -    Temperatura: 4.25
2025-10-23 09:53:10,972 - WARNING -    Tipo perturbación aplicada: (ver generar_vecino)
2025-10-23 09:53:10,973 - WARNING -    Vecino - Puntos: 16353, Tiempo: 14928.7min, Distancia: 271.1km
2025-10-23 09:53:10,973 - WARNING -    Actual - Puntos: 16790, Tiempo: 12943.2min, Distancia: 79.0km
2025-10-23 09:53:10,973 - WARNING -    Validez restricciones - Vecino: False, Actual: False
2025-10-23 09:53:10,974 - WARNING - ================================================================================
2025-10-23 09:53:10,974 - WARNING - ⚠️  SALTO ANORMAL DETECTADO en iteración 76623
2025-10-23 09:53:10,974 - WARNING -    Fitness: 147.4 → 101.1 (Δ=-46.2)
2025-10-23 09:53:10,975 - WARNING -    Ver detalles en archivo de log
2025-10-23 09:53:22,137 - DEBUG - Iter 76700: T=4.24, Fitness_actual=131.8, Mejor=152.4
2025-10-23 09:53:29,412 - WARNING - ⚠️  DEGRADACIÓN DETECTADA en iter 76750:
2025-10-23 09:53:29,412 - WARNING -    Mejor fitness: 152.4
2025-10-23 09:53:29,413 - WARNING -    Fitness promedio reciente: 120.7
2025-10-23 09:53:29,413 - WARNING -    Degradación: 31.7
2025-10-23 09:53:29,414 - WARNING -    🔄 RESTAURANDO mejor solución...
2025-10-23 09:53:36,684 - DEBUG - Iter 76800: T=4.23, Fitness_actual=141.9, Mejor=152.4
2025-10-23 09:53:51,270 - WARNING - ⚠️  DEGRADACIÓN DETECTADA en iter 76900:
2025-10-23 09:53:51,270 - WARNING -    Mejor fitness: 152.4
2025-10-23 09:53:51,271 - WARNING -    Fitness promedio reciente: 129.9
2025-10-23 09:53:51,271 - WARNING -    Degradación: 22.5
2025-10-23 09:53:51,271 - WARNING -    🔄 RESTAURANDO mejor solución...
2025-10-23 09:53:51,276 - DEBUG - Iter 76900: T=4.22, Fitness_actual=152.4, Mejor=152.4
2025-10-23 09:54:05,831 - INFO -   Iter 77000 | Tiempo:  126.3min (52.6%) | T =     4.20 | Fitness =    123.0 | Mejor =    152.4 | Aceptación =  93.0%
2025-10-23 09:54:05,831 - INFO - Progreso iter 77000: T=4.20, Fitness=123.0, Mejor=152.4, Tasa_acept=93.0%
2025-10-23 09:54:05,832 - WARNING - ⚠️  DEGRADACIÓN DETECTADA en iter 77000:
2025-10-23 09:54:05,832 - WARNING -    Mejor fitness: 152.4
2025-10-23 09:54:05,832 - WARNING -    Fitness promedio reciente: 131.2
2025-10-23 09:54:05,833 - WARNING -    Degradación: 21.2
2025-10-23 09:54:05,833 - WARNING -    🔄 RESTAURANDO mejor solución...
2025-10-23 09:54:05,835 - DEBUG - Iter 77000: T=4.20, Fitness_actual=152.4, Mejor=152.4
2025-10-23 09:54:20,412 - DEBUG - Iter 77100: T=4.19, Fitness_actual=135.7, Mejor=152.4
2025-10-23 09:54:27,714 - WARNING - ⚠️  DEGRADACIÓN DETECTADA en iter 77150:
2025-10-23 09:54:27,714 - WARNING -    Mejor fitness: 152.4
2025-10-23 09:54:27,715 - WARNING -    Fitness promedio reciente: 128.1
2025-10-23 09:54:27,715 - WARNING -    Degradación: 24.3
2025-10-23 09:54:27,716 - WARNING -    🔄 RESTAURANDO mejor solución...
2025-10-23 09:54:34,975 - DEBUG - Iter 77200: T=4.18, Fitness_actual=136.1, Mejor=152.4
2025-10-23 09:54:42,242 - WARNING - ⚠️  DEGRADACIÓN DETECTADA en iter 77250:
2025-10-23 09:54:42,242 - WARNING -    Mejor fitness: 152.4
2025-10-23 09:54:42,243 - WARNING -    Fitness promedio reciente: 130.0
2025-10-23 09:54:42,243 - WARNING -    Degradación: 22.4
2025-10-23 09:54:42,243 - WARNING -    🔄 RESTAURANDO mejor solución...
2025-10-23 09:54:49,551 - DEBUG - Iter 77300: T=4.17, Fitness_actual=136.8, Mejor=152.4
2025-10-23 09:55:04,188 - WARNING - ⚠️  DEGRADACIÓN DETECTADA en iter 77400:
2025-10-23 09:55:04,189 - WARNING -    Mejor fitness: 152.4
2025-10-23 09:55:04,189 - WARNING -    Fitness promedio reciente: 130.6
2025-10-23 09:55:04,190 - WARNING -    Degradación: 21.8
2025-10-23 09:55:04,190 - WARNING -    🔄 RESTAURANDO mejor solución...
2025-10-23 09:55:04,191 - DEBUG - Iter 77400: T=4.15, Fitness_actual=152.4, Mejor=152.4
2025-10-23 09:55:04,191 - INFO - 🌟 MEJORA #348 en iter 77400: Fitness=152.4 (+0.0), Puntos=16865
2025-10-23 09:55:04,337 - INFO - 🌟 MEJORA #349 en iter 77401: Fitness=152.4 (+0.0), Puntos=16866
2025-10-23 09:55:18,752 - INFO -   Iter 77500 | Tiempo:  127.5min (53.1%) | T =     4.14 | Fitness =    128.3 | Mejor =    152.4 | Aceptación =  93.0%
2025-10-23 09:55:18,752 - INFO - Progreso iter 77500: T=4.14, Fitness=128.3, Mejor=152.4, Tasa_acept=93.0%
2025-10-23 09:55:18,754 - DEBUG - Iter 77500: T=4.14, Fitness_actual=128.3, Mejor=152.4
2025-10-23 09:55:26,096 - WARNING - ⚠️  DEGRADACIÓN DETECTADA en iter 77550:
2025-10-23 09:55:26,096 - WARNING -    Mejor fitness: 152.4
2025-10-23 09:55:26,096 - WARNING -    Fitness promedio reciente: 123.9
2025-10-23 09:55:26,097 - WARNING -    Degradación: 28.5
2025-10-23 09:55:26,097 - WARNING -    🔄 RESTAURANDO mejor solución...
2025-10-23 09:55:33,421 - DEBUG - Iter 77600: T=4.13, Fitness_actual=149.5, Mejor=152.4
2025-10-23 09:55:48,062 - DEBUG - Iter 77700: T=4.12, Fitness_actual=143.0, Mejor=152.4
2025-10-23 09:56:02,677 - WARNING - ⚠️  DEGRADACIÓN DETECTADA en iter 77800:
2025-10-23 09:56:02,677 - WARNING -    Mejor fitness: 152.4
2025-10-23 09:56:02,677 - WARNING -    Fitness promedio reciente: 113.9
2025-10-23 09:56:02,678 - WARNING -    Degradación: 38.5
2025-10-23 09:56:02,678 - WARNING -    🔄 RESTAURANDO mejor solución...
2025-10-23 09:56:02,681 - DEBUG - Iter 77800: T=4.10, Fitness_actual=152.4, Mejor=152.4
2025-10-23 09:56:17,340 - DEBUG - Iter 77900: T=4.09, Fitness_actual=136.6, Mejor=152.4
2025-10-23 09:56:32,025 - INFO -   Iter 78000 | Tiempo:  128.8min (53.7%) | T =     4.08 | Fitness =    126.3 | Mejor =    152.4 | Aceptación =  93.0%
2025-10-23 09:56:32,025 - INFO - Progreso iter 78000: T=4.08, Fitness=126.3, Mejor=152.4, Tasa_acept=93.0%
2025-10-23 09:56:32,025 - WARNING - ⚠️  DEGRADACIÓN DETECTADA en iter 78000:
2025-10-23 09:56:32,026 - WARNING -    Mejor fitness: 152.4
2025-10-23 09:56:32,026 - WARNING -    Fitness promedio reciente: 128.1
2025-10-23 09:56:32,026 - WARNING -    Degradación: 24.3
2025-10-23 09:56:32,026 - WARNING -    🔄 RESTAURANDO mejor solución...
2025-10-23 09:56:32,028 - DEBUG - Iter 78000: T=4.08, Fitness_actual=152.4, Mejor=152.4
2025-10-23 09:56:46,687 - DEBUG - Iter 78100: T=4.07, Fitness_actual=137.2, Mejor=152.4
2025-10-23 09:57:01,453 - WARNING - ⚠️  DEGRADACIÓN DETECTADA en iter 78200:
2025-10-23 09:57:01,453 - WARNING -    Mejor fitness: 152.4
2025-10-23 09:57:01,454 - WARNING -    Fitness promedio reciente: 129.0
2025-10-23 09:57:01,454 - WARNING -    Degradación: 23.5
2025-10-23 09:57:01,454 - WARNING -    🔄 RESTAURANDO mejor solución...
2025-10-23 09:57:01,458 - DEBUG - Iter 78200: T=4.06, Fitness_actual=152.4, Mejor=152.4
2025-10-23 09:57:16,114 - DEBUG - Iter 78300: T=4.04, Fitness_actual=143.8, Mejor=152.4
2025-10-23 09:57:30,818 - DEBUG - Iter 78400: T=4.03, Fitness_actual=139.3, Mejor=152.4
2025-10-23 09:57:45,550 - INFO -   Iter 78500 | Tiempo:  130.0min (54.2%) | T =     4.02 | Fitness =    119.0 | Mejor =    152.4 | Aceptación =  92.9%
2025-10-23 09:57:45,550 - INFO - Progreso iter 78500: T=4.02, Fitness=119.0, Mejor=152.4, Tasa_acept=92.9%
2025-10-23 09:57:45,551 - WARNING - ⚠️  DEGRADACIÓN DETECTADA en iter 78500:
2025-10-23 09:57:45,551 - WARNING -    Mejor fitness: 152.4
2025-10-23 09:57:45,551 - WARNING -    Fitness promedio reciente: 129.5
2025-10-23 09:57:45,552 - WARNING -    Degradación: 22.9
2025-10-23 09:57:45,552 - WARNING -    🔄 RESTAURANDO mejor solución...
2025-10-23 09:57:45,555 - DEBUG - Iter 78500: T=4.02, Fitness_actual=152.4, Mejor=152.4
2025-10-23 09:58:00,720 - WARNING - ⚠️  DEGRADACIÓN DETECTADA en iter 78600:
2025-10-23 09:58:00,721 - WARNING -    Mejor fitness: 152.4
2025-10-23 09:58:00,721 - WARNING -    Fitness promedio reciente: 128.2
2025-10-23 09:58:00,721 - WARNING -    Degradación: 24.2
2025-10-23 09:58:00,722 - WARNING -    🔄 RESTAURANDO mejor solución...
2025-10-23 09:58:00,723 - DEBUG - Iter 78600: T=4.01, Fitness_actual=152.4, Mejor=152.4
2025-10-23 09:58:00,723 - INFO - 🌟 MEJORA #350 en iter 78600: Fitness=152.4 (+0.0), Puntos=16866
2025-10-23 09:58:00,723 - INFO -   ✨ Mejora #350 en iteración 78601: Fitness = 152.4 | Puntos = 16866 | T = 4.01
2025-10-23 09:58:15,948 - DEBUG - Iter 78700: T=3.99, Fitness_actual=135.7, Mejor=152.4
2025-10-23 09:58:31,155 - WARNING - ⚠️  DEGRADACIÓN DETECTADA en iter 78800:
2025-10-23 09:58:31,155 - WARNING -    Mejor fitness: 152.4
2025-10-23 09:58:31,156 - WARNING -    Fitness promedio reciente: 130.8
2025-10-23 09:58:31,156 - WARNING -    Degradación: 21.7
2025-10-23 09:58:31,156 - WARNING -    🔄 RESTAURANDO mejor solución...
2025-10-23 09:58:31,160 - DEBUG - Iter 78800: T=3.98, Fitness_actual=152.4, Mejor=152.4
2025-10-23 09:58:32,677 - WARNING - ================================================================================
2025-10-23 09:58:32,677 - WARNING - ⚠️  SALTO ANORMAL DETECTADO en iteración 78810
2025-10-23 09:58:32,678 - WARNING -    Fitness actual: 150.2
2025-10-23 09:58:32,678 - WARNING -    Fitness vecino: 123.6
2025-10-23 09:58:32,679 - WARNING -    Delta: -26.6
2025-10-23 09:58:32,679 - WARNING -    Temperatura: 3.98
2025-10-23 09:58:32,679 - WARNING -    Tipo perturbación aplicada: (ver generar_vecino)
2025-10-23 09:58:32,679 - WARNING -    Vecino - Puntos: 16207, Tiempo: 14428.5min, Distancia: 194.0km
2025-10-23 09:58:32,679 - WARNING -    Actual - Puntos: 16775, Tiempo: 12927.3min, Distancia: 78.9km
2025-10-23 09:58:32,680 - WARNING -    Validez restricciones - Vecino: False, Actual: False
2025-10-23 09:58:32,680 - WARNING - ================================================================================
2025-10-23 09:58:32,680 - WARNING - ⚠️  SALTO ANORMAL DETECTADO en iteración 78810
2025-10-23 09:58:32,680 - WARNING -    Fitness: 150.2 → 123.6 (Δ=-26.6)
2025-10-23 09:58:32,681 - WARNING -    Ver detalles en archivo de log
2025-10-23 09:58:46,399 - DEBUG - Iter 78900: T=3.97, Fitness_actual=135.6, Mejor=152.4
2025-10-23 09:59:01,924 - INFO -   Iter 79000 | Tiempo:  131.3min (54.7%) | T =     3.96 | Fitness =    126.1 | Mejor =    152.4 | Aceptación =  92.9%
2025-10-23 09:59:01,924 - INFO - Progreso iter 79000: T=3.96, Fitness=126.1, Mejor=152.4, Tasa_acept=92.9%
2025-10-23 09:59:01,926 - WARNING - ⚠️  DEGRADACIÓN DETECTADA en iter 79000:
2025-10-23 09:59:01,926 - WARNING -    Mejor fitness: 152.4
2025-10-23 09:59:01,926 - WARNING -    Fitness promedio reciente: 125.3
2025-10-23 09:59:01,926 - WARNING -    Degradación: 27.2
2025-10-23 09:59:01,927 - WARNING -    🔄 RESTAURANDO mejor solución...
2025-10-23 09:59:01,930 - DEBUG - Iter 79000: T=3.96, Fitness_actual=152.4, Mejor=152.4
2025-10-23 09:59:17,344 - DEBUG - Iter 79100: T=3.95, Fitness_actual=139.3, Mejor=152.4
2025-10-23 09:59:25,090 - WARNING - ⚠️  DEGRADACIÓN DETECTADA en iter 79150:
2025-10-23 09:59:25,090 - WARNING -    Mejor fitness: 152.4
2025-10-23 09:59:25,090 - WARNING -    Fitness promedio reciente: 132.0
2025-10-23 09:59:25,091 - WARNING -    Degradación: 20.4
2025-10-23 09:59:25,091 - WARNING -    🔄 RESTAURANDO mejor solución...
2025-10-23 09:59:32,815 - DEBUG - Iter 79200: T=3.93, Fitness_actual=144.6, Mejor=152.4
2025-10-23 09:59:48,314 - WARNING - ⚠️  DEGRADACIÓN DETECTADA en iter 79300:
2025-10-23 09:59:48,314 - WARNING -    Mejor fitness: 152.4
2025-10-23 09:59:48,315 - WARNING -    Fitness promedio reciente: 123.9
2025-10-23 09:59:48,315 - WARNING -    Degradación: 28.6
2025-10-23 09:59:48,316 - WARNING -    🔄 RESTAURANDO mejor solución...
2025-10-23 09:59:48,320 - DEBUG - Iter 79300: T=3.92, Fitness_actual=152.4, Mejor=152.4
2025-10-23 09:59:48,628 - INFO - 🌟 MEJORA #351 en iter 79302: Fitness=152.4 (+0.0), Puntos=16866
2025-10-23 09:59:48,783 - INFO - 🌟 MEJORA #352 en iter 79303: Fitness=152.5 (+0.0), Puntos=16870
2025-10-23 10:00:03,863 - DEBUG - Iter 79400: T=3.91, Fitness_actual=139.4, Mejor=152.5
2025-10-23 10:00:19,405 - INFO -   Iter 79500 | Tiempo:  132.6min (55.2%) | T =     3.90 | Fitness =    129.8 | Mejor =    152.5 | Aceptación =  92.9%
2025-10-23 10:00:19,405 - INFO - Progreso iter 79500: T=3.90, Fitness=129.8, Mejor=152.5, Tasa_acept=92.9%
2025-10-23 10:00:19,408 - DEBUG - Iter 79500: T=3.90, Fitness_actual=129.8, Mejor=152.5
2025-10-23 10:00:27,144 - WARNING - ⚠️  DEGRADACIÓN DETECTADA en iter 79550:
2025-10-23 10:00:27,144 - WARNING -    Mejor fitness: 152.5
2025-10-23 10:00:27,145 - WARNING -    Fitness promedio reciente: 131.7
2025-10-23 10:00:27,145 - WARNING -    Degradación: 20.8
2025-10-23 10:00:27,145 - WARNING -    🔄 RESTAURANDO mejor solución...
2025-10-23 10:00:27,302 - INFO - 🌟 MEJORA #353 en iter 79551: Fitness=152.5 (+0.0), Puntos=16870
2025-10-23 10:00:34,999 - DEBUG - Iter 79600: T=3.88, Fitness_actual=132.8, Mejor=152.5
2025-10-23 10:00:50,510 - WARNING - ⚠️  DEGRADACIÓN DETECTADA en iter 79700:
2025-10-23 10:00:50,510 - WARNING -    Mejor fitness: 152.5
2025-10-23 10:00:50,511 - WARNING -    Fitness promedio reciente: 117.0
2025-10-23 10:00:50,511 - WARNING -    Degradación: 35.4
2025-10-23 10:00:50,511 - WARNING -    🔄 RESTAURANDO mejor solución...
2025-10-23 10:00:50,513 - DEBUG - Iter 79700: T=3.87, Fitness_actual=152.5, Mejor=152.5
2025-10-23 10:01:06,127 - WARNING - ⚠️  DEGRADACIÓN DETECTADA en iter 79800:
2025-10-23 10:01:06,128 - WARNING -    Mejor fitness: 152.5
2025-10-23 10:01:06,128 - WARNING -    Fitness promedio reciente: 128.5
2025-10-23 10:01:06,129 - WARNING -    Degradación: 24.0
2025-10-23 10:01:06,129 - WARNING -    🔄 RESTAURANDO mejor solución...
2025-10-23 10:01:06,130 - DEBUG - Iter 79800: T=3.86, Fitness_actual=152.5, Mejor=152.5
2025-10-23 10:01:21,756 - DEBUG - Iter 79900: T=3.85, Fitness_actual=140.1, Mejor=152.5
2025-10-23 10:01:29,603 - WARNING - ⚠️  DEGRADACIÓN DETECTADA en iter 79950:
2025-10-23 10:01:29,604 - WARNING -    Mejor fitness: 152.5
2025-10-23 10:01:29,604 - WARNING -    Fitness promedio reciente: 130.4
2025-10-23 10:01:29,605 - WARNING -    Degradación: 22.1
2025-10-23 10:01:29,605 - WARNING -    🔄 RESTAURANDO mejor solución...
2025-10-23 10:01:37,414 - INFO -   Iter 80000 | Tiempo:  133.9min (55.8%) | T =     3.83 | Fitness =    140.0 | Mejor =    152.5 | Aceptación =  92.8%
2025-10-23 10:01:37,414 - INFO - Progreso iter 80000: T=3.83, Fitness=140.0, Mejor=152.5, Tasa_acept=92.8%
2025-10-23 10:01:37,417 - DEBUG - Iter 80000: T=3.83, Fitness_actual=140.0, Mejor=152.5
2025-10-23 10:01:53,059 - WARNING - ⚠️  DEGRADACIÓN DETECTADA en iter 80100:
2025-10-23 10:01:53,059 - WARNING -    Mejor fitness: 152.5
2025-10-23 10:01:53,059 - WARNING -    Fitness promedio reciente: 130.3
2025-10-23 10:01:53,060 - WARNING -    Degradación: 22.2
2025-10-23 10:01:53,060 - WARNING -    🔄 RESTAURANDO mejor solución...
2025-10-23 10:01:53,064 - DEBUG - Iter 80100: T=3.82, Fitness_actual=152.5, Mejor=152.5
2025-10-23 10:02:08,713 - DEBUG - Iter 80200: T=3.81, Fitness_actual=132.5, Mejor=152.5
2025-10-23 10:02:16,566 - WARNING - ⚠️  DEGRADACIÓN DETECTADA en iter 80250:
2025-10-23 10:02:16,567 - WARNING -    Mejor fitness: 152.5
2025-10-23 10:02:16,567 - WARNING -    Fitness promedio reciente: 132.4
2025-10-23 10:02:16,567 - WARNING -    Degradación: 20.1
2025-10-23 10:02:16,568 - WARNING -    🔄 RESTAURANDO mejor solución...
2025-10-23 10:02:24,446 - DEBUG - Iter 80300: T=3.80, Fitness_actual=131.7, Mejor=152.5
2025-10-23 10:02:32,270 - WARNING - ⚠️  DEGRADACIÓN DETECTADA en iter 80350:
2025-10-23 10:02:32,270 - WARNING -    Mejor fitness: 152.5
2025-10-23 10:02:32,271 - WARNING -    Fitness promedio reciente: 127.0
2025-10-23 10:02:32,271 - WARNING -    Degradación: 25.5
2025-10-23 10:02:32,271 - WARNING -    🔄 RESTAURANDO mejor solución...
2025-10-23 10:02:40,119 - DEBUG - Iter 80400: T=3.79, Fitness_actual=138.3, Mejor=152.5
2025-10-23 10:02:55,803 - INFO -   Iter 80500 | Tiempo:  135.2min (56.3%) | T =     3.77 | Fitness =    127.8 | Mejor =    152.5 | Aceptación =  92.8%
2025-10-23 10:02:55,803 - INFO - Progreso iter 80500: T=3.77, Fitness=127.8, Mejor=152.5, Tasa_acept=92.8%
2025-10-23 10:02:55,804 - WARNING - ⚠️  DEGRADACIÓN DETECTADA en iter 80500:
2025-10-23 10:02:55,804 - WARNING -    Mejor fitness: 152.5
2025-10-23 10:02:55,804 - WARNING -    Fitness promedio reciente: 127.7
2025-10-23 10:02:55,804 - WARNING -    Degradación: 24.8
2025-10-23 10:02:55,805 - WARNING -    🔄 RESTAURANDO mejor solución...
2025-10-23 10:02:55,806 - DEBUG - Iter 80500: T=3.77, Fitness_actual=152.5, Mejor=152.5
2025-10-23 10:03:11,481 - DEBUG - Iter 80600: T=3.76, Fitness_actual=133.9, Mejor=152.5
2025-10-23 10:03:19,347 - WARNING - ⚠️  DEGRADACIÓN DETECTADA en iter 80650:
2025-10-23 10:03:19,347 - WARNING -    Mejor fitness: 152.5
2025-10-23 10:03:19,348 - WARNING -    Fitness promedio reciente: 131.5
2025-10-23 10:03:19,348 - WARNING -    Degradación: 20.9
2025-10-23 10:03:19,348 - WARNING -    🔄 RESTAURANDO mejor solución...
2025-10-23 10:03:19,664 - INFO - 🌟 MEJORA #354 en iter 80652: Fitness=152.5 (+0.0), Puntos=16870
2025-10-23 10:03:27,187 - DEBUG - Iter 80700: T=3.75, Fitness_actual=142.9, Mejor=152.5
2025-10-23 10:03:42,847 - WARNING - ⚠️  DEGRADACIÓN DETECTADA en iter 80800:
2025-10-23 10:03:42,848 - WARNING -    Mejor fitness: 152.5
2025-10-23 10:03:42,849 - WARNING -    Fitness promedio reciente: 129.1
2025-10-23 10:03:42,849 - WARNING -    Degradación: 23.3
2025-10-23 10:03:42,850 - WARNING -    🔄 RESTAURANDO mejor solución...
2025-10-23 10:03:42,851 - DEBUG - Iter 80800: T=3.74, Fitness_actual=152.5, Mejor=152.5
2025-10-23 10:03:58,288 - DEBUG - Iter 80900: T=3.73, Fitness_actual=131.6, Mejor=152.5
2025-10-23 10:04:06,013 - WARNING - ⚠️  DEGRADACIÓN DETECTADA en iter 80950:
2025-10-23 10:04:06,013 - WARNING -    Mejor fitness: 152.5
2025-10-23 10:04:06,014 - WARNING -    Fitness promedio reciente: 128.8
2025-10-23 10:04:06,014 - WARNING -    Degradación: 23.6
2025-10-23 10:04:06,014 - WARNING -    🔄 RESTAURANDO mejor solución...
2025-10-23 10:04:06,016 - INFO - 🌟 MEJORA #355 en iter 80950: Fitness=152.5 (+0.0), Puntos=16870
2025-10-23 10:04:06,016 - INFO -   ✨ Mejora #355 en iteración 80951: Fitness = 152.5 | Puntos = 16870 | T = 3.72
2025-10-23 10:04:13,760 - INFO -   Iter 81000 | Tiempo:  136.5min (56.9%) | T =     3.71 | Fitness =    132.8 | Mejor =    152.5 | Aceptación =  92.7%
2025-10-23 10:04:13,760 - INFO - Progreso iter 81000: T=3.71, Fitness=132.8, Mejor=152.5, Tasa_acept=92.7%
2025-10-23 10:04:13,763 - DEBUG - Iter 81000: T=3.71, Fitness_actual=132.8, Mejor=152.5
2025-10-23 10:04:29,325 - WARNING - ⚠️  DEGRADACIÓN DETECTADA en iter 81100:
2025-10-23 10:04:29,325 - WARNING -    Mejor fitness: 152.5
2025-10-23 10:04:29,326 - WARNING -    Fitness promedio reciente: 131.1
2025-10-23 10:04:29,326 - WARNING -    Degradación: 21.4
2025-10-23 10:04:29,326 - WARNING -    🔄 RESTAURANDO mejor solución...
2025-10-23 10:04:29,328 - DEBUG - Iter 81100: T=3.70, Fitness_actual=152.5, Mejor=152.5
2025-10-23 10:04:29,328 - INFO - 🌟 MEJORA #356 en iter 81100: Fitness=152.5 (+0.0), Puntos=16870
2025-10-23 10:04:29,796 - INFO - 🌟 MEJORA #357 en iter 81103: Fitness=152.5 (+0.0), Puntos=16870
2025-10-23 10:04:29,949 - INFO - 🌟 MEJORA #358 en iter 81104: Fitness=152.5 (+0.0), Puntos=16870
2025-10-23 10:04:44,919 - DEBUG - Iter 81200: T=3.69, Fitness_actual=140.5, Mejor=152.5
2025-10-23 10:05:00,489 - WARNING - ⚠️  DEGRADACIÓN DETECTADA en iter 81300:
2025-10-23 10:05:00,490 - WARNING -    Mejor fitness: 152.5
2025-10-23 10:05:00,490 - WARNING -    Fitness promedio reciente: 128.1
2025-10-23 10:05:00,490 - WARNING -    Degradación: 24.4
2025-10-23 10:05:00,491 - WARNING -    🔄 RESTAURANDO mejor solución...
2025-10-23 10:05:00,492 - DEBUG - Iter 81300: T=3.68, Fitness_actual=152.5, Mejor=152.5
2025-10-23 10:05:00,492 - INFO - 🌟 MEJORA #359 en iter 81300: Fitness=152.5 (+0.0), Puntos=16870
2025-10-23 10:05:16,098 - DEBUG - Iter 81400: T=3.67, Fitness_actual=119.6, Mejor=152.5
2025-10-23 10:05:23,914 - WARNING - ⚠️  DEGRADACIÓN DETECTADA en iter 81450:
2025-10-23 10:05:23,914 - WARNING -    Mejor fitness: 152.5
2025-10-23 10:05:23,915 - WARNING -    Fitness promedio reciente: 114.5
2025-10-23 10:05:23,915 - WARNING -    Degradación: 38.0
2025-10-23 10:05:23,915 - WARNING -    🔄 RESTAURANDO mejor solución...
2025-10-23 10:05:24,233 - INFO - 🌟 MEJORA #360 en iter 81452: Fitness=152.5 (+0.0), Puntos=16870
2025-10-23 10:05:24,233 - INFO -   ✨ Mejora #360 en iteración 81453: Fitness = 152.5 | Puntos = 16870 | T = 3.66
2025-10-23 10:05:31,762 - INFO -   Iter 81500 | Tiempo:  137.8min (57.4%) | T =     3.66 | Fitness =    134.1 | Mejor =    152.5 | Aceptación =  92.7%
2025-10-23 10:05:31,762 - INFO - Progreso iter 81500: T=3.66, Fitness=134.1, Mejor=152.5, Tasa_acept=92.7%
2025-10-23 10:05:31,765 - DEBUG - Iter 81500: T=3.66, Fitness_actual=134.1, Mejor=152.5
2025-10-23 10:05:47,369 - WARNING - ⚠️  DEGRADACIÓN DETECTADA en iter 81600:
2025-10-23 10:05:47,369 - WARNING -    Mejor fitness: 152.5
2025-10-23 10:05:47,370 - WARNING -    Fitness promedio reciente: 110.0
2025-10-23 10:05:47,370 - WARNING -    Degradación: 42.4
2025-10-23 10:05:47,370 - WARNING -    🔄 RESTAURANDO mejor solución...
2025-10-23 10:05:47,371 - DEBUG - Iter 81600: T=3.64, Fitness_actual=152.5, Mejor=152.5
2025-10-23 10:06:02,987 - DEBUG - Iter 81700: T=3.63, Fitness_actual=135.1, Mejor=152.5
2025-10-23 10:06:10,866 - WARNING - ⚠️  DEGRADACIÓN DETECTADA en iter 81750:
2025-10-23 10:06:10,866 - WARNING -    Mejor fitness: 152.5
2025-10-23 10:06:10,867 - WARNING -    Fitness promedio reciente: 130.8
2025-10-23 10:06:10,867 - WARNING -    Degradación: 21.7
2025-10-23 10:06:10,868 - WARNING -    🔄 RESTAURANDO mejor solución...
2025-10-23 10:06:11,644 - INFO - 🌟 MEJORA #361 en iter 81755: Fitness=152.5 (+0.0), Puntos=16871
2025-10-23 10:06:14,128 - INFO - Iter 81771: Aceptada solución con delta=-11.0 (T=3.63)
2025-10-23 10:06:14,129 - INFO -   📊 Desglose del cambio:
2025-10-23 10:06:14,129 - INFO -      Puntos: +0 → 16820 total
2025-10-23 10:06:14,130 - INFO -      Tiempo: -120.0min → 12740.2min total
2025-10-23 10:06:14,130 - INFO -      Distancia: +0.0km → 78.4km total
2025-10-23 10:06:18,645 - DEBUG - Iter 81800: T=3.62, Fitness_actual=128.7, Mejor=152.5
2025-10-23 10:06:33,865 - WARNING - ⚠️  DEGRADACIÓN DETECTADA en iter 81900:
2025-10-23 10:06:33,866 - WARNING -    Mejor fitness: 152.5
2025-10-23 10:06:33,866 - WARNING -    Fitness promedio reciente: 117.9
2025-10-23 10:06:33,866 - WARNING -    Degradación: 34.6
2025-10-23 10:06:33,867 - WARNING -    🔄 RESTAURANDO mejor solución...
2025-10-23 10:06:33,869 - DEBUG - Iter 81900: T=3.61, Fitness_actual=152.5, Mejor=152.5
2025-10-23 10:06:33,869 - INFO - 🌟 MEJORA #362 en iter 81900: Fitness=152.5 (+0.0), Puntos=16875
2025-10-23 10:06:34,477 - INFO - 🌟 MEJORA #363 en iter 81904: Fitness=152.6 (+0.1), Puntos=16882
2025-10-23 10:06:49,063 - INFO -   Iter 82000 | Tiempo:  139.0min (57.9%) | T =     3.60 | Fitness =    140.1 | Mejor =    152.6 | Aceptación =  92.7%
2025-10-23 10:06:49,064 - INFO - Progreso iter 82000: T=3.60, Fitness=140.1, Mejor=152.6, Tasa_acept=92.7%
2025-10-23 10:06:49,067 - DEBUG - Iter 82000: T=3.60, Fitness_actual=140.1, Mejor=152.6
2025-10-23 10:07:04,343 - WARNING - ⚠️  DEGRADACIÓN DETECTADA en iter 82100:
2025-10-23 10:07:04,343 - WARNING -    Mejor fitness: 152.6
2025-10-23 10:07:04,344 - WARNING -    Fitness promedio reciente: 127.2
2025-10-23 10:07:04,344 - WARNING -    Degradación: 25.4
2025-10-23 10:07:04,344 - WARNING -    🔄 RESTAURANDO mejor solución...
2025-10-23 10:07:04,346 - DEBUG - Iter 82100: T=3.59, Fitness_actual=152.6, Mejor=152.6
2025-10-23 10:07:19,461 - DEBUG - Iter 82200: T=3.58, Fitness_actual=136.0, Mejor=152.6
2025-10-23 10:07:34,609 - WARNING - ⚠️  DEGRADACIÓN DETECTADA en iter 82300:
2025-10-23 10:07:34,609 - WARNING -    Mejor fitness: 152.6
2025-10-23 10:07:34,610 - WARNING -    Fitness promedio reciente: 130.0
2025-10-23 10:07:34,610 - WARNING -    Degradación: 22.6
2025-10-23 10:07:34,610 - WARNING -    🔄 RESTAURANDO mejor solución...
2025-10-23 10:07:34,611 - DEBUG - Iter 82300: T=3.57, Fitness_actual=152.6, Mejor=152.6
2025-10-23 10:07:49,808 - DEBUG - Iter 82400: T=3.56, Fitness_actual=133.7, Mejor=152.6
2025-10-23 10:08:05,058 - INFO -   Iter 82500 | Tiempo:  140.3min (58.5%) | T =     3.54 | Fitness =    118.8 | Mejor =    152.6 | Aceptación =  92.7%
2025-10-23 10:08:05,058 - INFO - Progreso iter 82500: T=3.54, Fitness=118.8, Mejor=152.6, Tasa_acept=92.7%
2025-10-23 10:08:05,059 - WARNING - ⚠️  DEGRADACIÓN DETECTADA en iter 82500:
2025-10-23 10:08:05,059 - WARNING -    Mejor fitness: 152.6
2025-10-23 10:08:05,059 - WARNING -    Fitness promedio reciente: 125.6
2025-10-23 10:08:05,060 - WARNING -    Degradación: 27.0
2025-10-23 10:08:05,060 - WARNING -    🔄 RESTAURANDO mejor solución...
2025-10-23 10:08:05,064 - DEBUG - Iter 82500: T=3.54, Fitness_actual=152.6, Mejor=152.6
2025-10-23 10:08:20,275 - DEBUG - Iter 82600: T=3.53, Fitness_actual=133.0, Mejor=152.6
2025-10-23 10:08:27,847 - WARNING - ⚠️  DEGRADACIÓN DETECTADA en iter 82650:
2025-10-23 10:08:27,847 - WARNING -    Mejor fitness: 152.6
2025-10-23 10:08:27,848 - WARNING -    Fitness promedio reciente: 128.3
2025-10-23 10:08:27,848 - WARNING -    Degradación: 24.3
2025-10-23 10:08:27,849 - WARNING -    🔄 RESTAURANDO mejor solución...
2025-10-23 10:08:35,471 - DEBUG - Iter 82700: T=3.52, Fitness_actual=129.8, Mejor=152.6
2025-10-23 10:08:43,098 - WARNING - ⚠️  DEGRADACIÓN DETECTADA en iter 82750:
2025-10-23 10:08:43,098 - WARNING -    Mejor fitness: 152.6
2025-10-23 10:08:43,098 - WARNING -    Fitness promedio reciente: 128.9
2025-10-23 10:08:43,099 - WARNING -    Degradación: 23.7
2025-10-23 10:08:43,099 - WARNING -    🔄 RESTAURANDO mejor solución...
2025-10-23 10:08:50,744 - DEBUG - Iter 82800: T=3.51, Fitness_actual=138.0, Mejor=152.6
2025-10-23 10:08:58,382 - WARNING - ⚠️  DEGRADACIÓN DETECTADA en iter 82850:
2025-10-23 10:08:58,382 - WARNING -    Mejor fitness: 152.6
2025-10-23 10:08:58,383 - WARNING -    Fitness promedio reciente: 131.8
2025-10-23 10:08:58,383 - WARNING -    Degradación: 20.8
2025-10-23 10:08:58,384 - WARNING -    🔄 RESTAURANDO mejor solución...
2025-10-23 10:09:06,034 - DEBUG - Iter 82900: T=3.50, Fitness_actual=140.3, Mejor=152.6
2025-10-23 10:09:10,009 - INFO - Iter 82926: Aceptada solución con delta=-10.0 (T=3.50)
2025-10-23 10:09:10,009 - INFO -   📊 Desglose del cambio:
2025-10-23 10:09:10,010 - INFO -      Puntos: +0 → 16073 total
2025-10-23 10:09:10,010 - INFO -      Tiempo: +231.5min → 13135.9min total
2025-10-23 10:09:10,010 - INFO -      Distancia: +4.3km → 120.9km total
2025-10-23 10:09:13,654 - WARNING - ⚠️  DEGRADACIÓN DETECTADA en iter 82950:
2025-10-23 10:09:13,654 - WARNING -    Mejor fitness: 152.6
2025-10-23 10:09:13,655 - WARNING -    Fitness promedio reciente: 131.1
2025-10-23 10:09:13,655 - WARNING -    Degradación: 21.5
2025-10-23 10:09:13,658 - WARNING -    🔄 RESTAURANDO mejor solución...
2025-10-23 10:09:21,292 - INFO -   Iter 83000 | Tiempo:  141.6min (59.0%) | T =     3.49 | Fitness =    137.2 | Mejor =    152.6 | Aceptación =  92.6%
2025-10-23 10:09:21,292 - INFO - Progreso iter 83000: T=3.49, Fitness=137.2, Mejor=152.6, Tasa_acept=92.6%
2025-10-23 10:09:21,295 - DEBUG - Iter 83000: T=3.49, Fitness_actual=137.2, Mejor=152.6
2025-10-23 10:09:36,596 - WARNING - ⚠️  DEGRADACIÓN DETECTADA en iter 83100:
2025-10-23 10:09:36,596 - WARNING -    Mejor fitness: 152.6
2025-10-23 10:09:36,597 - WARNING -    Fitness promedio reciente: 131.4
2025-10-23 10:09:36,598 - WARNING -    Degradación: 21.1
2025-10-23 10:09:36,598 - WARNING -    🔄 RESTAURANDO mejor solución...
2025-10-23 10:09:36,600 - DEBUG - Iter 83100: T=3.48, Fitness_actual=152.6, Mejor=152.6
2025-10-23 10:09:36,909 - INFO - 🌟 MEJORA #364 en iter 83102: Fitness=152.6 (+0.0), Puntos=16884
2025-10-23 10:09:51,875 - DEBUG - Iter 83200: T=3.47, Fitness_actual=138.0, Mejor=152.6
2025-10-23 10:09:59,551 - WARNING - ⚠️  DEGRADACIÓN DETECTADA en iter 83250:
2025-10-23 10:09:59,551 - WARNING -    Mejor fitness: 152.6
2025-10-23 10:09:59,552 - WARNING -    Fitness promedio reciente: 131.6
2025-10-23 10:09:59,552 - WARNING -    Degradación: 21.0
2025-10-23 10:09:59,552 - WARNING -    🔄 RESTAURANDO mejor solución...
2025-10-23 10:10:07,218 - DEBUG - Iter 83300: T=3.46, Fitness_actual=125.8, Mejor=152.6
2025-10-23 10:10:14,858 - WARNING - ⚠️  DEGRADACIÓN DETECTADA en iter 83350:
2025-10-23 10:10:14,858 - WARNING -    Mejor fitness: 152.6
2025-10-23 10:10:14,858 - WARNING -    Fitness promedio reciente: 126.6
2025-10-23 10:10:14,859 - WARNING -    Degradación: 26.0
2025-10-23 10:10:14,859 - WARNING -    🔄 RESTAURANDO mejor solución...
2025-10-23 10:10:22,667 - DEBUG - Iter 83400: T=3.45, Fitness_actual=126.5, Mejor=152.6
2025-10-23 10:10:30,577 - WARNING - ⚠️  DEGRADACIÓN DETECTADA en iter 83450:
2025-10-23 10:10:30,577 - WARNING -    Mejor fitness: 152.6
2025-10-23 10:10:30,578 - WARNING -    Fitness promedio reciente: 121.7
2025-10-23 10:10:30,579 - WARNING -    Degradación: 30.9
2025-10-23 10:10:30,579 - WARNING -    🔄 RESTAURANDO mejor solución...
2025-10-23 10:10:38,245 - INFO -   Iter 83500 | Tiempo:  142.9min (59.5%) | T =     3.44 | Fitness =    132.0 | Mejor =    152.6 | Aceptación =  92.6%
2025-10-23 10:10:38,245 - INFO - Progreso iter 83500: T=3.44, Fitness=132.0, Mejor=152.6, Tasa_acept=92.6%
2025-10-23 10:10:38,248 - DEBUG - Iter 83500: T=3.44, Fitness_actual=132.0, Mejor=152.6
2025-10-23 10:10:45,906 - WARNING - ⚠️  DEGRADACIÓN DETECTADA en iter 83550:
2025-10-23 10:10:45,906 - WARNING -    Mejor fitness: 152.6
2025-10-23 10:10:45,909 - WARNING -    Fitness promedio reciente: 129.3
2025-10-23 10:10:45,909 - WARNING -    Degradación: 23.3
2025-10-23 10:10:45,909 - WARNING -    🔄 RESTAURANDO mejor solución...
2025-10-23 10:10:46,370 - INFO - 🌟 MEJORA #365 en iter 83553: Fitness=152.7 (+0.1), Puntos=16890
2025-10-23 10:10:46,370 - INFO -   ✨ Mejora #365 en iteración 83554: Fitness = 152.7 | Puntos = 16890 | T = 3.43
2025-10-23 10:10:53,574 - DEBUG - Iter 83600: T=3.43, Fitness_actual=145.7, Mejor=152.7
2025-10-23 10:11:09,012 - WARNING - ⚠️  DEGRADACIÓN DETECTADA en iter 83700:
2025-10-23 10:11:09,012 - WARNING -    Mejor fitness: 152.7
2025-10-23 10:11:09,012 - WARNING -    Fitness promedio reciente: 132.2
2025-10-23 10:11:09,013 - WARNING -    Degradación: 20.4
2025-10-23 10:11:09,013 - WARNING -    🔄 RESTAURANDO mejor solución...
2025-10-23 10:11:09,017 - DEBUG - Iter 83700: T=3.42, Fitness_actual=152.7, Mejor=152.7
2025-10-23 10:11:24,328 - DEBUG - Iter 83800: T=3.40, Fitness_actual=133.7, Mejor=152.7
2025-10-23 10:11:27,999 - INFO - Iter 83824: Aceptada solución con delta=-10.5 (T=3.40)
2025-10-23 10:11:27,999 - INFO -   📊 Desglose del cambio:
2025-10-23 10:11:27,999 - INFO -      Puntos: +0 → 16591 total
2025-10-23 10:11:28,000 - INFO -      Tiempo: -157.8min → 12941.8min total
2025-10-23 10:11:28,000 - INFO -      Distancia: +1.8km → 97.2km total
2025-10-23 10:11:31,964 - WARNING - ⚠️  DEGRADACIÓN DETECTADA en iter 83850:
2025-10-23 10:11:31,964 - WARNING -    Mejor fitness: 152.7
2025-10-23 10:11:31,965 - WARNING -    Fitness promedio reciente: 125.7
2025-10-23 10:11:31,965 - WARNING -    Degradación: 27.0
2025-10-23 10:11:31,965 - WARNING -    🔄 RESTAURANDO mejor solución...
2025-10-23 10:11:39,652 - DEBUG - Iter 83900: T=3.39, Fitness_actual=143.3, Mejor=152.7
2025-10-23 10:11:55,001 - INFO -   Iter 84000 | Tiempo:  144.1min (60.1%) | T =     3.38 | Fitness =    137.8 | Mejor =    152.7 | Aceptación =  92.6%
2025-10-23 10:11:55,001 - INFO - Progreso iter 84000: T=3.38, Fitness=137.8, Mejor=152.7, Tasa_acept=92.6%
2025-10-23 10:11:55,004 - DEBUG - Iter 84000: T=3.38, Fitness_actual=137.8, Mejor=152.7
2025-10-23 10:12:10,443 - WARNING - ⚠️  DEGRADACIÓN DETECTADA en iter 84100:
2025-10-23 10:12:10,443 - WARNING -    Mejor fitness: 152.7
2025-10-23 10:12:10,444 - WARNING -    Fitness promedio reciente: 132.0
2025-10-23 10:12:10,444 - WARNING -    Degradación: 20.7
2025-10-23 10:12:10,444 - WARNING -    🔄 RESTAURANDO mejor solución...
2025-10-23 10:12:10,445 - DEBUG - Iter 84100: T=3.37, Fitness_actual=152.7, Mejor=152.7
2025-10-23 10:12:25,987 - DEBUG - Iter 84200: T=3.36, Fitness_actual=134.3, Mejor=152.7
2025-10-23 10:12:33,706 - WARNING - ⚠️  DEGRADACIÓN DETECTADA en iter 84250:
2025-10-23 10:12:33,706 - WARNING -    Mejor fitness: 152.7
2025-10-23 10:12:33,707 - WARNING -    Fitness promedio reciente: 130.0
2025-10-23 10:12:33,707 - WARNING -    Degradación: 22.7
2025-10-23 10:12:33,708 - WARNING -    🔄 RESTAURANDO mejor solución...
2025-10-23 10:12:34,328 - INFO - 🌟 MEJORA #366 en iter 84254: Fitness=152.7 (+0.0), Puntos=16892
2025-10-23 10:12:41,434 - DEBUG - Iter 84300: T=3.35, Fitness_actual=140.5, Mejor=152.7
2025-10-23 10:12:56,909 - WARNING - ⚠️  DEGRADACIÓN DETECTADA en iter 84400:
2025-10-23 10:12:56,909 - WARNING -    Mejor fitness: 152.7
2025-10-23 10:12:56,910 - WARNING -    Fitness promedio reciente: 122.9
2025-10-23 10:12:56,910 - WARNING -    Degradación: 29.7
2025-10-23 10:12:56,910 - WARNING -    🔄 RESTAURANDO mejor solución...
2025-10-23 10:12:56,914 - DEBUG - Iter 84400: T=3.34, Fitness_actual=152.7, Mejor=152.7
2025-10-23 10:13:12,416 - INFO -   Iter 84500 | Tiempo:  145.4min (60.6%) | T =     3.33 | Fitness =    128.2 | Mejor =    152.7 | Aceptación =  92.5%
2025-10-23 10:13:12,416 - INFO - Progreso iter 84500: T=3.33, Fitness=128.2, Mejor=152.7, Tasa_acept=92.5%
2025-10-23 10:13:12,418 - DEBUG - Iter 84500: T=3.33, Fitness_actual=128.2, Mejor=152.7
2025-10-23 10:13:20,098 - WARNING - ⚠️  DEGRADACIÓN DETECTADA en iter 84550:
2025-10-23 10:13:20,098 - WARNING -    Mejor fitness: 152.7
2025-10-23 10:13:20,099 - WARNING -    Fitness promedio reciente: 122.2
2025-10-23 10:13:20,099 - WARNING -    Degradación: 30.5
2025-10-23 10:13:20,099 - WARNING -    🔄 RESTAURANDO mejor solución...
2025-10-23 10:13:20,101 - INFO - 🌟 MEJORA #367 en iter 84550: Fitness=152.7 (+0.0), Puntos=16892
2025-10-23 10:13:27,849 - DEBUG - Iter 84600: T=3.32, Fitness_actual=146.9, Mejor=152.7
2025-10-23 10:13:43,370 - DEBUG - Iter 84700: T=3.31, Fitness_actual=139.4, Mejor=152.7
2025-10-23 10:13:58,863 - WARNING - ⚠️  DEGRADACIÓN DETECTADA en iter 84800:
2025-10-23 10:13:58,864 - WARNING -    Mejor fitness: 152.7
2025-10-23 10:13:58,864 - WARNING -    Fitness promedio reciente: 126.6
2025-10-23 10:13:58,865 - WARNING -    Degradación: 26.0
2025-10-23 10:13:58,865 - WARNING -    🔄 RESTAURANDO mejor solución...
2025-10-23 10:13:58,869 - DEBUG - Iter 84800: T=3.30, Fitness_actual=152.7, Mejor=152.7
2025-10-23 10:14:14,350 - DEBUG - Iter 84900: T=3.29, Fitness_actual=142.7, Mejor=152.7
2025-10-23 10:14:29,865 - INFO -   Iter 85000 | Tiempo:  146.7min (61.1%) | T =     3.28 | Fitness =    123.4 | Mejor =    152.7 | Aceptación =  92.5%
2025-10-23 10:14:29,865 - INFO - Progreso iter 85000: T=3.28, Fitness=123.4, Mejor=152.7, Tasa_acept=92.5%
2025-10-23 10:14:29,866 - WARNING - ⚠️  DEGRADACIÓN DETECTADA en iter 85000:
2025-10-23 10:14:29,866 - WARNING -    Mejor fitness: 152.7
2025-10-23 10:14:29,867 - WARNING -    Fitness promedio reciente: 128.3
2025-10-23 10:14:29,867 - WARNING -    Degradación: 24.4
2025-10-23 10:14:29,867 - WARNING -    🔄 RESTAURANDO mejor solución...
2025-10-23 10:14:29,868 - DEBUG - Iter 85000: T=3.28, Fitness_actual=152.7, Mejor=152.7
2025-10-23 10:14:45,367 - DEBUG - Iter 85100: T=3.27, Fitness_actual=131.7, Mejor=152.7
2025-10-23 10:14:53,101 - WARNING - ⚠️  DEGRADACIÓN DETECTADA en iter 85150:
2025-10-23 10:14:53,102 - WARNING -    Mejor fitness: 152.7
2025-10-23 10:14:53,102 - WARNING -    Fitness promedio reciente: 129.5
2025-10-23 10:14:53,103 - WARNING -    Degradación: 23.2
2025-10-23 10:14:53,103 - WARNING -    🔄 RESTAURANDO mejor solución...
2025-10-23 10:15:00,846 - DEBUG - Iter 85200: T=3.26, Fitness_actual=137.0, Mejor=152.7
2025-10-23 10:15:16,284 - DEBUG - Iter 85300: T=3.25, Fitness_actual=133.0, Mejor=152.7
2025-10-23 10:15:31,763 - WARNING - ⚠️  DEGRADACIÓN DETECTADA en iter 85400:
2025-10-23 10:15:31,764 - WARNING -    Mejor fitness: 152.7
2025-10-23 10:15:31,764 - WARNING -    Fitness promedio reciente: 125.3
2025-10-23 10:15:31,765 - WARNING -    Degradación: 27.3
2025-10-23 10:15:31,765 - WARNING -    🔄 RESTAURANDO mejor solución...
2025-10-23 10:15:31,766 - DEBUG - Iter 85400: T=3.24, Fitness_actual=152.7, Mejor=152.7
2025-10-23 10:15:34,091 - INFO - Iter 85415: Aceptada solución con delta=-10.5 (T=3.24)
2025-10-23 10:15:34,092 - INFO -   📊 Desglose del cambio:
2025-10-23 10:15:34,092 - INFO -      Puntos: +0 → 16874 total
2025-10-23 10:15:34,093 - INFO -      Tiempo: +302.6min → 13225.4min total
2025-10-23 10:15:34,093 - INFO -      Distancia: +0.2km → 89.2km total
2025-10-23 10:15:47,317 - INFO -   Iter 85500 | Tiempo:  148.0min (61.7%) | T =     3.23 | Fitness =    127.3 | Mejor =    152.7 | Aceptación =  92.4%
2025-10-23 10:15:47,317 - INFO - Progreso iter 85500: T=3.23, Fitness=127.3, Mejor=152.7, Tasa_acept=92.4%
2025-10-23 10:15:47,320 - DEBUG - Iter 85500: T=3.23, Fitness_actual=127.3, Mejor=152.7
2025-10-23 10:15:55,079 - WARNING - ⚠️  DEGRADACIÓN DETECTADA en iter 85550:
2025-10-23 10:15:55,080 - WARNING -    Mejor fitness: 152.7
2025-10-23 10:15:55,080 - WARNING -    Fitness promedio reciente: 125.5
2025-10-23 10:15:55,081 - WARNING -    Degradación: 27.2
2025-10-23 10:15:55,081 - WARNING -    🔄 RESTAURANDO mejor solución...
2025-10-23 10:15:55,703 - INFO - 🌟 MEJORA #368 en iter 85554: Fitness=152.7 (+0.0), Puntos=16898
2025-10-23 10:15:56,013 - INFO - 🌟 MEJORA #369 en iter 85556: Fitness=152.7 (+0.0), Puntos=16898
2025-10-23 10:15:56,168 - INFO - 🌟 MEJORA #370 en iter 85557: Fitness=152.7 (+0.0), Puntos=16898
2025-10-23 10:15:56,168 - INFO -   ✨ Mejora #370 en iteración 85558: Fitness = 152.7 | Puntos = 16898 | T = 3.22
2025-10-23 10:15:56,635 - INFO - 🌟 MEJORA #371 en iter 85560: Fitness=152.7 (+0.0), Puntos=16898
2025-10-23 10:16:02,859 - DEBUG - Iter 85600: T=3.22, Fitness_actual=145.1, Mejor=152.7
2025-10-23 10:16:18,496 - WARNING - ⚠️  DEGRADACIÓN DETECTADA en iter 85700:
2025-10-23 10:16:18,496 - WARNING -    Mejor fitness: 152.7
2025-10-23 10:16:18,497 - WARNING -    Fitness promedio reciente: 131.9
2025-10-23 10:16:18,497 - WARNING -    Degradación: 20.9
2025-10-23 10:16:18,497 - WARNING -    🔄 RESTAURANDO mejor solución...
2025-10-23 10:16:18,502 - DEBUG - Iter 85700: T=3.21, Fitness_actual=152.7, Mejor=152.7
2025-10-23 10:16:34,081 - DEBUG - Iter 85800: T=3.20, Fitness_actual=136.7, Mejor=152.7
2025-10-23 10:16:49,657 - DEBUG - Iter 85900: T=3.19, Fitness_actual=136.1, Mejor=152.7
2025-10-23 10:17:05,225 - INFO -   Iter 86000 | Tiempo:  149.3min (62.2%) | T =     3.18 | Fitness =    123.9 | Mejor =    152.7 | Aceptación =  92.4%
2025-10-23 10:17:05,225 - INFO - Progreso iter 86000: T=3.18, Fitness=123.9, Mejor=152.7, Tasa_acept=92.4%
2025-10-23 10:17:05,226 - WARNING - ⚠️  DEGRADACIÓN DETECTADA en iter 86000:
2025-10-23 10:17:05,227 - WARNING -    Mejor fitness: 152.7
2025-10-23 10:17:05,227 - WARNING -    Fitness promedio reciente: 125.3
2025-10-23 10:17:05,227 - WARNING -    Degradación: 27.4
2025-10-23 10:17:05,227 - WARNING -    🔄 RESTAURANDO mejor solución...
2025-10-23 10:17:05,229 - DEBUG - Iter 86000: T=3.18, Fitness_actual=152.7, Mejor=152.7
2025-10-23 10:17:05,229 - INFO - 🌟 MEJORA #372 en iter 86000: Fitness=152.7 (+0.0), Puntos=16900
2025-10-23 10:17:05,851 - INFO - 🌟 MEJORA #373 en iter 86004: Fitness=152.7 (+0.0), Puntos=16900
2025-10-23 10:17:20,802 - DEBUG - Iter 86100: T=3.17, Fitness_actual=137.4, Mejor=152.7
2025-10-23 10:17:36,383 - DEBUG - Iter 86200: T=3.16, Fitness_actual=132.4, Mejor=152.7
2025-10-23 10:17:44,148 - WARNING - ⚠️  DEGRADACIÓN DETECTADA en iter 86250:
2025-10-23 10:17:44,148 - WARNING -    Mejor fitness: 152.7
2025-10-23 10:17:44,148 - WARNING -    Fitness promedio reciente: 132.7
2025-10-23 10:17:44,149 - WARNING -    Degradación: 20.0
2025-10-23 10:17:44,149 - WARNING -    🔄 RESTAURANDO mejor solución...
2025-10-23 10:17:51,978 - DEBUG - Iter 86300: T=3.15, Fitness_actual=144.2, Mejor=152.7
2025-10-23 10:18:07,582 - WARNING - ⚠️  DEGRADACIÓN DETECTADA en iter 86400:
2025-10-23 10:18:07,582 - WARNING -    Mejor fitness: 152.7
2025-10-23 10:18:07,582 - WARNING -    Fitness promedio reciente: 127.1
2025-10-23 10:18:07,583 - WARNING -    Degradación: 25.7
2025-10-23 10:18:07,583 - WARNING -    🔄 RESTAURANDO mejor solución...
2025-10-23 10:18:07,584 - DEBUG - Iter 86400: T=3.14, Fitness_actual=152.7, Mejor=152.7
2025-10-23 10:18:23,226 - INFO -   Iter 86500 | Tiempo:  150.6min (62.8%) | T =     3.13 | Fitness =    130.7 | Mejor =    152.7 | Aceptación =  92.3%
2025-10-23 10:18:23,226 - INFO - Progreso iter 86500: T=3.13, Fitness=130.7, Mejor=152.7, Tasa_acept=92.3%
2025-10-23 10:18:23,229 - DEBUG - Iter 86500: T=3.13, Fitness_actual=130.7, Mejor=152.7
2025-10-23 10:18:31,042 - WARNING - ⚠️  DEGRADACIÓN DETECTADA en iter 86550:
2025-10-23 10:18:31,042 - WARNING -    Mejor fitness: 152.7
2025-10-23 10:18:31,043 - WARNING -    Fitness promedio reciente: 125.7
2025-10-23 10:18:31,043 - WARNING -    Degradación: 27.0
2025-10-23 10:18:31,043 - WARNING -    🔄 RESTAURANDO mejor solución...
2025-10-23 10:18:38,867 - DEBUG - Iter 86600: T=3.12, Fitness_actual=145.2, Mejor=152.7
2025-10-23 10:18:54,535 - WARNING - ⚠️  DEGRADACIÓN DETECTADA en iter 86700:
2025-10-23 10:18:54,536 - WARNING -    Mejor fitness: 152.7
2025-10-23 10:18:54,536 - WARNING -    Fitness promedio reciente: 128.2
2025-10-23 10:18:54,536 - WARNING -    Degradación: 24.5
2025-10-23 10:18:54,537 - WARNING -    🔄 RESTAURANDO mejor solución...
2025-10-23 10:18:54,538 - DEBUG - Iter 86700: T=3.11, Fitness_actual=152.7, Mejor=152.7
2025-10-23 10:18:54,849 - INFO - 🌟 MEJORA #374 en iter 86702: Fitness=152.8 (+0.1), Puntos=16909
2025-10-23 10:19:10,223 - DEBUG - Iter 86800: T=3.10, Fitness_actual=138.5, Mejor=152.8
2025-10-23 10:19:25,906 - WARNING - ⚠️  DEGRADACIÓN DETECTADA en iter 86900:
2025-10-23 10:19:25,906 - WARNING -    Mejor fitness: 152.8
2025-10-23 10:19:25,907 - WARNING -    Fitness promedio reciente: 124.1
2025-10-23 10:19:25,907 - WARNING -    Degradación: 28.7
2025-10-23 10:19:25,908 - WARNING -    🔄 RESTAURANDO mejor solución...
2025-10-23 10:19:25,909 - DEBUG - Iter 86900: T=3.09, Fitness_actual=152.8, Mejor=152.8
2025-10-23 10:19:25,909 - INFO - 🌟 MEJORA #375 en iter 86900: Fitness=152.9 (+0.0), Puntos=16912
2025-10-23 10:19:25,909 - INFO -   ✨ Mejora #375 en iteración 86901: Fitness = 152.9 | Puntos = 16912 | T = 3.09
2025-10-23 10:19:27,159 - INFO - 🌟 MEJORA #376 en iter 86908: Fitness=153.0 (+0.1), Puntos=16926
2025-10-23 10:19:41,546 - INFO -   Iter 87000 | Tiempo:  151.9min (63.3%) | T =     3.08 | Fitness =    140.2 | Mejor =    153.0 | Aceptación =  92.3%
2025-10-23 10:19:41,546 - INFO - Progreso iter 87000: T=3.08, Fitness=140.2, Mejor=153.0, Tasa_acept=92.3%
2025-10-23 10:19:41,548 - DEBUG - Iter 87000: T=3.08, Fitness_actual=140.2, Mejor=153.0
2025-10-23 10:19:49,401 - WARNING - ⚠️  DEGRADACIÓN DETECTADA en iter 87050:
2025-10-23 10:19:49,401 - WARNING -    Mejor fitness: 153.0
2025-10-23 10:19:49,402 - WARNING -    Fitness promedio reciente: 129.2
2025-10-23 10:19:49,402 - WARNING -    Degradación: 23.8
2025-10-23 10:19:49,402 - WARNING -    🔄 RESTAURANDO mejor solución...
2025-10-23 10:19:49,404 - INFO - 🌟 MEJORA #377 en iter 87050: Fitness=153.0 (+0.0), Puntos=16926
2025-10-23 10:19:49,561 - INFO - 🌟 MEJORA #378 en iter 87051: Fitness=153.2 (+0.2), Puntos=16949
2025-10-23 10:19:49,719 - INFO - 🌟 MEJORA #379 en iter 87052: Fitness=153.3 (+0.1), Puntos=16956
2025-10-23 10:19:57,244 - DEBUG - Iter 87100: T=3.07, Fitness_actual=141.6, Mejor=153.3
2025-10-23 10:20:08,082 - WARNING - ================================================================================
2025-10-23 10:20:08,082 - WARNING - ⚠️  SALTO ANORMAL DETECTADO en iteración 87169
2025-10-23 10:20:08,083 - WARNING -    Fitness actual: 134.2
2025-10-23 10:20:08,083 - WARNING -    Fitness vecino: 106.5
2025-10-23 10:20:08,084 - WARNING -    Delta: -27.7
2025-10-23 10:20:08,084 - WARNING -    Temperatura: 3.06
2025-10-23 10:20:08,084 - WARNING -    Tipo perturbación aplicada: (ver generar_vecino)
2025-10-23 10:20:08,085 - WARNING -    Vecino - Puntos: 15945, Tiempo: 14621.5min, Distancia: 238.5km
2025-10-23 10:20:08,085 - WARNING -    Actual - Puntos: 16204, Tiempo: 13179.1min, Distancia: 127.0km
2025-10-23 10:20:08,085 - WARNING -    Validez restricciones - Vecino: False, Actual: False
2025-10-23 10:20:08,086 - WARNING - ================================================================================
2025-10-23 10:20:08,086 - WARNING - ⚠️  SALTO ANORMAL DETECTADO en iteración 87169
2025-10-23 10:20:08,086 - WARNING -    Fitness: 134.2 → 106.5 (Δ=-27.7)
2025-10-23 10:20:08,087 - WARNING -    Ver detalles en archivo de log
2025-10-23 10:20:12,950 - DEBUG - Iter 87200: T=3.06, Fitness_actual=130.7, Mejor=153.3
2025-10-23 10:20:20,775 - WARNING - ⚠️  DEGRADACIÓN DETECTADA en iter 87250:
2025-10-23 10:20:20,775 - WARNING -    Mejor fitness: 153.3
2025-10-23 10:20:20,776 - WARNING -    Fitness promedio reciente: 127.0
2025-10-23 10:20:20,776 - WARNING -    Degradación: 26.3
2025-10-23 10:20:20,776 - WARNING -    🔄 RESTAURANDO mejor solución...
2025-10-23 10:20:20,778 - INFO - 🌟 MEJORA #380 en iter 87250: Fitness=153.3 (+0.0), Puntos=16956
2025-10-23 10:20:20,778 - INFO -   ✨ Mejora #380 en iteración 87251: Fitness = 153.3 | Puntos = 16956 | T = 3.06
2025-10-23 10:20:28,643 - DEBUG - Iter 87300: T=3.05, Fitness_actual=140.0, Mejor=153.3
2025-10-23 10:20:44,396 - WARNING - ⚠️  DEGRADACIÓN DETECTADA en iter 87400:
2025-10-23 10:20:44,397 - WARNING -    Mejor fitness: 153.3
2025-10-23 10:20:44,398 - WARNING -    Fitness promedio reciente: 122.8
2025-10-23 10:20:44,398 - WARNING -    Degradación: 30.5
2025-10-23 10:20:44,399 - WARNING -    🔄 RESTAURANDO mejor solución...
2025-10-23 10:20:44,400 - DEBUG - Iter 87400: T=3.04, Fitness_actual=153.3, Mejor=153.3
2025-10-23 10:21:00,173 - INFO -   Iter 87500 | Tiempo:  153.2min (63.8%) | T =     3.03 | Fitness =    135.7 | Mejor =    153.3 | Aceptación =  92.3%
2025-10-23 10:21:00,173 - INFO - Progreso iter 87500: T=3.03, Fitness=135.7, Mejor=153.3, Tasa_acept=92.3%
2025-10-23 10:21:00,176 - DEBUG - Iter 87500: T=3.03, Fitness_actual=135.7, Mejor=153.3
2025-10-23 10:21:16,045 - WARNING - ⚠️  DEGRADACIÓN DETECTADA en iter 87600:
2025-10-23 10:21:16,046 - WARNING -    Mejor fitness: 153.3
2025-10-23 10:21:16,046 - WARNING -    Fitness promedio reciente: 129.8
2025-10-23 10:21:16,047 - WARNING -    Degradación: 23.5
2025-10-23 10:21:16,047 - WARNING -    🔄 RESTAURANDO mejor solución...
2025-10-23 10:21:16,049 - DEBUG - Iter 87600: T=3.02, Fitness_actual=153.3, Mejor=153.3
2025-10-23 10:21:16,049 - INFO - 🌟 MEJORA #381 en iter 87600: Fitness=153.3 (+0.0), Puntos=16957
2025-10-23 10:21:32,122 - DEBUG - Iter 87700: T=3.01, Fitness_actual=146.1, Mejor=153.3
2025-10-23 10:21:39,480 - INFO - Iter 87746: Aceptada solución con delta=-10.5 (T=3.01)
2025-10-23 10:21:39,480 - INFO -   📊 Desglose del cambio:
2025-10-23 10:21:39,481 - INFO -      Puntos: -1 → 16714 total
2025-10-23 10:21:39,483 - INFO -      Tiempo: -91.6min → 13251.4min total
2025-10-23 10:21:39,483 - INFO -      Distancia: -0.1km → 116.4km total
2025-10-23 10:21:48,082 - WARNING - ⚠️  DEGRADACIÓN DETECTADA en iter 87800:
2025-10-23 10:21:48,082 - WARNING -    Mejor fitness: 153.3
2025-10-23 10:21:48,083 - WARNING -    Fitness promedio reciente: 129.2
2025-10-23 10:21:48,083 - WARNING -    Degradación: 24.1
2025-10-23 10:21:48,083 - WARNING -    🔄 RESTAURANDO mejor solución...
2025-10-23 10:21:48,088 - DEBUG - Iter 87800: T=3.00, Fitness_actual=153.3, Mejor=153.3
2025-10-23 10:22:03,955 - DEBUG - Iter 87900: T=2.99, Fitness_actual=131.6, Mejor=153.3
2025-10-23 10:22:11,907 - WARNING - ⚠️  DEGRADACIÓN DETECTADA en iter 87950:
2025-10-23 10:22:11,907 - WARNING -    Mejor fitness: 153.3
2025-10-23 10:22:11,908 - WARNING -    Fitness promedio reciente: 132.5
2025-10-23 10:22:11,908 - WARNING -    Degradación: 20.8
2025-10-23 10:22:11,908 - WARNING -    🔄 RESTAURANDO mejor solución...
2025-10-23 10:22:19,840 - INFO -   Iter 88000 | Tiempo:  154.6min (64.4%) | T =     2.98 | Fitness =    142.7 | Mejor =    153.3 | Aceptación =  92.2%
2025-10-23 10:22:19,841 - INFO - Progreso iter 88000: T=2.98, Fitness=142.7, Mejor=153.3, Tasa_acept=92.2%
2025-10-23 10:22:19,844 - DEBUG - Iter 88000: T=2.98, Fitness_actual=142.7, Mejor=153.3
2025-10-23 10:22:35,788 - DEBUG - Iter 88100: T=2.97, Fitness_actual=133.1, Mejor=153.3
2025-10-23 10:22:43,787 - WARNING - ⚠️  DEGRADACIÓN DETECTADA en iter 88150:
2025-10-23 10:22:43,787 - WARNING -    Mejor fitness: 153.3
2025-10-23 10:22:43,787 - WARNING -    Fitness promedio reciente: 128.8
2025-10-23 10:22:43,788 - WARNING -    Degradación: 24.4
2025-10-23 10:22:43,788 - WARNING -    🔄 RESTAURANDO mejor solución...
2025-10-23 10:22:43,789 - INFO - 🌟 MEJORA #382 en iter 88150: Fitness=153.3 (+0.0), Puntos=16957
2025-10-23 10:22:51,844 - DEBUG - Iter 88200: T=2.96, Fitness_actual=135.7, Mejor=153.3
2025-10-23 10:23:07,706 - WARNING - ⚠️  DEGRADACIÓN DETECTADA en iter 88300:
2025-10-23 10:23:07,706 - WARNING -    Mejor fitness: 153.3
2025-10-23 10:23:07,707 - WARNING -    Fitness promedio reciente: 128.4
2025-10-23 10:23:07,707 - WARNING -    Degradación: 24.9
2025-10-23 10:23:07,707 - WARNING -    🔄 RESTAURANDO mejor solución...
2025-10-23 10:23:07,709 - DEBUG - Iter 88300: T=2.95, Fitness_actual=153.3, Mejor=153.3
2025-10-23 10:23:07,709 - INFO - 🌟 MEJORA #383 en iter 88300: Fitness=153.3 (+0.0), Puntos=16957
2025-10-23 10:23:23,523 - DEBUG - Iter 88400: T=2.94, Fitness_actual=133.4, Mejor=153.3
2025-10-23 10:23:31,439 - WARNING - ⚠️  DEGRADACIÓN DETECTADA en iter 88450:
2025-10-23 10:23:31,439 - WARNING -    Mejor fitness: 153.3
2025-10-23 10:23:31,439 - WARNING -    Fitness promedio reciente: 129.7
2025-10-23 10:23:31,440 - WARNING -    Degradación: 23.6
2025-10-23 10:23:31,440 - WARNING -    🔄 RESTAURANDO mejor solución...
2025-10-23 10:23:39,339 - INFO -   Iter 88500 | Tiempo:  155.9min (65.0%) | T =     2.94 | Fitness =    148.1 | Mejor =    153.3 | Aceptación =  92.2%
2025-10-23 10:23:39,339 - INFO - Progreso iter 88500: T=2.94, Fitness=148.1, Mejor=153.3, Tasa_acept=92.2%
2025-10-23 10:23:39,341 - DEBUG - Iter 88500: T=2.94, Fitness_actual=148.1, Mejor=153.3
2025-10-23 10:23:55,109 - DEBUG - Iter 88600: T=2.93, Fitness_actual=137.9, Mejor=153.3
2025-10-23 10:24:03,011 - WARNING - ⚠️  DEGRADACIÓN DETECTADA en iter 88650:
2025-10-23 10:24:03,012 - WARNING -    Mejor fitness: 153.3
2025-10-23 10:24:03,012 - WARNING -    Fitness promedio reciente: 133.1
2025-10-23 10:24:03,013 - WARNING -    Degradación: 20.2
2025-10-23 10:24:03,013 - WARNING -    🔄 RESTAURANDO mejor solución...
2025-10-23 10:24:10,964 - DEBUG - Iter 88700: T=2.92, Fitness_actual=137.8, Mejor=153.3
2025-10-23 10:24:26,855 - WARNING - ⚠️  DEGRADACIÓN DETECTADA en iter 88800:
2025-10-23 10:24:26,856 - WARNING -    Mejor fitness: 153.3
2025-10-23 10:24:26,856 - WARNING -    Fitness promedio reciente: 131.3
2025-10-23 10:24:26,856 - WARNING -    Degradación: 22.0
2025-10-23 10:24:26,857 - WARNING -    🔄 RESTAURANDO mejor solución...
2025-10-23 10:24:26,858 - DEBUG - Iter 88800: T=2.91, Fitness_actual=153.3, Mejor=153.3
2025-10-23 10:24:26,858 - INFO - 🌟 MEJORA #384 en iter 88800: Fitness=153.3 (+0.0), Puntos=16957
2025-10-23 10:24:27,016 - INFO - 🌟 MEJORA #385 en iter 88801: Fitness=153.3 (+0.0), Puntos=16957
2025-10-23 10:24:27,016 - INFO -   ✨ Mejora #385 en iteración 88802: Fitness = 153.3 | Puntos = 16957 | T = 2.91
2025-10-23 10:24:42,699 - DEBUG - Iter 88900: T=2.90, Fitness_actual=139.3, Mejor=153.3
2025-10-23 10:24:58,504 - INFO -   Iter 89000 | Tiempo:  157.2min (65.5%) | T =     2.89 | Fitness =    136.4 | Mejor =    153.3 | Aceptación =  92.2%
2025-10-23 10:24:58,504 - INFO - Progreso iter 89000: T=2.89, Fitness=136.4, Mejor=153.3, Tasa_acept=92.2%
2025-10-23 10:24:58,507 - DEBUG - Iter 89000: T=2.89, Fitness_actual=136.4, Mejor=153.3
2025-10-23 10:25:14,361 - DEBUG - Iter 89100: T=2.88, Fitness_actual=130.4, Mejor=153.3
2025-10-23 10:25:22,288 - WARNING - ⚠️  DEGRADACIÓN DETECTADA en iter 89150:
2025-10-23 10:25:22,288 - WARNING -    Mejor fitness: 153.3
2025-10-23 10:25:22,289 - WARNING -    Fitness promedio reciente: 120.0
2025-10-23 10:25:22,289 - WARNING -    Degradación: 33.3
2025-10-23 10:25:22,289 - WARNING -    🔄 RESTAURANDO mejor solución...
2025-10-23 10:25:30,255 - DEBUG - Iter 89200: T=2.87, Fitness_actual=145.8, Mejor=153.3
2025-10-23 10:25:46,160 - WARNING - ⚠️  DEGRADACIÓN DETECTADA en iter 89300:
2025-10-23 10:25:46,161 - WARNING -    Mejor fitness: 153.3
2025-10-23 10:25:46,161 - WARNING -    Fitness promedio reciente: 132.6
2025-10-23 10:25:46,161 - WARNING -    Degradación: 20.7
2025-10-23 10:25:46,162 - WARNING -    🔄 RESTAURANDO mejor solución...
2025-10-23 10:25:46,163 - DEBUG - Iter 89300: T=2.86, Fitness_actual=153.3, Mejor=153.3
2025-10-23 10:25:46,163 - INFO - 🌟 MEJORA #386 en iter 89300: Fitness=153.3 (+0.0), Puntos=16957
2025-10-23 10:26:02,024 - DEBUG - Iter 89400: T=2.85, Fitness_actual=136.3, Mejor=153.3
2025-10-23 10:26:09,987 - WARNING - ⚠️  DEGRADACIÓN DETECTADA en iter 89450:
2025-10-23 10:26:09,988 - WARNING -    Mejor fitness: 153.3
2025-10-23 10:26:09,988 - WARNING -    Fitness promedio reciente: 131.1
2025-10-23 10:26:09,989 - WARNING -    Degradación: 22.2
2025-10-23 10:26:09,989 - WARNING -    🔄 RESTAURANDO mejor solución...
2025-10-23 10:26:18,065 - INFO -   Iter 89500 | Tiempo:  158.5min (66.1%) | T =     2.84 | Fitness =    144.9 | Mejor =    153.3 | Aceptación =  92.2%
2025-10-23 10:26:18,065 - INFO - Progreso iter 89500: T=2.84, Fitness=144.9, Mejor=153.3, Tasa_acept=92.2%
2025-10-23 10:26:18,068 - DEBUG - Iter 89500: T=2.84, Fitness_actual=144.9, Mejor=153.3
2025-10-23 10:26:34,048 - DEBUG - Iter 89600: T=2.83, Fitness_actual=126.2, Mejor=153.3
2025-10-23 10:26:42,036 - WARNING - ⚠️  DEGRADACIÓN DETECTADA en iter 89650:
2025-10-23 10:26:42,036 - WARNING -    Mejor fitness: 153.3
2025-10-23 10:26:42,037 - WARNING -    Fitness promedio reciente: 131.5
2025-10-23 10:26:42,037 - WARNING -    Degradación: 21.8
2025-10-23 10:26:42,037 - WARNING -    🔄 RESTAURANDO mejor solución...
2025-10-23 10:26:50,057 - DEBUG - Iter 89700: T=2.82, Fitness_actual=132.8, Mejor=153.3
2025-10-23 10:26:58,034 - WARNING - ⚠️  DEGRADACIÓN DETECTADA en iter 89750:
2025-10-23 10:26:58,034 - WARNING -    Mejor fitness: 153.3
2025-10-23 10:26:58,035 - WARNING -    Fitness promedio reciente: 127.1
2025-10-23 10:26:58,035 - WARNING -    Degradación: 26.2
2025-10-23 10:26:58,036 - WARNING -    🔄 RESTAURANDO mejor solución...
2025-10-23 10:27:06,022 - DEBUG - Iter 89800: T=2.82, Fitness_actual=143.5, Mejor=153.3
2025-10-23 10:27:22,124 - WARNING - ⚠️  DEGRADACIÓN DETECTADA en iter 89900:
2025-10-23 10:27:22,124 - WARNING -    Mejor fitness: 153.3
2025-10-23 10:27:22,125 - WARNING -    Fitness promedio reciente: 126.0
2025-10-23 10:27:22,125 - WARNING -    Degradación: 27.3
2025-10-23 10:27:22,125 - WARNING -    🔄 RESTAURANDO mejor solución...
2025-10-23 10:27:22,126 - DEBUG - Iter 89900: T=2.81, Fitness_actual=153.3, Mejor=153.3
2025-10-23 10:27:22,127 - INFO - 🌟 MEJORA #387 en iter 89900: Fitness=153.3 (+0.0), Puntos=16957
2025-10-23 10:27:38,152 - INFO -   Iter 90000 | Tiempo:  159.9min (66.6%) | T =     2.80 | Fitness =    136.3 | Mejor =    153.3 | Aceptación =  92.1%
2025-10-23 10:27:38,152 - INFO - Progreso iter 90000: T=2.80, Fitness=136.3, Mejor=153.3, Tasa_acept=92.1%
2025-10-23 10:27:38,154 - DEBUG - Iter 90000: T=2.80, Fitness_actual=136.3, Mejor=153.3
2025-10-23 10:27:54,177 - WARNING - ⚠️  DEGRADACIÓN DETECTADA en iter 90100:
2025-10-23 10:27:54,177 - WARNING -    Mejor fitness: 153.3
2025-10-23 10:27:54,178 - WARNING -    Fitness promedio reciente: 128.5
2025-10-23 10:27:54,178 - WARNING -    Degradación: 24.8
2025-10-23 10:27:54,178 - WARNING -    🔄 RESTAURANDO mejor solución...
2025-10-23 10:27:54,180 - DEBUG - Iter 90100: T=2.79, Fitness_actual=153.3, Mejor=153.3
2025-10-23 10:27:54,180 - INFO - 🌟 MEJORA #388 en iter 90100: Fitness=153.3 (+0.0), Puntos=16957
2025-10-23 10:27:54,985 - INFO - 🌟 MEJORA #389 en iter 90105: Fitness=153.4 (+0.1), Puntos=16964
2025-10-23 10:28:10,210 - DEBUG - Iter 90200: T=2.78, Fitness_actual=137.3, Mejor=153.4
2025-10-23 10:28:26,355 - WARNING - ⚠️  DEGRADACIÓN DETECTADA en iter 90300:
2025-10-23 10:28:26,355 - WARNING -    Mejor fitness: 153.4
2025-10-23 10:28:26,356 - WARNING -    Fitness promedio reciente: 132.4
2025-10-23 10:28:26,356 - WARNING -    Degradación: 21.0
2025-10-23 10:28:26,356 - WARNING -    🔄 RESTAURANDO mejor solución...
2025-10-23 10:28:26,358 - DEBUG - Iter 90300: T=2.77, Fitness_actual=153.4, Mejor=153.4
2025-10-23 10:28:26,676 - INFO - 🌟 MEJORA #390 en iter 90302: Fitness=153.4 (+0.1), Puntos=16969
2025-10-23 10:28:26,677 - INFO -   ✨ Mejora #390 en iteración 90303: Fitness = 153.4 | Puntos = 16969 | T = 2.77
2025-10-23 10:28:42,449 - DEBUG - Iter 90400: T=2.76, Fitness_actual=139.4, Mejor=153.4
2025-10-23 10:28:58,532 - INFO -   Iter 90500 | Tiempo:  161.2min (67.2%) | T =     2.75 | Fitness =    123.1 | Mejor =    153.4 | Aceptación =  92.1%
2025-10-23 10:28:58,532 - INFO - Progreso iter 90500: T=2.75, Fitness=123.1, Mejor=153.4, Tasa_acept=92.1%
2025-10-23 10:28:58,533 - WARNING - ⚠️  DEGRADACIÓN DETECTADA en iter 90500:
2025-10-23 10:28:58,533 - WARNING -    Mejor fitness: 153.4
2025-10-23 10:28:58,533 - WARNING -    Fitness promedio reciente: 129.5
2025-10-23 10:28:58,534 - WARNING -    Degradación: 23.9
2025-10-23 10:28:58,534 - WARNING -    🔄 RESTAURANDO mejor solución...
2025-10-23 10:28:58,535 - DEBUG - Iter 90500: T=2.75, Fitness_actual=153.4, Mejor=153.4
2025-10-23 10:29:14,600 - DEBUG - Iter 90600: T=2.74, Fitness_actual=133.9, Mejor=153.4
2025-10-23 10:29:30,696 - WARNING - ⚠️  DEGRADACIÓN DETECTADA en iter 90700:
2025-10-23 10:29:30,697 - WARNING -    Mejor fitness: 153.4
2025-10-23 10:29:30,697 - WARNING -    Fitness promedio reciente: 128.6
2025-10-23 10:29:30,698 - WARNING -    Degradación: 24.8
2025-10-23 10:29:30,698 - WARNING -    🔄 RESTAURANDO mejor solución...
2025-10-23 10:29:30,699 - DEBUG - Iter 90700: T=2.74, Fitness_actual=153.4, Mejor=153.4
2025-10-23 10:29:47,245 - WARNING - ⚠️  DEGRADACIÓN DETECTADA en iter 90800:
2025-10-23 10:29:47,246 - WARNING -    Mejor fitness: 153.4
2025-10-23 10:29:47,246 - WARNING -    Fitness promedio reciente: 131.2
2025-10-23 10:29:47,247 - WARNING -    Degradación: 22.3
2025-10-23 10:29:47,247 - WARNING -    🔄 RESTAURANDO mejor solución...
2025-10-23 10:29:47,251 - DEBUG - Iter 90800: T=2.73, Fitness_actual=153.4, Mejor=153.4
2025-10-23 10:30:03,426 - DEBUG - Iter 90900: T=2.72, Fitness_actual=140.7, Mejor=153.4
2025-10-23 10:30:11,524 - WARNING - ⚠️  DEGRADACIÓN DETECTADA en iter 90950:
2025-10-23 10:30:11,525 - WARNING -    Mejor fitness: 153.4
2025-10-23 10:30:11,525 - WARNING -    Fitness promedio reciente: 133.1
2025-10-23 10:30:11,526 - WARNING -    Degradación: 20.3
2025-10-23 10:30:11,526 - WARNING -    🔄 RESTAURANDO mejor solución...
2025-10-23 10:30:19,618 - INFO -   Iter 91000 | Tiempo:  162.6min (67.7%) | T =     2.71 | Fitness =    147.5 | Mejor =    153.4 | Aceptación =  92.0%
2025-10-23 10:30:19,618 - INFO - Progreso iter 91000: T=2.71, Fitness=147.5, Mejor=153.4, Tasa_acept=92.0%
2025-10-23 10:30:19,621 - DEBUG - Iter 91000: T=2.71, Fitness_actual=147.5, Mejor=153.4
2025-10-23 10:30:35,797 - DEBUG - Iter 91100: T=2.70, Fitness_actual=134.8, Mejor=153.4
2025-10-23 10:30:51,973 - WARNING - ⚠️  DEGRADACIÓN DETECTADA en iter 91200:
2025-10-23 10:30:51,973 - WARNING -    Mejor fitness: 153.4
2025-10-23 10:30:51,973 - WARNING -    Fitness promedio reciente: 132.4
2025-10-23 10:30:51,974 - WARNING -    Degradación: 21.0
2025-10-23 10:30:51,974 - WARNING -    🔄 RESTAURANDO mejor solución...
2025-10-23 10:30:51,975 - DEBUG - Iter 91200: T=2.69, Fitness_actual=153.4, Mejor=153.4
2025-10-23 10:31:08,068 - DEBUG - Iter 91300: T=2.68, Fitness_actual=137.0, Mejor=153.4
2025-10-23 10:31:16,202 - WARNING - ⚠️  DEGRADACIÓN DETECTADA en iter 91350:
2025-10-23 10:31:16,202 - WARNING -    Mejor fitness: 153.4
2025-10-23 10:31:16,203 - WARNING -    Fitness promedio reciente: 132.5
2025-10-23 10:31:16,203 - WARNING -    Degradación: 20.9
2025-10-23 10:31:16,203 - WARNING -    🔄 RESTAURANDO mejor solución...
2025-10-23 10:31:24,371 - DEBUG - Iter 91400: T=2.67, Fitness_actual=142.7, Mejor=153.4
2025-10-23 10:31:40,770 - INFO -   Iter 91500 | Tiempo:  163.9min (68.3%) | T =     2.66 | Fitness =    125.7 | Mejor =    153.4 | Aceptación =  92.0%
2025-10-23 10:31:40,770 - INFO - Progreso iter 91500: T=2.66, Fitness=125.7, Mejor=153.4, Tasa_acept=92.0%
2025-10-23 10:31:40,771 - WARNING - ⚠️  DEGRADACIÓN DETECTADA en iter 91500:
2025-10-23 10:31:40,771 - WARNING -    Mejor fitness: 153.4
2025-10-23 10:31:40,771 - WARNING -    Fitness promedio reciente: 132.6
2025-10-23 10:31:40,772 - WARNING -    Degradación: 20.8
2025-10-23 10:31:40,772 - WARNING -    🔄 RESTAURANDO mejor solución...
2025-10-23 10:31:40,773 - DEBUG - Iter 91500: T=2.66, Fitness_actual=153.4, Mejor=153.4
2025-10-23 10:31:56,990 - DEBUG - Iter 91600: T=2.66, Fitness_actual=142.2, Mejor=153.4
2025-10-23 10:32:08,214 - WARNING - ================================================================================
2025-10-23 10:32:08,215 - WARNING - ⚠️  SALTO ANORMAL DETECTADO en iteración 91669
2025-10-23 10:32:08,215 - WARNING -    Fitness actual: 136.9
2025-10-23 10:32:08,216 - WARNING -    Fitness vecino: 100.5
2025-10-23 10:32:08,216 - WARNING -    Delta: -36.5
2025-10-23 10:32:08,216 - WARNING -    Temperatura: 2.65
2025-10-23 10:32:08,216 - WARNING -    Tipo perturbación aplicada: (ver generar_vecino)
2025-10-23 10:32:08,217 - WARNING -    Vecino - Puntos: 16254, Tiempo: 14870.0min, Distancia: 275.4km
2025-10-23 10:32:08,217 - WARNING -    Actual - Puntos: 16281, Tiempo: 12941.4min, Distancia: 120.5km
2025-10-23 10:32:08,217 - WARNING -    Validez restricciones - Vecino: False, Actual: False
2025-10-23 10:32:08,217 - WARNING - ================================================================================
2025-10-23 10:32:08,218 - WARNING - ⚠️  SALTO ANORMAL DETECTADO en iteración 91669
2025-10-23 10:32:08,218 - WARNING -    Fitness: 136.9 → 100.5 (Δ=-36.5)
2025-10-23 10:32:08,218 - WARNING -    Ver detalles en archivo de log
2025-10-23 10:32:13,334 - DEBUG - Iter 91700: T=2.65, Fitness_actual=135.1, Mejor=153.4
2025-10-23 10:32:21,494 - WARNING - ⚠️  DEGRADACIÓN DETECTADA en iter 91750:
2025-10-23 10:32:21,494 - WARNING -    Mejor fitness: 153.4
2025-10-23 10:32:21,495 - WARNING -    Fitness promedio reciente: 132.4
2025-10-23 10:32:21,495 - WARNING -    Degradación: 21.0
2025-10-23 10:32:21,497 - WARNING -    🔄 RESTAURANDO mejor solución...
2025-10-23 10:32:21,499 - INFO - 🌟 MEJORA #391 en iter 91750: Fitness=153.4 (+0.0), Puntos=16969
2025-10-23 10:32:29,637 - DEBUG - Iter 91800: T=2.64, Fitness_actual=147.9, Mejor=153.4
2025-10-23 10:32:45,945 - DEBUG - Iter 91900: T=2.63, Fitness_actual=134.8, Mejor=153.4
2025-10-23 10:33:02,219 - INFO -   Iter 92000 | Tiempo:  165.3min (68.9%) | T =     2.62 | Fitness =    132.5 | Mejor =    153.4 | Aceptación =  92.0%
2025-10-23 10:33:02,219 - INFO - Progreso iter 92000: T=2.62, Fitness=132.5, Mejor=153.4, Tasa_acept=92.0%
2025-10-23 10:33:02,220 - WARNING - ⚠️  DEGRADACIÓN DETECTADA en iter 92000:
2025-10-23 10:33:02,220 - WARNING -    Mejor fitness: 153.4
2025-10-23 10:33:02,221 - WARNING -    Fitness promedio reciente: 133.2
2025-10-23 10:33:02,221 - WARNING -    Degradación: 20.3
2025-10-23 10:33:02,221 - WARNING -    🔄 RESTAURANDO mejor solución...
2025-10-23 10:33:02,223 - DEBUG - Iter 92000: T=2.62, Fitness_actual=153.4, Mejor=153.4
2025-10-23 10:33:02,223 - INFO - 🌟 MEJORA #392 en iter 92000: Fitness=153.4 (+0.0), Puntos=16969
2025-10-23 10:33:18,462 - DEBUG - Iter 92100: T=2.61, Fitness_actual=143.8, Mejor=153.4
2025-10-23 10:33:34,725 - DEBUG - Iter 92200: T=2.60, Fitness_actual=138.8, Mejor=153.4
2025-10-23 10:33:51,088 - WARNING - ⚠️  DEGRADACIÓN DETECTADA en iter 92300:
2025-10-23 10:33:51,089 - WARNING -    Mejor fitness: 153.4
2025-10-23 10:33:51,090 - WARNING -    Fitness promedio reciente: 131.2
2025-10-23 10:33:51,090 - WARNING -    Degradación: 22.2
2025-10-23 10:33:51,090 - WARNING -    🔄 RESTAURANDO mejor solución...
2025-10-23 10:33:51,092 - DEBUG - Iter 92300: T=2.60, Fitness_actual=153.4, Mejor=153.4
2025-10-23 10:33:51,092 - INFO - 🌟 MEJORA #393 en iter 92300: Fitness=153.4 (+0.0), Puntos=16969
2025-10-23 10:34:07,441 - DEBUG - Iter 92400: T=2.59, Fitness_actual=141.7, Mejor=153.4
2025-10-23 10:34:23,794 - INFO -   Iter 92500 | Tiempo:  166.6min (69.4%) | T =     2.58 | Fitness =    131.3 | Mejor =    153.4 | Aceptación =  91.9%
2025-10-23 10:34:23,794 - INFO - Progreso iter 92500: T=2.58, Fitness=131.3, Mejor=153.4, Tasa_acept=91.9%
2025-10-23 10:34:23,795 - WARNING - ⚠️  DEGRADACIÓN DETECTADA en iter 92500:
2025-10-23 10:34:23,795 - WARNING -    Mejor fitness: 153.4
2025-10-23 10:34:23,796 - WARNING -    Fitness promedio reciente: 132.3
2025-10-23 10:34:23,796 - WARNING -    Degradación: 21.1
2025-10-23 10:34:23,796 - WARNING -    🔄 RESTAURANDO mejor solución...
2025-10-23 10:34:23,800 - DEBUG - Iter 92500: T=2.58, Fitness_actual=153.4, Mejor=153.4
2025-10-23 10:34:40,146 - DEBUG - Iter 92600: T=2.57, Fitness_actual=143.8, Mejor=153.4
2025-10-23 10:34:56,540 - DEBUG - Iter 92700: T=2.56, Fitness_actual=136.1, Mejor=153.4
2025-10-23 10:35:04,744 - WARNING - ⚠️  DEGRADACIÓN DETECTADA en iter 92750:
2025-10-23 10:35:04,744 - WARNING -    Mejor fitness: 153.4
2025-10-23 10:35:04,745 - WARNING -    Fitness promedio reciente: 132.6
2025-10-23 10:35:04,745 - WARNING -    Degradación: 20.8
2025-10-23 10:35:04,746 - WARNING -    🔄 RESTAURANDO mejor solución...
2025-10-23 10:35:12,957 - DEBUG - Iter 92800: T=2.55, Fitness_actual=141.1, Mejor=153.4
2025-10-23 10:35:29,464 - DEBUG - Iter 92900: T=2.55, Fitness_actual=138.5, Mejor=153.4
2025-10-23 10:35:45,885 - INFO -   Iter 93000 | Tiempo:  168.0min (70.0%) | T =     2.54 | Fitness =    133.7 | Mejor =    153.4 | Aceptación =  91.9%
2025-10-23 10:35:45,885 - INFO - Progreso iter 93000: T=2.54, Fitness=133.7, Mejor=153.4, Tasa_acept=91.9%
2025-10-23 10:35:45,889 - DEBUG - Iter 93000: T=2.54, Fitness_actual=133.7, Mejor=153.4
2025-10-23 10:35:46,378 - INFO - --- Cambiando a Fase: Final (Refinamiento) (Progreso: 70.0%) ---
2025-10-23 10:35:54,105 - WARNING - ⚠️  DEGRADACIÓN DETECTADA en iter 93050:
2025-10-23 10:35:54,106 - WARNING -    Mejor fitness: 153.4
2025-10-23 10:35:54,106 - WARNING -    Fitness promedio reciente: 131.4
2025-10-23 10:35:54,107 - WARNING -    Degradación: 22.1
2025-10-23 10:35:54,107 - WARNING -    🔄 RESTAURANDO mejor solución...
2025-10-23 10:35:54,273 - INFO - 🌟 MEJORA #394 en iter 93051: Fitness=153.4 (+0.0), Puntos=16969
2025-10-23 10:36:02,332 - DEBUG - Iter 93100: T=2.53, Fitness_actual=148.4, Mejor=153.4
2025-10-23 10:36:18,935 - DEBUG - Iter 93200: T=2.52, Fitness_actual=140.5, Mejor=153.4
2025-10-23 10:36:35,427 - DEBUG - Iter 93300: T=2.51, Fitness_actual=141.1, Mejor=153.4
2025-10-23 10:36:51,930 - DEBUG - Iter 93400: T=2.50, Fitness_actual=141.7, Mejor=153.4
2025-10-23 10:37:08,446 - INFO -   Iter 93500 | Tiempo:  169.4min (70.6%) | T =     2.50 | Fitness =    141.7 | Mejor =    153.4 | Aceptación =  91.9%
2025-10-23 10:37:08,446 - INFO - Progreso iter 93500: T=2.50, Fitness=141.7, Mejor=153.4, Tasa_acept=91.9%
2025-10-23 10:37:08,449 - DEBUG - Iter 93500: T=2.50, Fitness_actual=141.7, Mejor=153.4
2025-10-23 10:37:25,035 - DEBUG - Iter 93600: T=2.49, Fitness_actual=136.0, Mejor=153.4
2025-10-23 10:37:41,563 - DEBUG - Iter 93700: T=2.48, Fitness_actual=139.2, Mejor=153.4
2025-10-23 10:37:58,092 - DEBUG - Iter 93800: T=2.47, Fitness_actual=135.4, Mejor=153.4
2025-10-23 10:38:14,620 - DEBUG - Iter 93900: T=2.46, Fitness_actual=142.6, Mejor=153.4
2025-10-23 10:38:31,166 - INFO -   Iter 94000 | Tiempo:  170.7min (71.1%) | T =     2.45 | Fitness =    140.5 | Mejor =    153.4 | Aceptación =  91.9%
2025-10-23 10:38:31,166 - INFO - Progreso iter 94000: T=2.45, Fitness=140.5, Mejor=153.4, Tasa_acept=91.9%
2025-10-23 10:38:31,169 - DEBUG - Iter 94000: T=2.45, Fitness_actual=140.5, Mejor=153.4
2025-10-23 10:38:47,763 - DEBUG - Iter 94100: T=2.45, Fitness_actual=138.4, Mejor=153.4
2025-10-23 10:39:04,352 - DEBUG - Iter 94200: T=2.44, Fitness_actual=140.4, Mejor=153.4
2025-10-23 10:39:20,854 - DEBUG - Iter 94300: T=2.43, Fitness_actual=136.1, Mejor=153.4
2025-10-23 10:39:37,457 - DEBUG - Iter 94400: T=2.42, Fitness_actual=134.1, Mejor=153.4
2025-10-23 10:39:45,775 - WARNING - ⚠️  DEGRADACIÓN DETECTADA en iter 94450:
2025-10-23 10:39:45,775 - WARNING -    Mejor fitness: 153.4
2025-10-23 10:39:45,776 - WARNING -    Fitness promedio reciente: 133.2
2025-10-23 10:39:45,776 - WARNING -    Degradación: 20.2
2025-10-23 10:39:45,777 - WARNING -    🔄 RESTAURANDO mejor solución...
2025-10-23 10:39:54,079 - INFO -   Iter 94500 | Tiempo:  172.1min (71.7%) | T =     2.41 | Fitness =    140.9 | Mejor =    153.4 | Aceptación =  91.9%
2025-10-23 10:39:54,079 - INFO - Progreso iter 94500: T=2.41, Fitness=140.9, Mejor=153.4, Tasa_acept=91.9%
2025-10-23 10:39:54,082 - DEBUG - Iter 94500: T=2.41, Fitness_actual=140.9, Mejor=153.4
2025-10-23 10:40:10,752 - DEBUG - Iter 94600: T=2.41, Fitness_actual=138.9, Mejor=153.4
2025-10-23 10:40:27,385 - DEBUG - Iter 94700: T=2.40, Fitness_actual=137.9, Mejor=153.4
2025-10-23 10:40:44,016 - DEBUG - Iter 94800: T=2.39, Fitness_actual=140.0, Mejor=153.4
2025-10-23 10:41:00,621 - DEBUG - Iter 94900: T=2.38, Fitness_actual=141.4, Mejor=153.4
2025-10-23 10:41:17,319 - INFO -   Iter 95000 | Tiempo:  173.5min (72.3%) | T =     2.37 | Fitness =    133.1 | Mejor =    153.4 | Aceptación =  92.0%
2025-10-23 10:41:17,320 - INFO - Progreso iter 95000: T=2.37, Fitness=133.1, Mejor=153.4, Tasa_acept=92.0%
2025-10-23 10:41:17,323 - DEBUG - Iter 95000: T=2.37, Fitness_actual=133.1, Mejor=153.4
2025-10-23 10:41:25,663 - WARNING - ⚠️  DEGRADACIÓN DETECTADA en iter 95050:
2025-10-23 10:41:25,663 - WARNING -    Mejor fitness: 153.4
2025-10-23 10:41:25,664 - WARNING -    Fitness promedio reciente: 131.4
2025-10-23 10:41:25,664 - WARNING -    Degradación: 22.0
2025-10-23 10:41:25,664 - WARNING -    🔄 RESTAURANDO mejor solución...
2025-10-23 10:41:34,003 - DEBUG - Iter 95100: T=2.37, Fitness_actual=145.5, Mejor=153.4
2025-10-23 10:41:50,643 - DEBUG - Iter 95200: T=2.36, Fitness_actual=139.3, Mejor=153.4
2025-10-23 10:42:07,393 - DEBUG - Iter 95300: T=2.35, Fitness_actual=133.5, Mejor=153.4
2025-10-23 10:42:24,260 - DEBUG - Iter 95400: T=2.34, Fitness_actual=136.0, Mejor=153.4
2025-10-23 10:42:41,052 - INFO -   Iter 95500 | Tiempo:  174.9min (72.9%) | T =     2.34 | Fitness =    134.7 | Mejor =    153.4 | Aceptación =  92.0%
2025-10-23 10:42:41,052 - INFO - Progreso iter 95500: T=2.34, Fitness=134.7, Mejor=153.4, Tasa_acept=92.0%
2025-10-23 10:42:41,055 - DEBUG - Iter 95500: T=2.34, Fitness_actual=134.7, Mejor=153.4
2025-10-23 10:42:57,882 - DEBUG - Iter 95600: T=2.33, Fitness_actual=137.3, Mejor=153.4
2025-10-23 10:43:14,711 - DEBUG - Iter 95700: T=2.32, Fitness_actual=139.3, Mejor=153.4
2025-10-23 10:43:31,546 - DEBUG - Iter 95800: T=2.31, Fitness_actual=137.3, Mejor=153.4
2025-10-23 10:43:48,390 - DEBUG - Iter 95900: T=2.30, Fitness_actual=137.7, Mejor=153.4
2025-10-23 10:44:05,234 - INFO -   Iter 96000 | Tiempo:  176.3min (73.5%) | T =     2.30 | Fitness =    135.1 | Mejor =    153.4 | Aceptación =  92.0%
2025-10-23 10:44:05,235 - INFO - Progreso iter 96000: T=2.30, Fitness=135.1, Mejor=153.4, Tasa_acept=92.0%
2025-10-23 10:44:05,237 - DEBUG - Iter 96000: T=2.30, Fitness_actual=135.1, Mejor=153.4
2025-10-23 10:44:22,114 - WARNING - ⚠️  DEGRADACIÓN DETECTADA en iter 96100:
2025-10-23 10:44:22,114 - WARNING -    Mejor fitness: 153.4
2025-10-23 10:44:22,114 - WARNING -    Fitness promedio reciente: 132.9
2025-10-23 10:44:22,115 - WARNING -    Degradación: 20.6
2025-10-23 10:44:22,115 - WARNING -    🔄 RESTAURANDO mejor solución...
2025-10-23 10:44:22,116 - DEBUG - Iter 96100: T=2.29, Fitness_actual=153.4, Mejor=153.4
2025-10-23 10:44:22,116 - INFO - 🌟 MEJORA #395 en iter 96100: Fitness=153.4 (+0.0), Puntos=16969
2025-10-23 10:44:22,116 - INFO -   ✨ Mejora #395 en iteración 96101: Fitness = 153.4 | Puntos = 16969 | T = 2.29
2025-10-23 10:44:22,284 - INFO - 🌟 MEJORA #396 en iter 96101: Fitness=153.4 (+0.0), Puntos=16971
2025-10-23 10:44:23,286 - INFO - 🌟 MEJORA #397 en iter 96107: Fitness=153.4 (+0.0), Puntos=16971
2025-10-23 10:44:24,129 - INFO - 🌟 MEJORA #398 en iter 96112: Fitness=153.4 (+0.0), Puntos=16972
2025-10-23 10:44:38,926 - DEBUG - Iter 96200: T=2.28, Fitness_actual=147.7, Mejor=153.4
2025-10-23 10:44:55,750 - DEBUG - Iter 96300: T=2.27, Fitness_actual=144.0, Mejor=153.4
2025-10-23 10:45:12,647 - DEBUG - Iter 96400: T=2.27, Fitness_actual=138.7, Mejor=153.4
2025-10-23 10:45:29,645 - INFO -   Iter 96500 | Tiempo:  177.7min (74.1%) | T =     2.26 | Fitness =    134.6 | Mejor =    153.4 | Aceptación =  92.0%
2025-10-23 10:45:29,646 - INFO - Progreso iter 96500: T=2.26, Fitness=134.6, Mejor=153.4, Tasa_acept=92.0%
2025-10-23 10:45:29,650 - DEBUG - Iter 96500: T=2.26, Fitness_actual=134.6, Mejor=153.4
2025-10-23 10:45:46,653 - DEBUG - Iter 96600: T=2.25, Fitness_actual=135.7, Mejor=153.4
2025-10-23 10:46:03,686 - DEBUG - Iter 96700: T=2.24, Fitness_actual=137.6, Mejor=153.4
2025-10-23 10:46:20,649 - DEBUG - Iter 96800: T=2.24, Fitness_actual=134.8, Mejor=153.4
2025-10-23 10:46:37,706 - DEBUG - Iter 96900: T=2.23, Fitness_actual=136.2, Mejor=153.4
2025-10-23 10:46:54,726 - INFO -   Iter 97000 | Tiempo:  179.1min (74.6%) | T =     2.22 | Fitness =    138.4 | Mejor =    153.4 | Aceptación =  92.0%
2025-10-23 10:46:54,726 - INFO - Progreso iter 97000: T=2.22, Fitness=138.4, Mejor=153.4, Tasa_acept=92.0%
2025-10-23 10:46:54,729 - DEBUG - Iter 97000: T=2.22, Fitness_actual=138.4, Mejor=153.4
2025-10-23 10:47:11,696 - DEBUG - Iter 97100: T=2.21, Fitness_actual=135.1, Mejor=153.4
2025-10-23 10:47:28,683 - WARNING - ⚠️  DEGRADACIÓN DETECTADA en iter 97200:
2025-10-23 10:47:28,684 - WARNING -    Mejor fitness: 153.4
2025-10-23 10:47:28,684 - WARNING -    Fitness promedio reciente: 132.5
2025-10-23 10:47:28,684 - WARNING -    Degradación: 20.9
2025-10-23 10:47:28,685 - WARNING -    🔄 RESTAURANDO mejor solución...
2025-10-23 10:47:28,688 - DEBUG - Iter 97200: T=2.21, Fitness_actual=153.4, Mejor=153.4
2025-10-23 10:47:45,671 - DEBUG - Iter 97300: T=2.20, Fitness_actual=143.7, Mejor=153.4
2025-10-23 10:48:02,648 - DEBUG - Iter 97400: T=2.19, Fitness_actual=140.7, Mejor=153.4
2025-10-23 10:48:19,672 - INFO -   Iter 97500 | Tiempo:  180.6min (75.2%) | T =     2.18 | Fitness =    137.8 | Mejor =    153.4 | Aceptación =  92.1%
2025-10-23 10:48:19,673 - INFO - Progreso iter 97500: T=2.18, Fitness=137.8, Mejor=153.4, Tasa_acept=92.1%
2025-10-23 10:48:19,676 - DEBUG - Iter 97500: T=2.18, Fitness_actual=137.8, Mejor=153.4
2025-10-23 10:48:36,659 - DEBUG - Iter 97600: T=2.18, Fitness_actual=141.1, Mejor=153.4
2025-10-23 10:48:53,607 - DEBUG - Iter 97700: T=2.17, Fitness_actual=140.8, Mejor=153.4
2025-10-23 10:49:10,636 - DEBUG - Iter 97800: T=2.16, Fitness_actual=136.4, Mejor=153.4
2025-10-23 10:49:27,743 - DEBUG - Iter 97900: T=2.15, Fitness_actual=138.0, Mejor=153.4
2025-10-23 10:49:44,758 - INFO -   Iter 98000 | Tiempo:  182.0min (75.8%) | T =     2.15 | Fitness =    135.0 | Mejor =    153.4 | Aceptación =  92.1%
2025-10-23 10:49:44,759 - INFO - Progreso iter 98000: T=2.15, Fitness=135.0, Mejor=153.4, Tasa_acept=92.1%
2025-10-23 10:49:44,760 - DEBUG - Iter 98000: T=2.15, Fitness_actual=135.0, Mejor=153.4
2025-10-23 10:50:01,859 - DEBUG - Iter 98100: T=2.14, Fitness_actual=134.9, Mejor=153.4
2025-10-23 10:50:18,993 - DEBUG - Iter 98200: T=2.13, Fitness_actual=135.7, Mejor=153.4
2025-10-23 10:50:36,065 - DEBUG - Iter 98300: T=2.12, Fitness_actual=136.2, Mejor=153.4
2025-10-23 10:50:53,297 - DEBUG - Iter 98400: T=2.12, Fitness_actual=136.3, Mejor=153.4
2025-10-23 10:51:10,430 - INFO -   Iter 98500 | Tiempo:  183.4min (76.4%) | T =     2.11 | Fitness =    136.8 | Mejor =    153.4 | Aceptación =  92.1%
2025-10-23 10:51:10,430 - INFO - Progreso iter 98500: T=2.11, Fitness=136.8, Mejor=153.4, Tasa_acept=92.1%
2025-10-23 10:51:10,433 - DEBUG - Iter 98500: T=2.11, Fitness_actual=136.8, Mejor=153.4
2025-10-23 10:51:27,581 - DEBUG - Iter 98600: T=2.10, Fitness_actual=137.0, Mejor=153.4
2025-10-23 10:51:44,619 - DEBUG - Iter 98700: T=2.10, Fitness_actual=136.9, Mejor=153.4
2025-10-23 10:52:01,946 - DEBUG - Iter 98800: T=2.09, Fitness_actual=139.0, Mejor=153.4
2025-10-23 10:52:19,045 - DEBUG - Iter 98900: T=2.08, Fitness_actual=135.8, Mejor=153.4
2025-10-23 10:52:36,132 - INFO -   Iter 99000 | Tiempo:  184.8min (77.0%) | T =     2.07 | Fitness =    134.2 | Mejor =    153.4 | Aceptación =  92.1%
2025-10-23 10:52:36,133 - INFO - Progreso iter 99000: T=2.07, Fitness=134.2, Mejor=153.4, Tasa_acept=92.1%
2025-10-23 10:52:36,134 - DEBUG - Iter 99000: T=2.07, Fitness_actual=134.2, Mejor=153.4
2025-10-23 10:52:53,347 - DEBUG - Iter 99100: T=2.07, Fitness_actual=135.5, Mejor=153.4
2025-10-23 10:53:10,581 - DEBUG - Iter 99200: T=2.06, Fitness_actual=136.6, Mejor=153.4
2025-10-23 10:53:27,782 - DEBUG - Iter 99300: T=2.05, Fitness_actual=132.4, Mejor=153.4
2025-10-23 10:53:45,007 - DEBUG - Iter 99400: T=2.05, Fitness_actual=134.2, Mejor=153.4
2025-10-23 10:53:53,614 - WARNING - ⚠️  DEGRADACIÓN DETECTADA en iter 99450:
2025-10-23 10:53:53,614 - WARNING -    Mejor fitness: 153.4
2025-10-23 10:53:53,615 - WARNING -    Fitness promedio reciente: 133.0
2025-10-23 10:53:53,615 - WARNING -    Degradación: 20.4
2025-10-23 10:53:53,615 - WARNING -    🔄 RESTAURANDO mejor solución...
2025-10-23 10:54:02,222 - INFO -   Iter 99500 | Tiempo:  186.3min (77.6%) | T =     2.04 | Fitness =    144.1 | Mejor =    153.4 | Aceptación =  92.1%
2025-10-23 10:54:02,223 - INFO - Progreso iter 99500: T=2.04, Fitness=144.1, Mejor=153.4, Tasa_acept=92.1%
2025-10-23 10:54:02,226 - DEBUG - Iter 99500: T=2.04, Fitness_actual=144.1, Mejor=153.4
2025-10-23 10:54:19,450 - DEBUG - Iter 99600: T=2.03, Fitness_actual=145.5, Mejor=153.4
2025-10-23 10:54:36,702 - DEBUG - Iter 99700: T=2.03, Fitness_actual=142.6, Mejor=153.4
2025-10-23 10:54:53,875 - DEBUG - Iter 99800: T=2.02, Fitness_actual=141.4, Mejor=153.4
2025-10-23 10:55:11,127 - DEBUG - Iter 99900: T=2.01, Fitness_actual=136.7, Mejor=153.4
2025-10-23 10:55:28,383 - INFO -   Iter 100000 | Tiempo:  187.7min (78.2%) | T =     2.01 | Fitness =    137.0 | Mejor =    153.4 | Aceptación =  92.1%
2025-10-23 10:55:28,383 - INFO - Progreso iter 100000: T=2.01, Fitness=137.0, Mejor=153.4, Tasa_acept=92.1%
2025-10-23 10:55:28,385 - DEBUG - Iter 100000: T=2.01, Fitness_actual=137.0, Mejor=153.4
2025-10-23 10:55:45,720 - DEBUG - Iter 100100: T=2.00, Fitness_actual=135.5, Mejor=153.4
2025-10-23 10:56:03,226 - DEBUG - Iter 100200: T=1.99, Fitness_actual=135.4, Mejor=153.4
2025-10-23 10:56:20,694 - WARNING - ⚠️  DEGRADACIÓN DETECTADA en iter 100300:
2025-10-23 10:56:20,694 - WARNING -    Mejor fitness: 153.4
2025-10-23 10:56:20,694 - WARNING -    Fitness promedio reciente: 132.9
2025-10-23 10:56:20,695 - WARNING -    Degradación: 20.6
2025-10-23 10:56:20,695 - WARNING -    🔄 RESTAURANDO mejor solución...
2025-10-23 10:56:20,696 - DEBUG - Iter 100300: T=1.98, Fitness_actual=153.4, Mejor=153.4
2025-10-23 10:56:20,871 - INFO - 🌟 MEJORA #399 en iter 100301: Fitness=153.4 (+0.0), Puntos=16972
2025-10-23 10:56:38,002 - DEBUG - Iter 100400: T=1.98, Fitness_actual=145.8, Mejor=153.4
2025-10-23 10:56:55,378 - INFO -   Iter 100500 | Tiempo:  189.2min (78.8%) | T =     1.97 | Fitness =    143.6 | Mejor =    153.4 | Aceptación =  92.1%
2025-10-23 10:56:55,378 - INFO - Progreso iter 100500: T=1.97, Fitness=143.6, Mejor=153.4, Tasa_acept=92.1%
2025-10-23 10:56:55,381 - DEBUG - Iter 100500: T=1.97, Fitness_actual=143.6, Mejor=153.4
2025-10-23 10:57:12,820 - DEBUG - Iter 100600: T=1.96, Fitness_actual=143.7, Mejor=153.4
2025-10-23 10:57:30,256 - DEBUG - Iter 100700: T=1.96, Fitness_actual=139.3, Mejor=153.4
2025-10-23 10:57:47,641 - DEBUG - Iter 100800: T=1.95, Fitness_actual=139.9, Mejor=153.4
2025-10-23 10:58:05,098 - DEBUG - Iter 100900: T=1.94, Fitness_actual=138.8, Mejor=153.4
2025-10-23 10:58:22,549 - INFO -   Iter 101000 | Tiempo:  190.6min (79.4%) | T =     1.94 | Fitness =    137.6 | Mejor =    153.4 | Aceptación =  92.2%
2025-10-23 10:58:22,549 - INFO - Progreso iter 101000: T=1.94, Fitness=137.6, Mejor=153.4, Tasa_acept=92.2%
2025-10-23 10:58:22,552 - DEBUG - Iter 101000: T=1.94, Fitness_actual=137.6, Mejor=153.4
2025-10-23 10:58:40,004 - DEBUG - Iter 101100: T=1.93, Fitness_actual=137.6, Mejor=153.4
2025-10-23 10:58:57,485 - DEBUG - Iter 101200: T=1.92, Fitness_actual=140.3, Mejor=153.4
2025-10-23 10:59:14,997 - DEBUG - Iter 101300: T=1.92, Fitness_actual=134.2, Mejor=153.4
2025-10-23 10:59:23,724 - WARNING - ⚠️  DEGRADACIÓN DETECTADA en iter 101350:
2025-10-23 10:59:23,724 - WARNING -    Mejor fitness: 153.4
2025-10-23 10:59:23,725 - WARNING -    Fitness promedio reciente: 133.4
2025-10-23 10:59:23,725 - WARNING -    Degradación: 20.0
2025-10-23 10:59:23,726 - WARNING -    🔄 RESTAURANDO mejor solución...
2025-10-23 10:59:32,470 - DEBUG - Iter 101400: T=1.91, Fitness_actual=152.1, Mejor=153.4
2025-10-23 10:59:49,898 - INFO -   Iter 101500 | Tiempo:  192.1min (80.0%) | T =     1.90 | Fitness =    149.1 | Mejor =    153.4 | Aceptación =  92.2%
2025-10-23 10:59:49,899 - INFO - Progreso iter 101500: T=1.90, Fitness=149.1, Mejor=153.4, Tasa_acept=92.2%
2025-10-23 10:59:49,900 - DEBUG - Iter 101500: T=1.90, Fitness_actual=149.1, Mejor=153.4
2025-10-23 11:00:07,335 - DEBUG - Iter 101600: T=1.90, Fitness_actual=145.0, Mejor=153.4
2025-10-23 11:00:24,903 - DEBUG - Iter 101700: T=1.89, Fitness_actual=142.8, Mejor=153.4
2025-10-23 11:00:42,417 - DEBUG - Iter 101800: T=1.88, Fitness_actual=139.8, Mejor=153.4
2025-10-23 11:01:00,099 - DEBUG - Iter 101900: T=1.88, Fitness_actual=137.3, Mejor=153.4
2025-10-23 11:01:17,860 - INFO -   Iter 102000 | Tiempo:  193.5min (80.6%) | T =     1.87 | Fitness =    137.8 | Mejor =    153.4 | Aceptación =  92.2%
2025-10-23 11:01:17,860 - INFO - Progreso iter 102000: T=1.87, Fitness=137.8, Mejor=153.4, Tasa_acept=92.2%
2025-10-23 11:01:17,863 - DEBUG - Iter 102000: T=1.87, Fitness_actual=137.8, Mejor=153.4
2025-10-23 11:01:35,565 - DEBUG - Iter 102100: T=1.86, Fitness_actual=136.5, Mejor=153.4
2025-10-23 11:01:53,217 - WARNING - ⚠️  DEGRADACIÓN DETECTADA en iter 102200:
2025-10-23 11:01:53,217 - WARNING -    Mejor fitness: 153.4
2025-10-23 11:01:53,218 - WARNING -    Fitness promedio reciente: 133.4
2025-10-23 11:01:53,219 - WARNING -    Degradación: 20.0
2025-10-23 11:01:53,219 - WARNING -    🔄 RESTAURANDO mejor solución...
2025-10-23 11:01:53,223 - DEBUG - Iter 102200: T=1.86, Fitness_actual=153.4, Mejor=153.4
2025-10-23 11:02:10,840 - DEBUG - Iter 102300: T=1.85, Fitness_actual=144.5, Mejor=153.4
2025-10-23 11:02:28,443 - DEBUG - Iter 102400: T=1.85, Fitness_actual=144.5, Mejor=153.4
2025-10-23 11:02:45,931 - INFO -   Iter 102500 | Tiempo:  195.0min (81.2%) | T =     1.84 | Fitness =    139.5 | Mejor =    153.4 | Aceptación =  92.2%
2025-10-23 11:02:45,931 - INFO - Progreso iter 102500: T=1.84, Fitness=139.5, Mejor=153.4, Tasa_acept=92.2%
2025-10-23 11:02:45,934 - DEBUG - Iter 102500: T=1.84, Fitness_actual=139.5, Mejor=153.4
2025-10-23 11:03:03,520 - DEBUG - Iter 102600: T=1.83, Fitness_actual=139.9, Mejor=153.4
2025-10-23 11:03:21,112 - DEBUG - Iter 102700: T=1.83, Fitness_actual=143.1, Mejor=153.4
2025-10-23 11:03:38,706 - DEBUG - Iter 102800: T=1.82, Fitness_actual=143.9, Mejor=153.4
2025-10-23 11:03:56,294 - DEBUG - Iter 102900: T=1.81, Fitness_actual=140.6, Mejor=153.4
2025-10-23 11:04:13,893 - INFO -   Iter 103000 | Tiempo:  196.5min (81.9%) | T =     1.81 | Fitness =    141.6 | Mejor =    153.4 | Aceptación =  92.2%
2025-10-23 11:04:13,894 - INFO - Progreso iter 103000: T=1.81, Fitness=141.6, Mejor=153.4, Tasa_acept=92.2%
2025-10-23 11:04:13,897 - DEBUG - Iter 103000: T=1.81, Fitness_actual=141.6, Mejor=153.4
2025-10-23 11:04:31,523 - DEBUG - Iter 103100: T=1.80, Fitness_actual=140.1, Mejor=153.4
2025-10-23 11:04:49,128 - DEBUG - Iter 103200: T=1.79, Fitness_actual=140.9, Mejor=153.4
2025-10-23 11:05:06,819 - DEBUG - Iter 103300: T=1.79, Fitness_actual=141.6, Mejor=153.4
2025-10-23 11:05:24,623 - DEBUG - Iter 103400: T=1.78, Fitness_actual=141.6, Mejor=153.4
2025-10-23 11:05:42,411 - INFO -   Iter 103500 | Tiempo:  197.9min (82.5%) | T =     1.78 | Fitness =    137.8 | Mejor =    153.4 | Aceptación =  92.2%
2025-10-23 11:05:42,411 - INFO - Progreso iter 103500: T=1.78, Fitness=137.8, Mejor=153.4, Tasa_acept=92.2%
2025-10-23 11:05:42,414 - DEBUG - Iter 103500: T=1.78, Fitness_actual=137.8, Mejor=153.4
2025-10-23 11:06:00,369 - DEBUG - Iter 103600: T=1.77, Fitness_actual=139.3, Mejor=153.4
2025-10-23 11:06:18,193 - DEBUG - Iter 103700: T=1.76, Fitness_actual=144.3, Mejor=153.4
2025-10-23 11:06:36,001 - DEBUG - Iter 103800: T=1.76, Fitness_actual=137.2, Mejor=153.4
2025-10-23 11:06:53,676 - DEBUG - Iter 103900: T=1.75, Fitness_actual=133.8, Mejor=153.4
2025-10-23 11:07:11,367 - INFO -   Iter 104000 | Tiempo:  199.4min (83.1%) | T =     1.75 | Fitness =    130.3 | Mejor =    153.4 | Aceptación =  92.2%
2025-10-23 11:07:11,367 - INFO - Progreso iter 104000: T=1.75, Fitness=130.3, Mejor=153.4, Tasa_acept=92.2%
2025-10-23 11:07:11,368 - WARNING - ⚠️  DEGRADACIÓN DETECTADA en iter 104000:
2025-10-23 11:07:11,368 - WARNING -    Mejor fitness: 153.4
2025-10-23 11:07:11,369 - WARNING -    Fitness promedio reciente: 132.1
2025-10-23 11:07:11,369 - WARNING -    Degradación: 21.3
2025-10-23 11:07:11,369 - WARNING -    🔄 RESTAURANDO mejor solución...
2025-10-23 11:07:11,373 - DEBUG - Iter 104000: T=1.75, Fitness_actual=153.4, Mejor=153.4
2025-10-23 11:07:29,235 - DEBUG - Iter 104100: T=1.74, Fitness_actual=144.6, Mejor=153.4
2025-10-23 11:07:47,037 - DEBUG - Iter 104200: T=1.73, Fitness_actual=143.0, Mejor=153.4
2025-10-23 11:08:04,763 - DEBUG - Iter 104300: T=1.73, Fitness_actual=142.1, Mejor=153.4
2025-10-23 11:08:22,491 - DEBUG - Iter 104400: T=1.72, Fitness_actual=143.3, Mejor=153.4
2025-10-23 11:08:40,286 - INFO -   Iter 104500 | Tiempo:  200.9min (83.7%) | T =     1.72 | Fitness =    139.2 | Mejor =    153.4 | Aceptación =  92.2%
2025-10-23 11:08:40,287 - INFO - Progreso iter 104500: T=1.72, Fitness=139.2, Mejor=153.4, Tasa_acept=92.2%
2025-10-23 11:08:40,289 - DEBUG - Iter 104500: T=1.72, Fitness_actual=139.2, Mejor=153.4
2025-10-23 11:08:58,145 - DEBUG - Iter 104600: T=1.71, Fitness_actual=139.3, Mejor=153.4
2025-10-23 11:09:15,981 - DEBUG - Iter 104700: T=1.70, Fitness_actual=135.7, Mejor=153.4
2025-10-23 11:09:33,819 - DEBUG - Iter 104800: T=1.70, Fitness_actual=136.2, Mejor=153.4
2025-10-23 11:09:51,759 - DEBUG - Iter 104900: T=1.69, Fitness_actual=134.8, Mejor=153.4
2025-10-23 11:10:09,673 - INFO -   Iter 105000 | Tiempo:  202.4min (84.3%) | T =     1.69 | Fitness =    135.8 | Mejor =    153.4 | Aceptación =  92.2%
2025-10-23 11:10:09,673 - INFO - Progreso iter 105000: T=1.69, Fitness=135.8, Mejor=153.4, Tasa_acept=92.2%
2025-10-23 11:10:09,675 - DEBUG - Iter 105000: T=1.69, Fitness_actual=135.8, Mejor=153.4
2025-10-23 11:10:27,499 - DEBUG - Iter 105100: T=1.68, Fitness_actual=137.3, Mejor=153.4
2025-10-23 11:10:45,282 - DEBUG - Iter 105200: T=1.67, Fitness_actual=135.6, Mejor=153.4
2025-10-23 11:11:03,167 - DEBUG - Iter 105300: T=1.67, Fitness_actual=133.0, Mejor=153.4
2025-10-23 11:11:12,125 - WARNING - ⚠️  DEGRADACIÓN DETECTADA en iter 105350:
2025-10-23 11:11:12,126 - WARNING -    Mejor fitness: 153.4
2025-10-23 11:11:12,126 - WARNING -    Fitness promedio reciente: 133.0
2025-10-23 11:11:12,126 - WARNING -    Degradación: 20.4
2025-10-23 11:11:12,127 - WARNING -    🔄 RESTAURANDO mejor solución...
2025-10-23 11:11:12,844 - INFO - 🌟 MEJORA #400 en iter 105354: Fitness=153.4 (+0.0), Puntos=16972
2025-10-23 11:11:12,844 - INFO -   ✨ Mejora #400 en iteración 105355: Fitness = 153.4 | Puntos = 16972 | T = 1.66
2025-10-23 11:11:13,024 - INFO - 🌟 MEJORA #401 en iter 105355: Fitness=153.4 (+0.0), Puntos=16972
2025-10-23 11:11:21,067 - DEBUG - Iter 105400: T=1.66, Fitness_actual=150.2, Mejor=153.4
2025-10-23 11:11:38,909 - INFO -   Iter 105500 | Tiempo:  203.9min (84.9%) | T =     1.66 | Fitness =    144.1 | Mejor =    153.4 | Aceptación =  92.2%
2025-10-23 11:11:38,910 - INFO - Progreso iter 105500: T=1.66, Fitness=144.1, Mejor=153.4, Tasa_acept=92.2%
2025-10-23 11:11:38,912 - DEBUG - Iter 105500: T=1.66, Fitness_actual=144.1, Mejor=153.4
2025-10-23 11:11:56,862 - DEBUG - Iter 105600: T=1.65, Fitness_actual=141.1, Mejor=153.4
2025-10-23 11:12:14,852 - DEBUG - Iter 105700: T=1.64, Fitness_actual=139.5, Mejor=153.4
2025-10-23 11:12:32,907 - DEBUG - Iter 105800: T=1.64, Fitness_actual=139.3, Mejor=153.4
2025-10-23 11:12:50,857 - DEBUG - Iter 105900: T=1.63, Fitness_actual=141.9, Mejor=153.4
2025-10-23 11:13:08,872 - INFO -   Iter 106000 | Tiempo:  205.4min (85.6%) | T =     1.63 | Fitness =    138.0 | Mejor =    153.4 | Aceptación =  92.2%
2025-10-23 11:13:08,873 - INFO - Progreso iter 106000: T=1.63, Fitness=138.0, Mejor=153.4, Tasa_acept=92.2%
2025-10-23 11:13:08,876 - DEBUG - Iter 106000: T=1.63, Fitness_actual=138.0, Mejor=153.4
2025-10-23 11:13:26,994 - DEBUG - Iter 106100: T=1.62, Fitness_actual=134.4, Mejor=153.4
2025-10-23 11:13:44,986 - WARNING - ⚠️  DEGRADACIÓN DETECTADA en iter 106200:
2025-10-23 11:13:44,986 - WARNING -    Mejor fitness: 153.4
2025-10-23 11:13:44,987 - WARNING -    Fitness promedio reciente: 132.9
2025-10-23 11:13:44,987 - WARNING -    Degradación: 20.6
2025-10-23 11:13:44,987 - WARNING -    🔄 RESTAURANDO mejor solución...
2025-10-23 11:13:44,991 - DEBUG - Iter 106200: T=1.62, Fitness_actual=153.4, Mejor=153.4
2025-10-23 11:14:02,999 - DEBUG - Iter 106300: T=1.61, Fitness_actual=147.5, Mejor=153.4
2025-10-23 11:14:20,979 - DEBUG - Iter 106400: T=1.60, Fitness_actual=145.2, Mejor=153.4
2025-10-23 11:14:38,937 - INFO -   Iter 106500 | Tiempo:  206.9min (86.2%) | T =     1.60 | Fitness =    139.5 | Mejor =    153.4 | Aceptación =  92.2%
2025-10-23 11:14:38,938 - INFO - Progreso iter 106500: T=1.60, Fitness=139.5, Mejor=153.4, Tasa_acept=92.2%
2025-10-23 11:14:38,940 - DEBUG - Iter 106500: T=1.60, Fitness_actual=139.5, Mejor=153.4
2025-10-23 11:14:56,960 - DEBUG - Iter 106600: T=1.59, Fitness_actual=141.8, Mejor=153.4
2025-10-23 11:15:14,873 - DEBUG - Iter 106700: T=1.59, Fitness_actual=142.1, Mejor=153.4
2025-10-23 11:15:32,903 - DEBUG - Iter 106800: T=1.58, Fitness_actual=138.5, Mejor=153.4
2025-10-23 11:15:50,964 - DEBUG - Iter 106900: T=1.58, Fitness_actual=135.4, Mejor=153.4
2025-10-23 11:16:09,140 - INFO -   Iter 107000 | Tiempo:  208.4min (86.8%) | T =     1.57 | Fitness =    134.2 | Mejor =    153.4 | Aceptación =  92.3%
2025-10-23 11:16:09,140 - INFO - Progreso iter 107000: T=1.57, Fitness=134.2, Mejor=153.4, Tasa_acept=92.3%
2025-10-23 11:16:09,143 - DEBUG - Iter 107000: T=1.57, Fitness_actual=134.2, Mejor=153.4
2025-10-23 11:16:27,217 - DEBUG - Iter 107100: T=1.57, Fitness_actual=138.2, Mejor=153.4
2025-10-23 11:16:45,335 - DEBUG - Iter 107200: T=1.56, Fitness_actual=135.7, Mejor=153.4
2025-10-23 11:17:03,415 - WARNING - ⚠️  DEGRADACIÓN DETECTADA en iter 107300:
2025-10-23 11:17:03,415 - WARNING -    Mejor fitness: 153.4
2025-10-23 11:17:03,416 - WARNING -    Fitness promedio reciente: 133.2
2025-10-23 11:17:03,416 - WARNING -    Degradación: 20.2
2025-10-23 11:17:03,417 - WARNING -    🔄 RESTAURANDO mejor solución...
2025-10-23 11:17:03,420 - DEBUG - Iter 107300: T=1.55, Fitness_actual=153.4, Mejor=153.4
2025-10-23 11:17:21,477 - DEBUG - Iter 107400: T=1.55, Fitness_actual=143.4, Mejor=153.4
2025-10-23 11:17:39,544 - INFO -   Iter 107500 | Tiempo:  209.9min (87.5%) | T =     1.54 | Fitness =    141.6 | Mejor =    153.4 | Aceptación =  92.2%
2025-10-23 11:17:39,545 - INFO - Progreso iter 107500: T=1.54, Fitness=141.6, Mejor=153.4, Tasa_acept=92.2%
2025-10-23 11:17:39,547 - DEBUG - Iter 107500: T=1.54, Fitness_actual=141.6, Mejor=153.4
2025-10-23 11:17:57,666 - DEBUG - Iter 107600: T=1.54, Fitness_actual=141.6, Mejor=153.4
2025-10-23 11:18:15,786 - DEBUG - Iter 107700: T=1.53, Fitness_actual=137.3, Mejor=153.4
2025-10-23 11:18:33,909 - DEBUG - Iter 107800: T=1.53, Fitness_actual=138.3, Mejor=153.4
2025-10-23 11:18:52,067 - DEBUG - Iter 107900: T=1.52, Fitness_actual=137.4, Mejor=153.4
2025-10-23 11:19:10,215 - INFO -   Iter 108000 | Tiempo:  211.4min (88.1%) | T =     1.52 | Fitness =    135.6 | Mejor =    153.4 | Aceptación =  92.3%
2025-10-23 11:19:10,215 - INFO - Progreso iter 108000: T=1.52, Fitness=135.6, Mejor=153.4, Tasa_acept=92.3%
2025-10-23 11:19:10,218 - DEBUG - Iter 108000: T=1.52, Fitness_actual=135.6, Mejor=153.4
2025-10-23 11:19:28,306 - DEBUG - Iter 108100: T=1.51, Fitness_actual=137.7, Mejor=153.4
2025-10-23 11:19:46,447 - DEBUG - Iter 108200: T=1.51, Fitness_actual=133.0, Mejor=153.4
2025-10-23 11:19:55,528 - WARNING - ⚠️  DEGRADACIÓN DETECTADA en iter 108250:
2025-10-23 11:19:55,528 - WARNING -    Mejor fitness: 153.4
2025-10-23 11:19:55,529 - WARNING -    Fitness promedio reciente: 133.2
2025-10-23 11:19:55,529 - WARNING -    Degradación: 20.3
2025-10-23 11:19:55,529 - WARNING -    🔄 RESTAURANDO mejor solución...
2025-10-23 11:19:55,531 - INFO - 🌟 MEJORA #402 en iter 108250: Fitness=153.4 (+0.0), Puntos=16972
2025-10-23 11:19:56,078 - INFO - 🌟 MEJORA #403 en iter 108253: Fitness=153.4 (+0.0), Puntos=16972
2025-10-23 11:20:04,601 - DEBUG - Iter 108300: T=1.50, Fitness_actual=146.3, Mejor=153.4
2025-10-23 11:20:22,799 - DEBUG - Iter 108400: T=1.50, Fitness_actual=144.5, Mejor=153.4
2025-10-23 11:20:40,967 - INFO -   Iter 108500 | Tiempo:  212.9min (88.7%) | T =     1.49 | Fitness =    147.6 | Mejor =    153.4 | Aceptación =  92.3%
2025-10-23 11:20:40,967 - INFO - Progreso iter 108500: T=1.49, Fitness=147.6, Mejor=153.4, Tasa_acept=92.3%
2025-10-23 11:20:40,970 - DEBUG - Iter 108500: T=1.49, Fitness_actual=147.6, Mejor=153.4
2025-10-23 11:20:59,311 - DEBUG - Iter 108600: T=1.48, Fitness_actual=144.8, Mejor=153.4
2025-10-23 11:21:17,662 - DEBUG - Iter 108700: T=1.48, Fitness_actual=140.8, Mejor=153.4
2025-10-23 11:21:35,949 - DEBUG - Iter 108800: T=1.47, Fitness_actual=141.4, Mejor=153.4
2025-10-23 11:21:54,337 - DEBUG - Iter 108900: T=1.47, Fitness_actual=137.3, Mejor=153.4
2025-10-23 11:22:12,617 - INFO -   Iter 109000 | Tiempo:  214.4min (89.3%) | T =     1.46 | Fitness =    133.5 | Mejor =    153.4 | Aceptación =  92.3%
2025-10-23 11:22:12,617 - INFO - Progreso iter 109000: T=1.46, Fitness=133.5, Mejor=153.4, Tasa_acept=92.3%
2025-10-23 11:22:12,618 - WARNING - ⚠️  DEGRADACIÓN DETECTADA en iter 109000:
2025-10-23 11:22:12,618 - WARNING -    Mejor fitness: 153.4
2025-10-23 11:22:12,618 - WARNING -    Fitness promedio reciente: 133.1
2025-10-23 11:22:12,619 - WARNING -    Degradación: 20.4
2025-10-23 11:22:12,619 - WARNING -    🔄 RESTAURANDO mejor solución...
2025-10-23 11:22:12,620 - DEBUG - Iter 109000: T=1.46, Fitness_actual=153.4, Mejor=153.4
2025-10-23 11:22:30,939 - DEBUG - Iter 109100: T=1.46, Fitness_actual=147.4, Mejor=153.4
2025-10-23 11:22:49,237 - DEBUG - Iter 109200: T=1.45, Fitness_actual=142.2, Mejor=153.4
2025-10-23 11:23:07,599 - DEBUG - Iter 109300: T=1.45, Fitness_actual=142.8, Mejor=153.4
2025-10-23 11:23:25,834 - DEBUG - Iter 109400: T=1.44, Fitness_actual=143.9, Mejor=153.4
2025-10-23 11:23:44,185 - INFO -   Iter 109500 | Tiempo:  216.0min (90.0%) | T =     1.44 | Fitness =    143.5 | Mejor =    153.4 | Aceptación =  92.2%
2025-10-23 11:23:44,186 - INFO - Progreso iter 109500: T=1.44, Fitness=143.5, Mejor=153.4, Tasa_acept=92.2%
2025-10-23 11:23:44,187 - DEBUG - Iter 109500: T=1.44, Fitness_actual=143.5, Mejor=153.4
2025-10-23 11:24:02,570 - DEBUG - Iter 109600: T=1.43, Fitness_actual=142.7, Mejor=153.4
2025-10-23 11:24:21,356 - DEBUG - Iter 109700: T=1.43, Fitness_actual=137.0, Mejor=153.4
2025-10-23 11:24:39,699 - DEBUG - Iter 109800: T=1.42, Fitness_actual=137.4, Mejor=153.4
2025-10-23 11:24:58,063 - DEBUG - Iter 109900: T=1.42, Fitness_actual=136.7, Mejor=153.4
2025-10-23 11:25:16,434 - INFO -   Iter 110000 | Tiempo:  217.5min (90.6%) | T =     1.41 | Fitness =    135.1 | Mejor =    153.4 | Aceptación =  92.2%
2025-10-23 11:25:16,434 - INFO - Progreso iter 110000: T=1.41, Fitness=135.1, Mejor=153.4, Tasa_acept=92.2%
2025-10-23 11:25:16,437 - DEBUG - Iter 110000: T=1.41, Fitness_actual=135.1, Mejor=153.4
2025-10-23 11:25:34,844 - DEBUG - Iter 110100: T=1.41, Fitness_actual=135.6, Mejor=153.4
2025-10-23 11:25:53,238 - DEBUG - Iter 110200: T=1.40, Fitness_actual=135.9, Mejor=153.4
2025-10-23 11:26:11,720 - DEBUG - Iter 110300: T=1.40, Fitness_actual=139.0, Mejor=153.4
2025-10-23 11:26:30,151 - DEBUG - Iter 110400: T=1.39, Fitness_actual=138.8, Mejor=153.4
2025-10-23 11:26:48,597 - INFO -   Iter 110500 | Tiempo:  219.0min (91.3%) | T =     1.39 | Fitness =    135.7 | Mejor =    153.4 | Aceptación =  92.3%
2025-10-23 11:26:48,597 - INFO - Progreso iter 110500: T=1.39, Fitness=135.7, Mejor=153.4, Tasa_acept=92.3%
2025-10-23 11:26:48,600 - DEBUG - Iter 110500: T=1.39, Fitness_actual=135.7, Mejor=153.4
2025-10-23 11:27:07,049 - DEBUG - Iter 110600: T=1.38, Fitness_actual=141.7, Mejor=153.4
2025-10-23 11:27:25,437 - DEBUG - Iter 110700: T=1.38, Fitness_actual=139.4, Mejor=153.4
2025-10-23 11:27:43,917 - DEBUG - Iter 110800: T=1.37, Fitness_actual=137.8, Mejor=153.4
2025-10-23 11:28:02,387 - DEBUG - Iter 110900: T=1.37, Fitness_actual=131.3, Mejor=153.4
2025-10-23 11:28:11,600 - WARNING - ⚠️  DEGRADACIÓN DETECTADA en iter 110950:
2025-10-23 11:28:11,600 - WARNING -    Mejor fitness: 153.4
2025-10-23 11:28:11,601 - WARNING -    Fitness promedio reciente: 132.8
2025-10-23 11:28:11,601 - WARNING -    Degradación: 20.6
2025-10-23 11:28:11,601 - WARNING -    🔄 RESTAURANDO mejor solución...
2025-10-23 11:28:11,974 - INFO - 🌟 MEJORA #404 en iter 110952: Fitness=153.4 (+0.0), Puntos=16972
2025-10-23 11:28:12,159 - INFO - 🌟 MEJORA #405 en iter 110953: Fitness=153.4 (+0.0), Puntos=16972
2025-10-23 11:28:12,159 - INFO -   ✨ Mejora #405 en iteración 110954: Fitness = 153.4 | Puntos = 16972 | T = 1.37
2025-10-23 11:28:20,817 - INFO -   Iter 111000 | Tiempo:  220.6min (91.9%) | T =     1.36 | Fitness =    149.3 | Mejor =    153.4 | Aceptación =  92.3%
2025-10-23 11:28:20,817 - INFO - Progreso iter 111000: T=1.36, Fitness=149.3, Mejor=153.4, Tasa_acept=92.3%
2025-10-23 11:28:20,820 - DEBUG - Iter 111000: T=1.36, Fitness_actual=149.3, Mejor=153.4
2025-10-23 11:28:39,277 - DEBUG - Iter 111100: T=1.36, Fitness_actual=146.8, Mejor=153.4
2025-10-23 11:28:57,725 - DEBUG - Iter 111200: T=1.35, Fitness_actual=142.0, Mejor=153.4
2025-10-23 11:29:16,200 - DEBUG - Iter 111300: T=1.35, Fitness_actual=144.8, Mejor=153.4
2025-10-23 11:29:34,696 - DEBUG - Iter 111400: T=1.34, Fitness_actual=144.0, Mejor=153.4
2025-10-23 11:29:53,156 - INFO -   Iter 111500 | Tiempo:  222.1min (92.5%) | T =     1.34 | Fitness =    141.5 | Mejor =    153.4 | Aceptación =  92.3%
2025-10-23 11:29:53,157 - INFO - Progreso iter 111500: T=1.34, Fitness=141.5, Mejor=153.4, Tasa_acept=92.3%
2025-10-23 11:29:53,159 - DEBUG - Iter 111500: T=1.34, Fitness_actual=141.5, Mejor=153.4
2025-10-23 11:30:11,703 - DEBUG - Iter 111600: T=1.33, Fitness_actual=140.7, Mejor=153.4
2025-10-23 11:30:30,215 - DEBUG - Iter 111700: T=1.33, Fitness_actual=142.7, Mejor=153.4
2025-10-23 11:30:48,768 - DEBUG - Iter 111800: T=1.32, Fitness_actual=142.4, Mejor=153.4
2025-10-23 11:31:07,483 - DEBUG - Iter 111900: T=1.32, Fitness_actual=139.4, Mejor=153.4
2025-10-23 11:31:26,099 - INFO -   Iter 112000 | Tiempo:  223.7min (93.2%) | T =     1.32 | Fitness =    139.7 | Mejor =    153.4 | Aceptación =  92.3%
2025-10-23 11:31:26,099 - INFO - Progreso iter 112000: T=1.32, Fitness=139.7, Mejor=153.4, Tasa_acept=92.3%
2025-10-23 11:31:26,102 - DEBUG - Iter 112000: T=1.32, Fitness_actual=139.7, Mejor=153.4
2025-10-23 11:31:44,718 - DEBUG - Iter 112100: T=1.31, Fitness_actual=139.9, Mejor=153.4
2025-10-23 11:32:03,615 - DEBUG - Iter 112200: T=1.31, Fitness_actual=138.9, Mejor=153.4
2025-10-23 11:32:22,225 - DEBUG - Iter 112300: T=1.30, Fitness_actual=136.7, Mejor=153.4
2025-10-23 11:32:36,088 - DEBUG - Iter 112400: T=1.30, Fitness_actual=134.5, Mejor=153.4
2025-10-23 11:32:40,639 - INFO -   Iter 112500 | Tiempo:  224.9min (93.7%) | T =     1.30 | Fitness =    133.1 | Mejor =    153.4 | Aceptación =  92.3%
2025-10-23 11:32:40,639 - INFO - Progreso iter 112500: T=1.30, Fitness=133.1, Mejor=153.4, Tasa_acept=92.3%
2025-10-23 11:32:40,641 - DEBUG - Iter 112500: T=1.30, Fitness_actual=133.1, Mejor=153.4
2025-10-23 11:32:42,933 - WARNING - ⚠️  DEGRADACIÓN DETECTADA en iter 112550:
2025-10-23 11:32:42,933 - WARNING -    Mejor fitness: 153.4
2025-10-23 11:32:42,933 - WARNING -    Fitness promedio reciente: 133.4
2025-10-23 11:32:42,933 - WARNING -    Degradación: 20.1
2025-10-23 11:32:42,933 - WARNING -    🔄 RESTAURANDO mejor solución...
2025-10-23 11:32:45,210 - DEBUG - Iter 112600: T=1.30, Fitness_actual=149.3, Mejor=153.4
2025-10-23 11:32:49,801 - DEBUG - Iter 112700: T=1.29, Fitness_actual=147.0, Mejor=153.4
2025-10-23 11:32:54,429 - DEBUG - Iter 112800: T=1.29, Fitness_actual=146.9, Mejor=153.4
2025-10-23 11:32:58,981 - DEBUG - Iter 112900: T=1.29, Fitness_actual=140.2, Mejor=153.4
2025-10-23 11:33:03,538 - INFO -   Iter 113000 | Tiempo:  225.3min (93.9%) | T =     1.29 | Fitness =    141.7 | Mejor =    153.4 | Aceptación =  92.3%
2025-10-23 11:33:03,538 - INFO - Progreso iter 113000: T=1.29, Fitness=141.7, Mejor=153.4, Tasa_acept=92.3%
2025-10-23 11:33:03,540 - DEBUG - Iter 113000: T=1.29, Fitness_actual=141.7, Mejor=153.4
2025-10-23 11:33:08,147 - DEBUG - Iter 113100: T=1.29, Fitness_actual=137.3, Mejor=153.4
2025-10-23 11:33:13,021 - DEBUG - Iter 113200: T=1.29, Fitness_actual=138.2, Mejor=153.4
2025-10-23 11:33:18,038 - DEBUG - Iter 113300: T=1.29, Fitness_actual=138.1, Mejor=153.4
2025-10-23 11:33:22,850 - DEBUG - Iter 113400: T=1.29, Fitness_actual=139.0, Mejor=153.4
2025-10-23 11:33:27,683 - INFO -   Iter 113500 | Tiempo:  225.7min (94.0%) | T =     1.28 | Fitness =    140.0 | Mejor =    153.4 | Aceptación =  92.3%
2025-10-23 11:33:27,683 - INFO - Progreso iter 113500: T=1.28, Fitness=140.0, Mejor=153.4, Tasa_acept=92.3%
2025-10-23 11:33:27,686 - DEBUG - Iter 113500: T=1.28, Fitness_actual=140.0, Mejor=153.4
2025-10-23 11:33:32,592 - DEBUG - Iter 113600: T=1.28, Fitness_actual=138.5, Mejor=153.4
2025-10-23 11:33:37,407 - DEBUG - Iter 113700: T=1.28, Fitness_actual=139.2, Mejor=153.4
2025-10-23 11:33:42,277 - DEBUG - Iter 113800: T=1.28, Fitness_actual=137.0, Mejor=153.4
2025-10-23 11:33:46,787 - DEBUG - Iter 113900: T=1.28, Fitness_actual=138.7, Mejor=153.4
2025-10-23 11:33:51,414 - INFO -   Iter 114000 | Tiempo:  226.1min (94.2%) | T =     1.28 | Fitness =    135.5 | Mejor =    153.4 | Aceptación =  92.2%
2025-10-23 11:33:51,415 - INFO - Progreso iter 114000: T=1.28, Fitness=135.5, Mejor=153.4, Tasa_acept=92.2%
2025-10-23 11:33:51,417 - DEBUG - Iter 114000: T=1.28, Fitness_actual=135.5, Mejor=153.4
2025-10-23 11:33:56,175 - DEBUG - Iter 114100: T=1.28, Fitness_actual=137.1, Mejor=153.4
2025-10-23 11:34:01,074 - DEBUG - Iter 114200: T=1.28, Fitness_actual=138.6, Mejor=153.4
2025-10-23 11:34:05,959 - DEBUG - Iter 114300: T=1.28, Fitness_actual=135.8, Mejor=153.4
2025-10-23 11:34:10,934 - DEBUG - Iter 114400: T=1.27, Fitness_actual=138.1, Mejor=153.4
2025-10-23 11:34:17,405 - INFO -   Iter 114500 | Tiempo:  226.5min (94.4%) | T =     1.27 | Fitness =    134.5 | Mejor =    153.4 | Aceptación =  92.2%
2025-10-23 11:34:17,406 - INFO - Progreso iter 114500: T=1.27, Fitness=134.5, Mejor=153.4, Tasa_acept=92.2%
2025-10-23 11:34:17,408 - DEBUG - Iter 114500: T=1.27, Fitness_actual=134.5, Mejor=153.4
2025-10-23 11:34:22,232 - DEBUG - Iter 114600: T=1.27, Fitness_actual=137.1, Mejor=153.4
2025-10-23 11:34:26,830 - DEBUG - Iter 114700: T=1.27, Fitness_actual=136.9, Mejor=153.4
2025-10-23 11:34:31,492 - DEBUG - Iter 114800: T=1.27, Fitness_actual=135.8, Mejor=153.4
2025-10-23 11:34:36,208 - WARNING - ⚠️  DEGRADACIÓN DETECTADA en iter 114900:
2025-10-23 11:34:36,208 - WARNING -    Mejor fitness: 153.4
2025-10-23 11:34:36,209 - WARNING -    Fitness promedio reciente: 132.9
2025-10-23 11:34:36,209 - WARNING -    Degradación: 20.5
2025-10-23 11:34:36,209 - WARNING -    🔄 RESTAURANDO mejor solución...
2025-10-23 11:34:36,210 - DEBUG - Iter 114900: T=1.27, Fitness_actual=153.4, Mejor=153.4
2025-10-23 11:34:36,306 - INFO - 🌟 MEJORA #406 en iter 114902: Fitness=153.4 (+0.0), Puntos=16972
2025-10-23 11:34:40,947 - INFO -   Iter 115000 | Tiempo:  226.9min (94.5%) | T =     1.27 | Fitness =    143.0 | Mejor =    153.4 | Aceptación =  92.2%
2025-10-23 11:34:40,947 - INFO - Progreso iter 115000: T=1.27, Fitness=143.0, Mejor=153.4, Tasa_acept=92.2%
2025-10-23 11:34:40,949 - DEBUG - Iter 115000: T=1.27, Fitness_actual=143.0, Mejor=153.4
2025-10-23 11:34:45,568 - DEBUG - Iter 115100: T=1.27, Fitness_actual=142.6, Mejor=153.4
2025-10-23 11:34:50,183 - DEBUG - Iter 115200: T=1.26, Fitness_actual=141.2, Mejor=153.4
2025-10-23 11:34:54,879 - DEBUG - Iter 115300: T=1.26, Fitness_actual=139.2, Mejor=153.4
2025-10-23 11:34:59,866 - DEBUG - Iter 115400: T=1.26, Fitness_actual=134.0, Mejor=153.4
2025-10-23 11:35:04,831 - INFO -   Iter 115500 | Tiempo:  227.3min (94.7%) | T =     1.26 | Fitness =    137.1 | Mejor =    153.4 | Aceptación =  92.2%
2025-10-23 11:35:04,831 - INFO - Progreso iter 115500: T=1.26, Fitness=137.1, Mejor=153.4, Tasa_acept=92.2%
2025-10-23 11:35:04,833 - DEBUG - Iter 115500: T=1.26, Fitness_actual=137.1, Mejor=153.4
2025-10-23 11:35:09,828 - DEBUG - Iter 115600: T=1.26, Fitness_actual=139.1, Mejor=153.4
2025-10-23 11:35:14,692 - DEBUG - Iter 115700: T=1.26, Fitness_actual=138.1, Mejor=153.4
2025-10-23 11:35:19,602 - DEBUG - Iter 115800: T=1.26, Fitness_actual=135.5, Mejor=153.4
2025-10-23 11:35:24,517 - DEBUG - Iter 115900: T=1.26, Fitness_actual=135.5, Mejor=153.4
2025-10-23 11:35:29,314 - INFO -   Iter 116000 | Tiempo:  227.7min (94.9%) | T =     1.26 | Fitness =    136.0 | Mejor =    153.4 | Aceptación =  92.2%
2025-10-23 11:35:29,315 - INFO - Progreso iter 116000: T=1.26, Fitness=136.0, Mejor=153.4, Tasa_acept=92.2%
2025-10-23 11:35:29,317 - DEBUG - Iter 116000: T=1.26, Fitness_actual=136.0, Mejor=153.4
2025-10-23 11:35:34,693 - DEBUG - Iter 116100: T=1.25, Fitness_actual=136.3, Mejor=153.4
2025-10-23 11:35:39,723 - DEBUG - Iter 116200: T=1.25, Fitness_actual=131.8, Mejor=153.4
2025-10-23 11:35:42,208 - WARNING - ⚠️  DEGRADACIÓN DETECTADA en iter 116250:
2025-10-23 11:35:42,209 - WARNING -    Mejor fitness: 153.4
2025-10-23 11:35:42,209 - WARNING -    Fitness promedio reciente: 131.2
2025-10-23 11:35:42,209 - WARNING -    Degradación: 22.2
2025-10-23 11:35:42,209 - WARNING -    🔄 RESTAURANDO mejor solución...
2025-10-23 11:35:44,603 - DEBUG - Iter 116300: T=1.25, Fitness_actual=149.1, Mejor=153.4
2025-10-23 11:35:49,328 - DEBUG - Iter 116400: T=1.25, Fitness_actual=143.5, Mejor=153.4
2025-10-23 11:35:54,147 - INFO -   Iter 116500 | Tiempo:  228.1min (95.1%) | T =     1.25 | Fitness =    141.6 | Mejor =    153.4 | Aceptación =  92.2%
2025-10-23 11:35:54,147 - INFO - Progreso iter 116500: T=1.25, Fitness=141.6, Mejor=153.4, Tasa_acept=92.2%
2025-10-23 11:35:54,148 - DEBUG - Iter 116500: T=1.25, Fitness_actual=141.6, Mejor=153.4
2025-10-23 11:35:58,958 - DEBUG - Iter 116600: T=1.25, Fitness_actual=143.9, Mejor=153.4
2025-10-23 11:36:03,834 - DEBUG - Iter 116700: T=1.25, Fitness_actual=141.2, Mejor=153.4
2025-10-23 11:36:08,684 - WARNING - ⚠️  DEGRADACIÓN DETECTADA en iter 116800:
2025-10-23 11:36:08,684 - WARNING -    Mejor fitness: 153.4
2025-10-23 11:36:08,684 - WARNING -    Fitness promedio reciente: 132.1
2025-10-23 11:36:08,684 - WARNING -    Degradación: 21.3
2025-10-23 11:36:08,685 - WARNING -    🔄 RESTAURANDO mejor solución...
2025-10-23 11:36:08,686 - DEBUG - Iter 116800: T=1.25, Fitness_actual=153.4, Mejor=153.4
2025-10-23 11:36:13,544 - DEBUG - Iter 116900: T=1.24, Fitness_actual=146.9, Mejor=153.4
2025-10-23 11:36:18,401 - INFO -   Iter 117000 | Tiempo:  228.5min (95.2%) | T =     1.24 | Fitness =    143.5 | Mejor =    153.4 | Aceptación =  92.2%
2025-10-23 11:36:18,402 - INFO - Progreso iter 117000: T=1.24, Fitness=143.5, Mejor=153.4, Tasa_acept=92.2%
2025-10-23 11:36:18,404 - DEBUG - Iter 117000: T=1.24, Fitness_actual=143.5, Mejor=153.4
2025-10-23 11:36:23,280 - DEBUG - Iter 117100: T=1.24, Fitness_actual=141.1, Mejor=153.4
2025-10-23 11:36:28,143 - DEBUG - Iter 117200: T=1.24, Fitness_actual=143.4, Mejor=153.4
2025-10-23 11:36:33,015 - DEBUG - Iter 117300: T=1.24, Fitness_actual=144.3, Mejor=153.4
2025-10-23 11:36:38,056 - DEBUG - Iter 117400: T=1.24, Fitness_actual=142.1, Mejor=153.4
2025-10-23 11:36:42,929 - INFO -   Iter 117500 | Tiempo:  228.9min (95.4%) | T =     1.24 | Fitness =    138.5 | Mejor =    153.4 | Aceptación =  92.2%
2025-10-23 11:36:42,929 - INFO - Progreso iter 117500: T=1.24, Fitness=138.5, Mejor=153.4, Tasa_acept=92.2%
2025-10-23 11:36:42,932 - DEBUG - Iter 117500: T=1.24, Fitness_actual=138.5, Mejor=153.4
2025-10-23 11:36:47,826 - DEBUG - Iter 117600: T=1.24, Fitness_actual=139.8, Mejor=153.4
2025-10-23 11:36:52,706 - DEBUG - Iter 117700: T=1.24, Fitness_actual=140.9, Mejor=153.4
2025-10-23 11:36:57,587 - DEBUG - Iter 117800: T=1.23, Fitness_actual=142.5, Mejor=153.4
2025-10-23 11:37:02,542 - DEBUG - Iter 117900: T=1.23, Fitness_actual=142.9, Mejor=153.4
2025-10-23 11:37:08,426 - INFO -   Iter 118000 | Tiempo:  229.4min (95.6%) | T =     1.23 | Fitness =    140.5 | Mejor =    153.4 | Aceptación =  92.2%
2025-10-23 11:37:08,453 - INFO - Progreso iter 118000: T=1.23, Fitness=140.5, Mejor=153.4, Tasa_acept=92.2%
2025-10-23 11:37:08,461 - DEBUG - Iter 118000: T=1.23, Fitness_actual=140.5, Mejor=153.4
2025-10-23 11:37:14,024 - DEBUG - Iter 118100: T=1.23, Fitness_actual=141.2, Mejor=153.4
2025-10-23 11:37:18,965 - DEBUG - Iter 118200: T=1.23, Fitness_actual=142.4, Mejor=153.4
2025-10-23 11:37:23,953 - DEBUG - Iter 118300: T=1.23, Fitness_actual=139.7, Mejor=153.4
2025-10-23 11:37:28,774 - DEBUG - Iter 118400: T=1.23, Fitness_actual=139.8, Mejor=153.4
2025-10-23 11:37:33,535 - INFO -   Iter 118500 | Tiempo:  229.8min (95.7%) | T =     1.23 | Fitness =    138.4 | Mejor =    153.4 | Aceptación =  92.2%
2025-10-23 11:37:33,536 - INFO - Progreso iter 118500: T=1.23, Fitness=138.4, Mejor=153.4, Tasa_acept=92.2%
2025-10-23 11:37:33,538 - DEBUG - Iter 118500: T=1.23, Fitness_actual=138.4, Mejor=153.4
2025-10-23 11:37:38,335 - DEBUG - Iter 118600: T=1.22, Fitness_actual=135.7, Mejor=153.4
2025-10-23 11:37:43,246 - DEBUG - Iter 118700: T=1.22, Fitness_actual=137.0, Mejor=153.4
2025-10-23 11:37:48,185 - DEBUG - Iter 118800: T=1.22, Fitness_actual=138.5, Mejor=153.4
2025-10-23 11:37:52,962 - DEBUG - Iter 118900: T=1.22, Fitness_actual=137.5, Mejor=153.4
2025-10-23 11:37:57,722 - INFO -   Iter 119000 | Tiempo:  230.2min (95.9%) | T =     1.22 | Fitness =    136.2 | Mejor =    153.4 | Aceptación =  92.2%
2025-10-23 11:37:57,723 - INFO - Progreso iter 119000: T=1.22, Fitness=136.2, Mejor=153.4, Tasa_acept=92.2%
2025-10-23 11:37:57,725 - DEBUG - Iter 119000: T=1.22, Fitness_actual=136.2, Mejor=153.4
2025-10-23 11:38:02,486 - DEBUG - Iter 119100: T=1.22, Fitness_actual=138.3, Mejor=153.4
2025-10-23 11:38:07,209 - DEBUG - Iter 119200: T=1.22, Fitness_actual=136.8, Mejor=153.4
2025-10-23 11:38:11,906 - DEBUG - Iter 119300: T=1.22, Fitness_actual=137.0, Mejor=153.4
2025-10-23 11:38:16,671 - DEBUG - Iter 119400: T=1.22, Fitness_actual=135.0, Mejor=153.4
2025-10-23 11:38:21,410 - INFO -   Iter 119500 | Tiempo:  230.6min (96.1%) | T =     1.21 | Fitness =    135.0 | Mejor =    153.4 | Aceptación =  92.2%
2025-10-23 11:38:21,410 - INFO - Progreso iter 119500: T=1.21, Fitness=135.0, Mejor=153.4, Tasa_acept=92.2%
2025-10-23 11:38:21,411 - DEBUG - Iter 119500: T=1.21, Fitness_actual=135.0, Mejor=153.4
2025-10-23 11:38:26,128 - DEBUG - Iter 119600: T=1.21, Fitness_actual=133.3, Mejor=153.4
2025-10-23 11:38:28,573 - WARNING - ⚠️  DEGRADACIÓN DETECTADA en iter 119650:
2025-10-23 11:38:28,573 - WARNING -    Mejor fitness: 153.4
2025-10-23 11:38:28,574 - WARNING -    Fitness promedio reciente: 133.1
2025-10-23 11:38:28,574 - WARNING -    Degradación: 20.4
2025-10-23 11:38:28,574 - WARNING -    🔄 RESTAURANDO mejor solución...
2025-10-23 11:38:28,575 - INFO - 🌟 MEJORA #407 en iter 119650: Fitness=153.5 (+0.0), Puntos=16972
2025-10-23 11:38:28,625 - INFO - 🌟 MEJORA #408 en iter 119651: Fitness=153.5 (+0.0), Puntos=16972
2025-10-23 11:38:31,021 - DEBUG - Iter 119700: T=1.21, Fitness_actual=149.7, Mejor=153.5
2025-10-23 11:38:35,898 - DEBUG - Iter 119800: T=1.21, Fitness_actual=149.1, Mejor=153.5
2025-10-23 11:38:41,083 - DEBUG - Iter 119900: T=1.21, Fitness_actual=139.5, Mejor=153.5
2025-10-23 11:38:46,017 - INFO -   Iter 120000 | Tiempo:  231.0min (96.2%) | T =     1.21 | Fitness =    143.6 | Mejor =    153.5 | Aceptación =  92.2%
2025-10-23 11:38:46,018 - INFO - Progreso iter 120000: T=1.21, Fitness=143.6, Mejor=153.5, Tasa_acept=92.2%
2025-10-23 11:38:46,020 - DEBUG - Iter 120000: T=1.21, Fitness_actual=143.6, Mejor=153.5
2025-10-23 11:38:50,955 - DEBUG - Iter 120100: T=1.21, Fitness_actual=142.7, Mejor=153.5
2025-10-23 11:38:55,765 - DEBUG - Iter 120200: T=1.21, Fitness_actual=137.3, Mejor=153.5
2025-10-23 11:39:00,531 - DEBUG - Iter 120300: T=1.21, Fitness_actual=137.7, Mejor=153.5
2025-10-23 11:39:05,747 - DEBUG - Iter 120400: T=1.20, Fitness_actual=138.2, Mejor=153.5
2025-10-23 11:39:10,853 - INFO -   Iter 120500 | Tiempo:  231.4min (96.4%) | T =     1.20 | Fitness =    140.5 | Mejor =    153.5 | Aceptación =  92.2%
2025-10-23 11:39:10,853 - INFO - Progreso iter 120500: T=1.20, Fitness=140.5, Mejor=153.5, Tasa_acept=92.2%
2025-10-23 11:39:10,855 - DEBUG - Iter 120500: T=1.20, Fitness_actual=140.5, Mejor=153.5
2025-10-23 11:39:15,828 - DEBUG - Iter 120600: T=1.20, Fitness_actual=137.4, Mejor=153.5
2025-10-23 11:39:21,005 - DEBUG - Iter 120700: T=1.20, Fitness_actual=138.9, Mejor=153.5
2025-10-23 11:39:26,221 - DEBUG - Iter 120800: T=1.20, Fitness_actual=138.1, Mejor=153.5
2025-10-23 11:39:31,042 - DEBUG - Iter 120900: T=1.20, Fitness_actual=138.9, Mejor=153.5
2025-10-23 11:39:36,250 - INFO -   Iter 121000 | Tiempo:  231.8min (96.6%) | T =     1.20 | Fitness =    139.2 | Mejor =    153.5 | Aceptación =  92.2%
2025-10-23 11:39:36,251 - INFO - Progreso iter 121000: T=1.20, Fitness=139.2, Mejor=153.5, Tasa_acept=92.2%
2025-10-23 11:39:36,253 - DEBUG - Iter 121000: T=1.20, Fitness_actual=139.2, Mejor=153.5
2025-10-23 11:39:41,261 - DEBUG - Iter 121100: T=1.20, Fitness_actual=134.9, Mejor=153.5
2025-10-23 11:39:46,254 - DEBUG - Iter 121200: T=1.19, Fitness_actual=138.2, Mejor=153.5
2025-10-23 11:39:51,233 - DEBUG - Iter 121300: T=1.19, Fitness_actual=137.1, Mejor=153.5
2025-10-23 11:39:56,442 - DEBUG - Iter 121400: T=1.19, Fitness_actual=135.8, Mejor=153.5
2025-10-23 11:40:01,614 - INFO -   Iter 121500 | Tiempo:  232.3min (96.8%) | T =     1.19 | Fitness =    135.0 | Mejor =    153.5 | Aceptación =  92.2%
2025-10-23 11:40:01,614 - INFO - Progreso iter 121500: T=1.19, Fitness=135.0, Mejor=153.5, Tasa_acept=92.2%
2025-10-23 11:40:01,616 - DEBUG - Iter 121500: T=1.19, Fitness_actual=135.0, Mejor=153.5
2025-10-23 11:40:06,610 - DEBUG - Iter 121600: T=1.19, Fitness_actual=137.9, Mejor=153.5
2025-10-23 11:40:11,709 - DEBUG - Iter 121700: T=1.19, Fitness_actual=136.5, Mejor=153.5
2025-10-23 11:40:16,942 - DEBUG - Iter 121800: T=1.19, Fitness_actual=135.1, Mejor=153.5
2025-10-23 11:40:22,199 - DEBUG - Iter 121900: T=1.19, Fitness_actual=134.6, Mejor=153.5
2025-10-23 11:40:27,303 - INFO -   Iter 122000 | Tiempo:  232.7min (97.0%) | T =     1.19 | Fitness =    135.6 | Mejor =    153.5 | Aceptación =  92.2%
2025-10-23 11:40:27,303 - INFO - Progreso iter 122000: T=1.19, Fitness=135.6, Mejor=153.5, Tasa_acept=92.2%
2025-10-23 11:40:27,305 - DEBUG - Iter 122000: T=1.19, Fitness_actual=135.6, Mejor=153.5
2025-10-23 11:40:32,519 - DEBUG - Iter 122100: T=1.18, Fitness_actual=138.2, Mejor=153.5
2025-10-23 11:40:37,581 - DEBUG - Iter 122200: T=1.18, Fitness_actual=134.6, Mejor=153.5
2025-10-23 11:40:42,569 - WARNING - ⚠️  DEGRADACIÓN DETECTADA en iter 122300:
2025-10-23 11:40:42,569 - WARNING -    Mejor fitness: 153.5
2025-10-23 11:40:42,569 - WARNING -    Fitness promedio reciente: 132.9
2025-10-23 11:40:42,569 - WARNING -    Degradación: 20.5
2025-10-23 11:40:42,569 - WARNING -    🔄 RESTAURANDO mejor solución...
2025-10-23 11:40:42,570 - DEBUG - Iter 122300: T=1.18, Fitness_actual=153.5, Mejor=153.5
2025-10-23 11:40:47,695 - DEBUG - Iter 122400: T=1.18, Fitness_actual=147.3, Mejor=153.5
2025-10-23 11:40:52,732 - INFO -   Iter 122500 | Tiempo:  233.1min (97.1%) | T =     1.18 | Fitness =    146.4 | Mejor =    153.5 | Aceptación =  92.2%
2025-10-23 11:40:52,732 - INFO - Progreso iter 122500: T=1.18, Fitness=146.4, Mejor=153.5, Tasa_acept=92.2%
2025-10-23 11:40:52,734 - DEBUG - Iter 122500: T=1.18, Fitness_actual=146.4, Mejor=153.5
2025-10-23 11:40:57,782 - DEBUG - Iter 122600: T=1.18, Fitness_actual=143.3, Mejor=153.5
2025-10-23 11:41:02,823 - DEBUG - Iter 122700: T=1.18, Fitness_actual=143.2, Mejor=153.5
2025-10-23 11:41:07,878 - DEBUG - Iter 122800: T=1.18, Fitness_actual=142.1, Mejor=153.5
2025-10-23 11:41:12,945 - DEBUG - Iter 122900: T=1.18, Fitness_actual=142.7, Mejor=153.5
2025-10-23 11:41:18,107 - INFO -   Iter 123000 | Tiempo:  233.5min (97.3%) | T =     1.17 | Fitness =    140.3 | Mejor =    153.5 | Aceptación =  92.2%
2025-10-23 11:41:18,108 - INFO - Progreso iter 123000: T=1.17, Fitness=140.3, Mejor=153.5, Tasa_acept=92.2%
2025-10-23 11:41:18,110 - DEBUG - Iter 123000: T=1.17, Fitness_actual=140.3, Mejor=153.5
2025-10-23 11:41:23,153 - DEBUG - Iter 123100: T=1.17, Fitness_actual=137.5, Mejor=153.5
2025-10-23 11:41:28,228 - DEBUG - Iter 123200: T=1.17, Fitness_actual=140.8, Mejor=153.5
2025-10-23 11:41:33,375 - DEBUG - Iter 123300: T=1.17, Fitness_actual=142.0, Mejor=153.5
2025-10-23 11:41:38,417 - DEBUG - Iter 123400: T=1.17, Fitness_actual=140.4, Mejor=153.5
2025-10-23 11:41:43,565 - INFO -   Iter 123500 | Tiempo:  234.0min (97.5%) | T =     1.17 | Fitness =    138.9 | Mejor =    153.5 | Aceptación =  92.2%
2025-10-23 11:41:43,565 - INFO - Progreso iter 123500: T=1.17, Fitness=138.9, Mejor=153.5, Tasa_acept=92.2%
2025-10-23 11:41:43,567 - DEBUG - Iter 123500: T=1.17, Fitness_actual=138.9, Mejor=153.5
2025-10-23 11:41:48,853 - DEBUG - Iter 123600: T=1.17, Fitness_actual=140.8, Mejor=153.5
2025-10-23 11:41:53,912 - DEBUG - Iter 123700: T=1.17, Fitness_actual=137.8, Mejor=153.5
2025-10-23 11:41:58,869 - DEBUG - Iter 123800: T=1.17, Fitness_actual=136.3, Mejor=153.5
2025-10-23 11:42:03,936 - DEBUG - Iter 123900: T=1.16, Fitness_actual=137.3, Mejor=153.5
2025-10-23 11:42:09,073 - INFO -   Iter 124000 | Tiempo:  234.4min (97.7%) | T =     1.16 | Fitness =    132.5 | Mejor =    153.5 | Aceptación =  92.2%
2025-10-23 11:42:09,073 - INFO - Progreso iter 124000: T=1.16, Fitness=132.5, Mejor=153.5, Tasa_acept=92.2%
2025-10-23 11:42:09,074 - DEBUG - Iter 124000: T=1.16, Fitness_actual=132.5, Mejor=153.5
2025-10-23 11:42:14,212 - WARNING - ⚠️  DEGRADACIÓN DETECTADA en iter 124100:
2025-10-23 11:42:14,212 - WARNING -    Mejor fitness: 153.5
2025-10-23 11:42:14,212 - WARNING -    Fitness promedio reciente: 133.1
2025-10-23 11:42:14,213 - WARNING -    Degradación: 20.3
2025-10-23 11:42:14,213 - WARNING -    🔄 RESTAURANDO mejor solución...
2025-10-23 11:42:14,214 - DEBUG - Iter 124100: T=1.16, Fitness_actual=153.5, Mejor=153.5
2025-10-23 11:42:14,264 - INFO - 🌟 MEJORA #409 en iter 124101: Fitness=153.5 (+0.0), Puntos=16972
2025-10-23 11:42:19,492 - DEBUG - Iter 124200: T=1.16, Fitness_actual=145.2, Mejor=153.5
2025-10-23 11:42:24,820 - DEBUG - Iter 124300: T=1.16, Fitness_actual=142.5, Mejor=153.5
2025-10-23 11:42:29,916 - DEBUG - Iter 124400: T=1.16, Fitness_actual=142.7, Mejor=153.5
2025-10-23 11:42:35,156 - INFO -   Iter 124500 | Tiempo:  234.8min (97.8%) | T =     1.16 | Fitness =    139.9 | Mejor =    153.5 | Aceptación =  92.2%
2025-10-23 11:42:35,156 - INFO - Progreso iter 124500: T=1.16, Fitness=139.9, Mejor=153.5, Tasa_acept=92.2%
2025-10-23 11:42:35,158 - DEBUG - Iter 124500: T=1.16, Fitness_actual=139.9, Mejor=153.5
2025-10-23 11:42:40,208 - DEBUG - Iter 124600: T=1.16, Fitness_actual=139.4, Mejor=153.5
2025-10-23 11:42:45,449 - DEBUG - Iter 124700: T=1.15, Fitness_actual=140.3, Mejor=153.5
2025-10-23 11:42:50,658 - DEBUG - Iter 124800: T=1.15, Fitness_actual=138.4, Mejor=153.5
2025-10-23 11:42:55,760 - DEBUG - Iter 124900: T=1.15, Fitness_actual=138.2, Mejor=153.5
2025-10-23 11:43:00,922 - INFO -   Iter 125000 | Tiempo:  235.2min (98.0%) | T =     1.15 | Fitness =    136.8 | Mejor =    153.5 | Aceptación =  92.2%
2025-10-23 11:43:00,922 - INFO - Progreso iter 125000: T=1.15, Fitness=136.8, Mejor=153.5, Tasa_acept=92.2%
2025-10-23 11:43:00,925 - DEBUG - Iter 125000: T=1.15, Fitness_actual=136.8, Mejor=153.5
2025-10-23 11:43:06,249 - DEBUG - Iter 125100: T=1.15, Fitness_actual=135.7, Mejor=153.5
2025-10-23 11:43:11,643 - DEBUG - Iter 125200: T=1.15, Fitness_actual=135.8, Mejor=153.5
2025-10-23 11:43:16,949 - DEBUG - Iter 125300: T=1.15, Fitness_actual=136.2, Mejor=153.5
2025-10-23 11:43:22,170 - DEBUG - Iter 125400: T=1.15, Fitness_actual=133.1, Mejor=153.5
2025-10-23 11:43:27,371 - INFO -   Iter 125500 | Tiempo:  235.7min (98.2%) | T =     1.15 | Fitness =    132.7 | Mejor =    153.5 | Aceptación =  92.2%
2025-10-23 11:43:27,372 - INFO - Progreso iter 125500: T=1.15, Fitness=132.7, Mejor=153.5, Tasa_acept=92.2%
2025-10-23 11:43:27,373 - DEBUG - Iter 125500: T=1.15, Fitness_actual=132.7, Mejor=153.5
2025-10-23 11:43:30,135 - WARNING - ⚠️  DEGRADACIÓN DETECTADA en iter 125550:
2025-10-23 11:43:30,135 - WARNING -    Mejor fitness: 153.5
2025-10-23 11:43:30,135 - WARNING -    Fitness promedio reciente: 131.1
2025-10-23 11:43:30,135 - WARNING -    Degradación: 22.4
2025-10-23 11:43:30,136 - WARNING -    🔄 RESTAURANDO mejor solución...
2025-10-23 11:43:30,137 - INFO - 🌟 MEJORA #410 en iter 125550: Fitness=153.5 (+0.0), Puntos=16972
2025-10-23 11:43:30,137 - INFO -   ✨ Mejora #410 en iteración 125551: Fitness = 153.5 | Puntos = 16972 | T = 1.15
2025-10-23 11:43:32,811 - DEBUG - Iter 125600: T=1.14, Fitness_actual=144.7, Mejor=153.5
2025-10-23 11:43:38,031 - DEBUG - Iter 125700: T=1.14, Fitness_actual=146.2, Mejor=153.5
2025-10-23 11:43:43,191 - DEBUG - Iter 125800: T=1.14, Fitness_actual=144.1, Mejor=153.5
2025-10-23 11:43:48,438 - DEBUG - Iter 125900: T=1.14, Fitness_actual=142.3, Mejor=153.5
2025-10-23 11:43:53,848 - INFO -   Iter 126000 | Tiempo:  236.1min (98.4%) | T =     1.14 | Fitness =    141.9 | Mejor =    153.5 | Aceptación =  92.2%
2025-10-23 11:43:53,848 - INFO - Progreso iter 126000: T=1.14, Fitness=141.9, Mejor=153.5, Tasa_acept=92.2%
2025-10-23 11:43:53,851 - DEBUG - Iter 126000: T=1.14, Fitness_actual=141.9, Mejor=153.5
2025-10-23 11:43:59,191 - DEBUG - Iter 126100: T=1.14, Fitness_actual=142.9, Mejor=153.5
2025-10-23 11:44:04,515 - DEBUG - Iter 126200: T=1.14, Fitness_actual=135.6, Mejor=153.5
2025-10-23 11:44:09,751 - DEBUG - Iter 126300: T=1.14, Fitness_actual=138.4, Mejor=153.5
2025-10-23 11:44:15,022 - DEBUG - Iter 126400: T=1.14, Fitness_actual=139.7, Mejor=153.5
2025-10-23 11:44:20,430 - INFO -   Iter 126500 | Tiempo:  236.6min (98.6%) | T =     1.13 | Fitness =    135.3 | Mejor =    153.5 | Aceptación =  92.2%
2025-10-23 11:44:20,431 - INFO - Progreso iter 126500: T=1.13, Fitness=135.3, Mejor=153.5, Tasa_acept=92.2%
2025-10-23 11:44:20,433 - DEBUG - Iter 126500: T=1.13, Fitness_actual=135.3, Mejor=153.5
2025-10-23 11:44:25,698 - WARNING - ⚠️  DEGRADACIÓN DETECTADA en iter 126600:
2025-10-23 11:44:25,698 - WARNING -    Mejor fitness: 153.5
2025-10-23 11:44:25,699 - WARNING -    Fitness promedio reciente: 133.4
2025-10-23 11:44:25,699 - WARNING -    Degradación: 20.0
2025-10-23 11:44:25,699 - WARNING -    🔄 RESTAURANDO mejor solución...
2025-10-23 11:44:25,701 - DEBUG - Iter 126600: T=1.13, Fitness_actual=153.5, Mejor=153.5
2025-10-23 11:44:25,807 - INFO - 🌟 MEJORA #411 en iter 126602: Fitness=153.5 (+0.1), Puntos=16981
2025-10-23 11:44:26,420 - INFO - 🌟 MEJORA #412 en iter 126614: Fitness=153.5 (+0.0), Puntos=16981
2025-10-23 11:44:30,723 - DEBUG - Iter 126700: T=1.13, Fitness_actual=144.0, Mejor=153.5
2025-10-23 11:44:35,891 - DEBUG - Iter 126800: T=1.13, Fitness_actual=144.0, Mejor=153.5
2025-10-23 11:44:40,968 - DEBUG - Iter 126900: T=1.13, Fitness_actual=147.3, Mejor=153.5
2025-10-23 11:44:46,241 - INFO -   Iter 127000 | Tiempo:  237.0min (98.7%) | T =     1.13 | Fitness =    145.0 | Mejor =    153.5 | Aceptación =  92.2%
2025-10-23 11:44:46,241 - INFO - Progreso iter 127000: T=1.13, Fitness=145.0, Mejor=153.5, Tasa_acept=92.2%
2025-10-23 11:44:46,244 - DEBUG - Iter 127000: T=1.13, Fitness_actual=145.0, Mejor=153.5
2025-10-23 11:44:51,412 - DEBUG - Iter 127100: T=1.13, Fitness_actual=140.7, Mejor=153.5
2025-10-23 11:44:56,832 - DEBUG - Iter 127200: T=1.13, Fitness_actual=136.8, Mejor=153.5
2025-10-23 11:45:02,744 - DEBUG - Iter 127300: T=1.13, Fitness_actual=137.3, Mejor=153.5
2025-10-23 11:45:08,090 - DEBUG - Iter 127400: T=1.12, Fitness_actual=136.5, Mejor=153.5
2025-10-23 11:45:13,327 - INFO -   Iter 127500 | Tiempo:  237.5min (98.9%) | T =     1.12 | Fitness =    137.4 | Mejor =    153.5 | Aceptación =  92.2%
2025-10-23 11:45:13,327 - INFO - Progreso iter 127500: T=1.12, Fitness=137.4, Mejor=153.5, Tasa_acept=92.2%
2025-10-23 11:45:13,328 - DEBUG - Iter 127500: T=1.12, Fitness_actual=137.4, Mejor=153.5
2025-10-23 11:45:18,679 - DEBUG - Iter 127600: T=1.12, Fitness_actual=143.2, Mejor=153.5
2025-10-23 11:45:23,871 - DEBUG - Iter 127700: T=1.12, Fitness_actual=142.1, Mejor=153.5
2025-10-23 11:45:28,912 - DEBUG - Iter 127800: T=1.12, Fitness_actual=140.4, Mejor=153.5
2025-10-23 11:45:34,250 - DEBUG - Iter 127900: T=1.12, Fitness_actual=138.9, Mejor=153.5
2025-10-23 11:45:39,627 - INFO -   Iter 128000 | Tiempo:  237.9min (99.1%) | T =     1.12 | Fitness =    136.5 | Mejor =    153.5 | Aceptación =  92.1%
2025-10-23 11:45:39,628 - INFO - Progreso iter 128000: T=1.12, Fitness=136.5, Mejor=153.5, Tasa_acept=92.1%
2025-10-23 11:45:39,629 - DEBUG - Iter 128000: T=1.12, Fitness_actual=136.5, Mejor=153.5
2025-10-23 11:45:44,995 - DEBUG - Iter 128100: T=1.12, Fitness_actual=134.5, Mejor=153.5
2025-10-23 11:45:50,352 - DEBUG - Iter 128200: T=1.11, Fitness_actual=134.7, Mejor=153.5
2025-10-23 11:45:55,569 - WARNING - ⚠️  DEGRADACIÓN DETECTADA en iter 128300:
2025-10-23 11:45:55,569 - WARNING -    Mejor fitness: 153.5
2025-10-23 11:45:55,569 - WARNING -    Fitness promedio reciente: 132.4
2025-10-23 11:45:55,569 - WARNING -    Degradación: 21.2
2025-10-23 11:45:55,570 - WARNING -    🔄 RESTAURANDO mejor solución...
2025-10-23 11:45:55,571 - DEBUG - Iter 128300: T=1.11, Fitness_actual=153.5, Mejor=153.5
2025-10-23 11:46:00,675 - DEBUG - Iter 128400: T=1.11, Fitness_actual=144.5, Mejor=153.5
2025-10-23 11:46:05,919 - INFO -   Iter 128500 | Tiempo:  238.3min (99.3%) | T =     1.11 | Fitness =    145.7 | Mejor =    153.5 | Aceptación =  92.1%
2025-10-23 11:46:05,920 - INFO - Progreso iter 128500: T=1.11, Fitness=145.7, Mejor=153.5, Tasa_acept=92.1%
2025-10-23 11:46:05,921 - DEBUG - Iter 128500: T=1.11, Fitness_actual=145.7, Mejor=153.5
2025-10-23 11:46:11,216 - DEBUG - Iter 128600: T=1.11, Fitness_actual=146.3, Mejor=153.5
2025-10-23 11:46:16,449 - DEBUG - Iter 128700: T=1.11, Fitness_actual=141.1, Mejor=153.5
2025-10-23 11:46:21,738 - DEBUG - Iter 128800: T=1.11, Fitness_actual=143.4, Mejor=153.5
2025-10-23 11:46:26,969 - DEBUG - Iter 128900: T=1.11, Fitness_actual=140.6, Mejor=153.5
2025-10-23 11:46:32,202 - INFO -   Iter 129000 | Tiempo:  238.8min (99.5%) | T =     1.11 | Fitness =    146.1 | Mejor =    153.5 | Aceptación =  92.1%
2025-10-23 11:46:32,202 - INFO - Progreso iter 129000: T=1.11, Fitness=146.1, Mejor=153.5, Tasa_acept=92.1%
2025-10-23 11:46:32,203 - DEBUG - Iter 129000: T=1.11, Fitness_actual=146.1, Mejor=153.5
2025-10-23 11:46:37,518 - DEBUG - Iter 129100: T=1.11, Fitness_actual=144.1, Mejor=153.5
2025-10-23 11:46:42,915 - DEBUG - Iter 129200: T=1.10, Fitness_actual=141.3, Mejor=153.5
2025-10-23 11:46:48,255 - DEBUG - Iter 129300: T=1.10, Fitness_actual=140.9, Mejor=153.5
2025-10-23 11:46:53,392 - DEBUG - Iter 129400: T=1.10, Fitness_actual=138.2, Mejor=153.5
2025-10-23 11:46:58,482 - INFO -   Iter 129500 | Tiempo:  239.2min (99.7%) | T =     1.10 | Fitness =    139.5 | Mejor =    153.5 | Aceptación =  92.1%
2025-10-23 11:46:58,482 - INFO - Progreso iter 129500: T=1.10, Fitness=139.5, Mejor=153.5, Tasa_acept=92.1%
2025-10-23 11:46:58,483 - DEBUG - Iter 129500: T=1.10, Fitness_actual=139.5, Mejor=153.5
2025-10-23 11:47:03,583 - DEBUG - Iter 129600: T=1.10, Fitness_actual=139.3, Mejor=153.5
2025-10-23 11:47:08,715 - DEBUG - Iter 129700: T=1.10, Fitness_actual=137.6, Mejor=153.5
2025-10-23 11:47:13,932 - DEBUG - Iter 129800: T=1.10, Fitness_actual=135.8, Mejor=153.5
2025-10-23 11:47:19,113 - DEBUG - Iter 129900: T=1.10, Fitness_actual=138.4, Mejor=153.5
2025-10-23 11:47:24,438 - INFO -   Iter 130000 | Tiempo:  239.6min (99.8%) | T =     1.10 | Fitness =    137.5 | Mejor =    153.5 | Aceptación =  92.1%
2025-10-23 11:47:24,438 - INFO - Progreso iter 130000: T=1.10, Fitness=137.5, Mejor=153.5, Tasa_acept=92.1%
2025-10-23 11:47:24,441 - DEBUG - Iter 130000: T=1.10, Fitness_actual=137.5, Mejor=153.5
2025-10-23 11:47:29,706 - DEBUG - Iter 130100: T=1.09, Fitness_actual=136.4, Mejor=153.5
2025-10-23 11:47:35,053 - DEBUG - Iter 130200: T=1.09, Fitness_actual=132.5, Mejor=153.5
2025-10-23 11:47:40,459 - DEBUG - Iter 130300: T=1.09, Fitness_actual=134.4, Mejor=153.5
2025-10-23 11:47:43,147 - WARNING - ⚠️  DEGRADACIÓN DETECTADA en iter 130350:
2025-10-23 11:47:43,147 - WARNING -    Mejor fitness: 153.5
2025-10-23 11:47:43,148 - WARNING -    Fitness promedio reciente: 133.2
2025-10-23 11:47:43,148 - WARNING -    Degradación: 20.3
2025-10-23 11:47:43,148 - WARNING -    🔄 RESTAURANDO mejor solución...
2025-10-23 11:47:43,149 - INFO - 🌟 MEJORA #413 en iter 130350: Fitness=153.5 (+0.0), Puntos=16981
2025-10-23 11:47:45,814 - DEBUG - Iter 130400: T=1.09, Fitness_actual=148.7, Mejor=153.5
2025-10-23 11:47:46,295 - INFO - ⏰ Tiempo máximo alcanzado: 240.0 minutos
2025-10-23 11:47:46,385 - INFO - 💾 Gráfica guardada: graficas\evolucion_fitness_sa_23_11_47.png
2025-10-23 11:47:46,386 - INFO - ================================================================================
2025-10-23 11:47:46,386 - INFO - ✅ ENFRIAMIENTO SIMULADO COMPLETADO
2025-10-23 11:47:46,386 - INFO - ================================================================================
2025-10-23 11:47:46,386 - INFO - Iteraciones: 130,410
2025-10-23 11:47:46,386 - INFO - Tiempo ejecución: 240.00 minutos
2025-10-23 11:47:46,386 - INFO - Fitness inicial: 99.8
2025-10-23 11:47:46,386 - INFO - Fitness final: 153.5
2025-10-23 11:47:46,386 - INFO - Mejora: +53.7 (+53.81%)
2025-10-23 11:47:46,387 - INFO - Mejoras encontradas: 413
2025-10-23 11:47:46,387 - INFO - Tasa aceptación: 92.10%
2025-10-23 11:47:46,387 - INFO - ================================================================================
2025-10-23 11:47:46,387 - INFO - ================================================================================
2025-10-23 11:47:46,387 - INFO - ✅ ENFRIAMIENTO SIMULADO COMPLETADO
2025-10-23 11:47:46,387 - INFO - ================================================================================
2025-10-23 11:47:46,387 - INFO - 
2025-10-23 11:47:46,387 - INFO - 📈 Estadísticas:
2025-10-23 11:47:46,387 - INFO -   • Iteraciones realizadas: 130,410
2025-10-23 11:47:46,388 - INFO -   • Tiempo de ejecución: 240.00 minutos (4.00 horas)
2025-10-23 11:47:46,388 - INFO -   • Temperatura final: 1.0908
2025-10-23 11:47:46,388 - INFO -   • Total aceptaciones: 120,102 (92.1%)
2025-10-23 11:47:46,388 - INFO -   • Total rechazos: 10,307
2025-10-23 11:47:46,388 - INFO -   • Mejoras encontradas: 413
2025-10-23 11:47:46,388 - INFO - 
2025-10-23 11:47:46,388 - INFO - 🏆 Resultados:
2025-10-23 11:47:46,388 - INFO -   • Fitness inicial: 99.8
2025-10-23 11:47:46,389 - INFO -   • Fitness final: 153.5
2025-10-23 11:47:46,389 - INFO -   • Mejora absoluta: +53.7
2025-10-23 11:47:46,389 - INFO -   • Mejora porcentual: +53.81%
2025-10-23 11:47:46,389 - INFO -   • Puntos totales: 16981
2025-10-23 11:47:46,389 - INFO -   • Tiempo total: 218.9h
2025-10-23 11:47:46,389 - INFO -   • Distancia total: 88.8km
2025-10-23 11:47:46,390 - INFO - ================================================================================
2025-10-23 11:47:46,390 - INFO - ================================================================================
2025-10-23 11:47:46,390 - INFO - 📋 ANÁLISIS DE LA SOLUCIÓN FINAL
2025-10-23 11:47:46,390 - INFO - ================================================================================
2025-10-23 11:47:46,913 - INFO - 💾 Resultados exportados a: resultados_sa_standalone_20251023_114746.json
2025-10-23 11:47:46,913 - INFO - 
2025-10-23 11:47:46,914 - INFO - ✅ Resultados guardados exitosamente:
2025-10-23 11:47:46,914 - INFO -    • JSON: resultados_sa_standalone_20251023_114746.json
2025-10-23 11:47:46,914 - INFO -    • Log: logs\23_07_47_sa.log
2025-10-23 11:47:46,915 - INFO -    • Gráfica: graficas/evolucion_fitness_sa_*.png
2025-10-23 11:47:46,915 - INFO - ✅ Ejecución completada exitosamente!
