2025-10-23 03:25:46,268 - INFO - 📝 Log iniciado: logs\23_03_25_sa.log
2025-10-23 03:25:46,269 - INFO - 🎲 Modo 1: Enfriamiento Simulado desde solución aleatoria
2025-10-23 03:25:46,269 - INFO - ================================================================================
2025-10-23 03:25:46,270 - INFO - 🔥 INICIANDO ENFRIAMIENTO SIMULADO
2025-10-23 03:25:46,270 - INFO - ================================================================================
2025-10-23 03:25:46,270 - INFO - 🎲 Generando solución inicial aleatoria...
2025-10-23 03:25:46,630 - INFO - Solución inicial creada - Fitness: 99.8, Puntos: 15233
2025-10-23 03:25:46,630 - INFO -   ✅ La solución del GA es válida (sin duplicados).
2025-10-23 03:25:46,632 - INFO - 📊 Configuración para Enfriamiento Simulado:
2025-10-23 03:25:46,632 - INFO -   • Temperatura inicial: 3.0
2025-10-23 03:25:46,632 - INFO -   • Temperatura mínima: 0.1
2025-10-23 03:25:46,632 - INFO -   • Tipo de enfriamiento: 🔄 ADAPTATIVO (lineal por tiempo)
2025-10-23 03:25:46,633 - INFO -   • Máx. tiempo: 240.0 minutos (4.0 horas)
2025-10-23 03:25:46,633 - INFO -   • Máx. iter. sin mejora: 999,999
2025-10-23 03:25:46,633 - INFO -   • Usar optimización 2-opt: ✅ SÍ
2025-10-23 03:25:46,633 - INFO -   • Fitness inicial (REAL): 99.8
2025-10-23 03:25:46,633 - INFO -   • Puntos iniciales (REAL): 15233
2025-10-23 03:25:46,634 - INFO - ================================================================================
2025-10-23 03:25:47,179 - INFO - 🔄 Iniciando búsqueda...
2025-10-23 03:25:47,180 - INFO - Iniciando búsqueda por vecindario
2025-10-23 03:25:47,180 - INFO - Configuración: T_inicial=3.0, alpha=0.9995, max_tiempo=14400.0s, usar_2opt=True
2025-10-23 03:25:47,181 - INFO - --- Cambiando a Fase: Inicial (Exploración) (Progreso: 0.0%) ---
2025-10-23 03:25:47,185 - DEBUG - Iter 0: T=3.00, Fitness_actual=99.8, Mejor=99.8
2025-10-23 03:25:47,185 - INFO - 🌟 MEJORA #1 en iter 0: Fitness=99.8 (+0.0), Puntos=15233
2025-10-23 03:25:47,526 - INFO - 🌟 MEJORA #2 en iter 3: Fitness=100.8 (+1.0), Puntos=15231
2025-10-23 03:25:47,671 - INFO - 🌟 MEJORA #3 en iter 6: Fitness=100.9 (+0.1), Puntos=15237
2025-10-23 03:25:47,971 - INFO - 🌟 MEJORA #4 en iter 13: Fitness=101.8 (+0.9), Puntos=15228
2025-10-23 03:25:48,605 - INFO - 🌟 MEJORA #5 en iter 26: Fitness=102.0 (+0.2), Puntos=14298
2025-10-23 03:25:48,605 - INFO -   ✨ Mejora #5 en iteración 27: Fitness = 102.0 | Puntos = 14298 | T = 3.00
2025-10-23 03:25:49,540 - INFO - Iter 50: Aceptada solución con delta=-10.5 (T=3.00)
2025-10-23 03:25:49,540 - INFO -   📊 Desglose del cambio:
2025-10-23 03:25:49,540 - INFO -      Puntos: +0 → 14358 total
2025-10-23 03:25:49,541 - INFO -      Tiempo: +0.0min → 13385.6min total
2025-10-23 03:25:49,541 - INFO -      Distancia: +0.0km → 161.1km total
2025-10-23 03:25:51,520 - DEBUG - Iter 100: T=3.00, Fitness_actual=93.7, Mejor=102.0
2025-10-23 03:25:55,711 - DEBUG - Iter 200: T=2.99, Fitness_actual=100.9, Mejor=102.0
2025-10-23 03:25:59,928 - DEBUG - Iter 300: T=2.99, Fitness_actual=89.0, Mejor=102.0
2025-10-23 03:26:04,638 - DEBUG - Iter 400: T=2.99, Fitness_actual=80.2, Mejor=102.0
2025-10-23 03:26:08,873 - INFO -   Iter   500 | Tiempo:    0.4min ( 0.2%) | T =     2.99 | Fitness =     78.5 | Mejor =    102.0 | Aceptación =  85.6%
2025-10-23 03:26:08,873 - INFO - Progreso iter 500: T=2.99, Fitness=78.5, Mejor=102.0, Tasa_acept=85.6%
2025-10-23 03:26:08,874 - WARNING - ⚠️  DEGRADACIÓN DETECTADA en iter 500:
2025-10-23 03:26:08,874 - WARNING -    Mejor fitness: 102.0
2025-10-23 03:26:08,874 - WARNING -    Fitness promedio reciente: 80.0
2025-10-23 03:26:08,874 - WARNING -    Degradación: 22.0
2025-10-23 03:26:08,874 - WARNING -    🔄 RESTAURANDO mejor solución...
2025-10-23 03:26:08,877 - DEBUG - Iter 500: T=2.99, Fitness_actual=102.0, Mejor=102.0
2025-10-23 03:26:08,916 - INFO - 🌟 MEJORA #6 en iter 501: Fitness=102.0 (+0.0), Puntos=14298
2025-10-23 03:26:08,958 - INFO - 🌟 MEJORA #7 en iter 502: Fitness=102.0 (+0.0), Puntos=14298
2025-10-23 03:26:11,261 - INFO - 🌟 MEJORA #8 en iter 563: Fitness=104.9 (+2.9), Puntos=14788
2025-10-23 03:26:11,298 - INFO - 🌟 MEJORA #9 en iter 564: Fitness=106.4 (+1.5), Puntos=14788
2025-10-23 03:26:12,663 - DEBUG - Iter 600: T=2.98, Fitness_actual=102.2, Mejor=106.4
2025-10-23 03:26:13,005 - INFO - 🌟 MEJORA #10 en iter 609: Fitness=106.4 (+0.1), Puntos=14949
2025-10-23 03:26:13,005 - INFO -   ✨ Mejora #10 en iteración 610: Fitness = 106.4 | Puntos = 14949 | T = 2.98
2025-10-23 03:26:14,370 - INFO - 🌟 MEJORA #11 en iter 643: Fitness=106.9 (+0.4), Puntos=14540
2025-10-23 03:26:14,528 - INFO - 🌟 MEJORA #12 en iter 647: Fitness=107.0 (+0.1), Puntos=14503
2025-10-23 03:26:14,567 - INFO - 🌟 MEJORA #13 en iter 648: Fitness=107.0 (+0.0), Puntos=14503
2025-10-23 03:26:14,644 - INFO - 🌟 MEJORA #14 en iter 650: Fitness=107.0 (+0.0), Puntos=14503
2025-10-23 03:26:16,444 - INFO - 🌟 MEJORA #15 en iter 696: Fitness=107.9 (+0.8), Puntos=14489
2025-10-23 03:26:16,444 - INFO -   ✨ Mejora #15 en iteración 697: Fitness = 107.9 | Puntos = 14489 | T = 2.98
2025-10-23 03:26:16,639 - DEBUG - Iter 700: T=2.98, Fitness_actual=107.2, Mejor=107.9
2025-10-23 03:26:17,436 - INFO - 🌟 MEJORA #16 en iter 720: Fitness=108.2 (+0.3), Puntos=14773
2025-10-23 03:26:17,514 - INFO - 🌟 MEJORA #17 en iter 722: Fitness=108.8 (+0.6), Puntos=14783
2025-10-23 03:26:17,868 - INFO - 🌟 MEJORA #18 en iter 731: Fitness=108.8 (+0.0), Puntos=14783
2025-10-23 03:26:17,947 - INFO - 🌟 MEJORA #19 en iter 733: Fitness=108.8 (+0.0), Puntos=14783
2025-10-23 03:26:17,986 - INFO - 🌟 MEJORA #20 en iter 734: Fitness=108.8 (+0.0), Puntos=14784
2025-10-23 03:26:17,987 - INFO -   ✨ Mejora #20 en iteración 735: Fitness = 108.8 | Puntos = 14784 | T = 2.98
2025-10-23 03:26:18,146 - INFO - 🌟 MEJORA #21 en iter 738: Fitness=108.8 (+0.0), Puntos=14789
2025-10-23 03:26:18,186 - INFO - 🌟 MEJORA #22 en iter 739: Fitness=108.8 (+0.0), Puntos=14789
2025-10-23 03:26:18,224 - INFO - 🌟 MEJORA #23 en iter 740: Fitness=109.0 (+0.1), Puntos=14799
2025-10-23 03:26:18,461 - INFO - 🌟 MEJORA #24 en iter 746: Fitness=109.4 (+0.4), Puntos=14839
2025-10-23 03:26:18,500 - INFO - 🌟 MEJORA #25 en iter 747: Fitness=109.4 (+0.0), Puntos=14839
2025-10-23 03:26:18,500 - INFO -   ✨ Mejora #25 en iteración 748: Fitness = 109.4 | Puntos = 14839 | T = 2.98
2025-10-23 03:26:18,779 - INFO - 🌟 MEJORA #26 en iter 754: Fitness=109.7 (+0.4), Puntos=14978
2025-10-23 03:26:18,860 - INFO - 🌟 MEJORA #27 en iter 756: Fitness=109.8 (+0.1), Puntos=14986
2025-10-23 03:26:18,899 - INFO - 🌟 MEJORA #28 en iter 757: Fitness=109.8 (+0.0), Puntos=14989
2025-10-23 03:26:20,639 - DEBUG - Iter 800: T=2.98, Fitness_actual=108.5, Mejor=109.8
2025-10-23 03:26:20,801 - INFO - 🌟 MEJORA #29 en iter 804: Fitness=112.5 (+2.7), Puntos=14810
2025-10-23 03:26:20,885 - INFO - 🌟 MEJORA #30 en iter 806: Fitness=113.0 (+0.5), Puntos=14804
2025-10-23 03:26:20,885 - INFO -   ✨ Mejora #30 en iteración 807: Fitness = 113.0 | Puntos = 14804 | T = 2.98
2025-10-23 03:26:24,350 - DEBUG - Iter 900: T=2.98, Fitness_actual=84.2, Mejor=113.0
2025-10-23 03:26:26,191 - WARNING - ⚠️  DEGRADACIÓN DETECTADA en iter 950:
2025-10-23 03:26:26,192 - WARNING -    Mejor fitness: 113.0
2025-10-23 03:26:26,192 - WARNING -    Fitness promedio reciente: 84.5
2025-10-23 03:26:26,192 - WARNING -    Degradación: 28.5
2025-10-23 03:26:26,192 - WARNING -    🔄 RESTAURANDO mejor solución...
2025-10-23 03:26:26,195 - INFO - 🌟 MEJORA #31 en iter 950: Fitness=113.0 (+0.0), Puntos=14804
2025-10-23 03:26:26,233 - INFO - 🌟 MEJORA #32 en iter 951: Fitness=113.9 (+0.9), Puntos=14793
2025-10-23 03:26:28,083 - INFO -   Iter  1000 | Tiempo:    0.7min ( 0.3%) | T =     2.97 | Fitness =    110.9 | Mejor =    113.9 | Aceptación =  84.9%
2025-10-23 03:26:28,084 - INFO - Progreso iter 1000: T=2.97, Fitness=110.9, Mejor=113.9, Tasa_acept=84.9%
2025-10-23 03:26:28,086 - DEBUG - Iter 1000: T=2.97, Fitness_actual=110.9, Mejor=113.9
2025-10-23 03:26:31,842 - DEBUG - Iter 1100: T=2.97, Fitness_actual=100.6, Mejor=113.9
2025-10-23 03:26:35,737 - DEBUG - Iter 1200: T=2.97, Fitness_actual=107.9, Mejor=113.9
2025-10-23 03:26:39,633 - DEBUG - Iter 1300: T=2.97, Fitness_actual=100.2, Mejor=113.9
2025-10-23 03:26:43,710 - WARNING - ⚠️  DEGRADACIÓN DETECTADA en iter 1400:
2025-10-23 03:26:43,710 - WARNING -    Mejor fitness: 113.9
2025-10-23 03:26:43,710 - WARNING -    Fitness promedio reciente: 88.7
2025-10-23 03:26:43,710 - WARNING -    Degradación: 25.2
2025-10-23 03:26:43,710 - WARNING -    🔄 RESTAURANDO mejor solución...
2025-10-23 03:26:43,713 - DEBUG - Iter 1400: T=2.97, Fitness_actual=113.9, Mejor=113.9
2025-10-23 03:26:47,722 - INFO -   Iter  1500 | Tiempo:    1.0min ( 0.4%) | T =     2.96 | Fitness =    100.0 | Mejor =    113.9 | Aceptación =  86.0%
2025-10-23 03:26:47,723 - INFO - Progreso iter 1500: T=2.96, Fitness=100.0, Mejor=113.9, Tasa_acept=86.0%
2025-10-23 03:26:47,724 - DEBUG - Iter 1500: T=2.96, Fitness_actual=100.0, Mejor=113.9
2025-10-23 03:26:52,123 - DEBUG - Iter 1600: T=2.96, Fitness_actual=99.7, Mejor=113.9
2025-10-23 03:26:56,339 - DEBUG - Iter 1700: T=2.96, Fitness_actual=89.3, Mejor=113.9
2025-10-23 03:26:58,411 - WARNING - ⚠️  DEGRADACIÓN DETECTADA en iter 1750:
2025-10-23 03:26:58,411 - WARNING -    Mejor fitness: 113.9
2025-10-23 03:26:58,412 - WARNING -    Fitness promedio reciente: 89.4
2025-10-23 03:26:58,412 - WARNING -    Degradación: 24.5
2025-10-23 03:26:58,412 - WARNING -    🔄 RESTAURANDO mejor solución...
2025-10-23 03:26:58,415 - INFO - 🌟 MEJORA #33 en iter 1750: Fitness=113.9 (+0.0), Puntos=14793
2025-10-23 03:26:58,497 - INFO - 🌟 MEJORA #34 en iter 1752: Fitness=113.9 (+0.0), Puntos=14793
2025-10-23 03:27:00,491 - DEBUG - Iter 1800: T=2.96, Fitness_actual=111.7, Mejor=113.9
2025-10-23 03:27:04,609 - DEBUG - Iter 1900: T=2.95, Fitness_actual=102.3, Mejor=113.9
2025-10-23 03:27:08,917 - INFO -   Iter  2000 | Tiempo:    1.4min ( 0.6%) | T =     2.95 | Fitness =    103.1 | Mejor =    113.9 | Aceptación =  85.9%
2025-10-23 03:27:08,917 - INFO - Progreso iter 2000: T=2.95, Fitness=103.1, Mejor=113.9, Tasa_acept=85.9%
2025-10-23 03:27:08,921 - DEBUG - Iter 2000: T=2.95, Fitness_actual=103.1, Mejor=113.9
2025-10-23 03:27:13,033 - DEBUG - Iter 2100: T=2.95, Fitness_actual=99.4, Mejor=113.9
2025-10-23 03:27:16,973 - WARNING - ⚠️  DEGRADACIÓN DETECTADA en iter 2200:
2025-10-23 03:27:16,973 - WARNING -    Mejor fitness: 113.9
2025-10-23 03:27:16,973 - WARNING -    Fitness promedio reciente: 85.7
2025-10-23 03:27:16,973 - WARNING -    Degradación: 28.3
2025-10-23 03:27:16,973 - WARNING -    🔄 RESTAURANDO mejor solución...
2025-10-23 03:27:16,976 - DEBUG - Iter 2200: T=2.95, Fitness_actual=113.9, Mejor=113.9
2025-10-23 03:27:17,060 - INFO - 🌟 MEJORA #35 en iter 2202: Fitness=113.9 (+0.0), Puntos=14795
2025-10-23 03:27:17,060 - INFO -   ✨ Mejora #35 en iteración 2203: Fitness = 113.9 | Puntos = 14795 | T = 2.95
2025-10-23 03:27:17,736 - WARNING - ================================================================================
2025-10-23 03:27:17,736 - WARNING - ⚠️  SALTO ANORMAL DETECTADO en iteración 2218
2025-10-23 03:27:17,736 - WARNING -    Fitness actual: 111.8
2025-10-23 03:27:17,736 - WARNING -    Fitness vecino: 61.2
2025-10-23 03:27:17,737 - WARNING -    Delta: -50.6
2025-10-23 03:27:17,737 - WARNING -    Temperatura: 2.95
2025-10-23 03:27:17,737 - WARNING -    Tipo perturbación aplicada: (ver generar_vecino)
2025-10-23 03:27:17,737 - WARNING -    Vecino - Puntos: 14778, Tiempo: 16590.4min, Distancia: 364.0km
2025-10-23 03:27:17,737 - WARNING -    Actual - Puntos: 14785, Tiempo: 14071.4min, Distancia: 171.1km
2025-10-23 03:27:17,737 - WARNING -    Validez restricciones - Vecino: False, Actual: False
2025-10-23 03:27:17,737 - WARNING - ================================================================================
2025-10-23 03:27:17,737 - WARNING - ⚠️  SALTO ANORMAL DETECTADO en iteración 2218
2025-10-23 03:27:17,738 - WARNING -    Fitness: 111.8 → 61.2 (Δ=-50.6)
2025-10-23 03:27:17,738 - WARNING -    Ver detalles en archivo de log
2025-10-23 03:27:18,826 - INFO - 🌟 MEJORA #36 en iter 2244: Fitness=113.9 (+0.0), Puntos=14846
2025-10-23 03:27:18,910 - INFO - 🌟 MEJORA #37 en iter 2246: Fitness=113.9 (+0.0), Puntos=14846
2025-10-23 03:27:21,403 - DEBUG - Iter 2300: T=2.94, Fitness_actual=87.3, Mejor=113.9
2025-10-23 03:27:23,622 - WARNING - ⚠️  DEGRADACIÓN DETECTADA en iter 2350:
2025-10-23 03:27:23,623 - WARNING -    Mejor fitness: 113.9
2025-10-23 03:27:23,623 - WARNING -    Fitness promedio reciente: 91.7
2025-10-23 03:27:23,623 - WARNING -    Degradación: 22.3
2025-10-23 03:27:23,623 - WARNING -    🔄 RESTAURANDO mejor solución...
2025-10-23 03:27:23,669 - INFO - 🌟 MEJORA #38 en iter 2351: Fitness=114.5 (+0.5), Puntos=14846
2025-10-23 03:27:23,712 - INFO - 🌟 MEJORA #39 en iter 2352: Fitness=115.0 (+0.5), Puntos=14844
2025-10-23 03:27:23,754 - INFO - 🌟 MEJORA #40 en iter 2353: Fitness=115.0 (+0.0), Puntos=14844
2025-10-23 03:27:23,754 - INFO -   ✨ Mejora #40 en iteración 2354: Fitness = 115.0 | Puntos = 14844 | T = 2.94
2025-10-23 03:27:23,838 - INFO - 🌟 MEJORA #41 en iter 2355: Fitness=115.0 (+0.0), Puntos=14844
2025-10-23 03:27:25,026 - INFO - 🌟 MEJORA #42 en iter 2383: Fitness=115.3 (+0.4), Puntos=15083
2025-10-23 03:27:25,069 - INFO - 🌟 MEJORA #43 en iter 2384: Fitness=115.8 (+0.5), Puntos=15083
2025-10-23 03:27:25,158 - INFO - 🌟 MEJORA #44 en iter 2386: Fitness=116.2 (+0.3), Puntos=15163
2025-10-23 03:27:25,244 - INFO - 🌟 MEJORA #45 en iter 2388: Fitness=117.1 (+1.0), Puntos=15161
2025-10-23 03:27:25,244 - INFO -   ✨ Mejora #45 en iteración 2389: Fitness = 117.1 | Puntos = 15161 | T = 2.94
2025-10-23 03:27:25,331 - INFO - 🌟 MEJORA #46 en iter 2390: Fitness=117.1 (+0.0), Puntos=15161
2025-10-23 03:27:25,763 - DEBUG - Iter 2400: T=2.94, Fitness_actual=112.5, Mejor=117.1
2025-10-23 03:27:30,093 - INFO -   Iter  2500 | Tiempo:    1.7min ( 0.7%) | T =     2.94 | Fitness =    102.4 | Mejor =    117.1 | Aceptación =  85.1%
2025-10-23 03:27:30,093 - INFO - Progreso iter 2500: T=2.94, Fitness=102.4, Mejor=117.1, Tasa_acept=85.1%
2025-10-23 03:27:30,095 - DEBUG - Iter 2500: T=2.94, Fitness_actual=102.4, Mejor=117.1
2025-10-23 03:27:34,448 - WARNING - ⚠️  DEGRADACIÓN DETECTADA en iter 2600:
2025-10-23 03:27:34,448 - WARNING -    Mejor fitness: 117.1
2025-10-23 03:27:34,449 - WARNING -    Fitness promedio reciente: 96.5
2025-10-23 03:27:34,449 - WARNING -    Degradación: 20.7
2025-10-23 03:27:34,449 - WARNING -    🔄 RESTAURANDO mejor solución...
2025-10-23 03:27:34,451 - DEBUG - Iter 2600: T=2.94, Fitness_actual=117.1, Mejor=117.1
2025-10-23 03:27:34,495 - INFO - 🌟 MEJORA #47 en iter 2601: Fitness=117.2 (+0.0), Puntos=15162
2025-10-23 03:27:38,964 - DEBUG - Iter 2700: T=2.93, Fitness_actual=102.5, Mejor=117.2
2025-10-23 03:27:43,425 - DEBUG - Iter 2800: T=2.93, Fitness_actual=107.7, Mejor=117.2
2025-10-23 03:27:47,905 - WARNING - ⚠️  DEGRADACIÓN DETECTADA en iter 2900:
2025-10-23 03:27:47,905 - WARNING -    Mejor fitness: 117.2
2025-10-23 03:27:47,906 - WARNING -    Fitness promedio reciente: 90.8
2025-10-23 03:27:47,906 - WARNING -    Degradación: 26.4
2025-10-23 03:27:47,906 - WARNING -    🔄 RESTAURANDO mejor solución...
2025-10-23 03:27:47,908 - DEBUG - Iter 2900: T=2.93, Fitness_actual=117.2, Mejor=117.2
2025-10-23 03:27:47,908 - INFO - 🌟 MEJORA #48 en iter 2900: Fitness=117.2 (+0.0), Puntos=15162
2025-10-23 03:27:52,474 - INFO -   Iter  3000 | Tiempo:    2.1min ( 0.9%) | T =     2.92 | Fitness =    107.7 | Mejor =    117.2 | Aceptación =  85.1%
2025-10-23 03:27:52,474 - INFO - Progreso iter 3000: T=2.92, Fitness=107.7, Mejor=117.2, Tasa_acept=85.1%
2025-10-23 03:27:52,475 - DEBUG - Iter 3000: T=2.92, Fitness_actual=107.7, Mejor=117.2
2025-10-23 03:27:57,022 - DEBUG - Iter 3100: T=2.92, Fitness_actual=103.5, Mejor=117.2
2025-10-23 03:28:01,760 - DEBUG - Iter 3200: T=2.92, Fitness_actual=99.5, Mejor=117.2
2025-10-23 03:28:06,521 - DEBUG - Iter 3300: T=2.92, Fitness_actual=98.0, Mejor=117.2
2025-10-23 03:28:08,937 - WARNING - ⚠️  DEGRADACIÓN DETECTADA en iter 3350:
2025-10-23 03:28:08,937 - WARNING -    Mejor fitness: 117.2
2025-10-23 03:28:08,938 - WARNING -    Fitness promedio reciente: 94.8
2025-10-23 03:28:08,938 - WARNING -    Degradación: 22.4
2025-10-23 03:28:08,938 - WARNING -    🔄 RESTAURANDO mejor solución...
2025-10-23 03:28:11,418 - DEBUG - Iter 3400: T=2.91, Fitness_actual=113.6, Mejor=117.2
2025-10-23 03:28:14,392 - INFO - 🌟 MEJORA #49 en iter 3461: Fitness=117.3 (+0.2), Puntos=14875
2025-10-23 03:28:16,302 - INFO -   Iter  3500 | Tiempo:    2.5min ( 1.0%) | T =     2.91 | Fitness =    115.3 | Mejor =    117.3 | Aceptación =  84.7%
2025-10-23 03:28:16,302 - INFO - Progreso iter 3500: T=2.91, Fitness=115.3, Mejor=117.3, Tasa_acept=84.7%
2025-10-23 03:28:16,304 - DEBUG - Iter 3500: T=2.91, Fitness_actual=115.3, Mejor=117.3
2025-10-23 03:28:20,944 - DEBUG - Iter 3600: T=2.91, Fitness_actual=105.1, Mejor=117.3
2025-10-23 03:28:25,461 - DEBUG - Iter 3700: T=2.91, Fitness_actual=103.4, Mejor=117.3
2025-10-23 03:28:29,950 - DEBUG - Iter 3800: T=2.90, Fitness_actual=95.7, Mejor=117.3
2025-10-23 03:28:32,246 - WARNING - ⚠️  DEGRADACIÓN DETECTADA en iter 3850:
2025-10-23 03:28:32,246 - WARNING -    Mejor fitness: 117.3
2025-10-23 03:28:32,246 - WARNING -    Fitness promedio reciente: 97.1
2025-10-23 03:28:32,246 - WARNING -    Degradación: 20.2
2025-10-23 03:28:32,246 - WARNING -    🔄 RESTAURANDO mejor solución...
2025-10-23 03:28:32,248 - INFO - 🌟 MEJORA #50 en iter 3850: Fitness=118.3 (+1.0), Puntos=14875
2025-10-23 03:28:32,248 - INFO -   ✨ Mejora #50 en iteración 3851: Fitness = 118.3 | Puntos = 14875 | T = 2.90
2025-10-23 03:28:34,519 - DEBUG - Iter 3900: T=2.90, Fitness_actual=106.5, Mejor=118.3
2025-10-23 03:28:39,060 - INFO -   Iter  4000 | Tiempo:    2.9min ( 1.2%) | T =     2.90 | Fitness =     98.8 | Mejor =    118.3 | Aceptación =  84.5%
2025-10-23 03:28:39,060 - INFO - Progreso iter 4000: T=2.90, Fitness=98.8, Mejor=118.3, Tasa_acept=84.5%
2025-10-23 03:28:39,062 - DEBUG - Iter 4000: T=2.90, Fitness_actual=98.8, Mejor=118.3
2025-10-23 03:28:41,350 - WARNING - ⚠️  DEGRADACIÓN DETECTADA en iter 4050:
2025-10-23 03:28:41,350 - WARNING -    Mejor fitness: 118.3
2025-10-23 03:28:41,351 - WARNING -    Fitness promedio reciente: 97.5
2025-10-23 03:28:41,351 - WARNING -    Degradación: 20.8
2025-10-23 03:28:41,351 - WARNING -    🔄 RESTAURANDO mejor solución...
2025-10-23 03:28:43,587 - DEBUG - Iter 4100: T=2.89, Fitness_actual=110.3, Mejor=118.3
2025-10-23 03:28:48,043 - DEBUG - Iter 4200: T=2.89, Fitness_actual=107.3, Mejor=118.3
2025-10-23 03:28:52,267 - DEBUG - Iter 4300: T=2.89, Fitness_actual=106.6, Mejor=118.3
2025-10-23 03:28:56,555 - DEBUG - Iter 4400: T=2.89, Fitness_actual=91.1, Mejor=118.3
2025-10-23 03:28:58,671 - WARNING - ⚠️  DEGRADACIÓN DETECTADA en iter 4450:
2025-10-23 03:28:58,671 - WARNING -    Mejor fitness: 118.3
2025-10-23 03:28:58,671 - WARNING -    Fitness promedio reciente: 90.3
2025-10-23 03:28:58,671 - WARNING -    Degradación: 28.0
2025-10-23 03:28:58,671 - WARNING -    🔄 RESTAURANDO mejor solución...
2025-10-23 03:29:00,767 - INFO -   Iter  4500 | Tiempo:    3.2min ( 1.4%) | T =     2.88 | Fitness =    117.5 | Mejor =    118.3 | Aceptación =  84.5%
2025-10-23 03:29:00,767 - INFO - Progreso iter 4500: T=2.88, Fitness=117.5, Mejor=118.3, Tasa_acept=84.5%
2025-10-23 03:29:00,768 - DEBUG - Iter 4500: T=2.88, Fitness_actual=117.5, Mejor=118.3
2025-10-23 03:29:01,019 - INFO - 🌟 MEJORA #51 en iter 4506: Fitness=119.2 (+0.8), Puntos=14956
2025-10-23 03:29:01,275 - INFO - 🌟 MEJORA #52 en iter 4512: Fitness=119.3 (+0.1), Puntos=14971
2025-10-23 03:29:01,402 - INFO - 🌟 MEJORA #53 en iter 4515: Fitness=119.3 (+0.0), Puntos=14971
2025-10-23 03:29:01,486 - INFO - 🌟 MEJORA #54 en iter 4517: Fitness=119.3 (+0.0), Puntos=14974
2025-10-23 03:29:01,528 - INFO - 🌟 MEJORA #55 en iter 4518: Fitness=119.3 (+0.0), Puntos=14974
2025-10-23 03:29:01,528 - INFO -   ✨ Mejora #55 en iteración 4519: Fitness = 119.3 | Puntos = 14974 | T = 2.88
2025-10-23 03:29:01,654 - INFO - 🌟 MEJORA #56 en iter 4521: Fitness=119.3 (+0.0), Puntos=14974
2025-10-23 03:29:01,696 - INFO - 🌟 MEJORA #57 en iter 4522: Fitness=119.4 (+0.0), Puntos=14975
2025-10-23 03:29:05,066 - DEBUG - Iter 4600: T=2.88, Fitness_actual=109.8, Mejor=119.4
2025-10-23 03:29:09,384 - DEBUG - Iter 4700: T=2.88, Fitness_actual=99.9, Mejor=119.4
2025-10-23 03:29:13,769 - DEBUG - Iter 4800: T=2.88, Fitness_actual=98.7, Mejor=119.4
2025-10-23 03:29:18,213 - WARNING - ⚠️  DEGRADACIÓN DETECTADA en iter 4900:
2025-10-23 03:29:18,213 - WARNING -    Mejor fitness: 119.4
2025-10-23 03:29:18,213 - WARNING -    Fitness promedio reciente: 97.5
2025-10-23 03:29:18,213 - WARNING -    Degradación: 21.9
2025-10-23 03:29:18,213 - WARNING -    🔄 RESTAURANDO mejor solución...
2025-10-23 03:29:18,215 - DEBUG - Iter 4900: T=2.87, Fitness_actual=119.4, Mejor=119.4
2025-10-23 03:29:18,215 - INFO - 🌟 MEJORA #58 en iter 4900: Fitness=119.4 (+0.0), Puntos=14975
2025-10-23 03:29:22,675 - INFO -   Iter  5000 | Tiempo:    3.6min ( 1.5%) | T =     2.87 | Fitness =    104.3 | Mejor =    119.4 | Aceptación =  84.8%
2025-10-23 03:29:22,675 - INFO - Progreso iter 5000: T=2.87, Fitness=104.3, Mejor=119.4, Tasa_acept=84.8%
2025-10-23 03:29:22,678 - DEBUG - Iter 5000: T=2.87, Fitness_actual=104.3, Mejor=119.4
2025-10-23 03:29:27,125 - DEBUG - Iter 5100: T=2.87, Fitness_actual=102.6, Mejor=119.4
2025-10-23 03:29:29,366 - WARNING - ⚠️  DEGRADACIÓN DETECTADA en iter 5150:
2025-10-23 03:29:29,366 - WARNING -    Mejor fitness: 119.4
2025-10-23 03:29:29,367 - WARNING -    Fitness promedio reciente: 99.1
2025-10-23 03:29:29,367 - WARNING -    Degradación: 20.2
2025-10-23 03:29:29,367 - WARNING -    🔄 RESTAURANDO mejor solución...
2025-10-23 03:29:29,369 - INFO - 🌟 MEJORA #59 en iter 5150: Fitness=120.3 (+0.9), Puntos=14967
2025-10-23 03:29:29,411 - INFO - 🌟 MEJORA #60 en iter 5151: Fitness=120.3 (+0.0), Puntos=14967
2025-10-23 03:29:29,412 - INFO -   ✨ Mejora #60 en iteración 5152: Fitness = 120.3 | Puntos = 14967 | T = 2.87
2025-10-23 03:29:29,454 - INFO - 🌟 MEJORA #61 en iter 5152: Fitness=120.3 (+0.0), Puntos=14969
2025-10-23 03:29:29,622 - INFO - 🌟 MEJORA #62 en iter 5156: Fitness=120.4 (+0.0), Puntos=14974
2025-10-23 03:29:31,523 - DEBUG - Iter 5200: T=2.87, Fitness_actual=118.5, Mejor=120.4
2025-10-23 03:29:32,362 - INFO - 🌟 MEJORA #63 en iter 5219: Fitness=120.9 (+0.6), Puntos=15319
2025-10-23 03:29:32,407 - INFO - 🌟 MEJORA #64 en iter 5220: Fitness=120.9 (+0.0), Puntos=15319
2025-10-23 03:29:32,451 - INFO - 🌟 MEJORA #65 en iter 5221: Fitness=120.9 (+0.0), Puntos=15319
2025-10-23 03:29:32,452 - INFO -   ✨ Mejora #65 en iteración 5222: Fitness = 120.9 | Puntos = 15319 | T = 2.87
2025-10-23 03:29:35,869 - DEBUG - Iter 5300: T=2.86, Fitness_actual=109.3, Mejor=120.9
2025-10-23 03:29:40,175 - DEBUG - Iter 5400: T=2.86, Fitness_actual=108.3, Mejor=120.9
2025-10-23 03:29:44,517 - INFO -   Iter  5500 | Tiempo:    4.0min ( 1.7%) | T =     2.86 | Fitness =    103.7 | Mejor =    120.9 | Aceptación =  84.7%
2025-10-23 03:29:44,517 - INFO - Progreso iter 5500: T=2.86, Fitness=103.7, Mejor=120.9, Tasa_acept=84.7%
2025-10-23 03:29:44,519 - DEBUG - Iter 5500: T=2.86, Fitness_actual=103.7, Mejor=120.9
2025-10-23 03:29:48,858 - DEBUG - Iter 5600: T=2.86, Fitness_actual=102.3, Mejor=120.9
2025-10-23 03:29:50,996 - WARNING - ⚠️  DEGRADACIÓN DETECTADA en iter 5650:
2025-10-23 03:29:50,996 - WARNING -    Mejor fitness: 120.9
2025-10-23 03:29:50,996 - WARNING -    Fitness promedio reciente: 98.2
2025-10-23 03:29:50,997 - WARNING -    Degradación: 22.8
2025-10-23 03:29:50,997 - WARNING -    🔄 RESTAURANDO mejor solución...
2025-10-23 03:29:53,222 - DEBUG - Iter 5700: T=2.85, Fitness_actual=115.1, Mejor=120.9
2025-10-23 03:29:57,716 - DEBUG - Iter 5800: T=2.85, Fitness_actual=108.5, Mejor=120.9
2025-10-23 03:30:02,244 - DEBUG - Iter 5900: T=2.85, Fitness_actual=103.0, Mejor=120.9
2025-10-23 03:30:04,494 - WARNING - ⚠️  DEGRADACIÓN DETECTADA en iter 5950:
2025-10-23 03:30:04,495 - WARNING -    Mejor fitness: 120.9
2025-10-23 03:30:04,495 - WARNING -    Fitness promedio reciente: 99.7
2025-10-23 03:30:04,495 - WARNING -    Degradación: 21.3
2025-10-23 03:30:04,495 - WARNING -    🔄 RESTAURANDO mejor solución...
2025-10-23 03:30:04,498 - INFO - 🌟 MEJORA #66 en iter 5950: Fitness=120.9 (+0.0), Puntos=15319
2025-10-23 03:30:04,775 - INFO - 🌟 MEJORA #67 en iter 5956: Fitness=121.4 (+0.5), Puntos=15319
2025-10-23 03:30:04,868 - INFO - 🌟 MEJORA #68 en iter 5958: Fitness=121.4 (+0.0), Puntos=15319
2025-10-23 03:30:04,960 - INFO - 🌟 MEJORA #69 en iter 5960: Fitness=121.4 (+0.0), Puntos=15319
2025-10-23 03:30:05,055 - INFO - 🌟 MEJORA #70 en iter 5962: Fitness=121.4 (+0.0), Puntos=15319
2025-10-23 03:30:05,055 - INFO -   ✨ Mejora #70 en iteración 5963: Fitness = 121.4 | Puntos = 15319 | T = 2.85
2025-10-23 03:30:05,102 - INFO - 🌟 MEJORA #71 en iter 5963: Fitness=122.3 (+0.9), Puntos=15409
2025-10-23 03:30:06,788 - INFO -   Iter  6000 | Tiempo:    4.3min ( 1.8%) | T =     2.85 | Fitness =    112.5 | Mejor =    122.3 | Aceptación =  84.6%
2025-10-23 03:30:06,788 - INFO - Progreso iter 6000: T=2.85, Fitness=112.5, Mejor=122.3, Tasa_acept=84.6%
2025-10-23 03:30:06,789 - DEBUG - Iter 6000: T=2.85, Fitness_actual=112.5, Mejor=122.3
2025-10-23 03:30:11,487 - DEBUG - Iter 6100: T=2.84, Fitness_actual=99.4, Mejor=122.3
2025-10-23 03:30:13,751 - WARNING - ⚠️  DEGRADACIÓN DETECTADA en iter 6150:
2025-10-23 03:30:13,752 - WARNING -    Mejor fitness: 122.3
2025-10-23 03:30:13,752 - WARNING -    Fitness promedio reciente: 98.6
2025-10-23 03:30:13,752 - WARNING -    Degradación: 23.8
2025-10-23 03:30:13,752 - WARNING -    🔄 RESTAURANDO mejor solución...
2025-10-23 03:30:13,755 - INFO - 🌟 MEJORA #72 en iter 6150: Fitness=123.3 (+1.0), Puntos=15409
2025-10-23 03:30:13,848 - INFO - 🌟 MEJORA #73 en iter 6152: Fitness=123.3 (+0.0), Puntos=15410
2025-10-23 03:30:16,092 - DEBUG - Iter 6200: T=2.84, Fitness_actual=111.5, Mejor=123.3
2025-10-23 03:30:20,628 - DEBUG - Iter 6300: T=2.84, Fitness_actual=97.1, Mejor=123.3
2025-10-23 03:30:22,976 - WARNING - ⚠️  DEGRADACIÓN DETECTADA en iter 6350:
2025-10-23 03:30:22,976 - WARNING -    Mejor fitness: 123.3
2025-10-23 03:30:22,977 - WARNING -    Fitness promedio reciente: 101.3
2025-10-23 03:30:22,977 - WARNING -    Degradación: 22.1
2025-10-23 03:30:22,977 - WARNING -    🔄 RESTAURANDO mejor solución...
2025-10-23 03:30:25,369 - DEBUG - Iter 6400: T=2.84, Fitness_actual=117.4, Mejor=123.3
2025-10-23 03:30:30,097 - INFO -   Iter  6500 | Tiempo:    4.7min ( 2.0%) | T =     2.83 | Fitness =    114.4 | Mejor =    123.3 | Aceptación =  84.6%
2025-10-23 03:30:30,097 - INFO - Progreso iter 6500: T=2.83, Fitness=114.4, Mejor=123.3, Tasa_acept=84.6%
2025-10-23 03:30:30,098 - DEBUG - Iter 6500: T=2.83, Fitness_actual=114.4, Mejor=123.3
2025-10-23 03:30:34,880 - DEBUG - Iter 6600: T=2.83, Fitness_actual=114.4, Mejor=123.3
2025-10-23 03:30:39,765 - DEBUG - Iter 6700: T=2.83, Fitness_actual=100.1, Mejor=123.3
2025-10-23 03:30:42,532 - WARNING - ⚠️  DEGRADACIÓN DETECTADA en iter 6750:
2025-10-23 03:30:42,532 - WARNING -    Mejor fitness: 123.3
2025-10-23 03:30:42,532 - WARNING -    Fitness promedio reciente: 101.4
2025-10-23 03:30:42,532 - WARNING -    Degradación: 22.0
2025-10-23 03:30:42,533 - WARNING -    🔄 RESTAURANDO mejor solución...
2025-10-23 03:30:42,639 - INFO - 🌟 MEJORA #74 en iter 6752: Fitness=123.3 (+0.0), Puntos=15410
2025-10-23 03:30:45,091 - DEBUG - Iter 6800: T=2.82, Fitness_actual=114.5, Mejor=123.3
2025-10-23 03:30:50,150 - WARNING - ⚠️  DEGRADACIÓN DETECTADA en iter 6900:
2025-10-23 03:30:50,150 - WARNING -    Mejor fitness: 123.3
2025-10-23 03:30:50,150 - WARNING -    Fitness promedio reciente: 102.5
2025-10-23 03:30:50,151 - WARNING -    Degradación: 20.8
2025-10-23 03:30:50,151 - WARNING -    🔄 RESTAURANDO mejor solución...
2025-10-23 03:30:50,154 - DEBUG - Iter 6900: T=2.82, Fitness_actual=123.3, Mejor=123.3
2025-10-23 03:30:50,154 - INFO - 🌟 MEJORA #75 en iter 6900: Fitness=123.3 (+0.0), Puntos=15410
2025-10-23 03:30:50,154 - INFO -   ✨ Mejora #75 en iteración 6901: Fitness = 123.3 | Puntos = 15410 | T = 2.82
2025-10-23 03:30:50,465 - INFO - 🌟 MEJORA #76 en iter 6906: Fitness=124.3 (+1.0), Puntos=15410
2025-10-23 03:30:50,963 - INFO - 🌟 MEJORA #77 en iter 6916: Fitness=124.6 (+0.2), Puntos=15383
2025-10-23 03:30:51,011 - INFO - 🌟 MEJORA #78 en iter 6917: Fitness=124.6 (+0.0), Puntos=15387
2025-10-23 03:30:51,156 - INFO - 🌟 MEJORA #79 en iter 6920: Fitness=124.6 (+0.0), Puntos=15387
2025-10-23 03:30:54,963 - INFO -   Iter  7000 | Tiempo:    5.1min ( 2.1%) | T =     2.82 | Fitness =    107.4 | Mejor =    124.6 | Aceptación =  84.5%
2025-10-23 03:30:54,963 - INFO - Progreso iter 7000: T=2.82, Fitness=107.4, Mejor=124.6, Tasa_acept=84.5%
2025-10-23 03:30:54,965 - DEBUG - Iter 7000: T=2.82, Fitness_actual=107.4, Mejor=124.6
2025-10-23 03:30:59,871 - DEBUG - Iter 7100: T=2.82, Fitness_actual=106.2, Mejor=124.6
2025-10-23 03:31:04,673 - WARNING - ⚠️  DEGRADACIÓN DETECTADA en iter 7200:
2025-10-23 03:31:04,673 - WARNING -    Mejor fitness: 124.6
2025-10-23 03:31:04,673 - WARNING -    Fitness promedio reciente: 100.8
2025-10-23 03:31:04,673 - WARNING -    Degradación: 23.8
2025-10-23 03:31:04,673 - WARNING -    🔄 RESTAURANDO mejor solución...
2025-10-23 03:31:04,676 - DEBUG - Iter 7200: T=2.81, Fitness_actual=124.6, Mejor=124.6
2025-10-23 03:31:04,726 - INFO - 🌟 MEJORA #80 en iter 7201: Fitness=124.6 (+0.0), Puntos=15387
2025-10-23 03:31:04,726 - INFO -   ✨ Mejora #80 en iteración 7202: Fitness = 124.6 | Puntos = 15387 | T = 2.81
2025-10-23 03:31:04,822 - INFO - 🌟 MEJORA #81 en iter 7203: Fitness=126.1 (+1.5), Puntos=15387
2025-10-23 03:31:05,011 - INFO - 🌟 MEJORA #82 en iter 7207: Fitness=126.1 (+0.0), Puntos=15390
2025-10-23 03:31:05,108 - INFO - 🌟 MEJORA #83 en iter 7209: Fitness=126.1 (+0.0), Puntos=15390
2025-10-23 03:31:05,296 - INFO - 🌟 MEJORA #84 en iter 7213: Fitness=126.4 (+0.2), Puntos=15415
2025-10-23 03:31:05,343 - INFO - 🌟 MEJORA #85 en iter 7214: Fitness=126.4 (+0.0), Puntos=15415
2025-10-23 03:31:05,343 - INFO -   ✨ Mejora #85 en iteración 7215: Fitness = 126.4 | Puntos = 15415 | T = 2.81
2025-10-23 03:31:05,391 - INFO - 🌟 MEJORA #86 en iter 7215: Fitness=126.4 (+0.0), Puntos=15416
2025-10-23 03:31:05,439 - INFO - 🌟 MEJORA #87 en iter 7216: Fitness=126.4 (+0.0), Puntos=15416
2025-10-23 03:31:09,415 - DEBUG - Iter 7300: T=2.81, Fitness_actual=112.8, Mejor=126.4
2025-10-23 03:31:14,197 - WARNING - ⚠️  DEGRADACIÓN DETECTADA en iter 7400:
2025-10-23 03:31:14,197 - WARNING -    Mejor fitness: 126.4
2025-10-23 03:31:14,197 - WARNING -    Fitness promedio reciente: 103.3
2025-10-23 03:31:14,197 - WARNING -    Degradación: 23.1
2025-10-23 03:31:14,197 - WARNING -    🔄 RESTAURANDO mejor solución...
2025-10-23 03:31:14,198 - DEBUG - Iter 7400: T=2.81, Fitness_actual=126.4, Mejor=126.4
2025-10-23 03:31:14,246 - INFO - 🌟 MEJORA #88 en iter 7401: Fitness=126.4 (+0.0), Puntos=15420
2025-10-23 03:31:14,293 - INFO - 🌟 MEJORA #89 en iter 7402: Fitness=126.6 (+0.1), Puntos=15433
2025-10-23 03:31:14,531 - INFO - 🌟 MEJORA #90 en iter 7407: Fitness=127.0 (+0.4), Puntos=15647
2025-10-23 03:31:14,531 - INFO -   ✨ Mejora #90 en iteración 7408: Fitness = 127.0 | Puntos = 15647 | T = 2.81
2025-10-23 03:31:14,579 - INFO - 🌟 MEJORA #91 en iter 7408: Fitness=127.5 (+0.5), Puntos=15648
2025-10-23 03:31:14,725 - INFO - 🌟 MEJORA #92 en iter 7411: Fitness=127.5 (+0.0), Puntos=15648
2025-10-23 03:31:18,970 - INFO -   Iter  7500 | Tiempo:    5.5min ( 2.3%) | T =     2.81 | Fitness =    112.1 | Mejor =    127.5 | Aceptación =  84.5%
2025-10-23 03:31:18,970 - INFO - Progreso iter 7500: T=2.81, Fitness=112.1, Mejor=127.5, Tasa_acept=84.5%
2025-10-23 03:31:18,973 - DEBUG - Iter 7500: T=2.81, Fitness_actual=112.1, Mejor=127.5
2025-10-23 03:31:23,773 - WARNING - ⚠️  DEGRADACIÓN DETECTADA en iter 7600:
2025-10-23 03:31:23,773 - WARNING -    Mejor fitness: 127.5
2025-10-23 03:31:23,773 - WARNING -    Fitness promedio reciente: 106.2
2025-10-23 03:31:23,773 - WARNING -    Degradación: 21.3
2025-10-23 03:31:23,773 - WARNING -    🔄 RESTAURANDO mejor solución...
2025-10-23 03:31:23,776 - DEBUG - Iter 7600: T=2.80, Fitness_actual=127.5, Mejor=127.5
2025-10-23 03:31:28,699 - DEBUG - Iter 7700: T=2.80, Fitness_actual=115.0, Mejor=127.5
2025-10-23 03:31:33,621 - DEBUG - Iter 7800: T=2.80, Fitness_actual=114.9, Mejor=127.5
2025-10-23 03:31:38,555 - DEBUG - Iter 7900: T=2.79, Fitness_actual=115.8, Mejor=127.5
2025-10-23 03:31:43,478 - INFO -   Iter  8000 | Tiempo:    6.0min ( 2.5%) | T =     2.79 | Fitness =     97.2 | Mejor =    127.5 | Aceptación =  84.3%
2025-10-23 03:31:43,479 - INFO - Progreso iter 8000: T=2.79, Fitness=97.2, Mejor=127.5, Tasa_acept=84.3%
2025-10-23 03:31:43,479 - WARNING - ⚠️  DEGRADACIÓN DETECTADA en iter 8000:
2025-10-23 03:31:43,479 - WARNING -    Mejor fitness: 127.5
2025-10-23 03:31:43,479 - WARNING -    Fitness promedio reciente: 97.1
2025-10-23 03:31:43,479 - WARNING -    Degradación: 30.4
2025-10-23 03:31:43,480 - WARNING -    🔄 RESTAURANDO mejor solución...
2025-10-23 03:31:43,482 - DEBUG - Iter 8000: T=2.79, Fitness_actual=127.5, Mejor=127.5
2025-10-23 03:31:43,482 - INFO - 🌟 MEJORA #93 en iter 8000: Fitness=127.5 (+0.0), Puntos=15648
2025-10-23 03:31:43,581 - INFO - 🌟 MEJORA #94 en iter 8002: Fitness=128.1 (+0.6), Puntos=15655
2025-10-23 03:31:43,684 - INFO - 🌟 MEJORA #95 en iter 8004: Fitness=128.1 (+0.0), Puntos=15655
2025-10-23 03:31:43,684 - INFO -   ✨ Mejora #95 en iteración 8005: Fitness = 128.1 | Puntos = 15655 | T = 2.79
2025-10-23 03:31:44,659 - INFO - 🌟 MEJORA #96 en iter 8024: Fitness=128.4 (+0.3), Puntos=15588
2025-10-23 03:31:48,418 - DEBUG - Iter 8100: T=2.79, Fitness_actual=115.6, Mejor=128.4
2025-10-23 03:31:53,250 - DEBUG - Iter 8200: T=2.79, Fitness_actual=113.1, Mejor=128.4
2025-10-23 03:31:55,538 - WARNING - ⚠️  DEGRADACIÓN DETECTADA en iter 8250:
2025-10-23 03:31:55,539 - WARNING -    Mejor fitness: 128.4
2025-10-23 03:31:55,539 - WARNING -    Fitness promedio reciente: 108.0
2025-10-23 03:31:55,539 - WARNING -    Degradación: 20.5
2025-10-23 03:31:55,539 - WARNING -    🔄 RESTAURANDO mejor solución...
2025-10-23 03:31:55,630 - INFO - 🌟 MEJORA #97 en iter 8252: Fitness=128.5 (+0.0), Puntos=15589
2025-10-23 03:31:55,722 - INFO - 🌟 MEJORA #98 en iter 8254: Fitness=128.5 (+0.1), Puntos=15595
2025-10-23 03:31:55,899 - INFO - 🌟 MEJORA #99 en iter 8258: Fitness=128.5 (+0.0), Puntos=15595
2025-10-23 03:31:57,772 - DEBUG - Iter 8300: T=2.78, Fitness_actual=113.2, Mejor=128.5
2025-10-23 03:32:02,282 - DEBUG - Iter 8400: T=2.78, Fitness_actual=109.9, Mejor=128.5
2025-10-23 03:32:06,099 - INFO - Iter 8484: Aceptada solución con delta=-10.9 (T=2.78)
2025-10-23 03:32:06,100 - INFO -   📊 Desglose del cambio:
2025-10-23 03:32:06,100 - INFO -      Puntos: -691 → 13674 total
2025-10-23 03:32:06,100 - INFO -      Tiempo: -325.6min → 12001.6min total
2025-10-23 03:32:06,100 - INFO -      Distancia: -6.3km → 135.5km total
2025-10-23 03:32:06,823 - INFO -   Iter  8500 | Tiempo:    6.3min ( 2.6%) | T =     2.78 | Fitness =     87.5 | Mejor =    128.5 | Aceptación =  84.2%
2025-10-23 03:32:06,824 - INFO - Progreso iter 8500: T=2.78, Fitness=87.5, Mejor=128.5, Tasa_acept=84.2%
2025-10-23 03:32:06,824 - WARNING - ⚠️  DEGRADACIÓN DETECTADA en iter 8500:
2025-10-23 03:32:06,824 - WARNING -    Mejor fitness: 128.5
2025-10-23 03:32:06,824 - WARNING -    Fitness promedio reciente: 102.6
2025-10-23 03:32:06,824 - WARNING -    Degradación: 25.9
2025-10-23 03:32:06,825 - WARNING -    🔄 RESTAURANDO mejor solución...
2025-10-23 03:32:06,826 - DEBUG - Iter 8500: T=2.78, Fitness_actual=128.5, Mejor=128.5
2025-10-23 03:32:11,406 - DEBUG - Iter 8600: T=2.78, Fitness_actual=108.7, Mejor=128.5
2025-10-23 03:32:13,891 - WARNING - ⚠️  DEGRADACIÓN DETECTADA en iter 8650:
2025-10-23 03:32:13,891 - WARNING -    Mejor fitness: 128.5
2025-10-23 03:32:13,891 - WARNING -    Fitness promedio reciente: 106.9
2025-10-23 03:32:13,892 - WARNING -    Degradación: 21.6
2025-10-23 03:32:13,892 - WARNING -    🔄 RESTAURANDO mejor solución...
2025-10-23 03:32:13,984 - INFO - 🌟 MEJORA #100 en iter 8652: Fitness=128.6 (+0.0), Puntos=15599
2025-10-23 03:32:13,984 - INFO -   ✨ Mejora #100 en iteración 8653: Fitness = 128.6 | Puntos = 15599 | T = 2.77
2025-10-23 03:32:14,077 - INFO - 🌟 MEJORA #101 en iter 8654: Fitness=128.6 (+0.0), Puntos=15604
2025-10-23 03:32:16,152 - DEBUG - Iter 8700: T=2.77, Fitness_actual=124.1, Mejor=128.6
2025-10-23 03:32:20,905 - DEBUG - Iter 8800: T=2.77, Fitness_actual=103.3, Mejor=128.6
2025-10-23 03:32:23,243 - WARNING - ⚠️  DEGRADACIÓN DETECTADA en iter 8850:
2025-10-23 03:32:23,243 - WARNING -    Mejor fitness: 128.6
2025-10-23 03:32:23,244 - WARNING -    Fitness promedio reciente: 107.4
2025-10-23 03:32:23,244 - WARNING -    Degradación: 21.2
2025-10-23 03:32:23,244 - WARNING -    🔄 RESTAURANDO mejor solución...
2025-10-23 03:32:23,380 - INFO - 🌟 MEJORA #102 en iter 8853: Fitness=128.7 (+0.1), Puntos=15609
2025-10-23 03:32:25,507 - DEBUG - Iter 8900: T=2.77, Fitness_actual=117.3, Mejor=128.7
2025-10-23 03:32:30,159 - INFO -   Iter  9000 | Tiempo:    6.7min ( 2.8%) | T =     2.77 | Fitness =    112.6 | Mejor =    128.7 | Aceptación =  84.3%
2025-10-23 03:32:30,159 - INFO - Progreso iter 9000: T=2.77, Fitness=112.6, Mejor=128.7, Tasa_acept=84.3%
2025-10-23 03:32:30,160 - DEBUG - Iter 9000: T=2.77, Fitness_actual=112.6, Mejor=128.7
2025-10-23 03:32:34,726 - DEBUG - Iter 9100: T=2.76, Fitness_actual=108.3, Mejor=128.7
2025-10-23 03:32:39,314 - DEBUG - Iter 9200: T=2.76, Fitness_actual=106.2, Mejor=128.7
2025-10-23 03:32:41,710 - WARNING - ⚠️  DEGRADACIÓN DETECTADA en iter 9250:
2025-10-23 03:32:41,711 - WARNING -    Mejor fitness: 128.7
2025-10-23 03:32:41,711 - WARNING -    Fitness promedio reciente: 106.6
2025-10-23 03:32:41,711 - WARNING -    Degradación: 22.1
2025-10-23 03:32:41,711 - WARNING -    🔄 RESTAURANDO mejor solución...
2025-10-23 03:32:44,029 - DEBUG - Iter 9300: T=2.76, Fitness_actual=125.7, Mejor=128.7
2025-10-23 03:32:48,656 - DEBUG - Iter 9400: T=2.76, Fitness_actual=109.8, Mejor=128.7
2025-10-23 03:32:51,000 - WARNING - ⚠️  DEGRADACIÓN DETECTADA en iter 9450:
2025-10-23 03:32:51,001 - WARNING -    Mejor fitness: 128.7
2025-10-23 03:32:51,001 - WARNING -    Fitness promedio reciente: 108.4
2025-10-23 03:32:51,001 - WARNING -    Degradación: 20.3
2025-10-23 03:32:51,001 - WARNING -    🔄 RESTAURANDO mejor solución...
2025-10-23 03:32:53,327 - INFO -   Iter  9500 | Tiempo:    7.1min ( 3.0%) | T =     2.75 | Fitness =    109.4 | Mejor =    128.7 | Aceptación =  84.3%
2025-10-23 03:32:53,327 - INFO - Progreso iter 9500: T=2.75, Fitness=109.4, Mejor=128.7, Tasa_acept=84.3%
2025-10-23 03:32:53,329 - DEBUG - Iter 9500: T=2.75, Fitness_actual=109.4, Mejor=128.7
2025-10-23 03:32:58,082 - DEBUG - Iter 9600: T=2.75, Fitness_actual=107.8, Mejor=128.7
2025-10-23 03:33:00,471 - WARNING - ⚠️  DEGRADACIÓN DETECTADA en iter 9650:
2025-10-23 03:33:00,471 - WARNING -    Mejor fitness: 128.7
2025-10-23 03:33:00,471 - WARNING -    Fitness promedio reciente: 108.5
2025-10-23 03:33:00,471 - WARNING -    Degradación: 20.2
2025-10-23 03:33:00,472 - WARNING -    🔄 RESTAURANDO mejor solución...
2025-10-23 03:33:00,567 - INFO - 🌟 MEJORA #103 en iter 9652: Fitness=128.7 (+0.0), Puntos=15609
2025-10-23 03:33:00,805 - INFO - 🌟 MEJORA #104 en iter 9657: Fitness=128.7 (+0.0), Puntos=15616
2025-10-23 03:33:00,853 - INFO - 🌟 MEJORA #105 en iter 9658: Fitness=129.7 (+1.0), Puntos=15617
2025-10-23 03:33:00,853 - INFO -   ✨ Mejora #105 en iteración 9659: Fitness = 129.7 | Puntos = 15617 | T = 2.75
2025-10-23 03:33:02,861 - DEBUG - Iter 9700: T=2.75, Fitness_actual=111.2, Mejor=129.7
2025-10-23 03:33:07,702 - DEBUG - Iter 9800: T=2.75, Fitness_actual=110.4, Mejor=129.7
2025-10-23 03:33:10,118 - WARNING - ⚠️  DEGRADACIÓN DETECTADA en iter 9850:
2025-10-23 03:33:10,118 - WARNING -    Mejor fitness: 129.7
2025-10-23 03:33:10,118 - WARNING -    Fitness promedio reciente: 108.8
2025-10-23 03:33:10,118 - WARNING -    Degradación: 20.9
2025-10-23 03:33:10,118 - WARNING -    🔄 RESTAURANDO mejor solución...
2025-10-23 03:33:10,214 - INFO - 🌟 MEJORA #106 en iter 9852: Fitness=129.8 (+0.1), Puntos=15630
2025-10-23 03:33:12,513 - DEBUG - Iter 9900: T=2.74, Fitness_actual=121.4, Mejor=129.8
2025-10-23 03:33:17,300 - INFO -   Iter 10000 | Tiempo:    7.5min ( 3.1%) | T =     2.74 | Fitness =    112.2 | Mejor =    129.8 | Aceptación =  84.4%
2025-10-23 03:33:17,300 - INFO - Progreso iter 10000: T=2.74, Fitness=112.2, Mejor=129.8, Tasa_acept=84.4%
2025-10-23 03:33:17,302 - DEBUG - Iter 10000: T=2.74, Fitness_actual=112.2, Mejor=129.8
2025-10-23 03:33:22,161 - DEBUG - Iter 10100: T=2.74, Fitness_actual=113.0, Mejor=129.8
2025-10-23 03:33:27,089 - WARNING - ⚠️  DEGRADACIÓN DETECTADA en iter 10200:
2025-10-23 03:33:27,089 - WARNING -    Mejor fitness: 129.8
2025-10-23 03:33:27,089 - WARNING -    Fitness promedio reciente: 108.1
2025-10-23 03:33:27,089 - WARNING -    Degradación: 21.7
2025-10-23 03:33:27,090 - WARNING -    🔄 RESTAURANDO mejor solución...
2025-10-23 03:33:27,092 - DEBUG - Iter 10200: T=2.73, Fitness_actual=129.8, Mejor=129.8
2025-10-23 03:33:27,271 - INFO - 🌟 MEJORA #107 en iter 10203: Fitness=129.8 (+0.0), Puntos=15630
2025-10-23 03:33:27,511 - INFO - 🌟 MEJORA #108 en iter 10208: Fitness=130.3 (+0.4), Puntos=15673
2025-10-23 03:33:31,940 - DEBUG - Iter 10300: T=2.73, Fitness_actual=119.6, Mejor=130.3
2025-10-23 03:33:36,786 - DEBUG - Iter 10400: T=2.73, Fitness_actual=117.6, Mejor=130.3
2025-10-23 03:33:41,601 - INFO -   Iter 10500 | Tiempo:    7.9min ( 3.3%) | T =     2.73 | Fitness =    116.8 | Mejor =    130.3 | Aceptación =  84.3%
2025-10-23 03:33:41,601 - INFO - Progreso iter 10500: T=2.73, Fitness=116.8, Mejor=130.3, Tasa_acept=84.3%
2025-10-23 03:33:41,603 - DEBUG - Iter 10500: T=2.73, Fitness_actual=116.8, Mejor=130.3
2025-10-23 03:33:46,503 - WARNING - ⚠️  DEGRADACIÓN DETECTADA en iter 10600:
2025-10-23 03:33:46,503 - WARNING -    Mejor fitness: 130.3
2025-10-23 03:33:46,503 - WARNING -    Fitness promedio reciente: 109.1
2025-10-23 03:33:46,503 - WARNING -    Degradación: 21.1
2025-10-23 03:33:46,503 - WARNING -    🔄 RESTAURANDO mejor solución...
2025-10-23 03:33:46,505 - DEBUG - Iter 10600: T=2.72, Fitness_actual=130.3, Mejor=130.3
2025-10-23 03:33:51,481 - DEBUG - Iter 10700: T=2.72, Fitness_actual=118.9, Mejor=130.3
2025-10-23 03:33:56,459 - WARNING - ⚠️  DEGRADACIÓN DETECTADA en iter 10800:
2025-10-23 03:33:56,459 - WARNING -    Mejor fitness: 130.3
2025-10-23 03:33:56,460 - WARNING -    Fitness promedio reciente: 108.4
2025-10-23 03:33:56,460 - WARNING -    Degradación: 21.8
2025-10-23 03:33:56,460 - WARNING -    🔄 RESTAURANDO mejor solución...
2025-10-23 03:33:56,466 - DEBUG - Iter 10800: T=2.72, Fitness_actual=130.3, Mejor=130.3
2025-10-23 03:33:56,612 - INFO - 🌟 MEJORA #109 en iter 10803: Fitness=130.3 (+0.0), Puntos=15673
2025-10-23 03:33:56,859 - INFO - 🌟 MEJORA #110 en iter 10808: Fitness=130.3 (+0.0), Puntos=15673
2025-10-23 03:33:56,859 - INFO -   ✨ Mejora #110 en iteración 10809: Fitness = 130.3 | Puntos = 15673 | T = 2.72
2025-10-23 03:33:56,907 - INFO - 🌟 MEJORA #111 en iter 10809: Fitness=130.3 (+0.1), Puntos=15679
2025-10-23 03:33:57,103 - INFO - 🌟 MEJORA #112 en iter 10813: Fitness=130.7 (+0.4), Puntos=15616
2025-10-23 03:33:57,152 - INFO - 🌟 MEJORA #113 en iter 10814: Fitness=131.7 (+1.0), Puntos=15616
2025-10-23 03:33:57,297 - INFO - 🌟 MEJORA #114 en iter 10817: Fitness=131.8 (+0.1), Puntos=15624
2025-10-23 03:34:01,383 - DEBUG - Iter 10900: T=2.72, Fitness_actual=104.4, Mejor=131.8
2025-10-23 03:34:03,841 - WARNING - ⚠️  DEGRADACIÓN DETECTADA en iter 10950:
2025-10-23 03:34:03,842 - WARNING -    Mejor fitness: 131.8
2025-10-23 03:34:03,842 - WARNING -    Fitness promedio reciente: 107.4
2025-10-23 03:34:03,842 - WARNING -    Degradación: 24.4
2025-10-23 03:34:03,842 - WARNING -    🔄 RESTAURANDO mejor solución...
2025-10-23 03:34:03,843 - INFO - 🌟 MEJORA #115 en iter 10950: Fitness=131.8 (+0.0), Puntos=15624
2025-10-23 03:34:03,844 - INFO -   ✨ Mejora #115 en iteración 10951: Fitness = 131.8 | Puntos = 15624 | T = 2.71
2025-10-23 03:34:06,280 - INFO -   Iter 11000 | Tiempo:    8.3min ( 3.5%) | T =     2.71 | Fitness =    128.3 | Mejor =    131.8 | Aceptación =  84.3%
2025-10-23 03:34:06,281 - INFO - Progreso iter 11000: T=2.71, Fitness=128.3, Mejor=131.8, Tasa_acept=84.3%
2025-10-23 03:34:06,282 - DEBUG - Iter 11000: T=2.71, Fitness_actual=128.3, Mejor=131.8
2025-10-23 03:34:11,164 - DEBUG - Iter 11100: T=2.71, Fitness_actual=114.4, Mejor=131.8
2025-10-23 03:34:16,145 - DEBUG - Iter 11200: T=2.71, Fitness_actual=119.5, Mejor=131.8
2025-10-23 03:34:21,105 - WARNING - ⚠️  DEGRADACIÓN DETECTADA en iter 11300:
2025-10-23 03:34:21,105 - WARNING -    Mejor fitness: 131.8
2025-10-23 03:34:21,105 - WARNING -    Fitness promedio reciente: 105.1
2025-10-23 03:34:21,105 - WARNING -    Degradación: 26.7
2025-10-23 03:34:21,105 - WARNING -    🔄 RESTAURANDO mejor solución...
2025-10-23 03:34:21,107 - DEBUG - Iter 11300: T=2.71, Fitness_actual=131.8, Mejor=131.8
2025-10-23 03:34:21,452 - INFO - 🌟 MEJORA #116 en iter 11307: Fitness=131.8 (+0.0), Puntos=15624
2025-10-23 03:34:26,048 - DEBUG - Iter 11400: T=2.70, Fitness_actual=120.6, Mejor=131.8
2025-10-23 03:34:31,067 - INFO -   Iter 11500 | Tiempo:    8.7min ( 3.6%) | T =     2.70 | Fitness =    118.1 | Mejor =    131.8 | Aceptación =  84.3%
2025-10-23 03:34:31,067 - INFO - Progreso iter 11500: T=2.70, Fitness=118.1, Mejor=131.8, Tasa_acept=84.3%
2025-10-23 03:34:31,068 - DEBUG - Iter 11500: T=2.70, Fitness_actual=118.1, Mejor=131.8
2025-10-23 03:34:36,120 - DEBUG - Iter 11600: T=2.70, Fitness_actual=122.7, Mejor=131.8
2025-10-23 03:34:41,255 - WARNING - ⚠️  DEGRADACIÓN DETECTADA en iter 11700:
2025-10-23 03:34:41,255 - WARNING -    Mejor fitness: 131.8
2025-10-23 03:34:41,255 - WARNING -    Fitness promedio reciente: 110.2
2025-10-23 03:34:41,255 - WARNING -    Degradación: 21.6
2025-10-23 03:34:41,256 - WARNING -    🔄 RESTAURANDO mejor solución...
2025-10-23 03:34:41,257 - DEBUG - Iter 11700: T=2.69, Fitness_actual=131.8, Mejor=131.8
2025-10-23 03:34:41,668 - INFO - 🌟 MEJORA #117 en iter 11708: Fitness=133.5 (+1.7), Puntos=15895
2025-10-23 03:34:41,720 - INFO - 🌟 MEJORA #118 en iter 11709: Fitness=134.0 (+0.5), Puntos=15895
2025-10-23 03:34:41,771 - INFO - 🌟 MEJORA #119 en iter 11710: Fitness=134.5 (+0.5), Puntos=15895
2025-10-23 03:34:42,127 - INFO - 🌟 MEJORA #120 en iter 11717: Fitness=134.6 (+0.1), Puntos=15903
2025-10-23 03:34:42,127 - INFO -   ✨ Mejora #120 en iteración 11718: Fitness = 134.6 | Puntos = 15903 | T = 2.69
2025-10-23 03:34:46,374 - DEBUG - Iter 11800: T=2.69, Fitness_actual=121.9, Mejor=134.6
2025-10-23 03:34:51,520 - DEBUG - Iter 11900: T=2.69, Fitness_actual=111.2, Mejor=134.6
2025-10-23 03:34:54,084 - WARNING - ⚠️  DEGRADACIÓN DETECTADA en iter 11950:
2025-10-23 03:34:54,084 - WARNING -    Mejor fitness: 134.6
2025-10-23 03:34:54,084 - WARNING -    Fitness promedio reciente: 112.1
2025-10-23 03:34:54,084 - WARNING -    Degradación: 22.5
2025-10-23 03:34:54,084 - WARNING -    🔄 RESTAURANDO mejor solución...
2025-10-23 03:34:56,625 - INFO -   Iter 12000 | Tiempo:    9.2min ( 3.8%) | T =     2.69 | Fitness =    128.4 | Mejor =    134.6 | Aceptación =  84.2%
2025-10-23 03:34:56,626 - INFO - Progreso iter 12000: T=2.69, Fitness=128.4, Mejor=134.6, Tasa_acept=84.2%
2025-10-23 03:34:56,627 - DEBUG - Iter 12000: T=2.69, Fitness_actual=128.4, Mejor=134.6
2025-10-23 03:35:01,729 - DEBUG - Iter 12100: T=2.68, Fitness_actual=111.4, Mejor=134.6
2025-10-23 03:35:04,274 - WARNING - ⚠️  DEGRADACIÓN DETECTADA en iter 12150:
2025-10-23 03:35:04,274 - WARNING -    Mejor fitness: 134.6
2025-10-23 03:35:04,275 - WARNING -    Fitness promedio reciente: 114.6
2025-10-23 03:35:04,275 - WARNING -    Degradación: 20.1
2025-10-23 03:35:04,275 - WARNING -    🔄 RESTAURANDO mejor solución...
2025-10-23 03:35:04,381 - INFO - 🌟 MEJORA #121 en iter 12152: Fitness=134.6 (+0.0), Puntos=15903
2025-10-23 03:35:06,836 - DEBUG - Iter 12200: T=2.68, Fitness_actual=123.6, Mejor=134.6
2025-10-23 03:35:11,995 - DEBUG - Iter 12300: T=2.68, Fitness_actual=113.5, Mejor=134.6
2025-10-23 03:35:14,579 - WARNING - ⚠️  DEGRADACIÓN DETECTADA en iter 12350:
2025-10-23 03:35:14,580 - WARNING -    Mejor fitness: 134.6
2025-10-23 03:35:14,580 - WARNING -    Fitness promedio reciente: 109.1
2025-10-23 03:35:14,580 - WARNING -    Degradación: 25.5
2025-10-23 03:35:14,580 - WARNING -    🔄 RESTAURANDO mejor solución...
2025-10-23 03:35:14,735 - INFO - 🌟 MEJORA #122 en iter 12353: Fitness=134.6 (+0.0), Puntos=15903
2025-10-23 03:35:17,129 - DEBUG - Iter 12400: T=2.67, Fitness_actual=129.4, Mejor=134.6
2025-10-23 03:35:22,276 - INFO -   Iter 12500 | Tiempo:    9.6min ( 4.0%) | T =     2.67 | Fitness =    121.7 | Mejor =    134.6 | Aceptación =  84.2%
2025-10-23 03:35:22,276 - INFO - Progreso iter 12500: T=2.67, Fitness=121.7, Mejor=134.6, Tasa_acept=84.2%
2025-10-23 03:35:22,278 - DEBUG - Iter 12500: T=2.67, Fitness_actual=121.7, Mejor=134.6
2025-10-23 03:35:24,874 - WARNING - ⚠️  DEGRADACIÓN DETECTADA en iter 12550:
2025-10-23 03:35:24,874 - WARNING -    Mejor fitness: 134.6
2025-10-23 03:35:24,874 - WARNING -    Fitness promedio reciente: 112.0
2025-10-23 03:35:24,875 - WARNING -    Degradación: 22.6
2025-10-23 03:35:24,875 - WARNING -    🔄 RESTAURANDO mejor solución...
2025-10-23 03:35:25,132 - INFO - 🌟 MEJORA #123 en iter 12555: Fitness=134.6 (+0.0), Puntos=15903
2025-10-23 03:35:25,290 - INFO - 🌟 MEJORA #124 en iter 12558: Fitness=134.6 (+0.0), Puntos=15903
2025-10-23 03:35:25,392 - INFO - 🌟 MEJORA #125 en iter 12560: Fitness=134.6 (+0.0), Puntos=15903
2025-10-23 03:35:25,392 - INFO -   ✨ Mejora #125 en iteración 12561: Fitness = 134.6 | Puntos = 15903 | T = 2.67
2025-10-23 03:35:27,479 - DEBUG - Iter 12600: T=2.67, Fitness_actual=123.2, Mejor=134.6
2025-10-23 03:35:32,704 - WARNING - ⚠️  DEGRADACIÓN DETECTADA en iter 12700:
2025-10-23 03:35:32,704 - WARNING -    Mejor fitness: 134.6
2025-10-23 03:35:32,704 - WARNING -    Fitness promedio reciente: 107.8
2025-10-23 03:35:32,705 - WARNING -    Degradación: 26.8
2025-10-23 03:35:32,705 - WARNING -    🔄 RESTAURANDO mejor solución...
2025-10-23 03:35:32,706 - DEBUG - Iter 12700: T=2.67, Fitness_actual=134.6, Mejor=134.6
2025-10-23 03:35:37,940 - DEBUG - Iter 12800: T=2.66, Fitness_actual=118.4, Mejor=134.6
2025-10-23 03:35:43,150 - DEBUG - Iter 12900: T=2.66, Fitness_actual=120.8, Mejor=134.6
2025-10-23 03:35:48,358 - INFO -   Iter 13000 | Tiempo:   10.0min ( 4.2%) | T =     2.66 | Fitness =    114.5 | Mejor =    134.6 | Aceptación =  84.1%
2025-10-23 03:35:48,359 - INFO - Progreso iter 13000: T=2.66, Fitness=114.5, Mejor=134.6, Tasa_acept=84.1%
2025-10-23 03:35:48,360 - DEBUG - Iter 13000: T=2.66, Fitness_actual=114.5, Mejor=134.6
2025-10-23 03:35:50,983 - WARNING - ⚠️  DEGRADACIÓN DETECTADA en iter 13050:
2025-10-23 03:35:50,984 - WARNING -    Mejor fitness: 134.6
2025-10-23 03:35:50,984 - WARNING -    Fitness promedio reciente: 107.5
2025-10-23 03:35:50,984 - WARNING -    Degradación: 27.1
2025-10-23 03:35:50,984 - WARNING -    🔄 RESTAURANDO mejor solución...
2025-10-23 03:35:50,986 - INFO - 🌟 MEJORA #126 en iter 13050: Fitness=134.6 (+0.0), Puntos=15903
2025-10-23 03:35:53,601 - DEBUG - Iter 13100: T=2.66, Fitness_actual=129.8, Mejor=134.6
2025-10-23 03:35:58,964 - DEBUG - Iter 13200: T=2.65, Fitness_actual=118.3, Mejor=134.6
2025-10-23 03:36:04,238 - DEBUG - Iter 13300: T=2.65, Fitness_actual=109.9, Mejor=134.6
2025-10-23 03:36:06,862 - WARNING - ⚠️  DEGRADACIÓN DETECTADA en iter 13350:
2025-10-23 03:36:06,862 - WARNING -    Mejor fitness: 134.6
2025-10-23 03:36:06,863 - WARNING -    Fitness promedio reciente: 108.0
2025-10-23 03:36:06,863 - WARNING -    Degradación: 26.6
2025-10-23 03:36:06,863 - WARNING -    🔄 RESTAURANDO mejor solución...
2025-10-23 03:36:06,864 - INFO - 🌟 MEJORA #127 en iter 13350: Fitness=134.7 (+0.0), Puntos=15907
2025-10-23 03:36:09,543 - DEBUG - Iter 13400: T=2.65, Fitness_actual=128.9, Mejor=134.7
2025-10-23 03:36:14,912 - INFO -   Iter 13500 | Tiempo:   10.5min ( 4.4%) | T =     2.64 | Fitness =    104.5 | Mejor =    134.7 | Aceptación =  84.0%
2025-10-23 03:36:14,912 - INFO - Progreso iter 13500: T=2.64, Fitness=104.5, Mejor=134.7, Tasa_acept=84.0%
2025-10-23 03:36:14,913 - WARNING - ⚠️  DEGRADACIÓN DETECTADA en iter 13500:
2025-10-23 03:36:14,913 - WARNING -    Mejor fitness: 134.7
2025-10-23 03:36:14,913 - WARNING -    Fitness promedio reciente: 112.0
2025-10-23 03:36:14,913 - WARNING -    Degradación: 22.7
2025-10-23 03:36:14,913 - WARNING -    🔄 RESTAURANDO mejor solución...
2025-10-23 03:36:14,914 - DEBUG - Iter 13500: T=2.64, Fitness_actual=134.7, Mejor=134.7
2025-10-23 03:36:20,276 - DEBUG - Iter 13600: T=2.64, Fitness_actual=108.5, Mejor=134.7
2025-10-23 03:36:23,006 - WARNING - ⚠️  DEGRADACIÓN DETECTADA en iter 13650:
2025-10-23 03:36:23,007 - WARNING -    Mejor fitness: 134.7
2025-10-23 03:36:23,007 - WARNING -    Fitness promedio reciente: 111.2
2025-10-23 03:36:23,007 - WARNING -    Degradación: 23.4
2025-10-23 03:36:23,007 - WARNING -    🔄 RESTAURANDO mejor solución...
2025-10-23 03:36:25,677 - DEBUG - Iter 13700: T=2.64, Fitness_actual=125.7, Mejor=134.7
2025-10-23 03:36:31,129 - DEBUG - Iter 13800: T=2.64, Fitness_actual=115.0, Mejor=134.7
2025-10-23 03:36:33,841 - WARNING - ⚠️  DEGRADACIÓN DETECTADA en iter 13850:
2025-10-23 03:36:33,841 - WARNING -    Mejor fitness: 134.7
2025-10-23 03:36:33,841 - WARNING -    Fitness promedio reciente: 111.3
2025-10-23 03:36:33,842 - WARNING -    Degradación: 23.4
2025-10-23 03:36:33,842 - WARNING -    🔄 RESTAURANDO mejor solución...
2025-10-23 03:36:36,535 - DEBUG - Iter 13900: T=2.63, Fitness_actual=117.2, Mejor=134.7
2025-10-23 03:36:41,985 - INFO -   Iter 14000 | Tiempo:   10.9min ( 4.6%) | T =     2.63 | Fitness =    110.7 | Mejor =    134.7 | Aceptación =  83.9%
2025-10-23 03:36:41,985 - INFO - Progreso iter 14000: T=2.63, Fitness=110.7, Mejor=134.7, Tasa_acept=83.9%
2025-10-23 03:36:41,986 - WARNING - ⚠️  DEGRADACIÓN DETECTADA en iter 14000:
2025-10-23 03:36:41,986 - WARNING -    Mejor fitness: 134.7
2025-10-23 03:36:41,986 - WARNING -    Fitness promedio reciente: 112.9
2025-10-23 03:36:41,986 - WARNING -    Degradación: 21.7
2025-10-23 03:36:41,986 - WARNING -    🔄 RESTAURANDO mejor solución...
2025-10-23 03:36:41,987 - DEBUG - Iter 14000: T=2.63, Fitness_actual=134.7, Mejor=134.7
2025-10-23 03:36:41,988 - INFO - 🌟 MEJORA #128 en iter 14000: Fitness=134.7 (+0.1), Puntos=15914
2025-10-23 03:36:42,524 - INFO - 🌟 MEJORA #129 en iter 14010: Fitness=134.9 (+0.2), Puntos=15933
2025-10-23 03:36:47,495 - DEBUG - Iter 14100: T=2.63, Fitness_actual=106.9, Mejor=134.9
2025-10-23 03:36:50,246 - WARNING - ⚠️  DEGRADACIÓN DETECTADA en iter 14150:
2025-10-23 03:36:50,247 - WARNING -    Mejor fitness: 134.9
2025-10-23 03:36:50,247 - WARNING -    Fitness promedio reciente: 108.6
2025-10-23 03:36:50,247 - WARNING -    Degradación: 26.3
2025-10-23 03:36:50,247 - WARNING -    🔄 RESTAURANDO mejor solución...
2025-10-23 03:36:50,681 - INFO - 🌟 MEJORA #130 en iter 14158: Fitness=135.0 (+0.1), Puntos=15970
2025-10-23 03:36:50,681 - INFO -   ✨ Mejora #130 en iteración 14159: Fitness = 135.0 | Puntos = 15970 | T = 2.63
2025-10-23 03:36:50,736 - INFO - 🌟 MEJORA #131 en iter 14159: Fitness=135.9 (+1.0), Puntos=15965
2025-10-23 03:36:51,006 - INFO - 🌟 MEJORA #132 en iter 14164: Fitness=135.9 (+0.0), Puntos=15966
2025-10-23 03:36:53,014 - DEBUG - Iter 14200: T=2.62, Fitness_actual=123.4, Mejor=135.9
2025-10-23 03:36:58,568 - DEBUG - Iter 14300: T=2.62, Fitness_actual=114.9, Mejor=135.9
2025-10-23 03:37:01,330 - WARNING - ⚠️  DEGRADACIÓN DETECTADA en iter 14350:
2025-10-23 03:37:01,330 - WARNING -    Mejor fitness: 135.9
2025-10-23 03:37:01,330 - WARNING -    Fitness promedio reciente: 110.9
2025-10-23 03:37:01,330 - WARNING -    Degradación: 25.0
2025-10-23 03:37:01,330 - WARNING -    🔄 RESTAURANDO mejor solución...
2025-10-23 03:37:01,385 - INFO - 🌟 MEJORA #133 en iter 14351: Fitness=135.9 (+0.0), Puntos=15966
2025-10-23 03:37:01,439 - INFO - 🌟 MEJORA #134 en iter 14352: Fitness=135.9 (+0.0), Puntos=15966
2025-10-23 03:37:01,658 - INFO - 🌟 MEJORA #135 en iter 14356: Fitness=135.9 (+0.0), Puntos=15966
2025-10-23 03:37:01,658 - INFO -   ✨ Mejora #135 en iteración 14357: Fitness = 135.9 | Puntos = 15966 | T = 2.62
2025-10-23 03:37:01,874 - INFO - 🌟 MEJORA #136 en iter 14360: Fitness=136.0 (+0.0), Puntos=15969
2025-10-23 03:37:04,043 - DEBUG - Iter 14400: T=2.62, Fitness_actual=128.8, Mejor=136.0
2025-10-23 03:37:09,518 - INFO -   Iter 14500 | Tiempo:   11.4min ( 4.7%) | T =     2.62 | Fitness =    114.4 | Mejor =    136.0 | Aceptación =  83.7%
2025-10-23 03:37:09,518 - INFO - Progreso iter 14500: T=2.62, Fitness=114.4, Mejor=136.0, Tasa_acept=83.7%
2025-10-23 03:37:09,521 - DEBUG - Iter 14500: T=2.62, Fitness_actual=114.4, Mejor=136.0
2025-10-23 03:37:12,287 - WARNING - ⚠️  DEGRADACIÓN DETECTADA en iter 14550:
2025-10-23 03:37:12,287 - WARNING -    Mejor fitness: 136.0
2025-10-23 03:37:12,287 - WARNING -    Fitness promedio reciente: 115.7
2025-10-23 03:37:12,287 - WARNING -    Degradación: 20.3
2025-10-23 03:37:12,287 - WARNING -    🔄 RESTAURANDO mejor solución...
2025-10-23 03:37:12,290 - INFO - 🌟 MEJORA #137 en iter 14550: Fitness=136.0 (+0.0), Puntos=15969
2025-10-23 03:37:12,344 - INFO - 🌟 MEJORA #138 en iter 14551: Fitness=136.0 (+0.0), Puntos=15969
2025-10-23 03:37:12,452 - INFO - 🌟 MEJORA #139 en iter 14553: Fitness=136.0 (+0.0), Puntos=15974
2025-10-23 03:37:12,560 - INFO - 🌟 MEJORA #140 en iter 14555: Fitness=136.0 (+0.0), Puntos=15974
2025-10-23 03:37:12,560 - INFO -   ✨ Mejora #140 en iteración 14556: Fitness = 136.0 | Puntos = 15974 | T = 2.61
2025-10-23 03:37:15,015 - DEBUG - Iter 14600: T=2.61, Fitness_actual=131.7, Mejor=136.0
2025-10-23 03:37:20,514 - DEBUG - Iter 14700: T=2.61, Fitness_actual=116.5, Mejor=136.0
2025-10-23 03:37:23,274 - WARNING - ⚠️  DEGRADACIÓN DETECTADA en iter 14750:
2025-10-23 03:37:23,274 - WARNING -    Mejor fitness: 136.0
2025-10-23 03:37:23,274 - WARNING -    Fitness promedio reciente: 115.1
2025-10-23 03:37:23,275 - WARNING -    Degradación: 20.9
2025-10-23 03:37:23,275 - WARNING -    🔄 RESTAURANDO mejor solución...
2025-10-23 03:37:26,034 - DEBUG - Iter 14800: T=2.61, Fitness_actual=122.2, Mejor=136.0
2025-10-23 03:37:31,570 - DEBUG - Iter 14900: T=2.60, Fitness_actual=112.4, Mejor=136.0
2025-10-23 03:37:34,321 - WARNING - ⚠️  DEGRADACIÓN DETECTADA en iter 14950:
2025-10-23 03:37:34,322 - WARNING -    Mejor fitness: 136.0
2025-10-23 03:37:34,322 - WARNING -    Fitness promedio reciente: 110.5
2025-10-23 03:37:34,322 - WARNING -    Degradación: 25.5
2025-10-23 03:37:34,322 - WARNING -    🔄 RESTAURANDO mejor solución...
2025-10-23 03:37:34,324 - INFO - 🌟 MEJORA #141 en iter 14950: Fitness=136.1 (+0.1), Puntos=15980
2025-10-23 03:37:34,378 - INFO - 🌟 MEJORA #142 en iter 14951: Fitness=136.2 (+0.1), Puntos=15993
2025-10-23 03:37:37,109 - INFO -   Iter 15000 | Tiempo:   11.8min ( 4.9%) | T =     2.60 | Fitness =    118.8 | Mejor =    136.2 | Aceptación =  83.6%
2025-10-23 03:37:37,110 - INFO - Progreso iter 15000: T=2.60, Fitness=118.8, Mejor=136.2, Tasa_acept=83.6%
2025-10-23 03:37:37,113 - DEBUG - Iter 15000: T=2.60, Fitness_actual=118.8, Mejor=136.2
2025-10-23 03:37:42,697 - WARNING - ⚠️  DEGRADACIÓN DETECTADA en iter 15100:
2025-10-23 03:37:42,697 - WARNING -    Mejor fitness: 136.2
2025-10-23 03:37:42,698 - WARNING -    Fitness promedio reciente: 113.3
2025-10-23 03:37:42,698 - WARNING -    Degradación: 22.9
2025-10-23 03:37:42,698 - WARNING -    🔄 RESTAURANDO mejor solución...
2025-10-23 03:37:42,699 - DEBUG - Iter 15100: T=2.60, Fitness_actual=136.2, Mejor=136.2
2025-10-23 03:37:48,207 - DEBUG - Iter 15200: T=2.60, Fitness_actual=123.3, Mejor=136.2
2025-10-23 03:37:53,896 - WARNING - ⚠️  DEGRADACIÓN DETECTADA en iter 15300:
2025-10-23 03:37:53,896 - WARNING -    Mejor fitness: 136.2
2025-10-23 03:37:53,897 - WARNING -    Fitness promedio reciente: 108.7
2025-10-23 03:37:53,897 - WARNING -    Degradación: 27.5
2025-10-23 03:37:53,897 - WARNING -    🔄 RESTAURANDO mejor solución...
2025-10-23 03:37:53,898 - DEBUG - Iter 15300: T=2.59, Fitness_actual=136.2, Mejor=136.2
2025-10-23 03:37:54,065 - INFO - 🌟 MEJORA #143 en iter 15303: Fitness=137.2 (+1.0), Puntos=15996
2025-10-23 03:37:54,122 - INFO - 🌟 MEJORA #144 en iter 15304: Fitness=137.2 (+0.0), Puntos=15996
2025-10-23 03:37:54,292 - INFO - 🌟 MEJORA #145 en iter 15307: Fitness=137.2 (+0.0), Puntos=15996
2025-10-23 03:37:54,292 - INFO -   ✨ Mejora #145 en iteración 15308: Fitness = 137.2 | Puntos = 15996 | T = 2.59
2025-10-23 03:37:54,349 - INFO - 🌟 MEJORA #146 en iter 15308: Fitness=137.2 (+0.0), Puntos=15996
2025-10-23 03:37:54,916 - INFO - 🌟 MEJORA #147 en iter 15318: Fitness=137.3 (+0.1), Puntos=16003
2025-10-23 03:37:59,534 - DEBUG - Iter 15400: T=2.59, Fitness_actual=127.3, Mejor=137.3
2025-10-23 03:38:05,260 - INFO -   Iter 15500 | Tiempo:   12.3min ( 5.1%) | T =     2.59 | Fitness =    119.0 | Mejor =    137.3 | Aceptación =  83.7%
2025-10-23 03:38:05,260 - INFO - Progreso iter 15500: T=2.59, Fitness=119.0, Mejor=137.3, Tasa_acept=83.7%
2025-10-23 03:38:05,262 - DEBUG - Iter 15500: T=2.59, Fitness_actual=119.0, Mejor=137.3
2025-10-23 03:38:08,135 - WARNING - ⚠️  DEGRADACIÓN DETECTADA en iter 15550:
2025-10-23 03:38:08,135 - WARNING -    Mejor fitness: 137.3
2025-10-23 03:38:08,136 - WARNING -    Fitness promedio reciente: 115.0
2025-10-23 03:38:08,136 - WARNING -    Degradación: 22.3
2025-10-23 03:38:08,136 - WARNING -    🔄 RESTAURANDO mejor solución...
2025-10-23 03:38:09,786 - INFO - 🌟 MEJORA #148 en iter 15579: Fitness=137.7 (+0.4), Puntos=15993
2025-10-23 03:38:11,008 - DEBUG - Iter 15600: T=2.58, Fitness_actual=127.0, Mejor=137.7
2025-10-23 03:38:16,781 - WARNING - ⚠️  DEGRADACIÓN DETECTADA en iter 15700:
2025-10-23 03:38:16,782 - WARNING -    Mejor fitness: 137.7
2025-10-23 03:38:16,782 - WARNING -    Fitness promedio reciente: 112.6
2025-10-23 03:38:16,782 - WARNING -    Degradación: 25.1
2025-10-23 03:38:16,782 - WARNING -    🔄 RESTAURANDO mejor solución...
2025-10-23 03:38:16,785 - DEBUG - Iter 15700: T=2.58, Fitness_actual=137.7, Mejor=137.7
2025-10-23 03:38:22,565 - DEBUG - Iter 15800: T=2.58, Fitness_actual=125.0, Mejor=137.7
2025-10-23 03:38:28,331 - WARNING - ⚠️  DEGRADACIÓN DETECTADA en iter 15900:
2025-10-23 03:38:28,332 - WARNING -    Mejor fitness: 137.7
2025-10-23 03:38:28,332 - WARNING -    Fitness promedio reciente: 106.3
2025-10-23 03:38:28,333 - WARNING -    Degradación: 31.4
2025-10-23 03:38:28,333 - WARNING -    🔄 RESTAURANDO mejor solución...
2025-10-23 03:38:28,336 - DEBUG - Iter 15900: T=2.57, Fitness_actual=137.7, Mejor=137.7
2025-10-23 03:38:34,078 - INFO -   Iter 16000 | Tiempo:   12.8min ( 5.3%) | T =     2.57 | Fitness =    129.4 | Mejor =    137.7 | Aceptación =  83.6%
2025-10-23 03:38:34,079 - INFO - Progreso iter 16000: T=2.57, Fitness=129.4, Mejor=137.7, Tasa_acept=83.6%
2025-10-23 03:38:34,081 - DEBUG - Iter 16000: T=2.57, Fitness_actual=129.4, Mejor=137.7
2025-10-23 03:38:39,950 - DEBUG - Iter 16100: T=2.57, Fitness_actual=120.1, Mejor=137.7
2025-10-23 03:38:42,845 - WARNING - ⚠️  DEGRADACIÓN DETECTADA en iter 16150:
2025-10-23 03:38:42,845 - WARNING -    Mejor fitness: 137.7
2025-10-23 03:38:42,845 - WARNING -    Fitness promedio reciente: 114.8
2025-10-23 03:38:42,845 - WARNING -    Degradación: 22.9
2025-10-23 03:38:42,845 - WARNING -    🔄 RESTAURANDO mejor solución...
2025-10-23 03:38:45,756 - DEBUG - Iter 16200: T=2.57, Fitness_actual=123.5, Mejor=137.7
2025-10-23 03:38:51,547 - WARNING - ⚠️  DEGRADACIÓN DETECTADA en iter 16300:
2025-10-23 03:38:51,547 - WARNING -    Mejor fitness: 137.7
2025-10-23 03:38:51,547 - WARNING -    Fitness promedio reciente: 115.0
2025-10-23 03:38:51,548 - WARNING -    Degradación: 22.7
2025-10-23 03:38:51,548 - WARNING -    🔄 RESTAURANDO mejor solución...
2025-10-23 03:38:51,550 - DEBUG - Iter 16300: T=2.56, Fitness_actual=137.7, Mejor=137.7
2025-10-23 03:38:51,550 - INFO - 🌟 MEJORA #149 en iter 16300: Fitness=137.8 (+0.1), Puntos=16000
2025-10-23 03:38:57,307 - DEBUG - Iter 16400: T=2.56, Fitness_actual=122.2, Mejor=137.8
2025-10-23 03:39:00,132 - WARNING - ⚠️  DEGRADACIÓN DETECTADA en iter 16450:
2025-10-23 03:39:00,132 - WARNING -    Mejor fitness: 137.8
2025-10-23 03:39:00,132 - WARNING -    Fitness promedio reciente: 117.2
2025-10-23 03:39:00,132 - WARNING -    Degradación: 20.6
2025-10-23 03:39:00,132 - WARNING -    🔄 RESTAURANDO mejor solución...
2025-10-23 03:39:00,192 - INFO - 🌟 MEJORA #150 en iter 16451: Fitness=137.8 (+0.0), Puntos=16000
2025-10-23 03:39:00,192 - INFO -   ✨ Mejora #150 en iteración 16452: Fitness = 137.8 | Puntos = 16000 | T = 2.56
2025-10-23 03:39:02,944 - INFO -   Iter 16500 | Tiempo:   13.3min ( 5.5%) | T =     2.56 | Fitness =    124.8 | Mejor =    137.8 | Aceptación =  83.4%
2025-10-23 03:39:02,944 - INFO - Progreso iter 16500: T=2.56, Fitness=124.8, Mejor=137.8, Tasa_acept=83.4%
2025-10-23 03:39:02,946 - DEBUG - Iter 16500: T=2.56, Fitness_actual=124.8, Mejor=137.8
2025-10-23 03:39:08,671 - WARNING - ⚠️  DEGRADACIÓN DETECTADA en iter 16600:
2025-10-23 03:39:08,671 - WARNING -    Mejor fitness: 137.8
2025-10-23 03:39:08,672 - WARNING -    Fitness promedio reciente: 115.6
2025-10-23 03:39:08,672 - WARNING -    Degradación: 22.2
2025-10-23 03:39:08,672 - WARNING -    🔄 RESTAURANDO mejor solución...
2025-10-23 03:39:08,674 - DEBUG - Iter 16600: T=2.55, Fitness_actual=137.8, Mejor=137.8
2025-10-23 03:39:12,100 - WARNING - ================================================================================
2025-10-23 03:39:12,101 - WARNING - ⚠️  SALTO ANORMAL DETECTADO en iteración 16660
2025-10-23 03:39:12,101 - WARNING -    Fitness actual: 126.3
2025-10-23 03:39:12,101 - WARNING -    Fitness vecino: 103.4
2025-10-23 03:39:12,101 - WARNING -    Delta: -23.0
2025-10-23 03:39:12,101 - WARNING -    Temperatura: 2.55
2025-10-23 03:39:12,101 - WARNING -    Tipo perturbación aplicada: (ver generar_vecino)
2025-10-23 03:39:12,101 - WARNING -    Vecino - Puntos: 15474, Tiempo: 14818.9min, Distancia: 243.2km
2025-10-23 03:39:12,102 - WARNING -    Actual - Puntos: 15747, Tiempo: 14016.8min, Distancia: 170.2km
2025-10-23 03:39:12,102 - WARNING -    Validez restricciones - Vecino: False, Actual: False
2025-10-23 03:39:12,102 - WARNING - ================================================================================
2025-10-23 03:39:12,102 - WARNING - ⚠️  SALTO ANORMAL DETECTADO en iteración 16660
2025-10-23 03:39:12,102 - WARNING -    Fitness: 126.3 → 103.4 (Δ=-23.0)
2025-10-23 03:39:12,102 - WARNING -    Ver detalles en archivo de log
2025-10-23 03:39:12,160 - WARNING - ================================================================================
2025-10-23 03:39:12,161 - WARNING - ⚠️  SALTO ANORMAL DETECTADO en iteración 16661
2025-10-23 03:39:12,161 - WARNING -    Fitness actual: 126.3
2025-10-23 03:39:12,161 - WARNING -    Fitness vecino: 103.5
2025-10-23 03:39:12,161 - WARNING -    Delta: -22.8
2025-10-23 03:39:12,161 - WARNING -    Temperatura: 2.55
2025-10-23 03:39:12,161 - WARNING -    Tipo perturbación aplicada: (ver generar_vecino)
2025-10-23 03:39:12,161 - WARNING -    Vecino - Puntos: 15487, Tiempo: 14816.6min, Distancia: 243.1km
2025-10-23 03:39:12,162 - WARNING -    Actual - Puntos: 15747, Tiempo: 14016.8min, Distancia: 170.2km
2025-10-23 03:39:12,162 - WARNING -    Validez restricciones - Vecino: False, Actual: False
2025-10-23 03:39:12,162 - WARNING - ================================================================================
2025-10-23 03:39:12,162 - WARNING - ⚠️  SALTO ANORMAL DETECTADO en iteración 16661
2025-10-23 03:39:12,162 - WARNING -    Fitness: 126.3 → 103.5 (Δ=-22.8)
2025-10-23 03:39:12,162 - WARNING -    Ver detalles en archivo de log
2025-10-23 03:39:12,220 - WARNING - ================================================================================
2025-10-23 03:39:12,220 - WARNING - ⚠️  SALTO ANORMAL DETECTADO en iteración 16662
2025-10-23 03:39:12,221 - WARNING -    Fitness actual: 126.3
2025-10-23 03:39:12,221 - WARNING -    Fitness vecino: 103.4
2025-10-23 03:39:12,221 - WARNING -    Delta: -23.0
2025-10-23 03:39:12,221 - WARNING -    Temperatura: 2.55
2025-10-23 03:39:12,221 - WARNING -    Tipo perturbación aplicada: (ver generar_vecino)
2025-10-23 03:39:12,221 - WARNING -    Vecino - Puntos: 15474, Tiempo: 14823.1min, Distancia: 243.6km
2025-10-23 03:39:12,221 - WARNING -    Actual - Puntos: 15747, Tiempo: 14016.8min, Distancia: 170.2km
2025-10-23 03:39:12,221 - WARNING -    Validez restricciones - Vecino: False, Actual: False
2025-10-23 03:39:12,221 - WARNING - ================================================================================
2025-10-23 03:39:12,222 - WARNING - ⚠️  SALTO ANORMAL DETECTADO en iteración 16662
2025-10-23 03:39:12,222 - WARNING -    Fitness: 126.3 → 103.4 (Δ=-23.0)
2025-10-23 03:39:12,222 - WARNING -    Ver detalles en archivo de log
2025-10-23 03:39:12,280 - WARNING - ================================================================================
2025-10-23 03:39:12,280 - WARNING - ⚠️  SALTO ANORMAL DETECTADO en iteración 16663
2025-10-23 03:39:12,280 - WARNING -    Fitness actual: 126.3
2025-10-23 03:39:12,280 - WARNING -    Fitness vecino: 99.3
2025-10-23 03:39:12,280 - WARNING -    Delta: -27.0
2025-10-23 03:39:12,280 - WARNING -    Temperatura: 2.55
2025-10-23 03:39:12,280 - WARNING -    Tipo perturbación aplicada: (ver generar_vecino)
2025-10-23 03:39:12,281 - WARNING -    Vecino - Puntos: 15075, Tiempo: 14629.0min, Distancia: 258.2km
2025-10-23 03:39:12,281 - WARNING -    Actual - Puntos: 15747, Tiempo: 14016.8min, Distancia: 170.2km
2025-10-23 03:39:12,281 - WARNING -    Validez restricciones - Vecino: False, Actual: False
2025-10-23 03:39:12,281 - WARNING - ================================================================================
2025-10-23 03:39:12,281 - WARNING - ⚠️  SALTO ANORMAL DETECTADO en iteración 16663
2025-10-23 03:39:12,281 - WARNING -    Fitness: 126.3 → 99.3 (Δ=-27.0)
2025-10-23 03:39:12,281 - WARNING -    Ver detalles en archivo de log
2025-10-23 03:39:12,340 - WARNING - ================================================================================
2025-10-23 03:39:12,340 - WARNING - ⚠️  SALTO ANORMAL DETECTADO en iteración 16664
2025-10-23 03:39:12,340 - WARNING -    Fitness actual: 126.3
2025-10-23 03:39:12,340 - WARNING -    Fitness vecino: 99.4
2025-10-23 03:39:12,340 - WARNING -    Delta: -27.0
2025-10-23 03:39:12,341 - WARNING -    Temperatura: 2.55
2025-10-23 03:39:12,341 - WARNING -    Tipo perturbación aplicada: (ver generar_vecino)
2025-10-23 03:39:12,341 - WARNING -    Vecino - Puntos: 15474, Tiempo: 14540.3min, Distancia: 243.8km
2025-10-23 03:39:12,341 - WARNING -    Actual - Puntos: 15747, Tiempo: 14016.8min, Distancia: 170.2km
2025-10-23 03:39:12,341 - WARNING -    Validez restricciones - Vecino: False, Actual: False
2025-10-23 03:39:12,341 - WARNING - ================================================================================
2025-10-23 03:39:12,342 - WARNING - ⚠️  SALTO ANORMAL DETECTADO en iteración 16664
2025-10-23 03:39:12,342 - WARNING -    Fitness: 126.3 → 99.4 (Δ=-27.0)
2025-10-23 03:39:12,342 - WARNING -    Ver detalles en archivo de log
2025-10-23 03:39:12,399 - WARNING - ================================================================================
2025-10-23 03:39:12,399 - WARNING - ⚠️  SALTO ANORMAL DETECTADO en iteración 16665
2025-10-23 03:39:12,399 - WARNING -    Fitness actual: 126.3
2025-10-23 03:39:12,400 - WARNING -    Fitness vecino: 103.5
2025-10-23 03:39:12,400 - WARNING -    Delta: -22.8
2025-10-23 03:39:12,400 - WARNING -    Temperatura: 2.55
2025-10-23 03:39:12,400 - WARNING -    Tipo perturbación aplicada: (ver generar_vecino)
2025-10-23 03:39:12,400 - WARNING -    Vecino - Puntos: 15487, Tiempo: 14869.9min, Distancia: 243.7km
2025-10-23 03:39:12,401 - WARNING -    Actual - Puntos: 15747, Tiempo: 14016.8min, Distancia: 170.2km
2025-10-23 03:39:12,401 - WARNING -    Validez restricciones - Vecino: False, Actual: False
2025-10-23 03:39:12,401 - WARNING - ================================================================================
2025-10-23 03:39:12,401 - WARNING - ⚠️  SALTO ANORMAL DETECTADO en iteración 16665
2025-10-23 03:39:12,401 - WARNING -    Fitness: 126.3 → 103.5 (Δ=-22.8)
2025-10-23 03:39:12,401 - WARNING -    Ver detalles en archivo de log
2025-10-23 03:39:12,459 - WARNING - ================================================================================
2025-10-23 03:39:12,459 - WARNING - ⚠️  SALTO ANORMAL DETECTADO en iteración 16666
2025-10-23 03:39:12,459 - WARNING -    Fitness actual: 126.3
2025-10-23 03:39:12,460 - WARNING -    Fitness vecino: 96.9
2025-10-23 03:39:12,460 - WARNING -    Delta: -29.5
2025-10-23 03:39:12,460 - WARNING -    Temperatura: 2.55
2025-10-23 03:39:12,460 - WARNING -    Tipo perturbación aplicada: (ver generar_vecino)
2025-10-23 03:39:12,460 - WARNING -    Vecino - Puntos: 15474, Tiempo: 14658.3min, Distancia: 244.9km
2025-10-23 03:39:12,460 - WARNING -    Actual - Puntos: 15747, Tiempo: 14016.8min, Distancia: 170.2km
2025-10-23 03:39:12,461 - WARNING -    Validez restricciones - Vecino: False, Actual: False
2025-10-23 03:39:12,461 - WARNING - ================================================================================
2025-10-23 03:39:12,461 - WARNING - ⚠️  SALTO ANORMAL DETECTADO en iteración 16666
2025-10-23 03:39:12,461 - WARNING -    Fitness: 126.3 → 96.9 (Δ=-29.5)
2025-10-23 03:39:12,461 - WARNING -    Ver detalles en archivo de log
2025-10-23 03:39:12,519 - WARNING - ================================================================================
2025-10-23 03:39:12,519 - WARNING - ⚠️  SALTO ANORMAL DETECTADO en iteración 16667
2025-10-23 03:39:12,519 - WARNING -    Fitness actual: 126.3
2025-10-23 03:39:12,520 - WARNING -    Fitness vecino: 103.9
2025-10-23 03:39:12,520 - WARNING -    Delta: -22.4
2025-10-23 03:39:12,520 - WARNING -    Temperatura: 2.55
2025-10-23 03:39:12,520 - WARNING -    Tipo perturbación aplicada: (ver generar_vecino)
2025-10-23 03:39:12,520 - WARNING -    Vecino - Puntos: 15474, Tiempo: 14792.2min, Distancia: 243.5km
2025-10-23 03:39:12,520 - WARNING -    Actual - Puntos: 15747, Tiempo: 14016.8min, Distancia: 170.2km
2025-10-23 03:39:12,520 - WARNING -    Validez restricciones - Vecino: False, Actual: False
2025-10-23 03:39:12,521 - WARNING - ================================================================================
2025-10-23 03:39:12,521 - WARNING - ⚠️  SALTO ANORMAL DETECTADO en iteración 16667
2025-10-23 03:39:12,521 - WARNING -    Fitness: 126.3 → 103.9 (Δ=-22.4)
2025-10-23 03:39:12,521 - WARNING -    Ver detalles en archivo de log
2025-10-23 03:39:12,581 - WARNING - ================================================================================
2025-10-23 03:39:12,581 - WARNING - ⚠️  SALTO ANORMAL DETECTADO en iteración 16668
2025-10-23 03:39:12,582 - WARNING -    Fitness actual: 126.3
2025-10-23 03:39:12,583 - WARNING -    Fitness vecino: 102.4
2025-10-23 03:39:12,583 - WARNING -    Delta: -24.0
2025-10-23 03:39:12,583 - WARNING -    Temperatura: 2.55
2025-10-23 03:39:12,583 - WARNING -    Tipo perturbación aplicada: (ver generar_vecino)
2025-10-23 03:39:12,583 - WARNING -    Vecino - Puntos: 15474, Tiempo: 14948.9min, Distancia: 242.8km
2025-10-23 03:39:12,583 - WARNING -    Actual - Puntos: 15747, Tiempo: 14016.8min, Distancia: 170.2km
2025-10-23 03:39:12,584 - WARNING -    Validez restricciones - Vecino: False, Actual: False
2025-10-23 03:39:12,584 - WARNING - ================================================================================
2025-10-23 03:39:12,584 - WARNING - ⚠️  SALTO ANORMAL DETECTADO en iteración 16668
2025-10-23 03:39:12,584 - WARNING -    Fitness: 126.3 → 102.4 (Δ=-24.0)
2025-10-23 03:39:12,584 - WARNING -    Ver detalles en archivo de log
2025-10-23 03:39:12,643 - WARNING - ================================================================================
2025-10-23 03:39:12,643 - WARNING - ⚠️  SALTO ANORMAL DETECTADO en iteración 16669
2025-10-23 03:39:12,644 - WARNING -    Fitness actual: 126.3
2025-10-23 03:39:12,644 - WARNING -    Fitness vecino: 103.4
2025-10-23 03:39:12,644 - WARNING -    Delta: -23.0
2025-10-23 03:39:12,644 - WARNING -    Temperatura: 2.55
2025-10-23 03:39:12,644 - WARNING -    Tipo perturbación aplicada: (ver generar_vecino)
2025-10-23 03:39:12,644 - WARNING -    Vecino - Puntos: 15474, Tiempo: 14820.6min, Distancia: 243.4km
2025-10-23 03:39:12,645 - WARNING -    Actual - Puntos: 15747, Tiempo: 14016.8min, Distancia: 170.2km
2025-10-23 03:39:12,645 - WARNING -    Validez restricciones - Vecino: False, Actual: False
2025-10-23 03:39:12,645 - WARNING - ================================================================================
2025-10-23 03:39:12,645 - WARNING - ⚠️  SALTO ANORMAL DETECTADO en iteración 16669
2025-10-23 03:39:12,645 - WARNING -    Fitness: 126.3 → 103.4 (Δ=-23.0)
2025-10-23 03:39:12,646 - WARNING -    Ver detalles en archivo de log
2025-10-23 03:39:12,704 - WARNING - ================================================================================
2025-10-23 03:39:12,704 - WARNING - ⚠️  SALTO ANORMAL DETECTADO en iteración 16670
2025-10-23 03:39:12,705 - WARNING -    Fitness actual: 126.3
2025-10-23 03:39:12,705 - WARNING -    Fitness vecino: 103.3
2025-10-23 03:39:12,705 - WARNING -    Delta: -23.0
2025-10-23 03:39:12,705 - WARNING -    Temperatura: 2.55
2025-10-23 03:39:12,705 - WARNING -    Tipo perturbación aplicada: (ver generar_vecino)
2025-10-23 03:39:12,705 - WARNING -    Vecino - Puntos: 15471, Tiempo: 14850.6min, Distancia: 243.4km
2025-10-23 03:39:12,705 - WARNING -    Actual - Puntos: 15747, Tiempo: 14016.8min, Distancia: 170.2km
2025-10-23 03:39:12,706 - WARNING -    Validez restricciones - Vecino: False, Actual: False
2025-10-23 03:39:12,706 - WARNING - ================================================================================
2025-10-23 03:39:12,706 - WARNING - ⚠️  SALTO ANORMAL DETECTADO en iteración 16670
2025-10-23 03:39:12,706 - WARNING -    Fitness: 126.3 → 103.3 (Δ=-23.0)
2025-10-23 03:39:12,706 - WARNING -    Ver detalles en archivo de log
2025-10-23 03:39:12,765 - WARNING - ================================================================================
2025-10-23 03:39:12,765 - WARNING - ⚠️  SALTO ANORMAL DETECTADO en iteración 16671
2025-10-23 03:39:12,765 - WARNING -    Fitness actual: 126.3
2025-10-23 03:39:12,765 - WARNING -    Fitness vecino: 99.9
2025-10-23 03:39:12,766 - WARNING -    Delta: -26.5
2025-10-23 03:39:12,766 - WARNING -    Temperatura: 2.55
2025-10-23 03:39:12,766 - WARNING -    Tipo perturbación aplicada: (ver generar_vecino)
2025-10-23 03:39:12,766 - WARNING -    Vecino - Puntos: 15474, Tiempo: 14753.3min, Distancia: 244.9km
2025-10-23 03:39:12,766 - WARNING -    Actual - Puntos: 15747, Tiempo: 14016.8min, Distancia: 170.2km
2025-10-23 03:39:12,766 - WARNING -    Validez restricciones - Vecino: False, Actual: False
2025-10-23 03:39:12,766 - WARNING - ================================================================================
2025-10-23 03:39:12,766 - WARNING - ⚠️  SALTO ANORMAL DETECTADO en iteración 16671
2025-10-23 03:39:12,766 - WARNING -    Fitness: 126.3 → 99.9 (Δ=-26.5)
2025-10-23 03:39:12,767 - WARNING -    Ver detalles en archivo de log
2025-10-23 03:39:12,826 - WARNING - ================================================================================
2025-10-23 03:39:12,826 - WARNING - ⚠️  SALTO ANORMAL DETECTADO en iteración 16672
2025-10-23 03:39:12,826 - WARNING -    Fitness actual: 126.3
2025-10-23 03:39:12,827 - WARNING -    Fitness vecino: 103.4
2025-10-23 03:39:12,827 - WARNING -    Delta: -23.0
2025-10-23 03:39:12,827 - WARNING -    Temperatura: 2.55
2025-10-23 03:39:12,827 - WARNING -    Tipo perturbación aplicada: (ver generar_vecino)
2025-10-23 03:39:12,827 - WARNING -    Vecino - Puntos: 15474, Tiempo: 14820.6min, Distancia: 243.4km
2025-10-23 03:39:12,827 - WARNING -    Actual - Puntos: 15747, Tiempo: 14016.8min, Distancia: 170.2km
2025-10-23 03:39:12,828 - WARNING -    Validez restricciones - Vecino: False, Actual: False
2025-10-23 03:39:12,828 - WARNING - ================================================================================
2025-10-23 03:39:12,828 - WARNING - ⚠️  SALTO ANORMAL DETECTADO en iteración 16672
2025-10-23 03:39:12,828 - WARNING -    Fitness: 126.3 → 103.4 (Δ=-23.0)
2025-10-23 03:39:12,828 - WARNING -    Ver detalles en archivo de log
2025-10-23 03:39:12,886 - WARNING - ================================================================================
2025-10-23 03:39:12,886 - WARNING - ⚠️  SALTO ANORMAL DETECTADO en iteración 16673
2025-10-23 03:39:12,887 - WARNING -    Fitness actual: 126.3
2025-10-23 03:39:12,887 - WARNING -    Fitness vecino: 103.4
2025-10-23 03:39:12,887 - WARNING -    Delta: -22.9
2025-10-23 03:39:12,887 - WARNING -    Temperatura: 2.55
2025-10-23 03:39:12,887 - WARNING -    Tipo perturbación aplicada: (ver generar_vecino)
2025-10-23 03:39:12,888 - WARNING -    Vecino - Puntos: 15479, Tiempo: 14815.5min, Distancia: 243.0km
2025-10-23 03:39:12,888 - WARNING -    Actual - Puntos: 15747, Tiempo: 14016.8min, Distancia: 170.2km
2025-10-23 03:39:12,888 - WARNING -    Validez restricciones - Vecino: False, Actual: False
2025-10-23 03:39:12,888 - WARNING - ================================================================================
2025-10-23 03:39:12,888 - WARNING - ⚠️  SALTO ANORMAL DETECTADO en iteración 16673
2025-10-23 03:39:12,889 - WARNING -    Fitness: 126.3 → 103.4 (Δ=-22.9)
2025-10-23 03:39:12,889 - WARNING -    Ver detalles en archivo de log
2025-10-23 03:39:12,948 - WARNING - ================================================================================
2025-10-23 03:39:12,949 - WARNING - ⚠️  SALTO ANORMAL DETECTADO en iteración 16674
2025-10-23 03:39:12,949 - WARNING -    Fitness actual: 126.3
2025-10-23 03:39:12,949 - WARNING -    Fitness vecino: 103.4
2025-10-23 03:39:12,949 - WARNING -    Delta: -23.0
2025-10-23 03:39:12,949 - WARNING -    Temperatura: 2.55
2025-10-23 03:39:12,950 - WARNING -    Tipo perturbación aplicada: (ver generar_vecino)
2025-10-23 03:39:12,950 - WARNING -    Vecino - Puntos: 15474, Tiempo: 14820.6min, Distancia: 243.4km
2025-10-23 03:39:12,950 - WARNING -    Actual - Puntos: 15747, Tiempo: 14016.8min, Distancia: 170.2km
2025-10-23 03:39:12,950 - WARNING -    Validez restricciones - Vecino: False, Actual: False
2025-10-23 03:39:12,950 - WARNING - ================================================================================
2025-10-23 03:39:12,950 - WARNING - ⚠️  SALTO ANORMAL DETECTADO en iteración 16674
2025-10-23 03:39:12,951 - WARNING -    Fitness: 126.3 → 103.4 (Δ=-23.0)
2025-10-23 03:39:12,951 - WARNING -    Ver detalles en archivo de log
2025-10-23 03:39:13,010 - WARNING - ================================================================================
2025-10-23 03:39:13,010 - WARNING - ⚠️  SALTO ANORMAL DETECTADO en iteración 16675
2025-10-23 03:39:13,010 - WARNING -    Fitness actual: 126.3
2025-10-23 03:39:13,010 - WARNING -    Fitness vecino: 104.2
2025-10-23 03:39:13,011 - WARNING -    Delta: -22.1
2025-10-23 03:39:13,011 - WARNING -    Temperatura: 2.55
2025-10-23 03:39:13,011 - WARNING -    Tipo perturbación aplicada: (ver generar_vecino)
2025-10-23 03:39:13,011 - WARNING -    Vecino - Puntos: 15459, Tiempo: 14777.9min, Distancia: 243.2km
2025-10-23 03:39:13,011 - WARNING -    Actual - Puntos: 15747, Tiempo: 14016.8min, Distancia: 170.2km
2025-10-23 03:39:13,011 - WARNING -    Validez restricciones - Vecino: False, Actual: False
2025-10-23 03:39:13,011 - WARNING - ================================================================================
2025-10-23 03:39:13,011 - WARNING - ⚠️  SALTO ANORMAL DETECTADO en iteración 16675
2025-10-23 03:39:13,012 - WARNING -    Fitness: 126.3 → 104.2 (Δ=-22.1)
2025-10-23 03:39:13,012 - WARNING -    Ver detalles en archivo de log
2025-10-23 03:39:13,069 - WARNING - ================================================================================
2025-10-23 03:39:13,070 - WARNING - ⚠️  SALTO ANORMAL DETECTADO en iteración 16676
2025-10-23 03:39:13,070 - WARNING -    Fitness actual: 126.3
2025-10-23 03:39:13,070 - WARNING -    Fitness vecino: 102.4
2025-10-23 03:39:13,070 - WARNING -    Delta: -24.0
2025-10-23 03:39:13,070 - WARNING -    Temperatura: 2.55
2025-10-23 03:39:13,070 - WARNING -    Tipo perturbación aplicada: (ver generar_vecino)
2025-10-23 03:39:13,071 - WARNING -    Vecino - Puntos: 15474, Tiempo: 14829.7min, Distancia: 244.1km
2025-10-23 03:39:13,071 - WARNING -    Actual - Puntos: 15747, Tiempo: 14016.8min, Distancia: 170.2km
2025-10-23 03:39:13,071 - WARNING -    Validez restricciones - Vecino: False, Actual: False
2025-10-23 03:39:13,071 - WARNING - ================================================================================
2025-10-23 03:39:13,071 - WARNING - ⚠️  SALTO ANORMAL DETECTADO en iteración 16676
2025-10-23 03:39:13,071 - WARNING -    Fitness: 126.3 → 102.4 (Δ=-24.0)
2025-10-23 03:39:13,072 - WARNING -    Ver detalles en archivo de log
2025-10-23 03:39:13,189 - WARNING - ================================================================================
2025-10-23 03:39:13,189 - WARNING - ⚠️  SALTO ANORMAL DETECTADO en iteración 16678
2025-10-23 03:39:13,189 - WARNING -    Fitness actual: 126.3
2025-10-23 03:39:13,189 - WARNING -    Fitness vecino: 103.4
2025-10-23 03:39:13,190 - WARNING -    Delta: -22.9
2025-10-23 03:39:13,190 - WARNING -    Temperatura: 2.55
2025-10-23 03:39:13,190 - WARNING -    Tipo perturbación aplicada: (ver generar_vecino)
2025-10-23 03:39:13,190 - WARNING -    Vecino - Puntos: 15476, Tiempo: 14819.7min, Distancia: 243.3km
2025-10-23 03:39:13,190 - WARNING -    Actual - Puntos: 15747, Tiempo: 14016.8min, Distancia: 170.2km
2025-10-23 03:39:13,190 - WARNING -    Validez restricciones - Vecino: False, Actual: False
2025-10-23 03:39:13,191 - WARNING - ================================================================================
2025-10-23 03:39:13,191 - WARNING - ⚠️  SALTO ANORMAL DETECTADO en iteración 16678
2025-10-23 03:39:13,191 - WARNING -    Fitness: 126.3 → 103.4 (Δ=-22.9)
2025-10-23 03:39:13,191 - WARNING -    Ver detalles en archivo de log
2025-10-23 03:39:13,250 - WARNING - ================================================================================
2025-10-23 03:39:13,250 - WARNING - ⚠️  SALTO ANORMAL DETECTADO en iteración 16679
2025-10-23 03:39:13,250 - WARNING -    Fitness actual: 126.3
2025-10-23 03:39:13,250 - WARNING -    Fitness vecino: 103.4
2025-10-23 03:39:13,250 - WARNING -    Delta: -23.0
2025-10-23 03:39:13,250 - WARNING -    Temperatura: 2.55
2025-10-23 03:39:13,251 - WARNING -    Tipo perturbación aplicada: (ver generar_vecino)
2025-10-23 03:39:13,251 - WARNING -    Vecino - Puntos: 15474, Tiempo: 14824.4min, Distancia: 243.7km
2025-10-23 03:39:13,251 - WARNING -    Actual - Puntos: 15747, Tiempo: 14016.8min, Distancia: 170.2km
2025-10-23 03:39:13,251 - WARNING -    Validez restricciones - Vecino: False, Actual: False
2025-10-23 03:39:13,251 - WARNING - ================================================================================
2025-10-23 03:39:13,252 - WARNING - ⚠️  SALTO ANORMAL DETECTADO en iteración 16679
2025-10-23 03:39:13,252 - WARNING -    Fitness: 126.3 → 103.4 (Δ=-23.0)
2025-10-23 03:39:13,252 - WARNING -    Ver detalles en archivo de log
2025-10-23 03:39:14,469 - DEBUG - Iter 16700: T=2.55, Fitness_actual=119.5, Mejor=137.8
2025-10-23 03:39:20,285 - WARNING - ⚠️  DEGRADACIÓN DETECTADA en iter 16800:
2025-10-23 03:39:20,286 - WARNING -    Mejor fitness: 137.8
2025-10-23 03:39:20,286 - WARNING -    Fitness promedio reciente: 107.0
2025-10-23 03:39:20,286 - WARNING -    Degradación: 30.8
2025-10-23 03:39:20,286 - WARNING -    🔄 RESTAURANDO mejor solución...
2025-10-23 03:39:20,289 - DEBUG - Iter 16800: T=2.55, Fitness_actual=137.8, Mejor=137.8
2025-10-23 03:39:20,289 - INFO - 🌟 MEJORA #151 en iter 16800: Fitness=137.8 (+0.1), Puntos=16004
2025-10-23 03:39:20,406 - INFO - 🌟 MEJORA #152 en iter 16802: Fitness=137.8 (+0.0), Puntos=16004
2025-10-23 03:39:26,120 - DEBUG - Iter 16900: T=2.54, Fitness_actual=124.5, Mejor=137.8
2025-10-23 03:39:31,949 - INFO -   Iter 17000 | Tiempo:   13.8min ( 5.7%) | T =     2.54 | Fitness =    117.3 | Mejor =    137.8 | Aceptación =  83.2%
2025-10-23 03:39:31,950 - INFO - Progreso iter 17000: T=2.54, Fitness=117.3, Mejor=137.8, Tasa_acept=83.2%
2025-10-23 03:39:31,950 - WARNING - ⚠️  DEGRADACIÓN DETECTADA en iter 17000:
2025-10-23 03:39:31,950 - WARNING -    Mejor fitness: 137.8
2025-10-23 03:39:31,950 - WARNING -    Fitness promedio reciente: 117.2
2025-10-23 03:39:31,950 - WARNING -    Degradación: 20.7
2025-10-23 03:39:31,951 - WARNING -    🔄 RESTAURANDO mejor solución...
2025-10-23 03:39:31,953 - DEBUG - Iter 17000: T=2.54, Fitness_actual=137.8, Mejor=137.8
2025-10-23 03:39:37,813 - DEBUG - Iter 17100: T=2.54, Fitness_actual=125.4, Mejor=137.8
2025-10-23 03:39:43,653 - DEBUG - Iter 17200: T=2.54, Fitness_actual=120.8, Mejor=137.8
2025-10-23 03:39:46,590 - WARNING - ⚠️  DEGRADACIÓN DETECTADA en iter 17250:
2025-10-23 03:39:46,590 - WARNING -    Mejor fitness: 137.8
2025-10-23 03:39:46,591 - WARNING -    Fitness promedio reciente: 114.4
2025-10-23 03:39:46,591 - WARNING -    Degradación: 23.4
2025-10-23 03:39:46,591 - WARNING -    🔄 RESTAURANDO mejor solución...
2025-10-23 03:39:49,537 - DEBUG - Iter 17300: T=2.53, Fitness_actual=126.2, Mejor=137.8
2025-10-23 03:39:55,439 - DEBUG - Iter 17400: T=2.53, Fitness_actual=124.8, Mejor=137.8
2025-10-23 03:40:01,281 - INFO -   Iter 17500 | Tiempo:   14.3min ( 5.9%) | T =     2.53 | Fitness =    119.7 | Mejor =    137.8 | Aceptación =  83.0%
2025-10-23 03:40:01,281 - INFO - Progreso iter 17500: T=2.53, Fitness=119.7, Mejor=137.8, Tasa_acept=83.0%
2025-10-23 03:40:01,284 - DEBUG - Iter 17500: T=2.53, Fitness_actual=119.7, Mejor=137.8
2025-10-23 03:40:04,193 - WARNING - ⚠️  DEGRADACIÓN DETECTADA en iter 17550:
2025-10-23 03:40:04,194 - WARNING -    Mejor fitness: 137.8
2025-10-23 03:40:04,194 - WARNING -    Fitness promedio reciente: 117.7
2025-10-23 03:40:04,194 - WARNING -    Degradación: 20.2
2025-10-23 03:40:04,194 - WARNING -    🔄 RESTAURANDO mejor solución...
2025-10-23 03:40:04,432 - INFO - 🌟 MEJORA #153 en iter 17554: Fitness=138.1 (+0.2), Puntos=15998
2025-10-23 03:40:04,551 - INFO - 🌟 MEJORA #154 en iter 17556: Fitness=138.1 (+0.0), Puntos=16003
2025-10-23 03:40:04,610 - INFO - 🌟 MEJORA #155 en iter 17557: Fitness=138.1 (+0.0), Puntos=16003
2025-10-23 03:40:04,611 - INFO -   ✨ Mejora #155 en iteración 17558: Fitness = 138.1 | Puntos = 16003 | T = 2.53
2025-10-23 03:40:07,152 - DEBUG - Iter 17600: T=2.52, Fitness_actual=127.7, Mejor=138.1
2025-10-23 03:40:12,987 - WARNING - ⚠️  DEGRADACIÓN DETECTADA en iter 17700:
2025-10-23 03:40:12,988 - WARNING -    Mejor fitness: 138.1
2025-10-23 03:40:12,988 - WARNING -    Fitness promedio reciente: 112.3
2025-10-23 03:40:12,989 - WARNING -    Degradación: 25.8
2025-10-23 03:40:12,989 - WARNING -    🔄 RESTAURANDO mejor solución...
2025-10-23 03:40:12,992 - DEBUG - Iter 17700: T=2.52, Fitness_actual=138.1, Mejor=138.1
2025-10-23 03:40:13,109 - INFO - 🌟 MEJORA #156 en iter 17702: Fitness=138.1 (+0.0), Puntos=16003
2025-10-23 03:40:18,920 - DEBUG - Iter 17800: T=2.52, Fitness_actual=128.1, Mejor=138.1
2025-10-23 03:40:24,869 - WARNING - ⚠️  DEGRADACIÓN DETECTADA en iter 17900:
2025-10-23 03:40:24,870 - WARNING -    Mejor fitness: 138.1
2025-10-23 03:40:24,870 - WARNING -    Fitness promedio reciente: 117.5
2025-10-23 03:40:24,870 - WARNING -    Degradación: 20.6
2025-10-23 03:40:24,870 - WARNING -    🔄 RESTAURANDO mejor solución...
2025-10-23 03:40:24,873 - DEBUG - Iter 17900: T=2.51, Fitness_actual=138.1, Mejor=138.1
2025-10-23 03:40:30,803 - INFO -   Iter 18000 | Tiempo:   14.7min ( 6.1%) | T =     2.51 | Fitness =    118.2 | Mejor =    138.1 | Aceptación =  82.9%
2025-10-23 03:40:30,803 - INFO - Progreso iter 18000: T=2.51, Fitness=118.2, Mejor=138.1, Tasa_acept=82.9%
2025-10-23 03:40:30,804 - DEBUG - Iter 18000: T=2.51, Fitness_actual=118.2, Mejor=138.1
2025-10-23 03:40:36,700 - DEBUG - Iter 18100: T=2.51, Fitness_actual=119.0, Mejor=138.1
2025-10-23 03:40:42,593 - DEBUG - Iter 18200: T=2.51, Fitness_actual=121.0, Mejor=138.1
2025-10-23 03:40:45,587 - WARNING - ⚠️  DEGRADACIÓN DETECTADA en iter 18250:
2025-10-23 03:40:45,587 - WARNING -    Mejor fitness: 138.1
2025-10-23 03:40:45,587 - WARNING -    Fitness promedio reciente: 113.3
2025-10-23 03:40:45,587 - WARNING -    Degradación: 24.8
2025-10-23 03:40:45,588 - WARNING -    🔄 RESTAURANDO mejor solución...
2025-10-23 03:40:46,191 - INFO - 🌟 MEJORA #157 en iter 18260: Fitness=138.6 (+0.5), Puntos=15998
2025-10-23 03:40:48,557 - DEBUG - Iter 18300: T=2.50, Fitness_actual=123.1, Mejor=138.6
2025-10-23 03:40:54,525 - DEBUG - Iter 18400: T=2.50, Fitness_actual=117.1, Mejor=138.6
2025-10-23 03:40:57,577 - WARNING - ⚠️  DEGRADACIÓN DETECTADA en iter 18450:
2025-10-23 03:40:57,577 - WARNING -    Mejor fitness: 138.6
2025-10-23 03:40:57,578 - WARNING -    Fitness promedio reciente: 111.6
2025-10-23 03:40:57,578 - WARNING -    Degradación: 26.9
2025-10-23 03:40:57,578 - WARNING -    🔄 RESTAURANDO mejor solución...
2025-10-23 03:41:00,607 - INFO -   Iter 18500 | Tiempo:   15.2min ( 6.3%) | T =     2.50 | Fitness =    116.3 | Mejor =    138.6 | Aceptación =  82.8%
2025-10-23 03:41:00,607 - INFO - Progreso iter 18500: T=2.50, Fitness=116.3, Mejor=138.6, Tasa_acept=82.8%
2025-10-23 03:41:00,608 - DEBUG - Iter 18500: T=2.50, Fitness_actual=116.3, Mejor=138.6
2025-10-23 03:41:03,627 - WARNING - ⚠️  DEGRADACIÓN DETECTADA en iter 18550:
2025-10-23 03:41:03,627 - WARNING -    Mejor fitness: 138.6
2025-10-23 03:41:03,627 - WARNING -    Fitness promedio reciente: 118.3
2025-10-23 03:41:03,627 - WARNING -    Degradación: 20.3
2025-10-23 03:41:03,627 - WARNING -    🔄 RESTAURANDO mejor solución...
2025-10-23 03:41:03,629 - INFO - 🌟 MEJORA #158 en iter 18550: Fitness=138.7 (+0.1), Puntos=16011
2025-10-23 03:41:06,586 - DEBUG - Iter 18600: T=2.49, Fitness_actual=121.4, Mejor=138.7
2025-10-23 03:41:12,489 - WARNING - ⚠️  DEGRADACIÓN DETECTADA en iter 18700:
2025-10-23 03:41:12,489 - WARNING -    Mejor fitness: 138.7
2025-10-23 03:41:12,489 - WARNING -    Fitness promedio reciente: 117.5
2025-10-23 03:41:12,489 - WARNING -    Degradación: 21.2
2025-10-23 03:41:12,490 - WARNING -    🔄 RESTAURANDO mejor solución...
2025-10-23 03:41:12,491 - DEBUG - Iter 18700: T=2.49, Fitness_actual=138.7, Mejor=138.7
2025-10-23 03:41:12,491 - INFO - 🌟 MEJORA #159 en iter 18700: Fitness=138.7 (+0.0), Puntos=16011
2025-10-23 03:41:12,551 - INFO - 🌟 MEJORA #160 en iter 18701: Fitness=138.7 (+0.0), Puntos=16011
2025-10-23 03:41:12,551 - INFO -   ✨ Mejora #160 en iteración 18702: Fitness = 138.7 | Puntos = 16011 | T = 2.49
2025-10-23 03:41:18,476 - DEBUG - Iter 18800: T=2.49, Fitness_actual=116.4, Mejor=138.7
2025-10-23 03:41:24,434 - DEBUG - Iter 18900: T=2.49, Fitness_actual=122.2, Mejor=138.7
2025-10-23 03:41:30,456 - INFO -   Iter 19000 | Tiempo:   15.7min ( 6.6%) | T =     2.48 | Fitness =    114.9 | Mejor =    138.7 | Aceptación =  82.8%
2025-10-23 03:41:30,456 - INFO - Progreso iter 19000: T=2.48, Fitness=114.9, Mejor=138.7, Tasa_acept=82.8%
2025-10-23 03:41:30,457 - WARNING - ⚠️  DEGRADACIÓN DETECTADA en iter 19000:
2025-10-23 03:41:30,457 - WARNING -    Mejor fitness: 138.7
2025-10-23 03:41:30,457 - WARNING -    Fitness promedio reciente: 117.6
2025-10-23 03:41:30,457 - WARNING -    Degradación: 21.1
2025-10-23 03:41:30,457 - WARNING -    🔄 RESTAURANDO mejor solución...
2025-10-23 03:41:30,458 - DEBUG - Iter 19000: T=2.48, Fitness_actual=138.7, Mejor=138.7
2025-10-23 03:41:36,475 - DEBUG - Iter 19100: T=2.48, Fitness_actual=121.5, Mejor=138.7
2025-10-23 03:41:39,534 - WARNING - ⚠️  DEGRADACIÓN DETECTADA en iter 19150:
2025-10-23 03:41:39,534 - WARNING -    Mejor fitness: 138.7
2025-10-23 03:41:39,534 - WARNING -    Fitness promedio reciente: 117.2
2025-10-23 03:41:39,534 - WARNING -    Degradación: 21.5
2025-10-23 03:41:39,534 - WARNING -    🔄 RESTAURANDO mejor solución...
2025-10-23 03:41:42,602 - DEBUG - Iter 19200: T=2.48, Fitness_actual=126.4, Mejor=138.7
2025-10-23 03:41:48,821 - DEBUG - Iter 19300: T=2.47, Fitness_actual=119.8, Mejor=138.7
2025-10-23 03:41:51,901 - WARNING - ⚠️  DEGRADACIÓN DETECTADA en iter 19350:
2025-10-23 03:41:51,901 - WARNING -    Mejor fitness: 138.7
2025-10-23 03:41:51,901 - WARNING -    Fitness promedio reciente: 114.3
2025-10-23 03:41:51,902 - WARNING -    Degradación: 24.4
2025-10-23 03:41:51,902 - WARNING -    🔄 RESTAURANDO mejor solución...
2025-10-23 03:41:55,036 - DEBUG - Iter 19400: T=2.47, Fitness_actual=129.2, Mejor=138.7
2025-10-23 03:42:01,211 - INFO -   Iter 19500 | Tiempo:   16.2min ( 6.8%) | T =     2.47 | Fitness =    108.1 | Mejor =    138.7 | Aceptación =  82.7%
2025-10-23 03:42:01,211 - INFO - Progreso iter 19500: T=2.47, Fitness=108.1, Mejor=138.7, Tasa_acept=82.7%
2025-10-23 03:42:01,211 - WARNING - ⚠️  DEGRADACIÓN DETECTADA en iter 19500:
2025-10-23 03:42:01,211 - WARNING -    Mejor fitness: 138.7
2025-10-23 03:42:01,211 - WARNING -    Fitness promedio reciente: 115.4
2025-10-23 03:42:01,211 - WARNING -    Degradación: 23.3
2025-10-23 03:42:01,211 - WARNING -    🔄 RESTAURANDO mejor solución...
2025-10-23 03:42:01,213 - DEBUG - Iter 19500: T=2.47, Fitness_actual=138.7, Mejor=138.7
2025-10-23 03:42:01,336 - INFO - 🌟 MEJORA #161 en iter 19502: Fitness=138.7 (+0.0), Puntos=16011
2025-10-23 03:42:01,518 - INFO - 🌟 MEJORA #162 en iter 19505: Fitness=138.7 (+0.0), Puntos=16015
2025-10-23 03:42:01,702 - INFO - 🌟 MEJORA #163 en iter 19508: Fitness=138.8 (+0.0), Puntos=16018
2025-10-23 03:42:07,354 - DEBUG - Iter 19600: T=2.46, Fitness_actual=124.5, Mejor=138.8
2025-10-23 03:42:13,616 - DEBUG - Iter 19700: T=2.46, Fitness_actual=118.6, Mejor=138.8
2025-10-23 03:42:16,744 - WARNING - ⚠️  DEGRADACIÓN DETECTADA en iter 19750:
2025-10-23 03:42:16,744 - WARNING -    Mejor fitness: 138.8
2025-10-23 03:42:16,744 - WARNING -    Fitness promedio reciente: 115.7
2025-10-23 03:42:16,744 - WARNING -    Degradación: 23.1
2025-10-23 03:42:16,745 - WARNING -    🔄 RESTAURANDO mejor solución...
2025-10-23 03:42:16,871 - INFO - 🌟 MEJORA #164 en iter 19752: Fitness=138.8 (+0.0), Puntos=16018
2025-10-23 03:42:19,842 - DEBUG - Iter 19800: T=2.46, Fitness_actual=120.8, Mejor=138.8
2025-10-23 03:42:26,083 - WARNING - ⚠️  DEGRADACIÓN DETECTADA en iter 19900:
2025-10-23 03:42:26,084 - WARNING -    Mejor fitness: 138.8
2025-10-23 03:42:26,084 - WARNING -    Fitness promedio reciente: 113.5
2025-10-23 03:42:26,084 - WARNING -    Degradación: 25.2
2025-10-23 03:42:26,084 - WARNING -    🔄 RESTAURANDO mejor solución...
2025-10-23 03:42:26,085 - DEBUG - Iter 19900: T=2.45, Fitness_actual=138.8, Mejor=138.8
2025-10-23 03:42:26,085 - INFO - 🌟 MEJORA #165 en iter 19900: Fitness=138.8 (+0.0), Puntos=16018
2025-10-23 03:42:26,086 - INFO -   ✨ Mejora #165 en iteración 19901: Fitness = 138.8 | Puntos = 16018 | T = 2.45
2025-10-23 03:42:32,322 - INFO -   Iter 20000 | Tiempo:   16.8min ( 7.0%) | T =     2.45 | Fitness =    126.7 | Mejor =    138.8 | Aceptación =  82.6%
2025-10-23 03:42:32,322 - INFO - Progreso iter 20000: T=2.45, Fitness=126.7, Mejor=138.8, Tasa_acept=82.6%
2025-10-23 03:42:32,325 - DEBUG - Iter 20000: T=2.45, Fitness_actual=126.7, Mejor=138.8
2025-10-23 03:42:38,614 - DEBUG - Iter 20100: T=2.45, Fitness_actual=118.6, Mejor=138.8
2025-10-23 03:42:41,753 - WARNING - ⚠️  DEGRADACIÓN DETECTADA en iter 20150:
2025-10-23 03:42:41,753 - WARNING -    Mejor fitness: 138.8
2025-10-23 03:42:41,753 - WARNING -    Fitness promedio reciente: 114.8
2025-10-23 03:42:41,753 - WARNING -    Degradación: 23.9
2025-10-23 03:42:41,754 - WARNING -    🔄 RESTAURANDO mejor solución...
2025-10-23 03:42:44,857 - DEBUG - Iter 20200: T=2.45, Fitness_actual=131.3, Mejor=138.8
2025-10-23 03:42:51,122 - WARNING - ⚠️  DEGRADACIÓN DETECTADA en iter 20300:
2025-10-23 03:42:51,122 - WARNING -    Mejor fitness: 138.8
2025-10-23 03:42:51,123 - WARNING -    Fitness promedio reciente: 110.1
2025-10-23 03:42:51,123 - WARNING -    Degradación: 28.6
2025-10-23 03:42:51,123 - WARNING -    🔄 RESTAURANDO mejor solución...
2025-10-23 03:42:51,124 - DEBUG - Iter 20300: T=2.44, Fitness_actual=138.8, Mejor=138.8
2025-10-23 03:42:57,330 - DEBUG - Iter 20400: T=2.44, Fitness_actual=118.6, Mejor=138.8
2025-10-23 03:43:00,459 - WARNING - ⚠️  DEGRADACIÓN DETECTADA en iter 20450:
2025-10-23 03:43:00,459 - WARNING -    Mejor fitness: 138.8
2025-10-23 03:43:00,459 - WARNING -    Fitness promedio reciente: 115.7
2025-10-23 03:43:00,459 - WARNING -    Degradación: 23.1
2025-10-23 03:43:00,459 - WARNING -    🔄 RESTAURANDO mejor solución...
2025-10-23 03:43:03,378 - INFO -   Iter 20500 | Tiempo:   17.3min ( 7.2%) | T =     2.44 | Fitness =    136.1 | Mejor =    138.8 | Aceptación =  82.4%
2025-10-23 03:43:03,378 - INFO - Progreso iter 20500: T=2.44, Fitness=136.1, Mejor=138.8, Tasa_acept=82.4%
2025-10-23 03:43:03,379 - DEBUG - Iter 20500: T=2.44, Fitness_actual=136.1, Mejor=138.8
2025-10-23 03:43:09,265 - DEBUG - Iter 20600: T=2.43, Fitness_actual=123.1, Mejor=138.8
2025-10-23 03:43:15,178 - WARNING - ⚠️  DEGRADACIÓN DETECTADA en iter 20700:
2025-10-23 03:43:15,178 - WARNING -    Mejor fitness: 138.8
2025-10-23 03:43:15,178 - WARNING -    Fitness promedio reciente: 117.8
2025-10-23 03:43:15,178 - WARNING -    Degradación: 21.0
2025-10-23 03:43:15,179 - WARNING -    🔄 RESTAURANDO mejor solución...
2025-10-23 03:43:15,181 - DEBUG - Iter 20700: T=2.43, Fitness_actual=138.8, Mejor=138.8
2025-10-23 03:43:21,029 - WARNING - ⚠️  DEGRADACIÓN DETECTADA en iter 20800:
2025-10-23 03:43:21,029 - WARNING -    Mejor fitness: 138.8
2025-10-23 03:43:21,030 - WARNING -    Fitness promedio reciente: 117.8
2025-10-23 03:43:21,030 - WARNING -    Degradación: 20.9
2025-10-23 03:43:21,030 - WARNING -    🔄 RESTAURANDO mejor solución...
2025-10-23 03:43:21,031 - DEBUG - Iter 20800: T=2.43, Fitness_actual=138.8, Mejor=138.8
2025-10-23 03:43:26,944 - DEBUG - Iter 20900: T=2.43, Fitness_actual=128.5, Mejor=138.8
2025-10-23 03:43:32,909 - INFO -   Iter 21000 | Tiempo:   17.8min ( 7.4%) | T =     2.42 | Fitness =    119.3 | Mejor =    138.8 | Aceptación =  82.3%
2025-10-23 03:43:32,909 - INFO - Progreso iter 21000: T=2.42, Fitness=119.3, Mejor=138.8, Tasa_acept=82.3%
2025-10-23 03:43:32,913 - DEBUG - Iter 21000: T=2.42, Fitness_actual=119.3, Mejor=138.8
2025-10-23 03:43:35,891 - WARNING - ⚠️  DEGRADACIÓN DETECTADA en iter 21050:
2025-10-23 03:43:35,892 - WARNING -    Mejor fitness: 138.8
2025-10-23 03:43:35,892 - WARNING -    Fitness promedio reciente: 117.2
2025-10-23 03:43:35,892 - WARNING -    Degradación: 21.6
2025-10-23 03:43:35,892 - WARNING -    🔄 RESTAURANDO mejor solución...
2025-10-23 03:43:35,952 - INFO - 🌟 MEJORA #166 en iter 21051: Fitness=138.8 (+0.0), Puntos=16018
2025-10-23 03:43:36,010 - INFO - 🌟 MEJORA #167 en iter 21052: Fitness=138.8 (+0.0), Puntos=16020
2025-10-23 03:43:36,127 - INFO - 🌟 MEJORA #168 en iter 21054: Fitness=138.8 (+0.0), Puntos=16020
2025-10-23 03:43:36,532 - INFO - 🌟 MEJORA #169 en iter 21061: Fitness=138.8 (+0.1), Puntos=16025
2025-10-23 03:43:38,838 - DEBUG - Iter 21100: T=2.42, Fitness_actual=133.8, Mejor=138.8
2025-10-23 03:43:44,770 - DEBUG - Iter 21200: T=2.42, Fitness_actual=118.2, Mejor=138.8
2025-10-23 03:43:47,736 - WARNING - ⚠️  DEGRADACIÓN DETECTADA en iter 21250:
2025-10-23 03:43:47,736 - WARNING -    Mejor fitness: 138.8
2025-10-23 03:43:47,737 - WARNING -    Fitness promedio reciente: 112.7
2025-10-23 03:43:47,737 - WARNING -    Degradación: 26.1
2025-10-23 03:43:47,737 - WARNING -    🔄 RESTAURANDO mejor solución...
2025-10-23 03:43:47,853 - INFO - 🌟 MEJORA #170 en iter 21252: Fitness=139.8 (+1.0), Puntos=16025
2025-10-23 03:43:47,854 - INFO -   ✨ Mejora #170 en iteración 21253: Fitness = 139.8 | Puntos = 16025 | T = 2.41
2025-10-23 03:43:47,911 - INFO - 🌟 MEJORA #171 en iter 21253: Fitness=139.8 (+0.0), Puntos=16025
2025-10-23 03:43:50,712 - DEBUG - Iter 21300: T=2.41, Fitness_actual=127.2, Mejor=139.8
2025-10-23 03:43:56,636 - WARNING - ⚠️  DEGRADACIÓN DETECTADA en iter 21400:
2025-10-23 03:43:56,636 - WARNING -    Mejor fitness: 139.8
2025-10-23 03:43:56,636 - WARNING -    Fitness promedio reciente: 116.8
2025-10-23 03:43:56,636 - WARNING -    Degradación: 23.0
2025-10-23 03:43:56,637 - WARNING -    🔄 RESTAURANDO mejor solución...
2025-10-23 03:43:56,638 - DEBUG - Iter 21400: T=2.41, Fitness_actual=139.8, Mejor=139.8
2025-10-23 03:44:02,592 - INFO -   Iter 21500 | Tiempo:   18.3min ( 7.6%) | T =     2.41 | Fitness =    123.4 | Mejor =    139.8 | Aceptación =  82.2%
2025-10-23 03:44:02,592 - INFO - Progreso iter 21500: T=2.41, Fitness=123.4, Mejor=139.8, Tasa_acept=82.2%
2025-10-23 03:44:02,595 - DEBUG - Iter 21500: T=2.41, Fitness_actual=123.4, Mejor=139.8
2025-10-23 03:44:08,550 - WARNING - ⚠️  DEGRADACIÓN DETECTADA en iter 21600:
2025-10-23 03:44:08,550 - WARNING -    Mejor fitness: 139.8
2025-10-23 03:44:08,551 - WARNING -    Fitness promedio reciente: 118.0
2025-10-23 03:44:08,551 - WARNING -    Degradación: 21.8
2025-10-23 03:44:08,551 - WARNING -    🔄 RESTAURANDO mejor solución...
2025-10-23 03:44:08,553 - DEBUG - Iter 21600: T=2.41, Fitness_actual=139.8, Mejor=139.8
2025-10-23 03:44:14,527 - DEBUG - Iter 21700: T=2.40, Fitness_actual=128.9, Mejor=139.8
2025-10-23 03:44:20,528 - WARNING - ⚠️  DEGRADACIÓN DETECTADA en iter 21800:
2025-10-23 03:44:20,528 - WARNING -    Mejor fitness: 139.8
2025-10-23 03:44:20,528 - WARNING -    Fitness promedio reciente: 118.7
2025-10-23 03:44:20,528 - WARNING -    Degradación: 21.2
2025-10-23 03:44:20,529 - WARNING -    🔄 RESTAURANDO mejor solución...
2025-10-23 03:44:20,530 - DEBUG - Iter 21800: T=2.40, Fitness_actual=139.8, Mejor=139.8
2025-10-23 03:44:26,535 - DEBUG - Iter 21900: T=2.40, Fitness_actual=117.7, Mejor=139.8
2025-10-23 03:44:32,579 - INFO -   Iter 22000 | Tiempo:   18.8min ( 7.8%) | T =     2.39 | Fitness =    117.4 | Mejor =    139.8 | Aceptación =  82.1%
2025-10-23 03:44:32,579 - INFO - Progreso iter 22000: T=2.39, Fitness=117.4, Mejor=139.8, Tasa_acept=82.1%
2025-10-23 03:44:32,579 - WARNING - ⚠️  DEGRADACIÓN DETECTADA en iter 22000:
2025-10-23 03:44:32,579 - WARNING -    Mejor fitness: 139.8
2025-10-23 03:44:32,580 - WARNING -    Fitness promedio reciente: 119.3
2025-10-23 03:44:32,580 - WARNING -    Degradación: 20.6
2025-10-23 03:44:32,580 - WARNING -    🔄 RESTAURANDO mejor solución...
2025-10-23 03:44:32,581 - DEBUG - Iter 22000: T=2.39, Fitness_actual=139.8, Mejor=139.8
2025-10-23 03:44:33,118 - INFO - Iter 22009: Aceptada solución con delta=-10.4 (T=2.39)
2025-10-23 03:44:33,118 - INFO -   📊 Desglose del cambio:
2025-10-23 03:44:33,118 - INFO -      Puntos: -793 → 15216 total
2025-10-23 03:44:33,118 - INFO -      Tiempo: -216.3min → 13538.0min total
2025-10-23 03:44:33,118 - INFO -      Distancia: -6.2km → 128.8km total
2025-10-23 03:44:38,547 - WARNING - ⚠️  DEGRADACIÓN DETECTADA en iter 22100:
2025-10-23 03:44:38,547 - WARNING -    Mejor fitness: 139.8
2025-10-23 03:44:38,547 - WARNING -    Fitness promedio reciente: 118.8
2025-10-23 03:44:38,547 - WARNING -    Degradación: 21.0
2025-10-23 03:44:38,547 - WARNING -    🔄 RESTAURANDO mejor solución...
2025-10-23 03:44:38,548 - DEBUG - Iter 22100: T=2.39, Fitness_actual=139.8, Mejor=139.8
2025-10-23 03:44:38,549 - INFO - 🌟 MEJORA #172 en iter 22100: Fitness=139.8 (+0.0), Puntos=16025
2025-10-23 03:44:38,732 - INFO - 🌟 MEJORA #173 en iter 22103: Fitness=139.8 (+0.0), Puntos=16025
2025-10-23 03:44:38,792 - INFO - 🌟 MEJORA #174 en iter 22104: Fitness=139.8 (+0.0), Puntos=16025
2025-10-23 03:44:44,605 - DEBUG - Iter 22200: T=2.39, Fitness_actual=113.3, Mejor=139.8
2025-10-23 03:44:47,597 - WARNING - ⚠️  DEGRADACIÓN DETECTADA en iter 22250:
2025-10-23 03:44:47,597 - WARNING -    Mejor fitness: 139.8
2025-10-23 03:44:47,597 - WARNING -    Fitness promedio reciente: 116.5
2025-10-23 03:44:47,597 - WARNING -    Degradación: 23.3
2025-10-23 03:44:47,598 - WARNING -    🔄 RESTAURANDO mejor solución...
2025-10-23 03:44:47,779 - INFO - 🌟 MEJORA #175 en iter 22253: Fitness=139.9 (+0.0), Puntos=16025
2025-10-23 03:44:47,779 - INFO -   ✨ Mejora #175 en iteración 22254: Fitness = 139.9 | Puntos = 16025 | T = 2.39
2025-10-23 03:44:50,590 - DEBUG - Iter 22300: T=2.38, Fitness_actual=126.1, Mejor=139.9
2025-10-23 03:44:56,560 - WARNING - ⚠️  DEGRADACIÓN DETECTADA en iter 22400:
2025-10-23 03:44:56,560 - WARNING -    Mejor fitness: 139.9
2025-10-23 03:44:56,560 - WARNING -    Fitness promedio reciente: 119.8
2025-10-23 03:44:56,560 - WARNING -    Degradación: 20.0
2025-10-23 03:44:56,560 - WARNING -    🔄 RESTAURANDO mejor solución...
2025-10-23 03:44:56,561 - DEBUG - Iter 22400: T=2.38, Fitness_actual=139.9, Mejor=139.9
2025-10-23 03:44:56,621 - INFO - 🌟 MEJORA #176 en iter 22401: Fitness=139.9 (+0.0), Puntos=16026
2025-10-23 03:44:56,740 - INFO - 🌟 MEJORA #177 en iter 22403: Fitness=139.9 (+0.0), Puntos=16026
2025-10-23 03:44:56,919 - INFO - 🌟 MEJORA #178 en iter 22406: Fitness=139.9 (+0.0), Puntos=16026
2025-10-23 03:44:56,980 - INFO - 🌟 MEJORA #179 en iter 22407: Fitness=139.9 (+0.0), Puntos=16027
2025-10-23 03:45:02,549 - INFO -   Iter 22500 | Tiempo:   19.3min ( 8.0%) | T =     2.38 | Fitness =    126.1 | Mejor =    139.9 | Aceptación =  82.1%
2025-10-23 03:45:02,549 - INFO - Progreso iter 22500: T=2.38, Fitness=126.1, Mejor=139.9, Tasa_acept=82.1%
2025-10-23 03:45:02,551 - DEBUG - Iter 22500: T=2.38, Fitness_actual=126.1, Mejor=139.9
2025-10-23 03:45:08,585 - WARNING - ⚠️  DEGRADACIÓN DETECTADA en iter 22600:
2025-10-23 03:45:08,585 - WARNING -    Mejor fitness: 139.9
2025-10-23 03:45:08,585 - WARNING -    Fitness promedio reciente: 118.3
2025-10-23 03:45:08,586 - WARNING -    Degradación: 21.6
2025-10-23 03:45:08,586 - WARNING -    🔄 RESTAURANDO mejor solución...
2025-10-23 03:45:08,587 - DEBUG - Iter 22600: T=2.38, Fitness_actual=139.9, Mejor=139.9
2025-10-23 03:45:14,675 - DEBUG - Iter 22700: T=2.37, Fitness_actual=123.9, Mejor=139.9
2025-10-23 03:45:20,785 - DEBUG - Iter 22800: T=2.37, Fitness_actual=124.3, Mejor=139.9
2025-10-23 03:45:26,921 - DEBUG - Iter 22900: T=2.37, Fitness_actual=116.7, Mejor=139.9
2025-10-23 03:45:30,005 - WARNING - ⚠️  DEGRADACIÓN DETECTADA en iter 22950:
2025-10-23 03:45:30,005 - WARNING -    Mejor fitness: 139.9
2025-10-23 03:45:30,005 - WARNING -    Fitness promedio reciente: 110.4
2025-10-23 03:45:30,005 - WARNING -    Degradación: 29.5
2025-10-23 03:45:30,005 - WARNING -    🔄 RESTAURANDO mejor solución...
2025-10-23 03:45:33,029 - INFO -   Iter 23000 | Tiempo:   19.8min ( 8.2%) | T =     2.36 | Fitness =    130.8 | Mejor =    139.9 | Aceptación =  82.0%
2025-10-23 03:45:33,030 - INFO - Progreso iter 23000: T=2.36, Fitness=130.8, Mejor=139.9, Tasa_acept=82.0%
2025-10-23 03:45:33,038 - DEBUG - Iter 23000: T=2.36, Fitness_actual=130.8, Mejor=139.9
2025-10-23 03:45:39,109 - DEBUG - Iter 23100: T=2.36, Fitness_actual=117.3, Mejor=139.9
2025-10-23 03:45:42,142 - WARNING - ⚠️  DEGRADACIÓN DETECTADA en iter 23150:
2025-10-23 03:45:42,142 - WARNING -    Mejor fitness: 139.9
2025-10-23 03:45:42,142 - WARNING -    Fitness promedio reciente: 115.9
2025-10-23 03:45:42,142 - WARNING -    Degradación: 24.0
2025-10-23 03:45:42,142 - WARNING -    🔄 RESTAURANDO mejor solución...
2025-10-23 03:45:45,184 - DEBUG - Iter 23200: T=2.36, Fitness_actual=137.6, Mejor=139.9
2025-10-23 03:45:51,303 - DEBUG - Iter 23300: T=2.36, Fitness_actual=132.1, Mejor=139.9
2025-10-23 03:45:57,531 - DEBUG - Iter 23400: T=2.35, Fitness_actual=125.6, Mejor=139.9
2025-10-23 03:46:03,769 - INFO -   Iter 23500 | Tiempo:   20.3min ( 8.5%) | T =     2.35 | Fitness =    115.7 | Mejor =    139.9 | Aceptación =  81.9%
2025-10-23 03:46:03,769 - INFO - Progreso iter 23500: T=2.35, Fitness=115.7, Mejor=139.9, Tasa_acept=81.9%
2025-10-23 03:46:03,769 - WARNING - ⚠️  DEGRADACIÓN DETECTADA en iter 23500:
2025-10-23 03:46:03,769 - WARNING -    Mejor fitness: 139.9
2025-10-23 03:46:03,770 - WARNING -    Fitness promedio reciente: 119.6
2025-10-23 03:46:03,770 - WARNING -    Degradación: 20.3
2025-10-23 03:46:03,770 - WARNING -    🔄 RESTAURANDO mejor solución...
2025-10-23 03:46:03,771 - DEBUG - Iter 23500: T=2.35, Fitness_actual=139.9, Mejor=139.9
2025-10-23 03:46:03,831 - INFO - 🌟 MEJORA #180 en iter 23501: Fitness=139.9 (+0.0), Puntos=16027
2025-10-23 03:46:03,831 - INFO -   ✨ Mejora #180 en iteración 23502: Fitness = 139.9 | Puntos = 16027 | T = 2.35
2025-10-23 03:46:09,873 - DEBUG - Iter 23600: T=2.35, Fitness_actual=129.0, Mejor=139.9
2025-10-23 03:46:15,986 - WARNING - ⚠️  DEGRADACIÓN DETECTADA en iter 23700:
2025-10-23 03:46:15,986 - WARNING -    Mejor fitness: 139.9
2025-10-23 03:46:15,986 - WARNING -    Fitness promedio reciente: 119.1
2025-10-23 03:46:15,986 - WARNING -    Degradación: 20.8
2025-10-23 03:46:15,986 - WARNING -    🔄 RESTAURANDO mejor solución...
2025-10-23 03:46:15,988 - DEBUG - Iter 23700: T=2.34, Fitness_actual=139.9, Mejor=139.9
2025-10-23 03:46:15,988 - INFO - 🌟 MEJORA #181 en iter 23700: Fitness=139.9 (+0.0), Puntos=16027
2025-10-23 03:46:16,050 - INFO - 🌟 MEJORA #182 en iter 23701: Fitness=139.9 (+0.0), Puntos=16027
2025-10-23 03:46:16,292 - INFO - 🌟 MEJORA #183 en iter 23705: Fitness=139.9 (+0.0), Puntos=16027
2025-10-23 03:46:16,353 - INFO - 🌟 MEJORA #184 en iter 23706: Fitness=139.9 (+0.0), Puntos=16028
2025-10-23 03:46:16,475 - INFO - 🌟 MEJORA #185 en iter 23708: Fitness=139.9 (+0.0), Puntos=16028
2025-10-23 03:46:16,476 - INFO -   ✨ Mejora #185 en iteración 23709: Fitness = 139.9 | Puntos = 16028 | T = 2.34
2025-10-23 03:46:16,904 - INFO - 🌟 MEJORA #186 en iter 23715: Fitness=139.9 (+0.1), Puntos=16033
2025-10-23 03:46:16,965 - INFO - 🌟 MEJORA #187 en iter 23716: Fitness=140.0 (+0.1), Puntos=16073
2025-10-23 03:46:22,111 - DEBUG - Iter 23800: T=2.34, Fitness_actual=129.7, Mejor=140.0
2025-10-23 03:46:28,358 - WARNING - ⚠️  DEGRADACIÓN DETECTADA en iter 23900:
2025-10-23 03:46:28,358 - WARNING -    Mejor fitness: 140.0
2025-10-23 03:46:28,358 - WARNING -    Fitness promedio reciente: 109.2
2025-10-23 03:46:28,358 - WARNING -    Degradación: 30.8
2025-10-23 03:46:28,359 - WARNING -    🔄 RESTAURANDO mejor solución...
2025-10-23 03:46:28,360 - DEBUG - Iter 23900: T=2.34, Fitness_actual=140.0, Mejor=140.0
2025-10-23 03:46:28,422 - INFO - 🌟 MEJORA #188 en iter 23901: Fitness=140.0 (+0.0), Puntos=16073
2025-10-23 03:46:28,486 - INFO - 🌟 MEJORA #189 en iter 23902: Fitness=140.0 (+0.0), Puntos=16073
2025-10-23 03:46:28,549 - INFO - 🌟 MEJORA #190 en iter 23903: Fitness=140.1 (+0.1), Puntos=16084
2025-10-23 03:46:28,550 - INFO -   ✨ Mejora #190 en iteración 23904: Fitness = 140.1 | Puntos = 16084 | T = 2.34
2025-10-23 03:46:34,642 - INFO -   Iter 24000 | Tiempo:   20.8min ( 8.7%) | T =     2.34 | Fitness =    125.0 | Mejor =    140.1 | Aceptación =  81.8%
2025-10-23 03:46:34,642 - INFO - Progreso iter 24000: T=2.34, Fitness=125.0, Mejor=140.1, Tasa_acept=81.8%
2025-10-23 03:46:34,645 - DEBUG - Iter 24000: T=2.34, Fitness_actual=125.0, Mejor=140.1
2025-10-23 03:46:40,989 - DEBUG - Iter 24100: T=2.33, Fitness_actual=117.9, Mejor=140.1
2025-10-23 03:46:44,143 - WARNING - ⚠️  DEGRADACIÓN DETECTADA en iter 24150:
2025-10-23 03:46:44,143 - WARNING -    Mejor fitness: 140.1
2025-10-23 03:46:44,144 - WARNING -    Fitness promedio reciente: 114.4
2025-10-23 03:46:44,144 - WARNING -    Degradación: 25.7
2025-10-23 03:46:44,144 - WARNING -    🔄 RESTAURANDO mejor solución...
2025-10-23 03:46:47,290 - DEBUG - Iter 24200: T=2.33, Fitness_actual=129.6, Mejor=140.1
2025-10-23 03:46:53,668 - DEBUG - Iter 24300: T=2.33, Fitness_actual=123.3, Mejor=140.1
2025-10-23 03:46:56,883 - WARNING - ⚠️  DEGRADACIÓN DETECTADA en iter 24350:
2025-10-23 03:46:56,883 - WARNING -    Mejor fitness: 140.1
2025-10-23 03:46:56,883 - WARNING -    Fitness promedio reciente: 111.3
2025-10-23 03:46:56,883 - WARNING -    Degradación: 28.8
2025-10-23 03:46:56,884 - WARNING -    🔄 RESTAURANDO mejor solución...
2025-10-23 03:47:00,061 - DEBUG - Iter 24400: T=2.32, Fitness_actual=133.2, Mejor=140.1
2025-10-23 03:47:06,467 - INFO -   Iter 24500 | Tiempo:   21.3min ( 8.9%) | T =     2.32 | Fitness =    123.8 | Mejor =    140.1 | Aceptación =  81.7%
2025-10-23 03:47:06,467 - INFO - Progreso iter 24500: T=2.32, Fitness=123.8, Mejor=140.1, Tasa_acept=81.7%
2025-10-23 03:47:06,471 - DEBUG - Iter 24500: T=2.32, Fitness_actual=123.8, Mejor=140.1
2025-10-23 03:47:13,005 - WARNING - ⚠️  DEGRADACIÓN DETECTADA en iter 24600:
2025-10-23 03:47:13,005 - WARNING -    Mejor fitness: 140.1
2025-10-23 03:47:13,005 - WARNING -    Fitness promedio reciente: 115.3
2025-10-23 03:47:13,005 - WARNING -    Degradación: 24.8
2025-10-23 03:47:13,005 - WARNING -    🔄 RESTAURANDO mejor solución...
2025-10-23 03:47:13,007 - DEBUG - Iter 24600: T=2.32, Fitness_actual=140.1, Mejor=140.1
2025-10-23 03:47:19,484 - DEBUG - Iter 24700: T=2.32, Fitness_actual=131.3, Mejor=140.1
2025-10-23 03:47:25,961 - DEBUG - Iter 24800: T=2.31, Fitness_actual=122.5, Mejor=140.1
2025-10-23 03:47:29,178 - WARNING - ⚠️  DEGRADACIÓN DETECTADA en iter 24850:
2025-10-23 03:47:29,179 - WARNING -    Mejor fitness: 140.1
2025-10-23 03:47:29,179 - WARNING -    Fitness promedio reciente: 112.9
2025-10-23 03:47:29,179 - WARNING -    Degradación: 27.3
2025-10-23 03:47:29,179 - WARNING -    🔄 RESTAURANDO mejor solución...
2025-10-23 03:47:32,358 - DEBUG - Iter 24900: T=2.31, Fitness_actual=131.9, Mejor=140.1
2025-10-23 03:47:38,774 - INFO -   Iter 25000 | Tiempo:   21.9min ( 9.1%) | T =     2.31 | Fitness =    111.6 | Mejor =    140.1 | Aceptación =  81.7%
2025-10-23 03:47:38,774 - INFO - Progreso iter 25000: T=2.31, Fitness=111.6, Mejor=140.1, Tasa_acept=81.7%
2025-10-23 03:47:38,774 - WARNING - ⚠️  DEGRADACIÓN DETECTADA en iter 25000:
2025-10-23 03:47:38,775 - WARNING -    Mejor fitness: 140.1
2025-10-23 03:47:38,775 - WARNING -    Fitness promedio reciente: 114.3
2025-10-23 03:47:38,775 - WARNING -    Degradación: 25.9
2025-10-23 03:47:38,775 - WARNING -    🔄 RESTAURANDO mejor solución...
2025-10-23 03:47:38,776 - DEBUG - Iter 25000: T=2.31, Fitness_actual=140.1, Mejor=140.1
2025-10-23 03:47:45,175 - DEBUG - Iter 25100: T=2.30, Fitness_actual=121.0, Mejor=140.1
2025-10-23 03:47:48,417 - WARNING - ⚠️  DEGRADACIÓN DETECTADA en iter 25150:
2025-10-23 03:47:48,417 - WARNING -    Mejor fitness: 140.1
2025-10-23 03:47:48,418 - WARNING -    Fitness promedio reciente: 118.6
2025-10-23 03:47:48,418 - WARNING -    Degradación: 21.5
2025-10-23 03:47:48,418 - WARNING -    🔄 RESTAURANDO mejor solución...
2025-10-23 03:47:51,625 - DEBUG - Iter 25200: T=2.30, Fitness_actual=133.7, Mejor=140.1
2025-10-23 03:47:58,086 - DEBUG - Iter 25300: T=2.30, Fitness_actual=122.8, Mejor=140.1
2025-10-23 03:48:01,351 - WARNING - ⚠️  DEGRADACIÓN DETECTADA en iter 25350:
2025-10-23 03:48:01,351 - WARNING -    Mejor fitness: 140.1
2025-10-23 03:48:01,351 - WARNING -    Fitness promedio reciente: 117.8
2025-10-23 03:48:01,351 - WARNING -    Degradación: 22.4
2025-10-23 03:48:01,351 - WARNING -    🔄 RESTAURANDO mejor solución...
2025-10-23 03:48:01,353 - INFO - 🌟 MEJORA #191 en iter 25350: Fitness=140.2 (+0.0), Puntos=16085
2025-10-23 03:48:04,582 - DEBUG - Iter 25400: T=2.29, Fitness_actual=131.3, Mejor=140.2
2025-10-23 03:48:11,125 - INFO -   Iter 25500 | Tiempo:   22.4min ( 9.3%) | T =     2.29 | Fitness =    115.7 | Mejor =    140.2 | Aceptación =  81.7%
2025-10-23 03:48:11,125 - INFO - Progreso iter 25500: T=2.29, Fitness=115.7, Mejor=140.2, Tasa_acept=81.7%
2025-10-23 03:48:11,125 - WARNING - ⚠️  DEGRADACIÓN DETECTADA en iter 25500:
2025-10-23 03:48:11,126 - WARNING -    Mejor fitness: 140.2
2025-10-23 03:48:11,126 - WARNING -    Fitness promedio reciente: 118.5
2025-10-23 03:48:11,126 - WARNING -    Degradación: 21.7
2025-10-23 03:48:11,126 - WARNING -    🔄 RESTAURANDO mejor solución...
2025-10-23 03:48:11,129 - DEBUG - Iter 25500: T=2.29, Fitness_actual=140.2, Mejor=140.2
2025-10-23 03:48:11,194 - INFO - 🌟 MEJORA #192 en iter 25501: Fitness=140.5 (+0.4), Puntos=16122
2025-10-23 03:48:11,386 - INFO - 🌟 MEJORA #193 en iter 25504: Fitness=140.6 (+0.0), Puntos=16127
2025-10-23 03:48:17,621 - DEBUG - Iter 25600: T=2.29, Fitness_actual=125.0, Mejor=140.6
2025-10-23 03:48:24,152 - WARNING - ⚠️  DEGRADACIÓN DETECTADA en iter 25700:
2025-10-23 03:48:24,152 - WARNING -    Mejor fitness: 140.6
2025-10-23 03:48:24,152 - WARNING -    Fitness promedio reciente: 120.1
2025-10-23 03:48:24,152 - WARNING -    Degradación: 20.4
2025-10-23 03:48:24,153 - WARNING -    🔄 RESTAURANDO mejor solución...
2025-10-23 03:48:24,155 - DEBUG - Iter 25700: T=2.29, Fitness_actual=140.6, Mejor=140.6
2025-10-23 03:48:30,679 - DEBUG - Iter 25800: T=2.28, Fitness_actual=125.7, Mejor=140.6
2025-10-23 03:48:37,251 - WARNING - ⚠️  DEGRADACIÓN DETECTADA en iter 25900:
2025-10-23 03:48:37,251 - WARNING -    Mejor fitness: 140.6
2025-10-23 03:48:37,252 - WARNING -    Fitness promedio reciente: 120.5
2025-10-23 03:48:37,252 - WARNING -    Degradación: 20.1
2025-10-23 03:48:37,252 - WARNING -    🔄 RESTAURANDO mejor solución...
2025-10-23 03:48:37,255 - DEBUG - Iter 25900: T=2.28, Fitness_actual=140.6, Mejor=140.6
2025-10-23 03:48:43,751 - INFO -   Iter 26000 | Tiempo:   23.0min ( 9.6%) | T =     2.28 | Fitness =    129.6 | Mejor =    140.6 | Aceptación =  81.6%
2025-10-23 03:48:43,752 - INFO - Progreso iter 26000: T=2.28, Fitness=129.6, Mejor=140.6, Tasa_acept=81.6%
2025-10-23 03:48:43,753 - DEBUG - Iter 26000: T=2.28, Fitness_actual=129.6, Mejor=140.6
2025-10-23 03:48:50,290 - WARNING - ⚠️  DEGRADACIÓN DETECTADA en iter 26100:
2025-10-23 03:48:50,290 - WARNING -    Mejor fitness: 140.6
2025-10-23 03:48:50,290 - WARNING -    Fitness promedio reciente: 119.3
2025-10-23 03:48:50,291 - WARNING -    Degradación: 21.2
2025-10-23 03:48:50,291 - WARNING -    🔄 RESTAURANDO mejor solución...
2025-10-23 03:48:50,292 - DEBUG - Iter 26100: T=2.27, Fitness_actual=140.6, Mejor=140.6
2025-10-23 03:48:50,812 - INFO - 🌟 MEJORA #194 en iter 26108: Fitness=140.6 (+0.1), Puntos=16133
2025-10-23 03:48:56,830 - DEBUG - Iter 26200: T=2.27, Fitness_actual=121.0, Mejor=140.6
2025-10-23 03:49:03,401 - WARNING - ⚠️  DEGRADACIÓN DETECTADA en iter 26300:
2025-10-23 03:49:03,401 - WARNING -    Mejor fitness: 140.6
2025-10-23 03:49:03,402 - WARNING -    Fitness promedio reciente: 120.0
2025-10-23 03:49:03,402 - WARNING -    Degradación: 20.6
2025-10-23 03:49:03,402 - WARNING -    🔄 RESTAURANDO mejor solución...
2025-10-23 03:49:03,403 - DEBUG - Iter 26300: T=2.27, Fitness_actual=140.6, Mejor=140.6
2025-10-23 03:49:03,404 - INFO - 🌟 MEJORA #195 en iter 26300: Fitness=140.7 (+0.0), Puntos=16138
2025-10-23 03:49:03,404 - INFO -   ✨ Mejora #195 en iteración 26301: Fitness = 140.7 | Puntos = 16138 | T = 2.27
2025-10-23 03:49:03,536 - INFO - 🌟 MEJORA #196 en iter 26302: Fitness=140.7 (+0.0), Puntos=16138
2025-10-23 03:49:03,601 - INFO - 🌟 MEJORA #197 en iter 26303: Fitness=140.7 (+0.0), Puntos=16138
2025-10-23 03:49:03,928 - INFO - 🌟 MEJORA #198 en iter 26308: Fitness=140.8 (+0.1), Puntos=16145
2025-10-23 03:49:04,125 - INFO - 🌟 MEJORA #199 en iter 26311: Fitness=140.8 (+0.1), Puntos=16150
2025-10-23 03:49:04,318 - INFO - 🌟 MEJORA #200 en iter 26314: Fitness=140.9 (+0.1), Puntos=16156
2025-10-23 03:49:04,319 - INFO -   ✨ Mejora #200 en iteración 26315: Fitness = 140.9 | Puntos = 16156 | T = 2.27
2025-10-23 03:49:09,933 - DEBUG - Iter 26400: T=2.26, Fitness_actual=130.1, Mejor=140.9
2025-10-23 03:49:16,496 - INFO -   Iter 26500 | Tiempo:   23.5min ( 9.8%) | T =     2.26 | Fitness =    126.2 | Mejor =    140.9 | Aceptación =  81.5%
2025-10-23 03:49:16,496 - INFO - Progreso iter 26500: T=2.26, Fitness=126.2, Mejor=140.9, Tasa_acept=81.5%
2025-10-23 03:49:16,498 - DEBUG - Iter 26500: T=2.26, Fitness_actual=126.2, Mejor=140.9
2025-10-23 03:49:23,055 - WARNING - ⚠️  DEGRADACIÓN DETECTADA en iter 26600:
2025-10-23 03:49:23,055 - WARNING -    Mejor fitness: 140.9
2025-10-23 03:49:23,056 - WARNING -    Fitness promedio reciente: 118.4
2025-10-23 03:49:23,056 - WARNING -    Degradación: 22.4
2025-10-23 03:49:23,056 - WARNING -    🔄 RESTAURANDO mejor solución...
2025-10-23 03:49:23,057 - DEBUG - Iter 26600: T=2.26, Fitness_actual=140.9, Mejor=140.9
2025-10-23 03:49:23,057 - INFO - 🌟 MEJORA #201 en iter 26600: Fitness=140.9 (+0.0), Puntos=16156
2025-10-23 03:49:23,254 - INFO - 🌟 MEJORA #202 en iter 26603: Fitness=140.9 (+0.0), Puntos=16156
2025-10-23 03:49:23,320 - INFO - 🌟 MEJORA #203 en iter 26604: Fitness=140.9 (+0.0), Puntos=16157
2025-10-23 03:49:29,694 - DEBUG - Iter 26700: T=2.26, Fitness_actual=123.4, Mejor=140.9
2025-10-23 03:49:33,002 - WARNING - ⚠️  DEGRADACIÓN DETECTADA en iter 26750:
2025-10-23 03:49:33,002 - WARNING -    Mejor fitness: 140.9
2025-10-23 03:49:33,002 - WARNING -    Fitness promedio reciente: 113.5
2025-10-23 03:49:33,002 - WARNING -    Degradación: 27.4
2025-10-23 03:49:33,002 - WARNING -    🔄 RESTAURANDO mejor solución...
2025-10-23 03:49:36,288 - DEBUG - Iter 26800: T=2.25, Fitness_actual=135.1, Mejor=140.9
2025-10-23 03:49:42,875 - WARNING - ⚠️  DEGRADACIÓN DETECTADA en iter 26900:
2025-10-23 03:49:42,876 - WARNING -    Mejor fitness: 140.9
2025-10-23 03:49:42,876 - WARNING -    Fitness promedio reciente: 116.0
2025-10-23 03:49:42,876 - WARNING -    Degradación: 24.9
2025-10-23 03:49:42,876 - WARNING -    🔄 RESTAURANDO mejor solución...
2025-10-23 03:49:42,878 - DEBUG - Iter 26900: T=2.25, Fitness_actual=140.9, Mejor=140.9
2025-10-23 03:49:49,468 - INFO -   Iter 27000 | Tiempo:   24.1min (10.0%) | T =     2.25 | Fitness =    127.2 | Mejor =    140.9 | Aceptación =  81.4%
2025-10-23 03:49:49,468 - INFO - Progreso iter 27000: T=2.25, Fitness=127.2, Mejor=140.9, Tasa_acept=81.4%
2025-10-23 03:49:49,470 - DEBUG - Iter 27000: T=2.25, Fitness_actual=127.2, Mejor=140.9
2025-10-23 03:49:56,156 - DEBUG - Iter 27100: T=2.24, Fitness_actual=124.7, Mejor=140.9
2025-10-23 03:50:02,853 - WARNING - ⚠️  DEGRADACIÓN DETECTADA en iter 27200:
2025-10-23 03:50:02,853 - WARNING -    Mejor fitness: 140.9
2025-10-23 03:50:02,853 - WARNING -    Fitness promedio reciente: 118.5
2025-10-23 03:50:02,853 - WARNING -    Degradación: 22.4
2025-10-23 03:50:02,853 - WARNING -    🔄 RESTAURANDO mejor solución...
2025-10-23 03:50:02,856 - DEBUG - Iter 27200: T=2.24, Fitness_actual=140.9, Mejor=140.9
2025-10-23 03:50:09,511 - DEBUG - Iter 27300: T=2.24, Fitness_actual=124.8, Mejor=140.9
2025-10-23 03:50:16,232 - DEBUG - Iter 27400: T=2.24, Fitness_actual=122.9, Mejor=140.9
2025-10-23 03:50:23,009 - INFO -   Iter 27500 | Tiempo:   24.6min (10.3%) | T =     2.23 | Fitness =    125.6 | Mejor =    140.9 | Aceptación =  81.4%
2025-10-23 03:50:23,010 - INFO - Progreso iter 27500: T=2.23, Fitness=125.6, Mejor=140.9, Tasa_acept=81.4%
2025-10-23 03:50:23,012 - DEBUG - Iter 27500: T=2.23, Fitness_actual=125.6, Mejor=140.9
2025-10-23 03:50:26,440 - WARNING - ⚠️  DEGRADACIÓN DETECTADA en iter 27550:
2025-10-23 03:50:26,440 - WARNING -    Mejor fitness: 140.9
2025-10-23 03:50:26,440 - WARNING -    Fitness promedio reciente: 118.2
2025-10-23 03:50:26,441 - WARNING -    Degradación: 22.7
2025-10-23 03:50:26,441 - WARNING -    🔄 RESTAURANDO mejor solución...
2025-10-23 03:50:26,512 - INFO - 🌟 MEJORA #204 en iter 27551: Fitness=140.9 (+0.0), Puntos=16157
2025-10-23 03:50:29,849 - DEBUG - Iter 27600: T=2.23, Fitness_actual=130.9, Mejor=140.9
2025-10-23 03:50:36,644 - WARNING - ⚠️  DEGRADACIÓN DETECTADA en iter 27700:
2025-10-23 03:50:36,644 - WARNING -    Mejor fitness: 140.9
2025-10-23 03:50:36,645 - WARNING -    Fitness promedio reciente: 117.8
2025-10-23 03:50:36,645 - WARNING -    Degradación: 23.1
2025-10-23 03:50:36,645 - WARNING -    🔄 RESTAURANDO mejor solución...
2025-10-23 03:50:36,647 - DEBUG - Iter 27700: T=2.23, Fitness_actual=140.9, Mejor=140.9
2025-10-23 03:50:43,394 - DEBUG - Iter 27800: T=2.22, Fitness_actual=120.4, Mejor=140.9
2025-10-23 03:50:50,163 - DEBUG - Iter 27900: T=2.22, Fitness_actual=122.5, Mejor=140.9
2025-10-23 03:50:53,553 - WARNING - ⚠️  DEGRADACIÓN DETECTADA en iter 27950:
2025-10-23 03:50:53,553 - WARNING -    Mejor fitness: 140.9
2025-10-23 03:50:53,554 - WARNING -    Fitness promedio reciente: 120.7
2025-10-23 03:50:53,554 - WARNING -    Degradación: 20.2
2025-10-23 03:50:53,554 - WARNING -    🔄 RESTAURANDO mejor solución...
2025-10-23 03:50:53,555 - INFO - 🌟 MEJORA #205 en iter 27950: Fitness=140.9 (+0.0), Puntos=16157
2025-10-23 03:50:53,555 - INFO -   ✨ Mejora #205 en iteración 27951: Fitness = 140.9 | Puntos = 16157 | T = 2.22
2025-10-23 03:50:56,962 - INFO -   Iter 28000 | Tiempo:   25.2min (10.5%) | T =     2.22 | Fitness =    134.6 | Mejor =    140.9 | Aceptación =  81.3%
2025-10-23 03:50:56,962 - INFO - Progreso iter 28000: T=2.22, Fitness=134.6, Mejor=140.9, Tasa_acept=81.3%
2025-10-23 03:50:56,965 - DEBUG - Iter 28000: T=2.22, Fitness_actual=134.6, Mejor=140.9
2025-10-23 03:51:03,864 - DEBUG - Iter 28100: T=2.21, Fitness_actual=127.8, Mejor=140.9
2025-10-23 03:51:10,686 - DEBUG - Iter 28200: T=2.21, Fitness_actual=124.7, Mejor=140.9
2025-10-23 03:51:17,513 - WARNING - ⚠️  DEGRADACIÓN DETECTADA en iter 28300:
2025-10-23 03:51:17,513 - WARNING -    Mejor fitness: 140.9
2025-10-23 03:51:17,514 - WARNING -    Fitness promedio reciente: 114.6
2025-10-23 03:51:17,514 - WARNING -    Degradación: 26.3
2025-10-23 03:51:17,514 - WARNING -    🔄 RESTAURANDO mejor solución...
2025-10-23 03:51:17,516 - DEBUG - Iter 28300: T=2.21, Fitness_actual=140.9, Mejor=140.9
2025-10-23 03:51:17,583 - INFO - 🌟 MEJORA #206 en iter 28301: Fitness=140.9 (+0.0), Puntos=16157
2025-10-23 03:51:17,789 - INFO - 🌟 MEJORA #207 en iter 28304: Fitness=140.9 (+0.1), Puntos=16163
2025-10-23 03:51:24,362 - DEBUG - Iter 28400: T=2.20, Fitness_actual=128.7, Mejor=140.9
2025-10-23 03:51:31,221 - INFO -   Iter 28500 | Tiempo:   25.7min (10.7%) | T =     2.20 | Fitness =    117.5 | Mejor =    140.9 | Aceptación =  81.3%
2025-10-23 03:51:31,221 - INFO - Progreso iter 28500: T=2.20, Fitness=117.5, Mejor=140.9, Tasa_acept=81.3%
2025-10-23 03:51:31,222 - WARNING - ⚠️  DEGRADACIÓN DETECTADA en iter 28500:
2025-10-23 03:51:31,222 - WARNING -    Mejor fitness: 140.9
2025-10-23 03:51:31,222 - WARNING -    Fitness promedio reciente: 118.7
2025-10-23 03:51:31,222 - WARNING -    Degradación: 22.3
2025-10-23 03:51:31,222 - WARNING -    🔄 RESTAURANDO mejor solución...
2025-10-23 03:51:31,223 - DEBUG - Iter 28500: T=2.20, Fitness_actual=140.9, Mejor=140.9
2025-10-23 03:51:31,291 - INFO - 🌟 MEJORA #208 en iter 28501: Fitness=140.9 (+0.0), Puntos=16163
2025-10-23 03:51:38,016 - DEBUG - Iter 28600: T=2.20, Fitness_actual=122.4, Mejor=140.9
2025-10-23 03:51:41,461 - WARNING - ⚠️  DEGRADACIÓN DETECTADA en iter 28650:
2025-10-23 03:51:41,461 - WARNING -    Mejor fitness: 140.9
2025-10-23 03:51:41,462 - WARNING -    Fitness promedio reciente: 118.3
2025-10-23 03:51:41,462 - WARNING -    Degradación: 22.6
2025-10-23 03:51:41,462 - WARNING -    🔄 RESTAURANDO mejor solución...
2025-10-23 03:51:44,953 - DEBUG - Iter 28700: T=2.20, Fitness_actual=135.5, Mejor=140.9
2025-10-23 03:51:51,923 - DEBUG - Iter 28800: T=2.19, Fitness_actual=121.3, Mejor=140.9
2025-10-23 03:51:55,533 - WARNING - ⚠️  DEGRADACIÓN DETECTADA en iter 28850:
2025-10-23 03:51:55,533 - WARNING -    Mejor fitness: 140.9
2025-10-23 03:51:55,534 - WARNING -    Fitness promedio reciente: 120.4
2025-10-23 03:51:55,534 - WARNING -    Degradación: 20.6
2025-10-23 03:51:55,535 - WARNING -    🔄 RESTAURANDO mejor solución...
2025-10-23 03:51:55,608 - INFO - 🌟 MEJORA #209 en iter 28851: Fitness=140.9 (+0.0), Puntos=16163
2025-10-23 03:51:55,746 - INFO - 🌟 MEJORA #210 en iter 28853: Fitness=141.0 (+0.1), Puntos=16174
2025-10-23 03:51:55,747 - INFO -   ✨ Mejora #210 en iteración 28854: Fitness = 141.0 | Puntos = 16174 | T = 2.19
2025-10-23 03:51:56,303 - INFO - 🌟 MEJORA #211 en iter 28861: Fitness=141.0 (+0.0), Puntos=16174
2025-10-23 03:51:56,443 - INFO - 🌟 MEJORA #212 en iter 28863: Fitness=141.0 (+0.0), Puntos=16174
2025-10-23 03:51:58,997 - DEBUG - Iter 28900: T=2.19, Fitness_actual=122.8, Mejor=141.0
2025-10-23 03:52:05,990 - INFO -   Iter 29000 | Tiempo:   26.3min (11.0%) | T =     2.19 | Fitness =    115.9 | Mejor =    141.0 | Aceptación =  81.2%
2025-10-23 03:52:05,990 - INFO - Progreso iter 29000: T=2.19, Fitness=115.9, Mejor=141.0, Tasa_acept=81.2%
2025-10-23 03:52:05,990 - WARNING - ⚠️  DEGRADACIÓN DETECTADA en iter 29000:
2025-10-23 03:52:05,991 - WARNING -    Mejor fitness: 141.0
2025-10-23 03:52:05,991 - WARNING -    Fitness promedio reciente: 115.6
2025-10-23 03:52:05,991 - WARNING -    Degradación: 25.5
2025-10-23 03:52:05,991 - WARNING -    🔄 RESTAURANDO mejor solución...
2025-10-23 03:52:05,992 - DEBUG - Iter 29000: T=2.19, Fitness_actual=141.0, Mejor=141.0
2025-10-23 03:52:05,993 - INFO - 🌟 MEJORA #213 en iter 29000: Fitness=141.0 (+0.0), Puntos=16174
2025-10-23 03:52:12,915 - DEBUG - Iter 29100: T=2.18, Fitness_actual=126.1, Mejor=141.0
2025-10-23 03:52:19,870 - DEBUG - Iter 29200: T=2.18, Fitness_actual=123.4, Mejor=141.0
2025-10-23 03:52:26,837 - WARNING - ⚠️  DEGRADACIÓN DETECTADA en iter 29300:
2025-10-23 03:52:26,837 - WARNING -    Mejor fitness: 141.0
2025-10-23 03:52:26,837 - WARNING -    Fitness promedio reciente: 110.1
2025-10-23 03:52:26,837 - WARNING -    Degradación: 30.9
2025-10-23 03:52:26,837 - WARNING -    🔄 RESTAURANDO mejor solución...
2025-10-23 03:52:26,840 - DEBUG - Iter 29300: T=2.18, Fitness_actual=141.0, Mejor=141.0
2025-10-23 03:52:33,831 - DEBUG - Iter 29400: T=2.17, Fitness_actual=126.2, Mejor=141.0
2025-10-23 03:52:40,879 - INFO -   Iter 29500 | Tiempo:   26.9min (11.2%) | T =     2.17 | Fitness =    127.0 | Mejor =    141.0 | Aceptación =  81.1%
2025-10-23 03:52:40,879 - INFO - Progreso iter 29500: T=2.17, Fitness=127.0, Mejor=141.0, Tasa_acept=81.1%
2025-10-23 03:52:40,882 - DEBUG - Iter 29500: T=2.17, Fitness_actual=127.0, Mejor=141.0
2025-10-23 03:52:44,405 - WARNING - ⚠️  DEGRADACIÓN DETECTADA en iter 29550:
2025-10-23 03:52:44,405 - WARNING -    Mejor fitness: 141.0
2025-10-23 03:52:44,406 - WARNING -    Fitness promedio reciente: 120.1
2025-10-23 03:52:44,406 - WARNING -    Degradación: 21.0
2025-10-23 03:52:44,406 - WARNING -    🔄 RESTAURANDO mejor solución...
2025-10-23 03:52:47,923 - DEBUG - Iter 29600: T=2.17, Fitness_actual=122.7, Mejor=141.0
2025-10-23 03:52:51,455 - WARNING - ⚠️  DEGRADACIÓN DETECTADA en iter 29650:
2025-10-23 03:52:51,456 - WARNING -    Mejor fitness: 141.0
2025-10-23 03:52:51,456 - WARNING -    Fitness promedio reciente: 119.1
2025-10-23 03:52:51,456 - WARNING -    Degradación: 21.9
2025-10-23 03:52:51,456 - WARNING -    🔄 RESTAURANDO mejor solución...
2025-10-23 03:52:51,599 - INFO - 🌟 MEJORA #214 en iter 29652: Fitness=141.0 (+0.0), Puntos=16174
2025-10-23 03:52:54,959 - DEBUG - Iter 29700: T=2.17, Fitness_actual=134.0, Mejor=141.0
2025-10-23 03:53:02,013 - DEBUG - Iter 29800: T=2.16, Fitness_actual=124.3, Mejor=141.0
2025-10-23 03:53:05,532 - WARNING - ⚠️  DEGRADACIÓN DETECTADA en iter 29850:
2025-10-23 03:53:05,532 - WARNING -    Mejor fitness: 141.0
2025-10-23 03:53:05,533 - WARNING -    Fitness promedio reciente: 119.6
2025-10-23 03:53:05,533 - WARNING -    Degradación: 21.4
2025-10-23 03:53:05,533 - WARNING -    🔄 RESTAURANDO mejor solución...
2025-10-23 03:53:09,058 - DEBUG - Iter 29900: T=2.16, Fitness_actual=129.5, Mejor=141.0
2025-10-23 03:53:16,085 - INFO -   Iter 30000 | Tiempo:   27.5min (11.5%) | T =     2.16 | Fitness =    129.9 | Mejor =    141.0 | Aceptación =  81.0%
2025-10-23 03:53:16,085 - INFO - Progreso iter 30000: T=2.16, Fitness=129.9, Mejor=141.0, Tasa_acept=81.0%
2025-10-23 03:53:16,086 - DEBUG - Iter 30000: T=2.16, Fitness_actual=129.9, Mejor=141.0
2025-10-23 03:53:18,481 - INFO - Iter 30034: Aceptada solución con delta=-10.0 (T=2.16)
2025-10-23 03:53:18,481 - INFO -   📊 Desglose del cambio:
2025-10-23 03:53:18,481 - INFO -      Puntos: +0 → 15040 total
2025-10-23 03:53:18,482 - INFO -      Tiempo: +210.3min → 13946.7min total
2025-10-23 03:53:18,482 - INFO -      Distancia: +0.9km → 142.6km total
2025-10-23 03:53:23,185 - WARNING - ⚠️  DEGRADACIÓN DETECTADA en iter 30100:
2025-10-23 03:53:23,185 - WARNING -    Mejor fitness: 141.0
2025-10-23 03:53:23,186 - WARNING -    Fitness promedio reciente: 113.1
2025-10-23 03:53:23,186 - WARNING -    Degradación: 28.0
2025-10-23 03:53:23,186 - WARNING -    🔄 RESTAURANDO mejor solución...
2025-10-23 03:53:23,189 - DEBUG - Iter 30100: T=2.15, Fitness_actual=141.0, Mejor=141.0
2025-10-23 03:53:30,225 - DEBUG - Iter 30200: T=2.15, Fitness_actual=125.4, Mejor=141.0
2025-10-23 03:53:37,247 - WARNING - ⚠️  DEGRADACIÓN DETECTADA en iter 30300:
2025-10-23 03:53:37,247 - WARNING -    Mejor fitness: 141.0
2025-10-23 03:53:37,248 - WARNING -    Fitness promedio reciente: 118.7
2025-10-23 03:53:37,248 - WARNING -    Degradación: 22.3
2025-10-23 03:53:37,248 - WARNING -    🔄 RESTAURANDO mejor solución...
2025-10-23 03:53:37,249 - DEBUG - Iter 30300: T=2.15, Fitness_actual=141.0, Mejor=141.0
2025-10-23 03:53:44,377 - DEBUG - Iter 30400: T=2.14, Fitness_actual=129.6, Mejor=141.0
2025-10-23 03:53:51,518 - INFO -   Iter 30500 | Tiempo:   28.1min (11.7%) | T =     2.14 | Fitness =    124.7 | Mejor =    141.0 | Aceptación =  80.9%
2025-10-23 03:53:51,518 - INFO - Progreso iter 30500: T=2.14, Fitness=124.7, Mejor=141.0, Tasa_acept=80.9%
2025-10-23 03:53:51,520 - DEBUG - Iter 30500: T=2.14, Fitness_actual=124.7, Mejor=141.0
2025-10-23 03:53:58,604 - DEBUG - Iter 30600: T=2.14, Fitness_actual=120.6, Mejor=141.0
2025-10-23 03:54:02,159 - WARNING - ⚠️  DEGRADACIÓN DETECTADA en iter 30650:
2025-10-23 03:54:02,160 - WARNING -    Mejor fitness: 141.0
2025-10-23 03:54:02,160 - WARNING -    Fitness promedio reciente: 118.7
2025-10-23 03:54:02,160 - WARNING -    Degradación: 22.3
2025-10-23 03:54:02,160 - WARNING -    🔄 RESTAURANDO mejor solución...
2025-10-23 03:54:05,745 - DEBUG - Iter 30700: T=2.14, Fitness_actual=133.3, Mejor=141.0
2025-10-23 03:54:12,894 - DEBUG - Iter 30800: T=2.13, Fitness_actual=125.1, Mejor=141.0
2025-10-23 03:54:20,028 - WARNING - ⚠️  DEGRADACIÓN DETECTADA en iter 30900:
2025-10-23 03:54:20,028 - WARNING -    Mejor fitness: 141.0
2025-10-23 03:54:20,029 - WARNING -    Fitness promedio reciente: 114.4
2025-10-23 03:54:20,029 - WARNING -    Degradación: 26.6
2025-10-23 03:54:20,029 - WARNING -    🔄 RESTAURANDO mejor solución...
2025-10-23 03:54:20,030 - DEBUG - Iter 30900: T=2.13, Fitness_actual=141.0, Mejor=141.0
2025-10-23 03:54:20,357 - INFO - 🌟 MEJORA #215 en iter 30904: Fitness=141.3 (+0.2), Puntos=16198
2025-10-23 03:54:20,357 - INFO -   ✨ Mejora #215 en iteración 30905: Fitness = 141.3 | Puntos = 16198 | T = 2.13
2025-10-23 03:54:27,422 - INFO -   Iter 31000 | Tiempo:   28.7min (12.0%) | T =     2.13 | Fitness =    129.2 | Mejor =    141.3 | Aceptación =  80.9%
2025-10-23 03:54:27,422 - INFO - Progreso iter 31000: T=2.13, Fitness=129.2, Mejor=141.3, Tasa_acept=80.9%
2025-10-23 03:54:27,424 - DEBUG - Iter 31000: T=2.13, Fitness_actual=129.2, Mejor=141.3
2025-10-23 03:54:35,501 - WARNING - ⚠️  DEGRADACIÓN DETECTADA en iter 31100:
2025-10-23 03:54:35,501 - WARNING -    Mejor fitness: 141.3
2025-10-23 03:54:35,501 - WARNING -    Fitness promedio reciente: 111.4
2025-10-23 03:54:35,502 - WARNING -    Degradación: 29.9
2025-10-23 03:54:35,503 - WARNING -    🔄 RESTAURANDO mejor solución...
2025-10-23 03:54:35,504 - DEBUG - Iter 31100: T=2.12, Fitness_actual=141.3, Mejor=141.3
2025-10-23 03:54:43,596 - DEBUG - Iter 31200: T=2.12, Fitness_actual=123.4, Mejor=141.3
2025-10-23 03:54:51,674 - DEBUG - Iter 31300: T=2.12, Fitness_actual=131.8, Mejor=141.3
2025-10-23 03:54:59,715 - DEBUG - Iter 31400: T=2.11, Fitness_actual=124.1, Mejor=141.3
2025-10-23 03:55:07,805 - INFO -   Iter 31500 | Tiempo:   29.4min (12.2%) | T =     2.11 | Fitness =    117.9 | Mejor =    141.3 | Aceptación =  80.8%
2025-10-23 03:55:07,805 - INFO - Progreso iter 31500: T=2.11, Fitness=117.9, Mejor=141.3, Tasa_acept=80.8%
2025-10-23 03:55:07,805 - WARNING - ⚠️  DEGRADACIÓN DETECTADA en iter 31500:
2025-10-23 03:55:07,805 - WARNING -    Mejor fitness: 141.3
2025-10-23 03:55:07,806 - WARNING -    Fitness promedio reciente: 118.2
2025-10-23 03:55:07,806 - WARNING -    Degradación: 23.1
2025-10-23 03:55:07,806 - WARNING -    🔄 RESTAURANDO mejor solución...
2025-10-23 03:55:07,807 - DEBUG - Iter 31500: T=2.11, Fitness_actual=141.3, Mejor=141.3
2025-10-23 03:55:15,890 - DEBUG - Iter 31600: T=2.11, Fitness_actual=116.9, Mejor=141.3
2025-10-23 03:55:19,933 - WARNING - ⚠️  DEGRADACIÓN DETECTADA en iter 31650:
2025-10-23 03:55:19,933 - WARNING -    Mejor fitness: 141.3
2025-10-23 03:55:19,933 - WARNING -    Fitness promedio reciente: 116.7
2025-10-23 03:55:19,933 - WARNING -    Degradación: 24.6
2025-10-23 03:55:19,933 - WARNING -    🔄 RESTAURANDO mejor solución...
2025-10-23 03:55:19,935 - INFO - 🌟 MEJORA #216 en iter 31650: Fitness=141.6 (+0.3), Puntos=16198
2025-10-23 03:55:23,980 - DEBUG - Iter 31700: T=2.10, Fitness_actual=133.2, Mejor=141.6
2025-10-23 03:55:32,171 - DEBUG - Iter 31800: T=2.10, Fitness_actual=126.2, Mejor=141.6
2025-10-23 03:55:40,346 - DEBUG - Iter 31900: T=2.10, Fitness_actual=125.4, Mejor=141.6
2025-10-23 03:55:48,518 - INFO -   Iter 32000 | Tiempo:   30.0min (12.5%) | T =     2.09 | Fitness =    123.2 | Mejor =    141.6 | Aceptación =  80.8%
2025-10-23 03:55:48,518 - INFO - Progreso iter 32000: T=2.09, Fitness=123.2, Mejor=141.6, Tasa_acept=80.8%
2025-10-23 03:55:48,521 - DEBUG - Iter 32000: T=2.09, Fitness_actual=123.2, Mejor=141.6
2025-10-23 03:55:56,733 - WARNING - ⚠️  DEGRADACIÓN DETECTADA en iter 32100:
2025-10-23 03:55:56,733 - WARNING -    Mejor fitness: 141.6
2025-10-23 03:55:56,733 - WARNING -    Fitness promedio reciente: 114.0
2025-10-23 03:55:56,733 - WARNING -    Degradación: 27.5
2025-10-23 03:55:56,733 - WARNING -    🔄 RESTAURANDO mejor solución...
2025-10-23 03:55:56,735 - DEBUG - Iter 32100: T=2.09, Fitness_actual=141.6, Mejor=141.6
2025-10-23 03:55:57,316 - INFO - 🌟 MEJORA #217 en iter 32107: Fitness=141.6 (+0.0), Puntos=16199
2025-10-23 03:56:04,967 - DEBUG - Iter 32200: T=2.09, Fitness_actual=126.1, Mejor=141.6
2025-10-23 03:56:13,131 - DEBUG - Iter 32300: T=2.08, Fitness_actual=119.6, Mejor=141.6
2025-10-23 03:56:17,250 - WARNING - ⚠️  DEGRADACIÓN DETECTADA en iter 32350:
2025-10-23 03:56:17,250 - WARNING -    Mejor fitness: 141.6
2025-10-23 03:56:17,251 - WARNING -    Fitness promedio reciente: 108.0
2025-10-23 03:56:17,251 - WARNING -    Degradación: 33.6
2025-10-23 03:56:17,251 - WARNING -    🔄 RESTAURANDO mejor solución...
2025-10-23 03:56:17,334 - INFO - 🌟 MEJORA #218 en iter 32351: Fitness=141.6 (+0.0), Puntos=16199
2025-10-23 03:56:21,368 - DEBUG - Iter 32400: T=2.08, Fitness_actual=138.6, Mejor=141.6
2025-10-23 03:56:29,570 - INFO -   Iter 32500 | Tiempo:   30.7min (12.8%) | T =     2.08 | Fitness =    122.8 | Mejor =    141.6 | Aceptación =  80.7%
2025-10-23 03:56:29,570 - INFO - Progreso iter 32500: T=2.08, Fitness=122.8, Mejor=141.6, Tasa_acept=80.7%
2025-10-23 03:56:29,572 - DEBUG - Iter 32500: T=2.08, Fitness_actual=122.8, Mejor=141.6
2025-10-23 03:56:33,662 - WARNING - ⚠️  DEGRADACIÓN DETECTADA en iter 32550:
2025-10-23 03:56:33,663 - WARNING -    Mejor fitness: 141.6
2025-10-23 03:56:33,663 - WARNING -    Fitness promedio reciente: 121.2
2025-10-23 03:56:33,663 - WARNING -    Degradación: 20.4
2025-10-23 03:56:33,663 - WARNING -    🔄 RESTAURANDO mejor solución...
2025-10-23 03:56:37,753 - DEBUG - Iter 32600: T=2.07, Fitness_actual=132.4, Mejor=141.6
2025-10-23 03:56:45,922 - DEBUG - Iter 32700: T=2.07, Fitness_actual=124.5, Mejor=141.6
2025-10-23 03:56:46,086 - WARNING - ================================================================================
2025-10-23 03:56:46,087 - WARNING - ⚠️  SALTO ANORMAL DETECTADO en iteración 32702
2025-10-23 03:56:46,087 - WARNING -    Fitness actual: 124.4
2025-10-23 03:56:46,087 - WARNING -    Fitness vecino: 88.5
2025-10-23 03:56:46,087 - WARNING -    Delta: -35.9
2025-10-23 03:56:46,087 - WARNING -    Temperatura: 2.07
2025-10-23 03:56:46,088 - WARNING -    Tipo perturbación aplicada: (ver generar_vecino)
2025-10-23 03:56:46,088 - WARNING -    Vecino - Puntos: 16235, Tiempo: 15649.5min, Distancia: 311.6km
2025-10-23 03:56:46,088 - WARNING -    Actual - Puntos: 16185, Tiempo: 13643.2min, Distancia: 145.3km
2025-10-23 03:56:46,088 - WARNING -    Validez restricciones - Vecino: False, Actual: False
2025-10-23 03:56:46,088 - WARNING - ================================================================================
2025-10-23 03:56:46,089 - WARNING - ⚠️  SALTO ANORMAL DETECTADO en iteración 32702
2025-10-23 03:56:46,089 - WARNING -    Fitness: 124.4 → 88.5 (Δ=-35.9)
2025-10-23 03:56:46,089 - WARNING -    Ver detalles en archivo de log
2025-10-23 03:56:54,176 - DEBUG - Iter 32800: T=2.07, Fitness_actual=126.7, Mejor=141.6
2025-10-23 03:57:02,452 - DEBUG - Iter 32900: T=2.06, Fitness_actual=130.7, Mejor=141.6
2025-10-23 03:57:10,840 - INFO -   Iter 33000 | Tiempo:   31.4min (13.1%) | T =     2.06 | Fitness =    126.2 | Mejor =    141.6 | Aceptación =  80.6%
2025-10-23 03:57:10,840 - INFO - Progreso iter 33000: T=2.06, Fitness=126.2, Mejor=141.6, Tasa_acept=80.6%
2025-10-23 03:57:10,842 - DEBUG - Iter 33000: T=2.06, Fitness_actual=126.2, Mejor=141.6
2025-10-23 03:57:19,133 - WARNING - ⚠️  DEGRADACIÓN DETECTADA en iter 33100:
2025-10-23 03:57:19,133 - WARNING -    Mejor fitness: 141.6
2025-10-23 03:57:19,134 - WARNING -    Fitness promedio reciente: 118.4
2025-10-23 03:57:19,134 - WARNING -    Degradación: 23.2
2025-10-23 03:57:19,134 - WARNING -    🔄 RESTAURANDO mejor solución...
2025-10-23 03:57:19,135 - DEBUG - Iter 33100: T=2.05, Fitness_actual=141.6, Mejor=141.6
2025-10-23 03:57:27,430 - DEBUG - Iter 33200: T=2.05, Fitness_actual=126.1, Mejor=141.6
2025-10-23 03:57:35,752 - WARNING - ⚠️  DEGRADACIÓN DETECTADA en iter 33300:
2025-10-23 03:57:35,752 - WARNING -    Mejor fitness: 141.6
2025-10-23 03:57:35,753 - WARNING -    Fitness promedio reciente: 115.3
2025-10-23 03:57:35,753 - WARNING -    Degradación: 26.3
2025-10-23 03:57:35,753 - WARNING -    🔄 RESTAURANDO mejor solución...
2025-10-23 03:57:35,755 - DEBUG - Iter 33300: T=2.05, Fitness_actual=141.6, Mejor=141.6
2025-10-23 03:57:35,838 - INFO - 🌟 MEJORA #219 en iter 33301: Fitness=141.6 (+0.0), Puntos=16204
2025-10-23 03:57:44,098 - DEBUG - Iter 33400: T=2.04, Fitness_actual=124.4, Mejor=141.6
2025-10-23 03:57:48,300 - WARNING - ⚠️  DEGRADACIÓN DETECTADA en iter 33450:
2025-10-23 03:57:48,301 - WARNING -    Mejor fitness: 141.6
2025-10-23 03:57:48,301 - WARNING -    Fitness promedio reciente: 117.8
2025-10-23 03:57:48,301 - WARNING -    Degradación: 23.9
2025-10-23 03:57:48,301 - WARNING -    🔄 RESTAURANDO mejor solución...
2025-10-23 03:57:52,504 - INFO -   Iter 33500 | Tiempo:   32.1min (13.4%) | T =     2.04 | Fitness =    133.1 | Mejor =    141.6 | Aceptación =  80.5%
2025-10-23 03:57:52,504 - INFO - Progreso iter 33500: T=2.04, Fitness=133.1, Mejor=141.6, Tasa_acept=80.5%
2025-10-23 03:57:52,507 - DEBUG - Iter 33500: T=2.04, Fitness_actual=133.1, Mejor=141.6
2025-10-23 03:58:00,945 - DEBUG - Iter 33600: T=2.04, Fitness_actual=122.0, Mejor=141.6
2025-10-23 03:58:05,184 - WARNING - ⚠️  DEGRADACIÓN DETECTADA en iter 33650:
2025-10-23 03:58:05,184 - WARNING -    Mejor fitness: 141.6
2025-10-23 03:58:05,184 - WARNING -    Fitness promedio reciente: 120.3
2025-10-23 03:58:05,184 - WARNING -    Degradación: 21.4
2025-10-23 03:58:05,184 - WARNING -    🔄 RESTAURANDO mejor solución...
2025-10-23 03:58:09,399 - DEBUG - Iter 33700: T=2.03, Fitness_actual=131.4, Mejor=141.6
2025-10-23 03:58:17,855 - DEBUG - Iter 33800: T=2.03, Fitness_actual=128.9, Mejor=141.6
2025-10-23 03:58:26,358 - DEBUG - Iter 33900: T=2.03, Fitness_actual=127.3, Mejor=141.6
2025-10-23 03:58:34,845 - INFO -   Iter 34000 | Tiempo:   32.8min (13.7%) | T =     2.02 | Fitness =    123.3 | Mejor =    141.6 | Aceptación =  80.5%
2025-10-23 03:58:34,845 - INFO - Progreso iter 34000: T=2.02, Fitness=123.3, Mejor=141.6, Tasa_acept=80.5%
2025-10-23 03:58:34,846 - DEBUG - Iter 34000: T=2.02, Fitness_actual=123.3, Mejor=141.6
2025-10-23 03:58:39,099 - WARNING - ⚠️  DEGRADACIÓN DETECTADA en iter 34050:
2025-10-23 03:58:39,099 - WARNING -    Mejor fitness: 141.6
2025-10-23 03:58:39,100 - WARNING -    Fitness promedio reciente: 118.1
2025-10-23 03:58:39,100 - WARNING -    Degradación: 23.6
2025-10-23 03:58:39,100 - WARNING -    🔄 RESTAURANDO mejor solución...
2025-10-23 03:58:39,185 - INFO - 🌟 MEJORA #220 en iter 34051: Fitness=141.7 (+0.1), Puntos=16213
2025-10-23 03:58:39,186 - INFO -   ✨ Mejora #220 en iteración 34052: Fitness = 141.7 | Puntos = 16213 | T = 2.02
2025-10-23 03:58:43,339 - DEBUG - Iter 34100: T=2.02, Fitness_actual=131.9, Mejor=141.7
2025-10-23 03:58:51,886 - DEBUG - Iter 34200: T=2.02, Fitness_actual=122.9, Mejor=141.7
2025-10-23 03:59:00,518 - WARNING - ⚠️  DEGRADACIÓN DETECTADA en iter 34300:
2025-10-23 03:59:00,518 - WARNING -    Mejor fitness: 141.7
2025-10-23 03:59:00,518 - WARNING -    Fitness promedio reciente: 119.0
2025-10-23 03:59:00,518 - WARNING -    Degradación: 22.8
2025-10-23 03:59:00,518 - WARNING -    🔄 RESTAURANDO mejor solución...
2025-10-23 03:59:00,520 - DEBUG - Iter 34300: T=2.01, Fitness_actual=141.7, Mejor=141.7
2025-10-23 03:59:09,068 - DEBUG - Iter 34400: T=2.01, Fitness_actual=133.8, Mejor=141.7
2025-10-23 03:59:17,686 - INFO -   Iter 34500 | Tiempo:   33.5min (14.0%) | T =     2.01 | Fitness =    117.7 | Mejor =    141.7 | Aceptación =  80.4%
2025-10-23 03:59:17,686 - INFO - Progreso iter 34500: T=2.01, Fitness=117.7, Mejor=141.7, Tasa_acept=80.4%
2025-10-23 03:59:17,686 - WARNING - ⚠️  DEGRADACIÓN DETECTADA en iter 34500:
2025-10-23 03:59:17,686 - WARNING -    Mejor fitness: 141.7
2025-10-23 03:59:17,686 - WARNING -    Fitness promedio reciente: 116.2
2025-10-23 03:59:17,687 - WARNING -    Degradación: 25.5
2025-10-23 03:59:17,687 - WARNING -    🔄 RESTAURANDO mejor solución...
2025-10-23 03:59:17,688 - DEBUG - Iter 34500: T=2.01, Fitness_actual=141.7, Mejor=141.7
2025-10-23 03:59:26,228 - DEBUG - Iter 34600: T=2.00, Fitness_actual=135.6, Mejor=141.7
2025-10-23 03:59:34,792 - DEBUG - Iter 34700: T=2.00, Fitness_actual=120.4, Mejor=141.7
2025-10-23 03:59:39,107 - WARNING - ⚠️  DEGRADACIÓN DETECTADA en iter 34750:
2025-10-23 03:59:39,107 - WARNING -    Mejor fitness: 141.7
2025-10-23 03:59:39,108 - WARNING -    Fitness promedio reciente: 119.5
2025-10-23 03:59:39,108 - WARNING -    Degradación: 22.2
2025-10-23 03:59:39,108 - WARNING -    🔄 RESTAURANDO mejor solución...
2025-10-23 03:59:43,381 - DEBUG - Iter 34800: T=2.00, Fitness_actual=135.8, Mejor=141.7
2025-10-23 03:59:51,968 - DEBUG - Iter 34900: T=1.99, Fitness_actual=123.9, Mejor=141.7
2025-10-23 04:00:00,529 - INFO -   Iter 35000 | Tiempo:   34.2min (14.3%) | T =     1.99 | Fitness =    121.4 | Mejor =    141.7 | Aceptación =  80.4%
2025-10-23 04:00:00,529 - INFO - Progreso iter 35000: T=1.99, Fitness=121.4, Mejor=141.7, Tasa_acept=80.4%
2025-10-23 04:00:00,531 - DEBUG - Iter 35000: T=1.99, Fitness_actual=121.4, Mejor=141.7
2025-10-23 04:00:04,865 - WARNING - ⚠️  DEGRADACIÓN DETECTADA en iter 35050:
2025-10-23 04:00:04,865 - WARNING -    Mejor fitness: 141.7
2025-10-23 04:00:04,865 - WARNING -    Fitness promedio reciente: 118.7
2025-10-23 04:00:04,865 - WARNING -    Degradación: 23.0
2025-10-23 04:00:04,866 - WARNING -    🔄 RESTAURANDO mejor solución...
2025-10-23 04:00:09,143 - DEBUG - Iter 35100: T=1.99, Fitness_actual=128.4, Mejor=141.7
2025-10-23 04:00:17,757 - WARNING - ⚠️  DEGRADACIÓN DETECTADA en iter 35200:
2025-10-23 04:00:17,757 - WARNING -    Mejor fitness: 141.7
2025-10-23 04:00:17,758 - WARNING -    Fitness promedio reciente: 121.3
2025-10-23 04:00:17,758 - WARNING -    Degradación: 20.4
2025-10-23 04:00:17,758 - WARNING -    🔄 RESTAURANDO mejor solución...
2025-10-23 04:00:17,760 - DEBUG - Iter 35200: T=1.98, Fitness_actual=141.7, Mejor=141.7
2025-10-23 04:00:26,392 - DEBUG - Iter 35300: T=1.98, Fitness_actual=121.2, Mejor=141.7
2025-10-23 04:00:30,682 - WARNING - ⚠️  DEGRADACIÓN DETECTADA en iter 35350:
2025-10-23 04:00:30,682 - WARNING -    Mejor fitness: 141.7
2025-10-23 04:00:30,683 - WARNING -    Fitness promedio reciente: 120.5
2025-10-23 04:00:30,683 - WARNING -    Degradación: 21.2
2025-10-23 04:00:30,683 - WARNING -    🔄 RESTAURANDO mejor solución...
2025-10-23 04:00:34,973 - DEBUG - Iter 35400: T=1.98, Fitness_actual=135.0, Mejor=141.7
2025-10-23 04:00:43,609 - INFO -   Iter 35500 | Tiempo:   35.0min (14.6%) | T =     1.97 | Fitness =    131.1 | Mejor =    141.7 | Aceptación =  80.3%
2025-10-23 04:00:43,609 - INFO - Progreso iter 35500: T=1.97, Fitness=131.1, Mejor=141.7, Tasa_acept=80.3%
2025-10-23 04:00:43,611 - DEBUG - Iter 35500: T=1.97, Fitness_actual=131.1, Mejor=141.7
2025-10-23 04:00:52,349 - WARNING - ⚠️  DEGRADACIÓN DETECTADA en iter 35600:
2025-10-23 04:00:52,349 - WARNING -    Mejor fitness: 141.7
2025-10-23 04:00:52,350 - WARNING -    Fitness promedio reciente: 116.7
2025-10-23 04:00:52,350 - WARNING -    Degradación: 25.0
2025-10-23 04:00:52,350 - WARNING -    🔄 RESTAURANDO mejor solución...
2025-10-23 04:00:52,351 - DEBUG - Iter 35600: T=1.97, Fitness_actual=141.7, Mejor=141.7
2025-10-23 04:01:01,190 - DEBUG - Iter 35700: T=1.97, Fitness_actual=123.1, Mejor=141.7
2025-10-23 04:01:05,569 - WARNING - ⚠️  DEGRADACIÓN DETECTADA en iter 35750:
2025-10-23 04:01:05,570 - WARNING -    Mejor fitness: 141.7
2025-10-23 04:01:05,570 - WARNING -    Fitness promedio reciente: 115.0
2025-10-23 04:01:05,570 - WARNING -    Degradación: 26.7
2025-10-23 04:01:05,570 - WARNING -    🔄 RESTAURANDO mejor solución...
2025-10-23 04:01:09,899 - DEBUG - Iter 35800: T=1.96, Fitness_actual=134.4, Mejor=141.7
2025-10-23 04:01:18,593 - DEBUG - Iter 35900: T=1.96, Fitness_actual=118.7, Mejor=141.7
2025-10-23 04:01:27,281 - INFO -   Iter 36000 | Tiempo:   35.7min (14.9%) | T =     1.96 | Fitness =    124.2 | Mejor =    141.7 | Aceptación =  80.2%
2025-10-23 04:01:27,281 - INFO - Progreso iter 36000: T=1.96, Fitness=124.2, Mejor=141.7, Tasa_acept=80.2%
2025-10-23 04:01:27,282 - DEBUG - Iter 36000: T=1.96, Fitness_actual=124.2, Mejor=141.7
2025-10-23 04:01:31,681 - WARNING - ⚠️  DEGRADACIÓN DETECTADA en iter 36050:
2025-10-23 04:01:31,681 - WARNING -    Mejor fitness: 141.7
2025-10-23 04:01:31,682 - WARNING -    Fitness promedio reciente: 117.6
2025-10-23 04:01:31,682 - WARNING -    Degradación: 24.2
2025-10-23 04:01:31,682 - WARNING -    🔄 RESTAURANDO mejor solución...
2025-10-23 04:01:36,059 - DEBUG - Iter 36100: T=1.95, Fitness_actual=127.1, Mejor=141.7
2025-10-23 04:01:44,757 - DEBUG - Iter 36200: T=1.95, Fitness_actual=123.6, Mejor=141.7
2025-10-23 04:01:49,135 - WARNING - ⚠️  DEGRADACIÓN DETECTADA en iter 36250:
2025-10-23 04:01:49,135 - WARNING -    Mejor fitness: 141.7
2025-10-23 04:01:49,136 - WARNING -    Fitness promedio reciente: 115.4
2025-10-23 04:01:49,136 - WARNING -    Degradación: 26.3
2025-10-23 04:01:49,136 - WARNING -    🔄 RESTAURANDO mejor solución...
2025-10-23 04:01:49,137 - INFO - 🌟 MEJORA #221 en iter 36250: Fitness=141.9 (+0.2), Puntos=16230
2025-10-23 04:01:49,313 - INFO - 🌟 MEJORA #222 en iter 36252: Fitness=142.0 (+0.1), Puntos=16238
2025-10-23 04:01:53,574 - DEBUG - Iter 36300: T=1.95, Fitness_actual=134.1, Mejor=142.0
2025-10-23 04:02:02,427 - DEBUG - Iter 36400: T=1.94, Fitness_actual=125.9, Mejor=142.0
2025-10-23 04:02:06,835 - WARNING - ⚠️  DEGRADACIÓN DETECTADA en iter 36450:
2025-10-23 04:02:06,835 - WARNING -    Mejor fitness: 142.0
2025-10-23 04:02:06,835 - WARNING -    Fitness promedio reciente: 121.2
2025-10-23 04:02:06,836 - WARNING -    Degradación: 20.8
2025-10-23 04:02:06,836 - WARNING -    🔄 RESTAURANDO mejor solución...
2025-10-23 04:02:07,276 - INFO - 🌟 MEJORA #223 en iter 36455: Fitness=143.0 (+1.0), Puntos=16238
2025-10-23 04:02:11,211 - INFO -   Iter 36500 | Tiempo:   36.4min (15.2%) | T =     1.94 | Fitness =    136.0 | Mejor =    143.0 | Aceptación =  80.2%
2025-10-23 04:02:11,211 - INFO - Progreso iter 36500: T=1.94, Fitness=136.0, Mejor=143.0, Tasa_acept=80.2%
2025-10-23 04:02:11,214 - DEBUG - Iter 36500: T=1.94, Fitness_actual=136.0, Mejor=143.0
2025-10-23 04:02:19,989 - DEBUG - Iter 36600: T=1.94, Fitness_actual=128.3, Mejor=143.0
2025-10-23 04:02:28,754 - DEBUG - Iter 36700: T=1.93, Fitness_actual=132.3, Mejor=143.0
2025-10-23 04:02:37,583 - WARNING - ⚠️  DEGRADACIÓN DETECTADA en iter 36800:
2025-10-23 04:02:37,583 - WARNING -    Mejor fitness: 143.0
2025-10-23 04:02:37,583 - WARNING -    Fitness promedio reciente: 122.9
2025-10-23 04:02:37,583 - WARNING -    Degradación: 20.0
2025-10-23 04:02:37,584 - WARNING -    🔄 RESTAURANDO mejor solución...
2025-10-23 04:02:37,585 - DEBUG - Iter 36800: T=1.93, Fitness_actual=143.0, Mejor=143.0
2025-10-23 04:02:38,025 - INFO - 🌟 MEJORA #224 en iter 36805: Fitness=143.0 (+0.0), Puntos=16238
2025-10-23 04:02:46,390 - DEBUG - Iter 36900: T=1.93, Fitness_actual=131.3, Mejor=143.0
2025-10-23 04:02:55,219 - INFO -   Iter 37000 | Tiempo:   37.1min (15.5%) | T =     1.92 | Fitness =    121.9 | Mejor =    143.0 | Aceptación =  80.1%
2025-10-23 04:02:55,219 - INFO - Progreso iter 37000: T=1.92, Fitness=121.9, Mejor=143.0, Tasa_acept=80.1%
2025-10-23 04:02:55,222 - DEBUG - Iter 37000: T=1.92, Fitness_actual=121.9, Mejor=143.0
2025-10-23 04:02:59,675 - WARNING - ⚠️  DEGRADACIÓN DETECTADA en iter 37050:
2025-10-23 04:02:59,675 - WARNING -    Mejor fitness: 143.0
2025-10-23 04:02:59,676 - WARNING -    Fitness promedio reciente: 120.3
2025-10-23 04:02:59,676 - WARNING -    Degradación: 22.7
2025-10-23 04:02:59,676 - WARNING -    🔄 RESTAURANDO mejor solución...
2025-10-23 04:03:04,110 - DEBUG - Iter 37100: T=1.92, Fitness_actual=134.9, Mejor=143.0
2025-10-23 04:03:12,960 - WARNING - ⚠️  DEGRADACIÓN DETECTADA en iter 37200:
2025-10-23 04:03:12,960 - WARNING -    Mejor fitness: 143.0
2025-10-23 04:03:12,960 - WARNING -    Fitness promedio reciente: 115.7
2025-10-23 04:03:12,961 - WARNING -    Degradación: 27.3
2025-10-23 04:03:12,961 - WARNING -    🔄 RESTAURANDO mejor solución...
2025-10-23 04:03:12,962 - DEBUG - Iter 37200: T=1.92, Fitness_actual=143.0, Mejor=143.0
2025-10-23 04:03:13,313 - INFO - 🌟 MEJORA #225 en iter 37204: Fitness=143.0 (+0.0), Puntos=16243
2025-10-23 04:03:13,313 - INFO -   ✨ Mejora #225 en iteración 37205: Fitness = 143.0 | Puntos = 16243 | T = 1.92
2025-10-23 04:03:13,491 - INFO - 🌟 MEJORA #226 en iter 37206: Fitness=143.0 (+0.0), Puntos=16243
2025-10-23 04:03:21,776 - DEBUG - Iter 37300: T=1.91, Fitness_actual=134.2, Mejor=143.0
2025-10-23 04:03:30,677 - DEBUG - Iter 37400: T=1.91, Fitness_actual=127.6, Mejor=143.0
2025-10-23 04:03:39,567 - INFO -   Iter 37500 | Tiempo:   37.9min (15.8%) | T =     1.91 | Fitness =    120.3 | Mejor =    143.0 | Aceptación =  80.0%
2025-10-23 04:03:39,567 - INFO - Progreso iter 37500: T=1.91, Fitness=120.3, Mejor=143.0, Tasa_acept=80.0%
2025-10-23 04:03:39,568 - WARNING - ⚠️  DEGRADACIÓN DETECTADA en iter 37500:
2025-10-23 04:03:39,568 - WARNING -    Mejor fitness: 143.0
2025-10-23 04:03:39,568 - WARNING -    Fitness promedio reciente: 118.4
2025-10-23 04:03:39,568 - WARNING -    Degradación: 24.6
2025-10-23 04:03:39,568 - WARNING -    🔄 RESTAURANDO mejor solución...
2025-10-23 04:03:39,571 - DEBUG - Iter 37500: T=1.91, Fitness_actual=143.0, Mejor=143.0
2025-10-23 04:03:48,418 - DEBUG - Iter 37600: T=1.90, Fitness_actual=131.0, Mejor=143.0
2025-10-23 04:03:57,441 - DEBUG - Iter 37700: T=1.90, Fitness_actual=127.8, Mejor=143.0
2025-10-23 04:04:06,392 - WARNING - ⚠️  DEGRADACIÓN DETECTADA en iter 37800:
2025-10-23 04:04:06,392 - WARNING -    Mejor fitness: 143.0
2025-10-23 04:04:06,392 - WARNING -    Fitness promedio reciente: 122.1
2025-10-23 04:04:06,392 - WARNING -    Degradación: 20.9
2025-10-23 04:04:06,392 - WARNING -    🔄 RESTAURANDO mejor solución...
2025-10-23 04:04:06,394 - DEBUG - Iter 37800: T=1.90, Fitness_actual=143.0, Mejor=143.0
2025-10-23 04:04:06,483 - INFO - 🌟 MEJORA #227 en iter 37801: Fitness=143.1 (+0.1), Puntos=16251
2025-10-23 04:04:15,341 - DEBUG - Iter 37900: T=1.89, Fitness_actual=134.9, Mejor=143.1
2025-10-23 04:04:24,315 - INFO -   Iter 38000 | Tiempo:   38.6min (16.1%) | T =     1.89 | Fitness =    125.8 | Mejor =    143.1 | Aceptación =  79.9%
2025-10-23 04:04:24,315 - INFO - Progreso iter 38000: T=1.89, Fitness=125.8, Mejor=143.1, Tasa_acept=79.9%
2025-10-23 04:04:24,318 - DEBUG - Iter 38000: T=1.89, Fitness_actual=125.8, Mejor=143.1
2025-10-23 04:04:28,792 - WARNING - ⚠️  DEGRADACIÓN DETECTADA en iter 38050:
2025-10-23 04:04:28,792 - WARNING -    Mejor fitness: 143.1
2025-10-23 04:04:28,792 - WARNING -    Fitness promedio reciente: 121.7
2025-10-23 04:04:28,793 - WARNING -    Degradación: 21.4
2025-10-23 04:04:28,793 - WARNING -    🔄 RESTAURANDO mejor solución...
2025-10-23 04:04:33,318 - DEBUG - Iter 38100: T=1.89, Fitness_actual=134.8, Mejor=143.1
2025-10-23 04:04:42,459 - DEBUG - Iter 38200: T=1.88, Fitness_actual=128.2, Mejor=143.1
2025-10-23 04:04:51,666 - DEBUG - Iter 38300: T=1.88, Fitness_actual=123.6, Mejor=143.1
2025-10-23 04:04:56,301 - WARNING - ⚠️  DEGRADACIÓN DETECTADA en iter 38350:
2025-10-23 04:04:56,302 - WARNING -    Mejor fitness: 143.1
2025-10-23 04:04:56,302 - WARNING -    Fitness promedio reciente: 118.4
2025-10-23 04:04:56,302 - WARNING -    Degradación: 24.7
2025-10-23 04:04:56,302 - WARNING -    🔄 RESTAURANDO mejor solución...
2025-10-23 04:04:56,304 - INFO - 🌟 MEJORA #228 en iter 38350: Fitness=143.2 (+0.1), Puntos=16264
2025-10-23 04:05:00,880 - DEBUG - Iter 38400: T=1.88, Fitness_actual=133.7, Mejor=143.2
2025-10-23 04:05:10,036 - INFO -   Iter 38500 | Tiempo:   39.4min (16.4%) | T =     1.87 | Fitness =    120.2 | Mejor =    143.2 | Aceptación =  79.8%
2025-10-23 04:05:10,036 - INFO - Progreso iter 38500: T=1.87, Fitness=120.2, Mejor=143.2, Tasa_acept=79.8%
2025-10-23 04:05:10,036 - WARNING - ⚠️  DEGRADACIÓN DETECTADA en iter 38500:
2025-10-23 04:05:10,037 - WARNING -    Mejor fitness: 143.2
2025-10-23 04:05:10,037 - WARNING -    Fitness promedio reciente: 121.0
2025-10-23 04:05:10,037 - WARNING -    Degradación: 22.2
2025-10-23 04:05:10,037 - WARNING -    🔄 RESTAURANDO mejor solución...
2025-10-23 04:05:10,038 - DEBUG - Iter 38500: T=1.87, Fitness_actual=143.2, Mejor=143.2
2025-10-23 04:05:19,219 - DEBUG - Iter 38600: T=1.87, Fitness_actual=130.0, Mejor=143.2
2025-10-23 04:05:28,398 - DEBUG - Iter 38700: T=1.87, Fitness_actual=118.5, Mejor=143.2
2025-10-23 04:05:33,024 - WARNING - ⚠️  DEGRADACIÓN DETECTADA en iter 38750:
2025-10-23 04:05:33,024 - WARNING -    Mejor fitness: 143.2
2025-10-23 04:05:33,024 - WARNING -    Fitness promedio reciente: 110.4
2025-10-23 04:05:33,024 - WARNING -    Degradación: 32.9
2025-10-23 04:05:33,025 - WARNING -    🔄 RESTAURANDO mejor solución...
2025-10-23 04:05:37,621 - DEBUG - Iter 38800: T=1.86, Fitness_actual=133.2, Mejor=143.2
2025-10-23 04:05:46,804 - DEBUG - Iter 38900: T=1.86, Fitness_actual=116.3, Mejor=143.2
2025-10-23 04:05:51,446 - WARNING - ⚠️  DEGRADACIÓN DETECTADA en iter 38950:
2025-10-23 04:05:51,446 - WARNING -    Mejor fitness: 143.2
2025-10-23 04:05:51,447 - WARNING -    Fitness promedio reciente: 121.7
2025-10-23 04:05:51,447 - WARNING -    Degradación: 21.5
2025-10-23 04:05:51,447 - WARNING -    🔄 RESTAURANDO mejor solución...
2025-10-23 04:05:51,725 - INFO - 🌟 MEJORA #229 en iter 38953: Fitness=143.2 (+0.0), Puntos=16264
2025-10-23 04:05:56,081 - INFO -   Iter 39000 | Tiempo:   40.2min (16.7%) | T =     1.86 | Fitness =    138.1 | Mejor =    143.2 | Aceptación =  79.7%
2025-10-23 04:05:56,081 - INFO - Progreso iter 39000: T=1.86, Fitness=138.1, Mejor=143.2, Tasa_acept=79.7%
2025-10-23 04:05:56,083 - DEBUG - Iter 39000: T=1.86, Fitness_actual=138.1, Mejor=143.2
2025-10-23 04:06:05,501 - DEBUG - Iter 39100: T=1.85, Fitness_actual=130.4, Mejor=143.2
2025-10-23 04:06:14,807 - DEBUG - Iter 39200: T=1.85, Fitness_actual=125.7, Mejor=143.2
2025-10-23 04:06:24,050 - WARNING - ⚠️  DEGRADACIÓN DETECTADA en iter 39300:
2025-10-23 04:06:24,051 - WARNING -    Mejor fitness: 143.2
2025-10-23 04:06:24,051 - WARNING -    Fitness promedio reciente: 120.5
2025-10-23 04:06:24,051 - WARNING -    Degradación: 22.7
2025-10-23 04:06:24,051 - WARNING -    🔄 RESTAURANDO mejor solución...
2025-10-23 04:06:24,052 - DEBUG - Iter 39300: T=1.85, Fitness_actual=143.2, Mejor=143.2
2025-10-23 04:06:33,294 - DEBUG - Iter 39400: T=1.84, Fitness_actual=129.8, Mejor=143.2
2025-10-23 04:06:42,505 - INFO -   Iter 39500 | Tiempo:   40.9min (17.1%) | T =     1.84 | Fitness =    126.8 | Mejor =    143.2 | Aceptación =  79.7%
2025-10-23 04:06:42,506 - INFO - Progreso iter 39500: T=1.84, Fitness=126.8, Mejor=143.2, Tasa_acept=79.7%
2025-10-23 04:06:42,507 - DEBUG - Iter 39500: T=1.84, Fitness_actual=126.8, Mejor=143.2
2025-10-23 04:06:51,722 - DEBUG - Iter 39600: T=1.84, Fitness_actual=123.1, Mejor=143.2
2025-10-23 04:06:56,423 - WARNING - ⚠️  DEGRADACIÓN DETECTADA en iter 39650:
2025-10-23 04:06:56,423 - WARNING -    Mejor fitness: 143.2
2025-10-23 04:06:56,423 - WARNING -    Fitness promedio reciente: 118.5
2025-10-23 04:06:56,423 - WARNING -    Degradación: 24.7
2025-10-23 04:06:56,424 - WARNING -    🔄 RESTAURANDO mejor solución...
2025-10-23 04:07:01,064 - DEBUG - Iter 39700: T=1.83, Fitness_actual=138.4, Mejor=143.2
2025-10-23 04:07:10,394 - DEBUG - Iter 39800: T=1.83, Fitness_actual=126.7, Mejor=143.2
2025-10-23 04:07:19,733 - WARNING - ⚠️  DEGRADACIÓN DETECTADA en iter 39900:
2025-10-23 04:07:19,733 - WARNING -    Mejor fitness: 143.2
2025-10-23 04:07:19,733 - WARNING -    Fitness promedio reciente: 119.6
2025-10-23 04:07:19,733 - WARNING -    Degradación: 23.6
2025-10-23 04:07:19,734 - WARNING -    🔄 RESTAURANDO mejor solución...
2025-10-23 04:07:19,735 - DEBUG - Iter 39900: T=1.83, Fitness_actual=143.2, Mejor=143.2
2025-10-23 04:07:19,735 - INFO - 🌟 MEJORA #230 en iter 39900: Fitness=143.3 (+0.0), Puntos=16266
2025-10-23 04:07:19,736 - INFO -   ✨ Mejora #230 en iteración 39901: Fitness = 143.3 | Puntos = 16266 | T = 1.83
2025-10-23 04:07:29,028 - INFO -   Iter 40000 | Tiempo:   41.7min (17.4%) | T =     1.82 | Fitness =    133.4 | Mejor =    143.3 | Aceptación =  79.6%
2025-10-23 04:07:29,028 - INFO - Progreso iter 40000: T=1.82, Fitness=133.4, Mejor=143.3, Tasa_acept=79.6%
2025-10-23 04:07:29,029 - DEBUG - Iter 40000: T=1.82, Fitness_actual=133.4, Mejor=143.3
2025-10-23 04:07:38,409 - DEBUG - Iter 40100: T=1.82, Fitness_actual=124.1, Mejor=143.3
2025-10-23 04:07:47,787 - WARNING - ⚠️  DEGRADACIÓN DETECTADA en iter 40200:
2025-10-23 04:07:47,787 - WARNING -    Mejor fitness: 143.3
2025-10-23 04:07:47,787 - WARNING -    Fitness promedio reciente: 121.8
2025-10-23 04:07:47,788 - WARNING -    Degradación: 21.5
2025-10-23 04:07:47,788 - WARNING -    🔄 RESTAURANDO mejor solución...
2025-10-23 04:07:47,789 - DEBUG - Iter 40200: T=1.82, Fitness_actual=143.3, Mejor=143.3
2025-10-23 04:07:57,147 - DEBUG - Iter 40300: T=1.81, Fitness_actual=135.9, Mejor=143.3
2025-10-23 04:08:06,493 - DEBUG - Iter 40400: T=1.81, Fitness_actual=128.3, Mejor=143.3
2025-10-23 04:08:15,829 - INFO -   Iter 40500 | Tiempo:   42.5min (17.7%) | T =     1.81 | Fitness =    123.3 | Mejor =    143.3 | Aceptación =  79.6%
2025-10-23 04:08:15,829 - INFO - Progreso iter 40500: T=1.81, Fitness=123.3, Mejor=143.3, Tasa_acept=79.6%
2025-10-23 04:08:15,829 - WARNING - ⚠️  DEGRADACIÓN DETECTADA en iter 40500:
2025-10-23 04:08:15,829 - WARNING -    Mejor fitness: 143.3
2025-10-23 04:08:15,829 - WARNING -    Fitness promedio reciente: 123.2
2025-10-23 04:08:15,830 - WARNING -    Degradación: 20.0
2025-10-23 04:08:15,830 - WARNING -    🔄 RESTAURANDO mejor solución...
2025-10-23 04:08:15,831 - DEBUG - Iter 40500: T=1.81, Fitness_actual=143.3, Mejor=143.3
2025-10-23 04:08:25,252 - DEBUG - Iter 40600: T=1.80, Fitness_actual=133.0, Mejor=143.3
2025-10-23 04:08:34,691 - DEBUG - Iter 40700: T=1.80, Fitness_actual=120.0, Mejor=143.3
2025-10-23 04:08:39,417 - WARNING - ⚠️  DEGRADACIÓN DETECTADA en iter 40750:
2025-10-23 04:08:39,417 - WARNING -    Mejor fitness: 143.3
2025-10-23 04:08:39,417 - WARNING -    Fitness promedio reciente: 119.3
2025-10-23 04:08:39,417 - WARNING -    Degradación: 24.0
2025-10-23 04:08:39,418 - WARNING -    🔄 RESTAURANDO mejor solución...
2025-10-23 04:08:44,128 - DEBUG - Iter 40800: T=1.79, Fitness_actual=140.0, Mejor=143.3
2025-10-23 04:08:53,544 - DEBUG - Iter 40900: T=1.79, Fitness_actual=132.1, Mejor=143.3
2025-10-23 04:09:02,557 - INFO -   Iter 41000 | Tiempo:   43.3min (18.0%) | T =     1.79 | Fitness =    124.9 | Mejor =    143.3 | Aceptación =  79.5%
2025-10-23 04:09:02,558 - INFO - Progreso iter 41000: T=1.79, Fitness=124.9, Mejor=143.3, Tasa_acept=79.5%
2025-10-23 04:09:02,559 - DEBUG - Iter 41000: T=1.79, Fitness_actual=124.9, Mejor=143.3
2025-10-23 04:09:11,574 - WARNING - ⚠️  DEGRADACIÓN DETECTADA en iter 41100:
2025-10-23 04:09:11,574 - WARNING -    Mejor fitness: 143.3
2025-10-23 04:09:11,574 - WARNING -    Fitness promedio reciente: 122.2
2025-10-23 04:09:11,574 - WARNING -    Degradación: 21.0
2025-10-23 04:09:11,575 - WARNING -    🔄 RESTAURANDO mejor solución...
2025-10-23 04:09:11,576 - DEBUG - Iter 41100: T=1.79, Fitness_actual=143.3, Mejor=143.3
2025-10-23 04:09:20,639 - DEBUG - Iter 41200: T=1.78, Fitness_actual=132.6, Mejor=143.3
2025-10-23 04:09:29,674 - DEBUG - Iter 41300: T=1.78, Fitness_actual=130.1, Mejor=143.3
2025-10-23 04:09:38,770 - DEBUG - Iter 41400: T=1.78, Fitness_actual=126.5, Mejor=143.3
2025-10-23 04:09:47,854 - INFO -   Iter 41500 | Tiempo:   44.0min (18.3%) | T =     1.77 | Fitness =    123.4 | Mejor =    143.3 | Aceptación =  79.4%
2025-10-23 04:09:47,854 - INFO - Progreso iter 41500: T=1.77, Fitness=123.4, Mejor=143.3, Tasa_acept=79.4%
2025-10-23 04:09:47,855 - DEBUG - Iter 41500: T=1.77, Fitness_actual=123.4, Mejor=143.3
2025-10-23 04:09:52,384 - WARNING - ⚠️  DEGRADACIÓN DETECTADA en iter 41550:
2025-10-23 04:09:52,384 - WARNING -    Mejor fitness: 143.3
2025-10-23 04:09:52,384 - WARNING -    Fitness promedio reciente: 120.8
2025-10-23 04:09:52,384 - WARNING -    Degradación: 22.4
2025-10-23 04:09:52,384 - WARNING -    🔄 RESTAURANDO mejor solución...
2025-10-23 04:09:52,658 - INFO - 🌟 MEJORA #231 en iter 41553: Fitness=143.3 (+0.0), Puntos=16266
2025-10-23 04:09:56,929 - DEBUG - Iter 41600: T=1.77, Fitness_actual=138.2, Mejor=143.3
2025-10-23 04:10:06,014 - DEBUG - Iter 41700: T=1.77, Fitness_actual=123.7, Mejor=143.3
2025-10-23 04:10:15,181 - DEBUG - Iter 41800: T=1.76, Fitness_actual=120.7, Mejor=143.3
2025-10-23 04:10:19,769 - WARNING - ⚠️  DEGRADACIÓN DETECTADA en iter 41850:
2025-10-23 04:10:19,770 - WARNING -    Mejor fitness: 143.3
2025-10-23 04:10:19,770 - WARNING -    Fitness promedio reciente: 117.0
2025-10-23 04:10:19,770 - WARNING -    Degradación: 26.3
2025-10-23 04:10:19,770 - WARNING -    🔄 RESTAURANDO mejor solución...
2025-10-23 04:10:24,321 - DEBUG - Iter 41900: T=1.76, Fitness_actual=138.2, Mejor=143.3
2025-10-23 04:10:33,496 - INFO -   Iter 42000 | Tiempo:   44.8min (18.7%) | T =     1.76 | Fitness =    128.8 | Mejor =    143.3 | Aceptación =  79.4%
2025-10-23 04:10:33,496 - INFO - Progreso iter 42000: T=1.76, Fitness=128.8, Mejor=143.3, Tasa_acept=79.4%
2025-10-23 04:10:33,498 - DEBUG - Iter 42000: T=1.76, Fitness_actual=128.8, Mejor=143.3
2025-10-23 04:10:42,658 - WARNING - ⚠️  DEGRADACIÓN DETECTADA en iter 42100:
2025-10-23 04:10:42,658 - WARNING -    Mejor fitness: 143.3
2025-10-23 04:10:42,659 - WARNING -    Fitness promedio reciente: 119.8
2025-10-23 04:10:42,659 - WARNING -    Degradación: 23.5
2025-10-23 04:10:42,659 - WARNING -    🔄 RESTAURANDO mejor solución...
2025-10-23 04:10:42,660 - DEBUG - Iter 42100: T=1.75, Fitness_actual=143.3, Mejor=143.3
2025-10-23 04:10:51,782 - DEBUG - Iter 42200: T=1.75, Fitness_actual=128.8, Mejor=143.3
2025-10-23 04:10:56,364 - WARNING - ⚠️  DEGRADACIÓN DETECTADA en iter 42250:
2025-10-23 04:10:56,364 - WARNING -    Mejor fitness: 143.3
2025-10-23 04:10:56,364 - WARNING -    Fitness promedio reciente: 122.7
2025-10-23 04:10:56,364 - WARNING -    Degradación: 20.5
2025-10-23 04:10:56,365 - WARNING -    🔄 RESTAURANDO mejor solución...
2025-10-23 04:10:56,549 - INFO - 🌟 MEJORA #232 en iter 42252: Fitness=143.3 (+0.0), Puntos=16266
2025-10-23 04:10:56,821 - INFO - 🌟 MEJORA #233 en iter 42255: Fitness=143.3 (+0.1), Puntos=16272
2025-10-23 04:11:01,040 - DEBUG - Iter 42300: T=1.75, Fitness_actual=128.8, Mejor=143.3
2025-10-23 04:11:10,184 - DEBUG - Iter 42400: T=1.74, Fitness_actual=124.5, Mejor=143.3
2025-10-23 04:11:14,808 - WARNING - ⚠️  DEGRADACIÓN DETECTADA en iter 42450:
2025-10-23 04:11:14,808 - WARNING -    Mejor fitness: 143.3
2025-10-23 04:11:14,808 - WARNING -    Fitness promedio reciente: 123.0
2025-10-23 04:11:14,808 - WARNING -    Degradación: 20.3
2025-10-23 04:11:14,809 - WARNING -    🔄 RESTAURANDO mejor solución...
2025-10-23 04:11:14,901 - INFO - 🌟 MEJORA #234 en iter 42451: Fitness=143.4 (+0.0), Puntos=16276
2025-10-23 04:11:19,397 - INFO -   Iter 42500 | Tiempo:   45.6min (19.0%) | T =     1.74 | Fitness =    135.8 | Mejor =    143.4 | Aceptación =  79.3%
2025-10-23 04:11:19,397 - INFO - Progreso iter 42500: T=1.74, Fitness=135.8, Mejor=143.4, Tasa_acept=79.3%
2025-10-23 04:11:19,399 - DEBUG - Iter 42500: T=1.74, Fitness_actual=135.8, Mejor=143.4
2025-10-23 04:11:28,606 - DEBUG - Iter 42600: T=1.74, Fitness_actual=130.1, Mejor=143.4
2025-10-23 04:11:37,843 - DEBUG - Iter 42700: T=1.73, Fitness_actual=125.3, Mejor=143.4
2025-10-23 04:11:47,113 - DEBUG - Iter 42800: T=1.73, Fitness_actual=127.6, Mejor=143.4
2025-10-23 04:11:56,499 - DEBUG - Iter 42900: T=1.73, Fitness_actual=125.5, Mejor=143.4
2025-10-23 04:12:01,148 - WARNING - ⚠️  DEGRADACIÓN DETECTADA en iter 42950:
2025-10-23 04:12:01,148 - WARNING -    Mejor fitness: 143.4
2025-10-23 04:12:01,148 - WARNING -    Fitness promedio reciente: 120.6
2025-10-23 04:12:01,148 - WARNING -    Degradación: 22.7
2025-10-23 04:12:01,149 - WARNING -    🔄 RESTAURANDO mejor solución...
2025-10-23 04:12:05,790 - INFO -   Iter 43000 | Tiempo:   46.3min (19.3%) | T =     1.73 | Fitness =    135.7 | Mejor =    143.4 | Aceptación =  79.3%
2025-10-23 04:12:05,790 - INFO - Progreso iter 43000: T=1.73, Fitness=135.7, Mejor=143.4, Tasa_acept=79.3%
2025-10-23 04:12:05,791 - DEBUG - Iter 43000: T=1.73, Fitness_actual=135.7, Mejor=143.4
2025-10-23 04:12:15,164 - DEBUG - Iter 43100: T=1.72, Fitness_actual=128.6, Mejor=143.4
2025-10-23 04:12:24,604 - WARNING - ⚠️  DEGRADACIÓN DETECTADA en iter 43200:
2025-10-23 04:12:24,605 - WARNING -    Mejor fitness: 143.4
2025-10-23 04:12:24,605 - WARNING -    Fitness promedio reciente: 122.5
2025-10-23 04:12:24,605 - WARNING -    Degradación: 20.8
2025-10-23 04:12:24,605 - WARNING -    🔄 RESTAURANDO mejor solución...
2025-10-23 04:12:24,607 - DEBUG - Iter 43200: T=1.72, Fitness_actual=143.4, Mejor=143.4
2025-10-23 04:12:33,978 - DEBUG - Iter 43300: T=1.72, Fitness_actual=132.3, Mejor=143.4
2025-10-23 04:12:43,302 - DEBUG - Iter 43400: T=1.71, Fitness_actual=129.1, Mejor=143.4
2025-10-23 04:12:52,596 - INFO -   Iter 43500 | Tiempo:   47.1min (19.6%) | T =     1.71 | Fitness =    120.7 | Mejor =    143.4 | Aceptación =  79.2%
2025-10-23 04:12:52,597 - INFO - Progreso iter 43500: T=1.71, Fitness=120.7, Mejor=143.4, Tasa_acept=79.2%
2025-10-23 04:12:52,598 - DEBUG - Iter 43500: T=1.71, Fitness_actual=120.7, Mejor=143.4
2025-10-23 04:12:57,269 - WARNING - ⚠️  DEGRADACIÓN DETECTADA en iter 43550:
2025-10-23 04:12:57,269 - WARNING -    Mejor fitness: 143.4
2025-10-23 04:12:57,270 - WARNING -    Fitness promedio reciente: 117.4
2025-10-23 04:12:57,270 - WARNING -    Degradación: 26.0
2025-10-23 04:12:57,270 - WARNING -    🔄 RESTAURANDO mejor solución...
2025-10-23 04:13:01,947 - DEBUG - Iter 43600: T=1.71, Fitness_actual=134.9, Mejor=143.4
2025-10-23 04:13:11,303 - DEBUG - Iter 43700: T=1.70, Fitness_actual=132.6, Mejor=143.4
2025-10-23 04:13:20,732 - DEBUG - Iter 43800: T=1.70, Fitness_actual=125.3, Mejor=143.4
2025-10-23 04:13:30,187 - DEBUG - Iter 43900: T=1.70, Fitness_actual=125.8, Mejor=143.4
2025-10-23 04:13:34,894 - WARNING - ⚠️  DEGRADACIÓN DETECTADA en iter 43950:
2025-10-23 04:13:34,894 - WARNING -    Mejor fitness: 143.4
2025-10-23 04:13:34,895 - WARNING -    Fitness promedio reciente: 122.8
2025-10-23 04:13:34,895 - WARNING -    Degradación: 20.6
2025-10-23 04:13:34,895 - WARNING -    🔄 RESTAURANDO mejor solución...
2025-10-23 04:13:39,575 - INFO -   Iter 44000 | Tiempo:   47.9min (20.0%) | T =     1.69 | Fitness =    136.3 | Mejor =    143.4 | Aceptación =  79.2%
2025-10-23 04:13:39,575 - INFO - Progreso iter 44000: T=1.69, Fitness=136.3, Mejor=143.4, Tasa_acept=79.2%
2025-10-23 04:13:39,577 - DEBUG - Iter 44000: T=1.69, Fitness_actual=136.3, Mejor=143.4
2025-10-23 04:13:48,958 - DEBUG - Iter 44100: T=1.69, Fitness_actual=134.3, Mejor=143.4
2025-10-23 04:13:58,489 - DEBUG - Iter 44200: T=1.69, Fitness_actual=122.6, Mejor=143.4
2025-10-23 04:14:03,254 - WARNING - ⚠️  DEGRADACIÓN DETECTADA en iter 44250:
2025-10-23 04:14:03,254 - WARNING -    Mejor fitness: 143.4
2025-10-23 04:14:03,254 - WARNING -    Fitness promedio reciente: 121.4
2025-10-23 04:14:03,254 - WARNING -    Degradación: 22.0
2025-10-23 04:14:03,255 - WARNING -    🔄 RESTAURANDO mejor solución...
2025-10-23 04:14:03,352 - INFO - 🌟 MEJORA #235 en iter 44251: Fitness=143.4 (+0.0), Puntos=16279
2025-10-23 04:14:03,352 - INFO -   ✨ Mejora #235 en iteración 44252: Fitness = 143.4 | Puntos = 16279 | T = 1.69
2025-10-23 04:14:03,447 - INFO - 🌟 MEJORA #236 en iter 44252: Fitness=143.4 (+0.0), Puntos=16279
2025-10-23 04:14:03,541 - INFO - 🌟 MEJORA #237 en iter 44253: Fitness=143.6 (+0.2), Puntos=16298
2025-10-23 04:14:07,962 - DEBUG - Iter 44300: T=1.68, Fitness_actual=134.4, Mejor=143.6
2025-10-23 04:14:17,376 - DEBUG - Iter 44400: T=1.68, Fitness_actual=120.9, Mejor=143.6
2025-10-23 04:14:22,125 - WARNING - ⚠️  DEGRADACIÓN DETECTADA en iter 44450:
2025-10-23 04:14:22,125 - WARNING -    Mejor fitness: 143.6
2025-10-23 04:14:22,125 - WARNING -    Fitness promedio reciente: 118.8
2025-10-23 04:14:22,125 - WARNING -    Degradación: 24.8
2025-10-23 04:14:22,125 - WARNING -    🔄 RESTAURANDO mejor solución...
2025-10-23 04:14:22,222 - INFO - 🌟 MEJORA #238 en iter 44451: Fitness=143.6 (+0.0), Puntos=16298
2025-10-23 04:14:26,843 - INFO -   Iter 44500 | Tiempo:   48.7min (20.3%) | T =     1.68 | Fitness =    129.5 | Mejor =    143.6 | Aceptación =  79.1%
2025-10-23 04:14:26,843 - INFO - Progreso iter 44500: T=1.68, Fitness=129.5, Mejor=143.6, Tasa_acept=79.1%
2025-10-23 04:14:26,845 - DEBUG - Iter 44500: T=1.68, Fitness_actual=129.5, Mejor=143.6
2025-10-23 04:14:36,276 - DEBUG - Iter 44600: T=1.68, Fitness_actual=126.4, Mejor=143.6
2025-10-23 04:14:40,975 - WARNING - ⚠️  DEGRADACIÓN DETECTADA en iter 44650:
2025-10-23 04:14:40,975 - WARNING -    Mejor fitness: 143.6
2025-10-23 04:14:40,976 - WARNING -    Fitness promedio reciente: 121.8
2025-10-23 04:14:40,976 - WARNING -    Degradación: 21.8
2025-10-23 04:14:40,976 - WARNING -    🔄 RESTAURANDO mejor solución...
2025-10-23 04:14:45,685 - DEBUG - Iter 44700: T=1.67, Fitness_actual=139.7, Mejor=143.6
2025-10-23 04:14:55,123 - DEBUG - Iter 44800: T=1.67, Fitness_actual=124.9, Mejor=143.6
2025-10-23 04:15:04,625 - WARNING - ⚠️  DEGRADACIÓN DETECTADA en iter 44900:
2025-10-23 04:15:04,626 - WARNING -    Mejor fitness: 143.6
2025-10-23 04:15:04,626 - WARNING -    Fitness promedio reciente: 117.3
2025-10-23 04:15:04,626 - WARNING -    Degradación: 26.3
2025-10-23 04:15:04,626 - WARNING -    🔄 RESTAURANDO mejor solución...
2025-10-23 04:15:04,627 - DEBUG - Iter 44900: T=1.67, Fitness_actual=143.6, Mejor=143.6
2025-10-23 04:15:14,081 - INFO -   Iter 45000 | Tiempo:   49.5min (20.6%) | T =     1.66 | Fitness =    131.8 | Mejor =    143.6 | Aceptación =  79.1%
2025-10-23 04:15:14,081 - INFO - Progreso iter 45000: T=1.66, Fitness=131.8, Mejor=143.6, Tasa_acept=79.1%
2025-10-23 04:15:14,082 - DEBUG - Iter 45000: T=1.66, Fitness_actual=131.8, Mejor=143.6
2025-10-23 04:15:23,518 - WARNING - ⚠️  DEGRADACIÓN DETECTADA en iter 45100:
2025-10-23 04:15:23,519 - WARNING -    Mejor fitness: 143.6
2025-10-23 04:15:23,519 - WARNING -    Fitness promedio reciente: 123.1
2025-10-23 04:15:23,519 - WARNING -    Degradación: 20.4
2025-10-23 04:15:23,519 - WARNING -    🔄 RESTAURANDO mejor solución...
2025-10-23 04:15:23,520 - DEBUG - Iter 45100: T=1.66, Fitness_actual=143.6, Mejor=143.6
2025-10-23 04:15:23,521 - INFO - 🌟 MEJORA #239 en iter 45100: Fitness=143.6 (+0.0), Puntos=16298
2025-10-23 04:15:33,024 - DEBUG - Iter 45200: T=1.66, Fitness_actual=134.2, Mejor=143.6
2025-10-23 04:15:42,579 - DEBUG - Iter 45300: T=1.65, Fitness_actual=123.3, Mejor=143.6
2025-10-23 04:15:47,362 - WARNING - ⚠️  DEGRADACIÓN DETECTADA en iter 45350:
2025-10-23 04:15:47,362 - WARNING -    Mejor fitness: 143.6
2025-10-23 04:15:47,362 - WARNING -    Fitness promedio reciente: 123.2
2025-10-23 04:15:47,362 - WARNING -    Degradación: 20.4
2025-10-23 04:15:47,362 - WARNING -    🔄 RESTAURANDO mejor solución...
2025-10-23 04:15:47,364 - INFO - 🌟 MEJORA #240 en iter 45350: Fitness=143.6 (+0.0), Puntos=16298
2025-10-23 04:15:47,364 - INFO -   ✨ Mejora #240 en iteración 45351: Fitness = 143.6 | Puntos = 16298 | T = 1.65
2025-10-23 04:15:47,459 - INFO - 🌟 MEJORA #241 en iter 45351: Fitness=143.6 (+0.0), Puntos=16298
2025-10-23 04:15:52,120 - DEBUG - Iter 45400: T=1.65, Fitness_actual=137.3, Mejor=143.6
2025-10-23 04:16:01,812 - INFO -   Iter 45500 | Tiempo:   50.3min (20.9%) | T =     1.65 | Fitness =    134.2 | Mejor =    143.6 | Aceptación =  79.0%
2025-10-23 04:16:01,812 - INFO - Progreso iter 45500: T=1.65, Fitness=134.2, Mejor=143.6, Tasa_acept=79.0%
2025-10-23 04:16:01,814 - DEBUG - Iter 45500: T=1.65, Fitness_actual=134.2, Mejor=143.6
2025-10-23 04:16:11,403 - DEBUG - Iter 45600: T=1.64, Fitness_actual=128.7, Mejor=143.6
2025-10-23 04:16:21,027 - DEBUG - Iter 45700: T=1.64, Fitness_actual=124.4, Mejor=143.6
2025-10-23 04:16:30,583 - DEBUG - Iter 45800: T=1.64, Fitness_actual=126.5, Mejor=143.6
2025-10-23 04:16:40,117 - WARNING - ⚠️  DEGRADACIÓN DETECTADA en iter 45900:
2025-10-23 04:16:40,117 - WARNING -    Mejor fitness: 143.6
2025-10-23 04:16:40,117 - WARNING -    Fitness promedio reciente: 121.0
2025-10-23 04:16:40,117 - WARNING -    Degradación: 22.5
2025-10-23 04:16:40,117 - WARNING -    🔄 RESTAURANDO mejor solución...
2025-10-23 04:16:40,119 - DEBUG - Iter 45900: T=1.63, Fitness_actual=143.6, Mejor=143.6
2025-10-23 04:16:40,502 - INFO - 🌟 MEJORA #242 en iter 45904: Fitness=143.6 (+0.0), Puntos=16298
2025-10-23 04:16:49,669 - INFO -   Iter 46000 | Tiempo:   51.1min (21.3%) | T =     1.63 | Fitness =    127.8 | Mejor =    143.6 | Aceptación =  79.0%
2025-10-23 04:16:49,670 - INFO - Progreso iter 46000: T=1.63, Fitness=127.8, Mejor=143.6, Tasa_acept=79.0%
2025-10-23 04:16:49,671 - DEBUG - Iter 46000: T=1.63, Fitness_actual=127.8, Mejor=143.6
2025-10-23 04:16:59,323 - DEBUG - Iter 46100: T=1.63, Fitness_actual=128.0, Mejor=143.6
2025-10-23 04:17:08,908 - DEBUG - Iter 46200: T=1.63, Fitness_actual=122.5, Mejor=143.6
2025-10-23 04:17:13,702 - WARNING - ⚠️  DEGRADACIÓN DETECTADA en iter 46250:
2025-10-23 04:17:13,702 - WARNING -    Mejor fitness: 143.6
2025-10-23 04:17:13,702 - WARNING -    Fitness promedio reciente: 121.9
2025-10-23 04:17:13,703 - WARNING -    Degradación: 21.6
2025-10-23 04:17:13,703 - WARNING -    🔄 RESTAURANDO mejor solución...
2025-10-23 04:17:13,992 - INFO - 🌟 MEJORA #243 en iter 46253: Fitness=143.6 (+0.0), Puntos=16298
2025-10-23 04:17:18,561 - DEBUG - Iter 46300: T=1.62, Fitness_actual=140.0, Mejor=143.6
2025-10-23 04:17:28,444 - DEBUG - Iter 46400: T=1.62, Fitness_actual=128.5, Mejor=143.6
2025-10-23 04:17:38,113 - INFO -   Iter 46500 | Tiempo:   51.9min (21.6%) | T =     1.62 | Fitness =    116.7 | Mejor =    143.6 | Aceptación =  78.9%
2025-10-23 04:17:38,113 - INFO - Progreso iter 46500: T=1.62, Fitness=116.7, Mejor=143.6, Tasa_acept=78.9%
2025-10-23 04:17:38,113 - WARNING - ⚠️  DEGRADACIÓN DETECTADA en iter 46500:
2025-10-23 04:17:38,113 - WARNING -    Mejor fitness: 143.6
2025-10-23 04:17:38,113 - WARNING -    Fitness promedio reciente: 120.2
2025-10-23 04:17:38,114 - WARNING -    Degradación: 23.4
2025-10-23 04:17:38,114 - WARNING -    🔄 RESTAURANDO mejor solución...
2025-10-23 04:17:38,116 - DEBUG - Iter 46500: T=1.62, Fitness_actual=143.6, Mejor=143.6
2025-10-23 04:17:47,728 - DEBUG - Iter 46600: T=1.61, Fitness_actual=129.2, Mejor=143.6
2025-10-23 04:17:57,390 - DEBUG - Iter 46700: T=1.61, Fitness_actual=123.9, Mejor=143.6
2025-10-23 04:18:02,227 - WARNING - ⚠️  DEGRADACIÓN DETECTADA en iter 46750:
2025-10-23 04:18:02,227 - WARNING -    Mejor fitness: 143.6
2025-10-23 04:18:02,228 - WARNING -    Fitness promedio reciente: 121.6
2025-10-23 04:18:02,228 - WARNING -    Degradación: 22.0
2025-10-23 04:18:02,228 - WARNING -    🔄 RESTAURANDO mejor solución...
2025-10-23 04:18:07,053 - DEBUG - Iter 46800: T=1.61, Fitness_actual=133.2, Mejor=143.6
2025-10-23 04:18:16,791 - DEBUG - Iter 46900: T=1.60, Fitness_actual=126.7, Mejor=143.6
2025-10-23 04:18:21,660 - WARNING - ⚠️  DEGRADACIÓN DETECTADA en iter 46950:
2025-10-23 04:18:21,660 - WARNING -    Mejor fitness: 143.6
2025-10-23 04:18:21,660 - WARNING -    Fitness promedio reciente: 116.0
2025-10-23 04:18:21,660 - WARNING -    Degradación: 27.6
2025-10-23 04:18:21,660 - WARNING -    🔄 RESTAURANDO mejor solución...
2025-10-23 04:18:26,522 - INFO -   Iter 47000 | Tiempo:   52.7min (21.9%) | T =     1.60 | Fitness =    133.8 | Mejor =    143.6 | Aceptación =  78.9%
2025-10-23 04:18:26,522 - INFO - Progreso iter 47000: T=1.60, Fitness=133.8, Mejor=143.6, Tasa_acept=78.9%
2025-10-23 04:18:26,523 - DEBUG - Iter 47000: T=1.60, Fitness_actual=133.8, Mejor=143.6
2025-10-23 04:18:36,228 - WARNING - ⚠️  DEGRADACIÓN DETECTADA en iter 47100:
2025-10-23 04:18:36,228 - WARNING -    Mejor fitness: 143.6
2025-10-23 04:18:36,229 - WARNING -    Fitness promedio reciente: 122.9
2025-10-23 04:18:36,229 - WARNING -    Degradación: 20.7
2025-10-23 04:18:36,229 - WARNING -    🔄 RESTAURANDO mejor solución...
2025-10-23 04:18:36,230 - DEBUG - Iter 47100: T=1.60, Fitness_actual=143.6, Mejor=143.6
2025-10-23 04:18:45,899 - DEBUG - Iter 47200: T=1.60, Fitness_actual=132.7, Mejor=143.6
2025-10-23 04:18:55,704 - DEBUG - Iter 47300: T=1.59, Fitness_actual=126.3, Mejor=143.6
2025-10-23 04:19:05,388 - DEBUG - Iter 47400: T=1.59, Fitness_actual=121.9, Mejor=143.6
2025-10-23 04:19:10,239 - WARNING - ⚠️  DEGRADACIÓN DETECTADA en iter 47450:
2025-10-23 04:19:10,239 - WARNING -    Mejor fitness: 143.6
2025-10-23 04:19:10,239 - WARNING -    Fitness promedio reciente: 119.6
2025-10-23 04:19:10,240 - WARNING -    Degradación: 24.0
2025-10-23 04:19:10,240 - WARNING -    🔄 RESTAURANDO mejor solución...
2025-10-23 04:19:10,241 - INFO - 🌟 MEJORA #244 en iter 47450: Fitness=143.6 (+0.0), Puntos=16298
2025-10-23 04:19:10,436 - INFO - 🌟 MEJORA #245 en iter 47452: Fitness=143.6 (+0.0), Puntos=16298
2025-10-23 04:19:10,437 - INFO -   ✨ Mejora #245 en iteración 47453: Fitness = 143.6 | Puntos = 16298 | T = 1.59
2025-10-23 04:19:11,116 - INFO - 🌟 MEJORA #246 en iter 47459: Fitness=143.7 (+0.1), Puntos=16306
2025-10-23 04:19:15,109 - INFO -   Iter 47500 | Tiempo:   53.5min (22.3%) | T =     1.59 | Fitness =    139.2 | Mejor =    143.7 | Aceptación =  78.8%
2025-10-23 04:19:15,109 - INFO - Progreso iter 47500: T=1.59, Fitness=139.2, Mejor=143.7, Tasa_acept=78.8%
2025-10-23 04:19:15,110 - DEBUG - Iter 47500: T=1.59, Fitness_actual=139.2, Mejor=143.7
2025-10-23 04:19:24,864 - DEBUG - Iter 47600: T=1.58, Fitness_actual=129.6, Mejor=143.7
2025-10-23 04:19:34,723 - DEBUG - Iter 47700: T=1.58, Fitness_actual=133.1, Mejor=143.7
2025-10-23 04:19:44,578 - DEBUG - Iter 47800: T=1.58, Fitness_actual=124.6, Mejor=143.7
2025-10-23 04:19:49,544 - WARNING - ⚠️  DEGRADACIÓN DETECTADA en iter 47850:
2025-10-23 04:19:49,544 - WARNING -    Mejor fitness: 143.7
2025-10-23 04:19:49,544 - WARNING -    Fitness promedio reciente: 119.4
2025-10-23 04:19:49,544 - WARNING -    Degradación: 24.3
2025-10-23 04:19:49,545 - WARNING -    🔄 RESTAURANDO mejor solución...
2025-10-23 04:19:49,646 - INFO - 🌟 MEJORA #247 en iter 47851: Fitness=143.7 (+0.0), Puntos=16306
2025-10-23 04:19:49,746 - INFO - 🌟 MEJORA #248 en iter 47852: Fitness=143.7 (+0.0), Puntos=16306
2025-10-23 04:19:54,507 - DEBUG - Iter 47900: T=1.57, Fitness_actual=133.5, Mejor=143.7
2025-10-23 04:20:04,430 - INFO -   Iter 48000 | Tiempo:   54.3min (22.6%) | T =     1.57 | Fitness =    130.1 | Mejor =    143.7 | Aceptación =  78.8%
2025-10-23 04:20:04,430 - INFO - Progreso iter 48000: T=1.57, Fitness=130.1, Mejor=143.7, Tasa_acept=78.8%
2025-10-23 04:20:04,435 - DEBUG - Iter 48000: T=1.57, Fitness_actual=130.1, Mejor=143.7
2025-10-23 04:20:14,406 - DEBUG - Iter 48100: T=1.57, Fitness_actual=126.4, Mejor=143.7
2025-10-23 04:20:24,463 - DEBUG - Iter 48200: T=1.56, Fitness_actual=124.3, Mejor=143.7
2025-10-23 04:20:29,463 - WARNING - ⚠️  DEGRADACIÓN DETECTADA en iter 48250:
2025-10-23 04:20:29,463 - WARNING -    Mejor fitness: 143.7
2025-10-23 04:20:29,463 - WARNING -    Fitness promedio reciente: 121.7
2025-10-23 04:20:29,463 - WARNING -    Degradación: 22.0
2025-10-23 04:20:29,463 - WARNING -    🔄 RESTAURANDO mejor solución...
2025-10-23 04:20:34,422 - DEBUG - Iter 48300: T=1.56, Fitness_actual=137.3, Mejor=143.7
2025-10-23 04:20:44,334 - DEBUG - Iter 48400: T=1.56, Fitness_actual=132.2, Mejor=143.7
2025-10-23 04:20:54,350 - INFO -   Iter 48500 | Tiempo:   55.1min (23.0%) | T =     1.56 | Fitness =    125.1 | Mejor =    143.7 | Aceptación =  78.7%
2025-10-23 04:20:54,350 - INFO - Progreso iter 48500: T=1.56, Fitness=125.1, Mejor=143.7, Tasa_acept=78.7%
2025-10-23 04:20:54,353 - DEBUG - Iter 48500: T=1.56, Fitness_actual=125.1, Mejor=143.7
2025-10-23 04:20:59,487 - WARNING - ⚠️  DEGRADACIÓN DETECTADA en iter 48550:
2025-10-23 04:20:59,488 - WARNING -    Mejor fitness: 143.7
2025-10-23 04:20:59,488 - WARNING -    Fitness promedio reciente: 122.9
2025-10-23 04:20:59,488 - WARNING -    Degradación: 20.7
2025-10-23 04:20:59,488 - WARNING -    🔄 RESTAURANDO mejor solución...
2025-10-23 04:20:59,593 - INFO - 🌟 MEJORA #249 en iter 48551: Fitness=143.7 (+0.0), Puntos=16306
2025-10-23 04:20:59,699 - INFO - 🌟 MEJORA #250 en iter 48552: Fitness=143.7 (+0.0), Puntos=16306
2025-10-23 04:20:59,700 - INFO -   ✨ Mejora #250 en iteración 48553: Fitness = 143.7 | Puntos = 16306 | T = 1.55
2025-10-23 04:21:04,568 - DEBUG - Iter 48600: T=1.55, Fitness_actual=135.9, Mejor=143.7
2025-10-23 04:21:14,627 - WARNING - ⚠️  DEGRADACIÓN DETECTADA en iter 48700:
2025-10-23 04:21:14,627 - WARNING -    Mejor fitness: 143.7
2025-10-23 04:21:14,627 - WARNING -    Fitness promedio reciente: 122.9
2025-10-23 04:21:14,628 - WARNING -    Degradación: 20.7
2025-10-23 04:21:14,628 - WARNING -    🔄 RESTAURANDO mejor solución...
2025-10-23 04:21:14,629 - DEBUG - Iter 48700: T=1.55, Fitness_actual=143.7, Mejor=143.7
2025-10-23 04:21:24,651 - DEBUG - Iter 48800: T=1.55, Fitness_actual=124.4, Mejor=143.7
2025-10-23 04:21:34,736 - WARNING - ⚠️  DEGRADACIÓN DETECTADA en iter 48900:
2025-10-23 04:21:34,736 - WARNING -    Mejor fitness: 143.7
2025-10-23 04:21:34,737 - WARNING -    Fitness promedio reciente: 123.6
2025-10-23 04:21:34,737 - WARNING -    Degradación: 20.1
2025-10-23 04:21:34,737 - WARNING -    🔄 RESTAURANDO mejor solución...
2025-10-23 04:21:34,740 - DEBUG - Iter 48900: T=1.54, Fitness_actual=143.7, Mejor=143.7
2025-10-23 04:21:44,798 - INFO -   Iter 49000 | Tiempo:   56.0min (23.3%) | T =     1.54 | Fitness =    138.2 | Mejor =    143.7 | Aceptación =  78.6%
2025-10-23 04:21:44,798 - INFO - Progreso iter 49000: T=1.54, Fitness=138.2, Mejor=143.7, Tasa_acept=78.6%
2025-10-23 04:21:44,800 - DEBUG - Iter 49000: T=1.54, Fitness_actual=138.2, Mejor=143.7
2025-10-23 04:21:54,934 - DEBUG - Iter 49100: T=1.54, Fitness_actual=133.2, Mejor=143.7
2025-10-23 04:22:05,096 - WARNING - ⚠️  DEGRADACIÓN DETECTADA en iter 49200:
2025-10-23 04:22:05,096 - WARNING -    Mejor fitness: 143.7
2025-10-23 04:22:05,097 - WARNING -    Fitness promedio reciente: 122.4
2025-10-23 04:22:05,097 - WARNING -    Degradación: 21.3
2025-10-23 04:22:05,097 - WARNING -    🔄 RESTAURANDO mejor solución...
2025-10-23 04:22:05,098 - DEBUG - Iter 49200: T=1.53, Fitness_actual=143.7, Mejor=143.7
2025-10-23 04:22:15,167 - DEBUG - Iter 49300: T=1.53, Fitness_actual=136.6, Mejor=143.7
2025-10-23 04:22:25,278 - DEBUG - Iter 49400: T=1.53, Fitness_actual=127.3, Mejor=143.7
2025-10-23 04:22:35,452 - INFO -   Iter 49500 | Tiempo:   56.8min (23.7%) | T =     1.53 | Fitness =    115.7 | Mejor =    143.7 | Aceptación =  78.6%
2025-10-23 04:22:35,452 - INFO - Progreso iter 49500: T=1.53, Fitness=115.7, Mejor=143.7, Tasa_acept=78.6%
2025-10-23 04:22:35,452 - WARNING - ⚠️  DEGRADACIÓN DETECTADA en iter 49500:
2025-10-23 04:22:35,453 - WARNING -    Mejor fitness: 143.7
2025-10-23 04:22:35,453 - WARNING -    Fitness promedio reciente: 117.4
2025-10-23 04:22:35,453 - WARNING -    Degradación: 26.3
2025-10-23 04:22:35,453 - WARNING -    🔄 RESTAURANDO mejor solución...
2025-10-23 04:22:35,454 - DEBUG - Iter 49500: T=1.53, Fitness_actual=143.7, Mejor=143.7
2025-10-23 04:22:35,556 - INFO - 🌟 MEJORA #251 en iter 49501: Fitness=144.5 (+0.9), Puntos=16293
2025-10-23 04:22:45,543 - DEBUG - Iter 49600: T=1.52, Fitness_actual=136.3, Mejor=144.5
2025-10-23 04:22:55,663 - DEBUG - Iter 49700: T=1.52, Fitness_actual=126.2, Mejor=144.5
2025-10-23 04:23:00,739 - WARNING - ⚠️  DEGRADACIÓN DETECTADA en iter 49750:
2025-10-23 04:23:00,739 - WARNING -    Mejor fitness: 144.5
2025-10-23 04:23:00,739 - WARNING -    Fitness promedio reciente: 123.2
2025-10-23 04:23:00,739 - WARNING -    Degradación: 21.4
2025-10-23 04:23:00,739 - WARNING -    🔄 RESTAURANDO mejor solución...
2025-10-23 04:23:00,946 - INFO - 🌟 MEJORA #252 en iter 49752: Fitness=144.6 (+0.0), Puntos=16297
2025-10-23 04:23:05,815 - DEBUG - Iter 49800: T=1.52, Fitness_actual=135.1, Mejor=144.6
2025-10-23 04:23:15,954 - DEBUG - Iter 49900: T=1.51, Fitness_actual=129.3, Mejor=144.6
2025-10-23 04:23:26,102 - INFO -   Iter 50000 | Tiempo:   57.7min (24.0%) | T =     1.51 | Fitness =    120.4 | Mejor =    144.6 | Aceptación =  78.5%
2025-10-23 04:23:26,102 - INFO - Progreso iter 50000: T=1.51, Fitness=120.4, Mejor=144.6, Tasa_acept=78.5%
2025-10-23 04:23:26,102 - WARNING - ⚠️  DEGRADACIÓN DETECTADA en iter 50000:
2025-10-23 04:23:26,102 - WARNING -    Mejor fitness: 144.6
2025-10-23 04:23:26,103 - WARNING -    Fitness promedio reciente: 122.3
2025-10-23 04:23:26,103 - WARNING -    Degradación: 22.3
2025-10-23 04:23:26,103 - WARNING -    🔄 RESTAURANDO mejor solución...
2025-10-23 04:23:26,104 - DEBUG - Iter 50000: T=1.51, Fitness_actual=144.6, Mejor=144.6
2025-10-23 04:23:26,104 - INFO - 🌟 MEJORA #253 en iter 50000: Fitness=144.6 (+0.0), Puntos=16297
2025-10-23 04:23:36,145 - DEBUG - Iter 50100: T=1.51, Fitness_actual=138.1, Mejor=144.6
2025-10-23 04:23:46,229 - DEBUG - Iter 50200: T=1.50, Fitness_actual=125.2, Mejor=144.6
2025-10-23 04:23:56,397 - DEBUG - Iter 50300: T=1.50, Fitness_actual=125.4, Mejor=144.6
2025-10-23 04:24:01,484 - WARNING - ⚠️  DEGRADACIÓN DETECTADA en iter 50350:
2025-10-23 04:24:01,485 - WARNING -    Mejor fitness: 144.6
2025-10-23 04:24:01,485 - WARNING -    Fitness promedio reciente: 122.9
2025-10-23 04:24:01,485 - WARNING -    Degradación: 21.7
2025-10-23 04:24:01,485 - WARNING -    🔄 RESTAURANDO mejor solución...
2025-10-23 04:24:01,486 - INFO - 🌟 MEJORA #254 en iter 50350: Fitness=144.6 (+0.0), Puntos=16297
2025-10-23 04:24:06,598 - DEBUG - Iter 50400: T=1.50, Fitness_actual=133.3, Mejor=144.6
2025-10-23 04:24:16,889 - INFO -   Iter 50500 | Tiempo:   58.5min (24.4%) | T =     1.50 | Fitness =    132.0 | Mejor =    144.6 | Aceptación =  78.4%
2025-10-23 04:24:16,889 - INFO - Progreso iter 50500: T=1.50, Fitness=132.0, Mejor=144.6, Tasa_acept=78.4%
2025-10-23 04:24:16,891 - DEBUG - Iter 50500: T=1.50, Fitness_actual=132.0, Mejor=144.6
2025-10-23 04:24:27,171 - DEBUG - Iter 50600: T=1.49, Fitness_actual=126.7, Mejor=144.6
2025-10-23 04:24:32,287 - WARNING - ⚠️  DEGRADACIÓN DETECTADA en iter 50650:
2025-10-23 04:24:32,287 - WARNING -    Mejor fitness: 144.6
2025-10-23 04:24:32,287 - WARNING -    Fitness promedio reciente: 124.0
2025-10-23 04:24:32,287 - WARNING -    Degradación: 20.5
2025-10-23 04:24:32,288 - WARNING -    🔄 RESTAURANDO mejor solución...
2025-10-23 04:24:37,430 - DEBUG - Iter 50700: T=1.49, Fitness_actual=134.1, Mejor=144.6
2025-10-23 04:24:47,707 - DEBUG - Iter 50800: T=1.49, Fitness_actual=128.7, Mejor=144.6
2025-10-23 04:24:58,050 - DEBUG - Iter 50900: T=1.48, Fitness_actual=129.7, Mejor=144.6
2025-10-23 04:25:08,486 - INFO -   Iter 51000 | Tiempo:   59.4min (24.7%) | T =     1.48 | Fitness =    131.6 | Mejor =    144.6 | Aceptación =  78.4%
2025-10-23 04:25:08,486 - INFO - Progreso iter 51000: T=1.48, Fitness=131.6, Mejor=144.6, Tasa_acept=78.4%
2025-10-23 04:25:08,487 - DEBUG - Iter 51000: T=1.48, Fitness_actual=131.6, Mejor=144.6
2025-10-23 04:25:18,785 - DEBUG - Iter 51100: T=1.48, Fitness_actual=123.6, Mejor=144.6
2025-10-23 04:25:23,920 - WARNING - ⚠️  DEGRADACIÓN DETECTADA en iter 51150:
2025-10-23 04:25:23,921 - WARNING -    Mejor fitness: 144.6
2025-10-23 04:25:23,921 - WARNING -    Fitness promedio reciente: 122.2
2025-10-23 04:25:23,921 - WARNING -    Degradación: 22.4
2025-10-23 04:25:23,921 - WARNING -    🔄 RESTAURANDO mejor solución...
2025-10-23 04:25:23,922 - INFO - 🌟 MEJORA #255 en iter 51150: Fitness=144.6 (+0.0), Puntos=16297
2025-10-23 04:25:23,923 - INFO -   ✨ Mejora #255 en iteración 51151: Fitness = 144.6 | Puntos = 16297 | T = 1.48
2025-10-23 04:25:24,540 - INFO - 🌟 MEJORA #256 en iter 51156: Fitness=145.5 (+1.0), Puntos=16295
2025-10-23 04:25:24,955 - INFO - 🌟 MEJORA #257 en iter 51160: Fitness=145.5 (+0.0), Puntos=16295
2025-10-23 04:25:29,085 - DEBUG - Iter 51200: T=1.47, Fitness_actual=139.3, Mejor=145.5
2025-10-23 04:25:39,476 - DEBUG - Iter 51300: T=1.47, Fitness_actual=131.9, Mejor=145.5
2025-10-23 04:25:49,846 - WARNING - ⚠️  DEGRADACIÓN DETECTADA en iter 51400:
2025-10-23 04:25:49,846 - WARNING -    Mejor fitness: 145.5
2025-10-23 04:25:49,846 - WARNING -    Fitness promedio reciente: 121.2
2025-10-23 04:25:49,846 - WARNING -    Degradación: 24.3
2025-10-23 04:25:49,847 - WARNING -    🔄 RESTAURANDO mejor solución...
2025-10-23 04:25:49,850 - DEBUG - Iter 51400: T=1.47, Fitness_actual=145.5, Mejor=145.5
2025-10-23 04:25:50,162 - INFO - 🌟 MEJORA #258 en iter 51403: Fitness=145.6 (+0.0), Puntos=16295
2025-10-23 04:26:00,197 - INFO -   Iter 51500 | Tiempo:   60.2min (25.1%) | T =     1.47 | Fitness =    139.9 | Mejor =    145.6 | Aceptación =  78.3%
2025-10-23 04:26:00,197 - INFO - Progreso iter 51500: T=1.47, Fitness=139.9, Mejor=145.6, Tasa_acept=78.3%
2025-10-23 04:26:00,198 - DEBUG - Iter 51500: T=1.47, Fitness_actual=139.9, Mejor=145.6
2025-10-23 04:26:10,568 - DEBUG - Iter 51600: T=1.46, Fitness_actual=134.6, Mejor=145.6
2025-10-23 04:26:20,994 - DEBUG - Iter 51700: T=1.46, Fitness_actual=127.5, Mejor=145.6
2025-10-23 04:26:31,423 - WARNING - ⚠️  DEGRADACIÓN DETECTADA en iter 51800:
2025-10-23 04:26:31,423 - WARNING -    Mejor fitness: 145.6
2025-10-23 04:26:31,423 - WARNING -    Fitness promedio reciente: 122.9
2025-10-23 04:26:31,424 - WARNING -    Degradación: 22.7
2025-10-23 04:26:31,424 - WARNING -    🔄 RESTAURANDO mejor solución...
2025-10-23 04:26:31,425 - DEBUG - Iter 51800: T=1.46, Fitness_actual=145.6, Mejor=145.6
2025-10-23 04:26:31,425 - INFO - 🌟 MEJORA #259 en iter 51800: Fitness=145.6 (+0.0), Puntos=16295
2025-10-23 04:26:33,492 - INFO - 🌟 MEJORA #260 en iter 51820: Fitness=145.6 (+0.0), Puntos=16299
2025-10-23 04:26:33,492 - INFO -   ✨ Mejora #260 en iteración 51821: Fitness = 145.6 | Puntos = 16299 | T = 1.46
2025-10-23 04:26:41,760 - DEBUG - Iter 51900: T=1.45, Fitness_actual=139.5, Mejor=145.6
2025-10-23 04:26:52,135 - INFO -   Iter 52000 | Tiempo:   61.1min (25.5%) | T =     1.45 | Fitness =    134.1 | Mejor =    145.6 | Aceptación =  78.2%
2025-10-23 04:26:52,135 - INFO - Progreso iter 52000: T=1.45, Fitness=134.1, Mejor=145.6, Tasa_acept=78.2%
2025-10-23 04:26:52,137 - DEBUG - Iter 52000: T=1.45, Fitness_actual=134.1, Mejor=145.6
2025-10-23 04:27:02,603 - DEBUG - Iter 52100: T=1.45, Fitness_actual=130.0, Mejor=145.6
2025-10-23 04:27:13,028 - DEBUG - Iter 52200: T=1.45, Fitness_actual=125.5, Mejor=145.6
2025-10-23 04:27:23,447 - DEBUG - Iter 52300: T=1.44, Fitness_actual=120.7, Mejor=145.6
2025-10-23 04:27:28,672 - WARNING - ⚠️  DEGRADACIÓN DETECTADA en iter 52350:
2025-10-23 04:27:28,672 - WARNING -    Mejor fitness: 145.6
2025-10-23 04:27:28,672 - WARNING -    Fitness promedio reciente: 119.4
2025-10-23 04:27:28,672 - WARNING -    Degradación: 26.2
2025-10-23 04:27:28,672 - WARNING -    🔄 RESTAURANDO mejor solución...
2025-10-23 04:27:28,880 - INFO - 🌟 MEJORA #261 en iter 52352: Fitness=145.6 (+0.0), Puntos=16301
2025-10-23 04:27:29,089 - INFO - 🌟 MEJORA #262 en iter 52354: Fitness=145.6 (+0.0), Puntos=16301
2025-10-23 04:27:29,508 - INFO - 🌟 MEJORA #263 en iter 52358: Fitness=145.6 (+0.0), Puntos=16302
2025-10-23 04:27:33,868 - DEBUG - Iter 52400: T=1.44, Fitness_actual=139.7, Mejor=145.6
2025-10-23 04:27:44,249 - INFO -   Iter 52500 | Tiempo:   62.0min (25.8%) | T =     1.44 | Fitness =    133.9 | Mejor =    145.6 | Aceptación =  78.2%
2025-10-23 04:27:44,250 - INFO - Progreso iter 52500: T=1.44, Fitness=133.9, Mejor=145.6, Tasa_acept=78.2%
2025-10-23 04:27:44,252 - DEBUG - Iter 52500: T=1.44, Fitness_actual=133.9, Mejor=145.6
2025-10-23 04:27:54,785 - DEBUG - Iter 52600: T=1.43, Fitness_actual=131.5, Mejor=145.6
2025-10-23 04:28:05,336 - DEBUG - Iter 52700: T=1.43, Fitness_actual=134.3, Mejor=145.6
2025-10-23 04:28:15,893 - DEBUG - Iter 52800: T=1.43, Fitness_actual=131.5, Mejor=145.6
2025-10-23 04:28:26,433 - WARNING - ⚠️  DEGRADACIÓN DETECTADA en iter 52900:
2025-10-23 04:28:26,434 - WARNING -    Mejor fitness: 145.6
2025-10-23 04:28:26,434 - WARNING -    Fitness promedio reciente: 123.6
2025-10-23 04:28:26,434 - WARNING -    Degradación: 22.0
2025-10-23 04:28:26,434 - WARNING -    🔄 RESTAURANDO mejor solución...
2025-10-23 04:28:26,435 - DEBUG - Iter 52900: T=1.42, Fitness_actual=145.6, Mejor=145.6
2025-10-23 04:28:36,981 - INFO -   Iter 53000 | Tiempo:   62.8min (26.2%) | T =     1.42 | Fitness =    133.9 | Mejor =    145.6 | Aceptación =  78.1%
2025-10-23 04:28:36,981 - INFO - Progreso iter 53000: T=1.42, Fitness=133.9, Mejor=145.6, Tasa_acept=78.1%
2025-10-23 04:28:36,982 - DEBUG - Iter 53000: T=1.42, Fitness_actual=133.9, Mejor=145.6
2025-10-23 04:28:47,513 - DEBUG - Iter 53100: T=1.42, Fitness_actual=127.0, Mejor=145.6
2025-10-23 04:28:58,114 - WARNING - ⚠️  DEGRADACIÓN DETECTADA en iter 53200:
2025-10-23 04:28:58,114 - WARNING -    Mejor fitness: 145.6
2025-10-23 04:28:58,115 - WARNING -    Fitness promedio reciente: 118.2
2025-10-23 04:28:58,115 - WARNING -    Degradación: 27.4
2025-10-23 04:28:58,115 - WARNING -    🔄 RESTAURANDO mejor solución...
2025-10-23 04:28:58,119 - DEBUG - Iter 53200: T=1.42, Fitness_actual=145.6, Mejor=145.6
2025-10-23 04:29:08,661 - DEBUG - Iter 53300: T=1.41, Fitness_actual=132.9, Mejor=145.6
2025-10-23 04:29:19,203 - WARNING - ⚠️  DEGRADACIÓN DETECTADA en iter 53400:
2025-10-23 04:29:19,203 - WARNING -    Mejor fitness: 145.6
2025-10-23 04:29:19,203 - WARNING -    Fitness promedio reciente: 123.5
2025-10-23 04:29:19,204 - WARNING -    Degradación: 22.1
2025-10-23 04:29:19,204 - WARNING -    🔄 RESTAURANDO mejor solución...
2025-10-23 04:29:19,206 - DEBUG - Iter 53400: T=1.41, Fitness_actual=145.6, Mejor=145.6
2025-10-23 04:29:19,973 - INFO - 🌟 MEJORA #264 en iter 53407: Fitness=145.6 (+0.0), Puntos=16302
2025-10-23 04:29:20,191 - INFO - 🌟 MEJORA #265 en iter 53409: Fitness=145.6 (+0.0), Puntos=16302
2025-10-23 04:29:20,191 - INFO -   ✨ Mejora #265 en iteración 53410: Fitness = 145.6 | Puntos = 16302 | T = 1.41
2025-10-23 04:29:20,414 - INFO - 🌟 MEJORA #266 en iter 53411: Fitness=145.6 (+0.0), Puntos=16302
2025-10-23 04:29:29,901 - INFO -   Iter 53500 | Tiempo:   63.7min (26.6%) | T =     1.41 | Fitness =    127.6 | Mejor =    145.6 | Aceptación =  78.0%
2025-10-23 04:29:29,901 - INFO - Progreso iter 53500: T=1.41, Fitness=127.6, Mejor=145.6, Tasa_acept=78.0%
2025-10-23 04:29:29,904 - DEBUG - Iter 53500: T=1.41, Fitness_actual=127.6, Mejor=145.6
2025-10-23 04:29:40,476 - WARNING - ⚠️  DEGRADACIÓN DETECTADA en iter 53600:
2025-10-23 04:29:40,476 - WARNING -    Mejor fitness: 145.6
2025-10-23 04:29:40,476 - WARNING -    Fitness promedio reciente: 124.3
2025-10-23 04:29:40,477 - WARNING -    Degradación: 21.3
2025-10-23 04:29:40,477 - WARNING -    🔄 RESTAURANDO mejor solución...
2025-10-23 04:29:40,479 - DEBUG - Iter 53600: T=1.40, Fitness_actual=145.6, Mejor=145.6
2025-10-23 04:29:51,048 - DEBUG - Iter 53700: T=1.40, Fitness_actual=133.8, Mejor=145.6
2025-10-23 04:30:01,700 - WARNING - ⚠️  DEGRADACIÓN DETECTADA en iter 53800:
2025-10-23 04:30:01,700 - WARNING -    Mejor fitness: 145.6
2025-10-23 04:30:01,700 - WARNING -    Fitness promedio reciente: 121.5
2025-10-23 04:30:01,700 - WARNING -    Degradación: 24.1
2025-10-23 04:30:01,700 - WARNING -    🔄 RESTAURANDO mejor solución...
2025-10-23 04:30:01,702 - DEBUG - Iter 53800: T=1.40, Fitness_actual=145.6, Mejor=145.6
2025-10-23 04:30:03,723 - INFO - 🌟 MEJORA #267 en iter 53819: Fitness=145.7 (+0.1), Puntos=16312
2025-10-23 04:30:03,828 - INFO - 🌟 MEJORA #268 en iter 53820: Fitness=145.7 (+0.0), Puntos=16312
2025-10-23 04:30:12,380 - DEBUG - Iter 53900: T=1.40, Fitness_actual=138.6, Mejor=145.7
2025-10-23 04:30:23,049 - INFO -   Iter 54000 | Tiempo:   64.6min (26.9%) | T =     1.39 | Fitness =    125.9 | Mejor =    145.7 | Aceptación =  78.0%
2025-10-23 04:30:23,050 - INFO - Progreso iter 54000: T=1.39, Fitness=125.9, Mejor=145.7, Tasa_acept=78.0%
2025-10-23 04:30:23,051 - DEBUG - Iter 54000: T=1.39, Fitness_actual=125.9, Mejor=145.7
2025-10-23 04:30:28,372 - WARNING - ⚠️  DEGRADACIÓN DETECTADA en iter 54050:
2025-10-23 04:30:28,372 - WARNING -    Mejor fitness: 145.7
2025-10-23 04:30:28,373 - WARNING -    Fitness promedio reciente: 123.6
2025-10-23 04:30:28,373 - WARNING -    Degradación: 22.1
2025-10-23 04:30:28,373 - WARNING -    🔄 RESTAURANDO mejor solución...
2025-10-23 04:30:33,698 - DEBUG - Iter 54100: T=1.39, Fitness_actual=131.9, Mejor=145.7
2025-10-23 04:30:44,394 - DEBUG - Iter 54200: T=1.39, Fitness_actual=123.8, Mejor=145.7
2025-10-23 04:30:49,732 - WARNING - ⚠️  DEGRADACIÓN DETECTADA en iter 54250:
2025-10-23 04:30:49,733 - WARNING -    Mejor fitness: 145.7
2025-10-23 04:30:49,733 - WARNING -    Fitness promedio reciente: 124.5
2025-10-23 04:30:49,733 - WARNING -    Degradación: 21.2
2025-10-23 04:30:49,733 - WARNING -    🔄 RESTAURANDO mejor solución...
2025-10-23 04:30:55,104 - DEBUG - Iter 54300: T=1.38, Fitness_actual=143.7, Mejor=145.7
2025-10-23 04:31:05,929 - DEBUG - Iter 54400: T=1.38, Fitness_actual=131.8, Mejor=145.7
2025-10-23 04:31:16,587 - INFO -   Iter 54500 | Tiempo:   65.5min (27.3%) | T =     1.38 | Fitness =    125.1 | Mejor =    145.7 | Aceptación =  77.9%
2025-10-23 04:31:16,587 - INFO - Progreso iter 54500: T=1.38, Fitness=125.1, Mejor=145.7, Tasa_acept=77.9%
2025-10-23 04:31:16,589 - DEBUG - Iter 54500: T=1.38, Fitness_actual=125.1, Mejor=145.7
2025-10-23 04:31:27,273 - DEBUG - Iter 54600: T=1.38, Fitness_actual=129.8, Mejor=145.7
2025-10-23 04:31:37,924 - DEBUG - Iter 54700: T=1.37, Fitness_actual=129.5, Mejor=145.7
2025-10-23 04:31:48,586 - DEBUG - Iter 54800: T=1.37, Fitness_actual=126.0, Mejor=145.7
2025-10-23 04:31:59,315 - DEBUG - Iter 54900: T=1.37, Fitness_actual=128.9, Mejor=145.7
2025-10-23 04:32:04,608 - WARNING - ⚠️  DEGRADACIÓN DETECTADA en iter 54950:
2025-10-23 04:32:04,609 - WARNING -    Mejor fitness: 145.7
2025-10-23 04:32:04,609 - WARNING -    Fitness promedio reciente: 125.4
2025-10-23 04:32:04,609 - WARNING -    Degradación: 20.3
2025-10-23 04:32:04,609 - WARNING -    🔄 RESTAURANDO mejor solución...
2025-10-23 04:32:09,933 - INFO -   Iter 55000 | Tiempo:   66.4min (27.7%) | T =     1.36 | Fitness =    144.8 | Mejor =    145.7 | Aceptación =  77.8%
2025-10-23 04:32:09,933 - INFO - Progreso iter 55000: T=1.36, Fitness=144.8, Mejor=145.7, Tasa_acept=77.8%
2025-10-23 04:32:09,934 - DEBUG - Iter 55000: T=1.36, Fitness_actual=144.8, Mejor=145.7
2025-10-23 04:32:20,676 - DEBUG - Iter 55100: T=1.36, Fitness_actual=139.4, Mejor=145.7
2025-10-23 04:32:31,450 - DEBUG - Iter 55200: T=1.36, Fitness_actual=135.7, Mejor=145.7
2025-10-23 04:32:33,293 - WARNING - ================================================================================
2025-10-23 04:32:33,293 - WARNING - ⚠️  SALTO ANORMAL DETECTADO en iteración 55217
2025-10-23 04:32:33,293 - WARNING -    Fitness actual: 132.6
2025-10-23 04:32:33,293 - WARNING -    Fitness vecino: 101.4
2025-10-23 04:32:33,294 - WARNING -    Delta: -31.2
2025-10-23 04:32:33,294 - WARNING -    Temperatura: 1.36
2025-10-23 04:32:33,294 - WARNING -    Tipo perturbación aplicada: (ver generar_vecino)
2025-10-23 04:32:33,294 - WARNING -    Vecino - Puntos: 15964, Tiempo: 16162.3min, Distancia: 278.9km
2025-10-23 04:32:33,294 - WARNING -    Actual - Puntos: 16087, Tiempo: 14281.0min, Distancia: 143.4km
2025-10-23 04:32:33,295 - WARNING -    Validez restricciones - Vecino: False, Actual: False
2025-10-23 04:32:33,295 - WARNING - ================================================================================
2025-10-23 04:32:33,295 - WARNING - ⚠️  SALTO ANORMAL DETECTADO en iteración 55217
2025-10-23 04:32:33,295 - WARNING -    Fitness: 132.6 → 101.4 (Δ=-31.2)
2025-10-23 04:32:33,295 - WARNING -    Ver detalles en archivo de log
2025-10-23 04:32:42,277 - DEBUG - Iter 55300: T=1.36, Fitness_actual=133.2, Mejor=145.7
2025-10-23 04:32:53,149 - WARNING - ⚠️  DEGRADACIÓN DETECTADA en iter 55400:
2025-10-23 04:32:53,149 - WARNING -    Mejor fitness: 145.7
2025-10-23 04:32:53,150 - WARNING -    Fitness promedio reciente: 124.0
2025-10-23 04:32:53,150 - WARNING -    Degradación: 21.7
2025-10-23 04:32:53,150 - WARNING -    🔄 RESTAURANDO mejor solución...
2025-10-23 04:32:53,153 - DEBUG - Iter 55400: T=1.35, Fitness_actual=145.7, Mejor=145.7
2025-10-23 04:33:03,946 - INFO -   Iter 55500 | Tiempo:   67.3min (28.0%) | T =     1.35 | Fitness =    136.9 | Mejor =    145.7 | Aceptación =  77.7%
2025-10-23 04:33:03,947 - INFO - Progreso iter 55500: T=1.35, Fitness=136.9, Mejor=145.7, Tasa_acept=77.7%
2025-10-23 04:33:03,949 - DEBUG - Iter 55500: T=1.35, Fitness_actual=136.9, Mejor=145.7
2025-10-23 04:33:14,778 - DEBUG - Iter 55600: T=1.35, Fitness_actual=135.2, Mejor=145.7
2025-10-23 04:33:25,579 - DEBUG - Iter 55700: T=1.34, Fitness_actual=134.3, Mejor=145.7
2025-10-23 04:33:36,370 - DEBUG - Iter 55800: T=1.34, Fitness_actual=132.2, Mejor=145.7
2025-10-23 04:33:47,166 - DEBUG - Iter 55900: T=1.34, Fitness_actual=131.1, Mejor=145.7
2025-10-23 04:33:58,026 - INFO -   Iter 56000 | Tiempo:   68.2min (28.4%) | T =     1.34 | Fitness =    125.7 | Mejor =    145.7 | Aceptación =  77.6%
2025-10-23 04:33:58,027 - INFO - Progreso iter 56000: T=1.34, Fitness=125.7, Mejor=145.7, Tasa_acept=77.6%
2025-10-23 04:33:58,027 - WARNING - ⚠️  DEGRADACIÓN DETECTADA en iter 56000:
2025-10-23 04:33:58,027 - WARNING -    Mejor fitness: 145.7
2025-10-23 04:33:58,027 - WARNING -    Fitness promedio reciente: 124.5
2025-10-23 04:33:58,027 - WARNING -    Degradación: 21.2
2025-10-23 04:33:58,027 - WARNING -    🔄 RESTAURANDO mejor solución...
2025-10-23 04:33:58,030 - DEBUG - Iter 56000: T=1.34, Fitness_actual=145.7, Mejor=145.7
2025-10-23 04:34:08,850 - DEBUG - Iter 56100: T=1.33, Fitness_actual=131.9, Mejor=145.7
2025-10-23 04:34:19,713 - DEBUG - Iter 56200: T=1.33, Fitness_actual=128.4, Mejor=145.7
2025-10-23 04:34:30,692 - DEBUG - Iter 56300: T=1.33, Fitness_actual=126.1, Mejor=145.7
2025-10-23 04:34:36,176 - WARNING - ⚠️  DEGRADACIÓN DETECTADA en iter 56350:
2025-10-23 04:34:36,177 - WARNING -    Mejor fitness: 145.7
2025-10-23 04:34:36,177 - WARNING -    Fitness promedio reciente: 124.8
2025-10-23 04:34:36,177 - WARNING -    Degradación: 20.9
2025-10-23 04:34:36,177 - WARNING -    🔄 RESTAURANDO mejor solución...
2025-10-23 04:34:36,726 - INFO - 🌟 MEJORA #269 en iter 56355: Fitness=145.7 (+0.0), Puntos=16312
2025-10-23 04:34:38,245 - INFO - 🌟 MEJORA #270 en iter 56369: Fitness=146.4 (+0.7), Puntos=16385
2025-10-23 04:34:38,245 - INFO -   ✨ Mejora #270 en iteración 56370: Fitness = 146.4 | Puntos = 16385 | T = 1.33
2025-10-23 04:34:38,355 - INFO - 🌟 MEJORA #271 en iter 56370: Fitness=146.4 (+0.0), Puntos=16385
2025-10-23 04:34:41,655 - DEBUG - Iter 56400: T=1.33, Fitness_actual=143.5, Mejor=146.4
2025-10-23 04:34:52,666 - INFO -   Iter 56500 | Tiempo:   69.1min (28.8%) | T =     1.32 | Fitness =    134.6 | Mejor =    146.4 | Aceptación =  77.5%
2025-10-23 04:34:52,666 - INFO - Progreso iter 56500: T=1.32, Fitness=134.6, Mejor=146.4, Tasa_acept=77.5%
2025-10-23 04:34:52,668 - DEBUG - Iter 56500: T=1.32, Fitness_actual=134.6, Mejor=146.4
2025-10-23 04:35:03,694 - DEBUG - Iter 56600: T=1.32, Fitness_actual=129.3, Mejor=146.4
2025-10-23 04:35:14,635 - DEBUG - Iter 56700: T=1.32, Fitness_actual=126.8, Mejor=146.4
2025-10-23 04:35:20,163 - WARNING - ⚠️  DEGRADACIÓN DETECTADA en iter 56750:
2025-10-23 04:35:20,163 - WARNING -    Mejor fitness: 146.4
2025-10-23 04:35:20,163 - WARNING -    Fitness promedio reciente: 124.8
2025-10-23 04:35:20,164 - WARNING -    Degradación: 21.7
2025-10-23 04:35:20,164 - WARNING -    🔄 RESTAURANDO mejor solución...
2025-10-23 04:35:25,663 - DEBUG - Iter 56800: T=1.31, Fitness_actual=136.4, Mejor=146.4
2025-10-23 04:35:36,662 - DEBUG - Iter 56900: T=1.31, Fitness_actual=135.5, Mejor=146.4
2025-10-23 04:35:47,638 - INFO -   Iter 57000 | Tiempo:   70.0min (29.2%) | T =     1.31 | Fitness =    133.2 | Mejor =    146.4 | Aceptación =  77.4%
2025-10-23 04:35:47,638 - INFO - Progreso iter 57000: T=1.31, Fitness=133.2, Mejor=146.4, Tasa_acept=77.4%
2025-10-23 04:35:47,641 - DEBUG - Iter 57000: T=1.31, Fitness_actual=133.2, Mejor=146.4
2025-10-23 04:35:58,712 - WARNING - ⚠️  DEGRADACIÓN DETECTADA en iter 57100:
2025-10-23 04:35:58,712 - WARNING -    Mejor fitness: 146.4
2025-10-23 04:35:58,712 - WARNING -    Fitness promedio reciente: 118.5
2025-10-23 04:35:58,712 - WARNING -    Degradación: 27.9
2025-10-23 04:35:58,713 - WARNING -    🔄 RESTAURANDO mejor solución...
2025-10-23 04:35:58,714 - DEBUG - Iter 57100: T=1.31, Fitness_actual=146.4, Mejor=146.4
2025-10-23 04:36:00,068 - INFO - 🌟 MEJORA #272 en iter 57112: Fitness=147.3 (+0.8), Puntos=16369
2025-10-23 04:36:00,288 - INFO - 🌟 MEJORA #273 en iter 57114: Fitness=147.3 (+0.0), Puntos=16369
2025-10-23 04:36:09,835 - DEBUG - Iter 57200: T=1.30, Fitness_actual=139.1, Mejor=147.3
2025-10-23 04:36:20,946 - DEBUG - Iter 57300: T=1.30, Fitness_actual=132.2, Mejor=147.3
2025-10-23 04:36:32,054 - DEBUG - Iter 57400: T=1.30, Fitness_actual=130.5, Mejor=147.3
2025-10-23 04:36:43,277 - INFO -   Iter 57500 | Tiempo:   71.0min (29.6%) | T =     1.29 | Fitness =    128.7 | Mejor =    147.3 | Aceptación =  77.3%
2025-10-23 04:36:43,278 - INFO - Progreso iter 57500: T=1.29, Fitness=128.7, Mejor=147.3, Tasa_acept=77.3%
2025-10-23 04:36:43,279 - DEBUG - Iter 57500: T=1.29, Fitness_actual=128.7, Mejor=147.3
2025-10-23 04:36:54,479 - DEBUG - Iter 57600: T=1.29, Fitness_actual=128.1, Mejor=147.3
2025-10-23 04:37:05,714 - DEBUG - Iter 57700: T=1.29, Fitness_actual=128.4, Mejor=147.3
2025-10-23 04:37:11,285 - WARNING - ⚠️  DEGRADACIÓN DETECTADA en iter 57750:
2025-10-23 04:37:11,285 - WARNING -    Mejor fitness: 147.3
2025-10-23 04:37:11,285 - WARNING -    Fitness promedio reciente: 126.9
2025-10-23 04:37:11,285 - WARNING -    Degradación: 20.4
2025-10-23 04:37:11,285 - WARNING -    🔄 RESTAURANDO mejor solución...
2025-10-23 04:37:11,731 - INFO - 🌟 MEJORA #274 en iter 57754: Fitness=147.3 (+0.0), Puntos=16370
2025-10-23 04:37:16,876 - DEBUG - Iter 57800: T=1.29, Fitness_actual=143.6, Mejor=147.3
2025-10-23 04:37:28,041 - DEBUG - Iter 57900: T=1.28, Fitness_actual=130.7, Mejor=147.3
2025-10-23 04:37:39,188 - INFO -   Iter 58000 | Tiempo:   71.9min (30.0%) | T =     1.28 | Fitness =    131.3 | Mejor =    147.3 | Aceptación =  77.3%
2025-10-23 04:37:39,189 - INFO - Progreso iter 58000: T=1.28, Fitness=131.3, Mejor=147.3, Tasa_acept=77.3%
2025-10-23 04:37:39,190 - DEBUG - Iter 58000: T=1.28, Fitness_actual=131.3, Mejor=147.3
2025-10-23 04:37:46,290 - INFO - --- Cambiando a Fase: Intermedia (Balance) (Progreso: 30.0%) ---
2025-10-23 04:37:50,277 - DEBUG - Iter 58100: T=1.28, Fitness_actual=129.8, Mejor=147.3
2025-10-23 04:37:55,838 - WARNING - ⚠️  DEGRADACIÓN DETECTADA en iter 58150:
2025-10-23 04:37:55,839 - WARNING -    Mejor fitness: 147.3
2025-10-23 04:37:55,839 - WARNING -    Fitness promedio reciente: 127.0
2025-10-23 04:37:55,839 - WARNING -    Degradación: 20.3
2025-10-23 04:37:55,839 - WARNING -    🔄 RESTAURANDO mejor solución...
2025-10-23 04:38:01,429 - DEBUG - Iter 58200: T=1.28, Fitness_actual=144.7, Mejor=147.3
2025-10-23 04:38:12,550 - DEBUG - Iter 58300: T=1.27, Fitness_actual=135.9, Mejor=147.3
2025-10-23 04:38:23,782 - DEBUG - Iter 58400: T=1.27, Fitness_actual=131.2, Mejor=147.3
2025-10-23 04:38:34,987 - INFO -   Iter 58500 | Tiempo:   72.8min (30.3%) | T =     1.27 | Fitness =    132.3 | Mejor =    147.3 | Aceptación =  77.3%
2025-10-23 04:38:34,987 - INFO - Progreso iter 58500: T=1.27, Fitness=132.3, Mejor=147.3, Tasa_acept=77.3%
2025-10-23 04:38:34,988 - DEBUG - Iter 58500: T=1.27, Fitness_actual=132.3, Mejor=147.3
2025-10-23 04:38:46,134 - DEBUG - Iter 58600: T=1.26, Fitness_actual=130.6, Mejor=147.3
2025-10-23 04:38:57,361 - WARNING - ⚠️  DEGRADACIÓN DETECTADA en iter 58700:
2025-10-23 04:38:57,362 - WARNING -    Mejor fitness: 147.3
2025-10-23 04:38:57,362 - WARNING -    Fitness promedio reciente: 127.2
2025-10-23 04:38:57,362 - WARNING -    Degradación: 20.1
2025-10-23 04:38:57,362 - WARNING -    🔄 RESTAURANDO mejor solución...
2025-10-23 04:38:57,366 - DEBUG - Iter 58700: T=1.26, Fitness_actual=147.3, Mejor=147.3
2025-10-23 04:39:08,581 - DEBUG - Iter 58800: T=1.26, Fitness_actual=136.5, Mejor=147.3
2025-10-23 04:39:19,794 - DEBUG - Iter 58900: T=1.26, Fitness_actual=134.0, Mejor=147.3
2025-10-23 04:39:30,979 - INFO -   Iter 59000 | Tiempo:   73.7min (30.7%) | T =     1.25 | Fitness =    128.9 | Mejor =    147.3 | Aceptación =  77.3%
2025-10-23 04:39:30,979 - INFO - Progreso iter 59000: T=1.25, Fitness=128.9, Mejor=147.3, Tasa_acept=77.3%
2025-10-23 04:39:30,981 - DEBUG - Iter 59000: T=1.25, Fitness_actual=128.9, Mejor=147.3
2025-10-23 04:39:42,221 - DEBUG - Iter 59100: T=1.25, Fitness_actual=133.1, Mejor=147.3
2025-10-23 04:39:53,525 - DEBUG - Iter 59200: T=1.25, Fitness_actual=130.9, Mejor=147.3
2025-10-23 04:40:04,836 - DEBUG - Iter 59300: T=1.25, Fitness_actual=128.9, Mejor=147.3
2025-10-23 04:40:10,501 - WARNING - ⚠️  DEGRADACIÓN DETECTADA en iter 59350:
2025-10-23 04:40:10,501 - WARNING -    Mejor fitness: 147.3
2025-10-23 04:40:10,502 - WARNING -    Fitness promedio reciente: 126.1
2025-10-23 04:40:10,502 - WARNING -    Degradación: 21.2
2025-10-23 04:40:10,502 - WARNING -    🔄 RESTAURANDO mejor solución...
2025-10-23 04:40:10,619 - INFO - 🌟 MEJORA #275 en iter 59351: Fitness=147.3 (+0.0), Puntos=16370
2025-10-23 04:40:10,619 - INFO -   ✨ Mejora #275 en iteración 59352: Fitness = 147.3 | Puntos = 16370 | T = 1.24
2025-10-23 04:40:13,443 - INFO - 🌟 MEJORA #276 en iter 59376: Fitness=147.7 (+0.5), Puntos=16417
2025-10-23 04:40:13,784 - INFO - 🌟 MEJORA #277 en iter 59379: Fitness=147.8 (+0.0), Puntos=16420
2025-10-23 04:40:13,898 - INFO - 🌟 MEJORA #278 en iter 59380: Fitness=147.8 (+0.0), Puntos=16423
2025-10-23 04:40:16,150 - DEBUG - Iter 59400: T=1.24, Fitness_actual=142.6, Mejor=147.8
2025-10-23 04:40:27,419 - INFO -   Iter 59500 | Tiempo:   74.7min (31.1%) | T =     1.24 | Fitness =    136.6 | Mejor =    147.8 | Aceptación =  77.3%
2025-10-23 04:40:27,419 - INFO - Progreso iter 59500: T=1.24, Fitness=136.6, Mejor=147.8, Tasa_acept=77.3%
2025-10-23 04:40:27,420 - DEBUG - Iter 59500: T=1.24, Fitness_actual=136.6, Mejor=147.8
2025-10-23 04:40:38,696 - DEBUG - Iter 59600: T=1.24, Fitness_actual=132.7, Mejor=147.8
2025-10-23 04:40:49,969 - DEBUG - Iter 59700: T=1.23, Fitness_actual=132.1, Mejor=147.8
2025-10-23 04:41:01,446 - DEBUG - Iter 59800: T=1.23, Fitness_actual=131.4, Mejor=147.8
2025-10-23 04:41:12,847 - DEBUG - Iter 59900: T=1.23, Fitness_actual=130.9, Mejor=147.8
2025-10-23 04:41:24,332 - INFO -   Iter 60000 | Tiempo:   75.6min (31.5%) | T =     1.23 | Fitness =    129.6 | Mejor =    147.8 | Aceptación =  77.3%
2025-10-23 04:41:24,332 - INFO - Progreso iter 60000: T=1.23, Fitness=129.6, Mejor=147.8, Tasa_acept=77.3%
2025-10-23 04:41:24,335 - DEBUG - Iter 60000: T=1.23, Fitness_actual=129.6, Mejor=147.8
2025-10-23 04:41:35,832 - DEBUG - Iter 60100: T=1.22, Fitness_actual=125.1, Mejor=147.8
2025-10-23 04:41:41,614 - WARNING - ⚠️  DEGRADACIÓN DETECTADA en iter 60150:
2025-10-23 04:41:41,614 - WARNING -    Mejor fitness: 147.8
2025-10-23 04:41:41,614 - WARNING -    Fitness promedio reciente: 125.0
2025-10-23 04:41:41,614 - WARNING -    Degradación: 22.8
2025-10-23 04:41:41,614 - WARNING -    🔄 RESTAURANDO mejor solución...
2025-10-23 04:41:47,312 - DEBUG - Iter 60200: T=1.22, Fitness_actual=142.5, Mejor=147.8
2025-10-23 04:41:58,849 - DEBUG - Iter 60300: T=1.22, Fitness_actual=135.6, Mejor=147.8
2025-10-23 04:42:10,337 - DEBUG - Iter 60400: T=1.22, Fitness_actual=133.3, Mejor=147.8
2025-10-23 04:42:21,860 - INFO -   Iter 60500 | Tiempo:   76.6min (31.9%) | T =     1.21 | Fitness =    131.1 | Mejor =    147.8 | Aceptación =  77.4%
2025-10-23 04:42:21,860 - INFO - Progreso iter 60500: T=1.21, Fitness=131.1, Mejor=147.8, Tasa_acept=77.4%
2025-10-23 04:42:21,863 - DEBUG - Iter 60500: T=1.21, Fitness_actual=131.1, Mejor=147.8
2025-10-23 04:42:33,398 - DEBUG - Iter 60600: T=1.21, Fitness_actual=133.4, Mejor=147.8
2025-10-23 04:42:44,888 - DEBUG - Iter 60700: T=1.21, Fitness_actual=132.3, Mejor=147.8
2025-10-23 04:42:56,328 - WARNING - ⚠️  DEGRADACIÓN DETECTADA en iter 60800:
2025-10-23 04:42:56,328 - WARNING -    Mejor fitness: 147.8
2025-10-23 04:42:56,329 - WARNING -    Fitness promedio reciente: 126.5
2025-10-23 04:42:56,329 - WARNING -    Degradación: 21.3
2025-10-23 04:42:56,329 - WARNING -    🔄 RESTAURANDO mejor solución...
2025-10-23 04:42:56,330 - DEBUG - Iter 60800: T=1.21, Fitness_actual=147.8, Mejor=147.8
2025-10-23 04:42:56,676 - INFO - 🌟 MEJORA #279 en iter 60803: Fitness=147.8 (+0.0), Puntos=16423
2025-10-23 04:43:07,816 - DEBUG - Iter 60900: T=1.20, Fitness_actual=139.4, Mejor=147.8
2025-10-23 04:43:19,356 - INFO -   Iter 61000 | Tiempo:   77.6min (32.3%) | T =     1.20 | Fitness =    136.4 | Mejor =    147.8 | Aceptación =  77.4%
2025-10-23 04:43:19,356 - INFO - Progreso iter 61000: T=1.20, Fitness=136.4, Mejor=147.8, Tasa_acept=77.4%
2025-10-23 04:43:19,357 - DEBUG - Iter 61000: T=1.20, Fitness_actual=136.4, Mejor=147.8
2025-10-23 04:43:30,952 - DEBUG - Iter 61100: T=1.20, Fitness_actual=132.4, Mejor=147.8
2025-10-23 04:43:42,598 - DEBUG - Iter 61200: T=1.19, Fitness_actual=128.1, Mejor=147.8
2025-10-23 04:43:48,433 - WARNING - ⚠️  DEGRADACIÓN DETECTADA en iter 61250:
2025-10-23 04:43:48,434 - WARNING -    Mejor fitness: 147.8
2025-10-23 04:43:48,434 - WARNING -    Fitness promedio reciente: 126.1
2025-10-23 04:43:48,434 - WARNING -    Degradación: 21.8
2025-10-23 04:43:48,434 - WARNING -    🔄 RESTAURANDO mejor solución...
2025-10-23 04:43:48,435 - INFO - 🌟 MEJORA #280 en iter 61250: Fitness=147.8 (+0.0), Puntos=16423
2025-10-23 04:43:48,436 - INFO -   ✨ Mejora #280 en iteración 61251: Fitness = 147.8 | Puntos = 16423 | T = 1.19
2025-10-23 04:43:49,603 - INFO - 🌟 MEJORA #281 en iter 61260: Fitness=148.0 (+0.2), Puntos=16445
2025-10-23 04:43:50,190 - INFO - 🌟 MEJORA #282 en iter 61265: Fitness=148.1 (+0.0), Puntos=16451
2025-10-23 04:43:50,653 - INFO - 🌟 MEJORA #283 en iter 61269: Fitness=148.1 (+0.0), Puntos=16451
2025-10-23 04:43:51,346 - INFO - 🌟 MEJORA #284 en iter 61275: Fitness=148.1 (+0.1), Puntos=16457
2025-10-23 04:43:51,463 - INFO - 🌟 MEJORA #285 en iter 61276: Fitness=148.1 (+0.0), Puntos=16457
2025-10-23 04:43:51,463 - INFO -   ✨ Mejora #285 en iteración 61277: Fitness = 148.1 | Puntos = 16457 | T = 1.19
2025-10-23 04:43:54,259 - DEBUG - Iter 61300: T=1.19, Fitness_actual=142.8, Mejor=148.1
2025-10-23 04:44:05,898 - DEBUG - Iter 61400: T=1.19, Fitness_actual=135.2, Mejor=148.1
2025-10-23 04:44:17,524 - INFO -   Iter 61500 | Tiempo:   78.5min (32.7%) | T =     1.19 | Fitness =    129.8 | Mejor =    148.1 | Aceptación =  77.4%
2025-10-23 04:44:17,524 - INFO - Progreso iter 61500: T=1.19, Fitness=129.8, Mejor=148.1, Tasa_acept=77.4%
2025-10-23 04:44:17,527 - DEBUG - Iter 61500: T=1.19, Fitness_actual=129.8, Mejor=148.1
2025-10-23 04:44:29,201 - DEBUG - Iter 61600: T=1.18, Fitness_actual=133.6, Mejor=148.1
2025-10-23 04:44:40,885 - DEBUG - Iter 61700: T=1.18, Fitness_actual=129.5, Mejor=148.1
2025-10-23 04:44:52,594 - DEBUG - Iter 61800: T=1.18, Fitness_actual=131.4, Mejor=148.1
2025-10-23 04:45:04,268 - WARNING - ⚠️  DEGRADACIÓN DETECTADA en iter 61900:
2025-10-23 04:45:04,268 - WARNING -    Mejor fitness: 148.1
2025-10-23 04:45:04,268 - WARNING -    Fitness promedio reciente: 127.2
2025-10-23 04:45:04,268 - WARNING -    Degradación: 20.9
2025-10-23 04:45:04,268 - WARNING -    🔄 RESTAURANDO mejor solución...
2025-10-23 04:45:04,270 - DEBUG - Iter 61900: T=1.18, Fitness_actual=148.1, Mejor=148.1
2025-10-23 04:45:04,270 - INFO - 🌟 MEJORA #286 en iter 61900: Fitness=148.1 (+0.0), Puntos=16458
2025-10-23 04:45:04,503 - INFO - 🌟 MEJORA #287 en iter 61902: Fitness=148.2 (+0.0), Puntos=16462
2025-10-23 04:45:04,737 - INFO - 🌟 MEJORA #288 en iter 61904: Fitness=148.2 (+0.0), Puntos=16462
2025-10-23 04:45:04,855 - INFO - 🌟 MEJORA #289 en iter 61905: Fitness=148.2 (+0.0), Puntos=16462
2025-10-23 04:45:15,916 - INFO -   Iter 62000 | Tiempo:   79.5min (33.1%) | T =     1.17 | Fitness =    139.8 | Mejor =    148.2 | Aceptación =  77.4%
2025-10-23 04:45:15,916 - INFO - Progreso iter 62000: T=1.17, Fitness=139.8, Mejor=148.2, Tasa_acept=77.4%
2025-10-23 04:45:15,919 - DEBUG - Iter 62000: T=1.17, Fitness_actual=139.8, Mejor=148.2
2025-10-23 04:45:27,603 - DEBUG - Iter 62100: T=1.17, Fitness_actual=137.9, Mejor=148.2
2025-10-23 04:45:39,519 - DEBUG - Iter 62200: T=1.17, Fitness_actual=137.7, Mejor=148.2
2025-10-23 04:45:51,304 - DEBUG - Iter 62300: T=1.17, Fitness_actual=133.4, Mejor=148.2
2025-10-23 04:46:03,123 - DEBUG - Iter 62400: T=1.16, Fitness_actual=134.2, Mejor=148.2
2025-10-23 04:46:14,916 - INFO -   Iter 62500 | Tiempo:   80.5min (33.5%) | T =     1.16 | Fitness =    127.4 | Mejor =    148.2 | Aceptación =  77.4%
2025-10-23 04:46:14,917 - INFO - Progreso iter 62500: T=1.16, Fitness=127.4, Mejor=148.2, Tasa_acept=77.4%
2025-10-23 04:46:14,917 - WARNING - ⚠️  DEGRADACIÓN DETECTADA en iter 62500:
2025-10-23 04:46:14,917 - WARNING -    Mejor fitness: 148.2
2025-10-23 04:46:14,917 - WARNING -    Fitness promedio reciente: 127.2
2025-10-23 04:46:14,917 - WARNING -    Degradación: 21.0
2025-10-23 04:46:14,918 - WARNING -    🔄 RESTAURANDO mejor solución...
2025-10-23 04:46:14,919 - DEBUG - Iter 62500: T=1.16, Fitness_actual=148.2, Mejor=148.2
2025-10-23 04:46:15,152 - INFO - 🌟 MEJORA #290 en iter 62502: Fitness=148.3 (+0.1), Puntos=16472
2025-10-23 04:46:15,152 - INFO -   ✨ Mejora #290 en iteración 62503: Fitness = 148.3 | Puntos = 16472 | T = 1.16
2025-10-23 04:46:15,620 - INFO - 🌟 MEJORA #291 en iter 62506: Fitness=148.4 (+0.1), Puntos=16483
2025-10-23 04:46:15,738 - INFO - 🌟 MEJORA #292 en iter 62507: Fitness=148.4 (+0.0), Puntos=16483
2025-10-23 04:46:15,858 - INFO - 🌟 MEJORA #293 en iter 62508: Fitness=148.4 (+0.0), Puntos=16483
2025-10-23 04:46:16,092 - INFO - 🌟 MEJORA #294 en iter 62510: Fitness=148.4 (+0.0), Puntos=16483
2025-10-23 04:46:16,210 - INFO - 🌟 MEJORA #295 en iter 62511: Fitness=148.4 (+0.0), Puntos=16483
2025-10-23 04:46:16,210 - INFO -   ✨ Mejora #295 en iteración 62512: Fitness = 148.4 | Puntos = 16483 | T = 1.16
2025-10-23 04:46:26,666 - DEBUG - Iter 62600: T=1.16, Fitness_actual=140.5, Mejor=148.4
2025-10-23 04:46:38,449 - DEBUG - Iter 62700: T=1.16, Fitness_actual=139.4, Mejor=148.4
2025-10-23 04:46:50,228 - DEBUG - Iter 62800: T=1.15, Fitness_actual=135.0, Mejor=148.4
2025-10-23 04:47:02,057 - DEBUG - Iter 62900: T=1.15, Fitness_actual=132.6, Mejor=148.4
2025-10-23 04:47:06,525 - WARNING - ================================================================================
2025-10-23 04:47:06,525 - WARNING - ⚠️  SALTO ANORMAL DETECTADO en iteración 62938
2025-10-23 04:47:06,525 - WARNING -    Fitness actual: 134.0
2025-10-23 04:47:06,525 - WARNING -    Fitness vecino: 112.1
2025-10-23 04:47:06,526 - WARNING -    Delta: -21.9
2025-10-23 04:47:06,526 - WARNING -    Temperatura: 1.15
2025-10-23 04:47:06,526 - WARNING -    Tipo perturbación aplicada: (ver generar_vecino)
2025-10-23 04:47:06,526 - WARNING -    Vecino - Puntos: 16079, Tiempo: 14885.1min, Distancia: 221.7km
2025-10-23 04:47:06,526 - WARNING -    Actual - Puntos: 16079, Tiempo: 13843.6min, Distancia: 157.4km
2025-10-23 04:47:06,526 - WARNING -    Validez restricciones - Vecino: False, Actual: False
2025-10-23 04:47:06,527 - WARNING - ================================================================================
2025-10-23 04:47:06,527 - WARNING - ⚠️  SALTO ANORMAL DETECTADO en iteración 62938
2025-10-23 04:47:06,527 - WARNING -    Fitness: 134.0 → 112.1 (Δ=-21.9)
2025-10-23 04:47:06,527 - WARNING -    Ver detalles en archivo de log
2025-10-23 04:47:13,854 - INFO -   Iter 63000 | Tiempo:   81.5min (33.9%) | T =     1.15 | Fitness =    131.9 | Mejor =    148.4 | Aceptación =  77.4%
2025-10-23 04:47:13,854 - INFO - Progreso iter 63000: T=1.15, Fitness=131.9, Mejor=148.4, Tasa_acept=77.4%
2025-10-23 04:47:13,855 - DEBUG - Iter 63000: T=1.15, Fitness_actual=131.9, Mejor=148.4
2025-10-23 04:47:25,724 - DEBUG - Iter 63100: T=1.14, Fitness_actual=130.5, Mejor=148.4
2025-10-23 04:47:37,653 - WARNING - ⚠️  DEGRADACIÓN DETECTADA en iter 63200:
2025-10-23 04:47:37,653 - WARNING -    Mejor fitness: 148.4
2025-10-23 04:47:37,653 - WARNING -    Fitness promedio reciente: 127.1
2025-10-23 04:47:37,654 - WARNING -    Degradación: 21.3
2025-10-23 04:47:37,655 - WARNING -    🔄 RESTAURANDO mejor solución...
2025-10-23 04:47:37,656 - DEBUG - Iter 63200: T=1.14, Fitness_actual=148.4, Mejor=148.4
2025-10-23 04:47:37,892 - INFO - 🌟 MEJORA #296 en iter 63202: Fitness=148.6 (+0.2), Puntos=16503
2025-10-23 04:47:49,500 - DEBUG - Iter 63300: T=1.14, Fitness_actual=140.6, Mejor=148.6
2025-10-23 04:48:01,400 - DEBUG - Iter 63400: T=1.14, Fitness_actual=131.6, Mejor=148.6
2025-10-23 04:48:13,328 - INFO -   Iter 63500 | Tiempo:   82.5min (34.4%) | T =     1.13 | Fitness =    134.2 | Mejor =    148.6 | Aceptación =  77.4%
2025-10-23 04:48:13,328 - INFO - Progreso iter 63500: T=1.13, Fitness=134.2, Mejor=148.6, Tasa_acept=77.4%
2025-10-23 04:48:13,331 - DEBUG - Iter 63500: T=1.13, Fitness_actual=134.2, Mejor=148.6
2025-10-23 04:48:25,273 - DEBUG - Iter 63600: T=1.13, Fitness_actual=131.4, Mejor=148.6
2025-10-23 04:48:37,230 - DEBUG - Iter 63700: T=1.13, Fitness_actual=132.2, Mejor=148.6
2025-10-23 04:48:49,182 - WARNING - ⚠️  DEGRADACIÓN DETECTADA en iter 63800:
2025-10-23 04:48:49,182 - WARNING -    Mejor fitness: 148.6
2025-10-23 04:48:49,182 - WARNING -    Fitness promedio reciente: 127.5
2025-10-23 04:48:49,182 - WARNING -    Degradación: 21.1
2025-10-23 04:48:49,183 - WARNING -    🔄 RESTAURANDO mejor solución...
2025-10-23 04:48:49,186 - DEBUG - Iter 63800: T=1.13, Fitness_actual=148.6, Mejor=148.6
2025-10-23 04:48:49,425 - INFO - 🌟 MEJORA #297 en iter 63802: Fitness=148.6 (+0.0), Puntos=16504
2025-10-23 04:49:01,087 - DEBUG - Iter 63900: T=1.12, Fitness_actual=134.9, Mejor=148.6
2025-10-23 04:49:13,031 - INFO -   Iter 64000 | Tiempo:   83.4min (34.8%) | T =     1.12 | Fitness =    130.5 | Mejor =    148.6 | Aceptación =  77.5%
2025-10-23 04:49:13,031 - INFO - Progreso iter 64000: T=1.12, Fitness=130.5, Mejor=148.6, Tasa_acept=77.5%
2025-10-23 04:49:13,034 - DEBUG - Iter 64000: T=1.12, Fitness_actual=130.5, Mejor=148.6
2025-10-23 04:49:25,008 - WARNING - ⚠️  DEGRADACIÓN DETECTADA en iter 64100:
2025-10-23 04:49:25,008 - WARNING -    Mejor fitness: 148.6
2025-10-23 04:49:25,008 - WARNING -    Fitness promedio reciente: 128.2
2025-10-23 04:49:25,009 - WARNING -    Degradación: 20.4
2025-10-23 04:49:25,009 - WARNING -    🔄 RESTAURANDO mejor solución...
2025-10-23 04:49:25,010 - DEBUG - Iter 64100: T=1.12, Fitness_actual=148.6, Mejor=148.6
2025-10-23 04:49:25,010 - INFO - 🌟 MEJORA #298 en iter 64100: Fitness=148.6 (+0.0), Puntos=16504
2025-10-23 04:49:36,974 - DEBUG - Iter 64200: T=1.12, Fitness_actual=137.4, Mejor=148.6
2025-10-23 04:49:49,002 - DEBUG - Iter 64300: T=1.11, Fitness_actual=134.7, Mejor=148.6
2025-10-23 04:50:01,037 - DEBUG - Iter 64400: T=1.11, Fitness_actual=129.5, Mejor=148.6
2025-10-23 04:50:07,050 - WARNING - ⚠️  DEGRADACIÓN DETECTADA en iter 64450:
2025-10-23 04:50:07,050 - WARNING -    Mejor fitness: 148.6
2025-10-23 04:50:07,051 - WARNING -    Fitness promedio reciente: 128.4
2025-10-23 04:50:07,051 - WARNING -    Degradación: 20.2
2025-10-23 04:50:07,051 - WARNING -    🔄 RESTAURANDO mejor solución...
2025-10-23 04:50:07,173 - INFO - 🌟 MEJORA #299 en iter 64451: Fitness=148.6 (+0.0), Puntos=16504
2025-10-23 04:50:07,534 - INFO - 🌟 MEJORA #300 en iter 64454: Fitness=148.6 (+0.0), Puntos=16504
2025-10-23 04:50:07,535 - INFO -   ✨ Mejora #300 en iteración 64455: Fitness = 148.6 | Puntos = 16504 | T = 1.11
2025-10-23 04:50:07,897 - INFO - 🌟 MEJORA #301 en iter 64457: Fitness=148.6 (+0.0), Puntos=16506
2025-10-23 04:50:08,136 - INFO - 🌟 MEJORA #302 en iter 64459: Fitness=148.6 (+0.0), Puntos=16506
2025-10-23 04:50:13,036 - INFO -   Iter 64500 | Tiempo:   84.4min (35.2%) | T =     1.11 | Fitness =    147.6 | Mejor =    148.6 | Aceptación =  77.5%
2025-10-23 04:50:13,036 - INFO - Progreso iter 64500: T=1.11, Fitness=147.6, Mejor=148.6, Tasa_acept=77.5%
2025-10-23 04:50:13,037 - DEBUG - Iter 64500: T=1.11, Fitness_actual=147.6, Mejor=148.6
2025-10-23 04:50:25,019 - DEBUG - Iter 64600: T=1.11, Fitness_actual=142.0, Mejor=148.6
2025-10-23 04:50:36,963 - DEBUG - Iter 64700: T=1.10, Fitness_actual=139.2, Mejor=148.6
2025-10-23 04:50:48,988 - DEBUG - Iter 64800: T=1.10, Fitness_actual=133.1, Mejor=148.6
2025-10-23 04:51:01,108 - DEBUG - Iter 64900: T=1.10, Fitness_actual=128.6, Mejor=148.6
2025-10-23 04:51:07,166 - WARNING - ⚠️  DEGRADACIÓN DETECTADA en iter 64950:
2025-10-23 04:51:07,166 - WARNING -    Mejor fitness: 148.6
2025-10-23 04:51:07,167 - WARNING -    Fitness promedio reciente: 127.7
2025-10-23 04:51:07,167 - WARNING -    Degradación: 21.0
2025-10-23 04:51:07,167 - WARNING -    🔄 RESTAURANDO mejor solución...
2025-10-23 04:51:13,192 - INFO -   Iter 65000 | Tiempo:   85.4min (35.6%) | T =     1.10 | Fitness =    142.0 | Mejor =    148.6 | Aceptación =  77.5%
2025-10-23 04:51:13,192 - INFO - Progreso iter 65000: T=1.10, Fitness=142.0, Mejor=148.6, Tasa_acept=77.5%
2025-10-23 04:51:13,193 - DEBUG - Iter 65000: T=1.10, Fitness_actual=142.0, Mejor=148.6
2025-10-23 04:51:25,243 - DEBUG - Iter 65100: T=1.09, Fitness_actual=141.3, Mejor=148.6
2025-10-23 04:51:37,336 - DEBUG - Iter 65200: T=1.09, Fitness_actual=139.0, Mejor=148.6
2025-10-23 04:51:49,447 - DEBUG - Iter 65300: T=1.09, Fitness_actual=132.6, Mejor=148.6
2025-10-23 04:52:01,643 - DEBUG - Iter 65400: T=1.09, Fitness_actual=134.0, Mejor=148.6
2025-10-23 04:52:13,685 - INFO -   Iter 65500 | Tiempo:   86.5min (36.0%) | T =     1.08 | Fitness =    131.7 | Mejor =    148.6 | Aceptación =  77.4%
2025-10-23 04:52:13,685 - INFO - Progreso iter 65500: T=1.08, Fitness=131.7, Mejor=148.6, Tasa_acept=77.4%
2025-10-23 04:52:13,688 - DEBUG - Iter 65500: T=1.08, Fitness_actual=131.7, Mejor=148.6
2025-10-23 04:52:25,827 - DEBUG - Iter 65600: T=1.08, Fitness_actual=132.2, Mejor=148.6
2025-10-23 04:52:37,950 - DEBUG - Iter 65700: T=1.08, Fitness_actual=132.3, Mejor=148.6
2025-10-23 04:52:50,064 - DEBUG - Iter 65800: T=1.08, Fitness_actual=131.3, Mejor=148.6
2025-10-23 04:53:02,212 - DEBUG - Iter 65900: T=1.07, Fitness_actual=132.8, Mejor=148.6
2025-10-23 04:53:14,347 - INFO -   Iter 66000 | Tiempo:   87.5min (36.4%) | T =     1.07 | Fitness =    131.2 | Mejor =    148.6 | Aceptación =  77.4%
2025-10-23 04:53:14,348 - INFO - Progreso iter 66000: T=1.07, Fitness=131.2, Mejor=148.6, Tasa_acept=77.4%
2025-10-23 04:53:14,350 - DEBUG - Iter 66000: T=1.07, Fitness_actual=131.2, Mejor=148.6
2025-10-23 04:53:20,472 - WARNING - ⚠️  DEGRADACIÓN DETECTADA en iter 66050:
2025-10-23 04:53:20,472 - WARNING -    Mejor fitness: 148.6
2025-10-23 04:53:20,472 - WARNING -    Fitness promedio reciente: 126.7
2025-10-23 04:53:20,472 - WARNING -    Degradación: 21.9
2025-10-23 04:53:20,472 - WARNING -    🔄 RESTAURANDO mejor solución...
2025-10-23 04:53:20,474 - INFO - 🌟 MEJORA #303 en iter 66050: Fitness=148.6 (+0.0), Puntos=16506
2025-10-23 04:53:21,925 - INFO - 🌟 MEJORA #304 en iter 66062: Fitness=148.7 (+0.0), Puntos=16508
2025-10-23 04:53:22,171 - INFO - 🌟 MEJORA #305 en iter 66064: Fitness=148.7 (+0.0), Puntos=16508
2025-10-23 04:53:22,171 - INFO -   ✨ Mejora #305 en iteración 66065: Fitness = 148.7 | Puntos = 16508 | T = 1.07
2025-10-23 04:53:22,534 - INFO - 🌟 MEJORA #306 en iter 66067: Fitness=148.7 (+0.0), Puntos=16511
2025-10-23 04:53:26,517 - DEBUG - Iter 66100: T=1.07, Fitness_actual=139.9, Mejor=148.7
2025-10-23 04:53:38,623 - DEBUG - Iter 66200: T=1.07, Fitness_actual=138.8, Mejor=148.7
2025-10-23 04:53:50,739 - DEBUG - Iter 66300: T=1.06, Fitness_actual=132.9, Mejor=148.7
2025-10-23 04:54:02,926 - DEBUG - Iter 66400: T=1.06, Fitness_actual=128.7, Mejor=148.7
2025-10-23 04:54:15,124 - INFO -   Iter 66500 | Tiempo:   88.5min (36.9%) | T =     1.06 | Fitness =    132.0 | Mejor =    148.7 | Aceptación =  77.4%
2025-10-23 04:54:15,124 - INFO - Progreso iter 66500: T=1.06, Fitness=132.0, Mejor=148.7, Tasa_acept=77.4%
2025-10-23 04:54:15,127 - DEBUG - Iter 66500: T=1.06, Fitness_actual=132.0, Mejor=148.7
2025-10-23 04:54:27,286 - DEBUG - Iter 66600: T=1.06, Fitness_actual=129.9, Mejor=148.7
2025-10-23 04:54:39,513 - DEBUG - Iter 66700: T=1.05, Fitness_actual=129.6, Mejor=148.7
2025-10-23 04:54:51,757 - DEBUG - Iter 66800: T=1.05, Fitness_actual=129.0, Mejor=148.7
2025-10-23 04:55:04,055 - DEBUG - Iter 66900: T=1.05, Fitness_actual=130.4, Mejor=148.7
2025-10-23 04:55:16,359 - INFO -   Iter 67000 | Tiempo:   89.5min (37.3%) | T =     1.05 | Fitness =    131.7 | Mejor =    148.7 | Aceptación =  77.4%
2025-10-23 04:55:16,359 - INFO - Progreso iter 67000: T=1.05, Fitness=131.7, Mejor=148.7, Tasa_acept=77.4%
2025-10-23 04:55:16,362 - DEBUG - Iter 67000: T=1.05, Fitness_actual=131.7, Mejor=148.7
2025-10-23 04:55:28,776 - DEBUG - Iter 67100: T=1.04, Fitness_actual=129.1, Mejor=148.7
2025-10-23 04:55:34,993 - WARNING - ⚠️  DEGRADACIÓN DETECTADA en iter 67150:
2025-10-23 04:55:34,993 - WARNING -    Mejor fitness: 148.7
2025-10-23 04:55:34,993 - WARNING -    Fitness promedio reciente: 127.7
2025-10-23 04:55:34,993 - WARNING -    Degradación: 21.0
2025-10-23 04:55:34,993 - WARNING -    🔄 RESTAURANDO mejor solución...
2025-10-23 04:55:36,105 - INFO - 🌟 MEJORA #307 en iter 67159: Fitness=148.7 (+0.0), Puntos=16512
2025-10-23 04:55:38,082 - INFO - 🌟 MEJORA #308 en iter 67175: Fitness=148.8 (+0.1), Puntos=16521
2025-10-23 04:55:41,168 - DEBUG - Iter 67200: T=1.04, Fitness_actual=148.4, Mejor=148.8
2025-10-23 04:55:53,529 - DEBUG - Iter 67300: T=1.04, Fitness_actual=143.3, Mejor=148.8
2025-10-23 04:56:05,970 - DEBUG - Iter 67400: T=1.04, Fitness_actual=137.8, Mejor=148.8
2025-10-23 04:56:18,321 - INFO -   Iter 67500 | Tiempo:   90.5min (37.7%) | T =     1.04 | Fitness =    133.5 | Mejor =    148.8 | Aceptación =  77.4%
2025-10-23 04:56:18,321 - INFO - Progreso iter 67500: T=1.04, Fitness=133.5, Mejor=148.8, Tasa_acept=77.4%
2025-10-23 04:56:18,322 - DEBUG - Iter 67500: T=1.04, Fitness_actual=133.5, Mejor=148.8
2025-10-23 04:56:30,767 - DEBUG - Iter 67600: T=1.03, Fitness_actual=131.0, Mejor=148.8
2025-10-23 04:56:43,206 - DEBUG - Iter 67700: T=1.03, Fitness_actual=131.6, Mejor=148.8
2025-10-23 04:56:55,724 - DEBUG - Iter 67800: T=1.03, Fitness_actual=133.6, Mejor=148.8
2025-10-23 04:57:08,204 - DEBUG - Iter 67900: T=1.03, Fitness_actual=131.7, Mejor=148.8
2025-10-23 04:57:20,700 - INFO -   Iter 68000 | Tiempo:   91.6min (38.2%) | T =     1.02 | Fitness =    131.5 | Mejor =    148.8 | Aceptación =  77.4%
2025-10-23 04:57:20,701 - INFO - Progreso iter 68000: T=1.02, Fitness=131.5, Mejor=148.8, Tasa_acept=77.4%
2025-10-23 04:57:20,703 - DEBUG - Iter 68000: T=1.02, Fitness_actual=131.5, Mejor=148.8
2025-10-23 04:57:33,188 - WARNING - ⚠️  DEGRADACIÓN DETECTADA en iter 68100:
2025-10-23 04:57:33,188 - WARNING -    Mejor fitness: 148.8
2025-10-23 04:57:33,188 - WARNING -    Fitness promedio reciente: 124.7
2025-10-23 04:57:33,188 - WARNING -    Degradación: 24.0
2025-10-23 04:57:33,188 - WARNING -    🔄 RESTAURANDO mejor solución...
2025-10-23 04:57:33,191 - DEBUG - Iter 68100: T=1.02, Fitness_actual=148.8, Mejor=148.8
2025-10-23 04:57:33,441 - INFO - 🌟 MEJORA #309 en iter 68102: Fitness=148.8 (+0.0), Puntos=16524
2025-10-23 04:57:33,820 - INFO - 🌟 MEJORA #310 en iter 68105: Fitness=148.8 (+0.0), Puntos=16524
2025-10-23 04:57:33,820 - INFO -   ✨ Mejora #310 en iteración 68106: Fitness = 148.8 | Puntos = 16524 | T = 1.02
2025-10-23 04:57:34,571 - INFO - 🌟 MEJORA #311 en iter 68111: Fitness=148.8 (+0.0), Puntos=16524
2025-10-23 04:57:34,694 - INFO - 🌟 MEJORA #312 en iter 68112: Fitness=148.8 (+0.0), Puntos=16524
2025-10-23 04:57:45,658 - DEBUG - Iter 68200: T=1.02, Fitness_actual=142.2, Mejor=148.8
2025-10-23 04:57:58,134 - DEBUG - Iter 68300: T=1.02, Fitness_actual=134.5, Mejor=148.8
2025-10-23 04:58:10,594 - DEBUG - Iter 68400: T=1.01, Fitness_actual=132.4, Mejor=148.8
2025-10-23 04:58:23,061 - INFO -   Iter 68500 | Tiempo:   92.6min (38.6%) | T =     1.01 | Fitness =    132.9 | Mejor =    148.8 | Aceptación =  77.3%
2025-10-23 04:58:23,061 - INFO - Progreso iter 68500: T=1.01, Fitness=132.9, Mejor=148.8, Tasa_acept=77.3%
2025-10-23 04:58:23,062 - DEBUG - Iter 68500: T=1.01, Fitness_actual=132.9, Mejor=148.8
2025-10-23 04:58:35,555 - DEBUG - Iter 68600: T=1.01, Fitness_actual=129.4, Mejor=148.8
2025-10-23 04:58:41,787 - WARNING - ⚠️  DEGRADACIÓN DETECTADA en iter 68650:
2025-10-23 04:58:41,788 - WARNING -    Mejor fitness: 148.8
2025-10-23 04:58:41,788 - WARNING -    Fitness promedio reciente: 127.8
2025-10-23 04:58:41,788 - WARNING -    Degradación: 21.0
2025-10-23 04:58:41,788 - WARNING -    🔄 RESTAURANDO mejor solución...
2025-10-23 04:58:48,039 - DEBUG - Iter 68700: T=1.01, Fitness_actual=146.0, Mejor=148.8
2025-10-23 04:58:58,039 - WARNING - ================================================================================
2025-10-23 04:58:58,039 - WARNING - ⚠️  SALTO ANORMAL DETECTADO en iteración 68780
2025-10-23 04:58:58,039 - WARNING -    Fitness actual: 144.8
2025-10-23 04:58:58,040 - WARNING -    Fitness vecino: 120.1
2025-10-23 04:58:58,040 - WARNING -    Delta: -24.7
2025-10-23 04:58:58,040 - WARNING -    Temperatura: 1.00
2025-10-23 04:58:58,040 - WARNING -    Tipo perturbación aplicada: (ver generar_vecino)
2025-10-23 04:58:58,040 - WARNING -    Vecino - Puntos: 16041, Tiempo: 15203.1min, Distancia: 241.1km
2025-10-23 04:58:58,040 - WARNING -    Actual - Puntos: 16421, Tiempo: 14155.2min, Distancia: 140.9km
2025-10-23 04:58:58,041 - WARNING -    Validez restricciones - Vecino: False, Actual: False
2025-10-23 04:58:58,041 - WARNING - ================================================================================
2025-10-23 04:58:58,041 - WARNING - ⚠️  SALTO ANORMAL DETECTADO en iteración 68780
2025-10-23 04:58:58,041 - WARNING -    Fitness: 144.8 → 120.1 (Δ=-24.7)
2025-10-23 04:58:58,041 - WARNING -    Ver detalles en archivo de log
2025-10-23 04:59:00,543 - DEBUG - Iter 68800: T=1.00, Fitness_actual=140.2, Mejor=148.8
2025-10-23 04:59:13,037 - DEBUG - Iter 68900: T=1.00, Fitness_actual=134.7, Mejor=148.8
2025-10-23 04:59:25,597 - INFO -   Iter 69000 | Tiempo:   93.7min (39.0%) | T =     1.00 | Fitness =    133.0 | Mejor =    148.8 | Aceptación =  77.2%
2025-10-23 04:59:25,597 - INFO - Progreso iter 69000: T=1.00, Fitness=133.0, Mejor=148.8, Tasa_acept=77.2%
2025-10-23 04:59:25,600 - DEBUG - Iter 69000: T=1.00, Fitness_actual=133.0, Mejor=148.8
2025-10-23 04:59:38,185 - DEBUG - Iter 69100: T=1.00, Fitness_actual=130.6, Mejor=148.8
2025-10-23 04:59:50,751 - WARNING - ⚠️  DEGRADACIÓN DETECTADA en iter 69200:
2025-10-23 04:59:50,751 - WARNING -    Mejor fitness: 148.8
2025-10-23 04:59:50,751 - WARNING -    Fitness promedio reciente: 128.6
2025-10-23 04:59:50,752 - WARNING -    Degradación: 20.2
2025-10-23 04:59:50,752 - WARNING -    🔄 RESTAURANDO mejor solución...
2025-10-23 04:59:50,753 - DEBUG - Iter 69200: T=0.99, Fitness_actual=148.8, Mejor=148.8
2025-10-23 05:00:03,312 - DEBUG - Iter 69300: T=0.99, Fitness_actual=146.5, Mejor=148.8
2025-10-23 05:00:15,873 - DEBUG - Iter 69400: T=0.99, Fitness_actual=140.0, Mejor=148.8
2025-10-23 05:00:28,541 - INFO -   Iter 69500 | Tiempo:   94.7min (39.5%) | T =     0.99 | Fitness =    131.3 | Mejor =    148.8 | Aceptación =  77.2%
2025-10-23 05:00:28,541 - INFO - Progreso iter 69500: T=0.99, Fitness=131.3, Mejor=148.8, Tasa_acept=77.2%
2025-10-23 05:00:28,543 - DEBUG - Iter 69500: T=0.99, Fitness_actual=131.3, Mejor=148.8
2025-10-23 05:00:41,133 - DEBUG - Iter 69600: T=0.99, Fitness_actual=132.9, Mejor=148.8
2025-10-23 05:00:53,757 - DEBUG - Iter 69700: T=0.98, Fitness_actual=132.5, Mejor=148.8
2025-10-23 05:01:06,501 - DEBUG - Iter 69800: T=0.98, Fitness_actual=130.6, Mejor=148.8
2025-10-23 05:01:19,108 - WARNING - ⚠️  DEGRADACIÓN DETECTADA en iter 69900:
2025-10-23 05:01:19,108 - WARNING -    Mejor fitness: 148.8
2025-10-23 05:01:19,108 - WARNING -    Fitness promedio reciente: 127.8
2025-10-23 05:01:19,108 - WARNING -    Degradación: 21.0
2025-10-23 05:01:19,108 - WARNING -    🔄 RESTAURANDO mejor solución...
2025-10-23 05:01:19,109 - DEBUG - Iter 69900: T=0.98, Fitness_actual=148.8, Mejor=148.8
2025-10-23 05:01:19,615 - INFO - 🌟 MEJORA #313 en iter 69904: Fitness=148.9 (+0.0), Puntos=16529
2025-10-23 05:01:19,997 - INFO - 🌟 MEJORA #314 en iter 69907: Fitness=148.9 (+0.0), Puntos=16529
2025-10-23 05:01:20,123 - INFO - 🌟 MEJORA #315 en iter 69908: Fitness=148.9 (+0.0), Puntos=16529
2025-10-23 05:01:20,123 - INFO -   ✨ Mejora #315 en iteración 69909: Fitness = 148.9 | Puntos = 16529 | T = 0.98
2025-10-23 05:01:20,502 - INFO - 🌟 MEJORA #316 en iter 69911: Fitness=148.9 (+0.1), Puntos=16537
2025-10-23 05:01:20,879 - INFO - 🌟 MEJORA #317 en iter 69914: Fitness=149.0 (+0.1), Puntos=16546
2025-10-23 05:01:23,903 - INFO - 🌟 MEJORA #318 en iter 69938: Fitness=149.1 (+0.0), Puntos=16548
2025-10-23 05:01:24,029 - INFO - 🌟 MEJORA #319 en iter 69939: Fitness=149.1 (+0.0), Puntos=16548
2025-10-23 05:01:24,286 - INFO - 🌟 MEJORA #320 en iter 69941: Fitness=149.1 (+0.1), Puntos=16555
2025-10-23 05:01:24,286 - INFO -   ✨ Mejora #320 en iteración 69942: Fitness = 149.1 | Puntos = 16555 | T = 0.98
2025-10-23 05:01:24,918 - INFO - 🌟 MEJORA #321 en iter 69946: Fitness=149.2 (+0.0), Puntos=16558
2025-10-23 05:01:25,299 - INFO - 🌟 MEJORA #322 en iter 69949: Fitness=149.2 (+0.0), Puntos=16558
2025-10-23 05:01:25,683 - INFO - 🌟 MEJORA #323 en iter 69952: Fitness=149.2 (+0.0), Puntos=16558
2025-10-23 05:01:31,756 - INFO -   Iter 70000 | Tiempo:   95.8min (39.9%) | T =     0.98 | Fitness =    146.0 | Mejor =    149.2 | Aceptación =  77.1%
2025-10-23 05:01:31,756 - INFO - Progreso iter 70000: T=0.98, Fitness=146.0, Mejor=149.2, Tasa_acept=77.1%
2025-10-23 05:01:31,757 - DEBUG - Iter 70000: T=0.98, Fitness_actual=146.0, Mejor=149.2
2025-10-23 05:01:44,413 - DEBUG - Iter 70100: T=0.97, Fitness_actual=141.1, Mejor=149.2
2025-10-23 05:01:57,160 - DEBUG - Iter 70200: T=0.97, Fitness_actual=140.4, Mejor=149.2
2025-10-23 05:02:09,884 - DEBUG - Iter 70300: T=0.97, Fitness_actual=140.5, Mejor=149.2
2025-10-23 05:02:22,572 - DEBUG - Iter 70400: T=0.97, Fitness_actual=136.0, Mejor=149.2
2025-10-23 05:02:35,274 - INFO -   Iter 70500 | Tiempo:   96.8min (40.3%) | T =     0.96 | Fitness =    131.0 | Mejor =    149.2 | Aceptación =  77.0%
2025-10-23 05:02:35,274 - INFO - Progreso iter 70500: T=0.96, Fitness=131.0, Mejor=149.2, Tasa_acept=77.0%
2025-10-23 05:02:35,277 - DEBUG - Iter 70500: T=0.96, Fitness_actual=131.0, Mejor=149.2
2025-10-23 05:02:48,023 - DEBUG - Iter 70600: T=0.96, Fitness_actual=132.0, Mejor=149.2
2025-10-23 05:03:00,821 - WARNING - ⚠️  DEGRADACIÓN DETECTADA en iter 70700:
2025-10-23 05:03:00,822 - WARNING -    Mejor fitness: 149.2
2025-10-23 05:03:00,822 - WARNING -    Fitness promedio reciente: 128.8
2025-10-23 05:03:00,822 - WARNING -    Degradación: 20.4
2025-10-23 05:03:00,822 - WARNING -    🔄 RESTAURANDO mejor solución...
2025-10-23 05:03:00,823 - DEBUG - Iter 70700: T=0.96, Fitness_actual=149.2, Mejor=149.2
2025-10-23 05:03:00,824 - INFO - 🌟 MEJORA #324 en iter 70700: Fitness=149.2 (+0.0), Puntos=16558
2025-10-23 05:03:13,607 - DEBUG - Iter 70800: T=0.96, Fitness_actual=146.1, Mejor=149.2
2025-10-23 05:03:26,363 - DEBUG - Iter 70900: T=0.96, Fitness_actual=136.4, Mejor=149.2
2025-10-23 05:03:39,092 - INFO -   Iter 71000 | Tiempo:   97.9min (40.8%) | T =     0.95 | Fitness =    135.6 | Mejor =    149.2 | Aceptación =  77.0%
2025-10-23 05:03:39,092 - INFO - Progreso iter 71000: T=0.95, Fitness=135.6, Mejor=149.2, Tasa_acept=77.0%
2025-10-23 05:03:39,094 - DEBUG - Iter 71000: T=0.95, Fitness_actual=135.6, Mejor=149.2
2025-10-23 05:03:51,855 - DEBUG - Iter 71100: T=0.95, Fitness_actual=135.5, Mejor=149.2
2025-10-23 05:04:04,699 - DEBUG - Iter 71200: T=0.95, Fitness_actual=136.6, Mejor=149.2
2025-10-23 05:04:17,549 - DEBUG - Iter 71300: T=0.95, Fitness_actual=136.4, Mejor=149.2
2025-10-23 05:04:30,410 - DEBUG - Iter 71400: T=0.94, Fitness_actual=132.6, Mejor=149.2
2025-10-23 05:04:43,274 - INFO -   Iter 71500 | Tiempo:   99.0min (41.2%) | T =     0.94 | Fitness =    126.2 | Mejor =    149.2 | Aceptación =  77.0%
2025-10-23 05:04:43,275 - INFO - Progreso iter 71500: T=0.94, Fitness=126.2, Mejor=149.2, Tasa_acept=77.0%
2025-10-23 05:04:43,276 - DEBUG - Iter 71500: T=0.94, Fitness_actual=126.2, Mejor=149.2
2025-10-23 05:04:49,669 - WARNING - ⚠️  DEGRADACIÓN DETECTADA en iter 71550:
2025-10-23 05:04:49,669 - WARNING -    Mejor fitness: 149.2
2025-10-23 05:04:49,669 - WARNING -    Fitness promedio reciente: 127.9
2025-10-23 05:04:49,669 - WARNING -    Degradación: 21.3
2025-10-23 05:04:49,669 - WARNING -    🔄 RESTAURANDO mejor solución...
2025-10-23 05:04:50,187 - INFO - 🌟 MEJORA #325 en iter 71554: Fitness=150.0 (+0.9), Puntos=16543
2025-10-23 05:04:50,187 - INFO -   ✨ Mejora #325 en iteración 71555: Fitness = 150.0 | Puntos = 16543 | T = 0.94
2025-10-23 05:04:55,204 - WARNING - ================================================================================
2025-10-23 05:04:55,205 - WARNING - ⚠️  SALTO ANORMAL DETECTADO en iteración 71593
2025-10-23 05:04:55,205 - WARNING -    Fitness actual: 148.9
2025-10-23 05:04:55,205 - WARNING -    Fitness vecino: 128.8
2025-10-23 05:04:55,205 - WARNING -    Delta: -20.1
2025-10-23 05:04:55,205 - WARNING -    Temperatura: 0.94
2025-10-23 05:04:55,206 - WARNING -    Tipo perturbación aplicada: (ver generar_vecino)
2025-10-23 05:04:55,206 - WARNING -    Vecino - Puntos: 16520, Tiempo: 13911.3min, Distancia: 132.2km
2025-10-23 05:04:55,206 - WARNING -    Actual - Puntos: 16530, Tiempo: 14302.4min, Distancia: 142.3km
2025-10-23 05:04:55,206 - WARNING -    Validez restricciones - Vecino: False, Actual: False
2025-10-23 05:04:55,206 - WARNING - ================================================================================
2025-10-23 05:04:55,207 - WARNING - ⚠️  SALTO ANORMAL DETECTADO en iteración 71593
2025-10-23 05:04:55,207 - WARNING -    Fitness: 148.9 → 128.8 (Δ=-20.1)
2025-10-23 05:04:55,207 - WARNING -    Ver detalles en archivo de log
2025-10-23 05:04:56,112 - DEBUG - Iter 71600: T=0.94, Fitness_actual=148.8, Mejor=150.0
2025-10-23 05:05:08,978 - DEBUG - Iter 71700: T=0.94, Fitness_actual=142.3, Mejor=150.0
2025-10-23 05:05:21,850 - DEBUG - Iter 71800: T=0.94, Fitness_actual=140.6, Mejor=150.0
2025-10-23 05:05:34,772 - DEBUG - Iter 71900: T=0.93, Fitness_actual=130.0, Mejor=150.0
2025-10-23 05:05:47,603 - INFO -   Iter 72000 | Tiempo:  100.0min (41.7%) | T =     0.93 | Fitness =    128.8 | Mejor =    150.0 | Aceptación =  76.9%
2025-10-23 05:05:47,603 - INFO - Progreso iter 72000: T=0.93, Fitness=128.8, Mejor=150.0, Tasa_acept=76.9%
2025-10-23 05:05:47,603 - WARNING - ⚠️  DEGRADACIÓN DETECTADA en iter 72000:
2025-10-23 05:05:47,603 - WARNING -    Mejor fitness: 150.0
2025-10-23 05:05:47,603 - WARNING -    Fitness promedio reciente: 128.8
2025-10-23 05:05:47,604 - WARNING -    Degradación: 21.2
2025-10-23 05:05:47,604 - WARNING -    🔄 RESTAURANDO mejor solución...
2025-10-23 05:05:47,608 - DEBUG - Iter 72000: T=0.93, Fitness_actual=150.0, Mejor=150.0
2025-10-23 05:06:00,625 - DEBUG - Iter 72100: T=0.93, Fitness_actual=146.1, Mejor=150.0
2025-10-23 05:06:13,552 - DEBUG - Iter 72200: T=0.93, Fitness_actual=140.1, Mejor=150.0
2025-10-23 05:06:26,473 - DEBUG - Iter 72300: T=0.92, Fitness_actual=133.2, Mejor=150.0
2025-10-23 05:06:39,390 - DEBUG - Iter 72400: T=0.92, Fitness_actual=133.5, Mejor=150.0
2025-10-23 05:06:52,341 - INFO -   Iter 72500 | Tiempo:  101.1min (42.1%) | T =     0.92 | Fitness =    133.5 | Mejor =    150.0 | Aceptación =  76.9%
2025-10-23 05:06:52,341 - INFO - Progreso iter 72500: T=0.92, Fitness=133.5, Mejor=150.0, Tasa_acept=76.9%
2025-10-23 05:06:52,342 - DEBUG - Iter 72500: T=0.92, Fitness_actual=133.5, Mejor=150.0
2025-10-23 05:07:05,359 - DEBUG - Iter 72600: T=0.92, Fitness_actual=132.3, Mejor=150.0
2025-10-23 05:07:18,351 - DEBUG - Iter 72700: T=0.92, Fitness_actual=130.1, Mejor=150.0
2025-10-23 05:07:24,872 - WARNING - ⚠️  DEGRADACIÓN DETECTADA en iter 72750:
2025-10-23 05:07:24,872 - WARNING -    Mejor fitness: 150.0
2025-10-23 05:07:24,873 - WARNING -    Fitness promedio reciente: 128.9
2025-10-23 05:07:24,873 - WARNING -    Degradación: 21.1
2025-10-23 05:07:24,873 - WARNING -    🔄 RESTAURANDO mejor solución...
2025-10-23 05:07:31,387 - DEBUG - Iter 72800: T=0.91, Fitness_actual=148.4, Mejor=150.0
2025-10-23 05:07:44,407 - DEBUG - Iter 72900: T=0.91, Fitness_actual=143.5, Mejor=150.0
2025-10-23 05:07:57,424 - INFO -   Iter 73000 | Tiempo:  102.2min (42.6%) | T =     0.91 | Fitness =    144.3 | Mejor =    150.0 | Aceptación =  76.9%
2025-10-23 05:07:57,425 - INFO - Progreso iter 73000: T=0.91, Fitness=144.3, Mejor=150.0, Tasa_acept=76.9%
2025-10-23 05:07:57,426 - DEBUG - Iter 73000: T=0.91, Fitness_actual=144.3, Mejor=150.0
2025-10-23 05:08:10,449 - DEBUG - Iter 73100: T=0.91, Fitness_actual=142.6, Mejor=150.0
2025-10-23 05:08:23,469 - DEBUG - Iter 73200: T=0.90, Fitness_actual=136.9, Mejor=150.0
2025-10-23 05:08:36,636 - DEBUG - Iter 73300: T=0.90, Fitness_actual=132.8, Mejor=150.0
2025-10-23 05:08:49,790 - DEBUG - Iter 73400: T=0.90, Fitness_actual=132.9, Mejor=150.0
2025-10-23 05:09:03,008 - INFO -   Iter 73500 | Tiempo:  103.3min (43.0%) | T =     0.90 | Fitness =    137.7 | Mejor =    150.0 | Aceptación =  76.9%
2025-10-23 05:09:03,009 - INFO - Progreso iter 73500: T=0.90, Fitness=137.7, Mejor=150.0, Tasa_acept=76.9%
2025-10-23 05:09:03,011 - DEBUG - Iter 73500: T=0.90, Fitness_actual=137.7, Mejor=150.0
2025-10-23 05:09:16,079 - DEBUG - Iter 73600: T=0.90, Fitness_actual=138.8, Mejor=150.0
2025-10-23 05:09:29,236 - DEBUG - Iter 73700: T=0.89, Fitness_actual=137.1, Mejor=150.0
2025-10-23 05:09:42,336 - DEBUG - Iter 73800: T=0.89, Fitness_actual=133.8, Mejor=150.0
2025-10-23 05:09:55,491 - WARNING - ⚠️  DEGRADACIÓN DETECTADA en iter 73900:
2025-10-23 05:09:55,492 - WARNING -    Mejor fitness: 150.0
2025-10-23 05:09:55,492 - WARNING -    Fitness promedio reciente: 129.6
2025-10-23 05:09:55,492 - WARNING -    Degradación: 20.4
2025-10-23 05:09:55,492 - WARNING -    🔄 RESTAURANDO mejor solución...
2025-10-23 05:09:55,493 - DEBUG - Iter 73900: T=0.89, Fitness_actual=150.0, Mejor=150.0
2025-10-23 05:09:55,494 - INFO - 🌟 MEJORA #326 en iter 73900: Fitness=150.0 (+0.0), Puntos=16543
2025-10-23 05:09:57,465 - INFO - 🌟 MEJORA #327 en iter 73915: Fitness=150.1 (+0.0), Puntos=16547
2025-10-23 05:09:57,596 - INFO - 🌟 MEJORA #328 en iter 73916: Fitness=150.1 (+0.0), Puntos=16547
2025-10-23 05:09:58,912 - INFO - 🌟 MEJORA #329 en iter 73926: Fitness=150.2 (+0.1), Puntos=16557
2025-10-23 05:09:59,306 - INFO - 🌟 MEJORA #330 en iter 73929: Fitness=150.2 (+0.0), Puntos=16557
2025-10-23 05:09:59,307 - INFO -   ✨ Mejora #330 en iteración 73930: Fitness = 150.2 | Puntos = 16557 | T = 0.89
2025-10-23 05:09:59,571 - INFO - 🌟 MEJORA #331 en iter 73931: Fitness=150.2 (+0.0), Puntos=16557
2025-10-23 05:10:01,561 - INFO - 🌟 MEJORA #332 en iter 73946: Fitness=150.2 (+0.1), Puntos=16562
2025-10-23 05:10:02,085 - INFO - 🌟 MEJORA #333 en iter 73950: Fitness=150.3 (+0.1), Puntos=16572
2025-10-23 05:10:02,618 - INFO - 🌟 MEJORA #334 en iter 73954: Fitness=150.3 (+0.1), Puntos=16580
2025-10-23 05:10:02,880 - INFO - 🌟 MEJORA #335 en iter 73956: Fitness=150.3 (+0.0), Puntos=16580
2025-10-23 05:10:02,880 - INFO -   ✨ Mejora #335 en iteración 73957: Fitness = 150.3 | Puntos = 16580 | T = 0.89
2025-10-23 05:10:03,012 - INFO - 🌟 MEJORA #336 en iter 73957: Fitness=150.3 (+0.0), Puntos=16580
2025-10-23 05:10:08,672 - INFO -   Iter 74000 | Tiempo:  104.4min (43.5%) | T =     0.89 | Fitness =    148.9 | Mejor =    150.3 | Aceptación =  76.8%
2025-10-23 05:10:08,672 - INFO - Progreso iter 74000: T=0.89, Fitness=148.9, Mejor=150.3, Tasa_acept=76.8%
2025-10-23 05:10:08,673 - DEBUG - Iter 74000: T=0.89, Fitness_actual=148.9, Mejor=150.3
2025-10-23 05:10:19,197 - WARNING - ================================================================================
2025-10-23 05:10:19,198 - WARNING - ⚠️  SALTO ANORMAL DETECTADO en iteración 74080
2025-10-23 05:10:19,198 - WARNING -    Fitness actual: 146.1
2025-10-23 05:10:19,198 - WARNING -    Fitness vecino: 94.2
2025-10-23 05:10:19,198 - WARNING -    Delta: -51.9
2025-10-23 05:10:19,198 - WARNING -    Temperatura: 0.88
2025-10-23 05:10:19,199 - WARNING -    Tipo perturbación aplicada: (ver generar_vecino)
2025-10-23 05:10:19,199 - WARNING -    Vecino - Puntos: 16363, Tiempo: 17191.1min, Distancia: 347.6km
2025-10-23 05:10:19,199 - WARNING -    Actual - Puntos: 16459, Tiempo: 14780.9min, Distancia: 161.7km
2025-10-23 05:10:19,199 - WARNING -    Validez restricciones - Vecino: False, Actual: False
2025-10-23 05:10:19,199 - WARNING - ================================================================================
2025-10-23 05:10:19,200 - WARNING - ⚠️  SALTO ANORMAL DETECTADO en iteración 74080
2025-10-23 05:10:19,200 - WARNING -    Fitness: 146.1 → 94.2 (Δ=-51.9)
2025-10-23 05:10:19,200 - WARNING -    Ver detalles en archivo de log
2025-10-23 05:10:21,837 - DEBUG - Iter 74100: T=0.88, Fitness_actual=146.2, Mejor=150.3
2025-10-23 05:10:35,007 - DEBUG - Iter 74200: T=0.88, Fitness_actual=142.6, Mejor=150.3
2025-10-23 05:10:48,178 - DEBUG - Iter 74300: T=0.88, Fitness_actual=136.5, Mejor=150.3
2025-10-23 05:11:01,471 - DEBUG - Iter 74400: T=0.88, Fitness_actual=138.0, Mejor=150.3
2025-10-23 05:11:14,740 - INFO -   Iter 74500 | Tiempo:  105.5min (43.9%) | T =     0.88 | Fitness =    134.9 | Mejor =    150.3 | Aceptación =  76.8%
2025-10-23 05:11:14,740 - INFO - Progreso iter 74500: T=0.88, Fitness=134.9, Mejor=150.3, Tasa_acept=76.8%
2025-10-23 05:11:14,741 - DEBUG - Iter 74500: T=0.88, Fitness_actual=134.9, Mejor=150.3
2025-10-23 05:11:27,985 - DEBUG - Iter 74600: T=0.87, Fitness_actual=129.8, Mejor=150.3
2025-10-23 05:11:41,201 - DEBUG - Iter 74700: T=0.87, Fitness_actual=133.3, Mejor=150.3
2025-10-23 05:11:54,429 - DEBUG - Iter 74800: T=0.87, Fitness_actual=132.1, Mejor=150.3
2025-10-23 05:12:07,723 - DEBUG - Iter 74900: T=0.87, Fitness_actual=134.2, Mejor=150.3
2025-10-23 05:12:21,119 - INFO -   Iter 75000 | Tiempo:  106.6min (44.4%) | T =     0.87 | Fitness =    130.3 | Mejor =    150.3 | Aceptación =  76.7%
2025-10-23 05:12:21,119 - INFO - Progreso iter 75000: T=0.87, Fitness=130.3, Mejor=150.3, Tasa_acept=76.7%
2025-10-23 05:12:21,122 - DEBUG - Iter 75000: T=0.87, Fitness_actual=130.3, Mejor=150.3
2025-10-23 05:12:27,747 - WARNING - ⚠️  DEGRADACIÓN DETECTADA en iter 75050:
2025-10-23 05:12:27,748 - WARNING -    Mejor fitness: 150.3
2025-10-23 05:12:27,748 - WARNING -    Fitness promedio reciente: 128.8
2025-10-23 05:12:27,748 - WARNING -    Degradación: 21.6
2025-10-23 05:12:27,748 - WARNING -    🔄 RESTAURANDO mejor solución...
2025-10-23 05:12:28,014 - INFO - 🌟 MEJORA #337 en iter 75052: Fitness=150.3 (+0.0), Puntos=16580
2025-10-23 05:12:34,458 - DEBUG - Iter 75100: T=0.86, Fitness_actual=148.4, Mejor=150.3
2025-10-23 05:12:47,736 - DEBUG - Iter 75200: T=0.86, Fitness_actual=144.0, Mejor=150.3
2025-10-23 05:13:01,045 - DEBUG - Iter 75300: T=0.86, Fitness_actual=140.8, Mejor=150.3
2025-10-23 05:13:14,451 - DEBUG - Iter 75400: T=0.86, Fitness_actual=140.4, Mejor=150.3
2025-10-23 05:13:27,825 - INFO -   Iter 75500 | Tiempo:  107.7min (44.9%) | T =     0.85 | Fitness =    138.9 | Mejor =    150.3 | Aceptación =  76.6%
2025-10-23 05:13:27,825 - INFO - Progreso iter 75500: T=0.85, Fitness=138.9, Mejor=150.3, Tasa_acept=76.6%
2025-10-23 05:13:27,826 - DEBUG - Iter 75500: T=0.85, Fitness_actual=138.9, Mejor=150.3
2025-10-23 05:13:41,172 - DEBUG - Iter 75600: T=0.85, Fitness_actual=136.0, Mejor=150.3
2025-10-23 05:13:54,520 - DEBUG - Iter 75700: T=0.85, Fitness_actual=135.6, Mejor=150.3
2025-10-23 05:14:07,884 - DEBUG - Iter 75800: T=0.85, Fitness_actual=132.4, Mejor=150.3
2025-10-23 05:14:21,257 - DEBUG - Iter 75900: T=0.85, Fitness_actual=132.4, Mejor=150.3
2025-10-23 05:14:34,648 - INFO -   Iter 76000 | Tiempo:  108.8min (45.3%) | T =     0.84 | Fitness =    131.5 | Mejor =    150.3 | Aceptación =  76.6%
2025-10-23 05:14:34,648 - INFO - Progreso iter 76000: T=0.84, Fitness=131.5, Mejor=150.3, Tasa_acept=76.6%
2025-10-23 05:14:34,648 - WARNING - ⚠️  DEGRADACIÓN DETECTADA en iter 76000:
2025-10-23 05:14:34,648 - WARNING -    Mejor fitness: 150.3
2025-10-23 05:14:34,649 - WARNING -    Fitness promedio reciente: 130.1
2025-10-23 05:14:34,649 - WARNING -    Degradación: 20.3
2025-10-23 05:14:34,649 - WARNING -    🔄 RESTAURANDO mejor solución...
2025-10-23 05:14:34,655 - DEBUG - Iter 76000: T=0.84, Fitness_actual=150.3, Mejor=150.3
2025-10-23 05:14:37,060 - INFO - 🌟 MEJORA #338 en iter 76018: Fitness=150.4 (+0.0), Puntos=16585
2025-10-23 05:14:48,065 - DEBUG - Iter 76100: T=0.84, Fitness_actual=147.3, Mejor=150.4
2025-10-23 05:15:01,497 - DEBUG - Iter 76200: T=0.84, Fitness_actual=146.0, Mejor=150.4
2025-10-23 05:15:15,016 - DEBUG - Iter 76300: T=0.84, Fitness_actual=137.9, Mejor=150.4
2025-10-23 05:15:28,511 - DEBUG - Iter 76400: T=0.84, Fitness_actual=139.7, Mejor=150.4
2025-10-23 05:15:42,015 - INFO -   Iter 76500 | Tiempo:  109.9min (45.8%) | T =     0.83 | Fitness =    135.3 | Mejor =    150.4 | Aceptación =  76.5%
2025-10-23 05:15:42,015 - INFO - Progreso iter 76500: T=0.83, Fitness=135.3, Mejor=150.4, Tasa_acept=76.5%
2025-10-23 05:15:42,016 - DEBUG - Iter 76500: T=0.83, Fitness_actual=135.3, Mejor=150.4
2025-10-23 05:15:55,543 - DEBUG - Iter 76600: T=0.83, Fitness_actual=131.6, Mejor=150.4
2025-10-23 05:16:02,317 - WARNING - ⚠️  DEGRADACIÓN DETECTADA en iter 76650:
2025-10-23 05:16:02,318 - WARNING -    Mejor fitness: 150.4
2025-10-23 05:16:02,318 - WARNING -    Fitness promedio reciente: 130.2
2025-10-23 05:16:02,318 - WARNING -    Degradación: 20.2
2025-10-23 05:16:02,318 - WARNING -    🔄 RESTAURANDO mejor solución...
2025-10-23 05:16:09,199 - DEBUG - Iter 76700: T=0.83, Fitness_actual=148.5, Mejor=150.4
2025-10-23 05:16:22,783 - DEBUG - Iter 76800: T=0.83, Fitness_actual=146.7, Mejor=150.4
2025-10-23 05:16:29,964 - WARNING - ================================================================================
2025-10-23 05:16:29,964 - WARNING - ⚠️  SALTO ANORMAL DETECTADO en iteración 76853
2025-10-23 05:16:29,965 - WARNING -    Fitness actual: 145.5
2025-10-23 05:16:29,965 - WARNING -    Fitness vecino: 125.2
2025-10-23 05:16:29,965 - WARNING -    Delta: -20.4
2025-10-23 05:16:29,965 - WARNING -    Temperatura: 0.83
2025-10-23 05:16:29,965 - WARNING -    Tipo perturbación aplicada: (ver generar_vecino)
2025-10-23 05:16:29,965 - WARNING -    Vecino - Puntos: 16392, Tiempo: 14161.4min, Distancia: 149.7km
2025-10-23 05:16:29,966 - WARNING -    Actual - Puntos: 16398, Tiempo: 14578.8min, Distancia: 148.6km
2025-10-23 05:16:29,966 - WARNING -    Validez restricciones - Vecino: False, Actual: False
2025-10-23 05:16:29,966 - WARNING - ================================================================================
2025-10-23 05:16:29,966 - WARNING - ⚠️  SALTO ANORMAL DETECTADO en iteración 76853
2025-10-23 05:16:29,966 - WARNING -    Fitness: 145.5 → 125.2 (Δ=-20.4)
2025-10-23 05:16:29,967 - WARNING -    Ver detalles en archivo de log
2025-10-23 05:16:36,364 - DEBUG - Iter 76900: T=0.83, Fitness_actual=143.9, Mejor=150.4
2025-10-23 05:16:49,957 - INFO -   Iter 77000 | Tiempo:  111.1min (46.3%) | T =     0.82 | Fitness =    141.0 | Mejor =    150.4 | Aceptación =  76.4%
2025-10-23 05:16:49,957 - INFO - Progreso iter 77000: T=0.82, Fitness=141.0, Mejor=150.4, Tasa_acept=76.4%
2025-10-23 05:16:49,958 - DEBUG - Iter 77000: T=0.82, Fitness_actual=141.0, Mejor=150.4
2025-10-23 05:17:03,569 - DEBUG - Iter 77100: T=0.82, Fitness_actual=137.5, Mejor=150.4
2025-10-23 05:17:17,118 - DEBUG - Iter 77200: T=0.82, Fitness_actual=131.9, Mejor=150.4
2025-10-23 05:17:30,724 - DEBUG - Iter 77300: T=0.82, Fitness_actual=129.9, Mejor=150.4
2025-10-23 05:17:44,337 - DEBUG - Iter 77400: T=0.82, Fitness_actual=130.8, Mejor=150.4
2025-10-23 05:17:51,141 - WARNING - ⚠️  DEGRADACIÓN DETECTADA en iter 77450:
2025-10-23 05:17:51,141 - WARNING -    Mejor fitness: 150.4
2025-10-23 05:17:51,141 - WARNING -    Fitness promedio reciente: 129.9
2025-10-23 05:17:51,142 - WARNING -    Degradación: 20.5
2025-10-23 05:17:51,142 - WARNING -    🔄 RESTAURANDO mejor solución...
2025-10-23 05:17:57,952 - INFO -   Iter 77500 | Tiempo:  112.2min (46.7%) | T =     0.81 | Fitness =    149.5 | Mejor =    150.4 | Aceptación =  76.3%
2025-10-23 05:17:57,952 - INFO - Progreso iter 77500: T=0.81, Fitness=149.5, Mejor=150.4, Tasa_acept=76.3%
2025-10-23 05:17:57,953 - DEBUG - Iter 77500: T=0.81, Fitness_actual=149.5, Mejor=150.4
2025-10-23 05:18:11,580 - DEBUG - Iter 77600: T=0.81, Fitness_actual=142.7, Mejor=150.4
2025-10-23 05:18:25,203 - DEBUG - Iter 77700: T=0.81, Fitness_actual=141.2, Mejor=150.4
2025-10-23 05:18:37,450 - WARNING - ================================================================================
2025-10-23 05:18:37,450 - WARNING - ⚠️  SALTO ANORMAL DETECTADO en iteración 77790
2025-10-23 05:18:37,450 - WARNING -    Fitness actual: 139.4
2025-10-23 05:18:37,451 - WARNING -    Fitness vecino: 104.8
2025-10-23 05:18:37,451 - WARNING -    Delta: -34.6
2025-10-23 05:18:37,451 - WARNING -    Temperatura: 0.81
2025-10-23 05:18:37,451 - WARNING -    Tipo perturbación aplicada: (ver generar_vecino)
2025-10-23 05:18:37,451 - WARNING -    Vecino - Puntos: 15986, Tiempo: 14786.2min, Distancia: 253.4km
2025-10-23 05:18:37,451 - WARNING -    Actual - Puntos: 16218, Tiempo: 13550.5min, Distancia: 143.8km
2025-10-23 05:18:37,452 - WARNING -    Validez restricciones - Vecino: False, Actual: False
2025-10-23 05:18:37,452 - WARNING - ================================================================================
2025-10-23 05:18:37,452 - WARNING - ⚠️  SALTO ANORMAL DETECTADO en iteración 77790
2025-10-23 05:18:37,452 - WARNING -    Fitness: 139.4 → 104.8 (Δ=-34.6)
2025-10-23 05:18:37,452 - WARNING -    Ver detalles en archivo de log
2025-10-23 05:18:38,814 - DEBUG - Iter 77800: T=0.81, Fitness_actual=139.4, Mejor=150.4
2025-10-23 05:18:52,408 - DEBUG - Iter 77900: T=0.81, Fitness_actual=140.5, Mejor=150.4
2025-10-23 05:19:06,057 - INFO -   Iter 78000 | Tiempo:  113.3min (47.2%) | T =     0.80 | Fitness =    141.4 | Mejor =    150.4 | Aceptación =  76.2%
2025-10-23 05:19:06,058 - INFO - Progreso iter 78000: T=0.80, Fitness=141.4, Mejor=150.4, Tasa_acept=76.2%
2025-10-23 05:19:06,059 - DEBUG - Iter 78000: T=0.80, Fitness_actual=141.4, Mejor=150.4
2025-10-23 05:19:19,711 - DEBUG - Iter 78100: T=0.80, Fitness_actual=142.6, Mejor=150.4
2025-10-23 05:19:33,360 - DEBUG - Iter 78200: T=0.80, Fitness_actual=142.8, Mejor=150.4
2025-10-23 05:19:46,997 - DEBUG - Iter 78300: T=0.80, Fitness_actual=141.1, Mejor=150.4
2025-10-23 05:20:00,682 - DEBUG - Iter 78400: T=0.80, Fitness_actual=137.3, Mejor=150.4
2025-10-23 05:20:14,365 - INFO -   Iter 78500 | Tiempo:  114.5min (47.7%) | T =     0.79 | Fitness =    133.7 | Mejor =    150.4 | Aceptación =  76.2%
2025-10-23 05:20:14,365 - INFO - Progreso iter 78500: T=0.79, Fitness=133.7, Mejor=150.4, Tasa_acept=76.2%
2025-10-23 05:20:14,367 - DEBUG - Iter 78500: T=0.79, Fitness_actual=133.7, Mejor=150.4
2025-10-23 05:20:21,225 - WARNING - ⚠️  DEGRADACIÓN DETECTADA en iter 78550:
2025-10-23 05:20:21,225 - WARNING -    Mejor fitness: 150.4
2025-10-23 05:20:21,225 - WARNING -    Fitness promedio reciente: 130.4
2025-10-23 05:20:21,225 - WARNING -    Degradación: 20.0
2025-10-23 05:20:21,226 - WARNING -    🔄 RESTAURANDO mejor solución...
2025-10-23 05:20:28,089 - DEBUG - Iter 78600: T=0.79, Fitness_actual=147.7, Mejor=150.4
2025-10-23 05:20:41,827 - DEBUG - Iter 78700: T=0.79, Fitness_actual=140.9, Mejor=150.4
2025-10-23 05:20:55,524 - DEBUG - Iter 78800: T=0.79, Fitness_actual=138.3, Mejor=150.4
2025-10-23 05:21:09,293 - DEBUG - Iter 78900: T=0.79, Fitness_actual=135.6, Mejor=150.4
2025-10-23 05:21:22,980 - INFO -   Iter 79000 | Tiempo:  115.6min (48.2%) | T =     0.78 | Fitness =    135.0 | Mejor =    150.4 | Aceptación =  76.1%
2025-10-23 05:21:22,980 - INFO - Progreso iter 79000: T=0.78, Fitness=135.0, Mejor=150.4, Tasa_acept=76.1%
2025-10-23 05:21:22,981 - DEBUG - Iter 79000: T=0.78, Fitness_actual=135.0, Mejor=150.4
2025-10-23 05:21:36,683 - DEBUG - Iter 79100: T=0.78, Fitness_actual=133.8, Mejor=150.4
2025-10-23 05:21:50,417 - DEBUG - Iter 79200: T=0.78, Fitness_actual=135.2, Mejor=150.4
2025-10-23 05:22:04,249 - WARNING - ⚠️  DEGRADACIÓN DETECTADA en iter 79300:
2025-10-23 05:22:04,250 - WARNING -    Mejor fitness: 150.4
2025-10-23 05:22:04,250 - WARNING -    Fitness promedio reciente: 129.8
2025-10-23 05:22:04,250 - WARNING -    Degradación: 20.6
2025-10-23 05:22:04,250 - WARNING -    🔄 RESTAURANDO mejor solución...
2025-10-23 05:22:04,251 - DEBUG - Iter 79300: T=0.78, Fitness_actual=150.4, Mejor=150.4
2025-10-23 05:22:04,252 - INFO - 🌟 MEJORA #339 en iter 79300: Fitness=150.5 (+0.1), Puntos=16596
2025-10-23 05:22:04,665 - INFO - 🌟 MEJORA #340 en iter 79303: Fitness=150.5 (+0.0), Puntos=16596
2025-10-23 05:22:04,666 - INFO -   ✨ Mejora #340 en iteración 79304: Fitness = 150.5 | Puntos = 16596 | T = 0.78
2025-10-23 05:22:07,726 - INFO - 🌟 MEJORA #341 en iter 79325: Fitness=150.5 (+0.0), Puntos=16598
2025-10-23 05:22:07,864 - INFO - 🌟 MEJORA #342 en iter 79326: Fitness=150.5 (+0.0), Puntos=16598
2025-10-23 05:22:08,142 - INFO - 🌟 MEJORA #343 en iter 79328: Fitness=150.5 (+0.0), Puntos=16598
2025-10-23 05:22:08,838 - INFO - 🌟 MEJORA #344 en iter 79333: Fitness=150.5 (+0.0), Puntos=16598
2025-10-23 05:22:10,502 - WARNING - ================================================================================
2025-10-23 05:22:10,503 - WARNING - ⚠️  SALTO ANORMAL DETECTADO en iteración 79345
2025-10-23 05:22:10,503 - WARNING -    Fitness actual: 149.5
2025-10-23 05:22:10,503 - WARNING -    Fitness vecino: 119.9
2025-10-23 05:22:10,503 - WARNING -    Delta: -29.6
2025-10-23 05:22:10,503 - WARNING -    Temperatura: 0.78
2025-10-23 05:22:10,503 - WARNING -    Tipo perturbación aplicada: (ver generar_vecino)
2025-10-23 05:22:10,504 - WARNING -    Vecino - Puntos: 16586, Tiempo: 15967.6min, Distancia: 243.5km
2025-10-23 05:22:10,504 - WARNING -    Actual - Puntos: 16598, Tiempo: 14932.5min, Distancia: 158.5km
2025-10-23 05:22:10,504 - WARNING -    Validez restricciones - Vecino: False, Actual: False
2025-10-23 05:22:10,504 - WARNING - ================================================================================
2025-10-23 05:22:10,504 - WARNING - ⚠️  SALTO ANORMAL DETECTADO en iteración 79345
2025-10-23 05:22:10,505 - WARNING -    Fitness: 149.5 → 119.9 (Δ=-29.6)
2025-10-23 05:22:10,505 - WARNING -    Ver detalles en archivo de log
2025-10-23 05:22:18,102 - DEBUG - Iter 79400: T=0.78, Fitness_actual=147.5, Mejor=150.5
2025-10-23 05:22:31,979 - INFO -   Iter 79500 | Tiempo:  116.8min (48.7%) | T =     0.77 | Fitness =    144.3 | Mejor =    150.5 | Aceptación =  76.1%
2025-10-23 05:22:31,980 - INFO - Progreso iter 79500: T=0.77, Fitness=144.3, Mejor=150.5, Tasa_acept=76.1%
2025-10-23 05:22:31,981 - DEBUG - Iter 79500: T=0.77, Fitness_actual=144.3, Mejor=150.5
2025-10-23 05:22:45,848 - DEBUG - Iter 79600: T=0.77, Fitness_actual=142.7, Mejor=150.5
2025-10-23 05:22:59,718 - DEBUG - Iter 79700: T=0.77, Fitness_actual=141.1, Mejor=150.5
2025-10-23 05:23:13,649 - DEBUG - Iter 79800: T=0.77, Fitness_actual=140.1, Mejor=150.5
2025-10-23 05:23:27,501 - DEBUG - Iter 79900: T=0.77, Fitness_actual=139.2, Mejor=150.5
2025-10-23 05:23:41,343 - INFO -   Iter 80000 | Tiempo:  117.9min (49.1%) | T =     0.76 | Fitness =    138.1 | Mejor =    150.5 | Aceptación =  76.0%
2025-10-23 05:23:41,343 - INFO - Progreso iter 80000: T=0.76, Fitness=138.1, Mejor=150.5, Tasa_acept=76.0%
2025-10-23 05:23:41,344 - DEBUG - Iter 80000: T=0.76, Fitness_actual=138.1, Mejor=150.5
2025-10-23 05:23:55,161 - DEBUG - Iter 80100: T=0.76, Fitness_actual=134.6, Mejor=150.5
2025-10-23 05:24:08,998 - DEBUG - Iter 80200: T=0.76, Fitness_actual=134.3, Mejor=150.5
2025-10-23 05:24:22,954 - WARNING - ⚠️  DEGRADACIÓN DETECTADA en iter 80300:
2025-10-23 05:24:22,954 - WARNING -    Mejor fitness: 150.5
2025-10-23 05:24:22,954 - WARNING -    Fitness promedio reciente: 129.9
2025-10-23 05:24:22,954 - WARNING -    Degradación: 20.6
2025-10-23 05:24:22,954 - WARNING -    🔄 RESTAURANDO mejor solución...
2025-10-23 05:24:22,956 - DEBUG - Iter 80300: T=0.76, Fitness_actual=150.5, Mejor=150.5
2025-10-23 05:24:23,797 - INFO - 🌟 MEJORA #345 en iter 80306: Fitness=150.6 (+0.1), Puntos=16605
2025-10-23 05:24:23,797 - INFO -   ✨ Mejora #345 en iteración 80307: Fitness = 150.6 | Puntos = 16605 | T = 0.76
2025-10-23 05:24:24,372 - INFO - 🌟 MEJORA #346 en iter 80310: Fitness=150.6 (+0.0), Puntos=16605
2025-10-23 05:24:36,935 - DEBUG - Iter 80400: T=0.76, Fitness_actual=144.4, Mejor=150.6
2025-10-23 05:24:50,901 - INFO -   Iter 80500 | Tiempo:  119.1min (49.6%) | T =     0.75 | Fitness =    143.1 | Mejor =    150.6 | Aceptación =  75.9%
2025-10-23 05:24:50,902 - INFO - Progreso iter 80500: T=0.75, Fitness=143.1, Mejor=150.6, Tasa_acept=75.9%
2025-10-23 05:24:50,903 - DEBUG - Iter 80500: T=0.75, Fitness_actual=143.1, Mejor=150.6
2025-10-23 05:25:04,903 - DEBUG - Iter 80600: T=0.75, Fitness_actual=140.9, Mejor=150.6
2025-10-23 05:25:18,917 - DEBUG - Iter 80700: T=0.75, Fitness_actual=137.2, Mejor=150.6
2025-10-23 05:25:32,983 - DEBUG - Iter 80800: T=0.75, Fitness_actual=136.7, Mejor=150.6
2025-10-23 05:25:47,090 - DEBUG - Iter 80900: T=0.75, Fitness_actual=130.7, Mejor=150.6
2025-10-23 05:25:54,122 - WARNING - ⚠️  DEGRADACIÓN DETECTADA en iter 80950:
2025-10-23 05:25:54,122 - WARNING -    Mejor fitness: 150.6
2025-10-23 05:25:54,122 - WARNING -    Fitness promedio reciente: 129.6
2025-10-23 05:25:54,122 - WARNING -    Degradación: 20.9
2025-10-23 05:25:54,123 - WARNING -    🔄 RESTAURANDO mejor solución...
2025-10-23 05:26:01,155 - INFO -   Iter 81000 | Tiempo:  120.2min (50.1%) | T =     0.75 | Fitness =    149.5 | Mejor =    150.6 | Aceptación =  75.8%
2025-10-23 05:26:01,155 - INFO - Progreso iter 81000: T=0.75, Fitness=149.5, Mejor=150.6, Tasa_acept=75.8%
2025-10-23 05:26:01,156 - DEBUG - Iter 81000: T=0.75, Fitness_actual=149.5, Mejor=150.6
2025-10-23 05:26:15,198 - DEBUG - Iter 81100: T=0.74, Fitness_actual=149.2, Mejor=150.6
2025-10-23 05:26:29,216 - DEBUG - Iter 81200: T=0.74, Fitness_actual=147.9, Mejor=150.6
2025-10-23 05:26:43,287 - DEBUG - Iter 81300: T=0.74, Fitness_actual=143.3, Mejor=150.6
2025-10-23 05:26:50,600 - WARNING - ================================================================================
2025-10-23 05:26:50,601 - WARNING - ⚠️  SALTO ANORMAL DETECTADO en iteración 81352
2025-10-23 05:26:50,601 - WARNING -    Fitness actual: 140.3
2025-10-23 05:26:50,601 - WARNING -    Fitness vecino: 104.0
2025-10-23 05:26:50,601 - WARNING -    Delta: -36.3
2025-10-23 05:26:50,601 - WARNING -    Temperatura: 0.74
2025-10-23 05:26:50,601 - WARNING -    Tipo perturbación aplicada: (ver generar_vecino)
2025-10-23 05:26:50,601 - WARNING -    Vecino - Puntos: 16233, Tiempo: 16540.7min, Distancia: 334.6km
2025-10-23 05:26:50,601 - WARNING -    Actual - Puntos: 16288, Tiempo: 14886.9min, Distancia: 182.7km
2025-10-23 05:26:50,602 - WARNING -    Validez restricciones - Vecino: False, Actual: False
2025-10-23 05:26:50,602 - WARNING - ================================================================================
2025-10-23 05:26:50,602 - WARNING - ⚠️  SALTO ANORMAL DETECTADO en iteración 81352
2025-10-23 05:26:50,602 - WARNING -    Fitness: 140.3 → 104.0 (Δ=-36.3)
2025-10-23 05:26:50,602 - WARNING -    Ver detalles en archivo de log
2025-10-23 05:26:57,362 - DEBUG - Iter 81400: T=0.74, Fitness_actual=140.2, Mejor=150.6
2025-10-23 05:27:11,526 - INFO -   Iter 81500 | Tiempo:  121.4min (50.6%) | T =     0.74 | Fitness =    135.4 | Mejor =    150.6 | Aceptación =  75.7%
2025-10-23 05:27:11,526 - INFO - Progreso iter 81500: T=0.74, Fitness=135.4, Mejor=150.6, Tasa_acept=75.7%
2025-10-23 05:27:11,527 - DEBUG - Iter 81500: T=0.74, Fitness_actual=135.4, Mejor=150.6
2025-10-23 05:27:25,578 - DEBUG - Iter 81600: T=0.73, Fitness_actual=136.1, Mejor=150.6
2025-10-23 05:27:39,620 - DEBUG - Iter 81700: T=0.73, Fitness_actual=137.9, Mejor=150.6
2025-10-23 05:27:53,729 - DEBUG - Iter 81800: T=0.73, Fitness_actual=137.1, Mejor=150.6
2025-10-23 05:28:07,490 - DEBUG - Iter 81900: T=0.73, Fitness_actual=138.3, Mejor=150.6
2025-10-23 05:28:21,125 - INFO -   Iter 82000 | Tiempo:  122.6min (51.1%) | T =     0.73 | Fitness =    137.3 | Mejor =    150.6 | Aceptación =  75.7%
2025-10-23 05:28:21,126 - INFO - Progreso iter 82000: T=0.73, Fitness=137.3, Mejor=150.6, Tasa_acept=75.7%
2025-10-23 05:28:21,127 - DEBUG - Iter 82000: T=0.73, Fitness_actual=137.3, Mejor=150.6
2025-10-23 05:28:34,806 - DEBUG - Iter 82100: T=0.72, Fitness_actual=131.8, Mejor=150.6
2025-10-23 05:28:48,503 - DEBUG - Iter 82200: T=0.72, Fitness_actual=135.7, Mejor=150.6
2025-10-23 05:29:02,201 - DEBUG - Iter 82300: T=0.72, Fitness_actual=136.4, Mejor=150.6
2025-10-23 05:29:15,869 - DEBUG - Iter 82400: T=0.72, Fitness_actual=136.9, Mejor=150.6
2025-10-23 05:29:29,550 - INFO -   Iter 82500 | Tiempo:  123.7min (51.6%) | T =     0.72 | Fitness =    131.0 | Mejor =    150.6 | Aceptación =  75.7%
2025-10-23 05:29:29,551 - INFO - Progreso iter 82500: T=0.72, Fitness=131.0, Mejor=150.6, Tasa_acept=75.7%
2025-10-23 05:29:29,553 - DEBUG - Iter 82500: T=0.72, Fitness_actual=131.0, Mejor=150.6
2025-10-23 05:29:43,284 - DEBUG - Iter 82600: T=0.72, Fitness_actual=131.2, Mejor=150.6
2025-10-23 05:29:57,060 - WARNING - ⚠️  DEGRADACIÓN DETECTADA en iter 82700:
2025-10-23 05:29:57,060 - WARNING -    Mejor fitness: 150.6
2025-10-23 05:29:57,060 - WARNING -    Fitness promedio reciente: 130.3
2025-10-23 05:29:57,060 - WARNING -    Degradación: 20.3
2025-10-23 05:29:57,060 - WARNING -    🔄 RESTAURANDO mejor solución...
2025-10-23 05:29:57,062 - DEBUG - Iter 82700: T=0.71, Fitness_actual=150.6, Mejor=150.6
2025-10-23 05:30:10,893 - DEBUG - Iter 82800: T=0.71, Fitness_actual=146.0, Mejor=150.6
2025-10-23 05:30:24,737 - DEBUG - Iter 82900: T=0.71, Fitness_actual=143.7, Mejor=150.6
2025-10-23 05:30:36,746 - WARNING - ================================================================================
2025-10-23 05:30:36,746 - WARNING - ⚠️  SALTO ANORMAL DETECTADO en iteración 82987
2025-10-23 05:30:36,746 - WARNING -    Fitness actual: 145.2
2025-10-23 05:30:36,746 - WARNING -    Fitness vecino: 124.9
2025-10-23 05:30:36,746 - WARNING -    Delta: -20.3
2025-10-23 05:30:36,747 - WARNING -    Temperatura: 0.71
2025-10-23 05:30:36,747 - WARNING -    Tipo perturbación aplicada: (ver generar_vecino)
2025-10-23 05:30:36,747 - WARNING -    Vecino - Puntos: 16389, Tiempo: 14093.1min, Distancia: 160.3km
2025-10-23 05:30:36,747 - WARNING -    Actual - Puntos: 16395, Tiempo: 14315.1min, Distancia: 143.8km
2025-10-23 05:30:36,747 - WARNING -    Validez restricciones - Vecino: False, Actual: False
2025-10-23 05:30:36,747 - WARNING - ================================================================================
2025-10-23 05:30:36,747 - WARNING - ⚠️  SALTO ANORMAL DETECTADO en iteración 82987
2025-10-23 05:30:36,748 - WARNING -    Fitness: 145.2 → 124.9 (Δ=-20.3)
2025-10-23 05:30:36,748 - WARNING -    Ver detalles en archivo de log
2025-10-23 05:30:38,546 - INFO -   Iter 83000 | Tiempo:  124.9min (52.0%) | T =     0.71 | Fitness =    145.2 | Mejor =    150.6 | Aceptación =  75.6%
2025-10-23 05:30:38,547 - INFO - Progreso iter 83000: T=0.71, Fitness=145.2, Mejor=150.6, Tasa_acept=75.6%
2025-10-23 05:30:38,548 - DEBUG - Iter 83000: T=0.71, Fitness_actual=145.2, Mejor=150.6
2025-10-23 05:30:52,393 - DEBUG - Iter 83100: T=0.71, Fitness_actual=142.8, Mejor=150.6
2025-10-23 05:31:06,367 - DEBUG - Iter 83200: T=0.71, Fitness_actual=143.5, Mejor=150.6
2025-10-23 05:31:20,212 - DEBUG - Iter 83300: T=0.70, Fitness_actual=143.4, Mejor=150.6
2025-10-23 05:31:34,037 - DEBUG - Iter 83400: T=0.70, Fitness_actual=144.5, Mejor=150.6
2025-10-23 05:31:47,868 - INFO -   Iter 83500 | Tiempo:  126.0min (52.5%) | T =     0.70 | Fitness =    142.9 | Mejor =    150.6 | Aceptación =  75.5%
2025-10-23 05:31:47,868 - INFO - Progreso iter 83500: T=0.70, Fitness=142.9, Mejor=150.6, Tasa_acept=75.5%
2025-10-23 05:31:47,869 - DEBUG - Iter 83500: T=0.70, Fitness_actual=142.9, Mejor=150.6
2025-10-23 05:32:01,730 - DEBUG - Iter 83600: T=0.70, Fitness_actual=139.6, Mejor=150.6
2025-10-23 05:32:15,557 - DEBUG - Iter 83700: T=0.70, Fitness_actual=137.1, Mejor=150.6
2025-10-23 05:32:29,375 - DEBUG - Iter 83800: T=0.69, Fitness_actual=132.9, Mejor=150.6
2025-10-23 05:32:43,217 - DEBUG - Iter 83900: T=0.69, Fitness_actual=132.3, Mejor=150.6
2025-10-23 05:32:57,100 - INFO -   Iter 84000 | Tiempo:  127.2min (53.0%) | T =     0.69 | Fitness =    133.2 | Mejor =    150.6 | Aceptación =  75.5%
2025-10-23 05:32:57,101 - INFO - Progreso iter 84000: T=0.69, Fitness=133.2, Mejor=150.6, Tasa_acept=75.5%
2025-10-23 05:32:57,103 - DEBUG - Iter 84000: T=0.69, Fitness_actual=133.2, Mejor=150.6
2025-10-23 05:33:11,023 - DEBUG - Iter 84100: T=0.69, Fitness_actual=133.4, Mejor=150.6
2025-10-23 05:33:24,908 - DEBUG - Iter 84200: T=0.69, Fitness_actual=132.1, Mejor=150.6
2025-10-23 05:33:38,784 - DEBUG - Iter 84300: T=0.69, Fitness_actual=129.6, Mejor=150.6
2025-10-23 05:33:45,736 - WARNING - ⚠️  DEGRADACIÓN DETECTADA en iter 84350:
2025-10-23 05:33:45,737 - WARNING -    Mejor fitness: 150.6
2025-10-23 05:33:45,737 - WARNING -    Fitness promedio reciente: 129.3
2025-10-23 05:33:45,737 - WARNING -    Degradación: 21.3
2025-10-23 05:33:45,737 - WARNING -    🔄 RESTAURANDO mejor solución...
2025-10-23 05:33:46,300 - INFO - 🌟 MEJORA #347 en iter 84354: Fitness=150.6 (+0.0), Puntos=16605
2025-10-23 05:33:52,735 - DEBUG - Iter 84400: T=0.68, Fitness_actual=149.4, Mejor=150.6
2025-10-23 05:34:06,732 - INFO -   Iter 84500 | Tiempo:  128.3min (53.5%) | T =     0.68 | Fitness =    147.0 | Mejor =    150.6 | Aceptación =  75.5%
2025-10-23 05:34:06,732 - INFO - Progreso iter 84500: T=0.68, Fitness=147.0, Mejor=150.6, Tasa_acept=75.5%
2025-10-23 05:34:06,734 - DEBUG - Iter 84500: T=0.68, Fitness_actual=147.0, Mejor=150.6
2025-10-23 05:34:07,580 - WARNING - ================================================================================
2025-10-23 05:34:07,580 - WARNING - ⚠️  SALTO ANORMAL DETECTADO en iteración 84506
2025-10-23 05:34:07,580 - WARNING -    Fitness actual: 147.0
2025-10-23 05:34:07,580 - WARNING -    Fitness vecino: 121.6
2025-10-23 05:34:07,580 - WARNING -    Delta: -25.4
2025-10-23 05:34:07,580 - WARNING -    Temperatura: 0.68
2025-10-23 05:34:07,581 - WARNING -    Tipo perturbación aplicada: (ver generar_vecino)
2025-10-23 05:34:07,581 - WARNING -    Vecino - Puntos: 16576, Tiempo: 15627.5min, Distancia: 227.3km
2025-10-23 05:34:07,581 - WARNING -    Actual - Puntos: 16604, Tiempo: 14720.8min, Distancia: 151.3km
2025-10-23 05:34:07,581 - WARNING -    Validez restricciones - Vecino: False, Actual: False
2025-10-23 05:34:07,581 - WARNING - ================================================================================
2025-10-23 05:34:07,582 - WARNING - ⚠️  SALTO ANORMAL DETECTADO en iteración 84506
2025-10-23 05:34:07,582 - WARNING -    Fitness: 147.0 → 121.6 (Δ=-25.4)
2025-10-23 05:34:07,582 - WARNING -    Ver detalles en archivo de log
2025-10-23 05:34:20,731 - DEBUG - Iter 84600: T=0.68, Fitness_actual=147.6, Mejor=150.6
2025-10-23 05:34:34,680 - DEBUG - Iter 84700: T=0.68, Fitness_actual=144.6, Mejor=150.6
2025-10-23 05:34:48,630 - DEBUG - Iter 84800: T=0.68, Fitness_actual=144.2, Mejor=150.6
2025-10-23 05:35:02,582 - DEBUG - Iter 84900: T=0.68, Fitness_actual=138.4, Mejor=150.6
2025-10-23 05:35:16,494 - INFO -   Iter 85000 | Tiempo:  129.5min (54.0%) | T =     0.67 | Fitness =    135.7 | Mejor =    150.6 | Aceptación =  75.4%
2025-10-23 05:35:16,494 - INFO - Progreso iter 85000: T=0.67, Fitness=135.7, Mejor=150.6, Tasa_acept=75.4%
2025-10-23 05:35:16,496 - DEBUG - Iter 85000: T=0.67, Fitness_actual=135.7, Mejor=150.6
2025-10-23 05:35:30,655 - DEBUG - Iter 85100: T=0.67, Fitness_actual=134.3, Mejor=150.6
2025-10-23 05:35:44,777 - DEBUG - Iter 85200: T=0.67, Fitness_actual=131.6, Mejor=150.6
2025-10-23 05:35:59,327 - DEBUG - Iter 85300: T=0.67, Fitness_actual=133.8, Mejor=150.6
2025-10-23 05:36:13,846 - DEBUG - Iter 85400: T=0.67, Fitness_actual=132.9, Mejor=150.6
2025-10-23 05:36:28,320 - INFO -   Iter 85500 | Tiempo:  130.7min (54.5%) | T =     0.67 | Fitness =    133.0 | Mejor =    150.6 | Aceptación =  75.4%
2025-10-23 05:36:28,321 - INFO - Progreso iter 85500: T=0.67, Fitness=133.0, Mejor=150.6, Tasa_acept=75.4%
2025-10-23 05:36:28,323 - DEBUG - Iter 85500: T=0.67, Fitness_actual=133.0, Mejor=150.6
2025-10-23 05:36:42,767 - DEBUG - Iter 85600: T=0.66, Fitness_actual=133.8, Mejor=150.6
2025-10-23 05:36:57,469 - DEBUG - Iter 85700: T=0.66, Fitness_actual=134.6, Mejor=150.6
2025-10-23 05:37:12,267 - DEBUG - Iter 85800: T=0.66, Fitness_actual=132.7, Mejor=150.6
2025-10-23 05:37:27,018 - DEBUG - Iter 85900: T=0.66, Fitness_actual=132.6, Mejor=150.6
2025-10-23 05:37:41,840 - INFO -   Iter 86000 | Tiempo:  131.9min (55.0%) | T =     0.66 | Fitness =    132.1 | Mejor =    150.6 | Aceptación =  75.4%
2025-10-23 05:37:41,840 - INFO - Progreso iter 86000: T=0.66, Fitness=132.1, Mejor=150.6, Tasa_acept=75.4%
2025-10-23 05:37:41,841 - DEBUG - Iter 86000: T=0.66, Fitness_actual=132.1, Mejor=150.6
2025-10-23 05:37:56,601 - DEBUG - Iter 86100: T=0.66, Fitness_actual=128.8, Mejor=150.6
2025-10-23 05:38:04,015 - WARNING - ⚠️  DEGRADACIÓN DETECTADA en iter 86150:
2025-10-23 05:38:04,015 - WARNING -    Mejor fitness: 150.6
2025-10-23 05:38:04,015 - WARNING -    Fitness promedio reciente: 129.7
2025-10-23 05:38:04,015 - WARNING -    Degradación: 20.9
2025-10-23 05:38:04,016 - WARNING -    🔄 RESTAURANDO mejor solución...
2025-10-23 05:38:11,483 - DEBUG - Iter 86200: T=0.65, Fitness_actual=148.4, Mejor=150.6
2025-10-23 05:38:26,355 - DEBUG - Iter 86300: T=0.65, Fitness_actual=147.8, Mejor=150.6
2025-10-23 05:38:41,223 - DEBUG - Iter 86400: T=0.65, Fitness_actual=148.5, Mejor=150.6
2025-10-23 05:38:56,126 - INFO -   Iter 86500 | Tiempo:  133.2min (55.5%) | T =     0.65 | Fitness =    147.9 | Mejor =    150.6 | Aceptación =  75.3%
2025-10-23 05:38:56,126 - INFO - Progreso iter 86500: T=0.65, Fitness=147.9, Mejor=150.6, Tasa_acept=75.3%
2025-10-23 05:38:56,127 - DEBUG - Iter 86500: T=0.65, Fitness_actual=147.9, Mejor=150.6
2025-10-23 05:39:11,008 - DEBUG - Iter 86600: T=0.65, Fitness_actual=146.4, Mejor=150.6
2025-10-23 05:39:25,906 - DEBUG - Iter 86700: T=0.65, Fitness_actual=145.0, Mejor=150.6
2025-10-23 05:39:40,847 - DEBUG - Iter 86800: T=0.64, Fitness_actual=139.5, Mejor=150.6
2025-10-23 05:39:55,703 - DEBUG - Iter 86900: T=0.64, Fitness_actual=137.7, Mejor=150.6
2025-10-23 05:40:10,601 - INFO -   Iter 87000 | Tiempo:  134.4min (56.0%) | T =     0.64 | Fitness =    139.9 | Mejor =    150.6 | Aceptación =  75.2%
2025-10-23 05:40:10,601 - INFO - Progreso iter 87000: T=0.64, Fitness=139.9, Mejor=150.6, Tasa_acept=75.2%
2025-10-23 05:40:10,605 - DEBUG - Iter 87000: T=0.64, Fitness_actual=139.9, Mejor=150.6
2025-10-23 05:40:25,535 - DEBUG - Iter 87100: T=0.64, Fitness_actual=138.2, Mejor=150.6
2025-10-23 05:40:40,516 - DEBUG - Iter 87200: T=0.64, Fitness_actual=134.7, Mejor=150.6
2025-10-23 05:40:55,500 - DEBUG - Iter 87300: T=0.64, Fitness_actual=136.7, Mejor=150.6
2025-10-23 05:41:10,537 - DEBUG - Iter 87400: T=0.63, Fitness_actual=135.0, Mejor=150.6
2025-10-23 05:41:25,505 - INFO -   Iter 87500 | Tiempo:  135.7min (56.5%) | T =     0.63 | Fitness =    138.1 | Mejor =    150.6 | Aceptación =  75.1%
2025-10-23 05:41:25,505 - INFO - Progreso iter 87500: T=0.63, Fitness=138.1, Mejor=150.6, Tasa_acept=75.1%
2025-10-23 05:41:25,506 - DEBUG - Iter 87500: T=0.63, Fitness_actual=138.1, Mejor=150.6
2025-10-23 05:41:40,531 - DEBUG - Iter 87600: T=0.63, Fitness_actual=138.1, Mejor=150.6
2025-10-23 05:41:55,550 - DEBUG - Iter 87700: T=0.63, Fitness_actual=135.1, Mejor=150.6
2025-10-23 05:42:10,612 - DEBUG - Iter 87800: T=0.63, Fitness_actual=137.6, Mejor=150.6
2025-10-23 05:42:25,647 - DEBUG - Iter 87900: T=0.63, Fitness_actual=137.3, Mejor=150.6
2025-10-23 05:42:40,635 - INFO -   Iter 88000 | Tiempo:  136.9min (57.0%) | T =     0.62 | Fitness =    135.5 | Mejor =    150.6 | Aceptación =  75.1%
2025-10-23 05:42:40,635 - INFO - Progreso iter 88000: T=0.62, Fitness=135.5, Mejor=150.6, Tasa_acept=75.1%
2025-10-23 05:42:40,637 - DEBUG - Iter 88000: T=0.62, Fitness_actual=135.5, Mejor=150.6
2025-10-23 05:42:55,648 - DEBUG - Iter 88100: T=0.62, Fitness_actual=136.0, Mejor=150.6
2025-10-23 05:43:10,712 - DEBUG - Iter 88200: T=0.62, Fitness_actual=132.7, Mejor=150.6
2025-10-23 05:43:25,751 - DEBUG - Iter 88300: T=0.62, Fitness_actual=131.9, Mejor=150.6
2025-10-23 05:43:40,795 - DEBUG - Iter 88400: T=0.62, Fitness_actual=131.5, Mejor=150.6
2025-10-23 05:43:55,934 - INFO -   Iter 88500 | Tiempo:  138.2min (57.6%) | T =     0.62 | Fitness =    131.3 | Mejor =    150.6 | Aceptación =  75.1%
2025-10-23 05:43:55,934 - INFO - Progreso iter 88500: T=0.62, Fitness=131.3, Mejor=150.6, Tasa_acept=75.1%
2025-10-23 05:43:55,937 - DEBUG - Iter 88500: T=0.62, Fitness_actual=131.3, Mejor=150.6
2025-10-23 05:44:11,077 - WARNING - ⚠️  DEGRADACIÓN DETECTADA en iter 88600:
2025-10-23 05:44:11,077 - WARNING -    Mejor fitness: 150.6
2025-10-23 05:44:11,077 - WARNING -    Fitness promedio reciente: 129.2
2025-10-23 05:44:11,078 - WARNING -    Degradación: 21.4
2025-10-23 05:44:11,078 - WARNING -    🔄 RESTAURANDO mejor solución...
2025-10-23 05:44:11,079 - DEBUG - Iter 88600: T=0.61, Fitness_actual=150.6, Mejor=150.6
2025-10-23 05:44:11,079 - INFO - 🌟 MEJORA #348 en iter 88600: Fitness=150.7 (+0.1), Puntos=16614
2025-10-23 05:44:11,230 - INFO - 🌟 MEJORA #349 en iter 88601: Fitness=150.7 (+0.0), Puntos=16614
2025-10-23 05:44:26,251 - DEBUG - Iter 88700: T=0.61, Fitness_actual=148.7, Mejor=150.7
2025-10-23 05:44:41,425 - DEBUG - Iter 88800: T=0.61, Fitness_actual=146.3, Mejor=150.7
2025-10-23 05:44:56,573 - DEBUG - Iter 88900: T=0.61, Fitness_actual=145.0, Mejor=150.7
2025-10-23 05:45:11,817 - INFO -   Iter 89000 | Tiempo:  139.4min (58.1%) | T =     0.61 | Fitness =    143.9 | Mejor =    150.7 | Aceptación =  75.0%
2025-10-23 05:45:11,817 - INFO - Progreso iter 89000: T=0.61, Fitness=143.9, Mejor=150.7, Tasa_acept=75.0%
2025-10-23 05:45:11,818 - DEBUG - Iter 89000: T=0.61, Fitness_actual=143.9, Mejor=150.7
2025-10-23 05:45:26,975 - DEBUG - Iter 89100: T=0.61, Fitness_actual=142.9, Mejor=150.7
2025-10-23 05:45:42,129 - DEBUG - Iter 89200: T=0.60, Fitness_actual=141.8, Mejor=150.7
2025-10-23 05:45:57,272 - DEBUG - Iter 89300: T=0.60, Fitness_actual=134.7, Mejor=150.7
2025-10-23 05:46:12,565 - DEBUG - Iter 89400: T=0.60, Fitness_actual=134.0, Mejor=150.7
2025-10-23 05:46:27,741 - INFO -   Iter 89500 | Tiempo:  140.7min (58.6%) | T =     0.60 | Fitness =    132.4 | Mejor =    150.7 | Aceptación =  74.9%
2025-10-23 05:46:27,741 - INFO - Progreso iter 89500: T=0.60, Fitness=132.4, Mejor=150.7, Tasa_acept=74.9%
2025-10-23 05:46:27,743 - DEBUG - Iter 89500: T=0.60, Fitness_actual=132.4, Mejor=150.7
2025-10-23 05:46:42,921 - DEBUG - Iter 89600: T=0.60, Fitness_actual=135.7, Mejor=150.7
2025-10-23 05:46:58,069 - DEBUG - Iter 89700: T=0.60, Fitness_actual=134.4, Mejor=150.7
2025-10-23 05:47:13,311 - DEBUG - Iter 89800: T=0.59, Fitness_actual=133.4, Mejor=150.7
2025-10-23 05:47:28,534 - DEBUG - Iter 89900: T=0.59, Fitness_actual=134.0, Mejor=150.7
2025-10-23 05:47:43,803 - INFO -   Iter 90000 | Tiempo:  142.0min (59.1%) | T =     0.59 | Fitness =    128.1 | Mejor =    150.7 | Aceptación =  74.9%
2025-10-23 05:47:43,803 - INFO - Progreso iter 90000: T=0.59, Fitness=128.1, Mejor=150.7, Tasa_acept=74.9%
2025-10-23 05:47:43,804 - WARNING - ⚠️  DEGRADACIÓN DETECTADA en iter 90000:
2025-10-23 05:47:43,804 - WARNING -    Mejor fitness: 150.7
2025-10-23 05:47:43,804 - WARNING -    Fitness promedio reciente: 127.9
2025-10-23 05:47:43,804 - WARNING -    Degradación: 22.8
2025-10-23 05:47:43,804 - WARNING -    🔄 RESTAURANDO mejor solución...
2025-10-23 05:47:43,809 - DEBUG - Iter 90000: T=0.59, Fitness_actual=150.7, Mejor=150.7
2025-10-23 05:47:43,809 - WARNING - ================================================================================
2025-10-23 05:47:43,809 - WARNING - ⚠️  SALTO ANORMAL DETECTADO en iteración 90000
2025-10-23 05:47:43,809 - WARNING -    Fitness actual: 150.7
2025-10-23 05:47:43,809 - WARNING -    Fitness vecino: 128.5
2025-10-23 05:47:43,809 - WARNING -    Delta: -22.2
2025-10-23 05:47:43,810 - WARNING -    Temperatura: 0.59
2025-10-23 05:47:43,810 - WARNING -    Tipo perturbación aplicada: (ver generar_vecino)
2025-10-23 05:47:43,810 - WARNING -    Vecino - Puntos: 16617, Tiempo: 14223.9min, Distancia: 133.2km
2025-10-23 05:47:43,810 - WARNING -    Actual - Puntos: 16614, Tiempo: 14974.5min, Distancia: 155.8km
2025-10-23 05:47:43,810 - WARNING -    Validez restricciones - Vecino: False, Actual: False
2025-10-23 05:47:43,810 - WARNING - ================================================================================
2025-10-23 05:47:43,811 - WARNING - ⚠️  SALTO ANORMAL DETECTADO en iteración 90000
2025-10-23 05:47:43,811 - WARNING -    Fitness: 150.7 → 128.5 (Δ=-22.2)
2025-10-23 05:47:43,811 - WARNING -    Ver detalles en archivo de log
2025-10-23 05:47:59,101 - DEBUG - Iter 90100: T=0.59, Fitness_actual=146.3, Mejor=150.7
2025-10-23 05:48:14,394 - DEBUG - Iter 90200: T=0.59, Fitness_actual=146.5, Mejor=150.7
2025-10-23 05:48:29,693 - DEBUG - Iter 90300: T=0.59, Fitness_actual=142.6, Mejor=150.7
2025-10-23 05:48:44,988 - DEBUG - Iter 90400: T=0.59, Fitness_actual=141.0, Mejor=150.7
2025-10-23 05:49:00,320 - INFO -   Iter 90500 | Tiempo:  143.2min (59.7%) | T =     0.58 | Fitness =    139.1 | Mejor =    150.7 | Aceptación =  74.8%
2025-10-23 05:49:00,321 - INFO - Progreso iter 90500: T=0.58, Fitness=139.1, Mejor=150.7, Tasa_acept=74.8%
2025-10-23 05:49:00,322 - DEBUG - Iter 90500: T=0.58, Fitness_actual=139.1, Mejor=150.7
2025-10-23 05:49:15,665 - DEBUG - Iter 90600: T=0.58, Fitness_actual=139.9, Mejor=150.7
2025-10-23 05:49:30,991 - DEBUG - Iter 90700: T=0.58, Fitness_actual=138.8, Mejor=150.7
2025-10-23 05:49:46,317 - DEBUG - Iter 90800: T=0.58, Fitness_actual=137.5, Mejor=150.7
2025-10-23 05:50:01,622 - DEBUG - Iter 90900: T=0.58, Fitness_actual=139.3, Mejor=150.7
2025-10-23 05:50:16,989 - INFO -   Iter 91000 | Tiempo:  144.5min (60.2%) | T =     0.58 | Fitness =    138.8 | Mejor =    150.7 | Aceptación =  74.7%
2025-10-23 05:50:16,989 - INFO - Progreso iter 91000: T=0.58, Fitness=138.8, Mejor=150.7, Tasa_acept=74.7%
2025-10-23 05:50:16,997 - DEBUG - Iter 91000: T=0.58, Fitness_actual=138.8, Mejor=150.7
2025-10-23 05:50:32,364 - DEBUG - Iter 91100: T=0.57, Fitness_actual=139.2, Mejor=150.7
2025-10-23 05:50:47,735 - DEBUG - Iter 91200: T=0.57, Fitness_actual=136.3, Mejor=150.7
2025-10-23 05:51:03,101 - DEBUG - Iter 91300: T=0.57, Fitness_actual=135.5, Mejor=150.7
2025-10-23 05:51:18,575 - DEBUG - Iter 91400: T=0.57, Fitness_actual=134.4, Mejor=150.7
2025-10-23 05:51:34,014 - INFO -   Iter 91500 | Tiempo:  145.8min (60.7%) | T =     0.57 | Fitness =    137.2 | Mejor =    150.7 | Aceptación =  74.6%
2025-10-23 05:51:34,014 - INFO - Progreso iter 91500: T=0.57, Fitness=137.2, Mejor=150.7, Tasa_acept=74.6%
2025-10-23 05:51:34,016 - DEBUG - Iter 91500: T=0.57, Fitness_actual=137.2, Mejor=150.7
2025-10-23 05:51:49,458 - DEBUG - Iter 91600: T=0.57, Fitness_actual=137.4, Mejor=150.7
2025-10-23 05:52:04,865 - DEBUG - Iter 91700: T=0.57, Fitness_actual=135.6, Mejor=150.7
2025-10-23 05:52:07,534 - WARNING - ================================================================================
2025-10-23 05:52:07,534 - WARNING - ⚠️  SALTO ANORMAL DETECTADO en iteración 91717
2025-10-23 05:52:07,534 - WARNING -    Fitness actual: 135.5
2025-10-23 05:52:07,534 - WARNING -    Fitness vecino: 114.0
2025-10-23 05:52:07,534 - WARNING -    Delta: -21.6
2025-10-23 05:52:07,534 - WARNING -    Temperatura: 0.57
2025-10-23 05:52:07,534 - WARNING -    Tipo perturbación aplicada: (ver generar_vecino)
2025-10-23 05:52:07,535 - WARNING -    Vecino - Puntos: 15491, Tiempo: 14560.7min, Distancia: 214.2km
2025-10-23 05:52:07,535 - WARNING -    Actual - Puntos: 15506, Tiempo: 14026.1min, Distancia: 170.9km
2025-10-23 05:52:07,535 - WARNING -    Validez restricciones - Vecino: False, Actual: False
2025-10-23 05:52:07,535 - WARNING - ================================================================================
2025-10-23 05:52:07,535 - WARNING - ⚠️  SALTO ANORMAL DETECTADO en iteración 91717
2025-10-23 05:52:07,535 - WARNING -    Fitness: 135.5 → 114.0 (Δ=-21.6)
2025-10-23 05:52:07,535 - WARNING -    Ver detalles en archivo de log
2025-10-23 05:52:08,779 - WARNING - ================================================================================
2025-10-23 05:52:08,779 - WARNING - ⚠️  SALTO ANORMAL DETECTADO en iteración 91725
2025-10-23 05:52:08,779 - WARNING -    Fitness actual: 135.5
2025-10-23 05:52:08,780 - WARNING -    Fitness vecino: 112.1
2025-10-23 05:52:08,780 - WARNING -    Delta: -23.4
2025-10-23 05:52:08,780 - WARNING -    Temperatura: 0.57
2025-10-23 05:52:08,780 - WARNING -    Tipo perturbación aplicada: (ver generar_vecino)
2025-10-23 05:52:08,780 - WARNING -    Vecino - Puntos: 15480, Tiempo: 14341.3min, Distancia: 216.8km
2025-10-23 05:52:08,780 - WARNING -    Actual - Puntos: 15502, Tiempo: 14034.4min, Distancia: 170.4km
2025-10-23 05:52:08,781 - WARNING -    Validez restricciones - Vecino: False, Actual: False
2025-10-23 05:52:08,781 - WARNING - ================================================================================
2025-10-23 05:52:08,781 - WARNING - ⚠️  SALTO ANORMAL DETECTADO en iteración 91725
2025-10-23 05:52:08,781 - WARNING -    Fitness: 135.5 → 112.1 (Δ=-23.4)
2025-10-23 05:52:08,781 - WARNING -    Ver detalles en archivo de log
2025-10-23 05:52:10,174 - WARNING - ================================================================================
2025-10-23 05:52:10,174 - WARNING - ⚠️  SALTO ANORMAL DETECTADO en iteración 91734
2025-10-23 05:52:10,175 - WARNING -    Fitness actual: 135.5
2025-10-23 05:52:10,175 - WARNING -    Fitness vecino: 108.4
2025-10-23 05:52:10,175 - WARNING -    Delta: -27.1
2025-10-23 05:52:10,175 - WARNING -    Temperatura: 0.57
2025-10-23 05:52:10,175 - WARNING -    Tipo perturbación aplicada: (ver generar_vecino)
2025-10-23 05:52:10,175 - WARNING -    Vecino - Puntos: 15487, Tiempo: 14192.1min, Distancia: 215.6km
2025-10-23 05:52:10,176 - WARNING -    Actual - Puntos: 15503, Tiempo: 14010.0min, Distancia: 172.9km
2025-10-23 05:52:10,176 - WARNING -    Validez restricciones - Vecino: False, Actual: False
2025-10-23 05:52:10,176 - WARNING - ================================================================================
2025-10-23 05:52:10,176 - WARNING - ⚠️  SALTO ANORMAL DETECTADO en iteración 91734
2025-10-23 05:52:10,176 - WARNING -    Fitness: 135.5 → 108.4 (Δ=-27.1)
2025-10-23 05:52:10,176 - WARNING -    Ver detalles en archivo de log
2025-10-23 05:52:20,344 - DEBUG - Iter 91800: T=0.56, Fitness_actual=133.5, Mejor=150.7
2025-10-23 05:52:35,770 - DEBUG - Iter 91900: T=0.56, Fitness_actual=134.0, Mejor=150.7
2025-10-23 05:52:51,229 - INFO -   Iter 92000 | Tiempo:  147.1min (61.3%) | T =     0.56 | Fitness =    135.5 | Mejor =    150.7 | Aceptación =  74.5%
2025-10-23 05:52:51,230 - INFO - Progreso iter 92000: T=0.56, Fitness=135.5, Mejor=150.7, Tasa_acept=74.5%
2025-10-23 05:52:51,231 - DEBUG - Iter 92000: T=0.56, Fitness_actual=135.5, Mejor=150.7
2025-10-23 05:53:06,708 - DEBUG - Iter 92100: T=0.56, Fitness_actual=135.5, Mejor=150.7
2025-10-23 05:53:22,220 - DEBUG - Iter 92200: T=0.56, Fitness_actual=134.4, Mejor=150.7
2025-10-23 05:53:37,676 - DEBUG - Iter 92300: T=0.56, Fitness_actual=134.4, Mejor=150.7
2025-10-23 05:53:53,176 - DEBUG - Iter 92400: T=0.56, Fitness_actual=134.3, Mejor=150.7
2025-10-23 05:54:08,690 - INFO -   Iter 92500 | Tiempo:  148.4min (61.8%) | T =     0.55 | Fitness =    132.6 | Mejor =    150.7 | Aceptación =  74.5%
2025-10-23 05:54:08,691 - INFO - Progreso iter 92500: T=0.55, Fitness=132.6, Mejor=150.7, Tasa_acept=74.5%
2025-10-23 05:54:08,692 - DEBUG - Iter 92500: T=0.55, Fitness_actual=132.6, Mejor=150.7
2025-10-23 05:54:24,217 - DEBUG - Iter 92600: T=0.55, Fitness_actual=133.2, Mejor=150.7
2025-10-23 05:54:39,734 - DEBUG - Iter 92700: T=0.55, Fitness_actual=131.3, Mejor=150.7
2025-10-23 05:54:55,256 - DEBUG - Iter 92800: T=0.55, Fitness_actual=132.7, Mejor=150.7
2025-10-23 05:55:10,769 - DEBUG - Iter 92900: T=0.55, Fitness_actual=131.8, Mejor=150.7
2025-10-23 05:55:26,370 - INFO -   Iter 93000 | Tiempo:  149.7min (62.4%) | T =     0.55 | Fitness =    130.8 | Mejor =    150.7 | Aceptación =  74.4%
2025-10-23 05:55:26,370 - INFO - Progreso iter 93000: T=0.55, Fitness=130.8, Mejor=150.7, Tasa_acept=74.4%
2025-10-23 05:55:26,370 - WARNING - ⚠️  DEGRADACIÓN DETECTADA en iter 93000:
2025-10-23 05:55:26,370 - WARNING -    Mejor fitness: 150.7
2025-10-23 05:55:26,370 - WARNING -    Fitness promedio reciente: 130.6
2025-10-23 05:55:26,370 - WARNING -    Degradación: 20.1
2025-10-23 05:55:26,371 - WARNING -    🔄 RESTAURANDO mejor solución...
2025-10-23 05:55:26,372 - DEBUG - Iter 93000: T=0.55, Fitness_actual=150.7, Mejor=150.7
2025-10-23 05:55:26,526 - INFO - 🌟 MEJORA #350 en iter 93001: Fitness=150.7 (+0.0), Puntos=16614
2025-10-23 05:55:26,526 - INFO -   ✨ Mejora #350 en iteración 93002: Fitness = 150.7 | Puntos = 16614 | T = 0.55
2025-10-23 05:55:27,619 - INFO - 🌟 MEJORA #351 en iter 93008: Fitness=151.7 (+1.0), Puntos=16613
2025-10-23 05:55:42,051 - DEBUG - Iter 93100: T=0.55, Fitness_actual=149.2, Mejor=151.7
2025-10-23 05:55:57,696 - DEBUG - Iter 93200: T=0.54, Fitness_actual=148.7, Mejor=151.7
2025-10-23 05:56:13,420 - DEBUG - Iter 93300: T=0.54, Fitness_actual=146.6, Mejor=151.7
2025-10-23 05:56:23,266 - WARNING - ================================================================================
2025-10-23 05:56:23,266 - WARNING - ⚠️  SALTO ANORMAL DETECTADO en iteración 93363
2025-10-23 05:56:23,267 - WARNING -    Fitness actual: 143.4
2025-10-23 05:56:23,267 - WARNING -    Fitness vecino: 121.0
2025-10-23 05:56:23,267 - WARNING -    Delta: -22.4
2025-10-23 05:56:23,267 - WARNING -    Temperatura: 0.54
2025-10-23 05:56:23,267 - WARNING -    Tipo perturbación aplicada: (ver generar_vecino)
2025-10-23 05:56:23,268 - WARNING -    Vecino - Puntos: 16374, Tiempo: 13863.3min, Distancia: 149.0km
2025-10-23 05:56:23,268 - WARNING -    Actual - Puntos: 16386, Tiempo: 14230.1min, Distancia: 153.8km
2025-10-23 05:56:23,268 - WARNING -    Validez restricciones - Vecino: False, Actual: False
2025-10-23 05:56:23,268 - WARNING - ================================================================================
2025-10-23 05:56:23,268 - WARNING - ⚠️  SALTO ANORMAL DETECTADO en iteración 93363
2025-10-23 05:56:23,268 - WARNING -    Fitness: 143.4 → 121.0 (Δ=-22.4)
2025-10-23 05:56:23,269 - WARNING -    Ver detalles en archivo de log
2025-10-23 05:56:29,293 - DEBUG - Iter 93400: T=0.54, Fitness_actual=144.5, Mejor=151.7
2025-10-23 05:56:44,986 - INFO -   Iter 93500 | Tiempo:  151.0min (62.9%) | T =     0.54 | Fitness =    143.8 | Mejor =    151.7 | Aceptación =  74.3%
2025-10-23 05:56:44,986 - INFO - Progreso iter 93500: T=0.54, Fitness=143.8, Mejor=151.7, Tasa_acept=74.3%
2025-10-23 05:56:44,987 - DEBUG - Iter 93500: T=0.54, Fitness_actual=143.8, Mejor=151.7
2025-10-23 05:57:00,611 - DEBUG - Iter 93600: T=0.54, Fitness_actual=143.7, Mejor=151.7
2025-10-23 05:57:16,364 - DEBUG - Iter 93700: T=0.54, Fitness_actual=143.0, Mejor=151.7
2025-10-23 05:57:32,070 - DEBUG - Iter 93800: T=0.54, Fitness_actual=143.9, Mejor=151.7
2025-10-23 05:57:47,758 - DEBUG - Iter 93900: T=0.53, Fitness_actual=143.1, Mejor=151.7
2025-10-23 05:58:03,455 - INFO -   Iter 94000 | Tiempo:  152.3min (63.5%) | T =     0.53 | Fitness =    142.8 | Mejor =    151.7 | Aceptación =  74.2%
2025-10-23 05:58:03,455 - INFO - Progreso iter 94000: T=0.53, Fitness=142.8, Mejor=151.7, Tasa_acept=74.2%
2025-10-23 05:58:03,460 - DEBUG - Iter 94000: T=0.53, Fitness_actual=142.8, Mejor=151.7
2025-10-23 05:58:19,181 - DEBUG - Iter 94100: T=0.53, Fitness_actual=142.5, Mejor=151.7
2025-10-23 05:58:34,933 - DEBUG - Iter 94200: T=0.53, Fitness_actual=137.9, Mejor=151.7
2025-10-23 05:58:50,643 - DEBUG - Iter 94300: T=0.53, Fitness_actual=141.1, Mejor=151.7
2025-10-23 05:59:06,375 - DEBUG - Iter 94400: T=0.53, Fitness_actual=141.7, Mejor=151.7
2025-10-23 05:59:22,111 - INFO -   Iter 94500 | Tiempo:  153.6min (64.0%) | T =     0.53 | Fitness =    140.0 | Mejor =    151.7 | Aceptación =  74.1%
2025-10-23 05:59:22,111 - INFO - Progreso iter 94500: T=0.53, Fitness=140.0, Mejor=151.7, Tasa_acept=74.1%
2025-10-23 05:59:22,116 - DEBUG - Iter 94500: T=0.53, Fitness_actual=140.0, Mejor=151.7
2025-10-23 05:59:37,869 - DEBUG - Iter 94600: T=0.52, Fitness_actual=137.3, Mejor=151.7
2025-10-23 05:59:53,645 - DEBUG - Iter 94700: T=0.52, Fitness_actual=137.3, Mejor=151.7
2025-10-23 06:00:09,413 - DEBUG - Iter 94800: T=0.52, Fitness_actual=136.5, Mejor=151.7
2025-10-23 06:00:25,162 - DEBUG - Iter 94900: T=0.52, Fitness_actual=140.4, Mejor=151.7
2025-10-23 06:00:40,955 - INFO -   Iter 95000 | Tiempo:  154.9min (64.5%) | T =     0.52 | Fitness =    141.6 | Mejor =    151.7 | Aceptación =  74.0%
2025-10-23 06:00:40,955 - INFO - Progreso iter 95000: T=0.52, Fitness=141.6, Mejor=151.7, Tasa_acept=74.0%
2025-10-23 06:00:40,956 - DEBUG - Iter 95000: T=0.52, Fitness_actual=141.6, Mejor=151.7
2025-10-23 06:00:56,721 - DEBUG - Iter 95100: T=0.52, Fitness_actual=141.0, Mejor=151.7
2025-10-23 06:01:12,592 - DEBUG - Iter 95200: T=0.52, Fitness_actual=141.0, Mejor=151.7
2025-10-23 06:01:28,475 - DEBUG - Iter 95300: T=0.51, Fitness_actual=141.0, Mejor=151.7
2025-10-23 06:01:44,616 - DEBUG - Iter 95400: T=0.51, Fitness_actual=138.5, Mejor=151.7
2025-10-23 06:02:00,549 - INFO -   Iter 95500 | Tiempo:  156.2min (65.1%) | T =     0.51 | Fitness =    137.1 | Mejor =    151.7 | Aceptación =  73.9%
2025-10-23 06:02:00,549 - INFO - Progreso iter 95500: T=0.51, Fitness=137.1, Mejor=151.7, Tasa_acept=73.9%
2025-10-23 06:02:00,550 - DEBUG - Iter 95500: T=0.51, Fitness_actual=137.1, Mejor=151.7
2025-10-23 06:02:16,536 - DEBUG - Iter 95600: T=0.51, Fitness_actual=133.8, Mejor=151.7
2025-10-23 06:02:32,537 - DEBUG - Iter 95700: T=0.51, Fitness_actual=134.0, Mejor=151.7
2025-10-23 06:02:48,527 - WARNING - ⚠️  DEGRADACIÓN DETECTADA en iter 95800:
2025-10-23 06:02:48,527 - WARNING -    Mejor fitness: 151.7
2025-10-23 06:02:48,527 - WARNING -    Fitness promedio reciente: 130.4
2025-10-23 06:02:48,527 - WARNING -    Degradación: 21.3
2025-10-23 06:02:48,527 - WARNING -    🔄 RESTAURANDO mejor solución...
2025-10-23 06:02:48,528 - DEBUG - Iter 95800: T=0.51, Fitness_actual=151.7, Mejor=151.7
2025-10-23 06:03:04,557 - DEBUG - Iter 95900: T=0.51, Fitness_actual=150.6, Mejor=151.7
2025-10-23 06:03:20,590 - INFO -   Iter 96000 | Tiempo:  157.6min (65.7%) | T =     0.50 | Fitness =    149.8 | Mejor =    151.7 | Aceptación =  73.8%
2025-10-23 06:03:20,590 - INFO - Progreso iter 96000: T=0.50, Fitness=149.8, Mejor=151.7, Tasa_acept=73.8%
2025-10-23 06:03:20,591 - DEBUG - Iter 96000: T=0.50, Fitness_actual=149.8, Mejor=151.7
2025-10-23 06:03:36,641 - DEBUG - Iter 96100: T=0.50, Fitness_actual=149.8, Mejor=151.7
2025-10-23 06:03:52,748 - DEBUG - Iter 96200: T=0.50, Fitness_actual=149.8, Mejor=151.7
2025-10-23 06:04:08,814 - DEBUG - Iter 96300: T=0.50, Fitness_actual=147.9, Mejor=151.7
2025-10-23 06:04:24,952 - DEBUG - Iter 96400: T=0.50, Fitness_actual=148.0, Mejor=151.7
2025-10-23 06:04:25,437 - WARNING - ================================================================================
2025-10-23 06:04:25,437 - WARNING - ⚠️  SALTO ANORMAL DETECTADO en iteración 96403
2025-10-23 06:04:25,438 - WARNING -    Fitness actual: 148.1
2025-10-23 06:04:25,438 - WARNING -    Fitness vecino: 127.3
2025-10-23 06:04:25,438 - WARNING -    Delta: -20.8
2025-10-23 06:04:25,438 - WARNING -    Temperatura: 0.50
2025-10-23 06:04:25,438 - WARNING -    Tipo perturbación aplicada: (ver generar_vecino)
2025-10-23 06:04:25,439 - WARNING -    Vecino - Puntos: 16459, Tiempo: 14643.1min, Distancia: 174.0km
2025-10-23 06:04:25,439 - WARNING -    Actual - Puntos: 16462, Tiempo: 15059.5min, Distancia: 176.6km
2025-10-23 06:04:25,439 - WARNING -    Validez restricciones - Vecino: False, Actual: False
2025-10-23 06:04:25,439 - WARNING - ================================================================================
2025-10-23 06:04:25,439 - WARNING - ⚠️  SALTO ANORMAL DETECTADO en iteración 96403
2025-10-23 06:04:25,440 - WARNING -    Fitness: 148.1 → 127.3 (Δ=-20.8)
2025-10-23 06:04:25,440 - WARNING -    Ver detalles en archivo de log
2025-10-23 06:04:41,043 - INFO -   Iter 96500 | Tiempo:  158.9min (66.2%) | T =     0.50 | Fitness =    145.7 | Mejor =    151.7 | Aceptación =  73.6%
2025-10-23 06:04:41,043 - INFO - Progreso iter 96500: T=0.50, Fitness=145.7, Mejor=151.7, Tasa_acept=73.6%
2025-10-23 06:04:41,044 - DEBUG - Iter 96500: T=0.50, Fitness_actual=145.7, Mejor=151.7
2025-10-23 06:04:57,148 - DEBUG - Iter 96600: T=0.50, Fitness_actual=141.1, Mejor=151.7
2025-10-23 06:05:13,234 - DEBUG - Iter 96700: T=0.50, Fitness_actual=142.8, Mejor=151.7
2025-10-23 06:05:29,334 - DEBUG - Iter 96800: T=0.49, Fitness_actual=142.9, Mejor=151.7
2025-10-23 06:05:45,458 - DEBUG - Iter 96900: T=0.49, Fitness_actual=140.8, Mejor=151.7
2025-10-23 06:06:01,559 - INFO -   Iter 97000 | Tiempo:  160.3min (66.8%) | T =     0.49 | Fitness =    142.5 | Mejor =    151.7 | Aceptación =  73.5%
2025-10-23 06:06:01,559 - INFO - Progreso iter 97000: T=0.49, Fitness=142.5, Mejor=151.7, Tasa_acept=73.5%
2025-10-23 06:06:01,564 - DEBUG - Iter 97000: T=0.49, Fitness_actual=142.5, Mejor=151.7
2025-10-23 06:06:17,779 - DEBUG - Iter 97100: T=0.49, Fitness_actual=142.3, Mejor=151.7
2025-10-23 06:06:33,933 - DEBUG - Iter 97200: T=0.49, Fitness_actual=141.9, Mejor=151.7
2025-10-23 06:06:50,048 - DEBUG - Iter 97300: T=0.49, Fitness_actual=141.0, Mejor=151.7
2025-10-23 06:07:06,242 - DEBUG - Iter 97400: T=0.49, Fitness_actual=141.1, Mejor=151.7
2025-10-23 06:07:22,431 - INFO -   Iter 97500 | Tiempo:  161.6min (67.3%) | T =     0.48 | Fitness =    140.0 | Mejor =    151.7 | Aceptación =  73.4%
2025-10-23 06:07:22,431 - INFO - Progreso iter 97500: T=0.48, Fitness=140.0, Mejor=151.7, Tasa_acept=73.4%
2025-10-23 06:07:22,436 - DEBUG - Iter 97500: T=0.48, Fitness_actual=140.0, Mejor=151.7
2025-10-23 06:07:38,613 - DEBUG - Iter 97600: T=0.48, Fitness_actual=142.0, Mejor=151.7
2025-10-23 06:07:54,836 - DEBUG - Iter 97700: T=0.48, Fitness_actual=138.6, Mejor=151.7
2025-10-23 06:08:10,971 - DEBUG - Iter 97800: T=0.48, Fitness_actual=137.1, Mejor=151.7
2025-10-23 06:08:27,121 - DEBUG - Iter 97900: T=0.48, Fitness_actual=137.6, Mejor=151.7
2025-10-23 06:08:43,327 - INFO -   Iter 98000 | Tiempo:  163.0min (67.9%) | T =     0.48 | Fitness =    136.6 | Mejor =    151.7 | Aceptación =  73.3%
2025-10-23 06:08:43,327 - INFO - Progreso iter 98000: T=0.48, Fitness=136.6, Mejor=151.7, Tasa_acept=73.3%
2025-10-23 06:08:43,329 - DEBUG - Iter 98000: T=0.48, Fitness_actual=136.6, Mejor=151.7
2025-10-23 06:08:59,578 - DEBUG - Iter 98100: T=0.48, Fitness_actual=131.8, Mejor=151.7
2025-10-23 06:09:15,789 - DEBUG - Iter 98200: T=0.48, Fitness_actual=133.8, Mejor=151.7
2025-10-23 06:09:32,027 - DEBUG - Iter 98300: T=0.47, Fitness_actual=135.3, Mejor=151.7
2025-10-23 06:09:48,302 - DEBUG - Iter 98400: T=0.47, Fitness_actual=135.1, Mejor=151.7
2025-10-23 06:10:04,659 - INFO -   Iter 98500 | Tiempo:  164.3min (68.5%) | T =     0.47 | Fitness =    137.4 | Mejor =    151.7 | Aceptación =  73.3%
2025-10-23 06:10:04,659 - INFO - Progreso iter 98500: T=0.47, Fitness=137.4, Mejor=151.7, Tasa_acept=73.3%
2025-10-23 06:10:04,660 - DEBUG - Iter 98500: T=0.47, Fitness_actual=137.4, Mejor=151.7
2025-10-23 06:10:20,987 - DEBUG - Iter 98600: T=0.47, Fitness_actual=135.9, Mejor=151.7
2025-10-23 06:10:37,296 - DEBUG - Iter 98700: T=0.47, Fitness_actual=135.6, Mejor=151.7
2025-10-23 06:10:53,611 - DEBUG - Iter 98800: T=0.47, Fitness_actual=135.1, Mejor=151.7
2025-10-23 06:11:09,967 - DEBUG - Iter 98900: T=0.47, Fitness_actual=135.0, Mejor=151.7
2025-10-23 06:11:26,383 - INFO -   Iter 99000 | Tiempo:  165.7min (69.0%) | T =     0.47 | Fitness =    136.8 | Mejor =    151.7 | Aceptación =  73.2%
2025-10-23 06:11:26,383 - INFO - Progreso iter 99000: T=0.47, Fitness=136.8, Mejor=151.7, Tasa_acept=73.2%
2025-10-23 06:11:26,384 - DEBUG - Iter 99000: T=0.47, Fitness_actual=136.8, Mejor=151.7
2025-10-23 06:11:42,686 - DEBUG - Iter 99100: T=0.46, Fitness_actual=138.2, Mejor=151.7
2025-10-23 06:11:59,016 - DEBUG - Iter 99200: T=0.46, Fitness_actual=137.9, Mejor=151.7
2025-10-23 06:12:15,594 - DEBUG - Iter 99300: T=0.46, Fitness_actual=137.5, Mejor=151.7
2025-10-23 06:12:32,007 - DEBUG - Iter 99400: T=0.46, Fitness_actual=137.0, Mejor=151.7
2025-10-23 06:12:48,529 - INFO -   Iter 99500 | Tiempo:  167.0min (69.6%) | T =     0.46 | Fitness =    139.0 | Mejor =    151.7 | Aceptación =  73.1%
2025-10-23 06:12:48,529 - INFO - Progreso iter 99500: T=0.46, Fitness=139.0, Mejor=151.7, Tasa_acept=73.1%
2025-10-23 06:12:48,533 - DEBUG - Iter 99500: T=0.46, Fitness_actual=139.0, Mejor=151.7
2025-10-23 06:13:04,957 - DEBUG - Iter 99600: T=0.46, Fitness_actual=138.0, Mejor=151.7
2025-10-23 06:13:21,347 - DEBUG - Iter 99700: T=0.46, Fitness_actual=135.9, Mejor=151.7
2025-10-23 06:13:37,725 - DEBUG - Iter 99800: T=0.46, Fitness_actual=136.5, Mejor=151.7
2025-10-23 06:13:46,431 - INFO - --- Cambiando a Fase: Final (Refinamiento) (Progreso: 70.0%) ---
2025-10-23 06:13:54,136 - DEBUG - Iter 99900: T=0.45, Fitness_actual=137.7, Mejor=151.7
2025-10-23 06:14:10,561 - INFO -   Iter 100000 | Tiempo:  168.4min (70.2%) | T =     0.45 | Fitness =    135.8 | Mejor =    151.7 | Aceptación =  73.0%
2025-10-23 06:14:10,561 - INFO - Progreso iter 100000: T=0.45, Fitness=135.8, Mejor=151.7, Tasa_acept=73.0%
2025-10-23 06:14:10,562 - DEBUG - Iter 100000: T=0.45, Fitness_actual=135.8, Mejor=151.7
2025-10-23 06:14:27,025 - DEBUG - Iter 100100: T=0.45, Fitness_actual=134.4, Mejor=151.7
2025-10-23 06:14:43,482 - DEBUG - Iter 100200: T=0.45, Fitness_actual=133.2, Mejor=151.7
2025-10-23 06:14:59,909 - DEBUG - Iter 100300: T=0.45, Fitness_actual=134.6, Mejor=151.7
2025-10-23 06:15:16,385 - DEBUG - Iter 100400: T=0.45, Fitness_actual=133.6, Mejor=151.7
2025-10-23 06:15:32,964 - INFO -   Iter 100500 | Tiempo:  169.8min (70.7%) | T =     0.45 | Fitness =    133.1 | Mejor =    151.7 | Aceptación =  73.1%
2025-10-23 06:15:32,964 - INFO - Progreso iter 100500: T=0.45, Fitness=133.1, Mejor=151.7, Tasa_acept=73.1%
2025-10-23 06:15:32,967 - DEBUG - Iter 100500: T=0.45, Fitness_actual=133.1, Mejor=151.7
2025-10-23 06:15:49,451 - DEBUG - Iter 100600: T=0.45, Fitness_actual=134.6, Mejor=151.7
2025-10-23 06:16:05,983 - DEBUG - Iter 100700: T=0.44, Fitness_actual=133.6, Mejor=151.7
2025-10-23 06:16:22,529 - DEBUG - Iter 100800: T=0.44, Fitness_actual=134.9, Mejor=151.7
2025-10-23 06:16:39,104 - DEBUG - Iter 100900: T=0.44, Fitness_actual=131.9, Mejor=151.7
2025-10-23 06:16:55,618 - INFO -   Iter 101000 | Tiempo:  171.2min (71.3%) | T =     0.44 | Fitness =    132.5 | Mejor =    151.7 | Aceptación =  73.1%
2025-10-23 06:16:55,618 - INFO - Progreso iter 101000: T=0.44, Fitness=132.5, Mejor=151.7, Tasa_acept=73.1%
2025-10-23 06:16:55,620 - DEBUG - Iter 101000: T=0.44, Fitness_actual=132.5, Mejor=151.7
2025-10-23 06:17:12,276 - WARNING - ⚠️  DEGRADACIÓN DETECTADA en iter 101100:
2025-10-23 06:17:12,276 - WARNING -    Mejor fitness: 151.7
2025-10-23 06:17:12,276 - WARNING -    Fitness promedio reciente: 131.6
2025-10-23 06:17:12,276 - WARNING -    Degradación: 20.1
2025-10-23 06:17:12,276 - WARNING -    🔄 RESTAURANDO mejor solución...
2025-10-23 06:17:12,277 - DEBUG - Iter 101100: T=0.44, Fitness_actual=151.7, Mejor=151.7
2025-10-23 06:17:28,926 - DEBUG - Iter 101200: T=0.44, Fitness_actual=150.5, Mejor=151.7
2025-10-23 06:17:45,524 - DEBUG - Iter 101300: T=0.44, Fitness_actual=150.2, Mejor=151.7
2025-10-23 06:18:02,142 - DEBUG - Iter 101400: T=0.44, Fitness_actual=150.0, Mejor=151.7
2025-10-23 06:18:18,752 - INFO -   Iter 101500 | Tiempo:  172.5min (71.9%) | T =     0.44 | Fitness =    148.5 | Mejor =    151.7 | Aceptación =  73.1%
2025-10-23 06:18:18,752 - INFO - Progreso iter 101500: T=0.44, Fitness=148.5, Mejor=151.7, Tasa_acept=73.1%
2025-10-23 06:18:18,753 - DEBUG - Iter 101500: T=0.44, Fitness_actual=148.5, Mejor=151.7
2025-10-23 06:18:35,370 - DEBUG - Iter 101600: T=0.43, Fitness_actual=148.3, Mejor=151.7
2025-10-23 06:18:52,050 - DEBUG - Iter 101700: T=0.43, Fitness_actual=145.0, Mejor=151.7
2025-10-23 06:19:08,693 - DEBUG - Iter 101800: T=0.43, Fitness_actual=144.8, Mejor=151.7
2025-10-23 06:19:25,350 - DEBUG - Iter 101900: T=0.43, Fitness_actual=144.5, Mejor=151.7
2025-10-23 06:19:42,004 - INFO -   Iter 102000 | Tiempo:  173.9min (72.5%) | T =     0.43 | Fitness =    146.5 | Mejor =    151.7 | Aceptación =  73.1%
2025-10-23 06:19:42,004 - INFO - Progreso iter 102000: T=0.43, Fitness=146.5, Mejor=151.7, Tasa_acept=73.1%
2025-10-23 06:19:42,006 - DEBUG - Iter 102000: T=0.43, Fitness_actual=146.5, Mejor=151.7
2025-10-23 06:19:58,673 - DEBUG - Iter 102100: T=0.43, Fitness_actual=146.4, Mejor=151.7
2025-10-23 06:20:15,340 - DEBUG - Iter 102200: T=0.43, Fitness_actual=146.3, Mejor=151.7
2025-10-23 06:20:31,998 - DEBUG - Iter 102300: T=0.43, Fitness_actual=145.1, Mejor=151.7
2025-10-23 06:20:48,745 - DEBUG - Iter 102400: T=0.43, Fitness_actual=145.3, Mejor=151.7
2025-10-23 06:21:05,521 - INFO -   Iter 102500 | Tiempo:  175.3min (73.1%) | T =     0.42 | Fitness =    145.3 | Mejor =    151.7 | Aceptación =  73.0%
2025-10-23 06:21:05,521 - INFO - Progreso iter 102500: T=0.42, Fitness=145.3, Mejor=151.7, Tasa_acept=73.0%
2025-10-23 06:21:05,522 - DEBUG - Iter 102500: T=0.42, Fitness_actual=145.3, Mejor=151.7
2025-10-23 06:21:22,243 - DEBUG - Iter 102600: T=0.42, Fitness_actual=144.0, Mejor=151.7
2025-10-23 06:21:38,983 - DEBUG - Iter 102700: T=0.42, Fitness_actual=143.7, Mejor=151.7
2025-10-23 06:21:55,804 - DEBUG - Iter 102800: T=0.42, Fitness_actual=143.0, Mejor=151.7
2025-10-23 06:22:12,545 - DEBUG - Iter 102900: T=0.42, Fitness_actual=141.8, Mejor=151.7
2025-10-23 06:22:29,275 - INFO -   Iter 103000 | Tiempo:  176.7min (73.6%) | T =     0.42 | Fitness =    139.8 | Mejor =    151.7 | Aceptación =  73.0%
2025-10-23 06:22:29,275 - INFO - Progreso iter 103000: T=0.42, Fitness=139.8, Mejor=151.7, Tasa_acept=73.0%
2025-10-23 06:22:29,276 - DEBUG - Iter 103000: T=0.42, Fitness_actual=139.8, Mejor=151.7
2025-10-23 06:22:46,067 - DEBUG - Iter 103100: T=0.42, Fitness_actual=138.6, Mejor=151.7
2025-10-23 06:23:02,877 - DEBUG - Iter 103200: T=0.42, Fitness_actual=140.4, Mejor=151.7
2025-10-23 06:23:19,686 - DEBUG - Iter 103300: T=0.42, Fitness_actual=139.2, Mejor=151.7
2025-10-23 06:23:36,484 - DEBUG - Iter 103400: T=0.41, Fitness_actual=138.3, Mejor=151.7
2025-10-23 06:23:53,333 - INFO -   Iter 103500 | Tiempo:  178.1min (74.2%) | T =     0.41 | Fitness =    138.7 | Mejor =    151.7 | Aceptación =  73.0%
2025-10-23 06:23:53,333 - INFO - Progreso iter 103500: T=0.41, Fitness=138.7, Mejor=151.7, Tasa_acept=73.0%
2025-10-23 06:23:53,335 - DEBUG - Iter 103500: T=0.41, Fitness_actual=138.7, Mejor=151.7
2025-10-23 06:24:10,132 - DEBUG - Iter 103600: T=0.41, Fitness_actual=137.5, Mejor=151.7
2025-10-23 06:24:26,941 - DEBUG - Iter 103700: T=0.41, Fitness_actual=135.4, Mejor=151.7
2025-10-23 06:24:43,752 - DEBUG - Iter 103800: T=0.41, Fitness_actual=136.0, Mejor=151.7
2025-10-23 06:25:00,595 - DEBUG - Iter 103900: T=0.41, Fitness_actual=132.8, Mejor=151.7
2025-10-23 06:25:17,443 - INFO -   Iter 104000 | Tiempo:  179.5min (74.8%) | T =     0.41 | Fitness =    131.9 | Mejor =    151.7 | Aceptación =  73.0%
2025-10-23 06:25:17,443 - INFO - Progreso iter 104000: T=0.41, Fitness=131.9, Mejor=151.7, Tasa_acept=73.0%
2025-10-23 06:25:17,444 - DEBUG - Iter 104000: T=0.41, Fitness_actual=131.9, Mejor=151.7
2025-10-23 06:25:25,897 - WARNING - ⚠️  DEGRADACIÓN DETECTADA en iter 104050:
2025-10-23 06:25:25,898 - WARNING -    Mejor fitness: 151.7
2025-10-23 06:25:25,898 - WARNING -    Fitness promedio reciente: 131.0
2025-10-23 06:25:25,898 - WARNING -    Degradación: 20.6
2025-10-23 06:25:25,898 - WARNING -    🔄 RESTAURANDO mejor solución...
2025-10-23 06:25:26,237 - INFO - 🌟 MEJORA #352 en iter 104052: Fitness=151.8 (+0.1), Puntos=16626
2025-10-23 06:25:26,404 - INFO - 🌟 MEJORA #353 en iter 104053: Fitness=151.8 (+0.0), Puntos=16626
2025-10-23 06:25:26,743 - INFO - 🌟 MEJORA #354 en iter 104055: Fitness=151.8 (+0.0), Puntos=16626
2025-10-23 06:25:27,258 - INFO - 🌟 MEJORA #355 en iter 104058: Fitness=151.8 (+0.0), Puntos=16626
2025-10-23 06:25:27,258 - INFO -   ✨ Mejora #355 en iteración 104059: Fitness = 151.8 | Puntos = 16626 | T = 0.41
2025-10-23 06:25:33,239 - INFO - 🌟 MEJORA #356 en iter 104093: Fitness=151.9 (+0.1), Puntos=16638
2025-10-23 06:25:33,576 - INFO - 🌟 MEJORA #357 en iter 104095: Fitness=151.9 (+0.1), Puntos=16644
2025-10-23 06:25:34,424 - DEBUG - Iter 104100: T=0.41, Fitness_actual=151.9, Mejor=151.9
2025-10-23 06:25:51,566 - DEBUG - Iter 104200: T=0.41, Fitness_actual=151.1, Mejor=151.9
2025-10-23 06:26:08,614 - DEBUG - Iter 104300: T=0.40, Fitness_actual=149.2, Mejor=151.9
2025-10-23 06:26:25,617 - DEBUG - Iter 104400: T=0.40, Fitness_actual=147.6, Mejor=151.9
2025-10-23 06:26:42,620 - INFO -   Iter 104500 | Tiempo:  180.9min (75.4%) | T =     0.40 | Fitness =    148.5 | Mejor =    151.9 | Aceptación =  72.9%
2025-10-23 06:26:42,620 - INFO - Progreso iter 104500: T=0.40, Fitness=148.5, Mejor=151.9, Tasa_acept=72.9%
2025-10-23 06:26:42,621 - DEBUG - Iter 104500: T=0.40, Fitness_actual=148.5, Mejor=151.9
2025-10-23 06:26:59,620 - DEBUG - Iter 104600: T=0.40, Fitness_actual=149.3, Mejor=151.9
2025-10-23 06:27:16,665 - DEBUG - Iter 104700: T=0.40, Fitness_actual=147.1, Mejor=151.9
2025-10-23 06:27:33,664 - DEBUG - Iter 104800: T=0.40, Fitness_actual=146.1, Mejor=151.9
2025-10-23 06:27:50,756 - DEBUG - Iter 104900: T=0.40, Fitness_actual=145.1, Mejor=151.9
2025-10-23 06:28:07,858 - INFO -   Iter 105000 | Tiempo:  182.4min (76.0%) | T =     0.40 | Fitness =    144.6 | Mejor =    151.9 | Aceptación =  72.9%
2025-10-23 06:28:07,858 - INFO - Progreso iter 105000: T=0.40, Fitness=144.6, Mejor=151.9, Tasa_acept=72.9%
2025-10-23 06:28:07,859 - DEBUG - Iter 105000: T=0.40, Fitness_actual=144.6, Mejor=151.9
2025-10-23 06:28:24,964 - DEBUG - Iter 105100: T=0.40, Fitness_actual=145.4, Mejor=151.9
2025-10-23 06:28:42,061 - DEBUG - Iter 105200: T=0.39, Fitness_actual=145.2, Mejor=151.9
2025-10-23 06:28:59,158 - DEBUG - Iter 105300: T=0.39, Fitness_actual=144.7, Mejor=151.9
2025-10-23 06:29:16,276 - DEBUG - Iter 105400: T=0.39, Fitness_actual=145.6, Mejor=151.9
2025-10-23 06:29:33,388 - INFO -   Iter 105500 | Tiempo:  183.8min (76.6%) | T =     0.39 | Fitness =    146.1 | Mejor =    151.9 | Aceptación =  72.8%
2025-10-23 06:29:33,389 - INFO - Progreso iter 105500: T=0.39, Fitness=146.1, Mejor=151.9, Tasa_acept=72.8%
2025-10-23 06:29:33,390 - DEBUG - Iter 105500: T=0.39, Fitness_actual=146.1, Mejor=151.9
2025-10-23 06:29:50,499 - DEBUG - Iter 105600: T=0.39, Fitness_actual=143.0, Mejor=151.9
2025-10-23 06:30:07,633 - DEBUG - Iter 105700: T=0.39, Fitness_actual=142.2, Mejor=151.9
2025-10-23 06:30:25,228 - DEBUG - Iter 105800: T=0.39, Fitness_actual=139.6, Mejor=151.9
2025-10-23 06:30:42,715 - DEBUG - Iter 105900: T=0.39, Fitness_actual=138.8, Mejor=151.9
2025-10-23 06:30:59,996 - INFO -   Iter 106000 | Tiempo:  185.2min (77.2%) | T =     0.39 | Fitness =    139.6 | Mejor =    151.9 | Aceptación =  72.8%
2025-10-23 06:30:59,996 - INFO - Progreso iter 106000: T=0.39, Fitness=139.6, Mejor=151.9, Tasa_acept=72.8%
2025-10-23 06:30:59,997 - DEBUG - Iter 106000: T=0.39, Fitness_actual=139.6, Mejor=151.9
2025-10-23 06:31:17,164 - DEBUG - Iter 106100: T=0.39, Fitness_actual=141.7, Mejor=151.9
2025-10-23 06:31:34,255 - DEBUG - Iter 106200: T=0.38, Fitness_actual=144.5, Mejor=151.9
2025-10-23 06:31:51,432 - DEBUG - Iter 106300: T=0.38, Fitness_actual=143.9, Mejor=151.9
2025-10-23 06:32:08,588 - DEBUG - Iter 106400: T=0.38, Fitness_actual=143.8, Mejor=151.9
2025-10-23 06:32:25,769 - INFO -   Iter 106500 | Tiempo:  186.7min (77.8%) | T =     0.38 | Fitness =    142.4 | Mejor =    151.9 | Aceptación =  72.8%
2025-10-23 06:32:25,769 - INFO - Progreso iter 106500: T=0.38, Fitness=142.4, Mejor=151.9, Tasa_acept=72.8%
2025-10-23 06:32:25,771 - DEBUG - Iter 106500: T=0.38, Fitness_actual=142.4, Mejor=151.9
2025-10-23 06:32:42,913 - DEBUG - Iter 106600: T=0.38, Fitness_actual=141.3, Mejor=151.9
2025-10-23 06:33:00,068 - DEBUG - Iter 106700: T=0.38, Fitness_actual=139.6, Mejor=151.9
2025-10-23 06:33:17,273 - DEBUG - Iter 106800: T=0.38, Fitness_actual=138.9, Mejor=151.9
2025-10-23 06:33:34,451 - DEBUG - Iter 106900: T=0.38, Fitness_actual=140.6, Mejor=151.9
2025-10-23 06:33:51,672 - INFO -   Iter 107000 | Tiempo:  188.1min (78.4%) | T =     0.38 | Fitness =    138.5 | Mejor =    151.9 | Aceptación =  72.8%
2025-10-23 06:33:51,673 - INFO - Progreso iter 107000: T=0.38, Fitness=138.5, Mejor=151.9, Tasa_acept=72.8%
2025-10-23 06:33:51,678 - DEBUG - Iter 107000: T=0.38, Fitness_actual=138.5, Mejor=151.9
2025-10-23 06:34:08,948 - DEBUG - Iter 107100: T=0.38, Fitness_actual=139.0, Mejor=151.9
2025-10-23 06:34:26,123 - DEBUG - Iter 107200: T=0.37, Fitness_actual=138.4, Mejor=151.9
2025-10-23 06:34:43,305 - DEBUG - Iter 107300: T=0.37, Fitness_actual=141.0, Mejor=151.9
2025-10-23 06:35:00,507 - DEBUG - Iter 107400: T=0.37, Fitness_actual=141.9, Mejor=151.9
2025-10-23 06:35:17,722 - INFO -   Iter 107500 | Tiempo:  189.5min (79.0%) | T =     0.37 | Fitness =    143.1 | Mejor =    151.9 | Aceptación =  72.7%
2025-10-23 06:35:17,722 - INFO - Progreso iter 107500: T=0.37, Fitness=143.1, Mejor=151.9, Tasa_acept=72.7%
2025-10-23 06:35:17,723 - DEBUG - Iter 107500: T=0.37, Fitness_actual=143.1, Mejor=151.9
2025-10-23 06:35:34,988 - DEBUG - Iter 107600: T=0.37, Fitness_actual=142.9, Mejor=151.9
2025-10-23 06:35:52,354 - DEBUG - Iter 107700: T=0.37, Fitness_actual=143.1, Mejor=151.9
2025-10-23 06:36:09,685 - DEBUG - Iter 107800: T=0.37, Fitness_actual=142.1, Mejor=151.9
2025-10-23 06:36:26,967 - DEBUG - Iter 107900: T=0.37, Fitness_actual=141.9, Mejor=151.9
2025-10-23 06:36:44,260 - INFO -   Iter 108000 | Tiempo:  191.0min (79.6%) | T =     0.37 | Fitness =    141.8 | Mejor =    151.9 | Aceptación =  72.7%
2025-10-23 06:36:44,261 - INFO - Progreso iter 108000: T=0.37, Fitness=141.8, Mejor=151.9, Tasa_acept=72.7%
2025-10-23 06:36:44,262 - DEBUG - Iter 108000: T=0.37, Fitness_actual=141.8, Mejor=151.9
2025-10-23 06:37:01,587 - DEBUG - Iter 108100: T=0.37, Fitness_actual=143.1, Mejor=151.9
2025-10-23 06:37:18,872 - DEBUG - Iter 108200: T=0.36, Fitness_actual=141.1, Mejor=151.9
2025-10-23 06:37:36,182 - DEBUG - Iter 108300: T=0.36, Fitness_actual=143.1, Mejor=151.9
2025-10-23 06:37:53,517 - DEBUG - Iter 108400: T=0.36, Fitness_actual=141.1, Mejor=151.9
2025-10-23 06:38:10,887 - INFO -   Iter 108500 | Tiempo:  192.4min (80.2%) | T =     0.36 | Fitness =    141.2 | Mejor =    151.9 | Aceptación =  72.7%
2025-10-23 06:38:10,887 - INFO - Progreso iter 108500: T=0.36, Fitness=141.2, Mejor=151.9, Tasa_acept=72.7%
2025-10-23 06:38:10,888 - DEBUG - Iter 108500: T=0.36, Fitness_actual=141.2, Mejor=151.9
2025-10-23 06:38:28,260 - DEBUG - Iter 108600: T=0.36, Fitness_actual=141.4, Mejor=151.9
2025-10-23 06:38:45,611 - DEBUG - Iter 108700: T=0.36, Fitness_actual=140.7, Mejor=151.9
2025-10-23 06:39:02,985 - DEBUG - Iter 108800: T=0.36, Fitness_actual=141.9, Mejor=151.9
2025-10-23 06:39:20,390 - DEBUG - Iter 108900: T=0.36, Fitness_actual=141.7, Mejor=151.9
2025-10-23 06:39:37,856 - INFO -   Iter 109000 | Tiempo:  193.9min (80.8%) | T =     0.36 | Fitness =    140.4 | Mejor =    151.9 | Aceptación =  72.7%
2025-10-23 06:39:37,856 - INFO - Progreso iter 109000: T=0.36, Fitness=140.4, Mejor=151.9, Tasa_acept=72.7%
2025-10-23 06:39:37,857 - DEBUG - Iter 109000: T=0.36, Fitness_actual=140.4, Mejor=151.9
2025-10-23 06:39:55,291 - DEBUG - Iter 109100: T=0.36, Fitness_actual=140.2, Mejor=151.9
2025-10-23 06:40:12,741 - DEBUG - Iter 109200: T=0.36, Fitness_actual=140.4, Mejor=151.9
2025-10-23 06:40:30,197 - DEBUG - Iter 109300: T=0.35, Fitness_actual=137.2, Mejor=151.9
2025-10-23 06:40:47,697 - DEBUG - Iter 109400: T=0.35, Fitness_actual=134.8, Mejor=151.9
2025-10-23 06:41:05,283 - INFO -   Iter 109500 | Tiempo:  195.3min (81.4%) | T =     0.35 | Fitness =    137.6 | Mejor =    151.9 | Aceptación =  72.6%
2025-10-23 06:41:05,283 - INFO - Progreso iter 109500: T=0.35, Fitness=137.6, Mejor=151.9, Tasa_acept=72.6%
2025-10-23 06:41:05,285 - DEBUG - Iter 109500: T=0.35, Fitness_actual=137.6, Mejor=151.9
2025-10-23 06:41:22,778 - DEBUG - Iter 109600: T=0.35, Fitness_actual=136.8, Mejor=151.9
2025-10-23 06:41:40,298 - DEBUG - Iter 109700: T=0.35, Fitness_actual=137.3, Mejor=151.9
2025-10-23 06:41:57,874 - DEBUG - Iter 109800: T=0.35, Fitness_actual=137.1, Mejor=151.9
2025-10-23 06:42:15,457 - DEBUG - Iter 109900: T=0.35, Fitness_actual=137.4, Mejor=151.9
2025-10-23 06:42:33,054 - INFO -   Iter 110000 | Tiempo:  196.8min (82.0%) | T =     0.35 | Fitness =    137.2 | Mejor =    151.9 | Aceptación =  72.6%
2025-10-23 06:42:33,054 - INFO - Progreso iter 110000: T=0.35, Fitness=137.2, Mejor=151.9, Tasa_acept=72.6%
2025-10-23 06:42:33,057 - DEBUG - Iter 110000: T=0.35, Fitness_actual=137.2, Mejor=151.9
2025-10-23 06:42:50,643 - DEBUG - Iter 110100: T=0.35, Fitness_actual=138.2, Mejor=151.9
2025-10-23 06:43:08,185 - DEBUG - Iter 110200: T=0.35, Fitness_actual=138.3, Mejor=151.9
2025-10-23 06:43:25,798 - DEBUG - Iter 110300: T=0.35, Fitness_actual=137.3, Mejor=151.9
2025-10-23 06:43:43,440 - DEBUG - Iter 110400: T=0.34, Fitness_actual=136.7, Mejor=151.9
2025-10-23 06:44:01,030 - INFO -   Iter 110500 | Tiempo:  198.2min (82.6%) | T =     0.34 | Fitness =    137.7 | Mejor =    151.9 | Aceptación =  72.6%
2025-10-23 06:44:01,030 - INFO - Progreso iter 110500: T=0.34, Fitness=137.7, Mejor=151.9, Tasa_acept=72.6%
2025-10-23 06:44:01,032 - DEBUG - Iter 110500: T=0.34, Fitness_actual=137.7, Mejor=151.9
2025-10-23 06:44:18,583 - DEBUG - Iter 110600: T=0.34, Fitness_actual=137.7, Mejor=151.9
2025-10-23 06:44:36,134 - DEBUG - Iter 110700: T=0.34, Fitness_actual=138.5, Mejor=151.9
2025-10-23 06:44:53,706 - DEBUG - Iter 110800: T=0.34, Fitness_actual=138.4, Mejor=151.9
2025-10-23 06:45:11,310 - DEBUG - Iter 110900: T=0.34, Fitness_actual=137.7, Mejor=151.9
2025-10-23 06:45:28,931 - INFO -   Iter 111000 | Tiempo:  199.7min (83.2%) | T =     0.34 | Fitness =    137.8 | Mejor =    151.9 | Aceptación =  72.6%
2025-10-23 06:45:28,931 - INFO - Progreso iter 111000: T=0.34, Fitness=137.8, Mejor=151.9, Tasa_acept=72.6%
2025-10-23 06:45:28,932 - DEBUG - Iter 111000: T=0.34, Fitness_actual=137.8, Mejor=151.9
2025-10-23 06:45:46,566 - DEBUG - Iter 111100: T=0.34, Fitness_actual=138.2, Mejor=151.9
2025-10-23 06:46:04,317 - DEBUG - Iter 111200: T=0.34, Fitness_actual=138.1, Mejor=151.9
2025-10-23 06:46:22,029 - DEBUG - Iter 111300: T=0.34, Fitness_actual=137.1, Mejor=151.9
2025-10-23 06:46:39,704 - DEBUG - Iter 111400: T=0.34, Fitness_actual=139.0, Mejor=151.9
2025-10-23 06:46:57,423 - INFO -   Iter 111500 | Tiempo:  201.2min (83.8%) | T =     0.33 | Fitness =    141.0 | Mejor =    151.9 | Aceptación =  72.6%
2025-10-23 06:46:57,424 - INFO - Progreso iter 111500: T=0.33, Fitness=141.0, Mejor=151.9, Tasa_acept=72.6%
2025-10-23 06:46:57,425 - DEBUG - Iter 111500: T=0.33, Fitness_actual=141.0, Mejor=151.9
2025-10-23 06:47:15,149 - DEBUG - Iter 111600: T=0.33, Fitness_actual=142.2, Mejor=151.9
2025-10-23 06:47:32,875 - DEBUG - Iter 111700: T=0.33, Fitness_actual=141.3, Mejor=151.9
2025-10-23 06:47:50,655 - DEBUG - Iter 111800: T=0.33, Fitness_actual=140.5, Mejor=151.9
2025-10-23 06:48:08,372 - DEBUG - Iter 111900: T=0.33, Fitness_actual=142.3, Mejor=151.9
2025-10-23 06:48:26,083 - INFO -   Iter 112000 | Tiempo:  202.7min (84.4%) | T =     0.33 | Fitness =    142.0 | Mejor =    151.9 | Aceptación =  72.6%
2025-10-23 06:48:26,083 - INFO - Progreso iter 112000: T=0.33, Fitness=142.0, Mejor=151.9, Tasa_acept=72.6%
2025-10-23 06:48:26,086 - DEBUG - Iter 112000: T=0.33, Fitness_actual=142.0, Mejor=151.9
2025-10-23 06:48:43,830 - DEBUG - Iter 112100: T=0.33, Fitness_actual=142.0, Mejor=151.9
2025-10-23 06:49:01,571 - DEBUG - Iter 112200: T=0.33, Fitness_actual=140.0, Mejor=151.9
2025-10-23 06:49:19,329 - DEBUG - Iter 112300: T=0.33, Fitness_actual=140.8, Mejor=151.9
2025-10-23 06:49:37,107 - DEBUG - Iter 112400: T=0.33, Fitness_actual=140.9, Mejor=151.9
2025-10-23 06:49:54,881 - INFO -   Iter 112500 | Tiempo:  204.1min (85.1%) | T =     0.33 | Fitness =    140.9 | Mejor =    151.9 | Aceptación =  72.6%
2025-10-23 06:49:54,881 - INFO - Progreso iter 112500: T=0.33, Fitness=140.9, Mejor=151.9, Tasa_acept=72.6%
2025-10-23 06:49:54,882 - DEBUG - Iter 112500: T=0.33, Fitness_actual=140.9, Mejor=151.9
2025-10-23 06:50:12,662 - DEBUG - Iter 112600: T=0.33, Fitness_actual=140.8, Mejor=151.9
2025-10-23 06:50:30,452 - DEBUG - Iter 112700: T=0.32, Fitness_actual=140.5, Mejor=151.9
2025-10-23 06:50:48,245 - DEBUG - Iter 112800: T=0.32, Fitness_actual=139.2, Mejor=151.9
2025-10-23 06:51:06,174 - DEBUG - Iter 112900: T=0.32, Fitness_actual=137.3, Mejor=151.9
2025-10-23 06:51:23,960 - INFO -   Iter 113000 | Tiempo:  205.6min (85.7%) | T =     0.32 | Fitness =    137.2 | Mejor =    151.9 | Aceptación =  72.5%
2025-10-23 06:51:23,960 - INFO - Progreso iter 113000: T=0.32, Fitness=137.2, Mejor=151.9, Tasa_acept=72.5%
2025-10-23 06:51:23,962 - DEBUG - Iter 113000: T=0.32, Fitness_actual=137.2, Mejor=151.9
2025-10-23 06:51:41,773 - DEBUG - Iter 113100: T=0.32, Fitness_actual=135.3, Mejor=151.9
2025-10-23 06:51:59,719 - DEBUG - Iter 113200: T=0.32, Fitness_actual=137.3, Mejor=151.9
2025-10-23 06:52:17,617 - DEBUG - Iter 113300: T=0.32, Fitness_actual=138.4, Mejor=151.9
2025-10-23 06:52:35,563 - DEBUG - Iter 113400: T=0.32, Fitness_actual=138.5, Mejor=151.9
2025-10-23 06:52:53,458 - INFO -   Iter 113500 | Tiempo:  207.1min (86.3%) | T =     0.32 | Fitness =    137.0 | Mejor =    151.9 | Aceptación =  72.6%
2025-10-23 06:52:53,458 - INFO - Progreso iter 113500: T=0.32, Fitness=137.0, Mejor=151.9, Tasa_acept=72.6%
2025-10-23 06:52:53,459 - DEBUG - Iter 113500: T=0.32, Fitness_actual=137.0, Mejor=151.9
2025-10-23 06:53:11,377 - DEBUG - Iter 113600: T=0.32, Fitness_actual=137.1, Mejor=151.9
2025-10-23 06:53:29,333 - DEBUG - Iter 113700: T=0.32, Fitness_actual=136.8, Mejor=151.9
2025-10-23 06:53:47,332 - DEBUG - Iter 113800: T=0.32, Fitness_actual=135.8, Mejor=151.9
2025-10-23 06:54:05,274 - DEBUG - Iter 113900: T=0.31, Fitness_actual=135.7, Mejor=151.9
2025-10-23 06:54:23,216 - INFO -   Iter 114000 | Tiempo:  208.6min (86.9%) | T =     0.31 | Fitness =    136.4 | Mejor =    151.9 | Aceptación =  72.5%
2025-10-23 06:54:23,216 - INFO - Progreso iter 114000: T=0.31, Fitness=136.4, Mejor=151.9, Tasa_acept=72.5%
2025-10-23 06:54:23,217 - DEBUG - Iter 114000: T=0.31, Fitness_actual=136.4, Mejor=151.9
2025-10-23 06:54:41,193 - DEBUG - Iter 114100: T=0.31, Fitness_actual=136.7, Mejor=151.9
2025-10-23 06:54:59,181 - DEBUG - Iter 114200: T=0.31, Fitness_actual=138.7, Mejor=151.9
2025-10-23 06:55:17,181 - DEBUG - Iter 114300: T=0.31, Fitness_actual=137.6, Mejor=151.9
2025-10-23 06:55:35,316 - DEBUG - Iter 114400: T=0.31, Fitness_actual=138.5, Mejor=151.9
2025-10-23 06:55:53,445 - INFO -   Iter 114500 | Tiempo:  210.1min (87.5%) | T =     0.31 | Fitness =    139.1 | Mejor =    151.9 | Aceptación =  72.5%
2025-10-23 06:55:53,445 - INFO - Progreso iter 114500: T=0.31, Fitness=139.1, Mejor=151.9, Tasa_acept=72.5%
2025-10-23 06:55:53,449 - DEBUG - Iter 114500: T=0.31, Fitness_actual=139.1, Mejor=151.9
2025-10-23 06:56:11,723 - DEBUG - Iter 114600: T=0.31, Fitness_actual=139.5, Mejor=151.9
2025-10-23 06:56:29,906 - DEBUG - Iter 114700: T=0.31, Fitness_actual=139.3, Mejor=151.9
2025-10-23 06:56:48,085 - DEBUG - Iter 114800: T=0.31, Fitness_actual=140.3, Mejor=151.9
2025-10-23 06:57:06,253 - DEBUG - Iter 114900: T=0.31, Fitness_actual=139.2, Mejor=151.9
2025-10-23 06:57:24,447 - INFO -   Iter 115000 | Tiempo:  211.6min (88.2%) | T =     0.31 | Fitness =    139.2 | Mejor =    151.9 | Aceptación =  72.5%
2025-10-23 06:57:24,447 - INFO - Progreso iter 115000: T=0.31, Fitness=139.2, Mejor=151.9, Tasa_acept=72.5%
2025-10-23 06:57:24,448 - DEBUG - Iter 115000: T=0.31, Fitness_actual=139.2, Mejor=151.9
2025-10-23 06:57:42,604 - DEBUG - Iter 115100: T=0.31, Fitness_actual=140.4, Mejor=151.9
2025-10-23 06:58:00,801 - DEBUG - Iter 115200: T=0.30, Fitness_actual=139.3, Mejor=151.9
2025-10-23 06:58:19,074 - DEBUG - Iter 115300: T=0.30, Fitness_actual=139.5, Mejor=151.9
2025-10-23 06:58:37,306 - DEBUG - Iter 115400: T=0.30, Fitness_actual=139.1, Mejor=151.9
2025-10-23 06:58:55,541 - INFO -   Iter 115500 | Tiempo:  213.2min (88.8%) | T =     0.30 | Fitness =    140.8 | Mejor =    151.9 | Aceptación =  72.5%
2025-10-23 06:58:55,541 - INFO - Progreso iter 115500: T=0.30, Fitness=140.8, Mejor=151.9, Tasa_acept=72.5%
2025-10-23 06:58:55,542 - DEBUG - Iter 115500: T=0.30, Fitness_actual=140.8, Mejor=151.9
2025-10-23 06:59:13,824 - DEBUG - Iter 115600: T=0.30, Fitness_actual=139.1, Mejor=151.9
2025-10-23 06:59:32,058 - DEBUG - Iter 115700: T=0.30, Fitness_actual=141.0, Mejor=151.9
2025-10-23 06:59:50,359 - DEBUG - Iter 115800: T=0.30, Fitness_actual=141.6, Mejor=151.9
2025-10-23 07:00:08,656 - DEBUG - Iter 115900: T=0.30, Fitness_actual=139.9, Mejor=151.9
2025-10-23 07:00:26,943 - INFO -   Iter 116000 | Tiempo:  214.7min (89.4%) | T =     0.30 | Fitness =    140.9 | Mejor =    151.9 | Aceptación =  72.5%
2025-10-23 07:00:26,943 - INFO - Progreso iter 116000: T=0.30, Fitness=140.9, Mejor=151.9, Tasa_acept=72.5%
2025-10-23 07:00:26,946 - DEBUG - Iter 116000: T=0.30, Fitness_actual=140.9, Mejor=151.9
2025-10-23 07:00:45,252 - DEBUG - Iter 116100: T=0.30, Fitness_actual=140.4, Mejor=151.9
2025-10-23 07:01:03,680 - DEBUG - Iter 116200: T=0.30, Fitness_actual=140.3, Mejor=151.9
2025-10-23 07:01:22,072 - DEBUG - Iter 116300: T=0.30, Fitness_actual=137.5, Mejor=151.9
2025-10-23 07:01:40,440 - DEBUG - Iter 116400: T=0.30, Fitness_actual=137.6, Mejor=151.9
2025-10-23 07:01:58,815 - INFO -   Iter 116500 | Tiempo:  216.2min (90.1%) | T =     0.29 | Fitness =    138.4 | Mejor =    151.9 | Aceptación =  72.5%
2025-10-23 07:01:58,816 - INFO - Progreso iter 116500: T=0.29, Fitness=138.4, Mejor=151.9, Tasa_acept=72.5%
2025-10-23 07:01:58,817 - DEBUG - Iter 116500: T=0.29, Fitness_actual=138.4, Mejor=151.9
2025-10-23 07:02:17,219 - DEBUG - Iter 116600: T=0.29, Fitness_actual=138.5, Mejor=151.9
2025-10-23 07:02:35,573 - DEBUG - Iter 116700: T=0.29, Fitness_actual=139.8, Mejor=151.9
2025-10-23 07:02:53,983 - DEBUG - Iter 116800: T=0.29, Fitness_actual=138.9, Mejor=151.9
2025-10-23 07:03:12,386 - DEBUG - Iter 116900: T=0.29, Fitness_actual=140.9, Mejor=151.9
2025-10-23 07:03:30,833 - INFO -   Iter 117000 | Tiempo:  217.7min (90.7%) | T =     0.29 | Fitness =    142.2 | Mejor =    151.9 | Aceptación =  72.5%
2025-10-23 07:03:30,833 - INFO - Progreso iter 117000: T=0.29, Fitness=142.2, Mejor=151.9, Tasa_acept=72.5%
2025-10-23 07:03:30,834 - DEBUG - Iter 117000: T=0.29, Fitness_actual=142.2, Mejor=151.9
2025-10-23 07:03:49,267 - DEBUG - Iter 117100: T=0.29, Fitness_actual=142.1, Mejor=151.9
2025-10-23 07:04:07,715 - DEBUG - Iter 117200: T=0.29, Fitness_actual=141.3, Mejor=151.9
2025-10-23 07:04:26,160 - DEBUG - Iter 117300: T=0.29, Fitness_actual=139.1, Mejor=151.9
2025-10-23 07:04:44,635 - DEBUG - Iter 117400: T=0.29, Fitness_actual=140.1, Mejor=151.9
2025-10-23 07:05:03,130 - INFO -   Iter 117500 | Tiempo:  219.3min (91.4%) | T =     0.29 | Fitness =    140.8 | Mejor =    151.9 | Aceptación =  72.5%
2025-10-23 07:05:03,130 - INFO - Progreso iter 117500: T=0.29, Fitness=140.8, Mejor=151.9, Tasa_acept=72.5%
2025-10-23 07:05:03,131 - DEBUG - Iter 117500: T=0.29, Fitness_actual=140.8, Mejor=151.9
2025-10-23 07:05:21,597 - DEBUG - Iter 117600: T=0.29, Fitness_actual=140.9, Mejor=151.9
2025-10-23 07:05:40,130 - DEBUG - Iter 117700: T=0.29, Fitness_actual=140.6, Mejor=151.9
2025-10-23 07:05:58,617 - DEBUG - Iter 117800: T=0.28, Fitness_actual=139.6, Mejor=151.9
2025-10-23 07:06:17,213 - DEBUG - Iter 117900: T=0.28, Fitness_actual=140.8, Mejor=151.9
2025-10-23 07:06:35,745 - INFO -   Iter 118000 | Tiempo:  220.8min (92.0%) | T =     0.28 | Fitness =    140.7 | Mejor =    151.9 | Aceptación =  72.5%
2025-10-23 07:06:35,745 - INFO - Progreso iter 118000: T=0.28, Fitness=140.7, Mejor=151.9, Tasa_acept=72.5%
2025-10-23 07:06:35,746 - DEBUG - Iter 118000: T=0.28, Fitness_actual=140.7, Mejor=151.9
2025-10-23 07:06:54,312 - DEBUG - Iter 118100: T=0.28, Fitness_actual=141.8, Mejor=151.9
2025-10-23 07:07:12,994 - DEBUG - Iter 118200: T=0.28, Fitness_actual=140.6, Mejor=151.9
2025-10-23 07:07:31,574 - DEBUG - Iter 118300: T=0.28, Fitness_actual=141.1, Mejor=151.9
2025-10-23 07:07:50,139 - DEBUG - Iter 118400: T=0.28, Fitness_actual=140.8, Mejor=151.9
2025-10-23 07:08:08,731 - INFO -   Iter 118500 | Tiempo:  222.4min (92.7%) | T =     0.28 | Fitness =    141.0 | Mejor =    151.9 | Aceptación =  72.4%
2025-10-23 07:08:08,731 - INFO - Progreso iter 118500: T=0.28, Fitness=141.0, Mejor=151.9, Tasa_acept=72.4%
2025-10-23 07:08:08,732 - DEBUG - Iter 118500: T=0.28, Fitness_actual=141.0, Mejor=151.9
2025-10-23 07:08:27,371 - DEBUG - Iter 118600: T=0.28, Fitness_actual=141.0, Mejor=151.9
2025-10-23 07:08:45,970 - DEBUG - Iter 118700: T=0.28, Fitness_actual=142.0, Mejor=151.9
2025-10-23 07:09:04,620 - DEBUG - Iter 118800: T=0.28, Fitness_actual=141.4, Mejor=151.9
2025-10-23 07:09:23,219 - DEBUG - Iter 118900: T=0.28, Fitness_actual=142.4, Mejor=151.9
2025-10-23 07:09:41,831 - INFO -   Iter 119000 | Tiempo:  223.9min (93.3%) | T =     0.28 | Fitness =    140.4 | Mejor =    151.9 | Aceptación =  72.4%
2025-10-23 07:09:41,831 - INFO - Progreso iter 119000: T=0.28, Fitness=140.4, Mejor=151.9, Tasa_acept=72.4%
2025-10-23 07:09:41,834 - DEBUG - Iter 119000: T=0.28, Fitness_actual=140.4, Mejor=151.9
2025-10-23 07:10:00,517 - DEBUG - Iter 119100: T=0.28, Fitness_actual=141.0, Mejor=151.9
2025-10-23 07:10:19,163 - DEBUG - Iter 119200: T=0.28, Fitness_actual=139.5, Mejor=151.9
2025-10-23 07:10:37,853 - DEBUG - Iter 119300: T=0.27, Fitness_actual=139.0, Mejor=151.9
2025-10-23 07:10:56,549 - DEBUG - Iter 119400: T=0.27, Fitness_actual=140.1, Mejor=151.9
2025-10-23 07:11:15,314 - INFO -   Iter 119500 | Tiempo:  225.5min (94.0%) | T =     0.27 | Fitness =    139.8 | Mejor =    151.9 | Aceptación =  72.4%
2025-10-23 07:11:15,314 - INFO - Progreso iter 119500: T=0.27, Fitness=139.8, Mejor=151.9, Tasa_acept=72.4%
2025-10-23 07:11:15,315 - DEBUG - Iter 119500: T=0.27, Fitness_actual=139.8, Mejor=151.9
2025-10-23 07:11:34,078 - DEBUG - Iter 119600: T=0.27, Fitness_actual=139.8, Mejor=151.9
2025-10-23 07:11:52,865 - DEBUG - Iter 119700: T=0.27, Fitness_actual=138.7, Mejor=151.9
2025-10-23 07:12:11,634 - DEBUG - Iter 119800: T=0.27, Fitness_actual=139.6, Mejor=151.9
2025-10-23 07:12:30,601 - DEBUG - Iter 119900: T=0.27, Fitness_actual=139.7, Mejor=151.9
2025-10-23 07:12:49,412 - INFO -   Iter 120000 | Tiempo:  227.1min (94.6%) | T =     0.27 | Fitness =    139.7 | Mejor =    151.9 | Aceptación =  72.3%
2025-10-23 07:12:49,412 - INFO - Progreso iter 120000: T=0.27, Fitness=139.7, Mejor=151.9, Tasa_acept=72.3%
2025-10-23 07:12:49,413 - DEBUG - Iter 120000: T=0.27, Fitness_actual=139.7, Mejor=151.9
2025-10-23 07:13:08,333 - DEBUG - Iter 120100: T=0.27, Fitness_actual=139.6, Mejor=151.9
2025-10-23 07:13:27,223 - DEBUG - Iter 120200: T=0.27, Fitness_actual=139.7, Mejor=151.9
2025-10-23 07:13:46,114 - DEBUG - Iter 120300: T=0.27, Fitness_actual=139.3, Mejor=151.9
2025-10-23 07:14:05,016 - DEBUG - Iter 120400: T=0.27, Fitness_actual=140.5, Mejor=151.9
2025-10-23 07:14:23,887 - INFO -   Iter 120500 | Tiempo:  228.6min (95.3%) | T =     0.27 | Fitness =    140.5 | Mejor =    151.9 | Aceptación =  72.3%
2025-10-23 07:14:23,887 - INFO - Progreso iter 120500: T=0.27, Fitness=140.5, Mejor=151.9, Tasa_acept=72.3%
2025-10-23 07:14:23,891 - DEBUG - Iter 120500: T=0.27, Fitness_actual=140.5, Mejor=151.9
2025-10-23 07:14:42,774 - DEBUG - Iter 120600: T=0.27, Fitness_actual=140.3, Mejor=151.9
2025-10-23 07:15:01,621 - DEBUG - Iter 120700: T=0.27, Fitness_actual=139.3, Mejor=151.9
2025-10-23 07:15:20,511 - DEBUG - Iter 120800: T=0.26, Fitness_actual=139.4, Mejor=151.9
2025-10-23 07:15:39,439 - DEBUG - Iter 120900: T=0.26, Fitness_actual=140.4, Mejor=151.9
2025-10-23 07:15:58,424 - INFO -   Iter 121000 | Tiempo:  230.2min (95.9%) | T =     0.26 | Fitness =    140.4 | Mejor =    151.9 | Aceptación =  72.3%
2025-10-23 07:15:58,424 - INFO - Progreso iter 121000: T=0.26, Fitness=140.4, Mejor=151.9, Tasa_acept=72.3%
2025-10-23 07:15:58,425 - DEBUG - Iter 121000: T=0.26, Fitness_actual=140.4, Mejor=151.9
2025-10-23 07:16:17,559 - DEBUG - Iter 121100: T=0.26, Fitness_actual=140.3, Mejor=151.9
2025-10-23 07:16:36,532 - DEBUG - Iter 121200: T=0.26, Fitness_actual=140.2, Mejor=151.9
2025-10-23 07:16:55,494 - DEBUG - Iter 121300: T=0.26, Fitness_actual=139.4, Mejor=151.9
2025-10-23 07:17:14,603 - DEBUG - Iter 121400: T=0.26, Fitness_actual=139.6, Mejor=151.9
2025-10-23 07:17:33,572 - INFO -   Iter 121500 | Tiempo:  231.8min (96.6%) | T =     0.26 | Fitness =    137.6 | Mejor =    151.9 | Aceptación =  72.2%
2025-10-23 07:17:33,573 - INFO - Progreso iter 121500: T=0.26, Fitness=137.6, Mejor=151.9, Tasa_acept=72.2%
2025-10-23 07:17:33,574 - DEBUG - Iter 121500: T=0.26, Fitness_actual=137.6, Mejor=151.9
2025-10-23 07:17:52,546 - DEBUG - Iter 121600: T=0.26, Fitness_actual=140.6, Mejor=151.9
2025-10-23 07:18:11,556 - DEBUG - Iter 121700: T=0.26, Fitness_actual=140.8, Mejor=151.9
2025-10-23 07:18:30,551 - DEBUG - Iter 121800: T=0.26, Fitness_actual=141.2, Mejor=151.9
2025-10-23 07:18:49,569 - DEBUG - Iter 121900: T=0.26, Fitness_actual=141.4, Mejor=151.9
2025-10-23 07:19:08,632 - INFO -   Iter 122000 | Tiempo:  233.4min (97.2%) | T =     0.26 | Fitness =    141.3 | Mejor =    151.9 | Aceptación =  72.2%
2025-10-23 07:19:08,632 - INFO - Progreso iter 122000: T=0.26, Fitness=141.3, Mejor=151.9, Tasa_acept=72.2%
2025-10-23 07:19:08,633 - DEBUG - Iter 122000: T=0.26, Fitness_actual=141.3, Mejor=151.9
2025-10-23 07:19:27,688 - DEBUG - Iter 122100: T=0.26, Fitness_actual=140.0, Mejor=151.9
2025-10-23 07:19:46,783 - DEBUG - Iter 122200: T=0.26, Fitness_actual=139.7, Mejor=151.9
2025-10-23 07:20:05,907 - DEBUG - Iter 122300: T=0.25, Fitness_actual=139.4, Mejor=151.9
2025-10-23 07:20:25,040 - DEBUG - Iter 122400: T=0.25, Fitness_actual=138.5, Mejor=151.9
2025-10-23 07:20:44,213 - INFO -   Iter 122500 | Tiempo:  235.0min (97.9%) | T =     0.25 | Fitness =    138.6 | Mejor =    151.9 | Aceptación =  72.2%
2025-10-23 07:20:44,213 - INFO - Progreso iter 122500: T=0.25, Fitness=138.6, Mejor=151.9, Tasa_acept=72.2%
2025-10-23 07:20:44,214 - DEBUG - Iter 122500: T=0.25, Fitness_actual=138.6, Mejor=151.9
2025-10-23 07:21:03,316 - DEBUG - Iter 122600: T=0.25, Fitness_actual=138.4, Mejor=151.9
2025-10-23 07:21:22,591 - DEBUG - Iter 122700: T=0.25, Fitness_actual=138.2, Mejor=151.9
2025-10-23 07:21:41,743 - DEBUG - Iter 122800: T=0.25, Fitness_actual=137.3, Mejor=151.9
2025-10-23 07:22:00,942 - DEBUG - Iter 122900: T=0.25, Fitness_actual=137.5, Mejor=151.9
2025-10-23 07:22:20,197 - INFO -   Iter 123000 | Tiempo:  236.6min (98.6%) | T =     0.25 | Fitness =    139.7 | Mejor =    151.9 | Aceptación =  72.2%
2025-10-23 07:22:20,198 - INFO - Progreso iter 123000: T=0.25, Fitness=139.7, Mejor=151.9, Tasa_acept=72.2%
2025-10-23 07:22:20,199 - DEBUG - Iter 123000: T=0.25, Fitness_actual=139.7, Mejor=151.9
2025-10-23 07:22:39,472 - DEBUG - Iter 123100: T=0.25, Fitness_actual=140.3, Mejor=151.9
2025-10-23 07:22:58,662 - DEBUG - Iter 123200: T=0.25, Fitness_actual=140.2, Mejor=151.9
2025-10-23 07:23:17,860 - DEBUG - Iter 123300: T=0.25, Fitness_actual=140.6, Mejor=151.9
2025-10-23 07:23:37,099 - DEBUG - Iter 123400: T=0.25, Fitness_actual=140.5, Mejor=151.9
2025-10-23 07:23:56,301 - INFO -   Iter 123500 | Tiempo:  238.2min (99.2%) | T =     0.25 | Fitness =    140.9 | Mejor =    151.9 | Aceptación =  72.2%
2025-10-23 07:23:56,301 - INFO - Progreso iter 123500: T=0.25, Fitness=140.9, Mejor=151.9, Tasa_acept=72.2%
2025-10-23 07:23:56,302 - DEBUG - Iter 123500: T=0.25, Fitness_actual=140.9, Mejor=151.9
2025-10-23 07:24:15,514 - DEBUG - Iter 123600: T=0.25, Fitness_actual=141.0, Mejor=151.9
2025-10-23 07:24:34,827 - DEBUG - Iter 123700: T=0.25, Fitness_actual=141.0, Mejor=151.9
2025-10-23 07:24:54,087 - DEBUG - Iter 123800: T=0.25, Fitness_actual=139.9, Mejor=151.9
2025-10-23 07:25:12,898 - DEBUG - Iter 123900: T=0.25, Fitness_actual=139.9, Mejor=151.9
2025-10-23 07:25:31,794 - INFO -   Iter 124000 | Tiempo:  239.8min (99.9%) | T =     0.24 | Fitness =    138.5 | Mejor =    151.9 | Aceptación =  72.1%
2025-10-23 07:25:31,794 - INFO - Progreso iter 124000: T=0.24, Fitness=138.5, Mejor=151.9, Tasa_acept=72.1%
2025-10-23 07:25:31,796 - DEBUG - Iter 124000: T=0.24, Fitness_actual=138.5, Mejor=151.9
2025-10-23 07:25:46,372 - INFO - ⏰ Tiempo máximo alcanzado: 240.0 minutos
2025-10-23 07:25:46,768 - INFO - 💾 Gráfica guardada: graficas\evolucion_fitness_sa_23_07_25.png
2025-10-23 07:25:46,768 - INFO - ================================================================================
2025-10-23 07:25:46,769 - INFO - ✅ ENFRIAMIENTO SIMULADO COMPLETADO
2025-10-23 07:25:46,769 - INFO - ================================================================================
2025-10-23 07:25:46,769 - INFO - Iteraciones: 124,078
2025-10-23 07:25:46,769 - INFO - Tiempo ejecución: 240.00 minutos
2025-10-23 07:25:46,769 - INFO - Fitness inicial: 99.8
2025-10-23 07:25:46,769 - INFO - Fitness final: 151.9
2025-10-23 07:25:46,770 - INFO - Mejora: +52.1 (+52.21%)
2025-10-23 07:25:46,770 - INFO - Mejoras encontradas: 357
2025-10-23 07:25:46,770 - INFO - Tasa aceptación: 72.08%
2025-10-23 07:25:46,770 - INFO - ================================================================================
2025-10-23 07:25:46,770 - INFO - ================================================================================
2025-10-23 07:25:46,770 - INFO - ✅ ENFRIAMIENTO SIMULADO COMPLETADO
2025-10-23 07:25:46,771 - INFO - ================================================================================
2025-10-23 07:25:46,771 - INFO - 
2025-10-23 07:25:46,771 - INFO - 📈 Estadísticas:
2025-10-23 07:25:46,771 - INFO -   • Iteraciones realizadas: 124,078
2025-10-23 07:25:46,771 - INFO -   • Tiempo de ejecución: 240.00 minutos (4.00 horas)
2025-10-23 07:25:46,771 - INFO -   • Temperatura final: 0.2444
2025-10-23 07:25:46,772 - INFO -   • Total aceptaciones: 89,436 (72.1%)
2025-10-23 07:25:46,772 - INFO -   • Total rechazos: 34,641
2025-10-23 07:25:46,772 - INFO -   • Mejoras encontradas: 357
2025-10-23 07:25:46,772 - INFO - 
2025-10-23 07:25:46,772 - INFO - 🏆 Resultados:
2025-10-23 07:25:46,773 - INFO -   • Fitness inicial: 99.8
2025-10-23 07:25:46,773 - INFO -   • Fitness final: 151.9
2025-10-23 07:25:46,773 - INFO -   • Mejora absoluta: +52.1
2025-10-23 07:25:46,773 - INFO -   • Mejora porcentual: +52.21%
2025-10-23 07:25:46,773 - INFO -   • Puntos totales: 16644
2025-10-23 07:25:46,773 - INFO -   • Tiempo total: 252.7h
2025-10-23 07:25:46,774 - INFO -   • Distancia total: 164.0km
2025-10-23 07:25:46,774 - INFO - ================================================================================
2025-10-23 07:25:46,774 - INFO - ================================================================================
2025-10-23 07:25:46,774 - INFO - 📋 ANÁLISIS DE LA SOLUCIÓN FINAL
2025-10-23 07:25:46,774 - INFO - ================================================================================
2025-10-23 07:25:47,289 - INFO - 💾 Resultados exportados a: resultados_sa_standalone_20251023_072546.json
2025-10-23 07:25:47,290 - INFO - 
2025-10-23 07:25:47,290 - INFO - ✅ Resultados guardados exitosamente:
2025-10-23 07:25:47,290 - INFO -    • JSON: resultados_sa_standalone_20251023_072546.json
2025-10-23 07:25:47,291 - INFO -    • Log: logs\23_03_25_sa.log
2025-10-23 07:25:47,291 - INFO -    • Gráfica: graficas/evolucion_fitness_sa_*.png
2025-10-23 07:25:47,291 - INFO - ✅ Ejecución completada exitosamente!
