2025-10-23 03:24:46,625 - INFO - 📝 Log iniciado: logs\23_03_24_sa.log
2025-10-23 03:24:46,626 - INFO - 🎲 Modo 1: Enfriamiento Simulado desde solución aleatoria
2025-10-23 03:24:46,626 - INFO - ================================================================================
2025-10-23 03:24:46,627 - INFO - 🔥 INICIANDO ENFRIAMIENTO SIMULADO
2025-10-23 03:24:46,627 - INFO - ================================================================================
2025-10-23 03:24:46,627 - INFO - 🎲 Generando solución inicial aleatoria...
2025-10-23 03:24:47,106 - INFO - Solución inicial creada - Fitness: 99.8, Puntos: 15233
2025-10-23 03:24:47,107 - INFO -   ✅ La solución del GA es válida (sin duplicados).
2025-10-23 03:24:47,109 - INFO - 📊 Configuración para Enfriamiento Simulado:
2025-10-23 03:24:47,110 - INFO -   • Temperatura inicial: 1.0
2025-10-23 03:24:47,110 - INFO -   • Temperatura mínima: 0.1
2025-10-23 03:24:47,110 - INFO -   • Tipo de enfriamiento: 🔄 ADAPTATIVO (lineal por tiempo)
2025-10-23 03:24:47,110 - INFO -   • Máx. tiempo: 240.0 minutos (4.0 horas)
2025-10-23 03:24:47,110 - INFO -   • Máx. iter. sin mejora: 999,999
2025-10-23 03:24:47,110 - INFO -   • Usar optimización 2-opt: ✅ SÍ
2025-10-23 03:24:47,111 - INFO -   • Fitness inicial (REAL): 99.8
2025-10-23 03:24:47,111 - INFO -   • Puntos iniciales (REAL): 15233
2025-10-23 03:24:47,111 - INFO - ================================================================================
2025-10-23 03:24:47,714 - INFO - 🔄 Iniciando búsqueda...
2025-10-23 03:24:47,714 - INFO - Iniciando búsqueda por vecindario
2025-10-23 03:24:47,715 - INFO - Configuración: T_inicial=1.0, alpha=0.9995, max_tiempo=14400.0s, usar_2opt=True
2025-10-23 03:24:47,715 - INFO - --- Cambiando a Fase: Inicial (Exploración) (Progreso: 0.0%) ---
2025-10-23 03:24:47,720 - DEBUG - Iter 0: T=1.00, Fitness_actual=99.8, Mejor=99.8
2025-10-23 03:24:47,720 - INFO - 🌟 MEJORA #1 en iter 0: Fitness=99.8 (+0.0), Puntos=15233
2025-10-23 03:24:48,066 - INFO - 🌟 MEJORA #2 en iter 3: Fitness=100.8 (+1.0), Puntos=15231
2025-10-23 03:24:48,215 - INFO - 🌟 MEJORA #3 en iter 6: Fitness=100.9 (+0.1), Puntos=15237
2025-10-23 03:24:48,502 - INFO - 🌟 MEJORA #4 en iter 13: Fitness=101.8 (+0.9), Puntos=15228
2025-10-23 03:24:48,915 - INFO - 🌟 MEJORA #5 en iter 22: Fitness=101.8 (+0.0), Puntos=14336
2025-10-23 03:24:48,915 - INFO -   ✨ Mejora #5 en iteración 23: Fitness = 101.8 | Puntos = 14336 | T = 1.00
2025-10-23 03:24:49,072 - INFO - 🌟 MEJORA #6 en iter 26: Fitness=102.7 (+0.9), Puntos=14321
2025-10-23 03:24:49,586 - INFO - 🌟 MEJORA #7 en iter 38: Fitness=102.7 (+0.0), Puntos=14372
2025-10-23 03:24:49,663 - INFO - 🌟 MEJORA #8 en iter 40: Fitness=103.2 (+0.5), Puntos=14425
2025-10-23 03:24:49,850 - INFO - 🌟 MEJORA #9 en iter 45: Fitness=103.3 (+0.1), Puntos=14430
2025-10-23 03:24:49,886 - INFO - 🌟 MEJORA #10 en iter 46: Fitness=103.3 (+0.0), Puntos=14433
2025-10-23 03:24:49,886 - INFO -   ✨ Mejora #10 en iteración 47: Fitness = 103.3 | Puntos = 14433 | T = 1.00
2025-10-23 03:24:49,930 - INFO - 🌟 MEJORA #11 en iter 47: Fitness=104.6 (+1.2), Puntos=14455
2025-10-23 03:24:50,074 - INFO - 🌟 MEJORA #12 en iter 51: Fitness=105.0 (+0.4), Puntos=14500
2025-10-23 03:24:50,301 - INFO - 🌟 MEJORA #13 en iter 57: Fitness=105.1 (+0.1), Puntos=14508
2025-10-23 03:24:50,459 - INFO - 🌟 MEJORA #14 en iter 61: Fitness=105.2 (+0.1), Puntos=14516
2025-10-23 03:24:50,496 - INFO - 🌟 MEJORA #15 en iter 62: Fitness=105.2 (+0.0), Puntos=14516
2025-10-23 03:24:50,496 - INFO -   ✨ Mejora #15 en iteración 63: Fitness = 105.2 | Puntos = 14516 | T = 1.00
2025-10-23 03:24:50,534 - INFO - 🌟 MEJORA #16 en iter 63: Fitness=105.2 (+0.0), Puntos=14516
2025-10-23 03:24:50,673 - INFO - 🌟 MEJORA #17 en iter 67: Fitness=105.2 (+0.0), Puntos=14516
2025-10-23 03:24:50,709 - INFO - 🌟 MEJORA #18 en iter 68: Fitness=105.3 (+0.1), Puntos=14524
2025-10-23 03:24:51,156 - INFO - 🌟 MEJORA #19 en iter 80: Fitness=108.2 (+2.9), Puntos=14518
2025-10-23 03:24:51,329 - INFO - 🌟 MEJORA #20 en iter 85: Fitness=108.3 (+0.1), Puntos=14529
2025-10-23 03:24:51,330 - INFO -   ✨ Mejora #20 en iteración 86: Fitness = 108.3 | Puntos = 14529 | T = 1.00
2025-10-23 03:24:51,399 - INFO - 🌟 MEJORA #21 en iter 87: Fitness=108.3 (+0.0), Puntos=14529
2025-10-23 03:24:51,628 - INFO - 🌟 MEJORA #22 en iter 94: Fitness=108.3 (+0.0), Puntos=14529
2025-10-23 03:24:51,860 - DEBUG - Iter 100: T=1.00, Fitness_actual=108.3, Mejor=108.3
2025-10-23 03:24:55,183 - INFO - 🌟 MEJORA #23 en iter 193: Fitness=108.6 (+0.3), Puntos=14611
2025-10-23 03:24:55,257 - INFO - 🌟 MEJORA #24 en iter 195: Fitness=108.6 (+0.0), Puntos=14611
2025-10-23 03:24:55,300 - INFO - 🌟 MEJORA #25 en iter 196: Fitness=108.6 (+0.0), Puntos=14611
2025-10-23 03:24:55,300 - INFO -   ✨ Mejora #25 en iteración 197: Fitness = 108.6 | Puntos = 14611 | T = 1.00
2025-10-23 03:24:55,341 - INFO - 🌟 MEJORA #26 en iter 197: Fitness=108.6 (+0.0), Puntos=14611
2025-10-23 03:24:55,455 - DEBUG - Iter 200: T=1.00, Fitness_actual=108.0, Mejor=108.6
2025-10-23 03:24:56,814 - INFO - 🌟 MEJORA #27 en iter 239: Fitness=109.2 (+0.6), Puntos=14876
2025-10-23 03:24:59,185 - DEBUG - Iter 300: T=1.00, Fitness_actual=108.4, Mejor=109.2
2025-10-23 03:24:59,614 - INFO - 🌟 MEJORA #28 en iter 311: Fitness=111.3 (+2.1), Puntos=14827
2025-10-23 03:24:59,657 - INFO - 🌟 MEJORA #29 en iter 312: Fitness=111.3 (+0.0), Puntos=14827
2025-10-23 03:25:00,559 - INFO - 🌟 MEJORA #30 en iter 335: Fitness=111.5 (+0.2), Puntos=14800
2025-10-23 03:25:00,559 - INFO -   ✨ Mejora #30 en iteración 336: Fitness = 111.5 | Puntos = 14800 | T = 1.00
2025-10-23 03:25:00,644 - INFO - 🌟 MEJORA #31 en iter 337: Fitness=111.6 (+0.1), Puntos=14811
2025-10-23 03:25:00,687 - INFO - 🌟 MEJORA #32 en iter 338: Fitness=111.9 (+0.3), Puntos=14836
2025-10-23 03:25:01,025 - INFO - 🌟 MEJORA #33 en iter 346: Fitness=112.7 (+0.9), Puntos=14822
2025-10-23 03:25:01,066 - INFO - 🌟 MEJORA #34 en iter 347: Fitness=112.8 (+0.1), Puntos=14830
2025-10-23 03:25:03,318 - DEBUG - Iter 400: T=1.00, Fitness_actual=111.8, Mejor=112.8
2025-10-23 03:25:03,539 - INFO - 🌟 MEJORA #35 en iter 405: Fitness=113.4 (+0.6), Puntos=14689
2025-10-23 03:25:03,539 - INFO -   ✨ Mejora #35 en iteración 406: Fitness = 113.4 | Puntos = 14689 | T = 1.00
2025-10-23 03:25:04,048 - INFO - 🌟 MEJORA #36 en iter 417: Fitness=113.5 (+0.1), Puntos=14701
2025-10-23 03:25:04,091 - INFO - 🌟 MEJORA #37 en iter 418: Fitness=114.5 (+1.0), Puntos=14701
2025-10-23 03:25:04,210 - INFO - 🌟 MEJORA #38 en iter 421: Fitness=114.5 (+0.0), Puntos=14701
2025-10-23 03:25:04,250 - INFO - 🌟 MEJORA #39 en iter 422: Fitness=114.5 (+0.0), Puntos=14903
2025-10-23 03:25:04,290 - INFO - 🌟 MEJORA #40 en iter 423: Fitness=114.5 (+0.0), Puntos=14903
2025-10-23 03:25:04,290 - INFO -   ✨ Mejora #40 en iteración 424: Fitness = 114.5 | Puntos = 14903 | T = 1.00
2025-10-23 03:25:04,530 - INFO - 🌟 MEJORA #41 en iter 429: Fitness=114.5 (+0.0), Puntos=14907
2025-10-23 03:25:04,652 - INFO - 🌟 MEJORA #42 en iter 432: Fitness=114.5 (+0.0), Puntos=14907
2025-10-23 03:25:07,500 - INFO -   Iter   500 | Tiempo:    0.3min ( 0.1%) | T =     1.00 | Fitness =    112.3 | Mejor =    114.5 | Aceptación =  73.0%
2025-10-23 03:25:07,500 - INFO - Progreso iter 500: T=1.00, Fitness=112.3, Mejor=114.5, Tasa_acept=73.0%
2025-10-23 03:25:07,503 - DEBUG - Iter 500: T=1.00, Fitness_actual=112.3, Mejor=114.5
2025-10-23 03:25:11,650 - DEBUG - Iter 600: T=1.00, Fitness_actual=113.7, Mejor=114.5
2025-10-23 03:25:13,864 - INFO - 🌟 MEJORA #43 en iter 651: Fitness=114.9 (+0.4), Puntos=14750
2025-10-23 03:25:13,955 - INFO - 🌟 MEJORA #44 en iter 653: Fitness=114.9 (+0.0), Puntos=14750
2025-10-23 03:25:14,095 - INFO - 🌟 MEJORA #45 en iter 656: Fitness=114.9 (+0.0), Puntos=14750
2025-10-23 03:25:14,095 - INFO -   ✨ Mejora #45 en iteración 657: Fitness = 114.9 | Puntos = 14750 | T = 0.99
2025-10-23 03:25:14,177 - INFO - 🌟 MEJORA #46 en iter 658: Fitness=114.9 (+0.0), Puntos=14750
2025-10-23 03:25:14,331 - INFO - 🌟 MEJORA #47 en iter 662: Fitness=115.9 (+0.9), Puntos=14745
2025-10-23 03:25:16,089 - DEBUG - Iter 700: T=0.99, Fitness_actual=114.5, Mejor=115.9
2025-10-23 03:25:20,525 - DEBUG - Iter 800: T=0.99, Fitness_actual=108.4, Mejor=115.9
2025-10-23 03:25:24,655 - DEBUG - Iter 900: T=0.99, Fitness_actual=108.6, Mejor=115.9
2025-10-23 03:25:28,749 - INFO -   Iter  1000 | Tiempo:    0.7min ( 0.3%) | T =     0.99 | Fitness =    108.3 | Mejor =    115.9 | Aceptación =  72.8%
2025-10-23 03:25:28,749 - INFO - Progreso iter 1000: T=0.99, Fitness=108.3, Mejor=115.9, Tasa_acept=72.8%
2025-10-23 03:25:28,750 - DEBUG - Iter 1000: T=0.99, Fitness_actual=108.3, Mejor=115.9
2025-10-23 03:25:32,875 - DEBUG - Iter 1100: T=0.99, Fitness_actual=106.8, Mejor=115.9
2025-10-23 03:25:37,342 - DEBUG - Iter 1200: T=0.99, Fitness_actual=110.4, Mejor=115.9
2025-10-23 03:25:38,775 - INFO - 🌟 MEJORA #48 en iter 1232: Fitness=116.5 (+0.6), Puntos=14389
2025-10-23 03:25:38,825 - INFO - 🌟 MEJORA #49 en iter 1233: Fitness=116.5 (+0.0), Puntos=14389
2025-10-23 03:25:38,906 - INFO - 🌟 MEJORA #50 en iter 1235: Fitness=116.5 (+0.0), Puntos=14389
2025-10-23 03:25:38,906 - INFO -   ✨ Mejora #50 en iteración 1236: Fitness = 116.5 | Puntos = 14389 | T = 0.99
2025-10-23 03:25:38,987 - INFO - 🌟 MEJORA #51 en iter 1237: Fitness=116.8 (+0.3), Puntos=14420
2025-10-23 03:25:39,320 - INFO - 🌟 MEJORA #52 en iter 1245: Fitness=116.9 (+0.1), Puntos=14429
2025-10-23 03:25:39,485 - INFO - 🌟 MEJORA #53 en iter 1249: Fitness=116.9 (+0.0), Puntos=14431
2025-10-23 03:25:39,525 - INFO - 🌟 MEJORA #54 en iter 1250: Fitness=116.9 (+0.0), Puntos=14431
2025-10-23 03:25:39,566 - INFO - 🌟 MEJORA #55 en iter 1251: Fitness=116.9 (+0.0), Puntos=14431
2025-10-23 03:25:39,566 - INFO -   ✨ Mejora #55 en iteración 1252: Fitness = 116.9 | Puntos = 14431 | T = 0.99
2025-10-23 03:25:41,610 - DEBUG - Iter 1300: T=0.99, Fitness_actual=111.4, Mejor=116.9
2025-10-23 03:25:45,894 - DEBUG - Iter 1400: T=0.99, Fitness_actual=110.2, Mejor=116.9
2025-10-23 03:25:50,445 - INFO -   Iter  1500 | Tiempo:    1.1min ( 0.4%) | T =     0.99 | Fitness =    114.0 | Mejor =    116.9 | Aceptación =  72.1%
2025-10-23 03:25:50,445 - INFO - Progreso iter 1500: T=0.99, Fitness=114.0, Mejor=116.9, Tasa_acept=72.1%
2025-10-23 03:25:50,447 - DEBUG - Iter 1500: T=0.99, Fitness_actual=114.0, Mejor=116.9
2025-10-23 03:25:55,004 - DEBUG - Iter 1600: T=0.99, Fitness_actual=111.2, Mejor=116.9
2025-10-23 03:25:59,498 - DEBUG - Iter 1700: T=0.99, Fitness_actual=108.0, Mejor=116.9
2025-10-23 03:26:03,916 - DEBUG - Iter 1800: T=0.99, Fitness_actual=107.5, Mejor=116.9
2025-10-23 03:26:08,543 - DEBUG - Iter 1900: T=0.98, Fitness_actual=104.8, Mejor=116.9
2025-10-23 03:26:13,145 - INFO -   Iter  2000 | Tiempo:    1.4min ( 0.6%) | T =     0.98 | Fitness =    104.0 | Mejor =    116.9 | Aceptación =  72.3%
2025-10-23 03:26:13,145 - INFO - Progreso iter 2000: T=0.98, Fitness=104.0, Mejor=116.9, Tasa_acept=72.3%
2025-10-23 03:26:13,147 - DEBUG - Iter 2000: T=0.98, Fitness_actual=104.0, Mejor=116.9
2025-10-23 03:26:17,498 - DEBUG - Iter 2100: T=0.98, Fitness_actual=104.2, Mejor=116.9
2025-10-23 03:26:21,796 - DEBUG - Iter 2200: T=0.98, Fitness_actual=109.1, Mejor=116.9
2025-10-23 03:26:26,308 - DEBUG - Iter 2300: T=0.98, Fitness_actual=107.0, Mejor=116.9
2025-10-23 03:26:30,784 - DEBUG - Iter 2400: T=0.98, Fitness_actual=111.2, Mejor=116.9
2025-10-23 03:26:35,444 - INFO -   Iter  2500 | Tiempo:    1.8min ( 0.8%) | T =     0.98 | Fitness =    109.5 | Mejor =    116.9 | Aceptación =  72.0%
2025-10-23 03:26:35,444 - INFO - Progreso iter 2500: T=0.98, Fitness=109.5, Mejor=116.9, Tasa_acept=72.0%
2025-10-23 03:26:35,446 - DEBUG - Iter 2500: T=0.98, Fitness_actual=109.5, Mejor=116.9
2025-10-23 03:26:40,133 - DEBUG - Iter 2600: T=0.98, Fitness_actual=104.4, Mejor=116.9
2025-10-23 03:26:44,905 - DEBUG - Iter 2700: T=0.98, Fitness_actual=102.8, Mejor=116.9
2025-10-23 03:26:49,534 - DEBUG - Iter 2800: T=0.98, Fitness_actual=101.4, Mejor=116.9
2025-10-23 03:26:54,108 - DEBUG - Iter 2900: T=0.98, Fitness_actual=100.2, Mejor=116.9
2025-10-23 03:26:58,717 - INFO -   Iter  3000 | Tiempo:    2.2min ( 0.9%) | T =     0.98 | Fitness =    101.6 | Mejor =    116.9 | Aceptación =  72.2%
2025-10-23 03:26:58,717 - INFO - Progreso iter 3000: T=0.98, Fitness=101.6, Mejor=116.9, Tasa_acept=72.2%
2025-10-23 03:26:58,719 - DEBUG - Iter 3000: T=0.98, Fitness_actual=101.6, Mejor=116.9
2025-10-23 03:27:03,347 - DEBUG - Iter 3100: T=0.97, Fitness_actual=102.8, Mejor=116.9
2025-10-23 03:27:07,971 - DEBUG - Iter 3200: T=0.97, Fitness_actual=100.5, Mejor=116.9
2025-10-23 03:27:12,634 - DEBUG - Iter 3300: T=0.97, Fitness_actual=96.8, Mejor=116.9
2025-10-23 03:27:17,325 - DEBUG - Iter 3400: T=0.97, Fitness_actual=96.6, Mejor=116.9
2025-10-23 03:27:19,618 - WARNING - ⚠️  DEGRADACIÓN DETECTADA en iter 3450:
2025-10-23 03:27:19,618 - WARNING -    Mejor fitness: 116.9
2025-10-23 03:27:19,618 - WARNING -    Fitness promedio reciente: 96.7
2025-10-23 03:27:19,619 - WARNING -    Degradación: 20.2
2025-10-23 03:27:19,619 - WARNING -    🔄 RESTAURANDO mejor solución...
2025-10-23 03:27:20,986 - INFO - 🌟 MEJORA #56 en iter 3482: Fitness=117.0 (+0.0), Puntos=14435
2025-10-23 03:27:21,746 - INFO -   Iter  3500 | Tiempo:    2.6min ( 1.1%) | T =     0.97 | Fitness =    116.8 | Mejor =    117.0 | Aceptación =  72.1%
2025-10-23 03:27:21,747 - INFO - Progreso iter 3500: T=0.97, Fitness=116.8, Mejor=117.0, Tasa_acept=72.1%
2025-10-23 03:27:21,749 - DEBUG - Iter 3500: T=0.97, Fitness_actual=116.8, Mejor=117.0
2025-10-23 03:27:22,390 - INFO - 🌟 MEJORA #57 en iter 3515: Fitness=117.9 (+0.9), Puntos=14424
2025-10-23 03:27:22,519 - INFO - 🌟 MEJORA #58 en iter 3518: Fitness=117.9 (+0.0), Puntos=14428
2025-10-23 03:27:22,648 - INFO - 🌟 MEJORA #59 en iter 3521: Fitness=118.0 (+0.1), Puntos=14443
2025-10-23 03:27:22,690 - INFO - 🌟 MEJORA #60 en iter 3522: Fitness=118.0 (+0.0), Puntos=14443
2025-10-23 03:27:22,690 - INFO -   ✨ Mejora #60 en iteración 3523: Fitness = 118.0 | Puntos = 14443 | T = 0.97
2025-10-23 03:27:22,733 - INFO - 🌟 MEJORA #61 en iter 3523: Fitness=118.0 (+0.0), Puntos=14443
2025-10-23 03:27:22,992 - INFO - 🌟 MEJORA #62 en iter 3529: Fitness=118.2 (+0.1), Puntos=14457
2025-10-23 03:27:26,011 - DEBUG - Iter 3600: T=0.97, Fitness_actual=112.8, Mejor=118.2
2025-10-23 03:27:30,285 - DEBUG - Iter 3700: T=0.97, Fitness_actual=110.2, Mejor=118.2
2025-10-23 03:27:34,548 - DEBUG - Iter 3800: T=0.97, Fitness_actual=114.2, Mejor=118.2
2025-10-23 03:27:39,033 - DEBUG - Iter 3900: T=0.97, Fitness_actual=112.8, Mejor=118.2
2025-10-23 03:27:43,489 - INFO -   Iter  4000 | Tiempo:    2.9min ( 1.2%) | T =     0.97 | Fitness =    111.7 | Mejor =    118.2 | Aceptación =  71.9%
2025-10-23 03:27:43,489 - INFO - Progreso iter 4000: T=0.97, Fitness=111.7, Mejor=118.2, Tasa_acept=71.9%
2025-10-23 03:27:43,492 - DEBUG - Iter 4000: T=0.97, Fitness_actual=111.7, Mejor=118.2
2025-10-23 03:27:47,895 - DEBUG - Iter 4100: T=0.97, Fitness_actual=107.5, Mejor=118.2
2025-10-23 03:27:51,896 - DEBUG - Iter 4200: T=0.97, Fitness_actual=113.6, Mejor=118.2
2025-10-23 03:27:55,889 - DEBUG - Iter 4300: T=0.97, Fitness_actual=111.7, Mejor=118.2
2025-10-23 03:27:59,867 - DEBUG - Iter 4400: T=0.96, Fitness_actual=108.7, Mejor=118.2
2025-10-23 03:28:03,831 - INFO -   Iter  4500 | Tiempo:    3.3min ( 1.4%) | T =     0.96 | Fitness =    112.1 | Mejor =    118.2 | Aceptación =  71.8%
2025-10-23 03:28:03,831 - INFO - Progreso iter 4500: T=0.96, Fitness=112.1, Mejor=118.2, Tasa_acept=71.8%
2025-10-23 03:28:03,834 - DEBUG - Iter 4500: T=0.96, Fitness_actual=112.1, Mejor=118.2
2025-10-23 03:28:07,817 - DEBUG - Iter 4600: T=0.96, Fitness_actual=112.8, Mejor=118.2
2025-10-23 03:28:11,889 - DEBUG - Iter 4700: T=0.96, Fitness_actual=112.8, Mejor=118.2
2025-10-23 03:28:15,925 - DEBUG - Iter 4800: T=0.96, Fitness_actual=111.0, Mejor=118.2
2025-10-23 03:28:20,116 - DEBUG - Iter 4900: T=0.96, Fitness_actual=111.2, Mejor=118.2
2025-10-23 03:28:24,305 - INFO -   Iter  5000 | Tiempo:    3.6min ( 1.5%) | T =     0.96 | Fitness =    112.6 | Mejor =    118.2 | Aceptación =  71.8%
2025-10-23 03:28:24,306 - INFO - Progreso iter 5000: T=0.96, Fitness=112.6, Mejor=118.2, Tasa_acept=71.8%
2025-10-23 03:28:24,308 - DEBUG - Iter 5000: T=0.96, Fitness_actual=112.6, Mejor=118.2
2025-10-23 03:28:28,503 - DEBUG - Iter 5100: T=0.96, Fitness_actual=108.0, Mejor=118.2
2025-10-23 03:28:32,725 - DEBUG - Iter 5200: T=0.96, Fitness_actual=104.9, Mejor=118.2
2025-10-23 03:28:36,950 - DEBUG - Iter 5300: T=0.96, Fitness_actual=106.3, Mejor=118.2
2025-10-23 03:28:41,182 - DEBUG - Iter 5400: T=0.96, Fitness_actual=105.7, Mejor=118.2
2025-10-23 03:28:45,463 - INFO -   Iter  5500 | Tiempo:    4.0min ( 1.7%) | T =     0.96 | Fitness =    100.9 | Mejor =    118.2 | Aceptación =  72.1%
2025-10-23 03:28:45,463 - INFO - Progreso iter 5500: T=0.96, Fitness=100.9, Mejor=118.2, Tasa_acept=72.1%
2025-10-23 03:28:45,465 - DEBUG - Iter 5500: T=0.96, Fitness_actual=100.9, Mejor=118.2
2025-10-23 03:28:49,707 - DEBUG - Iter 5600: T=0.96, Fitness_actual=106.7, Mejor=118.2
2025-10-23 03:28:53,897 - DEBUG - Iter 5700: T=0.95, Fitness_actual=108.6, Mejor=118.2
2025-10-23 03:28:58,231 - DEBUG - Iter 5800: T=0.95, Fitness_actual=106.1, Mejor=118.2
2025-10-23 03:29:02,618 - DEBUG - Iter 5900: T=0.95, Fitness_actual=105.2, Mejor=118.2
2025-10-23 03:29:07,031 - INFO -   Iter  6000 | Tiempo:    4.3min ( 1.8%) | T =     0.95 | Fitness =    108.4 | Mejor =    118.2 | Aceptación =  72.2%
2025-10-23 03:29:07,032 - INFO - Progreso iter 6000: T=0.95, Fitness=108.4, Mejor=118.2, Tasa_acept=72.2%
2025-10-23 03:29:07,034 - DEBUG - Iter 6000: T=0.95, Fitness_actual=108.4, Mejor=118.2
2025-10-23 03:29:11,446 - DEBUG - Iter 6100: T=0.95, Fitness_actual=105.3, Mejor=118.2
2025-10-23 03:29:15,817 - DEBUG - Iter 6200: T=0.95, Fitness_actual=103.0, Mejor=118.2
2025-10-23 03:29:20,194 - DEBUG - Iter 6300: T=0.95, Fitness_actual=104.9, Mejor=118.2
2025-10-23 03:29:24,578 - DEBUG - Iter 6400: T=0.95, Fitness_actual=98.6, Mejor=118.2
2025-10-23 03:29:28,967 - INFO -   Iter  6500 | Tiempo:    4.7min ( 2.0%) | T =     0.95 | Fitness =    101.3 | Mejor =    118.2 | Aceptación =  72.0%
2025-10-23 03:29:28,967 - INFO - Progreso iter 6500: T=0.95, Fitness=101.3, Mejor=118.2, Tasa_acept=72.0%
2025-10-23 03:29:28,968 - DEBUG - Iter 6500: T=0.95, Fitness_actual=101.3, Mejor=118.2
2025-10-23 03:29:33,429 - DEBUG - Iter 6600: T=0.95, Fitness_actual=103.8, Mejor=118.2
2025-10-23 03:29:37,890 - DEBUG - Iter 6700: T=0.95, Fitness_actual=102.2, Mejor=118.2
2025-10-23 03:29:42,458 - DEBUG - Iter 6800: T=0.95, Fitness_actual=101.6, Mejor=118.2
2025-10-23 03:29:47,006 - WARNING - ⚠️  DEGRADACIÓN DETECTADA en iter 6900:
2025-10-23 03:29:47,007 - WARNING -    Mejor fitness: 118.2
2025-10-23 03:29:47,007 - WARNING -    Fitness promedio reciente: 97.8
2025-10-23 03:29:47,007 - WARNING -    Degradación: 20.4
2025-10-23 03:29:47,007 - WARNING -    🔄 RESTAURANDO mejor solución...
2025-10-23 03:29:47,010 - DEBUG - Iter 6900: T=0.95, Fitness_actual=118.2, Mejor=118.2
2025-10-23 03:29:51,680 - INFO -   Iter  7000 | Tiempo:    5.1min ( 2.1%) | T =     0.94 | Fitness =    112.8 | Mejor =    118.2 | Aceptación =  71.8%
2025-10-23 03:29:51,680 - INFO - Progreso iter 7000: T=0.94, Fitness=112.8, Mejor=118.2, Tasa_acept=71.8%
2025-10-23 03:29:51,682 - DEBUG - Iter 7000: T=0.94, Fitness_actual=112.8, Mejor=118.2
2025-10-23 03:29:56,337 - DEBUG - Iter 7100: T=0.94, Fitness_actual=114.9, Mejor=118.2
2025-10-23 03:30:00,672 - INFO - 🌟 MEJORA #63 en iter 7193: Fitness=118.4 (+0.2), Puntos=14573
2025-10-23 03:30:00,814 - INFO - 🌟 MEJORA #64 en iter 7196: Fitness=118.4 (+0.0), Puntos=14573
2025-10-23 03:30:01,001 - DEBUG - Iter 7200: T=0.94, Fitness_actual=118.4, Mejor=118.4
2025-10-23 03:30:01,895 - INFO - 🌟 MEJORA #65 en iter 7219: Fitness=120.0 (+1.6), Puntos=14587
2025-10-23 03:30:01,895 - INFO -   ✨ Mejora #65 en iteración 7220: Fitness = 120.0 | Puntos = 14587 | T = 0.94
2025-10-23 03:30:05,823 - DEBUG - Iter 7300: T=0.94, Fitness_actual=118.1, Mejor=120.0
2025-10-23 03:30:10,819 - DEBUG - Iter 7400: T=0.94, Fitness_actual=119.3, Mejor=120.0
2025-10-23 03:30:15,650 - INFO -   Iter  7500 | Tiempo:    5.5min ( 2.3%) | T =     0.94 | Fitness =    115.1 | Mejor =    120.0 | Aceptación =  71.6%
2025-10-23 03:30:15,650 - INFO - Progreso iter 7500: T=0.94, Fitness=115.1, Mejor=120.0, Tasa_acept=71.6%
2025-10-23 03:30:15,652 - DEBUG - Iter 7500: T=0.94, Fitness_actual=115.1, Mejor=120.0
2025-10-23 03:30:20,501 - DEBUG - Iter 7600: T=0.94, Fitness_actual=113.9, Mejor=120.0
2025-10-23 03:30:21,924 - WARNING - ================================================================================
2025-10-23 03:30:21,925 - WARNING - ⚠️  SALTO ANORMAL DETECTADO en iteración 7629
2025-10-23 03:30:21,925 - WARNING -    Fitness actual: 113.8
2025-10-23 03:30:21,925 - WARNING -    Fitness vecino: 91.0
2025-10-23 03:30:21,925 - WARNING -    Delta: -22.8
2025-10-23 03:30:21,925 - WARNING -    Temperatura: 0.94
2025-10-23 03:30:21,926 - WARNING -    Tipo perturbación aplicada: (ver generar_vecino)
2025-10-23 03:30:21,926 - WARNING -    Vecino - Puntos: 13892, Tiempo: 13889.7min, Distancia: 251.6km
2025-10-23 03:30:21,926 - WARNING -    Actual - Puntos: 13925, Tiempo: 12522.4min, Distancia: 138.9km
2025-10-23 03:30:21,926 - WARNING -    Validez restricciones - Vecino: False, Actual: False
2025-10-23 03:30:21,926 - WARNING - ================================================================================
2025-10-23 03:30:21,927 - WARNING - ⚠️  SALTO ANORMAL DETECTADO en iteración 7629
2025-10-23 03:30:21,927 - WARNING -    Fitness: 113.8 → 91.0 (Δ=-22.8)
2025-10-23 03:30:21,927 - WARNING -    Ver detalles en archivo de log
2025-10-23 03:30:25,442 - DEBUG - Iter 7700: T=0.94, Fitness_actual=109.2, Mejor=120.0
2025-10-23 03:30:30,421 - DEBUG - Iter 7800: T=0.94, Fitness_actual=111.1, Mejor=120.0
2025-10-23 03:30:32,757 - WARNING - ================================================================================
2025-10-23 03:30:32,758 - WARNING - ⚠️  SALTO ANORMAL DETECTADO en iteración 7846
2025-10-23 03:30:32,758 - WARNING -    Fitness actual: 110.8
2025-10-23 03:30:32,758 - WARNING -    Fitness vecino: 79.7
2025-10-23 03:30:32,758 - WARNING -    Delta: -31.1
2025-10-23 03:30:32,758 - WARNING -    Temperatura: 0.94
2025-10-23 03:30:32,758 - WARNING -    Tipo perturbación aplicada: (ver generar_vecino)
2025-10-23 03:30:32,759 - WARNING -    Vecino - Puntos: 14047, Tiempo: 15115.7min, Distancia: 280.0km
2025-10-23 03:30:32,759 - WARNING -    Actual - Puntos: 14050, Tiempo: 13292.1min, Distancia: 125.5km
2025-10-23 03:30:32,759 - WARNING -    Validez restricciones - Vecino: False, Actual: False
2025-10-23 03:30:32,759 - WARNING - ================================================================================
2025-10-23 03:30:32,759 - WARNING - ⚠️  SALTO ANORMAL DETECTADO en iteración 7846
2025-10-23 03:30:32,760 - WARNING -    Fitness: 110.8 → 79.7 (Δ=-31.1)
2025-10-23 03:30:32,760 - WARNING -    Ver detalles en archivo de log
2025-10-23 03:30:35,463 - DEBUG - Iter 7900: T=0.94, Fitness_actual=110.7, Mejor=120.0
2025-10-23 03:30:40,426 - INFO -   Iter  8000 | Tiempo:    5.9min ( 2.5%) | T =     0.94 | Fitness =    109.9 | Mejor =    120.0 | Aceptación =  71.6%
2025-10-23 03:30:40,427 - INFO - Progreso iter 8000: T=0.94, Fitness=109.9, Mejor=120.0, Tasa_acept=71.6%
2025-10-23 03:30:40,429 - DEBUG - Iter 8000: T=0.94, Fitness_actual=109.9, Mejor=120.0
2025-10-23 03:30:45,426 - DEBUG - Iter 8100: T=0.94, Fitness_actual=109.5, Mejor=120.0
2025-10-23 03:30:50,383 - DEBUG - Iter 8200: T=0.93, Fitness_actual=106.8, Mejor=120.0
2025-10-23 03:30:55,018 - DEBUG - Iter 8300: T=0.93, Fitness_actual=110.5, Mejor=120.0
2025-10-23 03:30:59,595 - DEBUG - Iter 8400: T=0.93, Fitness_actual=113.1, Mejor=120.0
2025-10-23 03:31:04,180 - INFO -   Iter  8500 | Tiempo:    6.3min ( 2.6%) | T =     0.93 | Fitness =    109.7 | Mejor =    120.0 | Aceptación =  71.4%
2025-10-23 03:31:04,181 - INFO - Progreso iter 8500: T=0.93, Fitness=109.7, Mejor=120.0, Tasa_acept=71.4%
2025-10-23 03:31:04,182 - DEBUG - Iter 8500: T=0.93, Fitness_actual=109.7, Mejor=120.0
2025-10-23 03:31:08,804 - DEBUG - Iter 8600: T=0.93, Fitness_actual=110.1, Mejor=120.0
2025-10-23 03:31:13,380 - DEBUG - Iter 8700: T=0.93, Fitness_actual=105.2, Mejor=120.0
2025-10-23 03:31:18,673 - DEBUG - Iter 8800: T=0.93, Fitness_actual=104.6, Mejor=120.0
2025-10-23 03:31:24,404 - DEBUG - Iter 8900: T=0.93, Fitness_actual=109.1, Mejor=120.0
2025-10-23 03:31:30,082 - INFO -   Iter  9000 | Tiempo:    6.7min ( 2.8%) | T =     0.93 | Fitness =    107.7 | Mejor =    120.0 | Aceptación =  71.4%
2025-10-23 03:31:30,082 - INFO - Progreso iter 9000: T=0.93, Fitness=107.7, Mejor=120.0, Tasa_acept=71.4%
2025-10-23 03:31:30,083 - DEBUG - Iter 9000: T=0.93, Fitness_actual=107.7, Mejor=120.0
2025-10-23 03:31:35,730 - DEBUG - Iter 9100: T=0.93, Fitness_actual=104.0, Mejor=120.0
2025-10-23 03:31:41,470 - DEBUG - Iter 9200: T=0.93, Fitness_actual=103.6, Mejor=120.0
2025-10-23 03:31:47,286 - DEBUG - Iter 9300: T=0.92, Fitness_actual=108.2, Mejor=120.0
2025-10-23 03:31:53,112 - DEBUG - Iter 9400: T=0.92, Fitness_actual=107.1, Mejor=120.0
2025-10-23 03:31:58,921 - INFO -   Iter  9500 | Tiempo:    7.2min ( 3.0%) | T =     0.92 | Fitness =    105.7 | Mejor =    120.0 | Aceptación =  71.3%
2025-10-23 03:31:58,922 - INFO - Progreso iter 9500: T=0.92, Fitness=105.7, Mejor=120.0, Tasa_acept=71.3%
2025-10-23 03:31:58,923 - DEBUG - Iter 9500: T=0.92, Fitness_actual=105.7, Mejor=120.0
2025-10-23 03:32:04,789 - DEBUG - Iter 9600: T=0.92, Fitness_actual=104.4, Mejor=120.0
2025-10-23 03:32:10,729 - DEBUG - Iter 9700: T=0.92, Fitness_actual=102.8, Mejor=120.0
2025-10-23 03:32:12,737 - WARNING - ================================================================================
2025-10-23 03:32:12,738 - WARNING - ⚠️  SALTO ANORMAL DETECTADO en iteración 9734
2025-10-23 03:32:12,738 - WARNING -    Fitness actual: 102.0
2025-10-23 03:32:12,738 - WARNING -    Fitness vecino: 67.0
2025-10-23 03:32:12,738 - WARNING -    Delta: -35.1
2025-10-23 03:32:12,739 - WARNING -    Temperatura: 0.92
2025-10-23 03:32:12,739 - WARNING -    Tipo perturbación aplicada: (ver generar_vecino)
2025-10-23 03:32:12,739 - WARNING -    Vecino - Puntos: 13465, Tiempo: 15256.7min, Distancia: 289.4km
2025-10-23 03:32:12,739 - WARNING -    Actual - Puntos: 13474, Tiempo: 13260.9min, Distancia: 140.6km
2025-10-23 03:32:12,739 - WARNING -    Validez restricciones - Vecino: False, Actual: False
2025-10-23 03:32:12,739 - WARNING - ================================================================================
2025-10-23 03:32:12,740 - WARNING - ⚠️  SALTO ANORMAL DETECTADO en iteración 9734
2025-10-23 03:32:12,740 - WARNING -    Fitness: 102.0 → 67.0 (Δ=-35.1)
2025-10-23 03:32:12,740 - WARNING -    Ver detalles en archivo de log
2025-10-23 03:32:13,985 - WARNING - ================================================================================
2025-10-23 03:32:13,985 - WARNING - ⚠️  SALTO ANORMAL DETECTADO en iteración 9755
2025-10-23 03:32:13,985 - WARNING -    Fitness actual: 103.2
2025-10-23 03:32:13,985 - WARNING -    Fitness vecino: 71.1
2025-10-23 03:32:13,985 - WARNING -    Delta: -32.1
2025-10-23 03:32:13,985 - WARNING -    Temperatura: 0.92
2025-10-23 03:32:13,986 - WARNING -    Tipo perturbación aplicada: (ver generar_vecino)
2025-10-23 03:32:13,986 - WARNING -    Vecino - Puntos: 13481, Tiempo: 14928.5min, Distancia: 286.9km
2025-10-23 03:32:13,986 - WARNING -    Actual - Puntos: 13490, Tiempo: 13260.5min, Distancia: 137.9km
2025-10-23 03:32:13,986 - WARNING -    Validez restricciones - Vecino: False, Actual: False
2025-10-23 03:32:13,986 - WARNING - ================================================================================
2025-10-23 03:32:13,986 - WARNING - ⚠️  SALTO ANORMAL DETECTADO en iteración 9755
2025-10-23 03:32:13,986 - WARNING -    Fitness: 103.2 → 71.1 (Δ=-32.1)
2025-10-23 03:32:13,987 - WARNING -    Ver detalles en archivo de log
2025-10-23 03:32:16,649 - DEBUG - Iter 9800: T=0.92, Fitness_actual=97.9, Mejor=120.0
2025-10-23 03:32:19,643 - WARNING - ⚠️  DEGRADACIÓN DETECTADA en iter 9850:
2025-10-23 03:32:19,643 - WARNING -    Mejor fitness: 120.0
2025-10-23 03:32:19,643 - WARNING -    Fitness promedio reciente: 99.3
2025-10-23 03:32:19,643 - WARNING -    Degradación: 20.6
2025-10-23 03:32:19,643 - WARNING -    🔄 RESTAURANDO mejor solución...
2025-10-23 03:32:22,683 - DEBUG - Iter 9900: T=0.92, Fitness_actual=119.5, Mejor=120.0
2025-10-23 03:32:28,727 - INFO -   Iter 10000 | Tiempo:    7.7min ( 3.2%) | T =     0.92 | Fitness =    114.4 | Mejor =    120.0 | Aceptación =  71.3%
2025-10-23 03:32:28,727 - INFO - Progreso iter 10000: T=0.92, Fitness=114.4, Mejor=120.0, Tasa_acept=71.3%
2025-10-23 03:32:28,729 - DEBUG - Iter 10000: T=0.92, Fitness_actual=114.4, Mejor=120.0
2025-10-23 03:32:34,789 - DEBUG - Iter 10100: T=0.92, Fitness_actual=116.4, Mejor=120.0
2025-10-23 03:32:40,902 - DEBUG - Iter 10200: T=0.92, Fitness_actual=115.2, Mejor=120.0
2025-10-23 03:32:47,048 - DEBUG - Iter 10300: T=0.91, Fitness_actual=114.5, Mejor=120.0
2025-10-23 03:32:53,144 - DEBUG - Iter 10400: T=0.91, Fitness_actual=113.3, Mejor=120.0
2025-10-23 03:32:59,237 - INFO -   Iter 10500 | Tiempo:    8.2min ( 3.4%) | T =     0.91 | Fitness =    115.6 | Mejor =    120.0 | Aceptación =  71.3%
2025-10-23 03:32:59,237 - INFO - Progreso iter 10500: T=0.91, Fitness=115.6, Mejor=120.0, Tasa_acept=71.3%
2025-10-23 03:32:59,239 - DEBUG - Iter 10500: T=0.91, Fitness_actual=115.6, Mejor=120.0
2025-10-23 03:33:05,452 - DEBUG - Iter 10600: T=0.91, Fitness_actual=117.4, Mejor=120.0
2025-10-23 03:33:11,624 - DEBUG - Iter 10700: T=0.91, Fitness_actual=112.4, Mejor=120.0
2025-10-23 03:33:17,803 - DEBUG - Iter 10800: T=0.91, Fitness_actual=108.6, Mejor=120.0
2025-10-23 03:33:23,986 - DEBUG - Iter 10900: T=0.91, Fitness_actual=111.2, Mejor=120.0
2025-10-23 03:33:30,185 - INFO -   Iter 11000 | Tiempo:    8.7min ( 3.6%) | T =     0.91 | Fitness =    108.7 | Mejor =    120.0 | Aceptación =  71.1%
2025-10-23 03:33:30,185 - INFO - Progreso iter 11000: T=0.91, Fitness=108.7, Mejor=120.0, Tasa_acept=71.1%
2025-10-23 03:33:30,187 - DEBUG - Iter 11000: T=0.91, Fitness_actual=108.7, Mejor=120.0
2025-10-23 03:33:35,763 - DEBUG - Iter 11100: T=0.91, Fitness_actual=107.7, Mejor=120.0
2025-10-23 03:33:40,923 - DEBUG - Iter 11200: T=0.91, Fitness_actual=105.9, Mejor=120.0
2025-10-23 03:33:46,142 - DEBUG - Iter 11300: T=0.90, Fitness_actual=107.7, Mejor=120.0
2025-10-23 03:33:51,433 - DEBUG - Iter 11400: T=0.90, Fitness_actual=110.9, Mejor=120.0
2025-10-23 03:33:56,707 - INFO -   Iter 11500 | Tiempo:    9.2min ( 3.8%) | T =     0.90 | Fitness =    107.5 | Mejor =    120.0 | Aceptación =  71.1%
2025-10-23 03:33:56,707 - INFO - Progreso iter 11500: T=0.90, Fitness=107.5, Mejor=120.0, Tasa_acept=71.1%
2025-10-23 03:33:56,708 - DEBUG - Iter 11500: T=0.90, Fitness_actual=107.5, Mejor=120.0
2025-10-23 03:34:01,997 - DEBUG - Iter 11600: T=0.90, Fitness_actual=109.0, Mejor=120.0
2025-10-23 03:34:07,325 - DEBUG - Iter 11700: T=0.90, Fitness_actual=110.7, Mejor=120.0
2025-10-23 03:34:12,674 - DEBUG - Iter 11800: T=0.90, Fitness_actual=108.9, Mejor=120.0
2025-10-23 03:34:18,000 - DEBUG - Iter 11900: T=0.90, Fitness_actual=111.3, Mejor=120.0
2025-10-23 03:34:23,411 - INFO -   Iter 12000 | Tiempo:    9.6min ( 4.0%) | T =     0.90 | Fitness =    111.8 | Mejor =    120.0 | Aceptación =  71.0%
2025-10-23 03:34:23,411 - INFO - Progreso iter 12000: T=0.90, Fitness=111.8, Mejor=120.0, Tasa_acept=71.0%
2025-10-23 03:34:23,412 - DEBUG - Iter 12000: T=0.90, Fitness_actual=111.8, Mejor=120.0
2025-10-23 03:34:28,765 - DEBUG - Iter 12100: T=0.90, Fitness_actual=111.0, Mejor=120.0
2025-10-23 03:34:34,179 - DEBUG - Iter 12200: T=0.90, Fitness_actual=106.4, Mejor=120.0
2025-10-23 03:34:39,576 - DEBUG - Iter 12300: T=0.90, Fitness_actual=105.6, Mejor=120.0
2025-10-23 03:34:45,040 - DEBUG - Iter 12400: T=0.89, Fitness_actual=105.5, Mejor=120.0
2025-10-23 03:34:50,539 - INFO -   Iter 12500 | Tiempo:   10.1min ( 4.2%) | T =     0.89 | Fitness =    104.4 | Mejor =    120.0 | Aceptación =  70.8%
2025-10-23 03:34:50,539 - INFO - Progreso iter 12500: T=0.89, Fitness=104.4, Mejor=120.0, Tasa_acept=70.8%
2025-10-23 03:34:50,541 - DEBUG - Iter 12500: T=0.89, Fitness_actual=104.4, Mejor=120.0
2025-10-23 03:34:56,037 - DEBUG - Iter 12600: T=0.89, Fitness_actual=104.3, Mejor=120.0
2025-10-23 03:35:01,531 - DEBUG - Iter 12700: T=0.89, Fitness_actual=102.5, Mejor=120.0
2025-10-23 03:35:07,001 - DEBUG - Iter 12800: T=0.89, Fitness_actual=104.3, Mejor=120.0
2025-10-23 03:35:12,813 - WARNING - ⚠️  DEGRADACIÓN DETECTADA en iter 12900:
2025-10-23 03:35:12,813 - WARNING -    Mejor fitness: 120.0
2025-10-23 03:35:12,813 - WARNING -    Fitness promedio reciente: 97.6
2025-10-23 03:35:12,813 - WARNING -    Degradación: 22.3
2025-10-23 03:35:12,814 - WARNING -    🔄 RESTAURANDO mejor solución...
2025-10-23 03:35:12,816 - DEBUG - Iter 12900: T=0.89, Fitness_actual=120.0, Mejor=120.0
2025-10-23 03:35:19,618 - INFO -   Iter 13000 | Tiempo:   10.5min ( 4.4%) | T =     0.89 | Fitness =    115.6 | Mejor =    120.0 | Aceptación =  70.9%
2025-10-23 03:35:19,618 - INFO - Progreso iter 13000: T=0.89, Fitness=115.6, Mejor=120.0, Tasa_acept=70.9%
2025-10-23 03:35:19,620 - DEBUG - Iter 13000: T=0.89, Fitness_actual=115.6, Mejor=120.0
2025-10-23 03:35:26,428 - DEBUG - Iter 13100: T=0.89, Fitness_actual=111.2, Mejor=120.0
2025-10-23 03:35:33,278 - DEBUG - Iter 13200: T=0.89, Fitness_actual=111.6, Mejor=120.0
2025-10-23 03:35:40,064 - DEBUG - Iter 13300: T=0.89, Fitness_actual=110.1, Mejor=120.0
2025-10-23 03:35:46,989 - DEBUG - Iter 13400: T=0.88, Fitness_actual=110.3, Mejor=120.0
2025-10-23 03:35:54,001 - INFO -   Iter 13500 | Tiempo:   11.1min ( 4.6%) | T =     0.88 | Fitness =    110.9 | Mejor =    120.0 | Aceptación =  70.8%
2025-10-23 03:35:54,001 - INFO - Progreso iter 13500: T=0.88, Fitness=110.9, Mejor=120.0, Tasa_acept=70.8%
2025-10-23 03:35:54,004 - DEBUG - Iter 13500: T=0.88, Fitness_actual=110.9, Mejor=120.0
2025-10-23 03:36:01,185 - DEBUG - Iter 13600: T=0.88, Fitness_actual=110.3, Mejor=120.0
2025-10-23 03:36:08,302 - DEBUG - Iter 13700: T=0.88, Fitness_actual=110.9, Mejor=120.0
2025-10-23 03:36:15,337 - DEBUG - Iter 13800: T=0.88, Fitness_actual=108.4, Mejor=120.0
2025-10-23 03:36:22,355 - DEBUG - Iter 13900: T=0.88, Fitness_actual=109.3, Mejor=120.0
2025-10-23 03:36:29,384 - INFO -   Iter 14000 | Tiempo:   11.7min ( 4.9%) | T =     0.88 | Fitness =    101.2 | Mejor =    120.0 | Aceptación =  70.8%
2025-10-23 03:36:29,384 - INFO - Progreso iter 14000: T=0.88, Fitness=101.2, Mejor=120.0, Tasa_acept=70.8%
2025-10-23 03:36:29,388 - DEBUG - Iter 14000: T=0.88, Fitness_actual=101.2, Mejor=120.0
2025-10-23 03:36:36,586 - DEBUG - Iter 14100: T=0.88, Fitness_actual=103.8, Mejor=120.0
2025-10-23 03:36:43,756 - DEBUG - Iter 14200: T=0.88, Fitness_actual=107.5, Mejor=120.0
2025-10-23 03:36:50,947 - DEBUG - Iter 14300: T=0.87, Fitness_actual=105.6, Mejor=120.0
2025-10-23 03:36:58,152 - DEBUG - Iter 14400: T=0.87, Fitness_actual=108.9, Mejor=120.0
2025-10-23 03:37:05,297 - INFO -   Iter 14500 | Tiempo:   12.3min ( 5.1%) | T =     0.87 | Fitness =    110.2 | Mejor =    120.0 | Aceptación =  70.6%
2025-10-23 03:37:05,298 - INFO - Progreso iter 14500: T=0.87, Fitness=110.2, Mejor=120.0, Tasa_acept=70.6%
2025-10-23 03:37:05,300 - DEBUG - Iter 14500: T=0.87, Fitness_actual=110.2, Mejor=120.0
2025-10-23 03:37:12,460 - DEBUG - Iter 14600: T=0.87, Fitness_actual=107.6, Mejor=120.0
2025-10-23 03:37:19,673 - DEBUG - Iter 14700: T=0.87, Fitness_actual=106.0, Mejor=120.0
2025-10-23 03:37:26,949 - DEBUG - Iter 14800: T=0.87, Fitness_actual=104.8, Mejor=120.0
2025-10-23 03:37:34,176 - DEBUG - Iter 14900: T=0.87, Fitness_actual=106.9, Mejor=120.0
2025-10-23 03:37:41,513 - INFO -   Iter 15000 | Tiempo:   12.9min ( 5.4%) | T =     0.87 | Fitness =    103.1 | Mejor =    120.0 | Aceptación =  70.7%
2025-10-23 03:37:41,514 - INFO - Progreso iter 15000: T=0.87, Fitness=103.1, Mejor=120.0, Tasa_acept=70.7%
2025-10-23 03:37:41,516 - DEBUG - Iter 15000: T=0.87, Fitness_actual=103.1, Mejor=120.0
2025-10-23 03:37:48,801 - DEBUG - Iter 15100: T=0.86, Fitness_actual=103.0, Mejor=120.0
2025-10-23 03:37:56,130 - DEBUG - Iter 15200: T=0.86, Fitness_actual=108.1, Mejor=120.0
2025-10-23 03:38:03,515 - DEBUG - Iter 15300: T=0.86, Fitness_actual=103.3, Mejor=120.0
2025-10-23 03:38:11,009 - WARNING - ⚠️  DEGRADACIÓN DETECTADA en iter 15400:
2025-10-23 03:38:11,009 - WARNING -    Mejor fitness: 120.0
2025-10-23 03:38:11,010 - WARNING -    Fitness promedio reciente: 98.0
2025-10-23 03:38:11,010 - WARNING -    Degradación: 21.9
2025-10-23 03:38:11,010 - WARNING -    🔄 RESTAURANDO mejor solución...
2025-10-23 03:38:11,012 - DEBUG - Iter 15400: T=0.86, Fitness_actual=120.0, Mejor=120.0
2025-10-23 03:38:11,164 - INFO - 🌟 MEJORA #66 en iter 15402: Fitness=120.0 (+0.0), Puntos=14587
2025-10-23 03:38:11,319 - INFO - 🌟 MEJORA #67 en iter 15404: Fitness=120.0 (+0.0), Puntos=14590
2025-10-23 03:38:18,602 - INFO -   Iter 15500 | Tiempo:   13.5min ( 5.6%) | T =     0.86 | Fitness =    119.2 | Mejor =    120.0 | Aceptación =  70.7%
2025-10-23 03:38:18,602 - INFO - Progreso iter 15500: T=0.86, Fitness=119.2, Mejor=120.0, Tasa_acept=70.7%
2025-10-23 03:38:18,604 - DEBUG - Iter 15500: T=0.86, Fitness_actual=119.2, Mejor=120.0
2025-10-23 03:38:21,930 - INFO - 🌟 MEJORA #68 en iter 15544: Fitness=120.1 (+0.1), Puntos=14551
2025-10-23 03:38:22,084 - INFO - 🌟 MEJORA #69 en iter 15546: Fitness=120.1 (+0.0), Puntos=14551
2025-10-23 03:38:22,311 - INFO - 🌟 MEJORA #70 en iter 15549: Fitness=120.2 (+0.1), Puntos=14557
2025-10-23 03:38:22,311 - INFO -   ✨ Mejora #70 en iteración 15550: Fitness = 120.2 | Puntos = 14557 | T = 0.86
2025-10-23 03:38:22,389 - INFO - 🌟 MEJORA #71 en iter 15550: Fitness=120.2 (+0.0), Puntos=14557
2025-10-23 03:38:22,464 - INFO - 🌟 MEJORA #72 en iter 15551: Fitness=120.2 (+0.1), Puntos=14562
2025-10-23 03:38:22,615 - INFO - 🌟 MEJORA #73 en iter 15553: Fitness=120.2 (+0.0), Puntos=14565
2025-10-23 03:38:22,766 - INFO - 🌟 MEJORA #74 en iter 15555: Fitness=120.3 (+0.1), Puntos=14571
2025-10-23 03:38:22,841 - INFO - 🌟 MEJORA #75 en iter 15556: Fitness=120.3 (+0.0), Puntos=14571
2025-10-23 03:38:22,842 - INFO -   ✨ Mejora #75 en iteración 15557: Fitness = 120.3 | Puntos = 14571 | T = 0.86
2025-10-23 03:38:26,176 - DEBUG - Iter 15600: T=0.86, Fitness_actual=119.8, Mejor=120.3
2025-10-23 03:38:33,767 - DEBUG - Iter 15700: T=0.86, Fitness_actual=114.2, Mejor=120.3
2025-10-23 03:38:41,450 - DEBUG - Iter 15800: T=0.86, Fitness_actual=113.2, Mejor=120.3
2025-10-23 03:38:49,062 - DEBUG - Iter 15900: T=0.86, Fitness_actual=110.5, Mejor=120.3
2025-10-23 03:38:56,774 - INFO -   Iter 16000 | Tiempo:   14.2min ( 5.9%) | T =     0.85 | Fitness =    111.2 | Mejor =    120.3 | Aceptación =  70.7%
2025-10-23 03:38:56,774 - INFO - Progreso iter 16000: T=0.85, Fitness=111.2, Mejor=120.3, Tasa_acept=70.7%
2025-10-23 03:38:56,776 - DEBUG - Iter 16000: T=0.85, Fitness_actual=111.2, Mejor=120.3
2025-10-23 03:39:04,516 - DEBUG - Iter 16100: T=0.85, Fitness_actual=110.9, Mejor=120.3
2025-10-23 03:39:12,265 - DEBUG - Iter 16200: T=0.85, Fitness_actual=110.2, Mejor=120.3
2025-10-23 03:39:20,017 - DEBUG - Iter 16300: T=0.85, Fitness_actual=109.5, Mejor=120.3
2025-10-23 03:39:27,701 - DEBUG - Iter 16400: T=0.85, Fitness_actual=105.3, Mejor=120.3
2025-10-23 03:39:35,239 - INFO -   Iter 16500 | Tiempo:   14.8min ( 6.2%) | T =     0.85 | Fitness =    102.7 | Mejor =    120.3 | Aceptación =  70.5%
2025-10-23 03:39:35,240 - INFO - Progreso iter 16500: T=0.85, Fitness=102.7, Mejor=120.3, Tasa_acept=70.5%
2025-10-23 03:39:35,242 - DEBUG - Iter 16500: T=0.85, Fitness_actual=102.7, Mejor=120.3
2025-10-23 03:39:42,812 - DEBUG - Iter 16600: T=0.85, Fitness_actual=105.6, Mejor=120.3
2025-10-23 03:39:50,452 - DEBUG - Iter 16700: T=0.85, Fitness_actual=104.4, Mejor=120.3
2025-10-23 03:39:58,211 - DEBUG - Iter 16800: T=0.84, Fitness_actual=99.7, Mejor=120.3
2025-10-23 03:40:02,052 - WARNING - ⚠️  DEGRADACIÓN DETECTADA en iter 16850:
2025-10-23 03:40:02,052 - WARNING -    Mejor fitness: 120.3
2025-10-23 03:40:02,053 - WARNING -    Fitness promedio reciente: 99.8
2025-10-23 03:40:02,053 - WARNING -    Degradación: 20.5
2025-10-23 03:40:02,053 - WARNING -    🔄 RESTAURANDO mejor solución...
2025-10-23 03:40:03,615 - INFO - 🌟 MEJORA #76 en iter 16870: Fitness=121.2 (+0.9), Puntos=14560
2025-10-23 03:40:03,926 - INFO - 🌟 MEJORA #77 en iter 16874: Fitness=121.2 (+0.0), Puntos=14566
2025-10-23 03:40:04,082 - INFO - 🌟 MEJORA #78 en iter 16876: Fitness=121.2 (+0.0), Puntos=14566
2025-10-23 03:40:04,160 - INFO - 🌟 MEJORA #79 en iter 16877: Fitness=121.2 (+0.0), Puntos=14566
2025-10-23 03:40:04,317 - INFO - 🌟 MEJORA #80 en iter 16879: Fitness=121.2 (+0.0), Puntos=14568
2025-10-23 03:40:04,317 - INFO -   ✨ Mejora #80 en iteración 16880: Fitness = 121.2 | Puntos = 14568 | T = 0.84
2025-10-23 03:40:04,550 - INFO - 🌟 MEJORA #81 en iter 16882: Fitness=121.3 (+0.1), Puntos=14578
2025-10-23 03:40:05,953 - DEBUG - Iter 16900: T=0.84, Fitness_actual=119.5, Mejor=121.3
2025-10-23 03:40:13,760 - INFO -   Iter 17000 | Tiempo:   15.5min ( 6.4%) | T =     0.84 | Fitness =    113.5 | Mejor =    121.3 | Aceptación =  70.5%
2025-10-23 03:40:13,760 - INFO - Progreso iter 17000: T=0.84, Fitness=113.5, Mejor=121.3, Tasa_acept=70.5%
2025-10-23 03:40:13,762 - DEBUG - Iter 17000: T=0.84, Fitness_actual=113.5, Mejor=121.3
2025-10-23 03:40:21,593 - DEBUG - Iter 17100: T=0.84, Fitness_actual=117.6, Mejor=121.3
2025-10-23 03:40:29,435 - DEBUG - Iter 17200: T=0.84, Fitness_actual=116.7, Mejor=121.3
2025-10-23 03:40:37,256 - DEBUG - Iter 17300: T=0.84, Fitness_actual=116.2, Mejor=121.3
2025-10-23 03:40:45,054 - DEBUG - Iter 17400: T=0.84, Fitness_actual=116.6, Mejor=121.3
2025-10-23 03:40:52,911 - INFO -   Iter 17500 | Tiempo:   16.1min ( 6.7%) | T =     0.84 | Fitness =    114.9 | Mejor =    121.3 | Aceptación =  70.5%
2025-10-23 03:40:52,911 - INFO - Progreso iter 17500: T=0.84, Fitness=114.9, Mejor=121.3, Tasa_acept=70.5%
2025-10-23 03:40:52,913 - DEBUG - Iter 17500: T=0.84, Fitness_actual=114.9, Mejor=121.3
2025-10-23 03:41:00,892 - DEBUG - Iter 17600: T=0.83, Fitness_actual=111.0, Mejor=121.3
2025-10-23 03:41:08,768 - DEBUG - Iter 17700: T=0.83, Fitness_actual=108.4, Mejor=121.3
2025-10-23 03:41:16,705 - DEBUG - Iter 17800: T=0.83, Fitness_actual=105.7, Mejor=121.3
2025-10-23 03:41:24,608 - DEBUG - Iter 17900: T=0.83, Fitness_actual=105.4, Mejor=121.3
2025-10-23 03:41:32,540 - INFO -   Iter 18000 | Tiempo:   16.8min ( 7.0%) | T =     0.83 | Fitness =    105.0 | Mejor =    121.3 | Aceptación =  70.3%
2025-10-23 03:41:32,541 - INFO - Progreso iter 18000: T=0.83, Fitness=105.0, Mejor=121.3, Tasa_acept=70.3%
2025-10-23 03:41:32,543 - DEBUG - Iter 18000: T=0.83, Fitness_actual=105.0, Mejor=121.3
2025-10-23 03:41:40,484 - DEBUG - Iter 18100: T=0.83, Fitness_actual=103.1, Mejor=121.3
2025-10-23 03:41:44,452 - WARNING - ⚠️  DEGRADACIÓN DETECTADA en iter 18150:
2025-10-23 03:41:44,452 - WARNING -    Mejor fitness: 121.3
2025-10-23 03:41:44,452 - WARNING -    Fitness promedio reciente: 101.0
2025-10-23 03:41:44,452 - WARNING -    Degradación: 20.4
2025-10-23 03:41:44,452 - WARNING -    🔄 RESTAURANDO mejor solución...
2025-10-23 03:41:44,455 - INFO - 🌟 MEJORA #82 en iter 18150: Fitness=121.8 (+0.4), Puntos=14620
2025-10-23 03:41:44,750 - INFO - 🌟 MEJORA #83 en iter 18155: Fitness=121.8 (+0.0), Puntos=14620
2025-10-23 03:41:47,430 - DEBUG - Iter 18200: T=0.83, Fitness_actual=118.6, Mejor=121.8
2025-10-23 03:41:53,378 - DEBUG - Iter 18300: T=0.83, Fitness_actual=116.4, Mejor=121.8
2025-10-23 03:41:59,307 - DEBUG - Iter 18400: T=0.83, Fitness_actual=119.5, Mejor=121.8
2025-10-23 03:42:05,194 - INFO -   Iter 18500 | Tiempo:   17.3min ( 7.2%) | T =     0.82 | Fitness =    118.6 | Mejor =    121.8 | Aceptación =  70.3%
2025-10-23 03:42:05,195 - INFO - Progreso iter 18500: T=0.82, Fitness=118.6, Mejor=121.8, Tasa_acept=70.3%
2025-10-23 03:42:05,197 - DEBUG - Iter 18500: T=0.82, Fitness_actual=118.6, Mejor=121.8
2025-10-23 03:42:11,092 - DEBUG - Iter 18600: T=0.82, Fitness_actual=119.0, Mejor=121.8
2025-10-23 03:42:16,965 - DEBUG - Iter 18700: T=0.82, Fitness_actual=115.4, Mejor=121.8
2025-10-23 03:42:22,812 - DEBUG - Iter 18800: T=0.82, Fitness_actual=115.3, Mejor=121.8
2025-10-23 03:42:28,657 - DEBUG - Iter 18900: T=0.82, Fitness_actual=114.0, Mejor=121.8
2025-10-23 03:42:34,564 - INFO -   Iter 19000 | Tiempo:   17.8min ( 7.4%) | T =     0.82 | Fitness =    113.2 | Mejor =    121.8 | Aceptación =  70.1%
2025-10-23 03:42:34,565 - INFO - Progreso iter 19000: T=0.82, Fitness=113.2, Mejor=121.8, Tasa_acept=70.1%
2025-10-23 03:42:34,567 - DEBUG - Iter 19000: T=0.82, Fitness_actual=113.2, Mejor=121.8
2025-10-23 03:42:40,588 - DEBUG - Iter 19100: T=0.82, Fitness_actual=109.8, Mejor=121.8
2025-10-23 03:42:48,835 - DEBUG - Iter 19200: T=0.82, Fitness_actual=107.3, Mejor=121.8
2025-10-23 03:42:57,148 - DEBUG - Iter 19300: T=0.82, Fitness_actual=105.7, Mejor=121.8
2025-10-23 03:43:05,505 - DEBUG - Iter 19400: T=0.82, Fitness_actual=113.0, Mejor=121.8
2025-10-23 03:43:13,989 - INFO -   Iter 19500 | Tiempo:   18.5min ( 7.7%) | T =     0.81 | Fitness =    106.7 | Mejor =    121.8 | Aceptación =  70.0%
2025-10-23 03:43:13,989 - INFO - Progreso iter 19500: T=0.81, Fitness=106.7, Mejor=121.8, Tasa_acept=70.0%
2025-10-23 03:43:13,991 - DEBUG - Iter 19500: T=0.81, Fitness_actual=106.7, Mejor=121.8
2025-10-23 03:43:22,430 - DEBUG - Iter 19600: T=0.81, Fitness_actual=105.2, Mejor=121.8
2025-10-23 03:43:30,842 - DEBUG - Iter 19700: T=0.81, Fitness_actual=110.4, Mejor=121.8
2025-10-23 03:43:39,317 - DEBUG - Iter 19800: T=0.81, Fitness_actual=103.0, Mejor=121.8
2025-10-23 03:43:47,781 - DEBUG - Iter 19900: T=0.81, Fitness_actual=100.7, Mejor=121.8
2025-10-23 03:43:56,251 - INFO -   Iter 20000 | Tiempo:   19.2min ( 8.0%) | T =     0.81 | Fitness =    104.5 | Mejor =    121.8 | Aceptación =  70.0%
2025-10-23 03:43:56,251 - INFO - Progreso iter 20000: T=0.81, Fitness=104.5, Mejor=121.8, Tasa_acept=70.0%
2025-10-23 03:43:56,253 - DEBUG - Iter 20000: T=0.81, Fitness_actual=104.5, Mejor=121.8
2025-10-23 03:44:04,794 - DEBUG - Iter 20100: T=0.81, Fitness_actual=103.9, Mejor=121.8
2025-10-23 03:44:13,278 - DEBUG - Iter 20200: T=0.81, Fitness_actual=109.5, Mejor=121.8
2025-10-23 03:44:21,830 - DEBUG - Iter 20300: T=0.80, Fitness_actual=105.7, Mejor=121.8
2025-10-23 03:44:30,362 - DEBUG - Iter 20400: T=0.80, Fitness_actual=104.4, Mejor=121.8
2025-10-23 03:44:38,732 - INFO -   Iter 20500 | Tiempo:   19.9min ( 8.3%) | T =     0.80 | Fitness =    101.6 | Mejor =    121.8 | Aceptación =  70.0%
2025-10-23 03:44:38,732 - INFO - Progreso iter 20500: T=0.80, Fitness=101.6, Mejor=121.8, Tasa_acept=70.0%
2025-10-23 03:44:38,733 - WARNING - ⚠️  DEGRADACIÓN DETECTADA en iter 20500:
2025-10-23 03:44:38,733 - WARNING -    Mejor fitness: 121.8
2025-10-23 03:44:38,734 - WARNING -    Fitness promedio reciente: 101.2
2025-10-23 03:44:38,734 - WARNING -    Degradación: 20.6
2025-10-23 03:44:38,734 - WARNING -    🔄 RESTAURANDO mejor solución...
2025-10-23 03:44:38,736 - DEBUG - Iter 20500: T=0.80, Fitness_actual=121.8, Mejor=121.8
2025-10-23 03:44:38,817 - INFO - 🌟 MEJORA #84 en iter 20501: Fitness=121.8 (+0.0), Puntos=14621
2025-10-23 03:44:46,930 - DEBUG - Iter 20600: T=0.80, Fitness_actual=117.2, Mejor=121.8
2025-10-23 03:44:55,135 - DEBUG - Iter 20700: T=0.80, Fitness_actual=117.3, Mejor=121.8
2025-10-23 03:45:03,368 - DEBUG - Iter 20800: T=0.80, Fitness_actual=118.6, Mejor=121.8
2025-10-23 03:45:10,172 - INFO - 🌟 MEJORA #85 en iter 20882: Fitness=121.9 (+0.1), Puntos=14635
2025-10-23 03:45:10,172 - INFO -   ✨ Mejora #85 en iteración 20883: Fitness = 121.9 | Puntos = 14635 | T = 0.80
2025-10-23 03:45:10,505 - INFO - 🌟 MEJORA #86 en iter 20886: Fitness=122.4 (+0.5), Puntos=14635
2025-10-23 03:45:10,588 - INFO - 🌟 MEJORA #87 en iter 20887: Fitness=122.4 (+0.0), Puntos=14635
2025-10-23 03:45:10,837 - INFO - 🌟 MEJORA #88 en iter 20890: Fitness=122.4 (+0.0), Puntos=14635
2025-10-23 03:45:10,920 - INFO - 🌟 MEJORA #89 en iter 20891: Fitness=122.5 (+0.1), Puntos=14648
2025-10-23 03:45:11,667 - DEBUG - Iter 20900: T=0.80, Fitness_actual=121.5, Mejor=122.5
2025-10-23 03:45:19,964 - INFO -   Iter 21000 | Tiempo:   20.6min ( 8.6%) | T =     0.80 | Fitness =    119.1 | Mejor =    122.5 | Aceptación =  69.9%
2025-10-23 03:45:19,964 - INFO - Progreso iter 21000: T=0.80, Fitness=119.1, Mejor=122.5, Tasa_acept=69.9%
2025-10-23 03:45:19,966 - DEBUG - Iter 21000: T=0.80, Fitness_actual=119.1, Mejor=122.5
2025-10-23 03:45:24,120 - INFO - 🌟 MEJORA #90 en iter 21050: Fitness=122.7 (+0.2), Puntos=14857
2025-10-23 03:45:24,120 - INFO -   ✨ Mejora #90 en iteración 21051: Fitness = 122.7 | Puntos = 14857 | T = 0.80
2025-10-23 03:45:28,277 - DEBUG - Iter 21100: T=0.79, Fitness_actual=119.7, Mejor=122.7
2025-10-23 03:45:36,635 - DEBUG - Iter 21200: T=0.79, Fitness_actual=114.7, Mejor=122.7
2025-10-23 03:45:44,977 - DEBUG - Iter 21300: T=0.79, Fitness_actual=110.0, Mejor=122.7
2025-10-23 03:45:53,396 - DEBUG - Iter 21400: T=0.79, Fitness_actual=109.1, Mejor=122.7
2025-10-23 03:46:01,852 - INFO -   Iter 21500 | Tiempo:   21.3min ( 8.9%) | T =     0.79 | Fitness =    106.0 | Mejor =    122.7 | Aceptación =  69.8%
2025-10-23 03:46:01,852 - INFO - Progreso iter 21500: T=0.79, Fitness=106.0, Mejor=122.7, Tasa_acept=69.8%
2025-10-23 03:46:01,854 - DEBUG - Iter 21500: T=0.79, Fitness_actual=106.0, Mejor=122.7
2025-10-23 03:46:10,269 - DEBUG - Iter 21600: T=0.79, Fitness_actual=108.1, Mejor=122.7
2025-10-23 03:46:18,696 - DEBUG - Iter 21700: T=0.79, Fitness_actual=107.8, Mejor=122.7
2025-10-23 03:46:27,130 - DEBUG - Iter 21800: T=0.79, Fitness_actual=108.3, Mejor=122.7
2025-10-23 03:46:35,588 - DEBUG - Iter 21900: T=0.79, Fitness_actual=107.6, Mejor=122.7
2025-10-23 03:46:44,059 - INFO -   Iter 22000 | Tiempo:   22.0min ( 9.1%) | T =     0.78 | Fitness =    109.3 | Mejor =    122.7 | Aceptación =  69.8%
2025-10-23 03:46:44,059 - INFO - Progreso iter 22000: T=0.78, Fitness=109.3, Mejor=122.7, Tasa_acept=69.8%
2025-10-23 03:46:44,061 - DEBUG - Iter 22000: T=0.78, Fitness_actual=109.3, Mejor=122.7
2025-10-23 03:46:52,548 - DEBUG - Iter 22100: T=0.78, Fitness_actual=108.6, Mejor=122.7
2025-10-23 03:47:01,141 - DEBUG - Iter 22200: T=0.78, Fitness_actual=105.1, Mejor=122.7
2025-10-23 03:47:09,742 - DEBUG - Iter 22300: T=0.78, Fitness_actual=109.8, Mejor=122.7
2025-10-23 03:47:18,258 - DEBUG - Iter 22400: T=0.78, Fitness_actual=106.5, Mejor=122.7
2025-10-23 03:47:26,826 - INFO -   Iter 22500 | Tiempo:   22.7min ( 9.4%) | T =     0.78 | Fitness =    103.2 | Mejor =    122.7 | Aceptación =  69.8%
2025-10-23 03:47:26,826 - INFO - Progreso iter 22500: T=0.78, Fitness=103.2, Mejor=122.7, Tasa_acept=69.8%
2025-10-23 03:47:26,828 - DEBUG - Iter 22500: T=0.78, Fitness_actual=103.2, Mejor=122.7
2025-10-23 03:47:35,378 - WARNING - ⚠️  DEGRADACIÓN DETECTADA en iter 22600:
2025-10-23 03:47:35,378 - WARNING -    Mejor fitness: 122.7
2025-10-23 03:47:35,378 - WARNING -    Fitness promedio reciente: 101.7
2025-10-23 03:47:35,379 - WARNING -    Degradación: 21.0
2025-10-23 03:47:35,379 - WARNING -    🔄 RESTAURANDO mejor solución...
2025-10-23 03:47:35,381 - DEBUG - Iter 22600: T=0.78, Fitness_actual=122.7, Mejor=122.7
2025-10-23 03:47:35,381 - INFO - 🌟 MEJORA #91 en iter 22600: Fitness=123.5 (+0.8), Puntos=14843
2025-10-23 03:47:35,447 - INFO - 🌟 MEJORA #92 en iter 22601: Fitness=123.5 (+0.0), Puntos=14843
2025-10-23 03:47:36,549 - INFO - 🌟 MEJORA #93 en iter 22619: Fitness=123.5 (+0.0), Puntos=14846
2025-10-23 03:47:41,480 - DEBUG - Iter 22700: T=0.78, Fitness_actual=118.4, Mejor=123.5
2025-10-23 03:47:47,593 - DEBUG - Iter 22800: T=0.77, Fitness_actual=115.7, Mejor=123.5
2025-10-23 03:47:53,651 - DEBUG - Iter 22900: T=0.77, Fitness_actual=117.3, Mejor=123.5
2025-10-23 03:47:59,777 - INFO -   Iter 23000 | Tiempo:   23.2min ( 9.7%) | T =     0.77 | Fitness =    122.8 | Mejor =    123.5 | Aceptación =  69.8%
2025-10-23 03:47:59,777 - INFO - Progreso iter 23000: T=0.77, Fitness=122.8, Mejor=123.5, Tasa_acept=69.8%
2025-10-23 03:47:59,780 - DEBUG - Iter 23000: T=0.77, Fitness_actual=122.8, Mejor=123.5
2025-10-23 03:48:05,861 - DEBUG - Iter 23100: T=0.77, Fitness_actual=122.0, Mejor=123.5
2025-10-23 03:48:11,936 - DEBUG - Iter 23200: T=0.77, Fitness_actual=116.6, Mejor=123.5
2025-10-23 03:48:18,086 - DEBUG - Iter 23300: T=0.77, Fitness_actual=114.9, Mejor=123.5
2025-10-23 03:48:24,206 - DEBUG - Iter 23400: T=0.77, Fitness_actual=113.1, Mejor=123.5
2025-10-23 03:48:30,418 - INFO -   Iter 23500 | Tiempo:   23.7min ( 9.9%) | T =     0.77 | Fitness =    110.8 | Mejor =    123.5 | Aceptación =  69.7%
2025-10-23 03:48:30,418 - INFO - Progreso iter 23500: T=0.77, Fitness=110.8, Mejor=123.5, Tasa_acept=69.7%
2025-10-23 03:48:30,420 - DEBUG - Iter 23500: T=0.77, Fitness_actual=110.8, Mejor=123.5
2025-10-23 03:48:36,605 - DEBUG - Iter 23600: T=0.77, Fitness_actual=108.9, Mejor=123.5
2025-10-23 03:48:42,793 - DEBUG - Iter 23700: T=0.77, Fitness_actual=113.3, Mejor=123.5
2025-10-23 03:48:48,890 - DEBUG - Iter 23800: T=0.77, Fitness_actual=113.9, Mejor=123.5
2025-10-23 03:48:55,215 - DEBUG - Iter 23900: T=0.77, Fitness_actual=113.1, Mejor=123.5
2025-10-23 03:49:01,488 - INFO -   Iter 24000 | Tiempo:   24.2min (10.1%) | T =     0.76 | Fitness =    112.7 | Mejor =    123.5 | Aceptación =  69.7%
2025-10-23 03:49:01,488 - INFO - Progreso iter 24000: T=0.76, Fitness=112.7, Mejor=123.5, Tasa_acept=69.7%
2025-10-23 03:49:01,491 - DEBUG - Iter 24000: T=0.76, Fitness_actual=112.7, Mejor=123.5
2025-10-23 03:49:07,834 - DEBUG - Iter 24100: T=0.76, Fitness_actual=113.2, Mejor=123.5
2025-10-23 03:49:14,183 - DEBUG - Iter 24200: T=0.76, Fitness_actual=109.0, Mejor=123.5
2025-10-23 03:49:20,544 - DEBUG - Iter 24300: T=0.76, Fitness_actual=111.4, Mejor=123.5
2025-10-23 03:49:26,926 - DEBUG - Iter 24400: T=0.76, Fitness_actual=110.1, Mejor=123.5
2025-10-23 03:49:33,319 - INFO -   Iter 24500 | Tiempo:   24.8min (10.3%) | T =     0.76 | Fitness =    107.9 | Mejor =    123.5 | Aceptación =  69.6%
2025-10-23 03:49:33,320 - INFO - Progreso iter 24500: T=0.76, Fitness=107.9, Mejor=123.5, Tasa_acept=69.6%
2025-10-23 03:49:33,322 - DEBUG - Iter 24500: T=0.76, Fitness_actual=107.9, Mejor=123.5
2025-10-23 03:49:39,701 - DEBUG - Iter 24600: T=0.76, Fitness_actual=104.6, Mejor=123.5
2025-10-23 03:49:46,061 - DEBUG - Iter 24700: T=0.76, Fitness_actual=106.1, Mejor=123.5
2025-10-23 03:49:52,471 - DEBUG - Iter 24800: T=0.76, Fitness_actual=105.5, Mejor=123.5
2025-10-23 03:49:58,926 - DEBUG - Iter 24900: T=0.76, Fitness_actual=104.2, Mejor=123.5
2025-10-23 03:50:05,372 - INFO -   Iter 25000 | Tiempo:   25.3min (10.5%) | T =     0.76 | Fitness =    104.6 | Mejor =    123.5 | Aceptación =  69.6%
2025-10-23 03:50:05,373 - INFO - Progreso iter 25000: T=0.76, Fitness=104.6, Mejor=123.5, Tasa_acept=69.6%
2025-10-23 03:50:05,375 - DEBUG - Iter 25000: T=0.76, Fitness_actual=104.6, Mejor=123.5
2025-10-23 03:50:11,829 - DEBUG - Iter 25100: T=0.76, Fitness_actual=104.5, Mejor=123.5
2025-10-23 03:50:18,259 - DEBUG - Iter 25200: T=0.75, Fitness_actual=100.6, Mejor=123.5
2025-10-23 03:50:21,504 - WARNING - ⚠️  DEGRADACIÓN DETECTADA en iter 25250:
2025-10-23 03:50:21,504 - WARNING -    Mejor fitness: 123.5
2025-10-23 03:50:21,504 - WARNING -    Fitness promedio reciente: 100.3
2025-10-23 03:50:21,504 - WARNING -    Degradación: 23.2
2025-10-23 03:50:21,504 - WARNING -    🔄 RESTAURANDO mejor solución...
2025-10-23 03:50:21,641 - INFO - 🌟 MEJORA #94 en iter 25252: Fitness=123.5 (+0.0), Puntos=14846
2025-10-23 03:50:21,707 - INFO - 🌟 MEJORA #95 en iter 25253: Fitness=123.5 (+0.0), Puntos=14846
2025-10-23 03:50:21,707 - INFO -   ✨ Mejora #95 en iteración 25254: Fitness = 123.5 | Puntos = 14846 | T = 0.75
2025-10-23 03:50:21,977 - INFO - 🌟 MEJORA #96 en iter 25257: Fitness=123.5 (+0.0), Puntos=14847
2025-10-23 03:50:22,697 - INFO - 🌟 MEJORA #97 en iter 25268: Fitness=123.6 (+0.1), Puntos=14851
2025-10-23 03:50:22,831 - INFO - 🌟 MEJORA #98 en iter 25270: Fitness=123.6 (+0.0), Puntos=14853
2025-10-23 03:50:23,225 - INFO - 🌟 MEJORA #99 en iter 25276: Fitness=123.6 (+0.0), Puntos=14853
2025-10-23 03:50:24,803 - DEBUG - Iter 25300: T=0.75, Fitness_actual=120.4, Mejor=123.6
2025-10-23 03:50:31,389 - DEBUG - Iter 25400: T=0.75, Fitness_actual=117.6, Mejor=123.6
2025-10-23 03:50:37,887 - INFO -   Iter 25500 | Tiempo:   25.9min (10.8%) | T =     0.75 | Fitness =    118.1 | Mejor =    123.6 | Aceptación =  69.6%
2025-10-23 03:50:37,887 - INFO - Progreso iter 25500: T=0.75, Fitness=118.1, Mejor=123.6, Tasa_acept=69.6%
2025-10-23 03:50:37,890 - DEBUG - Iter 25500: T=0.75, Fitness_actual=118.1, Mejor=123.6
2025-10-23 03:50:44,435 - DEBUG - Iter 25600: T=0.75, Fitness_actual=119.1, Mejor=123.6
2025-10-23 03:50:50,943 - DEBUG - Iter 25700: T=0.75, Fitness_actual=118.4, Mejor=123.6
2025-10-23 03:50:57,517 - DEBUG - Iter 25800: T=0.75, Fitness_actual=118.7, Mejor=123.6
2025-10-23 03:51:04,075 - DEBUG - Iter 25900: T=0.75, Fitness_actual=119.0, Mejor=123.6
2025-10-23 03:51:10,614 - INFO -   Iter 26000 | Tiempo:   26.4min (11.0%) | T =     0.75 | Fitness =    120.1 | Mejor =    123.6 | Aceptación =  69.6%
2025-10-23 03:51:10,614 - INFO - Progreso iter 26000: T=0.75, Fitness=120.1, Mejor=123.6, Tasa_acept=69.6%
2025-10-23 03:51:10,616 - DEBUG - Iter 26000: T=0.75, Fitness_actual=120.1, Mejor=123.6
2025-10-23 03:51:14,384 - INFO - 🌟 MEJORA #100 en iter 26058: Fitness=124.0 (+0.4), Puntos=14838
2025-10-23 03:51:14,384 - INFO -   ✨ Mejora #100 en iteración 26059: Fitness = 124.0 | Puntos = 14838 | T = 0.75
2025-10-23 03:51:17,097 - DEBUG - Iter 26100: T=0.75, Fitness_actual=118.1, Mejor=124.0
2025-10-23 03:51:23,589 - DEBUG - Iter 26200: T=0.75, Fitness_actual=118.4, Mejor=124.0
2025-10-23 03:51:30,096 - DEBUG - Iter 26300: T=0.74, Fitness_actual=117.8, Mejor=124.0
2025-10-23 03:51:36,612 - DEBUG - Iter 26400: T=0.74, Fitness_actual=115.1, Mejor=124.0
2025-10-23 03:51:43,114 - INFO -   Iter 26500 | Tiempo:   26.9min (11.2%) | T =     0.74 | Fitness =    116.5 | Mejor =    124.0 | Aceptación =  69.5%
2025-10-23 03:51:43,114 - INFO - Progreso iter 26500: T=0.74, Fitness=116.5, Mejor=124.0, Tasa_acept=69.5%
2025-10-23 03:51:43,116 - DEBUG - Iter 26500: T=0.74, Fitness_actual=116.5, Mejor=124.0
2025-10-23 03:51:49,624 - DEBUG - Iter 26600: T=0.74, Fitness_actual=111.7, Mejor=124.0
2025-10-23 03:51:56,260 - DEBUG - Iter 26700: T=0.74, Fitness_actual=115.4, Mejor=124.0
2025-10-23 03:52:02,816 - DEBUG - Iter 26800: T=0.74, Fitness_actual=115.3, Mejor=124.0
2025-10-23 03:52:09,442 - DEBUG - Iter 26900: T=0.74, Fitness_actual=111.3, Mejor=124.0
2025-10-23 03:52:16,092 - INFO -   Iter 27000 | Tiempo:   27.5min (11.5%) | T =     0.74 | Fitness =    115.2 | Mejor =    124.0 | Aceptación =  69.5%
2025-10-23 03:52:16,092 - INFO - Progreso iter 27000: T=0.74, Fitness=115.2, Mejor=124.0, Tasa_acept=69.5%
2025-10-23 03:52:16,094 - DEBUG - Iter 27000: T=0.74, Fitness_actual=115.2, Mejor=124.0
2025-10-23 03:52:22,682 - DEBUG - Iter 27100: T=0.74, Fitness_actual=116.4, Mejor=124.0
2025-10-23 03:52:29,266 - DEBUG - Iter 27200: T=0.74, Fitness_actual=117.1, Mejor=124.0
2025-10-23 03:52:35,893 - DEBUG - Iter 27300: T=0.74, Fitness_actual=115.4, Mejor=124.0
2025-10-23 03:52:42,504 - DEBUG - Iter 27400: T=0.73, Fitness_actual=112.8, Mejor=124.0
2025-10-23 03:52:49,143 - INFO -   Iter 27500 | Tiempo:   28.0min (11.7%) | T =     0.73 | Fitness =    110.8 | Mejor =    124.0 | Aceptación =  69.5%
2025-10-23 03:52:49,144 - INFO - Progreso iter 27500: T=0.73, Fitness=110.8, Mejor=124.0, Tasa_acept=69.5%
2025-10-23 03:52:49,146 - DEBUG - Iter 27500: T=0.73, Fitness_actual=110.8, Mejor=124.0
2025-10-23 03:52:55,857 - DEBUG - Iter 27600: T=0.73, Fitness_actual=107.2, Mejor=124.0
2025-10-23 03:53:02,563 - DEBUG - Iter 27700: T=0.73, Fitness_actual=108.6, Mejor=124.0
2025-10-23 03:53:09,241 - DEBUG - Iter 27800: T=0.73, Fitness_actual=110.4, Mejor=124.0
2025-10-23 03:53:15,877 - DEBUG - Iter 27900: T=0.73, Fitness_actual=107.9, Mejor=124.0
2025-10-23 03:53:22,535 - INFO -   Iter 28000 | Tiempo:   28.6min (11.9%) | T =     0.73 | Fitness =    109.5 | Mejor =    124.0 | Aceptación =  69.3%
2025-10-23 03:53:22,535 - INFO - Progreso iter 28000: T=0.73, Fitness=109.5, Mejor=124.0, Tasa_acept=69.3%
2025-10-23 03:53:22,537 - DEBUG - Iter 28000: T=0.73, Fitness_actual=109.5, Mejor=124.0
2025-10-23 03:53:29,177 - DEBUG - Iter 28100: T=0.73, Fitness_actual=104.5, Mejor=124.0
2025-10-23 03:53:32,553 - WARNING - ⚠️  DEGRADACIÓN DETECTADA en iter 28150:
2025-10-23 03:53:32,553 - WARNING -    Mejor fitness: 124.0
2025-10-23 03:53:32,553 - WARNING -    Fitness promedio reciente: 102.5
2025-10-23 03:53:32,554 - WARNING -    Degradación: 21.5
2025-10-23 03:53:32,554 - WARNING -    🔄 RESTAURANDO mejor solución...
2025-10-23 03:53:35,893 - DEBUG - Iter 28200: T=0.73, Fitness_actual=120.1, Mejor=124.0
2025-10-23 03:53:42,558 - DEBUG - Iter 28300: T=0.73, Fitness_actual=117.9, Mejor=124.0
2025-10-23 03:53:49,255 - DEBUG - Iter 28400: T=0.73, Fitness_actual=118.6, Mejor=124.0
2025-10-23 03:53:55,988 - INFO -   Iter 28500 | Tiempo:   29.2min (12.1%) | T =     0.73 | Fitness =    120.1 | Mejor =    124.0 | Aceptación =  69.2%
2025-10-23 03:53:55,988 - INFO - Progreso iter 28500: T=0.73, Fitness=120.1, Mejor=124.0, Tasa_acept=69.2%
2025-10-23 03:53:55,989 - DEBUG - Iter 28500: T=0.73, Fitness_actual=120.1, Mejor=124.0
2025-10-23 03:54:02,710 - DEBUG - Iter 28600: T=0.72, Fitness_actual=120.2, Mejor=124.0
2025-10-23 03:54:09,528 - DEBUG - Iter 28700: T=0.72, Fitness_actual=115.9, Mejor=124.0
2025-10-23 03:54:16,361 - DEBUG - Iter 28800: T=0.72, Fitness_actual=112.7, Mejor=124.0
2025-10-23 03:54:23,220 - DEBUG - Iter 28900: T=0.72, Fitness_actual=117.4, Mejor=124.0
2025-10-23 03:54:30,092 - INFO -   Iter 29000 | Tiempo:   29.7min (12.4%) | T =     0.72 | Fitness =    120.2 | Mejor =    124.0 | Aceptación =  69.1%
2025-10-23 03:54:30,092 - INFO - Progreso iter 29000: T=0.72, Fitness=120.2, Mejor=124.0, Tasa_acept=69.1%
2025-10-23 03:54:30,093 - DEBUG - Iter 29000: T=0.72, Fitness_actual=120.2, Mejor=124.0
2025-10-23 03:54:36,936 - DEBUG - Iter 29100: T=0.72, Fitness_actual=117.1, Mejor=124.0
2025-10-23 03:54:43,784 - DEBUG - Iter 29200: T=0.72, Fitness_actual=118.0, Mejor=124.0
2025-10-23 03:54:50,670 - DEBUG - Iter 29300: T=0.72, Fitness_actual=118.3, Mejor=124.0
2025-10-23 03:54:57,562 - DEBUG - Iter 29400: T=0.72, Fitness_actual=114.8, Mejor=124.0
2025-10-23 03:55:04,549 - INFO -   Iter 29500 | Tiempo:   30.3min (12.6%) | T =     0.72 | Fitness =    118.6 | Mejor =    124.0 | Aceptación =  69.0%
2025-10-23 03:55:04,550 - INFO - Progreso iter 29500: T=0.72, Fitness=118.6, Mejor=124.0, Tasa_acept=69.0%
2025-10-23 03:55:04,552 - DEBUG - Iter 29500: T=0.72, Fitness_actual=118.6, Mejor=124.0
2025-10-23 03:55:11,492 - DEBUG - Iter 29600: T=0.72, Fitness_actual=119.1, Mejor=124.0
2025-10-23 03:55:18,419 - DEBUG - Iter 29700: T=0.71, Fitness_actual=118.0, Mejor=124.0
2025-10-23 03:55:25,384 - DEBUG - Iter 29800: T=0.71, Fitness_actual=114.9, Mejor=124.0
2025-10-23 03:55:32,413 - DEBUG - Iter 29900: T=0.71, Fitness_actual=115.5, Mejor=124.0
2025-10-23 03:55:39,412 - INFO -   Iter 30000 | Tiempo:   30.9min (12.9%) | T =     0.71 | Fitness =    115.3 | Mejor =    124.0 | Aceptación =  68.9%
2025-10-23 03:55:39,413 - INFO - Progreso iter 30000: T=0.71, Fitness=115.3, Mejor=124.0, Tasa_acept=68.9%
2025-10-23 03:55:39,414 - DEBUG - Iter 30000: T=0.71, Fitness_actual=115.3, Mejor=124.0
2025-10-23 03:55:46,396 - DEBUG - Iter 30100: T=0.71, Fitness_actual=115.0, Mejor=124.0
2025-10-23 03:55:53,361 - DEBUG - Iter 30200: T=0.71, Fitness_actual=112.2, Mejor=124.0
2025-10-23 03:56:00,436 - DEBUG - Iter 30300: T=0.71, Fitness_actual=107.1, Mejor=124.0
2025-10-23 03:56:07,545 - DEBUG - Iter 30400: T=0.71, Fitness_actual=110.0, Mejor=124.0
2025-10-23 03:56:14,599 - INFO -   Iter 30500 | Tiempo:   31.5min (13.1%) | T =     0.71 | Fitness =    112.1 | Mejor =    124.0 | Aceptación =  68.9%
2025-10-23 03:56:14,599 - INFO - Progreso iter 30500: T=0.71, Fitness=112.1, Mejor=124.0, Tasa_acept=68.9%
2025-10-23 03:56:14,601 - DEBUG - Iter 30500: T=0.71, Fitness_actual=112.1, Mejor=124.0
2025-10-23 03:56:21,732 - DEBUG - Iter 30600: T=0.71, Fitness_actual=110.9, Mejor=124.0
2025-10-23 03:56:28,803 - DEBUG - Iter 30700: T=0.71, Fitness_actual=113.3, Mejor=124.0
2025-10-23 03:56:35,846 - DEBUG - Iter 30800: T=0.70, Fitness_actual=109.1, Mejor=124.0
2025-10-23 03:56:42,964 - DEBUG - Iter 30900: T=0.70, Fitness_actual=111.2, Mejor=124.0
2025-10-23 03:56:50,071 - INFO -   Iter 31000 | Tiempo:   32.1min (13.4%) | T =     0.70 | Fitness =    113.9 | Mejor =    124.0 | Aceptación =  68.9%
2025-10-23 03:56:50,071 - INFO - Progreso iter 31000: T=0.70, Fitness=113.9, Mejor=124.0, Tasa_acept=68.9%
2025-10-23 03:56:50,072 - DEBUG - Iter 31000: T=0.70, Fitness_actual=113.9, Mejor=124.0
2025-10-23 03:56:57,217 - DEBUG - Iter 31100: T=0.70, Fitness_actual=114.8, Mejor=124.0
2025-10-23 03:57:04,366 - DEBUG - Iter 31200: T=0.70, Fitness_actual=111.4, Mejor=124.0
2025-10-23 03:57:11,550 - DEBUG - Iter 31300: T=0.70, Fitness_actual=109.9, Mejor=124.0
2025-10-23 03:57:18,719 - DEBUG - Iter 31400: T=0.70, Fitness_actual=114.1, Mejor=124.0
2025-10-23 03:57:25,821 - INFO -   Iter 31500 | Tiempo:   32.7min (13.6%) | T =     0.70 | Fitness =    115.3 | Mejor =    124.0 | Aceptación =  68.9%
2025-10-23 03:57:25,822 - INFO - Progreso iter 31500: T=0.70, Fitness=115.3, Mejor=124.0, Tasa_acept=68.9%
2025-10-23 03:57:25,823 - DEBUG - Iter 31500: T=0.70, Fitness_actual=115.3, Mejor=124.0
2025-10-23 03:57:32,939 - DEBUG - Iter 31600: T=0.70, Fitness_actual=114.1, Mejor=124.0
2025-10-23 03:57:40,063 - DEBUG - Iter 31700: T=0.70, Fitness_actual=114.2, Mejor=124.0
2025-10-23 03:57:47,186 - DEBUG - Iter 31800: T=0.70, Fitness_actual=116.8, Mejor=124.0
2025-10-23 03:57:54,351 - DEBUG - Iter 31900: T=0.69, Fitness_actual=112.4, Mejor=124.0
2025-10-23 03:58:01,515 - INFO -   Iter 32000 | Tiempo:   33.2min (13.9%) | T =     0.69 | Fitness =    113.1 | Mejor =    124.0 | Aceptación =  68.8%
2025-10-23 03:58:01,516 - INFO - Progreso iter 32000: T=0.69, Fitness=113.1, Mejor=124.0, Tasa_acept=68.8%
2025-10-23 03:58:01,517 - DEBUG - Iter 32000: T=0.69, Fitness_actual=113.1, Mejor=124.0
2025-10-23 03:58:08,655 - DEBUG - Iter 32100: T=0.69, Fitness_actual=113.4, Mejor=124.0
2025-10-23 03:58:11,803 - WARNING - ================================================================================
2025-10-23 03:58:11,803 - WARNING - ⚠️  SALTO ANORMAL DETECTADO en iteración 32144
2025-10-23 03:58:11,803 - WARNING -    Fitness actual: 113.6
2025-10-23 03:58:11,803 - WARNING -    Fitness vecino: 83.5
2025-10-23 03:58:11,803 - WARNING -    Delta: -30.1
2025-10-23 03:58:11,804 - WARNING -    Temperatura: 0.69
2025-10-23 03:58:11,804 - WARNING -    Tipo perturbación aplicada: (ver generar_vecino)
2025-10-23 03:58:11,804 - WARNING -    Vecino - Puntos: 13988, Tiempo: 13843.7min, Distancia: 284.9km
2025-10-23 03:58:11,804 - WARNING -    Actual - Puntos: 13948, Tiempo: 12093.4min, Distancia: 131.5km
2025-10-23 03:58:11,804 - WARNING -    Validez restricciones - Vecino: False, Actual: False
2025-10-23 03:58:11,804 - WARNING - ================================================================================
2025-10-23 03:58:11,805 - WARNING - ⚠️  SALTO ANORMAL DETECTADO en iteración 32144
2025-10-23 03:58:11,805 - WARNING -    Fitness: 113.6 → 83.5 (Δ=-30.1)
2025-10-23 03:58:11,805 - WARNING -    Ver detalles en archivo de log
2025-10-23 03:58:15,819 - DEBUG - Iter 32200: T=0.69, Fitness_actual=113.5, Mejor=124.0
2025-10-23 03:58:22,979 - DEBUG - Iter 32300: T=0.69, Fitness_actual=110.5, Mejor=124.0
2025-10-23 03:58:30,161 - DEBUG - Iter 32400: T=0.69, Fitness_actual=113.7, Mejor=124.0
2025-10-23 03:58:37,331 - INFO -   Iter 32500 | Tiempo:   33.8min (14.1%) | T =     0.69 | Fitness =    112.6 | Mejor =    124.0 | Aceptación =  68.7%
2025-10-23 03:58:37,331 - INFO - Progreso iter 32500: T=0.69, Fitness=112.6, Mejor=124.0, Tasa_acept=68.7%
2025-10-23 03:58:37,333 - DEBUG - Iter 32500: T=0.69, Fitness_actual=112.6, Mejor=124.0
2025-10-23 03:58:44,609 - DEBUG - Iter 32600: T=0.69, Fitness_actual=113.4, Mejor=124.0
2025-10-23 03:58:51,901 - DEBUG - Iter 32700: T=0.69, Fitness_actual=111.6, Mejor=124.0
2025-10-23 03:58:57,044 - WARNING - ================================================================================
2025-10-23 03:58:57,045 - WARNING - ⚠️  SALTO ANORMAL DETECTADO en iteración 32770
2025-10-23 03:58:57,045 - WARNING -    Fitness actual: 114.8
2025-10-23 03:58:57,045 - WARNING -    Fitness vecino: 78.4
2025-10-23 03:58:57,045 - WARNING -    Delta: -36.4
2025-10-23 03:58:57,045 - WARNING -    Temperatura: 0.69
2025-10-23 03:58:57,045 - WARNING -    Tipo perturbación aplicada: (ver generar_vecino)
2025-10-23 03:58:57,046 - WARNING -    Vecino - Puntos: 13773, Tiempo: 15090.0min, Distancia: 302.9km
2025-10-23 03:58:57,046 - WARNING -    Actual - Puntos: 13777, Tiempo: 13275.9min, Distancia: 143.8km
2025-10-23 03:58:57,046 - WARNING -    Validez restricciones - Vecino: False, Actual: False
2025-10-23 03:58:57,046 - WARNING - ================================================================================
2025-10-23 03:58:57,046 - WARNING - ⚠️  SALTO ANORMAL DETECTADO en iteración 32770
2025-10-23 03:58:57,047 - WARNING -    Fitness: 114.8 → 78.4 (Δ=-36.4)
2025-10-23 03:58:57,047 - WARNING -    Ver detalles en archivo de log
2025-10-23 03:58:59,227 - DEBUG - Iter 32800: T=0.69, Fitness_actual=110.5, Mejor=124.0
2025-10-23 03:59:06,509 - DEBUG - Iter 32900: T=0.69, Fitness_actual=109.4, Mejor=124.0
2025-10-23 03:59:13,756 - INFO -   Iter 33000 | Tiempo:   34.5min (14.4%) | T =     0.69 | Fitness =    110.1 | Mejor =    124.0 | Aceptación =  68.7%
2025-10-23 03:59:13,756 - INFO - Progreso iter 33000: T=0.69, Fitness=110.1, Mejor=124.0, Tasa_acept=68.7%
2025-10-23 03:59:13,757 - DEBUG - Iter 33000: T=0.69, Fitness_actual=110.1, Mejor=124.0
2025-10-23 03:59:21,007 - DEBUG - Iter 33100: T=0.68, Fitness_actual=108.5, Mejor=124.0
2025-10-23 03:59:28,303 - DEBUG - Iter 33200: T=0.68, Fitness_actual=111.7, Mejor=124.0
2025-10-23 03:59:35,577 - DEBUG - Iter 33300: T=0.68, Fitness_actual=110.4, Mejor=124.0
2025-10-23 03:59:42,939 - DEBUG - Iter 33400: T=0.68, Fitness_actual=111.6, Mejor=124.0
2025-10-23 03:59:50,379 - INFO -   Iter 33500 | Tiempo:   35.1min (14.6%) | T =     0.68 | Fitness =    116.0 | Mejor =    124.0 | Aceptación =  68.7%
2025-10-23 03:59:50,379 - INFO - Progreso iter 33500: T=0.68, Fitness=116.0, Mejor=124.0, Tasa_acept=68.7%
2025-10-23 03:59:50,381 - DEBUG - Iter 33500: T=0.68, Fitness_actual=116.0, Mejor=124.0
2025-10-23 03:59:57,859 - DEBUG - Iter 33600: T=0.68, Fitness_actual=115.9, Mejor=124.0
2025-10-23 04:00:05,325 - DEBUG - Iter 33700: T=0.68, Fitness_actual=116.8, Mejor=124.0
2025-10-23 04:00:12,779 - DEBUG - Iter 33800: T=0.68, Fitness_actual=113.4, Mejor=124.0
2025-10-23 04:00:20,251 - DEBUG - Iter 33900: T=0.68, Fitness_actual=112.8, Mejor=124.0
2025-10-23 04:00:27,762 - INFO -   Iter 34000 | Tiempo:   35.7min (14.9%) | T =     0.68 | Fitness =    110.8 | Mejor =    124.0 | Aceptación =  68.6%
2025-10-23 04:00:27,762 - INFO - Progreso iter 34000: T=0.68, Fitness=110.8, Mejor=124.0, Tasa_acept=68.6%
2025-10-23 04:00:27,764 - DEBUG - Iter 34000: T=0.68, Fitness_actual=110.8, Mejor=124.0
2025-10-23 04:00:35,251 - DEBUG - Iter 34100: T=0.68, Fitness_actual=110.2, Mejor=124.0
2025-10-23 04:00:42,719 - DEBUG - Iter 34200: T=0.67, Fitness_actual=108.2, Mejor=124.0
2025-10-23 04:00:50,303 - DEBUG - Iter 34300: T=0.67, Fitness_actual=110.7, Mejor=124.0
2025-10-23 04:00:57,919 - DEBUG - Iter 34400: T=0.67, Fitness_actual=110.4, Mejor=124.0
2025-10-23 04:01:05,554 - INFO -   Iter 34500 | Tiempo:   36.3min (15.1%) | T =     0.67 | Fitness =    114.1 | Mejor =    124.0 | Aceptación =  68.6%
2025-10-23 04:01:05,554 - INFO - Progreso iter 34500: T=0.67, Fitness=114.1, Mejor=124.0, Tasa_acept=68.6%
2025-10-23 04:01:05,556 - DEBUG - Iter 34500: T=0.67, Fitness_actual=114.1, Mejor=124.0
2025-10-23 04:01:13,139 - DEBUG - Iter 34600: T=0.67, Fitness_actual=113.6, Mejor=124.0
2025-10-23 04:01:20,646 - DEBUG - Iter 34700: T=0.67, Fitness_actual=110.3, Mejor=124.0
2025-10-23 04:01:28,137 - DEBUG - Iter 34800: T=0.67, Fitness_actual=110.0, Mejor=124.0
2025-10-23 04:01:35,637 - DEBUG - Iter 34900: T=0.67, Fitness_actual=111.0, Mejor=124.0
2025-10-23 04:01:43,209 - INFO -   Iter 35000 | Tiempo:   36.9min (15.4%) | T =     0.67 | Fitness =    109.0 | Mejor =    124.0 | Aceptación =  68.6%
2025-10-23 04:01:43,210 - INFO - Progreso iter 35000: T=0.67, Fitness=109.0, Mejor=124.0, Tasa_acept=68.6%
2025-10-23 04:01:43,212 - DEBUG - Iter 35000: T=0.67, Fitness_actual=109.0, Mejor=124.0
2025-10-23 04:01:50,863 - DEBUG - Iter 35100: T=0.67, Fitness_actual=109.2, Mejor=124.0
2025-10-23 04:01:58,537 - DEBUG - Iter 35200: T=0.67, Fitness_actual=106.3, Mejor=124.0
2025-10-23 04:02:06,118 - DEBUG - Iter 35300: T=0.66, Fitness_actual=106.4, Mejor=124.0
2025-10-23 04:02:13,744 - DEBUG - Iter 35400: T=0.66, Fitness_actual=106.3, Mejor=124.0
2025-10-23 04:02:21,391 - INFO -   Iter 35500 | Tiempo:   37.6min (15.7%) | T =     0.66 | Fitness =    108.4 | Mejor =    124.0 | Aceptación =  68.6%
2025-10-23 04:02:21,391 - INFO - Progreso iter 35500: T=0.66, Fitness=108.4, Mejor=124.0, Tasa_acept=68.6%
2025-10-23 04:02:21,393 - DEBUG - Iter 35500: T=0.66, Fitness_actual=108.4, Mejor=124.0
2025-10-23 04:02:29,037 - DEBUG - Iter 35600: T=0.66, Fitness_actual=105.7, Mejor=124.0
2025-10-23 04:02:36,697 - DEBUG - Iter 35700: T=0.66, Fitness_actual=108.8, Mejor=124.0
2025-10-23 04:02:44,366 - DEBUG - Iter 35800: T=0.66, Fitness_actual=106.6, Mejor=124.0
2025-10-23 04:02:52,048 - DEBUG - Iter 35900: T=0.66, Fitness_actual=105.5, Mejor=124.0
2025-10-23 04:02:59,726 - INFO -   Iter 36000 | Tiempo:   38.2min (15.9%) | T =     0.66 | Fitness =    104.2 | Mejor =    124.0 | Aceptación =  68.6%
2025-10-23 04:02:59,726 - INFO - Progreso iter 36000: T=0.66, Fitness=104.2, Mejor=124.0, Tasa_acept=68.6%
2025-10-23 04:02:59,729 - DEBUG - Iter 36000: T=0.66, Fitness_actual=104.2, Mejor=124.0
2025-10-23 04:03:03,580 - WARNING - ⚠️  DEGRADACIÓN DETECTADA en iter 36050:
2025-10-23 04:03:03,580 - WARNING -    Mejor fitness: 124.0
2025-10-23 04:03:03,581 - WARNING -    Fitness promedio reciente: 103.6
2025-10-23 04:03:03,581 - WARNING -    Degradación: 20.4
2025-10-23 04:03:03,581 - WARNING -    🔄 RESTAURANDO mejor solución...
2025-10-23 04:03:03,963 - INFO - 🌟 MEJORA #101 en iter 36055: Fitness=124.0 (+0.0), Puntos=14838
2025-10-23 04:03:04,345 - INFO - 🌟 MEJORA #102 en iter 36060: Fitness=124.2 (+0.1), Puntos=14849
2025-10-23 04:03:04,651 - INFO - 🌟 MEJORA #103 en iter 36064: Fitness=124.2 (+0.1), Puntos=14855
2025-10-23 04:03:05,802 - INFO - 🌟 MEJORA #104 en iter 36079: Fitness=124.3 (+0.1), Puntos=14861
2025-10-23 04:03:06,034 - INFO - 🌟 MEJORA #105 en iter 36082: Fitness=124.3 (+0.0), Puntos=14861
2025-10-23 04:03:06,034 - INFO -   ✨ Mejora #105 en iteración 36083: Fitness = 124.3 | Puntos = 14861 | T = 0.66
2025-10-23 04:03:07,415 - DEBUG - Iter 36100: T=0.66, Fitness_actual=124.2, Mejor=124.3
2025-10-23 04:03:08,177 - INFO - 🌟 MEJORA #106 en iter 36110: Fitness=124.3 (+0.0), Puntos=14864
2025-10-23 04:03:08,561 - INFO - 🌟 MEJORA #107 en iter 36115: Fitness=124.4 (+0.1), Puntos=14870
2025-10-23 04:03:09,714 - INFO - 🌟 MEJORA #108 en iter 36130: Fitness=124.4 (+0.0), Puntos=14870
2025-10-23 04:03:09,792 - INFO - 🌟 MEJORA #109 en iter 36131: Fitness=124.4 (+0.0), Puntos=14875
2025-10-23 04:03:10,635 - INFO - 🌟 MEJORA #110 en iter 36142: Fitness=124.4 (+0.0), Puntos=14876
2025-10-23 04:03:10,635 - INFO -   ✨ Mejora #110 en iteración 36143: Fitness = 124.4 | Puntos = 14876 | T = 0.66
2025-10-23 04:03:15,074 - DEBUG - Iter 36200: T=0.66, Fitness_actual=123.3, Mejor=124.4
2025-10-23 04:03:22,754 - DEBUG - Iter 36300: T=0.66, Fitness_actual=122.7, Mejor=124.4
2025-10-23 04:03:30,414 - DEBUG - Iter 36400: T=0.65, Fitness_actual=122.2, Mejor=124.4
2025-10-23 04:03:38,069 - INFO -   Iter 36500 | Tiempo:   38.9min (16.2%) | T =     0.65 | Fitness =    117.0 | Mejor =    124.4 | Aceptación =  68.5%
2025-10-23 04:03:38,069 - INFO - Progreso iter 36500: T=0.65, Fitness=117.0, Mejor=124.4, Tasa_acept=68.5%
2025-10-23 04:03:38,070 - DEBUG - Iter 36500: T=0.65, Fitness_actual=117.0, Mejor=124.4
2025-10-23 04:03:45,719 - DEBUG - Iter 36600: T=0.65, Fitness_actual=116.7, Mejor=124.4
2025-10-23 04:03:53,413 - DEBUG - Iter 36700: T=0.65, Fitness_actual=116.1, Mejor=124.4
2025-10-23 04:04:01,093 - DEBUG - Iter 36800: T=0.65, Fitness_actual=115.6, Mejor=124.4
2025-10-23 04:04:08,818 - DEBUG - Iter 36900: T=0.65, Fitness_actual=113.0, Mejor=124.4
2025-10-23 04:04:16,476 - INFO -   Iter 37000 | Tiempo:   39.5min (16.5%) | T =     0.65 | Fitness =    112.4 | Mejor =    124.4 | Aceptación =  68.5%
2025-10-23 04:04:16,476 - INFO - Progreso iter 37000: T=0.65, Fitness=112.4, Mejor=124.4, Tasa_acept=68.5%
2025-10-23 04:04:16,477 - DEBUG - Iter 37000: T=0.65, Fitness_actual=112.4, Mejor=124.4
2025-10-23 04:04:24,201 - DEBUG - Iter 37100: T=0.65, Fitness_actual=114.7, Mejor=124.4
2025-10-23 04:04:31,961 - DEBUG - Iter 37200: T=0.65, Fitness_actual=114.6, Mejor=124.4
2025-10-23 04:04:39,693 - DEBUG - Iter 37300: T=0.65, Fitness_actual=113.7, Mejor=124.4
2025-10-23 04:04:47,502 - DEBUG - Iter 37400: T=0.65, Fitness_actual=110.2, Mejor=124.4
2025-10-23 04:04:55,230 - INFO -   Iter 37500 | Tiempo:   40.1min (16.7%) | T =     0.64 | Fitness =    110.7 | Mejor =    124.4 | Aceptación =  68.5%
2025-10-23 04:04:55,230 - INFO - Progreso iter 37500: T=0.64, Fitness=110.7, Mejor=124.4, Tasa_acept=68.5%
2025-10-23 04:04:55,231 - DEBUG - Iter 37500: T=0.64, Fitness_actual=110.7, Mejor=124.4
2025-10-23 04:05:02,981 - DEBUG - Iter 37600: T=0.64, Fitness_actual=110.3, Mejor=124.4
2025-10-23 04:05:10,782 - DEBUG - Iter 37700: T=0.64, Fitness_actual=111.0, Mejor=124.4
2025-10-23 04:05:18,588 - DEBUG - Iter 37800: T=0.64, Fitness_actual=109.7, Mejor=124.4
2025-10-23 04:05:26,353 - DEBUG - Iter 37900: T=0.64, Fitness_actual=110.3, Mejor=124.4
2025-10-23 04:05:34,156 - INFO -   Iter 38000 | Tiempo:   40.8min (17.0%) | T =     0.64 | Fitness =    109.8 | Mejor =    124.4 | Aceptación =  68.5%
2025-10-23 04:05:34,156 - INFO - Progreso iter 38000: T=0.64, Fitness=109.8, Mejor=124.4, Tasa_acept=68.5%
2025-10-23 04:05:34,157 - DEBUG - Iter 38000: T=0.64, Fitness_actual=109.8, Mejor=124.4
2025-10-23 04:05:42,010 - DEBUG - Iter 38100: T=0.64, Fitness_actual=106.4, Mejor=124.4
2025-10-23 04:05:49,991 - DEBUG - Iter 38200: T=0.64, Fitness_actual=104.8, Mejor=124.4
2025-10-23 04:05:57,987 - WARNING - ⚠️  DEGRADACIÓN DETECTADA en iter 38300:
2025-10-23 04:05:57,987 - WARNING -    Mejor fitness: 124.4
2025-10-23 04:05:57,987 - WARNING -    Fitness promedio reciente: 104.3
2025-10-23 04:05:57,987 - WARNING -    Degradación: 20.1
2025-10-23 04:05:57,988 - WARNING -    🔄 RESTAURANDO mejor solución...
2025-10-23 04:05:57,989 - DEBUG - Iter 38300: T=0.64, Fitness_actual=124.4, Mejor=124.4
2025-10-23 04:05:58,071 - INFO - 🌟 MEJORA #111 en iter 38301: Fitness=124.4 (+0.0), Puntos=14876
2025-10-23 04:06:06,022 - DEBUG - Iter 38400: T=0.64, Fitness_actual=121.4, Mejor=124.4
2025-10-23 04:06:13,970 - INFO -   Iter 38500 | Tiempo:   41.5min (17.3%) | T =     0.64 | Fitness =    118.4 | Mejor =    124.4 | Aceptación =  68.4%
2025-10-23 04:06:13,970 - INFO - Progreso iter 38500: T=0.64, Fitness=118.4, Mejor=124.4, Tasa_acept=68.4%
2025-10-23 04:06:13,971 - DEBUG - Iter 38500: T=0.64, Fitness_actual=118.4, Mejor=124.4
2025-10-23 04:06:21,956 - DEBUG - Iter 38600: T=0.64, Fitness_actual=118.7, Mejor=124.4
2025-10-23 04:06:30,027 - DEBUG - Iter 38700: T=0.63, Fitness_actual=120.2, Mejor=124.4
2025-10-23 04:06:37,992 - DEBUG - Iter 38800: T=0.63, Fitness_actual=121.3, Mejor=124.4
2025-10-23 04:06:43,431 - WARNING - ================================================================================
2025-10-23 04:06:43,431 - WARNING - ⚠️  SALTO ANORMAL DETECTADO en iteración 38869
2025-10-23 04:06:43,431 - WARNING -    Fitness actual: 115.5
2025-10-23 04:06:43,431 - WARNING -    Fitness vecino: 94.3
2025-10-23 04:06:43,431 - WARNING -    Delta: -21.2
2025-10-23 04:06:43,431 - WARNING -    Temperatura: 0.63
2025-10-23 04:06:43,431 - WARNING -    Tipo perturbación aplicada: (ver generar_vecino)
2025-10-23 04:06:43,432 - WARNING -    Vecino - Puntos: 14596, Tiempo: 14397.5min, Distancia: 194.0km
2025-10-23 04:06:43,432 - WARNING -    Actual - Puntos: 14584, Tiempo: 13319.5min, Distancia: 111.2km
2025-10-23 04:06:43,432 - WARNING -    Validez restricciones - Vecino: False, Actual: False
2025-10-23 04:06:43,432 - WARNING - ================================================================================
2025-10-23 04:06:43,432 - WARNING - ⚠️  SALTO ANORMAL DETECTADO en iteración 38869
2025-10-23 04:06:43,432 - WARNING -    Fitness: 115.5 → 94.3 (Δ=-21.2)
2025-10-23 04:06:43,432 - WARNING -    Ver detalles en archivo de log
2025-10-23 04:06:45,889 - DEBUG - Iter 38900: T=0.63, Fitness_actual=118.4, Mejor=124.4
2025-10-23 04:06:53,883 - INFO -   Iter 39000 | Tiempo:   42.1min (17.6%) | T =     0.63 | Fitness =    117.7 | Mejor =    124.4 | Aceptación =  68.3%
2025-10-23 04:06:53,883 - INFO - Progreso iter 39000: T=0.63, Fitness=117.7, Mejor=124.4, Tasa_acept=68.3%
2025-10-23 04:06:53,885 - DEBUG - Iter 39000: T=0.63, Fitness_actual=117.7, Mejor=124.4
2025-10-23 04:07:01,915 - DEBUG - Iter 39100: T=0.63, Fitness_actual=119.8, Mejor=124.4
2025-10-23 04:07:09,908 - DEBUG - Iter 39200: T=0.63, Fitness_actual=118.4, Mejor=124.4
2025-10-23 04:07:17,865 - DEBUG - Iter 39300: T=0.63, Fitness_actual=116.9, Mejor=124.4
2025-10-23 04:07:25,826 - DEBUG - Iter 39400: T=0.63, Fitness_actual=116.0, Mejor=124.4
2025-10-23 04:07:33,908 - INFO -   Iter 39500 | Tiempo:   42.8min (17.8%) | T =     0.63 | Fitness =    113.0 | Mejor =    124.4 | Aceptación =  68.3%
2025-10-23 04:07:33,908 - INFO - Progreso iter 39500: T=0.63, Fitness=113.0, Mejor=124.4, Tasa_acept=68.3%
2025-10-23 04:07:33,911 - DEBUG - Iter 39500: T=0.63, Fitness_actual=113.0, Mejor=124.4
2025-10-23 04:07:41,985 - DEBUG - Iter 39600: T=0.63, Fitness_actual=113.8, Mejor=124.4
2025-10-23 04:07:50,058 - DEBUG - Iter 39700: T=0.63, Fitness_actual=111.8, Mejor=124.4
2025-10-23 04:07:58,089 - DEBUG - Iter 39800: T=0.62, Fitness_actual=109.0, Mejor=124.4
2025-10-23 04:08:06,119 - DEBUG - Iter 39900: T=0.62, Fitness_actual=107.8, Mejor=124.4
2025-10-23 04:08:14,163 - INFO -   Iter 40000 | Tiempo:   43.5min (18.1%) | T =     0.62 | Fitness =    113.3 | Mejor =    124.4 | Aceptación =  68.3%
2025-10-23 04:08:14,163 - INFO - Progreso iter 40000: T=0.62, Fitness=113.3, Mejor=124.4, Tasa_acept=68.3%
2025-10-23 04:08:14,165 - DEBUG - Iter 40000: T=0.62, Fitness_actual=113.3, Mejor=124.4
2025-10-23 04:08:22,215 - DEBUG - Iter 40100: T=0.62, Fitness_actual=111.6, Mejor=124.4
2025-10-23 04:08:30,293 - DEBUG - Iter 40200: T=0.62, Fitness_actual=111.5, Mejor=124.4
2025-10-23 04:08:38,446 - DEBUG - Iter 40300: T=0.62, Fitness_actual=113.6, Mejor=124.4
2025-10-23 04:08:46,578 - DEBUG - Iter 40400: T=0.62, Fitness_actual=109.7, Mejor=124.4
2025-10-23 04:08:54,706 - INFO -   Iter 40500 | Tiempo:   44.1min (18.4%) | T =     0.62 | Fitness =    109.4 | Mejor =    124.4 | Aceptación =  68.3%
2025-10-23 04:08:54,707 - INFO - Progreso iter 40500: T=0.62, Fitness=109.4, Mejor=124.4, Tasa_acept=68.3%
2025-10-23 04:08:54,709 - DEBUG - Iter 40500: T=0.62, Fitness_actual=109.4, Mejor=124.4
2025-10-23 04:09:02,819 - DEBUG - Iter 40600: T=0.62, Fitness_actual=111.3, Mejor=124.4
2025-10-23 04:09:10,827 - DEBUG - Iter 40700: T=0.62, Fitness_actual=109.1, Mejor=124.4
2025-10-23 04:09:18,892 - DEBUG - Iter 40800: T=0.62, Fitness_actual=106.3, Mejor=124.4
2025-10-23 04:09:22,955 - WARNING - ⚠️  DEGRADACIÓN DETECTADA en iter 40850:
2025-10-23 04:09:22,956 - WARNING -    Mejor fitness: 124.4
2025-10-23 04:09:22,956 - WARNING -    Fitness promedio reciente: 104.2
2025-10-23 04:09:22,956 - WARNING -    Degradación: 20.3
2025-10-23 04:09:22,956 - WARNING -    🔄 RESTAURANDO mejor solución...
2025-10-23 04:09:27,010 - DEBUG - Iter 40900: T=0.61, Fitness_actual=123.0, Mejor=124.4
2025-10-23 04:09:30,045 - INFO - 🌟 MEJORA #112 en iter 40939: Fitness=124.4 (+0.0), Puntos=14874
2025-10-23 04:09:30,198 - INFO - 🌟 MEJORA #113 en iter 40941: Fitness=124.4 (+0.0), Puntos=14874
2025-10-23 04:09:30,733 - INFO - 🌟 MEJORA #114 en iter 40948: Fitness=124.9 (+0.5), Puntos=14922
2025-10-23 04:09:32,738 - INFO - 🌟 MEJORA #115 en iter 40974: Fitness=124.9 (+0.0), Puntos=14924
2025-10-23 04:09:32,739 - INFO -   ✨ Mejora #115 en iteración 40975: Fitness = 124.9 | Puntos = 14924 | T = 0.61
2025-10-23 04:09:33,123 - INFO - 🌟 MEJORA #116 en iter 40979: Fitness=125.1 (+0.2), Puntos=14940
2025-10-23 04:09:34,738 - INFO -   Iter 41000 | Tiempo:   44.8min (18.7%) | T =     0.61 | Fitness =    124.2 | Mejor =    125.1 | Aceptación =  68.2%
2025-10-23 04:09:34,739 - INFO - Progreso iter 41000: T=0.61, Fitness=124.2, Mejor=125.1, Tasa_acept=68.2%
2025-10-23 04:09:34,740 - DEBUG - Iter 41000: T=0.61, Fitness_actual=124.2, Mejor=125.1
2025-10-23 04:09:42,460 - DEBUG - Iter 41100: T=0.61, Fitness_actual=124.3, Mejor=125.1
2025-10-23 04:09:50,164 - DEBUG - Iter 41200: T=0.61, Fitness_actual=121.0, Mejor=125.1
2025-10-23 04:09:57,856 - DEBUG - Iter 41300: T=0.61, Fitness_actual=120.0, Mejor=125.1
2025-10-23 04:10:05,554 - DEBUG - Iter 41400: T=0.61, Fitness_actual=121.4, Mejor=125.1
2025-10-23 04:10:13,295 - INFO -   Iter 41500 | Tiempo:   45.4min (18.9%) | T =     0.61 | Fitness =    120.3 | Mejor =    125.1 | Aceptación =  68.1%
2025-10-23 04:10:13,295 - INFO - Progreso iter 41500: T=0.61, Fitness=120.3, Mejor=125.1, Tasa_acept=68.1%
2025-10-23 04:10:13,296 - DEBUG - Iter 41500: T=0.61, Fitness_actual=120.3, Mejor=125.1
2025-10-23 04:10:21,102 - DEBUG - Iter 41600: T=0.61, Fitness_actual=116.1, Mejor=125.1
2025-10-23 04:10:28,932 - DEBUG - Iter 41700: T=0.61, Fitness_actual=115.8, Mejor=125.1
2025-10-23 04:10:36,827 - DEBUG - Iter 41800: T=0.61, Fitness_actual=116.6, Mejor=125.1
2025-10-23 04:10:44,683 - DEBUG - Iter 41900: T=0.61, Fitness_actual=118.9, Mejor=125.1
2025-10-23 04:10:52,519 - INFO -   Iter 42000 | Tiempo:   46.1min (19.2%) | T =     0.61 | Fitness =    120.0 | Mejor =    125.1 | Aceptación =  68.1%
2025-10-23 04:10:52,520 - INFO - Progreso iter 42000: T=0.61, Fitness=120.0, Mejor=125.1, Tasa_acept=68.1%
2025-10-23 04:10:52,521 - DEBUG - Iter 42000: T=0.61, Fitness_actual=120.0, Mejor=125.1
2025-10-23 04:11:00,542 - DEBUG - Iter 42100: T=0.60, Fitness_actual=117.4, Mejor=125.1
2025-10-23 04:11:08,466 - DEBUG - Iter 42200: T=0.60, Fitness_actual=117.1, Mejor=125.1
2025-10-23 04:11:16,368 - DEBUG - Iter 42300: T=0.60, Fitness_actual=121.2, Mejor=125.1
2025-10-23 04:11:24,307 - DEBUG - Iter 42400: T=0.60, Fitness_actual=118.9, Mejor=125.1
2025-10-23 04:11:32,204 - INFO -   Iter 42500 | Tiempo:   46.8min (19.5%) | T =     0.60 | Fitness =    116.4 | Mejor =    125.1 | Aceptación =  68.0%
2025-10-23 04:11:32,205 - INFO - Progreso iter 42500: T=0.60, Fitness=116.4, Mejor=125.1, Tasa_acept=68.0%
2025-10-23 04:11:32,206 - DEBUG - Iter 42500: T=0.60, Fitness_actual=116.4, Mejor=125.1
2025-10-23 04:11:40,174 - DEBUG - Iter 42600: T=0.60, Fitness_actual=114.2, Mejor=125.1
2025-10-23 04:11:48,097 - DEBUG - Iter 42700: T=0.60, Fitness_actual=114.1, Mejor=125.1
2025-10-23 04:11:56,120 - DEBUG - Iter 42800: T=0.60, Fitness_actual=116.8, Mejor=125.1
2025-10-23 04:12:04,146 - DEBUG - Iter 42900: T=0.60, Fitness_actual=115.8, Mejor=125.1
2025-10-23 04:12:12,152 - INFO -   Iter 43000 | Tiempo:   47.4min (19.8%) | T =     0.60 | Fitness =    116.9 | Mejor =    125.1 | Aceptación =  68.0%
2025-10-23 04:12:12,152 - INFO - Progreso iter 43000: T=0.60, Fitness=116.9, Mejor=125.1, Tasa_acept=68.0%
2025-10-23 04:12:12,153 - DEBUG - Iter 43000: T=0.60, Fitness_actual=116.9, Mejor=125.1
2025-10-23 04:12:20,268 - DEBUG - Iter 43100: T=0.60, Fitness_actual=116.1, Mejor=125.1
2025-10-23 04:12:28,393 - DEBUG - Iter 43200: T=0.60, Fitness_actual=116.1, Mejor=125.1
2025-10-23 04:12:36,496 - DEBUG - Iter 43300: T=0.59, Fitness_actual=118.4, Mejor=125.1
2025-10-23 04:12:44,594 - DEBUG - Iter 43400: T=0.59, Fitness_actual=118.8, Mejor=125.1
2025-10-23 04:12:52,651 - INFO -   Iter 43500 | Tiempo:   48.1min (20.0%) | T =     0.59 | Fitness =    115.1 | Mejor =    125.1 | Aceptación =  68.0%
2025-10-23 04:12:52,652 - INFO - Progreso iter 43500: T=0.59, Fitness=115.1, Mejor=125.1, Tasa_acept=68.0%
2025-10-23 04:12:52,654 - DEBUG - Iter 43500: T=0.59, Fitness_actual=115.1, Mejor=125.1
2025-10-23 04:13:00,735 - DEBUG - Iter 43600: T=0.59, Fitness_actual=114.3, Mejor=125.1
2025-10-23 04:13:08,838 - DEBUG - Iter 43700: T=0.59, Fitness_actual=113.8, Mejor=125.1
2025-10-23 04:13:16,903 - DEBUG - Iter 43800: T=0.59, Fitness_actual=112.2, Mejor=125.1
2025-10-23 04:13:25,009 - DEBUG - Iter 43900: T=0.59, Fitness_actual=114.6, Mejor=125.1
2025-10-23 04:13:33,061 - INFO -   Iter 44000 | Tiempo:   48.8min (20.3%) | T =     0.59 | Fitness =    110.6 | Mejor =    125.1 | Aceptación =  67.9%
2025-10-23 04:13:33,061 - INFO - Progreso iter 44000: T=0.59, Fitness=110.6, Mejor=125.1, Tasa_acept=67.9%
2025-10-23 04:13:33,062 - DEBUG - Iter 44000: T=0.59, Fitness_actual=110.6, Mejor=125.1
2025-10-23 04:13:41,113 - DEBUG - Iter 44100: T=0.59, Fitness_actual=111.5, Mejor=125.1
2025-10-23 04:13:49,214 - DEBUG - Iter 44200: T=0.59, Fitness_actual=108.7, Mejor=125.1
2025-10-23 04:13:57,345 - DEBUG - Iter 44300: T=0.59, Fitness_actual=110.6, Mejor=125.1
2025-10-23 04:14:05,430 - DEBUG - Iter 44400: T=0.59, Fitness_actual=112.2, Mejor=125.1
2025-10-23 04:14:13,556 - INFO -   Iter 44500 | Tiempo:   49.4min (20.6%) | T =     0.59 | Fitness =    110.9 | Mejor =    125.1 | Aceptación =  67.9%
2025-10-23 04:14:13,556 - INFO - Progreso iter 44500: T=0.59, Fitness=110.9, Mejor=125.1, Tasa_acept=67.9%
2025-10-23 04:14:13,557 - DEBUG - Iter 44500: T=0.59, Fitness_actual=110.9, Mejor=125.1
2025-10-23 04:14:21,648 - DEBUG - Iter 44600: T=0.58, Fitness_actual=112.3, Mejor=125.1
2025-10-23 04:14:29,737 - DEBUG - Iter 44700: T=0.58, Fitness_actual=114.1, Mejor=125.1
2025-10-23 04:14:37,868 - DEBUG - Iter 44800: T=0.58, Fitness_actual=114.3, Mejor=125.1
2025-10-23 04:14:46,059 - DEBUG - Iter 44900: T=0.58, Fitness_actual=115.3, Mejor=125.1
2025-10-23 04:14:54,246 - INFO -   Iter 45000 | Tiempo:   50.1min (20.9%) | T =     0.58 | Fitness =    114.6 | Mejor =    125.1 | Aceptación =  67.9%
2025-10-23 04:14:54,246 - INFO - Progreso iter 45000: T=0.58, Fitness=114.6, Mejor=125.1, Tasa_acept=67.9%
2025-10-23 04:14:54,248 - DEBUG - Iter 45000: T=0.58, Fitness_actual=114.6, Mejor=125.1
2025-10-23 04:15:02,420 - DEBUG - Iter 45100: T=0.58, Fitness_actual=113.5, Mejor=125.1
2025-10-23 04:15:10,547 - DEBUG - Iter 45200: T=0.58, Fitness_actual=115.3, Mejor=125.1
2025-10-23 04:15:18,764 - DEBUG - Iter 45300: T=0.58, Fitness_actual=114.2, Mejor=125.1
2025-10-23 04:15:27,059 - DEBUG - Iter 45400: T=0.58, Fitness_actual=111.5, Mejor=125.1
2025-10-23 04:15:35,261 - INFO -   Iter 45500 | Tiempo:   50.8min (21.2%) | T =     0.58 | Fitness =    114.6 | Mejor =    125.1 | Aceptación =  67.8%
2025-10-23 04:15:35,261 - INFO - Progreso iter 45500: T=0.58, Fitness=114.6, Mejor=125.1, Tasa_acept=67.8%
2025-10-23 04:15:35,263 - DEBUG - Iter 45500: T=0.58, Fitness_actual=114.6, Mejor=125.1
2025-10-23 04:15:43,453 - DEBUG - Iter 45600: T=0.58, Fitness_actual=114.2, Mejor=125.1
2025-10-23 04:15:51,698 - DEBUG - Iter 45700: T=0.58, Fitness_actual=113.7, Mejor=125.1
2025-10-23 04:16:00,033 - DEBUG - Iter 45800: T=0.57, Fitness_actual=117.4, Mejor=125.1
2025-10-23 04:16:08,274 - DEBUG - Iter 45900: T=0.57, Fitness_actual=118.9, Mejor=125.1
2025-10-23 04:16:16,543 - INFO -   Iter 46000 | Tiempo:   51.5min (21.5%) | T =     0.57 | Fitness =    118.2 | Mejor =    125.1 | Aceptación =  67.6%
2025-10-23 04:16:16,543 - INFO - Progreso iter 46000: T=0.57, Fitness=118.2, Mejor=125.1, Tasa_acept=67.6%
2025-10-23 04:16:16,546 - DEBUG - Iter 46000: T=0.57, Fitness_actual=118.2, Mejor=125.1
2025-10-23 04:16:20,508 - WARNING - ================================================================================
2025-10-23 04:16:20,508 - WARNING - ⚠️  SALTO ANORMAL DETECTADO en iteración 46048
2025-10-23 04:16:20,509 - WARNING -    Fitness actual: 116.4
2025-10-23 04:16:20,509 - WARNING -    Fitness vecino: 92.7
2025-10-23 04:16:20,509 - WARNING -    Delta: -23.7
2025-10-23 04:16:20,509 - WARNING -    Temperatura: 0.57
2025-10-23 04:16:20,509 - WARNING -    Tipo perturbación aplicada: (ver generar_vecino)
2025-10-23 04:16:20,509 - WARNING -    Vecino - Puntos: 14022, Tiempo: 13673.9min, Distancia: 200.7km
2025-10-23 04:16:20,509 - WARNING -    Actual - Puntos: 14075, Tiempo: 12426.4min, Distancia: 120.9km
2025-10-23 04:16:20,510 - WARNING -    Validez restricciones - Vecino: False, Actual: False
2025-10-23 04:16:20,510 - WARNING - ================================================================================
2025-10-23 04:16:20,510 - WARNING - ⚠️  SALTO ANORMAL DETECTADO en iteración 46048
2025-10-23 04:16:20,510 - WARNING -    Fitness: 116.4 → 92.7 (Δ=-23.7)
2025-10-23 04:16:20,510 - WARNING -    Ver detalles en archivo de log
2025-10-23 04:16:24,791 - DEBUG - Iter 46100: T=0.57, Fitness_actual=113.6, Mejor=125.1
2025-10-23 04:16:33,085 - DEBUG - Iter 46200: T=0.57, Fitness_actual=111.1, Mejor=125.1
2025-10-23 04:16:41,412 - DEBUG - Iter 46300: T=0.57, Fitness_actual=111.8, Mejor=125.1
2025-10-23 04:16:49,694 - DEBUG - Iter 46400: T=0.57, Fitness_actual=111.2, Mejor=125.1
2025-10-23 04:16:58,091 - INFO -   Iter 46500 | Tiempo:   52.2min (21.7%) | T =     0.57 | Fitness =    114.0 | Mejor =    125.1 | Aceptación =  67.6%
2025-10-23 04:16:58,092 - INFO - Progreso iter 46500: T=0.57, Fitness=114.0, Mejor=125.1, Tasa_acept=67.6%
2025-10-23 04:16:58,092 - DEBUG - Iter 46500: T=0.57, Fitness_actual=114.0, Mejor=125.1
2025-10-23 04:17:06,373 - DEBUG - Iter 46600: T=0.57, Fitness_actual=112.0, Mejor=125.1
2025-10-23 04:17:14,714 - DEBUG - Iter 46700: T=0.57, Fitness_actual=114.0, Mejor=125.1
2025-10-23 04:17:23,263 - DEBUG - Iter 46800: T=0.57, Fitness_actual=112.3, Mejor=125.1
2025-10-23 04:17:31,700 - DEBUG - Iter 46900: T=0.57, Fitness_actual=114.9, Mejor=125.1
2025-10-23 04:17:40,070 - INFO -   Iter 47000 | Tiempo:   52.9min (22.0%) | T =     0.56 | Fitness =    115.2 | Mejor =    125.1 | Aceptación =  67.6%
2025-10-23 04:17:40,070 - INFO - Progreso iter 47000: T=0.56, Fitness=115.2, Mejor=125.1, Tasa_acept=67.6%
2025-10-23 04:17:40,072 - DEBUG - Iter 47000: T=0.56, Fitness_actual=115.2, Mejor=125.1
2025-10-23 04:17:48,440 - DEBUG - Iter 47100: T=0.56, Fitness_actual=118.1, Mejor=125.1
2025-10-23 04:17:56,776 - DEBUG - Iter 47200: T=0.56, Fitness_actual=118.0, Mejor=125.1
2025-10-23 04:18:05,095 - DEBUG - Iter 47300: T=0.56, Fitness_actual=120.9, Mejor=125.1
2025-10-23 04:18:13,438 - DEBUG - Iter 47400: T=0.56, Fitness_actual=121.7, Mejor=125.1
2025-10-23 04:18:21,821 - INFO -   Iter 47500 | Tiempo:   53.6min (22.3%) | T =     0.56 | Fitness =    121.0 | Mejor =    125.1 | Aceptación =  67.5%
2025-10-23 04:18:21,821 - INFO - Progreso iter 47500: T=0.56, Fitness=121.0, Mejor=125.1, Tasa_acept=67.5%
2025-10-23 04:18:21,823 - DEBUG - Iter 47500: T=0.56, Fitness_actual=121.0, Mejor=125.1
2025-10-23 04:18:30,264 - DEBUG - Iter 47600: T=0.56, Fitness_actual=118.6, Mejor=125.1
2025-10-23 04:18:38,728 - DEBUG - Iter 47700: T=0.56, Fitness_actual=120.3, Mejor=125.1
2025-10-23 04:18:47,127 - DEBUG - Iter 47800: T=0.56, Fitness_actual=114.5, Mejor=125.1
2025-10-23 04:18:55,635 - DEBUG - Iter 47900: T=0.56, Fitness_actual=116.4, Mejor=125.1
2025-10-23 04:19:04,114 - INFO -   Iter 48000 | Tiempo:   54.3min (22.6%) | T =     0.56 | Fitness =    111.3 | Mejor =    125.1 | Aceptación =  67.4%
2025-10-23 04:19:04,115 - INFO - Progreso iter 48000: T=0.56, Fitness=111.3, Mejor=125.1, Tasa_acept=67.4%
2025-10-23 04:19:04,117 - DEBUG - Iter 48000: T=0.56, Fitness_actual=111.3, Mejor=125.1
2025-10-23 04:19:13,547 - DEBUG - Iter 48100: T=0.56, Fitness_actual=112.1, Mejor=125.1
2025-10-23 04:19:23,409 - DEBUG - Iter 48200: T=0.55, Fitness_actual=109.7, Mejor=125.1
2025-10-23 04:19:33,273 - DEBUG - Iter 48300: T=0.55, Fitness_actual=107.5, Mejor=125.1
2025-10-23 04:19:43,089 - WARNING - ⚠️  DEGRADACIÓN DETECTADA en iter 48400:
2025-10-23 04:19:43,090 - WARNING -    Mejor fitness: 125.1
2025-10-23 04:19:43,090 - WARNING -    Fitness promedio reciente: 103.7
2025-10-23 04:19:43,090 - WARNING -    Degradación: 21.4
2025-10-23 04:19:43,090 - WARNING -    🔄 RESTAURANDO mejor solución...
2025-10-23 04:19:43,092 - DEBUG - Iter 48400: T=0.55, Fitness_actual=125.1, Mejor=125.1
2025-10-23 04:19:52,399 - INFO - 🌟 MEJORA #117 en iter 48494: Fitness=125.3 (+0.2), Puntos=14970
2025-10-23 04:19:52,992 - INFO -   Iter 48500 | Tiempo:   55.1min (23.0%) | T =     0.55 | Fitness =    125.2 | Mejor =    125.3 | Aceptación =  67.4%
2025-10-23 04:19:52,992 - INFO - Progreso iter 48500: T=0.55, Fitness=125.2, Mejor=125.3, Tasa_acept=67.4%
2025-10-23 04:19:52,993 - DEBUG - Iter 48500: T=0.55, Fitness_actual=125.2, Mejor=125.3
2025-10-23 04:19:53,988 - INFO - 🌟 MEJORA #118 en iter 48510: Fitness=126.3 (+1.0), Puntos=14966
2025-10-23 04:19:54,418 - INFO - 🌟 MEJORA #119 en iter 48515: Fitness=126.9 (+0.7), Puntos=14935
2025-10-23 04:19:54,502 - INFO - 🌟 MEJORA #120 en iter 48516: Fitness=126.9 (+0.0), Puntos=14935
2025-10-23 04:19:54,502 - INFO -   ✨ Mejora #120 en iteración 48517: Fitness = 126.9 | Puntos = 14935 | T = 0.55
2025-10-23 04:20:01,699 - DEBUG - Iter 48600: T=0.55, Fitness_actual=123.4, Mejor=126.9
2025-10-23 04:20:10,274 - DEBUG - Iter 48700: T=0.55, Fitness_actual=123.3, Mejor=126.9
2025-10-23 04:20:18,866 - DEBUG - Iter 48800: T=0.55, Fitness_actual=124.5, Mejor=126.9
2025-10-23 04:20:27,451 - DEBUG - Iter 48900: T=0.55, Fitness_actual=121.8, Mejor=126.9
2025-10-23 04:20:36,066 - INFO -   Iter 49000 | Tiempo:   55.8min (23.3%) | T =     0.55 | Fitness =    119.2 | Mejor =    126.9 | Aceptación =  67.3%
2025-10-23 04:20:36,066 - INFO - Progreso iter 49000: T=0.55, Fitness=119.2, Mejor=126.9, Tasa_acept=67.3%
2025-10-23 04:20:36,069 - DEBUG - Iter 49000: T=0.55, Fitness_actual=119.2, Mejor=126.9
2025-10-23 04:20:44,713 - DEBUG - Iter 49100: T=0.55, Fitness_actual=118.3, Mejor=126.9
2025-10-23 04:20:53,307 - DEBUG - Iter 49200: T=0.55, Fitness_actual=119.7, Mejor=126.9
2025-10-23 04:21:02,092 - DEBUG - Iter 49300: T=0.55, Fitness_actual=125.0, Mejor=126.9
2025-10-23 04:21:10,645 - DEBUG - Iter 49400: T=0.54, Fitness_actual=121.9, Mejor=126.9
2025-10-23 04:21:19,242 - INFO -   Iter 49500 | Tiempo:   56.5min (23.6%) | T =     0.54 | Fitness =    119.3 | Mejor =    126.9 | Aceptación =  67.2%
2025-10-23 04:21:19,243 - INFO - Progreso iter 49500: T=0.54, Fitness=119.3, Mejor=126.9, Tasa_acept=67.2%
2025-10-23 04:21:19,244 - DEBUG - Iter 49500: T=0.54, Fitness_actual=119.3, Mejor=126.9
2025-10-23 04:21:27,859 - DEBUG - Iter 49600: T=0.54, Fitness_actual=118.3, Mejor=126.9
2025-10-23 04:21:36,493 - DEBUG - Iter 49700: T=0.54, Fitness_actual=118.1, Mejor=126.9
2025-10-23 04:21:45,137 - DEBUG - Iter 49800: T=0.54, Fitness_actual=119.0, Mejor=126.9
2025-10-23 04:21:53,815 - DEBUG - Iter 49900: T=0.54, Fitness_actual=113.6, Mejor=126.9
2025-10-23 04:22:02,573 - INFO -   Iter 50000 | Tiempo:   57.3min (23.9%) | T =     0.54 | Fitness =    116.1 | Mejor =    126.9 | Aceptación =  67.2%
2025-10-23 04:22:02,573 - INFO - Progreso iter 50000: T=0.54, Fitness=116.1, Mejor=126.9, Tasa_acept=67.2%
2025-10-23 04:22:02,574 - DEBUG - Iter 50000: T=0.54, Fitness_actual=116.1, Mejor=126.9
2025-10-23 04:22:11,286 - DEBUG - Iter 50100: T=0.54, Fitness_actual=117.6, Mejor=126.9
2025-10-23 04:22:20,031 - DEBUG - Iter 50200: T=0.54, Fitness_actual=120.1, Mejor=126.9
2025-10-23 04:22:28,723 - DEBUG - Iter 50300: T=0.54, Fitness_actual=118.0, Mejor=126.9
2025-10-23 04:22:37,395 - DEBUG - Iter 50400: T=0.54, Fitness_actual=118.3, Mejor=126.9
2025-10-23 04:22:46,050 - INFO -   Iter 50500 | Tiempo:   58.0min (24.2%) | T =     0.54 | Fitness =    115.4 | Mejor =    126.9 | Aceptación =  67.0%
2025-10-23 04:22:46,050 - INFO - Progreso iter 50500: T=0.54, Fitness=115.4, Mejor=126.9, Tasa_acept=67.0%
2025-10-23 04:22:46,051 - DEBUG - Iter 50500: T=0.54, Fitness_actual=115.4, Mejor=126.9
2025-10-23 04:22:54,729 - DEBUG - Iter 50600: T=0.54, Fitness_actual=115.6, Mejor=126.9
2025-10-23 04:23:03,435 - DEBUG - Iter 50700: T=0.53, Fitness_actual=117.5, Mejor=126.9
2025-10-23 04:23:12,156 - DEBUG - Iter 50800: T=0.53, Fitness_actual=119.5, Mejor=126.9
2025-10-23 04:23:20,896 - DEBUG - Iter 50900: T=0.53, Fitness_actual=117.3, Mejor=126.9
2025-10-23 04:23:29,661 - INFO -   Iter 51000 | Tiempo:   58.7min (24.5%) | T =     0.53 | Fitness =    117.2 | Mejor =    126.9 | Aceptación =  66.9%
2025-10-23 04:23:29,661 - INFO - Progreso iter 51000: T=0.53, Fitness=117.2, Mejor=126.9, Tasa_acept=66.9%
2025-10-23 04:23:29,663 - DEBUG - Iter 51000: T=0.53, Fitness_actual=117.2, Mejor=126.9
2025-10-23 04:23:38,400 - DEBUG - Iter 51100: T=0.53, Fitness_actual=118.1, Mejor=126.9
2025-10-23 04:23:47,150 - DEBUG - Iter 51200: T=0.53, Fitness_actual=118.3, Mejor=126.9
2025-10-23 04:23:55,962 - DEBUG - Iter 51300: T=0.53, Fitness_actual=114.7, Mejor=126.9
2025-10-23 04:24:04,817 - DEBUG - Iter 51400: T=0.53, Fitness_actual=112.0, Mejor=126.9
2025-10-23 04:24:13,635 - INFO -   Iter 51500 | Tiempo:   59.5min (24.8%) | T =     0.53 | Fitness =    114.4 | Mejor =    126.9 | Aceptación =  66.8%
2025-10-23 04:24:13,635 - INFO - Progreso iter 51500: T=0.53, Fitness=114.4, Mejor=126.9, Tasa_acept=66.8%
2025-10-23 04:24:13,636 - DEBUG - Iter 51500: T=0.53, Fitness_actual=114.4, Mejor=126.9
2025-10-23 04:24:22,366 - DEBUG - Iter 51600: T=0.53, Fitness_actual=114.6, Mejor=126.9
2025-10-23 04:24:31,164 - DEBUG - Iter 51700: T=0.53, Fitness_actual=114.0, Mejor=126.9
2025-10-23 04:24:40,002 - DEBUG - Iter 51800: T=0.53, Fitness_actual=113.8, Mejor=126.9
2025-10-23 04:24:48,845 - DEBUG - Iter 51900: T=0.52, Fitness_actual=115.5, Mejor=126.9
2025-10-23 04:24:57,696 - INFO -   Iter 52000 | Tiempo:   60.2min (25.1%) | T =     0.52 | Fitness =    117.6 | Mejor =    126.9 | Aceptación =  66.7%
2025-10-23 04:24:57,696 - INFO - Progreso iter 52000: T=0.52, Fitness=117.6, Mejor=126.9, Tasa_acept=66.7%
2025-10-23 04:24:57,699 - DEBUG - Iter 52000: T=0.52, Fitness_actual=117.6, Mejor=126.9
2025-10-23 04:25:06,680 - DEBUG - Iter 52100: T=0.52, Fitness_actual=119.5, Mejor=126.9
2025-10-23 04:25:15,583 - DEBUG - Iter 52200: T=0.52, Fitness_actual=115.5, Mejor=126.9
2025-10-23 04:25:24,478 - DEBUG - Iter 52300: T=0.52, Fitness_actual=116.1, Mejor=126.9
2025-10-23 04:25:33,438 - DEBUG - Iter 52400: T=0.52, Fitness_actual=116.4, Mejor=126.9
2025-10-23 04:25:42,403 - INFO -   Iter 52500 | Tiempo:   60.9min (25.4%) | T =     0.52 | Fitness =    117.5 | Mejor =    126.9 | Aceptación =  66.6%
2025-10-23 04:25:42,403 - INFO - Progreso iter 52500: T=0.52, Fitness=117.5, Mejor=126.9, Tasa_acept=66.6%
2025-10-23 04:25:42,405 - DEBUG - Iter 52500: T=0.52, Fitness_actual=117.5, Mejor=126.9
2025-10-23 04:25:51,387 - DEBUG - Iter 52600: T=0.52, Fitness_actual=117.0, Mejor=126.9
2025-10-23 04:26:00,398 - DEBUG - Iter 52700: T=0.52, Fitness_actual=118.2, Mejor=126.9
2025-10-23 04:26:09,394 - DEBUG - Iter 52800: T=0.52, Fitness_actual=119.2, Mejor=126.9
2025-10-23 04:26:18,356 - DEBUG - Iter 52900: T=0.52, Fitness_actual=119.4, Mejor=126.9
2025-10-23 04:26:27,368 - INFO -   Iter 53000 | Tiempo:   61.7min (25.7%) | T =     0.52 | Fitness =    118.8 | Mejor =    126.9 | Aceptación =  66.6%
2025-10-23 04:26:27,368 - INFO - Progreso iter 53000: T=0.52, Fitness=118.8, Mejor=126.9, Tasa_acept=66.6%
2025-10-23 04:26:27,370 - DEBUG - Iter 53000: T=0.52, Fitness_actual=118.8, Mejor=126.9
2025-10-23 04:26:36,392 - DEBUG - Iter 53100: T=0.52, Fitness_actual=118.5, Mejor=126.9
2025-10-23 04:26:45,406 - DEBUG - Iter 53200: T=0.51, Fitness_actual=116.3, Mejor=126.9
2025-10-23 04:26:54,490 - DEBUG - Iter 53300: T=0.51, Fitness_actual=113.8, Mejor=126.9
2025-10-23 04:27:03,552 - DEBUG - Iter 53400: T=0.51, Fitness_actual=113.2, Mejor=126.9
2025-10-23 04:27:12,640 - INFO -   Iter 53500 | Tiempo:   62.4min (26.0%) | T =     0.51 | Fitness =    113.9 | Mejor =    126.9 | Aceptación =  66.5%
2025-10-23 04:27:12,641 - INFO - Progreso iter 53500: T=0.51, Fitness=113.9, Mejor=126.9, Tasa_acept=66.5%
2025-10-23 04:27:12,643 - DEBUG - Iter 53500: T=0.51, Fitness_actual=113.9, Mejor=126.9
2025-10-23 04:27:21,705 - DEBUG - Iter 53600: T=0.51, Fitness_actual=112.0, Mejor=126.9
2025-10-23 04:27:30,751 - DEBUG - Iter 53700: T=0.51, Fitness_actual=108.7, Mejor=126.9
2025-10-23 04:27:39,799 - DEBUG - Iter 53800: T=0.51, Fitness_actual=111.8, Mejor=126.9
2025-10-23 04:27:48,874 - DEBUG - Iter 53900: T=0.51, Fitness_actual=112.1, Mejor=126.9
2025-10-23 04:27:51,501 - WARNING - ================================================================================
2025-10-23 04:27:51,501 - WARNING - ⚠️  SALTO ANORMAL DETECTADO en iteración 53929
2025-10-23 04:27:51,501 - WARNING -    Fitness actual: 114.1
2025-10-23 04:27:51,501 - WARNING -    Fitness vecino: 91.2
2025-10-23 04:27:51,501 - WARNING -    Delta: -22.9
2025-10-23 04:27:51,501 - WARNING -    Temperatura: 0.51
2025-10-23 04:27:51,501 - WARNING -    Tipo perturbación aplicada: (ver generar_vecino)
2025-10-23 04:27:51,502 - WARNING -    Vecino - Puntos: 13877, Tiempo: 13082.9min, Distancia: 196.9km
2025-10-23 04:27:51,502 - WARNING -    Actual - Puntos: 13848, Tiempo: 11774.9min, Distancia: 111.2km
2025-10-23 04:27:51,502 - WARNING -    Validez restricciones - Vecino: False, Actual: False
2025-10-23 04:27:51,502 - WARNING - ================================================================================
2025-10-23 04:27:51,502 - WARNING - ⚠️  SALTO ANORMAL DETECTADO en iteración 53929
2025-10-23 04:27:51,502 - WARNING -    Fitness: 114.1 → 91.2 (Δ=-22.9)
2025-10-23 04:27:51,503 - WARNING -    Ver detalles en archivo de log
2025-10-23 04:27:57,935 - INFO -   Iter 54000 | Tiempo:   63.2min (26.3%) | T =     0.51 | Fitness =    112.3 | Mejor =    126.9 | Aceptación =  66.4%
2025-10-23 04:27:57,935 - INFO - Progreso iter 54000: T=0.51, Fitness=112.3, Mejor=126.9, Tasa_acept=66.4%
2025-10-23 04:27:57,937 - DEBUG - Iter 54000: T=0.51, Fitness_actual=112.3, Mejor=126.9
2025-10-23 04:28:07,029 - DEBUG - Iter 54100: T=0.51, Fitness_actual=111.3, Mejor=126.9
2025-10-23 04:28:16,137 - DEBUG - Iter 54200: T=0.51, Fitness_actual=111.4, Mejor=126.9
2025-10-23 04:28:25,243 - DEBUG - Iter 54300: T=0.51, Fitness_actual=111.4, Mejor=126.9
2025-10-23 04:28:34,357 - DEBUG - Iter 54400: T=0.51, Fitness_actual=110.4, Mejor=126.9
2025-10-23 04:28:43,535 - INFO -   Iter 54500 | Tiempo:   63.9min (26.6%) | T =     0.50 | Fitness =    109.7 | Mejor =    126.9 | Aceptación =  66.3%
2025-10-23 04:28:43,535 - INFO - Progreso iter 54500: T=0.50, Fitness=109.7, Mejor=126.9, Tasa_acept=66.3%
2025-10-23 04:28:43,537 - DEBUG - Iter 54500: T=0.50, Fitness_actual=109.7, Mejor=126.9
2025-10-23 04:28:52,738 - DEBUG - Iter 54600: T=0.50, Fitness_actual=113.0, Mejor=126.9
2025-10-23 04:29:01,898 - DEBUG - Iter 54700: T=0.50, Fitness_actual=115.7, Mejor=126.9
2025-10-23 04:29:11,049 - DEBUG - Iter 54800: T=0.50, Fitness_actual=115.8, Mejor=126.9
2025-10-23 04:29:20,203 - DEBUG - Iter 54900: T=0.50, Fitness_actual=114.6, Mejor=126.9
2025-10-23 04:29:29,414 - INFO -   Iter 55000 | Tiempo:   64.7min (27.0%) | T =     0.50 | Fitness =    115.0 | Mejor =    126.9 | Aceptación =  66.3%
2025-10-23 04:29:29,414 - INFO - Progreso iter 55000: T=0.50, Fitness=115.0, Mejor=126.9, Tasa_acept=66.3%
2025-10-23 04:29:29,416 - DEBUG - Iter 55000: T=0.50, Fitness_actual=115.0, Mejor=126.9
2025-10-23 04:29:38,651 - DEBUG - Iter 55100: T=0.50, Fitness_actual=111.9, Mejor=126.9
2025-10-23 04:29:47,895 - DEBUG - Iter 55200: T=0.50, Fitness_actual=110.8, Mejor=126.9
2025-10-23 04:29:57,174 - DEBUG - Iter 55300: T=0.50, Fitness_actual=112.5, Mejor=126.9
2025-10-23 04:30:06,440 - DEBUG - Iter 55400: T=0.50, Fitness_actual=110.6, Mejor=126.9
2025-10-23 04:30:15,700 - INFO -   Iter 55500 | Tiempo:   65.5min (27.3%) | T =     0.50 | Fitness =    109.9 | Mejor =    126.9 | Aceptación =  66.2%
2025-10-23 04:30:15,700 - INFO - Progreso iter 55500: T=0.50, Fitness=109.9, Mejor=126.9, Tasa_acept=66.2%
2025-10-23 04:30:15,703 - DEBUG - Iter 55500: T=0.50, Fitness_actual=109.9, Mejor=126.9
2025-10-23 04:30:24,978 - DEBUG - Iter 55600: T=0.50, Fitness_actual=110.6, Mejor=126.9
2025-10-23 04:30:34,243 - DEBUG - Iter 55700: T=0.50, Fitness_actual=112.2, Mejor=126.9
2025-10-23 04:30:43,507 - DEBUG - Iter 55800: T=0.49, Fitness_actual=111.4, Mejor=126.9
2025-10-23 04:30:52,805 - DEBUG - Iter 55900: T=0.49, Fitness_actual=111.4, Mejor=126.9
2025-10-23 04:31:02,244 - INFO -   Iter 56000 | Tiempo:   66.3min (27.6%) | T =     0.49 | Fitness =    109.6 | Mejor =    126.9 | Aceptación =  66.2%
2025-10-23 04:31:02,244 - INFO - Progreso iter 56000: T=0.49, Fitness=109.6, Mejor=126.9, Tasa_acept=66.2%
2025-10-23 04:31:02,246 - DEBUG - Iter 56000: T=0.49, Fitness_actual=109.6, Mejor=126.9
2025-10-23 04:31:11,601 - DEBUG - Iter 56100: T=0.49, Fitness_actual=111.6, Mejor=126.9
2025-10-23 04:31:20,921 - DEBUG - Iter 56200: T=0.49, Fitness_actual=110.5, Mejor=126.9
2025-10-23 04:31:30,166 - DEBUG - Iter 56300: T=0.49, Fitness_actual=110.2, Mejor=126.9
2025-10-23 04:31:39,403 - DEBUG - Iter 56400: T=0.49, Fitness_actual=110.6, Mejor=126.9
2025-10-23 04:31:48,649 - INFO -   Iter 56500 | Tiempo:   67.0min (27.9%) | T =     0.49 | Fitness =    110.2 | Mejor =    126.9 | Aceptación =  66.2%
2025-10-23 04:31:48,650 - INFO - Progreso iter 56500: T=0.49, Fitness=110.2, Mejor=126.9, Tasa_acept=66.2%
2025-10-23 04:31:48,652 - DEBUG - Iter 56500: T=0.49, Fitness_actual=110.2, Mejor=126.9
2025-10-23 04:31:58,029 - DEBUG - Iter 56600: T=0.49, Fitness_actual=110.3, Mejor=126.9
2025-10-23 04:32:07,252 - DEBUG - Iter 56700: T=0.49, Fitness_actual=107.2, Mejor=126.9
2025-10-23 04:32:11,875 - WARNING - ⚠️  DEGRADACIÓN DETECTADA en iter 56750:
2025-10-23 04:32:11,875 - WARNING -    Mejor fitness: 126.9
2025-10-23 04:32:11,876 - WARNING -    Fitness promedio reciente: 106.7
2025-10-23 04:32:11,876 - WARNING -    Degradación: 20.3
2025-10-23 04:32:11,876 - WARNING -    🔄 RESTAURANDO mejor solución...
2025-10-23 04:32:11,877 - INFO - 🌟 MEJORA #121 en iter 56750: Fitness=127.0 (+0.1), Puntos=14941
2025-10-23 04:32:11,971 - INFO - 🌟 MEJORA #122 en iter 56751: Fitness=127.0 (+0.0), Puntos=14941
2025-10-23 04:32:12,157 - INFO - 🌟 MEJORA #123 en iter 56753: Fitness=127.0 (+0.0), Puntos=14945
2025-10-23 04:32:12,251 - INFO - 🌟 MEJORA #124 en iter 56754: Fitness=127.0 (+0.0), Puntos=14945
2025-10-23 04:32:12,344 - INFO - 🌟 MEJORA #125 en iter 56755: Fitness=127.0 (+0.0), Puntos=14945
2025-10-23 04:32:12,344 - INFO -   ✨ Mejora #125 en iteración 56756: Fitness = 127.0 | Puntos = 14945 | T = 0.49
2025-10-23 04:32:12,435 - INFO - 🌟 MEJORA #126 en iter 56756: Fitness=127.0 (+0.0), Puntos=14945
2025-10-23 04:32:12,617 - INFO - 🌟 MEJORA #127 en iter 56758: Fitness=127.1 (+0.0), Puntos=14947
2025-10-23 04:32:12,711 - INFO - 🌟 MEJORA #128 en iter 56759: Fitness=127.1 (+0.0), Puntos=14949
2025-10-23 04:32:13,078 - INFO - 🌟 MEJORA #129 en iter 56763: Fitness=127.1 (+0.0), Puntos=14953
2025-10-23 04:32:13,356 - INFO - 🌟 MEJORA #130 en iter 56766: Fitness=127.1 (+0.0), Puntos=14953
2025-10-23 04:32:13,356 - INFO -   ✨ Mejora #130 en iteración 56767: Fitness = 127.1 | Puntos = 14953 | T = 0.49
2025-10-23 04:32:16,500 - DEBUG - Iter 56800: T=0.49, Fitness_actual=125.2, Mejor=127.1
2025-10-23 04:32:25,897 - DEBUG - Iter 56900: T=0.49, Fitness_actual=124.7, Mejor=127.1
2025-10-23 04:32:35,183 - INFO -   Iter 57000 | Tiempo:   67.8min (28.3%) | T =     0.49 | Fitness =    125.5 | Mejor =    127.1 | Aceptación =  66.1%
2025-10-23 04:32:35,184 - INFO - Progreso iter 57000: T=0.49, Fitness=125.5, Mejor=127.1, Tasa_acept=66.1%
2025-10-23 04:32:35,185 - DEBUG - Iter 57000: T=0.49, Fitness_actual=125.5, Mejor=127.1
2025-10-23 04:32:44,516 - DEBUG - Iter 57100: T=0.48, Fitness_actual=126.2, Mejor=127.1
2025-10-23 04:32:53,931 - DEBUG - Iter 57200: T=0.48, Fitness_actual=126.0, Mejor=127.1
2025-10-23 04:32:59,461 - INFO - 🌟 MEJORA #131 en iter 57258: Fitness=127.2 (+0.0), Puntos=14847
2025-10-23 04:33:03,495 - DEBUG - Iter 57300: T=0.48, Fitness_actual=126.6, Mejor=127.2
2025-10-23 04:33:13,019 - DEBUG - Iter 57400: T=0.48, Fitness_actual=125.9, Mejor=127.2
2025-10-23 04:33:22,513 - INFO -   Iter 57500 | Tiempo:   68.6min (28.6%) | T =     0.48 | Fitness =    126.4 | Mejor =    127.2 | Aceptación =  66.0%
2025-10-23 04:33:22,513 - INFO - Progreso iter 57500: T=0.48, Fitness=126.4, Mejor=127.2, Tasa_acept=66.0%
2025-10-23 04:33:22,514 - DEBUG - Iter 57500: T=0.48, Fitness_actual=126.4, Mejor=127.2
2025-10-23 04:33:24,032 - INFO - 🌟 MEJORA #132 en iter 57516: Fitness=127.4 (+0.2), Puntos=14881
2025-10-23 04:33:27,482 - INFO - 🌟 MEJORA #133 en iter 57552: Fitness=127.9 (+0.5), Puntos=14978
2025-10-23 04:33:32,082 - DEBUG - Iter 57600: T=0.48, Fitness_actual=125.4, Mejor=127.9
2025-10-23 04:33:41,605 - DEBUG - Iter 57700: T=0.48, Fitness_actual=125.6, Mejor=127.9
2025-10-23 04:33:51,120 - DEBUG - Iter 57800: T=0.48, Fitness_actual=125.9, Mejor=127.9
2025-10-23 04:34:00,665 - DEBUG - Iter 57900: T=0.48, Fitness_actual=126.1, Mejor=127.9
2025-10-23 04:34:10,222 - INFO -   Iter 58000 | Tiempo:   69.4min (28.9%) | T =     0.48 | Fitness =    126.3 | Mejor =    127.9 | Aceptación =  65.9%
2025-10-23 04:34:10,223 - INFO - Progreso iter 58000: T=0.48, Fitness=126.3, Mejor=127.9, Tasa_acept=65.9%
2025-10-23 04:34:10,224 - DEBUG - Iter 58000: T=0.48, Fitness_actual=126.3, Mejor=127.9
2025-10-23 04:34:19,761 - DEBUG - Iter 58100: T=0.48, Fitness_actual=124.4, Mejor=127.9
2025-10-23 04:34:29,366 - DEBUG - Iter 58200: T=0.48, Fitness_actual=124.0, Mejor=127.9
2025-10-23 04:34:38,941 - DEBUG - Iter 58300: T=0.48, Fitness_actual=123.0, Mejor=127.9
2025-10-23 04:34:48,493 - DEBUG - Iter 58400: T=0.48, Fitness_actual=119.7, Mejor=127.9
2025-10-23 04:34:58,085 - INFO -   Iter 58500 | Tiempo:   70.2min (29.2%) | T =     0.47 | Fitness =    121.4 | Mejor =    127.9 | Aceptación =  65.8%
2025-10-23 04:34:58,085 - INFO - Progreso iter 58500: T=0.47, Fitness=121.4, Mejor=127.9, Tasa_acept=65.8%
2025-10-23 04:34:58,087 - DEBUG - Iter 58500: T=0.47, Fitness_actual=121.4, Mejor=127.9
2025-10-23 04:35:07,722 - DEBUG - Iter 58600: T=0.47, Fitness_actual=122.0, Mejor=127.9
2025-10-23 04:35:17,406 - DEBUG - Iter 58700: T=0.47, Fitness_actual=122.7, Mejor=127.9
2025-10-23 04:35:27,084 - DEBUG - Iter 58800: T=0.47, Fitness_actual=122.8, Mejor=127.9
2025-10-23 04:35:36,790 - DEBUG - Iter 58900: T=0.47, Fitness_actual=123.3, Mejor=127.9
2025-10-23 04:35:46,487 - INFO -   Iter 59000 | Tiempo:   71.0min (29.6%) | T =     0.47 | Fitness =    120.3 | Mejor =    127.9 | Aceptación =  65.8%
2025-10-23 04:35:46,487 - INFO - Progreso iter 59000: T=0.47, Fitness=120.3, Mejor=127.9, Tasa_acept=65.8%
2025-10-23 04:35:46,489 - DEBUG - Iter 59000: T=0.47, Fitness_actual=120.3, Mejor=127.9
2025-10-23 04:35:56,211 - DEBUG - Iter 59100: T=0.47, Fitness_actual=119.2, Mejor=127.9
2025-10-23 04:36:06,032 - DEBUG - Iter 59200: T=0.47, Fitness_actual=120.2, Mejor=127.9
2025-10-23 04:36:15,724 - DEBUG - Iter 59300: T=0.47, Fitness_actual=122.7, Mejor=127.9
2025-10-23 04:36:25,383 - DEBUG - Iter 59400: T=0.47, Fitness_actual=123.7, Mejor=127.9
2025-10-23 04:36:34,989 - INFO -   Iter 59500 | Tiempo:   71.8min (29.9%) | T =     0.47 | Fitness =    124.5 | Mejor =    127.9 | Aceptación =  65.8%
2025-10-23 04:36:34,989 - INFO - Progreso iter 59500: T=0.47, Fitness=124.5, Mejor=127.9, Tasa_acept=65.8%
2025-10-23 04:36:34,990 - DEBUG - Iter 59500: T=0.47, Fitness_actual=124.5, Mejor=127.9
2025-10-23 04:36:35,184 - WARNING - ================================================================================
2025-10-23 04:36:35,184 - WARNING - ⚠️  SALTO ANORMAL DETECTADO en iteración 59502
2025-10-23 04:36:35,184 - WARNING -    Fitness actual: 124.4
2025-10-23 04:36:35,184 - WARNING -    Fitness vecino: 67.0
2025-10-23 04:36:35,184 - WARNING -    Delta: -57.3
2025-10-23 04:36:35,184 - WARNING -    Temperatura: 0.47
2025-10-23 04:36:35,185 - WARNING -    Tipo perturbación aplicada: (ver generar_vecino)
2025-10-23 04:36:35,185 - WARNING -    Vecino - Puntos: 14628, Tiempo: 14862.3min, Distancia: 324.8km
2025-10-23 04:36:35,185 - WARNING -    Actual - Puntos: 14568, Tiempo: 12104.2min, Distancia: 104.1km
2025-10-23 04:36:35,185 - WARNING -    Validez restricciones - Vecino: False, Actual: False
2025-10-23 04:36:35,185 - WARNING - ================================================================================
2025-10-23 04:36:35,185 - WARNING - ⚠️  SALTO ANORMAL DETECTADO en iteración 59502
2025-10-23 04:36:35,185 - WARNING -    Fitness: 124.4 → 67.0 (Δ=-57.3)
2025-10-23 04:36:35,186 - WARNING -    Ver detalles en archivo de log
2025-10-23 04:36:44,547 - DEBUG - Iter 59600: T=0.47, Fitness_actual=121.2, Mejor=127.9
2025-10-23 04:36:46,650 - INFO - --- Cambiando a Fase: Intermedia (Balance) (Progreso: 30.0%) ---
2025-10-23 04:36:54,139 - DEBUG - Iter 59700: T=0.47, Fitness_actual=120.4, Mejor=127.9
2025-10-23 04:37:03,756 - DEBUG - Iter 59800: T=0.46, Fitness_actual=121.7, Mejor=127.9
2025-10-23 04:37:13,334 - DEBUG - Iter 59900: T=0.46, Fitness_actual=122.3, Mejor=127.9
2025-10-23 04:37:22,952 - INFO -   Iter 60000 | Tiempo:   72.6min (30.3%) | T =     0.46 | Fitness =    120.9 | Mejor =    127.9 | Aceptación =  65.7%
2025-10-23 04:37:22,952 - INFO - Progreso iter 60000: T=0.46, Fitness=120.9, Mejor=127.9, Tasa_acept=65.7%
2025-10-23 04:37:22,955 - DEBUG - Iter 60000: T=0.46, Fitness_actual=120.9, Mejor=127.9
2025-10-23 04:37:32,595 - DEBUG - Iter 60100: T=0.46, Fitness_actual=121.4, Mejor=127.9
2025-10-23 04:37:42,293 - DEBUG - Iter 60200: T=0.46, Fitness_actual=120.4, Mejor=127.9
2025-10-23 04:37:52,007 - DEBUG - Iter 60300: T=0.46, Fitness_actual=121.4, Mejor=127.9
2025-10-23 04:38:01,740 - DEBUG - Iter 60400: T=0.46, Fitness_actual=120.6, Mejor=127.9
2025-10-23 04:38:11,515 - INFO -   Iter 60500 | Tiempo:   73.4min (30.6%) | T =     0.46 | Fitness =    120.2 | Mejor =    127.9 | Aceptación =  65.7%
2025-10-23 04:38:11,516 - INFO - Progreso iter 60500: T=0.46, Fitness=120.2, Mejor=127.9, Tasa_acept=65.7%
2025-10-23 04:38:11,518 - DEBUG - Iter 60500: T=0.46, Fitness_actual=120.2, Mejor=127.9
2025-10-23 04:38:21,309 - DEBUG - Iter 60600: T=0.46, Fitness_actual=121.5, Mejor=127.9
2025-10-23 04:38:31,098 - DEBUG - Iter 60700: T=0.46, Fitness_actual=118.8, Mejor=127.9
2025-10-23 04:38:40,861 - DEBUG - Iter 60800: T=0.46, Fitness_actual=118.2, Mejor=127.9
2025-10-23 04:38:50,629 - DEBUG - Iter 60900: T=0.46, Fitness_actual=122.0, Mejor=127.9
2025-10-23 04:39:00,432 - INFO -   Iter 61000 | Tiempo:   74.2min (30.9%) | T =     0.46 | Fitness =    120.2 | Mejor =    127.9 | Aceptación =  65.7%
2025-10-23 04:39:00,433 - INFO - Progreso iter 61000: T=0.46, Fitness=120.2, Mejor=127.9, Tasa_acept=65.7%
2025-10-23 04:39:00,434 - DEBUG - Iter 61000: T=0.46, Fitness_actual=120.2, Mejor=127.9
2025-10-23 04:39:02,005 - WARNING - ================================================================================
2025-10-23 04:39:02,005 - WARNING - ⚠️  SALTO ANORMAL DETECTADO en iteración 61016
2025-10-23 04:39:02,005 - WARNING -    Fitness actual: 119.8
2025-10-23 04:39:02,005 - WARNING -    Fitness vecino: 82.3
2025-10-23 04:39:02,005 - WARNING -    Delta: -37.5
2025-10-23 04:39:02,005 - WARNING -    Temperatura: 0.46
2025-10-23 04:39:02,005 - WARNING -    Tipo perturbación aplicada: (ver generar_vecino)
2025-10-23 04:39:02,006 - WARNING -    Vecino - Puntos: 14441, Tiempo: 14596.8min, Distancia: 282.7km
2025-10-23 04:39:02,006 - WARNING -    Actual - Puntos: 14468, Tiempo: 12645.6min, Distancia: 135.1km
2025-10-23 04:39:02,006 - WARNING -    Validez restricciones - Vecino: False, Actual: False
2025-10-23 04:39:02,006 - WARNING - ================================================================================
2025-10-23 04:39:02,006 - WARNING - ⚠️  SALTO ANORMAL DETECTADO en iteración 61016
2025-10-23 04:39:02,006 - WARNING -    Fitness: 119.8 → 82.3 (Δ=-37.5)
2025-10-23 04:39:02,006 - WARNING -    Ver detalles en archivo de log
2025-10-23 04:39:10,227 - DEBUG - Iter 61100: T=0.46, Fitness_actual=122.8, Mejor=127.9
2025-10-23 04:39:20,005 - DEBUG - Iter 61200: T=0.45, Fitness_actual=121.8, Mejor=127.9
2025-10-23 04:39:29,751 - DEBUG - Iter 61300: T=0.45, Fitness_actual=121.5, Mejor=127.9
2025-10-23 04:39:39,493 - DEBUG - Iter 61400: T=0.45, Fitness_actual=120.2, Mejor=127.9
2025-10-23 04:39:49,245 - INFO -   Iter 61500 | Tiempo:   75.0min (31.3%) | T =     0.45 | Fitness =    116.8 | Mejor =    127.9 | Aceptación =  65.7%
2025-10-23 04:39:49,245 - INFO - Progreso iter 61500: T=0.45, Fitness=116.8, Mejor=127.9, Tasa_acept=65.7%
2025-10-23 04:39:49,248 - DEBUG - Iter 61500: T=0.45, Fitness_actual=116.8, Mejor=127.9
2025-10-23 04:39:58,984 - DEBUG - Iter 61600: T=0.45, Fitness_actual=116.8, Mejor=127.9
2025-10-23 04:40:08,748 - DEBUG - Iter 61700: T=0.45, Fitness_actual=117.7, Mejor=127.9
2025-10-23 04:40:18,523 - DEBUG - Iter 61800: T=0.45, Fitness_actual=118.3, Mejor=127.9
2025-10-23 04:40:28,302 - DEBUG - Iter 61900: T=0.45, Fitness_actual=119.0, Mejor=127.9
2025-10-23 04:40:38,199 - INFO -   Iter 62000 | Tiempo:   75.9min (31.6%) | T =     0.45 | Fitness =    119.2 | Mejor =    127.9 | Aceptación =  65.8%
2025-10-23 04:40:38,199 - INFO - Progreso iter 62000: T=0.45, Fitness=119.2, Mejor=127.9, Tasa_acept=65.8%
2025-10-23 04:40:38,202 - DEBUG - Iter 62000: T=0.45, Fitness_actual=119.2, Mejor=127.9
2025-10-23 04:40:44,851 - WARNING - ================================================================================
2025-10-23 04:40:44,852 - WARNING - ⚠️  SALTO ANORMAL DETECTADO en iteración 62067
2025-10-23 04:40:44,852 - WARNING -    Fitness actual: 119.6
2025-10-23 04:40:44,852 - WARNING -    Fitness vecino: 95.9
2025-10-23 04:40:44,852 - WARNING -    Delta: -23.7
2025-10-23 04:40:44,852 - WARNING -    Temperatura: 0.45
2025-10-23 04:40:44,852 - WARNING -    Tipo perturbación aplicada: (ver generar_vecino)
2025-10-23 04:40:44,853 - WARNING -    Vecino - Puntos: 14390, Tiempo: 13645.7min, Distancia: 208.4km
2025-10-23 04:40:44,853 - WARNING -    Actual - Puntos: 14394, Tiempo: 12175.0min, Distancia: 109.6km
2025-10-23 04:40:44,853 - WARNING -    Validez restricciones - Vecino: False, Actual: False
2025-10-23 04:40:44,853 - WARNING - ================================================================================
2025-10-23 04:40:44,853 - WARNING - ⚠️  SALTO ANORMAL DETECTADO en iteración 62067
2025-10-23 04:40:44,853 - WARNING -    Fitness: 119.6 → 95.9 (Δ=-23.7)
2025-10-23 04:40:44,853 - WARNING -    Ver detalles en archivo de log
2025-10-23 04:40:48,131 - DEBUG - Iter 62100: T=0.45, Fitness_actual=120.6, Mejor=127.9
2025-10-23 04:40:58,037 - DEBUG - Iter 62200: T=0.45, Fitness_actual=119.3, Mejor=127.9
2025-10-23 04:41:08,021 - DEBUG - Iter 62300: T=0.45, Fitness_actual=117.3, Mejor=127.9
2025-10-23 04:41:17,953 - DEBUG - Iter 62400: T=0.45, Fitness_actual=118.7, Mejor=127.9
2025-10-23 04:41:27,905 - INFO -   Iter 62500 | Tiempo:   76.7min (32.0%) | T =     0.45 | Fitness =    119.7 | Mejor =    127.9 | Aceptación =  65.8%
2025-10-23 04:41:27,905 - INFO - Progreso iter 62500: T=0.45, Fitness=119.7, Mejor=127.9, Tasa_acept=65.8%
2025-10-23 04:41:27,906 - DEBUG - Iter 62500: T=0.45, Fitness_actual=119.7, Mejor=127.9
2025-10-23 04:41:37,944 - DEBUG - Iter 62600: T=0.44, Fitness_actual=120.3, Mejor=127.9
2025-10-23 04:41:47,898 - DEBUG - Iter 62700: T=0.44, Fitness_actual=121.1, Mejor=127.9
2025-10-23 04:41:57,898 - DEBUG - Iter 62800: T=0.44, Fitness_actual=122.3, Mejor=127.9
2025-10-23 04:42:07,799 - DEBUG - Iter 62900: T=0.44, Fitness_actual=121.9, Mejor=127.9
2025-10-23 04:42:17,732 - INFO -   Iter 63000 | Tiempo:   77.5min (32.3%) | T =     0.44 | Fitness =    122.1 | Mejor =    127.9 | Aceptación =  65.7%
2025-10-23 04:42:17,732 - INFO - Progreso iter 63000: T=0.44, Fitness=122.1, Mejor=127.9, Tasa_acept=65.7%
2025-10-23 04:42:17,733 - DEBUG - Iter 63000: T=0.44, Fitness_actual=122.1, Mejor=127.9
2025-10-23 04:42:27,698 - DEBUG - Iter 63100: T=0.44, Fitness_actual=120.1, Mejor=127.9
2025-10-23 04:42:37,644 - DEBUG - Iter 63200: T=0.44, Fitness_actual=120.5, Mejor=127.9
2025-10-23 04:42:47,599 - DEBUG - Iter 63300: T=0.44, Fitness_actual=121.7, Mejor=127.9
2025-10-23 04:42:57,562 - DEBUG - Iter 63400: T=0.44, Fitness_actual=120.9, Mejor=127.9
2025-10-23 04:43:07,555 - INFO -   Iter 63500 | Tiempo:   78.3min (32.6%) | T =     0.44 | Fitness =    117.7 | Mejor =    127.9 | Aceptación =  65.7%
2025-10-23 04:43:07,555 - INFO - Progreso iter 63500: T=0.44, Fitness=117.7, Mejor=127.9, Tasa_acept=65.7%
2025-10-23 04:43:07,556 - DEBUG - Iter 63500: T=0.44, Fitness_actual=117.7, Mejor=127.9
2025-10-23 04:43:17,529 - DEBUG - Iter 63600: T=0.44, Fitness_actual=118.8, Mejor=127.9
2025-10-23 04:43:27,505 - DEBUG - Iter 63700: T=0.44, Fitness_actual=119.1, Mejor=127.9
2025-10-23 04:43:37,500 - DEBUG - Iter 63800: T=0.44, Fitness_actual=118.2, Mejor=127.9
2025-10-23 04:43:47,516 - DEBUG - Iter 63900: T=0.44, Fitness_actual=119.7, Mejor=127.9
2025-10-23 04:43:57,541 - INFO -   Iter 64000 | Tiempo:   79.2min (33.0%) | T =     0.43 | Fitness =    118.6 | Mejor =    127.9 | Aceptación =  65.7%
2025-10-23 04:43:57,541 - INFO - Progreso iter 64000: T=0.43, Fitness=118.6, Mejor=127.9, Tasa_acept=65.7%
2025-10-23 04:43:57,543 - DEBUG - Iter 64000: T=0.43, Fitness_actual=118.6, Mejor=127.9
2025-10-23 04:44:07,583 - DEBUG - Iter 64100: T=0.43, Fitness_actual=115.3, Mejor=127.9
2025-10-23 04:44:17,658 - DEBUG - Iter 64200: T=0.43, Fitness_actual=114.7, Mejor=127.9
2025-10-23 04:44:27,824 - DEBUG - Iter 64300: T=0.43, Fitness_actual=114.4, Mejor=127.9
2025-10-23 04:44:37,874 - DEBUG - Iter 64400: T=0.43, Fitness_actual=118.1, Mejor=127.9
2025-10-23 04:44:47,899 - INFO -   Iter 64500 | Tiempo:   80.0min (33.3%) | T =     0.43 | Fitness =    117.3 | Mejor =    127.9 | Aceptación =  65.7%
2025-10-23 04:44:47,899 - INFO - Progreso iter 64500: T=0.43, Fitness=117.3, Mejor=127.9, Tasa_acept=65.7%
2025-10-23 04:44:47,901 - DEBUG - Iter 64500: T=0.43, Fitness_actual=117.3, Mejor=127.9
2025-10-23 04:44:58,006 - DEBUG - Iter 64600: T=0.43, Fitness_actual=116.1, Mejor=127.9
2025-10-23 04:45:08,084 - DEBUG - Iter 64700: T=0.43, Fitness_actual=115.1, Mejor=127.9
2025-10-23 04:45:18,186 - DEBUG - Iter 64800: T=0.43, Fitness_actual=116.0, Mejor=127.9
2025-10-23 04:45:28,243 - DEBUG - Iter 64900: T=0.43, Fitness_actual=115.8, Mejor=127.9
2025-10-23 04:45:38,453 - INFO -   Iter 65000 | Tiempo:   80.9min (33.7%) | T =     0.43 | Fitness =    111.6 | Mejor =    127.9 | Aceptación =  65.7%
2025-10-23 04:45:38,453 - INFO - Progreso iter 65000: T=0.43, Fitness=111.6, Mejor=127.9, Tasa_acept=65.7%
2025-10-23 04:45:38,455 - DEBUG - Iter 65000: T=0.43, Fitness_actual=111.6, Mejor=127.9
2025-10-23 04:45:48,672 - DEBUG - Iter 65100: T=0.43, Fitness_actual=114.8, Mejor=127.9
2025-10-23 04:45:58,953 - DEBUG - Iter 65200: T=0.43, Fitness_actual=114.5, Mejor=127.9
2025-10-23 04:46:09,200 - DEBUG - Iter 65300: T=0.43, Fitness_actual=112.4, Mejor=127.9
2025-10-23 04:46:19,370 - DEBUG - Iter 65400: T=0.42, Fitness_actual=114.2, Mejor=127.9
2025-10-23 04:46:29,569 - INFO -   Iter 65500 | Tiempo:   81.7min (34.0%) | T =     0.42 | Fitness =    114.2 | Mejor =    127.9 | Aceptación =  65.7%
2025-10-23 04:46:29,570 - INFO - Progreso iter 65500: T=0.42, Fitness=114.2, Mejor=127.9, Tasa_acept=65.7%
2025-10-23 04:46:29,571 - DEBUG - Iter 65500: T=0.42, Fitness_actual=114.2, Mejor=127.9
2025-10-23 04:46:39,819 - DEBUG - Iter 65600: T=0.42, Fitness_actual=114.0, Mejor=127.9
2025-10-23 04:46:50,018 - DEBUG - Iter 65700: T=0.42, Fitness_actual=113.2, Mejor=127.9
2025-10-23 04:47:00,288 - DEBUG - Iter 65800: T=0.42, Fitness_actual=112.4, Mejor=127.9
2025-10-23 04:47:10,548 - DEBUG - Iter 65900: T=0.42, Fitness_actual=113.6, Mejor=127.9
2025-10-23 04:47:20,826 - INFO -   Iter 66000 | Tiempo:   82.6min (34.4%) | T =     0.42 | Fitness =    118.2 | Mejor =    127.9 | Aceptación =  65.7%
2025-10-23 04:47:20,826 - INFO - Progreso iter 66000: T=0.42, Fitness=118.2, Mejor=127.9, Tasa_acept=65.7%
2025-10-23 04:47:20,829 - DEBUG - Iter 66000: T=0.42, Fitness_actual=118.2, Mejor=127.9
2025-10-23 04:47:31,080 - DEBUG - Iter 66100: T=0.42, Fitness_actual=116.6, Mejor=127.9
2025-10-23 04:47:41,334 - DEBUG - Iter 66200: T=0.42, Fitness_actual=116.7, Mejor=127.9
2025-10-23 04:47:51,620 - DEBUG - Iter 66300: T=0.42, Fitness_actual=119.4, Mejor=127.9
2025-10-23 04:48:01,914 - DEBUG - Iter 66400: T=0.42, Fitness_actual=119.6, Mejor=127.9
2025-10-23 04:48:12,238 - INFO -   Iter 66500 | Tiempo:   83.4min (34.8%) | T =     0.42 | Fitness =    120.0 | Mejor =    127.9 | Aceptación =  65.6%
2025-10-23 04:48:12,238 - INFO - Progreso iter 66500: T=0.42, Fitness=120.0, Mejor=127.9, Tasa_acept=65.6%
2025-10-23 04:48:12,239 - DEBUG - Iter 66500: T=0.42, Fitness_actual=120.0, Mejor=127.9
2025-10-23 04:48:22,553 - DEBUG - Iter 66600: T=0.42, Fitness_actual=119.8, Mejor=127.9
2025-10-23 04:48:32,905 - DEBUG - Iter 66700: T=0.42, Fitness_actual=119.2, Mejor=127.9
2025-10-23 04:48:43,366 - DEBUG - Iter 66800: T=0.42, Fitness_actual=119.5, Mejor=127.9
2025-10-23 04:48:53,801 - DEBUG - Iter 66900: T=0.41, Fitness_actual=119.7, Mejor=127.9
2025-10-23 04:49:04,246 - INFO -   Iter 67000 | Tiempo:   84.3min (35.1%) | T =     0.41 | Fitness =    119.8 | Mejor =    127.9 | Aceptación =  65.6%
2025-10-23 04:49:04,246 - INFO - Progreso iter 67000: T=0.41, Fitness=119.8, Mejor=127.9, Tasa_acept=65.6%
2025-10-23 04:49:04,247 - DEBUG - Iter 67000: T=0.41, Fitness_actual=119.8, Mejor=127.9
2025-10-23 04:49:14,713 - DEBUG - Iter 67100: T=0.41, Fitness_actual=120.8, Mejor=127.9
2025-10-23 04:49:25,218 - DEBUG - Iter 67200: T=0.41, Fitness_actual=119.4, Mejor=127.9
2025-10-23 04:49:35,710 - DEBUG - Iter 67300: T=0.41, Fitness_actual=117.0, Mejor=127.9
2025-10-23 04:49:46,203 - DEBUG - Iter 67400: T=0.41, Fitness_actual=117.1, Mejor=127.9
2025-10-23 04:49:56,712 - INFO -   Iter 67500 | Tiempo:   85.2min (35.5%) | T =     0.41 | Fitness =    117.8 | Mejor =    127.9 | Aceptación =  65.6%
2025-10-23 04:49:56,712 - INFO - Progreso iter 67500: T=0.41, Fitness=117.8, Mejor=127.9, Tasa_acept=65.6%
2025-10-23 04:49:56,713 - DEBUG - Iter 67500: T=0.41, Fitness_actual=117.8, Mejor=127.9
2025-10-23 04:50:07,227 - DEBUG - Iter 67600: T=0.41, Fitness_actual=117.9, Mejor=127.9
2025-10-23 04:50:17,730 - DEBUG - Iter 67700: T=0.41, Fitness_actual=115.4, Mejor=127.9
2025-10-23 04:50:28,248 - DEBUG - Iter 67800: T=0.41, Fitness_actual=116.2, Mejor=127.9
2025-10-23 04:50:38,787 - DEBUG - Iter 67900: T=0.41, Fitness_actual=117.1, Mejor=127.9
2025-10-23 04:50:49,340 - INFO -   Iter 68000 | Tiempo:   86.0min (35.9%) | T =     0.41 | Fitness =    118.4 | Mejor =    127.9 | Aceptación =  65.5%
2025-10-23 04:50:49,341 - INFO - Progreso iter 68000: T=0.41, Fitness=118.4, Mejor=127.9, Tasa_acept=65.5%
2025-10-23 04:50:49,342 - DEBUG - Iter 68000: T=0.41, Fitness_actual=118.4, Mejor=127.9
2025-10-23 04:50:59,968 - DEBUG - Iter 68100: T=0.41, Fitness_actual=118.8, Mejor=127.9
2025-10-23 04:51:10,572 - DEBUG - Iter 68200: T=0.41, Fitness_actual=117.6, Mejor=127.9
2025-10-23 04:51:21,127 - DEBUG - Iter 68300: T=0.40, Fitness_actual=118.7, Mejor=127.9
2025-10-23 04:51:31,697 - DEBUG - Iter 68400: T=0.40, Fitness_actual=118.5, Mejor=127.9
2025-10-23 04:51:42,293 - INFO -   Iter 68500 | Tiempo:   86.9min (36.2%) | T =     0.40 | Fitness =    117.6 | Mejor =    127.9 | Aceptación =  65.5%
2025-10-23 04:51:42,293 - INFO - Progreso iter 68500: T=0.40, Fitness=117.6, Mejor=127.9, Tasa_acept=65.5%
2025-10-23 04:51:42,295 - DEBUG - Iter 68500: T=0.40, Fitness_actual=117.6, Mejor=127.9
2025-10-23 04:51:52,942 - DEBUG - Iter 68600: T=0.40, Fitness_actual=121.7, Mejor=127.9
2025-10-23 04:52:03,615 - DEBUG - Iter 68700: T=0.40, Fitness_actual=121.7, Mejor=127.9
2025-10-23 04:52:14,210 - DEBUG - Iter 68800: T=0.40, Fitness_actual=119.7, Mejor=127.9
2025-10-23 04:52:24,810 - DEBUG - Iter 68900: T=0.40, Fitness_actual=122.0, Mejor=127.9
2025-10-23 04:52:36,243 - INFO -   Iter 69000 | Tiempo:   87.8min (36.6%) | T =     0.40 | Fitness =    120.2 | Mejor =    127.9 | Aceptación =  65.6%
2025-10-23 04:52:36,243 - INFO - Progreso iter 69000: T=0.40, Fitness=120.2, Mejor=127.9, Tasa_acept=65.6%
2025-10-23 04:52:36,245 - DEBUG - Iter 69000: T=0.40, Fitness_actual=120.2, Mejor=127.9
2025-10-23 04:52:48,680 - DEBUG - Iter 69100: T=0.40, Fitness_actual=116.3, Mejor=127.9
2025-10-23 04:53:01,155 - DEBUG - Iter 69200: T=0.40, Fitness_actual=119.6, Mejor=127.9
2025-10-23 04:53:13,741 - DEBUG - Iter 69300: T=0.40, Fitness_actual=120.7, Mejor=127.9
2025-10-23 04:53:26,325 - DEBUG - Iter 69400: T=0.40, Fitness_actual=121.6, Mejor=127.9
2025-10-23 04:53:38,800 - INFO -   Iter 69500 | Tiempo:   88.9min (37.0%) | T =     0.40 | Fitness =    120.9 | Mejor =    127.9 | Aceptación =  65.6%
2025-10-23 04:53:38,800 - INFO - Progreso iter 69500: T=0.40, Fitness=120.9, Mejor=127.9, Tasa_acept=65.6%
2025-10-23 04:53:38,802 - DEBUG - Iter 69500: T=0.40, Fitness_actual=120.9, Mejor=127.9
2025-10-23 04:53:51,298 - DEBUG - Iter 69600: T=0.40, Fitness_actual=124.3, Mejor=127.9
2025-10-23 04:54:03,796 - DEBUG - Iter 69700: T=0.39, Fitness_actual=122.7, Mejor=127.9
2025-10-23 04:54:16,308 - DEBUG - Iter 69800: T=0.39, Fitness_actual=122.8, Mejor=127.9
2025-10-23 04:54:28,837 - DEBUG - Iter 69900: T=0.39, Fitness_actual=123.3, Mejor=127.9
2025-10-23 04:54:41,376 - INFO -   Iter 70000 | Tiempo:   89.9min (37.5%) | T =     0.39 | Fitness =    123.5 | Mejor =    127.9 | Aceptación =  65.5%
2025-10-23 04:54:41,376 - INFO - Progreso iter 70000: T=0.39, Fitness=123.5, Mejor=127.9, Tasa_acept=65.5%
2025-10-23 04:54:41,379 - DEBUG - Iter 70000: T=0.39, Fitness_actual=123.5, Mejor=127.9
2025-10-23 04:54:53,941 - DEBUG - Iter 70100: T=0.39, Fitness_actual=123.3, Mejor=127.9
2025-10-23 04:55:06,513 - DEBUG - Iter 70200: T=0.39, Fitness_actual=124.1, Mejor=127.9
2025-10-23 04:55:19,100 - DEBUG - Iter 70300: T=0.39, Fitness_actual=124.0, Mejor=127.9
2025-10-23 04:55:31,775 - DEBUG - Iter 70400: T=0.39, Fitness_actual=123.4, Mejor=127.9
2025-10-23 04:55:44,379 - INFO -   Iter 70500 | Tiempo:   91.0min (37.9%) | T =     0.39 | Fitness =    123.1 | Mejor =    127.9 | Aceptación =  65.5%
2025-10-23 04:55:44,379 - INFO - Progreso iter 70500: T=0.39, Fitness=123.1, Mejor=127.9, Tasa_acept=65.5%
2025-10-23 04:55:44,380 - DEBUG - Iter 70500: T=0.39, Fitness_actual=123.1, Mejor=127.9
2025-10-23 04:55:57,008 - DEBUG - Iter 70600: T=0.39, Fitness_actual=123.4, Mejor=127.9
2025-10-23 04:56:09,798 - DEBUG - Iter 70700: T=0.39, Fitness_actual=123.9, Mejor=127.9
2025-10-23 04:56:22,439 - DEBUG - Iter 70800: T=0.39, Fitness_actual=125.0, Mejor=127.9
2025-10-23 04:56:35,096 - DEBUG - Iter 70900: T=0.39, Fitness_actual=123.0, Mejor=127.9
2025-10-23 04:56:47,742 - INFO -   Iter 71000 | Tiempo:   92.0min (38.3%) | T =     0.38 | Fitness =    121.6 | Mejor =    127.9 | Aceptación =  65.5%
2025-10-23 04:56:47,743 - INFO - Progreso iter 71000: T=0.38, Fitness=121.6, Mejor=127.9, Tasa_acept=65.5%
2025-10-23 04:56:47,744 - DEBUG - Iter 71000: T=0.38, Fitness_actual=121.6, Mejor=127.9
2025-10-23 04:57:00,520 - DEBUG - Iter 71100: T=0.38, Fitness_actual=122.2, Mejor=127.9
2025-10-23 04:57:13,272 - DEBUG - Iter 71200: T=0.38, Fitness_actual=124.0, Mejor=127.9
2025-10-23 04:57:25,986 - DEBUG - Iter 71300: T=0.38, Fitness_actual=123.2, Mejor=127.9
2025-10-23 04:57:38,660 - DEBUG - Iter 71400: T=0.38, Fitness_actual=123.5, Mejor=127.9
2025-10-23 04:57:51,414 - INFO -   Iter 71500 | Tiempo:   93.1min (38.8%) | T =     0.38 | Fitness =    123.1 | Mejor =    127.9 | Aceptación =  65.4%
2025-10-23 04:57:51,415 - INFO - Progreso iter 71500: T=0.38, Fitness=123.1, Mejor=127.9, Tasa_acept=65.4%
2025-10-23 04:57:51,418 - DEBUG - Iter 71500: T=0.38, Fitness_actual=123.1, Mejor=127.9
2025-10-23 04:58:04,188 - DEBUG - Iter 71600: T=0.38, Fitness_actual=123.6, Mejor=127.9
2025-10-23 04:58:16,920 - DEBUG - Iter 71700: T=0.38, Fitness_actual=124.2, Mejor=127.9
2025-10-23 04:58:29,675 - DEBUG - Iter 71800: T=0.38, Fitness_actual=122.3, Mejor=127.9
2025-10-23 04:58:42,402 - DEBUG - Iter 71900: T=0.38, Fitness_actual=118.3, Mejor=127.9
2025-10-23 04:58:55,134 - INFO -   Iter 72000 | Tiempo:   94.1min (39.2%) | T =     0.38 | Fitness =    118.3 | Mejor =    127.9 | Aceptación =  65.4%
2025-10-23 04:58:55,134 - INFO - Progreso iter 72000: T=0.38, Fitness=118.3, Mejor=127.9, Tasa_acept=65.4%
2025-10-23 04:58:55,136 - DEBUG - Iter 72000: T=0.38, Fitness_actual=118.3, Mejor=127.9
2025-10-23 04:59:07,870 - DEBUG - Iter 72100: T=0.38, Fitness_actual=119.0, Mejor=127.9
2025-10-23 04:59:20,633 - DEBUG - Iter 72200: T=0.38, Fitness_actual=118.8, Mejor=127.9
2025-10-23 04:59:33,393 - DEBUG - Iter 72300: T=0.38, Fitness_actual=119.1, Mejor=127.9
2025-10-23 04:59:46,163 - DEBUG - Iter 72400: T=0.37, Fitness_actual=120.9, Mejor=127.9
2025-10-23 04:59:58,955 - INFO -   Iter 72500 | Tiempo:   95.2min (39.7%) | T =     0.37 | Fitness =    117.6 | Mejor =    127.9 | Aceptación =  65.4%
2025-10-23 04:59:58,955 - INFO - Progreso iter 72500: T=0.37, Fitness=117.6, Mejor=127.9, Tasa_acept=65.4%
2025-10-23 04:59:58,956 - DEBUG - Iter 72500: T=0.37, Fitness_actual=117.6, Mejor=127.9
2025-10-23 05:00:11,772 - DEBUG - Iter 72600: T=0.37, Fitness_actual=119.7, Mejor=127.9
2025-10-23 05:00:24,626 - DEBUG - Iter 72700: T=0.37, Fitness_actual=118.9, Mejor=127.9
2025-10-23 05:00:37,489 - DEBUG - Iter 72800: T=0.37, Fitness_actual=118.3, Mejor=127.9
2025-10-23 05:00:47,011 - WARNING - ================================================================================
2025-10-23 05:00:47,011 - WARNING - ⚠️  SALTO ANORMAL DETECTADO en iteración 72874
2025-10-23 05:00:47,011 - WARNING -    Fitness actual: 117.6
2025-10-23 05:00:47,012 - WARNING -    Fitness vecino: 96.0
2025-10-23 05:00:47,012 - WARNING -    Delta: -21.6
2025-10-23 05:00:47,012 - WARNING -    Temperatura: 0.37
2025-10-23 05:00:47,012 - WARNING -    Tipo perturbación aplicada: (ver generar_vecino)
2025-10-23 05:00:47,012 - WARNING -    Vecino - Puntos: 13184, Tiempo: 11676.2min, Distancia: 114.3km
2025-10-23 05:00:47,012 - WARNING -    Actual - Puntos: 13993, Tiempo: 12335.4min, Distancia: 121.7km
2025-10-23 05:00:47,013 - WARNING -    Validez restricciones - Vecino: False, Actual: False
2025-10-23 05:00:47,013 - WARNING - ================================================================================
2025-10-23 05:00:47,013 - WARNING - ⚠️  SALTO ANORMAL DETECTADO en iteración 72874
2025-10-23 05:00:47,013 - WARNING -    Fitness: 117.6 → 96.0 (Δ=-21.6)
2025-10-23 05:00:47,013 - WARNING -    Ver detalles en archivo de log
2025-10-23 05:00:50,380 - DEBUG - Iter 72900: T=0.37, Fitness_actual=118.4, Mejor=127.9
2025-10-23 05:01:03,389 - INFO -   Iter 73000 | Tiempo:   96.3min (40.1%) | T =     0.37 | Fitness =    118.4 | Mejor =    127.9 | Aceptación =  65.3%
2025-10-23 05:01:03,389 - INFO - Progreso iter 73000: T=0.37, Fitness=118.4, Mejor=127.9, Tasa_acept=65.3%
2025-10-23 05:01:03,390 - DEBUG - Iter 73000: T=0.37, Fitness_actual=118.4, Mejor=127.9
2025-10-23 05:01:16,272 - DEBUG - Iter 73100: T=0.37, Fitness_actual=120.1, Mejor=127.9
2025-10-23 05:01:29,161 - DEBUG - Iter 73200: T=0.37, Fitness_actual=120.3, Mejor=127.9
2025-10-23 05:01:42,027 - DEBUG - Iter 73300: T=0.37, Fitness_actual=120.7, Mejor=127.9
2025-10-23 05:01:54,991 - DEBUG - Iter 73400: T=0.37, Fitness_actual=120.4, Mejor=127.9
2025-10-23 05:02:07,933 - INFO -   Iter 73500 | Tiempo:   97.4min (40.6%) | T =     0.37 | Fitness =    118.8 | Mejor =    127.9 | Aceptación =  65.3%
2025-10-23 05:02:07,933 - INFO - Progreso iter 73500: T=0.37, Fitness=118.8, Mejor=127.9, Tasa_acept=65.3%
2025-10-23 05:02:07,934 - DEBUG - Iter 73500: T=0.37, Fitness_actual=118.8, Mejor=127.9
2025-10-23 05:02:20,845 - DEBUG - Iter 73600: T=0.37, Fitness_actual=120.0, Mejor=127.9
2025-10-23 05:02:33,770 - DEBUG - Iter 73700: T=0.37, Fitness_actual=121.1, Mejor=127.9
2025-10-23 05:02:46,704 - DEBUG - Iter 73800: T=0.36, Fitness_actual=120.3, Mejor=127.9
2025-10-23 05:02:59,656 - DEBUG - Iter 73900: T=0.36, Fitness_actual=120.3, Mejor=127.9
2025-10-23 05:03:12,617 - INFO -   Iter 74000 | Tiempo:   98.4min (41.0%) | T =     0.36 | Fitness =    117.6 | Mejor =    127.9 | Aceptación =  65.3%
2025-10-23 05:03:12,617 - INFO - Progreso iter 74000: T=0.36, Fitness=117.6, Mejor=127.9, Tasa_acept=65.3%
2025-10-23 05:03:12,618 - DEBUG - Iter 74000: T=0.36, Fitness_actual=117.6, Mejor=127.9
2025-10-23 05:03:25,592 - DEBUG - Iter 74100: T=0.36, Fitness_actual=118.9, Mejor=127.9
2025-10-23 05:03:38,562 - DEBUG - Iter 74200: T=0.36, Fitness_actual=119.2, Mejor=127.9
2025-10-23 05:03:51,540 - DEBUG - Iter 74300: T=0.36, Fitness_actual=118.4, Mejor=127.9
2025-10-23 05:04:04,555 - DEBUG - Iter 74400: T=0.36, Fitness_actual=118.3, Mejor=127.9
2025-10-23 05:04:17,595 - INFO -   Iter 74500 | Tiempo:   99.5min (41.5%) | T =     0.36 | Fitness =    117.9 | Mejor =    127.9 | Aceptación =  65.2%
2025-10-23 05:04:17,596 - INFO - Progreso iter 74500: T=0.36, Fitness=117.9, Mejor=127.9, Tasa_acept=65.2%
2025-10-23 05:04:17,599 - DEBUG - Iter 74500: T=0.36, Fitness_actual=117.9, Mejor=127.9
2025-10-23 05:04:30,637 - DEBUG - Iter 74600: T=0.36, Fitness_actual=118.7, Mejor=127.9
2025-10-23 05:04:43,699 - DEBUG - Iter 74700: T=0.36, Fitness_actual=116.8, Mejor=127.9
2025-10-23 05:04:56,747 - DEBUG - Iter 74800: T=0.36, Fitness_actual=116.9, Mejor=127.9
2025-10-23 05:05:09,784 - DEBUG - Iter 74900: T=0.36, Fitness_actual=116.9, Mejor=127.9
2025-10-23 05:05:22,831 - INFO -   Iter 75000 | Tiempo:  100.6min (41.9%) | T =     0.36 | Fitness =    116.4 | Mejor =    127.9 | Aceptación =  65.2%
2025-10-23 05:05:22,831 - INFO - Progreso iter 75000: T=0.36, Fitness=116.4, Mejor=127.9, Tasa_acept=65.2%
2025-10-23 05:05:22,833 - DEBUG - Iter 75000: T=0.36, Fitness_actual=116.4, Mejor=127.9
2025-10-23 05:05:35,959 - DEBUG - Iter 75100: T=0.36, Fitness_actual=114.0, Mejor=127.9
2025-10-23 05:05:49,043 - DEBUG - Iter 75200: T=0.35, Fitness_actual=112.5, Mejor=127.9
2025-10-23 05:06:02,200 - DEBUG - Iter 75300: T=0.35, Fitness_actual=115.7, Mejor=127.9
2025-10-23 05:06:15,281 - DEBUG - Iter 75400: T=0.35, Fitness_actual=114.8, Mejor=127.9
2025-10-23 05:06:28,368 - INFO -   Iter 75500 | Tiempo:  101.7min (42.4%) | T =     0.35 | Fitness =    116.6 | Mejor =    127.9 | Aceptación =  65.2%
2025-10-23 05:06:28,368 - INFO - Progreso iter 75500: T=0.35, Fitness=116.6, Mejor=127.9, Tasa_acept=65.2%
2025-10-23 05:06:28,370 - DEBUG - Iter 75500: T=0.35, Fitness_actual=116.6, Mejor=127.9
2025-10-23 05:06:41,543 - DEBUG - Iter 75600: T=0.35, Fitness_actual=118.6, Mejor=127.9
2025-10-23 05:06:54,729 - DEBUG - Iter 75700: T=0.35, Fitness_actual=118.6, Mejor=127.9
2025-10-23 05:07:07,879 - DEBUG - Iter 75800: T=0.35, Fitness_actual=117.9, Mejor=127.9
2025-10-23 05:07:21,029 - DEBUG - Iter 75900: T=0.35, Fitness_actual=118.2, Mejor=127.9
2025-10-23 05:07:34,188 - INFO -   Iter 76000 | Tiempo:  102.8min (42.8%) | T =     0.35 | Fitness =    116.9 | Mejor =    127.9 | Aceptación =  65.2%
2025-10-23 05:07:34,188 - INFO - Progreso iter 76000: T=0.35, Fitness=116.9, Mejor=127.9, Tasa_acept=65.2%
2025-10-23 05:07:34,190 - DEBUG - Iter 76000: T=0.35, Fitness_actual=116.9, Mejor=127.9
2025-10-23 05:07:47,345 - DEBUG - Iter 76100: T=0.35, Fitness_actual=116.6, Mejor=127.9
2025-10-23 05:08:00,589 - DEBUG - Iter 76200: T=0.35, Fitness_actual=115.8, Mejor=127.9
2025-10-23 05:08:13,886 - DEBUG - Iter 76300: T=0.35, Fitness_actual=115.8, Mejor=127.9
2025-10-23 05:08:27,235 - DEBUG - Iter 76400: T=0.35, Fitness_actual=116.9, Mejor=127.9
2025-10-23 05:08:40,542 - INFO -   Iter 76500 | Tiempo:  103.9min (43.3%) | T =     0.35 | Fitness =    118.0 | Mejor =    127.9 | Aceptación =  65.1%
2025-10-23 05:08:40,543 - INFO - Progreso iter 76500: T=0.35, Fitness=118.0, Mejor=127.9, Tasa_acept=65.1%
2025-10-23 05:08:40,544 - DEBUG - Iter 76500: T=0.35, Fitness_actual=118.0, Mejor=127.9
2025-10-23 05:08:53,876 - DEBUG - Iter 76600: T=0.34, Fitness_actual=117.7, Mejor=127.9
2025-10-23 05:09:07,296 - DEBUG - Iter 76700: T=0.34, Fitness_actual=118.6, Mejor=127.9
2025-10-23 05:09:20,698 - DEBUG - Iter 76800: T=0.34, Fitness_actual=118.4, Mejor=127.9
2025-10-23 05:09:26,044 - WARNING - ================================================================================
2025-10-23 05:09:26,045 - WARNING - ⚠️  SALTO ANORMAL DETECTADO en iteración 76840
2025-10-23 05:09:26,045 - WARNING -    Fitness actual: 118.2
2025-10-23 05:09:26,045 - WARNING -    Fitness vecino: 91.3
2025-10-23 05:09:26,045 - WARNING -    Delta: -26.9
2025-10-23 05:09:26,045 - WARNING -    Temperatura: 0.34
2025-10-23 05:09:26,046 - WARNING -    Tipo perturbación aplicada: (ver generar_vecino)
2025-10-23 05:09:26,046 - WARNING -    Vecino - Puntos: 13755, Tiempo: 13880.7min, Distancia: 199.2km
2025-10-23 05:09:26,046 - WARNING -    Actual - Puntos: 13755, Tiempo: 12511.6min, Distancia: 118.9km
2025-10-23 05:09:26,046 - WARNING -    Validez restricciones - Vecino: False, Actual: False
2025-10-23 05:09:26,046 - WARNING - ================================================================================
2025-10-23 05:09:26,046 - WARNING - ⚠️  SALTO ANORMAL DETECTADO en iteración 76840
2025-10-23 05:09:26,046 - WARNING -    Fitness: 118.2 → 91.3 (Δ=-26.9)
2025-10-23 05:09:26,047 - WARNING -    Ver detalles en archivo de log
2025-10-23 05:09:34,065 - DEBUG - Iter 76900: T=0.34, Fitness_actual=117.9, Mejor=127.9
2025-10-23 05:09:47,432 - INFO -   Iter 77000 | Tiempo:  105.0min (43.8%) | T =     0.34 | Fitness =    116.8 | Mejor =    127.9 | Aceptación =  65.1%
2025-10-23 05:09:47,433 - INFO - Progreso iter 77000: T=0.34, Fitness=116.8, Mejor=127.9, Tasa_acept=65.1%
2025-10-23 05:09:47,434 - DEBUG - Iter 77000: T=0.34, Fitness_actual=116.8, Mejor=127.9
2025-10-23 05:10:00,809 - DEBUG - Iter 77100: T=0.34, Fitness_actual=115.8, Mejor=127.9
2025-10-23 05:10:14,203 - DEBUG - Iter 77200: T=0.34, Fitness_actual=117.8, Mejor=127.9
2025-10-23 05:10:27,617 - DEBUG - Iter 77300: T=0.34, Fitness_actual=119.0, Mejor=127.9
2025-10-23 05:10:41,041 - DEBUG - Iter 77400: T=0.34, Fitness_actual=116.5, Mejor=127.9
2025-10-23 05:10:54,529 - INFO -   Iter 77500 | Tiempo:  106.1min (44.2%) | T =     0.34 | Fitness =    117.9 | Mejor =    127.9 | Aceptación =  65.1%
2025-10-23 05:10:54,529 - INFO - Progreso iter 77500: T=0.34, Fitness=117.9, Mejor=127.9, Tasa_acept=65.1%
2025-10-23 05:10:54,530 - DEBUG - Iter 77500: T=0.34, Fitness_actual=117.9, Mejor=127.9
2025-10-23 05:11:08,092 - DEBUG - Iter 77600: T=0.34, Fitness_actual=117.0, Mejor=127.9
2025-10-23 05:11:21,614 - DEBUG - Iter 77700: T=0.34, Fitness_actual=116.7, Mejor=127.9
2025-10-23 05:11:35,108 - DEBUG - Iter 77800: T=0.34, Fitness_actual=117.7, Mejor=127.9
2025-10-23 05:11:48,577 - DEBUG - Iter 77900: T=0.34, Fitness_actual=117.4, Mejor=127.9
2025-10-23 05:12:02,170 - INFO -   Iter 78000 | Tiempo:  107.3min (44.7%) | T =     0.34 | Fitness =    118.3 | Mejor =    127.9 | Aceptación =  65.1%
2025-10-23 05:12:02,171 - INFO - Progreso iter 78000: T=0.34, Fitness=118.3, Mejor=127.9, Tasa_acept=65.1%
2025-10-23 05:12:02,172 - DEBUG - Iter 78000: T=0.34, Fitness_actual=118.3, Mejor=127.9
2025-10-23 05:12:15,747 - DEBUG - Iter 78100: T=0.33, Fitness_actual=117.9, Mejor=127.9
2025-10-23 05:12:29,332 - DEBUG - Iter 78200: T=0.33, Fitness_actual=118.6, Mejor=127.9
2025-10-23 05:12:42,884 - DEBUG - Iter 78300: T=0.33, Fitness_actual=119.5, Mejor=127.9
2025-10-23 05:12:56,436 - DEBUG - Iter 78400: T=0.33, Fitness_actual=119.7, Mejor=127.9
2025-10-23 05:13:10,035 - INFO -   Iter 78500 | Tiempo:  108.4min (45.2%) | T =     0.33 | Fitness =    119.4 | Mejor =    127.9 | Aceptación =  65.1%
2025-10-23 05:13:10,036 - INFO - Progreso iter 78500: T=0.33, Fitness=119.4, Mejor=127.9, Tasa_acept=65.1%
2025-10-23 05:13:10,037 - DEBUG - Iter 78500: T=0.33, Fitness_actual=119.4, Mejor=127.9
2025-10-23 05:13:23,742 - DEBUG - Iter 78600: T=0.33, Fitness_actual=119.1, Mejor=127.9
2025-10-23 05:13:37,344 - DEBUG - Iter 78700: T=0.33, Fitness_actual=119.5, Mejor=127.9
2025-10-23 05:13:50,941 - DEBUG - Iter 78800: T=0.33, Fitness_actual=119.5, Mejor=127.9
2025-10-23 05:14:04,595 - DEBUG - Iter 78900: T=0.33, Fitness_actual=119.2, Mejor=127.9
2025-10-23 05:14:18,239 - INFO -   Iter 79000 | Tiempo:  109.5min (45.6%) | T =     0.33 | Fitness =    119.7 | Mejor =    127.9 | Aceptación =  65.1%
2025-10-23 05:14:18,240 - INFO - Progreso iter 79000: T=0.33, Fitness=119.7, Mejor=127.9, Tasa_acept=65.1%
2025-10-23 05:14:18,240 - DEBUG - Iter 79000: T=0.33, Fitness_actual=119.7, Mejor=127.9
2025-10-23 05:14:31,879 - DEBUG - Iter 79100: T=0.33, Fitness_actual=119.7, Mejor=127.9
2025-10-23 05:14:45,521 - DEBUG - Iter 79200: T=0.33, Fitness_actual=119.3, Mejor=127.9
2025-10-23 05:14:59,215 - DEBUG - Iter 79300: T=0.33, Fitness_actual=119.0, Mejor=127.9
2025-10-23 05:15:08,833 - WARNING - ================================================================================
2025-10-23 05:15:08,834 - WARNING - ⚠️  SALTO ANORMAL DETECTADO en iteración 79370
2025-10-23 05:15:08,834 - WARNING -    Fitness actual: 119.2
2025-10-23 05:15:08,834 - WARNING -    Fitness vecino: 95.9
2025-10-23 05:15:08,834 - WARNING -    Delta: -23.3
2025-10-23 05:15:08,834 - WARNING -    Temperatura: 0.33
2025-10-23 05:15:08,835 - WARNING -    Tipo perturbación aplicada: (ver generar_vecino)
2025-10-23 05:15:08,835 - WARNING -    Vecino - Puntos: 13935, Tiempo: 13363.5min, Distancia: 196.1km
2025-10-23 05:15:08,835 - WARNING -    Actual - Puntos: 13962, Tiempo: 12775.4min, Distancia: 129.2km
2025-10-23 05:15:08,835 - WARNING -    Validez restricciones - Vecino: False, Actual: False
2025-10-23 05:15:08,835 - WARNING - ================================================================================
2025-10-23 05:15:08,835 - WARNING - ⚠️  SALTO ANORMAL DETECTADO en iteración 79370
2025-10-23 05:15:08,836 - WARNING -    Fitness: 119.2 → 95.9 (Δ=-23.3)
2025-10-23 05:15:08,836 - WARNING -    Ver detalles en archivo de log
2025-10-23 05:15:10,068 - WARNING - ================================================================================
2025-10-23 05:15:10,068 - WARNING - ⚠️  SALTO ANORMAL DETECTADO en iteración 79379
2025-10-23 05:15:10,068 - WARNING -    Fitness actual: 119.3
2025-10-23 05:15:10,068 - WARNING -    Fitness vecino: 97.3
2025-10-23 05:15:10,069 - WARNING -    Delta: -22.0
2025-10-23 05:15:10,069 - WARNING -    Temperatura: 0.33
2025-10-23 05:15:10,069 - WARNING -    Tipo perturbación aplicada: (ver generar_vecino)
2025-10-23 05:15:10,069 - WARNING -    Vecino - Puntos: 13969, Tiempo: 13520.4min, Distancia: 196.3km
2025-10-23 05:15:10,069 - WARNING -    Actual - Puntos: 13969, Tiempo: 12818.0min, Distancia: 129.0km
2025-10-23 05:15:10,069 - WARNING -    Validez restricciones - Vecino: False, Actual: False
2025-10-23 05:15:10,069 - WARNING - ================================================================================
2025-10-23 05:15:10,070 - WARNING - ⚠️  SALTO ANORMAL DETECTADO en iteración 79379
2025-10-23 05:15:10,070 - WARNING -    Fitness: 119.3 → 97.3 (Δ=-22.0)
2025-10-23 05:15:10,070 - WARNING -    Ver detalles en archivo de log
2025-10-23 05:15:10,485 - WARNING - ================================================================================
2025-10-23 05:15:10,485 - WARNING - ⚠️  SALTO ANORMAL DETECTADO en iteración 79382
2025-10-23 05:15:10,485 - WARNING -    Fitness actual: 119.3
2025-10-23 05:15:10,485 - WARNING -    Fitness vecino: 97.3
2025-10-23 05:15:10,485 - WARNING -    Delta: -22.0
2025-10-23 05:15:10,486 - WARNING -    Temperatura: 0.33
2025-10-23 05:15:10,486 - WARNING -    Tipo perturbación aplicada: (ver generar_vecino)
2025-10-23 05:15:10,486 - WARNING -    Vecino - Puntos: 13969, Tiempo: 13508.9min, Distancia: 195.3km
2025-10-23 05:15:10,486 - WARNING -    Actual - Puntos: 13969, Tiempo: 12806.5min, Distancia: 128.0km
2025-10-23 05:15:10,486 - WARNING -    Validez restricciones - Vecino: False, Actual: False
2025-10-23 05:15:10,486 - WARNING - ================================================================================
2025-10-23 05:15:10,486 - WARNING - ⚠️  SALTO ANORMAL DETECTADO en iteración 79382
2025-10-23 05:15:10,487 - WARNING -    Fitness: 119.3 → 97.3 (Δ=-22.0)
2025-10-23 05:15:10,487 - WARNING -    Ver detalles en archivo de log
2025-10-23 05:15:12,957 - DEBUG - Iter 79400: T=0.33, Fitness_actual=119.3, Mejor=127.9
2025-10-23 05:15:26,685 - INFO -   Iter 79500 | Tiempo:  110.7min (46.1%) | T =     0.33 | Fitness =    120.6 | Mejor =    127.9 | Aceptación =  65.0%
2025-10-23 05:15:26,685 - INFO - Progreso iter 79500: T=0.33, Fitness=120.6, Mejor=127.9, Tasa_acept=65.0%
2025-10-23 05:15:26,687 - DEBUG - Iter 79500: T=0.33, Fitness_actual=120.6, Mejor=127.9
2025-10-23 05:15:40,439 - DEBUG - Iter 79600: T=0.33, Fitness_actual=119.9, Mejor=127.9
2025-10-23 05:15:54,258 - DEBUG - Iter 79700: T=0.32, Fitness_actual=118.7, Mejor=127.9
2025-10-23 05:16:08,151 - DEBUG - Iter 79800: T=0.32, Fitness_actual=118.9, Mejor=127.9
2025-10-23 05:16:21,931 - DEBUG - Iter 79900: T=0.32, Fitness_actual=119.7, Mejor=127.9
2025-10-23 05:16:35,732 - INFO -   Iter 80000 | Tiempo:  111.8min (46.6%) | T =     0.32 | Fitness =    119.8 | Mejor =    127.9 | Aceptación =  64.9%
2025-10-23 05:16:35,733 - INFO - Progreso iter 80000: T=0.32, Fitness=119.8, Mejor=127.9, Tasa_acept=64.9%
2025-10-23 05:16:35,736 - DEBUG - Iter 80000: T=0.32, Fitness_actual=119.8, Mejor=127.9
2025-10-23 05:16:49,587 - DEBUG - Iter 80100: T=0.32, Fitness_actual=120.3, Mejor=127.9
2025-10-23 05:17:03,494 - DEBUG - Iter 80200: T=0.32, Fitness_actual=120.1, Mejor=127.9
2025-10-23 05:17:17,336 - DEBUG - Iter 80300: T=0.32, Fitness_actual=121.6, Mejor=127.9
2025-10-23 05:17:31,166 - DEBUG - Iter 80400: T=0.32, Fitness_actual=119.3, Mejor=127.9
2025-10-23 05:17:44,940 - INFO -   Iter 80500 | Tiempo:  113.0min (47.1%) | T =     0.32 | Fitness =    119.0 | Mejor =    127.9 | Aceptación =  64.9%
2025-10-23 05:17:44,940 - INFO - Progreso iter 80500: T=0.32, Fitness=119.0, Mejor=127.9, Tasa_acept=64.9%
2025-10-23 05:17:44,941 - DEBUG - Iter 80500: T=0.32, Fitness_actual=119.0, Mejor=127.9
2025-10-23 05:17:58,762 - DEBUG - Iter 80600: T=0.32, Fitness_actual=117.8, Mejor=127.9
2025-10-23 05:18:12,613 - DEBUG - Iter 80700: T=0.32, Fitness_actual=118.6, Mejor=127.9
2025-10-23 05:18:26,450 - DEBUG - Iter 80800: T=0.32, Fitness_actual=120.5, Mejor=127.9
2025-10-23 05:18:40,316 - DEBUG - Iter 80900: T=0.32, Fitness_actual=121.7, Mejor=127.9
2025-10-23 05:18:54,187 - INFO -   Iter 81000 | Tiempo:  114.1min (47.6%) | T =     0.32 | Fitness =    120.1 | Mejor =    127.9 | Aceptación =  64.9%
2025-10-23 05:18:54,187 - INFO - Progreso iter 81000: T=0.32, Fitness=120.1, Mejor=127.9, Tasa_acept=64.9%
2025-10-23 05:18:54,189 - DEBUG - Iter 81000: T=0.32, Fitness_actual=120.1, Mejor=127.9
2025-10-23 05:19:08,059 - DEBUG - Iter 81100: T=0.32, Fitness_actual=122.1, Mejor=127.9
2025-10-23 05:19:21,937 - DEBUG - Iter 81200: T=0.31, Fitness_actual=120.7, Mejor=127.9
2025-10-23 05:19:35,833 - DEBUG - Iter 81300: T=0.31, Fitness_actual=120.4, Mejor=127.9
2025-10-23 05:19:49,711 - DEBUG - Iter 81400: T=0.31, Fitness_actual=121.4, Mejor=127.9
2025-10-23 05:20:03,620 - INFO -   Iter 81500 | Tiempo:  115.3min (48.0%) | T =     0.31 | Fitness =    119.6 | Mejor =    127.9 | Aceptación =  64.8%
2025-10-23 05:20:03,620 - INFO - Progreso iter 81500: T=0.31, Fitness=119.6, Mejor=127.9, Tasa_acept=64.8%
2025-10-23 05:20:03,623 - DEBUG - Iter 81500: T=0.31, Fitness_actual=119.6, Mejor=127.9
2025-10-23 05:20:17,570 - DEBUG - Iter 81600: T=0.31, Fitness_actual=119.0, Mejor=127.9
2025-10-23 05:20:31,503 - DEBUG - Iter 81700: T=0.31, Fitness_actual=118.9, Mejor=127.9
2025-10-23 05:20:45,478 - DEBUG - Iter 81800: T=0.31, Fitness_actual=118.6, Mejor=127.9
2025-10-23 05:20:59,082 - DEBUG - Iter 81900: T=0.31, Fitness_actual=119.3, Mejor=127.9
2025-10-23 05:21:12,704 - INFO -   Iter 82000 | Tiempo:  116.4min (48.5%) | T =     0.31 | Fitness =    118.1 | Mejor =    127.9 | Aceptación =  64.8%
2025-10-23 05:21:12,704 - INFO - Progreso iter 82000: T=0.31, Fitness=118.1, Mejor=127.9, Tasa_acept=64.8%
2025-10-23 05:21:12,705 - DEBUG - Iter 82000: T=0.31, Fitness_actual=118.1, Mejor=127.9
2025-10-23 05:21:26,240 - DEBUG - Iter 82100: T=0.31, Fitness_actual=118.2, Mejor=127.9
2025-10-23 05:21:28,408 - WARNING - ================================================================================
2025-10-23 05:21:28,408 - WARNING - ⚠️  SALTO ANORMAL DETECTADO en iteración 82116
2025-10-23 05:21:28,408 - WARNING -    Fitness actual: 118.2
2025-10-23 05:21:28,408 - WARNING -    Fitness vecino: 80.5
2025-10-23 05:21:28,408 - WARNING -    Delta: -37.7
2025-10-23 05:21:28,408 - WARNING -    Temperatura: 0.31
2025-10-23 05:21:28,408 - WARNING -    Tipo perturbación aplicada: (ver generar_vecino)
2025-10-23 05:21:28,408 - WARNING -    Vecino - Puntos: 14056, Tiempo: 13478.5min, Distancia: 260.7km
2025-10-23 05:21:28,409 - WARNING -    Actual - Puntos: 14057, Tiempo: 11681.2min, Distancia: 117.2km
2025-10-23 05:21:28,409 - WARNING -    Validez restricciones - Vecino: False, Actual: False
2025-10-23 05:21:28,409 - WARNING - ================================================================================
2025-10-23 05:21:28,409 - WARNING - ⚠️  SALTO ANORMAL DETECTADO en iteración 82116
2025-10-23 05:21:28,409 - WARNING -    Fitness: 118.2 → 80.5 (Δ=-37.7)
2025-10-23 05:21:28,409 - WARNING -    Ver detalles en archivo de log
2025-10-23 05:21:39,795 - DEBUG - Iter 82200: T=0.31, Fitness_actual=118.2, Mejor=127.9
2025-10-23 05:21:53,336 - DEBUG - Iter 82300: T=0.31, Fitness_actual=119.0, Mejor=127.9
2025-10-23 05:22:07,004 - DEBUG - Iter 82400: T=0.31, Fitness_actual=120.2, Mejor=127.9
2025-10-23 05:22:20,574 - INFO -   Iter 82500 | Tiempo:  117.6min (49.0%) | T =     0.31 | Fitness =    120.4 | Mejor =    127.9 | Aceptación =  64.8%
2025-10-23 05:22:20,574 - INFO - Progreso iter 82500: T=0.31, Fitness=120.4, Mejor=127.9, Tasa_acept=64.8%
2025-10-23 05:22:20,575 - DEBUG - Iter 82500: T=0.31, Fitness_actual=120.4, Mejor=127.9
2025-10-23 05:22:34,194 - DEBUG - Iter 82600: T=0.31, Fitness_actual=120.1, Mejor=127.9
2025-10-23 05:22:47,764 - DEBUG - Iter 82700: T=0.31, Fitness_actual=120.2, Mejor=127.9
2025-10-23 05:23:01,382 - DEBUG - Iter 82800: T=0.31, Fitness_actual=120.4, Mejor=127.9
2025-10-23 05:23:15,112 - DEBUG - Iter 82900: T=0.30, Fitness_actual=118.7, Mejor=127.9
2025-10-23 05:23:28,730 - INFO -   Iter 83000 | Tiempo:  118.7min (49.5%) | T =     0.30 | Fitness =    119.3 | Mejor =    127.9 | Aceptación =  64.7%
2025-10-23 05:23:28,731 - INFO - Progreso iter 83000: T=0.30, Fitness=119.3, Mejor=127.9, Tasa_acept=64.7%
2025-10-23 05:23:28,732 - DEBUG - Iter 83000: T=0.30, Fitness_actual=119.3, Mejor=127.9
2025-10-23 05:23:42,390 - DEBUG - Iter 83100: T=0.30, Fitness_actual=120.9, Mejor=127.9
2025-10-23 05:23:56,038 - DEBUG - Iter 83200: T=0.30, Fitness_actual=119.6, Mejor=127.9
2025-10-23 05:24:09,716 - DEBUG - Iter 83300: T=0.30, Fitness_actual=120.2, Mejor=127.9
2025-10-23 05:24:23,450 - DEBUG - Iter 83400: T=0.30, Fitness_actual=121.2, Mejor=127.9
2025-10-23 05:24:37,156 - INFO -   Iter 83500 | Tiempo:  119.8min (49.9%) | T =     0.30 | Fitness =    121.4 | Mejor =    127.9 | Aceptación =  64.7%
2025-10-23 05:24:37,156 - INFO - Progreso iter 83500: T=0.30, Fitness=121.4, Mejor=127.9, Tasa_acept=64.7%
2025-10-23 05:24:37,160 - DEBUG - Iter 83500: T=0.30, Fitness_actual=121.4, Mejor=127.9
2025-10-23 05:24:50,871 - DEBUG - Iter 83600: T=0.30, Fitness_actual=121.4, Mejor=127.9
2025-10-23 05:25:04,614 - DEBUG - Iter 83700: T=0.30, Fitness_actual=120.9, Mejor=127.9
2025-10-23 05:25:18,369 - DEBUG - Iter 83800: T=0.30, Fitness_actual=121.5, Mejor=127.9
2025-10-23 05:25:32,143 - DEBUG - Iter 83900: T=0.30, Fitness_actual=122.3, Mejor=127.9
2025-10-23 05:25:45,978 - INFO -   Iter 84000 | Tiempo:  121.0min (50.4%) | T =     0.30 | Fitness =    122.9 | Mejor =    127.9 | Aceptación =  64.6%
2025-10-23 05:25:45,979 - INFO - Progreso iter 84000: T=0.30, Fitness=122.9, Mejor=127.9, Tasa_acept=64.6%
2025-10-23 05:25:45,980 - DEBUG - Iter 84000: T=0.30, Fitness_actual=122.9, Mejor=127.9
2025-10-23 05:25:59,735 - DEBUG - Iter 84100: T=0.30, Fitness_actual=122.7, Mejor=127.9
2025-10-23 05:26:13,547 - DEBUG - Iter 84200: T=0.30, Fitness_actual=122.3, Mejor=127.9
2025-10-23 05:26:27,318 - DEBUG - Iter 84300: T=0.30, Fitness_actual=121.7, Mejor=127.9
2025-10-23 05:26:41,123 - DEBUG - Iter 84400: T=0.30, Fitness_actual=122.6, Mejor=127.9
2025-10-23 05:26:46,086 - WARNING - ================================================================================
2025-10-23 05:26:46,086 - WARNING - ⚠️  SALTO ANORMAL DETECTADO en iteración 84436
2025-10-23 05:26:46,086 - WARNING -    Fitness actual: 122.9
2025-10-23 05:26:46,086 - WARNING -    Fitness vecino: 79.7
2025-10-23 05:26:46,087 - WARNING -    Delta: -43.2
2025-10-23 05:26:46,087 - WARNING -    Temperatura: 0.30
2025-10-23 05:26:46,087 - WARNING -    Tipo perturbación aplicada: (ver generar_vecino)
2025-10-23 05:26:46,087 - WARNING -    Vecino - Puntos: 14025, Tiempo: 14854.1min, Distancia: 273.7km
2025-10-23 05:26:46,087 - WARNING -    Actual - Puntos: 14034, Tiempo: 13004.5min, Distancia: 130.8km
2025-10-23 05:26:46,087 - WARNING -    Validez restricciones - Vecino: False, Actual: False
2025-10-23 05:26:46,088 - WARNING - ================================================================================
2025-10-23 05:26:46,088 - WARNING - ⚠️  SALTO ANORMAL DETECTADO en iteración 84436
2025-10-23 05:26:46,088 - WARNING -    Fitness: 122.9 → 79.7 (Δ=-43.2)
2025-10-23 05:26:46,088 - WARNING -    Ver detalles en archivo de log
2025-10-23 05:26:54,926 - INFO -   Iter 84500 | Tiempo:  122.1min (50.9%) | T =     0.30 | Fitness =    122.1 | Mejor =    127.9 | Aceptación =  64.6%
2025-10-23 05:26:54,926 - INFO - Progreso iter 84500: T=0.30, Fitness=122.1, Mejor=127.9, Tasa_acept=64.6%
2025-10-23 05:26:54,927 - DEBUG - Iter 84500: T=0.30, Fitness_actual=122.1, Mejor=127.9
2025-10-23 05:27:08,801 - DEBUG - Iter 84600: T=0.29, Fitness_actual=120.4, Mejor=127.9
2025-10-23 05:27:22,634 - DEBUG - Iter 84700: T=0.29, Fitness_actual=121.8, Mejor=127.9
2025-10-23 05:27:36,444 - DEBUG - Iter 84800: T=0.29, Fitness_actual=123.3, Mejor=127.9
2025-10-23 05:27:50,270 - DEBUG - Iter 84900: T=0.29, Fitness_actual=123.0, Mejor=127.9
2025-10-23 05:28:04,093 - INFO -   Iter 85000 | Tiempo:  123.3min (51.4%) | T =     0.29 | Fitness =    122.6 | Mejor =    127.9 | Aceptación =  64.6%
2025-10-23 05:28:04,093 - INFO - Progreso iter 85000: T=0.29, Fitness=122.6, Mejor=127.9, Tasa_acept=64.6%
2025-10-23 05:28:04,094 - DEBUG - Iter 85000: T=0.29, Fitness_actual=122.6, Mejor=127.9
2025-10-23 05:28:17,941 - DEBUG - Iter 85100: T=0.29, Fitness_actual=122.7, Mejor=127.9
2025-10-23 05:28:31,821 - DEBUG - Iter 85200: T=0.29, Fitness_actual=123.2, Mejor=127.9
2025-10-23 05:28:45,698 - DEBUG - Iter 85300: T=0.29, Fitness_actual=123.3, Mejor=127.9
2025-10-23 05:28:59,608 - DEBUG - Iter 85400: T=0.29, Fitness_actual=123.7, Mejor=127.9
2025-10-23 05:29:13,510 - INFO -   Iter 85500 | Tiempo:  124.4min (51.9%) | T =     0.29 | Fitness =    124.2 | Mejor =    127.9 | Aceptación =  64.5%
2025-10-23 05:29:13,511 - INFO - Progreso iter 85500: T=0.29, Fitness=124.2, Mejor=127.9, Tasa_acept=64.5%
2025-10-23 05:29:13,512 - DEBUG - Iter 85500: T=0.29, Fitness_actual=124.2, Mejor=127.9
2025-10-23 05:29:27,407 - DEBUG - Iter 85600: T=0.29, Fitness_actual=122.7, Mejor=127.9
2025-10-23 05:29:41,354 - DEBUG - Iter 85700: T=0.29, Fitness_actual=121.5, Mejor=127.9
2025-10-23 05:29:55,320 - DEBUG - Iter 85800: T=0.29, Fitness_actual=122.1, Mejor=127.9
2025-10-23 05:30:09,256 - DEBUG - Iter 85900: T=0.29, Fitness_actual=121.1, Mejor=127.9
2025-10-23 05:30:23,237 - INFO -   Iter 86000 | Tiempo:  125.6min (52.3%) | T =     0.29 | Fitness =    121.9 | Mejor =    127.9 | Aceptación =  64.5%
2025-10-23 05:30:23,238 - INFO - Progreso iter 86000: T=0.29, Fitness=121.9, Mejor=127.9, Tasa_acept=64.5%
2025-10-23 05:30:23,239 - DEBUG - Iter 86000: T=0.29, Fitness_actual=121.9, Mejor=127.9
2025-10-23 05:30:37,195 - DEBUG - Iter 86100: T=0.29, Fitness_actual=123.1, Mejor=127.9
2025-10-23 05:30:51,199 - DEBUG - Iter 86200: T=0.29, Fitness_actual=123.8, Mejor=127.9
2025-10-23 05:31:05,323 - DEBUG - Iter 86300: T=0.29, Fitness_actual=123.6, Mejor=127.9
2025-10-23 05:31:19,380 - DEBUG - Iter 86400: T=0.29, Fitness_actual=124.0, Mejor=127.9
2025-10-23 05:31:33,351 - INFO -   Iter 86500 | Tiempo:  126.8min (52.8%) | T =     0.28 | Fitness =    124.3 | Mejor =    127.9 | Aceptación =  64.4%
2025-10-23 05:31:33,352 - INFO - Progreso iter 86500: T=0.28, Fitness=124.3, Mejor=127.9, Tasa_acept=64.4%
2025-10-23 05:31:33,356 - DEBUG - Iter 86500: T=0.28, Fitness_actual=124.3, Mejor=127.9
2025-10-23 05:31:47,328 - DEBUG - Iter 86600: T=0.28, Fitness_actual=124.4, Mejor=127.9
2025-10-23 05:32:01,374 - DEBUG - Iter 86700: T=0.28, Fitness_actual=123.6, Mejor=127.9
2025-10-23 05:32:15,410 - DEBUG - Iter 86800: T=0.28, Fitness_actual=123.5, Mejor=127.9
2025-10-23 05:32:29,411 - DEBUG - Iter 86900: T=0.28, Fitness_actual=123.7, Mejor=127.9
2025-10-23 05:32:43,474 - INFO -   Iter 87000 | Tiempo:  127.9min (53.3%) | T =     0.28 | Fitness =    123.9 | Mejor =    127.9 | Aceptación =  64.3%
2025-10-23 05:32:43,474 - INFO - Progreso iter 87000: T=0.28, Fitness=123.9, Mejor=127.9, Tasa_acept=64.3%
2025-10-23 05:32:43,477 - DEBUG - Iter 87000: T=0.28, Fitness_actual=123.9, Mejor=127.9
2025-10-23 05:32:57,517 - DEBUG - Iter 87100: T=0.28, Fitness_actual=124.0, Mejor=127.9
2025-10-23 05:33:11,565 - DEBUG - Iter 87200: T=0.28, Fitness_actual=122.9, Mejor=127.9
2025-10-23 05:33:25,606 - DEBUG - Iter 87300: T=0.28, Fitness_actual=124.1, Mejor=127.9
2025-10-23 05:33:39,676 - DEBUG - Iter 87400: T=0.28, Fitness_actual=124.1, Mejor=127.9
2025-10-23 05:33:53,720 - INFO -   Iter 87500 | Tiempo:  129.1min (53.8%) | T =     0.28 | Fitness =    125.2 | Mejor =    127.9 | Aceptación =  64.3%
2025-10-23 05:33:53,720 - INFO - Progreso iter 87500: T=0.28, Fitness=125.2, Mejor=127.9, Tasa_acept=64.3%
2025-10-23 05:33:53,721 - DEBUG - Iter 87500: T=0.28, Fitness_actual=125.2, Mejor=127.9
2025-10-23 05:34:07,799 - DEBUG - Iter 87600: T=0.28, Fitness_actual=124.2, Mejor=127.9
2025-10-23 05:34:21,864 - DEBUG - Iter 87700: T=0.28, Fitness_actual=123.3, Mejor=127.9
2025-10-23 05:34:35,959 - DEBUG - Iter 87800: T=0.28, Fitness_actual=121.0, Mejor=127.9
2025-10-23 05:34:50,047 - DEBUG - Iter 87900: T=0.28, Fitness_actual=123.5, Mejor=127.9
2025-10-23 05:35:04,167 - INFO -   Iter 88000 | Tiempo:  130.3min (54.3%) | T =     0.28 | Fitness =    123.5 | Mejor =    127.9 | Aceptación =  64.2%
2025-10-23 05:35:04,167 - INFO - Progreso iter 88000: T=0.28, Fitness=123.5, Mejor=127.9, Tasa_acept=64.2%
2025-10-23 05:35:04,168 - DEBUG - Iter 88000: T=0.28, Fitness_actual=123.5, Mejor=127.9
2025-10-23 05:35:18,297 - DEBUG - Iter 88100: T=0.28, Fitness_actual=122.4, Mejor=127.9
2025-10-23 05:35:32,500 - DEBUG - Iter 88200: T=0.28, Fitness_actual=123.3, Mejor=127.9
2025-10-23 05:35:46,677 - DEBUG - Iter 88300: T=0.28, Fitness_actual=123.7, Mejor=127.9
2025-10-23 05:36:01,276 - DEBUG - Iter 88400: T=0.27, Fitness_actual=123.6, Mejor=127.9
2025-10-23 05:36:15,918 - INFO -   Iter 88500 | Tiempo:  131.5min (54.8%) | T =     0.27 | Fitness =    124.1 | Mejor =    127.9 | Aceptación =  64.1%
2025-10-23 05:36:15,919 - INFO - Progreso iter 88500: T=0.27, Fitness=124.1, Mejor=127.9, Tasa_acept=64.1%
2025-10-23 05:36:15,920 - DEBUG - Iter 88500: T=0.27, Fitness_actual=124.1, Mejor=127.9
2025-10-23 05:36:30,567 - DEBUG - Iter 88600: T=0.27, Fitness_actual=124.2, Mejor=127.9
2025-10-23 05:36:35,098 - WARNING - ================================================================================
2025-10-23 05:36:35,099 - WARNING - ⚠️  SALTO ANORMAL DETECTADO en iteración 88631
2025-10-23 05:36:35,099 - WARNING -    Fitness actual: 124.2
2025-10-23 05:36:35,099 - WARNING -    Fitness vecino: 103.5
2025-10-23 05:36:35,099 - WARNING -    Delta: -20.8
2025-10-23 05:36:35,099 - WARNING -    Temperatura: 0.27
2025-10-23 05:36:35,099 - WARNING -    Tipo perturbación aplicada: (ver generar_vecino)
2025-10-23 05:36:35,099 - WARNING -    Vecino - Puntos: 13943, Tiempo: 12979.3min, Distancia: 125.9km
2025-10-23 05:36:35,100 - WARNING -    Actual - Puntos: 13961, Tiempo: 13200.0min, Distancia: 133.5km
2025-10-23 05:36:35,100 - WARNING -    Validez restricciones - Vecino: False, Actual: False
2025-10-23 05:36:35,100 - WARNING - ================================================================================
2025-10-23 05:36:35,100 - WARNING - ⚠️  SALTO ANORMAL DETECTADO en iteración 88631
2025-10-23 05:36:35,100 - WARNING -    Fitness: 124.2 → 103.5 (Δ=-20.8)
2025-10-23 05:36:35,100 - WARNING -    Ver detalles en archivo de log
2025-10-23 05:36:45,170 - DEBUG - Iter 88700: T=0.27, Fitness_actual=124.3, Mejor=127.9
2025-10-23 05:37:00,088 - DEBUG - Iter 88800: T=0.27, Fitness_actual=124.9, Mejor=127.9
2025-10-23 05:37:15,051 - DEBUG - Iter 88900: T=0.27, Fitness_actual=125.2, Mejor=127.9
2025-10-23 05:37:17,731 - WARNING - ================================================================================
2025-10-23 05:37:17,731 - WARNING - ⚠️  SALTO ANORMAL DETECTADO en iteración 88918
2025-10-23 05:37:17,731 - WARNING -    Fitness actual: 125.2
2025-10-23 05:37:17,732 - WARNING -    Fitness vecino: 103.6
2025-10-23 05:37:17,733 - WARNING -    Delta: -21.6
2025-10-23 05:37:17,733 - WARNING -    Temperatura: 0.27
2025-10-23 05:37:17,733 - WARNING -    Tipo perturbación aplicada: (ver generar_vecino)
2025-10-23 05:37:17,734 - WARNING -    Vecino - Puntos: 14057, Tiempo: 13581.3min, Distancia: 133.4km
2025-10-23 05:37:17,734 - WARNING -    Actual - Puntos: 14067, Tiempo: 13699.0min, Distancia: 151.3km
2025-10-23 05:37:17,734 - WARNING -    Validez restricciones - Vecino: False, Actual: False
2025-10-23 05:37:17,734 - WARNING - ================================================================================
2025-10-23 05:37:17,734 - WARNING - ⚠️  SALTO ANORMAL DETECTADO en iteración 88918
2025-10-23 05:37:17,734 - WARNING -    Fitness: 125.2 → 103.6 (Δ=-21.6)
2025-10-23 05:37:17,734 - WARNING -    Ver detalles en archivo de log
2025-10-23 05:37:22,207 - WARNING - ================================================================================
2025-10-23 05:37:22,207 - WARNING - ⚠️  SALTO ANORMAL DETECTADO en iteración 88948
2025-10-23 05:37:22,208 - WARNING -    Fitness actual: 125.1
2025-10-23 05:37:22,208 - WARNING -    Fitness vecino: 104.4
2025-10-23 05:37:22,208 - WARNING -    Delta: -20.7
2025-10-23 05:37:22,208 - WARNING -    Temperatura: 0.27
2025-10-23 05:37:22,208 - WARNING -    Tipo perturbación aplicada: (ver generar_vecino)
2025-10-23 05:37:22,208 - WARNING -    Vecino - Puntos: 13372, Tiempo: 13335.8min, Distancia: 164.0km
2025-10-23 05:37:22,209 - WARNING -    Actual - Puntos: 14052, Tiempo: 13550.8min, Distancia: 145.2km
2025-10-23 05:37:22,209 - WARNING -    Validez restricciones - Vecino: False, Actual: False
2025-10-23 05:37:22,209 - WARNING - ================================================================================
2025-10-23 05:37:22,209 - WARNING - ⚠️  SALTO ANORMAL DETECTADO en iteración 88948
2025-10-23 05:37:22,209 - WARNING -    Fitness: 125.1 → 104.4 (Δ=-20.7)
2025-10-23 05:37:22,209 - WARNING -    Ver detalles en archivo de log
2025-10-23 05:37:26,971 - WARNING - ================================================================================
2025-10-23 05:37:26,971 - WARNING - ⚠️  SALTO ANORMAL DETECTADO en iteración 88980
2025-10-23 05:37:26,971 - WARNING -    Fitness actual: 125.0
2025-10-23 05:37:26,971 - WARNING -    Fitness vecino: 104.5
2025-10-23 05:37:26,971 - WARNING -    Delta: -20.5
2025-10-23 05:37:26,971 - WARNING -    Temperatura: 0.27
2025-10-23 05:37:26,972 - WARNING -    Tipo perturbación aplicada: (ver generar_vecino)
2025-10-23 05:37:26,972 - WARNING -    Vecino - Puntos: 14023, Tiempo: 13477.3min, Distancia: 131.0km
2025-10-23 05:37:26,972 - WARNING -    Actual - Puntos: 14046, Tiempo: 13385.8min, Distancia: 144.0km
2025-10-23 05:37:26,972 - WARNING -    Validez restricciones - Vecino: False, Actual: False
2025-10-23 05:37:26,972 - WARNING - ================================================================================
2025-10-23 05:37:26,972 - WARNING - ⚠️  SALTO ANORMAL DETECTADO en iteración 88980
2025-10-23 05:37:26,972 - WARNING -    Fitness: 125.0 → 104.5 (Δ=-20.5)
2025-10-23 05:37:26,972 - WARNING -    Ver detalles en archivo de log
2025-10-23 05:37:29,948 - INFO -   Iter 89000 | Tiempo:  132.7min (55.3%) | T =     0.27 | Fitness =    125.0 | Mejor =    127.9 | Aceptación =  64.1%
2025-10-23 05:37:29,949 - INFO - Progreso iter 89000: T=0.27, Fitness=125.0, Mejor=127.9, Tasa_acept=64.1%
2025-10-23 05:37:29,950 - DEBUG - Iter 89000: T=0.27, Fitness_actual=125.0, Mejor=127.9
2025-10-23 05:37:44,858 - DEBUG - Iter 89100: T=0.27, Fitness_actual=125.2, Mejor=127.9
2025-10-23 05:37:59,815 - DEBUG - Iter 89200: T=0.27, Fitness_actual=126.6, Mejor=127.9
2025-10-23 05:38:14,693 - DEBUG - Iter 89300: T=0.27, Fitness_actual=126.5, Mejor=127.9
2025-10-23 05:38:29,632 - DEBUG - Iter 89400: T=0.27, Fitness_actual=125.5, Mejor=127.9
2025-10-23 05:38:44,579 - INFO -   Iter 89500 | Tiempo:  134.0min (55.8%) | T =     0.27 | Fitness =    125.7 | Mejor =    127.9 | Aceptación =  64.0%
2025-10-23 05:38:44,580 - INFO - Progreso iter 89500: T=0.27, Fitness=125.7, Mejor=127.9, Tasa_acept=64.0%
2025-10-23 05:38:44,581 - DEBUG - Iter 89500: T=0.27, Fitness_actual=125.7, Mejor=127.9
2025-10-23 05:38:59,559 - DEBUG - Iter 89600: T=0.27, Fitness_actual=125.9, Mejor=127.9
2025-10-23 05:39:14,530 - DEBUG - Iter 89700: T=0.27, Fitness_actual=125.5, Mejor=127.9
2025-10-23 05:39:29,531 - DEBUG - Iter 89800: T=0.27, Fitness_actual=125.2, Mejor=127.9
2025-10-23 05:39:44,608 - DEBUG - Iter 89900: T=0.27, Fitness_actual=126.3, Mejor=127.9
2025-10-23 05:39:56,023 - WARNING - ================================================================================
2025-10-23 05:39:56,023 - WARNING - ⚠️  SALTO ANORMAL DETECTADO en iteración 89976
2025-10-23 05:39:56,023 - WARNING -    Fitness actual: 126.1
2025-10-23 05:39:56,023 - WARNING -    Fitness vecino: 105.9
2025-10-23 05:39:56,024 - WARNING -    Delta: -20.1
2025-10-23 05:39:56,024 - WARNING -    Temperatura: 0.27
2025-10-23 05:39:56,024 - WARNING -    Tipo perturbación aplicada: (ver generar_vecino)
2025-10-23 05:39:56,024 - WARNING -    Vecino - Puntos: 14160, Tiempo: 14377.8min, Distancia: 183.7km
2025-10-23 05:39:56,024 - WARNING -    Actual - Puntos: 14159, Tiempo: 13842.6min, Distancia: 177.0km
2025-10-23 05:39:56,024 - WARNING -    Validez restricciones - Vecino: False, Actual: False
2025-10-23 05:39:56,024 - WARNING - ================================================================================
2025-10-23 05:39:56,025 - WARNING - ⚠️  SALTO ANORMAL DETECTADO en iteración 89976
2025-10-23 05:39:56,025 - WARNING -    Fitness: 126.1 → 105.9 (Δ=-20.1)
2025-10-23 05:39:56,025 - WARNING -    Ver detalles en archivo de log
2025-10-23 05:39:59,621 - INFO -   Iter 90000 | Tiempo:  135.2min (56.3%) | T =     0.27 | Fitness =    126.2 | Mejor =    127.9 | Aceptación =  63.9%
2025-10-23 05:39:59,622 - INFO - Progreso iter 90000: T=0.27, Fitness=126.2, Mejor=127.9, Tasa_acept=63.9%
2025-10-23 05:39:59,623 - DEBUG - Iter 90000: T=0.27, Fitness_actual=126.2, Mejor=127.9
2025-10-23 05:40:14,638 - DEBUG - Iter 90100: T=0.27, Fitness_actual=125.3, Mejor=127.9
2025-10-23 05:40:29,677 - DEBUG - Iter 90200: T=0.27, Fitness_actual=125.4, Mejor=127.9
2025-10-23 05:40:44,819 - DEBUG - Iter 90300: T=0.26, Fitness_actual=125.5, Mejor=127.9
2025-10-23 05:40:59,919 - DEBUG - Iter 90400: T=0.26, Fitness_actual=125.8, Mejor=127.9
2025-10-23 05:41:15,068 - INFO -   Iter 90500 | Tiempo:  136.5min (56.9%) | T =     0.26 | Fitness =    125.6 | Mejor =    127.9 | Aceptación =  63.9%
2025-10-23 05:41:15,068 - INFO - Progreso iter 90500: T=0.26, Fitness=125.6, Mejor=127.9, Tasa_acept=63.9%
2025-10-23 05:41:15,069 - DEBUG - Iter 90500: T=0.26, Fitness_actual=125.6, Mejor=127.9
2025-10-23 05:41:30,148 - DEBUG - Iter 90600: T=0.26, Fitness_actual=125.8, Mejor=127.9
2025-10-23 05:41:45,234 - DEBUG - Iter 90700: T=0.26, Fitness_actual=125.8, Mejor=127.9
2025-10-23 05:42:00,390 - DEBUG - Iter 90800: T=0.26, Fitness_actual=124.4, Mejor=127.9
2025-10-23 05:42:15,565 - DEBUG - Iter 90900: T=0.26, Fitness_actual=123.9, Mejor=127.9
2025-10-23 05:42:30,636 - INFO -   Iter 91000 | Tiempo:  137.7min (57.4%) | T =     0.26 | Fitness =    122.8 | Mejor =    127.9 | Aceptación =  63.8%
2025-10-23 05:42:30,636 - INFO - Progreso iter 91000: T=0.26, Fitness=122.8, Mejor=127.9, Tasa_acept=63.8%
2025-10-23 05:42:30,637 - DEBUG - Iter 91000: T=0.26, Fitness_actual=122.8, Mejor=127.9
2025-10-23 05:42:45,754 - DEBUG - Iter 91100: T=0.26, Fitness_actual=122.7, Mejor=127.9
2025-10-23 05:43:00,950 - DEBUG - Iter 91200: T=0.26, Fitness_actual=122.6, Mejor=127.9
2025-10-23 05:43:16,160 - DEBUG - Iter 91300: T=0.26, Fitness_actual=122.8, Mejor=127.9
2025-10-23 05:43:31,378 - DEBUG - Iter 91400: T=0.26, Fitness_actual=122.2, Mejor=127.9
2025-10-23 05:43:46,541 - INFO -   Iter 91500 | Tiempo:  139.0min (57.9%) | T =     0.26 | Fitness =    121.9 | Mejor =    127.9 | Aceptación =  63.8%
2025-10-23 05:43:46,542 - INFO - Progreso iter 91500: T=0.26, Fitness=121.9, Mejor=127.9, Tasa_acept=63.8%
2025-10-23 05:43:46,545 - DEBUG - Iter 91500: T=0.26, Fitness_actual=121.9, Mejor=127.9
2025-10-23 05:44:01,743 - DEBUG - Iter 91600: T=0.26, Fitness_actual=121.8, Mejor=127.9
2025-10-23 05:44:16,969 - DEBUG - Iter 91700: T=0.26, Fitness_actual=122.8, Mejor=127.9
2025-10-23 05:44:32,203 - DEBUG - Iter 91800: T=0.26, Fitness_actual=122.1, Mejor=127.9
2025-10-23 05:44:44,113 - WARNING - ================================================================================
2025-10-23 05:44:44,113 - WARNING - ⚠️  SALTO ANORMAL DETECTADO en iteración 91878
2025-10-23 05:44:44,113 - WARNING -    Fitness actual: 122.3
2025-10-23 05:44:44,113 - WARNING -    Fitness vecino: 100.2
2025-10-23 05:44:44,113 - WARNING -    Delta: -22.0
2025-10-23 05:44:44,114 - WARNING -    Temperatura: 0.26
2025-10-23 05:44:44,114 - WARNING -    Tipo perturbación aplicada: (ver generar_vecino)
2025-10-23 05:44:44,114 - WARNING -    Vecino - Puntos: 14072, Tiempo: 12474.5min, Distancia: 147.2km
2025-10-23 05:44:44,114 - WARNING -    Actual - Puntos: 14072, Tiempo: 12972.6min, Distancia: 152.5km
2025-10-23 05:44:44,114 - WARNING -    Validez restricciones - Vecino: False, Actual: False
2025-10-23 05:44:44,114 - WARNING - ================================================================================
2025-10-23 05:44:44,114 - WARNING - ⚠️  SALTO ANORMAL DETECTADO en iteración 91878
2025-10-23 05:44:44,114 - WARNING -    Fitness: 122.3 → 100.2 (Δ=-22.0)
2025-10-23 05:44:44,114 - WARNING -    Ver detalles en archivo de log
2025-10-23 05:44:47,484 - DEBUG - Iter 91900: T=0.26, Fitness_actual=122.1, Mejor=127.9
2025-10-23 05:45:02,780 - INFO -   Iter 92000 | Tiempo:  140.3min (58.4%) | T =     0.26 | Fitness =    123.4 | Mejor =    127.9 | Aceptación =  63.7%
2025-10-23 05:45:02,781 - INFO - Progreso iter 92000: T=0.26, Fitness=123.4, Mejor=127.9, Tasa_acept=63.7%
2025-10-23 05:45:02,782 - DEBUG - Iter 92000: T=0.26, Fitness_actual=123.4, Mejor=127.9
2025-10-23 05:45:18,145 - DEBUG - Iter 92100: T=0.26, Fitness_actual=123.4, Mejor=127.9
2025-10-23 05:45:33,463 - DEBUG - Iter 92200: T=0.25, Fitness_actual=122.3, Mejor=127.9
2025-10-23 05:45:43,521 - WARNING - ================================================================================
2025-10-23 05:45:43,521 - WARNING - ⚠️  SALTO ANORMAL DETECTADO en iteración 92266
2025-10-23 05:45:43,522 - WARNING -    Fitness actual: 121.7
2025-10-23 05:45:43,522 - WARNING -    Fitness vecino: 97.9
2025-10-23 05:45:43,522 - WARNING -    Delta: -23.8
2025-10-23 05:45:43,522 - WARNING -    Temperatura: 0.25
2025-10-23 05:45:43,522 - WARNING -    Tipo perturbación aplicada: (ver generar_vecino)
2025-10-23 05:45:43,522 - WARNING -    Vecino - Puntos: 14082, Tiempo: 13685.2min, Distancia: 214.2km
2025-10-23 05:45:43,523 - WARNING -    Actual - Puntos: 14077, Tiempo: 12842.7min, Distancia: 142.9km
2025-10-23 05:45:43,523 - WARNING -    Validez restricciones - Vecino: False, Actual: False
2025-10-23 05:45:43,523 - WARNING - ================================================================================
2025-10-23 05:45:43,523 - WARNING - ⚠️  SALTO ANORMAL DETECTADO en iteración 92266
2025-10-23 05:45:43,523 - WARNING -    Fitness: 121.7 → 97.9 (Δ=-23.8)
2025-10-23 05:45:43,523 - WARNING -    Ver detalles en archivo de log
2025-10-23 05:45:48,704 - DEBUG - Iter 92300: T=0.25, Fitness_actual=122.2, Mejor=127.9
2025-10-23 05:46:04,030 - DEBUG - Iter 92400: T=0.25, Fitness_actual=123.5, Mejor=127.9
2025-10-23 05:46:19,459 - INFO -   Iter 92500 | Tiempo:  141.5min (59.0%) | T =     0.25 | Fitness =    123.8 | Mejor =    127.9 | Aceptación =  63.6%
2025-10-23 05:46:19,459 - INFO - Progreso iter 92500: T=0.25, Fitness=123.8, Mejor=127.9, Tasa_acept=63.6%
2025-10-23 05:46:19,460 - DEBUG - Iter 92500: T=0.25, Fitness_actual=123.8, Mejor=127.9
2025-10-23 05:46:34,781 - DEBUG - Iter 92600: T=0.25, Fitness_actual=123.5, Mejor=127.9
2025-10-23 05:46:50,086 - DEBUG - Iter 92700: T=0.25, Fitness_actual=123.7, Mejor=127.9
2025-10-23 05:47:05,501 - DEBUG - Iter 92800: T=0.25, Fitness_actual=123.8, Mejor=127.9
2025-10-23 05:47:20,806 - DEBUG - Iter 92900: T=0.25, Fitness_actual=124.7, Mejor=127.9
2025-10-23 05:47:36,181 - INFO -   Iter 93000 | Tiempo:  142.8min (59.5%) | T =     0.25 | Fitness =    125.4 | Mejor =    127.9 | Aceptación =  63.6%
2025-10-23 05:47:36,181 - INFO - Progreso iter 93000: T=0.25, Fitness=125.4, Mejor=127.9, Tasa_acept=63.6%
2025-10-23 05:47:36,186 - DEBUG - Iter 93000: T=0.25, Fitness_actual=125.4, Mejor=127.9
2025-10-23 05:47:51,568 - DEBUG - Iter 93100: T=0.25, Fitness_actual=125.0, Mejor=127.9
2025-10-23 05:48:06,958 - DEBUG - Iter 93200: T=0.25, Fitness_actual=125.0, Mejor=127.9
2025-10-23 05:48:22,309 - DEBUG - Iter 93300: T=0.25, Fitness_actual=125.0, Mejor=127.9
2025-10-23 05:48:28,166 - WARNING - ================================================================================
2025-10-23 05:48:28,166 - WARNING - ⚠️  SALTO ANORMAL DETECTADO en iteración 93338
2025-10-23 05:48:28,166 - WARNING -    Fitness actual: 124.7
2025-10-23 05:48:28,166 - WARNING -    Fitness vecino: 99.2
2025-10-23 05:48:28,167 - WARNING -    Delta: -25.5
2025-10-23 05:48:28,167 - WARNING -    Temperatura: 0.25
2025-10-23 05:48:28,167 - WARNING -    Tipo perturbación aplicada: (ver generar_vecino)
2025-10-23 05:48:28,167 - WARNING -    Vecino - Puntos: 14218, Tiempo: 14437.2min, Distancia: 244.1km
2025-10-23 05:48:28,167 - WARNING -    Actual - Puntos: 14225, Tiempo: 13560.3min, Distancia: 171.0km
2025-10-23 05:48:28,167 - WARNING -    Validez restricciones - Vecino: False, Actual: False
2025-10-23 05:48:28,168 - WARNING - ================================================================================
2025-10-23 05:48:28,168 - WARNING - ⚠️  SALTO ANORMAL DETECTADO en iteración 93338
2025-10-23 05:48:28,168 - WARNING -    Fitness: 124.7 → 99.2 (Δ=-25.5)
2025-10-23 05:48:28,168 - WARNING -    Ver detalles en archivo de log
2025-10-23 05:48:29,703 - WARNING - ================================================================================
2025-10-23 05:48:29,703 - WARNING - ⚠️  SALTO ANORMAL DETECTADO en iteración 93348
2025-10-23 05:48:29,703 - WARNING -    Fitness actual: 124.8
2025-10-23 05:48:29,704 - WARNING -    Fitness vecino: 94.5
2025-10-23 05:48:29,704 - WARNING -    Delta: -30.2
2025-10-23 05:48:29,704 - WARNING -    Temperatura: 0.25
2025-10-23 05:48:29,704 - WARNING -    Tipo perturbación aplicada: (ver generar_vecino)
2025-10-23 05:48:29,704 - WARNING -    Vecino - Puntos: 14145, Tiempo: 14071.3min, Distancia: 238.6km
2025-10-23 05:48:29,704 - WARNING -    Actual - Puntos: 14225, Tiempo: 13469.0min, Distancia: 163.4km
2025-10-23 05:48:29,704 - WARNING -    Validez restricciones - Vecino: False, Actual: False
2025-10-23 05:48:29,705 - WARNING - ================================================================================
2025-10-23 05:48:29,705 - WARNING - ⚠️  SALTO ANORMAL DETECTADO en iteración 93348
2025-10-23 05:48:29,705 - WARNING -    Fitness: 124.8 → 94.5 (Δ=-30.2)
2025-10-23 05:48:29,705 - WARNING -    Ver detalles en archivo de log
2025-10-23 05:48:30,476 - WARNING - ================================================================================
2025-10-23 05:48:30,476 - WARNING - ⚠️  SALTO ANORMAL DETECTADO en iteración 93353
2025-10-23 05:48:30,476 - WARNING -    Fitness actual: 124.7
2025-10-23 05:48:30,476 - WARNING -    Fitness vecino: 92.4
2025-10-23 05:48:30,476 - WARNING -    Delta: -32.3
2025-10-23 05:48:30,476 - WARNING -    Temperatura: 0.25
2025-10-23 05:48:30,476 - WARNING -    Tipo perturbación aplicada: (ver generar_vecino)
2025-10-23 05:48:30,477 - WARNING -    Vecino - Puntos: 14136, Tiempo: 14310.5min, Distancia: 235.2km
2025-10-23 05:48:30,477 - WARNING -    Actual - Puntos: 14223, Tiempo: 13472.7min, Distancia: 162.9km
2025-10-23 05:48:30,477 - WARNING -    Validez restricciones - Vecino: False, Actual: False
2025-10-23 05:48:30,477 - WARNING - ================================================================================
2025-10-23 05:48:30,477 - WARNING - ⚠️  SALTO ANORMAL DETECTADO en iteración 93353
2025-10-23 05:48:30,477 - WARNING -    Fitness: 124.7 → 92.4 (Δ=-32.3)
2025-10-23 05:48:30,477 - WARNING -    Ver detalles en archivo de log
2025-10-23 05:48:30,788 - WARNING - ================================================================================
2025-10-23 05:48:30,788 - WARNING - ⚠️  SALTO ANORMAL DETECTADO en iteración 93355
2025-10-23 05:48:30,788 - WARNING -    Fitness actual: 124.7
2025-10-23 05:48:30,788 - WARNING -    Fitness vecino: 93.2
2025-10-23 05:48:30,788 - WARNING -    Delta: -31.6
2025-10-23 05:48:30,789 - WARNING -    Temperatura: 0.25
2025-10-23 05:48:30,789 - WARNING -    Tipo perturbación aplicada: (ver generar_vecino)
2025-10-23 05:48:30,789 - WARNING -    Vecino - Puntos: 13709, Tiempo: 14580.7min, Distancia: 242.7km
2025-10-23 05:48:30,789 - WARNING -    Actual - Puntos: 14223, Tiempo: 13490.0min, Distancia: 164.3km
2025-10-23 05:48:30,789 - WARNING -    Validez restricciones - Vecino: False, Actual: False
2025-10-23 05:48:30,790 - WARNING - ================================================================================
2025-10-23 05:48:30,791 - WARNING - ⚠️  SALTO ANORMAL DETECTADO en iteración 93355
2025-10-23 05:48:30,791 - WARNING -    Fitness: 124.7 → 93.2 (Δ=-31.6)
2025-10-23 05:48:30,791 - WARNING -    Ver detalles en archivo de log
2025-10-23 05:48:31,408 - WARNING - ================================================================================
2025-10-23 05:48:31,408 - WARNING - ⚠️  SALTO ANORMAL DETECTADO en iteración 93359
2025-10-23 05:48:31,408 - WARNING -    Fitness actual: 124.7
2025-10-23 05:48:31,408 - WARNING -    Fitness vecino: 98.2
2025-10-23 05:48:31,409 - WARNING -    Delta: -26.5
2025-10-23 05:48:31,409 - WARNING -    Temperatura: 0.25
2025-10-23 05:48:31,409 - WARNING -    Tipo perturbación aplicada: (ver generar_vecino)
2025-10-23 05:48:31,409 - WARNING -    Vecino - Puntos: 14191, Tiempo: 14310.4min, Distancia: 240.2km
2025-10-23 05:48:31,409 - WARNING -    Actual - Puntos: 14218, Tiempo: 13497.2min, Distancia: 166.2km
2025-10-23 05:48:31,409 - WARNING -    Validez restricciones - Vecino: False, Actual: False
2025-10-23 05:48:31,409 - WARNING - ================================================================================
2025-10-23 05:48:31,409 - WARNING - ⚠️  SALTO ANORMAL DETECTADO en iteración 93359
2025-10-23 05:48:31,409 - WARNING -    Fitness: 124.7 → 98.2 (Δ=-26.5)
2025-10-23 05:48:31,410 - WARNING -    Ver detalles en archivo de log
2025-10-23 05:48:31,720 - WARNING - ================================================================================
2025-10-23 05:48:31,720 - WARNING - ⚠️  SALTO ANORMAL DETECTADO en iteración 93361
2025-10-23 05:48:31,720 - WARNING -    Fitness actual: 124.7
2025-10-23 05:48:31,720 - WARNING -    Fitness vecino: 97.4
2025-10-23 05:48:31,720 - WARNING -    Delta: -27.3
2025-10-23 05:48:31,720 - WARNING -    Temperatura: 0.25
2025-10-23 05:48:31,721 - WARNING -    Tipo perturbación aplicada: (ver generar_vecino)
2025-10-23 05:48:31,721 - WARNING -    Vecino - Puntos: 14131, Tiempo: 14358.3min, Distancia: 242.9km
2025-10-23 05:48:31,721 - WARNING -    Actual - Puntos: 14218, Tiempo: 13497.1min, Distancia: 166.2km
2025-10-23 05:48:31,721 - WARNING -    Validez restricciones - Vecino: False, Actual: False
2025-10-23 05:48:31,721 - WARNING - ================================================================================
2025-10-23 05:48:31,721 - WARNING - ⚠️  SALTO ANORMAL DETECTADO en iteración 93361
2025-10-23 05:48:31,721 - WARNING -    Fitness: 124.7 → 97.4 (Δ=-27.3)
2025-10-23 05:48:31,721 - WARNING -    Ver detalles en archivo de log
2025-10-23 05:48:32,030 - WARNING - ================================================================================
2025-10-23 05:48:32,030 - WARNING - ⚠️  SALTO ANORMAL DETECTADO en iteración 93363
2025-10-23 05:48:32,030 - WARNING -    Fitness actual: 124.7
2025-10-23 05:48:32,030 - WARNING -    Fitness vecino: 98.8
2025-10-23 05:48:32,030 - WARNING -    Delta: -25.9
2025-10-23 05:48:32,031 - WARNING -    Temperatura: 0.25
2025-10-23 05:48:32,031 - WARNING -    Tipo perturbación aplicada: (ver generar_vecino)
2025-10-23 05:48:32,031 - WARNING -    Vecino - Puntos: 14071, Tiempo: 14330.3min, Distancia: 241.9km
2025-10-23 05:48:32,031 - WARNING -    Actual - Puntos: 14218, Tiempo: 13493.0min, Distancia: 165.8km
2025-10-23 05:48:32,031 - WARNING -    Validez restricciones - Vecino: False, Actual: False
2025-10-23 05:48:32,031 - WARNING - ================================================================================
2025-10-23 05:48:32,031 - WARNING - ⚠️  SALTO ANORMAL DETECTADO en iteración 93363
2025-10-23 05:48:32,031 - WARNING -    Fitness: 124.7 → 98.8 (Δ=-25.9)
2025-10-23 05:48:32,031 - WARNING -    Ver detalles en archivo de log
2025-10-23 05:48:32,797 - WARNING - ================================================================================
2025-10-23 05:48:32,797 - WARNING - ⚠️  SALTO ANORMAL DETECTADO en iteración 93368
2025-10-23 05:48:32,798 - WARNING -    Fitness actual: 124.6
2025-10-23 05:48:32,798 - WARNING -    Fitness vecino: 98.4
2025-10-23 05:48:32,798 - WARNING -    Delta: -26.3
2025-10-23 05:48:32,798 - WARNING -    Temperatura: 0.25
2025-10-23 05:48:32,798 - WARNING -    Tipo perturbación aplicada: (ver generar_vecino)
2025-10-23 05:48:32,798 - WARNING -    Vecino - Puntos: 14132, Tiempo: 14366.8min, Distancia: 243.2km
2025-10-23 05:48:32,798 - WARNING -    Actual - Puntos: 14214, Tiempo: 13451.6min, Distancia: 165.7km
2025-10-23 05:48:32,799 - WARNING -    Validez restricciones - Vecino: False, Actual: False
2025-10-23 05:48:32,799 - WARNING - ================================================================================
2025-10-23 05:48:32,799 - WARNING - ⚠️  SALTO ANORMAL DETECTADO en iteración 93368
2025-10-23 05:48:32,799 - WARNING -    Fitness: 124.6 → 98.4 (Δ=-26.3)
2025-10-23 05:48:32,799 - WARNING -    Ver detalles en archivo de log
2025-10-23 05:48:33,109 - WARNING - ================================================================================
2025-10-23 05:48:33,111 - WARNING - ⚠️  SALTO ANORMAL DETECTADO en iteración 93370
2025-10-23 05:48:33,112 - WARNING -    Fitness actual: 124.6
2025-10-23 05:48:33,112 - WARNING -    Fitness vecino: 99.1
2025-10-23 05:48:33,112 - WARNING -    Delta: -25.5
2025-10-23 05:48:33,112 - WARNING -    Temperatura: 0.25
2025-10-23 05:48:33,113 - WARNING -    Tipo perturbación aplicada: (ver generar_vecino)
2025-10-23 05:48:33,113 - WARNING -    Vecino - Puntos: 14104, Tiempo: 14315.9min, Distancia: 240.2km
2025-10-23 05:48:33,113 - WARNING -    Actual - Puntos: 14214, Tiempo: 13456.0min, Distancia: 166.1km
2025-10-23 05:48:33,113 - WARNING -    Validez restricciones - Vecino: False, Actual: False
2025-10-23 05:48:33,113 - WARNING - ================================================================================
2025-10-23 05:48:33,113 - WARNING - ⚠️  SALTO ANORMAL DETECTADO en iteración 93370
2025-10-23 05:48:33,113 - WARNING -    Fitness: 124.6 → 99.1 (Δ=-25.5)
2025-10-23 05:48:33,114 - WARNING -    Ver detalles en archivo de log
2025-10-23 05:48:33,882 - WARNING - ================================================================================
2025-10-23 05:48:33,882 - WARNING - ⚠️  SALTO ANORMAL DETECTADO en iteración 93375
2025-10-23 05:48:33,882 - WARNING -    Fitness actual: 124.6
2025-10-23 05:48:33,883 - WARNING -    Fitness vecino: 95.9
2025-10-23 05:48:33,883 - WARNING -    Delta: -28.7
2025-10-23 05:48:33,883 - WARNING -    Temperatura: 0.25
2025-10-23 05:48:33,883 - WARNING -    Tipo perturbación aplicada: (ver generar_vecino)
2025-10-23 05:48:33,883 - WARNING -    Vecino - Puntos: 14134, Tiempo: 14153.8min, Distancia: 243.8km
2025-10-23 05:48:33,883 - WARNING -    Actual - Puntos: 14214, Tiempo: 13474.0min, Distancia: 167.6km
2025-10-23 05:48:33,883 - WARNING -    Validez restricciones - Vecino: False, Actual: False
2025-10-23 05:48:33,883 - WARNING - ================================================================================
2025-10-23 05:48:33,883 - WARNING - ⚠️  SALTO ANORMAL DETECTADO en iteración 93375
2025-10-23 05:48:33,884 - WARNING -    Fitness: 124.6 → 95.9 (Δ=-28.7)
2025-10-23 05:48:33,884 - WARNING -    Ver detalles en archivo de log
2025-10-23 05:48:34,039 - WARNING - ================================================================================
2025-10-23 05:48:34,039 - WARNING - ⚠️  SALTO ANORMAL DETECTADO en iteración 93376
2025-10-23 05:48:34,039 - WARNING -    Fitness actual: 124.6
2025-10-23 05:48:34,039 - WARNING -    Fitness vecino: 98.8
2025-10-23 05:48:34,039 - WARNING -    Delta: -25.8
2025-10-23 05:48:34,040 - WARNING -    Temperatura: 0.25
2025-10-23 05:48:34,040 - WARNING -    Tipo perturbación aplicada: (ver generar_vecino)
2025-10-23 05:48:34,040 - WARNING -    Vecino - Puntos: 14127, Tiempo: 14354.9min, Distancia: 246.0km
2025-10-23 05:48:34,040 - WARNING -    Actual - Puntos: 14214, Tiempo: 13474.0min, Distancia: 167.6km
2025-10-23 05:48:34,040 - WARNING -    Validez restricciones - Vecino: False, Actual: False
2025-10-23 05:48:34,040 - WARNING - ================================================================================
2025-10-23 05:48:34,040 - WARNING - ⚠️  SALTO ANORMAL DETECTADO en iteración 93376
2025-10-23 05:48:34,040 - WARNING -    Fitness: 124.6 → 98.8 (Δ=-25.8)
2025-10-23 05:48:34,040 - WARNING -    Ver detalles en archivo de log
2025-10-23 05:48:34,350 - WARNING - ================================================================================
2025-10-23 05:48:34,351 - WARNING - ⚠️  SALTO ANORMAL DETECTADO en iteración 93378
2025-10-23 05:48:34,351 - WARNING -    Fitness actual: 124.6
2025-10-23 05:48:34,351 - WARNING -    Fitness vecino: 96.3
2025-10-23 05:48:34,351 - WARNING -    Delta: -28.3
2025-10-23 05:48:34,351 - WARNING -    Temperatura: 0.25
2025-10-23 05:48:34,351 - WARNING -    Tipo perturbación aplicada: (ver generar_vecino)
2025-10-23 05:48:34,352 - WARNING -    Vecino - Puntos: 14127, Tiempo: 14316.9min, Distancia: 242.8km
2025-10-23 05:48:34,352 - WARNING -    Actual - Puntos: 14214, Tiempo: 13467.6min, Distancia: 167.0km
2025-10-23 05:48:34,352 - WARNING -    Validez restricciones - Vecino: False, Actual: False
2025-10-23 05:48:34,352 - WARNING - ================================================================================
2025-10-23 05:48:34,352 - WARNING - ⚠️  SALTO ANORMAL DETECTADO en iteración 93378
2025-10-23 05:48:34,352 - WARNING -    Fitness: 124.6 → 96.3 (Δ=-28.3)
2025-10-23 05:48:34,353 - WARNING -    Ver detalles en archivo de log
2025-10-23 05:48:34,512 - WARNING - ================================================================================
2025-10-23 05:48:34,512 - WARNING - ⚠️  SALTO ANORMAL DETECTADO en iteración 93379
2025-10-23 05:48:34,512 - WARNING -    Fitness actual: 124.6
2025-10-23 05:48:34,512 - WARNING -    Fitness vecino: 95.5
2025-10-23 05:48:34,512 - WARNING -    Delta: -29.2
2025-10-23 05:48:34,512 - WARNING -    Temperatura: 0.25
2025-10-23 05:48:34,513 - WARNING -    Tipo perturbación aplicada: (ver generar_vecino)
2025-10-23 05:48:34,513 - WARNING -    Vecino - Puntos: 13892, Tiempo: 14160.8min, Distancia: 244.8km
2025-10-23 05:48:34,513 - WARNING -    Actual - Puntos: 14214, Tiempo: 13467.6min, Distancia: 167.0km
2025-10-23 05:48:34,513 - WARNING -    Validez restricciones - Vecino: False, Actual: False
2025-10-23 05:48:34,513 - WARNING - ================================================================================
2025-10-23 05:48:34,513 - WARNING - ⚠️  SALTO ANORMAL DETECTADO en iteración 93379
2025-10-23 05:48:34,513 - WARNING -    Fitness: 124.6 → 95.5 (Δ=-29.2)
2025-10-23 05:48:34,514 - WARNING -    Ver detalles en archivo de log
2025-10-23 05:48:34,978 - WARNING - ================================================================================
2025-10-23 05:48:34,979 - WARNING - ⚠️  SALTO ANORMAL DETECTADO en iteración 93382
2025-10-23 05:48:34,979 - WARNING -    Fitness actual: 124.6
2025-10-23 05:48:34,979 - WARNING -    Fitness vecino: 98.1
2025-10-23 05:48:34,979 - WARNING -    Delta: -26.5
2025-10-23 05:48:34,979 - WARNING -    Temperatura: 0.25
2025-10-23 05:48:34,979 - WARNING -    Tipo perturbación aplicada: (ver generar_vecino)
2025-10-23 05:48:34,980 - WARNING -    Vecino - Puntos: 14187, Tiempo: 14377.3min, Distancia: 241.6km
2025-10-23 05:48:34,980 - WARNING -    Actual - Puntos: 14214, Tiempo: 13467.1min, Distancia: 167.0km
2025-10-23 05:48:34,980 - WARNING -    Validez restricciones - Vecino: False, Actual: False
2025-10-23 05:48:34,980 - WARNING - ================================================================================
2025-10-23 05:48:34,980 - WARNING - ⚠️  SALTO ANORMAL DETECTADO en iteración 93382
2025-10-23 05:48:34,980 - WARNING -    Fitness: 124.6 → 98.1 (Δ=-26.5)
2025-10-23 05:48:34,980 - WARNING -    Ver detalles en archivo de log
2025-10-23 05:48:35,292 - WARNING - ================================================================================
2025-10-23 05:48:35,292 - WARNING - ⚠️  SALTO ANORMAL DETECTADO en iteración 93384
2025-10-23 05:48:35,293 - WARNING -    Fitness actual: 124.6
2025-10-23 05:48:35,293 - WARNING -    Fitness vecino: 92.3
2025-10-23 05:48:35,293 - WARNING -    Delta: -32.3
2025-10-23 05:48:35,293 - WARNING -    Temperatura: 0.25
2025-10-23 05:48:35,293 - WARNING -    Tipo perturbación aplicada: (ver generar_vecino)
2025-10-23 05:48:35,293 - WARNING -    Vecino - Puntos: 14125, Tiempo: 14505.3min, Distancia: 243.5km
2025-10-23 05:48:35,294 - WARNING -    Actual - Puntos: 14214, Tiempo: 13467.1min, Distancia: 167.0km
2025-10-23 05:48:35,294 - WARNING -    Validez restricciones - Vecino: False, Actual: False
2025-10-23 05:48:35,294 - WARNING - ================================================================================
2025-10-23 05:48:35,294 - WARNING - ⚠️  SALTO ANORMAL DETECTADO en iteración 93384
2025-10-23 05:48:35,294 - WARNING -    Fitness: 124.6 → 92.3 (Δ=-32.3)
2025-10-23 05:48:35,295 - WARNING -    Ver detalles en archivo de log
2025-10-23 05:48:35,608 - WARNING - ================================================================================
2025-10-23 05:48:35,608 - WARNING - ⚠️  SALTO ANORMAL DETECTADO en iteración 93386
2025-10-23 05:48:35,608 - WARNING -    Fitness actual: 124.6
2025-10-23 05:48:35,609 - WARNING -    Fitness vecino: 97.8
2025-10-23 05:48:35,609 - WARNING -    Delta: -26.8
2025-10-23 05:48:35,609 - WARNING -    Temperatura: 0.25
2025-10-23 05:48:35,609 - WARNING -    Tipo perturbación aplicada: (ver generar_vecino)
2025-10-23 05:48:35,609 - WARNING -    Vecino - Puntos: 14127, Tiempo: 14319.5min, Distancia: 243.0km
2025-10-23 05:48:35,609 - WARNING -    Actual - Puntos: 14214, Tiempo: 13467.1min, Distancia: 167.0km
2025-10-23 05:48:35,609 - WARNING -    Validez restricciones - Vecino: False, Actual: False
2025-10-23 05:48:35,609 - WARNING - ================================================================================
2025-10-23 05:48:35,609 - WARNING - ⚠️  SALTO ANORMAL DETECTADO en iteración 93386
2025-10-23 05:48:35,610 - WARNING -    Fitness: 124.6 → 97.8 (Δ=-26.8)
2025-10-23 05:48:35,610 - WARNING -    Ver detalles en archivo de log
2025-10-23 05:48:36,071 - WARNING - ================================================================================
2025-10-23 05:48:36,071 - WARNING - ⚠️  SALTO ANORMAL DETECTADO en iteración 93389
2025-10-23 05:48:36,071 - WARNING -    Fitness actual: 124.6
2025-10-23 05:48:36,071 - WARNING -    Fitness vecino: 97.8
2025-10-23 05:48:36,072 - WARNING -    Delta: -26.8
2025-10-23 05:48:36,072 - WARNING -    Temperatura: 0.25
2025-10-23 05:48:36,072 - WARNING -    Tipo perturbación aplicada: (ver generar_vecino)
2025-10-23 05:48:36,072 - WARNING -    Vecino - Puntos: 14127, Tiempo: 14311.4min, Distancia: 242.4km
2025-10-23 05:48:36,072 - WARNING -    Actual - Puntos: 14214, Tiempo: 13478.3min, Distancia: 167.9km
2025-10-23 05:48:36,072 - WARNING -    Validez restricciones - Vecino: False, Actual: False
2025-10-23 05:48:36,072 - WARNING - ================================================================================
2025-10-23 05:48:36,073 - WARNING - ⚠️  SALTO ANORMAL DETECTADO en iteración 93389
2025-10-23 05:48:36,073 - WARNING -    Fitness: 124.6 → 97.8 (Δ=-26.8)
2025-10-23 05:48:36,073 - WARNING -    Ver detalles en archivo de log
2025-10-23 05:48:36,230 - WARNING - ================================================================================
2025-10-23 05:48:36,230 - WARNING - ⚠️  SALTO ANORMAL DETECTADO en iteración 93390
2025-10-23 05:48:36,230 - WARNING -    Fitness actual: 124.6
2025-10-23 05:48:36,230 - WARNING -    Fitness vecino: 97.3
2025-10-23 05:48:36,230 - WARNING -    Delta: -27.3
2025-10-23 05:48:36,231 - WARNING -    Temperatura: 0.25
2025-10-23 05:48:36,231 - WARNING -    Tipo perturbación aplicada: (ver generar_vecino)
2025-10-23 05:48:36,231 - WARNING -    Vecino - Puntos: 14127, Tiempo: 14301.3min, Distancia: 241.5km
2025-10-23 05:48:36,231 - WARNING -    Actual - Puntos: 14214, Tiempo: 13478.3min, Distancia: 167.9km
2025-10-23 05:48:36,232 - WARNING -    Validez restricciones - Vecino: False, Actual: False
2025-10-23 05:48:36,232 - WARNING - ================================================================================
2025-10-23 05:48:36,232 - WARNING - ⚠️  SALTO ANORMAL DETECTADO en iteración 93390
2025-10-23 05:48:36,232 - WARNING -    Fitness: 124.6 → 97.3 (Δ=-27.3)
2025-10-23 05:48:36,232 - WARNING -    Ver detalles en archivo de log
2025-10-23 05:48:36,389 - WARNING - ================================================================================
2025-10-23 05:48:36,390 - WARNING - ⚠️  SALTO ANORMAL DETECTADO en iteración 93391
2025-10-23 05:48:36,390 - WARNING -    Fitness actual: 124.6
2025-10-23 05:48:36,390 - WARNING -    Fitness vecino: 98.8
2025-10-23 05:48:36,390 - WARNING -    Delta: -25.8
2025-10-23 05:48:36,390 - WARNING -    Temperatura: 0.25
2025-10-23 05:48:36,391 - WARNING -    Tipo perturbación aplicada: (ver generar_vecino)
2025-10-23 05:48:36,391 - WARNING -    Vecino - Puntos: 14127, Tiempo: 14279.9min, Distancia: 239.7km
2025-10-23 05:48:36,391 - WARNING -    Actual - Puntos: 14214, Tiempo: 13478.3min, Distancia: 167.9km
2025-10-23 05:48:36,391 - WARNING -    Validez restricciones - Vecino: False, Actual: False
2025-10-23 05:48:36,391 - WARNING - ================================================================================
2025-10-23 05:48:36,391 - WARNING - ⚠️  SALTO ANORMAL DETECTADO en iteración 93391
2025-10-23 05:48:36,392 - WARNING -    Fitness: 124.6 → 98.8 (Δ=-25.8)
2025-10-23 05:48:36,392 - WARNING -    Ver detalles en archivo de log
2025-10-23 05:48:36,549 - WARNING - ================================================================================
2025-10-23 05:48:36,549 - WARNING - ⚠️  SALTO ANORMAL DETECTADO en iteración 93392
2025-10-23 05:48:36,550 - WARNING -    Fitness actual: 124.6
2025-10-23 05:48:36,550 - WARNING -    Fitness vecino: 98.8
2025-10-23 05:48:36,550 - WARNING -    Delta: -25.8
2025-10-23 05:48:36,550 - WARNING -    Temperatura: 0.25
2025-10-23 05:48:36,550 - WARNING -    Tipo perturbación aplicada: (ver generar_vecino)
2025-10-23 05:48:36,550 - WARNING -    Vecino - Puntos: 14127, Tiempo: 14307.7min, Distancia: 242.1km
2025-10-23 05:48:36,551 - WARNING -    Actual - Puntos: 14214, Tiempo: 13478.3min, Distancia: 167.9km
2025-10-23 05:48:36,551 - WARNING -    Validez restricciones - Vecino: False, Actual: False
2025-10-23 05:48:36,551 - WARNING - ================================================================================
2025-10-23 05:48:36,551 - WARNING - ⚠️  SALTO ANORMAL DETECTADO en iteración 93392
2025-10-23 05:48:36,551 - WARNING -    Fitness: 124.6 → 98.8 (Δ=-25.8)
2025-10-23 05:48:36,551 - WARNING -    Ver detalles en archivo de log
2025-10-23 05:48:37,774 - DEBUG - Iter 93400: T=0.25, Fitness_actual=124.6, Mejor=127.9
2025-10-23 05:48:39,467 - WARNING - ================================================================================
2025-10-23 05:48:39,468 - WARNING - ⚠️  SALTO ANORMAL DETECTADO en iteración 93411
2025-10-23 05:48:39,468 - WARNING -    Fitness actual: 124.5
2025-10-23 05:48:39,468 - WARNING -    Fitness vecino: 93.1
2025-10-23 05:48:39,468 - WARNING -    Delta: -31.4
2025-10-23 05:48:39,468 - WARNING -    Temperatura: 0.25
2025-10-23 05:48:39,468 - WARNING -    Tipo perturbación aplicada: (ver generar_vecino)
2025-10-23 05:48:39,468 - WARNING -    Vecino - Puntos: 14103, Tiempo: 13921.2min, Distancia: 239.9km
2025-10-23 05:48:39,469 - WARNING -    Actual - Puntos: 14203, Tiempo: 13362.9min, Distancia: 167.1km
2025-10-23 05:48:39,469 - WARNING -    Validez restricciones - Vecino: False, Actual: False
2025-10-23 05:48:39,469 - WARNING - ================================================================================
2025-10-23 05:48:39,469 - WARNING - ⚠️  SALTO ANORMAL DETECTADO en iteración 93411
2025-10-23 05:48:39,469 - WARNING -    Fitness: 124.5 → 93.1 (Δ=-31.4)
2025-10-23 05:48:39,469 - WARNING -    Ver detalles en archivo de log
2025-10-23 05:48:39,626 - WARNING - ================================================================================
2025-10-23 05:48:39,627 - WARNING - ⚠️  SALTO ANORMAL DETECTADO en iteración 93412
2025-10-23 05:48:39,627 - WARNING -    Fitness actual: 124.5
2025-10-23 05:48:39,627 - WARNING -    Fitness vecino: 95.9
2025-10-23 05:48:39,627 - WARNING -    Delta: -28.6
2025-10-23 05:48:39,627 - WARNING -    Temperatura: 0.25
2025-10-23 05:48:39,628 - WARNING -    Tipo perturbación aplicada: (ver generar_vecino)
2025-10-23 05:48:39,628 - WARNING -    Vecino - Puntos: 14031, Tiempo: 14284.2min, Distancia: 240.1km
2025-10-23 05:48:39,628 - WARNING -    Actual - Puntos: 14203, Tiempo: 13362.9min, Distancia: 167.1km
2025-10-23 05:48:39,628 - WARNING -    Validez restricciones - Vecino: False, Actual: False
2025-10-23 05:48:39,628 - WARNING - ================================================================================
2025-10-23 05:48:39,628 - WARNING - ⚠️  SALTO ANORMAL DETECTADO en iteración 93412
2025-10-23 05:48:39,628 - WARNING -    Fitness: 124.5 → 95.9 (Δ=-28.6)
2025-10-23 05:48:39,629 - WARNING -    Ver detalles en archivo de log
2025-10-23 05:48:40,702 - WARNING - ================================================================================
2025-10-23 05:48:40,703 - WARNING - ⚠️  SALTO ANORMAL DETECTADO en iteración 93419
2025-10-23 05:48:40,703 - WARNING -    Fitness actual: 124.6
2025-10-23 05:48:40,703 - WARNING -    Fitness vecino: 96.2
2025-10-23 05:48:40,703 - WARNING -    Delta: -28.4
2025-10-23 05:48:40,703 - WARNING -    Temperatura: 0.25
2025-10-23 05:48:40,703 - WARNING -    Tipo perturbación aplicada: (ver generar_vecino)
2025-10-23 05:48:40,703 - WARNING -    Vecino - Puntos: 14115, Tiempo: 14224.8min, Distancia: 240.4km
2025-10-23 05:48:40,703 - WARNING -    Actual - Puntos: 14215, Tiempo: 13460.6min, Distancia: 172.7km
2025-10-23 05:48:40,704 - WARNING -    Validez restricciones - Vecino: False, Actual: False
2025-10-23 05:48:40,704 - WARNING - ================================================================================
2025-10-23 05:48:40,704 - WARNING - ⚠️  SALTO ANORMAL DETECTADO en iteración 93419
2025-10-23 05:48:40,704 - WARNING -    Fitness: 124.6 → 96.2 (Δ=-28.4)
2025-10-23 05:48:40,704 - WARNING -    Ver detalles en archivo de log
2025-10-23 05:48:41,017 - WARNING - ================================================================================
2025-10-23 05:48:41,017 - WARNING - ⚠️  SALTO ANORMAL DETECTADO en iteración 93421
2025-10-23 05:48:41,018 - WARNING -    Fitness actual: 124.6
2025-10-23 05:48:41,018 - WARNING -    Fitness vecino: 98.4
2025-10-23 05:48:41,018 - WARNING -    Delta: -26.3
2025-10-23 05:48:41,018 - WARNING -    Temperatura: 0.25
2025-10-23 05:48:41,018 - WARNING -    Tipo perturbación aplicada: (ver generar_vecino)
2025-10-23 05:48:41,018 - WARNING -    Vecino - Puntos: 14208, Tiempo: 14172.2min, Distancia: 239.5km
2025-10-23 05:48:41,018 - WARNING -    Actual - Puntos: 14215, Tiempo: 13462.3min, Distancia: 172.9km
2025-10-23 05:48:41,018 - WARNING -    Validez restricciones - Vecino: False, Actual: False
2025-10-23 05:48:41,018 - WARNING - ================================================================================
2025-10-23 05:48:41,019 - WARNING - ⚠️  SALTO ANORMAL DETECTADO en iteración 93421
2025-10-23 05:48:41,019 - WARNING -    Fitness: 124.6 → 98.4 (Δ=-26.3)
2025-10-23 05:48:41,019 - WARNING -    Ver detalles en archivo de log
2025-10-23 05:48:41,174 - WARNING - ================================================================================
2025-10-23 05:48:41,175 - WARNING - ⚠️  SALTO ANORMAL DETECTADO en iteración 93422
2025-10-23 05:48:41,175 - WARNING -    Fitness actual: 124.6
2025-10-23 05:48:41,175 - WARNING -    Fitness vecino: 97.9
2025-10-23 05:48:41,175 - WARNING -    Delta: -26.7
2025-10-23 05:48:41,175 - WARNING -    Temperatura: 0.25
2025-10-23 05:48:41,175 - WARNING -    Tipo perturbación aplicada: (ver generar_vecino)
2025-10-23 05:48:41,176 - WARNING -    Vecino - Puntos: 14063, Tiempo: 14245.4min, Distancia: 243.1km
2025-10-23 05:48:41,176 - WARNING -    Actual - Puntos: 14215, Tiempo: 13462.3min, Distancia: 172.9km
2025-10-23 05:48:41,176 - WARNING -    Validez restricciones - Vecino: False, Actual: False
2025-10-23 05:48:41,176 - WARNING - ================================================================================
2025-10-23 05:48:41,176 - WARNING - ⚠️  SALTO ANORMAL DETECTADO en iteración 93422
2025-10-23 05:48:41,176 - WARNING -    Fitness: 124.6 → 97.9 (Δ=-26.7)
2025-10-23 05:48:41,177 - WARNING -    Ver detalles en archivo de log
2025-10-23 05:48:41,488 - WARNING - ================================================================================
2025-10-23 05:48:41,488 - WARNING - ⚠️  SALTO ANORMAL DETECTADO en iteración 93424
2025-10-23 05:48:41,488 - WARNING -    Fitness actual: 124.6
2025-10-23 05:48:41,488 - WARNING -    Fitness vecino: 98.0
2025-10-23 05:48:41,488 - WARNING -    Delta: -26.7
2025-10-23 05:48:41,489 - WARNING -    Temperatura: 0.25
2025-10-23 05:48:41,489 - WARNING -    Tipo perturbación aplicada: (ver generar_vecino)
2025-10-23 05:48:41,489 - WARNING -    Vecino - Puntos: 14041, Tiempo: 14141.3min, Distancia: 244.4km
2025-10-23 05:48:41,489 - WARNING -    Actual - Puntos: 14215, Tiempo: 13452.8min, Distancia: 172.1km
2025-10-23 05:48:41,489 - WARNING -    Validez restricciones - Vecino: False, Actual: False
2025-10-23 05:48:41,489 - WARNING - ================================================================================
2025-10-23 05:48:41,490 - WARNING - ⚠️  SALTO ANORMAL DETECTADO en iteración 93424
2025-10-23 05:48:41,490 - WARNING -    Fitness: 124.6 → 98.0 (Δ=-26.7)
2025-10-23 05:48:41,490 - WARNING -    Ver detalles en archivo de log
2025-10-23 05:48:42,106 - WARNING - ================================================================================
2025-10-23 05:48:42,106 - WARNING - ⚠️  SALTO ANORMAL DETECTADO en iteración 93428
2025-10-23 05:48:42,107 - WARNING -    Fitness actual: 124.7
2025-10-23 05:48:42,107 - WARNING -    Fitness vecino: 98.1
2025-10-23 05:48:42,107 - WARNING -    Delta: -26.6
2025-10-23 05:48:42,107 - WARNING -    Temperatura: 0.25
2025-10-23 05:48:42,107 - WARNING -    Tipo perturbación aplicada: (ver generar_vecino)
2025-10-23 05:48:42,108 - WARNING -    Vecino - Puntos: 14058, Tiempo: 14203.7min, Distancia: 245.9km
2025-10-23 05:48:42,108 - WARNING -    Actual - Puntos: 14222, Tiempo: 13482.9min, Distancia: 170.8km
2025-10-23 05:48:42,108 - WARNING -    Validez restricciones - Vecino: False, Actual: False
2025-10-23 05:48:42,108 - WARNING - ================================================================================
2025-10-23 05:48:42,108 - WARNING - ⚠️  SALTO ANORMAL DETECTADO en iteración 93428
2025-10-23 05:48:42,108 - WARNING -    Fitness: 124.7 → 98.1 (Δ=-26.6)
2025-10-23 05:48:42,108 - WARNING -    Ver detalles en archivo de log
2025-10-23 05:48:43,334 - WARNING - ================================================================================
2025-10-23 05:48:43,334 - WARNING - ⚠️  SALTO ANORMAL DETECTADO en iteración 93436
2025-10-23 05:48:43,335 - WARNING -    Fitness actual: 124.7
2025-10-23 05:48:43,335 - WARNING -    Fitness vecino: 97.1
2025-10-23 05:48:43,335 - WARNING -    Delta: -27.7
2025-10-23 05:48:43,335 - WARNING -    Temperatura: 0.25
2025-10-23 05:48:43,335 - WARNING -    Tipo perturbación aplicada: (ver generar_vecino)
2025-10-23 05:48:43,335 - WARNING -    Vecino - Puntos: 14210, Tiempo: 14196.7min, Distancia: 240.3km
2025-10-23 05:48:43,335 - WARNING -    Actual - Puntos: 14222, Tiempo: 13455.3min, Distancia: 168.5km
2025-10-23 05:48:43,335 - WARNING -    Validez restricciones - Vecino: False, Actual: False
2025-10-23 05:48:43,335 - WARNING - ================================================================================
2025-10-23 05:48:43,336 - WARNING - ⚠️  SALTO ANORMAL DETECTADO en iteración 93436
2025-10-23 05:48:43,336 - WARNING -    Fitness: 124.7 → 97.1 (Δ=-27.7)
2025-10-23 05:48:43,336 - WARNING -    Ver detalles en archivo de log
2025-10-23 05:48:44,563 - WARNING - ================================================================================
2025-10-23 05:48:44,563 - WARNING - ⚠️  SALTO ANORMAL DETECTADO en iteración 93444
2025-10-23 05:48:44,563 - WARNING -    Fitness actual: 124.8
2025-10-23 05:48:44,564 - WARNING -    Fitness vecino: 97.7
2025-10-23 05:48:44,564 - WARNING -    Delta: -27.1
2025-10-23 05:48:44,564 - WARNING -    Temperatura: 0.25
2025-10-23 05:48:44,564 - WARNING -    Tipo perturbación aplicada: (ver generar_vecino)
2025-10-23 05:48:44,564 - WARNING -    Vecino - Puntos: 14126, Tiempo: 14257.3min, Distancia: 236.6km
2025-10-23 05:48:44,564 - WARNING -    Actual - Puntos: 14233, Tiempo: 13482.5min, Distancia: 169.5km
2025-10-23 05:48:44,565 - WARNING -    Validez restricciones - Vecino: False, Actual: False
2025-10-23 05:48:44,565 - WARNING - ================================================================================
2025-10-23 05:48:44,565 - WARNING - ⚠️  SALTO ANORMAL DETECTADO en iteración 93444
2025-10-23 05:48:44,565 - WARNING -    Fitness: 124.8 → 97.7 (Δ=-27.1)
2025-10-23 05:48:44,565 - WARNING -    Ver detalles en archivo de log
2025-10-23 05:48:46,098 - WARNING - ================================================================================
2025-10-23 05:48:46,098 - WARNING - ⚠️  SALTO ANORMAL DETECTADO en iteración 93454
2025-10-23 05:48:46,099 - WARNING -    Fitness actual: 124.9
2025-10-23 05:48:46,099 - WARNING -    Fitness vecino: 92.6
2025-10-23 05:48:46,099 - WARNING -    Delta: -32.2
2025-10-23 05:48:46,099 - WARNING -    Temperatura: 0.25
2025-10-23 05:48:46,099 - WARNING -    Tipo perturbación aplicada: (ver generar_vecino)
2025-10-23 05:48:46,099 - WARNING -    Vecino - Puntos: 13885, Tiempo: 13710.3min, Distancia: 232.3km
2025-10-23 05:48:46,099 - WARNING -    Actual - Puntos: 14237, Tiempo: 13465.2min, Distancia: 171.8km
2025-10-23 05:48:46,099 - WARNING -    Validez restricciones - Vecino: False, Actual: False
2025-10-23 05:48:46,099 - WARNING - ================================================================================
2025-10-23 05:48:46,100 - WARNING - ⚠️  SALTO ANORMAL DETECTADO en iteración 93454
2025-10-23 05:48:46,100 - WARNING -    Fitness: 124.9 → 92.6 (Δ=-32.2)
2025-10-23 05:48:46,100 - WARNING -    Ver detalles en archivo de log
2025-10-23 05:48:46,562 - WARNING - ================================================================================
2025-10-23 05:48:46,562 - WARNING - ⚠️  SALTO ANORMAL DETECTADO en iteración 93457
2025-10-23 05:48:46,562 - WARNING -    Fitness actual: 124.7
2025-10-23 05:48:46,562 - WARNING -    Fitness vecino: 96.2
2025-10-23 05:48:46,562 - WARNING -    Delta: -28.6
2025-10-23 05:48:46,562 - WARNING -    Temperatura: 0.25
2025-10-23 05:48:46,562 - WARNING -    Tipo perturbación aplicada: (ver generar_vecino)
2025-10-23 05:48:46,562 - WARNING -    Vecino - Puntos: 14118, Tiempo: 14205.5min, Distancia: 241.0km
2025-10-23 05:48:46,563 - WARNING -    Actual - Puntos: 14225, Tiempo: 13440.8min, Distancia: 171.1km
2025-10-23 05:48:46,563 - WARNING -    Validez restricciones - Vecino: False, Actual: False
2025-10-23 05:48:46,563 - WARNING - ================================================================================
2025-10-23 05:48:46,563 - WARNING - ⚠️  SALTO ANORMAL DETECTADO en iteración 93457
2025-10-23 05:48:46,563 - WARNING -    Fitness: 124.7 → 96.2 (Δ=-28.6)
2025-10-23 05:48:46,563 - WARNING -    Ver detalles en archivo de log
2025-10-23 05:48:47,026 - WARNING - ================================================================================
2025-10-23 05:48:47,026 - WARNING - ⚠️  SALTO ANORMAL DETECTADO en iteración 93460
2025-10-23 05:48:47,027 - WARNING -    Fitness actual: 124.7
2025-10-23 05:48:47,027 - WARNING -    Fitness vecino: 93.9
2025-10-23 05:48:47,027 - WARNING -    Delta: -30.8
2025-10-23 05:48:47,027 - WARNING -    Temperatura: 0.25
2025-10-23 05:48:47,027 - WARNING -    Tipo perturbación aplicada: (ver generar_vecino)
2025-10-23 05:48:47,027 - WARNING -    Vecino - Puntos: 14118, Tiempo: 14364.9min, Distancia: 248.1km
2025-10-23 05:48:47,027 - WARNING -    Actual - Puntos: 14225, Tiempo: 13532.3min, Distancia: 172.4km
2025-10-23 05:48:47,028 - WARNING -    Validez restricciones - Vecino: False, Actual: False
2025-10-23 05:48:47,028 - WARNING - ================================================================================
2025-10-23 05:48:47,028 - WARNING - ⚠️  SALTO ANORMAL DETECTADO en iteración 93460
2025-10-23 05:48:47,028 - WARNING -    Fitness: 124.7 → 93.9 (Δ=-30.8)
2025-10-23 05:48:47,028 - WARNING -    Ver detalles en archivo de log
2025-10-23 05:48:48,567 - WARNING - ================================================================================
2025-10-23 05:48:48,567 - WARNING - ⚠️  SALTO ANORMAL DETECTADO en iteración 93470
2025-10-23 05:48:48,568 - WARNING -    Fitness actual: 124.7
2025-10-23 05:48:48,568 - WARNING -    Fitness vecino: 95.0
2025-10-23 05:48:48,568 - WARNING -    Delta: -29.7
2025-10-23 05:48:48,568 - WARNING -    Temperatura: 0.25
2025-10-23 05:48:48,568 - WARNING -    Tipo perturbación aplicada: (ver generar_vecino)
2025-10-23 05:48:48,569 - WARNING -    Vecino - Puntos: 14124, Tiempo: 14417.8min, Distancia: 250.0km
2025-10-23 05:48:48,569 - WARNING -    Actual - Puntos: 14224, Tiempo: 13502.2min, Distancia: 173.7km
2025-10-23 05:48:48,569 - WARNING -    Validez restricciones - Vecino: False, Actual: False
2025-10-23 05:48:48,569 - WARNING - ================================================================================
2025-10-23 05:48:48,569 - WARNING - ⚠️  SALTO ANORMAL DETECTADO en iteración 93470
2025-10-23 05:48:48,569 - WARNING -    Fitness: 124.7 → 95.0 (Δ=-29.7)
2025-10-23 05:48:48,569 - WARNING -    Ver detalles en archivo de log
2025-10-23 05:48:49,342 - WARNING - ================================================================================
2025-10-23 05:48:49,342 - WARNING - ⚠️  SALTO ANORMAL DETECTADO en iteración 93475
2025-10-23 05:48:49,343 - WARNING -    Fitness actual: 124.7
2025-10-23 05:48:49,343 - WARNING -    Fitness vecino: 89.4
2025-10-23 05:48:49,343 - WARNING -    Delta: -35.3
2025-10-23 05:48:49,343 - WARNING -    Temperatura: 0.25
2025-10-23 05:48:49,343 - WARNING -    Tipo perturbación aplicada: (ver generar_vecino)
2025-10-23 05:48:49,343 - WARNING -    Vecino - Puntos: 14117, Tiempo: 14337.6min, Distancia: 249.5km
2025-10-23 05:48:49,343 - WARNING -    Actual - Puntos: 14224, Tiempo: 13502.3min, Distancia: 173.7km
2025-10-23 05:48:49,343 - WARNING -    Validez restricciones - Vecino: False, Actual: False
2025-10-23 05:48:49,344 - WARNING - ================================================================================
2025-10-23 05:48:49,344 - WARNING - ⚠️  SALTO ANORMAL DETECTADO en iteración 93475
2025-10-23 05:48:49,344 - WARNING -    Fitness: 124.7 → 89.4 (Δ=-35.3)
2025-10-23 05:48:49,344 - WARNING -    Ver detalles en archivo de log
2025-10-23 05:48:49,653 - WARNING - ================================================================================
2025-10-23 05:48:49,653 - WARNING - ⚠️  SALTO ANORMAL DETECTADO en iteración 93477
2025-10-23 05:48:49,654 - WARNING -    Fitness actual: 124.7
2025-10-23 05:48:49,654 - WARNING -    Fitness vecino: 93.5
2025-10-23 05:48:49,654 - WARNING -    Delta: -31.2
2025-10-23 05:48:49,654 - WARNING -    Temperatura: 0.25
2025-10-23 05:48:49,654 - WARNING -    Tipo perturbación aplicada: (ver generar_vecino)
2025-10-23 05:48:49,654 - WARNING -    Vecino - Puntos: 14124, Tiempo: 14431.4min, Distancia: 249.9km
2025-10-23 05:48:49,654 - WARNING -    Actual - Puntos: 14224, Tiempo: 13502.0min, Distancia: 173.7km
2025-10-23 05:48:49,655 - WARNING -    Validez restricciones - Vecino: False, Actual: False
2025-10-23 05:48:49,655 - WARNING - ================================================================================
2025-10-23 05:48:49,655 - WARNING - ⚠️  SALTO ANORMAL DETECTADO en iteración 93477
2025-10-23 05:48:49,655 - WARNING -    Fitness: 124.7 → 93.5 (Δ=-31.2)
2025-10-23 05:48:49,655 - WARNING -    Ver detalles en archivo de log
2025-10-23 05:48:50,121 - WARNING - ================================================================================
2025-10-23 05:48:50,121 - WARNING - ⚠️  SALTO ANORMAL DETECTADO en iteración 93480
2025-10-23 05:48:50,121 - WARNING -    Fitness actual: 124.7
2025-10-23 05:48:50,121 - WARNING -    Fitness vecino: 91.5
2025-10-23 05:48:50,121 - WARNING -    Delta: -33.2
2025-10-23 05:48:50,122 - WARNING -    Temperatura: 0.25
2025-10-23 05:48:50,122 - WARNING -    Tipo perturbación aplicada: (ver generar_vecino)
2025-10-23 05:48:50,122 - WARNING -    Vecino - Puntos: 14177, Tiempo: 13944.2min, Distancia: 246.8km
2025-10-23 05:48:50,122 - WARNING -    Actual - Puntos: 14224, Tiempo: 13501.0min, Distancia: 173.6km
2025-10-23 05:48:50,122 - WARNING -    Validez restricciones - Vecino: False, Actual: False
2025-10-23 05:48:50,122 - WARNING - ================================================================================
2025-10-23 05:48:50,123 - WARNING - ⚠️  SALTO ANORMAL DETECTADO en iteración 93480
2025-10-23 05:48:50,123 - WARNING -    Fitness: 124.7 → 91.5 (Δ=-33.2)
2025-10-23 05:48:50,123 - WARNING -    Ver detalles en archivo de log
2025-10-23 05:48:50,282 - WARNING - ================================================================================
2025-10-23 05:48:50,282 - WARNING - ⚠️  SALTO ANORMAL DETECTADO en iteración 93481
2025-10-23 05:48:50,282 - WARNING -    Fitness actual: 124.7
2025-10-23 05:48:50,282 - WARNING -    Fitness vecino: 83.4
2025-10-23 05:48:50,282 - WARNING -    Delta: -41.3
2025-10-23 05:48:50,282 - WARNING -    Temperatura: 0.25
2025-10-23 05:48:50,283 - WARNING -    Tipo perturbación aplicada: (ver generar_vecino)
2025-10-23 05:48:50,283 - WARNING -    Vecino - Puntos: 14117, Tiempo: 14314.1min, Distancia: 247.6km
2025-10-23 05:48:50,283 - WARNING -    Actual - Puntos: 14224, Tiempo: 13501.0min, Distancia: 173.6km
2025-10-23 05:48:50,283 - WARNING -    Validez restricciones - Vecino: False, Actual: False
2025-10-23 05:48:50,283 - WARNING - ================================================================================
2025-10-23 05:48:50,283 - WARNING - ⚠️  SALTO ANORMAL DETECTADO en iteración 93481
2025-10-23 05:48:50,284 - WARNING -    Fitness: 124.7 → 83.4 (Δ=-41.3)
2025-10-23 05:48:50,284 - WARNING -    Ver detalles en archivo de log
2025-10-23 05:48:50,593 - WARNING - ================================================================================
2025-10-23 05:48:50,593 - WARNING - ⚠️  SALTO ANORMAL DETECTADO en iteración 93483
2025-10-23 05:48:50,593 - WARNING -    Fitness actual: 124.7
2025-10-23 05:48:50,593 - WARNING -    Fitness vecino: 94.9
2025-10-23 05:48:50,594 - WARNING -    Delta: -29.8
2025-10-23 05:48:50,594 - WARNING -    Temperatura: 0.25
2025-10-23 05:48:50,594 - WARNING -    Tipo perturbación aplicada: (ver generar_vecino)
2025-10-23 05:48:50,594 - WARNING -    Vecino - Puntos: 14117, Tiempo: 14346.9min, Distancia: 250.3km
2025-10-23 05:48:50,594 - WARNING -    Actual - Puntos: 14224, Tiempo: 13506.3min, Distancia: 174.0km
2025-10-23 05:48:50,594 - WARNING -    Validez restricciones - Vecino: False, Actual: False
2025-10-23 05:48:50,594 - WARNING - ================================================================================
2025-10-23 05:48:50,594 - WARNING - ⚠️  SALTO ANORMAL DETECTADO en iteración 93483
2025-10-23 05:48:50,594 - WARNING -    Fitness: 124.7 → 94.9 (Δ=-29.8)
2025-10-23 05:48:50,595 - WARNING -    Ver detalles en archivo de log
2025-10-23 05:48:50,907 - WARNING - ================================================================================
2025-10-23 05:48:50,907 - WARNING - ⚠️  SALTO ANORMAL DETECTADO en iteración 93485
2025-10-23 05:48:50,907 - WARNING -    Fitness actual: 124.7
2025-10-23 05:48:50,907 - WARNING -    Fitness vecino: 93.5
2025-10-23 05:48:50,908 - WARNING -    Delta: -31.2
2025-10-23 05:48:50,908 - WARNING -    Temperatura: 0.25
2025-10-23 05:48:50,908 - WARNING -    Tipo perturbación aplicada: (ver generar_vecino)
2025-10-23 05:48:50,908 - WARNING -    Vecino - Puntos: 14129, Tiempo: 14571.4min, Distancia: 247.8km
2025-10-23 05:48:50,908 - WARNING -    Actual - Puntos: 14224, Tiempo: 13514.4min, Distancia: 174.7km
2025-10-23 05:48:50,908 - WARNING -    Validez restricciones - Vecino: False, Actual: False
2025-10-23 05:48:50,908 - WARNING - ================================================================================
2025-10-23 05:48:50,908 - WARNING - ⚠️  SALTO ANORMAL DETECTADO en iteración 93485
2025-10-23 05:48:50,908 - WARNING -    Fitness: 124.7 → 93.5 (Δ=-31.2)
2025-10-23 05:48:50,909 - WARNING -    Ver detalles en archivo de log
2025-10-23 05:48:51,524 - WARNING - ================================================================================
2025-10-23 05:48:51,525 - WARNING - ⚠️  SALTO ANORMAL DETECTADO en iteración 93489
2025-10-23 05:48:51,525 - WARNING -    Fitness actual: 124.7
2025-10-23 05:48:51,525 - WARNING -    Fitness vecino: 91.0
2025-10-23 05:48:51,525 - WARNING -    Delta: -33.7
2025-10-23 05:48:51,525 - WARNING -    Temperatura: 0.25
2025-10-23 05:48:51,525 - WARNING -    Tipo perturbación aplicada: (ver generar_vecino)
2025-10-23 05:48:51,525 - WARNING -    Vecino - Puntos: 14124, Tiempo: 14338.1min, Distancia: 249.6km
2025-10-23 05:48:51,526 - WARNING -    Actual - Puntos: 14224, Tiempo: 13514.4min, Distancia: 174.7km
2025-10-23 05:48:51,526 - WARNING -    Validez restricciones - Vecino: False, Actual: False
2025-10-23 05:48:51,526 - WARNING - ================================================================================
2025-10-23 05:48:51,526 - WARNING - ⚠️  SALTO ANORMAL DETECTADO en iteración 93489
2025-10-23 05:48:51,526 - WARNING -    Fitness: 124.7 → 91.0 (Δ=-33.7)
2025-10-23 05:48:51,526 - WARNING -    Ver detalles en archivo de log
2025-10-23 05:48:52,296 - WARNING - ================================================================================
2025-10-23 05:48:52,296 - WARNING - ⚠️  SALTO ANORMAL DETECTADO en iteración 93494
2025-10-23 05:48:52,297 - WARNING -    Fitness actual: 124.7
2025-10-23 05:48:52,297 - WARNING -    Fitness vecino: 91.8
2025-10-23 05:48:52,297 - WARNING -    Delta: -32.9
2025-10-23 05:48:52,297 - WARNING -    Temperatura: 0.25
2025-10-23 05:48:52,297 - WARNING -    Tipo perturbación aplicada: (ver generar_vecino)
2025-10-23 05:48:52,297 - WARNING -    Vecino - Puntos: 13920, Tiempo: 13942.4min, Distancia: 243.1km
2025-10-23 05:48:52,297 - WARNING -    Actual - Puntos: 14222, Tiempo: 13483.3min, Distancia: 172.9km
2025-10-23 05:48:52,297 - WARNING -    Validez restricciones - Vecino: False, Actual: False
2025-10-23 05:48:52,298 - WARNING - ================================================================================
2025-10-23 05:48:52,298 - WARNING - ⚠️  SALTO ANORMAL DETECTADO en iteración 93494
2025-10-23 05:48:52,298 - WARNING -    Fitness: 124.7 → 91.8 (Δ=-32.9)
2025-10-23 05:48:52,298 - WARNING -    Ver detalles en archivo de log
2025-10-23 05:48:52,457 - WARNING - ================================================================================
2025-10-23 05:48:52,457 - WARNING - ⚠️  SALTO ANORMAL DETECTADO en iteración 93495
2025-10-23 05:48:52,458 - WARNING -    Fitness actual: 124.7
2025-10-23 05:48:52,458 - WARNING -    Fitness vecino: 94.7
2025-10-23 05:48:52,458 - WARNING -    Delta: -30.0
2025-10-23 05:48:52,458 - WARNING -    Temperatura: 0.25
2025-10-23 05:48:52,458 - WARNING -    Tipo perturbación aplicada: (ver generar_vecino)
2025-10-23 05:48:52,458 - WARNING -    Vecino - Puntos: 14122, Tiempo: 14362.1min, Distancia: 248.7km
2025-10-23 05:48:52,459 - WARNING -    Actual - Puntos: 14222, Tiempo: 13483.3min, Distancia: 172.9km
2025-10-23 05:48:52,459 - WARNING -    Validez restricciones - Vecino: False, Actual: False
2025-10-23 05:48:52,459 - WARNING - ================================================================================
2025-10-23 05:48:52,459 - WARNING - ⚠️  SALTO ANORMAL DETECTADO en iteración 93495
2025-10-23 05:48:52,460 - WARNING -    Fitness: 124.7 → 94.7 (Δ=-30.0)
2025-10-23 05:48:52,461 - WARNING -    Ver detalles en archivo de log
2025-10-23 05:48:52,769 - WARNING - ================================================================================
2025-10-23 05:48:52,769 - WARNING - ⚠️  SALTO ANORMAL DETECTADO en iteración 93497
2025-10-23 05:48:52,769 - WARNING -    Fitness actual: 124.7
2025-10-23 05:48:52,769 - WARNING -    Fitness vecino: 85.4
2025-10-23 05:48:52,769 - WARNING -    Delta: -39.3
2025-10-23 05:48:52,770 - WARNING -    Temperatura: 0.25
2025-10-23 05:48:52,770 - WARNING -    Tipo perturbación aplicada: (ver generar_vecino)
2025-10-23 05:48:52,770 - WARNING -    Vecino - Puntos: 13674, Tiempo: 14277.0min, Distancia: 269.5km
2025-10-23 05:48:52,770 - WARNING -    Actual - Puntos: 14220, Tiempo: 13465.0min, Distancia: 171.4km
2025-10-23 05:48:52,770 - WARNING -    Validez restricciones - Vecino: False, Actual: False
2025-10-23 05:48:52,771 - WARNING - ================================================================================
2025-10-23 05:48:52,772 - WARNING - ⚠️  SALTO ANORMAL DETECTADO en iteración 93497
2025-10-23 05:48:52,772 - WARNING -    Fitness: 124.7 → 85.4 (Δ=-39.3)
2025-10-23 05:48:52,772 - WARNING -    Ver detalles en archivo de log
2025-10-23 05:48:53,233 - INFO -   Iter 93500 | Tiempo:  144.1min (60.0%) | T =     0.25 | Fitness =    124.7 | Mejor =    127.9 | Aceptación =  63.5%
2025-10-23 05:48:53,234 - INFO - Progreso iter 93500: T=0.25, Fitness=124.7, Mejor=127.9, Tasa_acept=63.5%
2025-10-23 05:48:53,239 - DEBUG - Iter 93500: T=0.25, Fitness_actual=124.7, Mejor=127.9
2025-10-23 05:48:53,239 - WARNING - ================================================================================
2025-10-23 05:48:53,239 - WARNING - ⚠️  SALTO ANORMAL DETECTADO en iteración 93500
2025-10-23 05:48:53,239 - WARNING -    Fitness actual: 124.7
2025-10-23 05:48:53,240 - WARNING -    Fitness vecino: 94.7
2025-10-23 05:48:53,240 - WARNING -    Delta: -30.0
2025-10-23 05:48:53,240 - WARNING -    Temperatura: 0.25
2025-10-23 05:48:53,240 - WARNING -    Tipo perturbación aplicada: (ver generar_vecino)
2025-10-23 05:48:53,240 - WARNING -    Vecino - Puntos: 14071, Tiempo: 14335.7min, Distancia: 247.7km
2025-10-23 05:48:53,240 - WARNING -    Actual - Puntos: 14218, Tiempo: 13434.4min, Distancia: 171.4km
2025-10-23 05:48:53,240 - WARNING -    Validez restricciones - Vecino: False, Actual: False
2025-10-23 05:48:53,241 - WARNING - ================================================================================
2025-10-23 05:48:53,241 - WARNING - ⚠️  SALTO ANORMAL DETECTADO en iteración 93500
2025-10-23 05:48:53,241 - WARNING -    Fitness: 124.7 → 94.7 (Δ=-30.0)
2025-10-23 05:48:53,241 - WARNING -    Ver detalles en archivo de log
2025-10-23 05:48:54,162 - WARNING - ================================================================================
2025-10-23 05:48:54,162 - WARNING - ⚠️  SALTO ANORMAL DETECTADO en iteración 93506
2025-10-23 05:48:54,162 - WARNING -    Fitness actual: 124.8
2025-10-23 05:48:54,162 - WARNING -    Fitness vecino: 94.1
2025-10-23 05:48:54,162 - WARNING -    Delta: -30.6
2025-10-23 05:48:54,163 - WARNING -    Temperatura: 0.25
2025-10-23 05:48:54,163 - WARNING -    Tipo perturbación aplicada: (ver generar_vecino)
2025-10-23 05:48:54,163 - WARNING -    Vecino - Puntos: 14119, Tiempo: 14323.9min, Distancia: 245.5km
2025-10-23 05:48:54,163 - WARNING -    Actual - Puntos: 14231, Tiempo: 13480.9min, Distancia: 171.5km
2025-10-23 05:48:54,163 - WARNING -    Validez restricciones - Vecino: False, Actual: False
2025-10-23 05:48:54,163 - WARNING - ================================================================================
2025-10-23 05:48:54,164 - WARNING - ⚠️  SALTO ANORMAL DETECTADO en iteración 93506
2025-10-23 05:48:54,164 - WARNING -    Fitness: 124.8 → 94.1 (Δ=-30.6)
2025-10-23 05:48:54,164 - WARNING -    Ver detalles en archivo de log
2025-10-23 05:48:54,321 - WARNING - ================================================================================
2025-10-23 05:48:54,321 - WARNING - ⚠️  SALTO ANORMAL DETECTADO en iteración 93507
2025-10-23 05:48:54,323 - WARNING -    Fitness actual: 124.8
2025-10-23 05:48:54,323 - WARNING -    Fitness vecino: 95.2
2025-10-23 05:48:54,323 - WARNING -    Delta: -29.6
2025-10-23 05:48:54,323 - WARNING -    Temperatura: 0.25
2025-10-23 05:48:54,323 - WARNING -    Tipo perturbación aplicada: (ver generar_vecino)
2025-10-23 05:48:54,324 - WARNING -    Vecino - Puntos: 14124, Tiempo: 14308.9min, Distancia: 246.7km
2025-10-23 05:48:54,324 - WARNING -    Actual - Puntos: 14231, Tiempo: 13480.9min, Distancia: 171.5km
2025-10-23 05:48:54,324 - WARNING -    Validez restricciones - Vecino: False, Actual: False
2025-10-23 05:48:54,324 - WARNING - ================================================================================
2025-10-23 05:48:54,324 - WARNING - ⚠️  SALTO ANORMAL DETECTADO en iteración 93507
2025-10-23 05:48:54,324 - WARNING -    Fitness: 124.8 → 95.2 (Δ=-29.6)
2025-10-23 05:48:54,324 - WARNING -    Ver detalles en archivo de log
2025-10-23 05:48:55,401 - WARNING - ================================================================================
2025-10-23 05:48:55,401 - WARNING - ⚠️  SALTO ANORMAL DETECTADO en iteración 93514
2025-10-23 05:48:55,401 - WARNING -    Fitness actual: 124.8
2025-10-23 05:48:55,401 - WARNING -    Fitness vecino: 93.7
2025-10-23 05:48:55,401 - WARNING -    Delta: -31.1
2025-10-23 05:48:55,402 - WARNING -    Temperatura: 0.25
2025-10-23 05:48:55,402 - WARNING -    Tipo perturbación aplicada: (ver generar_vecino)
2025-10-23 05:48:55,402 - WARNING -    Vecino - Puntos: 14124, Tiempo: 14309.7min, Distancia: 246.8km
2025-10-23 05:48:55,402 - WARNING -    Actual - Puntos: 14231, Tiempo: 13474.9min, Distancia: 171.0km
2025-10-23 05:48:55,402 - WARNING -    Validez restricciones - Vecino: False, Actual: False
2025-10-23 05:48:55,402 - WARNING - ================================================================================
2025-10-23 05:48:55,402 - WARNING - ⚠️  SALTO ANORMAL DETECTADO en iteración 93514
2025-10-23 05:48:55,402 - WARNING -    Fitness: 124.8 → 93.7 (Δ=-31.1)
2025-10-23 05:48:55,402 - WARNING -    Ver detalles en archivo de log
2025-10-23 05:48:57,699 - WARNING - ================================================================================
2025-10-23 05:48:57,699 - WARNING - ⚠️  SALTO ANORMAL DETECTADO en iteración 93529
2025-10-23 05:48:57,700 - WARNING -    Fitness actual: 124.7
2025-10-23 05:48:57,700 - WARNING -    Fitness vecino: 94.1
2025-10-23 05:48:57,700 - WARNING -    Delta: -30.6
2025-10-23 05:48:57,700 - WARNING -    Temperatura: 0.25
2025-10-23 05:48:57,700 - WARNING -    Tipo perturbación aplicada: (ver generar_vecino)
2025-10-23 05:48:57,700 - WARNING -    Vecino - Puntos: 14117, Tiempo: 14201.4min, Distancia: 240.3km
2025-10-23 05:48:57,700 - WARNING -    Actual - Puntos: 14224, Tiempo: 13422.1min, Distancia: 169.1km
2025-10-23 05:48:57,701 - WARNING -    Validez restricciones - Vecino: False, Actual: False
2025-10-23 05:48:57,701 - WARNING - ================================================================================
2025-10-23 05:48:57,701 - WARNING - ⚠️  SALTO ANORMAL DETECTADO en iteración 93529
2025-10-23 05:48:57,701 - WARNING -    Fitness: 124.7 → 94.1 (Δ=-30.6)
2025-10-23 05:48:57,701 - WARNING -    Ver detalles en archivo de log
2025-10-23 05:48:58,017 - WARNING - ================================================================================
2025-10-23 05:48:58,017 - WARNING - ⚠️  SALTO ANORMAL DETECTADO en iteración 93531
2025-10-23 05:48:58,017 - WARNING -    Fitness actual: 124.7
2025-10-23 05:48:58,017 - WARNING -    Fitness vecino: 93.6
2025-10-23 05:48:58,017 - WARNING -    Delta: -31.1
2025-10-23 05:48:58,018 - WARNING -    Temperatura: 0.25
2025-10-23 05:48:58,018 - WARNING -    Tipo perturbación aplicada: (ver generar_vecino)
2025-10-23 05:48:58,018 - WARNING -    Vecino - Puntos: 14117, Tiempo: 14212.3min, Distancia: 241.2km
2025-10-23 05:48:58,018 - WARNING -    Actual - Puntos: 14224, Tiempo: 13422.1min, Distancia: 169.1km
2025-10-23 05:48:58,018 - WARNING -    Validez restricciones - Vecino: False, Actual: False
2025-10-23 05:48:58,018 - WARNING - ================================================================================
2025-10-23 05:48:58,018 - WARNING - ⚠️  SALTO ANORMAL DETECTADO en iteración 93531
2025-10-23 05:48:58,018 - WARNING -    Fitness: 124.7 → 93.6 (Δ=-31.1)
2025-10-23 05:48:58,018 - WARNING -    Ver detalles en archivo de log
2025-10-23 05:48:58,790 - WARNING - ================================================================================
2025-10-23 05:48:58,790 - WARNING - ⚠️  SALTO ANORMAL DETECTADO en iteración 93536
2025-10-23 05:48:58,791 - WARNING -    Fitness actual: 124.7
2025-10-23 05:48:58,791 - WARNING -    Fitness vecino: 95.9
2025-10-23 05:48:58,791 - WARNING -    Delta: -28.9
2025-10-23 05:48:58,791 - WARNING -    Temperatura: 0.25
2025-10-23 05:48:58,792 - WARNING -    Tipo perturbación aplicada: (ver generar_vecino)
2025-10-23 05:48:58,792 - WARNING -    Vecino - Puntos: 14217, Tiempo: 14197.9min, Distancia: 237.5km
2025-10-23 05:48:58,792 - WARNING -    Actual - Puntos: 14224, Tiempo: 13412.6min, Distancia: 168.3km
2025-10-23 05:48:58,792 - WARNING -    Validez restricciones - Vecino: False, Actual: False
2025-10-23 05:48:58,792 - WARNING - ================================================================================
2025-10-23 05:48:58,793 - WARNING - ⚠️  SALTO ANORMAL DETECTADO en iteración 93536
2025-10-23 05:48:58,793 - WARNING -    Fitness: 124.7 → 95.9 (Δ=-28.9)
2025-10-23 05:48:58,793 - WARNING -    Ver detalles en archivo de log
2025-10-23 05:48:59,257 - WARNING - ================================================================================
2025-10-23 05:48:59,257 - WARNING - ⚠️  SALTO ANORMAL DETECTADO en iteración 93539
2025-10-23 05:48:59,257 - WARNING -    Fitness actual: 124.7
2025-10-23 05:48:59,257 - WARNING -    Fitness vecino: 94.6
2025-10-23 05:48:59,257 - WARNING -    Delta: -30.1
2025-10-23 05:48:59,258 - WARNING -    Temperatura: 0.25
2025-10-23 05:48:59,258 - WARNING -    Tipo perturbación aplicada: (ver generar_vecino)
2025-10-23 05:48:59,258 - WARNING -    Vecino - Puntos: 14117, Tiempo: 14202.9min, Distancia: 240.4km
2025-10-23 05:48:59,258 - WARNING -    Actual - Puntos: 14224, Tiempo: 13372.9min, Distancia: 165.0km
2025-10-23 05:48:59,258 - WARNING -    Validez restricciones - Vecino: False, Actual: False
2025-10-23 05:48:59,259 - WARNING - ================================================================================
2025-10-23 05:48:59,259 - WARNING - ⚠️  SALTO ANORMAL DETECTADO en iteración 93539
2025-10-23 05:48:59,259 - WARNING -    Fitness: 124.7 → 94.6 (Δ=-30.1)
2025-10-23 05:48:59,260 - WARNING -    Ver detalles en archivo de log
2025-10-23 05:49:00,033 - WARNING - ================================================================================
2025-10-23 05:49:00,034 - WARNING - ⚠️  SALTO ANORMAL DETECTADO en iteración 93544
2025-10-23 05:49:00,034 - WARNING -    Fitness actual: 124.8
2025-10-23 05:49:00,034 - WARNING -    Fitness vecino: 96.2
2025-10-23 05:49:00,034 - WARNING -    Delta: -28.6
2025-10-23 05:49:00,034 - WARNING -    Temperatura: 0.25
2025-10-23 05:49:00,034 - WARNING -    Tipo perturbación aplicada: (ver generar_vecino)
2025-10-23 05:49:00,035 - WARNING -    Vecino - Puntos: 14122, Tiempo: 14212.6min, Distancia: 236.6km
2025-10-23 05:49:00,035 - WARNING -    Actual - Puntos: 14229, Tiempo: 13425.0min, Distancia: 164.8km
2025-10-23 05:49:00,035 - WARNING -    Validez restricciones - Vecino: False, Actual: False
2025-10-23 05:49:00,035 - WARNING - ================================================================================
2025-10-23 05:49:00,035 - WARNING - ⚠️  SALTO ANORMAL DETECTADO en iteración 93544
2025-10-23 05:49:00,035 - WARNING -    Fitness: 124.8 → 96.2 (Δ=-28.6)
2025-10-23 05:49:00,036 - WARNING -    Ver detalles en archivo de log
2025-10-23 05:49:00,191 - WARNING - ================================================================================
2025-10-23 05:49:00,191 - WARNING - ⚠️  SALTO ANORMAL DETECTADO en iteración 93545
2025-10-23 05:49:00,192 - WARNING -    Fitness actual: 124.8
2025-10-23 05:49:00,192 - WARNING -    Fitness vecino: 87.7
2025-10-23 05:49:00,192 - WARNING -    Delta: -37.1
2025-10-23 05:49:00,192 - WARNING -    Temperatura: 0.25
2025-10-23 05:49:00,192 - WARNING -    Tipo perturbación aplicada: (ver generar_vecino)
2025-10-23 05:49:00,192 - WARNING -    Vecino - Puntos: 14122, Tiempo: 13894.2min, Distancia: 237.6km
2025-10-23 05:49:00,192 - WARNING -    Actual - Puntos: 14229, Tiempo: 13425.0min, Distancia: 164.8km
2025-10-23 05:49:00,192 - WARNING -    Validez restricciones - Vecino: False, Actual: False
2025-10-23 05:49:00,192 - WARNING - ================================================================================
2025-10-23 05:49:00,193 - WARNING - ⚠️  SALTO ANORMAL DETECTADO en iteración 93545
2025-10-23 05:49:00,193 - WARNING -    Fitness: 124.8 → 87.7 (Δ=-37.1)
2025-10-23 05:49:00,193 - WARNING -    Ver detalles en archivo de log
2025-10-23 05:49:01,732 - WARNING - ================================================================================
2025-10-23 05:49:01,732 - WARNING - ⚠️  SALTO ANORMAL DETECTADO en iteración 93555
2025-10-23 05:49:01,733 - WARNING -    Fitness actual: 124.7
2025-10-23 05:49:01,733 - WARNING -    Fitness vecino: 95.6
2025-10-23 05:49:01,733 - WARNING -    Delta: -29.1
2025-10-23 05:49:01,733 - WARNING -    Temperatura: 0.25
2025-10-23 05:49:01,733 - WARNING -    Tipo perturbación aplicada: (ver generar_vecino)
2025-10-23 05:49:01,733 - WARNING -    Vecino - Puntos: 14117, Tiempo: 14235.1min, Distancia: 239.8km
2025-10-23 05:49:01,734 - WARNING -    Actual - Puntos: 14224, Tiempo: 13440.7min, Distancia: 167.3km
2025-10-23 05:49:01,734 - WARNING -    Validez restricciones - Vecino: False, Actual: False
2025-10-23 05:49:01,734 - WARNING - ================================================================================
2025-10-23 05:49:01,734 - WARNING - ⚠️  SALTO ANORMAL DETECTADO en iteración 93555
2025-10-23 05:49:01,734 - WARNING -    Fitness: 124.7 → 95.6 (Δ=-29.1)
2025-10-23 05:49:01,734 - WARNING -    Ver detalles en archivo de log
2025-10-23 05:49:01,892 - WARNING - ================================================================================
2025-10-23 05:49:01,892 - WARNING - ⚠️  SALTO ANORMAL DETECTADO en iteración 93556
2025-10-23 05:49:01,893 - WARNING -    Fitness actual: 124.7
2025-10-23 05:49:01,893 - WARNING -    Fitness vecino: 93.6
2025-10-23 05:49:01,893 - WARNING -    Delta: -31.1
2025-10-23 05:49:01,893 - WARNING -    Temperatura: 0.25
2025-10-23 05:49:01,893 - WARNING -    Tipo perturbación aplicada: (ver generar_vecino)
2025-10-23 05:49:01,893 - WARNING -    Vecino - Puntos: 14114, Tiempo: 14322.1min, Distancia: 239.1km
2025-10-23 05:49:01,893 - WARNING -    Actual - Puntos: 14224, Tiempo: 13440.7min, Distancia: 167.3km
2025-10-23 05:49:01,893 - WARNING -    Validez restricciones - Vecino: False, Actual: False
2025-10-23 05:49:01,893 - WARNING - ================================================================================
2025-10-23 05:49:01,893 - WARNING - ⚠️  SALTO ANORMAL DETECTADO en iteración 93556
2025-10-23 05:49:01,894 - WARNING -    Fitness: 124.7 → 93.6 (Δ=-31.1)
2025-10-23 05:49:01,894 - WARNING -    Ver detalles en archivo de log
2025-10-23 05:49:02,358 - WARNING - ================================================================================
2025-10-23 05:49:02,358 - WARNING - ⚠️  SALTO ANORMAL DETECTADO en iteración 93559
2025-10-23 05:49:02,358 - WARNING -    Fitness actual: 124.7
2025-10-23 05:49:02,358 - WARNING -    Fitness vecino: 87.9
2025-10-23 05:49:02,358 - WARNING -    Delta: -36.8
2025-10-23 05:49:02,359 - WARNING -    Temperatura: 0.25
2025-10-23 05:49:02,359 - WARNING -    Tipo perturbación aplicada: (ver generar_vecino)
2025-10-23 05:49:02,359 - WARNING -    Vecino - Puntos: 14117, Tiempo: 14493.3min, Distancia: 244.4km
2025-10-23 05:49:02,359 - WARNING -    Actual - Puntos: 14224, Tiempo: 13436.1min, Distancia: 166.9km
2025-10-23 05:49:02,359 - WARNING -    Validez restricciones - Vecino: False, Actual: False
2025-10-23 05:49:02,360 - WARNING - ================================================================================
2025-10-23 05:49:02,360 - WARNING - ⚠️  SALTO ANORMAL DETECTADO en iteración 93559
2025-10-23 05:49:02,360 - WARNING -    Fitness: 124.7 → 87.9 (Δ=-36.8)
2025-10-23 05:49:02,360 - WARNING -    Ver detalles en archivo de log
2025-10-23 05:49:02,516 - WARNING - ================================================================================
2025-10-23 05:49:02,517 - WARNING - ⚠️  SALTO ANORMAL DETECTADO en iteración 93560
2025-10-23 05:49:02,517 - WARNING -    Fitness actual: 124.7
2025-10-23 05:49:02,517 - WARNING -    Fitness vecino: 91.2
2025-10-23 05:49:02,517 - WARNING -    Delta: -33.5
2025-10-23 05:49:02,517 - WARNING -    Temperatura: 0.25
2025-10-23 05:49:02,517 - WARNING -    Tipo perturbación aplicada: (ver generar_vecino)
2025-10-23 05:49:02,517 - WARNING -    Vecino - Puntos: 14117, Tiempo: 14085.6min, Distancia: 239.8km
2025-10-23 05:49:02,518 - WARNING -    Actual - Puntos: 14224, Tiempo: 13436.1min, Distancia: 166.9km
2025-10-23 05:49:02,518 - WARNING -    Validez restricciones - Vecino: False, Actual: False
2025-10-23 05:49:02,518 - WARNING - ================================================================================
2025-10-23 05:49:02,518 - WARNING - ⚠️  SALTO ANORMAL DETECTADO en iteración 93560
2025-10-23 05:49:02,518 - WARNING -    Fitness: 124.7 → 91.2 (Δ=-33.5)
2025-10-23 05:49:02,518 - WARNING -    Ver detalles en archivo de log
2025-10-23 05:49:02,984 - WARNING - ================================================================================
2025-10-23 05:49:02,985 - WARNING - ⚠️  SALTO ANORMAL DETECTADO en iteración 93563
2025-10-23 05:49:02,985 - WARNING -    Fitness actual: 124.7
2025-10-23 05:49:02,985 - WARNING -    Fitness vecino: 95.1
2025-10-23 05:49:02,985 - WARNING -    Delta: -29.7
2025-10-23 05:49:02,985 - WARNING -    Temperatura: 0.25
2025-10-23 05:49:02,986 - WARNING -    Tipo perturbación aplicada: (ver generar_vecino)
2025-10-23 05:49:02,986 - WARNING -    Vecino - Puntos: 14108, Tiempo: 14118.9min, Distancia: 235.1km
2025-10-23 05:49:02,986 - WARNING -    Actual - Puntos: 14224, Tiempo: 13436.1min, Distancia: 166.9km
2025-10-23 05:49:02,986 - WARNING -    Validez restricciones - Vecino: False, Actual: False
2025-10-23 05:49:02,986 - WARNING - ================================================================================
2025-10-23 05:49:02,986 - WARNING - ⚠️  SALTO ANORMAL DETECTADO en iteración 93563
2025-10-23 05:49:02,986 - WARNING -    Fitness: 124.7 → 95.1 (Δ=-29.7)
2025-10-23 05:49:02,987 - WARNING -    Ver detalles en archivo de log
2025-10-23 05:49:04,066 - WARNING - ================================================================================
2025-10-23 05:49:04,066 - WARNING - ⚠️  SALTO ANORMAL DETECTADO en iteración 93570
2025-10-23 05:49:04,066 - WARNING -    Fitness actual: 124.7
2025-10-23 05:49:04,067 - WARNING -    Fitness vecino: 91.0
2025-10-23 05:49:04,067 - WARNING -    Delta: -33.8
2025-10-23 05:49:04,067 - WARNING -    Temperatura: 0.25
2025-10-23 05:49:04,067 - WARNING -    Tipo perturbación aplicada: (ver generar_vecino)
2025-10-23 05:49:04,067 - WARNING -    Vecino - Puntos: 13948, Tiempo: 14906.6min, Distancia: 300.3km
2025-10-23 05:49:04,067 - WARNING -    Actual - Puntos: 14225, Tiempo: 13419.5min, Distancia: 166.8km
2025-10-23 05:49:04,067 - WARNING -    Validez restricciones - Vecino: False, Actual: False
2025-10-23 05:49:04,067 - WARNING - ================================================================================
2025-10-23 05:49:04,068 - WARNING - ⚠️  SALTO ANORMAL DETECTADO en iteración 93570
2025-10-23 05:49:04,068 - WARNING -    Fitness: 124.7 → 91.0 (Δ=-33.8)
2025-10-23 05:49:04,068 - WARNING -    Ver detalles en archivo de log
2025-10-23 05:49:05,905 - WARNING - ================================================================================
2025-10-23 05:49:05,905 - WARNING - ⚠️  SALTO ANORMAL DETECTADO en iteración 93582
2025-10-23 05:49:05,905 - WARNING -    Fitness actual: 124.7
2025-10-23 05:49:05,905 - WARNING -    Fitness vecino: 90.8
2025-10-23 05:49:05,906 - WARNING -    Delta: -33.9
2025-10-23 05:49:05,906 - WARNING -    Temperatura: 0.25
2025-10-23 05:49:05,906 - WARNING -    Tipo perturbación aplicada: (ver generar_vecino)
2025-10-23 05:49:05,906 - WARNING -    Vecino - Puntos: 14183, Tiempo: 13897.4min, Distancia: 235.4km
2025-10-23 05:49:05,906 - WARNING -    Actual - Puntos: 14223, Tiempo: 13405.4min, Distancia: 165.6km
2025-10-23 05:49:05,906 - WARNING -    Validez restricciones - Vecino: False, Actual: False
2025-10-23 05:49:05,906 - WARNING - ================================================================================
2025-10-23 05:49:05,907 - WARNING - ⚠️  SALTO ANORMAL DETECTADO en iteración 93582
2025-10-23 05:49:05,907 - WARNING -    Fitness: 124.7 → 90.8 (Δ=-33.9)
2025-10-23 05:49:05,907 - WARNING -    Ver detalles en archivo de log
2025-10-23 05:49:06,830 - WARNING - ================================================================================
2025-10-23 05:49:06,830 - WARNING - ⚠️  SALTO ANORMAL DETECTADO en iteración 93588
2025-10-23 05:49:06,831 - WARNING -    Fitness actual: 124.8
2025-10-23 05:49:06,831 - WARNING -    Fitness vecino: 91.6
2025-10-23 05:49:06,831 - WARNING -    Delta: -33.2
2025-10-23 05:49:06,831 - WARNING -    Temperatura: 0.25
2025-10-23 05:49:06,831 - WARNING -    Tipo perturbación aplicada: (ver generar_vecino)
2025-10-23 05:49:06,831 - WARNING -    Vecino - Puntos: 14217, Tiempo: 14598.5min, Distancia: 241.3km
2025-10-23 05:49:06,832 - WARNING -    Actual - Puntos: 14234, Tiempo: 13391.3min, Distancia: 165.7km
2025-10-23 05:49:06,832 - WARNING -    Validez restricciones - Vecino: False, Actual: False
2025-10-23 05:49:06,832 - WARNING - ================================================================================
2025-10-23 05:49:06,832 - WARNING - ⚠️  SALTO ANORMAL DETECTADO en iteración 93588
2025-10-23 05:49:06,832 - WARNING -    Fitness: 124.8 → 91.6 (Δ=-33.2)
2025-10-23 05:49:06,832 - WARNING -    Ver detalles en archivo de log
2025-10-23 05:49:07,911 - WARNING - ================================================================================
2025-10-23 05:49:07,912 - WARNING - ⚠️  SALTO ANORMAL DETECTADO en iteración 93595
2025-10-23 05:49:07,912 - WARNING -    Fitness actual: 124.8
2025-10-23 05:49:07,912 - WARNING -    Fitness vecino: 98.3
2025-10-23 05:49:07,912 - WARNING -    Delta: -26.5
2025-10-23 05:49:07,912 - WARNING -    Temperatura: 0.25
2025-10-23 05:49:07,912 - WARNING -    Tipo perturbación aplicada: (ver generar_vecino)
2025-10-23 05:49:07,912 - WARNING -    Vecino - Puntos: 14131, Tiempo: 14235.9min, Distancia: 234.8km
2025-10-23 05:49:07,912 - WARNING -    Actual - Puntos: 14231, Tiempo: 13338.6min, Distancia: 161.3km
2025-10-23 05:49:07,913 - WARNING -    Validez restricciones - Vecino: False, Actual: False
2025-10-23 05:49:07,913 - WARNING - ================================================================================
2025-10-23 05:49:07,913 - WARNING - ⚠️  SALTO ANORMAL DETECTADO en iteración 93595
2025-10-23 05:49:07,913 - WARNING -    Fitness: 124.8 → 98.3 (Δ=-26.5)
2025-10-23 05:49:07,913 - WARNING -    Ver detalles en archivo de log
2025-10-23 05:49:08,527 - WARNING - ================================================================================
2025-10-23 05:49:08,527 - WARNING - ⚠️  SALTO ANORMAL DETECTADO en iteración 93599
2025-10-23 05:49:08,527 - WARNING -    Fitness actual: 124.8
2025-10-23 05:49:08,527 - WARNING -    Fitness vecino: 98.3
2025-10-23 05:49:08,527 - WARNING -    Delta: -26.5
2025-10-23 05:49:08,528 - WARNING -    Temperatura: 0.25
2025-10-23 05:49:08,528 - WARNING -    Tipo perturbación aplicada: (ver generar_vecino)
2025-10-23 05:49:08,528 - WARNING -    Vecino - Puntos: 14131, Tiempo: 14215.3min, Distancia: 233.1km
2025-10-23 05:49:08,528 - WARNING -    Actual - Puntos: 14231, Tiempo: 13326.7min, Distancia: 160.3km
2025-10-23 05:49:08,528 - WARNING -    Validez restricciones - Vecino: False, Actual: False
2025-10-23 05:49:08,528 - WARNING - ================================================================================
2025-10-23 05:49:08,528 - WARNING - ⚠️  SALTO ANORMAL DETECTADO en iteración 93599
2025-10-23 05:49:08,529 - WARNING -    Fitness: 124.8 → 98.3 (Δ=-26.5)
2025-10-23 05:49:08,529 - WARNING -    Ver detalles en archivo de log
2025-10-23 05:49:08,683 - DEBUG - Iter 93600: T=0.25, Fitness_actual=124.8, Mejor=127.9
2025-10-23 05:49:10,708 - WARNING - ================================================================================
2025-10-23 05:49:10,709 - WARNING - ⚠️  SALTO ANORMAL DETECTADO en iteración 93613
2025-10-23 05:49:10,709 - WARNING -    Fitness actual: 124.6
2025-10-23 05:49:10,709 - WARNING -    Fitness vecino: 98.6
2025-10-23 05:49:10,709 - WARNING -    Delta: -26.0
2025-10-23 05:49:10,709 - WARNING -    Temperatura: 0.25
2025-10-23 05:49:10,710 - WARNING -    Tipo perturbación aplicada: (ver generar_vecino)
2025-10-23 05:49:10,710 - WARNING -    Vecino - Puntos: 14114, Tiempo: 14189.5min, Distancia: 236.4km
2025-10-23 05:49:10,710 - WARNING -    Actual - Puntos: 14207, Tiempo: 13240.1min, Distancia: 162.3km
2025-10-23 05:49:10,710 - WARNING -    Validez restricciones - Vecino: False, Actual: False
2025-10-23 05:49:10,710 - WARNING - ================================================================================
2025-10-23 05:49:10,710 - WARNING - ⚠️  SALTO ANORMAL DETECTADO en iteración 93613
2025-10-23 05:49:10,711 - WARNING -    Fitness: 124.6 → 98.6 (Δ=-26.0)
2025-10-23 05:49:10,711 - WARNING -    Ver detalles en archivo de log
2025-10-23 05:49:11,325 - WARNING - ================================================================================
2025-10-23 05:49:11,325 - WARNING - ⚠️  SALTO ANORMAL DETECTADO en iteración 93617
2025-10-23 05:49:11,326 - WARNING -    Fitness actual: 124.6
2025-10-23 05:49:11,326 - WARNING -    Fitness vecino: 96.4
2025-10-23 05:49:11,326 - WARNING -    Delta: -28.2
2025-10-23 05:49:11,326 - WARNING -    Temperatura: 0.25
2025-10-23 05:49:11,326 - WARNING -    Tipo perturbación aplicada: (ver generar_vecino)
2025-10-23 05:49:11,326 - WARNING -    Vecino - Puntos: 13943, Tiempo: 13823.6min, Distancia: 236.3km
2025-10-23 05:49:11,327 - WARNING -    Actual - Puntos: 14207, Tiempo: 13245.5min, Distancia: 162.7km
2025-10-23 05:49:11,327 - WARNING -    Validez restricciones - Vecino: False, Actual: False
2025-10-23 05:49:11,327 - WARNING - ================================================================================
2025-10-23 05:49:11,327 - WARNING - ⚠️  SALTO ANORMAL DETECTADO en iteración 93617
2025-10-23 05:49:11,327 - WARNING -    Fitness: 124.6 → 96.4 (Δ=-28.2)
2025-10-23 05:49:11,328 - WARNING -    Ver detalles en archivo de log
2025-10-23 05:49:11,789 - WARNING - ================================================================================
2025-10-23 05:49:11,789 - WARNING - ⚠️  SALTO ANORMAL DETECTADO en iteración 93620
2025-10-23 05:49:11,789 - WARNING -    Fitness actual: 124.6
2025-10-23 05:49:11,790 - WARNING -    Fitness vecino: 99.1
2025-10-23 05:49:11,790 - WARNING -    Delta: -25.5
2025-10-23 05:49:11,790 - WARNING -    Temperatura: 0.25
2025-10-23 05:49:11,790 - WARNING -    Tipo perturbación aplicada: (ver generar_vecino)
2025-10-23 05:49:11,790 - WARNING -    Vecino - Puntos: 14107, Tiempo: 14133.1min, Distancia: 235.4km
2025-10-23 05:49:11,790 - WARNING -    Actual - Puntos: 14207, Tiempo: 13245.5min, Distancia: 162.7km
2025-10-23 05:49:11,790 - WARNING -    Validez restricciones - Vecino: False, Actual: False
2025-10-23 05:49:11,790 - WARNING - ================================================================================
2025-10-23 05:49:11,790 - WARNING - ⚠️  SALTO ANORMAL DETECTADO en iteración 93620
2025-10-23 05:49:11,790 - WARNING -    Fitness: 124.6 → 99.1 (Δ=-25.5)
2025-10-23 05:49:11,791 - WARNING -    Ver detalles en archivo de log
2025-10-23 05:49:11,948 - WARNING - ================================================================================
2025-10-23 05:49:11,948 - WARNING - ⚠️  SALTO ANORMAL DETECTADO en iteración 93621
2025-10-23 05:49:11,948 - WARNING -    Fitness actual: 124.6
2025-10-23 05:49:11,948 - WARNING -    Fitness vecino: 99.0
2025-10-23 05:49:11,948 - WARNING -    Delta: -25.6
2025-10-23 05:49:11,949 - WARNING -    Temperatura: 0.25
2025-10-23 05:49:11,949 - WARNING -    Tipo perturbación aplicada: (ver generar_vecino)
2025-10-23 05:49:11,949 - WARNING -    Vecino - Puntos: 14104, Tiempo: 14223.1min, Distancia: 235.4km
2025-10-23 05:49:11,949 - WARNING -    Actual - Puntos: 14207, Tiempo: 13245.5min, Distancia: 162.7km
2025-10-23 05:49:11,949 - WARNING -    Validez restricciones - Vecino: False, Actual: False
2025-10-23 05:49:11,949 - WARNING - ================================================================================
2025-10-23 05:49:11,949 - WARNING - ⚠️  SALTO ANORMAL DETECTADO en iteración 93621
2025-10-23 05:49:11,949 - WARNING -    Fitness: 124.6 → 99.0 (Δ=-25.6)
2025-10-23 05:49:11,949 - WARNING -    Ver detalles en archivo de log
2025-10-23 05:49:12,258 - WARNING - ================================================================================
2025-10-23 05:49:12,258 - WARNING - ⚠️  SALTO ANORMAL DETECTADO en iteración 93623
2025-10-23 05:49:12,258 - WARNING -    Fitness actual: 124.7
2025-10-23 05:49:12,258 - WARNING -    Fitness vecino: 98.1
2025-10-23 05:49:12,259 - WARNING -    Delta: -26.5
2025-10-23 05:49:12,259 - WARNING -    Temperatura: 0.25
2025-10-23 05:49:12,259 - WARNING -    Tipo perturbación aplicada: (ver generar_vecino)
2025-10-23 05:49:12,259 - WARNING -    Vecino - Puntos: 14115, Tiempo: 14193.6min, Distancia: 235.9km
2025-10-23 05:49:12,259 - WARNING -    Actual - Puntos: 14215, Tiempo: 13301.7min, Distancia: 162.8km
2025-10-23 05:49:12,260 - WARNING -    Validez restricciones - Vecino: False, Actual: False
2025-10-23 05:49:12,260 - WARNING - ================================================================================
2025-10-23 05:49:12,260 - WARNING - ⚠️  SALTO ANORMAL DETECTADO en iteración 93623
2025-10-23 05:49:12,260 - WARNING -    Fitness: 124.7 → 98.1 (Δ=-26.5)
2025-10-23 05:49:12,260 - WARNING -    Ver detalles en archivo de log
2025-10-23 05:49:12,722 - WARNING - ================================================================================
2025-10-23 05:49:12,722 - WARNING - ⚠️  SALTO ANORMAL DETECTADO en iteración 93626
2025-10-23 05:49:12,723 - WARNING -    Fitness actual: 124.7
2025-10-23 05:49:12,723 - WARNING -    Fitness vecino: 97.2
2025-10-23 05:49:12,723 - WARNING -    Delta: -27.4
2025-10-23 05:49:12,723 - WARNING -    Temperatura: 0.25
2025-10-23 05:49:12,723 - WARNING -    Tipo perturbación aplicada: (ver generar_vecino)
2025-10-23 05:49:12,723 - WARNING -    Vecino - Puntos: 14075, Tiempo: 14157.8min, Distancia: 242.9km
2025-10-23 05:49:12,723 - WARNING -    Actual - Puntos: 14215, Tiempo: 13309.4min, Distancia: 163.4km
2025-10-23 05:49:12,724 - WARNING -    Validez restricciones - Vecino: False, Actual: False
2025-10-23 05:49:12,724 - WARNING - ================================================================================
2025-10-23 05:49:12,724 - WARNING - ⚠️  SALTO ANORMAL DETECTADO en iteración 93626
2025-10-23 05:49:12,724 - WARNING -    Fitness: 124.7 → 97.2 (Δ=-27.4)
2025-10-23 05:49:12,724 - WARNING -    Ver detalles en archivo de log
2025-10-23 05:49:13,796 - WARNING - ================================================================================
2025-10-23 05:49:13,796 - WARNING - ⚠️  SALTO ANORMAL DETECTADO en iteración 93633
2025-10-23 05:49:13,796 - WARNING -    Fitness actual: 124.7
2025-10-23 05:49:13,797 - WARNING -    Fitness vecino: 100.1
2025-10-23 05:49:13,797 - WARNING -    Delta: -24.5
2025-10-23 05:49:13,797 - WARNING -    Temperatura: 0.25
2025-10-23 05:49:13,797 - WARNING -    Tipo perturbación aplicada: (ver generar_vecino)
2025-10-23 05:49:13,797 - WARNING -    Vecino - Puntos: 14115, Tiempo: 14201.3min, Distancia: 236.5km
2025-10-23 05:49:13,797 - WARNING -    Actual - Puntos: 14215, Tiempo: 13310.2min, Distancia: 163.5km
2025-10-23 05:49:13,797 - WARNING -    Validez restricciones - Vecino: False, Actual: False
2025-10-23 05:49:13,797 - WARNING - ================================================================================
2025-10-23 05:49:13,797 - WARNING - ⚠️  SALTO ANORMAL DETECTADO en iteración 93633
2025-10-23 05:49:13,798 - WARNING -    Fitness: 124.7 → 100.1 (Δ=-24.5)
2025-10-23 05:49:13,798 - WARNING -    Ver detalles en archivo de log
2025-10-23 05:49:13,956 - WARNING - ================================================================================
2025-10-23 05:49:13,956 - WARNING - ⚠️  SALTO ANORMAL DETECTADO en iteración 93634
2025-10-23 05:49:13,956 - WARNING -    Fitness actual: 124.7
2025-10-23 05:49:13,957 - WARNING -    Fitness vecino: 99.8
2025-10-23 05:49:13,957 - WARNING -    Delta: -24.8
2025-10-23 05:49:13,957 - WARNING -    Temperatura: 0.25
2025-10-23 05:49:13,957 - WARNING -    Tipo perturbación aplicada: (ver generar_vecino)
2025-10-23 05:49:13,957 - WARNING -    Vecino - Puntos: 14215, Tiempo: 14131.0min, Distancia: 235.7km
2025-10-23 05:49:13,957 - WARNING -    Actual - Puntos: 14215, Tiempo: 13310.2min, Distancia: 163.5km
2025-10-23 05:49:13,957 - WARNING -    Validez restricciones - Vecino: False, Actual: False
2025-10-23 05:49:13,957 - WARNING - ================================================================================
2025-10-23 05:49:13,957 - WARNING - ⚠️  SALTO ANORMAL DETECTADO en iteración 93634
2025-10-23 05:49:13,958 - WARNING -    Fitness: 124.7 → 99.8 (Δ=-24.8)
2025-10-23 05:49:13,958 - WARNING -    Ver detalles en archivo de log
2025-10-23 05:49:14,878 - WARNING - ================================================================================
2025-10-23 05:49:14,879 - WARNING - ⚠️  SALTO ANORMAL DETECTADO en iteración 93640
2025-10-23 05:49:14,879 - WARNING -    Fitness actual: 124.7
2025-10-23 05:49:14,879 - WARNING -    Fitness vecino: 94.1
2025-10-23 05:49:14,879 - WARNING -    Delta: -30.5
2025-10-23 05:49:14,879 - WARNING -    Temperatura: 0.25
2025-10-23 05:49:14,879 - WARNING -    Tipo perturbación aplicada: (ver generar_vecino)
2025-10-23 05:49:14,879 - WARNING -    Vecino - Puntos: 14115, Tiempo: 14109.9min, Distancia: 236.0km
2025-10-23 05:49:14,879 - WARNING -    Actual - Puntos: 14215, Tiempo: 13313.6min, Distancia: 163.8km
2025-10-23 05:49:14,880 - WARNING -    Validez restricciones - Vecino: False, Actual: False
2025-10-23 05:49:14,880 - WARNING - ================================================================================
2025-10-23 05:49:14,880 - WARNING - ⚠️  SALTO ANORMAL DETECTADO en iteración 93640
2025-10-23 05:49:14,880 - WARNING -    Fitness: 124.7 → 94.1 (Δ=-30.5)
2025-10-23 05:49:14,880 - WARNING -    Ver detalles en archivo de log
2025-10-23 05:49:15,494 - WARNING - ================================================================================
2025-10-23 05:49:15,495 - WARNING - ⚠️  SALTO ANORMAL DETECTADO en iteración 93644
2025-10-23 05:49:15,495 - WARNING -    Fitness actual: 124.6
2025-10-23 05:49:15,495 - WARNING -    Fitness vecino: 99.1
2025-10-23 05:49:15,495 - WARNING -    Delta: -25.5
2025-10-23 05:49:15,495 - WARNING -    Temperatura: 0.25
2025-10-23 05:49:15,496 - WARNING -    Tipo perturbación aplicada: (ver generar_vecino)
2025-10-23 05:49:15,496 - WARNING -    Vecino - Puntos: 14112, Tiempo: 14169.4min, Distancia: 235.1km
2025-10-23 05:49:15,496 - WARNING -    Actual - Puntos: 14212, Tiempo: 13285.1min, Distancia: 162.7km
2025-10-23 05:49:15,496 - WARNING -    Validez restricciones - Vecino: False, Actual: False
2025-10-23 05:49:15,496 - WARNING - ================================================================================
2025-10-23 05:49:15,496 - WARNING - ⚠️  SALTO ANORMAL DETECTADO en iteración 93644
2025-10-23 05:49:15,497 - WARNING -    Fitness: 124.6 → 99.1 (Δ=-25.5)
2025-10-23 05:49:15,497 - WARNING -    Ver detalles en archivo de log
2025-10-23 05:49:16,111 - WARNING - ================================================================================
2025-10-23 05:49:16,112 - WARNING - ⚠️  SALTO ANORMAL DETECTADO en iteración 93648
2025-10-23 05:49:16,112 - WARNING -    Fitness actual: 124.7
2025-10-23 05:49:16,112 - WARNING -    Fitness vecino: 100.2
2025-10-23 05:49:16,112 - WARNING -    Delta: -24.5
2025-10-23 05:49:16,112 - WARNING -    Temperatura: 0.25
2025-10-23 05:49:16,112 - WARNING -    Tipo perturbación aplicada: (ver generar_vecino)
2025-10-23 05:49:16,113 - WARNING -    Vecino - Puntos: 14124, Tiempo: 14222.4min, Distancia: 237.0km
2025-10-23 05:49:16,113 - WARNING -    Actual - Puntos: 14224, Tiempo: 13334.4min, Distancia: 164.3km
2025-10-23 05:49:16,113 - WARNING -    Validez restricciones - Vecino: False, Actual: False
2025-10-23 05:49:16,113 - WARNING - ================================================================================
2025-10-23 05:49:16,113 - WARNING - ⚠️  SALTO ANORMAL DETECTADO en iteración 93648
2025-10-23 05:49:16,113 - WARNING -    Fitness: 124.7 → 100.2 (Δ=-24.5)
2025-10-23 05:49:16,114 - WARNING -    Ver detalles en archivo de log
2025-10-23 05:49:16,425 - WARNING - ================================================================================
2025-10-23 05:49:16,425 - WARNING - ⚠️  SALTO ANORMAL DETECTADO en iteración 93650
2025-10-23 05:49:16,426 - WARNING -    Fitness actual: 124.7
2025-10-23 05:49:16,426 - WARNING -    Fitness vecino: 93.8
2025-10-23 05:49:16,426 - WARNING -    Delta: -30.9
2025-10-23 05:49:16,426 - WARNING -    Temperatura: 0.25
2025-10-23 05:49:16,426 - WARNING -    Tipo perturbación aplicada: (ver generar_vecino)
2025-10-23 05:49:16,427 - WARNING -    Vecino - Puntos: 14180, Tiempo: 13795.2min, Distancia: 224.8km
2025-10-23 05:49:16,428 - WARNING -    Actual - Puntos: 14220, Tiempo: 13183.2min, Distancia: 155.4km
2025-10-23 05:49:16,428 - WARNING -    Validez restricciones - Vecino: False, Actual: False
2025-10-23 05:49:16,428 - WARNING - ================================================================================
2025-10-23 05:49:16,428 - WARNING - ⚠️  SALTO ANORMAL DETECTADO en iteración 93650
2025-10-23 05:49:16,428 - WARNING -    Fitness: 124.7 → 93.8 (Δ=-30.9)
2025-10-23 05:49:16,429 - WARNING -    Ver detalles en archivo de log
2025-10-23 05:49:17,199 - WARNING - ================================================================================
2025-10-23 05:49:17,199 - WARNING - ⚠️  SALTO ANORMAL DETECTADO en iteración 93655
2025-10-23 05:49:17,200 - WARNING -    Fitness actual: 124.7
2025-10-23 05:49:17,200 - WARNING -    Fitness vecino: 93.6
2025-10-23 05:49:17,200 - WARNING -    Delta: -31.1
2025-10-23 05:49:17,200 - WARNING -    Temperatura: 0.25
2025-10-23 05:49:17,200 - WARNING -    Tipo perturbación aplicada: (ver generar_vecino)
2025-10-23 05:49:17,200 - WARNING -    Vecino - Puntos: 14110, Tiempo: 14100.0min, Distancia: 222.7km
2025-10-23 05:49:17,200 - WARNING -    Actual - Puntos: 14220, Tiempo: 13178.6min, Distancia: 155.1km
2025-10-23 05:49:17,200 - WARNING -    Validez restricciones - Vecino: False, Actual: False
2025-10-23 05:49:17,200 - WARNING - ================================================================================
2025-10-23 05:49:17,201 - WARNING - ⚠️  SALTO ANORMAL DETECTADO en iteración 93655
2025-10-23 05:49:17,201 - WARNING -    Fitness: 124.7 → 93.6 (Δ=-31.1)
2025-10-23 05:49:17,201 - WARNING -    Ver detalles en archivo de log
2025-10-23 05:49:18,739 - WARNING - ================================================================================
2025-10-23 05:49:18,739 - WARNING - ⚠️  SALTO ANORMAL DETECTADO en iteración 93665
2025-10-23 05:49:18,739 - WARNING -    Fitness actual: 124.8
2025-10-23 05:49:18,739 - WARNING -    Fitness vecino: 98.8
2025-10-23 05:49:18,740 - WARNING -    Delta: -26.0
2025-10-23 05:49:18,740 - WARNING -    Temperatura: 0.25
2025-10-23 05:49:18,740 - WARNING -    Tipo perturbación aplicada: (ver generar_vecino)
2025-10-23 05:49:18,740 - WARNING -    Vecino - Puntos: 14123, Tiempo: 14050.4min, Distancia: 230.2km
2025-10-23 05:49:18,740 - WARNING -    Actual - Puntos: 14230, Tiempo: 13192.9min, Distancia: 153.7km
2025-10-23 05:49:18,740 - WARNING -    Validez restricciones - Vecino: False, Actual: False
2025-10-23 05:49:18,740 - WARNING - ================================================================================
2025-10-23 05:49:18,740 - WARNING - ⚠️  SALTO ANORMAL DETECTADO en iteración 93665
2025-10-23 05:49:18,740 - WARNING -    Fitness: 124.8 → 98.8 (Δ=-26.0)
2025-10-23 05:49:18,741 - WARNING -    Ver detalles en archivo de log
2025-10-23 05:49:19,354 - WARNING - ================================================================================
2025-10-23 05:49:19,354 - WARNING - ⚠️  SALTO ANORMAL DETECTADO en iteración 93669
2025-10-23 05:49:19,355 - WARNING -    Fitness actual: 124.8
2025-10-23 05:49:19,355 - WARNING -    Fitness vecino: 99.3
2025-10-23 05:49:19,355 - WARNING -    Delta: -25.5
2025-10-23 05:49:19,355 - WARNING -    Temperatura: 0.25
2025-10-23 05:49:19,355 - WARNING -    Tipo perturbación aplicada: (ver generar_vecino)
2025-10-23 05:49:19,356 - WARNING -    Vecino - Puntos: 14117, Tiempo: 14036.9min, Distancia: 232.4km
2025-10-23 05:49:19,356 - WARNING -    Actual - Puntos: 14224, Tiempo: 13180.1min, Distancia: 156.0km
2025-10-23 05:49:19,356 - WARNING -    Validez restricciones - Vecino: False, Actual: False
2025-10-23 05:49:19,356 - WARNING - ================================================================================
2025-10-23 05:49:19,356 - WARNING - ⚠️  SALTO ANORMAL DETECTADO en iteración 93669
2025-10-23 05:49:19,356 - WARNING -    Fitness: 124.8 → 99.3 (Δ=-25.5)
2025-10-23 05:49:19,356 - WARNING -    Ver detalles en archivo de log
2025-10-23 05:49:19,669 - WARNING - ================================================================================
2025-10-23 05:49:19,669 - WARNING - ⚠️  SALTO ANORMAL DETECTADO en iteración 93671
2025-10-23 05:49:19,669 - WARNING -    Fitness actual: 124.8
2025-10-23 05:49:19,669 - WARNING -    Fitness vecino: 100.3
2025-10-23 05:49:19,670 - WARNING -    Delta: -24.5
2025-10-23 05:49:19,670 - WARNING -    Temperatura: 0.25
2025-10-23 05:49:19,670 - WARNING -    Tipo perturbación aplicada: (ver generar_vecino)
2025-10-23 05:49:19,670 - WARNING -    Vecino - Puntos: 14122, Tiempo: 14104.8min, Distancia: 231.8km
2025-10-23 05:49:19,670 - WARNING -    Actual - Puntos: 14224, Tiempo: 13180.5min, Distancia: 156.0km
2025-10-23 05:49:19,670 - WARNING -    Validez restricciones - Vecino: False, Actual: False
2025-10-23 05:49:19,670 - WARNING - ================================================================================
2025-10-23 05:49:19,670 - WARNING - ⚠️  SALTO ANORMAL DETECTADO en iteración 93671
2025-10-23 05:49:19,670 - WARNING -    Fitness: 124.8 → 100.3 (Δ=-24.5)
2025-10-23 05:49:19,670 - WARNING -    Ver detalles en archivo de log
2025-10-23 05:49:21,203 - WARNING - ================================================================================
2025-10-23 05:49:21,203 - WARNING - ⚠️  SALTO ANORMAL DETECTADO en iteración 93681
2025-10-23 05:49:21,203 - WARNING -    Fitness actual: 124.5
2025-10-23 05:49:21,203 - WARNING -    Fitness vecino: 100.3
2025-10-23 05:49:21,204 - WARNING -    Delta: -24.2
2025-10-23 05:49:21,204 - WARNING -    Temperatura: 0.25
2025-10-23 05:49:21,204 - WARNING -    Tipo perturbación aplicada: (ver generar_vecino)
2025-10-23 05:49:21,204 - WARNING -    Vecino - Puntos: 14123, Tiempo: 14054.0min, Distancia: 231.3km
2025-10-23 05:49:21,204 - WARNING -    Actual - Puntos: 14230, Tiempo: 13207.3min, Distancia: 155.8km
2025-10-23 05:49:21,204 - WARNING -    Validez restricciones - Vecino: False, Actual: False
2025-10-23 05:49:21,204 - WARNING - ================================================================================
2025-10-23 05:49:21,205 - WARNING - ⚠️  SALTO ANORMAL DETECTADO en iteración 93681
2025-10-23 05:49:21,205 - WARNING -    Fitness: 124.5 → 100.3 (Δ=-24.2)
2025-10-23 05:49:21,205 - WARNING -    Ver detalles en archivo de log
2025-10-23 05:49:21,362 - WARNING - ================================================================================
2025-10-23 05:49:21,362 - WARNING - ⚠️  SALTO ANORMAL DETECTADO en iteración 93682
2025-10-23 05:49:21,362 - WARNING -    Fitness actual: 124.5
2025-10-23 05:49:21,363 - WARNING -    Fitness vecino: 99.8
2025-10-23 05:49:21,363 - WARNING -    Delta: -24.7
2025-10-23 05:49:21,363 - WARNING -    Temperatura: 0.25
2025-10-23 05:49:21,363 - WARNING -    Tipo perturbación aplicada: (ver generar_vecino)
2025-10-23 05:49:21,363 - WARNING -    Vecino - Puntos: 14123, Tiempo: 14047.5min, Distancia: 230.8km
2025-10-23 05:49:21,363 - WARNING -    Actual - Puntos: 14230, Tiempo: 13207.3min, Distancia: 155.8km
2025-10-23 05:49:21,363 - WARNING -    Validez restricciones - Vecino: False, Actual: False
2025-10-23 05:49:21,363 - WARNING - ================================================================================
2025-10-23 05:49:21,363 - WARNING - ⚠️  SALTO ANORMAL DETECTADO en iteración 93682
2025-10-23 05:49:21,364 - WARNING -    Fitness: 124.5 → 99.8 (Δ=-24.7)
2025-10-23 05:49:21,364 - WARNING -    Ver detalles en archivo de log
2025-10-23 05:49:21,674 - WARNING - ================================================================================
2025-10-23 05:49:21,675 - WARNING - ⚠️  SALTO ANORMAL DETECTADO en iteración 93684
2025-10-23 05:49:21,675 - WARNING -    Fitness actual: 124.5
2025-10-23 05:49:21,675 - WARNING -    Fitness vecino: 100.3
2025-10-23 05:49:21,675 - WARNING -    Delta: -24.2
2025-10-23 05:49:21,675 - WARNING -    Temperatura: 0.25
2025-10-23 05:49:21,675 - WARNING -    Tipo perturbación aplicada: (ver generar_vecino)
2025-10-23 05:49:21,675 - WARNING -    Vecino - Puntos: 14121, Tiempo: 13932.2min, Distancia: 223.7km
2025-10-23 05:49:21,676 - WARNING -    Actual - Puntos: 14230, Tiempo: 13214.7min, Distancia: 156.4km
2025-10-23 05:49:21,676 - WARNING -    Validez restricciones - Vecino: False, Actual: False
2025-10-23 05:49:21,676 - WARNING - ================================================================================
2025-10-23 05:49:21,677 - WARNING - ⚠️  SALTO ANORMAL DETECTADO en iteración 93684
2025-10-23 05:49:21,677 - WARNING -    Fitness: 124.5 → 100.3 (Δ=-24.2)
2025-10-23 05:49:21,677 - WARNING -    Ver detalles en archivo de log
2025-10-23 05:49:22,142 - WARNING - ================================================================================
2025-10-23 05:49:22,143 - WARNING - ⚠️  SALTO ANORMAL DETECTADO en iteración 93687
2025-10-23 05:49:22,143 - WARNING -    Fitness actual: 124.5
2025-10-23 05:49:22,143 - WARNING -    Fitness vecino: 98.8
2025-10-23 05:49:22,143 - WARNING -    Delta: -25.7
2025-10-23 05:49:22,143 - WARNING -    Temperatura: 0.25
2025-10-23 05:49:22,143 - WARNING -    Tipo perturbación aplicada: (ver generar_vecino)
2025-10-23 05:49:22,143 - WARNING -    Vecino - Puntos: 14123, Tiempo: 14054.0min, Distancia: 231.3km
2025-10-23 05:49:22,144 - WARNING -    Actual - Puntos: 14230, Tiempo: 13207.6min, Distancia: 155.8km
2025-10-23 05:49:22,144 - WARNING -    Validez restricciones - Vecino: False, Actual: False
2025-10-23 05:49:22,144 - WARNING - ================================================================================
2025-10-23 05:49:22,144 - WARNING - ⚠️  SALTO ANORMAL DETECTADO en iteración 93687
2025-10-23 05:49:22,144 - WARNING -    Fitness: 124.5 → 98.8 (Δ=-25.7)
2025-10-23 05:49:22,144 - WARNING -    Ver detalles en archivo de log
2025-10-23 05:49:22,459 - WARNING - ================================================================================
2025-10-23 05:49:22,459 - WARNING - ⚠️  SALTO ANORMAL DETECTADO en iteración 93689
2025-10-23 05:49:22,460 - WARNING -    Fitness actual: 124.5
2025-10-23 05:49:22,460 - WARNING -    Fitness vecino: 91.8
2025-10-23 05:49:22,460 - WARNING -    Delta: -32.7
2025-10-23 05:49:22,460 - WARNING -    Temperatura: 0.25
2025-10-23 05:49:22,460 - WARNING -    Tipo perturbación aplicada: (ver generar_vecino)
2025-10-23 05:49:22,460 - WARNING -    Vecino - Puntos: 14123, Tiempo: 14424.0min, Distancia: 231.7km
2025-10-23 05:49:22,460 - WARNING -    Actual - Puntos: 14230, Tiempo: 13207.6min, Distancia: 155.8km
2025-10-23 05:49:22,460 - WARNING -    Validez restricciones - Vecino: False, Actual: False
2025-10-23 05:49:22,460 - WARNING - ================================================================================
2025-10-23 05:49:22,460 - WARNING - ⚠️  SALTO ANORMAL DETECTADO en iteración 93689
2025-10-23 05:49:22,461 - WARNING -    Fitness: 124.5 → 91.8 (Δ=-32.7)
2025-10-23 05:49:22,461 - WARNING -    Ver detalles en archivo de log
2025-10-23 05:49:23,232 - WARNING - ================================================================================
2025-10-23 05:49:23,232 - WARNING - ⚠️  SALTO ANORMAL DETECTADO en iteración 93694
2025-10-23 05:49:23,232 - WARNING -    Fitness actual: 124.5
2025-10-23 05:49:23,232 - WARNING -    Fitness vecino: 93.1
2025-10-23 05:49:23,233 - WARNING -    Delta: -31.4
2025-10-23 05:49:23,233 - WARNING -    Temperatura: 0.25
2025-10-23 05:49:23,233 - WARNING -    Tipo perturbación aplicada: (ver generar_vecino)
2025-10-23 05:49:23,233 - WARNING -    Vecino - Puntos: 14130, Tiempo: 13947.2min, Distancia: 228.7km
2025-10-23 05:49:23,233 - WARNING -    Actual - Puntos: 14230, Tiempo: 13207.9min, Distancia: 155.8km
2025-10-23 05:49:23,233 - WARNING -    Validez restricciones - Vecino: False, Actual: False
2025-10-23 05:49:23,233 - WARNING - ================================================================================
2025-10-23 05:49:23,233 - WARNING - ⚠️  SALTO ANORMAL DETECTADO en iteración 93694
2025-10-23 05:49:23,234 - WARNING -    Fitness: 124.5 → 93.1 (Δ=-31.4)
2025-10-23 05:49:23,234 - WARNING -    Ver detalles en archivo de log
2025-10-23 05:49:23,548 - WARNING - ================================================================================
2025-10-23 05:49:23,549 - WARNING - ⚠️  SALTO ANORMAL DETECTADO en iteración 93696
2025-10-23 05:49:23,549 - WARNING -    Fitness actual: 124.5
2025-10-23 05:49:23,549 - WARNING -    Fitness vecino: 97.8
2025-10-23 05:49:23,549 - WARNING -    Delta: -26.7
2025-10-23 05:49:23,549 - WARNING -    Temperatura: 0.25
2025-10-23 05:49:23,550 - WARNING -    Tipo perturbación aplicada: (ver generar_vecino)
2025-10-23 05:49:23,550 - WARNING -    Vecino - Puntos: 13822, Tiempo: 14114.7min, Distancia: 242.2km
2025-10-23 05:49:23,550 - WARNING -    Actual - Puntos: 14230, Tiempo: 13207.9min, Distancia: 155.8km
2025-10-23 05:49:23,552 - WARNING -    Validez restricciones - Vecino: False, Actual: False
2025-10-23 05:49:23,552 - WARNING - ================================================================================
2025-10-23 05:49:23,552 - WARNING - ⚠️  SALTO ANORMAL DETECTADO en iteración 93696
2025-10-23 05:49:23,552 - WARNING -    Fitness: 124.5 → 97.8 (Δ=-26.7)
2025-10-23 05:49:23,552 - WARNING -    Ver detalles en archivo de log
2025-10-23 05:49:24,015 - WARNING - ================================================================================
2025-10-23 05:49:24,015 - WARNING - ⚠️  SALTO ANORMAL DETECTADO en iteración 93699
2025-10-23 05:49:24,015 - WARNING -    Fitness actual: 124.4
2025-10-23 05:49:24,015 - WARNING -    Fitness vecino: 101.3
2025-10-23 05:49:24,016 - WARNING -    Delta: -23.1
2025-10-23 05:49:24,016 - WARNING -    Temperatura: 0.25
2025-10-23 05:49:24,016 - WARNING -    Tipo perturbación aplicada: (ver generar_vecino)
2025-10-23 05:49:24,016 - WARNING -    Vecino - Puntos: 14115, Tiempo: 14138.4min, Distancia: 232.1km
2025-10-23 05:49:24,016 - WARNING -    Actual - Puntos: 14215, Tiempo: 13195.1min, Distancia: 156.0km
2025-10-23 05:49:24,016 - WARNING -    Validez restricciones - Vecino: False, Actual: False
2025-10-23 05:49:24,017 - WARNING - ================================================================================
2025-10-23 05:49:24,017 - WARNING - ⚠️  SALTO ANORMAL DETECTADO en iteración 93699
2025-10-23 05:49:24,017 - WARNING -    Fitness: 124.4 → 101.3 (Δ=-23.1)
2025-10-23 05:49:24,017 - WARNING -    Ver detalles en archivo de log
2025-10-23 05:49:24,170 - DEBUG - Iter 93700: T=0.25, Fitness_actual=124.4, Mejor=127.9
2025-10-23 05:49:24,327 - WARNING - ================================================================================
2025-10-23 05:49:24,327 - WARNING - ⚠️  SALTO ANORMAL DETECTADO en iteración 93701
2025-10-23 05:49:24,327 - WARNING -    Fitness actual: 124.4
2025-10-23 05:49:24,327 - WARNING -    Fitness vecino: 102.2
2025-10-23 05:49:24,327 - WARNING -    Delta: -22.1
2025-10-23 05:49:24,328 - WARNING -    Temperatura: 0.25
2025-10-23 05:49:24,328 - WARNING -    Tipo perturbación aplicada: (ver generar_vecino)
2025-10-23 05:49:24,328 - WARNING -    Vecino - Puntos: 14119, Tiempo: 14204.1min, Distancia: 235.1km
2025-10-23 05:49:24,328 - WARNING -    Actual - Puntos: 14215, Tiempo: 13195.1min, Distancia: 156.0km
2025-10-23 05:49:24,328 - WARNING -    Validez restricciones - Vecino: False, Actual: False
2025-10-23 05:49:24,328 - WARNING - ================================================================================
2025-10-23 05:49:24,328 - WARNING - ⚠️  SALTO ANORMAL DETECTADO en iteración 93701
2025-10-23 05:49:24,328 - WARNING -    Fitness: 124.4 → 102.2 (Δ=-22.1)
2025-10-23 05:49:24,328 - WARNING -    Ver detalles en archivo de log
2025-10-23 05:49:24,486 - WARNING - ================================================================================
2025-10-23 05:49:24,487 - WARNING - ⚠️  SALTO ANORMAL DETECTADO en iteración 93702
2025-10-23 05:49:24,487 - WARNING -    Fitness actual: 124.4
2025-10-23 05:49:24,487 - WARNING -    Fitness vecino: 93.8
2025-10-23 05:49:24,487 - WARNING -    Delta: -30.6
2025-10-23 05:49:24,487 - WARNING -    Temperatura: 0.25
2025-10-23 05:49:24,488 - WARNING -    Tipo perturbación aplicada: (ver generar_vecino)
2025-10-23 05:49:24,488 - WARNING -    Vecino - Puntos: 14114, Tiempo: 14148.0min, Distancia: 229.8km
2025-10-23 05:49:24,488 - WARNING -    Actual - Puntos: 14215, Tiempo: 13195.1min, Distancia: 156.0km
2025-10-23 05:49:24,488 - WARNING -    Validez restricciones - Vecino: False, Actual: False
2025-10-23 05:49:24,488 - WARNING - ================================================================================
2025-10-23 05:49:24,489 - WARNING - ⚠️  SALTO ANORMAL DETECTADO en iteración 93702
2025-10-23 05:49:24,489 - WARNING -    Fitness: 124.4 → 93.8 (Δ=-30.6)
2025-10-23 05:49:24,489 - WARNING -    Ver detalles en archivo de log
2025-10-23 05:49:24,955 - WARNING - ================================================================================
2025-10-23 05:49:24,955 - WARNING - ⚠️  SALTO ANORMAL DETECTADO en iteración 93705
2025-10-23 05:49:24,956 - WARNING -    Fitness actual: 124.4
2025-10-23 05:49:24,956 - WARNING -    Fitness vecino: 100.2
2025-10-23 05:49:24,956 - WARNING -    Delta: -24.1
2025-10-23 05:49:24,956 - WARNING -    Temperatura: 0.25
2025-10-23 05:49:24,956 - WARNING -    Tipo perturbación aplicada: (ver generar_vecino)
2025-10-23 05:49:24,956 - WARNING -    Vecino - Puntos: 14115, Tiempo: 14158.2min, Distancia: 233.8km
2025-10-23 05:49:24,956 - WARNING -    Actual - Puntos: 14215, Tiempo: 13189.4min, Distancia: 155.5km
2025-10-23 05:49:24,957 - WARNING -    Validez restricciones - Vecino: False, Actual: False
2025-10-23 05:49:24,957 - WARNING - ================================================================================
2025-10-23 05:49:24,957 - WARNING - ⚠️  SALTO ANORMAL DETECTADO en iteración 93705
2025-10-23 05:49:24,957 - WARNING -    Fitness: 124.4 → 100.2 (Δ=-24.1)
2025-10-23 05:49:24,957 - WARNING -    Ver detalles en archivo de log
2025-10-23 05:49:25,115 - WARNING - ================================================================================
2025-10-23 05:49:25,116 - WARNING - ⚠️  SALTO ANORMAL DETECTADO en iteración 93706
2025-10-23 05:49:25,116 - WARNING -    Fitness actual: 124.4
2025-10-23 05:49:25,116 - WARNING -    Fitness vecino: 101.2
2025-10-23 05:49:25,116 - WARNING -    Delta: -23.1
2025-10-23 05:49:25,116 - WARNING -    Temperatura: 0.25
2025-10-23 05:49:25,117 - WARNING -    Tipo perturbación aplicada: (ver generar_vecino)
2025-10-23 05:49:25,117 - WARNING -    Vecino - Puntos: 14115, Tiempo: 14164.2min, Distancia: 234.3km
2025-10-23 05:49:25,117 - WARNING -    Actual - Puntos: 14215, Tiempo: 13189.4min, Distancia: 155.5km
2025-10-23 05:49:25,117 - WARNING -    Validez restricciones - Vecino: False, Actual: False
2025-10-23 05:49:25,117 - WARNING - ================================================================================
2025-10-23 05:49:25,117 - WARNING - ⚠️  SALTO ANORMAL DETECTADO en iteración 93706
2025-10-23 05:49:25,117 - WARNING -    Fitness: 124.4 → 101.2 (Δ=-23.1)
2025-10-23 05:49:25,118 - WARNING -    Ver detalles en archivo de log
2025-10-23 05:49:25,893 - WARNING - ================================================================================
2025-10-23 05:49:25,893 - WARNING - ⚠️  SALTO ANORMAL DETECTADO en iteración 93711
2025-10-23 05:49:25,893 - WARNING -    Fitness actual: 124.5
2025-10-23 05:49:25,893 - WARNING -    Fitness vecino: 101.3
2025-10-23 05:49:25,893 - WARNING -    Delta: -23.1
2025-10-23 05:49:25,894 - WARNING -    Temperatura: 0.25
2025-10-23 05:49:25,894 - WARNING -    Tipo perturbación aplicada: (ver generar_vecino)
2025-10-23 05:49:25,894 - WARNING -    Vecino - Puntos: 14116, Tiempo: 14062.3min, Distancia: 207.0km
2025-10-23 05:49:25,894 - WARNING -    Actual - Puntos: 14216, Tiempo: 13075.5min, Distancia: 129.8km
2025-10-23 05:49:25,894 - WARNING -    Validez restricciones - Vecino: False, Actual: False
2025-10-23 05:49:25,894 - WARNING - ================================================================================
2025-10-23 05:49:25,894 - WARNING - ⚠️  SALTO ANORMAL DETECTADO en iteración 93711
2025-10-23 05:49:25,894 - WARNING -    Fitness: 124.5 → 101.3 (Δ=-23.1)
2025-10-23 05:49:25,894 - WARNING -    Ver detalles en archivo de log
2025-10-23 05:49:26,971 - WARNING - ================================================================================
2025-10-23 05:49:26,971 - WARNING - ⚠️  SALTO ANORMAL DETECTADO en iteración 93718
2025-10-23 05:49:26,971 - WARNING -    Fitness actual: 124.5
2025-10-23 05:49:26,972 - WARNING -    Fitness vecino: 100.3
2025-10-23 05:49:26,972 - WARNING -    Delta: -24.1
2025-10-23 05:49:26,972 - WARNING -    Temperatura: 0.25
2025-10-23 05:49:26,972 - WARNING -    Tipo perturbación aplicada: (ver generar_vecino)
2025-10-23 05:49:26,972 - WARNING -    Vecino - Puntos: 14118, Tiempo: 13834.7min, Distancia: 210.6km
2025-10-23 05:49:26,972 - WARNING -    Actual - Puntos: 14219, Tiempo: 13058.3min, Distancia: 130.9km
2025-10-23 05:49:26,972 - WARNING -    Validez restricciones - Vecino: False, Actual: False
2025-10-23 05:49:26,972 - WARNING - ================================================================================
2025-10-23 05:49:26,973 - WARNING - ⚠️  SALTO ANORMAL DETECTADO en iteración 93718
2025-10-23 05:49:26,973 - WARNING -    Fitness: 124.5 → 100.3 (Δ=-24.1)
2025-10-23 05:49:26,973 - WARNING -    Ver detalles en archivo de log
2025-10-23 05:49:27,588 - WARNING - ================================================================================
2025-10-23 05:49:27,588 - WARNING - ⚠️  SALTO ANORMAL DETECTADO en iteración 93722
2025-10-23 05:49:27,589 - WARNING -    Fitness actual: 124.5
2025-10-23 05:49:27,589 - WARNING -    Fitness vecino: 97.3
2025-10-23 05:49:27,589 - WARNING -    Delta: -27.1
2025-10-23 05:49:27,589 - WARNING -    Temperatura: 0.25
2025-10-23 05:49:27,589 - WARNING -    Tipo perturbación aplicada: (ver generar_vecino)
2025-10-23 05:49:27,589 - WARNING -    Vecino - Puntos: 14118, Tiempo: 13847.2min, Distancia: 211.6km
2025-10-23 05:49:27,589 - WARNING -    Actual - Puntos: 14219, Tiempo: 13070.8min, Distancia: 131.9km
2025-10-23 05:49:27,589 - WARNING -    Validez restricciones - Vecino: False, Actual: False
2025-10-23 05:49:27,590 - WARNING - ================================================================================
2025-10-23 05:49:27,590 - WARNING - ⚠️  SALTO ANORMAL DETECTADO en iteración 93722
2025-10-23 05:49:27,590 - WARNING -    Fitness: 124.5 → 97.3 (Δ=-27.1)
2025-10-23 05:49:27,590 - WARNING -    Ver detalles en archivo de log
2025-10-23 05:49:28,665 - WARNING - ================================================================================
2025-10-23 05:49:28,666 - WARNING - ⚠️  SALTO ANORMAL DETECTADO en iteración 93729
2025-10-23 05:49:28,666 - WARNING -    Fitness actual: 124.5
2025-10-23 05:49:28,666 - WARNING -    Fitness vecino: 99.4
2025-10-23 05:49:28,666 - WARNING -    Delta: -25.2
2025-10-23 05:49:28,666 - WARNING -    Temperatura: 0.25
2025-10-23 05:49:28,666 - WARNING -    Tipo perturbación aplicada: (ver generar_vecino)
2025-10-23 05:49:28,667 - WARNING -    Vecino - Puntos: 14120, Tiempo: 13667.5min, Distancia: 212.9km
2025-10-23 05:49:28,667 - WARNING -    Actual - Puntos: 14221, Tiempo: 13048.0min, Distancia: 131.3km
2025-10-23 05:49:28,667 - WARNING -    Validez restricciones - Vecino: False, Actual: False
2025-10-23 05:49:28,667 - WARNING - ================================================================================
2025-10-23 05:49:28,667 - WARNING - ⚠️  SALTO ANORMAL DETECTADO en iteración 93729
2025-10-23 05:49:28,667 - WARNING -    Fitness: 124.5 → 99.4 (Δ=-25.2)
2025-10-23 05:49:28,667 - WARNING -    Ver detalles en archivo de log
2025-10-23 05:49:28,981 - WARNING - ================================================================================
2025-10-23 05:49:28,981 - WARNING - ⚠️  SALTO ANORMAL DETECTADO en iteración 93731
2025-10-23 05:49:28,981 - WARNING -    Fitness actual: 124.5
2025-10-23 05:49:28,981 - WARNING -    Fitness vecino: 101.4
2025-10-23 05:49:28,981 - WARNING -    Delta: -23.1
2025-10-23 05:49:28,981 - WARNING -    Temperatura: 0.25
2025-10-23 05:49:28,981 - WARNING -    Tipo perturbación aplicada: (ver generar_vecino)
2025-10-23 05:49:28,981 - WARNING -    Vecino - Puntos: 14125, Tiempo: 14124.7min, Distancia: 213.1km
2025-10-23 05:49:28,982 - WARNING -    Actual - Puntos: 14221, Tiempo: 13054.1min, Distancia: 131.3km
2025-10-23 05:49:28,982 - WARNING -    Validez restricciones - Vecino: False, Actual: False
2025-10-23 05:49:28,982 - WARNING - ================================================================================
2025-10-23 05:49:28,982 - WARNING - ⚠️  SALTO ANORMAL DETECTADO en iteración 93731
2025-10-23 05:49:28,982 - WARNING -    Fitness: 124.5 → 101.4 (Δ=-23.1)
2025-10-23 05:49:28,982 - WARNING -    Ver detalles en archivo de log
2025-10-23 05:49:39,604 - DEBUG - Iter 93800: T=0.25, Fitness_actual=124.6, Mejor=127.9
2025-10-23 05:49:54,997 - DEBUG - Iter 93900: T=0.25, Fitness_actual=124.5, Mejor=127.9
2025-10-23 05:50:10,409 - INFO -   Iter 94000 | Tiempo:  145.4min (60.6%) | T =     0.25 | Fitness =    124.1 | Mejor =    127.9 | Aceptación =  63.5%
2025-10-23 05:50:10,409 - INFO - Progreso iter 94000: T=0.25, Fitness=124.1, Mejor=127.9, Tasa_acept=63.5%
2025-10-23 05:50:10,410 - DEBUG - Iter 94000: T=0.25, Fitness_actual=124.1, Mejor=127.9
2025-10-23 05:50:17,353 - WARNING - ================================================================================
2025-10-23 05:50:17,353 - WARNING - ⚠️  SALTO ANORMAL DETECTADO en iteración 94045
2025-10-23 05:50:17,354 - WARNING -    Fitness actual: 124.3
2025-10-23 05:50:17,354 - WARNING -    Fitness vecino: 94.6
2025-10-23 05:50:17,354 - WARNING -    Delta: -29.7
2025-10-23 05:50:17,354 - WARNING -    Temperatura: 0.25
2025-10-23 05:50:17,354 - WARNING -    Tipo perturbación aplicada: (ver generar_vecino)
2025-10-23 05:50:17,354 - WARNING -    Vecino - Puntos: 14236, Tiempo: 14453.2min, Distancia: 275.8km
2025-10-23 05:50:17,354 - WARNING -    Actual - Puntos: 14269, Tiempo: 12740.3min, Distancia: 129.8km
2025-10-23 05:50:17,354 - WARNING -    Validez restricciones - Vecino: False, Actual: False
2025-10-23 05:50:17,354 - WARNING - ================================================================================
2025-10-23 05:50:17,355 - WARNING - ⚠️  SALTO ANORMAL DETECTADO en iteración 94045
2025-10-23 05:50:17,355 - WARNING -    Fitness: 124.3 → 94.6 (Δ=-29.7)
2025-10-23 05:50:17,355 - WARNING -    Ver detalles en archivo de log
2025-10-23 05:50:25,824 - DEBUG - Iter 94100: T=0.25, Fitness_actual=124.3, Mejor=127.9
2025-10-23 05:50:27,847 - WARNING - ================================================================================
2025-10-23 05:50:27,848 - WARNING - ⚠️  SALTO ANORMAL DETECTADO en iteración 94113
2025-10-23 05:50:27,848 - WARNING -    Fitness actual: 124.2
2025-10-23 05:50:27,848 - WARNING -    Fitness vecino: 94.4
2025-10-23 05:50:27,848 - WARNING -    Delta: -29.8
2025-10-23 05:50:27,848 - WARNING -    Temperatura: 0.25
2025-10-23 05:50:27,848 - WARNING -    Tipo perturbación aplicada: (ver generar_vecino)
2025-10-23 05:50:27,848 - WARNING -    Vecino - Puntos: 14256, Tiempo: 14184.8min, Distancia: 251.0km
2025-10-23 05:50:27,848 - WARNING -    Actual - Puntos: 14257, Tiempo: 12743.8min, Distancia: 127.2km
2025-10-23 05:50:27,849 - WARNING -    Validez restricciones - Vecino: False, Actual: False
2025-10-23 05:50:27,849 - WARNING - ================================================================================
2025-10-23 05:50:27,849 - WARNING - ⚠️  SALTO ANORMAL DETECTADO en iteración 94113
2025-10-23 05:50:27,849 - WARNING -    Fitness: 124.2 → 94.4 (Δ=-29.8)
2025-10-23 05:50:27,849 - WARNING -    Ver detalles en archivo de log
2025-10-23 05:50:41,279 - DEBUG - Iter 94200: T=0.25, Fitness_actual=124.3, Mejor=127.9
2025-10-23 05:50:56,736 - DEBUG - Iter 94300: T=0.24, Fitness_actual=123.0, Mejor=127.9
2025-10-23 05:51:12,311 - DEBUG - Iter 94400: T=0.24, Fitness_actual=123.5, Mejor=127.9
2025-10-23 05:51:27,757 - INFO -   Iter 94500 | Tiempo:  146.7min (61.1%) | T =     0.24 | Fitness =    123.9 | Mejor =    127.9 | Aceptación =  63.5%
2025-10-23 05:51:27,757 - INFO - Progreso iter 94500: T=0.24, Fitness=123.9, Mejor=127.9, Tasa_acept=63.5%
2025-10-23 05:51:27,758 - DEBUG - Iter 94500: T=0.24, Fitness_actual=123.9, Mejor=127.9
2025-10-23 05:51:43,291 - DEBUG - Iter 94600: T=0.24, Fitness_actual=123.3, Mejor=127.9
2025-10-23 05:51:58,795 - DEBUG - Iter 94700: T=0.24, Fitness_actual=124.3, Mejor=127.9
2025-10-23 05:52:14,381 - DEBUG - Iter 94800: T=0.24, Fitness_actual=122.4, Mejor=127.9
2025-10-23 05:52:29,890 - DEBUG - Iter 94900: T=0.24, Fitness_actual=122.2, Mejor=127.9
2025-10-23 05:52:45,470 - INFO -   Iter 95000 | Tiempo:  148.0min (61.7%) | T =     0.24 | Fitness =    122.4 | Mejor =    127.9 | Aceptación =  63.4%
2025-10-23 05:52:45,470 - INFO - Progreso iter 95000: T=0.24, Fitness=122.4, Mejor=127.9, Tasa_acept=63.4%
2025-10-23 05:52:45,475 - DEBUG - Iter 95000: T=0.24, Fitness_actual=122.4, Mejor=127.9
2025-10-23 05:53:01,061 - DEBUG - Iter 95100: T=0.24, Fitness_actual=122.6, Mejor=127.9
2025-10-23 05:53:03,233 - WARNING - ================================================================================
2025-10-23 05:53:03,233 - WARNING - ⚠️  SALTO ANORMAL DETECTADO en iteración 95114
2025-10-23 05:53:03,233 - WARNING -    Fitness actual: 123.4
2025-10-23 05:53:03,233 - WARNING -    Fitness vecino: 100.7
2025-10-23 05:53:03,233 - WARNING -    Delta: -22.7
2025-10-23 05:53:03,233 - WARNING -    Temperatura: 0.24
2025-10-23 05:53:03,233 - WARNING -    Tipo perturbación aplicada: (ver generar_vecino)
2025-10-23 05:53:03,234 - WARNING -    Vecino - Puntos: 13405, Tiempo: 12152.3min, Distancia: 109.4km
2025-10-23 05:53:03,234 - WARNING -    Actual - Puntos: 14182, Tiempo: 13199.9min, Distancia: 134.3km
2025-10-23 05:53:03,234 - WARNING -    Validez restricciones - Vecino: False, Actual: False
2025-10-23 05:53:03,234 - WARNING - ================================================================================
2025-10-23 05:53:03,234 - WARNING - ⚠️  SALTO ANORMAL DETECTADO en iteración 95114
2025-10-23 05:53:03,234 - WARNING -    Fitness: 123.4 → 100.7 (Δ=-22.7)
2025-10-23 05:53:03,234 - WARNING -    Ver detalles en archivo de log
2025-10-23 05:53:15,868 - WARNING - ================================================================================
2025-10-23 05:53:15,868 - WARNING - ⚠️  SALTO ANORMAL DETECTADO en iteración 95195
2025-10-23 05:53:15,868 - WARNING -    Fitness actual: 124.2
2025-10-23 05:53:15,868 - WARNING -    Fitness vecino: 101.3
2025-10-23 05:53:15,868 - WARNING -    Delta: -22.9
2025-10-23 05:53:15,868 - WARNING -    Temperatura: 0.24
2025-10-23 05:53:15,868 - WARNING -    Tipo perturbación aplicada: (ver generar_vecino)
2025-10-23 05:53:15,869 - WARNING -    Vecino - Puntos: 14117, Tiempo: 12961.0min, Distancia: 116.1km
2025-10-23 05:53:15,869 - WARNING -    Actual - Puntos: 14163, Tiempo: 13132.0min, Distancia: 131.6km
2025-10-23 05:53:15,869 - WARNING -    Validez restricciones - Vecino: False, Actual: False
2025-10-23 05:53:15,869 - WARNING - ================================================================================
2025-10-23 05:53:15,869 - WARNING - ⚠️  SALTO ANORMAL DETECTADO en iteración 95195
2025-10-23 05:53:15,869 - WARNING -    Fitness: 124.2 → 101.3 (Δ=-22.9)
2025-10-23 05:53:15,869 - WARNING -    Ver detalles en archivo de log
2025-10-23 05:53:16,657 - DEBUG - Iter 95200: T=0.24, Fitness_actual=124.2, Mejor=127.9
2025-10-23 05:53:24,799 - WARNING - ================================================================================
2025-10-23 05:53:24,799 - WARNING - ⚠️  SALTO ANORMAL DETECTADO en iteración 95252
2025-10-23 05:53:24,799 - WARNING -    Fitness actual: 124.4
2025-10-23 05:53:24,799 - WARNING -    Fitness vecino: 104.1
2025-10-23 05:53:24,799 - WARNING -    Delta: -20.3
2025-10-23 05:53:24,799 - WARNING -    Temperatura: 0.24
2025-10-23 05:53:24,799 - WARNING -    Tipo perturbación aplicada: (ver generar_vecino)
2025-10-23 05:53:24,800 - WARNING -    Vecino - Puntos: 14134, Tiempo: 13144.8min, Distancia: 130.4km
2025-10-23 05:53:24,800 - WARNING -    Actual - Puntos: 14175, Tiempo: 13188.8min, Distancia: 132.6km
2025-10-23 05:53:24,800 - WARNING -    Validez restricciones - Vecino: False, Actual: False
2025-10-23 05:53:24,800 - WARNING - ================================================================================
2025-10-23 05:53:24,800 - WARNING - ⚠️  SALTO ANORMAL DETECTADO en iteración 95252
2025-10-23 05:53:24,800 - WARNING -    Fitness: 124.4 → 104.1 (Δ=-20.3)
2025-10-23 05:53:24,800 - WARNING -    Ver detalles en archivo de log
2025-10-23 05:53:32,335 - DEBUG - Iter 95300: T=0.24, Fitness_actual=124.2, Mejor=127.9
2025-10-23 05:53:48,043 - DEBUG - Iter 95400: T=0.24, Fitness_actual=124.3, Mejor=127.9
2025-10-23 05:54:03,785 - INFO -   Iter 95500 | Tiempo:  149.3min (62.2%) | T =     0.24 | Fitness =    125.2 | Mejor =    127.9 | Aceptación =  63.4%
2025-10-23 05:54:03,785 - INFO - Progreso iter 95500: T=0.24, Fitness=125.2, Mejor=127.9, Tasa_acept=63.4%
2025-10-23 05:54:03,786 - DEBUG - Iter 95500: T=0.24, Fitness_actual=125.2, Mejor=127.9
2025-10-23 05:54:19,508 - DEBUG - Iter 95600: T=0.24, Fitness_actual=124.9, Mejor=127.9
2025-10-23 05:54:35,247 - DEBUG - Iter 95700: T=0.24, Fitness_actual=124.7, Mejor=127.9
2025-10-23 05:54:50,977 - DEBUG - Iter 95800: T=0.24, Fitness_actual=125.2, Mejor=127.9
2025-10-23 05:54:53,342 - WARNING - ================================================================================
2025-10-23 05:54:53,342 - WARNING - ⚠️  SALTO ANORMAL DETECTADO en iteración 95815
2025-10-23 05:54:53,343 - WARNING -    Fitness actual: 125.2
2025-10-23 05:54:53,343 - WARNING -    Fitness vecino: 105.1
2025-10-23 05:54:53,343 - WARNING -    Delta: -20.1
2025-10-23 05:54:53,343 - WARNING -    Temperatura: 0.24
2025-10-23 05:54:53,343 - WARNING -    Tipo perturbación aplicada: (ver generar_vecino)
2025-10-23 05:54:53,344 - WARNING -    Vecino - Puntos: 14145, Tiempo: 13086.7min, Distancia: 106.1km
2025-10-23 05:54:53,344 - WARNING -    Actual - Puntos: 14155, Tiempo: 12924.4min, Distancia: 111.4km
2025-10-23 05:54:53,344 - WARNING -    Validez restricciones - Vecino: False, Actual: False
2025-10-23 05:54:53,344 - WARNING - ================================================================================
2025-10-23 05:54:53,344 - WARNING - ⚠️  SALTO ANORMAL DETECTADO en iteración 95815
2025-10-23 05:54:53,344 - WARNING -    Fitness: 125.2 → 105.1 (Δ=-20.1)
2025-10-23 05:54:53,345 - WARNING -    Ver detalles en archivo de log
2025-10-23 05:55:06,767 - DEBUG - Iter 95900: T=0.24, Fitness_actual=123.6, Mejor=127.9
2025-10-23 05:55:22,591 - INFO -   Iter 96000 | Tiempo:  150.6min (62.7%) | T =     0.24 | Fitness =    124.9 | Mejor =    127.9 | Aceptación =  63.3%
2025-10-23 05:55:22,591 - INFO - Progreso iter 96000: T=0.24, Fitness=124.9, Mejor=127.9, Tasa_acept=63.3%
2025-10-23 05:55:22,592 - DEBUG - Iter 96000: T=0.24, Fitness_actual=124.9, Mejor=127.9
2025-10-23 05:55:38,436 - DEBUG - Iter 96100: T=0.24, Fitness_actual=124.8, Mejor=127.9
2025-10-23 05:55:54,271 - DEBUG - Iter 96200: T=0.24, Fitness_actual=124.8, Mejor=127.9
2025-10-23 05:56:10,171 - DEBUG - Iter 96300: T=0.24, Fitness_actual=125.4, Mejor=127.9
2025-10-23 05:56:26,320 - DEBUG - Iter 96400: T=0.24, Fitness_actual=126.5, Mejor=127.9
2025-10-23 05:56:42,263 - INFO -   Iter 96500 | Tiempo:  151.9min (63.3%) | T =     0.23 | Fitness =    126.5 | Mejor =    127.9 | Aceptación =  63.3%
2025-10-23 05:56:42,263 - INFO - Progreso iter 96500: T=0.23, Fitness=126.5, Mejor=127.9, Tasa_acept=63.3%
2025-10-23 05:56:42,264 - DEBUG - Iter 96500: T=0.23, Fitness_actual=126.5, Mejor=127.9
2025-10-23 05:56:52,731 - WARNING - ================================================================================
2025-10-23 05:56:52,732 - WARNING - ⚠️  SALTO ANORMAL DETECTADO en iteración 96566
2025-10-23 05:56:52,732 - WARNING -    Fitness actual: 126.5
2025-10-23 05:56:52,732 - WARNING -    Fitness vecino: 104.1
2025-10-23 05:56:52,732 - WARNING -    Delta: -22.4
2025-10-23 05:56:52,732 - WARNING -    Temperatura: 0.23
2025-10-23 05:56:52,732 - WARNING -    Tipo perturbación aplicada: (ver generar_vecino)
2025-10-23 05:56:52,732 - WARNING -    Vecino - Puntos: 14163, Tiempo: 13879.3min, Distancia: 189.9km
2025-10-23 05:56:52,733 - WARNING -    Actual - Puntos: 14187, Tiempo: 13137.7min, Distancia: 121.1km
2025-10-23 05:56:52,733 - WARNING -    Validez restricciones - Vecino: False, Actual: False
2025-10-23 05:56:52,733 - WARNING - ================================================================================
2025-10-23 05:56:52,733 - WARNING - ⚠️  SALTO ANORMAL DETECTADO en iteración 96566
2025-10-23 05:56:52,733 - WARNING -    Fitness: 126.5 → 104.1 (Δ=-22.4)
2025-10-23 05:56:52,733 - WARNING -    Ver detalles en archivo de log
2025-10-23 05:56:53,842 - WARNING - ================================================================================
2025-10-23 05:56:53,842 - WARNING - ⚠️  SALTO ANORMAL DETECTADO en iteración 96573
2025-10-23 05:56:53,842 - WARNING -    Fitness actual: 126.5
2025-10-23 05:56:53,842 - WARNING -    Fitness vecino: 105.7
2025-10-23 05:56:53,843 - WARNING -    Delta: -20.8
2025-10-23 05:56:53,843 - WARNING -    Temperatura: 0.23
2025-10-23 05:56:53,843 - WARNING -    Tipo perturbación aplicada: (ver generar_vecino)
2025-10-23 05:56:53,843 - WARNING -    Vecino - Puntos: 14182, Tiempo: 13209.2min, Distancia: 119.1km
2025-10-23 05:56:53,843 - WARNING -    Actual - Puntos: 14183, Tiempo: 13229.4min, Distancia: 126.2km
2025-10-23 05:56:53,843 - WARNING -    Validez restricciones - Vecino: False, Actual: False
2025-10-23 05:56:53,843 - WARNING - ================================================================================
2025-10-23 05:56:53,843 - WARNING - ⚠️  SALTO ANORMAL DETECTADO en iteración 96573
2025-10-23 05:56:53,844 - WARNING -    Fitness: 126.5 → 105.7 (Δ=-20.8)
2025-10-23 05:56:53,844 - WARNING -    Ver detalles en archivo de log
2025-10-23 05:56:58,144 - DEBUG - Iter 96600: T=0.23, Fitness_actual=126.5, Mejor=127.9
2025-10-23 05:57:02,280 - WARNING - ================================================================================
2025-10-23 05:57:02,280 - WARNING - ⚠️  SALTO ANORMAL DETECTADO en iteración 96626
2025-10-23 05:57:02,281 - WARNING -    Fitness actual: 126.5
2025-10-23 05:57:02,281 - WARNING -    Fitness vecino: 106.4
2025-10-23 05:57:02,281 - WARNING -    Delta: -20.1
2025-10-23 05:57:02,281 - WARNING -    Temperatura: 0.23
2025-10-23 05:57:02,281 - WARNING -    Tipo perturbación aplicada: (ver generar_vecino)
2025-10-23 05:57:02,281 - WARNING -    Vecino - Puntos: 14187, Tiempo: 13483.7min, Distancia: 128.6km
2025-10-23 05:57:02,281 - WARNING -    Actual - Puntos: 14188, Tiempo: 13187.0min, Distancia: 131.0km
2025-10-23 05:57:02,282 - WARNING -    Validez restricciones - Vecino: False, Actual: False
2025-10-23 05:57:02,282 - WARNING - ================================================================================
2025-10-23 05:57:02,282 - WARNING - ⚠️  SALTO ANORMAL DETECTADO en iteración 96626
2025-10-23 05:57:02,282 - WARNING -    Fitness: 126.5 → 106.4 (Δ=-20.1)
2025-10-23 05:57:02,282 - WARNING -    Ver detalles en archivo de log
2025-10-23 05:57:14,148 - DEBUG - Iter 96700: T=0.23, Fitness_actual=124.5, Mejor=127.9
2025-10-23 05:57:19,891 - WARNING - ================================================================================
2025-10-23 05:57:19,891 - WARNING - ⚠️  SALTO ANORMAL DETECTADO en iteración 96736
2025-10-23 05:57:19,891 - WARNING -    Fitness actual: 124.6
2025-10-23 05:57:19,891 - WARNING -    Fitness vecino: 85.5
2025-10-23 05:57:19,892 - WARNING -    Delta: -39.0
2025-10-23 05:57:19,892 - WARNING -    Temperatura: 0.23
2025-10-23 05:57:19,892 - WARNING -    Tipo perturbación aplicada: (ver generar_vecino)
2025-10-23 05:57:19,892 - WARNING -    Vecino - Puntos: 14168, Tiempo: 14996.5min, Distancia: 273.0km
2025-10-23 05:57:19,892 - WARNING -    Actual - Puntos: 14193, Tiempo: 13227.2min, Distancia: 124.4km
2025-10-23 05:57:19,893 - WARNING -    Validez restricciones - Vecino: False, Actual: False
2025-10-23 05:57:19,893 - WARNING - ================================================================================
2025-10-23 05:57:19,893 - WARNING - ⚠️  SALTO ANORMAL DETECTADO en iteración 96736
2025-10-23 05:57:19,893 - WARNING -    Fitness: 124.6 → 85.5 (Δ=-39.0)
2025-10-23 05:57:19,893 - WARNING -    Ver detalles en archivo de log
2025-10-23 05:57:30,078 - DEBUG - Iter 96800: T=0.23, Fitness_actual=124.7, Mejor=127.9
2025-10-23 05:57:40,588 - WARNING - ================================================================================
2025-10-23 05:57:40,588 - WARNING - ⚠️  SALTO ANORMAL DETECTADO en iteración 96866
2025-10-23 05:57:40,588 - WARNING -    Fitness actual: 124.6
2025-10-23 05:57:40,588 - WARNING -    Fitness vecino: 102.6
2025-10-23 05:57:40,588 - WARNING -    Delta: -22.0
2025-10-23 05:57:40,589 - WARNING -    Temperatura: 0.23
2025-10-23 05:57:40,589 - WARNING -    Tipo perturbación aplicada: (ver generar_vecino)
2025-10-23 05:57:40,589 - WARNING -    Vecino - Puntos: 14145, Tiempo: 13829.7min, Distancia: 187.5km
2025-10-23 05:57:40,589 - WARNING -    Actual - Puntos: 14198, Tiempo: 13012.7min, Distancia: 116.9km
2025-10-23 05:57:40,589 - WARNING -    Validez restricciones - Vecino: False, Actual: False
2025-10-23 05:57:40,589 - WARNING - ================================================================================
2025-10-23 05:57:40,589 - WARNING - ⚠️  SALTO ANORMAL DETECTADO en iteración 96866
2025-10-23 05:57:40,590 - WARNING -    Fitness: 124.6 → 102.6 (Δ=-22.0)
2025-10-23 05:57:40,590 - WARNING -    Ver detalles en archivo de log
2025-10-23 05:57:41,698 - WARNING - ================================================================================
2025-10-23 05:57:41,698 - WARNING - ⚠️  SALTO ANORMAL DETECTADO en iteración 96873
2025-10-23 05:57:41,699 - WARNING -    Fitness actual: 124.6
2025-10-23 05:57:41,699 - WARNING -    Fitness vecino: 102.9
2025-10-23 05:57:41,699 - WARNING -    Delta: -21.7
2025-10-23 05:57:41,699 - WARNING -    Temperatura: 0.23
2025-10-23 05:57:41,699 - WARNING -    Tipo perturbación aplicada: (ver generar_vecino)
2025-10-23 05:57:41,699 - WARNING -    Vecino - Puntos: 14145, Tiempo: 13804.8min, Distancia: 185.4km
2025-10-23 05:57:41,699 - WARNING -    Actual - Puntos: 14198, Tiempo: 12971.6min, Distancia: 113.5km
2025-10-23 05:57:41,700 - WARNING -    Validez restricciones - Vecino: False, Actual: False
2025-10-23 05:57:41,700 - WARNING - ================================================================================
2025-10-23 05:57:41,700 - WARNING - ⚠️  SALTO ANORMAL DETECTADO en iteración 96873
2025-10-23 05:57:41,700 - WARNING -    Fitness: 124.6 → 102.9 (Δ=-21.7)
2025-10-23 05:57:41,700 - WARNING -    Ver detalles en archivo de log
2025-10-23 05:57:42,177 - WARNING - ================================================================================
2025-10-23 05:57:42,177 - WARNING - ⚠️  SALTO ANORMAL DETECTADO en iteración 96876
2025-10-23 05:57:42,177 - WARNING -    Fitness actual: 124.7
2025-10-23 05:57:42,177 - WARNING -    Fitness vecino: 96.9
2025-10-23 05:57:42,178 - WARNING -    Delta: -27.7
2025-10-23 05:57:42,178 - WARNING -    Temperatura: 0.23
2025-10-23 05:57:42,178 - WARNING -    Tipo perturbación aplicada: (ver generar_vecino)
2025-10-23 05:57:42,178 - WARNING -    Vecino - Puntos: 14148, Tiempo: 13964.0min, Distancia: 185.7km
2025-10-23 05:57:42,178 - WARNING -    Actual - Puntos: 14201, Tiempo: 13028.9min, Distancia: 115.7km
2025-10-23 05:57:42,178 - WARNING -    Validez restricciones - Vecino: False, Actual: False
2025-10-23 05:57:42,178 - WARNING - ================================================================================
2025-10-23 05:57:42,178 - WARNING - ⚠️  SALTO ANORMAL DETECTADO en iteración 96876
2025-10-23 05:57:42,178 - WARNING -    Fitness: 124.7 → 96.9 (Δ=-27.7)
2025-10-23 05:57:42,179 - WARNING -    Ver detalles en archivo de log
2025-10-23 05:57:42,659 - WARNING - ================================================================================
2025-10-23 05:57:42,659 - WARNING - ⚠️  SALTO ANORMAL DETECTADO en iteración 96879
2025-10-23 05:57:42,659 - WARNING -    Fitness actual: 124.7
2025-10-23 05:57:42,659 - WARNING -    Fitness vecino: 104.1
2025-10-23 05:57:42,659 - WARNING -    Delta: -20.5
2025-10-23 05:57:42,659 - WARNING -    Temperatura: 0.23
2025-10-23 05:57:42,660 - WARNING -    Tipo perturbación aplicada: (ver generar_vecino)
2025-10-23 05:57:42,660 - WARNING -    Vecino - Puntos: 14198, Tiempo: 13883.2min, Distancia: 184.4km
2025-10-23 05:57:42,660 - WARNING -    Actual - Puntos: 14201, Tiempo: 13009.4min, Distancia: 114.1km
2025-10-23 05:57:42,660 - WARNING -    Validez restricciones - Vecino: False, Actual: False
2025-10-23 05:57:42,660 - WARNING - ================================================================================
2025-10-23 05:57:42,661 - WARNING - ⚠️  SALTO ANORMAL DETECTADO en iteración 96879
2025-10-23 05:57:42,661 - WARNING -    Fitness: 124.7 → 104.1 (Δ=-20.5)
2025-10-23 05:57:42,661 - WARNING -    Ver detalles en archivo de log
2025-10-23 05:57:43,612 - WARNING - ================================================================================
2025-10-23 05:57:43,612 - WARNING - ⚠️  SALTO ANORMAL DETECTADO en iteración 96885
2025-10-23 05:57:43,612 - WARNING -    Fitness actual: 124.7
2025-10-23 05:57:43,612 - WARNING -    Fitness vecino: 103.9
2025-10-23 05:57:43,612 - WARNING -    Delta: -20.7
2025-10-23 05:57:43,612 - WARNING -    Temperatura: 0.23
2025-10-23 05:57:43,613 - WARNING -    Tipo perturbación aplicada: (ver generar_vecino)
2025-10-23 05:57:43,613 - WARNING -    Vecino - Puntos: 14148, Tiempo: 13823.4min, Distancia: 184.4km
2025-10-23 05:57:43,613 - WARNING -    Actual - Puntos: 14201, Tiempo: 13005.1min, Distancia: 113.8km
2025-10-23 05:57:43,613 - WARNING -    Validez restricciones - Vecino: False, Actual: False
2025-10-23 05:57:43,613 - WARNING - ================================================================================
2025-10-23 05:57:43,613 - WARNING - ⚠️  SALTO ANORMAL DETECTADO en iteración 96885
2025-10-23 05:57:43,613 - WARNING -    Fitness: 124.7 → 103.9 (Δ=-20.7)
2025-10-23 05:57:43,613 - WARNING -    Ver detalles en archivo de log
2025-10-23 05:57:44,408 - WARNING - ================================================================================
2025-10-23 05:57:44,408 - WARNING - ⚠️  SALTO ANORMAL DETECTADO en iteración 96890
2025-10-23 05:57:44,408 - WARNING -    Fitness actual: 124.6
2025-10-23 05:57:44,408 - WARNING -    Fitness vecino: 98.4
2025-10-23 05:57:44,408 - WARNING -    Delta: -26.2
2025-10-23 05:57:44,409 - WARNING -    Temperatura: 0.23
2025-10-23 05:57:44,409 - WARNING -    Tipo perturbación aplicada: (ver generar_vecino)
2025-10-23 05:57:44,409 - WARNING -    Vecino - Puntos: 14142, Tiempo: 13623.9min, Distancia: 183.7km
2025-10-23 05:57:44,409 - WARNING -    Actual - Puntos: 14197, Tiempo: 12945.8min, Distancia: 112.6km
2025-10-23 05:57:44,409 - WARNING -    Validez restricciones - Vecino: False, Actual: False
2025-10-23 05:57:44,409 - WARNING - ================================================================================
2025-10-23 05:57:44,410 - WARNING - ⚠️  SALTO ANORMAL DETECTADO en iteración 96890
2025-10-23 05:57:44,410 - WARNING -    Fitness: 124.6 → 98.4 (Δ=-26.2)
2025-10-23 05:57:44,410 - WARNING -    Ver detalles en archivo de log
2025-10-23 05:57:45,046 - WARNING - ================================================================================
2025-10-23 05:57:45,046 - WARNING - ⚠️  SALTO ANORMAL DETECTADO en iteración 96894
2025-10-23 05:57:45,046 - WARNING -    Fitness actual: 124.6
2025-10-23 05:57:45,047 - WARNING -    Fitness vecino: 97.9
2025-10-23 05:57:45,047 - WARNING -    Delta: -26.7
2025-10-23 05:57:45,047 - WARNING -    Temperatura: 0.23
2025-10-23 05:57:45,047 - WARNING -    Tipo perturbación aplicada: (ver generar_vecino)
2025-10-23 05:57:45,047 - WARNING -    Vecino - Puntos: 14142, Tiempo: 13570.0min, Distancia: 182.1km
2025-10-23 05:57:45,047 - WARNING -    Actual - Puntos: 14195, Tiempo: 12939.4min, Distancia: 112.0km
2025-10-23 05:57:45,047 - WARNING -    Validez restricciones - Vecino: False, Actual: False
2025-10-23 05:57:45,047 - WARNING - ================================================================================
2025-10-23 05:57:45,048 - WARNING - ⚠️  SALTO ANORMAL DETECTADO en iteración 96894
2025-10-23 05:57:45,048 - WARNING -    Fitness: 124.6 → 97.9 (Δ=-26.7)
2025-10-23 05:57:45,048 - WARNING -    Ver detalles en archivo de log
2025-10-23 05:57:45,209 - WARNING - ================================================================================
2025-10-23 05:57:45,209 - WARNING - ⚠️  SALTO ANORMAL DETECTADO en iteración 96895
2025-10-23 05:57:45,210 - WARNING -    Fitness actual: 124.6
2025-10-23 05:57:45,210 - WARNING -    Fitness vecino: 96.1
2025-10-23 05:57:45,210 - WARNING -    Delta: -28.6
2025-10-23 05:57:45,210 - WARNING -    Temperatura: 0.23
2025-10-23 05:57:45,210 - WARNING -    Tipo perturbación aplicada: (ver generar_vecino)
2025-10-23 05:57:45,210 - WARNING -    Vecino - Puntos: 13556, Tiempo: 12919.9min, Distancia: 171.7km
2025-10-23 05:57:45,211 - WARNING -    Actual - Puntos: 14195, Tiempo: 12939.4min, Distancia: 112.0km
2025-10-23 05:57:45,211 - WARNING -    Validez restricciones - Vecino: False, Actual: False
2025-10-23 05:57:45,211 - WARNING - ================================================================================
2025-10-23 05:57:45,211 - WARNING - ⚠️  SALTO ANORMAL DETECTADO en iteración 96895
2025-10-23 05:57:45,211 - WARNING -    Fitness: 124.6 → 96.1 (Δ=-28.6)
2025-10-23 05:57:45,212 - WARNING -    Ver detalles en archivo de log
2025-10-23 05:57:45,848 - WARNING - ================================================================================
2025-10-23 05:57:45,848 - WARNING - ⚠️  SALTO ANORMAL DETECTADO en iteración 96899
2025-10-23 05:57:45,848 - WARNING -    Fitness actual: 124.7
2025-10-23 05:57:45,849 - WARNING -    Fitness vecino: 103.0
2025-10-23 05:57:45,849 - WARNING -    Delta: -21.7
2025-10-23 05:57:45,849 - WARNING -    Temperatura: 0.23
2025-10-23 05:57:45,849 - WARNING -    Tipo perturbación aplicada: (ver generar_vecino)
2025-10-23 05:57:45,849 - WARNING -    Vecino - Puntos: 14148, Tiempo: 13761.9min, Distancia: 182.2km
2025-10-23 05:57:45,849 - WARNING -    Actual - Puntos: 14201, Tiempo: 12948.8min, Distancia: 112.0km
2025-10-23 05:57:45,849 - WARNING -    Validez restricciones - Vecino: False, Actual: False
2025-10-23 05:57:45,849 - WARNING - ================================================================================
2025-10-23 05:57:45,849 - WARNING - ⚠️  SALTO ANORMAL DETECTADO en iteración 96899
2025-10-23 05:57:45,849 - WARNING -    Fitness: 124.7 → 103.0 (Δ=-21.7)
2025-10-23 05:57:45,850 - WARNING -    Ver detalles en archivo de log
2025-10-23 05:57:46,008 - DEBUG - Iter 96900: T=0.23, Fitness_actual=124.7, Mejor=127.9
2025-10-23 05:57:46,487 - WARNING - ================================================================================
2025-10-23 05:57:46,488 - WARNING - ⚠️  SALTO ANORMAL DETECTADO en iteración 96903
2025-10-23 05:57:46,488 - WARNING -    Fitness actual: 124.7
2025-10-23 05:57:46,488 - WARNING -    Fitness vecino: 102.9
2025-10-23 05:57:46,488 - WARNING -    Delta: -21.7
2025-10-23 05:57:46,488 - WARNING -    Temperatura: 0.23
2025-10-23 05:57:46,489 - WARNING -    Tipo perturbación aplicada: (ver generar_vecino)
2025-10-23 05:57:46,489 - WARNING -    Vecino - Puntos: 14147, Tiempo: 13740.7min, Distancia: 182.6km
2025-10-23 05:57:46,489 - WARNING -    Actual - Puntos: 14201, Tiempo: 12948.8min, Distancia: 112.0km
2025-10-23 05:57:46,489 - WARNING -    Validez restricciones - Vecino: False, Actual: False
2025-10-23 05:57:46,489 - WARNING - ================================================================================
2025-10-23 05:57:46,489 - WARNING - ⚠️  SALTO ANORMAL DETECTADO en iteración 96903
2025-10-23 05:57:46,490 - WARNING -    Fitness: 124.7 → 102.9 (Δ=-21.7)
2025-10-23 05:57:46,490 - WARNING -    Ver detalles en archivo de log
2025-10-23 05:57:47,929 - WARNING - ================================================================================
2025-10-23 05:57:47,929 - WARNING - ⚠️  SALTO ANORMAL DETECTADO en iteración 96912
2025-10-23 05:57:47,929 - WARNING -    Fitness actual: 124.6
2025-10-23 05:57:47,929 - WARNING -    Fitness vecino: 101.5
2025-10-23 05:57:47,929 - WARNING -    Delta: -23.0
2025-10-23 05:57:47,930 - WARNING -    Temperatura: 0.23
2025-10-23 05:57:47,930 - WARNING -    Tipo perturbación aplicada: (ver generar_vecino)
2025-10-23 05:57:47,930 - WARNING -    Vecino - Puntos: 14187, Tiempo: 13450.7min, Distancia: 181.7km
2025-10-23 05:57:47,930 - WARNING -    Actual - Puntos: 14191, Tiempo: 12874.6min, Distancia: 111.2km
2025-10-23 05:57:47,930 - WARNING -    Validez restricciones - Vecino: False, Actual: False
2025-10-23 05:57:47,930 - WARNING - ================================================================================
2025-10-23 05:57:47,930 - WARNING - ⚠️  SALTO ANORMAL DETECTADO en iteración 96912
2025-10-23 05:57:47,930 - WARNING -    Fitness: 124.6 → 101.5 (Δ=-23.0)
2025-10-23 05:57:47,930 - WARNING -    Ver detalles en archivo de log
2025-10-23 05:57:48,251 - WARNING - ================================================================================
2025-10-23 05:57:48,251 - WARNING - ⚠️  SALTO ANORMAL DETECTADO en iteración 96914
2025-10-23 05:57:48,252 - WARNING -    Fitness actual: 124.6
2025-10-23 05:57:48,252 - WARNING -    Fitness vecino: 104.1
2025-10-23 05:57:48,252 - WARNING -    Delta: -20.5
2025-10-23 05:57:48,252 - WARNING -    Temperatura: 0.23
2025-10-23 05:57:48,252 - WARNING -    Tipo perturbación aplicada: (ver generar_vecino)
2025-10-23 05:57:48,252 - WARNING -    Vecino - Puntos: 14188, Tiempo: 13743.9min, Distancia: 181.2km
2025-10-23 05:57:48,252 - WARNING -    Actual - Puntos: 14191, Tiempo: 12872.9min, Distancia: 111.1km
2025-10-23 05:57:48,253 - WARNING -    Validez restricciones - Vecino: False, Actual: False
2025-10-23 05:57:48,253 - WARNING - ================================================================================
2025-10-23 05:57:48,253 - WARNING - ⚠️  SALTO ANORMAL DETECTADO en iteración 96914
2025-10-23 05:57:48,253 - WARNING -    Fitness: 124.6 → 104.1 (Δ=-20.5)
2025-10-23 05:57:48,253 - WARNING -    Ver detalles en archivo de log
2025-10-23 05:57:48,732 - WARNING - ================================================================================
2025-10-23 05:57:48,733 - WARNING - ⚠️  SALTO ANORMAL DETECTADO en iteración 96917
2025-10-23 05:57:48,733 - WARNING -    Fitness actual: 124.8
2025-10-23 05:57:48,733 - WARNING -    Fitness vecino: 102.6
2025-10-23 05:57:48,733 - WARNING -    Delta: -22.2
2025-10-23 05:57:48,733 - WARNING -    Temperatura: 0.23
2025-10-23 05:57:48,733 - WARNING -    Tipo perturbación aplicada: (ver generar_vecino)
2025-10-23 05:57:48,733 - WARNING -    Vecino - Puntos: 14163, Tiempo: 13680.7min, Distancia: 182.1km
2025-10-23 05:57:48,734 - WARNING -    Actual - Puntos: 14216, Tiempo: 12860.0min, Distancia: 111.3km
2025-10-23 05:57:48,734 - WARNING -    Validez restricciones - Vecino: False, Actual: False
2025-10-23 05:57:48,734 - WARNING - ================================================================================
2025-10-23 05:57:48,734 - WARNING - ⚠️  SALTO ANORMAL DETECTADO en iteración 96917
2025-10-23 05:57:48,734 - WARNING -    Fitness: 124.8 → 102.6 (Δ=-22.2)
2025-10-23 05:57:48,734 - WARNING -    Ver detalles en archivo de log
2025-10-23 05:57:49,526 - WARNING - ================================================================================
2025-10-23 05:57:49,527 - WARNING - ⚠️  SALTO ANORMAL DETECTADO en iteración 96922
2025-10-23 05:57:49,527 - WARNING -    Fitness actual: 124.8
2025-10-23 05:57:49,527 - WARNING -    Fitness vecino: 96.6
2025-10-23 05:57:49,527 - WARNING -    Delta: -28.2
2025-10-23 05:57:49,527 - WARNING -    Temperatura: 0.23
2025-10-23 05:57:49,527 - WARNING -    Tipo perturbación aplicada: (ver generar_vecino)
2025-10-23 05:57:49,528 - WARNING -    Vecino - Puntos: 13519, Tiempo: 13529.1min, Distancia: 186.2km
2025-10-23 05:57:49,528 - WARNING -    Actual - Puntos: 14216, Tiempo: 12851.1min, Distancia: 110.5km
2025-10-23 05:57:49,528 - WARNING -    Validez restricciones - Vecino: False, Actual: False
2025-10-23 05:57:49,528 - WARNING - ================================================================================
2025-10-23 05:57:49,528 - WARNING - ⚠️  SALTO ANORMAL DETECTADO en iteración 96922
2025-10-23 05:57:49,528 - WARNING -    Fitness: 124.8 → 96.6 (Δ=-28.2)
2025-10-23 05:57:49,528 - WARNING -    Ver detalles en archivo de log
2025-10-23 05:58:01,918 - INFO -   Iter 97000 | Tiempo:  153.3min (63.9%) | T =     0.23 | Fitness =    125.7 | Mejor =    127.9 | Aceptación =  63.2%
2025-10-23 05:58:01,918 - INFO - Progreso iter 97000: T=0.23, Fitness=125.7, Mejor=127.9, Tasa_acept=63.2%
2025-10-23 05:58:01,923 - DEBUG - Iter 97000: T=0.23, Fitness_actual=125.7, Mejor=127.9
2025-10-23 05:58:17,887 - DEBUG - Iter 97100: T=0.23, Fitness_actual=126.1, Mejor=127.9
2025-10-23 05:58:33,866 - DEBUG - Iter 97200: T=0.23, Fitness_actual=126.4, Mejor=127.9
2025-10-23 05:58:49,826 - DEBUG - Iter 97300: T=0.23, Fitness_actual=126.2, Mejor=127.9
2025-10-23 05:59:05,728 - DEBUG - Iter 97400: T=0.23, Fitness_actual=125.9, Mejor=127.9
2025-10-23 05:59:21,675 - INFO -   Iter 97500 | Tiempo:  154.6min (64.4%) | T =     0.23 | Fitness =    126.4 | Mejor =    127.9 | Aceptación =  63.2%
2025-10-23 05:59:21,675 - INFO - Progreso iter 97500: T=0.23, Fitness=126.4, Mejor=127.9, Tasa_acept=63.2%
2025-10-23 05:59:21,676 - DEBUG - Iter 97500: T=0.23, Fitness_actual=126.4, Mejor=127.9
2025-10-23 05:59:37,634 - DEBUG - Iter 97600: T=0.23, Fitness_actual=126.1, Mejor=127.9
2025-10-23 05:59:53,640 - DEBUG - Iter 97700: T=0.23, Fitness_actual=126.0, Mejor=127.9
2025-10-23 06:00:09,633 - DEBUG - Iter 97800: T=0.23, Fitness_actual=125.5, Mejor=127.9
2025-10-23 06:00:25,636 - DEBUG - Iter 97900: T=0.23, Fitness_actual=124.7, Mejor=127.9
2025-10-23 06:00:41,637 - INFO -   Iter 98000 | Tiempo:  155.9min (65.0%) | T =     0.23 | Fitness =    124.9 | Mejor =    127.9 | Aceptación =  63.1%
2025-10-23 06:00:41,637 - INFO - Progreso iter 98000: T=0.23, Fitness=124.9, Mejor=127.9, Tasa_acept=63.1%
2025-10-23 06:00:41,638 - DEBUG - Iter 98000: T=0.23, Fitness_actual=124.9, Mejor=127.9
2025-10-23 06:00:57,679 - DEBUG - Iter 98100: T=0.23, Fitness_actual=124.7, Mejor=127.9
2025-10-23 06:01:13,813 - DEBUG - Iter 98200: T=0.23, Fitness_actual=125.7, Mejor=127.9
2025-10-23 06:01:29,909 - DEBUG - Iter 98300: T=0.23, Fitness_actual=125.0, Mejor=127.9
2025-10-23 06:01:46,156 - DEBUG - Iter 98400: T=0.23, Fitness_actual=124.8, Mejor=127.9
2025-10-23 06:02:02,258 - INFO -   Iter 98500 | Tiempo:  157.3min (65.5%) | T =     0.23 | Fitness =    124.8 | Mejor =    127.9 | Aceptación =  63.1%
2025-10-23 06:02:02,258 - INFO - Progreso iter 98500: T=0.23, Fitness=124.8, Mejor=127.9, Tasa_acept=63.1%
2025-10-23 06:02:02,259 - DEBUG - Iter 98500: T=0.23, Fitness_actual=124.8, Mejor=127.9
2025-10-23 06:02:18,361 - DEBUG - Iter 98600: T=0.23, Fitness_actual=124.8, Mejor=127.9
2025-10-23 06:02:34,501 - DEBUG - Iter 98700: T=0.23, Fitness_actual=125.3, Mejor=127.9
2025-10-23 06:02:50,626 - DEBUG - Iter 98800: T=0.22, Fitness_actual=125.3, Mejor=127.9
2025-10-23 06:03:06,739 - DEBUG - Iter 98900: T=0.22, Fitness_actual=125.3, Mejor=127.9
2025-10-23 06:03:22,882 - INFO -   Iter 99000 | Tiempo:  158.6min (66.1%) | T =     0.22 | Fitness =    125.8 | Mejor =    127.9 | Aceptación =  63.0%
2025-10-23 06:03:22,882 - INFO - Progreso iter 99000: T=0.22, Fitness=125.8, Mejor=127.9, Tasa_acept=63.0%
2025-10-23 06:03:22,883 - DEBUG - Iter 99000: T=0.22, Fitness_actual=125.8, Mejor=127.9
2025-10-23 06:03:39,055 - DEBUG - Iter 99100: T=0.22, Fitness_actual=125.6, Mejor=127.9
2025-10-23 06:03:44,215 - WARNING - ================================================================================
2025-10-23 06:03:44,215 - WARNING - ⚠️  SALTO ANORMAL DETECTADO en iteración 99132
2025-10-23 06:03:44,216 - WARNING -    Fitness actual: 125.3
2025-10-23 06:03:44,216 - WARNING -    Fitness vecino: 83.7
2025-10-23 06:03:44,216 - WARNING -    Delta: -41.7
2025-10-23 06:03:44,216 - WARNING -    Temperatura: 0.22
2025-10-23 06:03:44,216 - WARNING -    Tipo perturbación aplicada: (ver generar_vecino)
2025-10-23 06:03:44,216 - WARNING -    Vecino - Puntos: 14029, Tiempo: 15172.6min, Distancia: 280.0km
2025-10-23 06:03:44,216 - WARNING -    Actual - Puntos: 14132, Tiempo: 13435.0min, Distancia: 130.2km
2025-10-23 06:03:44,216 - WARNING -    Validez restricciones - Vecino: False, Actual: False
2025-10-23 06:03:44,217 - WARNING - ================================================================================
2025-10-23 06:03:44,217 - WARNING - ⚠️  SALTO ANORMAL DETECTADO en iteración 99132
2025-10-23 06:03:44,217 - WARNING -    Fitness: 125.3 → 83.7 (Δ=-41.7)
2025-10-23 06:03:44,217 - WARNING -    Ver detalles en archivo de log
2025-10-23 06:03:45,831 - WARNING - ================================================================================
2025-10-23 06:03:45,831 - WARNING - ⚠️  SALTO ANORMAL DETECTADO en iteración 99142
2025-10-23 06:03:45,831 - WARNING -    Fitness actual: 125.3
2025-10-23 06:03:45,831 - WARNING -    Fitness vecino: 104.2
2025-10-23 06:03:45,832 - WARNING -    Delta: -21.1
2025-10-23 06:03:45,832 - WARNING -    Temperatura: 0.22
2025-10-23 06:03:45,832 - WARNING -    Tipo perturbación aplicada: (ver generar_vecino)
2025-10-23 06:03:45,832 - WARNING -    Vecino - Puntos: 14027, Tiempo: 13608.1min, Distancia: 129.6km
2025-10-23 06:03:45,832 - WARNING -    Actual - Puntos: 14132, Tiempo: 13389.1min, Distancia: 130.9km
2025-10-23 06:03:45,832 - WARNING -    Validez restricciones - Vecino: False, Actual: False
2025-10-23 06:03:45,832 - WARNING - ================================================================================
2025-10-23 06:03:45,832 - WARNING - ⚠️  SALTO ANORMAL DETECTADO en iteración 99142
2025-10-23 06:03:45,833 - WARNING -    Fitness: 125.3 → 104.2 (Δ=-21.1)
2025-10-23 06:03:45,833 - WARNING -    Ver detalles en archivo de log
2025-10-23 06:03:55,211 - DEBUG - Iter 99200: T=0.22, Fitness_actual=125.7, Mejor=127.9
2025-10-23 06:04:11,357 - DEBUG - Iter 99300: T=0.22, Fitness_actual=126.4, Mejor=127.9
2025-10-23 06:04:13,302 - WARNING - ================================================================================
2025-10-23 06:04:13,302 - WARNING - ⚠️  SALTO ANORMAL DETECTADO en iteración 99312
2025-10-23 06:04:13,303 - WARNING -    Fitness actual: 126.4
2025-10-23 06:04:13,303 - WARNING -    Fitness vecino: 105.5
2025-10-23 06:04:13,303 - WARNING -    Delta: -20.9
2025-10-23 06:04:13,303 - WARNING -    Temperatura: 0.22
2025-10-23 06:04:13,303 - WARNING -    Tipo perturbación aplicada: (ver generar_vecino)
2025-10-23 06:04:13,303 - WARNING -    Vecino - Puntos: 14097, Tiempo: 13261.9min, Distancia: 131.4km
2025-10-23 06:04:13,303 - WARNING -    Actual - Puntos: 14209, Tiempo: 13529.3min, Distancia: 137.6km
2025-10-23 06:04:13,304 - WARNING -    Validez restricciones - Vecino: False, Actual: False
2025-10-23 06:04:13,304 - WARNING - ================================================================================
2025-10-23 06:04:13,304 - WARNING - ⚠️  SALTO ANORMAL DETECTADO en iteración 99312
2025-10-23 06:04:13,304 - WARNING -    Fitness: 126.4 → 105.5 (Δ=-20.9)
2025-10-23 06:04:13,304 - WARNING -    Ver detalles en archivo de log
2025-10-23 06:04:27,536 - DEBUG - Iter 99400: T=0.22, Fitness_actual=126.2, Mejor=127.9
2025-10-23 06:04:29,007 - WARNING - ================================================================================
2025-10-23 06:04:29,007 - WARNING - ⚠️  SALTO ANORMAL DETECTADO en iteración 99409
2025-10-23 06:04:29,007 - WARNING -    Fitness actual: 126.0
2025-10-23 06:04:29,007 - WARNING -    Fitness vecino: 105.4
2025-10-23 06:04:29,007 - WARNING -    Delta: -20.6
2025-10-23 06:04:29,008 - WARNING -    Temperatura: 0.22
2025-10-23 06:04:29,008 - WARNING -    Tipo perturbación aplicada: (ver generar_vecino)
2025-10-23 06:04:29,008 - WARNING -    Vecino - Puntos: 14054, Tiempo: 13957.3min, Distancia: 132.0km
2025-10-23 06:04:29,008 - WARNING -    Actual - Puntos: 14173, Tiempo: 13667.5min, Distancia: 139.5km
2025-10-23 06:04:29,008 - WARNING -    Validez restricciones - Vecino: False, Actual: False
2025-10-23 06:04:29,008 - WARNING - ================================================================================
2025-10-23 06:04:29,008 - WARNING - ⚠️  SALTO ANORMAL DETECTADO en iteración 99409
2025-10-23 06:04:29,009 - WARNING -    Fitness: 126.0 → 105.4 (Δ=-20.6)
2025-10-23 06:04:29,009 - WARNING -    Ver detalles en archivo de log
2025-10-23 06:04:43,753 - INFO -   Iter 99500 | Tiempo:  160.0min (66.6%) | T =     0.22 | Fitness =    126.1 | Mejor =    127.9 | Aceptación =  63.0%
2025-10-23 06:04:43,753 - INFO - Progreso iter 99500: T=0.22, Fitness=126.1, Mejor=127.9, Tasa_acept=63.0%
2025-10-23 06:04:43,754 - DEBUG - Iter 99500: T=0.22, Fitness_actual=126.1, Mejor=127.9
2025-10-23 06:04:51,206 - WARNING - ================================================================================
2025-10-23 06:04:51,206 - WARNING - ⚠️  SALTO ANORMAL DETECTADO en iteración 99546
2025-10-23 06:04:51,207 - WARNING -    Fitness actual: 126.2
2025-10-23 06:04:51,207 - WARNING -    Fitness vecino: 106.2
2025-10-23 06:04:51,207 - WARNING -    Delta: -20.0
2025-10-23 06:04:51,207 - WARNING -    Temperatura: 0.22
2025-10-23 06:04:51,207 - WARNING -    Tipo perturbación aplicada: (ver generar_vecino)
2025-10-23 06:04:51,208 - WARNING -    Vecino - Puntos: 14080, Tiempo: 13102.0min, Distancia: 128.1km
2025-10-23 06:04:51,208 - WARNING -    Actual - Puntos: 14189, Tiempo: 13548.4min, Distancia: 136.7km
2025-10-23 06:04:51,208 - WARNING -    Validez restricciones - Vecino: False, Actual: False
2025-10-23 06:04:51,208 - WARNING - ================================================================================
2025-10-23 06:04:51,208 - WARNING - ⚠️  SALTO ANORMAL DETECTADO en iteración 99546
2025-10-23 06:04:51,208 - WARNING -    Fitness: 126.2 → 106.2 (Δ=-20.0)
2025-10-23 06:04:51,209 - WARNING -    Ver detalles en archivo de log
2025-10-23 06:04:59,953 - DEBUG - Iter 99600: T=0.22, Fitness_actual=126.6, Mejor=127.9
2025-10-23 06:05:05,950 - WARNING - ================================================================================
2025-10-23 06:05:05,950 - WARNING - ⚠️  SALTO ANORMAL DETECTADO en iteración 99637
2025-10-23 06:05:05,950 - WARNING -    Fitness actual: 126.7
2025-10-23 06:05:05,951 - WARNING -    Fitness vecino: 101.4
2025-10-23 06:05:05,951 - WARNING -    Delta: -25.3
2025-10-23 06:05:05,951 - WARNING -    Temperatura: 0.22
2025-10-23 06:05:05,951 - WARNING -    Tipo perturbación aplicada: (ver generar_vecino)
2025-10-23 06:05:05,951 - WARNING -    Vecino - Puntos: 14102, Tiempo: 14332.1min, Distancia: 206.2km
2025-10-23 06:05:05,951 - WARNING -    Actual - Puntos: 14205, Tiempo: 13473.9min, Distancia: 129.7km
2025-10-23 06:05:05,952 - WARNING -    Validez restricciones - Vecino: False, Actual: False
2025-10-23 06:05:05,952 - WARNING - ================================================================================
2025-10-23 06:05:05,952 - WARNING - ⚠️  SALTO ANORMAL DETECTADO en iteración 99637
2025-10-23 06:05:05,952 - WARNING -    Fitness: 126.7 → 101.4 (Δ=-25.3)
2025-10-23 06:05:05,952 - WARNING -    Ver detalles en archivo de log
2025-10-23 06:05:16,186 - DEBUG - Iter 99700: T=0.22, Fitness_actual=126.7, Mejor=127.9
2025-10-23 06:05:32,447 - DEBUG - Iter 99800: T=0.22, Fitness_actual=126.8, Mejor=127.9
2025-10-23 06:05:45,767 - WARNING - ================================================================================
2025-10-23 06:05:45,767 - WARNING - ⚠️  SALTO ANORMAL DETECTADO en iteración 99882
2025-10-23 06:05:45,767 - WARNING -    Fitness actual: 127.1
2025-10-23 06:05:45,768 - WARNING -    Fitness vecino: 82.5
2025-10-23 06:05:45,768 - WARNING -    Delta: -44.6
2025-10-23 06:05:45,768 - WARNING -    Temperatura: 0.22
2025-10-23 06:05:45,768 - WARNING -    Tipo perturbación aplicada: (ver generar_vecino)
2025-10-23 06:05:45,768 - WARNING -    Vecino - Puntos: 14136, Tiempo: 14766.4min, Distancia: 260.3km
2025-10-23 06:05:45,769 - WARNING -    Actual - Puntos: 14239, Tiempo: 13117.0min, Distancia: 111.6km
2025-10-23 06:05:45,769 - WARNING -    Validez restricciones - Vecino: False, Actual: False
2025-10-23 06:05:45,769 - WARNING - ================================================================================
2025-10-23 06:05:45,769 - WARNING - ⚠️  SALTO ANORMAL DETECTADO en iteración 99882
2025-10-23 06:05:45,769 - WARNING -    Fitness: 127.1 → 82.5 (Δ=-44.6)
2025-10-23 06:05:45,769 - WARNING -    Ver detalles en archivo de log
2025-10-23 06:05:48,692 - DEBUG - Iter 99900: T=0.22, Fitness_actual=127.1, Mejor=127.9
2025-10-23 06:06:00,048 - WARNING - ================================================================================
2025-10-23 06:06:00,048 - WARNING - ⚠️  SALTO ANORMAL DETECTADO en iteración 99970
2025-10-23 06:06:00,049 - WARNING -    Fitness actual: 127.0
2025-10-23 06:06:00,049 - WARNING -    Fitness vecino: 102.4
2025-10-23 06:06:00,049 - WARNING -    Delta: -24.7
2025-10-23 06:06:00,049 - WARNING -    Temperatura: 0.22
2025-10-23 06:06:00,049 - WARNING -    Tipo perturbación aplicada: (ver generar_vecino)
2025-10-23 06:06:00,049 - WARNING -    Vecino - Puntos: 14122, Tiempo: 13866.2min, Distancia: 181.9km
2025-10-23 06:06:00,049 - WARNING -    Actual - Puntos: 14237, Tiempo: 13160.6min, Distancia: 113.1km
2025-10-23 06:06:00,049 - WARNING -    Validez restricciones - Vecino: False, Actual: False
2025-10-23 06:06:00,049 - WARNING - ================================================================================
2025-10-23 06:06:00,050 - WARNING - ⚠️  SALTO ANORMAL DETECTADO en iteración 99970
2025-10-23 06:06:00,050 - WARNING -    Fitness: 127.0 → 102.4 (Δ=-24.7)
2025-10-23 06:06:00,050 - WARNING -    Ver detalles en archivo de log
2025-10-23 06:06:00,538 - WARNING - ================================================================================
2025-10-23 06:06:00,538 - WARNING - ⚠️  SALTO ANORMAL DETECTADO en iteración 99973
2025-10-23 06:06:00,539 - WARNING -    Fitness actual: 127.0
2025-10-23 06:06:00,539 - WARNING -    Fitness vecino: 105.0
2025-10-23 06:06:00,539 - WARNING -    Delta: -22.0
2025-10-23 06:06:00,539 - WARNING -    Temperatura: 0.22
2025-10-23 06:06:00,539 - WARNING -    Tipo perturbación aplicada: (ver generar_vecino)
2025-10-23 06:06:00,539 - WARNING -    Vecino - Puntos: 14124, Tiempo: 13959.0min, Distancia: 184.7km
2025-10-23 06:06:00,539 - WARNING -    Actual - Puntos: 14237, Tiempo: 13154.3min, Distancia: 112.6km
2025-10-23 06:06:00,539 - WARNING -    Validez restricciones - Vecino: False, Actual: False
2025-10-23 06:06:00,539 - WARNING - ================================================================================
2025-10-23 06:06:00,539 - WARNING - ⚠️  SALTO ANORMAL DETECTADO en iteración 99973
2025-10-23 06:06:00,540 - WARNING -    Fitness: 127.0 → 105.0 (Δ=-22.0)
2025-10-23 06:06:00,540 - WARNING -    Ver detalles en archivo de log
2025-10-23 06:06:01,029 - WARNING - ================================================================================
2025-10-23 06:06:01,029 - WARNING - ⚠️  SALTO ANORMAL DETECTADO en iteración 99976
2025-10-23 06:06:01,029 - WARNING -    Fitness actual: 127.0
2025-10-23 06:06:01,030 - WARNING -    Fitness vecino: 104.4
2025-10-23 06:06:01,030 - WARNING -    Delta: -22.6
2025-10-23 06:06:01,030 - WARNING -    Temperatura: 0.22
2025-10-23 06:06:01,030 - WARNING -    Tipo perturbación aplicada: (ver generar_vecino)
2025-10-23 06:06:01,030 - WARNING -    Vecino - Puntos: 14124, Tiempo: 13935.7min, Distancia: 182.7km
2025-10-23 06:06:01,030 - WARNING -    Actual - Puntos: 14237, Tiempo: 13153.9min, Distancia: 112.6km
2025-10-23 06:06:01,031 - WARNING -    Validez restricciones - Vecino: False, Actual: False
2025-10-23 06:06:01,031 - WARNING - ================================================================================
2025-10-23 06:06:01,031 - WARNING - ⚠️  SALTO ANORMAL DETECTADO en iteración 99976
2025-10-23 06:06:01,031 - WARNING -    Fitness: 127.0 → 104.4 (Δ=-22.6)
2025-10-23 06:06:01,031 - WARNING -    Ver detalles en archivo de log
2025-10-23 06:06:04,913 - INFO -   Iter 100000 | Tiempo:  161.3min (67.2%) | T =     0.22 | Fitness =    127.2 | Mejor =    127.9 | Aceptación =  62.9%
2025-10-23 06:06:04,913 - INFO - Progreso iter 100000: T=0.22, Fitness=127.2, Mejor=127.9, Tasa_acept=62.9%
2025-10-23 06:06:04,914 - DEBUG - Iter 100000: T=0.22, Fitness_actual=127.2, Mejor=127.9
2025-10-23 06:06:07,370 - WARNING - ================================================================================
2025-10-23 06:06:07,371 - WARNING - ⚠️  SALTO ANORMAL DETECTADO en iteración 100015
2025-10-23 06:06:07,371 - WARNING -    Fitness actual: 127.2
2025-10-23 06:06:07,371 - WARNING -    Fitness vecino: 106.7
2025-10-23 06:06:07,371 - WARNING -    Delta: -20.5
2025-10-23 06:06:07,371 - WARNING -    Temperatura: 0.22
2025-10-23 06:06:07,371 - WARNING -    Tipo perturbación aplicada: (ver generar_vecino)
2025-10-23 06:06:07,372 - WARNING -    Vecino - Puntos: 14141, Tiempo: 13499.0min, Distancia: 146.3km
2025-10-23 06:06:07,372 - WARNING -    Actual - Puntos: 14252, Tiempo: 13162.5min, Distancia: 113.7km
2025-10-23 06:06:07,372 - WARNING -    Validez restricciones - Vecino: False, Actual: False
2025-10-23 06:06:07,372 - WARNING - ================================================================================
2025-10-23 06:06:07,372 - WARNING - ⚠️  SALTO ANORMAL DETECTADO en iteración 100015
2025-10-23 06:06:07,372 - WARNING -    Fitness: 127.2 → 106.7 (Δ=-20.5)
2025-10-23 06:06:07,373 - WARNING -    Ver detalles en archivo de log
2025-10-23 06:06:21,275 - DEBUG - Iter 100100: T=0.22, Fitness_actual=126.1, Mejor=127.9
2025-10-23 06:06:22,252 - WARNING - ================================================================================
2025-10-23 06:06:22,252 - WARNING - ⚠️  SALTO ANORMAL DETECTADO en iteración 100106
2025-10-23 06:06:22,252 - WARNING -    Fitness actual: 126.1
2025-10-23 06:06:22,252 - WARNING -    Fitness vecino: 79.1
2025-10-23 06:06:22,253 - WARNING -    Delta: -47.1
2025-10-23 06:06:22,253 - WARNING -    Temperatura: 0.22
2025-10-23 06:06:22,253 - WARNING -    Tipo perturbación aplicada: (ver generar_vecino)
2025-10-23 06:06:22,253 - WARNING -    Vecino - Puntos: 14146, Tiempo: 15416.5min, Distancia: 264.0km
2025-10-23 06:06:22,253 - WARNING -    Actual - Puntos: 14249, Tiempo: 13316.6min, Distancia: 116.6km
2025-10-23 06:06:22,254 - WARNING -    Validez restricciones - Vecino: False, Actual: False
2025-10-23 06:06:22,254 - WARNING - ================================================================================
2025-10-23 06:06:22,254 - WARNING - ⚠️  SALTO ANORMAL DETECTADO en iteración 100106
2025-10-23 06:06:22,254 - WARNING -    Fitness: 126.1 → 79.1 (Δ=-47.1)
2025-10-23 06:06:22,254 - WARNING -    Ver detalles en archivo de log
2025-10-23 06:06:37,529 - DEBUG - Iter 100200: T=0.22, Fitness_actual=126.1, Mejor=127.9
2025-10-23 06:06:45,819 - WARNING - ================================================================================
2025-10-23 06:06:45,820 - WARNING - ⚠️  SALTO ANORMAL DETECTADO en iteración 100251
2025-10-23 06:06:45,820 - WARNING -    Fitness actual: 126.7
2025-10-23 06:06:45,820 - WARNING -    Fitness vecino: 104.0
2025-10-23 06:06:45,820 - WARNING -    Delta: -22.7
2025-10-23 06:06:45,820 - WARNING -    Temperatura: 0.22
2025-10-23 06:06:45,820 - WARNING -    Tipo perturbación aplicada: (ver generar_vecino)
2025-10-23 06:06:45,820 - WARNING -    Vecino - Puntos: 14094, Tiempo: 13062.3min, Distancia: 120.4km
2025-10-23 06:06:45,821 - WARNING -    Actual - Puntos: 14203, Tiempo: 13144.7min, Distancia: 119.3km
2025-10-23 06:06:45,821 - WARNING -    Validez restricciones - Vecino: False, Actual: False
2025-10-23 06:06:45,821 - WARNING - ================================================================================
2025-10-23 06:06:45,821 - WARNING - ⚠️  SALTO ANORMAL DETECTADO en iteración 100251
2025-10-23 06:06:45,821 - WARNING -    Fitness: 126.7 → 104.0 (Δ=-22.7)
2025-10-23 06:06:45,821 - WARNING -    Ver detalles en archivo de log
2025-10-23 06:06:53,805 - DEBUG - Iter 100300: T=0.22, Fitness_actual=126.2, Mejor=127.9
2025-10-23 06:07:10,133 - DEBUG - Iter 100400: T=0.22, Fitness_actual=126.1, Mejor=127.9
2025-10-23 06:07:26,439 - INFO -   Iter 100500 | Tiempo:  162.7min (67.8%) | T =     0.22 | Fitness =    126.2 | Mejor =    127.9 | Aceptación =  62.9%
2025-10-23 06:07:26,439 - INFO - Progreso iter 100500: T=0.22, Fitness=126.2, Mejor=127.9, Tasa_acept=62.9%
2025-10-23 06:07:26,440 - DEBUG - Iter 100500: T=0.22, Fitness_actual=126.2, Mejor=127.9
2025-10-23 06:07:42,770 - DEBUG - Iter 100600: T=0.22, Fitness_actual=126.2, Mejor=127.9
2025-10-23 06:07:51,771 - WARNING - ================================================================================
2025-10-23 06:07:51,771 - WARNING - ⚠️  SALTO ANORMAL DETECTADO en iteración 100655
2025-10-23 06:07:51,771 - WARNING -    Fitness actual: 126.2
2025-10-23 06:07:51,771 - WARNING -    Fitness vecino: 104.1
2025-10-23 06:07:51,771 - WARNING -    Delta: -22.1
2025-10-23 06:07:51,772 - WARNING -    Temperatura: 0.22
2025-10-23 06:07:51,772 - WARNING -    Tipo perturbación aplicada: (ver generar_vecino)
2025-10-23 06:07:51,772 - WARNING -    Vecino - Puntos: 14110, Tiempo: 13315.9min, Distancia: 132.7km
2025-10-23 06:07:51,772 - WARNING -    Actual - Puntos: 14160, Tiempo: 13234.1min, Distancia: 128.8km
2025-10-23 06:07:51,772 - WARNING -    Validez restricciones - Vecino: False, Actual: False
2025-10-23 06:07:51,772 - WARNING - ================================================================================
2025-10-23 06:07:51,772 - WARNING - ⚠️  SALTO ANORMAL DETECTADO en iteración 100655
2025-10-23 06:07:51,772 - WARNING -    Fitness: 126.2 → 104.1 (Δ=-22.1)
2025-10-23 06:07:51,772 - WARNING -    Ver detalles en archivo de log
2025-10-23 06:07:59,102 - DEBUG - Iter 100700: T=0.22, Fitness_actual=126.1, Mejor=127.9
2025-10-23 06:08:15,439 - DEBUG - Iter 100800: T=0.22, Fitness_actual=126.3, Mejor=127.9
2025-10-23 06:08:31,799 - DEBUG - Iter 100900: T=0.22, Fitness_actual=126.2, Mejor=127.9
2025-10-23 06:08:48,145 - INFO -   Iter 101000 | Tiempo:  164.0min (68.3%) | T =     0.22 | Fitness =    126.3 | Mejor =    127.9 | Aceptación =  62.8%
2025-10-23 06:08:48,146 - INFO - Progreso iter 101000: T=0.22, Fitness=126.3, Mejor=127.9, Tasa_acept=62.8%
2025-10-23 06:08:48,150 - DEBUG - Iter 101000: T=0.22, Fitness_actual=126.3, Mejor=127.9
2025-10-23 06:09:04,499 - DEBUG - Iter 101100: T=0.22, Fitness_actual=126.2, Mejor=127.9
2025-10-23 06:09:20,867 - DEBUG - Iter 101200: T=0.22, Fitness_actual=126.1, Mejor=127.9
2025-10-23 06:09:37,270 - DEBUG - Iter 101300: T=0.21, Fitness_actual=126.0, Mejor=127.9
2025-10-23 06:09:53,737 - DEBUG - Iter 101400: T=0.21, Fitness_actual=126.2, Mejor=127.9
2025-10-23 06:10:10,153 - INFO -   Iter 101500 | Tiempo:  165.4min (68.9%) | T =     0.21 | Fitness =    126.1 | Mejor =    127.9 | Aceptación =  62.8%
2025-10-23 06:10:10,154 - INFO - Progreso iter 101500: T=0.21, Fitness=126.1, Mejor=127.9, Tasa_acept=62.8%
2025-10-23 06:10:10,159 - DEBUG - Iter 101500: T=0.21, Fitness_actual=126.1, Mejor=127.9
2025-10-23 06:10:26,596 - DEBUG - Iter 101600: T=0.21, Fitness_actual=126.6, Mejor=127.9
2025-10-23 06:10:43,022 - DEBUG - Iter 101700: T=0.21, Fitness_actual=126.4, Mejor=127.9
2025-10-23 06:10:59,504 - DEBUG - Iter 101800: T=0.21, Fitness_actual=126.4, Mejor=127.9
2025-10-23 06:11:16,075 - DEBUG - Iter 101900: T=0.21, Fitness_actual=126.6, Mejor=127.9
2025-10-23 06:11:32,530 - INFO -   Iter 102000 | Tiempo:  166.8min (69.5%) | T =     0.21 | Fitness =    125.9 | Mejor =    127.9 | Aceptación =  62.7%
2025-10-23 06:11:32,530 - INFO - Progreso iter 102000: T=0.21, Fitness=125.9, Mejor=127.9, Tasa_acept=62.7%
2025-10-23 06:11:32,531 - DEBUG - Iter 102000: T=0.21, Fitness_actual=125.9, Mejor=127.9
2025-10-23 06:11:48,998 - DEBUG - Iter 102100: T=0.21, Fitness_actual=125.4, Mejor=127.9
2025-10-23 06:12:05,575 - DEBUG - Iter 102200: T=0.21, Fitness_actual=125.4, Mejor=127.9
2025-10-23 06:12:22,269 - DEBUG - Iter 102300: T=0.21, Fitness_actual=125.8, Mejor=127.9
2025-10-23 06:12:38,931 - DEBUG - Iter 102400: T=0.21, Fitness_actual=125.5, Mejor=127.9
2025-10-23 06:12:46,746 - INFO - --- Cambiando a Fase: Final (Refinamiento) (Progreso: 70.0%) ---
2025-10-23 06:12:55,496 - INFO -   Iter 102500 | Tiempo:  168.1min (70.1%) | T =     0.21 | Fitness =    125.7 | Mejor =    127.9 | Aceptación =  62.6%
2025-10-23 06:12:55,496 - INFO - Progreso iter 102500: T=0.21, Fitness=125.7, Mejor=127.9, Tasa_acept=62.6%
2025-10-23 06:12:55,497 - DEBUG - Iter 102500: T=0.21, Fitness_actual=125.7, Mejor=127.9
2025-10-23 06:13:12,079 - DEBUG - Iter 102600: T=0.21, Fitness_actual=125.9, Mejor=127.9
2025-10-23 06:13:28,569 - DEBUG - Iter 102700: T=0.21, Fitness_actual=125.9, Mejor=127.9
2025-10-23 06:13:30,896 - WARNING - ================================================================================
2025-10-23 06:13:30,896 - WARNING - ⚠️  SALTO ANORMAL DETECTADO en iteración 102714
2025-10-23 06:13:30,897 - WARNING -    Fitness actual: 125.8
2025-10-23 06:13:30,897 - WARNING -    Fitness vecino: 86.1
2025-10-23 06:13:30,897 - WARNING -    Delta: -39.7
2025-10-23 06:13:30,897 - WARNING -    Temperatura: 0.21
2025-10-23 06:13:30,897 - WARNING -    Tipo perturbación aplicada: (ver generar_vecino)
2025-10-23 06:13:30,897 - WARNING -    Vecino - Puntos: 14098, Tiempo: 15113.7min, Distancia: 278.8km
2025-10-23 06:13:30,897 - WARNING -    Actual - Puntos: 14121, Tiempo: 13374.6min, Distancia: 128.9km
2025-10-23 06:13:30,897 - WARNING -    Validez restricciones - Vecino: False, Actual: False
2025-10-23 06:13:30,898 - WARNING - ================================================================================
2025-10-23 06:13:30,898 - WARNING - ⚠️  SALTO ANORMAL DETECTADO en iteración 102714
2025-10-23 06:13:30,898 - WARNING -    Fitness: 125.8 → 86.1 (Δ=-39.7)
2025-10-23 06:13:30,898 - WARNING -    Ver detalles en archivo de log
2025-10-23 06:13:37,180 - WARNING - ================================================================================
2025-10-23 06:13:37,180 - WARNING - ⚠️  SALTO ANORMAL DETECTADO en iteración 102752
2025-10-23 06:13:37,180 - WARNING -    Fitness actual: 125.7
2025-10-23 06:13:37,181 - WARNING -    Fitness vecino: 102.5
2025-10-23 06:13:37,181 - WARNING -    Delta: -23.1
2025-10-23 06:13:37,181 - WARNING -    Temperatura: 0.21
2025-10-23 06:13:37,181 - WARNING -    Tipo perturbación aplicada: (ver generar_vecino)
2025-10-23 06:13:37,181 - WARNING -    Vecino - Puntos: 14001, Tiempo: 14217.8min, Distancia: 200.4km
2025-10-23 06:13:37,182 - WARNING -    Actual - Puntos: 14104, Tiempo: 13396.6min, Distancia: 127.0km
2025-10-23 06:13:37,182 - WARNING -    Validez restricciones - Vecino: False, Actual: False
2025-10-23 06:13:37,182 - WARNING - ================================================================================
2025-10-23 06:13:37,182 - WARNING - ⚠️  SALTO ANORMAL DETECTADO en iteración 102752
2025-10-23 06:13:37,182 - WARNING -    Fitness: 125.7 → 102.5 (Δ=-23.1)
2025-10-23 06:13:37,182 - WARNING -    Ver detalles en archivo de log
2025-10-23 06:13:45,113 - DEBUG - Iter 102800: T=0.21, Fitness_actual=125.6, Mejor=127.9
2025-10-23 06:14:01,673 - DEBUG - Iter 102900: T=0.21, Fitness_actual=125.7, Mejor=127.9
2025-10-23 06:14:18,277 - INFO -   Iter 103000 | Tiempo:  169.5min (70.6%) | T =     0.21 | Fitness =    125.6 | Mejor =    127.9 | Aceptación =  62.6%
2025-10-23 06:14:18,278 - INFO - Progreso iter 103000: T=0.21, Fitness=125.6, Mejor=127.9, Tasa_acept=62.6%
2025-10-23 06:14:18,279 - DEBUG - Iter 103000: T=0.21, Fitness_actual=125.6, Mejor=127.9
2025-10-23 06:14:34,896 - DEBUG - Iter 103100: T=0.21, Fitness_actual=125.6, Mejor=127.9
2025-10-23 06:14:51,472 - DEBUG - Iter 103200: T=0.21, Fitness_actual=124.6, Mejor=127.9
2025-10-23 06:15:01,921 - WARNING - ================================================================================
2025-10-23 06:15:01,921 - WARNING - ⚠️  SALTO ANORMAL DETECTADO en iteración 103263
2025-10-23 06:15:01,921 - WARNING -    Fitness actual: 124.5
2025-10-23 06:15:01,921 - WARNING -    Fitness vecino: 87.3
2025-10-23 06:15:01,921 - WARNING -    Delta: -37.2
2025-10-23 06:15:01,922 - WARNING -    Temperatura: 0.21
2025-10-23 06:15:01,922 - WARNING -    Tipo perturbación aplicada: (ver generar_vecino)
2025-10-23 06:15:01,922 - WARNING -    Vecino - Puntos: 13990, Tiempo: 14807.4min, Distancia: 253.7km
2025-10-23 06:15:01,922 - WARNING -    Actual - Puntos: 14091, Tiempo: 13350.0min, Distancia: 126.0km
2025-10-23 06:15:01,922 - WARNING -    Validez restricciones - Vecino: False, Actual: False
2025-10-23 06:15:01,922 - WARNING - ================================================================================
2025-10-23 06:15:01,922 - WARNING - ⚠️  SALTO ANORMAL DETECTADO en iteración 103263
2025-10-23 06:15:01,922 - WARNING -    Fitness: 124.5 → 87.3 (Δ=-37.2)
2025-10-23 06:15:01,922 - WARNING -    Ver detalles en archivo de log
2025-10-23 06:15:02,916 - WARNING - ================================================================================
2025-10-23 06:15:02,916 - WARNING - ⚠️  SALTO ANORMAL DETECTADO en iteración 103269
2025-10-23 06:15:02,916 - WARNING -    Fitness actual: 124.5
2025-10-23 06:15:02,916 - WARNING -    Fitness vecino: 87.0
2025-10-23 06:15:02,916 - WARNING -    Delta: -37.5
2025-10-23 06:15:02,917 - WARNING -    Temperatura: 0.21
2025-10-23 06:15:02,917 - WARNING -    Tipo perturbación aplicada: (ver generar_vecino)
2025-10-23 06:15:02,917 - WARNING -    Vecino - Puntos: 13990, Tiempo: 14871.8min, Distancia: 251.6km
2025-10-23 06:15:02,917 - WARNING -    Actual - Puntos: 14091, Tiempo: 13357.5min, Distancia: 126.6km
2025-10-23 06:15:02,917 - WARNING -    Validez restricciones - Vecino: False, Actual: False
2025-10-23 06:15:02,918 - WARNING - ================================================================================
2025-10-23 06:15:02,918 - WARNING - ⚠️  SALTO ANORMAL DETECTADO en iteración 103269
2025-10-23 06:15:02,918 - WARNING -    Fitness: 124.5 → 87.0 (Δ=-37.5)
2025-10-23 06:15:02,918 - WARNING -    Ver detalles en archivo de log
2025-10-23 06:15:04,404 - WARNING - ================================================================================
2025-10-23 06:15:04,404 - WARNING - ⚠️  SALTO ANORMAL DETECTADO en iteración 103278
2025-10-23 06:15:04,405 - WARNING -    Fitness actual: 124.5
2025-10-23 06:15:04,405 - WARNING -    Fitness vecino: 87.3
2025-10-23 06:15:04,405 - WARNING -    Delta: -37.2
2025-10-23 06:15:04,405 - WARNING -    Temperatura: 0.21
2025-10-23 06:15:04,405 - WARNING -    Tipo perturbación aplicada: (ver generar_vecino)
2025-10-23 06:15:04,405 - WARNING -    Vecino - Puntos: 14013, Tiempo: 14775.4min, Distancia: 251.0km
2025-10-23 06:15:04,405 - WARNING -    Actual - Puntos: 14089, Tiempo: 13370.9min, Distancia: 127.7km
2025-10-23 06:15:04,406 - WARNING -    Validez restricciones - Vecino: False, Actual: False
2025-10-23 06:15:04,406 - WARNING - ================================================================================
2025-10-23 06:15:04,406 - WARNING - ⚠️  SALTO ANORMAL DETECTADO en iteración 103278
2025-10-23 06:15:04,406 - WARNING -    Fitness: 124.5 → 87.3 (Δ=-37.2)
2025-10-23 06:15:04,406 - WARNING -    Ver detalles en archivo de log
2025-10-23 06:15:05,236 - WARNING - ================================================================================
2025-10-23 06:15:05,236 - WARNING - ⚠️  SALTO ANORMAL DETECTADO en iteración 103283
2025-10-23 06:15:05,236 - WARNING -    Fitness actual: 124.5
2025-10-23 06:15:05,236 - WARNING -    Fitness vecino: 87.3
2025-10-23 06:15:05,237 - WARNING -    Delta: -37.2
2025-10-23 06:15:05,237 - WARNING -    Temperatura: 0.21
2025-10-23 06:15:05,237 - WARNING -    Tipo perturbación aplicada: (ver generar_vecino)
2025-10-23 06:15:05,237 - WARNING -    Vecino - Puntos: 14013, Tiempo: 14815.5min, Distancia: 254.4km
2025-10-23 06:15:05,237 - WARNING -    Actual - Puntos: 14089, Tiempo: 13373.9min, Distancia: 128.0km
2025-10-23 06:15:05,237 - WARNING -    Validez restricciones - Vecino: False, Actual: False
2025-10-23 06:15:05,237 - WARNING - ================================================================================
2025-10-23 06:15:05,237 - WARNING - ⚠️  SALTO ANORMAL DETECTADO en iteración 103283
2025-10-23 06:15:05,237 - WARNING -    Fitness: 124.5 → 87.3 (Δ=-37.2)
2025-10-23 06:15:05,238 - WARNING -    Ver detalles en archivo de log
2025-10-23 06:15:07,223 - WARNING - ================================================================================
2025-10-23 06:15:07,223 - WARNING - ⚠️  SALTO ANORMAL DETECTADO en iteración 103295
2025-10-23 06:15:07,223 - WARNING -    Fitness actual: 124.5
2025-10-23 06:15:07,224 - WARNING -    Fitness vecino: 86.3
2025-10-23 06:15:07,224 - WARNING -    Delta: -38.2
2025-10-23 06:15:07,224 - WARNING -    Temperatura: 0.21
2025-10-23 06:15:07,224 - WARNING -    Tipo perturbación aplicada: (ver generar_vecino)
2025-10-23 06:15:07,224 - WARNING -    Vecino - Puntos: 14016, Tiempo: 14817.1min, Distancia: 253.3km
2025-10-23 06:15:07,224 - WARNING -    Actual - Puntos: 14092, Tiempo: 13400.2min, Distancia: 128.9km
2025-10-23 06:15:07,224 - WARNING -    Validez restricciones - Vecino: False, Actual: False
2025-10-23 06:15:07,224 - WARNING - ================================================================================
2025-10-23 06:15:07,225 - WARNING - ⚠️  SALTO ANORMAL DETECTADO en iteración 103295
2025-10-23 06:15:07,225 - WARNING -    Fitness: 124.5 → 86.3 (Δ=-38.2)
2025-10-23 06:15:07,225 - WARNING -    Ver detalles en archivo de log
2025-10-23 06:15:08,050 - DEBUG - Iter 103300: T=0.21, Fitness_actual=124.5, Mejor=127.9
2025-10-23 06:15:08,562 - WARNING - ================================================================================
2025-10-23 06:15:08,563 - WARNING - ⚠️  SALTO ANORMAL DETECTADO en iteración 103303
2025-10-23 06:15:08,563 - WARNING -    Fitness actual: 124.5
2025-10-23 06:15:08,563 - WARNING -    Fitness vecino: 88.3
2025-10-23 06:15:08,563 - WARNING -    Delta: -36.2
2025-10-23 06:15:08,563 - WARNING -    Temperatura: 0.21
2025-10-23 06:15:08,563 - WARNING -    Tipo perturbación aplicada: (ver generar_vecino)
2025-10-23 06:15:08,564 - WARNING -    Vecino - Puntos: 14015, Tiempo: 14802.2min, Distancia: 253.3km
2025-10-23 06:15:08,564 - WARNING -    Actual - Puntos: 14091, Tiempo: 13394.1min, Distancia: 129.7km
2025-10-23 06:15:08,564 - WARNING -    Validez restricciones - Vecino: False, Actual: False
2025-10-23 06:15:08,564 - WARNING - ================================================================================
2025-10-23 06:15:08,564 - WARNING - ⚠️  SALTO ANORMAL DETECTADO en iteración 103303
2025-10-23 06:15:08,564 - WARNING -    Fitness: 124.5 → 88.3 (Δ=-36.2)
2025-10-23 06:15:08,564 - WARNING -    Ver detalles en archivo de log
2025-10-23 06:15:09,560 - WARNING - ================================================================================
2025-10-23 06:15:09,560 - WARNING - ⚠️  SALTO ANORMAL DETECTADO en iteración 103309
2025-10-23 06:15:09,561 - WARNING -    Fitness actual: 124.6
2025-10-23 06:15:09,561 - WARNING -    Fitness vecino: 86.5
2025-10-23 06:15:09,561 - WARNING -    Delta: -38.1
2025-10-23 06:15:09,561 - WARNING -    Temperatura: 0.21
2025-10-23 06:15:09,561 - WARNING -    Tipo perturbación aplicada: (ver generar_vecino)
2025-10-23 06:15:09,561 - WARNING -    Vecino - Puntos: 14026, Tiempo: 14734.4min, Distancia: 243.0km
2025-10-23 06:15:09,562 - WARNING -    Actual - Puntos: 14102, Tiempo: 13316.9min, Distancia: 126.2km
2025-10-23 06:15:09,562 - WARNING -    Validez restricciones - Vecino: False, Actual: False
2025-10-23 06:15:09,562 - WARNING - ================================================================================
2025-10-23 06:15:09,562 - WARNING - ⚠️  SALTO ANORMAL DETECTADO en iteración 103309
2025-10-23 06:15:09,562 - WARNING -    Fitness: 124.6 → 86.5 (Δ=-38.1)
2025-10-23 06:15:09,562 - WARNING -    Ver detalles en archivo de log
2025-10-23 06:15:10,061 - WARNING - ================================================================================
2025-10-23 06:15:10,062 - WARNING - ⚠️  SALTO ANORMAL DETECTADO en iteración 103312
2025-10-23 06:15:10,062 - WARNING -    Fitness actual: 124.6
2025-10-23 06:15:10,062 - WARNING -    Fitness vecino: 87.5
2025-10-23 06:15:10,062 - WARNING -    Delta: -37.1
2025-10-23 06:15:10,062 - WARNING -    Temperatura: 0.21
2025-10-23 06:15:10,062 - WARNING -    Tipo perturbación aplicada: (ver generar_vecino)
2025-10-23 06:15:10,062 - WARNING -    Vecino - Puntos: 14026, Tiempo: 14730.3min, Distancia: 242.7km
2025-10-23 06:15:10,063 - WARNING -    Actual - Puntos: 14102, Tiempo: 13315.2min, Distancia: 126.0km
2025-10-23 06:15:10,063 - WARNING -    Validez restricciones - Vecino: False, Actual: False
2025-10-23 06:15:10,063 - WARNING - ================================================================================
2025-10-23 06:15:10,063 - WARNING - ⚠️  SALTO ANORMAL DETECTADO en iteración 103312
2025-10-23 06:15:10,064 - WARNING -    Fitness: 124.6 → 87.5 (Δ=-37.1)
2025-10-23 06:15:10,064 - WARNING -    Ver detalles en archivo de log
2025-10-23 06:15:10,892 - WARNING - ================================================================================
2025-10-23 06:15:10,893 - WARNING - ⚠️  SALTO ANORMAL DETECTADO en iteración 103317
2025-10-23 06:15:10,893 - WARNING -    Fitness actual: 124.6
2025-10-23 06:15:10,893 - WARNING -    Fitness vecino: 88.0
2025-10-23 06:15:10,893 - WARNING -    Delta: -36.6
2025-10-23 06:15:10,893 - WARNING -    Temperatura: 0.21
2025-10-23 06:15:10,893 - WARNING -    Tipo perturbación aplicada: (ver generar_vecino)
2025-10-23 06:15:10,893 - WARNING -    Vecino - Puntos: 14026, Tiempo: 14760.6min, Distancia: 245.2km
2025-10-23 06:15:10,893 - WARNING -    Actual - Puntos: 14102, Tiempo: 13317.7min, Distancia: 126.2km
2025-10-23 06:15:10,893 - WARNING -    Validez restricciones - Vecino: False, Actual: False
2025-10-23 06:15:10,893 - WARNING - ================================================================================
2025-10-23 06:15:10,894 - WARNING - ⚠️  SALTO ANORMAL DETECTADO en iteración 103317
2025-10-23 06:15:10,894 - WARNING -    Fitness: 124.6 → 88.0 (Δ=-36.6)
2025-10-23 06:15:10,894 - WARNING -    Ver detalles en archivo de log
2025-10-23 06:15:24,663 - DEBUG - Iter 103400: T=0.21, Fitness_actual=125.7, Mejor=127.9
2025-10-23 06:15:41,284 - INFO -   Iter 103500 | Tiempo:  170.9min (71.2%) | T =     0.21 | Fitness =    125.6 | Mejor =    127.9 | Aceptación =  62.6%
2025-10-23 06:15:41,284 - INFO - Progreso iter 103500: T=0.21, Fitness=125.6, Mejor=127.9, Tasa_acept=62.6%
2025-10-23 06:15:41,285 - DEBUG - Iter 103500: T=0.21, Fitness_actual=125.6, Mejor=127.9
2025-10-23 06:15:57,925 - DEBUG - Iter 103600: T=0.21, Fitness_actual=125.4, Mejor=127.9
2025-10-23 06:16:14,579 - DEBUG - Iter 103700: T=0.21, Fitness_actual=125.4, Mejor=127.9
2025-10-23 06:16:31,310 - DEBUG - Iter 103800: T=0.21, Fitness_actual=125.1, Mejor=127.9
2025-10-23 06:16:47,961 - DEBUG - Iter 103900: T=0.20, Fitness_actual=125.1, Mejor=127.9
2025-10-23 06:17:04,644 - INFO -   Iter 104000 | Tiempo:  172.3min (71.8%) | T =     0.20 | Fitness =    124.8 | Mejor =    127.9 | Aceptación =  62.6%
2025-10-23 06:17:04,645 - INFO - Progreso iter 104000: T=0.20, Fitness=124.8, Mejor=127.9, Tasa_acept=62.6%
2025-10-23 06:17:04,648 - DEBUG - Iter 104000: T=0.20, Fitness_actual=124.8, Mejor=127.9
2025-10-23 06:17:21,383 - DEBUG - Iter 104100: T=0.20, Fitness_actual=124.6, Mejor=127.9
2025-10-23 06:17:38,081 - DEBUG - Iter 104200: T=0.20, Fitness_actual=124.7, Mejor=127.9
2025-10-23 06:17:54,779 - DEBUG - Iter 104300: T=0.20, Fitness_actual=124.9, Mejor=127.9
2025-10-23 06:18:11,522 - DEBUG - Iter 104400: T=0.20, Fitness_actual=123.8, Mejor=127.9
2025-10-23 06:18:28,258 - INFO -   Iter 104500 | Tiempo:  173.7min (72.4%) | T =     0.20 | Fitness =    124.6 | Mejor =    127.9 | Aceptación =  62.6%
2025-10-23 06:18:28,258 - INFO - Progreso iter 104500: T=0.20, Fitness=124.6, Mejor=127.9, Tasa_acept=62.6%
2025-10-23 06:18:28,259 - DEBUG - Iter 104500: T=0.20, Fitness_actual=124.6, Mejor=127.9
2025-10-23 06:18:45,033 - DEBUG - Iter 104600: T=0.20, Fitness_actual=124.8, Mejor=127.9
2025-10-23 06:19:01,810 - DEBUG - Iter 104700: T=0.20, Fitness_actual=124.7, Mejor=127.9
2025-10-23 06:19:18,581 - DEBUG - Iter 104800: T=0.20, Fitness_actual=124.6, Mejor=127.9
2025-10-23 06:19:35,342 - DEBUG - Iter 104900: T=0.20, Fitness_actual=124.7, Mejor=127.9
2025-10-23 06:19:52,135 - INFO -   Iter 105000 | Tiempo:  175.1min (73.0%) | T =     0.20 | Fitness =    124.1 | Mejor =    127.9 | Aceptación =  62.6%
2025-10-23 06:19:52,135 - INFO - Progreso iter 105000: T=0.20, Fitness=124.1, Mejor=127.9, Tasa_acept=62.6%
2025-10-23 06:19:52,138 - DEBUG - Iter 105000: T=0.20, Fitness_actual=124.1, Mejor=127.9
2025-10-23 06:20:08,957 - DEBUG - Iter 105100: T=0.20, Fitness_actual=123.0, Mejor=127.9
2025-10-23 06:20:25,785 - DEBUG - Iter 105200: T=0.20, Fitness_actual=124.1, Mejor=127.9
2025-10-23 06:20:42,587 - DEBUG - Iter 105300: T=0.20, Fitness_actual=124.1, Mejor=127.9
2025-10-23 06:20:59,535 - DEBUG - Iter 105400: T=0.20, Fitness_actual=124.0, Mejor=127.9
2025-10-23 06:21:16,412 - INFO -   Iter 105500 | Tiempo:  176.5min (73.5%) | T =     0.20 | Fitness =    124.0 | Mejor =    127.9 | Aceptación =  62.6%
2025-10-23 06:21:16,413 - INFO - Progreso iter 105500: T=0.20, Fitness=124.0, Mejor=127.9, Tasa_acept=62.6%
2025-10-23 06:21:16,414 - DEBUG - Iter 105500: T=0.20, Fitness_actual=124.0, Mejor=127.9
2025-10-23 06:21:33,310 - DEBUG - Iter 105600: T=0.20, Fitness_actual=124.0, Mejor=127.9
2025-10-23 06:21:50,248 - DEBUG - Iter 105700: T=0.20, Fitness_actual=124.1, Mejor=127.9
2025-10-23 06:22:07,124 - DEBUG - Iter 105800: T=0.20, Fitness_actual=124.3, Mejor=127.9
2025-10-23 06:22:24,017 - DEBUG - Iter 105900: T=0.20, Fitness_actual=124.4, Mejor=127.9
2025-10-23 06:22:40,917 - INFO -   Iter 106000 | Tiempo:  177.9min (74.1%) | T =     0.20 | Fitness =    124.4 | Mejor =    127.9 | Aceptación =  62.7%
2025-10-23 06:22:40,918 - INFO - Progreso iter 106000: T=0.20, Fitness=124.4, Mejor=127.9, Tasa_acept=62.7%
2025-10-23 06:22:40,919 - DEBUG - Iter 106000: T=0.20, Fitness_actual=124.4, Mejor=127.9
2025-10-23 06:22:57,821 - DEBUG - Iter 106100: T=0.20, Fitness_actual=123.4, Mejor=127.9
2025-10-23 06:23:14,755 - DEBUG - Iter 106200: T=0.20, Fitness_actual=123.6, Mejor=127.9
2025-10-23 06:23:24,422 - WARNING - ================================================================================
2025-10-23 06:23:24,422 - WARNING - ⚠️  SALTO ANORMAL DETECTADO en iteración 106257
2025-10-23 06:23:24,422 - WARNING -    Fitness actual: 123.8
2025-10-23 06:23:24,422 - WARNING -    Fitness vecino: 83.4
2025-10-23 06:23:24,422 - WARNING -    Delta: -40.4
2025-10-23 06:23:24,422 - WARNING -    Temperatura: 0.20
2025-10-23 06:23:24,422 - WARNING -    Tipo perturbación aplicada: (ver generar_vecino)
2025-10-23 06:23:24,423 - WARNING -    Vecino - Puntos: 14065, Tiempo: 14983.3min, Distancia: 273.4km
2025-10-23 06:23:24,423 - WARNING -    Actual - Puntos: 14119, Tiempo: 13451.4min, Distancia: 135.7km
2025-10-23 06:23:24,423 - WARNING -    Validez restricciones - Vecino: False, Actual: False
2025-10-23 06:23:24,423 - WARNING - ================================================================================
2025-10-23 06:23:24,423 - WARNING - ⚠️  SALTO ANORMAL DETECTADO en iteración 106257
2025-10-23 06:23:24,423 - WARNING -    Fitness: 123.8 → 83.4 (Δ=-40.4)
2025-10-23 06:23:24,423 - WARNING -    Ver detalles en archivo de log
2025-10-23 06:23:31,713 - DEBUG - Iter 106300: T=0.20, Fitness_actual=125.0, Mejor=127.9
2025-10-23 06:23:48,667 - DEBUG - Iter 106400: T=0.20, Fitness_actual=126.2, Mejor=127.9
2025-10-23 06:24:05,634 - INFO -   Iter 106500 | Tiempo:  179.3min (74.7%) | T =     0.20 | Fitness =    126.3 | Mejor =    127.9 | Aceptación =  62.7%
2025-10-23 06:24:05,634 - INFO - Progreso iter 106500: T=0.20, Fitness=126.3, Mejor=127.9, Tasa_acept=62.7%
2025-10-23 06:24:05,635 - DEBUG - Iter 106500: T=0.20, Fitness_actual=126.3, Mejor=127.9
2025-10-23 06:24:22,585 - DEBUG - Iter 106600: T=0.20, Fitness_actual=126.4, Mejor=127.9
2025-10-23 06:24:39,555 - DEBUG - Iter 106700: T=0.20, Fitness_actual=126.2, Mejor=127.9
2025-10-23 06:24:56,515 - DEBUG - Iter 106800: T=0.19, Fitness_actual=126.3, Mejor=127.9
2025-10-23 06:25:13,509 - DEBUG - Iter 106900: T=0.19, Fitness_actual=125.4, Mejor=127.9
2025-10-23 06:25:30,587 - INFO -   Iter 107000 | Tiempo:  180.7min (75.3%) | T =     0.19 | Fitness =    125.3 | Mejor =    127.9 | Aceptación =  62.7%
2025-10-23 06:25:30,587 - INFO - Progreso iter 107000: T=0.19, Fitness=125.3, Mejor=127.9, Tasa_acept=62.7%
2025-10-23 06:25:30,588 - DEBUG - Iter 107000: T=0.19, Fitness_actual=125.3, Mejor=127.9
2025-10-23 06:25:47,639 - DEBUG - Iter 107100: T=0.19, Fitness_actual=125.0, Mejor=127.9
2025-10-23 06:26:04,716 - DEBUG - Iter 107200: T=0.19, Fitness_actual=124.9, Mejor=127.9
2025-10-23 06:26:21,762 - DEBUG - Iter 107300: T=0.19, Fitness_actual=124.9, Mejor=127.9
2025-10-23 06:26:38,795 - DEBUG - Iter 107400: T=0.19, Fitness_actual=124.8, Mejor=127.9
2025-10-23 06:26:55,813 - INFO -   Iter 107500 | Tiempo:  182.2min (75.9%) | T =     0.19 | Fitness =    125.2 | Mejor =    127.9 | Aceptación =  62.7%
2025-10-23 06:26:55,814 - INFO - Progreso iter 107500: T=0.19, Fitness=125.2, Mejor=127.9, Tasa_acept=62.7%
2025-10-23 06:26:55,814 - DEBUG - Iter 107500: T=0.19, Fitness_actual=125.2, Mejor=127.9
2025-10-23 06:27:12,886 - DEBUG - Iter 107600: T=0.19, Fitness_actual=124.7, Mejor=127.9
2025-10-23 06:27:29,908 - DEBUG - Iter 107700: T=0.19, Fitness_actual=124.6, Mejor=127.9
2025-10-23 06:27:47,010 - DEBUG - Iter 107800: T=0.19, Fitness_actual=124.4, Mejor=127.9
2025-10-23 06:28:04,078 - DEBUG - Iter 107900: T=0.19, Fitness_actual=124.4, Mejor=127.9
2025-10-23 06:28:21,165 - INFO -   Iter 108000 | Tiempo:  183.6min (76.5%) | T =     0.19 | Fitness =    124.1 | Mejor =    127.9 | Aceptación =  62.7%
2025-10-23 06:28:21,166 - INFO - Progreso iter 108000: T=0.19, Fitness=124.1, Mejor=127.9, Tasa_acept=62.7%
2025-10-23 06:28:21,167 - DEBUG - Iter 108000: T=0.19, Fitness_actual=124.1, Mejor=127.9
2025-10-23 06:28:38,275 - DEBUG - Iter 108100: T=0.19, Fitness_actual=124.3, Mejor=127.9
2025-10-23 06:28:55,386 - DEBUG - Iter 108200: T=0.19, Fitness_actual=124.1, Mejor=127.9
2025-10-23 06:29:12,452 - DEBUG - Iter 108300: T=0.19, Fitness_actual=124.0, Mejor=127.9
2025-10-23 06:29:29,610 - DEBUG - Iter 108400: T=0.19, Fitness_actual=123.8, Mejor=127.9
2025-10-23 06:29:46,731 - INFO -   Iter 108500 | Tiempo:  185.0min (77.1%) | T =     0.19 | Fitness =    123.9 | Mejor =    127.9 | Aceptación =  62.7%
2025-10-23 06:29:46,731 - INFO - Progreso iter 108500: T=0.19, Fitness=123.9, Mejor=127.9, Tasa_acept=62.7%
2025-10-23 06:29:46,732 - DEBUG - Iter 108500: T=0.19, Fitness_actual=123.9, Mejor=127.9
2025-10-23 06:30:03,888 - DEBUG - Iter 108600: T=0.19, Fitness_actual=124.0, Mejor=127.9
2025-10-23 06:30:21,456 - DEBUG - Iter 108700: T=0.19, Fitness_actual=124.0, Mejor=127.9
2025-10-23 06:30:38,995 - DEBUG - Iter 108800: T=0.19, Fitness_actual=123.9, Mejor=127.9
2025-10-23 06:30:56,368 - DEBUG - Iter 108900: T=0.19, Fitness_actual=122.8, Mejor=127.9
2025-10-23 06:31:13,516 - INFO -   Iter 109000 | Tiempo:  186.4min (77.7%) | T =     0.19 | Fitness =    123.8 | Mejor =    127.9 | Aceptación =  62.7%
2025-10-23 06:31:13,517 - INFO - Progreso iter 109000: T=0.19, Fitness=123.8, Mejor=127.9, Tasa_acept=62.7%
2025-10-23 06:31:13,521 - DEBUG - Iter 109000: T=0.19, Fitness_actual=123.8, Mejor=127.9
2025-10-23 06:31:30,641 - DEBUG - Iter 109100: T=0.19, Fitness_actual=123.8, Mejor=127.9
2025-10-23 06:31:47,813 - DEBUG - Iter 109200: T=0.19, Fitness_actual=123.0, Mejor=127.9
2025-10-23 06:32:04,988 - DEBUG - Iter 109300: T=0.19, Fitness_actual=122.9, Mejor=127.9
2025-10-23 06:32:22,135 - DEBUG - Iter 109400: T=0.19, Fitness_actual=123.9, Mejor=127.9
2025-10-23 06:32:39,264 - INFO -   Iter 109500 | Tiempo:  187.9min (78.3%) | T =     0.19 | Fitness =    124.0 | Mejor =    127.9 | Aceptación =  62.7%
2025-10-23 06:32:39,264 - INFO - Progreso iter 109500: T=0.19, Fitness=124.0, Mejor=127.9, Tasa_acept=62.7%
2025-10-23 06:32:39,265 - DEBUG - Iter 109500: T=0.19, Fitness_actual=124.0, Mejor=127.9
2025-10-23 06:32:56,412 - DEBUG - Iter 109600: T=0.19, Fitness_actual=124.2, Mejor=127.9
2025-10-23 06:33:13,650 - DEBUG - Iter 109700: T=0.19, Fitness_actual=124.4, Mejor=127.9
2025-10-23 06:33:30,844 - DEBUG - Iter 109800: T=0.19, Fitness_actual=124.5, Mejor=127.9
2025-10-23 06:33:48,037 - DEBUG - Iter 109900: T=0.18, Fitness_actual=124.3, Mejor=127.9
2025-10-23 06:34:05,242 - INFO -   Iter 110000 | Tiempo:  189.3min (78.9%) | T =     0.18 | Fitness =    124.5 | Mejor =    127.9 | Aceptación =  62.7%
2025-10-23 06:34:05,243 - INFO - Progreso iter 110000: T=0.18, Fitness=124.5, Mejor=127.9, Tasa_acept=62.7%
2025-10-23 06:34:05,244 - DEBUG - Iter 110000: T=0.18, Fitness_actual=124.5, Mejor=127.9
2025-10-23 06:34:22,437 - DEBUG - Iter 110100: T=0.18, Fitness_actual=124.5, Mejor=127.9
2025-10-23 06:34:39,630 - DEBUG - Iter 110200: T=0.18, Fitness_actual=124.7, Mejor=127.9
2025-10-23 06:34:56,852 - DEBUG - Iter 110300: T=0.18, Fitness_actual=124.6, Mejor=127.9
2025-10-23 06:35:14,076 - DEBUG - Iter 110400: T=0.18, Fitness_actual=124.6, Mejor=127.9
2025-10-23 06:35:31,348 - INFO -   Iter 110500 | Tiempo:  190.7min (79.5%) | T =     0.18 | Fitness =    124.6 | Mejor =    127.9 | Aceptación =  62.7%
2025-10-23 06:35:31,349 - INFO - Progreso iter 110500: T=0.18, Fitness=124.6, Mejor=127.9, Tasa_acept=62.7%
2025-10-23 06:35:31,349 - DEBUG - Iter 110500: T=0.18, Fitness_actual=124.6, Mejor=127.9
2025-10-23 06:35:48,586 - DEBUG - Iter 110600: T=0.18, Fitness_actual=124.6, Mejor=127.9
2025-10-23 06:36:05,973 - DEBUG - Iter 110700: T=0.18, Fitness_actual=124.5, Mejor=127.9
2025-10-23 06:36:23,271 - DEBUG - Iter 110800: T=0.18, Fitness_actual=124.4, Mejor=127.9
2025-10-23 06:36:40,578 - DEBUG - Iter 110900: T=0.18, Fitness_actual=124.5, Mejor=127.9
2025-10-23 06:36:57,845 - INFO -   Iter 111000 | Tiempo:  192.2min (80.1%) | T =     0.18 | Fitness =    124.3 | Mejor =    127.9 | Aceptación =  62.8%
2025-10-23 06:36:57,845 - INFO - Progreso iter 111000: T=0.18, Fitness=124.3, Mejor=127.9, Tasa_acept=62.8%
2025-10-23 06:36:57,846 - DEBUG - Iter 111000: T=0.18, Fitness_actual=124.3, Mejor=127.9
2025-10-23 06:37:15,179 - DEBUG - Iter 111100: T=0.18, Fitness_actual=124.7, Mejor=127.9
2025-10-23 06:37:32,497 - DEBUG - Iter 111200: T=0.18, Fitness_actual=124.5, Mejor=127.9
2025-10-23 06:37:49,828 - DEBUG - Iter 111300: T=0.18, Fitness_actual=124.4, Mejor=127.9
2025-10-23 06:38:07,176 - DEBUG - Iter 111400: T=0.18, Fitness_actual=124.6, Mejor=127.9
2025-10-23 06:38:24,532 - INFO -   Iter 111500 | Tiempo:  193.6min (80.7%) | T =     0.18 | Fitness =    123.8 | Mejor =    127.9 | Aceptación =  62.8%
2025-10-23 06:38:24,532 - INFO - Progreso iter 111500: T=0.18, Fitness=123.8, Mejor=127.9, Tasa_acept=62.8%
2025-10-23 06:38:24,533 - DEBUG - Iter 111500: T=0.18, Fitness_actual=123.8, Mejor=127.9
2025-10-23 06:38:41,873 - DEBUG - Iter 111600: T=0.18, Fitness_actual=123.9, Mejor=127.9
2025-10-23 06:38:59,243 - DEBUG - Iter 111700: T=0.18, Fitness_actual=125.3, Mejor=127.9
2025-10-23 06:39:16,630 - DEBUG - Iter 111800: T=0.18, Fitness_actual=125.6, Mejor=127.9
2025-10-23 06:39:34,083 - DEBUG - Iter 111900: T=0.18, Fitness_actual=125.0, Mejor=127.9
2025-10-23 06:39:51,492 - INFO -   Iter 112000 | Tiempo:  195.1min (81.3%) | T =     0.18 | Fitness =    124.8 | Mejor =    127.9 | Aceptación =  62.8%
2025-10-23 06:39:51,492 - INFO - Progreso iter 112000: T=0.18, Fitness=124.8, Mejor=127.9, Tasa_acept=62.8%
2025-10-23 06:39:51,493 - DEBUG - Iter 112000: T=0.18, Fitness_actual=124.8, Mejor=127.9
2025-10-23 06:40:08,898 - DEBUG - Iter 112100: T=0.18, Fitness_actual=124.9, Mejor=127.9
2025-10-23 06:40:26,318 - DEBUG - Iter 112200: T=0.18, Fitness_actual=124.8, Mejor=127.9
2025-10-23 06:40:43,754 - DEBUG - Iter 112300: T=0.18, Fitness_actual=124.8, Mejor=127.9
2025-10-23 06:41:01,315 - DEBUG - Iter 112400: T=0.18, Fitness_actual=124.8, Mejor=127.9
2025-10-23 06:41:18,775 - INFO -   Iter 112500 | Tiempo:  196.5min (81.9%) | T =     0.18 | Fitness =    124.9 | Mejor =    127.9 | Aceptación =  62.8%
2025-10-23 06:41:18,775 - INFO - Progreso iter 112500: T=0.18, Fitness=124.9, Mejor=127.9, Tasa_acept=62.8%
2025-10-23 06:41:18,776 - DEBUG - Iter 112500: T=0.18, Fitness_actual=124.9, Mejor=127.9
2025-10-23 06:41:36,239 - DEBUG - Iter 112600: T=0.18, Fitness_actual=124.9, Mejor=127.9
2025-10-23 06:41:53,756 - DEBUG - Iter 112700: T=0.18, Fitness_actual=124.7, Mejor=127.9
2025-10-23 06:42:11,250 - DEBUG - Iter 112800: T=0.18, Fitness_actual=124.6, Mejor=127.9
2025-10-23 06:42:28,786 - DEBUG - Iter 112900: T=0.18, Fitness_actual=124.6, Mejor=127.9
2025-10-23 06:42:30,192 - WARNING - ================================================================================
2025-10-23 06:42:30,192 - WARNING - ⚠️  SALTO ANORMAL DETECTADO en iteración 112908
2025-10-23 06:42:30,193 - WARNING -    Fitness actual: 124.6
2025-10-23 06:42:30,193 - WARNING -    Fitness vecino: 104.0
2025-10-23 06:42:30,193 - WARNING -    Delta: -20.6
2025-10-23 06:42:30,193 - WARNING -    Temperatura: 0.18
2025-10-23 06:42:30,193 - WARNING -    Tipo perturbación aplicada: (ver generar_vecino)
2025-10-23 06:42:30,193 - WARNING -    Vecino - Puntos: 14029, Tiempo: 13533.9min, Distancia: 199.7km
2025-10-23 06:42:30,193 - WARNING -    Actual - Puntos: 14101, Tiempo: 12728.7min, Distancia: 131.3km
2025-10-23 06:42:30,193 - WARNING -    Validez restricciones - Vecino: False, Actual: False
2025-10-23 06:42:30,194 - WARNING - ================================================================================
2025-10-23 06:42:30,194 - WARNING - ⚠️  SALTO ANORMAL DETECTADO en iteración 112908
2025-10-23 06:42:30,194 - WARNING -    Fitness: 124.6 → 104.0 (Δ=-20.6)
2025-10-23 06:42:30,194 - WARNING -    Ver detalles en archivo de log
2025-10-23 06:42:46,320 - INFO -   Iter 113000 | Tiempo:  198.0min (82.5%) | T =     0.18 | Fitness =    124.6 | Mejor =    127.9 | Aceptación =  62.8%
2025-10-23 06:42:46,320 - INFO - Progreso iter 113000: T=0.18, Fitness=124.6, Mejor=127.9, Tasa_acept=62.8%
2025-10-23 06:42:46,321 - DEBUG - Iter 113000: T=0.18, Fitness_actual=124.6, Mejor=127.9
2025-10-23 06:43:03,849 - DEBUG - Iter 113100: T=0.18, Fitness_actual=123.3, Mejor=127.9
2025-10-23 06:43:21,444 - DEBUG - Iter 113200: T=0.18, Fitness_actual=124.4, Mejor=127.9
2025-10-23 06:43:39,001 - DEBUG - Iter 113300: T=0.17, Fitness_actual=124.7, Mejor=127.9
2025-10-23 06:43:56,560 - DEBUG - Iter 113400: T=0.17, Fitness_actual=125.0, Mejor=127.9
2025-10-23 06:44:14,111 - INFO -   Iter 113500 | Tiempo:  199.5min (83.1%) | T =     0.17 | Fitness =    125.0 | Mejor =    127.9 | Aceptación =  62.8%
2025-10-23 06:44:14,111 - INFO - Progreso iter 113500: T=0.17, Fitness=125.0, Mejor=127.9, Tasa_acept=62.8%
2025-10-23 06:44:14,115 - DEBUG - Iter 113500: T=0.17, Fitness_actual=125.0, Mejor=127.9
2025-10-23 06:44:31,644 - DEBUG - Iter 113600: T=0.17, Fitness_actual=125.2, Mejor=127.9
2025-10-23 06:44:49,211 - DEBUG - Iter 113700: T=0.17, Fitness_actual=125.2, Mejor=127.9
2025-10-23 06:45:06,820 - DEBUG - Iter 113800: T=0.17, Fitness_actual=125.3, Mejor=127.9
2025-10-23 06:45:24,430 - DEBUG - Iter 113900: T=0.17, Fitness_actual=125.5, Mejor=127.9
2025-10-23 06:45:42,068 - INFO -   Iter 114000 | Tiempo:  200.9min (83.7%) | T =     0.17 | Fitness =    125.9 | Mejor =    127.9 | Aceptación =  62.8%
2025-10-23 06:45:42,068 - INFO - Progreso iter 114000: T=0.17, Fitness=125.9, Mejor=127.9, Tasa_acept=62.8%
2025-10-23 06:45:42,069 - DEBUG - Iter 114000: T=0.17, Fitness_actual=125.9, Mejor=127.9
2025-10-23 06:45:44,546 - WARNING - ================================================================================
2025-10-23 06:45:44,546 - WARNING - ⚠️  SALTO ANORMAL DETECTADO en iteración 114014
2025-10-23 06:45:44,546 - WARNING -    Fitness actual: 125.9
2025-10-23 06:45:44,546 - WARNING -    Fitness vecino: 105.5
2025-10-23 06:45:44,547 - WARNING -    Delta: -20.4
2025-10-23 06:45:44,547 - WARNING -    Temperatura: 0.17
2025-10-23 06:45:44,547 - WARNING -    Tipo perturbación aplicada: (ver generar_vecino)
2025-10-23 06:45:44,547 - WARNING -    Vecino - Puntos: 14110, Tiempo: 14015.4min, Distancia: 201.4km
2025-10-23 06:45:44,548 - WARNING -    Actual - Puntos: 14163, Tiempo: 13196.0min, Distancia: 130.7km
2025-10-23 06:45:44,548 - WARNING -    Validez restricciones - Vecino: False, Actual: False
2025-10-23 06:45:44,548 - WARNING - ================================================================================
2025-10-23 06:45:44,548 - WARNING - ⚠️  SALTO ANORMAL DETECTADO en iteración 114014
2025-10-23 06:45:44,548 - WARNING -    Fitness: 125.9 → 105.5 (Δ=-20.4)
2025-10-23 06:45:44,548 - WARNING -    Ver detalles en archivo de log
2025-10-23 06:45:59,814 - DEBUG - Iter 114100: T=0.17, Fitness_actual=125.9, Mejor=127.9
2025-10-23 06:46:17,498 - DEBUG - Iter 114200: T=0.17, Fitness_actual=126.2, Mejor=127.9
2025-10-23 06:46:35,162 - DEBUG - Iter 114300: T=0.17, Fitness_actual=126.5, Mejor=127.9
2025-10-23 06:46:52,964 - DEBUG - Iter 114400: T=0.17, Fitness_actual=126.2, Mejor=127.9
2025-10-23 06:47:10,776 - INFO -   Iter 114500 | Tiempo:  202.4min (84.3%) | T =     0.17 | Fitness =    126.2 | Mejor =    127.9 | Aceptación =  62.8%
2025-10-23 06:47:10,776 - INFO - Progreso iter 114500: T=0.17, Fitness=126.2, Mejor=127.9, Tasa_acept=62.8%
2025-10-23 06:47:10,777 - DEBUG - Iter 114500: T=0.17, Fitness_actual=126.2, Mejor=127.9
2025-10-23 06:47:28,593 - DEBUG - Iter 114600: T=0.17, Fitness_actual=126.2, Mejor=127.9
2025-10-23 06:47:46,453 - DEBUG - Iter 114700: T=0.17, Fitness_actual=126.3, Mejor=127.9
2025-10-23 06:48:04,305 - DEBUG - Iter 114800: T=0.17, Fitness_actual=126.9, Mejor=127.9
2025-10-23 06:48:22,147 - DEBUG - Iter 114900: T=0.17, Fitness_actual=125.7, Mejor=127.9
2025-10-23 06:48:39,988 - INFO -   Iter 115000 | Tiempo:  203.9min (85.0%) | T =     0.17 | Fitness =    126.2 | Mejor =    127.9 | Aceptación =  62.8%
2025-10-23 06:48:39,988 - INFO - Progreso iter 115000: T=0.17, Fitness=126.2, Mejor=127.9, Tasa_acept=62.8%
2025-10-23 06:48:39,989 - DEBUG - Iter 115000: T=0.17, Fitness_actual=126.2, Mejor=127.9
2025-10-23 06:48:57,837 - DEBUG - Iter 115100: T=0.17, Fitness_actual=127.1, Mejor=127.9
2025-10-23 06:49:15,695 - DEBUG - Iter 115200: T=0.17, Fitness_actual=127.4, Mejor=127.9
2025-10-23 06:49:33,598 - DEBUG - Iter 115300: T=0.17, Fitness_actual=127.4, Mejor=127.9
2025-10-23 06:49:51,475 - DEBUG - Iter 115400: T=0.17, Fitness_actual=127.3, Mejor=127.9
2025-10-23 06:49:52,192 - WARNING - ================================================================================
2025-10-23 06:49:52,193 - WARNING - ⚠️  SALTO ANORMAL DETECTADO en iteración 115404
2025-10-23 06:49:52,193 - WARNING -    Fitness actual: 127.3
2025-10-23 06:49:52,193 - WARNING -    Fitness vecino: 106.2
2025-10-23 06:49:52,193 - WARNING -    Delta: -21.1
2025-10-23 06:49:52,193 - WARNING -    Temperatura: 0.17
2025-10-23 06:49:52,193 - WARNING -    Tipo perturbación aplicada: (ver generar_vecino)
2025-10-23 06:49:52,193 - WARNING -    Vecino - Puntos: 14249, Tiempo: 14181.2min, Distancia: 201.9km
2025-10-23 06:49:52,193 - WARNING -    Actual - Puntos: 14272, Tiempo: 13433.2min, Distancia: 134.6km
2025-10-23 06:49:52,194 - WARNING -    Validez restricciones - Vecino: False, Actual: False
2025-10-23 06:49:52,194 - WARNING - ================================================================================
2025-10-23 06:49:52,194 - WARNING - ⚠️  SALTO ANORMAL DETECTADO en iteración 115404
2025-10-23 06:49:52,194 - WARNING -    Fitness: 127.3 → 106.2 (Δ=-21.1)
2025-10-23 06:49:52,194 - WARNING -    Ver detalles en archivo de log
2025-10-23 06:49:54,710 - WARNING - ================================================================================
2025-10-23 06:49:54,710 - WARNING - ⚠️  SALTO ANORMAL DETECTADO en iteración 115418
2025-10-23 06:49:54,710 - WARNING -    Fitness actual: 127.3
2025-10-23 06:49:54,710 - WARNING -    Fitness vecino: 106.2
2025-10-23 06:49:54,710 - WARNING -    Delta: -21.1
2025-10-23 06:49:54,711 - WARNING -    Temperatura: 0.17
2025-10-23 06:49:54,711 - WARNING -    Tipo perturbación aplicada: (ver generar_vecino)
2025-10-23 06:49:54,711 - WARNING -    Vecino - Puntos: 14249, Tiempo: 14160.5min, Distancia: 200.2km
2025-10-23 06:49:54,711 - WARNING -    Actual - Puntos: 14272, Tiempo: 13394.4min, Distancia: 131.4km
2025-10-23 06:49:54,711 - WARNING -    Validez restricciones - Vecino: False, Actual: False
2025-10-23 06:49:54,711 - WARNING - ================================================================================
2025-10-23 06:49:54,711 - WARNING - ⚠️  SALTO ANORMAL DETECTADO en iteración 115418
2025-10-23 06:49:54,711 - WARNING -    Fitness: 127.3 → 106.2 (Δ=-21.1)
2025-10-23 06:49:54,711 - WARNING -    Ver detalles en archivo de log
2025-10-23 06:49:55,787 - WARNING - ================================================================================
2025-10-23 06:49:55,787 - WARNING - ⚠️  SALTO ANORMAL DETECTADO en iteración 115424
2025-10-23 06:49:55,788 - WARNING -    Fitness actual: 127.3
2025-10-23 06:49:55,788 - WARNING -    Fitness vecino: 106.7
2025-10-23 06:49:55,788 - WARNING -    Delta: -20.7
2025-10-23 06:49:55,788 - WARNING -    Temperatura: 0.17
2025-10-23 06:49:55,788 - WARNING -    Tipo perturbación aplicada: (ver generar_vecino)
2025-10-23 06:49:55,788 - WARNING -    Vecino - Puntos: 14194, Tiempo: 14205.9min, Distancia: 204.0km
2025-10-23 06:49:55,788 - WARNING -    Actual - Puntos: 14272, Tiempo: 13393.7min, Distancia: 131.3km
2025-10-23 06:49:55,789 - WARNING -    Validez restricciones - Vecino: False, Actual: False
2025-10-23 06:49:55,789 - WARNING - ================================================================================
2025-10-23 06:49:55,789 - WARNING - ⚠️  SALTO ANORMAL DETECTADO en iteración 115424
2025-10-23 06:49:55,789 - WARNING -    Fitness: 127.3 → 106.7 (Δ=-20.7)
2025-10-23 06:49:55,789 - WARNING -    Ver detalles en archivo de log
2025-10-23 06:50:09,474 - INFO -   Iter 115500 | Tiempo:  205.4min (85.6%) | T =     0.17 | Fitness =    127.3 | Mejor =    127.9 | Aceptación =  62.8%
2025-10-23 06:50:09,474 - INFO - Progreso iter 115500: T=0.17, Fitness=127.3, Mejor=127.9, Tasa_acept=62.8%
2025-10-23 06:50:09,477 - DEBUG - Iter 115500: T=0.17, Fitness_actual=127.3, Mejor=127.9
2025-10-23 06:50:27,459 - DEBUG - Iter 115600: T=0.17, Fitness_actual=126.5, Mejor=127.9
2025-10-23 06:50:45,447 - DEBUG - Iter 115700: T=0.17, Fitness_actual=126.5, Mejor=127.9
2025-10-23 06:51:03,557 - DEBUG - Iter 115800: T=0.17, Fitness_actual=126.4, Mejor=127.9
2025-10-23 06:51:21,561 - DEBUG - Iter 115900: T=0.17, Fitness_actual=126.8, Mejor=127.9
2025-10-23 06:51:39,586 - INFO -   Iter 116000 | Tiempo:  206.9min (86.2%) | T =     0.17 | Fitness =    126.5 | Mejor =    127.9 | Aceptación =  62.8%
2025-10-23 06:51:39,587 - INFO - Progreso iter 116000: T=0.17, Fitness=126.5, Mejor=127.9, Tasa_acept=62.8%
2025-10-23 06:51:39,588 - DEBUG - Iter 116000: T=0.17, Fitness_actual=126.5, Mejor=127.9
2025-10-23 06:51:57,735 - DEBUG - Iter 116100: T=0.17, Fitness_actual=126.6, Mejor=127.9
2025-10-23 06:52:15,797 - DEBUG - Iter 116200: T=0.17, Fitness_actual=126.5, Mejor=127.9
2025-10-23 06:52:33,934 - DEBUG - Iter 116300: T=0.17, Fitness_actual=126.7, Mejor=127.9
2025-10-23 06:52:52,092 - DEBUG - Iter 116400: T=0.17, Fitness_actual=126.2, Mejor=127.9
2025-10-23 06:53:10,260 - INFO -   Iter 116500 | Tiempo:  208.4min (86.8%) | T =     0.17 | Fitness =    126.3 | Mejor =    127.9 | Aceptación =  62.8%
2025-10-23 06:53:10,260 - INFO - Progreso iter 116500: T=0.17, Fitness=126.3, Mejor=127.9, Tasa_acept=62.8%
2025-10-23 06:53:10,261 - DEBUG - Iter 116500: T=0.17, Fitness_actual=126.3, Mejor=127.9
2025-10-23 06:53:27,005 - WARNING - ================================================================================
2025-10-23 06:53:27,005 - WARNING - ⚠️  SALTO ANORMAL DETECTADO en iteración 116592
2025-10-23 06:53:27,005 - WARNING -    Fitness actual: 126.3
2025-10-23 06:53:27,005 - WARNING -    Fitness vecino: 102.9
2025-10-23 06:53:27,005 - WARNING -    Delta: -23.4
2025-10-23 06:53:27,006 - WARNING -    Temperatura: 0.17
2025-10-23 06:53:27,006 - WARNING -    Tipo perturbación aplicada: (ver generar_vecino)
2025-10-23 06:53:27,006 - WARNING -    Vecino - Puntos: 14173, Tiempo: 14332.3min, Distancia: 202.9km
2025-10-23 06:53:27,006 - WARNING -    Actual - Puntos: 14201, Tiempo: 13431.2min, Distancia: 130.3km
2025-10-23 06:53:27,006 - WARNING -    Validez restricciones - Vecino: False, Actual: False
2025-10-23 06:53:27,007 - WARNING - ================================================================================
2025-10-23 06:53:27,007 - WARNING - ⚠️  SALTO ANORMAL DETECTADO en iteración 116592
2025-10-23 06:53:27,007 - WARNING -    Fitness: 126.3 → 102.9 (Δ=-23.4)
2025-10-23 06:53:27,007 - WARNING -    Ver detalles en archivo de log
2025-10-23 06:53:28,467 - DEBUG - Iter 116600: T=0.17, Fitness_actual=126.3, Mejor=127.9
2025-10-23 06:53:46,725 - DEBUG - Iter 116700: T=0.17, Fitness_actual=126.7, Mejor=127.9
2025-10-23 06:54:04,937 - DEBUG - Iter 116800: T=0.17, Fitness_actual=126.6, Mejor=127.9
2025-10-23 06:54:23,130 - DEBUG - Iter 116900: T=0.17, Fitness_actual=126.8, Mejor=127.9
2025-10-23 06:54:41,332 - INFO -   Iter 117000 | Tiempo:  209.9min (87.5%) | T =     0.17 | Fitness =    126.7 | Mejor =    127.9 | Aceptación =  62.8%
2025-10-23 06:54:41,333 - INFO - Progreso iter 117000: T=0.17, Fitness=126.7, Mejor=127.9, Tasa_acept=62.8%
2025-10-23 06:54:41,337 - DEBUG - Iter 117000: T=0.17, Fitness_actual=126.7, Mejor=127.9
2025-10-23 06:54:59,559 - DEBUG - Iter 117100: T=0.17, Fitness_actual=126.5, Mejor=127.9
2025-10-23 06:55:17,810 - DEBUG - Iter 117200: T=0.16, Fitness_actual=126.4, Mejor=127.9
2025-10-23 06:55:36,047 - DEBUG - Iter 117300: T=0.16, Fitness_actual=126.4, Mejor=127.9
2025-10-23 06:55:54,321 - DEBUG - Iter 117400: T=0.16, Fitness_actual=126.6, Mejor=127.9
2025-10-23 06:56:12,660 - INFO -   Iter 117500 | Tiempo:  211.4min (88.1%) | T =     0.16 | Fitness =    126.1 | Mejor =    127.9 | Aceptación =  62.8%
2025-10-23 06:56:12,660 - INFO - Progreso iter 117500: T=0.16, Fitness=126.1, Mejor=127.9, Tasa_acept=62.8%
2025-10-23 06:56:12,661 - DEBUG - Iter 117500: T=0.16, Fitness_actual=126.1, Mejor=127.9
2025-10-23 06:56:30,956 - DEBUG - Iter 117600: T=0.16, Fitness_actual=126.1, Mejor=127.9
2025-10-23 06:56:43,184 - WARNING - ================================================================================
2025-10-23 06:56:43,184 - WARNING - ⚠️  SALTO ANORMAL DETECTADO en iteración 117667
2025-10-23 06:56:43,185 - WARNING -    Fitness actual: 126.1
2025-10-23 06:56:43,185 - WARNING -    Fitness vecino: 105.6
2025-10-23 06:56:43,185 - WARNING -    Delta: -20.5
2025-10-23 06:56:43,185 - WARNING -    Temperatura: 0.16
2025-10-23 06:56:43,185 - WARNING -    Tipo perturbación aplicada: (ver generar_vecino)
2025-10-23 06:56:43,185 - WARNING -    Vecino - Puntos: 14073, Tiempo: 14144.3min, Distancia: 214.3km
2025-10-23 06:56:43,185 - WARNING -    Actual - Puntos: 14184, Tiempo: 13330.6min, Distancia: 144.0km
2025-10-23 06:56:43,185 - WARNING -    Validez restricciones - Vecino: False, Actual: False
2025-10-23 06:56:43,185 - WARNING - ================================================================================
2025-10-23 06:56:43,185 - WARNING - ⚠️  SALTO ANORMAL DETECTADO en iteración 117667
2025-10-23 06:56:43,186 - WARNING -    Fitness: 126.1 → 105.6 (Δ=-20.5)
2025-10-23 06:56:43,186 - WARNING -    Ver detalles en archivo de log
2025-10-23 06:56:45,742 - WARNING - ================================================================================
2025-10-23 06:56:45,742 - WARNING - ⚠️  SALTO ANORMAL DETECTADO en iteración 117681
2025-10-23 06:56:45,743 - WARNING -    Fitness actual: 126.1
2025-10-23 06:56:45,743 - WARNING -    Fitness vecino: 104.7
2025-10-23 06:56:45,743 - WARNING -    Delta: -21.4
2025-10-23 06:56:45,743 - WARNING -    Temperatura: 0.16
2025-10-23 06:56:45,743 - WARNING -    Tipo perturbación aplicada: (ver generar_vecino)
2025-10-23 06:56:45,743 - WARNING -    Vecino - Puntos: 14080, Tiempo: 14103.8min, Distancia: 214.6km
2025-10-23 06:56:45,743 - WARNING -    Actual - Puntos: 14184, Tiempo: 13321.7min, Distancia: 143.2km
2025-10-23 06:56:45,743 - WARNING -    Validez restricciones - Vecino: False, Actual: False
2025-10-23 06:56:45,744 - WARNING - ================================================================================
2025-10-23 06:56:45,744 - WARNING - ⚠️  SALTO ANORMAL DETECTADO en iteración 117681
2025-10-23 06:56:45,744 - WARNING -    Fitness: 126.1 → 104.7 (Δ=-21.4)
2025-10-23 06:56:45,744 - WARNING -    Ver detalles en archivo de log
2025-10-23 06:56:45,929 - WARNING - ================================================================================
2025-10-23 06:56:45,930 - WARNING - ⚠️  SALTO ANORMAL DETECTADO en iteración 117682
2025-10-23 06:56:45,930 - WARNING -    Fitness actual: 126.1
2025-10-23 06:56:45,930 - WARNING -    Fitness vecino: 104.7
2025-10-23 06:56:45,930 - WARNING -    Delta: -21.4
2025-10-23 06:56:45,930 - WARNING -    Temperatura: 0.16
2025-10-23 06:56:45,930 - WARNING -    Tipo perturbación aplicada: (ver generar_vecino)
2025-10-23 06:56:45,930 - WARNING -    Vecino - Puntos: 14080, Tiempo: 14039.7min, Distancia: 209.3km
2025-10-23 06:56:45,930 - WARNING -    Actual - Puntos: 14184, Tiempo: 13321.7min, Distancia: 143.2km
2025-10-23 06:56:45,931 - WARNING -    Validez restricciones - Vecino: False, Actual: False
2025-10-23 06:56:45,931 - WARNING - ================================================================================
2025-10-23 06:56:45,931 - WARNING - ⚠️  SALTO ANORMAL DETECTADO en iteración 117682
2025-10-23 06:56:45,931 - WARNING -    Fitness: 126.1 → 104.7 (Δ=-21.4)
2025-10-23 06:56:45,931 - WARNING -    Ver detalles en archivo de log
2025-10-23 06:56:48,302 - WARNING - ================================================================================
2025-10-23 06:56:48,302 - WARNING - ⚠️  SALTO ANORMAL DETECTADO en iteración 117695
2025-10-23 06:56:48,302 - WARNING -    Fitness actual: 126.0
2025-10-23 06:56:48,302 - WARNING -    Fitness vecino: 104.6
2025-10-23 06:56:48,302 - WARNING -    Delta: -21.5
2025-10-23 06:56:48,302 - WARNING -    Temperatura: 0.16
2025-10-23 06:56:48,303 - WARNING -    Tipo perturbación aplicada: (ver generar_vecino)
2025-10-23 06:56:48,303 - WARNING -    Vecino - Puntos: 14069, Tiempo: 14043.3min, Distancia: 208.4km
2025-10-23 06:56:48,303 - WARNING -    Actual - Puntos: 14178, Tiempo: 13326.7min, Distancia: 147.4km
2025-10-23 06:56:48,303 - WARNING -    Validez restricciones - Vecino: False, Actual: False
2025-10-23 06:56:48,303 - WARNING - ================================================================================
2025-10-23 06:56:48,303 - WARNING - ⚠️  SALTO ANORMAL DETECTADO en iteración 117695
2025-10-23 06:56:48,303 - WARNING -    Fitness: 126.0 → 104.6 (Δ=-21.5)
2025-10-23 06:56:48,303 - WARNING -    Ver detalles en archivo de log
2025-10-23 06:56:48,672 - WARNING - ================================================================================
2025-10-23 06:56:48,673 - WARNING - ⚠️  SALTO ANORMAL DETECTADO en iteración 117697
2025-10-23 06:56:48,673 - WARNING -    Fitness actual: 125.8
2025-10-23 06:56:48,673 - WARNING -    Fitness vecino: 103.7
2025-10-23 06:56:48,673 - WARNING -    Delta: -22.1
2025-10-23 06:56:48,673 - WARNING -    Temperatura: 0.16
2025-10-23 06:56:48,673 - WARNING -    Tipo perturbación aplicada: (ver generar_vecino)
2025-10-23 06:56:48,674 - WARNING -    Vecino - Puntos: 14031, Tiempo: 13921.7min, Distancia: 207.0km
2025-10-23 06:56:48,674 - WARNING -    Actual - Puntos: 14154, Tiempo: 13271.9min, Distancia: 146.6km
2025-10-23 06:56:48,674 - WARNING -    Validez restricciones - Vecino: False, Actual: False
2025-10-23 06:56:48,674 - WARNING - ================================================================================
2025-10-23 06:56:48,674 - WARNING - ⚠️  SALTO ANORMAL DETECTADO en iteración 117697
2025-10-23 06:56:48,674 - WARNING -    Fitness: 125.8 → 103.7 (Δ=-22.1)
2025-10-23 06:56:48,675 - WARNING -    Ver detalles en archivo de log
2025-10-23 06:56:48,860 - WARNING - ================================================================================
2025-10-23 06:56:48,860 - WARNING - ⚠️  SALTO ANORMAL DETECTADO en iteración 117698
2025-10-23 06:56:48,860 - WARNING -    Fitness actual: 125.8
2025-10-23 06:56:48,860 - WARNING -    Fitness vecino: 104.2
2025-10-23 06:56:48,861 - WARNING -    Delta: -21.6
2025-10-23 06:56:48,861 - WARNING -    Temperatura: 0.16
2025-10-23 06:56:48,861 - WARNING -    Tipo perturbación aplicada: (ver generar_vecino)
2025-10-23 06:56:48,861 - WARNING -    Vecino - Puntos: 14031, Tiempo: 13915.4min, Distancia: 206.5km
2025-10-23 06:56:48,861 - WARNING -    Actual - Puntos: 14154, Tiempo: 13271.9min, Distancia: 146.6km
2025-10-23 06:56:48,862 - WARNING -    Validez restricciones - Vecino: False, Actual: False
2025-10-23 06:56:48,862 - WARNING - ================================================================================
2025-10-23 06:56:48,862 - WARNING - ⚠️  SALTO ANORMAL DETECTADO en iteración 117698
2025-10-23 06:56:48,862 - WARNING -    Fitness: 125.8 → 104.2 (Δ=-21.6)
2025-10-23 06:56:48,862 - WARNING -    Ver detalles en archivo de log
2025-10-23 06:56:49,225 - DEBUG - Iter 117700: T=0.16, Fitness_actual=125.8, Mejor=127.9
2025-10-23 06:56:50,871 - WARNING - ================================================================================
2025-10-23 06:56:50,871 - WARNING - ⚠️  SALTO ANORMAL DETECTADO en iteración 117709
2025-10-23 06:56:50,872 - WARNING -    Fitness actual: 125.8
2025-10-23 06:56:50,872 - WARNING -    Fitness vecino: 99.5
2025-10-23 06:56:50,872 - WARNING -    Delta: -26.3
2025-10-23 06:56:50,872 - WARNING -    Temperatura: 0.16
2025-10-23 06:56:50,872 - WARNING -    Tipo perturbación aplicada: (ver generar_vecino)
2025-10-23 06:56:50,872 - WARNING -    Vecino - Puntos: 13918, Tiempo: 13967.7min, Distancia: 213.3km
2025-10-23 06:56:50,873 - WARNING -    Actual - Puntos: 14154, Tiempo: 13251.0min, Distancia: 144.8km
2025-10-23 06:56:50,873 - WARNING -    Validez restricciones - Vecino: False, Actual: False
2025-10-23 06:56:50,873 - WARNING - ================================================================================
2025-10-23 06:56:50,873 - WARNING - ⚠️  SALTO ANORMAL DETECTADO en iteración 117709
2025-10-23 06:56:50,874 - WARNING -    Fitness: 125.8 → 99.5 (Δ=-26.3)
2025-10-23 06:56:50,874 - WARNING -    Ver detalles en archivo de log
2025-10-23 06:56:53,255 - WARNING - ================================================================================
2025-10-23 06:56:53,255 - WARNING - ⚠️  SALTO ANORMAL DETECTADO en iteración 117722
2025-10-23 06:56:53,255 - WARNING -    Fitness actual: 125.9
2025-10-23 06:56:53,255 - WARNING -    Fitness vecino: 104.9
2025-10-23 06:56:53,255 - WARNING -    Delta: -21.0
2025-10-23 06:56:53,256 - WARNING -    Temperatura: 0.16
2025-10-23 06:56:53,256 - WARNING -    Tipo perturbación aplicada: (ver generar_vecino)
2025-10-23 06:56:53,256 - WARNING -    Vecino - Puntos: 14101, Tiempo: 13980.6min, Distancia: 206.9km
2025-10-23 06:56:53,256 - WARNING -    Actual - Puntos: 14164, Tiempo: 13249.8min, Distancia: 141.0km
2025-10-23 06:56:53,256 - WARNING -    Validez restricciones - Vecino: False, Actual: False
2025-10-23 06:56:53,256 - WARNING - ================================================================================
2025-10-23 06:56:53,257 - WARNING - ⚠️  SALTO ANORMAL DETECTADO en iteración 117722
2025-10-23 06:56:53,257 - WARNING -    Fitness: 125.9 → 104.9 (Δ=-21.0)
2025-10-23 06:56:53,257 - WARNING -    Ver detalles en archivo de log
2025-10-23 06:56:53,626 - WARNING - ================================================================================
2025-10-23 06:56:53,627 - WARNING - ⚠️  SALTO ANORMAL DETECTADO en iteración 117724
2025-10-23 06:56:53,627 - WARNING -    Fitness actual: 126.2
2025-10-23 06:56:53,627 - WARNING -    Fitness vecino: 102.3
2025-10-23 06:56:53,627 - WARNING -    Delta: -23.9
2025-10-23 06:56:53,628 - WARNING -    Temperatura: 0.16
2025-10-23 06:56:53,628 - WARNING -    Tipo perturbación aplicada: (ver generar_vecino)
2025-10-23 06:56:53,628 - WARNING -    Vecino - Puntos: 13991, Tiempo: 13996.0min, Distancia: 210.7km
2025-10-23 06:56:53,628 - WARNING -    Actual - Puntos: 14164, Tiempo: 13277.4min, Distancia: 143.3km
2025-10-23 06:56:53,628 - WARNING -    Validez restricciones - Vecino: False, Actual: False
2025-10-23 06:56:53,628 - WARNING - ================================================================================
2025-10-23 06:56:53,628 - WARNING - ⚠️  SALTO ANORMAL DETECTADO en iteración 117724
2025-10-23 06:56:53,628 - WARNING -    Fitness: 126.2 → 102.3 (Δ=-23.9)
2025-10-23 06:56:53,629 - WARNING -    Ver detalles en archivo de log
2025-10-23 06:57:07,524 - DEBUG - Iter 117800: T=0.16, Fitness_actual=126.1, Mejor=127.9
2025-10-23 06:57:25,836 - DEBUG - Iter 117900: T=0.16, Fitness_actual=126.1, Mejor=127.9
2025-10-23 06:57:44,128 - INFO -   Iter 118000 | Tiempo:  213.0min (88.7%) | T =     0.16 | Fitness =    126.2 | Mejor =    127.9 | Aceptación =  62.8%
2025-10-23 06:57:44,128 - INFO - Progreso iter 118000: T=0.16, Fitness=126.2, Mejor=127.9, Tasa_acept=62.8%
2025-10-23 06:57:44,129 - DEBUG - Iter 118000: T=0.16, Fitness_actual=126.2, Mejor=127.9
2025-10-23 06:58:02,438 - DEBUG - Iter 118100: T=0.16, Fitness_actual=126.4, Mejor=127.9
2025-10-23 06:58:20,788 - DEBUG - Iter 118200: T=0.16, Fitness_actual=126.2, Mejor=127.9
2025-10-23 06:58:39,134 - DEBUG - Iter 118300: T=0.16, Fitness_actual=126.3, Mejor=127.9
2025-10-23 06:58:57,492 - DEBUG - Iter 118400: T=0.16, Fitness_actual=126.3, Mejor=127.9
2025-10-23 06:59:15,860 - INFO -   Iter 118500 | Tiempo:  214.5min (89.4%) | T =     0.16 | Fitness =    126.1 | Mejor =    127.9 | Aceptación =  62.8%
2025-10-23 06:59:15,860 - INFO - Progreso iter 118500: T=0.16, Fitness=126.1, Mejor=127.9, Tasa_acept=62.8%
2025-10-23 06:59:15,861 - DEBUG - Iter 118500: T=0.16, Fitness_actual=126.1, Mejor=127.9
2025-10-23 06:59:34,218 - DEBUG - Iter 118600: T=0.16, Fitness_actual=125.9, Mejor=127.9
2025-10-23 06:59:52,589 - DEBUG - Iter 118700: T=0.16, Fitness_actual=125.8, Mejor=127.9
2025-10-23 07:00:10,962 - DEBUG - Iter 118800: T=0.16, Fitness_actual=125.8, Mejor=127.9
2025-10-23 07:00:29,366 - DEBUG - Iter 118900: T=0.16, Fitness_actual=125.8, Mejor=127.9
2025-10-23 07:00:47,764 - INFO -   Iter 119000 | Tiempo:  216.0min (90.0%) | T =     0.16 | Fitness =    125.6 | Mejor =    127.9 | Aceptación =  62.8%
2025-10-23 07:00:47,765 - INFO - Progreso iter 119000: T=0.16, Fitness=125.6, Mejor=127.9, Tasa_acept=62.8%
2025-10-23 07:00:47,766 - DEBUG - Iter 119000: T=0.16, Fitness_actual=125.6, Mejor=127.9
2025-10-23 07:01:06,278 - DEBUG - Iter 119100: T=0.16, Fitness_actual=125.8, Mejor=127.9
2025-10-23 07:01:24,769 - DEBUG - Iter 119200: T=0.16, Fitness_actual=126.0, Mejor=127.9
2025-10-23 07:01:43,252 - DEBUG - Iter 119300: T=0.16, Fitness_actual=126.0, Mejor=127.9
2025-10-23 07:02:01,791 - DEBUG - Iter 119400: T=0.16, Fitness_actual=125.3, Mejor=127.9
2025-10-23 07:02:20,289 - INFO -   Iter 119500 | Tiempo:  217.6min (90.7%) | T =     0.16 | Fitness =    125.2 | Mejor =    127.9 | Aceptación =  62.8%
2025-10-23 07:02:20,289 - INFO - Progreso iter 119500: T=0.16, Fitness=125.2, Mejor=127.9, Tasa_acept=62.8%
2025-10-23 07:02:20,290 - DEBUG - Iter 119500: T=0.16, Fitness_actual=125.2, Mejor=127.9
2025-10-23 07:02:38,819 - DEBUG - Iter 119600: T=0.16, Fitness_actual=125.2, Mejor=127.9
2025-10-23 07:02:57,336 - DEBUG - Iter 119700: T=0.16, Fitness_actual=125.1, Mejor=127.9
2025-10-23 07:03:15,864 - DEBUG - Iter 119800: T=0.16, Fitness_actual=125.2, Mejor=127.9
2025-10-23 07:03:34,388 - DEBUG - Iter 119900: T=0.16, Fitness_actual=125.3, Mejor=127.9
2025-10-23 07:03:52,878 - INFO -   Iter 120000 | Tiempo:  219.1min (91.3%) | T =     0.16 | Fitness =    126.2 | Mejor =    127.9 | Aceptación =  62.8%
2025-10-23 07:03:52,878 - INFO - Progreso iter 120000: T=0.16, Fitness=126.2, Mejor=127.9, Tasa_acept=62.8%
2025-10-23 07:03:52,879 - DEBUG - Iter 120000: T=0.16, Fitness_actual=126.2, Mejor=127.9
2025-10-23 07:04:11,439 - DEBUG - Iter 120100: T=0.16, Fitness_actual=126.3, Mejor=127.9
2025-10-23 07:04:29,995 - DEBUG - Iter 120200: T=0.16, Fitness_actual=126.4, Mejor=127.9
2025-10-23 07:04:48,578 - DEBUG - Iter 120300: T=0.16, Fitness_actual=125.4, Mejor=127.9
2025-10-23 07:05:07,217 - DEBUG - Iter 120400: T=0.16, Fitness_actual=125.2, Mejor=127.9
2025-10-23 07:05:25,797 - INFO -   Iter 120500 | Tiempo:  220.7min (91.9%) | T =     0.16 | Fitness =    125.2 | Mejor =    127.9 | Aceptación =  62.8%
2025-10-23 07:05:25,797 - INFO - Progreso iter 120500: T=0.16, Fitness=125.2, Mejor=127.9, Tasa_acept=62.8%
2025-10-23 07:05:25,800 - DEBUG - Iter 120500: T=0.16, Fitness_actual=125.2, Mejor=127.9
2025-10-23 07:05:44,427 - DEBUG - Iter 120600: T=0.16, Fitness_actual=126.2, Mejor=127.9
2025-10-23 07:06:03,052 - DEBUG - Iter 120700: T=0.16, Fitness_actual=126.2, Mejor=127.9
2025-10-23 07:06:21,759 - DEBUG - Iter 120800: T=0.16, Fitness_actual=126.4, Mejor=127.9
2025-10-23 07:06:40,377 - DEBUG - Iter 120900: T=0.16, Fitness_actual=126.7, Mejor=127.9
2025-10-23 07:06:59,058 - INFO -   Iter 121000 | Tiempo:  222.2min (92.6%) | T =     0.16 | Fitness =    126.9 | Mejor =    127.9 | Aceptación =  62.8%
2025-10-23 07:06:59,059 - INFO - Progreso iter 121000: T=0.16, Fitness=126.9, Mejor=127.9, Tasa_acept=62.8%
2025-10-23 07:06:59,060 - DEBUG - Iter 121000: T=0.16, Fitness_actual=126.9, Mejor=127.9
2025-10-23 07:07:17,785 - DEBUG - Iter 121100: T=0.16, Fitness_actual=126.9, Mejor=127.9
2025-10-23 07:07:36,479 - DEBUG - Iter 121200: T=0.16, Fitness_actual=125.9, Mejor=127.9
2025-10-23 07:07:55,173 - DEBUG - Iter 121300: T=0.16, Fitness_actual=126.8, Mejor=127.9
2025-10-23 07:08:13,870 - DEBUG - Iter 121400: T=0.16, Fitness_actual=126.6, Mejor=127.9
2025-10-23 07:08:32,652 - INFO -   Iter 121500 | Tiempo:  223.8min (93.2%) | T =     0.15 | Fitness =    126.8 | Mejor =    127.9 | Aceptación =  62.8%
2025-10-23 07:08:32,652 - INFO - Progreso iter 121500: T=0.15, Fitness=126.8, Mejor=127.9, Tasa_acept=62.8%
2025-10-23 07:08:32,653 - DEBUG - Iter 121500: T=0.15, Fitness_actual=126.8, Mejor=127.9
2025-10-23 07:08:51,380 - DEBUG - Iter 121600: T=0.15, Fitness_actual=126.7, Mejor=127.9
2025-10-23 07:09:10,104 - DEBUG - Iter 121700: T=0.15, Fitness_actual=127.3, Mejor=127.9
2025-10-23 07:09:28,840 - DEBUG - Iter 121800: T=0.15, Fitness_actual=127.2, Mejor=127.9
2025-10-23 07:09:47,580 - DEBUG - Iter 121900: T=0.15, Fitness_actual=127.3, Mejor=127.9
2025-10-23 07:10:06,345 - INFO -   Iter 122000 | Tiempo:  225.3min (93.9%) | T =     0.15 | Fitness =    127.2 | Mejor =    127.9 | Aceptación =  62.8%
2025-10-23 07:10:06,345 - INFO - Progreso iter 122000: T=0.15, Fitness=127.2, Mejor=127.9, Tasa_acept=62.8%
2025-10-23 07:10:06,346 - DEBUG - Iter 122000: T=0.15, Fitness_actual=127.2, Mejor=127.9
2025-10-23 07:10:25,109 - DEBUG - Iter 122100: T=0.15, Fitness_actual=127.1, Mejor=127.9
2025-10-23 07:10:43,903 - DEBUG - Iter 122200: T=0.15, Fitness_actual=127.0, Mejor=127.9
2025-10-23 07:11:02,715 - DEBUG - Iter 122300: T=0.15, Fitness_actual=127.0, Mejor=127.9
2025-10-23 07:11:21,645 - DEBUG - Iter 122400: T=0.15, Fitness_actual=126.7, Mejor=127.9
2025-10-23 07:11:40,492 - INFO -   Iter 122500 | Tiempo:  226.9min (94.5%) | T =     0.15 | Fitness =    126.6 | Mejor =    127.9 | Aceptación =  62.8%
2025-10-23 07:11:40,492 - INFO - Progreso iter 122500: T=0.15, Fitness=126.6, Mejor=127.9, Tasa_acept=62.8%
2025-10-23 07:11:40,493 - DEBUG - Iter 122500: T=0.15, Fitness_actual=126.6, Mejor=127.9
2025-10-23 07:11:59,342 - DEBUG - Iter 122600: T=0.15, Fitness_actual=126.5, Mejor=127.9
2025-10-23 07:12:18,302 - DEBUG - Iter 122700: T=0.15, Fitness_actual=126.5, Mejor=127.9
2025-10-23 07:12:37,257 - DEBUG - Iter 122800: T=0.15, Fitness_actual=126.5, Mejor=127.9
2025-10-23 07:12:56,192 - DEBUG - Iter 122900: T=0.15, Fitness_actual=126.4, Mejor=127.9
2025-10-23 07:13:15,181 - INFO -   Iter 123000 | Tiempo:  228.5min (95.2%) | T =     0.15 | Fitness =    126.5 | Mejor =    127.9 | Aceptación =  62.8%
2025-10-23 07:13:15,181 - INFO - Progreso iter 123000: T=0.15, Fitness=126.5, Mejor=127.9, Tasa_acept=62.8%
2025-10-23 07:13:15,182 - DEBUG - Iter 123000: T=0.15, Fitness_actual=126.5, Mejor=127.9
2025-10-23 07:13:34,168 - DEBUG - Iter 123100: T=0.15, Fitness_actual=126.8, Mejor=127.9
2025-10-23 07:13:53,180 - DEBUG - Iter 123200: T=0.15, Fitness_actual=127.0, Mejor=127.9
2025-10-23 07:14:12,230 - DEBUG - Iter 123300: T=0.15, Fitness_actual=127.2, Mejor=127.9
2025-10-23 07:14:31,219 - DEBUG - Iter 123400: T=0.15, Fitness_actual=126.2, Mejor=127.9
2025-10-23 07:14:50,221 - INFO -   Iter 123500 | Tiempo:  230.1min (95.9%) | T =     0.15 | Fitness =    125.9 | Mejor =    127.9 | Aceptación =  62.8%
2025-10-23 07:14:50,221 - INFO - Progreso iter 123500: T=0.15, Fitness=125.9, Mejor=127.9, Tasa_acept=62.8%
2025-10-23 07:14:50,222 - DEBUG - Iter 123500: T=0.15, Fitness_actual=125.9, Mejor=127.9
2025-10-23 07:15:09,250 - DEBUG - Iter 123600: T=0.15, Fitness_actual=125.9, Mejor=127.9
2025-10-23 07:15:28,271 - DEBUG - Iter 123700: T=0.15, Fitness_actual=126.0, Mejor=127.9
2025-10-23 07:15:47,348 - DEBUG - Iter 123800: T=0.15, Fitness_actual=126.0, Mejor=127.9
2025-10-23 07:16:06,464 - DEBUG - Iter 123900: T=0.15, Fitness_actual=125.9, Mejor=127.9
2025-10-23 07:16:25,637 - INFO -   Iter 124000 | Tiempo:  231.7min (96.5%) | T =     0.15 | Fitness =    127.0 | Mejor =    127.9 | Aceptación =  62.8%
2025-10-23 07:16:25,637 - INFO - Progreso iter 124000: T=0.15, Fitness=127.0, Mejor=127.9, Tasa_acept=62.8%
2025-10-23 07:16:25,640 - DEBUG - Iter 124000: T=0.15, Fitness_actual=127.0, Mejor=127.9
2025-10-23 07:16:44,736 - DEBUG - Iter 124100: T=0.15, Fitness_actual=126.6, Mejor=127.9
2025-10-23 07:17:03,875 - DEBUG - Iter 124200: T=0.15, Fitness_actual=126.6, Mejor=127.9
2025-10-23 07:17:23,020 - DEBUG - Iter 124300: T=0.15, Fitness_actual=126.8, Mejor=127.9
2025-10-23 07:17:42,137 - DEBUG - Iter 124400: T=0.15, Fitness_actual=126.9, Mejor=127.9
2025-10-23 07:18:01,256 - INFO -   Iter 124500 | Tiempo:  233.2min (97.2%) | T =     0.15 | Fitness =    127.0 | Mejor =    127.9 | Aceptación =  62.8%
2025-10-23 07:18:01,256 - INFO - Progreso iter 124500: T=0.15, Fitness=127.0, Mejor=127.9, Tasa_acept=62.8%
2025-10-23 07:18:01,257 - DEBUG - Iter 124500: T=0.15, Fitness_actual=127.0, Mejor=127.9
2025-10-23 07:18:20,366 - DEBUG - Iter 124600: T=0.15, Fitness_actual=127.0, Mejor=127.9
2025-10-23 07:18:39,452 - DEBUG - Iter 124700: T=0.15, Fitness_actual=127.0, Mejor=127.9
2025-10-23 07:18:58,601 - DEBUG - Iter 124800: T=0.15, Fitness_actual=126.8, Mejor=127.9
2025-10-23 07:19:17,721 - DEBUG - Iter 124900: T=0.15, Fitness_actual=126.7, Mejor=127.9
2025-10-23 07:19:36,883 - INFO -   Iter 125000 | Tiempo:  234.8min (97.8%) | T =     0.15 | Fitness =    126.7 | Mejor =    127.9 | Aceptación =  62.8%
2025-10-23 07:19:36,883 - INFO - Progreso iter 125000: T=0.15, Fitness=126.7, Mejor=127.9, Tasa_acept=62.8%
2025-10-23 07:19:36,884 - DEBUG - Iter 125000: T=0.15, Fitness_actual=126.7, Mejor=127.9
2025-10-23 07:19:56,052 - DEBUG - Iter 125100: T=0.15, Fitness_actual=126.8, Mejor=127.9
2025-10-23 07:20:15,220 - DEBUG - Iter 125200: T=0.15, Fitness_actual=126.8, Mejor=127.9
2025-10-23 07:20:34,419 - DEBUG - Iter 125300: T=0.15, Fitness_actual=126.7, Mejor=127.9
2025-10-23 07:20:53,650 - DEBUG - Iter 125400: T=0.15, Fitness_actual=126.6, Mejor=127.9
2025-10-23 07:21:12,982 - INFO -   Iter 125500 | Tiempo:  236.4min (98.5%) | T =     0.15 | Fitness =    126.6 | Mejor =    127.9 | Aceptación =  62.8%
2025-10-23 07:21:12,982 - INFO - Progreso iter 125500: T=0.15, Fitness=126.6, Mejor=127.9, Tasa_acept=62.8%
2025-10-23 07:21:12,987 - DEBUG - Iter 125500: T=0.15, Fitness_actual=126.6, Mejor=127.9
2025-10-23 07:21:32,235 - DEBUG - Iter 125600: T=0.15, Fitness_actual=126.6, Mejor=127.9
2025-10-23 07:21:51,455 - DEBUG - Iter 125700: T=0.15, Fitness_actual=126.5, Mejor=127.9
2025-10-23 07:22:10,781 - DEBUG - Iter 125800: T=0.15, Fitness_actual=126.3, Mejor=127.9
2025-10-23 07:22:30,081 - DEBUG - Iter 125900: T=0.15, Fitness_actual=126.2, Mejor=127.9
2025-10-23 07:22:49,315 - INFO -   Iter 126000 | Tiempo:  238.0min (99.2%) | T =     0.15 | Fitness =    126.1 | Mejor =    127.9 | Aceptación =  62.8%
2025-10-23 07:22:49,315 - INFO - Progreso iter 126000: T=0.15, Fitness=126.1, Mejor=127.9, Tasa_acept=62.8%
2025-10-23 07:22:49,316 - DEBUG - Iter 126000: T=0.15, Fitness_actual=126.1, Mejor=127.9
2025-10-23 07:23:08,608 - DEBUG - Iter 126100: T=0.15, Fitness_actual=127.6, Mejor=127.9
2025-10-23 07:23:27,877 - DEBUG - Iter 126200: T=0.15, Fitness_actual=127.7, Mejor=127.9
2025-10-23 07:23:47,170 - DEBUG - Iter 126300: T=0.15, Fitness_actual=127.6, Mejor=127.9
2025-10-23 07:24:06,426 - DEBUG - Iter 126400: T=0.15, Fitness_actual=127.5, Mejor=127.9
2025-10-23 07:24:25,762 - INFO -   Iter 126500 | Tiempo:  239.7min (99.9%) | T =     0.15 | Fitness =    127.6 | Mejor =    127.9 | Aceptación =  62.8%
2025-10-23 07:24:25,762 - INFO - Progreso iter 126500: T=0.15, Fitness=127.6, Mejor=127.9, Tasa_acept=62.8%
2025-10-23 07:24:25,763 - DEBUG - Iter 126500: T=0.15, Fitness_actual=127.6, Mejor=127.9
2025-10-23 07:24:45,084 - DEBUG - Iter 126600: T=0.14, Fitness_actual=127.7, Mejor=127.9
2025-10-23 07:24:46,825 - INFO - ⏰ Tiempo máximo alcanzado: 240.0 minutos
2025-10-23 07:24:47,276 - INFO - 💾 Gráfica guardada: graficas\evolucion_fitness_sa_23_07_24.png
2025-10-23 07:24:47,276 - INFO - ================================================================================
2025-10-23 07:24:47,277 - INFO - ✅ ENFRIAMIENTO SIMULADO COMPLETADO
2025-10-23 07:24:47,277 - INFO - ================================================================================
2025-10-23 07:24:47,277 - INFO - Iteraciones: 126,610
2025-10-23 07:24:47,277 - INFO - Tiempo ejecución: 240.00 minutos
2025-10-23 07:24:47,277 - INFO - Fitness inicial: 99.8
2025-10-23 07:24:47,277 - INFO - Fitness final: 127.9
2025-10-23 07:24:47,277 - INFO - Mejora: +28.0 (+28.08%)
2025-10-23 07:24:47,277 - INFO - Mejoras encontradas: 133
2025-10-23 07:24:47,278 - INFO - Tasa aceptación: 62.78%
2025-10-23 07:24:47,278 - INFO - ================================================================================
2025-10-23 07:24:47,278 - INFO - ================================================================================
2025-10-23 07:24:47,278 - INFO - ✅ ENFRIAMIENTO SIMULADO COMPLETADO
2025-10-23 07:24:47,278 - INFO - ================================================================================
2025-10-23 07:24:47,278 - INFO - 
2025-10-23 07:24:47,278 - INFO - 📈 Estadísticas:
2025-10-23 07:24:47,278 - INFO -   • Iteraciones realizadas: 126,610
2025-10-23 07:24:47,278 - INFO -   • Tiempo de ejecución: 240.00 minutos (4.00 horas)
2025-10-23 07:24:47,279 - INFO -   • Temperatura final: 0.1448
2025-10-23 07:24:47,279 - INFO -   • Total aceptaciones: 79,480 (62.8%)
2025-10-23 07:24:47,279 - INFO -   • Total rechazos: 47,129
2025-10-23 07:24:47,279 - INFO -   • Mejoras encontradas: 133
2025-10-23 07:24:47,279 - INFO - 
2025-10-23 07:24:47,279 - INFO - 🏆 Resultados:
2025-10-23 07:24:47,279 - INFO -   • Fitness inicial: 99.8
2025-10-23 07:24:47,279 - INFO -   • Fitness final: 127.9
2025-10-23 07:24:47,279 - INFO -   • Mejora absoluta: +28.0
2025-10-23 07:24:47,280 - INFO -   • Mejora porcentual: +28.08%
2025-10-23 07:24:47,280 - INFO -   • Puntos totales: 14978
2025-10-23 07:24:47,280 - INFO -   • Tiempo total: 233.0h
2025-10-23 07:24:47,280 - INFO -   • Distancia total: 141.2km
2025-10-23 07:24:47,280 - INFO - ================================================================================
2025-10-23 07:24:47,280 - INFO - ================================================================================
2025-10-23 07:24:47,280 - INFO - 📋 ANÁLISIS DE LA SOLUCIÓN FINAL
2025-10-23 07:24:47,280 - INFO - ================================================================================
2025-10-23 07:24:47,843 - INFO - 💾 Resultados exportados a: resultados_sa_standalone_20251023_072447.json
2025-10-23 07:24:47,844 - INFO - 
2025-10-23 07:24:47,844 - INFO - ✅ Resultados guardados exitosamente:
2025-10-23 07:24:47,845 - INFO -    • JSON: resultados_sa_standalone_20251023_072447.json
2025-10-23 07:24:47,845 - INFO -    • Log: logs\23_03_24_sa.log
2025-10-23 07:24:47,845 - INFO -    • Gráfica: graficas/evolucion_fitness_sa_*.png
2025-10-23 07:24:47,846 - INFO - ✅ Ejecución completada exitosamente!
